iteration,option,n_opt,n_exp,selected,full_qehvi,full_entropy,point_idx,source,x_0,x_1,x_2,x_3,x_4,x_5,x_6
1,1,5,0,False,1.73601257102326,0.67097722909174,0,qEHVI,0.0,0.5,0.2,0.0,0.0,0.2,0.1
1,1,5,0,False,1.73601257102326,0.67097722909174,1,qEHVI,0.0,0.30000000000000004,0.7000000000000001,0.0,0.0,0.0,0.0
1,1,5,0,False,1.73601257102326,0.67097722909174,2,qEHVI,0.25,0.0,0.2,0.1,0.0,0.45,0.0
1,1,5,0,False,1.73601257102326,0.67097722909174,3,qEHVI,0.0,0.0,0.5,0.05,0.0,0.45,0.0
1,1,5,0,False,1.73601257102326,0.67097722909174,4,qEHVI,0.0,0.0,0.7000000000000001,0.1,0.1,0.0,0.1
1,2,4,1,False,1.7294126908101275,0.834677630813621,0,qEHVI,0.0,0.5,0.2,0.0,0.0,0.2,0.1
1,2,4,1,False,1.7294126908101275,0.834677630813621,1,qEHVI,0.0,0.30000000000000004,0.7000000000000001,0.0,0.0,0.0,0.0
1,2,4,1,False,1.7294126908101275,0.834677630813621,2,qEHVI,0.25,0.0,0.2,0.1,0.0,0.45,0.0
1,2,4,1,False,1.7294126908101275,0.834677630813621,3,qEHVI,0.0,0.0,0.5,0.05,0.0,0.45,0.0
1,2,4,1,False,1.7294126908101275,0.834677630813621,4,qUCB,0.0,0.0,0.7000000000000001,0.1,0.1,0.0,0.1
1,3,3,2,False,1.7034035828445797,0.792772612599137,0,qEHVI,0.0,0.5,0.2,0.0,0.0,0.2,0.1
1,3,3,2,False,1.7034035828445797,0.792772612599137,1,qEHVI,0.0,0.30000000000000004,0.7000000000000001,0.0,0.0,0.0,0.0
1,3,3,2,False,1.7034035828445797,0.792772612599137,2,qEHVI,0.25,0.0,0.2,0.1,0.0,0.45,0.0
1,3,3,2,False,1.7034035828445797,0.792772612599137,3,qUCB,0.0,0.0,0.7000000000000001,0.1,0.1,0.0,0.1
1,3,3,2,False,1.7034035828445797,0.792772612599137,4,qUCB,0.35000000000000003,0.35000000000000003,0.2,0.0,0.1,0.0,0.0
1,4,2,3,False,1.6409961302476115,0.7649543018818354,0,qEHVI,0.0,0.5,0.2,0.0,0.0,0.2,0.1
1,4,2,3,False,1.6409961302476115,0.7649543018818354,1,qEHVI,0.0,0.30000000000000004,0.7000000000000001,0.0,0.0,0.0,0.0
1,4,2,3,False,1.6409961302476115,0.7649543018818354,2,qUCB,0.25,0.0,0.2,0.1,0.1,0.35000000000000003,0.0
1,4,2,3,False,1.6409961302476115,0.7649543018818354,3,qUCB,0.0,0.0,0.7000000000000001,0.1,0.1,0.0,0.1
1,4,2,3,False,1.6409961302476115,0.7649543018818354,4,qUCB,0.35000000000000003,0.0,0.2,0.1,0.0,0.35000000000000003,0.0
1,5,1,4,False,1.5719137977270643,0.6478202799929331,0,qEHVI,0.0,0.5,0.2,0.0,0.0,0.2,0.1
1,5,1,4,False,1.5719137977270643,0.6478202799929331,1,qUCB,0.0,0.0,0.7000000000000001,0.1,0.1,0.1,0.0
1,5,1,4,False,1.5719137977270643,0.6478202799929331,2,qUCB,0.25,0.0,0.7000000000000001,0.05,0.0,0.0,0.0
1,5,1,4,False,1.5719137977270643,0.6478202799929331,3,qUCB,0.25,0.0,0.2,0.1,0.1,0.35000000000000003,0.0
1,5,1,4,False,1.5719137977270643,0.6478202799929331,4,qUCB,0.30000000000000004,0.0,0.6000000000000001,0.0,0.1,0.0,0.0
1,6,0,5,True,1.637852013497216,1.0009919886647225,0,qUCB,0.0,0.30000000000000004,0.7000000000000001,0.0,0.0,0.0,0.0
1,6,0,5,True,1.637852013497216,1.0009919886647225,1,qUCB,0.0,0.0,0.7000000000000001,0.1,0.1,0.0,0.1
1,6,0,5,True,1.637852013497216,1.0009919886647225,2,qUCB,0.05,0.0,0.2,0.1,0.1,0.45,0.1
1,6,0,5,True,1.637852013497216,1.0009919886647225,3,qUCB,0.05,0.5,0.2,0.05,0.1,0.0,0.1
1,6,0,5,True,1.637852013497216,1.0009919886647225,4,qUCB,0.0,0.0,0.7000000000000001,0.0,0.05,0.25,0.0
2,1,5,0,False,1.2677660842252425,0.6162970796192422,0,qEHVI,0.15000000000000002,0.0,0.7000000000000001,0.1,0.0,0.0,0.05
2,1,5,0,False,1.2677660842252425,0.6162970796192422,1,qEHVI,0.35000000000000003,0.0,0.2,0.05,0.0,0.4,0.0
2,1,5,0,False,1.2677660842252425,0.6162970796192422,2,qEHVI,0.1,0.0,0.30000000000000004,0.1,0.0,0.45,0.05
2,1,5,0,False,1.2677660842252425,0.6162970796192422,3,qEHVI,0.0,0.35000000000000003,0.2,0.0,0.0,0.45,0.0
2,1,5,0,False,1.2677660842252425,0.6162970796192422,4,qEHVI,0.35000000000000003,0.0,0.5,0.1,0.0,0.0,0.05
2,2,4,1,False,1.2406669175415934,0.7755594178980836,0,qEHVI,0.15000000000000002,0.0,0.7000000000000001,0.1,0.0,0.0,0.05
2,2,4,1,False,1.2406669175415934,0.7755594178980836,1,qEHVI,0.35000000000000003,0.0,0.2,0.05,0.0,0.4,0.0
2,2,4,1,False,1.2406669175415934,0.7755594178980836,2,qEHVI,0.1,0.0,0.30000000000000004,0.1,0.0,0.45,0.05
2,2,4,1,False,1.2406669175415934,0.7755594178980836,3,qEHVI,0.0,0.35000000000000003,0.2,0.0,0.0,0.45,0.0
2,2,4,1,False,1.2406669175415934,0.7755594178980836,4,qUCB,0.35000000000000003,0.0,0.55,0.0,0.1,0.0,0.0
2,3,3,2,False,1.1850836247497303,0.9678930428577663,0,qEHVI,0.15000000000000002,0.0,0.7000000000000001,0.1,0.0,0.0,0.05
2,3,3,2,False,1.1850836247497303,0.9678930428577663,1,qEHVI,0.35000000000000003,0.0,0.2,0.05,0.0,0.4,0.0
2,3,3,2,False,1.1850836247497303,0.9678930428577663,2,qEHVI,0.0,0.35000000000000003,0.2,0.0,0.0,0.45,0.0
2,3,3,2,False,1.1850836247497303,0.9678930428577663,3,qUCB,0.35000000000000003,0.0,0.55,0.0,0.1,0.0,0.0
2,3,3,2,False,1.1850836247497303,0.9678930428577663,4,qUCB,0.0,0.05,0.30000000000000004,0.1,0.0,0.45,0.1
2,4,2,3,False,1.0026087144554436,1.2364498688148142,0,qEHVI,0.15000000000000002,0.0,0.7000000000000001,0.1,0.0,0.0,0.05
2,4,2,3,False,1.0026087144554436,1.2364498688148142,1,qEHVI,0.35000000000000003,0.0,0.2,0.05,0.0,0.4,0.0
2,4,2,3,False,1.0026087144554436,1.2364498688148142,2,qUCB,0.0,0.25,0.2,0.0,0.1,0.35000000000000003,0.1
2,4,2,3,False,1.0026087144554436,1.2364498688148142,3,qUCB,0.35000000000000003,0.0,0.55,0.0,0.1,0.0,0.0
2,4,2,3,False,1.0026087144554436,1.2364498688148142,4,qUCB,0.35000000000000003,0.0,0.2,0.0,0.1,0.25,0.1
2,5,1,4,False,1.126360771270825,0.41570764435204044,0,qEHVI,0.15000000000000002,0.0,0.7000000000000001,0.1,0.0,0.0,0.05
2,5,1,4,False,1.126360771270825,0.41570764435204044,1,qUCB,0.30000000000000004,0.0,0.2,0.0,0.05,0.45,0.0
2,5,1,4,False,1.126360771270825,0.41570764435204044,2,qUCB,0.0,0.35000000000000003,0.2,0.0,0.0,0.45,0.0
2,5,1,4,False,1.126360771270825,0.41570764435204044,3,qUCB,0.35000000000000003,0.0,0.2,0.0,0.1,0.25,0.1
2,5,1,4,False,1.126360771270825,0.41570764435204044,4,qUCB,0.25,0.0,0.2,0.0,0.0,0.45,0.1
2,6,0,5,True,1.1673308233349042,0.6703870237890408,0,qUCB,0.30000000000000004,0.0,0.2,0.0,0.0,0.45,0.05
2,6,0,5,True,1.1673308233349042,0.6703870237890408,1,qUCB,0.0,0.25,0.2,0.1,0.0,0.45,0.0
2,6,0,5,True,1.1673308233349042,0.6703870237890408,2,qUCB,0.35000000000000003,0.0,0.5,0.1,0.0,0.0,0.05
2,6,0,5,True,1.1673308233349042,0.6703870237890408,3,qUCB,0.0,0.35000000000000003,0.2,0.0,0.0,0.45,0.0
2,6,0,5,True,1.1673308233349042,0.6703870237890408,4,qUCB,0.35000000000000003,0.0,0.2,0.1,0.0,0.35000000000000003,0.0
3,1,5,0,False,1.4766393760573764,0.6213783312710977,0,qEHVI,0.15000000000000002,0.0,0.65,0.1,0.0,0.05,0.05
3,1,5,0,False,1.4766393760573764,0.6213783312710977,1,qEHVI,0.2,0.0,0.7000000000000001,0.05,0.0,0.0,0.05
3,1,5,0,False,1.4766393760573764,0.6213783312710977,2,qEHVI,0.0,0.0,0.65,0.1,0.0,0.15000000000000002,0.1
3,1,5,0,False,1.4766393760573764,0.6213783312710977,3,qEHVI,0.1,0.0,0.65,0.1,0.0,0.05,0.1
3,1,5,0,False,1.4766393760573764,0.6213783312710977,4,qEHVI,0.25,0.0,0.7000000000000001,0.05,0.0,0.0,0.0
3,2,4,1,False,1.4085477701847877,0.5092353996013144,0,qEHVI,0.15000000000000002,0.0,0.65,0.1,0.0,0.05,0.05
3,2,4,1,False,1.4085477701847877,0.5092353996013144,1,qEHVI,0.2,0.0,0.7000000000000001,0.05,0.0,0.0,0.05
3,2,4,1,False,1.4085477701847877,0.5092353996013144,2,qEHVI,0.0,0.0,0.65,0.1,0.0,0.15000000000000002,0.1
3,2,4,1,False,1.4085477701847877,0.5092353996013144,3,qEHVI,0.1,0.0,0.65,0.1,0.0,0.05,0.1
3,2,4,1,False,1.4085477701847877,0.5092353996013144,4,qUCB,0.25,0.5,0.2,0.0,0.0,0.05,0.0
3,3,3,2,False,1.2551875770930139,0.4574431223474953,0,qEHVI,0.15000000000000002,0.0,0.65,0.1,0.0,0.05,0.05
3,3,3,2,False,1.2551875770930139,0.4574431223474953,1,qEHVI,0.2,0.0,0.7000000000000001,0.05,0.0,0.0,0.05
3,3,3,2,False,1.2551875770930139,0.4574431223474953,2,qEHVI,0.0,0.0,0.65,0.1,0.0,0.15000000000000002,0.1
3,3,3,2,False,1.2551875770930139,0.4574431223474953,3,qUCB,0.25,0.5,0.2,0.0,0.0,0.05,0.0
3,3,3,2,False,1.2551875770930139,0.4574431223474953,4,qUCB,0.35000000000000003,0.4,0.2,0.0,0.05,0.0,0.0
3,4,2,3,False,1.0497769136544572,0.3361303225919299,0,qEHVI,0.15000000000000002,0.0,0.65,0.1,0.0,0.05,0.05
3,4,2,3,False,1.0497769136544572,0.3361303225919299,1,qEHVI,0.2,0.0,0.7000000000000001,0.05,0.0,0.0,0.05
3,4,2,3,False,1.0497769136544572,0.3361303225919299,2,qUCB,0.0,0.0,0.35000000000000003,0.0,0.1,0.45,0.1
3,4,2,3,False,1.0497769136544572,0.3361303225919299,3,qUCB,0.30000000000000004,0.45,0.2,0.0,0.05,0.0,0.0
3,4,2,3,False,1.0497769136544572,0.3361303225919299,4,qUCB,0.35000000000000003,0.35000000000000003,0.2,0.0,0.0,0.0,0.1
3,5,1,4,False,0.8358658047244615,0.13357885458192387,0,qEHVI,0.15000000000000002,0.0,0.65,0.1,0.0,0.05,0.05
3,5,1,4,False,0.8358658047244615,0.13357885458192387,1,qUCB,0.30000000000000004,0.45,0.2,0.0,0.05,0.0,0.0
3,5,1,4,False,0.8358658047244615,0.13357885458192387,2,qUCB,0.0,0.0,0.35000000000000003,0.0,0.1,0.45,0.1
3,5,1,4,False,0.8358658047244615,0.13357885458192387,3,qUCB,0.35000000000000003,0.35000000000000003,0.2,0.0,0.0,0.0,0.1
3,5,1,4,False,0.8358658047244615,0.13357885458192387,4,qUCB,0.25,0.5,0.2,0.0,0.0,0.0,0.05
3,6,0,5,True,1.141444171310217,0.8800919718659128,0,qUCB,0.2,0.0,0.7000000000000001,0.0,0.0,0.0,0.1
3,6,0,5,True,1.141444171310217,0.8800919718659128,1,qUCB,0.30000000000000004,0.45,0.2,0.05,0.0,0.0,0.0
3,6,0,5,True,1.141444171310217,0.8800919718659128,2,qUCB,0.15000000000000002,0.0,0.7000000000000001,0.1,0.05,0.0,0.0
3,6,0,5,True,1.141444171310217,0.8800919718659128,3,qUCB,0.0,0.0,0.5,0.1,0.0,0.30000000000000004,0.1
3,6,0,5,True,1.141444171310217,0.8800919718659128,4,qUCB,0.35000000000000003,0.35000000000000003,0.2,0.1,0.0,0.0,0.0
4,1,5,0,False,0.9650488259370177,0.6384753334184783,0,qEHVI,0.1,0.0,0.7000000000000001,0.1,0.0,0.05,0.05
4,1,5,0,False,0.9650488259370177,0.6384753334184783,1,qEHVI,0.0,0.0,0.7000000000000001,0.1,0.0,0.15000000000000002,0.05
4,1,5,0,False,0.9650488259370177,0.6384753334184783,2,qEHVI,0.25,0.0,0.55,0.1,0.0,0.0,0.1
4,1,5,0,False,0.9650488259370177,0.6384753334184783,3,qEHVI,0.05,0.0,0.65,0.1,0.0,0.15000000000000002,0.05
4,1,5,0,False,0.9650488259370177,0.6384753334184783,4,qEHVI,0.15000000000000002,0.0,0.7000000000000001,0.1,0.0,0.0,0.05
4,2,4,1,False,0.8938130832124376,0.24555601406634064,0,qEHVI,0.1,0.0,0.7000000000000001,0.1,0.0,0.05,0.05
4,2,4,1,False,0.8938130832124376,0.24555601406634064,1,qEHVI,0.0,0.0,0.7000000000000001,0.1,0.0,0.15000000000000002,0.05
4,2,4,1,False,0.8938130832124376,0.24555601406634064,2,qEHVI,0.25,0.0,0.55,0.1,0.0,0.0,0.1
4,2,4,1,False,0.8938130832124376,0.24555601406634064,3,qEHVI,0.05,0.0,0.7000000000000001,0.1,0.0,0.1,0.05
4,2,4,1,False,0.8938130832124376,0.24555601406634064,4,qUCB,0.2,0.5,0.2,0.0,0.1,0.0,0.0
4,3,3,2,False,0.7992023325669844,0.4858314198389819,0,qEHVI,0.1,0.0,0.7000000000000001,0.1,0.0,0.05,0.05
4,3,3,2,False,0.7992023325669844,0.4858314198389819,1,qEHVI,0.0,0.0,0.7000000000000001,0.1,0.0,0.15000000000000002,0.05
4,3,3,2,False,0.7992023325669844,0.4858314198389819,2,qEHVI,0.25,0.0,0.55,0.1,0.0,0.0,0.1
4,3,3,2,False,0.7992023325669844,0.4858314198389819,3,qUCB,0.2,0.5,0.2,0.0,0.1,0.0,0.0
4,3,3,2,False,0.7992023325669844,0.4858314198389819,4,qUCB,0.0,0.5,0.30000000000000004,0.1,0.1,0.0,0.0
4,4,2,3,False,0.7150027790174783,0.5315084327217233,0,qEHVI,0.1,0.0,0.7000000000000001,0.1,0.0,0.05,0.05
4,4,2,3,False,0.7150027790174783,0.5315084327217233,1,qEHVI,0.0,0.0,0.7000000000000001,0.1,0.0,0.15000000000000002,0.05
4,4,2,3,False,0.7150027790174783,0.5315084327217233,2,qUCB,0.2,0.5,0.2,0.0,0.1,0.0,0.0
4,4,2,3,False,0.7150027790174783,0.5315084327217233,3,qUCB,0.35000000000000003,0.30000000000000004,0.2,0.0,0.05,0.0,0.1
4,4,2,3,False,0.7150027790174783,0.5315084327217233,4,qUCB,0.0,0.5,0.30000000000000004,0.1,0.1,0.0,0.0
4,5,1,4,False,0.4719061123407075,0.38987765459123236,0,qEHVI,0.1,0.0,0.7000000000000001,0.1,0.0,0.05,0.05
4,5,1,4,False,0.4719061123407075,0.38987765459123236,1,qUCB,0.2,0.5,0.2,0.0,0.1,0.0,0.0
4,5,1,4,False,0.4719061123407075,0.38987765459123236,2,qUCB,0.35000000000000003,0.30000000000000004,0.2,0.0,0.05,0.0,0.1
4,5,1,4,False,0.4719061123407075,0.38987765459123236,3,qUCB,0.0,0.5,0.30000000000000004,0.1,0.1,0.0,0.0
4,5,1,4,False,0.4719061123407075,0.38987765459123236,4,qUCB,0.35000000000000003,0.0,0.35000000000000003,0.0,0.1,0.1,0.1
4,6,0,5,True,0.5070293097957139,0.6088842465074213,0,qUCB,0.0,0.0,0.7000000000000001,0.1,0.0,0.15000000000000002,0.05
4,6,0,5,True,0.5070293097957139,0.6088842465074213,1,qUCB,0.0,0.5,0.4,0.1,0.0,0.0,0.0
4,6,0,5,True,0.5070293097957139,0.6088842465074213,2,qUCB,0.0,0.0,0.65,0.1,0.1,0.15000000000000002,0.0
4,6,0,5,True,0.5070293097957139,0.6088842465074213,3,qUCB,0.35000000000000003,0.30000000000000004,0.2,0.0,0.05,0.0,0.1
4,6,0,5,True,0.5070293097957139,0.6088842465074213,4,qUCB,0.35000000000000003,0.0,0.65,0.0,0.0,0.0,0.0
5,1,5,0,False,0.9387434386821302,2.4085723682632967,0,qEHVI,0.1,0.0,0.7000000000000001,0.1,0.0,0.0,0.1
5,1,5,0,False,0.9387434386821302,2.4085723682632967,1,qEHVI,0.05,0.0,0.7000000000000001,0.1,0.0,0.1,0.05
5,1,5,0,False,0.9387434386821302,2.4085723682632967,2,qEHVI,0.0,0.0,0.7000000000000001,0.05,0.0,0.15000000000000002,0.1
5,1,5,0,False,0.9387434386821302,2.4085723682632967,3,qEHVI,0.1,0.05,0.7000000000000001,0.1,0.0,0.0,0.05
5,1,5,0,False,0.9387434386821302,2.4085723682632967,4,qEHVI,0.15000000000000002,0.05,0.7000000000000001,0.1,0.0,0.0,0.0
5,2,4,1,False,0.860004085232441,0.5125465495137238,0,qEHVI,0.1,0.0,0.7000000000000001,0.1,0.0,0.0,0.1
5,2,4,1,False,0.860004085232441,0.5125465495137238,1,qEHVI,0.05,0.0,0.7000000000000001,0.1,0.0,0.1,0.05
5,2,4,1,False,0.860004085232441,0.5125465495137238,2,qEHVI,0.0,0.0,0.7000000000000001,0.05,0.0,0.15000000000000002,0.1
5,2,4,1,False,0.860004085232441,0.5125465495137238,3,qEHVI,0.1,0.05,0.7000000000000001,0.1,0.0,0.0,0.05
5,2,4,1,False,0.860004085232441,0.5125465495137238,4,qUCB,0.25,0.5,0.2,0.0,0.05,0.0,0.0
5,3,3,2,False,0.7426954527623482,0.42335472657490936,0,qEHVI,0.1,0.0,0.7000000000000001,0.1,0.0,0.0,0.1
5,3,3,2,False,0.7426954527623482,0.42335472657490936,1,qEHVI,0.05,0.0,0.7000000000000001,0.1,0.0,0.1,0.05
5,3,3,2,False,0.7426954527623482,0.42335472657490936,2,qEHVI,0.0,0.0,0.7000000000000001,0.05,0.0,0.15000000000000002,0.1
5,3,3,2,False,0.7426954527623482,0.42335472657490936,3,qUCB,0.35000000000000003,0.4,0.2,0.0,0.05,0.0,0.0
5,3,3,2,False,0.7426954527623482,0.42335472657490936,4,qUCB,0.25,0.5,0.2,0.0,0.05,0.0,0.0
5,4,2,3,False,0.6078027055288897,0.2933130363726342,0,qEHVI,0.1,0.0,0.7000000000000001,0.1,0.0,0.0,0.1
5,4,2,3,False,0.6078027055288897,0.2933130363726342,1,qEHVI,0.05,0.0,0.7000000000000001,0.1,0.0,0.1,0.05
5,4,2,3,False,0.6078027055288897,0.2933130363726342,2,qUCB,0.35000000000000003,0.4,0.2,0.0,0.05,0.0,0.0
5,4,2,3,False,0.6078027055288897,0.2933130363726342,3,qUCB,0.25,0.5,0.2,0.0,0.05,0.0,0.0
5,4,2,3,False,0.6078027055288897,0.2933130363726342,4,qUCB,0.0,0.05,0.30000000000000004,0.0,0.1,0.45,0.1
5,5,1,4,False,0.4410136680703325,0.13022104934197765,0,qEHVI,0.1,0.0,0.7000000000000001,0.1,0.0,0.0,0.1
5,5,1,4,False,0.4410136680703325,0.13022104934197765,1,qUCB,0.25,0.5,0.2,0.0,0.05,0.0,0.0
5,5,1,4,False,0.4410136680703325,0.13022104934197765,2,qUCB,0.0,0.0,0.4,0.05,0.1,0.45,0.0
5,5,1,4,False,0.4410136680703325,0.13022104934197765,3,qUCB,0.35000000000000003,0.4,0.2,0.0,0.05,0.0,0.0
5,5,1,4,False,0.4410136680703325,0.13022104934197765,4,qUCB,0.0,0.05,0.30000000000000004,0.0,0.1,0.45,0.1
5,6,0,5,True,0.40672531428511066,0.7780487046318125,0,qUCB,0.0,0.0,0.7000000000000001,0.05,0.0,0.15000000000000002,0.1
5,6,0,5,True,0.40672531428511066,0.7780487046318125,1,qUCB,0.0,0.0,0.7000000000000001,0.1,0.0,0.1,0.1
5,6,0,5,True,0.40672531428511066,0.7780487046318125,2,qUCB,0.0,0.0,0.7000000000000001,0.0,0.05,0.15000000000000002,0.1
5,6,0,5,True,0.40672531428511066,0.7780487046318125,3,qUCB,0.0,0.15000000000000002,0.7000000000000001,0.05,0.0,0.0,0.1
5,6,0,5,True,0.40672531428511066,0.7780487046318125,4,qUCB,0.0,0.0,0.5,0.05,0.0,0.45,0.0
6,1,5,0,False,0.9333236750873831,0.8208277882290016,0,qEHVI,0.1,0.0,0.7000000000000001,0.1,0.0,0.0,0.1
6,1,5,0,False,0.9333236750873831,0.8208277882290016,1,qEHVI,0.0,0.05,0.7000000000000001,0.1,0.0,0.05,0.1
6,1,5,0,False,0.9333236750873831,0.8208277882290016,2,qEHVI,0.1,0.1,0.7000000000000001,0.1,0.0,0.0,0.0
6,1,5,0,False,0.9333236750873831,0.8208277882290016,3,qEHVI,0.25,0.0,0.65,0.1,0.0,0.0,0.0
6,1,5,0,False,0.9333236750873831,0.8208277882290016,4,qEHVI,0.1,0.05,0.7000000000000001,0.1,0.0,0.05,0.0
6,2,4,1,False,0.8563186745344671,0.8116902849453194,0,qEHVI,0.1,0.0,0.7000000000000001,0.1,0.0,0.0,0.1
6,2,4,1,False,0.8563186745344671,0.8116902849453194,1,qEHVI,0.0,0.05,0.7000000000000001,0.1,0.0,0.05,0.1
6,2,4,1,False,0.8563186745344671,0.8116902849453194,2,qEHVI,0.1,0.1,0.7000000000000001,0.1,0.0,0.0,0.0
6,2,4,1,False,0.8563186745344671,0.8116902849453194,3,qEHVI,0.25,0.0,0.65,0.1,0.0,0.0,0.0
6,2,4,1,False,0.8563186745344671,0.8116902849453194,4,qUCB,0.0,0.0,0.35000000000000003,0.0,0.1,0.45,0.1
6,3,3,2,False,0.7431426938907503,0.6231467533590953,0,qEHVI,0.1,0.0,0.7000000000000001,0.1,0.0,0.0,0.1
6,3,3,2,False,0.7431426938907503,0.6231467533590953,1,qEHVI,0.0,0.05,0.7000000000000001,0.1,0.0,0.05,0.1
6,3,3,2,False,0.7431426938907503,0.6231467533590953,2,qEHVI,0.1,0.1,0.7000000000000001,0.1,0.0,0.0,0.0
6,3,3,2,False,0.7431426938907503,0.6231467533590953,3,qUCB,0.0,0.0,0.35000000000000003,0.0,0.1,0.45,0.1
6,3,3,2,False,0.7431426938907503,0.6231467533590953,4,qUCB,0.15000000000000002,0.0,0.2,0.0,0.1,0.45,0.1
6,4,2,3,False,0.6097308311630321,0.20691093007629924,0,qEHVI,0.1,0.0,0.7000000000000001,0.1,0.0,0.0,0.1
6,4,2,3,False,0.6097308311630321,0.20691093007629924,1,qEHVI,0.0,0.05,0.7000000000000001,0.1,0.0,0.05,0.1
6,4,2,3,False,0.6097308311630321,0.20691093007629924,2,qUCB,0.35000000000000003,0.4,0.2,0.0,0.0,0.05,0.0
6,4,2,3,False,0.6097308311630321,0.20691093007629924,3,qUCB,0.35000000000000003,0.35000000000000003,0.2,0.0,0.1,0.0,0.0
6,4,2,3,False,0.6097308311630321,0.20691093007629924,4,qUCB,0.1,0.0,0.35000000000000003,0.0,0.1,0.45,0.0
6,5,1,4,False,0.4356907260858628,0.2334617801215655,0,qEHVI,0.1,0.0,0.7000000000000001,0.1,0.0,0.0,0.1
6,5,1,4,False,0.4356907260858628,0.2334617801215655,1,qUCB,0.0,0.0,0.35000000000000003,0.1,0.1,0.45,0.0
6,5,1,4,False,0.4356907260858628,0.2334617801215655,2,qUCB,0.35000000000000003,0.35000000000000003,0.2,0.0,0.1,0.0,0.0
6,5,1,4,False,0.4356907260858628,0.2334617801215655,3,qUCB,0.0,0.0,0.35000000000000003,0.0,0.1,0.45,0.1
6,5,1,4,False,0.4356907260858628,0.2334617801215655,4,qUCB,0.1,0.0,0.35000000000000003,0.0,0.1,0.45,0.0
6,6,0,5,True,0.7537029099453598,0.8149511339378659,0,qUCB,0.1,0.0,0.7000000000000001,0.1,0.0,0.0,0.1
6,6,0,5,True,0.7537029099453598,0.8149511339378659,1,qUCB,0.0,0.05,0.7000000000000001,0.1,0.0,0.05,0.1
6,6,0,5,True,0.7537029099453598,0.8149511339378659,2,qUCB,0.1,0.1,0.7000000000000001,0.1,0.0,0.0,0.0
6,6,0,5,True,0.7537029099453598,0.8149511339378659,3,qUCB,0.35000000000000003,0.0,0.5,0.05,0.1,0.0,0.0
6,6,0,5,True,0.7537029099453598,0.8149511339378659,4,qUCB,0.0,0.0,0.35000000000000003,0.0,0.1,0.45,0.1
7,1,5,0,False,0.48128427532227847,0.36891003374268116,0,qEHVI,0.15000000000000002,0.0,0.7000000000000001,0.1,0.0,0.0,0.05
7,1,5,0,False,0.48128427532227847,0.36891003374268116,1,qEHVI,0.2,0.05,0.65,0.1,0.0,0.0,0.0
7,1,5,0,False,0.48128427532227847,0.36891003374268116,2,qEHVI,0.05,0.05,0.7000000000000001,0.1,0.0,0.0,0.1
7,1,5,0,False,0.48128427532227847,0.36891003374268116,3,qEHVI,0.05,0.1,0.7000000000000001,0.1,0.0,0.05,0.0
7,1,5,0,False,0.48128427532227847,0.36891003374268116,4,qEHVI,0.05,0.0,0.7000000000000001,0.1,0.0,0.05,0.1
7,2,4,1,False,0.42572552355644105,0.2904515937906176,0,qEHVI,0.15000000000000002,0.0,0.7000000000000001,0.1,0.0,0.0,0.05
7,2,4,1,False,0.42572552355644105,0.2904515937906176,1,qEHVI,0.2,0.05,0.65,0.1,0.0,0.0,0.0
7,2,4,1,False,0.42572552355644105,0.2904515937906176,2,qEHVI,0.05,0.05,0.7000000000000001,0.1,0.0,0.0,0.1
7,2,4,1,False,0.42572552355644105,0.2904515937906176,3,qEHVI,0.05,0.1,0.7000000000000001,0.1,0.0,0.05,0.0
7,2,4,1,False,0.42572552355644105,0.2904515937906176,4,qUCB,0.0,0.05,0.2,0.1,0.1,0.45,0.1
7,3,3,2,False,0.3475416450842359,0.28177237849130954,0,qEHVI,0.15000000000000002,0.0,0.7000000000000001,0.1,0.0,0.0,0.05
7,3,3,2,False,0.3475416450842359,0.28177237849130954,1,qEHVI,0.2,0.05,0.65,0.1,0.0,0.0,0.0
7,3,3,2,False,0.3475416450842359,0.28177237849130954,2,qEHVI,0.05,0.05,0.7000000000000001,0.1,0.0,0.0,0.1
7,3,3,2,False,0.3475416450842359,0.28177237849130954,3,qUCB,0.0,0.05,0.2,0.1,0.1,0.45,0.1
7,3,3,2,False,0.3475416450842359,0.28177237849130954,4,qUCB,0.2,0.5,0.2,0.0,0.0,0.0,0.1
7,4,2,3,False,0.252216625861357,0.20870650405492164,0,qEHVI,0.15000000000000002,0.0,0.7000000000000001,0.1,0.0,0.0,0.05
7,4,2,3,False,0.252216625861357,0.20870650405492164,1,qEHVI,0.2,0.05,0.65,0.1,0.0,0.0,0.0
7,4,2,3,False,0.252216625861357,0.20870650405492164,2,qUCB,0.0,0.05,0.2,0.1,0.1,0.45,0.1
7,4,2,3,False,0.252216625861357,0.20870650405492164,3,qUCB,0.2,0.5,0.2,0.0,0.0,0.0,0.1
7,4,2,3,False,0.252216625861357,0.20870650405492164,4,qUCB,0.05,0.0,0.30000000000000004,0.0,0.1,0.45,0.1
7,5,1,4,False,0.15096939579103075,0.1278417323984451,0,qEHVI,0.15000000000000002,0.0,0.7000000000000001,0.1,0.0,0.0,0.05
7,5,1,4,False,0.15096939579103075,0.1278417323984451,1,qUCB,0.0,0.05,0.2,0.1,0.1,0.45,0.1
7,5,1,4,False,0.15096939579103075,0.1278417323984451,2,qUCB,0.2,0.5,0.2,0.0,0.0,0.0,0.1
7,5,1,4,False,0.15096939579103075,0.1278417323984451,3,qUCB,0.05,0.0,0.30000000000000004,0.0,0.1,0.45,0.1
7,5,1,4,False,0.15096939579103075,0.1278417323984451,4,qUCB,0.25,0.45,0.2,0.0,0.1,0.0,0.0
7,6,0,5,True,0.24519521217559395,0.5398932532836351,0,qUCB,0.05,0.0,0.7000000000000001,0.1,0.0,0.05,0.1
7,6,0,5,True,0.24519521217559395,0.5398932532836351,1,qUCB,0.0,0.1,0.7000000000000001,0.1,0.0,0.05,0.05
7,6,0,5,True,0.24519521217559395,0.5398932532836351,2,qUCB,0.2,0.0,0.7000000000000001,0.1,0.0,0.0,0.0
7,6,0,5,True,0.24519521217559395,0.5398932532836351,3,qUCB,0.0,0.1,0.7000000000000001,0.1,0.0,0.0,0.1
7,6,0,5,True,0.24519521217559395,0.5398932532836351,4,qUCB,0.15000000000000002,0.45,0.2,0.1,0.0,0.0,0.1
8,1,5,0,False,0.3894478176207593,0.964724918301588,0,qEHVI,0.1,0.1,0.65,0.1,0.0,0.0,0.05
8,1,5,0,False,0.3894478176207593,0.964724918301588,1,qEHVI,0.05,0.1,0.7000000000000001,0.1,0.0,0.0,0.05
8,1,5,0,False,0.3894478176207593,0.964724918301588,2,qEHVI,0.15000000000000002,0.1,0.65,0.1,0.0,0.0,0.0
8,1,5,0,False,0.3894478176207593,0.964724918301588,3,qEHVI,0.2,0.1,0.6000000000000001,0.1,0.0,0.0,0.0
8,1,5,0,False,0.3894478176207593,0.964724918301588,4,qEHVI,0.1,0.05,0.7000000000000001,0.1,0.0,0.05,0.0
8,2,4,1,False,0.35714049791387753,0.572202529819176,0,qEHVI,0.1,0.1,0.65,0.1,0.0,0.0,0.05
8,2,4,1,False,0.35714049791387753,0.572202529819176,1,qEHVI,0.05,0.1,0.7000000000000001,0.1,0.0,0.0,0.05
8,2,4,1,False,0.35714049791387753,0.572202529819176,2,qEHVI,0.15000000000000002,0.1,0.65,0.1,0.0,0.0,0.0
8,2,4,1,False,0.35714049791387753,0.572202529819176,3,qEHVI,0.2,0.1,0.6000000000000001,0.1,0.0,0.0,0.0
8,2,4,1,False,0.35714049791387753,0.572202529819176,4,qUCB,0.0,0.05,0.2,0.1,0.1,0.45,0.1
8,3,3,2,False,0.31934847343766154,0.5259695515731675,0,qEHVI,0.1,0.1,0.65,0.1,0.0,0.0,0.05
8,3,3,2,False,0.31934847343766154,0.5259695515731675,1,qEHVI,0.05,0.1,0.7000000000000001,0.1,0.0,0.0,0.05
8,3,3,2,False,0.31934847343766154,0.5259695515731675,2,qEHVI,0.15000000000000002,0.1,0.65,0.1,0.0,0.0,0.0
8,3,3,2,False,0.31934847343766154,0.5259695515731675,3,qUCB,0.0,0.05,0.2,0.1,0.1,0.45,0.1
8,3,3,2,False,0.31934847343766154,0.5259695515731675,4,qUCB,0.05,0.0,0.30000000000000004,0.0,0.1,0.45,0.1
8,4,2,3,False,0.25244424908648244,0.16344139521157963,0,qEHVI,0.1,0.1,0.65,0.1,0.0,0.0,0.05
8,4,2,3,False,0.25244424908648244,0.16344139521157963,1,qEHVI,0.05,0.1,0.7000000000000001,0.1,0.0,0.0,0.05
8,4,2,3,False,0.25244424908648244,0.16344139521157963,2,qUCB,0.0,0.05,0.2,0.1,0.1,0.45,0.1
8,4,2,3,False,0.25244424908648244,0.16344139521157963,3,qUCB,0.05,0.0,0.30000000000000004,0.0,0.1,0.45,0.1
8,4,2,3,False,0.25244424908648244,0.16344139521157963,4,qUCB,0.0,0.0,0.35000000000000003,0.1,0.1,0.45,0.0
8,5,1,4,False,0.13148407836381054,0.09769004006794813,0,qEHVI,0.1,0.1,0.65,0.1,0.0,0.0,0.05
8,5,1,4,False,0.13148407836381054,0.09769004006794813,1,qUCB,0.0,0.05,0.2,0.1,0.1,0.45,0.1
8,5,1,4,False,0.13148407836381054,0.09769004006794813,2,qUCB,0.0,0.0,0.35000000000000003,0.1,0.1,0.45,0.0
8,5,1,4,False,0.13148407836381054,0.09769004006794813,3,qUCB,0.05,0.0,0.30000000000000004,0.0,0.1,0.45,0.1
8,5,1,4,False,0.13148407836381054,0.09769004006794813,4,qUCB,0.15000000000000002,0.0,0.2,0.0,0.1,0.45,0.1
8,6,0,5,True,0.04046717338434724,0.2690685698355786,0,qUCB,0.0,0.0,0.65,0.1,0.0,0.15000000000000002,0.1
8,6,0,5,True,0.04046717338434724,0.2690685698355786,1,qUCB,0.05,0.0,0.7000000000000001,0.1,0.0,0.1,0.05
8,6,0,5,True,0.04046717338434724,0.2690685698355786,2,qUCB,0.0,0.0,0.35000000000000003,0.1,0.0,0.45,0.1
8,6,0,5,True,0.04046717338434724,0.2690685698355786,3,qUCB,0.0,0.0,0.7000000000000001,0.1,0.0,0.2,0.0
8,6,0,5,True,0.04046717338434724,0.2690685698355786,4,qUCB,0.0,0.0,0.35000000000000003,0.1,0.1,0.45,0.0
9,1,5,0,False,0.4594609937927782,1.041746065370873,0,qEHVI,0.1,0.05,0.7000000000000001,0.1,0.0,0.0,0.05
9,1,5,0,False,0.4594609937927782,1.041746065370873,1,qEHVI,0.05,0.1,0.7000000000000001,0.1,0.0,0.0,0.05
9,1,5,0,False,0.4594609937927782,1.041746065370873,2,qEHVI,0.15000000000000002,0.1,0.65,0.1,0.0,0.0,0.0
9,1,5,0,False,0.4594609937927782,1.041746065370873,3,qEHVI,0.05,0.15000000000000002,0.7000000000000001,0.1,0.0,0.0,0.0
9,1,5,0,False,0.4594609937927782,1.041746065370873,4,qEHVI,0.05,0.05,0.7000000000000001,0.1,0.0,0.0,0.1
9,2,4,1,False,0.40322608156072265,0.27353646413862087,0,qEHVI,0.1,0.05,0.7000000000000001,0.1,0.0,0.0,0.05
9,2,4,1,False,0.40322608156072265,0.27353646413862087,1,qEHVI,0.05,0.1,0.7000000000000001,0.1,0.0,0.0,0.05
9,2,4,1,False,0.40322608156072265,0.27353646413862087,2,qEHVI,0.15000000000000002,0.1,0.65,0.1,0.0,0.0,0.0
9,2,4,1,False,0.40322608156072265,0.27353646413862087,3,qEHVI,0.05,0.15000000000000002,0.7000000000000001,0.1,0.0,0.0,0.0
9,2,4,1,False,0.40322608156072265,0.27353646413862087,4,qUCB,0.0,0.0,0.30000000000000004,0.05,0.1,0.45,0.1
9,3,3,2,False,0.3425228302050922,0.2923846772983314,0,qEHVI,0.1,0.05,0.7000000000000001,0.1,0.0,0.0,0.05
9,3,3,2,False,0.3425228302050922,0.2923846772983314,1,qEHVI,0.05,0.1,0.7000000000000001,0.1,0.0,0.0,0.05
9,3,3,2,False,0.3425228302050922,0.2923846772983314,2,qEHVI,0.15000000000000002,0.1,0.65,0.1,0.0,0.0,0.0
9,3,3,2,False,0.3425228302050922,0.2923846772983314,3,qUCB,0.0,0.0,0.30000000000000004,0.05,0.1,0.45,0.1
9,3,3,2,False,0.3425228302050922,0.2923846772983314,4,qUCB,0.1,0.05,0.2,0.0,0.1,0.45,0.1
9,4,2,3,False,0.2780950566303002,0.9258565244661963,0,qEHVI,0.1,0.05,0.7000000000000001,0.1,0.0,0.0,0.05
9,4,2,3,False,0.2780950566303002,0.9258565244661963,1,qEHVI,0.05,0.1,0.7000000000000001,0.1,0.0,0.0,0.05
9,4,2,3,False,0.2780950566303002,0.9258565244661963,2,qUCB,0.0,0.0,0.30000000000000004,0.05,0.1,0.45,0.1
9,4,2,3,False,0.2780950566303002,0.9258565244661963,3,qUCB,0.1,0.05,0.2,0.0,0.1,0.45,0.1
9,4,2,3,False,0.2780950566303002,0.9258565244661963,4,qUCB,0.25,0.5,0.2,0.0,0.05,0.0,0.0
9,5,1,4,False,0.1956883658375047,0.06745799007347042,0,qEHVI,0.1,0.05,0.7000000000000001,0.1,0.0,0.0,0.05
9,5,1,4,False,0.1956883658375047,0.06745799007347042,1,qUCB,0.0,0.0,0.30000000000000004,0.05,0.1,0.45,0.1
9,5,1,4,False,0.1956883658375047,0.06745799007347042,2,qUCB,0.1,0.05,0.2,0.0,0.1,0.45,0.1
9,5,1,4,False,0.1956883658375047,0.06745799007347042,3,qUCB,0.2,0.5,0.2,0.0,0.0,0.0,0.1
9,5,1,4,False,0.1956883658375047,0.06745799007347042,4,qUCB,0.25,0.5,0.2,0.0,0.05,0.0,0.0
9,6,0,5,True,0.22987218001598794,0.44715814573060086,0,qUCB,0.05,0.1,0.7000000000000001,0.1,0.0,0.0,0.05
9,6,0,5,True,0.22987218001598794,0.44715814573060086,1,qUCB,0.05,0.0,0.65,0.1,0.0,0.1,0.1
9,6,0,5,True,0.22987218001598794,0.44715814573060086,2,qUCB,0.0,0.15000000000000002,0.7000000000000001,0.1,0.0,0.0,0.05
9,6,0,5,True,0.22987218001598794,0.44715814573060086,3,qUCB,0.0,0.05,0.65,0.1,0.0,0.1,0.1
9,6,0,5,True,0.22987218001598794,0.44715814573060086,4,qUCB,0.05,0.05,0.7000000000000001,0.1,0.0,0.0,0.1
10,1,5,0,False,0.2601174245334774,0.8321818984269491,0,qEHVI,0.1,0.05,0.65,0.1,0.0,0.05,0.05
10,1,5,0,False,0.2601174245334774,0.8321818984269491,1,qEHVI,0.15000000000000002,0.1,0.65,0.1,0.0,0.0,0.0
10,1,5,0,False,0.2601174245334774,0.8321818984269491,2,qEHVI,0.0,0.0,0.65,0.05,0.0,0.2,0.1
10,1,5,0,False,0.2601174245334774,0.8321818984269491,3,qEHVI,0.15000000000000002,0.05,0.65,0.1,0.0,0.0,0.05
10,1,5,0,False,0.2601174245334774,0.8321818984269491,4,qEHVI,0.25,0.05,0.6000000000000001,0.1,0.0,0.0,0.0
10,2,4,1,False,0.23099663564085413,0.3930055676031934,0,qEHVI,0.1,0.05,0.65,0.1,0.0,0.05,0.05
10,2,4,1,False,0.23099663564085413,0.3930055676031934,1,qEHVI,0.15000000000000002,0.1,0.65,0.1,0.0,0.0,0.0
10,2,4,1,False,0.23099663564085413,0.3930055676031934,2,qEHVI,0.0,0.0,0.65,0.05,0.0,0.2,0.1
10,2,4,1,False,0.23099663564085413,0.3930055676031934,3,qEHVI,0.15000000000000002,0.05,0.65,0.1,0.0,0.0,0.05
10,2,4,1,False,0.23099663564085413,0.3930055676031934,4,qUCB,0.30000000000000004,0.45,0.2,0.0,0.0,0.0,0.05
10,3,3,2,False,0.19795672182397467,0.13644056131009563,0,qEHVI,0.1,0.05,0.65,0.1,0.0,0.05,0.05
10,3,3,2,False,0.19795672182397467,0.13644056131009563,1,qEHVI,0.15000000000000002,0.1,0.65,0.1,0.0,0.0,0.0
10,3,3,2,False,0.19795672182397467,0.13644056131009563,2,qEHVI,0.0,0.0,0.65,0.05,0.0,0.2,0.1
10,3,3,2,False,0.19795672182397467,0.13644056131009563,3,qUCB,0.25,0.45,0.2,0.0,0.0,0.0,0.1
10,3,3,2,False,0.19795672182397467,0.13644056131009563,4,qUCB,0.25,0.5,0.2,0.0,0.05,0.0,0.0
10,4,2,3,False,0.162321926038955,0.3311658413418783,0,qEHVI,0.1,0.05,0.65,0.1,0.0,0.05,0.05
10,4,2,3,False,0.162321926038955,0.3311658413418783,1,qEHVI,0.15000000000000002,0.1,0.65,0.1,0.0,0.0,0.0
10,4,2,3,False,0.162321926038955,0.3311658413418783,2,qUCB,0.0,0.0,0.30000000000000004,0.05,0.1,0.45,0.1
10,4,2,3,False,0.162321926038955,0.3311658413418783,3,qUCB,0.0,0.05,0.2,0.1,0.1,0.45,0.1
10,4,2,3,False,0.162321926038955,0.3311658413418783,4,qUCB,0.25,0.5,0.2,0.0,0.05,0.0,0.0
10,5,1,4,False,0.09639467374486438,0.22955154909673148,0,qEHVI,0.1,0.05,0.65,0.1,0.0,0.05,0.05
10,5,1,4,False,0.09639467374486438,0.22955154909673148,1,qUCB,0.0,0.0,0.30000000000000004,0.05,0.1,0.45,0.1
10,5,1,4,False,0.09639467374486438,0.22955154909673148,2,qUCB,0.25,0.5,0.2,0.0,0.05,0.0,0.0
10,5,1,4,False,0.09639467374486438,0.22955154909673148,3,qUCB,0.2,0.5,0.2,0.1,0.0,0.0,0.0
10,5,1,4,False,0.09639467374486438,0.22955154909673148,4,qUCB,0.0,0.05,0.2,0.1,0.1,0.45,0.1
10,6,0,5,True,0.06813447858758317,0.2726950995149995,0,qUCB,0.05,0.0,0.7000000000000001,0.05,0.0,0.1,0.1
10,6,0,5,True,0.06813447858758317,0.2726950995149995,1,qUCB,0.0,0.0,0.6000000000000001,0.1,0.0,0.2,0.1
10,6,0,5,True,0.06813447858758317,0.2726950995149995,2,qUCB,0.0,0.05,0.7000000000000001,0.05,0.0,0.1,0.1
10,6,0,5,True,0.06813447858758317,0.2726950995149995,3,qUCB,0.2,0.5,0.2,0.1,0.0,0.0,0.0
10,6,0,5,True,0.06813447858758317,0.2726950995149995,4,qUCB,0.2,0.1,0.7000000000000001,0.0,0.0,0.0,0.0
11,1,5,0,False,0.24531165385817305,0.8333688177957228,0,qEHVI,0.05,0.15000000000000002,0.7000000000000001,0.05,0.0,0.0,0.05
11,1,5,0,False,0.24531165385817305,0.8333688177957228,1,qEHVI,0.25,0.0,0.65,0.1,0.0,0.0,0.0
11,1,5,0,False,0.24531165385817305,0.8333688177957228,2,qEHVI,0.1,0.0,0.7000000000000001,0.1,0.0,0.05,0.05
11,1,5,0,False,0.24531165385817305,0.8333688177957228,3,qEHVI,0.15000000000000002,0.05,0.65,0.1,0.0,0.0,0.05
11,1,5,0,False,0.24531165385817305,0.8333688177957228,4,qEHVI,0.25,0.05,0.6000000000000001,0.1,0.0,0.0,0.0
11,2,4,1,False,0.220208551668584,0.44302552765612013,0,qEHVI,0.05,0.15000000000000002,0.7000000000000001,0.05,0.0,0.0,0.05
11,2,4,1,False,0.220208551668584,0.44302552765612013,1,qEHVI,0.25,0.0,0.65,0.1,0.0,0.0,0.0
11,2,4,1,False,0.220208551668584,0.44302552765612013,2,qEHVI,0.1,0.0,0.7000000000000001,0.1,0.0,0.05,0.05
11,2,4,1,False,0.220208551668584,0.44302552765612013,3,qEHVI,0.15000000000000002,0.05,0.65,0.1,0.0,0.0,0.05
11,2,4,1,False,0.220208551668584,0.44302552765612013,4,qUCB,0.0,0.05,0.2,0.1,0.1,0.45,0.1
11,3,3,2,False,0.18674220700904007,0.3155431039906418,0,qEHVI,0.05,0.15000000000000002,0.7000000000000001,0.05,0.0,0.0,0.05
11,3,3,2,False,0.18674220700904007,0.3155431039906418,1,qEHVI,0.25,0.0,0.65,0.1,0.0,0.0,0.0
11,3,3,2,False,0.18674220700904007,0.3155431039906418,2,qEHVI,0.1,0.0,0.7000000000000001,0.1,0.0,0.05,0.05
11,3,3,2,False,0.18674220700904007,0.3155431039906418,3,qUCB,0.0,0.05,0.2,0.1,0.1,0.45,0.1
11,3,3,2,False,0.18674220700904007,0.3155431039906418,4,qUCB,0.1,0.0,0.2,0.05,0.1,0.45,0.1
11,4,2,3,False,0.14091578935774765,0.29021460186433057,0,qEHVI,0.05,0.15000000000000002,0.7000000000000001,0.05,0.0,0.0,0.05
11,4,2,3,False,0.14091578935774765,0.29021460186433057,1,qEHVI,0.25,0.0,0.65,0.1,0.0,0.0,0.0
11,4,2,3,False,0.14091578935774765,0.29021460186433057,2,qUCB,0.0,0.05,0.2,0.1,0.1,0.45,0.1
11,4,2,3,False,0.14091578935774765,0.29021460186433057,3,qUCB,0.1,0.0,0.2,0.05,0.1,0.45,0.1
11,4,2,3,False,0.14091578935774765,0.29021460186433057,4,qUCB,0.35000000000000003,0.0,0.2,0.0,0.1,0.25,0.1
11,5,1,4,False,0.07278056910555088,0.11530803914191567,0,qEHVI,0.05,0.15000000000000002,0.7000000000000001,0.05,0.0,0.0,0.05
11,5,1,4,False,0.07278056910555088,0.11530803914191567,1,qUCB,0.0,0.05,0.2,0.1,0.1,0.45,0.1
11,5,1,4,False,0.07278056910555088,0.11530803914191567,2,qUCB,0.1,0.0,0.2,0.05,0.1,0.45,0.1
11,5,1,4,False,0.07278056910555088,0.11530803914191567,3,qUCB,0.35000000000000003,0.0,0.2,0.0,0.1,0.25,0.1
11,5,1,4,False,0.07278056910555088,0.11530803914191567,4,qUCB,0.35000000000000003,0.0,0.2,0.1,0.0,0.25,0.1
11,6,0,5,True,0.10546617052647664,0.30256416899826455,0,qUCB,0.1,0.0,0.7000000000000001,0.1,0.0,0.05,0.05
11,6,0,5,True,0.10546617052647664,0.30256416899826455,1,qUCB,0.05,0.0,0.7000000000000001,0.0,0.0,0.15000000000000002,0.1
11,6,0,5,True,0.10546617052647664,0.30256416899826455,2,qUCB,0.0,0.1,0.65,0.1,0.0,0.05,0.1
11,6,0,5,True,0.10546617052647664,0.30256416899826455,3,qUCB,0.05,0.15000000000000002,0.7000000000000001,0.1,0.0,0.0,0.0
11,6,0,5,True,0.10546617052647664,0.30256416899826455,4,qUCB,0.0,0.1,0.7000000000000001,0.0,0.0,0.1,0.1
12,1,5,0,False,0.22812795580133383,0.4713841711588884,0,qEHVI,0.15000000000000002,0.1,0.65,0.1,0.0,0.0,0.0
12,1,5,0,False,0.22812795580133383,0.4713841711588884,1,qEHVI,0.0,0.0,0.65,0.05,0.0,0.2,0.1
12,1,5,0,False,0.22812795580133383,0.4713841711588884,2,qEHVI,0.1,0.05,0.7000000000000001,0.05,0.0,0.05,0.05
12,1,5,0,False,0.22812795580133383,0.4713841711588884,3,qEHVI,0.2,0.1,0.6000000000000001,0.1,0.0,0.0,0.0
12,1,5,0,False,0.22812795580133383,0.4713841711588884,4,qEHVI,0.1,0.1,0.65,0.1,0.0,0.0,0.05
12,2,4,1,False,0.20158432424053885,0.6635673327275402,0,qEHVI,0.15000000000000002,0.1,0.65,0.1,0.0,0.0,0.0
12,2,4,1,False,0.20158432424053885,0.6635673327275402,1,qEHVI,0.0,0.0,0.65,0.05,0.0,0.2,0.1
12,2,4,1,False,0.20158432424053885,0.6635673327275402,2,qEHVI,0.1,0.05,0.7000000000000001,0.05,0.0,0.05,0.05
12,2,4,1,False,0.20158432424053885,0.6635673327275402,3,qEHVI,0.2,0.1,0.6000000000000001,0.1,0.0,0.0,0.0
12,2,4,1,False,0.20158432424053885,0.6635673327275402,4,qUCB,0.25,0.5,0.2,0.0,0.0,0.0,0.05
12,3,3,2,False,0.1715199693192025,0.4647271028683786,0,qEHVI,0.15000000000000002,0.1,0.65,0.1,0.0,0.0,0.0
12,3,3,2,False,0.1715199693192025,0.4647271028683786,1,qEHVI,0.0,0.0,0.65,0.05,0.0,0.2,0.1
12,3,3,2,False,0.1715199693192025,0.4647271028683786,2,qEHVI,0.1,0.05,0.7000000000000001,0.05,0.0,0.05,0.05
12,3,3,2,False,0.1715199693192025,0.4647271028683786,3,qUCB,0.25,0.5,0.2,0.0,0.0,0.0,0.05
12,3,3,2,False,0.1715199693192025,0.4647271028683786,4,qUCB,0.05,0.5,0.2,0.1,0.0,0.05,0.1
12,4,2,3,False,0.12197247609224694,0.21506731298467496,0,qEHVI,0.15000000000000002,0.1,0.65,0.1,0.0,0.0,0.0
12,4,2,3,False,0.12197247609224694,0.21506731298467496,1,qEHVI,0.0,0.0,0.65,0.05,0.0,0.2,0.1
12,4,2,3,False,0.12197247609224694,0.21506731298467496,2,qUCB,0.25,0.5,0.2,0.0,0.0,0.0,0.05
12,4,2,3,False,0.12197247609224694,0.21506731298467496,3,qUCB,0.2,0.5,0.2,0.0,0.1,0.0,0.0
12,4,2,3,False,0.12197247609224694,0.21506731298467496,4,qUCB,0.0,0.5,0.2,0.1,0.0,0.1,0.1
12,5,1,4,False,0.06892016536673737,0.10071089194140725,0,qEHVI,0.15000000000000002,0.1,0.65,0.1,0.0,0.0,0.0
12,5,1,4,False,0.06892016536673737,0.10071089194140725,1,qUCB,0.0,0.05,0.2,0.1,0.1,0.45,0.1
12,5,1,4,False,0.06892016536673737,0.10071089194140725,2,qUCB,0.15000000000000002,0.0,0.2,0.0,0.1,0.45,0.1
12,5,1,4,False,0.06892016536673737,0.10071089194140725,3,qUCB,0.0,0.0,0.4,0.0,0.1,0.4,0.1
12,5,1,4,False,0.06892016536673737,0.10071089194140725,4,qUCB,0.0,0.15000000000000002,0.2,0.0,0.1,0.45,0.1
12,6,0,5,True,0.07783402125231247,0.34759291389042346,0,qUCB,0.05,0.05,0.7000000000000001,0.1,0.0,0.05,0.05
12,6,0,5,True,0.07783402125231247,0.34759291389042346,1,qUCB,0.0,0.0,0.7000000000000001,0.0,0.0,0.2,0.1
12,6,0,5,True,0.07783402125231247,0.34759291389042346,2,qUCB,0.0,0.1,0.6000000000000001,0.1,0.0,0.1,0.1
12,6,0,5,True,0.07783402125231247,0.34759291389042346,3,qUCB,0.35000000000000003,0.0,0.30000000000000004,0.1,0.0,0.15000000000000002,0.1
12,6,0,5,True,0.07783402125231247,0.34759291389042346,4,qUCB,0.05,0.15000000000000002,0.7000000000000001,0.0,0.0,0.0,0.1
13,1,5,0,False,0.1831367951977459,0.32989146647240375,0,qEHVI,0.2,0.05,0.65,0.1,0.0,0.0,0.0
13,1,5,0,False,0.1831367951977459,0.32989146647240375,1,qEHVI,0.15000000000000002,0.0,0.7000000000000001,0.1,0.0,0.0,0.05
13,1,5,0,False,0.1831367951977459,0.32989146647240375,2,qEHVI,0.05,0.1,0.7000000000000001,0.05,0.0,0.05,0.05
13,1,5,0,False,0.1831367951977459,0.32989146647240375,3,qEHVI,0.2,0.1,0.6000000000000001,0.1,0.0,0.0,0.0
13,1,5,0,False,0.1831367951977459,0.32989146647240375,4,qEHVI,0.2,0.0,0.65,0.1,0.0,0.0,0.05
13,2,4,1,False,0.16438910983424648,0.21650787935772264,0,qEHVI,0.2,0.05,0.65,0.1,0.0,0.0,0.0
13,2,4,1,False,0.16438910983424648,0.21650787935772264,1,qEHVI,0.15000000000000002,0.0,0.7000000000000001,0.1,0.0,0.0,0.05
13,2,4,1,False,0.16438910983424648,0.21650787935772264,2,qEHVI,0.05,0.1,0.7000000000000001,0.05,0.0,0.05,0.05
13,2,4,1,False,0.16438910983424648,0.21650787935772264,3,qEHVI,0.2,0.1,0.6000000000000001,0.1,0.0,0.0,0.0
13,2,4,1,False,0.16438910983424648,0.21650787935772264,4,qUCB,0.0,0.05,0.2,0.1,0.1,0.45,0.1
13,3,3,2,False,0.1409795284560066,0.29049948081392163,0,qEHVI,0.2,0.05,0.65,0.1,0.0,0.0,0.0
13,3,3,2,False,0.1409795284560066,0.29049948081392163,1,qEHVI,0.15000000000000002,0.0,0.7000000000000001,0.1,0.0,0.0,0.05
13,3,3,2,False,0.1409795284560066,0.29049948081392163,2,qEHVI,0.05,0.1,0.7000000000000001,0.05,0.0,0.05,0.05
13,3,3,2,False,0.1409795284560066,0.29049948081392163,3,qUCB,0.0,0.05,0.2,0.1,0.1,0.45,0.1
13,3,3,2,False,0.1409795284560066,0.29049948081392163,4,qUCB,0.2,0.5,0.2,0.0,0.1,0.0,0.0
13,4,2,3,False,0.11609971827131246,0.3606419922825337,0,qEHVI,0.2,0.05,0.65,0.1,0.0,0.0,0.0
13,4,2,3,False,0.11609971827131246,0.3606419922825337,1,qEHVI,0.15000000000000002,0.0,0.7000000000000001,0.1,0.0,0.0,0.05
13,4,2,3,False,0.11609971827131246,0.3606419922825337,2,qUCB,0.0,0.05,0.2,0.1,0.1,0.45,0.1
13,4,2,3,False,0.11609971827131246,0.3606419922825337,3,qUCB,0.05,0.0,0.30000000000000004,0.0,0.1,0.45,0.1
13,4,2,3,False,0.11609971827131246,0.3606419922825337,4,qUCB,0.05,0.5,0.2,0.0,0.0,0.15000000000000002,0.1
13,5,1,4,False,0.07075780445172554,0.06216161257094921,0,qEHVI,0.2,0.05,0.65,0.1,0.0,0.0,0.0
13,5,1,4,False,0.07075780445172554,0.06216161257094921,1,qUCB,0.0,0.05,0.2,0.1,0.1,0.45,0.1
13,5,1,4,False,0.07075780445172554,0.06216161257094921,2,qUCB,0.05,0.0,0.30000000000000004,0.0,0.1,0.45,0.1
13,5,1,4,False,0.07075780445172554,0.06216161257094921,3,qUCB,0.0,0.0,0.30000000000000004,0.05,0.1,0.45,0.1
13,5,1,4,False,0.07075780445172554,0.06216161257094921,4,qUCB,0.0,0.30000000000000004,0.2,0.0,0.1,0.30000000000000004,0.1
13,6,0,5,True,0.0586619568096785,0.4170035420787599,0,qUCB,0.0,0.05,0.7000000000000001,0.1,0.0,0.1,0.05
13,6,0,5,True,0.0586619568096785,0.4170035420787599,1,qUCB,0.15000000000000002,0.0,0.7000000000000001,0.1,0.0,0.0,0.05
13,6,0,5,True,0.0586619568096785,0.4170035420787599,2,qUCB,0.0,0.4,0.2,0.1,0.0,0.2,0.1
13,6,0,5,True,0.0586619568096785,0.4170035420787599,3,qUCB,0.0,0.1,0.7000000000000001,0.05,0.0,0.05,0.1
13,6,0,5,True,0.0586619568096785,0.4170035420787599,4,qUCB,0.0,0.15000000000000002,0.65,0.1,0.0,0.0,0.1
14,1,5,0,False,0.14966538719821404,0.2389608785375188,0,qEHVI,0.15000000000000002,0.1,0.65,0.1,0.0,0.0,0.0
14,1,5,0,False,0.14966538719821404,0.2389608785375188,1,qEHVI,0.15000000000000002,0.15000000000000002,0.55,0.1,0.0,0.0,0.05
14,1,5,0,False,0.14966538719821404,0.2389608785375188,2,qEHVI,0.1,0.15000000000000002,0.7000000000000001,0.0,0.0,0.0,0.05
14,1,5,0,False,0.14966538719821404,0.2389608785375188,3,qEHVI,0.05,0.15000000000000002,0.7000000000000001,0.0,0.0,0.05,0.05
14,1,5,0,False,0.14966538719821404,0.2389608785375188,4,qEHVI,0.1,0.15000000000000002,0.6000000000000001,0.1,0.0,0.0,0.05
14,2,4,1,False,0.13322810539567628,0.7075274470338613,0,qEHVI,0.15000000000000002,0.1,0.65,0.1,0.0,0.0,0.0
14,2,4,1,False,0.13322810539567628,0.7075274470338613,1,qEHVI,0.15000000000000002,0.15000000000000002,0.55,0.1,0.0,0.0,0.05
14,2,4,1,False,0.13322810539567628,0.7075274470338613,2,qEHVI,0.1,0.15000000000000002,0.7000000000000001,0.0,0.0,0.0,0.05
14,2,4,1,False,0.13322810539567628,0.7075274470338613,3,qEHVI,0.1,0.15000000000000002,0.6000000000000001,0.1,0.0,0.0,0.05
14,2,4,1,False,0.13322810539567628,0.7075274470338613,4,qUCB,0.05,0.0,0.30000000000000004,0.0,0.1,0.45,0.1
14,3,3,2,False,0.11595266438191701,0.6361217314822412,0,qEHVI,0.15000000000000002,0.1,0.65,0.1,0.0,0.0,0.0
14,3,3,2,False,0.11595266438191701,0.6361217314822412,1,qEHVI,0.15000000000000002,0.15000000000000002,0.55,0.1,0.0,0.0,0.05
14,3,3,2,False,0.11595266438191701,0.6361217314822412,2,qEHVI,0.1,0.15000000000000002,0.7000000000000001,0.0,0.0,0.0,0.05
14,3,3,2,False,0.11595266438191701,0.6361217314822412,3,qUCB,0.05,0.0,0.30000000000000004,0.0,0.1,0.45,0.1
14,3,3,2,False,0.11595266438191701,0.6361217314822412,4,qUCB,0.15000000000000002,0.0,0.30000000000000004,0.0,0.1,0.45,0.0
14,4,2,3,False,0.09750327962199606,0.10483036484761943,0,qEHVI,0.15000000000000002,0.1,0.65,0.1,0.0,0.0,0.0
14,4,2,3,False,0.09750327962199606,0.10483036484761943,1,qEHVI,0.15000000000000002,0.15000000000000002,0.55,0.1,0.0,0.0,0.05
14,4,2,3,False,0.09750327962199606,0.10483036484761943,2,qUCB,0.05,0.0,0.30000000000000004,0.0,0.1,0.45,0.1
14,4,2,3,False,0.09750327962199606,0.10483036484761943,3,qUCB,0.15000000000000002,0.0,0.30000000000000004,0.0,0.1,0.45,0.0
14,4,2,3,False,0.09750327962199606,0.10483036484761943,4,qUCB,0.15000000000000002,0.0,0.30000000000000004,0.0,0.1,0.35000000000000003,0.1
14,5,1,4,False,0.07024841640817867,0.2670550519338013,0,qEHVI,0.15000000000000002,0.1,0.65,0.1,0.0,0.0,0.0
14,5,1,4,False,0.07024841640817867,0.2670550519338013,1,qUCB,0.05,0.0,0.30000000000000004,0.0,0.1,0.45,0.1
14,5,1,4,False,0.07024841640817867,0.2670550519338013,2,qUCB,0.15000000000000002,0.0,0.30000000000000004,0.0,0.1,0.35000000000000003,0.1
14,5,1,4,False,0.07024841640817867,0.2670550519338013,3,qUCB,0.0,0.0,0.4,0.0,0.1,0.4,0.1
14,5,1,4,False,0.07024841640817867,0.2670550519338013,4,qUCB,0.15000000000000002,0.0,0.30000000000000004,0.0,0.1,0.45,0.0
14,6,0,5,True,0.02319861835711547,0.22790757110789972,0,qUCB,0.05,0.05,0.65,0.1,0.0,0.05,0.1
14,6,0,5,True,0.02319861835711547,0.22790757110789972,1,qUCB,0.1,0.0,0.4,0.0,0.0,0.4,0.1
14,6,0,5,True,0.02319861835711547,0.22790757110789972,2,qUCB,0.1,0.0,0.7000000000000001,0.1,0.0,0.1,0.0
14,6,0,5,True,0.02319861835711547,0.22790757110789972,3,qUCB,0.1,0.0,0.55,0.0,0.0,0.35000000000000003,0.0
14,6,0,5,True,0.02319861835711547,0.22790757110789972,4,qUCB,0.35000000000000003,0.0,0.5,0.0,0.0,0.15000000000000002,0.0
15,1,5,0,False,0.17594371839187664,0.8358966344976739,0,qEHVI,0.1,0.2,0.55,0.1,0.0,0.0,0.05
15,1,5,0,False,0.17594371839187664,0.8358966344976739,1,qEHVI,0.05,0.1,0.7000000000000001,0.05,0.0,0.05,0.05
15,1,5,0,False,0.17594371839187664,0.8358966344976739,2,qEHVI,0.1,0.25,0.55,0.1,0.0,0.0,0.0
15,1,5,0,False,0.17594371839187664,0.8358966344976739,3,qEHVI,0.15000000000000002,0.2,0.5,0.1,0.0,0.0,0.05
15,1,5,0,False,0.17594371839187664,0.8358966344976739,4,qEHVI,0.15000000000000002,0.0,0.65,0.1,0.0,0.05,0.05
15,2,4,1,False,0.16004448965920234,2.1772281655406545,0,qEHVI,0.1,0.2,0.55,0.1,0.0,0.0,0.05
15,2,4,1,False,0.16004448965920234,2.1772281655406545,1,qEHVI,0.05,0.1,0.7000000000000001,0.05,0.0,0.05,0.05
15,2,4,1,False,0.16004448965920234,2.1772281655406545,2,qEHVI,0.1,0.25,0.55,0.1,0.0,0.0,0.0
15,2,4,1,False,0.16004448965920234,2.1772281655406545,3,qEHVI,0.15000000000000002,0.0,0.65,0.1,0.0,0.05,0.05
15,2,4,1,False,0.16004448965920234,2.1772281655406545,4,qUCB,0.0,0.0,0.30000000000000004,0.05,0.1,0.45,0.1
15,3,3,2,True,0.1442353268659601,0.2986343453432294,0,qEHVI,0.1,0.2,0.55,0.1,0.0,0.0,0.05
15,3,3,2,True,0.1442353268659601,0.2986343453432294,1,qEHVI,0.05,0.1,0.7000000000000001,0.05,0.0,0.05,0.05
15,3,3,2,True,0.1442353268659601,0.2986343453432294,2,qEHVI,0.1,0.25,0.55,0.1,0.0,0.0,0.0
15,3,3,2,True,0.1442353268659601,0.2986343453432294,3,qUCB,0.0,0.0,0.30000000000000004,0.05,0.1,0.45,0.1
15,3,3,2,True,0.1442353268659601,0.2986343453432294,4,qUCB,0.15000000000000002,0.0,0.2,0.0,0.1,0.45,0.1
15,4,2,3,False,0.11143922189947847,0.4274598328211878,0,qEHVI,0.1,0.2,0.55,0.1,0.0,0.0,0.05
15,4,2,3,False,0.11143922189947847,0.4274598328211878,1,qEHVI,0.05,0.1,0.7000000000000001,0.05,0.0,0.05,0.05
15,4,2,3,False,0.11143922189947847,0.4274598328211878,2,qUCB,0.0,0.0,0.30000000000000004,0.05,0.1,0.45,0.1
15,4,2,3,False,0.11143922189947847,0.4274598328211878,3,qUCB,0.15000000000000002,0.0,0.2,0.0,0.1,0.45,0.1
15,4,2,3,False,0.11143922189947847,0.4274598328211878,4,qUCB,0.15000000000000002,0.0,0.2,0.1,0.1,0.45,0.0
15,5,1,4,False,0.06885282819506332,0.2927119588586886,0,qEHVI,0.1,0.2,0.55,0.1,0.0,0.0,0.05
15,5,1,4,False,0.06885282819506332,0.2927119588586886,1,qUCB,0.05,0.0,0.30000000000000004,0.0,0.1,0.45,0.1
15,5,1,4,False,0.06885282819506332,0.2927119588586886,2,qUCB,0.15000000000000002,0.0,0.2,0.1,0.1,0.45,0.0
15,5,1,4,False,0.06885282819506332,0.2927119588586886,3,qUCB,0.0,0.0,0.4,0.0,0.1,0.4,0.1
15,5,1,4,False,0.06885282819506332,0.2927119588586886,4,qUCB,0.15000000000000002,0.0,0.2,0.0,0.1,0.45,0.1
15,6,0,5,False,0.133137325888386,0.543533952194422,0,qUCB,0.05,0.1,0.7000000000000001,0.05,0.0,0.05,0.05
15,6,0,5,False,0.133137325888386,0.543533952194422,1,qUCB,0.0,0.0,0.5,0.1,0.0,0.35000000000000003,0.05
15,6,0,5,False,0.133137325888386,0.543533952194422,2,qUCB,0.1,0.2,0.55,0.1,0.0,0.0,0.05
15,6,0,5,False,0.133137325888386,0.543533952194422,3,qUCB,0.15000000000000002,0.0,0.2,0.1,0.1,0.45,0.0
15,6,0,5,False,0.133137325888386,0.543533952194422,4,qUCB,0.15000000000000002,0.35000000000000003,0.5,0.0,0.0,0.0,0.0
16,1,5,0,False,0.1044208510791052,0.35027623294612553,0,qEHVI,0.1,0.05,0.7000000000000001,0.1,0.0,0.0,0.05
16,1,5,0,False,0.1044208510791052,0.35027623294612553,1,qEHVI,0.15000000000000002,0.1,0.65,0.1,0.0,0.0,0.0
16,1,5,0,False,0.1044208510791052,0.35027623294612553,2,qEHVI,0.25,0.0,0.6000000000000001,0.1,0.0,0.0,0.05
16,1,5,0,False,0.1044208510791052,0.35027623294612553,3,qEHVI,0.05,0.1,0.65,0.1,0.0,0.05,0.05
16,1,5,0,False,0.1044208510791052,0.35027623294612553,4,qEHVI,0.0,0.0,0.65,0.1,0.0,0.2,0.05
16,2,4,1,False,0.09162480865576386,0.37995122764453626,0,qEHVI,0.1,0.05,0.7000000000000001,0.1,0.0,0.0,0.05
16,2,4,1,False,0.09162480865576386,0.37995122764453626,1,qEHVI,0.15000000000000002,0.1,0.65,0.1,0.0,0.0,0.0
16,2,4,1,False,0.09162480865576386,0.37995122764453626,2,qEHVI,0.25,0.0,0.6000000000000001,0.1,0.0,0.0,0.05
16,2,4,1,False,0.09162480865576386,0.37995122764453626,3,qEHVI,0.05,0.1,0.65,0.1,0.0,0.05,0.05
16,2,4,1,False,0.09162480865576386,0.37995122764453626,4,qUCB,0.05,0.0,0.30000000000000004,0.0,0.1,0.45,0.1
16,3,3,2,True,0.07851299568462783,0.06808766699747792,0,qEHVI,0.1,0.05,0.7000000000000001,0.1,0.0,0.0,0.05
16,3,3,2,True,0.07851299568462783,0.06808766699747792,1,qEHVI,0.15000000000000002,0.1,0.65,0.1,0.0,0.0,0.0
16,3,3,2,True,0.07851299568462783,0.06808766699747792,2,qEHVI,0.25,0.0,0.6000000000000001,0.1,0.0,0.0,0.05
16,3,3,2,True,0.07851299568462783,0.06808766699747792,3,qUCB,0.0,0.0,0.4,0.0,0.1,0.4,0.1
16,3,3,2,True,0.07851299568462783,0.06808766699747792,4,qUCB,0.0,0.15000000000000002,0.2,0.0,0.1,0.45,0.1
16,4,2,3,False,0.06345465811901525,0.16062175426625735,0,qEHVI,0.1,0.05,0.7000000000000001,0.1,0.0,0.0,0.05
16,4,2,3,False,0.06345465811901525,0.16062175426625735,1,qEHVI,0.15000000000000002,0.1,0.65,0.1,0.0,0.0,0.0
16,4,2,3,False,0.06345465811901525,0.16062175426625735,2,qUCB,0.05,0.0,0.30000000000000004,0.0,0.1,0.45,0.1
16,4,2,3,False,0.06345465811901525,0.16062175426625735,3,qUCB,0.0,0.15000000000000002,0.2,0.0,0.1,0.45,0.1
16,4,2,3,False,0.06345465811901525,0.16062175426625735,4,qUCB,0.15000000000000002,0.0,0.30000000000000004,0.0,0.1,0.45,0.0
16,5,1,4,False,0.04091382707921045,0.7912765921081819,0,qEHVI,0.1,0.05,0.7000000000000001,0.1,0.0,0.0,0.05
16,5,1,4,False,0.04091382707921045,0.7912765921081819,1,qUCB,0.2,0.5,0.2,0.0,0.1,0.0,0.0
16,5,1,4,False,0.04091382707921045,0.7912765921081819,2,qUCB,0.35000000000000003,0.4,0.2,0.0,0.0,0.05,0.0
16,5,1,4,False,0.04091382707921045,0.7912765921081819,3,qUCB,0.15000000000000002,0.0,0.30000000000000004,0.0,0.1,0.45,0.0
16,5,1,4,False,0.04091382707921045,0.7912765921081819,4,qUCB,0.0,0.15000000000000002,0.2,0.0,0.1,0.45,0.1
16,6,0,5,False,0.05445456221355152,1.591182441425448,0,qUCB,0.1,0.05,0.7000000000000001,0.1,0.0,0.0,0.05
16,6,0,5,False,0.05445456221355152,1.591182441425448,1,qUCB,0.0,0.0,0.5,0.1,0.0,0.35000000000000003,0.05
16,6,0,5,False,0.05445456221355152,1.591182441425448,2,qUCB,0.2,0.0,0.7000000000000001,0.0,0.0,0.05,0.05
16,6,0,5,False,0.05445456221355152,1.591182441425448,3,qUCB,0.0,0.0,0.4,0.1,0.1,0.30000000000000004,0.1
16,6,0,5,False,0.05445456221355152,1.591182441425448,4,qUCB,0.0,0.0,0.6000000000000001,0.0,0.0,0.35000000000000003,0.05
17,1,5,0,False,0.07876395405825676,0.06467501786585395,0,qEHVI,0.2,0.0,0.65,0.1,0.0,0.0,0.05
17,1,5,0,False,0.07876395405825676,0.06467501786585395,1,qEHVI,0.0,0.0,0.65,0.1,0.0,0.2,0.05
17,1,5,0,False,0.07876395405825676,0.06467501786585395,2,qEHVI,0.25,0.0,0.65,0.05,0.0,0.0,0.05
17,1,5,0,False,0.07876395405825676,0.06467501786585395,3,qEHVI,0.1,0.05,0.65,0.1,0.0,0.0,0.1
17,1,5,0,False,0.07876395405825676,0.06467501786585395,4,qEHVI,0.0,0.0,0.6000000000000001,0.1,0.0,0.25,0.05
17,2,4,1,False,0.06877090116800413,0.07910830014420256,0,qEHVI,0.2,0.0,0.65,0.1,0.0,0.0,0.05
17,2,4,1,False,0.06877090116800413,0.07910830014420256,1,qEHVI,0.0,0.0,0.65,0.1,0.0,0.2,0.05
17,2,4,1,False,0.06877090116800413,0.07910830014420256,2,qEHVI,0.25,0.0,0.65,0.05,0.0,0.0,0.05
17,2,4,1,False,0.06877090116800413,0.07910830014420256,3,qEHVI,0.1,0.05,0.65,0.1,0.0,0.0,0.1
17,2,4,1,False,0.06877090116800413,0.07910830014420256,4,qUCB,0.1,0.5,0.2,0.1,0.1,0.0,0.0
17,3,3,2,True,0.059436130248365734,0.10526827288554585,0,qEHVI,0.2,0.0,0.65,0.1,0.0,0.0,0.05
17,3,3,2,True,0.059436130248365734,0.10526827288554585,1,qEHVI,0.0,0.0,0.65,0.1,0.0,0.2,0.05
17,3,3,2,True,0.059436130248365734,0.10526827288554585,2,qEHVI,0.25,0.0,0.65,0.05,0.0,0.0,0.05
17,3,3,2,True,0.059436130248365734,0.10526827288554585,3,qUCB,0.1,0.5,0.2,0.1,0.1,0.0,0.0
17,3,3,2,True,0.059436130248365734,0.10526827288554585,4,qUCB,0.2,0.5,0.2,0.0,0.0,0.0,0.1
17,4,2,3,False,0.04804573467731921,0.053350324223186085,0,qEHVI,0.2,0.0,0.65,0.1,0.0,0.0,0.05
17,4,2,3,False,0.04804573467731921,0.053350324223186085,1,qEHVI,0.0,0.0,0.65,0.1,0.0,0.2,0.05
17,4,2,3,False,0.04804573467731921,0.053350324223186085,2,qUCB,0.2,0.5,0.2,0.0,0.0,0.0,0.1
17,4,2,3,False,0.04804573467731921,0.053350324223186085,3,qUCB,0.05,0.5,0.35000000000000003,0.0,0.1,0.0,0.0
17,4,2,3,False,0.04804573467731921,0.053350324223186085,4,qUCB,0.15000000000000002,0.5,0.2,0.0,0.1,0.0,0.05
17,5,1,4,False,0.030027535140347873,0.2053709644987496,0,qEHVI,0.2,0.0,0.65,0.1,0.0,0.0,0.05
17,5,1,4,False,0.030027535140347873,0.2053709644987496,1,qUCB,0.05,0.0,0.30000000000000004,0.0,0.1,0.45,0.1
17,5,1,4,False,0.030027535140347873,0.2053709644987496,2,qUCB,0.2,0.5,0.2,0.0,0.0,0.0,0.1
17,5,1,4,False,0.030027535140347873,0.2053709644987496,3,qUCB,0.2,0.05,0.2,0.0,0.1,0.45,0.0
17,5,1,4,False,0.030027535140347873,0.2053709644987496,4,qUCB,0.15000000000000002,0.5,0.2,0.0,0.1,0.0,0.05
17,6,0,5,False,0.03060735246077246,0.13751230671440862,0,qUCB,0.0,0.0,0.65,0.1,0.0,0.2,0.05
17,6,0,5,False,0.03060735246077246,0.13751230671440862,1,qUCB,0.0,0.0,0.6000000000000001,0.0,0.0,0.35000000000000003,0.05
17,6,0,5,False,0.03060735246077246,0.13751230671440862,2,qUCB,0.0,0.15000000000000002,0.7000000000000001,0.0,0.0,0.05,0.1
17,6,0,5,False,0.03060735246077246,0.13751230671440862,3,qUCB,0.0,0.0,0.55,0.1,0.0,0.30000000000000004,0.05
17,6,0,5,False,0.03060735246077246,0.13751230671440862,4,qUCB,0.35000000000000003,0.0,0.55,0.0,0.0,0.0,0.1
18,1,5,0,False,0.08237475307138044,0.4544066893418819,0,qEHVI,0.2,0.05,0.6000000000000001,0.1,0.0,0.0,0.05
18,1,5,0,False,0.08237475307138044,0.4544066893418819,1,qEHVI,0.0,0.0,0.7000000000000001,0.05,0.0,0.2,0.05
18,1,5,0,False,0.08237475307138044,0.4544066893418819,2,qEHVI,0.05,0.1,0.65,0.1,0.0,0.05,0.05
18,1,5,0,False,0.08237475307138044,0.4544066893418819,3,qEHVI,0.30000000000000004,0.0,0.6000000000000001,0.1,0.0,0.0,0.0
18,1,5,0,False,0.08237475307138044,0.4544066893418819,4,qEHVI,0.0,0.15000000000000002,0.65,0.1,0.0,0.05,0.05
18,2,4,1,False,0.07235935576607821,0.2739154967899129,0,qEHVI,0.2,0.05,0.6000000000000001,0.1,0.0,0.0,0.05
18,2,4,1,False,0.07235935576607821,0.2739154967899129,1,qEHVI,0.0,0.0,0.7000000000000001,0.05,0.0,0.2,0.05
18,2,4,1,False,0.07235935576607821,0.2739154967899129,2,qEHVI,0.05,0.1,0.65,0.1,0.0,0.05,0.05
18,2,4,1,False,0.07235935576607821,0.2739154967899129,3,qEHVI,0.30000000000000004,0.0,0.6000000000000001,0.1,0.0,0.0,0.0
18,2,4,1,False,0.07235935576607821,0.2739154967899129,4,qUCB,0.25,0.5,0.2,0.0,0.05,0.0,0.0
18,3,3,2,True,0.06358894533610743,0.13624550979843075,0,qEHVI,0.2,0.05,0.6000000000000001,0.1,0.0,0.0,0.05
18,3,3,2,True,0.06358894533610743,0.13624550979843075,1,qEHVI,0.0,0.0,0.7000000000000001,0.05,0.0,0.2,0.05
18,3,3,2,True,0.06358894533610743,0.13624550979843075,2,qEHVI,0.05,0.1,0.65,0.1,0.0,0.05,0.05
18,3,3,2,True,0.06358894533610743,0.13624550979843075,3,qUCB,0.25,0.5,0.2,0.0,0.05,0.0,0.0
18,3,3,2,True,0.06358894533610743,0.13624550979843075,4,qUCB,0.35000000000000003,0.35000000000000003,0.2,0.0,0.0,0.1,0.0
18,4,2,3,False,0.045303727368921264,0.16430051277066893,0,qEHVI,0.2,0.05,0.6000000000000001,0.1,0.0,0.0,0.05
18,4,2,3,False,0.045303727368921264,0.16430051277066893,1,qEHVI,0.0,0.0,0.7000000000000001,0.05,0.0,0.2,0.05
18,4,2,3,False,0.045303727368921264,0.16430051277066893,2,qUCB,0.25,0.5,0.2,0.0,0.05,0.0,0.0
18,4,2,3,False,0.045303727368921264,0.16430051277066893,3,qUCB,0.35000000000000003,0.35000000000000003,0.2,0.0,0.0,0.1,0.0
18,4,2,3,False,0.045303727368921264,0.16430051277066893,4,qUCB,0.2,0.0,0.2,0.05,0.1,0.45,0.0
18,5,1,4,False,0.025718652075461403,0.1554610230277409,0,qEHVI,0.2,0.05,0.6000000000000001,0.1,0.0,0.0,0.05
18,5,1,4,False,0.025718652075461403,0.1554610230277409,1,qUCB,0.0,0.0,0.4,0.0,0.1,0.45,0.05
18,5,1,4,False,0.025718652075461403,0.1554610230277409,2,qUCB,0.1,0.0,0.35000000000000003,0.0,0.1,0.45,0.0
18,5,1,4,False,0.025718652075461403,0.1554610230277409,3,qUCB,0.0,0.0,0.55,0.0,0.1,0.35000000000000003,0.0
18,5,1,4,False,0.025718652075461403,0.1554610230277409,4,qUCB,0.30000000000000004,0.0,0.2,0.0,0.1,0.30000000000000004,0.1
18,6,0,5,False,0.016118328412037787,0.04931081959404038,0,qUCB,0.05,0.05,0.7000000000000001,0.05,0.0,0.05,0.1
18,6,0,5,False,0.016118328412037787,0.04931081959404038,1,qUCB,0.0,0.0,0.55,0.05,0.0,0.35000000000000003,0.05
18,6,0,5,False,0.016118328412037787,0.04931081959404038,2,qUCB,0.35000000000000003,0.0,0.55,0.0,0.0,0.0,0.1
18,6,0,5,False,0.016118328412037787,0.04931081959404038,3,qUCB,0.15000000000000002,0.0,0.7000000000000001,0.0,0.0,0.1,0.05
18,6,0,5,False,0.016118328412037787,0.04931081959404038,4,qUCB,0.35000000000000003,0.30000000000000004,0.2,0.0,0.0,0.15000000000000002,0.0
19,1,5,0,False,0.07206516375956322,0.03887339775631027,0,qEHVI,0.25,0.05,0.6000000000000001,0.1,0.0,0.0,0.0
19,1,5,0,False,0.07206516375956322,0.03887339775631027,1,qEHVI,0.1,0.05,0.7000000000000001,0.05,0.0,0.0,0.1
19,1,5,0,False,0.07206516375956322,0.03887339775631027,2,qEHVI,0.2,0.05,0.65,0.05,0.0,0.0,0.05
19,1,5,0,False,0.07206516375956322,0.03887339775631027,3,qEHVI,0.0,0.15000000000000002,0.7000000000000001,0.05,0.0,0.05,0.05
19,1,5,0,False,0.07206516375956322,0.03887339775631027,4,qEHVI,0.35000000000000003,0.0,0.55,0.1,0.0,0.0,0.0
19,2,4,1,False,0.06317828873784258,0.11088324969719032,0,qEHVI,0.25,0.05,0.6000000000000001,0.1,0.0,0.0,0.0
19,2,4,1,False,0.06317828873784258,0.11088324969719032,1,qEHVI,0.1,0.05,0.7000000000000001,0.05,0.0,0.0,0.1
19,2,4,1,False,0.06317828873784258,0.11088324969719032,2,qEHVI,0.2,0.05,0.65,0.05,0.0,0.0,0.05
19,2,4,1,False,0.06317828873784258,0.11088324969719032,3,qEHVI,0.0,0.15000000000000002,0.7000000000000001,0.05,0.0,0.05,0.05
19,2,4,1,False,0.06317828873784258,0.11088324969719032,4,qUCB,0.0,0.05,0.2,0.1,0.1,0.45,0.1
19,3,3,2,True,0.05536757411852925,0.3770987810878452,0,qEHVI,0.25,0.05,0.6000000000000001,0.1,0.0,0.0,0.0
19,3,3,2,True,0.05536757411852925,0.3770987810878452,1,qEHVI,0.1,0.05,0.7000000000000001,0.05,0.0,0.0,0.1
19,3,3,2,True,0.05536757411852925,0.3770987810878452,2,qEHVI,0.2,0.05,0.65,0.05,0.0,0.0,0.05
19,3,3,2,True,0.05536757411852925,0.3770987810878452,3,qUCB,0.0,0.05,0.2,0.1,0.1,0.45,0.1
19,3,3,2,True,0.05536757411852925,0.3770987810878452,4,qUCB,0.0,0.0,0.35000000000000003,0.1,0.1,0.4,0.05
19,4,2,3,False,0.04419143563633733,0.2164752974706312,0,qEHVI,0.25,0.05,0.6000000000000001,0.1,0.0,0.0,0.0
19,4,2,3,False,0.04419143563633733,0.2164752974706312,1,qEHVI,0.1,0.05,0.7000000000000001,0.05,0.0,0.0,0.1
19,4,2,3,False,0.04419143563633733,0.2164752974706312,2,qUCB,0.0,0.05,0.2,0.1,0.1,0.45,0.1
19,4,2,3,False,0.04419143563633733,0.2164752974706312,3,qUCB,0.0,0.0,0.35000000000000003,0.1,0.1,0.4,0.05
19,4,2,3,False,0.04419143563633733,0.2164752974706312,4,qUCB,0.1,0.0,0.35000000000000003,0.0,0.1,0.45,0.0
19,5,1,4,False,0.028248258875900708,0.07264273261933152,0,qEHVI,0.25,0.05,0.6000000000000001,0.1,0.0,0.0,0.0
19,5,1,4,False,0.028248258875900708,0.07264273261933152,1,qUCB,0.0,0.05,0.2,0.1,0.1,0.45,0.1
19,5,1,4,False,0.028248258875900708,0.07264273261933152,2,qUCB,0.0,0.0,0.4,0.0,0.1,0.45,0.05
19,5,1,4,False,0.028248258875900708,0.07264273261933152,3,qUCB,0.0,0.5,0.4,0.0,0.0,0.0,0.1
19,5,1,4,False,0.028248258875900708,0.07264273261933152,4,qUCB,0.30000000000000004,0.0,0.2,0.0,0.1,0.30000000000000004,0.1
19,6,0,5,False,0.010475309477570789,0.1332672415987104,0,qUCB,0.0,0.1,0.65,0.1,0.0,0.1,0.05
19,6,0,5,False,0.010475309477570789,0.1332672415987104,1,qUCB,0.0,0.0,0.6000000000000001,0.0,0.0,0.35000000000000003,0.05
19,6,0,5,False,0.010475309477570789,0.1332672415987104,2,qUCB,0.0,0.0,0.4,0.1,0.1,0.35000000000000003,0.05
19,6,0,5,False,0.010475309477570789,0.1332672415987104,3,qUCB,0.35000000000000003,0.0,0.55,0.0,0.0,0.0,0.1
19,6,0,5,False,0.010475309477570789,0.1332672415987104,4,qUCB,0.2,0.0,0.7000000000000001,0.0,0.0,0.05,0.05
20,1,5,0,False,0.08507789956814277,0.42588642120530196,0,qEHVI,0.25,0.0,0.65,0.1,0.0,0.0,0.0
20,1,5,0,False,0.08507789956814277,0.42588642120530196,1,qEHVI,0.1,0.05,0.65,0.1,0.0,0.0,0.1
20,1,5,0,False,0.08507789956814277,0.42588642120530196,2,qEHVI,0.15000000000000002,0.1,0.6000000000000001,0.1,0.0,0.0,0.05
20,1,5,0,False,0.08507789956814277,0.42588642120530196,3,qEHVI,0.30000000000000004,0.0,0.6000000000000001,0.1,0.0,0.0,0.0
20,1,5,0,False,0.08507789956814277,0.42588642120530196,4,qEHVI,0.1,0.0,0.7000000000000001,0.05,0.0,0.05,0.1
20,2,4,1,False,0.07645655875406678,1.1565184139911544,0,qEHVI,0.25,0.0,0.65,0.1,0.0,0.0,0.0
20,2,4,1,False,0.07645655875406678,1.1565184139911544,1,qEHVI,0.1,0.05,0.65,0.1,0.0,0.0,0.1
20,2,4,1,False,0.07645655875406678,1.1565184139911544,2,qEHVI,0.15000000000000002,0.1,0.6000000000000001,0.1,0.0,0.0,0.05
20,2,4,1,False,0.07645655875406678,1.1565184139911544,3,qEHVI,0.30000000000000004,0.0,0.6000000000000001,0.1,0.0,0.0,0.0
20,2,4,1,False,0.07645655875406678,1.1565184139911544,4,qUCB,0.0,0.0,0.4,0.0,0.1,0.45,0.05
20,3,3,2,True,0.06606634623935494,0.15179431560152779,0,qEHVI,0.25,0.0,0.65,0.1,0.0,0.0,0.0
20,3,3,2,True,0.06606634623935494,0.15179431560152779,1,qEHVI,0.1,0.05,0.65,0.1,0.0,0.0,0.1
20,3,3,2,True,0.06606634623935494,0.15179431560152779,2,qEHVI,0.15000000000000002,0.1,0.6000000000000001,0.1,0.0,0.0,0.05
20,3,3,2,True,0.06606634623935494,0.15179431560152779,3,qUCB,0.0,0.0,0.4,0.0,0.1,0.45,0.05
20,3,3,2,True,0.06606634623935494,0.15179431560152779,4,qUCB,0.0,0.0,0.55,0.0,0.1,0.35000000000000003,0.0
20,4,2,3,False,0.052619243349929797,0.024594579003895056,0,qEHVI,0.25,0.0,0.65,0.1,0.0,0.0,0.0
20,4,2,3,False,0.052619243349929797,0.024594579003895056,1,qEHVI,0.1,0.05,0.65,0.1,0.0,0.0,0.1
20,4,2,3,False,0.052619243349929797,0.024594579003895056,2,qUCB,0.0,0.0,0.4,0.0,0.1,0.45,0.05
20,4,2,3,False,0.052619243349929797,0.024594579003895056,3,qUCB,0.0,0.0,0.55,0.0,0.1,0.35000000000000003,0.0
20,4,2,3,False,0.052619243349929797,0.024594579003895056,4,qUCB,0.30000000000000004,0.0,0.2,0.0,0.1,0.30000000000000004,0.1
20,5,1,4,False,0.039273218469590726,0.025252679554487845,0,qEHVI,0.25,0.0,0.65,0.1,0.0,0.0,0.0
20,5,1,4,False,0.039273218469590726,0.025252679554487845,1,qUCB,0.0,0.0,0.30000000000000004,0.1,0.1,0.4,0.1
20,5,1,4,False,0.039273218469590726,0.025252679554487845,2,qUCB,0.0,0.5,0.4,0.0,0.0,0.0,0.1
20,5,1,4,False,0.039273218469590726,0.025252679554487845,3,qUCB,0.0,0.0,0.5,0.0,0.1,0.30000000000000004,0.1
20,5,1,4,False,0.039273218469590726,0.025252679554487845,4,qUCB,0.30000000000000004,0.0,0.2,0.0,0.1,0.30000000000000004,0.1
20,6,0,5,False,0.01959526405335518,0.24139833256847165,0,qUCB,0.05,0.05,0.7000000000000001,0.05,0.0,0.05,0.1
20,6,0,5,False,0.01959526405335518,0.24139833256847165,1,qUCB,0.0,0.0,0.6000000000000001,0.0,0.0,0.35000000000000003,0.05
20,6,0,5,False,0.01959526405335518,0.24139833256847165,2,qUCB,0.0,0.0,0.55,0.1,0.0,0.35000000000000003,0.0
20,6,0,5,False,0.01959526405335518,0.24139833256847165,3,qUCB,0.15000000000000002,0.0,0.7000000000000001,0.0,0.0,0.1,0.05
20,6,0,5,False,0.01959526405335518,0.24139833256847165,4,qUCB,0.0,0.0,0.65,0.0,0.0,0.25,0.1
21,1,5,0,False,0.07543359479983343,0.4328867571306336,0,qEHVI,0.30000000000000004,0.0,0.6000000000000001,0.1,0.0,0.0,0.0
21,1,5,0,False,0.07543359479983343,0.4328867571306336,1,qEHVI,0.0,0.2,0.7000000000000001,0.05,0.0,0.0,0.05
21,1,5,0,False,0.07543359479983343,0.4328867571306336,2,qEHVI,0.0,0.15000000000000002,0.65,0.1,0.0,0.05,0.05
21,1,5,0,False,0.07543359479983343,0.4328867571306336,3,qEHVI,0.15000000000000002,0.05,0.65,0.1,0.0,0.0,0.05
21,1,5,0,False,0.07543359479983343,0.4328867571306336,4,qEHVI,0.35000000000000003,0.0,0.55,0.1,0.0,0.0,0.0
21,2,4,1,False,0.06741996008515523,0.09965086040812743,0,qEHVI,0.30000000000000004,0.0,0.6000000000000001,0.1,0.0,0.0,0.0
21,2,4,1,False,0.06741996008515523,0.09965086040812743,1,qEHVI,0.0,0.2,0.7000000000000001,0.05,0.0,0.0,0.05
21,2,4,1,False,0.06741996008515523,0.09965086040812743,2,qEHVI,0.0,0.15000000000000002,0.65,0.1,0.0,0.05,0.05
21,2,4,1,False,0.06741996008515523,0.09965086040812743,3,qEHVI,0.15000000000000002,0.05,0.65,0.1,0.0,0.0,0.05
21,2,4,1,False,0.06741996008515523,0.09965086040812743,4,qUCB,0.05,0.0,0.30000000000000004,0.0,0.1,0.45,0.1
21,3,3,2,True,0.05778418748764748,0.9074708799065387,0,qEHVI,0.30000000000000004,0.0,0.6000000000000001,0.1,0.0,0.0,0.0
21,3,3,2,True,0.05778418748764748,0.9074708799065387,1,qEHVI,0.0,0.2,0.7000000000000001,0.05,0.0,0.0,0.05
21,3,3,2,True,0.05778418748764748,0.9074708799065387,2,qEHVI,0.0,0.15000000000000002,0.65,0.1,0.0,0.05,0.05
21,3,3,2,True,0.05778418748764748,0.9074708799065387,3,qUCB,0.05,0.0,0.30000000000000004,0.0,0.1,0.45,0.1
21,3,3,2,True,0.05778418748764748,0.9074708799065387,4,qUCB,0.15000000000000002,0.0,0.30000000000000004,0.0,0.1,0.45,0.0
21,4,2,3,False,0.0460879351817922,0.856931362064894,0,qEHVI,0.30000000000000004,0.0,0.6000000000000001,0.1,0.0,0.0,0.0
21,4,2,3,False,0.0460879351817922,0.856931362064894,1,qEHVI,0.0,0.2,0.7000000000000001,0.05,0.0,0.0,0.05
21,4,2,3,False,0.0460879351817922,0.856931362064894,2,qUCB,0.05,0.0,0.30000000000000004,0.0,0.1,0.45,0.1
21,4,2,3,False,0.0460879351817922,0.856931362064894,3,qUCB,0.1,0.0,0.2,0.1,0.1,0.45,0.05
21,4,2,3,False,0.0460879351817922,0.856931362064894,4,qUCB,0.30000000000000004,0.0,0.2,0.0,0.1,0.30000000000000004,0.1
21,5,1,4,False,0.03256539328167813,0.023325236955586526,0,qEHVI,0.30000000000000004,0.0,0.6000000000000001,0.1,0.0,0.0,0.0
21,5,1,4,False,0.03256539328167813,0.023325236955586526,1,qUCB,0.0,0.0,0.4,0.0,0.05,0.45,0.1
21,5,1,4,False,0.03256539328167813,0.023325236955586526,2,qUCB,0.05,0.5,0.35000000000000003,0.0,0.0,0.0,0.1
21,5,1,4,False,0.03256539328167813,0.023325236955586526,3,qUCB,0.05,0.0,0.30000000000000004,0.0,0.1,0.45,0.1
21,5,1,4,False,0.03256539328167813,0.023325236955586526,4,qUCB,0.0,0.0,0.55,0.0,0.1,0.25,0.1
21,6,0,5,False,0.005719788344794533,0.32940269361095176,0,qUCB,0.0,0.15000000000000002,0.7000000000000001,0.0,0.0,0.05,0.1
21,6,0,5,False,0.005719788344794533,0.32940269361095176,1,qUCB,0.0,0.0,0.6000000000000001,0.05,0.0,0.30000000000000004,0.05
21,6,0,5,False,0.005719788344794533,0.32940269361095176,2,qUCB,0.35000000000000003,0.0,0.55,0.0,0.0,0.0,0.1
21,6,0,5,False,0.005719788344794533,0.32940269361095176,3,qUCB,0.15000000000000002,0.0,0.65,0.0,0.0,0.1,0.1
21,6,0,5,False,0.005719788344794533,0.32940269361095176,4,qUCB,0.0,0.5,0.30000000000000004,0.1,0.0,0.0,0.1
22,1,5,0,False,0.06085521232711615,0.9283632997909557,0,qEHVI,0.30000000000000004,0.05,0.6000000000000001,0.05,0.0,0.0,0.0
22,1,5,0,False,0.06085521232711615,0.9283632997909557,1,qEHVI,0.1,0.0,0.65,0.1,0.0,0.1,0.05
22,1,5,0,False,0.06085521232711615,0.9283632997909557,2,qEHVI,0.15000000000000002,0.05,0.65,0.1,0.0,0.0,0.05
22,1,5,0,False,0.06085521232711615,0.9283632997909557,3,qEHVI,0.1,0.1,0.7000000000000001,0.0,0.0,0.0,0.1
22,1,5,0,False,0.06085521232711615,0.9283632997909557,4,qEHVI,0.25,0.05,0.65,0.05,0.0,0.0,0.0
22,2,4,1,False,0.051987057155983084,0.28064905759993053,0,qEHVI,0.30000000000000004,0.05,0.6000000000000001,0.05,0.0,0.0,0.0
22,2,4,1,False,0.051987057155983084,0.28064905759993053,1,qEHVI,0.1,0.0,0.65,0.1,0.0,0.1,0.05
22,2,4,1,False,0.051987057155983084,0.28064905759993053,2,qEHVI,0.15000000000000002,0.05,0.65,0.1,0.0,0.0,0.05
22,2,4,1,False,0.051987057155983084,0.28064905759993053,3,qEHVI,0.1,0.1,0.7000000000000001,0.0,0.0,0.0,0.1
22,2,4,1,False,0.051987057155983084,0.28064905759993053,4,qUCB,0.05,0.0,0.35000000000000003,0.0,0.1,0.45,0.05
22,3,3,2,True,0.04288983449789362,0.9013813710429215,0,qEHVI,0.30000000000000004,0.05,0.6000000000000001,0.05,0.0,0.0,0.0
22,3,3,2,True,0.04288983449789362,0.9013813710429215,1,qEHVI,0.1,0.0,0.65,0.1,0.0,0.1,0.05
22,3,3,2,True,0.04288983449789362,0.9013813710429215,2,qEHVI,0.15000000000000002,0.05,0.65,0.1,0.0,0.0,0.05
22,3,3,2,True,0.04288983449789362,0.9013813710429215,3,qUCB,0.0,0.5,0.4,0.0,0.0,0.0,0.1
22,3,3,2,True,0.04288983449789362,0.9013813710429215,4,qUCB,0.1,0.5,0.30000000000000004,0.0,0.0,0.0,0.1
22,4,2,3,False,0.03166160446908448,0.09819519838262547,0,qEHVI,0.30000000000000004,0.05,0.6000000000000001,0.05,0.0,0.0,0.0
22,4,2,3,False,0.03166160446908448,0.09819519838262547,1,qEHVI,0.1,0.0,0.65,0.1,0.0,0.1,0.05
22,4,2,3,False,0.03166160446908448,0.09819519838262547,2,qUCB,0.0,0.5,0.4,0.0,0.0,0.0,0.1
22,4,2,3,False,0.03166160446908448,0.09819519838262547,3,qUCB,0.1,0.5,0.30000000000000004,0.0,0.0,0.0,0.1
22,4,2,3,False,0.03166160446908448,0.09819519838262547,4,qUCB,0.15000000000000002,0.5,0.2,0.1,0.0,0.0,0.05
22,5,1,4,False,0.02057538603336926,0.12421104932730742,0,qEHVI,0.30000000000000004,0.05,0.6000000000000001,0.05,0.0,0.0,0.0
22,5,1,4,False,0.02057538603336926,0.12421104932730742,1,qUCB,0.0,0.0,0.30000000000000004,0.1,0.05,0.45,0.1
22,5,1,4,False,0.02057538603336926,0.12421104932730742,2,qUCB,0.0,0.0,0.35000000000000003,0.1,0.1,0.35000000000000003,0.1
22,5,1,4,False,0.02057538603336926,0.12421104932730742,3,qUCB,0.0,0.5,0.4,0.0,0.0,0.0,0.1
22,5,1,4,False,0.02057538603336926,0.12421104932730742,4,qUCB,0.0,0.0,0.30000000000000004,0.1,0.1,0.45,0.05
22,6,0,5,False,0.017525373518761076,0.15642645804250765,0,qUCB,0.05,0.05,0.7000000000000001,0.05,0.0,0.05,0.1
22,6,0,5,False,0.017525373518761076,0.15642645804250765,1,qUCB,0.0,0.0,0.6000000000000001,0.0,0.0,0.35000000000000003,0.05
22,6,0,5,False,0.017525373518761076,0.15642645804250765,2,qUCB,0.15000000000000002,0.0,0.7000000000000001,0.0,0.0,0.1,0.05
22,6,0,5,False,0.017525373518761076,0.15642645804250765,3,qUCB,0.35000000000000003,0.0,0.55,0.0,0.0,0.0,0.1
22,6,0,5,False,0.017525373518761076,0.15642645804250765,4,qUCB,0.0,0.15000000000000002,0.7000000000000001,0.0,0.0,0.05,0.1
23,1,5,0,False,0.06933231927836021,1.0864528695498148,0,qEHVI,0.2,0.05,0.65,0.1,0.0,0.0,0.0
23,1,5,0,False,0.06933231927836021,1.0864528695498148,1,qEHVI,0.15000000000000002,0.0,0.7000000000000001,0.0,0.0,0.1,0.05
23,1,5,0,False,0.06933231927836021,1.0864528695498148,2,qEHVI,0.35000000000000003,0.0,0.55,0.1,0.0,0.0,0.0
23,1,5,0,False,0.06933231927836021,1.0864528695498148,3,qEHVI,0.1,0.05,0.6000000000000001,0.1,0.0,0.05,0.1
23,1,5,0,False,0.06933231927836021,1.0864528695498148,4,qEHVI,0.05,0.0,0.65,0.0,0.0,0.2,0.1
23,2,4,1,False,0.06373833886130426,0.23167439584183924,0,qEHVI,0.2,0.05,0.65,0.1,0.0,0.0,0.0
23,2,4,1,False,0.06373833886130426,0.23167439584183924,1,qEHVI,0.15000000000000002,0.0,0.7000000000000001,0.0,0.0,0.1,0.05
23,2,4,1,False,0.06373833886130426,0.23167439584183924,2,qEHVI,0.35000000000000003,0.0,0.55,0.1,0.0,0.0,0.0
23,2,4,1,False,0.06373833886130426,0.23167439584183924,3,qEHVI,0.1,0.05,0.6000000000000001,0.1,0.0,0.05,0.1
23,2,4,1,False,0.06373833886130426,0.23167439584183924,4,qUCB,0.0,0.0,0.30000000000000004,0.1,0.1,0.45,0.05
23,3,3,2,True,0.05760926805136645,0.43822142044264467,0,qEHVI,0.2,0.05,0.65,0.1,0.0,0.0,0.0
23,3,3,2,True,0.05760926805136645,0.43822142044264467,1,qEHVI,0.15000000000000002,0.0,0.7000000000000001,0.0,0.0,0.1,0.05
23,3,3,2,True,0.05760926805136645,0.43822142044264467,2,qEHVI,0.35000000000000003,0.0,0.55,0.1,0.0,0.0,0.0
23,3,3,2,True,0.05760926805136645,0.43822142044264467,3,qUCB,0.0,0.0,0.30000000000000004,0.1,0.1,0.45,0.05
23,3,3,2,True,0.05760926805136645,0.43822142044264467,4,qUCB,0.0,0.0,0.35000000000000003,0.1,0.1,0.35000000000000003,0.1
23,4,2,3,False,0.04856723853383746,0.04659791728817808,0,qEHVI,0.2,0.05,0.65,0.1,0.0,0.0,0.0
23,4,2,3,False,0.04856723853383746,0.04659791728817808,1,qEHVI,0.15000000000000002,0.0,0.7000000000000001,0.0,0.0,0.1,0.05
23,4,2,3,False,0.04856723853383746,0.04659791728817808,2,qUCB,0.0,0.0,0.30000000000000004,0.1,0.1,0.45,0.05
23,4,2,3,False,0.04856723853383746,0.04659791728817808,3,qUCB,0.0,0.0,0.35000000000000003,0.1,0.1,0.35000000000000003,0.1
23,4,2,3,False,0.04856723853383746,0.04659791728817808,4,qUCB,0.1,0.0,0.2,0.1,0.1,0.4,0.1
23,5,1,4,False,0.03764097839160197,0.10337681362360573,0,qEHVI,0.2,0.05,0.65,0.1,0.0,0.0,0.0
23,5,1,4,False,0.03764097839160197,0.10337681362360573,1,qUCB,0.0,0.0,0.35000000000000003,0.05,0.05,0.45,0.1
23,5,1,4,False,0.03764097839160197,0.10337681362360573,2,qUCB,0.0,0.0,0.5,0.0,0.1,0.30000000000000004,0.1
23,5,1,4,False,0.03764097839160197,0.10337681362360573,3,qUCB,0.35000000000000003,0.0,0.2,0.0,0.1,0.25,0.1
23,5,1,4,False,0.03764097839160197,0.10337681362360573,4,qUCB,0.0,0.0,0.35000000000000003,0.1,0.1,0.35000000000000003,0.1
23,6,0,5,False,0.01928433450175971,0.25115457256754503,0,qUCB,0.05,0.05,0.7000000000000001,0.05,0.0,0.05,0.1
23,6,0,5,False,0.01928433450175971,0.25115457256754503,1,qUCB,0.0,0.0,0.55,0.1,0.0,0.30000000000000004,0.05
23,6,0,5,False,0.01928433450175971,0.25115457256754503,2,qUCB,0.15000000000000002,0.0,0.7000000000000001,0.0,0.0,0.1,0.05
23,6,0,5,False,0.01928433450175971,0.25115457256754503,3,qUCB,0.0,0.0,0.55,0.0,0.0,0.35000000000000003,0.1
23,6,0,5,False,0.01928433450175971,0.25115457256754503,4,qUCB,0.0,0.0,0.55,0.0,0.0,0.4,0.05
24,1,5,0,False,0.05326332299317491,1.0079159733236338,0,qEHVI,0.25,0.05,0.65,0.05,0.0,0.0,0.0
24,1,5,0,False,0.05326332299317491,1.0079159733236338,1,qEHVI,0.1,0.1,0.7000000000000001,0.0,0.0,0.0,0.1
24,1,5,0,False,0.05326332299317491,1.0079159733236338,2,qEHVI,0.15000000000000002,0.15000000000000002,0.6000000000000001,0.1,0.0,0.0,0.0
24,1,5,0,False,0.05326332299317491,1.0079159733236338,3,qEHVI,0.0,0.0,0.65,0.05,0.0,0.2,0.1
24,1,5,0,False,0.05326332299317491,1.0079159733236338,4,qEHVI,0.1,0.05,0.6000000000000001,0.1,0.0,0.1,0.05
24,2,4,1,False,0.04684833114539592,0.17424337193878614,0,qEHVI,0.25,0.05,0.65,0.05,0.0,0.0,0.0
24,2,4,1,False,0.04684833114539592,0.17424337193878614,1,qEHVI,0.1,0.1,0.7000000000000001,0.0,0.0,0.0,0.1
24,2,4,1,False,0.04684833114539592,0.17424337193878614,2,qEHVI,0.15000000000000002,0.15000000000000002,0.6000000000000001,0.1,0.0,0.0,0.0
24,2,4,1,False,0.04684833114539592,0.17424337193878614,3,qEHVI,0.0,0.0,0.65,0.05,0.0,0.2,0.1
24,2,4,1,False,0.04684833114539592,0.17424337193878614,4,qUCB,0.25,0.5,0.2,0.0,0.0,0.0,0.05
24,3,3,2,True,0.03953766893015302,1.014625358706839,0,qEHVI,0.25,0.05,0.65,0.05,0.0,0.0,0.0
24,3,3,2,True,0.03953766893015302,1.014625358706839,1,qEHVI,0.1,0.1,0.7000000000000001,0.0,0.0,0.0,0.1
24,3,3,2,True,0.03953766893015302,1.014625358706839,2,qEHVI,0.15000000000000002,0.15000000000000002,0.6000000000000001,0.1,0.0,0.0,0.0
24,3,3,2,True,0.03953766893015302,1.014625358706839,3,qUCB,0.0,0.0,0.35000000000000003,0.1,0.05,0.4,0.1
24,3,3,2,True,0.03953766893015302,1.014625358706839,4,qUCB,0.25,0.0,0.2,0.05,0.1,0.30000000000000004,0.1
24,4,2,3,False,0.03162129629691879,0.8425840541840657,0,qEHVI,0.25,0.05,0.65,0.05,0.0,0.0,0.0
24,4,2,3,False,0.03162129629691879,0.8425840541840657,1,qEHVI,0.1,0.1,0.7000000000000001,0.0,0.0,0.0,0.1
24,4,2,3,False,0.03162129629691879,0.8425840541840657,2,qUCB,0.1,0.0,0.2,0.1,0.05,0.45,0.1
24,4,2,3,False,0.03162129629691879,0.8425840541840657,3,qUCB,0.0,0.0,0.4,0.1,0.1,0.35000000000000003,0.05
24,4,2,3,False,0.03162129629691879,0.8425840541840657,4,qUCB,0.0,0.0,0.35000000000000003,0.1,0.05,0.4,0.1
24,5,1,4,False,0.021166698181566256,0.040940246004742775,0,qEHVI,0.25,0.05,0.65,0.05,0.0,0.0,0.0
24,5,1,4,False,0.021166698181566256,0.040940246004742775,1,qUCB,0.0,0.0,0.35000000000000003,0.05,0.1,0.4,0.1
24,5,1,4,False,0.021166698181566256,0.040940246004742775,2,qUCB,0.0,0.0,0.4,0.0,0.05,0.45,0.1
24,5,1,4,False,0.021166698181566256,0.040940246004742775,3,qUCB,0.0,0.0,0.35000000000000003,0.1,0.05,0.4,0.1
24,5,1,4,False,0.021166698181566256,0.040940246004742775,4,qUCB,0.0,0.0,0.4,0.1,0.1,0.30000000000000004,0.1
24,6,0,5,False,0.005819513872389386,0.30941155667171927,0,qUCB,0.0,0.1,0.7000000000000001,0.05,0.0,0.1,0.05
24,6,0,5,False,0.005819513872389386,0.30941155667171927,1,qUCB,0.0,0.15000000000000002,0.7000000000000001,0.0,0.0,0.05,0.1
24,6,0,5,False,0.005819513872389386,0.30941155667171927,2,qUCB,0.0,0.0,0.55,0.05,0.0,0.35000000000000003,0.05
24,6,0,5,False,0.005819513872389386,0.30941155667171927,3,qUCB,0.0,0.1,0.7000000000000001,0.1,0.0,0.1,0.0
24,6,0,5,False,0.005819513872389386,0.30941155667171927,4,qUCB,0.1,0.0,0.55,0.1,0.0,0.15000000000000002,0.1
25,1,5,0,False,0.04754891433882679,0.3009569670735033,0,qEHVI,0.15000000000000002,0.15000000000000002,0.6000000000000001,0.05,0.0,0.0,0.05
25,1,5,0,False,0.04754891433882679,0.3009569670735033,1,qEHVI,0.35000000000000003,0.0,0.6000000000000001,0.05,0.0,0.0,0.0
25,1,5,0,False,0.04754891433882679,0.3009569670735033,2,qEHVI,0.0,0.0,0.65,0.05,0.0,0.2,0.1
25,1,5,0,False,0.04754891433882679,0.3009569670735033,3,qEHVI,0.0,0.2,0.6000000000000001,0.1,0.0,0.05,0.05
25,1,5,0,False,0.04754891433882679,0.3009569670735033,4,qEHVI,0.1,0.1,0.7000000000000001,0.05,0.0,0.0,0.05
25,2,4,1,False,0.04234891967356957,0.2394654825042526,0,qEHVI,0.15000000000000002,0.15000000000000002,0.6000000000000001,0.05,0.0,0.0,0.05
25,2,4,1,False,0.04234891967356957,0.2394654825042526,1,qEHVI,0.35000000000000003,0.0,0.6000000000000001,0.05,0.0,0.0,0.0
25,2,4,1,False,0.04234891967356957,0.2394654825042526,2,qEHVI,0.0,0.0,0.65,0.05,0.0,0.2,0.1
25,2,4,1,False,0.04234891967356957,0.2394654825042526,3,qEHVI,0.0,0.2,0.6000000000000001,0.1,0.0,0.05,0.05
25,2,4,1,False,0.04234891967356957,0.2394654825042526,4,qUCB,0.1,0.0,0.2,0.1,0.1,0.45,0.05
25,3,3,2,True,0.03542330167820476,0.08841091923636668,0,qEHVI,0.15000000000000002,0.15000000000000002,0.6000000000000001,0.05,0.0,0.0,0.05
25,3,3,2,True,0.03542330167820476,0.08841091923636668,1,qEHVI,0.35000000000000003,0.0,0.6000000000000001,0.05,0.0,0.0,0.0
25,3,3,2,True,0.03542330167820476,0.08841091923636668,2,qEHVI,0.0,0.0,0.65,0.05,0.0,0.2,0.1
25,3,3,2,True,0.03542330167820476,0.08841091923636668,3,qUCB,0.1,0.0,0.2,0.1,0.1,0.45,0.05
25,3,3,2,True,0.03542330167820476,0.08841091923636668,4,qUCB,0.0,0.0,0.4,0.1,0.1,0.4,0.0
25,4,2,3,False,0.0279703414139563,0.2528360602475903,0,qEHVI,0.15000000000000002,0.15000000000000002,0.6000000000000001,0.05,0.0,0.0,0.05
25,4,2,3,False,0.0279703414139563,0.2528360602475903,1,qEHVI,0.35000000000000003,0.0,0.6000000000000001,0.05,0.0,0.0,0.0
25,4,2,3,False,0.0279703414139563,0.2528360602475903,2,qUCB,0.0,0.0,0.35000000000000003,0.05,0.1,0.45,0.05
25,4,2,3,False,0.0279703414139563,0.2528360602475903,3,qUCB,0.1,0.0,0.2,0.1,0.1,0.45,0.05
25,4,2,3,False,0.0279703414139563,0.2528360602475903,4,qUCB,0.05,0.05,0.2,0.1,0.1,0.4,0.1
25,5,1,4,False,0.018279240487623062,0.1154456810058857,0,qEHVI,0.15000000000000002,0.15000000000000002,0.6000000000000001,0.05,0.0,0.0,0.05
25,5,1,4,False,0.018279240487623062,0.1154456810058857,1,qUCB,0.0,0.0,0.35000000000000003,0.05,0.1,0.45,0.05
25,5,1,4,False,0.018279240487623062,0.1154456810058857,2,qUCB,0.1,0.0,0.2,0.1,0.1,0.45,0.05
25,5,1,4,False,0.018279240487623062,0.1154456810058857,3,qUCB,0.05,0.05,0.2,0.1,0.1,0.4,0.1
25,5,1,4,False,0.018279240487623062,0.1154456810058857,4,qUCB,0.0,0.0,0.4,0.0,0.05,0.45,0.1
25,6,0,5,False,0.0061088749475671925,0.11760012508366113,0,qUCB,0.0,0.15000000000000002,0.7000000000000001,0.0,0.0,0.05,0.1
25,6,0,5,False,0.0061088749475671925,0.11760012508366113,1,qUCB,0.0,0.0,0.65,0.0,0.0,0.30000000000000004,0.05
25,6,0,5,False,0.0061088749475671925,0.11760012508366113,2,qUCB,0.35000000000000003,0.0,0.55,0.0,0.0,0.0,0.1
25,6,0,5,False,0.0061088749475671925,0.11760012508366113,3,qUCB,0.0,0.0,0.55,0.1,0.0,0.30000000000000004,0.05
25,6,0,5,False,0.0061088749475671925,0.11760012508366113,4,qUCB,0.0,0.05,0.65,0.1,0.0,0.15000000000000002,0.05
26,1,5,0,False,0.04743898444469735,0.06743894079350987,0,qEHVI,0.2,0.1,0.65,0.05,0.0,0.0,0.0
26,1,5,0,False,0.04743898444469735,0.06743894079350987,1,qEHVI,0.15000000000000002,0.1,0.65,0.05,0.0,0.0,0.05
26,1,5,0,False,0.04743898444469735,0.06743894079350987,2,qEHVI,0.0,0.15000000000000002,0.7000000000000001,0.05,0.0,0.05,0.05
26,1,5,0,False,0.04743898444469735,0.06743894079350987,3,qEHVI,0.2,0.1,0.6000000000000001,0.1,0.0,0.0,0.0
26,1,5,0,False,0.04743898444469735,0.06743894079350987,4,qEHVI,0.15000000000000002,0.0,0.7000000000000001,0.05,0.0,0.0,0.1
26,2,4,1,False,0.04125368934904592,0.5846056111287634,0,qEHVI,0.2,0.1,0.65,0.05,0.0,0.0,0.0
26,2,4,1,False,0.04125368934904592,0.5846056111287634,1,qEHVI,0.15000000000000002,0.1,0.65,0.05,0.0,0.0,0.05
26,2,4,1,False,0.04125368934904592,0.5846056111287634,2,qEHVI,0.0,0.15000000000000002,0.7000000000000001,0.05,0.0,0.05,0.05
26,2,4,1,False,0.04125368934904592,0.5846056111287634,3,qEHVI,0.0,0.2,0.6000000000000001,0.1,0.0,0.05,0.05
26,2,4,1,False,0.04125368934904592,0.5846056111287634,4,qUCB,0.0,0.05,0.30000000000000004,0.0,0.1,0.45,0.1
26,3,3,2,True,0.03528807760924395,0.2151408358308533,0,qEHVI,0.2,0.1,0.65,0.05,0.0,0.0,0.0
26,3,3,2,True,0.03528807760924395,0.2151408358308533,1,qEHVI,0.15000000000000002,0.1,0.65,0.05,0.0,0.0,0.05
26,3,3,2,True,0.03528807760924395,0.2151408358308533,2,qEHVI,0.0,0.15000000000000002,0.7000000000000001,0.05,0.0,0.05,0.05
26,3,3,2,True,0.03528807760924395,0.2151408358308533,3,qUCB,0.0,0.0,0.30000000000000004,0.1,0.05,0.45,0.1
26,3,3,2,True,0.03528807760924395,0.2151408358308533,4,qUCB,0.0,0.5,0.2,0.1,0.1,0.1,0.0
26,4,2,3,False,0.028402676918506415,0.2353091902476283,0,qEHVI,0.2,0.1,0.65,0.05,0.0,0.0,0.0
26,4,2,3,False,0.028402676918506415,0.2353091902476283,1,qEHVI,0.15000000000000002,0.1,0.65,0.05,0.0,0.0,0.05
26,4,2,3,False,0.028402676918506415,0.2353091902476283,2,qUCB,0.0,0.0,0.30000000000000004,0.1,0.05,0.45,0.1
26,4,2,3,False,0.028402676918506415,0.2353091902476283,3,qUCB,0.0,0.5,0.2,0.1,0.1,0.1,0.0
26,4,2,3,False,0.028402676918506415,0.2353091902476283,4,qUCB,0.05,0.0,0.30000000000000004,0.1,0.1,0.35000000000000003,0.1
26,5,1,4,False,0.021229152790262138,0.08201088172218896,0,qEHVI,0.2,0.1,0.65,0.05,0.0,0.0,0.0
26,5,1,4,False,0.021229152790262138,0.08201088172218896,1,qUCB,0.0,0.0,0.30000000000000004,0.1,0.05,0.45,0.1
26,5,1,4,False,0.021229152790262138,0.08201088172218896,2,qUCB,0.0,0.0,0.4,0.1,0.1,0.30000000000000004,0.1
26,5,1,4,False,0.021229152790262138,0.08201088172218896,3,qUCB,0.05,0.0,0.30000000000000004,0.1,0.1,0.35000000000000003,0.1
26,5,1,4,False,0.021229152790262138,0.08201088172218896,4,qUCB,0.0,0.0,0.5,0.0,0.0,0.4,0.1
26,6,0,5,False,0.0064560092448157505,0.08280027522726563,0,qUCB,0.05,0.05,0.7000000000000001,0.05,0.0,0.05,0.1
26,6,0,5,False,0.0064560092448157505,0.08280027522726563,1,qUCB,0.0,0.0,0.55,0.05,0.0,0.35000000000000003,0.05
26,6,0,5,False,0.0064560092448157505,0.08280027522726563,2,qUCB,0.35000000000000003,0.0,0.55,0.0,0.0,0.0,0.1
26,6,0,5,False,0.0064560092448157505,0.08280027522726563,3,qUCB,0.0,0.0,0.55,0.0,0.0,0.35000000000000003,0.1
26,6,0,5,False,0.0064560092448157505,0.08280027522726563,4,qUCB,0.0,0.1,0.7000000000000001,0.1,0.1,0.0,0.0
27,1,5,0,False,0.039352623124058725,0.1346974366417797,0,qEHVI,0.35000000000000003,0.05,0.6000000000000001,0.0,0.0,0.0,0.0
27,1,5,0,False,0.039352623124058725,0.1346974366417797,1,qEHVI,0.30000000000000004,0.0,0.65,0.05,0.0,0.0,0.0
27,1,5,0,False,0.039352623124058725,0.1346974366417797,2,qEHVI,0.05,0.1,0.65,0.1,0.0,0.0,0.1
27,1,5,0,False,0.039352623124058725,0.1346974366417797,3,qEHVI,0.05,0.15000000000000002,0.6000000000000001,0.1,0.0,0.0,0.1
27,1,5,0,False,0.039352623124058725,0.1346974366417797,4,qEHVI,0.0,0.05,0.6000000000000001,0.1,0.0,0.2,0.05
27,2,4,1,False,0.03293048727550755,0.09504579510049638,0,qEHVI,0.35000000000000003,0.05,0.6000000000000001,0.0,0.0,0.0,0.0
27,2,4,1,False,0.03293048727550755,0.09504579510049638,1,qEHVI,0.30000000000000004,0.0,0.65,0.05,0.0,0.0,0.0
27,2,4,1,False,0.03293048727550755,0.09504579510049638,2,qEHVI,0.05,0.1,0.65,0.1,0.0,0.0,0.1
27,2,4,1,False,0.03293048727550755,0.09504579510049638,3,qEHVI,0.05,0.15000000000000002,0.6000000000000001,0.1,0.0,0.0,0.1
27,2,4,1,False,0.03293048727550755,0.09504579510049638,4,qUCB,0.05,0.0,0.35000000000000003,0.0,0.1,0.45,0.05
27,3,3,2,True,0.02681739279289574,0.03433688776087962,0,qEHVI,0.35000000000000003,0.05,0.6000000000000001,0.0,0.0,0.0,0.0
27,3,3,2,True,0.02681739279289574,0.03433688776087962,1,qEHVI,0.30000000000000004,0.0,0.65,0.05,0.0,0.0,0.0
27,3,3,2,True,0.02681739279289574,0.03433688776087962,2,qEHVI,0.05,0.1,0.65,0.1,0.0,0.0,0.1
27,3,3,2,True,0.02681739279289574,0.03433688776087962,3,qUCB,0.05,0.0,0.35000000000000003,0.0,0.1,0.45,0.05
27,3,3,2,True,0.02681739279289574,0.03433688776087962,4,qUCB,0.0,0.05,0.30000000000000004,0.0,0.1,0.45,0.1
27,4,2,3,False,0.020657613329410875,0.0799095762475659,0,qEHVI,0.35000000000000003,0.05,0.6000000000000001,0.0,0.0,0.0,0.0
27,4,2,3,False,0.020657613329410875,0.0799095762475659,1,qEHVI,0.30000000000000004,0.0,0.65,0.05,0.0,0.0,0.0
27,4,2,3,False,0.020657613329410875,0.0799095762475659,2,qUCB,0.0,0.0,0.35000000000000003,0.05,0.1,0.4,0.1
27,4,2,3,False,0.020657613329410875,0.0799095762475659,3,qUCB,0.0,0.0,0.4,0.0,0.05,0.45,0.1
27,4,2,3,False,0.020657613329410875,0.0799095762475659,4,qUCB,0.0,0.0,0.4,0.1,0.1,0.30000000000000004,0.1
27,5,1,4,False,0.013154104990961346,0.1575397609713578,0,qEHVI,0.35000000000000003,0.05,0.6000000000000001,0.0,0.0,0.0,0.0
27,5,1,4,False,0.013154104990961346,0.1575397609713578,1,qUCB,0.0,0.0,0.4,0.1,0.1,0.30000000000000004,0.1
27,5,1,4,False,0.013154104990961346,0.1575397609713578,2,qUCB,0.05,0.0,0.30000000000000004,0.1,0.0,0.45,0.1
27,5,1,4,False,0.013154104990961346,0.1575397609713578,3,qUCB,0.0,0.0,0.35000000000000003,0.05,0.1,0.4,0.1
27,5,1,4,False,0.013154104990961346,0.1575397609713578,4,qUCB,0.0,0.0,0.55,0.1,0.1,0.15000000000000002,0.1
27,6,0,5,False,0.0038974421621916456,0.1545536794166935,0,qUCB,0.0,0.1,0.7000000000000001,0.05,0.0,0.1,0.05
27,6,0,5,False,0.0038974421621916456,0.1545536794166935,1,qUCB,0.0,0.0,0.55,0.1,0.0,0.30000000000000004,0.05
27,6,0,5,False,0.0038974421621916456,0.1545536794166935,2,qUCB,0.35000000000000003,0.0,0.55,0.0,0.0,0.0,0.1
27,6,0,5,False,0.0038974421621916456,0.1545536794166935,3,qUCB,0.0,0.0,0.6000000000000001,0.0,0.0,0.30000000000000004,0.1
27,6,0,5,False,0.0038974421621916456,0.1545536794166935,4,qUCB,0.0,0.1,0.7000000000000001,0.1,0.1,0.0,0.0
28,1,5,0,False,0.047006972111660834,0.15870934902198996,0,qEHVI,0.1,0.15000000000000002,0.65,0.1,0.0,0.0,0.0
28,1,5,0,False,0.047006972111660834,0.15870934902198996,1,qEHVI,0.25,0.05,0.6000000000000001,0.05,0.0,0.0,0.05
28,1,5,0,False,0.047006972111660834,0.15870934902198996,2,qEHVI,0.0,0.05,0.6000000000000001,0.1,0.0,0.2,0.05
28,1,5,0,False,0.047006972111660834,0.15870934902198996,3,qEHVI,0.1,0.1,0.65,0.05,0.0,0.0,0.1
28,1,5,0,False,0.047006972111660834,0.15870934902198996,4,qEHVI,0.15000000000000002,0.15000000000000002,0.65,0.05,0.0,0.0,0.0
28,2,4,1,False,0.04146441995601997,0.2968908131749277,0,qEHVI,0.1,0.15000000000000002,0.65,0.1,0.0,0.0,0.0
28,2,4,1,False,0.04146441995601997,0.2968908131749277,1,qEHVI,0.25,0.05,0.6000000000000001,0.05,0.0,0.0,0.05
28,2,4,1,False,0.04146441995601997,0.2968908131749277,2,qEHVI,0.1,0.1,0.65,0.05,0.0,0.0,0.1
28,2,4,1,False,0.04146441995601997,0.2968908131749277,3,qEHVI,0.0,0.05,0.6000000000000001,0.1,0.0,0.2,0.05
28,2,4,1,False,0.04146441995601997,0.2968908131749277,4,qUCB,0.05,0.0,0.35000000000000003,0.0,0.1,0.4,0.1
28,3,3,2,True,0.03380727599823998,0.13114255755917092,0,qEHVI,0.1,0.15000000000000002,0.65,0.1,0.0,0.0,0.0
28,3,3,2,True,0.03380727599823998,0.13114255755917092,1,qEHVI,0.25,0.05,0.6000000000000001,0.05,0.0,0.0,0.05
28,3,3,2,True,0.03380727599823998,0.13114255755917092,2,qEHVI,0.1,0.1,0.65,0.05,0.0,0.0,0.1
28,3,3,2,True,0.03380727599823998,0.13114255755917092,3,qUCB,0.0,0.0,0.35000000000000003,0.1,0.05,0.45,0.05
28,3,3,2,True,0.03380727599823998,0.13114255755917092,4,qUCB,0.0,0.1,0.2,0.1,0.1,0.45,0.05
28,4,2,3,False,0.02814088611031474,0.9893629471467396,0,qEHVI,0.1,0.15000000000000002,0.65,0.1,0.0,0.0,0.0
28,4,2,3,False,0.02814088611031474,0.9893629471467396,1,qEHVI,0.25,0.05,0.6000000000000001,0.05,0.0,0.0,0.05
28,4,2,3,False,0.02814088611031474,0.9893629471467396,2,qUCB,0.0,0.0,0.35000000000000003,0.05,0.1,0.4,0.1
28,4,2,3,False,0.02814088611031474,0.9893629471467396,3,qUCB,0.0,0.0,0.5,0.1,0.1,0.2,0.1
28,4,2,3,False,0.02814088611031474,0.9893629471467396,4,qUCB,0.0,0.0,0.5,0.0,0.0,0.4,0.1
28,5,1,4,False,0.016851337801921582,0.08619654153633682,0,qEHVI,0.1,0.15000000000000002,0.65,0.1,0.0,0.0,0.0
28,5,1,4,False,0.016851337801921582,0.08619654153633682,1,qUCB,0.05,0.0,0.35000000000000003,0.0,0.1,0.4,0.1
28,5,1,4,False,0.016851337801921582,0.08619654153633682,2,qUCB,0.0,0.0,0.5,0.0,0.0,0.4,0.1
28,5,1,4,False,0.016851337801921582,0.08619654153633682,3,qUCB,0.0,0.0,0.5,0.0,0.1,0.30000000000000004,0.1
28,5,1,4,False,0.016851337801921582,0.08619654153633682,4,qUCB,0.25,0.30000000000000004,0.2,0.0,0.0,0.15000000000000002,0.1
28,6,0,5,False,0.008307666865098408,0.4031060143887295,0,qUCB,0.05,0.05,0.7000000000000001,0.05,0.0,0.05,0.1
28,6,0,5,False,0.008307666865098408,0.4031060143887295,1,qUCB,0.0,0.0,0.55,0.05,0.0,0.35000000000000003,0.05
28,6,0,5,False,0.008307666865098408,0.4031060143887295,2,qUCB,0.0,0.1,0.7000000000000001,0.1,0.1,0.0,0.0
28,6,0,5,False,0.008307666865098408,0.4031060143887295,3,qUCB,0.05,0.0,0.6000000000000001,0.1,0.0,0.15000000000000002,0.1
28,6,0,5,False,0.008307666865098408,0.4031060143887295,4,qUCB,0.0,0.1,0.65,0.1,0.0,0.1,0.05
29,1,5,0,False,0.04330795860504086,0.2516621881069838,0,qEHVI,0.30000000000000004,0.0,0.6000000000000001,0.05,0.0,0.0,0.05
29,1,5,0,False,0.04330795860504086,0.2516621881069838,1,qEHVI,0.0,0.05,0.6000000000000001,0.1,0.0,0.2,0.05
29,1,5,0,False,0.04330795860504086,0.2516621881069838,2,qEHVI,0.2,0.1,0.65,0.0,0.0,0.0,0.05
29,1,5,0,False,0.04330795860504086,0.2516621881069838,3,qEHVI,0.15000000000000002,0.0,0.7000000000000001,0.05,0.0,0.0,0.1
29,1,5,0,False,0.04330795860504086,0.2516621881069838,4,qEHVI,0.1,0.0,0.65,0.1,0.0,0.05,0.1
29,2,4,1,False,0.038019254128264915,0.22512349506970253,0,qEHVI,0.30000000000000004,0.0,0.6000000000000001,0.05,0.0,0.0,0.05
29,2,4,1,False,0.038019254128264915,0.22512349506970253,1,qEHVI,0.0,0.05,0.6000000000000001,0.1,0.0,0.2,0.05
29,2,4,1,False,0.038019254128264915,0.22512349506970253,2,qEHVI,0.2,0.1,0.65,0.0,0.0,0.0,0.05
29,2,4,1,False,0.038019254128264915,0.22512349506970253,3,qEHVI,0.15000000000000002,0.0,0.7000000000000001,0.05,0.0,0.0,0.1
29,2,4,1,False,0.038019254128264915,0.22512349506970253,4,qUCB,0.05,0.0,0.35000000000000003,0.0,0.1,0.4,0.1
29,3,3,2,True,0.03077359941030351,0.21196728192945002,0,qEHVI,0.30000000000000004,0.0,0.6000000000000001,0.05,0.0,0.0,0.05
29,3,3,2,True,0.03077359941030351,0.21196728192945002,1,qEHVI,0.0,0.05,0.6000000000000001,0.1,0.0,0.2,0.05
29,3,3,2,True,0.03077359941030351,0.21196728192945002,2,qEHVI,0.2,0.1,0.65,0.0,0.0,0.0,0.05
29,3,3,2,True,0.03077359941030351,0.21196728192945002,3,qUCB,0.05,0.0,0.35000000000000003,0.0,0.1,0.4,0.1
29,3,3,2,True,0.03077359941030351,0.21196728192945002,4,qUCB,0.2,0.45,0.2,0.1,0.0,0.05,0.0
29,4,2,3,False,0.02320688180543235,0.05853878652938693,0,qEHVI,0.30000000000000004,0.0,0.6000000000000001,0.05,0.0,0.0,0.05
29,4,2,3,False,0.02320688180543235,0.05853878652938693,1,qEHVI,0.0,0.05,0.6000000000000001,0.1,0.0,0.2,0.05
29,4,2,3,False,0.02320688180543235,0.05853878652938693,2,qUCB,0.0,0.5,0.4,0.0,0.1,0.0,0.0
29,4,2,3,False,0.02320688180543235,0.05853878652938693,3,qUCB,0.2,0.45,0.2,0.1,0.0,0.05,0.0
29,4,2,3,False,0.02320688180543235,0.05853878652938693,4,qUCB,0.25,0.4,0.2,0.1,0.0,0.0,0.05
29,5,1,4,False,0.015257960494978776,0.005940528209531948,0,qEHVI,0.30000000000000004,0.0,0.6000000000000001,0.05,0.0,0.0,0.05
29,5,1,4,False,0.015257960494978776,0.005940528209531948,1,qUCB,0.0,0.0,0.35000000000000003,0.05,0.1,0.4,0.1
29,5,1,4,False,0.015257960494978776,0.005940528209531948,2,qUCB,0.0,0.0,0.35000000000000003,0.05,0.1,0.45,0.05
29,5,1,4,False,0.015257960494978776,0.005940528209531948,3,qUCB,0.0,0.5,0.4,0.0,0.1,0.0,0.0
29,5,1,4,False,0.015257960494978776,0.005940528209531948,4,qUCB,0.0,0.1,0.7000000000000001,0.1,0.1,0.0,0.0
29,6,0,5,False,0.008850685375798679,1.1521605531216021,0,qUCB,0.0,0.15000000000000002,0.7000000000000001,0.0,0.0,0.05,0.1
29,6,0,5,False,0.008850685375798679,1.1521605531216021,1,qUCB,0.0,0.0,0.55,0.1,0.0,0.30000000000000004,0.05
29,6,0,5,False,0.008850685375798679,1.1521605531216021,2,qUCB,0.05,0.0,0.6000000000000001,0.1,0.0,0.15000000000000002,0.1
29,6,0,5,False,0.008850685375798679,1.1521605531216021,3,qUCB,0.35000000000000003,0.0,0.55,0.0,0.0,0.0,0.1
29,6,0,5,False,0.008850685375798679,1.1521605531216021,4,qUCB,0.0,0.0,0.55,0.0,0.0,0.4,0.05
30,1,5,0,False,0.03598371874396127,0.1318140476703764,0,qEHVI,0.25,0.0,0.6000000000000001,0.1,0.0,0.05,0.0
30,1,5,0,False,0.03598371874396127,0.1318140476703764,1,qEHVI,0.15000000000000002,0.0,0.7000000000000001,0.05,0.0,0.0,0.1
30,1,5,0,False,0.03598371874396127,0.1318140476703764,2,qEHVI,0.05,0.0,0.6000000000000001,0.05,0.0,0.2,0.1
30,1,5,0,False,0.03598371874396127,0.1318140476703764,3,qEHVI,0.35000000000000003,0.0,0.6000000000000001,0.0,0.0,0.0,0.05
30,1,5,0,False,0.03598371874396127,0.1318140476703764,4,qEHVI,0.0,0.05,0.7000000000000001,0.0,0.0,0.2,0.05
30,2,4,1,False,0.031247865893290205,0.2875106183813054,0,qEHVI,0.25,0.0,0.6000000000000001,0.1,0.0,0.05,0.0
30,2,4,1,False,0.031247865893290205,0.2875106183813054,1,qEHVI,0.15000000000000002,0.0,0.7000000000000001,0.05,0.0,0.0,0.1
30,2,4,1,False,0.031247865893290205,0.2875106183813054,2,qEHVI,0.05,0.0,0.6000000000000001,0.05,0.0,0.2,0.1
30,2,4,1,False,0.031247865893290205,0.2875106183813054,3,qEHVI,0.35000000000000003,0.0,0.6000000000000001,0.0,0.0,0.0,0.05
30,2,4,1,False,0.031247865893290205,0.2875106183813054,4,qUCB,0.15000000000000002,0.5,0.2,0.1,0.0,0.0,0.05
30,3,3,2,True,0.02496003312205723,0.07870243344910666,0,qEHVI,0.25,0.0,0.6000000000000001,0.1,0.0,0.05,0.0
30,3,3,2,True,0.02496003312205723,0.07870243344910666,1,qEHVI,0.05,0.0,0.6000000000000001,0.05,0.0,0.2,0.1
30,3,3,2,True,0.02496003312205723,0.07870243344910666,2,qEHVI,0.15000000000000002,0.0,0.7000000000000001,0.05,0.0,0.0,0.1
30,3,3,2,True,0.02496003312205723,0.07870243344910666,3,qUCB,0.15000000000000002,0.5,0.2,0.1,0.0,0.0,0.05
30,3,3,2,True,0.02496003312205723,0.07870243344910666,4,qUCB,0.30000000000000004,0.4,0.2,0.0,0.0,0.05,0.05
30,4,2,3,False,0.01786071674950356,0.14751628860965482,0,qEHVI,0.25,0.0,0.6000000000000001,0.1,0.0,0.05,0.0
30,4,2,3,False,0.01786071674950356,0.14751628860965482,1,qEHVI,0.15000000000000002,0.0,0.7000000000000001,0.05,0.0,0.0,0.1
30,4,2,3,False,0.01786071674950356,0.14751628860965482,2,qUCB,0.05,0.05,0.2,0.05,0.1,0.45,0.1
30,4,2,3,False,0.01786071674950356,0.14751628860965482,3,qUCB,0.15000000000000002,0.5,0.2,0.1,0.0,0.0,0.05
30,4,2,3,False,0.01786071674950356,0.14751628860965482,4,qUCB,0.1,0.0,0.2,0.1,0.1,0.4,0.1
30,5,1,4,False,0.011759200540048882,0.9995601592020735,0,qEHVI,0.25,0.0,0.6000000000000001,0.1,0.0,0.05,0.0
30,5,1,4,False,0.011759200540048882,0.9995601592020735,1,qUCB,0.0,0.0,0.5,0.0,0.1,0.30000000000000004,0.1
30,5,1,4,False,0.011759200540048882,0.9995601592020735,2,qUCB,0.0,0.0,0.5,0.0,0.0,0.4,0.1
30,5,1,4,False,0.011759200540048882,0.9995601592020735,3,qUCB,0.0,0.0,0.6000000000000001,0.0,0.1,0.2,0.1
30,5,1,4,False,0.011759200540048882,0.9995601592020735,4,qUCB,0.15000000000000002,0.5,0.2,0.0,0.0,0.05,0.1
30,6,0,5,False,0.008282605944005624,0.19747850005343093,0,qUCB,0.0,0.1,0.65,0.05,0.0,0.1,0.1
30,6,0,5,False,0.008282605944005624,0.19747850005343093,1,qUCB,0.0,0.0,0.55,0.05,0.0,0.35000000000000003,0.05
30,6,0,5,False,0.008282605944005624,0.19747850005343093,2,qUCB,0.05,0.0,0.6000000000000001,0.1,0.0,0.15000000000000002,0.1
30,6,0,5,False,0.008282605944005624,0.19747850005343093,3,qUCB,0.0,0.0,0.7000000000000001,0.0,0.0,0.25,0.05
30,6,0,5,False,0.008282605944005624,0.19747850005343093,4,qUCB,0.35000000000000003,0.05,0.5,0.0,0.0,0.0,0.1
31,1,5,0,False,0.04269417967613022,0.378011106649053,0,qEHVI,0.05,0.0,0.6000000000000001,0.1,0.0,0.15000000000000002,0.1
31,1,5,0,False,0.04269417967613022,0.378011106649053,1,qEHVI,0.15000000000000002,0.15000000000000002,0.65,0.05,0.0,0.0,0.0
31,1,5,0,False,0.04269417967613022,0.378011106649053,2,qEHVI,0.05,0.0,0.55,0.1,0.0,0.2,0.1
31,1,5,0,False,0.04269417967613022,0.378011106649053,3,qEHVI,0.1,0.05,0.6000000000000001,0.1,0.0,0.1,0.05
31,1,5,0,False,0.04269417967613022,0.378011106649053,4,qEHVI,0.1,0.1,0.65,0.1,0.0,0.0,0.05
31,2,4,1,False,0.03729510506223698,0.28191338406291777,0,qEHVI,0.05,0.0,0.6000000000000001,0.1,0.0,0.15000000000000002,0.1
31,2,4,1,False,0.03729510506223698,0.28191338406291777,1,qEHVI,0.15000000000000002,0.15000000000000002,0.65,0.05,0.0,0.0,0.0
31,2,4,1,False,0.03729510506223698,0.28191338406291777,2,qEHVI,0.05,0.0,0.55,0.1,0.0,0.2,0.1
31,2,4,1,False,0.03729510506223698,0.28191338406291777,3,qEHVI,0.1,0.05,0.6000000000000001,0.1,0.0,0.1,0.05
31,2,4,1,False,0.03729510506223698,0.28191338406291777,4,qUCB,0.0,0.0,0.55,0.0,0.1,0.30000000000000004,0.05
31,3,3,2,True,0.02896388349346628,0.22826438748476363,0,qEHVI,0.05,0.0,0.6000000000000001,0.1,0.0,0.15000000000000002,0.1
31,3,3,2,True,0.02896388349346628,0.22826438748476363,1,qEHVI,0.15000000000000002,0.15000000000000002,0.65,0.05,0.0,0.0,0.0
31,3,3,2,True,0.02896388349346628,0.22826438748476363,2,qEHVI,0.05,0.0,0.55,0.1,0.0,0.2,0.1
31,3,3,2,True,0.02896388349346628,0.22826438748476363,3,qUCB,0.0,0.0,0.55,0.0,0.1,0.30000000000000004,0.05
31,3,3,2,True,0.02896388349346628,0.22826438748476363,4,qUCB,0.2,0.45,0.2,0.0,0.0,0.05,0.1
31,4,2,3,False,0.020512228667650085,0.13205221389152122,0,qEHVI,0.05,0.0,0.6000000000000001,0.1,0.0,0.15000000000000002,0.1
31,4,2,3,False,0.020512228667650085,0.13205221389152122,1,qEHVI,0.15000000000000002,0.15000000000000002,0.65,0.05,0.0,0.0,0.0
31,4,2,3,False,0.020512228667650085,0.13205221389152122,2,qUCB,0.0,0.0,0.55,0.0,0.1,0.30000000000000004,0.05
31,4,2,3,False,0.020512228667650085,0.13205221389152122,3,qUCB,0.2,0.45,0.2,0.0,0.0,0.05,0.1
31,4,2,3,False,0.020512228667650085,0.13205221389152122,4,qUCB,0.35000000000000003,0.05,0.2,0.1,0.1,0.2,0.0
31,5,1,4,False,0.011305715777067325,0.05866655970509527,0,qEHVI,0.05,0.0,0.6000000000000001,0.1,0.0,0.15000000000000002,0.1
31,5,1,4,False,0.011305715777067325,0.05866655970509527,1,qUCB,0.35000000000000003,0.35000000000000003,0.30000000000000004,0.0,0.0,0.0,0.0
31,5,1,4,False,0.011305715777067325,0.05866655970509527,2,qUCB,0.25,0.5,0.2,0.0,0.0,0.05,0.0
31,5,1,4,False,0.011305715777067325,0.05866655970509527,3,qUCB,0.35000000000000003,0.1,0.2,0.1,0.1,0.15000000000000002,0.0
31,5,1,4,False,0.011305715777067325,0.05866655970509527,4,qUCB,0.2,0.5,0.30000000000000004,0.0,0.0,0.0,0.0
31,6,0,5,False,0.01635704200160292,0.08401155798089821,0,qUCB,0.05,0.0,0.6000000000000001,0.1,0.0,0.15000000000000002,0.1
31,6,0,5,False,0.01635704200160292,0.08401155798089821,1,qUCB,0.0,0.0,0.6000000000000001,0.0,0.0,0.35000000000000003,0.05
31,6,0,5,False,0.01635704200160292,0.08401155798089821,2,qUCB,0.0,0.0,0.6000000000000001,0.0,0.0,0.30000000000000004,0.1
31,6,0,5,False,0.01635704200160292,0.08401155798089821,3,qUCB,0.0,0.1,0.7000000000000001,0.1,0.1,0.0,0.0
31,6,0,5,False,0.01635704200160292,0.08401155798089821,4,qUCB,0.0,0.0,0.55,0.1,0.0,0.30000000000000004,0.05
32,1,5,0,False,0.04008740897508523,0.2900348893660958,0,qEHVI,0.2,0.05,0.55,0.1,0.0,0.05,0.05
32,1,5,0,False,0.04008740897508523,0.2900348893660958,1,qEHVI,0.0,0.05,0.65,0.05,0.0,0.15000000000000002,0.1
32,1,5,0,False,0.04008740897508523,0.2900348893660958,2,qEHVI,0.1,0.05,0.6000000000000001,0.1,0.0,0.1,0.05
32,1,5,0,False,0.04008740897508523,0.2900348893660958,3,qEHVI,0.05,0.0,0.65,0.05,0.0,0.15000000000000002,0.1
32,1,5,0,False,0.04008740897508523,0.2900348893660958,4,qEHVI,0.15000000000000002,0.1,0.6000000000000001,0.1,0.0,0.05,0.0
32,2,4,1,False,0.03356852648749991,0.20922545839759543,0,qEHVI,0.2,0.05,0.55,0.1,0.0,0.05,0.05
32,2,4,1,False,0.03356852648749991,0.20922545839759543,1,qEHVI,0.0,0.05,0.65,0.05,0.0,0.15000000000000002,0.1
32,2,4,1,False,0.03356852648749991,0.20922545839759543,2,qEHVI,0.1,0.05,0.6000000000000001,0.1,0.0,0.1,0.05
32,2,4,1,False,0.03356852648749991,0.20922545839759543,3,qEHVI,0.05,0.0,0.65,0.05,0.0,0.15000000000000002,0.1
32,2,4,1,False,0.03356852648749991,0.20922545839759543,4,qUCB,0.25,0.5,0.2,0.0,0.0,0.0,0.05
32,3,3,2,True,0.026169524114561877,0.17020293961400412,0,qEHVI,0.2,0.05,0.55,0.1,0.0,0.05,0.05
32,3,3,2,True,0.026169524114561877,0.17020293961400412,1,qEHVI,0.0,0.05,0.65,0.05,0.0,0.15000000000000002,0.1
32,3,3,2,True,0.026169524114561877,0.17020293961400412,2,qEHVI,0.1,0.05,0.6000000000000001,0.1,0.0,0.1,0.05
32,3,3,2,True,0.026169524114561877,0.17020293961400412,3,qUCB,0.25,0.5,0.2,0.0,0.0,0.0,0.05
32,3,3,2,True,0.026169524114561877,0.17020293961400412,4,qUCB,0.0,0.2,0.7000000000000001,0.0,0.1,0.0,0.0
32,4,2,3,False,0.018686072073256906,0.11411172059454966,0,qEHVI,0.2,0.05,0.55,0.1,0.0,0.05,0.05
32,4,2,3,False,0.018686072073256906,0.11411172059454966,1,qEHVI,0.0,0.05,0.65,0.05,0.0,0.15000000000000002,0.1
32,4,2,3,False,0.018686072073256906,0.11411172059454966,2,qUCB,0.25,0.5,0.2,0.0,0.0,0.0,0.05
32,4,2,3,False,0.018686072073256906,0.11411172059454966,3,qUCB,0.0,0.2,0.7000000000000001,0.0,0.1,0.0,0.0
32,4,2,3,False,0.018686072073256906,0.11411172059454966,4,qUCB,0.25,0.5,0.2,0.0,0.0,0.05,0.0
32,5,1,4,False,0.011973659864200174,0.11944869587933837,0,qEHVI,0.2,0.05,0.55,0.1,0.0,0.05,0.05
32,5,1,4,False,0.011973659864200174,0.11944869587933837,1,qUCB,0.0,0.0,0.5,0.0,0.1,0.35000000000000003,0.05
32,5,1,4,False,0.011973659864200174,0.11944869587933837,2,qUCB,0.0,0.0,0.6000000000000001,0.0,0.1,0.2,0.1
32,5,1,4,False,0.011973659864200174,0.11944869587933837,3,qUCB,0.0,0.2,0.7000000000000001,0.0,0.1,0.0,0.0
32,5,1,4,False,0.011973659864200174,0.11944869587933837,4,qUCB,0.0,0.0,0.5,0.0,0.0,0.4,0.1
32,6,0,5,False,0.008289047436494517,0.41904260570990637,0,qUCB,0.0,0.1,0.65,0.05,0.0,0.1,0.1
32,6,0,5,False,0.008289047436494517,0.41904260570990637,1,qUCB,0.0,0.0,0.6000000000000001,0.0,0.0,0.35000000000000003,0.05
32,6,0,5,False,0.008289047436494517,0.41904260570990637,2,qUCB,0.0,0.0,0.65,0.0,0.0,0.25,0.1
32,6,0,5,False,0.008289047436494517,0.41904260570990637,3,qUCB,0.0,0.1,0.7000000000000001,0.1,0.1,0.0,0.0
32,6,0,5,False,0.008289047436494517,0.41904260570990637,4,qUCB,0.0,0.0,0.55,0.1,0.0,0.30000000000000004,0.05
33,1,5,0,False,0.0264585096377909,0.3781110836089816,0,qEHVI,0.15000000000000002,0.1,0.6000000000000001,0.1,0.0,0.05,0.0
33,1,5,0,False,0.0264585096377909,0.3781110836089816,1,qEHVI,0.1,0.1,0.65,0.1,0.0,0.0,0.05
33,1,5,0,False,0.0264585096377909,0.3781110836089816,2,qEHVI,0.35000000000000003,0.0,0.6000000000000001,0.0,0.0,0.0,0.05
33,1,5,0,False,0.0264585096377909,0.3781110836089816,3,qEHVI,0.1,0.1,0.6000000000000001,0.1,0.0,0.05,0.05
33,1,5,0,False,0.0264585096377909,0.3781110836089816,4,qEHVI,0.05,0.0,0.65,0.0,0.0,0.2,0.1
33,2,4,1,False,0.022184318089847253,0.2074749351139218,0,qEHVI,0.15000000000000002,0.1,0.6000000000000001,0.1,0.0,0.05,0.0
33,2,4,1,False,0.022184318089847253,0.2074749351139218,1,qEHVI,0.1,0.1,0.65,0.1,0.0,0.0,0.05
33,2,4,1,False,0.022184318089847253,0.2074749351139218,2,qEHVI,0.35000000000000003,0.0,0.6000000000000001,0.0,0.0,0.0,0.05
33,2,4,1,False,0.022184318089847253,0.2074749351139218,3,qEHVI,0.1,0.1,0.6000000000000001,0.1,0.0,0.05,0.05
33,2,4,1,False,0.022184318089847253,0.2074749351139218,4,qUCB,0.05,0.0,0.4,0.0,0.1,0.35000000000000003,0.1
33,3,3,2,True,0.01841973285628969,0.11622258738563751,0,qEHVI,0.15000000000000002,0.1,0.6000000000000001,0.1,0.0,0.05,0.0
33,3,3,2,True,0.01841973285628969,0.11622258738563751,1,qEHVI,0.1,0.1,0.65,0.1,0.0,0.0,0.05
33,3,3,2,True,0.01841973285628969,0.11622258738563751,2,qEHVI,0.35000000000000003,0.0,0.6000000000000001,0.0,0.0,0.0,0.05
33,3,3,2,True,0.01841973285628969,0.11622258738563751,3,qUCB,0.0,0.0,0.30000000000000004,0.1,0.1,0.4,0.1
33,3,3,2,True,0.01841973285628969,0.11622258738563751,4,qUCB,0.0,0.0,0.5,0.0,0.0,0.45,0.05
33,4,2,3,False,0.012995633479070224,0.014752863636918079,0,qEHVI,0.15000000000000002,0.1,0.6000000000000001,0.1,0.0,0.05,0.0
33,4,2,3,False,0.012995633479070224,0.014752863636918079,1,qEHVI,0.1,0.1,0.65,0.1,0.0,0.0,0.05
33,4,2,3,False,0.012995633479070224,0.014752863636918079,2,qUCB,0.0,0.0,0.30000000000000004,0.1,0.1,0.4,0.1
33,4,2,3,False,0.012995633479070224,0.014752863636918079,3,qUCB,0.05,0.0,0.4,0.0,0.1,0.35000000000000003,0.1
33,4,2,3,False,0.012995633479070224,0.014752863636918079,4,qUCB,0.0,0.0,0.5,0.0,0.0,0.45,0.05
33,5,1,4,False,0.008399054140602371,0.30139069493835446,0,qEHVI,0.15000000000000002,0.1,0.6000000000000001,0.1,0.0,0.05,0.0
33,5,1,4,False,0.008399054140602371,0.30139069493835446,1,qUCB,0.0,0.0,0.30000000000000004,0.1,0.1,0.4,0.1
33,5,1,4,False,0.008399054140602371,0.30139069493835446,2,qUCB,0.0,0.0,0.55,0.0,0.0,0.35000000000000003,0.1
33,5,1,4,False,0.008399054140602371,0.30139069493835446,3,qUCB,0.05,0.0,0.5,0.0,0.1,0.25,0.1
33,5,1,4,False,0.008399054140602371,0.30139069493835446,4,qUCB,0.0,0.0,0.65,0.0,0.1,0.15000000000000002,0.1
33,6,0,5,False,0.005863640025352806,0.3190316517313381,0,qUCB,0.0,0.1,0.65,0.1,0.0,0.1,0.05
33,6,0,5,False,0.005863640025352806,0.3190316517313381,1,qUCB,0.0,0.0,0.65,0.0,0.0,0.30000000000000004,0.05
33,6,0,5,False,0.005863640025352806,0.3190316517313381,2,qUCB,0.0,0.0,0.6000000000000001,0.0,0.0,0.30000000000000004,0.1
33,6,0,5,False,0.005863640025352806,0.3190316517313381,3,qUCB,0.0,0.15000000000000002,0.7000000000000001,0.0,0.0,0.05,0.1
33,6,0,5,False,0.005863640025352806,0.3190316517313381,4,qUCB,0.0,0.0,0.5,0.1,0.0,0.35000000000000003,0.05
34,1,5,0,False,0.03151568111784396,0.19342788365739239,0,qEHVI,0.2,0.05,0.6000000000000001,0.1,0.0,0.05,0.0
34,1,5,0,False,0.03151568111784396,0.19342788365739239,1,qEHVI,0.05,0.0,0.65,0.05,0.0,0.15000000000000002,0.1
34,1,5,0,False,0.03151568111784396,0.19342788365739239,2,qEHVI,0.2,0.0,0.65,0.1,0.0,0.05,0.0
34,1,5,0,False,0.03151568111784396,0.19342788365739239,3,qEHVI,0.1,0.1,0.7000000000000001,0.05,0.0,0.0,0.05
34,1,5,0,False,0.03151568111784396,0.19342788365739239,4,qEHVI,0.25,0.05,0.65,0.0,0.0,0.0,0.05
34,2,4,1,False,0.027079221484502668,0.1320237350367961,0,qEHVI,0.2,0.05,0.6000000000000001,0.1,0.0,0.05,0.0
34,2,4,1,False,0.027079221484502668,0.1320237350367961,1,qEHVI,0.05,0.0,0.65,0.05,0.0,0.15000000000000002,0.1
34,2,4,1,False,0.027079221484502668,0.1320237350367961,2,qEHVI,0.2,0.0,0.65,0.1,0.0,0.05,0.0
34,2,4,1,False,0.027079221484502668,0.1320237350367961,3,qEHVI,0.1,0.1,0.7000000000000001,0.05,0.0,0.0,0.05
34,2,4,1,False,0.027079221484502668,0.1320237350367961,4,qUCB,0.1,0.5,0.2,0.1,0.0,0.0,0.1
34,3,3,2,True,0.02209652559192058,0.1629061609713247,0,qEHVI,0.2,0.05,0.6000000000000001,0.1,0.0,0.05,0.0
34,3,3,2,True,0.02209652559192058,0.1629061609713247,1,qEHVI,0.05,0.0,0.65,0.05,0.0,0.15000000000000002,0.1
34,3,3,2,True,0.02209652559192058,0.1629061609713247,2,qEHVI,0.2,0.0,0.65,0.1,0.0,0.05,0.0
34,3,3,2,True,0.02209652559192058,0.1629061609713247,3,qUCB,0.1,0.5,0.2,0.1,0.0,0.0,0.1
34,3,3,2,True,0.02209652559192058,0.1629061609713247,4,qUCB,0.2,0.5,0.2,0.0,0.0,0.05,0.05
34,4,2,3,False,0.016051416847824768,0.04165693510041635,0,qEHVI,0.2,0.05,0.6000000000000001,0.1,0.0,0.05,0.0
34,4,2,3,False,0.016051416847824768,0.04165693510041635,1,qEHVI,0.05,0.0,0.65,0.05,0.0,0.15000000000000002,0.1
34,4,2,3,False,0.016051416847824768,0.04165693510041635,2,qUCB,0.1,0.5,0.2,0.1,0.0,0.0,0.1
34,4,2,3,False,0.016051416847824768,0.04165693510041635,3,qUCB,0.2,0.5,0.2,0.0,0.0,0.05,0.05
34,4,2,3,False,0.016051416847824768,0.04165693510041635,4,qUCB,0.30000000000000004,0.4,0.2,0.0,0.0,0.0,0.1
34,5,1,4,False,0.010570363647042159,0.022569516198133854,0,qEHVI,0.2,0.05,0.6000000000000001,0.1,0.0,0.05,0.0
34,5,1,4,False,0.010570363647042159,0.022569516198133854,1,qUCB,0.0,0.0,0.55,0.0,0.1,0.25,0.1
34,5,1,4,False,0.010570363647042159,0.022569516198133854,2,qUCB,0.0,0.0,0.55,0.0,0.0,0.35000000000000003,0.1
34,5,1,4,False,0.010570363647042159,0.022569516198133854,3,qUCB,0.0,0.05,0.35000000000000003,0.0,0.1,0.4,0.1
34,5,1,4,False,0.010570363647042159,0.022569516198133854,4,qUCB,0.0,0.0,0.6000000000000001,0.0,0.1,0.2,0.1
34,6,0,5,False,0.007302094173209171,0.057636994016258214,0,qUCB,0.0,0.0,0.65,0.0,0.0,0.30000000000000004,0.05
34,6,0,5,False,0.007302094173209171,0.057636994016258214,1,qUCB,0.0,0.1,0.65,0.1,0.0,0.1,0.05
34,6,0,5,False,0.007302094173209171,0.057636994016258214,2,qUCB,0.0,0.0,0.6000000000000001,0.0,0.0,0.30000000000000004,0.1
34,6,0,5,False,0.007302094173209171,0.057636994016258214,3,qUCB,0.0,0.0,0.55,0.1,0.0,0.30000000000000004,0.05
34,6,0,5,False,0.007302094173209171,0.057636994016258214,4,qUCB,0.05,0.0,0.65,0.0,0.0,0.25,0.05
35,1,5,0,False,0.025328782020491162,0.12977862498450676,0,qEHVI,0.1,0.2,0.55,0.1,0.0,0.05,0.0
35,1,5,0,False,0.025328782020491162,0.12977862498450676,1,qEHVI,0.0,0.05,0.6000000000000001,0.1,0.0,0.15000000000000002,0.1
35,1,5,0,False,0.025328782020491162,0.12977862498450676,2,qEHVI,0.1,0.1,0.7000000000000001,0.05,0.0,0.0,0.05
35,1,5,0,False,0.025328782020491162,0.12977862498450676,3,qEHVI,0.0,0.2,0.6000000000000001,0.1,0.0,0.05,0.05
35,1,5,0,False,0.025328782020491162,0.12977862498450676,4,qEHVI,0.1,0.0,0.65,0.1,0.0,0.05,0.1
35,2,4,1,False,0.020766748684590868,0.15078094093326833,0,qEHVI,0.1,0.2,0.55,0.1,0.0,0.05,0.0
35,2,4,1,False,0.020766748684590868,0.15078094093326833,1,qEHVI,0.0,0.05,0.6000000000000001,0.1,0.0,0.15000000000000002,0.1
35,2,4,1,False,0.020766748684590868,0.15078094093326833,2,qEHVI,0.1,0.1,0.7000000000000001,0.05,0.0,0.0,0.05
35,2,4,1,False,0.020766748684590868,0.15078094093326833,3,qEHVI,0.0,0.2,0.6000000000000001,0.1,0.0,0.05,0.05
35,2,4,1,False,0.020766748684590868,0.15078094093326833,4,qUCB,0.25,0.45,0.2,0.0,0.0,0.0,0.1
35,3,3,2,True,0.01610219315858656,0.24485449463136533,0,qEHVI,0.1,0.2,0.55,0.1,0.0,0.05,0.0
35,3,3,2,True,0.01610219315858656,0.24485449463136533,1,qEHVI,0.0,0.05,0.6000000000000001,0.1,0.0,0.15000000000000002,0.1
35,3,3,2,True,0.01610219315858656,0.24485449463136533,2,qEHVI,0.1,0.1,0.7000000000000001,0.05,0.0,0.0,0.05
35,3,3,2,True,0.01610219315858656,0.24485449463136533,3,qUCB,0.25,0.45,0.2,0.0,0.0,0.0,0.1
35,3,3,2,True,0.01610219315858656,0.24485449463136533,4,qUCB,0.0,0.05,0.35000000000000003,0.0,0.1,0.45,0.05
35,4,2,3,False,0.011380128037763419,0.08136547269133665,0,qEHVI,0.1,0.2,0.55,0.1,0.0,0.05,0.0
35,4,2,3,False,0.011380128037763419,0.08136547269133665,1,qEHVI,0.0,0.05,0.6000000000000001,0.1,0.0,0.15000000000000002,0.1
35,4,2,3,False,0.011380128037763419,0.08136547269133665,2,qUCB,0.35000000000000003,0.0,0.55,0.0,0.0,0.0,0.1
35,4,2,3,False,0.011380128037763419,0.08136547269133665,3,qUCB,0.35000000000000003,0.35000000000000003,0.2,0.0,0.0,0.0,0.1
35,4,2,3,False,0.011380128037763419,0.08136547269133665,4,qUCB,0.35000000000000003,0.0,0.35000000000000003,0.0,0.1,0.1,0.1
35,5,1,4,False,0.007271027836169216,0.24048997556787555,0,qEHVI,0.1,0.2,0.55,0.1,0.0,0.05,0.0
35,5,1,4,False,0.007271027836169216,0.24048997556787555,1,qUCB,0.0,0.0,0.55,0.0,0.1,0.25,0.1
35,5,1,4,False,0.007271027836169216,0.24048997556787555,2,qUCB,0.0,0.0,0.55,0.0,0.0,0.35000000000000003,0.1
35,5,1,4,False,0.007271027836169216,0.24048997556787555,3,qUCB,0.05,0.0,0.4,0.0,0.1,0.35000000000000003,0.1
35,5,1,4,False,0.007271027836169216,0.24048997556787555,4,qUCB,0.35000000000000003,0.0,0.55,0.0,0.0,0.0,0.1
35,6,0,5,False,0.005863954329884637,0.3134821151979015,0,qUCB,0.0,0.0,0.65,0.0,0.0,0.30000000000000004,0.05
35,6,0,5,False,0.005863954329884637,0.3134821151979015,1,qUCB,0.0,0.1,0.65,0.1,0.0,0.1,0.05
35,6,0,5,False,0.005863954329884637,0.3134821151979015,2,qUCB,0.0,0.0,0.6000000000000001,0.0,0.0,0.30000000000000004,0.1
35,6,0,5,False,0.005863954329884637,0.3134821151979015,3,qUCB,0.0,0.0,0.55,0.1,0.0,0.30000000000000004,0.05
35,6,0,5,False,0.005863954329884637,0.3134821151979015,4,qUCB,0.0,0.0,0.5,0.1,0.1,0.2,0.1
36,1,5,0,False,0.02254279850341539,0.10015320257349103,0,qEHVI,0.25,0.05,0.65,0.0,0.0,0.0,0.05
36,1,5,0,False,0.02254279850341539,0.10015320257349103,1,qEHVI,0.1,0.15000000000000002,0.6000000000000001,0.1,0.0,0.05,0.0
36,1,5,0,False,0.02254279850341539,0.10015320257349103,2,qEHVI,0.0,0.2,0.6000000000000001,0.1,0.0,0.05,0.05
36,1,5,0,False,0.02254279850341539,0.10015320257349103,3,qEHVI,0.05,0.0,0.65,0.0,0.0,0.2,0.1
36,1,5,0,False,0.02254279850341539,0.10015320257349103,4,qEHVI,0.25,0.0,0.55,0.1,0.0,0.05,0.05
36,2,4,1,False,0.01853446728579472,0.17955556359272506,0,qEHVI,0.25,0.05,0.65,0.0,0.0,0.0,0.05
36,2,4,1,False,0.01853446728579472,0.17955556359272506,1,qEHVI,0.1,0.15000000000000002,0.6000000000000001,0.1,0.0,0.05,0.0
36,2,4,1,False,0.01853446728579472,0.17955556359272506,2,qEHVI,0.0,0.2,0.6000000000000001,0.1,0.0,0.05,0.05
36,2,4,1,False,0.01853446728579472,0.17955556359272506,3,qEHVI,0.1,0.1,0.6000000000000001,0.1,0.0,0.05,0.05
36,2,4,1,False,0.01853446728579472,0.17955556359272506,4,qUCB,0.0,0.0,0.35000000000000003,0.05,0.1,0.45,0.05
36,3,3,2,True,0.015229805620343225,0.10965864637897482,0,qEHVI,0.25,0.05,0.65,0.0,0.0,0.0,0.05
36,3,3,2,True,0.015229805620343225,0.10965864637897482,1,qEHVI,0.1,0.15000000000000002,0.6000000000000001,0.1,0.0,0.05,0.0
36,3,3,2,True,0.015229805620343225,0.10965864637897482,2,qEHVI,0.0,0.2,0.6000000000000001,0.1,0.0,0.05,0.05
36,3,3,2,True,0.015229805620343225,0.10965864637897482,3,qUCB,0.0,0.0,0.35000000000000003,0.05,0.1,0.45,0.05
36,3,3,2,True,0.015229805620343225,0.10965864637897482,4,qUCB,0.35000000000000003,0.0,0.2,0.1,0.1,0.15000000000000002,0.1
36,4,2,3,False,0.011601541658528326,0.053028798265312815,0,qEHVI,0.25,0.05,0.65,0.0,0.0,0.0,0.05
36,4,2,3,False,0.011601541658528326,0.053028798265312815,1,qEHVI,0.1,0.15000000000000002,0.6000000000000001,0.1,0.0,0.05,0.0
36,4,2,3,False,0.011601541658528326,0.053028798265312815,2,qUCB,0.0,0.0,0.35000000000000003,0.05,0.1,0.4,0.1
36,4,2,3,False,0.011601541658528326,0.053028798265312815,3,qUCB,0.0,0.0,0.5,0.05,0.1,0.25,0.1
36,4,2,3,False,0.011601541658528326,0.053028798265312815,4,qUCB,0.35000000000000003,0.0,0.2,0.1,0.1,0.15000000000000002,0.1
36,5,1,4,False,0.0066725122738964865,0.08302606381719535,0,qEHVI,0.25,0.05,0.65,0.0,0.0,0.0,0.05
36,5,1,4,False,0.0066725122738964865,0.08302606381719535,1,qUCB,0.05,0.05,0.2,0.1,0.1,0.4,0.1
36,5,1,4,False,0.0066725122738964865,0.08302606381719535,2,qUCB,0.0,0.0,0.4,0.1,0.1,0.35000000000000003,0.05
36,5,1,4,False,0.0066725122738964865,0.08302606381719535,3,qUCB,0.0,0.05,0.30000000000000004,0.1,0.0,0.45,0.1
36,5,1,4,False,0.0066725122738964865,0.08302606381719535,4,qUCB,0.05,0.05,0.2,0.1,0.1,0.45,0.05
36,6,0,5,False,0.00699300086436813,0.16384423552096994,0,qUCB,0.0,0.0,0.65,0.0,0.0,0.30000000000000004,0.05
36,6,0,5,False,0.00699300086436813,0.16384423552096994,1,qUCB,0.0,0.05,0.65,0.1,0.0,0.15000000000000002,0.05
36,6,0,5,False,0.00699300086436813,0.16384423552096994,2,qUCB,0.05,0.0,0.55,0.1,0.0,0.25,0.05
36,6,0,5,False,0.00699300086436813,0.16384423552096994,3,qUCB,0.0,0.1,0.7000000000000001,0.0,0.0,0.15000000000000002,0.05
36,6,0,5,False,0.00699300086436813,0.16384423552096994,4,qUCB,0.0,0.0,0.55,0.1,0.1,0.15000000000000002,0.1
37,1,5,0,False,0.023832274997031846,0.5160748263647879,0,qEHVI,0.15000000000000002,0.1,0.55,0.1,0.0,0.05,0.05
37,1,5,0,False,0.023832274997031846,0.5160748263647879,1,qEHVI,0.05,0.1,0.6000000000000001,0.1,0.0,0.1,0.05
37,1,5,0,False,0.023832274997031846,0.5160748263647879,2,qEHVI,0.05,0.15000000000000002,0.65,0.1,0.0,0.0,0.05
37,1,5,0,False,0.023832274997031846,0.5160748263647879,3,qEHVI,0.1,0.15000000000000002,0.6000000000000001,0.1,0.0,0.0,0.05
37,1,5,0,False,0.023832274997031846,0.5160748263647879,4,qEHVI,0.25,0.0,0.65,0.05,0.0,0.05,0.0
37,2,4,1,False,0.020587857166008323,0.2233809292308102,0,qEHVI,0.15000000000000002,0.1,0.55,0.1,0.0,0.05,0.05
37,2,4,1,False,0.020587857166008323,0.2233809292308102,1,qEHVI,0.05,0.1,0.6000000000000001,0.1,0.0,0.1,0.05
37,2,4,1,False,0.020587857166008323,0.2233809292308102,2,qEHVI,0.05,0.15000000000000002,0.65,0.1,0.0,0.0,0.05
37,2,4,1,False,0.020587857166008323,0.2233809292308102,3,qEHVI,0.1,0.15000000000000002,0.6000000000000001,0.1,0.0,0.0,0.05
37,2,4,1,False,0.020587857166008323,0.2233809292308102,4,qUCB,0.05,0.0,0.4,0.0,0.1,0.4,0.05
37,3,3,2,True,0.016808792687063125,0.34688326340927134,0,qEHVI,0.15000000000000002,0.1,0.55,0.1,0.0,0.05,0.05
37,3,3,2,True,0.016808792687063125,0.34688326340927134,1,qEHVI,0.05,0.1,0.6000000000000001,0.1,0.0,0.1,0.05
37,3,3,2,True,0.016808792687063125,0.34688326340927134,2,qEHVI,0.05,0.15000000000000002,0.65,0.1,0.0,0.0,0.05
37,3,3,2,True,0.016808792687063125,0.34688326340927134,3,qUCB,0.05,0.0,0.4,0.0,0.1,0.4,0.05
37,3,3,2,True,0.016808792687063125,0.34688326340927134,4,qUCB,0.0,0.0,0.6000000000000001,0.0,0.1,0.2,0.1
37,4,2,3,False,0.012258185362893624,0.3391255829062372,0,qEHVI,0.15000000000000002,0.1,0.55,0.1,0.0,0.05,0.05
37,4,2,3,False,0.012258185362893624,0.3391255829062372,1,qEHVI,0.05,0.1,0.6000000000000001,0.1,0.0,0.1,0.05
37,4,2,3,False,0.012258185362893624,0.3391255829062372,2,qUCB,0.05,0.0,0.4,0.0,0.1,0.4,0.05
37,4,2,3,False,0.012258185362893624,0.3391255829062372,3,qUCB,0.0,0.0,0.6000000000000001,0.0,0.1,0.2,0.1
37,4,2,3,False,0.012258185362893624,0.3391255829062372,4,qUCB,0.15000000000000002,0.0,0.5,0.0,0.1,0.25,0.0
37,5,1,4,False,0.00927920709307393,0.14107209441167345,0,qEHVI,0.15000000000000002,0.1,0.55,0.1,0.0,0.05,0.05
37,5,1,4,False,0.00927920709307393,0.14107209441167345,1,qUCB,0.0,0.0,0.6000000000000001,0.0,0.1,0.2,0.1
37,5,1,4,False,0.00927920709307393,0.14107209441167345,2,qUCB,0.0,0.0,0.55,0.0,0.0,0.35000000000000003,0.1
37,5,1,4,False,0.00927920709307393,0.14107209441167345,3,qUCB,0.05,0.0,0.4,0.0,0.1,0.4,0.05
37,5,1,4,False,0.00927920709307393,0.14107209441167345,4,qUCB,0.0,0.0,0.65,0.0,0.0,0.35000000000000003,0.0
37,6,0,5,False,0.005428306869581039,0.18596965654556463,0,qUCB,0.0,0.1,0.65,0.1,0.0,0.1,0.05
37,6,0,5,False,0.005428306869581039,0.18596965654556463,1,qUCB,0.0,0.0,0.65,0.0,0.0,0.25,0.1
37,6,0,5,False,0.005428306869581039,0.18596965654556463,2,qUCB,0.0,0.0,0.6000000000000001,0.1,0.0,0.25,0.05
37,6,0,5,False,0.005428306869581039,0.18596965654556463,3,qUCB,0.0,0.0,0.5,0.1,0.1,0.2,0.1
37,6,0,5,False,0.005428306869581039,0.18596965654556463,4,qUCB,0.0,0.0,0.7000000000000001,0.0,0.0,0.25,0.05
38,1,5,0,False,0.01957181804021598,0.1498770971998269,0,qEHVI,0.2,0.05,0.65,0.05,0.0,0.05,0.0
38,1,5,0,False,0.01957181804021598,0.1498770971998269,1,qEHVI,0.05,0.0,0.65,0.0,0.0,0.2,0.1
38,1,5,0,False,0.01957181804021598,0.1498770971998269,2,qEHVI,0.1,0.0,0.65,0.1,0.0,0.05,0.1
38,1,5,0,False,0.01957181804021598,0.1498770971998269,3,qEHVI,0.0,0.05,0.7000000000000001,0.0,0.0,0.15000000000000002,0.1
38,1,5,0,False,0.01957181804021598,0.1498770971998269,4,qEHVI,0.1,0.05,0.65,0.1,0.0,0.05,0.05
38,2,4,1,False,0.01626105695382754,0.1030657108181341,0,qEHVI,0.2,0.05,0.65,0.05,0.0,0.05,0.0
38,2,4,1,False,0.01626105695382754,0.1030657108181341,1,qEHVI,0.05,0.0,0.65,0.0,0.0,0.2,0.1
38,2,4,1,False,0.01626105695382754,0.1030657108181341,2,qEHVI,0.1,0.0,0.65,0.1,0.0,0.05,0.1
38,2,4,1,False,0.01626105695382754,0.1030657108181341,3,qEHVI,0.0,0.05,0.7000000000000001,0.0,0.0,0.15000000000000002,0.1
38,2,4,1,False,0.01626105695382754,0.1030657108181341,4,qUCB,0.25,0.4,0.2,0.1,0.0,0.0,0.05
38,3,3,2,True,0.012841225226132751,0.06535220796410712,0,qEHVI,0.2,0.05,0.65,0.05,0.0,0.05,0.0
38,3,3,2,True,0.012841225226132751,0.06535220796410712,1,qEHVI,0.05,0.0,0.65,0.0,0.0,0.2,0.1
38,3,3,2,True,0.012841225226132751,0.06535220796410712,2,qEHVI,0.1,0.0,0.65,0.1,0.0,0.05,0.1
38,3,3,2,True,0.012841225226132751,0.06535220796410712,3,qUCB,0.25,0.4,0.2,0.1,0.0,0.0,0.05
38,3,3,2,True,0.012841225226132751,0.06535220796410712,4,qUCB,0.1,0.5,0.2,0.1,0.0,0.05,0.05
38,4,2,3,False,0.009386833813148514,0.03618295637467561,0,qEHVI,0.2,0.05,0.65,0.05,0.0,0.05,0.0
38,4,2,3,False,0.009386833813148514,0.03618295637467561,1,qEHVI,0.05,0.0,0.65,0.0,0.0,0.2,0.1
38,4,2,3,False,0.009386833813148514,0.03618295637467561,2,qUCB,0.05,0.5,0.2,0.1,0.05,0.0,0.1
38,4,2,3,False,0.009386833813148514,0.03618295637467561,3,qUCB,0.25,0.35000000000000003,0.2,0.1,0.0,0.0,0.1
38,4,2,3,False,0.009386833813148514,0.03618295637467561,4,qUCB,0.1,0.45,0.2,0.1,0.0,0.05,0.1
38,5,1,4,False,0.004745624322149045,0.06701772284454321,0,qEHVI,0.2,0.05,0.65,0.05,0.0,0.05,0.0
38,5,1,4,False,0.004745624322149045,0.06701772284454321,1,qUCB,0.0,0.0,0.4,0.1,0.1,0.30000000000000004,0.1
38,5,1,4,False,0.004745624322149045,0.06701772284454321,2,qUCB,0.0,0.0,0.4,0.0,0.05,0.45,0.1
38,5,1,4,False,0.004745624322149045,0.06701772284454321,3,qUCB,0.05,0.05,0.2,0.1,0.05,0.45,0.1
38,5,1,4,False,0.004745624322149045,0.06701772284454321,4,qUCB,0.0,0.1,0.2,0.1,0.1,0.4,0.1
38,6,0,5,False,0.0036057550535500468,0.06647969960348199,0,qUCB,0.0,0.1,0.65,0.1,0.0,0.1,0.05
38,6,0,5,False,0.0036057550535500468,0.06647969960348199,1,qUCB,0.0,0.0,0.6000000000000001,0.0,0.0,0.35000000000000003,0.05
38,6,0,5,False,0.0036057550535500468,0.06647969960348199,2,qUCB,0.05,0.0,0.6000000000000001,0.0,0.0,0.25,0.1
38,6,0,5,False,0.0036057550535500468,0.06647969960348199,3,qUCB,0.0,0.0,0.55,0.1,0.0,0.30000000000000004,0.05
38,6,0,5,False,0.0036057550535500468,0.06647969960348199,4,qUCB,0.0,0.2,0.65,0.0,0.0,0.15000000000000002,0.0
39,1,5,0,False,0.019704047850634437,0.2127332915433442,0,qEHVI,0.1,0.15000000000000002,0.6000000000000001,0.1,0.0,0.0,0.05
39,1,5,0,False,0.019704047850634437,0.2127332915433442,1,qEHVI,0.0,0.2,0.65,0.05,0.0,0.05,0.05
39,1,5,0,False,0.019704047850634437,0.2127332915433442,2,qEHVI,0.30000000000000004,0.0,0.6000000000000001,0.05,0.0,0.05,0.0
39,1,5,0,False,0.019704047850634437,0.2127332915433442,3,qEHVI,0.25,0.0,0.65,0.05,0.0,0.05,0.0
39,1,5,0,False,0.019704047850634437,0.2127332915433442,4,qEHVI,0.05,0.1,0.6000000000000001,0.1,0.0,0.05,0.1
39,2,4,1,False,0.01725912235662975,0.2031293644404748,0,qEHVI,0.1,0.15000000000000002,0.6000000000000001,0.1,0.0,0.0,0.05
39,2,4,1,False,0.01725912235662975,0.2031293644404748,1,qEHVI,0.0,0.2,0.65,0.05,0.0,0.05,0.05
39,2,4,1,False,0.01725912235662975,0.2031293644404748,2,qEHVI,0.30000000000000004,0.0,0.6000000000000001,0.05,0.0,0.05,0.0
39,2,4,1,False,0.01725912235662975,0.2031293644404748,3,qEHVI,0.05,0.1,0.6000000000000001,0.1,0.0,0.05,0.1
39,2,4,1,False,0.01725912235662975,0.2031293644404748,4,qUCB,0.0,0.0,0.4,0.0,0.05,0.45,0.1
39,3,3,2,True,0.014468213184329488,0.026245321287726497,0,qEHVI,0.1,0.15000000000000002,0.6000000000000001,0.1,0.0,0.0,0.05
39,3,3,2,True,0.014468213184329488,0.026245321287726497,1,qEHVI,0.0,0.2,0.65,0.05,0.0,0.05,0.05
39,3,3,2,True,0.014468213184329488,0.026245321287726497,2,qEHVI,0.30000000000000004,0.0,0.6000000000000001,0.05,0.0,0.05,0.0
39,3,3,2,True,0.014468213184329488,0.026245321287726497,3,qUCB,0.1,0.0,0.2,0.05,0.1,0.45,0.1
39,3,3,2,True,0.014468213184329488,0.026245321287726497,4,qUCB,0.0,0.0,0.35000000000000003,0.05,0.1,0.4,0.1
39,4,2,3,False,0.011294013674696008,0.06343216251371864,0,qEHVI,0.1,0.15000000000000002,0.6000000000000001,0.1,0.0,0.0,0.05
39,4,2,3,False,0.011294013674696008,0.06343216251371864,1,qEHVI,0.0,0.2,0.65,0.05,0.0,0.05,0.05
39,4,2,3,False,0.011294013674696008,0.06343216251371864,2,qUCB,0.1,0.0,0.2,0.05,0.1,0.45,0.1
39,4,2,3,False,0.011294013674696008,0.06343216251371864,3,qUCB,0.35000000000000003,0.15000000000000002,0.2,0.0,0.1,0.2,0.0
39,4,2,3,False,0.011294013674696008,0.06343216251371864,4,qUCB,0.35000000000000003,0.35000000000000003,0.30000000000000004,0.0,0.0,0.0,0.0
39,5,1,4,False,0.00674187993887406,0.017049768498601736,0,qEHVI,0.1,0.15000000000000002,0.6000000000000001,0.1,0.0,0.0,0.05
39,5,1,4,False,0.00674187993887406,0.017049768498601736,1,qUCB,0.0,0.0,0.4,0.0,0.05,0.45,0.1
39,5,1,4,False,0.00674187993887406,0.017049768498601736,2,qUCB,0.0,0.0,0.5,0.0,0.1,0.30000000000000004,0.1
39,5,1,4,False,0.00674187993887406,0.017049768498601736,3,qUCB,0.35000000000000003,0.15000000000000002,0.2,0.0,0.1,0.2,0.0
39,5,1,4,False,0.00674187993887406,0.017049768498601736,4,qUCB,0.0,0.0,0.5,0.0,0.0,0.4,0.1
39,6,0,5,False,0.004131451605375541,0.23797217716022256,0,qUCB,0.0,0.0,0.65,0.0,0.0,0.25,0.1
39,6,0,5,False,0.004131451605375541,0.23797217716022256,1,qUCB,0.0,0.1,0.65,0.1,0.0,0.1,0.05
39,6,0,5,False,0.004131451605375541,0.23797217716022256,2,qUCB,0.0,0.0,0.55,0.05,0.0,0.35000000000000003,0.05
39,6,0,5,False,0.004131451605375541,0.23797217716022256,3,qUCB,0.05,0.0,0.65,0.0,0.0,0.25,0.05
39,6,0,5,False,0.004131451605375541,0.23797217716022256,4,qUCB,0.0,0.2,0.6000000000000001,0.0,0.0,0.2,0.0
40,1,5,0,False,0.018341128552565783,0.3738451569850785,0,qEHVI,0.1,0.2,0.6000000000000001,0.05,0.0,0.0,0.05
40,1,5,0,False,0.018341128552565783,0.3738451569850785,1,qEHVI,0.25,0.0,0.65,0.05,0.0,0.05,0.0
40,1,5,0,False,0.018341128552565783,0.3738451569850785,2,qEHVI,0.1,0.05,0.65,0.1,0.0,0.05,0.05
40,1,5,0,False,0.018341128552565783,0.3738451569850785,3,qEHVI,0.05,0.15000000000000002,0.6000000000000001,0.1,0.0,0.0,0.1
40,1,5,0,False,0.018341128552565783,0.3738451569850785,4,qEHVI,0.0,0.05,0.7000000000000001,0.0,0.0,0.15000000000000002,0.1
40,2,4,1,False,0.01526476809874682,0.2050781592505917,0,qEHVI,0.1,0.2,0.6000000000000001,0.05,0.0,0.0,0.05
40,2,4,1,False,0.01526476809874682,0.2050781592505917,1,qEHVI,0.25,0.0,0.65,0.05,0.0,0.05,0.0
40,2,4,1,False,0.01526476809874682,0.2050781592505917,2,qEHVI,0.1,0.05,0.65,0.1,0.0,0.05,0.05
40,2,4,1,False,0.01526476809874682,0.2050781592505917,3,qEHVI,0.05,0.15000000000000002,0.6000000000000001,0.1,0.0,0.0,0.1
40,2,4,1,False,0.01526476809874682,0.2050781592505917,4,qUCB,0.0,0.0,0.4,0.0,0.05,0.45,0.1
40,3,3,2,True,0.011897397750299677,0.07240488840488624,0,qEHVI,0.1,0.2,0.6000000000000001,0.05,0.0,0.0,0.05
40,3,3,2,True,0.011897397750299677,0.07240488840488624,1,qEHVI,0.25,0.0,0.65,0.05,0.0,0.05,0.0
40,3,3,2,True,0.011897397750299677,0.07240488840488624,2,qEHVI,0.1,0.05,0.65,0.1,0.0,0.05,0.05
40,3,3,2,True,0.011897397750299677,0.07240488840488624,3,qUCB,0.05,0.05,0.2,0.05,0.1,0.45,0.1
40,3,3,2,True,0.011897397750299677,0.07240488840488624,4,qUCB,0.0,0.0,0.4,0.0,0.05,0.45,0.1
40,4,2,3,False,0.008263509121243965,0.053868365041356725,0,qEHVI,0.1,0.2,0.6000000000000001,0.05,0.0,0.0,0.05
40,4,2,3,False,0.008263509121243965,0.053868365041356725,1,qEHVI,0.25,0.0,0.65,0.05,0.0,0.05,0.0
40,4,2,3,False,0.008263509121243965,0.053868365041356725,2,qUCB,0.05,0.05,0.2,0.05,0.1,0.45,0.1
40,4,2,3,False,0.008263509121243965,0.053868365041356725,3,qUCB,0.0,0.0,0.4,0.0,0.05,0.45,0.1
40,4,2,3,False,0.008263509121243965,0.053868365041356725,4,qUCB,0.05,0.05,0.2,0.1,0.1,0.4,0.1
40,5,1,4,False,0.004673625685024984,0.00845727873856017,0,qEHVI,0.1,0.2,0.6000000000000001,0.05,0.0,0.0,0.05
40,5,1,4,False,0.004673625685024984,0.00845727873856017,1,qUCB,0.05,0.05,0.2,0.05,0.1,0.45,0.1
40,5,1,4,False,0.004673625685024984,0.00845727873856017,2,qUCB,0.35000000000000003,0.1,0.2,0.1,0.1,0.15000000000000002,0.0
40,5,1,4,False,0.004673625685024984,0.00845727873856017,3,qUCB,0.0,0.0,0.4,0.0,0.05,0.45,0.1
40,5,1,4,False,0.004673625685024984,0.00845727873856017,4,qUCB,0.35000000000000003,0.0,0.2,0.1,0.1,0.25,0.0
40,6,0,5,False,0.006141851241875045,0.07784559782969858,0,qUCB,0.0,0.0,0.65,0.0,0.0,0.30000000000000004,0.05
40,6,0,5,False,0.006141851241875045,0.07784559782969858,1,qUCB,0.0,0.05,0.7000000000000001,0.0,0.0,0.15000000000000002,0.1
40,6,0,5,False,0.006141851241875045,0.07784559782969858,2,qUCB,0.0,0.0,0.55,0.1,0.0,0.30000000000000004,0.05
40,6,0,5,False,0.006141851241875045,0.07784559782969858,3,qUCB,0.0,0.0,0.55,0.0,0.0,0.35000000000000003,0.1
40,6,0,5,False,0.006141851241875045,0.07784559782969858,4,qUCB,0.0,0.15000000000000002,0.6000000000000001,0.0,0.0,0.25,0.0
41,1,5,0,False,0.015843657129157546,0.12661600091802327,0,qEHVI,0.05,0.15000000000000002,0.6000000000000001,0.1,0.0,0.0,0.1
41,1,5,0,False,0.015843657129157546,0.12661600091802327,1,qEHVI,0.0,0.05,0.7000000000000001,0.0,0.0,0.15000000000000002,0.1
41,1,5,0,False,0.015843657129157546,0.12661600091802327,2,qEHVI,0.15000000000000002,0.05,0.65,0.1,0.0,0.05,0.0
41,1,5,0,False,0.015843657129157546,0.12661600091802327,3,qEHVI,0.05,0.1,0.7000000000000001,0.05,0.0,0.0,0.1
41,1,5,0,False,0.015843657129157546,0.12661600091802327,4,qEHVI,0.0,0.1,0.65,0.0,0.0,0.15000000000000002,0.1
41,2,4,1,False,0.013259631177706878,0.11796485065491424,0,qEHVI,0.05,0.15000000000000002,0.6000000000000001,0.1,0.0,0.0,0.1
41,2,4,1,False,0.013259631177706878,0.11796485065491424,1,qEHVI,0.0,0.05,0.7000000000000001,0.0,0.0,0.15000000000000002,0.1
41,2,4,1,False,0.013259631177706878,0.11796485065491424,2,qEHVI,0.15000000000000002,0.05,0.65,0.1,0.0,0.05,0.0
41,2,4,1,False,0.013259631177706878,0.11796485065491424,3,qEHVI,0.05,0.1,0.7000000000000001,0.05,0.0,0.0,0.1
41,2,4,1,False,0.013259631177706878,0.11796485065491424,4,qUCB,0.30000000000000004,0.45,0.2,0.0,0.0,0.0,0.05
41,3,3,2,True,0.010488536498973522,0.06317937653259342,0,qEHVI,0.05,0.15000000000000002,0.6000000000000001,0.1,0.0,0.0,0.1
41,3,3,2,True,0.010488536498973522,0.06317937653259342,1,qEHVI,0.0,0.05,0.7000000000000001,0.0,0.0,0.15000000000000002,0.1
41,3,3,2,True,0.010488536498973522,0.06317937653259342,2,qEHVI,0.05,0.1,0.7000000000000001,0.05,0.0,0.0,0.1
41,3,3,2,True,0.010488536498973522,0.06317937653259342,3,qUCB,0.35000000000000003,0.4,0.2,0.0,0.0,0.05,0.0
41,3,3,2,True,0.010488536498973522,0.06317937653259342,4,qUCB,0.35000000000000003,0.25,0.4,0.0,0.0,0.0,0.0
41,4,2,3,False,0.0072702753490472925,0.0800430783151489,0,qEHVI,0.05,0.15000000000000002,0.6000000000000001,0.1,0.0,0.0,0.1
41,4,2,3,False,0.0072702753490472925,0.0800430783151489,1,qEHVI,0.0,0.05,0.7000000000000001,0.0,0.0,0.15000000000000002,0.1
41,4,2,3,False,0.0072702753490472925,0.0800430783151489,2,qUCB,0.35000000000000003,0.4,0.2,0.0,0.0,0.05,0.0
41,4,2,3,False,0.0072702753490472925,0.0800430783151489,3,qUCB,0.35000000000000003,0.25,0.4,0.0,0.0,0.0,0.0
41,4,2,3,False,0.0072702753490472925,0.0800430783151489,4,qUCB,0.35000000000000003,0.1,0.2,0.0,0.1,0.25,0.0
41,5,1,4,False,0.004691042053899984,0.05922254227001211,0,qEHVI,0.05,0.15000000000000002,0.6000000000000001,0.1,0.0,0.0,0.1
41,5,1,4,False,0.004691042053899984,0.05922254227001211,1,qUCB,0.35000000000000003,0.4,0.2,0.0,0.0,0.05,0.0
41,5,1,4,False,0.004691042053899984,0.05922254227001211,2,qUCB,0.35000000000000003,0.25,0.4,0.0,0.0,0.0,0.0
41,5,1,4,False,0.004691042053899984,0.05922254227001211,3,qUCB,0.35000000000000003,0.1,0.2,0.0,0.1,0.25,0.0
41,5,1,4,False,0.004691042053899984,0.05922254227001211,4,qUCB,0.35000000000000003,0.2,0.2,0.1,0.1,0.05,0.0
41,6,0,5,False,0.006717979176322675,0.19130177811528348,0,qUCB,0.05,0.05,0.7000000000000001,0.05,0.0,0.05,0.1
41,6,0,5,False,0.006717979176322675,0.19130177811528348,1,qUCB,0.0,0.0,0.6000000000000001,0.0,0.0,0.35000000000000003,0.05
41,6,0,5,False,0.006717979176322675,0.19130177811528348,2,qUCB,0.0,0.2,0.6000000000000001,0.0,0.0,0.2,0.0
41,6,0,5,False,0.006717979176322675,0.19130177811528348,3,qUCB,0.0,0.1,0.65,0.0,0.0,0.15000000000000002,0.1
41,6,0,5,False,0.006717979176322675,0.19130177811528348,4,qUCB,0.35000000000000003,0.0,0.55,0.0,0.0,0.0,0.1
42,1,5,0,True,0.015094434273770031,0.06393310913379224,0,qEHVI,0.15000000000000002,0.05,0.65,0.1,0.0,0.05,0.0
42,1,5,0,True,0.015094434273770031,0.06393310913379224,1,qEHVI,0.1,0.05,0.65,0.05,0.0,0.1,0.05
42,1,5,0,True,0.015094434273770031,0.06393310913379224,2,qEHVI,0.05,0.05,0.65,0.1,0.0,0.1,0.05
42,1,5,0,True,0.015094434273770031,0.06393310913379224,3,qEHVI,0.25,0.0,0.6000000000000001,0.05,0.0,0.05,0.05
42,1,5,0,True,0.015094434273770031,0.06393310913379224,4,qEHVI,0.05,0.2,0.65,0.0,0.0,0.0,0.1
42,2,4,1,False,0.012642287587772213,0.0740695018189772,0,qEHVI,0.15000000000000002,0.05,0.65,0.1,0.0,0.05,0.0
42,2,4,1,False,0.012642287587772213,0.0740695018189772,1,qEHVI,0.1,0.05,0.65,0.05,0.0,0.1,0.05
42,2,4,1,False,0.012642287587772213,0.0740695018189772,2,qEHVI,0.05,0.05,0.65,0.1,0.0,0.1,0.05
42,2,4,1,False,0.012642287587772213,0.0740695018189772,3,qEHVI,0.05,0.2,0.65,0.0,0.0,0.0,0.1
42,2,4,1,False,0.012642287587772213,0.0740695018189772,4,qUCB,0.30000000000000004,0.45,0.2,0.0,0.0,0.05,0.0
42,3,3,2,False,0.010072966884394127,0.0827180719213132,0,qEHVI,0.15000000000000002,0.05,0.65,0.1,0.0,0.05,0.0
42,3,3,2,False,0.010072966884394127,0.0827180719213132,1,qEHVI,0.1,0.05,0.65,0.05,0.0,0.1,0.05
42,3,3,2,False,0.010072966884394127,0.0827180719213132,2,qEHVI,0.05,0.05,0.65,0.1,0.0,0.1,0.05
42,3,3,2,False,0.010072966884394127,0.0827180719213132,3,qUCB,0.30000000000000004,0.45,0.2,0.0,0.0,0.05,0.0
42,3,3,2,False,0.010072966884394127,0.0827180719213132,4,qUCB,0.35000000000000003,0.4,0.2,0.05,0.0,0.0,0.0
42,4,2,3,False,0.006981880075987857,0.04916791431759471,0,qEHVI,0.15000000000000002,0.05,0.65,0.1,0.0,0.05,0.0
42,4,2,3,False,0.006981880075987857,0.04916791431759471,1,qEHVI,0.1,0.05,0.65,0.05,0.0,0.1,0.05
42,4,2,3,False,0.006981880075987857,0.04916791431759471,2,qUCB,0.30000000000000004,0.45,0.2,0.0,0.0,0.05,0.0
42,4,2,3,False,0.006981880075987857,0.04916791431759471,3,qUCB,0.05,0.05,0.2,0.1,0.1,0.45,0.05
42,4,2,3,False,0.006981880075987857,0.04916791431759471,4,qUCB,0.35000000000000003,0.05,0.30000000000000004,0.1,0.1,0.0,0.1
42,5,1,4,False,0.003646231123860635,0.04730333647479057,0,qEHVI,0.15000000000000002,0.05,0.65,0.1,0.0,0.05,0.0
42,5,1,4,False,0.003646231123860635,0.04730333647479057,1,qUCB,0.0,0.0,0.5,0.0,0.1,0.30000000000000004,0.1
42,5,1,4,False,0.003646231123860635,0.04730333647479057,2,qUCB,0.05,0.1,0.2,0.0,0.1,0.45,0.1
42,5,1,4,False,0.003646231123860635,0.04730333647479057,3,qUCB,0.35000000000000003,0.15000000000000002,0.2,0.0,0.0,0.2,0.1
42,5,1,4,False,0.003646231123860635,0.04730333647479057,4,qUCB,0.0,0.1,0.4,0.0,0.1,0.30000000000000004,0.1
42,6,0,5,False,0.00406902870382756,0.17405995471687685,0,qUCB,0.05,0.05,0.7000000000000001,0.05,0.0,0.05,0.1
42,6,0,5,False,0.00406902870382756,0.17405995471687685,1,qUCB,0.0,0.0,0.6000000000000001,0.0,0.0,0.30000000000000004,0.1
42,6,0,5,False,0.00406902870382756,0.17405995471687685,2,qUCB,0.0,0.15000000000000002,0.65,0.0,0.0,0.2,0.0
42,6,0,5,False,0.00406902870382756,0.17405995471687685,3,qUCB,0.0,0.05,0.6000000000000001,0.0,0.0,0.30000000000000004,0.05
42,6,0,5,False,0.00406902870382756,0.17405995471687685,4,qUCB,0.0,0.0,0.55,0.1,0.0,0.30000000000000004,0.05
43,1,5,0,True,0.013635837700294542,0.1328270821136055,0,qEHVI,0.05,0.1,0.6000000000000001,0.1,0.0,0.05,0.1
43,1,5,0,True,0.013635837700294542,0.1328270821136055,1,qEHVI,0.30000000000000004,0.0,0.65,0.0,0.0,0.0,0.05
43,1,5,0,True,0.013635837700294542,0.1328270821136055,2,qEHVI,0.05,0.1,0.65,0.1,0.0,0.1,0.0
43,1,5,0,True,0.013635837700294542,0.1328270821136055,3,qEHVI,0.0,0.1,0.65,0.0,0.0,0.15000000000000002,0.1
43,1,5,0,True,0.013635837700294542,0.1328270821136055,4,qEHVI,0.30000000000000004,0.0,0.6000000000000001,0.0,0.0,0.05,0.05
43,2,4,1,False,0.011318274033297555,0.14268129431387067,0,qEHVI,0.05,0.1,0.6000000000000001,0.1,0.0,0.05,0.1
43,2,4,1,False,0.011318274033297555,0.14268129431387067,1,qEHVI,0.30000000000000004,0.0,0.65,0.0,0.0,0.0,0.05
43,2,4,1,False,0.011318274033297555,0.14268129431387067,2,qEHVI,0.05,0.1,0.65,0.1,0.0,0.1,0.0
43,2,4,1,False,0.011318274033297555,0.14268129431387067,3,qEHVI,0.0,0.1,0.65,0.0,0.0,0.15000000000000002,0.1
43,2,4,1,False,0.011318274033297555,0.14268129431387067,4,qUCB,0.30000000000000004,0.4,0.2,0.1,0.0,0.0,0.0
43,3,3,2,False,0.008840608797120444,0.19688648816843646,0,qEHVI,0.05,0.1,0.6000000000000001,0.1,0.0,0.05,0.1
43,3,3,2,False,0.008840608797120444,0.19688648816843646,1,qEHVI,0.30000000000000004,0.0,0.65,0.0,0.0,0.0,0.05
43,3,3,2,False,0.008840608797120444,0.19688648816843646,2,qEHVI,0.05,0.1,0.65,0.1,0.0,0.1,0.0
43,3,3,2,False,0.008840608797120444,0.19688648816843646,3,qUCB,0.05,0.05,0.30000000000000004,0.0,0.1,0.45,0.05
43,3,3,2,False,0.008840608797120444,0.19688648816843646,4,qUCB,0.35000000000000003,0.25,0.2,0.1,0.1,0.0,0.0
43,4,2,3,False,0.0066034941971256575,0.011807252479307806,0,qEHVI,0.05,0.1,0.6000000000000001,0.1,0.0,0.05,0.1
43,4,2,3,False,0.0066034941971256575,0.011807252479307806,1,qEHVI,0.30000000000000004,0.0,0.65,0.0,0.0,0.0,0.05
43,4,2,3,False,0.0066034941971256575,0.011807252479307806,2,qUCB,0.30000000000000004,0.4,0.2,0.1,0.0,0.0,0.0
43,4,2,3,False,0.0066034941971256575,0.011807252479307806,3,qUCB,0.35000000000000003,0.25,0.2,0.1,0.1,0.0,0.0
43,4,2,3,False,0.0066034941971256575,0.011807252479307806,4,qUCB,0.35000000000000003,0.1,0.2,0.1,0.1,0.15000000000000002,0.0
43,5,1,4,False,0.0038015585897089527,0.1044068585425153,0,qEHVI,0.05,0.1,0.6000000000000001,0.1,0.0,0.05,0.1
43,5,1,4,False,0.0038015585897089527,0.1044068585425153,1,qUCB,0.30000000000000004,0.45,0.2,0.0,0.0,0.05,0.0
43,5,1,4,False,0.0038015585897089527,0.1044068585425153,2,qUCB,0.35000000000000003,0.35000000000000003,0.2,0.0,0.1,0.0,0.0
43,5,1,4,False,0.0038015585897089527,0.1044068585425153,3,qUCB,0.35000000000000003,0.15000000000000002,0.2,0.0,0.1,0.2,0.0
43,5,1,4,False,0.0038015585897089527,0.1044068585425153,4,qUCB,0.35000000000000003,0.35000000000000003,0.30000000000000004,0.0,0.0,0.0,0.0
43,6,0,5,False,0.0031463670370724755,0.15505551480376933,0,qUCB,0.05,0.05,0.7000000000000001,0.05,0.0,0.05,0.1
43,6,0,5,False,0.0031463670370724755,0.15505551480376933,1,qUCB,0.0,0.0,0.65,0.0,0.0,0.30000000000000004,0.05
43,6,0,5,False,0.0031463670370724755,0.15505551480376933,2,qUCB,0.0,0.15000000000000002,0.65,0.0,0.0,0.2,0.0
43,6,0,5,False,0.0031463670370724755,0.15505551480376933,3,qUCB,0.0,0.1,0.55,0.0,0.0,0.30000000000000004,0.05
43,6,0,5,False,0.0031463670370724755,0.15505551480376933,4,qUCB,0.35000000000000003,0.0,0.55,0.0,0.0,0.0,0.1
44,1,5,0,True,0.10879884593835562,0.019544448415309112,0,qEHVI,0.0,0.0,0.6000000000000001,0.0,0.0,0.30000000000000004,0.1
44,1,5,0,True,0.10879884593835562,0.019544448415309112,1,qEHVI,0.35000000000000003,0.25,0.30000000000000004,0.1,0.0,0.0,0.0
44,1,5,0,True,0.10879884593835562,0.019544448415309112,2,qEHVI,0.35000000000000003,0.1,0.4,0.05,0.0,0.0,0.1
44,1,5,0,True,0.10879884593835562,0.019544448415309112,3,qEHVI,0.0,0.4,0.55,0.05,0.0,0.0,0.0
44,1,5,0,True,0.10879884593835562,0.019544448415309112,4,qEHVI,0.0,0.0,0.6000000000000001,0.0,0.0,0.4,0.0
44,2,4,1,False,0.09778075245354746,0.2413283681115046,0,qEHVI,0.35000000000000003,0.25,0.30000000000000004,0.1,0.0,0.0,0.0
44,2,4,1,False,0.09778075245354746,0.2413283681115046,1,qEHVI,0.0,0.0,0.6000000000000001,0.0,0.0,0.30000000000000004,0.1
44,2,4,1,False,0.09778075245354746,0.2413283681115046,2,qEHVI,0.35000000000000003,0.1,0.4,0.05,0.0,0.0,0.1
44,2,4,1,False,0.09778075245354746,0.2413283681115046,3,qEHVI,0.0,0.4,0.55,0.05,0.0,0.0,0.0
44,2,4,1,False,0.09778075245354746,0.2413283681115046,4,qUCB,0.0,0.1,0.6000000000000001,0.1,0.1,0.0,0.1
44,3,3,2,False,0.10109116864530795,0.035448631962902155,0,qEHVI,0.0,0.0,0.6000000000000001,0.0,0.0,0.30000000000000004,0.1
44,3,3,2,False,0.10109116864530795,0.035448631962902155,1,qEHVI,0.35000000000000003,0.25,0.30000000000000004,0.1,0.0,0.0,0.0
44,3,3,2,False,0.10109116864530795,0.035448631962902155,2,qEHVI,0.35000000000000003,0.1,0.4,0.05,0.0,0.0,0.1
44,3,3,2,False,0.10109116864530795,0.035448631962902155,3,qUCB,0.0,0.2,0.55,0.1,0.1,0.0,0.05
44,3,3,2,False,0.10109116864530795,0.035448631962902155,4,qUCB,0.0,0.35000000000000003,0.5,0.0,0.1,0.05,0.0
44,4,2,3,False,0.08307722710919596,0.09345026048383698,0,qEHVI,0.35000000000000003,0.25,0.30000000000000004,0.1,0.0,0.0,0.0
44,4,2,3,False,0.08307722710919596,0.09345026048383698,1,qEHVI,0.0,0.0,0.6000000000000001,0.0,0.0,0.30000000000000004,0.1
44,4,2,3,False,0.08307722710919596,0.09345026048383698,2,qUCB,0.0,0.2,0.55,0.1,0.1,0.0,0.05
44,4,2,3,False,0.08307722710919596,0.09345026048383698,3,qUCB,0.35000000000000003,0.0,0.4,0.0,0.1,0.05,0.1
44,4,2,3,False,0.08307722710919596,0.09345026048383698,4,qUCB,0.0,0.35000000000000003,0.5,0.0,0.1,0.05,0.0
44,5,1,4,False,0.08457979332699894,0.19685283551844224,0,qEHVI,0.35000000000000003,0.25,0.30000000000000004,0.1,0.0,0.0,0.0
44,5,1,4,False,0.08457979332699894,0.19685283551844224,1,qUCB,0.0,0.0,0.6000000000000001,0.0,0.0,0.30000000000000004,0.1
44,5,1,4,False,0.08457979332699894,0.19685283551844224,2,qUCB,0.0,0.0,0.6000000000000001,0.0,0.0,0.4,0.0
44,5,1,4,False,0.08457979332699894,0.19685283551844224,3,qUCB,0.0,0.1,0.5,0.0,0.1,0.2,0.1
44,5,1,4,False,0.08457979332699894,0.19685283551844224,4,qUCB,0.0,0.2,0.55,0.0,0.1,0.05,0.1
44,6,0,5,False,0.09561494272148988,0.3024496501845464,0,qUCB,0.0,0.0,0.6000000000000001,0.0,0.0,0.30000000000000004,0.1
44,6,0,5,False,0.09561494272148988,0.3024496501845464,1,qUCB,0.35000000000000003,0.25,0.30000000000000004,0.1,0.0,0.0,0.0
44,6,0,5,False,0.09561494272148988,0.3024496501845464,2,qUCB,0.0,0.25,0.5,0.0,0.0,0.25,0.0
44,6,0,5,False,0.09561494272148988,0.3024496501845464,3,qUCB,0.35000000000000003,0.0,0.35000000000000003,0.1,0.1,0.0,0.1
44,6,0,5,False,0.09561494272148988,0.3024496501845464,4,qUCB,0.35000000000000003,0.2,0.35000000000000003,0.0,0.0,0.0,0.1
45,1,5,0,True,0.012893462126138254,0.051598700408849396,0,qEHVI,0.1,0.05,0.6000000000000001,0.1,0.0,0.05,0.1
45,1,5,0,True,0.012893462126138254,0.051598700408849396,1,qEHVI,0.1,0.1,0.6000000000000001,0.05,0.0,0.05,0.1
45,1,5,0,True,0.012893462126138254,0.051598700408849396,2,qEHVI,0.05,0.1,0.65,0.05,0.0,0.05,0.1
45,1,5,0,True,0.012893462126138254,0.051598700408849396,3,qEHVI,0.1,0.2,0.65,0.05,0.0,0.0,0.0
45,1,5,0,True,0.012893462126138254,0.051598700408849396,4,qEHVI,0.15000000000000002,0.05,0.7000000000000001,0.1,0.0,0.0,0.0
45,2,4,1,False,0.010769159515730377,0.031922291374849365,0,qEHVI,0.1,0.05,0.6000000000000001,0.1,0.0,0.05,0.1
45,2,4,1,False,0.010769159515730377,0.031922291374849365,1,qEHVI,0.1,0.1,0.6000000000000001,0.05,0.0,0.05,0.1
45,2,4,1,False,0.010769159515730377,0.031922291374849365,2,qEHVI,0.05,0.1,0.65,0.05,0.0,0.05,0.1
45,2,4,1,False,0.010769159515730377,0.031922291374849365,3,qEHVI,0.1,0.2,0.65,0.05,0.0,0.0,0.0
45,2,4,1,False,0.010769159515730377,0.031922291374849365,4,qUCB,0.05,0.05,0.2,0.1,0.1,0.45,0.05
45,3,3,2,False,0.008433964162635681,0.8151668014880702,0,qEHVI,0.1,0.05,0.6000000000000001,0.1,0.0,0.05,0.1
45,3,3,2,False,0.008433964162635681,0.8151668014880702,1,qEHVI,0.1,0.1,0.6000000000000001,0.05,0.0,0.05,0.1
45,3,3,2,False,0.008433964162635681,0.8151668014880702,2,qEHVI,0.05,0.1,0.65,0.05,0.0,0.05,0.1
45,3,3,2,False,0.008433964162635681,0.8151668014880702,3,qUCB,0.25,0.45,0.2,0.1,0.0,0.0,0.0
45,3,3,2,False,0.008433964162635681,0.8151668014880702,4,qUCB,0.35000000000000003,0.1,0.2,0.1,0.1,0.15000000000000002,0.0
45,4,2,3,False,0.005944157828871518,0.19769839834609026,0,qEHVI,0.1,0.05,0.6000000000000001,0.1,0.0,0.05,0.1
45,4,2,3,False,0.005944157828871518,0.19769839834609026,1,qEHVI,0.1,0.1,0.6000000000000001,0.05,0.0,0.05,0.1
45,4,2,3,False,0.005944157828871518,0.19769839834609026,2,qUCB,0.25,0.45,0.2,0.1,0.0,0.0,0.0
45,4,2,3,False,0.005944157828871518,0.19769839834609026,3,qUCB,0.35000000000000003,0.1,0.2,0.1,0.1,0.15000000000000002,0.0
45,4,2,3,False,0.005944157828871518,0.19769839834609026,4,qUCB,0.35000000000000003,0.25,0.2,0.1,0.1,0.0,0.0
45,5,1,4,False,0.003757503030137113,0.047886678888862555,0,qEHVI,0.1,0.05,0.6000000000000001,0.1,0.0,0.05,0.1
45,5,1,4,False,0.003757503030137113,0.047886678888862555,1,qUCB,0.35000000000000003,0.35000000000000003,0.30000000000000004,0.0,0.0,0.0,0.0
45,5,1,4,False,0.003757503030137113,0.047886678888862555,2,qUCB,0.15000000000000002,0.5,0.35000000000000003,0.0,0.0,0.0,0.0
45,5,1,4,False,0.003757503030137113,0.047886678888862555,3,qUCB,0.2,0.5,0.2,0.0,0.0,0.1,0.0
45,5,1,4,False,0.003757503030137113,0.047886678888862555,4,qUCB,0.0,0.5,0.4,0.0,0.1,0.0,0.0
45,6,0,5,False,0.0027925660684972515,0.10037557049240498,0,qUCB,0.05,0.05,0.7000000000000001,0.05,0.0,0.05,0.1
45,6,0,5,False,0.0027925660684972515,0.10037557049240498,1,qUCB,0.0,0.0,0.65,0.0,0.0,0.30000000000000004,0.05
45,6,0,5,False,0.0027925660684972515,0.10037557049240498,2,qUCB,0.0,0.1,0.55,0.0,0.0,0.30000000000000004,0.05
45,6,0,5,False,0.0027925660684972515,0.10037557049240498,3,qUCB,0.0,0.0,0.5,0.1,0.1,0.2,0.1
45,6,0,5,False,0.0027925660684972515,0.10037557049240498,4,qUCB,0.0,0.0,0.55,0.1,0.0,0.30000000000000004,0.05
46,1,5,0,True,0.0080852626082618,0.24414884315305763,0,qEHVI,0.05,0.15000000000000002,0.55,0.1,0.0,0.05,0.1
46,1,5,0,True,0.0080852626082618,0.24414884315305763,1,qEHVI,0.0,0.0,0.6000000000000001,0.1,0.05,0.15000000000000002,0.1
46,1,5,0,True,0.0080852626082618,0.24414884315305763,2,qEHVI,0.05,0.25,0.55,0.1,0.0,0.0,0.05
46,1,5,0,True,0.0080852626082618,0.24414884315305763,3,qEHVI,0.30000000000000004,0.05,0.55,0.1,0.0,0.0,0.0
46,1,5,0,True,0.0080852626082618,0.24414884315305763,4,qEHVI,0.2,0.15000000000000002,0.65,0.0,0.0,0.0,0.0
46,2,4,1,False,0.006569205221270433,0.07678741401519673,0,qEHVI,0.05,0.15000000000000002,0.55,0.1,0.0,0.05,0.1
46,2,4,1,False,0.006569205221270433,0.07678741401519673,1,qEHVI,0.05,0.25,0.55,0.1,0.0,0.0,0.05
46,2,4,1,False,0.006569205221270433,0.07678741401519673,2,qEHVI,0.0,0.0,0.6000000000000001,0.1,0.05,0.15000000000000002,0.1
46,2,4,1,False,0.006569205221270433,0.07678741401519673,3,qEHVI,0.30000000000000004,0.05,0.55,0.1,0.0,0.0,0.0
46,2,4,1,False,0.006569205221270433,0.07678741401519673,4,qUCB,0.05,0.0,0.6000000000000001,0.0,0.0,0.35000000000000003,0.0
46,3,3,2,False,0.006580100367832361,0.04523203455447167,0,qEHVI,0.05,0.15000000000000002,0.55,0.1,0.0,0.05,0.1
46,3,3,2,False,0.006580100367832361,0.04523203455447167,1,qEHVI,0.0,0.0,0.6000000000000001,0.1,0.05,0.15000000000000002,0.1
46,3,3,2,False,0.006580100367832361,0.04523203455447167,2,qEHVI,0.05,0.25,0.55,0.1,0.0,0.0,0.05
46,3,3,2,False,0.006580100367832361,0.04523203455447167,3,qUCB,0.35000000000000003,0.0,0.6000000000000001,0.0,0.0,0.05,0.0
46,3,3,2,False,0.006580100367832361,0.04523203455447167,4,qUCB,0.35000000000000003,0.0,0.35000000000000003,0.0,0.1,0.2,0.0
46,4,2,3,False,0.005459985738165205,0.07566220531938495,0,qEHVI,0.05,0.15000000000000002,0.55,0.1,0.0,0.05,0.1
46,4,2,3,False,0.005459985738165205,0.07566220531938495,1,qEHVI,0.0,0.0,0.6000000000000001,0.1,0.05,0.15000000000000002,0.1
46,4,2,3,False,0.005459985738165205,0.07566220531938495,2,qUCB,0.30000000000000004,0.0,0.7000000000000001,0.0,0.0,0.0,0.0
46,4,2,3,False,0.005459985738165205,0.07566220531938495,3,qUCB,0.35000000000000003,0.0,0.6000000000000001,0.0,0.0,0.05,0.0
46,4,2,3,False,0.005459985738165205,0.07566220531938495,4,qUCB,0.35000000000000003,0.1,0.2,0.1,0.1,0.15000000000000002,0.0
46,5,1,4,False,0.003645534665881211,0.02497136372834241,0,qEHVI,0.05,0.15000000000000002,0.55,0.1,0.0,0.05,0.1
46,5,1,4,False,0.003645534665881211,0.02497136372834241,1,qUCB,0.30000000000000004,0.0,0.7000000000000001,0.0,0.0,0.0,0.0
46,5,1,4,False,0.003645534665881211,0.02497136372834241,2,qUCB,0.35000000000000003,0.0,0.6000000000000001,0.0,0.0,0.05,0.0
46,5,1,4,False,0.003645534665881211,0.02497136372834241,3,qUCB,0.35000000000000003,0.0,0.35000000000000003,0.0,0.1,0.2,0.0
46,5,1,4,False,0.003645534665881211,0.02497136372834241,4,qUCB,0.15000000000000002,0.0,0.55,0.0,0.1,0.2,0.0
46,6,0,5,False,0.0032083207163688334,0.039232926371958854,0,qUCB,0.05,0.05,0.7000000000000001,0.05,0.0,0.05,0.1
46,6,0,5,False,0.0032083207163688334,0.039232926371958854,1,qUCB,0.0,0.0,0.65,0.0,0.0,0.30000000000000004,0.05
46,6,0,5,False,0.0032083207163688334,0.039232926371958854,2,qUCB,0.0,0.1,0.55,0.0,0.0,0.30000000000000004,0.05
46,6,0,5,False,0.0032083207163688334,0.039232926371958854,3,qUCB,0.0,0.0,0.55,0.1,0.0,0.30000000000000004,0.05
46,6,0,5,False,0.0032083207163688334,0.039232926371958854,4,qUCB,0.0,0.0,0.65,0.0,0.0,0.25,0.1
47,1,5,0,True,0.009350808535970295,0.24092056565186937,0,qEHVI,0.0,0.05,0.65,0.1,0.0,0.15000000000000002,0.05
47,1,5,0,True,0.009350808535970295,0.24092056565186937,1,qEHVI,0.30000000000000004,0.0,0.65,0.0,0.0,0.05,0.0
47,1,5,0,True,0.009350808535970295,0.24092056565186937,2,qEHVI,0.05,0.0,0.6000000000000001,0.1,0.0,0.2,0.05
47,1,5,0,True,0.009350808535970295,0.24092056565186937,3,qEHVI,0.35000000000000003,0.0,0.6000000000000001,0.0,0.0,0.05,0.0
47,1,5,0,True,0.009350808535970295,0.24092056565186937,4,qEHVI,0.1,0.1,0.65,0.05,0.0,0.05,0.05
47,2,4,1,False,0.007604145006954872,0.06578407092041516,0,qEHVI,0.0,0.05,0.65,0.1,0.0,0.15000000000000002,0.05
47,2,4,1,False,0.007604145006954872,0.06578407092041516,1,qEHVI,0.30000000000000004,0.0,0.65,0.0,0.0,0.05,0.0
47,2,4,1,False,0.007604145006954872,0.06578407092041516,2,qEHVI,0.05,0.0,0.6000000000000001,0.1,0.0,0.2,0.05
47,2,4,1,False,0.007604145006954872,0.06578407092041516,3,qEHVI,0.35000000000000003,0.0,0.6000000000000001,0.0,0.0,0.05,0.0
47,2,4,1,False,0.007604145006954872,0.06578407092041516,4,qUCB,0.25,0.45,0.2,0.1,0.0,0.0,0.0
47,3,3,2,False,0.006504864312893241,0.035949795326420286,0,qEHVI,0.0,0.05,0.65,0.1,0.0,0.15000000000000002,0.05
47,3,3,2,False,0.006504864312893241,0.035949795326420286,1,qEHVI,0.30000000000000004,0.0,0.65,0.0,0.0,0.05,0.0
47,3,3,2,False,0.006504864312893241,0.035949795326420286,2,qEHVI,0.05,0.0,0.6000000000000001,0.1,0.0,0.2,0.05
47,3,3,2,False,0.006504864312893241,0.035949795326420286,3,qUCB,0.25,0.45,0.2,0.1,0.0,0.0,0.0
47,3,3,2,False,0.006504864312893241,0.035949795326420286,4,qUCB,0.35000000000000003,0.25,0.2,0.1,0.1,0.0,0.0
47,4,2,3,False,0.0048201018482164305,0.010073969963625196,0,qEHVI,0.0,0.05,0.65,0.1,0.0,0.15000000000000002,0.05
47,4,2,3,False,0.0048201018482164305,0.010073969963625196,1,qEHVI,0.30000000000000004,0.0,0.65,0.0,0.0,0.05,0.0
47,4,2,3,False,0.0048201018482164305,0.010073969963625196,2,qUCB,0.25,0.45,0.2,0.1,0.0,0.0,0.0
47,4,2,3,False,0.0048201018482164305,0.010073969963625196,3,qUCB,0.35000000000000003,0.0,0.35000000000000003,0.1,0.1,0.0,0.1
47,4,2,3,False,0.0048201018482164305,0.010073969963625196,4,qUCB,0.35000000000000003,0.2,0.2,0.1,0.0,0.05,0.1
47,5,1,4,False,0.0027639720191587783,0.0766105878526222,0,qEHVI,0.0,0.05,0.65,0.1,0.0,0.15000000000000002,0.05
47,5,1,4,False,0.0027639720191587783,0.0766105878526222,1,qUCB,0.35000000000000003,0.4,0.2,0.0,0.0,0.0,0.05
47,5,1,4,False,0.0027639720191587783,0.0766105878526222,2,qUCB,0.25,0.5,0.2,0.0,0.0,0.05,0.0
47,5,1,4,False,0.0027639720191587783,0.0766105878526222,3,qUCB,0.35000000000000003,0.35000000000000003,0.2,0.0,0.1,0.0,0.0
47,5,1,4,False,0.0027639720191587783,0.0766105878526222,4,qUCB,0.35000000000000003,0.2,0.2,0.0,0.0,0.15000000000000002,0.1
47,6,0,5,False,0.003811966227879956,0.05950177047308891,0,qUCB,0.05,0.05,0.7000000000000001,0.05,0.0,0.05,0.1
47,6,0,5,False,0.003811966227879956,0.05950177047308891,1,qUCB,0.05,0.0,0.6000000000000001,0.0,0.0,0.30000000000000004,0.05
47,6,0,5,False,0.003811966227879956,0.05950177047308891,2,qUCB,0.0,0.1,0.55,0.0,0.0,0.30000000000000004,0.05
47,6,0,5,False,0.003811966227879956,0.05950177047308891,3,qUCB,0.0,0.0,0.65,0.0,0.0,0.25,0.1
47,6,0,5,False,0.003811966227879956,0.05950177047308891,4,qUCB,0.0,0.0,0.55,0.1,0.0,0.30000000000000004,0.05
48,1,5,0,True,0.009989955441571548,0.09864392317755133,0,qEHVI,0.05,0.0,0.65,0.05,0.0,0.2,0.05
48,1,5,0,True,0.009989955441571548,0.09864392317755133,1,qEHVI,0.1,0.1,0.65,0.0,0.0,0.05,0.1
48,1,5,0,True,0.009989955441571548,0.09864392317755133,2,qEHVI,0.0,0.0,0.65,0.0,0.0,0.30000000000000004,0.05
48,1,5,0,True,0.009989955441571548,0.09864392317755133,3,qEHVI,0.25,0.05,0.6000000000000001,0.05,0.0,0.05,0.0
48,1,5,0,True,0.009989955441571548,0.09864392317755133,4,qEHVI,0.05,0.05,0.65,0.05,0.0,0.1,0.1
48,2,4,1,False,0.008355910787476821,0.12171342139478547,0,qEHVI,0.05,0.0,0.65,0.05,0.0,0.2,0.05
48,2,4,1,False,0.008355910787476821,0.12171342139478547,1,qEHVI,0.1,0.1,0.65,0.0,0.0,0.05,0.1
48,2,4,1,False,0.008355910787476821,0.12171342139478547,2,qEHVI,0.0,0.0,0.65,0.0,0.0,0.30000000000000004,0.05
48,2,4,1,False,0.008355910787476821,0.12171342139478547,3,qEHVI,0.05,0.05,0.65,0.05,0.0,0.1,0.1
48,2,4,1,False,0.008355910787476821,0.12171342139478547,4,qUCB,0.30000000000000004,0.4,0.2,0.1,0.0,0.0,0.0
48,3,3,2,False,0.0065143881241953114,0.20917178911552625,0,qEHVI,0.05,0.0,0.65,0.05,0.0,0.2,0.05
48,3,3,2,False,0.0065143881241953114,0.20917178911552625,1,qEHVI,0.1,0.1,0.65,0.0,0.0,0.05,0.1
48,3,3,2,False,0.0065143881241953114,0.20917178911552625,2,qEHVI,0.0,0.0,0.65,0.0,0.0,0.30000000000000004,0.05
48,3,3,2,False,0.0065143881241953114,0.20917178911552625,3,qUCB,0.30000000000000004,0.4,0.2,0.1,0.0,0.0,0.0
48,3,3,2,False,0.0065143881241953114,0.20917178911552625,4,qUCB,0.35000000000000003,0.25,0.2,0.1,0.1,0.0,0.0
48,4,2,3,False,0.0051604669415255796,0.0643505429396285,0,qEHVI,0.05,0.0,0.65,0.05,0.0,0.2,0.05
48,4,2,3,False,0.0051604669415255796,0.0643505429396285,1,qEHVI,0.1,0.1,0.65,0.0,0.0,0.05,0.1
48,4,2,3,False,0.0051604669415255796,0.0643505429396285,2,qUCB,0.30000000000000004,0.4,0.2,0.1,0.0,0.0,0.0
48,4,2,3,False,0.0051604669415255796,0.0643505429396285,3,qUCB,0.35000000000000003,0.25,0.2,0.1,0.1,0.0,0.0
48,4,2,3,False,0.0051604669415255796,0.0643505429396285,4,qUCB,0.35000000000000003,0.15000000000000002,0.2,0.1,0.1,0.1,0.0
48,5,1,4,False,0.0026266666663323263,0.12909720817517645,0,qEHVI,0.05,0.0,0.65,0.05,0.0,0.2,0.05
48,5,1,4,False,0.0026266666663323263,0.12909720817517645,1,qUCB,0.30000000000000004,0.4,0.2,0.1,0.0,0.0,0.0
48,5,1,4,False,0.0026266666663323263,0.12909720817517645,2,qUCB,0.35000000000000003,0.25,0.2,0.1,0.1,0.0,0.0
48,5,1,4,False,0.0026266666663323263,0.12909720817517645,3,qUCB,0.35000000000000003,0.15000000000000002,0.2,0.1,0.1,0.1,0.0
48,5,1,4,False,0.0026266666663323263,0.12909720817517645,4,qUCB,0.35000000000000003,0.4,0.2,0.05,0.0,0.0,0.0
48,6,0,5,False,0.004184763909573824,0.1421689594982869,0,qUCB,0.05,0.05,0.7000000000000001,0.05,0.0,0.05,0.1
48,6,0,5,False,0.004184763909573824,0.1421689594982869,1,qUCB,0.0,0.0,0.65,0.0,0.0,0.30000000000000004,0.05
48,6,0,5,False,0.004184763909573824,0.1421689594982869,2,qUCB,0.0,0.15000000000000002,0.6000000000000001,0.0,0.0,0.25,0.0
48,6,0,5,False,0.004184763909573824,0.1421689594982869,3,qUCB,0.0,0.0,0.6000000000000001,0.1,0.0,0.25,0.05
48,6,0,5,False,0.004184763909573824,0.1421689594982869,4,qUCB,0.05,0.0,0.6000000000000001,0.0,0.0,0.25,0.1
49,1,5,0,True,0.005750308162322118,0.11457759481443652,0,qEHVI,0.35000000000000003,0.0,0.55,0.0,0.0,0.0,0.1
49,1,5,0,True,0.005750308162322118,0.11457759481443652,1,qEHVI,0.05,0.15000000000000002,0.65,0.0,0.0,0.05,0.1
49,1,5,0,True,0.005750308162322118,0.11457759481443652,2,qEHVI,0.30000000000000004,0.0,0.5,0.1,0.0,0.0,0.1
49,1,5,0,True,0.005750308162322118,0.11457759481443652,3,qEHVI,0.05,0.0,0.6000000000000001,0.0,0.0,0.25,0.1
49,1,5,0,True,0.005750308162322118,0.11457759481443652,4,qEHVI,0.15000000000000002,0.0,0.65,0.05,0.0,0.05,0.1
49,2,4,1,False,0.0051523516836822665,0.09180317477883726,0,qEHVI,0.35000000000000003,0.0,0.55,0.0,0.0,0.0,0.1
49,2,4,1,False,0.0051523516836822665,0.09180317477883726,1,qEHVI,0.30000000000000004,0.0,0.5,0.1,0.0,0.0,0.1
49,2,4,1,False,0.0051523516836822665,0.09180317477883726,2,qEHVI,0.05,0.0,0.6000000000000001,0.0,0.0,0.25,0.1
49,2,4,1,False,0.0051523516836822665,0.09180317477883726,3,qEHVI,0.05,0.15000000000000002,0.65,0.0,0.0,0.05,0.1
49,2,4,1,False,0.0051523516836822665,0.09180317477883726,4,qUCB,0.1,0.5,0.30000000000000004,0.1,0.0,0.0,0.0
49,3,3,2,False,0.004101737015636106,0.08070693493539416,0,qEHVI,0.35000000000000003,0.0,0.55,0.0,0.0,0.0,0.1
49,3,3,2,False,0.004101737015636106,0.08070693493539416,1,qEHVI,0.05,0.15000000000000002,0.65,0.0,0.0,0.05,0.1
49,3,3,2,False,0.004101737015636106,0.08070693493539416,2,qEHVI,0.05,0.0,0.6000000000000001,0.0,0.0,0.25,0.1
49,3,3,2,False,0.004101737015636106,0.08070693493539416,3,qUCB,0.15000000000000002,0.5,0.2,0.1,0.0,0.05,0.0
49,3,3,2,False,0.004101737015636106,0.08070693493539416,4,qUCB,0.2,0.4,0.30000000000000004,0.1,0.0,0.0,0.0
49,4,2,3,False,0.003016610759840997,0.0682244437597328,0,qEHVI,0.35000000000000003,0.0,0.55,0.0,0.0,0.0,0.1
49,4,2,3,False,0.003016610759840997,0.0682244437597328,1,qEHVI,0.30000000000000004,0.0,0.5,0.1,0.0,0.0,0.1
49,4,2,3,False,0.003016610759840997,0.0682244437597328,2,qUCB,0.0,0.0,0.4,0.05,0.1,0.45,0.0
49,4,2,3,False,0.003016610759840997,0.0682244437597328,3,qUCB,0.0,0.15000000000000002,0.5,0.0,0.1,0.25,0.0
49,4,2,3,False,0.003016610759840997,0.0682244437597328,4,qUCB,0.0,0.5,0.30000000000000004,0.1,0.1,0.0,0.0
49,5,1,4,False,0.0016201682941860802,0.15839759621480543,0,qEHVI,0.35000000000000003,0.0,0.55,0.0,0.0,0.0,0.1
49,5,1,4,False,0.0016201682941860802,0.15839759621480543,1,qUCB,0.0,0.0,0.4,0.1,0.1,0.35000000000000003,0.05
49,5,1,4,False,0.0016201682941860802,0.15839759621480543,2,qUCB,0.0,0.5,0.30000000000000004,0.1,0.1,0.0,0.0
49,5,1,4,False,0.0016201682941860802,0.15839759621480543,3,qUCB,0.0,0.15000000000000002,0.4,0.1,0.1,0.25,0.0
49,5,1,4,False,0.0016201682941860802,0.15839759621480543,4,qUCB,0.0,0.05,0.7000000000000001,0.1,0.1,0.05,0.0
49,6,0,5,False,0.0026298111541561957,0.057708099605321195,0,qUCB,0.0,0.0,0.6000000000000001,0.1,0.0,0.25,0.05
49,6,0,5,False,0.0026298111541561957,0.057708099605321195,1,qUCB,0.05,0.0,0.6000000000000001,0.0,0.0,0.25,0.1
49,6,0,5,False,0.0026298111541561957,0.057708099605321195,2,qUCB,0.0,0.2,0.55,0.0,0.0,0.25,0.0
49,6,0,5,False,0.0026298111541561957,0.057708099605321195,3,qUCB,0.0,0.15000000000000002,0.7000000000000001,0.0,0.0,0.05,0.1
49,6,0,5,False,0.0026298111541561957,0.057708099605321195,4,qUCB,0.0,0.05,0.6000000000000001,0.0,0.0,0.30000000000000004,0.05
50,1,5,0,True,0.006469591255956415,0.28090192372380685,0,qEHVI,0.05,0.1,0.65,0.05,0.0,0.1,0.05
50,1,5,0,True,0.006469591255956415,0.28090192372380685,1,qEHVI,0.2,0.1,0.6000000000000001,0.1,0.0,0.0,0.0
50,1,5,0,True,0.006469591255956415,0.28090192372380685,2,qEHVI,0.05,0.25,0.6000000000000001,0.1,0.0,0.0,0.0
50,1,5,0,True,0.006469591255956415,0.28090192372380685,3,qEHVI,0.0,0.0,0.65,0.0,0.0,0.25,0.1
50,1,5,0,True,0.006469591255956415,0.28090192372380685,4,qEHVI,0.0,0.05,0.7000000000000001,0.05,0.0,0.15000000000000002,0.05
50,2,4,1,False,0.005381220954447332,0.16710825381704986,0,qEHVI,0.05,0.1,0.65,0.05,0.0,0.1,0.05
50,2,4,1,False,0.005381220954447332,0.16710825381704986,1,qEHVI,0.2,0.1,0.6000000000000001,0.1,0.0,0.0,0.0
50,2,4,1,False,0.005381220954447332,0.16710825381704986,2,qEHVI,0.05,0.25,0.6000000000000001,0.1,0.0,0.0,0.0
50,2,4,1,False,0.005381220954447332,0.16710825381704986,3,qEHVI,0.0,0.0,0.65,0.0,0.0,0.25,0.1
50,2,4,1,False,0.005381220954447332,0.16710825381704986,4,qUCB,0.05,0.05,0.2,0.1,0.1,0.45,0.05
50,3,3,2,False,0.004370474480192906,0.12481931797114143,0,qEHVI,0.05,0.1,0.65,0.05,0.0,0.1,0.05
50,3,3,2,False,0.004370474480192906,0.12481931797114143,1,qEHVI,0.2,0.1,0.6000000000000001,0.1,0.0,0.0,0.0
50,3,3,2,False,0.004370474480192906,0.12481931797114143,2,qEHVI,0.05,0.25,0.6000000000000001,0.1,0.0,0.0,0.0
50,3,3,2,False,0.004370474480192906,0.12481931797114143,3,qUCB,0.05,0.05,0.2,0.1,0.1,0.45,0.05
50,3,3,2,False,0.004370474480192906,0.12481931797114143,4,qUCB,0.35000000000000003,0.4,0.2,0.0,0.0,0.0,0.05
50,4,2,3,False,0.0031900164834197378,0.1272316298871896,0,qEHVI,0.05,0.1,0.65,0.05,0.0,0.1,0.05
50,4,2,3,False,0.0031900164834197378,0.1272316298871896,1,qEHVI,0.2,0.1,0.6000000000000001,0.1,0.0,0.0,0.0
50,4,2,3,False,0.0031900164834197378,0.1272316298871896,2,qUCB,0.05,0.05,0.2,0.1,0.1,0.45,0.05
50,4,2,3,False,0.0031900164834197378,0.1272316298871896,3,qUCB,0.35000000000000003,0.4,0.2,0.0,0.0,0.0,0.05
50,4,2,3,False,0.0031900164834197378,0.1272316298871896,4,qUCB,0.35000000000000003,0.15000000000000002,0.2,0.0,0.0,0.2,0.1
50,5,1,4,False,0.0018771232118750423,0.14332742802009957,0,qEHVI,0.05,0.1,0.65,0.05,0.0,0.1,0.05
50,5,1,4,False,0.0018771232118750423,0.14332742802009957,1,qUCB,0.35000000000000003,0.30000000000000004,0.2,0.1,0.0,0.05,0.0
50,5,1,4,False,0.0018771232118750423,0.14332742802009957,2,qUCB,0.35000000000000003,0.25,0.2,0.1,0.1,0.0,0.0
50,5,1,4,False,0.0018771232118750423,0.14332742802009957,3,qUCB,0.35000000000000003,0.05,0.2,0.1,0.1,0.2,0.0
50,5,1,4,False,0.0018771232118750423,0.14332742802009957,4,qUCB,0.25,0.45,0.2,0.1,0.0,0.0,0.0
50,6,0,5,False,0.0021553811107879323,0.889075508238637,0,qUCB,0.0,0.0,0.65,0.0,0.0,0.25,0.1
50,6,0,5,False,0.0021553811107879323,0.889075508238637,1,qUCB,0.0,0.1,0.6000000000000001,0.0,0.0,0.25,0.05
50,6,0,5,False,0.0021553811107879323,0.889075508238637,2,qUCB,0.0,0.0,0.55,0.1,0.0,0.30000000000000004,0.05
50,6,0,5,False,0.0021553811107879323,0.889075508238637,3,qUCB,0.0,0.1,0.7000000000000001,0.05,0.0,0.1,0.05
50,6,0,5,False,0.0021553811107879323,0.889075508238637,4,qUCB,0.0,0.15000000000000002,0.55,0.0,0.0,0.30000000000000004,0.0
51,1,5,0,True,0.0037848221467287123,0.43098482344714384,0,qEHVI,0.30000000000000004,0.1,0.6000000000000001,0.0,0.0,0.0,0.0
51,1,5,0,True,0.0037848221467287123,0.43098482344714384,1,qEHVI,0.2,0.0,0.6000000000000001,0.1,0.0,0.05,0.05
51,1,5,0,True,0.0037848221467287123,0.43098482344714384,2,qEHVI,0.05,0.05,0.65,0.0,0.0,0.2,0.05
51,1,5,0,True,0.0037848221467287123,0.43098482344714384,3,qEHVI,0.05,0.05,0.6000000000000001,0.1,0.0,0.1,0.1
51,1,5,0,True,0.0037848221467287123,0.43098482344714384,4,qEHVI,0.1,0.0,0.7000000000000001,0.05,0.0,0.1,0.05
51,2,4,1,False,0.0031262066455370746,0.28497729025696117,0,qEHVI,0.30000000000000004,0.1,0.6000000000000001,0.0,0.0,0.0,0.0
51,2,4,1,False,0.0031262066455370746,0.28497729025696117,1,qEHVI,0.05,0.05,0.6000000000000001,0.1,0.0,0.1,0.1
51,2,4,1,False,0.0031262066455370746,0.28497729025696117,2,qEHVI,0.05,0.05,0.65,0.0,0.0,0.2,0.05
51,2,4,1,False,0.0031262066455370746,0.28497729025696117,3,qEHVI,0.2,0.0,0.6000000000000001,0.1,0.0,0.05,0.05
51,2,4,1,False,0.0031262066455370746,0.28497729025696117,4,qUCB,0.15000000000000002,0.5,0.2,0.1,0.0,0.05,0.0
51,3,3,2,False,0.0022609659492458323,0.09341818129816737,0,qEHVI,0.2,0.0,0.6000000000000001,0.1,0.0,0.05,0.05
51,3,3,2,False,0.0022609659492458323,0.09341818129816737,1,qEHVI,0.30000000000000004,0.1,0.6000000000000001,0.0,0.0,0.0,0.0
51,3,3,2,False,0.0022609659492458323,0.09341818129816737,2,qEHVI,0.05,0.05,0.6000000000000001,0.1,0.0,0.1,0.1
51,3,3,2,False,0.0022609659492458323,0.09341818129816737,3,qUCB,0.0,0.05,0.4,0.0,0.1,0.4,0.05
51,3,3,2,False,0.0022609659492458323,0.09341818129816737,4,qUCB,0.0,0.5,0.35000000000000003,0.05,0.1,0.0,0.0
51,4,2,3,False,0.0015485105282333172,0.01751647369717446,0,qEHVI,0.30000000000000004,0.1,0.6000000000000001,0.0,0.0,0.0,0.0
51,4,2,3,False,0.0015485105282333172,0.01751647369717446,1,qEHVI,0.05,0.05,0.6000000000000001,0.1,0.0,0.1,0.1
51,4,2,3,False,0.0015485105282333172,0.01751647369717446,2,qUCB,0.15000000000000002,0.5,0.2,0.1,0.0,0.05,0.0
51,4,2,3,False,0.0015485105282333172,0.01751647369717446,3,qUCB,0.1,0.5,0.30000000000000004,0.1,0.0,0.0,0.0
51,4,2,3,False,0.0015485105282333172,0.01751647369717446,4,qUCB,0.35000000000000003,0.1,0.2,0.1,0.1,0.15000000000000002,0.0
51,5,1,4,False,0.001591060285773803,0.019818493852086227,0,qEHVI,0.2,0.0,0.6000000000000001,0.1,0.0,0.05,0.05
51,5,1,4,False,0.001591060285773803,0.019818493852086227,1,qUCB,0.0,0.05,0.35000000000000003,0.0,0.1,0.4,0.1
51,5,1,4,False,0.001591060285773803,0.019818493852086227,2,qUCB,0.15000000000000002,0.5,0.35000000000000003,0.0,0.0,0.0,0.0
51,5,1,4,False,0.001591060285773803,0.019818493852086227,3,qUCB,0.0,0.0,0.55,0.0,0.1,0.25,0.1
51,5,1,4,False,0.001591060285773803,0.019818493852086227,4,qUCB,0.0,0.5,0.35000000000000003,0.0,0.1,0.05,0.0
51,6,0,5,False,0.0012565156178924585,0.03597678556533879,0,qUCB,0.0,0.1,0.65,0.1,0.0,0.1,0.05
51,6,0,5,False,0.0012565156178924585,0.03597678556533879,1,qUCB,0.0,0.1,0.6000000000000001,0.0,0.0,0.25,0.05
51,6,0,5,False,0.0012565156178924585,0.03597678556533879,2,qUCB,0.05,0.0,0.6000000000000001,0.05,0.0,0.25,0.05
51,6,0,5,False,0.0012565156178924585,0.03597678556533879,3,qUCB,0.0,0.0,0.5,0.1,0.0,0.35000000000000003,0.05
51,6,0,5,False,0.0012565156178924585,0.03597678556533879,4,qUCB,0.0,0.15000000000000002,0.7000000000000001,0.0,0.0,0.05,0.1
52,1,5,0,True,0.004146736074424062,0.06125890859671834,0,qEHVI,0.05,0.0,0.65,0.1,0.0,0.15000000000000002,0.05
52,1,5,0,True,0.004146736074424062,0.06125890859671834,1,qEHVI,0.05,0.05,0.7000000000000001,0.1,0.0,0.1,0.0
52,1,5,0,True,0.004146736074424062,0.06125890859671834,2,qEHVI,0.0,0.1,0.65,0.05,0.0,0.1,0.1
52,1,5,0,True,0.004146736074424062,0.06125890859671834,3,qEHVI,0.25,0.1,0.65,0.0,0.0,0.0,0.0
52,1,5,0,True,0.004146736074424062,0.06125890859671834,4,qEHVI,0.0,0.2,0.7000000000000001,0.0,0.0,0.05,0.05
52,2,4,1,False,0.0036123501842706867,0.089741053690096,0,qEHVI,0.05,0.0,0.65,0.1,0.0,0.15000000000000002,0.05
52,2,4,1,False,0.0036123501842706867,0.089741053690096,1,qEHVI,0.05,0.05,0.7000000000000001,0.1,0.0,0.1,0.0
52,2,4,1,False,0.0036123501842706867,0.089741053690096,2,qEHVI,0.0,0.1,0.65,0.05,0.0,0.1,0.1
52,2,4,1,False,0.0036123501842706867,0.089741053690096,3,qEHVI,0.25,0.1,0.65,0.0,0.0,0.0,0.0
52,2,4,1,False,0.0036123501842706867,0.089741053690096,4,qUCB,0.25,0.45,0.2,0.1,0.0,0.0,0.0
52,3,3,2,False,0.0028600569226292162,0.02576235359574497,0,qEHVI,0.05,0.0,0.65,0.1,0.0,0.15000000000000002,0.05
52,3,3,2,False,0.0028600569226292162,0.02576235359574497,1,qEHVI,0.05,0.05,0.7000000000000001,0.1,0.0,0.1,0.0
52,3,3,2,False,0.0028600569226292162,0.02576235359574497,2,qEHVI,0.0,0.1,0.65,0.05,0.0,0.1,0.1
52,3,3,2,False,0.0028600569226292162,0.02576235359574497,3,qUCB,0.30000000000000004,0.45,0.2,0.0,0.0,0.05,0.0
52,3,3,2,False,0.0028600569226292162,0.02576235359574497,4,qUCB,0.35000000000000003,0.25,0.2,0.0,0.1,0.1,0.0
52,4,2,3,False,0.002018479805254232,0.08707327063176606,0,qEHVI,0.05,0.0,0.65,0.1,0.0,0.15000000000000002,0.05
52,4,2,3,False,0.002018479805254232,0.08707327063176606,1,qEHVI,0.05,0.05,0.7000000000000001,0.1,0.0,0.1,0.0
52,4,2,3,False,0.002018479805254232,0.08707327063176606,2,qUCB,0.35000000000000003,0.4,0.2,0.0,0.0,0.0,0.05
52,4,2,3,False,0.002018479805254232,0.08707327063176606,3,qUCB,0.25,0.5,0.2,0.0,0.0,0.05,0.0
52,4,2,3,False,0.002018479805254232,0.08707327063176606,4,qUCB,0.35000000000000003,0.25,0.2,0.0,0.0,0.1,0.1
52,5,1,4,False,0.0014297609329039023,0.009430419127645528,0,qEHVI,0.05,0.0,0.65,0.1,0.0,0.15000000000000002,0.05
52,5,1,4,False,0.0014297609329039023,0.009430419127645528,1,qUCB,0.25,0.5,0.2,0.0,0.0,0.05,0.0
52,5,1,4,False,0.0014297609329039023,0.009430419127645528,2,qUCB,0.35000000000000003,0.4,0.2,0.0,0.0,0.0,0.05
52,5,1,4,False,0.0014297609329039023,0.009430419127645528,3,qUCB,0.15000000000000002,0.5,0.35000000000000003,0.0,0.0,0.0,0.0
52,5,1,4,False,0.0014297609329039023,0.009430419127645528,4,qUCB,0.35000000000000003,0.25,0.2,0.0,0.0,0.1,0.1
52,6,0,5,False,0.0015641965452864468,0.04459961215460062,0,qUCB,0.05,0.05,0.7000000000000001,0.05,0.0,0.05,0.1
52,6,0,5,False,0.0015641965452864468,0.04459961215460062,1,qUCB,0.0,0.0,0.55,0.1,0.0,0.30000000000000004,0.05
52,6,0,5,False,0.0015641965452864468,0.04459961215460062,2,qUCB,0.0,0.1,0.55,0.0,0.0,0.30000000000000004,0.05
52,6,0,5,False,0.0015641965452864468,0.04459961215460062,3,qUCB,0.0,0.1,0.6000000000000001,0.0,0.0,0.2,0.1
52,6,0,5,False,0.0015641965452864468,0.04459961215460062,4,qUCB,0.05,0.0,0.65,0.0,0.0,0.25,0.05
53,1,5,0,True,0.0035836082582458434,0.21632370039437276,0,qEHVI,0.0,0.0,0.6000000000000001,0.1,0.0,0.25,0.05
53,1,5,0,True,0.0035836082582458434,0.21632370039437276,1,qEHVI,0.0,0.0,0.65,0.1,0.05,0.15000000000000002,0.05
53,1,5,0,True,0.0035836082582458434,0.21632370039437276,2,qEHVI,0.05,0.05,0.65,0.1,0.05,0.05,0.05
53,1,5,0,True,0.0035836082582458434,0.21632370039437276,3,qEHVI,0.05,0.05,0.7000000000000001,0.1,0.05,0.0,0.05
53,1,5,0,True,0.0035836082582458434,0.21632370039437276,4,qEHVI,0.0,0.2,0.6000000000000001,0.1,0.0,0.0,0.1
53,2,4,1,False,0.0029425191970147858,0.030346070127601266,0,qEHVI,0.0,0.0,0.6000000000000001,0.1,0.0,0.25,0.05
53,2,4,1,False,0.0029425191970147858,0.030346070127601266,1,qEHVI,0.0,0.0,0.65,0.1,0.05,0.15000000000000002,0.05
53,2,4,1,False,0.0029425191970147858,0.030346070127601266,2,qEHVI,0.05,0.05,0.65,0.1,0.05,0.05,0.05
53,2,4,1,False,0.0029425191970147858,0.030346070127601266,3,qEHVI,0.0,0.2,0.6000000000000001,0.1,0.0,0.0,0.1
53,2,4,1,False,0.0029425191970147858,0.030346070127601266,4,qUCB,0.25,0.5,0.2,0.0,0.0,0.05,0.0
53,3,3,2,False,0.0023652643217539292,0.08254896567133407,0,qEHVI,0.0,0.0,0.6000000000000001,0.1,0.0,0.25,0.05
53,3,3,2,False,0.0023652643217539292,0.08254896567133407,1,qEHVI,0.0,0.0,0.65,0.1,0.05,0.15000000000000002,0.05
53,3,3,2,False,0.0023652643217539292,0.08254896567133407,2,qEHVI,0.05,0.05,0.65,0.1,0.05,0.05,0.05
53,3,3,2,False,0.0023652643217539292,0.08254896567133407,3,qUCB,0.25,0.5,0.2,0.0,0.0,0.05,0.0
53,3,3,2,False,0.0023652643217539292,0.08254896567133407,4,qUCB,0.35000000000000003,0.4,0.2,0.0,0.0,0.0,0.05
53,4,2,3,False,0.0017208282925629762,0.04503068861597903,0,qEHVI,0.0,0.0,0.6000000000000001,0.1,0.0,0.25,0.05
53,4,2,3,False,0.0017208282925629762,0.04503068861597903,1,qEHVI,0.0,0.0,0.65,0.1,0.05,0.15000000000000002,0.05
53,4,2,3,False,0.0017208282925629762,0.04503068861597903,2,qUCB,0.35000000000000003,0.4,0.2,0.0,0.0,0.0,0.05
53,4,2,3,False,0.0017208282925629762,0.04503068861597903,3,qUCB,0.25,0.5,0.2,0.0,0.0,0.05,0.0
53,4,2,3,False,0.0017208282925629762,0.04503068861597903,4,qUCB,0.25,0.45,0.30000000000000004,0.0,0.0,0.0,0.0
53,5,1,4,False,0.0009090553645125149,0.01899878464675986,0,qEHVI,0.0,0.0,0.6000000000000001,0.1,0.0,0.25,0.05
53,5,1,4,False,0.0009090553645125149,0.01899878464675986,1,qUCB,0.35000000000000003,0.4,0.2,0.0,0.0,0.0,0.05
53,5,1,4,False,0.0009090553645125149,0.01899878464675986,2,qUCB,0.25,0.5,0.2,0.0,0.0,0.05,0.0
53,5,1,4,False,0.0009090553645125149,0.01899878464675986,3,qUCB,0.25,0.45,0.30000000000000004,0.0,0.0,0.0,0.0
53,5,1,4,False,0.0009090553645125149,0.01899878464675986,4,qUCB,0.35000000000000003,0.35000000000000003,0.2,0.0,0.1,0.0,0.0
53,6,0,5,False,0.0015453321976295043,0.18106879249926955,0,qUCB,0.05,0.05,0.7000000000000001,0.05,0.0,0.05,0.1
53,6,0,5,False,0.0015453321976295043,0.18106879249926955,1,qUCB,0.0,0.0,0.6000000000000001,0.1,0.0,0.25,0.05
53,6,0,5,False,0.0015453321976295043,0.18106879249926955,2,qUCB,0.0,0.1,0.55,0.0,0.0,0.30000000000000004,0.05
53,6,0,5,False,0.0015453321976295043,0.18106879249926955,3,qUCB,0.0,0.2,0.5,0.0,0.0,0.30000000000000004,0.0
53,6,0,5,False,0.0015453321976295043,0.18106879249926955,4,qUCB,0.0,0.1,0.6000000000000001,0.0,0.0,0.2,0.1
54,1,5,0,True,0.00397399478166763,0.15830664099222247,0,qEHVI,0.2,0.35000000000000003,0.35000000000000003,0.1,0.0,0.0,0.0
54,1,5,0,True,0.00397399478166763,0.15830664099222247,1,qEHVI,0.0,0.1,0.6000000000000001,0.05,0.0,0.15000000000000002,0.1
54,1,5,0,True,0.00397399478166763,0.15830664099222247,2,qEHVI,0.1,0.1,0.65,0.0,0.0,0.1,0.05
54,1,5,0,True,0.00397399478166763,0.15830664099222247,3,qEHVI,0.2,0.4,0.4,0.0,0.0,0.0,0.0
54,1,5,0,True,0.00397399478166763,0.15830664099222247,4,qEHVI,0.25,0.35000000000000003,0.30000000000000004,0.1,0.0,0.0,0.0
54,2,4,1,False,0.003892982726884615,0.04841542380439989,0,qEHVI,0.2,0.35000000000000003,0.35000000000000003,0.1,0.0,0.0,0.0
54,2,4,1,False,0.003892982726884615,0.04841542380439989,1,qEHVI,0.2,0.4,0.4,0.0,0.0,0.0,0.0
54,2,4,1,False,0.003892982726884615,0.04841542380439989,2,qEHVI,0.1,0.1,0.65,0.0,0.0,0.1,0.05
54,2,4,1,False,0.003892982726884615,0.04841542380439989,3,qEHVI,0.0,0.1,0.6000000000000001,0.05,0.0,0.15000000000000002,0.1
54,2,4,1,False,0.003892982726884615,0.04841542380439989,4,qUCB,0.05,0.0,0.30000000000000004,0.1,0.1,0.45,0.0
54,3,3,2,False,0.00358372617537484,0.06966802758215884,0,qEHVI,0.2,0.35000000000000003,0.35000000000000003,0.1,0.0,0.0,0.0
54,3,3,2,False,0.00358372617537484,0.06966802758215884,1,qEHVI,0.2,0.4,0.4,0.0,0.0,0.0,0.0
54,3,3,2,False,0.00358372617537484,0.06966802758215884,2,qEHVI,0.0,0.1,0.6000000000000001,0.05,0.0,0.15000000000000002,0.1
54,3,3,2,False,0.00358372617537484,0.06966802758215884,3,qUCB,0.25,0.0,0.7000000000000001,0.05,0.0,0.0,0.0
54,3,3,2,False,0.00358372617537484,0.06966802758215884,4,qUCB,0.35000000000000003,0.0,0.4,0.0,0.1,0.05,0.1
54,4,2,3,False,0.002575208536440225,0.2162983413833457,0,qEHVI,0.2,0.35000000000000003,0.35000000000000003,0.1,0.0,0.0,0.0
54,4,2,3,False,0.002575208536440225,0.2162983413833457,1,qEHVI,0.0,0.1,0.6000000000000001,0.05,0.0,0.15000000000000002,0.1
54,4,2,3,False,0.002575208536440225,0.2162983413833457,2,qUCB,0.30000000000000004,0.0,0.7000000000000001,0.0,0.0,0.0,0.0
54,4,2,3,False,0.002575208536440225,0.2162983413833457,3,qUCB,0.35000000000000003,0.0,0.4,0.0,0.1,0.05,0.1
54,4,2,3,False,0.002575208536440225,0.2162983413833457,4,qUCB,0.15000000000000002,0.0,0.55,0.0,0.1,0.2,0.0
54,5,1,4,False,0.0014153605071614596,0.06379201731242112,0,qEHVI,0.2,0.35000000000000003,0.35000000000000003,0.1,0.0,0.0,0.0
54,5,1,4,False,0.0014153605071614596,0.06379201731242112,1,qUCB,0.0,0.0,0.6000000000000001,0.0,0.05,0.25,0.1
54,5,1,4,False,0.0014153605071614596,0.06379201731242112,2,qUCB,0.05,0.0,0.5,0.0,0.1,0.25,0.1
54,5,1,4,False,0.0014153605071614596,0.06379201731242112,3,qUCB,0.0,0.0,0.5,0.0,0.0,0.4,0.1
54,5,1,4,False,0.0014153605071614596,0.06379201731242112,4,qUCB,0.0,0.05,0.5,0.0,0.1,0.25,0.1
54,6,0,5,False,0.001860630309211992,0.09874371542021265,0,qUCB,0.05,0.05,0.7000000000000001,0.05,0.0,0.05,0.1
54,6,0,5,False,0.001860630309211992,0.09874371542021265,1,qUCB,0.0,0.2,0.55,0.0,0.0,0.25,0.0
54,6,0,5,False,0.001860630309211992,0.09874371542021265,2,qUCB,0.0,0.0,0.55,0.1,0.0,0.30000000000000004,0.05
54,6,0,5,False,0.001860630309211992,0.09874371542021265,3,qUCB,0.0,0.1,0.5,0.0,0.0,0.35000000000000003,0.05
54,6,0,5,False,0.001860630309211992,0.09874371542021265,4,qUCB,0.2,0.4,0.4,0.0,0.0,0.0,0.0
55,1,5,0,True,0.002806910740781616,0.12963630321465835,0,qEHVI,0.30000000000000004,0.0,0.55,0.1,0.0,0.05,0.0
55,1,5,0,True,0.002806910740781616,0.12963630321465835,1,qEHVI,0.1,0.05,0.65,0.05,0.0,0.05,0.1
55,1,5,0,True,0.002806910740781616,0.12963630321465835,2,qEHVI,0.0,0.2,0.55,0.1,0.0,0.05,0.1
55,1,5,0,True,0.002806910740781616,0.12963630321465835,3,qEHVI,0.15000000000000002,0.0,0.7000000000000001,0.1,0.0,0.05,0.0
55,1,5,0,True,0.002806910740781616,0.12963630321465835,4,qEHVI,0.2,0.2,0.5,0.0,0.0,0.0,0.1
55,2,4,1,False,0.002384147339169015,0.041347177851239536,0,qEHVI,0.30000000000000004,0.0,0.55,0.1,0.0,0.05,0.0
55,2,4,1,False,0.002384147339169015,0.041347177851239536,1,qEHVI,0.1,0.05,0.65,0.05,0.0,0.05,0.1
55,2,4,1,False,0.002384147339169015,0.041347177851239536,2,qEHVI,0.0,0.2,0.55,0.1,0.0,0.05,0.1
55,2,4,1,False,0.002384147339169015,0.041347177851239536,3,qEHVI,0.15000000000000002,0.0,0.7000000000000001,0.1,0.0,0.05,0.0
55,2,4,1,False,0.002384147339169015,0.041347177851239536,4,qUCB,0.0,0.05,0.4,0.0,0.1,0.45,0.0
55,3,3,2,False,0.0020524809210231997,0.14787701395717434,0,qEHVI,0.30000000000000004,0.0,0.55,0.1,0.0,0.05,0.0
55,3,3,2,False,0.0020524809210231997,0.14787701395717434,1,qEHVI,0.1,0.05,0.65,0.05,0.0,0.05,0.1
55,3,3,2,False,0.0020524809210231997,0.14787701395717434,2,qEHVI,0.0,0.2,0.55,0.1,0.0,0.05,0.1
55,3,3,2,False,0.0020524809210231997,0.14787701395717434,3,qUCB,0.0,0.05,0.4,0.0,0.1,0.45,0.0
55,3,3,2,False,0.0020524809210231997,0.14787701395717434,4,qUCB,0.0,0.5,0.4,0.0,0.1,0.0,0.0
55,4,2,3,False,0.0014146782148853295,0.14538106831435282,0,qEHVI,0.30000000000000004,0.0,0.55,0.1,0.0,0.05,0.0
55,4,2,3,False,0.0014146782148853295,0.14538106831435282,1,qEHVI,0.1,0.05,0.65,0.05,0.0,0.05,0.1
55,4,2,3,False,0.0014146782148853295,0.14538106831435282,2,qUCB,0.05,0.05,0.2,0.1,0.1,0.45,0.05
55,4,2,3,False,0.0014146782148853295,0.14538106831435282,3,qUCB,0.0,0.5,0.4,0.0,0.1,0.0,0.0
55,4,2,3,False,0.0014146782148853295,0.14538106831435282,4,qUCB,0.0,0.2,0.4,0.05,0.1,0.25,0.0
55,5,1,4,False,0.0009087826669155819,0.021648352591197018,0,qEHVI,0.30000000000000004,0.0,0.55,0.1,0.0,0.05,0.0
55,5,1,4,False,0.0009087826669155819,0.021648352591197018,1,qUCB,0.0,0.0,0.5,0.0,0.1,0.30000000000000004,0.1
55,5,1,4,False,0.0009087826669155819,0.021648352591197018,2,qUCB,0.0,0.05,0.35000000000000003,0.0,0.1,0.4,0.1
55,5,1,4,False,0.0009087826669155819,0.021648352591197018,3,qUCB,0.0,0.5,0.4,0.0,0.1,0.0,0.0
55,5,1,4,False,0.0009087826669155819,0.021648352591197018,4,qUCB,0.0,0.1,0.35000000000000003,0.0,0.0,0.45,0.1
55,6,0,5,False,0.001102367041585918,0.05912953759149264,0,qUCB,0.05,0.05,0.7000000000000001,0.05,0.0,0.05,0.1
55,6,0,5,False,0.001102367041585918,0.05912953759149264,1,qUCB,0.0,0.1,0.55,0.0,0.0,0.30000000000000004,0.05
55,6,0,5,False,0.001102367041585918,0.05912953759149264,2,qUCB,0.05,0.0,0.65,0.0,0.0,0.25,0.05
55,6,0,5,False,0.001102367041585918,0.05912953759149264,3,qUCB,0.0,0.15000000000000002,0.55,0.0,0.0,0.30000000000000004,0.0
55,6,0,5,False,0.001102367041585918,0.05912953759149264,4,qUCB,0.0,0.2,0.5,0.0,0.1,0.2,0.0
