iteration,option,n_opt,n_exp,selected,full_qehvi,full_entropy,point_idx,source,x_0,x_1,x_2,x_3,x_4,x_5,x_6,x_7,x_8,x_9,x_10,x_11,x_12,x_13,x_14
1,1,5,0,False,3.1999767710772553,0.33561161016904784,0,qEHVI,0.02,0.02,0.86,0.02,0.04,0.0,0.0,0.0,0.0,0.0,0.0,0.04,0.0,0.0,0.0
1,1,5,0,False,3.1999767710772553,0.33561161016904784,1,qEHVI,0.02,0.04,0.84,0.04,0.02,0.0,0.0,0.0,0.0,0.0,0.0,0.0,0.0,0.02,0.02
1,1,5,0,False,3.1999767710772553,0.33561161016904784,2,qEHVI,0.78,0.12,0.0,0.02,0.0,0.0,0.0,0.0,0.02,0.0,0.0,0.04,0.0,0.02,0.0
1,1,5,0,False,3.1999767710772553,0.33561161016904784,3,qEHVI,0.02,0.04,0.86,0.0,0.04,0.0,0.0,0.0,0.04,0.0,0.0,0.0,0.0,0.0,0.0
1,1,5,0,False,3.1999767710772553,0.33561161016904784,4,qEHVI,0.04,0.88,0.0,0.0,0.0,0.0,0.0,0.0,0.02,0.0,0.0,0.0,0.0,0.02,0.04
1,2,4,1,False,3.1983339465095098,0.15774712453320916,0,qEHVI,0.02,0.02,0.86,0.02,0.04,0.0,0.0,0.0,0.0,0.0,0.0,0.04,0.0,0.0,0.0
1,2,4,1,False,3.1983339465095098,0.15774712453320916,1,qEHVI,0.02,0.04,0.84,0.04,0.02,0.0,0.0,0.0,0.0,0.0,0.0,0.0,0.0,0.02,0.02
1,2,4,1,False,3.1983339465095098,0.15774712453320916,2,qEHVI,0.78,0.12,0.0,0.02,0.0,0.0,0.0,0.0,0.02,0.0,0.0,0.04,0.0,0.02,0.0
1,2,4,1,False,3.1983339465095098,0.15774712453320916,3,qEHVI,0.04,0.88,0.0,0.0,0.0,0.0,0.0,0.0,0.02,0.0,0.0,0.0,0.0,0.02,0.04
1,2,4,1,False,3.1983339465095098,0.15774712453320916,4,qUCB,0.86,0.06,0.0,0.0,0.04,0.0,0.0,0.0,0.0,0.0,0.0,0.0,0.0,0.0,0.04
1,3,3,2,True,3.1644112918129546,0.2943846059536188,0,qEHVI,0.02,0.02,0.86,0.02,0.04,0.0,0.0,0.0,0.0,0.0,0.0,0.04,0.0,0.0,0.0
1,3,3,2,True,3.1644112918129546,0.2943846059536188,1,qEHVI,0.02,0.04,0.84,0.04,0.02,0.0,0.0,0.0,0.0,0.0,0.0,0.0,0.0,0.02,0.02
1,3,3,2,True,3.1644112918129546,0.2943846059536188,2,qEHVI,0.8,0.12,0.0,0.0,0.0,0.0,0.0,0.0,0.02,0.0,0.0,0.04,0.0,0.02,0.0
1,3,3,2,True,3.1644112918129546,0.2943846059536188,3,qUCB,0.0,0.9,0.0,0.0,0.0,0.0,0.0,0.0,0.02,0.0,0.0,0.0,0.0,0.04,0.04
1,3,3,2,True,3.1644112918129546,0.2943846059536188,4,qUCB,0.0,0.84,0.06,0.0,0.04,0.0,0.0,0.0,0.04,0.0,0.0,0.0,0.0,0.0,0.02
1,4,2,3,False,3.2256723320147076,0.12735632747146752,0,qEHVI,0.02,0.02,0.86,0.02,0.04,0.0,0.0,0.0,0.0,0.0,0.0,0.04,0.0,0.0,0.0
1,4,2,3,False,3.2256723320147076,0.12735632747146752,1,qEHVI,0.02,0.04,0.84,0.04,0.02,0.0,0.0,0.0,0.0,0.0,0.0,0.0,0.0,0.02,0.02
1,4,2,3,False,3.2256723320147076,0.12735632747146752,2,qUCB,0.02,0.9,0.0,0.0,0.0,0.0,0.0,0.0,0.04,0.0,0.0,0.02,0.0,0.02,0.0
1,4,2,3,False,3.2256723320147076,0.12735632747146752,3,qUCB,0.86,0.02,0.02,0.0,0.0,0.0,0.0,0.0,0.0,0.0,0.0,0.04,0.0,0.04,0.02
1,4,2,3,False,3.2256723320147076,0.12735632747146752,4,qUCB,0.86,0.04,0.02,0.0,0.0,0.0,0.0,0.0,0.04,0.0,0.0,0.02,0.0,0.0,0.02
1,5,1,4,False,2.9096682151640287,0.12261582889774658,0,qEHVI,0.02,0.02,0.86,0.02,0.04,0.0,0.0,0.0,0.0,0.0,0.0,0.04,0.0,0.0,0.0
1,5,1,4,False,2.9096682151640287,0.12261582889774658,1,qUCB,0.0,0.9,0.0,0.0,0.0,0.0,0.0,0.0,0.02,0.0,0.0,0.0,0.0,0.04,0.04
1,5,1,4,False,2.9096682151640287,0.12261582889774658,2,qUCB,0.86,0.04,0.0,0.0,0.0,0.0,0.0,0.0,0.02,0.0,0.0,0.0,0.0,0.04,0.04
1,5,1,4,False,2.9096682151640287,0.12261582889774658,3,qUCB,0.84,0.02,0.04,0.0,0.0,0.0,0.0,0.0,0.04,0.0,0.0,0.0,0.0,0.02,0.04
1,5,1,4,False,2.9096682151640287,0.12261582889774658,4,qUCB,0.4,0.52,0.0,0.0,0.0,0.0,0.0,0.0,0.04,0.0,0.0,0.0,0.0,0.0,0.04
1,6,0,5,False,2.8584127846027254,0.04867657581364959,0,qUCB,0.12,0.76,0.02,0.0,0.02,0.0,0.0,0.0,0.0,0.0,0.0,0.02,0.0,0.04,0.02
1,6,0,5,False,2.8584127846027254,0.04867657581364959,1,qUCB,0.64,0.12,0.14,0.02,0.0,0.0,0.0,0.0,0.0,0.0,0.0,0.04,0.0,0.04,0.0
1,6,0,5,False,2.8584127846027254,0.04867657581364959,2,qUCB,0.1,0.78,0.06,0.0,0.0,0.0,0.0,0.0,0.04,0.0,0.0,0.0,0.0,0.02,0.0
1,6,0,5,False,2.8584127846027254,0.04867657581364959,3,qUCB,0.54,0.36,0.0,0.04,0.0,0.0,0.0,0.0,0.0,0.0,0.0,0.0,0.0,0.02,0.04
1,6,0,5,False,2.8584127846027254,0.04867657581364959,4,qUCB,0.72,0.14,0.04,0.0,0.04,0.0,0.0,0.0,0.0,0.0,0.0,0.04,0.0,0.02,0.0
2,1,5,0,False,3.900353743224872,0.412860051989723,0,qEHVI,0.2,0.68,0.02,0.0,0.0,0.0,0.0,0.0,0.0,0.0,0.0,0.02,0.0,0.04,0.04
2,1,5,0,False,3.900353743224872,0.412860051989723,1,qEHVI,0.0,0.9,0.0,0.04,0.0,0.0,0.0,0.0,0.02,0.0,0.0,0.0,0.0,0.04,0.0
2,1,5,0,False,3.900353743224872,0.412860051989723,2,qEHVI,0.24,0.0,0.68,0.0,0.02,0.0,0.0,0.0,0.0,0.0,0.0,0.04,0.0,0.02,0.0
2,1,5,0,False,3.900353743224872,0.412860051989723,3,qEHVI,0.52,0.38,0.0,0.02,0.0,0.0,0.0,0.0,0.0,0.0,0.0,0.0,0.0,0.04,0.04
2,1,5,0,False,3.900353743224872,0.412860051989723,4,qEHVI,0.0,0.0,0.96,0.0,0.0,0.0,0.0,0.0,0.0,0.0,0.0,0.0,0.0,0.0,0.04
2,2,4,1,False,3.5848634579100027,0.6222519604389074,0,qEHVI,0.2,0.68,0.02,0.0,0.0,0.0,0.0,0.0,0.0,0.0,0.0,0.02,0.0,0.04,0.04
2,2,4,1,False,3.5848634579100027,0.6222519604389074,1,qEHVI,0.0,0.9,0.0,0.04,0.0,0.0,0.0,0.0,0.02,0.0,0.0,0.0,0.0,0.04,0.0
2,2,4,1,False,3.5848634579100027,0.6222519604389074,2,qEHVI,0.24,0.0,0.68,0.0,0.02,0.0,0.0,0.0,0.0,0.0,0.0,0.04,0.0,0.02,0.0
2,2,4,1,False,3.5848634579100027,0.6222519604389074,3,qEHVI,0.54,0.38,0.0,0.04,0.0,0.0,0.0,0.0,0.0,0.0,0.0,0.0,0.0,0.0,0.04
2,2,4,1,False,3.5848634579100027,0.6222519604389074,4,qUCB,0.44,0.48,0.0,0.0,0.04,0.0,0.0,0.0,0.04,0.0,0.0,0.0,0.0,0.0,0.0
2,3,3,2,True,3.315120419821152,0.6502335569451496,0,qEHVI,0.18,0.72,0.0,0.0,0.0,0.0,0.0,0.0,0.0,0.0,0.0,0.04,0.0,0.02,0.04
2,3,3,2,True,3.315120419821152,0.6502335569451496,1,qEHVI,0.0,0.9,0.0,0.04,0.0,0.0,0.0,0.0,0.02,0.0,0.0,0.0,0.0,0.04,0.0
2,3,3,2,True,3.315120419821152,0.6502335569451496,2,qEHVI,0.24,0.0,0.68,0.0,0.02,0.0,0.0,0.0,0.0,0.0,0.0,0.04,0.0,0.02,0.0
2,3,3,2,True,3.315120419821152,0.6502335569451496,3,qUCB,0.44,0.48,0.0,0.0,0.04,0.0,0.0,0.0,0.04,0.0,0.0,0.0,0.0,0.0,0.0
2,3,3,2,True,3.315120419821152,0.6502335569451496,4,qUCB,0.7000000000000001,0.02,0.18,0.04,0.0,0.0,0.0,0.0,0.02,0.0,0.0,0.0,0.0,0.0,0.04
2,4,2,3,False,2.8746706893871536,0.7194181699572368,0,qEHVI,0.2,0.68,0.02,0.0,0.0,0.0,0.0,0.0,0.0,0.0,0.0,0.02,0.0,0.04,0.04
2,4,2,3,False,2.8746706893871536,0.7194181699572368,1,qEHVI,0.0,0.9,0.0,0.04,0.0,0.0,0.0,0.0,0.02,0.0,0.0,0.0,0.0,0.04,0.0
2,4,2,3,False,2.8746706893871536,0.7194181699572368,2,qUCB,0.44,0.46,0.0,0.0,0.04,0.0,0.0,0.0,0.04,0.0,0.0,0.02,0.0,0.0,0.0
2,4,2,3,False,2.8746706893871536,0.7194181699572368,3,qUCB,0.6,0.12,0.2,0.0,0.04,0.0,0.0,0.0,0.04,0.0,0.0,0.0,0.0,0.0,0.0
2,4,2,3,False,2.8746706893871536,0.7194181699572368,4,qUCB,0.3,0.48,0.12,0.0,0.04,0.0,0.0,0.0,0.04,0.0,0.0,0.02,0.0,0.0,0.0
2,5,1,4,False,2.577566904676511,0.9385909251200637,0,qEHVI,0.2,0.68,0.02,0.0,0.0,0.0,0.0,0.0,0.0,0.0,0.0,0.02,0.0,0.04,0.04
2,5,1,4,False,2.577566904676511,0.9385909251200637,1,qUCB,0.32,0.58,0.0,0.04,0.04,0.0,0.0,0.0,0.02,0.0,0.0,0.0,0.0,0.0,0.0
2,5,1,4,False,2.577566904676511,0.9385909251200637,2,qUCB,0.7000000000000001,0.0,0.2,0.04,0.04,0.0,0.0,0.0,0.02,0.0,0.0,0.0,0.0,0.0,0.0
2,5,1,4,False,2.577566904676511,0.9385909251200637,3,qUCB,0.22,0.54,0.14,0.04,0.02,0.0,0.0,0.0,0.04,0.0,0.0,0.0,0.0,0.0,0.0
2,5,1,4,False,2.577566904676511,0.9385909251200637,4,qUCB,0.34,0.02,0.54,0.04,0.0,0.0,0.0,0.0,0.04,0.0,0.0,0.02,0.0,0.0,0.0
2,6,0,5,False,2.409120400033033,0.4508211897200791,0,qUCB,0.22,0.6,0.08,0.04,0.0,0.0,0.0,0.0,0.0,0.0,0.0,0.02,0.0,0.0,0.04
2,6,0,5,False,2.409120400033033,0.4508211897200791,1,qUCB,0.16,0.76,0.0,0.0,0.0,0.0,0.0,0.0,0.0,0.0,0.0,0.04,0.0,0.04,0.0
2,6,0,5,False,2.409120400033033,0.4508211897200791,2,qUCB,0.02,0.76,0.12,0.04,0.0,0.0,0.0,0.0,0.02,0.0,0.0,0.0,0.0,0.04,0.0
2,6,0,5,False,2.409120400033033,0.4508211897200791,3,qUCB,0.18,0.6,0.14,0.04,0.0,0.0,0.0,0.0,0.0,0.0,0.0,0.04,0.0,0.0,0.0
2,6,0,5,False,2.409120400033033,0.4508211897200791,4,qUCB,0.16,0.8,0.0,0.04,0.0,0.0,0.0,0.0,0.0,0.0,0.0,0.0,0.0,0.0,0.0
3,1,5,0,False,6.04956555107812,0.6178764252552238,0,qEHVI,0.5,0.0,0.42,0.0,0.0,0.0,0.0,0.0,0.0,0.0,0.0,0.04,0.0,0.04,0.0
3,1,5,0,False,6.04956555107812,0.6178764252552238,1,qEHVI,0.58,0.02,0.34,0.02,0.0,0.0,0.0,0.0,0.0,0.0,0.0,0.04,0.0,0.0,0.0
3,1,5,0,False,6.04956555107812,0.6178764252552238,2,qEHVI,0.44,0.0,0.54,0.0,0.0,0.0,0.0,0.0,0.0,0.0,0.0,0.0,0.0,0.0,0.02
3,1,5,0,False,6.04956555107812,0.6178764252552238,3,qEHVI,0.58,0.34,0.0,0.0,0.02,0.0,0.0,0.0,0.0,0.0,0.0,0.0,0.0,0.02,0.04
3,1,5,0,False,6.04956555107812,0.6178764252552238,4,qEHVI,0.48,0.22,0.2,0.02,0.04,0.0,0.0,0.0,0.0,0.0,0.0,0.04,0.0,0.0,0.0
3,2,4,1,True,5.993543798572237,0.9874917137023154,0,qEHVI,0.5,0.0,0.42,0.0,0.0,0.0,0.0,0.0,0.0,0.0,0.0,0.04,0.0,0.04,0.0
3,2,4,1,True,5.993543798572237,0.9874917137023154,1,qEHVI,0.58,0.02,0.34,0.02,0.0,0.0,0.0,0.0,0.0,0.0,0.0,0.04,0.0,0.0,0.0
3,2,4,1,True,5.993543798572237,0.9874917137023154,2,qEHVI,0.12,0.12,0.68,0.0,0.02,0.0,0.0,0.0,0.0,0.0,0.0,0.04,0.0,0.02,0.0
3,2,4,1,True,5.993543798572237,0.9874917137023154,3,qEHVI,0.58,0.36,0.0,0.02,0.0,0.0,0.0,0.0,0.0,0.0,0.0,0.0,0.0,0.0,0.04
3,2,4,1,True,5.993543798572237,0.9874917137023154,4,qUCB,0.5,0.18,0.24,0.0,0.04,0.0,0.0,0.0,0.04,0.0,0.0,0.0,0.0,0.0,0.0
3,3,3,2,False,5.891271894395404,0.6187136756902643,0,qEHVI,0.5,0.0,0.42,0.0,0.0,0.0,0.0,0.0,0.0,0.0,0.0,0.04,0.0,0.04,0.0
3,3,3,2,False,5.891271894395404,0.6187136756902643,1,qEHVI,0.54,0.12,0.24,0.0,0.04,0.0,0.0,0.0,0.02,0.0,0.0,0.04,0.0,0.0,0.0
3,3,3,2,False,5.891271894395404,0.6187136756902643,2,qEHVI,0.44,0.0,0.54,0.0,0.0,0.0,0.0,0.0,0.0,0.0,0.0,0.0,0.0,0.0,0.02
3,3,3,2,False,5.891271894395404,0.6187136756902643,3,qUCB,0.52,0.38,0.0,0.04,0.0,0.0,0.0,0.0,0.0,0.0,0.0,0.04,0.0,0.0,0.02
3,3,3,2,False,5.891271894395404,0.6187136756902643,4,qUCB,0.48,0.14,0.28,0.04,0.0,0.0,0.0,0.0,0.04,0.0,0.0,0.0,0.0,0.02,0.0
3,4,2,3,False,5.489398226620491,0.5240365208709203,0,qEHVI,0.5,0.0,0.42,0.0,0.0,0.0,0.0,0.0,0.0,0.0,0.0,0.04,0.0,0.04,0.0
3,4,2,3,False,5.489398226620491,0.5240365208709203,1,qEHVI,0.58,0.0,0.38,0.02,0.0,0.0,0.0,0.0,0.0,0.0,0.0,0.0,0.0,0.02,0.0
3,4,2,3,False,5.489398226620491,0.5240365208709203,2,qUCB,0.56,0.32,0.02,0.0,0.04,0.0,0.0,0.0,0.0,0.0,0.0,0.02,0.0,0.0,0.04
3,4,2,3,False,5.489398226620491,0.5240365208709203,3,qUCB,0.5,0.04,0.36,0.0,0.04,0.0,0.0,0.0,0.04,0.0,0.0,0.02,0.0,0.0,0.0
3,4,2,3,False,5.489398226620491,0.5240365208709203,4,qUCB,0.0,0.72,0.18,0.02,0.0,0.0,0.0,0.0,0.0,0.0,0.0,0.04,0.0,0.0,0.04
3,5,1,4,False,5.17554394313917,0.6384344263131521,0,qEHVI,0.5,0.0,0.42,0.0,0.0,0.0,0.0,0.0,0.0,0.0,0.0,0.04,0.0,0.04,0.0
3,5,1,4,False,5.17554394313917,0.6384344263131521,1,qUCB,0.52,0.34,0.04,0.04,0.02,0.0,0.0,0.0,0.0,0.0,0.0,0.0,0.0,0.0,0.04
3,5,1,4,False,5.17554394313917,0.6384344263131521,2,qUCB,0.5,0.02,0.38,0.04,0.04,0.0,0.0,0.0,0.02,0.0,0.0,0.0,0.0,0.0,0.0
3,5,1,4,False,5.17554394313917,0.6384344263131521,3,qUCB,0.46,0.28,0.16,0.04,0.02,0.0,0.0,0.0,0.04,0.0,0.0,0.0,0.0,0.0,0.0
3,5,1,4,False,5.17554394313917,0.6384344263131521,4,qUCB,0.62,0.28,0.0,0.0,0.04,0.0,0.0,0.0,0.04,0.0,0.0,0.0,0.0,0.0,0.02
3,6,0,5,False,5.256226549954398,0.9934154699571724,0,qUCB,0.54,0.36,0.0,0.0,0.02,0.0,0.0,0.0,0.0,0.0,0.0,0.02,0.0,0.02,0.04
3,6,0,5,False,5.256226549954398,0.9934154699571724,1,qUCB,0.56,0.0,0.36,0.0,0.0,0.0,0.0,0.0,0.02,0.0,0.0,0.04,0.0,0.02,0.0
3,6,0,5,False,5.256226549954398,0.9934154699571724,2,qUCB,0.52,0.0,0.44,0.0,0.0,0.0,0.0,0.0,0.04,0.0,0.0,0.0,0.0,0.0,0.0
3,6,0,5,False,5.256226549954398,0.9934154699571724,3,qUCB,0.48,0.28,0.14,0.0,0.0,0.0,0.0,0.0,0.0,0.0,0.0,0.04,0.0,0.02,0.04
3,6,0,5,False,5.256226549954398,0.9934154699571724,4,qUCB,0.96,0.0,0.0,0.0,0.02,0.0,0.0,0.0,0.0,0.0,0.0,0.02,0.0,0.0,0.0
4,1,5,0,False,11.177320278346338,1.0725449156179216,0,qEHVI,0.44,0.0,0.48,0.0,0.04,0.0,0.0,0.0,0.0,0.0,0.0,0.04,0.0,0.0,0.0
4,1,5,0,False,11.177320278346338,1.0725449156179216,1,qEHVI,0.7000000000000001,0.02,0.22,0.0,0.02,0.0,0.0,0.0,0.0,0.0,0.0,0.04,0.0,0.0,0.0
4,1,5,0,False,11.177320278346338,1.0725449156179216,2,qEHVI,0.72,0.18,0.0,0.0,0.04,0.0,0.0,0.0,0.0,0.0,0.0,0.04,0.0,0.02,0.0
4,1,5,0,False,11.177320278346338,1.0725449156179216,3,qEHVI,0.32,0.0,0.64,0.02,0.0,0.0,0.0,0.0,0.0,0.0,0.0,0.02,0.0,0.0,0.0
4,1,5,0,False,11.177320278346338,1.0725449156179216,4,qEHVI,0.64,0.26,0.0,0.02,0.0,0.0,0.0,0.0,0.04,0.0,0.0,0.04,0.0,0.0,0.0
4,2,4,1,True,10.514283989685486,1.1556806779526738,0,qEHVI,0.44,0.0,0.48,0.0,0.04,0.0,0.0,0.0,0.0,0.0,0.0,0.04,0.0,0.0,0.0
4,2,4,1,True,10.514283989685486,1.1556806779526738,1,qEHVI,0.7000000000000001,0.02,0.22,0.0,0.02,0.0,0.0,0.0,0.0,0.0,0.0,0.04,0.0,0.0,0.0
4,2,4,1,True,10.514283989685486,1.1556806779526738,2,qEHVI,0.72,0.18,0.0,0.0,0.04,0.0,0.0,0.0,0.0,0.0,0.0,0.04,0.0,0.02,0.0
4,2,4,1,True,10.514283989685486,1.1556806779526738,3,qEHVI,0.32,0.0,0.64,0.02,0.0,0.0,0.0,0.0,0.0,0.0,0.0,0.02,0.0,0.0,0.0
4,2,4,1,True,10.514283989685486,1.1556806779526738,4,qUCB,0.34,0.56,0.0,0.0,0.0,0.0,0.0,0.0,0.02,0.0,0.0,0.0,0.0,0.04,0.04
4,3,3,2,False,9.839405139690541,1.1311739253916642,0,qEHVI,0.44,0.0,0.48,0.0,0.04,0.0,0.0,0.0,0.0,0.0,0.0,0.04,0.0,0.0,0.0
4,3,3,2,False,9.839405139690541,1.1311739253916642,1,qEHVI,0.7000000000000001,0.02,0.22,0.0,0.02,0.0,0.0,0.0,0.0,0.0,0.0,0.04,0.0,0.0,0.0
4,3,3,2,False,9.839405139690541,1.1311739253916642,2,qEHVI,0.72,0.18,0.0,0.0,0.04,0.0,0.0,0.0,0.0,0.0,0.0,0.04,0.0,0.02,0.0
4,3,3,2,False,9.839405139690541,1.1311739253916642,3,qUCB,0.34,0.0,0.56,0.0,0.0,0.0,0.0,0.0,0.04,0.0,0.0,0.0,0.0,0.04,0.02
4,3,3,2,False,9.839405139690541,1.1311739253916642,4,qUCB,0.4,0.02,0.48,0.04,0.0,0.0,0.0,0.0,0.02,0.0,0.0,0.0,0.0,0.0,0.04
4,4,2,3,False,8.673121604922176,0.8523077320835455,0,qEHVI,0.44,0.0,0.48,0.0,0.04,0.0,0.0,0.0,0.0,0.0,0.0,0.04,0.0,0.0,0.0
4,4,2,3,False,8.673121604922176,0.8523077320835455,1,qEHVI,0.7000000000000001,0.02,0.22,0.0,0.02,0.0,0.0,0.0,0.0,0.0,0.0,0.04,0.0,0.0,0.0
4,4,2,3,False,8.673121604922176,0.8523077320835455,2,qUCB,0.34,0.0,0.56,0.0,0.0,0.0,0.0,0.0,0.04,0.0,0.0,0.0,0.0,0.04,0.02
4,4,2,3,False,8.673121604922176,0.8523077320835455,3,qUCB,0.4,0.02,0.48,0.04,0.0,0.0,0.0,0.0,0.02,0.0,0.0,0.0,0.0,0.0,0.04
4,4,2,3,False,8.673121604922176,0.8523077320835455,4,qUCB,0.26,0.64,0.0,0.0,0.0,0.0,0.0,0.0,0.04,0.0,0.0,0.0,0.0,0.04,0.02
4,5,1,4,False,6.87278528402501,0.9115772253671519,0,qEHVI,0.44,0.0,0.48,0.0,0.04,0.0,0.0,0.0,0.0,0.0,0.0,0.04,0.0,0.0,0.0
4,5,1,4,False,6.87278528402501,0.9115772253671519,1,qUCB,0.4,0.02,0.48,0.04,0.0,0.0,0.0,0.0,0.02,0.0,0.0,0.0,0.0,0.0,0.04
4,5,1,4,False,6.87278528402501,0.9115772253671519,2,qUCB,0.86,0.02,0.02,0.02,0.0,0.0,0.0,0.0,0.04,0.0,0.0,0.0,0.0,0.04,0.0
4,5,1,4,False,6.87278528402501,0.9115772253671519,3,qUCB,0.34,0.0,0.56,0.0,0.0,0.0,0.0,0.0,0.04,0.0,0.0,0.0,0.0,0.04,0.02
4,5,1,4,False,6.87278528402501,0.9115772253671519,4,qUCB,0.26,0.64,0.0,0.0,0.0,0.0,0.0,0.0,0.04,0.0,0.0,0.0,0.0,0.04,0.02
4,6,0,5,False,9.445959477830254,1.1204388099666271,0,qUCB,0.44,0.0,0.48,0.0,0.04,0.0,0.0,0.0,0.0,0.0,0.0,0.04,0.0,0.0,0.0
4,6,0,5,False,9.445959477830254,1.1204388099666271,1,qUCB,0.58,0.0,0.34,0.0,0.0,0.0,0.0,0.0,0.04,0.0,0.0,0.04,0.0,0.0,0.0
4,6,0,5,False,9.445959477830254,1.1204388099666271,2,qUCB,0.38,0.0,0.56,0.0,0.02,0.0,0.0,0.0,0.0,0.0,0.0,0.0,0.0,0.0,0.04
4,6,0,5,False,9.445959477830254,1.1204388099666271,3,qUCB,0.92,0.0,0.02,0.0,0.04,0.0,0.0,0.0,0.0,0.0,0.0,0.02,0.0,0.0,0.0
4,6,0,5,False,9.445959477830254,1.1204388099666271,4,qUCB,0.42,0.0,0.52,0.04,0.0,0.0,0.0,0.0,0.02,0.0,0.0,0.0,0.0,0.0,0.0
5,1,5,0,False,5.804511698457376,0.5438522297111241,0,qEHVI,0.38,0.0,0.56,0.02,0.0,0.0,0.0,0.0,0.0,0.0,0.0,0.04,0.0,0.0,0.0
5,1,5,0,False,5.804511698457376,0.5438522297111241,1,qEHVI,0.56,0.32,0.02,0.04,0.02,0.0,0.0,0.0,0.0,0.0,0.0,0.04,0.0,0.0,0.0
5,1,5,0,False,5.804511698457376,0.5438522297111241,2,qEHVI,0.52,0.14,0.24,0.04,0.02,0.0,0.0,0.0,0.0,0.0,0.0,0.04,0.0,0.0,0.0
5,1,5,0,False,5.804511698457376,0.5438522297111241,3,qEHVI,0.56,0.36,0.0,0.0,0.0,0.0,0.0,0.0,0.04,0.0,0.0,0.04,0.0,0.0,0.0
5,1,5,0,False,5.804511698457376,0.5438522297111241,4,qEHVI,0.9,0.0,0.0,0.02,0.0,0.0,0.0,0.0,0.0,0.0,0.0,0.04,0.0,0.04,0.0
5,2,4,1,False,5.542867121316993,0.9648165302371865,0,qEHVI,0.38,0.0,0.56,0.02,0.0,0.0,0.0,0.0,0.0,0.0,0.0,0.04,0.0,0.0,0.0
5,2,4,1,False,5.542867121316993,0.9648165302371865,1,qEHVI,0.54,0.3,0.06,0.02,0.0,0.0,0.0,0.0,0.0,0.0,0.0,0.04,0.0,0.04,0.0
5,2,4,1,False,5.542867121316993,0.9648165302371865,2,qEHVI,0.52,0.14,0.24,0.04,0.02,0.0,0.0,0.0,0.0,0.0,0.0,0.04,0.0,0.0,0.0
5,2,4,1,False,5.542867121316993,0.9648165302371865,3,qEHVI,0.66,0.24,0.0,0.0,0.02,0.0,0.0,0.0,0.02,0.0,0.0,0.04,0.0,0.02,0.0
5,2,4,1,False,5.542867121316993,0.9648165302371865,4,qUCB,0.4,0.0,0.52,0.0,0.0,0.0,0.0,0.0,0.04,0.0,0.0,0.0,0.0,0.0,0.04
5,3,3,2,True,5.216887773495191,1.1425903660674983,0,qEHVI,0.38,0.0,0.56,0.02,0.0,0.0,0.0,0.0,0.0,0.0,0.0,0.04,0.0,0.0,0.0
5,3,3,2,True,5.216887773495191,1.1425903660674983,1,qEHVI,0.56,0.32,0.02,0.04,0.02,0.0,0.0,0.0,0.0,0.0,0.0,0.04,0.0,0.0,0.0
5,3,3,2,True,5.216887773495191,1.1425903660674983,2,qEHVI,0.52,0.14,0.24,0.04,0.02,0.0,0.0,0.0,0.0,0.0,0.0,0.04,0.0,0.0,0.0
5,3,3,2,True,5.216887773495191,1.1425903660674983,3,qUCB,0.44,0.0,0.46,0.0,0.04,0.0,0.0,0.0,0.0,0.0,0.0,0.0,0.0,0.02,0.04
5,3,3,2,True,5.216887773495191,1.1425903660674983,4,qUCB,0.88,0.02,0.02,0.0,0.0,0.0,0.0,0.0,0.0,0.0,0.0,0.0,0.0,0.04,0.04
5,4,2,3,False,4.695400278231501,0.9470807987170815,0,qEHVI,0.38,0.0,0.56,0.02,0.0,0.0,0.0,0.0,0.0,0.0,0.0,0.04,0.0,0.0,0.0
5,4,2,3,False,4.695400278231501,0.9470807987170815,1,qEHVI,0.56,0.32,0.02,0.04,0.02,0.0,0.0,0.0,0.0,0.0,0.0,0.04,0.0,0.0,0.0
5,4,2,3,False,4.695400278231501,0.9470807987170815,2,qUCB,0.44,0.0,0.46,0.0,0.04,0.0,0.0,0.0,0.0,0.0,0.0,0.0,0.0,0.02,0.04
5,4,2,3,False,4.695400278231501,0.9470807987170815,3,qUCB,0.88,0.02,0.02,0.0,0.0,0.0,0.0,0.0,0.0,0.0,0.0,0.0,0.0,0.04,0.04
5,4,2,3,False,4.695400278231501,0.9470807987170815,4,qUCB,0.4,0.0,0.52,0.0,0.0,0.0,0.0,0.0,0.04,0.0,0.0,0.0,0.0,0.0,0.04
5,5,1,4,False,3.513907882163242,0.6424316800438739,0,qEHVI,0.38,0.0,0.56,0.02,0.0,0.0,0.0,0.0,0.0,0.0,0.0,0.04,0.0,0.0,0.0
5,5,1,4,False,3.513907882163242,0.6424316800438739,1,qUCB,0.44,0.0,0.46,0.0,0.04,0.0,0.0,0.0,0.0,0.0,0.0,0.0,0.0,0.02,0.04
5,5,1,4,False,3.513907882163242,0.6424316800438739,2,qUCB,0.86,0.04,0.0,0.0,0.04,0.0,0.0,0.0,0.0,0.0,0.0,0.0,0.0,0.02,0.04
5,5,1,4,False,3.513907882163242,0.6424316800438739,3,qUCB,0.4,0.0,0.52,0.0,0.0,0.0,0.0,0.0,0.04,0.0,0.0,0.0,0.0,0.0,0.04
5,5,1,4,False,3.513907882163242,0.6424316800438739,4,qUCB,0.98,0.0,0.0,0.0,0.0,0.0,0.0,0.0,0.0,0.0,0.0,0.0,0.0,0.02,0.0
5,6,0,5,False,3.9064499403155555,1.2171599801806536,0,qUCB,0.48,0.02,0.4,0.04,0.02,0.0,0.0,0.0,0.0,0.0,0.0,0.04,0.0,0.0,0.0
5,6,0,5,False,3.9064499403155555,1.2171599801806536,1,qUCB,0.98,0.0,0.0,0.0,0.0,0.0,0.0,0.0,0.0,0.0,0.0,0.0,0.0,0.02,0.0
5,6,0,5,False,3.9064499403155555,1.2171599801806536,2,qUCB,0.54,0.36,0.02,0.04,0.0,0.0,0.0,0.0,0.0,0.0,0.0,0.04,0.0,0.0,0.0
5,6,0,5,False,3.9064499403155555,1.2171599801806536,3,qUCB,0.38,0.06,0.46,0.04,0.02,0.0,0.0,0.0,0.0,0.0,0.0,0.04,0.0,0.0,0.0
5,6,0,5,False,3.9064499403155555,1.2171599801806536,4,qUCB,0.46,0.0,0.46,0.0,0.0,0.0,0.0,0.0,0.0,0.0,0.0,0.04,0.0,0.0,0.04
6,1,5,0,False,11.296192220302329,0.2759531457269624,0,qEHVI,0.48,0.06,0.36,0.04,0.0,0.0,0.0,0.0,0.0,0.0,0.0,0.0,0.0,0.04,0.02
6,1,5,0,False,11.296192220302329,0.2759531457269624,1,qEHVI,0.54,0.06,0.3,0.0,0.04,0.0,0.0,0.0,0.0,0.0,0.0,0.02,0.0,0.0,0.04
6,1,5,0,False,11.296192220302329,0.2759531457269624,2,qEHVI,0.52,0.0,0.42,0.02,0.02,0.0,0.0,0.0,0.0,0.0,0.0,0.0,0.0,0.0,0.02
6,1,5,0,False,11.296192220302329,0.2759531457269624,3,qEHVI,0.52,0.1,0.28,0.04,0.02,0.0,0.0,0.0,0.0,0.0,0.0,0.04,0.0,0.0,0.0
6,1,5,0,False,11.296192220302329,0.2759531457269624,4,qEHVI,0.5,0.0,0.4,0.04,0.0,0.0,0.0,0.0,0.0,0.0,0.0,0.04,0.0,0.02,0.0
6,2,4,1,False,10.889559125615081,0.3743945197862928,0,qEHVI,0.48,0.06,0.36,0.04,0.0,0.0,0.0,0.0,0.0,0.0,0.0,0.0,0.0,0.04,0.02
6,2,4,1,False,10.889559125615081,0.3743945197862928,1,qEHVI,0.54,0.06,0.3,0.0,0.04,0.0,0.0,0.0,0.0,0.0,0.0,0.02,0.0,0.0,0.04
6,2,4,1,False,10.889559125615081,0.3743945197862928,2,qEHVI,0.52,0.0,0.42,0.02,0.02,0.0,0.0,0.0,0.0,0.0,0.0,0.0,0.0,0.0,0.02
6,2,4,1,False,10.889559125615081,0.3743945197862928,3,qEHVI,0.52,0.1,0.28,0.04,0.02,0.0,0.0,0.0,0.0,0.0,0.0,0.04,0.0,0.0,0.0
6,2,4,1,False,10.889559125615081,0.3743945197862928,4,qUCB,0.46,0.08,0.36,0.0,0.0,0.0,0.0,0.0,0.04,0.0,0.0,0.04,0.0,0.0,0.02
6,3,3,2,True,9.951059241699985,0.7912302447423016,0,qEHVI,0.48,0.06,0.36,0.04,0.0,0.0,0.0,0.0,0.0,0.0,0.0,0.0,0.0,0.04,0.02
6,3,3,2,True,9.951059241699985,0.7912302447423016,1,qEHVI,0.54,0.06,0.3,0.0,0.04,0.0,0.0,0.0,0.0,0.0,0.0,0.02,0.0,0.0,0.04
6,3,3,2,True,9.951059241699985,0.7912302447423016,2,qEHVI,0.52,0.0,0.42,0.02,0.02,0.0,0.0,0.0,0.0,0.0,0.0,0.0,0.0,0.0,0.02
6,3,3,2,True,9.951059241699985,0.7912302447423016,3,qUCB,0.44,0.08,0.38,0.02,0.0,0.0,0.0,0.0,0.04,0.0,0.0,0.04,0.0,0.0,0.0
6,3,3,2,True,9.951059241699985,0.7912302447423016,4,qUCB,0.28,0.44,0.18,0.02,0.0,0.0,0.0,0.0,0.04,0.0,0.0,0.04,0.0,0.0,0.0
6,4,2,3,False,8.47973417762587,0.9163531077418341,0,qEHVI,0.48,0.06,0.36,0.04,0.0,0.0,0.0,0.0,0.0,0.0,0.0,0.0,0.0,0.04,0.02
6,4,2,3,False,8.47973417762587,0.9163531077418341,1,qEHVI,0.54,0.06,0.3,0.0,0.04,0.0,0.0,0.0,0.0,0.0,0.0,0.02,0.0,0.0,0.04
6,4,2,3,False,8.47973417762587,0.9163531077418341,2,qUCB,0.44,0.08,0.38,0.02,0.0,0.0,0.0,0.0,0.04,0.0,0.0,0.04,0.0,0.0,0.0
6,4,2,3,False,8.47973417762587,0.9163531077418341,3,qUCB,0.36,0.32,0.22,0.02,0.0,0.0,0.0,0.0,0.04,0.0,0.0,0.04,0.0,0.0,0.0
6,4,2,3,False,8.47973417762587,0.9163531077418341,4,qUCB,0.58,0.18,0.14,0.02,0.0,0.0,0.0,0.0,0.04,0.0,0.0,0.04,0.0,0.0,0.0
6,5,1,4,False,7.677249895872269,1.0060055563800443,0,qEHVI,0.48,0.06,0.36,0.04,0.0,0.0,0.0,0.0,0.0,0.0,0.0,0.0,0.0,0.04,0.02
6,5,1,4,False,7.677249895872269,1.0060055563800443,1,qUCB,0.58,0.16,0.16,0.0,0.04,0.0,0.0,0.0,0.02,0.0,0.0,0.04,0.0,0.0,0.0
6,5,1,4,False,7.677249895872269,1.0060055563800443,2,qUCB,0.32,0.38,0.2,0.0,0.04,0.0,0.0,0.0,0.04,0.0,0.0,0.02,0.0,0.0,0.0
6,5,1,4,False,7.677249895872269,1.0060055563800443,3,qUCB,0.56,0.0,0.36,0.0,0.04,0.0,0.0,0.0,0.04,0.0,0.0,0.0,0.0,0.0,0.0
6,5,1,4,False,7.677249895872269,1.0060055563800443,4,qUCB,0.32,0.26,0.32,0.0,0.02,0.0,0.0,0.0,0.04,0.0,0.0,0.04,0.0,0.0,0.0
6,6,0,5,False,7.779715828790309,0.9554153561598753,0,qUCB,0.48,0.04,0.38,0.04,0.0,0.0,0.0,0.0,0.02,0.0,0.0,0.0,0.0,0.04,0.0
6,6,0,5,False,7.779715828790309,0.9554153561598753,1,qUCB,0.36,0.32,0.24,0.04,0.0,0.0,0.0,0.0,0.0,0.0,0.0,0.04,0.0,0.0,0.0
6,6,0,5,False,7.779715828790309,0.9554153561598753,2,qUCB,0.6,0.14,0.16,0.0,0.02,0.0,0.0,0.0,0.0,0.0,0.0,0.04,0.0,0.04,0.0
6,6,0,5,False,7.779715828790309,0.9554153561598753,3,qUCB,0.56,0.24,0.16,0.0,0.0,0.0,0.0,0.0,0.0,0.0,0.0,0.04,0.0,0.0,0.0
6,6,0,5,False,7.779715828790309,0.9554153561598753,4,qUCB,0.38,0.16,0.36,0.04,0.0,0.0,0.0,0.0,0.0,0.0,0.0,0.0,0.0,0.04,0.02
7,1,5,0,False,6.569787237188299,0.4022918190393412,0,qEHVI,0.44,0.18,0.3,0.04,0.0,0.0,0.0,0.0,0.0,0.0,0.0,0.04,0.0,0.0,0.0
7,1,5,0,False,6.569787237188299,0.4022918190393412,1,qEHVI,0.38,0.16,0.36,0.04,0.0,0.0,0.0,0.0,0.02,0.0,0.0,0.0,0.0,0.0,0.04
7,1,5,0,False,6.569787237188299,0.4022918190393412,2,qEHVI,0.5,0.08,0.32,0.0,0.0,0.0,0.0,0.0,0.04,0.0,0.0,0.02,0.0,0.04,0.0
7,1,5,0,False,6.569787237188299,0.4022918190393412,3,qEHVI,0.5,0.32,0.08,0.0,0.04,0.0,0.0,0.0,0.0,0.0,0.0,0.04,0.0,0.0,0.02
7,1,5,0,False,6.569787237188299,0.4022918190393412,4,qEHVI,0.32,0.32,0.26,0.04,0.0,0.0,0.0,0.0,0.0,0.0,0.0,0.0,0.0,0.04,0.02
7,2,4,1,False,6.284923015782648,0.38337450318180366,0,qEHVI,0.44,0.18,0.3,0.04,0.0,0.0,0.0,0.0,0.0,0.0,0.0,0.04,0.0,0.0,0.0
7,2,4,1,False,6.284923015782648,0.38337450318180366,1,qEHVI,0.38,0.16,0.36,0.04,0.0,0.0,0.0,0.0,0.02,0.0,0.0,0.0,0.0,0.0,0.04
7,2,4,1,False,6.284923015782648,0.38337450318180366,2,qEHVI,0.5,0.08,0.32,0.0,0.0,0.0,0.0,0.0,0.04,0.0,0.0,0.02,0.0,0.04,0.0
7,2,4,1,False,6.284923015782648,0.38337450318180366,3,qEHVI,0.5,0.32,0.08,0.0,0.04,0.0,0.0,0.0,0.0,0.0,0.0,0.04,0.0,0.0,0.02
7,2,4,1,False,6.284923015782648,0.38337450318180366,4,qUCB,0.38,0.34,0.2,0.04,0.04,0.0,0.0,0.0,0.0,0.0,0.0,0.0,0.0,0.0,0.0
7,3,3,2,False,6.4312831452406165,0.3104681674891747,0,qEHVI,0.44,0.18,0.3,0.04,0.0,0.0,0.0,0.0,0.0,0.0,0.0,0.04,0.0,0.0,0.0
7,3,3,2,False,6.4312831452406165,0.3104681674891747,1,qEHVI,0.38,0.16,0.36,0.04,0.0,0.0,0.0,0.0,0.02,0.0,0.0,0.0,0.0,0.0,0.04
7,3,3,2,False,6.4312831452406165,0.3104681674891747,2,qEHVI,0.5,0.08,0.32,0.0,0.0,0.0,0.0,0.0,0.04,0.0,0.0,0.02,0.0,0.04,0.0
7,3,3,2,False,6.4312831452406165,0.3104681674891747,3,qUCB,0.38,0.34,0.2,0.04,0.04,0.0,0.0,0.0,0.0,0.0,0.0,0.0,0.0,0.0,0.0
7,3,3,2,False,6.4312831452406165,0.3104681674891747,4,qUCB,0.26,0.34,0.3,0.04,0.02,0.0,0.0,0.0,0.0,0.0,0.0,0.0,0.0,0.04,0.0
7,4,2,3,True,6.1707740558758655,0.7402877254082689,0,qEHVI,0.44,0.18,0.3,0.04,0.0,0.0,0.0,0.0,0.0,0.0,0.0,0.04,0.0,0.0,0.0
7,4,2,3,True,6.1707740558758655,0.7402877254082689,1,qEHVI,0.38,0.16,0.36,0.04,0.0,0.0,0.0,0.0,0.02,0.0,0.0,0.0,0.0,0.0,0.04
7,4,2,3,True,6.1707740558758655,0.7402877254082689,2,qUCB,0.38,0.34,0.2,0.04,0.04,0.0,0.0,0.0,0.0,0.0,0.0,0.0,0.0,0.0,0.0
7,4,2,3,True,6.1707740558758655,0.7402877254082689,3,qUCB,0.38,0.36,0.16,0.0,0.04,0.0,0.0,0.0,0.0,0.0,0.0,0.0,0.0,0.04,0.02
7,4,2,3,True,6.1707740558758655,0.7402877254082689,4,qUCB,0.26,0.34,0.3,0.04,0.02,0.0,0.0,0.0,0.0,0.0,0.0,0.0,0.0,0.04,0.0
7,5,1,4,False,5.498677552323844,0.351836019838462,0,qEHVI,0.44,0.18,0.3,0.04,0.0,0.0,0.0,0.0,0.0,0.0,0.0,0.04,0.0,0.0,0.0
7,5,1,4,False,5.498677552323844,0.351836019838462,1,qUCB,0.4,0.34,0.16,0.0,0.04,0.0,0.0,0.0,0.02,0.0,0.0,0.0,0.0,0.0,0.04
7,5,1,4,False,5.498677552323844,0.351836019838462,2,qUCB,0.32,0.32,0.26,0.04,0.0,0.0,0.0,0.0,0.0,0.0,0.0,0.0,0.0,0.04,0.02
7,5,1,4,False,5.498677552323844,0.351836019838462,3,qUCB,0.04,0.52,0.34,0.04,0.0,0.0,0.0,0.0,0.04,0.0,0.0,0.0,0.0,0.02,0.0
7,5,1,4,False,5.498677552323844,0.351836019838462,4,qUCB,0.22,0.5,0.18,0.0,0.04,0.0,0.0,0.0,0.04,0.0,0.0,0.0,0.0,0.0,0.02
7,6,0,5,False,3.749115423489476,0.5260295470744154,0,qUCB,0.38,0.34,0.2,0.04,0.04,0.0,0.0,0.0,0.0,0.0,0.0,0.0,0.0,0.0,0.0
7,6,0,5,False,3.749115423489476,0.5260295470744154,1,qUCB,0.3,0.3,0.3,0.04,0.0,0.0,0.0,0.0,0.04,0.0,0.0,0.0,0.0,0.0,0.02
7,6,0,5,False,3.749115423489476,0.5260295470744154,2,qUCB,0.02,0.56,0.32,0.04,0.0,0.0,0.0,0.0,0.04,0.0,0.0,0.02,0.0,0.0,0.0
7,6,0,5,False,3.749115423489476,0.5260295470744154,3,qUCB,0.14,0.56,0.2,0.04,0.04,0.0,0.0,0.0,0.02,0.0,0.0,0.0,0.0,0.0,0.0
7,6,0,5,False,3.749115423489476,0.5260295470744154,4,qUCB,0.52,0.28,0.14,0.04,0.0,0.0,0.0,0.0,0.0,0.0,0.0,0.0,0.0,0.0,0.02
8,1,5,0,False,3.660108010953302,0.24780027319811726,0,qEHVI,0.38,0.06,0.46,0.04,0.0,0.0,0.0,0.0,0.04,0.0,0.0,0.0,0.0,0.02,0.0
8,1,5,0,False,3.660108010953302,0.24780027319811726,1,qEHVI,0.48,0.14,0.28,0.0,0.0,0.0,0.0,0.0,0.04,0.0,0.0,0.04,0.0,0.0,0.02
8,1,5,0,False,3.660108010953302,0.24780027319811726,2,qEHVI,0.48,0.06,0.38,0.0,0.0,0.0,0.0,0.0,0.04,0.0,0.0,0.0,0.0,0.0,0.04
8,1,5,0,False,3.660108010953302,0.24780027319811726,3,qEHVI,0.44,0.06,0.4,0.04,0.04,0.0,0.0,0.0,0.02,0.0,0.0,0.0,0.0,0.0,0.0
8,1,5,0,False,3.660108010953302,0.24780027319811726,4,qEHVI,0.64,0.24,0.02,0.0,0.04,0.0,0.0,0.0,0.02,0.0,0.0,0.0,0.0,0.04,0.0
8,2,4,1,False,3.457488100832482,0.20507389847954993,0,qEHVI,0.38,0.06,0.46,0.04,0.0,0.0,0.0,0.0,0.04,0.0,0.0,0.0,0.0,0.02,0.0
8,2,4,1,False,3.457488100832482,0.20507389847954993,1,qEHVI,0.48,0.14,0.28,0.0,0.0,0.0,0.0,0.0,0.04,0.0,0.0,0.04,0.0,0.0,0.02
8,2,4,1,False,3.457488100832482,0.20507389847954993,2,qEHVI,0.48,0.06,0.38,0.0,0.0,0.0,0.0,0.0,0.04,0.0,0.0,0.0,0.0,0.0,0.04
8,2,4,1,False,3.457488100832482,0.20507389847954993,3,qEHVI,0.44,0.06,0.4,0.04,0.04,0.0,0.0,0.0,0.02,0.0,0.0,0.0,0.0,0.0,0.0
8,2,4,1,False,3.457488100832482,0.20507389847954993,4,qUCB,0.2,0.48,0.22,0.0,0.04,0.0,0.0,0.0,0.0,0.0,0.0,0.02,0.0,0.04,0.0
8,3,3,2,True,3.1628175853007634,0.5785722805903104,0,qEHVI,0.38,0.06,0.46,0.04,0.0,0.0,0.0,0.0,0.04,0.0,0.0,0.0,0.0,0.02,0.0
8,3,3,2,True,3.1628175853007634,0.5785722805903104,1,qEHVI,0.48,0.14,0.28,0.0,0.0,0.0,0.0,0.0,0.04,0.0,0.0,0.04,0.0,0.0,0.02
8,3,3,2,True,3.1628175853007634,0.5785722805903104,2,qEHVI,0.48,0.06,0.38,0.0,0.0,0.0,0.0,0.0,0.04,0.0,0.0,0.0,0.0,0.0,0.04
8,3,3,2,True,3.1628175853007634,0.5785722805903104,3,qUCB,0.2,0.48,0.22,0.0,0.04,0.0,0.0,0.0,0.0,0.0,0.0,0.02,0.0,0.04,0.0
8,3,3,2,True,3.1628175853007634,0.5785722805903104,4,qUCB,0.24,0.54,0.16,0.0,0.04,0.0,0.0,0.0,0.0,0.0,0.0,0.0,0.0,0.02,0.0
8,4,2,3,False,2.5572410065866045,0.3734514227342167,0,qEHVI,0.38,0.06,0.46,0.04,0.0,0.0,0.0,0.0,0.04,0.0,0.0,0.0,0.0,0.02,0.0
8,4,2,3,False,2.5572410065866045,0.3734514227342167,1,qEHVI,0.48,0.14,0.28,0.0,0.0,0.0,0.0,0.0,0.04,0.0,0.0,0.04,0.0,0.0,0.02
8,4,2,3,False,2.5572410065866045,0.3734514227342167,2,qUCB,0.2,0.48,0.22,0.0,0.04,0.0,0.0,0.0,0.0,0.0,0.0,0.02,0.0,0.04,0.0
8,4,2,3,False,2.5572410065866045,0.3734514227342167,3,qUCB,0.56,0.24,0.1,0.02,0.04,0.0,0.0,0.0,0.0,0.0,0.0,0.0,0.0,0.0,0.04
8,4,2,3,False,2.5572410065866045,0.3734514227342167,4,qUCB,0.0,0.56,0.36,0.0,0.0,0.0,0.0,0.0,0.0,0.0,0.0,0.0,0.0,0.04,0.04
8,5,1,4,False,2.1891849820622187,0.11818703798236463,0,qEHVI,0.38,0.06,0.46,0.04,0.0,0.0,0.0,0.0,0.04,0.0,0.0,0.0,0.0,0.02,0.0
8,5,1,4,False,2.1891849820622187,0.11818703798236463,1,qUCB,0.5,0.34,0.06,0.0,0.02,0.0,0.0,0.0,0.0,0.0,0.0,0.04,0.0,0.0,0.04
8,5,1,4,False,2.1891849820622187,0.11818703798236463,2,qUCB,0.22,0.48,0.2,0.0,0.04,0.0,0.0,0.0,0.0,0.0,0.0,0.04,0.0,0.0,0.02
8,5,1,4,False,2.1891849820622187,0.11818703798236463,3,qUCB,0.0,0.58,0.34,0.0,0.0,0.0,0.0,0.0,0.0,0.0,0.0,0.04,0.0,0.0,0.04
8,5,1,4,False,2.1891849820622187,0.11818703798236463,4,qUCB,0.42,0.28,0.2,0.0,0.02,0.0,0.0,0.0,0.0,0.0,0.0,0.04,0.0,0.0,0.04
8,6,0,5,False,2.406689124772106,0.581639977787983,0,qUCB,0.38,0.06,0.46,0.04,0.0,0.0,0.0,0.0,0.04,0.0,0.0,0.0,0.0,0.02,0.0
8,6,0,5,False,2.406689124772106,0.581639977787983,1,qUCB,0.48,0.3,0.16,0.0,0.0,0.0,0.0,0.0,0.0,0.0,0.0,0.04,0.0,0.0,0.02
8,6,0,5,False,2.406689124772106,0.581639977787983,2,qUCB,0.06,0.52,0.32,0.04,0.0,0.0,0.0,0.0,0.02,0.0,0.0,0.04,0.0,0.0,0.0
8,6,0,5,False,2.406689124772106,0.581639977787983,3,qUCB,0.2,0.52,0.18,0.02,0.04,0.0,0.0,0.0,0.0,0.0,0.0,0.04,0.0,0.0,0.0
8,6,0,5,False,2.406689124772106,0.581639977787983,4,qUCB,0.26,0.48,0.24,0.0,0.0,0.0,0.0,0.0,0.0,0.0,0.0,0.0,0.0,0.0,0.02
9,1,5,0,False,2.711687475310689,0.24464808264303262,0,qEHVI,0.42,0.2,0.28,0.04,0.0,0.0,0.0,0.0,0.0,0.0,0.0,0.04,0.0,0.02,0.0
9,1,5,0,False,2.711687475310689,0.24464808264303262,1,qEHVI,0.4,0.18,0.32,0.04,0.0,0.0,0.0,0.0,0.0,0.0,0.0,0.02,0.0,0.04,0.0
9,1,5,0,False,2.711687475310689,0.24464808264303262,2,qEHVI,0.68,0.28,0.0,0.0,0.0,0.0,0.0,0.0,0.0,0.0,0.0,0.0,0.0,0.02,0.02
9,1,5,0,False,2.711687475310689,0.24464808264303262,3,qEHVI,0.46,0.0,0.44,0.04,0.02,0.0,0.0,0.0,0.0,0.0,0.0,0.0,0.0,0.0,0.04
9,1,5,0,False,2.711687475310689,0.24464808264303262,4,qEHVI,0.56,0.04,0.32,0.0,0.0,0.0,0.0,0.0,0.04,0.0,0.0,0.04,0.0,0.0,0.0
9,2,4,1,False,2.662342296626095,0.12407215835089236,0,qEHVI,0.42,0.2,0.28,0.04,0.0,0.0,0.0,0.0,0.0,0.0,0.0,0.04,0.0,0.02,0.0
9,2,4,1,False,2.662342296626095,0.12407215835089236,1,qEHVI,0.4,0.18,0.32,0.04,0.0,0.0,0.0,0.0,0.0,0.0,0.0,0.02,0.0,0.04,0.0
9,2,4,1,False,2.662342296626095,0.12407215835089236,2,qEHVI,0.68,0.28,0.0,0.0,0.0,0.0,0.0,0.0,0.0,0.0,0.0,0.0,0.0,0.02,0.02
9,2,4,1,False,2.662342296626095,0.12407215835089236,3,qEHVI,0.46,0.0,0.44,0.04,0.02,0.0,0.0,0.0,0.0,0.0,0.0,0.0,0.0,0.0,0.04
9,2,4,1,False,2.662342296626095,0.12407215835089236,4,qUCB,0.48,0.08,0.34,0.0,0.04,0.0,0.0,0.0,0.04,0.0,0.0,0.02,0.0,0.0,0.0
9,3,3,2,True,2.257614926039369,0.2758981258185075,0,qEHVI,0.42,0.2,0.28,0.04,0.0,0.0,0.0,0.0,0.0,0.0,0.0,0.04,0.0,0.02,0.0
9,3,3,2,True,2.257614926039369,0.2758981258185075,1,qEHVI,0.4,0.18,0.32,0.04,0.0,0.0,0.0,0.0,0.0,0.0,0.0,0.02,0.0,0.04,0.0
9,3,3,2,True,2.257614926039369,0.2758981258185075,2,qEHVI,0.68,0.28,0.0,0.0,0.0,0.0,0.0,0.0,0.0,0.0,0.0,0.0,0.0,0.02,0.02
9,3,3,2,True,2.257614926039369,0.2758981258185075,3,qUCB,0.5,0.0,0.4,0.02,0.04,0.0,0.0,0.0,0.04,0.0,0.0,0.0,0.0,0.0,0.0
9,3,3,2,True,2.257614926039369,0.2758981258185075,4,qUCB,0.04,0.7000000000000001,0.16,0.04,0.02,0.0,0.0,0.0,0.04,0.0,0.0,0.0,0.0,0.0,0.0
9,4,2,3,False,1.9312889061956726,0.35831204711901377,0,qEHVI,0.42,0.2,0.28,0.04,0.0,0.0,0.0,0.0,0.0,0.0,0.0,0.04,0.0,0.02,0.0
9,4,2,3,False,1.9312889061956726,0.35831204711901377,1,qEHVI,0.4,0.18,0.32,0.04,0.0,0.0,0.0,0.0,0.0,0.0,0.0,0.02,0.0,0.04,0.0
9,4,2,3,False,1.9312889061956726,0.35831204711901377,2,qUCB,0.58,0.0,0.32,0.0,0.04,0.0,0.0,0.0,0.02,0.0,0.0,0.0,0.0,0.0,0.04
9,4,2,3,False,1.9312889061956726,0.35831204711901377,3,qUCB,0.46,0.26,0.18,0.0,0.02,0.0,0.0,0.0,0.04,0.0,0.0,0.0,0.0,0.0,0.04
9,4,2,3,False,1.9312889061956726,0.35831204711901377,4,qUCB,0.42,0.08,0.42,0.0,0.04,0.0,0.0,0.0,0.0,0.0,0.0,0.0,0.0,0.0,0.04
9,5,1,4,False,1.6240840577404445,0.8746753929883611,0,qEHVI,0.42,0.2,0.28,0.04,0.0,0.0,0.0,0.0,0.0,0.0,0.0,0.04,0.0,0.02,0.0
9,5,1,4,False,1.6240840577404445,0.8746753929883611,1,qUCB,0.54,0.0,0.36,0.0,0.04,0.0,0.0,0.0,0.04,0.0,0.0,0.0,0.0,0.02,0.0
9,5,1,4,False,1.6240840577404445,0.8746753929883611,2,qUCB,0.56,0.24,0.1,0.0,0.02,0.0,0.0,0.0,0.04,0.0,0.0,0.0,0.0,0.0,0.04
9,5,1,4,False,1.6240840577404445,0.8746753929883611,3,qUCB,0.42,0.08,0.42,0.0,0.04,0.0,0.0,0.0,0.0,0.0,0.0,0.0,0.0,0.0,0.04
9,5,1,4,False,1.6240840577404445,0.8746753929883611,4,qUCB,0.44,0.02,0.46,0.0,0.0,0.0,0.0,0.0,0.04,0.0,0.0,0.0,0.0,0.0,0.04
9,6,0,5,False,0.6072396388010035,0.16304813041113952,0,qUCB,0.36,0.34,0.2,0.04,0.0,0.0,0.0,0.0,0.02,0.0,0.0,0.04,0.0,0.0,0.0
9,6,0,5,False,0.6072396388010035,0.16304813041113952,1,qUCB,0.44,0.34,0.12,0.0,0.0,0.0,0.0,0.0,0.0,0.0,0.0,0.04,0.0,0.02,0.04
9,6,0,5,False,0.6072396388010035,0.16304813041113952,2,qUCB,0.0,0.64,0.26,0.04,0.0,0.0,0.0,0.0,0.02,0.0,0.0,0.04,0.0,0.0,0.0
9,6,0,5,False,0.6072396388010035,0.16304813041113952,3,qUCB,0.0,0.54,0.42,0.04,0.0,0.0,0.0,0.0,0.0,0.0,0.0,0.0,0.0,0.0,0.0
9,6,0,5,False,0.6072396388010035,0.16304813041113952,4,qUCB,0.44,0.14,0.42,0.0,0.0,0.0,0.0,0.0,0.0,0.0,0.0,0.0,0.0,0.0,0.0
10,1,5,0,False,2.110634861745923,0.24800950292503643,0,qEHVI,0.44,0.16,0.3,0.04,0.04,0.0,0.0,0.0,0.0,0.0,0.0,0.02,0.0,0.0,0.0
10,1,5,0,False,2.110634861745923,0.24800950292503643,1,qEHVI,0.38,0.26,0.26,0.04,0.0,0.0,0.0,0.0,0.02,0.0,0.0,0.02,0.0,0.02,0.0
10,1,5,0,False,2.110634861745923,0.24800950292503643,2,qEHVI,0.52,0.04,0.34,0.0,0.0,0.0,0.0,0.0,0.04,0.0,0.0,0.04,0.0,0.02,0.0
10,1,5,0,False,2.110634861745923,0.24800950292503643,3,qEHVI,0.46,0.02,0.46,0.04,0.0,0.0,0.0,0.0,0.0,0.0,0.0,0.0,0.0,0.02,0.0
10,1,5,0,False,2.110634861745923,0.24800950292503643,4,qEHVI,0.66,0.34,0.0,0.0,0.0,0.0,0.0,0.0,0.0,0.0,0.0,0.0,0.0,0.0,0.0
10,2,4,1,False,1.8624623371760438,0.21690974524296092,0,qEHVI,0.44,0.16,0.3,0.04,0.04,0.0,0.0,0.0,0.0,0.0,0.0,0.02,0.0,0.0,0.0
10,2,4,1,False,1.8624623371760438,0.21690974524296092,1,qEHVI,0.38,0.26,0.26,0.04,0.0,0.0,0.0,0.0,0.02,0.0,0.0,0.02,0.0,0.02,0.0
10,2,4,1,False,1.8624623371760438,0.21690974524296092,2,qEHVI,0.52,0.04,0.34,0.0,0.0,0.0,0.0,0.0,0.04,0.0,0.0,0.04,0.0,0.02,0.0
10,2,4,1,False,1.8624623371760438,0.21690974524296092,3,qEHVI,0.46,0.02,0.46,0.04,0.0,0.0,0.0,0.0,0.0,0.0,0.0,0.0,0.0,0.02,0.0
10,2,4,1,False,1.8624623371760438,0.21690974524296092,4,qUCB,0.4,0.4,0.12,0.0,0.0,0.0,0.0,0.0,0.0,0.0,0.0,0.04,0.0,0.0,0.04
10,3,3,2,False,1.6478589448013545,0.23226483968273007,0,qEHVI,0.44,0.16,0.3,0.04,0.04,0.0,0.0,0.0,0.0,0.0,0.0,0.02,0.0,0.0,0.0
10,3,3,2,False,1.6478589448013545,0.23226483968273007,1,qEHVI,0.38,0.26,0.26,0.04,0.0,0.0,0.0,0.0,0.02,0.0,0.0,0.02,0.0,0.02,0.0
10,3,3,2,False,1.6478589448013545,0.23226483968273007,2,qEHVI,0.52,0.04,0.34,0.0,0.0,0.0,0.0,0.0,0.04,0.0,0.0,0.04,0.0,0.02,0.0
10,3,3,2,False,1.6478589448013545,0.23226483968273007,3,qUCB,0.48,0.1,0.38,0.0,0.0,0.0,0.0,0.0,0.0,0.0,0.0,0.0,0.0,0.0,0.04
10,3,3,2,False,1.6478589448013545,0.23226483968273007,4,qUCB,0.0,0.0,1.0,0.0,0.0,0.0,0.0,0.0,0.0,0.0,0.0,0.0,0.0,0.0,0.0
10,4,2,3,True,1.2890026540937598,0.30607459276564586,0,qEHVI,0.44,0.16,0.3,0.04,0.04,0.0,0.0,0.0,0.0,0.0,0.0,0.02,0.0,0.0,0.0
10,4,2,3,True,1.2890026540937598,0.30607459276564586,1,qEHVI,0.38,0.26,0.26,0.04,0.0,0.0,0.0,0.0,0.02,0.0,0.0,0.02,0.0,0.02,0.0
10,4,2,3,True,1.2890026540937598,0.30607459276564586,2,qUCB,0.44,0.3,0.16,0.0,0.0,0.0,0.0,0.0,0.02,0.0,0.0,0.04,0.0,0.0,0.04
10,4,2,3,True,1.2890026540937598,0.30607459276564586,3,qUCB,0.0,0.0,1.0,0.0,0.0,0.0,0.0,0.0,0.0,0.0,0.0,0.0,0.0,0.0,0.0
10,4,2,3,True,1.2890026540937598,0.30607459276564586,4,qUCB,0.4,0.4,0.12,0.0,0.0,0.0,0.0,0.0,0.0,0.0,0.0,0.04,0.0,0.0,0.04
10,5,1,4,False,1.170007488287324,0.3469353185236237,0,qEHVI,0.44,0.16,0.3,0.04,0.04,0.0,0.0,0.0,0.0,0.0,0.0,0.02,0.0,0.0,0.0
10,5,1,4,False,1.170007488287324,0.3469353185236237,1,qUCB,0.46,0.04,0.4,0.0,0.0,0.0,0.0,0.0,0.02,0.0,0.0,0.0,0.0,0.04,0.04
10,5,1,4,False,1.170007488287324,0.3469353185236237,2,qUCB,0.44,0.3,0.16,0.0,0.0,0.0,0.0,0.0,0.02,0.0,0.0,0.04,0.0,0.0,0.04
10,5,1,4,False,1.170007488287324,0.3469353185236237,3,qUCB,0.0,0.0,1.0,0.0,0.0,0.0,0.0,0.0,0.0,0.0,0.0,0.0,0.0,0.0,0.0
10,5,1,4,False,1.170007488287324,0.3469353185236237,4,qUCB,0.52,0.24,0.14,0.0,0.0,0.0,0.0,0.0,0.02,0.0,0.0,0.0,0.0,0.04,0.04
10,6,0,5,False,0.4778595838373617,0.11142786129510895,0,qUCB,0.44,0.32,0.14,0.04,0.0,0.0,0.0,0.0,0.02,0.0,0.0,0.04,0.0,0.0,0.0
10,6,0,5,False,0.4778595838373617,0.11142786129510895,1,qUCB,0.52,0.3,0.14,0.0,0.0,0.0,0.0,0.0,0.0,0.0,0.0,0.04,0.0,0.0,0.0
10,6,0,5,False,0.4778595838373617,0.11142786129510895,2,qUCB,0.0,0.0,1.0,0.0,0.0,0.0,0.0,0.0,0.0,0.0,0.0,0.0,0.0,0.0,0.0
10,6,0,5,False,0.4778595838373617,0.11142786129510895,3,qUCB,0.04,0.54,0.34,0.04,0.0,0.0,0.0,0.0,0.0,0.0,0.0,0.04,0.0,0.0,0.0
10,6,0,5,False,0.4778595838373617,0.11142786129510895,4,qUCB,0.5,0.1,0.4,0.0,0.0,0.0,0.0,0.0,0.0,0.0,0.0,0.0,0.0,0.0,0.0
11,1,5,0,False,1.829251545846408,0.15634859657369393,0,qEHVI,0.42,0.18,0.3,0.04,0.0,0.0,0.0,0.0,0.0,0.0,0.0,0.04,0.0,0.0,0.02
11,1,5,0,False,1.829251545846408,0.15634859657369393,1,qEHVI,0.46,0.0,0.44,0.02,0.0,0.0,0.0,0.0,0.02,0.0,0.0,0.0,0.0,0.04,0.02
11,1,5,0,False,1.829251545846408,0.15634859657369393,2,qEHVI,0.58,0.0,0.32,0.0,0.0,0.0,0.0,0.0,0.04,0.0,0.0,0.04,0.0,0.0,0.02
11,1,5,0,False,1.829251545846408,0.15634859657369393,3,qEHVI,0.5,0.1,0.32,0.04,0.0,0.0,0.0,0.0,0.0,0.0,0.0,0.04,0.0,0.0,0.0
11,1,5,0,False,1.829251545846408,0.15634859657369393,4,qEHVI,0.56,0.36,0.0,0.0,0.02,0.0,0.0,0.0,0.02,0.0,0.0,0.0,0.0,0.0,0.04
11,2,4,1,True,1.6338887626709044,0.22589355915192488,0,qEHVI,0.42,0.18,0.3,0.04,0.0,0.0,0.0,0.0,0.0,0.0,0.0,0.04,0.0,0.0,0.02
11,2,4,1,True,1.6338887626709044,0.22589355915192488,1,qEHVI,0.46,0.0,0.44,0.02,0.0,0.0,0.0,0.0,0.02,0.0,0.0,0.0,0.0,0.04,0.02
11,2,4,1,True,1.6338887626709044,0.22589355915192488,2,qEHVI,0.58,0.0,0.32,0.0,0.0,0.0,0.0,0.0,0.04,0.0,0.0,0.04,0.0,0.0,0.02
11,2,4,1,True,1.6338887626709044,0.22589355915192488,3,qEHVI,0.5,0.1,0.32,0.04,0.0,0.0,0.0,0.0,0.0,0.0,0.0,0.04,0.0,0.0,0.0
11,2,4,1,True,1.6338887626709044,0.22589355915192488,4,qUCB,0.48,0.04,0.38,0.02,0.04,0.0,0.0,0.0,0.0,0.0,0.0,0.0,0.0,0.0,0.04
11,3,3,2,False,1.3757941708106767,0.1741482265820098,0,qEHVI,0.42,0.18,0.3,0.04,0.0,0.0,0.0,0.0,0.0,0.0,0.0,0.04,0.0,0.0,0.02
11,3,3,2,False,1.3757941708106767,0.1741482265820098,1,qEHVI,0.46,0.0,0.44,0.02,0.0,0.0,0.0,0.0,0.02,0.0,0.0,0.0,0.0,0.04,0.02
11,3,3,2,False,1.3757941708106767,0.1741482265820098,2,qEHVI,0.58,0.0,0.32,0.0,0.0,0.0,0.0,0.0,0.04,0.0,0.0,0.04,0.0,0.0,0.02
11,3,3,2,False,1.3757941708106767,0.1741482265820098,3,qUCB,0.36,0.34,0.2,0.04,0.04,0.0,0.0,0.0,0.02,0.0,0.0,0.0,0.0,0.0,0.0
11,3,3,2,False,1.3757941708106767,0.1741482265820098,4,qUCB,0.02,0.58,0.3,0.04,0.04,0.0,0.0,0.0,0.02,0.0,0.0,0.0,0.0,0.0,0.0
11,4,2,3,False,1.2034197674979175,0.22012251265365457,0,qEHVI,0.42,0.18,0.3,0.04,0.0,0.0,0.0,0.0,0.0,0.0,0.0,0.04,0.0,0.0,0.02
11,4,2,3,False,1.2034197674979175,0.22012251265365457,1,qEHVI,0.46,0.0,0.44,0.02,0.0,0.0,0.0,0.0,0.02,0.0,0.0,0.0,0.0,0.04,0.02
11,4,2,3,False,1.2034197674979175,0.22012251265365457,2,qUCB,0.5,0.02,0.4,0.0,0.04,0.0,0.0,0.0,0.04,0.0,0.0,0.0,0.0,0.0,0.0
11,4,2,3,False,1.2034197674979175,0.22012251265365457,3,qUCB,0.02,0.58,0.3,0.04,0.04,0.0,0.0,0.0,0.02,0.0,0.0,0.0,0.0,0.0,0.0
11,4,2,3,False,1.2034197674979175,0.22012251265365457,4,qUCB,0.4,0.4,0.1,0.04,0.02,0.0,0.0,0.0,0.04,0.0,0.0,0.0,0.0,0.0,0.0
11,5,1,4,False,0.8652611977425767,0.21599735653511143,0,qEHVI,0.42,0.18,0.3,0.04,0.0,0.0,0.0,0.0,0.0,0.0,0.0,0.04,0.0,0.0,0.02
11,5,1,4,False,0.8652611977425767,0.21599735653511143,1,qUCB,0.46,0.06,0.4,0.0,0.0,0.0,0.0,0.0,0.04,0.0,0.0,0.0,0.0,0.04,0.0
11,5,1,4,False,0.8652611977425767,0.21599735653511143,2,qUCB,0.5,0.02,0.4,0.0,0.04,0.0,0.0,0.0,0.04,0.0,0.0,0.0,0.0,0.0,0.0
11,5,1,4,False,0.8652611977425767,0.21599735653511143,3,qUCB,0.0,0.56,0.36,0.0,0.04,0.0,0.0,0.0,0.04,0.0,0.0,0.0,0.0,0.0,0.0
11,5,1,4,False,0.8652611977425767,0.21599735653511143,4,qUCB,0.4,0.14,0.36,0.0,0.04,0.0,0.0,0.0,0.02,0.0,0.0,0.0,0.0,0.04,0.0
11,6,0,5,False,0.641643232350731,0.4351848187688554,0,qUCB,0.44,0.32,0.14,0.04,0.0,0.0,0.0,0.0,0.0,0.0,0.0,0.04,0.0,0.0,0.02
11,6,0,5,False,0.641643232350731,0.4351848187688554,1,qUCB,0.54,0.06,0.4,0.0,0.0,0.0,0.0,0.0,0.0,0.0,0.0,0.0,0.0,0.0,0.0
11,6,0,5,False,0.641643232350731,0.4351848187688554,2,qUCB,0.0,0.54,0.36,0.04,0.02,0.0,0.0,0.0,0.0,0.0,0.0,0.04,0.0,0.0,0.0
11,6,0,5,False,0.641643232350731,0.4351848187688554,3,qUCB,0.34,0.42,0.14,0.04,0.0,0.0,0.0,0.0,0.0,0.0,0.0,0.04,0.0,0.02,0.0
11,6,0,5,False,0.641643232350731,0.4351848187688554,4,qUCB,0.5,0.0,0.4,0.04,0.0,0.0,0.0,0.0,0.04,0.0,0.0,0.0,0.0,0.0,0.02
12,1,5,0,False,1.7803824585363723,0.6991618990171755,0,qEHVI,0.44,0.16,0.3,0.04,0.02,0.0,0.0,0.0,0.02,0.0,0.0,0.02,0.0,0.0,0.0
12,1,5,0,False,1.7803824585363723,0.6991618990171755,1,qEHVI,0.5,0.08,0.34,0.0,0.0,0.0,0.0,0.0,0.02,0.0,0.0,0.04,0.0,0.02,0.0
12,1,5,0,False,1.7803824585363723,0.6991618990171755,2,qEHVI,0.48,0.0,0.42,0.02,0.0,0.0,0.0,0.0,0.0,0.0,0.0,0.04,0.0,0.02,0.02
12,1,5,0,False,1.7803824585363723,0.6991618990171755,3,qEHVI,0.58,0.36,0.0,0.0,0.0,0.0,0.0,0.0,0.04,0.0,0.0,0.0,0.0,0.0,0.02
12,1,5,0,False,1.7803824585363723,0.6991618990171755,4,qEHVI,0.5,0.1,0.3,0.0,0.02,0.0,0.0,0.0,0.0,0.0,0.0,0.04,0.0,0.02,0.02
12,2,4,1,True,1.6181970252936146,0.5662891819603777,0,qEHVI,0.44,0.16,0.3,0.04,0.02,0.0,0.0,0.0,0.02,0.0,0.0,0.02,0.0,0.0,0.0
12,2,4,1,True,1.6181970252936146,0.5662891819603777,1,qEHVI,0.5,0.08,0.34,0.0,0.0,0.0,0.0,0.0,0.02,0.0,0.0,0.04,0.0,0.02,0.0
12,2,4,1,True,1.6181970252936146,0.5662891819603777,2,qEHVI,0.48,0.0,0.42,0.02,0.0,0.0,0.0,0.0,0.0,0.0,0.0,0.04,0.0,0.02,0.02
12,2,4,1,True,1.6181970252936146,0.5662891819603777,3,qEHVI,0.58,0.36,0.0,0.0,0.0,0.0,0.0,0.0,0.04,0.0,0.0,0.0,0.0,0.0,0.02
12,2,4,1,True,1.6181970252936146,0.5662891819603777,4,qUCB,0.44,0.08,0.38,0.0,0.04,0.0,0.0,0.0,0.0,0.0,0.0,0.0,0.0,0.04,0.02
12,3,3,2,False,1.3581538091939749,0.14783005408386662,0,qEHVI,0.44,0.16,0.3,0.04,0.02,0.0,0.0,0.0,0.02,0.0,0.0,0.02,0.0,0.0,0.0
12,3,3,2,False,1.3581538091939749,0.14783005408386662,1,qEHVI,0.5,0.08,0.34,0.0,0.0,0.0,0.0,0.0,0.02,0.0,0.0,0.04,0.0,0.02,0.0
12,3,3,2,False,1.3581538091939749,0.14783005408386662,2,qEHVI,0.48,0.0,0.42,0.02,0.0,0.0,0.0,0.0,0.0,0.0,0.0,0.04,0.0,0.02,0.02
12,3,3,2,False,1.3581538091939749,0.14783005408386662,3,qUCB,0.44,0.08,0.38,0.0,0.04,0.0,0.0,0.0,0.0,0.0,0.0,0.0,0.0,0.04,0.02
12,3,3,2,False,1.3581538091939749,0.14783005408386662,4,qUCB,0.0,0.56,0.38,0.0,0.02,0.0,0.0,0.0,0.0,0.0,0.0,0.0,0.0,0.0,0.04
12,4,2,3,False,1.0662045950104087,0.33225442750186285,0,qEHVI,0.44,0.16,0.3,0.04,0.02,0.0,0.0,0.0,0.02,0.0,0.0,0.02,0.0,0.0,0.0
12,4,2,3,False,1.0662045950104087,0.33225442750186285,1,qEHVI,0.5,0.08,0.34,0.0,0.0,0.0,0.0,0.0,0.02,0.0,0.0,0.04,0.0,0.02,0.0
12,4,2,3,False,1.0662045950104087,0.33225442750186285,2,qUCB,0.44,0.08,0.38,0.0,0.04,0.0,0.0,0.0,0.0,0.0,0.0,0.0,0.0,0.04,0.02
12,4,2,3,False,1.0662045950104087,0.33225442750186285,3,qUCB,0.0,0.56,0.38,0.0,0.02,0.0,0.0,0.0,0.0,0.0,0.0,0.0,0.0,0.0,0.04
12,4,2,3,False,1.0662045950104087,0.33225442750186285,4,qUCB,0.48,0.2,0.22,0.02,0.0,0.0,0.0,0.0,0.0,0.0,0.0,0.0,0.0,0.04,0.04
12,5,1,4,False,0.8564795600640736,0.28652592458446235,0,qEHVI,0.44,0.16,0.3,0.04,0.02,0.0,0.0,0.0,0.02,0.0,0.0,0.02,0.0,0.0,0.0
12,5,1,4,False,0.8564795600640736,0.28652592458446235,1,qUCB,0.52,0.02,0.36,0.0,0.0,0.0,0.0,0.0,0.02,0.0,0.0,0.0,0.0,0.04,0.04
12,5,1,4,False,0.8564795600640736,0.28652592458446235,2,qUCB,0.4,0.12,0.38,0.0,0.0,0.0,0.0,0.0,0.02,0.0,0.0,0.0,0.0,0.04,0.04
12,5,1,4,False,0.8564795600640736,0.28652592458446235,3,qUCB,0.42,0.2,0.3,0.0,0.0,0.0,0.0,0.0,0.0,0.0,0.0,0.0,0.0,0.04,0.04
12,5,1,4,False,0.8564795600640736,0.28652592458446235,4,qUCB,0.0,0.56,0.38,0.0,0.02,0.0,0.0,0.0,0.0,0.0,0.0,0.0,0.0,0.0,0.04
12,6,0,5,False,0.39416461987063905,0.38469259870876993,0,qUCB,0.44,0.3,0.16,0.04,0.0,0.0,0.0,0.0,0.0,0.0,0.0,0.04,0.0,0.0,0.02
12,6,0,5,False,0.39416461987063905,0.38469259870876993,1,qUCB,0.02,0.56,0.36,0.04,0.0,0.0,0.0,0.0,0.02,0.0,0.0,0.0,0.0,0.0,0.0
12,6,0,5,False,0.39416461987063905,0.38469259870876993,2,qUCB,0.32,0.46,0.12,0.04,0.0,0.0,0.0,0.0,0.02,0.0,0.0,0.04,0.0,0.0,0.0
12,6,0,5,False,0.39416461987063905,0.38469259870876993,3,qUCB,0.4,0.12,0.4,0.0,0.0,0.0,0.0,0.0,0.0,0.0,0.0,0.04,0.0,0.04,0.0
12,6,0,5,False,0.39416461987063905,0.38469259870876993,4,qUCB,0.52,0.26,0.12,0.04,0.0,0.0,0.0,0.0,0.02,0.0,0.0,0.0,0.0,0.04,0.0
13,1,5,0,False,1.4881310501313183,0.5420287707899849,0,qEHVI,0.42,0.18,0.3,0.04,0.0,0.0,0.0,0.0,0.0,0.0,0.0,0.0,0.0,0.04,0.02
13,1,5,0,False,1.4881310501313183,0.5420287707899849,1,qEHVI,0.5,0.08,0.32,0.0,0.0,0.0,0.0,0.0,0.04,0.0,0.0,0.0,0.0,0.04,0.02
13,1,5,0,False,1.4881310501313183,0.5420287707899849,2,qEHVI,0.46,0.02,0.42,0.02,0.02,0.0,0.0,0.0,0.04,0.0,0.0,0.0,0.0,0.02,0.0
13,1,5,0,False,1.4881310501313183,0.5420287707899849,3,qEHVI,0.46,0.14,0.3,0.02,0.0,0.0,0.0,0.0,0.04,0.0,0.0,0.02,0.0,0.0,0.02
13,1,5,0,False,1.4881310501313183,0.5420287707899849,4,qEHVI,0.44,0.2,0.26,0.04,0.0,0.0,0.0,0.0,0.0,0.0,0.0,0.0,0.0,0.04,0.02
13,2,4,1,True,1.3945483328019732,0.5682352832806981,0,qEHVI,0.42,0.18,0.3,0.04,0.0,0.0,0.0,0.0,0.0,0.0,0.0,0.0,0.0,0.04,0.02
13,2,4,1,True,1.3945483328019732,0.5682352832806981,1,qEHVI,0.5,0.08,0.32,0.0,0.0,0.0,0.0,0.0,0.04,0.0,0.0,0.0,0.0,0.04,0.02
13,2,4,1,True,1.3945483328019732,0.5682352832806981,2,qEHVI,0.46,0.02,0.42,0.02,0.02,0.0,0.0,0.0,0.04,0.0,0.0,0.0,0.0,0.02,0.0
13,2,4,1,True,1.3945483328019732,0.5682352832806981,3,qEHVI,0.46,0.14,0.3,0.02,0.0,0.0,0.0,0.0,0.04,0.0,0.0,0.02,0.0,0.0,0.02
13,2,4,1,True,1.3945483328019732,0.5682352832806981,4,qUCB,0.46,0.1,0.36,0.0,0.04,0.0,0.0,0.0,0.0,0.0,0.0,0.04,0.0,0.0,0.0
13,3,3,2,False,1.2624267665283044,0.39705817873314864,0,qEHVI,0.42,0.18,0.3,0.04,0.0,0.0,0.0,0.0,0.0,0.0,0.0,0.0,0.0,0.04,0.02
13,3,3,2,False,1.2624267665283044,0.39705817873314864,1,qEHVI,0.5,0.08,0.32,0.0,0.0,0.0,0.0,0.0,0.04,0.0,0.0,0.0,0.0,0.04,0.02
13,3,3,2,False,1.2624267665283044,0.39705817873314864,2,qEHVI,0.46,0.02,0.42,0.02,0.02,0.0,0.0,0.0,0.04,0.0,0.0,0.0,0.0,0.02,0.0
13,3,3,2,False,1.2624267665283044,0.39705817873314864,3,qUCB,0.44,0.16,0.32,0.0,0.0,0.0,0.0,0.0,0.0,0.0,0.0,0.04,0.0,0.0,0.04
13,3,3,2,False,1.2624267665283044,0.39705817873314864,4,qUCB,0.0,0.76,0.2,0.0,0.0,0.0,0.0,0.0,0.0,0.0,0.0,0.04,0.0,0.0,0.0
13,4,2,3,False,0.9272240247869642,0.3082929063096624,0,qEHVI,0.42,0.18,0.3,0.04,0.0,0.0,0.0,0.0,0.0,0.0,0.0,0.0,0.0,0.04,0.02
13,4,2,3,False,0.9272240247869642,0.3082929063096624,1,qEHVI,0.5,0.08,0.32,0.0,0.0,0.0,0.0,0.0,0.04,0.0,0.0,0.0,0.0,0.04,0.02
13,4,2,3,False,0.9272240247869642,0.3082929063096624,2,qUCB,0.46,0.1,0.36,0.0,0.04,0.0,0.0,0.0,0.0,0.0,0.0,0.04,0.0,0.0,0.0
13,4,2,3,False,0.9272240247869642,0.3082929063096624,3,qUCB,0.0,0.52,0.38,0.04,0.04,0.0,0.0,0.0,0.02,0.0,0.0,0.0,0.0,0.0,0.0
13,4,2,3,False,0.9272240247869642,0.3082929063096624,4,qUCB,0.34,0.3,0.28,0.0,0.04,0.0,0.0,0.0,0.0,0.0,0.0,0.04,0.0,0.0,0.0
13,5,1,4,False,0.7205908208471931,0.48923124720555355,0,qEHVI,0.42,0.18,0.3,0.04,0.0,0.0,0.0,0.0,0.0,0.0,0.0,0.0,0.0,0.04,0.02
13,5,1,4,False,0.7205908208471931,0.48923124720555355,1,qUCB,0.42,0.1,0.38,0.0,0.04,0.0,0.0,0.0,0.04,0.0,0.0,0.02,0.0,0.0,0.0
13,5,1,4,False,0.7205908208471931,0.48923124720555355,2,qUCB,0.0,0.52,0.38,0.04,0.04,0.0,0.0,0.0,0.02,0.0,0.0,0.0,0.0,0.0,0.0
13,5,1,4,False,0.7205908208471931,0.48923124720555355,3,qUCB,0.36,0.28,0.26,0.0,0.04,0.0,0.0,0.0,0.04,0.0,0.0,0.02,0.0,0.0,0.0
13,5,1,4,False,0.7205908208471931,0.48923124720555355,4,qUCB,0.56,0.24,0.1,0.0,0.04,0.0,0.0,0.0,0.04,0.0,0.0,0.02,0.0,0.0,0.0
13,6,0,5,False,0.3858904826844471,0.4597325879764842,0,qUCB,0.44,0.32,0.14,0.04,0.0,0.0,0.0,0.0,0.0,0.0,0.0,0.04,0.0,0.02,0.0
13,6,0,5,False,0.3858904826844471,0.4597325879764842,1,qUCB,0.02,0.58,0.34,0.04,0.0,0.0,0.0,0.0,0.02,0.0,0.0,0.0,0.0,0.0,0.0
13,6,0,5,False,0.3858904826844471,0.4597325879764842,2,qUCB,0.34,0.46,0.1,0.04,0.0,0.0,0.0,0.0,0.02,0.0,0.0,0.04,0.0,0.0,0.0
13,6,0,5,False,0.3858904826844471,0.4597325879764842,3,qUCB,0.48,0.32,0.1,0.04,0.0,0.0,0.0,0.0,0.02,0.0,0.0,0.0,0.0,0.0,0.04
13,6,0,5,False,0.3858904826844471,0.4597325879764842,4,qUCB,0.0,0.62,0.28,0.04,0.0,0.0,0.0,0.0,0.0,0.0,0.0,0.04,0.0,0.0,0.02
14,1,5,0,False,5.252587597131698,0.41032089574087394,0,qEHVI,0.38,0.16,0.38,0.0,0.0,0.0,0.0,0.0,0.04,0.0,0.0,0.0,0.0,0.04,0.0
14,1,5,0,False,5.252587597131698,0.41032089574087394,1,qEHVI,0.6,0.26,0.08,0.04,0.0,0.0,0.0,0.0,0.0,0.0,0.0,0.0,0.0,0.02,0.0
14,1,5,0,False,5.252587597131698,0.41032089574087394,2,qEHVI,0.64,0.18,0.08,0.0,0.02,0.0,0.0,0.0,0.0,0.0,0.0,0.04,0.0,0.04,0.0
14,1,5,0,False,5.252587597131698,0.41032089574087394,3,qEHVI,0.38,0.18,0.34,0.02,0.04,0.0,0.0,0.0,0.04,0.0,0.0,0.0,0.0,0.0,0.0
14,1,5,0,False,5.252587597131698,0.41032089574087394,4,qEHVI,0.66,0.16,0.08,0.04,0.0,0.0,0.0,0.0,0.0,0.0,0.0,0.04,0.0,0.0,0.02
14,2,4,1,True,5.0666747158054,1.2261828011035352,0,qEHVI,0.38,0.16,0.38,0.0,0.0,0.0,0.0,0.0,0.04,0.0,0.0,0.0,0.0,0.04,0.0
14,2,4,1,True,5.0666747158054,1.2261828011035352,1,qEHVI,0.6,0.26,0.08,0.04,0.0,0.0,0.0,0.0,0.0,0.0,0.0,0.0,0.0,0.02,0.0
14,2,4,1,True,5.0666747158054,1.2261828011035352,2,qEHVI,0.64,0.18,0.08,0.0,0.02,0.0,0.0,0.0,0.0,0.0,0.0,0.04,0.0,0.04,0.0
14,2,4,1,True,5.0666747158054,1.2261828011035352,3,qEHVI,0.76,0.08,0.06,0.04,0.0,0.0,0.0,0.0,0.0,0.0,0.0,0.0,0.0,0.04,0.02
14,2,4,1,True,5.0666747158054,1.2261828011035352,4,qUCB,0.54,0.28,0.08,0.02,0.04,0.0,0.0,0.0,0.0,0.0,0.0,0.0,0.0,0.0,0.04
14,3,3,2,False,4.835336848009057,0.5394734641643346,0,qEHVI,0.38,0.16,0.38,0.0,0.0,0.0,0.0,0.0,0.04,0.0,0.0,0.0,0.0,0.04,0.0
14,3,3,2,False,4.835336848009057,0.5394734641643346,1,qEHVI,0.6,0.26,0.08,0.04,0.0,0.0,0.0,0.0,0.0,0.0,0.0,0.0,0.0,0.02,0.0
14,3,3,2,False,4.835336848009057,0.5394734641643346,2,qEHVI,0.64,0.18,0.08,0.0,0.02,0.0,0.0,0.0,0.0,0.0,0.0,0.04,0.0,0.04,0.0
14,3,3,2,False,4.835336848009057,0.5394734641643346,3,qUCB,0.54,0.28,0.08,0.02,0.04,0.0,0.0,0.0,0.0,0.0,0.0,0.0,0.0,0.0,0.04
14,3,3,2,False,4.835336848009057,0.5394734641643346,4,qUCB,0.0,0.54,0.36,0.0,0.04,0.0,0.0,0.0,0.02,0.0,0.0,0.0,0.0,0.0,0.04
14,4,2,3,False,4.489768373264663,0.3579399786596493,0,qEHVI,0.38,0.16,0.38,0.0,0.0,0.0,0.0,0.0,0.04,0.0,0.0,0.0,0.0,0.04,0.0
14,4,2,3,False,4.489768373264663,0.3579399786596493,1,qEHVI,0.6,0.26,0.08,0.04,0.0,0.0,0.0,0.0,0.0,0.0,0.0,0.0,0.0,0.02,0.0
14,4,2,3,False,4.489768373264663,0.3579399786596493,2,qUCB,0.0,0.58,0.32,0.0,0.04,0.0,0.0,0.0,0.0,0.0,0.0,0.04,0.0,0.0,0.02
14,4,2,3,False,4.489768373264663,0.3579399786596493,3,qUCB,0.62,0.18,0.1,0.0,0.04,0.0,0.0,0.0,0.0,0.0,0.0,0.02,0.0,0.0,0.04
14,4,2,3,False,4.489768373264663,0.3579399786596493,4,qUCB,0.02,0.28,0.62,0.0,0.04,0.0,0.0,0.0,0.0,0.0,0.0,0.04,0.0,0.0,0.0
14,5,1,4,False,4.914642316754842,0.47567440225570223,0,qEHVI,0.38,0.16,0.38,0.0,0.0,0.0,0.0,0.0,0.04,0.0,0.0,0.0,0.0,0.04,0.0
14,5,1,4,False,4.914642316754842,0.47567440225570223,1,qUCB,0.48,0.32,0.12,0.04,0.04,0.0,0.0,0.0,0.0,0.0,0.0,0.0,0.0,0.0,0.0
14,5,1,4,False,4.914642316754842,0.47567440225570223,2,qUCB,0.66,0.16,0.08,0.04,0.0,0.0,0.0,0.0,0.0,0.0,0.0,0.04,0.0,0.0,0.02
14,5,1,4,False,4.914642316754842,0.47567440225570223,3,qUCB,0.0,0.56,0.36,0.0,0.04,0.0,0.0,0.0,0.0,0.0,0.0,0.04,0.0,0.0,0.0
14,5,1,4,False,4.914642316754842,0.47567440225570223,4,qUCB,0.02,0.28,0.62,0.04,0.0,0.0,0.0,0.0,0.0,0.0,0.0,0.0,0.0,0.0,0.04
14,6,0,5,False,3.519376157462277,0.3023131333109461,0,qUCB,0.48,0.32,0.12,0.04,0.04,0.0,0.0,0.0,0.0,0.0,0.0,0.0,0.0,0.0,0.0
14,6,0,5,False,3.519376157462277,0.3023131333109461,1,qUCB,0.02,0.58,0.36,0.0,0.0,0.0,0.0,0.0,0.02,0.0,0.0,0.0,0.0,0.02,0.0
14,6,0,5,False,3.519376157462277,0.3023131333109461,2,qUCB,0.66,0.16,0.08,0.04,0.0,0.0,0.0,0.0,0.0,0.0,0.0,0.04,0.0,0.0,0.02
14,6,0,5,False,3.519376157462277,0.3023131333109461,3,qUCB,0.0,0.38,0.62,0.0,0.0,0.0,0.0,0.0,0.0,0.0,0.0,0.0,0.0,0.0,0.0
14,6,0,5,False,3.519376157462277,0.3023131333109461,4,qUCB,0.0,0.56,0.38,0.04,0.0,0.0,0.0,0.0,0.0,0.0,0.0,0.0,0.0,0.0,0.02
15,1,5,0,False,1.4035851722690436,0.49140292176737255,0,qEHVI,0.42,0.16,0.32,0.02,0.0,0.0,0.0,0.0,0.04,0.0,0.0,0.04,0.0,0.0,0.0
15,1,5,0,False,1.4035851722690436,0.49140292176737255,1,qEHVI,0.48,0.06,0.4,0.0,0.0,0.0,0.0,0.0,0.0,0.0,0.0,0.02,0.0,0.04,0.0
15,1,5,0,False,1.4035851722690436,0.49140292176737255,2,qEHVI,0.42,0.14,0.34,0.0,0.0,0.0,0.0,0.0,0.04,0.0,0.0,0.04,0.0,0.02,0.0
15,1,5,0,False,1.4035851722690436,0.49140292176737255,3,qEHVI,0.42,0.2,0.3,0.0,0.0,0.0,0.0,0.0,0.0,0.0,0.0,0.02,0.0,0.04,0.02
15,1,5,0,False,1.4035851722690436,0.49140292176737255,4,qEHVI,0.46,0.0,0.44,0.04,0.0,0.0,0.0,0.0,0.0,0.0,0.0,0.0,0.0,0.02,0.04
15,2,4,1,True,1.328204653096102,0.6415015605797141,0,qEHVI,0.42,0.16,0.32,0.02,0.0,0.0,0.0,0.0,0.04,0.0,0.0,0.04,0.0,0.0,0.0
15,2,4,1,True,1.328204653096102,0.6415015605797141,1,qEHVI,0.48,0.06,0.4,0.0,0.0,0.0,0.0,0.0,0.0,0.0,0.0,0.02,0.0,0.04,0.0
15,2,4,1,True,1.328204653096102,0.6415015605797141,2,qEHVI,0.42,0.14,0.34,0.0,0.0,0.0,0.0,0.0,0.04,0.0,0.0,0.04,0.0,0.02,0.0
15,2,4,1,True,1.328204653096102,0.6415015605797141,3,qEHVI,0.42,0.2,0.3,0.0,0.0,0.0,0.0,0.0,0.0,0.0,0.0,0.02,0.0,0.04,0.02
15,2,4,1,True,1.328204653096102,0.6415015605797141,4,qUCB,0.4,0.16,0.34,0.04,0.04,0.0,0.0,0.0,0.0,0.0,0.0,0.0,0.0,0.0,0.02
15,3,3,2,False,1.1252121501683032,0.14925978729861988,0,qEHVI,0.42,0.16,0.32,0.02,0.0,0.0,0.0,0.0,0.04,0.0,0.0,0.04,0.0,0.0,0.0
15,3,3,2,False,1.1252121501683032,0.14925978729861988,1,qEHVI,0.48,0.06,0.4,0.0,0.0,0.0,0.0,0.0,0.0,0.0,0.0,0.02,0.0,0.04,0.0
15,3,3,2,False,1.1252121501683032,0.14925978729861988,2,qEHVI,0.42,0.14,0.34,0.0,0.0,0.0,0.0,0.0,0.04,0.0,0.0,0.04,0.0,0.02,0.0
15,3,3,2,False,1.1252121501683032,0.14925978729861988,3,qUCB,0.5,0.06,0.34,0.0,0.04,0.0,0.0,0.0,0.02,0.0,0.0,0.0,0.0,0.0,0.04
15,3,3,2,False,1.1252121501683032,0.14925978729861988,4,qUCB,0.0,0.58,0.34,0.04,0.04,0.0,0.0,0.0,0.0,0.0,0.0,0.0,0.0,0.0,0.0
15,4,2,3,False,0.9741073293008896,0.05284409572894555,0,qEHVI,0.42,0.16,0.32,0.02,0.0,0.0,0.0,0.0,0.04,0.0,0.0,0.04,0.0,0.0,0.0
15,4,2,3,False,0.9741073293008896,0.05284409572894555,1,qEHVI,0.48,0.06,0.4,0.0,0.0,0.0,0.0,0.0,0.0,0.0,0.0,0.02,0.0,0.04,0.0
15,4,2,3,False,0.9741073293008896,0.05284409572894555,2,qUCB,0.5,0.06,0.34,0.0,0.04,0.0,0.0,0.0,0.02,0.0,0.0,0.0,0.0,0.0,0.04
15,4,2,3,False,0.9741073293008896,0.05284409572894555,3,qUCB,0.0,0.58,0.34,0.04,0.04,0.0,0.0,0.0,0.0,0.0,0.0,0.0,0.0,0.0,0.0
15,4,2,3,False,0.9741073293008896,0.05284409572894555,4,qUCB,0.36,0.1,0.44,0.04,0.02,0.0,0.0,0.0,0.0,0.0,0.0,0.0,0.0,0.0,0.04
15,5,1,4,False,0.8833550380380234,0.06445233314437182,0,qEHVI,0.42,0.16,0.32,0.02,0.0,0.0,0.0,0.0,0.04,0.0,0.0,0.04,0.0,0.0,0.0
15,5,1,4,False,0.8833550380380234,0.06445233314437182,1,qUCB,0.42,0.08,0.4,0.0,0.04,0.0,0.0,0.0,0.0,0.0,0.0,0.0,0.0,0.04,0.02
15,5,1,4,False,0.8833550380380234,0.06445233314437182,2,qUCB,0.38,0.26,0.26,0.0,0.04,0.0,0.0,0.0,0.0,0.0,0.0,0.0,0.0,0.04,0.02
15,5,1,4,False,0.8833550380380234,0.06445233314437182,3,qUCB,0.0,0.58,0.34,0.04,0.04,0.0,0.0,0.0,0.0,0.0,0.0,0.0,0.0,0.0,0.0
15,5,1,4,False,0.8833550380380234,0.06445233314437182,4,qUCB,0.58,0.0,0.32,0.0,0.04,0.0,0.0,0.0,0.0,0.0,0.0,0.0,0.0,0.04,0.02
15,6,0,5,False,0.4961385558838196,0.12505443564440633,0,qUCB,0.46,0.12,0.38,0.0,0.0,0.0,0.0,0.0,0.0,0.0,0.0,0.0,0.0,0.04,0.0
15,6,0,5,False,0.4961385558838196,0.12505443564440633,1,qUCB,0.0,0.58,0.36,0.04,0.0,0.0,0.0,0.0,0.0,0.0,0.0,0.0,0.0,0.0,0.02
15,6,0,5,False,0.4961385558838196,0.12505443564440633,2,qUCB,0.5,0.0,0.4,0.04,0.0,0.0,0.0,0.0,0.02,0.0,0.0,0.04,0.0,0.0,0.0
15,6,0,5,False,0.4961385558838196,0.12505443564440633,3,qUCB,0.0,0.8200000000000001,0.18,0.0,0.0,0.0,0.0,0.0,0.0,0.0,0.0,0.0,0.0,0.0,0.0
15,6,0,5,False,0.4961385558838196,0.12505443564440633,4,qUCB,0.4,0.1,0.4,0.0,0.0,0.0,0.0,0.0,0.0,0.0,0.0,0.04,0.0,0.04,0.02
16,1,5,0,False,2.9203708144080576,0.24246642317133116,0,qEHVI,0.0,0.64,0.34,0.0,0.0,0.0,0.0,0.0,0.0,0.0,0.0,0.0,0.0,0.02,0.0
16,1,5,0,False,2.9203708144080576,0.24246642317133116,1,qEHVI,0.4,0.16,0.38,0.02,0.0,0.0,0.0,0.0,0.0,0.0,0.0,0.0,0.0,0.04,0.0
16,1,5,0,False,2.9203708144080576,0.24246642317133116,2,qEHVI,0.1,0.42,0.38,0.04,0.02,0.0,0.0,0.0,0.0,0.0,0.0,0.0,0.0,0.02,0.02
16,1,5,0,False,2.9203708144080576,0.24246642317133116,3,qEHVI,0.02,0.56,0.36,0.04,0.02,0.0,0.0,0.0,0.0,0.0,0.0,0.0,0.0,0.0,0.0
16,1,5,0,False,2.9203708144080576,0.24246642317133116,4,qEHVI,0.0,0.34,0.62,0.0,0.0,0.0,0.0,0.0,0.02,0.0,0.0,0.02,0.0,0.0,0.0
16,2,4,1,True,2.6177906074867368,1.2337688196233252,0,qEHVI,0.0,0.64,0.34,0.0,0.0,0.0,0.0,0.0,0.0,0.0,0.0,0.0,0.0,0.02,0.0
16,2,4,1,True,2.6177906074867368,1.2337688196233252,1,qEHVI,0.18,0.34,0.38,0.04,0.02,0.0,0.0,0.0,0.04,0.0,0.0,0.0,0.0,0.0,0.0
16,2,4,1,True,2.6177906074867368,1.2337688196233252,2,qEHVI,0.4,0.16,0.38,0.02,0.0,0.0,0.0,0.0,0.0,0.0,0.0,0.0,0.0,0.04,0.0
16,2,4,1,True,2.6177906074867368,1.2337688196233252,3,qEHVI,0.0,0.66,0.3,0.0,0.0,0.0,0.0,0.0,0.0,0.0,0.0,0.04,0.0,0.0,0.0
16,2,4,1,True,2.6177906074867368,1.2337688196233252,4,qUCB,0.06,0.5,0.34,0.0,0.04,0.0,0.0,0.0,0.02,0.0,0.0,0.0,0.0,0.0,0.04
16,3,3,2,False,2.6141609657814318,0.039109633818426914,0,qEHVI,0.0,0.64,0.34,0.0,0.0,0.0,0.0,0.0,0.0,0.0,0.0,0.0,0.0,0.02,0.0
16,3,3,2,False,2.6141609657814318,0.039109633818426914,1,qEHVI,0.4,0.16,0.38,0.02,0.0,0.0,0.0,0.0,0.0,0.0,0.0,0.0,0.0,0.04,0.0
16,3,3,2,False,2.6141609657814318,0.039109633818426914,2,qEHVI,0.04,0.5,0.36,0.04,0.0,0.0,0.0,0.0,0.02,0.0,0.0,0.0,0.0,0.0,0.04
16,3,3,2,False,2.6141609657814318,0.039109633818426914,3,qUCB,0.06,0.46,0.38,0.04,0.04,0.0,0.0,0.0,0.0,0.0,0.0,0.02,0.0,0.0,0.0
16,3,3,2,False,2.6141609657814318,0.039109633818426914,4,qUCB,0.0,0.3,0.6,0.0,0.04,0.0,0.0,0.0,0.04,0.0,0.0,0.0,0.0,0.02,0.0
16,4,2,3,False,2.079271550948858,0.019001662354748206,0,qEHVI,0.0,0.64,0.34,0.0,0.0,0.0,0.0,0.0,0.0,0.0,0.0,0.0,0.0,0.02,0.0
16,4,2,3,False,2.079271550948858,0.019001662354748206,1,qEHVI,0.18,0.34,0.38,0.04,0.02,0.0,0.0,0.0,0.04,0.0,0.0,0.0,0.0,0.0,0.0
16,4,2,3,False,2.079271550948858,0.019001662354748206,2,qUCB,0.0,0.54,0.36,0.0,0.0,0.0,0.0,0.0,0.02,0.0,0.0,0.04,0.0,0.0,0.04
16,4,2,3,False,2.079271550948858,0.019001662354748206,3,qUCB,0.0,0.3,0.62,0.0,0.0,0.0,0.0,0.0,0.04,0.0,0.0,0.0,0.0,0.0,0.04
16,4,2,3,False,2.079271550948858,0.019001662354748206,4,qUCB,0.04,0.48,0.38,0.04,0.0,0.0,0.0,0.0,0.0,0.0,0.0,0.02,0.0,0.0,0.04
16,5,1,4,False,2.2000623559819044,0.15317159334114905,0,qEHVI,0.0,0.64,0.34,0.0,0.0,0.0,0.0,0.0,0.0,0.0,0.0,0.0,0.0,0.02,0.0
16,5,1,4,False,2.2000623559819044,0.15317159334114905,1,qUCB,0.0,0.54,0.36,0.0,0.0,0.0,0.0,0.0,0.02,0.0,0.0,0.04,0.0,0.0,0.04
16,5,1,4,False,2.2000623559819044,0.15317159334114905,2,qUCB,0.8,0.0,0.12,0.0,0.0,0.0,0.0,0.0,0.04,0.0,0.0,0.0,0.0,0.0,0.04
16,5,1,4,False,2.2000623559819044,0.15317159334114905,3,qUCB,0.0,0.3,0.62,0.0,0.0,0.0,0.0,0.0,0.04,0.0,0.0,0.0,0.0,0.0,0.04
16,5,1,4,False,2.2000623559819044,0.15317159334114905,4,qUCB,0.0,0.52,0.38,0.04,0.0,0.0,0.0,0.0,0.04,0.0,0.0,0.0,0.0,0.0,0.02
16,6,0,5,False,2.477933354808488,0.2601740642200383,0,qUCB,0.0,0.64,0.34,0.0,0.0,0.0,0.0,0.0,0.0,0.0,0.0,0.0,0.0,0.02,0.0
16,6,0,5,False,2.477933354808488,0.2601740642200383,1,qUCB,0.0,0.34,0.62,0.0,0.0,0.0,0.0,0.0,0.02,0.0,0.0,0.02,0.0,0.0,0.0
16,6,0,5,False,2.477933354808488,0.2601740642200383,2,qUCB,0.0,0.54,0.38,0.04,0.0,0.0,0.0,0.0,0.04,0.0,0.0,0.0,0.0,0.0,0.0
16,6,0,5,False,2.477933354808488,0.2601740642200383,3,qUCB,0.0,0.64,0.32,0.02,0.02,0.0,0.0,0.0,0.0,0.0,0.0,0.0,0.0,0.0,0.0
16,6,0,5,False,2.477933354808488,0.2601740642200383,4,qUCB,0.06,0.48,0.36,0.0,0.04,0.0,0.0,0.0,0.02,0.0,0.0,0.0,0.0,0.04,0.0
17,1,5,0,False,2.1322822254644733,0.08150897557971071,0,qEHVI,0.44,0.0,0.48,0.04,0.0,0.0,0.0,0.0,0.0,0.0,0.0,0.04,0.0,0.0,0.0
17,1,5,0,False,2.1322822254644733,0.08150897557971071,1,qEHVI,0.84,0.0,0.08,0.0,0.04,0.0,0.0,0.0,0.0,0.0,0.0,0.0,0.0,0.0,0.04
17,1,5,0,False,2.1322822254644733,0.08150897557971071,2,qEHVI,0.58,0.06,0.28,0.04,0.0,0.0,0.0,0.0,0.04,0.0,0.0,0.0,0.0,0.0,0.0
17,1,5,0,False,2.1322822254644733,0.08150897557971071,3,qEHVI,0.42,0.12,0.38,0.02,0.0,0.0,0.0,0.0,0.0,0.0,0.0,0.02,0.0,0.04,0.0
17,1,5,0,False,2.1322822254644733,0.08150897557971071,4,qEHVI,0.0,0.28,0.62,0.04,0.0,0.0,0.0,0.0,0.02,0.0,0.0,0.02,0.0,0.0,0.02
17,2,4,1,False,1.722737797401566,0.2006078616806537,0,qEHVI,0.44,0.0,0.48,0.04,0.0,0.0,0.0,0.0,0.0,0.0,0.0,0.04,0.0,0.0,0.0
17,2,4,1,False,1.722737797401566,0.2006078616806537,1,qEHVI,0.84,0.0,0.08,0.0,0.04,0.0,0.0,0.0,0.0,0.0,0.0,0.0,0.0,0.0,0.04
17,2,4,1,False,1.722737797401566,0.2006078616806537,2,qEHVI,0.58,0.06,0.28,0.04,0.0,0.0,0.0,0.0,0.04,0.0,0.0,0.0,0.0,0.0,0.0
17,2,4,1,False,1.722737797401566,0.2006078616806537,3,qEHVI,0.0,0.28,0.62,0.04,0.0,0.0,0.0,0.0,0.02,0.0,0.0,0.02,0.0,0.0,0.02
17,2,4,1,False,1.722737797401566,0.2006078616806537,4,qUCB,0.04,0.26,0.62,0.0,0.04,0.0,0.0,0.0,0.0,0.0,0.0,0.0,0.0,0.04,0.0
17,3,3,2,True,1.6396663664544184,0.49682851209648327,0,qEHVI,0.44,0.0,0.48,0.04,0.0,0.0,0.0,0.0,0.0,0.0,0.0,0.04,0.0,0.0,0.0
17,3,3,2,True,1.6396663664544184,0.49682851209648327,1,qEHVI,0.84,0.0,0.08,0.0,0.04,0.0,0.0,0.0,0.0,0.0,0.0,0.0,0.0,0.0,0.04
17,3,3,2,True,1.6396663664544184,0.49682851209648327,2,qEHVI,0.58,0.06,0.28,0.04,0.0,0.0,0.0,0.0,0.04,0.0,0.0,0.0,0.0,0.0,0.0
17,3,3,2,True,1.6396663664544184,0.49682851209648327,3,qUCB,0.0,0.3,0.64,0.0,0.02,0.0,0.0,0.0,0.0,0.0,0.0,0.0,0.0,0.04,0.0
17,3,3,2,True,1.6396663664544184,0.49682851209648327,4,qUCB,0.0,0.88,0.12,0.0,0.0,0.0,0.0,0.0,0.0,0.0,0.0,0.0,0.0,0.0,0.0
17,4,2,3,False,1.372106551659568,0.14559492709386035,0,qEHVI,0.44,0.0,0.48,0.04,0.0,0.0,0.0,0.0,0.0,0.0,0.0,0.04,0.0,0.0,0.0
17,4,2,3,False,1.372106551659568,0.14559492709386035,1,qEHVI,0.84,0.0,0.08,0.0,0.04,0.0,0.0,0.0,0.0,0.0,0.0,0.0,0.0,0.0,0.04
17,4,2,3,False,1.372106551659568,0.14559492709386035,2,qUCB,0.0,0.26,0.64,0.0,0.02,0.0,0.0,0.0,0.04,0.0,0.0,0.0,0.0,0.04,0.0
17,4,2,3,False,1.372106551659568,0.14559492709386035,3,qUCB,0.0,0.88,0.12,0.0,0.0,0.0,0.0,0.0,0.0,0.0,0.0,0.0,0.0,0.0,0.0
17,4,2,3,False,1.372106551659568,0.14559492709386035,4,qUCB,0.0,0.36,0.6,0.0,0.0,0.0,0.0,0.0,0.0,0.0,0.0,0.0,0.0,0.02,0.02
17,5,1,4,False,1.3917262626244584,0.04657307300609759,0,qEHVI,0.44,0.0,0.48,0.04,0.0,0.0,0.0,0.0,0.0,0.0,0.0,0.04,0.0,0.0,0.0
17,5,1,4,False,1.3917262626244584,0.04657307300609759,1,qUCB,0.84,0.0,0.08,0.0,0.04,0.0,0.0,0.0,0.0,0.0,0.0,0.0,0.0,0.0,0.04
17,5,1,4,False,1.3917262626244584,0.04657307300609759,2,qUCB,0.06,0.24,0.6,0.0,0.04,0.0,0.0,0.0,0.02,0.0,0.0,0.0,0.0,0.0,0.04
17,5,1,4,False,1.3917262626244584,0.04657307300609759,3,qUCB,0.14,0.0,0.78,0.0,0.04,0.0,0.0,0.0,0.0,0.0,0.0,0.0,0.0,0.04,0.0
17,5,1,4,False,1.3917262626244584,0.04657307300609759,4,qUCB,0.0,0.88,0.12,0.0,0.0,0.0,0.0,0.0,0.0,0.0,0.0,0.0,0.0,0.0,0.0
17,6,0,5,False,1.18559658838833,0.34525360229985225,0,qUCB,0.0,0.28,0.62,0.04,0.0,0.0,0.0,0.0,0.02,0.0,0.0,0.02,0.0,0.0,0.02
17,6,0,5,False,1.18559658838833,0.34525360229985225,1,qUCB,0.8,0.0,0.1,0.0,0.04,0.0,0.0,0.0,0.02,0.0,0.0,0.02,0.0,0.0,0.02
17,6,0,5,False,1.18559658838833,0.34525360229985225,2,qUCB,0.0,0.36,0.6,0.0,0.0,0.0,0.0,0.0,0.0,0.0,0.0,0.0,0.0,0.02,0.02
17,6,0,5,False,1.18559658838833,0.34525360229985225,3,qUCB,0.14,0.0,0.78,0.0,0.04,0.0,0.0,0.0,0.0,0.0,0.0,0.0,0.0,0.04,0.0
17,6,0,5,False,1.18559658838833,0.34525360229985225,4,qUCB,0.0,0.34,0.66,0.0,0.0,0.0,0.0,0.0,0.0,0.0,0.0,0.0,0.0,0.0,0.0
18,1,5,0,False,1.596399986019697,0.07528232063750284,0,qEHVI,0.64,0.04,0.32,0.0,0.0,0.0,0.0,0.0,0.0,0.0,0.0,0.0,0.0,0.0,0.0
18,1,5,0,False,1.596399986019697,0.07528232063750284,1,qEHVI,0.38,0.2,0.32,0.04,0.02,0.0,0.0,0.0,0.0,0.0,0.0,0.02,0.0,0.0,0.02
18,1,5,0,False,1.596399986019697,0.07528232063750284,2,qEHVI,0.48,0.06,0.36,0.02,0.0,0.0,0.0,0.0,0.02,0.0,0.0,0.02,0.0,0.04,0.0
18,1,5,0,False,1.596399986019697,0.07528232063750284,3,qEHVI,0.58,0.1,0.3,0.0,0.0,0.0,0.0,0.0,0.0,0.0,0.0,0.0,0.0,0.0,0.02
18,1,5,0,False,1.596399986019697,0.07528232063750284,4,qEHVI,0.46,0.02,0.48,0.02,0.0,0.0,0.0,0.0,0.02,0.0,0.0,0.0,0.0,0.0,0.0
18,2,4,1,False,1.4270572426471841,0.09992150145749257,0,qEHVI,0.64,0.04,0.32,0.0,0.0,0.0,0.0,0.0,0.0,0.0,0.0,0.0,0.0,0.0,0.0
18,2,4,1,False,1.4270572426471841,0.09992150145749257,1,qEHVI,0.38,0.2,0.32,0.04,0.02,0.0,0.0,0.0,0.0,0.0,0.0,0.02,0.0,0.0,0.02
18,2,4,1,False,1.4270572426471841,0.09992150145749257,2,qEHVI,0.48,0.06,0.36,0.02,0.0,0.0,0.0,0.0,0.02,0.0,0.0,0.02,0.0,0.04,0.0
18,2,4,1,False,1.4270572426471841,0.09992150145749257,3,qEHVI,0.58,0.1,0.3,0.0,0.0,0.0,0.0,0.0,0.0,0.0,0.0,0.0,0.0,0.0,0.02
18,2,4,1,False,1.4270572426471841,0.09992150145749257,4,qUCB,0.4,0.42,0.08,0.0,0.04,0.0,0.0,0.0,0.04,0.0,0.0,0.02,0.0,0.0,0.0
18,3,3,2,True,1.1663376557838212,0.2157780836772616,0,qEHVI,0.64,0.04,0.32,0.0,0.0,0.0,0.0,0.0,0.0,0.0,0.0,0.0,0.0,0.0,0.0
18,3,3,2,True,1.1663376557838212,0.2157780836772616,1,qEHVI,0.38,0.2,0.32,0.04,0.02,0.0,0.0,0.0,0.0,0.0,0.0,0.02,0.0,0.0,0.02
18,3,3,2,True,1.1663376557838212,0.2157780836772616,2,qEHVI,0.48,0.06,0.36,0.02,0.0,0.0,0.0,0.0,0.02,0.0,0.0,0.02,0.0,0.04,0.0
18,3,3,2,True,1.1663376557838212,0.2157780836772616,3,qUCB,0.4,0.42,0.08,0.0,0.04,0.0,0.0,0.0,0.04,0.0,0.0,0.02,0.0,0.0,0.0
18,3,3,2,True,1.1663376557838212,0.2157780836772616,4,qUCB,0.12,0.0,0.78,0.0,0.04,0.0,0.0,0.0,0.04,0.0,0.0,0.0,0.0,0.02,0.0
18,4,2,3,False,0.9819159782735164,0.07630581318959617,0,qEHVI,0.64,0.04,0.32,0.0,0.0,0.0,0.0,0.0,0.0,0.0,0.0,0.0,0.0,0.0,0.0
18,4,2,3,False,0.9819159782735164,0.07630581318959617,1,qEHVI,0.38,0.2,0.32,0.04,0.02,0.0,0.0,0.0,0.0,0.0,0.0,0.02,0.0,0.0,0.02
18,4,2,3,False,0.9819159782735164,0.07630581318959617,2,qUCB,0.4,0.14,0.36,0.0,0.0,0.0,0.0,0.0,0.0,0.0,0.0,0.02,0.0,0.04,0.04
18,4,2,3,False,0.9819159782735164,0.07630581318959617,3,qUCB,0.12,0.0,0.78,0.0,0.04,0.0,0.0,0.0,0.04,0.0,0.0,0.0,0.0,0.02,0.0
18,4,2,3,False,0.9819159782735164,0.07630581318959617,4,qUCB,0.16,0.66,0.08,0.04,0.0,0.0,0.0,0.0,0.04,0.0,0.0,0.0,0.0,0.02,0.0
18,5,1,4,False,0.8417568556305055,0.09815411482396996,0,qEHVI,0.64,0.04,0.32,0.0,0.0,0.0,0.0,0.0,0.0,0.0,0.0,0.0,0.0,0.0,0.0
18,5,1,4,False,0.8417568556305055,0.09815411482396996,1,qUCB,0.32,0.44,0.14,0.04,0.04,0.0,0.0,0.0,0.0,0.0,0.0,0.02,0.0,0.0,0.0
18,5,1,4,False,0.8417568556305055,0.09815411482396996,2,qUCB,0.2,0.62,0.08,0.04,0.0,0.0,0.0,0.0,0.0,0.0,0.0,0.02,0.0,0.0,0.04
18,5,1,4,False,0.8417568556305055,0.09815411482396996,3,qUCB,0.12,0.0,0.78,0.0,0.04,0.0,0.0,0.0,0.04,0.0,0.0,0.0,0.0,0.02,0.0
18,5,1,4,False,0.8417568556305055,0.09815411482396996,4,qUCB,0.12,0.18,0.6,0.04,0.02,0.0,0.0,0.0,0.0,0.0,0.0,0.0,0.0,0.0,0.04
18,6,0,5,False,0.6081935941068435,0.46163087379011536,0,qUCB,0.38,0.38,0.14,0.04,0.0,0.0,0.0,0.0,0.0,0.0,0.0,0.04,0.0,0.0,0.02
18,6,0,5,False,0.6081935941068435,0.46163087379011536,1,qUCB,0.24,0.6,0.08,0.04,0.04,0.0,0.0,0.0,0.0,0.0,0.0,0.0,0.0,0.0,0.0
18,6,0,5,False,0.6081935941068435,0.46163087379011536,2,qUCB,0.14,0.0,0.78,0.0,0.02,0.0,0.0,0.0,0.02,0.0,0.0,0.0,0.0,0.04,0.0
18,6,0,5,False,0.6081935941068435,0.46163087379011536,3,qUCB,0.12,0.18,0.6,0.04,0.02,0.0,0.0,0.0,0.0,0.0,0.0,0.0,0.0,0.0,0.04
18,6,0,5,False,0.6081935941068435,0.46163087379011536,4,qUCB,0.84,0.0,0.14,0.0,0.0,0.0,0.0,0.0,0.02,0.0,0.0,0.0,0.0,0.0,0.0
19,1,5,0,False,1.6228726846228114,0.07402349828818722,0,qEHVI,0.64,0.02,0.3,0.0,0.0,0.0,0.0,0.0,0.0,0.0,0.0,0.04,0.0,0.0,0.0
19,1,5,0,False,1.6228726846228114,0.07402349828818722,1,qEHVI,0.74,0.22,0.04,0.0,0.0,0.0,0.0,0.0,0.0,0.0,0.0,0.0,0.0,0.0,0.0
19,1,5,0,False,1.6228726846228114,0.07402349828818722,2,qEHVI,0.0,0.12,0.78,0.0,0.02,0.0,0.0,0.0,0.02,0.0,0.0,0.04,0.0,0.0,0.02
19,1,5,0,False,1.6228726846228114,0.07402349828818722,3,qEHVI,0.48,0.0,0.46,0.0,0.0,0.0,0.0,0.0,0.04,0.0,0.0,0.02,0.0,0.0,0.0
19,1,5,0,False,1.6228726846228114,0.07402349828818722,4,qEHVI,0.46,0.18,0.3,0.02,0.02,0.0,0.0,0.0,0.0,0.0,0.0,0.02,0.0,0.0,0.0
19,2,4,1,True,1.6545294552130387,0.10694294774441637,0,qEHVI,0.64,0.02,0.3,0.0,0.0,0.0,0.0,0.0,0.0,0.0,0.0,0.04,0.0,0.0,0.0
19,2,4,1,True,1.6545294552130387,0.10694294774441637,1,qEHVI,0.74,0.22,0.04,0.0,0.0,0.0,0.0,0.0,0.0,0.0,0.0,0.0,0.0,0.0,0.0
19,2,4,1,True,1.6545294552130387,0.10694294774441637,2,qEHVI,0.0,0.12,0.78,0.0,0.02,0.0,0.0,0.0,0.02,0.0,0.0,0.04,0.0,0.0,0.02
19,2,4,1,True,1.6545294552130387,0.10694294774441637,3,qEHVI,0.48,0.0,0.46,0.0,0.0,0.0,0.0,0.0,0.04,0.0,0.0,0.02,0.0,0.0,0.0
19,2,4,1,True,1.6545294552130387,0.10694294774441637,4,qUCB,0.0,0.64,0.26,0.04,0.0,0.0,0.0,0.0,0.02,0.0,0.0,0.0,0.0,0.04,0.0
19,3,3,2,False,1.51347227832042,0.24997634854518402,0,qEHVI,0.64,0.02,0.3,0.0,0.0,0.0,0.0,0.0,0.0,0.0,0.0,0.04,0.0,0.0,0.0
19,3,3,2,False,1.51347227832042,0.24997634854518402,1,qEHVI,0.74,0.22,0.04,0.0,0.0,0.0,0.0,0.0,0.0,0.0,0.0,0.0,0.0,0.0,0.0
19,3,3,2,False,1.51347227832042,0.24997634854518402,2,qEHVI,0.0,0.12,0.78,0.0,0.02,0.0,0.0,0.0,0.02,0.0,0.0,0.04,0.0,0.0,0.02
19,3,3,2,False,1.51347227832042,0.24997634854518402,3,qUCB,0.0,0.64,0.26,0.04,0.0,0.0,0.0,0.0,0.02,0.0,0.0,0.0,0.0,0.04,0.0
19,3,3,2,False,1.51347227832042,0.24997634854518402,4,qUCB,0.08,0.22,0.6,0.04,0.02,0.0,0.0,0.0,0.0,0.0,0.0,0.0,0.0,0.04,0.0
19,4,2,3,False,1.2353454468657223,0.13055162964527867,0,qEHVI,0.64,0.02,0.3,0.0,0.0,0.0,0.0,0.0,0.0,0.0,0.0,0.04,0.0,0.0,0.0
19,4,2,3,False,1.2353454468657223,0.13055162964527867,1,qEHVI,0.74,0.22,0.04,0.0,0.0,0.0,0.0,0.0,0.0,0.0,0.0,0.0,0.0,0.0,0.0
19,4,2,3,False,1.2353454468657223,0.13055162964527867,2,qUCB,0.0,0.64,0.26,0.04,0.0,0.0,0.0,0.0,0.02,0.0,0.0,0.0,0.0,0.04,0.0
19,4,2,3,False,1.2353454468657223,0.13055162964527867,3,qUCB,0.08,0.22,0.6,0.04,0.02,0.0,0.0,0.0,0.0,0.0,0.0,0.0,0.0,0.04,0.0
19,4,2,3,False,1.2353454468657223,0.13055162964527867,4,qUCB,0.18,0.62,0.1,0.04,0.04,0.0,0.0,0.0,0.0,0.0,0.0,0.0,0.0,0.0,0.02
19,5,1,4,False,1.0341919560870394,0.03567405071444085,0,qEHVI,0.64,0.02,0.3,0.0,0.0,0.0,0.0,0.0,0.0,0.0,0.0,0.04,0.0,0.0,0.0
19,5,1,4,False,1.0341919560870394,0.03567405071444085,1,qUCB,0.2,0.6,0.1,0.04,0.04,0.0,0.0,0.0,0.02,0.0,0.0,0.0,0.0,0.0,0.0
19,5,1,4,False,1.0341919560870394,0.03567405071444085,2,qUCB,0.0,0.64,0.26,0.04,0.0,0.0,0.0,0.0,0.02,0.0,0.0,0.0,0.0,0.04,0.0
19,5,1,4,False,1.0341919560870394,0.03567405071444085,3,qUCB,0.08,0.22,0.6,0.04,0.02,0.0,0.0,0.0,0.0,0.0,0.0,0.0,0.0,0.04,0.0
19,5,1,4,False,1.0341919560870394,0.03567405071444085,4,qUCB,0.16,0.16,0.58,0.0,0.0,0.0,0.0,0.0,0.04,0.0,0.0,0.0,0.0,0.02,0.04
19,6,0,5,False,0.8789411411952012,0.16913677091849877,0,qUCB,0.28,0.48,0.14,0.04,0.02,0.0,0.0,0.0,0.0,0.0,0.0,0.04,0.0,0.0,0.0
19,6,0,5,False,0.8789411411952012,0.16913677091849877,1,qUCB,0.0,0.18,0.78,0.0,0.0,0.0,0.0,0.0,0.0,0.0,0.0,0.04,0.0,0.0,0.0
19,6,0,5,False,0.8789411411952012,0.16913677091849877,2,qUCB,0.1,0.2,0.6,0.04,0.0,0.0,0.0,0.0,0.0,0.0,0.0,0.02,0.0,0.02,0.02
19,6,0,5,False,0.8789411411952012,0.16913677091849877,3,qUCB,0.18,0.66,0.08,0.04,0.02,0.0,0.0,0.0,0.0,0.0,0.0,0.0,0.0,0.0,0.02
19,6,0,5,False,0.8789411411952012,0.16913677091849877,4,qUCB,0.0,0.34,0.6,0.04,0.02,0.0,0.0,0.0,0.0,0.0,0.0,0.0,0.0,0.0,0.0
20,1,5,0,False,1.5272622826323698,0.5999098298810157,0,qEHVI,0.42,0.16,0.32,0.04,0.0,0.0,0.0,0.0,0.0,0.0,0.0,0.04,0.0,0.02,0.0
20,1,5,0,False,1.5272622826323698,0.5999098298810157,1,qEHVI,0.5,0.06,0.42,0.0,0.0,0.0,0.0,0.0,0.0,0.0,0.0,0.0,0.0,0.0,0.02
20,1,5,0,False,1.5272622826323698,0.5999098298810157,2,qEHVI,0.5,0.16,0.3,0.0,0.0,0.0,0.0,0.0,0.0,0.0,0.0,0.0,0.0,0.04,0.0
20,1,5,0,False,1.5272622826323698,0.5999098298810157,3,qEHVI,0.44,0.04,0.42,0.04,0.0,0.0,0.0,0.0,0.0,0.0,0.0,0.02,0.0,0.02,0.02
20,1,5,0,False,1.5272622826323698,0.5999098298810157,4,qEHVI,0.22,0.0,0.7000000000000001,0.04,0.0,0.0,0.0,0.0,0.0,0.0,0.0,0.0,0.0,0.02,0.02
20,2,4,1,True,1.480205535658422,0.7036895117727902,0,qEHVI,0.42,0.16,0.32,0.04,0.0,0.0,0.0,0.0,0.0,0.0,0.0,0.04,0.0,0.02,0.0
20,2,4,1,True,1.480205535658422,0.7036895117727902,1,qEHVI,0.5,0.06,0.42,0.0,0.0,0.0,0.0,0.0,0.0,0.0,0.0,0.0,0.0,0.0,0.02
20,2,4,1,True,1.480205535658422,0.7036895117727902,2,qEHVI,0.5,0.16,0.3,0.0,0.0,0.0,0.0,0.0,0.0,0.0,0.0,0.0,0.0,0.04,0.0
20,2,4,1,True,1.480205535658422,0.7036895117727902,3,qEHVI,0.22,0.0,0.7000000000000001,0.04,0.0,0.0,0.0,0.0,0.0,0.0,0.0,0.0,0.0,0.02,0.02
20,2,4,1,True,1.480205535658422,0.7036895117727902,4,qUCB,0.42,0.08,0.4,0.0,0.02,0.0,0.0,0.0,0.04,0.0,0.0,0.04,0.0,0.0,0.0
20,3,3,2,False,1.2573551011338397,0.4988604601837201,0,qEHVI,0.42,0.16,0.32,0.04,0.0,0.0,0.0,0.0,0.0,0.0,0.0,0.04,0.0,0.02,0.0
20,3,3,2,False,1.2573551011338397,0.4988604601837201,1,qEHVI,0.5,0.06,0.42,0.0,0.0,0.0,0.0,0.0,0.0,0.0,0.0,0.0,0.0,0.0,0.02
20,3,3,2,False,1.2573551011338397,0.4988604601837201,2,qEHVI,0.5,0.16,0.3,0.0,0.0,0.0,0.0,0.0,0.0,0.0,0.0,0.0,0.0,0.04,0.0
20,3,3,2,False,1.2573551011338397,0.4988604601837201,3,qUCB,0.42,0.08,0.4,0.0,0.02,0.0,0.0,0.0,0.04,0.0,0.0,0.04,0.0,0.0,0.0
20,3,3,2,False,1.2573551011338397,0.4988604601837201,4,qUCB,0.36,0.44,0.1,0.04,0.04,0.0,0.0,0.0,0.02,0.0,0.0,0.0,0.0,0.0,0.0
20,4,2,3,False,1.0280449236289122,0.3299046576137421,0,qEHVI,0.42,0.16,0.32,0.04,0.0,0.0,0.0,0.0,0.0,0.0,0.0,0.04,0.0,0.02,0.0
20,4,2,3,False,1.0280449236289122,0.3299046576137421,1,qEHVI,0.5,0.06,0.42,0.0,0.0,0.0,0.0,0.0,0.0,0.0,0.0,0.0,0.0,0.0,0.02
20,4,2,3,False,1.0280449236289122,0.3299046576137421,2,qUCB,0.42,0.08,0.4,0.0,0.02,0.0,0.0,0.0,0.04,0.0,0.0,0.04,0.0,0.0,0.0
20,4,2,3,False,1.0280449236289122,0.3299046576137421,3,qUCB,0.36,0.44,0.1,0.04,0.04,0.0,0.0,0.0,0.02,0.0,0.0,0.0,0.0,0.0,0.0
20,4,2,3,False,1.0280449236289122,0.3299046576137421,4,qUCB,0.46,0.3,0.14,0.0,0.04,0.0,0.0,0.0,0.04,0.0,0.0,0.02,0.0,0.0,0.0
20,5,1,4,False,0.5926199032833737,0.3438768469979854,0,qEHVI,0.42,0.16,0.32,0.04,0.0,0.0,0.0,0.0,0.0,0.0,0.0,0.04,0.0,0.02,0.0
20,5,1,4,False,0.5926199032833737,0.3438768469979854,1,qUCB,0.44,0.1,0.36,0.0,0.04,0.0,0.0,0.0,0.02,0.0,0.0,0.0,0.0,0.0,0.04
20,5,1,4,False,0.5926199032833737,0.3438768469979854,2,qUCB,0.54,0.26,0.12,0.0,0.0,0.0,0.0,0.0,0.04,0.0,0.0,0.0,0.0,0.0,0.04
20,5,1,4,False,0.5926199032833737,0.3438768469979854,3,qUCB,0.34,0.26,0.3,0.0,0.02,0.0,0.0,0.0,0.04,0.0,0.0,0.0,0.0,0.0,0.04
20,5,1,4,False,0.5926199032833737,0.3438768469979854,4,qUCB,0.0,0.9400000000000001,0.0,0.0,0.02,0.0,0.0,0.0,0.02,0.0,0.0,0.0,0.0,0.0,0.02
20,6,0,5,False,0.5618977249480637,0.20297748814551952,0,qUCB,0.52,0.1,0.38,0.0,0.0,0.0,0.0,0.0,0.0,0.0,0.0,0.0,0.0,0.0,0.0
20,6,0,5,False,0.5618977249480637,0.20297748814551952,1,qUCB,0.4,0.1,0.4,0.0,0.0,0.0,0.0,0.0,0.0,0.0,0.0,0.02,0.0,0.04,0.04
20,6,0,5,False,0.5618977249480637,0.20297748814551952,2,qUCB,0.3,0.5,0.1,0.04,0.0,0.0,0.0,0.0,0.0,0.0,0.0,0.04,0.0,0.0,0.02
20,6,0,5,False,0.5618977249480637,0.20297748814551952,3,qUCB,0.46,0.3,0.22,0.0,0.0,0.0,0.0,0.0,0.0,0.0,0.0,0.02,0.0,0.0,0.0
20,6,0,5,False,0.5618977249480637,0.20297748814551952,4,qUCB,0.36,0.42,0.12,0.04,0.02,0.0,0.0,0.0,0.0,0.0,0.0,0.0,0.0,0.04,0.0
21,1,5,0,False,4.05947076174908,0.09725152406894999,0,qEHVI,0.6,0.0,0.38,0.0,0.0,0.0,0.0,0.0,0.02,0.0,0.0,0.0,0.0,0.0,0.0
21,1,5,0,False,4.05947076174908,0.09725152406894999,1,qEHVI,0.66,0.28,0.04,0.0,0.0,0.0,0.0,0.0,0.0,0.0,0.0,0.0,0.0,0.0,0.02
21,1,5,0,False,4.05947076174908,0.09725152406894999,2,qEHVI,0.14,0.0,0.78,0.04,0.0,0.0,0.0,0.0,0.0,0.0,0.0,0.0,0.0,0.0,0.04
21,1,5,0,False,4.05947076174908,0.09725152406894999,3,qEHVI,0.32,0.48,0.12,0.04,0.0,0.0,0.0,0.0,0.04,0.0,0.0,0.0,0.0,0.0,0.0
21,1,5,0,False,4.05947076174908,0.09725152406894999,4,qEHVI,0.54,0.16,0.2,0.04,0.02,0.0,0.0,0.0,0.0,0.0,0.0,0.0,0.0,0.04,0.0
21,2,4,1,True,3.565917141447843,0.17938196297307485,0,qEHVI,0.6,0.0,0.38,0.0,0.0,0.0,0.0,0.0,0.02,0.0,0.0,0.0,0.0,0.0,0.0
21,2,4,1,True,3.565917141447843,0.17938196297307485,1,qEHVI,0.66,0.28,0.04,0.0,0.0,0.0,0.0,0.0,0.0,0.0,0.0,0.0,0.0,0.0,0.02
21,2,4,1,True,3.565917141447843,0.17938196297307485,2,qEHVI,0.14,0.0,0.78,0.04,0.0,0.0,0.0,0.0,0.0,0.0,0.0,0.0,0.0,0.0,0.04
21,2,4,1,True,3.565917141447843,0.17938196297307485,3,qEHVI,0.32,0.48,0.12,0.04,0.0,0.0,0.0,0.0,0.04,0.0,0.0,0.0,0.0,0.0,0.0
21,2,4,1,True,3.565917141447843,0.17938196297307485,4,qUCB,0.32,0.44,0.14,0.04,0.04,0.0,0.0,0.0,0.0,0.0,0.0,0.02,0.0,0.0,0.0
21,3,3,2,False,3.413370672998049,0.015566126698587368,0,qEHVI,0.6,0.0,0.38,0.0,0.0,0.0,0.0,0.0,0.02,0.0,0.0,0.0,0.0,0.0,0.0
21,3,3,2,False,3.413370672998049,0.015566126698587368,1,qEHVI,0.66,0.28,0.04,0.0,0.0,0.0,0.0,0.0,0.0,0.0,0.0,0.0,0.0,0.0,0.02
21,3,3,2,False,3.413370672998049,0.015566126698587368,2,qEHVI,0.14,0.0,0.78,0.04,0.0,0.0,0.0,0.0,0.0,0.0,0.0,0.0,0.0,0.0,0.04
21,3,3,2,False,3.413370672998049,0.015566126698587368,3,qUCB,0.32,0.44,0.14,0.04,0.04,0.0,0.0,0.0,0.0,0.0,0.0,0.02,0.0,0.0,0.0
21,3,3,2,False,3.413370672998049,0.015566126698587368,4,qUCB,0.16,0.68,0.08,0.04,0.0,0.0,0.0,0.0,0.0,0.0,0.0,0.04,0.0,0.0,0.0
21,4,2,3,False,3.3733052581001925,0.10308539736238842,0,qEHVI,0.6,0.0,0.38,0.0,0.0,0.0,0.0,0.0,0.02,0.0,0.0,0.0,0.0,0.0,0.0
21,4,2,3,False,3.3733052581001925,0.10308539736238842,1,qEHVI,0.66,0.28,0.04,0.0,0.0,0.0,0.0,0.0,0.0,0.0,0.0,0.0,0.0,0.0,0.02
21,4,2,3,False,3.3733052581001925,0.10308539736238842,2,qUCB,0.32,0.44,0.14,0.04,0.04,0.0,0.0,0.0,0.0,0.0,0.0,0.02,0.0,0.0,0.0
21,4,2,3,False,3.3733052581001925,0.10308539736238842,3,qUCB,0.16,0.68,0.08,0.04,0.0,0.0,0.0,0.0,0.0,0.0,0.0,0.04,0.0,0.0,0.0
21,4,2,3,False,3.3733052581001925,0.10308539736238842,4,qUCB,0.0,0.32,0.58,0.04,0.04,0.0,0.0,0.0,0.0,0.0,0.0,0.0,0.0,0.0,0.02
21,5,1,4,False,2.9000434245229054,0.05730754810682015,0,qEHVI,0.6,0.0,0.38,0.0,0.0,0.0,0.0,0.0,0.02,0.0,0.0,0.0,0.0,0.0,0.0
21,5,1,4,False,2.9000434245229054,0.05730754810682015,1,qUCB,0.32,0.44,0.14,0.04,0.04,0.0,0.0,0.0,0.0,0.0,0.0,0.02,0.0,0.0,0.0
21,5,1,4,False,2.9000434245229054,0.05730754810682015,2,qUCB,0.16,0.68,0.08,0.04,0.0,0.0,0.0,0.0,0.0,0.0,0.0,0.04,0.0,0.0,0.0
21,5,1,4,False,2.9000434245229054,0.05730754810682015,3,qUCB,0.0,0.32,0.58,0.04,0.04,0.0,0.0,0.0,0.0,0.0,0.0,0.0,0.0,0.0,0.02
21,5,1,4,False,2.9000434245229054,0.05730754810682015,4,qUCB,0.2,0.1,0.6,0.04,0.02,0.0,0.0,0.0,0.0,0.0,0.0,0.0,0.0,0.0,0.04
21,6,0,5,False,1.9189778842539398,0.3323071091261909,0,qUCB,0.34,0.42,0.14,0.04,0.0,0.0,0.0,0.0,0.02,0.0,0.0,0.04,0.0,0.0,0.0
21,6,0,5,False,1.9189778842539398,0.3323071091261909,1,qUCB,0.2,0.62,0.08,0.04,0.0,0.0,0.0,0.0,0.04,0.0,0.0,0.0,0.0,0.0,0.02
21,6,0,5,False,1.9189778842539398,0.3323071091261909,2,qUCB,0.14,0.16,0.6,0.04,0.0,0.0,0.0,0.0,0.04,0.0,0.0,0.0,0.0,0.02,0.0
21,6,0,5,False,1.9189778842539398,0.3323071091261909,3,qUCB,0.0,0.32,0.58,0.04,0.04,0.0,0.0,0.0,0.0,0.0,0.0,0.0,0.0,0.0,0.02
21,6,0,5,False,1.9189778842539398,0.3323071091261909,4,qUCB,0.0,0.46,0.44,0.04,0.02,0.0,0.0,0.0,0.0,0.0,0.0,0.02,0.0,0.0,0.02
22,1,5,0,False,2.068399618452555,0.2998038132973422,0,qEHVI,0.42,0.18,0.3,0.02,0.0,0.0,0.0,0.0,0.0,0.0,0.0,0.04,0.0,0.02,0.02
22,1,5,0,False,2.068399618452555,0.2998038132973422,1,qEHVI,0.46,0.0,0.44,0.04,0.0,0.0,0.0,0.0,0.0,0.0,0.0,0.04,0.0,0.0,0.02
22,1,5,0,False,2.068399618452555,0.2998038132973422,2,qEHVI,0.38,0.26,0.26,0.04,0.0,0.0,0.0,0.0,0.0,0.0,0.0,0.04,0.0,0.0,0.02
22,1,5,0,False,2.068399618452555,0.2998038132973422,3,qEHVI,0.44,0.04,0.42,0.02,0.0,0.0,0.0,0.0,0.02,0.0,0.0,0.04,0.0,0.0,0.02
22,1,5,0,False,2.068399618452555,0.2998038132973422,4,qEHVI,0.66,0.26,0.06,0.0,0.0,0.0,0.0,0.0,0.0,0.0,0.0,0.0,0.0,0.0,0.02
22,2,4,1,False,1.944348338365764,0.12542454356386035,0,qEHVI,0.42,0.18,0.3,0.02,0.0,0.0,0.0,0.0,0.0,0.0,0.0,0.04,0.0,0.02,0.02
22,2,4,1,False,1.944348338365764,0.12542454356386035,1,qEHVI,0.46,0.0,0.44,0.04,0.0,0.0,0.0,0.0,0.0,0.0,0.0,0.04,0.0,0.0,0.02
22,2,4,1,False,1.944348338365764,0.12542454356386035,2,qEHVI,0.38,0.26,0.26,0.04,0.0,0.0,0.0,0.0,0.0,0.0,0.0,0.04,0.0,0.0,0.02
22,2,4,1,False,1.944348338365764,0.12542454356386035,3,qEHVI,0.44,0.04,0.42,0.02,0.0,0.0,0.0,0.0,0.02,0.0,0.0,0.04,0.0,0.0,0.02
22,2,4,1,False,1.944348338365764,0.12542454356386035,4,qUCB,0.6,0.26,0.1,0.0,0.04,0.0,0.0,0.0,0.0,0.0,0.0,0.0,0.0,0.0,0.0
22,3,3,2,False,1.5301657668405833,0.09643904649643975,0,qEHVI,0.42,0.18,0.3,0.02,0.0,0.0,0.0,0.0,0.0,0.0,0.0,0.04,0.0,0.02,0.02
22,3,3,2,False,1.5301657668405833,0.09643904649643975,1,qEHVI,0.46,0.0,0.44,0.04,0.0,0.0,0.0,0.0,0.0,0.0,0.0,0.04,0.0,0.0,0.02
22,3,3,2,False,1.5301657668405833,0.09643904649643975,2,qEHVI,0.38,0.26,0.26,0.04,0.0,0.0,0.0,0.0,0.0,0.0,0.0,0.04,0.0,0.0,0.02
22,3,3,2,False,1.5301657668405833,0.09643904649643975,3,qUCB,0.42,0.08,0.4,0.0,0.04,0.0,0.0,0.0,0.04,0.0,0.0,0.0,0.0,0.02,0.0
22,3,3,2,False,1.5301657668405833,0.09643904649643975,4,qUCB,0.32,0.56,0.02,0.04,0.04,0.0,0.0,0.0,0.02,0.0,0.0,0.0,0.0,0.0,0.0
22,4,2,3,False,1.1902189622394732,0.12267077949366723,0,qEHVI,0.42,0.18,0.3,0.02,0.0,0.0,0.0,0.0,0.0,0.0,0.0,0.04,0.0,0.02,0.02
22,4,2,3,False,1.1902189622394732,0.12267077949366723,1,qEHVI,0.46,0.0,0.44,0.04,0.0,0.0,0.0,0.0,0.0,0.0,0.0,0.04,0.0,0.0,0.02
22,4,2,3,False,1.1902189622394732,0.12267077949366723,2,qUCB,0.42,0.08,0.4,0.0,0.04,0.0,0.0,0.0,0.04,0.0,0.0,0.0,0.0,0.02,0.0
22,4,2,3,False,1.1902189622394732,0.12267077949366723,3,qUCB,0.32,0.56,0.02,0.04,0.04,0.0,0.0,0.0,0.02,0.0,0.0,0.0,0.0,0.0,0.0
22,4,2,3,False,1.1902189622394732,0.12267077949366723,4,qUCB,0.9,0.0,0.0,0.04,0.0,0.0,0.0,0.0,0.04,0.0,0.0,0.0,0.0,0.02,0.0
22,5,1,4,True,0.8507609258936076,0.2111705047292265,0,qEHVI,0.42,0.18,0.3,0.02,0.0,0.0,0.0,0.0,0.0,0.0,0.0,0.04,0.0,0.02,0.02
22,5,1,4,True,0.8507609258936076,0.2111705047292265,1,qUCB,0.44,0.06,0.4,0.02,0.04,0.0,0.0,0.0,0.04,0.0,0.0,0.0,0.0,0.0,0.0
22,5,1,4,True,0.8507609258936076,0.2111705047292265,2,qUCB,0.32,0.56,0.02,0.04,0.04,0.0,0.0,0.0,0.02,0.0,0.0,0.0,0.0,0.0,0.0
22,5,1,4,True,0.8507609258936076,0.2111705047292265,3,qUCB,0.9,0.0,0.0,0.04,0.0,0.0,0.0,0.0,0.04,0.0,0.0,0.0,0.0,0.02,0.0
22,5,1,4,True,0.8507609258936076,0.2111705047292265,4,qUCB,0.02,0.26,0.62,0.04,0.0,0.0,0.0,0.0,0.04,0.0,0.0,0.0,0.0,0.02,0.0
22,6,0,5,False,0.6036195406196643,0.18548817062315237,0,qUCB,0.32,0.5,0.1,0.04,0.0,0.0,0.0,0.0,0.0,0.0,0.0,0.04,0.0,0.0,0.0
22,6,0,5,False,0.6036195406196643,0.18548817062315237,1,qUCB,0.0,0.22,0.68,0.04,0.0,0.0,0.0,0.0,0.0,0.0,0.0,0.04,0.0,0.02,0.0
22,6,0,5,False,0.6036195406196643,0.18548817062315237,2,qUCB,0.28,0.62,0.02,0.04,0.0,0.0,0.0,0.0,0.0,0.0,0.0,0.04,0.0,0.0,0.0
22,6,0,5,False,0.6036195406196643,0.18548817062315237,3,qUCB,0.9,0.0,0.0,0.04,0.0,0.0,0.0,0.0,0.04,0.0,0.0,0.0,0.0,0.02,0.0
22,6,0,5,False,0.6036195406196643,0.18548817062315237,4,qUCB,0.0,0.32,0.6,0.04,0.0,0.0,0.0,0.0,0.0,0.0,0.0,0.0,0.0,0.04,0.0
23,1,5,0,False,1.9046291688819859,0.23691193263692423,0,qEHVI,0.42,0.06,0.42,0.02,0.0,0.0,0.0,0.0,0.0,0.0,0.0,0.04,0.0,0.04,0.0
23,1,5,0,False,1.9046291688819859,0.23691193263692423,1,qEHVI,0.44,0.14,0.32,0.02,0.0,0.0,0.0,0.0,0.0,0.0,0.0,0.04,0.0,0.0,0.04
23,1,5,0,False,1.9046291688819859,0.23691193263692423,2,qEHVI,0.32,0.52,0.08,0.04,0.0,0.0,0.0,0.0,0.0,0.0,0.0,0.04,0.0,0.0,0.0
23,1,5,0,False,1.9046291688819859,0.23691193263692423,3,qEHVI,0.4,0.2,0.3,0.04,0.0,0.0,0.0,0.0,0.0,0.0,0.0,0.04,0.0,0.02,0.0
23,1,5,0,False,1.9046291688819859,0.23691193263692423,4,qEHVI,0.38,0.24,0.28,0.04,0.0,0.0,0.0,0.0,0.02,0.0,0.0,0.04,0.0,0.0,0.0
23,2,4,1,False,1.7197169719047645,0.1294170661664351,0,qEHVI,0.42,0.06,0.42,0.02,0.0,0.0,0.0,0.0,0.0,0.0,0.0,0.04,0.0,0.04,0.0
23,2,4,1,False,1.7197169719047645,0.1294170661664351,1,qEHVI,0.44,0.14,0.32,0.02,0.0,0.0,0.0,0.0,0.0,0.0,0.0,0.04,0.0,0.0,0.04
23,2,4,1,False,1.7197169719047645,0.1294170661664351,2,qEHVI,0.32,0.52,0.08,0.04,0.0,0.0,0.0,0.0,0.0,0.0,0.0,0.04,0.0,0.0,0.0
23,2,4,1,False,1.7197169719047645,0.1294170661664351,3,qEHVI,0.4,0.2,0.3,0.04,0.0,0.0,0.0,0.0,0.0,0.0,0.0,0.04,0.0,0.02,0.0
23,2,4,1,False,1.7197169719047645,0.1294170661664351,4,qUCB,0.46,0.04,0.4,0.0,0.04,0.0,0.0,0.0,0.04,0.0,0.0,0.0,0.0,0.02,0.0
23,3,3,2,False,1.5331677941163095,0.14702671091490016,0,qEHVI,0.42,0.06,0.42,0.02,0.0,0.0,0.0,0.0,0.0,0.0,0.0,0.04,0.0,0.04,0.0
23,3,3,2,False,1.5331677941163095,0.14702671091490016,1,qEHVI,0.44,0.14,0.32,0.02,0.0,0.0,0.0,0.0,0.0,0.0,0.0,0.04,0.0,0.0,0.04
23,3,3,2,False,1.5331677941163095,0.14702671091490016,2,qEHVI,0.32,0.52,0.08,0.04,0.0,0.0,0.0,0.0,0.0,0.0,0.0,0.04,0.0,0.0,0.0
23,3,3,2,False,1.5331677941163095,0.14702671091490016,3,qUCB,0.46,0.04,0.4,0.0,0.04,0.0,0.0,0.0,0.04,0.0,0.0,0.0,0.0,0.02,0.0
23,3,3,2,False,1.5331677941163095,0.14702671091490016,4,qUCB,0.64,0.16,0.1,0.0,0.04,0.0,0.0,0.0,0.04,0.0,0.0,0.02,0.0,0.0,0.0
23,4,2,3,True,1.4057240569748835,0.4943347467819841,0,qEHVI,0.42,0.06,0.42,0.02,0.0,0.0,0.0,0.0,0.0,0.0,0.0,0.04,0.0,0.04,0.0
23,4,2,3,True,1.4057240569748835,0.4943347467819841,1,qEHVI,0.44,0.14,0.32,0.02,0.0,0.0,0.0,0.0,0.0,0.0,0.0,0.04,0.0,0.0,0.04
23,4,2,3,True,1.4057240569748835,0.4943347467819841,2,qUCB,0.44,0.14,0.32,0.02,0.04,0.0,0.0,0.0,0.04,0.0,0.0,0.0,0.0,0.0,0.0
23,4,2,3,True,1.4057240569748835,0.4943347467819841,3,qUCB,0.64,0.16,0.1,0.0,0.04,0.0,0.0,0.0,0.04,0.0,0.0,0.02,0.0,0.0,0.0
23,4,2,3,True,1.4057240569748835,0.4943347467819841,4,qUCB,0.32,0.58,0.0,0.04,0.0,0.0,0.0,0.0,0.02,0.0,0.0,0.04,0.0,0.0,0.0
23,5,1,4,False,0.6708445097135122,0.13441099584381355,0,qEHVI,0.42,0.06,0.42,0.02,0.0,0.0,0.0,0.0,0.0,0.0,0.0,0.04,0.0,0.04,0.0
23,5,1,4,False,0.6708445097135122,0.13441099584381355,1,qUCB,0.48,0.28,0.14,0.0,0.04,0.0,0.0,0.0,0.04,0.0,0.0,0.0,0.0,0.0,0.02
23,5,1,4,False,0.6708445097135122,0.13441099584381355,2,qUCB,0.42,0.08,0.4,0.0,0.04,0.0,0.0,0.0,0.04,0.0,0.0,0.0,0.0,0.0,0.02
23,5,1,4,False,0.6708445097135122,0.13441099584381355,3,qUCB,0.66,0.1,0.14,0.0,0.02,0.0,0.0,0.0,0.04,0.0,0.0,0.0,0.0,0.0,0.04
23,5,1,4,False,0.6708445097135122,0.13441099584381355,4,qUCB,0.0,0.96,0.0,0.0,0.0,0.0,0.0,0.0,0.0,0.0,0.0,0.0,0.0,0.0,0.04
23,6,0,5,False,0.9691680158822585,0.3006721671061632,0,qUCB,0.32,0.52,0.08,0.04,0.0,0.0,0.0,0.0,0.0,0.0,0.0,0.04,0.0,0.0,0.0
23,6,0,5,False,0.9691680158822585,0.3006721671061632,1,qUCB,0.7000000000000001,0.18,0.12,0.0,0.0,0.0,0.0,0.0,0.0,0.0,0.0,0.0,0.0,0.0,0.0
23,6,0,5,False,0.9691680158822585,0.3006721671061632,2,qUCB,0.32,0.58,0.0,0.04,0.0,0.0,0.0,0.0,0.02,0.0,0.0,0.04,0.0,0.0,0.0
23,6,0,5,False,0.9691680158822585,0.3006721671061632,3,qUCB,0.02,0.76,0.12,0.04,0.02,0.0,0.0,0.0,0.0,0.0,0.0,0.04,0.0,0.0,0.0
23,6,0,5,False,0.9691680158822585,0.3006721671061632,4,qUCB,0.28,0.42,0.22,0.04,0.0,0.0,0.0,0.0,0.0,0.0,0.0,0.04,0.0,0.0,0.0
24,1,5,0,False,1.644121631934513,0.148962546373971,0,qEHVI,0.4,0.2,0.3,0.04,0.02,0.0,0.0,0.0,0.0,0.0,0.0,0.04,0.0,0.0,0.0
24,1,5,0,False,1.644121631934513,0.148962546373971,1,qEHVI,0.44,0.04,0.42,0.04,0.02,0.0,0.0,0.0,0.0,0.0,0.0,0.04,0.0,0.0,0.0
24,1,5,0,False,1.644121631934513,0.148962546373971,2,qEHVI,0.32,0.48,0.1,0.04,0.0,0.0,0.0,0.0,0.0,0.0,0.0,0.04,0.0,0.0,0.02
24,1,5,0,False,1.644121631934513,0.148962546373971,3,qEHVI,0.44,0.06,0.4,0.02,0.02,0.0,0.0,0.0,0.0,0.0,0.0,0.04,0.0,0.02,0.0
24,1,5,0,False,1.644121631934513,0.148962546373971,4,qEHVI,0.68,0.26,0.04,0.0,0.0,0.0,0.0,0.0,0.0,0.0,0.0,0.0,0.0,0.02,0.0
24,2,4,1,False,1.5422442643182703,0.24938789852008192,0,qEHVI,0.4,0.2,0.3,0.04,0.02,0.0,0.0,0.0,0.0,0.0,0.0,0.04,0.0,0.0,0.0
24,2,4,1,False,1.5422442643182703,0.24938789852008192,1,qEHVI,0.44,0.04,0.42,0.04,0.02,0.0,0.0,0.0,0.0,0.0,0.0,0.04,0.0,0.0,0.0
24,2,4,1,False,1.5422442643182703,0.24938789852008192,2,qEHVI,0.32,0.48,0.1,0.04,0.0,0.0,0.0,0.0,0.0,0.0,0.0,0.04,0.0,0.0,0.02
24,2,4,1,False,1.5422442643182703,0.24938789852008192,3,qEHVI,0.44,0.06,0.4,0.02,0.02,0.0,0.0,0.0,0.0,0.0,0.0,0.04,0.0,0.02,0.0
24,2,4,1,False,1.5422442643182703,0.24938789852008192,4,qUCB,0.44,0.08,0.38,0.0,0.0,0.0,0.0,0.0,0.04,0.0,0.0,0.0,0.0,0.02,0.04
24,3,3,2,True,1.2889850189701086,0.9779946080303494,0,qEHVI,0.4,0.2,0.3,0.04,0.02,0.0,0.0,0.0,0.0,0.0,0.0,0.04,0.0,0.0,0.0
24,3,3,2,True,1.2889850189701086,0.9779946080303494,1,qEHVI,0.44,0.04,0.42,0.04,0.02,0.0,0.0,0.0,0.0,0.0,0.0,0.04,0.0,0.0,0.0
24,3,3,2,True,1.2889850189701086,0.9779946080303494,2,qEHVI,0.32,0.48,0.1,0.04,0.0,0.0,0.0,0.0,0.0,0.0,0.0,0.04,0.0,0.0,0.02
24,3,3,2,True,1.2889850189701086,0.9779946080303494,3,qUCB,0.48,0.08,0.36,0.0,0.0,0.0,0.0,0.0,0.04,0.0,0.0,0.0,0.0,0.04,0.0
24,3,3,2,True,1.2889850189701086,0.9779946080303494,4,qUCB,0.64,0.1,0.16,0.0,0.0,0.0,0.0,0.0,0.04,0.0,0.0,0.0,0.0,0.04,0.02
24,4,2,3,False,1.0780089583704788,0.27230219882557094,0,qEHVI,0.4,0.2,0.3,0.04,0.02,0.0,0.0,0.0,0.0,0.0,0.0,0.04,0.0,0.0,0.0
24,4,2,3,False,1.0780089583704788,0.27230219882557094,1,qEHVI,0.44,0.04,0.42,0.04,0.02,0.0,0.0,0.0,0.0,0.0,0.0,0.04,0.0,0.0,0.0
24,4,2,3,False,1.0780089583704788,0.27230219882557094,2,qUCB,0.46,0.06,0.38,0.0,0.0,0.0,0.0,0.0,0.02,0.0,0.0,0.0,0.0,0.04,0.04
24,4,2,3,False,1.0780089583704788,0.27230219882557094,3,qUCB,0.64,0.1,0.16,0.0,0.0,0.0,0.0,0.0,0.04,0.0,0.0,0.0,0.0,0.04,0.02
24,4,2,3,False,1.0780089583704788,0.27230219882557094,4,qUCB,0.54,0.26,0.1,0.0,0.0,0.0,0.0,0.0,0.04,0.0,0.0,0.0,0.0,0.02,0.04
24,5,1,4,False,0.6990047891087319,0.1927658834122823,0,qEHVI,0.4,0.2,0.3,0.04,0.02,0.0,0.0,0.0,0.0,0.0,0.0,0.04,0.0,0.0,0.0
24,5,1,4,False,0.6990047891087319,0.1927658834122823,1,qUCB,0.46,0.06,0.38,0.0,0.0,0.0,0.0,0.0,0.02,0.0,0.0,0.0,0.0,0.04,0.04
24,5,1,4,False,0.6990047891087319,0.1927658834122823,2,qUCB,0.64,0.1,0.16,0.0,0.0,0.0,0.0,0.0,0.04,0.0,0.0,0.0,0.0,0.04,0.02
24,5,1,4,False,0.6990047891087319,0.1927658834122823,3,qUCB,0.06,0.0,0.86,0.0,0.0,0.0,0.0,0.0,0.0,0.0,0.0,0.0,0.0,0.04,0.04
24,5,1,4,False,0.6990047891087319,0.1927658834122823,4,qUCB,0.18,0.14,0.58,0.0,0.0,0.0,0.0,0.0,0.02,0.0,0.0,0.0,0.0,0.04,0.04
24,6,0,5,False,0.7252882313841795,0.11378478488663113,0,qUCB,0.32,0.48,0.1,0.04,0.0,0.0,0.0,0.0,0.0,0.0,0.0,0.04,0.0,0.0,0.02
24,6,0,5,False,0.7252882313841795,0.11378478488663113,1,qUCB,0.34,0.34,0.22,0.04,0.0,0.0,0.0,0.0,0.0,0.0,0.0,0.04,0.0,0.0,0.02
24,6,0,5,False,0.7252882313841795,0.11378478488663113,2,qUCB,0.04,0.76,0.1,0.04,0.0,0.0,0.0,0.0,0.0,0.0,0.0,0.04,0.0,0.02,0.0
24,6,0,5,False,0.7252882313841795,0.11378478488663113,3,qUCB,0.62,0.22,0.12,0.0,0.0,0.0,0.0,0.0,0.0,0.0,0.0,0.0,0.0,0.0,0.04
24,6,0,5,False,0.7252882313841795,0.11378478488663113,4,qUCB,0.24,0.48,0.18,0.04,0.0,0.0,0.0,0.0,0.0,0.0,0.0,0.04,0.0,0.0,0.02
25,1,5,0,False,1.524330085164856,0.269039232969706,0,qEHVI,0.64,0.3,0.04,0.0,0.0,0.0,0.0,0.0,0.0,0.0,0.0,0.02,0.0,0.0,0.0
25,1,5,0,False,1.524330085164856,0.269039232969706,1,qEHVI,0.44,0.1,0.36,0.02,0.02,0.0,0.0,0.0,0.0,0.0,0.0,0.04,0.0,0.0,0.02
25,1,5,0,False,1.524330085164856,0.269039232969706,2,qEHVI,0.46,0.0,0.46,0.02,0.02,0.0,0.0,0.0,0.0,0.0,0.0,0.0,0.0,0.04,0.0
25,1,5,0,False,1.524330085164856,0.269039232969706,3,qEHVI,0.44,0.18,0.3,0.02,0.0,0.0,0.0,0.0,0.02,0.0,0.0,0.04,0.0,0.0,0.0
25,1,5,0,False,1.524330085164856,0.269039232969706,4,qEHVI,0.44,0.26,0.2,0.04,0.04,0.0,0.0,0.0,0.0,0.0,0.0,0.0,0.0,0.0,0.02
25,2,4,1,True,1.4656789267178782,0.18089316778753162,0,qEHVI,0.64,0.3,0.04,0.0,0.0,0.0,0.0,0.0,0.0,0.0,0.0,0.02,0.0,0.0,0.0
25,2,4,1,True,1.4656789267178782,0.18089316778753162,1,qEHVI,0.44,0.1,0.36,0.02,0.02,0.0,0.0,0.0,0.0,0.0,0.0,0.04,0.0,0.0,0.02
25,2,4,1,True,1.4656789267178782,0.18089316778753162,2,qEHVI,0.46,0.0,0.46,0.02,0.02,0.0,0.0,0.0,0.0,0.0,0.0,0.0,0.0,0.04,0.0
25,2,4,1,True,1.4656789267178782,0.18089316778753162,3,qEHVI,0.44,0.18,0.3,0.02,0.0,0.0,0.0,0.0,0.02,0.0,0.0,0.04,0.0,0.0,0.0
25,2,4,1,True,1.4656789267178782,0.18089316778753162,4,qUCB,0.12,0.7000000000000001,0.1,0.04,0.0,0.0,0.0,0.0,0.0,0.0,0.0,0.0,0.0,0.0,0.04
25,3,3,2,False,1.3055300545216728,0.1773710190650708,0,qEHVI,0.64,0.3,0.04,0.0,0.0,0.0,0.0,0.0,0.0,0.0,0.0,0.02,0.0,0.0,0.0
25,3,3,2,False,1.3055300545216728,0.1773710190650708,1,qEHVI,0.44,0.1,0.36,0.02,0.02,0.0,0.0,0.0,0.0,0.0,0.0,0.04,0.0,0.0,0.02
25,3,3,2,False,1.3055300545216728,0.1773710190650708,2,qEHVI,0.46,0.0,0.46,0.02,0.02,0.0,0.0,0.0,0.0,0.0,0.0,0.0,0.0,0.04,0.0
25,3,3,2,False,1.3055300545216728,0.1773710190650708,3,qUCB,0.06,0.76,0.08,0.04,0.0,0.0,0.0,0.0,0.04,0.0,0.0,0.0,0.0,0.0,0.02
25,3,3,2,False,1.3055300545216728,0.1773710190650708,4,qUCB,0.18,0.16,0.58,0.0,0.0,0.0,0.0,0.0,0.04,0.0,0.0,0.0,0.0,0.0,0.04
25,4,2,3,False,0.9475942783016676,0.05230094262549212,0,qEHVI,0.64,0.3,0.04,0.0,0.0,0.0,0.0,0.0,0.0,0.0,0.0,0.02,0.0,0.0,0.0
25,4,2,3,False,0.9475942783016676,0.05230094262549212,1,qEHVI,0.44,0.1,0.36,0.02,0.02,0.0,0.0,0.0,0.0,0.0,0.0,0.04,0.0,0.0,0.02
25,4,2,3,False,0.9475942783016676,0.05230094262549212,2,qUCB,0.06,0.76,0.08,0.04,0.0,0.0,0.0,0.0,0.04,0.0,0.0,0.0,0.0,0.0,0.02
25,4,2,3,False,0.9475942783016676,0.05230094262549212,3,qUCB,0.18,0.16,0.58,0.0,0.0,0.0,0.0,0.0,0.04,0.0,0.0,0.0,0.0,0.0,0.04
25,4,2,3,False,0.9475942783016676,0.05230094262549212,4,qUCB,0.16,0.66,0.08,0.0,0.02,0.0,0.0,0.0,0.04,0.0,0.0,0.0,0.0,0.0,0.04
25,5,1,4,False,0.7885135700098965,0.08639821413482629,0,qEHVI,0.64,0.3,0.04,0.0,0.0,0.0,0.0,0.0,0.0,0.0,0.0,0.02,0.0,0.0,0.0
25,5,1,4,False,0.7885135700098965,0.08639821413482629,1,qUCB,0.06,0.76,0.08,0.04,0.0,0.0,0.0,0.0,0.04,0.0,0.0,0.0,0.0,0.0,0.02
25,5,1,4,False,0.7885135700098965,0.08639821413482629,2,qUCB,0.18,0.16,0.58,0.0,0.0,0.0,0.0,0.0,0.04,0.0,0.0,0.0,0.0,0.0,0.04
25,5,1,4,False,0.7885135700098965,0.08639821413482629,3,qUCB,0.16,0.66,0.08,0.0,0.02,0.0,0.0,0.0,0.04,0.0,0.0,0.0,0.0,0.0,0.04
25,5,1,4,False,0.7885135700098965,0.08639821413482629,4,qUCB,0.0,0.0,0.92,0.0,0.0,0.0,0.0,0.0,0.02,0.0,0.0,0.0,0.0,0.04,0.02
25,6,0,5,False,0.453551025527271,0.25357237069190575,0,qUCB,0.16,0.66,0.08,0.04,0.0,0.0,0.0,0.0,0.0,0.0,0.0,0.02,0.0,0.02,0.02
25,6,0,5,False,0.453551025527271,0.25357237069190575,1,qUCB,0.0,0.44,0.54,0.0,0.02,0.0,0.0,0.0,0.0,0.0,0.0,0.0,0.0,0.0,0.0
25,6,0,5,False,0.453551025527271,0.25357237069190575,2,qUCB,0.0,0.86,0.08,0.04,0.0,0.0,0.0,0.0,0.02,0.0,0.0,0.0,0.0,0.0,0.0
25,6,0,5,False,0.453551025527271,0.25357237069190575,3,qUCB,0.18,0.16,0.58,0.0,0.0,0.0,0.0,0.0,0.04,0.0,0.0,0.0,0.0,0.0,0.04
25,6,0,5,False,0.453551025527271,0.25357237069190575,4,qUCB,0.0,0.56,0.42,0.02,0.0,0.0,0.0,0.0,0.0,0.0,0.0,0.0,0.0,0.0,0.0
26,1,5,0,False,1.3561857565223012,0.14264833115320918,0,qEHVI,0.4,0.2,0.3,0.02,0.0,0.0,0.0,0.0,0.0,0.0,0.0,0.04,0.0,0.02,0.02
26,1,5,0,False,1.3561857565223012,0.14264833115320918,1,qEHVI,0.46,0.02,0.42,0.02,0.0,0.0,0.0,0.0,0.0,0.0,0.0,0.04,0.0,0.04,0.0
26,1,5,0,False,1.3561857565223012,0.14264833115320918,2,qEHVI,0.36,0.26,0.28,0.04,0.02,0.0,0.0,0.0,0.0,0.0,0.0,0.04,0.0,0.0,0.0
26,1,5,0,False,1.3561857565223012,0.14264833115320918,3,qEHVI,0.38,0.2,0.32,0.04,0.0,0.0,0.0,0.0,0.02,0.0,0.0,0.04,0.0,0.0,0.0
26,1,5,0,False,1.3561857565223012,0.14264833115320918,4,qEHVI,0.68,0.24,0.06,0.0,0.0,0.0,0.0,0.0,0.0,0.0,0.0,0.0,0.0,0.02,0.0
26,2,4,1,False,1.2170980412558143,0.07195260974140893,0,qEHVI,0.4,0.2,0.3,0.02,0.0,0.0,0.0,0.0,0.0,0.0,0.0,0.04,0.0,0.02,0.02
26,2,4,1,False,1.2170980412558143,0.07195260974140893,1,qEHVI,0.46,0.02,0.42,0.02,0.0,0.0,0.0,0.0,0.0,0.0,0.0,0.04,0.0,0.04,0.0
26,2,4,1,False,1.2170980412558143,0.07195260974140893,2,qEHVI,0.36,0.26,0.28,0.04,0.02,0.0,0.0,0.0,0.0,0.0,0.0,0.04,0.0,0.0,0.0
26,2,4,1,False,1.2170980412558143,0.07195260974140893,3,qEHVI,0.44,0.06,0.4,0.02,0.04,0.0,0.0,0.0,0.0,0.0,0.0,0.0,0.0,0.04,0.0
26,2,4,1,False,1.2170980412558143,0.07195260974140893,4,qUCB,0.42,0.12,0.36,0.0,0.02,0.0,0.0,0.0,0.04,0.0,0.0,0.0,0.0,0.0,0.04
26,3,3,2,False,1.1157021585563507,0.15855159929087037,0,qEHVI,0.4,0.2,0.3,0.02,0.0,0.0,0.0,0.0,0.0,0.0,0.0,0.04,0.0,0.02,0.02
26,3,3,2,False,1.1157021585563507,0.15855159929087037,1,qEHVI,0.46,0.02,0.42,0.02,0.0,0.0,0.0,0.0,0.0,0.0,0.0,0.04,0.0,0.04,0.0
26,3,3,2,False,1.1157021585563507,0.15855159929087037,2,qEHVI,0.36,0.26,0.28,0.04,0.02,0.0,0.0,0.0,0.0,0.0,0.0,0.04,0.0,0.0,0.0
26,3,3,2,False,1.1157021585563507,0.15855159929087037,3,qUCB,0.4,0.12,0.38,0.0,0.04,0.0,0.0,0.0,0.04,0.0,0.0,0.0,0.0,0.02,0.0
26,3,3,2,False,1.1157021585563507,0.15855159929087037,4,qUCB,0.64,0.16,0.12,0.0,0.04,0.0,0.0,0.0,0.04,0.0,0.0,0.0,0.0,0.0,0.0
26,4,2,3,True,0.7762870244186949,0.24956182064953847,0,qEHVI,0.4,0.2,0.3,0.02,0.0,0.0,0.0,0.0,0.0,0.0,0.0,0.04,0.0,0.02,0.02
26,4,2,3,True,0.7762870244186949,0.24956182064953847,1,qEHVI,0.46,0.02,0.42,0.02,0.0,0.0,0.0,0.0,0.0,0.0,0.0,0.04,0.0,0.04,0.0
26,4,2,3,True,0.7762870244186949,0.24956182064953847,2,qUCB,0.48,0.08,0.36,0.0,0.04,0.0,0.0,0.0,0.04,0.0,0.0,0.0,0.0,0.0,0.0
26,4,2,3,True,0.7762870244186949,0.24956182064953847,3,qUCB,0.64,0.16,0.12,0.0,0.04,0.0,0.0,0.0,0.04,0.0,0.0,0.0,0.0,0.0,0.0
26,4,2,3,True,0.7762870244186949,0.24956182064953847,4,qUCB,0.0,0.7000000000000001,0.22,0.0,0.04,0.0,0.0,0.0,0.04,0.0,0.0,0.0,0.0,0.0,0.0
26,5,1,4,False,0.4468786222226818,0.27133830409817516,0,qEHVI,0.4,0.2,0.3,0.02,0.0,0.0,0.0,0.0,0.0,0.0,0.0,0.04,0.0,0.02,0.02
26,5,1,4,False,0.4468786222226818,0.27133830409817516,1,qUCB,0.48,0.08,0.36,0.0,0.04,0.0,0.0,0.0,0.04,0.0,0.0,0.0,0.0,0.0,0.0
26,5,1,4,False,0.4468786222226818,0.27133830409817516,2,qUCB,0.64,0.16,0.12,0.0,0.04,0.0,0.0,0.0,0.04,0.0,0.0,0.0,0.0,0.0,0.0
26,5,1,4,False,0.4468786222226818,0.27133830409817516,3,qUCB,0.0,0.7000000000000001,0.22,0.0,0.04,0.0,0.0,0.0,0.04,0.0,0.0,0.0,0.0,0.0,0.0
26,5,1,4,False,0.4468786222226818,0.27133830409817516,4,qUCB,0.06,0.0,0.86,0.0,0.04,0.0,0.0,0.0,0.04,0.0,0.0,0.0,0.0,0.0,0.0
26,6,0,5,False,0.5356834566946987,0.22340089491172987,0,qUCB,0.44,0.08,0.38,0.0,0.04,0.0,0.0,0.0,0.0,0.0,0.0,0.02,0.0,0.04,0.0
26,6,0,5,False,0.5356834566946987,0.22340089491172987,1,qUCB,0.68,0.18,0.14,0.0,0.0,0.0,0.0,0.0,0.0,0.0,0.0,0.0,0.0,0.0,0.0
26,6,0,5,False,0.5356834566946987,0.22340089491172987,2,qUCB,0.24,0.44,0.22,0.04,0.0,0.0,0.0,0.0,0.02,0.0,0.0,0.04,0.0,0.0,0.0
26,6,0,5,False,0.5356834566946987,0.22340089491172987,3,qUCB,0.42,0.48,0.0,0.04,0.0,0.0,0.0,0.0,0.0,0.0,0.0,0.04,0.0,0.0,0.02
26,6,0,5,False,0.5356834566946987,0.22340089491172987,4,qUCB,0.6,0.26,0.1,0.0,0.0,0.0,0.0,0.0,0.0,0.0,0.0,0.04,0.0,0.0,0.0
27,1,5,0,False,1.6809607180750985,0.5070583852718953,0,qEHVI,0.5,0.2,0.2,0.02,0.0,0.0,0.0,0.0,0.04,0.0,0.0,0.04,0.0,0.0,0.0
27,1,5,0,False,1.6809607180750985,0.5070583852718953,1,qEHVI,0.38,0.14,0.38,0.0,0.0,0.0,0.0,0.0,0.02,0.0,0.0,0.04,0.0,0.02,0.02
27,1,5,0,False,1.6809607180750985,0.5070583852718953,2,qEHVI,0.5,0.4,0.0,0.04,0.02,0.0,0.0,0.0,0.0,0.0,0.0,0.04,0.0,0.0,0.0
27,1,5,0,False,1.6809607180750985,0.5070583852718953,3,qEHVI,0.74,0.18,0.04,0.0,0.04,0.0,0.0,0.0,0.0,0.0,0.0,0.0,0.0,0.0,0.0
27,1,5,0,False,1.6809607180750985,0.5070583852718953,4,qEHVI,0.14,0.02,0.8,0.0,0.0,0.0,0.0,0.0,0.02,0.0,0.0,0.0,0.0,0.0,0.02
27,2,4,1,True,1.5024039268728664,0.36423350950911804,0,qEHVI,0.5,0.2,0.2,0.02,0.0,0.0,0.0,0.0,0.04,0.0,0.0,0.04,0.0,0.0,0.0
27,2,4,1,True,1.5024039268728664,0.36423350950911804,1,qEHVI,0.38,0.14,0.38,0.0,0.0,0.0,0.0,0.0,0.02,0.0,0.0,0.04,0.0,0.02,0.02
27,2,4,1,True,1.5024039268728664,0.36423350950911804,2,qEHVI,0.5,0.4,0.0,0.04,0.02,0.0,0.0,0.0,0.0,0.0,0.0,0.04,0.0,0.0,0.0
27,2,4,1,True,1.5024039268728664,0.36423350950911804,3,qEHVI,0.74,0.18,0.04,0.0,0.04,0.0,0.0,0.0,0.0,0.0,0.0,0.0,0.0,0.0,0.0
27,2,4,1,True,1.5024039268728664,0.36423350950911804,4,qUCB,0.42,0.32,0.16,0.04,0.0,0.0,0.0,0.0,0.02,0.0,0.0,0.0,0.0,0.0,0.04
27,3,3,2,False,1.3133152849440757,0.19093600310912606,0,qEHVI,0.5,0.2,0.2,0.02,0.0,0.0,0.0,0.0,0.04,0.0,0.0,0.04,0.0,0.0,0.0
27,3,3,2,False,1.3133152849440757,0.19093600310912606,1,qEHVI,0.38,0.14,0.38,0.0,0.0,0.0,0.0,0.0,0.02,0.0,0.0,0.04,0.0,0.02,0.02
27,3,3,2,False,1.3133152849440757,0.19093600310912606,2,qEHVI,0.5,0.4,0.0,0.04,0.02,0.0,0.0,0.0,0.0,0.0,0.0,0.04,0.0,0.0,0.0
27,3,3,2,False,1.3133152849440757,0.19093600310912606,3,qUCB,0.54,0.16,0.2,0.02,0.04,0.0,0.0,0.0,0.0,0.0,0.0,0.0,0.0,0.04,0.0
27,3,3,2,False,1.3133152849440757,0.19093600310912606,4,qUCB,0.0,0.0,0.92,0.04,0.04,0.0,0.0,0.0,0.0,0.0,0.0,0.0,0.0,0.0,0.0
27,4,2,3,False,1.171198864119766,0.11026198165757606,0,qEHVI,0.5,0.2,0.2,0.02,0.0,0.0,0.0,0.0,0.04,0.0,0.0,0.04,0.0,0.0,0.0
27,4,2,3,False,1.171198864119766,0.11026198165757606,1,qEHVI,0.38,0.14,0.38,0.0,0.0,0.0,0.0,0.0,0.02,0.0,0.0,0.04,0.0,0.02,0.02
27,4,2,3,False,1.171198864119766,0.11026198165757606,2,qUCB,0.0,0.0,0.92,0.04,0.04,0.0,0.0,0.0,0.0,0.0,0.0,0.0,0.0,0.0,0.0
27,4,2,3,False,1.171198864119766,0.11026198165757606,3,qUCB,0.18,0.14,0.58,0.04,0.04,0.0,0.0,0.0,0.0,0.0,0.0,0.0,0.0,0.02,0.0
27,4,2,3,False,1.171198864119766,0.11026198165757606,4,qUCB,0.2,0.16,0.58,0.0,0.04,0.0,0.0,0.0,0.0,0.0,0.0,0.0,0.0,0.0,0.02
27,5,1,4,False,0.849724874014609,0.16804677961666314,0,qEHVI,0.5,0.2,0.2,0.02,0.0,0.0,0.0,0.0,0.04,0.0,0.0,0.04,0.0,0.0,0.0
27,5,1,4,False,0.849724874014609,0.16804677961666314,1,qUCB,0.54,0.16,0.2,0.02,0.04,0.0,0.0,0.0,0.0,0.0,0.0,0.0,0.0,0.04,0.0
27,5,1,4,False,0.849724874014609,0.16804677961666314,2,qUCB,0.0,0.0,0.92,0.04,0.04,0.0,0.0,0.0,0.0,0.0,0.0,0.0,0.0,0.0,0.0
27,5,1,4,False,0.849724874014609,0.16804677961666314,3,qUCB,0.18,0.16,0.58,0.0,0.02,0.0,0.0,0.0,0.0,0.0,0.0,0.0,0.0,0.04,0.02
27,5,1,4,False,0.849724874014609,0.16804677961666314,4,qUCB,0.0,0.54,0.42,0.0,0.0,0.0,0.0,0.0,0.0,0.0,0.0,0.0,0.0,0.0,0.04
27,6,0,5,False,0.792294767583944,0.14483721406492478,0,qUCB,0.42,0.3,0.18,0.04,0.0,0.0,0.0,0.0,0.0,0.0,0.0,0.04,0.0,0.02,0.0
27,6,0,5,False,0.792294767583944,0.14483721406492478,1,qUCB,0.0,0.0,0.92,0.04,0.04,0.0,0.0,0.0,0.0,0.0,0.0,0.0,0.0,0.0,0.0
27,6,0,5,False,0.792294767583944,0.14483721406492478,2,qUCB,0.18,0.14,0.58,0.0,0.04,0.0,0.0,0.0,0.02,0.0,0.0,0.04,0.0,0.0,0.0
27,6,0,5,False,0.792294767583944,0.14483721406492478,3,qUCB,0.02,0.06,0.92,0.0,0.0,0.0,0.0,0.0,0.0,0.0,0.0,0.0,0.0,0.0,0.0
27,6,0,5,False,0.792294767583944,0.14483721406492478,4,qUCB,0.0,0.32,0.58,0.0,0.04,0.0,0.0,0.0,0.02,0.0,0.0,0.02,0.0,0.02,0.0
28,1,5,0,False,1.4043016941248982,0.10903661973522638,0,qEHVI,0.16,0.0,0.8200000000000001,0.0,0.0,0.0,0.0,0.0,0.0,0.0,0.0,0.0,0.0,0.02,0.0
28,1,5,0,False,1.4043016941248982,0.10903661973522638,1,qEHVI,0.14,0.56,0.2,0.04,0.0,0.0,0.0,0.0,0.0,0.0,0.0,0.04,0.0,0.02,0.0
28,1,5,0,False,1.4043016941248982,0.10903661973522638,2,qEHVI,0.46,0.16,0.36,0.02,0.0,0.0,0.0,0.0,0.0,0.0,0.0,0.0,0.0,0.0,0.0
28,1,5,0,False,1.4043016941248982,0.10903661973522638,3,qEHVI,0.32,0.0,0.6,0.0,0.04,0.0,0.0,0.0,0.02,0.0,0.0,0.0,0.0,0.02,0.0
28,1,5,0,False,1.4043016941248982,0.10903661973522638,4,qEHVI,0.7000000000000001,0.16,0.04,0.0,0.0,0.0,0.0,0.0,0.02,0.0,0.0,0.0,0.0,0.04,0.04
28,2,4,1,True,1.2819499729082977,0.421262026672899,0,qEHVI,0.18,0.02,0.8,0.0,0.0,0.0,0.0,0.0,0.0,0.0,0.0,0.0,0.0,0.0,0.0
28,2,4,1,True,1.2819499729082977,0.421262026672899,1,qEHVI,0.14,0.56,0.2,0.04,0.0,0.0,0.0,0.0,0.0,0.0,0.0,0.04,0.0,0.02,0.0
28,2,4,1,True,1.2819499729082977,0.421262026672899,2,qEHVI,0.46,0.16,0.36,0.02,0.0,0.0,0.0,0.0,0.0,0.0,0.0,0.0,0.0,0.0,0.0
28,2,4,1,True,1.2819499729082977,0.421262026672899,3,qEHVI,0.32,0.0,0.6,0.0,0.04,0.0,0.0,0.0,0.02,0.0,0.0,0.0,0.0,0.02,0.0
28,2,4,1,True,1.2819499729082977,0.421262026672899,4,qUCB,0.18,0.14,0.58,0.0,0.0,0.0,0.0,0.0,0.04,0.0,0.0,0.0,0.0,0.02,0.04
28,3,3,2,False,1.228242773201933,0.3536770843380417,0,qEHVI,0.16,0.0,0.8200000000000001,0.0,0.0,0.0,0.0,0.0,0.0,0.0,0.0,0.0,0.0,0.02,0.0
28,3,3,2,False,1.228242773201933,0.3536770843380417,1,qEHVI,0.14,0.56,0.2,0.04,0.0,0.0,0.0,0.0,0.0,0.0,0.0,0.04,0.0,0.02,0.0
28,3,3,2,False,1.228242773201933,0.3536770843380417,2,qEHVI,0.46,0.16,0.36,0.02,0.0,0.0,0.0,0.0,0.0,0.0,0.0,0.0,0.0,0.0,0.0
28,3,3,2,False,1.228242773201933,0.3536770843380417,3,qUCB,0.18,0.12,0.6,0.0,0.02,0.0,0.0,0.0,0.04,0.0,0.0,0.04,0.0,0.0,0.0
28,3,3,2,False,1.228242773201933,0.3536770843380417,4,qUCB,0.0,0.0,0.9400000000000001,0.04,0.0,0.0,0.0,0.0,0.0,0.0,0.0,0.0,0.0,0.0,0.02
28,4,2,3,False,1.1101646743697182,0.0744172480307963,0,qEHVI,0.18,0.02,0.8,0.0,0.0,0.0,0.0,0.0,0.0,0.0,0.0,0.0,0.0,0.0,0.0
28,4,2,3,False,1.1101646743697182,0.0744172480307963,1,qEHVI,0.14,0.56,0.2,0.04,0.0,0.0,0.0,0.0,0.0,0.0,0.0,0.04,0.0,0.02,0.0
28,4,2,3,False,1.1101646743697182,0.0744172480307963,2,qUCB,0.72,0.12,0.06,0.0,0.0,0.0,0.0,0.0,0.04,0.0,0.0,0.0,0.0,0.04,0.02
28,4,2,3,False,1.1101646743697182,0.0744172480307963,3,qUCB,0.16,0.16,0.58,0.0,0.04,0.0,0.0,0.0,0.0,0.0,0.0,0.0,0.0,0.04,0.02
28,4,2,3,False,1.1101646743697182,0.0744172480307963,4,qUCB,0.0,0.0,0.9400000000000001,0.04,0.0,0.0,0.0,0.0,0.0,0.0,0.0,0.0,0.0,0.0,0.02
28,5,1,4,False,1.267958167234269,0.38307795448914916,0,qEHVI,0.18,0.02,0.8,0.0,0.0,0.0,0.0,0.0,0.0,0.0,0.0,0.0,0.0,0.0,0.0
28,5,1,4,False,1.267958167234269,0.38307795448914916,1,qUCB,0.14,0.56,0.2,0.04,0.0,0.0,0.0,0.0,0.0,0.0,0.0,0.04,0.0,0.02,0.0
28,5,1,4,False,1.267958167234269,0.38307795448914916,2,qUCB,0.16,0.16,0.58,0.0,0.04,0.0,0.0,0.0,0.0,0.0,0.0,0.0,0.0,0.04,0.02
28,5,1,4,False,1.267958167234269,0.38307795448914916,3,qUCB,0.0,0.0,0.9400000000000001,0.04,0.0,0.0,0.0,0.0,0.0,0.0,0.0,0.0,0.0,0.0,0.02
28,5,1,4,False,1.267958167234269,0.38307795448914916,4,qUCB,0.0,0.6,0.32,0.04,0.0,0.0,0.0,0.0,0.04,0.0,0.0,0.0,0.0,0.0,0.0
28,6,0,5,False,0.9021023373743493,0.10458360977748526,0,qUCB,0.2,0.52,0.2,0.04,0.0,0.0,0.0,0.0,0.02,0.0,0.0,0.02,0.0,0.0,0.0
28,6,0,5,False,0.9021023373743493,0.10458360977748526,1,qUCB,0.0,0.0,0.9400000000000001,0.04,0.0,0.0,0.0,0.0,0.0,0.0,0.0,0.0,0.0,0.0,0.02
28,6,0,5,False,0.9021023373743493,0.10458360977748526,2,qUCB,0.16,0.16,0.58,0.0,0.04,0.0,0.0,0.0,0.0,0.0,0.0,0.0,0.0,0.04,0.02
28,6,0,5,False,0.9021023373743493,0.10458360977748526,3,qUCB,0.0,0.34,0.58,0.0,0.0,0.0,0.0,0.0,0.02,0.0,0.0,0.04,0.0,0.02,0.0
28,6,0,5,False,0.9021023373743493,0.10458360977748526,4,qUCB,0.0,0.24,0.68,0.04,0.0,0.0,0.0,0.0,0.0,0.0,0.0,0.04,0.0,0.0,0.0
29,1,5,0,False,1.5933877728255974,0.0708927221858282,0,qEHVI,0.5,0.2,0.2,0.02,0.04,0.0,0.0,0.0,0.0,0.0,0.0,0.04,0.0,0.0,0.0
29,1,5,0,False,1.5933877728255974,0.0708927221858282,1,qEHVI,0.44,0.0,0.46,0.02,0.04,0.0,0.0,0.0,0.0,0.0,0.0,0.04,0.0,0.0,0.0
29,1,5,0,False,1.5933877728255974,0.0708927221858282,2,qEHVI,0.38,0.22,0.3,0.02,0.04,0.0,0.0,0.0,0.0,0.0,0.0,0.04,0.0,0.0,0.0
29,1,5,0,False,1.5933877728255974,0.0708927221858282,3,qEHVI,0.68,0.24,0.04,0.0,0.02,0.0,0.0,0.0,0.02,0.0,0.0,0.0,0.0,0.0,0.0
29,1,5,0,False,1.5933877728255974,0.0708927221858282,4,qEHVI,0.36,0.14,0.4,0.0,0.0,0.0,0.0,0.0,0.0,0.0,0.0,0.02,0.0,0.04,0.04
29,2,4,1,False,1.5452175623120434,0.057801509951034724,0,qEHVI,0.5,0.2,0.2,0.02,0.04,0.0,0.0,0.0,0.0,0.0,0.0,0.04,0.0,0.0,0.0
29,2,4,1,False,1.5452175623120434,0.057801509951034724,1,qEHVI,0.44,0.0,0.46,0.02,0.04,0.0,0.0,0.0,0.0,0.0,0.0,0.04,0.0,0.0,0.0
29,2,4,1,False,1.5452175623120434,0.057801509951034724,2,qEHVI,0.38,0.22,0.3,0.02,0.04,0.0,0.0,0.0,0.0,0.0,0.0,0.04,0.0,0.0,0.0
29,2,4,1,False,1.5452175623120434,0.057801509951034724,3,qEHVI,0.68,0.24,0.04,0.0,0.02,0.0,0.0,0.0,0.02,0.0,0.0,0.0,0.0,0.0,0.0
29,2,4,1,False,1.5452175623120434,0.057801509951034724,4,qUCB,0.36,0.14,0.4,0.0,0.0,0.0,0.0,0.0,0.0,0.0,0.0,0.02,0.0,0.04,0.04
29,3,3,2,True,1.254140830501633,0.1523508131026472,0,qEHVI,0.5,0.2,0.2,0.02,0.04,0.0,0.0,0.0,0.0,0.0,0.0,0.04,0.0,0.0,0.0
29,3,3,2,True,1.254140830501633,0.1523508131026472,1,qEHVI,0.44,0.0,0.46,0.02,0.04,0.0,0.0,0.0,0.0,0.0,0.0,0.04,0.0,0.0,0.0
29,3,3,2,True,1.254140830501633,0.1523508131026472,2,qEHVI,0.38,0.22,0.3,0.02,0.04,0.0,0.0,0.0,0.0,0.0,0.0,0.04,0.0,0.0,0.0
29,3,3,2,True,1.254140830501633,0.1523508131026472,3,qUCB,0.36,0.16,0.4,0.0,0.0,0.0,0.0,0.0,0.0,0.0,0.0,0.0,0.0,0.04,0.04
29,3,3,2,True,1.254140830501633,0.1523508131026472,4,qUCB,0.0,0.0,0.92,0.04,0.0,0.0,0.0,0.0,0.02,0.0,0.0,0.0,0.0,0.0,0.02
29,4,2,3,False,1.0120830766182805,0.13815071475104723,0,qEHVI,0.5,0.2,0.2,0.02,0.04,0.0,0.0,0.0,0.0,0.0,0.0,0.04,0.0,0.0,0.0
29,4,2,3,False,1.0120830766182805,0.13815071475104723,1,qEHVI,0.44,0.0,0.46,0.02,0.04,0.0,0.0,0.0,0.0,0.0,0.0,0.04,0.0,0.0,0.0
29,4,2,3,False,1.0120830766182805,0.13815071475104723,2,qUCB,0.36,0.16,0.4,0.0,0.0,0.0,0.0,0.0,0.0,0.0,0.0,0.0,0.0,0.04,0.04
29,4,2,3,False,1.0120830766182805,0.13815071475104723,3,qUCB,0.0,0.0,0.92,0.04,0.0,0.0,0.0,0.0,0.02,0.0,0.0,0.0,0.0,0.0,0.02
29,4,2,3,False,1.0120830766182805,0.13815071475104723,4,qUCB,0.0,0.44,0.54,0.0,0.0,0.0,0.0,0.0,0.0,0.0,0.0,0.0,0.0,0.0,0.02
29,5,1,4,False,0.9152995220462499,0.23478323075279484,0,qEHVI,0.5,0.2,0.2,0.02,0.04,0.0,0.0,0.0,0.0,0.0,0.0,0.04,0.0,0.0,0.0
29,5,1,4,False,0.9152995220462499,0.23478323075279484,1,qUCB,0.36,0.16,0.4,0.0,0.0,0.0,0.0,0.0,0.0,0.0,0.0,0.0,0.0,0.04,0.04
29,5,1,4,False,0.9152995220462499,0.23478323075279484,2,qUCB,0.0,0.0,0.92,0.04,0.0,0.0,0.0,0.0,0.02,0.0,0.0,0.0,0.0,0.0,0.02
29,5,1,4,False,0.9152995220462499,0.23478323075279484,3,qUCB,0.0,0.44,0.54,0.0,0.0,0.0,0.0,0.0,0.0,0.0,0.0,0.0,0.0,0.0,0.02
29,5,1,4,False,0.9152995220462499,0.23478323075279484,4,qUCB,0.0,0.4,0.58,0.0,0.0,0.0,0.0,0.0,0.0,0.0,0.0,0.0,0.0,0.0,0.02
29,6,0,5,False,0.6278104211532144,0.2539653249907854,0,qUCB,0.42,0.1,0.4,0.04,0.0,0.0,0.0,0.0,0.02,0.0,0.0,0.0,0.0,0.0,0.02
29,6,0,5,False,0.6278104211532144,0.2539653249907854,1,qUCB,0.0,0.0,0.92,0.04,0.0,0.0,0.0,0.0,0.02,0.0,0.0,0.0,0.0,0.0,0.02
29,6,0,5,False,0.6278104211532144,0.2539653249907854,2,qUCB,0.0,0.44,0.54,0.0,0.0,0.0,0.0,0.0,0.0,0.0,0.0,0.0,0.0,0.0,0.02
29,6,0,5,False,0.6278104211532144,0.2539653249907854,3,qUCB,0.0,0.4,0.58,0.0,0.0,0.0,0.0,0.0,0.0,0.0,0.0,0.0,0.0,0.0,0.02
29,6,0,5,False,0.6278104211532144,0.2539653249907854,4,qUCB,0.76,0.0,0.16,0.0,0.04,0.0,0.0,0.0,0.0,0.0,0.0,0.04,0.0,0.0,0.0
30,1,5,0,False,1.3647698771166374,0.2037165716918139,0,qEHVI,0.42,0.16,0.32,0.02,0.0,0.0,0.0,0.0,0.0,0.0,0.0,0.04,0.0,0.04,0.0
30,1,5,0,False,1.3647698771166374,0.2037165716918139,1,qEHVI,0.44,0.04,0.42,0.02,0.02,0.0,0.0,0.0,0.0,0.0,0.0,0.0,0.0,0.02,0.04
30,1,5,0,False,1.3647698771166374,0.2037165716918139,2,qEHVI,0.36,0.28,0.26,0.04,0.0,0.0,0.0,0.0,0.0,0.0,0.0,0.04,0.0,0.02,0.0
30,1,5,0,False,1.3647698771166374,0.2037165716918139,3,qEHVI,0.7000000000000001,0.26,0.04,0.0,0.0,0.0,0.0,0.0,0.0,0.0,0.0,0.0,0.0,0.0,0.0
30,1,5,0,False,1.3647698771166374,0.2037165716918139,4,qEHVI,0.44,0.16,0.3,0.04,0.0,0.0,0.0,0.0,0.0,0.0,0.0,0.04,0.0,0.0,0.02
30,2,4,1,False,1.2508228766320308,0.24539998664173623,0,qEHVI,0.42,0.16,0.32,0.02,0.0,0.0,0.0,0.0,0.0,0.0,0.0,0.04,0.0,0.04,0.0
30,2,4,1,False,1.2508228766320308,0.24539998664173623,1,qEHVI,0.44,0.04,0.42,0.02,0.02,0.0,0.0,0.0,0.0,0.0,0.0,0.0,0.0,0.02,0.04
30,2,4,1,False,1.2508228766320308,0.24539998664173623,2,qEHVI,0.36,0.28,0.26,0.04,0.0,0.0,0.0,0.0,0.0,0.0,0.0,0.04,0.0,0.02,0.0
30,2,4,1,False,1.2508228766320308,0.24539998664173623,3,qEHVI,0.7000000000000001,0.26,0.04,0.0,0.0,0.0,0.0,0.0,0.0,0.0,0.0,0.0,0.0,0.0,0.0
30,2,4,1,False,1.2508228766320308,0.24539998664173623,4,qUCB,0.4,0.12,0.38,0.0,0.0,0.0,0.0,0.0,0.04,0.0,0.0,0.04,0.0,0.0,0.02
30,3,3,2,True,1.1014589476237235,0.278666540186701,0,qEHVI,0.42,0.16,0.32,0.02,0.0,0.0,0.0,0.0,0.0,0.0,0.0,0.04,0.0,0.04,0.0
30,3,3,2,True,1.1014589476237235,0.278666540186701,1,qEHVI,0.44,0.04,0.42,0.02,0.02,0.0,0.0,0.0,0.0,0.0,0.0,0.0,0.0,0.02,0.04
30,3,3,2,True,1.1014589476237235,0.278666540186701,2,qEHVI,0.36,0.28,0.26,0.04,0.0,0.0,0.0,0.0,0.0,0.0,0.0,0.04,0.0,0.02,0.0
30,3,3,2,True,1.1014589476237235,0.278666540186701,3,qUCB,0.48,0.36,0.06,0.0,0.04,0.0,0.0,0.0,0.04,0.0,0.0,0.02,0.0,0.0,0.0
30,3,3,2,True,1.1014589476237235,0.278666540186701,4,qUCB,0.84,0.0,0.16,0.0,0.0,0.0,0.0,0.0,0.0,0.0,0.0,0.0,0.0,0.0,0.0
30,4,2,3,False,0.8737594123841496,0.28093744469758475,0,qEHVI,0.42,0.16,0.32,0.02,0.0,0.0,0.0,0.0,0.0,0.0,0.0,0.04,0.0,0.04,0.0
30,4,2,3,False,0.8737594123841496,0.28093744469758475,1,qEHVI,0.44,0.04,0.42,0.02,0.02,0.0,0.0,0.0,0.0,0.0,0.0,0.0,0.0,0.02,0.04
30,4,2,3,False,0.8737594123841496,0.28093744469758475,2,qUCB,0.48,0.36,0.06,0.0,0.04,0.0,0.0,0.0,0.04,0.0,0.0,0.02,0.0,0.0,0.0
30,4,2,3,False,0.8737594123841496,0.28093744469758475,3,qUCB,0.84,0.0,0.16,0.0,0.0,0.0,0.0,0.0,0.0,0.0,0.0,0.0,0.0,0.0,0.0
30,4,2,3,False,0.8737594123841496,0.28093744469758475,4,qUCB,0.02,0.9400000000000001,0.0,0.0,0.0,0.0,0.0,0.0,0.04,0.0,0.0,0.0,0.0,0.0,0.0
30,5,1,4,False,0.6082352454127792,0.08276854230172892,0,qEHVI,0.42,0.16,0.32,0.02,0.0,0.0,0.0,0.0,0.0,0.0,0.0,0.04,0.0,0.04,0.0
30,5,1,4,False,0.6082352454127792,0.08276854230172892,1,qUCB,0.38,0.16,0.36,0.0,0.02,0.0,0.0,0.0,0.04,0.0,0.0,0.0,0.0,0.0,0.04
30,5,1,4,False,0.6082352454127792,0.08276854230172892,2,qUCB,0.84,0.0,0.16,0.0,0.0,0.0,0.0,0.0,0.0,0.0,0.0,0.0,0.0,0.0,0.0
30,5,1,4,False,0.6082352454127792,0.08276854230172892,3,qUCB,0.0,0.9400000000000001,0.0,0.0,0.04,0.0,0.0,0.0,0.0,0.0,0.0,0.0,0.0,0.0,0.02
30,5,1,4,False,0.6082352454127792,0.08276854230172892,4,qUCB,0.66,0.24,0.0,0.04,0.04,0.0,0.0,0.0,0.0,0.0,0.0,0.0,0.0,0.0,0.02
30,6,0,5,False,0.5266968161037495,0.27066289236436614,0,qUCB,0.84,0.0,0.16,0.0,0.0,0.0,0.0,0.0,0.0,0.0,0.0,0.0,0.0,0.0,0.0
30,6,0,5,False,0.5266968161037495,0.27066289236436614,1,qUCB,0.38,0.1,0.42,0.0,0.0,0.0,0.0,0.0,0.0,0.0,0.0,0.04,0.0,0.02,0.04
30,6,0,5,False,0.5266968161037495,0.27066289236436614,2,qUCB,0.4,0.3,0.2,0.04,0.0,0.0,0.0,0.0,0.02,0.0,0.0,0.04,0.0,0.0,0.0
30,6,0,5,False,0.5266968161037495,0.27066289236436614,3,qUCB,0.48,0.1,0.42,0.0,0.0,0.0,0.0,0.0,0.0,0.0,0.0,0.0,0.0,0.0,0.0
30,6,0,5,False,0.5266968161037495,0.27066289236436614,4,qUCB,0.48,0.4,0.02,0.02,0.04,0.0,0.0,0.0,0.0,0.0,0.0,0.04,0.0,0.0,0.0
31,1,5,0,False,1.227107779907423,0.07478395011143668,0,qEHVI,0.62,0.26,0.04,0.0,0.04,0.0,0.0,0.0,0.0,0.0,0.0,0.0,0.0,0.0,0.04
31,1,5,0,False,1.227107779907423,0.07478395011143668,1,qEHVI,0.46,0.14,0.3,0.02,0.02,0.0,0.0,0.0,0.02,0.0,0.0,0.04,0.0,0.0,0.0
31,1,5,0,False,1.227107779907423,0.07478395011143668,2,qEHVI,0.4,0.3,0.2,0.04,0.0,0.0,0.0,0.0,0.0,0.0,0.0,0.04,0.0,0.0,0.02
31,1,5,0,False,1.227107779907423,0.07478395011143668,3,qEHVI,0.48,0.0,0.46,0.0,0.04,0.0,0.0,0.0,0.0,0.0,0.0,0.0,0.0,0.02,0.0
31,1,5,0,False,1.227107779907423,0.07478395011143668,4,qEHVI,0.78,0.16,0.06,0.0,0.0,0.0,0.0,0.0,0.0,0.0,0.0,0.0,0.0,0.0,0.0
31,2,4,1,True,1.2117982754586463,0.15987862173699519,0,qEHVI,0.62,0.26,0.04,0.0,0.04,0.0,0.0,0.0,0.0,0.0,0.0,0.0,0.0,0.0,0.04
31,2,4,1,True,1.2117982754586463,0.15987862173699519,1,qEHVI,0.46,0.14,0.3,0.02,0.02,0.0,0.0,0.0,0.02,0.0,0.0,0.04,0.0,0.0,0.0
31,2,4,1,True,1.2117982754586463,0.15987862173699519,2,qEHVI,0.4,0.3,0.2,0.04,0.0,0.0,0.0,0.0,0.0,0.0,0.0,0.04,0.0,0.0,0.02
31,2,4,1,True,1.2117982754586463,0.15987862173699519,3,qEHVI,0.48,0.0,0.46,0.0,0.04,0.0,0.0,0.0,0.0,0.0,0.0,0.0,0.0,0.02,0.0
31,2,4,1,True,1.2117982754586463,0.15987862173699519,4,qUCB,0.38,0.12,0.4,0.02,0.0,0.0,0.0,0.0,0.04,0.0,0.0,0.0,0.0,0.0,0.04
31,3,3,2,False,0.9873605569032281,0.17010905369258555,0,qEHVI,0.62,0.26,0.04,0.0,0.04,0.0,0.0,0.0,0.0,0.0,0.0,0.0,0.0,0.0,0.04
31,3,3,2,False,0.9873605569032281,0.17010905369258555,1,qEHVI,0.46,0.14,0.3,0.02,0.02,0.0,0.0,0.0,0.02,0.0,0.0,0.04,0.0,0.0,0.0
31,3,3,2,False,0.9873605569032281,0.17010905369258555,2,qEHVI,0.4,0.3,0.2,0.04,0.0,0.0,0.0,0.0,0.0,0.0,0.0,0.04,0.0,0.0,0.02
31,3,3,2,False,0.9873605569032281,0.17010905369258555,3,qUCB,0.34,0.14,0.42,0.0,0.0,0.0,0.0,0.0,0.04,0.0,0.0,0.0,0.0,0.04,0.02
31,3,3,2,False,0.9873605569032281,0.17010905369258555,4,qUCB,0.0,0.42,0.56,0.0,0.0,0.0,0.0,0.0,0.0,0.0,0.0,0.02,0.0,0.0,0.0
31,4,2,3,False,0.7725830253957953,0.03245312490078467,0,qEHVI,0.62,0.26,0.04,0.0,0.04,0.0,0.0,0.0,0.0,0.0,0.0,0.0,0.0,0.0,0.04
31,4,2,3,False,0.7725830253957953,0.03245312490078467,1,qEHVI,0.46,0.14,0.3,0.02,0.02,0.0,0.0,0.0,0.02,0.0,0.0,0.04,0.0,0.0,0.0
31,4,2,3,False,0.7725830253957953,0.03245312490078467,2,qUCB,0.38,0.12,0.42,0.04,0.0,0.0,0.0,0.0,0.0,0.0,0.0,0.0,0.0,0.04,0.0
31,4,2,3,False,0.7725830253957953,0.03245312490078467,3,qUCB,0.0,0.42,0.56,0.0,0.0,0.0,0.0,0.0,0.0,0.0,0.0,0.02,0.0,0.0,0.0
31,4,2,3,False,0.7725830253957953,0.03245312490078467,4,qUCB,0.0,0.54,0.44,0.0,0.0,0.0,0.0,0.0,0.0,0.0,0.0,0.0,0.0,0.02,0.0
31,5,1,4,False,0.6183525784038962,0.03439567688277734,0,qEHVI,0.62,0.26,0.04,0.0,0.04,0.0,0.0,0.0,0.0,0.0,0.0,0.0,0.0,0.0,0.04
31,5,1,4,False,0.6183525784038962,0.03439567688277734,1,qUCB,0.38,0.1,0.42,0.04,0.0,0.0,0.0,0.0,0.04,0.0,0.0,0.0,0.0,0.02,0.0
31,5,1,4,False,0.6183525784038962,0.03439567688277734,2,qUCB,0.0,0.42,0.56,0.0,0.0,0.0,0.0,0.0,0.0,0.0,0.0,0.02,0.0,0.0,0.0
31,5,1,4,False,0.6183525784038962,0.03439567688277734,3,qUCB,0.0,0.54,0.44,0.0,0.0,0.0,0.0,0.0,0.0,0.0,0.0,0.0,0.0,0.02,0.0
31,5,1,4,False,0.6183525784038962,0.03439567688277734,4,qUCB,0.0,0.22,0.7000000000000001,0.04,0.0,0.0,0.0,0.0,0.0,0.0,0.0,0.04,0.0,0.0,0.0
31,6,0,5,False,0.36405786173476534,0.007187918262220094,0,qUCB,0.4,0.1,0.4,0.04,0.0,0.0,0.0,0.0,0.04,0.0,0.0,0.0,0.0,0.0,0.02
31,6,0,5,False,0.36405786173476534,0.007187918262220094,1,qUCB,0.0,0.42,0.56,0.0,0.0,0.0,0.0,0.0,0.0,0.0,0.0,0.02,0.0,0.0,0.0
31,6,0,5,False,0.36405786173476534,0.007187918262220094,2,qUCB,0.0,0.54,0.44,0.0,0.0,0.0,0.0,0.0,0.0,0.0,0.0,0.0,0.0,0.02,0.0
31,6,0,5,False,0.36405786173476534,0.007187918262220094,3,qUCB,0.0,0.48,0.46,0.04,0.0,0.0,0.0,0.0,0.0,0.0,0.0,0.02,0.0,0.0,0.0
31,6,0,5,False,0.36405786173476534,0.007187918262220094,4,qUCB,0.3,0.06,0.54,0.04,0.04,0.0,0.0,0.0,0.0,0.0,0.0,0.0,0.0,0.0,0.02
32,1,5,0,True,1.2051003092838912,0.13696667000622398,0,qEHVI,0.44,0.16,0.3,0.02,0.02,0.0,0.0,0.0,0.0,0.0,0.0,0.04,0.0,0.02,0.0
32,1,5,0,True,1.2051003092838912,0.13696667000622398,1,qEHVI,0.46,0.0,0.46,0.04,0.04,0.0,0.0,0.0,0.0,0.0,0.0,0.0,0.0,0.0,0.0
32,1,5,0,True,1.2051003092838912,0.13696667000622398,2,qEHVI,0.68,0.22,0.04,0.0,0.04,0.0,0.0,0.0,0.0,0.0,0.0,0.0,0.0,0.0,0.02
32,1,5,0,True,1.2051003092838912,0.13696667000622398,3,qEHVI,0.42,0.04,0.44,0.0,0.04,0.0,0.0,0.0,0.02,0.0,0.0,0.0,0.0,0.02,0.02
32,1,5,0,True,1.2051003092838912,0.13696667000622398,4,qEHVI,0.0,0.24,0.66,0.04,0.0,0.0,0.0,0.0,0.0,0.0,0.0,0.02,0.0,0.02,0.02
32,2,4,1,False,1.022413225497529,0.07690242002748615,0,qEHVI,0.44,0.16,0.3,0.02,0.02,0.0,0.0,0.0,0.0,0.0,0.0,0.04,0.0,0.02,0.0
32,2,4,1,False,1.022413225497529,0.07690242002748615,1,qEHVI,0.46,0.0,0.46,0.04,0.04,0.0,0.0,0.0,0.0,0.0,0.0,0.0,0.0,0.0,0.0
32,2,4,1,False,1.022413225497529,0.07690242002748615,2,qEHVI,0.68,0.22,0.04,0.0,0.04,0.0,0.0,0.0,0.0,0.0,0.0,0.0,0.0,0.0,0.02
32,2,4,1,False,1.022413225497529,0.07690242002748615,3,qEHVI,0.0,0.24,0.66,0.04,0.0,0.0,0.0,0.0,0.0,0.0,0.0,0.02,0.0,0.02,0.02
32,2,4,1,False,1.022413225497529,0.07690242002748615,4,qUCB,0.44,0.06,0.4,0.0,0.0,0.0,0.0,0.0,0.04,0.0,0.0,0.02,0.0,0.0,0.04
32,3,3,2,False,0.8698842025809568,0.039696221231011464,0,qEHVI,0.44,0.16,0.3,0.02,0.02,0.0,0.0,0.0,0.0,0.0,0.0,0.04,0.0,0.02,0.0
32,3,3,2,False,0.8698842025809568,0.039696221231011464,1,qEHVI,0.46,0.0,0.46,0.04,0.04,0.0,0.0,0.0,0.0,0.0,0.0,0.0,0.0,0.0,0.0
32,3,3,2,False,0.8698842025809568,0.039696221231011464,2,qEHVI,0.68,0.22,0.04,0.0,0.04,0.0,0.0,0.0,0.0,0.0,0.0,0.0,0.0,0.0,0.02
32,3,3,2,False,0.8698842025809568,0.039696221231011464,3,qUCB,0.44,0.06,0.4,0.02,0.0,0.0,0.0,0.0,0.04,0.0,0.0,0.0,0.0,0.0,0.04
32,3,3,2,False,0.8698842025809568,0.039696221231011464,4,qUCB,0.02,0.86,0.04,0.04,0.0,0.0,0.0,0.0,0.04,0.0,0.0,0.0,0.0,0.0,0.0
32,4,2,3,False,0.7943330152774257,0.10279656380252433,0,qEHVI,0.44,0.16,0.3,0.02,0.02,0.0,0.0,0.0,0.0,0.0,0.0,0.04,0.0,0.02,0.0
32,4,2,3,False,0.7943330152774257,0.10279656380252433,1,qEHVI,0.46,0.0,0.46,0.04,0.04,0.0,0.0,0.0,0.0,0.0,0.0,0.0,0.0,0.0,0.0
32,4,2,3,False,0.7943330152774257,0.10279656380252433,2,qUCB,0.44,0.06,0.4,0.02,0.0,0.0,0.0,0.0,0.04,0.0,0.0,0.0,0.0,0.0,0.04
32,4,2,3,False,0.7943330152774257,0.10279656380252433,3,qUCB,0.7000000000000001,0.16,0.04,0.0,0.02,0.0,0.0,0.0,0.04,0.0,0.0,0.0,0.0,0.0,0.04
32,4,2,3,False,0.7943330152774257,0.10279656380252433,4,qUCB,0.0,0.4,0.58,0.0,0.0,0.0,0.0,0.0,0.0,0.0,0.0,0.02,0.0,0.0,0.0
32,5,1,4,False,0.5436335658767003,0.019762728309928312,0,qEHVI,0.44,0.16,0.3,0.02,0.02,0.0,0.0,0.0,0.0,0.0,0.0,0.04,0.0,0.02,0.0
32,5,1,4,False,0.5436335658767003,0.019762728309928312,1,qUCB,0.44,0.06,0.4,0.02,0.0,0.0,0.0,0.0,0.04,0.0,0.0,0.0,0.0,0.0,0.04
32,5,1,4,False,0.5436335658767003,0.019762728309928312,2,qUCB,0.7000000000000001,0.16,0.04,0.0,0.02,0.0,0.0,0.0,0.04,0.0,0.0,0.0,0.0,0.0,0.04
32,5,1,4,False,0.5436335658767003,0.019762728309928312,3,qUCB,0.0,0.4,0.58,0.0,0.0,0.0,0.0,0.0,0.0,0.0,0.0,0.02,0.0,0.0,0.0
32,5,1,4,False,0.5436335658767003,0.019762728309928312,4,qUCB,0.0,0.42,0.52,0.0,0.02,0.0,0.0,0.0,0.0,0.0,0.0,0.0,0.0,0.0,0.04
32,6,0,5,False,0.5802196940023719,0.1332302798522118,0,qUCB,0.7000000000000001,0.18,0.06,0.0,0.04,0.0,0.0,0.0,0.0,0.0,0.0,0.02,0.0,0.0,0.0
32,6,0,5,False,0.5802196940023719,0.1332302798522118,1,qUCB,0.0,0.4,0.58,0.0,0.0,0.0,0.0,0.0,0.0,0.0,0.0,0.02,0.0,0.0,0.0
32,6,0,5,False,0.5802196940023719,0.1332302798522118,2,qUCB,0.54,0.26,0.2,0.0,0.0,0.0,0.0,0.0,0.0,0.0,0.0,0.0,0.0,0.0,0.0
32,6,0,5,False,0.5802196940023719,0.1332302798522118,3,qUCB,0.0,0.48,0.48,0.0,0.0,0.0,0.0,0.0,0.0,0.0,0.0,0.04,0.0,0.0,0.0
32,6,0,5,False,0.5802196940023719,0.1332302798522118,4,qUCB,0.32,0.0,0.58,0.04,0.04,0.0,0.0,0.0,0.0,0.0,0.0,0.0,0.0,0.0,0.02
33,1,5,0,False,1.0560799349509147,0.027242910934161202,0,qEHVI,0.44,0.02,0.44,0.0,0.04,0.0,0.0,0.0,0.0,0.0,0.0,0.0,0.0,0.02,0.04
33,1,5,0,False,1.0560799349509147,0.027242910934161202,1,qEHVI,0.48,0.0,0.46,0.02,0.04,0.0,0.0,0.0,0.0,0.0,0.0,0.0,0.0,0.0,0.0
33,1,5,0,False,1.0560799349509147,0.027242910934161202,2,qEHVI,0.5,0.2,0.2,0.04,0.04,0.0,0.0,0.0,0.0,0.0,0.0,0.02,0.0,0.0,0.0
33,1,5,0,False,1.0560799349509147,0.027242910934161202,3,qEHVI,0.38,0.12,0.4,0.0,0.0,0.0,0.0,0.0,0.02,0.0,0.0,0.02,0.0,0.04,0.02
33,1,5,0,False,1.0560799349509147,0.027242910934161202,4,qEHVI,0.7000000000000001,0.2,0.04,0.0,0.04,0.0,0.0,0.0,0.02,0.0,0.0,0.0,0.0,0.0,0.0
33,2,4,1,True,0.9813808228108534,0.05927661903624326,0,qEHVI,0.44,0.02,0.44,0.0,0.04,0.0,0.0,0.0,0.0,0.0,0.0,0.0,0.0,0.02,0.04
33,2,4,1,True,0.9813808228108534,0.05927661903624326,1,qEHVI,0.48,0.0,0.46,0.02,0.04,0.0,0.0,0.0,0.0,0.0,0.0,0.0,0.0,0.0,0.0
33,2,4,1,True,0.9813808228108534,0.05927661903624326,2,qEHVI,0.5,0.2,0.2,0.04,0.04,0.0,0.0,0.0,0.0,0.0,0.0,0.02,0.0,0.0,0.0
33,2,4,1,True,0.9813808228108534,0.05927661903624326,3,qEHVI,0.38,0.12,0.4,0.0,0.0,0.0,0.0,0.0,0.02,0.0,0.0,0.02,0.0,0.04,0.02
33,2,4,1,True,0.9813808228108534,0.05927661903624326,4,qUCB,0.64,0.28,0.0,0.04,0.0,0.0,0.0,0.0,0.04,0.0,0.0,0.0,0.0,0.0,0.0
33,3,3,2,False,0.7524663752171462,0.05285107674232803,0,qEHVI,0.44,0.02,0.44,0.0,0.04,0.0,0.0,0.0,0.0,0.0,0.0,0.0,0.0,0.02,0.04
33,3,3,2,False,0.7524663752171462,0.05285107674232803,1,qEHVI,0.48,0.0,0.46,0.02,0.04,0.0,0.0,0.0,0.0,0.0,0.0,0.0,0.0,0.0,0.0
33,3,3,2,False,0.7524663752171462,0.05285107674232803,2,qEHVI,0.5,0.2,0.2,0.04,0.04,0.0,0.0,0.0,0.0,0.0,0.0,0.02,0.0,0.0,0.0
33,3,3,2,False,0.7524663752171462,0.05285107674232803,3,qUCB,0.42,0.08,0.4,0.0,0.0,0.0,0.0,0.0,0.04,0.0,0.0,0.02,0.0,0.04,0.0
33,3,3,2,False,0.7524663752171462,0.05285107674232803,4,qUCB,0.0,0.56,0.44,0.0,0.0,0.0,0.0,0.0,0.0,0.0,0.0,0.0,0.0,0.0,0.0
33,4,2,3,False,0.5909442301715567,0.09244171606916884,0,qEHVI,0.44,0.02,0.44,0.0,0.04,0.0,0.0,0.0,0.0,0.0,0.0,0.0,0.0,0.02,0.04
33,4,2,3,False,0.5909442301715567,0.09244171606916884,1,qEHVI,0.48,0.0,0.46,0.02,0.04,0.0,0.0,0.0,0.0,0.0,0.0,0.0,0.0,0.0,0.0
33,4,2,3,False,0.5909442301715567,0.09244171606916884,2,qUCB,0.42,0.08,0.4,0.0,0.0,0.0,0.0,0.0,0.04,0.0,0.0,0.02,0.0,0.04,0.0
33,4,2,3,False,0.5909442301715567,0.09244171606916884,3,qUCB,0.0,0.56,0.44,0.0,0.0,0.0,0.0,0.0,0.0,0.0,0.0,0.0,0.0,0.0,0.0
33,4,2,3,False,0.5909442301715567,0.09244171606916884,4,qUCB,0.0,0.46,0.52,0.0,0.0,0.0,0.0,0.0,0.0,0.0,0.0,0.02,0.0,0.0,0.0
33,5,1,4,False,0.48087397179079383,0.011464141963122287,0,qEHVI,0.44,0.02,0.44,0.0,0.04,0.0,0.0,0.0,0.0,0.0,0.0,0.0,0.0,0.02,0.04
33,5,1,4,False,0.48087397179079383,0.011464141963122287,1,qUCB,0.64,0.28,0.0,0.04,0.0,0.0,0.0,0.0,0.04,0.0,0.0,0.0,0.0,0.0,0.0
33,5,1,4,False,0.48087397179079383,0.011464141963122287,2,qUCB,0.0,0.84,0.08,0.04,0.0,0.0,0.0,0.0,0.04,0.0,0.0,0.0,0.0,0.0,0.0
33,5,1,4,False,0.48087397179079383,0.011464141963122287,3,qUCB,0.0,0.56,0.44,0.0,0.0,0.0,0.0,0.0,0.0,0.0,0.0,0.0,0.0,0.0,0.0
33,5,1,4,False,0.48087397179079383,0.011464141963122287,4,qUCB,0.0,0.46,0.52,0.0,0.0,0.0,0.0,0.0,0.0,0.0,0.0,0.02,0.0,0.0,0.0
33,6,0,5,False,0.5412096820265542,0.004539495056160803,0,qUCB,0.78,0.14,0.06,0.0,0.0,0.0,0.0,0.0,0.0,0.0,0.0,0.0,0.0,0.02,0.0
33,6,0,5,False,0.5412096820265542,0.004539495056160803,1,qUCB,0.0,0.56,0.44,0.0,0.0,0.0,0.0,0.0,0.0,0.0,0.0,0.0,0.0,0.0,0.0
33,6,0,5,False,0.5412096820265542,0.004539495056160803,2,qUCB,0.0,0.46,0.52,0.0,0.0,0.0,0.0,0.0,0.0,0.0,0.0,0.02,0.0,0.0,0.0
33,6,0,5,False,0.5412096820265542,0.004539495056160803,3,qUCB,0.0,0.58,0.32,0.04,0.0,0.0,0.0,0.0,0.0,0.0,0.0,0.04,0.0,0.0,0.02
33,6,0,5,False,0.5412096820265542,0.004539495056160803,4,qUCB,0.0,0.36,0.58,0.0,0.0,0.0,0.0,0.0,0.02,0.0,0.0,0.04,0.0,0.0,0.0
34,1,5,0,False,1.098451105933119,0.1786732154151922,0,qEHVI,0.2,0.0,0.76,0.0,0.0,0.0,0.0,0.0,0.0,0.0,0.0,0.02,0.0,0.02,0.0
34,1,5,0,False,1.098451105933119,0.1786732154151922,1,qEHVI,0.38,0.12,0.4,0.0,0.04,0.0,0.0,0.0,0.02,0.0,0.0,0.04,0.0,0.0,0.0
34,1,5,0,False,1.098451105933119,0.1786732154151922,2,qEHVI,0.44,0.02,0.44,0.0,0.04,0.0,0.0,0.0,0.04,0.0,0.0,0.0,0.0,0.02,0.0
34,1,5,0,False,1.098451105933119,0.1786732154151922,3,qEHVI,0.54,0.4,0.04,0.0,0.0,0.0,0.0,0.0,0.0,0.0,0.0,0.0,0.0,0.02,0.0
34,1,5,0,False,1.098451105933119,0.1786732154151922,4,qEHVI,0.36,0.52,0.02,0.04,0.02,0.0,0.0,0.0,0.0,0.0,0.0,0.04,0.0,0.0,0.0
34,2,4,1,True,0.9583469706265839,0.2321653078963264,0,qEHVI,0.2,0.0,0.76,0.0,0.0,0.0,0.0,0.0,0.0,0.0,0.0,0.02,0.0,0.02,0.0
34,2,4,1,True,0.9583469706265839,0.2321653078963264,1,qEHVI,0.38,0.12,0.4,0.0,0.04,0.0,0.0,0.0,0.02,0.0,0.0,0.04,0.0,0.0,0.0
34,2,4,1,True,0.9583469706265839,0.2321653078963264,2,qEHVI,0.44,0.02,0.44,0.0,0.04,0.0,0.0,0.0,0.04,0.0,0.0,0.0,0.0,0.02,0.0
34,2,4,1,True,0.9583469706265839,0.2321653078963264,3,qEHVI,0.54,0.4,0.04,0.0,0.0,0.0,0.0,0.0,0.0,0.0,0.0,0.0,0.0,0.02,0.0
34,2,4,1,True,0.9583469706265839,0.2321653078963264,4,qUCB,0.42,0.08,0.42,0.04,0.0,0.0,0.0,0.0,0.0,0.0,0.0,0.0,0.0,0.0,0.04
34,3,3,2,False,0.8018002473214999,0.033980033818424626,0,qEHVI,0.2,0.0,0.76,0.0,0.0,0.0,0.0,0.0,0.0,0.0,0.0,0.02,0.0,0.02,0.0
34,3,3,2,False,0.8018002473214999,0.033980033818424626,1,qEHVI,0.38,0.12,0.4,0.0,0.04,0.0,0.0,0.0,0.02,0.0,0.0,0.04,0.0,0.0,0.0
34,3,3,2,False,0.8018002473214999,0.033980033818424626,2,qEHVI,0.42,0.04,0.44,0.0,0.04,0.0,0.0,0.0,0.0,0.0,0.0,0.02,0.0,0.0,0.04
34,3,3,2,False,0.8018002473214999,0.033980033818424626,3,qUCB,0.36,0.46,0.08,0.04,0.0,0.0,0.0,0.0,0.04,0.0,0.0,0.0,0.0,0.0,0.02
34,3,3,2,False,0.8018002473214999,0.033980033818424626,4,qUCB,0.0,0.88,0.06,0.04,0.0,0.0,0.0,0.0,0.0,0.0,0.0,0.0,0.0,0.02,0.0
34,4,2,3,False,0.6355840133609073,0.07865589858125688,0,qEHVI,0.2,0.0,0.76,0.0,0.0,0.0,0.0,0.0,0.0,0.0,0.0,0.02,0.0,0.02,0.0
34,4,2,3,False,0.6355840133609073,0.07865589858125688,1,qEHVI,0.38,0.12,0.4,0.0,0.04,0.0,0.0,0.0,0.02,0.0,0.0,0.04,0.0,0.0,0.0
34,4,2,3,False,0.6355840133609073,0.07865589858125688,2,qUCB,0.38,0.5,0.02,0.04,0.02,0.0,0.0,0.0,0.0,0.0,0.0,0.0,0.0,0.0,0.04
34,4,2,3,False,0.6355840133609073,0.07865589858125688,3,qUCB,0.0,0.88,0.06,0.04,0.0,0.0,0.0,0.0,0.0,0.0,0.0,0.0,0.0,0.02,0.0
34,4,2,3,False,0.6355840133609073,0.07865589858125688,4,qUCB,0.06,0.56,0.3,0.04,0.0,0.0,0.0,0.0,0.04,0.0,0.0,0.0,0.0,0.0,0.0
34,5,1,4,False,0.4820385109042325,0.13496934465731503,0,qEHVI,0.2,0.0,0.76,0.0,0.0,0.0,0.0,0.0,0.0,0.0,0.0,0.02,0.0,0.02,0.0
34,5,1,4,False,0.4820385109042325,0.13496934465731503,1,qUCB,0.68,0.16,0.06,0.0,0.04,0.0,0.0,0.0,0.04,0.0,0.0,0.0,0.0,0.0,0.02
34,5,1,4,False,0.4820385109042325,0.13496934465731503,2,qUCB,0.0,0.84,0.06,0.04,0.02,0.0,0.0,0.0,0.04,0.0,0.0,0.0,0.0,0.0,0.0
34,5,1,4,False,0.4820385109042325,0.13496934465731503,3,qUCB,0.02,0.56,0.32,0.04,0.04,0.0,0.0,0.0,0.02,0.0,0.0,0.0,0.0,0.0,0.0
34,5,1,4,False,0.4820385109042325,0.13496934465731503,4,qUCB,0.26,0.64,0.0,0.04,0.04,0.0,0.0,0.0,0.0,0.0,0.0,0.0,0.0,0.0,0.02
34,6,0,5,False,0.48040669140842407,0.028635952800922126,0,qUCB,0.38,0.12,0.4,0.0,0.04,0.0,0.0,0.0,0.02,0.0,0.0,0.04,0.0,0.0,0.0
34,6,0,5,False,0.48040669140842407,0.028635952800922126,1,qUCB,0.0,0.5,0.48,0.0,0.0,0.0,0.0,0.0,0.0,0.0,0.0,0.02,0.0,0.0,0.0
34,6,0,5,False,0.48040669140842407,0.028635952800922126,2,qUCB,0.0,0.34,0.56,0.0,0.04,0.0,0.0,0.0,0.0,0.0,0.0,0.04,0.0,0.02,0.0
34,6,0,5,False,0.48040669140842407,0.028635952800922126,3,qUCB,0.36,0.02,0.54,0.04,0.04,0.0,0.0,0.0,0.0,0.0,0.0,0.0,0.0,0.0,0.0
34,6,0,5,False,0.48040669140842407,0.028635952800922126,4,qUCB,0.0,0.54,0.42,0.0,0.02,0.0,0.0,0.0,0.02,0.0,0.0,0.0,0.0,0.0,0.0
35,1,5,0,False,1.2677381095431262,0.1480225258575283,0,qEHVI,0.64,0.0,0.34,0.0,0.0,0.0,0.0,0.0,0.0,0.0,0.0,0.0,0.0,0.0,0.02
35,1,5,0,False,1.2677381095431262,0.1480225258575283,1,qEHVI,0.48,0.22,0.2,0.02,0.04,0.0,0.0,0.0,0.0,0.0,0.0,0.04,0.0,0.0,0.0
35,1,5,0,False,1.2677381095431262,0.1480225258575283,2,qEHVI,0.38,0.2,0.32,0.02,0.04,0.0,0.0,0.0,0.0,0.0,0.0,0.04,0.0,0.0,0.0
35,1,5,0,False,1.2677381095431262,0.1480225258575283,3,qEHVI,0.46,0.0,0.52,0.0,0.0,0.0,0.0,0.0,0.02,0.0,0.0,0.0,0.0,0.0,0.0
35,1,5,0,False,1.2677381095431262,0.1480225258575283,4,qEHVI,0.46,0.0,0.44,0.02,0.0,0.0,0.0,0.0,0.02,0.0,0.0,0.02,0.0,0.02,0.02
35,2,4,1,False,1.123428893018214,0.009205734079209549,0,qEHVI,0.64,0.0,0.34,0.0,0.0,0.0,0.0,0.0,0.0,0.0,0.0,0.0,0.0,0.0,0.02
35,2,4,1,False,1.123428893018214,0.009205734079209549,1,qEHVI,0.48,0.22,0.2,0.02,0.04,0.0,0.0,0.0,0.0,0.0,0.0,0.04,0.0,0.0,0.0
35,2,4,1,False,1.123428893018214,0.009205734079209549,2,qEHVI,0.38,0.2,0.32,0.02,0.04,0.0,0.0,0.0,0.0,0.0,0.0,0.04,0.0,0.0,0.0
35,2,4,1,False,1.123428893018214,0.009205734079209549,3,qEHVI,0.44,0.02,0.48,0.02,0.02,0.0,0.0,0.0,0.02,0.0,0.0,0.0,0.0,0.0,0.0
35,2,4,1,False,1.123428893018214,0.009205734079209549,4,qUCB,0.4,0.14,0.36,0.0,0.0,0.0,0.0,0.0,0.02,0.0,0.0,0.04,0.0,0.04,0.0
35,3,3,2,True,0.9500337607578128,0.19469841720893033,0,qEHVI,0.64,0.0,0.34,0.0,0.0,0.0,0.0,0.0,0.0,0.0,0.0,0.0,0.0,0.0,0.02
35,3,3,2,True,0.9500337607578128,0.19469841720893033,1,qEHVI,0.48,0.22,0.2,0.02,0.04,0.0,0.0,0.0,0.0,0.0,0.0,0.04,0.0,0.0,0.0
35,3,3,2,True,0.9500337607578128,0.19469841720893033,2,qEHVI,0.38,0.2,0.32,0.02,0.04,0.0,0.0,0.0,0.0,0.0,0.0,0.04,0.0,0.0,0.0
35,3,3,2,True,0.9500337607578128,0.19469841720893033,3,qUCB,0.4,0.14,0.36,0.0,0.0,0.0,0.0,0.0,0.02,0.0,0.0,0.04,0.0,0.04,0.0
35,3,3,2,True,0.9500337607578128,0.19469841720893033,4,qUCB,0.18,0.66,0.06,0.0,0.0,0.0,0.0,0.0,0.02,0.0,0.0,0.04,0.0,0.04,0.0
35,4,2,3,False,0.7321786403114511,0.052634022412171744,0,qEHVI,0.64,0.0,0.34,0.0,0.0,0.0,0.0,0.0,0.0,0.0,0.0,0.0,0.0,0.0,0.02
35,4,2,3,False,0.7321786403114511,0.052634022412171744,1,qEHVI,0.48,0.22,0.2,0.02,0.04,0.0,0.0,0.0,0.0,0.0,0.0,0.04,0.0,0.0,0.0
35,4,2,3,False,0.7321786403114511,0.052634022412171744,2,qUCB,0.4,0.14,0.36,0.0,0.0,0.0,0.0,0.0,0.02,0.0,0.0,0.04,0.0,0.04,0.0
35,4,2,3,False,0.7321786403114511,0.052634022412171744,3,qUCB,0.18,0.66,0.06,0.0,0.0,0.0,0.0,0.0,0.02,0.0,0.0,0.04,0.0,0.04,0.0
35,4,2,3,False,0.7321786403114511,0.052634022412171744,4,qUCB,0.22,0.38,0.3,0.0,0.0,0.0,0.0,0.0,0.04,0.0,0.0,0.02,0.0,0.04,0.0
35,5,1,4,False,0.6279868845955373,0.02146312264832062,0,qEHVI,0.64,0.0,0.34,0.0,0.0,0.0,0.0,0.0,0.0,0.0,0.0,0.0,0.0,0.0,0.02
35,5,1,4,False,0.6279868845955373,0.02146312264832062,1,qUCB,0.36,0.5,0.04,0.04,0.0,0.0,0.0,0.0,0.0,0.0,0.0,0.04,0.0,0.02,0.0
35,5,1,4,False,0.6279868845955373,0.02146312264832062,2,qUCB,0.0,0.72,0.18,0.0,0.02,0.0,0.0,0.0,0.04,0.0,0.0,0.04,0.0,0.0,0.0
35,5,1,4,False,0.6279868845955373,0.02146312264832062,3,qUCB,0.0,0.34,0.56,0.0,0.04,0.0,0.0,0.0,0.02,0.0,0.0,0.04,0.0,0.0,0.0
35,5,1,4,False,0.6279868845955373,0.02146312264832062,4,qUCB,0.06,0.8,0.04,0.04,0.0,0.0,0.0,0.0,0.02,0.0,0.0,0.04,0.0,0.0,0.0
35,6,0,5,False,0.6675970225863366,0.08003332889423209,0,qUCB,0.36,0.5,0.04,0.04,0.0,0.0,0.0,0.0,0.0,0.0,0.0,0.04,0.0,0.02,0.0
35,6,0,5,False,0.6675970225863366,0.08003332889423209,1,qUCB,0.42,0.1,0.4,0.0,0.0,0.0,0.0,0.0,0.0,0.0,0.0,0.04,0.0,0.0,0.04
35,6,0,5,False,0.6675970225863366,0.08003332889423209,2,qUCB,0.46,0.0,0.52,0.0,0.0,0.0,0.0,0.0,0.02,0.0,0.0,0.0,0.0,0.0,0.0
35,6,0,5,False,0.6675970225863366,0.08003332889423209,3,qUCB,0.0,0.34,0.56,0.0,0.04,0.0,0.0,0.0,0.02,0.0,0.0,0.04,0.0,0.0,0.0
35,6,0,5,False,0.6675970225863366,0.08003332889423209,4,qUCB,0.34,0.04,0.52,0.04,0.04,0.0,0.0,0.0,0.0,0.0,0.0,0.02,0.0,0.0,0.0
36,1,5,0,False,1.0306495547186658,0.07346590192412883,0,qEHVI,0.46,0.14,0.3,0.02,0.02,0.0,0.0,0.0,0.0,0.0,0.0,0.04,0.0,0.0,0.02
36,1,5,0,False,1.0306495547186658,0.07346590192412883,1,qEHVI,0.5,0.0,0.46,0.04,0.0,0.0,0.0,0.0,0.0,0.0,0.0,0.0,0.0,0.0,0.0
36,1,5,0,False,1.0306495547186658,0.07346590192412883,2,qEHVI,0.42,0.04,0.44,0.0,0.04,0.0,0.0,0.0,0.0,0.0,0.0,0.04,0.0,0.02,0.0
36,1,5,0,False,1.0306495547186658,0.07346590192412883,3,qEHVI,0.36,0.52,0.04,0.04,0.0,0.0,0.0,0.0,0.0,0.0,0.0,0.04,0.0,0.0,0.0
36,1,5,0,False,1.0306495547186658,0.07346590192412883,4,qEHVI,0.44,0.0,0.48,0.02,0.04,0.0,0.0,0.0,0.0,0.0,0.0,0.0,0.0,0.0,0.02
36,2,4,1,False,0.9202553841440756,0.0625133554328059,0,qEHVI,0.46,0.14,0.3,0.02,0.02,0.0,0.0,0.0,0.0,0.0,0.0,0.04,0.0,0.0,0.02
36,2,4,1,False,0.9202553841440756,0.0625133554328059,1,qEHVI,0.5,0.0,0.46,0.04,0.0,0.0,0.0,0.0,0.0,0.0,0.0,0.0,0.0,0.0,0.0
36,2,4,1,False,0.9202553841440756,0.0625133554328059,2,qEHVI,0.46,0.0,0.44,0.02,0.02,0.0,0.0,0.0,0.04,0.0,0.0,0.0,0.0,0.02,0.0
36,2,4,1,False,0.9202553841440756,0.0625133554328059,3,qEHVI,0.44,0.0,0.48,0.02,0.04,0.0,0.0,0.0,0.0,0.0,0.0,0.0,0.0,0.0,0.02
36,2,4,1,False,0.9202553841440756,0.0625133554328059,4,qUCB,0.6,0.14,0.18,0.0,0.0,0.0,0.0,0.0,0.0,0.0,0.0,0.0,0.0,0.04,0.04
36,3,3,2,False,0.8017650590475667,0.0578661749047118,0,qEHVI,0.46,0.14,0.3,0.02,0.02,0.0,0.0,0.0,0.0,0.0,0.0,0.04,0.0,0.0,0.02
36,3,3,2,False,0.8017650590475667,0.0578661749047118,1,qEHVI,0.5,0.0,0.46,0.04,0.0,0.0,0.0,0.0,0.0,0.0,0.0,0.0,0.0,0.0,0.0
36,3,3,2,False,0.8017650590475667,0.0578661749047118,2,qEHVI,0.46,0.0,0.44,0.02,0.02,0.0,0.0,0.0,0.04,0.0,0.0,0.0,0.0,0.02,0.0
36,3,3,2,False,0.8017650590475667,0.0578661749047118,3,qUCB,0.6,0.14,0.18,0.0,0.0,0.0,0.0,0.0,0.0,0.0,0.0,0.0,0.0,0.04,0.04
36,3,3,2,False,0.8017650590475667,0.0578661749047118,4,qUCB,0.0,0.42,0.54,0.0,0.02,0.0,0.0,0.0,0.0,0.0,0.0,0.0,0.0,0.0,0.02
36,4,2,3,True,0.6244908535314941,0.33103189727162885,0,qEHVI,0.46,0.14,0.3,0.02,0.02,0.0,0.0,0.0,0.0,0.0,0.0,0.04,0.0,0.0,0.02
36,4,2,3,True,0.6244908535314941,0.33103189727162885,1,qEHVI,0.5,0.0,0.46,0.04,0.0,0.0,0.0,0.0,0.0,0.0,0.0,0.0,0.0,0.0,0.0
36,4,2,3,True,0.6244908535314941,0.33103189727162885,2,qUCB,0.68,0.16,0.06,0.0,0.04,0.0,0.0,0.0,0.04,0.0,0.0,0.0,0.0,0.02,0.0
36,4,2,3,True,0.6244908535314941,0.33103189727162885,3,qUCB,0.0,0.34,0.56,0.0,0.0,0.0,0.0,0.0,0.04,0.0,0.0,0.0,0.0,0.02,0.04
36,4,2,3,True,0.6244908535314941,0.33103189727162885,4,qUCB,0.1,0.52,0.28,0.0,0.02,0.0,0.0,0.0,0.04,0.0,0.0,0.0,0.0,0.04,0.0
36,5,1,4,False,0.4706428311624228,0.008502808059747125,0,qEHVI,0.46,0.14,0.3,0.02,0.02,0.0,0.0,0.0,0.0,0.0,0.0,0.04,0.0,0.0,0.02
36,5,1,4,False,0.4706428311624228,0.008502808059747125,1,qUCB,0.38,0.36,0.18,0.0,0.0,0.0,0.0,0.0,0.04,0.0,0.0,0.0,0.0,0.04,0.0
36,5,1,4,False,0.4706428311624228,0.008502808059747125,2,qUCB,0.0,0.46,0.5,0.0,0.0,0.0,0.0,0.0,0.04,0.0,0.0,0.0,0.0,0.0,0.0
36,5,1,4,False,0.4706428311624228,0.008502808059747125,3,qUCB,0.0,0.58,0.32,0.04,0.0,0.0,0.0,0.0,0.0,0.0,0.0,0.0,0.0,0.04,0.02
36,5,1,4,False,0.4706428311624228,0.008502808059747125,4,qUCB,0.36,0.02,0.52,0.0,0.0,0.0,0.0,0.0,0.04,0.0,0.0,0.0,0.0,0.04,0.02
36,6,0,5,False,0.5488476131010074,0.03759690061619203,0,qUCB,0.52,0.32,0.06,0.0,0.04,0.0,0.0,0.0,0.0,0.0,0.0,0.04,0.0,0.0,0.02
36,6,0,5,False,0.5488476131010074,0.03759690061619203,1,qUCB,0.0,0.42,0.54,0.0,0.02,0.0,0.0,0.0,0.0,0.0,0.0,0.0,0.0,0.0,0.02
36,6,0,5,False,0.5488476131010074,0.03759690061619203,2,qUCB,0.54,0.26,0.2,0.0,0.0,0.0,0.0,0.0,0.0,0.0,0.0,0.0,0.0,0.0,0.0
36,6,0,5,False,0.5488476131010074,0.03759690061619203,3,qUCB,0.02,0.46,0.48,0.04,0.0,0.0,0.0,0.0,0.0,0.0,0.0,0.0,0.0,0.0,0.0
36,6,0,5,False,0.5488476131010074,0.03759690061619203,4,qUCB,0.0,0.6,0.32,0.04,0.0,0.0,0.0,0.0,0.0,0.0,0.0,0.0,0.0,0.0,0.04
37,1,5,0,False,1.1296010521217557,0.23104490868096583,0,qEHVI,0.5,0.34,0.06,0.02,0.04,0.0,0.0,0.0,0.0,0.0,0.0,0.04,0.0,0.0,0.0
37,1,5,0,False,1.1296010521217557,0.23104490868096583,1,qEHVI,0.44,0.02,0.44,0.02,0.0,0.0,0.0,0.0,0.0,0.0,0.0,0.0,0.0,0.04,0.04
37,1,5,0,False,1.1296010521217557,0.23104490868096583,2,qEHVI,0.6,0.3,0.04,0.0,0.04,0.0,0.0,0.0,0.0,0.0,0.0,0.02,0.0,0.0,0.0
37,1,5,0,False,1.1296010521217557,0.23104490868096583,3,qEHVI,0.5,0.02,0.48,0.0,0.0,0.0,0.0,0.0,0.0,0.0,0.0,0.0,0.0,0.0,0.0
37,1,5,0,False,1.1296010521217557,0.23104490868096583,4,qEHVI,0.64,0.0,0.34,0.02,0.0,0.0,0.0,0.0,0.0,0.0,0.0,0.0,0.0,0.0,0.0
37,2,4,1,False,1.0149109548122046,0.07865638218406179,0,qEHVI,0.5,0.34,0.06,0.02,0.04,0.0,0.0,0.0,0.0,0.0,0.0,0.04,0.0,0.0,0.0
37,2,4,1,False,1.0149109548122046,0.07865638218406179,1,qEHVI,0.6,0.3,0.04,0.0,0.04,0.0,0.0,0.0,0.0,0.0,0.0,0.02,0.0,0.0,0.0
37,2,4,1,False,1.0149109548122046,0.07865638218406179,2,qEHVI,0.44,0.02,0.44,0.02,0.0,0.0,0.0,0.0,0.0,0.0,0.0,0.0,0.0,0.04,0.04
37,2,4,1,False,1.0149109548122046,0.07865638218406179,3,qEHVI,0.5,0.02,0.48,0.0,0.0,0.0,0.0,0.0,0.0,0.0,0.0,0.0,0.0,0.0,0.0
37,2,4,1,False,1.0149109548122046,0.07865638218406179,4,qUCB,0.36,0.18,0.36,0.0,0.02,0.0,0.0,0.0,0.04,0.0,0.0,0.0,0.0,0.0,0.04
37,3,3,2,True,0.7895395216005513,0.18270091276529676,0,qEHVI,0.5,0.34,0.06,0.02,0.04,0.0,0.0,0.0,0.0,0.0,0.0,0.04,0.0,0.0,0.0
37,3,3,2,True,0.7895395216005513,0.18270091276529676,1,qEHVI,0.6,0.3,0.04,0.0,0.04,0.0,0.0,0.0,0.0,0.0,0.0,0.02,0.0,0.0,0.0
37,3,3,2,True,0.7895395216005513,0.18270091276529676,2,qEHVI,0.44,0.02,0.44,0.02,0.0,0.0,0.0,0.0,0.0,0.0,0.0,0.0,0.0,0.04,0.04
37,3,3,2,True,0.7895395216005513,0.18270091276529676,3,qUCB,0.42,0.06,0.42,0.04,0.0,0.0,0.0,0.0,0.04,0.0,0.0,0.02,0.0,0.0,0.0
37,3,3,2,True,0.7895395216005513,0.18270091276529676,4,qUCB,0.0,0.48,0.48,0.0,0.0,0.0,0.0,0.0,0.04,0.0,0.0,0.0,0.0,0.0,0.0
37,4,2,3,False,0.6654845554482142,0.014637436255563324,0,qEHVI,0.5,0.34,0.06,0.02,0.04,0.0,0.0,0.0,0.0,0.0,0.0,0.04,0.0,0.0,0.0
37,4,2,3,False,0.6654845554482142,0.014637436255563324,1,qEHVI,0.44,0.02,0.44,0.02,0.0,0.0,0.0,0.0,0.0,0.0,0.0,0.0,0.0,0.04,0.04
37,4,2,3,False,0.6654845554482142,0.014637436255563324,2,qUCB,0.42,0.08,0.4,0.0,0.04,0.0,0.0,0.0,0.04,0.0,0.0,0.0,0.0,0.02,0.0
37,4,2,3,False,0.6654845554482142,0.014637436255563324,3,qUCB,0.0,0.48,0.48,0.0,0.0,0.0,0.0,0.0,0.04,0.0,0.0,0.0,0.0,0.0,0.0
37,4,2,3,False,0.6654845554482142,0.014637436255563324,4,qUCB,0.06,0.54,0.32,0.04,0.0,0.0,0.0,0.0,0.04,0.0,0.0,0.0,0.0,0.0,0.0
37,5,1,4,False,0.4886050510264478,0.055616343398742885,0,qEHVI,0.5,0.34,0.06,0.02,0.04,0.0,0.0,0.0,0.0,0.0,0.0,0.04,0.0,0.0,0.0
37,5,1,4,False,0.4886050510264478,0.055616343398742885,1,qUCB,0.42,0.12,0.36,0.0,0.0,0.0,0.0,0.0,0.04,0.0,0.0,0.0,0.0,0.02,0.04
37,5,1,4,False,0.4886050510264478,0.055616343398742885,2,qUCB,0.0,0.48,0.48,0.0,0.0,0.0,0.0,0.0,0.04,0.0,0.0,0.0,0.0,0.0,0.0
37,5,1,4,False,0.4886050510264478,0.055616343398742885,3,qUCB,0.0,0.44,0.46,0.04,0.0,0.0,0.0,0.0,0.0,0.0,0.0,0.0,0.0,0.04,0.02
37,5,1,4,False,0.4886050510264478,0.055616343398742885,4,qUCB,0.02,0.0,0.9,0.0,0.0,0.0,0.0,0.0,0.04,0.0,0.0,0.0,0.0,0.02,0.02
37,6,0,5,False,0.3934813686458719,0.2033671132935453,0,qUCB,0.44,0.4,0.06,0.04,0.02,0.0,0.0,0.0,0.0,0.0,0.0,0.04,0.0,0.0,0.0
37,6,0,5,False,0.3934813686458719,0.2033671132935453,1,qUCB,0.02,0.54,0.42,0.0,0.0,0.0,0.0,0.0,0.0,0.0,0.0,0.02,0.0,0.0,0.0
37,6,0,5,False,0.3934813686458719,0.2033671132935453,2,qUCB,0.62,0.18,0.18,0.0,0.0,0.0,0.0,0.0,0.0,0.0,0.0,0.0,0.0,0.02,0.0
37,6,0,5,False,0.3934813686458719,0.2033671132935453,3,qUCB,0.0,0.42,0.5,0.04,0.0,0.0,0.0,0.0,0.0,0.0,0.0,0.02,0.0,0.0,0.02
37,6,0,5,False,0.3934813686458719,0.2033671132935453,4,qUCB,0.02,0.58,0.32,0.04,0.0,0.0,0.0,0.0,0.0,0.0,0.0,0.02,0.0,0.0,0.02
38,1,5,0,True,1.1665624966400532,0.18647971821105802,0,qEHVI,0.0,0.44,0.52,0.0,0.02,0.0,0.0,0.0,0.0,0.0,0.0,0.02,0.0,0.0,0.0
38,1,5,0,True,1.1665624966400532,0.18647971821105802,1,qEHVI,0.4,0.1,0.4,0.0,0.0,0.0,0.0,0.0,0.0,0.0,0.0,0.02,0.0,0.04,0.04
38,1,5,0,True,1.1665624966400532,0.18647971821105802,2,qEHVI,0.44,0.02,0.44,0.02,0.02,0.0,0.0,0.0,0.02,0.0,0.0,0.02,0.0,0.0,0.02
38,1,5,0,True,1.1665624966400532,0.18647971821105802,3,qEHVI,0.58,0.16,0.18,0.0,0.04,0.0,0.0,0.0,0.0,0.0,0.0,0.04,0.0,0.0,0.0
38,1,5,0,True,1.1665624966400532,0.18647971821105802,4,qEHVI,0.4,0.2,0.3,0.02,0.02,0.0,0.0,0.0,0.04,0.0,0.0,0.02,0.0,0.0,0.0
38,2,4,1,False,1.0373930141547463,0.019881456366127814,0,qEHVI,0.0,0.44,0.52,0.0,0.02,0.0,0.0,0.0,0.0,0.0,0.0,0.02,0.0,0.0,0.0
38,2,4,1,False,1.0373930141547463,0.019881456366127814,1,qEHVI,0.4,0.1,0.4,0.0,0.0,0.0,0.0,0.0,0.0,0.0,0.0,0.02,0.0,0.04,0.04
38,2,4,1,False,1.0373930141547463,0.019881456366127814,2,qEHVI,0.44,0.02,0.44,0.02,0.02,0.0,0.0,0.0,0.02,0.0,0.0,0.02,0.0,0.0,0.02
38,2,4,1,False,1.0373930141547463,0.019881456366127814,3,qEHVI,0.58,0.16,0.18,0.0,0.04,0.0,0.0,0.0,0.0,0.0,0.0,0.04,0.0,0.0,0.0
38,2,4,1,False,1.0373930141547463,0.019881456366127814,4,qUCB,0.46,0.08,0.38,0.04,0.0,0.0,0.0,0.0,0.0,0.0,0.0,0.0,0.0,0.04,0.0
38,3,3,2,False,0.9398103689629174,0.005377806181565248,0,qEHVI,0.0,0.44,0.52,0.0,0.02,0.0,0.0,0.0,0.0,0.0,0.0,0.02,0.0,0.0,0.0
38,3,3,2,False,0.9398103689629174,0.005377806181565248,1,qEHVI,0.4,0.1,0.4,0.0,0.0,0.0,0.0,0.0,0.0,0.0,0.0,0.02,0.0,0.04,0.04
38,3,3,2,False,0.9398103689629174,0.005377806181565248,2,qEHVI,0.44,0.02,0.44,0.02,0.02,0.0,0.0,0.0,0.02,0.0,0.0,0.02,0.0,0.0,0.02
38,3,3,2,False,0.9398103689629174,0.005377806181565248,3,qUCB,0.46,0.08,0.38,0.04,0.0,0.0,0.0,0.0,0.0,0.0,0.0,0.0,0.0,0.04,0.0
38,3,3,2,False,0.9398103689629174,0.005377806181565248,4,qUCB,0.0,0.5,0.44,0.04,0.0,0.0,0.0,0.0,0.02,0.0,0.0,0.0,0.0,0.0,0.0
38,4,2,3,False,0.7470931739503899,0.06510823991184678,0,qEHVI,0.0,0.44,0.52,0.0,0.02,0.0,0.0,0.0,0.0,0.0,0.0,0.02,0.0,0.0,0.0
38,4,2,3,False,0.7470931739503899,0.06510823991184678,1,qEHVI,0.4,0.1,0.4,0.0,0.0,0.0,0.0,0.0,0.0,0.0,0.0,0.02,0.0,0.04,0.04
38,4,2,3,False,0.7470931739503899,0.06510823991184678,2,qUCB,0.38,0.16,0.36,0.04,0.0,0.0,0.0,0.0,0.04,0.0,0.0,0.0,0.0,0.02,0.0
38,4,2,3,False,0.7470931739503899,0.06510823991184678,3,qUCB,0.0,0.5,0.44,0.04,0.0,0.0,0.0,0.0,0.02,0.0,0.0,0.0,0.0,0.0,0.0
38,4,2,3,False,0.7470931739503899,0.06510823991184678,4,qUCB,0.0,0.56,0.34,0.04,0.0,0.0,0.0,0.0,0.04,0.0,0.0,0.02,0.0,0.0,0.0
38,5,1,4,False,0.6392619106454088,0.00514740068916808,0,qEHVI,0.0,0.44,0.52,0.0,0.02,0.0,0.0,0.0,0.0,0.0,0.0,0.02,0.0,0.0,0.0
38,5,1,4,False,0.6392619106454088,0.00514740068916808,1,qUCB,0.4,0.12,0.38,0.02,0.0,0.0,0.0,0.0,0.04,0.0,0.0,0.0,0.0,0.0,0.04
38,5,1,4,False,0.6392619106454088,0.00514740068916808,2,qUCB,0.0,0.5,0.42,0.0,0.0,0.0,0.0,0.0,0.02,0.0,0.0,0.0,0.0,0.02,0.04
38,5,1,4,False,0.6392619106454088,0.00514740068916808,3,qUCB,0.38,0.0,0.52,0.04,0.0,0.0,0.0,0.0,0.0,0.0,0.0,0.0,0.0,0.02,0.04
38,5,1,4,False,0.6392619106454088,0.00514740068916808,4,qUCB,0.32,0.0,0.58,0.04,0.02,0.0,0.0,0.0,0.0,0.0,0.0,0.0,0.0,0.04,0.0
38,6,0,5,False,0.644466575713199,0.12470193092881132,0,qUCB,0.58,0.22,0.18,0.0,0.0,0.0,0.0,0.0,0.0,0.0,0.0,0.0,0.0,0.0,0.02
38,6,0,5,False,0.644466575713199,0.12470193092881132,1,qUCB,0.0,0.58,0.4,0.0,0.0,0.0,0.0,0.0,0.02,0.0,0.0,0.0,0.0,0.0,0.0
38,6,0,5,False,0.644466575713199,0.12470193092881132,2,qUCB,0.0,0.5,0.44,0.04,0.0,0.0,0.0,0.0,0.02,0.0,0.0,0.0,0.0,0.0,0.0
38,6,0,5,False,0.644466575713199,0.12470193092881132,3,qUCB,0.0,0.54,0.36,0.04,0.0,0.0,0.0,0.0,0.0,0.0,0.0,0.04,0.0,0.0,0.02
38,6,0,5,False,0.644466575713199,0.12470193092881132,4,qUCB,0.0,0.44,0.52,0.0,0.02,0.0,0.0,0.0,0.0,0.0,0.0,0.02,0.0,0.0,0.0
39,1,5,0,False,0.9675277798492987,0.054130220961864595,0,qEHVI,0.42,0.18,0.3,0.02,0.02,0.0,0.0,0.0,0.02,0.0,0.0,0.02,0.0,0.02,0.0
39,1,5,0,False,0.9675277798492987,0.054130220961864595,1,qEHVI,0.0,0.56,0.42,0.0,0.0,0.0,0.0,0.0,0.02,0.0,0.0,0.0,0.0,0.0,0.0
39,1,5,0,False,0.9675277798492987,0.054130220961864595,2,qEHVI,0.44,0.02,0.44,0.02,0.02,0.0,0.0,0.0,0.04,0.0,0.0,0.02,0.0,0.0,0.0
39,1,5,0,False,0.9675277798492987,0.054130220961864595,3,qEHVI,0.44,0.04,0.48,0.02,0.0,0.0,0.0,0.0,0.02,0.0,0.0,0.0,0.0,0.0,0.0
39,1,5,0,False,0.9675277798492987,0.054130220961864595,4,qEHVI,0.62,0.34,0.02,0.0,0.0,0.0,0.0,0.0,0.02,0.0,0.0,0.0,0.0,0.0,0.0
39,2,4,1,False,0.8349237050903671,0.05510027924891858,0,qEHVI,0.0,0.56,0.42,0.0,0.0,0.0,0.0,0.0,0.02,0.0,0.0,0.0,0.0,0.0,0.0
39,2,4,1,False,0.8349237050903671,0.05510027924891858,1,qEHVI,0.42,0.18,0.3,0.02,0.02,0.0,0.0,0.0,0.02,0.0,0.0,0.02,0.0,0.02,0.0
39,2,4,1,False,0.8349237050903671,0.05510027924891858,2,qEHVI,0.44,0.02,0.44,0.02,0.02,0.0,0.0,0.0,0.04,0.0,0.0,0.02,0.0,0.0,0.0
39,2,4,1,False,0.8349237050903671,0.05510027924891858,3,qEHVI,0.44,0.04,0.48,0.02,0.0,0.0,0.0,0.0,0.02,0.0,0.0,0.0,0.0,0.0,0.0
39,2,4,1,False,0.8349237050903671,0.05510027924891858,4,qUCB,0.48,0.38,0.06,0.0,0.0,0.0,0.0,0.0,0.0,0.0,0.0,0.04,0.0,0.0,0.04
39,3,3,2,False,0.7692296075963911,0.017160764156522124,0,qEHVI,0.42,0.18,0.3,0.02,0.02,0.0,0.0,0.0,0.02,0.0,0.0,0.02,0.0,0.02,0.0
39,3,3,2,False,0.7692296075963911,0.017160764156522124,1,qEHVI,0.44,0.02,0.44,0.02,0.02,0.0,0.0,0.0,0.04,0.0,0.0,0.02,0.0,0.0,0.0
39,3,3,2,False,0.7692296075963911,0.017160764156522124,2,qEHVI,0.0,0.56,0.42,0.0,0.0,0.0,0.0,0.0,0.02,0.0,0.0,0.0,0.0,0.0,0.0
39,3,3,2,False,0.7692296075963911,0.017160764156522124,3,qUCB,0.48,0.38,0.06,0.0,0.0,0.0,0.0,0.0,0.0,0.0,0.0,0.04,0.0,0.0,0.04
39,3,3,2,False,0.7692296075963911,0.017160764156522124,4,qUCB,0.0,0.52,0.42,0.0,0.0,0.0,0.0,0.0,0.0,0.0,0.0,0.04,0.0,0.0,0.02
39,4,2,3,True,0.6465340039238051,0.2687627179036025,0,qEHVI,0.0,0.56,0.42,0.0,0.0,0.0,0.0,0.0,0.02,0.0,0.0,0.0,0.0,0.0,0.0
39,4,2,3,True,0.6465340039238051,0.2687627179036025,1,qEHVI,0.42,0.18,0.3,0.02,0.02,0.0,0.0,0.0,0.02,0.0,0.0,0.02,0.0,0.02,0.0
39,4,2,3,True,0.6465340039238051,0.2687627179036025,2,qUCB,0.48,0.38,0.06,0.0,0.0,0.0,0.0,0.0,0.0,0.0,0.0,0.04,0.0,0.0,0.04
39,4,2,3,True,0.6465340039238051,0.2687627179036025,3,qUCB,0.0,0.52,0.42,0.0,0.0,0.0,0.0,0.0,0.0,0.0,0.0,0.04,0.0,0.0,0.02
39,4,2,3,True,0.6465340039238051,0.2687627179036025,4,qUCB,0.0,0.58,0.34,0.04,0.0,0.0,0.0,0.0,0.0,0.0,0.0,0.04,0.0,0.0,0.0
39,5,1,4,False,0.5794888898250476,0.010576515781567153,0,qEHVI,0.0,0.56,0.42,0.0,0.0,0.0,0.0,0.0,0.02,0.0,0.0,0.0,0.0,0.0,0.0
39,5,1,4,False,0.5794888898250476,0.010576515781567153,1,qUCB,0.66,0.18,0.06,0.0,0.04,0.0,0.0,0.0,0.0,0.0,0.0,0.04,0.0,0.0,0.02
39,5,1,4,False,0.5794888898250476,0.010576515781567153,2,qUCB,0.0,0.5,0.4,0.0,0.0,0.0,0.0,0.0,0.0,0.0,0.0,0.04,0.0,0.04,0.02
39,5,1,4,False,0.5794888898250476,0.010576515781567153,3,qUCB,0.0,0.58,0.34,0.04,0.0,0.0,0.0,0.0,0.0,0.0,0.0,0.04,0.0,0.0,0.0
39,5,1,4,False,0.5794888898250476,0.010576515781567153,4,qUCB,0.0,0.42,0.48,0.04,0.0,0.0,0.0,0.0,0.0,0.0,0.0,0.02,0.0,0.04,0.0
39,6,0,5,False,0.6064331391829875,0.02756559077122489,0,qUCB,0.74,0.18,0.08,0.0,0.0,0.0,0.0,0.0,0.0,0.0,0.0,0.0,0.0,0.0,0.0
39,6,0,5,False,0.6064331391829875,0.02756559077122489,1,qUCB,0.0,0.56,0.42,0.0,0.0,0.0,0.0,0.0,0.02,0.0,0.0,0.0,0.0,0.0,0.0
39,6,0,5,False,0.6064331391829875,0.02756559077122489,2,qUCB,0.0,0.58,0.34,0.04,0.0,0.0,0.0,0.0,0.0,0.0,0.0,0.04,0.0,0.0,0.0
39,6,0,5,False,0.6064331391829875,0.02756559077122489,3,qUCB,0.0,0.44,0.48,0.04,0.0,0.0,0.0,0.0,0.0,0.0,0.0,0.0,0.0,0.02,0.02
39,6,0,5,False,0.6064331391829875,0.02756559077122489,4,qUCB,0.0,0.5,0.4,0.04,0.0,0.0,0.0,0.0,0.0,0.0,0.0,0.04,0.0,0.0,0.02
40,1,5,0,False,1.2964188475524987,0.04217628977818677,0,qEHVI,0.46,0.4,0.04,0.04,0.02,0.0,0.0,0.0,0.0,0.0,0.0,0.04,0.0,0.0,0.0
40,1,5,0,False,1.2964188475524987,0.04217628977818677,1,qEHVI,0.44,0.16,0.3,0.02,0.04,0.0,0.0,0.0,0.0,0.0,0.0,0.04,0.0,0.0,0.0
40,1,5,0,False,1.2964188475524987,0.04217628977818677,2,qEHVI,0.42,0.4,0.08,0.0,0.02,0.0,0.0,0.0,0.0,0.0,0.0,0.04,0.0,0.0,0.04
40,1,5,0,False,1.2964188475524987,0.04217628977818677,3,qEHVI,0.46,0.0,0.44,0.02,0.02,0.0,0.0,0.0,0.0,0.0,0.0,0.02,0.0,0.0,0.04
40,1,5,0,False,1.2964188475524987,0.04217628977818677,4,qEHVI,0.76,0.14,0.08,0.0,0.02,0.0,0.0,0.0,0.0,0.0,0.0,0.0,0.0,0.0,0.0
40,2,4,1,False,1.0852195100606143,0.007426741229410894,0,qEHVI,0.46,0.4,0.04,0.04,0.02,0.0,0.0,0.0,0.0,0.0,0.0,0.04,0.0,0.0,0.0
40,2,4,1,False,1.0852195100606143,0.007426741229410894,1,qEHVI,0.44,0.16,0.3,0.02,0.04,0.0,0.0,0.0,0.0,0.0,0.0,0.04,0.0,0.0,0.0
40,2,4,1,False,1.0852195100606143,0.007426741229410894,2,qEHVI,0.42,0.4,0.08,0.0,0.02,0.0,0.0,0.0,0.0,0.0,0.0,0.04,0.0,0.0,0.04
40,2,4,1,False,1.0852195100606143,0.007426741229410894,3,qEHVI,0.46,0.0,0.44,0.02,0.02,0.0,0.0,0.0,0.0,0.0,0.0,0.02,0.0,0.0,0.04
40,2,4,1,False,1.0852195100606143,0.007426741229410894,4,qUCB,0.36,0.38,0.18,0.0,0.0,0.0,0.0,0.0,0.04,0.0,0.0,0.0,0.0,0.04,0.0
40,3,3,2,True,1.1015457767854053,0.249577947389648,0,qEHVI,0.46,0.4,0.04,0.04,0.02,0.0,0.0,0.0,0.0,0.0,0.0,0.04,0.0,0.0,0.0
40,3,3,2,True,1.1015457767854053,0.249577947389648,1,qEHVI,0.44,0.16,0.3,0.02,0.04,0.0,0.0,0.0,0.0,0.0,0.0,0.04,0.0,0.0,0.0
40,3,3,2,True,1.1015457767854053,0.249577947389648,2,qEHVI,0.76,0.14,0.08,0.0,0.02,0.0,0.0,0.0,0.0,0.0,0.0,0.0,0.0,0.0,0.0
40,3,3,2,True,1.1015457767854053,0.249577947389648,3,qUCB,0.42,0.08,0.4,0.0,0.0,0.0,0.0,0.0,0.02,0.0,0.0,0.0,0.0,0.04,0.04
40,3,3,2,True,1.1015457767854053,0.249577947389648,4,qUCB,0.02,0.44,0.46,0.04,0.0,0.0,0.0,0.0,0.0,0.0,0.0,0.0,0.0,0.04,0.0
40,4,2,3,False,0.9083979949801898,0.02435087077043918,0,qEHVI,0.46,0.4,0.04,0.04,0.02,0.0,0.0,0.0,0.0,0.0,0.0,0.04,0.0,0.0,0.0
40,4,2,3,False,0.9083979949801898,0.02435087077043918,1,qEHVI,0.44,0.16,0.3,0.02,0.04,0.0,0.0,0.0,0.0,0.0,0.0,0.04,0.0,0.0,0.0
40,4,2,3,False,0.9083979949801898,0.02435087077043918,2,qUCB,0.42,0.08,0.4,0.0,0.0,0.0,0.0,0.0,0.02,0.0,0.0,0.0,0.0,0.04,0.04
40,4,2,3,False,0.9083979949801898,0.02435087077043918,3,qUCB,0.02,0.44,0.46,0.04,0.0,0.0,0.0,0.0,0.0,0.0,0.0,0.0,0.0,0.04,0.0
40,4,2,3,False,0.9083979949801898,0.02435087077043918,4,qUCB,0.32,0.36,0.24,0.0,0.0,0.0,0.0,0.0,0.0,0.0,0.0,0.0,0.0,0.04,0.04
40,5,1,4,False,0.6249624379663281,0.1023260493513316,0,qEHVI,0.46,0.4,0.04,0.04,0.02,0.0,0.0,0.0,0.0,0.0,0.0,0.04,0.0,0.0,0.0
40,5,1,4,False,0.6249624379663281,0.1023260493513316,1,qUCB,0.42,0.08,0.4,0.0,0.0,0.0,0.0,0.0,0.02,0.0,0.0,0.0,0.0,0.04,0.04
40,5,1,4,False,0.6249624379663281,0.1023260493513316,2,qUCB,0.3,0.1,0.5,0.0,0.02,0.0,0.0,0.0,0.04,0.0,0.0,0.0,0.0,0.04,0.0
40,5,1,4,False,0.6249624379663281,0.1023260493513316,3,qUCB,0.02,0.44,0.46,0.04,0.0,0.0,0.0,0.0,0.0,0.0,0.0,0.0,0.0,0.04,0.0
40,5,1,4,False,0.6249624379663281,0.1023260493513316,4,qUCB,0.32,0.36,0.24,0.0,0.0,0.0,0.0,0.0,0.0,0.0,0.0,0.0,0.0,0.04,0.04
40,6,0,5,False,0.719707517653234,0.07727943904671619,0,qUCB,0.76,0.14,0.08,0.0,0.02,0.0,0.0,0.0,0.0,0.0,0.0,0.0,0.0,0.0,0.0
40,6,0,5,False,0.719707517653234,0.07727943904671619,1,qUCB,0.0,0.44,0.46,0.04,0.0,0.0,0.0,0.0,0.0,0.0,0.0,0.04,0.0,0.0,0.02
40,6,0,5,False,0.719707517653234,0.07727943904671619,2,qUCB,0.34,0.42,0.24,0.0,0.0,0.0,0.0,0.0,0.0,0.0,0.0,0.0,0.0,0.0,0.0
40,6,0,5,False,0.719707517653234,0.07727943904671619,3,qUCB,0.32,0.14,0.52,0.0,0.0,0.0,0.0,0.0,0.0,0.0,0.0,0.0,0.0,0.0,0.02
40,6,0,5,False,0.719707517653234,0.07727943904671619,4,qUCB,0.0,0.4,0.54,0.04,0.0,0.0,0.0,0.0,0.0,0.0,0.0,0.0,0.0,0.0,0.02
41,1,5,0,False,1.1939910766785866,0.0422204233354142,0,qEHVI,0.46,0.4,0.08,0.0,0.02,0.0,0.0,0.0,0.0,0.0,0.0,0.04,0.0,0.0,0.0
41,1,5,0,False,1.1939910766785866,0.0422204233354142,1,qEHVI,0.42,0.08,0.46,0.02,0.0,0.0,0.0,0.0,0.0,0.0,0.0,0.02,0.0,0.0,0.0
41,1,5,0,False,1.1939910766785866,0.0422204233354142,2,qEHVI,0.44,0.16,0.3,0.02,0.0,0.0,0.0,0.0,0.02,0.0,0.0,0.04,0.0,0.02,0.0
41,1,5,0,False,1.1939910766785866,0.0422204233354142,3,qEHVI,0.44,0.1,0.36,0.04,0.0,0.0,0.0,0.0,0.04,0.0,0.0,0.02,0.0,0.0,0.0
41,1,5,0,False,1.1939910766785866,0.0422204233354142,4,qEHVI,0.46,0.02,0.5,0.0,0.0,0.0,0.0,0.0,0.0,0.0,0.0,0.0,0.0,0.0,0.02
41,2,4,1,True,1.1013310509718786,0.13251944065697074,0,qEHVI,0.46,0.4,0.08,0.0,0.02,0.0,0.0,0.0,0.0,0.0,0.0,0.04,0.0,0.0,0.0
41,2,4,1,True,1.1013310509718786,0.13251944065697074,1,qEHVI,0.42,0.08,0.46,0.02,0.0,0.0,0.0,0.0,0.0,0.0,0.0,0.02,0.0,0.0,0.0
41,2,4,1,True,1.1013310509718786,0.13251944065697074,2,qEHVI,0.44,0.16,0.3,0.02,0.0,0.0,0.0,0.0,0.02,0.0,0.0,0.04,0.0,0.02,0.0
41,2,4,1,True,1.1013310509718786,0.13251944065697074,3,qEHVI,0.44,0.1,0.36,0.04,0.0,0.0,0.0,0.0,0.04,0.0,0.0,0.02,0.0,0.0,0.0
41,2,4,1,True,1.1013310509718786,0.13251944065697074,4,qUCB,0.42,0.08,0.4,0.0,0.04,0.0,0.0,0.0,0.02,0.0,0.0,0.0,0.0,0.0,0.04
41,3,3,2,False,0.9374291905605979,0.010173670798423018,0,qEHVI,0.46,0.4,0.08,0.0,0.02,0.0,0.0,0.0,0.0,0.0,0.0,0.04,0.0,0.0,0.0
41,3,3,2,False,0.9374291905605979,0.010173670798423018,1,qEHVI,0.42,0.08,0.46,0.02,0.0,0.0,0.0,0.0,0.0,0.0,0.0,0.02,0.0,0.0,0.0
41,3,3,2,False,0.9374291905605979,0.010173670798423018,2,qEHVI,0.44,0.16,0.3,0.02,0.0,0.0,0.0,0.0,0.02,0.0,0.0,0.04,0.0,0.02,0.0
41,3,3,2,False,0.9374291905605979,0.010173670798423018,3,qUCB,0.42,0.08,0.4,0.0,0.04,0.0,0.0,0.0,0.02,0.0,0.0,0.0,0.0,0.0,0.04
41,3,3,2,False,0.9374291905605979,0.010173670798423018,4,qUCB,0.12,0.76,0.02,0.04,0.04,0.0,0.0,0.0,0.0,0.0,0.0,0.0,0.0,0.0,0.02
41,4,2,3,False,0.7021324042479833,0.04933794100564093,0,qEHVI,0.46,0.4,0.08,0.0,0.02,0.0,0.0,0.0,0.0,0.0,0.0,0.04,0.0,0.0,0.0
41,4,2,3,False,0.7021324042479833,0.04933794100564093,1,qEHVI,0.42,0.08,0.46,0.02,0.0,0.0,0.0,0.0,0.0,0.0,0.0,0.02,0.0,0.0,0.0
41,4,2,3,False,0.7021324042479833,0.04933794100564093,2,qUCB,0.48,0.3,0.12,0.0,0.0,0.0,0.0,0.0,0.04,0.0,0.0,0.0,0.0,0.02,0.04
41,4,2,3,False,0.7021324042479833,0.04933794100564093,3,qUCB,0.0,0.74,0.16,0.0,0.0,0.0,0.0,0.0,0.04,0.0,0.0,0.0,0.0,0.02,0.04
41,4,2,3,False,0.7021324042479833,0.04933794100564093,4,qUCB,0.3,0.08,0.52,0.0,0.04,0.0,0.0,0.0,0.02,0.0,0.0,0.0,0.0,0.04,0.0
41,5,1,4,False,0.453027193938424,0.0050810582028564255,0,qEHVI,0.46,0.4,0.08,0.0,0.02,0.0,0.0,0.0,0.0,0.0,0.0,0.04,0.0,0.0,0.0
41,5,1,4,False,0.453027193938424,0.0050810582028564255,1,qUCB,0.42,0.1,0.38,0.02,0.0,0.0,0.0,0.0,0.04,0.0,0.0,0.0,0.0,0.0,0.04
41,5,1,4,False,0.453027193938424,0.0050810582028564255,2,qUCB,0.2,0.08,0.62,0.04,0.0,0.0,0.0,0.0,0.0,0.0,0.0,0.0,0.0,0.02,0.04
41,5,1,4,False,0.453027193938424,0.0050810582028564255,3,qUCB,0.32,0.04,0.54,0.04,0.0,0.0,0.0,0.0,0.02,0.0,0.0,0.0,0.0,0.04,0.0
41,5,1,4,False,0.453027193938424,0.0050810582028564255,4,qUCB,0.28,0.1,0.52,0.0,0.0,0.0,0.0,0.0,0.02,0.0,0.0,0.0,0.0,0.04,0.04
41,6,0,5,False,0.38766082729776563,0.13875748946807143,0,qUCB,0.52,0.34,0.04,0.0,0.04,0.0,0.0,0.0,0.0,0.0,0.0,0.04,0.0,0.0,0.02
41,6,0,5,False,0.38766082729776563,0.13875748946807143,1,qUCB,0.32,0.14,0.52,0.0,0.0,0.0,0.0,0.0,0.0,0.0,0.0,0.0,0.0,0.0,0.02
41,6,0,5,False,0.38766082729776563,0.13875748946807143,2,qUCB,0.14,0.76,0.04,0.04,0.02,0.0,0.0,0.0,0.0,0.0,0.0,0.0,0.0,0.0,0.0
41,6,0,5,False,0.38766082729776563,0.13875748946807143,3,qUCB,0.16,0.1,0.64,0.04,0.04,0.0,0.0,0.0,0.0,0.0,0.0,0.0,0.0,0.0,0.02
41,6,0,5,False,0.38766082729776563,0.13875748946807143,4,qUCB,0.26,0.08,0.56,0.04,0.04,0.0,0.0,0.0,0.0,0.0,0.0,0.0,0.0,0.02,0.0
42,1,5,0,False,1.6639919916669816,0.01325464848623703,0,qEHVI,0.48,0.2,0.22,0.04,0.0,0.0,0.0,0.0,0.0,0.0,0.0,0.04,0.0,0.0,0.02
42,1,5,0,False,1.6639919916669816,0.01325464848623703,1,qEHVI,0.42,0.0,0.54,0.0,0.04,0.0,0.0,0.0,0.0,0.0,0.0,0.0,0.0,0.0,0.0
42,1,5,0,False,1.6639919916669816,0.01325464848623703,2,qEHVI,0.62,0.36,0.02,0.0,0.0,0.0,0.0,0.0,0.0,0.0,0.0,0.0,0.0,0.0,0.0
42,1,5,0,False,1.6639919916669816,0.01325464848623703,3,qEHVI,0.48,0.0,0.48,0.0,0.0,0.0,0.0,0.0,0.02,0.0,0.0,0.0,0.0,0.02,0.0
42,1,5,0,False,1.6639919916669816,0.01325464848623703,4,qEHVI,0.34,0.04,0.52,0.0,0.04,0.0,0.0,0.0,0.04,0.0,0.0,0.0,0.0,0.0,0.02
42,2,4,1,False,1.4242590349071127,0.02854192547408685,0,qEHVI,0.42,0.0,0.54,0.0,0.04,0.0,0.0,0.0,0.0,0.0,0.0,0.0,0.0,0.0,0.0
42,2,4,1,False,1.4242590349071127,0.02854192547408685,1,qEHVI,0.48,0.2,0.22,0.04,0.0,0.0,0.0,0.0,0.0,0.0,0.0,0.04,0.0,0.0,0.02
42,2,4,1,False,1.4242590349071127,0.02854192547408685,2,qEHVI,0.62,0.36,0.02,0.0,0.0,0.0,0.0,0.0,0.0,0.0,0.0,0.0,0.0,0.0,0.0
42,2,4,1,False,1.4242590349071127,0.02854192547408685,3,qEHVI,0.48,0.0,0.48,0.0,0.0,0.0,0.0,0.0,0.02,0.0,0.0,0.0,0.0,0.02,0.0
42,2,4,1,False,1.4242590349071127,0.02854192547408685,4,qUCB,0.0,0.8200000000000001,0.08,0.04,0.04,0.0,0.0,0.0,0.02,0.0,0.0,0.0,0.0,0.0,0.0
42,3,3,2,True,1.5372043107234679,0.09108232254907023,0,qEHVI,0.48,0.2,0.22,0.04,0.0,0.0,0.0,0.0,0.0,0.0,0.0,0.04,0.0,0.0,0.02
42,3,3,2,True,1.5372043107234679,0.09108232254907023,1,qEHVI,0.42,0.0,0.54,0.0,0.04,0.0,0.0,0.0,0.0,0.0,0.0,0.0,0.0,0.0,0.0
42,3,3,2,True,1.5372043107234679,0.09108232254907023,2,qEHVI,0.62,0.36,0.02,0.0,0.0,0.0,0.0,0.0,0.0,0.0,0.0,0.0,0.0,0.0,0.0
42,3,3,2,True,1.5372043107234679,0.09108232254907023,3,qUCB,0.38,0.3,0.22,0.0,0.0,0.0,0.0,0.0,0.02,0.0,0.0,0.04,0.0,0.04,0.0
42,3,3,2,True,1.5372043107234679,0.09108232254907023,4,qUCB,0.3,0.08,0.52,0.0,0.0,0.0,0.0,0.0,0.04,0.0,0.0,0.02,0.0,0.0,0.04
42,4,2,3,False,1.2038074360923032,0.08069781753640015,0,qEHVI,0.48,0.2,0.22,0.04,0.0,0.0,0.0,0.0,0.0,0.0,0.0,0.04,0.0,0.0,0.02
42,4,2,3,False,1.2038074360923032,0.08069781753640015,1,qEHVI,0.42,0.0,0.54,0.0,0.04,0.0,0.0,0.0,0.0,0.0,0.0,0.0,0.0,0.0,0.0
42,4,2,3,False,1.2038074360923032,0.08069781753640015,2,qUCB,0.34,0.34,0.22,0.0,0.0,0.0,0.0,0.0,0.02,0.0,0.0,0.0,0.0,0.04,0.04
42,4,2,3,False,1.2038074360923032,0.08069781753640015,3,qUCB,0.3,0.08,0.52,0.0,0.0,0.0,0.0,0.0,0.04,0.0,0.0,0.02,0.0,0.0,0.04
42,4,2,3,False,1.2038074360923032,0.08069781753640015,4,qUCB,0.28,0.1,0.52,0.04,0.0,0.0,0.0,0.0,0.04,0.0,0.0,0.0,0.0,0.02,0.0
42,5,1,4,False,0.9604069650122457,0.10495441316779974,0,qEHVI,0.48,0.2,0.22,0.04,0.0,0.0,0.0,0.0,0.0,0.0,0.0,0.04,0.0,0.0,0.02
42,5,1,4,False,0.9604069650122457,0.10495441316779974,1,qUCB,0.38,0.32,0.2,0.0,0.02,0.0,0.0,0.0,0.04,0.0,0.0,0.0,0.0,0.04,0.0
42,5,1,4,False,0.9604069650122457,0.10495441316779974,2,qUCB,0.34,0.04,0.52,0.0,0.04,0.0,0.0,0.0,0.04,0.0,0.0,0.0,0.0,0.0,0.02
42,5,1,4,False,0.9604069650122457,0.10495441316779974,3,qUCB,0.28,0.36,0.26,0.0,0.02,0.0,0.0,0.0,0.04,0.0,0.0,0.0,0.0,0.04,0.0
42,5,1,4,False,0.9604069650122457,0.10495441316779974,4,qUCB,0.2,0.06,0.64,0.04,0.02,0.0,0.0,0.0,0.0,0.0,0.0,0.0,0.0,0.04,0.0
42,6,0,5,False,0.798901374029975,0.020946081263105043,0,qUCB,0.38,0.3,0.22,0.0,0.0,0.0,0.0,0.0,0.02,0.0,0.0,0.04,0.0,0.04,0.0
42,6,0,5,False,0.798901374029975,0.020946081263105043,1,qUCB,0.3,0.1,0.52,0.0,0.0,0.0,0.0,0.0,0.04,0.0,0.0,0.04,0.0,0.0,0.0
42,6,0,5,False,0.798901374029975,0.020946081263105043,2,qUCB,0.18,0.1,0.64,0.04,0.02,0.0,0.0,0.0,0.02,0.0,0.0,0.0,0.0,0.0,0.0
42,6,0,5,False,0.798901374029975,0.020946081263105043,3,qUCB,0.28,0.1,0.52,0.04,0.0,0.0,0.0,0.0,0.04,0.0,0.0,0.0,0.0,0.02,0.0
42,6,0,5,False,0.798901374029975,0.020946081263105043,4,qUCB,0.12,0.74,0.04,0.04,0.02,0.0,0.0,0.0,0.0,0.0,0.0,0.0,0.0,0.0,0.04
43,1,5,0,False,1.1787585720278846,0.1947120065041359,0,qEHVI,0.0,0.52,0.46,0.0,0.0,0.0,0.0,0.0,0.0,0.0,0.0,0.02,0.0,0.0,0.0
43,1,5,0,False,1.1787585720278846,0.1947120065041359,1,qEHVI,0.4,0.04,0.46,0.0,0.0,0.0,0.0,0.0,0.04,0.0,0.0,0.04,0.0,0.0,0.02
43,1,5,0,False,1.1787585720278846,0.1947120065041359,2,qEHVI,0.46,0.4,0.04,0.02,0.04,0.0,0.0,0.0,0.0,0.0,0.0,0.04,0.0,0.0,0.0
43,1,5,0,False,1.1787585720278846,0.1947120065041359,3,qEHVI,0.46,0.04,0.48,0.0,0.0,0.0,0.0,0.0,0.0,0.0,0.0,0.0,0.0,0.0,0.02
43,1,5,0,False,1.1787585720278846,0.1947120065041359,4,qEHVI,0.62,0.0,0.32,0.0,0.04,0.0,0.0,0.0,0.0,0.0,0.0,0.0,0.0,0.02,0.0
43,2,4,1,False,1.0981829194180606,0.04828553572658034,0,qEHVI,0.0,0.52,0.46,0.0,0.0,0.0,0.0,0.0,0.0,0.0,0.0,0.02,0.0,0.0,0.0
43,2,4,1,False,1.0981829194180606,0.04828553572658034,1,qEHVI,0.4,0.04,0.46,0.0,0.0,0.0,0.0,0.0,0.04,0.0,0.0,0.04,0.0,0.0,0.02
43,2,4,1,False,1.0981829194180606,0.04828553572658034,2,qEHVI,0.46,0.4,0.04,0.02,0.04,0.0,0.0,0.0,0.0,0.0,0.0,0.04,0.0,0.0,0.0
43,2,4,1,False,1.0981829194180606,0.04828553572658034,3,qEHVI,0.46,0.04,0.48,0.0,0.0,0.0,0.0,0.0,0.0,0.0,0.0,0.0,0.0,0.0,0.02
43,2,4,1,False,1.0981829194180606,0.04828553572658034,4,qUCB,0.4,0.14,0.36,0.0,0.04,0.0,0.0,0.0,0.04,0.0,0.0,0.0,0.0,0.02,0.0
43,3,3,2,False,1.0215845665982417,0.03241273804450007,0,qEHVI,0.0,0.52,0.46,0.0,0.0,0.0,0.0,0.0,0.0,0.0,0.0,0.02,0.0,0.0,0.0
43,3,3,2,False,1.0215845665982417,0.03241273804450007,1,qEHVI,0.4,0.04,0.46,0.0,0.0,0.0,0.0,0.0,0.04,0.0,0.0,0.04,0.0,0.0,0.02
43,3,3,2,False,1.0215845665982417,0.03241273804450007,2,qEHVI,0.46,0.4,0.04,0.02,0.04,0.0,0.0,0.0,0.0,0.0,0.0,0.04,0.0,0.0,0.0
43,3,3,2,False,1.0215845665982417,0.03241273804450007,3,qUCB,0.44,0.08,0.38,0.02,0.0,0.0,0.0,0.0,0.0,0.0,0.0,0.0,0.0,0.04,0.04
43,3,3,2,False,1.0215845665982417,0.03241273804450007,4,qUCB,0.36,0.0,0.54,0.04,0.0,0.0,0.0,0.0,0.0,0.0,0.0,0.0,0.0,0.02,0.04
43,4,2,3,True,0.8309860937299496,0.0918201228942257,0,qEHVI,0.0,0.52,0.46,0.0,0.0,0.0,0.0,0.0,0.0,0.0,0.0,0.02,0.0,0.0,0.0
43,4,2,3,True,0.8309860937299496,0.0918201228942257,1,qEHVI,0.4,0.04,0.46,0.0,0.0,0.0,0.0,0.0,0.04,0.0,0.0,0.04,0.0,0.0,0.02
43,4,2,3,True,0.8309860937299496,0.0918201228942257,2,qUCB,0.66,0.2,0.06,0.0,0.04,0.0,0.0,0.0,0.0,0.0,0.0,0.0,0.0,0.0,0.04
43,4,2,3,True,0.8309860937299496,0.0918201228942257,3,qUCB,0.32,0.02,0.56,0.04,0.04,0.0,0.0,0.0,0.0,0.0,0.0,0.0,0.0,0.02,0.0
43,4,2,3,True,0.8309860937299496,0.0918201228942257,4,qUCB,0.16,0.08,0.66,0.04,0.04,0.0,0.0,0.0,0.0,0.0,0.0,0.0,0.0,0.0,0.02
43,5,1,4,False,0.617866808104474,0.04431181227043224,0,qEHVI,0.0,0.52,0.46,0.0,0.0,0.0,0.0,0.0,0.0,0.0,0.0,0.02,0.0,0.0,0.0
43,5,1,4,False,0.617866808104474,0.04431181227043224,1,qUCB,0.4,0.08,0.42,0.0,0.0,0.0,0.0,0.0,0.02,0.0,0.0,0.0,0.0,0.04,0.04
43,5,1,4,False,0.617866808104474,0.04431181227043224,2,qUCB,0.32,0.02,0.56,0.04,0.04,0.0,0.0,0.0,0.0,0.0,0.0,0.0,0.0,0.02,0.0
43,5,1,4,False,0.617866808104474,0.04431181227043224,3,qUCB,0.36,0.0,0.54,0.04,0.0,0.0,0.0,0.0,0.0,0.0,0.0,0.0,0.0,0.02,0.04
43,5,1,4,False,0.617866808104474,0.04431181227043224,4,qUCB,0.66,0.04,0.2,0.0,0.04,0.0,0.0,0.0,0.04,0.0,0.0,0.0,0.0,0.0,0.02
43,6,0,5,False,0.3952829254295362,0.05222954699296789,0,qUCB,0.38,0.16,0.36,0.0,0.0,0.0,0.0,0.0,0.04,0.0,0.0,0.0,0.0,0.02,0.04
43,6,0,5,False,0.3952829254295362,0.05222954699296789,1,qUCB,0.54,0.26,0.2,0.0,0.0,0.0,0.0,0.0,0.0,0.0,0.0,0.0,0.0,0.0,0.0
43,6,0,5,False,0.3952829254295362,0.05222954699296789,2,qUCB,0.0,0.8200000000000001,0.08,0.04,0.02,0.0,0.0,0.0,0.0,0.0,0.0,0.04,0.0,0.0,0.0
43,6,0,5,False,0.3952829254295362,0.05222954699296789,3,qUCB,0.32,0.02,0.56,0.04,0.04,0.0,0.0,0.0,0.0,0.0,0.0,0.0,0.0,0.02,0.0
43,6,0,5,False,0.3952829254295362,0.05222954699296789,4,qUCB,0.44,0.42,0.04,0.0,0.04,0.0,0.0,0.0,0.0,0.0,0.0,0.04,0.0,0.02,0.0
44,1,5,0,False,1.5484090650152738,0.015136508190249032,0,qEHVI,0.42,0.02,0.5,0.02,0.0,0.0,0.0,0.0,0.0,0.0,0.0,0.0,0.0,0.0,0.04
44,1,5,0,False,1.5484090650152738,0.015136508190249032,1,qEHVI,0.68,0.22,0.04,0.0,0.0,0.0,0.0,0.0,0.02,0.0,0.0,0.0,0.0,0.0,0.04
44,1,5,0,False,1.5484090650152738,0.015136508190249032,2,qEHVI,0.44,0.14,0.34,0.0,0.0,0.0,0.0,0.0,0.02,0.0,0.0,0.02,0.0,0.0,0.04
44,1,5,0,False,1.5484090650152738,0.015136508190249032,3,qEHVI,0.16,0.02,0.76,0.02,0.0,0.0,0.0,0.0,0.04,0.0,0.0,0.0,0.0,0.0,0.0
44,1,5,0,False,1.5484090650152738,0.015136508190249032,4,qEHVI,0.4,0.12,0.38,0.0,0.0,0.0,0.0,0.0,0.04,0.0,0.0,0.04,0.0,0.0,0.02
44,2,4,1,True,1.4165884456404843,0.4309612835600847,0,qEHVI,0.42,0.02,0.5,0.02,0.0,0.0,0.0,0.0,0.0,0.0,0.0,0.0,0.0,0.0,0.04
44,2,4,1,True,1.4165884456404843,0.4309612835600847,1,qEHVI,0.68,0.22,0.04,0.0,0.0,0.0,0.0,0.0,0.02,0.0,0.0,0.0,0.0,0.0,0.04
44,2,4,1,True,1.4165884456404843,0.4309612835600847,2,qEHVI,0.44,0.14,0.34,0.0,0.0,0.0,0.0,0.0,0.02,0.0,0.0,0.02,0.0,0.0,0.04
44,2,4,1,True,1.4165884456404843,0.4309612835600847,3,qEHVI,0.16,0.02,0.76,0.02,0.0,0.0,0.0,0.0,0.04,0.0,0.0,0.0,0.0,0.0,0.0
44,2,4,1,True,1.4165884456404843,0.4309612835600847,4,qUCB,0.4,0.14,0.38,0.0,0.04,0.0,0.0,0.0,0.0,0.0,0.0,0.0,0.0,0.04,0.0
44,3,3,2,False,1.200042792412043,0.05392197975281565,0,qEHVI,0.42,0.02,0.5,0.02,0.0,0.0,0.0,0.0,0.0,0.0,0.0,0.0,0.0,0.0,0.04
44,3,3,2,False,1.200042792412043,0.05392197975281565,1,qEHVI,0.68,0.22,0.04,0.0,0.0,0.0,0.0,0.0,0.02,0.0,0.0,0.0,0.0,0.0,0.04
44,3,3,2,False,1.200042792412043,0.05392197975281565,2,qEHVI,0.44,0.14,0.34,0.0,0.0,0.0,0.0,0.0,0.02,0.0,0.0,0.02,0.0,0.0,0.04
44,3,3,2,False,1.200042792412043,0.05392197975281565,3,qUCB,0.4,0.14,0.38,0.0,0.04,0.0,0.0,0.0,0.0,0.0,0.0,0.0,0.0,0.04,0.0
44,3,3,2,False,1.200042792412043,0.05392197975281565,4,qUCB,0.0,0.86,0.04,0.04,0.02,0.0,0.0,0.0,0.0,0.0,0.0,0.04,0.0,0.0,0.0
44,4,2,3,False,1.0035191403015198,0.09730694221995373,0,qEHVI,0.42,0.02,0.5,0.02,0.0,0.0,0.0,0.0,0.0,0.0,0.0,0.0,0.0,0.0,0.04
44,4,2,3,False,1.0035191403015198,0.09730694221995373,1,qEHVI,0.68,0.22,0.04,0.0,0.0,0.0,0.0,0.0,0.02,0.0,0.0,0.0,0.0,0.0,0.04
44,4,2,3,False,1.0035191403015198,0.09730694221995373,2,qUCB,0.48,0.4,0.02,0.02,0.04,0.0,0.0,0.0,0.0,0.0,0.0,0.04,0.0,0.0,0.0
44,4,2,3,False,1.0035191403015198,0.09730694221995373,3,qUCB,0.0,0.78,0.12,0.04,0.0,0.0,0.0,0.0,0.02,0.0,0.0,0.04,0.0,0.0,0.0
44,4,2,3,False,1.0035191403015198,0.09730694221995373,4,qUCB,0.0,0.86,0.04,0.04,0.02,0.0,0.0,0.0,0.0,0.0,0.0,0.04,0.0,0.0,0.0
44,5,1,4,False,0.6356037896894438,0.06417264809081136,0,qEHVI,0.42,0.02,0.5,0.02,0.0,0.0,0.0,0.0,0.0,0.0,0.0,0.0,0.0,0.0,0.04
44,5,1,4,False,0.6356037896894438,0.06417264809081136,1,qUCB,0.46,0.4,0.04,0.0,0.04,0.0,0.0,0.0,0.02,0.0,0.0,0.04,0.0,0.0,0.0
44,5,1,4,False,0.6356037896894438,0.06417264809081136,2,qUCB,0.0,0.74,0.16,0.0,0.0,0.0,0.0,0.0,0.04,0.0,0.0,0.04,0.0,0.02,0.0
44,5,1,4,False,0.6356037896894438,0.06417264809081136,3,qUCB,0.5,0.26,0.14,0.0,0.02,0.0,0.0,0.0,0.04,0.0,0.0,0.0,0.0,0.04,0.0
44,5,1,4,False,0.6356037896894438,0.06417264809081136,4,qUCB,0.88,0.0,0.04,0.0,0.04,0.0,0.0,0.0,0.04,0.0,0.0,0.0,0.0,0.0,0.0
44,6,0,5,False,0.5359981848365136,0.008289203228977637,0,qUCB,0.4,0.12,0.38,0.0,0.0,0.0,0.0,0.0,0.04,0.0,0.0,0.04,0.0,0.0,0.02
44,6,0,5,False,0.5359981848365136,0.008289203228977637,1,qUCB,0.0,0.72,0.18,0.0,0.02,0.0,0.0,0.0,0.0,0.0,0.0,0.02,0.0,0.02,0.04
44,6,0,5,False,0.5359981848365136,0.008289203228977637,2,qUCB,0.46,0.3,0.14,0.02,0.0,0.0,0.0,0.0,0.04,0.0,0.0,0.04,0.0,0.0,0.0
44,6,0,5,False,0.5359981848365136,0.008289203228977637,3,qUCB,0.48,0.32,0.12,0.0,0.0,0.0,0.0,0.0,0.04,0.0,0.0,0.0,0.0,0.04,0.0
44,6,0,5,False,0.5359981848365136,0.008289203228977637,4,qUCB,0.88,0.0,0.06,0.0,0.0,0.0,0.0,0.0,0.04,0.0,0.0,0.0,0.0,0.02,0.0
45,1,5,0,True,0.9456733265289293,0.019431418820703428,0,qEHVI,0.44,0.16,0.3,0.0,0.04,0.0,0.0,0.0,0.0,0.0,0.0,0.04,0.0,0.02,0.0
45,1,5,0,True,0.9456733265289293,0.019431418820703428,1,qEHVI,0.46,0.04,0.44,0.02,0.02,0.0,0.0,0.0,0.0,0.0,0.0,0.0,0.0,0.0,0.02
45,1,5,0,True,0.9456733265289293,0.019431418820703428,2,qEHVI,0.0,0.52,0.46,0.02,0.0,0.0,0.0,0.0,0.0,0.0,0.0,0.0,0.0,0.0,0.0
45,1,5,0,True,0.9456733265289293,0.019431418820703428,3,qEHVI,0.72,0.14,0.04,0.0,0.04,0.0,0.0,0.0,0.0,0.0,0.0,0.0,0.0,0.02,0.04
45,1,5,0,True,0.9456733265289293,0.019431418820703428,4,qEHVI,0.4,0.0,0.5,0.04,0.04,0.0,0.0,0.0,0.0,0.0,0.0,0.0,0.0,0.0,0.02
45,2,4,1,False,0.8564217105700567,0.01991001632556788,0,qEHVI,0.44,0.16,0.3,0.0,0.04,0.0,0.0,0.0,0.0,0.0,0.0,0.04,0.0,0.02,0.0
45,2,4,1,False,0.8564217105700567,0.01991001632556788,1,qEHVI,0.46,0.04,0.44,0.02,0.02,0.0,0.0,0.0,0.0,0.0,0.0,0.0,0.0,0.0,0.02
45,2,4,1,False,0.8564217105700567,0.01991001632556788,2,qEHVI,0.0,0.52,0.46,0.02,0.0,0.0,0.0,0.0,0.0,0.0,0.0,0.0,0.0,0.0,0.0
45,2,4,1,False,0.8564217105700567,0.01991001632556788,3,qEHVI,0.72,0.14,0.04,0.0,0.04,0.0,0.0,0.0,0.0,0.0,0.0,0.0,0.0,0.02,0.04
45,2,4,1,False,0.8564217105700567,0.01991001632556788,4,qUCB,0.46,0.4,0.04,0.0,0.0,0.0,0.0,0.0,0.02,0.0,0.0,0.04,0.0,0.0,0.04
45,3,3,2,False,0.7132927981732059,0.15347875391114307,0,qEHVI,0.0,0.52,0.46,0.02,0.0,0.0,0.0,0.0,0.0,0.0,0.0,0.0,0.0,0.0,0.0
45,3,3,2,False,0.7132927981732059,0.15347875391114307,1,qEHVI,0.46,0.04,0.44,0.02,0.02,0.0,0.0,0.0,0.0,0.0,0.0,0.0,0.0,0.0,0.02
45,3,3,2,False,0.7132927981732059,0.15347875391114307,2,qEHVI,0.44,0.16,0.3,0.0,0.04,0.0,0.0,0.0,0.0,0.0,0.0,0.04,0.0,0.02,0.0
45,3,3,2,False,0.7132927981732059,0.15347875391114307,3,qUCB,0.46,0.4,0.04,0.0,0.0,0.0,0.0,0.0,0.02,0.0,0.0,0.04,0.0,0.0,0.04
45,3,3,2,False,0.7132927981732059,0.15347875391114307,4,qUCB,0.54,0.16,0.2,0.0,0.0,0.0,0.0,0.0,0.04,0.0,0.0,0.0,0.0,0.04,0.02
45,4,2,3,False,0.5566149254383479,0.024292937063153275,0,qEHVI,0.0,0.52,0.46,0.02,0.0,0.0,0.0,0.0,0.0,0.0,0.0,0.0,0.0,0.0,0.0
45,4,2,3,False,0.5566149254383479,0.024292937063153275,1,qEHVI,0.46,0.04,0.44,0.02,0.02,0.0,0.0,0.0,0.0,0.0,0.0,0.0,0.0,0.0,0.02
45,4,2,3,False,0.5566149254383479,0.024292937063153275,2,qUCB,0.4,0.12,0.38,0.0,0.0,0.0,0.0,0.0,0.02,0.0,0.0,0.04,0.0,0.04,0.0
45,4,2,3,False,0.5566149254383479,0.024292937063153275,3,qUCB,0.0,0.72,0.18,0.0,0.02,0.0,0.0,0.0,0.0,0.0,0.0,0.04,0.0,0.0,0.04
45,4,2,3,False,0.5566149254383479,0.024292937063153275,4,qUCB,0.48,0.28,0.14,0.0,0.0,0.0,0.0,0.0,0.04,0.0,0.0,0.04,0.0,0.02,0.0
45,5,1,4,False,0.5235358013516788,0.03168052468606719,0,qEHVI,0.0,0.52,0.46,0.02,0.0,0.0,0.0,0.0,0.0,0.0,0.0,0.0,0.0,0.0,0.0
45,5,1,4,False,0.5235358013516788,0.03168052468606719,1,qUCB,0.72,0.14,0.04,0.0,0.04,0.0,0.0,0.0,0.0,0.0,0.0,0.0,0.0,0.02,0.04
45,5,1,4,False,0.5235358013516788,0.03168052468606719,2,qUCB,0.48,0.38,0.04,0.0,0.04,0.0,0.0,0.0,0.0,0.0,0.0,0.02,0.0,0.0,0.04
45,5,1,4,False,0.5235358013516788,0.03168052468606719,3,qUCB,0.72,0.1,0.08,0.0,0.02,0.0,0.0,0.0,0.0,0.0,0.0,0.04,0.0,0.0,0.04
45,5,1,4,False,0.5235358013516788,0.03168052468606719,4,qUCB,0.74,0.0,0.16,0.0,0.04,0.0,0.0,0.0,0.0,0.0,0.0,0.04,0.0,0.0,0.02
45,6,0,5,False,0.4088117852957085,0.17280134035452788,0,qUCB,0.48,0.38,0.04,0.0,0.04,0.0,0.0,0.0,0.0,0.0,0.0,0.02,0.0,0.0,0.04
45,6,0,5,False,0.4088117852957085,0.17280134035452788,1,qUCB,0.36,0.18,0.36,0.0,0.04,0.0,0.0,0.0,0.0,0.0,0.0,0.0,0.0,0.02,0.04
45,6,0,5,False,0.4088117852957085,0.17280134035452788,2,qUCB,0.46,0.4,0.04,0.0,0.0,0.0,0.0,0.0,0.02,0.0,0.0,0.04,0.0,0.0,0.04
45,6,0,5,False,0.4088117852957085,0.17280134035452788,3,qUCB,0.42,0.18,0.38,0.0,0.0,0.0,0.0,0.0,0.0,0.0,0.0,0.02,0.0,0.0,0.0
45,6,0,5,False,0.4088117852957085,0.17280134035452788,4,qUCB,0.0,0.72,0.18,0.0,0.02,0.0,0.0,0.0,0.0,0.0,0.0,0.04,0.0,0.0,0.04
46,1,5,0,False,0.831901915792551,0.07017913455026381,0,qEHVI,0.66,0.0,0.32,0.0,0.02,0.0,0.0,0.0,0.0,0.0,0.0,0.0,0.0,0.0,0.0
46,1,5,0,False,0.831901915792551,0.07017913455026381,1,qEHVI,0.44,0.16,0.3,0.02,0.0,0.0,0.0,0.0,0.04,0.0,0.0,0.02,0.0,0.0,0.02
46,1,5,0,False,0.831901915792551,0.07017913455026381,2,qEHVI,0.42,0.12,0.36,0.04,0.0,0.0,0.0,0.0,0.0,0.0,0.0,0.02,0.0,0.0,0.04
46,1,5,0,False,0.831901915792551,0.07017913455026381,3,qEHVI,0.0,0.44,0.5,0.04,0.0,0.0,0.0,0.0,0.0,0.0,0.0,0.02,0.0,0.0,0.0
46,1,5,0,False,0.831901915792551,0.07017913455026381,4,qEHVI,0.46,0.06,0.44,0.02,0.02,0.0,0.0,0.0,0.0,0.0,0.0,0.0,0.0,0.0,0.0
46,2,4,1,False,0.7585174773308468,0.023718352526625353,0,qEHVI,0.66,0.0,0.32,0.0,0.02,0.0,0.0,0.0,0.0,0.0,0.0,0.0,0.0,0.0,0.0
46,2,4,1,False,0.7585174773308468,0.023718352526625353,1,qEHVI,0.44,0.16,0.3,0.02,0.0,0.0,0.0,0.0,0.04,0.0,0.0,0.02,0.0,0.0,0.02
46,2,4,1,False,0.7585174773308468,0.023718352526625353,2,qEHVI,0.42,0.12,0.36,0.04,0.0,0.0,0.0,0.0,0.0,0.0,0.0,0.02,0.0,0.0,0.04
46,2,4,1,False,0.7585174773308468,0.023718352526625353,3,qEHVI,0.0,0.44,0.5,0.04,0.0,0.0,0.0,0.0,0.0,0.0,0.0,0.02,0.0,0.0,0.0
46,2,4,1,False,0.7585174773308468,0.023718352526625353,4,qUCB,0.4,0.44,0.06,0.0,0.0,0.0,0.0,0.0,0.0,0.0,0.0,0.04,0.0,0.04,0.02
46,3,3,2,True,0.6287592432493483,0.0942176207565053,0,qEHVI,0.66,0.0,0.32,0.0,0.02,0.0,0.0,0.0,0.0,0.0,0.0,0.0,0.0,0.0,0.0
46,3,3,2,True,0.6287592432493483,0.0942176207565053,1,qEHVI,0.44,0.16,0.3,0.02,0.0,0.0,0.0,0.0,0.04,0.0,0.0,0.02,0.0,0.0,0.02
46,3,3,2,True,0.6287592432493483,0.0942176207565053,2,qEHVI,0.42,0.12,0.36,0.04,0.0,0.0,0.0,0.0,0.0,0.0,0.0,0.02,0.0,0.0,0.04
46,3,3,2,True,0.6287592432493483,0.0942176207565053,3,qUCB,0.4,0.44,0.06,0.0,0.0,0.0,0.0,0.0,0.0,0.0,0.0,0.04,0.0,0.04,0.02
46,3,3,2,True,0.6287592432493483,0.0942176207565053,4,qUCB,0.0,0.76,0.16,0.0,0.0,0.0,0.0,0.0,0.0,0.0,0.0,0.04,0.0,0.04,0.0
46,4,2,3,False,0.5013521150731698,0.03312327952248073,0,qEHVI,0.66,0.0,0.32,0.0,0.02,0.0,0.0,0.0,0.0,0.0,0.0,0.0,0.0,0.0,0.0
46,4,2,3,False,0.5013521150731698,0.03312327952248073,1,qEHVI,0.44,0.16,0.3,0.02,0.0,0.0,0.0,0.0,0.04,0.0,0.0,0.02,0.0,0.0,0.02
46,4,2,3,False,0.5013521150731698,0.03312327952248073,2,qUCB,0.0,0.86,0.06,0.04,0.0,0.0,0.0,0.0,0.0,0.0,0.0,0.0,0.0,0.04,0.0
46,4,2,3,False,0.5013521150731698,0.03312327952248073,3,qUCB,0.0,0.76,0.16,0.0,0.0,0.0,0.0,0.0,0.0,0.0,0.0,0.04,0.0,0.04,0.0
46,4,2,3,False,0.5013521150731698,0.03312327952248073,4,qUCB,0.0,0.8200000000000001,0.08,0.04,0.04,0.0,0.0,0.0,0.0,0.0,0.0,0.02,0.0,0.0,0.0
46,5,1,4,False,0.3696964091083769,0.004473086952566874,0,qEHVI,0.66,0.0,0.32,0.0,0.02,0.0,0.0,0.0,0.0,0.0,0.0,0.0,0.0,0.0,0.0
46,5,1,4,False,0.3696964091083769,0.004473086952566874,1,qUCB,0.32,0.52,0.06,0.04,0.0,0.0,0.0,0.0,0.0,0.0,0.0,0.04,0.0,0.02,0.0
46,5,1,4,False,0.3696964091083769,0.004473086952566874,2,qUCB,0.0,0.86,0.06,0.04,0.0,0.0,0.0,0.0,0.0,0.0,0.0,0.0,0.0,0.04,0.0
46,5,1,4,False,0.3696964091083769,0.004473086952566874,3,qUCB,0.0,0.76,0.16,0.0,0.0,0.0,0.0,0.0,0.0,0.0,0.0,0.04,0.0,0.04,0.0
46,5,1,4,False,0.3696964091083769,0.004473086952566874,4,qUCB,0.06,0.8200000000000001,0.04,0.04,0.0,0.0,0.0,0.0,0.0,0.0,0.0,0.04,0.0,0.0,0.0
46,6,0,5,False,0.23575298369363182,0.04949660536252409,0,qUCB,0.42,0.16,0.38,0.0,0.0,0.0,0.0,0.0,0.0,0.0,0.0,0.02,0.0,0.0,0.02
46,6,0,5,False,0.23575298369363182,0.04949660536252409,1,qUCB,0.0,0.8200000000000001,0.08,0.04,0.04,0.0,0.0,0.0,0.0,0.0,0.0,0.02,0.0,0.0,0.0
46,6,0,5,False,0.23575298369363182,0.04949660536252409,2,qUCB,0.0,0.08,0.92,0.0,0.0,0.0,0.0,0.0,0.0,0.0,0.0,0.0,0.0,0.0,0.0
46,6,0,5,False,0.23575298369363182,0.04949660536252409,3,qUCB,0.0,0.76,0.16,0.0,0.0,0.0,0.0,0.0,0.0,0.0,0.0,0.04,0.0,0.04,0.0
46,6,0,5,False,0.23575298369363182,0.04949660536252409,4,qUCB,0.5,0.3,0.18,0.0,0.0,0.0,0.0,0.0,0.0,0.0,0.0,0.0,0.0,0.0,0.02
47,1,5,0,False,1.2188053302046165,0.25211618256819346,0,qEHVI,0.6,0.0,0.34,0.04,0.0,0.0,0.0,0.0,0.02,0.0,0.0,0.0,0.0,0.0,0.0
47,1,5,0,False,1.2188053302046165,0.25211618256819346,1,qEHVI,0.44,0.02,0.48,0.0,0.04,0.0,0.0,0.0,0.0,0.0,0.0,0.0,0.0,0.02,0.0
47,1,5,0,False,1.2188053302046165,0.25211618256819346,2,qEHVI,0.36,0.2,0.34,0.02,0.02,0.0,0.0,0.0,0.0,0.0,0.0,0.04,0.0,0.02,0.0
47,1,5,0,False,1.2188053302046165,0.25211618256819346,3,qEHVI,0.72,0.16,0.04,0.0,0.04,0.0,0.0,0.0,0.0,0.0,0.0,0.0,0.0,0.0,0.04
47,1,5,0,False,1.2188053302046165,0.25211618256819346,4,qEHVI,0.36,0.22,0.38,0.0,0.0,0.0,0.0,0.0,0.0,0.0,0.0,0.0,0.0,0.0,0.04
47,2,4,1,False,1.0461075327714242,0.010535878978145341,0,qEHVI,0.6,0.0,0.34,0.04,0.0,0.0,0.0,0.0,0.02,0.0,0.0,0.0,0.0,0.0,0.0
47,2,4,1,False,1.0461075327714242,0.010535878978145341,1,qEHVI,0.44,0.02,0.48,0.0,0.04,0.0,0.0,0.0,0.0,0.0,0.0,0.0,0.0,0.02,0.0
47,2,4,1,False,1.0461075327714242,0.010535878978145341,2,qEHVI,0.36,0.2,0.34,0.02,0.02,0.0,0.0,0.0,0.0,0.0,0.0,0.04,0.0,0.02,0.0
47,2,4,1,False,1.0461075327714242,0.010535878978145341,3,qEHVI,0.72,0.16,0.04,0.0,0.04,0.0,0.0,0.0,0.0,0.0,0.0,0.0,0.0,0.0,0.04
47,2,4,1,False,1.0461075327714242,0.010535878978145341,4,qUCB,0.36,0.48,0.06,0.0,0.0,0.0,0.0,0.0,0.04,0.0,0.0,0.0,0.0,0.04,0.02
47,3,3,2,False,0.9536307672014172,0.014853692779126959,0,qEHVI,0.6,0.0,0.34,0.04,0.0,0.0,0.0,0.0,0.02,0.0,0.0,0.0,0.0,0.0,0.0
47,3,3,2,False,0.9536307672014172,0.014853692779126959,1,qEHVI,0.44,0.02,0.48,0.0,0.04,0.0,0.0,0.0,0.0,0.0,0.0,0.0,0.0,0.02,0.0
47,3,3,2,False,0.9536307672014172,0.014853692779126959,2,qEHVI,0.36,0.2,0.34,0.02,0.02,0.0,0.0,0.0,0.0,0.0,0.0,0.04,0.0,0.02,0.0
47,3,3,2,False,0.9536307672014172,0.014853692779126959,3,qUCB,0.48,0.36,0.06,0.0,0.0,0.0,0.0,0.0,0.02,0.0,0.0,0.0,0.0,0.04,0.04
47,3,3,2,False,0.9536307672014172,0.014853692779126959,4,qUCB,0.0,0.84,0.06,0.04,0.0,0.0,0.0,0.0,0.0,0.0,0.0,0.0,0.0,0.02,0.04
47,4,2,3,True,0.8167652928620739,0.13557806946849915,0,qEHVI,0.6,0.0,0.34,0.04,0.0,0.0,0.0,0.0,0.02,0.0,0.0,0.0,0.0,0.0,0.0
47,4,2,3,True,0.8167652928620739,0.13557806946849915,1,qEHVI,0.44,0.02,0.48,0.0,0.04,0.0,0.0,0.0,0.0,0.0,0.0,0.0,0.0,0.02,0.0
47,4,2,3,True,0.8167652928620739,0.13557806946849915,2,qUCB,0.52,0.34,0.04,0.0,0.0,0.0,0.0,0.0,0.0,0.0,0.0,0.04,0.0,0.02,0.04
47,4,2,3,True,0.8167652928620739,0.13557806946849915,3,qUCB,0.0,0.84,0.06,0.04,0.0,0.0,0.0,0.0,0.0,0.0,0.0,0.0,0.0,0.02,0.04
47,4,2,3,True,0.8167652928620739,0.13557806946849915,4,qUCB,0.26,0.3,0.34,0.0,0.0,0.0,0.0,0.0,0.0,0.0,0.0,0.04,0.0,0.02,0.04
47,5,1,4,False,0.6161223931478383,0.013713890108036253,0,qEHVI,0.6,0.0,0.34,0.04,0.0,0.0,0.0,0.0,0.02,0.0,0.0,0.0,0.0,0.0,0.0
47,5,1,4,False,0.6161223931478383,0.013713890108036253,1,qUCB,0.46,0.4,0.04,0.0,0.04,0.0,0.0,0.0,0.0,0.0,0.0,0.04,0.0,0.0,0.02
47,5,1,4,False,0.6161223931478383,0.013713890108036253,2,qUCB,0.0,0.0,0.92,0.0,0.04,0.0,0.0,0.0,0.0,0.0,0.0,0.0,0.0,0.0,0.04
47,5,1,4,False,0.6161223931478383,0.013713890108036253,3,qUCB,0.26,0.3,0.34,0.0,0.0,0.0,0.0,0.0,0.0,0.0,0.0,0.04,0.0,0.02,0.04
47,5,1,4,False,0.6161223931478383,0.013713890108036253,4,qUCB,0.0,0.84,0.06,0.04,0.0,0.0,0.0,0.0,0.0,0.0,0.0,0.0,0.0,0.02,0.04
47,6,0,5,False,0.388140856210015,0.059780187588675204,0,qUCB,0.46,0.4,0.04,0.0,0.04,0.0,0.0,0.0,0.0,0.0,0.0,0.04,0.0,0.0,0.02
47,6,0,5,False,0.388140856210015,0.059780187588675204,1,qUCB,0.0,0.86,0.08,0.04,0.0,0.0,0.0,0.0,0.0,0.0,0.0,0.02,0.0,0.0,0.0
47,6,0,5,False,0.388140856210015,0.059780187588675204,2,qUCB,0.0,0.38,0.54,0.04,0.02,0.0,0.0,0.0,0.02,0.0,0.0,0.0,0.0,0.0,0.0
47,6,0,5,False,0.388140856210015,0.059780187588675204,3,qUCB,0.06,0.0,0.9,0.0,0.0,0.0,0.0,0.0,0.04,0.0,0.0,0.0,0.0,0.0,0.0
47,6,0,5,False,0.388140856210015,0.059780187588675204,4,qUCB,0.78,0.0,0.12,0.04,0.04,0.0,0.0,0.0,0.0,0.0,0.0,0.02,0.0,0.0,0.0
48,1,5,0,False,0.9614747171177858,0.026126283830544494,0,qEHVI,0.46,0.42,0.02,0.04,0.0,0.0,0.0,0.0,0.0,0.0,0.0,0.04,0.0,0.0,0.02
48,1,5,0,False,0.9614747171177858,0.026126283830544494,1,qEHVI,0.4,0.16,0.38,0.0,0.0,0.0,0.0,0.0,0.0,0.0,0.0,0.0,0.0,0.02,0.04
48,1,5,0,False,0.9614747171177858,0.026126283830544494,2,qEHVI,0.46,0.0,0.44,0.02,0.02,0.0,0.0,0.0,0.02,0.0,0.0,0.0,0.0,0.04,0.0
48,1,5,0,False,0.9614747171177858,0.026126283830544494,3,qEHVI,0.66,0.2,0.04,0.0,0.0,0.0,0.0,0.0,0.02,0.0,0.0,0.0,0.0,0.04,0.04
48,1,5,0,False,0.9614747171177858,0.026126283830544494,4,qEHVI,0.0,0.42,0.58,0.0,0.0,0.0,0.0,0.0,0.0,0.0,0.0,0.0,0.0,0.0,0.0
48,2,4,1,True,0.9429983311407863,0.12369119499441794,0,qEHVI,0.46,0.42,0.02,0.04,0.0,0.0,0.0,0.0,0.0,0.0,0.0,0.04,0.0,0.0,0.02
48,2,4,1,True,0.9429983311407863,0.12369119499441794,1,qEHVI,0.4,0.16,0.38,0.0,0.0,0.0,0.0,0.0,0.0,0.0,0.0,0.0,0.0,0.02,0.04
48,2,4,1,True,0.9429983311407863,0.12369119499441794,2,qEHVI,0.46,0.0,0.44,0.02,0.02,0.0,0.0,0.0,0.02,0.0,0.0,0.0,0.0,0.04,0.0
48,2,4,1,True,0.9429983311407863,0.12369119499441794,3,qEHVI,0.66,0.2,0.04,0.0,0.0,0.0,0.0,0.0,0.02,0.0,0.0,0.0,0.0,0.04,0.04
48,2,4,1,True,0.9429983311407863,0.12369119499441794,4,qUCB,0.44,0.42,0.04,0.0,0.04,0.0,0.0,0.0,0.0,0.0,0.0,0.04,0.0,0.0,0.02
48,3,3,2,False,0.7925688647352018,0.06770858736686503,0,qEHVI,0.46,0.42,0.02,0.04,0.0,0.0,0.0,0.0,0.0,0.0,0.0,0.04,0.0,0.0,0.02
48,3,3,2,False,0.7925688647352018,0.06770858736686503,1,qEHVI,0.4,0.16,0.38,0.0,0.0,0.0,0.0,0.0,0.0,0.0,0.0,0.0,0.0,0.02,0.04
48,3,3,2,False,0.7925688647352018,0.06770858736686503,2,qEHVI,0.46,0.0,0.44,0.02,0.02,0.0,0.0,0.0,0.02,0.0,0.0,0.0,0.0,0.04,0.0
48,3,3,2,False,0.7925688647352018,0.06770858736686503,3,qUCB,0.44,0.42,0.04,0.0,0.04,0.0,0.0,0.0,0.0,0.0,0.0,0.04,0.0,0.0,0.02
48,3,3,2,False,0.7925688647352018,0.06770858736686503,4,qUCB,0.0,0.0,0.9,0.0,0.02,0.0,0.0,0.0,0.04,0.0,0.0,0.04,0.0,0.0,0.0
48,4,2,3,False,0.6037002915074667,0.09572500009152685,0,qEHVI,0.46,0.42,0.02,0.04,0.0,0.0,0.0,0.0,0.0,0.0,0.0,0.04,0.0,0.0,0.02
48,4,2,3,False,0.6037002915074667,0.09572500009152685,1,qEHVI,0.4,0.16,0.38,0.0,0.0,0.0,0.0,0.0,0.0,0.0,0.0,0.0,0.0,0.02,0.04
48,4,2,3,False,0.6037002915074667,0.09572500009152685,2,qUCB,0.36,0.18,0.36,0.0,0.04,0.0,0.0,0.0,0.04,0.0,0.0,0.0,0.0,0.02,0.0
48,4,2,3,False,0.6037002915074667,0.09572500009152685,3,qUCB,0.0,0.0,0.9,0.0,0.02,0.0,0.0,0.0,0.04,0.0,0.0,0.04,0.0,0.0,0.0
48,4,2,3,False,0.6037002915074667,0.09572500009152685,4,qUCB,0.0,0.3,0.6,0.0,0.0,0.0,0.0,0.0,0.04,0.0,0.0,0.04,0.0,0.02,0.0
48,5,1,4,False,0.33334288942556745,0.28549322955548684,0,qEHVI,0.46,0.42,0.02,0.04,0.0,0.0,0.0,0.0,0.0,0.0,0.0,0.04,0.0,0.0,0.02
48,5,1,4,False,0.33334288942556745,0.28549322955548684,1,qUCB,0.36,0.18,0.36,0.0,0.04,0.0,0.0,0.0,0.04,0.0,0.0,0.0,0.0,0.02,0.0
48,5,1,4,False,0.33334288942556745,0.28549322955548684,2,qUCB,0.02,0.0,0.9,0.0,0.04,0.0,0.0,0.0,0.02,0.0,0.0,0.0,0.0,0.02,0.0
48,5,1,4,False,0.33334288942556745,0.28549322955548684,3,qUCB,0.0,0.04,0.88,0.0,0.0,0.0,0.0,0.0,0.04,0.0,0.0,0.0,0.0,0.0,0.04
48,5,1,4,False,0.33334288942556745,0.28549322955548684,4,qUCB,0.7000000000000001,0.02,0.2,0.0,0.04,0.0,0.0,0.0,0.04,0.0,0.0,0.0,0.0,0.0,0.0
48,6,0,5,False,0.32863041060266296,0.04361431739953581,0,qUCB,0.44,0.42,0.04,0.0,0.04,0.0,0.0,0.0,0.0,0.0,0.0,0.04,0.0,0.0,0.02
48,6,0,5,False,0.32863041060266296,0.04361431739953581,1,qUCB,0.56,0.24,0.2,0.0,0.0,0.0,0.0,0.0,0.0,0.0,0.0,0.0,0.0,0.0,0.0
48,6,0,5,False,0.32863041060266296,0.04361431739953581,2,qUCB,0.0,0.38,0.52,0.04,0.0,0.0,0.0,0.0,0.0,0.0,0.0,0.04,0.0,0.02,0.0
48,6,0,5,False,0.32863041060266296,0.04361431739953581,3,qUCB,0.02,0.0,0.92,0.0,0.02,0.0,0.0,0.0,0.0,0.0,0.0,0.0,0.0,0.02,0.02
48,6,0,5,False,0.32863041060266296,0.04361431739953581,4,qUCB,0.44,0.36,0.18,0.0,0.0,0.0,0.0,0.0,0.0,0.0,0.0,0.0,0.0,0.0,0.02
49,1,5,0,True,1.0836744841188273,0.07914289522098628,0,qEHVI,0.0,0.46,0.52,0.02,0.0,0.0,0.0,0.0,0.0,0.0,0.0,0.0,0.0,0.0,0.0
49,1,5,0,True,1.0836744841188273,0.07914289522098628,1,qEHVI,0.42,0.12,0.36,0.02,0.02,0.0,0.0,0.0,0.0,0.0,0.0,0.02,0.0,0.04,0.0
49,1,5,0,True,1.0836744841188273,0.07914289522098628,2,qEHVI,0.4,0.46,0.04,0.04,0.02,0.0,0.0,0.0,0.0,0.0,0.0,0.04,0.0,0.0,0.0
49,1,5,0,True,1.0836744841188273,0.07914289522098628,3,qEHVI,0.58,0.3,0.04,0.0,0.02,0.0,0.0,0.0,0.0,0.0,0.0,0.02,0.0,0.0,0.04
49,1,5,0,True,1.0836744841188273,0.07914289522098628,4,qEHVI,0.36,0.16,0.38,0.0,0.0,0.0,0.0,0.0,0.0,0.0,0.0,0.04,0.0,0.02,0.04
49,2,4,1,False,1.0268394801710836,0.09204073000630864,0,qEHVI,0.0,0.46,0.52,0.02,0.0,0.0,0.0,0.0,0.0,0.0,0.0,0.0,0.0,0.0,0.0
49,2,4,1,False,1.0268394801710836,0.09204073000630864,1,qEHVI,0.42,0.12,0.36,0.02,0.02,0.0,0.0,0.0,0.0,0.0,0.0,0.02,0.0,0.04,0.0
49,2,4,1,False,1.0268394801710836,0.09204073000630864,2,qEHVI,0.4,0.46,0.04,0.04,0.02,0.0,0.0,0.0,0.0,0.0,0.0,0.04,0.0,0.0,0.0
49,2,4,1,False,1.0268394801710836,0.09204073000630864,3,qEHVI,0.58,0.3,0.04,0.0,0.02,0.0,0.0,0.0,0.0,0.0,0.0,0.02,0.0,0.0,0.04
49,2,4,1,False,1.0268394801710836,0.09204073000630864,4,qUCB,0.4,0.14,0.38,0.0,0.0,0.0,0.0,0.0,0.04,0.0,0.0,0.04,0.0,0.0,0.0
49,3,3,2,False,0.7839337963411696,0.024560612794293668,0,qEHVI,0.0,0.46,0.52,0.02,0.0,0.0,0.0,0.0,0.0,0.0,0.0,0.0,0.0,0.0,0.0
49,3,3,2,False,0.7839337963411696,0.024560612794293668,1,qEHVI,0.42,0.12,0.36,0.02,0.02,0.0,0.0,0.0,0.0,0.0,0.0,0.02,0.0,0.04,0.0
49,3,3,2,False,0.7839337963411696,0.024560612794293668,2,qEHVI,0.4,0.46,0.04,0.04,0.02,0.0,0.0,0.0,0.0,0.0,0.0,0.04,0.0,0.0,0.0
49,3,3,2,False,0.7839337963411696,0.024560612794293668,3,qUCB,0.74,0.14,0.04,0.0,0.0,0.0,0.0,0.0,0.04,0.0,0.0,0.0,0.0,0.0,0.04
49,3,3,2,False,0.7839337963411696,0.024560612794293668,4,qUCB,0.52,0.18,0.2,0.0,0.02,0.0,0.0,0.0,0.04,0.0,0.0,0.0,0.0,0.0,0.04
49,4,2,3,False,0.6022488739017664,0.02624980870901794,0,qEHVI,0.0,0.46,0.52,0.02,0.0,0.0,0.0,0.0,0.0,0.0,0.0,0.0,0.0,0.0,0.0
49,4,2,3,False,0.6022488739017664,0.02624980870901794,1,qEHVI,0.42,0.12,0.36,0.02,0.02,0.0,0.0,0.0,0.0,0.0,0.0,0.02,0.0,0.04,0.0
49,4,2,3,False,0.6022488739017664,0.02624980870901794,2,qUCB,0.5,0.34,0.06,0.0,0.0,0.0,0.0,0.0,0.04,0.0,0.0,0.04,0.0,0.0,0.02
49,4,2,3,False,0.6022488739017664,0.02624980870901794,3,qUCB,0.74,0.14,0.04,0.0,0.0,0.0,0.0,0.0,0.04,0.0,0.0,0.0,0.0,0.0,0.04
49,4,2,3,False,0.6022488739017664,0.02624980870901794,4,qUCB,0.52,0.18,0.2,0.0,0.02,0.0,0.0,0.0,0.04,0.0,0.0,0.0,0.0,0.0,0.04
49,5,1,4,False,0.5637380431172162,0.04593675728767366,0,qEHVI,0.0,0.46,0.52,0.02,0.0,0.0,0.0,0.0,0.0,0.0,0.0,0.0,0.0,0.0,0.0
49,5,1,4,False,0.5637380431172162,0.04593675728767366,1,qUCB,0.74,0.1,0.06,0.0,0.04,0.0,0.0,0.0,0.02,0.0,0.0,0.0,0.0,0.0,0.04
49,5,1,4,False,0.5637380431172162,0.04593675728767366,2,qUCB,0.6,0.22,0.08,0.0,0.0,0.0,0.0,0.0,0.02,0.0,0.0,0.0,0.0,0.04,0.04
49,5,1,4,False,0.5637380431172162,0.04593675728767366,3,qUCB,0.48,0.4,0.02,0.0,0.04,0.0,0.0,0.0,0.0,0.0,0.0,0.04,0.0,0.02,0.0
49,5,1,4,False,0.5637380431172162,0.04593675728767366,4,qUCB,0.56,0.3,0.04,0.0,0.0,0.0,0.0,0.0,0.0,0.0,0.0,0.04,0.0,0.04,0.02
49,6,0,5,False,0.4006340108708446,0.2251199956979249,0,qUCB,0.36,0.16,0.38,0.0,0.0,0.0,0.0,0.0,0.0,0.0,0.0,0.04,0.0,0.02,0.04
49,6,0,5,False,0.4006340108708446,0.2251199956979249,1,qUCB,0.0,0.9400000000000001,0.06,0.0,0.0,0.0,0.0,0.0,0.0,0.0,0.0,0.0,0.0,0.0,0.0
49,6,0,5,False,0.4006340108708446,0.2251199956979249,2,qUCB,0.5,0.24,0.2,0.0,0.0,0.0,0.0,0.0,0.0,0.0,0.0,0.0,0.0,0.02,0.04
49,6,0,5,False,0.4006340108708446,0.2251199956979249,3,qUCB,0.48,0.4,0.02,0.0,0.04,0.0,0.0,0.0,0.0,0.0,0.0,0.04,0.0,0.02,0.0
49,6,0,5,False,0.4006340108708446,0.2251199956979249,4,qUCB,0.32,0.54,0.06,0.04,0.0,0.0,0.0,0.0,0.0,0.0,0.0,0.04,0.0,0.0,0.0
50,1,5,0,False,1.1371657655195062,0.22321589794746366,0,qEHVI,0.38,0.14,0.38,0.0,0.02,0.0,0.0,0.0,0.04,0.0,0.0,0.0,0.0,0.0,0.04
50,1,5,0,False,1.1371657655195062,0.22321589794746366,1,qEHVI,0.56,0.0,0.34,0.0,0.02,0.0,0.0,0.0,0.02,0.0,0.0,0.0,0.0,0.02,0.04
50,1,5,0,False,1.1371657655195062,0.22321589794746366,2,qEHVI,0.74,0.14,0.04,0.0,0.0,0.0,0.0,0.0,0.0,0.0,0.0,0.0,0.0,0.04,0.04
50,1,5,0,False,1.1371657655195062,0.22321589794746366,3,qEHVI,0.0,0.36,0.56,0.04,0.0,0.0,0.0,0.0,0.0,0.0,0.0,0.0,0.0,0.04,0.0
50,1,5,0,False,1.1371657655195062,0.22321589794746366,4,qEHVI,0.12,0.06,0.76,0.0,0.0,0.0,0.0,0.0,0.02,0.0,0.0,0.0,0.0,0.0,0.04
50,2,4,1,False,1.096227470545429,0.0803652405691544,0,qEHVI,0.38,0.14,0.38,0.0,0.02,0.0,0.0,0.0,0.04,0.0,0.0,0.0,0.0,0.0,0.04
50,2,4,1,False,1.096227470545429,0.0803652405691544,1,qEHVI,0.56,0.0,0.34,0.0,0.02,0.0,0.0,0.0,0.02,0.0,0.0,0.0,0.0,0.02,0.04
50,2,4,1,False,1.096227470545429,0.0803652405691544,2,qEHVI,0.74,0.14,0.04,0.0,0.0,0.0,0.0,0.0,0.0,0.0,0.0,0.0,0.0,0.04,0.04
50,2,4,1,False,1.096227470545429,0.0803652405691544,3,qEHVI,0.0,0.36,0.56,0.04,0.0,0.0,0.0,0.0,0.0,0.0,0.0,0.0,0.0,0.04,0.0
50,2,4,1,False,1.096227470545429,0.0803652405691544,4,qUCB,0.4,0.44,0.06,0.02,0.04,0.0,0.0,0.0,0.0,0.0,0.0,0.04,0.0,0.0,0.0
50,3,3,2,True,0.7695560907307618,0.12735194735165623,0,qEHVI,0.38,0.14,0.38,0.0,0.02,0.0,0.0,0.0,0.04,0.0,0.0,0.0,0.0,0.0,0.04
50,3,3,2,True,0.7695560907307618,0.12735194735165623,1,qEHVI,0.56,0.0,0.34,0.0,0.02,0.0,0.0,0.0,0.02,0.0,0.0,0.0,0.0,0.02,0.04
50,3,3,2,True,0.7695560907307618,0.12735194735165623,2,qEHVI,0.74,0.14,0.04,0.0,0.0,0.0,0.0,0.0,0.0,0.0,0.0,0.0,0.0,0.04,0.04
50,3,3,2,True,0.7695560907307618,0.12735194735165623,3,qUCB,0.14,0.74,0.04,0.04,0.0,0.0,0.0,0.0,0.0,0.0,0.0,0.04,0.0,0.0,0.0
50,3,3,2,True,0.7695560907307618,0.12735194735165623,4,qUCB,0.0,0.78,0.12,0.04,0.04,0.0,0.0,0.0,0.0,0.0,0.0,0.02,0.0,0.0,0.0
50,4,2,3,False,0.6787660495856591,0.023935086341974277,0,qEHVI,0.38,0.14,0.38,0.0,0.02,0.0,0.0,0.0,0.04,0.0,0.0,0.0,0.0,0.0,0.04
50,4,2,3,False,0.6787660495856591,0.023935086341974277,1,qEHVI,0.56,0.0,0.34,0.0,0.02,0.0,0.0,0.0,0.02,0.0,0.0,0.0,0.0,0.02,0.04
50,4,2,3,False,0.6787660495856591,0.023935086341974277,2,qUCB,0.34,0.4,0.16,0.04,0.0,0.0,0.0,0.0,0.0,0.0,0.0,0.04,0.0,0.02,0.0
50,4,2,3,False,0.6787660495856591,0.023935086341974277,3,qUCB,0.14,0.74,0.04,0.04,0.0,0.0,0.0,0.0,0.0,0.0,0.0,0.04,0.0,0.0,0.0
50,4,2,3,False,0.6787660495856591,0.023935086341974277,4,qUCB,0.0,0.78,0.12,0.04,0.04,0.0,0.0,0.0,0.0,0.0,0.0,0.02,0.0,0.0,0.0
50,5,1,4,False,0.42385917790520466,0.01505364730383807,0,qEHVI,0.38,0.14,0.38,0.0,0.02,0.0,0.0,0.0,0.04,0.0,0.0,0.0,0.0,0.0,0.04
50,5,1,4,False,0.42385917790520466,0.01505364730383807,1,qUCB,0.34,0.4,0.16,0.04,0.0,0.0,0.0,0.0,0.0,0.0,0.0,0.04,0.0,0.02,0.0
50,5,1,4,False,0.42385917790520466,0.01505364730383807,2,qUCB,0.18,0.74,0.0,0.04,0.0,0.0,0.0,0.0,0.0,0.0,0.0,0.0,0.0,0.04,0.0
50,5,1,4,False,0.42385917790520466,0.01505364730383807,3,qUCB,0.14,0.74,0.04,0.04,0.0,0.0,0.0,0.0,0.0,0.0,0.0,0.04,0.0,0.0,0.0
50,5,1,4,False,0.42385917790520466,0.01505364730383807,4,qUCB,0.7000000000000001,0.06,0.14,0.04,0.0,0.0,0.0,0.0,0.0,0.0,0.0,0.04,0.0,0.02,0.0
50,6,0,5,False,0.195655442138139,0.011058931591136911,0,qUCB,0.42,0.44,0.04,0.0,0.04,0.0,0.0,0.0,0.0,0.0,0.0,0.04,0.0,0.0,0.02
50,6,0,5,False,0.195655442138139,0.011058931591136911,1,qUCB,0.72,0.06,0.14,0.0,0.0,0.0,0.0,0.0,0.0,0.0,0.0,0.04,0.0,0.0,0.04
50,6,0,5,False,0.195655442138139,0.011058931591136911,2,qUCB,0.56,0.2,0.14,0.04,0.0,0.0,0.0,0.0,0.02,0.0,0.0,0.04,0.0,0.0,0.0
50,6,0,5,False,0.195655442138139,0.011058931591136911,3,qUCB,0.8200000000000001,0.0,0.12,0.04,0.0,0.0,0.0,0.0,0.0,0.0,0.0,0.0,0.0,0.0,0.02
50,6,0,5,False,0.195655442138139,0.011058931591136911,4,qUCB,0.14,0.74,0.04,0.04,0.0,0.0,0.0,0.0,0.0,0.0,0.0,0.04,0.0,0.0,0.0
