iteration,option,n_opt,n_exp,selected,full_qehvi,full_entropy,point_idx,source,x_0,x_1,x_2,x_3,x_4,x_5,x_6,x_7,x_8,x_9,x_10,x_11,x_12,x_13,x_14
1,1,5,0,True,3.39573561808262,0.7278732297598225,0,qEHVI,0.62,0.28,0.0,0.0,0.04,0.0,0.0,0.0,0.0,0.0,0.0,0.0,0.0,0.04,0.02
1,1,5,0,True,3.39573561808262,0.7278732297598225,1,qEHVI,0.56,0.1,0.26,0.0,0.04,0.0,0.0,0.0,0.0,0.0,0.0,0.0,0.0,0.04,0.0
1,1,5,0,True,3.39573561808262,0.7278732297598225,2,qEHVI,0.96,0.0,0.0,0.0,0.0,0.0,0.0,0.0,0.0,0.0,0.0,0.04,0.0,0.0,0.0
1,1,5,0,True,3.39573561808262,0.7278732297598225,3,qEHVI,0.7000000000000001,0.02,0.18,0.04,0.0,0.0,0.0,0.0,0.04,0.0,0.0,0.0,0.0,0.0,0.02
1,1,5,0,True,3.39573561808262,0.7278732297598225,4,qEHVI,0.32,0.06,0.52,0.04,0.04,0.0,0.0,0.0,0.0,0.0,0.0,0.0,0.0,0.0,0.02
1,2,4,1,False,3.4710299558749016,0.35989498259901254,0,qEHVI,0.62,0.28,0.0,0.0,0.04,0.0,0.0,0.0,0.0,0.0,0.0,0.0,0.0,0.04,0.02
1,2,4,1,False,3.4710299558749016,0.35989498259901254,1,qEHVI,0.56,0.1,0.26,0.0,0.04,0.0,0.0,0.0,0.0,0.0,0.0,0.0,0.0,0.04,0.0
1,2,4,1,False,3.4710299558749016,0.35989498259901254,2,qEHVI,0.66,0.1,0.14,0.04,0.0,0.0,0.0,0.0,0.04,0.0,0.0,0.0,0.0,0.0,0.02
1,2,4,1,False,3.4710299558749016,0.35989498259901254,3,qEHVI,0.96,0.0,0.0,0.0,0.0,0.0,0.0,0.0,0.0,0.0,0.0,0.04,0.0,0.0,0.0
1,2,4,1,False,3.4710299558749016,0.35989498259901254,4,qUCB,0.0,0.96,0.0,0.0,0.0,0.0,0.0,0.0,0.0,0.0,0.0,0.02,0.0,0.0,0.02
1,3,3,2,False,3.361367839949212,0.6814757250134988,0,qEHVI,0.62,0.28,0.0,0.0,0.04,0.0,0.0,0.0,0.0,0.0,0.0,0.0,0.0,0.04,0.02
1,3,3,2,False,3.361367839949212,0.6814757250134988,1,qEHVI,0.56,0.1,0.26,0.0,0.04,0.0,0.0,0.0,0.0,0.0,0.0,0.0,0.0,0.04,0.0
1,3,3,2,False,3.361367839949212,0.6814757250134988,2,qEHVI,0.7000000000000001,0.02,0.18,0.04,0.0,0.0,0.0,0.0,0.04,0.0,0.0,0.0,0.0,0.0,0.02
1,3,3,2,False,3.361367839949212,0.6814757250134988,3,qUCB,0.1,0.8,0.04,0.0,0.0,0.0,0.0,0.0,0.0,0.0,0.0,0.04,0.0,0.0,0.02
1,3,3,2,False,3.361367839949212,0.6814757250134988,4,qUCB,0.02,0.1,0.8200000000000001,0.0,0.0,0.0,0.0,0.0,0.0,0.0,0.0,0.04,0.0,0.0,0.02
1,4,2,3,False,3.1432845760504335,0.6275000051539443,0,qEHVI,0.62,0.28,0.0,0.0,0.04,0.0,0.0,0.0,0.0,0.0,0.0,0.0,0.0,0.04,0.02
1,4,2,3,False,3.1432845760504335,0.6275000051539443,1,qEHVI,0.56,0.1,0.26,0.0,0.04,0.0,0.0,0.0,0.0,0.0,0.0,0.0,0.0,0.04,0.0
1,4,2,3,False,3.1432845760504335,0.6275000051539443,2,qUCB,0.04,0.66,0.2,0.04,0.0,0.0,0.0,0.0,0.04,0.0,0.0,0.0,0.0,0.0,0.02
1,4,2,3,False,3.1432845760504335,0.6275000051539443,3,qUCB,0.04,0.3,0.56,0.04,0.0,0.0,0.0,0.0,0.0,0.0,0.0,0.04,0.0,0.0,0.02
1,4,2,3,False,3.1432845760504335,0.6275000051539443,4,qUCB,0.0,0.0,0.9,0.04,0.0,0.0,0.0,0.0,0.0,0.0,0.0,0.02,0.0,0.0,0.04
1,5,1,4,False,3.148482761898248,0.26652445111779244,0,qEHVI,0.62,0.28,0.0,0.0,0.04,0.0,0.0,0.0,0.0,0.0,0.0,0.0,0.0,0.04,0.02
1,5,1,4,False,3.148482761898248,0.26652445111779244,1,qUCB,0.04,0.66,0.2,0.04,0.0,0.0,0.0,0.0,0.04,0.0,0.0,0.0,0.0,0.0,0.02
1,5,1,4,False,3.148482761898248,0.26652445111779244,2,qUCB,0.2,0.0,0.7000000000000001,0.04,0.0,0.0,0.0,0.0,0.0,0.0,0.0,0.04,0.0,0.0,0.02
1,5,1,4,False,3.148482761898248,0.26652445111779244,3,qUCB,0.12,0.76,0.02,0.0,0.0,0.0,0.0,0.0,0.04,0.0,0.0,0.04,0.0,0.0,0.02
1,5,1,4,False,3.148482761898248,0.26652445111779244,4,qUCB,0.0,0.0,0.92,0.04,0.0,0.0,0.0,0.0,0.02,0.0,0.0,0.0,0.0,0.0,0.02
1,6,0,5,False,3.1691317068072764,0.535890349023596,0,qUCB,0.8200000000000001,0.02,0.06,0.0,0.04,0.0,0.0,0.0,0.0,0.0,0.0,0.0,0.0,0.04,0.02
1,6,0,5,False,3.1691317068072764,0.535890349023596,1,qUCB,0.0,0.8,0.1,0.0,0.04,0.0,0.0,0.0,0.04,0.0,0.0,0.0,0.0,0.0,0.02
1,6,0,5,False,3.1691317068072764,0.535890349023596,2,qUCB,0.0,0.8200000000000001,0.08,0.04,0.0,0.0,0.0,0.0,0.0,0.0,0.0,0.0,0.0,0.04,0.02
1,6,0,5,False,3.1691317068072764,0.535890349023596,3,qUCB,0.14,0.1,0.66,0.04,0.04,0.0,0.0,0.0,0.0,0.0,0.0,0.0,0.0,0.0,0.02
1,6,0,5,False,3.1691317068072764,0.535890349023596,4,qUCB,0.8200000000000001,0.06,0.02,0.0,0.02,0.0,0.0,0.0,0.02,0.0,0.0,0.04,0.0,0.0,0.02
2,1,5,0,True,10.068808648635247,1.1111057313194639,0,qEHVI,0.52,0.4,0.04,0.0,0.02,0.0,0.0,0.0,0.0,0.0,0.0,0.0,0.0,0.0,0.02
2,1,5,0,True,10.068808648635247,1.1111057313194639,1,qEHVI,0.48,0.32,0.1,0.0,0.02,0.0,0.0,0.0,0.0,0.0,0.0,0.0,0.0,0.04,0.04
2,1,5,0,True,10.068808648635247,1.1111057313194639,2,qEHVI,0.5,0.06,0.34,0.0,0.0,0.0,0.0,0.0,0.04,0.0,0.0,0.0,0.0,0.04,0.02
2,1,5,0,True,10.068808648635247,1.1111057313194639,3,qEHVI,0.5,0.3,0.1,0.02,0.04,0.0,0.0,0.0,0.0,0.0,0.0,0.0,0.0,0.0,0.04
2,1,5,0,True,10.068808648635247,1.1111057313194639,4,qEHVI,0.4,0.44,0.12,0.0,0.0,0.0,0.0,0.0,0.04,0.0,0.0,0.0,0.0,0.0,0.0
2,2,4,1,False,10.248062819503412,0.5261137318761762,0,qEHVI,0.52,0.4,0.04,0.0,0.02,0.0,0.0,0.0,0.0,0.0,0.0,0.0,0.0,0.0,0.02
2,2,4,1,False,10.248062819503412,0.5261137318761762,1,qEHVI,0.48,0.32,0.1,0.0,0.02,0.0,0.0,0.0,0.0,0.0,0.0,0.0,0.0,0.04,0.04
2,2,4,1,False,10.248062819503412,0.5261137318761762,2,qEHVI,0.5,0.06,0.34,0.0,0.0,0.0,0.0,0.0,0.04,0.0,0.0,0.0,0.0,0.04,0.02
2,2,4,1,False,10.248062819503412,0.5261137318761762,3,qEHVI,0.32,0.56,0.06,0.0,0.0,0.0,0.0,0.0,0.02,0.0,0.0,0.0,0.0,0.04,0.0
2,2,4,1,False,10.248062819503412,0.5261137318761762,4,qUCB,0.02,0.02,0.88,0.04,0.0,0.0,0.0,0.0,0.0,0.0,0.0,0.02,0.0,0.02,0.0
2,3,3,2,False,9.428442975376973,0.21101454500978178,0,qEHVI,0.52,0.4,0.04,0.0,0.02,0.0,0.0,0.0,0.0,0.0,0.0,0.0,0.0,0.0,0.02
2,3,3,2,False,9.428442975376973,0.21101454500978178,1,qEHVI,0.48,0.32,0.1,0.0,0.02,0.0,0.0,0.0,0.0,0.0,0.0,0.0,0.0,0.04,0.04
2,3,3,2,False,9.428442975376973,0.21101454500978178,2,qEHVI,0.5,0.06,0.34,0.0,0.0,0.0,0.0,0.0,0.04,0.0,0.0,0.0,0.0,0.04,0.02
2,3,3,2,False,9.428442975376973,0.21101454500978178,3,qUCB,0.02,0.02,0.88,0.04,0.0,0.0,0.0,0.0,0.0,0.0,0.0,0.02,0.0,0.02,0.0
2,3,3,2,False,9.428442975376973,0.21101454500978178,4,qUCB,0.4,0.0,0.5,0.04,0.0,0.0,0.0,0.0,0.02,0.0,0.0,0.04,0.0,0.0,0.0
2,4,2,3,False,9.144482163768984,0.3109032826700151,0,qEHVI,0.52,0.4,0.04,0.0,0.02,0.0,0.0,0.0,0.0,0.0,0.0,0.0,0.0,0.0,0.02
2,4,2,3,False,9.144482163768984,0.3109032826700151,1,qEHVI,0.48,0.32,0.1,0.0,0.02,0.0,0.0,0.0,0.0,0.0,0.0,0.0,0.0,0.04,0.04
2,4,2,3,False,9.144482163768984,0.3109032826700151,2,qUCB,0.0,0.14,0.76,0.04,0.0,0.0,0.0,0.0,0.04,0.0,0.0,0.02,0.0,0.0,0.0
2,4,2,3,False,9.144482163768984,0.3109032826700151,3,qUCB,0.0,0.02,0.88,0.04,0.02,0.0,0.0,0.0,0.04,0.0,0.0,0.0,0.0,0.0,0.0
2,4,2,3,False,9.144482163768984,0.3109032826700151,4,qUCB,0.44,0.0,0.46,0.02,0.0,0.0,0.0,0.0,0.04,0.0,0.0,0.04,0.0,0.0,0.0
2,5,1,4,False,8.51543255002949,0.13005847410625293,0,qEHVI,0.52,0.4,0.04,0.0,0.02,0.0,0.0,0.0,0.0,0.0,0.0,0.0,0.0,0.0,0.02
2,5,1,4,False,8.51543255002949,0.13005847410625293,1,qUCB,0.0,0.06,0.84,0.04,0.0,0.0,0.0,0.0,0.0,0.0,0.0,0.02,0.0,0.04,0.0
2,5,1,4,False,8.51543255002949,0.13005847410625293,2,qUCB,0.0,0.02,0.88,0.04,0.02,0.0,0.0,0.0,0.04,0.0,0.0,0.0,0.0,0.0,0.0
2,5,1,4,False,8.51543255002949,0.13005847410625293,3,qUCB,0.44,0.0,0.46,0.02,0.0,0.0,0.0,0.0,0.04,0.0,0.0,0.04,0.0,0.0,0.0
2,5,1,4,False,8.51543255002949,0.13005847410625293,4,qUCB,0.56,0.06,0.28,0.04,0.0,0.0,0.0,0.0,0.0,0.0,0.0,0.02,0.0,0.04,0.0
2,6,0,5,False,8.700614606116243,0.5159022305626522,0,qUCB,0.46,0.46,0.0,0.0,0.0,0.0,0.0,0.0,0.02,0.0,0.0,0.0,0.0,0.02,0.04
2,6,0,5,False,8.700614606116243,0.5159022305626522,1,qUCB,0.4,0.44,0.12,0.0,0.0,0.0,0.0,0.0,0.04,0.0,0.0,0.0,0.0,0.0,0.0
2,6,0,5,False,8.700614606116243,0.5159022305626522,2,qUCB,0.5,0.42,0.0,0.0,0.02,0.0,0.0,0.0,0.0,0.0,0.0,0.02,0.0,0.02,0.02
2,6,0,5,False,8.700614606116243,0.5159022305626522,3,qUCB,0.26,0.58,0.06,0.0,0.0,0.0,0.0,0.0,0.02,0.0,0.0,0.0,0.0,0.04,0.04
2,6,0,5,False,8.700614606116243,0.5159022305626522,4,qUCB,0.66,0.24,0.0,0.02,0.04,0.0,0.0,0.0,0.02,0.0,0.0,0.02,0.0,0.0,0.0
3,1,5,0,False,9.716101953749073,0.1986686038364489,0,qEHVI,0.0,0.88,0.02,0.0,0.0,0.0,0.0,0.0,0.02,0.0,0.0,0.0,0.0,0.04,0.04
3,1,5,0,False,9.716101953749073,0.1986686038364489,1,qEHVI,0.0,0.58,0.32,0.02,0.04,0.0,0.0,0.0,0.02,0.0,0.0,0.0,0.0,0.02,0.0
3,1,5,0,False,9.716101953749073,0.1986686038364489,2,qEHVI,0.64,0.0,0.28,0.0,0.0,0.0,0.0,0.0,0.04,0.0,0.0,0.0,0.0,0.0,0.04
3,1,5,0,False,9.716101953749073,0.1986686038364489,3,qEHVI,0.0,0.0,0.96,0.0,0.02,0.0,0.0,0.0,0.02,0.0,0.0,0.0,0.0,0.0,0.0
3,1,5,0,False,9.716101953749073,0.1986686038364489,4,qEHVI,0.0,0.04,0.88,0.04,0.0,0.0,0.0,0.0,0.0,0.0,0.0,0.0,0.0,0.0,0.04
3,2,4,1,True,9.271427129718827,0.3940168659393386,0,qEHVI,0.0,0.88,0.02,0.0,0.0,0.0,0.0,0.0,0.02,0.0,0.0,0.0,0.0,0.04,0.04
3,2,4,1,True,9.271427129718827,0.3940168659393386,1,qEHVI,0.0,0.58,0.32,0.02,0.04,0.0,0.0,0.0,0.02,0.0,0.0,0.0,0.0,0.02,0.0
3,2,4,1,True,9.271427129718827,0.3940168659393386,2,qEHVI,0.64,0.0,0.28,0.0,0.0,0.0,0.0,0.0,0.04,0.0,0.0,0.0,0.0,0.0,0.04
3,2,4,1,True,9.271427129718827,0.3940168659393386,3,qEHVI,0.0,0.0,0.96,0.0,0.02,0.0,0.0,0.0,0.02,0.0,0.0,0.0,0.0,0.0,0.0
3,2,4,1,True,9.271427129718827,0.3940168659393386,4,qUCB,0.36,0.0,0.54,0.02,0.0,0.0,0.0,0.0,0.0,0.0,0.0,0.04,0.0,0.04,0.0
3,3,3,2,False,8.832423316195428,0.2475910545042126,0,qEHVI,0.0,0.88,0.02,0.0,0.0,0.0,0.0,0.0,0.02,0.0,0.0,0.0,0.0,0.04,0.04
3,3,3,2,False,8.832423316195428,0.2475910545042126,1,qEHVI,0.0,0.58,0.32,0.02,0.04,0.0,0.0,0.0,0.02,0.0,0.0,0.0,0.0,0.02,0.0
3,3,3,2,False,8.832423316195428,0.2475910545042126,2,qEHVI,0.64,0.0,0.28,0.0,0.0,0.0,0.0,0.0,0.04,0.0,0.0,0.0,0.0,0.0,0.04
3,3,3,2,False,8.832423316195428,0.2475910545042126,3,qUCB,0.02,0.0,0.9,0.0,0.0,0.0,0.0,0.0,0.0,0.0,0.0,0.04,0.0,0.02,0.02
3,3,3,2,False,8.832423316195428,0.2475910545042126,4,qUCB,0.28,0.0,0.62,0.04,0.0,0.0,0.0,0.0,0.0,0.0,0.0,0.04,0.0,0.0,0.02
3,4,2,3,False,9.37717978381008,0.19035032176385158,0,qEHVI,0.0,0.88,0.02,0.0,0.0,0.0,0.0,0.0,0.02,0.0,0.0,0.0,0.0,0.04,0.04
3,4,2,3,False,9.37717978381008,0.19035032176385158,1,qEHVI,0.0,0.58,0.32,0.02,0.04,0.0,0.0,0.0,0.02,0.0,0.0,0.0,0.0,0.02,0.0
3,4,2,3,False,9.37717978381008,0.19035032176385158,2,qUCB,0.28,0.06,0.56,0.02,0.0,0.0,0.0,0.0,0.0,0.0,0.0,0.04,0.0,0.0,0.04
3,4,2,3,False,9.37717978381008,0.19035032176385158,3,qUCB,0.0,0.04,0.88,0.04,0.0,0.0,0.0,0.0,0.0,0.0,0.0,0.0,0.0,0.0,0.04
3,4,2,3,False,9.37717978381008,0.19035032176385158,4,qUCB,0.02,0.0,0.9,0.0,0.0,0.0,0.0,0.0,0.0,0.0,0.0,0.04,0.0,0.02,0.02
3,5,1,4,False,7.781191980319931,0.03644033973980498,0,qEHVI,0.0,0.88,0.02,0.0,0.0,0.0,0.0,0.0,0.02,0.0,0.0,0.0,0.0,0.04,0.04
3,5,1,4,False,7.781191980319931,0.03644033973980498,1,qUCB,0.02,0.0,0.88,0.04,0.02,0.0,0.0,0.0,0.0,0.0,0.0,0.04,0.0,0.0,0.0
3,5,1,4,False,7.781191980319931,0.03644033973980498,2,qUCB,0.24,0.08,0.6,0.04,0.0,0.0,0.0,0.0,0.0,0.0,0.0,0.04,0.0,0.0,0.0
3,5,1,4,False,7.781191980319931,0.03644033973980498,3,qUCB,0.04,0.0,0.86,0.04,0.04,0.0,0.0,0.0,0.0,0.0,0.0,0.0,0.0,0.02,0.0
3,5,1,4,False,7.781191980319931,0.03644033973980498,4,qUCB,0.0,0.0,0.96,0.0,0.02,0.0,0.0,0.0,0.02,0.0,0.0,0.0,0.0,0.0,0.0
3,6,0,5,False,8.728625111760033,0.24956399184030786,0,qUCB,0.0,0.52,0.38,0.04,0.04,0.0,0.0,0.0,0.02,0.0,0.0,0.0,0.0,0.0,0.0
3,6,0,5,False,8.728625111760033,0.24956399184030786,1,qUCB,0.0,0.0,0.96,0.0,0.02,0.0,0.0,0.0,0.02,0.0,0.0,0.0,0.0,0.0,0.0
3,6,0,5,False,8.728625111760033,0.24956399184030786,2,qUCB,0.0,0.04,0.88,0.04,0.0,0.0,0.0,0.0,0.0,0.0,0.0,0.0,0.0,0.0,0.04
3,6,0,5,False,8.728625111760033,0.24956399184030786,3,qUCB,0.0,0.0,0.92,0.0,0.02,0.0,0.0,0.0,0.02,0.0,0.0,0.04,0.0,0.0,0.0
3,6,0,5,False,8.728625111760033,0.24956399184030786,4,qUCB,0.1,0.16,0.66,0.04,0.0,0.0,0.0,0.0,0.0,0.0,0.0,0.0,0.0,0.0,0.04
4,1,5,0,False,6.310064790882062,0.78504753535384,0,qEHVI,0.6,0.0,0.32,0.02,0.04,0.0,0.0,0.0,0.0,0.0,0.0,0.0,0.0,0.02,0.0
4,1,5,0,False,6.310064790882062,0.78504753535384,1,qEHVI,0.6,0.02,0.3,0.0,0.02,0.0,0.0,0.0,0.04,0.0,0.0,0.0,0.0,0.02,0.0
4,1,5,0,False,6.310064790882062,0.78504753535384,2,qEHVI,0.04,0.28,0.6,0.04,0.02,0.0,0.0,0.0,0.0,0.0,0.0,0.0,0.0,0.02,0.0
4,1,5,0,False,6.310064790882062,0.78504753535384,3,qEHVI,0.58,0.0,0.32,0.0,0.04,0.0,0.0,0.0,0.0,0.0,0.0,0.04,0.0,0.02,0.0
4,1,5,0,False,6.310064790882062,0.78504753535384,4,qEHVI,0.5,0.42,0.0,0.0,0.0,0.0,0.0,0.0,0.0,0.0,0.0,0.04,0.0,0.0,0.04
4,2,4,1,True,6.293229006643844,0.0629417707322073,0,qEHVI,0.6,0.0,0.32,0.02,0.04,0.0,0.0,0.0,0.0,0.0,0.0,0.0,0.0,0.02,0.0
4,2,4,1,True,6.293229006643844,0.0629417707322073,1,qEHVI,0.6,0.0,0.3,0.0,0.02,0.0,0.0,0.0,0.02,0.0,0.0,0.0,0.0,0.04,0.02
4,2,4,1,True,6.293229006643844,0.0629417707322073,2,qEHVI,0.62,0.0,0.3,0.04,0.0,0.0,0.0,0.0,0.02,0.0,0.0,0.0,0.0,0.0,0.02
4,2,4,1,True,6.293229006643844,0.0629417707322073,3,qEHVI,0.04,0.28,0.6,0.04,0.02,0.0,0.0,0.0,0.0,0.0,0.0,0.0,0.0,0.02,0.0
4,2,4,1,True,6.293229006643844,0.0629417707322073,4,qUCB,0.0,0.66,0.24,0.0,0.02,0.0,0.0,0.0,0.0,0.0,0.0,0.04,0.0,0.0,0.04
4,3,3,2,False,6.091438495569903,0.4856740822504353,0,qEHVI,0.6,0.0,0.32,0.02,0.04,0.0,0.0,0.0,0.0,0.0,0.0,0.0,0.0,0.02,0.0
4,3,3,2,False,6.091438495569903,0.4856740822504353,1,qEHVI,0.6,0.0,0.3,0.0,0.02,0.0,0.0,0.0,0.02,0.0,0.0,0.0,0.0,0.04,0.02
4,3,3,2,False,6.091438495569903,0.4856740822504353,2,qEHVI,0.04,0.28,0.6,0.04,0.02,0.0,0.0,0.0,0.0,0.0,0.0,0.0,0.0,0.02,0.0
4,3,3,2,False,6.091438495569903,0.4856740822504353,3,qUCB,0.0,0.66,0.24,0.0,0.02,0.0,0.0,0.0,0.0,0.0,0.0,0.04,0.0,0.0,0.04
4,3,3,2,False,6.091438495569903,0.4856740822504353,4,qUCB,0.5,0.08,0.32,0.04,0.0,0.0,0.0,0.0,0.02,0.0,0.0,0.04,0.0,0.0,0.0
4,4,2,3,False,5.608242316311383,0.23227115804541754,0,qEHVI,0.6,0.0,0.32,0.02,0.04,0.0,0.0,0.0,0.0,0.0,0.0,0.0,0.0,0.02,0.0
4,4,2,3,False,5.608242316311383,0.23227115804541754,1,qEHVI,0.6,0.0,0.3,0.0,0.02,0.0,0.0,0.0,0.02,0.0,0.0,0.0,0.0,0.04,0.02
4,4,2,3,False,5.608242316311383,0.23227115804541754,2,qUCB,0.08,0.8200000000000001,0.0,0.04,0.0,0.0,0.0,0.0,0.02,0.0,0.0,0.04,0.0,0.0,0.0
4,4,2,3,False,5.608242316311383,0.23227115804541754,3,qUCB,0.0,0.26,0.64,0.04,0.0,0.0,0.0,0.0,0.02,0.0,0.0,0.0,0.0,0.0,0.04
4,4,2,3,False,5.608242316311383,0.23227115804541754,4,qUCB,0.04,0.04,0.8200000000000001,0.04,0.0,0.0,0.0,0.0,0.04,0.0,0.0,0.02,0.0,0.0,0.0
4,5,1,4,False,4.74017647636629,0.08742040011664898,0,qEHVI,0.6,0.0,0.32,0.02,0.04,0.0,0.0,0.0,0.0,0.0,0.0,0.0,0.0,0.02,0.0
4,5,1,4,False,4.74017647636629,0.08742040011664898,1,qUCB,0.0,0.7000000000000001,0.22,0.0,0.0,0.0,0.0,0.0,0.04,0.0,0.0,0.0,0.0,0.0,0.04
4,5,1,4,False,4.74017647636629,0.08742040011664898,2,qUCB,0.0,0.26,0.64,0.04,0.0,0.0,0.0,0.0,0.02,0.0,0.0,0.0,0.0,0.0,0.04
4,5,1,4,False,4.74017647636629,0.08742040011664898,3,qUCB,0.08,0.8200000000000001,0.0,0.04,0.0,0.0,0.0,0.0,0.02,0.0,0.0,0.04,0.0,0.0,0.0
4,5,1,4,False,4.74017647636629,0.08742040011664898,4,qUCB,0.04,0.26,0.6,0.0,0.0,0.0,0.0,0.0,0.04,0.0,0.0,0.0,0.0,0.04,0.02
4,6,0,5,False,4.410544990893303,0.4526172957834511,0,qUCB,0.58,0.0,0.32,0.04,0.04,0.0,0.0,0.0,0.0,0.0,0.0,0.02,0.0,0.0,0.0
4,6,0,5,False,4.410544990893303,0.4526172957834511,1,qUCB,0.02,0.26,0.62,0.04,0.0,0.0,0.0,0.0,0.0,0.0,0.0,0.0,0.0,0.02,0.04
4,6,0,5,False,4.410544990893303,0.4526172957834511,2,qUCB,0.08,0.0,0.84,0.04,0.0,0.0,0.0,0.0,0.0,0.0,0.0,0.0,0.0,0.0,0.04
4,6,0,5,False,4.410544990893303,0.4526172957834511,3,qUCB,0.0,0.32,0.62,0.0,0.04,0.0,0.0,0.0,0.0,0.0,0.0,0.0,0.0,0.0,0.02
4,6,0,5,False,4.410544990893303,0.4526172957834511,4,qUCB,0.26,0.0,0.68,0.04,0.02,0.0,0.0,0.0,0.0,0.0,0.0,0.0,0.0,0.0,0.0
5,1,5,0,False,12.619167214571,0.39106164367554896,0,qEHVI,0.54,0.0,0.4,0.0,0.0,0.0,0.0,0.0,0.0,0.0,0.0,0.0,0.0,0.02,0.04
5,1,5,0,False,12.619167214571,0.39106164367554896,1,qEHVI,0.02,0.92,0.0,0.0,0.04,0.0,0.0,0.0,0.0,0.0,0.0,0.0,0.0,0.0,0.02
5,1,5,0,False,12.619167214571,0.39106164367554896,2,qEHVI,0.46,0.22,0.22,0.0,0.0,0.0,0.0,0.0,0.04,0.0,0.0,0.0,0.0,0.02,0.04
5,1,5,0,False,12.619167214571,0.39106164367554896,3,qEHVI,0.54,0.02,0.36,0.0,0.04,0.0,0.0,0.0,0.02,0.0,0.0,0.0,0.0,0.0,0.02
5,1,5,0,False,12.619167214571,0.39106164367554896,4,qEHVI,0.62,0.0,0.28,0.0,0.0,0.0,0.0,0.0,0.0,0.0,0.0,0.04,0.0,0.02,0.04
5,2,4,1,True,12.277078576355308,0.8289970148788584,0,qEHVI,0.54,0.0,0.4,0.0,0.0,0.0,0.0,0.0,0.0,0.0,0.0,0.0,0.0,0.02,0.04
5,2,4,1,True,12.277078576355308,0.8289970148788584,1,qEHVI,0.02,0.92,0.0,0.0,0.04,0.0,0.0,0.0,0.0,0.0,0.0,0.0,0.0,0.0,0.02
5,2,4,1,True,12.277078576355308,0.8289970148788584,2,qEHVI,0.46,0.22,0.22,0.0,0.0,0.0,0.0,0.0,0.04,0.0,0.0,0.0,0.0,0.02,0.04
5,2,4,1,True,12.277078576355308,0.8289970148788584,3,qEHVI,0.54,0.02,0.36,0.0,0.04,0.0,0.0,0.0,0.02,0.0,0.0,0.0,0.0,0.0,0.02
5,2,4,1,True,12.277078576355308,0.8289970148788584,4,qUCB,0.32,0.54,0.08,0.0,0.0,0.0,0.0,0.0,0.0,0.0,0.0,0.04,0.0,0.02,0.0
5,3,3,2,False,11.290086478587096,0.43372490202774117,0,qEHVI,0.54,0.0,0.4,0.0,0.0,0.0,0.0,0.0,0.0,0.0,0.0,0.0,0.0,0.02,0.04
5,3,3,2,False,11.290086478587096,0.43372490202774117,1,qEHVI,0.02,0.92,0.0,0.0,0.04,0.0,0.0,0.0,0.0,0.0,0.0,0.0,0.0,0.0,0.02
5,3,3,2,False,11.290086478587096,0.43372490202774117,2,qEHVI,0.46,0.22,0.22,0.0,0.0,0.0,0.0,0.0,0.04,0.0,0.0,0.0,0.0,0.02,0.04
5,3,3,2,False,11.290086478587096,0.43372490202774117,3,qUCB,0.32,0.54,0.08,0.0,0.0,0.0,0.0,0.0,0.0,0.0,0.0,0.04,0.0,0.02,0.0
5,3,3,2,False,11.290086478587096,0.43372490202774117,4,qUCB,0.08,0.0,0.8200000000000001,0.02,0.04,0.0,0.0,0.0,0.0,0.0,0.0,0.0,0.0,0.04,0.0
5,4,2,3,False,10.370357882980771,0.5774772902764269,0,qEHVI,0.54,0.0,0.4,0.0,0.0,0.0,0.0,0.0,0.0,0.0,0.0,0.0,0.0,0.02,0.04
5,4,2,3,False,10.370357882980771,0.5774772902764269,1,qEHVI,0.02,0.92,0.0,0.0,0.04,0.0,0.0,0.0,0.0,0.0,0.0,0.0,0.0,0.0,0.02
5,4,2,3,False,10.370357882980771,0.5774772902764269,2,qUCB,0.36,0.54,0.02,0.0,0.0,0.0,0.0,0.0,0.02,0.0,0.0,0.04,0.0,0.02,0.0
5,4,2,3,False,10.370357882980771,0.5774772902764269,3,qUCB,0.02,0.6,0.28,0.0,0.0,0.0,0.0,0.0,0.02,0.0,0.0,0.04,0.0,0.04,0.0
5,4,2,3,False,10.370357882980771,0.5774772902764269,4,qUCB,0.08,0.0,0.8200000000000001,0.02,0.04,0.0,0.0,0.0,0.0,0.0,0.0,0.0,0.0,0.04,0.0
5,5,1,4,False,10.579382807743004,0.43691886920336387,0,qEHVI,0.54,0.0,0.4,0.0,0.0,0.0,0.0,0.0,0.0,0.0,0.0,0.0,0.0,0.02,0.04
5,5,1,4,False,10.579382807743004,0.43691886920336387,1,qUCB,0.0,0.9,0.0,0.0,0.04,0.0,0.0,0.0,0.02,0.0,0.0,0.04,0.0,0.0,0.0
5,5,1,4,False,10.579382807743004,0.43691886920336387,2,qUCB,0.0,0.92,0.0,0.0,0.04,0.0,0.0,0.0,0.0,0.0,0.0,0.02,0.0,0.02,0.0
5,5,1,4,False,10.579382807743004,0.43691886920336387,3,qUCB,0.08,0.0,0.8200000000000001,0.02,0.04,0.0,0.0,0.0,0.0,0.0,0.0,0.0,0.0,0.04,0.0
5,5,1,4,False,10.579382807743004,0.43691886920336387,4,qUCB,0.02,0.6,0.28,0.0,0.0,0.0,0.0,0.0,0.02,0.0,0.0,0.04,0.0,0.04,0.0
5,6,0,5,False,8.566441619295167,0.37636680325062244,0,qUCB,0.02,0.92,0.0,0.0,0.04,0.0,0.0,0.0,0.0,0.0,0.0,0.0,0.0,0.0,0.02
5,6,0,5,False,8.566441619295167,0.37636680325062244,1,qUCB,0.36,0.56,0.0,0.0,0.0,0.0,0.0,0.0,0.0,0.0,0.0,0.04,0.0,0.02,0.02
5,6,0,5,False,8.566441619295167,0.37636680325062244,2,qUCB,0.08,0.0,0.8200000000000001,0.02,0.04,0.0,0.0,0.0,0.0,0.0,0.0,0.0,0.0,0.04,0.0
5,6,0,5,False,8.566441619295167,0.37636680325062244,3,qUCB,0.1,0.78,0.02,0.0,0.04,0.0,0.0,0.0,0.0,0.0,0.0,0.0,0.0,0.02,0.04
5,6,0,5,False,8.566441619295167,0.37636680325062244,4,qUCB,0.02,0.62,0.28,0.0,0.0,0.0,0.0,0.0,0.0,0.0,0.0,0.04,0.0,0.04,0.0
6,1,5,0,False,9.907724207231135,0.5118656253765312,0,qEHVI,0.56,0.0,0.4,0.02,0.0,0.0,0.0,0.0,0.0,0.0,0.0,0.0,0.0,0.0,0.02
6,1,5,0,False,9.907724207231135,0.5118656253765312,1,qEHVI,0.32,0.3,0.28,0.02,0.0,0.0,0.0,0.0,0.0,0.0,0.0,0.02,0.0,0.02,0.04
6,1,5,0,False,9.907724207231135,0.5118656253765312,2,qEHVI,0.5,0.0,0.42,0.04,0.0,0.0,0.0,0.0,0.0,0.0,0.0,0.02,0.0,0.02,0.0
6,1,5,0,False,9.907724207231135,0.5118656253765312,3,qEHVI,0.46,0.1,0.34,0.02,0.02,0.0,0.0,0.0,0.02,0.0,0.0,0.0,0.0,0.0,0.04
6,1,5,0,False,9.907724207231135,0.5118656253765312,4,qEHVI,0.34,0.32,0.28,0.0,0.02,0.0,0.0,0.0,0.0,0.0,0.0,0.0,0.0,0.0,0.04
6,2,4,1,False,9.347301441349234,0.4290146933679173,0,qEHVI,0.56,0.0,0.4,0.02,0.0,0.0,0.0,0.0,0.0,0.0,0.0,0.0,0.0,0.0,0.02
6,2,4,1,False,9.347301441349234,0.4290146933679173,1,qEHVI,0.32,0.3,0.28,0.02,0.0,0.0,0.0,0.0,0.0,0.0,0.0,0.02,0.0,0.02,0.04
6,2,4,1,False,9.347301441349234,0.4290146933679173,2,qEHVI,0.5,0.0,0.42,0.04,0.0,0.0,0.0,0.0,0.0,0.0,0.0,0.02,0.0,0.02,0.0
6,2,4,1,False,9.347301441349234,0.4290146933679173,3,qEHVI,0.46,0.1,0.34,0.02,0.02,0.0,0.0,0.0,0.02,0.0,0.0,0.0,0.0,0.0,0.04
6,2,4,1,False,9.347301441349234,0.4290146933679173,4,qUCB,0.48,0.0,0.44,0.04,0.0,0.0,0.0,0.0,0.04,0.0,0.0,0.0,0.0,0.0,0.0
6,3,3,2,False,8.89663312388122,0.40925552210539706,0,qEHVI,0.56,0.0,0.4,0.02,0.0,0.0,0.0,0.0,0.0,0.0,0.0,0.0,0.0,0.0,0.02
6,3,3,2,False,8.89663312388122,0.40925552210539706,1,qEHVI,0.32,0.3,0.28,0.02,0.0,0.0,0.0,0.0,0.0,0.0,0.0,0.02,0.0,0.02,0.04
6,3,3,2,False,8.89663312388122,0.40925552210539706,2,qEHVI,0.5,0.0,0.42,0.04,0.0,0.0,0.0,0.0,0.0,0.0,0.0,0.02,0.0,0.02,0.0
6,3,3,2,False,8.89663312388122,0.40925552210539706,3,qUCB,0.3,0.34,0.26,0.02,0.04,0.0,0.0,0.0,0.04,0.0,0.0,0.0,0.0,0.0,0.0
6,3,3,2,False,8.89663312388122,0.40925552210539706,4,qUCB,0.02,0.86,0.02,0.04,0.02,0.0,0.0,0.0,0.04,0.0,0.0,0.0,0.0,0.0,0.0
6,4,2,3,True,8.90759192942813,0.5086542725822323,0,qEHVI,0.56,0.0,0.4,0.02,0.0,0.0,0.0,0.0,0.0,0.0,0.0,0.0,0.0,0.0,0.02
6,4,2,3,True,8.90759192942813,0.5086542725822323,1,qEHVI,0.32,0.3,0.28,0.02,0.0,0.0,0.0,0.0,0.0,0.0,0.0,0.02,0.0,0.02,0.04
6,4,2,3,True,8.90759192942813,0.5086542725822323,2,qUCB,0.48,0.0,0.42,0.04,0.0,0.0,0.0,0.0,0.04,0.0,0.0,0.0,0.0,0.02,0.0
6,4,2,3,True,8.90759192942813,0.5086542725822323,3,qUCB,0.02,0.86,0.02,0.04,0.02,0.0,0.0,0.0,0.04,0.0,0.0,0.0,0.0,0.0,0.0
6,4,2,3,True,8.90759192942813,0.5086542725822323,4,qUCB,0.0,0.06,0.84,0.04,0.04,0.0,0.0,0.0,0.0,0.0,0.0,0.02,0.0,0.0,0.0
6,5,1,4,False,6.753594743696834,0.27435904053250226,0,qEHVI,0.56,0.0,0.4,0.02,0.0,0.0,0.0,0.0,0.0,0.0,0.0,0.0,0.0,0.0,0.02
6,5,1,4,False,6.753594743696834,0.27435904053250226,1,qUCB,0.48,0.0,0.42,0.04,0.0,0.0,0.0,0.0,0.04,0.0,0.0,0.0,0.0,0.02,0.0
6,5,1,4,False,6.753594743696834,0.27435904053250226,2,qUCB,0.0,0.86,0.04,0.04,0.0,0.0,0.0,0.0,0.0,0.0,0.0,0.02,0.0,0.04,0.0
6,5,1,4,False,6.753594743696834,0.27435904053250226,3,qUCB,0.0,0.06,0.84,0.04,0.04,0.0,0.0,0.0,0.0,0.0,0.0,0.02,0.0,0.0,0.0
6,5,1,4,False,6.753594743696834,0.27435904053250226,4,qUCB,0.02,0.3,0.6,0.0,0.0,0.0,0.0,0.0,0.04,0.0,0.0,0.04,0.0,0.0,0.0
6,6,0,5,False,6.378578435710841,0.4509747616430424,0,qUCB,0.5,0.0,0.42,0.04,0.0,0.0,0.0,0.0,0.0,0.0,0.0,0.02,0.0,0.02,0.0
6,6,0,5,False,6.378578435710841,0.4509747616430424,1,qUCB,0.1,0.0,0.84,0.04,0.0,0.0,0.0,0.0,0.0,0.0,0.0,0.0,0.0,0.0,0.02
6,6,0,5,False,6.378578435710841,0.4509747616430424,2,qUCB,0.2,0.46,0.26,0.04,0.0,0.0,0.0,0.0,0.0,0.0,0.0,0.0,0.0,0.0,0.04
6,6,0,5,False,6.378578435710841,0.4509747616430424,3,qUCB,0.16,0.02,0.72,0.04,0.0,0.0,0.0,0.0,0.04,0.0,0.0,0.0,0.0,0.0,0.02
6,6,0,5,False,6.378578435710841,0.4509747616430424,4,qUCB,0.28,0.62,0.0,0.04,0.0,0.0,0.0,0.0,0.0,0.0,0.0,0.0,0.0,0.04,0.02
7,1,5,0,False,4.75776003594098,0.32218590642909484,0,qEHVI,0.36,0.24,0.3,0.02,0.04,0.0,0.0,0.0,0.02,0.0,0.0,0.0,0.0,0.0,0.02
7,1,5,0,False,4.75776003594098,0.32218590642909484,1,qEHVI,0.46,0.0,0.48,0.02,0.0,0.0,0.0,0.0,0.04,0.0,0.0,0.0,0.0,0.0,0.0
7,1,5,0,False,4.75776003594098,0.32218590642909484,2,qEHVI,0.5,0.02,0.46,0.0,0.0,0.0,0.0,0.0,0.0,0.0,0.0,0.0,0.0,0.02,0.0
7,1,5,0,False,4.75776003594098,0.32218590642909484,3,qEHVI,0.22,0.44,0.28,0.0,0.02,0.0,0.0,0.0,0.0,0.0,0.0,0.0,0.0,0.0,0.04
7,1,5,0,False,4.75776003594098,0.32218590642909484,4,qEHVI,0.58,0.02,0.36,0.0,0.0,0.0,0.0,0.0,0.02,0.0,0.0,0.0,0.0,0.0,0.02
7,2,4,1,False,4.22959800632993,0.4130411489219501,0,qEHVI,0.36,0.24,0.3,0.02,0.04,0.0,0.0,0.0,0.02,0.0,0.0,0.0,0.0,0.0,0.02
7,2,4,1,False,4.22959800632993,0.4130411489219501,1,qEHVI,0.46,0.0,0.48,0.02,0.0,0.0,0.0,0.0,0.04,0.0,0.0,0.0,0.0,0.0,0.0
7,2,4,1,False,4.22959800632993,0.4130411489219501,2,qEHVI,0.5,0.02,0.46,0.0,0.0,0.0,0.0,0.0,0.0,0.0,0.0,0.0,0.0,0.02,0.0
7,2,4,1,False,4.22959800632993,0.4130411489219501,3,qEHVI,0.22,0.44,0.28,0.0,0.02,0.0,0.0,0.0,0.0,0.0,0.0,0.0,0.0,0.0,0.04
7,2,4,1,False,4.22959800632993,0.4130411489219501,4,qUCB,0.16,0.52,0.22,0.04,0.0,0.0,0.0,0.0,0.0,0.0,0.0,0.04,0.0,0.02,0.0
7,3,3,2,True,4.394379610004862,0.559459291119758,0,qEHVI,0.36,0.24,0.3,0.02,0.04,0.0,0.0,0.0,0.02,0.0,0.0,0.0,0.0,0.0,0.02
7,3,3,2,True,4.394379610004862,0.559459291119758,1,qEHVI,0.5,0.02,0.46,0.0,0.0,0.0,0.0,0.0,0.0,0.0,0.0,0.0,0.0,0.02,0.0
7,3,3,2,True,4.394379610004862,0.559459291119758,2,qEHVI,0.46,0.0,0.48,0.02,0.0,0.0,0.0,0.0,0.04,0.0,0.0,0.0,0.0,0.0,0.0
7,3,3,2,True,4.394379610004862,0.559459291119758,3,qUCB,0.74,0.08,0.08,0.0,0.0,0.0,0.0,0.0,0.02,0.0,0.0,0.04,0.0,0.0,0.04
7,3,3,2,True,4.394379610004862,0.559459291119758,4,qUCB,0.0,0.36,0.54,0.0,0.0,0.0,0.0,0.0,0.02,0.0,0.0,0.04,0.0,0.0,0.04
7,4,2,3,False,3.5962675098389525,0.5461939819424444,0,qEHVI,0.36,0.24,0.3,0.02,0.04,0.0,0.0,0.0,0.02,0.0,0.0,0.0,0.0,0.0,0.02
7,4,2,3,False,3.5962675098389525,0.5461939819424444,1,qEHVI,0.46,0.0,0.48,0.02,0.0,0.0,0.0,0.0,0.04,0.0,0.0,0.0,0.0,0.0,0.0
7,4,2,3,False,3.5962675098389525,0.5461939819424444,2,qUCB,0.72,0.12,0.06,0.0,0.0,0.0,0.0,0.0,0.0,0.0,0.0,0.04,0.0,0.04,0.02
7,4,2,3,False,3.5962675098389525,0.5461939819424444,3,qUCB,0.0,0.44,0.5,0.0,0.0,0.0,0.0,0.0,0.0,0.0,0.0,0.04,0.0,0.02,0.0
7,4,2,3,False,3.5962675098389525,0.5461939819424444,4,qUCB,0.28,0.02,0.62,0.0,0.0,0.0,0.0,0.0,0.0,0.0,0.0,0.04,0.0,0.0,0.04
7,5,1,4,False,2.7011408548137488,0.2350521751612593,0,qEHVI,0.36,0.24,0.3,0.02,0.04,0.0,0.0,0.0,0.02,0.0,0.0,0.0,0.0,0.0,0.02
7,5,1,4,False,2.7011408548137488,0.2350521751612593,1,qUCB,0.78,0.0,0.12,0.0,0.0,0.0,0.0,0.0,0.02,0.0,0.0,0.04,0.0,0.04,0.0
7,5,1,4,False,2.7011408548137488,0.2350521751612593,2,qUCB,0.0,0.44,0.5,0.0,0.0,0.0,0.0,0.0,0.0,0.0,0.0,0.04,0.0,0.02,0.0
7,5,1,4,False,2.7011408548137488,0.2350521751612593,3,qUCB,0.22,0.0,0.68,0.04,0.0,0.0,0.0,0.0,0.0,0.0,0.0,0.02,0.0,0.04,0.0
7,5,1,4,False,2.7011408548137488,0.2350521751612593,4,qUCB,0.0,0.28,0.62,0.0,0.0,0.0,0.0,0.0,0.0,0.0,0.0,0.04,0.0,0.04,0.02
7,6,0,5,False,3.0346138185095284,0.1783046982278904,0,qUCB,0.5,0.02,0.46,0.0,0.0,0.0,0.0,0.0,0.0,0.0,0.0,0.0,0.0,0.02,0.0
7,6,0,5,False,3.0346138185095284,0.1783046982278904,1,qUCB,0.3,0.0,0.64,0.0,0.0,0.0,0.0,0.0,0.04,0.0,0.0,0.02,0.0,0.0,0.0
7,6,0,5,False,3.0346138185095284,0.1783046982278904,2,qUCB,0.02,0.38,0.52,0.0,0.02,0.0,0.0,0.0,0.02,0.0,0.0,0.0,0.0,0.02,0.02
7,6,0,5,False,3.0346138185095284,0.1783046982278904,3,qUCB,0.02,0.4,0.5,0.04,0.0,0.0,0.0,0.0,0.0,0.0,0.0,0.04,0.0,0.0,0.0
7,6,0,5,False,3.0346138185095284,0.1783046982278904,4,qUCB,0.78,0.0,0.12,0.0,0.0,0.0,0.0,0.0,0.02,0.0,0.0,0.04,0.0,0.04,0.0
8,1,5,0,False,2.7504353248718276,0.27606987155713547,0,qEHVI,0.86,0.0,0.12,0.0,0.0,0.0,0.0,0.0,0.0,0.0,0.0,0.0,0.0,0.02,0.0
8,1,5,0,False,2.7504353248718276,0.27606987155713547,1,qEHVI,0.34,0.28,0.3,0.0,0.02,0.0,0.0,0.0,0.02,0.0,0.0,0.0,0.0,0.0,0.04
8,1,5,0,False,2.7504353248718276,0.27606987155713547,2,qEHVI,0.26,0.38,0.28,0.0,0.02,0.0,0.0,0.0,0.0,0.0,0.0,0.0,0.0,0.02,0.04
8,1,5,0,False,2.7504353248718276,0.27606987155713547,3,qEHVI,0.58,0.02,0.3,0.0,0.0,0.0,0.0,0.0,0.04,0.0,0.0,0.02,0.0,0.0,0.04
8,1,5,0,False,2.7504353248718276,0.27606987155713547,4,qEHVI,0.58,0.04,0.38,0.0,0.0,0.0,0.0,0.0,0.0,0.0,0.0,0.0,0.0,0.0,0.0
8,2,4,1,True,2.5690654986218706,1.2457353567076128,0,qEHVI,0.86,0.0,0.12,0.0,0.0,0.0,0.0,0.0,0.0,0.0,0.0,0.0,0.0,0.02,0.0
8,2,4,1,True,2.5690654986218706,1.2457353567076128,1,qEHVI,0.34,0.28,0.3,0.0,0.02,0.0,0.0,0.0,0.02,0.0,0.0,0.0,0.0,0.0,0.04
8,2,4,1,True,2.5690654986218706,1.2457353567076128,2,qEHVI,0.26,0.38,0.28,0.0,0.02,0.0,0.0,0.0,0.0,0.0,0.0,0.0,0.0,0.02,0.04
8,2,4,1,True,2.5690654986218706,1.2457353567076128,3,qEHVI,0.58,0.02,0.3,0.0,0.0,0.0,0.0,0.0,0.04,0.0,0.0,0.02,0.0,0.0,0.04
8,2,4,1,True,2.5690654986218706,1.2457353567076128,4,qUCB,0.12,0.52,0.28,0.04,0.0,0.0,0.0,0.0,0.0,0.0,0.0,0.04,0.0,0.0,0.0
8,3,3,2,False,2.296013765536767,1.320362365491262,0,qEHVI,0.86,0.0,0.12,0.0,0.0,0.0,0.0,0.0,0.0,0.0,0.0,0.0,0.0,0.02,0.0
8,3,3,2,False,2.296013765536767,1.320362365491262,1,qEHVI,0.34,0.28,0.3,0.0,0.02,0.0,0.0,0.0,0.02,0.0,0.0,0.0,0.0,0.0,0.04
8,3,3,2,False,2.296013765536767,1.320362365491262,2,qEHVI,0.26,0.38,0.28,0.0,0.02,0.0,0.0,0.0,0.0,0.0,0.0,0.0,0.0,0.02,0.04
8,3,3,2,False,2.296013765536767,1.320362365491262,3,qUCB,0.12,0.52,0.28,0.04,0.0,0.0,0.0,0.0,0.0,0.0,0.0,0.04,0.0,0.0,0.0
8,3,3,2,False,2.296013765536767,1.320362365491262,4,qUCB,0.04,0.66,0.22,0.04,0.0,0.0,0.0,0.0,0.0,0.0,0.0,0.04,0.0,0.0,0.0
8,4,2,3,False,2.248703531608785,0.38996077611717084,0,qEHVI,0.86,0.0,0.12,0.0,0.0,0.0,0.0,0.0,0.0,0.0,0.0,0.0,0.0,0.02,0.0
8,4,2,3,False,2.248703531608785,0.38996077611717084,1,qEHVI,0.34,0.28,0.3,0.0,0.02,0.0,0.0,0.0,0.02,0.0,0.0,0.0,0.0,0.0,0.04
8,4,2,3,False,2.248703531608785,0.38996077611717084,2,qUCB,0.08,0.56,0.28,0.04,0.0,0.0,0.0,0.0,0.0,0.0,0.0,0.04,0.0,0.0,0.0
8,4,2,3,False,2.248703531608785,0.38996077611717084,3,qUCB,0.0,0.76,0.14,0.0,0.04,0.0,0.0,0.0,0.0,0.0,0.0,0.02,0.0,0.04,0.0
8,4,2,3,False,2.248703531608785,0.38996077611717084,4,qUCB,0.22,0.0,0.68,0.04,0.0,0.0,0.0,0.0,0.0,0.0,0.0,0.04,0.0,0.0,0.02
8,5,1,4,False,1.7437809484230202,0.6608040052799566,0,qEHVI,0.86,0.0,0.12,0.0,0.0,0.0,0.0,0.0,0.0,0.0,0.0,0.0,0.0,0.02,0.0
8,5,1,4,False,1.7437809484230202,0.6608040052799566,1,qUCB,0.14,0.5,0.26,0.04,0.0,0.0,0.0,0.0,0.04,0.0,0.0,0.0,0.0,0.0,0.02
8,5,1,4,False,1.7437809484230202,0.6608040052799566,2,qUCB,0.04,0.76,0.1,0.0,0.04,0.0,0.0,0.0,0.02,0.0,0.0,0.0,0.0,0.0,0.04
8,5,1,4,False,1.7437809484230202,0.6608040052799566,3,qUCB,0.22,0.0,0.68,0.04,0.0,0.0,0.0,0.0,0.0,0.0,0.0,0.04,0.0,0.0,0.02
8,5,1,4,False,1.7437809484230202,0.6608040052799566,4,qUCB,0.02,0.22,0.66,0.0,0.02,0.0,0.0,0.0,0.0,0.0,0.0,0.04,0.0,0.0,0.04
8,6,0,5,False,1.8227703261988388,0.18248125092505596,0,qUCB,0.86,0.0,0.12,0.0,0.0,0.0,0.0,0.0,0.0,0.0,0.0,0.0,0.0,0.02,0.0
8,6,0,5,False,1.8227703261988388,0.18248125092505596,1,qUCB,0.3,0.0,0.64,0.0,0.0,0.0,0.0,0.0,0.0,0.0,0.0,0.0,0.0,0.04,0.02
8,6,0,5,False,1.8227703261988388,0.18248125092505596,2,qUCB,0.14,0.54,0.24,0.04,0.0,0.0,0.0,0.0,0.04,0.0,0.0,0.0,0.0,0.0,0.0
8,6,0,5,False,1.8227703261988388,0.18248125092505596,3,qUCB,0.8200000000000001,0.0,0.08,0.04,0.0,0.0,0.0,0.0,0.02,0.0,0.0,0.0,0.0,0.04,0.0
8,6,0,5,False,1.8227703261988388,0.18248125092505596,4,qUCB,0.22,0.0,0.68,0.04,0.0,0.0,0.0,0.0,0.0,0.0,0.0,0.04,0.0,0.0,0.02
9,1,5,0,False,2.5766263910474256,0.45690347607322357,0,qEHVI,0.42,0.18,0.3,0.04,0.0,0.0,0.0,0.0,0.0,0.0,0.0,0.0,0.0,0.02,0.04
9,1,5,0,False,2.5766263910474256,0.45690347607322357,1,qEHVI,0.48,0.42,0.0,0.0,0.0,0.0,0.0,0.0,0.02,0.0,0.0,0.04,0.0,0.0,0.04
9,1,5,0,False,2.5766263910474256,0.45690347607322357,2,qEHVI,0.78,0.12,0.0,0.0,0.0,0.0,0.0,0.0,0.04,0.0,0.0,0.0,0.0,0.02,0.04
9,1,5,0,False,2.5766263910474256,0.45690347607322357,3,qEHVI,0.48,0.08,0.34,0.04,0.0,0.0,0.0,0.0,0.0,0.0,0.0,0.0,0.0,0.02,0.04
9,1,5,0,False,2.5766263910474256,0.45690347607322357,4,qEHVI,0.68,0.0,0.32,0.0,0.0,0.0,0.0,0.0,0.0,0.0,0.0,0.0,0.0,0.0,0.0
9,2,4,1,True,2.4315837823944046,0.6885255433191619,0,qEHVI,0.42,0.18,0.3,0.04,0.0,0.0,0.0,0.0,0.0,0.0,0.0,0.0,0.0,0.02,0.04
9,2,4,1,True,2.4315837823944046,0.6885255433191619,1,qEHVI,0.48,0.42,0.0,0.0,0.0,0.0,0.0,0.0,0.02,0.0,0.0,0.04,0.0,0.0,0.04
9,2,4,1,True,2.4315837823944046,0.6885255433191619,2,qEHVI,0.78,0.12,0.0,0.0,0.0,0.0,0.0,0.0,0.04,0.0,0.0,0.0,0.0,0.02,0.04
9,2,4,1,True,2.4315837823944046,0.6885255433191619,3,qEHVI,0.48,0.08,0.34,0.04,0.0,0.0,0.0,0.0,0.0,0.0,0.0,0.0,0.0,0.02,0.04
9,2,4,1,True,2.4315837823944046,0.6885255433191619,4,qUCB,0.42,0.54,0.0,0.0,0.04,0.0,0.0,0.0,0.0,0.0,0.0,0.0,0.0,0.0,0.0
9,3,3,2,False,2.275471590641625,0.41990718571708285,0,qEHVI,0.42,0.18,0.3,0.04,0.0,0.0,0.0,0.0,0.0,0.0,0.0,0.0,0.0,0.02,0.04
9,3,3,2,False,2.275471590641625,0.41990718571708285,1,qEHVI,0.48,0.42,0.0,0.0,0.0,0.0,0.0,0.0,0.02,0.0,0.0,0.04,0.0,0.0,0.04
9,3,3,2,False,2.275471590641625,0.41990718571708285,2,qEHVI,0.74,0.14,0.02,0.0,0.02,0.0,0.0,0.0,0.0,0.0,0.0,0.04,0.0,0.0,0.04
9,3,3,2,False,2.275471590641625,0.41990718571708285,3,qUCB,0.32,0.34,0.24,0.0,0.04,0.0,0.0,0.0,0.04,0.0,0.0,0.0,0.0,0.02,0.0
9,3,3,2,False,2.275471590641625,0.41990718571708285,4,qUCB,0.26,0.02,0.64,0.0,0.04,0.0,0.0,0.0,0.04,0.0,0.0,0.0,0.0,0.0,0.0
9,4,2,3,False,2.114233081892078,0.6360208238979057,0,qEHVI,0.42,0.18,0.3,0.04,0.0,0.0,0.0,0.0,0.0,0.0,0.0,0.0,0.0,0.02,0.04
9,4,2,3,False,2.114233081892078,0.6360208238979057,1,qEHVI,0.48,0.42,0.0,0.0,0.0,0.0,0.0,0.0,0.02,0.0,0.0,0.04,0.0,0.0,0.04
9,4,2,3,False,2.114233081892078,0.6360208238979057,2,qUCB,0.32,0.34,0.24,0.0,0.04,0.0,0.0,0.0,0.04,0.0,0.0,0.0,0.0,0.02,0.0
9,4,2,3,False,2.114233081892078,0.6360208238979057,3,qUCB,0.26,0.02,0.64,0.0,0.04,0.0,0.0,0.0,0.04,0.0,0.0,0.0,0.0,0.0,0.0
9,4,2,3,False,2.114233081892078,0.6360208238979057,4,qUCB,0.42,0.54,0.0,0.0,0.04,0.0,0.0,0.0,0.0,0.0,0.0,0.0,0.0,0.0,0.0
9,5,1,4,False,1.78200317702454,0.13905040780088473,0,qEHVI,0.42,0.18,0.3,0.04,0.0,0.0,0.0,0.0,0.0,0.0,0.0,0.0,0.0,0.02,0.04
9,5,1,4,False,1.78200317702454,0.13905040780088473,1,qUCB,0.4,0.5,0.02,0.0,0.04,0.0,0.0,0.0,0.04,0.0,0.0,0.0,0.0,0.0,0.0
9,5,1,4,False,1.78200317702454,0.13905040780088473,2,qUCB,0.26,0.02,0.64,0.0,0.04,0.0,0.0,0.0,0.04,0.0,0.0,0.0,0.0,0.0,0.0
9,5,1,4,False,1.78200317702454,0.13905040780088473,3,qUCB,0.38,0.52,0.0,0.0,0.0,0.0,0.0,0.0,0.04,0.0,0.0,0.04,0.0,0.0,0.02
9,5,1,4,False,1.78200317702454,0.13905040780088473,4,qUCB,0.68,0.12,0.1,0.0,0.02,0.0,0.0,0.0,0.04,0.0,0.0,0.04,0.0,0.0,0.0
9,6,0,5,False,1.382024821473075,0.9480020160210456,0,qUCB,0.38,0.52,0.0,0.0,0.0,0.0,0.0,0.0,0.04,0.0,0.0,0.04,0.0,0.0,0.02
9,6,0,5,False,1.382024821473075,0.9480020160210456,1,qUCB,0.3,0.0,0.66,0.02,0.0,0.0,0.0,0.0,0.02,0.0,0.0,0.0,0.0,0.0,0.0
9,6,0,5,False,1.382024821473075,0.9480020160210456,2,qUCB,0.32,0.6,0.0,0.04,0.0,0.0,0.0,0.0,0.0,0.0,0.0,0.0,0.0,0.04,0.0
9,6,0,5,False,1.382024821473075,0.9480020160210456,3,qUCB,0.36,0.56,0.0,0.0,0.04,0.0,0.0,0.0,0.0,0.0,0.0,0.0,0.0,0.0,0.04
9,6,0,5,False,1.382024821473075,0.9480020160210456,4,qUCB,0.28,0.0,0.68,0.0,0.0,0.0,0.0,0.0,0.0,0.0,0.0,0.0,0.0,0.02,0.02
10,1,5,0,False,1.8370505633433278,0.485696027165595,0,qEHVI,0.6,0.26,0.08,0.0,0.0,0.0,0.0,0.0,0.0,0.0,0.0,0.04,0.0,0.02,0.0
10,1,5,0,False,1.8370505633433278,0.485696027165595,1,qEHVI,0.52,0.0,0.44,0.04,0.0,0.0,0.0,0.0,0.0,0.0,0.0,0.0,0.0,0.0,0.0
10,1,5,0,False,1.8370505633433278,0.485696027165595,2,qEHVI,0.32,0.02,0.64,0.0,0.02,0.0,0.0,0.0,0.0,0.0,0.0,0.0,0.0,0.0,0.0
10,1,5,0,False,1.8370505633433278,0.485696027165595,3,qEHVI,0.44,0.16,0.3,0.02,0.02,0.0,0.0,0.0,0.0,0.0,0.0,0.0,0.0,0.04,0.02
10,1,5,0,False,1.8370505633433278,0.485696027165595,4,qEHVI,0.64,0.0,0.3,0.0,0.0,0.0,0.0,0.0,0.02,0.0,0.0,0.0,0.0,0.04,0.0
10,2,4,1,True,1.5623406272722788,0.6638809690083065,0,qEHVI,0.6,0.26,0.08,0.0,0.0,0.0,0.0,0.0,0.0,0.0,0.0,0.04,0.0,0.02,0.0
10,2,4,1,True,1.5623406272722788,0.6638809690083065,1,qEHVI,0.52,0.0,0.44,0.04,0.0,0.0,0.0,0.0,0.0,0.0,0.0,0.0,0.0,0.0,0.0
10,2,4,1,True,1.5623406272722788,0.6638809690083065,2,qEHVI,0.44,0.16,0.3,0.02,0.02,0.0,0.0,0.0,0.0,0.0,0.0,0.0,0.0,0.04,0.02
10,2,4,1,True,1.5623406272722788,0.6638809690083065,3,qEHVI,0.32,0.02,0.64,0.0,0.02,0.0,0.0,0.0,0.0,0.0,0.0,0.0,0.0,0.0,0.0
10,2,4,1,True,1.5623406272722788,0.6638809690083065,4,qUCB,0.4,0.46,0.04,0.0,0.0,0.0,0.0,0.0,0.04,0.0,0.0,0.02,0.0,0.0,0.04
10,3,3,2,False,1.5870016701677452,0.46446939898703477,0,qEHVI,0.6,0.26,0.08,0.0,0.0,0.0,0.0,0.0,0.0,0.0,0.0,0.04,0.0,0.02,0.0
10,3,3,2,False,1.5870016701677452,0.46446939898703477,1,qEHVI,0.52,0.0,0.44,0.04,0.0,0.0,0.0,0.0,0.0,0.0,0.0,0.0,0.0,0.0,0.0
10,3,3,2,False,1.5870016701677452,0.46446939898703477,2,qEHVI,0.44,0.16,0.3,0.02,0.02,0.0,0.0,0.0,0.0,0.0,0.0,0.0,0.0,0.04,0.02
10,3,3,2,False,1.5870016701677452,0.46446939898703477,3,qUCB,0.56,0.26,0.08,0.0,0.04,0.0,0.0,0.0,0.04,0.0,0.0,0.02,0.0,0.0,0.0
10,3,3,2,False,1.5870016701677452,0.46446939898703477,4,qUCB,0.26,0.02,0.64,0.0,0.0,0.0,0.0,0.0,0.04,0.0,0.0,0.0,0.0,0.0,0.04
10,4,2,3,False,1.3681329282670627,0.07771261815968611,0,qEHVI,0.6,0.26,0.08,0.0,0.0,0.0,0.0,0.0,0.0,0.0,0.0,0.04,0.0,0.02,0.0
10,4,2,3,False,1.3681329282670627,0.07771261815968611,1,qEHVI,0.52,0.0,0.44,0.04,0.0,0.0,0.0,0.0,0.0,0.0,0.0,0.0,0.0,0.0,0.0
10,4,2,3,False,1.3681329282670627,0.07771261815968611,2,qUCB,0.52,0.3,0.08,0.0,0.04,0.0,0.0,0.0,0.04,0.0,0.0,0.0,0.0,0.0,0.02
10,4,2,3,False,1.3681329282670627,0.07771261815968611,3,qUCB,0.0,0.76,0.14,0.0,0.04,0.0,0.0,0.0,0.02,0.0,0.0,0.0,0.0,0.0,0.04
10,4,2,3,False,1.3681329282670627,0.07771261815968611,4,qUCB,0.26,0.02,0.64,0.0,0.0,0.0,0.0,0.0,0.04,0.0,0.0,0.0,0.0,0.0,0.04
10,5,1,4,False,1.2716521491377564,0.17966440780754844,0,qEHVI,0.6,0.26,0.08,0.0,0.0,0.0,0.0,0.0,0.0,0.0,0.0,0.04,0.0,0.02,0.0
10,5,1,4,False,1.2716521491377564,0.17966440780754844,1,qUCB,0.5,0.0,0.4,0.04,0.0,0.0,0.0,0.0,0.02,0.0,0.0,0.0,0.0,0.0,0.04
10,5,1,4,False,1.2716521491377564,0.17966440780754844,2,qUCB,0.26,0.02,0.64,0.0,0.0,0.0,0.0,0.0,0.04,0.0,0.0,0.0,0.0,0.0,0.04
10,5,1,4,False,1.2716521491377564,0.17966440780754844,3,qUCB,0.0,0.76,0.14,0.0,0.04,0.0,0.0,0.0,0.02,0.0,0.0,0.0,0.0,0.0,0.04
10,5,1,4,False,1.2716521491377564,0.17966440780754844,4,qUCB,0.22,0.0,0.68,0.04,0.0,0.0,0.0,0.0,0.04,0.0,0.0,0.0,0.0,0.0,0.02
10,6,0,5,False,1.0938360582386786,0.2978039555304868,0,qUCB,0.6,0.26,0.08,0.0,0.0,0.0,0.0,0.0,0.0,0.0,0.0,0.04,0.0,0.02,0.0
10,6,0,5,False,1.0938360582386786,0.2978039555304868,1,qUCB,0.32,0.02,0.64,0.0,0.02,0.0,0.0,0.0,0.0,0.0,0.0,0.0,0.0,0.0,0.0
10,6,0,5,False,1.0938360582386786,0.2978039555304868,2,qUCB,0.24,0.0,0.7000000000000001,0.04,0.0,0.0,0.0,0.0,0.02,0.0,0.0,0.0,0.0,0.0,0.0
10,6,0,5,False,1.0938360582386786,0.2978039555304868,3,qUCB,0.0,0.76,0.14,0.0,0.04,0.0,0.0,0.0,0.02,0.0,0.0,0.0,0.0,0.0,0.04
10,6,0,5,False,1.0938360582386786,0.2978039555304868,4,qUCB,0.2,0.0,0.78,0.02,0.0,0.0,0.0,0.0,0.0,0.0,0.0,0.0,0.0,0.0,0.0
11,1,5,0,True,1.4221675994475511,0.17009350031246395,0,qEHVI,0.42,0.2,0.32,0.04,0.0,0.0,0.0,0.0,0.0,0.0,0.0,0.0,0.0,0.0,0.02
11,1,5,0,True,1.4221675994475511,0.17009350031246395,1,qEHVI,0.58,0.0,0.4,0.0,0.0,0.0,0.0,0.0,0.02,0.0,0.0,0.0,0.0,0.0,0.0
11,1,5,0,True,1.4221675994475511,0.17009350031246395,2,qEHVI,0.64,0.0,0.3,0.0,0.0,0.0,0.0,0.0,0.02,0.0,0.0,0.0,0.0,0.0,0.04
11,1,5,0,True,1.4221675994475511,0.17009350031246395,3,qEHVI,0.44,0.18,0.28,0.0,0.02,0.0,0.0,0.0,0.0,0.0,0.0,0.0,0.0,0.04,0.04
11,1,5,0,True,1.4221675994475511,0.17009350031246395,4,qEHVI,0.48,0.0,0.42,0.0,0.02,0.0,0.0,0.0,0.0,0.0,0.0,0.04,0.0,0.02,0.02
11,2,4,1,False,1.3268436247898094,0.38003694949472067,0,qEHVI,0.42,0.2,0.32,0.04,0.0,0.0,0.0,0.0,0.0,0.0,0.0,0.0,0.0,0.0,0.02
11,2,4,1,False,1.3268436247898094,0.38003694949472067,1,qEHVI,0.58,0.0,0.4,0.0,0.0,0.0,0.0,0.0,0.02,0.0,0.0,0.0,0.0,0.0,0.0
11,2,4,1,False,1.3268436247898094,0.38003694949472067,2,qEHVI,0.64,0.0,0.3,0.0,0.0,0.0,0.0,0.0,0.02,0.0,0.0,0.0,0.0,0.0,0.04
11,2,4,1,False,1.3268436247898094,0.38003694949472067,3,qEHVI,0.44,0.18,0.28,0.0,0.02,0.0,0.0,0.0,0.0,0.0,0.0,0.0,0.0,0.04,0.04
11,2,4,1,False,1.3268436247898094,0.38003694949472067,4,qUCB,0.56,0.32,0.04,0.0,0.04,0.0,0.0,0.0,0.0,0.0,0.0,0.04,0.0,0.0,0.0
11,3,3,2,False,1.0730718542216793,0.18383981392866056,0,qEHVI,0.42,0.2,0.32,0.04,0.0,0.0,0.0,0.0,0.0,0.0,0.0,0.0,0.0,0.0,0.02
11,3,3,2,False,1.0730718542216793,0.18383981392866056,1,qEHVI,0.58,0.0,0.4,0.0,0.0,0.0,0.0,0.0,0.02,0.0,0.0,0.0,0.0,0.0,0.0
11,3,3,2,False,1.0730718542216793,0.18383981392866056,2,qEHVI,0.64,0.0,0.3,0.0,0.0,0.0,0.0,0.0,0.02,0.0,0.0,0.0,0.0,0.0,0.04
11,3,3,2,False,1.0730718542216793,0.18383981392866056,3,qUCB,0.44,0.42,0.04,0.0,0.04,0.0,0.0,0.0,0.0,0.0,0.0,0.0,0.0,0.04,0.02
11,3,3,2,False,1.0730718542216793,0.18383981392866056,4,qUCB,0.04,0.74,0.12,0.0,0.04,0.0,0.0,0.0,0.0,0.0,0.0,0.02,0.0,0.04,0.0
11,4,2,3,False,0.7955347301628889,0.3906584757307956,0,qEHVI,0.42,0.2,0.32,0.04,0.0,0.0,0.0,0.0,0.0,0.0,0.0,0.0,0.0,0.0,0.02
11,4,2,3,False,0.7955347301628889,0.3906584757307956,1,qEHVI,0.58,0.0,0.4,0.0,0.0,0.0,0.0,0.0,0.02,0.0,0.0,0.0,0.0,0.0,0.0
11,4,2,3,False,0.7955347301628889,0.3906584757307956,2,qUCB,0.44,0.42,0.04,0.0,0.04,0.0,0.0,0.0,0.0,0.0,0.0,0.0,0.0,0.04,0.02
11,4,2,3,False,0.7955347301628889,0.3906584757307956,3,qUCB,0.04,0.74,0.12,0.0,0.04,0.0,0.0,0.0,0.0,0.0,0.0,0.02,0.0,0.04,0.0
11,4,2,3,False,0.7955347301628889,0.3906584757307956,4,qUCB,0.38,0.52,0.0,0.0,0.04,0.0,0.0,0.0,0.0,0.0,0.0,0.04,0.0,0.02,0.0
11,5,1,4,False,0.5747596237130036,0.3371052468136464,0,qEHVI,0.42,0.2,0.32,0.04,0.0,0.0,0.0,0.0,0.0,0.0,0.0,0.0,0.0,0.0,0.02
11,5,1,4,False,0.5747596237130036,0.3371052468136464,1,qUCB,0.48,0.38,0.04,0.0,0.04,0.0,0.0,0.0,0.02,0.0,0.0,0.0,0.0,0.04,0.0
11,5,1,4,False,0.5747596237130036,0.3371052468136464,2,qUCB,0.0,0.8,0.12,0.0,0.0,0.0,0.0,0.0,0.04,0.0,0.0,0.0,0.0,0.04,0.0
11,5,1,4,False,0.5747596237130036,0.3371052468136464,3,qUCB,0.28,0.42,0.2,0.0,0.04,0.0,0.0,0.0,0.0,0.0,0.0,0.04,0.0,0.02,0.0
11,5,1,4,False,0.5747596237130036,0.3371052468136464,4,qUCB,0.38,0.52,0.0,0.0,0.04,0.0,0.0,0.0,0.0,0.0,0.0,0.04,0.0,0.02,0.0
11,6,0,5,False,0.6946858527548647,0.5790399888302428,0,qUCB,0.5,0.36,0.04,0.0,0.0,0.0,0.0,0.0,0.0,0.0,0.0,0.04,0.0,0.02,0.04
11,6,0,5,False,0.6946858527548647,0.5790399888302428,1,qUCB,0.58,0.0,0.4,0.0,0.0,0.0,0.0,0.0,0.02,0.0,0.0,0.0,0.0,0.0,0.0
11,6,0,5,False,0.6946858527548647,0.5790399888302428,2,qUCB,0.32,0.58,0.0,0.04,0.0,0.0,0.0,0.0,0.0,0.0,0.0,0.02,0.0,0.0,0.04
11,6,0,5,False,0.6946858527548647,0.5790399888302428,3,qUCB,0.38,0.32,0.22,0.0,0.04,0.0,0.0,0.0,0.0,0.0,0.0,0.04,0.0,0.0,0.0
11,6,0,5,False,0.6946858527548647,0.5790399888302428,4,qUCB,0.5,0.0,0.4,0.02,0.0,0.0,0.0,0.0,0.0,0.0,0.0,0.04,0.0,0.0,0.04
12,1,5,0,False,2.366057954816219,0.5195643479290322,0,qEHVI,0.42,0.18,0.3,0.04,0.0,0.0,0.0,0.0,0.0,0.0,0.0,0.02,0.0,0.04,0.0
12,1,5,0,False,2.366057954816219,0.5195643479290322,1,qEHVI,0.48,0.0,0.5,0.0,0.0,0.0,0.0,0.0,0.0,0.0,0.0,0.0,0.0,0.02,0.0
12,1,5,0,False,2.366057954816219,0.5195643479290322,2,qEHVI,0.46,0.1,0.34,0.02,0.0,0.0,0.0,0.0,0.0,0.0,0.0,0.04,0.0,0.04,0.0
12,1,5,0,False,2.366057954816219,0.5195643479290322,3,qEHVI,0.4,0.24,0.26,0.04,0.0,0.0,0.0,0.0,0.0,0.0,0.0,0.04,0.0,0.0,0.02
12,1,5,0,False,2.366057954816219,0.5195643479290322,4,qEHVI,0.6,0.0,0.3,0.0,0.0,0.0,0.0,0.0,0.0,0.0,0.0,0.04,0.0,0.04,0.02
12,2,4,1,False,2.258730978410116,0.6060441452835557,0,qEHVI,0.42,0.18,0.3,0.04,0.0,0.0,0.0,0.0,0.0,0.0,0.0,0.02,0.0,0.04,0.0
12,2,4,1,False,2.258730978410116,0.6060441452835557,1,qEHVI,0.48,0.0,0.5,0.0,0.0,0.0,0.0,0.0,0.0,0.0,0.0,0.0,0.0,0.02,0.0
12,2,4,1,False,2.258730978410116,0.6060441452835557,2,qEHVI,0.4,0.24,0.26,0.04,0.0,0.0,0.0,0.0,0.0,0.0,0.0,0.04,0.0,0.0,0.02
12,2,4,1,False,2.258730978410116,0.6060441452835557,3,qEHVI,0.46,0.1,0.34,0.02,0.0,0.0,0.0,0.0,0.0,0.0,0.0,0.04,0.0,0.04,0.0
12,2,4,1,False,2.258730978410116,0.6060441452835557,4,qUCB,0.46,0.42,0.02,0.0,0.04,0.0,0.0,0.0,0.02,0.0,0.0,0.04,0.0,0.0,0.0
12,3,3,2,True,2.1615514821212005,0.8219439506372588,0,qEHVI,0.42,0.18,0.3,0.04,0.0,0.0,0.0,0.0,0.0,0.0,0.0,0.02,0.0,0.04,0.0
12,3,3,2,True,2.1615514821212005,0.8219439506372588,1,qEHVI,0.48,0.0,0.5,0.0,0.0,0.0,0.0,0.0,0.0,0.0,0.0,0.0,0.0,0.02,0.0
12,3,3,2,True,2.1615514821212005,0.8219439506372588,2,qEHVI,0.46,0.1,0.34,0.02,0.0,0.0,0.0,0.0,0.0,0.0,0.0,0.04,0.0,0.04,0.0
12,3,3,2,True,2.1615514821212005,0.8219439506372588,3,qUCB,0.48,0.4,0.02,0.0,0.04,0.0,0.0,0.0,0.0,0.0,0.0,0.04,0.0,0.0,0.02
12,3,3,2,True,2.1615514821212005,0.8219439506372588,4,qUCB,0.44,0.26,0.2,0.0,0.02,0.0,0.0,0.0,0.0,0.0,0.0,0.04,0.0,0.0,0.04
12,4,2,3,False,1.8340366830031392,0.42063257468950965,0,qEHVI,0.42,0.18,0.3,0.04,0.0,0.0,0.0,0.0,0.0,0.0,0.0,0.02,0.0,0.04,0.0
12,4,2,3,False,1.8340366830031392,0.42063257468950965,1,qEHVI,0.48,0.0,0.5,0.0,0.0,0.0,0.0,0.0,0.0,0.0,0.0,0.0,0.0,0.02,0.0
12,4,2,3,False,1.8340366830031392,0.42063257468950965,2,qUCB,0.48,0.4,0.02,0.0,0.04,0.0,0.0,0.0,0.0,0.0,0.0,0.04,0.0,0.0,0.02
12,4,2,3,False,1.8340366830031392,0.42063257468950965,3,qUCB,0.44,0.26,0.2,0.0,0.02,0.0,0.0,0.0,0.0,0.0,0.0,0.04,0.0,0.0,0.04
12,4,2,3,False,1.8340366830031392,0.42063257468950965,4,qUCB,0.42,0.48,0.0,0.04,0.0,0.0,0.0,0.0,0.02,0.0,0.0,0.0,0.0,0.0,0.04
12,5,1,4,False,1.3323237512318906,0.41635011474486516,0,qEHVI,0.42,0.18,0.3,0.04,0.0,0.0,0.0,0.0,0.0,0.0,0.0,0.02,0.0,0.04,0.0
12,5,1,4,False,1.3323237512318906,0.41635011474486516,1,qUCB,0.42,0.22,0.26,0.0,0.04,0.0,0.0,0.0,0.02,0.0,0.0,0.0,0.0,0.0,0.04
12,5,1,4,False,1.3323237512318906,0.41635011474486516,2,qUCB,0.58,0.32,0.0,0.0,0.04,0.0,0.0,0.0,0.0,0.0,0.0,0.02,0.0,0.0,0.04
12,5,1,4,False,1.3323237512318906,0.41635011474486516,3,qUCB,0.44,0.26,0.2,0.0,0.02,0.0,0.0,0.0,0.0,0.0,0.0,0.04,0.0,0.0,0.04
12,5,1,4,False,1.3323237512318906,0.41635011474486516,4,qUCB,0.32,0.58,0.0,0.02,0.0,0.0,0.0,0.0,0.04,0.0,0.0,0.0,0.0,0.0,0.04
12,6,0,5,False,1.4995507114306197,0.43464767428222095,0,qUCB,0.42,0.26,0.22,0.0,0.02,0.0,0.0,0.0,0.0,0.0,0.0,0.04,0.0,0.04,0.0
12,6,0,5,False,1.4995507114306197,0.43464767428222095,1,qUCB,0.5,0.4,0.0,0.04,0.0,0.0,0.0,0.0,0.0,0.0,0.0,0.04,0.0,0.0,0.02
12,6,0,5,False,1.4995507114306197,0.43464767428222095,2,qUCB,0.72,0.0,0.24,0.0,0.0,0.0,0.0,0.0,0.0,0.0,0.0,0.04,0.0,0.0,0.0
12,6,0,5,False,1.4995507114306197,0.43464767428222095,3,qUCB,0.5,0.4,0.0,0.0,0.0,0.0,0.0,0.0,0.0,0.0,0.0,0.04,0.0,0.04,0.02
12,6,0,5,False,1.4995507114306197,0.43464767428222095,4,qUCB,0.46,0.12,0.32,0.04,0.02,0.0,0.0,0.0,0.0,0.0,0.0,0.04,0.0,0.0,0.0
13,1,5,0,False,1.98021371599201,0.27791634154985223,0,qEHVI,0.34,0.24,0.32,0.02,0.0,0.0,0.0,0.0,0.0,0.0,0.0,0.02,0.0,0.04,0.02
13,1,5,0,False,1.98021371599201,0.27791634154985223,1,qEHVI,0.38,0.04,0.48,0.02,0.0,0.0,0.0,0.0,0.0,0.0,0.0,0.04,0.0,0.04,0.0
13,1,5,0,False,1.98021371599201,0.27791634154985223,2,qEHVI,0.52,0.02,0.38,0.04,0.0,0.0,0.0,0.0,0.0,0.0,0.0,0.0,0.0,0.04,0.0
13,1,5,0,False,1.98021371599201,0.27791634154985223,3,qEHVI,0.86,0.02,0.06,0.0,0.02,0.0,0.0,0.0,0.0,0.0,0.0,0.0,0.0,0.04,0.0
13,1,5,0,False,1.98021371599201,0.27791634154985223,4,qEHVI,0.2,0.52,0.18,0.0,0.02,0.0,0.0,0.0,0.0,0.0,0.0,0.04,0.0,0.04,0.0
13,2,4,1,True,1.944935101506386,0.3868839454512485,0,qEHVI,0.34,0.24,0.32,0.02,0.0,0.0,0.0,0.0,0.0,0.0,0.0,0.02,0.0,0.04,0.02
13,2,4,1,True,1.944935101506386,0.3868839454512485,1,qEHVI,0.38,0.04,0.48,0.02,0.0,0.0,0.0,0.0,0.0,0.0,0.0,0.04,0.0,0.04,0.0
13,2,4,1,True,1.944935101506386,0.3868839454512485,2,qEHVI,0.52,0.02,0.38,0.04,0.0,0.0,0.0,0.0,0.0,0.0,0.0,0.0,0.0,0.04,0.0
13,2,4,1,True,1.944935101506386,0.3868839454512485,3,qEHVI,0.86,0.02,0.06,0.0,0.02,0.0,0.0,0.0,0.0,0.0,0.0,0.0,0.0,0.04,0.0
13,2,4,1,True,1.944935101506386,0.3868839454512485,4,qUCB,0.28,0.44,0.18,0.0,0.04,0.0,0.0,0.0,0.04,0.0,0.0,0.02,0.0,0.0,0.0
13,3,3,2,False,1.650099671753762,0.6051604928507048,0,qEHVI,0.34,0.24,0.32,0.02,0.0,0.0,0.0,0.0,0.0,0.0,0.0,0.02,0.0,0.04,0.02
13,3,3,2,False,1.650099671753762,0.6051604928507048,1,qEHVI,0.38,0.04,0.48,0.02,0.0,0.0,0.0,0.0,0.0,0.0,0.0,0.04,0.0,0.04,0.0
13,3,3,2,False,1.650099671753762,0.6051604928507048,2,qEHVI,0.52,0.02,0.38,0.04,0.0,0.0,0.0,0.0,0.0,0.0,0.0,0.0,0.0,0.04,0.0
13,3,3,2,False,1.650099671753762,0.6051604928507048,3,qUCB,0.28,0.44,0.2,0.0,0.04,0.0,0.0,0.0,0.04,0.0,0.0,0.0,0.0,0.0,0.0
13,3,3,2,False,1.650099671753762,0.6051604928507048,4,qUCB,0.04,0.78,0.1,0.0,0.04,0.0,0.0,0.0,0.04,0.0,0.0,0.0,0.0,0.0,0.0
13,4,2,3,False,1.2695219897331786,0.20349067477433191,0,qEHVI,0.34,0.24,0.32,0.02,0.0,0.0,0.0,0.0,0.0,0.0,0.0,0.02,0.0,0.04,0.02
13,4,2,3,False,1.2695219897331786,0.20349067477433191,1,qEHVI,0.38,0.04,0.48,0.02,0.0,0.0,0.0,0.0,0.0,0.0,0.0,0.04,0.0,0.04,0.0
13,4,2,3,False,1.2695219897331786,0.20349067477433191,2,qUCB,0.28,0.44,0.2,0.0,0.04,0.0,0.0,0.0,0.04,0.0,0.0,0.0,0.0,0.0,0.0
13,4,2,3,False,1.2695219897331786,0.20349067477433191,3,qUCB,0.04,0.78,0.1,0.0,0.04,0.0,0.0,0.0,0.04,0.0,0.0,0.0,0.0,0.0,0.0
13,4,2,3,False,1.2695219897331786,0.20349067477433191,4,qUCB,0.4,0.46,0.06,0.0,0.04,0.0,0.0,0.0,0.04,0.0,0.0,0.0,0.0,0.0,0.0
13,5,1,4,False,0.8555780854714662,0.21900882587073234,0,qEHVI,0.34,0.24,0.32,0.02,0.0,0.0,0.0,0.0,0.0,0.0,0.0,0.02,0.0,0.04,0.02
13,5,1,4,False,0.8555780854714662,0.21900882587073234,1,qUCB,0.28,0.44,0.2,0.0,0.04,0.0,0.0,0.0,0.04,0.0,0.0,0.0,0.0,0.0,0.0
13,5,1,4,False,0.8555780854714662,0.21900882587073234,2,qUCB,0.04,0.78,0.1,0.0,0.04,0.0,0.0,0.0,0.04,0.0,0.0,0.0,0.0,0.0,0.0
13,5,1,4,False,0.8555780854714662,0.21900882587073234,3,qUCB,0.0,0.42,0.48,0.0,0.04,0.0,0.0,0.0,0.04,0.0,0.0,0.0,0.0,0.0,0.02
13,5,1,4,False,0.8555780854714662,0.21900882587073234,4,qUCB,0.04,0.2,0.68,0.0,0.04,0.0,0.0,0.0,0.04,0.0,0.0,0.0,0.0,0.0,0.0
13,6,0,5,False,1.1937398339748169,0.0229478776482388,0,qUCB,0.52,0.02,0.38,0.04,0.0,0.0,0.0,0.0,0.0,0.0,0.0,0.0,0.0,0.04,0.0
13,6,0,5,False,1.1937398339748169,0.0229478776482388,1,qUCB,0.0,0.74,0.16,0.0,0.02,0.0,0.0,0.0,0.0,0.0,0.0,0.04,0.0,0.04,0.0
13,6,0,5,False,1.1937398339748169,0.0229478776482388,2,qUCB,0.2,0.52,0.18,0.0,0.02,0.0,0.0,0.0,0.0,0.0,0.0,0.04,0.0,0.04,0.0
13,6,0,5,False,1.1937398339748169,0.0229478776482388,3,qUCB,0.02,0.4,0.48,0.04,0.0,0.0,0.0,0.0,0.0,0.0,0.0,0.02,0.0,0.04,0.0
13,6,0,5,False,1.1937398339748169,0.0229478776482388,4,qUCB,0.0,0.78,0.16,0.0,0.0,0.0,0.0,0.0,0.02,0.0,0.0,0.0,0.0,0.0,0.04
14,1,5,0,False,1.3467014856178672,0.2859717157276922,0,qEHVI,0.38,0.2,0.32,0.04,0.04,0.0,0.0,0.0,0.0,0.0,0.0,0.0,0.0,0.02,0.0
14,1,5,0,False,1.3467014856178672,0.2859717157276922,1,qEHVI,0.5,0.04,0.36,0.04,0.0,0.0,0.0,0.0,0.02,0.0,0.0,0.04,0.0,0.0,0.0
14,1,5,0,False,1.3467014856178672,0.2859717157276922,2,qEHVI,0.44,0.18,0.3,0.0,0.0,0.0,0.0,0.0,0.0,0.0,0.0,0.04,0.0,0.02,0.02
14,1,5,0,False,1.3467014856178672,0.2859717157276922,3,qEHVI,0.46,0.0,0.48,0.04,0.02,0.0,0.0,0.0,0.0,0.0,0.0,0.0,0.0,0.0,0.0
14,1,5,0,False,1.3467014856178672,0.2859717157276922,4,qEHVI,0.46,0.14,0.36,0.0,0.0,0.0,0.0,0.0,0.04,0.0,0.0,0.0,0.0,0.0,0.0
14,2,4,1,False,1.2109932568091348,0.25659199451678916,0,qEHVI,0.38,0.2,0.32,0.04,0.04,0.0,0.0,0.0,0.0,0.0,0.0,0.0,0.0,0.02,0.0
14,2,4,1,False,1.2109932568091348,0.25659199451678916,1,qEHVI,0.5,0.04,0.36,0.04,0.0,0.0,0.0,0.0,0.02,0.0,0.0,0.04,0.0,0.0,0.0
14,2,4,1,False,1.2109932568091348,0.25659199451678916,2,qEHVI,0.44,0.18,0.3,0.0,0.0,0.0,0.0,0.0,0.0,0.0,0.0,0.04,0.0,0.02,0.02
14,2,4,1,False,1.2109932568091348,0.25659199451678916,3,qEHVI,0.46,0.0,0.48,0.04,0.02,0.0,0.0,0.0,0.0,0.0,0.0,0.0,0.0,0.0,0.0
14,2,4,1,False,1.2109932568091348,0.25659199451678916,4,qUCB,0.48,0.38,0.04,0.0,0.04,0.0,0.0,0.0,0.04,0.0,0.0,0.02,0.0,0.0,0.0
14,3,3,2,True,1.0712566331475504,0.4982585719962147,0,qEHVI,0.38,0.2,0.32,0.04,0.04,0.0,0.0,0.0,0.0,0.0,0.0,0.0,0.0,0.02,0.0
14,3,3,2,True,1.0712566331475504,0.4982585719962147,1,qEHVI,0.5,0.04,0.36,0.04,0.0,0.0,0.0,0.0,0.02,0.0,0.0,0.04,0.0,0.0,0.0
14,3,3,2,True,1.0712566331475504,0.4982585719962147,2,qEHVI,0.44,0.18,0.3,0.0,0.0,0.0,0.0,0.0,0.0,0.0,0.0,0.04,0.0,0.02,0.02
14,3,3,2,True,1.0712566331475504,0.4982585719962147,3,qUCB,0.48,0.38,0.04,0.0,0.04,0.0,0.0,0.0,0.04,0.0,0.0,0.02,0.0,0.0,0.0
14,3,3,2,True,1.0712566331475504,0.4982585719962147,4,qUCB,0.0,0.8,0.1,0.0,0.04,0.0,0.0,0.0,0.04,0.0,0.0,0.02,0.0,0.0,0.0
14,4,2,3,False,0.9831865899740596,0.33010494341607677,0,qEHVI,0.38,0.2,0.32,0.04,0.04,0.0,0.0,0.0,0.0,0.0,0.0,0.0,0.0,0.02,0.0
14,4,2,3,False,0.9831865899740596,0.33010494341607677,1,qEHVI,0.5,0.04,0.36,0.04,0.0,0.0,0.0,0.0,0.02,0.0,0.0,0.04,0.0,0.0,0.0
14,4,2,3,False,0.9831865899740596,0.33010494341607677,2,qUCB,0.52,0.34,0.04,0.0,0.0,0.0,0.0,0.0,0.0,0.0,0.0,0.02,0.0,0.04,0.04
14,4,2,3,False,0.9831865899740596,0.33010494341607677,3,qUCB,0.02,0.76,0.16,0.0,0.0,0.0,0.0,0.0,0.02,0.0,0.0,0.0,0.0,0.0,0.04
14,4,2,3,False,0.9831865899740596,0.33010494341607677,4,qUCB,0.0,0.22,0.68,0.0,0.04,0.0,0.0,0.0,0.04,0.0,0.0,0.02,0.0,0.0,0.0
14,5,1,4,False,0.7189134161035231,0.12259076805706215,0,qEHVI,0.38,0.2,0.32,0.04,0.04,0.0,0.0,0.0,0.0,0.0,0.0,0.0,0.0,0.02,0.0
14,5,1,4,False,0.7189134161035231,0.12259076805706215,1,qUCB,0.38,0.5,0.02,0.0,0.0,0.0,0.0,0.0,0.04,0.0,0.0,0.02,0.0,0.0,0.04
14,5,1,4,False,0.7189134161035231,0.12259076805706215,2,qUCB,0.0,0.8200000000000001,0.1,0.0,0.0,0.0,0.0,0.0,0.04,0.0,0.0,0.04,0.0,0.0,0.0
14,5,1,4,False,0.7189134161035231,0.12259076805706215,3,qUCB,0.0,0.72,0.18,0.0,0.0,0.0,0.0,0.0,0.04,0.0,0.0,0.0,0.0,0.02,0.04
14,5,1,4,False,0.7189134161035231,0.12259076805706215,4,qUCB,0.0,0.24,0.68,0.02,0.0,0.0,0.0,0.0,0.02,0.0,0.0,0.04,0.0,0.0,0.0
14,6,0,5,False,0.561012242907719,0.01766811185737005,0,qUCB,0.52,0.0,0.38,0.04,0.0,0.0,0.0,0.0,0.0,0.0,0.0,0.04,0.0,0.02,0.0
14,6,0,5,False,0.561012242907719,0.01766811185737005,1,qUCB,0.0,0.8,0.14,0.0,0.02,0.0,0.0,0.0,0.0,0.0,0.0,0.04,0.0,0.0,0.0
14,6,0,5,False,0.561012242907719,0.01766811185737005,2,qUCB,0.0,0.22,0.68,0.04,0.02,0.0,0.0,0.0,0.0,0.0,0.0,0.02,0.0,0.0,0.02
14,6,0,5,False,0.561012242907719,0.01766811185737005,3,qUCB,0.0,0.46,0.46,0.04,0.0,0.0,0.0,0.0,0.02,0.0,0.0,0.0,0.0,0.0,0.02
14,6,0,5,False,0.561012242907719,0.01766811185737005,4,qUCB,0.0,0.88,0.08,0.0,0.04,0.0,0.0,0.0,0.0,0.0,0.0,0.0,0.0,0.0,0.0
15,1,5,0,False,1.1286654553442241,0.41178132210618257,0,qEHVI,0.36,0.22,0.32,0.04,0.0,0.0,0.0,0.0,0.0,0.0,0.0,0.0,0.0,0.02,0.04
15,1,5,0,False,1.1286654553442241,0.41178132210618257,1,qEHVI,0.42,0.12,0.36,0.04,0.02,0.0,0.0,0.0,0.0,0.0,0.0,0.0,0.0,0.02,0.02
15,1,5,0,False,1.1286654553442241,0.41178132210618257,2,qEHVI,0.0,0.46,0.46,0.04,0.02,0.0,0.0,0.0,0.0,0.0,0.0,0.0,0.0,0.02,0.0
15,1,5,0,False,1.1286654553442241,0.41178132210618257,3,qEHVI,0.36,0.0,0.6,0.0,0.0,0.0,0.0,0.0,0.0,0.0,0.0,0.02,0.0,0.0,0.02
15,1,5,0,False,1.1286654553442241,0.41178132210618257,4,qEHVI,0.46,0.0,0.48,0.04,0.0,0.0,0.0,0.0,0.02,0.0,0.0,0.0,0.0,0.0,0.0
15,2,4,1,False,1.1317533667041928,0.13547444454983282,0,qEHVI,0.36,0.22,0.32,0.04,0.0,0.0,0.0,0.0,0.0,0.0,0.0,0.0,0.0,0.02,0.04
15,2,4,1,False,1.1317533667041928,0.13547444454983282,1,qEHVI,0.42,0.12,0.36,0.04,0.02,0.0,0.0,0.0,0.0,0.0,0.0,0.0,0.0,0.02,0.02
15,2,4,1,False,1.1317533667041928,0.13547444454983282,2,qEHVI,0.36,0.0,0.6,0.0,0.0,0.0,0.0,0.0,0.0,0.0,0.0,0.02,0.0,0.0,0.02
15,2,4,1,False,1.1317533667041928,0.13547444454983282,3,qEHVI,0.46,0.0,0.48,0.04,0.0,0.0,0.0,0.0,0.02,0.0,0.0,0.0,0.0,0.0,0.0
15,2,4,1,False,1.1317533667041928,0.13547444454983282,4,qUCB,0.3,0.56,0.04,0.0,0.0,0.0,0.0,0.0,0.04,0.0,0.0,0.02,0.0,0.04,0.0
15,3,3,2,True,0.9992053991044711,0.4023301100128105,0,qEHVI,0.36,0.22,0.32,0.04,0.0,0.0,0.0,0.0,0.0,0.0,0.0,0.0,0.0,0.02,0.04
15,3,3,2,True,0.9992053991044711,0.4023301100128105,1,qEHVI,0.42,0.12,0.36,0.04,0.02,0.0,0.0,0.0,0.0,0.0,0.0,0.0,0.0,0.02,0.02
15,3,3,2,True,0.9992053991044711,0.4023301100128105,2,qEHVI,0.46,0.0,0.48,0.04,0.0,0.0,0.0,0.0,0.02,0.0,0.0,0.0,0.0,0.0,0.0
15,3,3,2,True,0.9992053991044711,0.4023301100128105,3,qUCB,0.4,0.46,0.04,0.0,0.0,0.0,0.0,0.0,0.04,0.0,0.0,0.04,0.0,0.02,0.0
15,3,3,2,True,0.9992053991044711,0.4023301100128105,4,qUCB,0.02,0.22,0.66,0.0,0.02,0.0,0.0,0.0,0.04,0.0,0.0,0.04,0.0,0.0,0.0
15,4,2,3,False,0.844483187430699,0.3310030336760119,0,qEHVI,0.36,0.22,0.32,0.04,0.0,0.0,0.0,0.0,0.0,0.0,0.0,0.0,0.0,0.02,0.04
15,4,2,3,False,0.844483187430699,0.3310030336760119,1,qEHVI,0.42,0.12,0.36,0.04,0.02,0.0,0.0,0.0,0.0,0.0,0.0,0.0,0.0,0.02,0.02
15,4,2,3,False,0.844483187430699,0.3310030336760119,2,qUCB,0.44,0.42,0.06,0.0,0.0,0.0,0.0,0.0,0.04,0.0,0.0,0.04,0.0,0.0,0.0
15,4,2,3,False,0.844483187430699,0.3310030336760119,3,qUCB,0.02,0.22,0.66,0.0,0.02,0.0,0.0,0.0,0.04,0.0,0.0,0.04,0.0,0.0,0.0
15,4,2,3,False,0.844483187430699,0.3310030336760119,4,qUCB,0.0,0.48,0.48,0.0,0.0,0.0,0.0,0.0,0.04,0.0,0.0,0.0,0.0,0.0,0.0
15,5,1,4,False,0.5826415801441855,0.11101307384969639,0,qEHVI,0.36,0.22,0.32,0.04,0.0,0.0,0.0,0.0,0.0,0.0,0.0,0.0,0.0,0.02,0.04
15,5,1,4,False,0.5826415801441855,0.11101307384969639,1,qUCB,0.38,0.5,0.02,0.0,0.04,0.0,0.0,0.0,0.02,0.0,0.0,0.04,0.0,0.0,0.0
15,5,1,4,False,0.5826415801441855,0.11101307384969639,2,qUCB,0.02,0.22,0.66,0.0,0.02,0.0,0.0,0.0,0.04,0.0,0.0,0.04,0.0,0.0,0.0
15,5,1,4,False,0.5826415801441855,0.11101307384969639,3,qUCB,0.02,0.42,0.48,0.0,0.04,0.0,0.0,0.0,0.04,0.0,0.0,0.0,0.0,0.0,0.0
15,5,1,4,False,0.5826415801441855,0.11101307384969639,4,qUCB,0.02,0.22,0.68,0.0,0.04,0.0,0.0,0.0,0.04,0.0,0.0,0.0,0.0,0.0,0.0
15,6,0,5,False,0.29648741777012344,0.14220080374357735,0,qUCB,0.42,0.44,0.04,0.0,0.02,0.0,0.0,0.0,0.0,0.0,0.0,0.0,0.0,0.04,0.04
15,6,0,5,False,0.29648741777012344,0.14220080374357735,1,qUCB,0.0,0.26,0.68,0.04,0.0,0.0,0.0,0.0,0.0,0.0,0.0,0.0,0.0,0.0,0.02
15,6,0,5,False,0.29648741777012344,0.14220080374357735,2,qUCB,0.0,0.44,0.48,0.04,0.0,0.0,0.0,0.0,0.0,0.0,0.0,0.0,0.0,0.02,0.02
15,6,0,5,False,0.29648741777012344,0.14220080374357735,3,qUCB,0.0,0.72,0.18,0.04,0.0,0.0,0.0,0.0,0.0,0.0,0.0,0.02,0.0,0.04,0.0
15,6,0,5,False,0.29648741777012344,0.14220080374357735,4,qUCB,0.16,0.0,0.78,0.04,0.0,0.0,0.0,0.0,0.0,0.0,0.0,0.02,0.0,0.0,0.0
16,1,5,0,True,1.0174266067781232,0.27484126461327296,0,qEHVI,0.34,0.24,0.32,0.04,0.0,0.0,0.0,0.0,0.02,0.0,0.0,0.02,0.0,0.02,0.0
16,1,5,0,True,1.0174266067781232,0.27484126461327296,1,qEHVI,0.36,0.0,0.6,0.02,0.0,0.0,0.0,0.0,0.0,0.0,0.0,0.02,0.0,0.0,0.0
16,1,5,0,True,1.0174266067781232,0.27484126461327296,2,qEHVI,0.5,0.08,0.36,0.0,0.04,0.0,0.0,0.0,0.0,0.0,0.0,0.0,0.0,0.02,0.0
16,1,5,0,True,1.0174266067781232,0.27484126461327296,3,qEHVI,0.38,0.22,0.3,0.02,0.0,0.0,0.0,0.0,0.0,0.0,0.0,0.0,0.0,0.04,0.04
16,1,5,0,True,1.0174266067781232,0.27484126461327296,4,qEHVI,0.6,0.38,0.0,0.0,0.0,0.0,0.0,0.0,0.02,0.0,0.0,0.0,0.0,0.0,0.0
16,2,4,1,False,0.9197829628245212,0.10095311566950027,0,qEHVI,0.34,0.24,0.32,0.04,0.0,0.0,0.0,0.0,0.02,0.0,0.0,0.02,0.0,0.02,0.0
16,2,4,1,False,0.9197829628245212,0.10095311566950027,1,qEHVI,0.36,0.0,0.6,0.02,0.0,0.0,0.0,0.0,0.0,0.0,0.0,0.02,0.0,0.0,0.0
16,2,4,1,False,0.9197829628245212,0.10095311566950027,2,qEHVI,0.5,0.08,0.36,0.0,0.04,0.0,0.0,0.0,0.0,0.0,0.0,0.0,0.0,0.02,0.0
16,2,4,1,False,0.9197829628245212,0.10095311566950027,3,qEHVI,0.38,0.22,0.3,0.02,0.0,0.0,0.0,0.0,0.0,0.0,0.0,0.0,0.0,0.04,0.04
16,2,4,1,False,0.9197829628245212,0.10095311566950027,4,qUCB,0.46,0.4,0.04,0.0,0.0,0.0,0.0,0.0,0.04,0.0,0.0,0.02,0.0,0.0,0.04
16,3,3,2,False,0.7863441519162675,0.09915942351352935,0,qEHVI,0.34,0.24,0.32,0.04,0.0,0.0,0.0,0.0,0.02,0.0,0.0,0.02,0.0,0.02,0.0
16,3,3,2,False,0.7863441519162675,0.09915942351352935,1,qEHVI,0.36,0.02,0.62,0.0,0.0,0.0,0.0,0.0,0.0,0.0,0.0,0.0,0.0,0.0,0.0
16,3,3,2,False,0.7863441519162675,0.09915942351352935,2,qEHVI,0.5,0.08,0.36,0.0,0.04,0.0,0.0,0.0,0.0,0.0,0.0,0.0,0.0,0.02,0.0
16,3,3,2,False,0.7863441519162675,0.09915942351352935,3,qUCB,0.48,0.38,0.04,0.0,0.02,0.0,0.0,0.0,0.0,0.0,0.0,0.04,0.0,0.0,0.04
16,3,3,2,False,0.7863441519162675,0.09915942351352935,4,qUCB,0.02,0.7000000000000001,0.18,0.0,0.02,0.0,0.0,0.0,0.04,0.0,0.0,0.0,0.0,0.0,0.04
16,4,2,3,False,0.6257177742621592,0.7747499272793879,0,qEHVI,0.34,0.24,0.32,0.04,0.0,0.0,0.0,0.0,0.02,0.0,0.0,0.02,0.0,0.02,0.0
16,4,2,3,False,0.6257177742621592,0.7747499272793879,1,qEHVI,0.36,0.02,0.62,0.0,0.0,0.0,0.0,0.0,0.0,0.0,0.0,0.0,0.0,0.0,0.0
16,4,2,3,False,0.6257177742621592,0.7747499272793879,2,qUCB,0.48,0.38,0.04,0.0,0.02,0.0,0.0,0.0,0.0,0.0,0.0,0.04,0.0,0.0,0.04
16,4,2,3,False,0.6257177742621592,0.7747499272793879,3,qUCB,0.02,0.7000000000000001,0.18,0.0,0.02,0.0,0.0,0.0,0.04,0.0,0.0,0.0,0.0,0.0,0.04
16,4,2,3,False,0.6257177742621592,0.7747499272793879,4,qUCB,0.34,0.52,0.04,0.0,0.02,0.0,0.0,0.0,0.0,0.0,0.0,0.0,0.0,0.04,0.04
16,5,1,4,False,0.5150542415002412,0.3441589426792655,0,qEHVI,0.34,0.24,0.32,0.04,0.0,0.0,0.0,0.0,0.02,0.0,0.0,0.02,0.0,0.02,0.0
16,5,1,4,False,0.5150542415002412,0.3441589426792655,1,qUCB,0.52,0.36,0.04,0.0,0.04,0.0,0.0,0.0,0.0,0.0,0.0,0.0,0.0,0.0,0.04
16,5,1,4,False,0.5150542415002412,0.3441589426792655,2,qUCB,0.02,0.7000000000000001,0.18,0.0,0.02,0.0,0.0,0.0,0.04,0.0,0.0,0.0,0.0,0.0,0.04
16,5,1,4,False,0.5150542415002412,0.3441589426792655,3,qUCB,0.04,0.42,0.48,0.0,0.02,0.0,0.0,0.0,0.0,0.0,0.0,0.0,0.0,0.0,0.04
16,5,1,4,False,0.5150542415002412,0.3441589426792655,4,qUCB,0.72,0.0,0.2,0.0,0.04,0.0,0.0,0.0,0.0,0.0,0.0,0.0,0.0,0.0,0.04
16,6,0,5,False,0.30644438726899753,0.49344381108083013,0,qUCB,0.44,0.42,0.04,0.0,0.0,0.0,0.0,0.0,0.02,0.0,0.0,0.0,0.0,0.04,0.04
16,6,0,5,False,0.30644438726899753,0.49344381108083013,1,qUCB,0.04,0.38,0.48,0.04,0.0,0.0,0.0,0.0,0.02,0.0,0.0,0.04,0.0,0.0,0.0
16,6,0,5,False,0.30644438726899753,0.49344381108083013,2,qUCB,0.0,0.74,0.18,0.04,0.0,0.0,0.0,0.0,0.02,0.0,0.0,0.0,0.0,0.02,0.0
16,6,0,5,False,0.30644438726899753,0.49344381108083013,3,qUCB,0.0,0.5,0.48,0.0,0.02,0.0,0.0,0.0,0.0,0.0,0.0,0.0,0.0,0.0,0.0
16,6,0,5,False,0.30644438726899753,0.49344381108083013,4,qUCB,0.22,0.0,0.68,0.04,0.0,0.0,0.0,0.0,0.04,0.0,0.0,0.0,0.0,0.0,0.02
17,1,5,0,False,1.049957374794641,0.1864398033610266,0,qEHVI,0.34,0.24,0.32,0.04,0.02,0.0,0.0,0.0,0.02,0.0,0.0,0.0,0.0,0.02,0.0
17,1,5,0,False,1.049957374794641,0.1864398033610266,1,qEHVI,0.44,0.0,0.46,0.0,0.0,0.0,0.0,0.0,0.04,0.0,0.0,0.0,0.0,0.02,0.04
17,1,5,0,False,1.049957374794641,0.1864398033610266,2,qEHVI,0.38,0.2,0.32,0.02,0.02,0.0,0.0,0.0,0.02,0.0,0.0,0.0,0.0,0.04,0.0
17,1,5,0,False,1.049957374794641,0.1864398033610266,3,qEHVI,0.5,0.02,0.44,0.02,0.0,0.0,0.0,0.0,0.0,0.0,0.0,0.0,0.0,0.02,0.0
17,1,5,0,False,1.049957374794641,0.1864398033610266,4,qEHVI,0.24,0.0,0.7000000000000001,0.04,0.0,0.0,0.0,0.0,0.0,0.0,0.0,0.0,0.0,0.02,0.0
17,2,4,1,False,0.9556132272172915,0.036560621155137696,0,qEHVI,0.34,0.24,0.32,0.04,0.02,0.0,0.0,0.0,0.02,0.0,0.0,0.0,0.0,0.02,0.0
17,2,4,1,False,0.9556132272172915,0.036560621155137696,1,qEHVI,0.44,0.0,0.46,0.0,0.0,0.0,0.0,0.0,0.04,0.0,0.0,0.0,0.0,0.02,0.04
17,2,4,1,False,0.9556132272172915,0.036560621155137696,2,qEHVI,0.38,0.2,0.32,0.02,0.02,0.0,0.0,0.0,0.02,0.0,0.0,0.0,0.0,0.04,0.0
17,2,4,1,False,0.9556132272172915,0.036560621155137696,3,qEHVI,0.5,0.02,0.44,0.02,0.0,0.0,0.0,0.0,0.0,0.0,0.0,0.0,0.0,0.02,0.0
17,2,4,1,False,0.9556132272172915,0.036560621155137696,4,qUCB,0.48,0.36,0.06,0.0,0.04,0.0,0.0,0.0,0.0,0.0,0.0,0.04,0.0,0.0,0.02
17,3,3,2,True,0.9004711806462201,0.24016612868120824,0,qEHVI,0.34,0.24,0.32,0.04,0.02,0.0,0.0,0.0,0.02,0.0,0.0,0.0,0.0,0.02,0.0
17,3,3,2,True,0.9004711806462201,0.24016612868120824,1,qEHVI,0.44,0.0,0.46,0.0,0.0,0.0,0.0,0.0,0.04,0.0,0.0,0.0,0.0,0.02,0.04
17,3,3,2,True,0.9004711806462201,0.24016612868120824,2,qEHVI,0.38,0.2,0.32,0.02,0.02,0.0,0.0,0.0,0.02,0.0,0.0,0.0,0.0,0.04,0.0
17,3,3,2,True,0.9004711806462201,0.24016612868120824,3,qUCB,0.48,0.36,0.06,0.0,0.04,0.0,0.0,0.0,0.0,0.0,0.0,0.04,0.0,0.0,0.02
17,3,3,2,True,0.9004711806462201,0.24016612868120824,4,qUCB,0.0,0.44,0.48,0.0,0.0,0.0,0.0,0.0,0.0,0.0,0.0,0.04,0.0,0.0,0.04
17,4,2,3,False,0.7622395205277275,0.15547969061058886,0,qEHVI,0.34,0.24,0.32,0.04,0.02,0.0,0.0,0.0,0.02,0.0,0.0,0.0,0.0,0.02,0.0
17,4,2,3,False,0.7622395205277275,0.15547969061058886,1,qEHVI,0.44,0.0,0.46,0.0,0.0,0.0,0.0,0.0,0.04,0.0,0.0,0.0,0.0,0.02,0.04
17,4,2,3,False,0.7622395205277275,0.15547969061058886,2,qUCB,0.48,0.36,0.06,0.0,0.04,0.0,0.0,0.0,0.0,0.0,0.0,0.04,0.0,0.0,0.02
17,4,2,3,False,0.7622395205277275,0.15547969061058886,3,qUCB,0.0,0.44,0.48,0.0,0.0,0.0,0.0,0.0,0.0,0.0,0.0,0.04,0.0,0.0,0.04
17,4,2,3,False,0.7622395205277275,0.15547969061058886,4,qUCB,0.02,0.72,0.16,0.0,0.0,0.0,0.0,0.0,0.04,0.0,0.0,0.04,0.0,0.02,0.0
17,5,1,4,False,0.5777967801018539,0.47872136271476506,0,qEHVI,0.34,0.24,0.32,0.04,0.02,0.0,0.0,0.0,0.02,0.0,0.0,0.0,0.0,0.02,0.0
17,5,1,4,False,0.5777967801018539,0.47872136271476506,1,qUCB,0.56,0.3,0.06,0.0,0.0,0.0,0.0,0.0,0.0,0.0,0.0,0.04,0.0,0.0,0.04
17,5,1,4,False,0.5777967801018539,0.47872136271476506,2,qUCB,0.0,0.44,0.48,0.0,0.0,0.0,0.0,0.0,0.0,0.0,0.0,0.04,0.0,0.0,0.04
17,5,1,4,False,0.5777967801018539,0.47872136271476506,3,qUCB,0.02,0.0,0.88,0.0,0.0,0.0,0.0,0.0,0.04,0.0,0.0,0.04,0.0,0.0,0.02
17,5,1,4,False,0.5777967801018539,0.47872136271476506,4,qUCB,0.08,0.64,0.18,0.0,0.0,0.0,0.0,0.0,0.02,0.0,0.0,0.04,0.0,0.0,0.04
17,6,0,5,False,0.4029981326509743,0.1216869902413027,0,qUCB,0.5,0.36,0.04,0.0,0.0,0.0,0.0,0.0,0.02,0.0,0.0,0.04,0.0,0.04,0.0
17,6,0,5,False,0.4029981326509743,0.1216869902413027,1,qUCB,0.02,0.4,0.48,0.04,0.0,0.0,0.0,0.0,0.02,0.0,0.0,0.0,0.0,0.0,0.04
17,6,0,5,False,0.4029981326509743,0.1216869902413027,2,qUCB,0.24,0.0,0.7000000000000001,0.04,0.0,0.0,0.0,0.0,0.0,0.0,0.0,0.0,0.0,0.02,0.0
17,6,0,5,False,0.4029981326509743,0.1216869902413027,3,qUCB,0.0,0.74,0.18,0.04,0.04,0.0,0.0,0.0,0.0,0.0,0.0,0.0,0.0,0.0,0.0
17,6,0,5,False,0.4029981326509743,0.1216869902413027,4,qUCB,0.02,0.48,0.48,0.0,0.02,0.0,0.0,0.0,0.0,0.0,0.0,0.0,0.0,0.0,0.0
18,1,5,0,False,0.9585489806524323,0.04307224274228183,0,qEHVI,0.42,0.16,0.32,0.04,0.02,0.0,0.0,0.0,0.0,0.0,0.0,0.02,0.0,0.0,0.02
18,1,5,0,False,0.9585489806524323,0.04307224274228183,1,qEHVI,0.4,0.2,0.3,0.02,0.02,0.0,0.0,0.0,0.0,0.0,0.0,0.0,0.0,0.04,0.02
18,1,5,0,False,0.9585489806524323,0.04307224274228183,2,qEHVI,0.52,0.02,0.46,0.0,0.0,0.0,0.0,0.0,0.0,0.0,0.0,0.0,0.0,0.0,0.0
18,1,5,0,False,0.9585489806524323,0.04307224274228183,3,qEHVI,0.74,0.0,0.22,0.0,0.0,0.0,0.0,0.0,0.0,0.0,0.0,0.0,0.0,0.02,0.02
18,1,5,0,False,0.9585489806524323,0.04307224274228183,4,qEHVI,0.06,0.34,0.52,0.04,0.0,0.0,0.0,0.0,0.04,0.0,0.0,0.0,0.0,0.0,0.0
18,2,4,1,True,0.833174939575342,0.1895775607459207,0,qEHVI,0.42,0.16,0.32,0.04,0.02,0.0,0.0,0.0,0.0,0.0,0.0,0.02,0.0,0.0,0.02
18,2,4,1,True,0.833174939575342,0.1895775607459207,1,qEHVI,0.52,0.02,0.46,0.0,0.0,0.0,0.0,0.0,0.0,0.0,0.0,0.0,0.0,0.0,0.0
18,2,4,1,True,0.833174939575342,0.1895775607459207,2,qEHVI,0.4,0.2,0.3,0.02,0.02,0.0,0.0,0.0,0.0,0.0,0.0,0.0,0.0,0.04,0.02
18,2,4,1,True,0.833174939575342,0.1895775607459207,3,qEHVI,0.74,0.0,0.22,0.0,0.0,0.0,0.0,0.0,0.0,0.0,0.0,0.0,0.0,0.02,0.02
18,2,4,1,True,0.833174939575342,0.1895775607459207,4,qUCB,0.6,0.24,0.06,0.0,0.02,0.0,0.0,0.0,0.04,0.0,0.0,0.04,0.0,0.0,0.0
18,3,3,2,False,0.6520912045286097,0.10657066596383657,0,qEHVI,0.42,0.16,0.32,0.04,0.02,0.0,0.0,0.0,0.0,0.0,0.0,0.02,0.0,0.0,0.02
18,3,3,2,False,0.6520912045286097,0.10657066596383657,1,qEHVI,0.4,0.2,0.3,0.02,0.02,0.0,0.0,0.0,0.0,0.0,0.0,0.0,0.0,0.04,0.02
18,3,3,2,False,0.6520912045286097,0.10657066596383657,2,qEHVI,0.52,0.02,0.46,0.0,0.0,0.0,0.0,0.0,0.0,0.0,0.0,0.0,0.0,0.0,0.0
18,3,3,2,False,0.6520912045286097,0.10657066596383657,3,qUCB,0.26,0.6,0.04,0.0,0.0,0.0,0.0,0.0,0.04,0.0,0.0,0.02,0.0,0.0,0.04
18,3,3,2,False,0.6520912045286097,0.10657066596383657,4,qUCB,0.0,0.8,0.16,0.0,0.0,0.0,0.0,0.0,0.04,0.0,0.0,0.0,0.0,0.0,0.0
18,4,2,3,False,0.525492976171885,0.15054638905332984,0,qEHVI,0.42,0.16,0.32,0.04,0.02,0.0,0.0,0.0,0.0,0.0,0.0,0.02,0.0,0.0,0.02
18,4,2,3,False,0.525492976171885,0.15054638905332984,1,qEHVI,0.4,0.2,0.3,0.02,0.02,0.0,0.0,0.0,0.0,0.0,0.0,0.0,0.0,0.04,0.02
18,4,2,3,False,0.525492976171885,0.15054638905332984,2,qUCB,0.58,0.24,0.08,0.0,0.0,0.0,0.0,0.0,0.04,0.0,0.0,0.04,0.0,0.02,0.0
18,4,2,3,False,0.525492976171885,0.15054638905332984,3,qUCB,0.0,0.8,0.16,0.0,0.0,0.0,0.0,0.0,0.04,0.0,0.0,0.0,0.0,0.0,0.0
18,4,2,3,False,0.525492976171885,0.15054638905332984,4,qUCB,0.06,0.02,0.88,0.0,0.0,0.0,0.0,0.0,0.04,0.0,0.0,0.0,0.0,0.0,0.0
18,5,1,4,False,0.4176030937956731,0.34937053994833445,0,qEHVI,0.42,0.16,0.32,0.04,0.02,0.0,0.0,0.0,0.0,0.0,0.0,0.02,0.0,0.0,0.02
18,5,1,4,False,0.4176030937956731,0.34937053994833445,1,qUCB,0.54,0.02,0.36,0.0,0.0,0.0,0.0,0.0,0.04,0.0,0.0,0.0,0.0,0.04,0.0
18,5,1,4,False,0.4176030937956731,0.34937053994833445,2,qUCB,0.0,0.8,0.16,0.0,0.0,0.0,0.0,0.0,0.04,0.0,0.0,0.0,0.0,0.0,0.0
18,5,1,4,False,0.4176030937956731,0.34937053994833445,3,qUCB,0.06,0.02,0.88,0.0,0.0,0.0,0.0,0.0,0.04,0.0,0.0,0.0,0.0,0.0,0.0
18,5,1,4,False,0.4176030937956731,0.34937053994833445,4,qUCB,0.12,0.0,0.8,0.0,0.02,0.0,0.0,0.0,0.02,0.0,0.0,0.0,0.0,0.04,0.0
18,6,0,5,False,0.2870122044565274,0.026926603473645727,0,qUCB,0.52,0.32,0.06,0.0,0.0,0.0,0.0,0.0,0.02,0.0,0.0,0.04,0.0,0.0,0.04
18,6,0,5,False,0.2870122044565274,0.026926603473645727,1,qUCB,0.22,0.0,0.7000000000000001,0.04,0.0,0.0,0.0,0.0,0.0,0.0,0.0,0.02,0.0,0.0,0.02
18,6,0,5,False,0.2870122044565274,0.026926603473645727,2,qUCB,0.0,0.72,0.18,0.04,0.02,0.0,0.0,0.0,0.0,0.0,0.0,0.02,0.0,0.02,0.0
18,6,0,5,False,0.2870122044565274,0.026926603473645727,3,qUCB,0.12,0.0,0.88,0.0,0.0,0.0,0.0,0.0,0.0,0.0,0.0,0.0,0.0,0.0,0.0
18,6,0,5,False,0.2870122044565274,0.026926603473645727,4,qUCB,0.16,0.0,0.78,0.04,0.0,0.0,0.0,0.0,0.0,0.0,0.0,0.0,0.0,0.0,0.02
19,1,5,0,False,2.1393623338235517,0.19383450792932244,0,qEHVI,0.4,0.1,0.4,0.04,0.02,0.0,0.0,0.0,0.0,0.0,0.0,0.0,0.0,0.0,0.04
19,1,5,0,False,2.1393623338235517,0.19383450792932244,1,qEHVI,0.44,0.2,0.3,0.02,0.0,0.0,0.0,0.0,0.02,0.0,0.0,0.02,0.0,0.0,0.0
19,1,5,0,False,2.1393623338235517,0.19383450792932244,2,qEHVI,0.0,0.4,0.5,0.04,0.02,0.0,0.0,0.0,0.0,0.0,0.0,0.04,0.0,0.0,0.0
19,1,5,0,False,2.1393623338235517,0.19383450792932244,3,qEHVI,0.24,0.0,0.68,0.04,0.0,0.0,0.0,0.0,0.02,0.0,0.0,0.0,0.0,0.0,0.02
19,1,5,0,False,2.1393623338235517,0.19383450792932244,4,qEHVI,0.66,0.06,0.18,0.0,0.0,0.0,0.0,0.0,0.0,0.0,0.0,0.04,0.0,0.02,0.04
19,2,4,1,True,2.0992893148253673,0.6025232125100928,0,qEHVI,0.4,0.1,0.4,0.04,0.02,0.0,0.0,0.0,0.0,0.0,0.0,0.0,0.0,0.0,0.04
19,2,4,1,True,2.0992893148253673,0.6025232125100928,1,qEHVI,0.44,0.2,0.3,0.02,0.0,0.0,0.0,0.0,0.02,0.0,0.0,0.02,0.0,0.0,0.0
19,2,4,1,True,2.0992893148253673,0.6025232125100928,2,qEHVI,0.0,0.4,0.5,0.04,0.02,0.0,0.0,0.0,0.0,0.0,0.0,0.04,0.0,0.0,0.0
19,2,4,1,True,2.0992893148253673,0.6025232125100928,3,qEHVI,0.24,0.0,0.68,0.04,0.0,0.0,0.0,0.0,0.02,0.0,0.0,0.0,0.0,0.0,0.02
19,2,4,1,True,2.0992893148253673,0.6025232125100928,4,qUCB,0.38,0.5,0.02,0.0,0.0,0.0,0.0,0.0,0.0,0.0,0.0,0.02,0.0,0.04,0.04
19,3,3,2,False,1.8570016694743285,0.5010412469669792,0,qEHVI,0.4,0.1,0.4,0.04,0.02,0.0,0.0,0.0,0.0,0.0,0.0,0.0,0.0,0.0,0.04
19,3,3,2,False,1.8570016694743285,0.5010412469669792,1,qEHVI,0.44,0.2,0.3,0.02,0.0,0.0,0.0,0.0,0.02,0.0,0.0,0.02,0.0,0.0,0.0
19,3,3,2,False,1.8570016694743285,0.5010412469669792,2,qEHVI,0.0,0.4,0.5,0.04,0.02,0.0,0.0,0.0,0.0,0.0,0.0,0.04,0.0,0.0,0.0
19,3,3,2,False,1.8570016694743285,0.5010412469669792,3,qUCB,0.38,0.5,0.02,0.0,0.0,0.0,0.0,0.0,0.0,0.0,0.0,0.02,0.0,0.04,0.04
19,3,3,2,False,1.8570016694743285,0.5010412469669792,4,qUCB,0.14,0.06,0.7000000000000001,0.04,0.0,0.0,0.0,0.0,0.02,0.0,0.0,0.0,0.0,0.04,0.0
19,4,2,3,False,1.5663439041637701,0.06601706386805706,0,qEHVI,0.4,0.1,0.4,0.04,0.02,0.0,0.0,0.0,0.0,0.0,0.0,0.0,0.0,0.0,0.04
19,4,2,3,False,1.5663439041637701,0.06601706386805706,1,qEHVI,0.44,0.2,0.3,0.02,0.0,0.0,0.0,0.0,0.02,0.0,0.0,0.02,0.0,0.0,0.0
19,4,2,3,False,1.5663439041637701,0.06601706386805706,2,qUCB,0.38,0.5,0.02,0.0,0.0,0.0,0.0,0.0,0.0,0.0,0.0,0.02,0.0,0.04,0.04
19,4,2,3,False,1.5663439041637701,0.06601706386805706,3,qUCB,0.14,0.06,0.7000000000000001,0.04,0.0,0.0,0.0,0.0,0.02,0.0,0.0,0.0,0.0,0.04,0.0
19,4,2,3,False,1.5663439041637701,0.06601706386805706,4,qUCB,0.02,0.0,0.88,0.0,0.0,0.0,0.0,0.0,0.0,0.0,0.0,0.04,0.0,0.04,0.02
19,5,1,4,False,1.3240203911241721,0.2999894364793203,0,qEHVI,0.4,0.1,0.4,0.04,0.02,0.0,0.0,0.0,0.0,0.0,0.0,0.0,0.0,0.0,0.04
19,5,1,4,False,1.3240203911241721,0.2999894364793203,1,qUCB,0.34,0.54,0.02,0.0,0.0,0.0,0.0,0.0,0.02,0.0,0.0,0.04,0.0,0.04,0.0
19,5,1,4,False,1.3240203911241721,0.2999894364793203,2,qUCB,0.14,0.06,0.7000000000000001,0.04,0.0,0.0,0.0,0.0,0.02,0.0,0.0,0.0,0.0,0.04,0.0
19,5,1,4,False,1.3240203911241721,0.2999894364793203,3,qUCB,0.02,0.0,0.88,0.0,0.0,0.0,0.0,0.0,0.0,0.0,0.0,0.04,0.0,0.04,0.02
19,5,1,4,False,1.3240203911241721,0.2999894364793203,4,qUCB,0.38,0.52,0.0,0.04,0.02,0.0,0.0,0.0,0.0,0.0,0.0,0.04,0.0,0.0,0.0
19,6,0,5,False,0.7590367638260874,0.004399381391074542,0,qUCB,0.44,0.44,0.02,0.04,0.0,0.0,0.0,0.0,0.0,0.0,0.0,0.02,0.0,0.0,0.04
19,6,0,5,False,0.7590367638260874,0.004399381391074542,1,qUCB,0.18,0.02,0.7000000000000001,0.04,0.04,0.0,0.0,0.0,0.0,0.0,0.0,0.0,0.0,0.02,0.0
19,6,0,5,False,0.7590367638260874,0.004399381391074542,2,qUCB,0.8200000000000001,0.04,0.06,0.04,0.0,0.0,0.0,0.0,0.0,0.0,0.0,0.0,0.0,0.0,0.04
19,6,0,5,False,0.7590367638260874,0.004399381391074542,3,qUCB,0.06,0.0,0.88,0.0,0.0,0.0,0.0,0.0,0.02,0.0,0.0,0.0,0.0,0.02,0.02
19,6,0,5,False,0.7590367638260874,0.004399381391074542,4,qUCB,0.0,0.24,0.7000000000000001,0.04,0.0,0.0,0.0,0.0,0.0,0.0,0.0,0.0,0.0,0.0,0.02
20,1,5,0,True,1.5953848357650777,0.19015749817934857,0,qEHVI,0.4,0.22,0.3,0.02,0.04,0.0,0.0,0.0,0.0,0.0,0.0,0.02,0.0,0.0,0.0
20,1,5,0,True,1.5953848357650777,0.19015749817934857,1,qEHVI,0.5,0.0,0.46,0.02,0.0,0.0,0.0,0.0,0.0,0.0,0.0,0.0,0.0,0.0,0.02
20,1,5,0,True,1.5953848357650777,0.19015749817934857,2,qEHVI,0.56,0.3,0.04,0.0,0.02,0.0,0.0,0.0,0.0,0.0,0.0,0.04,0.0,0.0,0.04
20,1,5,0,True,1.5953848357650777,0.19015749817934857,3,qEHVI,0.4,0.16,0.36,0.04,0.04,0.0,0.0,0.0,0.0,0.0,0.0,0.0,0.0,0.0,0.0
20,1,5,0,True,1.5953848357650777,0.19015749817934857,4,qEHVI,0.8,0.02,0.08,0.04,0.0,0.0,0.0,0.0,0.0,0.0,0.0,0.0,0.0,0.02,0.04
20,2,4,1,False,1.5121744913025188,0.2469871061268183,0,qEHVI,0.4,0.22,0.3,0.02,0.04,0.0,0.0,0.0,0.0,0.0,0.0,0.02,0.0,0.0,0.0
20,2,4,1,False,1.5121744913025188,0.2469871061268183,1,qEHVI,0.5,0.0,0.46,0.02,0.0,0.0,0.0,0.0,0.0,0.0,0.0,0.0,0.0,0.0,0.02
20,2,4,1,False,1.5121744913025188,0.2469871061268183,2,qEHVI,0.56,0.3,0.04,0.0,0.02,0.0,0.0,0.0,0.0,0.0,0.0,0.04,0.0,0.0,0.04
20,2,4,1,False,1.5121744913025188,0.2469871061268183,3,qEHVI,0.4,0.16,0.36,0.04,0.04,0.0,0.0,0.0,0.0,0.0,0.0,0.0,0.0,0.0,0.0
20,2,4,1,False,1.5121744913025188,0.2469871061268183,4,qUCB,0.46,0.44,0.0,0.04,0.0,0.0,0.0,0.0,0.0,0.0,0.0,0.02,0.0,0.04,0.0
20,3,3,2,False,1.132950263365809,0.13754224773971235,0,qEHVI,0.4,0.22,0.3,0.02,0.04,0.0,0.0,0.0,0.0,0.0,0.0,0.02,0.0,0.0,0.0
20,3,3,2,False,1.132950263365809,0.13754224773971235,1,qEHVI,0.5,0.0,0.46,0.02,0.0,0.0,0.0,0.0,0.0,0.0,0.0,0.0,0.0,0.0,0.02
20,3,3,2,False,1.132950263365809,0.13754224773971235,2,qEHVI,0.56,0.3,0.04,0.0,0.02,0.0,0.0,0.0,0.0,0.0,0.0,0.04,0.0,0.0,0.04
20,3,3,2,False,1.132950263365809,0.13754224773971235,3,qUCB,0.46,0.44,0.0,0.04,0.0,0.0,0.0,0.0,0.0,0.0,0.0,0.02,0.0,0.04,0.0
20,3,3,2,False,1.132950263365809,0.13754224773971235,4,qUCB,0.4,0.3,0.2,0.04,0.0,0.0,0.0,0.0,0.04,0.0,0.0,0.02,0.0,0.0,0.0
20,4,2,3,False,1.0991561511635437,0.0858307556086686,0,qEHVI,0.4,0.22,0.3,0.02,0.04,0.0,0.0,0.0,0.0,0.0,0.0,0.02,0.0,0.0,0.0
20,4,2,3,False,1.0991561511635437,0.0858307556086686,1,qEHVI,0.5,0.0,0.46,0.02,0.0,0.0,0.0,0.0,0.0,0.0,0.0,0.0,0.0,0.0,0.02
20,4,2,3,False,1.0991561511635437,0.0858307556086686,2,qUCB,0.46,0.44,0.0,0.04,0.0,0.0,0.0,0.0,0.0,0.0,0.0,0.02,0.0,0.04,0.0
20,4,2,3,False,1.0991561511635437,0.0858307556086686,3,qUCB,0.4,0.3,0.2,0.04,0.0,0.0,0.0,0.0,0.04,0.0,0.0,0.02,0.0,0.0,0.0
20,4,2,3,False,1.0991561511635437,0.0858307556086686,4,qUCB,0.02,0.0,0.9,0.0,0.0,0.0,0.0,0.0,0.04,0.0,0.0,0.0,0.0,0.04,0.0
20,5,1,4,False,0.9487822915372298,0.40782457680522555,0,qEHVI,0.4,0.22,0.3,0.02,0.04,0.0,0.0,0.0,0.0,0.0,0.0,0.02,0.0,0.0,0.0
20,5,1,4,False,0.9487822915372298,0.40782457680522555,1,qUCB,0.52,0.38,0.0,0.04,0.0,0.0,0.0,0.0,0.0,0.0,0.0,0.0,0.0,0.02,0.04
20,5,1,4,False,0.9487822915372298,0.40782457680522555,2,qUCB,0.8,0.02,0.08,0.04,0.0,0.0,0.0,0.0,0.0,0.0,0.0,0.0,0.0,0.02,0.04
20,5,1,4,False,0.9487822915372298,0.40782457680522555,3,qUCB,0.26,0.44,0.2,0.04,0.0,0.0,0.0,0.0,0.0,0.0,0.0,0.0,0.0,0.02,0.04
20,5,1,4,False,0.9487822915372298,0.40782457680522555,4,qUCB,0.02,0.0,0.9,0.0,0.0,0.0,0.0,0.0,0.04,0.0,0.0,0.0,0.0,0.04,0.0
20,6,0,5,False,0.44881280062479606,0.5081409268617847,0,qUCB,0.5,0.4,0.0,0.04,0.0,0.0,0.0,0.0,0.02,0.0,0.0,0.04,0.0,0.0,0.0
20,6,0,5,False,0.44881280062479606,0.5081409268617847,1,qUCB,0.42,0.3,0.22,0.04,0.0,0.0,0.0,0.0,0.0,0.0,0.0,0.0,0.0,0.0,0.02
20,6,0,5,False,0.44881280062479606,0.5081409268617847,2,qUCB,0.44,0.42,0.04,0.04,0.0,0.0,0.0,0.0,0.0,0.0,0.0,0.02,0.0,0.0,0.04
20,6,0,5,False,0.44881280062479606,0.5081409268617847,3,qUCB,0.8,0.02,0.08,0.04,0.0,0.0,0.0,0.0,0.0,0.0,0.0,0.0,0.0,0.02,0.04
20,6,0,5,False,0.44881280062479606,0.5081409268617847,4,qUCB,0.1,0.02,0.88,0.0,0.0,0.0,0.0,0.0,0.0,0.0,0.0,0.0,0.0,0.0,0.0
21,1,5,0,False,1.1489419164699175,0.0696613847140366,0,qEHVI,0.4,0.22,0.32,0.02,0.04,0.0,0.0,0.0,0.0,0.0,0.0,0.0,0.0,0.0,0.0
21,1,5,0,False,1.1489419164699175,0.0696613847140366,1,qEHVI,0.46,0.0,0.44,0.02,0.02,0.0,0.0,0.0,0.0,0.0,0.0,0.0,0.0,0.02,0.04
21,1,5,0,False,1.1489419164699175,0.0696613847140366,2,qEHVI,0.7000000000000001,0.02,0.18,0.0,0.0,0.0,0.0,0.0,0.02,0.0,0.0,0.02,0.0,0.02,0.04
21,1,5,0,False,1.1489419164699175,0.0696613847140366,3,qEHVI,0.42,0.22,0.3,0.02,0.0,0.0,0.0,0.0,0.0,0.0,0.0,0.0,0.0,0.0,0.04
21,1,5,0,False,1.1489419164699175,0.0696613847140366,4,qEHVI,0.3,0.22,0.44,0.04,0.0,0.0,0.0,0.0,0.0,0.0,0.0,0.0,0.0,0.0,0.0
21,2,4,1,True,1.020212722067717,0.5970542061501565,0,qEHVI,0.4,0.22,0.32,0.02,0.04,0.0,0.0,0.0,0.0,0.0,0.0,0.0,0.0,0.0,0.0
21,2,4,1,True,1.020212722067717,0.5970542061501565,1,qEHVI,0.46,0.0,0.44,0.02,0.02,0.0,0.0,0.0,0.0,0.0,0.0,0.0,0.0,0.02,0.04
21,2,4,1,True,1.020212722067717,0.5970542061501565,2,qEHVI,0.7000000000000001,0.02,0.18,0.0,0.0,0.0,0.0,0.0,0.02,0.0,0.0,0.02,0.0,0.02,0.04
21,2,4,1,True,1.020212722067717,0.5970542061501565,3,qEHVI,0.42,0.22,0.3,0.02,0.0,0.0,0.0,0.0,0.0,0.0,0.0,0.0,0.0,0.0,0.04
21,2,4,1,True,1.020212722067717,0.5970542061501565,4,qUCB,0.44,0.44,0.02,0.04,0.0,0.0,0.0,0.0,0.0,0.0,0.0,0.04,0.0,0.02,0.0
21,3,3,2,False,0.8437613672056669,0.6139968360035417,0,qEHVI,0.4,0.22,0.32,0.02,0.04,0.0,0.0,0.0,0.0,0.0,0.0,0.0,0.0,0.0,0.0
21,3,3,2,False,0.8437613672056669,0.6139968360035417,1,qEHVI,0.7000000000000001,0.02,0.18,0.0,0.0,0.0,0.0,0.0,0.02,0.0,0.0,0.02,0.0,0.02,0.04
21,3,3,2,False,0.8437613672056669,0.6139968360035417,2,qEHVI,0.46,0.0,0.44,0.02,0.02,0.0,0.0,0.0,0.0,0.0,0.0,0.0,0.0,0.02,0.04
21,3,3,2,False,0.8437613672056669,0.6139968360035417,3,qUCB,0.44,0.44,0.02,0.04,0.0,0.0,0.0,0.0,0.0,0.0,0.0,0.04,0.0,0.02,0.0
21,3,3,2,False,0.8437613672056669,0.6139968360035417,4,qUCB,0.02,0.06,0.88,0.0,0.0,0.0,0.0,0.0,0.04,0.0,0.0,0.0,0.0,0.0,0.0
21,4,2,3,False,0.6504104934438386,0.12404877598469977,0,qEHVI,0.4,0.22,0.32,0.02,0.04,0.0,0.0,0.0,0.0,0.0,0.0,0.0,0.0,0.0,0.0
21,4,2,3,False,0.6504104934438386,0.12404877598469977,1,qEHVI,0.46,0.0,0.44,0.02,0.02,0.0,0.0,0.0,0.0,0.0,0.0,0.0,0.0,0.02,0.04
21,4,2,3,False,0.6504104934438386,0.12404877598469977,2,qUCB,0.42,0.46,0.02,0.04,0.0,0.0,0.0,0.0,0.0,0.0,0.0,0.04,0.0,0.0,0.02
21,4,2,3,False,0.6504104934438386,0.12404877598469977,3,qUCB,0.02,0.04,0.88,0.0,0.0,0.0,0.0,0.0,0.04,0.0,0.0,0.02,0.0,0.0,0.0
21,4,2,3,False,0.6504104934438386,0.12404877598469977,4,qUCB,0.48,0.26,0.16,0.0,0.0,0.0,0.0,0.0,0.04,0.0,0.0,0.04,0.0,0.02,0.0
21,5,1,4,False,0.41772769258884834,0.3758845139932867,0,qEHVI,0.4,0.22,0.32,0.02,0.04,0.0,0.0,0.0,0.0,0.0,0.0,0.0,0.0,0.0,0.0
21,5,1,4,False,0.41772769258884834,0.3758845139932867,1,qUCB,0.42,0.46,0.02,0.04,0.0,0.0,0.0,0.0,0.0,0.0,0.0,0.04,0.0,0.0,0.02
21,5,1,4,False,0.41772769258884834,0.3758845139932867,2,qUCB,0.42,0.46,0.02,0.0,0.0,0.0,0.0,0.0,0.0,0.0,0.0,0.04,0.0,0.04,0.02
21,5,1,4,False,0.41772769258884834,0.3758845139932867,3,qUCB,0.04,0.02,0.86,0.0,0.0,0.0,0.0,0.0,0.0,0.0,0.0,0.04,0.0,0.0,0.04
21,5,1,4,False,0.41772769258884834,0.3758845139932867,4,qUCB,0.08,0.02,0.8,0.0,0.0,0.0,0.0,0.0,0.0,0.0,0.0,0.04,0.0,0.02,0.04
21,6,0,5,False,0.41239766365927644,0.3140621842488187,0,qUCB,0.42,0.46,0.02,0.04,0.0,0.0,0.0,0.0,0.0,0.0,0.0,0.04,0.0,0.0,0.02
21,6,0,5,False,0.41239766365927644,0.3140621842488187,1,qUCB,0.4,0.5,0.0,0.04,0.02,0.0,0.0,0.0,0.0,0.0,0.0,0.04,0.0,0.0,0.0
21,6,0,5,False,0.41239766365927644,0.3140621842488187,2,qUCB,0.08,0.0,0.88,0.0,0.0,0.0,0.0,0.0,0.0,0.0,0.0,0.0,0.0,0.0,0.04
21,6,0,5,False,0.41239766365927644,0.3140621842488187,3,qUCB,0.14,0.0,0.76,0.04,0.0,0.0,0.0,0.0,0.04,0.0,0.0,0.0,0.0,0.0,0.02
21,6,0,5,False,0.41239766365927644,0.3140621842488187,4,qUCB,0.34,0.4,0.2,0.04,0.0,0.0,0.0,0.0,0.0,0.0,0.0,0.0,0.0,0.02,0.0
22,1,5,0,False,0.7868597431790295,0.00984574776257685,0,qEHVI,0.4,0.2,0.3,0.02,0.02,0.0,0.0,0.0,0.0,0.0,0.0,0.04,0.0,0.02,0.0
22,1,5,0,False,0.7868597431790295,0.00984574776257685,1,qEHVI,0.32,0.16,0.42,0.04,0.0,0.0,0.0,0.0,0.0,0.0,0.0,0.02,0.0,0.0,0.04
22,1,5,0,False,0.7868597431790295,0.00984574776257685,2,qEHVI,0.46,0.0,0.46,0.0,0.04,0.0,0.0,0.0,0.0,0.0,0.0,0.04,0.0,0.0,0.0
22,1,5,0,False,0.7868597431790295,0.00984574776257685,3,qEHVI,0.0,0.76,0.18,0.04,0.0,0.0,0.0,0.0,0.02,0.0,0.0,0.0,0.0,0.0,0.0
22,1,5,0,False,0.7868597431790295,0.00984574776257685,4,qEHVI,0.7000000000000001,0.0,0.2,0.0,0.0,0.0,0.0,0.0,0.02,0.0,0.0,0.04,0.0,0.0,0.04
22,2,4,1,False,0.7484537032208498,0.07547762140591274,0,qEHVI,0.4,0.2,0.3,0.02,0.02,0.0,0.0,0.0,0.0,0.0,0.0,0.04,0.0,0.02,0.0
22,2,4,1,False,0.7484537032208498,0.07547762140591274,1,qEHVI,0.32,0.16,0.42,0.04,0.0,0.0,0.0,0.0,0.0,0.0,0.0,0.02,0.0,0.0,0.04
22,2,4,1,False,0.7484537032208498,0.07547762140591274,2,qEHVI,0.46,0.0,0.46,0.0,0.04,0.0,0.0,0.0,0.0,0.0,0.0,0.04,0.0,0.0,0.0
22,2,4,1,False,0.7484537032208498,0.07547762140591274,3,qEHVI,0.7000000000000001,0.0,0.2,0.0,0.0,0.0,0.0,0.0,0.02,0.0,0.0,0.04,0.0,0.0,0.04
22,2,4,1,False,0.7484537032208498,0.07547762140591274,4,qUCB,0.32,0.56,0.02,0.0,0.02,0.0,0.0,0.0,0.0,0.0,0.0,0.0,0.0,0.04,0.04
22,3,3,2,False,0.6251600711862162,0.0772992394515426,0,qEHVI,0.4,0.2,0.3,0.02,0.02,0.0,0.0,0.0,0.0,0.0,0.0,0.04,0.0,0.02,0.0
22,3,3,2,False,0.6251600711862162,0.0772992394515426,1,qEHVI,0.32,0.16,0.42,0.04,0.0,0.0,0.0,0.0,0.0,0.0,0.0,0.02,0.0,0.0,0.04
22,3,3,2,False,0.6251600711862162,0.0772992394515426,2,qEHVI,0.46,0.0,0.46,0.0,0.04,0.0,0.0,0.0,0.0,0.0,0.0,0.04,0.0,0.0,0.0
22,3,3,2,False,0.6251600711862162,0.0772992394515426,3,qUCB,0.46,0.4,0.04,0.0,0.0,0.0,0.0,0.0,0.02,0.0,0.0,0.0,0.0,0.04,0.04
22,3,3,2,False,0.6251600711862162,0.0772992394515426,4,qUCB,0.0,0.04,0.88,0.0,0.02,0.0,0.0,0.0,0.04,0.0,0.0,0.0,0.0,0.0,0.02
22,4,2,3,True,0.4684949447328385,0.1344803586667611,0,qEHVI,0.4,0.2,0.3,0.02,0.02,0.0,0.0,0.0,0.0,0.0,0.0,0.04,0.0,0.02,0.0
22,4,2,3,True,0.4684949447328385,0.1344803586667611,1,qEHVI,0.32,0.16,0.42,0.04,0.0,0.0,0.0,0.0,0.0,0.0,0.0,0.02,0.0,0.0,0.04
22,4,2,3,True,0.4684949447328385,0.1344803586667611,2,qUCB,0.46,0.4,0.04,0.0,0.0,0.0,0.0,0.0,0.02,0.0,0.0,0.0,0.0,0.04,0.04
22,4,2,3,True,0.4684949447328385,0.1344803586667611,3,qUCB,0.0,0.04,0.88,0.0,0.02,0.0,0.0,0.0,0.04,0.0,0.0,0.0,0.0,0.0,0.02
22,4,2,3,True,0.4684949447328385,0.1344803586667611,4,qUCB,0.02,0.7000000000000001,0.18,0.0,0.0,0.0,0.0,0.0,0.04,0.0,0.0,0.0,0.0,0.04,0.02
22,5,1,4,False,0.42113687707947395,0.5013042082769346,0,qEHVI,0.4,0.2,0.3,0.02,0.02,0.0,0.0,0.0,0.0,0.0,0.0,0.04,0.0,0.02,0.0
22,5,1,4,False,0.42113687707947395,0.5013042082769346,1,qUCB,0.54,0.22,0.16,0.0,0.0,0.0,0.0,0.0,0.04,0.0,0.0,0.0,0.0,0.0,0.04
22,5,1,4,False,0.42113687707947395,0.5013042082769346,2,qUCB,0.06,0.02,0.84,0.0,0.0,0.0,0.0,0.0,0.04,0.0,0.0,0.0,0.0,0.0,0.04
22,5,1,4,False,0.42113687707947395,0.5013042082769346,3,qUCB,0.0,0.72,0.18,0.0,0.02,0.0,0.0,0.0,0.04,0.0,0.0,0.0,0.0,0.0,0.04
22,5,1,4,False,0.42113687707947395,0.5013042082769346,4,qUCB,0.0,0.04,0.88,0.0,0.02,0.0,0.0,0.0,0.04,0.0,0.0,0.0,0.0,0.0,0.02
22,6,0,5,False,0.27395177106806323,0.1577745344270891,0,qUCB,0.46,0.4,0.04,0.02,0.0,0.0,0.0,0.0,0.0,0.0,0.0,0.04,0.0,0.0,0.04
22,6,0,5,False,0.27395177106806323,0.1577745344270891,1,qUCB,0.0,0.76,0.18,0.04,0.0,0.0,0.0,0.0,0.02,0.0,0.0,0.0,0.0,0.0,0.0
22,6,0,5,False,0.27395177106806323,0.1577745344270891,2,qUCB,0.16,0.0,0.76,0.04,0.0,0.0,0.0,0.0,0.0,0.0,0.0,0.02,0.0,0.0,0.02
22,6,0,5,False,0.27395177106806323,0.1577745344270891,3,qUCB,0.08,0.0,0.88,0.0,0.02,0.0,0.0,0.0,0.0,0.0,0.0,0.0,0.0,0.0,0.02
22,6,0,5,False,0.27395177106806323,0.1577745344270891,4,qUCB,0.14,0.0,0.8,0.0,0.0,0.0,0.0,0.0,0.0,0.0,0.0,0.02,0.0,0.02,0.02
23,1,5,0,False,0.8687659746828967,0.39528907737148344,0,qEHVI,0.34,0.24,0.32,0.02,0.02,0.0,0.0,0.0,0.0,0.0,0.0,0.04,0.0,0.0,0.02
23,1,5,0,False,0.8687659746828967,0.39528907737148344,1,qEHVI,0.46,0.0,0.46,0.0,0.02,0.0,0.0,0.0,0.0,0.0,0.0,0.04,0.0,0.0,0.02
23,1,5,0,False,0.8687659746828967,0.39528907737148344,2,qEHVI,0.5,0.02,0.44,0.02,0.02,0.0,0.0,0.0,0.0,0.0,0.0,0.0,0.0,0.0,0.0
23,1,5,0,False,0.8687659746828967,0.39528907737148344,3,qEHVI,0.76,0.04,0.2,0.0,0.0,0.0,0.0,0.0,0.0,0.0,0.0,0.0,0.0,0.0,0.0
23,1,5,0,False,0.8687659746828967,0.39528907737148344,4,qEHVI,0.38,0.22,0.3,0.02,0.0,0.0,0.0,0.0,0.04,0.0,0.0,0.0,0.0,0.02,0.02
23,2,4,1,False,0.7162009146807456,0.1160922050021469,0,qEHVI,0.34,0.24,0.32,0.02,0.02,0.0,0.0,0.0,0.0,0.0,0.0,0.04,0.0,0.0,0.02
23,2,4,1,False,0.7162009146807456,0.1160922050021469,1,qEHVI,0.46,0.0,0.46,0.0,0.02,0.0,0.0,0.0,0.0,0.0,0.0,0.04,0.0,0.0,0.02
23,2,4,1,False,0.7162009146807456,0.1160922050021469,2,qEHVI,0.76,0.04,0.2,0.0,0.0,0.0,0.0,0.0,0.0,0.0,0.0,0.0,0.0,0.0,0.0
23,2,4,1,False,0.7162009146807456,0.1160922050021469,3,qEHVI,0.5,0.02,0.44,0.02,0.02,0.0,0.0,0.0,0.0,0.0,0.0,0.0,0.0,0.0,0.0
23,2,4,1,False,0.7162009146807456,0.1160922050021469,4,qUCB,0.24,0.62,0.04,0.0,0.0,0.0,0.0,0.0,0.02,0.0,0.0,0.0,0.0,0.04,0.04
23,3,3,2,True,0.6469266754283443,0.11349912298084242,0,qEHVI,0.34,0.24,0.32,0.02,0.02,0.0,0.0,0.0,0.0,0.0,0.0,0.04,0.0,0.0,0.02
23,3,3,2,True,0.6469266754283443,0.11349912298084242,1,qEHVI,0.46,0.0,0.46,0.0,0.02,0.0,0.0,0.0,0.0,0.0,0.0,0.04,0.0,0.0,0.02
23,3,3,2,True,0.6469266754283443,0.11349912298084242,2,qEHVI,0.5,0.02,0.44,0.02,0.02,0.0,0.0,0.0,0.0,0.0,0.0,0.0,0.0,0.0,0.0
23,3,3,2,True,0.6469266754283443,0.11349912298084242,3,qUCB,0.56,0.18,0.16,0.0,0.0,0.0,0.0,0.0,0.04,0.0,0.0,0.0,0.0,0.04,0.02
23,3,3,2,True,0.6469266754283443,0.11349912298084242,4,qUCB,0.0,0.12,0.8,0.0,0.0,0.0,0.0,0.0,0.04,0.0,0.0,0.0,0.0,0.0,0.04
23,4,2,3,False,0.5776353326819982,0.026896402886422033,0,qEHVI,0.34,0.24,0.32,0.02,0.02,0.0,0.0,0.0,0.0,0.0,0.0,0.04,0.0,0.0,0.02
23,4,2,3,False,0.5776353326819982,0.026896402886422033,1,qEHVI,0.46,0.0,0.46,0.0,0.02,0.0,0.0,0.0,0.0,0.0,0.0,0.04,0.0,0.0,0.02
23,4,2,3,False,0.5776353326819982,0.026896402886422033,2,qUCB,0.48,0.0,0.42,0.02,0.0,0.0,0.0,0.0,0.04,0.0,0.0,0.0,0.0,0.04,0.0
23,4,2,3,False,0.5776353326819982,0.026896402886422033,3,qUCB,0.16,0.0,0.8,0.0,0.0,0.0,0.0,0.0,0.04,0.0,0.0,0.0,0.0,0.0,0.0
23,4,2,3,False,0.5776353326819982,0.026896402886422033,4,qUCB,0.04,0.14,0.72,0.04,0.0,0.0,0.0,0.0,0.04,0.0,0.0,0.0,0.0,0.02,0.0
23,5,1,4,False,0.3940306960609687,0.3037813576407524,0,qEHVI,0.34,0.24,0.32,0.02,0.02,0.0,0.0,0.0,0.0,0.0,0.0,0.04,0.0,0.0,0.02
23,5,1,4,False,0.3940306960609687,0.3037813576407524,1,qUCB,0.48,0.0,0.42,0.02,0.0,0.0,0.0,0.0,0.04,0.0,0.0,0.0,0.0,0.04,0.0
23,5,1,4,False,0.3940306960609687,0.3037813576407524,2,qUCB,0.16,0.0,0.8,0.0,0.0,0.0,0.0,0.0,0.04,0.0,0.0,0.0,0.0,0.0,0.0
23,5,1,4,False,0.3940306960609687,0.3037813576407524,3,qUCB,0.04,0.14,0.72,0.04,0.0,0.0,0.0,0.0,0.04,0.0,0.0,0.0,0.0,0.02,0.0
23,5,1,4,False,0.3940306960609687,0.3037813576407524,4,qUCB,0.08,0.62,0.2,0.04,0.0,0.0,0.0,0.0,0.02,0.0,0.0,0.0,0.0,0.04,0.0
23,6,0,5,False,0.25606561793096105,0.02477600595137197,0,qUCB,0.46,0.02,0.42,0.04,0.0,0.0,0.0,0.0,0.0,0.0,0.0,0.04,0.0,0.0,0.02
23,6,0,5,False,0.25606561793096105,0.02477600595137197,1,qUCB,0.16,0.0,0.8,0.0,0.0,0.0,0.0,0.0,0.04,0.0,0.0,0.0,0.0,0.0,0.0
23,6,0,5,False,0.25606561793096105,0.02477600595137197,2,qUCB,0.0,0.18,0.72,0.04,0.02,0.0,0.0,0.0,0.02,0.0,0.0,0.0,0.0,0.02,0.0
23,6,0,5,False,0.25606561793096105,0.02477600595137197,3,qUCB,0.2,0.56,0.2,0.04,0.0,0.0,0.0,0.0,0.0,0.0,0.0,0.0,0.0,0.0,0.0
23,6,0,5,False,0.25606561793096105,0.02477600595137197,4,qUCB,0.12,0.02,0.76,0.04,0.02,0.0,0.0,0.0,0.0,0.0,0.0,0.0,0.0,0.04,0.0
24,1,5,0,True,0.6865767993810801,0.17689724565748577,0,qEHVI,0.4,0.2,0.3,0.02,0.0,0.0,0.0,0.0,0.0,0.0,0.0,0.02,0.0,0.02,0.04
24,1,5,0,True,0.6865767993810801,0.17689724565748577,1,qEHVI,0.5,0.0,0.44,0.02,0.0,0.0,0.0,0.0,0.0,0.0,0.0,0.04,0.0,0.0,0.0
24,1,5,0,True,0.6865767993810801,0.17689724565748577,2,qEHVI,0.7000000000000001,0.0,0.2,0.0,0.0,0.0,0.0,0.0,0.04,0.0,0.0,0.04,0.0,0.02,0.0
24,1,5,0,True,0.6865767993810801,0.17689724565748577,3,qEHVI,0.34,0.0,0.64,0.0,0.0,0.0,0.0,0.0,0.0,0.0,0.0,0.0,0.0,0.02,0.0
24,1,5,0,True,0.6865767993810801,0.17689724565748577,4,qEHVI,0.42,0.12,0.36,0.04,0.0,0.0,0.0,0.0,0.0,0.0,0.0,0.0,0.0,0.04,0.02
24,2,4,1,False,0.6637119718220538,0.1446512553331054,0,qEHVI,0.4,0.2,0.3,0.02,0.0,0.0,0.0,0.0,0.0,0.0,0.0,0.02,0.0,0.02,0.04
24,2,4,1,False,0.6637119718220538,0.1446512553331054,1,qEHVI,0.5,0.0,0.44,0.02,0.0,0.0,0.0,0.0,0.0,0.0,0.0,0.04,0.0,0.0,0.0
24,2,4,1,False,0.6637119718220538,0.1446512553331054,2,qEHVI,0.7000000000000001,0.0,0.2,0.0,0.0,0.0,0.0,0.0,0.04,0.0,0.0,0.04,0.0,0.02,0.0
24,2,4,1,False,0.6637119718220538,0.1446512553331054,3,qEHVI,0.34,0.0,0.64,0.0,0.0,0.0,0.0,0.0,0.0,0.0,0.0,0.0,0.0,0.02,0.0
24,2,4,1,False,0.6637119718220538,0.1446512553331054,4,qUCB,0.42,0.08,0.4,0.04,0.04,0.0,0.0,0.0,0.02,0.0,0.0,0.0,0.0,0.0,0.0
24,3,3,2,False,0.5899771654282391,0.017833605324460322,0,qEHVI,0.4,0.2,0.3,0.02,0.0,0.0,0.0,0.0,0.0,0.0,0.0,0.02,0.0,0.02,0.04
24,3,3,2,False,0.5899771654282391,0.017833605324460322,1,qEHVI,0.5,0.0,0.44,0.02,0.0,0.0,0.0,0.0,0.0,0.0,0.0,0.04,0.0,0.0,0.0
24,3,3,2,False,0.5899771654282391,0.017833605324460322,2,qEHVI,0.7000000000000001,0.0,0.2,0.0,0.0,0.0,0.0,0.0,0.04,0.0,0.0,0.04,0.0,0.02,0.0
24,3,3,2,False,0.5899771654282391,0.017833605324460322,3,qUCB,0.42,0.08,0.4,0.04,0.04,0.0,0.0,0.0,0.02,0.0,0.0,0.0,0.0,0.0,0.0
24,3,3,2,False,0.5899771654282391,0.017833605324460322,4,qUCB,0.0,0.18,0.74,0.04,0.04,0.0,0.0,0.0,0.0,0.0,0.0,0.0,0.0,0.0,0.0
24,4,2,3,False,0.39216973206641265,0.09455858100638981,0,qEHVI,0.4,0.2,0.3,0.02,0.0,0.0,0.0,0.0,0.0,0.0,0.0,0.02,0.0,0.02,0.04
24,4,2,3,False,0.39216973206641265,0.09455858100638981,1,qEHVI,0.5,0.0,0.44,0.02,0.0,0.0,0.0,0.0,0.0,0.0,0.0,0.04,0.0,0.0,0.0
24,4,2,3,False,0.39216973206641265,0.09455858100638981,2,qUCB,0.38,0.48,0.06,0.0,0.04,0.0,0.0,0.0,0.04,0.0,0.0,0.0,0.0,0.0,0.0
24,4,2,3,False,0.39216973206641265,0.09455858100638981,3,qUCB,0.26,0.2,0.46,0.0,0.04,0.0,0.0,0.0,0.04,0.0,0.0,0.0,0.0,0.0,0.0
24,4,2,3,False,0.39216973206641265,0.09455858100638981,4,qUCB,0.0,0.18,0.74,0.04,0.04,0.0,0.0,0.0,0.0,0.0,0.0,0.0,0.0,0.0,0.0
24,5,1,4,False,0.39395051354199445,0.01847073934092247,0,qEHVI,0.4,0.2,0.3,0.02,0.0,0.0,0.0,0.0,0.0,0.0,0.0,0.02,0.0,0.02,0.04
24,5,1,4,False,0.39395051354199445,0.01847073934092247,1,qUCB,0.44,0.12,0.34,0.02,0.04,0.0,0.0,0.0,0.04,0.0,0.0,0.0,0.0,0.0,0.0
24,5,1,4,False,0.39395051354199445,0.01847073934092247,2,qUCB,0.0,0.18,0.74,0.04,0.04,0.0,0.0,0.0,0.0,0.0,0.0,0.0,0.0,0.0,0.0
24,5,1,4,False,0.39395051354199445,0.01847073934092247,3,qUCB,0.26,0.2,0.46,0.0,0.04,0.0,0.0,0.0,0.04,0.0,0.0,0.0,0.0,0.0,0.0
24,5,1,4,False,0.39395051354199445,0.01847073934092247,4,qUCB,0.4,0.06,0.44,0.02,0.04,0.0,0.0,0.0,0.04,0.0,0.0,0.0,0.0,0.0,0.0
24,6,0,5,False,0.25807359863298984,0.03670871755596483,0,qUCB,0.38,0.1,0.42,0.04,0.02,0.0,0.0,0.0,0.0,0.0,0.0,0.0,0.0,0.04,0.0
24,6,0,5,False,0.25807359863298984,0.03670871755596483,1,qUCB,0.16,0.0,0.76,0.04,0.0,0.0,0.0,0.0,0.0,0.0,0.0,0.0,0.0,0.04,0.0
24,6,0,5,False,0.25807359863298984,0.03670871755596483,2,qUCB,0.4,0.44,0.06,0.04,0.02,0.0,0.0,0.0,0.0,0.0,0.0,0.04,0.0,0.0,0.0
24,6,0,5,False,0.25807359863298984,0.03670871755596483,3,qUCB,0.0,0.2,0.7000000000000001,0.04,0.0,0.0,0.0,0.0,0.0,0.0,0.0,0.0,0.0,0.04,0.02
24,6,0,5,False,0.25807359863298984,0.03670871755596483,4,qUCB,0.28,0.0,0.7000000000000001,0.0,0.0,0.0,0.0,0.0,0.0,0.0,0.0,0.0,0.0,0.0,0.02
25,1,5,0,False,0.6774300100810596,0.12423915446073863,0,qEHVI,0.38,0.22,0.3,0.02,0.04,0.0,0.0,0.0,0.0,0.0,0.0,0.04,0.0,0.0,0.0
25,1,5,0,False,0.6774300100810596,0.12423915446073863,1,qEHVI,0.66,0.0,0.3,0.0,0.0,0.0,0.0,0.0,0.0,0.0,0.0,0.0,0.0,0.04,0.0
25,1,5,0,False,0.6774300100810596,0.12423915446073863,2,qEHVI,0.38,0.06,0.46,0.04,0.02,0.0,0.0,0.0,0.0,0.0,0.0,0.0,0.0,0.0,0.04
25,1,5,0,False,0.6774300100810596,0.12423915446073863,3,qEHVI,0.4,0.18,0.32,0.02,0.0,0.0,0.0,0.0,0.02,0.0,0.0,0.04,0.0,0.02,0.0
25,1,5,0,False,0.6774300100810596,0.12423915446073863,4,qEHVI,0.72,0.14,0.04,0.0,0.0,0.0,0.0,0.0,0.02,0.0,0.0,0.04,0.0,0.0,0.04
25,2,4,1,True,0.6270096865692388,0.15825475110337983,0,qEHVI,0.38,0.22,0.3,0.02,0.04,0.0,0.0,0.0,0.0,0.0,0.0,0.04,0.0,0.0,0.0
25,2,4,1,True,0.6270096865692388,0.15825475110337983,1,qEHVI,0.66,0.0,0.3,0.0,0.0,0.0,0.0,0.0,0.0,0.0,0.0,0.0,0.0,0.04,0.0
25,2,4,1,True,0.6270096865692388,0.15825475110337983,2,qEHVI,0.38,0.06,0.46,0.04,0.02,0.0,0.0,0.0,0.0,0.0,0.0,0.0,0.0,0.0,0.04
25,2,4,1,True,0.6270096865692388,0.15825475110337983,3,qEHVI,0.18,0.02,0.76,0.04,0.0,0.0,0.0,0.0,0.0,0.0,0.0,0.0,0.0,0.0,0.0
25,2,4,1,True,0.6270096865692388,0.15825475110337983,4,qUCB,0.4,0.5,0.02,0.0,0.0,0.0,0.0,0.0,0.04,0.0,0.0,0.02,0.0,0.0,0.02
25,3,3,2,False,0.5069841234127564,0.06260252725672899,0,qEHVI,0.38,0.22,0.3,0.02,0.04,0.0,0.0,0.0,0.0,0.0,0.0,0.04,0.0,0.0,0.0
25,3,3,2,False,0.5069841234127564,0.06260252725672899,1,qEHVI,0.66,0.0,0.3,0.0,0.0,0.0,0.0,0.0,0.0,0.0,0.0,0.0,0.0,0.04,0.0
25,3,3,2,False,0.5069841234127564,0.06260252725672899,2,qEHVI,0.38,0.06,0.46,0.04,0.02,0.0,0.0,0.0,0.0,0.0,0.0,0.0,0.0,0.0,0.04
25,3,3,2,False,0.5069841234127564,0.06260252725672899,3,qUCB,0.4,0.5,0.02,0.0,0.0,0.0,0.0,0.0,0.04,0.0,0.0,0.02,0.0,0.0,0.02
25,3,3,2,False,0.5069841234127564,0.06260252725672899,4,qUCB,0.28,0.42,0.2,0.04,0.0,0.0,0.0,0.0,0.04,0.0,0.0,0.0,0.0,0.02,0.0
25,4,2,3,False,0.41097098829964174,0.43959982531472264,0,qEHVI,0.38,0.22,0.3,0.02,0.04,0.0,0.0,0.0,0.0,0.0,0.0,0.04,0.0,0.0,0.0
25,4,2,3,False,0.41097098829964174,0.43959982531472264,1,qEHVI,0.66,0.0,0.3,0.0,0.0,0.0,0.0,0.0,0.0,0.0,0.0,0.0,0.0,0.04,0.0
25,4,2,3,False,0.41097098829964174,0.43959982531472264,2,qUCB,0.3,0.18,0.44,0.04,0.0,0.0,0.0,0.0,0.04,0.0,0.0,0.0,0.0,0.0,0.0
25,4,2,3,False,0.41097098829964174,0.43959982531472264,3,qUCB,0.26,0.44,0.2,0.04,0.0,0.0,0.0,0.0,0.02,0.0,0.0,0.0,0.0,0.0,0.04
25,4,2,3,False,0.41097098829964174,0.43959982531472264,4,qUCB,0.16,0.68,0.06,0.02,0.0,0.0,0.0,0.0,0.04,0.0,0.0,0.0,0.0,0.0,0.04
25,5,1,4,False,0.34573192747122095,0.06779780277595293,0,qEHVI,0.38,0.22,0.3,0.02,0.04,0.0,0.0,0.0,0.0,0.0,0.0,0.04,0.0,0.0,0.0
25,5,1,4,False,0.34573192747122095,0.06779780277595293,1,qUCB,0.46,0.02,0.42,0.02,0.0,0.0,0.0,0.0,0.0,0.0,0.0,0.0,0.0,0.04,0.04
25,5,1,4,False,0.34573192747122095,0.06779780277595293,2,qUCB,0.14,0.02,0.76,0.04,0.0,0.0,0.0,0.0,0.0,0.0,0.0,0.0,0.0,0.04,0.0
25,5,1,4,False,0.34573192747122095,0.06779780277595293,3,qUCB,0.26,0.44,0.2,0.04,0.0,0.0,0.0,0.0,0.02,0.0,0.0,0.0,0.0,0.0,0.04
25,5,1,4,False,0.34573192747122095,0.06779780277595293,4,qUCB,0.02,0.14,0.74,0.04,0.0,0.0,0.0,0.0,0.02,0.0,0.0,0.0,0.0,0.02,0.02
25,6,0,5,False,0.22267207241770623,0.0518560949163982,0,qUCB,0.42,0.06,0.42,0.04,0.02,0.0,0.0,0.0,0.0,0.0,0.0,0.02,0.0,0.02,0.0
25,6,0,5,False,0.22267207241770623,0.0518560949163982,1,qUCB,0.18,0.02,0.76,0.04,0.0,0.0,0.0,0.0,0.0,0.0,0.0,0.0,0.0,0.0,0.0
25,6,0,5,False,0.22267207241770623,0.0518560949163982,2,qUCB,0.0,0.2,0.72,0.04,0.0,0.0,0.0,0.0,0.0,0.0,0.0,0.02,0.0,0.02,0.0
25,6,0,5,False,0.22267207241770623,0.0518560949163982,3,qUCB,0.26,0.44,0.2,0.04,0.0,0.0,0.0,0.0,0.02,0.0,0.0,0.0,0.0,0.0,0.04
25,6,0,5,False,0.22267207241770623,0.0518560949163982,4,qUCB,0.18,0.0,0.74,0.04,0.02,0.0,0.0,0.0,0.0,0.0,0.0,0.0,0.0,0.0,0.02
26,1,5,0,True,0.6593119613575124,0.2810648619447882,0,qEHVI,0.36,0.24,0.3,0.02,0.0,0.0,0.0,0.0,0.04,0.0,0.0,0.0,0.0,0.0,0.04
26,1,5,0,True,0.6593119613575124,0.2810648619447882,1,qEHVI,0.36,0.24,0.32,0.02,0.02,0.0,0.0,0.0,0.0,0.0,0.0,0.04,0.0,0.0,0.0
26,1,5,0,True,0.6593119613575124,0.2810648619447882,2,qEHVI,0.74,0.14,0.02,0.0,0.02,0.0,0.0,0.0,0.0,0.0,0.0,0.04,0.0,0.0,0.04
26,1,5,0,True,0.6593119613575124,0.2810648619447882,3,qEHVI,0.34,0.16,0.4,0.04,0.04,0.0,0.0,0.0,0.0,0.0,0.0,0.0,0.0,0.0,0.02
26,1,5,0,True,0.6593119613575124,0.2810648619447882,4,qEHVI,0.5,0.0,0.44,0.0,0.0,0.0,0.0,0.0,0.0,0.0,0.0,0.0,0.0,0.04,0.02
26,2,4,1,False,0.5815625378823276,0.08600347114797113,0,qEHVI,0.36,0.24,0.3,0.02,0.0,0.0,0.0,0.0,0.04,0.0,0.0,0.0,0.0,0.0,0.04
26,2,4,1,False,0.5815625378823276,0.08600347114797113,1,qEHVI,0.36,0.24,0.32,0.02,0.02,0.0,0.0,0.0,0.0,0.0,0.0,0.04,0.0,0.0,0.0
26,2,4,1,False,0.5815625378823276,0.08600347114797113,2,qEHVI,0.74,0.14,0.02,0.0,0.02,0.0,0.0,0.0,0.0,0.0,0.0,0.04,0.0,0.0,0.04
26,2,4,1,False,0.5815625378823276,0.08600347114797113,3,qEHVI,0.0,0.18,0.72,0.04,0.02,0.0,0.0,0.0,0.0,0.0,0.0,0.04,0.0,0.0,0.0
26,2,4,1,False,0.5815625378823276,0.08600347114797113,4,qUCB,0.44,0.08,0.38,0.04,0.0,0.0,0.0,0.0,0.0,0.0,0.0,0.0,0.0,0.04,0.02
26,3,3,2,False,0.5784640122283025,0.532812343908704,0,qEHVI,0.36,0.24,0.3,0.02,0.0,0.0,0.0,0.0,0.04,0.0,0.0,0.0,0.0,0.0,0.04
26,3,3,2,False,0.5784640122283025,0.532812343908704,1,qEHVI,0.36,0.24,0.32,0.02,0.02,0.0,0.0,0.0,0.0,0.0,0.0,0.04,0.0,0.0,0.0
26,3,3,2,False,0.5784640122283025,0.532812343908704,2,qEHVI,0.74,0.14,0.02,0.0,0.02,0.0,0.0,0.0,0.0,0.0,0.0,0.04,0.0,0.0,0.04
26,3,3,2,False,0.5784640122283025,0.532812343908704,3,qUCB,0.44,0.08,0.38,0.04,0.0,0.0,0.0,0.0,0.0,0.0,0.0,0.0,0.0,0.04,0.02
26,3,3,2,False,0.5784640122283025,0.532812343908704,4,qUCB,0.02,0.2,0.7000000000000001,0.04,0.0,0.0,0.0,0.0,0.0,0.0,0.0,0.0,0.0,0.04,0.0
26,4,2,3,False,0.446972757742258,0.07184661045608864,0,qEHVI,0.36,0.24,0.3,0.02,0.0,0.0,0.0,0.0,0.04,0.0,0.0,0.0,0.0,0.0,0.04
26,4,2,3,False,0.446972757742258,0.07184661045608864,1,qEHVI,0.36,0.24,0.32,0.02,0.02,0.0,0.0,0.0,0.0,0.0,0.0,0.04,0.0,0.0,0.0
26,4,2,3,False,0.446972757742258,0.07184661045608864,2,qUCB,0.44,0.08,0.38,0.04,0.0,0.0,0.0,0.0,0.0,0.0,0.0,0.0,0.0,0.04,0.02
26,4,2,3,False,0.446972757742258,0.07184661045608864,3,qUCB,0.02,0.2,0.7000000000000001,0.04,0.0,0.0,0.0,0.0,0.0,0.0,0.0,0.0,0.0,0.04,0.0
26,4,2,3,False,0.446972757742258,0.07184661045608864,4,qUCB,0.0,0.48,0.42,0.04,0.02,0.0,0.0,0.0,0.0,0.0,0.0,0.0,0.0,0.04,0.0
26,5,1,4,False,0.30903571598469826,0.146894486299475,0,qEHVI,0.36,0.24,0.3,0.02,0.0,0.0,0.0,0.0,0.04,0.0,0.0,0.0,0.0,0.0,0.04
26,5,1,4,False,0.30903571598469826,0.146894486299475,1,qUCB,0.58,0.28,0.04,0.0,0.02,0.0,0.0,0.0,0.0,0.0,0.0,0.04,0.0,0.04,0.0
26,5,1,4,False,0.30903571598469826,0.146894486299475,2,qUCB,0.0,0.18,0.72,0.04,0.02,0.0,0.0,0.0,0.0,0.0,0.0,0.04,0.0,0.0,0.0
26,5,1,4,False,0.30903571598469826,0.146894486299475,3,qUCB,0.6,0.16,0.14,0.0,0.04,0.0,0.0,0.0,0.0,0.0,0.0,0.04,0.0,0.02,0.0
26,5,1,4,False,0.30903571598469826,0.146894486299475,4,qUCB,0.0,0.48,0.42,0.04,0.02,0.0,0.0,0.0,0.0,0.0,0.0,0.0,0.0,0.04,0.0
26,6,0,5,False,0.2270156908161132,0.034543745670776005,0,qUCB,0.44,0.06,0.4,0.04,0.02,0.0,0.0,0.0,0.0,0.0,0.0,0.0,0.0,0.04,0.0
26,6,0,5,False,0.2270156908161132,0.034543745670776005,1,qUCB,0.0,0.26,0.7000000000000001,0.04,0.0,0.0,0.0,0.0,0.0,0.0,0.0,0.0,0.0,0.0,0.0
26,6,0,5,False,0.2270156908161132,0.034543745670776005,2,qUCB,0.3,0.4,0.2,0.04,0.0,0.0,0.0,0.0,0.02,0.0,0.0,0.0,0.0,0.0,0.04
26,6,0,5,False,0.2270156908161132,0.034543745670776005,3,qUCB,0.28,0.56,0.06,0.04,0.0,0.0,0.0,0.0,0.0,0.0,0.0,0.04,0.0,0.02,0.0
26,6,0,5,False,0.2270156908161132,0.034543745670776005,4,qUCB,0.0,0.48,0.42,0.04,0.02,0.0,0.0,0.0,0.0,0.0,0.0,0.0,0.0,0.04,0.0
27,1,5,0,True,0.57342784463548,0.11418407663388486,0,qEHVI,0.38,0.22,0.3,0.02,0.02,0.0,0.0,0.0,0.0,0.0,0.0,0.02,0.0,0.0,0.04
27,1,5,0,True,0.57342784463548,0.11418407663388486,1,qEHVI,0.4,0.18,0.34,0.04,0.0,0.0,0.0,0.0,0.0,0.0,0.0,0.04,0.0,0.0,0.0
27,1,5,0,True,0.57342784463548,0.11418407663388486,2,qEHVI,0.38,0.14,0.4,0.04,0.0,0.0,0.0,0.0,0.0,0.0,0.0,0.04,0.0,0.0,0.0
27,1,5,0,True,0.57342784463548,0.11418407663388486,3,qEHVI,0.38,0.06,0.46,0.0,0.04,0.0,0.0,0.0,0.02,0.0,0.0,0.0,0.0,0.02,0.02
27,1,5,0,True,0.57342784463548,0.11418407663388486,4,qEHVI,0.02,0.16,0.72,0.04,0.0,0.0,0.0,0.0,0.04,0.0,0.0,0.0,0.0,0.0,0.02
27,2,4,1,False,0.5499463731272084,0.14018211746540743,0,qEHVI,0.38,0.22,0.3,0.02,0.02,0.0,0.0,0.0,0.0,0.0,0.0,0.02,0.0,0.0,0.04
27,2,4,1,False,0.5499463731272084,0.14018211746540743,1,qEHVI,0.4,0.18,0.34,0.04,0.0,0.0,0.0,0.0,0.0,0.0,0.0,0.04,0.0,0.0,0.0
27,2,4,1,False,0.5499463731272084,0.14018211746540743,2,qEHVI,0.38,0.14,0.4,0.04,0.0,0.0,0.0,0.0,0.0,0.0,0.0,0.04,0.0,0.0,0.0
27,2,4,1,False,0.5499463731272084,0.14018211746540743,3,qEHVI,0.38,0.06,0.46,0.0,0.04,0.0,0.0,0.0,0.02,0.0,0.0,0.0,0.0,0.02,0.02
27,2,4,1,False,0.5499463731272084,0.14018211746540743,4,qUCB,0.38,0.12,0.4,0.04,0.0,0.0,0.0,0.0,0.04,0.0,0.0,0.0,0.0,0.02,0.0
27,3,3,2,False,0.403917803085282,0.2194850260984893,0,qEHVI,0.38,0.22,0.3,0.02,0.02,0.0,0.0,0.0,0.0,0.0,0.0,0.02,0.0,0.0,0.04
27,3,3,2,False,0.403917803085282,0.2194850260984893,1,qEHVI,0.4,0.18,0.34,0.04,0.0,0.0,0.0,0.0,0.0,0.0,0.0,0.04,0.0,0.0,0.0
27,3,3,2,False,0.403917803085282,0.2194850260984893,2,qEHVI,0.38,0.14,0.4,0.04,0.0,0.0,0.0,0.0,0.0,0.0,0.0,0.04,0.0,0.0,0.0
27,3,3,2,False,0.403917803085282,0.2194850260984893,3,qUCB,0.46,0.04,0.4,0.0,0.02,0.0,0.0,0.0,0.04,0.0,0.0,0.0,0.0,0.04,0.0
27,3,3,2,False,0.403917803085282,0.2194850260984893,4,qUCB,0.32,0.54,0.04,0.02,0.0,0.0,0.0,0.0,0.04,0.0,0.0,0.0,0.0,0.04,0.0
27,4,2,3,False,0.31330182363346115,0.24267869268899034,0,qEHVI,0.38,0.22,0.3,0.02,0.02,0.0,0.0,0.0,0.0,0.0,0.0,0.02,0.0,0.0,0.04
27,4,2,3,False,0.31330182363346115,0.24267869268899034,1,qEHVI,0.4,0.18,0.34,0.04,0.0,0.0,0.0,0.0,0.0,0.0,0.0,0.04,0.0,0.0,0.0
27,4,2,3,False,0.31330182363346115,0.24267869268899034,2,qUCB,0.46,0.04,0.4,0.0,0.02,0.0,0.0,0.0,0.04,0.0,0.0,0.0,0.0,0.04,0.0
27,4,2,3,False,0.31330182363346115,0.24267869268899034,3,qUCB,0.32,0.54,0.04,0.02,0.0,0.0,0.0,0.0,0.04,0.0,0.0,0.0,0.0,0.04,0.0
27,4,2,3,False,0.31330182363346115,0.24267869268899034,4,qUCB,0.32,0.16,0.44,0.0,0.0,0.0,0.0,0.0,0.04,0.0,0.0,0.0,0.0,0.04,0.0
27,5,1,4,False,0.24654361561273921,0.3459514076710928,0,qEHVI,0.38,0.22,0.3,0.02,0.02,0.0,0.0,0.0,0.0,0.0,0.0,0.02,0.0,0.0,0.04
27,5,1,4,False,0.24654361561273921,0.3459514076710928,1,qUCB,0.5,0.08,0.32,0.02,0.0,0.0,0.0,0.0,0.04,0.0,0.0,0.0,0.0,0.04,0.0
27,5,1,4,False,0.24654361561273921,0.3459514076710928,2,qUCB,0.32,0.54,0.04,0.02,0.0,0.0,0.0,0.0,0.04,0.0,0.0,0.0,0.0,0.04,0.0
27,5,1,4,False,0.24654361561273921,0.3459514076710928,3,qUCB,0.32,0.16,0.44,0.0,0.0,0.0,0.0,0.0,0.04,0.0,0.0,0.0,0.0,0.04,0.0
27,5,1,4,False,0.24654361561273921,0.3459514076710928,4,qUCB,0.24,0.48,0.18,0.04,0.0,0.0,0.0,0.0,0.02,0.0,0.0,0.0,0.0,0.04,0.0
27,6,0,5,False,0.23895226848696935,0.43375459340359024,0,qUCB,0.42,0.08,0.4,0.04,0.02,0.0,0.0,0.0,0.0,0.0,0.0,0.0,0.0,0.04,0.0
27,6,0,5,False,0.23895226848696935,0.43375459340359024,1,qUCB,0.3,0.46,0.2,0.04,0.0,0.0,0.0,0.0,0.0,0.0,0.0,0.0,0.0,0.0,0.0
27,6,0,5,False,0.23895226848696935,0.43375459340359024,2,qUCB,0.46,0.4,0.06,0.04,0.0,0.0,0.0,0.0,0.0,0.0,0.0,0.04,0.0,0.0,0.0
27,6,0,5,False,0.23895226848696935,0.43375459340359024,3,qUCB,0.02,0.18,0.7000000000000001,0.04,0.0,0.0,0.0,0.0,0.0,0.0,0.0,0.0,0.0,0.02,0.04
27,6,0,5,False,0.23895226848696935,0.43375459340359024,4,qUCB,0.28,0.56,0.06,0.04,0.02,0.0,0.0,0.0,0.0,0.0,0.0,0.0,0.0,0.04,0.0
28,1,5,0,True,0.46365809492029425,0.15203617918051648,0,qEHVI,0.4,0.22,0.3,0.02,0.04,0.0,0.0,0.0,0.02,0.0,0.0,0.0,0.0,0.0,0.0
28,1,5,0,True,0.46365809492029425,0.15203617918051648,1,qEHVI,0.46,0.0,0.44,0.02,0.04,0.0,0.0,0.0,0.0,0.0,0.0,0.0,0.0,0.02,0.02
28,1,5,0,True,0.46365809492029425,0.15203617918051648,2,qEHVI,0.38,0.18,0.34,0.04,0.02,0.0,0.0,0.0,0.0,0.0,0.0,0.04,0.0,0.0,0.0
28,1,5,0,True,0.46365809492029425,0.15203617918051648,3,qEHVI,0.58,0.02,0.3,0.0,0.0,0.0,0.0,0.0,0.04,0.0,0.0,0.0,0.0,0.04,0.02
28,1,5,0,True,0.46365809492029425,0.15203617918051648,4,qEHVI,0.36,0.14,0.4,0.04,0.02,0.0,0.0,0.0,0.0,0.0,0.0,0.02,0.0,0.02,0.0
28,2,4,1,False,0.39359638225557775,0.09028113523096515,0,qEHVI,0.4,0.22,0.3,0.02,0.04,0.0,0.0,0.0,0.02,0.0,0.0,0.0,0.0,0.0,0.0
28,2,4,1,False,0.39359638225557775,0.09028113523096515,1,qEHVI,0.46,0.0,0.44,0.02,0.04,0.0,0.0,0.0,0.0,0.0,0.0,0.0,0.0,0.02,0.02
28,2,4,1,False,0.39359638225557775,0.09028113523096515,2,qEHVI,0.38,0.18,0.34,0.04,0.02,0.0,0.0,0.0,0.0,0.0,0.0,0.04,0.0,0.0,0.0
28,2,4,1,False,0.39359638225557775,0.09028113523096515,3,qEHVI,0.58,0.02,0.3,0.0,0.0,0.0,0.0,0.0,0.04,0.0,0.0,0.0,0.0,0.04,0.02
28,2,4,1,False,0.39359638225557775,0.09028113523096515,4,qUCB,0.38,0.5,0.02,0.0,0.0,0.0,0.0,0.0,0.02,0.0,0.0,0.04,0.0,0.0,0.04
28,3,3,2,False,0.3292763679923605,0.1405877932734345,0,qEHVI,0.4,0.22,0.3,0.02,0.04,0.0,0.0,0.0,0.02,0.0,0.0,0.0,0.0,0.0,0.0
28,3,3,2,False,0.3292763679923605,0.1405877932734345,1,qEHVI,0.46,0.0,0.44,0.02,0.04,0.0,0.0,0.0,0.0,0.0,0.0,0.0,0.0,0.02,0.02
28,3,3,2,False,0.3292763679923605,0.1405877932734345,2,qEHVI,0.38,0.18,0.34,0.04,0.02,0.0,0.0,0.0,0.0,0.0,0.0,0.04,0.0,0.0,0.0
28,3,3,2,False,0.3292763679923605,0.1405877932734345,3,qUCB,0.38,0.5,0.02,0.0,0.0,0.0,0.0,0.0,0.02,0.0,0.0,0.04,0.0,0.0,0.04
28,3,3,2,False,0.3292763679923605,0.1405877932734345,4,qUCB,0.22,0.64,0.06,0.04,0.0,0.0,0.0,0.0,0.0,0.0,0.0,0.0,0.0,0.0,0.04
28,4,2,3,False,0.2786310848408592,0.12933327696181252,0,qEHVI,0.4,0.22,0.3,0.02,0.04,0.0,0.0,0.0,0.02,0.0,0.0,0.0,0.0,0.0,0.0
28,4,2,3,False,0.2786310848408592,0.12933327696181252,1,qEHVI,0.46,0.0,0.44,0.02,0.04,0.0,0.0,0.0,0.0,0.0,0.0,0.0,0.0,0.02,0.02
28,4,2,3,False,0.2786310848408592,0.12933327696181252,2,qUCB,0.38,0.5,0.02,0.0,0.0,0.0,0.0,0.0,0.02,0.0,0.0,0.04,0.0,0.0,0.04
28,4,2,3,False,0.2786310848408592,0.12933327696181252,3,qUCB,0.24,0.64,0.04,0.0,0.0,0.0,0.0,0.0,0.0,0.0,0.0,0.04,0.0,0.04,0.0
28,4,2,3,False,0.2786310848408592,0.12933327696181252,4,qUCB,0.0,0.72,0.18,0.04,0.0,0.0,0.0,0.0,0.0,0.0,0.0,0.02,0.0,0.04,0.0
28,5,1,4,False,0.17142986791247652,0.060419161464094095,0,qEHVI,0.4,0.22,0.3,0.02,0.04,0.0,0.0,0.0,0.02,0.0,0.0,0.0,0.0,0.0,0.0
28,5,1,4,False,0.17142986791247652,0.060419161464094095,1,qUCB,0.48,0.36,0.06,0.0,0.0,0.0,0.0,0.0,0.0,0.0,0.0,0.02,0.0,0.04,0.04
28,5,1,4,False,0.17142986791247652,0.060419161464094095,2,qUCB,0.0,0.72,0.18,0.04,0.0,0.0,0.0,0.0,0.0,0.0,0.0,0.02,0.0,0.04,0.0
28,5,1,4,False,0.17142986791247652,0.060419161464094095,3,qUCB,0.38,0.52,0.0,0.02,0.0,0.0,0.0,0.0,0.0,0.0,0.0,0.04,0.0,0.04,0.0
28,5,1,4,False,0.17142986791247652,0.060419161464094095,4,qUCB,0.28,0.56,0.06,0.02,0.0,0.0,0.0,0.0,0.0,0.0,0.0,0.04,0.0,0.04,0.0
28,6,0,5,False,0.18204898634510552,0.061612326133120066,0,qUCB,0.4,0.14,0.38,0.04,0.0,0.0,0.0,0.0,0.0,0.0,0.0,0.04,0.0,0.0,0.0
28,6,0,5,False,0.18204898634510552,0.061612326133120066,1,qUCB,0.28,0.48,0.2,0.04,0.0,0.0,0.0,0.0,0.0,0.0,0.0,0.0,0.0,0.0,0.0
28,6,0,5,False,0.18204898634510552,0.061612326133120066,2,qUCB,0.32,0.52,0.06,0.04,0.02,0.0,0.0,0.0,0.0,0.0,0.0,0.04,0.0,0.0,0.0
28,6,0,5,False,0.18204898634510552,0.061612326133120066,3,qUCB,0.32,0.58,0.0,0.04,0.04,0.0,0.0,0.0,0.0,0.0,0.0,0.02,0.0,0.0,0.0
28,6,0,5,False,0.18204898634510552,0.061612326133120066,4,qUCB,0.44,0.14,0.4,0.02,0.0,0.0,0.0,0.0,0.0,0.0,0.0,0.0,0.0,0.0,0.0
29,1,5,0,False,1.4435287631434983,0.02603264550815232,0,qEHVI,0.12,0.76,0.04,0.0,0.04,0.0,0.0,0.0,0.0,0.0,0.0,0.04,0.0,0.0,0.0
29,1,5,0,False,1.4435287631434983,0.02603264550815232,1,qEHVI,0.26,0.6,0.04,0.0,0.02,0.0,0.0,0.0,0.0,0.0,0.0,0.04,0.0,0.0,0.04
29,1,5,0,False,1.4435287631434983,0.02603264550815232,2,qEHVI,0.5,0.06,0.34,0.02,0.04,0.0,0.0,0.0,0.0,0.0,0.0,0.0,0.0,0.0,0.04
29,1,5,0,False,1.4435287631434983,0.02603264550815232,3,qEHVI,0.42,0.12,0.4,0.02,0.0,0.0,0.0,0.0,0.0,0.0,0.0,0.0,0.0,0.04,0.0
29,1,5,0,False,1.4435287631434983,0.02603264550815232,4,qEHVI,0.24,0.5,0.2,0.04,0.0,0.0,0.0,0.0,0.0,0.0,0.0,0.0,0.0,0.0,0.02
29,2,4,1,True,1.352539879361923,0.4449272815579113,0,qEHVI,0.12,0.76,0.04,0.0,0.04,0.0,0.0,0.0,0.0,0.0,0.0,0.04,0.0,0.0,0.0
29,2,4,1,True,1.352539879361923,0.4449272815579113,1,qEHVI,0.26,0.6,0.04,0.0,0.02,0.0,0.0,0.0,0.0,0.0,0.0,0.04,0.0,0.0,0.04
29,2,4,1,True,1.352539879361923,0.4449272815579113,2,qEHVI,0.5,0.06,0.34,0.02,0.04,0.0,0.0,0.0,0.0,0.0,0.0,0.0,0.0,0.0,0.04
29,2,4,1,True,1.352539879361923,0.4449272815579113,3,qEHVI,0.42,0.12,0.4,0.02,0.0,0.0,0.0,0.0,0.0,0.0,0.0,0.0,0.0,0.04,0.0
29,2,4,1,True,1.352539879361923,0.4449272815579113,4,qUCB,0.28,0.42,0.2,0.04,0.02,0.0,0.0,0.0,0.04,0.0,0.0,0.0,0.0,0.0,0.0
29,3,3,2,False,1.2765975060104575,0.04864326799745555,0,qEHVI,0.12,0.76,0.04,0.0,0.04,0.0,0.0,0.0,0.0,0.0,0.0,0.04,0.0,0.0,0.0
29,3,3,2,False,1.2765975060104575,0.04864326799745555,1,qEHVI,0.26,0.6,0.04,0.0,0.02,0.0,0.0,0.0,0.0,0.0,0.0,0.04,0.0,0.0,0.04
29,3,3,2,False,1.2765975060104575,0.04864326799745555,2,qEHVI,0.5,0.06,0.34,0.02,0.04,0.0,0.0,0.0,0.0,0.0,0.0,0.0,0.0,0.0,0.04
29,3,3,2,False,1.2765975060104575,0.04864326799745555,3,qUCB,0.38,0.32,0.2,0.04,0.0,0.0,0.0,0.0,0.04,0.0,0.0,0.0,0.0,0.02,0.0
29,3,3,2,False,1.2765975060104575,0.04864326799745555,4,qUCB,0.0,0.72,0.2,0.04,0.0,0.0,0.0,0.0,0.0,0.0,0.0,0.0,0.0,0.04,0.0
29,4,2,3,False,1.0038046269253962,0.2268831766518904,0,qEHVI,0.12,0.76,0.04,0.0,0.04,0.0,0.0,0.0,0.0,0.0,0.0,0.04,0.0,0.0,0.0
29,4,2,3,False,1.0038046269253962,0.2268831766518904,1,qEHVI,0.26,0.6,0.04,0.0,0.02,0.0,0.0,0.0,0.0,0.0,0.0,0.04,0.0,0.0,0.04
29,4,2,3,False,1.0038046269253962,0.2268831766518904,2,qUCB,0.38,0.32,0.2,0.04,0.0,0.0,0.0,0.0,0.04,0.0,0.0,0.0,0.0,0.02,0.0
29,4,2,3,False,1.0038046269253962,0.2268831766518904,3,qUCB,0.8,0.1,0.0,0.04,0.0,0.0,0.0,0.0,0.02,0.0,0.0,0.0,0.0,0.04,0.0
29,4,2,3,False,1.0038046269253962,0.2268831766518904,4,qUCB,0.6,0.06,0.24,0.04,0.0,0.0,0.0,0.0,0.04,0.0,0.0,0.0,0.0,0.02,0.0
29,5,1,4,False,0.8123665256226154,0.02169352834824423,0,qEHVI,0.12,0.76,0.04,0.0,0.04,0.0,0.0,0.0,0.0,0.0,0.0,0.04,0.0,0.0,0.0
29,5,1,4,False,0.8123665256226154,0.02169352834824423,1,qUCB,0.32,0.36,0.22,0.04,0.0,0.0,0.0,0.0,0.02,0.0,0.0,0.0,0.0,0.0,0.04
29,5,1,4,False,0.8123665256226154,0.02169352834824423,2,qUCB,0.8,0.1,0.0,0.04,0.0,0.0,0.0,0.0,0.02,0.0,0.0,0.0,0.0,0.04,0.0
29,5,1,4,False,0.8123665256226154,0.02169352834824423,3,qUCB,0.6,0.06,0.24,0.04,0.0,0.0,0.0,0.0,0.04,0.0,0.0,0.0,0.0,0.02,0.0
29,5,1,4,False,0.8123665256226154,0.02169352834824423,4,qUCB,0.08,0.62,0.2,0.04,0.0,0.0,0.0,0.0,0.0,0.0,0.0,0.0,0.0,0.02,0.04
29,6,0,5,False,0.93865195217744,0.025645243390906458,0,qUCB,0.3,0.56,0.04,0.0,0.04,0.0,0.0,0.0,0.0,0.0,0.0,0.04,0.0,0.02,0.0
29,6,0,5,False,0.93865195217744,0.025645243390906458,1,qUCB,0.24,0.5,0.2,0.04,0.0,0.0,0.0,0.0,0.0,0.0,0.0,0.0,0.0,0.0,0.02
29,6,0,5,False,0.93865195217744,0.025645243390906458,2,qUCB,0.0,0.72,0.2,0.04,0.0,0.0,0.0,0.0,0.0,0.0,0.0,0.0,0.0,0.04,0.0
29,6,0,5,False,0.93865195217744,0.025645243390906458,3,qUCB,0.0,0.8200000000000001,0.08,0.04,0.0,0.0,0.0,0.0,0.02,0.0,0.0,0.04,0.0,0.0,0.0
29,6,0,5,False,0.93865195217744,0.025645243390906458,4,qUCB,0.0,0.48,0.44,0.04,0.02,0.0,0.0,0.0,0.0,0.0,0.0,0.0,0.0,0.02,0.0
30,1,5,0,False,0.5820762575696331,0.005673765213579429,0,qEHVI,0.34,0.26,0.3,0.04,0.0,0.0,0.0,0.0,0.02,0.0,0.0,0.02,0.0,0.0,0.02
30,1,5,0,False,0.5820762575696331,0.005673765213579429,1,qEHVI,0.44,0.06,0.44,0.02,0.0,0.0,0.0,0.0,0.02,0.0,0.0,0.02,0.0,0.0,0.0
30,1,5,0,False,0.5820762575696331,0.005673765213579429,2,qEHVI,0.42,0.14,0.4,0.02,0.0,0.0,0.0,0.0,0.0,0.0,0.0,0.0,0.0,0.0,0.02
30,1,5,0,False,0.5820762575696331,0.005673765213579429,3,qEHVI,0.4,0.1,0.46,0.0,0.0,0.0,0.0,0.0,0.04,0.0,0.0,0.0,0.0,0.0,0.0
30,1,5,0,False,0.5820762575696331,0.005673765213579429,4,qEHVI,0.36,0.14,0.4,0.04,0.0,0.0,0.0,0.0,0.0,0.0,0.0,0.04,0.0,0.02,0.0
30,2,4,1,False,0.5147497116029406,0.10280002227533203,0,qEHVI,0.34,0.26,0.3,0.04,0.0,0.0,0.0,0.0,0.02,0.0,0.0,0.02,0.0,0.0,0.02
30,2,4,1,False,0.5147497116029406,0.10280002227533203,1,qEHVI,0.44,0.06,0.44,0.02,0.0,0.0,0.0,0.0,0.02,0.0,0.0,0.02,0.0,0.0,0.0
30,2,4,1,False,0.5147497116029406,0.10280002227533203,2,qEHVI,0.42,0.14,0.4,0.02,0.0,0.0,0.0,0.0,0.0,0.0,0.0,0.0,0.0,0.0,0.02
30,2,4,1,False,0.5147497116029406,0.10280002227533203,3,qEHVI,0.4,0.1,0.46,0.0,0.0,0.0,0.0,0.0,0.04,0.0,0.0,0.0,0.0,0.0,0.0
30,2,4,1,False,0.5147497116029406,0.10280002227533203,4,qUCB,0.52,0.32,0.06,0.0,0.04,0.0,0.0,0.0,0.0,0.0,0.0,0.02,0.0,0.04,0.0
30,3,3,2,False,0.45193440313954747,0.020253082754765117,0,qEHVI,0.34,0.26,0.3,0.04,0.0,0.0,0.0,0.0,0.02,0.0,0.0,0.02,0.0,0.0,0.02
30,3,3,2,False,0.45193440313954747,0.020253082754765117,1,qEHVI,0.44,0.06,0.44,0.02,0.0,0.0,0.0,0.0,0.02,0.0,0.0,0.02,0.0,0.0,0.0
30,3,3,2,False,0.45193440313954747,0.020253082754765117,2,qEHVI,0.42,0.14,0.4,0.02,0.0,0.0,0.0,0.0,0.0,0.0,0.0,0.0,0.0,0.0,0.02
30,3,3,2,False,0.45193440313954747,0.020253082754765117,3,qUCB,0.52,0.32,0.06,0.0,0.04,0.0,0.0,0.0,0.0,0.0,0.0,0.02,0.0,0.04,0.0
30,3,3,2,False,0.45193440313954747,0.020253082754765117,4,qUCB,0.2,0.18,0.52,0.0,0.04,0.0,0.0,0.0,0.0,0.0,0.0,0.02,0.0,0.04,0.0
30,4,2,3,True,0.34050916934267506,0.4680685165230898,0,qEHVI,0.34,0.26,0.3,0.04,0.0,0.0,0.0,0.0,0.02,0.0,0.0,0.02,0.0,0.0,0.02
30,4,2,3,True,0.34050916934267506,0.4680685165230898,1,qEHVI,0.44,0.06,0.44,0.02,0.0,0.0,0.0,0.0,0.02,0.0,0.0,0.02,0.0,0.0,0.0
30,4,2,3,True,0.34050916934267506,0.4680685165230898,2,qUCB,0.48,0.04,0.38,0.0,0.04,0.0,0.0,0.0,0.0,0.0,0.0,0.0,0.0,0.04,0.02
30,4,2,3,True,0.34050916934267506,0.4680685165230898,3,qUCB,0.62,0.16,0.12,0.0,0.04,0.0,0.0,0.0,0.0,0.0,0.0,0.0,0.0,0.02,0.04
30,4,2,3,True,0.34050916934267506,0.4680685165230898,4,qUCB,0.08,0.22,0.6,0.0,0.02,0.0,0.0,0.0,0.0,0.0,0.0,0.0,0.0,0.04,0.04
30,5,1,4,False,0.3076518836420148,0.17674377337582547,0,qEHVI,0.34,0.26,0.3,0.04,0.0,0.0,0.0,0.0,0.02,0.0,0.0,0.02,0.0,0.0,0.02
30,5,1,4,False,0.3076518836420148,0.17674377337582547,1,qUCB,0.48,0.04,0.38,0.0,0.04,0.0,0.0,0.0,0.0,0.0,0.0,0.0,0.0,0.04,0.02
30,5,1,4,False,0.3076518836420148,0.17674377337582547,2,qUCB,0.2,0.18,0.52,0.0,0.04,0.0,0.0,0.0,0.0,0.0,0.0,0.02,0.0,0.04,0.0
30,5,1,4,False,0.3076518836420148,0.17674377337582547,3,qUCB,0.22,0.0,0.72,0.0,0.04,0.0,0.0,0.0,0.02,0.0,0.0,0.0,0.0,0.0,0.0
30,5,1,4,False,0.3076518836420148,0.17674377337582547,4,qUCB,0.08,0.22,0.6,0.0,0.02,0.0,0.0,0.0,0.0,0.0,0.0,0.0,0.0,0.04,0.04
30,6,0,5,False,0.2196878477731029,0.05484026900811756,0,qUCB,0.4,0.12,0.42,0.04,0.0,0.0,0.0,0.0,0.0,0.0,0.0,0.0,0.0,0.02,0.0
30,6,0,5,False,0.2196878477731029,0.05484026900811756,1,qUCB,0.4,0.34,0.16,0.04,0.02,0.0,0.0,0.0,0.0,0.0,0.0,0.04,0.0,0.0,0.0
30,6,0,5,False,0.2196878477731029,0.05484026900811756,2,qUCB,0.0,0.78,0.16,0.04,0.0,0.0,0.0,0.0,0.0,0.0,0.0,0.0,0.0,0.0,0.02
30,6,0,5,False,0.2196878477731029,0.05484026900811756,3,qUCB,0.48,0.2,0.22,0.04,0.0,0.0,0.0,0.0,0.0,0.0,0.0,0.0,0.0,0.04,0.02
30,6,0,5,False,0.2196878477731029,0.05484026900811756,4,qUCB,0.46,0.26,0.18,0.04,0.04,0.0,0.0,0.0,0.0,0.0,0.0,0.0,0.0,0.0,0.02
31,1,5,0,False,0.7321038144620118,0.10865200745183579,0,qEHVI,0.4,0.22,0.3,0.0,0.04,0.0,0.0,0.0,0.0,0.0,0.0,0.04,0.0,0.0,0.0
31,1,5,0,False,0.7321038144620118,0.10865200745183579,1,qEHVI,0.34,0.14,0.42,0.0,0.04,0.0,0.0,0.0,0.02,0.0,0.0,0.0,0.0,0.02,0.02
31,1,5,0,False,0.7321038144620118,0.10865200745183579,2,qEHVI,0.28,0.0,0.64,0.04,0.0,0.0,0.0,0.0,0.02,0.0,0.0,0.0,0.0,0.02,0.0
31,1,5,0,False,0.7321038144620118,0.10865200745183579,3,qEHVI,0.44,0.08,0.4,0.04,0.04,0.0,0.0,0.0,0.0,0.0,0.0,0.0,0.0,0.0,0.0
31,1,5,0,False,0.7321038144620118,0.10865200745183579,4,qEHVI,0.28,0.42,0.22,0.0,0.0,0.0,0.0,0.0,0.02,0.0,0.0,0.0,0.0,0.02,0.04
31,2,4,1,True,0.7387518552515241,0.3963252219861584,0,qEHVI,0.4,0.22,0.3,0.0,0.04,0.0,0.0,0.0,0.0,0.0,0.0,0.04,0.0,0.0,0.0
31,2,4,1,True,0.7387518552515241,0.3963252219861584,1,qEHVI,0.34,0.14,0.42,0.0,0.04,0.0,0.0,0.0,0.02,0.0,0.0,0.0,0.0,0.02,0.02
31,2,4,1,True,0.7387518552515241,0.3963252219861584,2,qEHVI,0.28,0.0,0.64,0.04,0.0,0.0,0.0,0.0,0.02,0.0,0.0,0.0,0.0,0.02,0.0
31,2,4,1,True,0.7387518552515241,0.3963252219861584,3,qEHVI,0.44,0.08,0.4,0.04,0.04,0.0,0.0,0.0,0.0,0.0,0.0,0.0,0.0,0.0,0.0
31,2,4,1,True,0.7387518552515241,0.3963252219861584,4,qUCB,0.18,0.5,0.22,0.0,0.0,0.0,0.0,0.0,0.02,0.0,0.0,0.04,0.0,0.04,0.0
31,3,3,2,False,0.6775733752911569,0.2377069043366951,0,qEHVI,0.4,0.22,0.3,0.0,0.04,0.0,0.0,0.0,0.0,0.0,0.0,0.04,0.0,0.0,0.0
31,3,3,2,False,0.6775733752911569,0.2377069043366951,1,qEHVI,0.34,0.14,0.42,0.0,0.04,0.0,0.0,0.0,0.02,0.0,0.0,0.0,0.0,0.02,0.02
31,3,3,2,False,0.6775733752911569,0.2377069043366951,2,qEHVI,0.28,0.0,0.64,0.04,0.0,0.0,0.0,0.0,0.02,0.0,0.0,0.0,0.0,0.02,0.0
31,3,3,2,False,0.6775733752911569,0.2377069043366951,3,qUCB,0.18,0.5,0.22,0.0,0.0,0.0,0.0,0.0,0.02,0.0,0.0,0.04,0.0,0.04,0.0
31,3,3,2,False,0.6775733752911569,0.2377069043366951,4,qUCB,0.26,0.2,0.44,0.0,0.0,0.0,0.0,0.0,0.0,0.0,0.0,0.04,0.0,0.04,0.02
31,4,2,3,False,0.5976293496918997,0.24589105617993434,0,qEHVI,0.4,0.22,0.3,0.0,0.04,0.0,0.0,0.0,0.0,0.0,0.0,0.04,0.0,0.0,0.0
31,4,2,3,False,0.5976293496918997,0.24589105617993434,1,qEHVI,0.44,0.08,0.4,0.04,0.04,0.0,0.0,0.0,0.0,0.0,0.0,0.0,0.0,0.0,0.0
31,4,2,3,False,0.5976293496918997,0.24589105617993434,2,qUCB,0.26,0.4,0.24,0.0,0.0,0.0,0.0,0.0,0.04,0.0,0.0,0.0,0.0,0.04,0.02
31,4,2,3,False,0.5976293496918997,0.24589105617993434,3,qUCB,0.16,0.54,0.22,0.0,0.0,0.0,0.0,0.0,0.04,0.0,0.0,0.0,0.0,0.0,0.04
31,4,2,3,False,0.5976293496918997,0.24589105617993434,4,qUCB,0.14,0.32,0.44,0.0,0.0,0.0,0.0,0.0,0.02,0.0,0.0,0.0,0.0,0.04,0.04
31,5,1,4,False,0.516243304308151,0.2088287781151883,0,qEHVI,0.4,0.22,0.3,0.0,0.04,0.0,0.0,0.0,0.0,0.0,0.0,0.04,0.0,0.0,0.0
31,5,1,4,False,0.516243304308151,0.2088287781151883,1,qUCB,0.42,0.06,0.42,0.04,0.0,0.0,0.0,0.0,0.02,0.0,0.0,0.0,0.0,0.04,0.0
31,5,1,4,False,0.516243304308151,0.2088287781151883,2,qUCB,0.0,0.48,0.44,0.04,0.0,0.0,0.0,0.0,0.0,0.0,0.0,0.0,0.0,0.0,0.04
31,5,1,4,False,0.516243304308151,0.2088287781151883,3,qUCB,0.16,0.54,0.22,0.0,0.0,0.0,0.0,0.0,0.04,0.0,0.0,0.0,0.0,0.0,0.04
31,5,1,4,False,0.516243304308151,0.2088287781151883,4,qUCB,0.0,0.7000000000000001,0.2,0.04,0.0,0.0,0.0,0.0,0.04,0.0,0.0,0.0,0.0,0.0,0.02
31,6,0,5,False,0.5808142272331984,0.0467676359260043,0,qUCB,0.28,0.42,0.22,0.0,0.0,0.0,0.0,0.0,0.02,0.0,0.0,0.0,0.0,0.02,0.04
31,6,0,5,False,0.5808142272331984,0.0467676359260043,1,qUCB,0.0,0.48,0.44,0.04,0.0,0.0,0.0,0.0,0.0,0.0,0.0,0.0,0.0,0.0,0.04
31,6,0,5,False,0.5808142272331984,0.0467676359260043,2,qUCB,0.38,0.16,0.42,0.0,0.04,0.0,0.0,0.0,0.0,0.0,0.0,0.0,0.0,0.0,0.0
31,6,0,5,False,0.5808142272331984,0.0467676359260043,3,qUCB,0.34,0.42,0.24,0.0,0.0,0.0,0.0,0.0,0.0,0.0,0.0,0.0,0.0,0.0,0.0
31,6,0,5,False,0.5808142272331984,0.0467676359260043,4,qUCB,0.02,0.8200000000000001,0.14,0.0,0.02,0.0,0.0,0.0,0.0,0.0,0.0,0.0,0.0,0.0,0.0
32,1,5,0,False,0.592720418839909,0.09335736028271313,0,qEHVI,0.44,0.2,0.3,0.0,0.0,0.0,0.0,0.0,0.02,0.0,0.0,0.04,0.0,0.0,0.0
32,1,5,0,False,0.592720418839909,0.09335736028271313,1,qEHVI,0.76,0.16,0.04,0.0,0.0,0.0,0.0,0.0,0.0,0.0,0.0,0.04,0.0,0.0,0.0
32,1,5,0,False,0.592720418839909,0.09335736028271313,2,qEHVI,0.52,0.12,0.34,0.0,0.02,0.0,0.0,0.0,0.0,0.0,0.0,0.0,0.0,0.0,0.0
32,1,5,0,False,0.592720418839909,0.09335736028271313,3,qEHVI,0.4,0.1,0.4,0.04,0.0,0.0,0.0,0.0,0.02,0.0,0.0,0.04,0.0,0.0,0.0
32,1,5,0,False,0.592720418839909,0.09335736028271313,4,qEHVI,0.36,0.12,0.42,0.04,0.02,0.0,0.0,0.0,0.02,0.0,0.0,0.0,0.0,0.02,0.0
32,2,4,1,False,0.539165987225614,0.17011863312217734,0,qEHVI,0.44,0.2,0.3,0.0,0.0,0.0,0.0,0.0,0.02,0.0,0.0,0.04,0.0,0.0,0.0
32,2,4,1,False,0.539165987225614,0.17011863312217734,1,qEHVI,0.76,0.16,0.04,0.0,0.0,0.0,0.0,0.0,0.0,0.0,0.0,0.04,0.0,0.0,0.0
32,2,4,1,False,0.539165987225614,0.17011863312217734,2,qEHVI,0.52,0.12,0.34,0.0,0.02,0.0,0.0,0.0,0.0,0.0,0.0,0.0,0.0,0.0,0.0
32,2,4,1,False,0.539165987225614,0.17011863312217734,3,qEHVI,0.4,0.1,0.4,0.04,0.0,0.0,0.0,0.0,0.02,0.0,0.0,0.04,0.0,0.0,0.0
32,2,4,1,False,0.539165987225614,0.17011863312217734,4,qUCB,0.38,0.1,0.42,0.0,0.0,0.0,0.0,0.0,0.02,0.0,0.0,0.0,0.0,0.04,0.04
32,3,3,2,True,0.4992148153866379,0.15104822656515537,0,qEHVI,0.44,0.2,0.3,0.0,0.0,0.0,0.0,0.0,0.02,0.0,0.0,0.04,0.0,0.0,0.0
32,3,3,2,True,0.4992148153866379,0.15104822656515537,1,qEHVI,0.76,0.16,0.04,0.0,0.0,0.0,0.0,0.0,0.0,0.0,0.0,0.04,0.0,0.0,0.0
32,3,3,2,True,0.4992148153866379,0.15104822656515537,2,qEHVI,0.52,0.12,0.34,0.0,0.02,0.0,0.0,0.0,0.0,0.0,0.0,0.0,0.0,0.0,0.0
32,3,3,2,True,0.4992148153866379,0.15104822656515537,3,qUCB,0.38,0.1,0.42,0.0,0.0,0.0,0.0,0.0,0.02,0.0,0.0,0.0,0.0,0.04,0.04
32,3,3,2,True,0.4992148153866379,0.15104822656515537,4,qUCB,0.0,0.68,0.22,0.04,0.0,0.0,0.0,0.0,0.02,0.0,0.0,0.0,0.0,0.0,0.04
32,4,2,3,False,0.42707052204489854,0.11408151828668212,0,qEHVI,0.44,0.2,0.3,0.0,0.0,0.0,0.0,0.0,0.02,0.0,0.0,0.04,0.0,0.0,0.0
32,4,2,3,False,0.42707052204489854,0.11408151828668212,1,qEHVI,0.52,0.12,0.34,0.0,0.02,0.0,0.0,0.0,0.0,0.0,0.0,0.0,0.0,0.0,0.0
32,4,2,3,False,0.42707052204489854,0.11408151828668212,2,qUCB,0.38,0.1,0.42,0.0,0.0,0.0,0.0,0.0,0.02,0.0,0.0,0.0,0.0,0.04,0.04
32,4,2,3,False,0.42707052204489854,0.11408151828668212,3,qUCB,0.02,0.44,0.44,0.04,0.02,0.0,0.0,0.0,0.04,0.0,0.0,0.0,0.0,0.0,0.0
32,4,2,3,False,0.42707052204489854,0.11408151828668212,4,qUCB,0.0,0.68,0.22,0.04,0.0,0.0,0.0,0.0,0.02,0.0,0.0,0.0,0.0,0.0,0.04
32,5,1,4,False,0.2912247912727113,0.008947827593513313,0,qEHVI,0.44,0.2,0.3,0.0,0.0,0.0,0.0,0.0,0.02,0.0,0.0,0.04,0.0,0.0,0.0
32,5,1,4,False,0.2912247912727113,0.008947827593513313,1,qUCB,0.3,0.16,0.44,0.02,0.04,0.0,0.0,0.0,0.0,0.0,0.0,0.0,0.0,0.04,0.0
32,5,1,4,False,0.2912247912727113,0.008947827593513313,2,qUCB,0.4,0.34,0.16,0.04,0.02,0.0,0.0,0.0,0.0,0.0,0.0,0.0,0.0,0.0,0.04
32,5,1,4,False,0.2912247912727113,0.008947827593513313,3,qUCB,0.0,0.76,0.14,0.02,0.04,0.0,0.0,0.0,0.0,0.0,0.0,0.0,0.0,0.04,0.0
32,5,1,4,False,0.2912247912727113,0.008947827593513313,4,qUCB,0.02,0.44,0.44,0.04,0.02,0.0,0.0,0.0,0.04,0.0,0.0,0.0,0.0,0.0,0.0
32,6,0,5,False,0.32445475137844454,0.0495216465180679,0,qUCB,0.4,0.08,0.42,0.04,0.02,0.0,0.0,0.0,0.0,0.0,0.0,0.02,0.0,0.02,0.0
32,6,0,5,False,0.32445475137844454,0.0495216465180679,1,qUCB,0.0,0.52,0.44,0.02,0.0,0.0,0.0,0.0,0.0,0.0,0.0,0.0,0.0,0.02,0.0
32,6,0,5,False,0.32445475137844454,0.0495216465180679,2,qUCB,0.0,0.8,0.14,0.04,0.0,0.0,0.0,0.0,0.0,0.0,0.0,0.0,0.0,0.0,0.02
32,6,0,5,False,0.32445475137844454,0.0495216465180679,3,qUCB,0.18,0.28,0.44,0.04,0.0,0.0,0.0,0.0,0.0,0.0,0.0,0.04,0.0,0.02,0.0
32,6,0,5,False,0.32445475137844454,0.0495216465180679,4,qUCB,0.0,0.48,0.42,0.04,0.04,0.0,0.0,0.0,0.02,0.0,0.0,0.0,0.0,0.0,0.0
33,1,5,0,False,0.5616016105911746,0.1270758073935525,0,qEHVI,0.22,0.24,0.44,0.04,0.0,0.0,0.0,0.0,0.02,0.0,0.0,0.0,0.0,0.04,0.0
33,1,5,0,False,0.5616016105911746,0.1270758073935525,1,qEHVI,0.34,0.26,0.3,0.0,0.02,0.0,0.0,0.0,0.02,0.0,0.0,0.0,0.0,0.04,0.02
33,1,5,0,False,0.5616016105911746,0.1270758073935525,2,qEHVI,0.4,0.1,0.46,0.0,0.02,0.0,0.0,0.0,0.0,0.0,0.0,0.0,0.0,0.0,0.02
33,1,5,0,False,0.5616016105911746,0.1270758073935525,3,qEHVI,0.4,0.14,0.42,0.04,0.0,0.0,0.0,0.0,0.0,0.0,0.0,0.0,0.0,0.0,0.0
33,1,5,0,False,0.5616016105911746,0.1270758073935525,4,qEHVI,0.3,0.0,0.64,0.0,0.02,0.0,0.0,0.0,0.0,0.0,0.0,0.04,0.0,0.0,0.0
33,2,4,1,True,0.5135487858884503,0.25087991629905027,0,qEHVI,0.22,0.24,0.44,0.04,0.0,0.0,0.0,0.0,0.02,0.0,0.0,0.0,0.0,0.04,0.0
33,2,4,1,True,0.5135487858884503,0.25087991629905027,1,qEHVI,0.34,0.26,0.3,0.0,0.02,0.0,0.0,0.0,0.02,0.0,0.0,0.0,0.0,0.04,0.02
33,2,4,1,True,0.5135487858884503,0.25087991629905027,2,qEHVI,0.4,0.1,0.46,0.0,0.02,0.0,0.0,0.0,0.0,0.0,0.0,0.0,0.0,0.0,0.02
33,2,4,1,True,0.5135487858884503,0.25087991629905027,3,qEHVI,0.34,0.14,0.42,0.04,0.0,0.0,0.0,0.0,0.04,0.0,0.0,0.0,0.0,0.02,0.0
33,2,4,1,True,0.5135487858884503,0.25087991629905027,4,qUCB,0.26,0.2,0.44,0.04,0.02,0.0,0.0,0.0,0.0,0.0,0.0,0.04,0.0,0.0,0.0
33,3,3,2,False,0.4615155078355493,0.01855050326317631,0,qEHVI,0.22,0.24,0.44,0.04,0.0,0.0,0.0,0.0,0.02,0.0,0.0,0.0,0.0,0.04,0.0
33,3,3,2,False,0.4615155078355493,0.01855050326317631,1,qEHVI,0.34,0.26,0.3,0.0,0.02,0.0,0.0,0.0,0.02,0.0,0.0,0.0,0.0,0.04,0.02
33,3,3,2,False,0.4615155078355493,0.01855050326317631,2,qEHVI,0.4,0.1,0.46,0.0,0.02,0.0,0.0,0.0,0.0,0.0,0.0,0.0,0.0,0.0,0.02
33,3,3,2,False,0.4615155078355493,0.01855050326317631,3,qUCB,0.42,0.06,0.42,0.02,0.0,0.0,0.0,0.0,0.04,0.0,0.0,0.04,0.0,0.0,0.0
33,3,3,2,False,0.4615155078355493,0.01855050326317631,4,qUCB,0.0,0.5,0.44,0.02,0.0,0.0,0.0,0.0,0.02,0.0,0.0,0.02,0.0,0.0,0.0
33,4,2,3,False,0.3590098715530473,0.022921156880996385,0,qEHVI,0.22,0.24,0.44,0.04,0.0,0.0,0.0,0.0,0.02,0.0,0.0,0.0,0.0,0.04,0.0
33,4,2,3,False,0.3590098715530473,0.022921156880996385,1,qEHVI,0.34,0.26,0.3,0.0,0.02,0.0,0.0,0.0,0.02,0.0,0.0,0.0,0.0,0.04,0.02
33,4,2,3,False,0.3590098715530473,0.022921156880996385,2,qUCB,0.62,0.24,0.06,0.0,0.0,0.0,0.0,0.0,0.0,0.0,0.0,0.04,0.0,0.0,0.04
33,4,2,3,False,0.3590098715530473,0.022921156880996385,3,qUCB,0.12,0.34,0.44,0.02,0.04,0.0,0.0,0.0,0.0,0.0,0.0,0.04,0.0,0.0,0.0
33,4,2,3,False,0.3590098715530473,0.022921156880996385,4,qUCB,0.42,0.32,0.16,0.04,0.0,0.0,0.0,0.0,0.0,0.0,0.0,0.04,0.0,0.0,0.02
33,5,1,4,False,0.27206435977298143,0.3329032406017829,0,qEHVI,0.22,0.24,0.44,0.04,0.0,0.0,0.0,0.0,0.02,0.0,0.0,0.0,0.0,0.04,0.0
33,5,1,4,False,0.27206435977298143,0.3329032406017829,1,qUCB,0.62,0.24,0.06,0.0,0.0,0.0,0.0,0.0,0.0,0.0,0.0,0.04,0.0,0.0,0.04
33,5,1,4,False,0.27206435977298143,0.3329032406017829,2,qUCB,0.14,0.32,0.44,0.0,0.04,0.0,0.0,0.0,0.0,0.0,0.0,0.04,0.0,0.0,0.02
33,5,1,4,False,0.27206435977298143,0.3329032406017829,3,qUCB,0.52,0.24,0.14,0.0,0.02,0.0,0.0,0.0,0.0,0.0,0.0,0.04,0.0,0.0,0.04
33,5,1,4,False,0.27206435977298143,0.3329032406017829,4,qUCB,0.36,0.4,0.14,0.0,0.04,0.0,0.0,0.0,0.0,0.0,0.0,0.04,0.0,0.0,0.02
33,6,0,5,False,0.4113577639746189,0.14202016187992816,0,qUCB,0.4,0.14,0.42,0.04,0.0,0.0,0.0,0.0,0.0,0.0,0.0,0.0,0.0,0.0,0.0
33,6,0,5,False,0.4113577639746189,0.14202016187992816,1,qUCB,0.0,0.48,0.44,0.04,0.0,0.0,0.0,0.0,0.0,0.0,0.0,0.0,0.0,0.04,0.0
33,6,0,5,False,0.4113577639746189,0.14202016187992816,2,qUCB,0.0,0.84,0.14,0.0,0.0,0.0,0.0,0.0,0.0,0.0,0.0,0.0,0.0,0.02,0.0
33,6,0,5,False,0.4113577639746189,0.14202016187992816,3,qUCB,0.22,0.24,0.44,0.04,0.0,0.0,0.0,0.0,0.02,0.0,0.0,0.0,0.0,0.04,0.0
33,6,0,5,False,0.4113577639746189,0.14202016187992816,4,qUCB,0.28,0.22,0.44,0.0,0.0,0.0,0.0,0.0,0.0,0.0,0.0,0.04,0.0,0.02,0.0
34,1,5,0,False,0.9126775291936147,0.11465013005381586,0,qEHVI,0.44,0.06,0.42,0.02,0.0,0.0,0.0,0.0,0.0,0.0,0.0,0.04,0.0,0.0,0.02
34,1,5,0,False,0.9126775291936147,0.11465013005381586,1,qEHVI,0.4,0.06,0.44,0.0,0.0,0.0,0.0,0.0,0.02,0.0,0.0,0.04,0.0,0.02,0.02
34,1,5,0,False,0.9126775291936147,0.11465013005381586,2,qEHVI,0.68,0.22,0.0,0.0,0.02,0.0,0.0,0.0,0.04,0.0,0.0,0.04,0.0,0.0,0.0
34,1,5,0,False,0.9126775291936147,0.11465013005381586,3,qEHVI,0.4,0.12,0.4,0.0,0.02,0.0,0.0,0.0,0.0,0.0,0.0,0.04,0.0,0.02,0.0
34,1,5,0,False,0.9126775291936147,0.11465013005381586,4,qEHVI,0.4,0.04,0.46,0.02,0.0,0.0,0.0,0.0,0.0,0.0,0.0,0.04,0.0,0.0,0.04
34,2,4,1,True,0.9046604104479585,0.5556423081549511,0,qEHVI,0.44,0.06,0.42,0.02,0.0,0.0,0.0,0.0,0.0,0.0,0.0,0.04,0.0,0.0,0.02
34,2,4,1,True,0.9046604104479585,0.5556423081549511,1,qEHVI,0.4,0.06,0.44,0.0,0.0,0.0,0.0,0.0,0.02,0.0,0.0,0.04,0.0,0.02,0.02
34,2,4,1,True,0.9046604104479585,0.5556423081549511,2,qEHVI,0.68,0.22,0.0,0.0,0.02,0.0,0.0,0.0,0.04,0.0,0.0,0.04,0.0,0.0,0.0
34,2,4,1,True,0.9046604104479585,0.5556423081549511,3,qEHVI,0.4,0.12,0.4,0.0,0.02,0.0,0.0,0.0,0.0,0.0,0.0,0.04,0.0,0.02,0.0
34,2,4,1,True,0.9046604104479585,0.5556423081549511,4,qUCB,0.4,0.1,0.4,0.04,0.0,0.0,0.0,0.0,0.02,0.0,0.0,0.0,0.0,0.04,0.0
34,3,3,2,False,0.7002413120719779,0.009846089590380913,0,qEHVI,0.44,0.06,0.42,0.02,0.0,0.0,0.0,0.0,0.0,0.0,0.0,0.04,0.0,0.0,0.02
34,3,3,2,False,0.7002413120719779,0.009846089590380913,1,qEHVI,0.4,0.06,0.44,0.0,0.0,0.0,0.0,0.0,0.02,0.0,0.0,0.04,0.0,0.02,0.02
34,3,3,2,False,0.7002413120719779,0.009846089590380913,2,qEHVI,0.68,0.22,0.0,0.0,0.02,0.0,0.0,0.0,0.04,0.0,0.0,0.04,0.0,0.0,0.0
34,3,3,2,False,0.7002413120719779,0.009846089590380913,3,qUCB,0.38,0.12,0.42,0.0,0.04,0.0,0.0,0.0,0.0,0.0,0.0,0.0,0.0,0.04,0.0
34,3,3,2,False,0.7002413120719779,0.009846089590380913,4,qUCB,0.02,0.78,0.14,0.0,0.04,0.0,0.0,0.0,0.0,0.0,0.0,0.0,0.0,0.0,0.02
34,4,2,3,False,0.528802699279998,0.031934126769249005,0,qEHVI,0.44,0.06,0.42,0.02,0.0,0.0,0.0,0.0,0.0,0.0,0.0,0.04,0.0,0.0,0.02
34,4,2,3,False,0.528802699279998,0.031934126769249005,1,qEHVI,0.4,0.06,0.44,0.0,0.0,0.0,0.0,0.0,0.02,0.0,0.0,0.04,0.0,0.02,0.02
34,4,2,3,False,0.528802699279998,0.031934126769249005,2,qUCB,0.46,0.1,0.34,0.02,0.04,0.0,0.0,0.0,0.04,0.0,0.0,0.0,0.0,0.0,0.0
34,4,2,3,False,0.528802699279998,0.031934126769249005,3,qUCB,0.44,0.3,0.16,0.04,0.02,0.0,0.0,0.0,0.04,0.0,0.0,0.0,0.0,0.0,0.0
34,4,2,3,False,0.528802699279998,0.031934126769249005,4,qUCB,0.02,0.78,0.14,0.0,0.04,0.0,0.0,0.0,0.0,0.0,0.0,0.0,0.0,0.0,0.02
34,5,1,4,False,0.3802006382952205,0.1605778329463245,0,qEHVI,0.44,0.06,0.42,0.02,0.0,0.0,0.0,0.0,0.0,0.0,0.0,0.04,0.0,0.0,0.02
34,5,1,4,False,0.3802006382952205,0.1605778329463245,1,qUCB,0.42,0.1,0.4,0.0,0.0,0.0,0.0,0.0,0.04,0.0,0.0,0.0,0.0,0.04,0.0
34,5,1,4,False,0.3802006382952205,0.1605778329463245,2,qUCB,0.04,0.78,0.14,0.0,0.0,0.0,0.0,0.0,0.04,0.0,0.0,0.0,0.0,0.0,0.0
34,5,1,4,False,0.3802006382952205,0.1605778329463245,3,qUCB,0.22,0.68,0.0,0.04,0.0,0.0,0.0,0.0,0.02,0.0,0.0,0.0,0.0,0.04,0.0
34,5,1,4,False,0.3802006382952205,0.1605778329463245,4,qUCB,0.34,0.4,0.16,0.04,0.0,0.0,0.0,0.0,0.02,0.0,0.0,0.0,0.0,0.04,0.0
34,6,0,5,False,0.4492657379339853,0.33019296278697663,0,qUCB,0.44,0.06,0.42,0.02,0.0,0.0,0.0,0.0,0.0,0.0,0.0,0.04,0.0,0.0,0.02
34,6,0,5,False,0.4492657379339853,0.33019296278697663,1,qUCB,0.44,0.32,0.16,0.04,0.0,0.0,0.0,0.0,0.0,0.0,0.0,0.04,0.0,0.0,0.0
34,6,0,5,False,0.4492657379339853,0.33019296278697663,2,qUCB,0.58,0.24,0.18,0.0,0.0,0.0,0.0,0.0,0.0,0.0,0.0,0.0,0.0,0.0,0.0
34,6,0,5,False,0.4492657379339853,0.33019296278697663,3,qUCB,0.0,0.8200000000000001,0.14,0.02,0.0,0.0,0.0,0.0,0.0,0.0,0.0,0.0,0.0,0.0,0.02
34,6,0,5,False,0.4492657379339853,0.33019296278697663,4,qUCB,0.52,0.26,0.14,0.0,0.0,0.0,0.0,0.0,0.0,0.0,0.0,0.04,0.0,0.02,0.02
35,1,5,0,False,0.5274308684980793,0.007449296088887891,0,qEHVI,0.4,0.1,0.4,0.02,0.0,0.0,0.0,0.0,0.0,0.0,0.0,0.04,0.0,0.04,0.0
35,1,5,0,False,0.5274308684980793,0.007449296088887891,1,qEHVI,0.42,0.08,0.42,0.0,0.02,0.0,0.0,0.0,0.02,0.0,0.0,0.04,0.0,0.0,0.0
35,1,5,0,False,0.5274308684980793,0.007449296088887891,2,qEHVI,0.42,0.02,0.46,0.0,0.04,0.0,0.0,0.0,0.0,0.0,0.0,0.04,0.0,0.0,0.02
35,1,5,0,False,0.5274308684980793,0.007449296088887891,3,qEHVI,0.4,0.2,0.3,0.02,0.0,0.0,0.0,0.0,0.02,0.0,0.0,0.04,0.0,0.02,0.0
35,1,5,0,False,0.5274308684980793,0.007449296088887891,4,qEHVI,0.26,0.0,0.64,0.0,0.02,0.0,0.0,0.0,0.0,0.0,0.0,0.04,0.0,0.04,0.0
35,2,4,1,True,0.510737492481525,0.2570049677912678,0,qEHVI,0.4,0.1,0.4,0.02,0.0,0.0,0.0,0.0,0.0,0.0,0.0,0.04,0.0,0.04,0.0
35,2,4,1,True,0.510737492481525,0.2570049677912678,1,qEHVI,0.42,0.08,0.42,0.0,0.02,0.0,0.0,0.0,0.02,0.0,0.0,0.04,0.0,0.0,0.0
35,2,4,1,True,0.510737492481525,0.2570049677912678,2,qEHVI,0.4,0.2,0.3,0.02,0.0,0.0,0.0,0.0,0.02,0.0,0.0,0.04,0.0,0.02,0.0
35,2,4,1,True,0.510737492481525,0.2570049677912678,3,qEHVI,0.42,0.02,0.46,0.0,0.04,0.0,0.0,0.0,0.0,0.0,0.0,0.04,0.0,0.0,0.02
35,2,4,1,True,0.510737492481525,0.2570049677912678,4,qUCB,0.4,0.1,0.4,0.04,0.0,0.0,0.0,0.0,0.02,0.0,0.0,0.0,0.0,0.0,0.04
35,3,3,2,False,0.43951233286179786,0.0782209582564839,0,qEHVI,0.4,0.1,0.4,0.02,0.0,0.0,0.0,0.0,0.0,0.0,0.0,0.04,0.0,0.04,0.0
35,3,3,2,False,0.43951233286179786,0.0782209582564839,1,qEHVI,0.42,0.08,0.42,0.0,0.02,0.0,0.0,0.0,0.02,0.0,0.0,0.04,0.0,0.0,0.0
35,3,3,2,False,0.43951233286179786,0.0782209582564839,2,qEHVI,0.42,0.02,0.46,0.0,0.04,0.0,0.0,0.0,0.0,0.0,0.0,0.04,0.0,0.0,0.02
35,3,3,2,False,0.43951233286179786,0.0782209582564839,3,qUCB,0.4,0.1,0.4,0.04,0.0,0.0,0.0,0.0,0.02,0.0,0.0,0.0,0.0,0.0,0.04
35,3,3,2,False,0.43951233286179786,0.0782209582564839,4,qUCB,0.0,0.78,0.14,0.04,0.04,0.0,0.0,0.0,0.0,0.0,0.0,0.0,0.0,0.0,0.0
35,4,2,3,False,0.36470946703220863,0.0063474097731077705,0,qEHVI,0.4,0.1,0.4,0.02,0.0,0.0,0.0,0.0,0.0,0.0,0.0,0.04,0.0,0.04,0.0
35,4,2,3,False,0.36470946703220863,0.0063474097731077705,1,qEHVI,0.42,0.08,0.42,0.0,0.02,0.0,0.0,0.0,0.02,0.0,0.0,0.04,0.0,0.0,0.0
35,4,2,3,False,0.36470946703220863,0.0063474097731077705,2,qUCB,0.4,0.1,0.4,0.04,0.0,0.0,0.0,0.0,0.02,0.0,0.0,0.0,0.0,0.0,0.04
35,4,2,3,False,0.36470946703220863,0.0063474097731077705,3,qUCB,0.0,0.78,0.14,0.04,0.04,0.0,0.0,0.0,0.0,0.0,0.0,0.0,0.0,0.0,0.0
35,4,2,3,False,0.36470946703220863,0.0063474097731077705,4,qUCB,0.0,0.68,0.28,0.0,0.0,0.0,0.0,0.0,0.0,0.0,0.0,0.0,0.0,0.0,0.04
35,5,1,4,False,0.23453573503818137,0.027935143587146494,0,qEHVI,0.4,0.1,0.4,0.02,0.0,0.0,0.0,0.0,0.0,0.0,0.0,0.04,0.0,0.04,0.0
35,5,1,4,False,0.23453573503818137,0.027935143587146494,1,qUCB,0.46,0.06,0.4,0.0,0.0,0.0,0.0,0.0,0.04,0.0,0.0,0.0,0.0,0.0,0.04
35,5,1,4,False,0.23453573503818137,0.027935143587146494,2,qUCB,0.0,0.78,0.14,0.04,0.04,0.0,0.0,0.0,0.0,0.0,0.0,0.0,0.0,0.0,0.0
35,5,1,4,False,0.23453573503818137,0.027935143587146494,3,qUCB,0.0,0.68,0.28,0.0,0.0,0.0,0.0,0.0,0.0,0.0,0.0,0.0,0.0,0.0,0.04
35,5,1,4,False,0.23453573503818137,0.027935143587146494,4,qUCB,0.0,0.76,0.14,0.0,0.0,0.0,0.0,0.0,0.04,0.0,0.0,0.02,0.0,0.0,0.04
35,6,0,5,False,0.26513583415532616,0.08455245465123928,0,qUCB,0.38,0.1,0.42,0.0,0.0,0.0,0.0,0.0,0.0,0.0,0.0,0.04,0.0,0.02,0.04
35,6,0,5,False,0.26513583415532616,0.08455245465123928,1,qUCB,0.52,0.3,0.14,0.0,0.0,0.0,0.0,0.0,0.0,0.0,0.0,0.04,0.0,0.0,0.0
35,6,0,5,False,0.26513583415532616,0.08455245465123928,2,qUCB,0.0,0.8200000000000001,0.14,0.0,0.0,0.0,0.0,0.0,0.0,0.0,0.0,0.0,0.0,0.04,0.0
35,6,0,5,False,0.26513583415532616,0.08455245465123928,3,qUCB,0.0,0.7000000000000001,0.28,0.0,0.0,0.0,0.0,0.0,0.0,0.0,0.0,0.0,0.0,0.02,0.0
35,6,0,5,False,0.26513583415532616,0.08455245465123928,4,qUCB,0.44,0.36,0.2,0.0,0.0,0.0,0.0,0.0,0.0,0.0,0.0,0.0,0.0,0.0,0.0
36,1,5,0,False,0.5231974360392794,0.016573333683872704,0,qEHVI,0.36,0.14,0.4,0.04,0.0,0.0,0.0,0.0,0.0,0.0,0.0,0.04,0.0,0.02,0.0
36,1,5,0,False,0.5231974360392794,0.016573333683872704,1,qEHVI,0.5,0.0,0.48,0.0,0.02,0.0,0.0,0.0,0.0,0.0,0.0,0.0,0.0,0.0,0.0
36,1,5,0,False,0.5231974360392794,0.016573333683872704,2,qEHVI,0.42,0.18,0.3,0.02,0.0,0.0,0.0,0.0,0.0,0.0,0.0,0.04,0.0,0.0,0.04
36,1,5,0,False,0.5231974360392794,0.016573333683872704,3,qEHVI,0.6,0.0,0.34,0.0,0.02,0.0,0.0,0.0,0.0,0.0,0.0,0.0,0.0,0.04,0.0
36,1,5,0,False,0.5231974360392794,0.016573333683872704,4,qEHVI,0.4,0.1,0.42,0.02,0.02,0.0,0.0,0.0,0.0,0.0,0.0,0.04,0.0,0.0,0.0
36,2,4,1,False,0.46529310155451226,0.03512144577211096,0,qEHVI,0.36,0.14,0.4,0.04,0.0,0.0,0.0,0.0,0.0,0.0,0.0,0.04,0.0,0.02,0.0
36,2,4,1,False,0.46529310155451226,0.03512144577211096,1,qEHVI,0.5,0.0,0.48,0.0,0.02,0.0,0.0,0.0,0.0,0.0,0.0,0.0,0.0,0.0,0.0
36,2,4,1,False,0.46529310155451226,0.03512144577211096,2,qEHVI,0.42,0.18,0.3,0.02,0.0,0.0,0.0,0.0,0.0,0.0,0.0,0.04,0.0,0.0,0.04
36,2,4,1,False,0.46529310155451226,0.03512144577211096,3,qEHVI,0.6,0.0,0.34,0.0,0.02,0.0,0.0,0.0,0.0,0.0,0.0,0.0,0.0,0.04,0.0
36,2,4,1,False,0.46529310155451226,0.03512144577211096,4,qUCB,0.38,0.1,0.42,0.04,0.0,0.0,0.0,0.0,0.04,0.0,0.0,0.0,0.0,0.0,0.02
36,3,3,2,True,0.4360182269453417,0.03409944978617929,0,qEHVI,0.36,0.14,0.4,0.04,0.0,0.0,0.0,0.0,0.0,0.0,0.0,0.04,0.0,0.02,0.0
36,3,3,2,True,0.4360182269453417,0.03409944978617929,1,qEHVI,0.5,0.0,0.48,0.0,0.02,0.0,0.0,0.0,0.0,0.0,0.0,0.0,0.0,0.0,0.0
36,3,3,2,True,0.4360182269453417,0.03409944978617929,2,qEHVI,0.42,0.18,0.3,0.02,0.0,0.0,0.0,0.0,0.0,0.0,0.0,0.04,0.0,0.0,0.04
36,3,3,2,True,0.4360182269453417,0.03409944978617929,3,qUCB,0.44,0.06,0.4,0.02,0.0,0.0,0.0,0.0,0.04,0.0,0.0,0.0,0.0,0.04,0.0
36,3,3,2,True,0.4360182269453417,0.03409944978617929,4,qUCB,0.0,0.76,0.14,0.0,0.02,0.0,0.0,0.0,0.0,0.0,0.0,0.0,0.0,0.04,0.04
36,4,2,3,False,0.3304098671266292,0.022137131473060734,0,qEHVI,0.36,0.14,0.4,0.04,0.0,0.0,0.0,0.0,0.0,0.0,0.0,0.04,0.0,0.02,0.0
36,4,2,3,False,0.3304098671266292,0.022137131473060734,1,qEHVI,0.5,0.0,0.48,0.0,0.02,0.0,0.0,0.0,0.0,0.0,0.0,0.0,0.0,0.0,0.0
36,4,2,3,False,0.3304098671266292,0.022137131473060734,2,qUCB,0.44,0.06,0.4,0.02,0.0,0.0,0.0,0.0,0.04,0.0,0.0,0.0,0.0,0.04,0.0
36,4,2,3,False,0.3304098671266292,0.022137131473060734,3,qUCB,0.0,0.76,0.14,0.0,0.02,0.0,0.0,0.0,0.0,0.0,0.0,0.0,0.0,0.04,0.04
36,4,2,3,False,0.3304098671266292,0.022137131473060734,4,qUCB,0.24,0.66,0.0,0.0,0.02,0.0,0.0,0.0,0.04,0.0,0.0,0.04,0.0,0.0,0.0
36,5,1,4,False,0.28014208030624643,0.13825402631989925,0,qEHVI,0.36,0.14,0.4,0.04,0.0,0.0,0.0,0.0,0.0,0.0,0.0,0.04,0.0,0.02,0.0
36,5,1,4,False,0.28014208030624643,0.13825402631989925,1,qUCB,0.66,0.18,0.06,0.0,0.02,0.0,0.0,0.0,0.04,0.0,0.0,0.0,0.0,0.0,0.04
36,5,1,4,False,0.28014208030624643,0.13825402631989925,2,qUCB,0.02,0.76,0.14,0.0,0.04,0.0,0.0,0.0,0.04,0.0,0.0,0.0,0.0,0.0,0.0
36,5,1,4,False,0.28014208030624643,0.13825402631989925,3,qUCB,0.48,0.26,0.16,0.0,0.04,0.0,0.0,0.0,0.02,0.0,0.0,0.0,0.0,0.0,0.04
36,5,1,4,False,0.28014208030624643,0.13825402631989925,4,qUCB,0.18,0.0,0.72,0.0,0.04,0.0,0.0,0.0,0.02,0.0,0.0,0.0,0.0,0.0,0.04
36,6,0,5,False,0.1689891187883707,0.007979385562029151,0,qUCB,0.4,0.1,0.42,0.02,0.02,0.0,0.0,0.0,0.0,0.0,0.0,0.04,0.0,0.0,0.0
36,6,0,5,False,0.1689891187883707,0.007979385562029151,1,qUCB,0.46,0.3,0.16,0.04,0.0,0.0,0.0,0.0,0.0,0.0,0.0,0.04,0.0,0.0,0.0
36,6,0,5,False,0.1689891187883707,0.007979385562029151,2,qUCB,0.0,0.8,0.14,0.04,0.0,0.0,0.0,0.0,0.0,0.0,0.0,0.0,0.0,0.02,0.0
36,6,0,5,False,0.1689891187883707,0.007979385562029151,3,qUCB,0.02,0.8,0.14,0.0,0.0,0.0,0.0,0.0,0.0,0.0,0.0,0.02,0.0,0.0,0.02
36,6,0,5,False,0.1689891187883707,0.007979385562029151,4,qUCB,0.48,0.3,0.18,0.0,0.04,0.0,0.0,0.0,0.0,0.0,0.0,0.0,0.0,0.0,0.0
37,1,5,0,True,0.4940405166036349,0.27367946904255724,0,qEHVI,0.4,0.12,0.4,0.04,0.0,0.0,0.0,0.0,0.0,0.0,0.0,0.04,0.0,0.0,0.0
37,1,5,0,True,0.4940405166036349,0.27367946904255724,1,qEHVI,0.6,0.0,0.34,0.0,0.04,0.0,0.0,0.0,0.02,0.0,0.0,0.0,0.0,0.0,0.0
37,1,5,0,True,0.4940405166036349,0.27367946904255724,2,qEHVI,0.7000000000000001,0.2,0.0,0.0,0.0,0.0,0.0,0.0,0.02,0.0,0.0,0.04,0.0,0.0,0.04
37,1,5,0,True,0.4940405166036349,0.27367946904255724,3,qEHVI,0.38,0.22,0.3,0.02,0.0,0.0,0.0,0.0,0.0,0.0,0.0,0.02,0.0,0.02,0.04
37,1,5,0,True,0.4940405166036349,0.27367946904255724,4,qEHVI,0.26,0.0,0.64,0.0,0.0,0.0,0.0,0.0,0.04,0.0,0.0,0.02,0.0,0.0,0.04
37,2,4,1,False,0.43195326105380355,0.18817824743731038,0,qEHVI,0.4,0.12,0.4,0.04,0.0,0.0,0.0,0.0,0.0,0.0,0.0,0.04,0.0,0.0,0.0
37,2,4,1,False,0.43195326105380355,0.18817824743731038,1,qEHVI,0.7000000000000001,0.2,0.0,0.0,0.0,0.0,0.0,0.0,0.02,0.0,0.0,0.04,0.0,0.0,0.04
37,2,4,1,False,0.43195326105380355,0.18817824743731038,2,qEHVI,0.6,0.0,0.34,0.0,0.04,0.0,0.0,0.0,0.02,0.0,0.0,0.0,0.0,0.0,0.0
37,2,4,1,False,0.43195326105380355,0.18817824743731038,3,qEHVI,0.38,0.22,0.3,0.02,0.0,0.0,0.0,0.0,0.0,0.0,0.0,0.02,0.0,0.02,0.04
37,2,4,1,False,0.43195326105380355,0.18817824743731038,4,qUCB,0.46,0.4,0.04,0.0,0.0,0.0,0.0,0.0,0.04,0.0,0.0,0.02,0.0,0.04,0.0
37,3,3,2,False,0.41651047423493864,0.14267877029978138,0,qEHVI,0.4,0.12,0.4,0.04,0.0,0.0,0.0,0.0,0.0,0.0,0.0,0.04,0.0,0.0,0.0
37,3,3,2,False,0.41651047423493864,0.14267877029978138,1,qEHVI,0.7000000000000001,0.2,0.0,0.0,0.0,0.0,0.0,0.0,0.02,0.0,0.0,0.04,0.0,0.0,0.04
37,3,3,2,False,0.41651047423493864,0.14267877029978138,2,qEHVI,0.6,0.0,0.34,0.0,0.04,0.0,0.0,0.0,0.02,0.0,0.0,0.0,0.0,0.0,0.0
37,3,3,2,False,0.41651047423493864,0.14267877029978138,3,qUCB,0.4,0.08,0.42,0.0,0.02,0.0,0.0,0.0,0.0,0.0,0.0,0.0,0.0,0.04,0.04
37,3,3,2,False,0.41651047423493864,0.14267877029978138,4,qUCB,0.0,0.72,0.28,0.0,0.0,0.0,0.0,0.0,0.0,0.0,0.0,0.0,0.0,0.0,0.0
37,4,2,3,False,0.4127372960191752,0.17414057848467834,0,qEHVI,0.4,0.12,0.4,0.04,0.0,0.0,0.0,0.0,0.0,0.0,0.0,0.04,0.0,0.0,0.0
37,4,2,3,False,0.4127372960191752,0.17414057848467834,1,qEHVI,0.7000000000000001,0.2,0.0,0.0,0.0,0.0,0.0,0.0,0.02,0.0,0.0,0.04,0.0,0.0,0.04
37,4,2,3,False,0.4127372960191752,0.17414057848467834,2,qUCB,0.44,0.06,0.4,0.0,0.02,0.0,0.0,0.0,0.04,0.0,0.0,0.0,0.0,0.04,0.0
37,4,2,3,False,0.4127372960191752,0.17414057848467834,3,qUCB,0.62,0.24,0.06,0.0,0.04,0.0,0.0,0.0,0.0,0.0,0.0,0.0,0.0,0.04,0.0
37,4,2,3,False,0.4127372960191752,0.17414057848467834,4,qUCB,0.0,0.72,0.28,0.0,0.0,0.0,0.0,0.0,0.0,0.0,0.0,0.0,0.0,0.0,0.0
37,5,1,4,False,0.26921494711145905,0.22133163202493478,0,qEHVI,0.4,0.12,0.4,0.04,0.0,0.0,0.0,0.0,0.0,0.0,0.0,0.04,0.0,0.0,0.0
37,5,1,4,False,0.26921494711145905,0.22133163202493478,1,qUCB,0.4,0.1,0.4,0.0,0.0,0.0,0.0,0.0,0.04,0.0,0.0,0.0,0.0,0.02,0.04
37,5,1,4,False,0.26921494711145905,0.22133163202493478,2,qUCB,0.5,0.22,0.18,0.0,0.04,0.0,0.0,0.0,0.04,0.0,0.0,0.0,0.0,0.0,0.02
37,5,1,4,False,0.26921494711145905,0.22133163202493478,3,qUCB,0.36,0.38,0.16,0.0,0.02,0.0,0.0,0.0,0.04,0.0,0.0,0.0,0.0,0.04,0.0
37,5,1,4,False,0.26921494711145905,0.22133163202493478,4,qUCB,0.0,0.72,0.28,0.0,0.0,0.0,0.0,0.0,0.0,0.0,0.0,0.0,0.0,0.0,0.0
37,6,0,5,False,0.31634321811864874,0.3757911467627437,0,qUCB,0.4,0.12,0.4,0.04,0.0,0.0,0.0,0.0,0.0,0.0,0.0,0.04,0.0,0.0,0.0
37,6,0,5,False,0.31634321811864874,0.3757911467627437,1,qUCB,0.42,0.32,0.16,0.04,0.0,0.0,0.0,0.0,0.0,0.0,0.0,0.04,0.0,0.0,0.02
37,6,0,5,False,0.31634321811864874,0.3757911467627437,2,qUCB,0.0,0.72,0.28,0.0,0.0,0.0,0.0,0.0,0.0,0.0,0.0,0.0,0.0,0.0,0.0
37,6,0,5,False,0.31634321811864874,0.3757911467627437,3,qUCB,0.48,0.3,0.14,0.0,0.02,0.0,0.0,0.0,0.0,0.0,0.0,0.04,0.0,0.0,0.02
37,6,0,5,False,0.31634321811864874,0.3757911467627437,4,qUCB,0.54,0.22,0.18,0.0,0.04,0.0,0.0,0.0,0.0,0.0,0.0,0.0,0.0,0.0,0.02
38,1,5,0,True,0.6147416177846564,0.07207546667529385,0,qEHVI,0.64,0.0,0.34,0.0,0.0,0.0,0.0,0.0,0.0,0.0,0.0,0.02,0.0,0.0,0.0
38,1,5,0,True,0.6147416177846564,0.07207546667529385,1,qEHVI,0.28,0.0,0.7000000000000001,0.0,0.0,0.0,0.0,0.0,0.0,0.0,0.0,0.0,0.0,0.0,0.02
38,1,5,0,True,0.6147416177846564,0.07207546667529385,2,qEHVI,0.4,0.2,0.3,0.0,0.02,0.0,0.0,0.0,0.0,0.0,0.0,0.04,0.0,0.02,0.02
38,1,5,0,True,0.6147416177846564,0.07207546667529385,3,qEHVI,0.44,0.04,0.48,0.0,0.0,0.0,0.0,0.0,0.0,0.0,0.0,0.0,0.0,0.0,0.04
38,1,5,0,True,0.6147416177846564,0.07207546667529385,4,qEHVI,0.42,0.06,0.42,0.02,0.02,0.0,0.0,0.0,0.0,0.0,0.0,0.02,0.0,0.0,0.04
38,2,4,1,False,0.6187675943970122,0.009708632239611603,0,qEHVI,0.64,0.0,0.34,0.0,0.0,0.0,0.0,0.0,0.0,0.0,0.0,0.02,0.0,0.0,0.0
38,2,4,1,False,0.6187675943970122,0.009708632239611603,1,qEHVI,0.28,0.0,0.7000000000000001,0.0,0.0,0.0,0.0,0.0,0.0,0.0,0.0,0.0,0.0,0.0,0.02
38,2,4,1,False,0.6187675943970122,0.009708632239611603,2,qEHVI,0.4,0.2,0.3,0.0,0.02,0.0,0.0,0.0,0.0,0.0,0.0,0.04,0.0,0.02,0.02
38,2,4,1,False,0.6187675943970122,0.009708632239611603,3,qEHVI,0.44,0.04,0.48,0.0,0.0,0.0,0.0,0.0,0.0,0.0,0.0,0.0,0.0,0.0,0.04
38,2,4,1,False,0.6187675943970122,0.009708632239611603,4,qUCB,0.44,0.06,0.4,0.04,0.04,0.0,0.0,0.0,0.0,0.0,0.0,0.0,0.0,0.02,0.0
38,3,3,2,False,0.506372439413683,0.038315080190229445,0,qEHVI,0.64,0.0,0.34,0.0,0.0,0.0,0.0,0.0,0.0,0.0,0.0,0.02,0.0,0.0,0.0
38,3,3,2,False,0.506372439413683,0.038315080190229445,1,qEHVI,0.28,0.0,0.7000000000000001,0.0,0.0,0.0,0.0,0.0,0.0,0.0,0.0,0.0,0.0,0.0,0.02
38,3,3,2,False,0.506372439413683,0.038315080190229445,2,qEHVI,0.4,0.2,0.3,0.0,0.02,0.0,0.0,0.0,0.0,0.0,0.0,0.04,0.0,0.02,0.02
38,3,3,2,False,0.506372439413683,0.038315080190229445,3,qUCB,0.44,0.06,0.4,0.04,0.04,0.0,0.0,0.0,0.0,0.0,0.0,0.0,0.0,0.02,0.0
38,3,3,2,False,0.506372439413683,0.038315080190229445,4,qUCB,0.42,0.32,0.16,0.04,0.0,0.0,0.0,0.0,0.04,0.0,0.0,0.0,0.0,0.0,0.02
38,4,2,3,False,0.4175682370368751,0.06093361901364913,0,qEHVI,0.64,0.0,0.34,0.0,0.0,0.0,0.0,0.0,0.0,0.0,0.0,0.02,0.0,0.0,0.0
38,4,2,3,False,0.4175682370368751,0.06093361901364913,1,qEHVI,0.28,0.0,0.7000000000000001,0.0,0.0,0.0,0.0,0.0,0.0,0.0,0.0,0.0,0.0,0.0,0.02
38,4,2,3,False,0.4175682370368751,0.06093361901364913,2,qUCB,0.44,0.06,0.4,0.04,0.04,0.0,0.0,0.0,0.0,0.0,0.0,0.0,0.0,0.02,0.0
38,4,2,3,False,0.4175682370368751,0.06093361901364913,3,qUCB,0.24,0.66,0.0,0.04,0.0,0.0,0.0,0.0,0.0,0.0,0.0,0.0,0.0,0.04,0.02
38,4,2,3,False,0.4175682370368751,0.06093361901364913,4,qUCB,0.42,0.32,0.16,0.04,0.0,0.0,0.0,0.0,0.04,0.0,0.0,0.0,0.0,0.0,0.02
38,5,1,4,False,0.3519854438465026,0.10925693746471099,0,qEHVI,0.64,0.0,0.34,0.0,0.0,0.0,0.0,0.0,0.0,0.0,0.0,0.02,0.0,0.0,0.0
38,5,1,4,False,0.3519854438465026,0.10925693746471099,1,qUCB,0.44,0.06,0.4,0.04,0.04,0.0,0.0,0.0,0.0,0.0,0.0,0.0,0.0,0.02,0.0
38,5,1,4,False,0.3519854438465026,0.10925693746471099,2,qUCB,0.24,0.66,0.0,0.04,0.0,0.0,0.0,0.0,0.0,0.0,0.0,0.0,0.0,0.04,0.02
38,5,1,4,False,0.3519854438465026,0.10925693746471099,3,qUCB,0.42,0.32,0.16,0.04,0.0,0.0,0.0,0.0,0.04,0.0,0.0,0.0,0.0,0.0,0.02
38,5,1,4,False,0.3519854438465026,0.10925693746471099,4,qUCB,0.2,0.14,0.56,0.04,0.04,0.0,0.0,0.0,0.0,0.0,0.0,0.0,0.0,0.0,0.02
38,6,0,5,False,0.34889011846552126,0.17150174514110395,0,qUCB,0.44,0.06,0.4,0.04,0.04,0.0,0.0,0.0,0.0,0.0,0.0,0.0,0.0,0.02,0.0
38,6,0,5,False,0.34889011846552126,0.17150174514110395,1,qUCB,0.38,0.38,0.16,0.04,0.0,0.0,0.0,0.0,0.0,0.0,0.0,0.04,0.0,0.0,0.0
38,6,0,5,False,0.34889011846552126,0.17150174514110395,2,qUCB,0.5,0.28,0.18,0.0,0.02,0.0,0.0,0.0,0.02,0.0,0.0,0.0,0.0,0.0,0.0
38,6,0,5,False,0.34889011846552126,0.17150174514110395,3,qUCB,0.46,0.12,0.4,0.0,0.02,0.0,0.0,0.0,0.0,0.0,0.0,0.0,0.0,0.0,0.0
38,6,0,5,False,0.34889011846552126,0.17150174514110395,4,qUCB,0.28,0.0,0.7000000000000001,0.0,0.0,0.0,0.0,0.0,0.0,0.0,0.0,0.0,0.0,0.0,0.02
39,1,5,0,True,0.8630008584692851,0.4958892007477551,0,qEHVI,0.42,0.06,0.42,0.04,0.02,0.0,0.0,0.0,0.0,0.0,0.0,0.04,0.0,0.0,0.0
39,1,5,0,True,0.8630008584692851,0.4958892007477551,1,qEHVI,0.12,0.32,0.52,0.0,0.0,0.0,0.0,0.0,0.0,0.0,0.0,0.0,0.0,0.0,0.04
39,1,5,0,True,0.8630008584692851,0.4958892007477551,2,qEHVI,0.74,0.0,0.16,0.0,0.02,0.0,0.0,0.0,0.04,0.0,0.0,0.0,0.0,0.0,0.04
39,1,5,0,True,0.8630008584692851,0.4958892007477551,3,qEHVI,0.46,0.02,0.46,0.04,0.0,0.0,0.0,0.0,0.0,0.0,0.0,0.02,0.0,0.0,0.0
39,1,5,0,True,0.8630008584692851,0.4958892007477551,4,qEHVI,0.0,0.24,0.66,0.04,0.0,0.0,0.0,0.0,0.02,0.0,0.0,0.0,0.0,0.02,0.02
39,2,4,1,False,0.8191028847012761,0.05048710419082969,0,qEHVI,0.42,0.06,0.42,0.04,0.02,0.0,0.0,0.0,0.0,0.0,0.0,0.04,0.0,0.0,0.0
39,2,4,1,False,0.8191028847012761,0.05048710419082969,1,qEHVI,0.1,0.34,0.52,0.0,0.0,0.0,0.0,0.0,0.0,0.0,0.0,0.04,0.0,0.0,0.0
39,2,4,1,False,0.8191028847012761,0.05048710419082969,2,qEHVI,0.74,0.0,0.16,0.0,0.02,0.0,0.0,0.0,0.04,0.0,0.0,0.0,0.0,0.0,0.04
39,2,4,1,False,0.8191028847012761,0.05048710419082969,3,qEHVI,0.46,0.02,0.46,0.04,0.0,0.0,0.0,0.0,0.0,0.0,0.0,0.02,0.0,0.0,0.0
39,2,4,1,False,0.8191028847012761,0.05048710419082969,4,qUCB,0.42,0.1,0.4,0.0,0.04,0.0,0.0,0.0,0.0,0.0,0.0,0.0,0.0,0.04,0.0
39,3,3,2,False,0.7585560969998959,0.16090247107778566,0,qEHVI,0.42,0.06,0.42,0.04,0.02,0.0,0.0,0.0,0.0,0.0,0.0,0.04,0.0,0.0,0.0
39,3,3,2,False,0.7585560969998959,0.16090247107778566,1,qEHVI,0.12,0.32,0.52,0.0,0.0,0.0,0.0,0.0,0.0,0.0,0.0,0.0,0.0,0.0,0.04
39,3,3,2,False,0.7585560969998959,0.16090247107778566,2,qEHVI,0.74,0.0,0.16,0.0,0.02,0.0,0.0,0.0,0.04,0.0,0.0,0.0,0.0,0.0,0.04
39,3,3,2,False,0.7585560969998959,0.16090247107778566,3,qUCB,0.42,0.1,0.4,0.0,0.04,0.0,0.0,0.0,0.0,0.0,0.0,0.0,0.0,0.04,0.0
39,3,3,2,False,0.7585560969998959,0.16090247107778566,4,qUCB,0.5,0.18,0.22,0.04,0.0,0.0,0.0,0.0,0.0,0.0,0.0,0.0,0.0,0.04,0.02
39,4,2,3,False,0.6352029452386359,0.015033773690170449,0,qEHVI,0.42,0.06,0.42,0.04,0.02,0.0,0.0,0.0,0.0,0.0,0.0,0.04,0.0,0.0,0.0
39,4,2,3,False,0.6352029452386359,0.015033773690170449,1,qEHVI,0.12,0.32,0.52,0.0,0.0,0.0,0.0,0.0,0.0,0.0,0.0,0.0,0.0,0.0,0.04
39,4,2,3,False,0.6352029452386359,0.015033773690170449,2,qUCB,0.42,0.1,0.4,0.0,0.04,0.0,0.0,0.0,0.0,0.0,0.0,0.0,0.0,0.04,0.0
39,4,2,3,False,0.6352029452386359,0.015033773690170449,3,qUCB,0.5,0.18,0.22,0.04,0.0,0.0,0.0,0.0,0.0,0.0,0.0,0.0,0.0,0.04,0.02
39,4,2,3,False,0.6352029452386359,0.015033773690170449,4,qUCB,0.4,0.34,0.16,0.04,0.0,0.0,0.0,0.0,0.04,0.0,0.0,0.0,0.0,0.0,0.02
39,5,1,4,False,0.4794474152387197,0.057022884619690295,0,qEHVI,0.42,0.06,0.42,0.04,0.02,0.0,0.0,0.0,0.0,0.0,0.0,0.04,0.0,0.0,0.0
39,5,1,4,False,0.4794474152387197,0.057022884619690295,1,qUCB,0.44,0.08,0.38,0.0,0.0,0.0,0.0,0.0,0.04,0.0,0.0,0.0,0.0,0.02,0.04
39,5,1,4,False,0.4794474152387197,0.057022884619690295,2,qUCB,0.0,0.64,0.28,0.0,0.0,0.0,0.0,0.0,0.04,0.0,0.0,0.0,0.0,0.0,0.04
39,5,1,4,False,0.4794474152387197,0.057022884619690295,3,qUCB,0.54,0.18,0.18,0.0,0.0,0.0,0.0,0.0,0.02,0.0,0.0,0.0,0.0,0.04,0.04
39,5,1,4,False,0.4794474152387197,0.057022884619690295,4,qUCB,0.0,0.8200000000000001,0.08,0.04,0.0,0.0,0.0,0.0,0.0,0.0,0.0,0.0,0.0,0.02,0.04
39,6,0,5,False,0.47741874288175457,0.41837101900205553,0,qUCB,0.42,0.06,0.42,0.04,0.02,0.0,0.0,0.0,0.0,0.0,0.0,0.04,0.0,0.0,0.0
39,6,0,5,False,0.47741874288175457,0.41837101900205553,1,qUCB,0.42,0.26,0.24,0.04,0.0,0.0,0.0,0.0,0.0,0.0,0.0,0.0,0.0,0.0,0.04
39,6,0,5,False,0.47741874288175457,0.41837101900205553,2,qUCB,0.34,0.5,0.06,0.04,0.0,0.0,0.0,0.0,0.0,0.0,0.0,0.04,0.0,0.0,0.02
39,6,0,5,False,0.47741874288175457,0.41837101900205553,3,qUCB,0.4,0.34,0.16,0.04,0.0,0.0,0.0,0.0,0.04,0.0,0.0,0.0,0.0,0.0,0.02
39,6,0,5,False,0.47741874288175457,0.41837101900205553,4,qUCB,0.66,0.0,0.24,0.04,0.0,0.0,0.0,0.0,0.04,0.0,0.0,0.0,0.0,0.02,0.0
40,1,5,0,False,0.79535261297296,0.5858560064613858,0,qEHVI,0.78,0.0,0.18,0.0,0.0,0.0,0.0,0.0,0.0,0.0,0.0,0.0,0.0,0.04,0.0
40,1,5,0,False,0.79535261297296,0.5858560064613858,1,qEHVI,0.4,0.2,0.38,0.0,0.0,0.0,0.0,0.0,0.0,0.0,0.0,0.0,0.0,0.0,0.02
40,1,5,0,False,0.79535261297296,0.5858560064613858,2,qEHVI,0.38,0.2,0.34,0.0,0.04,0.0,0.0,0.0,0.02,0.0,0.0,0.0,0.0,0.0,0.02
40,1,5,0,False,0.79535261297296,0.5858560064613858,3,qEHVI,0.58,0.0,0.34,0.04,0.0,0.0,0.0,0.0,0.02,0.0,0.0,0.0,0.0,0.0,0.02
40,1,5,0,False,0.79535261297296,0.5858560064613858,4,qEHVI,0.62,0.24,0.04,0.0,0.04,0.0,0.0,0.0,0.0,0.0,0.0,0.02,0.0,0.0,0.04
40,2,4,1,False,0.7214096199173119,0.12247247388372007,0,qEHVI,0.78,0.0,0.18,0.0,0.0,0.0,0.0,0.0,0.0,0.0,0.0,0.0,0.0,0.04,0.0
40,2,4,1,False,0.7214096199173119,0.12247247388372007,1,qEHVI,0.4,0.2,0.38,0.0,0.0,0.0,0.0,0.0,0.0,0.0,0.0,0.0,0.0,0.0,0.02
40,2,4,1,False,0.7214096199173119,0.12247247388372007,2,qEHVI,0.38,0.2,0.34,0.0,0.04,0.0,0.0,0.0,0.02,0.0,0.0,0.0,0.0,0.0,0.02
40,2,4,1,False,0.7214096199173119,0.12247247388372007,3,qEHVI,0.58,0.0,0.34,0.04,0.0,0.0,0.0,0.0,0.02,0.0,0.0,0.0,0.0,0.0,0.02
40,2,4,1,False,0.7214096199173119,0.12247247388372007,4,qUCB,0.32,0.58,0.0,0.0,0.0,0.0,0.0,0.0,0.04,0.0,0.0,0.04,0.0,0.02,0.0
40,3,3,2,True,0.6598307952135967,0.32512260664466064,0,qEHVI,0.78,0.0,0.18,0.0,0.0,0.0,0.0,0.0,0.0,0.0,0.0,0.0,0.0,0.04,0.0
40,3,3,2,True,0.6598307952135967,0.32512260664466064,1,qEHVI,0.4,0.2,0.38,0.0,0.0,0.0,0.0,0.0,0.0,0.0,0.0,0.0,0.0,0.0,0.02
40,3,3,2,True,0.6598307952135967,0.32512260664466064,2,qEHVI,0.38,0.2,0.34,0.0,0.04,0.0,0.0,0.0,0.02,0.0,0.0,0.0,0.0,0.0,0.02
40,3,3,2,True,0.6598307952135967,0.32512260664466064,3,qUCB,0.36,0.3,0.24,0.04,0.0,0.0,0.0,0.0,0.0,0.0,0.0,0.04,0.0,0.02,0.0
40,3,3,2,True,0.6598307952135967,0.32512260664466064,4,qUCB,0.38,0.36,0.16,0.04,0.0,0.0,0.0,0.0,0.0,0.0,0.0,0.04,0.0,0.02,0.0
40,4,2,3,False,0.6108503203930387,0.09641878203277443,0,qEHVI,0.78,0.0,0.18,0.0,0.0,0.0,0.0,0.0,0.0,0.0,0.0,0.0,0.0,0.04,0.0
40,4,2,3,False,0.6108503203930387,0.09641878203277443,1,qEHVI,0.4,0.2,0.38,0.0,0.0,0.0,0.0,0.0,0.0,0.0,0.0,0.0,0.0,0.0,0.02
40,4,2,3,False,0.6108503203930387,0.09641878203277443,2,qUCB,0.36,0.3,0.24,0.04,0.0,0.0,0.0,0.0,0.0,0.0,0.0,0.04,0.0,0.02,0.0
40,4,2,3,False,0.6108503203930387,0.09641878203277443,3,qUCB,0.38,0.36,0.16,0.04,0.0,0.0,0.0,0.0,0.0,0.0,0.0,0.04,0.0,0.02,0.0
40,4,2,3,False,0.6108503203930387,0.09641878203277443,4,qUCB,0.0,0.76,0.14,0.04,0.0,0.0,0.0,0.0,0.02,0.0,0.0,0.04,0.0,0.0,0.0
40,5,1,4,False,0.38089919644362785,0.12015954752241065,0,qEHVI,0.78,0.0,0.18,0.0,0.0,0.0,0.0,0.0,0.0,0.0,0.0,0.0,0.0,0.04,0.0
40,5,1,4,False,0.38089919644362785,0.12015954752241065,1,qUCB,0.38,0.28,0.24,0.04,0.0,0.0,0.0,0.0,0.02,0.0,0.0,0.0,0.0,0.0,0.04
40,5,1,4,False,0.38089919644362785,0.12015954752241065,2,qUCB,0.0,0.76,0.14,0.04,0.0,0.0,0.0,0.0,0.02,0.0,0.0,0.04,0.0,0.0,0.0
40,5,1,4,False,0.38089919644362785,0.12015954752241065,3,qUCB,0.32,0.42,0.16,0.04,0.04,0.0,0.0,0.0,0.0,0.0,0.0,0.0,0.0,0.0,0.02
40,5,1,4,False,0.38089919644362785,0.12015954752241065,4,qUCB,0.24,0.66,0.0,0.04,0.02,0.0,0.0,0.0,0.04,0.0,0.0,0.0,0.0,0.0,0.0
40,6,0,5,False,0.2496749335967207,0.02399926951508924,0,qUCB,0.38,0.28,0.24,0.04,0.0,0.0,0.0,0.0,0.02,0.0,0.0,0.0,0.0,0.0,0.04
40,6,0,5,False,0.2496749335967207,0.02399926951508924,1,qUCB,0.38,0.36,0.16,0.04,0.0,0.0,0.0,0.0,0.0,0.0,0.0,0.04,0.0,0.02,0.0
40,6,0,5,False,0.2496749335967207,0.02399926951508924,2,qUCB,0.3,0.6,0.0,0.04,0.0,0.0,0.0,0.0,0.02,0.0,0.0,0.02,0.0,0.0,0.02
40,6,0,5,False,0.2496749335967207,0.02399926951508924,3,qUCB,0.44,0.28,0.2,0.04,0.04,0.0,0.0,0.0,0.0,0.0,0.0,0.0,0.0,0.0,0.0
40,6,0,5,False,0.2496749335967207,0.02399926951508924,4,qUCB,0.16,0.0,0.8,0.0,0.0,0.0,0.0,0.0,0.04,0.0,0.0,0.0,0.0,0.0,0.0
41,1,5,0,False,0.6500561996058748,0.14524536433303137,0,qEHVI,0.38,0.18,0.4,0.04,0.0,0.0,0.0,0.0,0.0,0.0,0.0,0.0,0.0,0.0,0.0
41,1,5,0,False,0.6500561996058748,0.14524536433303137,1,qEHVI,0.38,0.16,0.38,0.0,0.02,0.0,0.0,0.0,0.0,0.0,0.0,0.04,0.0,0.02,0.0
41,1,5,0,False,0.6500561996058748,0.14524536433303137,2,qEHVI,0.64,0.22,0.04,0.0,0.02,0.0,0.0,0.0,0.02,0.0,0.0,0.0,0.0,0.02,0.04
41,1,5,0,False,0.6500561996058748,0.14524536433303137,3,qEHVI,0.72,0.0,0.26,0.0,0.0,0.0,0.0,0.0,0.02,0.0,0.0,0.0,0.0,0.0,0.0
41,1,5,0,False,0.6500561996058748,0.14524536433303137,4,qEHVI,0.0,0.36,0.56,0.04,0.0,0.0,0.0,0.0,0.0,0.0,0.0,0.0,0.0,0.04,0.0
41,2,4,1,False,0.6105347474217879,0.1474187007362504,0,qEHVI,0.38,0.18,0.4,0.04,0.0,0.0,0.0,0.0,0.0,0.0,0.0,0.0,0.0,0.0,0.0
41,2,4,1,False,0.6105347474217879,0.1474187007362504,1,qEHVI,0.38,0.16,0.38,0.0,0.02,0.0,0.0,0.0,0.0,0.0,0.0,0.04,0.0,0.02,0.0
41,2,4,1,False,0.6105347474217879,0.1474187007362504,2,qEHVI,0.16,0.0,0.8200000000000001,0.0,0.0,0.0,0.0,0.0,0.0,0.0,0.0,0.0,0.0,0.0,0.02
41,2,4,1,False,0.6105347474217879,0.1474187007362504,3,qEHVI,0.64,0.22,0.04,0.0,0.02,0.0,0.0,0.0,0.02,0.0,0.0,0.0,0.0,0.02,0.04
41,2,4,1,False,0.6105347474217879,0.1474187007362504,4,qUCB,0.38,0.16,0.4,0.0,0.0,0.0,0.0,0.0,0.04,0.0,0.0,0.0,0.0,0.02,0.0
41,3,3,2,True,0.47053440007426145,0.27567711290346564,0,qEHVI,0.38,0.18,0.4,0.04,0.0,0.0,0.0,0.0,0.0,0.0,0.0,0.0,0.0,0.0,0.0
41,3,3,2,True,0.47053440007426145,0.27567711290346564,1,qEHVI,0.38,0.16,0.38,0.0,0.02,0.0,0.0,0.0,0.0,0.0,0.0,0.04,0.0,0.02,0.0
41,3,3,2,True,0.47053440007426145,0.27567711290346564,2,qEHVI,0.16,0.0,0.8200000000000001,0.0,0.0,0.0,0.0,0.0,0.0,0.0,0.0,0.0,0.0,0.0,0.02
41,3,3,2,True,0.47053440007426145,0.27567711290346564,3,qUCB,0.7000000000000001,0.14,0.06,0.0,0.04,0.0,0.0,0.0,0.04,0.0,0.0,0.0,0.0,0.0,0.02
41,3,3,2,True,0.47053440007426145,0.27567711290346564,4,qUCB,0.22,0.68,0.0,0.0,0.0,0.0,0.0,0.0,0.04,0.0,0.0,0.02,0.0,0.0,0.04
41,4,2,3,False,0.4682417584612884,0.008258174361576609,0,qEHVI,0.38,0.18,0.4,0.04,0.0,0.0,0.0,0.0,0.0,0.0,0.0,0.0,0.0,0.0,0.0
41,4,2,3,False,0.4682417584612884,0.008258174361576609,1,qEHVI,0.38,0.16,0.38,0.0,0.02,0.0,0.0,0.0,0.0,0.0,0.0,0.04,0.0,0.02,0.0
41,4,2,3,False,0.4682417584612884,0.008258174361576609,2,qUCB,0.46,0.1,0.34,0.0,0.0,0.0,0.0,0.0,0.04,0.0,0.0,0.0,0.0,0.02,0.04
41,4,2,3,False,0.4682417584612884,0.008258174361576609,3,qUCB,0.16,0.0,0.8200000000000001,0.0,0.0,0.0,0.0,0.0,0.0,0.0,0.0,0.0,0.0,0.0,0.02
41,4,2,3,False,0.4682417584612884,0.008258174361576609,4,qUCB,0.22,0.68,0.0,0.0,0.0,0.0,0.0,0.0,0.04,0.0,0.0,0.02,0.0,0.0,0.04
41,5,1,4,False,0.3796099406096561,0.5725205426838138,0,qEHVI,0.38,0.18,0.4,0.04,0.0,0.0,0.0,0.0,0.0,0.0,0.0,0.0,0.0,0.0,0.0
41,5,1,4,False,0.3796099406096561,0.5725205426838138,1,qUCB,0.66,0.18,0.06,0.0,0.0,0.0,0.0,0.0,0.0,0.0,0.0,0.04,0.0,0.04,0.02
41,5,1,4,False,0.3796099406096561,0.5725205426838138,2,qUCB,0.0,0.62,0.28,0.0,0.0,0.0,0.0,0.0,0.02,0.0,0.0,0.04,0.0,0.04,0.0
41,5,1,4,False,0.3796099406096561,0.5725205426838138,3,qUCB,0.3,0.6,0.0,0.0,0.04,0.0,0.0,0.0,0.0,0.0,0.0,0.02,0.0,0.04,0.0
41,5,1,4,False,0.3796099406096561,0.5725205426838138,4,qUCB,0.16,0.0,0.8200000000000001,0.0,0.0,0.0,0.0,0.0,0.0,0.0,0.0,0.0,0.0,0.0,0.02
41,6,0,5,False,0.26707800175432134,0.027482778859296175,0,qUCB,0.44,0.28,0.2,0.04,0.0,0.0,0.0,0.0,0.0,0.0,0.0,0.0,0.0,0.02,0.02
41,6,0,5,False,0.26707800175432134,0.027482778859296175,1,qUCB,0.16,0.0,0.8200000000000001,0.0,0.0,0.0,0.0,0.0,0.0,0.0,0.0,0.0,0.0,0.0,0.02
41,6,0,5,False,0.26707800175432134,0.027482778859296175,2,qUCB,0.38,0.46,0.06,0.04,0.0,0.0,0.0,0.0,0.02,0.0,0.0,0.04,0.0,0.0,0.0
41,6,0,5,False,0.26707800175432134,0.027482778859296175,3,qUCB,0.72,0.0,0.24,0.04,0.0,0.0,0.0,0.0,0.0,0.0,0.0,0.0,0.0,0.0,0.0
41,6,0,5,False,0.26707800175432134,0.027482778859296175,4,qUCB,0.28,0.64,0.0,0.04,0.0,0.0,0.0,0.0,0.04,0.0,0.0,0.0,0.0,0.0,0.0
42,1,5,0,False,0.8373090154799623,0.0365224924188321,0,qEHVI,0.4,0.22,0.38,0.0,0.0,0.0,0.0,0.0,0.0,0.0,0.0,0.0,0.0,0.0,0.0
42,1,5,0,False,0.8373090154799623,0.0365224924188321,1,qEHVI,0.6,0.0,0.34,0.04,0.0,0.0,0.0,0.0,0.0,0.0,0.0,0.0,0.0,0.0,0.02
42,1,5,0,False,0.8373090154799623,0.0365224924188321,2,qEHVI,0.64,0.22,0.04,0.0,0.04,0.0,0.0,0.0,0.0,0.0,0.0,0.0,0.0,0.04,0.02
42,1,5,0,False,0.8373090154799623,0.0365224924188321,3,qEHVI,0.0,0.36,0.56,0.04,0.0,0.0,0.0,0.0,0.0,0.0,0.0,0.04,0.0,0.0,0.0
42,1,5,0,False,0.8373090154799623,0.0365224924188321,4,qEHVI,0.4,0.1,0.4,0.0,0.04,0.0,0.0,0.0,0.0,0.0,0.0,0.0,0.0,0.02,0.04
42,2,4,1,True,0.724154298458428,0.46994653355548444,0,qEHVI,0.4,0.22,0.38,0.0,0.0,0.0,0.0,0.0,0.0,0.0,0.0,0.0,0.0,0.0,0.0
42,2,4,1,True,0.724154298458428,0.46994653355548444,1,qEHVI,0.6,0.0,0.34,0.04,0.0,0.0,0.0,0.0,0.0,0.0,0.0,0.0,0.0,0.0,0.02
42,2,4,1,True,0.724154298458428,0.46994653355548444,2,qEHVI,0.64,0.22,0.04,0.0,0.04,0.0,0.0,0.0,0.0,0.0,0.0,0.0,0.0,0.04,0.02
42,2,4,1,True,0.724154298458428,0.46994653355548444,3,qEHVI,0.0,0.36,0.56,0.04,0.0,0.0,0.0,0.0,0.0,0.0,0.0,0.04,0.0,0.0,0.0
42,2,4,1,True,0.724154298458428,0.46994653355548444,4,qUCB,0.44,0.44,0.02,0.0,0.0,0.0,0.0,0.0,0.0,0.0,0.0,0.04,0.0,0.02,0.04
42,3,3,2,False,0.6200068270904242,0.34880203810127774,0,qEHVI,0.4,0.22,0.38,0.0,0.0,0.0,0.0,0.0,0.0,0.0,0.0,0.0,0.0,0.0,0.0
42,3,3,2,False,0.6200068270904242,0.34880203810127774,1,qEHVI,0.6,0.0,0.34,0.04,0.0,0.0,0.0,0.0,0.0,0.0,0.0,0.0,0.0,0.0,0.02
42,3,3,2,False,0.6200068270904242,0.34880203810127774,2,qEHVI,0.64,0.22,0.04,0.0,0.04,0.0,0.0,0.0,0.0,0.0,0.0,0.0,0.0,0.04,0.02
42,3,3,2,False,0.6200068270904242,0.34880203810127774,3,qUCB,0.44,0.44,0.02,0.0,0.0,0.0,0.0,0.0,0.0,0.0,0.0,0.04,0.0,0.02,0.04
42,3,3,2,False,0.6200068270904242,0.34880203810127774,4,qUCB,0.0,0.8200000000000001,0.08,0.04,0.04,0.0,0.0,0.0,0.02,0.0,0.0,0.0,0.0,0.0,0.0
42,4,2,3,False,0.7708317839676935,0.033999949738361845,0,qEHVI,0.4,0.22,0.38,0.0,0.0,0.0,0.0,0.0,0.0,0.0,0.0,0.0,0.0,0.0,0.0
42,4,2,3,False,0.7708317839676935,0.033999949738361845,1,qEHVI,0.6,0.0,0.34,0.04,0.0,0.0,0.0,0.0,0.0,0.0,0.0,0.0,0.0,0.0,0.02
42,4,2,3,False,0.7708317839676935,0.033999949738361845,2,qUCB,0.62,0.24,0.04,0.0,0.04,0.0,0.0,0.0,0.0,0.0,0.0,0.04,0.0,0.0,0.02
42,4,2,3,False,0.7708317839676935,0.033999949738361845,3,qUCB,0.0,0.8200000000000001,0.08,0.04,0.04,0.0,0.0,0.0,0.02,0.0,0.0,0.0,0.0,0.0,0.0
42,4,2,3,False,0.7708317839676935,0.033999949738361845,4,qUCB,0.02,0.72,0.16,0.04,0.0,0.0,0.0,0.0,0.02,0.0,0.0,0.0,0.0,0.04,0.0
42,5,1,4,False,0.4691070998326363,0.07297315320121411,0,qEHVI,0.4,0.22,0.38,0.0,0.0,0.0,0.0,0.0,0.0,0.0,0.0,0.0,0.0,0.0,0.0
42,5,1,4,False,0.4691070998326363,0.07297315320121411,1,qUCB,0.62,0.24,0.04,0.0,0.04,0.0,0.0,0.0,0.0,0.0,0.0,0.04,0.0,0.0,0.02
42,5,1,4,False,0.4691070998326363,0.07297315320121411,2,qUCB,0.0,0.8200000000000001,0.08,0.04,0.04,0.0,0.0,0.0,0.02,0.0,0.0,0.0,0.0,0.0,0.0
42,5,1,4,False,0.4691070998326363,0.07297315320121411,3,qUCB,0.44,0.26,0.2,0.04,0.0,0.0,0.0,0.0,0.04,0.0,0.0,0.02,0.0,0.0,0.0
42,5,1,4,False,0.4691070998326363,0.07297315320121411,4,qUCB,0.34,0.5,0.06,0.04,0.04,0.0,0.0,0.0,0.0,0.0,0.0,0.02,0.0,0.0,0.0
42,6,0,5,False,0.37181860647271486,0.14261708115594995,0,qUCB,0.42,0.32,0.2,0.04,0.02,0.0,0.0,0.0,0.0,0.0,0.0,0.0,0.0,0.0,0.0
42,6,0,5,False,0.37181860647271486,0.14261708115594995,1,qUCB,0.34,0.5,0.06,0.04,0.04,0.0,0.0,0.0,0.0,0.0,0.0,0.02,0.0,0.0,0.0
42,6,0,5,False,0.37181860647271486,0.14261708115594995,2,qUCB,0.64,0.02,0.24,0.04,0.0,0.0,0.0,0.0,0.04,0.0,0.0,0.0,0.0,0.0,0.02
42,6,0,5,False,0.37181860647271486,0.14261708115594995,3,qUCB,0.4,0.1,0.4,0.0,0.04,0.0,0.0,0.0,0.0,0.0,0.0,0.0,0.0,0.02,0.04
42,6,0,5,False,0.37181860647271486,0.14261708115594995,4,qUCB,0.5,0.18,0.22,0.04,0.02,0.0,0.0,0.0,0.04,0.0,0.0,0.0,0.0,0.0,0.0
43,1,5,0,False,1.5298838040132172,0.04560279422740621,0,qEHVI,0.7000000000000001,0.14,0.06,0.0,0.04,0.0,0.0,0.0,0.0,0.0,0.0,0.04,0.0,0.0,0.02
43,1,5,0,False,1.5298838040132172,0.04560279422740621,1,qEHVI,0.48,0.04,0.38,0.02,0.0,0.0,0.0,0.0,0.0,0.0,0.0,0.04,0.0,0.0,0.04
43,1,5,0,False,1.5298838040132172,0.04560279422740621,2,qEHVI,0.36,0.16,0.38,0.04,0.0,0.0,0.0,0.0,0.0,0.0,0.0,0.0,0.0,0.04,0.02
43,1,5,0,False,1.5298838040132172,0.04560279422740621,3,qEHVI,0.66,0.18,0.06,0.0,0.04,0.0,0.0,0.0,0.0,0.0,0.0,0.02,0.0,0.0,0.04
43,1,5,0,False,1.5298838040132172,0.04560279422740621,4,qEHVI,0.42,0.0,0.48,0.04,0.04,0.0,0.0,0.0,0.0,0.0,0.0,0.02,0.0,0.0,0.0
43,2,4,1,True,1.3321069215967567,0.07850718878192375,0,qEHVI,0.7000000000000001,0.14,0.06,0.0,0.04,0.0,0.0,0.0,0.0,0.0,0.0,0.04,0.0,0.0,0.02
43,2,4,1,True,1.3321069215967567,0.07850718878192375,1,qEHVI,0.48,0.04,0.38,0.02,0.0,0.0,0.0,0.0,0.0,0.0,0.0,0.04,0.0,0.0,0.04
43,2,4,1,True,1.3321069215967567,0.07850718878192375,2,qEHVI,0.36,0.16,0.38,0.04,0.0,0.0,0.0,0.0,0.0,0.0,0.0,0.0,0.0,0.04,0.02
43,2,4,1,True,1.3321069215967567,0.07850718878192375,3,qEHVI,0.36,0.28,0.26,0.0,0.0,0.0,0.0,0.0,0.04,0.0,0.0,0.02,0.0,0.0,0.04
43,2,4,1,True,1.3321069215967567,0.07850718878192375,4,qUCB,0.38,0.34,0.18,0.04,0.04,0.0,0.0,0.0,0.02,0.0,0.0,0.0,0.0,0.0,0.0
43,3,3,2,False,1.1932974997325096,0.06340886883928087,0,qEHVI,0.7000000000000001,0.14,0.06,0.0,0.04,0.0,0.0,0.0,0.0,0.0,0.0,0.04,0.0,0.0,0.02
43,3,3,2,False,1.1932974997325096,0.06340886883928087,1,qEHVI,0.48,0.04,0.38,0.02,0.0,0.0,0.0,0.0,0.0,0.0,0.0,0.04,0.0,0.0,0.04
43,3,3,2,False,1.1932974997325096,0.06340886883928087,2,qEHVI,0.36,0.16,0.38,0.04,0.0,0.0,0.0,0.0,0.0,0.0,0.0,0.0,0.0,0.04,0.02
43,3,3,2,False,1.1932974997325096,0.06340886883928087,3,qUCB,0.36,0.26,0.34,0.0,0.0,0.0,0.0,0.0,0.04,0.0,0.0,0.0,0.0,0.0,0.0
43,3,3,2,False,1.1932974997325096,0.06340886883928087,4,qUCB,0.12,0.62,0.16,0.04,0.02,0.0,0.0,0.0,0.04,0.0,0.0,0.0,0.0,0.0,0.0
43,4,2,3,False,1.0543409716300527,0.04364193459491661,0,qEHVI,0.7000000000000001,0.14,0.06,0.0,0.04,0.0,0.0,0.0,0.0,0.0,0.0,0.04,0.0,0.0,0.02
43,4,2,3,False,1.0543409716300527,0.04364193459491661,1,qEHVI,0.48,0.04,0.38,0.02,0.0,0.0,0.0,0.0,0.0,0.0,0.0,0.04,0.0,0.0,0.04
43,4,2,3,False,1.0543409716300527,0.04364193459491661,2,qUCB,0.36,0.22,0.34,0.0,0.0,0.0,0.0,0.0,0.04,0.0,0.0,0.0,0.0,0.04,0.0
43,4,2,3,False,1.0543409716300527,0.04364193459491661,3,qUCB,0.12,0.62,0.16,0.04,0.02,0.0,0.0,0.0,0.04,0.0,0.0,0.0,0.0,0.0,0.0
43,4,2,3,False,1.0543409716300527,0.04364193459491661,4,qUCB,0.02,0.8200000000000001,0.06,0.04,0.0,0.0,0.0,0.0,0.0,0.0,0.0,0.0,0.0,0.04,0.02
43,5,1,4,False,0.9284291781995878,0.02831323397065466,0,qEHVI,0.7000000000000001,0.14,0.06,0.0,0.04,0.0,0.0,0.0,0.0,0.0,0.0,0.04,0.0,0.0,0.02
43,5,1,4,False,0.9284291781995878,0.02831323397065466,1,qUCB,0.38,0.12,0.4,0.04,0.0,0.0,0.0,0.0,0.02,0.0,0.0,0.0,0.0,0.04,0.0
43,5,1,4,False,0.9284291781995878,0.02831323397065466,2,qUCB,0.02,0.8200000000000001,0.06,0.04,0.0,0.0,0.0,0.0,0.0,0.0,0.0,0.0,0.0,0.04,0.02
43,5,1,4,False,0.9284291781995878,0.02831323397065466,3,qUCB,0.14,0.64,0.16,0.04,0.0,0.0,0.0,0.0,0.02,0.0,0.0,0.0,0.0,0.0,0.0
43,5,1,4,False,0.9284291781995878,0.02831323397065466,4,qUCB,0.46,0.26,0.2,0.04,0.0,0.0,0.0,0.0,0.0,0.0,0.0,0.0,0.0,0.04,0.0
43,6,0,5,False,0.8259237003096674,0.236804159397213,0,qUCB,0.7000000000000001,0.14,0.06,0.0,0.04,0.0,0.0,0.0,0.0,0.0,0.0,0.04,0.0,0.0,0.02
43,6,0,5,False,0.8259237003096674,0.236804159397213,1,qUCB,0.62,0.06,0.24,0.04,0.0,0.0,0.0,0.0,0.02,0.0,0.0,0.0,0.0,0.0,0.02
43,6,0,5,False,0.8259237003096674,0.236804159397213,2,qUCB,0.2,0.56,0.16,0.04,0.0,0.0,0.0,0.0,0.0,0.0,0.0,0.0,0.0,0.0,0.04
43,6,0,5,False,0.8259237003096674,0.236804159397213,3,qUCB,0.44,0.26,0.2,0.04,0.0,0.0,0.0,0.0,0.0,0.0,0.0,0.0,0.0,0.02,0.04
43,6,0,5,False,0.8259237003096674,0.236804159397213,4,qUCB,0.0,0.84,0.08,0.04,0.0,0.0,0.0,0.0,0.0,0.0,0.0,0.0,0.0,0.0,0.04
44,1,5,0,False,0.6687752031774817,0.14639484021514804,0,qEHVI,0.38,0.16,0.38,0.02,0.04,0.0,0.0,0.0,0.02,0.0,0.0,0.0,0.0,0.0,0.0
44,1,5,0,False,0.6687752031774817,0.14639484021514804,1,qEHVI,0.64,0.0,0.34,0.02,0.0,0.0,0.0,0.0,0.0,0.0,0.0,0.0,0.0,0.0,0.0
44,1,5,0,False,0.6687752031774817,0.14639484021514804,2,qEHVI,0.64,0.2,0.06,0.0,0.04,0.0,0.0,0.0,0.0,0.0,0.0,0.0,0.0,0.02,0.04
44,1,5,0,False,0.6687752031774817,0.14639484021514804,3,qEHVI,0.42,0.0,0.48,0.04,0.04,0.0,0.0,0.0,0.0,0.0,0.0,0.02,0.0,0.0,0.0
44,1,5,0,False,0.6687752031774817,0.14639484021514804,4,qEHVI,0.38,0.08,0.44,0.02,0.02,0.0,0.0,0.0,0.0,0.0,0.0,0.04,0.0,0.0,0.02
44,2,4,1,False,0.5667494621872984,0.05646462423809773,0,qEHVI,0.64,0.0,0.34,0.02,0.0,0.0,0.0,0.0,0.0,0.0,0.0,0.0,0.0,0.0,0.0
44,2,4,1,False,0.5667494621872984,0.05646462423809773,1,qEHVI,0.38,0.16,0.38,0.02,0.04,0.0,0.0,0.0,0.02,0.0,0.0,0.0,0.0,0.0,0.0
44,2,4,1,False,0.5667494621872984,0.05646462423809773,2,qEHVI,0.64,0.2,0.06,0.0,0.04,0.0,0.0,0.0,0.0,0.0,0.0,0.0,0.0,0.02,0.04
44,2,4,1,False,0.5667494621872984,0.05646462423809773,3,qEHVI,0.42,0.0,0.48,0.04,0.04,0.0,0.0,0.0,0.0,0.0,0.0,0.02,0.0,0.0,0.0
44,2,4,1,False,0.5667494621872984,0.05646462423809773,4,qUCB,0.44,0.42,0.04,0.0,0.0,0.0,0.0,0.0,0.02,0.0,0.0,0.04,0.0,0.04,0.0
44,3,3,2,True,0.4697757921080235,0.05561248851158318,0,qEHVI,0.64,0.0,0.34,0.02,0.0,0.0,0.0,0.0,0.0,0.0,0.0,0.0,0.0,0.0,0.0
44,3,3,2,True,0.4697757921080235,0.05561248851158318,1,qEHVI,0.38,0.16,0.38,0.02,0.04,0.0,0.0,0.0,0.02,0.0,0.0,0.0,0.0,0.0,0.0
44,3,3,2,True,0.4697757921080235,0.05561248851158318,2,qEHVI,0.64,0.2,0.06,0.0,0.04,0.0,0.0,0.0,0.0,0.0,0.0,0.0,0.0,0.02,0.04
44,3,3,2,True,0.4697757921080235,0.05561248851158318,3,qUCB,0.44,0.42,0.04,0.0,0.0,0.0,0.0,0.0,0.02,0.0,0.0,0.04,0.0,0.04,0.0
44,3,3,2,True,0.4697757921080235,0.05561248851158318,4,qUCB,0.02,0.8,0.08,0.04,0.0,0.0,0.0,0.0,0.02,0.0,0.0,0.0,0.0,0.0,0.04
44,4,2,3,False,0.4786981213331366,0.05915098447902256,0,qEHVI,0.64,0.0,0.34,0.02,0.0,0.0,0.0,0.0,0.0,0.0,0.0,0.0,0.0,0.0,0.0
44,4,2,3,False,0.4786981213331366,0.05915098447902256,1,qEHVI,0.38,0.16,0.38,0.02,0.04,0.0,0.0,0.0,0.02,0.0,0.0,0.0,0.0,0.0,0.0
44,4,2,3,False,0.4786981213331366,0.05915098447902256,2,qUCB,0.68,0.16,0.06,0.0,0.0,0.0,0.0,0.0,0.0,0.0,0.0,0.02,0.0,0.04,0.04
44,4,2,3,False,0.4786981213331366,0.05915098447902256,3,qUCB,0.0,0.84,0.06,0.0,0.0,0.0,0.0,0.0,0.02,0.0,0.0,0.0,0.0,0.04,0.04
44,4,2,3,False,0.4786981213331366,0.05915098447902256,4,qUCB,0.0,0.6,0.3,0.0,0.0,0.0,0.0,0.0,0.02,0.0,0.0,0.04,0.0,0.0,0.04
44,5,1,4,False,0.3781385708935411,0.027241455507498902,0,qEHVI,0.64,0.0,0.34,0.02,0.0,0.0,0.0,0.0,0.0,0.0,0.0,0.0,0.0,0.0,0.0
44,5,1,4,False,0.3781385708935411,0.027241455507498902,1,qUCB,0.44,0.44,0.02,0.0,0.02,0.0,0.0,0.0,0.04,0.0,0.0,0.04,0.0,0.0,0.0
44,5,1,4,False,0.3781385708935411,0.027241455507498902,2,qUCB,0.0,0.62,0.28,0.0,0.04,0.0,0.0,0.0,0.04,0.0,0.0,0.02,0.0,0.0,0.0
44,5,1,4,False,0.3781385708935411,0.027241455507498902,3,qUCB,0.02,0.8,0.08,0.04,0.0,0.0,0.0,0.0,0.02,0.0,0.0,0.0,0.0,0.0,0.04
44,5,1,4,False,0.3781385708935411,0.027241455507498902,4,qUCB,0.0,0.84,0.06,0.0,0.0,0.0,0.0,0.0,0.02,0.0,0.0,0.0,0.0,0.04,0.04
44,6,0,5,False,0.19888230923764136,0.04266804456084472,0,qUCB,0.68,0.16,0.06,0.0,0.0,0.0,0.0,0.0,0.0,0.0,0.0,0.02,0.0,0.04,0.04
44,6,0,5,False,0.19888230923764136,0.04266804456084472,1,qUCB,0.3,0.56,0.06,0.04,0.0,0.0,0.0,0.0,0.0,0.0,0.0,0.02,0.0,0.02,0.0
44,6,0,5,False,0.19888230923764136,0.04266804456084472,2,qUCB,0.12,0.62,0.16,0.04,0.0,0.0,0.0,0.0,0.0,0.0,0.0,0.02,0.0,0.02,0.02
44,6,0,5,False,0.19888230923764136,0.04266804456084472,3,qUCB,0.5,0.18,0.22,0.04,0.0,0.0,0.0,0.0,0.0,0.0,0.0,0.04,0.0,0.0,0.02
44,6,0,5,False,0.19888230923764136,0.04266804456084472,4,qUCB,0.02,0.8,0.08,0.04,0.0,0.0,0.0,0.0,0.02,0.0,0.0,0.0,0.0,0.0,0.04
45,1,5,0,True,0.43333268611434445,0.0029853744324830345,0,qEHVI,0.4,0.12,0.38,0.02,0.0,0.0,0.0,0.0,0.0,0.0,0.0,0.0,0.0,0.04,0.04
45,1,5,0,True,0.43333268611434445,0.0029853744324830345,1,qEHVI,0.38,0.16,0.4,0.02,0.0,0.0,0.0,0.0,0.02,0.0,0.0,0.02,0.0,0.0,0.0
45,1,5,0,True,0.43333268611434445,0.0029853744324830345,2,qEHVI,0.0,0.76,0.16,0.04,0.0,0.0,0.0,0.0,0.0,0.0,0.0,0.0,0.0,0.02,0.02
45,1,5,0,True,0.43333268611434445,0.0029853744324830345,3,qEHVI,0.3,0.0,0.66,0.0,0.02,0.0,0.0,0.0,0.0,0.0,0.0,0.0,0.0,0.02,0.0
45,1,5,0,True,0.43333268611434445,0.0029853744324830345,4,qEHVI,0.42,0.04,0.44,0.02,0.02,0.0,0.0,0.0,0.0,0.0,0.0,0.04,0.0,0.02,0.0
45,2,4,1,False,0.4331007615758432,0.0172973565321497,0,qEHVI,0.38,0.16,0.4,0.02,0.0,0.0,0.0,0.0,0.02,0.0,0.0,0.02,0.0,0.0,0.0
45,2,4,1,False,0.4331007615758432,0.0172973565321497,1,qEHVI,0.4,0.12,0.38,0.02,0.0,0.0,0.0,0.0,0.0,0.0,0.0,0.0,0.0,0.04,0.04
45,2,4,1,False,0.4331007615758432,0.0172973565321497,2,qEHVI,0.0,0.76,0.16,0.04,0.0,0.0,0.0,0.0,0.0,0.0,0.0,0.0,0.0,0.02,0.02
45,2,4,1,False,0.4331007615758432,0.0172973565321497,3,qEHVI,0.3,0.0,0.66,0.0,0.02,0.0,0.0,0.0,0.0,0.0,0.0,0.0,0.0,0.02,0.0
45,2,4,1,False,0.4331007615758432,0.0172973565321497,4,qUCB,0.56,0.32,0.02,0.0,0.02,0.0,0.0,0.0,0.0,0.0,0.0,0.04,0.0,0.0,0.04
45,3,3,2,False,0.3479628924571412,0.02186898188887021,0,qEHVI,0.4,0.12,0.38,0.02,0.0,0.0,0.0,0.0,0.0,0.0,0.0,0.0,0.0,0.04,0.04
45,3,3,2,False,0.3479628924571412,0.02186898188887021,1,qEHVI,0.0,0.76,0.16,0.04,0.0,0.0,0.0,0.0,0.0,0.0,0.0,0.0,0.0,0.02,0.02
45,3,3,2,False,0.3479628924571412,0.02186898188887021,2,qEHVI,0.38,0.16,0.4,0.02,0.0,0.0,0.0,0.0,0.02,0.0,0.0,0.02,0.0,0.0,0.0
45,3,3,2,False,0.3479628924571412,0.02186898188887021,3,qUCB,0.4,0.14,0.36,0.0,0.04,0.0,0.0,0.0,0.0,0.0,0.0,0.02,0.0,0.04,0.0
45,3,3,2,False,0.3479628924571412,0.02186898188887021,4,qUCB,0.0,0.66,0.28,0.0,0.04,0.0,0.0,0.0,0.0,0.0,0.0,0.0,0.0,0.0,0.02
45,4,2,3,False,0.4107073931186744,0.07132372995280001,0,qEHVI,0.38,0.16,0.4,0.02,0.0,0.0,0.0,0.0,0.02,0.0,0.0,0.02,0.0,0.0,0.0
45,4,2,3,False,0.4107073931186744,0.07132372995280001,1,qEHVI,0.4,0.12,0.38,0.02,0.0,0.0,0.0,0.0,0.0,0.0,0.0,0.0,0.0,0.04,0.04
45,4,2,3,False,0.4107073931186744,0.07132372995280001,2,qUCB,0.4,0.14,0.36,0.0,0.04,0.0,0.0,0.0,0.0,0.0,0.0,0.02,0.0,0.04,0.0
45,4,2,3,False,0.4107073931186744,0.07132372995280001,3,qUCB,0.0,0.66,0.28,0.0,0.04,0.0,0.0,0.0,0.0,0.0,0.0,0.0,0.0,0.0,0.02
45,4,2,3,False,0.4107073931186744,0.07132372995280001,4,qUCB,0.14,0.58,0.18,0.04,0.04,0.0,0.0,0.0,0.0,0.0,0.0,0.0,0.0,0.0,0.02
45,5,1,4,False,0.2997954214725405,0.15003851665028212,0,qEHVI,0.38,0.16,0.4,0.02,0.0,0.0,0.0,0.0,0.02,0.0,0.0,0.02,0.0,0.0,0.0
45,5,1,4,False,0.2997954214725405,0.15003851665028212,1,qUCB,0.68,0.18,0.06,0.0,0.04,0.0,0.0,0.0,0.0,0.0,0.0,0.0,0.0,0.04,0.0
45,5,1,4,False,0.2997954214725405,0.15003851665028212,2,qUCB,0.0,0.66,0.28,0.0,0.04,0.0,0.0,0.0,0.0,0.0,0.0,0.0,0.0,0.0,0.02
45,5,1,4,False,0.2997954214725405,0.15003851665028212,3,qUCB,0.06,0.7000000000000001,0.16,0.04,0.0,0.0,0.0,0.0,0.0,0.0,0.0,0.0,0.0,0.0,0.04
45,5,1,4,False,0.2997954214725405,0.15003851665028212,4,qUCB,0.28,0.54,0.08,0.04,0.02,0.0,0.0,0.0,0.0,0.0,0.0,0.0,0.0,0.0,0.04
45,6,0,5,False,0.25406048399687425,0.0029868361960962986,0,qUCB,0.4,0.1,0.4,0.0,0.0,0.0,0.0,0.0,0.04,0.0,0.0,0.02,0.0,0.02,0.02
45,6,0,5,False,0.25406048399687425,0.0029868361960962986,1,qUCB,0.34,0.5,0.06,0.04,0.0,0.0,0.0,0.0,0.0,0.0,0.0,0.02,0.0,0.0,0.04
45,6,0,5,False,0.25406048399687425,0.0029868361960962986,2,qUCB,0.02,0.74,0.16,0.04,0.0,0.0,0.0,0.0,0.0,0.0,0.0,0.04,0.0,0.0,0.0
45,6,0,5,False,0.25406048399687425,0.0029868361960962986,3,qUCB,0.68,0.0,0.24,0.04,0.0,0.0,0.0,0.0,0.02,0.0,0.0,0.0,0.0,0.0,0.02
45,6,0,5,False,0.25406048399687425,0.0029868361960962986,4,qUCB,0.0,0.66,0.28,0.0,0.04,0.0,0.0,0.0,0.0,0.0,0.0,0.0,0.0,0.0,0.02
46,1,5,0,True,0.522257779177771,0.09902266762047773,0,qEHVI,0.38,0.08,0.44,0.04,0.02,0.0,0.0,0.0,0.0,0.0,0.0,0.04,0.0,0.0,0.0
46,1,5,0,True,0.522257779177771,0.09902266762047773,1,qEHVI,0.4,0.14,0.4,0.02,0.0,0.0,0.0,0.0,0.0,0.0,0.0,0.0,0.0,0.04,0.0
46,1,5,0,True,0.522257779177771,0.09902266762047773,2,qEHVI,0.6,0.26,0.04,0.0,0.04,0.0,0.0,0.0,0.0,0.0,0.0,0.04,0.0,0.0,0.02
46,1,5,0,True,0.522257779177771,0.09902266762047773,3,qEHVI,0.4,0.12,0.38,0.0,0.04,0.0,0.0,0.0,0.04,0.0,0.0,0.0,0.0,0.0,0.02
46,1,5,0,True,0.522257779177771,0.09902266762047773,4,qEHVI,0.7000000000000001,0.14,0.06,0.0,0.02,0.0,0.0,0.0,0.0,0.0,0.0,0.0,0.0,0.04,0.04
46,2,4,1,False,0.4544894938755174,0.20368220272840887,0,qEHVI,0.38,0.08,0.44,0.04,0.02,0.0,0.0,0.0,0.0,0.0,0.0,0.04,0.0,0.0,0.0
46,2,4,1,False,0.4544894938755174,0.20368220272840887,1,qEHVI,0.4,0.12,0.38,0.0,0.04,0.0,0.0,0.0,0.04,0.0,0.0,0.0,0.0,0.0,0.02
46,2,4,1,False,0.4544894938755174,0.20368220272840887,2,qEHVI,0.6,0.26,0.04,0.0,0.04,0.0,0.0,0.0,0.0,0.0,0.0,0.04,0.0,0.0,0.02
46,2,4,1,False,0.4544894938755174,0.20368220272840887,3,qEHVI,0.4,0.14,0.4,0.02,0.0,0.0,0.0,0.0,0.0,0.0,0.0,0.0,0.0,0.04,0.0
46,2,4,1,False,0.4544894938755174,0.20368220272840887,4,qUCB,0.6,0.26,0.04,0.0,0.0,0.0,0.0,0.0,0.04,0.0,0.0,0.04,0.0,0.02,0.0
46,3,3,2,False,0.3836627355273016,0.014979042357154526,0,qEHVI,0.38,0.08,0.44,0.04,0.02,0.0,0.0,0.0,0.0,0.0,0.0,0.04,0.0,0.0,0.0
46,3,3,2,False,0.3836627355273016,0.014979042357154526,1,qEHVI,0.4,0.12,0.38,0.0,0.04,0.0,0.0,0.0,0.04,0.0,0.0,0.0,0.0,0.0,0.02
46,3,3,2,False,0.3836627355273016,0.014979042357154526,2,qEHVI,0.6,0.26,0.04,0.0,0.04,0.0,0.0,0.0,0.0,0.0,0.0,0.04,0.0,0.0,0.02
46,3,3,2,False,0.3836627355273016,0.014979042357154526,3,qUCB,0.46,0.06,0.38,0.02,0.0,0.0,0.0,0.0,0.0,0.0,0.0,0.0,0.0,0.04,0.04
46,3,3,2,False,0.3836627355273016,0.014979042357154526,4,qUCB,0.3,0.54,0.06,0.04,0.02,0.0,0.0,0.0,0.0,0.0,0.0,0.0,0.0,0.04,0.0
46,4,2,3,False,0.36866402286619154,0.02291661149031654,0,qEHVI,0.38,0.08,0.44,0.04,0.02,0.0,0.0,0.0,0.0,0.0,0.0,0.04,0.0,0.0,0.0
46,4,2,3,False,0.36866402286619154,0.02291661149031654,1,qEHVI,0.4,0.14,0.4,0.02,0.0,0.0,0.0,0.0,0.0,0.0,0.0,0.0,0.0,0.04,0.0
46,4,2,3,False,0.36866402286619154,0.02291661149031654,2,qUCB,0.4,0.12,0.38,0.0,0.04,0.0,0.0,0.0,0.04,0.0,0.0,0.0,0.0,0.0,0.02
46,4,2,3,False,0.36866402286619154,0.02291661149031654,3,qUCB,0.02,0.62,0.28,0.0,0.04,0.0,0.0,0.0,0.0,0.0,0.0,0.0,0.0,0.0,0.04
46,4,2,3,False,0.36866402286619154,0.02291661149031654,4,qUCB,0.38,0.46,0.06,0.04,0.0,0.0,0.0,0.0,0.04,0.0,0.0,0.0,0.0,0.0,0.02
46,5,1,4,False,0.23205607475235263,0.03829353815099057,0,qEHVI,0.38,0.08,0.44,0.04,0.02,0.0,0.0,0.0,0.0,0.0,0.0,0.04,0.0,0.0,0.0
46,5,1,4,False,0.23205607475235263,0.03829353815099057,1,qUCB,0.68,0.16,0.06,0.0,0.0,0.0,0.0,0.0,0.04,0.0,0.0,0.0,0.0,0.02,0.04
46,5,1,4,False,0.23205607475235263,0.03829353815099057,2,qUCB,0.02,0.6,0.28,0.0,0.04,0.0,0.0,0.0,0.02,0.0,0.0,0.0,0.0,0.04,0.0
46,5,1,4,False,0.23205607475235263,0.03829353815099057,3,qUCB,0.24,0.54,0.14,0.0,0.0,0.0,0.0,0.0,0.04,0.0,0.0,0.0,0.0,0.04,0.0
46,5,1,4,False,0.23205607475235263,0.03829353815099057,4,qUCB,0.3,0.54,0.06,0.04,0.02,0.0,0.0,0.0,0.0,0.0,0.0,0.0,0.0,0.04,0.0
46,6,0,5,False,0.23186419398891925,0.015444698231073417,0,qUCB,0.6,0.26,0.04,0.0,0.04,0.0,0.0,0.0,0.0,0.0,0.0,0.04,0.0,0.0,0.02
46,6,0,5,False,0.23186419398891925,0.015444698231073417,1,qUCB,0.34,0.54,0.06,0.04,0.0,0.0,0.0,0.0,0.0,0.0,0.0,0.02,0.0,0.0,0.0
46,6,0,5,False,0.23186419398891925,0.015444698231073417,2,qUCB,0.68,0.0,0.24,0.04,0.0,0.0,0.0,0.0,0.02,0.0,0.0,0.0,0.0,0.0,0.02
46,6,0,5,False,0.23186419398891925,0.015444698231073417,3,qUCB,0.0,0.66,0.28,0.0,0.02,0.0,0.0,0.0,0.0,0.0,0.0,0.02,0.0,0.02,0.0
46,6,0,5,False,0.23186419398891925,0.015444698231073417,4,qUCB,0.36,0.4,0.22,0.0,0.0,0.0,0.0,0.0,0.0,0.0,0.0,0.0,0.0,0.0,0.02
47,1,5,0,True,0.42707866002851097,0.09493430493945176,0,qEHVI,0.36,0.16,0.38,0.02,0.0,0.0,0.0,0.0,0.02,0.0,0.0,0.04,0.0,0.02,0.0
47,1,5,0,True,0.42707866002851097,0.09493430493945176,1,qEHVI,0.46,0.0,0.48,0.0,0.04,0.0,0.0,0.0,0.0,0.0,0.0,0.0,0.0,0.02,0.0
47,1,5,0,True,0.42707866002851097,0.09493430493945176,2,qEHVI,0.38,0.18,0.4,0.0,0.0,0.0,0.0,0.0,0.0,0.0,0.0,0.0,0.0,0.0,0.04
47,1,5,0,True,0.42707866002851097,0.09493430493945176,3,qEHVI,0.24,0.0,0.72,0.0,0.0,0.0,0.0,0.0,0.04,0.0,0.0,0.0,0.0,0.0,0.0
47,1,5,0,True,0.42707866002851097,0.09493430493945176,4,qEHVI,0.0,0.26,0.64,0.04,0.0,0.0,0.0,0.0,0.0,0.0,0.0,0.02,0.0,0.04,0.0
47,2,4,1,False,0.3534178010658134,0.20624634687031929,0,qEHVI,0.36,0.16,0.38,0.02,0.0,0.0,0.0,0.0,0.02,0.0,0.0,0.04,0.0,0.02,0.0
47,2,4,1,False,0.3534178010658134,0.20624634687031929,1,qEHVI,0.24,0.0,0.72,0.0,0.0,0.0,0.0,0.0,0.04,0.0,0.0,0.0,0.0,0.0,0.0
47,2,4,1,False,0.3534178010658134,0.20624634687031929,2,qEHVI,0.38,0.18,0.4,0.0,0.0,0.0,0.0,0.0,0.0,0.0,0.0,0.0,0.0,0.0,0.04
47,2,4,1,False,0.3534178010658134,0.20624634687031929,3,qEHVI,0.46,0.0,0.48,0.0,0.04,0.0,0.0,0.0,0.0,0.0,0.0,0.0,0.0,0.02,0.0
47,2,4,1,False,0.3534178010658134,0.20624634687031929,4,qUCB,0.5,0.38,0.02,0.0,0.04,0.0,0.0,0.0,0.02,0.0,0.0,0.04,0.0,0.0,0.0
47,3,3,2,False,0.34024384555200554,0.04338681546966994,0,qEHVI,0.36,0.16,0.38,0.02,0.0,0.0,0.0,0.0,0.02,0.0,0.0,0.04,0.0,0.02,0.0
47,3,3,2,False,0.34024384555200554,0.04338681546966994,1,qEHVI,0.24,0.0,0.72,0.0,0.0,0.0,0.0,0.0,0.04,0.0,0.0,0.0,0.0,0.0,0.0
47,3,3,2,False,0.34024384555200554,0.04338681546966994,2,qEHVI,0.38,0.18,0.4,0.0,0.0,0.0,0.0,0.0,0.0,0.0,0.0,0.0,0.0,0.0,0.04
47,3,3,2,False,0.34024384555200554,0.04338681546966994,3,qUCB,0.38,0.32,0.22,0.0,0.04,0.0,0.0,0.0,0.0,0.0,0.0,0.0,0.0,0.04,0.0
47,3,3,2,False,0.34024384555200554,0.04338681546966994,4,qUCB,0.4,0.42,0.08,0.04,0.04,0.0,0.0,0.0,0.02,0.0,0.0,0.0,0.0,0.0,0.0
47,4,2,3,False,0.2562184265353393,0.13922455095976227,0,qEHVI,0.36,0.16,0.38,0.02,0.0,0.0,0.0,0.0,0.02,0.0,0.0,0.04,0.0,0.02,0.0
47,4,2,3,False,0.2562184265353393,0.13922455095976227,1,qEHVI,0.38,0.18,0.4,0.0,0.0,0.0,0.0,0.0,0.0,0.0,0.0,0.0,0.0,0.0,0.04
47,4,2,3,False,0.2562184265353393,0.13922455095976227,2,qUCB,0.38,0.32,0.22,0.0,0.04,0.0,0.0,0.0,0.0,0.0,0.0,0.0,0.0,0.04,0.0
47,4,2,3,False,0.2562184265353393,0.13922455095976227,3,qUCB,0.4,0.42,0.08,0.04,0.04,0.0,0.0,0.0,0.02,0.0,0.0,0.0,0.0,0.0,0.0
47,4,2,3,False,0.2562184265353393,0.13922455095976227,4,qUCB,0.54,0.24,0.14,0.04,0.04,0.0,0.0,0.0,0.0,0.0,0.0,0.0,0.0,0.0,0.0
47,5,1,4,False,0.23584646209550778,0.10561864346854666,0,qEHVI,0.36,0.16,0.38,0.02,0.0,0.0,0.0,0.0,0.02,0.0,0.0,0.04,0.0,0.02,0.0
47,5,1,4,False,0.23584646209550778,0.10561864346854666,1,qUCB,0.38,0.14,0.38,0.0,0.04,0.0,0.0,0.0,0.02,0.0,0.0,0.0,0.0,0.0,0.04
47,5,1,4,False,0.23584646209550778,0.10561864346854666,2,qUCB,0.4,0.3,0.22,0.0,0.04,0.0,0.0,0.0,0.0,0.0,0.0,0.0,0.0,0.0,0.04
47,5,1,4,False,0.23584646209550778,0.10561864346854666,3,qUCB,0.24,0.6,0.06,0.04,0.02,0.0,0.0,0.0,0.0,0.0,0.0,0.0,0.0,0.0,0.04
47,5,1,4,False,0.23584646209550778,0.10561864346854666,4,qUCB,0.44,0.24,0.22,0.04,0.04,0.0,0.0,0.0,0.0,0.0,0.0,0.0,0.0,0.0,0.02
47,6,0,5,False,0.2356516989544498,0.016237898776881643,0,qUCB,0.42,0.08,0.4,0.0,0.04,0.0,0.0,0.0,0.0,0.0,0.0,0.02,0.0,0.0,0.04
47,6,0,5,False,0.2356516989544498,0.016237898776881643,1,qUCB,0.32,0.54,0.06,0.04,0.02,0.0,0.0,0.0,0.0,0.0,0.0,0.02,0.0,0.0,0.0
47,6,0,5,False,0.2356516989544498,0.016237898776881643,2,qUCB,0.0,0.68,0.28,0.0,0.0,0.0,0.0,0.0,0.02,0.0,0.0,0.0,0.0,0.02,0.0
47,6,0,5,False,0.2356516989544498,0.016237898776881643,3,qUCB,0.54,0.22,0.14,0.04,0.0,0.0,0.0,0.0,0.0,0.0,0.0,0.04,0.0,0.0,0.02
47,6,0,5,False,0.2356516989544498,0.016237898776881643,4,qUCB,0.4,0.42,0.1,0.04,0.02,0.0,0.0,0.0,0.0,0.0,0.0,0.02,0.0,0.0,0.0
48,1,5,0,True,0.4941682254183852,0.007920404585874896,0,qEHVI,0.72,0.2,0.06,0.0,0.0,0.0,0.0,0.0,0.0,0.0,0.0,0.0,0.0,0.02,0.0
48,1,5,0,True,0.4941682254183852,0.007920404585874896,1,qEHVI,0.38,0.18,0.38,0.02,0.0,0.0,0.0,0.0,0.0,0.0,0.0,0.02,0.0,0.0,0.02
48,1,5,0,True,0.4941682254183852,0.007920404585874896,2,qEHVI,0.34,0.42,0.24,0.0,0.0,0.0,0.0,0.0,0.0,0.0,0.0,0.0,0.0,0.0,0.0
48,1,5,0,True,0.4941682254183852,0.007920404585874896,3,qEHVI,0.4,0.0,0.54,0.04,0.0,0.0,0.0,0.0,0.0,0.0,0.0,0.0,0.0,0.0,0.02
48,1,5,0,True,0.4941682254183852,0.007920404585874896,4,qEHVI,0.0,0.68,0.28,0.0,0.0,0.0,0.0,0.0,0.04,0.0,0.0,0.0,0.0,0.0,0.0
48,2,4,1,False,0.4570197482870653,0.15426431027687748,0,qEHVI,0.72,0.2,0.06,0.0,0.0,0.0,0.0,0.0,0.0,0.0,0.0,0.0,0.0,0.02,0.0
48,2,4,1,False,0.4570197482870653,0.15426431027687748,1,qEHVI,0.38,0.18,0.38,0.02,0.0,0.0,0.0,0.0,0.0,0.0,0.0,0.02,0.0,0.0,0.02
48,2,4,1,False,0.4570197482870653,0.15426431027687748,2,qEHVI,0.4,0.0,0.54,0.04,0.0,0.0,0.0,0.0,0.0,0.0,0.0,0.0,0.0,0.0,0.02
48,2,4,1,False,0.4570197482870653,0.15426431027687748,3,qEHVI,0.38,0.12,0.4,0.0,0.02,0.0,0.0,0.0,0.0,0.0,0.0,0.04,0.0,0.04,0.0
48,2,4,1,False,0.4570197482870653,0.15426431027687748,4,qUCB,0.4,0.08,0.42,0.0,0.04,0.0,0.0,0.0,0.04,0.0,0.0,0.0,0.0,0.0,0.02
48,3,3,2,False,0.428085828575673,0.004489925724495691,0,qEHVI,0.72,0.2,0.06,0.0,0.0,0.0,0.0,0.0,0.0,0.0,0.0,0.0,0.0,0.02,0.0
48,3,3,2,False,0.428085828575673,0.004489925724495691,1,qEHVI,0.38,0.18,0.38,0.02,0.0,0.0,0.0,0.0,0.0,0.0,0.0,0.02,0.0,0.0,0.02
48,3,3,2,False,0.428085828575673,0.004489925724495691,2,qEHVI,0.34,0.42,0.24,0.0,0.0,0.0,0.0,0.0,0.0,0.0,0.0,0.0,0.0,0.0,0.0
48,3,3,2,False,0.428085828575673,0.004489925724495691,3,qUCB,0.4,0.08,0.42,0.0,0.04,0.0,0.0,0.0,0.04,0.0,0.0,0.0,0.0,0.0,0.02
48,3,3,2,False,0.428085828575673,0.004489925724495691,4,qUCB,0.0,0.62,0.28,0.0,0.04,0.0,0.0,0.0,0.0,0.0,0.0,0.0,0.0,0.04,0.02
48,4,2,3,False,0.3338068676619119,0.024859310835502413,0,qEHVI,0.72,0.2,0.06,0.0,0.0,0.0,0.0,0.0,0.0,0.0,0.0,0.0,0.0,0.02,0.0
48,4,2,3,False,0.3338068676619119,0.024859310835502413,1,qEHVI,0.38,0.18,0.38,0.02,0.0,0.0,0.0,0.0,0.0,0.0,0.0,0.02,0.0,0.0,0.02
48,4,2,3,False,0.3338068676619119,0.024859310835502413,2,qUCB,0.4,0.08,0.42,0.0,0.04,0.0,0.0,0.0,0.04,0.0,0.0,0.0,0.0,0.0,0.02
48,4,2,3,False,0.3338068676619119,0.024859310835502413,3,qUCB,0.0,0.68,0.28,0.0,0.0,0.0,0.0,0.0,0.04,0.0,0.0,0.0,0.0,0.0,0.0
48,4,2,3,False,0.3338068676619119,0.024859310835502413,4,qUCB,0.18,0.56,0.16,0.04,0.0,0.0,0.0,0.0,0.04,0.0,0.0,0.0,0.0,0.02,0.0
48,5,1,4,False,0.36959364704367786,0.003708996756150107,0,qEHVI,0.72,0.2,0.06,0.0,0.0,0.0,0.0,0.0,0.0,0.0,0.0,0.0,0.0,0.02,0.0
48,5,1,4,False,0.36959364704367786,0.003708996756150107,1,qUCB,0.36,0.12,0.42,0.0,0.04,0.0,0.0,0.0,0.0,0.0,0.0,0.04,0.0,0.0,0.02
48,5,1,4,False,0.36959364704367786,0.003708996756150107,2,qUCB,0.3,0.54,0.06,0.04,0.02,0.0,0.0,0.0,0.0,0.0,0.0,0.04,0.0,0.0,0.0
48,5,1,4,False,0.36959364704367786,0.003708996756150107,3,qUCB,0.0,0.0,0.92,0.04,0.02,0.0,0.0,0.0,0.0,0.0,0.0,0.02,0.0,0.0,0.0
48,5,1,4,False,0.36959364704367786,0.003708996756150107,4,qUCB,0.0,0.68,0.28,0.0,0.0,0.0,0.0,0.0,0.04,0.0,0.0,0.0,0.0,0.0,0.0
48,6,0,5,False,0.3865506204151843,0.14500746671904707,0,qUCB,0.68,0.26,0.06,0.0,0.0,0.0,0.0,0.0,0.0,0.0,0.0,0.0,0.0,0.0,0.0
48,6,0,5,False,0.3865506204151843,0.14500746671904707,1,qUCB,0.3,0.54,0.06,0.04,0.02,0.0,0.0,0.0,0.0,0.0,0.0,0.04,0.0,0.0,0.0
48,6,0,5,False,0.3865506204151843,0.14500746671904707,2,qUCB,0.0,0.68,0.28,0.0,0.0,0.0,0.0,0.0,0.04,0.0,0.0,0.0,0.0,0.0,0.0
48,6,0,5,False,0.3865506204151843,0.14500746671904707,3,qUCB,0.68,0.0,0.24,0.04,0.02,0.0,0.0,0.0,0.0,0.0,0.0,0.0,0.0,0.02,0.0
48,6,0,5,False,0.3865506204151843,0.14500746671904707,4,qUCB,0.34,0.42,0.24,0.0,0.0,0.0,0.0,0.0,0.0,0.0,0.0,0.0,0.0,0.0,0.0
49,1,5,0,True,0.4221487299738618,0.01905217607157539,0,qEHVI,0.38,0.14,0.38,0.02,0.04,0.0,0.0,0.0,0.0,0.0,0.0,0.0,0.0,0.0,0.04
49,1,5,0,True,0.4221487299738618,0.01905217607157539,1,qEHVI,0.38,0.12,0.4,0.02,0.0,0.0,0.0,0.0,0.02,0.0,0.0,0.04,0.0,0.02,0.0
49,1,5,0,True,0.4221487299738618,0.01905217607157539,2,qEHVI,0.58,0.02,0.34,0.0,0.0,0.0,0.0,0.0,0.0,0.0,0.0,0.04,0.0,0.0,0.02
49,1,5,0,True,0.4221487299738618,0.01905217607157539,3,qEHVI,0.42,0.14,0.34,0.02,0.04,0.0,0.0,0.0,0.0,0.0,0.0,0.0,0.0,0.0,0.04
49,1,5,0,True,0.4221487299738618,0.01905217607157539,4,qEHVI,0.48,0.0,0.46,0.0,0.04,0.0,0.0,0.0,0.02,0.0,0.0,0.0,0.0,0.0,0.0
49,2,4,1,False,0.40439460274384453,0.11524801083923109,0,qEHVI,0.38,0.14,0.38,0.02,0.04,0.0,0.0,0.0,0.0,0.0,0.0,0.0,0.0,0.0,0.04
49,2,4,1,False,0.40439460274384453,0.11524801083923109,1,qEHVI,0.38,0.12,0.4,0.02,0.0,0.0,0.0,0.0,0.02,0.0,0.0,0.04,0.0,0.02,0.0
49,2,4,1,False,0.40439460274384453,0.11524801083923109,2,qEHVI,0.58,0.02,0.34,0.0,0.0,0.0,0.0,0.0,0.0,0.0,0.0,0.04,0.0,0.0,0.02
49,2,4,1,False,0.40439460274384453,0.11524801083923109,3,qEHVI,0.42,0.14,0.34,0.02,0.04,0.0,0.0,0.0,0.0,0.0,0.0,0.0,0.0,0.0,0.04
49,2,4,1,False,0.40439460274384453,0.11524801083923109,4,qUCB,0.38,0.14,0.38,0.0,0.04,0.0,0.0,0.0,0.02,0.0,0.0,0.0,0.0,0.04,0.0
49,3,3,2,False,0.3497333110754833,0.0898265933529796,0,qEHVI,0.38,0.14,0.38,0.02,0.04,0.0,0.0,0.0,0.0,0.0,0.0,0.0,0.0,0.0,0.04
49,3,3,2,False,0.3497333110754833,0.0898265933529796,1,qEHVI,0.38,0.12,0.4,0.02,0.0,0.0,0.0,0.0,0.02,0.0,0.0,0.04,0.0,0.02,0.0
49,3,3,2,False,0.3497333110754833,0.0898265933529796,2,qEHVI,0.58,0.02,0.34,0.0,0.0,0.0,0.0,0.0,0.0,0.0,0.0,0.04,0.0,0.0,0.02
49,3,3,2,False,0.3497333110754833,0.0898265933529796,3,qUCB,0.38,0.14,0.38,0.0,0.04,0.0,0.0,0.0,0.02,0.0,0.0,0.0,0.0,0.04,0.0
49,3,3,2,False,0.3497333110754833,0.0898265933529796,4,qUCB,0.34,0.52,0.06,0.04,0.02,0.0,0.0,0.0,0.0,0.0,0.0,0.0,0.0,0.02,0.0
49,4,2,3,False,0.2646141823436896,0.05092162336537953,0,qEHVI,0.38,0.14,0.38,0.02,0.04,0.0,0.0,0.0,0.0,0.0,0.0,0.0,0.0,0.0,0.04
49,4,2,3,False,0.2646141823436896,0.05092162336537953,1,qEHVI,0.38,0.12,0.4,0.02,0.0,0.0,0.0,0.0,0.02,0.0,0.0,0.04,0.0,0.02,0.0
49,4,2,3,False,0.2646141823436896,0.05092162336537953,2,qUCB,0.38,0.14,0.38,0.0,0.04,0.0,0.0,0.0,0.02,0.0,0.0,0.0,0.0,0.04,0.0
49,4,2,3,False,0.2646141823436896,0.05092162336537953,3,qUCB,0.34,0.52,0.06,0.04,0.02,0.0,0.0,0.0,0.0,0.0,0.0,0.0,0.0,0.02,0.0
49,4,2,3,False,0.2646141823436896,0.05092162336537953,4,qUCB,0.0,0.04,0.92,0.04,0.0,0.0,0.0,0.0,0.0,0.0,0.0,0.0,0.0,0.0,0.0
49,5,1,4,False,0.18065126610377136,0.007238060325637452,0,qEHVI,0.38,0.14,0.38,0.02,0.04,0.0,0.0,0.0,0.0,0.0,0.0,0.0,0.0,0.0,0.04
49,5,1,4,False,0.18065126610377136,0.007238060325637452,1,qUCB,0.42,0.48,0.0,0.0,0.0,0.0,0.0,0.0,0.04,0.0,0.0,0.04,0.0,0.02,0.0
49,5,1,4,False,0.18065126610377136,0.007238060325637452,2,qUCB,0.72,0.04,0.14,0.0,0.0,0.0,0.0,0.0,0.02,0.0,0.0,0.04,0.0,0.04,0.0
49,5,1,4,False,0.18065126610377136,0.007238060325637452,3,qUCB,0.32,0.52,0.06,0.04,0.0,0.0,0.0,0.0,0.04,0.0,0.0,0.02,0.0,0.0,0.0
49,5,1,4,False,0.18065126610377136,0.007238060325637452,4,qUCB,0.18,0.56,0.16,0.04,0.0,0.0,0.0,0.0,0.0,0.0,0.0,0.04,0.0,0.02,0.0
49,6,0,5,False,0.14863583473786504,0.10085552536532383,0,qUCB,0.42,0.12,0.36,0.0,0.02,0.0,0.0,0.0,0.0,0.0,0.0,0.04,0.0,0.0,0.04
49,6,0,5,False,0.14863583473786504,0.10085552536532383,1,qUCB,0.4,0.42,0.08,0.04,0.0,0.0,0.0,0.0,0.0,0.0,0.0,0.04,0.0,0.0,0.02
49,6,0,5,False,0.14863583473786504,0.10085552536532383,2,qUCB,0.18,0.56,0.16,0.04,0.0,0.0,0.0,0.0,0.0,0.0,0.0,0.04,0.0,0.02,0.0
49,6,0,5,False,0.14863583473786504,0.10085552536532383,3,qUCB,0.52,0.16,0.22,0.04,0.0,0.0,0.0,0.0,0.04,0.0,0.0,0.0,0.0,0.02,0.0
49,6,0,5,False,0.14863583473786504,0.10085552536532383,4,qUCB,0.0,0.0,0.92,0.04,0.0,0.0,0.0,0.0,0.0,0.0,0.0,0.02,0.0,0.0,0.02
50,1,5,0,True,0.8314298138897415,0.15451304108917352,0,qEHVI,0.66,0.02,0.24,0.04,0.0,0.0,0.0,0.0,0.0,0.0,0.0,0.02,0.0,0.0,0.02
50,1,5,0,True,0.8314298138897415,0.15451304108917352,1,qEHVI,0.7000000000000001,0.0,0.24,0.0,0.0,0.0,0.0,0.0,0.0,0.0,0.0,0.02,0.0,0.04,0.0
50,1,5,0,True,0.8314298138897415,0.15451304108917352,2,qEHVI,0.36,0.08,0.48,0.04,0.04,0.0,0.0,0.0,0.0,0.0,0.0,0.0,0.0,0.0,0.0
50,1,5,0,True,0.8314298138897415,0.15451304108917352,3,qEHVI,0.38,0.16,0.36,0.0,0.0,0.0,0.0,0.0,0.0,0.0,0.0,0.04,0.0,0.02,0.04
50,1,5,0,True,0.8314298138897415,0.15451304108917352,4,qEHVI,0.44,0.0,0.52,0.0,0.02,0.0,0.0,0.0,0.0,0.0,0.0,0.0,0.0,0.0,0.02
50,2,4,1,False,0.6738143967626599,0.21577471468457288,0,qEHVI,0.66,0.02,0.24,0.04,0.0,0.0,0.0,0.0,0.0,0.0,0.0,0.02,0.0,0.0,0.02
50,2,4,1,False,0.6738143967626599,0.21577471468457288,1,qEHVI,0.7000000000000001,0.0,0.24,0.0,0.0,0.0,0.0,0.0,0.0,0.0,0.0,0.02,0.0,0.04,0.0
50,2,4,1,False,0.6738143967626599,0.21577471468457288,2,qEHVI,0.36,0.08,0.48,0.04,0.04,0.0,0.0,0.0,0.0,0.0,0.0,0.0,0.0,0.0,0.0
50,2,4,1,False,0.6738143967626599,0.21577471468457288,3,qEHVI,0.38,0.16,0.36,0.0,0.0,0.0,0.0,0.0,0.0,0.0,0.0,0.04,0.0,0.02,0.04
50,2,4,1,False,0.6738143967626599,0.21577471468457288,4,qUCB,0.44,0.44,0.04,0.0,0.04,0.0,0.0,0.0,0.0,0.0,0.0,0.04,0.0,0.0,0.0
50,3,3,2,False,0.6958271268032405,0.012543186673184437,0,qEHVI,0.66,0.02,0.24,0.04,0.0,0.0,0.0,0.0,0.0,0.0,0.0,0.02,0.0,0.0,0.02
50,3,3,2,False,0.6958271268032405,0.012543186673184437,1,qEHVI,0.7000000000000001,0.0,0.24,0.0,0.0,0.0,0.0,0.0,0.0,0.0,0.0,0.02,0.0,0.04,0.0
50,3,3,2,False,0.6958271268032405,0.012543186673184437,2,qEHVI,0.36,0.08,0.48,0.04,0.04,0.0,0.0,0.0,0.0,0.0,0.0,0.0,0.0,0.0,0.0
50,3,3,2,False,0.6958271268032405,0.012543186673184437,3,qUCB,0.38,0.12,0.4,0.0,0.0,0.0,0.0,0.0,0.04,0.0,0.0,0.0,0.0,0.02,0.04
50,3,3,2,False,0.6958271268032405,0.012543186673184437,4,qUCB,0.22,0.54,0.14,0.0,0.0,0.0,0.0,0.0,0.04,0.0,0.0,0.0,0.0,0.02,0.04
50,4,2,3,False,0.5236464874467395,0.0027422395460767746,0,qEHVI,0.66,0.02,0.24,0.04,0.0,0.0,0.0,0.0,0.0,0.0,0.0,0.02,0.0,0.0,0.02
50,4,2,3,False,0.5236464874467395,0.0027422395460767746,1,qEHVI,0.7000000000000001,0.0,0.24,0.0,0.0,0.0,0.0,0.0,0.0,0.0,0.0,0.02,0.0,0.04,0.0
50,4,2,3,False,0.5236464874467395,0.0027422395460767746,2,qUCB,0.68,0.18,0.04,0.0,0.04,0.0,0.0,0.0,0.04,0.0,0.0,0.0,0.0,0.0,0.02
50,4,2,3,False,0.5236464874467395,0.0027422395460767746,3,qUCB,0.28,0.48,0.16,0.0,0.04,0.0,0.0,0.0,0.04,0.0,0.0,0.0,0.0,0.0,0.0
50,4,2,3,False,0.5236464874467395,0.0027422395460767746,4,qUCB,0.02,0.02,0.92,0.0,0.04,0.0,0.0,0.0,0.0,0.0,0.0,0.0,0.0,0.0,0.0
50,5,1,4,False,0.5131171378411494,0.4203779662428069,0,qEHVI,0.66,0.02,0.24,0.04,0.0,0.0,0.0,0.0,0.0,0.0,0.0,0.02,0.0,0.0,0.02
50,5,1,4,False,0.5131171378411494,0.4203779662428069,1,qUCB,0.38,0.12,0.4,0.0,0.02,0.0,0.0,0.0,0.04,0.0,0.0,0.0,0.0,0.04,0.0
50,5,1,4,False,0.5131171378411494,0.4203779662428069,2,qUCB,0.24,0.52,0.14,0.0,0.02,0.0,0.0,0.0,0.04,0.0,0.0,0.0,0.0,0.04,0.0
50,5,1,4,False,0.5131171378411494,0.4203779662428069,3,qUCB,0.02,0.02,0.92,0.0,0.04,0.0,0.0,0.0,0.0,0.0,0.0,0.0,0.0,0.0,0.0
50,5,1,4,False,0.5131171378411494,0.4203779662428069,4,qUCB,0.14,0.0,0.78,0.0,0.04,0.0,0.0,0.0,0.04,0.0,0.0,0.0,0.0,0.0,0.0
50,6,0,5,False,0.6681073393884772,0.031205858214454096,0,qUCB,0.7000000000000001,0.0,0.24,0.0,0.0,0.0,0.0,0.0,0.0,0.0,0.0,0.02,0.0,0.04,0.0
50,6,0,5,False,0.6681073393884772,0.031205858214454096,1,qUCB,0.66,0.02,0.24,0.04,0.0,0.0,0.0,0.0,0.0,0.0,0.0,0.02,0.0,0.0,0.02
50,6,0,5,False,0.6681073393884772,0.031205858214454096,2,qUCB,0.22,0.54,0.16,0.04,0.0,0.0,0.0,0.0,0.0,0.0,0.0,0.0,0.0,0.0,0.04
50,6,0,5,False,0.6681073393884772,0.031205858214454096,3,qUCB,0.4,0.44,0.06,0.04,0.04,0.0,0.0,0.0,0.0,0.0,0.0,0.0,0.0,0.0,0.02
50,6,0,5,False,0.6681073393884772,0.031205858214454096,4,qUCB,0.5,0.2,0.22,0.04,0.0,0.0,0.0,0.0,0.0,0.0,0.0,0.0,0.0,0.02,0.02
