iteration,option,n_opt,n_exp,selected,full_qehvi,full_entropy,point_idx,source,x_0,x_1,x_2,x_3,x_4,x_5,x_6,x_7,x_8,x_9,x_10,x_11,x_12,x_13,x_14
1,1,5,0,True,6.728617202895107,0.21649106342924895,0,qEHVI,0.02,0.02,0.88,0.0,0.04,0.0,0.0,0.0,0.0,0.0,0.0,0.02,0.0,0.02,0.0
1,1,5,0,True,6.728617202895107,0.21649106342924895,1,qEHVI,0.76,0.14,0.0,0.0,0.0,0.0,0.0,0.0,0.04,0.0,0.0,0.04,0.0,0.02,0.0
1,1,5,0,True,6.728617202895107,0.21649106342924895,2,qEHVI,0.04,0.02,0.9,0.04,0.0,0.0,0.0,0.0,0.0,0.0,0.0,0.0,0.0,0.0,0.0
1,1,5,0,True,6.728617202895107,0.21649106342924895,3,qEHVI,0.04,0.88,0.0,0.04,0.0,0.0,0.0,0.0,0.0,0.0,0.0,0.0,0.0,0.02,0.02
1,1,5,0,True,6.728617202895107,0.21649106342924895,4,qEHVI,0.46,0.04,0.4,0.04,0.0,0.0,0.0,0.0,0.02,0.0,0.0,0.0,0.0,0.04,0.0
1,2,4,1,False,6.532915507013064,0.14823164764585428,0,qEHVI,0.02,0.02,0.88,0.0,0.04,0.0,0.0,0.0,0.0,0.0,0.0,0.02,0.0,0.02,0.0
1,2,4,1,False,6.532915507013064,0.14823164764585428,1,qEHVI,0.76,0.14,0.0,0.0,0.0,0.0,0.0,0.0,0.04,0.0,0.0,0.04,0.0,0.02,0.0
1,2,4,1,False,6.532915507013064,0.14823164764585428,2,qEHVI,0.06,0.0,0.86,0.04,0.0,0.0,0.0,0.0,0.04,0.0,0.0,0.0,0.0,0.0,0.0
1,2,4,1,False,6.532915507013064,0.14823164764585428,3,qEHVI,0.04,0.88,0.0,0.04,0.0,0.0,0.0,0.0,0.0,0.0,0.0,0.0,0.0,0.02,0.02
1,2,4,1,False,6.532915507013064,0.14823164764585428,4,qUCB,0.88,0.04,0.0,0.04,0.04,0.0,0.0,0.0,0.0,0.0,0.0,0.0,0.0,0.0,0.0
1,3,3,2,False,6.220419045988409,0.2975500585465056,0,qEHVI,0.02,0.02,0.88,0.0,0.04,0.0,0.0,0.0,0.0,0.0,0.0,0.02,0.0,0.02,0.0
1,3,3,2,False,6.220419045988409,0.2975500585465056,1,qEHVI,0.76,0.14,0.0,0.0,0.0,0.0,0.0,0.0,0.04,0.0,0.0,0.04,0.0,0.02,0.0
1,3,3,2,False,6.220419045988409,0.2975500585465056,2,qEHVI,0.06,0.0,0.86,0.04,0.0,0.0,0.0,0.0,0.04,0.0,0.0,0.0,0.0,0.0,0.0
1,3,3,2,False,6.220419045988409,0.2975500585465056,3,qUCB,0.0,0.9,0.02,0.0,0.0,0.0,0.0,0.0,0.0,0.0,0.0,0.0,0.0,0.04,0.04
1,3,3,2,False,6.220419045988409,0.2975500585465056,4,qUCB,0.18,0.74,0.04,0.0,0.0,0.0,0.0,0.0,0.0,0.0,0.0,0.0,0.0,0.0,0.04
1,4,2,3,False,6.0720914708655895,0.20665004261619657,0,qEHVI,0.02,0.02,0.88,0.0,0.04,0.0,0.0,0.0,0.0,0.0,0.0,0.02,0.0,0.02,0.0
1,4,2,3,False,6.0720914708655895,0.20665004261619657,1,qEHVI,0.76,0.14,0.0,0.0,0.0,0.0,0.0,0.0,0.04,0.0,0.0,0.04,0.0,0.02,0.0
1,4,2,3,False,6.0720914708655895,0.20665004261619657,2,qUCB,0.06,0.8200000000000001,0.04,0.04,0.0,0.0,0.0,0.0,0.0,0.0,0.0,0.0,0.0,0.0,0.04
1,4,2,3,False,6.0720914708655895,0.20665004261619657,3,qUCB,0.0,0.9,0.02,0.0,0.0,0.0,0.0,0.0,0.0,0.0,0.0,0.0,0.0,0.04,0.04
1,4,2,3,False,6.0720914708655895,0.20665004261619657,4,qUCB,0.04,0.88,0.0,0.04,0.0,0.0,0.0,0.0,0.0,0.0,0.0,0.0,0.0,0.02,0.02
1,5,1,4,False,5.8442333455179,0.10873181450559954,0,qEHVI,0.02,0.02,0.88,0.0,0.04,0.0,0.0,0.0,0.0,0.0,0.0,0.02,0.0,0.02,0.0
1,5,1,4,False,5.8442333455179,0.10873181450559954,1,qUCB,0.88,0.02,0.0,0.02,0.0,0.0,0.0,0.0,0.04,0.0,0.0,0.0,0.0,0.0,0.04
1,5,1,4,False,5.8442333455179,0.10873181450559954,2,qUCB,0.02,0.86,0.02,0.04,0.0,0.0,0.0,0.0,0.02,0.0,0.0,0.0,0.0,0.0,0.04
1,5,1,4,False,5.8442333455179,0.10873181450559954,3,qUCB,0.8200000000000001,0.06,0.02,0.0,0.0,0.0,0.0,0.0,0.04,0.0,0.0,0.0,0.0,0.02,0.04
1,5,1,4,False,5.8442333455179,0.10873181450559954,4,qUCB,0.06,0.84,0.0,0.0,0.0,0.0,0.0,0.0,0.04,0.0,0.0,0.0,0.0,0.02,0.04
1,6,0,5,False,6.295587431954324,0.08213270535986439,0,qUCB,0.0,0.84,0.06,0.0,0.0,0.0,0.0,0.0,0.02,0.0,0.0,0.04,0.0,0.04,0.0
1,6,0,5,False,6.295587431954324,0.08213270535986439,1,qUCB,0.8,0.0,0.1,0.0,0.04,0.0,0.0,0.0,0.0,0.0,0.0,0.0,0.0,0.04,0.02
1,6,0,5,False,6.295587431954324,0.08213270535986439,2,qUCB,0.04,0.88,0.0,0.04,0.0,0.0,0.0,0.0,0.0,0.0,0.0,0.0,0.0,0.02,0.02
1,6,0,5,False,6.295587431954324,0.08213270535986439,3,qUCB,0.46,0.04,0.4,0.04,0.0,0.0,0.0,0.0,0.02,0.0,0.0,0.0,0.0,0.04,0.0
1,6,0,5,False,6.295587431954324,0.08213270535986439,4,qUCB,0.76,0.14,0.0,0.0,0.0,0.0,0.0,0.0,0.04,0.0,0.0,0.04,0.0,0.02,0.0
2,1,5,0,True,10.84867373657274,1.8869307467848606,0,qEHVI,0.7000000000000001,0.02,0.2,0.0,0.0,0.0,0.0,0.0,0.04,0.0,0.0,0.0,0.0,0.04,0.0
2,1,5,0,True,10.84867373657274,1.8869307467848606,1,qEHVI,0.38,0.0,0.52,0.0,0.0,0.0,0.0,0.0,0.04,0.0,0.0,0.02,0.0,0.04,0.0
2,1,5,0,True,10.84867373657274,1.8869307467848606,2,qEHVI,0.6,0.0,0.3,0.0,0.02,0.0,0.0,0.0,0.0,0.0,0.0,0.04,0.0,0.04,0.0
2,1,5,0,True,10.84867373657274,1.8869307467848606,3,qEHVI,0.88,0.0,0.02,0.04,0.0,0.0,0.0,0.0,0.0,0.0,0.0,0.02,0.0,0.04,0.0
2,1,5,0,True,10.84867373657274,1.8869307467848606,4,qEHVI,0.8200000000000001,0.0,0.1,0.04,0.0,0.0,0.0,0.0,0.0,0.0,0.0,0.0,0.0,0.0,0.04
2,2,4,1,False,10.742316261090915,2.3148070197989377,0,qEHVI,0.7000000000000001,0.02,0.2,0.0,0.0,0.0,0.0,0.0,0.04,0.0,0.0,0.0,0.0,0.04,0.0
2,2,4,1,False,10.742316261090915,2.3148070197989377,1,qEHVI,0.38,0.0,0.52,0.0,0.0,0.0,0.0,0.0,0.04,0.0,0.0,0.02,0.0,0.04,0.0
2,2,4,1,False,10.742316261090915,2.3148070197989377,2,qEHVI,0.6,0.0,0.3,0.0,0.02,0.0,0.0,0.0,0.0,0.0,0.0,0.04,0.0,0.04,0.0
2,2,4,1,False,10.742316261090915,2.3148070197989377,3,qEHVI,0.88,0.0,0.02,0.04,0.0,0.0,0.0,0.0,0.0,0.0,0.0,0.02,0.0,0.04,0.0
2,2,4,1,False,10.742316261090915,2.3148070197989377,4,qUCB,0.74,0.0,0.16,0.02,0.04,0.0,0.0,0.0,0.0,0.0,0.0,0.0,0.0,0.0,0.04
2,3,3,2,False,10.153833250769424,2.005324913847608,0,qEHVI,0.7000000000000001,0.02,0.2,0.0,0.0,0.0,0.0,0.0,0.04,0.0,0.0,0.0,0.0,0.04,0.0
2,3,3,2,False,10.153833250769424,2.005324913847608,1,qEHVI,0.38,0.0,0.52,0.0,0.0,0.0,0.0,0.0,0.04,0.0,0.0,0.02,0.0,0.04,0.0
2,3,3,2,False,10.153833250769424,2.005324913847608,2,qEHVI,0.6,0.0,0.3,0.0,0.02,0.0,0.0,0.0,0.0,0.0,0.0,0.04,0.0,0.04,0.0
2,3,3,2,False,10.153833250769424,2.005324913847608,3,qUCB,0.8200000000000001,0.0,0.1,0.04,0.0,0.0,0.0,0.0,0.0,0.0,0.0,0.0,0.0,0.0,0.04
2,3,3,2,False,10.153833250769424,2.005324913847608,4,qUCB,0.66,0.0,0.3,0.04,0.0,0.0,0.0,0.0,0.0,0.0,0.0,0.0,0.0,0.0,0.0
2,4,2,3,False,9.704307829085646,2.26673113292703,0,qEHVI,0.7000000000000001,0.02,0.2,0.0,0.0,0.0,0.0,0.0,0.04,0.0,0.0,0.0,0.0,0.04,0.0
2,4,2,3,False,9.704307829085646,2.26673113292703,1,qEHVI,0.38,0.0,0.52,0.0,0.0,0.0,0.0,0.0,0.04,0.0,0.0,0.02,0.0,0.04,0.0
2,4,2,3,False,9.704307829085646,2.26673113292703,2,qUCB,0.76,0.0,0.14,0.04,0.02,0.0,0.0,0.0,0.0,0.0,0.0,0.0,0.0,0.0,0.04
2,4,2,3,False,9.704307829085646,2.26673113292703,3,qUCB,0.78,0.04,0.08,0.04,0.04,0.0,0.0,0.0,0.0,0.0,0.0,0.02,0.0,0.0,0.0
2,4,2,3,False,9.704307829085646,2.26673113292703,4,qUCB,0.72,0.0,0.2,0.0,0.04,0.0,0.0,0.0,0.0,0.0,0.0,0.04,0.0,0.0,0.0
2,5,1,4,False,7.645012945736217,1.927437578106587,0,qEHVI,0.7000000000000001,0.02,0.2,0.0,0.0,0.0,0.0,0.0,0.04,0.0,0.0,0.0,0.0,0.04,0.0
2,5,1,4,False,7.645012945736217,1.927437578106587,1,qUCB,0.76,0.0,0.14,0.04,0.02,0.0,0.0,0.0,0.0,0.0,0.0,0.0,0.0,0.0,0.04
2,5,1,4,False,7.645012945736217,1.927437578106587,2,qUCB,0.74,0.02,0.14,0.04,0.02,0.0,0.0,0.0,0.0,0.0,0.0,0.04,0.0,0.0,0.0
2,5,1,4,False,7.645012945736217,1.927437578106587,3,qUCB,0.56,0.0,0.36,0.0,0.04,0.0,0.0,0.0,0.0,0.0,0.0,0.04,0.0,0.0,0.0
2,5,1,4,False,7.645012945736217,1.927437578106587,4,qUCB,0.8200000000000001,0.02,0.06,0.0,0.02,0.0,0.0,0.0,0.0,0.0,0.0,0.04,0.0,0.0,0.04
2,6,0,5,False,8.37720758146814,1.8737201643510124,0,qUCB,0.6,0.0,0.3,0.0,0.02,0.0,0.0,0.0,0.0,0.0,0.0,0.04,0.0,0.04,0.0
2,6,0,5,False,8.37720758146814,1.8737201643510124,1,qUCB,0.88,0.0,0.04,0.0,0.02,0.0,0.0,0.0,0.0,0.0,0.0,0.0,0.0,0.02,0.04
2,6,0,5,False,8.37720758146814,1.8737201643510124,2,qUCB,0.98,0.0,0.02,0.0,0.0,0.0,0.0,0.0,0.0,0.0,0.0,0.0,0.0,0.0,0.0
2,6,0,5,False,8.37720758146814,1.8737201643510124,3,qUCB,0.56,0.0,0.34,0.02,0.0,0.0,0.0,0.0,0.04,0.0,0.0,0.04,0.0,0.0,0.0
2,6,0,5,False,8.37720758146814,1.8737201643510124,4,qUCB,0.6,0.0,0.3,0.02,0.0,0.0,0.0,0.0,0.0,0.0,0.0,0.0,0.0,0.04,0.04
3,1,5,0,True,4.312343299644549,0.956087194711273,0,qEHVI,0.74,0.16,0.0,0.02,0.0,0.0,0.0,0.0,0.04,0.0,0.0,0.04,0.0,0.0,0.0
3,1,5,0,True,4.312343299644549,0.956087194711273,1,qEHVI,0.44,0.02,0.54,0.0,0.0,0.0,0.0,0.0,0.0,0.0,0.0,0.0,0.0,0.0,0.0
3,1,5,0,True,4.312343299644549,0.956087194711273,2,qEHVI,0.52,0.02,0.36,0.04,0.0,0.0,0.0,0.0,0.04,0.0,0.0,0.02,0.0,0.0,0.0
3,1,5,0,True,4.312343299644549,0.956087194711273,3,qEHVI,0.54,0.12,0.24,0.04,0.0,0.0,0.0,0.0,0.04,0.0,0.0,0.02,0.0,0.0,0.0
3,1,5,0,True,4.312343299644549,0.956087194711273,4,qEHVI,0.38,0.0,0.52,0.04,0.0,0.0,0.0,0.0,0.0,0.0,0.0,0.02,0.0,0.04,0.0
3,2,4,1,False,4.123285565098544,0.6406115353382447,0,qEHVI,0.74,0.16,0.0,0.02,0.0,0.0,0.0,0.0,0.04,0.0,0.0,0.04,0.0,0.0,0.0
3,2,4,1,False,4.123285565098544,0.6406115353382447,1,qEHVI,0.44,0.02,0.54,0.0,0.0,0.0,0.0,0.0,0.0,0.0,0.0,0.0,0.0,0.0,0.0
3,2,4,1,False,4.123285565098544,0.6406115353382447,2,qEHVI,0.52,0.02,0.36,0.04,0.0,0.0,0.0,0.0,0.04,0.0,0.0,0.02,0.0,0.0,0.0
3,2,4,1,False,4.123285565098544,0.6406115353382447,3,qEHVI,0.54,0.12,0.24,0.04,0.0,0.0,0.0,0.0,0.04,0.0,0.0,0.02,0.0,0.0,0.0
3,2,4,1,False,4.123285565098544,0.6406115353382447,4,qUCB,0.72,0.18,0.0,0.0,0.04,0.0,0.0,0.0,0.0,0.0,0.0,0.02,0.0,0.0,0.04
3,3,3,2,False,3.8011072125991574,0.6294301354562108,0,qEHVI,0.74,0.16,0.0,0.02,0.0,0.0,0.0,0.0,0.04,0.0,0.0,0.04,0.0,0.0,0.0
3,3,3,2,False,3.8011072125991574,0.6294301354562108,1,qEHVI,0.44,0.02,0.54,0.0,0.0,0.0,0.0,0.0,0.0,0.0,0.0,0.0,0.0,0.0,0.0
3,3,3,2,False,3.8011072125991574,0.6294301354562108,2,qEHVI,0.52,0.02,0.36,0.04,0.0,0.0,0.0,0.0,0.04,0.0,0.0,0.02,0.0,0.0,0.0
3,3,3,2,False,3.8011072125991574,0.6294301354562108,3,qUCB,0.72,0.18,0.0,0.0,0.04,0.0,0.0,0.0,0.0,0.0,0.0,0.02,0.0,0.0,0.04
3,3,3,2,False,3.8011072125991574,0.6294301354562108,4,qUCB,0.46,0.0,0.44,0.02,0.0,0.0,0.0,0.0,0.0,0.0,0.0,0.04,0.0,0.0,0.04
3,4,2,3,False,3.5618795461131003,0.8649234240056245,0,qEHVI,0.74,0.16,0.0,0.02,0.0,0.0,0.0,0.0,0.04,0.0,0.0,0.04,0.0,0.0,0.0
3,4,2,3,False,3.5618795461131003,0.8649234240056245,1,qEHVI,0.44,0.02,0.54,0.0,0.0,0.0,0.0,0.0,0.0,0.0,0.0,0.0,0.0,0.0,0.0
3,4,2,3,False,3.5618795461131003,0.8649234240056245,2,qUCB,0.72,0.18,0.0,0.0,0.04,0.0,0.0,0.0,0.0,0.0,0.0,0.02,0.0,0.0,0.04
3,4,2,3,False,3.5618795461131003,0.8649234240056245,3,qUCB,0.48,0.2,0.22,0.0,0.02,0.0,0.0,0.0,0.04,0.0,0.0,0.0,0.0,0.0,0.04
3,4,2,3,False,3.5618795461131003,0.8649234240056245,4,qUCB,0.46,0.0,0.44,0.02,0.0,0.0,0.0,0.0,0.0,0.0,0.0,0.04,0.0,0.0,0.04
3,5,1,4,False,2.443497920697446,0.3815415604692518,0,qEHVI,0.74,0.16,0.0,0.02,0.0,0.0,0.0,0.0,0.04,0.0,0.0,0.04,0.0,0.0,0.0
3,5,1,4,False,2.443497920697446,0.3815415604692518,1,qUCB,0.48,0.0,0.44,0.0,0.0,0.0,0.0,0.0,0.0,0.0,0.0,0.0,0.0,0.04,0.04
3,5,1,4,False,2.443497920697446,0.3815415604692518,2,qUCB,0.68,0.22,0.0,0.0,0.04,0.0,0.0,0.0,0.0,0.0,0.0,0.0,0.0,0.02,0.04
3,5,1,4,False,2.443497920697446,0.3815415604692518,3,qUCB,0.44,0.02,0.44,0.0,0.02,0.0,0.0,0.0,0.0,0.0,0.0,0.0,0.0,0.04,0.04
3,5,1,4,False,2.443497920697446,0.3815415604692518,4,qUCB,0.32,0.0,0.58,0.0,0.02,0.0,0.0,0.0,0.0,0.0,0.0,0.0,0.0,0.04,0.04
3,6,0,5,False,3.3014957234007656,1.1511964626083682,0,qUCB,0.48,0.0,0.42,0.02,0.0,0.0,0.0,0.0,0.04,0.0,0.0,0.04,0.0,0.0,0.0
3,6,0,5,False,3.3014957234007656,1.1511964626083682,1,qUCB,0.5,0.02,0.46,0.02,0.0,0.0,0.0,0.0,0.0,0.0,0.0,0.0,0.0,0.0,0.0
3,6,0,5,False,3.3014957234007656,1.1511964626083682,2,qUCB,0.48,0.1,0.32,0.0,0.0,0.0,0.0,0.0,0.04,0.0,0.0,0.02,0.0,0.0,0.04
3,6,0,5,False,3.3014957234007656,1.1511964626083682,3,qUCB,0.5,0.02,0.4,0.0,0.04,0.0,0.0,0.0,0.04,0.0,0.0,0.0,0.0,0.0,0.0
3,6,0,5,False,3.3014957234007656,1.1511964626083682,4,qUCB,0.64,0.28,0.0,0.0,0.04,0.0,0.0,0.0,0.0,0.0,0.0,0.04,0.0,0.0,0.0
4,1,5,0,True,7.9286169037088765,0.7015989083474921,0,qEHVI,0.5,0.0,0.44,0.0,0.0,0.0,0.0,0.0,0.04,0.0,0.0,0.02,0.0,0.0,0.0
4,1,5,0,True,7.9286169037088765,0.7015989083474921,1,qEHVI,0.72,0.2,0.0,0.0,0.02,0.0,0.0,0.0,0.0,0.0,0.0,0.0,0.0,0.04,0.02
4,1,5,0,True,7.9286169037088765,0.7015989083474921,2,qEHVI,0.56,0.0,0.4,0.0,0.0,0.0,0.0,0.0,0.0,0.0,0.0,0.0,0.0,0.0,0.04
4,1,5,0,True,7.9286169037088765,0.7015989083474921,3,qEHVI,0.5,0.02,0.42,0.04,0.0,0.0,0.0,0.0,0.0,0.0,0.0,0.02,0.0,0.0,0.0
4,1,5,0,True,7.9286169037088765,0.7015989083474921,4,qEHVI,0.62,0.04,0.3,0.0,0.0,0.0,0.0,0.0,0.0,0.0,0.0,0.0,0.0,0.0,0.04
4,2,4,1,False,7.582714709698208,0.8278664723700011,0,qEHVI,0.5,0.0,0.44,0.0,0.0,0.0,0.0,0.0,0.04,0.0,0.0,0.02,0.0,0.0,0.0
4,2,4,1,False,7.582714709698208,0.8278664723700011,1,qEHVI,0.72,0.2,0.0,0.0,0.02,0.0,0.0,0.0,0.0,0.0,0.0,0.0,0.0,0.04,0.02
4,2,4,1,False,7.582714709698208,0.8278664723700011,2,qEHVI,0.56,0.0,0.4,0.0,0.0,0.0,0.0,0.0,0.0,0.0,0.0,0.0,0.0,0.0,0.04
4,2,4,1,False,7.582714709698208,0.8278664723700011,3,qEHVI,0.5,0.02,0.42,0.04,0.0,0.0,0.0,0.0,0.0,0.0,0.0,0.02,0.0,0.0,0.0
4,2,4,1,False,7.582714709698208,0.8278664723700011,4,qUCB,0.46,0.02,0.46,0.0,0.04,0.0,0.0,0.0,0.0,0.0,0.0,0.02,0.0,0.0,0.0
4,3,3,2,False,7.4567166758492505,0.7584714369511154,0,qEHVI,0.5,0.0,0.44,0.0,0.0,0.0,0.0,0.0,0.04,0.0,0.0,0.02,0.0,0.0,0.0
4,3,3,2,False,7.4567166758492505,0.7584714369511154,1,qEHVI,0.72,0.2,0.0,0.0,0.02,0.0,0.0,0.0,0.0,0.0,0.0,0.0,0.0,0.04,0.02
4,3,3,2,False,7.4567166758492505,0.7584714369511154,2,qEHVI,0.56,0.0,0.4,0.0,0.0,0.0,0.0,0.0,0.0,0.0,0.0,0.0,0.0,0.0,0.04
4,3,3,2,False,7.4567166758492505,0.7584714369511154,3,qUCB,0.56,0.0,0.36,0.04,0.04,0.0,0.0,0.0,0.0,0.0,0.0,0.0,0.0,0.0,0.0
4,3,3,2,False,7.4567166758492505,0.7584714369511154,4,qUCB,0.38,0.04,0.5,0.04,0.04,0.0,0.0,0.0,0.0,0.0,0.0,0.0,0.0,0.0,0.0
4,4,2,3,False,7.494126987574396,0.660470619922414,0,qEHVI,0.5,0.0,0.44,0.0,0.0,0.0,0.0,0.0,0.04,0.0,0.0,0.02,0.0,0.0,0.0
4,4,2,3,False,7.494126987574396,0.660470619922414,1,qEHVI,0.72,0.2,0.0,0.0,0.02,0.0,0.0,0.0,0.0,0.0,0.0,0.0,0.0,0.04,0.02
4,4,2,3,False,7.494126987574396,0.660470619922414,2,qUCB,0.56,0.0,0.36,0.04,0.04,0.0,0.0,0.0,0.0,0.0,0.0,0.0,0.0,0.0,0.0
4,4,2,3,False,7.494126987574396,0.660470619922414,3,qUCB,0.56,0.0,0.4,0.0,0.0,0.0,0.0,0.0,0.0,0.0,0.0,0.0,0.0,0.0,0.04
4,4,2,3,False,7.494126987574396,0.660470619922414,4,qUCB,0.18,0.7000000000000001,0.04,0.0,0.04,0.0,0.0,0.0,0.0,0.0,0.0,0.04,0.0,0.0,0.0
4,5,1,4,False,6.880623208507448,0.3089037639650307,0,qEHVI,0.5,0.0,0.44,0.0,0.0,0.0,0.0,0.0,0.04,0.0,0.0,0.02,0.0,0.0,0.0
4,5,1,4,False,6.880623208507448,0.3089037639650307,1,qUCB,0.84,0.06,0.0,0.0,0.04,0.0,0.0,0.0,0.0,0.0,0.0,0.0,0.0,0.02,0.04
4,5,1,4,False,6.880623208507448,0.3089037639650307,2,qUCB,0.56,0.34,0.0,0.0,0.04,0.0,0.0,0.0,0.0,0.0,0.0,0.0,0.0,0.02,0.04
4,5,1,4,False,6.880623208507448,0.3089037639650307,3,qUCB,0.2,0.7000000000000001,0.0,0.0,0.02,0.0,0.0,0.0,0.0,0.0,0.0,0.0,0.0,0.04,0.04
4,5,1,4,False,6.880623208507448,0.3089037639650307,4,qUCB,0.48,0.04,0.4,0.0,0.04,0.0,0.0,0.0,0.0,0.0,0.0,0.0,0.0,0.0,0.04
4,6,0,5,False,7.461791938593498,0.7411708068161289,0,qUCB,0.56,0.0,0.4,0.0,0.0,0.0,0.0,0.0,0.0,0.0,0.0,0.0,0.0,0.0,0.04
4,6,0,5,False,7.461791938593498,0.7411708068161289,1,qUCB,0.5,0.0,0.44,0.0,0.0,0.0,0.0,0.0,0.04,0.0,0.0,0.02,0.0,0.0,0.0
4,6,0,5,False,7.461791938593498,0.7411708068161289,2,qUCB,0.84,0.06,0.0,0.0,0.04,0.0,0.0,0.0,0.0,0.0,0.0,0.0,0.0,0.02,0.04
4,6,0,5,False,7.461791938593498,0.7411708068161289,3,qUCB,0.56,0.34,0.0,0.0,0.04,0.0,0.0,0.0,0.0,0.0,0.0,0.0,0.0,0.02,0.04
4,6,0,5,False,7.461791938593498,0.7411708068161289,4,qUCB,0.46,0.0,0.46,0.02,0.04,0.0,0.0,0.0,0.0,0.0,0.0,0.0,0.0,0.02,0.0
5,1,5,0,True,4.616957911855311,0.5605780859390954,0,qEHVI,0.72,0.18,0.0,0.0,0.02,0.0,0.0,0.0,0.0,0.0,0.0,0.0,0.0,0.04,0.04
5,1,5,0,True,4.616957911855311,0.5605780859390954,1,qEHVI,0.46,0.0,0.44,0.04,0.0,0.0,0.0,0.0,0.04,0.0,0.0,0.02,0.0,0.0,0.0
5,1,5,0,True,4.616957911855311,0.5605780859390954,2,qEHVI,0.52,0.0,0.44,0.02,0.0,0.0,0.0,0.0,0.0,0.0,0.0,0.02,0.0,0.0,0.0
5,1,5,0,True,4.616957911855311,0.5605780859390954,3,qEHVI,0.92,0.0,0.0,0.0,0.04,0.0,0.0,0.0,0.0,0.0,0.0,0.0,0.0,0.04,0.0
5,1,5,0,True,4.616957911855311,0.5605780859390954,4,qEHVI,0.66,0.24,0.0,0.0,0.04,0.0,0.0,0.0,0.0,0.0,0.0,0.0,0.0,0.04,0.02
5,2,4,1,False,4.530836721798927,0.33943903668792075,0,qEHVI,0.72,0.18,0.0,0.0,0.02,0.0,0.0,0.0,0.0,0.0,0.0,0.0,0.0,0.04,0.04
5,2,4,1,False,4.530836721798927,0.33943903668792075,1,qEHVI,0.46,0.0,0.44,0.04,0.0,0.0,0.0,0.0,0.04,0.0,0.0,0.02,0.0,0.0,0.0
5,2,4,1,False,4.530836721798927,0.33943903668792075,2,qEHVI,0.52,0.0,0.44,0.02,0.0,0.0,0.0,0.0,0.0,0.0,0.0,0.02,0.0,0.0,0.0
5,2,4,1,False,4.530836721798927,0.33943903668792075,3,qEHVI,0.92,0.0,0.0,0.0,0.04,0.0,0.0,0.0,0.0,0.0,0.0,0.0,0.0,0.04,0.0
5,2,4,1,False,4.530836721798927,0.33943903668792075,4,qUCB,0.48,0.42,0.0,0.0,0.04,0.0,0.0,0.0,0.04,0.0,0.0,0.0,0.0,0.0,0.02
5,3,3,2,False,4.253774838730288,0.3046435146993538,0,qEHVI,0.72,0.18,0.0,0.0,0.02,0.0,0.0,0.0,0.0,0.0,0.0,0.0,0.0,0.04,0.04
5,3,3,2,False,4.253774838730288,0.3046435146993538,1,qEHVI,0.46,0.0,0.44,0.04,0.0,0.0,0.0,0.0,0.04,0.0,0.0,0.02,0.0,0.0,0.0
5,3,3,2,False,4.253774838730288,0.3046435146993538,2,qEHVI,0.52,0.0,0.44,0.02,0.0,0.0,0.0,0.0,0.0,0.0,0.0,0.02,0.0,0.0,0.0
5,3,3,2,False,4.253774838730288,0.3046435146993538,3,qUCB,0.48,0.42,0.0,0.0,0.04,0.0,0.0,0.0,0.04,0.0,0.0,0.0,0.0,0.0,0.02
5,3,3,2,False,4.253774838730288,0.3046435146993538,4,qUCB,0.0,0.92,0.02,0.0,0.04,0.0,0.0,0.0,0.02,0.0,0.0,0.0,0.0,0.0,0.0
5,4,2,3,False,3.9488380432966657,0.2631156935409251,0,qEHVI,0.72,0.18,0.0,0.0,0.02,0.0,0.0,0.0,0.0,0.0,0.0,0.0,0.0,0.04,0.04
5,4,2,3,False,3.9488380432966657,0.2631156935409251,1,qEHVI,0.46,0.0,0.44,0.04,0.0,0.0,0.0,0.0,0.04,0.0,0.0,0.02,0.0,0.0,0.0
5,4,2,3,False,3.9488380432966657,0.2631156935409251,2,qUCB,0.54,0.38,0.0,0.0,0.04,0.0,0.0,0.0,0.0,0.0,0.0,0.04,0.0,0.0,0.0
5,4,2,3,False,3.9488380432966657,0.2631156935409251,3,qUCB,0.02,0.88,0.02,0.0,0.04,0.0,0.0,0.0,0.0,0.0,0.0,0.04,0.0,0.0,0.0
5,4,2,3,False,3.9488380432966657,0.2631156935409251,4,qUCB,0.46,0.44,0.0,0.0,0.0,0.0,0.0,0.0,0.02,0.0,0.0,0.04,0.0,0.0,0.04
5,5,1,4,False,3.839243296387353,0.5573781345270312,0,qEHVI,0.72,0.18,0.0,0.0,0.02,0.0,0.0,0.0,0.0,0.0,0.0,0.0,0.0,0.04,0.04
5,5,1,4,False,3.839243296387353,0.5573781345270312,1,qUCB,0.46,0.0,0.44,0.04,0.0,0.0,0.0,0.0,0.04,0.0,0.0,0.02,0.0,0.0,0.0
5,5,1,4,False,3.839243296387353,0.5573781345270312,2,qUCB,0.06,0.86,0.0,0.0,0.0,0.0,0.0,0.0,0.04,0.0,0.0,0.04,0.0,0.0,0.0
5,5,1,4,False,3.839243296387353,0.5573781345270312,3,qUCB,0.32,0.6,0.0,0.0,0.04,0.0,0.0,0.0,0.04,0.0,0.0,0.0,0.0,0.0,0.0
5,5,1,4,False,3.839243296387353,0.5573781345270312,4,qUCB,0.02,0.88,0.02,0.0,0.04,0.0,0.0,0.0,0.0,0.0,0.0,0.04,0.0,0.0,0.0
5,6,0,5,False,3.1371293920917624,0.5182260660101043,0,qUCB,0.72,0.18,0.0,0.0,0.02,0.0,0.0,0.0,0.0,0.0,0.0,0.0,0.0,0.04,0.04
5,6,0,5,False,3.1371293920917624,0.5182260660101043,1,qUCB,0.92,0.0,0.0,0.0,0.04,0.0,0.0,0.0,0.0,0.0,0.0,0.0,0.0,0.04,0.0
5,6,0,5,False,3.1371293920917624,0.5182260660101043,2,qUCB,0.44,0.44,0.02,0.0,0.04,0.0,0.0,0.0,0.0,0.0,0.0,0.0,0.0,0.02,0.04
5,6,0,5,False,3.1371293920917624,0.5182260660101043,3,qUCB,0.86,0.1,0.0,0.0,0.0,0.0,0.0,0.0,0.0,0.0,0.0,0.0,0.0,0.0,0.04
5,6,0,5,False,3.1371293920917624,0.5182260660101043,4,qUCB,0.2,0.7000000000000001,0.0,0.0,0.04,0.0,0.0,0.0,0.0,0.0,0.0,0.0,0.0,0.02,0.04
6,1,5,0,True,2.6715933458183323,0.37114362784969757,0,qEHVI,0.6,0.32,0.0,0.0,0.04,0.0,0.0,0.0,0.0,0.0,0.0,0.0,0.0,0.02,0.02
6,1,5,0,True,2.6715933458183323,0.37114362784969757,1,qEHVI,0.42,0.0,0.48,0.02,0.0,0.0,0.0,0.0,0.04,0.0,0.0,0.0,0.0,0.04,0.0
6,1,5,0,True,2.6715933458183323,0.37114362784969757,2,qEHVI,0.58,0.3,0.04,0.0,0.0,0.0,0.0,0.0,0.0,0.0,0.0,0.0,0.0,0.04,0.04
6,1,5,0,True,2.6715933458183323,0.37114362784969757,3,qEHVI,0.44,0.0,0.48,0.04,0.0,0.0,0.0,0.0,0.0,0.0,0.0,0.0,0.0,0.02,0.02
6,1,5,0,True,2.6715933458183323,0.37114362784969757,4,qEHVI,0.44,0.46,0.0,0.0,0.04,0.0,0.0,0.0,0.0,0.0,0.0,0.0,0.0,0.04,0.02
6,2,4,1,False,2.5358971949225455,0.7492811966849899,0,qEHVI,0.6,0.32,0.0,0.0,0.04,0.0,0.0,0.0,0.0,0.0,0.0,0.0,0.0,0.02,0.02
6,2,4,1,False,2.5358971949225455,0.7492811966849899,1,qEHVI,0.42,0.0,0.48,0.02,0.0,0.0,0.0,0.0,0.04,0.0,0.0,0.0,0.0,0.04,0.0
6,2,4,1,False,2.5358971949225455,0.7492811966849899,2,qEHVI,0.58,0.3,0.04,0.0,0.0,0.0,0.0,0.0,0.0,0.0,0.0,0.0,0.0,0.04,0.04
6,2,4,1,False,2.5358971949225455,0.7492811966849899,3,qEHVI,0.44,0.0,0.48,0.04,0.0,0.0,0.0,0.0,0.0,0.0,0.0,0.0,0.0,0.02,0.02
6,2,4,1,False,2.5358971949225455,0.7492811966849899,4,qUCB,0.58,0.32,0.0,0.0,0.0,0.0,0.0,0.0,0.04,0.0,0.0,0.04,0.0,0.0,0.02
6,3,3,2,False,2.3838406656541795,0.893762377834328,0,qEHVI,0.6,0.32,0.0,0.0,0.04,0.0,0.0,0.0,0.0,0.0,0.0,0.0,0.0,0.02,0.02
6,3,3,2,False,2.3838406656541795,0.893762377834328,1,qEHVI,0.42,0.0,0.48,0.02,0.0,0.0,0.0,0.0,0.04,0.0,0.0,0.0,0.0,0.04,0.0
6,3,3,2,False,2.3838406656541795,0.893762377834328,2,qEHVI,0.58,0.3,0.04,0.0,0.0,0.0,0.0,0.0,0.0,0.0,0.0,0.0,0.0,0.04,0.04
6,3,3,2,False,2.3838406656541795,0.893762377834328,3,qUCB,0.44,0.02,0.44,0.04,0.0,0.0,0.0,0.0,0.0,0.0,0.0,0.04,0.0,0.0,0.02
6,3,3,2,False,2.3838406656541795,0.893762377834328,4,qUCB,0.3,0.58,0.02,0.0,0.0,0.0,0.0,0.0,0.04,0.0,0.0,0.04,0.0,0.0,0.02
6,4,2,3,False,2.1940528001773956,0.3244517285830746,0,qEHVI,0.6,0.32,0.0,0.0,0.04,0.0,0.0,0.0,0.0,0.0,0.0,0.0,0.0,0.02,0.02
6,4,2,3,False,2.1940528001773956,0.3244517285830746,1,qEHVI,0.42,0.0,0.48,0.02,0.0,0.0,0.0,0.0,0.04,0.0,0.0,0.0,0.0,0.04,0.0
6,4,2,3,False,2.1940528001773956,0.3244517285830746,2,qUCB,0.44,0.02,0.44,0.04,0.0,0.0,0.0,0.0,0.0,0.0,0.0,0.04,0.0,0.0,0.02
6,4,2,3,False,2.1940528001773956,0.3244517285830746,3,qUCB,0.12,0.78,0.0,0.0,0.0,0.0,0.0,0.0,0.02,0.0,0.0,0.04,0.0,0.0,0.04
6,4,2,3,False,2.1940528001773956,0.3244517285830746,4,qUCB,0.56,0.0,0.4,0.0,0.0,0.0,0.0,0.0,0.0,0.0,0.0,0.04,0.0,0.0,0.0
6,5,1,4,False,1.6413756632777419,0.24058922946843353,0,qEHVI,0.6,0.32,0.0,0.0,0.04,0.0,0.0,0.0,0.0,0.0,0.0,0.0,0.0,0.02,0.02
6,5,1,4,False,1.6413756632777419,0.24058922946843353,1,qUCB,0.48,0.0,0.42,0.02,0.0,0.0,0.0,0.0,0.04,0.0,0.0,0.04,0.0,0.0,0.0
6,5,1,4,False,1.6413756632777419,0.24058922946843353,2,qUCB,0.12,0.78,0.02,0.0,0.0,0.0,0.0,0.0,0.04,0.0,0.0,0.04,0.0,0.0,0.0
6,5,1,4,False,1.6413756632777419,0.24058922946843353,3,qUCB,0.12,0.78,0.0,0.0,0.0,0.0,0.0,0.0,0.02,0.0,0.0,0.04,0.0,0.0,0.04
6,5,1,4,False,1.6413756632777419,0.24058922946843353,4,qUCB,0.3,0.58,0.02,0.0,0.0,0.0,0.0,0.0,0.04,0.0,0.0,0.04,0.0,0.0,0.02
6,6,0,5,False,1.9890564717801267,0.5035222921689986,0,qUCB,0.44,0.46,0.0,0.0,0.04,0.0,0.0,0.0,0.0,0.0,0.0,0.0,0.0,0.04,0.02
6,6,0,5,False,1.9890564717801267,0.5035222921689986,1,qUCB,0.6,0.3,0.02,0.0,0.04,0.0,0.0,0.0,0.0,0.0,0.0,0.0,0.0,0.0,0.04
6,6,0,5,False,1.9890564717801267,0.5035222921689986,2,qUCB,0.48,0.42,0.0,0.0,0.0,0.0,0.0,0.0,0.0,0.0,0.0,0.04,0.0,0.02,0.04
6,6,0,5,False,1.9890564717801267,0.5035222921689986,3,qUCB,0.44,0.4,0.06,0.0,0.04,0.0,0.0,0.0,0.0,0.0,0.0,0.02,0.0,0.0,0.04
6,6,0,5,False,1.9890564717801267,0.5035222921689986,4,qUCB,0.8,0.12,0.0,0.0,0.0,0.0,0.0,0.0,0.0,0.0,0.0,0.0,0.0,0.04,0.04
7,1,5,0,True,1.4170419169647943,0.5539040125250096,0,qEHVI,0.66,0.24,0.0,0.0,0.04,0.0,0.0,0.0,0.0,0.0,0.0,0.02,0.0,0.04,0.0
7,1,5,0,True,1.4170419169647943,0.5539040125250096,1,qEHVI,0.42,0.0,0.48,0.04,0.04,0.0,0.0,0.0,0.0,0.0,0.0,0.0,0.0,0.02,0.0
7,1,5,0,True,1.4170419169647943,0.5539040125250096,2,qEHVI,0.66,0.16,0.08,0.0,0.04,0.0,0.0,0.0,0.0,0.0,0.0,0.02,0.0,0.04,0.0
7,1,5,0,True,1.4170419169647943,0.5539040125250096,3,qEHVI,0.46,0.0,0.46,0.0,0.0,0.0,0.0,0.0,0.02,0.0,0.0,0.04,0.0,0.02,0.0
7,1,5,0,True,1.4170419169647943,0.5539040125250096,4,qEHVI,0.68,0.18,0.08,0.0,0.02,0.0,0.0,0.0,0.0,0.0,0.0,0.02,0.0,0.02,0.0
7,2,4,1,False,1.3501229476357144,0.3156163748275027,0,qEHVI,0.66,0.24,0.0,0.0,0.04,0.0,0.0,0.0,0.0,0.0,0.0,0.02,0.0,0.04,0.0
7,2,4,1,False,1.3501229476357144,0.3156163748275027,1,qEHVI,0.42,0.0,0.48,0.04,0.04,0.0,0.0,0.0,0.0,0.0,0.0,0.0,0.0,0.02,0.0
7,2,4,1,False,1.3501229476357144,0.3156163748275027,2,qEHVI,0.66,0.16,0.08,0.0,0.04,0.0,0.0,0.0,0.0,0.0,0.0,0.02,0.0,0.04,0.0
7,2,4,1,False,1.3501229476357144,0.3156163748275027,3,qEHVI,0.46,0.0,0.46,0.0,0.0,0.0,0.0,0.0,0.02,0.0,0.0,0.04,0.0,0.02,0.0
7,2,4,1,False,1.3501229476357144,0.3156163748275027,4,qUCB,0.4,0.0,0.5,0.0,0.02,0.0,0.0,0.0,0.04,0.0,0.0,0.0,0.0,0.0,0.04
7,3,3,2,False,1.2510274550926386,0.15148531611144378,0,qEHVI,0.66,0.24,0.0,0.0,0.04,0.0,0.0,0.0,0.0,0.0,0.0,0.02,0.0,0.04,0.0
7,3,3,2,False,1.2510274550926386,0.15148531611144378,1,qEHVI,0.42,0.0,0.48,0.04,0.04,0.0,0.0,0.0,0.0,0.0,0.0,0.0,0.0,0.02,0.0
7,3,3,2,False,1.2510274550926386,0.15148531611144378,2,qEHVI,0.66,0.16,0.08,0.0,0.04,0.0,0.0,0.0,0.0,0.0,0.0,0.02,0.0,0.04,0.0
7,3,3,2,False,1.2510274550926386,0.15148531611144378,3,qUCB,0.44,0.02,0.44,0.0,0.0,0.0,0.0,0.0,0.04,0.0,0.0,0.02,0.0,0.0,0.04
7,3,3,2,False,1.2510274550926386,0.15148531611144378,4,qUCB,0.06,0.68,0.18,0.0,0.0,0.0,0.0,0.0,0.04,0.0,0.0,0.0,0.0,0.0,0.04
7,4,2,3,False,1.1073165403891685,0.24557326616903197,0,qEHVI,0.66,0.24,0.0,0.0,0.04,0.0,0.0,0.0,0.0,0.0,0.0,0.02,0.0,0.04,0.0
7,4,2,3,False,1.1073165403891685,0.24557326616903197,1,qEHVI,0.42,0.0,0.48,0.04,0.04,0.0,0.0,0.0,0.0,0.0,0.0,0.0,0.0,0.02,0.0
7,4,2,3,False,1.1073165403891685,0.24557326616903197,2,qUCB,0.44,0.02,0.44,0.0,0.0,0.0,0.0,0.0,0.04,0.0,0.0,0.02,0.0,0.0,0.04
7,4,2,3,False,1.1073165403891685,0.24557326616903197,3,qUCB,0.06,0.68,0.18,0.0,0.0,0.0,0.0,0.0,0.04,0.0,0.0,0.0,0.0,0.0,0.04
7,4,2,3,False,1.1073165403891685,0.24557326616903197,4,qUCB,0.0,0.84,0.08,0.0,0.0,0.0,0.0,0.0,0.04,0.0,0.0,0.0,0.0,0.0,0.04
7,5,1,4,False,0.6763449010480628,0.053139726368250706,0,qEHVI,0.66,0.24,0.0,0.0,0.04,0.0,0.0,0.0,0.0,0.0,0.0,0.02,0.0,0.04,0.0
7,5,1,4,False,0.6763449010480628,0.053139726368250706,1,qUCB,0.42,0.02,0.48,0.0,0.0,0.0,0.0,0.0,0.04,0.0,0.0,0.0,0.0,0.0,0.04
7,5,1,4,False,0.6763449010480628,0.053139726368250706,2,qUCB,0.02,0.72,0.16,0.02,0.0,0.0,0.0,0.0,0.04,0.0,0.0,0.0,0.0,0.0,0.04
7,5,1,4,False,0.6763449010480628,0.053139726368250706,3,qUCB,0.0,0.66,0.26,0.04,0.0,0.0,0.0,0.0,0.04,0.0,0.0,0.0,0.0,0.0,0.0
7,5,1,4,False,0.6763449010480628,0.053139726368250706,4,qUCB,0.02,0.56,0.32,0.04,0.0,0.0,0.0,0.0,0.02,0.0,0.0,0.0,0.0,0.0,0.04
7,6,0,5,False,0.7829772138194506,0.46583030004895676,0,qUCB,0.66,0.24,0.0,0.0,0.04,0.0,0.0,0.0,0.0,0.0,0.0,0.02,0.0,0.04,0.0
7,6,0,5,False,0.7829772138194506,0.46583030004895676,1,qUCB,0.36,0.26,0.28,0.0,0.04,0.0,0.0,0.0,0.0,0.0,0.0,0.0,0.0,0.04,0.02
7,6,0,5,False,0.7829772138194506,0.46583030004895676,2,qUCB,0.66,0.16,0.08,0.0,0.04,0.0,0.0,0.0,0.0,0.0,0.0,0.02,0.0,0.04,0.0
7,6,0,5,False,0.7829772138194506,0.46583030004895676,3,qUCB,0.02,0.78,0.18,0.0,0.0,0.0,0.0,0.0,0.0,0.0,0.0,0.0,0.0,0.0,0.02
7,6,0,5,False,0.7829772138194506,0.46583030004895676,4,qUCB,0.2,0.58,0.12,0.0,0.04,0.0,0.0,0.0,0.0,0.0,0.0,0.04,0.0,0.0,0.02
8,1,5,0,True,1.1102820038798518,0.21645419968135826,0,qEHVI,0.48,0.0,0.48,0.02,0.0,0.0,0.0,0.0,0.0,0.0,0.0,0.0,0.0,0.02,0.0
8,1,5,0,True,1.1102820038798518,0.21645419968135826,1,qEHVI,0.74,0.2,0.0,0.0,0.0,0.0,0.0,0.0,0.0,0.0,0.0,0.0,0.0,0.04,0.02
8,1,5,0,True,1.1102820038798518,0.21645419968135826,2,qEHVI,0.42,0.0,0.5,0.04,0.0,0.0,0.0,0.0,0.0,0.0,0.0,0.0,0.0,0.0,0.04
8,1,5,0,True,1.1102820038798518,0.21645419968135826,3,qEHVI,0.8,0.1,0.0,0.0,0.04,0.0,0.0,0.0,0.0,0.0,0.0,0.0,0.0,0.04,0.02
8,1,5,0,True,1.1102820038798518,0.21645419968135826,4,qEHVI,0.5,0.0,0.46,0.04,0.0,0.0,0.0,0.0,0.0,0.0,0.0,0.0,0.0,0.0,0.0
8,2,4,1,False,1.0423456577483088,0.42698436752433366,0,qEHVI,0.48,0.0,0.48,0.02,0.0,0.0,0.0,0.0,0.0,0.0,0.0,0.0,0.0,0.02,0.0
8,2,4,1,False,1.0423456577483088,0.42698436752433366,1,qEHVI,0.74,0.2,0.0,0.0,0.0,0.0,0.0,0.0,0.0,0.0,0.0,0.0,0.0,0.04,0.02
8,2,4,1,False,1.0423456577483088,0.42698436752433366,2,qEHVI,0.42,0.0,0.5,0.04,0.0,0.0,0.0,0.0,0.0,0.0,0.0,0.0,0.0,0.0,0.04
8,2,4,1,False,1.0423456577483088,0.42698436752433366,3,qEHVI,0.8200000000000001,0.08,0.0,0.0,0.0,0.0,0.0,0.0,0.0,0.0,0.0,0.02,0.0,0.04,0.04
8,2,4,1,False,1.0423456577483088,0.42698436752433366,4,qUCB,0.66,0.24,0.0,0.0,0.04,0.0,0.0,0.0,0.04,0.0,0.0,0.0,0.0,0.0,0.02
8,3,3,2,False,0.9901561228888088,0.3113514363700247,0,qEHVI,0.48,0.0,0.48,0.02,0.0,0.0,0.0,0.0,0.0,0.0,0.0,0.0,0.0,0.02,0.0
8,3,3,2,False,0.9901561228888088,0.3113514363700247,1,qEHVI,0.74,0.2,0.0,0.0,0.0,0.0,0.0,0.0,0.0,0.0,0.0,0.0,0.0,0.04,0.02
8,3,3,2,False,0.9901561228888088,0.3113514363700247,2,qEHVI,0.42,0.0,0.5,0.04,0.0,0.0,0.0,0.0,0.0,0.0,0.0,0.0,0.0,0.0,0.04
8,3,3,2,False,0.9901561228888088,0.3113514363700247,3,qUCB,0.66,0.24,0.0,0.0,0.04,0.0,0.0,0.0,0.04,0.0,0.0,0.0,0.0,0.0,0.02
8,3,3,2,False,0.9901561228888088,0.3113514363700247,4,qUCB,0.5,0.0,0.4,0.0,0.0,0.0,0.0,0.0,0.04,0.0,0.0,0.04,0.0,0.0,0.02
8,4,2,3,False,0.9175830251965462,0.5459279713375764,0,qEHVI,0.48,0.0,0.48,0.02,0.0,0.0,0.0,0.0,0.0,0.0,0.0,0.0,0.0,0.02,0.0
8,4,2,3,False,0.9175830251965462,0.5459279713375764,1,qEHVI,0.74,0.2,0.0,0.0,0.0,0.0,0.0,0.0,0.0,0.0,0.0,0.0,0.0,0.04,0.02
8,4,2,3,False,0.9175830251965462,0.5459279713375764,2,qUCB,0.48,0.0,0.42,0.0,0.04,0.0,0.0,0.0,0.02,0.0,0.0,0.0,0.0,0.0,0.04
8,4,2,3,False,0.9175830251965462,0.5459279713375764,3,qUCB,0.66,0.24,0.0,0.0,0.04,0.0,0.0,0.0,0.04,0.0,0.0,0.0,0.0,0.0,0.02
8,4,2,3,False,0.9175830251965462,0.5459279713375764,4,qUCB,0.04,0.86,0.0,0.0,0.04,0.0,0.0,0.0,0.04,0.0,0.0,0.02,0.0,0.0,0.0
8,5,1,4,False,0.6057085963004201,0.21026085751994827,0,qEHVI,0.48,0.0,0.48,0.02,0.0,0.0,0.0,0.0,0.0,0.0,0.0,0.0,0.0,0.02,0.0
8,5,1,4,False,0.6057085963004201,0.21026085751994827,1,qUCB,0.68,0.22,0.0,0.0,0.04,0.0,0.0,0.0,0.02,0.0,0.0,0.0,0.0,0.0,0.04
8,5,1,4,False,0.6057085963004201,0.21026085751994827,2,qUCB,0.48,0.0,0.42,0.0,0.04,0.0,0.0,0.0,0.02,0.0,0.0,0.0,0.0,0.0,0.04
8,5,1,4,False,0.6057085963004201,0.21026085751994827,3,qUCB,0.02,0.88,0.0,0.0,0.02,0.0,0.0,0.0,0.0,0.0,0.0,0.04,0.0,0.0,0.04
8,5,1,4,False,0.6057085963004201,0.21026085751994827,4,qUCB,0.84,0.06,0.0,0.0,0.0,0.0,0.0,0.0,0.02,0.0,0.0,0.04,0.0,0.0,0.04
8,6,0,5,False,1.0453235743651261,0.525843890957681,0,qUCB,0.74,0.2,0.0,0.0,0.0,0.0,0.0,0.0,0.0,0.0,0.0,0.0,0.0,0.04,0.02
8,6,0,5,False,1.0453235743651261,0.525843890957681,1,qUCB,0.5,0.0,0.46,0.04,0.0,0.0,0.0,0.0,0.0,0.0,0.0,0.0,0.0,0.0,0.0
8,6,0,5,False,1.0453235743651261,0.525843890957681,2,qUCB,0.46,0.0,0.46,0.0,0.0,0.0,0.0,0.0,0.0,0.0,0.0,0.04,0.0,0.0,0.04
8,6,0,5,False,1.0453235743651261,0.525843890957681,3,qUCB,0.8200000000000001,0.08,0.0,0.0,0.0,0.0,0.0,0.0,0.0,0.0,0.0,0.02,0.0,0.04,0.04
8,6,0,5,False,1.0453235743651261,0.525843890957681,4,qUCB,0.52,0.02,0.4,0.0,0.0,0.0,0.0,0.0,0.02,0.0,0.0,0.0,0.0,0.04,0.0
9,1,5,0,True,3.712459508871919,0.8557642359264759,0,qEHVI,0.52,0.1,0.28,0.04,0.02,0.0,0.0,0.0,0.02,0.0,0.0,0.0,0.0,0.02,0.0
9,1,5,0,True,3.712459508871919,0.8557642359264759,1,qEHVI,0.42,0.26,0.22,0.0,0.0,0.0,0.0,0.0,0.02,0.0,0.0,0.0,0.0,0.04,0.04
9,1,5,0,True,3.712459508871919,0.8557642359264759,2,qEHVI,0.56,0.02,0.32,0.04,0.0,0.0,0.0,0.0,0.0,0.0,0.0,0.04,0.0,0.02,0.0
9,1,5,0,True,3.712459508871919,0.8557642359264759,3,qEHVI,0.44,0.22,0.24,0.04,0.0,0.0,0.0,0.0,0.0,0.0,0.0,0.02,0.0,0.04,0.0
9,1,5,0,True,3.712459508871919,0.8557642359264759,4,qEHVI,0.46,0.18,0.3,0.0,0.0,0.0,0.0,0.0,0.02,0.0,0.0,0.0,0.0,0.04,0.0
9,2,4,1,False,3.5776437507308456,0.9181490291732013,0,qEHVI,0.52,0.1,0.28,0.04,0.02,0.0,0.0,0.0,0.02,0.0,0.0,0.0,0.0,0.02,0.0
9,2,4,1,False,3.5776437507308456,0.9181490291732013,1,qEHVI,0.42,0.26,0.22,0.0,0.0,0.0,0.0,0.0,0.02,0.0,0.0,0.0,0.0,0.04,0.04
9,2,4,1,False,3.5776437507308456,0.9181490291732013,2,qEHVI,0.56,0.02,0.32,0.04,0.0,0.0,0.0,0.0,0.0,0.0,0.0,0.04,0.0,0.02,0.0
9,2,4,1,False,3.5776437507308456,0.9181490291732013,3,qEHVI,0.44,0.22,0.24,0.04,0.0,0.0,0.0,0.0,0.0,0.0,0.0,0.02,0.0,0.04,0.0
9,2,4,1,False,3.5776437507308456,0.9181490291732013,4,qUCB,0.38,0.36,0.16,0.0,0.02,0.0,0.0,0.0,0.04,0.0,0.0,0.04,0.0,0.0,0.0
9,3,3,2,False,3.2683729120917873,0.9733670432536516,0,qEHVI,0.52,0.1,0.28,0.04,0.02,0.0,0.0,0.0,0.02,0.0,0.0,0.0,0.0,0.02,0.0
9,3,3,2,False,3.2683729120917873,0.9733670432536516,1,qEHVI,0.42,0.26,0.22,0.0,0.0,0.0,0.0,0.0,0.02,0.0,0.0,0.0,0.0,0.04,0.04
9,3,3,2,False,3.2683729120917873,0.9733670432536516,2,qEHVI,0.56,0.02,0.32,0.04,0.0,0.0,0.0,0.0,0.0,0.0,0.0,0.04,0.0,0.02,0.0
9,3,3,2,False,3.2683729120917873,0.9733670432536516,3,qUCB,0.38,0.36,0.16,0.0,0.02,0.0,0.0,0.0,0.04,0.0,0.0,0.04,0.0,0.0,0.0
9,3,3,2,False,3.2683729120917873,0.9733670432536516,4,qUCB,0.02,0.88,0.0,0.0,0.04,0.0,0.0,0.0,0.0,0.0,0.0,0.04,0.0,0.02,0.0
9,4,2,3,False,2.896695863234823,1.016017010553754,0,qEHVI,0.52,0.1,0.28,0.04,0.02,0.0,0.0,0.0,0.02,0.0,0.0,0.0,0.0,0.02,0.0
9,4,2,3,False,2.896695863234823,1.016017010553754,1,qEHVI,0.42,0.26,0.22,0.0,0.0,0.0,0.0,0.0,0.02,0.0,0.0,0.0,0.0,0.04,0.04
9,4,2,3,False,2.896695863234823,1.016017010553754,2,qUCB,0.34,0.42,0.16,0.0,0.0,0.0,0.0,0.0,0.04,0.0,0.0,0.04,0.0,0.0,0.0
9,4,2,3,False,2.896695863234823,1.016017010553754,3,qUCB,0.0,0.9400000000000001,0.0,0.0,0.02,0.0,0.0,0.0,0.0,0.0,0.0,0.04,0.0,0.0,0.0
9,4,2,3,False,2.896695863234823,1.016017010553754,4,qUCB,0.0,0.72,0.18,0.04,0.0,0.0,0.0,0.0,0.0,0.0,0.0,0.02,0.0,0.0,0.04
9,5,1,4,False,2.7021303225328843,1.4123699786737802,0,qEHVI,0.52,0.1,0.28,0.04,0.02,0.0,0.0,0.0,0.02,0.0,0.0,0.0,0.0,0.02,0.0
9,5,1,4,False,2.7021303225328843,1.4123699786737802,1,qUCB,0.36,0.36,0.2,0.0,0.0,0.0,0.0,0.0,0.0,0.0,0.0,0.04,0.0,0.0,0.04
9,5,1,4,False,2.7021303225328843,1.4123699786737802,2,qUCB,0.08,0.8200000000000001,0.02,0.0,0.0,0.0,0.0,0.0,0.0,0.0,0.0,0.04,0.0,0.0,0.04
9,5,1,4,False,2.7021303225328843,1.4123699786737802,3,qUCB,0.0,0.72,0.18,0.04,0.0,0.0,0.0,0.0,0.0,0.0,0.0,0.02,0.0,0.0,0.04
9,5,1,4,False,2.7021303225328843,1.4123699786737802,4,qUCB,0.26,0.4,0.24,0.04,0.0,0.0,0.0,0.0,0.0,0.0,0.0,0.04,0.0,0.0,0.02
9,6,0,5,False,2.2982197589574946,0.7289377079130324,0,qUCB,0.42,0.26,0.22,0.0,0.0,0.0,0.0,0.0,0.02,0.0,0.0,0.0,0.0,0.04,0.04
9,6,0,5,False,2.2982197589574946,0.7289377079130324,1,qUCB,0.32,0.42,0.18,0.04,0.0,0.0,0.0,0.0,0.0,0.0,0.0,0.0,0.0,0.04,0.0
9,6,0,5,False,2.2982197589574946,0.7289377079130324,2,qUCB,0.32,0.48,0.1,0.0,0.0,0.0,0.0,0.0,0.02,0.0,0.0,0.04,0.0,0.0,0.04
9,6,0,5,False,2.2982197589574946,0.7289377079130324,3,qUCB,0.54,0.0,0.36,0.04,0.0,0.0,0.0,0.0,0.0,0.0,0.0,0.0,0.0,0.02,0.04
9,6,0,5,False,2.2982197589574946,0.7289377079130324,4,qUCB,0.0,0.9400000000000001,0.0,0.0,0.02,0.0,0.0,0.0,0.0,0.0,0.0,0.04,0.0,0.0,0.0
10,1,5,0,True,9.577214943272091,0.9202625812741356,0,qEHVI,0.66,0.24,0.0,0.04,0.02,0.0,0.0,0.0,0.02,0.0,0.0,0.02,0.0,0.0,0.0
10,1,5,0,True,9.577214943272091,0.9202625812741356,1,qEHVI,0.56,0.24,0.1,0.02,0.0,0.0,0.0,0.0,0.0,0.0,0.0,0.0,0.0,0.04,0.04
10,1,5,0,True,9.577214943272091,0.9202625812741356,2,qEHVI,0.38,0.1,0.44,0.04,0.0,0.0,0.0,0.0,0.0,0.0,0.0,0.04,0.0,0.0,0.0
10,1,5,0,True,9.577214943272091,0.9202625812741356,3,qEHVI,0.24,0.66,0.0,0.0,0.02,0.0,0.0,0.0,0.0,0.0,0.0,0.04,0.0,0.02,0.02
10,1,5,0,True,9.577214943272091,0.9202625812741356,4,qEHVI,0.0,0.58,0.34,0.04,0.0,0.0,0.0,0.0,0.0,0.0,0.0,0.02,0.0,0.02,0.0
10,2,4,1,False,9.390789180629314,0.6031493882423256,0,qEHVI,0.66,0.24,0.0,0.04,0.02,0.0,0.0,0.0,0.02,0.0,0.0,0.02,0.0,0.0,0.0
10,2,4,1,False,9.390789180629314,0.6031493882423256,1,qEHVI,0.24,0.66,0.0,0.0,0.02,0.0,0.0,0.0,0.0,0.0,0.0,0.04,0.0,0.02,0.02
10,2,4,1,False,9.390789180629314,0.6031493882423256,2,qEHVI,0.58,0.22,0.1,0.02,0.0,0.0,0.0,0.0,0.0,0.0,0.0,0.02,0.0,0.04,0.02
10,2,4,1,False,9.390789180629314,0.6031493882423256,3,qEHVI,0.44,0.06,0.4,0.04,0.0,0.0,0.0,0.0,0.02,0.0,0.0,0.04,0.0,0.0,0.0
10,2,4,1,False,9.390789180629314,0.6031493882423256,4,qUCB,0.68,0.18,0.04,0.04,0.0,0.0,0.0,0.0,0.02,0.0,0.0,0.0,0.0,0.0,0.04
10,3,3,2,False,8.23924722514115,0.11353848251176046,0,qEHVI,0.66,0.24,0.0,0.04,0.02,0.0,0.0,0.0,0.02,0.0,0.0,0.02,0.0,0.0,0.0
10,3,3,2,False,8.23924722514115,0.11353848251176046,1,qEHVI,0.56,0.24,0.1,0.02,0.0,0.0,0.0,0.0,0.0,0.0,0.0,0.0,0.0,0.04,0.04
10,3,3,2,False,8.23924722514115,0.11353848251176046,2,qEHVI,0.24,0.66,0.0,0.0,0.02,0.0,0.0,0.0,0.0,0.0,0.0,0.04,0.0,0.02,0.02
10,3,3,2,False,8.23924722514115,0.11353848251176046,3,qUCB,0.68,0.18,0.04,0.04,0.0,0.0,0.0,0.0,0.02,0.0,0.0,0.0,0.0,0.0,0.04
10,3,3,2,False,8.23924722514115,0.11353848251176046,4,qUCB,0.16,0.74,0.0,0.0,0.04,0.0,0.0,0.0,0.04,0.0,0.0,0.0,0.0,0.0,0.02
10,4,2,3,False,9.493699863479376,0.20808832994092796,0,qEHVI,0.66,0.24,0.0,0.04,0.02,0.0,0.0,0.0,0.02,0.0,0.0,0.02,0.0,0.0,0.0
10,4,2,3,False,9.493699863479376,0.20808832994092796,1,qEHVI,0.56,0.24,0.1,0.02,0.0,0.0,0.0,0.0,0.0,0.0,0.0,0.0,0.0,0.04,0.04
10,4,2,3,False,9.493699863479376,0.20808832994092796,2,qUCB,0.26,0.64,0.0,0.0,0.0,0.0,0.0,0.0,0.02,0.0,0.0,0.04,0.0,0.0,0.04
10,4,2,3,False,9.493699863479376,0.20808832994092796,3,qUCB,0.0,0.88,0.06,0.0,0.0,0.0,0.0,0.0,0.0,0.0,0.0,0.04,0.0,0.0,0.02
10,4,2,3,False,9.493699863479376,0.20808832994092796,4,qUCB,0.02,0.6,0.28,0.04,0.0,0.0,0.0,0.0,0.0,0.0,0.0,0.02,0.0,0.04,0.0
10,5,1,4,False,7.8839313150995105,0.15170135918733862,0,qEHVI,0.66,0.24,0.0,0.04,0.02,0.0,0.0,0.0,0.02,0.0,0.0,0.02,0.0,0.0,0.0
10,5,1,4,False,7.8839313150995105,0.15170135918733862,1,qUCB,0.18,0.68,0.04,0.0,0.02,0.0,0.0,0.0,0.0,0.0,0.0,0.0,0.0,0.04,0.04
10,5,1,4,False,7.8839313150995105,0.15170135918733862,2,qUCB,0.0,0.84,0.12,0.0,0.0,0.0,0.0,0.0,0.0,0.0,0.0,0.0,0.0,0.04,0.0
10,5,1,4,False,7.8839313150995105,0.15170135918733862,3,qUCB,0.0,0.54,0.36,0.02,0.0,0.0,0.0,0.0,0.0,0.0,0.0,0.0,0.0,0.04,0.04
10,5,1,4,False,7.8839313150995105,0.15170135918733862,4,qUCB,0.0,0.66,0.26,0.04,0.0,0.0,0.0,0.0,0.0,0.0,0.0,0.0,0.0,0.0,0.04
10,6,0,5,False,7.414704473635012,0.44429748154971804,0,qUCB,0.66,0.2,0.06,0.04,0.0,0.0,0.0,0.0,0.02,0.0,0.0,0.0,0.0,0.02,0.0
10,6,0,5,False,7.414704473635012,0.44429748154971804,1,qUCB,0.24,0.68,0.0,0.0,0.02,0.0,0.0,0.0,0.0,0.0,0.0,0.04,0.0,0.0,0.02
10,6,0,5,False,7.414704473635012,0.44429748154971804,2,qUCB,0.0,0.58,0.34,0.04,0.0,0.0,0.0,0.0,0.0,0.0,0.0,0.02,0.0,0.02,0.0
10,6,0,5,False,7.414704473635012,0.44429748154971804,3,qUCB,0.14,0.64,0.12,0.04,0.04,0.0,0.0,0.0,0.0,0.0,0.0,0.02,0.0,0.0,0.0
10,6,0,5,False,7.414704473635012,0.44429748154971804,4,qUCB,0.28,0.64,0.0,0.04,0.02,0.0,0.0,0.0,0.0,0.0,0.0,0.0,0.0,0.0,0.02
11,1,5,0,True,8.040969006782943,0.29838429475386574,0,qEHVI,0.42,0.14,0.34,0.04,0.0,0.0,0.0,0.0,0.02,0.0,0.0,0.04,0.0,0.0,0.0
11,1,5,0,True,8.040969006782943,0.29838429475386574,1,qEHVI,0.54,0.18,0.18,0.0,0.04,0.0,0.0,0.0,0.02,0.0,0.0,0.04,0.0,0.0,0.0
11,1,5,0,True,8.040969006782943,0.29838429475386574,2,qEHVI,0.42,0.08,0.4,0.04,0.0,0.0,0.0,0.0,0.0,0.0,0.0,0.04,0.0,0.02,0.0
11,1,5,0,True,8.040969006782943,0.29838429475386574,3,qEHVI,0.46,0.0,0.44,0.04,0.0,0.0,0.0,0.0,0.0,0.0,0.0,0.04,0.0,0.0,0.02
11,1,5,0,True,8.040969006782943,0.29838429475386574,4,qEHVI,0.5,0.16,0.26,0.02,0.0,0.0,0.0,0.0,0.02,0.0,0.0,0.04,0.0,0.0,0.0
11,2,4,1,False,7.815696875442537,0.36293020995880987,0,qEHVI,0.42,0.14,0.34,0.04,0.0,0.0,0.0,0.0,0.02,0.0,0.0,0.04,0.0,0.0,0.0
11,2,4,1,False,7.815696875442537,0.36293020995880987,1,qEHVI,0.54,0.18,0.18,0.0,0.04,0.0,0.0,0.0,0.02,0.0,0.0,0.04,0.0,0.0,0.0
11,2,4,1,False,7.815696875442537,0.36293020995880987,2,qEHVI,0.42,0.08,0.4,0.04,0.0,0.0,0.0,0.0,0.0,0.0,0.0,0.04,0.0,0.02,0.0
11,2,4,1,False,7.815696875442537,0.36293020995880987,3,qEHVI,0.46,0.0,0.44,0.04,0.0,0.0,0.0,0.0,0.0,0.0,0.0,0.04,0.0,0.0,0.02
11,2,4,1,False,7.815696875442537,0.36293020995880987,4,qUCB,0.28,0.46,0.16,0.0,0.0,0.0,0.0,0.0,0.04,0.0,0.0,0.0,0.0,0.02,0.04
11,3,3,2,False,6.99262450192255,0.4946907466791597,0,qEHVI,0.42,0.14,0.34,0.04,0.0,0.0,0.0,0.0,0.02,0.0,0.0,0.04,0.0,0.0,0.0
11,3,3,2,False,6.99262450192255,0.4946907466791597,1,qEHVI,0.54,0.18,0.18,0.0,0.04,0.0,0.0,0.0,0.02,0.0,0.0,0.04,0.0,0.0,0.0
11,3,3,2,False,6.99262450192255,0.4946907466791597,2,qEHVI,0.42,0.08,0.4,0.04,0.0,0.0,0.0,0.0,0.0,0.0,0.0,0.04,0.0,0.02,0.0
11,3,3,2,False,6.99262450192255,0.4946907466791597,3,qUCB,0.28,0.46,0.16,0.0,0.0,0.0,0.0,0.0,0.04,0.0,0.0,0.0,0.0,0.02,0.04
11,3,3,2,False,6.99262450192255,0.4946907466791597,4,qUCB,0.0,0.9,0.02,0.0,0.0,0.0,0.0,0.0,0.0,0.0,0.0,0.0,0.0,0.04,0.04
11,4,2,3,False,6.490661408181749,0.17007991043029413,0,qEHVI,0.42,0.14,0.34,0.04,0.0,0.0,0.0,0.0,0.02,0.0,0.0,0.04,0.0,0.0,0.0
11,4,2,3,False,6.490661408181749,0.17007991043029413,1,qEHVI,0.54,0.18,0.18,0.0,0.04,0.0,0.0,0.0,0.02,0.0,0.0,0.04,0.0,0.0,0.0
11,4,2,3,False,6.490661408181749,0.17007991043029413,2,qUCB,0.3,0.46,0.16,0.0,0.0,0.0,0.0,0.0,0.0,0.0,0.0,0.0,0.0,0.04,0.04
11,4,2,3,False,6.490661408181749,0.17007991043029413,3,qUCB,0.0,0.9,0.02,0.0,0.0,0.0,0.0,0.0,0.0,0.0,0.0,0.0,0.0,0.04,0.04
11,4,2,3,False,6.490661408181749,0.17007991043029413,4,qUCB,0.08,0.66,0.16,0.04,0.0,0.0,0.0,0.0,0.0,0.0,0.0,0.0,0.0,0.04,0.02
11,5,1,4,False,5.165511065553243,0.25686546305216673,0,qEHVI,0.42,0.14,0.34,0.04,0.0,0.0,0.0,0.0,0.02,0.0,0.0,0.04,0.0,0.0,0.0
11,5,1,4,False,5.165511065553243,0.25686546305216673,1,qUCB,0.3,0.46,0.14,0.0,0.02,0.0,0.0,0.0,0.0,0.0,0.0,0.0,0.0,0.04,0.04
11,5,1,4,False,5.165511065553243,0.25686546305216673,2,qUCB,0.0,0.9,0.02,0.0,0.0,0.0,0.0,0.0,0.0,0.0,0.0,0.0,0.0,0.04,0.04
11,5,1,4,False,5.165511065553243,0.25686546305216673,3,qUCB,0.04,0.72,0.16,0.04,0.0,0.0,0.0,0.0,0.0,0.0,0.0,0.0,0.0,0.0,0.04
11,5,1,4,False,5.165511065553243,0.25686546305216673,4,qUCB,0.02,0.54,0.34,0.0,0.02,0.0,0.0,0.0,0.0,0.0,0.0,0.0,0.0,0.04,0.04
11,6,0,5,False,3.339592030154786,0.029436534575719264,0,qUCB,0.66,0.16,0.08,0.04,0.02,0.0,0.0,0.0,0.0,0.0,0.0,0.04,0.0,0.0,0.0
11,6,0,5,False,3.339592030154786,0.029436534575719264,1,qUCB,0.0,0.96,0.02,0.0,0.0,0.0,0.0,0.0,0.0,0.0,0.0,0.0,0.0,0.02,0.0
11,6,0,5,False,3.339592030154786,0.029436534575719264,2,qUCB,0.0,0.72,0.2,0.04,0.0,0.0,0.0,0.0,0.02,0.0,0.0,0.02,0.0,0.0,0.0
11,6,0,5,False,3.339592030154786,0.029436534575719264,3,qUCB,0.24,0.46,0.2,0.0,0.04,0.0,0.0,0.0,0.0,0.0,0.0,0.04,0.0,0.02,0.0
11,6,0,5,False,3.339592030154786,0.029436534575719264,4,qUCB,0.28,0.62,0.0,0.04,0.02,0.0,0.0,0.0,0.0,0.0,0.0,0.0,0.0,0.02,0.02
12,1,5,0,True,2.5094566033811025,0.32440789551290017,0,qEHVI,0.26,0.38,0.26,0.02,0.0,0.0,0.0,0.0,0.04,0.0,0.0,0.04,0.0,0.0,0.0
12,1,5,0,True,2.5094566033811025,0.32440789551290017,1,qEHVI,0.46,0.1,0.36,0.02,0.0,0.0,0.0,0.0,0.02,0.0,0.0,0.04,0.0,0.0,0.0
12,1,5,0,True,2.5094566033811025,0.32440789551290017,2,qEHVI,0.26,0.48,0.2,0.04,0.0,0.0,0.0,0.0,0.0,0.0,0.0,0.0,0.0,0.02,0.0
12,1,5,0,True,2.5094566033811025,0.32440789551290017,3,qEHVI,0.3,0.42,0.2,0.02,0.0,0.0,0.0,0.0,0.02,0.0,0.0,0.0,0.0,0.0,0.04
12,1,5,0,True,2.5094566033811025,0.32440789551290017,4,qEHVI,0.58,0.4,0.0,0.0,0.0,0.0,0.0,0.0,0.0,0.0,0.0,0.02,0.0,0.0,0.0
12,2,4,1,False,2.731641685456507,0.5466202211217563,0,qEHVI,0.26,0.38,0.26,0.02,0.0,0.0,0.0,0.0,0.04,0.0,0.0,0.04,0.0,0.0,0.0
12,2,4,1,False,2.731641685456507,0.5466202211217563,1,qEHVI,0.46,0.1,0.36,0.02,0.0,0.0,0.0,0.0,0.02,0.0,0.0,0.04,0.0,0.0,0.0
12,2,4,1,False,2.731641685456507,0.5466202211217563,2,qEHVI,0.32,0.44,0.14,0.0,0.04,0.0,0.0,0.0,0.0,0.0,0.0,0.0,0.0,0.02,0.04
12,2,4,1,False,2.731641685456507,0.5466202211217563,3,qEHVI,0.26,0.48,0.2,0.04,0.0,0.0,0.0,0.0,0.0,0.0,0.0,0.0,0.0,0.02,0.0
12,2,4,1,False,2.731641685456507,0.5466202211217563,4,qUCB,0.46,0.08,0.36,0.02,0.0,0.0,0.0,0.0,0.04,0.0,0.0,0.0,0.0,0.0,0.04
12,3,3,2,False,2.5383877235317134,0.6896356534562322,0,qEHVI,0.26,0.38,0.26,0.02,0.0,0.0,0.0,0.0,0.04,0.0,0.0,0.04,0.0,0.0,0.0
12,3,3,2,False,2.5383877235317134,0.6896356534562322,1,qEHVI,0.46,0.1,0.36,0.02,0.0,0.0,0.0,0.0,0.02,0.0,0.0,0.04,0.0,0.0,0.0
12,3,3,2,False,2.5383877235317134,0.6896356534562322,2,qEHVI,0.32,0.44,0.14,0.0,0.04,0.0,0.0,0.0,0.0,0.0,0.0,0.0,0.0,0.02,0.04
12,3,3,2,False,2.5383877235317134,0.6896356534562322,3,qUCB,0.34,0.4,0.2,0.02,0.0,0.0,0.0,0.0,0.0,0.0,0.0,0.0,0.0,0.04,0.0
12,3,3,2,False,2.5383877235317134,0.6896356534562322,4,qUCB,0.0,0.8,0.12,0.04,0.0,0.0,0.0,0.0,0.0,0.0,0.0,0.0,0.0,0.04,0.0
12,4,2,3,False,2.5271617991972044,0.3295175509447166,0,qEHVI,0.26,0.38,0.26,0.02,0.0,0.0,0.0,0.0,0.04,0.0,0.0,0.04,0.0,0.0,0.0
12,4,2,3,False,2.5271617991972044,0.3295175509447166,1,qEHVI,0.46,0.1,0.36,0.02,0.0,0.0,0.0,0.0,0.02,0.0,0.0,0.04,0.0,0.0,0.0
12,4,2,3,False,2.5271617991972044,0.3295175509447166,2,qUCB,0.2,0.44,0.28,0.0,0.0,0.0,0.0,0.0,0.0,0.0,0.0,0.0,0.0,0.04,0.04
12,4,2,3,False,2.5271617991972044,0.3295175509447166,3,qUCB,0.02,0.7000000000000001,0.18,0.04,0.02,0.0,0.0,0.0,0.0,0.0,0.0,0.0,0.0,0.0,0.04
12,4,2,3,False,2.5271617991972044,0.3295175509447166,4,qUCB,0.2,0.58,0.12,0.0,0.02,0.0,0.0,0.0,0.0,0.0,0.0,0.0,0.0,0.04,0.04
12,5,1,4,False,2.366124553168563,0.3797714786403894,0,qEHVI,0.26,0.38,0.26,0.02,0.0,0.0,0.0,0.0,0.04,0.0,0.0,0.04,0.0,0.0,0.0
12,5,1,4,False,2.366124553168563,0.3797714786403894,1,qUCB,0.32,0.44,0.14,0.0,0.04,0.0,0.0,0.0,0.0,0.0,0.0,0.0,0.0,0.02,0.04
12,5,1,4,False,2.366124553168563,0.3797714786403894,2,qUCB,0.02,0.7000000000000001,0.18,0.04,0.02,0.0,0.0,0.0,0.0,0.0,0.0,0.0,0.0,0.0,0.04
12,5,1,4,False,2.366124553168563,0.3797714786403894,3,qUCB,0.16,0.42,0.32,0.0,0.04,0.0,0.0,0.0,0.0,0.0,0.0,0.0,0.0,0.04,0.02
12,5,1,4,False,2.366124553168563,0.3797714786403894,4,qUCB,0.22,0.0,0.7000000000000001,0.0,0.04,0.0,0.0,0.0,0.0,0.0,0.0,0.0,0.0,0.0,0.04
12,6,0,5,False,2.1702483530853063,0.3777489468032016,0,qUCB,0.26,0.38,0.26,0.02,0.0,0.0,0.0,0.0,0.04,0.0,0.0,0.04,0.0,0.0,0.0
12,6,0,5,False,2.1702483530853063,0.3777489468032016,1,qUCB,0.22,0.52,0.2,0.04,0.0,0.0,0.0,0.0,0.0,0.0,0.0,0.0,0.0,0.02,0.0
12,6,0,5,False,2.1702483530853063,0.3777489468032016,2,qUCB,0.0,0.74,0.18,0.04,0.0,0.0,0.0,0.0,0.0,0.0,0.0,0.0,0.0,0.0,0.04
12,6,0,5,False,2.1702483530853063,0.3777489468032016,3,qUCB,0.0,0.8200000000000001,0.12,0.0,0.02,0.0,0.0,0.0,0.0,0.0,0.0,0.0,0.0,0.02,0.02
12,6,0,5,False,2.1702483530853063,0.3777489468032016,4,qUCB,0.28,0.52,0.14,0.0,0.02,0.0,0.0,0.0,0.0,0.0,0.0,0.04,0.0,0.0,0.0
13,1,5,0,True,1.3063064740041288,0.06198107222230309,0,qEHVI,0.54,0.38,0.04,0.0,0.04,0.0,0.0,0.0,0.0,0.0,0.0,0.0,0.0,0.0,0.0
13,1,5,0,True,1.3063064740041288,0.06198107222230309,1,qEHVI,0.02,0.76,0.16,0.04,0.02,0.0,0.0,0.0,0.0,0.0,0.0,0.0,0.0,0.0,0.0
13,1,5,0,True,1.3063064740041288,0.06198107222230309,2,qEHVI,0.48,0.38,0.1,0.0,0.0,0.0,0.0,0.0,0.0,0.0,0.0,0.04,0.0,0.0,0.0
13,1,5,0,True,1.3063064740041288,0.06198107222230309,3,qEHVI,0.54,0.1,0.28,0.02,0.0,0.0,0.0,0.0,0.02,0.0,0.0,0.04,0.0,0.0,0.0
13,1,5,0,True,1.3063064740041288,0.06198107222230309,4,qEHVI,0.52,0.32,0.06,0.0,0.04,0.0,0.0,0.0,0.04,0.0,0.0,0.0,0.0,0.0,0.02
13,2,4,1,False,1.1003569469112848,0.42722033309084484,0,qEHVI,0.54,0.38,0.04,0.0,0.04,0.0,0.0,0.0,0.0,0.0,0.0,0.0,0.0,0.0,0.0
13,2,4,1,False,1.1003569469112848,0.42722033309084484,1,qEHVI,0.48,0.38,0.1,0.0,0.0,0.0,0.0,0.0,0.0,0.0,0.0,0.04,0.0,0.0,0.0
13,2,4,1,False,1.1003569469112848,0.42722033309084484,2,qEHVI,0.02,0.76,0.16,0.04,0.02,0.0,0.0,0.0,0.0,0.0,0.0,0.0,0.0,0.0,0.0
13,2,4,1,False,1.1003569469112848,0.42722033309084484,3,qEHVI,0.02,0.7000000000000001,0.18,0.04,0.0,0.0,0.0,0.0,0.02,0.0,0.0,0.04,0.0,0.0,0.0
13,2,4,1,False,1.1003569469112848,0.42722033309084484,4,qUCB,0.5,0.04,0.36,0.02,0.0,0.0,0.0,0.0,0.0,0.0,0.0,0.0,0.0,0.04,0.04
13,3,3,2,False,1.1264929698039017,0.2523145836605405,0,qEHVI,0.54,0.38,0.04,0.0,0.04,0.0,0.0,0.0,0.0,0.0,0.0,0.0,0.0,0.0,0.0
13,3,3,2,False,1.1264929698039017,0.2523145836605405,1,qEHVI,0.5,0.14,0.28,0.02,0.0,0.0,0.0,0.0,0.0,0.0,0.0,0.04,0.0,0.0,0.02
13,3,3,2,False,1.1264929698039017,0.2523145836605405,2,qEHVI,0.48,0.38,0.1,0.0,0.0,0.0,0.0,0.0,0.0,0.0,0.0,0.04,0.0,0.0,0.0
13,3,3,2,False,1.1264929698039017,0.2523145836605405,3,qUCB,0.24,0.0,0.66,0.0,0.02,0.0,0.0,0.0,0.04,0.0,0.0,0.0,0.0,0.04,0.0
13,3,3,2,False,1.1264929698039017,0.2523145836605405,4,qUCB,0.06,0.72,0.12,0.04,0.0,0.0,0.0,0.0,0.02,0.0,0.0,0.0,0.0,0.04,0.0
13,4,2,3,False,1.0769899081695185,0.18144025689531418,0,qEHVI,0.54,0.38,0.04,0.0,0.04,0.0,0.0,0.0,0.0,0.0,0.0,0.0,0.0,0.0,0.0
13,4,2,3,False,1.0769899081695185,0.18144025689531418,1,qEHVI,0.02,0.76,0.16,0.04,0.02,0.0,0.0,0.0,0.0,0.0,0.0,0.0,0.0,0.0,0.0
13,4,2,3,False,1.0769899081695185,0.18144025689531418,2,qUCB,0.46,0.02,0.42,0.02,0.0,0.0,0.0,0.0,0.0,0.0,0.0,0.04,0.0,0.0,0.04
13,4,2,3,False,1.0769899081695185,0.18144025689531418,3,qUCB,0.18,0.04,0.68,0.0,0.0,0.0,0.0,0.0,0.02,0.0,0.0,0.04,0.0,0.04,0.0
13,4,2,3,False,1.0769899081695185,0.18144025689531418,4,qUCB,0.26,0.52,0.12,0.0,0.0,0.0,0.0,0.0,0.04,0.0,0.0,0.04,0.0,0.0,0.02
13,5,1,4,False,0.7572231957682858,0.5488845392968358,0,qEHVI,0.54,0.38,0.04,0.0,0.04,0.0,0.0,0.0,0.0,0.0,0.0,0.0,0.0,0.0,0.0
13,5,1,4,False,0.7572231957682858,0.5488845392968358,1,qUCB,0.02,0.7000000000000001,0.18,0.04,0.0,0.0,0.0,0.0,0.02,0.0,0.0,0.04,0.0,0.0,0.0
13,5,1,4,False,0.7572231957682858,0.5488845392968358,2,qUCB,0.2,0.0,0.7000000000000001,0.04,0.0,0.0,0.0,0.0,0.0,0.0,0.0,0.04,0.0,0.02,0.0
13,5,1,4,False,0.7572231957682858,0.5488845392968358,3,qUCB,0.18,0.04,0.68,0.0,0.0,0.0,0.0,0.0,0.02,0.0,0.0,0.04,0.0,0.04,0.0
13,5,1,4,False,0.7572231957682858,0.5488845392968358,4,qUCB,0.0,0.26,0.64,0.04,0.0,0.0,0.0,0.0,0.04,0.0,0.0,0.0,0.0,0.0,0.02
13,6,0,5,False,0.9909114372389282,0.24154171733442098,0,qUCB,0.44,0.4,0.08,0.0,0.02,0.0,0.0,0.0,0.0,0.0,0.0,0.04,0.0,0.0,0.02
13,6,0,5,False,0.9909114372389282,0.24154171733442098,1,qUCB,0.02,0.76,0.16,0.04,0.02,0.0,0.0,0.0,0.0,0.0,0.0,0.0,0.0,0.0,0.0
13,6,0,5,False,0.9909114372389282,0.24154171733442098,2,qUCB,0.0,0.84,0.16,0.0,0.0,0.0,0.0,0.0,0.0,0.0,0.0,0.0,0.0,0.0,0.0
13,6,0,5,False,0.9909114372389282,0.24154171733442098,3,qUCB,0.26,0.0,0.66,0.04,0.0,0.0,0.0,0.0,0.0,0.0,0.0,0.0,0.0,0.02,0.02
13,6,0,5,False,0.9909114372389282,0.24154171733442098,4,qUCB,0.28,0.0,0.66,0.0,0.0,0.0,0.0,0.0,0.02,0.0,0.0,0.0,0.0,0.04,0.0
14,1,5,0,True,1.2295179309938178,0.24165246400395857,0,qEHVI,0.52,0.1,0.3,0.02,0.0,0.0,0.0,0.0,0.0,0.0,0.0,0.02,0.0,0.02,0.02
14,1,5,0,True,1.2295179309938178,0.24165246400395857,1,qEHVI,0.56,0.38,0.0,0.0,0.0,0.0,0.0,0.0,0.0,0.0,0.0,0.04,0.0,0.0,0.02
14,1,5,0,True,1.2295179309938178,0.24165246400395857,2,qEHVI,0.58,0.0,0.32,0.02,0.02,0.0,0.0,0.0,0.0,0.0,0.0,0.04,0.0,0.0,0.02
14,1,5,0,True,1.2295179309938178,0.24165246400395857,3,qEHVI,0.66,0.2,0.04,0.02,0.0,0.0,0.0,0.0,0.0,0.0,0.0,0.04,0.0,0.02,0.02
14,1,5,0,True,1.2295179309938178,0.24165246400395857,4,qEHVI,0.58,0.02,0.3,0.02,0.0,0.0,0.0,0.0,0.02,0.0,0.0,0.02,0.0,0.04,0.0
14,2,4,1,False,1.1042947588332073,0.05808257766040942,0,qEHVI,0.52,0.1,0.3,0.02,0.0,0.0,0.0,0.0,0.0,0.0,0.0,0.02,0.0,0.02,0.02
14,2,4,1,False,1.1042947588332073,0.05808257766040942,1,qEHVI,0.56,0.38,0.0,0.0,0.0,0.0,0.0,0.0,0.0,0.0,0.0,0.04,0.0,0.0,0.02
14,2,4,1,False,1.1042947588332073,0.05808257766040942,2,qEHVI,0.6,0.32,0.0,0.02,0.02,0.0,0.0,0.0,0.0,0.0,0.0,0.04,0.0,0.0,0.0
14,2,4,1,False,1.1042947588332073,0.05808257766040942,3,qEHVI,0.58,0.0,0.32,0.02,0.02,0.0,0.0,0.0,0.0,0.0,0.0,0.04,0.0,0.0,0.02
14,2,4,1,False,1.1042947588332073,0.05808257766040942,4,qUCB,0.36,0.28,0.26,0.02,0.04,0.0,0.0,0.0,0.04,0.0,0.0,0.0,0.0,0.0,0.0
14,3,3,2,False,1.0104253639231846,0.3070787516366247,0,qEHVI,0.52,0.1,0.3,0.02,0.0,0.0,0.0,0.0,0.0,0.0,0.0,0.02,0.0,0.02,0.02
14,3,3,2,False,1.0104253639231846,0.3070787516366247,1,qEHVI,0.56,0.38,0.0,0.0,0.0,0.0,0.0,0.0,0.0,0.0,0.0,0.04,0.0,0.0,0.02
14,3,3,2,False,1.0104253639231846,0.3070787516366247,2,qEHVI,0.58,0.0,0.32,0.02,0.02,0.0,0.0,0.0,0.0,0.0,0.0,0.04,0.0,0.0,0.02
14,3,3,2,False,1.0104253639231846,0.3070787516366247,3,qUCB,0.2,0.48,0.24,0.0,0.04,0.0,0.0,0.0,0.04,0.0,0.0,0.0,0.0,0.0,0.0
14,3,3,2,False,1.0104253639231846,0.3070787516366247,4,qUCB,0.0,0.9400000000000001,0.0,0.0,0.04,0.0,0.0,0.0,0.0,0.0,0.0,0.0,0.0,0.02,0.0
14,4,2,3,False,0.8322218425846926,0.45303200788413633,0,qEHVI,0.52,0.1,0.3,0.02,0.0,0.0,0.0,0.0,0.0,0.0,0.0,0.02,0.0,0.02,0.02
14,4,2,3,False,0.8322218425846926,0.45303200788413633,1,qEHVI,0.56,0.38,0.0,0.0,0.0,0.0,0.0,0.0,0.0,0.0,0.0,0.04,0.0,0.0,0.02
14,4,2,3,False,0.8322218425846926,0.45303200788413633,2,qUCB,0.36,0.28,0.26,0.02,0.04,0.0,0.0,0.0,0.04,0.0,0.0,0.0,0.0,0.0,0.0
14,4,2,3,False,0.8322218425846926,0.45303200788413633,3,qUCB,0.0,0.9400000000000001,0.0,0.0,0.04,0.0,0.0,0.0,0.0,0.0,0.0,0.0,0.0,0.02,0.0
14,4,2,3,False,0.8322218425846926,0.45303200788413633,4,qUCB,0.04,0.54,0.34,0.0,0.04,0.0,0.0,0.0,0.04,0.0,0.0,0.0,0.0,0.0,0.0
14,5,1,4,False,0.6692043765326046,0.12997024040031846,0,qEHVI,0.52,0.1,0.3,0.02,0.0,0.0,0.0,0.0,0.0,0.0,0.0,0.02,0.0,0.02,0.02
14,5,1,4,False,0.6692043765326046,0.12997024040031846,1,qUCB,0.2,0.48,0.24,0.0,0.04,0.0,0.0,0.0,0.04,0.0,0.0,0.0,0.0,0.0,0.0
14,5,1,4,False,0.6692043765326046,0.12997024040031846,2,qUCB,0.0,0.9400000000000001,0.0,0.0,0.04,0.0,0.0,0.0,0.0,0.0,0.0,0.0,0.0,0.02,0.0
14,5,1,4,False,0.6692043765326046,0.12997024040031846,3,qUCB,0.8,0.0,0.1,0.02,0.0,0.0,0.0,0.0,0.04,0.0,0.0,0.04,0.0,0.0,0.0
14,5,1,4,False,0.6692043765326046,0.12997024040031846,4,qUCB,0.04,0.54,0.34,0.0,0.04,0.0,0.0,0.0,0.04,0.0,0.0,0.0,0.0,0.0,0.0
14,6,0,5,False,0.3265060443785007,0.3727584519398537,0,qUCB,0.68,0.16,0.08,0.04,0.0,0.0,0.0,0.0,0.0,0.0,0.0,0.04,0.0,0.0,0.0
14,6,0,5,False,0.3265060443785007,0.3727584519398537,1,qUCB,0.46,0.34,0.1,0.04,0.0,0.0,0.0,0.0,0.0,0.0,0.0,0.04,0.0,0.0,0.02
14,6,0,5,False,0.3265060443785007,0.3727584519398537,2,qUCB,0.0,0.92,0.06,0.0,0.0,0.0,0.0,0.0,0.0,0.0,0.0,0.0,0.0,0.02,0.0
14,6,0,5,False,0.3265060443785007,0.3727584519398537,3,qUCB,0.16,0.0,0.76,0.04,0.0,0.0,0.0,0.0,0.0,0.0,0.0,0.04,0.0,0.0,0.0
14,6,0,5,False,0.3265060443785007,0.3727584519398537,4,qUCB,0.7000000000000001,0.06,0.14,0.02,0.0,0.0,0.0,0.0,0.0,0.0,0.0,0.04,0.0,0.04,0.0
15,1,5,0,True,0.7812533637176702,0.13119290285266327,0,qEHVI,0.8,0.12,0.0,0.04,0.0,0.0,0.0,0.0,0.0,0.0,0.0,0.02,0.0,0.0,0.02
15,1,5,0,True,0.7812533637176702,0.13119290285266327,1,qEHVI,0.58,0.34,0.0,0.0,0.0,0.0,0.0,0.0,0.0,0.0,0.0,0.04,0.0,0.02,0.02
15,1,5,0,True,0.7812533637176702,0.13119290285266327,2,qEHVI,0.56,0.04,0.3,0.02,0.0,0.0,0.0,0.0,0.04,0.0,0.0,0.02,0.0,0.02,0.0
15,1,5,0,True,0.7812533637176702,0.13119290285266327,3,qEHVI,0.56,0.0,0.42,0.0,0.0,0.0,0.0,0.0,0.0,0.0,0.0,0.0,0.0,0.02,0.0
15,1,5,0,True,0.7812533637176702,0.13119290285266327,4,qEHVI,0.5,0.4,0.0,0.0,0.02,0.0,0.0,0.0,0.0,0.0,0.0,0.04,0.0,0.0,0.04
15,2,4,1,False,0.6906811528843063,0.467685500404166,0,qEHVI,0.8,0.12,0.0,0.04,0.0,0.0,0.0,0.0,0.0,0.0,0.0,0.02,0.0,0.0,0.02
15,2,4,1,False,0.6906811528843063,0.467685500404166,1,qEHVI,0.58,0.34,0.0,0.0,0.0,0.0,0.0,0.0,0.0,0.0,0.0,0.04,0.0,0.02,0.02
15,2,4,1,False,0.6906811528843063,0.467685500404166,2,qEHVI,0.56,0.04,0.3,0.02,0.0,0.0,0.0,0.0,0.04,0.0,0.0,0.02,0.0,0.02,0.0
15,2,4,1,False,0.6906811528843063,0.467685500404166,3,qEHVI,0.56,0.0,0.42,0.0,0.0,0.0,0.0,0.0,0.0,0.0,0.0,0.0,0.0,0.02,0.0
15,2,4,1,False,0.6906811528843063,0.467685500404166,4,qUCB,0.22,0.46,0.22,0.0,0.04,0.0,0.0,0.0,0.02,0.0,0.0,0.0,0.0,0.0,0.04
15,3,3,2,False,0.5548076140306335,0.4298349381351454,0,qEHVI,0.8,0.12,0.0,0.04,0.0,0.0,0.0,0.0,0.0,0.0,0.0,0.02,0.0,0.0,0.02
15,3,3,2,False,0.5548076140306335,0.4298349381351454,1,qEHVI,0.58,0.34,0.0,0.0,0.0,0.0,0.0,0.0,0.0,0.0,0.0,0.04,0.0,0.02,0.02
15,3,3,2,False,0.5548076140306335,0.4298349381351454,2,qEHVI,0.56,0.04,0.3,0.02,0.0,0.0,0.0,0.0,0.04,0.0,0.0,0.02,0.0,0.02,0.0
15,3,3,2,False,0.5548076140306335,0.4298349381351454,3,qUCB,0.22,0.42,0.26,0.02,0.04,0.0,0.0,0.0,0.0,0.0,0.0,0.0,0.0,0.04,0.0
15,3,3,2,False,0.5548076140306335,0.4298349381351454,4,qUCB,0.22,0.0,0.72,0.0,0.04,0.0,0.0,0.0,0.0,0.0,0.0,0.0,0.0,0.0,0.02
15,4,2,3,False,0.42882692569082764,0.09515151105614361,0,qEHVI,0.8,0.12,0.0,0.04,0.0,0.0,0.0,0.0,0.0,0.0,0.0,0.02,0.0,0.0,0.02
15,4,2,3,False,0.42882692569082764,0.09515151105614361,1,qEHVI,0.58,0.34,0.0,0.0,0.0,0.0,0.0,0.0,0.0,0.0,0.0,0.04,0.0,0.02,0.02
15,4,2,3,False,0.42882692569082764,0.09515151105614361,2,qUCB,0.52,0.04,0.36,0.0,0.04,0.0,0.0,0.0,0.04,0.0,0.0,0.0,0.0,0.0,0.0
15,4,2,3,False,0.42882692569082764,0.09515151105614361,3,qUCB,0.18,0.0,0.72,0.0,0.02,0.0,0.0,0.0,0.04,0.0,0.0,0.0,0.0,0.0,0.04
15,4,2,3,False,0.42882692569082764,0.09515151105614361,4,qUCB,0.0,0.32,0.64,0.0,0.04,0.0,0.0,0.0,0.0,0.0,0.0,0.0,0.0,0.0,0.0
15,5,1,4,False,0.3003927473409232,0.013802238831949865,0,qEHVI,0.8,0.12,0.0,0.04,0.0,0.0,0.0,0.0,0.0,0.0,0.0,0.02,0.0,0.0,0.02
15,5,1,4,False,0.3003927473409232,0.013802238831949865,1,qUCB,0.48,0.02,0.4,0.0,0.04,0.0,0.0,0.0,0.02,0.0,0.0,0.0,0.0,0.04,0.0
15,5,1,4,False,0.3003927473409232,0.013802238831949865,2,qUCB,0.22,0.0,0.7000000000000001,0.0,0.04,0.0,0.0,0.0,0.02,0.0,0.0,0.0,0.0,0.02,0.0
15,5,1,4,False,0.3003927473409232,0.013802238831949865,3,qUCB,0.02,0.22,0.66,0.0,0.02,0.0,0.0,0.0,0.04,0.0,0.0,0.0,0.0,0.04,0.0
15,5,1,4,False,0.3003927473409232,0.013802238831949865,4,qUCB,0.0,0.56,0.34,0.0,0.0,0.0,0.0,0.0,0.04,0.0,0.0,0.04,0.0,0.02,0.0
15,6,0,5,False,0.3116930955747418,0.28982939259400275,0,qUCB,0.64,0.26,0.0,0.04,0.02,0.0,0.0,0.0,0.0,0.0,0.0,0.04,0.0,0.0,0.0
15,6,0,5,False,0.3116930955747418,0.28982939259400275,1,qUCB,0.24,0.0,0.7000000000000001,0.0,0.0,0.0,0.0,0.0,0.02,0.0,0.0,0.04,0.0,0.0,0.0
15,6,0,5,False,0.3116930955747418,0.28982939259400275,2,qUCB,0.0,0.86,0.14,0.0,0.0,0.0,0.0,0.0,0.0,0.0,0.0,0.0,0.0,0.0,0.0
15,6,0,5,False,0.3116930955747418,0.28982939259400275,3,qUCB,0.0,0.28,0.7000000000000001,0.0,0.0,0.0,0.0,0.0,0.02,0.0,0.0,0.0,0.0,0.0,0.0
15,6,0,5,False,0.3116930955747418,0.28982939259400275,4,qUCB,0.14,0.56,0.2,0.02,0.0,0.0,0.0,0.0,0.0,0.0,0.0,0.04,0.0,0.02,0.02
16,1,5,0,True,0.5511867057775389,0.019822414366420738,0,qEHVI,0.58,0.32,0.0,0.02,0.0,0.0,0.0,0.0,0.0,0.0,0.0,0.04,0.0,0.0,0.04
16,1,5,0,True,0.5511867057775389,0.019822414366420738,1,qEHVI,0.54,0.36,0.0,0.0,0.02,0.0,0.0,0.0,0.0,0.0,0.0,0.02,0.0,0.04,0.02
16,1,5,0,True,0.5511867057775389,0.019822414366420738,2,qEHVI,0.48,0.12,0.3,0.02,0.02,0.0,0.0,0.0,0.02,0.0,0.0,0.04,0.0,0.0,0.0
16,1,5,0,True,0.5511867057775389,0.019822414366420738,3,qEHVI,0.04,0.62,0.24,0.04,0.0,0.0,0.0,0.0,0.02,0.0,0.0,0.04,0.0,0.0,0.0
16,1,5,0,True,0.5511867057775389,0.019822414366420738,4,qEHVI,0.14,0.56,0.2,0.04,0.0,0.0,0.0,0.0,0.0,0.0,0.0,0.04,0.0,0.0,0.02
16,2,4,1,False,0.536607598808454,0.09285958235919367,0,qEHVI,0.58,0.32,0.0,0.02,0.0,0.0,0.0,0.0,0.0,0.0,0.0,0.04,0.0,0.0,0.04
16,2,4,1,False,0.536607598808454,0.09285958235919367,1,qEHVI,0.54,0.36,0.0,0.0,0.02,0.0,0.0,0.0,0.0,0.0,0.0,0.02,0.0,0.04,0.02
16,2,4,1,False,0.536607598808454,0.09285958235919367,2,qEHVI,0.04,0.62,0.24,0.04,0.0,0.0,0.0,0.0,0.02,0.0,0.0,0.04,0.0,0.0,0.0
16,2,4,1,False,0.536607598808454,0.09285958235919367,3,qEHVI,0.48,0.12,0.3,0.02,0.02,0.0,0.0,0.0,0.02,0.0,0.0,0.04,0.0,0.0,0.0
16,2,4,1,False,0.536607598808454,0.09285958235919367,4,qUCB,0.0,0.66,0.24,0.04,0.02,0.0,0.0,0.0,0.0,0.0,0.0,0.0,0.0,0.0,0.04
16,3,3,2,False,0.4039625928394606,0.06868724043578378,0,qEHVI,0.58,0.32,0.0,0.02,0.0,0.0,0.0,0.0,0.0,0.0,0.0,0.04,0.0,0.0,0.04
16,3,3,2,False,0.4039625928394606,0.06868724043578378,1,qEHVI,0.54,0.36,0.0,0.0,0.02,0.0,0.0,0.0,0.0,0.0,0.0,0.02,0.0,0.04,0.02
16,3,3,2,False,0.4039625928394606,0.06868724043578378,2,qEHVI,0.48,0.12,0.3,0.02,0.02,0.0,0.0,0.0,0.02,0.0,0.0,0.04,0.0,0.0,0.0
16,3,3,2,False,0.4039625928394606,0.06868724043578378,3,qUCB,0.02,0.62,0.28,0.04,0.0,0.0,0.0,0.0,0.04,0.0,0.0,0.0,0.0,0.0,0.0
16,3,3,2,False,0.4039625928394606,0.06868724043578378,4,qUCB,0.18,0.02,0.72,0.0,0.0,0.0,0.0,0.0,0.04,0.0,0.0,0.0,0.0,0.04,0.0
16,4,2,3,False,0.3120618318484319,0.08574054147257115,0,qEHVI,0.58,0.32,0.0,0.02,0.0,0.0,0.0,0.0,0.0,0.0,0.0,0.04,0.0,0.0,0.04
16,4,2,3,False,0.3120618318484319,0.08574054147257115,1,qEHVI,0.54,0.36,0.0,0.0,0.02,0.0,0.0,0.0,0.0,0.0,0.0,0.02,0.0,0.04,0.02
16,4,2,3,False,0.3120618318484319,0.08574054147257115,2,qUCB,0.02,0.62,0.28,0.04,0.0,0.0,0.0,0.0,0.04,0.0,0.0,0.0,0.0,0.0,0.0
16,4,2,3,False,0.3120618318484319,0.08574054147257115,3,qUCB,0.2,0.04,0.72,0.0,0.0,0.0,0.0,0.0,0.04,0.0,0.0,0.0,0.0,0.0,0.0
16,4,2,3,False,0.3120618318484319,0.08574054147257115,4,qUCB,0.24,0.0,0.7000000000000001,0.04,0.02,0.0,0.0,0.0,0.0,0.0,0.0,0.0,0.0,0.0,0.0
16,5,1,4,False,0.24561794777359905,0.025401736751653914,0,qEHVI,0.58,0.32,0.0,0.02,0.0,0.0,0.0,0.0,0.0,0.0,0.0,0.04,0.0,0.0,0.04
16,5,1,4,False,0.24561794777359905,0.025401736751653914,1,qUCB,0.16,0.0,0.74,0.0,0.02,0.0,0.0,0.0,0.04,0.0,0.0,0.0,0.0,0.04,0.0
16,5,1,4,False,0.24561794777359905,0.025401736751653914,2,qUCB,0.56,0.02,0.34,0.0,0.0,0.0,0.0,0.0,0.04,0.0,0.0,0.0,0.0,0.04,0.0
16,5,1,4,False,0.24561794777359905,0.025401736751653914,3,qUCB,0.04,0.24,0.64,0.0,0.0,0.0,0.0,0.0,0.04,0.0,0.0,0.0,0.0,0.04,0.0
16,5,1,4,False,0.24561794777359905,0.025401736751653914,4,qUCB,0.18,0.0,0.72,0.04,0.0,0.0,0.0,0.0,0.0,0.0,0.0,0.02,0.0,0.04,0.0
16,6,0,5,False,0.34315849218968447,0.4234678482988308,0,qUCB,0.58,0.32,0.0,0.02,0.0,0.0,0.0,0.0,0.0,0.0,0.0,0.04,0.0,0.0,0.04
16,6,0,5,False,0.34315849218968447,0.4234678482988308,1,qUCB,0.04,0.62,0.24,0.04,0.0,0.0,0.0,0.0,0.02,0.0,0.0,0.04,0.0,0.0,0.0
16,6,0,5,False,0.34315849218968447,0.4234678482988308,2,qUCB,0.24,0.0,0.68,0.0,0.0,0.0,0.0,0.0,0.02,0.0,0.0,0.04,0.0,0.0,0.02
16,6,0,5,False,0.34315849218968447,0.4234678482988308,3,qUCB,0.14,0.02,0.74,0.04,0.0,0.0,0.0,0.0,0.0,0.0,0.0,0.04,0.0,0.0,0.02
16,6,0,5,False,0.34315849218968447,0.4234678482988308,4,qUCB,0.38,0.44,0.08,0.04,0.0,0.0,0.0,0.0,0.02,0.0,0.0,0.04,0.0,0.0,0.0
17,1,5,0,True,0.4208289632513755,0.13550662778387546,0,qEHVI,0.02,0.96,0.0,0.0,0.0,0.0,0.0,0.0,0.0,0.0,0.0,0.0,0.0,0.02,0.0
17,1,5,0,True,0.4208289632513755,0.13550662778387546,1,qEHVI,0.6,0.32,0.0,0.0,0.02,0.0,0.0,0.0,0.0,0.0,0.0,0.04,0.0,0.0,0.02
17,1,5,0,True,0.4208289632513755,0.13550662778387546,2,qEHVI,0.56,0.0,0.44,0.0,0.0,0.0,0.0,0.0,0.0,0.0,0.0,0.0,0.0,0.0,0.0
17,1,5,0,True,0.4208289632513755,0.13550662778387546,3,qEHVI,0.48,0.46,0.0,0.0,0.0,0.0,0.0,0.0,0.0,0.0,0.0,0.04,0.0,0.02,0.0
17,1,5,0,True,0.4208289632513755,0.13550662778387546,4,qEHVI,0.42,0.16,0.32,0.02,0.0,0.0,0.0,0.0,0.02,0.0,0.0,0.04,0.0,0.02,0.0
17,2,4,1,False,0.42694352819121506,0.2922324096120201,0,qEHVI,0.6,0.32,0.0,0.0,0.02,0.0,0.0,0.0,0.0,0.0,0.0,0.04,0.0,0.0,0.02
17,2,4,1,False,0.42694352819121506,0.2922324096120201,1,qEHVI,0.56,0.0,0.44,0.0,0.0,0.0,0.0,0.0,0.0,0.0,0.0,0.0,0.0,0.0,0.0
17,2,4,1,False,0.42694352819121506,0.2922324096120201,2,qEHVI,0.8200000000000001,0.08,0.0,0.04,0.02,0.0,0.0,0.0,0.0,0.0,0.0,0.04,0.0,0.0,0.0
17,2,4,1,False,0.42694352819121506,0.2922324096120201,3,qEHVI,0.42,0.16,0.32,0.02,0.0,0.0,0.0,0.0,0.02,0.0,0.0,0.04,0.0,0.02,0.0
17,2,4,1,False,0.42694352819121506,0.2922324096120201,4,qUCB,0.3,0.34,0.26,0.02,0.04,0.0,0.0,0.0,0.0,0.0,0.0,0.0,0.0,0.04,0.0
17,3,3,2,False,0.39065414194731496,0.19970192887446625,0,qEHVI,0.6,0.32,0.0,0.0,0.02,0.0,0.0,0.0,0.0,0.0,0.0,0.04,0.0,0.0,0.02
17,3,3,2,False,0.39065414194731496,0.19970192887446625,1,qEHVI,0.56,0.0,0.44,0.0,0.0,0.0,0.0,0.0,0.0,0.0,0.0,0.0,0.0,0.0,0.0
17,3,3,2,False,0.39065414194731496,0.19970192887446625,2,qEHVI,0.8200000000000001,0.08,0.0,0.04,0.02,0.0,0.0,0.0,0.0,0.0,0.0,0.04,0.0,0.0,0.0
17,3,3,2,False,0.39065414194731496,0.19970192887446625,3,qUCB,0.3,0.34,0.26,0.02,0.04,0.0,0.0,0.0,0.0,0.0,0.0,0.0,0.0,0.04,0.0
17,3,3,2,False,0.39065414194731496,0.19970192887446625,4,qUCB,0.0,0.9400000000000001,0.0,0.0,0.0,0.0,0.0,0.0,0.04,0.0,0.0,0.0,0.0,0.0,0.02
17,4,2,3,False,0.26064438125870926,0.11950831822770391,0,qEHVI,0.6,0.32,0.0,0.0,0.02,0.0,0.0,0.0,0.0,0.0,0.0,0.04,0.0,0.0,0.02
17,4,2,3,False,0.26064438125870926,0.11950831822770391,1,qEHVI,0.56,0.0,0.44,0.0,0.0,0.0,0.0,0.0,0.0,0.0,0.0,0.0,0.0,0.0,0.0
17,4,2,3,False,0.26064438125870926,0.11950831822770391,2,qUCB,0.3,0.34,0.26,0.02,0.04,0.0,0.0,0.0,0.0,0.0,0.0,0.0,0.0,0.04,0.0
17,4,2,3,False,0.26064438125870926,0.11950831822770391,3,qUCB,0.0,0.9400000000000001,0.0,0.0,0.0,0.0,0.0,0.0,0.04,0.0,0.0,0.0,0.0,0.0,0.02
17,4,2,3,False,0.26064438125870926,0.11950831822770391,4,qUCB,0.0,0.8200000000000001,0.1,0.0,0.0,0.0,0.0,0.0,0.04,0.0,0.0,0.0,0.0,0.0,0.04
17,5,1,4,False,0.1598418437204578,0.21127619948910237,0,qEHVI,0.6,0.32,0.0,0.0,0.02,0.0,0.0,0.0,0.0,0.0,0.0,0.04,0.0,0.0,0.02
17,5,1,4,False,0.1598418437204578,0.21127619948910237,1,qUCB,0.36,0.12,0.42,0.04,0.0,0.0,0.0,0.0,0.04,0.0,0.0,0.0,0.0,0.02,0.0
17,5,1,4,False,0.1598418437204578,0.21127619948910237,2,qUCB,0.16,0.0,0.74,0.04,0.0,0.0,0.0,0.0,0.04,0.0,0.0,0.02,0.0,0.0,0.0
17,5,1,4,False,0.1598418437204578,0.21127619948910237,3,qUCB,0.16,0.0,0.74,0.0,0.04,0.0,0.0,0.0,0.04,0.0,0.0,0.0,0.0,0.02,0.0
17,5,1,4,False,0.1598418437204578,0.21127619948910237,4,qUCB,0.0,0.9400000000000001,0.0,0.0,0.0,0.0,0.0,0.0,0.04,0.0,0.0,0.0,0.0,0.0,0.02
17,6,0,5,False,0.13999629298349744,0.04898958884420601,0,qUCB,0.64,0.18,0.08,0.04,0.0,0.0,0.0,0.0,0.0,0.0,0.0,0.04,0.0,0.02,0.0
17,6,0,5,False,0.13999629298349744,0.04898958884420601,1,qUCB,0.02,0.96,0.0,0.0,0.0,0.0,0.0,0.0,0.0,0.0,0.0,0.0,0.0,0.02,0.0
17,6,0,5,False,0.13999629298349744,0.04898958884420601,2,qUCB,0.18,0.0,0.72,0.0,0.02,0.0,0.0,0.0,0.02,0.0,0.0,0.04,0.0,0.02,0.0
17,6,0,5,False,0.13999629298349744,0.04898958884420601,3,qUCB,0.74,0.0,0.16,0.02,0.0,0.0,0.0,0.0,0.02,0.0,0.0,0.04,0.0,0.02,0.0
17,6,0,5,False,0.13999629298349744,0.04898958884420601,4,qUCB,0.04,0.56,0.34,0.0,0.0,0.0,0.0,0.0,0.02,0.0,0.0,0.04,0.0,0.0,0.0
18,1,5,0,True,0.5299438594299808,0.2270292119652355,0,qEHVI,0.86,0.0,0.08,0.0,0.02,0.0,0.0,0.0,0.0,0.0,0.0,0.0,0.0,0.04,0.0
18,1,5,0,True,0.5299438594299808,0.2270292119652355,1,qEHVI,0.24,0.4,0.28,0.0,0.02,0.0,0.0,0.0,0.02,0.0,0.0,0.0,0.0,0.04,0.0
18,1,5,0,True,0.5299438594299808,0.2270292119652355,2,qEHVI,0.36,0.14,0.4,0.04,0.02,0.0,0.0,0.0,0.04,0.0,0.0,0.0,0.0,0.0,0.0
18,1,5,0,True,0.5299438594299808,0.2270292119652355,3,qEHVI,0.42,0.06,0.42,0.02,0.02,0.0,0.0,0.0,0.02,0.0,0.0,0.0,0.0,0.0,0.04
18,1,5,0,True,0.5299438594299808,0.2270292119652355,4,qEHVI,0.24,0.4,0.28,0.04,0.0,0.0,0.0,0.0,0.0,0.0,0.0,0.0,0.0,0.02,0.02
18,2,4,1,False,0.39481286469483423,0.6488276869789127,0,qEHVI,0.5,0.1,0.3,0.02,0.0,0.0,0.0,0.0,0.02,0.0,0.0,0.04,0.0,0.02,0.0
18,2,4,1,False,0.39481286469483423,0.6488276869789127,1,qEHVI,0.02,0.8200000000000001,0.12,0.0,0.0,0.0,0.0,0.0,0.04,0.0,0.0,0.0,0.0,0.0,0.0
18,2,4,1,False,0.39481286469483423,0.6488276869789127,2,qEHVI,0.42,0.06,0.42,0.02,0.02,0.0,0.0,0.0,0.02,0.0,0.0,0.0,0.0,0.0,0.04
18,2,4,1,False,0.39481286469483423,0.6488276869789127,3,qEHVI,0.24,0.4,0.28,0.0,0.02,0.0,0.0,0.0,0.02,0.0,0.0,0.0,0.0,0.04,0.0
18,2,4,1,False,0.39481286469483423,0.6488276869789127,4,qUCB,0.38,0.48,0.04,0.0,0.04,0.0,0.0,0.0,0.0,0.0,0.0,0.04,0.0,0.0,0.02
18,3,3,2,False,0.4325751821434254,0.1432880615974259,0,qEHVI,0.86,0.0,0.08,0.0,0.02,0.0,0.0,0.0,0.0,0.0,0.0,0.0,0.0,0.04,0.0
18,3,3,2,False,0.4325751821434254,0.1432880615974259,1,qEHVI,0.28,0.0,0.64,0.0,0.0,0.0,0.0,0.0,0.02,0.0,0.0,0.02,0.0,0.02,0.02
18,3,3,2,False,0.4325751821434254,0.1432880615974259,2,qEHVI,0.0,0.8200000000000001,0.14,0.0,0.0,0.0,0.0,0.0,0.04,0.0,0.0,0.0,0.0,0.0,0.0
18,3,3,2,False,0.4325751821434254,0.1432880615974259,3,qUCB,0.14,0.5,0.26,0.04,0.04,0.0,0.0,0.0,0.0,0.0,0.0,0.0,0.0,0.0,0.02
18,3,3,2,False,0.4325751821434254,0.1432880615974259,4,qUCB,0.22,0.04,0.66,0.04,0.04,0.0,0.0,0.0,0.0,0.0,0.0,0.0,0.0,0.0,0.0
18,4,2,3,False,0.3964754211364414,0.36137187701227624,0,qEHVI,0.28,0.0,0.64,0.0,0.0,0.0,0.0,0.0,0.02,0.0,0.0,0.02,0.0,0.02,0.02
18,4,2,3,False,0.3964754211364414,0.36137187701227624,1,qEHVI,0.86,0.0,0.08,0.0,0.02,0.0,0.0,0.0,0.0,0.0,0.0,0.0,0.0,0.04,0.0
18,4,2,3,False,0.3964754211364414,0.36137187701227624,2,qUCB,0.14,0.5,0.26,0.04,0.04,0.0,0.0,0.0,0.0,0.0,0.0,0.0,0.0,0.0,0.02
18,4,2,3,False,0.3964754211364414,0.36137187701227624,3,qUCB,0.22,0.04,0.66,0.04,0.04,0.0,0.0,0.0,0.0,0.0,0.0,0.0,0.0,0.0,0.0
18,4,2,3,False,0.3964754211364414,0.36137187701227624,4,qUCB,0.0,0.8200000000000001,0.14,0.0,0.0,0.0,0.0,0.0,0.04,0.0,0.0,0.0,0.0,0.0,0.0
18,5,1,4,False,0.4023443589621036,0.08655643552963888,0,qEHVI,0.86,0.0,0.08,0.0,0.02,0.0,0.0,0.0,0.0,0.0,0.0,0.0,0.0,0.04,0.0
18,5,1,4,False,0.4023443589621036,0.08655643552963888,1,qUCB,0.32,0.16,0.42,0.04,0.0,0.0,0.0,0.0,0.02,0.0,0.0,0.04,0.0,0.0,0.0
18,5,1,4,False,0.4023443589621036,0.08655643552963888,2,qUCB,0.24,0.02,0.64,0.04,0.0,0.0,0.0,0.0,0.04,0.0,0.0,0.0,0.0,0.0,0.02
18,5,1,4,False,0.4023443589621036,0.08655643552963888,3,qUCB,0.0,0.28,0.64,0.0,0.0,0.0,0.0,0.0,0.0,0.0,0.0,0.04,0.0,0.0,0.04
18,5,1,4,False,0.4023443589621036,0.08655643552963888,4,qUCB,0.0,0.8200000000000001,0.14,0.0,0.0,0.0,0.0,0.0,0.04,0.0,0.0,0.0,0.0,0.0,0.0
18,6,0,5,False,0.23346852680555047,0.08998947149283687,0,qUCB,0.52,0.4,0.0,0.0,0.0,0.0,0.0,0.0,0.0,0.0,0.0,0.04,0.0,0.02,0.02
18,6,0,5,False,0.23346852680555047,0.08998947149283687,1,qUCB,0.24,0.02,0.64,0.04,0.0,0.0,0.0,0.0,0.04,0.0,0.0,0.0,0.0,0.0,0.02
18,6,0,5,False,0.23346852680555047,0.08998947149283687,2,qUCB,0.26,0.02,0.64,0.0,0.0,0.0,0.0,0.0,0.04,0.0,0.0,0.04,0.0,0.0,0.0
18,6,0,5,False,0.23346852680555047,0.08998947149283687,3,qUCB,0.0,0.0,0.98,0.0,0.02,0.0,0.0,0.0,0.0,0.0,0.0,0.0,0.0,0.0,0.0
18,6,0,5,False,0.23346852680555047,0.08998947149283687,4,qUCB,0.0,0.28,0.64,0.0,0.0,0.0,0.0,0.0,0.0,0.0,0.0,0.04,0.0,0.0,0.04
19,1,5,0,True,0.5202867456043696,0.4464055956364654,0,qEHVI,0.28,0.22,0.4,0.04,0.0,0.0,0.0,0.0,0.0,0.0,0.0,0.04,0.0,0.02,0.0
19,1,5,0,True,0.5202867456043696,0.4464055956364654,1,qEHVI,0.5,0.0,0.4,0.0,0.0,0.0,0.0,0.0,0.0,0.0,0.0,0.04,0.0,0.04,0.02
19,1,5,0,True,0.5202867456043696,0.4464055956364654,2,qEHVI,0.56,0.1,0.28,0.0,0.0,0.0,0.0,0.0,0.02,0.0,0.0,0.04,0.0,0.0,0.0
19,1,5,0,True,0.5202867456043696,0.4464055956364654,3,qEHVI,0.0,0.84,0.12,0.0,0.0,0.0,0.0,0.0,0.04,0.0,0.0,0.0,0.0,0.0,0.0
19,1,5,0,True,0.5202867456043696,0.4464055956364654,4,qEHVI,0.64,0.36,0.0,0.0,0.0,0.0,0.0,0.0,0.0,0.0,0.0,0.0,0.0,0.0,0.0
19,2,4,1,False,0.4500123372428428,0.19387559898451423,0,qEHVI,0.0,0.84,0.12,0.0,0.0,0.0,0.0,0.0,0.04,0.0,0.0,0.0,0.0,0.0,0.0
19,2,4,1,False,0.4500123372428428,0.19387559898451423,1,qEHVI,0.28,0.22,0.4,0.04,0.0,0.0,0.0,0.0,0.0,0.0,0.0,0.04,0.0,0.02,0.0
19,2,4,1,False,0.4500123372428428,0.19387559898451423,2,qEHVI,0.5,0.0,0.4,0.0,0.0,0.0,0.0,0.0,0.0,0.0,0.0,0.04,0.0,0.04,0.02
19,2,4,1,False,0.4500123372428428,0.19387559898451423,3,qEHVI,0.56,0.1,0.28,0.0,0.0,0.0,0.0,0.0,0.02,0.0,0.0,0.04,0.0,0.0,0.0
19,2,4,1,False,0.4500123372428428,0.19387559898451423,4,qUCB,0.46,0.04,0.4,0.02,0.04,0.0,0.0,0.0,0.0,0.0,0.0,0.0,0.0,0.0,0.04
19,3,3,2,False,0.4250984295591089,0.2231850885763218,0,qEHVI,0.28,0.22,0.4,0.04,0.0,0.0,0.0,0.0,0.0,0.0,0.0,0.04,0.0,0.02,0.0
19,3,3,2,False,0.4250984295591089,0.2231850885763218,1,qEHVI,0.5,0.0,0.4,0.0,0.0,0.0,0.0,0.0,0.0,0.0,0.0,0.04,0.0,0.04,0.02
19,3,3,2,False,0.4250984295591089,0.2231850885763218,2,qEHVI,0.56,0.1,0.28,0.0,0.0,0.0,0.0,0.0,0.02,0.0,0.0,0.04,0.0,0.0,0.0
19,3,3,2,False,0.4250984295591089,0.2231850885763218,3,qUCB,0.46,0.04,0.4,0.02,0.04,0.0,0.0,0.0,0.0,0.0,0.0,0.0,0.0,0.0,0.04
19,3,3,2,False,0.4250984295591089,0.2231850885763218,4,qUCB,0.06,0.72,0.12,0.0,0.04,0.0,0.0,0.0,0.02,0.0,0.0,0.0,0.0,0.0,0.04
19,4,2,3,False,0.47921780031496963,0.3057417199197481,0,qEHVI,0.28,0.22,0.4,0.04,0.0,0.0,0.0,0.0,0.0,0.0,0.0,0.04,0.0,0.02,0.0
19,4,2,3,False,0.47921780031496963,0.3057417199197481,1,qEHVI,0.5,0.0,0.4,0.0,0.0,0.0,0.0,0.0,0.0,0.0,0.0,0.04,0.0,0.04,0.02
19,4,2,3,False,0.47921780031496963,0.3057417199197481,2,qUCB,0.0,0.84,0.12,0.0,0.0,0.0,0.0,0.0,0.04,0.0,0.0,0.0,0.0,0.0,0.0
19,4,2,3,False,0.47921780031496963,0.3057417199197481,3,qUCB,0.04,0.22,0.64,0.0,0.04,0.0,0.0,0.0,0.02,0.0,0.0,0.0,0.0,0.0,0.04
19,4,2,3,False,0.47921780031496963,0.3057417199197481,4,qUCB,0.24,0.02,0.64,0.04,0.0,0.0,0.0,0.0,0.02,0.0,0.0,0.0,0.0,0.0,0.04
19,5,1,4,False,0.30202474766852,0.05566805204601266,0,qEHVI,0.28,0.22,0.4,0.04,0.0,0.0,0.0,0.0,0.0,0.0,0.0,0.04,0.0,0.02,0.0
19,5,1,4,False,0.30202474766852,0.05566805204601266,1,qUCB,0.46,0.06,0.38,0.0,0.02,0.0,0.0,0.0,0.04,0.0,0.0,0.0,0.0,0.0,0.04
19,5,1,4,False,0.30202474766852,0.05566805204601266,2,qUCB,0.0,0.8200000000000001,0.1,0.0,0.0,0.0,0.0,0.0,0.04,0.0,0.0,0.0,0.0,0.0,0.04
19,5,1,4,False,0.30202474766852,0.05566805204601266,3,qUCB,0.18,0.08,0.64,0.0,0.04,0.0,0.0,0.0,0.02,0.0,0.0,0.0,0.0,0.0,0.04
19,5,1,4,False,0.30202474766852,0.05566805204601266,4,qUCB,0.0,0.3,0.64,0.0,0.0,0.0,0.0,0.0,0.02,0.0,0.0,0.0,0.0,0.0,0.04
19,6,0,5,False,0.3158522328921323,0.08615380768410219,0,qUCB,0.28,0.22,0.4,0.04,0.0,0.0,0.0,0.0,0.0,0.0,0.0,0.04,0.0,0.02,0.0
19,6,0,5,False,0.3158522328921323,0.08615380768410219,1,qUCB,0.28,0.0,0.64,0.04,0.04,0.0,0.0,0.0,0.0,0.0,0.0,0.0,0.0,0.0,0.0
19,6,0,5,False,0.3158522328921323,0.08615380768410219,2,qUCB,0.0,0.84,0.14,0.0,0.0,0.0,0.0,0.0,0.0,0.0,0.0,0.02,0.0,0.0,0.0
19,6,0,5,False,0.3158522328921323,0.08615380768410219,3,qUCB,0.0,0.3,0.64,0.0,0.0,0.0,0.0,0.0,0.02,0.0,0.0,0.0,0.0,0.0,0.04
19,6,0,5,False,0.3158522328921323,0.08615380768410219,4,qUCB,0.24,0.02,0.66,0.0,0.0,0.0,0.0,0.0,0.02,0.0,0.0,0.04,0.0,0.0,0.02
20,1,5,0,True,0.3274324150591543,0.08938725832445549,0,qEHVI,0.32,0.0,0.62,0.0,0.0,0.0,0.0,0.0,0.0,0.0,0.0,0.04,0.0,0.0,0.02
20,1,5,0,True,0.3274324150591543,0.08938725832445549,1,qEHVI,0.36,0.14,0.4,0.04,0.02,0.0,0.0,0.0,0.0,0.0,0.0,0.04,0.0,0.0,0.0
20,1,5,0,True,0.3274324150591543,0.08938725832445549,2,qEHVI,0.34,0.0,0.6,0.04,0.0,0.0,0.0,0.0,0.02,0.0,0.0,0.0,0.0,0.0,0.0
20,1,5,0,True,0.3274324150591543,0.08938725832445549,3,qEHVI,0.58,0.3,0.02,0.0,0.0,0.0,0.0,0.0,0.0,0.0,0.0,0.04,0.0,0.04,0.02
20,1,5,0,True,0.3274324150591543,0.08938725832445549,4,qEHVI,0.26,0.0,0.64,0.04,0.0,0.0,0.0,0.0,0.0,0.0,0.0,0.02,0.0,0.04,0.0
20,2,4,1,False,0.3347819859852028,0.38547296560156785,0,qEHVI,0.36,0.14,0.4,0.04,0.02,0.0,0.0,0.0,0.0,0.0,0.0,0.04,0.0,0.0,0.0
20,2,4,1,False,0.3347819859852028,0.38547296560156785,1,qEHVI,0.58,0.3,0.02,0.0,0.0,0.0,0.0,0.0,0.0,0.0,0.0,0.04,0.0,0.04,0.02
20,2,4,1,False,0.3347819859852028,0.38547296560156785,2,qEHVI,0.58,0.06,0.3,0.0,0.0,0.0,0.0,0.0,0.0,0.0,0.0,0.04,0.0,0.02,0.0
20,2,4,1,False,0.3347819859852028,0.38547296560156785,3,qEHVI,0.32,0.0,0.62,0.0,0.0,0.0,0.0,0.0,0.0,0.0,0.0,0.04,0.0,0.0,0.02
20,2,4,1,False,0.3347819859852028,0.38547296560156785,4,qUCB,0.38,0.42,0.12,0.0,0.04,0.0,0.0,0.0,0.04,0.0,0.0,0.0,0.0,0.0,0.0
20,3,3,2,False,0.3581474632344413,0.22322501383575855,0,qEHVI,0.36,0.14,0.4,0.04,0.02,0.0,0.0,0.0,0.0,0.0,0.0,0.04,0.0,0.0,0.0
20,3,3,2,False,0.3581474632344413,0.22322501383575855,1,qEHVI,0.32,0.0,0.62,0.0,0.0,0.0,0.0,0.0,0.0,0.0,0.0,0.04,0.0,0.0,0.02
20,3,3,2,False,0.3581474632344413,0.22322501383575855,2,qEHVI,0.58,0.3,0.02,0.0,0.0,0.0,0.0,0.0,0.0,0.0,0.0,0.04,0.0,0.04,0.02
20,3,3,2,False,0.3581474632344413,0.22322501383575855,3,qUCB,0.22,0.5,0.18,0.0,0.04,0.0,0.0,0.0,0.04,0.0,0.0,0.0,0.0,0.02,0.0
20,3,3,2,False,0.3581474632344413,0.22322501383575855,4,qUCB,0.24,0.02,0.64,0.04,0.0,0.0,0.0,0.0,0.02,0.0,0.0,0.0,0.0,0.04,0.0
20,4,2,3,False,0.3038590030269755,0.21327163873848498,0,qEHVI,0.32,0.0,0.62,0.0,0.0,0.0,0.0,0.0,0.0,0.0,0.0,0.04,0.0,0.0,0.02
20,4,2,3,False,0.3038590030269755,0.21327163873848498,1,qEHVI,0.36,0.14,0.4,0.04,0.02,0.0,0.0,0.0,0.0,0.0,0.0,0.04,0.0,0.0,0.0
20,4,2,3,False,0.3038590030269755,0.21327163873848498,2,qUCB,0.26,0.54,0.12,0.0,0.0,0.0,0.0,0.0,0.04,0.0,0.0,0.0,0.0,0.04,0.0
20,4,2,3,False,0.3038590030269755,0.21327163873848498,3,qUCB,0.24,0.02,0.64,0.04,0.0,0.0,0.0,0.0,0.02,0.0,0.0,0.0,0.0,0.04,0.0
20,4,2,3,False,0.3038590030269755,0.21327163873848498,4,qUCB,0.0,0.28,0.62,0.0,0.04,0.0,0.0,0.0,0.04,0.0,0.0,0.0,0.0,0.0,0.02
20,5,1,4,False,0.20718354246720316,0.3758361729413009,0,qEHVI,0.36,0.14,0.4,0.04,0.02,0.0,0.0,0.0,0.0,0.0,0.0,0.04,0.0,0.0,0.0
20,5,1,4,False,0.20718354246720316,0.3758361729413009,1,qUCB,0.44,0.08,0.38,0.0,0.0,0.0,0.0,0.0,0.04,0.0,0.0,0.0,0.0,0.04,0.02
20,5,1,4,False,0.20718354246720316,0.3758361729413009,2,qUCB,0.22,0.04,0.64,0.0,0.0,0.0,0.0,0.0,0.02,0.0,0.0,0.0,0.0,0.04,0.04
20,5,1,4,False,0.20718354246720316,0.3758361729413009,3,qUCB,0.14,0.6,0.16,0.0,0.0,0.0,0.0,0.0,0.04,0.0,0.0,0.0,0.0,0.04,0.02
20,5,1,4,False,0.20718354246720316,0.3758361729413009,4,qUCB,0.0,0.28,0.62,0.0,0.04,0.0,0.0,0.0,0.04,0.0,0.0,0.0,0.0,0.0,0.02
20,6,0,5,False,0.25560657558545946,0.49650719268153587,0,qUCB,0.48,0.42,0.02,0.0,0.0,0.0,0.0,0.0,0.0,0.0,0.0,0.04,0.0,0.04,0.0
20,6,0,5,False,0.25560657558545946,0.49650719268153587,1,qUCB,0.26,0.0,0.64,0.04,0.0,0.0,0.0,0.0,0.0,0.0,0.0,0.02,0.0,0.04,0.0
20,6,0,5,False,0.25560657558545946,0.49650719268153587,2,qUCB,0.02,0.32,0.64,0.0,0.0,0.0,0.0,0.0,0.0,0.0,0.0,0.0,0.0,0.0,0.02
20,6,0,5,False,0.25560657558545946,0.49650719268153587,3,qUCB,0.32,0.0,0.62,0.0,0.0,0.0,0.0,0.0,0.0,0.0,0.0,0.04,0.0,0.0,0.02
20,6,0,5,False,0.25560657558545946,0.49650719268153587,4,qUCB,0.0,0.02,0.96,0.0,0.0,0.0,0.0,0.0,0.0,0.0,0.0,0.0,0.0,0.0,0.02
21,1,5,0,True,0.5024298646798058,0.05391552779332687,0,qEHVI,0.48,0.04,0.38,0.04,0.0,0.0,0.0,0.0,0.02,0.0,0.0,0.04,0.0,0.0,0.0
21,1,5,0,True,0.5024298646798058,0.05391552779332687,1,qEHVI,0.58,0.34,0.02,0.0,0.0,0.0,0.0,0.0,0.0,0.0,0.0,0.04,0.0,0.02,0.0
21,1,5,0,True,0.5024298646798058,0.05391552779332687,2,qEHVI,0.0,0.36,0.62,0.0,0.0,0.0,0.0,0.0,0.02,0.0,0.0,0.0,0.0,0.0,0.0
21,1,5,0,True,0.5024298646798058,0.05391552779332687,3,qEHVI,0.0,0.28,0.64,0.02,0.0,0.0,0.0,0.0,0.02,0.0,0.0,0.04,0.0,0.0,0.0
21,1,5,0,True,0.5024298646798058,0.05391552779332687,4,qEHVI,0.34,0.16,0.4,0.04,0.0,0.0,0.0,0.0,0.02,0.0,0.0,0.04,0.0,0.0,0.0
21,2,4,1,False,0.57406864682886,3.03478253484433,0,qEHVI,0.48,0.04,0.38,0.04,0.0,0.0,0.0,0.0,0.02,0.0,0.0,0.04,0.0,0.0,0.0
21,2,4,1,False,0.57406864682886,3.03478253484433,1,qEHVI,0.58,0.34,0.02,0.0,0.0,0.0,0.0,0.0,0.0,0.0,0.0,0.04,0.0,0.02,0.0
21,2,4,1,False,0.57406864682886,3.03478253484433,2,qEHVI,0.0,0.36,0.62,0.0,0.0,0.0,0.0,0.0,0.02,0.0,0.0,0.0,0.0,0.0,0.0
21,2,4,1,False,0.57406864682886,3.03478253484433,3,qEHVI,0.34,0.16,0.4,0.04,0.0,0.0,0.0,0.0,0.02,0.0,0.0,0.04,0.0,0.0,0.0
21,2,4,1,False,0.57406864682886,3.03478253484433,4,qUCB,0.3,0.46,0.14,0.0,0.04,0.0,0.0,0.0,0.0,0.0,0.0,0.0,0.0,0.02,0.04
21,3,3,2,False,0.43369368663617397,0.187414227512118,0,qEHVI,0.48,0.04,0.38,0.04,0.0,0.0,0.0,0.0,0.02,0.0,0.0,0.04,0.0,0.0,0.0
21,3,3,2,False,0.43369368663617397,0.187414227512118,1,qEHVI,0.0,0.36,0.62,0.0,0.0,0.0,0.0,0.0,0.02,0.0,0.0,0.0,0.0,0.0,0.0
21,3,3,2,False,0.43369368663617397,0.187414227512118,2,qEHVI,0.58,0.34,0.02,0.0,0.0,0.0,0.0,0.0,0.0,0.0,0.0,0.04,0.0,0.02,0.0
21,3,3,2,False,0.43369368663617397,0.187414227512118,3,qUCB,0.3,0.46,0.14,0.0,0.04,0.0,0.0,0.0,0.0,0.0,0.0,0.0,0.0,0.02,0.04
21,3,3,2,False,0.43369368663617397,0.187414227512118,4,qUCB,0.14,0.0,0.78,0.04,0.04,0.0,0.0,0.0,0.0,0.0,0.0,0.0,0.0,0.0,0.0
21,4,2,3,False,0.32579614586885475,0.1570750942399668,0,qEHVI,0.48,0.04,0.38,0.04,0.0,0.0,0.0,0.0,0.02,0.0,0.0,0.04,0.0,0.0,0.0
21,4,2,3,False,0.32579614586885475,0.1570750942399668,1,qEHVI,0.0,0.36,0.62,0.0,0.0,0.0,0.0,0.0,0.02,0.0,0.0,0.0,0.0,0.0,0.0
21,4,2,3,False,0.32579614586885475,0.1570750942399668,2,qUCB,0.48,0.42,0.0,0.0,0.04,0.0,0.0,0.0,0.0,0.0,0.0,0.04,0.0,0.02,0.0
21,4,2,3,False,0.32579614586885475,0.1570750942399668,3,qUCB,0.14,0.0,0.78,0.04,0.04,0.0,0.0,0.0,0.0,0.0,0.0,0.0,0.0,0.0,0.0
21,4,2,3,False,0.32579614586885475,0.1570750942399668,4,qUCB,0.3,0.46,0.14,0.0,0.04,0.0,0.0,0.0,0.0,0.0,0.0,0.0,0.0,0.02,0.04
21,5,1,4,False,0.298131891880147,0.026312366966015688,0,qEHVI,0.0,0.36,0.62,0.0,0.0,0.0,0.0,0.0,0.02,0.0,0.0,0.0,0.0,0.0,0.0
21,5,1,4,False,0.298131891880147,0.026312366966015688,1,qUCB,0.48,0.42,0.0,0.0,0.04,0.0,0.0,0.0,0.0,0.0,0.0,0.04,0.0,0.02,0.0
21,5,1,4,False,0.298131891880147,0.026312366966015688,2,qUCB,0.08,0.04,0.78,0.04,0.0,0.0,0.0,0.0,0.0,0.0,0.0,0.04,0.0,0.0,0.02
21,5,1,4,False,0.298131891880147,0.026312366966015688,3,qUCB,0.0,0.3,0.62,0.04,0.0,0.0,0.0,0.0,0.0,0.0,0.0,0.04,0.0,0.0,0.0
21,5,1,4,False,0.298131891880147,0.026312366966015688,4,qUCB,0.48,0.28,0.14,0.04,0.0,0.0,0.0,0.0,0.0,0.0,0.0,0.04,0.0,0.0,0.02
21,6,0,5,False,0.39806058932194216,0.06972109761750644,0,qUCB,0.48,0.42,0.0,0.0,0.04,0.0,0.0,0.0,0.0,0.0,0.0,0.04,0.0,0.02,0.0
21,6,0,5,False,0.39806058932194216,0.06972109761750644,1,qUCB,0.0,0.36,0.62,0.0,0.0,0.0,0.0,0.0,0.02,0.0,0.0,0.0,0.0,0.0,0.0
21,6,0,5,False,0.39806058932194216,0.06972109761750644,2,qUCB,0.0,0.0,0.96,0.0,0.02,0.0,0.0,0.0,0.02,0.0,0.0,0.0,0.0,0.0,0.0
21,6,0,5,False,0.39806058932194216,0.06972109761750644,3,qUCB,0.14,0.0,0.8,0.04,0.0,0.0,0.0,0.0,0.0,0.0,0.0,0.0,0.0,0.0,0.02
21,6,0,5,False,0.39806058932194216,0.06972109761750644,4,qUCB,0.0,0.3,0.64,0.04,0.0,0.0,0.0,0.0,0.0,0.0,0.0,0.02,0.0,0.0,0.0
22,1,5,0,True,0.955057760388708,0.06845140136162797,0,qEHVI,0.68,0.22,0.0,0.04,0.0,0.0,0.0,0.0,0.0,0.0,0.0,0.04,0.0,0.0,0.02
22,1,5,0,True,0.955057760388708,0.06845140136162797,1,qEHVI,0.5,0.0,0.4,0.02,0.04,0.0,0.0,0.0,0.0,0.0,0.0,0.02,0.0,0.0,0.02
22,1,5,0,True,0.955057760388708,0.06845140136162797,2,qEHVI,0.48,0.12,0.3,0.02,0.04,0.0,0.0,0.0,0.0,0.0,0.0,0.04,0.0,0.0,0.0
22,1,5,0,True,0.955057760388708,0.06845140136162797,3,qEHVI,0.4,0.1,0.4,0.04,0.0,0.0,0.0,0.0,0.02,0.0,0.0,0.04,0.0,0.0,0.0
22,1,5,0,True,0.955057760388708,0.06845140136162797,4,qEHVI,0.46,0.44,0.0,0.0,0.04,0.0,0.0,0.0,0.0,0.0,0.0,0.04,0.0,0.0,0.02
22,2,4,1,False,0.847085284060016,0.23666827499814413,0,qEHVI,0.68,0.22,0.0,0.04,0.0,0.0,0.0,0.0,0.0,0.0,0.0,0.04,0.0,0.0,0.02
22,2,4,1,False,0.847085284060016,0.23666827499814413,1,qEHVI,0.5,0.0,0.4,0.02,0.04,0.0,0.0,0.0,0.0,0.0,0.0,0.02,0.0,0.0,0.02
22,2,4,1,False,0.847085284060016,0.23666827499814413,2,qEHVI,0.48,0.12,0.3,0.02,0.04,0.0,0.0,0.0,0.0,0.0,0.0,0.04,0.0,0.0,0.0
22,2,4,1,False,0.847085284060016,0.23666827499814413,3,qEHVI,0.4,0.1,0.4,0.04,0.0,0.0,0.0,0.0,0.02,0.0,0.0,0.04,0.0,0.0,0.0
22,2,4,1,False,0.847085284060016,0.23666827499814413,4,qUCB,0.34,0.42,0.14,0.0,0.0,0.0,0.0,0.0,0.04,0.0,0.0,0.0,0.0,0.04,0.02
22,3,3,2,False,0.7133557942184218,0.45035305637497736,0,qEHVI,0.68,0.22,0.0,0.04,0.0,0.0,0.0,0.0,0.0,0.0,0.0,0.04,0.0,0.0,0.02
22,3,3,2,False,0.7133557942184218,0.45035305637497736,1,qEHVI,0.5,0.0,0.4,0.02,0.04,0.0,0.0,0.0,0.0,0.0,0.0,0.02,0.0,0.0,0.02
22,3,3,2,False,0.7133557942184218,0.45035305637497736,2,qEHVI,0.48,0.12,0.3,0.02,0.04,0.0,0.0,0.0,0.0,0.0,0.0,0.04,0.0,0.0,0.0
22,3,3,2,False,0.7133557942184218,0.45035305637497736,3,qUCB,0.46,0.42,0.02,0.0,0.0,0.0,0.0,0.0,0.04,0.0,0.0,0.02,0.0,0.04,0.0
22,3,3,2,False,0.7133557942184218,0.45035305637497736,4,qUCB,0.2,0.58,0.12,0.0,0.0,0.0,0.0,0.0,0.04,0.0,0.0,0.02,0.0,0.04,0.0
22,4,2,3,False,0.5495962659124689,0.1656255141931453,0,qEHVI,0.68,0.22,0.0,0.04,0.0,0.0,0.0,0.0,0.0,0.0,0.0,0.04,0.0,0.0,0.02
22,4,2,3,False,0.5495962659124689,0.1656255141931453,1,qEHVI,0.5,0.0,0.4,0.02,0.04,0.0,0.0,0.0,0.0,0.0,0.0,0.02,0.0,0.0,0.02
22,4,2,3,False,0.5495962659124689,0.1656255141931453,2,qUCB,0.46,0.42,0.02,0.0,0.0,0.0,0.0,0.0,0.04,0.0,0.0,0.02,0.0,0.04,0.0
22,4,2,3,False,0.5495962659124689,0.1656255141931453,3,qUCB,0.18,0.52,0.2,0.0,0.0,0.0,0.0,0.0,0.04,0.0,0.0,0.02,0.0,0.04,0.0
22,4,2,3,False,0.5495962659124689,0.1656255141931453,4,qUCB,0.36,0.36,0.18,0.02,0.0,0.0,0.0,0.0,0.04,0.0,0.0,0.0,0.0,0.04,0.0
22,5,1,4,False,0.32152927099398754,0.02386352440893358,0,qEHVI,0.68,0.22,0.0,0.04,0.0,0.0,0.0,0.0,0.0,0.0,0.0,0.04,0.0,0.0,0.02
22,5,1,4,False,0.32152927099398754,0.02386352440893358,1,qUCB,0.42,0.04,0.44,0.0,0.04,0.0,0.0,0.0,0.02,0.0,0.0,0.0,0.0,0.04,0.0
22,5,1,4,False,0.32152927099398754,0.02386352440893358,2,qUCB,0.3,0.48,0.12,0.0,0.04,0.0,0.0,0.0,0.04,0.0,0.0,0.0,0.0,0.02,0.0
22,5,1,4,False,0.32152927099398754,0.02386352440893358,3,qUCB,0.0,0.02,0.9400000000000001,0.0,0.04,0.0,0.0,0.0,0.0,0.0,0.0,0.0,0.0,0.0,0.0
22,5,1,4,False,0.32152927099398754,0.02386352440893358,4,qUCB,0.16,0.02,0.72,0.0,0.04,0.0,0.0,0.0,0.04,0.0,0.0,0.0,0.0,0.02,0.0
22,6,0,5,False,0.4776993930627298,0.20235123032294666,0,qUCB,0.48,0.42,0.0,0.0,0.04,0.0,0.0,0.0,0.0,0.0,0.0,0.04,0.0,0.02,0.0
22,6,0,5,False,0.4776993930627298,0.20235123032294666,1,qUCB,0.42,0.34,0.14,0.04,0.0,0.0,0.0,0.0,0.0,0.0,0.0,0.04,0.0,0.0,0.02
22,6,0,5,False,0.4776993930627298,0.20235123032294666,2,qUCB,0.64,0.2,0.06,0.04,0.0,0.0,0.0,0.0,0.0,0.0,0.0,0.04,0.0,0.0,0.02
22,6,0,5,False,0.4776993930627298,0.20235123032294666,3,qUCB,0.24,0.5,0.18,0.0,0.0,0.0,0.0,0.0,0.0,0.0,0.0,0.04,0.0,0.04,0.0
22,6,0,5,False,0.4776993930627298,0.20235123032294666,4,qUCB,0.02,0.42,0.46,0.04,0.0,0.0,0.0,0.0,0.02,0.0,0.0,0.04,0.0,0.0,0.0
23,1,5,0,True,0.7979375559360069,0.4687850159154343,0,qEHVI,0.38,0.24,0.38,0.0,0.0,0.0,0.0,0.0,0.0,0.0,0.0,0.0,0.0,0.0,0.0
23,1,5,0,True,0.7979375559360069,0.4687850159154343,1,qEHVI,0.34,0.18,0.38,0.04,0.02,0.0,0.0,0.0,0.0,0.0,0.0,0.04,0.0,0.0,0.0
23,1,5,0,True,0.7979375559360069,0.4687850159154343,2,qEHVI,0.12,0.02,0.8,0.04,0.0,0.0,0.0,0.0,0.0,0.0,0.0,0.02,0.0,0.0,0.0
23,1,5,0,True,0.7979375559360069,0.4687850159154343,3,qEHVI,0.5,0.04,0.36,0.04,0.0,0.0,0.0,0.0,0.0,0.0,0.0,0.04,0.0,0.02,0.0
23,1,5,0,True,0.7979375559360069,0.4687850159154343,4,qEHVI,0.3,0.48,0.16,0.0,0.02,0.0,0.0,0.0,0.0,0.0,0.0,0.0,0.0,0.04,0.0
23,2,4,1,False,0.7487535368046441,0.14404755918534384,0,qEHVI,0.44,0.16,0.38,0.0,0.0,0.0,0.0,0.0,0.0,0.0,0.0,0.0,0.0,0.0,0.02
23,2,4,1,False,0.7487535368046441,0.14404755918534384,1,qEHVI,0.34,0.18,0.38,0.04,0.02,0.0,0.0,0.0,0.0,0.0,0.0,0.04,0.0,0.0,0.0
23,2,4,1,False,0.7487535368046441,0.14404755918534384,2,qEHVI,0.12,0.02,0.8,0.04,0.0,0.0,0.0,0.0,0.0,0.0,0.0,0.02,0.0,0.0,0.0
23,2,4,1,False,0.7487535368046441,0.14404755918534384,3,qEHVI,0.16,0.0,0.8,0.0,0.04,0.0,0.0,0.0,0.0,0.0,0.0,0.0,0.0,0.0,0.0
23,2,4,1,False,0.7487535368046441,0.14404755918534384,4,qUCB,0.38,0.4,0.14,0.0,0.0,0.0,0.0,0.0,0.04,0.0,0.0,0.0,0.0,0.04,0.0
23,3,3,2,False,0.66199770836354,0.021336360628856355,0,qEHVI,0.34,0.18,0.38,0.04,0.02,0.0,0.0,0.0,0.0,0.0,0.0,0.04,0.0,0.0,0.0
23,3,3,2,False,0.66199770836354,0.021336360628856355,1,qEHVI,0.12,0.02,0.8,0.04,0.0,0.0,0.0,0.0,0.0,0.0,0.0,0.02,0.0,0.0,0.0
23,3,3,2,False,0.66199770836354,0.021336360628856355,2,qEHVI,0.16,0.0,0.8,0.0,0.04,0.0,0.0,0.0,0.0,0.0,0.0,0.0,0.0,0.0,0.0
23,3,3,2,False,0.66199770836354,0.021336360628856355,3,qUCB,0.38,0.4,0.14,0.0,0.0,0.0,0.0,0.0,0.04,0.0,0.0,0.0,0.0,0.04,0.0
23,3,3,2,False,0.66199770836354,0.021336360628856355,4,qUCB,0.1,0.02,0.8,0.0,0.0,0.0,0.0,0.0,0.04,0.0,0.0,0.0,0.0,0.04,0.0
23,4,2,3,False,0.6980890319465975,0.31787943252586004,0,qEHVI,0.34,0.18,0.38,0.04,0.02,0.0,0.0,0.0,0.0,0.0,0.0,0.04,0.0,0.0,0.0
23,4,2,3,False,0.6980890319465975,0.31787943252586004,1,qEHVI,0.44,0.16,0.38,0.0,0.0,0.0,0.0,0.0,0.0,0.0,0.0,0.0,0.0,0.0,0.02
23,4,2,3,False,0.6980890319465975,0.31787943252586004,2,qUCB,0.32,0.44,0.14,0.0,0.04,0.0,0.0,0.0,0.04,0.0,0.0,0.0,0.0,0.02,0.0
23,4,2,3,False,0.6980890319465975,0.31787943252586004,3,qUCB,0.04,0.04,0.8200000000000001,0.04,0.0,0.0,0.0,0.0,0.04,0.0,0.0,0.0,0.0,0.02,0.0
23,4,2,3,False,0.6980890319465975,0.31787943252586004,4,qUCB,0.32,0.46,0.12,0.04,0.0,0.0,0.0,0.0,0.02,0.0,0.0,0.0,0.0,0.04,0.0
23,5,1,4,False,0.6409714999303051,0.8150420562757041,0,qEHVI,0.44,0.16,0.38,0.0,0.0,0.0,0.0,0.0,0.0,0.0,0.0,0.0,0.0,0.0,0.02
23,5,1,4,False,0.6409714999303051,0.8150420562757041,1,qUCB,0.32,0.44,0.14,0.0,0.04,0.0,0.0,0.0,0.04,0.0,0.0,0.0,0.0,0.02,0.0
23,5,1,4,False,0.6409714999303051,0.8150420562757041,2,qUCB,0.04,0.06,0.8,0.04,0.0,0.0,0.0,0.0,0.04,0.0,0.0,0.02,0.0,0.0,0.0
23,5,1,4,False,0.6409714999303051,0.8150420562757041,3,qUCB,0.4,0.36,0.14,0.04,0.0,0.0,0.0,0.0,0.02,0.0,0.0,0.04,0.0,0.0,0.0
23,5,1,4,False,0.6409714999303051,0.8150420562757041,4,qUCB,0.02,0.8200000000000001,0.08,0.04,0.0,0.0,0.0,0.0,0.0,0.0,0.0,0.04,0.0,0.0,0.0
23,6,0,5,False,0.6108288169828668,0.40237783125315474,0,qUCB,0.38,0.4,0.14,0.0,0.0,0.0,0.0,0.0,0.04,0.0,0.0,0.0,0.0,0.04,0.0
23,6,0,5,False,0.6108288169828668,0.40237783125315474,1,qUCB,0.12,0.02,0.8,0.04,0.0,0.0,0.0,0.0,0.0,0.0,0.0,0.02,0.0,0.0,0.0
23,6,0,5,False,0.6108288169828668,0.40237783125315474,2,qUCB,0.4,0.36,0.14,0.04,0.0,0.0,0.0,0.0,0.02,0.0,0.0,0.04,0.0,0.0,0.0
23,6,0,5,False,0.6108288169828668,0.40237783125315474,3,qUCB,0.0,0.0,0.9400000000000001,0.02,0.0,0.0,0.0,0.0,0.0,0.0,0.0,0.0,0.0,0.04,0.0
23,6,0,5,False,0.6108288169828668,0.40237783125315474,4,qUCB,0.28,0.5,0.12,0.04,0.0,0.0,0.0,0.0,0.0,0.0,0.0,0.0,0.0,0.04,0.02
24,1,5,0,True,1.273042679212366,0.39084011205633656,0,qEHVI,0.0,0.04,0.96,0.0,0.0,0.0,0.0,0.0,0.0,0.0,0.0,0.0,0.0,0.0,0.0
24,1,5,0,True,1.273042679212366,0.39084011205633656,1,qEHVI,0.3,0.26,0.36,0.0,0.0,0.0,0.0,0.0,0.04,0.0,0.0,0.04,0.0,0.0,0.0
24,1,5,0,True,1.273042679212366,0.39084011205633656,2,qEHVI,0.56,0.02,0.36,0.02,0.0,0.0,0.0,0.0,0.0,0.0,0.0,0.04,0.0,0.0,0.0
24,1,5,0,True,1.273042679212366,0.39084011205633656,3,qEHVI,0.48,0.12,0.3,0.02,0.0,0.0,0.0,0.0,0.0,0.0,0.0,0.04,0.0,0.0,0.04
24,1,5,0,True,1.273042679212366,0.39084011205633656,4,qEHVI,0.44,0.16,0.38,0.02,0.0,0.0,0.0,0.0,0.0,0.0,0.0,0.0,0.0,0.0,0.0
24,2,4,1,False,1.1310692429395688,0.23902173687871908,0,qEHVI,0.0,0.04,0.96,0.0,0.0,0.0,0.0,0.0,0.0,0.0,0.0,0.0,0.0,0.0,0.0
24,2,4,1,False,1.1310692429395688,0.23902173687871908,1,qEHVI,0.3,0.26,0.36,0.0,0.0,0.0,0.0,0.0,0.04,0.0,0.0,0.04,0.0,0.0,0.0
24,2,4,1,False,1.1310692429395688,0.23902173687871908,2,qEHVI,0.58,0.02,0.36,0.0,0.0,0.0,0.0,0.0,0.0,0.0,0.0,0.04,0.0,0.0,0.0
24,2,4,1,False,1.1310692429395688,0.23902173687871908,3,qEHVI,0.48,0.12,0.3,0.02,0.0,0.0,0.0,0.0,0.0,0.0,0.0,0.04,0.0,0.0,0.04
24,2,4,1,False,1.1310692429395688,0.23902173687871908,4,qUCB,0.46,0.3,0.14,0.04,0.04,0.0,0.0,0.0,0.02,0.0,0.0,0.0,0.0,0.0,0.0
24,3,3,2,False,1.059738709569819,0.07904619624336462,0,qEHVI,0.0,0.04,0.96,0.0,0.0,0.0,0.0,0.0,0.0,0.0,0.0,0.0,0.0,0.0,0.0
24,3,3,2,False,1.059738709569819,0.07904619624336462,1,qEHVI,0.3,0.26,0.36,0.0,0.0,0.0,0.0,0.0,0.04,0.0,0.0,0.04,0.0,0.0,0.0
24,3,3,2,False,1.059738709569819,0.07904619624336462,2,qEHVI,0.56,0.02,0.36,0.02,0.0,0.0,0.0,0.0,0.0,0.0,0.0,0.04,0.0,0.0,0.0
24,3,3,2,False,1.059738709569819,0.07904619624336462,3,qUCB,0.52,0.24,0.14,0.0,0.02,0.0,0.0,0.0,0.0,0.0,0.0,0.0,0.0,0.04,0.04
24,3,3,2,False,1.059738709569819,0.07904619624336462,4,qUCB,0.04,0.78,0.08,0.04,0.0,0.0,0.0,0.0,0.0,0.0,0.0,0.0,0.0,0.02,0.04
24,4,2,3,False,0.9762478052010939,0.33663297594316255,0,qEHVI,0.0,0.04,0.96,0.0,0.0,0.0,0.0,0.0,0.0,0.0,0.0,0.0,0.0,0.0,0.0
24,4,2,3,False,0.9762478052010939,0.33663297594316255,1,qEHVI,0.3,0.26,0.36,0.0,0.0,0.0,0.0,0.0,0.04,0.0,0.0,0.04,0.0,0.0,0.0
24,4,2,3,False,0.9762478052010939,0.33663297594316255,2,qUCB,0.46,0.28,0.16,0.04,0.0,0.0,0.0,0.0,0.0,0.0,0.0,0.0,0.0,0.02,0.04
24,4,2,3,False,0.9762478052010939,0.33663297594316255,3,qUCB,0.04,0.78,0.08,0.04,0.0,0.0,0.0,0.0,0.0,0.0,0.0,0.0,0.0,0.02,0.04
24,4,2,3,False,0.9762478052010939,0.33663297594316255,4,qUCB,0.52,0.24,0.14,0.0,0.02,0.0,0.0,0.0,0.0,0.0,0.0,0.0,0.0,0.04,0.04
24,5,1,4,False,0.5489443258291162,0.07133340972735525,0,qEHVI,0.0,0.04,0.96,0.0,0.0,0.0,0.0,0.0,0.0,0.0,0.0,0.0,0.0,0.0,0.0
24,5,1,4,False,0.5489443258291162,0.07133340972735525,1,qUCB,0.5,0.4,0.0,0.0,0.02,0.0,0.0,0.0,0.04,0.0,0.0,0.04,0.0,0.0,0.0
24,5,1,4,False,0.5489443258291162,0.07133340972735525,2,qUCB,0.0,0.8200000000000001,0.08,0.04,0.0,0.0,0.0,0.0,0.0,0.0,0.0,0.04,0.0,0.02,0.0
24,5,1,4,False,0.5489443258291162,0.07133340972735525,3,qUCB,0.46,0.28,0.16,0.04,0.0,0.0,0.0,0.0,0.0,0.0,0.0,0.0,0.0,0.02,0.04
24,5,1,4,False,0.5489443258291162,0.07133340972735525,4,qUCB,0.26,0.54,0.1,0.04,0.02,0.0,0.0,0.0,0.0,0.0,0.0,0.04,0.0,0.0,0.0
24,6,0,5,False,0.7805337836914372,0.11129169871353817,0,qUCB,0.52,0.4,0.0,0.0,0.0,0.0,0.0,0.0,0.0,0.0,0.0,0.04,0.0,0.0,0.04
24,6,0,5,False,0.7805337836914372,0.11129169871353817,1,qUCB,0.0,0.04,0.96,0.0,0.0,0.0,0.0,0.0,0.0,0.0,0.0,0.0,0.0,0.0,0.0
24,6,0,5,False,0.7805337836914372,0.11129169871353817,2,qUCB,0.0,0.8200000000000001,0.08,0.04,0.0,0.0,0.0,0.0,0.0,0.0,0.0,0.04,0.0,0.02,0.0
24,6,0,5,False,0.7805337836914372,0.11129169871353817,3,qUCB,0.22,0.0,0.74,0.0,0.04,0.0,0.0,0.0,0.0,0.0,0.0,0.0,0.0,0.0,0.0
24,6,0,5,False,0.7805337836914372,0.11129169871353817,4,qUCB,0.5,0.28,0.16,0.04,0.0,0.0,0.0,0.0,0.02,0.0,0.0,0.0,0.0,0.0,0.0
25,1,5,0,True,0.9745247776732546,0.41869340576263925,0,qEHVI,0.52,0.1,0.38,0.0,0.0,0.0,0.0,0.0,0.0,0.0,0.0,0.0,0.0,0.0,0.0
25,1,5,0,True,0.9745247776732546,0.41869340576263925,1,qEHVI,0.0,0.62,0.36,0.0,0.0,0.0,0.0,0.0,0.02,0.0,0.0,0.0,0.0,0.0,0.0
25,1,5,0,True,0.9745247776732546,0.41869340576263925,2,qEHVI,0.38,0.2,0.32,0.02,0.0,0.0,0.0,0.0,0.0,0.0,0.0,0.04,0.0,0.04,0.0
25,1,5,0,True,0.9745247776732546,0.41869340576263925,3,qEHVI,0.0,0.34,0.6,0.04,0.0,0.0,0.0,0.0,0.02,0.0,0.0,0.0,0.0,0.0,0.0
25,1,5,0,True,0.9745247776732546,0.41869340576263925,4,qEHVI,0.44,0.14,0.38,0.0,0.0,0.0,0.0,0.0,0.0,0.0,0.0,0.04,0.0,0.0,0.0
25,2,4,1,False,0.9398231447988546,0.36622914258425254,0,qEHVI,0.52,0.1,0.38,0.0,0.0,0.0,0.0,0.0,0.0,0.0,0.0,0.0,0.0,0.0,0.0
25,2,4,1,False,0.9398231447988546,0.36622914258425254,1,qEHVI,0.0,0.62,0.36,0.0,0.0,0.0,0.0,0.0,0.02,0.0,0.0,0.0,0.0,0.0,0.0
25,2,4,1,False,0.9398231447988546,0.36622914258425254,2,qEHVI,0.14,0.0,0.76,0.0,0.0,0.0,0.0,0.0,0.02,0.0,0.0,0.04,0.0,0.04,0.0
25,2,4,1,False,0.9398231447988546,0.36622914258425254,3,qEHVI,0.38,0.2,0.32,0.02,0.0,0.0,0.0,0.0,0.0,0.0,0.0,0.04,0.0,0.04,0.0
25,2,4,1,False,0.9398231447988546,0.36622914258425254,4,qUCB,0.44,0.44,0.02,0.0,0.02,0.0,0.0,0.0,0.0,0.0,0.0,0.04,0.0,0.0,0.04
25,3,3,2,False,0.857448524425337,0.055033262451446685,0,qEHVI,0.52,0.1,0.38,0.0,0.0,0.0,0.0,0.0,0.0,0.0,0.0,0.0,0.0,0.0,0.0
25,3,3,2,False,0.857448524425337,0.055033262451446685,1,qEHVI,0.0,0.62,0.36,0.0,0.0,0.0,0.0,0.0,0.02,0.0,0.0,0.0,0.0,0.0,0.0
25,3,3,2,False,0.857448524425337,0.055033262451446685,2,qEHVI,0.38,0.2,0.32,0.02,0.0,0.0,0.0,0.0,0.0,0.0,0.0,0.04,0.0,0.04,0.0
25,3,3,2,False,0.857448524425337,0.055033262451446685,3,qUCB,0.44,0.44,0.02,0.0,0.02,0.0,0.0,0.0,0.0,0.0,0.0,0.04,0.0,0.0,0.04
25,3,3,2,False,0.857448524425337,0.055033262451446685,4,qUCB,0.28,0.5,0.12,0.04,0.0,0.0,0.0,0.0,0.0,0.0,0.0,0.0,0.0,0.02,0.04
25,4,2,3,False,0.7511684138668402,0.47640899256690705,0,qEHVI,0.52,0.1,0.38,0.0,0.0,0.0,0.0,0.0,0.0,0.0,0.0,0.0,0.0,0.0,0.0
25,4,2,3,False,0.7511684138668402,0.47640899256690705,1,qEHVI,0.38,0.2,0.32,0.02,0.0,0.0,0.0,0.0,0.0,0.0,0.0,0.04,0.0,0.04,0.0
25,4,2,3,False,0.7511684138668402,0.47640899256690705,2,qUCB,0.44,0.44,0.02,0.0,0.02,0.0,0.0,0.0,0.0,0.0,0.0,0.04,0.0,0.0,0.04
25,4,2,3,False,0.7511684138668402,0.47640899256690705,3,qUCB,0.0,0.54,0.38,0.0,0.04,0.0,0.0,0.0,0.0,0.0,0.0,0.04,0.0,0.0,0.0
25,4,2,3,False,0.7511684138668402,0.47640899256690705,4,qUCB,0.02,0.8,0.08,0.04,0.0,0.0,0.0,0.0,0.04,0.0,0.0,0.0,0.0,0.02,0.0
25,5,1,4,False,0.8350071326566114,0.30919505234379496,0,qEHVI,0.52,0.1,0.38,0.0,0.0,0.0,0.0,0.0,0.0,0.0,0.0,0.0,0.0,0.0,0.0
25,5,1,4,False,0.8350071326566114,0.30919505234379496,1,qUCB,0.48,0.42,0.0,0.0,0.0,0.0,0.0,0.0,0.02,0.0,0.0,0.04,0.0,0.04,0.0
25,5,1,4,False,0.8350071326566114,0.30919505234379496,2,qUCB,0.38,0.38,0.14,0.04,0.0,0.0,0.0,0.0,0.02,0.0,0.0,0.04,0.0,0.0,0.0
25,5,1,4,False,0.8350071326566114,0.30919505234379496,3,qUCB,0.0,0.54,0.38,0.0,0.04,0.0,0.0,0.0,0.0,0.0,0.0,0.04,0.0,0.0,0.0
25,5,1,4,False,0.8350071326566114,0.30919505234379496,4,qUCB,0.02,0.8,0.08,0.04,0.0,0.0,0.0,0.0,0.04,0.0,0.0,0.0,0.0,0.02,0.0
25,6,0,5,False,0.6381591300901893,0.024651252439111815,0,qUCB,0.48,0.42,0.0,0.0,0.0,0.0,0.0,0.0,0.02,0.0,0.0,0.04,0.0,0.04,0.0
25,6,0,5,False,0.6381591300901893,0.024651252439111815,1,qUCB,0.38,0.38,0.14,0.04,0.0,0.0,0.0,0.0,0.02,0.0,0.0,0.04,0.0,0.0,0.0
25,6,0,5,False,0.6381591300901893,0.024651252439111815,2,qUCB,0.0,0.6,0.4,0.0,0.0,0.0,0.0,0.0,0.0,0.0,0.0,0.0,0.0,0.0,0.0
25,6,0,5,False,0.6381591300901893,0.024651252439111815,3,qUCB,0.14,0.0,0.76,0.0,0.0,0.0,0.0,0.0,0.02,0.0,0.0,0.04,0.0,0.04,0.0
25,6,0,5,False,0.6381591300901893,0.024651252439111815,4,qUCB,0.12,0.7000000000000001,0.08,0.04,0.0,0.0,0.0,0.0,0.0,0.0,0.0,0.04,0.0,0.02,0.0
26,1,5,0,True,0.9122888997780358,0.3518340615226556,0,qEHVI,0.42,0.2,0.32,0.0,0.0,0.0,0.0,0.0,0.0,0.0,0.0,0.04,0.0,0.0,0.02
26,1,5,0,True,0.9122888997780358,0.3518340615226556,1,qEHVI,0.22,0.0,0.74,0.0,0.0,0.0,0.0,0.0,0.0,0.0,0.0,0.02,0.0,0.02,0.0
26,1,5,0,True,0.9122888997780358,0.3518340615226556,2,qEHVI,0.44,0.0,0.46,0.04,0.02,0.0,0.0,0.0,0.0,0.0,0.0,0.02,0.0,0.0,0.02
26,1,5,0,True,0.9122888997780358,0.3518340615226556,3,qEHVI,0.44,0.2,0.3,0.0,0.0,0.0,0.0,0.0,0.02,0.0,0.0,0.04,0.0,0.0,0.0
26,1,5,0,True,0.9122888997780358,0.3518340615226556,4,qEHVI,0.48,0.06,0.36,0.0,0.0,0.0,0.0,0.0,0.0,0.0,0.0,0.02,0.0,0.04,0.04
26,2,4,1,False,0.8221896384677222,0.14347863346527712,0,qEHVI,0.42,0.2,0.32,0.0,0.0,0.0,0.0,0.0,0.0,0.0,0.0,0.04,0.0,0.0,0.02
26,2,4,1,False,0.8221896384677222,0.14347863346527712,1,qEHVI,0.44,0.0,0.46,0.04,0.02,0.0,0.0,0.0,0.0,0.0,0.0,0.02,0.0,0.0,0.02
26,2,4,1,False,0.8221896384677222,0.14347863346527712,2,qEHVI,0.22,0.0,0.74,0.0,0.0,0.0,0.0,0.0,0.0,0.0,0.0,0.02,0.0,0.02,0.0
26,2,4,1,False,0.8221896384677222,0.14347863346527712,3,qEHVI,0.44,0.2,0.3,0.0,0.0,0.0,0.0,0.0,0.02,0.0,0.0,0.04,0.0,0.0,0.0
26,2,4,1,False,0.8221896384677222,0.14347863346527712,4,qUCB,0.52,0.24,0.14,0.0,0.02,0.0,0.0,0.0,0.04,0.0,0.0,0.0,0.0,0.04,0.0
26,3,3,2,False,0.7265383624307823,0.30484776971563754,0,qEHVI,0.42,0.2,0.32,0.0,0.0,0.0,0.0,0.0,0.0,0.0,0.0,0.04,0.0,0.0,0.02
26,3,3,2,False,0.7265383624307823,0.30484776971563754,1,qEHVI,0.22,0.0,0.74,0.0,0.0,0.0,0.0,0.0,0.0,0.0,0.0,0.02,0.0,0.02,0.0
26,3,3,2,False,0.7265383624307823,0.30484776971563754,2,qEHVI,0.44,0.0,0.46,0.04,0.02,0.0,0.0,0.0,0.0,0.0,0.0,0.02,0.0,0.0,0.02
26,3,3,2,False,0.7265383624307823,0.30484776971563754,3,qUCB,0.4,0.12,0.38,0.0,0.04,0.0,0.0,0.0,0.04,0.0,0.0,0.02,0.0,0.0,0.0
26,3,3,2,False,0.7265383624307823,0.30484776971563754,4,qUCB,0.0,0.84,0.08,0.04,0.0,0.0,0.0,0.0,0.04,0.0,0.0,0.0,0.0,0.0,0.0
26,4,2,3,False,0.5799676126975566,0.004912986015009224,0,qEHVI,0.42,0.2,0.32,0.0,0.0,0.0,0.0,0.0,0.0,0.0,0.0,0.04,0.0,0.0,0.02
26,4,2,3,False,0.5799676126975566,0.004912986015009224,1,qEHVI,0.22,0.0,0.74,0.0,0.0,0.0,0.0,0.0,0.0,0.0,0.0,0.02,0.0,0.02,0.0
26,4,2,3,False,0.5799676126975566,0.004912986015009224,2,qUCB,0.44,0.34,0.14,0.04,0.04,0.0,0.0,0.0,0.0,0.0,0.0,0.0,0.0,0.0,0.0
26,4,2,3,False,0.5799676126975566,0.004912986015009224,3,qUCB,0.0,0.84,0.08,0.04,0.0,0.0,0.0,0.0,0.04,0.0,0.0,0.0,0.0,0.0,0.0
26,4,2,3,False,0.5799676126975566,0.004912986015009224,4,qUCB,0.22,0.56,0.12,0.04,0.02,0.0,0.0,0.0,0.04,0.0,0.0,0.0,0.0,0.0,0.0
26,5,1,4,False,0.41053706089234276,0.04180671042082196,0,qEHVI,0.42,0.2,0.32,0.0,0.0,0.0,0.0,0.0,0.0,0.0,0.0,0.04,0.0,0.0,0.02
26,5,1,4,False,0.41053706089234276,0.04180671042082196,1,qUCB,0.46,0.26,0.18,0.04,0.02,0.0,0.0,0.0,0.0,0.0,0.0,0.0,0.0,0.04,0.0
26,5,1,4,False,0.41053706089234276,0.04180671042082196,2,qUCB,0.0,0.8200000000000001,0.08,0.04,0.04,0.0,0.0,0.0,0.0,0.0,0.0,0.0,0.0,0.02,0.0
26,5,1,4,False,0.41053706089234276,0.04180671042082196,3,qUCB,0.0,0.1,0.8,0.0,0.04,0.0,0.0,0.0,0.04,0.0,0.0,0.0,0.0,0.02,0.0
26,5,1,4,False,0.41053706089234276,0.04180671042082196,4,qUCB,0.52,0.24,0.14,0.0,0.02,0.0,0.0,0.0,0.04,0.0,0.0,0.0,0.0,0.04,0.0
26,6,0,5,False,0.5786724629907702,0.010169560270851363,0,qUCB,0.52,0.38,0.0,0.0,0.04,0.0,0.0,0.0,0.0,0.0,0.0,0.04,0.0,0.0,0.02
26,6,0,5,False,0.5786724629907702,0.010169560270851363,1,qUCB,0.22,0.0,0.74,0.0,0.0,0.0,0.0,0.0,0.0,0.0,0.0,0.02,0.0,0.02,0.0
26,6,0,5,False,0.5786724629907702,0.010169560270851363,2,qUCB,0.4,0.34,0.16,0.04,0.0,0.0,0.0,0.0,0.02,0.0,0.0,0.04,0.0,0.0,0.0
26,6,0,5,False,0.5786724629907702,0.010169560270851363,3,qUCB,0.0,0.8200000000000001,0.08,0.04,0.04,0.0,0.0,0.0,0.0,0.0,0.0,0.0,0.0,0.02,0.0
26,6,0,5,False,0.5786724629907702,0.010169560270851363,4,qUCB,0.2,0.0,0.8,0.0,0.0,0.0,0.0,0.0,0.0,0.0,0.0,0.0,0.0,0.0,0.0
27,1,5,0,True,0.9020867973153489,0.009112634257332886,0,qEHVI,0.38,0.18,0.4,0.0,0.0,0.0,0.0,0.0,0.0,0.0,0.0,0.04,0.0,0.0,0.0
27,1,5,0,True,0.9020867973153489,0.009112634257332886,1,qEHVI,0.48,0.48,0.0,0.0,0.0,0.0,0.0,0.0,0.0,0.0,0.0,0.04,0.0,0.0,0.0
27,1,5,0,True,0.9020867973153489,0.009112634257332886,2,qEHVI,0.44,0.1,0.36,0.02,0.0,0.0,0.0,0.0,0.0,0.0,0.0,0.04,0.0,0.04,0.0
27,1,5,0,True,0.9020867973153489,0.009112634257332886,3,qEHVI,0.44,0.18,0.3,0.02,0.02,0.0,0.0,0.0,0.0,0.0,0.0,0.04,0.0,0.0,0.0
27,1,5,0,True,0.9020867973153489,0.009112634257332886,4,qEHVI,0.32,0.2,0.4,0.04,0.0,0.0,0.0,0.0,0.0,0.0,0.0,0.04,0.0,0.0,0.0
27,2,4,1,False,0.7890975794917346,0.31073153714917545,0,qEHVI,0.38,0.18,0.4,0.0,0.0,0.0,0.0,0.0,0.0,0.0,0.0,0.04,0.0,0.0,0.0
27,2,4,1,False,0.7890975794917346,0.31073153714917545,1,qEHVI,0.48,0.48,0.0,0.0,0.0,0.0,0.0,0.0,0.0,0.0,0.0,0.04,0.0,0.0,0.0
27,2,4,1,False,0.7890975794917346,0.31073153714917545,2,qEHVI,0.44,0.1,0.36,0.02,0.0,0.0,0.0,0.0,0.0,0.0,0.0,0.04,0.0,0.04,0.0
27,2,4,1,False,0.7890975794917346,0.31073153714917545,3,qEHVI,0.44,0.18,0.3,0.02,0.02,0.0,0.0,0.0,0.0,0.0,0.0,0.04,0.0,0.0,0.0
27,2,4,1,False,0.7890975794917346,0.31073153714917545,4,qUCB,0.5,0.26,0.14,0.0,0.0,0.0,0.0,0.0,0.04,0.0,0.0,0.0,0.0,0.02,0.04
27,3,3,2,False,0.70291046947495,0.3010464896570486,0,qEHVI,0.38,0.18,0.4,0.0,0.0,0.0,0.0,0.0,0.0,0.0,0.0,0.04,0.0,0.0,0.0
27,3,3,2,False,0.70291046947495,0.3010464896570486,1,qEHVI,0.48,0.48,0.0,0.0,0.0,0.0,0.0,0.0,0.0,0.0,0.0,0.04,0.0,0.0,0.0
27,3,3,2,False,0.70291046947495,0.3010464896570486,2,qEHVI,0.44,0.1,0.36,0.02,0.0,0.0,0.0,0.0,0.0,0.0,0.0,0.04,0.0,0.04,0.0
27,3,3,2,False,0.70291046947495,0.3010464896570486,3,qUCB,0.5,0.22,0.18,0.04,0.0,0.0,0.0,0.0,0.04,0.0,0.0,0.0,0.0,0.0,0.02
27,3,3,2,False,0.70291046947495,0.3010464896570486,4,qUCB,0.02,0.8200000000000001,0.08,0.04,0.0,0.0,0.0,0.0,0.04,0.0,0.0,0.0,0.0,0.0,0.0
27,4,2,3,False,0.6767341846940499,0.03468149338611548,0,qEHVI,0.38,0.18,0.4,0.0,0.0,0.0,0.0,0.0,0.0,0.0,0.0,0.04,0.0,0.0,0.0
27,4,2,3,False,0.6767341846940499,0.03468149338611548,1,qEHVI,0.48,0.48,0.0,0.0,0.0,0.0,0.0,0.0,0.0,0.0,0.0,0.04,0.0,0.0,0.0
27,4,2,3,False,0.6767341846940499,0.03468149338611548,2,qUCB,0.42,0.3,0.18,0.04,0.0,0.0,0.0,0.0,0.02,0.0,0.0,0.0,0.0,0.04,0.0
27,4,2,3,False,0.6767341846940499,0.03468149338611548,3,qUCB,0.02,0.8200000000000001,0.08,0.04,0.0,0.0,0.0,0.0,0.04,0.0,0.0,0.0,0.0,0.0,0.0
27,4,2,3,False,0.6767341846940499,0.03468149338611548,4,qUCB,0.4,0.36,0.14,0.04,0.0,0.0,0.0,0.0,0.0,0.0,0.0,0.0,0.0,0.02,0.04
27,5,1,4,False,0.4527745718310001,0.1135169367181863,0,qEHVI,0.38,0.18,0.4,0.0,0.0,0.0,0.0,0.0,0.0,0.0,0.0,0.04,0.0,0.0,0.0
27,5,1,4,False,0.4527745718310001,0.1135169367181863,1,qUCB,0.38,0.36,0.16,0.04,0.0,0.0,0.0,0.0,0.04,0.0,0.0,0.0,0.0,0.02,0.0
27,5,1,4,False,0.4527745718310001,0.1135169367181863,2,qUCB,0.02,0.8200000000000001,0.08,0.04,0.0,0.0,0.0,0.0,0.04,0.0,0.0,0.0,0.0,0.0,0.0
27,5,1,4,False,0.4527745718310001,0.1135169367181863,3,qUCB,0.34,0.18,0.38,0.04,0.0,0.0,0.0,0.0,0.0,0.0,0.0,0.0,0.0,0.04,0.02
27,5,1,4,False,0.4527745718310001,0.1135169367181863,4,qUCB,0.24,0.56,0.1,0.04,0.04,0.0,0.0,0.0,0.0,0.0,0.0,0.0,0.0,0.02,0.0
27,6,0,5,False,0.46989862543215927,0.1584888349457323,0,qUCB,0.48,0.48,0.0,0.0,0.0,0.0,0.0,0.0,0.0,0.0,0.0,0.04,0.0,0.0,0.0
27,6,0,5,False,0.46989862543215927,0.1584888349457323,1,qUCB,0.44,0.34,0.14,0.04,0.0,0.0,0.0,0.0,0.0,0.0,0.0,0.04,0.0,0.0,0.0
27,6,0,5,False,0.46989862543215927,0.1584888349457323,2,qUCB,0.18,0.62,0.1,0.04,0.0,0.0,0.0,0.0,0.0,0.0,0.0,0.04,0.0,0.02,0.0
27,6,0,5,False,0.46989862543215927,0.1584888349457323,3,qUCB,0.0,0.84,0.06,0.04,0.02,0.0,0.0,0.0,0.0,0.0,0.0,0.0,0.0,0.02,0.02
27,6,0,5,False,0.46989862543215927,0.1584888349457323,4,qUCB,0.0,0.14,0.8,0.0,0.0,0.0,0.0,0.0,0.02,0.0,0.0,0.0,0.0,0.0,0.04
28,1,5,0,True,1.0545329788090543,0.08524724928018013,0,qEHVI,0.44,0.3,0.16,0.04,0.0,0.0,0.0,0.0,0.0,0.0,0.0,0.04,0.0,0.02,0.0
28,1,5,0,True,1.0545329788090543,0.08524724928018013,1,qEHVI,0.42,0.18,0.3,0.02,0.02,0.0,0.0,0.0,0.0,0.0,0.0,0.04,0.0,0.0,0.02
28,1,5,0,True,1.0545329788090543,0.08524724928018013,2,qEHVI,0.38,0.2,0.4,0.02,0.0,0.0,0.0,0.0,0.0,0.0,0.0,0.0,0.0,0.0,0.0
28,1,5,0,True,1.0545329788090543,0.08524724928018013,3,qEHVI,0.46,0.0,0.46,0.04,0.0,0.0,0.0,0.0,0.0,0.0,0.0,0.04,0.0,0.0,0.0
28,1,5,0,True,1.0545329788090543,0.08524724928018013,4,qEHVI,0.0,0.8200000000000001,0.1,0.04,0.0,0.0,0.0,0.0,0.0,0.0,0.0,0.04,0.0,0.0,0.0
28,2,4,1,False,0.9267269970943861,0.11843709682784453,0,qEHVI,0.44,0.3,0.16,0.04,0.0,0.0,0.0,0.0,0.0,0.0,0.0,0.04,0.0,0.02,0.0
28,2,4,1,False,0.9267269970943861,0.11843709682784453,1,qEHVI,0.42,0.18,0.3,0.02,0.02,0.0,0.0,0.0,0.0,0.0,0.0,0.04,0.0,0.0,0.02
28,2,4,1,False,0.9267269970943861,0.11843709682784453,2,qEHVI,0.38,0.2,0.4,0.02,0.0,0.0,0.0,0.0,0.0,0.0,0.0,0.0,0.0,0.0,0.0
28,2,4,1,False,0.9267269970943861,0.11843709682784453,3,qEHVI,0.46,0.0,0.46,0.04,0.0,0.0,0.0,0.0,0.0,0.0,0.0,0.04,0.0,0.0,0.0
28,2,4,1,False,0.9267269970943861,0.11843709682784453,4,qUCB,0.4,0.12,0.38,0.0,0.02,0.0,0.0,0.0,0.04,0.0,0.0,0.0,0.0,0.0,0.04
28,3,3,2,False,0.8020810618721719,0.23091513597934377,0,qEHVI,0.44,0.3,0.16,0.04,0.0,0.0,0.0,0.0,0.0,0.0,0.0,0.04,0.0,0.02,0.0
28,3,3,2,False,0.8020810618721719,0.23091513597934377,1,qEHVI,0.42,0.18,0.3,0.02,0.02,0.0,0.0,0.0,0.0,0.0,0.0,0.04,0.0,0.0,0.02
28,3,3,2,False,0.8020810618721719,0.23091513597934377,2,qEHVI,0.44,0.38,0.14,0.04,0.0,0.0,0.0,0.0,0.0,0.0,0.0,0.0,0.0,0.0,0.0
28,3,3,2,False,0.8020810618721719,0.23091513597934377,3,qUCB,0.48,0.04,0.38,0.0,0.0,0.0,0.0,0.0,0.04,0.0,0.0,0.0,0.0,0.04,0.02
28,3,3,2,False,0.8020810618721719,0.23091513597934377,4,qUCB,0.02,0.1,0.8,0.0,0.0,0.0,0.0,0.0,0.04,0.0,0.0,0.0,0.0,0.04,0.0
28,4,2,3,False,0.764930975829376,0.029948068274568307,0,qEHVI,0.44,0.3,0.16,0.04,0.0,0.0,0.0,0.0,0.0,0.0,0.0,0.04,0.0,0.02,0.0
28,4,2,3,False,0.764930975829376,0.029948068274568307,1,qEHVI,0.42,0.18,0.3,0.02,0.02,0.0,0.0,0.0,0.0,0.0,0.0,0.04,0.0,0.0,0.02
28,4,2,3,False,0.764930975829376,0.029948068274568307,2,qUCB,0.48,0.04,0.38,0.0,0.0,0.0,0.0,0.0,0.04,0.0,0.0,0.0,0.0,0.04,0.02
28,4,2,3,False,0.764930975829376,0.029948068274568307,3,qUCB,0.3,0.48,0.12,0.04,0.0,0.0,0.0,0.0,0.04,0.0,0.0,0.0,0.0,0.0,0.02
28,4,2,3,False,0.764930975829376,0.029948068274568307,4,qUCB,0.02,0.1,0.8,0.0,0.0,0.0,0.0,0.0,0.04,0.0,0.0,0.0,0.0,0.04,0.0
28,5,1,4,False,0.5681285073747546,0.1452516997648896,0,qEHVI,0.44,0.3,0.16,0.04,0.0,0.0,0.0,0.0,0.0,0.0,0.0,0.04,0.0,0.02,0.0
28,5,1,4,False,0.5681285073747546,0.1452516997648896,1,qUCB,0.4,0.12,0.38,0.0,0.02,0.0,0.0,0.0,0.04,0.0,0.0,0.0,0.0,0.0,0.04
28,5,1,4,False,0.5681285073747546,0.1452516997648896,2,qUCB,0.0,0.1,0.8200000000000001,0.0,0.04,0.0,0.0,0.0,0.04,0.0,0.0,0.0,0.0,0.0,0.0
28,5,1,4,False,0.5681285073747546,0.1452516997648896,3,qUCB,0.3,0.48,0.12,0.04,0.0,0.0,0.0,0.0,0.04,0.0,0.0,0.0,0.0,0.0,0.02
28,5,1,4,False,0.5681285073747546,0.1452516997648896,4,qUCB,0.68,0.08,0.14,0.0,0.04,0.0,0.0,0.0,0.02,0.0,0.0,0.0,0.0,0.0,0.04
28,6,0,5,False,0.8741095525185205,0.21295211973261807,0,qUCB,0.44,0.3,0.16,0.04,0.0,0.0,0.0,0.0,0.0,0.0,0.0,0.04,0.0,0.02,0.0
28,6,0,5,False,0.8741095525185205,0.21295211973261807,1,qUCB,0.02,0.8,0.08,0.04,0.0,0.0,0.0,0.0,0.02,0.0,0.0,0.04,0.0,0.0,0.0
28,6,0,5,False,0.8741095525185205,0.21295211973261807,2,qUCB,0.36,0.42,0.12,0.04,0.0,0.0,0.0,0.0,0.0,0.0,0.0,0.04,0.0,0.02,0.0
28,6,0,5,False,0.8741095525185205,0.21295211973261807,3,qUCB,0.0,0.48,0.42,0.04,0.0,0.0,0.0,0.0,0.04,0.0,0.0,0.0,0.0,0.02,0.0
28,6,0,5,False,0.8741095525185205,0.21295211973261807,4,qUCB,0.74,0.0,0.2,0.04,0.0,0.0,0.0,0.0,0.0,0.0,0.0,0.0,0.0,0.02,0.0
29,1,5,0,True,0.6356919729093505,0.003877600431139605,0,qEHVI,0.4,0.14,0.38,0.0,0.0,0.0,0.0,0.0,0.04,0.0,0.0,0.04,0.0,0.0,0.0
29,1,5,0,True,0.6356919729093505,0.003877600431139605,1,qEHVI,0.48,0.0,0.48,0.0,0.0,0.0,0.0,0.0,0.0,0.0,0.0,0.04,0.0,0.0,0.0
29,1,5,0,True,0.6356919729093505,0.003877600431139605,2,qEHVI,0.0,0.6,0.3,0.0,0.0,0.0,0.0,0.0,0.0,0.0,0.0,0.04,0.0,0.04,0.02
29,1,5,0,True,0.6356919729093505,0.003877600431139605,3,qEHVI,0.34,0.22,0.4,0.04,0.0,0.0,0.0,0.0,0.0,0.0,0.0,0.0,0.0,0.0,0.0
29,1,5,0,True,0.6356919729093505,0.003877600431139605,4,qEHVI,0.56,0.0,0.36,0.0,0.0,0.0,0.0,0.0,0.04,0.0,0.0,0.04,0.0,0.0,0.0
29,2,4,1,False,0.5894531799364108,0.026178692530970604,0,qEHVI,0.4,0.14,0.38,0.0,0.0,0.0,0.0,0.0,0.04,0.0,0.0,0.04,0.0,0.0,0.0
29,2,4,1,False,0.5894531799364108,0.026178692530970604,1,qEHVI,0.48,0.0,0.48,0.0,0.0,0.0,0.0,0.0,0.0,0.0,0.0,0.04,0.0,0.0,0.0
29,2,4,1,False,0.5894531799364108,0.026178692530970604,2,qEHVI,0.0,0.6,0.3,0.0,0.0,0.0,0.0,0.0,0.0,0.0,0.0,0.04,0.0,0.04,0.02
29,2,4,1,False,0.5894531799364108,0.026178692530970604,3,qEHVI,0.56,0.0,0.36,0.0,0.0,0.0,0.0,0.0,0.04,0.0,0.0,0.04,0.0,0.0,0.0
29,2,4,1,False,0.5894531799364108,0.026178692530970604,4,qUCB,0.38,0.1,0.42,0.04,0.0,0.0,0.0,0.0,0.02,0.0,0.0,0.0,0.0,0.04,0.0
29,3,3,2,False,0.5176959316175384,0.11172653070889707,0,qEHVI,0.4,0.14,0.38,0.0,0.0,0.0,0.0,0.0,0.04,0.0,0.0,0.04,0.0,0.0,0.0
29,3,3,2,False,0.5176959316175384,0.11172653070889707,1,qEHVI,0.48,0.0,0.48,0.0,0.0,0.0,0.0,0.0,0.0,0.0,0.0,0.04,0.0,0.0,0.0
29,3,3,2,False,0.5176959316175384,0.11172653070889707,2,qEHVI,0.0,0.6,0.3,0.0,0.0,0.0,0.0,0.0,0.0,0.0,0.0,0.04,0.0,0.04,0.02
29,3,3,2,False,0.5176959316175384,0.11172653070889707,3,qUCB,0.38,0.1,0.42,0.04,0.0,0.0,0.0,0.0,0.02,0.0,0.0,0.0,0.0,0.04,0.0
29,3,3,2,False,0.5176959316175384,0.11172653070889707,4,qUCB,0.28,0.5,0.12,0.04,0.02,0.0,0.0,0.0,0.0,0.0,0.0,0.0,0.0,0.0,0.04
29,4,2,3,False,0.43981628959497815,0.21975378200303053,0,qEHVI,0.4,0.14,0.38,0.0,0.0,0.0,0.0,0.0,0.04,0.0,0.0,0.04,0.0,0.0,0.0
29,4,2,3,False,0.43981628959497815,0.21975378200303053,1,qEHVI,0.48,0.0,0.48,0.0,0.0,0.0,0.0,0.0,0.0,0.0,0.0,0.04,0.0,0.0,0.0
29,4,2,3,False,0.43981628959497815,0.21975378200303053,2,qUCB,0.38,0.1,0.42,0.04,0.0,0.0,0.0,0.0,0.02,0.0,0.0,0.0,0.0,0.04,0.0
29,4,2,3,False,0.43981628959497815,0.21975378200303053,3,qUCB,0.28,0.5,0.12,0.04,0.02,0.0,0.0,0.0,0.0,0.0,0.0,0.0,0.0,0.0,0.04
29,4,2,3,False,0.43981628959497815,0.21975378200303053,4,qUCB,0.0,0.1,0.8,0.0,0.04,0.0,0.0,0.0,0.0,0.0,0.0,0.0,0.0,0.04,0.02
29,5,1,4,False,0.3827348361742144,0.14714150116378288,0,qEHVI,0.4,0.14,0.38,0.0,0.0,0.0,0.0,0.0,0.04,0.0,0.0,0.04,0.0,0.0,0.0
29,5,1,4,False,0.3827348361742144,0.14714150116378288,1,qUCB,0.32,0.2,0.38,0.04,0.02,0.0,0.0,0.0,0.0,0.0,0.0,0.0,0.0,0.04,0.0
29,5,1,4,False,0.3827348361742144,0.14714150116378288,2,qUCB,0.0,0.1,0.8,0.0,0.04,0.0,0.0,0.0,0.0,0.0,0.0,0.0,0.0,0.04,0.02
29,5,1,4,False,0.3827348361742144,0.14714150116378288,3,qUCB,0.28,0.5,0.12,0.04,0.02,0.0,0.0,0.0,0.0,0.0,0.0,0.0,0.0,0.0,0.04
29,5,1,4,False,0.3827348361742144,0.14714150116378288,4,qUCB,0.5,0.24,0.16,0.04,0.0,0.0,0.0,0.0,0.0,0.0,0.0,0.0,0.0,0.04,0.02
29,6,0,5,False,0.3061855168745017,0.16748238853674557,0,qUCB,0.48,0.44,0.0,0.0,0.02,0.0,0.0,0.0,0.02,0.0,0.0,0.04,0.0,0.0,0.0
29,6,0,5,False,0.3061855168745017,0.16748238853674557,1,qUCB,0.0,0.1,0.8,0.0,0.0,0.0,0.0,0.0,0.0,0.0,0.0,0.04,0.0,0.04,0.02
29,6,0,5,False,0.3061855168745017,0.16748238853674557,2,qUCB,0.28,0.5,0.12,0.04,0.02,0.0,0.0,0.0,0.0,0.0,0.0,0.0,0.0,0.0,0.04
29,6,0,5,False,0.3061855168745017,0.16748238853674557,3,qUCB,0.68,0.1,0.14,0.0,0.0,0.0,0.0,0.0,0.0,0.0,0.0,0.04,0.0,0.04,0.0
29,6,0,5,False,0.3061855168745017,0.16748238853674557,4,qUCB,0.0,0.48,0.42,0.04,0.0,0.0,0.0,0.0,0.04,0.0,0.0,0.0,0.0,0.02,0.0
30,1,5,0,True,0.6548985788923227,0.010768526535548162,0,qEHVI,0.44,0.16,0.3,0.02,0.0,0.0,0.0,0.0,0.0,0.0,0.0,0.04,0.0,0.04,0.0
30,1,5,0,True,0.6548985788923227,0.010768526535548162,1,qEHVI,0.52,0.4,0.0,0.02,0.0,0.0,0.0,0.0,0.02,0.0,0.0,0.04,0.0,0.0,0.0
30,1,5,0,True,0.6548985788923227,0.010768526535548162,2,qEHVI,0.36,0.16,0.38,0.02,0.0,0.0,0.0,0.0,0.04,0.0,0.0,0.04,0.0,0.0,0.0
30,1,5,0,True,0.6548985788923227,0.010768526535548162,3,qEHVI,0.42,0.18,0.3,0.04,0.02,0.0,0.0,0.0,0.0,0.0,0.0,0.04,0.0,0.0,0.0
30,1,5,0,True,0.6548985788923227,0.010768526535548162,4,qEHVI,0.0,0.1,0.8,0.04,0.0,0.0,0.0,0.0,0.02,0.0,0.0,0.0,0.0,0.04,0.0
30,2,4,1,False,0.6062861494812821,0.12854869606178454,0,qEHVI,0.44,0.16,0.3,0.02,0.0,0.0,0.0,0.0,0.0,0.0,0.0,0.04,0.0,0.04,0.0
30,2,4,1,False,0.6062861494812821,0.12854869606178454,1,qEHVI,0.52,0.4,0.0,0.02,0.0,0.0,0.0,0.0,0.02,0.0,0.0,0.04,0.0,0.0,0.0
30,2,4,1,False,0.6062861494812821,0.12854869606178454,2,qEHVI,0.36,0.16,0.38,0.02,0.0,0.0,0.0,0.0,0.04,0.0,0.0,0.04,0.0,0.0,0.0
30,2,4,1,False,0.6062861494812821,0.12854869606178454,3,qEHVI,0.42,0.18,0.3,0.04,0.02,0.0,0.0,0.0,0.0,0.0,0.0,0.04,0.0,0.0,0.0
30,2,4,1,False,0.6062861494812821,0.12854869606178454,4,qUCB,0.52,0.38,0.0,0.0,0.04,0.0,0.0,0.0,0.0,0.0,0.0,0.0,0.0,0.02,0.04
30,3,3,2,False,0.5944376215397535,0.19678553387009856,0,qEHVI,0.44,0.16,0.3,0.02,0.0,0.0,0.0,0.0,0.0,0.0,0.0,0.04,0.0,0.04,0.0
30,3,3,2,False,0.5944376215397535,0.19678553387009856,1,qEHVI,0.52,0.4,0.0,0.02,0.0,0.0,0.0,0.0,0.02,0.0,0.0,0.04,0.0,0.0,0.0
30,3,3,2,False,0.5944376215397535,0.19678553387009856,2,qEHVI,0.36,0.16,0.38,0.02,0.0,0.0,0.0,0.0,0.04,0.0,0.0,0.04,0.0,0.0,0.0
30,3,3,2,False,0.5944376215397535,0.19678553387009856,3,qUCB,0.52,0.38,0.0,0.0,0.04,0.0,0.0,0.0,0.0,0.0,0.0,0.0,0.0,0.02,0.04
30,3,3,2,False,0.5944376215397535,0.19678553387009856,4,qUCB,0.0,0.1,0.8,0.0,0.04,0.0,0.0,0.0,0.0,0.0,0.0,0.0,0.0,0.02,0.04
30,4,2,3,False,0.4689363155652714,0.2176900382472815,0,qEHVI,0.44,0.16,0.3,0.02,0.0,0.0,0.0,0.0,0.0,0.0,0.0,0.04,0.0,0.04,0.0
30,4,2,3,False,0.4689363155652714,0.2176900382472815,1,qEHVI,0.52,0.4,0.0,0.02,0.0,0.0,0.0,0.0,0.02,0.0,0.0,0.04,0.0,0.0,0.0
30,4,2,3,False,0.4689363155652714,0.2176900382472815,2,qUCB,0.44,0.06,0.4,0.0,0.04,0.0,0.0,0.0,0.02,0.0,0.0,0.0,0.0,0.0,0.04
30,4,2,3,False,0.4689363155652714,0.2176900382472815,3,qUCB,0.0,0.1,0.8,0.0,0.04,0.0,0.0,0.0,0.0,0.0,0.0,0.0,0.0,0.02,0.04
30,4,2,3,False,0.4689363155652714,0.2176900382472815,4,qUCB,0.56,0.2,0.14,0.0,0.04,0.0,0.0,0.0,0.0,0.0,0.0,0.0,0.0,0.02,0.04
30,5,1,4,False,0.3355708983778126,0.19078518465854066,0,qEHVI,0.44,0.16,0.3,0.02,0.0,0.0,0.0,0.0,0.0,0.0,0.0,0.04,0.0,0.04,0.0
30,5,1,4,False,0.3355708983778126,0.19078518465854066,1,qUCB,0.44,0.06,0.4,0.0,0.04,0.0,0.0,0.0,0.02,0.0,0.0,0.0,0.0,0.0,0.04
30,5,1,4,False,0.3355708983778126,0.19078518465854066,2,qUCB,0.52,0.24,0.14,0.0,0.02,0.0,0.0,0.0,0.04,0.0,0.0,0.0,0.0,0.0,0.04
30,5,1,4,False,0.3355708983778126,0.19078518465854066,3,qUCB,0.0,0.1,0.8,0.0,0.04,0.0,0.0,0.0,0.0,0.0,0.0,0.0,0.0,0.02,0.04
30,5,1,4,False,0.3355708983778126,0.19078518465854066,4,qUCB,0.26,0.54,0.1,0.04,0.02,0.0,0.0,0.0,0.04,0.0,0.0,0.0,0.0,0.0,0.0
30,6,0,5,False,0.29602000173927845,0.11578946542957702,0,qUCB,0.52,0.38,0.0,0.0,0.0,0.0,0.0,0.0,0.02,0.0,0.0,0.04,0.0,0.04,0.0
30,6,0,5,False,0.29602000173927845,0.11578946542957702,1,qUCB,0.0,0.14,0.78,0.0,0.0,0.0,0.0,0.0,0.0,0.0,0.0,0.02,0.0,0.04,0.02
30,6,0,5,False,0.29602000173927845,0.11578946542957702,2,qUCB,0.78,0.0,0.16,0.0,0.0,0.0,0.0,0.0,0.0,0.0,0.0,0.04,0.0,0.0,0.02
30,6,0,5,False,0.29602000173927845,0.11578946542957702,3,qUCB,0.28,0.52,0.12,0.04,0.04,0.0,0.0,0.0,0.0,0.0,0.0,0.0,0.0,0.0,0.0
30,6,0,5,False,0.29602000173927845,0.11578946542957702,4,qUCB,0.54,0.32,0.14,0.0,0.0,0.0,0.0,0.0,0.0,0.0,0.0,0.0,0.0,0.0,0.0
31,1,5,0,True,1.4593718339300543,0.1535994646520833,0,qEHVI,0.38,0.16,0.36,0.04,0.02,0.0,0.0,0.0,0.0,0.0,0.0,0.04,0.0,0.0,0.0
31,1,5,0,True,1.4593718339300543,0.1535994646520833,1,qEHVI,0.58,0.06,0.28,0.0,0.0,0.0,0.0,0.0,0.0,0.0,0.0,0.04,0.0,0.0,0.04
31,1,5,0,True,1.4593718339300543,0.1535994646520833,2,qEHVI,0.5,0.0,0.4,0.04,0.0,0.0,0.0,0.0,0.0,0.0,0.0,0.0,0.0,0.02,0.04
31,1,5,0,True,1.4593718339300543,0.1535994646520833,3,qEHVI,0.42,0.42,0.06,0.0,0.0,0.0,0.0,0.0,0.04,0.0,0.0,0.0,0.0,0.04,0.02
31,1,5,0,True,1.4593718339300543,0.1535994646520833,4,qEHVI,0.36,0.14,0.42,0.0,0.0,0.0,0.0,0.0,0.0,0.0,0.0,0.04,0.0,0.04,0.0
31,2,4,1,False,1.160914610015617,0.4925546462179826,0,qEHVI,0.38,0.16,0.36,0.04,0.02,0.0,0.0,0.0,0.0,0.0,0.0,0.04,0.0,0.0,0.0
31,2,4,1,False,1.160914610015617,0.4925546462179826,1,qEHVI,0.58,0.06,0.28,0.0,0.0,0.0,0.0,0.0,0.0,0.0,0.0,0.04,0.0,0.0,0.04
31,2,4,1,False,1.160914610015617,0.4925546462179826,2,qEHVI,0.36,0.14,0.42,0.0,0.0,0.0,0.0,0.0,0.0,0.0,0.0,0.04,0.0,0.04,0.0
31,2,4,1,False,1.160914610015617,0.4925546462179826,3,qEHVI,0.4,0.44,0.08,0.0,0.0,0.0,0.0,0.0,0.0,0.0,0.0,0.0,0.0,0.04,0.04
31,2,4,1,False,1.160914610015617,0.4925546462179826,4,qUCB,0.38,0.42,0.12,0.0,0.04,0.0,0.0,0.0,0.04,0.0,0.0,0.0,0.0,0.0,0.0
31,3,3,2,False,1.172725488894912,0.28478017056551774,0,qEHVI,0.38,0.16,0.36,0.04,0.02,0.0,0.0,0.0,0.0,0.0,0.0,0.04,0.0,0.0,0.0
31,3,3,2,False,1.172725488894912,0.28478017056551774,1,qEHVI,0.58,0.06,0.28,0.0,0.0,0.0,0.0,0.0,0.0,0.0,0.0,0.04,0.0,0.0,0.04
31,3,3,2,False,1.172725488894912,0.28478017056551774,2,qEHVI,0.5,0.0,0.4,0.04,0.0,0.0,0.0,0.0,0.0,0.0,0.0,0.0,0.0,0.02,0.04
31,3,3,2,False,1.172725488894912,0.28478017056551774,3,qUCB,0.36,0.48,0.06,0.0,0.02,0.0,0.0,0.0,0.04,0.0,0.0,0.0,0.0,0.04,0.0
31,3,3,2,False,1.172725488894912,0.28478017056551774,4,qUCB,0.38,0.38,0.14,0.0,0.02,0.0,0.0,0.0,0.04,0.0,0.0,0.0,0.0,0.04,0.0
31,4,2,3,False,1.080716485990253,0.1679433842097442,0,qEHVI,0.38,0.16,0.36,0.04,0.02,0.0,0.0,0.0,0.0,0.0,0.0,0.04,0.0,0.0,0.0
31,4,2,3,False,1.080716485990253,0.1679433842097442,1,qEHVI,0.58,0.06,0.28,0.0,0.0,0.0,0.0,0.0,0.0,0.0,0.0,0.04,0.0,0.0,0.04
31,4,2,3,False,1.080716485990253,0.1679433842097442,2,qUCB,0.34,0.54,0.04,0.0,0.0,0.0,0.0,0.0,0.04,0.0,0.0,0.0,0.0,0.04,0.0
31,4,2,3,False,1.080716485990253,0.1679433842097442,3,qUCB,0.5,0.32,0.1,0.0,0.0,0.0,0.0,0.0,0.04,0.0,0.0,0.0,0.0,0.04,0.0
31,4,2,3,False,1.080716485990253,0.1679433842097442,4,qUCB,0.32,0.48,0.1,0.0,0.02,0.0,0.0,0.0,0.04,0.0,0.0,0.0,0.0,0.04,0.0
31,5,1,4,False,1.006127197267231,0.4197923565147277,0,qEHVI,0.38,0.16,0.36,0.04,0.02,0.0,0.0,0.0,0.0,0.0,0.0,0.04,0.0,0.0,0.0
31,5,1,4,False,1.006127197267231,0.4197923565147277,1,qUCB,0.38,0.46,0.06,0.0,0.0,0.0,0.0,0.0,0.04,0.0,0.0,0.0,0.0,0.04,0.02
31,5,1,4,False,1.006127197267231,0.4197923565147277,2,qUCB,0.4,0.36,0.14,0.0,0.0,0.0,0.0,0.0,0.04,0.0,0.0,0.0,0.0,0.04,0.02
31,5,1,4,False,1.006127197267231,0.4197923565147277,3,qUCB,0.4,0.44,0.08,0.0,0.0,0.0,0.0,0.0,0.0,0.0,0.0,0.0,0.0,0.04,0.04
31,5,1,4,False,1.006127197267231,0.4197923565147277,4,qUCB,0.24,0.56,0.1,0.0,0.02,0.0,0.0,0.0,0.04,0.0,0.0,0.0,0.0,0.0,0.04
31,6,0,5,False,0.8885482970669317,0.38466601808681933,0,qUCB,0.4,0.48,0.04,0.0,0.0,0.0,0.0,0.0,0.0,0.0,0.0,0.04,0.0,0.0,0.04
31,6,0,5,False,0.8885482970669317,0.38466601808681933,1,qUCB,0.62,0.1,0.2,0.0,0.0,0.0,0.0,0.0,0.0,0.0,0.0,0.04,0.0,0.0,0.04
31,6,0,5,False,0.8885482970669317,0.38466601808681933,2,qUCB,0.34,0.5,0.06,0.0,0.0,0.0,0.0,0.0,0.04,0.0,0.0,0.02,0.0,0.04,0.0
31,6,0,5,False,0.8885482970669317,0.38466601808681933,3,qUCB,0.4,0.36,0.14,0.0,0.0,0.0,0.0,0.0,0.04,0.0,0.0,0.0,0.0,0.04,0.02
31,6,0,5,False,0.8885482970669317,0.38466601808681933,4,qUCB,0.28,0.52,0.1,0.04,0.0,0.0,0.0,0.0,0.02,0.0,0.0,0.0,0.0,0.0,0.04
32,1,5,0,True,0.5845546738711914,0.05853247444687071,0,qEHVI,0.46,0.0,0.44,0.02,0.0,0.0,0.0,0.0,0.02,0.0,0.0,0.02,0.0,0.04,0.0
32,1,5,0,True,0.5845546738711914,0.05853247444687071,1,qEHVI,0.54,0.36,0.0,0.0,0.02,0.0,0.0,0.0,0.0,0.0,0.0,0.04,0.0,0.04,0.0
32,1,5,0,True,0.5845546738711914,0.05853247444687071,2,qEHVI,0.42,0.12,0.38,0.0,0.0,0.0,0.0,0.0,0.0,0.0,0.0,0.04,0.0,0.04,0.0
32,1,5,0,True,0.5845546738711914,0.05853247444687071,3,qEHVI,0.42,0.18,0.3,0.04,0.0,0.0,0.0,0.0,0.02,0.0,0.0,0.04,0.0,0.0,0.0
32,1,5,0,True,0.5845546738711914,0.05853247444687071,4,qEHVI,0.42,0.16,0.4,0.0,0.0,0.0,0.0,0.0,0.0,0.0,0.0,0.0,0.0,0.0,0.02
32,2,4,1,False,0.4898552468787803,0.031041616069218847,0,qEHVI,0.46,0.0,0.44,0.02,0.0,0.0,0.0,0.0,0.02,0.0,0.0,0.02,0.0,0.04,0.0
32,2,4,1,False,0.4898552468787803,0.031041616069218847,1,qEHVI,0.54,0.36,0.0,0.0,0.02,0.0,0.0,0.0,0.0,0.0,0.0,0.04,0.0,0.04,0.0
32,2,4,1,False,0.4898552468787803,0.031041616069218847,2,qEHVI,0.42,0.12,0.38,0.0,0.0,0.0,0.0,0.0,0.0,0.0,0.0,0.04,0.0,0.04,0.0
32,2,4,1,False,0.4898552468787803,0.031041616069218847,3,qEHVI,0.42,0.18,0.3,0.04,0.0,0.0,0.0,0.0,0.02,0.0,0.0,0.04,0.0,0.0,0.0
32,2,4,1,False,0.4898552468787803,0.031041616069218847,4,qUCB,0.42,0.32,0.16,0.02,0.04,0.0,0.0,0.0,0.0,0.0,0.0,0.0,0.0,0.0,0.04
32,3,3,2,False,0.41969312268127684,0.21824535478494855,0,qEHVI,0.46,0.0,0.44,0.02,0.0,0.0,0.0,0.0,0.02,0.0,0.0,0.02,0.0,0.04,0.0
32,3,3,2,False,0.41969312268127684,0.21824535478494855,1,qEHVI,0.54,0.36,0.0,0.0,0.02,0.0,0.0,0.0,0.0,0.0,0.0,0.04,0.0,0.04,0.0
32,3,3,2,False,0.41969312268127684,0.21824535478494855,2,qEHVI,0.42,0.12,0.38,0.0,0.0,0.0,0.0,0.0,0.0,0.0,0.0,0.04,0.0,0.04,0.0
32,3,3,2,False,0.41969312268127684,0.21824535478494855,3,qUCB,0.42,0.32,0.16,0.02,0.04,0.0,0.0,0.0,0.0,0.0,0.0,0.0,0.0,0.0,0.04
32,3,3,2,False,0.41969312268127684,0.21824535478494855,4,qUCB,0.72,0.06,0.14,0.0,0.04,0.0,0.0,0.0,0.0,0.0,0.0,0.0,0.0,0.0,0.04
32,4,2,3,False,0.3284699298169667,0.19162252412097303,0,qEHVI,0.46,0.0,0.44,0.02,0.0,0.0,0.0,0.0,0.02,0.0,0.0,0.02,0.0,0.04,0.0
32,4,2,3,False,0.3284699298169667,0.19162252412097303,1,qEHVI,0.54,0.36,0.0,0.0,0.02,0.0,0.0,0.0,0.0,0.0,0.0,0.04,0.0,0.04,0.0
32,4,2,3,False,0.3284699298169667,0.19162252412097303,2,qUCB,0.42,0.32,0.16,0.02,0.04,0.0,0.0,0.0,0.0,0.0,0.0,0.0,0.0,0.0,0.04
32,4,2,3,False,0.3284699298169667,0.19162252412097303,3,qUCB,0.72,0.06,0.14,0.0,0.04,0.0,0.0,0.0,0.0,0.0,0.0,0.0,0.0,0.0,0.04
32,4,2,3,False,0.3284699298169667,0.19162252412097303,4,qUCB,0.4,0.38,0.12,0.04,0.04,0.0,0.0,0.0,0.0,0.0,0.0,0.0,0.0,0.0,0.02
32,5,1,4,False,0.2428061244933126,0.03377334418008093,0,qEHVI,0.46,0.0,0.44,0.02,0.0,0.0,0.0,0.0,0.02,0.0,0.0,0.02,0.0,0.04,0.0
32,5,1,4,False,0.2428061244933126,0.03377334418008093,1,qUCB,0.48,0.44,0.0,0.0,0.04,0.0,0.0,0.0,0.0,0.0,0.0,0.04,0.0,0.0,0.0
32,5,1,4,False,0.2428061244933126,0.03377334418008093,2,qUCB,0.72,0.06,0.14,0.0,0.04,0.0,0.0,0.0,0.0,0.0,0.0,0.0,0.0,0.0,0.04
32,5,1,4,False,0.2428061244933126,0.03377334418008093,3,qUCB,0.42,0.34,0.14,0.0,0.04,0.0,0.0,0.0,0.02,0.0,0.0,0.0,0.0,0.0,0.04
32,5,1,4,False,0.2428061244933126,0.03377334418008093,4,qUCB,0.4,0.38,0.12,0.04,0.04,0.0,0.0,0.0,0.0,0.0,0.0,0.0,0.0,0.0,0.02
32,6,0,5,False,0.2071271606058828,0.04691411258323286,0,qUCB,0.48,0.44,0.0,0.0,0.04,0.0,0.0,0.0,0.0,0.0,0.0,0.04,0.0,0.0,0.0
32,6,0,5,False,0.2071271606058828,0.04691411258323286,1,qUCB,0.78,0.0,0.22,0.0,0.0,0.0,0.0,0.0,0.0,0.0,0.0,0.0,0.0,0.0,0.0
32,6,0,5,False,0.2071271606058828,0.04691411258323286,2,qUCB,0.3,0.5,0.12,0.04,0.02,0.0,0.0,0.0,0.0,0.0,0.0,0.0,0.0,0.0,0.02
32,6,0,5,False,0.2071271606058828,0.04691411258323286,3,qUCB,0.74,0.04,0.14,0.0,0.0,0.0,0.0,0.0,0.0,0.0,0.0,0.04,0.0,0.04,0.0
32,6,0,5,False,0.2071271606058828,0.04691411258323286,4,qUCB,0.76,0.02,0.14,0.0,0.0,0.0,0.0,0.0,0.02,0.0,0.0,0.04,0.0,0.0,0.02
33,1,5,0,True,0.5616891020040424,0.04970033140624075,0,qEHVI,0.36,0.14,0.4,0.02,0.0,0.0,0.0,0.0,0.02,0.0,0.0,0.04,0.0,0.0,0.02
33,1,5,0,True,0.5616891020040424,0.04970033140624075,1,qEHVI,0.44,0.16,0.3,0.02,0.0,0.0,0.0,0.0,0.0,0.0,0.0,0.04,0.0,0.02,0.02
33,1,5,0,True,0.5616891020040424,0.04970033140624075,2,qEHVI,0.48,0.0,0.44,0.02,0.02,0.0,0.0,0.0,0.0,0.0,0.0,0.04,0.0,0.0,0.0
33,1,5,0,True,0.5616891020040424,0.04970033140624075,3,qEHVI,0.44,0.06,0.4,0.02,0.0,0.0,0.0,0.0,0.0,0.0,0.0,0.04,0.0,0.04,0.0
33,1,5,0,True,0.5616891020040424,0.04970033140624075,4,qEHVI,0.0,0.26,0.68,0.04,0.0,0.0,0.0,0.0,0.0,0.0,0.0,0.0,0.0,0.0,0.02
33,2,4,1,False,0.5186526258063037,0.028494005311280546,0,qEHVI,0.36,0.14,0.4,0.02,0.0,0.0,0.0,0.0,0.02,0.0,0.0,0.04,0.0,0.0,0.02
33,2,4,1,False,0.5186526258063037,0.028494005311280546,1,qEHVI,0.44,0.16,0.3,0.02,0.0,0.0,0.0,0.0,0.0,0.0,0.0,0.04,0.0,0.02,0.02
33,2,4,1,False,0.5186526258063037,0.028494005311280546,2,qEHVI,0.48,0.0,0.44,0.02,0.02,0.0,0.0,0.0,0.0,0.0,0.0,0.04,0.0,0.0,0.0
33,2,4,1,False,0.5186526258063037,0.028494005311280546,3,qEHVI,0.0,0.26,0.68,0.04,0.0,0.0,0.0,0.0,0.0,0.0,0.0,0.0,0.0,0.0,0.02
33,2,4,1,False,0.5186526258063037,0.028494005311280546,4,qUCB,0.54,0.36,0.0,0.0,0.04,0.0,0.0,0.0,0.04,0.0,0.0,0.0,0.0,0.02,0.0
33,3,3,2,False,0.4269154999611185,0.19922533541062215,0,qEHVI,0.36,0.14,0.4,0.02,0.0,0.0,0.0,0.0,0.02,0.0,0.0,0.04,0.0,0.0,0.02
33,3,3,2,False,0.4269154999611185,0.19922533541062215,1,qEHVI,0.44,0.16,0.3,0.02,0.0,0.0,0.0,0.0,0.0,0.0,0.0,0.04,0.0,0.02,0.02
33,3,3,2,False,0.4269154999611185,0.19922533541062215,2,qEHVI,0.48,0.0,0.44,0.02,0.02,0.0,0.0,0.0,0.0,0.0,0.0,0.04,0.0,0.0,0.0
33,3,3,2,False,0.4269154999611185,0.19922533541062215,3,qUCB,0.54,0.36,0.0,0.0,0.04,0.0,0.0,0.0,0.04,0.0,0.0,0.0,0.0,0.02,0.0
33,3,3,2,False,0.4269154999611185,0.19922533541062215,4,qUCB,0.52,0.24,0.14,0.0,0.02,0.0,0.0,0.0,0.04,0.0,0.0,0.0,0.0,0.04,0.0
33,4,2,3,False,0.3308639603726725,0.1700825991627788,0,qEHVI,0.36,0.14,0.4,0.02,0.0,0.0,0.0,0.0,0.02,0.0,0.0,0.04,0.0,0.0,0.02
33,4,2,3,False,0.3308639603726725,0.1700825991627788,1,qEHVI,0.44,0.16,0.3,0.02,0.0,0.0,0.0,0.0,0.0,0.0,0.0,0.04,0.0,0.02,0.02
33,4,2,3,False,0.3308639603726725,0.1700825991627788,2,qUCB,0.54,0.36,0.0,0.0,0.04,0.0,0.0,0.0,0.04,0.0,0.0,0.0,0.0,0.02,0.0
33,4,2,3,False,0.3308639603726725,0.1700825991627788,3,qUCB,0.3,0.52,0.1,0.04,0.04,0.0,0.0,0.0,0.0,0.0,0.0,0.0,0.0,0.0,0.0
33,4,2,3,False,0.3308639603726725,0.1700825991627788,4,qUCB,0.52,0.24,0.14,0.0,0.02,0.0,0.0,0.0,0.04,0.0,0.0,0.0,0.0,0.04,0.0
33,5,1,4,False,0.25776977278497815,0.03359866260357656,0,qEHVI,0.36,0.14,0.4,0.02,0.0,0.0,0.0,0.0,0.02,0.0,0.0,0.04,0.0,0.0,0.02
33,5,1,4,False,0.25776977278497815,0.03359866260357656,1,qUCB,0.48,0.42,0.0,0.0,0.04,0.0,0.0,0.0,0.0,0.0,0.0,0.0,0.0,0.04,0.02
33,5,1,4,False,0.25776977278497815,0.03359866260357656,2,qUCB,0.54,0.22,0.14,0.0,0.04,0.0,0.0,0.0,0.0,0.0,0.0,0.0,0.0,0.04,0.02
33,5,1,4,False,0.25776977278497815,0.03359866260357656,3,qUCB,0.3,0.52,0.1,0.04,0.04,0.0,0.0,0.0,0.0,0.0,0.0,0.0,0.0,0.0,0.0
33,5,1,4,False,0.25776977278497815,0.03359866260357656,4,qUCB,0.68,0.02,0.2,0.04,0.0,0.0,0.0,0.0,0.02,0.0,0.0,0.0,0.0,0.04,0.0
33,6,0,5,False,0.20583994348997336,0.013569668400085888,0,qUCB,0.48,0.42,0.0,0.0,0.0,0.0,0.0,0.0,0.0,0.0,0.0,0.04,0.0,0.04,0.02
33,6,0,5,False,0.20583994348997336,0.013569668400085888,1,qUCB,0.76,0.0,0.18,0.04,0.0,0.0,0.0,0.0,0.02,0.0,0.0,0.0,0.0,0.0,0.0
33,6,0,5,False,0.20583994348997336,0.013569668400085888,2,qUCB,0.3,0.48,0.12,0.04,0.02,0.0,0.0,0.0,0.04,0.0,0.0,0.0,0.0,0.0,0.0
33,6,0,5,False,0.20583994348997336,0.013569668400085888,3,qUCB,0.78,0.0,0.14,0.0,0.0,0.0,0.0,0.0,0.04,0.0,0.0,0.04,0.0,0.0,0.0
33,6,0,5,False,0.20583994348997336,0.013569668400085888,4,qUCB,0.0,0.48,0.44,0.04,0.0,0.0,0.0,0.0,0.0,0.0,0.0,0.04,0.0,0.0,0.0
34,1,5,0,True,0.5077193583731264,0.16672730031084937,0,qEHVI,0.38,0.2,0.32,0.02,0.04,0.0,0.0,0.0,0.0,0.0,0.0,0.04,0.0,0.0,0.0
34,1,5,0,True,0.5077193583731264,0.16672730031084937,1,qEHVI,0.46,0.22,0.22,0.04,0.02,0.0,0.0,0.0,0.0,0.0,0.0,0.04,0.0,0.0,0.0
34,1,5,0,True,0.5077193583731264,0.16672730031084937,2,qEHVI,0.04,0.48,0.4,0.04,0.0,0.0,0.0,0.0,0.0,0.0,0.0,0.02,0.0,0.0,0.02
34,1,5,0,True,0.5077193583731264,0.16672730031084937,3,qEHVI,0.14,0.38,0.38,0.04,0.0,0.0,0.0,0.0,0.0,0.0,0.0,0.04,0.0,0.02,0.0
34,1,5,0,True,0.5077193583731264,0.16672730031084937,4,qEHVI,0.68,0.26,0.02,0.0,0.02,0.0,0.0,0.0,0.0,0.0,0.0,0.0,0.0,0.0,0.02
34,2,4,1,False,0.49560474636658614,0.4870598322337276,0,qEHVI,0.38,0.2,0.32,0.02,0.04,0.0,0.0,0.0,0.0,0.0,0.0,0.04,0.0,0.0,0.0
34,2,4,1,False,0.49560474636658614,0.4870598322337276,1,qEHVI,0.04,0.48,0.4,0.04,0.0,0.0,0.0,0.0,0.0,0.0,0.0,0.02,0.0,0.0,0.02
34,2,4,1,False,0.49560474636658614,0.4870598322337276,2,qEHVI,0.46,0.22,0.22,0.04,0.02,0.0,0.0,0.0,0.0,0.0,0.0,0.04,0.0,0.0,0.0
34,2,4,1,False,0.49560474636658614,0.4870598322337276,3,qEHVI,0.68,0.26,0.02,0.0,0.02,0.0,0.0,0.0,0.0,0.0,0.0,0.0,0.0,0.0,0.02
34,2,4,1,False,0.49560474636658614,0.4870598322337276,4,qUCB,0.46,0.44,0.0,0.0,0.0,0.0,0.0,0.0,0.0,0.0,0.0,0.04,0.0,0.04,0.02
34,3,3,2,False,0.3963965345879263,0.033724495659861686,0,qEHVI,0.38,0.2,0.32,0.02,0.04,0.0,0.0,0.0,0.0,0.0,0.0,0.04,0.0,0.0,0.0
34,3,3,2,False,0.3963965345879263,0.033724495659861686,1,qEHVI,0.46,0.22,0.22,0.04,0.02,0.0,0.0,0.0,0.0,0.0,0.0,0.04,0.0,0.0,0.0
34,3,3,2,False,0.3963965345879263,0.033724495659861686,2,qEHVI,0.04,0.48,0.4,0.04,0.0,0.0,0.0,0.0,0.0,0.0,0.0,0.02,0.0,0.0,0.02
34,3,3,2,False,0.3963965345879263,0.033724495659861686,3,qUCB,0.48,0.3,0.14,0.0,0.0,0.0,0.0,0.0,0.04,0.0,0.0,0.0,0.0,0.04,0.0
34,3,3,2,False,0.3963965345879263,0.033724495659861686,4,qUCB,0.6,0.2,0.12,0.0,0.0,0.0,0.0,0.0,0.04,0.0,0.0,0.0,0.0,0.04,0.0
34,4,2,3,False,0.36029636868511333,0.43330644845417554,0,qEHVI,0.38,0.2,0.32,0.02,0.04,0.0,0.0,0.0,0.0,0.0,0.0,0.04,0.0,0.0,0.0
34,4,2,3,False,0.36029636868511333,0.43330644845417554,1,qEHVI,0.04,0.48,0.4,0.04,0.0,0.0,0.0,0.0,0.0,0.0,0.0,0.02,0.0,0.0,0.02
34,4,2,3,False,0.36029636868511333,0.43330644845417554,2,qUCB,0.48,0.3,0.14,0.0,0.0,0.0,0.0,0.0,0.04,0.0,0.0,0.0,0.0,0.04,0.0
34,4,2,3,False,0.36029636868511333,0.43330644845417554,3,qUCB,0.6,0.2,0.12,0.0,0.0,0.0,0.0,0.0,0.04,0.0,0.0,0.0,0.0,0.04,0.0
34,4,2,3,False,0.36029636868511333,0.43330644845417554,4,qUCB,0.5,0.26,0.16,0.0,0.0,0.0,0.0,0.0,0.04,0.0,0.0,0.0,0.0,0.04,0.0
34,5,1,4,False,0.37672784959045025,0.5086406042387934,0,qEHVI,0.38,0.2,0.32,0.02,0.04,0.0,0.0,0.0,0.0,0.0,0.0,0.04,0.0,0.0,0.0
34,5,1,4,False,0.37672784959045025,0.5086406042387934,1,qUCB,0.42,0.08,0.4,0.0,0.0,0.0,0.0,0.0,0.04,0.0,0.0,0.0,0.0,0.02,0.04
34,5,1,4,False,0.37672784959045025,0.5086406042387934,2,qUCB,0.48,0.3,0.14,0.0,0.0,0.0,0.0,0.0,0.04,0.0,0.0,0.0,0.0,0.04,0.0
34,5,1,4,False,0.37672784959045025,0.5086406042387934,3,qUCB,0.22,0.58,0.12,0.04,0.0,0.0,0.0,0.0,0.0,0.0,0.0,0.0,0.0,0.0,0.04
34,5,1,4,False,0.37672784959045025,0.5086406042387934,4,qUCB,0.02,0.46,0.42,0.04,0.0,0.0,0.0,0.0,0.02,0.0,0.0,0.0,0.0,0.0,0.04
34,6,0,5,False,0.3151888212045262,0.2544109452558567,0,qUCB,0.46,0.44,0.0,0.0,0.0,0.0,0.0,0.0,0.0,0.0,0.0,0.04,0.0,0.04,0.02
34,6,0,5,False,0.3151888212045262,0.2544109452558567,1,qUCB,0.3,0.48,0.12,0.04,0.0,0.0,0.0,0.0,0.02,0.0,0.0,0.0,0.0,0.02,0.02
34,6,0,5,False,0.3151888212045262,0.2544109452558567,2,qUCB,0.48,0.3,0.14,0.0,0.0,0.0,0.0,0.0,0.04,0.0,0.0,0.0,0.0,0.04,0.0
34,6,0,5,False,0.3151888212045262,0.2544109452558567,3,qUCB,0.48,0.36,0.06,0.04,0.0,0.0,0.0,0.0,0.02,0.0,0.0,0.04,0.0,0.0,0.0
34,6,0,5,False,0.3151888212045262,0.2544109452558567,4,qUCB,0.02,0.48,0.4,0.04,0.04,0.0,0.0,0.0,0.0,0.0,0.0,0.0,0.0,0.0,0.02
35,1,5,0,True,0.8491705040725421,0.16205319088514258,0,qEHVI,0.7000000000000001,0.0,0.24,0.04,0.0,0.0,0.0,0.0,0.02,0.0,0.0,0.0,0.0,0.0,0.0
35,1,5,0,True,0.8491705040725421,0.16205319088514258,1,qEHVI,0.0,0.48,0.46,0.04,0.0,0.0,0.0,0.0,0.02,0.0,0.0,0.0,0.0,0.0,0.0
35,1,5,0,True,0.8491705040725421,0.16205319088514258,2,qEHVI,0.6,0.0,0.4,0.0,0.0,0.0,0.0,0.0,0.0,0.0,0.0,0.0,0.0,0.0,0.0
35,1,5,0,True,0.8491705040725421,0.16205319088514258,3,qEHVI,0.7000000000000001,0.0,0.2,0.04,0.0,0.0,0.0,0.0,0.0,0.0,0.0,0.04,0.0,0.02,0.0
35,1,5,0,True,0.8491705040725421,0.16205319088514258,4,qEHVI,0.58,0.0,0.36,0.04,0.0,0.0,0.0,0.0,0.0,0.0,0.0,0.0,0.0,0.02,0.0
35,2,4,1,False,0.8296353040189726,0.052589868719997046,0,qEHVI,0.7000000000000001,0.0,0.24,0.04,0.0,0.0,0.0,0.0,0.02,0.0,0.0,0.0,0.0,0.0,0.0
35,2,4,1,False,0.8296353040189726,0.052589868719997046,1,qEHVI,0.0,0.48,0.46,0.04,0.0,0.0,0.0,0.0,0.02,0.0,0.0,0.0,0.0,0.0,0.0
35,2,4,1,False,0.8296353040189726,0.052589868719997046,2,qEHVI,0.6,0.0,0.4,0.0,0.0,0.0,0.0,0.0,0.0,0.0,0.0,0.0,0.0,0.0,0.0
35,2,4,1,False,0.8296353040189726,0.052589868719997046,3,qEHVI,0.7000000000000001,0.0,0.2,0.04,0.0,0.0,0.0,0.0,0.0,0.0,0.0,0.04,0.0,0.02,0.0
35,2,4,1,False,0.8296353040189726,0.052589868719997046,4,qUCB,0.5,0.38,0.02,0.0,0.04,0.0,0.0,0.0,0.0,0.0,0.0,0.04,0.0,0.0,0.02
35,3,3,2,False,0.8662047896439707,0.06664660833208647,0,qEHVI,0.7000000000000001,0.0,0.24,0.04,0.0,0.0,0.0,0.0,0.02,0.0,0.0,0.0,0.0,0.0,0.0
35,3,3,2,False,0.8662047896439707,0.06664660833208647,1,qEHVI,0.0,0.48,0.46,0.04,0.0,0.0,0.0,0.0,0.02,0.0,0.0,0.0,0.0,0.0,0.0
35,3,3,2,False,0.8662047896439707,0.06664660833208647,2,qEHVI,0.6,0.0,0.4,0.0,0.0,0.0,0.0,0.0,0.0,0.0,0.0,0.0,0.0,0.0,0.0
35,3,3,2,False,0.8662047896439707,0.06664660833208647,3,qUCB,0.5,0.4,0.0,0.0,0.0,0.0,0.0,0.0,0.02,0.0,0.0,0.04,0.0,0.04,0.0
35,3,3,2,False,0.8662047896439707,0.06664660833208647,4,qUCB,0.7000000000000001,0.0,0.2,0.04,0.0,0.0,0.0,0.0,0.0,0.0,0.0,0.04,0.0,0.02,0.0
35,4,2,3,False,0.5364825660296239,0.2877017436889391,0,qEHVI,0.7000000000000001,0.0,0.24,0.04,0.0,0.0,0.0,0.0,0.02,0.0,0.0,0.0,0.0,0.0,0.0
35,4,2,3,False,0.5364825660296239,0.2877017436889391,1,qEHVI,0.0,0.48,0.46,0.04,0.0,0.0,0.0,0.0,0.02,0.0,0.0,0.0,0.0,0.0,0.0
35,4,2,3,False,0.5364825660296239,0.2877017436889391,2,qUCB,0.5,0.38,0.02,0.0,0.04,0.0,0.0,0.0,0.0,0.0,0.0,0.04,0.0,0.0,0.02
35,4,2,3,False,0.5364825660296239,0.2877017436889391,3,qUCB,0.24,0.56,0.1,0.0,0.04,0.0,0.0,0.0,0.0,0.0,0.0,0.04,0.0,0.02,0.0
35,4,2,3,False,0.5364825660296239,0.2877017436889391,4,qUCB,0.26,0.42,0.22,0.0,0.0,0.0,0.0,0.0,0.0,0.0,0.0,0.04,0.0,0.04,0.02
35,5,1,4,False,0.3478225661457261,0.10997399267157792,0,qEHVI,0.7000000000000001,0.0,0.24,0.04,0.0,0.0,0.0,0.0,0.02,0.0,0.0,0.0,0.0,0.0,0.0
35,5,1,4,False,0.3478225661457261,0.10997399267157792,1,qUCB,0.5,0.38,0.02,0.0,0.04,0.0,0.0,0.0,0.0,0.0,0.0,0.04,0.0,0.0,0.02
35,5,1,4,False,0.3478225661457261,0.10997399267157792,2,qUCB,0.24,0.56,0.1,0.0,0.04,0.0,0.0,0.0,0.0,0.0,0.0,0.04,0.0,0.02,0.0
35,5,1,4,False,0.3478225661457261,0.10997399267157792,3,qUCB,0.26,0.42,0.22,0.0,0.0,0.0,0.0,0.0,0.0,0.0,0.0,0.04,0.0,0.04,0.02
35,5,1,4,False,0.3478225661457261,0.10997399267157792,4,qUCB,0.0,0.12,0.78,0.0,0.02,0.0,0.0,0.0,0.0,0.0,0.0,0.04,0.0,0.04,0.0
35,6,0,5,False,0.8964612090672248,0.10559844029266241,0,qUCB,0.52,0.42,0.0,0.0,0.0,0.0,0.0,0.0,0.02,0.0,0.0,0.04,0.0,0.0,0.0
35,6,0,5,False,0.8964612090672248,0.10559844029266241,1,qUCB,0.7000000000000001,0.0,0.2,0.04,0.0,0.0,0.0,0.0,0.0,0.0,0.0,0.04,0.0,0.02,0.0
35,6,0,5,False,0.8964612090672248,0.10559844029266241,2,qUCB,0.26,0.54,0.1,0.04,0.02,0.0,0.0,0.0,0.0,0.0,0.0,0.04,0.0,0.0,0.0
35,6,0,5,False,0.8964612090672248,0.10559844029266241,3,qUCB,0.7000000000000001,0.0,0.24,0.04,0.0,0.0,0.0,0.0,0.02,0.0,0.0,0.0,0.0,0.0,0.0
35,6,0,5,False,0.8964612090672248,0.10559844029266241,4,qUCB,0.0,0.48,0.46,0.04,0.0,0.0,0.0,0.0,0.02,0.0,0.0,0.0,0.0,0.0,0.0
36,1,5,0,True,0.8203696867834936,0.1042658264234575,0,qEHVI,0.54,0.18,0.18,0.04,0.0,0.0,0.0,0.0,0.0,0.0,0.0,0.04,0.0,0.02,0.0
36,1,5,0,True,0.8203696867834936,0.1042658264234575,1,qEHVI,0.42,0.14,0.38,0.02,0.0,0.0,0.0,0.0,0.0,0.0,0.0,0.04,0.0,0.0,0.0
36,1,5,0,True,0.8203696867834936,0.1042658264234575,2,qEHVI,0.44,0.16,0.3,0.02,0.0,0.0,0.0,0.0,0.02,0.0,0.0,0.04,0.0,0.0,0.02
36,1,5,0,True,0.8203696867834936,0.1042658264234575,3,qEHVI,0.0,0.48,0.42,0.04,0.02,0.0,0.0,0.0,0.0,0.0,0.0,0.0,0.0,0.0,0.04
36,1,5,0,True,0.8203696867834936,0.1042658264234575,4,qEHVI,0.4,0.1,0.4,0.0,0.0,0.0,0.0,0.0,0.04,0.0,0.0,0.04,0.0,0.02,0.0
36,2,4,1,False,0.754860537309264,0.47533049728217236,0,qEHVI,0.54,0.18,0.18,0.04,0.0,0.0,0.0,0.0,0.0,0.0,0.0,0.04,0.0,0.02,0.0
36,2,4,1,False,0.754860537309264,0.47533049728217236,1,qEHVI,0.42,0.14,0.38,0.02,0.0,0.0,0.0,0.0,0.0,0.0,0.0,0.04,0.0,0.0,0.0
36,2,4,1,False,0.754860537309264,0.47533049728217236,2,qEHVI,0.44,0.16,0.3,0.02,0.0,0.0,0.0,0.0,0.02,0.0,0.0,0.04,0.0,0.0,0.02
36,2,4,1,False,0.754860537309264,0.47533049728217236,3,qEHVI,0.0,0.48,0.42,0.04,0.02,0.0,0.0,0.0,0.0,0.0,0.0,0.0,0.0,0.0,0.04
36,2,4,1,False,0.754860537309264,0.47533049728217236,4,qUCB,0.44,0.08,0.38,0.0,0.04,0.0,0.0,0.0,0.02,0.0,0.0,0.0,0.0,0.04,0.0
36,3,3,2,False,0.6468111337453536,0.5859803085077786,0,qEHVI,0.54,0.18,0.18,0.04,0.0,0.0,0.0,0.0,0.0,0.0,0.0,0.04,0.0,0.02,0.0
36,3,3,2,False,0.6468111337453536,0.5859803085077786,1,qEHVI,0.42,0.14,0.38,0.02,0.0,0.0,0.0,0.0,0.0,0.0,0.0,0.04,0.0,0.0,0.0
36,3,3,2,False,0.6468111337453536,0.5859803085077786,2,qEHVI,0.44,0.16,0.3,0.02,0.0,0.0,0.0,0.0,0.02,0.0,0.0,0.04,0.0,0.0,0.02
36,3,3,2,False,0.6468111337453536,0.5859803085077786,3,qUCB,0.44,0.08,0.38,0.0,0.04,0.0,0.0,0.0,0.02,0.0,0.0,0.0,0.0,0.04,0.0
36,3,3,2,False,0.6468111337453536,0.5859803085077786,4,qUCB,0.62,0.14,0.14,0.0,0.04,0.0,0.0,0.0,0.0,0.0,0.0,0.0,0.0,0.04,0.02
36,4,2,3,False,0.5239019405654278,0.25568280901772344,0,qEHVI,0.54,0.18,0.18,0.04,0.0,0.0,0.0,0.0,0.0,0.0,0.0,0.04,0.0,0.02,0.0
36,4,2,3,False,0.5239019405654278,0.25568280901772344,1,qEHVI,0.42,0.14,0.38,0.02,0.0,0.0,0.0,0.0,0.0,0.0,0.0,0.04,0.0,0.0,0.0
36,4,2,3,False,0.5239019405654278,0.25568280901772344,2,qUCB,0.5,0.4,0.0,0.0,0.02,0.0,0.0,0.0,0.04,0.0,0.0,0.0,0.0,0.0,0.04
36,4,2,3,False,0.5239019405654278,0.25568280901772344,3,qUCB,0.72,0.04,0.14,0.0,0.02,0.0,0.0,0.0,0.04,0.0,0.0,0.0,0.0,0.0,0.04
36,4,2,3,False,0.5239019405654278,0.25568280901772344,4,qUCB,0.16,0.64,0.1,0.04,0.04,0.0,0.0,0.0,0.0,0.0,0.0,0.0,0.0,0.0,0.02
36,5,1,4,False,0.3725090322658617,0.2608108762008632,0,qEHVI,0.54,0.18,0.18,0.04,0.0,0.0,0.0,0.0,0.0,0.0,0.0,0.04,0.0,0.02,0.0
36,5,1,4,False,0.3725090322658617,0.2608108762008632,1,qUCB,0.4,0.1,0.4,0.0,0.04,0.0,0.0,0.0,0.04,0.0,0.0,0.0,0.0,0.0,0.02
36,5,1,4,False,0.3725090322658617,0.2608108762008632,2,qUCB,0.72,0.04,0.14,0.0,0.02,0.0,0.0,0.0,0.04,0.0,0.0,0.0,0.0,0.0,0.04
36,5,1,4,False,0.3725090322658617,0.2608108762008632,3,qUCB,0.04,0.08,0.8,0.0,0.0,0.0,0.0,0.0,0.04,0.0,0.0,0.0,0.0,0.0,0.04
36,5,1,4,False,0.3725090322658617,0.2608108762008632,4,qUCB,0.08,0.02,0.8200000000000001,0.0,0.0,0.0,0.0,0.0,0.04,0.0,0.0,0.0,0.0,0.0,0.04
36,6,0,5,False,0.3676752329141114,0.16015496929100692,0,qUCB,0.5,0.42,0.0,0.0,0.0,0.0,0.0,0.0,0.0,0.0,0.0,0.04,0.0,0.0,0.04
36,6,0,5,False,0.3676752329141114,0.16015496929100692,1,qUCB,0.26,0.54,0.12,0.04,0.02,0.0,0.0,0.0,0.0,0.0,0.0,0.0,0.0,0.0,0.02
36,6,0,5,False,0.3676752329141114,0.16015496929100692,2,qUCB,0.7000000000000001,0.06,0.14,0.0,0.0,0.0,0.0,0.0,0.04,0.0,0.0,0.04,0.0,0.0,0.02
36,6,0,5,False,0.3676752329141114,0.16015496929100692,3,qUCB,0.62,0.14,0.16,0.04,0.0,0.0,0.0,0.0,0.02,0.0,0.0,0.02,0.0,0.0,0.0
36,6,0,5,False,0.3676752329141114,0.16015496929100692,4,qUCB,0.14,0.0,0.8200000000000001,0.0,0.02,0.0,0.0,0.0,0.02,0.0,0.0,0.0,0.0,0.0,0.0
37,1,5,0,True,0.7114381489037408,0.05032701500467418,0,qEHVI,0.38,0.2,0.38,0.0,0.0,0.0,0.0,0.0,0.0,0.0,0.0,0.04,0.0,0.0,0.0
37,1,5,0,True,0.7114381489037408,0.05032701500467418,1,qEHVI,0.68,0.26,0.04,0.0,0.0,0.0,0.0,0.0,0.0,0.0,0.0,0.0,0.0,0.0,0.02
37,1,5,0,True,0.7114381489037408,0.05032701500467418,2,qEHVI,0.68,0.18,0.04,0.04,0.0,0.0,0.0,0.0,0.0,0.0,0.0,0.04,0.0,0.02,0.0
37,1,5,0,True,0.7114381489037408,0.05032701500467418,3,qEHVI,0.42,0.04,0.46,0.04,0.0,0.0,0.0,0.0,0.02,0.0,0.0,0.02,0.0,0.0,0.0
37,1,5,0,True,0.7114381489037408,0.05032701500467418,4,qEHVI,0.44,0.14,0.32,0.02,0.0,0.0,0.0,0.0,0.0,0.0,0.0,0.04,0.0,0.0,0.04
37,2,4,1,False,0.6473808369404233,0.21114290162779348,0,qEHVI,0.38,0.2,0.38,0.0,0.0,0.0,0.0,0.0,0.0,0.0,0.0,0.04,0.0,0.0,0.0
37,2,4,1,False,0.6473808369404233,0.21114290162779348,1,qEHVI,0.68,0.26,0.04,0.0,0.0,0.0,0.0,0.0,0.0,0.0,0.0,0.0,0.0,0.0,0.02
37,2,4,1,False,0.6473808369404233,0.21114290162779348,2,qEHVI,0.68,0.18,0.04,0.04,0.0,0.0,0.0,0.0,0.0,0.0,0.0,0.04,0.0,0.02,0.0
37,2,4,1,False,0.6473808369404233,0.21114290162779348,3,qEHVI,0.42,0.04,0.46,0.04,0.0,0.0,0.0,0.0,0.02,0.0,0.0,0.02,0.0,0.0,0.0
37,2,4,1,False,0.6473808369404233,0.21114290162779348,4,qUCB,0.46,0.08,0.38,0.0,0.04,0.0,0.0,0.0,0.0,0.0,0.0,0.0,0.0,0.04,0.0
37,3,3,2,False,0.5829071848545367,0.056613673135576636,0,qEHVI,0.38,0.2,0.38,0.0,0.0,0.0,0.0,0.0,0.0,0.0,0.0,0.04,0.0,0.0,0.0
37,3,3,2,False,0.5829071848545367,0.056613673135576636,1,qEHVI,0.68,0.26,0.04,0.0,0.0,0.0,0.0,0.0,0.0,0.0,0.0,0.0,0.0,0.0,0.02
37,3,3,2,False,0.5829071848545367,0.056613673135576636,2,qEHVI,0.68,0.18,0.04,0.04,0.0,0.0,0.0,0.0,0.0,0.0,0.0,0.04,0.0,0.02,0.0
37,3,3,2,False,0.5829071848545367,0.056613673135576636,3,qUCB,0.46,0.08,0.38,0.0,0.04,0.0,0.0,0.0,0.0,0.0,0.0,0.0,0.0,0.04,0.0
37,3,3,2,False,0.5829071848545367,0.056613673135576636,4,qUCB,0.2,0.58,0.12,0.04,0.02,0.0,0.0,0.0,0.04,0.0,0.0,0.0,0.0,0.0,0.0
37,4,2,3,False,0.47974120267922005,0.4877691682830365,0,qEHVI,0.38,0.2,0.38,0.0,0.0,0.0,0.0,0.0,0.0,0.0,0.0,0.04,0.0,0.0,0.0
37,4,2,3,False,0.47974120267922005,0.4877691682830365,1,qEHVI,0.68,0.26,0.04,0.0,0.0,0.0,0.0,0.0,0.0,0.0,0.0,0.0,0.0,0.0,0.02
37,4,2,3,False,0.47974120267922005,0.4877691682830365,2,qUCB,0.42,0.08,0.4,0.04,0.0,0.0,0.0,0.0,0.02,0.0,0.0,0.0,0.0,0.04,0.0
37,4,2,3,False,0.47974120267922005,0.4877691682830365,3,qUCB,0.2,0.58,0.12,0.04,0.02,0.0,0.0,0.0,0.04,0.0,0.0,0.0,0.0,0.0,0.0
37,4,2,3,False,0.47974120267922005,0.4877691682830365,4,qUCB,0.18,0.64,0.08,0.0,0.02,0.0,0.0,0.0,0.04,0.0,0.0,0.0,0.0,0.04,0.0
37,5,1,4,False,0.3933595966280477,0.08069846973569894,0,qEHVI,0.38,0.2,0.38,0.0,0.0,0.0,0.0,0.0,0.0,0.0,0.0,0.04,0.0,0.0,0.0
37,5,1,4,False,0.3933595966280477,0.08069846973569894,1,qUCB,0.42,0.08,0.4,0.04,0.0,0.0,0.0,0.0,0.02,0.0,0.0,0.0,0.0,0.04,0.0
37,5,1,4,False,0.3933595966280477,0.08069846973569894,2,qUCB,0.2,0.58,0.12,0.04,0.02,0.0,0.0,0.0,0.04,0.0,0.0,0.0,0.0,0.0,0.0
37,5,1,4,False,0.3933595966280477,0.08069846973569894,3,qUCB,0.72,0.04,0.14,0.0,0.04,0.0,0.0,0.0,0.04,0.0,0.0,0.0,0.0,0.0,0.02
37,5,1,4,False,0.3933595966280477,0.08069846973569894,4,qUCB,0.76,0.1,0.04,0.04,0.04,0.0,0.0,0.0,0.02,0.0,0.0,0.0,0.0,0.0,0.0
37,6,0,5,False,0.2924305208603666,0.31156100062619596,0,qUCB,0.48,0.42,0.0,0.0,0.02,0.0,0.0,0.0,0.02,0.0,0.0,0.04,0.0,0.0,0.02
37,6,0,5,False,0.2924305208603666,0.31156100062619596,1,qUCB,0.74,0.06,0.14,0.0,0.02,0.0,0.0,0.0,0.0,0.0,0.0,0.04,0.0,0.0,0.0
37,6,0,5,False,0.2924305208603666,0.31156100062619596,2,qUCB,0.3,0.52,0.1,0.04,0.0,0.0,0.0,0.0,0.0,0.0,0.0,0.04,0.0,0.0,0.0
37,6,0,5,False,0.2924305208603666,0.31156100062619596,3,qUCB,0.6,0.22,0.14,0.0,0.0,0.0,0.0,0.0,0.0,0.0,0.0,0.0,0.0,0.0,0.04
37,6,0,5,False,0.2924305208603666,0.31156100062619596,4,qUCB,0.76,0.0,0.16,0.0,0.0,0.0,0.0,0.0,0.04,0.0,0.0,0.04,0.0,0.0,0.0
38,1,5,0,True,0.6724365781633045,0.06955604274111593,0,qEHVI,0.4,0.1,0.4,0.02,0.0,0.0,0.0,0.0,0.02,0.0,0.0,0.04,0.0,0.02,0.0
38,1,5,0,True,0.6724365781633045,0.06955604274111593,1,qEHVI,0.46,0.14,0.3,0.02,0.0,0.0,0.0,0.0,0.04,0.0,0.0,0.04,0.0,0.0,0.0
38,1,5,0,True,0.6724365781633045,0.06955604274111593,2,qEHVI,0.42,0.12,0.36,0.0,0.0,0.0,0.0,0.0,0.02,0.0,0.0,0.04,0.0,0.02,0.02
38,1,5,0,True,0.6724365781633045,0.06955604274111593,3,qEHVI,0.44,0.02,0.44,0.04,0.0,0.0,0.0,0.0,0.02,0.0,0.0,0.0,0.0,0.04,0.0
38,1,5,0,True,0.6724365781633045,0.06955604274111593,4,qEHVI,0.24,0.54,0.12,0.04,0.02,0.0,0.0,0.0,0.0,0.0,0.0,0.04,0.0,0.0,0.0
38,2,4,1,False,0.6085018197908163,0.09744509746637675,0,qEHVI,0.4,0.1,0.4,0.02,0.0,0.0,0.0,0.0,0.02,0.0,0.0,0.04,0.0,0.02,0.0
38,2,4,1,False,0.6085018197908163,0.09744509746637675,1,qEHVI,0.46,0.14,0.3,0.02,0.0,0.0,0.0,0.0,0.04,0.0,0.0,0.04,0.0,0.0,0.0
38,2,4,1,False,0.6085018197908163,0.09744509746637675,2,qEHVI,0.42,0.12,0.36,0.0,0.0,0.0,0.0,0.0,0.02,0.0,0.0,0.04,0.0,0.02,0.02
38,2,4,1,False,0.6085018197908163,0.09744509746637675,3,qEHVI,0.44,0.02,0.44,0.04,0.0,0.0,0.0,0.0,0.02,0.0,0.0,0.0,0.0,0.04,0.0
38,2,4,1,False,0.6085018197908163,0.09744509746637675,4,qUCB,0.54,0.38,0.0,0.0,0.04,0.0,0.0,0.0,0.0,0.0,0.0,0.0,0.0,0.0,0.04
38,3,3,2,False,0.5414640513777664,0.11772507394745801,0,qEHVI,0.4,0.1,0.4,0.02,0.0,0.0,0.0,0.0,0.02,0.0,0.0,0.04,0.0,0.02,0.0
38,3,3,2,False,0.5414640513777664,0.11772507394745801,1,qEHVI,0.46,0.14,0.3,0.02,0.0,0.0,0.0,0.0,0.04,0.0,0.0,0.04,0.0,0.0,0.0
38,3,3,2,False,0.5414640513777664,0.11772507394745801,2,qEHVI,0.42,0.12,0.36,0.0,0.0,0.0,0.0,0.0,0.02,0.0,0.0,0.04,0.0,0.02,0.02
38,3,3,2,False,0.5414640513777664,0.11772507394745801,3,qUCB,0.42,0.12,0.36,0.04,0.04,0.0,0.0,0.0,0.0,0.0,0.0,0.0,0.0,0.0,0.02
38,3,3,2,False,0.5414640513777664,0.11772507394745801,4,qUCB,0.22,0.58,0.12,0.04,0.04,0.0,0.0,0.0,0.0,0.0,0.0,0.0,0.0,0.0,0.0
38,4,2,3,False,0.4333281217142706,0.7303743770556119,0,qEHVI,0.4,0.1,0.4,0.02,0.0,0.0,0.0,0.0,0.02,0.0,0.0,0.04,0.0,0.02,0.0
38,4,2,3,False,0.4333281217142706,0.7303743770556119,1,qEHVI,0.46,0.14,0.3,0.02,0.0,0.0,0.0,0.0,0.04,0.0,0.0,0.04,0.0,0.0,0.0
38,4,2,3,False,0.4333281217142706,0.7303743770556119,2,qUCB,0.54,0.38,0.0,0.0,0.04,0.0,0.0,0.0,0.0,0.0,0.0,0.0,0.0,0.0,0.04
38,4,2,3,False,0.4333281217142706,0.7303743770556119,3,qUCB,0.22,0.58,0.12,0.04,0.04,0.0,0.0,0.0,0.0,0.0,0.0,0.0,0.0,0.0,0.0
38,4,2,3,False,0.4333281217142706,0.7303743770556119,4,qUCB,0.74,0.04,0.14,0.0,0.04,0.0,0.0,0.0,0.0,0.0,0.0,0.0,0.0,0.0,0.04
38,5,1,4,False,0.38586210767831003,0.0852897818201469,0,qEHVI,0.4,0.1,0.4,0.02,0.0,0.0,0.0,0.0,0.02,0.0,0.0,0.04,0.0,0.02,0.0
38,5,1,4,False,0.38586210767831003,0.0852897818201469,1,qUCB,0.54,0.38,0.0,0.0,0.04,0.0,0.0,0.0,0.0,0.0,0.0,0.0,0.0,0.0,0.04
38,5,1,4,False,0.38586210767831003,0.0852897818201469,2,qUCB,0.22,0.58,0.12,0.04,0.04,0.0,0.0,0.0,0.0,0.0,0.0,0.0,0.0,0.0,0.0
38,5,1,4,False,0.38586210767831003,0.0852897818201469,3,qUCB,0.74,0.04,0.14,0.0,0.04,0.0,0.0,0.0,0.0,0.0,0.0,0.0,0.0,0.0,0.04
38,5,1,4,False,0.38586210767831003,0.0852897818201469,4,qUCB,0.2,0.64,0.08,0.0,0.04,0.0,0.0,0.0,0.0,0.0,0.0,0.0,0.0,0.0,0.04
38,6,0,5,False,0.2655777339097173,0.020955260734732306,0,qUCB,0.48,0.42,0.0,0.0,0.0,0.0,0.0,0.0,0.02,0.0,0.0,0.04,0.0,0.02,0.02
38,6,0,5,False,0.2655777339097173,0.020955260734732306,1,qUCB,0.24,0.56,0.12,0.04,0.02,0.0,0.0,0.0,0.0,0.0,0.0,0.0,0.0,0.02,0.0
38,6,0,5,False,0.2655777339097173,0.020955260734732306,2,qUCB,0.8,0.0,0.14,0.0,0.0,0.0,0.0,0.0,0.0,0.0,0.0,0.04,0.0,0.02,0.0
38,6,0,5,False,0.2655777339097173,0.020955260734732306,3,qUCB,0.78,0.02,0.16,0.0,0.0,0.0,0.0,0.0,0.0,0.0,0.0,0.0,0.0,0.0,0.04
38,6,0,5,False,0.2655777339097173,0.020955260734732306,4,qUCB,0.48,0.36,0.14,0.0,0.0,0.0,0.0,0.0,0.0,0.0,0.0,0.0,0.0,0.0,0.02
39,1,5,0,True,0.5468786188693928,0.05119113927125607,0,qEHVI,0.4,0.14,0.38,0.0,0.02,0.0,0.0,0.0,0.02,0.0,0.0,0.04,0.0,0.0,0.0
39,1,5,0,True,0.5468786188693928,0.05119113927125607,1,qEHVI,0.62,0.0,0.36,0.0,0.0,0.0,0.0,0.0,0.0,0.0,0.0,0.0,0.0,0.0,0.02
39,1,5,0,True,0.5468786188693928,0.05119113927125607,2,qEHVI,0.54,0.38,0.02,0.0,0.02,0.0,0.0,0.0,0.0,0.0,0.0,0.0,0.0,0.02,0.02
39,1,5,0,True,0.5468786188693928,0.05119113927125607,3,qEHVI,0.28,0.0,0.68,0.0,0.0,0.0,0.0,0.0,0.02,0.0,0.0,0.0,0.0,0.0,0.02
39,1,5,0,True,0.5468786188693928,0.05119113927125607,4,qEHVI,0.96,0.0,0.0,0.04,0.0,0.0,0.0,0.0,0.0,0.0,0.0,0.0,0.0,0.0,0.0
39,2,4,1,False,0.6019470850632803,0.11323923776901612,0,qEHVI,0.4,0.14,0.38,0.0,0.02,0.0,0.0,0.0,0.02,0.0,0.0,0.04,0.0,0.0,0.0
39,2,4,1,False,0.6019470850632803,0.11323923776901612,1,qEHVI,0.62,0.0,0.36,0.0,0.0,0.0,0.0,0.0,0.0,0.0,0.0,0.0,0.0,0.0,0.02
39,2,4,1,False,0.6019470850632803,0.11323923776901612,2,qEHVI,0.28,0.0,0.68,0.0,0.0,0.0,0.0,0.0,0.02,0.0,0.0,0.0,0.0,0.0,0.02
39,2,4,1,False,0.6019470850632803,0.11323923776901612,3,qEHVI,0.54,0.38,0.02,0.0,0.02,0.0,0.0,0.0,0.0,0.0,0.0,0.0,0.0,0.02,0.02
39,2,4,1,False,0.6019470850632803,0.11323923776901612,4,qUCB,0.48,0.42,0.0,0.0,0.0,0.0,0.0,0.0,0.02,0.0,0.0,0.04,0.0,0.0,0.04
39,3,3,2,False,0.43860609381444154,0.05237246431561715,0,qEHVI,0.4,0.14,0.38,0.0,0.02,0.0,0.0,0.0,0.02,0.0,0.0,0.04,0.0,0.0,0.0
39,3,3,2,False,0.43860609381444154,0.05237246431561715,1,qEHVI,0.62,0.0,0.36,0.0,0.0,0.0,0.0,0.0,0.0,0.0,0.0,0.0,0.0,0.0,0.02
39,3,3,2,False,0.43860609381444154,0.05237246431561715,2,qEHVI,0.54,0.38,0.02,0.0,0.02,0.0,0.0,0.0,0.0,0.0,0.0,0.0,0.0,0.02,0.02
39,3,3,2,False,0.43860609381444154,0.05237246431561715,3,qUCB,0.46,0.1,0.36,0.04,0.0,0.0,0.0,0.0,0.04,0.0,0.0,0.0,0.0,0.0,0.0
39,3,3,2,False,0.43860609381444154,0.05237246431561715,4,qUCB,0.58,0.18,0.16,0.04,0.0,0.0,0.0,0.0,0.04,0.0,0.0,0.0,0.0,0.0,0.0
39,4,2,3,False,0.33806214547661534,0.10929314141409252,0,qEHVI,0.62,0.0,0.36,0.0,0.0,0.0,0.0,0.0,0.0,0.0,0.0,0.0,0.0,0.0,0.02
39,4,2,3,False,0.33806214547661534,0.10929314141409252,1,qEHVI,0.4,0.14,0.38,0.0,0.02,0.0,0.0,0.0,0.02,0.0,0.0,0.04,0.0,0.0,0.0
39,4,2,3,False,0.33806214547661534,0.10929314141409252,2,qUCB,0.36,0.34,0.2,0.04,0.0,0.0,0.0,0.0,0.0,0.0,0.0,0.02,0.0,0.04,0.0
39,4,2,3,False,0.33806214547661534,0.10929314141409252,3,qUCB,0.0,0.86,0.06,0.0,0.04,0.0,0.0,0.0,0.0,0.0,0.0,0.0,0.0,0.04,0.0
39,4,2,3,False,0.33806214547661534,0.10929314141409252,4,qUCB,0.64,0.1,0.16,0.04,0.0,0.0,0.0,0.0,0.02,0.0,0.0,0.0,0.0,0.04,0.0
39,5,1,4,False,0.3846360382194443,0.2596451198813332,0,qEHVI,0.4,0.14,0.38,0.0,0.02,0.0,0.0,0.0,0.02,0.0,0.0,0.04,0.0,0.0,0.0
39,5,1,4,False,0.3846360382194443,0.2596451198813332,1,qUCB,0.42,0.1,0.38,0.02,0.0,0.0,0.0,0.0,0.0,0.0,0.0,0.0,0.0,0.04,0.04
39,5,1,4,False,0.3846360382194443,0.2596451198813332,2,qUCB,0.76,0.0,0.14,0.0,0.02,0.0,0.0,0.0,0.0,0.0,0.0,0.0,0.0,0.04,0.04
39,5,1,4,False,0.3846360382194443,0.2596451198813332,3,qUCB,0.96,0.0,0.0,0.04,0.0,0.0,0.0,0.0,0.0,0.0,0.0,0.0,0.0,0.0,0.0
39,5,1,4,False,0.3846360382194443,0.2596451198813332,4,qUCB,0.62,0.14,0.16,0.04,0.0,0.0,0.0,0.0,0.0,0.0,0.0,0.0,0.0,0.0,0.04
39,6,0,5,False,0.3697418214799569,0.029958817148878936,0,qUCB,0.48,0.42,0.0,0.0,0.0,0.0,0.0,0.0,0.02,0.0,0.0,0.04,0.0,0.0,0.04
39,6,0,5,False,0.3697418214799569,0.029958817148878936,1,qUCB,0.8,0.0,0.16,0.0,0.0,0.0,0.0,0.0,0.0,0.0,0.0,0.0,0.0,0.04,0.0
39,6,0,5,False,0.3697418214799569,0.029958817148878936,2,qUCB,0.68,0.08,0.14,0.0,0.0,0.0,0.0,0.0,0.04,0.0,0.0,0.04,0.0,0.0,0.02
39,6,0,5,False,0.3697418214799569,0.029958817148878936,3,qUCB,0.96,0.0,0.0,0.04,0.0,0.0,0.0,0.0,0.0,0.0,0.0,0.0,0.0,0.0,0.0
39,6,0,5,False,0.3697418214799569,0.029958817148878936,4,qUCB,0.32,0.38,0.22,0.0,0.0,0.0,0.0,0.0,0.04,0.0,0.0,0.04,0.0,0.0,0.0
40,1,5,0,True,0.764898171754414,0.11675757412101895,0,qEHVI,0.76,0.1,0.04,0.04,0.0,0.0,0.0,0.0,0.0,0.0,0.0,0.04,0.0,0.0,0.02
40,1,5,0,True,0.764898171754414,0.11675757412101895,1,qEHVI,0.76,0.16,0.04,0.02,0.0,0.0,0.0,0.0,0.0,0.0,0.0,0.0,0.0,0.0,0.02
40,1,5,0,True,0.764898171754414,0.11675757412101895,2,qEHVI,0.44,0.02,0.44,0.02,0.0,0.0,0.0,0.0,0.04,0.0,0.0,0.0,0.0,0.02,0.02
40,1,5,0,True,0.764898171754414,0.11675757412101895,3,qEHVI,0.36,0.14,0.4,0.0,0.0,0.0,0.0,0.0,0.04,0.0,0.0,0.04,0.0,0.02,0.0
40,1,5,0,True,0.764898171754414,0.11675757412101895,4,qEHVI,0.46,0.18,0.3,0.02,0.0,0.0,0.0,0.0,0.0,0.0,0.0,0.04,0.0,0.0,0.0
40,2,4,1,False,0.6770773933664361,0.03913257446179408,0,qEHVI,0.76,0.1,0.04,0.04,0.0,0.0,0.0,0.0,0.0,0.0,0.0,0.04,0.0,0.0,0.02
40,2,4,1,False,0.6770773933664361,0.03913257446179408,1,qEHVI,0.76,0.16,0.04,0.02,0.0,0.0,0.0,0.0,0.0,0.0,0.0,0.0,0.0,0.0,0.02
40,2,4,1,False,0.6770773933664361,0.03913257446179408,2,qEHVI,0.44,0.02,0.44,0.02,0.0,0.0,0.0,0.0,0.04,0.0,0.0,0.0,0.0,0.02,0.02
40,2,4,1,False,0.6770773933664361,0.03913257446179408,3,qEHVI,0.36,0.14,0.4,0.0,0.0,0.0,0.0,0.0,0.04,0.0,0.0,0.04,0.0,0.02,0.0
40,2,4,1,False,0.6770773933664361,0.03913257446179408,4,qUCB,0.5,0.06,0.36,0.0,0.04,0.0,0.0,0.0,0.0,0.0,0.0,0.0,0.0,0.04,0.0
40,3,3,2,False,0.6587743399361624,0.6332469646873014,0,qEHVI,0.76,0.1,0.04,0.04,0.0,0.0,0.0,0.0,0.0,0.0,0.0,0.04,0.0,0.0,0.02
40,3,3,2,False,0.6587743399361624,0.6332469646873014,1,qEHVI,0.76,0.16,0.04,0.02,0.0,0.0,0.0,0.0,0.0,0.0,0.0,0.0,0.0,0.0,0.02
40,3,3,2,False,0.6587743399361624,0.6332469646873014,2,qEHVI,0.44,0.02,0.44,0.02,0.0,0.0,0.0,0.0,0.04,0.0,0.0,0.0,0.0,0.02,0.02
40,3,3,2,False,0.6587743399361624,0.6332469646873014,3,qUCB,0.38,0.16,0.36,0.0,0.04,0.0,0.0,0.0,0.0,0.0,0.0,0.04,0.0,0.02,0.0
40,3,3,2,False,0.6587743399361624,0.6332469646873014,4,qUCB,0.0,0.72,0.18,0.0,0.02,0.0,0.0,0.0,0.0,0.0,0.0,0.04,0.0,0.04,0.0
40,4,2,3,False,0.5614506240852972,0.009136870913685202,0,qEHVI,0.76,0.1,0.04,0.04,0.0,0.0,0.0,0.0,0.0,0.0,0.0,0.04,0.0,0.0,0.02
40,4,2,3,False,0.5614506240852972,0.009136870913685202,1,qEHVI,0.76,0.16,0.04,0.02,0.0,0.0,0.0,0.0,0.0,0.0,0.0,0.0,0.0,0.0,0.02
40,4,2,3,False,0.5614506240852972,0.009136870913685202,2,qUCB,0.38,0.12,0.4,0.0,0.02,0.0,0.0,0.0,0.04,0.0,0.0,0.04,0.0,0.0,0.0
40,4,2,3,False,0.5614506240852972,0.009136870913685202,3,qUCB,0.02,0.08,0.8,0.0,0.02,0.0,0.0,0.0,0.04,0.0,0.0,0.0,0.0,0.04,0.0
40,4,2,3,False,0.5614506240852972,0.009136870913685202,4,qUCB,0.06,0.78,0.06,0.0,0.04,0.0,0.0,0.0,0.02,0.0,0.0,0.0,0.0,0.04,0.0
40,5,1,4,False,0.3259231067541486,0.058014846596238456,0,qEHVI,0.76,0.1,0.04,0.04,0.0,0.0,0.0,0.0,0.0,0.0,0.0,0.04,0.0,0.0,0.02
40,5,1,4,False,0.3259231067541486,0.058014846596238456,1,qUCB,0.5,0.42,0.0,0.0,0.0,0.0,0.0,0.0,0.04,0.0,0.0,0.0,0.0,0.04,0.0
40,5,1,4,False,0.3259231067541486,0.058014846596238456,2,qUCB,0.02,0.08,0.8,0.0,0.02,0.0,0.0,0.0,0.04,0.0,0.0,0.0,0.0,0.04,0.0
40,5,1,4,False,0.3259231067541486,0.058014846596238456,3,qUCB,0.06,0.78,0.06,0.0,0.04,0.0,0.0,0.0,0.02,0.0,0.0,0.0,0.0,0.04,0.0
40,5,1,4,False,0.3259231067541486,0.058014846596238456,4,qUCB,0.0,0.74,0.18,0.0,0.02,0.0,0.0,0.0,0.04,0.0,0.0,0.0,0.0,0.02,0.0
40,6,0,5,False,0.24821878965039465,0.35337560746292773,0,qUCB,0.46,0.44,0.0,0.0,0.0,0.0,0.0,0.0,0.0,0.0,0.0,0.04,0.0,0.04,0.02
40,6,0,5,False,0.24821878965039465,0.35337560746292773,1,qUCB,0.8,0.02,0.16,0.0,0.02,0.0,0.0,0.0,0.0,0.0,0.0,0.0,0.0,0.0,0.0
40,6,0,5,False,0.24821878965039465,0.35337560746292773,2,qUCB,0.14,0.0,0.8200000000000001,0.0,0.02,0.0,0.0,0.0,0.0,0.0,0.0,0.0,0.0,0.0,0.02
40,6,0,5,False,0.24821878965039465,0.35337560746292773,3,qUCB,0.54,0.28,0.14,0.0,0.0,0.0,0.0,0.0,0.0,0.0,0.0,0.0,0.0,0.0,0.04
40,6,0,5,False,0.24821878965039465,0.35337560746292773,4,qUCB,0.16,0.66,0.08,0.0,0.04,0.0,0.0,0.0,0.0,0.0,0.0,0.04,0.0,0.0,0.02
41,1,5,0,True,0.6140614536143092,0.08636950621033179,0,qEHVI,0.48,0.46,0.0,0.0,0.0,0.0,0.0,0.0,0.02,0.0,0.0,0.04,0.0,0.0,0.0
41,1,5,0,True,0.6140614536143092,0.08636950621033179,1,qEHVI,0.38,0.12,0.4,0.02,0.04,0.0,0.0,0.0,0.0,0.0,0.0,0.04,0.0,0.0,0.0
41,1,5,0,True,0.6140614536143092,0.08636950621033179,2,qEHVI,0.42,0.02,0.46,0.04,0.0,0.0,0.0,0.0,0.02,0.0,0.0,0.0,0.0,0.02,0.02
41,1,5,0,True,0.6140614536143092,0.08636950621033179,3,qEHVI,0.42,0.18,0.36,0.0,0.0,0.0,0.0,0.0,0.0,0.0,0.0,0.04,0.0,0.0,0.0
41,1,5,0,True,0.6140614536143092,0.08636950621033179,4,qEHVI,0.42,0.26,0.22,0.04,0.0,0.0,0.0,0.0,0.0,0.0,0.0,0.04,0.0,0.02,0.0
41,2,4,1,False,0.532010349630284,0.052281310142959114,0,qEHVI,0.48,0.46,0.0,0.0,0.0,0.0,0.0,0.0,0.02,0.0,0.0,0.04,0.0,0.0,0.0
41,2,4,1,False,0.532010349630284,0.052281310142959114,1,qEHVI,0.42,0.02,0.46,0.04,0.0,0.0,0.0,0.0,0.02,0.0,0.0,0.0,0.0,0.02,0.02
41,2,4,1,False,0.532010349630284,0.052281310142959114,2,qEHVI,0.38,0.12,0.4,0.02,0.04,0.0,0.0,0.0,0.0,0.0,0.0,0.04,0.0,0.0,0.0
41,2,4,1,False,0.532010349630284,0.052281310142959114,3,qEHVI,0.42,0.18,0.36,0.0,0.0,0.0,0.0,0.0,0.0,0.0,0.0,0.04,0.0,0.0,0.0
41,2,4,1,False,0.532010349630284,0.052281310142959114,4,qUCB,0.48,0.42,0.0,0.0,0.02,0.0,0.0,0.0,0.04,0.0,0.0,0.0,0.0,0.0,0.04
41,3,3,2,False,0.4485805048758117,0.06733019774636695,0,qEHVI,0.48,0.46,0.0,0.0,0.0,0.0,0.0,0.0,0.02,0.0,0.0,0.04,0.0,0.0,0.0
41,3,3,2,False,0.4485805048758117,0.06733019774636695,1,qEHVI,0.38,0.12,0.4,0.02,0.04,0.0,0.0,0.0,0.0,0.0,0.0,0.04,0.0,0.0,0.0
41,3,3,2,False,0.4485805048758117,0.06733019774636695,2,qEHVI,0.42,0.02,0.46,0.04,0.0,0.0,0.0,0.0,0.02,0.0,0.0,0.0,0.0,0.02,0.02
41,3,3,2,False,0.4485805048758117,0.06733019774636695,3,qUCB,0.48,0.42,0.0,0.0,0.02,0.0,0.0,0.0,0.04,0.0,0.0,0.0,0.0,0.0,0.04
41,3,3,2,False,0.4485805048758117,0.06733019774636695,4,qUCB,0.72,0.04,0.14,0.0,0.04,0.0,0.0,0.0,0.0,0.0,0.0,0.0,0.0,0.04,0.02
41,4,2,3,False,0.4278246430620893,0.08873218237331049,0,qEHVI,0.48,0.46,0.0,0.0,0.0,0.0,0.0,0.0,0.02,0.0,0.0,0.04,0.0,0.0,0.0
41,4,2,3,False,0.4278246430620893,0.08873218237331049,1,qEHVI,0.38,0.12,0.4,0.02,0.04,0.0,0.0,0.0,0.0,0.0,0.0,0.04,0.0,0.0,0.0
41,4,2,3,False,0.4278246430620893,0.08873218237331049,2,qUCB,0.4,0.12,0.38,0.02,0.0,0.0,0.0,0.0,0.0,0.0,0.0,0.0,0.0,0.04,0.04
41,4,2,3,False,0.4278246430620893,0.08873218237331049,3,qUCB,0.14,0.0,0.8200000000000001,0.0,0.0,0.0,0.0,0.0,0.0,0.0,0.0,0.0,0.0,0.0,0.04
41,4,2,3,False,0.4278246430620893,0.08873218237331049,4,qUCB,0.74,0.02,0.14,0.0,0.02,0.0,0.0,0.0,0.02,0.0,0.0,0.0,0.0,0.02,0.04
41,5,1,4,False,0.3509619065838382,0.16498039922466967,0,qEHVI,0.48,0.46,0.0,0.0,0.0,0.0,0.0,0.0,0.02,0.0,0.0,0.04,0.0,0.0,0.0
41,5,1,4,False,0.3509619065838382,0.16498039922466967,1,qUCB,0.4,0.12,0.38,0.02,0.0,0.0,0.0,0.0,0.0,0.0,0.0,0.0,0.0,0.04,0.04
41,5,1,4,False,0.3509619065838382,0.16498039922466967,2,qUCB,0.72,0.04,0.14,0.0,0.04,0.0,0.0,0.0,0.0,0.0,0.0,0.0,0.0,0.04,0.02
41,5,1,4,False,0.3509619065838382,0.16498039922466967,3,qUCB,0.14,0.0,0.8200000000000001,0.0,0.0,0.0,0.0,0.0,0.0,0.0,0.0,0.0,0.0,0.0,0.04
41,5,1,4,False,0.3509619065838382,0.16498039922466967,4,qUCB,0.02,0.12,0.78,0.0,0.04,0.0,0.0,0.0,0.0,0.0,0.0,0.0,0.0,0.0,0.04
41,6,0,5,False,0.3514856221465129,0.2357846609229277,0,qUCB,0.5,0.44,0.0,0.0,0.0,0.0,0.0,0.0,0.02,0.0,0.0,0.04,0.0,0.0,0.0
41,6,0,5,False,0.3514856221465129,0.2357846609229277,1,qUCB,0.76,0.0,0.16,0.0,0.02,0.0,0.0,0.0,0.02,0.0,0.0,0.04,0.0,0.0,0.0
41,6,0,5,False,0.3514856221465129,0.2357846609229277,2,qUCB,0.58,0.28,0.14,0.0,0.0,0.0,0.0,0.0,0.0,0.0,0.0,0.0,0.0,0.0,0.0
41,6,0,5,False,0.3514856221465129,0.2357846609229277,3,qUCB,0.14,0.0,0.8200000000000001,0.0,0.0,0.0,0.0,0.0,0.0,0.0,0.0,0.0,0.0,0.0,0.04
41,6,0,5,False,0.3514856221465129,0.2357846609229277,4,qUCB,0.0,0.12,0.78,0.0,0.02,0.0,0.0,0.0,0.0,0.0,0.0,0.04,0.0,0.04,0.0
42,1,5,0,True,0.49146810895276727,0.03405558069396797,0,qEHVI,0.38,0.16,0.4,0.0,0.0,0.0,0.0,0.0,0.04,0.0,0.0,0.0,0.0,0.02,0.0
42,1,5,0,True,0.49146810895276727,0.03405558069396797,1,qEHVI,0.46,0.04,0.44,0.02,0.0,0.0,0.0,0.0,0.0,0.0,0.0,0.04,0.0,0.0,0.0
42,1,5,0,True,0.49146810895276727,0.03405558069396797,2,qEHVI,0.44,0.1,0.36,0.02,0.0,0.0,0.0,0.0,0.0,0.0,0.0,0.04,0.0,0.02,0.02
42,1,5,0,True,0.49146810895276727,0.03405558069396797,3,qEHVI,0.52,0.0,0.48,0.0,0.0,0.0,0.0,0.0,0.0,0.0,0.0,0.0,0.0,0.0,0.0
42,1,5,0,True,0.49146810895276727,0.03405558069396797,4,qEHVI,0.68,0.0,0.32,0.0,0.0,0.0,0.0,0.0,0.0,0.0,0.0,0.0,0.0,0.0,0.0
42,2,4,1,False,0.42418959031134995,0.07879411341206222,0,qEHVI,0.38,0.16,0.4,0.0,0.0,0.0,0.0,0.0,0.04,0.0,0.0,0.0,0.0,0.02,0.0
42,2,4,1,False,0.42418959031134995,0.07879411341206222,1,qEHVI,0.46,0.04,0.44,0.02,0.0,0.0,0.0,0.0,0.0,0.0,0.0,0.04,0.0,0.0,0.0
42,2,4,1,False,0.42418959031134995,0.07879411341206222,2,qEHVI,0.44,0.1,0.36,0.02,0.0,0.0,0.0,0.0,0.0,0.0,0.0,0.04,0.0,0.02,0.02
42,2,4,1,False,0.42418959031134995,0.07879411341206222,3,qEHVI,0.52,0.0,0.48,0.0,0.0,0.0,0.0,0.0,0.0,0.0,0.0,0.0,0.0,0.0,0.0
42,2,4,1,False,0.42418959031134995,0.07879411341206222,4,qUCB,0.5,0.4,0.0,0.0,0.04,0.0,0.0,0.0,0.02,0.0,0.0,0.02,0.0,0.0,0.02
42,3,3,2,False,0.3530684834369378,0.1743005604436103,0,qEHVI,0.38,0.16,0.4,0.0,0.0,0.0,0.0,0.0,0.04,0.0,0.0,0.0,0.0,0.02,0.0
42,3,3,2,False,0.3530684834369378,0.1743005604436103,1,qEHVI,0.46,0.04,0.44,0.02,0.0,0.0,0.0,0.0,0.0,0.0,0.0,0.04,0.0,0.0,0.0
42,3,3,2,False,0.3530684834369378,0.1743005604436103,2,qEHVI,0.44,0.1,0.36,0.02,0.0,0.0,0.0,0.0,0.0,0.0,0.0,0.04,0.0,0.02,0.02
42,3,3,2,False,0.3530684834369378,0.1743005604436103,3,qUCB,0.4,0.14,0.38,0.0,0.04,0.0,0.0,0.0,0.0,0.0,0.0,0.0,0.0,0.0,0.04
42,3,3,2,False,0.3530684834369378,0.1743005604436103,4,qUCB,0.7000000000000001,0.06,0.16,0.0,0.04,0.0,0.0,0.0,0.0,0.0,0.0,0.0,0.0,0.0,0.04
42,4,2,3,False,0.3004074262416197,0.20282787096171617,0,qEHVI,0.38,0.16,0.4,0.0,0.0,0.0,0.0,0.0,0.04,0.0,0.0,0.0,0.0,0.02,0.0
42,4,2,3,False,0.3004074262416197,0.20282787096171617,1,qEHVI,0.44,0.1,0.36,0.02,0.0,0.0,0.0,0.0,0.0,0.0,0.0,0.04,0.0,0.02,0.02
42,4,2,3,False,0.3004074262416197,0.20282787096171617,2,qUCB,0.4,0.14,0.38,0.0,0.04,0.0,0.0,0.0,0.0,0.0,0.0,0.0,0.0,0.0,0.04
42,4,2,3,False,0.3004074262416197,0.20282787096171617,3,qUCB,0.68,0.08,0.16,0.04,0.04,0.0,0.0,0.0,0.0,0.0,0.0,0.0,0.0,0.0,0.0
42,4,2,3,False,0.3004074262416197,0.20282787096171617,4,qUCB,0.7000000000000001,0.06,0.16,0.0,0.04,0.0,0.0,0.0,0.0,0.0,0.0,0.0,0.0,0.0,0.04
42,5,1,4,False,0.2223155492157859,0.14816846880676748,0,qEHVI,0.38,0.16,0.4,0.0,0.0,0.0,0.0,0.0,0.04,0.0,0.0,0.0,0.0,0.02,0.0
42,5,1,4,False,0.2223155492157859,0.14816846880676748,1,qUCB,0.54,0.34,0.02,0.0,0.02,0.0,0.0,0.0,0.0,0.0,0.0,0.04,0.0,0.0,0.04
42,5,1,4,False,0.2223155492157859,0.14816846880676748,2,qUCB,0.58,0.18,0.14,0.0,0.02,0.0,0.0,0.0,0.0,0.0,0.0,0.04,0.0,0.0,0.04
42,5,1,4,False,0.2223155492157859,0.14816846880676748,3,qUCB,0.68,0.08,0.16,0.04,0.04,0.0,0.0,0.0,0.0,0.0,0.0,0.0,0.0,0.0,0.0
42,5,1,4,False,0.2223155492157859,0.14816846880676748,4,qUCB,0.1,0.72,0.08,0.0,0.04,0.0,0.0,0.0,0.0,0.0,0.0,0.04,0.0,0.0,0.02
42,6,0,5,False,0.185732811167468,0.00944168945461743,0,qUCB,0.48,0.44,0.0,0.0,0.02,0.0,0.0,0.0,0.0,0.0,0.0,0.04,0.0,0.02,0.0
42,6,0,5,False,0.185732811167468,0.00944168945461743,1,qUCB,0.8,0.0,0.16,0.0,0.0,0.0,0.0,0.0,0.0,0.0,0.0,0.02,0.0,0.0,0.02
42,6,0,5,False,0.185732811167468,0.00944168945461743,2,qUCB,0.32,0.36,0.22,0.0,0.02,0.0,0.0,0.0,0.02,0.0,0.0,0.04,0.0,0.02,0.0
42,6,0,5,False,0.185732811167468,0.00944168945461743,3,qUCB,0.64,0.12,0.14,0.0,0.02,0.0,0.0,0.0,0.0,0.0,0.0,0.04,0.0,0.02,0.02
42,6,0,5,False,0.185732811167468,0.00944168945461743,4,qUCB,0.64,0.12,0.16,0.04,0.0,0.0,0.0,0.0,0.0,0.0,0.0,0.0,0.0,0.0,0.04
43,1,5,0,True,0.547458368668773,0.23686514041682116,0,qEHVI,0.46,0.16,0.32,0.02,0.0,0.0,0.0,0.0,0.0,0.0,0.0,0.04,0.0,0.0,0.0
43,1,5,0,True,0.547458368668773,0.23686514041682116,1,qEHVI,0.38,0.16,0.4,0.0,0.0,0.0,0.0,0.0,0.02,0.0,0.0,0.04,0.0,0.0,0.0
43,1,5,0,True,0.547458368668773,0.23686514041682116,2,qEHVI,0.46,0.04,0.44,0.02,0.0,0.0,0.0,0.0,0.0,0.0,0.0,0.0,0.0,0.04,0.0
43,1,5,0,True,0.547458368668773,0.23686514041682116,3,qEHVI,0.46,0.16,0.3,0.02,0.0,0.0,0.0,0.0,0.0,0.0,0.0,0.04,0.0,0.0,0.02
43,1,5,0,True,0.547458368668773,0.23686514041682116,4,qEHVI,0.4,0.14,0.36,0.0,0.0,0.0,0.0,0.0,0.02,0.0,0.0,0.04,0.0,0.0,0.04
43,2,4,1,False,0.5148890082648601,0.07958146486774709,0,qEHVI,0.46,0.16,0.32,0.02,0.0,0.0,0.0,0.0,0.0,0.0,0.0,0.04,0.0,0.0,0.0
43,2,4,1,False,0.5148890082648601,0.07958146486774709,1,qEHVI,0.38,0.16,0.4,0.0,0.0,0.0,0.0,0.0,0.02,0.0,0.0,0.04,0.0,0.0,0.0
43,2,4,1,False,0.5148890082648601,0.07958146486774709,2,qEHVI,0.46,0.04,0.44,0.02,0.0,0.0,0.0,0.0,0.0,0.0,0.0,0.0,0.0,0.04,0.0
43,2,4,1,False,0.5148890082648601,0.07958146486774709,3,qEHVI,0.46,0.16,0.3,0.02,0.0,0.0,0.0,0.0,0.0,0.0,0.0,0.04,0.0,0.0,0.02
43,2,4,1,False,0.5148890082648601,0.07958146486774709,4,qUCB,0.4,0.12,0.38,0.0,0.04,0.0,0.0,0.0,0.0,0.0,0.0,0.0,0.0,0.02,0.04
43,3,3,2,False,0.4209183342747195,0.3619408575272196,0,qEHVI,0.46,0.16,0.32,0.02,0.0,0.0,0.0,0.0,0.0,0.0,0.0,0.04,0.0,0.0,0.0
43,3,3,2,False,0.4209183342747195,0.3619408575272196,1,qEHVI,0.38,0.16,0.4,0.0,0.0,0.0,0.0,0.0,0.02,0.0,0.0,0.04,0.0,0.0,0.0
43,3,3,2,False,0.4209183342747195,0.3619408575272196,2,qEHVI,0.46,0.04,0.44,0.02,0.0,0.0,0.0,0.0,0.0,0.0,0.0,0.0,0.0,0.04,0.0
43,3,3,2,False,0.4209183342747195,0.3619408575272196,3,qUCB,0.48,0.06,0.38,0.0,0.04,0.0,0.0,0.0,0.0,0.0,0.0,0.0,0.0,0.0,0.04
43,3,3,2,False,0.4209183342747195,0.3619408575272196,4,qUCB,0.7000000000000001,0.08,0.14,0.0,0.04,0.0,0.0,0.0,0.0,0.0,0.0,0.0,0.0,0.0,0.04
43,4,2,3,False,0.37962423184099453,0.11518378699185838,0,qEHVI,0.46,0.16,0.32,0.02,0.0,0.0,0.0,0.0,0.0,0.0,0.0,0.04,0.0,0.0,0.0
43,4,2,3,False,0.37962423184099453,0.11518378699185838,1,qEHVI,0.38,0.16,0.4,0.0,0.0,0.0,0.0,0.0,0.02,0.0,0.0,0.04,0.0,0.0,0.0
43,4,2,3,False,0.37962423184099453,0.11518378699185838,2,qUCB,0.4,0.12,0.38,0.0,0.04,0.0,0.0,0.0,0.0,0.0,0.0,0.0,0.0,0.02,0.04
43,4,2,3,False,0.37962423184099453,0.11518378699185838,3,qUCB,0.7000000000000001,0.08,0.14,0.0,0.04,0.0,0.0,0.0,0.0,0.0,0.0,0.0,0.0,0.0,0.04
43,4,2,3,False,0.37962423184099453,0.11518378699185838,4,qUCB,0.22,0.6,0.08,0.0,0.04,0.0,0.0,0.0,0.0,0.0,0.0,0.0,0.0,0.02,0.04
43,5,1,4,False,0.35645089352767234,0.21392315238055526,0,qEHVI,0.46,0.16,0.32,0.02,0.0,0.0,0.0,0.0,0.0,0.0,0.0,0.04,0.0,0.0,0.0
43,5,1,4,False,0.35645089352767234,0.21392315238055526,1,qUCB,0.4,0.12,0.38,0.0,0.04,0.0,0.0,0.0,0.0,0.0,0.0,0.0,0.0,0.02,0.04
43,5,1,4,False,0.35645089352767234,0.21392315238055526,2,qUCB,0.74,0.02,0.14,0.0,0.04,0.0,0.0,0.0,0.04,0.0,0.0,0.0,0.0,0.0,0.02
43,5,1,4,False,0.35645089352767234,0.21392315238055526,3,qUCB,0.46,0.3,0.14,0.0,0.0,0.0,0.0,0.0,0.02,0.0,0.0,0.0,0.0,0.04,0.04
43,5,1,4,False,0.35645089352767234,0.21392315238055526,4,qUCB,0.1,0.0,0.8,0.0,0.0,0.0,0.0,0.0,0.02,0.0,0.0,0.0,0.0,0.04,0.04
43,6,0,5,False,0.18700016406179523,0.22136656228470475,0,qUCB,0.5,0.44,0.0,0.0,0.0,0.0,0.0,0.0,0.0,0.0,0.0,0.04,0.0,0.02,0.0
43,6,0,5,False,0.18700016406179523,0.22136656228470475,1,qUCB,0.8,0.02,0.16,0.0,0.02,0.0,0.0,0.0,0.0,0.0,0.0,0.0,0.0,0.0,0.0
43,6,0,5,False,0.18700016406179523,0.22136656228470475,2,qUCB,0.5,0.32,0.14,0.0,0.0,0.0,0.0,0.0,0.04,0.0,0.0,0.0,0.0,0.0,0.0
43,6,0,5,False,0.18700016406179523,0.22136656228470475,3,qUCB,0.28,0.46,0.22,0.0,0.0,0.0,0.0,0.0,0.0,0.0,0.0,0.04,0.0,0.0,0.0
43,6,0,5,False,0.18700016406179523,0.22136656228470475,4,qUCB,0.12,0.0,0.8200000000000001,0.0,0.0,0.0,0.0,0.0,0.0,0.0,0.0,0.04,0.0,0.02,0.0
44,1,5,0,True,1.80456786602841,0.1761279856275415,0,qEHVI,0.5,0.36,0.14,0.0,0.0,0.0,0.0,0.0,0.0,0.0,0.0,0.0,0.0,0.0,0.0
44,1,5,0,True,1.80456786602841,0.1761279856275415,1,qEHVI,0.66,0.18,0.14,0.0,0.0,0.0,0.0,0.0,0.0,0.0,0.0,0.0,0.0,0.02,0.0
44,1,5,0,True,1.80456786602841,0.1761279856275415,2,qEHVI,0.28,0.58,0.1,0.0,0.0,0.0,0.0,0.0,0.04,0.0,0.0,0.0,0.0,0.0,0.0
44,1,5,0,True,1.80456786602841,0.1761279856275415,3,qEHVI,0.4,0.2,0.34,0.02,0.0,0.0,0.0,0.0,0.02,0.0,0.0,0.0,0.0,0.02,0.0
44,1,5,0,True,1.80456786602841,0.1761279856275415,4,qEHVI,0.72,0.04,0.14,0.0,0.02,0.0,0.0,0.0,0.04,0.0,0.0,0.04,0.0,0.0,0.0
44,2,4,1,False,1.671409725842062,0.017928917891985918,0,qEHVI,0.5,0.36,0.14,0.0,0.0,0.0,0.0,0.0,0.0,0.0,0.0,0.0,0.0,0.0,0.0
44,2,4,1,False,1.671409725842062,0.017928917891985918,1,qEHVI,0.66,0.18,0.14,0.0,0.0,0.0,0.0,0.0,0.0,0.0,0.0,0.0,0.0,0.02,0.0
44,2,4,1,False,1.671409725842062,0.017928917891985918,2,qEHVI,0.3,0.56,0.1,0.0,0.0,0.0,0.0,0.0,0.02,0.0,0.0,0.0,0.0,0.0,0.02
44,2,4,1,False,1.671409725842062,0.017928917891985918,3,qEHVI,0.4,0.2,0.34,0.02,0.0,0.0,0.0,0.0,0.02,0.0,0.0,0.0,0.0,0.02,0.0
44,2,4,1,False,1.671409725842062,0.017928917891985918,4,qUCB,0.52,0.24,0.14,0.0,0.04,0.0,0.0,0.0,0.02,0.0,0.0,0.04,0.0,0.0,0.0
44,3,3,2,False,1.415140118507669,1.0020982272063321,0,qEHVI,0.5,0.36,0.14,0.0,0.0,0.0,0.0,0.0,0.0,0.0,0.0,0.0,0.0,0.0,0.0
44,3,3,2,False,1.415140118507669,1.0020982272063321,1,qEHVI,0.7000000000000001,0.12,0.14,0.0,0.0,0.0,0.0,0.0,0.02,0.0,0.0,0.02,0.0,0.0,0.0
44,3,3,2,False,1.415140118507669,1.0020982272063321,2,qEHVI,0.3,0.56,0.1,0.0,0.0,0.0,0.0,0.0,0.02,0.0,0.0,0.0,0.0,0.0,0.02
44,3,3,2,False,1.415140118507669,1.0020982272063321,3,qUCB,0.38,0.38,0.14,0.0,0.04,0.0,0.0,0.0,0.0,0.0,0.0,0.0,0.0,0.04,0.02
44,3,3,2,False,1.415140118507669,1.0020982272063321,4,qUCB,0.76,0.0,0.14,0.0,0.04,0.0,0.0,0.0,0.0,0.0,0.0,0.0,0.0,0.04,0.02
44,4,2,3,False,1.7815117580124886,0.0148866531765659,0,qEHVI,0.5,0.36,0.14,0.0,0.0,0.0,0.0,0.0,0.0,0.0,0.0,0.0,0.0,0.0,0.0
44,4,2,3,False,1.7815117580124886,0.0148866531765659,1,qEHVI,0.66,0.18,0.14,0.0,0.0,0.0,0.0,0.0,0.0,0.0,0.0,0.0,0.0,0.02,0.0
44,4,2,3,False,1.7815117580124886,0.0148866531765659,2,qUCB,0.42,0.34,0.14,0.0,0.04,0.0,0.0,0.0,0.04,0.0,0.0,0.02,0.0,0.0,0.0
44,4,2,3,False,1.7815117580124886,0.0148866531765659,3,qUCB,0.72,0.04,0.14,0.0,0.02,0.0,0.0,0.0,0.04,0.0,0.0,0.04,0.0,0.0,0.0
44,4,2,3,False,1.7815117580124886,0.0148866531765659,4,qUCB,0.18,0.64,0.08,0.0,0.0,0.0,0.0,0.0,0.0,0.0,0.0,0.04,0.0,0.02,0.04
44,5,1,4,False,1.4452311389768084,0.15748360187804522,0,qEHVI,0.5,0.36,0.14,0.0,0.0,0.0,0.0,0.0,0.0,0.0,0.0,0.0,0.0,0.0,0.0
44,5,1,4,False,1.4452311389768084,0.15748360187804522,1,qUCB,0.42,0.34,0.14,0.0,0.04,0.0,0.0,0.0,0.04,0.0,0.0,0.02,0.0,0.0,0.0
44,5,1,4,False,1.4452311389768084,0.15748360187804522,2,qUCB,0.72,0.04,0.14,0.0,0.02,0.0,0.0,0.0,0.04,0.0,0.0,0.04,0.0,0.0,0.0
44,5,1,4,False,1.4452311389768084,0.15748360187804522,3,qUCB,0.18,0.64,0.08,0.0,0.0,0.0,0.0,0.0,0.0,0.0,0.0,0.04,0.0,0.02,0.04
44,5,1,4,False,1.4452311389768084,0.15748360187804522,4,qUCB,0.74,0.0,0.16,0.04,0.04,0.0,0.0,0.0,0.0,0.0,0.0,0.0,0.0,0.02,0.0
44,6,0,5,False,1.584348636458959,0.008092073127297539,0,qUCB,0.5,0.36,0.14,0.0,0.0,0.0,0.0,0.0,0.0,0.0,0.0,0.0,0.0,0.0,0.0
44,6,0,5,False,1.584348636458959,0.008092073127297539,1,qUCB,0.72,0.04,0.14,0.0,0.02,0.0,0.0,0.0,0.04,0.0,0.0,0.04,0.0,0.0,0.0
44,6,0,5,False,1.584348636458959,0.008092073127297539,2,qUCB,0.24,0.64,0.08,0.0,0.0,0.0,0.0,0.0,0.02,0.0,0.0,0.02,0.0,0.0,0.0
44,6,0,5,False,1.584348636458959,0.008092073127297539,3,qUCB,0.42,0.4,0.12,0.04,0.02,0.0,0.0,0.0,0.0,0.0,0.0,0.0,0.0,0.0,0.0
44,6,0,5,False,1.584348636458959,0.008092073127297539,4,qUCB,0.48,0.28,0.14,0.0,0.02,0.0,0.0,0.0,0.0,0.0,0.0,0.04,0.0,0.04,0.0
45,1,5,0,True,0.49926285464228654,0.3281280779576612,0,qEHVI,0.6,0.02,0.36,0.02,0.0,0.0,0.0,0.0,0.0,0.0,0.0,0.0,0.0,0.0,0.0
45,1,5,0,True,0.49926285464228654,0.3281280779576612,1,qEHVI,0.38,0.12,0.4,0.02,0.0,0.0,0.0,0.0,0.04,0.0,0.0,0.02,0.0,0.02,0.0
45,1,5,0,True,0.49926285464228654,0.3281280779576612,2,qEHVI,0.46,0.14,0.3,0.02,0.0,0.0,0.0,0.0,0.02,0.0,0.0,0.04,0.0,0.0,0.02
45,1,5,0,True,0.49926285464228654,0.3281280779576612,3,qEHVI,0.4,0.16,0.36,0.02,0.0,0.0,0.0,0.0,0.02,0.0,0.0,0.04,0.0,0.0,0.0
45,1,5,0,True,0.49926285464228654,0.3281280779576612,4,qEHVI,0.46,0.0,0.44,0.02,0.0,0.0,0.0,0.0,0.02,0.0,0.0,0.0,0.0,0.02,0.04
45,2,4,1,False,0.4348750930526777,0.021108356071113832,0,qEHVI,0.6,0.02,0.36,0.02,0.0,0.0,0.0,0.0,0.0,0.0,0.0,0.0,0.0,0.0,0.0
45,2,4,1,False,0.4348750930526777,0.021108356071113832,1,qEHVI,0.38,0.12,0.4,0.02,0.0,0.0,0.0,0.0,0.04,0.0,0.0,0.02,0.0,0.02,0.0
45,2,4,1,False,0.4348750930526777,0.021108356071113832,2,qEHVI,0.46,0.14,0.3,0.02,0.0,0.0,0.0,0.0,0.02,0.0,0.0,0.04,0.0,0.0,0.02
45,2,4,1,False,0.4348750930526777,0.021108356071113832,3,qEHVI,0.12,0.0,0.8200000000000001,0.0,0.02,0.0,0.0,0.0,0.0,0.0,0.0,0.04,0.0,0.0,0.0
45,2,4,1,False,0.4348750930526777,0.021108356071113832,4,qUCB,0.46,0.06,0.38,0.0,0.04,0.0,0.0,0.0,0.0,0.0,0.0,0.0,0.0,0.02,0.04
45,3,3,2,False,0.3531448784315665,0.11103072300230465,0,qEHVI,0.6,0.02,0.36,0.02,0.0,0.0,0.0,0.0,0.0,0.0,0.0,0.0,0.0,0.0,0.0
45,3,3,2,False,0.3531448784315665,0.11103072300230465,1,qEHVI,0.38,0.12,0.4,0.02,0.0,0.0,0.0,0.0,0.04,0.0,0.0,0.02,0.0,0.02,0.0
45,3,3,2,False,0.3531448784315665,0.11103072300230465,2,qEHVI,0.46,0.14,0.3,0.02,0.0,0.0,0.0,0.0,0.02,0.0,0.0,0.04,0.0,0.0,0.02
45,3,3,2,False,0.3531448784315665,0.11103072300230465,3,qUCB,0.46,0.06,0.38,0.0,0.04,0.0,0.0,0.0,0.0,0.0,0.0,0.0,0.0,0.02,0.04
45,3,3,2,False,0.3531448784315665,0.11103072300230465,4,qUCB,0.06,0.78,0.06,0.0,0.04,0.0,0.0,0.0,0.0,0.0,0.0,0.0,0.0,0.04,0.02
45,4,2,3,False,0.31725169278269966,0.02202936794441568,0,qEHVI,0.6,0.02,0.36,0.02,0.0,0.0,0.0,0.0,0.0,0.0,0.0,0.0,0.0,0.0,0.0
45,4,2,3,False,0.31725169278269966,0.02202936794441568,1,qEHVI,0.38,0.12,0.4,0.02,0.0,0.0,0.0,0.0,0.04,0.0,0.0,0.02,0.0,0.02,0.0
45,4,2,3,False,0.31725169278269966,0.02202936794441568,2,qUCB,0.38,0.16,0.36,0.0,0.02,0.0,0.0,0.0,0.0,0.0,0.0,0.04,0.0,0.0,0.04
45,4,2,3,False,0.31725169278269966,0.02202936794441568,3,qUCB,0.06,0.78,0.06,0.0,0.04,0.0,0.0,0.0,0.0,0.0,0.0,0.0,0.0,0.04,0.02
45,4,2,3,False,0.31725169278269966,0.02202936794441568,4,qUCB,0.1,0.0,0.8,0.0,0.04,0.0,0.0,0.0,0.0,0.0,0.0,0.04,0.0,0.0,0.02
45,5,1,4,False,0.24899400292141427,0.10169016493650063,0,qEHVI,0.6,0.02,0.36,0.02,0.0,0.0,0.0,0.0,0.0,0.0,0.0,0.0,0.0,0.0,0.0
45,5,1,4,False,0.24899400292141427,0.10169016493650063,1,qUCB,0.56,0.34,0.0,0.0,0.04,0.0,0.0,0.0,0.02,0.0,0.0,0.04,0.0,0.0,0.0
45,5,1,4,False,0.24899400292141427,0.10169016493650063,2,qUCB,0.06,0.78,0.06,0.0,0.04,0.0,0.0,0.0,0.0,0.0,0.0,0.0,0.0,0.04,0.02
45,5,1,4,False,0.24899400292141427,0.10169016493650063,3,qUCB,0.0,0.72,0.18,0.0,0.02,0.0,0.0,0.0,0.0,0.0,0.0,0.04,0.0,0.04,0.0
45,5,1,4,False,0.24899400292141427,0.10169016493650063,4,qUCB,0.26,0.42,0.22,0.0,0.04,0.0,0.0,0.0,0.02,0.0,0.0,0.04,0.0,0.0,0.0
45,6,0,5,False,0.18358748243709866,0.033395214512514926,0,qUCB,0.52,0.42,0.0,0.0,0.0,0.0,0.0,0.0,0.0,0.0,0.0,0.02,0.0,0.02,0.02
45,6,0,5,False,0.18358748243709866,0.033395214512514926,1,qUCB,0.12,0.0,0.8200000000000001,0.0,0.02,0.0,0.0,0.0,0.0,0.0,0.0,0.04,0.0,0.0,0.0
45,6,0,5,False,0.18358748243709866,0.033395214512514926,2,qUCB,0.26,0.42,0.22,0.0,0.04,0.0,0.0,0.0,0.02,0.0,0.0,0.04,0.0,0.0,0.0
45,6,0,5,False,0.18358748243709866,0.033395214512514926,3,qUCB,0.0,0.12,0.78,0.0,0.04,0.0,0.0,0.0,0.0,0.0,0.0,0.02,0.0,0.02,0.02
45,6,0,5,False,0.18358748243709866,0.033395214512514926,4,qUCB,0.2,0.0,0.72,0.04,0.0,0.0,0.0,0.0,0.0,0.0,0.0,0.02,0.0,0.0,0.02
46,1,5,0,True,1.0594015180371423,0.010403651464225394,0,qEHVI,0.42,0.36,0.12,0.04,0.04,0.0,0.0,0.0,0.02,0.0,0.0,0.0,0.0,0.0,0.0
46,1,5,0,True,1.0594015180371423,0.010403651464225394,1,qEHVI,0.52,0.04,0.34,0.04,0.0,0.0,0.0,0.0,0.0,0.0,0.0,0.02,0.0,0.0,0.04
46,1,5,0,True,1.0594015180371423,0.010403651464225394,2,qEHVI,0.26,0.2,0.44,0.04,0.0,0.0,0.0,0.0,0.02,0.0,0.0,0.04,0.0,0.0,0.0
46,1,5,0,True,1.0594015180371423,0.010403651464225394,3,qEHVI,0.74,0.0,0.16,0.04,0.02,0.0,0.0,0.0,0.04,0.0,0.0,0.0,0.0,0.0,0.0
46,1,5,0,True,1.0594015180371423,0.010403651464225394,4,qEHVI,0.62,0.0,0.34,0.02,0.0,0.0,0.0,0.0,0.0,0.0,0.0,0.02,0.0,0.0,0.0
46,2,4,1,False,1.1111931766408705,0.15781153780753088,0,qEHVI,0.52,0.04,0.34,0.04,0.0,0.0,0.0,0.0,0.0,0.0,0.0,0.02,0.0,0.0,0.04
46,2,4,1,False,1.1111931766408705,0.15781153780753088,1,qEHVI,0.42,0.36,0.12,0.04,0.0,0.0,0.0,0.0,0.0,0.0,0.0,0.0,0.0,0.02,0.04
46,2,4,1,False,1.1111931766408705,0.15781153780753088,2,qEHVI,0.26,0.2,0.44,0.04,0.0,0.0,0.0,0.0,0.02,0.0,0.0,0.04,0.0,0.0,0.0
46,2,4,1,False,1.1111931766408705,0.15781153780753088,3,qEHVI,0.62,0.0,0.34,0.02,0.0,0.0,0.0,0.0,0.0,0.0,0.0,0.02,0.0,0.0,0.0
46,2,4,1,False,1.1111931766408705,0.15781153780753088,4,qUCB,0.4,0.38,0.12,0.0,0.04,0.0,0.0,0.0,0.04,0.0,0.0,0.0,0.0,0.0,0.02
46,3,3,2,False,0.9048629355123513,0.013159771843619161,0,qEHVI,0.52,0.04,0.34,0.04,0.0,0.0,0.0,0.0,0.0,0.0,0.0,0.02,0.0,0.0,0.04
46,3,3,2,False,0.9048629355123513,0.013159771843619161,1,qEHVI,0.42,0.36,0.12,0.04,0.0,0.0,0.0,0.0,0.0,0.0,0.0,0.0,0.0,0.02,0.04
46,3,3,2,False,0.9048629355123513,0.013159771843619161,2,qEHVI,0.26,0.2,0.44,0.04,0.0,0.0,0.0,0.0,0.02,0.0,0.0,0.04,0.0,0.0,0.0
46,3,3,2,False,0.9048629355123513,0.013159771843619161,3,qUCB,0.4,0.38,0.12,0.0,0.04,0.0,0.0,0.0,0.04,0.0,0.0,0.0,0.0,0.0,0.02
46,3,3,2,False,0.9048629355123513,0.013159771843619161,4,qUCB,0.04,0.8200000000000001,0.06,0.0,0.04,0.0,0.0,0.0,0.0,0.0,0.0,0.0,0.0,0.04,0.0
46,4,2,3,False,0.8996800617786491,0.09426550216869956,0,qEHVI,0.52,0.04,0.34,0.04,0.0,0.0,0.0,0.0,0.0,0.0,0.0,0.02,0.0,0.0,0.04
46,4,2,3,False,0.8996800617786491,0.09426550216869956,1,qEHVI,0.42,0.36,0.12,0.04,0.0,0.0,0.0,0.0,0.0,0.0,0.0,0.0,0.0,0.02,0.04
46,4,2,3,False,0.8996800617786491,0.09426550216869956,2,qUCB,0.44,0.34,0.12,0.0,0.02,0.0,0.0,0.0,0.0,0.0,0.0,0.04,0.0,0.04,0.0
46,4,2,3,False,0.8996800617786491,0.09426550216869956,3,qUCB,0.04,0.8,0.06,0.0,0.04,0.0,0.0,0.0,0.02,0.0,0.0,0.04,0.0,0.0,0.0
46,4,2,3,False,0.8996800617786491,0.09426550216869956,4,qUCB,0.02,0.1,0.8,0.0,0.04,0.0,0.0,0.0,0.04,0.0,0.0,0.0,0.0,0.0,0.0
46,5,1,4,False,0.8804430753219579,0.021042626421127864,0,qEHVI,0.52,0.04,0.34,0.04,0.0,0.0,0.0,0.0,0.0,0.0,0.0,0.02,0.0,0.0,0.04
46,5,1,4,False,0.8804430753219579,0.021042626421127864,1,qUCB,0.58,0.1,0.22,0.0,0.02,0.0,0.0,0.0,0.04,0.0,0.0,0.0,0.0,0.04,0.0
46,5,1,4,False,0.8804430753219579,0.021042626421127864,2,qUCB,0.04,0.8200000000000001,0.06,0.0,0.04,0.0,0.0,0.0,0.0,0.0,0.0,0.0,0.0,0.04,0.0
46,5,1,4,False,0.8804430753219579,0.021042626421127864,3,qUCB,0.0,0.76,0.18,0.0,0.04,0.0,0.0,0.0,0.02,0.0,0.0,0.0,0.0,0.0,0.0
46,5,1,4,False,0.8804430753219579,0.021042626421127864,4,qUCB,0.16,0.16,0.58,0.0,0.02,0.0,0.0,0.0,0.04,0.0,0.0,0.0,0.0,0.04,0.0
46,6,0,5,False,0.687902077444862,0.3357595265787463,0,qUCB,0.44,0.38,0.12,0.02,0.02,0.0,0.0,0.0,0.0,0.0,0.0,0.0,0.0,0.0,0.02
46,6,0,5,False,0.687902077444862,0.3357595265787463,1,qUCB,0.74,0.0,0.16,0.04,0.02,0.0,0.0,0.0,0.04,0.0,0.0,0.0,0.0,0.0,0.0
46,6,0,5,False,0.687902077444862,0.3357595265787463,2,qUCB,0.44,0.36,0.1,0.04,0.02,0.0,0.0,0.0,0.0,0.0,0.0,0.04,0.0,0.0,0.0
46,6,0,5,False,0.687902077444862,0.3357595265787463,3,qUCB,0.8200000000000001,0.0,0.18,0.0,0.0,0.0,0.0,0.0,0.0,0.0,0.0,0.0,0.0,0.0,0.0
46,6,0,5,False,0.687902077444862,0.3357595265787463,4,qUCB,0.3,0.54,0.06,0.04,0.0,0.0,0.0,0.0,0.02,0.0,0.0,0.02,0.0,0.02,0.0
47,1,5,0,True,0.7412309238513847,0.11165541902091292,0,qEHVI,0.42,0.38,0.12,0.0,0.0,0.0,0.0,0.0,0.0,0.0,0.0,0.04,0.0,0.04,0.0
47,1,5,0,True,0.7412309238513847,0.11165541902091292,1,qEHVI,0.38,0.22,0.3,0.02,0.04,0.0,0.0,0.0,0.0,0.0,0.0,0.04,0.0,0.0,0.0
47,1,5,0,True,0.7412309238513847,0.11165541902091292,2,qEHVI,0.36,0.12,0.42,0.04,0.0,0.0,0.0,0.0,0.0,0.0,0.0,0.02,0.0,0.04,0.0
47,1,5,0,True,0.7412309238513847,0.11165541902091292,3,qEHVI,0.8,0.12,0.04,0.0,0.0,0.0,0.0,0.0,0.0,0.0,0.0,0.04,0.0,0.0,0.0
47,1,5,0,True,0.7412309238513847,0.11165541902091292,4,qEHVI,0.46,0.04,0.44,0.0,0.04,0.0,0.0,0.0,0.0,0.0,0.0,0.0,0.0,0.02,0.0
47,2,4,1,False,0.6688008375899858,0.047711947775460395,0,qEHVI,0.42,0.38,0.12,0.0,0.0,0.0,0.0,0.0,0.0,0.0,0.0,0.04,0.0,0.04,0.0
47,2,4,1,False,0.6688008375899858,0.047711947775460395,1,qEHVI,0.38,0.22,0.3,0.02,0.04,0.0,0.0,0.0,0.0,0.0,0.0,0.04,0.0,0.0,0.0
47,2,4,1,False,0.6688008375899858,0.047711947775460395,2,qEHVI,0.36,0.12,0.42,0.04,0.0,0.0,0.0,0.0,0.0,0.0,0.0,0.02,0.0,0.04,0.0
47,2,4,1,False,0.6688008375899858,0.047711947775460395,3,qEHVI,0.8,0.12,0.04,0.0,0.0,0.0,0.0,0.0,0.0,0.0,0.0,0.04,0.0,0.0,0.0
47,2,4,1,False,0.6688008375899858,0.047711947775460395,4,qUCB,0.44,0.06,0.4,0.0,0.02,0.0,0.0,0.0,0.04,0.0,0.0,0.0,0.0,0.0,0.04
47,3,3,2,False,0.6058044915804348,0.012279987166505357,0,qEHVI,0.42,0.38,0.12,0.0,0.0,0.0,0.0,0.0,0.0,0.0,0.0,0.04,0.0,0.04,0.0
47,3,3,2,False,0.6058044915804348,0.012279987166505357,1,qEHVI,0.38,0.22,0.3,0.02,0.04,0.0,0.0,0.0,0.0,0.0,0.0,0.04,0.0,0.0,0.0
47,3,3,2,False,0.6058044915804348,0.012279987166505357,2,qEHVI,0.36,0.12,0.42,0.04,0.0,0.0,0.0,0.0,0.0,0.0,0.0,0.02,0.0,0.04,0.0
47,3,3,2,False,0.6058044915804348,0.012279987166505357,3,qUCB,0.38,0.14,0.4,0.0,0.0,0.0,0.0,0.0,0.04,0.0,0.0,0.0,0.0,0.0,0.04
47,3,3,2,False,0.6058044915804348,0.012279987166505357,4,qUCB,0.0,0.84,0.06,0.0,0.0,0.0,0.0,0.0,0.04,0.0,0.0,0.0,0.0,0.02,0.04
47,4,2,3,False,0.5491262853054857,0.2459837869464243,0,qEHVI,0.42,0.38,0.12,0.0,0.0,0.0,0.0,0.0,0.0,0.0,0.0,0.04,0.0,0.04,0.0
47,4,2,3,False,0.5491262853054857,0.2459837869464243,1,qEHVI,0.38,0.22,0.3,0.02,0.04,0.0,0.0,0.0,0.0,0.0,0.0,0.04,0.0,0.0,0.0
47,4,2,3,False,0.5491262853054857,0.2459837869464243,2,qUCB,0.38,0.14,0.4,0.0,0.0,0.0,0.0,0.0,0.04,0.0,0.0,0.0,0.0,0.0,0.04
47,4,2,3,False,0.5491262853054857,0.2459837869464243,3,qUCB,0.26,0.6,0.04,0.04,0.0,0.0,0.0,0.0,0.04,0.0,0.0,0.0,0.0,0.0,0.02
47,4,2,3,False,0.5491262853054857,0.2459837869464243,4,qUCB,0.14,0.02,0.8,0.0,0.0,0.0,0.0,0.0,0.0,0.0,0.0,0.0,0.0,0.0,0.04
47,5,1,4,False,0.41478004203009067,0.055965634106356354,0,qEHVI,0.42,0.38,0.12,0.0,0.0,0.0,0.0,0.0,0.0,0.0,0.0,0.04,0.0,0.04,0.0
47,5,1,4,False,0.41478004203009067,0.055965634106356354,1,qUCB,0.44,0.06,0.4,0.0,0.02,0.0,0.0,0.0,0.04,0.0,0.0,0.0,0.0,0.0,0.04
47,5,1,4,False,0.41478004203009067,0.055965634106356354,2,qUCB,0.26,0.6,0.04,0.04,0.0,0.0,0.0,0.0,0.04,0.0,0.0,0.0,0.0,0.0,0.02
47,5,1,4,False,0.41478004203009067,0.055965634106356354,3,qUCB,0.28,0.4,0.22,0.0,0.04,0.0,0.0,0.0,0.02,0.0,0.0,0.0,0.0,0.0,0.04
47,5,1,4,False,0.41478004203009067,0.055965634106356354,4,qUCB,0.1,0.0,0.8,0.0,0.04,0.0,0.0,0.0,0.0,0.0,0.0,0.02,0.0,0.0,0.04
47,6,0,5,False,0.3632637439303828,0.02740284171318841,0,qUCB,0.42,0.36,0.12,0.0,0.0,0.0,0.0,0.0,0.0,0.0,0.0,0.04,0.0,0.04,0.02
47,6,0,5,False,0.3632637439303828,0.02740284171318841,1,qUCB,0.32,0.6,0.0,0.04,0.0,0.0,0.0,0.0,0.02,0.0,0.0,0.0,0.0,0.0,0.02
47,6,0,5,False,0.3632637439303828,0.02740284171318841,2,qUCB,0.28,0.42,0.22,0.0,0.02,0.0,0.0,0.0,0.0,0.0,0.0,0.04,0.0,0.0,0.02
47,6,0,5,False,0.3632637439303828,0.02740284171318841,3,qUCB,0.14,0.02,0.8,0.0,0.0,0.0,0.0,0.0,0.0,0.0,0.0,0.0,0.0,0.0,0.04
47,6,0,5,False,0.3632637439303828,0.02740284171318841,4,qUCB,0.0,0.84,0.06,0.0,0.0,0.0,0.0,0.0,0.04,0.0,0.0,0.0,0.0,0.02,0.04
48,1,5,0,True,0.5003442091959612,0.14670684480098561,0,qEHVI,0.7000000000000001,0.2,0.04,0.0,0.0,0.0,0.0,0.0,0.0,0.0,0.0,0.04,0.0,0.02,0.0
48,1,5,0,True,0.5003442091959612,0.14670684480098561,1,qEHVI,0.4,0.14,0.38,0.0,0.04,0.0,0.0,0.0,0.04,0.0,0.0,0.0,0.0,0.0,0.0
48,1,5,0,True,0.5003442091959612,0.14670684480098561,2,qEHVI,0.14,0.0,0.84,0.0,0.0,0.0,0.0,0.0,0.0,0.0,0.0,0.0,0.0,0.0,0.02
48,1,5,0,True,0.5003442091959612,0.14670684480098561,3,qEHVI,0.42,0.02,0.46,0.04,0.0,0.0,0.0,0.0,0.02,0.0,0.0,0.02,0.0,0.02,0.0
48,1,5,0,True,0.5003442091959612,0.14670684480098561,4,qEHVI,0.22,0.1,0.58,0.0,0.04,0.0,0.0,0.0,0.04,0.0,0.0,0.0,0.0,0.0,0.02
48,2,4,1,False,0.42664315094657357,0.08128726821064625,0,qEHVI,0.7000000000000001,0.2,0.04,0.0,0.0,0.0,0.0,0.0,0.0,0.0,0.0,0.04,0.0,0.02,0.0
48,2,4,1,False,0.42664315094657357,0.08128726821064625,1,qEHVI,0.4,0.14,0.38,0.0,0.04,0.0,0.0,0.0,0.04,0.0,0.0,0.0,0.0,0.0,0.0
48,2,4,1,False,0.42664315094657357,0.08128726821064625,2,qEHVI,0.14,0.0,0.8200000000000001,0.0,0.02,0.0,0.0,0.0,0.0,0.0,0.0,0.02,0.0,0.0,0.0
48,2,4,1,False,0.42664315094657357,0.08128726821064625,3,qEHVI,0.42,0.02,0.46,0.04,0.0,0.0,0.0,0.0,0.02,0.0,0.0,0.02,0.0,0.02,0.0
48,2,4,1,False,0.42664315094657357,0.08128726821064625,4,qUCB,0.44,0.1,0.38,0.0,0.0,0.0,0.0,0.0,0.0,0.0,0.0,0.0,0.0,0.04,0.04
48,3,3,2,False,0.3639714408686641,0.2659269080993589,0,qEHVI,0.7000000000000001,0.2,0.04,0.0,0.0,0.0,0.0,0.0,0.0,0.0,0.0,0.04,0.0,0.02,0.0
48,3,3,2,False,0.3639714408686641,0.2659269080993589,1,qEHVI,0.4,0.14,0.38,0.0,0.04,0.0,0.0,0.0,0.04,0.0,0.0,0.0,0.0,0.0,0.0
48,3,3,2,False,0.3639714408686641,0.2659269080993589,2,qEHVI,0.14,0.0,0.8200000000000001,0.0,0.02,0.0,0.0,0.0,0.0,0.0,0.0,0.02,0.0,0.0,0.0
48,3,3,2,False,0.3639714408686641,0.2659269080993589,3,qUCB,0.44,0.34,0.14,0.04,0.0,0.0,0.0,0.0,0.0,0.0,0.0,0.0,0.0,0.0,0.04
48,3,3,2,False,0.3639714408686641,0.2659269080993589,4,qUCB,0.0,0.84,0.06,0.02,0.0,0.0,0.0,0.0,0.0,0.0,0.0,0.0,0.0,0.04,0.04
48,4,2,3,False,0.3293749296642671,0.07307343173471814,0,qEHVI,0.7000000000000001,0.2,0.04,0.0,0.0,0.0,0.0,0.0,0.0,0.0,0.0,0.04,0.0,0.02,0.0
48,4,2,3,False,0.3293749296642671,0.07307343173471814,1,qEHVI,0.4,0.14,0.38,0.0,0.04,0.0,0.0,0.0,0.04,0.0,0.0,0.0,0.0,0.0,0.0
48,4,2,3,False,0.3293749296642671,0.07307343173471814,2,qUCB,0.38,0.1,0.42,0.04,0.02,0.0,0.0,0.0,0.0,0.0,0.0,0.0,0.0,0.0,0.04
48,4,2,3,False,0.3293749296642671,0.07307343173471814,3,qUCB,0.0,0.84,0.06,0.02,0.0,0.0,0.0,0.0,0.0,0.0,0.0,0.0,0.0,0.04,0.04
48,4,2,3,False,0.3293749296642671,0.07307343173471814,4,qUCB,0.14,0.0,0.84,0.0,0.0,0.0,0.0,0.0,0.0,0.0,0.0,0.0,0.0,0.0,0.02
48,5,1,4,False,0.30115228642854597,0.039074074420278215,0,qEHVI,0.7000000000000001,0.2,0.04,0.0,0.0,0.0,0.0,0.0,0.0,0.0,0.0,0.04,0.0,0.02,0.0
48,5,1,4,False,0.30115228642854597,0.039074074420278215,1,qUCB,0.42,0.1,0.38,0.0,0.02,0.0,0.0,0.0,0.04,0.0,0.0,0.0,0.0,0.0,0.04
48,5,1,4,False,0.30115228642854597,0.039074074420278215,2,qUCB,0.0,0.88,0.06,0.0,0.04,0.0,0.0,0.0,0.0,0.0,0.0,0.0,0.0,0.0,0.02
48,5,1,4,False,0.30115228642854597,0.039074074420278215,3,qUCB,0.0,0.74,0.18,0.0,0.04,0.0,0.0,0.0,0.0,0.0,0.0,0.0,0.0,0.0,0.04
48,5,1,4,False,0.30115228642854597,0.039074074420278215,4,qUCB,0.22,0.1,0.58,0.0,0.04,0.0,0.0,0.0,0.04,0.0,0.0,0.0,0.0,0.0,0.02
48,6,0,5,False,0.2682483032055934,0.05038213114506629,0,qUCB,0.5,0.42,0.0,0.0,0.02,0.0,0.0,0.0,0.0,0.0,0.0,0.04,0.0,0.02,0.0
48,6,0,5,False,0.2682483032055934,0.05038213114506629,1,qUCB,0.14,0.0,0.84,0.0,0.0,0.0,0.0,0.0,0.0,0.0,0.0,0.0,0.0,0.0,0.02
48,6,0,5,False,0.2682483032055934,0.05038213114506629,2,qUCB,0.0,0.88,0.06,0.0,0.04,0.0,0.0,0.0,0.0,0.0,0.0,0.0,0.0,0.0,0.02
48,6,0,5,False,0.2682483032055934,0.05038213114506629,3,qUCB,0.3,0.4,0.22,0.0,0.0,0.0,0.0,0.0,0.04,0.0,0.0,0.04,0.0,0.0,0.0
48,6,0,5,False,0.2682483032055934,0.05038213114506629,4,qUCB,0.08,0.02,0.8,0.0,0.0,0.0,0.0,0.0,0.04,0.0,0.0,0.04,0.0,0.02,0.0
49,1,5,0,True,0.4558352987194666,0.16056316548440996,0,qEHVI,0.64,0.0,0.36,0.0,0.0,0.0,0.0,0.0,0.0,0.0,0.0,0.0,0.0,0.0,0.0
49,1,5,0,True,0.4558352987194666,0.16056316548440996,1,qEHVI,0.5,0.0,0.46,0.0,0.0,0.0,0.0,0.0,0.0,0.0,0.0,0.0,0.0,0.02,0.02
49,1,5,0,True,0.4558352987194666,0.16056316548440996,2,qEHVI,0.42,0.14,0.36,0.02,0.0,0.0,0.0,0.0,0.02,0.0,0.0,0.04,0.0,0.0,0.0
49,1,5,0,True,0.4558352987194666,0.16056316548440996,3,qEHVI,0.6,0.28,0.02,0.0,0.0,0.0,0.0,0.0,0.02,0.0,0.0,0.04,0.0,0.0,0.04
49,1,5,0,True,0.4558352987194666,0.16056316548440996,4,qEHVI,0.2,0.0,0.76,0.04,0.0,0.0,0.0,0.0,0.0,0.0,0.0,0.0,0.0,0.0,0.0
49,2,4,1,False,0.3777770241247441,0.15935269851473066,0,qEHVI,0.64,0.0,0.36,0.0,0.0,0.0,0.0,0.0,0.0,0.0,0.0,0.0,0.0,0.0,0.0
49,2,4,1,False,0.3777770241247441,0.15935269851473066,1,qEHVI,0.5,0.0,0.46,0.0,0.0,0.0,0.0,0.0,0.0,0.0,0.0,0.0,0.0,0.02,0.02
49,2,4,1,False,0.3777770241247441,0.15935269851473066,2,qEHVI,0.42,0.14,0.36,0.02,0.0,0.0,0.0,0.0,0.02,0.0,0.0,0.04,0.0,0.0,0.0
49,2,4,1,False,0.3777770241247441,0.15935269851473066,3,qEHVI,0.2,0.0,0.76,0.04,0.0,0.0,0.0,0.0,0.0,0.0,0.0,0.0,0.0,0.0,0.0
49,2,4,1,False,0.3777770241247441,0.15935269851473066,4,qUCB,0.5,0.4,0.0,0.0,0.04,0.0,0.0,0.0,0.04,0.0,0.0,0.02,0.0,0.0,0.0
49,3,3,2,False,0.3718097602763561,0.028531056684705902,0,qEHVI,0.64,0.0,0.36,0.0,0.0,0.0,0.0,0.0,0.0,0.0,0.0,0.0,0.0,0.0,0.0
49,3,3,2,False,0.3718097602763561,0.028531056684705902,1,qEHVI,0.5,0.0,0.46,0.0,0.0,0.0,0.0,0.0,0.0,0.0,0.0,0.0,0.0,0.02,0.02
49,3,3,2,False,0.3718097602763561,0.028531056684705902,2,qEHVI,0.42,0.14,0.36,0.02,0.0,0.0,0.0,0.0,0.02,0.0,0.0,0.04,0.0,0.0,0.0
49,3,3,2,False,0.3718097602763561,0.028531056684705902,3,qUCB,0.38,0.12,0.4,0.04,0.04,0.0,0.0,0.0,0.0,0.0,0.0,0.0,0.0,0.02,0.0
49,3,3,2,False,0.3718097602763561,0.028531056684705902,4,qUCB,0.04,0.8,0.06,0.0,0.04,0.0,0.0,0.0,0.04,0.0,0.0,0.0,0.0,0.0,0.02
49,4,2,3,False,0.24370030649685198,0.040351957405159844,0,qEHVI,0.64,0.0,0.36,0.0,0.0,0.0,0.0,0.0,0.0,0.0,0.0,0.0,0.0,0.0,0.0
49,4,2,3,False,0.24370030649685198,0.040351957405159844,1,qEHVI,0.5,0.0,0.46,0.0,0.0,0.0,0.0,0.0,0.0,0.0,0.0,0.0,0.0,0.02,0.02
49,4,2,3,False,0.24370030649685198,0.040351957405159844,2,qUCB,0.5,0.4,0.0,0.0,0.04,0.0,0.0,0.0,0.04,0.0,0.0,0.02,0.0,0.0,0.0
49,4,2,3,False,0.24370030649685198,0.040351957405159844,3,qUCB,0.04,0.8,0.06,0.0,0.04,0.0,0.0,0.0,0.04,0.0,0.0,0.0,0.0,0.0,0.02
49,4,2,3,False,0.24370030649685198,0.040351957405159844,4,qUCB,0.0,0.84,0.06,0.04,0.0,0.0,0.0,0.0,0.04,0.0,0.0,0.0,0.0,0.0,0.02
49,5,1,4,False,0.23559706967965977,0.12861392999027288,0,qEHVI,0.64,0.0,0.36,0.0,0.0,0.0,0.0,0.0,0.0,0.0,0.0,0.0,0.0,0.0,0.0
49,5,1,4,False,0.23559706967965977,0.12861392999027288,1,qUCB,0.5,0.4,0.0,0.0,0.04,0.0,0.0,0.0,0.04,0.0,0.0,0.02,0.0,0.0,0.0
49,5,1,4,False,0.23559706967965977,0.12861392999027288,2,qUCB,0.0,0.86,0.06,0.0,0.0,0.0,0.0,0.0,0.0,0.0,0.0,0.04,0.0,0.0,0.04
49,5,1,4,False,0.23559706967965977,0.12861392999027288,3,qUCB,0.0,0.74,0.18,0.0,0.04,0.0,0.0,0.0,0.0,0.0,0.0,0.0,0.0,0.04,0.0
49,5,1,4,False,0.23559706967965977,0.12861392999027288,4,qUCB,0.0,0.84,0.06,0.04,0.0,0.0,0.0,0.0,0.04,0.0,0.0,0.0,0.0,0.0,0.02
49,6,0,5,False,0.15870365068847286,0.06185724613697552,0,qUCB,0.52,0.44,0.0,0.0,0.0,0.0,0.0,0.0,0.0,0.0,0.0,0.04,0.0,0.0,0.0
49,6,0,5,False,0.15870365068847286,0.06185724613697552,1,qUCB,0.0,0.86,0.06,0.0,0.0,0.0,0.0,0.0,0.0,0.0,0.0,0.04,0.0,0.0,0.04
49,6,0,5,False,0.15870365068847286,0.06185724613697552,2,qUCB,0.28,0.42,0.22,0.0,0.0,0.0,0.0,0.0,0.04,0.0,0.0,0.04,0.0,0.0,0.0
49,6,0,5,False,0.15870365068847286,0.06185724613697552,3,qUCB,0.18,0.0,0.74,0.04,0.0,0.0,0.0,0.0,0.0,0.0,0.0,0.0,0.0,0.02,0.02
49,6,0,5,False,0.15870365068847286,0.06185724613697552,4,qUCB,0.14,0.72,0.06,0.04,0.0,0.0,0.0,0.0,0.0,0.0,0.0,0.0,0.0,0.04,0.0
50,1,5,0,True,0.4701597266987605,0.177386320899954,0,qEHVI,0.46,0.0,0.44,0.0,0.0,0.0,0.0,0.0,0.04,0.0,0.0,0.0,0.0,0.02,0.04
50,1,5,0,True,0.4701597266987605,0.177386320899954,1,qEHVI,0.4,0.1,0.4,0.04,0.0,0.0,0.0,0.0,0.0,0.0,0.0,0.04,0.0,0.0,0.02
50,1,5,0,True,0.4701597266987605,0.177386320899954,2,qEHVI,0.72,0.16,0.06,0.0,0.0,0.0,0.0,0.0,0.0,0.0,0.0,0.04,0.0,0.02,0.0
50,1,5,0,True,0.4701597266987605,0.177386320899954,3,qEHVI,0.0,0.66,0.28,0.04,0.02,0.0,0.0,0.0,0.0,0.0,0.0,0.0,0.0,0.0,0.0
50,1,5,0,True,0.4701597266987605,0.177386320899954,4,qEHVI,0.52,0.36,0.02,0.0,0.02,0.0,0.0,0.0,0.04,0.0,0.0,0.0,0.0,0.0,0.04
50,2,4,1,False,0.49936841186345504,0.2505424901850777,0,qEHVI,0.46,0.0,0.44,0.0,0.0,0.0,0.0,0.0,0.04,0.0,0.0,0.0,0.0,0.02,0.04
50,2,4,1,False,0.49936841186345504,0.2505424901850777,1,qEHVI,0.4,0.1,0.4,0.04,0.0,0.0,0.0,0.0,0.0,0.0,0.0,0.04,0.0,0.0,0.02
50,2,4,1,False,0.49936841186345504,0.2505424901850777,2,qEHVI,0.72,0.16,0.06,0.0,0.0,0.0,0.0,0.0,0.0,0.0,0.0,0.04,0.0,0.02,0.0
50,2,4,1,False,0.49936841186345504,0.2505424901850777,3,qEHVI,0.0,0.66,0.28,0.04,0.02,0.0,0.0,0.0,0.0,0.0,0.0,0.0,0.0,0.0,0.0
50,2,4,1,False,0.49936841186345504,0.2505424901850777,4,qUCB,0.42,0.12,0.36,0.0,0.04,0.0,0.0,0.0,0.02,0.0,0.0,0.0,0.0,0.04,0.0
50,3,3,2,False,0.36844163515196104,0.08744098691735758,0,qEHVI,0.46,0.0,0.44,0.0,0.0,0.0,0.0,0.0,0.04,0.0,0.0,0.0,0.0,0.02,0.04
50,3,3,2,False,0.36844163515196104,0.08744098691735758,1,qEHVI,0.4,0.1,0.4,0.04,0.0,0.0,0.0,0.0,0.0,0.0,0.0,0.04,0.0,0.0,0.02
50,3,3,2,False,0.36844163515196104,0.08744098691735758,2,qEHVI,0.72,0.16,0.06,0.0,0.0,0.0,0.0,0.0,0.0,0.0,0.0,0.04,0.0,0.02,0.0
50,3,3,2,False,0.36844163515196104,0.08744098691735758,3,qUCB,0.4,0.16,0.36,0.02,0.04,0.0,0.0,0.0,0.02,0.0,0.0,0.0,0.0,0.0,0.0
50,3,3,2,False,0.36844163515196104,0.08744098691735758,4,qUCB,0.02,0.86,0.06,0.0,0.04,0.0,0.0,0.0,0.02,0.0,0.0,0.0,0.0,0.0,0.0
50,4,2,3,False,0.2907237809431388,0.019061609449348538,0,qEHVI,0.46,0.0,0.44,0.0,0.0,0.0,0.0,0.0,0.04,0.0,0.0,0.0,0.0,0.02,0.04
50,4,2,3,False,0.2907237809431388,0.019061609449348538,1,qEHVI,0.4,0.1,0.4,0.04,0.0,0.0,0.0,0.0,0.0,0.0,0.0,0.04,0.0,0.0,0.02
50,4,2,3,False,0.2907237809431388,0.019061609449348538,2,qUCB,0.4,0.12,0.38,0.0,0.04,0.0,0.0,0.0,0.0,0.0,0.0,0.02,0.0,0.04,0.0
50,4,2,3,False,0.2907237809431388,0.019061609449348538,3,qUCB,0.0,0.86,0.04,0.0,0.04,0.0,0.0,0.0,0.0,0.0,0.0,0.02,0.0,0.04,0.0
50,4,2,3,False,0.2907237809431388,0.019061609449348538,4,qUCB,0.02,0.86,0.06,0.0,0.04,0.0,0.0,0.0,0.02,0.0,0.0,0.0,0.0,0.0,0.0
50,5,1,4,False,0.2819115775982702,0.005060493779649455,0,qEHVI,0.46,0.0,0.44,0.0,0.0,0.0,0.0,0.0,0.04,0.0,0.0,0.0,0.0,0.02,0.04
50,5,1,4,False,0.2819115775982702,0.005060493779649455,1,qUCB,0.46,0.44,0.0,0.0,0.04,0.0,0.0,0.0,0.0,0.0,0.0,0.04,0.0,0.02,0.0
50,5,1,4,False,0.2819115775982702,0.005060493779649455,2,qUCB,0.02,0.8200000000000001,0.06,0.02,0.04,0.0,0.0,0.0,0.0,0.0,0.0,0.04,0.0,0.0,0.0
50,5,1,4,False,0.2819115775982702,0.005060493779649455,3,qUCB,0.0,0.74,0.18,0.0,0.02,0.0,0.0,0.0,0.0,0.0,0.0,0.04,0.0,0.02,0.0
50,5,1,4,False,0.2819115775982702,0.005060493779649455,4,qUCB,0.0,0.66,0.28,0.04,0.02,0.0,0.0,0.0,0.0,0.0,0.0,0.0,0.0,0.0,0.0
50,6,0,5,False,0.15607575937734403,0.008557623141173698,0,qUCB,0.52,0.42,0.0,0.0,0.0,0.0,0.0,0.0,0.0,0.0,0.0,0.04,0.0,0.0,0.02
50,6,0,5,False,0.15607575937734403,0.008557623141173698,1,qUCB,0.0,0.86,0.06,0.0,0.04,0.0,0.0,0.0,0.02,0.0,0.0,0.0,0.0,0.0,0.02
50,6,0,5,False,0.15607575937734403,0.008557623141173698,2,qUCB,0.32,0.4,0.22,0.0,0.02,0.0,0.0,0.0,0.0,0.0,0.0,0.04,0.0,0.0,0.0
50,6,0,5,False,0.15607575937734403,0.008557623141173698,3,qUCB,0.0,0.74,0.18,0.0,0.02,0.0,0.0,0.0,0.0,0.0,0.0,0.04,0.0,0.02,0.0
50,6,0,5,False,0.15607575937734403,0.008557623141173698,4,qUCB,0.44,0.28,0.18,0.04,0.02,0.0,0.0,0.0,0.0,0.0,0.0,0.0,0.0,0.0,0.04
