iteration,option,n_opt,n_exp,selected,full_qehvi,full_entropy,point_idx,source,x_0,x_1,x_2,x_3,x_4,x_5,x_6
1,1,5,0,False,1.7678810828901237,0.7160377981499391,0,qEHVI,0.1,0.0,0.7000000000000001,0.1,0.05,0.0,0.05
1,1,5,0,False,1.7678810828901237,0.7160377981499391,1,qEHVI,0.05,0.0,0.2,0.1,0.1,0.45,0.1
1,1,5,0,False,1.7678810828901237,0.7160377981499391,2,qEHVI,0.0,0.30000000000000004,0.2,0.05,0.0,0.45,0.0
1,1,5,0,False,1.7678810828901237,0.7160377981499391,3,qEHVI,0.1,0.0,0.7000000000000001,0.1,0.1,0.0,0.0
1,1,5,0,False,1.7678810828901237,0.7160377981499391,4,qEHVI,0.0,0.0,0.7000000000000001,0.1,0.0,0.2,0.0
1,2,4,1,True,1.6910467136451974,1.0611030890987436,0,qEHVI,0.1,0.0,0.7000000000000001,0.1,0.05,0.0,0.05
1,2,4,1,True,1.6910467136451974,1.0611030890987436,1,qEHVI,0.05,0.0,0.2,0.1,0.1,0.45,0.1
1,2,4,1,True,1.6910467136451974,1.0611030890987436,2,qEHVI,0.0,0.30000000000000004,0.2,0.05,0.0,0.45,0.0
1,2,4,1,True,1.6910467136451974,1.0611030890987436,3,qEHVI,0.1,0.0,0.7000000000000001,0.1,0.1,0.0,0.0
1,2,4,1,True,1.6910467136451974,1.0611030890987436,4,qUCB,0.35000000000000003,0.35000000000000003,0.2,0.0,0.0,0.0,0.1
1,3,3,2,False,1.6797734168202518,0.6337983020631128,0,qEHVI,0.1,0.0,0.7000000000000001,0.1,0.05,0.0,0.05
1,3,3,2,False,1.6797734168202518,0.6337983020631128,1,qEHVI,0.05,0.0,0.2,0.1,0.1,0.45,0.1
1,3,3,2,False,1.6797734168202518,0.6337983020631128,2,qEHVI,0.0,0.30000000000000004,0.2,0.05,0.0,0.45,0.0
1,3,3,2,False,1.6797734168202518,0.6337983020631128,3,qUCB,0.35000000000000003,0.35000000000000003,0.2,0.0,0.0,0.0,0.1
1,3,3,2,False,1.6797734168202518,0.6337983020631128,4,qUCB,0.25,0.0,0.2,0.0,0.1,0.45,0.0
1,4,2,3,False,1.6772216332398047,0.6398333368899181,0,qEHVI,0.1,0.0,0.7000000000000001,0.1,0.05,0.0,0.05
1,4,2,3,False,1.6772216332398047,0.6398333368899181,1,qEHVI,0.05,0.0,0.2,0.1,0.1,0.45,0.1
1,4,2,3,False,1.6772216332398047,0.6398333368899181,2,qUCB,0.35000000000000003,0.0,0.2,0.0,0.0,0.45,0.0
1,4,2,3,False,1.6772216332398047,0.6398333368899181,3,qUCB,0.35000000000000003,0.35000000000000003,0.2,0.0,0.0,0.0,0.1
1,4,2,3,False,1.6772216332398047,0.6398333368899181,4,qUCB,0.0,0.45,0.2,0.0,0.0,0.35000000000000003,0.0
1,5,1,4,False,1.6359552149822514,0.5432325601035632,0,qEHVI,0.1,0.0,0.7000000000000001,0.1,0.05,0.0,0.05
1,5,1,4,False,1.6359552149822514,0.5432325601035632,1,qUCB,0.35000000000000003,0.0,0.2,0.0,0.0,0.45,0.0
1,5,1,4,False,1.6359552149822514,0.5432325601035632,2,qUCB,0.05,0.2,0.2,0.0,0.0,0.45,0.1
1,5,1,4,False,1.6359552149822514,0.5432325601035632,3,qUCB,0.0,0.45,0.2,0.0,0.0,0.35000000000000003,0.0
1,5,1,4,False,1.6359552149822514,0.5432325601035632,4,qUCB,0.0,0.30000000000000004,0.2,0.0,0.05,0.45,0.0
1,6,0,5,False,1.826364902562002,1.0274676211658793,0,qUCB,0.1,0.0,0.7000000000000001,0.1,0.1,0.0,0.0
1,6,0,5,False,1.826364902562002,1.0274676211658793,1,qUCB,0.1,0.0,0.7000000000000001,0.1,0.0,0.0,0.1
1,6,0,5,False,1.826364902562002,1.0274676211658793,2,qUCB,0.05,0.0,0.2,0.1,0.1,0.45,0.1
1,6,0,5,False,1.826364902562002,1.0274676211658793,3,qUCB,0.0,0.30000000000000004,0.2,0.05,0.0,0.45,0.0
1,6,0,5,False,1.826364902562002,1.0274676211658793,4,qUCB,0.25,0.0,0.2,0.0,0.1,0.45,0.0
2,1,5,0,False,1.9109142436813886,0.8325177938015003,0,qEHVI,0.15000000000000002,0.0,0.2,0.1,0.1,0.35000000000000003,0.1
2,1,5,0,False,1.9109142436813886,0.8325177938015003,1,qEHVI,0.0,0.0,0.7000000000000001,0.1,0.0,0.1,0.1
2,1,5,0,False,1.9109142436813886,0.8325177938015003,2,qEHVI,0.05,0.15000000000000002,0.7000000000000001,0.0,0.0,0.0,0.1
2,1,5,0,False,1.9109142436813886,0.8325177938015003,3,qEHVI,0.0,0.0,0.55,0.0,0.0,0.45,0.0
2,1,5,0,False,1.9109142436813886,0.8325177938015003,4,qEHVI,0.35000000000000003,0.0,0.55,0.0,0.0,0.0,0.1
2,2,4,1,True,1.8115205290476337,1.2562096892668553,0,qEHVI,0.15000000000000002,0.0,0.2,0.1,0.1,0.35000000000000003,0.1
2,2,4,1,True,1.8115205290476337,1.2562096892668553,1,qEHVI,0.0,0.0,0.7000000000000001,0.1,0.0,0.1,0.1
2,2,4,1,True,1.8115205290476337,1.2562096892668553,2,qEHVI,0.05,0.15000000000000002,0.7000000000000001,0.0,0.0,0.0,0.1
2,2,4,1,True,1.8115205290476337,1.2562096892668553,3,qEHVI,0.0,0.0,0.55,0.0,0.0,0.45,0.0
2,2,4,1,True,1.8115205290476337,1.2562096892668553,4,qUCB,0.2,0.5,0.2,0.1,0.0,0.0,0.0
2,3,3,2,False,1.6606088600203044,0.7725005544223471,0,qEHVI,0.15000000000000002,0.0,0.2,0.1,0.1,0.35000000000000003,0.1
2,3,3,2,False,1.6606088600203044,0.7725005544223471,1,qEHVI,0.0,0.0,0.7000000000000001,0.1,0.0,0.1,0.1
2,3,3,2,False,1.6606088600203044,0.7725005544223471,2,qEHVI,0.05,0.15000000000000002,0.7000000000000001,0.0,0.0,0.0,0.1
2,3,3,2,False,1.6606088600203044,0.7725005544223471,3,qUCB,0.2,0.5,0.2,0.1,0.0,0.0,0.0
2,3,3,2,False,1.6606088600203044,0.7725005544223471,4,qUCB,0.0,0.5,0.2,0.0,0.0,0.30000000000000004,0.0
2,4,2,3,False,1.4555077579060234,0.6211411024744571,0,qEHVI,0.15000000000000002,0.0,0.2,0.1,0.1,0.35000000000000003,0.1
2,4,2,3,False,1.4555077579060234,0.6211411024744571,1,qEHVI,0.0,0.0,0.7000000000000001,0.1,0.0,0.1,0.1
2,4,2,3,False,1.4555077579060234,0.6211411024744571,2,qUCB,0.1,0.5,0.35000000000000003,0.0,0.05,0.0,0.0
2,4,2,3,False,1.4555077579060234,0.6211411024744571,3,qUCB,0.35000000000000003,0.0,0.5,0.0,0.0,0.15000000000000002,0.0
2,4,2,3,False,1.4555077579060234,0.6211411024744571,4,qUCB,0.0,0.5,0.2,0.0,0.0,0.30000000000000004,0.0
2,5,1,4,False,1.5582953881333985,0.6898445971504721,0,qEHVI,0.15000000000000002,0.0,0.2,0.1,0.1,0.35000000000000003,0.1
2,5,1,4,False,1.5582953881333985,0.6898445971504721,1,qUCB,0.15000000000000002,0.15000000000000002,0.7000000000000001,0.0,0.0,0.0,0.0
2,5,1,4,False,1.5582953881333985,0.6898445971504721,2,qUCB,0.2,0.0,0.7000000000000001,0.0,0.0,0.1,0.0
2,5,1,4,False,1.5582953881333985,0.6898445971504721,3,qUCB,0.0,0.5,0.2,0.0,0.0,0.30000000000000004,0.0
2,5,1,4,False,1.5582953881333985,0.6898445971504721,4,qUCB,0.15000000000000002,0.5,0.35000000000000003,0.0,0.0,0.0,0.0
2,6,0,5,False,1.3157841677676163,0.6515687206858036,0,qUCB,0.05,0.15000000000000002,0.7000000000000001,0.0,0.0,0.0,0.1
2,6,0,5,False,1.3157841677676163,0.6515687206858036,1,qUCB,0.0,0.0,0.65,0.1,0.0,0.15000000000000002,0.1
2,6,0,5,False,1.3157841677676163,0.6515687206858036,2,qUCB,0.0,0.5,0.2,0.0,0.0,0.30000000000000004,0.0
2,6,0,5,False,1.3157841677676163,0.6515687206858036,3,qUCB,0.35000000000000003,0.0,0.4,0.0,0.05,0.1,0.1
2,6,0,5,False,1.3157841677676163,0.6515687206858036,4,qUCB,0.0,0.5,0.30000000000000004,0.1,0.1,0.0,0.0
3,1,5,0,False,1.3005659613110467,0.7764669402310762,0,qEHVI,0.0,0.0,0.7000000000000001,0.1,0.1,0.0,0.1
3,1,5,0,False,1.3005659613110467,0.7764669402310762,1,qEHVI,0.0,0.1,0.7000000000000001,0.1,0.1,0.0,0.0
3,1,5,0,False,1.3005659613110467,0.7764669402310762,2,qEHVI,0.0,0.0,0.7000000000000001,0.0,0.0,0.2,0.1
3,1,5,0,False,1.3005659613110467,0.7764669402310762,3,qEHVI,0.0,0.1,0.7000000000000001,0.1,0.05,0.0,0.05
3,1,5,0,False,1.3005659613110467,0.7764669402310762,4,qEHVI,0.0,0.1,0.7000000000000001,0.1,0.0,0.0,0.1
3,2,4,1,False,1.2785357351538114,0.3677685136821518,0,qEHVI,0.0,0.0,0.7000000000000001,0.1,0.1,0.0,0.1
3,2,4,1,False,1.2785357351538114,0.3677685136821518,1,qEHVI,0.0,0.1,0.7000000000000001,0.1,0.1,0.0,0.0
3,2,4,1,False,1.2785357351538114,0.3677685136821518,2,qEHVI,0.0,0.0,0.7000000000000001,0.0,0.0,0.2,0.1
3,2,4,1,False,1.2785357351538114,0.3677685136821518,3,qEHVI,0.0,0.05,0.7000000000000001,0.1,0.1,0.0,0.05
3,2,4,1,False,1.2785357351538114,0.3677685136821518,4,qUCB,0.35000000000000003,0.0,0.2,0.0,0.0,0.45,0.0
3,3,3,2,False,1.2200875104910704,0.7253643393123026,0,qEHVI,0.0,0.0,0.7000000000000001,0.1,0.1,0.0,0.1
3,3,3,2,False,1.2200875104910704,0.7253643393123026,1,qEHVI,0.0,0.1,0.7000000000000001,0.1,0.1,0.0,0.0
3,3,3,2,False,1.2200875104910704,0.7253643393123026,2,qEHVI,0.0,0.0,0.7000000000000001,0.0,0.0,0.2,0.1
3,3,3,2,False,1.2200875104910704,0.7253643393123026,3,qUCB,0.35000000000000003,0.0,0.2,0.0,0.0,0.45,0.0
3,3,3,2,False,1.2200875104910704,0.7253643393123026,4,qUCB,0.0,0.5,0.30000000000000004,0.1,0.0,0.0,0.1
3,4,2,3,True,1.045679293738814,1.0827994594777994,0,qEHVI,0.0,0.0,0.7000000000000001,0.1,0.1,0.0,0.1
3,4,2,3,True,1.045679293738814,1.0827994594777994,1,qEHVI,0.0,0.1,0.7000000000000001,0.1,0.1,0.0,0.0
3,4,2,3,True,1.045679293738814,1.0827994594777994,2,qUCB,0.35000000000000003,0.0,0.2,0.0,0.0,0.45,0.0
3,4,2,3,True,1.045679293738814,1.0827994594777994,3,qUCB,0.35000000000000003,0.0,0.2,0.0,0.0,0.35000000000000003,0.1
3,4,2,3,True,1.045679293738814,1.0827994594777994,4,qUCB,0.35000000000000003,0.0,0.65,0.0,0.0,0.0,0.0
3,5,1,4,False,0.9462695336188375,0.5702742383336012,0,qEHVI,0.0,0.0,0.7000000000000001,0.1,0.1,0.0,0.1
3,5,1,4,False,0.9462695336188375,0.5702742383336012,1,qUCB,0.35000000000000003,0.0,0.2,0.0,0.0,0.45,0.0
3,5,1,4,False,0.9462695336188375,0.5702742383336012,2,qUCB,0.35000000000000003,0.0,0.65,0.0,0.0,0.0,0.0
3,5,1,4,False,0.9462695336188375,0.5702742383336012,3,qUCB,0.35000000000000003,0.0,0.2,0.0,0.0,0.35000000000000003,0.1
3,5,1,4,False,0.9462695336188375,0.5702742383336012,4,qUCB,0.0,0.5,0.30000000000000004,0.1,0.0,0.0,0.1
3,6,0,5,False,1.0082962490683693,0.49110977371289444,0,qUCB,0.0,0.0,0.7000000000000001,0.1,0.1,0.0,0.1
3,6,0,5,False,1.0082962490683693,0.49110977371289444,1,qUCB,0.35000000000000003,0.0,0.2,0.0,0.0,0.45,0.0
3,6,0,5,False,1.0082962490683693,0.49110977371289444,2,qUCB,0.35000000000000003,0.0,0.5,0.05,0.0,0.0,0.1
3,6,0,5,False,1.0082962490683693,0.49110977371289444,3,qUCB,0.0,0.5,0.30000000000000004,0.1,0.0,0.0,0.1
3,6,0,5,False,1.0082962490683693,0.49110977371289444,4,qUCB,0.35000000000000003,0.0,0.65,0.0,0.0,0.0,0.0
4,1,5,0,False,1.1376402947532418,0.758005276128586,0,qEHVI,0.05,0.0,0.7000000000000001,0.05,0.0,0.1,0.1
4,1,5,0,False,1.1376402947532418,0.758005276128586,1,qEHVI,0.0,0.0,0.65,0.05,0.0,0.2,0.1
4,1,5,0,False,1.1376402947532418,0.758005276128586,2,qEHVI,0.1,0.05,0.7000000000000001,0.05,0.0,0.0,0.1
4,1,5,0,False,1.1376402947532418,0.758005276128586,3,qEHVI,0.2,0.0,0.7000000000000001,0.0,0.0,0.0,0.1
4,1,5,0,False,1.1376402947532418,0.758005276128586,4,qEHVI,0.1,0.0,0.7000000000000001,0.0,0.0,0.15000000000000002,0.05
4,2,4,1,True,1.0535874931086637,0.6727352327672562,0,qEHVI,0.05,0.0,0.7000000000000001,0.05,0.0,0.1,0.1
4,2,4,1,True,1.0535874931086637,0.6727352327672562,1,qEHVI,0.0,0.0,0.65,0.05,0.0,0.2,0.1
4,2,4,1,True,1.0535874931086637,0.6727352327672562,2,qEHVI,0.1,0.05,0.7000000000000001,0.05,0.0,0.0,0.1
4,2,4,1,True,1.0535874931086637,0.6727352327672562,3,qEHVI,0.2,0.0,0.7000000000000001,0.0,0.0,0.0,0.1
4,2,4,1,True,1.0535874931086637,0.6727352327672562,4,qUCB,0.1,0.5,0.2,0.1,0.1,0.0,0.0
4,3,3,2,False,0.9783111313205219,0.5512356066695367,0,qEHVI,0.05,0.0,0.7000000000000001,0.05,0.0,0.1,0.1
4,3,3,2,False,0.9783111313205219,0.5512356066695367,1,qEHVI,0.0,0.0,0.65,0.05,0.0,0.2,0.1
4,3,3,2,False,0.9783111313205219,0.5512356066695367,2,qEHVI,0.1,0.05,0.7000000000000001,0.05,0.0,0.0,0.1
4,3,3,2,False,0.9783111313205219,0.5512356066695367,3,qUCB,0.1,0.5,0.2,0.1,0.1,0.0,0.0
4,3,3,2,False,0.9783111313205219,0.5512356066695367,4,qUCB,0.0,0.5,0.30000000000000004,0.0,0.1,0.0,0.1
4,4,2,3,False,0.8456076898961125,0.2875927757820067,0,qEHVI,0.05,0.0,0.7000000000000001,0.05,0.0,0.1,0.1
4,4,2,3,False,0.8456076898961125,0.2875927757820067,1,qEHVI,0.0,0.0,0.65,0.05,0.0,0.2,0.1
4,4,2,3,False,0.8456076898961125,0.2875927757820067,2,qUCB,0.1,0.5,0.2,0.1,0.1,0.0,0.0
4,4,2,3,False,0.8456076898961125,0.2875927757820067,3,qUCB,0.35000000000000003,0.15000000000000002,0.2,0.1,0.1,0.0,0.1
4,4,2,3,False,0.8456076898961125,0.2875927757820067,4,qUCB,0.0,0.5,0.30000000000000004,0.0,0.1,0.0,0.1
4,5,1,4,False,0.5449448002247133,0.39236453767780155,0,qEHVI,0.05,0.0,0.7000000000000001,0.05,0.0,0.1,0.1
4,5,1,4,False,0.5449448002247133,0.39236453767780155,1,qUCB,0.1,0.5,0.2,0.1,0.1,0.0,0.0
4,5,1,4,False,0.5449448002247133,0.39236453767780155,2,qUCB,0.35000000000000003,0.15000000000000002,0.2,0.1,0.1,0.0,0.1
4,5,1,4,False,0.5449448002247133,0.39236453767780155,3,qUCB,0.0,0.5,0.30000000000000004,0.0,0.1,0.0,0.1
4,5,1,4,False,0.5449448002247133,0.39236453767780155,4,qUCB,0.0,0.5,0.2,0.1,0.1,0.1,0.0
4,6,0,5,False,0.7515193690802124,0.43589368196086653,0,qUCB,0.0,0.0,0.6000000000000001,0.0,0.05,0.25,0.1
4,6,0,5,False,0.7515193690802124,0.43589368196086653,1,qUCB,0.0,0.5,0.35000000000000003,0.05,0.0,0.0,0.1
4,6,0,5,False,0.7515193690802124,0.43589368196086653,2,qUCB,0.35000000000000003,0.05,0.30000000000000004,0.1,0.1,0.0,0.1
4,6,0,5,False,0.7515193690802124,0.43589368196086653,3,qUCB,0.05,0.0,0.65,0.0,0.0,0.2,0.1
4,6,0,5,False,0.7515193690802124,0.43589368196086653,4,qUCB,0.25,0.15000000000000002,0.5,0.0,0.0,0.0,0.1
5,1,5,0,False,0.9388084033358405,0.7421498911331259,0,qEHVI,0.0,0.1,0.65,0.1,0.0,0.05,0.1
5,1,5,0,False,0.9388084033358405,0.7421498911331259,1,qEHVI,0.0,0.25,0.55,0.1,0.0,0.0,0.1
5,1,5,0,False,0.9388084033358405,0.7421498911331259,2,qEHVI,0.0,0.0,0.7000000000000001,0.05,0.0,0.15000000000000002,0.1
5,1,5,0,False,0.9388084033358405,0.7421498911331259,3,qEHVI,0.1,0.1,0.7000000000000001,0.1,0.0,0.0,0.0
5,1,5,0,False,0.9388084033358405,0.7421498911331259,4,qEHVI,0.0,0.15000000000000002,0.65,0.1,0.0,0.0,0.1
5,2,4,1,False,0.843093938554964,0.2199700628394553,0,qEHVI,0.0,0.1,0.65,0.1,0.0,0.05,0.1
5,2,4,1,False,0.843093938554964,0.2199700628394553,1,qEHVI,0.0,0.25,0.55,0.1,0.0,0.0,0.1
5,2,4,1,False,0.843093938554964,0.2199700628394553,2,qEHVI,0.0,0.0,0.7000000000000001,0.05,0.0,0.15000000000000002,0.1
5,2,4,1,False,0.843093938554964,0.2199700628394553,3,qEHVI,0.1,0.1,0.7000000000000001,0.1,0.0,0.0,0.0
5,2,4,1,False,0.843093938554964,0.2199700628394553,4,qUCB,0.35000000000000003,0.05,0.4,0.0,0.1,0.0,0.1
5,3,3,2,True,0.71141240320619,0.6610154264684704,0,qEHVI,0.0,0.1,0.65,0.1,0.0,0.05,0.1
5,3,3,2,True,0.71141240320619,0.6610154264684704,1,qEHVI,0.0,0.25,0.55,0.1,0.0,0.0,0.1
5,3,3,2,True,0.71141240320619,0.6610154264684704,2,qEHVI,0.0,0.0,0.7000000000000001,0.05,0.0,0.15000000000000002,0.1
5,3,3,2,True,0.71141240320619,0.6610154264684704,3,qUCB,0.35000000000000003,0.05,0.5,0.0,0.1,0.0,0.0
5,3,3,2,True,0.71141240320619,0.6610154264684704,4,qUCB,0.0,0.05,0.30000000000000004,0.1,0.1,0.45,0.0
5,4,2,3,False,0.6058209619616781,0.3338132688775728,0,qEHVI,0.0,0.1,0.65,0.1,0.0,0.05,0.1
5,4,2,3,False,0.6058209619616781,0.3338132688775728,1,qEHVI,0.0,0.25,0.55,0.1,0.0,0.0,0.1
5,4,2,3,False,0.6058209619616781,0.3338132688775728,2,qUCB,0.35000000000000003,0.05,0.5,0.0,0.1,0.0,0.0
5,4,2,3,False,0.6058209619616781,0.3338132688775728,3,qUCB,0.0,0.0,0.35000000000000003,0.0,0.1,0.45,0.1
5,4,2,3,False,0.6058209619616781,0.3338132688775728,4,qUCB,0.0,0.0,0.6000000000000001,0.0,0.1,0.30000000000000004,0.0
5,5,1,4,False,0.3999292219684386,0.30463988149694554,0,qEHVI,0.0,0.1,0.65,0.1,0.0,0.05,0.1
5,5,1,4,False,0.3999292219684386,0.30463988149694554,1,qUCB,0.35000000000000003,0.05,0.5,0.0,0.1,0.0,0.0
5,5,1,4,False,0.3999292219684386,0.30463988149694554,2,qUCB,0.0,0.0,0.35000000000000003,0.0,0.1,0.45,0.1
5,5,1,4,False,0.3999292219684386,0.30463988149694554,3,qUCB,0.25,0.5,0.2,0.0,0.05,0.0,0.0
5,5,1,4,False,0.3999292219684386,0.30463988149694554,4,qUCB,0.35000000000000003,0.1,0.35000000000000003,0.1,0.1,0.0,0.0
5,6,0,5,False,0.5236528596416803,0.5603728256406448,0,qUCB,0.0,0.25,0.55,0.1,0.0,0.0,0.1
5,6,0,5,False,0.5236528596416803,0.5603728256406448,1,qUCB,0.0,0.0,0.7000000000000001,0.1,0.0,0.2,0.0
5,6,0,5,False,0.5236528596416803,0.5603728256406448,2,qUCB,0.35000000000000003,0.15000000000000002,0.30000000000000004,0.1,0.0,0.0,0.1
5,6,0,5,False,0.5236528596416803,0.5603728256406448,3,qUCB,0.0,0.5,0.35000000000000003,0.05,0.0,0.0,0.1
5,6,0,5,False,0.5236528596416803,0.5603728256406448,4,qUCB,0.35000000000000003,0.0,0.4,0.1,0.1,0.0,0.05
6,1,5,0,False,0.6508808038305461,1.5157879293863825,0,qEHVI,0.15000000000000002,0.0,0.7000000000000001,0.1,0.0,0.05,0.0
6,1,5,0,False,0.6508808038305461,1.5157879293863825,1,qEHVI,0.05,0.1,0.7000000000000001,0.1,0.0,0.05,0.0
6,1,5,0,False,0.6508808038305461,1.5157879293863825,2,qEHVI,0.0,0.1,0.7000000000000001,0.1,0.0,0.0,0.1
6,1,5,0,False,0.6508808038305461,1.5157879293863825,3,qEHVI,0.25,0.0,0.7000000000000001,0.05,0.0,0.0,0.0
6,1,5,0,False,0.6508808038305461,1.5157879293863825,4,qEHVI,0.1,0.05,0.7000000000000001,0.1,0.0,0.0,0.05
6,2,4,1,True,0.5920059821891447,0.335944450244301,0,qEHVI,0.15000000000000002,0.0,0.7000000000000001,0.1,0.0,0.05,0.0
6,2,4,1,True,0.5920059821891447,0.335944450244301,1,qEHVI,0.05,0.1,0.7000000000000001,0.1,0.0,0.05,0.0
6,2,4,1,True,0.5920059821891447,0.335944450244301,2,qEHVI,0.0,0.1,0.7000000000000001,0.1,0.0,0.0,0.1
6,2,4,1,True,0.5920059821891447,0.335944450244301,3,qEHVI,0.25,0.0,0.7000000000000001,0.05,0.0,0.0,0.0
6,2,4,1,True,0.5920059821891447,0.335944450244301,4,qUCB,0.0,0.0,0.35000000000000003,0.0,0.1,0.45,0.1
6,3,3,2,False,0.5131830548711206,0.4245275008653029,0,qEHVI,0.15000000000000002,0.0,0.7000000000000001,0.1,0.0,0.05,0.0
6,3,3,2,False,0.5131830548711206,0.4245275008653029,1,qEHVI,0.05,0.1,0.7000000000000001,0.1,0.0,0.05,0.0
6,3,3,2,False,0.5131830548711206,0.4245275008653029,2,qEHVI,0.0,0.1,0.7000000000000001,0.1,0.0,0.0,0.1
6,3,3,2,False,0.5131830548711206,0.4245275008653029,3,qUCB,0.0,0.0,0.35000000000000003,0.0,0.1,0.45,0.1
6,3,3,2,False,0.5131830548711206,0.4245275008653029,4,qUCB,0.30000000000000004,0.45,0.2,0.0,0.0,0.0,0.05
6,4,2,3,False,0.39345025892771696,0.31617055809550054,0,qEHVI,0.15000000000000002,0.0,0.7000000000000001,0.1,0.0,0.05,0.0
6,4,2,3,False,0.39345025892771696,0.31617055809550054,1,qEHVI,0.05,0.1,0.7000000000000001,0.1,0.0,0.05,0.0
6,4,2,3,False,0.39345025892771696,0.31617055809550054,2,qUCB,0.0,0.0,0.35000000000000003,0.0,0.1,0.45,0.1
6,4,2,3,False,0.39345025892771696,0.31617055809550054,3,qUCB,0.25,0.45,0.2,0.0,0.0,0.0,0.1
6,4,2,3,False,0.39345025892771696,0.31617055809550054,4,qUCB,0.0,0.5,0.30000000000000004,0.0,0.1,0.0,0.1
6,5,1,4,False,0.25902966384329,0.2823320504428217,0,qEHVI,0.15000000000000002,0.0,0.7000000000000001,0.1,0.0,0.05,0.0
6,5,1,4,False,0.25902966384329,0.2823320504428217,1,qUCB,0.0,0.0,0.35000000000000003,0.0,0.1,0.45,0.1
6,5,1,4,False,0.25902966384329,0.2823320504428217,2,qUCB,0.0,0.5,0.30000000000000004,0.0,0.1,0.0,0.1
6,5,1,4,False,0.25902966384329,0.2823320504428217,3,qUCB,0.0,0.5,0.2,0.1,0.0,0.1,0.1
6,5,1,4,False,0.25902966384329,0.2823320504428217,4,qUCB,0.25,0.45,0.2,0.0,0.0,0.0,0.1
6,6,0,5,False,0.3055872149986518,0.556796142445457,0,qUCB,0.0,0.0,0.7000000000000001,0.1,0.0,0.2,0.0
6,6,0,5,False,0.3055872149986518,0.556796142445457,1,qUCB,0.0,0.0,0.35000000000000003,0.1,0.0,0.45,0.1
6,6,0,5,False,0.3055872149986518,0.556796142445457,2,qUCB,0.2,0.1,0.7000000000000001,0.0,0.0,0.0,0.0
6,6,0,5,False,0.3055872149986518,0.556796142445457,3,qUCB,0.0,0.5,0.30000000000000004,0.1,0.0,0.0,0.1
6,6,0,5,False,0.3055872149986518,0.556796142445457,4,qUCB,0.15000000000000002,0.2,0.55,0.1,0.0,0.0,0.0
7,1,5,0,False,0.5004549125029002,0.3317260490082461,0,qEHVI,0.05,0.1,0.7000000000000001,0.1,0.0,0.0,0.05
7,1,5,0,False,0.5004549125029002,0.3317260490082461,1,qEHVI,0.15000000000000002,0.05,0.7000000000000001,0.1,0.0,0.0,0.0
7,1,5,0,False,0.5004549125029002,0.3317260490082461,2,qEHVI,0.05,0.0,0.7000000000000001,0.1,0.0,0.1,0.05
7,1,5,0,False,0.5004549125029002,0.3317260490082461,3,qEHVI,0.0,0.0,0.6000000000000001,0.1,0.0,0.2,0.1
7,1,5,0,False,0.5004549125029002,0.3317260490082461,4,qEHVI,0.05,0.05,0.7000000000000001,0.1,0.0,0.05,0.05
7,2,4,1,True,0.4509261882338885,0.44144380363625935,0,qEHVI,0.05,0.1,0.7000000000000001,0.1,0.0,0.0,0.05
7,2,4,1,True,0.4509261882338885,0.44144380363625935,1,qEHVI,0.15000000000000002,0.05,0.7000000000000001,0.1,0.0,0.0,0.0
7,2,4,1,True,0.4509261882338885,0.44144380363625935,2,qEHVI,0.05,0.0,0.7000000000000001,0.1,0.0,0.1,0.05
7,2,4,1,True,0.4509261882338885,0.44144380363625935,3,qEHVI,0.0,0.0,0.6000000000000001,0.1,0.0,0.2,0.1
7,2,4,1,True,0.4509261882338885,0.44144380363625935,4,qUCB,0.25,0.5,0.2,0.0,0.05,0.0,0.0
7,3,3,2,False,0.3707658698655852,0.40715796370011237,0,qEHVI,0.05,0.1,0.7000000000000001,0.1,0.0,0.0,0.05
7,3,3,2,False,0.3707658698655852,0.40715796370011237,1,qEHVI,0.15000000000000002,0.05,0.7000000000000001,0.1,0.0,0.0,0.0
7,3,3,2,False,0.3707658698655852,0.40715796370011237,2,qEHVI,0.05,0.0,0.7000000000000001,0.1,0.0,0.1,0.05
7,3,3,2,False,0.3707658698655852,0.40715796370011237,3,qUCB,0.25,0.5,0.2,0.0,0.05,0.0,0.0
7,3,3,2,False,0.3707658698655852,0.40715796370011237,4,qUCB,0.0,0.15000000000000002,0.2,0.0,0.1,0.45,0.1
7,4,2,3,False,0.283291189331855,0.302286358090897,0,qEHVI,0.05,0.1,0.7000000000000001,0.1,0.0,0.0,0.05
7,4,2,3,False,0.283291189331855,0.302286358090897,1,qEHVI,0.15000000000000002,0.05,0.7000000000000001,0.1,0.0,0.0,0.0
7,4,2,3,False,0.283291189331855,0.302286358090897,2,qUCB,0.25,0.5,0.2,0.0,0.05,0.0,0.0
7,4,2,3,False,0.283291189331855,0.302286358090897,3,qUCB,0.0,0.15000000000000002,0.2,0.0,0.1,0.45,0.1
7,4,2,3,False,0.283291189331855,0.302286358090897,4,qUCB,0.0,0.5,0.30000000000000004,0.0,0.1,0.0,0.1
7,5,1,4,False,0.1709633042875574,0.16570951925397015,0,qEHVI,0.05,0.1,0.7000000000000001,0.1,0.0,0.0,0.05
7,5,1,4,False,0.1709633042875574,0.16570951925397015,1,qUCB,0.25,0.5,0.2,0.0,0.05,0.0,0.0
7,5,1,4,False,0.1709633042875574,0.16570951925397015,2,qUCB,0.0,0.15000000000000002,0.2,0.0,0.1,0.45,0.1
7,5,1,4,False,0.1709633042875574,0.16570951925397015,3,qUCB,0.0,0.5,0.30000000000000004,0.0,0.1,0.0,0.1
7,5,1,4,False,0.1709633042875574,0.16570951925397015,4,qUCB,0.0,0.5,0.2,0.0,0.0,0.2,0.1
7,6,0,5,False,0.1911201992201895,0.6553111155267537,0,qUCB,0.0,0.0,0.7000000000000001,0.1,0.0,0.2,0.0
7,6,0,5,False,0.1911201992201895,0.6553111155267537,1,qUCB,0.35000000000000003,0.15000000000000002,0.30000000000000004,0.1,0.0,0.0,0.1
7,6,0,5,False,0.1911201992201895,0.6553111155267537,2,qUCB,0.0,0.5,0.35000000000000003,0.05,0.0,0.0,0.1
7,6,0,5,False,0.1911201992201895,0.6553111155267537,3,qUCB,0.2,0.25,0.35000000000000003,0.1,0.0,0.0,0.1
7,6,0,5,False,0.1911201992201895,0.6553111155267537,4,qUCB,0.0,0.0,0.7000000000000001,0.0,0.1,0.2,0.0
8,1,5,0,False,0.3703349698262153,0.4217367636126603,0,qEHVI,0.1,0.0,0.7000000000000001,0.1,0.0,0.05,0.05
8,1,5,0,False,0.3703349698262153,0.4217367636126603,1,qEHVI,0.0,0.0,0.65,0.1,0.0,0.15000000000000002,0.1
8,1,5,0,False,0.3703349698262153,0.4217367636126603,2,qEHVI,0.05,0.2,0.65,0.1,0.0,0.0,0.0
8,1,5,0,False,0.3703349698262153,0.4217367636126603,3,qEHVI,0.0,0.5,0.30000000000000004,0.1,0.0,0.0,0.1
8,1,5,0,False,0.3703349698262153,0.4217367636126603,4,qEHVI,0.05,0.05,0.7000000000000001,0.1,0.0,0.0,0.1
8,2,4,1,False,0.3373622685741105,0.19323527657300854,0,qEHVI,0.1,0.0,0.7000000000000001,0.1,0.0,0.05,0.05
8,2,4,1,False,0.3373622685741105,0.19323527657300854,1,qEHVI,0.0,0.0,0.65,0.1,0.0,0.15000000000000002,0.1
8,2,4,1,False,0.3373622685741105,0.19323527657300854,2,qEHVI,0.05,0.2,0.65,0.1,0.0,0.0,0.0
8,2,4,1,False,0.3373622685741105,0.19323527657300854,3,qEHVI,0.05,0.05,0.7000000000000001,0.1,0.0,0.0,0.1
8,2,4,1,False,0.3373622685741105,0.19323527657300854,4,qUCB,0.2,0.5,0.2,0.0,0.0,0.0,0.1
8,3,3,2,True,0.29447768882723824,0.19153422072995463,0,qEHVI,0.1,0.0,0.7000000000000001,0.1,0.0,0.05,0.05
8,3,3,2,True,0.29447768882723824,0.19153422072995463,1,qEHVI,0.0,0.0,0.65,0.1,0.0,0.15000000000000002,0.1
8,3,3,2,True,0.29447768882723824,0.19153422072995463,2,qEHVI,0.05,0.2,0.65,0.1,0.0,0.0,0.0
8,3,3,2,True,0.29447768882723824,0.19153422072995463,3,qUCB,0.2,0.5,0.2,0.0,0.0,0.0,0.1
8,3,3,2,True,0.29447768882723824,0.19153422072995463,4,qUCB,0.0,0.5,0.2,0.1,0.1,0.0,0.1
8,4,2,3,False,0.23761723389256575,0.19674272839756368,0,qEHVI,0.1,0.0,0.7000000000000001,0.1,0.0,0.05,0.05
8,4,2,3,False,0.23761723389256575,0.19674272839756368,1,qEHVI,0.0,0.0,0.65,0.1,0.0,0.15000000000000002,0.1
8,4,2,3,False,0.23761723389256575,0.19674272839756368,2,qUCB,0.2,0.5,0.2,0.0,0.0,0.0,0.1
8,4,2,3,False,0.23761723389256575,0.19674272839756368,3,qUCB,0.0,0.5,0.2,0.1,0.1,0.0,0.1
8,4,2,3,False,0.23761723389256575,0.19674272839756368,4,qUCB,0.35000000000000003,0.25,0.2,0.0,0.1,0.0,0.1
8,5,1,4,False,0.14693795389770264,0.16314255655145127,0,qEHVI,0.1,0.0,0.7000000000000001,0.1,0.0,0.05,0.05
8,5,1,4,False,0.14693795389770264,0.16314255655145127,1,qUCB,0.2,0.5,0.2,0.0,0.0,0.0,0.1
8,5,1,4,False,0.14693795389770264,0.16314255655145127,2,qUCB,0.0,0.5,0.2,0.1,0.1,0.0,0.1
8,5,1,4,False,0.14693795389770264,0.16314255655145127,3,qUCB,0.0,0.5,0.2,0.05,0.0,0.15000000000000002,0.1
8,5,1,4,False,0.14693795389770264,0.16314255655145127,4,qUCB,0.0,0.2,0.2,0.0,0.1,0.4,0.1
8,6,0,5,False,0.1507307566662084,0.576808876809717,0,qUCB,0.0,0.0,0.35000000000000003,0.1,0.0,0.45,0.1
8,6,0,5,False,0.1507307566662084,0.576808876809717,1,qUCB,0.0,0.5,0.30000000000000004,0.1,0.0,0.0,0.1
8,6,0,5,False,0.1507307566662084,0.576808876809717,2,qUCB,0.35000000000000003,0.1,0.35000000000000003,0.1,0.0,0.0,0.1
8,6,0,5,False,0.1507307566662084,0.576808876809717,3,qUCB,0.0,0.0,0.7000000000000001,0.0,0.1,0.2,0.0
8,6,0,5,False,0.1507307566662084,0.576808876809717,4,qUCB,0.35000000000000003,0.15000000000000002,0.4,0.1,0.0,0.0,0.0
9,1,5,0,False,0.23000015569035848,0.37327015806143304,0,qEHVI,0.2,0.05,0.65,0.1,0.0,0.0,0.0
9,1,5,0,False,0.23000015569035848,0.37327015806143304,1,qEHVI,0.1,0.05,0.7000000000000001,0.05,0.0,0.05,0.05
9,1,5,0,False,0.23000015569035848,0.37327015806143304,2,qEHVI,0.0,0.1,0.7000000000000001,0.1,0.0,0.05,0.05
9,1,5,0,False,0.23000015569035848,0.37327015806143304,3,qEHVI,0.0,0.0,0.7000000000000001,0.1,0.0,0.2,0.0
9,1,5,0,False,0.23000015569035848,0.37327015806143304,4,qEHVI,0.0,0.0,0.7000000000000001,0.0,0.0,0.25,0.05
9,2,4,1,True,0.19765627708017025,1.3415352565222838,0,qEHVI,0.2,0.05,0.65,0.1,0.0,0.0,0.0
9,2,4,1,True,0.19765627708017025,1.3415352565222838,1,qEHVI,0.1,0.05,0.7000000000000001,0.05,0.0,0.05,0.05
9,2,4,1,True,0.19765627708017025,1.3415352565222838,2,qEHVI,0.0,0.1,0.7000000000000001,0.1,0.0,0.05,0.05
9,2,4,1,True,0.19765627708017025,1.3415352565222838,3,qEHVI,0.0,0.0,0.7000000000000001,0.1,0.0,0.2,0.0
9,2,4,1,True,0.19765627708017025,1.3415352565222838,4,qUCB,0.0,0.0,0.30000000000000004,0.1,0.1,0.4,0.1
9,3,3,2,False,0.17449876527704883,0.26897432685785816,0,qEHVI,0.2,0.05,0.65,0.1,0.0,0.0,0.0
9,3,3,2,False,0.17449876527704883,0.26897432685785816,1,qEHVI,0.1,0.05,0.7000000000000001,0.05,0.0,0.05,0.05
9,3,3,2,False,0.17449876527704883,0.26897432685785816,2,qEHVI,0.0,0.1,0.7000000000000001,0.1,0.0,0.05,0.05
9,3,3,2,False,0.17449876527704883,0.26897432685785816,3,qUCB,0.0,0.0,0.30000000000000004,0.1,0.1,0.4,0.1
9,3,3,2,False,0.17449876527704883,0.26897432685785816,4,qUCB,0.05,0.0,0.30000000000000004,0.1,0.0,0.45,0.1
9,4,2,3,False,0.14909232045718437,0.32180575496572095,0,qEHVI,0.2,0.05,0.65,0.1,0.0,0.0,0.0
9,4,2,3,False,0.14909232045718437,0.32180575496572095,1,qEHVI,0.1,0.05,0.7000000000000001,0.05,0.0,0.05,0.05
9,4,2,3,False,0.14909232045718437,0.32180575496572095,2,qUCB,0.0,0.0,0.30000000000000004,0.1,0.1,0.4,0.1
9,4,2,3,False,0.14909232045718437,0.32180575496572095,3,qUCB,0.05,0.0,0.30000000000000004,0.1,0.0,0.45,0.1
9,4,2,3,False,0.14909232045718437,0.32180575496572095,4,qUCB,0.1,0.5,0.2,0.1,0.0,0.0,0.1
9,5,1,4,False,0.08362873467201314,0.07288967789277337,0,qEHVI,0.2,0.05,0.65,0.1,0.0,0.0,0.0
9,5,1,4,False,0.08362873467201314,0.07288967789277337,1,qUCB,0.0,0.05,0.30000000000000004,0.0,0.1,0.45,0.1
9,5,1,4,False,0.08362873467201314,0.07288967789277337,2,qUCB,0.0,0.0,0.4,0.05,0.0,0.45,0.1
9,5,1,4,False,0.08362873467201314,0.07288967789277337,3,qUCB,0.0,0.0,0.55,0.0,0.1,0.25,0.1
9,5,1,4,False,0.08362873467201314,0.07288967789277337,4,qUCB,0.0,0.5,0.35000000000000003,0.0,0.0,0.05,0.1
9,6,0,5,False,0.09983896837828417,0.3675236241996189,0,qUCB,0.0,0.0,0.7000000000000001,0.1,0.0,0.2,0.0
9,6,0,5,False,0.09983896837828417,0.3675236241996189,1,qUCB,0.35000000000000003,0.0,0.4,0.1,0.0,0.05,0.1
9,6,0,5,False,0.09983896837828417,0.3675236241996189,2,qUCB,0.0,0.0,0.7000000000000001,0.0,0.1,0.2,0.0
9,6,0,5,False,0.09983896837828417,0.3675236241996189,3,qUCB,0.0,0.0,0.4,0.1,0.0,0.4,0.1
9,6,0,5,False,0.09983896837828417,0.3675236241996189,4,qUCB,0.35000000000000003,0.2,0.35000000000000003,0.1,0.0,0.0,0.0
10,1,5,0,False,0.22743928254838644,0.23207543609922965,0,qEHVI,0.05,0.05,0.7000000000000001,0.1,0.0,0.05,0.05
10,1,5,0,False,0.22743928254838644,0.23207543609922965,1,qEHVI,0.15000000000000002,0.15000000000000002,0.65,0.05,0.0,0.0,0.0
10,1,5,0,False,0.22743928254838644,0.23207543609922965,2,qEHVI,0.05,0.1,0.65,0.1,0.0,0.05,0.05
10,1,5,0,False,0.22743928254838644,0.23207543609922965,3,qEHVI,0.0,0.0,0.7000000000000001,0.0,0.0,0.2,0.1
10,1,5,0,False,0.22743928254838644,0.23207543609922965,4,qEHVI,0.2,0.25,0.35000000000000003,0.1,0.0,0.0,0.1
10,2,4,1,True,0.2155492844899477,0.3647910860810031,0,qEHVI,0.05,0.05,0.7000000000000001,0.1,0.0,0.05,0.05
10,2,4,1,True,0.2155492844899477,0.3647910860810031,1,qEHVI,0.15000000000000002,0.15000000000000002,0.65,0.05,0.0,0.0,0.0
10,2,4,1,True,0.2155492844899477,0.3647910860810031,2,qEHVI,0.05,0.1,0.65,0.1,0.0,0.05,0.05
10,2,4,1,True,0.2155492844899477,0.3647910860810031,3,qEHVI,0.0,0.0,0.7000000000000001,0.0,0.0,0.2,0.1
10,2,4,1,True,0.2155492844899477,0.3647910860810031,4,qUCB,0.35000000000000003,0.25,0.2,0.1,0.0,0.0,0.1
10,3,3,2,False,0.1780370861156749,0.34928545159250746,0,qEHVI,0.05,0.05,0.7000000000000001,0.1,0.0,0.05,0.05
10,3,3,2,False,0.1780370861156749,0.34928545159250746,1,qEHVI,0.15000000000000002,0.15000000000000002,0.65,0.05,0.0,0.0,0.0
10,3,3,2,False,0.1780370861156749,0.34928545159250746,2,qEHVI,0.05,0.1,0.65,0.1,0.0,0.05,0.05
10,3,3,2,False,0.1780370861156749,0.34928545159250746,3,qUCB,0.35000000000000003,0.25,0.2,0.1,0.0,0.0,0.1
10,3,3,2,False,0.1780370861156749,0.34928545159250746,4,qUCB,0.0,0.15000000000000002,0.2,0.0,0.1,0.45,0.1
10,4,2,3,False,0.1434691447588473,0.07661190342701818,0,qEHVI,0.05,0.05,0.7000000000000001,0.1,0.0,0.05,0.05
10,4,2,3,False,0.1434691447588473,0.07661190342701818,1,qEHVI,0.15000000000000002,0.15000000000000002,0.65,0.05,0.0,0.0,0.0
10,4,2,3,False,0.1434691447588473,0.07661190342701818,2,qUCB,0.35000000000000003,0.25,0.2,0.1,0.0,0.0,0.1
10,4,2,3,False,0.1434691447588473,0.07661190342701818,3,qUCB,0.0,0.15000000000000002,0.2,0.0,0.1,0.45,0.1
10,4,2,3,False,0.1434691447588473,0.07661190342701818,4,qUCB,0.35000000000000003,0.0,0.35000000000000003,0.1,0.1,0.0,0.1
10,5,1,4,False,0.08915704219169454,0.08788805318471038,0,qEHVI,0.05,0.05,0.7000000000000001,0.1,0.0,0.05,0.05
10,5,1,4,False,0.08915704219169454,0.08788805318471038,1,qUCB,0.35000000000000003,0.25,0.2,0.1,0.0,0.0,0.1
10,5,1,4,False,0.08915704219169454,0.08788805318471038,2,qUCB,0.0,0.15000000000000002,0.2,0.0,0.1,0.45,0.1
10,5,1,4,False,0.08915704219169454,0.08788805318471038,3,qUCB,0.0,0.5,0.2,0.0,0.0,0.2,0.1
10,5,1,4,False,0.08915704219169454,0.08788805318471038,4,qUCB,0.35000000000000003,0.0,0.2,0.1,0.1,0.25,0.0
10,6,0,5,False,0.11135576452376018,0.53081659994734,0,qUCB,0.0,0.0,0.35000000000000003,0.1,0.0,0.45,0.1
10,6,0,5,False,0.11135576452376018,0.53081659994734,1,qUCB,0.35000000000000003,0.0,0.4,0.1,0.0,0.05,0.1
10,6,0,5,False,0.11135576452376018,0.53081659994734,2,qUCB,0.2,0.25,0.35000000000000003,0.1,0.0,0.0,0.1
10,6,0,5,False,0.11135576452376018,0.53081659994734,3,qUCB,0.35000000000000003,0.2,0.35000000000000003,0.1,0.0,0.0,0.0
10,6,0,5,False,0.11135576452376018,0.53081659994734,4,qUCB,0.35000000000000003,0.0,0.4,0.1,0.0,0.15000000000000002,0.0
11,1,5,0,False,0.20939389041995018,0.35286845479646445,0,qEHVI,0.15000000000000002,0.1,0.65,0.1,0.0,0.0,0.0
11,1,5,0,False,0.20939389041995018,0.35286845479646445,1,qEHVI,0.05,0.1,0.65,0.1,0.0,0.0,0.1
11,1,5,0,False,0.20939389041995018,0.35286845479646445,2,qEHVI,0.1,0.2,0.6000000000000001,0.1,0.0,0.0,0.0
11,1,5,0,False,0.20939389041995018,0.35286845479646445,3,qEHVI,0.05,0.05,0.65,0.1,0.0,0.05,0.1
11,1,5,0,False,0.20939389041995018,0.35286845479646445,4,qEHVI,0.2,0.25,0.35000000000000003,0.1,0.0,0.0,0.1
11,2,4,1,True,0.1848637854863606,0.27490777654155174,0,qEHVI,0.15000000000000002,0.1,0.65,0.1,0.0,0.0,0.0
11,2,4,1,True,0.1848637854863606,0.27490777654155174,1,qEHVI,0.05,0.1,0.65,0.1,0.0,0.0,0.1
11,2,4,1,True,0.1848637854863606,0.27490777654155174,2,qEHVI,0.1,0.2,0.6000000000000001,0.1,0.0,0.0,0.0
11,2,4,1,True,0.1848637854863606,0.27490777654155174,3,qEHVI,0.05,0.05,0.65,0.1,0.0,0.05,0.1
11,2,4,1,True,0.1848637854863606,0.27490777654155174,4,qUCB,0.05,0.0,0.4,0.0,0.1,0.45,0.0
11,3,3,2,False,0.1554738419504703,0.16890356565383602,0,qEHVI,0.15000000000000002,0.1,0.65,0.1,0.0,0.0,0.0
11,3,3,2,False,0.1554738419504703,0.16890356565383602,1,qEHVI,0.05,0.1,0.65,0.1,0.0,0.0,0.1
11,3,3,2,False,0.1554738419504703,0.16890356565383602,2,qEHVI,0.1,0.2,0.6000000000000001,0.1,0.0,0.0,0.0
11,3,3,2,False,0.1554738419504703,0.16890356565383602,3,qUCB,0.1,0.05,0.2,0.0,0.1,0.45,0.1
11,3,3,2,False,0.1554738419504703,0.16890356565383602,4,qUCB,0.15000000000000002,0.0,0.30000000000000004,0.0,0.1,0.45,0.0
11,4,2,3,False,0.12340540835100273,0.12429817749675398,0,qEHVI,0.15000000000000002,0.1,0.65,0.1,0.0,0.0,0.0
11,4,2,3,False,0.12340540835100273,0.12429817749675398,1,qEHVI,0.05,0.1,0.65,0.1,0.0,0.0,0.1
11,4,2,3,False,0.12340540835100273,0.12429817749675398,2,qUCB,0.1,0.05,0.2,0.0,0.1,0.45,0.1
11,4,2,3,False,0.12340540835100273,0.12429817749675398,3,qUCB,0.15000000000000002,0.0,0.30000000000000004,0.0,0.1,0.45,0.0
11,4,2,3,False,0.12340540835100273,0.12429817749675398,4,qUCB,0.0,0.15000000000000002,0.2,0.0,0.1,0.45,0.1
11,5,1,4,False,0.10408912610093835,0.09061265462930601,0,qEHVI,0.15000000000000002,0.1,0.65,0.1,0.0,0.0,0.0
11,5,1,4,False,0.10408912610093835,0.09061265462930601,1,qUCB,0.0,0.0,0.35000000000000003,0.1,0.0,0.45,0.1
11,5,1,4,False,0.10408912610093835,0.09061265462930601,2,qUCB,0.0,0.15000000000000002,0.2,0.0,0.1,0.45,0.1
11,5,1,4,False,0.10408912610093835,0.09061265462930601,3,qUCB,0.15000000000000002,0.0,0.30000000000000004,0.0,0.0,0.45,0.1
11,5,1,4,False,0.10408912610093835,0.09061265462930601,4,qUCB,0.0,0.5,0.2,0.0,0.0,0.2,0.1
11,6,0,5,False,0.09623027026697872,0.4200994584820048,0,qUCB,0.0,0.0,0.35000000000000003,0.1,0.0,0.45,0.1
11,6,0,5,False,0.09623027026697872,0.4200994584820048,1,qUCB,0.35000000000000003,0.0,0.4,0.1,0.0,0.05,0.1
11,6,0,5,False,0.09623027026697872,0.4200994584820048,2,qUCB,0.2,0.2,0.4,0.1,0.0,0.0,0.1
11,6,0,5,False,0.09623027026697872,0.4200994584820048,3,qUCB,0.35000000000000003,0.05,0.35000000000000003,0.1,0.0,0.15000000000000002,0.0
11,6,0,5,False,0.09623027026697872,0.4200994584820048,4,qUCB,0.0,0.0,0.65,0.0,0.1,0.15000000000000002,0.1
12,1,5,0,False,0.1565667803143833,0.221699067857557,0,qEHVI,0.0,0.05,0.7000000000000001,0.1,0.0,0.05,0.1
12,1,5,0,False,0.1565667803143833,0.221699067857557,1,qEHVI,0.05,0.1,0.7000000000000001,0.05,0.0,0.05,0.05
12,1,5,0,False,0.1565667803143833,0.221699067857557,2,qEHVI,0.15000000000000002,0.2,0.5,0.1,0.0,0.0,0.05
12,1,5,0,False,0.1565667803143833,0.221699067857557,3,qEHVI,0.35000000000000003,0.0,0.5,0.1,0.0,0.0,0.05
12,1,5,0,False,0.1565667803143833,0.221699067857557,4,qEHVI,0.0,0.0,0.7000000000000001,0.0,0.05,0.15000000000000002,0.1
12,2,4,1,False,0.1356214914601933,0.2738356239690347,0,qEHVI,0.0,0.05,0.7000000000000001,0.1,0.0,0.05,0.1
12,2,4,1,False,0.1356214914601933,0.2738356239690347,1,qEHVI,0.05,0.1,0.7000000000000001,0.05,0.0,0.05,0.05
12,2,4,1,False,0.1356214914601933,0.2738356239690347,2,qEHVI,0.15000000000000002,0.2,0.5,0.1,0.0,0.0,0.05
12,2,4,1,False,0.1356214914601933,0.2738356239690347,3,qEHVI,0.35000000000000003,0.0,0.5,0.1,0.0,0.0,0.05
12,2,4,1,False,0.1356214914601933,0.2738356239690347,4,qUCB,0.0,0.15000000000000002,0.2,0.0,0.1,0.45,0.1
12,3,3,2,True,0.13055180677855083,0.2928172584929607,0,qEHVI,0.0,0.05,0.7000000000000001,0.1,0.0,0.05,0.1
12,3,3,2,True,0.13055180677855083,0.2928172584929607,1,qEHVI,0.05,0.1,0.7000000000000001,0.05,0.0,0.05,0.05
12,3,3,2,True,0.13055180677855083,0.2928172584929607,2,qEHVI,0.15000000000000002,0.2,0.5,0.1,0.0,0.0,0.05
12,3,3,2,True,0.13055180677855083,0.2928172584929607,3,qUCB,0.0,0.15000000000000002,0.2,0.0,0.1,0.45,0.1
12,3,3,2,True,0.13055180677855083,0.2928172584929607,4,qUCB,0.05,0.0,0.30000000000000004,0.1,0.0,0.45,0.1
12,4,2,3,False,0.09543126222146085,0.09577542527236438,0,qEHVI,0.0,0.05,0.7000000000000001,0.1,0.0,0.05,0.1
12,4,2,3,False,0.09543126222146085,0.09577542527236438,1,qEHVI,0.05,0.1,0.7000000000000001,0.05,0.0,0.05,0.05
12,4,2,3,False,0.09543126222146085,0.09577542527236438,2,qUCB,0.25,0.35000000000000003,0.2,0.1,0.0,0.0,0.1
12,4,2,3,False,0.09543126222146085,0.09577542527236438,3,qUCB,0.35000000000000003,0.0,0.2,0.1,0.1,0.15000000000000002,0.1
12,4,2,3,False,0.09543126222146085,0.09577542527236438,4,qUCB,0.35000000000000003,0.15000000000000002,0.2,0.1,0.0,0.2,0.0
12,5,1,4,False,0.041667810989927556,0.05874303494908517,0,qEHVI,0.0,0.05,0.7000000000000001,0.1,0.0,0.05,0.1
12,5,1,4,False,0.041667810989927556,0.05874303494908517,1,qUCB,0.35000000000000003,0.4,0.2,0.0,0.0,0.05,0.0
12,5,1,4,False,0.041667810989927556,0.05874303494908517,2,qUCB,0.35000000000000003,0.2,0.2,0.0,0.0,0.25,0.0
12,5,1,4,False,0.041667810989927556,0.05874303494908517,3,qUCB,0.35000000000000003,0.0,0.2,0.05,0.1,0.30000000000000004,0.0
12,5,1,4,False,0.041667810989927556,0.05874303494908517,4,qUCB,0.35000000000000003,0.0,0.2,0.1,0.1,0.15000000000000002,0.1
12,6,0,5,False,0.07389014933912492,0.2438973594091327,0,qUCB,0.05,0.0,0.30000000000000004,0.1,0.0,0.45,0.1
12,6,0,5,False,0.07389014933912492,0.2438973594091327,1,qUCB,0.35000000000000003,0.0,0.4,0.1,0.0,0.05,0.1
12,6,0,5,False,0.07389014933912492,0.2438973594091327,2,qUCB,0.35000000000000003,0.05,0.35000000000000003,0.1,0.0,0.15000000000000002,0.0
12,6,0,5,False,0.07389014933912492,0.2438973594091327,3,qUCB,0.0,0.0,0.6000000000000001,0.0,0.1,0.2,0.1
12,6,0,5,False,0.07389014933912492,0.2438973594091327,4,qUCB,0.2,0.2,0.4,0.1,0.0,0.0,0.1
13,1,5,0,False,0.11787450994468761,0.18105884776696968,0,qEHVI,0.1,0.15000000000000002,0.65,0.1,0.0,0.0,0.0
13,1,5,0,False,0.11787450994468761,0.18105884776696968,1,qEHVI,0.35000000000000003,0.0,0.5,0.05,0.0,0.0,0.1
13,1,5,0,False,0.11787450994468761,0.18105884776696968,2,qEHVI,0.0,0.05,0.55,0.1,0.0,0.2,0.1
13,1,5,0,False,0.11787450994468761,0.18105884776696968,3,qEHVI,0.05,0.05,0.65,0.1,0.0,0.1,0.05
13,1,5,0,False,0.11787450994468761,0.18105884776696968,4,qEHVI,0.1,0.1,0.7000000000000001,0.1,0.0,0.0,0.0
13,2,4,1,True,0.1084284681412067,0.22414886388560795,0,qEHVI,0.1,0.15000000000000002,0.65,0.1,0.0,0.0,0.0
13,2,4,1,True,0.1084284681412067,0.22414886388560795,1,qEHVI,0.35000000000000003,0.0,0.5,0.05,0.0,0.0,0.1
13,2,4,1,True,0.1084284681412067,0.22414886388560795,2,qEHVI,0.0,0.05,0.55,0.1,0.0,0.2,0.1
13,2,4,1,True,0.1084284681412067,0.22414886388560795,3,qEHVI,0.05,0.05,0.65,0.1,0.0,0.1,0.05
13,2,4,1,True,0.1084284681412067,0.22414886388560795,4,qUCB,0.1,0.5,0.2,0.1,0.0,0.0,0.1
13,3,3,2,False,0.092356109456564,0.4267779952918467,0,qEHVI,0.1,0.15000000000000002,0.65,0.1,0.0,0.0,0.0
13,3,3,2,False,0.092356109456564,0.4267779952918467,1,qEHVI,0.35000000000000003,0.0,0.5,0.05,0.0,0.0,0.1
13,3,3,2,False,0.092356109456564,0.4267779952918467,2,qEHVI,0.0,0.05,0.55,0.1,0.0,0.2,0.1
13,3,3,2,False,0.092356109456564,0.4267779952918467,3,qUCB,0.0,0.0,0.7000000000000001,0.0,0.1,0.15000000000000002,0.05
13,3,3,2,False,0.092356109456564,0.4267779952918467,4,qUCB,0.0,0.5,0.4,0.0,0.0,0.0,0.1
13,4,2,3,False,0.08517715453244322,0.10794965738263648,0,qEHVI,0.1,0.15000000000000002,0.65,0.1,0.0,0.0,0.0
13,4,2,3,False,0.08517715453244322,0.10794965738263648,1,qEHVI,0.35000000000000003,0.0,0.5,0.05,0.0,0.0,0.1
13,4,2,3,False,0.08517715453244322,0.10794965738263648,2,qUCB,0.0,0.0,0.35000000000000003,0.1,0.0,0.45,0.1
13,4,2,3,False,0.08517715453244322,0.10794965738263648,3,qUCB,0.0,0.5,0.2,0.05,0.0,0.15000000000000002,0.1
13,4,2,3,False,0.08517715453244322,0.10794965738263648,4,qUCB,0.0,0.0,0.55,0.0,0.1,0.25,0.1
13,5,1,4,False,0.048874867505182384,0.06007260369150069,0,qEHVI,0.1,0.15000000000000002,0.65,0.1,0.0,0.0,0.0
13,5,1,4,False,0.048874867505182384,0.06007260369150069,1,qUCB,0.05,0.0,0.30000000000000004,0.0,0.1,0.45,0.1
13,5,1,4,False,0.048874867505182384,0.06007260369150069,2,qUCB,0.35000000000000003,0.1,0.2,0.0,0.1,0.15000000000000002,0.1
13,5,1,4,False,0.048874867505182384,0.06007260369150069,3,qUCB,0.0,0.0,0.55,0.0,0.1,0.25,0.1
13,5,1,4,False,0.048874867505182384,0.06007260369150069,4,qUCB,0.15000000000000002,0.0,0.2,0.0,0.1,0.45,0.1
13,6,0,5,False,0.06322251917181687,1.0249866603174207,0,qUCB,0.0,0.05,0.7000000000000001,0.05,0.0,0.1,0.1
13,6,0,5,False,0.06322251917181687,1.0249866603174207,1,qUCB,0.35000000000000003,0.0,0.4,0.1,0.0,0.05,0.1
13,6,0,5,False,0.06322251917181687,1.0249866603174207,2,qUCB,0.35000000000000003,0.0,0.4,0.1,0.0,0.15000000000000002,0.0
13,6,0,5,False,0.06322251917181687,1.0249866603174207,3,qUCB,0.0,0.0,0.5,0.1,0.1,0.2,0.1
13,6,0,5,False,0.06322251917181687,1.0249866603174207,4,qUCB,0.35000000000000003,0.0,0.5,0.05,0.0,0.0,0.1
14,1,5,0,False,0.11699627803012068,0.2197840496794452,0,qEHVI,0.15000000000000002,0.15000000000000002,0.6000000000000001,0.1,0.0,0.0,0.0
14,1,5,0,False,0.11699627803012068,0.2197840496794452,1,qEHVI,0.1,0.0,0.7000000000000001,0.05,0.0,0.1,0.05
14,1,5,0,False,0.11699627803012068,0.2197840496794452,2,qEHVI,0.0,0.0,0.6000000000000001,0.1,0.05,0.15000000000000002,0.1
14,1,5,0,False,0.11699627803012068,0.2197840496794452,3,qEHVI,0.2,0.0,0.7000000000000001,0.1,0.0,0.0,0.0
14,1,5,0,False,0.11699627803012068,0.2197840496794452,4,qEHVI,0.0,0.05,0.7000000000000001,0.0,0.0,0.15000000000000002,0.1
14,2,4,1,False,0.1049897372016184,0.10513657147052591,0,qEHVI,0.15000000000000002,0.15000000000000002,0.6000000000000001,0.1,0.0,0.0,0.0
14,2,4,1,False,0.1049897372016184,0.10513657147052591,1,qEHVI,0.1,0.0,0.7000000000000001,0.05,0.0,0.1,0.05
14,2,4,1,False,0.1049897372016184,0.10513657147052591,2,qEHVI,0.0,0.0,0.6000000000000001,0.1,0.05,0.15000000000000002,0.1
14,2,4,1,False,0.1049897372016184,0.10513657147052591,3,qEHVI,0.2,0.0,0.7000000000000001,0.1,0.0,0.0,0.0
14,2,4,1,False,0.1049897372016184,0.10513657147052591,4,qUCB,0.35000000000000003,0.25,0.2,0.0,0.0,0.1,0.1
14,3,3,2,True,0.08939226522335392,0.2988008578899839,0,qEHVI,0.15000000000000002,0.15000000000000002,0.6000000000000001,0.1,0.0,0.0,0.0
14,3,3,2,True,0.08939226522335392,0.2988008578899839,1,qEHVI,0.1,0.0,0.7000000000000001,0.05,0.0,0.1,0.05
14,3,3,2,True,0.08939226522335392,0.2988008578899839,2,qEHVI,0.0,0.0,0.6000000000000001,0.1,0.05,0.15000000000000002,0.1
14,3,3,2,True,0.08939226522335392,0.2988008578899839,3,qUCB,0.35000000000000003,0.25,0.2,0.0,0.0,0.1,0.1
14,3,3,2,True,0.08939226522335392,0.2988008578899839,4,qUCB,0.0,0.5,0.2,0.0,0.0,0.2,0.1
14,4,2,3,False,0.07217967421072209,0.12657726168914474,0,qEHVI,0.15000000000000002,0.15000000000000002,0.6000000000000001,0.1,0.0,0.0,0.0
14,4,2,3,False,0.07217967421072209,0.12657726168914474,1,qEHVI,0.1,0.0,0.7000000000000001,0.05,0.0,0.1,0.05
14,4,2,3,False,0.07217967421072209,0.12657726168914474,2,qUCB,0.0,0.0,0.30000000000000004,0.1,0.05,0.45,0.1
14,4,2,3,False,0.07217967421072209,0.12657726168914474,3,qUCB,0.0,0.5,0.2,0.0,0.0,0.2,0.1
14,4,2,3,False,0.07217967421072209,0.12657726168914474,4,qUCB,0.35000000000000003,0.0,0.2,0.1,0.1,0.15000000000000002,0.1
14,5,1,4,False,0.045614484764658236,0.19144787081821568,0,qEHVI,0.15000000000000002,0.15000000000000002,0.6000000000000001,0.1,0.0,0.0,0.0
14,5,1,4,False,0.045614484764658236,0.19144787081821568,1,qUCB,0.0,0.0,0.4,0.0,0.05,0.45,0.1
14,5,1,4,False,0.045614484764658236,0.19144787081821568,2,qUCB,0.0,0.0,0.6000000000000001,0.0,0.1,0.2,0.1
14,5,1,4,False,0.045614484764658236,0.19144787081821568,3,qUCB,0.0,0.5,0.2,0.0,0.0,0.2,0.1
14,5,1,4,False,0.045614484764658236,0.19144787081821568,4,qUCB,0.35000000000000003,0.0,0.30000000000000004,0.0,0.1,0.15000000000000002,0.1
14,6,0,5,False,0.019972395366874982,0.0697085425037276,0,qUCB,0.0,0.05,0.7000000000000001,0.05,0.0,0.1,0.1
14,6,0,5,False,0.019972395366874982,0.0697085425037276,1,qUCB,0.35000000000000003,0.0,0.35000000000000003,0.1,0.0,0.2,0.0
14,6,0,5,False,0.019972395366874982,0.0697085425037276,2,qUCB,0.0,0.0,0.65,0.0,0.1,0.15000000000000002,0.1
14,6,0,5,False,0.019972395366874982,0.0697085425037276,3,qUCB,0.0,0.5,0.2,0.0,0.0,0.2,0.1
14,6,0,5,False,0.019972395366874982,0.0697085425037276,4,qUCB,0.0,0.5,0.2,0.1,0.0,0.2,0.0
15,1,5,0,False,0.10385891329216686,0.24201381798830113,0,qEHVI,0.2,0.1,0.6000000000000001,0.1,0.0,0.0,0.0
15,1,5,0,False,0.10385891329216686,0.24201381798830113,1,qEHVI,0.1,0.05,0.6000000000000001,0.1,0.0,0.1,0.05
15,1,5,0,False,0.10385891329216686,0.24201381798830113,2,qEHVI,0.2,0.0,0.7000000000000001,0.1,0.0,0.0,0.0
15,1,5,0,False,0.10385891329216686,0.24201381798830113,3,qEHVI,0.1,0.0,0.7000000000000001,0.1,0.0,0.0,0.1
15,1,5,0,False,0.10385891329216686,0.24201381798830113,4,qEHVI,0.15000000000000002,0.0,0.7000000000000001,0.1,0.0,0.0,0.05
15,2,4,1,True,0.0896898082155963,0.2646946961774166,0,qEHVI,0.2,0.1,0.6000000000000001,0.1,0.0,0.0,0.0
15,2,4,1,True,0.0896898082155963,0.2646946961774166,1,qEHVI,0.1,0.05,0.6000000000000001,0.1,0.0,0.1,0.05
15,2,4,1,True,0.0896898082155963,0.2646946961774166,2,qEHVI,0.2,0.0,0.7000000000000001,0.1,0.0,0.0,0.0
15,2,4,1,True,0.0896898082155963,0.2646946961774166,3,qEHVI,0.1,0.0,0.7000000000000001,0.1,0.0,0.0,0.1
15,2,4,1,True,0.0896898082155963,0.2646946961774166,4,qUCB,0.05,0.0,0.30000000000000004,0.0,0.1,0.45,0.1
15,3,3,2,False,0.07455119650953189,0.2065982393443324,0,qEHVI,0.2,0.1,0.6000000000000001,0.1,0.0,0.0,0.0
15,3,3,2,False,0.07455119650953189,0.2065982393443324,1,qEHVI,0.1,0.05,0.6000000000000001,0.1,0.0,0.1,0.05
15,3,3,2,False,0.07455119650953189,0.2065982393443324,2,qEHVI,0.2,0.0,0.7000000000000001,0.1,0.0,0.0,0.0
15,3,3,2,False,0.07455119650953189,0.2065982393443324,3,qUCB,0.05,0.0,0.30000000000000004,0.0,0.1,0.45,0.1
15,3,3,2,False,0.07455119650953189,0.2065982393443324,4,qUCB,0.35000000000000003,0.25,0.2,0.0,0.1,0.0,0.1
15,4,2,3,False,0.05540541039279149,0.23338583234499888,0,qEHVI,0.2,0.1,0.6000000000000001,0.1,0.0,0.0,0.0
15,4,2,3,False,0.05540541039279149,0.23338583234499888,1,qEHVI,0.1,0.05,0.6000000000000001,0.1,0.0,0.1,0.05
15,4,2,3,False,0.05540541039279149,0.23338583234499888,2,qUCB,0.05,0.0,0.30000000000000004,0.0,0.1,0.45,0.1
15,4,2,3,False,0.05540541039279149,0.23338583234499888,3,qUCB,0.35000000000000003,0.25,0.2,0.0,0.1,0.0,0.1
15,4,2,3,False,0.05540541039279149,0.23338583234499888,4,qUCB,0.35000000000000003,0.0,0.30000000000000004,0.0,0.1,0.25,0.0
15,5,1,4,False,0.044384051445664874,0.11822762282779653,0,qEHVI,0.2,0.1,0.6000000000000001,0.1,0.0,0.0,0.0
15,5,1,4,False,0.044384051445664874,0.11822762282779653,1,qUCB,0.05,0.0,0.30000000000000004,0.0,0.1,0.45,0.1
15,5,1,4,False,0.044384051445664874,0.11822762282779653,2,qUCB,0.0,0.0,0.4,0.05,0.0,0.45,0.1
15,5,1,4,False,0.044384051445664874,0.11822762282779653,3,qUCB,0.0,0.0,0.55,0.0,0.1,0.25,0.1
15,5,1,4,False,0.044384051445664874,0.11822762282779653,4,qUCB,0.0,0.05,0.2,0.1,0.1,0.45,0.1
15,6,0,5,False,0.037736110643982204,0.15952740218498507,0,qUCB,0.05,0.0,0.65,0.1,0.0,0.1,0.1
15,6,0,5,False,0.037736110643982204,0.15952740218498507,1,qUCB,0.35000000000000003,0.0,0.4,0.1,0.0,0.15000000000000002,0.0
15,6,0,5,False,0.037736110643982204,0.15952740218498507,2,qUCB,0.0,0.0,0.4,0.1,0.0,0.4,0.1
15,6,0,5,False,0.037736110643982204,0.15952740218498507,3,qUCB,0.2,0.0,0.7000000000000001,0.0,0.0,0.1,0.0
15,6,0,5,False,0.037736110643982204,0.15952740218498507,4,qUCB,0.15000000000000002,0.0,0.55,0.1,0.0,0.1,0.1
16,1,5,0,False,0.09006110885265911,0.1618260049315765,0,qEHVI,0.25,0.05,0.6000000000000001,0.1,0.0,0.0,0.0
16,1,5,0,False,0.09006110885265911,0.1618260049315765,1,qEHVI,0.15000000000000002,0.1,0.7000000000000001,0.05,0.0,0.0,0.0
16,1,5,0,False,0.09006110885265911,0.1618260049315765,2,qEHVI,0.1,0.05,0.65,0.1,0.0,0.0,0.1
16,1,5,0,False,0.09006110885265911,0.1618260049315765,3,qEHVI,0.1,0.05,0.7000000000000001,0.1,0.0,0.0,0.05
16,1,5,0,False,0.09006110885265911,0.1618260049315765,4,qEHVI,0.05,0.0,0.65,0.1,0.0,0.1,0.1
16,2,4,1,True,0.07757680097659536,0.21842393154920536,0,qEHVI,0.25,0.05,0.6000000000000001,0.1,0.0,0.0,0.0
16,2,4,1,True,0.07757680097659536,0.21842393154920536,1,qEHVI,0.15000000000000002,0.1,0.7000000000000001,0.05,0.0,0.0,0.0
16,2,4,1,True,0.07757680097659536,0.21842393154920536,2,qEHVI,0.1,0.05,0.7000000000000001,0.1,0.0,0.0,0.05
16,2,4,1,True,0.07757680097659536,0.21842393154920536,3,qEHVI,0.1,0.05,0.65,0.1,0.0,0.0,0.1
16,2,4,1,True,0.07757680097659536,0.21842393154920536,4,qUCB,0.0,0.0,0.4,0.0,0.1,0.4,0.1
16,3,3,2,False,0.06289375600314447,0.13104560762547024,0,qEHVI,0.25,0.05,0.6000000000000001,0.1,0.0,0.0,0.0
16,3,3,2,False,0.06289375600314447,0.13104560762547024,1,qEHVI,0.15000000000000002,0.1,0.7000000000000001,0.05,0.0,0.0,0.0
16,3,3,2,False,0.06289375600314447,0.13104560762547024,2,qEHVI,0.1,0.05,0.65,0.1,0.0,0.0,0.1
16,3,3,2,False,0.06289375600314447,0.13104560762547024,3,qUCB,0.0,0.0,0.4,0.0,0.1,0.4,0.1
16,3,3,2,False,0.06289375600314447,0.13104560762547024,4,qUCB,0.35000000000000003,0.25,0.2,0.0,0.1,0.0,0.1
16,4,2,3,False,0.05977032146915538,0.09014371365731755,0,qEHVI,0.25,0.05,0.6000000000000001,0.1,0.0,0.0,0.0
16,4,2,3,False,0.05977032146915538,0.09014371365731755,1,qEHVI,0.15000000000000002,0.1,0.7000000000000001,0.05,0.0,0.0,0.0
16,4,2,3,False,0.05977032146915538,0.09014371365731755,2,qUCB,0.0,0.0,0.30000000000000004,0.1,0.05,0.45,0.1
16,4,2,3,False,0.05977032146915538,0.09014371365731755,3,qUCB,0.0,0.0,0.35000000000000003,0.1,0.0,0.45,0.1
16,4,2,3,False,0.05977032146915538,0.09014371365731755,4,qUCB,0.0,0.0,0.4,0.0,0.1,0.4,0.1
16,5,1,4,False,0.04441819680347269,0.13903751726797786,0,qEHVI,0.25,0.05,0.6000000000000001,0.1,0.0,0.0,0.0
16,5,1,4,False,0.04441819680347269,0.13903751726797786,1,qUCB,0.0,0.0,0.4,0.0,0.1,0.4,0.1
16,5,1,4,False,0.04441819680347269,0.13903751726797786,2,qUCB,0.0,0.0,0.35000000000000003,0.1,0.0,0.45,0.1
16,5,1,4,False,0.04441819680347269,0.13903751726797786,3,qUCB,0.0,0.0,0.55,0.0,0.0,0.35000000000000003,0.1
16,5,1,4,False,0.04441819680347269,0.13903751726797786,4,qUCB,0.05,0.0,0.4,0.0,0.0,0.45,0.1
16,6,0,5,False,0.031721133328845054,0.5170131997534275,0,qUCB,0.05,0.0,0.7000000000000001,0.1,0.0,0.05,0.1
16,6,0,5,False,0.031721133328845054,0.5170131997534275,1,qUCB,0.0,0.0,0.55,0.0,0.0,0.35000000000000003,0.1
16,6,0,5,False,0.031721133328845054,0.5170131997534275,2,qUCB,0.35000000000000003,0.0,0.5,0.05,0.0,0.1,0.0
16,6,0,5,False,0.031721133328845054,0.5170131997534275,3,qUCB,0.0,0.1,0.7000000000000001,0.0,0.0,0.1,0.1
16,6,0,5,False,0.031721133328845054,0.5170131997534275,4,qUCB,0.0,0.0,0.35000000000000003,0.1,0.0,0.45,0.1
17,1,5,0,False,0.09425425535300376,0.5691292768108411,0,qEHVI,0.2,0.05,0.6000000000000001,0.1,0.0,0.0,0.05
17,1,5,0,False,0.09425425535300376,0.5691292768108411,1,qEHVI,0.2,0.05,0.6000000000000001,0.1,0.0,0.05,0.0
17,1,5,0,False,0.09425425535300376,0.5691292768108411,2,qEHVI,0.0,0.15000000000000002,0.65,0.1,0.0,0.05,0.05
17,1,5,0,False,0.09425425535300376,0.5691292768108411,3,qEHVI,0.0,0.0,0.35000000000000003,0.1,0.0,0.45,0.1
17,1,5,0,False,0.09425425535300376,0.5691292768108411,4,qEHVI,0.1,0.0,0.65,0.1,0.0,0.05,0.1
17,2,4,1,False,0.08304847337826919,0.2376346112448573,0,qEHVI,0.2,0.05,0.6000000000000001,0.1,0.0,0.0,0.05
17,2,4,1,False,0.08304847337826919,0.2376346112448573,1,qEHVI,0.2,0.05,0.6000000000000001,0.1,0.0,0.05,0.0
17,2,4,1,False,0.08304847337826919,0.2376346112448573,2,qEHVI,0.0,0.15000000000000002,0.65,0.1,0.0,0.05,0.05
17,2,4,1,False,0.08304847337826919,0.2376346112448573,3,qEHVI,0.0,0.0,0.35000000000000003,0.1,0.0,0.45,0.1
17,2,4,1,False,0.08304847337826919,0.2376346112448573,4,qUCB,0.30000000000000004,0.30000000000000004,0.2,0.0,0.1,0.0,0.1
17,3,3,2,False,0.07115022152836649,0.11819804613150442,0,qEHVI,0.2,0.05,0.6000000000000001,0.1,0.0,0.0,0.05
17,3,3,2,False,0.07115022152836649,0.11819804613150442,1,qEHVI,0.2,0.05,0.6000000000000001,0.1,0.0,0.05,0.0
17,3,3,2,False,0.07115022152836649,0.11819804613150442,2,qEHVI,0.0,0.15000000000000002,0.65,0.1,0.0,0.05,0.05
17,3,3,2,False,0.07115022152836649,0.11819804613150442,3,qUCB,0.1,0.05,0.2,0.0,0.1,0.45,0.1
17,3,3,2,False,0.07115022152836649,0.11819804613150442,4,qUCB,0.30000000000000004,0.30000000000000004,0.2,0.0,0.1,0.0,0.1
17,4,2,3,True,0.06354444799771786,1.088715408719664,0,qEHVI,0.2,0.05,0.6000000000000001,0.1,0.0,0.0,0.05
17,4,2,3,True,0.06354444799771786,1.088715408719664,1,qEHVI,0.2,0.05,0.6000000000000001,0.1,0.0,0.05,0.0
17,4,2,3,True,0.06354444799771786,1.088715408719664,2,qUCB,0.0,0.0,0.5,0.0,0.0,0.4,0.1
17,4,2,3,True,0.06354444799771786,1.088715408719664,3,qUCB,0.0,0.05,0.30000000000000004,0.0,0.1,0.45,0.1
17,4,2,3,True,0.06354444799771786,1.088715408719664,4,qUCB,0.35000000000000003,0.0,0.30000000000000004,0.0,0.1,0.25,0.0
17,5,1,4,False,0.046233502397263405,0.061886576819890626,0,qEHVI,0.2,0.05,0.6000000000000001,0.1,0.0,0.0,0.05
17,5,1,4,False,0.046233502397263405,0.061886576819890626,1,qUCB,0.0,0.0,0.5,0.0,0.0,0.4,0.1
17,5,1,4,False,0.046233502397263405,0.061886576819890626,2,qUCB,0.35000000000000003,0.0,0.30000000000000004,0.0,0.1,0.25,0.0
17,5,1,4,False,0.046233502397263405,0.061886576819890626,3,qUCB,0.0,0.0,0.7000000000000001,0.0,0.1,0.2,0.0
17,5,1,4,False,0.046233502397263405,0.061886576819890626,4,qUCB,0.0,0.05,0.30000000000000004,0.0,0.1,0.45,0.1
17,6,0,5,False,0.02079958210634183,0.16911143286643104,0,qUCB,0.0,0.05,0.7000000000000001,0.05,0.0,0.1,0.1
17,6,0,5,False,0.02079958210634183,0.16911143286643104,1,qUCB,0.35000000000000003,0.0,0.4,0.1,0.0,0.15000000000000002,0.0
17,6,0,5,False,0.02079958210634183,0.16911143286643104,2,qUCB,0.0,0.0,0.55,0.0,0.0,0.35000000000000003,0.1
17,6,0,5,False,0.02079958210634183,0.16911143286643104,3,qUCB,0.0,0.0,0.7000000000000001,0.0,0.1,0.2,0.0
17,6,0,5,False,0.02079958210634183,0.16911143286643104,4,qUCB,0.35000000000000003,0.0,0.2,0.1,0.1,0.25,0.0
18,1,5,0,False,0.0986379228288734,1.043790945642014,0,qEHVI,0.15000000000000002,0.1,0.6000000000000001,0.1,0.0,0.05,0.0
18,1,5,0,False,0.0986379228288734,1.043790945642014,1,qEHVI,0.1,0.0,0.65,0.1,0.0,0.1,0.05
18,1,5,0,False,0.0986379228288734,1.043790945642014,2,qEHVI,0.2,0.0,0.65,0.1,0.0,0.05,0.0
18,1,5,0,False,0.0986379228288734,1.043790945642014,3,qEHVI,0.0,0.15000000000000002,0.65,0.1,0.0,0.05,0.05
18,1,5,0,False,0.0986379228288734,1.043790945642014,4,qEHVI,0.05,0.0,0.6000000000000001,0.05,0.0,0.2,0.1
18,2,4,1,True,0.08465387984326411,0.3729808623862114,0,qEHVI,0.15000000000000002,0.1,0.6000000000000001,0.1,0.0,0.05,0.0
18,2,4,1,True,0.08465387984326411,0.3729808623862114,1,qEHVI,0.1,0.0,0.65,0.1,0.0,0.1,0.05
18,2,4,1,True,0.08465387984326411,0.3729808623862114,2,qEHVI,0.2,0.0,0.65,0.1,0.0,0.05,0.0
18,2,4,1,True,0.08465387984326411,0.3729808623862114,3,qEHVI,0.0,0.15000000000000002,0.65,0.1,0.0,0.05,0.05
18,2,4,1,True,0.08465387984326411,0.3729808623862114,4,qUCB,0.30000000000000004,0.30000000000000004,0.2,0.0,0.1,0.0,0.1
18,3,3,2,False,0.06970075150933201,0.09057216008164648,0,qEHVI,0.15000000000000002,0.1,0.6000000000000001,0.1,0.0,0.05,0.0
18,3,3,2,False,0.06970075150933201,0.09057216008164648,1,qEHVI,0.1,0.0,0.65,0.1,0.0,0.1,0.05
18,3,3,2,False,0.06970075150933201,0.09057216008164648,2,qEHVI,0.2,0.0,0.65,0.1,0.0,0.05,0.0
18,3,3,2,False,0.06970075150933201,0.09057216008164648,3,qUCB,0.30000000000000004,0.30000000000000004,0.2,0.0,0.1,0.0,0.1
18,3,3,2,False,0.06970075150933201,0.09057216008164648,4,qUCB,0.35000000000000003,0.1,0.2,0.0,0.1,0.15000000000000002,0.1
18,4,2,3,False,0.054646001581956115,0.1743835499459494,0,qEHVI,0.15000000000000002,0.1,0.6000000000000001,0.1,0.0,0.05,0.0
18,4,2,3,False,0.054646001581956115,0.1743835499459494,1,qEHVI,0.1,0.0,0.65,0.1,0.0,0.1,0.05
18,4,2,3,False,0.054646001581956115,0.1743835499459494,2,qUCB,0.30000000000000004,0.30000000000000004,0.2,0.0,0.1,0.0,0.1
18,4,2,3,False,0.054646001581956115,0.1743835499459494,3,qUCB,0.35000000000000003,0.1,0.2,0.0,0.1,0.15000000000000002,0.1
18,4,2,3,False,0.054646001581956115,0.1743835499459494,4,qUCB,0.0,0.5,0.4,0.0,0.0,0.0,0.1
18,5,1,4,False,0.035110011295207605,0.040529607046330574,0,qEHVI,0.15000000000000002,0.1,0.6000000000000001,0.1,0.0,0.05,0.0
18,5,1,4,False,0.035110011295207605,0.040529607046330574,1,qUCB,0.0,0.0,0.30000000000000004,0.05,0.1,0.45,0.1
18,5,1,4,False,0.035110011295207605,0.040529607046330574,2,qUCB,0.35000000000000003,0.0,0.30000000000000004,0.0,0.1,0.15000000000000002,0.1
18,5,1,4,False,0.035110011295207605,0.040529607046330574,3,qUCB,0.30000000000000004,0.30000000000000004,0.2,0.0,0.1,0.0,0.1
18,5,1,4,False,0.035110011295207605,0.040529607046330574,4,qUCB,0.0,0.5,0.2,0.0,0.1,0.2,0.0
18,6,0,5,False,0.020419106253062088,1.0289413450428062,0,qUCB,0.0,0.05,0.7000000000000001,0.05,0.0,0.1,0.1
18,6,0,5,False,0.020419106253062088,1.0289413450428062,1,qUCB,0.35000000000000003,0.0,0.30000000000000004,0.1,0.0,0.15000000000000002,0.1
18,6,0,5,False,0.020419106253062088,1.0289413450428062,2,qUCB,0.0,0.15000000000000002,0.7000000000000001,0.0,0.0,0.15000000000000002,0.0
18,6,0,5,False,0.020419106253062088,1.0289413450428062,3,qUCB,0.0,0.0,0.55,0.1,0.0,0.30000000000000004,0.05
18,6,0,5,False,0.020419106253062088,1.0289413450428062,4,qUCB,0.35000000000000003,0.2,0.2,0.1,0.0,0.15000000000000002,0.0
19,1,5,0,False,0.10967843490475807,0.23868996635475348,0,qEHVI,0.15000000000000002,0.1,0.6000000000000001,0.1,0.0,0.0,0.05
19,1,5,0,False,0.10967843490475807,0.23868996635475348,1,qEHVI,0.0,0.0,0.7000000000000001,0.05,0.0,0.2,0.05
19,1,5,0,False,0.10967843490475807,0.23868996635475348,2,qEHVI,0.0,0.15000000000000002,0.7000000000000001,0.1,0.0,0.0,0.05
19,1,5,0,False,0.10967843490475807,0.23868996635475348,3,qEHVI,0.0,0.05,0.6000000000000001,0.1,0.0,0.15000000000000002,0.1
19,1,5,0,False,0.10967843490475807,0.23868996635475348,4,qEHVI,0.0,0.05,0.7000000000000001,0.1,0.0,0.1,0.05
19,2,4,1,False,0.09052456824544776,0.08292341319469809,0,qEHVI,0.15000000000000002,0.1,0.6000000000000001,0.1,0.0,0.0,0.05
19,2,4,1,False,0.09052456824544776,0.08292341319469809,1,qEHVI,0.0,0.0,0.7000000000000001,0.05,0.0,0.2,0.05
19,2,4,1,False,0.09052456824544776,0.08292341319469809,2,qEHVI,0.0,0.15000000000000002,0.7000000000000001,0.1,0.0,0.0,0.05
19,2,4,1,False,0.09052456824544776,0.08292341319469809,3,qEHVI,0.0,0.05,0.6000000000000001,0.1,0.0,0.15000000000000002,0.1
19,2,4,1,False,0.09052456824544776,0.08292341319469809,4,qUCB,0.15000000000000002,0.0,0.2,0.0,0.1,0.45,0.1
19,3,3,2,False,0.07164140940855587,0.058175840542000756,0,qEHVI,0.15000000000000002,0.1,0.6000000000000001,0.1,0.0,0.0,0.05
19,3,3,2,False,0.07164140940855587,0.058175840542000756,1,qEHVI,0.0,0.0,0.7000000000000001,0.05,0.0,0.2,0.05
19,3,3,2,False,0.07164140940855587,0.058175840542000756,2,qEHVI,0.0,0.15000000000000002,0.7000000000000001,0.1,0.0,0.0,0.05
19,3,3,2,False,0.07164140940855587,0.058175840542000756,3,qUCB,0.15000000000000002,0.0,0.2,0.0,0.1,0.45,0.1
19,3,3,2,False,0.07164140940855587,0.058175840542000756,4,qUCB,0.0,0.5,0.2,0.0,0.1,0.2,0.0
19,4,2,3,False,0.05379405855310681,0.0988243339984558,0,qEHVI,0.15000000000000002,0.1,0.6000000000000001,0.1,0.0,0.0,0.05
19,4,2,3,False,0.05379405855310681,0.0988243339984558,1,qEHVI,0.0,0.0,0.7000000000000001,0.05,0.0,0.2,0.05
19,4,2,3,False,0.05379405855310681,0.0988243339984558,2,qUCB,0.15000000000000002,0.0,0.2,0.0,0.1,0.45,0.1
19,4,2,3,False,0.05379405855310681,0.0988243339984558,3,qUCB,0.0,0.5,0.2,0.0,0.1,0.2,0.0
19,4,2,3,False,0.05379405855310681,0.0988243339984558,4,qUCB,0.30000000000000004,0.30000000000000004,0.2,0.0,0.0,0.2,0.0
19,5,1,4,True,0.034375893746259996,0.1715081588688312,0,qEHVI,0.15000000000000002,0.1,0.6000000000000001,0.1,0.0,0.0,0.05
19,5,1,4,True,0.034375893746259996,0.1715081588688312,1,qUCB,0.15000000000000002,0.0,0.2,0.0,0.1,0.45,0.1
19,5,1,4,True,0.034375893746259996,0.1715081588688312,2,qUCB,0.0,0.4,0.2,0.0,0.1,0.30000000000000004,0.0
19,5,1,4,True,0.034375893746259996,0.1715081588688312,3,qUCB,0.30000000000000004,0.30000000000000004,0.2,0.0,0.0,0.2,0.0
19,5,1,4,True,0.034375893746259996,0.1715081588688312,4,qUCB,0.35000000000000003,0.0,0.30000000000000004,0.0,0.1,0.15000000000000002,0.1
19,6,0,5,False,0.046939223158842434,0.1512204343686916,0,qUCB,0.0,0.05,0.7000000000000001,0.1,0.0,0.1,0.05
19,6,0,5,False,0.046939223158842434,0.1512204343686916,1,qUCB,0.0,0.2,0.6000000000000001,0.0,0.0,0.2,0.0
19,6,0,5,False,0.046939223158842434,0.1512204343686916,2,qUCB,0.30000000000000004,0.0,0.35000000000000003,0.1,0.0,0.15000000000000002,0.1
19,6,0,5,False,0.046939223158842434,0.1512204343686916,3,qUCB,0.30000000000000004,0.30000000000000004,0.2,0.0,0.0,0.2,0.0
19,6,0,5,False,0.046939223158842434,0.1512204343686916,4,qUCB,0.0,0.25,0.30000000000000004,0.1,0.1,0.25,0.0
20,1,5,0,False,0.08638152158798183,0.3013152368803649,0,qEHVI,0.25,0.0,0.6000000000000001,0.1,0.0,0.05,0.0
20,1,5,0,False,0.08638152158798183,0.3013152368803649,1,qEHVI,0.0,0.15000000000000002,0.7000000000000001,0.1,0.0,0.0,0.05
20,1,5,0,False,0.08638152158798183,0.3013152368803649,2,qEHVI,0.05,0.0,0.65,0.1,0.0,0.1,0.1
20,1,5,0,False,0.08638152158798183,0.3013152368803649,3,qEHVI,0.05,0.0,0.55,0.1,0.0,0.2,0.1
20,1,5,0,False,0.08638152158798183,0.3013152368803649,4,qEHVI,0.0,0.05,0.7000000000000001,0.0,0.0,0.15000000000000002,0.1
20,2,4,1,False,0.0728993142742432,0.15305073824192483,0,qEHVI,0.25,0.0,0.6000000000000001,0.1,0.0,0.05,0.0
20,2,4,1,False,0.0728993142742432,0.15305073824192483,1,qEHVI,0.0,0.15000000000000002,0.7000000000000001,0.1,0.0,0.0,0.05
20,2,4,1,False,0.0728993142742432,0.15305073824192483,2,qEHVI,0.05,0.0,0.65,0.1,0.0,0.1,0.1
20,2,4,1,False,0.0728993142742432,0.15305073824192483,3,qEHVI,0.05,0.0,0.55,0.1,0.0,0.2,0.1
20,2,4,1,False,0.0728993142742432,0.15305073824192483,4,qUCB,0.30000000000000004,0.45,0.2,0.0,0.0,0.0,0.05
20,3,3,2,True,0.058617730477757715,0.25333337994697924,0,qEHVI,0.25,0.0,0.6000000000000001,0.1,0.0,0.05,0.0
20,3,3,2,True,0.058617730477757715,0.25333337994697924,1,qEHVI,0.0,0.15000000000000002,0.7000000000000001,0.1,0.0,0.0,0.05
20,3,3,2,True,0.058617730477757715,0.25333337994697924,2,qEHVI,0.05,0.0,0.65,0.1,0.0,0.1,0.1
20,3,3,2,True,0.058617730477757715,0.25333337994697924,3,qUCB,0.0,0.0,0.55,0.0,0.1,0.35000000000000003,0.0
20,3,3,2,True,0.058617730477757715,0.25333337994697924,4,qUCB,0.0,0.0,0.30000000000000004,0.1,0.1,0.45,0.05
20,4,2,3,False,0.04659300077171509,0.2282838744178326,0,qEHVI,0.25,0.0,0.6000000000000001,0.1,0.0,0.05,0.0
20,4,2,3,False,0.04659300077171509,0.2282838744178326,1,qEHVI,0.0,0.15000000000000002,0.7000000000000001,0.1,0.0,0.0,0.05
20,4,2,3,False,0.04659300077171509,0.2282838744178326,2,qUCB,0.0,0.0,0.4,0.0,0.05,0.45,0.1
20,4,2,3,False,0.04659300077171509,0.2282838744178326,3,qUCB,0.0,0.0,0.65,0.0,0.1,0.25,0.0
20,4,2,3,False,0.04659300077171509,0.2282838744178326,4,qUCB,0.0,0.0,0.30000000000000004,0.1,0.1,0.45,0.05
20,5,1,4,False,0.03012896945606123,0.07256626433601632,0,qEHVI,0.25,0.0,0.6000000000000001,0.1,0.0,0.05,0.0
20,5,1,4,False,0.03012896945606123,0.07256626433601632,1,qUCB,0.0,0.0,0.4,0.0,0.05,0.45,0.1
20,5,1,4,False,0.03012896945606123,0.07256626433601632,2,qUCB,0.0,0.5,0.4,0.0,0.0,0.0,0.1
20,5,1,4,False,0.03012896945606123,0.07256626433601632,3,qUCB,0.0,0.0,0.6000000000000001,0.0,0.1,0.2,0.1
20,5,1,4,False,0.03012896945606123,0.07256626433601632,4,qUCB,0.0,0.30000000000000004,0.5,0.0,0.1,0.0,0.1
20,6,0,5,False,0.012390304858845192,0.5448954522207252,0,qUCB,0.1,0.0,0.6000000000000001,0.1,0.0,0.1,0.1
20,6,0,5,False,0.012390304858845192,0.5448954522207252,1,qUCB,0.0,0.0,0.65,0.0,0.1,0.25,0.0
20,6,0,5,False,0.012390304858845192,0.5448954522207252,2,qUCB,0.35000000000000003,0.0,0.4,0.1,0.0,0.15000000000000002,0.0
20,6,0,5,False,0.012390304858845192,0.5448954522207252,3,qUCB,0.0,0.1,0.7000000000000001,0.0,0.0,0.1,0.1
20,6,0,5,False,0.012390304858845192,0.5448954522207252,4,qUCB,0.15000000000000002,0.0,0.55,0.0,0.0,0.2,0.1
21,1,5,0,False,0.07742574252304767,0.5624921079247898,0,qEHVI,0.2,0.05,0.55,0.1,0.0,0.05,0.05
21,1,5,0,False,0.07742574252304767,0.5624921079247898,1,qEHVI,0.05,0.0,0.65,0.0,0.0,0.2,0.1
21,1,5,0,False,0.07742574252304767,0.5624921079247898,2,qEHVI,0.1,0.05,0.65,0.05,0.0,0.1,0.05
21,1,5,0,False,0.07742574252304767,0.5624921079247898,3,qEHVI,0.15000000000000002,0.0,0.65,0.1,0.0,0.05,0.05
21,1,5,0,False,0.07742574252304767,0.5624921079247898,4,qEHVI,0.0,0.05,0.7000000000000001,0.0,0.0,0.15000000000000002,0.1
21,2,4,1,True,0.06521554852949274,0.5071535397205196,0,qEHVI,0.2,0.05,0.55,0.1,0.0,0.05,0.05
21,2,4,1,True,0.06521554852949274,0.5071535397205196,1,qEHVI,0.05,0.0,0.65,0.0,0.0,0.2,0.1
21,2,4,1,True,0.06521554852949274,0.5071535397205196,2,qEHVI,0.1,0.05,0.65,0.05,0.0,0.1,0.05
21,2,4,1,True,0.06521554852949274,0.5071535397205196,3,qEHVI,0.15000000000000002,0.0,0.65,0.1,0.0,0.05,0.05
21,2,4,1,True,0.06521554852949274,0.5071535397205196,4,qUCB,0.0,0.0,0.35000000000000003,0.1,0.1,0.35000000000000003,0.1
21,3,3,2,False,0.05282557176716854,0.44976199467721756,0,qEHVI,0.2,0.05,0.55,0.1,0.0,0.05,0.05
21,3,3,2,False,0.05282557176716854,0.44976199467721756,1,qEHVI,0.05,0.0,0.65,0.0,0.0,0.2,0.1
21,3,3,2,False,0.05282557176716854,0.44976199467721756,2,qEHVI,0.1,0.05,0.65,0.05,0.0,0.1,0.05
21,3,3,2,False,0.05282557176716854,0.44976199467721756,3,qUCB,0.0,0.0,0.35000000000000003,0.1,0.1,0.35000000000000003,0.1
21,3,3,2,False,0.05282557176716854,0.44976199467721756,4,qUCB,0.0,0.5,0.4,0.0,0.0,0.0,0.1
21,4,2,3,False,0.038410331649048404,0.2858483367122342,0,qEHVI,0.2,0.05,0.55,0.1,0.0,0.05,0.05
21,4,2,3,False,0.038410331649048404,0.2858483367122342,1,qEHVI,0.05,0.0,0.65,0.0,0.0,0.2,0.1
21,4,2,3,False,0.038410331649048404,0.2858483367122342,2,qUCB,0.0,0.0,0.35000000000000003,0.1,0.1,0.35000000000000003,0.1
21,4,2,3,False,0.038410331649048404,0.2858483367122342,3,qUCB,0.0,0.0,0.7000000000000001,0.05,0.1,0.15000000000000002,0.0
21,4,2,3,False,0.038410331649048404,0.2858483367122342,4,qUCB,0.0,0.4,0.5,0.0,0.1,0.0,0.0
21,5,1,4,False,0.02341751794403211,0.3258463299593357,0,qEHVI,0.2,0.05,0.55,0.1,0.0,0.05,0.05
21,5,1,4,False,0.02341751794403211,0.3258463299593357,1,qUCB,0.0,0.0,0.4,0.0,0.1,0.45,0.05
21,5,1,4,False,0.02341751794403211,0.3258463299593357,2,qUCB,0.0,0.0,0.7000000000000001,0.0,0.1,0.1,0.1
21,5,1,4,False,0.02341751794403211,0.3258463299593357,3,qUCB,0.0,0.5,0.4,0.0,0.0,0.0,0.1
21,5,1,4,False,0.02341751794403211,0.3258463299593357,4,qUCB,0.0,0.0,0.55,0.0,0.1,0.25,0.1
21,6,0,5,False,0.016496380274469202,0.4671561675409386,0,qUCB,0.1,0.0,0.7000000000000001,0.0,0.0,0.1,0.1
21,6,0,5,False,0.016496380274469202,0.4671561675409386,1,qUCB,0.15000000000000002,0.0,0.7000000000000001,0.0,0.0,0.15000000000000002,0.0
21,6,0,5,False,0.016496380274469202,0.4671561675409386,2,qUCB,0.0,0.0,0.7000000000000001,0.0,0.1,0.15000000000000002,0.05
21,6,0,5,False,0.016496380274469202,0.4671561675409386,3,qUCB,0.15000000000000002,0.0,0.5,0.1,0.0,0.15000000000000002,0.1
21,6,0,5,False,0.016496380274469202,0.4671561675409386,4,qUCB,0.35000000000000003,0.0,0.55,0.0,0.0,0.1,0.0
22,1,5,0,False,0.05933970262306378,0.1719279500116695,0,qEHVI,0.15000000000000002,0.0,0.7000000000000001,0.0,0.0,0.1,0.05
22,1,5,0,False,0.05933970262306378,0.1719279500116695,1,qEHVI,0.25,0.0,0.65,0.05,0.0,0.05,0.0
22,1,5,0,False,0.05933970262306378,0.1719279500116695,2,qEHVI,0.05,0.0,0.6000000000000001,0.1,0.0,0.15000000000000002,0.1
22,1,5,0,False,0.05933970262306378,0.1719279500116695,3,qEHVI,0.25,0.05,0.65,0.05,0.0,0.0,0.0
22,1,5,0,False,0.05933970262306378,0.1719279500116695,4,qEHVI,0.1,0.05,0.7000000000000001,0.0,0.0,0.1,0.05
22,2,4,1,False,0.05200665311647725,0.1432870283727521,0,qEHVI,0.15000000000000002,0.0,0.7000000000000001,0.0,0.0,0.1,0.05
22,2,4,1,False,0.05200665311647725,0.1432870283727521,1,qEHVI,0.25,0.0,0.65,0.05,0.0,0.05,0.0
22,2,4,1,False,0.05200665311647725,0.1432870283727521,2,qEHVI,0.05,0.0,0.6000000000000001,0.1,0.0,0.15000000000000002,0.1
22,2,4,1,False,0.05200665311647725,0.1432870283727521,3,qEHVI,0.25,0.05,0.65,0.05,0.0,0.0,0.0
22,2,4,1,False,0.05200665311647725,0.1432870283727521,4,qUCB,0.0,0.5,0.4,0.1,0.0,0.0,0.0
22,3,3,2,True,0.04325876783540823,0.14197658164336957,0,qEHVI,0.15000000000000002,0.0,0.7000000000000001,0.0,0.0,0.1,0.05
22,3,3,2,True,0.04325876783540823,0.14197658164336957,1,qEHVI,0.25,0.0,0.65,0.05,0.0,0.05,0.0
22,3,3,2,True,0.04325876783540823,0.14197658164336957,2,qEHVI,0.05,0.0,0.6000000000000001,0.1,0.0,0.15000000000000002,0.1
22,3,3,2,True,0.04325876783540823,0.14197658164336957,3,qUCB,0.0,0.5,0.4,0.1,0.0,0.0,0.0
22,3,3,2,True,0.04325876783540823,0.14197658164336957,4,qUCB,0.0,0.5,0.30000000000000004,0.0,0.1,0.0,0.1
22,4,2,3,False,0.03256035122108927,0.10462177988619548,0,qEHVI,0.15000000000000002,0.0,0.7000000000000001,0.0,0.0,0.1,0.05
22,4,2,3,False,0.03256035122108927,0.10462177988619548,1,qEHVI,0.25,0.0,0.65,0.05,0.0,0.05,0.0
22,4,2,3,False,0.03256035122108927,0.10462177988619548,2,qUCB,0.0,0.0,0.30000000000000004,0.1,0.05,0.45,0.1
22,4,2,3,False,0.03256035122108927,0.10462177988619548,3,qUCB,0.0,0.5,0.30000000000000004,0.1,0.0,0.0,0.1
22,4,2,3,False,0.03256035122108927,0.10462177988619548,4,qUCB,0.0,0.5,0.35000000000000003,0.1,0.0,0.05,0.0
22,5,1,4,False,0.01858050282629148,0.0566505998558009,0,qEHVI,0.15000000000000002,0.0,0.7000000000000001,0.0,0.0,0.1,0.05
22,5,1,4,False,0.01858050282629148,0.0566505998558009,1,qUCB,0.0,0.0,0.30000000000000004,0.1,0.05,0.45,0.1
22,5,1,4,False,0.01858050282629148,0.0566505998558009,2,qUCB,0.0,0.5,0.4,0.1,0.0,0.0,0.0
22,5,1,4,False,0.01858050282629148,0.0566505998558009,3,qUCB,0.0,0.5,0.30000000000000004,0.1,0.0,0.0,0.1
22,5,1,4,False,0.01858050282629148,0.0566505998558009,4,qUCB,0.1,0.5,0.2,0.1,0.0,0.1,0.0
22,6,0,5,False,0.012359109252774905,0.2922381948906486,0,qUCB,0.0,0.1,0.7000000000000001,0.0,0.0,0.1,0.1
22,6,0,5,False,0.012359109252774905,0.2922381948906486,1,qUCB,0.35000000000000003,0.0,0.5,0.0,0.0,0.15000000000000002,0.0
22,6,0,5,False,0.012359109252774905,0.2922381948906486,2,qUCB,0.0,0.0,0.7000000000000001,0.0,0.1,0.2,0.0
22,6,0,5,False,0.012359109252774905,0.2922381948906486,3,qUCB,0.15000000000000002,0.0,0.5,0.1,0.0,0.15000000000000002,0.1
22,6,0,5,False,0.012359109252774905,0.2922381948906486,4,qUCB,0.0,0.5,0.4,0.1,0.0,0.0,0.0
23,1,5,0,False,0.04858746427614714,0.17866475139572202,0,qEHVI,0.1,0.2,0.55,0.1,0.0,0.0,0.05
23,1,5,0,False,0.04858746427614714,0.17866475139572202,1,qEHVI,0.15000000000000002,0.05,0.65,0.1,0.0,0.05,0.0
23,1,5,0,False,0.04858746427614714,0.17866475139572202,2,qEHVI,0.05,0.15000000000000002,0.6000000000000001,0.1,0.0,0.0,0.1
23,1,5,0,False,0.04858746427614714,0.17866475139572202,3,qEHVI,0.35000000000000003,0.0,0.55,0.1,0.0,0.0,0.0
23,1,5,0,False,0.04858746427614714,0.17866475139572202,4,qEHVI,0.05,0.0,0.7000000000000001,0.0,0.0,0.15000000000000002,0.1
23,2,4,1,False,0.04211652486800284,0.07362768339056558,0,qEHVI,0.1,0.2,0.55,0.1,0.0,0.0,0.05
23,2,4,1,False,0.04211652486800284,0.07362768339056558,1,qEHVI,0.15000000000000002,0.05,0.65,0.1,0.0,0.05,0.0
23,2,4,1,False,0.04211652486800284,0.07362768339056558,2,qEHVI,0.05,0.15000000000000002,0.6000000000000001,0.1,0.0,0.0,0.1
23,2,4,1,False,0.04211652486800284,0.07362768339056558,3,qEHVI,0.35000000000000003,0.0,0.55,0.1,0.0,0.0,0.0
23,2,4,1,False,0.04211652486800284,0.07362768339056558,4,qUCB,0.0,0.0,0.4,0.0,0.1,0.45,0.05
23,3,3,2,True,0.03427177940300566,0.21985460958806868,0,qEHVI,0.1,0.2,0.55,0.1,0.0,0.0,0.05
23,3,3,2,True,0.03427177940300566,0.21985460958806868,1,qEHVI,0.15000000000000002,0.05,0.65,0.1,0.0,0.05,0.0
23,3,3,2,True,0.03427177940300566,0.21985460958806868,2,qEHVI,0.05,0.15000000000000002,0.6000000000000001,0.1,0.0,0.0,0.1
23,3,3,2,True,0.03427177940300566,0.21985460958806868,3,qUCB,0.0,0.0,0.4,0.0,0.1,0.45,0.05
23,3,3,2,True,0.03427177940300566,0.21985460958806868,4,qUCB,0.0,0.0,0.7000000000000001,0.0,0.1,0.15000000000000002,0.05
23,4,2,3,False,0.026261542382619282,0.175016033464102,0,qEHVI,0.1,0.2,0.55,0.1,0.0,0.0,0.05
23,4,2,3,False,0.026261542382619282,0.175016033464102,1,qEHVI,0.15000000000000002,0.05,0.65,0.1,0.0,0.05,0.0
23,4,2,3,False,0.026261542382619282,0.175016033464102,2,qUCB,0.0,0.0,0.4,0.0,0.1,0.45,0.05
23,4,2,3,False,0.026261542382619282,0.175016033464102,3,qUCB,0.0,0.0,0.6000000000000001,0.0,0.1,0.2,0.1
23,4,2,3,False,0.026261542382619282,0.175016033464102,4,qUCB,0.0,0.0,0.7000000000000001,0.0,0.1,0.1,0.1
23,5,1,4,False,0.016903664265764014,0.1695464547331671,0,qEHVI,0.1,0.2,0.55,0.1,0.0,0.0,0.05
23,5,1,4,False,0.016903664265764014,0.1695464547331671,1,qUCB,0.0,0.0,0.4,0.0,0.1,0.45,0.05
23,5,1,4,False,0.016903664265764014,0.1695464547331671,2,qUCB,0.0,0.0,0.6000000000000001,0.0,0.1,0.2,0.1
23,5,1,4,False,0.016903664265764014,0.1695464547331671,3,qUCB,0.0,0.0,0.7000000000000001,0.0,0.1,0.15000000000000002,0.05
23,5,1,4,False,0.016903664265764014,0.1695464547331671,4,qUCB,0.0,0.05,0.2,0.1,0.1,0.45,0.1
23,6,0,5,False,0.014000655508335534,0.29888054938241737,0,qUCB,0.0,0.05,0.7000000000000001,0.05,0.0,0.1,0.1
23,6,0,5,False,0.014000655508335534,0.29888054938241737,1,qUCB,0.0,0.0,0.7000000000000001,0.1,0.0,0.15000000000000002,0.05
23,6,0,5,False,0.014000655508335534,0.29888054938241737,2,qUCB,0.0,0.0,0.7000000000000001,0.0,0.1,0.15000000000000002,0.05
23,6,0,5,False,0.014000655508335534,0.29888054938241737,3,qUCB,0.0,0.0,0.5,0.1,0.0,0.30000000000000004,0.1
23,6,0,5,False,0.014000655508335534,0.29888054938241737,4,qUCB,0.35000000000000003,0.0,0.5,0.05,0.0,0.1,0.0
24,1,5,0,False,0.04839857481981903,0.2690494711730338,0,qEHVI,0.2,0.0,0.65,0.1,0.0,0.0,0.05
24,1,5,0,False,0.04839857481981903,0.2690494711730338,1,qEHVI,0.05,0.05,0.7000000000000001,0.1,0.0,0.1,0.0
24,1,5,0,False,0.04839857481981903,0.2690494711730338,2,qEHVI,0.35000000000000003,0.0,0.55,0.1,0.0,0.0,0.0
24,1,5,0,False,0.04839857481981903,0.2690494711730338,3,qEHVI,0.0,0.05,0.7000000000000001,0.0,0.0,0.15000000000000002,0.1
24,1,5,0,False,0.04839857481981903,0.2690494711730338,4,qEHVI,0.2,0.05,0.7000000000000001,0.05,0.0,0.0,0.0
24,2,4,1,True,0.041485997730603894,0.24052002635418468,0,qEHVI,0.2,0.0,0.65,0.1,0.0,0.0,0.05
24,2,4,1,True,0.041485997730603894,0.24052002635418468,1,qEHVI,0.05,0.05,0.7000000000000001,0.1,0.0,0.1,0.0
24,2,4,1,True,0.041485997730603894,0.24052002635418468,2,qEHVI,0.25,0.05,0.65,0.05,0.0,0.0,0.0
24,2,4,1,True,0.041485997730603894,0.24052002635418468,3,qEHVI,0.0,0.05,0.7000000000000001,0.0,0.0,0.15000000000000002,0.1
24,2,4,1,True,0.041485997730603894,0.24052002635418468,4,qUCB,0.0,0.05,0.2,0.1,0.1,0.45,0.1
24,3,3,2,False,0.03319264335431652,0.05265093120057429,0,qEHVI,0.2,0.0,0.65,0.1,0.0,0.0,0.05
24,3,3,2,False,0.03319264335431652,0.05265093120057429,1,qEHVI,0.05,0.05,0.7000000000000001,0.1,0.0,0.1,0.0
24,3,3,2,False,0.03319264335431652,0.05265093120057429,2,qEHVI,0.25,0.05,0.65,0.05,0.0,0.0,0.0
24,3,3,2,False,0.03319264335431652,0.05265093120057429,3,qUCB,0.0,0.05,0.2,0.1,0.1,0.45,0.1
24,3,3,2,False,0.03319264335431652,0.05265093120057429,4,qUCB,0.0,0.5,0.4,0.0,0.0,0.0,0.1
24,4,2,3,False,0.02445140108413944,0.06932632227574675,0,qEHVI,0.2,0.0,0.65,0.1,0.0,0.0,0.05
24,4,2,3,False,0.02445140108413944,0.06932632227574675,1,qEHVI,0.05,0.05,0.7000000000000001,0.1,0.0,0.1,0.0
24,4,2,3,False,0.02445140108413944,0.06932632227574675,2,qUCB,0.0,0.05,0.2,0.1,0.1,0.45,0.1
24,4,2,3,False,0.02445140108413944,0.06932632227574675,3,qUCB,0.0,0.5,0.4,0.0,0.0,0.0,0.1
24,4,2,3,False,0.02445140108413944,0.06932632227574675,4,qUCB,0.35000000000000003,0.35000000000000003,0.30000000000000004,0.0,0.0,0.0,0.0
24,5,1,4,False,0.013562588207803742,0.05323621580486293,0,qEHVI,0.2,0.0,0.65,0.1,0.0,0.0,0.05
24,5,1,4,False,0.013562588207803742,0.05323621580486293,1,qUCB,0.0,0.05,0.2,0.1,0.1,0.45,0.1
24,5,1,4,False,0.013562588207803742,0.05323621580486293,2,qUCB,0.0,0.5,0.4,0.0,0.0,0.0,0.1
24,5,1,4,False,0.013562588207803742,0.05323621580486293,3,qUCB,0.0,0.05,0.4,0.0,0.0,0.45,0.1
24,5,1,4,False,0.013562588207803742,0.05323621580486293,4,qUCB,0.35000000000000003,0.35000000000000003,0.30000000000000004,0.0,0.0,0.0,0.0
24,6,0,5,False,0.012645399449461548,0.9855624800980367,0,qUCB,0.0,0.05,0.7000000000000001,0.05,0.0,0.1,0.1
24,6,0,5,False,0.012645399449461548,0.9855624800980367,1,qUCB,0.0,0.0,0.55,0.1,0.0,0.30000000000000004,0.05
24,6,0,5,False,0.012645399449461548,0.9855624800980367,2,qUCB,0.35000000000000003,0.0,0.5,0.0,0.0,0.15000000000000002,0.0
24,6,0,5,False,0.012645399449461548,0.9855624800980367,3,qUCB,0.0,0.2,0.7000000000000001,0.0,0.0,0.1,0.0
24,6,0,5,False,0.012645399449461548,0.9855624800980367,4,qUCB,0.35000000000000003,0.15000000000000002,0.4,0.1,0.0,0.0,0.0
25,1,5,0,False,0.052349529702541836,0.34942900952709977,0,qEHVI,0.25,0.0,0.65,0.1,0.0,0.0,0.0
25,1,5,0,False,0.052349529702541836,0.34942900952709977,1,qEHVI,0.1,0.05,0.6000000000000001,0.1,0.0,0.05,0.1
25,1,5,0,False,0.052349529702541836,0.34942900952709977,2,qEHVI,0.05,0.0,0.65,0.05,0.0,0.15000000000000002,0.1
25,1,5,0,False,0.052349529702541836,0.34942900952709977,3,qEHVI,0.15000000000000002,0.0,0.6000000000000001,0.1,0.0,0.05,0.1
25,1,5,0,False,0.052349529702541836,0.34942900952709977,4,qEHVI,0.35000000000000003,0.0,0.5,0.1,0.0,0.05,0.0
25,2,4,1,True,0.047179839173429466,0.13163707277961123,0,qEHVI,0.25,0.0,0.65,0.1,0.0,0.0,0.0
25,2,4,1,True,0.047179839173429466,0.13163707277961123,1,qEHVI,0.1,0.05,0.6000000000000001,0.1,0.0,0.05,0.1
25,2,4,1,True,0.047179839173429466,0.13163707277961123,2,qEHVI,0.05,0.0,0.65,0.05,0.0,0.15000000000000002,0.1
25,2,4,1,True,0.047179839173429466,0.13163707277961123,3,qEHVI,0.15000000000000002,0.0,0.6000000000000001,0.1,0.0,0.05,0.1
25,2,4,1,True,0.047179839173429466,0.13163707277961123,4,qUCB,0.35000000000000003,0.4,0.2,0.0,0.0,0.0,0.05
25,3,3,2,False,0.040362430510054906,0.05180645010467355,0,qEHVI,0.25,0.0,0.65,0.1,0.0,0.0,0.0
25,3,3,2,False,0.040362430510054906,0.05180645010467355,1,qEHVI,0.1,0.05,0.6000000000000001,0.1,0.0,0.05,0.1
25,3,3,2,False,0.040362430510054906,0.05180645010467355,2,qEHVI,0.15000000000000002,0.0,0.6000000000000001,0.1,0.0,0.05,0.1
25,3,3,2,False,0.040362430510054906,0.05180645010467355,3,qUCB,0.35000000000000003,0.4,0.2,0.0,0.0,0.0,0.05
25,3,3,2,False,0.040362430510054906,0.05180645010467355,4,qUCB,0.0,0.4,0.5,0.0,0.1,0.0,0.0
25,4,2,3,False,0.03407216755353116,0.03730141851308222,0,qEHVI,0.25,0.0,0.65,0.1,0.0,0.0,0.0
25,4,2,3,False,0.03407216755353116,0.03730141851308222,1,qEHVI,0.1,0.05,0.6000000000000001,0.1,0.0,0.05,0.1
25,4,2,3,False,0.03407216755353116,0.03730141851308222,2,qUCB,0.35000000000000003,0.4,0.2,0.0,0.0,0.0,0.05
25,4,2,3,False,0.03407216755353116,0.03730141851308222,3,qUCB,0.0,0.4,0.5,0.0,0.1,0.0,0.0
25,4,2,3,False,0.03407216755353116,0.03730141851308222,4,qUCB,0.0,0.0,0.6000000000000001,0.0,0.1,0.30000000000000004,0.0
25,5,1,4,False,0.02932167428440304,0.2469708416730203,0,qEHVI,0.25,0.0,0.65,0.1,0.0,0.0,0.0
25,5,1,4,False,0.02932167428440304,0.2469708416730203,1,qUCB,0.0,0.0,0.30000000000000004,0.05,0.1,0.45,0.1
25,5,1,4,False,0.02932167428440304,0.2469708416730203,2,qUCB,0.0,0.0,0.4,0.0,0.05,0.45,0.1
25,5,1,4,False,0.02932167428440304,0.2469708416730203,3,qUCB,0.0,0.0,0.5,0.0,0.1,0.30000000000000004,0.1
25,5,1,4,False,0.02932167428440304,0.2469708416730203,4,qUCB,0.0,0.0,0.35000000000000003,0.1,0.0,0.45,0.1
25,6,0,5,False,0.01733363399434616,0.34548838958198,0,qUCB,0.0,0.1,0.7000000000000001,0.0,0.0,0.1,0.1
25,6,0,5,False,0.01733363399434616,0.34548838958198,1,qUCB,0.35000000000000003,0.0,0.5,0.1,0.0,0.05,0.0
25,6,0,5,False,0.01733363399434616,0.34548838958198,2,qUCB,0.0,0.0,0.55,0.1,0.0,0.30000000000000004,0.05
25,6,0,5,False,0.01733363399434616,0.34548838958198,3,qUCB,0.35000000000000003,0.0,0.5,0.0,0.0,0.15000000000000002,0.0
25,6,0,5,False,0.01733363399434616,0.34548838958198,4,qUCB,0.35000000000000003,0.2,0.35000000000000003,0.1,0.0,0.0,0.0
26,1,5,0,False,0.03897636869827317,0.16222570596418429,0,qEHVI,0.25,0.0,0.6000000000000001,0.1,0.0,0.0,0.05
26,1,5,0,False,0.03897636869827317,0.16222570596418429,1,qEHVI,0.30000000000000004,0.0,0.55,0.1,0.0,0.05,0.0
26,1,5,0,False,0.03897636869827317,0.16222570596418429,2,qEHVI,0.0,0.2,0.7000000000000001,0.05,0.0,0.0,0.05
26,1,5,0,False,0.03897636869827317,0.16222570596418429,3,qEHVI,0.2,0.1,0.65,0.05,0.0,0.0,0.0
26,1,5,0,False,0.03897636869827317,0.16222570596418429,4,qEHVI,0.0,0.15000000000000002,0.7000000000000001,0.05,0.0,0.05,0.05
26,2,4,1,False,0.03394142800851715,0.07251758604719782,0,qEHVI,0.25,0.0,0.6000000000000001,0.1,0.0,0.0,0.05
26,2,4,1,False,0.03394142800851715,0.07251758604719782,1,qEHVI,0.30000000000000004,0.0,0.55,0.1,0.0,0.05,0.0
26,2,4,1,False,0.03394142800851715,0.07251758604719782,2,qEHVI,0.0,0.2,0.7000000000000001,0.05,0.0,0.0,0.05
26,2,4,1,False,0.03394142800851715,0.07251758604719782,3,qEHVI,0.2,0.1,0.65,0.05,0.0,0.0,0.0
26,2,4,1,False,0.03394142800851715,0.07251758604719782,4,qUCB,0.0,0.0,0.30000000000000004,0.05,0.1,0.45,0.1
26,3,3,2,False,0.03093272103101657,0.11380025901967983,0,qEHVI,0.25,0.0,0.6000000000000001,0.1,0.0,0.0,0.05
26,3,3,2,False,0.03093272103101657,0.11380025901967983,1,qEHVI,0.30000000000000004,0.0,0.55,0.1,0.0,0.05,0.0
26,3,3,2,False,0.03093272103101657,0.11380025901967983,2,qEHVI,0.0,0.2,0.7000000000000001,0.05,0.0,0.0,0.05
26,3,3,2,False,0.03093272103101657,0.11380025901967983,3,qUCB,0.0,0.0,0.30000000000000004,0.05,0.1,0.45,0.1
26,3,3,2,False,0.03093272103101657,0.11380025901967983,4,qUCB,0.0,0.0,0.35000000000000003,0.1,0.0,0.45,0.1
26,4,2,3,True,0.021127762653307763,0.1776031352208829,0,qEHVI,0.25,0.0,0.6000000000000001,0.1,0.0,0.0,0.05
26,4,2,3,True,0.021127762653307763,0.1776031352208829,1,qEHVI,0.30000000000000004,0.0,0.55,0.1,0.0,0.05,0.0
26,4,2,3,True,0.021127762653307763,0.1776031352208829,2,qUCB,0.0,0.0,0.30000000000000004,0.05,0.1,0.45,0.1
26,4,2,3,True,0.021127762653307763,0.1776031352208829,3,qUCB,0.0,0.0,0.4,0.0,0.05,0.45,0.1
26,4,2,3,True,0.021127762653307763,0.1776031352208829,4,qUCB,0.0,0.0,0.55,0.0,0.1,0.25,0.1
26,5,1,4,False,0.013289750748756182,0.10918318863225362,0,qEHVI,0.25,0.0,0.6000000000000001,0.1,0.0,0.0,0.05
26,5,1,4,False,0.013289750748756182,0.10918318863225362,1,qUCB,0.0,0.0,0.30000000000000004,0.05,0.1,0.45,0.1
26,5,1,4,False,0.013289750748756182,0.10918318863225362,2,qUCB,0.0,0.0,0.4,0.0,0.05,0.45,0.1
26,5,1,4,False,0.013289750748756182,0.10918318863225362,3,qUCB,0.0,0.0,0.55,0.0,0.1,0.25,0.1
26,5,1,4,False,0.013289750748756182,0.10918318863225362,4,qUCB,0.0,0.5,0.4,0.0,0.0,0.0,0.1
26,6,0,5,False,0.009551060359187276,0.22146826438329725,0,qUCB,0.0,0.05,0.7000000000000001,0.05,0.0,0.1,0.1
26,6,0,5,False,0.009551060359187276,0.22146826438329725,1,qUCB,0.0,0.0,0.5,0.1,0.0,0.30000000000000004,0.1
26,6,0,5,False,0.009551060359187276,0.22146826438329725,2,qUCB,0.35000000000000003,0.0,0.5,0.0,0.0,0.15000000000000002,0.0
26,6,0,5,False,0.009551060359187276,0.22146826438329725,3,qUCB,0.35000000000000003,0.2,0.35000000000000003,0.1,0.0,0.0,0.0
26,6,0,5,False,0.009551060359187276,0.22146826438329725,4,qUCB,0.0,0.2,0.7000000000000001,0.0,0.0,0.0,0.1
27,1,5,0,False,0.03732522644625964,0.07101707662264545,0,qEHVI,0.2,0.1,0.65,0.05,0.0,0.0,0.0
27,1,5,0,False,0.03732522644625964,0.07101707662264545,1,qEHVI,0.0,0.2,0.7000000000000001,0.05,0.0,0.0,0.05
27,1,5,0,False,0.03732522644625964,0.07101707662264545,2,qEHVI,0.2,0.05,0.65,0.05,0.0,0.05,0.0
27,1,5,0,False,0.03732522644625964,0.07101707662264545,3,qEHVI,0.05,0.15000000000000002,0.65,0.05,0.0,0.0,0.1
27,1,5,0,False,0.03732522644625964,0.07101707662264545,4,qEHVI,0.0,0.05,0.65,0.0,0.0,0.2,0.1
27,2,4,1,False,0.03361742007152448,0.12875281290403606,0,qEHVI,0.2,0.1,0.65,0.05,0.0,0.0,0.0
27,2,4,1,False,0.03361742007152448,0.12875281290403606,1,qEHVI,0.0,0.2,0.7000000000000001,0.05,0.0,0.0,0.05
27,2,4,1,False,0.03361742007152448,0.12875281290403606,2,qEHVI,0.2,0.05,0.65,0.05,0.0,0.05,0.0
27,2,4,1,False,0.03361742007152448,0.12875281290403606,3,qEHVI,0.05,0.15000000000000002,0.65,0.05,0.0,0.0,0.1
27,2,4,1,False,0.03361742007152448,0.12875281290403606,4,qUCB,0.0,0.0,0.35000000000000003,0.1,0.0,0.45,0.1
27,3,3,2,True,0.02799897312471265,0.2470233577410923,0,qEHVI,0.2,0.1,0.65,0.05,0.0,0.0,0.0
27,3,3,2,True,0.02799897312471265,0.2470233577410923,1,qEHVI,0.0,0.2,0.7000000000000001,0.05,0.0,0.0,0.05
27,3,3,2,True,0.02799897312471265,0.2470233577410923,2,qEHVI,0.2,0.05,0.65,0.05,0.0,0.05,0.0
27,3,3,2,True,0.02799897312471265,0.2470233577410923,3,qUCB,0.0,0.0,0.35000000000000003,0.1,0.0,0.45,0.1
27,3,3,2,True,0.02799897312471265,0.2470233577410923,4,qUCB,0.1,0.0,0.2,0.1,0.05,0.45,0.1
27,4,2,3,False,0.021049335195620873,0.015354490224388506,0,qEHVI,0.2,0.1,0.65,0.05,0.0,0.0,0.0
27,4,2,3,False,0.021049335195620873,0.015354490224388506,1,qEHVI,0.0,0.2,0.7000000000000001,0.05,0.0,0.0,0.05
27,4,2,3,False,0.021049335195620873,0.015354490224388506,2,qUCB,0.0,0.0,0.35000000000000003,0.1,0.0,0.45,0.1
27,4,2,3,False,0.021049335195620873,0.015354490224388506,3,qUCB,0.1,0.0,0.2,0.1,0.05,0.45,0.1
27,4,2,3,False,0.021049335195620873,0.015354490224388506,4,qUCB,0.35000000000000003,0.1,0.2,0.1,0.1,0.05,0.1
27,5,1,4,False,0.013858040128502433,0.020084244211391322,0,qEHVI,0.2,0.1,0.65,0.05,0.0,0.0,0.0
27,5,1,4,False,0.013858040128502433,0.020084244211391322,1,qUCB,0.0,0.0,0.35000000000000003,0.1,0.0,0.45,0.1
27,5,1,4,False,0.013858040128502433,0.020084244211391322,2,qUCB,0.1,0.0,0.2,0.1,0.05,0.45,0.1
27,5,1,4,False,0.013858040128502433,0.020084244211391322,3,qUCB,0.0,0.1,0.2,0.1,0.1,0.4,0.1
27,5,1,4,False,0.013858040128502433,0.020084244211391322,4,qUCB,0.0,0.5,0.30000000000000004,0.1,0.0,0.0,0.1
27,6,0,5,False,0.009423872544435071,0.1699661983410703,0,qUCB,0.05,0.0,0.7000000000000001,0.1,0.0,0.05,0.1
27,6,0,5,False,0.009423872544435071,0.1699661983410703,1,qUCB,0.0,0.0,0.55,0.1,0.0,0.30000000000000004,0.05
27,6,0,5,False,0.009423872544435071,0.1699661983410703,2,qUCB,0.0,0.15000000000000002,0.7000000000000001,0.0,0.0,0.05,0.1
27,6,0,5,False,0.009423872544435071,0.1699661983410703,3,qUCB,0.35000000000000003,0.2,0.35000000000000003,0.1,0.0,0.0,0.0
27,6,0,5,False,0.009423872544435071,0.1699661983410703,4,qUCB,0.1,0.0,0.6000000000000001,0.0,0.0,0.30000000000000004,0.0
28,1,5,0,False,0.030643855889467102,0.1568397669197541,0,qEHVI,0.25,0.0,0.55,0.1,0.0,0.05,0.05
28,1,5,0,False,0.030643855889467102,0.1568397669197541,1,qEHVI,0.1,0.0,0.65,0.1,0.0,0.05,0.1
28,1,5,0,False,0.030643855889467102,0.1568397669197541,2,qEHVI,0.30000000000000004,0.05,0.6000000000000001,0.05,0.0,0.0,0.0
28,1,5,0,False,0.030643855889467102,0.1568397669197541,3,qEHVI,0.05,0.05,0.7000000000000001,0.1,0.0,0.0,0.1
28,1,5,0,False,0.030643855889467102,0.1568397669197541,4,qEHVI,0.1,0.1,0.7000000000000001,0.0,0.0,0.0,0.1
28,2,4,1,False,0.025610836804355885,0.09306621551896122,0,qEHVI,0.25,0.0,0.55,0.1,0.0,0.05,0.05
28,2,4,1,False,0.025610836804355885,0.09306621551896122,1,qEHVI,0.1,0.0,0.65,0.1,0.0,0.05,0.1
28,2,4,1,False,0.025610836804355885,0.09306621551896122,2,qEHVI,0.30000000000000004,0.05,0.6000000000000001,0.05,0.0,0.0,0.0
28,2,4,1,False,0.025610836804355885,0.09306621551896122,3,qEHVI,0.05,0.05,0.7000000000000001,0.1,0.0,0.0,0.1
28,2,4,1,False,0.025610836804355885,0.09306621551896122,4,qUCB,0.0,0.0,0.35000000000000003,0.05,0.1,0.45,0.05
28,3,3,2,True,0.020671633767306668,0.212883165942241,0,qEHVI,0.25,0.0,0.55,0.1,0.0,0.05,0.05
28,3,3,2,True,0.020671633767306668,0.212883165942241,1,qEHVI,0.1,0.0,0.65,0.1,0.0,0.05,0.1
28,3,3,2,True,0.020671633767306668,0.212883165942241,2,qEHVI,0.30000000000000004,0.05,0.6000000000000001,0.05,0.0,0.0,0.0
28,3,3,2,True,0.020671633767306668,0.212883165942241,3,qUCB,0.0,0.0,0.35000000000000003,0.05,0.1,0.45,0.05
28,3,3,2,True,0.020671633767306668,0.212883165942241,4,qUCB,0.0,0.5,0.4,0.0,0.1,0.0,0.0
28,4,2,3,False,0.015264992664608264,0.07361994583148501,0,qEHVI,0.25,0.0,0.55,0.1,0.0,0.05,0.05
28,4,2,3,False,0.015264992664608264,0.07361994583148501,1,qEHVI,0.1,0.0,0.65,0.1,0.0,0.05,0.1
28,4,2,3,False,0.015264992664608264,0.07361994583148501,2,qUCB,0.0,0.5,0.4,0.0,0.1,0.0,0.0
28,4,2,3,False,0.015264992664608264,0.07361994583148501,3,qUCB,0.0,0.0,0.7000000000000001,0.0,0.0,0.30000000000000004,0.0
28,4,2,3,False,0.015264992664608264,0.07361994583148501,4,qUCB,0.0,0.0,0.7000000000000001,0.0,0.1,0.2,0.0
28,5,1,4,False,0.01113100147797664,0.0747405896533957,0,qEHVI,0.25,0.0,0.55,0.1,0.0,0.05,0.05
28,5,1,4,False,0.01113100147797664,0.0747405896533957,1,qUCB,0.0,0.0,0.55,0.0,0.0,0.35000000000000003,0.1
28,5,1,4,False,0.01113100147797664,0.0747405896533957,2,qUCB,0.0,0.5,0.4,0.0,0.1,0.0,0.0
28,5,1,4,False,0.01113100147797664,0.0747405896533957,3,qUCB,0.0,0.0,0.7000000000000001,0.0,0.1,0.1,0.1
28,5,1,4,False,0.01113100147797664,0.0747405896533957,4,qUCB,0.0,0.0,0.7000000000000001,0.0,0.0,0.30000000000000004,0.0
28,6,0,5,False,0.008631974006226121,0.20666189493120246,0,qUCB,0.05,0.0,0.7000000000000001,0.1,0.0,0.05,0.1
28,6,0,5,False,0.008631974006226121,0.20666189493120246,1,qUCB,0.0,0.0,0.55,0.1,0.0,0.30000000000000004,0.05
28,6,0,5,False,0.008631974006226121,0.20666189493120246,2,qUCB,0.35000000000000003,0.0,0.5,0.0,0.0,0.15000000000000002,0.0
28,6,0,5,False,0.008631974006226121,0.20666189493120246,3,qUCB,0.15000000000000002,0.0,0.6000000000000001,0.0,0.0,0.25,0.0
28,6,0,5,False,0.008631974006226121,0.20666189493120246,4,qUCB,0.35000000000000003,0.25,0.30000000000000004,0.1,0.0,0.0,0.0
29,1,5,0,False,0.039198156816605795,0.1741382469580408,0,qEHVI,0.30000000000000004,0.0,0.6000000000000001,0.1,0.0,0.0,0.0
29,1,5,0,False,0.039198156816605795,0.1741382469580408,1,qEHVI,0.05,0.15000000000000002,0.65,0.05,0.0,0.0,0.1
29,1,5,0,False,0.039198156816605795,0.1741382469580408,2,qEHVI,0.0,0.05,0.65,0.0,0.0,0.2,0.1
29,1,5,0,False,0.039198156816605795,0.1741382469580408,3,qEHVI,0.1,0.15000000000000002,0.6000000000000001,0.1,0.0,0.05,0.0
29,1,5,0,False,0.039198156816605795,0.1741382469580408,4,qEHVI,0.15000000000000002,0.0,0.7000000000000001,0.1,0.0,0.0,0.05
29,2,4,1,True,0.03410184096743973,0.1674082803978525,0,qEHVI,0.30000000000000004,0.0,0.6000000000000001,0.1,0.0,0.0,0.0
29,2,4,1,True,0.03410184096743973,0.1674082803978525,1,qEHVI,0.05,0.15000000000000002,0.65,0.05,0.0,0.0,0.1
29,2,4,1,True,0.03410184096743973,0.1674082803978525,2,qEHVI,0.0,0.05,0.65,0.0,0.0,0.2,0.1
29,2,4,1,True,0.03410184096743973,0.1674082803978525,3,qEHVI,0.1,0.15000000000000002,0.6000000000000001,0.1,0.0,0.05,0.0
29,2,4,1,True,0.03410184096743973,0.1674082803978525,4,qUCB,0.30000000000000004,0.45,0.2,0.0,0.0,0.0,0.05
29,3,3,2,False,0.02961679825014043,0.0514018024522187,0,qEHVI,0.30000000000000004,0.0,0.6000000000000001,0.1,0.0,0.0,0.0
29,3,3,2,False,0.02961679825014043,0.0514018024522187,1,qEHVI,0.05,0.15000000000000002,0.65,0.05,0.0,0.0,0.1
29,3,3,2,False,0.02961679825014043,0.0514018024522187,2,qEHVI,0.0,0.05,0.65,0.0,0.0,0.2,0.1
29,3,3,2,False,0.02961679825014043,0.0514018024522187,3,qUCB,0.05,0.0,0.30000000000000004,0.1,0.1,0.45,0.0
29,3,3,2,False,0.02961679825014043,0.0514018024522187,4,qUCB,0.0,0.0,0.55,0.1,0.1,0.25,0.0
29,4,2,3,False,0.02448488244444024,0.024986926831704004,0,qEHVI,0.30000000000000004,0.0,0.6000000000000001,0.1,0.0,0.0,0.0
29,4,2,3,False,0.02448488244444024,0.024986926831704004,1,qEHVI,0.05,0.15000000000000002,0.65,0.05,0.0,0.0,0.1
29,4,2,3,False,0.02448488244444024,0.024986926831704004,2,qUCB,0.0,0.0,0.4,0.05,0.1,0.45,0.0
29,4,2,3,False,0.02448488244444024,0.024986926831704004,3,qUCB,0.15000000000000002,0.0,0.30000000000000004,0.0,0.1,0.45,0.0
29,4,2,3,False,0.02448488244444024,0.024986926831704004,4,qUCB,0.1,0.0,0.6000000000000001,0.0,0.0,0.30000000000000004,0.0
29,5,1,4,False,0.01750814339828569,0.1534429757615019,0,qEHVI,0.30000000000000004,0.0,0.6000000000000001,0.1,0.0,0.0,0.0
29,5,1,4,False,0.01750814339828569,0.1534429757615019,1,qUCB,0.0,0.0,0.5,0.0,0.1,0.30000000000000004,0.1
29,5,1,4,False,0.01750814339828569,0.1534429757615019,2,qUCB,0.0,0.0,0.7000000000000001,0.0,0.1,0.1,0.1
29,5,1,4,False,0.01750814339828569,0.1534429757615019,3,qUCB,0.0,0.2,0.6000000000000001,0.0,0.1,0.0,0.1
29,5,1,4,False,0.01750814339828569,0.1534429757615019,4,qUCB,0.0,0.15000000000000002,0.5,0.0,0.1,0.15000000000000002,0.1
29,6,0,5,False,0.006877505231874355,0.15287648203932935,0,qUCB,0.05,0.0,0.7000000000000001,0.1,0.0,0.05,0.1
29,6,0,5,False,0.006877505231874355,0.15287648203932935,1,qUCB,0.0,0.0,0.65,0.0,0.0,0.30000000000000004,0.05
29,6,0,5,False,0.006877505231874355,0.15287648203932935,2,qUCB,0.35000000000000003,0.0,0.5,0.0,0.0,0.15000000000000002,0.0
29,6,0,5,False,0.006877505231874355,0.15287648203932935,3,qUCB,0.1,0.0,0.5,0.1,0.0,0.30000000000000004,0.0
29,6,0,5,False,0.006877505231874355,0.15287648203932935,4,qUCB,0.0,0.25,0.6000000000000001,0.0,0.0,0.15000000000000002,0.0
30,1,5,0,False,0.026484498166043074,0.24989402836787633,0,qEHVI,0.35000000000000003,0.0,0.6000000000000001,0.05,0.0,0.0,0.0
30,1,5,0,False,0.026484498166043074,0.24989402836787633,1,qEHVI,0.05,0.05,0.7000000000000001,0.1,0.0,0.0,0.1
30,1,5,0,False,0.026484498166043074,0.24989402836787633,2,qEHVI,0.05,0.0,0.55,0.1,0.0,0.2,0.1
30,1,5,0,False,0.026484498166043074,0.24989402836787633,3,qEHVI,0.0,0.2,0.65,0.05,0.0,0.05,0.05
30,1,5,0,False,0.026484498166043074,0.24989402836787633,4,qEHVI,0.05,0.0,0.7000000000000001,0.0,0.0,0.15000000000000002,0.1
30,2,4,1,True,0.022914205188024082,0.25963881752320184,0,qEHVI,0.35000000000000003,0.0,0.6000000000000001,0.05,0.0,0.0,0.0
30,2,4,1,True,0.022914205188024082,0.25963881752320184,1,qEHVI,0.05,0.05,0.7000000000000001,0.1,0.0,0.0,0.1
30,2,4,1,True,0.022914205188024082,0.25963881752320184,2,qEHVI,0.05,0.0,0.55,0.1,0.0,0.2,0.1
30,2,4,1,True,0.022914205188024082,0.25963881752320184,3,qEHVI,0.0,0.2,0.65,0.05,0.0,0.05,0.05
30,2,4,1,True,0.022914205188024082,0.25963881752320184,4,qUCB,0.25,0.35000000000000003,0.2,0.1,0.0,0.0,0.1
30,3,3,2,False,0.017956625639706948,0.22556037155394026,0,qEHVI,0.35000000000000003,0.0,0.6000000000000001,0.05,0.0,0.0,0.0
30,3,3,2,False,0.017956625639706948,0.22556037155394026,1,qEHVI,0.05,0.05,0.7000000000000001,0.1,0.0,0.0,0.1
30,3,3,2,False,0.017956625639706948,0.22556037155394026,2,qEHVI,0.05,0.0,0.55,0.1,0.0,0.2,0.1
30,3,3,2,False,0.017956625639706948,0.22556037155394026,3,qUCB,0.15000000000000002,0.5,0.2,0.1,0.0,0.05,0.0
30,3,3,2,False,0.017956625639706948,0.22556037155394026,4,qUCB,0.0,0.5,0.5,0.0,0.0,0.0,0.0
30,4,2,3,False,0.012963391230556228,0.15006734673867683,0,qEHVI,0.35000000000000003,0.0,0.6000000000000001,0.05,0.0,0.0,0.0
30,4,2,3,False,0.012963391230556228,0.15006734673867683,1,qEHVI,0.05,0.05,0.7000000000000001,0.1,0.0,0.0,0.1
30,4,2,3,False,0.012963391230556228,0.15006734673867683,2,qUCB,0.0,0.0,0.35000000000000003,0.1,0.1,0.45,0.0
30,4,2,3,False,0.012963391230556228,0.15006734673867683,3,qUCB,0.05,0.0,0.35000000000000003,0.0,0.1,0.4,0.1
30,4,2,3,False,0.012963391230556228,0.15006734673867683,4,qUCB,0.0,0.5,0.2,0.1,0.1,0.1,0.0
30,5,1,4,False,0.008425303768519741,0.1175687277019275,0,qEHVI,0.35000000000000003,0.0,0.6000000000000001,0.05,0.0,0.0,0.0
30,5,1,4,False,0.008425303768519741,0.1175687277019275,1,qUCB,0.0,0.0,0.35000000000000003,0.05,0.1,0.4,0.1
30,5,1,4,False,0.008425303768519741,0.1175687277019275,2,qUCB,0.0,0.0,0.4,0.1,0.0,0.4,0.1
30,5,1,4,False,0.008425303768519741,0.1175687277019275,3,qUCB,0.0,0.2,0.4,0.1,0.1,0.1,0.1
30,5,1,4,False,0.008425303768519741,0.1175687277019275,4,qUCB,0.0,0.45,0.35000000000000003,0.1,0.0,0.0,0.1
30,6,0,5,False,0.007734238780634725,0.08947847650158369,0,qUCB,0.05,0.0,0.7000000000000001,0.1,0.0,0.05,0.1
30,6,0,5,False,0.007734238780634725,0.08947847650158369,1,qUCB,0.0,0.0,0.5,0.1,0.0,0.30000000000000004,0.1
30,6,0,5,False,0.007734238780634725,0.08947847650158369,2,qUCB,0.35000000000000003,0.2,0.35000000000000003,0.1,0.0,0.0,0.0
30,6,0,5,False,0.007734238780634725,0.08947847650158369,3,qUCB,0.15000000000000002,0.0,0.6000000000000001,0.0,0.0,0.25,0.0
30,6,0,5,False,0.007734238780634725,0.08947847650158369,4,qUCB,0.35000000000000003,0.0,0.5,0.0,0.0,0.15000000000000002,0.0
31,1,5,0,False,0.027629276417114303,0.13810614020147405,0,qEHVI,0.30000000000000004,0.0,0.65,0.05,0.0,0.0,0.0
31,1,5,0,False,0.027629276417114303,0.13810614020147405,1,qEHVI,0.05,0.15000000000000002,0.55,0.1,0.0,0.05,0.1
31,1,5,0,False,0.027629276417114303,0.13810614020147405,2,qEHVI,0.05,0.0,0.6000000000000001,0.05,0.0,0.2,0.1
31,1,5,0,False,0.027629276417114303,0.13810614020147405,3,qEHVI,0.25,0.05,0.6000000000000001,0.05,0.0,0.05,0.0
31,1,5,0,False,0.027629276417114303,0.13810614020147405,4,qEHVI,0.05,0.0,0.7000000000000001,0.0,0.0,0.15000000000000002,0.1
31,2,4,1,True,0.022941100987716526,0.2549159506307248,0,qEHVI,0.30000000000000004,0.0,0.65,0.05,0.0,0.0,0.0
31,2,4,1,True,0.022941100987716526,0.2549159506307248,1,qEHVI,0.05,0.15000000000000002,0.55,0.1,0.0,0.05,0.1
31,2,4,1,True,0.022941100987716526,0.2549159506307248,2,qEHVI,0.05,0.0,0.6000000000000001,0.05,0.0,0.2,0.1
31,2,4,1,True,0.022941100987716526,0.2549159506307248,3,qEHVI,0.25,0.05,0.6000000000000001,0.05,0.0,0.05,0.0
31,2,4,1,True,0.022941100987716526,0.2549159506307248,4,qUCB,0.0,0.0,0.35000000000000003,0.1,0.1,0.45,0.0
31,3,3,2,False,0.019871322162959452,0.18450348424494223,0,qEHVI,0.30000000000000004,0.0,0.65,0.05,0.0,0.0,0.0
31,3,3,2,False,0.019871322162959452,0.18450348424494223,1,qEHVI,0.05,0.15000000000000002,0.55,0.1,0.0,0.05,0.1
31,3,3,2,False,0.019871322162959452,0.18450348424494223,2,qEHVI,0.05,0.0,0.6000000000000001,0.05,0.0,0.2,0.1
31,3,3,2,False,0.019871322162959452,0.18450348424494223,3,qUCB,0.25,0.45,0.2,0.1,0.0,0.0,0.0
31,3,3,2,False,0.019871322162959452,0.18450348424494223,4,qUCB,0.35000000000000003,0.35000000000000003,0.2,0.1,0.0,0.0,0.0
31,4,2,3,False,0.015923313520271862,0.029224568928518657,0,qEHVI,0.30000000000000004,0.0,0.65,0.05,0.0,0.0,0.0
31,4,2,3,False,0.015923313520271862,0.029224568928518657,1,qEHVI,0.05,0.15000000000000002,0.55,0.1,0.0,0.05,0.1
31,4,2,3,False,0.015923313520271862,0.029224568928518657,2,qUCB,0.0,0.0,0.5,0.0,0.1,0.4,0.0
31,4,2,3,False,0.015923313520271862,0.029224568928518657,3,qUCB,0.35000000000000003,0.35000000000000003,0.2,0.1,0.0,0.0,0.0
31,4,2,3,False,0.015923313520271862,0.029224568928518657,4,qUCB,0.0,0.0,0.35000000000000003,0.1,0.1,0.45,0.0
31,5,1,4,False,0.009759678901546647,0.04608656057394089,0,qEHVI,0.30000000000000004,0.0,0.65,0.05,0.0,0.0,0.0
31,5,1,4,False,0.009759678901546647,0.04608656057394089,1,qUCB,0.0,0.0,0.30000000000000004,0.1,0.05,0.45,0.1
31,5,1,4,False,0.009759678901546647,0.04608656057394089,2,qUCB,0.0,0.5,0.30000000000000004,0.1,0.0,0.0,0.1
31,5,1,4,False,0.009759678901546647,0.04608656057394089,3,qUCB,0.0,0.0,0.4,0.1,0.1,0.30000000000000004,0.1
31,5,1,4,False,0.009759678901546647,0.04608656057394089,4,qUCB,0.0,0.15000000000000002,0.35000000000000003,0.1,0.1,0.2,0.1
31,6,0,5,False,0.011307053934798481,0.09071928359557635,0,qUCB,0.05,0.0,0.7000000000000001,0.1,0.0,0.05,0.1
31,6,0,5,False,0.011307053934798481,0.09071928359557635,1,qUCB,0.0,0.0,0.55,0.1,0.0,0.30000000000000004,0.05
31,6,0,5,False,0.011307053934798481,0.09071928359557635,2,qUCB,0.0,0.0,0.6000000000000001,0.0,0.0,0.30000000000000004,0.1
31,6,0,5,False,0.011307053934798481,0.09071928359557635,3,qUCB,0.35000000000000003,0.2,0.35000000000000003,0.1,0.0,0.0,0.0
31,6,0,5,False,0.011307053934798481,0.09071928359557635,4,qUCB,0.1,0.0,0.65,0.0,0.0,0.25,0.0
32,1,5,0,False,0.028032252146929153,0.11084643725710741,0,qEHVI,0.30000000000000004,0.0,0.6000000000000001,0.05,0.0,0.05,0.0
32,1,5,0,False,0.028032252146929153,0.11084643725710741,1,qEHVI,0.15000000000000002,0.1,0.65,0.05,0.0,0.05,0.0
32,1,5,0,False,0.028032252146929153,0.11084643725710741,2,qEHVI,0.05,0.0,0.7000000000000001,0.0,0.0,0.15000000000000002,0.1
32,1,5,0,False,0.028032252146929153,0.11084643725710741,3,qEHVI,0.0,0.1,0.7000000000000001,0.05,0.0,0.05,0.1
32,1,5,0,False,0.028032252146929153,0.11084643725710741,4,qEHVI,0.1,0.1,0.65,0.0,0.0,0.05,0.1
32,2,4,1,True,0.02354419920582909,0.35899919641255984,0,qEHVI,0.30000000000000004,0.0,0.6000000000000001,0.05,0.0,0.05,0.0
32,2,4,1,True,0.02354419920582909,0.35899919641255984,1,qEHVI,0.15000000000000002,0.1,0.65,0.05,0.0,0.05,0.0
32,2,4,1,True,0.02354419920582909,0.35899919641255984,2,qEHVI,0.05,0.0,0.7000000000000001,0.0,0.0,0.15000000000000002,0.1
32,2,4,1,True,0.02354419920582909,0.35899919641255984,3,qEHVI,0.0,0.1,0.7000000000000001,0.05,0.0,0.05,0.1
32,2,4,1,True,0.02354419920582909,0.35899919641255984,4,qUCB,0.1,0.0,0.2,0.1,0.1,0.45,0.05
32,3,3,2,False,0.019185507802660696,0.0949077366749993,0,qEHVI,0.30000000000000004,0.0,0.6000000000000001,0.05,0.0,0.05,0.0
32,3,3,2,False,0.019185507802660696,0.0949077366749993,1,qEHVI,0.15000000000000002,0.1,0.65,0.05,0.0,0.05,0.0
32,3,3,2,False,0.019185507802660696,0.0949077366749993,2,qEHVI,0.05,0.0,0.7000000000000001,0.0,0.0,0.15000000000000002,0.1
32,3,3,2,False,0.019185507802660696,0.0949077366749993,3,qUCB,0.15000000000000002,0.45,0.2,0.1,0.0,0.0,0.1
32,3,3,2,False,0.019185507802660696,0.0949077366749993,4,qUCB,0.1,0.0,0.2,0.1,0.1,0.45,0.05
32,4,2,3,False,0.014238564564389721,0.025402256023074443,0,qEHVI,0.30000000000000004,0.0,0.6000000000000001,0.05,0.0,0.05,0.0
32,4,2,3,False,0.014238564564389721,0.025402256023074443,1,qEHVI,0.15000000000000002,0.1,0.65,0.05,0.0,0.05,0.0
32,4,2,3,False,0.014238564564389721,0.025402256023074443,2,qUCB,0.0,0.0,0.35000000000000003,0.1,0.05,0.4,0.1
32,4,2,3,False,0.014238564564389721,0.025402256023074443,3,qUCB,0.0,0.0,0.4,0.1,0.1,0.30000000000000004,0.1
32,4,2,3,False,0.014238564564389721,0.025402256023074443,4,qUCB,0.05,0.0,0.35000000000000003,0.0,0.1,0.4,0.1
32,5,1,4,False,0.009969062459638078,0.013609784979468742,0,qEHVI,0.30000000000000004,0.0,0.6000000000000001,0.05,0.0,0.05,0.0
32,5,1,4,False,0.009969062459638078,0.013609784979468742,1,qUCB,0.0,0.0,0.35000000000000003,0.1,0.05,0.4,0.1
32,5,1,4,False,0.009969062459638078,0.013609784979468742,2,qUCB,0.0,0.0,0.4,0.1,0.1,0.30000000000000004,0.1
32,5,1,4,False,0.009969062459638078,0.013609784979468742,3,qUCB,0.0,0.2,0.5,0.1,0.1,0.0,0.1
32,5,1,4,False,0.009969062459638078,0.013609784979468742,4,qUCB,0.0,0.0,0.55,0.0,0.0,0.35000000000000003,0.1
32,6,0,5,False,0.009539672621876005,0.12631559999503228,0,qUCB,0.0,0.05,0.7000000000000001,0.05,0.0,0.1,0.1
32,6,0,5,False,0.009539672621876005,0.12631559999503228,1,qUCB,0.0,0.0,0.55,0.1,0.0,0.30000000000000004,0.05
32,6,0,5,False,0.009539672621876005,0.12631559999503228,2,qUCB,0.1,0.0,0.6000000000000001,0.0,0.0,0.30000000000000004,0.0
32,6,0,5,False,0.009539672621876005,0.12631559999503228,3,qUCB,0.0,0.0,0.65,0.0,0.0,0.30000000000000004,0.05
32,6,0,5,False,0.009539672621876005,0.12631559999503228,4,qUCB,0.35000000000000003,0.2,0.35000000000000003,0.1,0.0,0.0,0.0
33,1,5,0,False,0.025282104351310244,0.2034768132673026,0,qEHVI,0.35000000000000003,0.0,0.6000000000000001,0.0,0.0,0.05,0.0
33,1,5,0,False,0.025282104351310244,0.2034768132673026,1,qEHVI,0.1,0.1,0.7000000000000001,0.0,0.0,0.0,0.1
33,1,5,0,False,0.025282104351310244,0.2034768132673026,2,qEHVI,0.1,0.2,0.65,0.05,0.0,0.0,0.0
33,1,5,0,False,0.025282104351310244,0.2034768132673026,3,qEHVI,0.0,0.0,0.65,0.1,0.0,0.2,0.05
33,1,5,0,False,0.025282104351310244,0.2034768132673026,4,qEHVI,0.05,0.0,0.6000000000000001,0.1,0.0,0.2,0.05
33,2,4,1,True,0.02083325327668604,1.0285989220228924,0,qEHVI,0.35000000000000003,0.0,0.6000000000000001,0.0,0.0,0.05,0.0
33,2,4,1,True,0.02083325327668604,1.0285989220228924,1,qEHVI,0.1,0.1,0.7000000000000001,0.0,0.0,0.0,0.1
33,2,4,1,True,0.02083325327668604,1.0285989220228924,2,qEHVI,0.1,0.2,0.65,0.05,0.0,0.0,0.0
33,2,4,1,True,0.02083325327668604,1.0285989220228924,3,qEHVI,0.0,0.0,0.65,0.1,0.0,0.2,0.05
33,2,4,1,True,0.02083325327668604,1.0285989220228924,4,qUCB,0.35000000000000003,0.2,0.2,0.1,0.0,0.05,0.1
33,3,3,2,False,0.01649186929685947,0.2400185430215478,0,qEHVI,0.35000000000000003,0.0,0.6000000000000001,0.0,0.0,0.05,0.0
33,3,3,2,False,0.01649186929685947,0.2400185430215478,1,qEHVI,0.1,0.1,0.7000000000000001,0.0,0.0,0.0,0.1
33,3,3,2,False,0.01649186929685947,0.2400185430215478,2,qEHVI,0.1,0.2,0.65,0.05,0.0,0.0,0.0
33,3,3,2,False,0.01649186929685947,0.2400185430215478,3,qUCB,0.05,0.05,0.2,0.1,0.05,0.45,0.1
33,3,3,2,False,0.01649186929685947,0.2400185430215478,4,qUCB,0.25,0.1,0.2,0.1,0.1,0.15000000000000002,0.1
33,4,2,3,False,0.012590977258477744,0.033542090195656016,0,qEHVI,0.35000000000000003,0.0,0.6000000000000001,0.0,0.0,0.05,0.0
33,4,2,3,False,0.012590977258477744,0.033542090195656016,1,qEHVI,0.1,0.1,0.7000000000000001,0.0,0.0,0.0,0.1
33,4,2,3,False,0.012590977258477744,0.033542090195656016,2,qUCB,0.0,0.0,0.35000000000000003,0.1,0.05,0.45,0.05
33,4,2,3,False,0.012590977258477744,0.033542090195656016,3,qUCB,0.0,0.5,0.2,0.1,0.1,0.1,0.0
33,4,2,3,False,0.012590977258477744,0.033542090195656016,4,qUCB,0.0,0.0,0.55,0.1,0.1,0.25,0.0
33,5,1,4,False,0.008659455158277058,0.1247280517781233,0,qEHVI,0.35000000000000003,0.0,0.6000000000000001,0.0,0.0,0.05,0.0
33,5,1,4,False,0.008659455158277058,0.1247280517781233,1,qUCB,0.0,0.0,0.4,0.1,0.0,0.4,0.1
33,5,1,4,False,0.008659455158277058,0.1247280517781233,2,qUCB,0.0,0.30000000000000004,0.4,0.1,0.1,0.0,0.1
33,5,1,4,False,0.008659455158277058,0.1247280517781233,3,qUCB,0.0,0.0,0.5,0.1,0.0,0.30000000000000004,0.1
33,5,1,4,False,0.008659455158277058,0.1247280517781233,4,qUCB,0.0,0.1,0.4,0.1,0.1,0.2,0.1
33,6,0,5,False,0.007877697367582667,0.12138384812839176,0,qUCB,0.0,0.0,0.65,0.0,0.0,0.25,0.1
33,6,0,5,False,0.007877697367582667,0.12138384812839176,1,qUCB,0.1,0.0,0.6000000000000001,0.0,0.0,0.30000000000000004,0.0
33,6,0,5,False,0.007877697367582667,0.12138384812839176,2,qUCB,0.0,0.0,0.5,0.1,0.0,0.30000000000000004,0.1
33,6,0,5,False,0.007877697367582667,0.12138384812839176,3,qUCB,0.35000000000000003,0.25,0.4,0.0,0.0,0.0,0.0
33,6,0,5,False,0.007877697367582667,0.12138384812839176,4,qUCB,0.1,0.0,0.5,0.1,0.1,0.2,0.0
34,1,5,0,False,0.01732855489352692,0.14791796660035672,0,qEHVI,0.15000000000000002,0.15000000000000002,0.6000000000000001,0.05,0.0,0.05,0.0
34,1,5,0,False,0.01732855489352692,0.14791796660035672,1,qEHVI,0.0,0.0,0.7000000000000001,0.1,0.0,0.15000000000000002,0.05
34,1,5,0,False,0.01732855489352692,0.14791796660035672,2,qEHVI,0.1,0.05,0.7000000000000001,0.1,0.0,0.05,0.0
34,1,5,0,False,0.01732855489352692,0.14791796660035672,3,qEHVI,0.1,0.1,0.7000000000000001,0.1,0.0,0.0,0.0
34,1,5,0,False,0.01732855489352692,0.14791796660035672,4,qEHVI,0.15000000000000002,0.1,0.55,0.1,0.0,0.05,0.05
34,2,4,1,True,0.014380103596459472,0.08917373876659163,0,qEHVI,0.15000000000000002,0.15000000000000002,0.6000000000000001,0.05,0.0,0.05,0.0
34,2,4,1,True,0.014380103596459472,0.08917373876659163,1,qEHVI,0.0,0.0,0.7000000000000001,0.1,0.0,0.15000000000000002,0.05
34,2,4,1,True,0.014380103596459472,0.08917373876659163,2,qEHVI,0.1,0.05,0.7000000000000001,0.1,0.0,0.05,0.0
34,2,4,1,True,0.014380103596459472,0.08917373876659163,3,qEHVI,0.15000000000000002,0.1,0.55,0.1,0.0,0.05,0.05
34,2,4,1,True,0.014380103596459472,0.08917373876659163,4,qUCB,0.05,0.0,0.35000000000000003,0.0,0.1,0.4,0.1
34,3,3,2,False,0.011072670802486933,0.04079464395641885,0,qEHVI,0.15000000000000002,0.15000000000000002,0.6000000000000001,0.05,0.0,0.05,0.0
34,3,3,2,False,0.011072670802486933,0.04079464395641885,1,qEHVI,0.0,0.0,0.7000000000000001,0.1,0.0,0.15000000000000002,0.05
34,3,3,2,False,0.011072670802486933,0.04079464395641885,2,qEHVI,0.1,0.05,0.7000000000000001,0.1,0.0,0.05,0.0
34,3,3,2,False,0.011072670802486933,0.04079464395641885,3,qUCB,0.05,0.0,0.35000000000000003,0.0,0.1,0.4,0.1
34,3,3,2,False,0.011072670802486933,0.04079464395641885,4,qUCB,0.35000000000000003,0.0,0.2,0.1,0.1,0.15000000000000002,0.1
34,4,2,3,False,0.007747716785508915,0.05867645414303979,0,qEHVI,0.15000000000000002,0.15000000000000002,0.6000000000000001,0.05,0.0,0.05,0.0
34,4,2,3,False,0.007747716785508915,0.05867645414303979,1,qEHVI,0.0,0.0,0.7000000000000001,0.1,0.0,0.15000000000000002,0.05
34,4,2,3,False,0.007747716785508915,0.05867645414303979,2,qUCB,0.05,0.0,0.35000000000000003,0.0,0.1,0.4,0.1
34,4,2,3,False,0.007747716785508915,0.05867645414303979,3,qUCB,0.35000000000000003,0.0,0.2,0.1,0.1,0.15000000000000002,0.1
34,4,2,3,False,0.007747716785508915,0.05867645414303979,4,qUCB,0.2,0.15000000000000002,0.2,0.1,0.1,0.15000000000000002,0.1
34,5,1,4,False,0.004296047725505462,0.04629125294162373,0,qEHVI,0.15000000000000002,0.15000000000000002,0.6000000000000001,0.05,0.0,0.05,0.0
34,5,1,4,False,0.004296047725505462,0.04629125294162373,1,qUCB,0.0,0.0,0.30000000000000004,0.1,0.05,0.45,0.1
34,5,1,4,False,0.004296047725505462,0.04629125294162373,2,qUCB,0.2,0.15000000000000002,0.2,0.1,0.1,0.15000000000000002,0.1
34,5,1,4,False,0.004296047725505462,0.04629125294162373,3,qUCB,0.35000000000000003,0.0,0.2,0.1,0.1,0.15000000000000002,0.1
34,5,1,4,False,0.004296047725505462,0.04629125294162373,4,qUCB,0.0,0.15000000000000002,0.4,0.1,0.1,0.15000000000000002,0.1
34,6,0,5,False,0.0065584357073825515,0.11530961089559943,0,qUCB,0.0,0.0,0.6000000000000001,0.0,0.0,0.30000000000000004,0.1
34,6,0,5,False,0.0065584357073825515,0.11530961089559943,1,qUCB,0.1,0.0,0.6000000000000001,0.0,0.0,0.30000000000000004,0.0
34,6,0,5,False,0.0065584357073825515,0.11530961089559943,2,qUCB,0.35000000000000003,0.15000000000000002,0.4,0.1,0.0,0.0,0.0
34,6,0,5,False,0.0065584357073825515,0.11530961089559943,3,qUCB,0.1,0.0,0.5,0.1,0.1,0.2,0.0
34,6,0,5,False,0.0065584357073825515,0.11530961089559943,4,qUCB,0.0,0.0,0.5,0.1,0.0,0.35000000000000003,0.05
35,1,5,0,False,0.020048591141383767,0.12975689844257587,0,qEHVI,0.25,0.0,0.65,0.05,0.0,0.0,0.05
35,1,5,0,False,0.020048591141383767,0.12975689844257587,1,qEHVI,0.05,0.0,0.6000000000000001,0.1,0.0,0.2,0.05
35,1,5,0,False,0.020048591141383767,0.12975689844257587,2,qEHVI,0.05,0.25,0.6000000000000001,0.1,0.0,0.0,0.0
35,1,5,0,False,0.020048591141383767,0.12975689844257587,3,qEHVI,0.15000000000000002,0.0,0.7000000000000001,0.1,0.0,0.0,0.05
35,1,5,0,False,0.020048591141383767,0.12975689844257587,4,qEHVI,0.30000000000000004,0.1,0.6000000000000001,0.0,0.0,0.0,0.0
35,2,4,1,False,0.016665382176240494,0.08149670889928196,0,qEHVI,0.25,0.0,0.65,0.05,0.0,0.0,0.05
35,2,4,1,False,0.016665382176240494,0.08149670889928196,1,qEHVI,0.05,0.0,0.6000000000000001,0.1,0.0,0.2,0.05
35,2,4,1,False,0.016665382176240494,0.08149670889928196,2,qEHVI,0.05,0.25,0.6000000000000001,0.1,0.0,0.0,0.0
35,2,4,1,False,0.016665382176240494,0.08149670889928196,3,qEHVI,0.15000000000000002,0.0,0.7000000000000001,0.1,0.0,0.0,0.05
35,2,4,1,False,0.016665382176240494,0.08149670889928196,4,qUCB,0.15000000000000002,0.5,0.2,0.0,0.0,0.05,0.1
35,3,3,2,True,0.013165282856577235,0.10084910651267087,0,qEHVI,0.25,0.0,0.65,0.05,0.0,0.0,0.05
35,3,3,2,True,0.013165282856577235,0.10084910651267087,1,qEHVI,0.05,0.0,0.6000000000000001,0.1,0.0,0.2,0.05
35,3,3,2,True,0.013165282856577235,0.10084910651267087,2,qEHVI,0.30000000000000004,0.1,0.6000000000000001,0.0,0.0,0.0,0.0
35,3,3,2,True,0.013165282856577235,0.10084910651267087,3,qUCB,0.0,0.5,0.4,0.0,0.0,0.0,0.1
35,3,3,2,True,0.013165282856577235,0.10084910651267087,4,qUCB,0.0,0.2,0.5,0.0,0.1,0.2,0.0
35,4,2,3,False,0.010174437117842645,0.04075053953119001,0,qEHVI,0.25,0.0,0.65,0.05,0.0,0.0,0.05
35,4,2,3,False,0.010174437117842645,0.04075053953119001,1,qEHVI,0.05,0.0,0.6000000000000001,0.1,0.0,0.2,0.05
35,4,2,3,False,0.010174437117842645,0.04075053953119001,2,qUCB,0.0,0.5,0.4,0.0,0.0,0.0,0.1
35,4,2,3,False,0.010174437117842645,0.04075053953119001,3,qUCB,0.15000000000000002,0.5,0.35000000000000003,0.0,0.0,0.0,0.0
35,4,2,3,False,0.010174437117842645,0.04075053953119001,4,qUCB,0.2,0.5,0.2,0.0,0.0,0.1,0.0
35,5,1,4,False,0.0050000726709601975,0.026841038887754465,0,qEHVI,0.25,0.0,0.65,0.05,0.0,0.0,0.05
35,5,1,4,False,0.0050000726709601975,0.026841038887754465,1,qUCB,0.0,0.0,0.35000000000000003,0.1,0.05,0.4,0.1
35,5,1,4,False,0.0050000726709601975,0.026841038887754465,2,qUCB,0.0,0.5,0.30000000000000004,0.1,0.0,0.0,0.1
35,5,1,4,False,0.0050000726709601975,0.026841038887754465,3,qUCB,0.0,0.25,0.4,0.1,0.1,0.15000000000000002,0.0
35,5,1,4,False,0.0050000726709601975,0.026841038887754465,4,qUCB,0.2,0.5,0.2,0.0,0.0,0.1,0.0
35,6,0,5,False,0.006743096771437397,0.11382061410616773,0,qUCB,0.0,0.0,0.55,0.1,0.0,0.30000000000000004,0.05
35,6,0,5,False,0.006743096771437397,0.11382061410616773,1,qUCB,0.15000000000000002,0.0,0.55,0.0,0.0,0.30000000000000004,0.0
35,6,0,5,False,0.006743096771437397,0.11382061410616773,2,qUCB,0.35000000000000003,0.25,0.4,0.0,0.0,0.0,0.0
35,6,0,5,False,0.006743096771437397,0.11382061410616773,3,qUCB,0.0,0.2,0.55,0.0,0.0,0.25,0.0
35,6,0,5,False,0.006743096771437397,0.11382061410616773,4,qUCB,0.0,0.15000000000000002,0.5,0.1,0.1,0.15000000000000002,0.0
36,1,5,0,False,0.023878847178409667,0.1840478989924641,0,qEHVI,0.35000000000000003,0.0,0.6000000000000001,0.0,0.0,0.0,0.05
36,1,5,0,False,0.023878847178409667,0.1840478989924641,1,qEHVI,0.1,0.05,0.65,0.1,0.0,0.05,0.05
36,1,5,0,False,0.023878847178409667,0.1840478989924641,2,qEHVI,0.1,0.1,0.65,0.1,0.0,0.0,0.05
36,1,5,0,False,0.023878847178409667,0.1840478989924641,3,qEHVI,0.25,0.1,0.65,0.0,0.0,0.0,0.0
36,1,5,0,False,0.023878847178409667,0.1840478989924641,4,qEHVI,0.05,0.0,0.6000000000000001,0.0,0.0,0.30000000000000004,0.05
36,2,4,1,False,0.020460858628586428,0.10991084988581079,0,qEHVI,0.35000000000000003,0.0,0.6000000000000001,0.0,0.0,0.0,0.05
36,2,4,1,False,0.020460858628586428,0.10991084988581079,1,qEHVI,0.1,0.05,0.65,0.1,0.0,0.05,0.05
36,2,4,1,False,0.020460858628586428,0.10991084988581079,2,qEHVI,0.1,0.1,0.65,0.1,0.0,0.0,0.05
36,2,4,1,False,0.020460858628586428,0.10991084988581079,3,qEHVI,0.05,0.0,0.6000000000000001,0.0,0.0,0.30000000000000004,0.05
36,2,4,1,False,0.020460858628586428,0.10991084988581079,4,qUCB,0.2,0.5,0.30000000000000004,0.0,0.0,0.0,0.0
36,3,3,2,True,0.015956951983797166,0.1623465285011676,0,qEHVI,0.35000000000000003,0.0,0.6000000000000001,0.0,0.0,0.0,0.05
36,3,3,2,True,0.015956951983797166,0.1623465285011676,1,qEHVI,0.1,0.05,0.65,0.1,0.0,0.05,0.05
36,3,3,2,True,0.015956951983797166,0.1623465285011676,2,qEHVI,0.1,0.1,0.65,0.1,0.0,0.0,0.05
36,3,3,2,True,0.015956951983797166,0.1623465285011676,3,qUCB,0.05,0.0,0.4,0.0,0.0,0.45,0.1
36,3,3,2,True,0.015956951983797166,0.1623465285011676,4,qUCB,0.1,0.0,0.5,0.0,0.0,0.4,0.0
36,4,2,3,False,0.01279882321148107,0.05652346810197084,0,qEHVI,0.35000000000000003,0.0,0.6000000000000001,0.0,0.0,0.0,0.05
36,4,2,3,False,0.01279882321148107,0.05652346810197084,1,qEHVI,0.1,0.05,0.65,0.1,0.0,0.05,0.05
36,4,2,3,False,0.01279882321148107,0.05652346810197084,2,qUCB,0.05,0.0,0.4,0.0,0.0,0.45,0.1
36,4,2,3,False,0.01279882321148107,0.05652346810197084,3,qUCB,0.35000000000000003,0.25,0.30000000000000004,0.1,0.0,0.0,0.0
36,4,2,3,False,0.01279882321148107,0.05652346810197084,4,qUCB,0.1,0.0,0.5,0.0,0.0,0.4,0.0
36,5,1,4,False,0.006837342822537155,0.05910596802960111,0,qEHVI,0.35000000000000003,0.0,0.6000000000000001,0.0,0.0,0.0,0.05
36,5,1,4,False,0.006837342822537155,0.05910596802960111,1,qUCB,0.0,0.0,0.30000000000000004,0.1,0.05,0.45,0.1
36,5,1,4,False,0.006837342822537155,0.05910596802960111,2,qUCB,0.0,0.5,0.2,0.1,0.1,0.1,0.0
36,5,1,4,False,0.006837342822537155,0.05910596802960111,3,qUCB,0.0,0.2,0.5,0.1,0.1,0.0,0.1
36,5,1,4,False,0.006837342822537155,0.05910596802960111,4,qUCB,0.05,0.0,0.5,0.1,0.0,0.35000000000000003,0.0
36,6,0,5,False,0.011134638767273636,0.2040858237494445,0,qUCB,0.05,0.0,0.6000000000000001,0.0,0.0,0.30000000000000004,0.05
36,6,0,5,False,0.011134638767273636,0.2040858237494445,1,qUCB,0.15000000000000002,0.0,0.55,0.0,0.0,0.30000000000000004,0.0
36,6,0,5,False,0.011134638767273636,0.2040858237494445,2,qUCB,0.35000000000000003,0.25,0.4,0.0,0.0,0.0,0.0
36,6,0,5,False,0.011134638767273636,0.2040858237494445,3,qUCB,0.15000000000000002,0.0,0.55,0.0,0.1,0.2,0.0
36,6,0,5,False,0.011134638767273636,0.2040858237494445,4,qUCB,0.15000000000000002,0.45,0.4,0.0,0.0,0.0,0.0
37,1,5,0,False,0.018929578862282515,0.04762647307616241,0,qEHVI,0.25,0.1,0.65,0.0,0.0,0.0,0.0
37,1,5,0,False,0.018929578862282515,0.04762647307616241,1,qEHVI,0.2,0.1,0.6000000000000001,0.05,0.0,0.0,0.05
37,1,5,0,False,0.018929578862282515,0.04762647307616241,2,qEHVI,0.05,0.0,0.55,0.0,0.0,0.30000000000000004,0.1
37,1,5,0,False,0.018929578862282515,0.04762647307616241,3,qEHVI,0.0,0.05,0.65,0.05,0.0,0.15000000000000002,0.1
37,1,5,0,False,0.018929578862282515,0.04762647307616241,4,qEHVI,0.05,0.2,0.65,0.0,0.0,0.0,0.1
37,2,4,1,True,0.01639776860314865,0.14093289568770473,0,qEHVI,0.25,0.1,0.65,0.0,0.0,0.0,0.0
37,2,4,1,True,0.01639776860314865,0.14093289568770473,1,qEHVI,0.2,0.1,0.6000000000000001,0.05,0.0,0.0,0.05
37,2,4,1,True,0.01639776860314865,0.14093289568770473,2,qEHVI,0.05,0.0,0.55,0.0,0.0,0.30000000000000004,0.1
37,2,4,1,True,0.01639776860314865,0.14093289568770473,3,qEHVI,0.05,0.0,0.65,0.05,0.0,0.2,0.05
37,2,4,1,True,0.01639776860314865,0.14093289568770473,4,qUCB,0.35000000000000003,0.35000000000000003,0.2,0.1,0.0,0.0,0.0
37,3,3,2,False,0.013803855628745379,0.02478653556343069,0,qEHVI,0.25,0.1,0.65,0.0,0.0,0.0,0.0
37,3,3,2,False,0.013803855628745379,0.02478653556343069,1,qEHVI,0.2,0.1,0.6000000000000001,0.05,0.0,0.0,0.05
37,3,3,2,False,0.013803855628745379,0.02478653556343069,2,qEHVI,0.05,0.0,0.55,0.0,0.0,0.30000000000000004,0.1
37,3,3,2,False,0.013803855628745379,0.02478653556343069,3,qUCB,0.35000000000000003,0.35000000000000003,0.2,0.1,0.0,0.0,0.0
37,3,3,2,False,0.013803855628745379,0.02478653556343069,4,qUCB,0.1,0.0,0.4,0.1,0.1,0.30000000000000004,0.0
37,4,2,3,False,0.00872636831954446,0.01860494620172748,0,qEHVI,0.25,0.1,0.65,0.0,0.0,0.0,0.0
37,4,2,3,False,0.00872636831954446,0.01860494620172748,1,qEHVI,0.2,0.1,0.6000000000000001,0.05,0.0,0.0,0.05
37,4,2,3,False,0.00872636831954446,0.01860494620172748,2,qUCB,0.0,0.0,0.30000000000000004,0.1,0.05,0.45,0.1
37,4,2,3,False,0.00872636831954446,0.01860494620172748,3,qUCB,0.1,0.0,0.4,0.1,0.1,0.30000000000000004,0.0
37,4,2,3,False,0.00872636831954446,0.01860494620172748,4,qUCB,0.15000000000000002,0.15000000000000002,0.2,0.1,0.1,0.2,0.1
37,5,1,4,False,0.0049046863896840985,0.033551987283263696,0,qEHVI,0.25,0.1,0.65,0.0,0.0,0.0,0.0
37,5,1,4,False,0.0049046863896840985,0.033551987283263696,1,qUCB,0.0,0.0,0.30000000000000004,0.1,0.05,0.45,0.1
37,5,1,4,False,0.0049046863896840985,0.033551987283263696,2,qUCB,0.15000000000000002,0.0,0.4,0.1,0.1,0.15000000000000002,0.1
37,5,1,4,False,0.0049046863896840985,0.033551987283263696,3,qUCB,0.0,0.2,0.30000000000000004,0.1,0.1,0.2,0.1
37,5,1,4,False,0.0049046863896840985,0.033551987283263696,4,qUCB,0.05,0.25,0.4,0.1,0.1,0.0,0.1
37,6,0,5,False,0.008802506372708182,0.38831737380248543,0,qUCB,0.05,0.0,0.55,0.0,0.0,0.30000000000000004,0.1
37,6,0,5,False,0.008802506372708182,0.38831737380248543,1,qUCB,0.35000000000000003,0.2,0.35000000000000003,0.1,0.0,0.0,0.0
37,6,0,5,False,0.008802506372708182,0.38831737380248543,2,qUCB,0.15000000000000002,0.0,0.55,0.0,0.1,0.2,0.0
37,6,0,5,False,0.008802506372708182,0.38831737380248543,3,qUCB,0.2,0.4,0.4,0.0,0.0,0.0,0.0
37,6,0,5,False,0.008802506372708182,0.38831737380248543,4,qUCB,0.25,0.0,0.55,0.0,0.0,0.2,0.0
38,1,5,0,False,0.10045709647074784,0.030353787014119837,0,qEHVI,0.35000000000000003,0.25,0.30000000000000004,0.1,0.0,0.0,0.0
38,1,5,0,False,0.10045709647074784,0.030353787014119837,1,qEHVI,0.35000000000000003,0.1,0.35000000000000003,0.1,0.0,0.0,0.1
38,1,5,0,False,0.10045709647074784,0.030353787014119837,2,qEHVI,0.35000000000000003,0.2,0.35000000000000003,0.1,0.0,0.0,0.0
38,1,5,0,False,0.10045709647074784,0.030353787014119837,3,qEHVI,0.1,0.15000000000000002,0.6000000000000001,0.1,0.0,0.0,0.05
38,1,5,0,False,0.10045709647074784,0.030353787014119837,4,qEHVI,0.25,0.2,0.35000000000000003,0.1,0.0,0.0,0.1
38,2,4,1,False,0.09792967301529959,0.018463840769649575,0,qEHVI,0.35000000000000003,0.25,0.30000000000000004,0.1,0.0,0.0,0.0
38,2,4,1,False,0.09792967301529959,0.018463840769649575,1,qEHVI,0.35000000000000003,0.1,0.35000000000000003,0.1,0.0,0.0,0.1
38,2,4,1,False,0.09792967301529959,0.018463840769649575,2,qEHVI,0.35000000000000003,0.2,0.35000000000000003,0.1,0.0,0.0,0.0
38,2,4,1,False,0.09792967301529959,0.018463840769649575,3,qEHVI,0.2,0.35000000000000003,0.30000000000000004,0.1,0.0,0.0,0.05
38,2,4,1,False,0.09792967301529959,0.018463840769649575,4,qUCB,0.0,0.0,0.6000000000000001,0.0,0.0,0.35000000000000003,0.05
38,3,3,2,True,0.09493312879150914,0.1891625751235404,0,qEHVI,0.35000000000000003,0.25,0.30000000000000004,0.1,0.0,0.0,0.0
38,3,3,2,True,0.09493312879150914,0.1891625751235404,1,qEHVI,0.35000000000000003,0.1,0.35000000000000003,0.1,0.0,0.0,0.1
38,3,3,2,True,0.09493312879150914,0.1891625751235404,2,qEHVI,0.35000000000000003,0.2,0.35000000000000003,0.1,0.0,0.0,0.0
38,3,3,2,True,0.09493312879150914,0.1891625751235404,3,qUCB,0.0,0.0,0.6000000000000001,0.0,0.0,0.35000000000000003,0.05
38,3,3,2,True,0.09493312879150914,0.1891625751235404,4,qUCB,0.35000000000000003,0.30000000000000004,0.35000000000000003,0.0,0.0,0.0,0.0
38,4,2,3,False,0.0955496234982598,0.0087433193214137,0,qEHVI,0.35000000000000003,0.25,0.30000000000000004,0.1,0.0,0.0,0.0
38,4,2,3,False,0.0955496234982598,0.0087433193214137,1,qEHVI,0.35000000000000003,0.1,0.35000000000000003,0.1,0.0,0.0,0.1
38,4,2,3,False,0.0955496234982598,0.0087433193214137,2,qUCB,0.0,0.0,0.6000000000000001,0.0,0.0,0.35000000000000003,0.05
38,4,2,3,False,0.0955496234982598,0.0087433193214137,3,qUCB,0.35000000000000003,0.30000000000000004,0.35000000000000003,0.0,0.0,0.0,0.0
38,4,2,3,False,0.0955496234982598,0.0087433193214137,4,qUCB,0.0,0.2,0.4,0.0,0.0,0.35000000000000003,0.05
38,5,1,4,False,0.06612544765400286,0.038573330380755166,0,qEHVI,0.35000000000000003,0.25,0.30000000000000004,0.1,0.0,0.0,0.0
38,5,1,4,False,0.06612544765400286,0.038573330380755166,1,qUCB,0.0,0.0,0.6000000000000001,0.0,0.0,0.30000000000000004,0.1
38,5,1,4,False,0.06612544765400286,0.038573330380755166,2,qUCB,0.30000000000000004,0.25,0.35000000000000003,0.0,0.0,0.0,0.1
38,5,1,4,False,0.06612544765400286,0.038573330380755166,3,qUCB,0.0,0.15000000000000002,0.4,0.1,0.1,0.15000000000000002,0.1
38,5,1,4,False,0.06612544765400286,0.038573330380755166,4,qUCB,0.0,0.25,0.55,0.0,0.1,0.0,0.1
38,6,0,5,False,0.07647181028907232,0.1352920154550148,0,qUCB,0.35000000000000003,0.2,0.35000000000000003,0.1,0.0,0.0,0.0
38,6,0,5,False,0.07647181028907232,0.1352920154550148,1,qUCB,0.25,0.2,0.35000000000000003,0.1,0.0,0.0,0.1
38,6,0,5,False,0.07647181028907232,0.1352920154550148,2,qUCB,0.25,0.0,0.5,0.0,0.0,0.25,0.0
38,6,0,5,False,0.07647181028907232,0.1352920154550148,3,qUCB,0.15000000000000002,0.0,0.4,0.1,0.1,0.15000000000000002,0.1
38,6,0,5,False,0.07647181028907232,0.1352920154550148,4,qUCB,0.30000000000000004,0.35000000000000003,0.35000000000000003,0.0,0.0,0.0,0.0
39,1,5,0,False,0.022086724484552664,0.27052746898959334,0,qEHVI,0.15000000000000002,0.15000000000000002,0.6000000000000001,0.05,0.0,0.0,0.05
39,1,5,0,False,0.022086724484552664,0.27052746898959334,1,qEHVI,0.1,0.1,0.65,0.0,0.0,0.05,0.1
39,1,5,0,False,0.022086724484552664,0.27052746898959334,2,qEHVI,0.15000000000000002,0.05,0.65,0.1,0.0,0.0,0.05
39,1,5,0,False,0.022086724484552664,0.27052746898959334,3,qEHVI,0.05,0.25,0.6000000000000001,0.1,0.0,0.0,0.0
39,1,5,0,False,0.022086724484552664,0.27052746898959334,4,qEHVI,0.05,0.15000000000000002,0.65,0.0,0.0,0.05,0.1
39,2,4,1,True,0.01951660828243515,0.3062522342964904,0,qEHVI,0.15000000000000002,0.15000000000000002,0.6000000000000001,0.05,0.0,0.0,0.05
39,2,4,1,True,0.01951660828243515,0.3062522342964904,1,qEHVI,0.1,0.1,0.65,0.0,0.0,0.05,0.1
39,2,4,1,True,0.01951660828243515,0.3062522342964904,2,qEHVI,0.15000000000000002,0.05,0.65,0.1,0.0,0.0,0.05
39,2,4,1,True,0.01951660828243515,0.3062522342964904,3,qEHVI,0.05,0.15000000000000002,0.65,0.0,0.0,0.05,0.1
39,2,4,1,True,0.01951660828243515,0.3062522342964904,4,qUCB,0.05,0.05,0.2,0.1,0.1,0.4,0.1
39,3,3,2,False,0.016739286722416362,0.13035789787640262,0,qEHVI,0.15000000000000002,0.15000000000000002,0.6000000000000001,0.05,0.0,0.0,0.05
39,3,3,2,False,0.016739286722416362,0.13035789787640262,1,qEHVI,0.1,0.1,0.65,0.0,0.0,0.05,0.1
39,3,3,2,False,0.016739286722416362,0.13035789787640262,2,qEHVI,0.15000000000000002,0.05,0.65,0.1,0.0,0.0,0.05
39,3,3,2,False,0.016739286722416362,0.13035789787640262,3,qUCB,0.05,0.05,0.2,0.1,0.1,0.4,0.1
39,3,3,2,False,0.016739286722416362,0.13035789787640262,4,qUCB,0.0,0.5,0.2,0.1,0.1,0.1,0.0
39,4,2,3,False,0.013056049403966978,0.09538771647813693,0,qEHVI,0.15000000000000002,0.15000000000000002,0.6000000000000001,0.05,0.0,0.0,0.05
39,4,2,3,False,0.013056049403966978,0.09538771647813693,1,qEHVI,0.1,0.1,0.65,0.0,0.0,0.05,0.1
39,4,2,3,False,0.013056049403966978,0.09538771647813693,2,qUCB,0.05,0.05,0.2,0.1,0.1,0.4,0.1
39,4,2,3,False,0.013056049403966978,0.09538771647813693,3,qUCB,0.0,0.0,0.4,0.1,0.1,0.30000000000000004,0.1
39,4,2,3,False,0.013056049403966978,0.09538771647813693,4,qUCB,0.0,0.5,0.2,0.1,0.1,0.1,0.0
39,5,1,4,False,0.008727329086895932,0.032981230473069445,0,qEHVI,0.15000000000000002,0.15000000000000002,0.6000000000000001,0.05,0.0,0.0,0.05
39,5,1,4,False,0.008727329086895932,0.032981230473069445,1,qUCB,0.0,0.0,0.35000000000000003,0.05,0.1,0.4,0.1
39,5,1,4,False,0.008727329086895932,0.032981230473069445,2,qUCB,0.1,0.0,0.4,0.1,0.1,0.2,0.1
39,5,1,4,False,0.008727329086895932,0.032981230473069445,3,qUCB,0.0,0.5,0.2,0.1,0.1,0.1,0.0
39,5,1,4,False,0.008727329086895932,0.032981230473069445,4,qUCB,0.1,0.0,0.4,0.1,0.1,0.30000000000000004,0.0
39,6,0,5,False,0.004923857750549956,0.04138355972080787,0,qUCB,0.0,0.0,0.55,0.1,0.0,0.30000000000000004,0.05
39,6,0,5,False,0.004923857750549956,0.04138355972080787,1,qUCB,0.15000000000000002,0.0,0.6000000000000001,0.0,0.0,0.25,0.0
39,6,0,5,False,0.004923857750549956,0.04138355972080787,2,qUCB,0.35000000000000003,0.0,0.4,0.0,0.0,0.15000000000000002,0.1
39,6,0,5,False,0.004923857750549956,0.04138355972080787,3,qUCB,0.30000000000000004,0.0,0.5,0.0,0.0,0.2,0.0
39,6,0,5,False,0.004923857750549956,0.04138355972080787,4,qUCB,0.1,0.0,0.4,0.1,0.1,0.2,0.1
40,1,5,0,False,0.042021036742844485,0.20698853120875405,0,qEHVI,0.2,0.35000000000000003,0.35000000000000003,0.1,0.0,0.0,0.0
40,1,5,0,False,0.042021036742844485,0.20698853120875405,1,qEHVI,0.2,0.30000000000000004,0.30000000000000004,0.1,0.0,0.0,0.1
40,1,5,0,False,0.042021036742844485,0.20698853120875405,2,qEHVI,0.15000000000000002,0.4,0.30000000000000004,0.1,0.0,0.0,0.05
40,1,5,0,False,0.042021036742844485,0.20698853120875405,3,qEHVI,0.1,0.1,0.65,0.05,0.0,0.0,0.1
40,1,5,0,False,0.042021036742844485,0.20698853120875405,4,qEHVI,0.30000000000000004,0.0,0.5,0.0,0.0,0.2,0.0
40,2,4,1,True,0.032687790637043995,0.19274111171779684,0,qEHVI,0.2,0.35000000000000003,0.35000000000000003,0.1,0.0,0.0,0.0
40,2,4,1,True,0.032687790637043995,0.19274111171779684,1,qEHVI,0.2,0.30000000000000004,0.30000000000000004,0.1,0.0,0.0,0.1
40,2,4,1,True,0.032687790637043995,0.19274111171779684,2,qEHVI,0.30000000000000004,0.0,0.5,0.0,0.0,0.2,0.0
40,2,4,1,True,0.032687790637043995,0.19274111171779684,3,qEHVI,0.2,0.0,0.55,0.0,0.0,0.25,0.0
40,2,4,1,True,0.032687790637043995,0.19274111171779684,4,qUCB,0.0,0.0,0.7000000000000001,0.05,0.1,0.05,0.1
40,3,3,2,False,0.02658510680775807,0.053080873894784775,0,qEHVI,0.2,0.35000000000000003,0.35000000000000003,0.1,0.0,0.0,0.0
40,3,3,2,False,0.02658510680775807,0.053080873894784775,1,qEHVI,0.2,0.30000000000000004,0.30000000000000004,0.1,0.0,0.0,0.1
40,3,3,2,False,0.02658510680775807,0.053080873894784775,2,qEHVI,0.15000000000000002,0.4,0.30000000000000004,0.1,0.0,0.0,0.05
40,3,3,2,False,0.02658510680775807,0.053080873894784775,3,qUCB,0.0,0.0,0.65,0.0,0.0,0.30000000000000004,0.05
40,3,3,2,False,0.02658510680775807,0.053080873894784775,4,qUCB,0.0,0.0,0.6000000000000001,0.0,0.1,0.25,0.05
40,4,2,3,False,0.02925936633368803,0.029270505812584058,0,qEHVI,0.2,0.35000000000000003,0.35000000000000003,0.1,0.0,0.0,0.0
40,4,2,3,False,0.02925936633368803,0.029270505812584058,1,qEHVI,0.2,0.30000000000000004,0.30000000000000004,0.1,0.0,0.0,0.1
40,4,2,3,False,0.02925936633368803,0.029270505812584058,2,qUCB,0.0,0.0,0.65,0.0,0.0,0.30000000000000004,0.05
40,4,2,3,False,0.02925936633368803,0.029270505812584058,3,qUCB,0.0,0.0,0.6000000000000001,0.0,0.1,0.25,0.05
40,4,2,3,False,0.02925936633368803,0.029270505812584058,4,qUCB,0.30000000000000004,0.0,0.5,0.0,0.0,0.2,0.0
40,5,1,4,False,0.01834213384724431,0.016155053541866304,0,qEHVI,0.2,0.35000000000000003,0.35000000000000003,0.1,0.0,0.0,0.0
40,5,1,4,False,0.01834213384724431,0.016155053541866304,1,qUCB,0.0,0.0,0.6000000000000001,0.0,0.0,0.30000000000000004,0.1
40,5,1,4,False,0.01834213384724431,0.016155053541866304,2,qUCB,0.15000000000000002,0.0,0.4,0.0,0.1,0.25,0.1
40,5,1,4,False,0.01834213384724431,0.016155053541866304,3,qUCB,0.0,0.0,0.7000000000000001,0.0,0.1,0.1,0.1
40,5,1,4,False,0.01834213384724431,0.016155053541866304,4,qUCB,0.0,0.25,0.55,0.0,0.1,0.0,0.1
40,6,0,5,False,0.023719765836844736,0.03181389831950865,0,qUCB,0.0,0.0,0.6000000000000001,0.0,0.0,0.30000000000000004,0.1
40,6,0,5,False,0.023719765836844736,0.03181389831950865,1,qUCB,0.2,0.0,0.55,0.0,0.0,0.25,0.0
40,6,0,5,False,0.023719765836844736,0.03181389831950865,2,qUCB,0.35000000000000003,0.0,0.4,0.1,0.0,0.15000000000000002,0.0
40,6,0,5,False,0.023719765836844736,0.03181389831950865,3,qUCB,0.25,0.0,0.4,0.1,0.0,0.15000000000000002,0.1
40,6,0,5,False,0.023719765836844736,0.03181389831950865,4,qUCB,0.15000000000000002,0.15000000000000002,0.4,0.1,0.1,0.0,0.1
41,1,5,0,False,0.017592437260100808,0.04724339017925239,0,qEHVI,0.05,0.25,0.6000000000000001,0.1,0.0,0.0,0.0
41,1,5,0,False,0.017592437260100808,0.04724339017925239,1,qEHVI,0.2,0.05,0.65,0.05,0.0,0.0,0.05
41,1,5,0,False,0.017592437260100808,0.04724339017925239,2,qEHVI,0.1,0.1,0.65,0.1,0.0,0.05,0.0
41,1,5,0,False,0.017592437260100808,0.04724339017925239,3,qEHVI,0.0,0.05,0.7000000000000001,0.1,0.0,0.1,0.05
41,1,5,0,False,0.017592437260100808,0.04724339017925239,4,qEHVI,0.05,0.2,0.65,0.0,0.0,0.0,0.1
41,2,4,1,True,0.014766855745101393,0.07553835651863672,0,qEHVI,0.05,0.25,0.6000000000000001,0.1,0.0,0.0,0.0
41,2,4,1,True,0.014766855745101393,0.07553835651863672,1,qEHVI,0.2,0.05,0.65,0.05,0.0,0.0,0.05
41,2,4,1,True,0.014766855745101393,0.07553835651863672,2,qEHVI,0.1,0.1,0.65,0.1,0.0,0.05,0.0
41,2,4,1,True,0.014766855745101393,0.07553835651863672,3,qEHVI,0.0,0.05,0.7000000000000001,0.1,0.0,0.1,0.05
41,2,4,1,True,0.014766855745101393,0.07553835651863672,4,qUCB,0.05,0.05,0.2,0.05,0.1,0.45,0.1
41,3,3,2,False,0.011783182056916001,0.7403797429855352,0,qEHVI,0.05,0.25,0.6000000000000001,0.1,0.0,0.0,0.0
41,3,3,2,False,0.011783182056916001,0.7403797429855352,1,qEHVI,0.2,0.05,0.65,0.05,0.0,0.0,0.05
41,3,3,2,False,0.011783182056916001,0.7403797429855352,2,qEHVI,0.1,0.1,0.65,0.1,0.0,0.05,0.0
41,3,3,2,False,0.011783182056916001,0.7403797429855352,3,qUCB,0.0,0.0,0.30000000000000004,0.1,0.05,0.45,0.1
41,3,3,2,False,0.011783182056916001,0.7403797429855352,4,qUCB,0.05,0.05,0.2,0.05,0.1,0.45,0.1
41,4,2,3,False,0.00824273644860038,0.03442882357323107,0,qEHVI,0.05,0.25,0.6000000000000001,0.1,0.0,0.0,0.0
41,4,2,3,False,0.00824273644860038,0.03442882357323107,1,qEHVI,0.2,0.05,0.65,0.05,0.0,0.0,0.05
41,4,2,3,False,0.00824273644860038,0.03442882357323107,2,qUCB,0.0,0.0,0.30000000000000004,0.1,0.05,0.45,0.1
41,4,2,3,False,0.00824273644860038,0.03442882357323107,3,qUCB,0.15000000000000002,0.15000000000000002,0.2,0.1,0.1,0.2,0.1
41,4,2,3,False,0.00824273644860038,0.03442882357323107,4,qUCB,0.05,0.05,0.2,0.05,0.1,0.45,0.1
41,5,1,4,False,0.00531686663810153,0.008383672668142772,0,qEHVI,0.05,0.25,0.6000000000000001,0.1,0.0,0.0,0.0
41,5,1,4,False,0.00531686663810153,0.008383672668142772,1,qUCB,0.05,0.0,0.35000000000000003,0.0,0.05,0.45,0.1
41,5,1,4,False,0.00531686663810153,0.008383672668142772,2,qUCB,0.35000000000000003,0.0,0.4,0.0,0.0,0.15000000000000002,0.1
41,5,1,4,False,0.00531686663810153,0.008383672668142772,3,qUCB,0.05,0.0,0.4,0.0,0.1,0.35000000000000003,0.1
41,5,1,4,False,0.00531686663810153,0.008383672668142772,4,qUCB,0.35000000000000003,0.0,0.2,0.1,0.1,0.15000000000000002,0.1
41,6,0,5,False,0.005812129497358579,0.03327248017498263,0,qUCB,0.0,0.0,0.55,0.1,0.0,0.30000000000000004,0.05
41,6,0,5,False,0.005812129497358579,0.03327248017498263,1,qUCB,0.0,0.0,0.65,0.0,0.0,0.25,0.1
41,6,0,5,False,0.005812129497358579,0.03327248017498263,2,qUCB,0.0,0.0,0.55,0.1,0.0,0.25,0.1
41,6,0,5,False,0.005812129497358579,0.03327248017498263,3,qUCB,0.35000000000000003,0.0,0.4,0.0,0.0,0.15000000000000002,0.1
41,6,0,5,False,0.005812129497358579,0.03327248017498263,4,qUCB,0.0,0.0,0.7000000000000001,0.0,0.0,0.30000000000000004,0.0
42,1,5,0,False,0.019101026713215823,0.1355348837207817,0,qEHVI,0.0,0.05,0.65,0.1,0.0,0.15000000000000002,0.05
42,1,5,0,False,0.019101026713215823,0.1355348837207817,1,qEHVI,0.30000000000000004,0.0,0.6000000000000001,0.0,0.0,0.05,0.05
42,1,5,0,False,0.019101026713215823,0.1355348837207817,2,qEHVI,0.1,0.2,0.6000000000000001,0.05,0.0,0.05,0.0
42,1,5,0,False,0.019101026713215823,0.1355348837207817,3,qEHVI,0.05,0.0,0.65,0.1,0.0,0.15000000000000002,0.05
42,1,5,0,False,0.019101026713215823,0.1355348837207817,4,qEHVI,0.05,0.2,0.65,0.0,0.0,0.0,0.1
42,2,4,1,False,0.016028053837020616,0.09317756798429677,0,qEHVI,0.0,0.05,0.65,0.1,0.0,0.15000000000000002,0.05
42,2,4,1,False,0.016028053837020616,0.09317756798429677,1,qEHVI,0.30000000000000004,0.0,0.6000000000000001,0.0,0.0,0.05,0.05
42,2,4,1,False,0.016028053837020616,0.09317756798429677,2,qEHVI,0.1,0.2,0.6000000000000001,0.05,0.0,0.05,0.0
42,2,4,1,False,0.016028053837020616,0.09317756798429677,3,qEHVI,0.05,0.2,0.65,0.0,0.0,0.0,0.1
42,2,4,1,False,0.016028053837020616,0.09317756798429677,4,qUCB,0.1,0.0,0.2,0.05,0.1,0.45,0.1
42,3,3,2,True,0.013223825196658982,0.13208758834346757,0,qEHVI,0.0,0.05,0.65,0.1,0.0,0.15000000000000002,0.05
42,3,3,2,True,0.013223825196658982,0.13208758834346757,1,qEHVI,0.30000000000000004,0.0,0.6000000000000001,0.0,0.0,0.05,0.05
42,3,3,2,True,0.013223825196658982,0.13208758834346757,2,qEHVI,0.1,0.2,0.6000000000000001,0.05,0.0,0.05,0.0
42,3,3,2,True,0.013223825196658982,0.13208758834346757,3,qUCB,0.05,0.1,0.2,0.0,0.1,0.45,0.1
42,3,3,2,True,0.013223825196658982,0.13208758834346757,4,qUCB,0.25,0.15000000000000002,0.2,0.1,0.1,0.1,0.1
42,4,2,3,False,0.010065319885358194,0.046751324341276046,0,qEHVI,0.0,0.05,0.65,0.1,0.0,0.15000000000000002,0.05
42,4,2,3,False,0.010065319885358194,0.046751324341276046,1,qEHVI,0.30000000000000004,0.0,0.6000000000000001,0.0,0.0,0.05,0.05
42,4,2,3,False,0.010065319885358194,0.046751324341276046,2,qUCB,0.25,0.45,0.2,0.1,0.0,0.0,0.0
42,4,2,3,False,0.010065319885358194,0.046751324341276046,3,qUCB,0.1,0.5,0.2,0.0,0.1,0.0,0.1
42,4,2,3,False,0.010065319885358194,0.046751324341276046,4,qUCB,0.15000000000000002,0.5,0.2,0.1,0.0,0.0,0.05
42,5,1,4,False,0.005018091687134235,0.12911670971733802,0,qEHVI,0.0,0.05,0.65,0.1,0.0,0.15000000000000002,0.05
42,5,1,4,False,0.005018091687134235,0.12911670971733802,1,qUCB,0.35000000000000003,0.4,0.2,0.0,0.0,0.05,0.0
42,5,1,4,False,0.005018091687134235,0.12911670971733802,2,qUCB,0.35000000000000003,0.35000000000000003,0.30000000000000004,0.0,0.0,0.0,0.0
42,5,1,4,False,0.005018091687134235,0.12911670971733802,3,qUCB,0.35000000000000003,0.0,0.4,0.0,0.0,0.15000000000000002,0.1
42,5,1,4,False,0.005018091687134235,0.12911670971733802,4,qUCB,0.1,0.5,0.2,0.0,0.1,0.0,0.1
42,6,0,5,False,0.00525675620910447,0.16974461094806914,0,qUCB,0.0,0.0,0.6000000000000001,0.1,0.0,0.25,0.05
42,6,0,5,False,0.00525675620910447,0.16974461094806914,1,qUCB,0.0,0.0,0.6000000000000001,0.0,0.0,0.30000000000000004,0.1
42,6,0,5,False,0.00525675620910447,0.16974461094806914,2,qUCB,0.05,0.0,0.5,0.1,0.0,0.30000000000000004,0.05
42,6,0,5,False,0.00525675620910447,0.16974461094806914,3,qUCB,0.35000000000000003,0.0,0.4,0.0,0.0,0.15000000000000002,0.1
42,6,0,5,False,0.00525675620910447,0.16974461094806914,4,qUCB,0.1,0.0,0.4,0.1,0.1,0.2,0.1
43,1,5,0,False,0.02037731816076111,0.1874876473998608,0,qEHVI,0.1,0.15000000000000002,0.6000000000000001,0.1,0.0,0.0,0.05
43,1,5,0,False,0.02037731816076111,0.1874876473998608,1,qEHVI,0.05,0.0,0.65,0.1,0.0,0.15000000000000002,0.05
43,1,5,0,False,0.02037731816076111,0.1874876473998608,2,qEHVI,0.15000000000000002,0.2,0.65,0.0,0.0,0.0,0.0
43,1,5,0,False,0.02037731816076111,0.1874876473998608,3,qEHVI,0.0,0.1,0.65,0.0,0.0,0.15000000000000002,0.1
43,1,5,0,False,0.02037731816076111,0.1874876473998608,4,qEHVI,0.05,0.1,0.7000000000000001,0.05,0.0,0.0,0.1
43,2,4,1,False,0.01811878571368346,0.10096276686491201,0,qEHVI,0.1,0.15000000000000002,0.6000000000000001,0.1,0.0,0.0,0.05
43,2,4,1,False,0.01811878571368346,0.10096276686491201,1,qEHVI,0.05,0.0,0.65,0.1,0.0,0.15000000000000002,0.05
43,2,4,1,False,0.01811878571368346,0.10096276686491201,2,qEHVI,0.15000000000000002,0.2,0.65,0.0,0.0,0.0,0.0
43,2,4,1,False,0.01811878571368346,0.10096276686491201,3,qEHVI,0.0,0.1,0.65,0.0,0.0,0.15000000000000002,0.1
43,2,4,1,False,0.01811878571368346,0.10096276686491201,4,qUCB,0.1,0.5,0.2,0.0,0.1,0.0,0.1
43,3,3,2,True,0.014798181833459037,0.11200416105126365,0,qEHVI,0.1,0.15000000000000002,0.6000000000000001,0.1,0.0,0.0,0.05
43,3,3,2,True,0.014798181833459037,0.11200416105126365,1,qEHVI,0.05,0.0,0.65,0.1,0.0,0.15000000000000002,0.05
43,3,3,2,True,0.014798181833459037,0.11200416105126365,2,qEHVI,0.15000000000000002,0.2,0.65,0.0,0.0,0.0,0.0
43,3,3,2,True,0.014798181833459037,0.11200416105126365,3,qUCB,0.05,0.05,0.30000000000000004,0.0,0.1,0.4,0.1
43,3,3,2,True,0.014798181833459037,0.11200416105126365,4,qUCB,0.15000000000000002,0.0,0.5,0.0,0.1,0.15000000000000002,0.1
43,4,2,3,False,0.01151939119906148,0.09993888297909326,0,qEHVI,0.1,0.15000000000000002,0.6000000000000001,0.1,0.0,0.0,0.05
43,4,2,3,False,0.01151939119906148,0.09993888297909326,1,qEHVI,0.05,0.0,0.65,0.1,0.0,0.15000000000000002,0.05
43,4,2,3,False,0.01151939119906148,0.09993888297909326,2,qUCB,0.35000000000000003,0.4,0.2,0.0,0.0,0.05,0.0
43,4,2,3,False,0.01151939119906148,0.09993888297909326,3,qUCB,0.35000000000000003,0.0,0.2,0.0,0.1,0.25,0.1
43,4,2,3,False,0.01151939119906148,0.09993888297909326,4,qUCB,0.25,0.0,0.55,0.0,0.1,0.0,0.1
43,5,1,4,False,0.007579227177489869,0.040340101099914705,0,qEHVI,0.1,0.15000000000000002,0.6000000000000001,0.1,0.0,0.0,0.05
43,5,1,4,False,0.007579227177489869,0.040340101099914705,1,qUCB,0.0,0.0,0.5,0.0,0.1,0.30000000000000004,0.1
43,5,1,4,False,0.007579227177489869,0.040340101099914705,2,qUCB,0.15000000000000002,0.1,0.2,0.0,0.1,0.45,0.0
43,5,1,4,False,0.007579227177489869,0.040340101099914705,3,qUCB,0.1,0.0,0.5,0.0,0.1,0.2,0.1
43,5,1,4,False,0.007579227177489869,0.040340101099914705,4,qUCB,0.2,0.0,0.35000000000000003,0.0,0.0,0.45,0.0
43,6,0,5,False,0.002166912357360059,0.03649442730409169,0,qUCB,0.0,0.0,0.5,0.1,0.0,0.35000000000000003,0.05
43,6,0,5,False,0.002166912357360059,0.03649442730409169,1,qUCB,0.15000000000000002,0.0,0.5,0.1,0.1,0.15000000000000002,0.0
43,6,0,5,False,0.002166912357360059,0.03649442730409169,2,qUCB,0.15000000000000002,0.0,0.55,0.1,0.1,0.0,0.1
43,6,0,5,False,0.002166912357360059,0.03649442730409169,3,qUCB,0.0,0.15000000000000002,0.55,0.0,0.0,0.30000000000000004,0.0
43,6,0,5,False,0.002166912357360059,0.03649442730409169,4,qUCB,0.35000000000000003,0.0,0.30000000000000004,0.1,0.0,0.15000000000000002,0.1
44,1,5,0,False,0.013297654795470805,0.27507990104547986,0,qEHVI,0.30000000000000004,0.05,0.65,0.0,0.0,0.0,0.0
44,1,5,0,False,0.013297654795470805,0.27507990104547986,1,qEHVI,0.0,0.1,0.65,0.0,0.0,0.15000000000000002,0.1
44,1,5,0,False,0.013297654795470805,0.27507990104547986,2,qEHVI,0.05,0.1,0.7000000000000001,0.05,0.0,0.0,0.1
44,1,5,0,False,0.013297654795470805,0.27507990104547986,3,qEHVI,0.05,0.1,0.6000000000000001,0.1,0.0,0.1,0.05
44,1,5,0,False,0.013297654795470805,0.27507990104547986,4,qEHVI,0.1,0.1,0.65,0.05,0.0,0.0,0.1
44,2,4,1,True,0.011349788050659617,0.1306705358276261,0,qEHVI,0.30000000000000004,0.05,0.65,0.0,0.0,0.0,0.0
44,2,4,1,True,0.011349788050659617,0.1306705358276261,1,qEHVI,0.0,0.1,0.65,0.0,0.0,0.15000000000000002,0.1
44,2,4,1,True,0.011349788050659617,0.1306705358276261,2,qEHVI,0.05,0.1,0.7000000000000001,0.05,0.0,0.0,0.1
44,2,4,1,True,0.011349788050659617,0.1306705358276261,3,qEHVI,0.1,0.05,0.65,0.05,0.0,0.05,0.1
44,2,4,1,True,0.011349788050659617,0.1306705358276261,4,qUCB,0.15000000000000002,0.5,0.2,0.1,0.0,0.05,0.0
44,3,3,2,False,0.008590579596650955,0.05800534484367237,0,qEHVI,0.30000000000000004,0.05,0.65,0.0,0.0,0.0,0.0
44,3,3,2,False,0.008590579596650955,0.05800534484367237,1,qEHVI,0.0,0.1,0.65,0.0,0.0,0.15000000000000002,0.1
44,3,3,2,False,0.008590579596650955,0.05800534484367237,2,qEHVI,0.05,0.1,0.7000000000000001,0.05,0.0,0.0,0.1
44,3,3,2,False,0.008590579596650955,0.05800534484367237,3,qUCB,0.15000000000000002,0.5,0.2,0.1,0.0,0.05,0.0
44,3,3,2,False,0.008590579596650955,0.05800534484367237,4,qUCB,0.15000000000000002,0.0,0.2,0.1,0.1,0.45,0.0
44,4,2,3,False,0.006227388968255187,0.006279069555380268,0,qEHVI,0.30000000000000004,0.05,0.65,0.0,0.0,0.0,0.0
44,4,2,3,False,0.006227388968255187,0.006279069555380268,1,qEHVI,0.0,0.1,0.65,0.0,0.0,0.15000000000000002,0.1
44,4,2,3,False,0.006227388968255187,0.006279069555380268,2,qUCB,0.2,0.45,0.2,0.1,0.0,0.0,0.05
44,4,2,3,False,0.006227388968255187,0.006279069555380268,3,qUCB,0.0,0.5,0.2,0.1,0.1,0.1,0.0
44,4,2,3,False,0.006227388968255187,0.006279069555380268,4,qUCB,0.15000000000000002,0.5,0.2,0.1,0.0,0.05,0.0
44,5,1,4,False,0.0031739831360376837,0.00896851347233163,0,qEHVI,0.30000000000000004,0.05,0.65,0.0,0.0,0.0,0.0
44,5,1,4,False,0.0031739831360376837,0.00896851347233163,1,qUCB,0.0,0.0,0.30000000000000004,0.1,0.05,0.45,0.1
44,5,1,4,False,0.0031739831360376837,0.00896851347233163,2,qUCB,0.0,0.30000000000000004,0.4,0.1,0.1,0.0,0.1
44,5,1,4,False,0.0031739831360376837,0.00896851347233163,3,qUCB,0.0,0.2,0.30000000000000004,0.1,0.1,0.2,0.1
44,5,1,4,False,0.0031739831360376837,0.00896851347233163,4,qUCB,0.0,0.1,0.2,0.1,0.1,0.4,0.1
44,6,0,5,False,0.0043108026528201095,0.023366814000026714,0,qUCB,0.0,0.0,0.55,0.1,0.0,0.30000000000000004,0.05
44,6,0,5,False,0.0043108026528201095,0.023366814000026714,1,qUCB,0.0,0.05,0.65,0.1,0.0,0.1,0.1
44,6,0,5,False,0.0043108026528201095,0.023366814000026714,2,qUCB,0.0,0.0,0.7000000000000001,0.0,0.0,0.30000000000000004,0.0
44,6,0,5,False,0.0043108026528201095,0.023366814000026714,3,qUCB,0.35000000000000003,0.0,0.30000000000000004,0.1,0.0,0.15000000000000002,0.1
44,6,0,5,False,0.0043108026528201095,0.023366814000026714,4,qUCB,0.0,0.0,0.5,0.1,0.0,0.30000000000000004,0.1
45,1,5,0,True,0.012476871259436745,0.9331621905802141,0,qEHVI,0.05,0.2,0.65,0.0,0.0,0.0,0.1
45,1,5,0,True,0.012476871259436745,0.9331621905802141,1,qEHVI,0.35000000000000003,0.0,0.55,0.1,0.0,0.0,0.0
45,1,5,0,True,0.012476871259436745,0.9331621905802141,2,qEHVI,0.15000000000000002,0.15000000000000002,0.65,0.0,0.0,0.05,0.0
45,1,5,0,True,0.012476871259436745,0.9331621905802141,3,qEHVI,0.1,0.1,0.65,0.05,0.0,0.0,0.1
45,1,5,0,True,0.012476871259436745,0.9331621905802141,4,qEHVI,0.0,0.0,0.5,0.1,0.0,0.35000000000000003,0.05
45,2,4,1,False,0.01102844846619004,0.06843273687686668,0,qEHVI,0.05,0.2,0.65,0.0,0.0,0.0,0.1
45,2,4,1,False,0.01102844846619004,0.06843273687686668,1,qEHVI,0.15000000000000002,0.15000000000000002,0.65,0.0,0.0,0.05,0.0
45,2,4,1,False,0.01102844846619004,0.06843273687686668,2,qEHVI,0.35000000000000003,0.0,0.55,0.1,0.0,0.0,0.0
45,2,4,1,False,0.01102844846619004,0.06843273687686668,3,qEHVI,0.1,0.1,0.65,0.05,0.0,0.0,0.1
45,2,4,1,False,0.01102844846619004,0.06843273687686668,4,qUCB,0.05,0.05,0.2,0.1,0.1,0.45,0.05
45,3,3,2,False,0.010283723740807422,0.08135008118475362,0,qEHVI,0.05,0.2,0.65,0.0,0.0,0.0,0.1
45,3,3,2,False,0.010283723740807422,0.08135008118475362,1,qEHVI,0.35000000000000003,0.0,0.55,0.1,0.0,0.0,0.0
45,3,3,2,False,0.010283723740807422,0.08135008118475362,2,qEHVI,0.15000000000000002,0.15000000000000002,0.65,0.0,0.0,0.05,0.0
45,3,3,2,False,0.010283723740807422,0.08135008118475362,3,qUCB,0.0,0.0,0.30000000000000004,0.1,0.05,0.45,0.1
45,3,3,2,False,0.010283723740807422,0.08135008118475362,4,qUCB,0.0,0.0,0.5,0.1,0.0,0.35000000000000003,0.05
45,4,2,3,False,0.005764707449531313,0.06363641078435656,0,qEHVI,0.05,0.2,0.65,0.0,0.0,0.0,0.1
45,4,2,3,False,0.005764707449531313,0.06363641078435656,1,qEHVI,0.15000000000000002,0.15000000000000002,0.65,0.0,0.0,0.05,0.0
45,4,2,3,False,0.005764707449531313,0.06363641078435656,2,qUCB,0.0,0.0,0.30000000000000004,0.1,0.05,0.45,0.1
45,4,2,3,False,0.005764707449531313,0.06363641078435656,3,qUCB,0.05,0.05,0.2,0.1,0.1,0.45,0.05
45,4,2,3,False,0.005764707449531313,0.06363641078435656,4,qUCB,0.05,0.0,0.4,0.1,0.1,0.30000000000000004,0.05
45,5,1,4,False,0.003278481203925812,0.027872613208701935,0,qEHVI,0.05,0.2,0.65,0.0,0.0,0.0,0.1
45,5,1,4,False,0.003278481203925812,0.027872613208701935,1,qUCB,0.35000000000000003,0.30000000000000004,0.2,0.1,0.0,0.05,0.0
45,5,1,4,False,0.003278481203925812,0.027872613208701935,2,qUCB,0.30000000000000004,0.4,0.2,0.1,0.0,0.0,0.0
45,5,1,4,False,0.003278481203925812,0.027872613208701935,3,qUCB,0.05,0.0,0.4,0.1,0.1,0.35000000000000003,0.0
45,5,1,4,False,0.003278481203925812,0.027872613208701935,4,qUCB,0.1,0.0,0.35000000000000003,0.1,0.0,0.45,0.0
45,6,0,5,False,0.00797368427527069,1.038732691643391,0,qUCB,0.0,0.0,0.55,0.1,0.0,0.30000000000000004,0.05
45,6,0,5,False,0.00797368427527069,1.038732691643391,1,qUCB,0.0,0.05,0.65,0.1,0.0,0.1,0.1
45,6,0,5,False,0.00797368427527069,1.038732691643391,2,qUCB,0.0,0.0,0.6000000000000001,0.0,0.0,0.30000000000000004,0.1
45,6,0,5,False,0.00797368427527069,1.038732691643391,3,qUCB,0.0,0.0,0.5,0.1,0.0,0.35000000000000003,0.05
45,6,0,5,False,0.00797368427527069,1.038732691643391,4,qUCB,0.1,0.5,0.4,0.0,0.0,0.0,0.0
46,1,5,0,False,0.013270333792756052,0.19464597003357653,0,qEHVI,0.05,0.25,0.55,0.1,0.0,0.0,0.05
46,1,5,0,False,0.013270333792756052,0.19464597003357653,1,qEHVI,0.30000000000000004,0.0,0.65,0.0,0.0,0.0,0.05
46,1,5,0,False,0.013270333792756052,0.19464597003357653,2,qEHVI,0.2,0.1,0.6000000000000001,0.05,0.0,0.05,0.0
46,1,5,0,False,0.013270333792756052,0.19464597003357653,3,qEHVI,0.05,0.1,0.6000000000000001,0.1,0.0,0.1,0.05
46,1,5,0,False,0.013270333792756052,0.19464597003357653,4,qEHVI,0.1,0.1,0.7000000000000001,0.1,0.0,0.0,0.0
46,2,4,1,True,0.011049571842784437,0.08370634925979203,0,qEHVI,0.05,0.25,0.55,0.1,0.0,0.0,0.05
46,2,4,1,True,0.011049571842784437,0.08370634925979203,1,qEHVI,0.30000000000000004,0.0,0.65,0.0,0.0,0.0,0.05
46,2,4,1,True,0.011049571842784437,0.08370634925979203,2,qEHVI,0.2,0.1,0.6000000000000001,0.05,0.0,0.05,0.0
46,2,4,1,True,0.011049571842784437,0.08370634925979203,3,qEHVI,0.1,0.1,0.7000000000000001,0.1,0.0,0.0,0.0
46,2,4,1,True,0.011049571842784437,0.08370634925979203,4,qUCB,0.05,0.0,0.4,0.0,0.1,0.35000000000000003,0.1
46,3,3,2,False,0.008428866147842773,0.0514972182942266,0,qEHVI,0.05,0.25,0.55,0.1,0.0,0.0,0.05
46,3,3,2,False,0.008428866147842773,0.0514972182942266,1,qEHVI,0.30000000000000004,0.0,0.65,0.0,0.0,0.0,0.05
46,3,3,2,False,0.008428866147842773,0.0514972182942266,2,qEHVI,0.2,0.1,0.6000000000000001,0.05,0.0,0.05,0.0
46,3,3,2,False,0.008428866147842773,0.0514972182942266,3,qUCB,0.05,0.0,0.4,0.0,0.1,0.35000000000000003,0.1
46,3,3,2,False,0.008428866147842773,0.0514972182942266,4,qUCB,0.35000000000000003,0.0,0.35000000000000003,0.1,0.1,0.0,0.1
46,4,2,3,False,0.00586600656434313,0.013971299029717166,0,qEHVI,0.05,0.25,0.55,0.1,0.0,0.0,0.05
46,4,2,3,False,0.00586600656434313,0.013971299029717166,1,qEHVI,0.2,0.1,0.6000000000000001,0.05,0.0,0.05,0.0
46,4,2,3,False,0.00586600656434313,0.013971299029717166,2,qUCB,0.05,0.0,0.4,0.0,0.1,0.35000000000000003,0.1
46,4,2,3,False,0.00586600656434313,0.013971299029717166,3,qUCB,0.35000000000000003,0.0,0.35000000000000003,0.1,0.1,0.0,0.1
46,4,2,3,False,0.00586600656434313,0.013971299029717166,4,qUCB,0.15000000000000002,0.1,0.2,0.0,0.0,0.45,0.1
46,5,1,4,False,0.0031911758752402593,0.07063948410583709,0,qEHVI,0.05,0.25,0.55,0.1,0.0,0.0,0.05
46,5,1,4,False,0.0031911758752402593,0.07063948410583709,1,qUCB,0.05,0.0,0.4,0.0,0.1,0.35000000000000003,0.1
46,5,1,4,False,0.0031911758752402593,0.07063948410583709,2,qUCB,0.2,0.15000000000000002,0.2,0.0,0.0,0.45,0.0
46,5,1,4,False,0.0031911758752402593,0.07063948410583709,3,qUCB,0.35000000000000003,0.0,0.35000000000000003,0.0,0.0,0.2,0.1
46,5,1,4,False,0.0031911758752402593,0.07063948410583709,4,qUCB,0.2,0.0,0.6000000000000001,0.0,0.1,0.0,0.1
46,6,0,5,False,0.0050541810951504835,0.05130056594143295,0,qUCB,0.05,0.0,0.7000000000000001,0.1,0.0,0.05,0.1
46,6,0,5,False,0.0050541810951504835,0.05130056594143295,1,qUCB,0.1,0.5,0.4,0.0,0.0,0.0,0.0
46,6,0,5,False,0.0050541810951504835,0.05130056594143295,2,qUCB,0.2,0.0,0.5,0.1,0.1,0.0,0.1
46,6,0,5,False,0.0050541810951504835,0.05130056594143295,3,qUCB,0.35000000000000003,0.0,0.30000000000000004,0.1,0.0,0.15000000000000002,0.1
46,6,0,5,False,0.0050541810951504835,0.05130056594143295,4,qUCB,0.1,0.0,0.55,0.1,0.1,0.15000000000000002,0.0
47,1,5,0,False,0.010783930500948774,0.13607570612067477,0,qEHVI,0.30000000000000004,0.0,0.6000000000000001,0.05,0.0,0.0,0.05
47,1,5,0,False,0.010783930500948774,0.13607570612067477,1,qEHVI,0.05,0.1,0.6000000000000001,0.1,0.0,0.1,0.05
47,1,5,0,False,0.010783930500948774,0.13607570612067477,2,qEHVI,0.0,0.2,0.6000000000000001,0.1,0.0,0.0,0.1
47,1,5,0,False,0.010783930500948774,0.13607570612067477,3,qEHVI,0.1,0.5,0.4,0.0,0.0,0.0,0.0
47,1,5,0,False,0.010783930500948774,0.13607570612067477,4,qEHVI,0.05,0.05,0.65,0.0,0.0,0.2,0.05
47,2,4,1,False,0.009656177629239603,0.0371936629249614,0,qEHVI,0.30000000000000004,0.0,0.6000000000000001,0.05,0.0,0.0,0.05
47,2,4,1,False,0.009656177629239603,0.0371936629249614,1,qEHVI,0.05,0.1,0.6000000000000001,0.1,0.0,0.1,0.05
47,2,4,1,False,0.009656177629239603,0.0371936629249614,2,qEHVI,0.1,0.5,0.4,0.0,0.0,0.0,0.0
47,2,4,1,False,0.009656177629239603,0.0371936629249614,3,qEHVI,0.0,0.2,0.6000000000000001,0.1,0.0,0.0,0.1
47,2,4,1,False,0.009656177629239603,0.0371936629249614,4,qUCB,0.05,0.0,0.35000000000000003,0.0,0.05,0.45,0.1
47,3,3,2,False,0.006873086088683868,0.07730080167680331,0,qEHVI,0.30000000000000004,0.0,0.6000000000000001,0.05,0.0,0.0,0.05
47,3,3,2,False,0.006873086088683868,0.07730080167680331,1,qEHVI,0.05,0.1,0.6000000000000001,0.1,0.0,0.1,0.05
47,3,3,2,False,0.006873086088683868,0.07730080167680331,2,qEHVI,0.1,0.5,0.4,0.0,0.0,0.0,0.0
47,3,3,2,False,0.006873086088683868,0.07730080167680331,3,qUCB,0.05,0.0,0.35000000000000003,0.0,0.05,0.45,0.1
47,3,3,2,False,0.006873086088683868,0.07730080167680331,4,qUCB,0.0,0.2,0.6000000000000001,0.0,0.1,0.0,0.1
47,4,2,3,True,0.007888049917628374,0.26315944277363634,0,qEHVI,0.30000000000000004,0.0,0.6000000000000001,0.05,0.0,0.0,0.05
47,4,2,3,True,0.007888049917628374,0.26315944277363634,1,qEHVI,0.05,0.1,0.6000000000000001,0.1,0.0,0.1,0.05
47,4,2,3,True,0.007888049917628374,0.26315944277363634,2,qUCB,0.1,0.5,0.4,0.0,0.0,0.0,0.0
47,4,2,3,True,0.007888049917628374,0.26315944277363634,3,qUCB,0.25,0.5,0.2,0.0,0.0,0.05,0.0
47,4,2,3,True,0.007888049917628374,0.26315944277363634,4,qUCB,0.15000000000000002,0.1,0.2,0.0,0.1,0.45,0.0
47,5,1,4,False,0.002939039860239924,0.005749671425185898,0,qEHVI,0.30000000000000004,0.0,0.6000000000000001,0.05,0.0,0.0,0.05
47,5,1,4,False,0.002939039860239924,0.005749671425185898,1,qUCB,0.0,0.0,0.30000000000000004,0.1,0.05,0.45,0.1
47,5,1,4,False,0.002939039860239924,0.005749671425185898,2,qUCB,0.0,0.5,0.2,0.1,0.1,0.1,0.0
47,5,1,4,False,0.002939039860239924,0.005749671425185898,3,qUCB,0.0,0.5,0.30000000000000004,0.1,0.0,0.1,0.0
47,5,1,4,False,0.002939039860239924,0.005749671425185898,4,qUCB,0.0,0.30000000000000004,0.4,0.1,0.1,0.0,0.1
47,6,0,5,False,0.0047206617504330925,0.02583825377497817,0,qUCB,0.0,0.05,0.7000000000000001,0.05,0.0,0.1,0.1
47,6,0,5,False,0.0047206617504330925,0.02583825377497817,1,qUCB,0.1,0.5,0.4,0.0,0.0,0.0,0.0
47,6,0,5,False,0.0047206617504330925,0.02583825377497817,2,qUCB,0.0,0.0,0.7000000000000001,0.0,0.0,0.30000000000000004,0.0
47,6,0,5,False,0.0047206617504330925,0.02583825377497817,3,qUCB,0.0,0.0,0.65,0.0,0.0,0.30000000000000004,0.05
47,6,0,5,False,0.0047206617504330925,0.02583825377497817,4,qUCB,0.35000000000000003,0.0,0.30000000000000004,0.1,0.0,0.15000000000000002,0.1
48,1,5,0,False,0.010009342897079786,0.8738707926047251,0,qEHVI,0.25,0.0,0.55,0.1,0.0,0.0,0.1
48,1,5,0,False,0.010009342897079786,0.8738707926047251,1,qEHVI,0.0,0.0,0.65,0.0,0.0,0.25,0.1
48,1,5,0,False,0.010009342897079786,0.8738707926047251,2,qEHVI,0.1,0.1,0.6000000000000001,0.05,0.0,0.05,0.1
48,1,5,0,False,0.010009342897079786,0.8738707926047251,3,qEHVI,0.0,0.15000000000000002,0.7000000000000001,0.05,0.0,0.05,0.05
48,1,5,0,False,0.010009342897079786,0.8738707926047251,4,qEHVI,0.15000000000000002,0.2,0.6000000000000001,0.0,0.0,0.0,0.05
48,2,4,1,True,0.008409119417244145,0.24549118466781827,0,qEHVI,0.25,0.0,0.55,0.1,0.0,0.0,0.1
48,2,4,1,True,0.008409119417244145,0.24549118466781827,1,qEHVI,0.0,0.0,0.65,0.0,0.0,0.25,0.1
48,2,4,1,True,0.008409119417244145,0.24549118466781827,2,qEHVI,0.1,0.1,0.65,0.0,0.0,0.1,0.05
48,2,4,1,True,0.008409119417244145,0.24549118466781827,3,qEHVI,0.0,0.15000000000000002,0.7000000000000001,0.05,0.0,0.05,0.05
48,2,4,1,True,0.008409119417244145,0.24549118466781827,4,qUCB,0.05,0.0,0.30000000000000004,0.1,0.1,0.4,0.05
48,3,3,2,False,0.0066887586549084395,0.07157371152288228,0,qEHVI,0.25,0.0,0.55,0.1,0.0,0.0,0.1
48,3,3,2,False,0.0066887586549084395,0.07157371152288228,1,qEHVI,0.0,0.0,0.65,0.0,0.0,0.25,0.1
48,3,3,2,False,0.0066887586549084395,0.07157371152288228,2,qEHVI,0.1,0.1,0.65,0.0,0.0,0.1,0.05
48,3,3,2,False,0.0066887586549084395,0.07157371152288228,3,qUCB,0.1,0.5,0.30000000000000004,0.1,0.0,0.0,0.0
48,3,3,2,False,0.0066887586549084395,0.07157371152288228,4,qUCB,0.1,0.5,0.2,0.1,0.0,0.1,0.0
48,4,2,3,False,0.0047199773747962585,0.022173584307829675,0,qEHVI,0.25,0.0,0.55,0.1,0.0,0.0,0.1
48,4,2,3,False,0.0047199773747962585,0.022173584307829675,1,qEHVI,0.0,0.0,0.65,0.0,0.0,0.25,0.1
48,4,2,3,False,0.0047199773747962585,0.022173584307829675,2,qUCB,0.30000000000000004,0.45,0.2,0.0,0.0,0.05,0.0
48,4,2,3,False,0.0047199773747962585,0.022173584307829675,3,qUCB,0.0,0.5,0.30000000000000004,0.1,0.0,0.1,0.0
48,4,2,3,False,0.0047199773747962585,0.022173584307829675,4,qUCB,0.05,0.0,0.5,0.1,0.1,0.25,0.0
48,5,1,4,False,0.002447724122821191,0.05500449527310147,0,qEHVI,0.25,0.0,0.55,0.1,0.0,0.0,0.1
48,5,1,4,False,0.002447724122821191,0.05500449527310147,1,qUCB,0.0,0.0,0.6000000000000001,0.0,0.0,0.4,0.0
48,5,1,4,False,0.002447724122821191,0.05500449527310147,2,qUCB,0.0,0.15000000000000002,0.55,0.0,0.0,0.30000000000000004,0.0
48,5,1,4,False,0.002447724122821191,0.05500449527310147,3,qUCB,0.0,0.30000000000000004,0.6000000000000001,0.0,0.1,0.0,0.0
48,5,1,4,False,0.002447724122821191,0.05500449527310147,4,qUCB,0.0,0.5,0.30000000000000004,0.0,0.1,0.1,0.0
48,6,0,5,False,0.0026225895656681658,0.015952539479889505,0,qUCB,0.0,0.0,0.65,0.0,0.0,0.25,0.1
48,6,0,5,False,0.0026225895656681658,0.015952539479889505,1,qUCB,0.0,0.2,0.5,0.1,0.1,0.0,0.1
48,6,0,5,False,0.0026225895656681658,0.015952539479889505,2,qUCB,0.35000000000000003,0.0,0.4,0.0,0.0,0.15000000000000002,0.1
48,6,0,5,False,0.0026225895656681658,0.015952539479889505,3,qUCB,0.2,0.0,0.6000000000000001,0.0,0.1,0.0,0.1
48,6,0,5,False,0.0026225895656681658,0.015952539479889505,4,qUCB,0.0,0.15000000000000002,0.55,0.0,0.0,0.30000000000000004,0.0
49,1,5,0,False,0.00967380890018531,0.029322392032028688,0,qEHVI,0.1,0.2,0.6000000000000001,0.05,0.0,0.0,0.05
49,1,5,0,False,0.00967380890018531,0.029322392032028688,1,qEHVI,0.0,0.2,0.6000000000000001,0.1,0.0,0.0,0.1
49,1,5,0,False,0.00967380890018531,0.029322392032028688,2,qEHVI,0.0,0.05,0.65,0.05,0.0,0.15000000000000002,0.1
49,1,5,0,False,0.00967380890018531,0.029322392032028688,3,qEHVI,0.05,0.0,0.7000000000000001,0.1,0.0,0.05,0.1
49,1,5,0,False,0.00967380890018531,0.029322392032028688,4,qEHVI,0.30000000000000004,0.05,0.6000000000000001,0.0,0.0,0.05,0.0
49,2,4,1,True,0.008217000053778388,0.21320243619576473,0,qEHVI,0.1,0.2,0.6000000000000001,0.05,0.0,0.0,0.05
49,2,4,1,True,0.008217000053778388,0.21320243619576473,1,qEHVI,0.0,0.05,0.65,0.05,0.0,0.15000000000000002,0.1
49,2,4,1,True,0.008217000053778388,0.21320243619576473,2,qEHVI,0.0,0.2,0.6000000000000001,0.1,0.0,0.0,0.1
49,2,4,1,True,0.008217000053778388,0.21320243619576473,3,qEHVI,0.05,0.0,0.7000000000000001,0.1,0.0,0.05,0.1
49,2,4,1,True,0.008217000053778388,0.21320243619576473,4,qUCB,0.05,0.0,0.35000000000000003,0.1,0.1,0.4,0.0
49,3,3,2,False,0.006673090095144108,0.03639952577913341,0,qEHVI,0.1,0.2,0.6000000000000001,0.05,0.0,0.0,0.05
49,3,3,2,False,0.006673090095144108,0.03639952577913341,1,qEHVI,0.0,0.2,0.6000000000000001,0.1,0.0,0.0,0.1
49,3,3,2,False,0.006673090095144108,0.03639952577913341,2,qEHVI,0.0,0.05,0.65,0.05,0.0,0.15000000000000002,0.1
49,3,3,2,False,0.006673090095144108,0.03639952577913341,3,qUCB,0.05,0.0,0.35000000000000003,0.1,0.1,0.4,0.0
49,3,3,2,False,0.006673090095144108,0.03639952577913341,4,qUCB,0.35000000000000003,0.0,0.2,0.1,0.1,0.15000000000000002,0.1
49,4,2,3,False,0.004645091402637722,0.7544137400258037,0,qEHVI,0.1,0.2,0.6000000000000001,0.05,0.0,0.0,0.05
49,4,2,3,False,0.004645091402637722,0.7544137400258037,1,qEHVI,0.0,0.05,0.65,0.05,0.0,0.15000000000000002,0.1
49,4,2,3,False,0.004645091402637722,0.7544137400258037,2,qUCB,0.05,0.0,0.35000000000000003,0.1,0.1,0.4,0.0
49,4,2,3,False,0.004645091402637722,0.7544137400258037,3,qUCB,0.35000000000000003,0.0,0.2,0.1,0.1,0.15000000000000002,0.1
49,4,2,3,False,0.004645091402637722,0.7544137400258037,4,qUCB,0.35000000000000003,0.0,0.30000000000000004,0.1,0.1,0.05,0.1
49,5,1,4,False,0.002726078705960673,0.009974523512428668,0,qEHVI,0.1,0.2,0.6000000000000001,0.05,0.0,0.0,0.05
49,5,1,4,False,0.002726078705960673,0.009974523512428668,1,qUCB,0.0,0.0,0.30000000000000004,0.1,0.05,0.45,0.1
49,5,1,4,False,0.002726078705960673,0.009974523512428668,2,qUCB,0.35000000000000003,0.0,0.2,0.1,0.1,0.15000000000000002,0.1
49,5,1,4,False,0.002726078705960673,0.009974523512428668,3,qUCB,0.0,0.1,0.2,0.1,0.1,0.4,0.1
49,5,1,4,False,0.002726078705960673,0.009974523512428668,4,qUCB,0.0,0.5,0.2,0.1,0.1,0.1,0.0
49,6,0,5,False,0.003049789604049555,0.10595786614360314,0,qUCB,0.05,0.0,0.7000000000000001,0.1,0.0,0.05,0.1
49,6,0,5,False,0.003049789604049555,0.10595786614360314,1,qUCB,0.0,0.05,0.65,0.1,0.0,0.1,0.1
49,6,0,5,False,0.003049789604049555,0.10595786614360314,2,qUCB,0.0,0.0,0.7000000000000001,0.0,0.0,0.30000000000000004,0.0
49,6,0,5,False,0.003049789604049555,0.10595786614360314,3,qUCB,0.1,0.0,0.55,0.1,0.1,0.15000000000000002,0.0
49,6,0,5,False,0.003049789604049555,0.10595786614360314,4,qUCB,0.25,0.0,0.4,0.1,0.0,0.15000000000000002,0.1
50,1,5,0,False,0.007596430773246,0.17246658314374663,0,qEHVI,0.05,0.1,0.6000000000000001,0.1,0.0,0.05,0.1
50,1,5,0,False,0.007596430773246,0.17246658314374663,1,qEHVI,0.0,0.15000000000000002,0.65,0.1,0.0,0.0,0.1
50,1,5,0,False,0.007596430773246,0.17246658314374663,2,qEHVI,0.0,0.0,0.6000000000000001,0.1,0.0,0.25,0.05
50,1,5,0,False,0.007596430773246,0.17246658314374663,3,qEHVI,0.15000000000000002,0.0,0.7000000000000001,0.1,0.0,0.0,0.05
50,1,5,0,False,0.007596430773246,0.17246658314374663,4,qEHVI,0.05,0.05,0.6000000000000001,0.1,0.0,0.1,0.1
50,2,4,1,False,0.006191260962860201,0.14458509658612684,0,qEHVI,0.05,0.1,0.6000000000000001,0.1,0.0,0.05,0.1
50,2,4,1,False,0.006191260962860201,0.14458509658612684,1,qEHVI,0.0,0.15000000000000002,0.65,0.1,0.0,0.0,0.1
50,2,4,1,False,0.006191260962860201,0.14458509658612684,2,qEHVI,0.0,0.0,0.6000000000000001,0.1,0.0,0.25,0.05
50,2,4,1,False,0.006191260962860201,0.14458509658612684,3,qEHVI,0.15000000000000002,0.0,0.7000000000000001,0.1,0.0,0.0,0.05
50,2,4,1,False,0.006191260962860201,0.14458509658612684,4,qUCB,0.30000000000000004,0.45,0.2,0.0,0.0,0.05,0.0
50,3,3,2,True,0.00513835967671559,0.19013853682086612,0,qEHVI,0.05,0.1,0.6000000000000001,0.1,0.0,0.05,0.1
50,3,3,2,True,0.00513835967671559,0.19013853682086612,1,qEHVI,0.0,0.15000000000000002,0.65,0.1,0.0,0.0,0.1
50,3,3,2,True,0.00513835967671559,0.19013853682086612,2,qEHVI,0.0,0.0,0.6000000000000001,0.1,0.0,0.25,0.05
50,3,3,2,True,0.00513835967671559,0.19013853682086612,3,qUCB,0.30000000000000004,0.45,0.2,0.0,0.0,0.05,0.0
50,3,3,2,True,0.00513835967671559,0.19013853682086612,4,qUCB,0.35000000000000003,0.30000000000000004,0.30000000000000004,0.0,0.0,0.05,0.0
50,4,2,3,False,0.0034634426823598953,0.143751397301493,0,qEHVI,0.05,0.1,0.6000000000000001,0.1,0.0,0.05,0.1
50,4,2,3,False,0.0034634426823598953,0.143751397301493,1,qEHVI,0.0,0.15000000000000002,0.65,0.1,0.0,0.0,0.1
50,4,2,3,False,0.0034634426823598953,0.143751397301493,2,qUCB,0.30000000000000004,0.45,0.2,0.0,0.0,0.05,0.0
50,4,2,3,False,0.0034634426823598953,0.143751397301493,3,qUCB,0.35000000000000003,0.30000000000000004,0.30000000000000004,0.0,0.0,0.05,0.0
50,4,2,3,False,0.0034634426823598953,0.143751397301493,4,qUCB,0.2,0.5,0.2,0.0,0.0,0.1,0.0
50,5,1,4,False,0.001845999571479199,0.020533650306054696,0,qEHVI,0.05,0.1,0.6000000000000001,0.1,0.0,0.05,0.1
50,5,1,4,False,0.001845999571479199,0.020533650306054696,1,qUCB,0.30000000000000004,0.45,0.2,0.0,0.0,0.05,0.0
50,5,1,4,False,0.001845999571479199,0.020533650306054696,2,qUCB,0.35000000000000003,0.30000000000000004,0.30000000000000004,0.0,0.0,0.05,0.0
50,5,1,4,False,0.001845999571479199,0.020533650306054696,3,qUCB,0.2,0.5,0.2,0.0,0.0,0.1,0.0
50,5,1,4,False,0.001845999571479199,0.020533650306054696,4,qUCB,0.0,0.5,0.2,0.1,0.1,0.1,0.0
50,6,0,5,False,0.0022375810331852312,0.7671006279072303,0,qUCB,0.0,0.05,0.7000000000000001,0.05,0.0,0.1,0.1
50,6,0,5,False,0.0022375810331852312,0.7671006279072303,1,qUCB,0.0,0.2,0.5,0.1,0.1,0.0,0.1
50,6,0,5,False,0.0022375810331852312,0.7671006279072303,2,qUCB,0.25,0.0,0.4,0.1,0.0,0.15000000000000002,0.1
50,6,0,5,False,0.0022375810331852312,0.7671006279072303,3,qUCB,0.0,0.0,0.6000000000000001,0.1,0.0,0.25,0.05
50,6,0,5,False,0.0022375810331852312,0.7671006279072303,4,qUCB,0.2,0.0,0.5,0.1,0.1,0.0,0.1
51,1,5,0,False,0.006810431427540402,0.11507481603830882,0,qEHVI,0.0,0.05,0.65,0.1,0.0,0.1,0.1
51,1,5,0,False,0.006810431427540402,0.11507481603830882,1,qEHVI,0.05,0.15000000000000002,0.65,0.1,0.0,0.0,0.05
51,1,5,0,False,0.006810431427540402,0.11507481603830882,2,qEHVI,0.1,0.1,0.6000000000000001,0.05,0.0,0.05,0.1
51,1,5,0,False,0.006810431427540402,0.11507481603830882,3,qEHVI,0.0,0.0,0.7000000000000001,0.05,0.0,0.2,0.05
51,1,5,0,False,0.006810431427540402,0.11507481603830882,4,qEHVI,0.05,0.05,0.6000000000000001,0.1,0.0,0.1,0.1
51,2,4,1,True,0.005691250321285892,0.1319931820014304,0,qEHVI,0.0,0.05,0.65,0.1,0.0,0.1,0.1
51,2,4,1,True,0.005691250321285892,0.1319931820014304,1,qEHVI,0.05,0.15000000000000002,0.65,0.1,0.0,0.0,0.05
51,2,4,1,True,0.005691250321285892,0.1319931820014304,2,qEHVI,0.1,0.1,0.6000000000000001,0.05,0.0,0.05,0.1
51,2,4,1,True,0.005691250321285892,0.1319931820014304,3,qEHVI,0.0,0.0,0.6000000000000001,0.05,0.0,0.25,0.1
51,2,4,1,True,0.005691250321285892,0.1319931820014304,4,qUCB,0.35000000000000003,0.4,0.2,0.0,0.0,0.05,0.0
51,3,3,2,False,0.00457792660074764,0.045731140701187556,0,qEHVI,0.0,0.05,0.65,0.1,0.0,0.1,0.1
51,3,3,2,False,0.00457792660074764,0.045731140701187556,1,qEHVI,0.05,0.15000000000000002,0.65,0.1,0.0,0.0,0.05
51,3,3,2,False,0.00457792660074764,0.045731140701187556,2,qEHVI,0.1,0.1,0.6000000000000001,0.05,0.0,0.05,0.1
51,3,3,2,False,0.00457792660074764,0.045731140701187556,3,qUCB,0.35000000000000003,0.4,0.2,0.0,0.0,0.05,0.0
51,3,3,2,False,0.00457792660074764,0.045731140701187556,4,qUCB,0.35000000000000003,0.15000000000000002,0.2,0.1,0.1,0.1,0.0
51,4,2,3,False,0.0033091050548143272,0.006904897071014382,0,qEHVI,0.0,0.05,0.65,0.1,0.0,0.1,0.1
51,4,2,3,False,0.0033091050548143272,0.006904897071014382,1,qEHVI,0.05,0.15000000000000002,0.65,0.1,0.0,0.0,0.05
51,4,2,3,False,0.0033091050548143272,0.006904897071014382,2,qUCB,0.35000000000000003,0.4,0.2,0.0,0.0,0.05,0.0
51,4,2,3,False,0.0033091050548143272,0.006904897071014382,3,qUCB,0.35000000000000003,0.0,0.35000000000000003,0.0,0.0,0.2,0.1
51,4,2,3,False,0.0033091050548143272,0.006904897071014382,4,qUCB,0.35000000000000003,0.0,0.2,0.0,0.1,0.25,0.1
51,5,1,4,False,0.001935605714849066,0.021782691091742912,0,qEHVI,0.0,0.05,0.65,0.1,0.0,0.1,0.1
51,5,1,4,False,0.001935605714849066,0.021782691091742912,1,qUCB,0.35000000000000003,0.4,0.2,0.0,0.0,0.05,0.0
51,5,1,4,False,0.001935605714849066,0.021782691091742912,2,qUCB,0.35000000000000003,0.15000000000000002,0.2,0.1,0.1,0.1,0.0
51,5,1,4,False,0.001935605714849066,0.021782691091742912,3,qUCB,0.2,0.5,0.2,0.0,0.0,0.1,0.0
51,5,1,4,False,0.001935605714849066,0.021782691091742912,4,qUCB,0.35000000000000003,0.0,0.2,0.0,0.1,0.35000000000000003,0.0
51,6,0,5,False,0.0024426324275525933,0.06432559647223757,0,qUCB,0.0,0.05,0.65,0.1,0.0,0.1,0.1
51,6,0,5,False,0.0024426324275525933,0.06432559647223757,1,qUCB,0.05,0.15000000000000002,0.5,0.1,0.1,0.0,0.1
51,6,0,5,False,0.0024426324275525933,0.06432559647223757,2,qUCB,0.30000000000000004,0.0,0.35000000000000003,0.1,0.0,0.15000000000000002,0.1
51,6,0,5,False,0.0024426324275525933,0.06432559647223757,3,qUCB,0.0,0.0,0.7000000000000001,0.0,0.0,0.30000000000000004,0.0
51,6,0,5,False,0.0024426324275525933,0.06432559647223757,4,qUCB,0.1,0.0,0.55,0.1,0.1,0.15000000000000002,0.0
52,1,5,0,False,0.016014096500888246,0.07304102446274507,0,qEHVI,0.25,0.05,0.4,0.1,0.0,0.1,0.1
52,1,5,0,False,0.016014096500888246,0.07304102446274507,1,qEHVI,0.15000000000000002,0.15000000000000002,0.4,0.1,0.1,0.0,0.1
52,1,5,0,False,0.016014096500888246,0.07304102446274507,2,qEHVI,0.25,0.2,0.4,0.05,0.0,0.0,0.1
52,1,5,0,False,0.016014096500888246,0.07304102446274507,3,qEHVI,0.25,0.05,0.4,0.1,0.1,0.0,0.1
52,1,5,0,False,0.016014096500888246,0.07304102446274507,4,qEHVI,0.1,0.1,0.4,0.1,0.1,0.1,0.1
52,2,4,1,True,0.02233047605181633,0.0661641007290319,0,qEHVI,0.25,0.05,0.4,0.1,0.0,0.1,0.1
52,2,4,1,True,0.02233047605181633,0.0661641007290319,1,qEHVI,0.25,0.2,0.4,0.05,0.0,0.0,0.1
52,2,4,1,True,0.02233047605181633,0.0661641007290319,2,qEHVI,0.15000000000000002,0.15000000000000002,0.4,0.1,0.1,0.0,0.1
52,2,4,1,True,0.02233047605181633,0.0661641007290319,3,qEHVI,0.15000000000000002,0.5,0.30000000000000004,0.05,0.0,0.0,0.0
52,2,4,1,True,0.02233047605181633,0.0661641007290319,4,qUCB,0.0,0.0,0.65,0.0,0.0,0.35000000000000003,0.0
52,3,3,2,False,0.0164489707983271,0.09277652269040859,0,qEHVI,0.25,0.05,0.4,0.1,0.0,0.1,0.1
52,3,3,2,False,0.0164489707983271,0.09277652269040859,1,qEHVI,0.25,0.2,0.4,0.05,0.0,0.0,0.1
52,3,3,2,False,0.0164489707983271,0.09277652269040859,2,qEHVI,0.25,0.25,0.5,0.0,0.0,0.0,0.0
52,3,3,2,False,0.0164489707983271,0.09277652269040859,3,qUCB,0.0,0.0,0.7000000000000001,0.1,0.1,0.1,0.0
52,3,3,2,False,0.0164489707983271,0.09277652269040859,4,qUCB,0.0,0.1,0.4,0.0,0.0,0.45,0.05
52,4,2,3,False,0.015586406937674862,0.23941871996914488,0,qEHVI,0.25,0.05,0.4,0.1,0.0,0.1,0.1
52,4,2,3,False,0.015586406937674862,0.23941871996914488,1,qEHVI,0.25,0.2,0.4,0.05,0.0,0.0,0.1
52,4,2,3,False,0.015586406937674862,0.23941871996914488,2,qUCB,0.0,0.0,0.65,0.0,0.0,0.35000000000000003,0.0
52,4,2,3,False,0.015586406937674862,0.23941871996914488,3,qUCB,0.0,0.0,0.65,0.0,0.1,0.25,0.0
52,4,2,3,False,0.015586406937674862,0.23941871996914488,4,qUCB,0.0,0.15000000000000002,0.4,0.0,0.0,0.45,0.0
52,5,1,4,False,0.010140365592055047,0.06804714476296647,0,qEHVI,0.25,0.05,0.4,0.1,0.0,0.1,0.1
52,5,1,4,False,0.010140365592055047,0.06804714476296647,1,qUCB,0.0,0.0,0.65,0.0,0.1,0.25,0.0
52,5,1,4,False,0.010140365592055047,0.06804714476296647,2,qUCB,0.0,0.5,0.5,0.0,0.0,0.0,0.0
52,5,1,4,False,0.010140365592055047,0.06804714476296647,3,qUCB,0.0,0.0,0.65,0.0,0.0,0.35000000000000003,0.0
52,5,1,4,False,0.010140365592055047,0.06804714476296647,4,qUCB,0.0,0.35000000000000003,0.55,0.0,0.1,0.0,0.0
52,6,0,5,False,0.012554321141932985,0.2553988385715589,0,qUCB,0.0,0.0,0.6000000000000001,0.0,0.0,0.30000000000000004,0.1
52,6,0,5,False,0.012554321141932985,0.2553988385715589,1,qUCB,0.25,0.05,0.4,0.1,0.0,0.1,0.1
52,6,0,5,False,0.012554321141932985,0.2553988385715589,2,qUCB,0.15000000000000002,0.15000000000000002,0.4,0.1,0.1,0.0,0.1
52,6,0,5,False,0.012554321141932985,0.2553988385715589,3,qUCB,0.0,0.2,0.4,0.0,0.0,0.30000000000000004,0.1
52,6,0,5,False,0.012554321141932985,0.2553988385715589,4,qUCB,0.2,0.0,0.35000000000000003,0.0,0.0,0.45,0.0
53,1,5,0,False,0.006212802564760349,0.06385012222519926,0,qEHVI,0.0,0.1,0.6000000000000001,0.05,0.0,0.15000000000000002,0.1
53,1,5,0,False,0.006212802564760349,0.06385012222519926,1,qEHVI,0.0,0.1,0.65,0.05,0.0,0.1,0.1
53,1,5,0,False,0.006212802564760349,0.06385012222519926,2,qEHVI,0.05,0.05,0.6000000000000001,0.1,0.0,0.1,0.1
53,1,5,0,False,0.006212802564760349,0.06385012222519926,3,qEHVI,0.05,0.2,0.6000000000000001,0.1,0.0,0.05,0.0
53,1,5,0,False,0.006212802564760349,0.06385012222519926,4,qEHVI,0.15000000000000002,0.0,0.7000000000000001,0.05,0.0,0.0,0.1
53,2,4,1,True,0.005257365956251667,0.06230306809866448,0,qEHVI,0.0,0.1,0.6000000000000001,0.05,0.0,0.15000000000000002,0.1
53,2,4,1,True,0.005257365956251667,0.06230306809866448,1,qEHVI,0.0,0.1,0.65,0.05,0.0,0.1,0.1
53,2,4,1,True,0.005257365956251667,0.06230306809866448,2,qEHVI,0.05,0.2,0.6000000000000001,0.1,0.0,0.05,0.0
53,2,4,1,True,0.005257365956251667,0.06230306809866448,3,qEHVI,0.05,0.05,0.6000000000000001,0.1,0.0,0.1,0.1
53,2,4,1,True,0.005257365956251667,0.06230306809866448,4,qUCB,0.35000000000000003,0.30000000000000004,0.30000000000000004,0.0,0.0,0.0,0.05
53,3,3,2,False,0.003975925935345852,0.04300106025627137,0,qEHVI,0.0,0.1,0.6000000000000001,0.05,0.0,0.15000000000000002,0.1
53,3,3,2,False,0.003975925935345852,0.04300106025627137,1,qEHVI,0.0,0.1,0.65,0.05,0.0,0.1,0.1
53,3,3,2,False,0.003975925935345852,0.04300106025627137,2,qEHVI,0.05,0.2,0.6000000000000001,0.1,0.0,0.05,0.0
53,3,3,2,False,0.003975925935345852,0.04300106025627137,3,qUCB,0.35000000000000003,0.15000000000000002,0.2,0.1,0.1,0.0,0.1
53,3,3,2,False,0.003975925935345852,0.04300106025627137,4,qUCB,0.35000000000000003,0.0,0.35000000000000003,0.1,0.1,0.0,0.1
53,4,2,3,False,0.0027968456339751103,0.036018877800224836,0,qEHVI,0.0,0.1,0.6000000000000001,0.05,0.0,0.15000000000000002,0.1
53,4,2,3,False,0.0027968456339751103,0.036018877800224836,1,qEHVI,0.0,0.1,0.65,0.05,0.0,0.1,0.1
53,4,2,3,False,0.0027968456339751103,0.036018877800224836,2,qUCB,0.30000000000000004,0.4,0.2,0.1,0.0,0.0,0.0
53,4,2,3,False,0.0027968456339751103,0.036018877800224836,3,qUCB,0.0,0.5,0.2,0.1,0.1,0.1,0.0
53,4,2,3,False,0.0027968456339751103,0.036018877800224836,4,qUCB,0.35000000000000003,0.15000000000000002,0.2,0.1,0.1,0.1,0.0
53,5,1,4,False,0.0019391327647892487,0.008767646653085048,0,qEHVI,0.0,0.1,0.6000000000000001,0.05,0.0,0.15000000000000002,0.1
53,5,1,4,False,0.0019391327647892487,0.008767646653085048,1,qUCB,0.30000000000000004,0.4,0.2,0.1,0.0,0.0,0.0
53,5,1,4,False,0.0019391327647892487,0.008767646653085048,2,qUCB,0.0,0.5,0.2,0.1,0.1,0.1,0.0
53,5,1,4,False,0.0019391327647892487,0.008767646653085048,3,qUCB,0.35000000000000003,0.15000000000000002,0.2,0.1,0.1,0.1,0.0
53,5,1,4,False,0.0019391327647892487,0.008767646653085048,4,qUCB,0.35000000000000003,0.0,0.35000000000000003,0.1,0.1,0.0,0.1
53,6,0,5,False,0.0009955287141462552,0.756790255748597,0,qUCB,0.0,0.05,0.7000000000000001,0.05,0.0,0.1,0.1
53,6,0,5,False,0.0009955287141462552,0.756790255748597,1,qUCB,0.0,0.15000000000000002,0.5,0.0,0.0,0.30000000000000004,0.05
53,6,0,5,False,0.0009955287141462552,0.756790255748597,2,qUCB,0.15000000000000002,0.0,0.6000000000000001,0.0,0.1,0.15000000000000002,0.0
53,6,0,5,False,0.0009955287141462552,0.756790255748597,3,qUCB,0.35000000000000003,0.1,0.35000000000000003,0.1,0.0,0.1,0.0
53,6,0,5,False,0.0009955287141462552,0.756790255748597,4,qUCB,0.35000000000000003,0.0,0.35000000000000003,0.1,0.1,0.0,0.1
54,1,5,0,False,0.015056856546003692,0.008755056934832028,0,qEHVI,0.30000000000000004,0.2,0.5,0.0,0.0,0.0,0.0
54,1,5,0,False,0.015056856546003692,0.008755056934832028,1,qEHVI,0.15000000000000002,0.35000000000000003,0.5,0.0,0.0,0.0,0.0
54,1,5,0,False,0.015056856546003692,0.008755056934832028,2,qEHVI,0.30000000000000004,0.15000000000000002,0.4,0.1,0.0,0.05,0.0
54,1,5,0,False,0.015056856546003692,0.008755056934832028,3,qEHVI,0.35000000000000003,0.1,0.5,0.0,0.0,0.05,0.0
54,1,5,0,False,0.015056856546003692,0.008755056934832028,4,qEHVI,0.0,0.5,0.5,0.0,0.0,0.0,0.0
54,2,4,1,False,0.012882120036931509,0.12550240809873436,0,qEHVI,0.30000000000000004,0.2,0.5,0.0,0.0,0.0,0.0
54,2,4,1,False,0.012882120036931509,0.12550240809873436,1,qEHVI,0.15000000000000002,0.35000000000000003,0.5,0.0,0.0,0.0,0.0
54,2,4,1,False,0.012882120036931509,0.12550240809873436,2,qEHVI,0.2,0.0,0.6000000000000001,0.1,0.0,0.05,0.05
54,2,4,1,False,0.012882120036931509,0.12550240809873436,3,qEHVI,0.30000000000000004,0.15000000000000002,0.4,0.1,0.0,0.05,0.0
54,2,4,1,False,0.012882120036931509,0.12550240809873436,4,qUCB,0.0,0.1,0.35000000000000003,0.0,0.0,0.45,0.1
54,3,3,2,True,0.011972396735899298,0.15614009554007835,0,qEHVI,0.30000000000000004,0.2,0.5,0.0,0.0,0.0,0.0
54,3,3,2,True,0.011972396735899298,0.15614009554007835,1,qEHVI,0.30000000000000004,0.15000000000000002,0.4,0.1,0.0,0.05,0.0
54,3,3,2,True,0.011972396735899298,0.15614009554007835,2,qEHVI,0.0,0.5,0.5,0.0,0.0,0.0,0.0
54,3,3,2,True,0.011972396735899298,0.15614009554007835,3,qUCB,0.0,0.0,0.5,0.05,0.1,0.25,0.1
54,3,3,2,True,0.011972396735899298,0.15614009554007835,4,qUCB,0.0,0.15000000000000002,0.4,0.05,0.0,0.30000000000000004,0.1
54,4,2,3,False,0.012219854755550328,0.010584144259376815,0,qEHVI,0.30000000000000004,0.2,0.5,0.0,0.0,0.0,0.0
54,4,2,3,False,0.012219854755550328,0.010584144259376815,1,qEHVI,0.15000000000000002,0.35000000000000003,0.5,0.0,0.0,0.0,0.0
54,4,2,3,False,0.012219854755550328,0.010584144259376815,2,qUCB,0.0,0.0,0.4,0.1,0.1,0.30000000000000004,0.1
54,4,2,3,False,0.012219854755550328,0.010584144259376815,3,qUCB,0.1,0.0,0.35000000000000003,0.1,0.0,0.45,0.0
54,4,2,3,False,0.012219854755550328,0.010584144259376815,4,qUCB,0.0,0.2,0.4,0.1,0.0,0.2,0.1
54,5,1,4,False,0.012064392839646538,0.014698492984713152,0,qEHVI,0.30000000000000004,0.2,0.5,0.0,0.0,0.0,0.0
54,5,1,4,False,0.012064392839646538,0.014698492984713152,1,qUCB,0.0,0.0,0.4,0.1,0.1,0.30000000000000004,0.1
54,5,1,4,False,0.012064392839646538,0.014698492984713152,2,qUCB,0.0,0.2,0.4,0.1,0.0,0.2,0.1
54,5,1,4,False,0.012064392839646538,0.014698492984713152,3,qUCB,0.0,0.15000000000000002,0.55,0.1,0.1,0.0,0.1
54,5,1,4,False,0.012064392839646538,0.014698492984713152,4,qUCB,0.0,0.05,0.4,0.1,0.0,0.45,0.0
54,6,0,5,False,0.008136700711322754,0.008587264392345695,0,qUCB,0.0,0.15000000000000002,0.5,0.0,0.0,0.25,0.1
54,6,0,5,False,0.008136700711322754,0.008587264392345695,1,qUCB,0.0,0.15000000000000002,0.4,0.0,0.0,0.45,0.0
54,6,0,5,False,0.008136700711322754,0.008587264392345695,2,qUCB,0.0,0.2,0.4,0.1,0.0,0.2,0.1
54,6,0,5,False,0.008136700711322754,0.008587264392345695,3,qUCB,0.0,0.30000000000000004,0.4,0.0,0.0,0.30000000000000004,0.0
54,6,0,5,False,0.008136700711322754,0.008587264392345695,4,qUCB,0.2,0.0,0.30000000000000004,0.05,0.0,0.45,0.0
55,1,5,0,True,0.006608739669988354,0.04121655573688798,0,qEHVI,0.0,0.05,0.6000000000000001,0.1,0.0,0.15000000000000002,0.1
55,1,5,0,True,0.006608739669988354,0.04121655573688798,1,qEHVI,0.15000000000000002,0.0,0.7000000000000001,0.1,0.0,0.0,0.05
55,1,5,0,True,0.006608739669988354,0.04121655573688798,2,qEHVI,0.1,0.0,0.7000000000000001,0.05,0.0,0.05,0.1
55,1,5,0,True,0.006608739669988354,0.04121655573688798,3,qEHVI,0.05,0.0,0.7000000000000001,0.0,0.0,0.2,0.05
55,1,5,0,True,0.006608739669988354,0.04121655573688798,4,qEHVI,0.15000000000000002,0.05,0.7000000000000001,0.0,0.0,0.0,0.1
55,2,4,1,False,0.0055690127775915544,0.2787220498110088,0,qEHVI,0.0,0.05,0.6000000000000001,0.1,0.0,0.15000000000000002,0.1
55,2,4,1,False,0.0055690127775915544,0.2787220498110088,1,qEHVI,0.15000000000000002,0.0,0.7000000000000001,0.1,0.0,0.0,0.05
55,2,4,1,False,0.0055690127775915544,0.2787220498110088,2,qEHVI,0.1,0.0,0.7000000000000001,0.05,0.0,0.05,0.1
55,2,4,1,False,0.0055690127775915544,0.2787220498110088,3,qEHVI,0.05,0.0,0.7000000000000001,0.0,0.0,0.2,0.05
55,2,4,1,False,0.0055690127775915544,0.2787220498110088,4,qUCB,0.25,0.5,0.2,0.05,0.0,0.0,0.0
55,3,3,2,False,0.004573351932513863,0.030471129339662895,0,qEHVI,0.0,0.05,0.6000000000000001,0.1,0.0,0.15000000000000002,0.1
55,3,3,2,False,0.004573351932513863,0.030471129339662895,1,qEHVI,0.15000000000000002,0.0,0.7000000000000001,0.1,0.0,0.0,0.05
55,3,3,2,False,0.004573351932513863,0.030471129339662895,2,qEHVI,0.1,0.0,0.7000000000000001,0.05,0.0,0.05,0.1
55,3,3,2,False,0.004573351932513863,0.030471129339662895,3,qUCB,0.2,0.5,0.2,0.0,0.0,0.1,0.0
55,3,3,2,False,0.004573351932513863,0.030471129339662895,4,qUCB,0.25,0.5,0.2,0.05,0.0,0.0,0.0
55,4,2,3,False,0.003500478467381527,0.19223789493493193,0,qEHVI,0.0,0.05,0.6000000000000001,0.1,0.0,0.15000000000000002,0.1
55,4,2,3,False,0.003500478467381527,0.19223789493493193,1,qEHVI,0.15000000000000002,0.0,0.7000000000000001,0.1,0.0,0.0,0.05
55,4,2,3,False,0.003500478467381527,0.19223789493493193,2,qUCB,0.25,0.5,0.2,0.0,0.0,0.0,0.05
55,4,2,3,False,0.003500478467381527,0.19223789493493193,3,qUCB,0.2,0.5,0.2,0.0,0.0,0.1,0.0
55,4,2,3,False,0.003500478467381527,0.19223789493493193,4,qUCB,0.25,0.45,0.2,0.0,0.0,0.05,0.05
55,5,1,4,False,0.0019511366414851632,0.0029899435960665244,0,qEHVI,0.0,0.05,0.6000000000000001,0.1,0.0,0.15000000000000002,0.1
55,5,1,4,False,0.0019511366414851632,0.0029899435960665244,1,qUCB,0.25,0.5,0.2,0.05,0.0,0.0,0.0
55,5,1,4,False,0.0019511366414851632,0.0029899435960665244,2,qUCB,0.2,0.5,0.2,0.0,0.0,0.1,0.0
55,5,1,4,False,0.0019511366414851632,0.0029899435960665244,3,qUCB,0.35000000000000003,0.35000000000000003,0.2,0.0,0.0,0.1,0.0
55,5,1,4,False,0.0019511366414851632,0.0029899435960665244,4,qUCB,0.25,0.0,0.65,0.0,0.1,0.0,0.0
55,6,0,5,False,0.0011320571571881745,0.02607795269047397,0,qUCB,0.0,0.05,0.7000000000000001,0.05,0.0,0.1,0.1
55,6,0,5,False,0.0011320571571881745,0.02607795269047397,1,qUCB,0.1,0.0,0.5,0.1,0.1,0.2,0.0
55,6,0,5,False,0.0011320571571881745,0.02607795269047397,2,qUCB,0.05,0.0,0.65,0.0,0.0,0.25,0.05
55,6,0,5,False,0.0011320571571881745,0.02607795269047397,3,qUCB,0.0,0.2,0.7000000000000001,0.0,0.0,0.0,0.1
55,6,0,5,False,0.0011320571571881745,0.02607795269047397,4,qUCB,0.1,0.0,0.6000000000000001,0.1,0.1,0.1,0.0
