iteration,option,n_opt,n_exp,selected,full_qehvi,full_entropy,point_idx,source,x_0,x_1,x_2,x_3,x_4,x_5,x_6,x_7,x_8,x_9,x_10,x_11,x_12,x_13,x_14
1,1,5,0,False,0.6847975475453233,0.17540347596429662,0,qEHVI,0.6,0.02,0.32,0.02,0.0,0.0,0.0,0.0,0.0,0.0,0.0,0.0,0.0,0.04,0.0
1,1,5,0,False,0.6847975475453233,0.17540347596429662,1,qEHVI,0.58,0.04,0.28,0.04,0.04,0.0,0.0,0.0,0.0,0.0,0.0,0.0,0.0,0.02,0.0
1,1,5,0,False,0.6847975475453233,0.17540347596429662,2,qEHVI,0.72,0.08,0.14,0.0,0.02,0.0,0.0,0.0,0.0,0.0,0.0,0.0,0.0,0.04,0.0
1,1,5,0,False,0.6847975475453233,0.17540347596429662,3,qEHVI,0.3,0.34,0.26,0.02,0.02,0.0,0.0,0.0,0.0,0.0,0.0,0.0,0.0,0.04,0.02
1,1,5,0,False,0.6847975475453233,0.17540347596429662,4,qEHVI,0.1,0.4,0.42,0.04,0.0,0.0,0.0,0.0,0.0,0.0,0.0,0.0,0.0,0.04,0.0
1,2,4,1,False,0.6413613233103644,0.29972164849888117,0,qEHVI,0.6,0.02,0.32,0.02,0.0,0.0,0.0,0.0,0.0,0.0,0.0,0.0,0.0,0.04,0.0
1,2,4,1,False,0.6413613233103644,0.29972164849888117,1,qEHVI,0.58,0.04,0.28,0.04,0.04,0.0,0.0,0.0,0.0,0.0,0.0,0.0,0.0,0.02,0.0
1,2,4,1,False,0.6413613233103644,0.29972164849888117,2,qEHVI,0.72,0.08,0.14,0.0,0.02,0.0,0.0,0.0,0.0,0.0,0.0,0.0,0.0,0.04,0.0
1,2,4,1,False,0.6413613233103644,0.29972164849888117,3,qEHVI,0.1,0.4,0.42,0.04,0.0,0.0,0.0,0.0,0.0,0.0,0.0,0.0,0.0,0.04,0.0
1,2,4,1,False,0.6413613233103644,0.29972164849888117,4,qUCB,0.02,0.76,0.12,0.0,0.0,0.0,0.0,0.0,0.04,0.0,0.0,0.04,0.0,0.0,0.02
1,3,3,2,False,0.6119268492970779,0.5175980664204491,0,qEHVI,0.6,0.02,0.32,0.02,0.0,0.0,0.0,0.0,0.0,0.0,0.0,0.0,0.0,0.04,0.0
1,3,3,2,False,0.6119268492970779,0.5175980664204491,1,qEHVI,0.58,0.04,0.28,0.04,0.04,0.0,0.0,0.0,0.0,0.0,0.0,0.0,0.0,0.02,0.0
1,3,3,2,False,0.6119268492970779,0.5175980664204491,2,qEHVI,0.62,0.1,0.18,0.02,0.04,0.0,0.0,0.0,0.0,0.0,0.0,0.0,0.0,0.04,0.0
1,3,3,2,False,0.6119268492970779,0.5175980664204491,3,qUCB,0.02,0.76,0.12,0.0,0.0,0.0,0.0,0.0,0.04,0.0,0.0,0.04,0.0,0.0,0.02
1,3,3,2,False,0.6119268492970779,0.5175980664204491,4,qUCB,0.1,0.74,0.06,0.0,0.0,0.0,0.0,0.0,0.04,0.0,0.0,0.02,0.0,0.0,0.04
1,4,2,3,False,0.6061128955039798,0.3828753923144532,0,qEHVI,0.6,0.02,0.32,0.02,0.0,0.0,0.0,0.0,0.0,0.0,0.0,0.0,0.0,0.04,0.0
1,4,2,3,False,0.6061128955039798,0.3828753923144532,1,qEHVI,0.58,0.04,0.28,0.04,0.04,0.0,0.0,0.0,0.0,0.0,0.0,0.0,0.0,0.02,0.0
1,4,2,3,False,0.6061128955039798,0.3828753923144532,2,qUCB,0.02,0.76,0.12,0.0,0.0,0.0,0.0,0.0,0.04,0.0,0.0,0.04,0.0,0.0,0.02
1,4,2,3,False,0.6061128955039798,0.3828753923144532,3,qUCB,0.12,0.78,0.0,0.0,0.02,0.0,0.0,0.0,0.04,0.0,0.0,0.0,0.0,0.0,0.04
1,4,2,3,False,0.6061128955039798,0.3828753923144532,4,qUCB,0.08,0.36,0.46,0.0,0.0,0.0,0.0,0.0,0.04,0.0,0.0,0.04,0.0,0.0,0.02
1,5,1,4,False,0.48452406497920175,0.19461531194058956,0,qEHVI,0.6,0.02,0.32,0.02,0.0,0.0,0.0,0.0,0.0,0.0,0.0,0.0,0.0,0.04,0.0
1,5,1,4,False,0.48452406497920175,0.19461531194058956,1,qUCB,0.02,0.76,0.12,0.0,0.0,0.0,0.0,0.0,0.04,0.0,0.0,0.04,0.0,0.0,0.02
1,5,1,4,False,0.48452406497920175,0.19461531194058956,2,qUCB,0.12,0.78,0.0,0.0,0.02,0.0,0.0,0.0,0.04,0.0,0.0,0.0,0.0,0.0,0.04
1,5,1,4,False,0.48452406497920175,0.19461531194058956,3,qUCB,0.12,0.7000000000000001,0.08,0.0,0.04,0.0,0.0,0.0,0.0,0.0,0.0,0.04,0.0,0.0,0.02
1,5,1,4,False,0.48452406497920175,0.19461531194058956,4,qUCB,0.0,0.66,0.24,0.0,0.0,0.0,0.0,0.0,0.02,0.0,0.0,0.04,0.0,0.0,0.04
1,6,0,5,True,0.527502163409378,0.18496109570178199,0,qUCB,0.5,0.12,0.3,0.02,0.02,0.0,0.0,0.0,0.0,0.0,0.0,0.0,0.0,0.02,0.02
1,6,0,5,True,0.527502163409378,0.18496109570178199,1,qUCB,0.36,0.04,0.52,0.0,0.0,0.0,0.0,0.0,0.04,0.0,0.0,0.02,0.0,0.0,0.02
1,6,0,5,True,0.527502163409378,0.18496109570178199,2,qUCB,0.04,0.68,0.2,0.0,0.0,0.0,0.0,0.0,0.02,0.0,0.0,0.04,0.0,0.0,0.02
1,6,0,5,True,0.527502163409378,0.18496109570178199,3,qUCB,0.7000000000000001,0.1,0.1,0.0,0.04,0.0,0.0,0.0,0.02,0.0,0.0,0.02,0.0,0.0,0.02
1,6,0,5,True,0.527502163409378,0.18496109570178199,4,qUCB,0.02,0.78,0.12,0.0,0.04,0.0,0.0,0.0,0.0,0.0,0.0,0.0,0.0,0.02,0.02
2,1,5,0,False,2.471677637130451,0.8426460210568907,0,qEHVI,0.52,0.18,0.2,0.0,0.02,0.0,0.0,0.0,0.02,0.0,0.0,0.04,0.0,0.0,0.02
2,1,5,0,False,2.471677637130451,0.8426460210568907,1,qEHVI,0.5,0.32,0.08,0.0,0.04,0.0,0.0,0.0,0.02,0.0,0.0,0.0,0.0,0.0,0.04
2,1,5,0,False,2.471677637130451,0.8426460210568907,2,qEHVI,0.54,0.2,0.16,0.0,0.04,0.0,0.0,0.0,0.04,0.0,0.0,0.0,0.0,0.0,0.02
2,1,5,0,False,2.471677637130451,0.8426460210568907,3,qEHVI,0.5,0.22,0.18,0.0,0.04,0.0,0.0,0.0,0.02,0.0,0.0,0.04,0.0,0.0,0.0
2,1,5,0,False,2.471677637130451,0.8426460210568907,4,qEHVI,0.42,0.34,0.16,0.0,0.0,0.0,0.0,0.0,0.0,0.0,0.0,0.04,0.0,0.0,0.04
2,2,4,1,False,2.4116660870824074,0.9389902132204524,0,qEHVI,0.52,0.18,0.2,0.0,0.02,0.0,0.0,0.0,0.02,0.0,0.0,0.04,0.0,0.0,0.02
2,2,4,1,False,2.4116660870824074,0.9389902132204524,1,qEHVI,0.5,0.32,0.08,0.0,0.04,0.0,0.0,0.0,0.02,0.0,0.0,0.0,0.0,0.0,0.04
2,2,4,1,False,2.4116660870824074,0.9389902132204524,2,qEHVI,0.54,0.2,0.16,0.0,0.04,0.0,0.0,0.0,0.04,0.0,0.0,0.0,0.0,0.0,0.02
2,2,4,1,False,2.4116660870824074,0.9389902132204524,3,qEHVI,0.4,0.28,0.24,0.0,0.02,0.0,0.0,0.0,0.0,0.0,0.0,0.04,0.0,0.0,0.02
2,2,4,1,False,2.4116660870824074,0.9389902132204524,4,qUCB,0.62,0.22,0.06,0.04,0.0,0.0,0.0,0.0,0.02,0.0,0.0,0.0,0.0,0.04,0.0
2,3,3,2,False,2.282038153607591,0.7909230189380683,0,qEHVI,0.48,0.22,0.22,0.0,0.0,0.0,0.0,0.0,0.02,0.0,0.0,0.02,0.0,0.0,0.04
2,3,3,2,False,2.282038153607591,0.7909230189380683,1,qEHVI,0.5,0.22,0.18,0.0,0.04,0.0,0.0,0.0,0.02,0.0,0.0,0.04,0.0,0.0,0.0
2,3,3,2,False,2.282038153607591,0.7909230189380683,2,qEHVI,0.5,0.32,0.08,0.0,0.04,0.0,0.0,0.0,0.02,0.0,0.0,0.0,0.0,0.0,0.04
2,3,3,2,False,2.282038153607591,0.7909230189380683,3,qUCB,0.62,0.22,0.06,0.04,0.0,0.0,0.0,0.0,0.02,0.0,0.0,0.0,0.0,0.04,0.0
2,3,3,2,False,2.282038153607591,0.7909230189380683,4,qUCB,0.86,0.04,0.0,0.04,0.02,0.0,0.0,0.0,0.0,0.0,0.0,0.0,0.0,0.04,0.0
2,4,2,3,False,2.1240648303467307,0.7727219083564929,0,qEHVI,0.52,0.18,0.2,0.0,0.02,0.0,0.0,0.0,0.02,0.0,0.0,0.04,0.0,0.0,0.02
2,4,2,3,False,2.1240648303467307,0.7727219083564929,1,qEHVI,0.5,0.32,0.08,0.0,0.04,0.0,0.0,0.0,0.02,0.0,0.0,0.0,0.0,0.0,0.04
2,4,2,3,False,2.1240648303467307,0.7727219083564929,2,qUCB,0.62,0.22,0.06,0.04,0.0,0.0,0.0,0.0,0.02,0.0,0.0,0.0,0.0,0.04,0.0
2,4,2,3,False,2.1240648303467307,0.7727219083564929,3,qUCB,0.52,0.26,0.12,0.02,0.0,0.0,0.0,0.0,0.04,0.0,0.0,0.0,0.0,0.04,0.0
2,4,2,3,False,2.1240648303467307,0.7727219083564929,4,qUCB,0.88,0.02,0.0,0.04,0.0,0.0,0.0,0.0,0.04,0.0,0.0,0.0,0.0,0.02,0.0
2,5,1,4,False,1.8193957729159609,0.46087560370998304,0,qEHVI,0.52,0.18,0.2,0.0,0.02,0.0,0.0,0.0,0.02,0.0,0.0,0.04,0.0,0.0,0.02
2,5,1,4,False,1.8193957729159609,0.46087560370998304,1,qUCB,0.62,0.22,0.06,0.04,0.0,0.0,0.0,0.0,0.02,0.0,0.0,0.0,0.0,0.04,0.0
2,5,1,4,False,1.8193957729159609,0.46087560370998304,2,qUCB,0.62,0.28,0.0,0.02,0.0,0.0,0.0,0.0,0.0,0.0,0.0,0.0,0.0,0.04,0.04
2,5,1,4,False,1.8193957729159609,0.46087560370998304,3,qUCB,0.88,0.02,0.0,0.04,0.0,0.0,0.0,0.0,0.04,0.0,0.0,0.0,0.0,0.02,0.0
2,5,1,4,False,1.8193957729159609,0.46087560370998304,4,qUCB,0.52,0.26,0.12,0.02,0.0,0.0,0.0,0.0,0.04,0.0,0.0,0.0,0.0,0.04,0.0
2,6,0,5,True,2.032055524523734,0.7010387677456187,0,qUCB,0.5,0.3,0.1,0.0,0.0,0.0,0.0,0.0,0.02,0.0,0.0,0.02,0.0,0.02,0.04
2,6,0,5,True,2.032055524523734,0.7010387677456187,1,qUCB,0.58,0.24,0.08,0.0,0.02,0.0,0.0,0.0,0.04,0.0,0.0,0.0,0.0,0.04,0.0
2,6,0,5,True,2.032055524523734,0.7010387677456187,2,qUCB,0.6,0.3,0.0,0.0,0.04,0.0,0.0,0.0,0.0,0.0,0.0,0.04,0.0,0.0,0.02
2,6,0,5,True,2.032055524523734,0.7010387677456187,3,qUCB,0.54,0.24,0.12,0.02,0.0,0.0,0.0,0.0,0.04,0.0,0.0,0.0,0.0,0.0,0.04
2,6,0,5,True,2.032055524523734,0.7010387677456187,4,qUCB,0.66,0.18,0.06,0.04,0.02,0.0,0.0,0.0,0.0,0.0,0.0,0.04,0.0,0.0,0.0
3,1,5,0,False,2.3059755385940828,0.3243419986861671,0,qEHVI,0.5,0.18,0.24,0.0,0.04,0.0,0.0,0.0,0.0,0.0,0.0,0.02,0.0,0.0,0.02
3,1,5,0,False,2.3059755385940828,0.3243419986861671,1,qEHVI,0.34,0.36,0.2,0.0,0.04,0.0,0.0,0.0,0.0,0.0,0.0,0.0,0.0,0.02,0.04
3,1,5,0,False,2.3059755385940828,0.3243419986861671,2,qEHVI,0.5,0.28,0.16,0.0,0.04,0.0,0.0,0.0,0.0,0.0,0.0,0.0,0.0,0.0,0.02
3,1,5,0,False,2.3059755385940828,0.3243419986861671,3,qEHVI,0.62,0.2,0.12,0.02,0.02,0.0,0.0,0.0,0.0,0.0,0.0,0.02,0.0,0.0,0.0
3,1,5,0,False,2.3059755385940828,0.3243419986861671,4,qEHVI,0.5,0.1,0.32,0.0,0.04,0.0,0.0,0.0,0.0,0.0,0.0,0.02,0.0,0.0,0.02
3,2,4,1,False,2.214346293927852,0.8708893230536936,0,qEHVI,0.5,0.18,0.24,0.0,0.04,0.0,0.0,0.0,0.0,0.0,0.0,0.02,0.0,0.0,0.02
3,2,4,1,False,2.214346293927852,0.8708893230536936,1,qEHVI,0.34,0.36,0.2,0.0,0.04,0.0,0.0,0.0,0.0,0.0,0.0,0.0,0.0,0.02,0.04
3,2,4,1,False,2.214346293927852,0.8708893230536936,2,qEHVI,0.5,0.28,0.16,0.0,0.04,0.0,0.0,0.0,0.0,0.0,0.0,0.0,0.0,0.0,0.02
3,2,4,1,False,2.214346293927852,0.8708893230536936,3,qEHVI,0.76,0.02,0.12,0.02,0.04,0.0,0.0,0.0,0.0,0.0,0.0,0.04,0.0,0.0,0.0
3,2,4,1,False,2.214346293927852,0.8708893230536936,4,qUCB,0.6,0.06,0.24,0.04,0.0,0.0,0.0,0.0,0.04,0.0,0.0,0.0,0.0,0.02,0.0
3,3,3,2,False,1.966057906077333,0.31249838542197583,0,qEHVI,0.5,0.18,0.24,0.0,0.04,0.0,0.0,0.0,0.0,0.0,0.0,0.02,0.0,0.0,0.02
3,3,3,2,False,1.966057906077333,0.31249838542197583,1,qEHVI,0.34,0.36,0.2,0.0,0.04,0.0,0.0,0.0,0.0,0.0,0.0,0.0,0.0,0.02,0.04
3,3,3,2,False,1.966057906077333,0.31249838542197583,2,qEHVI,0.5,0.28,0.16,0.0,0.04,0.0,0.0,0.0,0.0,0.0,0.0,0.0,0.0,0.0,0.02
3,3,3,2,False,1.966057906077333,0.31249838542197583,3,qUCB,0.7000000000000001,0.0,0.2,0.04,0.0,0.0,0.0,0.0,0.02,0.0,0.0,0.0,0.0,0.04,0.0
3,3,3,2,False,1.966057906077333,0.31249838542197583,4,qUCB,0.1,0.02,0.78,0.04,0.0,0.0,0.0,0.0,0.04,0.0,0.0,0.0,0.0,0.02,0.0
3,4,2,3,False,1.8443369621761494,0.36490303804420776,0,qEHVI,0.5,0.18,0.24,0.0,0.04,0.0,0.0,0.0,0.0,0.0,0.0,0.02,0.0,0.0,0.02
3,4,2,3,False,1.8443369621761494,0.36490303804420776,1,qEHVI,0.34,0.36,0.2,0.0,0.04,0.0,0.0,0.0,0.0,0.0,0.0,0.0,0.0,0.02,0.04
3,4,2,3,False,1.8443369621761494,0.36490303804420776,2,qUCB,0.7000000000000001,0.0,0.2,0.04,0.0,0.0,0.0,0.0,0.02,0.0,0.0,0.0,0.0,0.04,0.0
3,4,2,3,False,1.8443369621761494,0.36490303804420776,3,qUCB,0.1,0.02,0.78,0.04,0.0,0.0,0.0,0.0,0.04,0.0,0.0,0.0,0.0,0.02,0.0
3,4,2,3,False,1.8443369621761494,0.36490303804420776,4,qUCB,0.88,0.02,0.02,0.02,0.0,0.0,0.0,0.0,0.04,0.0,0.0,0.0,0.0,0.02,0.0
3,5,1,4,False,1.6130668147470857,0.44948724376383,0,qEHVI,0.5,0.18,0.24,0.0,0.04,0.0,0.0,0.0,0.0,0.0,0.0,0.02,0.0,0.0,0.02
3,5,1,4,False,1.6130668147470857,0.44948724376383,1,qUCB,0.7000000000000001,0.0,0.2,0.04,0.0,0.0,0.0,0.0,0.02,0.0,0.0,0.0,0.0,0.04,0.0
3,5,1,4,False,1.6130668147470857,0.44948724376383,2,qUCB,0.1,0.02,0.78,0.04,0.0,0.0,0.0,0.0,0.04,0.0,0.0,0.0,0.0,0.02,0.0
3,5,1,4,False,1.6130668147470857,0.44948724376383,3,qUCB,0.86,0.06,0.0,0.04,0.0,0.0,0.0,0.0,0.04,0.0,0.0,0.0,0.0,0.0,0.0
3,5,1,4,False,1.6130668147470857,0.44948724376383,4,qUCB,0.0,0.0,0.9,0.04,0.0,0.0,0.0,0.0,0.04,0.0,0.0,0.0,0.0,0.0,0.02
3,6,0,5,True,0.9597489111998787,0.20441088256569984,0,qUCB,0.8200000000000001,0.04,0.04,0.02,0.04,0.0,0.0,0.0,0.0,0.0,0.0,0.04,0.0,0.0,0.0
3,6,0,5,True,0.9597489111998787,0.20441088256569984,1,qUCB,0.56,0.0,0.34,0.04,0.0,0.0,0.0,0.0,0.04,0.0,0.0,0.02,0.0,0.0,0.0
3,6,0,5,True,0.9597489111998787,0.20441088256569984,2,qUCB,0.0,0.14,0.78,0.04,0.0,0.0,0.0,0.0,0.0,0.0,0.0,0.0,0.0,0.0,0.04
3,6,0,5,True,0.9597489111998787,0.20441088256569984,3,qUCB,0.18,0.0,0.72,0.04,0.04,0.0,0.0,0.0,0.0,0.0,0.0,0.02,0.0,0.0,0.0
3,6,0,5,True,0.9597489111998787,0.20441088256569984,4,qUCB,0.0,0.4,0.52,0.0,0.04,0.0,0.0,0.0,0.0,0.0,0.0,0.0,0.0,0.0,0.04
4,1,5,0,False,9.831136565251871,0.40058613798526577,0,qEHVI,0.56,0.06,0.28,0.04,0.02,0.0,0.0,0.0,0.0,0.0,0.0,0.04,0.0,0.0,0.0
4,1,5,0,False,9.831136565251871,0.40058613798526577,1,qEHVI,0.44,0.22,0.24,0.0,0.02,0.0,0.0,0.0,0.02,0.0,0.0,0.04,0.0,0.02,0.0
4,1,5,0,False,9.831136565251871,0.40058613798526577,2,qEHVI,0.4,0.08,0.42,0.02,0.02,0.0,0.0,0.0,0.02,0.0,0.0,0.04,0.0,0.0,0.0
4,1,5,0,False,9.831136565251871,0.40058613798526577,3,qEHVI,0.52,0.2,0.18,0.02,0.0,0.0,0.0,0.0,0.0,0.0,0.0,0.04,0.0,0.04,0.0
4,1,5,0,False,9.831136565251871,0.40058613798526577,4,qEHVI,0.52,0.22,0.16,0.0,0.02,0.0,0.0,0.0,0.0,0.0,0.0,0.04,0.0,0.04,0.0
4,2,4,1,False,9.246575390121636,1.508532190332529,0,qEHVI,0.56,0.06,0.28,0.04,0.02,0.0,0.0,0.0,0.0,0.0,0.0,0.04,0.0,0.0,0.0
4,2,4,1,False,9.246575390121636,1.508532190332529,1,qEHVI,0.44,0.22,0.24,0.0,0.02,0.0,0.0,0.0,0.02,0.0,0.0,0.04,0.0,0.02,0.0
4,2,4,1,False,9.246575390121636,1.508532190332529,2,qEHVI,0.4,0.08,0.42,0.02,0.02,0.0,0.0,0.0,0.02,0.0,0.0,0.04,0.0,0.0,0.0
4,2,4,1,False,9.246575390121636,1.508532190332529,3,qEHVI,0.52,0.2,0.18,0.02,0.0,0.0,0.0,0.0,0.0,0.0,0.0,0.04,0.0,0.04,0.0
4,2,4,1,False,9.246575390121636,1.508532190332529,4,qUCB,0.48,0.44,0.0,0.0,0.04,0.0,0.0,0.0,0.0,0.0,0.0,0.0,0.0,0.0,0.04
4,3,3,2,False,8.030700075786626,1.2552230923607501,0,qEHVI,0.56,0.06,0.28,0.04,0.02,0.0,0.0,0.0,0.0,0.0,0.0,0.04,0.0,0.0,0.0
4,3,3,2,False,8.030700075786626,1.2552230923607501,1,qEHVI,0.44,0.22,0.24,0.0,0.02,0.0,0.0,0.0,0.02,0.0,0.0,0.04,0.0,0.02,0.0
4,3,3,2,False,8.030700075786626,1.2552230923607501,2,qEHVI,0.4,0.08,0.42,0.02,0.02,0.0,0.0,0.0,0.02,0.0,0.0,0.04,0.0,0.0,0.0
4,3,3,2,False,8.030700075786626,1.2552230923607501,3,qUCB,0.48,0.44,0.0,0.0,0.04,0.0,0.0,0.0,0.0,0.0,0.0,0.0,0.0,0.0,0.04
4,3,3,2,False,8.030700075786626,1.2552230923607501,4,qUCB,0.88,0.02,0.0,0.0,0.02,0.0,0.0,0.0,0.0,0.0,0.0,0.0,0.0,0.04,0.04
4,4,2,3,False,6.560121798909545,0.7175400943287817,0,qEHVI,0.56,0.06,0.28,0.04,0.02,0.0,0.0,0.0,0.0,0.0,0.0,0.04,0.0,0.0,0.0
4,4,2,3,False,6.560121798909545,0.7175400943287817,1,qEHVI,0.44,0.22,0.24,0.0,0.02,0.0,0.0,0.0,0.02,0.0,0.0,0.04,0.0,0.02,0.0
4,4,2,3,False,6.560121798909545,0.7175400943287817,2,qUCB,0.48,0.44,0.0,0.0,0.04,0.0,0.0,0.0,0.0,0.0,0.0,0.0,0.0,0.0,0.04
4,4,2,3,False,6.560121798909545,0.7175400943287817,3,qUCB,0.88,0.02,0.0,0.0,0.02,0.0,0.0,0.0,0.0,0.0,0.0,0.0,0.0,0.04,0.04
4,4,2,3,False,6.560121798909545,0.7175400943287817,4,qUCB,0.32,0.54,0.04,0.02,0.0,0.0,0.0,0.0,0.0,0.0,0.0,0.0,0.0,0.04,0.04
4,5,1,4,False,6.608146960615589,0.9773736901984744,0,qEHVI,0.56,0.06,0.28,0.04,0.02,0.0,0.0,0.0,0.0,0.0,0.0,0.04,0.0,0.0,0.0
4,5,1,4,False,6.608146960615589,0.9773736901984744,1,qUCB,0.34,0.4,0.16,0.0,0.02,0.0,0.0,0.0,0.0,0.0,0.0,0.0,0.0,0.04,0.04
4,5,1,4,False,6.608146960615589,0.9773736901984744,2,qUCB,0.08,0.84,0.0,0.0,0.0,0.0,0.0,0.0,0.04,0.0,0.0,0.0,0.0,0.04,0.0
4,5,1,4,False,6.608146960615589,0.9773736901984744,3,qUCB,0.8,0.0,0.1,0.0,0.0,0.0,0.0,0.0,0.04,0.0,0.0,0.04,0.0,0.02,0.0
4,5,1,4,False,6.608146960615589,0.9773736901984744,4,qUCB,0.5,0.08,0.32,0.0,0.0,0.0,0.0,0.0,0.0,0.0,0.0,0.04,0.0,0.04,0.02
4,6,0,5,True,7.843631887966265,1.6471250183320914,0,qUCB,0.52,0.16,0.22,0.0,0.02,0.0,0.0,0.0,0.0,0.0,0.0,0.04,0.0,0.04,0.0
4,6,0,5,True,7.843631887966265,1.6471250183320914,1,qUCB,0.8,0.0,0.1,0.0,0.0,0.0,0.0,0.0,0.04,0.0,0.0,0.04,0.0,0.02,0.0
4,6,0,5,True,7.843631887966265,1.6471250183320914,2,qUCB,0.56,0.02,0.32,0.0,0.04,0.0,0.0,0.0,0.0,0.0,0.0,0.04,0.0,0.0,0.02
4,6,0,5,True,7.843631887966265,1.6471250183320914,3,qUCB,0.2,0.26,0.44,0.04,0.0,0.0,0.0,0.0,0.0,0.0,0.0,0.04,0.0,0.02,0.0
4,6,0,5,True,7.843631887966265,1.6471250183320914,4,qUCB,0.72,0.06,0.14,0.0,0.0,0.0,0.0,0.0,0.0,0.0,0.0,0.04,0.0,0.04,0.0
5,1,5,0,False,9.964256130591886,0.3411260052999019,0,qEHVI,0.6,0.06,0.24,0.04,0.04,0.0,0.0,0.0,0.0,0.0,0.0,0.02,0.0,0.0,0.0
5,1,5,0,False,9.964256130591886,0.3411260052999019,1,qEHVI,0.56,0.2,0.18,0.0,0.04,0.0,0.0,0.0,0.0,0.0,0.0,0.02,0.0,0.0,0.0
5,1,5,0,False,9.964256130591886,0.3411260052999019,2,qEHVI,0.52,0.04,0.36,0.02,0.04,0.0,0.0,0.0,0.0,0.0,0.0,0.02,0.0,0.0,0.0
5,1,5,0,False,9.964256130591886,0.3411260052999019,3,qEHVI,0.44,0.34,0.16,0.0,0.04,0.0,0.0,0.0,0.0,0.0,0.0,0.0,0.0,0.02,0.0
5,1,5,0,False,9.964256130591886,0.3411260052999019,4,qEHVI,0.7000000000000001,0.1,0.12,0.04,0.04,0.0,0.0,0.0,0.0,0.0,0.0,0.0,0.0,0.0,0.0
5,2,4,1,False,9.241635477821173,0.9785385642174314,0,qEHVI,0.6,0.06,0.24,0.04,0.04,0.0,0.0,0.0,0.0,0.0,0.0,0.02,0.0,0.0,0.0
5,2,4,1,False,9.241635477821173,0.9785385642174314,1,qEHVI,0.56,0.2,0.18,0.0,0.04,0.0,0.0,0.0,0.0,0.0,0.0,0.02,0.0,0.0,0.0
5,2,4,1,False,9.241635477821173,0.9785385642174314,2,qEHVI,0.52,0.04,0.36,0.02,0.04,0.0,0.0,0.0,0.0,0.0,0.0,0.02,0.0,0.0,0.0
5,2,4,1,False,9.241635477821173,0.9785385642174314,3,qEHVI,0.44,0.34,0.16,0.0,0.04,0.0,0.0,0.0,0.0,0.0,0.0,0.0,0.0,0.02,0.0
5,2,4,1,False,9.241635477821173,0.9785385642174314,4,qUCB,0.34,0.54,0.02,0.02,0.0,0.0,0.0,0.0,0.0,0.0,0.0,0.04,0.0,0.04,0.0
5,3,3,2,False,8.334308008431611,0.7438127545361057,0,qEHVI,0.6,0.06,0.24,0.04,0.04,0.0,0.0,0.0,0.0,0.0,0.0,0.02,0.0,0.0,0.0
5,3,3,2,False,8.334308008431611,0.7438127545361057,1,qEHVI,0.56,0.2,0.18,0.0,0.04,0.0,0.0,0.0,0.0,0.0,0.0,0.02,0.0,0.0,0.0
5,3,3,2,False,8.334308008431611,0.7438127545361057,2,qEHVI,0.52,0.04,0.36,0.02,0.04,0.0,0.0,0.0,0.0,0.0,0.0,0.02,0.0,0.0,0.0
5,3,3,2,False,8.334308008431611,0.7438127545361057,3,qUCB,0.36,0.54,0.0,0.02,0.0,0.0,0.0,0.0,0.04,0.0,0.0,0.0,0.0,0.04,0.0
5,3,3,2,False,8.334308008431611,0.7438127545361057,4,qUCB,0.42,0.46,0.04,0.0,0.0,0.0,0.0,0.0,0.0,0.0,0.0,0.0,0.0,0.04,0.04
5,4,2,3,False,7.10142210952976,0.5364942164261013,0,qEHVI,0.6,0.06,0.24,0.04,0.04,0.0,0.0,0.0,0.0,0.0,0.0,0.02,0.0,0.0,0.0
5,4,2,3,False,7.10142210952976,0.5364942164261013,1,qEHVI,0.56,0.2,0.18,0.0,0.04,0.0,0.0,0.0,0.0,0.0,0.0,0.02,0.0,0.0,0.0
5,4,2,3,False,7.10142210952976,0.5364942164261013,2,qUCB,0.36,0.54,0.0,0.02,0.0,0.0,0.0,0.0,0.04,0.0,0.0,0.0,0.0,0.04,0.0
5,4,2,3,False,7.10142210952976,0.5364942164261013,3,qUCB,0.02,0.0,0.92,0.0,0.0,0.0,0.0,0.0,0.0,0.0,0.0,0.02,0.0,0.0,0.04
5,4,2,3,False,7.10142210952976,0.5364942164261013,4,qUCB,0.42,0.46,0.04,0.0,0.0,0.0,0.0,0.0,0.0,0.0,0.0,0.0,0.0,0.04,0.04
5,5,1,4,False,5.468739698364264,0.279620199869413,0,qEHVI,0.6,0.06,0.24,0.04,0.04,0.0,0.0,0.0,0.0,0.0,0.0,0.02,0.0,0.0,0.0
5,5,1,4,False,5.468739698364264,0.279620199869413,1,qUCB,0.42,0.46,0.04,0.0,0.0,0.0,0.0,0.0,0.0,0.0,0.0,0.0,0.0,0.04,0.04
5,5,1,4,False,5.468739698364264,0.279620199869413,2,qUCB,0.16,0.74,0.0,0.0,0.0,0.0,0.0,0.0,0.04,0.0,0.0,0.02,0.0,0.04,0.0
5,5,1,4,False,5.468739698364264,0.279620199869413,3,qUCB,0.02,0.0,0.92,0.0,0.0,0.0,0.0,0.0,0.0,0.0,0.0,0.02,0.0,0.0,0.04
5,5,1,4,False,5.468739698364264,0.279620199869413,4,qUCB,0.4,0.5,0.0,0.04,0.0,0.0,0.0,0.0,0.02,0.0,0.0,0.0,0.0,0.04,0.0
5,6,0,5,True,4.883448330483253,0.33590362196415313,0,qUCB,0.54,0.28,0.18,0.0,0.0,0.0,0.0,0.0,0.0,0.0,0.0,0.0,0.0,0.0,0.0
5,6,0,5,True,4.883448330483253,0.33590362196415313,1,qUCB,0.5,0.4,0.0,0.04,0.02,0.0,0.0,0.0,0.0,0.0,0.0,0.0,0.0,0.04,0.0
5,6,0,5,True,4.883448330483253,0.33590362196415313,2,qUCB,0.0,0.02,0.92,0.0,0.04,0.0,0.0,0.0,0.0,0.0,0.0,0.02,0.0,0.0,0.0
5,6,0,5,True,4.883448330483253,0.33590362196415313,3,qUCB,0.4,0.54,0.0,0.02,0.0,0.0,0.0,0.0,0.0,0.0,0.0,0.0,0.0,0.04,0.0
5,6,0,5,True,4.883448330483253,0.33590362196415313,4,qUCB,0.02,0.88,0.0,0.04,0.02,0.0,0.0,0.0,0.0,0.0,0.0,0.0,0.0,0.04,0.0
6,1,5,0,False,5.451375906247268,1.2994298008407092,0,qEHVI,0.42,0.0,0.48,0.0,0.04,0.0,0.0,0.0,0.02,0.0,0.0,0.0,0.0,0.0,0.04
6,1,5,0,False,5.451375906247268,1.2994298008407092,1,qEHVI,0.58,0.08,0.26,0.0,0.04,0.0,0.0,0.0,0.04,0.0,0.0,0.0,0.0,0.0,0.0
6,1,5,0,False,5.451375906247268,1.2994298008407092,2,qEHVI,0.58,0.0,0.34,0.0,0.04,0.0,0.0,0.0,0.04,0.0,0.0,0.0,0.0,0.0,0.0
6,1,5,0,False,5.451375906247268,1.2994298008407092,3,qEHVI,0.46,0.3,0.14,0.0,0.04,0.0,0.0,0.0,0.04,0.0,0.0,0.02,0.0,0.0,0.0
6,1,5,0,False,5.451375906247268,1.2994298008407092,4,qEHVI,0.4,0.02,0.48,0.04,0.04,0.0,0.0,0.0,0.02,0.0,0.0,0.0,0.0,0.0,0.0
6,2,4,1,False,5.078504913628987,1.1941851748059946,0,qEHVI,0.42,0.0,0.48,0.0,0.04,0.0,0.0,0.0,0.02,0.0,0.0,0.0,0.0,0.0,0.04
6,2,4,1,False,5.078504913628987,1.1941851748059946,1,qEHVI,0.58,0.08,0.26,0.0,0.04,0.0,0.0,0.0,0.04,0.0,0.0,0.0,0.0,0.0,0.0
6,2,4,1,False,5.078504913628987,1.1941851748059946,2,qEHVI,0.58,0.0,0.34,0.0,0.04,0.0,0.0,0.0,0.04,0.0,0.0,0.0,0.0,0.0,0.0
6,2,4,1,False,5.078504913628987,1.1941851748059946,3,qEHVI,0.46,0.3,0.14,0.0,0.04,0.0,0.0,0.0,0.04,0.0,0.0,0.02,0.0,0.0,0.0
6,2,4,1,False,5.078504913628987,1.1941851748059946,4,qUCB,0.44,0.02,0.44,0.04,0.0,0.0,0.0,0.0,0.0,0.0,0.0,0.04,0.0,0.0,0.02
6,3,3,2,False,4.730217360286304,1.2676156484408452,0,qEHVI,0.42,0.0,0.48,0.0,0.04,0.0,0.0,0.0,0.02,0.0,0.0,0.0,0.0,0.0,0.04
6,3,3,2,False,4.730217360286304,1.2676156484408452,1,qEHVI,0.58,0.08,0.26,0.0,0.04,0.0,0.0,0.0,0.04,0.0,0.0,0.0,0.0,0.0,0.0
6,3,3,2,False,4.730217360286304,1.2676156484408452,2,qEHVI,0.58,0.0,0.34,0.0,0.04,0.0,0.0,0.0,0.04,0.0,0.0,0.0,0.0,0.0,0.0
6,3,3,2,False,4.730217360286304,1.2676156484408452,3,qUCB,0.9,0.0,0.0,0.0,0.0,0.0,0.0,0.0,0.0,0.0,0.0,0.04,0.0,0.04,0.02
6,3,3,2,False,4.730217360286304,1.2676156484408452,4,qUCB,0.44,0.02,0.44,0.04,0.0,0.0,0.0,0.0,0.0,0.0,0.0,0.04,0.0,0.0,0.02
6,4,2,3,False,4.059311424005933,0.9761849483910296,0,qEHVI,0.42,0.0,0.48,0.0,0.04,0.0,0.0,0.0,0.02,0.0,0.0,0.0,0.0,0.0,0.04
6,4,2,3,False,4.059311424005933,0.9761849483910296,1,qEHVI,0.58,0.08,0.26,0.0,0.04,0.0,0.0,0.0,0.04,0.0,0.0,0.0,0.0,0.0,0.0
6,4,2,3,False,4.059311424005933,0.9761849483910296,2,qUCB,0.9,0.0,0.0,0.0,0.0,0.0,0.0,0.0,0.0,0.0,0.0,0.04,0.0,0.04,0.02
6,4,2,3,False,4.059311424005933,0.9761849483910296,3,qUCB,0.44,0.02,0.44,0.04,0.0,0.0,0.0,0.0,0.0,0.0,0.0,0.04,0.0,0.0,0.02
6,4,2,3,False,4.059311424005933,0.9761849483910296,4,qUCB,0.36,0.0,0.56,0.04,0.0,0.0,0.0,0.0,0.0,0.0,0.0,0.0,0.0,0.04,0.0
6,5,1,4,False,3.78071024805916,0.9625182670185595,0,qEHVI,0.42,0.0,0.48,0.0,0.04,0.0,0.0,0.0,0.02,0.0,0.0,0.0,0.0,0.0,0.04
6,5,1,4,False,3.78071024805916,0.9625182670185595,1,qUCB,0.46,0.02,0.42,0.04,0.0,0.0,0.0,0.0,0.02,0.0,0.0,0.04,0.0,0.0,0.0
6,5,1,4,False,3.78071024805916,0.9625182670185595,2,qUCB,0.9,0.0,0.0,0.0,0.0,0.0,0.0,0.0,0.0,0.0,0.0,0.04,0.0,0.04,0.02
6,5,1,4,False,3.78071024805916,0.9625182670185595,3,qUCB,0.42,0.0,0.5,0.04,0.0,0.0,0.0,0.0,0.04,0.0,0.0,0.0,0.0,0.0,0.0
6,5,1,4,False,3.78071024805916,0.9625182670185595,4,qUCB,0.52,0.02,0.36,0.02,0.0,0.0,0.0,0.0,0.04,0.0,0.0,0.04,0.0,0.0,0.0
6,6,0,5,True,4.263421137832569,0.7758605674537193,0,qUCB,0.58,0.0,0.34,0.0,0.04,0.0,0.0,0.0,0.04,0.0,0.0,0.0,0.0,0.0,0.0
6,6,0,5,True,4.263421137832569,0.7758605674537193,1,qUCB,0.52,0.0,0.38,0.04,0.04,0.0,0.0,0.0,0.02,0.0,0.0,0.0,0.0,0.0,0.0
6,6,0,5,True,4.263421137832569,0.7758605674537193,2,qUCB,0.42,0.08,0.4,0.02,0.04,0.0,0.0,0.0,0.04,0.0,0.0,0.0,0.0,0.0,0.0
6,6,0,5,True,4.263421137832569,0.7758605674537193,3,qUCB,0.42,0.0,0.48,0.0,0.04,0.0,0.0,0.0,0.02,0.0,0.0,0.0,0.0,0.0,0.04
6,6,0,5,True,4.263421137832569,0.7758605674537193,4,qUCB,0.86,0.04,0.0,0.0,0.04,0.0,0.0,0.0,0.0,0.0,0.0,0.0,0.0,0.04,0.02
7,1,5,0,False,4.862787814233228,0.9575518275538393,0,qEHVI,0.42,0.0,0.5,0.0,0.04,0.0,0.0,0.0,0.0,0.0,0.0,0.04,0.0,0.0,0.0
7,1,5,0,False,4.862787814233228,0.9575518275538393,1,qEHVI,0.64,0.0,0.26,0.0,0.02,0.0,0.0,0.0,0.04,0.0,0.0,0.0,0.0,0.0,0.04
7,1,5,0,False,4.862787814233228,0.9575518275538393,2,qEHVI,0.56,0.04,0.3,0.0,0.04,0.0,0.0,0.0,0.04,0.0,0.0,0.02,0.0,0.0,0.0
7,1,5,0,False,4.862787814233228,0.9575518275538393,3,qEHVI,0.4,0.0,0.5,0.04,0.0,0.0,0.0,0.0,0.04,0.0,0.0,0.02,0.0,0.0,0.0
7,1,5,0,False,4.862787814233228,0.9575518275538393,4,qEHVI,0.66,0.24,0.0,0.0,0.04,0.0,0.0,0.0,0.0,0.0,0.0,0.0,0.0,0.04,0.02
7,2,4,1,False,4.855062825701144,1.26912453056811,0,qEHVI,0.42,0.0,0.5,0.0,0.04,0.0,0.0,0.0,0.0,0.0,0.0,0.04,0.0,0.0,0.0
7,2,4,1,False,4.855062825701144,1.26912453056811,1,qEHVI,0.64,0.0,0.26,0.0,0.02,0.0,0.0,0.0,0.04,0.0,0.0,0.0,0.0,0.0,0.04
7,2,4,1,False,4.855062825701144,1.26912453056811,2,qEHVI,0.56,0.04,0.3,0.0,0.04,0.0,0.0,0.0,0.04,0.0,0.0,0.02,0.0,0.0,0.0
7,2,4,1,False,4.855062825701144,1.26912453056811,3,qEHVI,0.4,0.0,0.5,0.04,0.0,0.0,0.0,0.0,0.04,0.0,0.0,0.02,0.0,0.0,0.0
7,2,4,1,False,4.855062825701144,1.26912453056811,4,qUCB,0.66,0.24,0.0,0.0,0.04,0.0,0.0,0.0,0.0,0.0,0.0,0.0,0.0,0.04,0.02
7,3,3,2,False,4.298841196441179,1.0448543193800681,0,qEHVI,0.42,0.0,0.5,0.0,0.04,0.0,0.0,0.0,0.0,0.0,0.0,0.04,0.0,0.0,0.0
7,3,3,2,False,4.298841196441179,1.0448543193800681,1,qEHVI,0.64,0.0,0.26,0.0,0.02,0.0,0.0,0.0,0.04,0.0,0.0,0.0,0.0,0.0,0.04
7,3,3,2,False,4.298841196441179,1.0448543193800681,2,qEHVI,0.56,0.04,0.3,0.0,0.04,0.0,0.0,0.0,0.04,0.0,0.0,0.02,0.0,0.0,0.0
7,3,3,2,False,4.298841196441179,1.0448543193800681,3,qUCB,0.54,0.0,0.42,0.04,0.0,0.0,0.0,0.0,0.0,0.0,0.0,0.0,0.0,0.0,0.0
7,3,3,2,False,4.298841196441179,1.0448543193800681,4,qUCB,0.7000000000000001,0.0,0.22,0.04,0.0,0.0,0.0,0.0,0.0,0.0,0.0,0.0,0.0,0.04,0.0
7,4,2,3,False,4.220540639736444,1.101165719754082,0,qEHVI,0.42,0.0,0.5,0.0,0.04,0.0,0.0,0.0,0.0,0.0,0.0,0.04,0.0,0.0,0.0
7,4,2,3,False,4.220540639736444,1.101165719754082,1,qEHVI,0.64,0.0,0.26,0.0,0.02,0.0,0.0,0.0,0.04,0.0,0.0,0.0,0.0,0.0,0.04
7,4,2,3,False,4.220540639736444,1.101165719754082,2,qUCB,0.54,0.0,0.42,0.04,0.0,0.0,0.0,0.0,0.0,0.0,0.0,0.0,0.0,0.0,0.0
7,4,2,3,False,4.220540639736444,1.101165719754082,3,qUCB,0.7000000000000001,0.0,0.22,0.04,0.0,0.0,0.0,0.0,0.0,0.0,0.0,0.0,0.0,0.04,0.0
7,4,2,3,False,4.220540639736444,1.101165719754082,4,qUCB,0.4,0.0,0.5,0.04,0.0,0.0,0.0,0.0,0.04,0.0,0.0,0.02,0.0,0.0,0.0
7,5,1,4,False,2.940216042724157,0.8986298664522216,0,qEHVI,0.42,0.0,0.5,0.0,0.04,0.0,0.0,0.0,0.0,0.0,0.0,0.04,0.0,0.0,0.0
7,5,1,4,False,2.940216042724157,0.8986298664522216,1,qUCB,0.5,0.0,0.4,0.02,0.0,0.0,0.0,0.0,0.04,0.0,0.0,0.0,0.0,0.0,0.04
7,5,1,4,False,2.940216042724157,0.8986298664522216,2,qUCB,0.88,0.0,0.02,0.0,0.0,0.0,0.0,0.0,0.02,0.0,0.0,0.0,0.0,0.04,0.04
7,5,1,4,False,2.940216042724157,0.8986298664522216,3,qUCB,0.38,0.52,0.0,0.0,0.0,0.0,0.0,0.0,0.04,0.0,0.0,0.0,0.0,0.02,0.04
7,5,1,4,False,2.940216042724157,0.8986298664522216,4,qUCB,0.46,0.02,0.44,0.0,0.0,0.0,0.0,0.0,0.04,0.0,0.0,0.0,0.0,0.0,0.04
7,6,0,5,True,3.713667934649924,1.0473377395416499,0,qUCB,0.5,0.0,0.4,0.02,0.0,0.0,0.0,0.0,0.04,0.0,0.0,0.0,0.0,0.0,0.04
7,6,0,5,True,3.713667934649924,1.0473377395416499,1,qUCB,0.42,0.0,0.5,0.0,0.04,0.0,0.0,0.0,0.0,0.0,0.0,0.04,0.0,0.0,0.0
7,6,0,5,True,3.713667934649924,1.0473377395416499,2,qUCB,0.46,0.0,0.44,0.02,0.0,0.0,0.0,0.0,0.0,0.0,0.0,0.04,0.0,0.0,0.04
7,6,0,5,True,3.713667934649924,1.0473377395416499,3,qUCB,0.58,0.0,0.32,0.0,0.04,0.0,0.0,0.0,0.02,0.0,0.0,0.02,0.0,0.0,0.02
7,6,0,5,True,3.713667934649924,1.0473377395416499,4,qUCB,0.28,0.62,0.0,0.0,0.04,0.0,0.0,0.0,0.02,0.0,0.0,0.04,0.0,0.0,0.0
8,1,5,0,False,3.9734094049452815,1.295549233219834,0,qEHVI,0.48,0.0,0.44,0.0,0.04,0.0,0.0,0.0,0.02,0.0,0.0,0.0,0.0,0.0,0.02
8,1,5,0,False,3.9734094049452815,1.295549233219834,1,qEHVI,0.52,0.22,0.16,0.0,0.04,0.0,0.0,0.0,0.02,0.0,0.0,0.0,0.0,0.0,0.04
8,1,5,0,False,3.9734094049452815,1.295549233219834,2,qEHVI,0.56,0.06,0.28,0.0,0.04,0.0,0.0,0.0,0.04,0.0,0.0,0.0,0.0,0.0,0.02
8,1,5,0,False,3.9734094049452815,1.295549233219834,3,qEHVI,0.4,0.0,0.52,0.04,0.02,0.0,0.0,0.0,0.0,0.0,0.0,0.02,0.0,0.0,0.0
8,1,5,0,False,3.9734094049452815,1.295549233219834,4,qEHVI,0.78,0.12,0.0,0.0,0.02,0.0,0.0,0.0,0.02,0.0,0.0,0.0,0.0,0.02,0.04
8,2,4,1,False,3.557795315875159,1.162696391440278,0,qEHVI,0.48,0.0,0.44,0.0,0.04,0.0,0.0,0.0,0.02,0.0,0.0,0.0,0.0,0.0,0.02
8,2,4,1,False,3.557795315875159,1.162696391440278,1,qEHVI,0.52,0.22,0.16,0.0,0.04,0.0,0.0,0.0,0.02,0.0,0.0,0.0,0.0,0.0,0.04
8,2,4,1,False,3.557795315875159,1.162696391440278,2,qEHVI,0.4,0.0,0.52,0.04,0.02,0.0,0.0,0.0,0.0,0.0,0.0,0.02,0.0,0.0,0.0
8,2,4,1,False,3.557795315875159,1.162696391440278,3,qEHVI,0.56,0.06,0.28,0.0,0.04,0.0,0.0,0.0,0.04,0.0,0.0,0.0,0.0,0.0,0.02
8,2,4,1,False,3.557795315875159,1.162696391440278,4,qUCB,0.74,0.16,0.0,0.0,0.0,0.0,0.0,0.0,0.02,0.0,0.0,0.04,0.0,0.04,0.0
8,3,3,2,False,3.3084401362414235,1.0733247559986552,0,qEHVI,0.48,0.0,0.44,0.0,0.04,0.0,0.0,0.0,0.02,0.0,0.0,0.0,0.0,0.0,0.02
8,3,3,2,False,3.3084401362414235,1.0733247559986552,1,qEHVI,0.52,0.22,0.16,0.0,0.04,0.0,0.0,0.0,0.02,0.0,0.0,0.0,0.0,0.0,0.04
8,3,3,2,False,3.3084401362414235,1.0733247559986552,2,qEHVI,0.4,0.0,0.52,0.04,0.02,0.0,0.0,0.0,0.0,0.0,0.0,0.02,0.0,0.0,0.0
8,3,3,2,False,3.3084401362414235,1.0733247559986552,3,qUCB,0.74,0.16,0.0,0.0,0.0,0.0,0.0,0.0,0.02,0.0,0.0,0.04,0.0,0.04,0.0
8,3,3,2,False,3.3084401362414235,1.0733247559986552,4,qUCB,0.9,0.0,0.0,0.0,0.0,0.0,0.0,0.0,0.02,0.0,0.0,0.0,0.0,0.04,0.04
8,4,2,3,False,2.9317799871155126,1.2327530879276267,0,qEHVI,0.48,0.0,0.44,0.0,0.04,0.0,0.0,0.0,0.02,0.0,0.0,0.0,0.0,0.0,0.02
8,4,2,3,False,2.9317799871155126,1.2327530879276267,1,qEHVI,0.52,0.22,0.16,0.0,0.04,0.0,0.0,0.0,0.02,0.0,0.0,0.0,0.0,0.0,0.04
8,4,2,3,False,2.9317799871155126,1.2327530879276267,2,qUCB,0.36,0.02,0.54,0.04,0.0,0.0,0.0,0.0,0.0,0.0,0.0,0.04,0.0,0.0,0.0
8,4,2,3,False,2.9317799871155126,1.2327530879276267,3,qUCB,0.74,0.16,0.0,0.0,0.0,0.0,0.0,0.0,0.02,0.0,0.0,0.04,0.0,0.04,0.0
8,4,2,3,False,2.9317799871155126,1.2327530879276267,4,qUCB,0.54,0.0,0.36,0.04,0.0,0.0,0.0,0.0,0.02,0.0,0.0,0.04,0.0,0.0,0.0
8,5,1,4,False,2.010230467439001,0.9064713146005197,0,qEHVI,0.48,0.0,0.44,0.0,0.04,0.0,0.0,0.0,0.02,0.0,0.0,0.0,0.0,0.0,0.02
8,5,1,4,False,2.010230467439001,0.9064713146005197,1,qUCB,0.36,0.02,0.54,0.04,0.0,0.0,0.0,0.0,0.0,0.0,0.0,0.04,0.0,0.0,0.0
8,5,1,4,False,2.010230467439001,0.9064713146005197,2,qUCB,0.74,0.16,0.0,0.0,0.0,0.0,0.0,0.0,0.02,0.0,0.0,0.04,0.0,0.04,0.0
8,5,1,4,False,2.010230467439001,0.9064713146005197,3,qUCB,0.9,0.0,0.0,0.0,0.0,0.0,0.0,0.0,0.02,0.0,0.0,0.0,0.0,0.04,0.04
8,5,1,4,False,2.010230467439001,0.9064713146005197,4,qUCB,0.54,0.0,0.36,0.04,0.0,0.0,0.0,0.0,0.02,0.0,0.0,0.04,0.0,0.0,0.0
8,6,0,5,True,2.091113018634555,0.525031463412251,0,qUCB,0.48,0.0,0.44,0.0,0.04,0.0,0.0,0.0,0.02,0.0,0.0,0.0,0.0,0.0,0.02
8,6,0,5,True,2.091113018634555,0.525031463412251,1,qUCB,0.9,0.0,0.0,0.0,0.02,0.0,0.0,0.0,0.02,0.0,0.0,0.02,0.0,0.0,0.04
8,6,0,5,True,2.091113018634555,0.525031463412251,2,qUCB,0.42,0.0,0.48,0.04,0.0,0.0,0.0,0.0,0.02,0.0,0.0,0.0,0.0,0.0,0.04
8,6,0,5,True,2.091113018634555,0.525031463412251,3,qUCB,0.5,0.0,0.48,0.0,0.0,0.0,0.0,0.0,0.0,0.0,0.0,0.0,0.0,0.0,0.02
8,6,0,5,True,2.091113018634555,0.525031463412251,4,qUCB,0.9,0.0,0.0,0.0,0.0,0.0,0.0,0.0,0.02,0.0,0.0,0.0,0.0,0.04,0.04
9,1,5,0,False,6.3975268135085415,0.31167836726542575,0,qEHVI,0.58,0.08,0.28,0.02,0.04,0.0,0.0,0.0,0.0,0.0,0.0,0.0,0.0,0.0,0.0
9,1,5,0,False,6.3975268135085415,0.31167836726542575,1,qEHVI,0.58,0.12,0.22,0.02,0.04,0.0,0.0,0.0,0.0,0.0,0.0,0.02,0.0,0.0,0.0
9,1,5,0,False,6.3975268135085415,0.31167836726542575,2,qEHVI,0.62,0.12,0.16,0.0,0.04,0.0,0.0,0.0,0.02,0.0,0.0,0.0,0.0,0.0,0.04
9,1,5,0,False,6.3975268135085415,0.31167836726542575,3,qEHVI,0.58,0.16,0.16,0.02,0.04,0.0,0.0,0.0,0.0,0.0,0.0,0.04,0.0,0.0,0.0
9,1,5,0,False,6.3975268135085415,0.31167836726542575,4,qEHVI,0.58,0.04,0.32,0.02,0.04,0.0,0.0,0.0,0.0,0.0,0.0,0.0,0.0,0.0,0.0
9,2,4,1,False,5.988029680650352,0.38736455815449133,0,qEHVI,0.58,0.08,0.28,0.02,0.04,0.0,0.0,0.0,0.0,0.0,0.0,0.0,0.0,0.0,0.0
9,2,4,1,False,5.988029680650352,0.38736455815449133,1,qEHVI,0.58,0.12,0.22,0.02,0.04,0.0,0.0,0.0,0.0,0.0,0.0,0.02,0.0,0.0,0.0
9,2,4,1,False,5.988029680650352,0.38736455815449133,2,qEHVI,0.62,0.12,0.16,0.0,0.04,0.0,0.0,0.0,0.02,0.0,0.0,0.0,0.0,0.0,0.04
9,2,4,1,False,5.988029680650352,0.38736455815449133,3,qEHVI,0.58,0.04,0.32,0.02,0.04,0.0,0.0,0.0,0.0,0.0,0.0,0.0,0.0,0.0,0.0
9,2,4,1,False,5.988029680650352,0.38736455815449133,4,qUCB,0.24,0.58,0.1,0.0,0.0,0.0,0.0,0.0,0.04,0.0,0.0,0.0,0.0,0.04,0.0
9,3,3,2,False,5.356449319124555,0.5581615494656536,0,qEHVI,0.58,0.08,0.28,0.02,0.04,0.0,0.0,0.0,0.0,0.0,0.0,0.0,0.0,0.0,0.0
9,3,3,2,False,5.356449319124555,0.5581615494656536,1,qEHVI,0.58,0.12,0.22,0.02,0.04,0.0,0.0,0.0,0.0,0.0,0.0,0.02,0.0,0.0,0.0
9,3,3,2,False,5.356449319124555,0.5581615494656536,2,qEHVI,0.62,0.12,0.16,0.0,0.04,0.0,0.0,0.0,0.02,0.0,0.0,0.0,0.0,0.0,0.04
9,3,3,2,False,5.356449319124555,0.5581615494656536,3,qUCB,0.24,0.58,0.1,0.0,0.0,0.0,0.0,0.0,0.04,0.0,0.0,0.0,0.0,0.04,0.0
9,3,3,2,False,5.356449319124555,0.5581615494656536,4,qUCB,0.02,0.88,0.0,0.0,0.0,0.0,0.0,0.0,0.04,0.0,0.0,0.02,0.0,0.04,0.0
9,4,2,3,False,4.846803336532647,0.30799937731295834,0,qEHVI,0.58,0.08,0.28,0.02,0.04,0.0,0.0,0.0,0.0,0.0,0.0,0.0,0.0,0.0,0.0
9,4,2,3,False,4.846803336532647,0.30799937731295834,1,qEHVI,0.58,0.12,0.22,0.02,0.04,0.0,0.0,0.0,0.0,0.0,0.0,0.02,0.0,0.0,0.0
9,4,2,3,False,4.846803336532647,0.30799937731295834,2,qUCB,0.28,0.46,0.16,0.0,0.0,0.0,0.0,0.0,0.02,0.0,0.0,0.0,0.0,0.04,0.04
9,4,2,3,False,4.846803336532647,0.30799937731295834,3,qUCB,0.0,0.9,0.02,0.0,0.0,0.0,0.0,0.0,0.0,0.0,0.0,0.0,0.0,0.04,0.04
9,4,2,3,False,4.846803336532647,0.30799937731295834,4,qUCB,0.04,0.48,0.38,0.0,0.0,0.0,0.0,0.0,0.02,0.0,0.0,0.0,0.0,0.04,0.04
9,5,1,4,False,3.7512051401552635,0.16265992668243,0,qEHVI,0.58,0.08,0.28,0.02,0.04,0.0,0.0,0.0,0.0,0.0,0.0,0.0,0.0,0.0,0.0
9,5,1,4,False,3.7512051401552635,0.16265992668243,1,qUCB,0.24,0.56,0.1,0.0,0.0,0.0,0.0,0.0,0.0,0.0,0.0,0.02,0.0,0.04,0.04
9,5,1,4,False,3.7512051401552635,0.16265992668243,2,qUCB,0.02,0.88,0.0,0.0,0.0,0.0,0.0,0.0,0.04,0.0,0.0,0.02,0.0,0.04,0.0
9,5,1,4,False,3.7512051401552635,0.16265992668243,3,qUCB,0.04,0.48,0.38,0.0,0.0,0.0,0.0,0.0,0.02,0.0,0.0,0.0,0.0,0.04,0.04
9,5,1,4,False,3.7512051401552635,0.16265992668243,4,qUCB,0.1,0.6,0.2,0.0,0.0,0.0,0.0,0.0,0.04,0.0,0.0,0.02,0.0,0.04,0.0
9,6,0,5,True,5.151154455003286,0.26746371430107807,0,qUCB,0.48,0.2,0.22,0.02,0.04,0.0,0.0,0.0,0.0,0.0,0.0,0.04,0.0,0.0,0.0
9,6,0,5,True,5.151154455003286,0.26746371430107807,1,qUCB,0.6,0.04,0.3,0.02,0.04,0.0,0.0,0.0,0.0,0.0,0.0,0.0,0.0,0.0,0.0
9,6,0,5,True,5.151154455003286,0.26746371430107807,2,qUCB,0.04,0.02,0.86,0.04,0.0,0.0,0.0,0.0,0.0,0.0,0.0,0.0,0.0,0.04,0.0
9,6,0,5,True,5.151154455003286,0.26746371430107807,3,qUCB,0.16,0.46,0.28,0.0,0.0,0.0,0.0,0.0,0.02,0.0,0.0,0.0,0.0,0.04,0.04
9,6,0,5,True,5.151154455003286,0.26746371430107807,4,qUCB,0.64,0.06,0.2,0.04,0.04,0.0,0.0,0.0,0.02,0.0,0.0,0.0,0.0,0.0,0.0
10,1,5,0,False,5.379666133430682,0.264526003987962,0,qEHVI,0.42,0.0,0.5,0.04,0.0,0.0,0.0,0.0,0.04,0.0,0.0,0.0,0.0,0.0,0.0
10,1,5,0,False,5.379666133430682,0.264526003987962,1,qEHVI,0.66,0.0,0.24,0.02,0.0,0.0,0.0,0.0,0.04,0.0,0.0,0.04,0.0,0.0,0.0
10,1,5,0,False,5.379666133430682,0.264526003987962,2,qEHVI,0.56,0.02,0.34,0.02,0.02,0.0,0.0,0.0,0.02,0.0,0.0,0.02,0.0,0.0,0.0
10,1,5,0,False,5.379666133430682,0.264526003987962,3,qEHVI,0.6,0.08,0.22,0.02,0.04,0.0,0.0,0.0,0.0,0.0,0.0,0.04,0.0,0.0,0.0
10,1,5,0,False,5.379666133430682,0.264526003987962,4,qEHVI,0.46,0.14,0.3,0.02,0.04,0.0,0.0,0.0,0.02,0.0,0.0,0.02,0.0,0.0,0.0
10,2,4,1,False,4.9691629177723415,0.1746102270695924,0,qEHVI,0.42,0.0,0.5,0.04,0.0,0.0,0.0,0.0,0.04,0.0,0.0,0.0,0.0,0.0,0.0
10,2,4,1,False,4.9691629177723415,0.1746102270695924,1,qEHVI,0.66,0.0,0.24,0.02,0.0,0.0,0.0,0.0,0.04,0.0,0.0,0.04,0.0,0.0,0.0
10,2,4,1,False,4.9691629177723415,0.1746102270695924,2,qEHVI,0.56,0.02,0.34,0.02,0.02,0.0,0.0,0.0,0.02,0.0,0.0,0.02,0.0,0.0,0.0
10,2,4,1,False,4.9691629177723415,0.1746102270695924,3,qEHVI,0.6,0.08,0.22,0.02,0.04,0.0,0.0,0.0,0.0,0.0,0.0,0.04,0.0,0.0,0.0
10,2,4,1,False,4.9691629177723415,0.1746102270695924,4,qUCB,0.44,0.46,0.02,0.0,0.0,0.0,0.0,0.0,0.0,0.0,0.0,0.0,0.0,0.04,0.04
10,3,3,2,False,4.558036704889688,0.2350637233657934,0,qEHVI,0.42,0.0,0.5,0.04,0.0,0.0,0.0,0.0,0.04,0.0,0.0,0.0,0.0,0.0,0.0
10,3,3,2,False,4.558036704889688,0.2350637233657934,1,qEHVI,0.66,0.0,0.24,0.02,0.0,0.0,0.0,0.0,0.04,0.0,0.0,0.04,0.0,0.0,0.0
10,3,3,2,False,4.558036704889688,0.2350637233657934,2,qEHVI,0.56,0.02,0.34,0.02,0.02,0.0,0.0,0.0,0.02,0.0,0.0,0.02,0.0,0.0,0.0
10,3,3,2,False,4.558036704889688,0.2350637233657934,3,qUCB,0.44,0.46,0.02,0.0,0.0,0.0,0.0,0.0,0.0,0.0,0.0,0.0,0.0,0.04,0.04
10,3,3,2,False,4.558036704889688,0.2350637233657934,4,qUCB,0.44,0.46,0.0,0.02,0.0,0.0,0.0,0.0,0.0,0.0,0.0,0.04,0.0,0.0,0.04
10,4,2,3,False,4.15545864683823,0.6100109451113245,0,qEHVI,0.42,0.0,0.5,0.04,0.0,0.0,0.0,0.0,0.04,0.0,0.0,0.0,0.0,0.0,0.0
10,4,2,3,False,4.15545864683823,0.6100109451113245,1,qEHVI,0.66,0.0,0.24,0.02,0.0,0.0,0.0,0.0,0.04,0.0,0.0,0.04,0.0,0.0,0.0
10,4,2,3,False,4.15545864683823,0.6100109451113245,2,qUCB,0.42,0.34,0.16,0.0,0.04,0.0,0.0,0.0,0.0,0.0,0.0,0.0,0.0,0.0,0.04
10,4,2,3,False,4.15545864683823,0.6100109451113245,3,qUCB,0.34,0.56,0.02,0.0,0.04,0.0,0.0,0.0,0.0,0.0,0.0,0.0,0.0,0.0,0.04
10,4,2,3,False,4.15545864683823,0.6100109451113245,4,qUCB,0.52,0.1,0.3,0.0,0.04,0.0,0.0,0.0,0.0,0.0,0.0,0.0,0.0,0.0,0.04
10,5,1,4,False,3.078614752217418,0.26391734588883553,0,qEHVI,0.42,0.0,0.5,0.04,0.0,0.0,0.0,0.0,0.04,0.0,0.0,0.0,0.0,0.0,0.0
10,5,1,4,False,3.078614752217418,0.26391734588883553,1,qUCB,0.54,0.28,0.08,0.0,0.02,0.0,0.0,0.0,0.0,0.0,0.0,0.04,0.0,0.0,0.04
10,5,1,4,False,3.078614752217418,0.26391734588883553,2,qUCB,0.44,0.46,0.0,0.02,0.0,0.0,0.0,0.0,0.0,0.0,0.0,0.04,0.0,0.0,0.04
10,5,1,4,False,3.078614752217418,0.26391734588883553,3,qUCB,0.52,0.36,0.04,0.0,0.04,0.0,0.0,0.0,0.0,0.0,0.0,0.04,0.0,0.0,0.0
10,5,1,4,False,3.078614752217418,0.26391734588883553,4,qUCB,0.5,0.24,0.18,0.0,0.04,0.0,0.0,0.0,0.0,0.0,0.0,0.04,0.0,0.0,0.0
10,6,0,5,True,3.2362941491087085,0.20702287929295654,0,qUCB,0.58,0.32,0.0,0.02,0.0,0.0,0.0,0.0,0.04,0.0,0.0,0.04,0.0,0.0,0.0
10,6,0,5,True,3.2362941491087085,0.20702287929295654,1,qUCB,0.66,0.0,0.24,0.02,0.0,0.0,0.0,0.0,0.04,0.0,0.0,0.04,0.0,0.0,0.0
10,6,0,5,True,3.2362941491087085,0.20702287929295654,2,qUCB,0.52,0.0,0.38,0.02,0.04,0.0,0.0,0.0,0.04,0.0,0.0,0.0,0.0,0.0,0.0
10,6,0,5,True,3.2362941491087085,0.20702287929295654,3,qUCB,0.44,0.46,0.0,0.02,0.0,0.0,0.0,0.0,0.0,0.0,0.0,0.04,0.0,0.0,0.04
10,6,0,5,True,3.2362941491087085,0.20702287929295654,4,qUCB,0.44,0.02,0.52,0.02,0.0,0.0,0.0,0.0,0.0,0.0,0.0,0.0,0.0,0.0,0.0
11,1,5,0,False,3.991376004899406,0.28978129720962187,0,qEHVI,0.38,0.0,0.52,0.04,0.02,0.0,0.0,0.0,0.04,0.0,0.0,0.0,0.0,0.0,0.0
11,1,5,0,False,3.991376004899406,0.28978129720962187,1,qEHVI,0.54,0.02,0.34,0.02,0.02,0.0,0.0,0.0,0.0,0.0,0.0,0.04,0.0,0.0,0.02
11,1,5,0,False,3.991376004899406,0.28978129720962187,2,qEHVI,0.52,0.1,0.28,0.02,0.04,0.0,0.0,0.0,0.0,0.0,0.0,0.02,0.0,0.0,0.02
11,1,5,0,False,3.991376004899406,0.28978129720962187,3,qEHVI,0.62,0.04,0.24,0.0,0.04,0.0,0.0,0.0,0.02,0.0,0.0,0.0,0.0,0.0,0.04
11,1,5,0,False,3.991376004899406,0.28978129720962187,4,qEHVI,0.66,0.0,0.24,0.02,0.04,0.0,0.0,0.0,0.0,0.0,0.0,0.04,0.0,0.0,0.0
11,2,4,1,False,3.5732807394419663,0.3581175510945185,0,qEHVI,0.38,0.0,0.52,0.04,0.02,0.0,0.0,0.0,0.04,0.0,0.0,0.0,0.0,0.0,0.0
11,2,4,1,False,3.5732807394419663,0.3581175510945185,1,qEHVI,0.54,0.02,0.34,0.02,0.02,0.0,0.0,0.0,0.0,0.0,0.0,0.04,0.0,0.0,0.02
11,2,4,1,False,3.5732807394419663,0.3581175510945185,2,qEHVI,0.52,0.1,0.28,0.02,0.04,0.0,0.0,0.0,0.0,0.0,0.0,0.02,0.0,0.0,0.02
11,2,4,1,False,3.5732807394419663,0.3581175510945185,3,qEHVI,0.62,0.04,0.24,0.0,0.04,0.0,0.0,0.0,0.02,0.0,0.0,0.0,0.0,0.0,0.04
11,2,4,1,False,3.5732807394419663,0.3581175510945185,4,qUCB,0.54,0.42,0.0,0.0,0.0,0.0,0.0,0.0,0.0,0.0,0.0,0.0,0.0,0.04,0.0
11,3,3,2,False,3.176594283025393,0.17324704165861027,0,qEHVI,0.38,0.0,0.52,0.04,0.02,0.0,0.0,0.0,0.04,0.0,0.0,0.0,0.0,0.0,0.0
11,3,3,2,False,3.176594283025393,0.17324704165861027,1,qEHVI,0.54,0.02,0.34,0.02,0.02,0.0,0.0,0.0,0.0,0.0,0.0,0.04,0.0,0.0,0.02
11,3,3,2,False,3.176594283025393,0.17324704165861027,2,qEHVI,0.52,0.1,0.28,0.02,0.04,0.0,0.0,0.0,0.0,0.0,0.0,0.02,0.0,0.0,0.02
11,3,3,2,False,3.176594283025393,0.17324704165861027,3,qUCB,0.5,0.4,0.0,0.0,0.0,0.0,0.0,0.0,0.04,0.0,0.0,0.0,0.0,0.02,0.04
11,3,3,2,False,3.176594283025393,0.17324704165861027,4,qUCB,0.0,0.92,0.0,0.0,0.0,0.0,0.0,0.0,0.04,0.0,0.0,0.0,0.0,0.04,0.0
11,4,2,3,False,2.5197612242224405,0.3445762839947015,0,qEHVI,0.38,0.0,0.52,0.04,0.02,0.0,0.0,0.0,0.04,0.0,0.0,0.0,0.0,0.0,0.0
11,4,2,3,False,2.5197612242224405,0.3445762839947015,1,qEHVI,0.54,0.02,0.34,0.02,0.02,0.0,0.0,0.0,0.0,0.0,0.0,0.04,0.0,0.0,0.02
11,4,2,3,False,2.5197612242224405,0.3445762839947015,2,qUCB,0.32,0.58,0.0,0.0,0.0,0.0,0.0,0.0,0.02,0.0,0.0,0.0,0.0,0.04,0.04
11,4,2,3,False,2.5197612242224405,0.3445762839947015,3,qUCB,0.0,0.92,0.0,0.0,0.0,0.0,0.0,0.0,0.04,0.0,0.0,0.0,0.0,0.04,0.0
11,4,2,3,False,2.5197612242224405,0.3445762839947015,4,qUCB,0.9,0.0,0.0,0.04,0.0,0.0,0.0,0.0,0.0,0.0,0.0,0.0,0.0,0.02,0.04
11,5,1,4,False,2.0607122491514644,0.1906093058740943,0,qEHVI,0.38,0.0,0.52,0.04,0.02,0.0,0.0,0.0,0.04,0.0,0.0,0.0,0.0,0.0,0.0
11,5,1,4,False,2.0607122491514644,0.1906093058740943,1,qUCB,0.58,0.32,0.02,0.0,0.0,0.0,0.0,0.0,0.0,0.0,0.0,0.04,0.0,0.0,0.04
11,5,1,4,False,2.0607122491514644,0.1906093058740943,2,qUCB,0.1,0.8,0.0,0.0,0.0,0.0,0.0,0.0,0.0,0.0,0.0,0.02,0.0,0.04,0.04
11,5,1,4,False,2.0607122491514644,0.1906093058740943,3,qUCB,0.5,0.36,0.04,0.0,0.0,0.0,0.0,0.0,0.0,0.0,0.0,0.04,0.0,0.02,0.04
11,5,1,4,False,2.0607122491514644,0.1906093058740943,4,qUCB,0.88,0.0,0.04,0.04,0.0,0.0,0.0,0.0,0.0,0.0,0.0,0.04,0.0,0.0,0.0
11,6,0,5,True,0.8066811797859357,0.6218359043475028,0,qUCB,0.52,0.0,0.38,0.02,0.04,0.0,0.0,0.0,0.0,0.0,0.0,0.02,0.0,0.0,0.02
11,6,0,5,True,0.8066811797859357,0.6218359043475028,1,qUCB,0.88,0.0,0.04,0.04,0.0,0.0,0.0,0.0,0.0,0.0,0.0,0.04,0.0,0.0,0.0
11,6,0,5,True,0.8066811797859357,0.6218359043475028,2,qUCB,0.74,0.0,0.16,0.04,0.0,0.0,0.0,0.0,0.0,0.0,0.0,0.04,0.0,0.0,0.02
11,6,0,5,True,0.8066811797859357,0.6218359043475028,3,qUCB,0.46,0.36,0.08,0.02,0.04,0.0,0.0,0.0,0.0,0.0,0.0,0.04,0.0,0.0,0.0
11,6,0,5,True,0.8066811797859357,0.6218359043475028,4,qUCB,0.62,0.14,0.14,0.02,0.0,0.0,0.0,0.0,0.0,0.0,0.0,0.04,0.0,0.0,0.04
12,1,5,0,False,2.677565631749635,0.4776291508686521,0,qEHVI,0.58,0.0,0.32,0.02,0.0,0.0,0.0,0.0,0.02,0.0,0.0,0.04,0.0,0.0,0.02
12,1,5,0,False,2.677565631749635,0.4776291508686521,1,qEHVI,0.48,0.0,0.46,0.0,0.04,0.0,0.0,0.0,0.0,0.0,0.0,0.02,0.0,0.0,0.0
12,1,5,0,False,2.677565631749635,0.4776291508686521,2,qEHVI,0.66,0.0,0.28,0.02,0.0,0.0,0.0,0.0,0.0,0.0,0.0,0.04,0.0,0.0,0.0
12,1,5,0,False,2.677565631749635,0.4776291508686521,3,qEHVI,0.6,0.0,0.32,0.0,0.0,0.0,0.0,0.0,0.04,0.0,0.0,0.02,0.0,0.02,0.0
12,1,5,0,False,2.677565631749635,0.4776291508686521,4,qEHVI,0.66,0.28,0.0,0.0,0.02,0.0,0.0,0.0,0.02,0.0,0.0,0.0,0.0,0.0,0.02
12,2,4,1,False,2.371962951312226,0.3964186560461469,0,qEHVI,0.58,0.0,0.32,0.02,0.0,0.0,0.0,0.0,0.02,0.0,0.0,0.04,0.0,0.0,0.02
12,2,4,1,False,2.371962951312226,0.3964186560461469,1,qEHVI,0.48,0.0,0.46,0.0,0.04,0.0,0.0,0.0,0.0,0.0,0.0,0.02,0.0,0.0,0.0
12,2,4,1,False,2.371962951312226,0.3964186560461469,2,qEHVI,0.66,0.0,0.28,0.02,0.0,0.0,0.0,0.0,0.0,0.0,0.0,0.04,0.0,0.0,0.0
12,2,4,1,False,2.371962951312226,0.3964186560461469,3,qEHVI,0.6,0.0,0.32,0.0,0.0,0.0,0.0,0.0,0.04,0.0,0.0,0.02,0.0,0.02,0.0
12,2,4,1,False,2.371962951312226,0.3964186560461469,4,qUCB,0.32,0.6,0.0,0.0,0.0,0.0,0.0,0.0,0.0,0.0,0.0,0.0,0.0,0.04,0.04
12,3,3,2,False,2.133577958628371,0.21300592958617548,0,qEHVI,0.58,0.0,0.32,0.02,0.0,0.0,0.0,0.0,0.02,0.0,0.0,0.04,0.0,0.0,0.02
12,3,3,2,False,2.133577958628371,0.21300592958617548,1,qEHVI,0.48,0.0,0.46,0.0,0.04,0.0,0.0,0.0,0.0,0.0,0.0,0.02,0.0,0.0,0.0
12,3,3,2,False,2.133577958628371,0.21300592958617548,2,qEHVI,0.66,0.0,0.28,0.02,0.0,0.0,0.0,0.0,0.0,0.0,0.0,0.04,0.0,0.0,0.0
12,3,3,2,False,2.133577958628371,0.21300592958617548,3,qUCB,0.32,0.6,0.0,0.0,0.0,0.0,0.0,0.0,0.0,0.0,0.0,0.0,0.0,0.04,0.04
12,3,3,2,False,2.133577958628371,0.21300592958617548,4,qUCB,0.46,0.02,0.42,0.02,0.0,0.0,0.0,0.0,0.04,0.0,0.0,0.0,0.0,0.04,0.0
12,4,2,3,False,1.6254915909635197,0.18845832057275036,0,qEHVI,0.58,0.0,0.32,0.02,0.0,0.0,0.0,0.0,0.02,0.0,0.0,0.04,0.0,0.0,0.02
12,4,2,3,False,1.6254915909635197,0.18845832057275036,1,qEHVI,0.48,0.0,0.46,0.0,0.04,0.0,0.0,0.0,0.0,0.0,0.0,0.02,0.0,0.0,0.0
12,4,2,3,False,1.6254915909635197,0.18845832057275036,2,qUCB,0.32,0.6,0.0,0.0,0.0,0.0,0.0,0.0,0.0,0.0,0.0,0.0,0.0,0.04,0.04
12,4,2,3,False,1.6254915909635197,0.18845832057275036,3,qUCB,0.46,0.02,0.42,0.02,0.0,0.0,0.0,0.0,0.04,0.0,0.0,0.0,0.0,0.04,0.0
12,4,2,3,False,1.6254915909635197,0.18845832057275036,4,qUCB,0.0,0.68,0.24,0.04,0.0,0.0,0.0,0.0,0.0,0.0,0.0,0.0,0.0,0.04,0.0
12,5,1,4,False,1.0613285028363963,0.09494167118431718,0,qEHVI,0.58,0.0,0.32,0.02,0.0,0.0,0.0,0.0,0.02,0.0,0.0,0.04,0.0,0.0,0.02
12,5,1,4,False,1.0613285028363963,0.09494167118431718,1,qUCB,0.44,0.02,0.44,0.02,0.04,0.0,0.0,0.0,0.0,0.0,0.0,0.0,0.0,0.04,0.0
12,5,1,4,False,1.0613285028363963,0.09494167118431718,2,qUCB,0.3,0.58,0.02,0.0,0.04,0.0,0.0,0.0,0.0,0.0,0.0,0.0,0.0,0.04,0.02
12,5,1,4,False,1.0613285028363963,0.09494167118431718,3,qUCB,0.3,0.2,0.4,0.0,0.04,0.0,0.0,0.0,0.0,0.0,0.0,0.0,0.0,0.04,0.02
12,5,1,4,False,1.0613285028363963,0.09494167118431718,4,qUCB,0.0,0.74,0.18,0.04,0.04,0.0,0.0,0.0,0.0,0.0,0.0,0.0,0.0,0.0,0.0
12,6,0,5,True,1.2486167601398437,0.8354181306299253,0,qUCB,0.52,0.0,0.4,0.02,0.04,0.0,0.0,0.0,0.02,0.0,0.0,0.0,0.0,0.0,0.0
12,6,0,5,True,1.2486167601398437,0.8354181306299253,1,qUCB,0.48,0.34,0.1,0.0,0.04,0.0,0.0,0.0,0.0,0.0,0.0,0.04,0.0,0.0,0.0
12,6,0,5,True,1.2486167601398437,0.8354181306299253,2,qUCB,0.6,0.32,0.02,0.0,0.0,0.0,0.0,0.0,0.02,0.0,0.0,0.04,0.0,0.0,0.0
12,6,0,5,True,1.2486167601398437,0.8354181306299253,3,qUCB,0.48,0.44,0.0,0.0,0.0,0.0,0.0,0.0,0.04,0.0,0.0,0.0,0.0,0.0,0.04
12,6,0,5,True,1.2486167601398437,0.8354181306299253,4,qUCB,0.52,0.0,0.38,0.0,0.0,0.0,0.0,0.0,0.02,0.0,0.0,0.04,0.0,0.04,0.0
13,1,5,0,False,3.1753831585220462,0.4215291921245914,0,qEHVI,0.48,0.02,0.42,0.0,0.02,0.0,0.0,0.0,0.0,0.0,0.0,0.02,0.0,0.0,0.04
13,1,5,0,False,3.1753831585220462,0.4215291921245914,1,qEHVI,0.56,0.02,0.32,0.02,0.0,0.0,0.0,0.0,0.02,0.0,0.0,0.04,0.0,0.0,0.02
13,1,5,0,False,3.1753831585220462,0.4215291921245914,2,qEHVI,0.52,0.08,0.3,0.02,0.0,0.0,0.0,0.0,0.02,0.0,0.0,0.04,0.0,0.02,0.0
13,1,5,0,False,3.1753831585220462,0.4215291921245914,3,qEHVI,0.62,0.04,0.3,0.0,0.0,0.0,0.0,0.0,0.02,0.0,0.0,0.02,0.0,0.0,0.0
13,1,5,0,False,3.1753831585220462,0.4215291921245914,4,qEHVI,0.52,0.0,0.42,0.0,0.02,0.0,0.0,0.0,0.02,0.0,0.0,0.02,0.0,0.0,0.0
13,2,4,1,False,2.9322766559606595,0.597697159115004,0,qEHVI,0.56,0.02,0.32,0.02,0.0,0.0,0.0,0.0,0.02,0.0,0.0,0.04,0.0,0.0,0.02
13,2,4,1,False,2.9322766559606595,0.597697159115004,1,qEHVI,0.48,0.02,0.42,0.0,0.02,0.0,0.0,0.0,0.0,0.0,0.0,0.02,0.0,0.0,0.04
13,2,4,1,False,2.9322766559606595,0.597697159115004,2,qEHVI,0.52,0.08,0.3,0.02,0.0,0.0,0.0,0.0,0.02,0.0,0.0,0.04,0.0,0.02,0.0
13,2,4,1,False,2.9322766559606595,0.597697159115004,3,qEHVI,0.62,0.04,0.3,0.0,0.0,0.0,0.0,0.0,0.02,0.0,0.0,0.02,0.0,0.0,0.0
13,2,4,1,False,2.9322766559606595,0.597697159115004,4,qUCB,0.52,0.0,0.4,0.02,0.04,0.0,0.0,0.0,0.0,0.0,0.0,0.0,0.0,0.02,0.0
13,3,3,2,False,2.6914000989212306,0.04510610985783181,0,qEHVI,0.48,0.02,0.42,0.0,0.02,0.0,0.0,0.0,0.0,0.0,0.0,0.02,0.0,0.0,0.04
13,3,3,2,False,2.6914000989212306,0.04510610985783181,1,qEHVI,0.56,0.02,0.32,0.02,0.0,0.0,0.0,0.0,0.02,0.0,0.0,0.04,0.0,0.0,0.02
13,3,3,2,False,2.6914000989212306,0.04510610985783181,2,qEHVI,0.52,0.08,0.3,0.02,0.0,0.0,0.0,0.0,0.02,0.0,0.0,0.04,0.0,0.02,0.0
13,3,3,2,False,2.6914000989212306,0.04510610985783181,3,qUCB,0.52,0.02,0.36,0.02,0.04,0.0,0.0,0.0,0.04,0.0,0.0,0.0,0.0,0.0,0.0
13,3,3,2,False,2.6914000989212306,0.04510610985783181,4,qUCB,0.48,0.06,0.38,0.0,0.04,0.0,0.0,0.0,0.04,0.0,0.0,0.0,0.0,0.0,0.0
13,4,2,3,False,2.077542835348382,0.2952784442850329,0,qEHVI,0.56,0.02,0.32,0.02,0.0,0.0,0.0,0.0,0.02,0.0,0.0,0.04,0.0,0.0,0.02
13,4,2,3,False,2.077542835348382,0.2952784442850329,1,qEHVI,0.48,0.02,0.42,0.0,0.02,0.0,0.0,0.0,0.0,0.0,0.0,0.02,0.0,0.0,0.04
13,4,2,3,False,2.077542835348382,0.2952784442850329,2,qUCB,0.32,0.14,0.44,0.0,0.02,0.0,0.0,0.0,0.04,0.0,0.0,0.0,0.0,0.04,0.0
13,4,2,3,False,2.077542835348382,0.2952784442850329,3,qUCB,0.58,0.0,0.34,0.04,0.0,0.0,0.0,0.0,0.0,0.0,0.0,0.0,0.0,0.04,0.0
13,4,2,3,False,2.077542835348382,0.2952784442850329,4,qUCB,0.0,0.98,0.0,0.0,0.0,0.0,0.0,0.0,0.0,0.0,0.0,0.0,0.0,0.02,0.0
13,5,1,4,False,1.3913430144502408,0.26319347620359157,0,qEHVI,0.48,0.02,0.42,0.0,0.02,0.0,0.0,0.0,0.0,0.0,0.0,0.02,0.0,0.0,0.04
13,5,1,4,False,1.3913430144502408,0.26319347620359157,1,qUCB,0.6,0.24,0.06,0.02,0.0,0.0,0.0,0.0,0.04,0.0,0.0,0.04,0.0,0.0,0.0
13,5,1,4,False,1.3913430144502408,0.26319347620359157,2,qUCB,0.0,0.66,0.24,0.04,0.0,0.0,0.0,0.0,0.04,0.0,0.0,0.0,0.0,0.02,0.0
13,5,1,4,False,1.3913430144502408,0.26319347620359157,3,qUCB,0.58,0.0,0.34,0.04,0.0,0.0,0.0,0.0,0.0,0.0,0.0,0.0,0.0,0.04,0.0
13,5,1,4,False,1.3913430144502408,0.26319347620359157,4,qUCB,0.32,0.18,0.42,0.0,0.0,0.0,0.0,0.0,0.04,0.0,0.0,0.0,0.0,0.04,0.0
13,6,0,5,True,1.9200502890801145,0.29681107931996653,0,qUCB,0.48,0.06,0.36,0.0,0.02,0.0,0.0,0.0,0.04,0.0,0.0,0.04,0.0,0.0,0.0
13,6,0,5,True,1.9200502890801145,0.29681107931996653,1,qUCB,0.56,0.0,0.34,0.02,0.02,0.0,0.0,0.0,0.0,0.0,0.0,0.04,0.0,0.02,0.0
13,6,0,5,True,1.9200502890801145,0.29681107931996653,2,qUCB,0.6,0.0,0.3,0.04,0.0,0.0,0.0,0.0,0.0,0.0,0.0,0.02,0.0,0.0,0.04
13,6,0,5,True,1.9200502890801145,0.29681107931996653,3,qUCB,0.46,0.06,0.4,0.0,0.0,0.0,0.0,0.0,0.0,0.0,0.0,0.04,0.0,0.0,0.04
13,6,0,5,True,1.9200502890801145,0.29681107931996653,4,qUCB,0.6,0.24,0.06,0.02,0.0,0.0,0.0,0.0,0.04,0.0,0.0,0.04,0.0,0.0,0.0
14,1,5,0,False,2.6762876955783113,0.307307792296573,0,qEHVI,0.46,0.0,0.44,0.0,0.04,0.0,0.0,0.0,0.02,0.0,0.0,0.02,0.0,0.0,0.02
14,1,5,0,False,2.6762876955783113,0.307307792296573,1,qEHVI,0.56,0.04,0.3,0.02,0.02,0.0,0.0,0.0,0.02,0.0,0.0,0.04,0.0,0.0,0.0
14,1,5,0,False,2.6762876955783113,0.307307792296573,2,qEHVI,0.54,0.02,0.34,0.02,0.0,0.0,0.0,0.0,0.02,0.0,0.0,0.0,0.0,0.02,0.04
14,1,5,0,False,2.6762876955783113,0.307307792296573,3,qEHVI,0.52,0.0,0.42,0.0,0.0,0.0,0.0,0.0,0.02,0.0,0.0,0.04,0.0,0.0,0.0
14,1,5,0,False,2.6762876955783113,0.307307792296573,4,qEHVI,0.56,0.06,0.28,0.02,0.02,0.0,0.0,0.0,0.0,0.0,0.0,0.04,0.0,0.0,0.02
14,2,4,1,False,2.4719292128983423,0.4134085087813322,0,qEHVI,0.46,0.0,0.44,0.0,0.04,0.0,0.0,0.0,0.02,0.0,0.0,0.02,0.0,0.0,0.02
14,2,4,1,False,2.4719292128983423,0.4134085087813322,1,qEHVI,0.56,0.04,0.3,0.02,0.02,0.0,0.0,0.0,0.02,0.0,0.0,0.04,0.0,0.0,0.0
14,2,4,1,False,2.4719292128983423,0.4134085087813322,2,qEHVI,0.54,0.02,0.34,0.02,0.0,0.0,0.0,0.0,0.02,0.0,0.0,0.0,0.0,0.02,0.04
14,2,4,1,False,2.4719292128983423,0.4134085087813322,3,qEHVI,0.52,0.0,0.42,0.0,0.0,0.0,0.0,0.0,0.02,0.0,0.0,0.04,0.0,0.0,0.0
14,2,4,1,False,2.4719292128983423,0.4134085087813322,4,qUCB,0.44,0.1,0.4,0.0,0.02,0.0,0.0,0.0,0.0,0.0,0.0,0.0,0.0,0.04,0.0
14,3,3,2,True,2.1897813437121165,0.3315560599549423,0,qEHVI,0.46,0.0,0.44,0.0,0.04,0.0,0.0,0.0,0.02,0.0,0.0,0.02,0.0,0.0,0.02
14,3,3,2,True,2.1897813437121165,0.3315560599549423,1,qEHVI,0.56,0.04,0.3,0.02,0.02,0.0,0.0,0.0,0.02,0.0,0.0,0.04,0.0,0.0,0.0
14,3,3,2,True,2.1897813437121165,0.3315560599549423,2,qEHVI,0.54,0.02,0.34,0.02,0.0,0.0,0.0,0.0,0.02,0.0,0.0,0.0,0.0,0.02,0.04
14,3,3,2,True,2.1897813437121165,0.3315560599549423,3,qUCB,0.34,0.52,0.04,0.0,0.0,0.0,0.0,0.0,0.0,0.0,0.0,0.04,0.0,0.04,0.02
14,3,3,2,True,2.1897813437121165,0.3315560599549423,4,qUCB,0.44,0.1,0.4,0.0,0.02,0.0,0.0,0.0,0.0,0.0,0.0,0.0,0.0,0.04,0.0
14,4,2,3,False,1.8038003628717647,0.0935050792597345,0,qEHVI,0.46,0.0,0.44,0.0,0.04,0.0,0.0,0.0,0.02,0.0,0.0,0.02,0.0,0.0,0.02
14,4,2,3,False,1.8038003628717647,0.0935050792597345,1,qEHVI,0.56,0.04,0.3,0.02,0.02,0.0,0.0,0.0,0.02,0.0,0.0,0.04,0.0,0.0,0.0
14,4,2,3,False,1.8038003628717647,0.0935050792597345,2,qUCB,0.48,0.02,0.4,0.02,0.0,0.0,0.0,0.0,0.0,0.0,0.0,0.0,0.0,0.04,0.04
14,4,2,3,False,1.8038003628717647,0.0935050792597345,3,qUCB,0.0,0.92,0.0,0.0,0.0,0.0,0.0,0.0,0.02,0.0,0.0,0.0,0.0,0.04,0.02
14,4,2,3,False,1.8038003628717647,0.0935050792597345,4,qUCB,0.04,0.66,0.2,0.04,0.0,0.0,0.0,0.0,0.0,0.0,0.0,0.0,0.0,0.04,0.02
14,5,1,4,False,0.9210026562381524,0.294683706284423,0,qEHVI,0.46,0.0,0.44,0.0,0.04,0.0,0.0,0.0,0.02,0.0,0.0,0.02,0.0,0.0,0.02
14,5,1,4,False,0.9210026562381524,0.294683706284423,1,qUCB,0.42,0.4,0.08,0.02,0.0,0.0,0.0,0.0,0.0,0.0,0.0,0.04,0.0,0.04,0.0
14,5,1,4,False,0.9210026562381524,0.294683706284423,2,qUCB,0.54,0.36,0.0,0.02,0.0,0.0,0.0,0.0,0.0,0.0,0.0,0.04,0.0,0.04,0.0
14,5,1,4,False,0.9210026562381524,0.294683706284423,3,qUCB,0.0,0.66,0.24,0.04,0.0,0.0,0.0,0.0,0.0,0.0,0.0,0.02,0.0,0.04,0.0
14,5,1,4,False,0.9210026562381524,0.294683706284423,4,qUCB,0.84,0.06,0.0,0.04,0.0,0.0,0.0,0.0,0.0,0.0,0.0,0.0,0.0,0.04,0.02
14,6,0,5,False,0.6779387400999283,0.21908324153854597,0,qUCB,0.5,0.02,0.38,0.02,0.0,0.0,0.0,0.0,0.0,0.0,0.0,0.04,0.0,0.0,0.04
14,6,0,5,False,0.6779387400999283,0.21908324153854597,1,qUCB,0.52,0.0,0.38,0.02,0.02,0.0,0.0,0.0,0.0,0.0,0.0,0.0,0.0,0.04,0.02
14,6,0,5,False,0.6779387400999283,0.21908324153854597,2,qUCB,0.62,0.24,0.08,0.02,0.0,0.0,0.0,0.0,0.0,0.0,0.0,0.04,0.0,0.0,0.0
14,6,0,5,False,0.6779387400999283,0.21908324153854597,3,qUCB,0.54,0.04,0.38,0.0,0.0,0.0,0.0,0.0,0.0,0.0,0.0,0.0,0.0,0.0,0.04
14,6,0,5,False,0.6779387400999283,0.21908324153854597,4,qUCB,0.0,0.64,0.28,0.04,0.02,0.0,0.0,0.0,0.02,0.0,0.0,0.0,0.0,0.0,0.0
15,1,5,0,False,3.800090150232922,0.29790802614819434,0,qEHVI,0.26,0.02,0.64,0.04,0.0,0.0,0.0,0.0,0.04,0.0,0.0,0.0,0.0,0.0,0.0
15,1,5,0,False,3.800090150232922,0.29790802614819434,1,qEHVI,0.0,0.32,0.62,0.0,0.04,0.0,0.0,0.0,0.0,0.0,0.0,0.02,0.0,0.0,0.0
15,1,5,0,False,3.800090150232922,0.29790802614819434,2,qEHVI,0.54,0.06,0.32,0.0,0.04,0.0,0.0,0.0,0.0,0.0,0.0,0.0,0.0,0.04,0.0
15,1,5,0,False,3.800090150232922,0.29790802614819434,3,qEHVI,0.12,0.18,0.62,0.04,0.0,0.0,0.0,0.0,0.0,0.0,0.0,0.04,0.0,0.0,0.0
15,1,5,0,False,3.800090150232922,0.29790802614819434,4,qEHVI,0.26,0.34,0.32,0.04,0.0,0.0,0.0,0.0,0.0,0.0,0.0,0.04,0.0,0.0,0.0
15,2,4,1,False,3.4380508931859906,0.539388975032626,0,qEHVI,0.26,0.02,0.62,0.04,0.0,0.0,0.0,0.0,0.02,0.0,0.0,0.04,0.0,0.0,0.0
15,2,4,1,False,3.4380508931859906,0.539388975032626,1,qEHVI,0.0,0.32,0.62,0.0,0.04,0.0,0.0,0.0,0.0,0.0,0.0,0.02,0.0,0.0,0.0
15,2,4,1,False,3.4380508931859906,0.539388975032626,2,qEHVI,0.02,0.26,0.64,0.04,0.02,0.0,0.0,0.0,0.0,0.0,0.0,0.0,0.0,0.02,0.0
15,2,4,1,False,3.4380508931859906,0.539388975032626,3,qEHVI,0.54,0.06,0.32,0.0,0.04,0.0,0.0,0.0,0.0,0.0,0.0,0.0,0.0,0.04,0.0
15,2,4,1,False,3.4380508931859906,0.539388975032626,4,qUCB,0.48,0.0,0.42,0.0,0.0,0.0,0.0,0.0,0.04,0.0,0.0,0.0,0.0,0.02,0.04
15,3,3,2,True,3.3997039400988065,0.21012085864864538,0,qEHVI,0.26,0.02,0.62,0.04,0.0,0.0,0.0,0.0,0.02,0.0,0.0,0.04,0.0,0.0,0.0
15,3,3,2,True,3.3997039400988065,0.21012085864864538,1,qEHVI,0.54,0.06,0.32,0.0,0.04,0.0,0.0,0.0,0.0,0.0,0.0,0.0,0.0,0.04,0.0
15,3,3,2,True,3.3997039400988065,0.21012085864864538,2,qEHVI,0.02,0.34,0.62,0.0,0.0,0.0,0.0,0.0,0.0,0.0,0.0,0.02,0.0,0.0,0.0
15,3,3,2,True,3.3997039400988065,0.21012085864864538,3,qUCB,0.48,0.0,0.42,0.0,0.0,0.0,0.0,0.0,0.04,0.0,0.0,0.0,0.0,0.02,0.04
15,3,3,2,True,3.3997039400988065,0.21012085864864538,4,qUCB,0.02,0.24,0.64,0.04,0.04,0.0,0.0,0.0,0.0,0.0,0.0,0.0,0.0,0.0,0.02
15,4,2,3,False,2.6919505828247745,0.6538600831028862,0,qEHVI,0.26,0.02,0.62,0.04,0.0,0.0,0.0,0.0,0.02,0.0,0.0,0.04,0.0,0.0,0.0
15,4,2,3,False,2.6919505828247745,0.6538600831028862,1,qEHVI,0.0,0.32,0.62,0.0,0.04,0.0,0.0,0.0,0.0,0.0,0.0,0.02,0.0,0.0,0.0
15,4,2,3,False,2.6919505828247745,0.6538600831028862,2,qUCB,0.46,0.08,0.36,0.0,0.0,0.0,0.0,0.0,0.02,0.0,0.0,0.0,0.0,0.04,0.04
15,4,2,3,False,2.6919505828247745,0.6538600831028862,3,qUCB,0.14,0.14,0.62,0.02,0.0,0.0,0.0,0.0,0.0,0.0,0.0,0.0,0.0,0.04,0.04
15,4,2,3,False,2.6919505828247745,0.6538600831028862,4,qUCB,0.04,0.22,0.64,0.0,0.0,0.0,0.0,0.0,0.04,0.0,0.0,0.0,0.0,0.02,0.04
15,5,1,4,False,3.019745447433886,0.022937232360536797,0,qEHVI,0.26,0.02,0.62,0.04,0.0,0.0,0.0,0.0,0.02,0.0,0.0,0.04,0.0,0.0,0.0
15,5,1,4,False,3.019745447433886,0.022937232360536797,1,qUCB,0.48,0.02,0.4,0.0,0.04,0.0,0.0,0.0,0.0,0.0,0.0,0.0,0.0,0.04,0.02
15,5,1,4,False,3.019745447433886,0.022937232360536797,2,qUCB,0.16,0.12,0.62,0.0,0.04,0.0,0.0,0.0,0.0,0.0,0.0,0.0,0.0,0.04,0.02
15,5,1,4,False,3.019745447433886,0.022937232360536797,3,qUCB,0.02,0.24,0.64,0.04,0.04,0.0,0.0,0.0,0.0,0.0,0.0,0.0,0.0,0.0,0.02
15,5,1,4,False,3.019745447433886,0.022937232360536797,4,qUCB,0.26,0.04,0.6,0.04,0.02,0.0,0.0,0.0,0.0,0.0,0.0,0.0,0.0,0.04,0.0
15,6,0,5,False,3.046577310434054,1.1853892526751828,0,qUCB,0.54,0.04,0.38,0.0,0.02,0.0,0.0,0.0,0.0,0.0,0.0,0.0,0.0,0.0,0.02
15,6,0,5,False,3.046577310434054,1.1853892526751828,1,qUCB,0.12,0.18,0.62,0.04,0.0,0.0,0.0,0.0,0.0,0.0,0.0,0.04,0.0,0.0,0.0
15,6,0,5,False,3.046577310434054,1.1853892526751828,2,qUCB,0.28,0.0,0.64,0.0,0.0,0.0,0.0,0.0,0.02,0.0,0.0,0.04,0.0,0.02,0.0
15,6,0,5,False,3.046577310434054,1.1853892526751828,3,qUCB,0.0,0.32,0.64,0.02,0.0,0.0,0.0,0.0,0.0,0.0,0.0,0.0,0.0,0.02,0.0
15,6,0,5,False,3.046577310434054,1.1853892526751828,4,qUCB,0.28,0.02,0.62,0.04,0.0,0.0,0.0,0.0,0.0,0.0,0.0,0.0,0.0,0.02,0.02
16,1,5,0,False,1.9668823171440508,0.739290640838302,0,qEHVI,0.48,0.0,0.42,0.0,0.04,0.0,0.0,0.0,0.04,0.0,0.0,0.02,0.0,0.0,0.0
16,1,5,0,False,1.9668823171440508,0.739290640838302,1,qEHVI,0.64,0.02,0.3,0.0,0.0,0.0,0.0,0.0,0.02,0.0,0.0,0.02,0.0,0.0,0.0
16,1,5,0,False,1.9668823171440508,0.739290640838302,2,qEHVI,0.62,0.0,0.3,0.02,0.0,0.0,0.0,0.0,0.0,0.0,0.0,0.04,0.0,0.0,0.02
16,1,5,0,False,1.9668823171440508,0.739290640838302,3,qEHVI,0.5,0.12,0.28,0.02,0.04,0.0,0.0,0.0,0.0,0.0,0.0,0.04,0.0,0.0,0.0
16,1,5,0,False,1.9668823171440508,0.739290640838302,4,qEHVI,0.32,0.26,0.38,0.0,0.04,0.0,0.0,0.0,0.0,0.0,0.0,0.0,0.0,0.0,0.0
16,2,4,1,False,1.8389003209319263,0.30805768849689663,0,qEHVI,0.48,0.0,0.42,0.0,0.04,0.0,0.0,0.0,0.04,0.0,0.0,0.02,0.0,0.0,0.0
16,2,4,1,False,1.8389003209319263,0.30805768849689663,1,qEHVI,0.64,0.02,0.3,0.0,0.0,0.0,0.0,0.0,0.02,0.0,0.0,0.02,0.0,0.0,0.0
16,2,4,1,False,1.8389003209319263,0.30805768849689663,2,qEHVI,0.62,0.0,0.3,0.02,0.0,0.0,0.0,0.0,0.0,0.0,0.0,0.04,0.0,0.0,0.02
16,2,4,1,False,1.8389003209319263,0.30805768849689663,3,qEHVI,0.5,0.12,0.28,0.02,0.04,0.0,0.0,0.0,0.0,0.0,0.0,0.04,0.0,0.0,0.0
16,2,4,1,False,1.8389003209319263,0.30805768849689663,4,qUCB,0.46,0.04,0.4,0.0,0.04,0.0,0.0,0.0,0.0,0.0,0.0,0.0,0.0,0.02,0.04
16,3,3,2,True,1.6317329332699746,0.48499733578856397,0,qEHVI,0.48,0.0,0.42,0.0,0.04,0.0,0.0,0.0,0.04,0.0,0.0,0.02,0.0,0.0,0.0
16,3,3,2,True,1.6317329332699746,0.48499733578856397,1,qEHVI,0.64,0.02,0.3,0.0,0.0,0.0,0.0,0.0,0.02,0.0,0.0,0.02,0.0,0.0,0.0
16,3,3,2,True,1.6317329332699746,0.48499733578856397,2,qEHVI,0.62,0.0,0.3,0.02,0.0,0.0,0.0,0.0,0.0,0.0,0.0,0.04,0.0,0.0,0.02
16,3,3,2,True,1.6317329332699746,0.48499733578856397,3,qUCB,0.46,0.04,0.4,0.0,0.04,0.0,0.0,0.0,0.0,0.0,0.0,0.0,0.0,0.02,0.04
16,3,3,2,True,1.6317329332699746,0.48499733578856397,4,qUCB,0.0,0.9,0.0,0.0,0.02,0.0,0.0,0.0,0.0,0.0,0.0,0.04,0.0,0.04,0.0
16,4,2,3,False,1.2011579685932887,0.46920851744134606,0,qEHVI,0.48,0.0,0.42,0.0,0.04,0.0,0.0,0.0,0.04,0.0,0.0,0.02,0.0,0.0,0.0
16,4,2,3,False,1.2011579685932887,0.46920851744134606,1,qEHVI,0.64,0.02,0.3,0.0,0.0,0.0,0.0,0.0,0.02,0.0,0.0,0.02,0.0,0.0,0.0
16,4,2,3,False,1.2011579685932887,0.46920851744134606,2,qUCB,0.46,0.06,0.38,0.02,0.0,0.0,0.0,0.0,0.0,0.0,0.0,0.0,0.0,0.04,0.04
16,4,2,3,False,1.2011579685932887,0.46920851744134606,3,qUCB,0.0,0.9,0.0,0.0,0.02,0.0,0.0,0.0,0.0,0.0,0.0,0.04,0.0,0.04,0.0
16,4,2,3,False,1.2011579685932887,0.46920851744134606,4,qUCB,0.0,0.68,0.22,0.04,0.0,0.0,0.0,0.0,0.0,0.0,0.0,0.0,0.0,0.02,0.04
16,5,1,4,False,0.8217876726820313,0.061062264844733205,0,qEHVI,0.48,0.0,0.42,0.0,0.04,0.0,0.0,0.0,0.04,0.0,0.0,0.02,0.0,0.0,0.0
16,5,1,4,False,0.8217876726820313,0.061062264844733205,1,qUCB,0.46,0.06,0.38,0.02,0.0,0.0,0.0,0.0,0.0,0.0,0.0,0.0,0.0,0.04,0.04
16,5,1,4,False,0.8217876726820313,0.061062264844733205,2,qUCB,0.02,0.88,0.0,0.0,0.0,0.0,0.0,0.0,0.0,0.0,0.0,0.04,0.0,0.04,0.02
16,5,1,4,False,0.8217876726820313,0.061062264844733205,3,qUCB,0.0,0.68,0.22,0.04,0.0,0.0,0.0,0.0,0.0,0.0,0.0,0.0,0.0,0.02,0.04
16,5,1,4,False,0.8217876726820313,0.061062264844733205,4,qUCB,0.84,0.06,0.0,0.04,0.0,0.0,0.0,0.0,0.0,0.0,0.0,0.04,0.0,0.02,0.0
16,6,0,5,False,0.4647523828329593,0.1386695186018656,0,qUCB,0.56,0.02,0.38,0.02,0.02,0.0,0.0,0.0,0.0,0.0,0.0,0.0,0.0,0.0,0.0
16,6,0,5,False,0.4647523828329593,0.1386695186018656,1,qUCB,0.5,0.08,0.4,0.0,0.0,0.0,0.0,0.0,0.0,0.0,0.0,0.0,0.0,0.02,0.0
16,6,0,5,False,0.4647523828329593,0.1386695186018656,2,qUCB,0.84,0.06,0.0,0.04,0.0,0.0,0.0,0.0,0.0,0.0,0.0,0.04,0.0,0.02,0.0
16,6,0,5,False,0.4647523828329593,0.1386695186018656,3,qUCB,0.44,0.36,0.1,0.0,0.0,0.0,0.0,0.0,0.0,0.0,0.0,0.04,0.0,0.02,0.04
16,6,0,5,False,0.4647523828329593,0.1386695186018656,4,qUCB,0.52,0.28,0.12,0.02,0.0,0.0,0.0,0.0,0.0,0.0,0.0,0.04,0.0,0.02,0.0
17,1,5,0,False,1.5200774349480528,0.4763599275088186,0,qEHVI,0.54,0.0,0.44,0.0,0.0,0.0,0.0,0.0,0.0,0.0,0.0,0.02,0.0,0.0,0.0
17,1,5,0,False,1.5200774349480528,0.4763599275088186,1,qEHVI,0.52,0.06,0.32,0.02,0.02,0.0,0.0,0.0,0.0,0.0,0.0,0.04,0.0,0.02,0.0
17,1,5,0,False,1.5200774349480528,0.4763599275088186,2,qEHVI,0.24,0.3,0.42,0.0,0.04,0.0,0.0,0.0,0.0,0.0,0.0,0.0,0.0,0.0,0.0
17,1,5,0,False,1.5200774349480528,0.4763599275088186,3,qEHVI,0.66,0.02,0.28,0.0,0.0,0.0,0.0,0.0,0.0,0.0,0.0,0.02,0.0,0.0,0.02
17,1,5,0,False,1.5200774349480528,0.4763599275088186,4,qEHVI,0.5,0.0,0.4,0.0,0.04,0.0,0.0,0.0,0.04,0.0,0.0,0.0,0.0,0.02,0.0
17,2,4,1,False,1.3461190335860884,0.34901278268953284,0,qEHVI,0.54,0.0,0.44,0.0,0.0,0.0,0.0,0.0,0.0,0.0,0.0,0.02,0.0,0.0,0.0
17,2,4,1,False,1.3461190335860884,0.34901278268953284,1,qEHVI,0.52,0.06,0.32,0.02,0.02,0.0,0.0,0.0,0.0,0.0,0.0,0.04,0.0,0.02,0.0
17,2,4,1,False,1.3461190335860884,0.34901278268953284,2,qEHVI,0.24,0.3,0.42,0.0,0.04,0.0,0.0,0.0,0.0,0.0,0.0,0.0,0.0,0.0,0.0
17,2,4,1,False,1.3461190335860884,0.34901278268953284,3,qEHVI,0.66,0.02,0.28,0.0,0.0,0.0,0.0,0.0,0.0,0.0,0.0,0.02,0.0,0.0,0.02
17,2,4,1,False,1.3461190335860884,0.34901278268953284,4,qUCB,0.44,0.08,0.4,0.0,0.0,0.0,0.0,0.0,0.04,0.0,0.0,0.0,0.0,0.04,0.0
17,3,3,2,True,1.1218420769951112,0.38506659559254164,0,qEHVI,0.54,0.0,0.44,0.0,0.0,0.0,0.0,0.0,0.0,0.0,0.0,0.02,0.0,0.0,0.0
17,3,3,2,True,1.1218420769951112,0.38506659559254164,1,qEHVI,0.52,0.06,0.32,0.02,0.02,0.0,0.0,0.0,0.0,0.0,0.0,0.04,0.0,0.02,0.0
17,3,3,2,True,1.1218420769951112,0.38506659559254164,2,qEHVI,0.24,0.3,0.42,0.0,0.04,0.0,0.0,0.0,0.0,0.0,0.0,0.0,0.0,0.0,0.0
17,3,3,2,True,1.1218420769951112,0.38506659559254164,3,qUCB,0.38,0.12,0.4,0.0,0.0,0.0,0.0,0.0,0.02,0.0,0.0,0.0,0.0,0.04,0.04
17,3,3,2,True,1.1218420769951112,0.38506659559254164,4,qUCB,0.0,0.7000000000000001,0.2,0.04,0.0,0.0,0.0,0.0,0.02,0.0,0.0,0.0,0.0,0.0,0.04
17,4,2,3,False,1.1026700048104954,0.2652051451380304,0,qEHVI,0.54,0.0,0.44,0.0,0.0,0.0,0.0,0.0,0.0,0.0,0.0,0.02,0.0,0.0,0.0
17,4,2,3,False,1.1026700048104954,0.2652051451380304,1,qEHVI,0.52,0.06,0.32,0.02,0.02,0.0,0.0,0.0,0.0,0.0,0.0,0.04,0.0,0.02,0.0
17,4,2,3,False,1.1026700048104954,0.2652051451380304,2,qUCB,0.5,0.0,0.4,0.0,0.04,0.0,0.0,0.0,0.04,0.0,0.0,0.0,0.0,0.02,0.0
17,4,2,3,False,1.1026700048104954,0.2652051451380304,3,qUCB,0.38,0.12,0.4,0.0,0.0,0.0,0.0,0.0,0.02,0.0,0.0,0.0,0.0,0.04,0.04
17,4,2,3,False,1.1026700048104954,0.2652051451380304,4,qUCB,0.0,0.7000000000000001,0.2,0.04,0.0,0.0,0.0,0.0,0.02,0.0,0.0,0.0,0.0,0.0,0.04
17,5,1,4,False,0.7673743649901398,0.08777353853255221,0,qEHVI,0.54,0.0,0.44,0.0,0.0,0.0,0.0,0.0,0.0,0.0,0.0,0.02,0.0,0.0,0.0
17,5,1,4,False,0.7673743649901398,0.08777353853255221,1,qUCB,0.42,0.1,0.38,0.0,0.04,0.0,0.0,0.0,0.02,0.0,0.0,0.0,0.0,0.04,0.0
17,5,1,4,False,0.7673743649901398,0.08777353853255221,2,qUCB,0.0,0.68,0.22,0.04,0.0,0.0,0.0,0.0,0.0,0.0,0.0,0.0,0.0,0.02,0.04
17,5,1,4,False,0.7673743649901398,0.08777353853255221,3,qUCB,0.84,0.06,0.0,0.04,0.0,0.0,0.0,0.0,0.0,0.0,0.0,0.0,0.0,0.02,0.04
17,5,1,4,False,0.7673743649901398,0.08777353853255221,4,qUCB,0.5,0.0,0.4,0.0,0.04,0.0,0.0,0.0,0.04,0.0,0.0,0.0,0.0,0.02,0.0
17,6,0,5,False,0.8101942779571272,0.2827738252689169,0,qUCB,0.52,0.34,0.08,0.02,0.0,0.0,0.0,0.0,0.0,0.0,0.0,0.04,0.0,0.0,0.0
17,6,0,5,False,0.8101942779571272,0.2827738252689169,1,qUCB,0.44,0.36,0.1,0.0,0.02,0.0,0.0,0.0,0.0,0.0,0.0,0.04,0.0,0.04,0.0
17,6,0,5,False,0.8101942779571272,0.2827738252689169,2,qUCB,0.54,0.02,0.38,0.02,0.0,0.0,0.0,0.0,0.0,0.0,0.0,0.0,0.0,0.04,0.0
17,6,0,5,False,0.8101942779571272,0.2827738252689169,3,qUCB,0.42,0.12,0.4,0.0,0.02,0.0,0.0,0.0,0.04,0.0,0.0,0.0,0.0,0.0,0.0
17,6,0,5,False,0.8101942779571272,0.2827738252689169,4,qUCB,0.56,0.0,0.4,0.0,0.0,0.0,0.0,0.0,0.0,0.0,0.0,0.0,0.0,0.0,0.04
18,1,5,0,False,1.2053505486693479,0.4398035102903215,0,qEHVI,0.56,0.06,0.3,0.0,0.0,0.0,0.0,0.0,0.04,0.0,0.0,0.0,0.0,0.02,0.02
18,1,5,0,False,1.2053505486693479,0.4398035102903215,1,qEHVI,0.46,0.0,0.44,0.0,0.0,0.0,0.0,0.0,0.04,0.0,0.0,0.02,0.0,0.04,0.0
18,1,5,0,False,1.2053505486693479,0.4398035102903215,2,qEHVI,0.5,0.0,0.4,0.0,0.0,0.0,0.0,0.0,0.02,0.0,0.0,0.0,0.0,0.04,0.04
18,1,5,0,False,1.2053505486693479,0.4398035102903215,3,qEHVI,0.58,0.08,0.28,0.0,0.0,0.0,0.0,0.0,0.0,0.0,0.0,0.0,0.0,0.02,0.04
18,1,5,0,False,1.2053505486693479,0.4398035102903215,4,qEHVI,0.58,0.32,0.0,0.0,0.04,0.0,0.0,0.0,0.0,0.0,0.0,0.0,0.0,0.04,0.02
18,2,4,1,False,1.0926424187836798,0.2650880333018275,0,qEHVI,0.56,0.06,0.3,0.0,0.0,0.0,0.0,0.0,0.04,0.0,0.0,0.0,0.0,0.02,0.02
18,2,4,1,False,1.0926424187836798,0.2650880333018275,1,qEHVI,0.46,0.0,0.44,0.0,0.0,0.0,0.0,0.0,0.04,0.0,0.0,0.02,0.0,0.04,0.0
18,2,4,1,False,1.0926424187836798,0.2650880333018275,2,qEHVI,0.5,0.0,0.4,0.0,0.0,0.0,0.0,0.0,0.02,0.0,0.0,0.0,0.0,0.04,0.04
18,2,4,1,False,1.0926424187836798,0.2650880333018275,3,qEHVI,0.58,0.08,0.28,0.0,0.0,0.0,0.0,0.0,0.0,0.0,0.0,0.0,0.0,0.02,0.04
18,2,4,1,False,1.0926424187836798,0.2650880333018275,4,qUCB,0.56,0.24,0.1,0.04,0.02,0.0,0.0,0.0,0.0,0.0,0.0,0.04,0.0,0.0,0.0
18,3,3,2,True,1.0397045136914986,0.3058948108941042,0,qEHVI,0.56,0.06,0.3,0.0,0.0,0.0,0.0,0.0,0.04,0.0,0.0,0.0,0.0,0.02,0.02
18,3,3,2,True,1.0397045136914986,0.3058948108941042,1,qEHVI,0.46,0.0,0.44,0.0,0.0,0.0,0.0,0.0,0.04,0.0,0.0,0.02,0.0,0.04,0.0
18,3,3,2,True,1.0397045136914986,0.3058948108941042,2,qEHVI,0.5,0.0,0.4,0.0,0.0,0.0,0.0,0.0,0.02,0.0,0.0,0.0,0.0,0.04,0.04
18,3,3,2,True,1.0397045136914986,0.3058948108941042,3,qUCB,0.56,0.24,0.1,0.04,0.02,0.0,0.0,0.0,0.0,0.0,0.0,0.04,0.0,0.0,0.0
18,3,3,2,True,1.0397045136914986,0.3058948108941042,4,qUCB,0.8200000000000001,0.08,0.0,0.04,0.02,0.0,0.0,0.0,0.0,0.0,0.0,0.04,0.0,0.0,0.0
18,4,2,3,False,0.9251693414762643,0.19013060702232565,0,qEHVI,0.56,0.06,0.3,0.0,0.0,0.0,0.0,0.0,0.04,0.0,0.0,0.0,0.0,0.02,0.02
18,4,2,3,False,0.9251693414762643,0.19013060702232565,1,qEHVI,0.46,0.0,0.44,0.0,0.0,0.0,0.0,0.0,0.04,0.0,0.0,0.02,0.0,0.04,0.0
18,4,2,3,False,0.9251693414762643,0.19013060702232565,2,qUCB,0.56,0.24,0.1,0.04,0.02,0.0,0.0,0.0,0.0,0.0,0.0,0.04,0.0,0.0,0.0
18,4,2,3,False,0.9251693414762643,0.19013060702232565,3,qUCB,0.8200000000000001,0.08,0.0,0.04,0.02,0.0,0.0,0.0,0.0,0.0,0.0,0.04,0.0,0.0,0.0
18,4,2,3,False,0.9251693414762643,0.19013060702232565,4,qUCB,0.34,0.5,0.08,0.0,0.04,0.0,0.0,0.0,0.0,0.0,0.0,0.04,0.0,0.0,0.0
18,5,1,4,False,0.5862896474437171,0.8316653236548053,0,qEHVI,0.56,0.06,0.3,0.0,0.0,0.0,0.0,0.0,0.04,0.0,0.0,0.0,0.0,0.02,0.02
18,5,1,4,False,0.5862896474437171,0.8316653236548053,1,qUCB,0.56,0.24,0.1,0.04,0.02,0.0,0.0,0.0,0.0,0.0,0.0,0.04,0.0,0.0,0.0
18,5,1,4,False,0.5862896474437171,0.8316653236548053,2,qUCB,0.42,0.3,0.18,0.02,0.04,0.0,0.0,0.0,0.0,0.0,0.0,0.04,0.0,0.0,0.0
18,5,1,4,False,0.5862896474437171,0.8316653236548053,3,qUCB,0.8200000000000001,0.08,0.0,0.04,0.02,0.0,0.0,0.0,0.0,0.0,0.0,0.04,0.0,0.0,0.0
18,5,1,4,False,0.5862896474437171,0.8316653236548053,4,qUCB,0.34,0.5,0.08,0.0,0.04,0.0,0.0,0.0,0.0,0.0,0.0,0.04,0.0,0.0,0.0
18,6,0,5,False,0.6782636042515602,0.4214142453206575,0,qUCB,0.5,0.0,0.4,0.0,0.0,0.0,0.0,0.0,0.02,0.0,0.0,0.0,0.0,0.04,0.04
18,6,0,5,False,0.6782636042515602,0.4214142453206575,1,qUCB,0.44,0.3,0.18,0.04,0.0,0.0,0.0,0.0,0.0,0.0,0.0,0.04,0.0,0.0,0.0
18,6,0,5,False,0.6782636042515602,0.4214142453206575,2,qUCB,0.44,0.36,0.1,0.0,0.0,0.0,0.0,0.0,0.0,0.0,0.0,0.04,0.0,0.02,0.04
18,6,0,5,False,0.6782636042515602,0.4214142453206575,3,qUCB,0.8200000000000001,0.08,0.0,0.04,0.02,0.0,0.0,0.0,0.0,0.0,0.0,0.04,0.0,0.0,0.0
18,6,0,5,False,0.6782636042515602,0.4214142453206575,4,qUCB,0.56,0.0,0.34,0.0,0.0,0.0,0.0,0.0,0.0,0.0,0.0,0.04,0.0,0.02,0.04
19,1,5,0,False,2.6029974211098015,0.09371480806604882,0,qEHVI,0.56,0.0,0.34,0.0,0.0,0.0,0.0,0.0,0.0,0.0,0.0,0.04,0.0,0.04,0.02
19,1,5,0,False,2.6029974211098015,0.09371480806604882,1,qEHVI,0.22,0.36,0.32,0.04,0.0,0.0,0.0,0.0,0.0,0.0,0.0,0.04,0.0,0.02,0.0
19,1,5,0,False,2.6029974211098015,0.09371480806604882,2,qEHVI,0.3,0.26,0.34,0.04,0.02,0.0,0.0,0.0,0.0,0.0,0.0,0.0,0.0,0.04,0.0
19,1,5,0,False,2.6029974211098015,0.09371480806604882,3,qEHVI,0.02,0.38,0.56,0.0,0.02,0.0,0.0,0.0,0.0,0.0,0.0,0.0,0.0,0.0,0.02
19,1,5,0,False,2.6029974211098015,0.09371480806604882,4,qEHVI,0.44,0.1,0.36,0.0,0.02,0.0,0.0,0.0,0.04,0.0,0.0,0.0,0.0,0.04,0.0
19,2,4,1,False,2.429463568619341,0.5755933805022422,0,qEHVI,0.56,0.0,0.34,0.0,0.0,0.0,0.0,0.0,0.0,0.0,0.0,0.04,0.0,0.04,0.02
19,2,4,1,False,2.429463568619341,0.5755933805022422,1,qEHVI,0.22,0.36,0.32,0.04,0.0,0.0,0.0,0.0,0.0,0.0,0.0,0.04,0.0,0.02,0.0
19,2,4,1,False,2.429463568619341,0.5755933805022422,2,qEHVI,0.3,0.26,0.34,0.04,0.02,0.0,0.0,0.0,0.0,0.0,0.0,0.0,0.0,0.04,0.0
19,2,4,1,False,2.429463568619341,0.5755933805022422,3,qEHVI,0.44,0.1,0.36,0.0,0.02,0.0,0.0,0.0,0.04,0.0,0.0,0.0,0.0,0.04,0.0
19,2,4,1,False,2.429463568619341,0.5755933805022422,4,qUCB,0.54,0.32,0.04,0.0,0.04,0.0,0.0,0.0,0.02,0.0,0.0,0.04,0.0,0.0,0.0
19,3,3,2,True,2.3126573309182343,0.28234368281707667,0,qEHVI,0.56,0.0,0.34,0.0,0.0,0.0,0.0,0.0,0.0,0.0,0.0,0.04,0.0,0.04,0.02
19,3,3,2,True,2.3126573309182343,0.28234368281707667,1,qEHVI,0.22,0.36,0.32,0.04,0.0,0.0,0.0,0.0,0.0,0.0,0.0,0.04,0.0,0.02,0.0
19,3,3,2,True,2.3126573309182343,0.28234368281707667,2,qEHVI,0.3,0.26,0.34,0.04,0.02,0.0,0.0,0.0,0.0,0.0,0.0,0.0,0.0,0.04,0.0
19,3,3,2,True,2.3126573309182343,0.28234368281707667,3,qUCB,0.52,0.0,0.38,0.0,0.04,0.0,0.0,0.0,0.04,0.0,0.0,0.02,0.0,0.0,0.0
19,3,3,2,True,2.3126573309182343,0.28234368281707667,4,qUCB,0.38,0.18,0.34,0.0,0.02,0.0,0.0,0.0,0.04,0.0,0.0,0.0,0.0,0.0,0.04
19,4,2,3,False,1.8994813083137958,0.055286176969250644,0,qEHVI,0.56,0.0,0.34,0.0,0.0,0.0,0.0,0.0,0.0,0.0,0.0,0.04,0.0,0.04,0.02
19,4,2,3,False,1.8994813083137958,0.055286176969250644,1,qEHVI,0.3,0.26,0.34,0.04,0.02,0.0,0.0,0.0,0.0,0.0,0.0,0.0,0.0,0.04,0.0
19,4,2,3,False,1.8994813083137958,0.055286176969250644,2,qUCB,0.52,0.0,0.38,0.0,0.04,0.0,0.0,0.0,0.04,0.0,0.0,0.02,0.0,0.0,0.0
19,4,2,3,False,1.8994813083137958,0.055286176969250644,3,qUCB,0.28,0.28,0.34,0.0,0.02,0.0,0.0,0.0,0.04,0.0,0.0,0.0,0.0,0.0,0.04
19,4,2,3,False,1.8994813083137958,0.055286176969250644,4,qUCB,0.02,0.6,0.28,0.04,0.0,0.0,0.0,0.0,0.02,0.0,0.0,0.04,0.0,0.0,0.0
19,5,1,4,False,1.5758976293221663,1.0700706569990492,0,qEHVI,0.56,0.0,0.34,0.0,0.0,0.0,0.0,0.0,0.0,0.0,0.0,0.04,0.0,0.04,0.02
19,5,1,4,False,1.5758976293221663,1.0700706569990492,1,qUCB,0.08,0.5,0.32,0.04,0.04,0.0,0.0,0.0,0.02,0.0,0.0,0.0,0.0,0.0,0.0
19,5,1,4,False,1.5758976293221663,1.0700706569990492,2,qUCB,0.38,0.16,0.36,0.04,0.04,0.0,0.0,0.0,0.02,0.0,0.0,0.0,0.0,0.0,0.0
19,5,1,4,False,1.5758976293221663,1.0700706569990492,3,qUCB,0.0,0.36,0.54,0.04,0.04,0.0,0.0,0.0,0.02,0.0,0.0,0.0,0.0,0.0,0.0
19,5,1,4,False,1.5758976293221663,1.0700706569990492,4,qUCB,0.26,0.0,0.66,0.0,0.04,0.0,0.0,0.0,0.04,0.0,0.0,0.0,0.0,0.0,0.0
19,6,0,5,False,1.6548957859176847,0.042910284421664,0,qUCB,0.42,0.12,0.36,0.02,0.0,0.0,0.0,0.0,0.0,0.0,0.0,0.0,0.0,0.04,0.04
19,6,0,5,False,1.6548957859176847,0.042910284421664,1,qUCB,0.06,0.52,0.32,0.04,0.0,0.0,0.0,0.0,0.0,0.0,0.0,0.04,0.0,0.02,0.0
19,6,0,5,False,1.6548957859176847,0.042910284421664,2,qUCB,0.04,0.56,0.32,0.04,0.02,0.0,0.0,0.0,0.02,0.0,0.0,0.0,0.0,0.0,0.0
19,6,0,5,False,1.6548957859176847,0.042910284421664,3,qUCB,0.34,0.24,0.34,0.04,0.0,0.0,0.0,0.0,0.0,0.0,0.0,0.04,0.0,0.0,0.0
19,6,0,5,False,1.6548957859176847,0.042910284421664,4,qUCB,0.0,0.34,0.56,0.04,0.02,0.0,0.0,0.0,0.0,0.0,0.0,0.0,0.0,0.02,0.02
20,1,5,0,False,2.0228177541482713,0.09561411605049763,0,qEHVI,0.54,0.0,0.36,0.0,0.02,0.0,0.0,0.0,0.02,0.0,0.0,0.02,0.0,0.04,0.0
20,1,5,0,False,2.0228177541482713,0.09561411605049763,1,qEHVI,0.0,0.36,0.56,0.0,0.0,0.0,0.0,0.0,0.04,0.0,0.0,0.0,0.0,0.02,0.02
20,1,5,0,False,2.0228177541482713,0.09561411605049763,2,qEHVI,0.26,0.3,0.36,0.0,0.0,0.0,0.0,0.0,0.02,0.0,0.0,0.0,0.0,0.04,0.02
20,1,5,0,False,2.0228177541482713,0.09561411605049763,3,qEHVI,0.6,0.32,0.0,0.0,0.0,0.0,0.0,0.0,0.02,0.0,0.0,0.02,0.0,0.04,0.0
20,1,5,0,False,2.0228177541482713,0.09561411605049763,4,qEHVI,0.02,0.34,0.56,0.04,0.02,0.0,0.0,0.0,0.02,0.0,0.0,0.0,0.0,0.0,0.0
20,2,4,1,False,1.790799882977177,0.21581831783630934,0,qEHVI,0.54,0.0,0.36,0.0,0.02,0.0,0.0,0.0,0.02,0.0,0.0,0.02,0.0,0.04,0.0
20,2,4,1,False,1.790799882977177,0.21581831783630934,1,qEHVI,0.0,0.36,0.56,0.0,0.0,0.0,0.0,0.0,0.04,0.0,0.0,0.0,0.0,0.02,0.02
20,2,4,1,False,1.790799882977177,0.21581831783630934,2,qEHVI,0.26,0.3,0.36,0.0,0.0,0.0,0.0,0.0,0.02,0.0,0.0,0.0,0.0,0.04,0.02
20,2,4,1,False,1.790799882977177,0.21581831783630934,3,qEHVI,0.6,0.32,0.0,0.0,0.0,0.0,0.0,0.0,0.02,0.0,0.0,0.02,0.0,0.04,0.0
20,2,4,1,False,1.790799882977177,0.21581831783630934,4,qUCB,0.42,0.1,0.38,0.02,0.04,0.0,0.0,0.0,0.0,0.0,0.0,0.0,0.0,0.0,0.04
20,3,3,2,True,1.7235060208872628,0.23282048466897187,0,qEHVI,0.54,0.0,0.36,0.0,0.02,0.0,0.0,0.0,0.02,0.0,0.0,0.02,0.0,0.04,0.0
20,3,3,2,True,1.7235060208872628,0.23282048466897187,1,qEHVI,0.0,0.36,0.56,0.0,0.0,0.0,0.0,0.0,0.04,0.0,0.0,0.0,0.0,0.02,0.02
20,3,3,2,True,1.7235060208872628,0.23282048466897187,2,qEHVI,0.26,0.3,0.36,0.0,0.0,0.0,0.0,0.0,0.02,0.0,0.0,0.0,0.0,0.04,0.02
20,3,3,2,True,1.7235060208872628,0.23282048466897187,3,qUCB,0.54,0.2,0.16,0.04,0.0,0.0,0.0,0.0,0.0,0.0,0.0,0.04,0.0,0.0,0.02
20,3,3,2,True,1.7235060208872628,0.23282048466897187,4,qUCB,0.1,0.66,0.14,0.04,0.0,0.0,0.0,0.0,0.0,0.0,0.0,0.04,0.0,0.0,0.02
20,4,2,3,False,1.5302873852718923,0.5966724049355182,0,qEHVI,0.54,0.0,0.36,0.0,0.02,0.0,0.0,0.0,0.02,0.0,0.0,0.02,0.0,0.04,0.0
20,4,2,3,False,1.5302873852718923,0.5966724049355182,1,qEHVI,0.0,0.36,0.56,0.0,0.0,0.0,0.0,0.0,0.04,0.0,0.0,0.0,0.0,0.02,0.02
20,4,2,3,False,1.5302873852718923,0.5966724049355182,2,qUCB,0.42,0.1,0.38,0.02,0.04,0.0,0.0,0.0,0.0,0.0,0.0,0.0,0.0,0.0,0.04
20,4,2,3,False,1.5302873852718923,0.5966724049355182,3,qUCB,0.1,0.66,0.14,0.04,0.0,0.0,0.0,0.0,0.0,0.0,0.0,0.04,0.0,0.0,0.02
20,4,2,3,False,1.5302873852718923,0.5966724049355182,4,qUCB,0.44,0.28,0.18,0.04,0.02,0.0,0.0,0.0,0.0,0.0,0.0,0.04,0.0,0.0,0.0
20,5,1,4,False,1.25618004701941,0.21924354528298595,0,qEHVI,0.54,0.0,0.36,0.0,0.02,0.0,0.0,0.0,0.02,0.0,0.0,0.02,0.0,0.04,0.0
20,5,1,4,False,1.25618004701941,0.21924354528298595,1,qUCB,0.42,0.12,0.36,0.04,0.0,0.0,0.0,0.0,0.02,0.0,0.0,0.0,0.0,0.0,0.04
20,5,1,4,False,1.25618004701941,0.21924354528298595,2,qUCB,0.28,0.48,0.14,0.04,0.0,0.0,0.0,0.0,0.0,0.0,0.0,0.02,0.0,0.0,0.04
20,5,1,4,False,1.25618004701941,0.21924354528298595,3,qUCB,0.04,0.32,0.56,0.04,0.0,0.0,0.0,0.0,0.02,0.0,0.0,0.0,0.0,0.0,0.02
20,5,1,4,False,1.25618004701941,0.21924354528298595,4,qUCB,0.1,0.66,0.14,0.04,0.0,0.0,0.0,0.0,0.0,0.0,0.0,0.04,0.0,0.0,0.02
20,6,0,5,False,1.4412765151812164,0.15694495207865078,0,qUCB,0.44,0.1,0.36,0.02,0.02,0.0,0.0,0.0,0.0,0.0,0.0,0.0,0.0,0.04,0.02
20,6,0,5,False,1.4412765151812164,0.15694495207865078,1,qUCB,0.44,0.28,0.18,0.04,0.02,0.0,0.0,0.0,0.0,0.0,0.0,0.04,0.0,0.0,0.0
20,6,0,5,False,1.4412765151812164,0.15694495207865078,2,qUCB,0.02,0.34,0.56,0.04,0.02,0.0,0.0,0.0,0.02,0.0,0.0,0.0,0.0,0.0,0.0
20,6,0,5,False,1.4412765151812164,0.15694495207865078,3,qUCB,0.34,0.22,0.36,0.0,0.02,0.0,0.0,0.0,0.0,0.0,0.0,0.0,0.0,0.04,0.02
20,6,0,5,False,1.4412765151812164,0.15694495207865078,4,qUCB,0.12,0.0,0.8200000000000001,0.0,0.02,0.0,0.0,0.0,0.0,0.0,0.0,0.04,0.0,0.0,0.0
21,1,5,0,False,1.2317821162694378,0.23873175386466805,0,qEHVI,0.5,0.06,0.36,0.0,0.04,0.0,0.0,0.0,0.0,0.0,0.0,0.0,0.0,0.04,0.0
21,1,5,0,False,1.2317821162694378,0.23873175386466805,1,qEHVI,0.66,0.28,0.0,0.0,0.0,0.0,0.0,0.0,0.0,0.0,0.0,0.02,0.0,0.04,0.0
21,1,5,0,False,1.2317821162694378,0.23873175386466805,2,qEHVI,0.46,0.0,0.48,0.0,0.0,0.0,0.0,0.0,0.02,0.0,0.0,0.0,0.0,0.04,0.0
21,1,5,0,False,1.2317821162694378,0.23873175386466805,3,qEHVI,0.58,0.26,0.06,0.0,0.0,0.0,0.0,0.0,0.02,0.0,0.0,0.04,0.0,0.0,0.04
21,1,5,0,False,1.2317821162694378,0.23873175386466805,4,qEHVI,0.54,0.0,0.36,0.02,0.0,0.0,0.0,0.0,0.02,0.0,0.0,0.0,0.0,0.04,0.02
21,2,4,1,False,1.1524864991541635,0.5032596624730132,0,qEHVI,0.5,0.06,0.36,0.0,0.04,0.0,0.0,0.0,0.0,0.0,0.0,0.0,0.0,0.04,0.0
21,2,4,1,False,1.1524864991541635,0.5032596624730132,1,qEHVI,0.66,0.28,0.0,0.0,0.0,0.0,0.0,0.0,0.0,0.0,0.0,0.02,0.0,0.04,0.0
21,2,4,1,False,1.1524864991541635,0.5032596624730132,2,qEHVI,0.46,0.0,0.48,0.0,0.0,0.0,0.0,0.0,0.02,0.0,0.0,0.0,0.0,0.04,0.0
21,2,4,1,False,1.1524864991541635,0.5032596624730132,3,qEHVI,0.58,0.26,0.06,0.0,0.0,0.0,0.0,0.0,0.02,0.0,0.0,0.04,0.0,0.0,0.04
21,2,4,1,False,1.1524864991541635,0.5032596624730132,4,qUCB,0.54,0.02,0.34,0.04,0.02,0.0,0.0,0.0,0.02,0.0,0.0,0.0,0.0,0.0,0.02
21,3,3,2,True,0.9631632012570637,0.5741947801950018,0,qEHVI,0.5,0.06,0.36,0.0,0.04,0.0,0.0,0.0,0.0,0.0,0.0,0.0,0.0,0.04,0.0
21,3,3,2,True,0.9631632012570637,0.5741947801950018,1,qEHVI,0.66,0.28,0.0,0.0,0.0,0.0,0.0,0.0,0.0,0.0,0.0,0.02,0.0,0.04,0.0
21,3,3,2,True,0.9631632012570637,0.5741947801950018,2,qEHVI,0.46,0.0,0.48,0.0,0.0,0.0,0.0,0.0,0.02,0.0,0.0,0.0,0.0,0.04,0.0
21,3,3,2,True,0.9631632012570637,0.5741947801950018,3,qUCB,0.44,0.1,0.38,0.04,0.0,0.0,0.0,0.0,0.0,0.0,0.0,0.0,0.0,0.0,0.04
21,3,3,2,True,0.9631632012570637,0.5741947801950018,4,qUCB,0.78,0.04,0.08,0.04,0.0,0.0,0.0,0.0,0.02,0.0,0.0,0.0,0.0,0.0,0.04
21,4,2,3,False,0.8199432030170042,0.37907974103601716,0,qEHVI,0.5,0.06,0.36,0.0,0.04,0.0,0.0,0.0,0.0,0.0,0.0,0.0,0.0,0.04,0.0
21,4,2,3,False,0.8199432030170042,0.37907974103601716,1,qEHVI,0.66,0.28,0.0,0.0,0.0,0.0,0.0,0.0,0.0,0.0,0.0,0.02,0.0,0.04,0.0
21,4,2,3,False,0.8199432030170042,0.37907974103601716,2,qUCB,0.48,0.06,0.38,0.0,0.0,0.0,0.0,0.0,0.04,0.0,0.0,0.0,0.0,0.0,0.04
21,4,2,3,False,0.8199432030170042,0.37907974103601716,3,qUCB,0.26,0.0,0.66,0.0,0.0,0.0,0.0,0.0,0.04,0.0,0.0,0.0,0.0,0.0,0.04
21,4,2,3,False,0.8199432030170042,0.37907974103601716,4,qUCB,0.78,0.04,0.08,0.04,0.0,0.0,0.0,0.0,0.02,0.0,0.0,0.0,0.0,0.0,0.04
21,5,1,4,False,0.7773362294878504,0.13196696643401573,0,qEHVI,0.5,0.06,0.36,0.0,0.04,0.0,0.0,0.0,0.0,0.0,0.0,0.0,0.0,0.04,0.0
21,5,1,4,False,0.7773362294878504,0.13196696643401573,1,qUCB,0.58,0.26,0.06,0.0,0.0,0.0,0.0,0.0,0.02,0.0,0.0,0.04,0.0,0.0,0.04
21,5,1,4,False,0.7773362294878504,0.13196696643401573,2,qUCB,0.34,0.48,0.08,0.0,0.0,0.0,0.0,0.0,0.04,0.0,0.0,0.04,0.0,0.0,0.02
21,5,1,4,False,0.7773362294878504,0.13196696643401573,3,qUCB,0.26,0.0,0.66,0.0,0.0,0.0,0.0,0.0,0.04,0.0,0.0,0.0,0.0,0.0,0.04
21,5,1,4,False,0.7773362294878504,0.13196696643401573,4,qUCB,0.78,0.04,0.08,0.04,0.0,0.0,0.0,0.0,0.02,0.0,0.0,0.0,0.0,0.0,0.04
21,6,0,5,False,0.8491782812212755,0.2629574551894387,0,qUCB,0.5,0.06,0.36,0.0,0.04,0.0,0.0,0.0,0.0,0.0,0.0,0.0,0.0,0.04,0.0
21,6,0,5,False,0.8491782812212755,0.2629574551894387,1,qUCB,0.54,0.32,0.04,0.0,0.02,0.0,0.0,0.0,0.0,0.0,0.0,0.04,0.0,0.04,0.0
21,6,0,5,False,0.8491782812212755,0.2629574551894387,2,qUCB,0.26,0.0,0.66,0.0,0.0,0.0,0.0,0.0,0.04,0.0,0.0,0.0,0.0,0.0,0.04
21,6,0,5,False,0.8491782812212755,0.2629574551894387,3,qUCB,0.3,0.0,0.62,0.0,0.04,0.0,0.0,0.0,0.0,0.0,0.0,0.0,0.0,0.04,0.0
21,6,0,5,False,0.8491782812212755,0.2629574551894387,4,qUCB,0.54,0.0,0.36,0.02,0.0,0.0,0.0,0.0,0.02,0.0,0.0,0.0,0.0,0.04,0.02
22,1,5,0,False,1.0717624375814998,0.3177370342088075,0,qEHVI,0.5,0.04,0.36,0.02,0.02,0.0,0.0,0.0,0.0,0.0,0.0,0.0,0.0,0.04,0.02
22,1,5,0,False,1.0717624375814998,0.3177370342088075,1,qEHVI,0.5,0.36,0.06,0.0,0.04,0.0,0.0,0.0,0.0,0.0,0.0,0.04,0.0,0.0,0.0
22,1,5,0,False,1.0717624375814998,0.3177370342088075,2,qEHVI,0.4,0.34,0.16,0.0,0.04,0.0,0.0,0.0,0.02,0.0,0.0,0.04,0.0,0.0,0.0
22,1,5,0,False,1.0717624375814998,0.3177370342088075,3,qEHVI,0.42,0.0,0.48,0.02,0.0,0.0,0.0,0.0,0.04,0.0,0.0,0.0,0.0,0.04,0.0
22,1,5,0,False,1.0717624375814998,0.3177370342088075,4,qEHVI,0.54,0.08,0.32,0.02,0.0,0.0,0.0,0.0,0.02,0.0,0.0,0.0,0.0,0.0,0.02
22,2,4,1,False,0.9687554220412881,0.07697548038358981,0,qEHVI,0.5,0.04,0.36,0.02,0.02,0.0,0.0,0.0,0.0,0.0,0.0,0.0,0.0,0.04,0.02
22,2,4,1,False,0.9687554220412881,0.07697548038358981,1,qEHVI,0.5,0.36,0.06,0.0,0.04,0.0,0.0,0.0,0.0,0.0,0.0,0.04,0.0,0.0,0.0
22,2,4,1,False,0.9687554220412881,0.07697548038358981,2,qEHVI,0.42,0.0,0.48,0.02,0.0,0.0,0.0,0.0,0.04,0.0,0.0,0.0,0.0,0.04,0.0
22,2,4,1,False,0.9687554220412881,0.07697548038358981,3,qEHVI,0.4,0.34,0.16,0.0,0.04,0.0,0.0,0.0,0.02,0.0,0.0,0.04,0.0,0.0,0.0
22,2,4,1,False,0.9687554220412881,0.07697548038358981,4,qUCB,0.52,0.04,0.36,0.0,0.0,0.0,0.0,0.0,0.04,0.0,0.0,0.0,0.0,0.0,0.04
22,3,3,2,True,0.8178570219923715,0.09997292828680315,0,qEHVI,0.5,0.04,0.36,0.02,0.02,0.0,0.0,0.0,0.0,0.0,0.0,0.0,0.0,0.04,0.02
22,3,3,2,True,0.8178570219923715,0.09997292828680315,1,qEHVI,0.5,0.36,0.06,0.0,0.04,0.0,0.0,0.0,0.0,0.0,0.0,0.04,0.0,0.0,0.0
22,3,3,2,True,0.8178570219923715,0.09997292828680315,2,qEHVI,0.42,0.0,0.48,0.02,0.0,0.0,0.0,0.0,0.04,0.0,0.0,0.0,0.0,0.04,0.0
22,3,3,2,True,0.8178570219923715,0.09997292828680315,3,qUCB,0.4,0.42,0.08,0.0,0.0,0.0,0.0,0.0,0.04,0.0,0.0,0.02,0.0,0.0,0.04
22,3,3,2,True,0.8178570219923715,0.09997292828680315,4,qUCB,0.22,0.52,0.16,0.0,0.0,0.0,0.0,0.0,0.04,0.0,0.0,0.02,0.0,0.0,0.04
22,4,2,3,False,0.7277861216517115,0.07400108709486553,0,qEHVI,0.5,0.04,0.36,0.02,0.02,0.0,0.0,0.0,0.0,0.0,0.0,0.0,0.0,0.04,0.02
22,4,2,3,False,0.7277861216517115,0.07400108709486553,1,qEHVI,0.5,0.36,0.06,0.0,0.04,0.0,0.0,0.0,0.0,0.0,0.0,0.04,0.0,0.0,0.0
22,4,2,3,False,0.7277861216517115,0.07400108709486553,2,qUCB,0.4,0.42,0.08,0.0,0.0,0.0,0.0,0.0,0.04,0.0,0.0,0.02,0.0,0.0,0.04
22,4,2,3,False,0.7277861216517115,0.07400108709486553,3,qUCB,0.1,0.0,0.8200000000000001,0.0,0.0,0.0,0.0,0.0,0.04,0.0,0.0,0.04,0.0,0.0,0.0
22,4,2,3,False,0.7277861216517115,0.07400108709486553,4,qUCB,0.22,0.52,0.16,0.0,0.0,0.0,0.0,0.0,0.04,0.0,0.0,0.02,0.0,0.0,0.04
22,5,1,4,False,0.7535304762930641,0.12125090305708186,0,qEHVI,0.5,0.04,0.36,0.02,0.02,0.0,0.0,0.0,0.0,0.0,0.0,0.0,0.0,0.04,0.02
22,5,1,4,False,0.7535304762930641,0.12125090305708186,1,qUCB,0.44,0.4,0.06,0.0,0.02,0.0,0.0,0.0,0.04,0.0,0.0,0.04,0.0,0.0,0.0
22,5,1,4,False,0.7535304762930641,0.12125090305708186,2,qUCB,0.1,0.0,0.8200000000000001,0.0,0.0,0.0,0.0,0.0,0.04,0.0,0.0,0.04,0.0,0.0,0.0
22,5,1,4,False,0.7535304762930641,0.12125090305708186,3,qUCB,0.52,0.22,0.18,0.0,0.0,0.0,0.0,0.0,0.04,0.0,0.0,0.04,0.0,0.0,0.0
22,5,1,4,False,0.7535304762930641,0.12125090305708186,4,qUCB,0.66,0.18,0.06,0.0,0.0,0.0,0.0,0.0,0.04,0.0,0.0,0.04,0.0,0.0,0.02
22,6,0,5,False,0.7989056305038345,0.37865788206755546,0,qUCB,0.5,0.36,0.06,0.0,0.04,0.0,0.0,0.0,0.0,0.0,0.0,0.04,0.0,0.0,0.0
22,6,0,5,False,0.7989056305038345,0.37865788206755546,1,qUCB,0.4,0.34,0.16,0.0,0.04,0.0,0.0,0.0,0.02,0.0,0.0,0.04,0.0,0.0,0.0
22,6,0,5,False,0.7989056305038345,0.37865788206755546,2,qUCB,0.32,0.0,0.64,0.0,0.0,0.0,0.0,0.0,0.0,0.0,0.0,0.0,0.0,0.0,0.04
22,6,0,5,False,0.7989056305038345,0.37865788206755546,3,qUCB,0.48,0.06,0.36,0.04,0.0,0.0,0.0,0.0,0.0,0.0,0.0,0.0,0.0,0.04,0.02
22,6,0,5,False,0.7989056305038345,0.37865788206755546,4,qUCB,0.1,0.0,0.8200000000000001,0.0,0.0,0.0,0.0,0.0,0.04,0.0,0.0,0.04,0.0,0.0,0.0
23,1,5,0,False,0.9604848951840154,0.15143421033613258,0,qEHVI,0.52,0.02,0.36,0.0,0.04,0.0,0.0,0.0,0.02,0.0,0.0,0.02,0.0,0.02,0.0
23,1,5,0,False,0.9604848951840154,0.15143421033613258,1,qEHVI,0.54,0.3,0.06,0.02,0.0,0.0,0.0,0.0,0.0,0.0,0.0,0.04,0.0,0.04,0.0
23,1,5,0,False,0.9604848951840154,0.15143421033613258,2,qEHVI,0.5,0.0,0.4,0.02,0.0,0.0,0.0,0.0,0.0,0.0,0.0,0.04,0.0,0.04,0.0
23,1,5,0,False,0.9604848951840154,0.15143421033613258,3,qEHVI,0.58,0.26,0.06,0.0,0.04,0.0,0.0,0.0,0.0,0.0,0.0,0.04,0.0,0.0,0.02
23,1,5,0,False,0.9604848951840154,0.15143421033613258,4,qEHVI,0.5,0.38,0.02,0.0,0.02,0.0,0.0,0.0,0.0,0.0,0.0,0.04,0.0,0.04,0.0
23,2,4,1,False,0.8777438873597382,0.12269263391456775,0,qEHVI,0.52,0.02,0.36,0.0,0.04,0.0,0.0,0.0,0.02,0.0,0.0,0.02,0.0,0.02,0.0
23,2,4,1,False,0.8777438873597382,0.12269263391456775,1,qEHVI,0.54,0.3,0.06,0.02,0.0,0.0,0.0,0.0,0.0,0.0,0.0,0.04,0.0,0.04,0.0
23,2,4,1,False,0.8777438873597382,0.12269263391456775,2,qEHVI,0.5,0.0,0.4,0.02,0.0,0.0,0.0,0.0,0.0,0.0,0.0,0.04,0.0,0.04,0.0
23,2,4,1,False,0.8777438873597382,0.12269263391456775,3,qEHVI,0.58,0.26,0.06,0.0,0.04,0.0,0.0,0.0,0.0,0.0,0.0,0.04,0.0,0.0,0.02
23,2,4,1,False,0.8777438873597382,0.12269263391456775,4,qUCB,0.4,0.16,0.36,0.04,0.0,0.0,0.0,0.0,0.0,0.0,0.0,0.0,0.0,0.0,0.04
23,3,3,2,True,0.8099893366375137,0.06727203128609904,0,qEHVI,0.52,0.02,0.36,0.0,0.04,0.0,0.0,0.0,0.02,0.0,0.0,0.02,0.0,0.02,0.0
23,3,3,2,True,0.8099893366375137,0.06727203128609904,1,qEHVI,0.54,0.3,0.06,0.02,0.0,0.0,0.0,0.0,0.0,0.0,0.0,0.04,0.0,0.04,0.0
23,3,3,2,True,0.8099893366375137,0.06727203128609904,2,qEHVI,0.5,0.0,0.4,0.02,0.0,0.0,0.0,0.0,0.0,0.0,0.0,0.04,0.0,0.04,0.0
23,3,3,2,True,0.8099893366375137,0.06727203128609904,3,qUCB,0.4,0.16,0.36,0.04,0.0,0.0,0.0,0.0,0.0,0.0,0.0,0.0,0.0,0.0,0.04
23,3,3,2,True,0.8099893366375137,0.06727203128609904,4,qUCB,0.26,0.0,0.68,0.0,0.0,0.0,0.0,0.0,0.0,0.0,0.0,0.0,0.0,0.02,0.04
23,4,2,3,False,0.6915268625727123,0.009869440166488552,0,qEHVI,0.52,0.02,0.36,0.0,0.04,0.0,0.0,0.0,0.02,0.0,0.0,0.02,0.0,0.02,0.0
23,4,2,3,False,0.6915268625727123,0.009869440166488552,1,qEHVI,0.54,0.3,0.06,0.02,0.0,0.0,0.0,0.0,0.0,0.0,0.0,0.04,0.0,0.04,0.0
23,4,2,3,False,0.6915268625727123,0.009869440166488552,2,qUCB,0.4,0.16,0.36,0.04,0.0,0.0,0.0,0.0,0.0,0.0,0.0,0.0,0.0,0.0,0.04
23,4,2,3,False,0.6915268625727123,0.009869440166488552,3,qUCB,0.26,0.0,0.68,0.0,0.0,0.0,0.0,0.0,0.0,0.0,0.0,0.0,0.0,0.02,0.04
23,4,2,3,False,0.6915268625727123,0.009869440166488552,4,qUCB,0.14,0.0,0.8,0.0,0.0,0.0,0.0,0.0,0.0,0.0,0.0,0.04,0.0,0.0,0.02
23,5,1,4,False,0.49455971524803916,0.34857352124620533,0,qEHVI,0.52,0.02,0.36,0.0,0.04,0.0,0.0,0.0,0.02,0.0,0.0,0.02,0.0,0.02,0.0
23,5,1,4,False,0.49455971524803916,0.34857352124620533,1,qUCB,0.4,0.16,0.36,0.04,0.0,0.0,0.0,0.0,0.0,0.0,0.0,0.0,0.0,0.0,0.04
23,5,1,4,False,0.49455971524803916,0.34857352124620533,2,qUCB,0.04,0.3,0.56,0.04,0.0,0.0,0.0,0.0,0.0,0.0,0.0,0.04,0.0,0.0,0.02
23,5,1,4,False,0.49455971524803916,0.34857352124620533,3,qUCB,0.42,0.26,0.24,0.04,0.0,0.0,0.0,0.0,0.0,0.0,0.0,0.0,0.0,0.0,0.04
23,5,1,4,False,0.49455971524803916,0.34857352124620533,4,qUCB,0.1,0.8200000000000001,0.04,0.0,0.0,0.0,0.0,0.0,0.0,0.0,0.0,0.0,0.0,0.0,0.04
23,6,0,5,False,0.5391786969671258,0.11711767744251755,0,qUCB,0.52,0.34,0.06,0.0,0.0,0.0,0.0,0.0,0.0,0.0,0.0,0.04,0.0,0.04,0.0
23,6,0,5,False,0.5391786969671258,0.11711767744251755,1,qUCB,0.58,0.26,0.06,0.0,0.04,0.0,0.0,0.0,0.0,0.0,0.0,0.04,0.0,0.0,0.02
23,6,0,5,False,0.5391786969671258,0.11711767744251755,2,qUCB,0.14,0.0,0.8,0.0,0.0,0.0,0.0,0.0,0.0,0.0,0.0,0.04,0.0,0.0,0.02
23,6,0,5,False,0.5391786969671258,0.11711767744251755,3,qUCB,0.24,0.02,0.66,0.0,0.04,0.0,0.0,0.0,0.0,0.0,0.0,0.0,0.0,0.0,0.04
23,6,0,5,False,0.5391786969671258,0.11711767744251755,4,qUCB,0.5,0.0,0.4,0.02,0.0,0.0,0.0,0.0,0.0,0.0,0.0,0.04,0.0,0.04,0.0
24,1,5,0,False,1.365590551315731,0.12482419984362991,0,qEHVI,0.56,0.26,0.08,0.0,0.04,0.0,0.0,0.0,0.0,0.0,0.0,0.04,0.0,0.02,0.0
24,1,5,0,False,1.365590551315731,0.12482419984362991,1,qEHVI,0.5,0.06,0.36,0.0,0.0,0.0,0.0,0.0,0.02,0.0,0.0,0.02,0.0,0.04,0.0
24,1,5,0,False,1.365590551315731,0.12482419984362991,2,qEHVI,0.0,0.34,0.56,0.04,0.0,0.0,0.0,0.0,0.0,0.0,0.0,0.04,0.0,0.0,0.02
24,1,5,0,False,1.365590551315731,0.12482419984362991,3,qEHVI,0.42,0.12,0.36,0.02,0.0,0.0,0.0,0.0,0.0,0.0,0.0,0.0,0.0,0.04,0.04
24,1,5,0,False,1.365590551315731,0.12482419984362991,4,qEHVI,0.68,0.28,0.0,0.0,0.04,0.0,0.0,0.0,0.0,0.0,0.0,0.0,0.0,0.0,0.0
24,2,4,1,False,1.3008984834003476,0.20947352587125412,0,qEHVI,0.56,0.26,0.08,0.0,0.04,0.0,0.0,0.0,0.0,0.0,0.0,0.04,0.0,0.02,0.0
24,2,4,1,False,1.3008984834003476,0.20947352587125412,1,qEHVI,0.5,0.06,0.36,0.0,0.0,0.0,0.0,0.0,0.02,0.0,0.0,0.02,0.0,0.04,0.0
24,2,4,1,False,1.3008984834003476,0.20947352587125412,2,qEHVI,0.0,0.34,0.56,0.04,0.0,0.0,0.0,0.0,0.0,0.0,0.0,0.04,0.0,0.0,0.02
24,2,4,1,False,1.3008984834003476,0.20947352587125412,3,qEHVI,0.42,0.12,0.36,0.02,0.0,0.0,0.0,0.0,0.0,0.0,0.0,0.0,0.0,0.04,0.04
24,2,4,1,False,1.3008984834003476,0.20947352587125412,4,qUCB,0.34,0.2,0.36,0.0,0.04,0.0,0.0,0.0,0.04,0.0,0.0,0.0,0.0,0.0,0.02
24,3,3,2,True,1.2225272011487396,0.20998976943406955,0,qEHVI,0.56,0.26,0.08,0.0,0.04,0.0,0.0,0.0,0.0,0.0,0.0,0.04,0.0,0.02,0.0
24,3,3,2,True,1.2225272011487396,0.20998976943406955,1,qEHVI,0.5,0.06,0.36,0.0,0.0,0.0,0.0,0.0,0.02,0.0,0.0,0.02,0.0,0.04,0.0
24,3,3,2,True,1.2225272011487396,0.20998976943406955,2,qEHVI,0.0,0.34,0.56,0.04,0.0,0.0,0.0,0.0,0.0,0.0,0.0,0.04,0.0,0.0,0.02
24,3,3,2,True,1.2225272011487396,0.20998976943406955,3,qUCB,0.46,0.08,0.36,0.02,0.04,0.0,0.0,0.0,0.0,0.0,0.0,0.0,0.0,0.0,0.04
24,3,3,2,True,1.2225272011487396,0.20998976943406955,4,qUCB,0.34,0.34,0.22,0.04,0.04,0.0,0.0,0.0,0.02,0.0,0.0,0.0,0.0,0.0,0.0
24,4,2,3,False,1.156334510281074,0.13678373564993285,0,qEHVI,0.56,0.26,0.08,0.0,0.04,0.0,0.0,0.0,0.0,0.0,0.0,0.04,0.0,0.02,0.0
24,4,2,3,False,1.156334510281074,0.13678373564993285,1,qEHVI,0.5,0.06,0.36,0.0,0.0,0.0,0.0,0.0,0.02,0.0,0.0,0.02,0.0,0.04,0.0
24,4,2,3,False,1.156334510281074,0.13678373564993285,2,qUCB,0.42,0.12,0.36,0.04,0.02,0.0,0.0,0.0,0.0,0.0,0.0,0.0,0.0,0.0,0.04
24,4,2,3,False,1.156334510281074,0.13678373564993285,3,qUCB,0.42,0.24,0.24,0.04,0.02,0.0,0.0,0.0,0.0,0.0,0.0,0.0,0.0,0.0,0.04
24,4,2,3,False,1.156334510281074,0.13678373564993285,4,qUCB,0.0,0.34,0.56,0.04,0.0,0.0,0.0,0.0,0.0,0.0,0.0,0.04,0.0,0.0,0.02
24,5,1,4,False,0.8279421528744235,0.09467086164676264,0,qEHVI,0.56,0.26,0.08,0.0,0.04,0.0,0.0,0.0,0.0,0.0,0.0,0.04,0.0,0.02,0.0
24,5,1,4,False,0.8279421528744235,0.09467086164676264,1,qUCB,0.46,0.06,0.4,0.04,0.0,0.0,0.0,0.0,0.04,0.0,0.0,0.0,0.0,0.0,0.0
24,5,1,4,False,0.8279421528744235,0.09467086164676264,2,qUCB,0.4,0.28,0.24,0.04,0.0,0.0,0.0,0.0,0.04,0.0,0.0,0.0,0.0,0.0,0.0
24,5,1,4,False,0.8279421528744235,0.09467086164676264,3,qUCB,0.1,0.26,0.54,0.04,0.0,0.0,0.0,0.0,0.02,0.0,0.0,0.0,0.0,0.0,0.04
24,5,1,4,False,0.8279421528744235,0.09467086164676264,4,qUCB,0.0,0.6,0.34,0.04,0.0,0.0,0.0,0.0,0.0,0.0,0.0,0.0,0.0,0.0,0.02
24,6,0,5,False,1.132049929792447,0.017578398996661804,0,qUCB,0.56,0.26,0.08,0.0,0.04,0.0,0.0,0.0,0.0,0.0,0.0,0.04,0.0,0.02,0.0
24,6,0,5,False,1.132049929792447,0.017578398996661804,1,qUCB,0.34,0.34,0.22,0.04,0.04,0.0,0.0,0.0,0.02,0.0,0.0,0.0,0.0,0.0,0.0
24,6,0,5,False,1.132049929792447,0.017578398996661804,2,qUCB,0.14,0.0,0.8,0.0,0.0,0.0,0.0,0.0,0.0,0.0,0.0,0.04,0.0,0.02,0.0
24,6,0,5,False,1.132049929792447,0.017578398996661804,3,qUCB,0.0,0.64,0.34,0.0,0.0,0.0,0.0,0.0,0.0,0.0,0.0,0.02,0.0,0.0,0.0
24,6,0,5,False,1.132049929792447,0.017578398996661804,4,qUCB,0.0,0.34,0.56,0.04,0.0,0.0,0.0,0.0,0.0,0.0,0.0,0.04,0.0,0.0,0.02
25,1,5,0,False,0.8673252091636993,0.19554180191149673,0,qEHVI,0.54,0.02,0.36,0.0,0.02,0.0,0.0,0.0,0.0,0.0,0.0,0.02,0.0,0.04,0.0
25,1,5,0,False,0.8673252091636993,0.19554180191149673,1,qEHVI,0.66,0.28,0.0,0.0,0.02,0.0,0.0,0.0,0.0,0.0,0.0,0.0,0.0,0.04,0.0
25,1,5,0,False,0.8673252091636993,0.19554180191149673,2,qEHVI,0.44,0.1,0.36,0.0,0.02,0.0,0.0,0.0,0.02,0.0,0.0,0.0,0.0,0.04,0.02
25,1,5,0,False,0.8673252091636993,0.19554180191149673,3,qEHVI,0.44,0.16,0.3,0.0,0.04,0.0,0.0,0.0,0.04,0.0,0.0,0.0,0.0,0.0,0.02
25,1,5,0,False,0.8673252091636993,0.19554180191149673,4,qEHVI,0.0,0.28,0.68,0.02,0.0,0.0,0.0,0.0,0.02,0.0,0.0,0.0,0.0,0.0,0.0
25,2,4,1,False,0.7726054324988803,0.07259388379146703,0,qEHVI,0.54,0.02,0.36,0.0,0.02,0.0,0.0,0.0,0.0,0.0,0.0,0.02,0.0,0.04,0.0
25,2,4,1,False,0.7726054324988803,0.07259388379146703,1,qEHVI,0.66,0.28,0.0,0.0,0.02,0.0,0.0,0.0,0.0,0.0,0.0,0.0,0.0,0.04,0.0
25,2,4,1,False,0.7726054324988803,0.07259388379146703,2,qEHVI,0.0,0.28,0.68,0.02,0.0,0.0,0.0,0.0,0.02,0.0,0.0,0.0,0.0,0.0,0.0
25,2,4,1,False,0.7726054324988803,0.07259388379146703,3,qEHVI,0.44,0.1,0.36,0.0,0.02,0.0,0.0,0.0,0.02,0.0,0.0,0.0,0.0,0.04,0.02
25,2,4,1,False,0.7726054324988803,0.07259388379146703,4,qUCB,0.48,0.04,0.38,0.02,0.0,0.0,0.0,0.0,0.0,0.0,0.0,0.04,0.0,0.0,0.04
25,3,3,2,True,0.6113888122480666,0.5516751532307227,0,qEHVI,0.54,0.02,0.36,0.0,0.02,0.0,0.0,0.0,0.0,0.0,0.0,0.02,0.0,0.04,0.0
25,3,3,2,True,0.6113888122480666,0.5516751532307227,1,qEHVI,0.66,0.28,0.0,0.0,0.02,0.0,0.0,0.0,0.0,0.0,0.0,0.0,0.0,0.04,0.0
25,3,3,2,True,0.6113888122480666,0.5516751532307227,2,qEHVI,0.44,0.1,0.36,0.0,0.02,0.0,0.0,0.0,0.02,0.0,0.0,0.0,0.0,0.04,0.02
25,3,3,2,True,0.6113888122480666,0.5516751532307227,3,qUCB,0.46,0.08,0.38,0.04,0.0,0.0,0.0,0.0,0.0,0.0,0.0,0.0,0.0,0.0,0.04
25,3,3,2,True,0.6113888122480666,0.5516751532307227,4,qUCB,0.0,0.84,0.06,0.04,0.0,0.0,0.0,0.0,0.0,0.0,0.0,0.02,0.0,0.0,0.04
25,4,2,3,False,0.6198602642598349,0.09613211365895502,0,qEHVI,0.54,0.02,0.36,0.0,0.02,0.0,0.0,0.0,0.0,0.0,0.0,0.02,0.0,0.04,0.0
25,4,2,3,False,0.6198602642598349,0.09613211365895502,1,qEHVI,0.66,0.28,0.0,0.0,0.02,0.0,0.0,0.0,0.0,0.0,0.0,0.0,0.0,0.04,0.0
25,4,2,3,False,0.6198602642598349,0.09613211365895502,2,qUCB,0.46,0.1,0.36,0.0,0.0,0.0,0.0,0.0,0.04,0.0,0.0,0.0,0.0,0.0,0.04
25,4,2,3,False,0.6198602642598349,0.09613211365895502,3,qUCB,0.0,0.84,0.06,0.0,0.0,0.0,0.0,0.0,0.04,0.0,0.0,0.02,0.0,0.0,0.04
25,4,2,3,False,0.6198602642598349,0.09613211365895502,4,qUCB,0.5,0.02,0.4,0.04,0.0,0.0,0.0,0.0,0.0,0.0,0.0,0.0,0.0,0.0,0.04
25,5,1,4,False,0.38340196685639694,0.11750439270279323,0,qEHVI,0.54,0.02,0.36,0.0,0.02,0.0,0.0,0.0,0.0,0.0,0.0,0.02,0.0,0.04,0.0
25,5,1,4,False,0.38340196685639694,0.11750439270279323,1,qUCB,0.46,0.1,0.36,0.0,0.0,0.0,0.0,0.0,0.04,0.0,0.0,0.0,0.0,0.0,0.04
25,5,1,4,False,0.38340196685639694,0.11750439270279323,2,qUCB,0.04,0.8200000000000001,0.06,0.0,0.0,0.0,0.0,0.0,0.04,0.0,0.0,0.0,0.0,0.0,0.04
25,5,1,4,False,0.38340196685639694,0.11750439270279323,3,qUCB,0.36,0.38,0.16,0.04,0.0,0.0,0.0,0.0,0.04,0.0,0.0,0.0,0.0,0.0,0.02
25,5,1,4,False,0.38340196685639694,0.11750439270279323,4,qUCB,0.0,0.84,0.06,0.04,0.0,0.0,0.0,0.0,0.0,0.0,0.0,0.02,0.0,0.0,0.04
25,6,0,5,False,0.5257475909535784,0.10818156465070938,0,qUCB,0.54,0.3,0.06,0.0,0.02,0.0,0.0,0.0,0.0,0.0,0.0,0.04,0.0,0.0,0.04
25,6,0,5,False,0.5257475909535784,0.10818156465070938,1,qUCB,0.16,0.0,0.8,0.0,0.0,0.0,0.0,0.0,0.0,0.0,0.0,0.04,0.0,0.0,0.0
25,6,0,5,False,0.5257475909535784,0.10818156465070938,2,qUCB,0.0,0.66,0.32,0.0,0.0,0.0,0.0,0.0,0.0,0.0,0.0,0.0,0.0,0.0,0.02
25,6,0,5,False,0.5257475909535784,0.10818156465070938,3,qUCB,0.48,0.18,0.34,0.0,0.0,0.0,0.0,0.0,0.0,0.0,0.0,0.0,0.0,0.0,0.0
25,6,0,5,False,0.5257475909535784,0.10818156465070938,4,qUCB,0.0,0.2,0.7000000000000001,0.04,0.0,0.0,0.0,0.0,0.0,0.0,0.0,0.02,0.0,0.02,0.02
26,1,5,0,False,0.8058714902356972,0.05567329239831842,0,qEHVI,0.52,0.0,0.46,0.0,0.02,0.0,0.0,0.0,0.0,0.0,0.0,0.0,0.0,0.0,0.0
26,1,5,0,False,0.8058714902356972,0.05567329239831842,1,qEHVI,0.0,0.26,0.68,0.04,0.0,0.0,0.0,0.0,0.0,0.0,0.0,0.0,0.0,0.0,0.02
26,1,5,0,False,0.8058714902356972,0.05567329239831842,2,qEHVI,0.22,0.0,0.68,0.02,0.0,0.0,0.0,0.0,0.0,0.0,0.0,0.04,0.0,0.02,0.02
26,1,5,0,False,0.8058714902356972,0.05567329239831842,3,qEHVI,0.48,0.1,0.32,0.04,0.0,0.0,0.0,0.0,0.04,0.0,0.0,0.0,0.0,0.0,0.02
26,1,5,0,False,0.8058714902356972,0.05567329239831842,4,qEHVI,0.48,0.0,0.44,0.04,0.0,0.0,0.0,0.0,0.0,0.0,0.0,0.0,0.0,0.04,0.0
26,2,4,1,False,0.6790293095568385,0.05375063699559918,0,qEHVI,0.52,0.0,0.46,0.0,0.02,0.0,0.0,0.0,0.0,0.0,0.0,0.0,0.0,0.0,0.0
26,2,4,1,False,0.6790293095568385,0.05375063699559918,1,qEHVI,0.0,0.26,0.68,0.04,0.0,0.0,0.0,0.0,0.0,0.0,0.0,0.0,0.0,0.0,0.02
26,2,4,1,False,0.6790293095568385,0.05375063699559918,2,qEHVI,0.22,0.0,0.68,0.02,0.0,0.0,0.0,0.0,0.0,0.0,0.0,0.04,0.0,0.02,0.02
26,2,4,1,False,0.6790293095568385,0.05375063699559918,3,qEHVI,0.48,0.1,0.32,0.04,0.0,0.0,0.0,0.0,0.04,0.0,0.0,0.0,0.0,0.0,0.02
26,2,4,1,False,0.6790293095568385,0.05375063699559918,4,qUCB,0.24,0.6,0.06,0.0,0.02,0.0,0.0,0.0,0.04,0.0,0.0,0.04,0.0,0.0,0.0
26,3,3,2,True,0.6287842634770988,0.011558897311157112,0,qEHVI,0.52,0.0,0.46,0.0,0.02,0.0,0.0,0.0,0.0,0.0,0.0,0.0,0.0,0.0,0.0
26,3,3,2,True,0.6287842634770988,0.011558897311157112,1,qEHVI,0.0,0.26,0.68,0.04,0.0,0.0,0.0,0.0,0.0,0.0,0.0,0.0,0.0,0.0,0.02
26,3,3,2,True,0.6287842634770988,0.011558897311157112,2,qEHVI,0.22,0.0,0.68,0.02,0.0,0.0,0.0,0.0,0.0,0.0,0.0,0.04,0.0,0.02,0.02
26,3,3,2,True,0.6287842634770988,0.011558897311157112,3,qUCB,0.5,0.02,0.38,0.04,0.0,0.0,0.0,0.0,0.02,0.0,0.0,0.0,0.0,0.04,0.0
26,3,3,2,True,0.6287842634770988,0.011558897311157112,4,qUCB,0.02,0.86,0.04,0.0,0.0,0.0,0.0,0.0,0.04,0.0,0.0,0.0,0.0,0.04,0.0
26,4,2,3,False,0.40066172595713134,0.06979302175866842,0,qEHVI,0.52,0.0,0.46,0.0,0.02,0.0,0.0,0.0,0.0,0.0,0.0,0.0,0.0,0.0,0.0
26,4,2,3,False,0.40066172595713134,0.06979302175866842,1,qEHVI,0.0,0.26,0.68,0.04,0.0,0.0,0.0,0.0,0.0,0.0,0.0,0.0,0.0,0.0,0.02
26,4,2,3,False,0.40066172595713134,0.06979302175866842,2,qUCB,0.42,0.42,0.06,0.0,0.0,0.0,0.0,0.0,0.02,0.0,0.0,0.04,0.0,0.0,0.04
26,4,2,3,False,0.40066172595713134,0.06979302175866842,3,qUCB,0.16,0.68,0.06,0.0,0.0,0.0,0.0,0.0,0.04,0.0,0.0,0.04,0.0,0.0,0.02
26,4,2,3,False,0.40066172595713134,0.06979302175866842,4,qUCB,0.02,0.86,0.04,0.0,0.0,0.0,0.0,0.0,0.04,0.0,0.0,0.0,0.0,0.04,0.0
26,5,1,4,False,0.326331534842137,0.5943135189768298,0,qEHVI,0.52,0.0,0.46,0.0,0.02,0.0,0.0,0.0,0.0,0.0,0.0,0.0,0.0,0.0,0.0
26,5,1,4,False,0.326331534842137,0.5943135189768298,1,qUCB,0.42,0.42,0.06,0.0,0.0,0.0,0.0,0.0,0.02,0.0,0.0,0.04,0.0,0.0,0.04
26,5,1,4,False,0.326331534842137,0.5943135189768298,2,qUCB,0.02,0.84,0.04,0.0,0.0,0.0,0.0,0.0,0.02,0.0,0.0,0.0,0.0,0.04,0.04
26,5,1,4,False,0.326331534842137,0.5943135189768298,3,qUCB,0.04,0.04,0.8200000000000001,0.0,0.0,0.0,0.0,0.0,0.02,0.0,0.0,0.04,0.0,0.0,0.04
26,5,1,4,False,0.326331534842137,0.5943135189768298,4,qUCB,0.16,0.68,0.06,0.0,0.0,0.0,0.0,0.0,0.04,0.0,0.0,0.04,0.0,0.0,0.02
26,6,0,5,False,0.5271098584802596,0.1178143916335388,0,qUCB,0.56,0.3,0.06,0.0,0.04,0.0,0.0,0.0,0.0,0.0,0.0,0.04,0.0,0.0,0.0
26,6,0,5,False,0.5271098584802596,0.1178143916335388,1,qUCB,0.08,0.0,0.8200000000000001,0.0,0.04,0.0,0.0,0.0,0.0,0.0,0.0,0.04,0.0,0.0,0.02
26,6,0,5,False,0.5271098584802596,0.1178143916335388,2,qUCB,0.48,0.0,0.42,0.04,0.0,0.0,0.0,0.0,0.02,0.0,0.0,0.04,0.0,0.0,0.0
26,6,0,5,False,0.5271098584802596,0.1178143916335388,3,qUCB,0.5,0.02,0.38,0.04,0.0,0.0,0.0,0.0,0.02,0.0,0.0,0.0,0.0,0.04,0.0
26,6,0,5,False,0.5271098584802596,0.1178143916335388,4,qUCB,0.02,0.22,0.7000000000000001,0.02,0.0,0.0,0.0,0.0,0.0,0.0,0.0,0.04,0.0,0.0,0.0
27,1,5,0,False,0.7106610775069377,0.2078431526896134,0,qEHVI,0.54,0.0,0.36,0.0,0.0,0.0,0.0,0.0,0.0,0.0,0.0,0.04,0.0,0.02,0.04
27,1,5,0,False,0.7106610775069377,0.2078431526896134,1,qEHVI,0.5,0.12,0.32,0.04,0.0,0.0,0.0,0.0,0.0,0.0,0.0,0.0,0.0,0.0,0.02
27,1,5,0,False,0.7106610775069377,0.2078431526896134,2,qEHVI,0.0,0.42,0.56,0.0,0.0,0.0,0.0,0.0,0.0,0.0,0.0,0.0,0.0,0.0,0.02
27,1,5,0,False,0.7106610775069377,0.2078431526896134,3,qEHVI,0.44,0.3,0.18,0.04,0.0,0.0,0.0,0.0,0.0,0.0,0.0,0.04,0.0,0.0,0.0
27,1,5,0,False,0.7106610775069377,0.2078431526896134,4,qEHVI,0.56,0.3,0.04,0.0,0.0,0.0,0.0,0.0,0.0,0.0,0.0,0.04,0.0,0.04,0.02
27,2,4,1,False,0.641671346344241,0.15660146900044314,0,qEHVI,0.54,0.0,0.36,0.0,0.0,0.0,0.0,0.0,0.0,0.0,0.0,0.04,0.0,0.02,0.04
27,2,4,1,False,0.641671346344241,0.15660146900044314,1,qEHVI,0.5,0.12,0.32,0.04,0.0,0.0,0.0,0.0,0.0,0.0,0.0,0.0,0.0,0.0,0.02
27,2,4,1,False,0.641671346344241,0.15660146900044314,2,qEHVI,0.0,0.42,0.56,0.0,0.0,0.0,0.0,0.0,0.0,0.0,0.0,0.0,0.0,0.0,0.02
27,2,4,1,False,0.641671346344241,0.15660146900044314,3,qEHVI,0.44,0.3,0.18,0.04,0.0,0.0,0.0,0.0,0.0,0.0,0.0,0.04,0.0,0.0,0.0
27,2,4,1,False,0.641671346344241,0.15660146900044314,4,qUCB,0.42,0.12,0.36,0.0,0.04,0.0,0.0,0.0,0.02,0.0,0.0,0.0,0.0,0.04,0.0
27,3,3,2,True,0.5411035440435583,0.06490927135197211,0,qEHVI,0.54,0.0,0.36,0.0,0.0,0.0,0.0,0.0,0.0,0.0,0.0,0.04,0.0,0.02,0.04
27,3,3,2,True,0.5411035440435583,0.06490927135197211,1,qEHVI,0.5,0.12,0.32,0.04,0.0,0.0,0.0,0.0,0.0,0.0,0.0,0.0,0.0,0.0,0.02
27,3,3,2,True,0.5411035440435583,0.06490927135197211,2,qEHVI,0.0,0.42,0.56,0.0,0.0,0.0,0.0,0.0,0.0,0.0,0.0,0.0,0.0,0.0,0.02
27,3,3,2,True,0.5411035440435583,0.06490927135197211,3,qUCB,0.42,0.12,0.36,0.0,0.04,0.0,0.0,0.0,0.02,0.0,0.0,0.0,0.0,0.04,0.0
27,3,3,2,True,0.5411035440435583,0.06490927135197211,4,qUCB,0.66,0.0,0.24,0.0,0.04,0.0,0.0,0.0,0.04,0.0,0.0,0.0,0.0,0.02,0.0
27,4,2,3,False,0.44886759203931725,0.33658079237580196,0,qEHVI,0.54,0.0,0.36,0.0,0.0,0.0,0.0,0.0,0.0,0.0,0.0,0.04,0.0,0.02,0.04
27,4,2,3,False,0.44886759203931725,0.33658079237580196,1,qEHVI,0.5,0.12,0.32,0.04,0.0,0.0,0.0,0.0,0.0,0.0,0.0,0.0,0.0,0.0,0.02
27,4,2,3,False,0.44886759203931725,0.33658079237580196,2,qUCB,0.42,0.12,0.36,0.0,0.04,0.0,0.0,0.0,0.02,0.0,0.0,0.0,0.0,0.04,0.0
27,4,2,3,False,0.44886759203931725,0.33658079237580196,3,qUCB,0.08,0.02,0.8,0.0,0.04,0.0,0.0,0.0,0.04,0.0,0.0,0.02,0.0,0.0,0.0
27,4,2,3,False,0.44886759203931725,0.33658079237580196,4,qUCB,0.42,0.26,0.24,0.0,0.04,0.0,0.0,0.0,0.04,0.0,0.0,0.0,0.0,0.0,0.0
27,5,1,4,False,0.23788829083020727,0.17611249269493667,0,qEHVI,0.54,0.0,0.36,0.0,0.0,0.0,0.0,0.0,0.0,0.0,0.0,0.04,0.0,0.02,0.04
27,5,1,4,False,0.23788829083020727,0.17611249269493667,1,qUCB,0.48,0.08,0.34,0.04,0.04,0.0,0.0,0.0,0.02,0.0,0.0,0.0,0.0,0.0,0.0
27,5,1,4,False,0.23788829083020727,0.17611249269493667,2,qUCB,0.36,0.16,0.38,0.04,0.04,0.0,0.0,0.0,0.02,0.0,0.0,0.0,0.0,0.0,0.0
27,5,1,4,False,0.23788829083020727,0.17611249269493667,3,qUCB,0.02,0.0,0.9400000000000001,0.04,0.0,0.0,0.0,0.0,0.0,0.0,0.0,0.0,0.0,0.0,0.0
27,5,1,4,False,0.23788829083020727,0.17611249269493667,4,qUCB,0.42,0.26,0.24,0.0,0.04,0.0,0.0,0.0,0.04,0.0,0.0,0.0,0.0,0.0,0.0
27,6,0,5,False,0.3438873837727748,0.19232461177248306,0,qUCB,0.62,0.26,0.08,0.0,0.0,0.0,0.0,0.0,0.0,0.0,0.0,0.04,0.0,0.0,0.0
27,6,0,5,False,0.3438873837727748,0.19232461177248306,1,qUCB,0.48,0.14,0.36,0.0,0.02,0.0,0.0,0.0,0.0,0.0,0.0,0.0,0.0,0.0,0.0
27,6,0,5,False,0.3438873837727748,0.19232461177248306,2,qUCB,0.1,0.0,0.8200000000000001,0.0,0.04,0.0,0.0,0.0,0.0,0.0,0.0,0.04,0.0,0.0,0.0
27,6,0,5,False,0.3438873837727748,0.19232461177248306,3,qUCB,0.5,0.02,0.38,0.04,0.0,0.0,0.0,0.0,0.02,0.0,0.0,0.04,0.0,0.0,0.0
27,6,0,5,False,0.3438873837727748,0.19232461177248306,4,qUCB,0.02,0.0,0.9400000000000001,0.04,0.0,0.0,0.0,0.0,0.0,0.0,0.0,0.0,0.0,0.0,0.0
28,1,5,0,False,0.6140884889380898,0.19232197963647657,0,qEHVI,0.44,0.0,0.46,0.0,0.0,0.0,0.0,0.0,0.04,0.0,0.0,0.02,0.0,0.02,0.02
28,1,5,0,False,0.6140884889380898,0.19232197963647657,1,qEHVI,0.4,0.34,0.18,0.04,0.0,0.0,0.0,0.0,0.0,0.0,0.0,0.04,0.0,0.0,0.0
28,1,5,0,False,0.6140884889380898,0.19232197963647657,2,qEHVI,0.6,0.0,0.32,0.02,0.02,0.0,0.0,0.0,0.0,0.0,0.0,0.04,0.0,0.0,0.0
28,1,5,0,False,0.6140884889380898,0.19232197963647657,3,qEHVI,0.6,0.26,0.06,0.0,0.04,0.0,0.0,0.0,0.0,0.0,0.0,0.04,0.0,0.0,0.0
28,1,5,0,False,0.6140884889380898,0.19232197963647657,4,qEHVI,0.48,0.38,0.04,0.04,0.0,0.0,0.0,0.0,0.0,0.0,0.0,0.04,0.0,0.0,0.02
28,2,4,1,False,0.5770150620563026,0.018798727410887395,0,qEHVI,0.4,0.34,0.18,0.04,0.0,0.0,0.0,0.0,0.0,0.0,0.0,0.04,0.0,0.0,0.0
28,2,4,1,False,0.5770150620563026,0.018798727410887395,1,qEHVI,0.44,0.0,0.46,0.0,0.0,0.0,0.0,0.0,0.04,0.0,0.0,0.02,0.0,0.02,0.02
28,2,4,1,False,0.5770150620563026,0.018798727410887395,2,qEHVI,0.6,0.0,0.32,0.02,0.02,0.0,0.0,0.0,0.0,0.0,0.0,0.04,0.0,0.0,0.0
28,2,4,1,False,0.5770150620563026,0.018798727410887395,3,qEHVI,0.6,0.26,0.06,0.0,0.04,0.0,0.0,0.0,0.0,0.0,0.0,0.04,0.0,0.0,0.0
28,2,4,1,False,0.5770150620563026,0.018798727410887395,4,qUCB,0.38,0.16,0.36,0.0,0.04,0.0,0.0,0.0,0.0,0.0,0.0,0.0,0.0,0.04,0.02
28,3,3,2,True,0.4900801184412345,0.46734196851001286,0,qEHVI,0.4,0.34,0.18,0.04,0.0,0.0,0.0,0.0,0.0,0.0,0.0,0.04,0.0,0.0,0.0
28,3,3,2,True,0.4900801184412345,0.46734196851001286,1,qEHVI,0.44,0.0,0.46,0.0,0.0,0.0,0.0,0.0,0.04,0.0,0.0,0.02,0.0,0.02,0.02
28,3,3,2,True,0.4900801184412345,0.46734196851001286,2,qEHVI,0.6,0.0,0.32,0.02,0.02,0.0,0.0,0.0,0.0,0.0,0.0,0.04,0.0,0.0,0.0
28,3,3,2,True,0.4900801184412345,0.46734196851001286,3,qUCB,0.38,0.16,0.36,0.0,0.04,0.0,0.0,0.0,0.0,0.0,0.0,0.0,0.0,0.04,0.02
28,3,3,2,True,0.4900801184412345,0.46734196851001286,4,qUCB,0.44,0.24,0.24,0.0,0.04,0.0,0.0,0.0,0.0,0.0,0.0,0.0,0.0,0.0,0.04
28,4,2,3,False,0.5030288234195276,0.08922163043165754,0,qEHVI,0.4,0.34,0.18,0.04,0.0,0.0,0.0,0.0,0.0,0.0,0.0,0.04,0.0,0.0,0.0
28,4,2,3,False,0.5030288234195276,0.08922163043165754,1,qEHVI,0.44,0.0,0.46,0.0,0.0,0.0,0.0,0.0,0.04,0.0,0.0,0.02,0.0,0.02,0.02
28,4,2,3,False,0.5030288234195276,0.08922163043165754,2,qUCB,0.4,0.12,0.38,0.02,0.04,0.0,0.0,0.0,0.0,0.0,0.0,0.0,0.0,0.0,0.04
28,4,2,3,False,0.5030288234195276,0.08922163043165754,3,qUCB,0.08,0.0,0.8200000000000001,0.0,0.02,0.0,0.0,0.0,0.0,0.0,0.0,0.04,0.0,0.04,0.0
28,4,2,3,False,0.5030288234195276,0.08922163043165754,4,qUCB,0.0,0.64,0.32,0.0,0.0,0.0,0.0,0.0,0.0,0.0,0.0,0.0,0.0,0.04,0.0
28,5,1,4,False,0.36784935854441764,0.020816050846813816,0,qEHVI,0.4,0.34,0.18,0.04,0.0,0.0,0.0,0.0,0.0,0.0,0.0,0.04,0.0,0.0,0.0
28,5,1,4,False,0.36784935854441764,0.020816050846813816,1,qUCB,0.44,0.08,0.38,0.0,0.0,0.0,0.0,0.0,0.04,0.0,0.0,0.0,0.0,0.02,0.04
28,5,1,4,False,0.36784935854441764,0.020816050846813816,2,qUCB,0.1,0.0,0.8200000000000001,0.0,0.0,0.0,0.0,0.0,0.04,0.0,0.0,0.0,0.0,0.02,0.02
28,5,1,4,False,0.36784935854441764,0.020816050846813816,3,qUCB,0.42,0.22,0.26,0.0,0.02,0.0,0.0,0.0,0.04,0.0,0.0,0.0,0.0,0.0,0.04
28,5,1,4,False,0.36784935854441764,0.020816050846813816,4,qUCB,0.0,0.64,0.32,0.0,0.0,0.0,0.0,0.0,0.0,0.0,0.0,0.0,0.0,0.04,0.0
28,6,0,5,False,0.3749378596480293,0.24770568622912137,0,qUCB,0.42,0.1,0.38,0.02,0.0,0.0,0.0,0.0,0.04,0.0,0.0,0.0,0.0,0.0,0.04
28,6,0,5,False,0.3749378596480293,0.24770568622912137,1,qUCB,0.08,0.0,0.8200000000000001,0.0,0.02,0.0,0.0,0.0,0.0,0.0,0.0,0.04,0.0,0.04,0.0
28,6,0,5,False,0.3749378596480293,0.24770568622912137,2,qUCB,0.4,0.34,0.18,0.04,0.0,0.0,0.0,0.0,0.0,0.0,0.0,0.04,0.0,0.0,0.0
28,6,0,5,False,0.3749378596480293,0.24770568622912137,3,qUCB,0.0,0.64,0.32,0.0,0.0,0.0,0.0,0.0,0.0,0.0,0.0,0.0,0.0,0.04,0.0
28,6,0,5,False,0.3749378596480293,0.24770568622912137,4,qUCB,0.48,0.28,0.24,0.0,0.0,0.0,0.0,0.0,0.0,0.0,0.0,0.0,0.0,0.0,0.0
29,1,5,0,False,0.5796188121735526,0.12759752409388891,0,qEHVI,0.48,0.38,0.04,0.02,0.02,0.0,0.0,0.0,0.0,0.0,0.0,0.04,0.0,0.0,0.02
29,1,5,0,False,0.5796188121735526,0.12759752409388891,1,qEHVI,0.44,0.16,0.3,0.02,0.0,0.0,0.0,0.0,0.04,0.0,0.0,0.0,0.0,0.0,0.04
29,1,5,0,False,0.5796188121735526,0.12759752409388891,2,qEHVI,0.44,0.1,0.36,0.02,0.0,0.0,0.0,0.0,0.02,0.0,0.0,0.0,0.0,0.04,0.02
29,1,5,0,False,0.5796188121735526,0.12759752409388891,3,qEHVI,0.54,0.32,0.04,0.0,0.02,0.0,0.0,0.0,0.02,0.0,0.0,0.04,0.0,0.0,0.02
29,1,5,0,False,0.5796188121735526,0.12759752409388891,4,qEHVI,0.14,0.0,0.8,0.0,0.02,0.0,0.0,0.0,0.0,0.0,0.0,0.04,0.0,0.0,0.0
29,2,4,1,False,0.5774865442921115,0.18607661294785238,0,qEHVI,0.48,0.38,0.04,0.02,0.02,0.0,0.0,0.0,0.0,0.0,0.0,0.04,0.0,0.0,0.02
29,2,4,1,False,0.5774865442921115,0.18607661294785238,1,qEHVI,0.44,0.16,0.3,0.02,0.0,0.0,0.0,0.0,0.04,0.0,0.0,0.0,0.0,0.0,0.04
29,2,4,1,False,0.5774865442921115,0.18607661294785238,2,qEHVI,0.14,0.0,0.8,0.0,0.02,0.0,0.0,0.0,0.0,0.0,0.0,0.04,0.0,0.0,0.0
29,2,4,1,False,0.5774865442921115,0.18607661294785238,3,qEHVI,0.44,0.1,0.36,0.02,0.0,0.0,0.0,0.0,0.02,0.0,0.0,0.0,0.0,0.04,0.02
29,2,4,1,False,0.5774865442921115,0.18607661294785238,4,qUCB,0.44,0.04,0.42,0.04,0.04,0.0,0.0,0.0,0.02,0.0,0.0,0.0,0.0,0.0,0.0
29,3,3,2,True,0.5087454412235752,0.4506423871950087,0,qEHVI,0.48,0.38,0.04,0.02,0.02,0.0,0.0,0.0,0.0,0.0,0.0,0.04,0.0,0.0,0.02
29,3,3,2,True,0.5087454412235752,0.4506423871950087,1,qEHVI,0.44,0.16,0.3,0.02,0.0,0.0,0.0,0.0,0.04,0.0,0.0,0.0,0.0,0.0,0.04
29,3,3,2,True,0.5087454412235752,0.4506423871950087,2,qEHVI,0.44,0.1,0.36,0.02,0.0,0.0,0.0,0.0,0.02,0.0,0.0,0.0,0.0,0.04,0.02
29,3,3,2,True,0.5087454412235752,0.4506423871950087,3,qUCB,0.44,0.04,0.42,0.04,0.04,0.0,0.0,0.0,0.02,0.0,0.0,0.0,0.0,0.0,0.0
29,3,3,2,True,0.5087454412235752,0.4506423871950087,4,qUCB,0.08,0.02,0.8,0.0,0.02,0.0,0.0,0.0,0.04,0.0,0.0,0.04,0.0,0.0,0.0
29,4,2,3,False,0.4044498041276322,0.0472553133662601,0,qEHVI,0.48,0.38,0.04,0.02,0.02,0.0,0.0,0.0,0.0,0.0,0.0,0.04,0.0,0.0,0.02
29,4,2,3,False,0.4044498041276322,0.0472553133662601,1,qEHVI,0.44,0.16,0.3,0.02,0.0,0.0,0.0,0.0,0.04,0.0,0.0,0.0,0.0,0.0,0.04
29,4,2,3,False,0.4044498041276322,0.0472553133662601,2,qUCB,0.36,0.18,0.36,0.0,0.04,0.0,0.0,0.0,0.02,0.0,0.0,0.0,0.0,0.04,0.0
29,4,2,3,False,0.4044498041276322,0.0472553133662601,3,qUCB,0.1,0.0,0.8,0.0,0.0,0.0,0.0,0.0,0.02,0.0,0.0,0.04,0.0,0.04,0.0
29,4,2,3,False,0.4044498041276322,0.0472553133662601,4,qUCB,0.06,0.04,0.86,0.0,0.0,0.0,0.0,0.0,0.0,0.0,0.0,0.0,0.0,0.04,0.0
29,5,1,4,False,0.2592881575215183,0.1053623993018451,0,qEHVI,0.48,0.38,0.04,0.02,0.02,0.0,0.0,0.0,0.0,0.0,0.0,0.04,0.0,0.0,0.02
29,5,1,4,False,0.2592881575215183,0.1053623993018451,1,qUCB,0.36,0.18,0.36,0.02,0.0,0.0,0.0,0.0,0.04,0.0,0.0,0.0,0.0,0.04,0.0
29,5,1,4,False,0.2592881575215183,0.1053623993018451,2,qUCB,0.02,0.08,0.8200000000000001,0.0,0.0,0.0,0.0,0.0,0.04,0.0,0.0,0.0,0.0,0.04,0.0
29,5,1,4,False,0.2592881575215183,0.1053623993018451,3,qUCB,0.48,0.02,0.4,0.0,0.02,0.0,0.0,0.0,0.04,0.0,0.0,0.0,0.0,0.04,0.0
29,5,1,4,False,0.2592881575215183,0.1053623993018451,4,qUCB,0.02,0.0,0.92,0.04,0.0,0.0,0.0,0.0,0.0,0.0,0.0,0.02,0.0,0.0,0.0
29,6,0,5,False,0.3137318049812103,0.22804673661504982,0,qUCB,0.44,0.12,0.38,0.02,0.0,0.0,0.0,0.0,0.04,0.0,0.0,0.0,0.0,0.0,0.0
29,6,0,5,False,0.3137318049812103,0.22804673661504982,1,qUCB,0.14,0.0,0.8,0.0,0.02,0.0,0.0,0.0,0.0,0.0,0.0,0.04,0.0,0.0,0.0
29,6,0,5,False,0.3137318049812103,0.22804673661504982,2,qUCB,0.48,0.0,0.42,0.04,0.0,0.0,0.0,0.0,0.0,0.0,0.0,0.0,0.0,0.02,0.04
29,6,0,5,False,0.3137318049812103,0.22804673661504982,3,qUCB,0.0,0.62,0.34,0.02,0.02,0.0,0.0,0.0,0.0,0.0,0.0,0.0,0.0,0.0,0.0
29,6,0,5,False,0.3137318049812103,0.22804673661504982,4,qUCB,0.0,0.12,0.84,0.0,0.02,0.0,0.0,0.0,0.0,0.0,0.0,0.02,0.0,0.0,0.0
30,1,5,0,False,0.7174780929107509,0.18576120569439336,0,qEHVI,0.52,0.34,0.04,0.02,0.04,0.0,0.0,0.0,0.0,0.0,0.0,0.04,0.0,0.0,0.0
30,1,5,0,False,0.7174780929107509,0.18576120569439336,1,qEHVI,0.46,0.14,0.3,0.04,0.04,0.0,0.0,0.0,0.0,0.0,0.0,0.0,0.0,0.02,0.0
30,1,5,0,False,0.7174780929107509,0.18576120569439336,2,qEHVI,0.46,0.14,0.3,0.0,0.04,0.0,0.0,0.0,0.04,0.0,0.0,0.0,0.0,0.0,0.02
30,1,5,0,False,0.7174780929107509,0.18576120569439336,3,qEHVI,0.54,0.0,0.36,0.0,0.04,0.0,0.0,0.0,0.0,0.0,0.0,0.04,0.0,0.02,0.0
30,1,5,0,False,0.7174780929107509,0.18576120569439336,4,qEHVI,0.02,0.32,0.56,0.0,0.04,0.0,0.0,0.0,0.0,0.0,0.0,0.04,0.0,0.0,0.02
30,2,4,1,False,0.6416661077152801,0.1075689807281126,0,qEHVI,0.52,0.34,0.04,0.02,0.04,0.0,0.0,0.0,0.0,0.0,0.0,0.04,0.0,0.0,0.0
30,2,4,1,False,0.6416661077152801,0.1075689807281126,1,qEHVI,0.46,0.14,0.3,0.04,0.04,0.0,0.0,0.0,0.0,0.0,0.0,0.0,0.0,0.02,0.0
30,2,4,1,False,0.6416661077152801,0.1075689807281126,2,qEHVI,0.46,0.14,0.3,0.0,0.04,0.0,0.0,0.0,0.04,0.0,0.0,0.0,0.0,0.0,0.02
30,2,4,1,False,0.6416661077152801,0.1075689807281126,3,qEHVI,0.02,0.32,0.56,0.0,0.04,0.0,0.0,0.0,0.0,0.0,0.0,0.04,0.0,0.0,0.02
30,2,4,1,False,0.6416661077152801,0.1075689807281126,4,qUCB,0.48,0.06,0.38,0.0,0.0,0.0,0.0,0.0,0.02,0.0,0.0,0.02,0.0,0.04,0.0
30,3,3,2,True,0.5190199381152834,0.04784802549559952,0,qEHVI,0.52,0.34,0.04,0.02,0.04,0.0,0.0,0.0,0.0,0.0,0.0,0.04,0.0,0.0,0.0
30,3,3,2,True,0.5190199381152834,0.04784802549559952,1,qEHVI,0.46,0.14,0.3,0.04,0.04,0.0,0.0,0.0,0.0,0.0,0.0,0.0,0.0,0.02,0.0
30,3,3,2,True,0.5190199381152834,0.04784802549559952,2,qEHVI,0.46,0.14,0.3,0.0,0.04,0.0,0.0,0.0,0.04,0.0,0.0,0.0,0.0,0.0,0.02
30,3,3,2,True,0.5190199381152834,0.04784802549559952,3,qUCB,0.38,0.14,0.38,0.0,0.0,0.0,0.0,0.0,0.0,0.0,0.0,0.02,0.0,0.04,0.04
30,3,3,2,True,0.5190199381152834,0.04784802549559952,4,qUCB,0.02,0.56,0.34,0.0,0.0,0.0,0.0,0.0,0.0,0.0,0.0,0.0,0.0,0.04,0.04
30,4,2,3,False,0.4784905649932748,0.04383790789675146,0,qEHVI,0.52,0.34,0.04,0.02,0.04,0.0,0.0,0.0,0.0,0.0,0.0,0.04,0.0,0.0,0.0
30,4,2,3,False,0.4784905649932748,0.04383790789675146,1,qEHVI,0.46,0.14,0.3,0.04,0.04,0.0,0.0,0.0,0.0,0.0,0.0,0.0,0.0,0.02,0.0
30,4,2,3,False,0.4784905649932748,0.04383790789675146,2,qUCB,0.46,0.04,0.4,0.0,0.0,0.0,0.0,0.0,0.04,0.0,0.0,0.02,0.0,0.0,0.04
30,4,2,3,False,0.4784905649932748,0.04383790789675146,3,qUCB,0.76,0.0,0.16,0.0,0.0,0.0,0.0,0.0,0.04,0.0,0.0,0.0,0.0,0.0,0.04
30,4,2,3,False,0.4784905649932748,0.04383790789675146,4,qUCB,0.44,0.18,0.3,0.0,0.0,0.0,0.0,0.0,0.04,0.0,0.0,0.0,0.0,0.0,0.04
30,5,1,4,False,0.2572594059655048,0.18499971968883333,0,qEHVI,0.52,0.34,0.04,0.02,0.04,0.0,0.0,0.0,0.0,0.0,0.0,0.04,0.0,0.0,0.0
30,5,1,4,False,0.2572594059655048,0.18499971968883333,1,qUCB,0.42,0.08,0.4,0.0,0.0,0.0,0.0,0.0,0.02,0.0,0.0,0.0,0.0,0.04,0.04
30,5,1,4,False,0.2572594059655048,0.18499971968883333,2,qUCB,0.42,0.1,0.38,0.02,0.0,0.0,0.0,0.0,0.0,0.0,0.0,0.0,0.0,0.04,0.04
30,5,1,4,False,0.2572594059655048,0.18499971968883333,3,qUCB,0.32,0.02,0.58,0.0,0.0,0.0,0.0,0.0,0.0,0.0,0.0,0.0,0.0,0.04,0.04
30,5,1,4,False,0.2572594059655048,0.18499971968883333,4,qUCB,0.02,0.0,0.92,0.04,0.0,0.0,0.0,0.0,0.02,0.0,0.0,0.0,0.0,0.0,0.0
30,6,0,5,False,0.2313341267902248,0.18308879602529382,0,qUCB,0.42,0.1,0.38,0.02,0.0,0.0,0.0,0.0,0.0,0.0,0.0,0.0,0.0,0.04,0.04
30,6,0,5,False,0.2313341267902248,0.18308879602529382,1,qUCB,0.5,0.0,0.4,0.04,0.0,0.0,0.0,0.0,0.04,0.0,0.0,0.02,0.0,0.0,0.0
30,6,0,5,False,0.2313341267902248,0.18308879602529382,2,qUCB,0.48,0.18,0.24,0.04,0.0,0.0,0.0,0.0,0.02,0.0,0.0,0.04,0.0,0.0,0.0
30,6,0,5,False,0.2313341267902248,0.18308879602529382,3,qUCB,0.02,0.0,0.92,0.04,0.0,0.0,0.0,0.0,0.02,0.0,0.0,0.0,0.0,0.0,0.0
30,6,0,5,False,0.2313341267902248,0.18308879602529382,4,qUCB,0.38,0.0,0.58,0.0,0.0,0.0,0.0,0.0,0.0,0.0,0.0,0.0,0.0,0.04,0.0
31,1,5,0,False,0.6235223399662223,0.014901171318447481,0,qEHVI,0.5,0.0,0.46,0.0,0.0,0.0,0.0,0.0,0.0,0.0,0.0,0.02,0.0,0.02,0.0
31,1,5,0,False,0.6235223399662223,0.014901171318447481,1,qEHVI,0.56,0.32,0.06,0.02,0.0,0.0,0.0,0.0,0.0,0.0,0.0,0.04,0.0,0.0,0.0
31,1,5,0,False,0.6235223399662223,0.014901171318447481,2,qEHVI,0.0,0.36,0.56,0.0,0.0,0.0,0.0,0.0,0.0,0.0,0.0,0.04,0.0,0.0,0.04
31,1,5,0,False,0.6235223399662223,0.014901171318447481,3,qEHVI,0.1,0.26,0.56,0.04,0.02,0.0,0.0,0.0,0.0,0.0,0.0,0.0,0.0,0.02,0.0
31,1,5,0,False,0.6235223399662223,0.014901171318447481,4,qEHVI,0.58,0.26,0.06,0.0,0.0,0.0,0.0,0.0,0.02,0.0,0.0,0.04,0.0,0.02,0.02
31,2,4,1,False,0.5817864343644041,0.16397195370814188,0,qEHVI,0.5,0.0,0.46,0.0,0.0,0.0,0.0,0.0,0.0,0.0,0.0,0.02,0.0,0.02,0.0
31,2,4,1,False,0.5817864343644041,0.16397195370814188,1,qEHVI,0.56,0.32,0.06,0.02,0.0,0.0,0.0,0.0,0.0,0.0,0.0,0.04,0.0,0.0,0.0
31,2,4,1,False,0.5817864343644041,0.16397195370814188,2,qEHVI,0.0,0.36,0.56,0.0,0.0,0.0,0.0,0.0,0.0,0.0,0.0,0.04,0.0,0.0,0.04
31,2,4,1,False,0.5817864343644041,0.16397195370814188,3,qEHVI,0.58,0.26,0.06,0.0,0.0,0.0,0.0,0.0,0.02,0.0,0.0,0.04,0.0,0.02,0.02
31,2,4,1,False,0.5817864343644041,0.16397195370814188,4,qUCB,0.42,0.1,0.38,0.04,0.0,0.0,0.0,0.0,0.02,0.0,0.0,0.0,0.0,0.0,0.04
31,3,3,2,True,0.5564004030988872,0.05134078481392912,0,qEHVI,0.5,0.0,0.46,0.0,0.0,0.0,0.0,0.0,0.0,0.0,0.0,0.02,0.0,0.02,0.0
31,3,3,2,True,0.5564004030988872,0.05134078481392912,1,qEHVI,0.56,0.32,0.06,0.02,0.0,0.0,0.0,0.0,0.0,0.0,0.0,0.04,0.0,0.0,0.0
31,3,3,2,True,0.5564004030988872,0.05134078481392912,2,qEHVI,0.0,0.36,0.56,0.0,0.0,0.0,0.0,0.0,0.0,0.0,0.0,0.04,0.0,0.0,0.04
31,3,3,2,True,0.5564004030988872,0.05134078481392912,3,qUCB,0.42,0.1,0.38,0.04,0.0,0.0,0.0,0.0,0.02,0.0,0.0,0.0,0.0,0.0,0.04
31,3,3,2,True,0.5564004030988872,0.05134078481392912,4,qUCB,0.2,0.14,0.56,0.04,0.04,0.0,0.0,0.0,0.0,0.0,0.0,0.0,0.0,0.0,0.02
31,4,2,3,False,0.4994628624098138,0.19626908077135008,0,qEHVI,0.5,0.0,0.46,0.0,0.0,0.0,0.0,0.0,0.0,0.0,0.0,0.02,0.0,0.02,0.0
31,4,2,3,False,0.4994628624098138,0.19626908077135008,1,qEHVI,0.56,0.32,0.06,0.02,0.0,0.0,0.0,0.0,0.0,0.0,0.0,0.04,0.0,0.0,0.0
31,4,2,3,False,0.4994628624098138,0.19626908077135008,2,qUCB,0.42,0.1,0.38,0.04,0.0,0.0,0.0,0.0,0.02,0.0,0.0,0.0,0.0,0.0,0.04
31,4,2,3,False,0.4994628624098138,0.19626908077135008,3,qUCB,0.2,0.14,0.56,0.04,0.04,0.0,0.0,0.0,0.0,0.0,0.0,0.0,0.0,0.0,0.02
31,4,2,3,False,0.4994628624098138,0.19626908077135008,4,qUCB,0.0,0.54,0.36,0.04,0.04,0.0,0.0,0.0,0.0,0.0,0.0,0.0,0.0,0.02,0.0
31,5,1,4,False,0.3716987903825416,0.06087606353000652,0,qEHVI,0.5,0.0,0.46,0.0,0.0,0.0,0.0,0.0,0.0,0.0,0.0,0.02,0.0,0.02,0.0
31,5,1,4,False,0.3716987903825416,0.06087606353000652,1,qUCB,0.42,0.1,0.38,0.04,0.0,0.0,0.0,0.0,0.02,0.0,0.0,0.0,0.0,0.0,0.04
31,5,1,4,False,0.3716987903825416,0.06087606353000652,2,qUCB,0.2,0.14,0.56,0.04,0.04,0.0,0.0,0.0,0.0,0.0,0.0,0.0,0.0,0.0,0.02
31,5,1,4,False,0.3716987903825416,0.06087606353000652,3,qUCB,0.0,0.78,0.12,0.04,0.02,0.0,0.0,0.0,0.0,0.0,0.0,0.0,0.0,0.0,0.04
31,5,1,4,False,0.3716987903825416,0.06087606353000652,4,qUCB,0.0,0.54,0.36,0.04,0.04,0.0,0.0,0.0,0.0,0.0,0.0,0.0,0.0,0.02,0.0
31,6,0,5,False,0.24882524550089824,0.0109939867292983,0,qUCB,0.42,0.1,0.38,0.04,0.0,0.0,0.0,0.0,0.02,0.0,0.0,0.0,0.0,0.0,0.04
31,6,0,5,False,0.24882524550089824,0.0109939867292983,1,qUCB,0.5,0.0,0.4,0.04,0.0,0.0,0.0,0.0,0.02,0.0,0.0,0.04,0.0,0.0,0.0
31,6,0,5,False,0.24882524550089824,0.0109939867292983,2,qUCB,0.76,0.0,0.18,0.0,0.0,0.0,0.0,0.0,0.0,0.0,0.0,0.04,0.0,0.0,0.02
31,6,0,5,False,0.24882524550089824,0.0109939867292983,3,qUCB,0.2,0.16,0.54,0.04,0.02,0.0,0.0,0.0,0.0,0.0,0.0,0.0,0.0,0.04,0.0
31,6,0,5,False,0.24882524550089824,0.0109939867292983,4,qUCB,0.34,0.0,0.6,0.0,0.0,0.0,0.0,0.0,0.02,0.0,0.0,0.0,0.0,0.0,0.04
32,1,5,0,False,0.5864798423121753,0.08729568107869845,0,qEHVI,0.48,0.0,0.44,0.04,0.0,0.0,0.0,0.0,0.0,0.0,0.0,0.0,0.0,0.04,0.0
32,1,5,0,False,0.5864798423121753,0.08729568107869845,1,qEHVI,0.54,0.3,0.06,0.02,0.0,0.0,0.0,0.0,0.0,0.0,0.0,0.04,0.0,0.0,0.04
32,1,5,0,False,0.5864798423121753,0.08729568107869845,2,qEHVI,0.6,0.26,0.06,0.0,0.0,0.0,0.0,0.0,0.0,0.0,0.0,0.04,0.0,0.0,0.04
32,1,5,0,False,0.5864798423121753,0.08729568107869845,3,qEHVI,0.52,0.02,0.36,0.02,0.02,0.0,0.0,0.0,0.02,0.0,0.0,0.04,0.0,0.0,0.0
32,1,5,0,False,0.5864798423121753,0.08729568107869845,4,qEHVI,0.34,0.2,0.38,0.04,0.02,0.0,0.0,0.0,0.02,0.0,0.0,0.0,0.0,0.0,0.0
32,2,4,1,False,0.4951857821777335,0.11210865760116207,0,qEHVI,0.48,0.0,0.44,0.04,0.0,0.0,0.0,0.0,0.0,0.0,0.0,0.0,0.0,0.04,0.0
32,2,4,1,False,0.4951857821777335,0.11210865760116207,1,qEHVI,0.54,0.3,0.06,0.02,0.0,0.0,0.0,0.0,0.0,0.0,0.0,0.04,0.0,0.0,0.04
32,2,4,1,False,0.4951857821777335,0.11210865760116207,2,qEHVI,0.6,0.26,0.06,0.0,0.0,0.0,0.0,0.0,0.0,0.0,0.0,0.04,0.0,0.0,0.04
32,2,4,1,False,0.4951857821777335,0.11210865760116207,3,qEHVI,0.52,0.02,0.36,0.02,0.02,0.0,0.0,0.0,0.02,0.0,0.0,0.04,0.0,0.0,0.0
32,2,4,1,False,0.4951857821777335,0.11210865760116207,4,qUCB,0.4,0.1,0.4,0.0,0.0,0.0,0.0,0.0,0.04,0.0,0.0,0.0,0.0,0.02,0.04
32,3,3,2,True,0.4242460708315884,0.1542049752746868,0,qEHVI,0.48,0.0,0.44,0.04,0.0,0.0,0.0,0.0,0.0,0.0,0.0,0.0,0.0,0.04,0.0
32,3,3,2,True,0.4242460708315884,0.1542049752746868,1,qEHVI,0.54,0.3,0.06,0.02,0.0,0.0,0.0,0.0,0.0,0.0,0.0,0.04,0.0,0.0,0.04
32,3,3,2,True,0.4242460708315884,0.1542049752746868,2,qEHVI,0.6,0.26,0.06,0.0,0.0,0.0,0.0,0.0,0.0,0.0,0.0,0.04,0.0,0.0,0.04
32,3,3,2,True,0.4242460708315884,0.1542049752746868,3,qUCB,0.5,0.02,0.4,0.0,0.04,0.0,0.0,0.0,0.04,0.0,0.0,0.0,0.0,0.0,0.0
32,3,3,2,True,0.4242460708315884,0.1542049752746868,4,qUCB,0.74,0.0,0.18,0.0,0.04,0.0,0.0,0.0,0.04,0.0,0.0,0.0,0.0,0.0,0.0
32,4,2,3,False,0.31670347615015526,0.08550099390457522,0,qEHVI,0.48,0.0,0.44,0.04,0.0,0.0,0.0,0.0,0.0,0.0,0.0,0.0,0.0,0.04,0.0
32,4,2,3,False,0.31670347615015526,0.08550099390457522,1,qEHVI,0.54,0.3,0.06,0.02,0.0,0.0,0.0,0.0,0.0,0.0,0.0,0.04,0.0,0.0,0.04
32,4,2,3,False,0.31670347615015526,0.08550099390457522,2,qUCB,0.5,0.02,0.4,0.0,0.04,0.0,0.0,0.0,0.04,0.0,0.0,0.0,0.0,0.0,0.0
32,4,2,3,False,0.31670347615015526,0.08550099390457522,3,qUCB,0.74,0.0,0.18,0.0,0.04,0.0,0.0,0.0,0.04,0.0,0.0,0.0,0.0,0.0,0.0
32,4,2,3,False,0.31670347615015526,0.08550099390457522,4,qUCB,0.0,0.66,0.26,0.0,0.04,0.0,0.0,0.0,0.04,0.0,0.0,0.0,0.0,0.0,0.0
32,5,1,4,False,0.2904274182463768,0.1743414456976602,0,qEHVI,0.48,0.0,0.44,0.04,0.0,0.0,0.0,0.0,0.0,0.0,0.0,0.0,0.0,0.04,0.0
32,5,1,4,False,0.2904274182463768,0.1743414456976602,1,qUCB,0.4,0.44,0.06,0.0,0.02,0.0,0.0,0.0,0.0,0.0,0.0,0.04,0.0,0.0,0.04
32,5,1,4,False,0.2904274182463768,0.1743414456976602,2,qUCB,0.08,0.74,0.08,0.0,0.04,0.0,0.0,0.0,0.0,0.0,0.0,0.04,0.0,0.0,0.02
32,5,1,4,False,0.2904274182463768,0.1743414456976602,3,qUCB,0.52,0.3,0.08,0.0,0.0,0.0,0.0,0.0,0.02,0.0,0.0,0.04,0.0,0.0,0.04
32,5,1,4,False,0.2904274182463768,0.1743414456976602,4,qUCB,0.18,0.66,0.06,0.0,0.04,0.0,0.0,0.0,0.0,0.0,0.0,0.04,0.0,0.0,0.02
32,6,0,5,False,0.25126576026013436,0.10779663281469176,0,qUCB,0.4,0.12,0.38,0.04,0.02,0.0,0.0,0.0,0.02,0.0,0.0,0.0,0.0,0.02,0.0
32,6,0,5,False,0.25126576026013436,0.10779663281469176,1,qUCB,0.78,0.0,0.2,0.0,0.0,0.0,0.0,0.0,0.02,0.0,0.0,0.0,0.0,0.0,0.0
32,6,0,5,False,0.25126576026013436,0.10779663281469176,2,qUCB,0.36,0.04,0.58,0.0,0.0,0.0,0.0,0.0,0.02,0.0,0.0,0.0,0.0,0.0,0.0
32,6,0,5,False,0.25126576026013436,0.10779663281469176,3,qUCB,0.72,0.02,0.2,0.0,0.0,0.0,0.0,0.0,0.02,0.0,0.0,0.04,0.0,0.0,0.0
32,6,0,5,False,0.25126576026013436,0.10779663281469176,4,qUCB,0.9400000000000001,0.0,0.0,0.04,0.0,0.0,0.0,0.0,0.0,0.0,0.0,0.0,0.0,0.0,0.02
33,1,5,0,False,0.6641591360405514,0.08016269421867328,0,qEHVI,0.9,0.0,0.0,0.04,0.0,0.0,0.0,0.0,0.0,0.0,0.0,0.04,0.0,0.02,0.0
33,1,5,0,False,0.6641591360405514,0.08016269421867328,1,qEHVI,0.5,0.0,0.44,0.02,0.0,0.0,0.0,0.0,0.0,0.0,0.0,0.0,0.0,0.02,0.02
33,1,5,0,False,0.6641591360405514,0.08016269421867328,2,qEHVI,0.6,0.28,0.06,0.0,0.02,0.0,0.0,0.0,0.0,0.0,0.0,0.04,0.0,0.0,0.0
33,1,5,0,False,0.6641591360405514,0.08016269421867328,3,qEHVI,0.48,0.12,0.3,0.04,0.04,0.0,0.0,0.0,0.0,0.0,0.0,0.02,0.0,0.0,0.0
33,1,5,0,False,0.6641591360405514,0.08016269421867328,4,qEHVI,0.5,0.34,0.06,0.02,0.04,0.0,0.0,0.0,0.0,0.0,0.0,0.04,0.0,0.0,0.0
33,2,4,1,False,0.6021078224641192,0.0351876283122845,0,qEHVI,0.9,0.0,0.0,0.04,0.0,0.0,0.0,0.0,0.0,0.0,0.0,0.04,0.0,0.02,0.0
33,2,4,1,False,0.6021078224641192,0.0351876283122845,1,qEHVI,0.5,0.0,0.44,0.02,0.0,0.0,0.0,0.0,0.0,0.0,0.0,0.0,0.0,0.02,0.02
33,2,4,1,False,0.6021078224641192,0.0351876283122845,2,qEHVI,0.6,0.28,0.06,0.0,0.02,0.0,0.0,0.0,0.0,0.0,0.0,0.04,0.0,0.0,0.0
33,2,4,1,False,0.6021078224641192,0.0351876283122845,3,qEHVI,0.48,0.12,0.3,0.04,0.04,0.0,0.0,0.0,0.0,0.0,0.0,0.02,0.0,0.0,0.0
33,2,4,1,False,0.6021078224641192,0.0351876283122845,4,qUCB,0.48,0.04,0.38,0.0,0.04,0.0,0.0,0.0,0.04,0.0,0.0,0.0,0.0,0.02,0.0
33,3,3,2,True,0.4876486842770681,0.026465516102601505,0,qEHVI,0.5,0.0,0.44,0.02,0.0,0.0,0.0,0.0,0.0,0.0,0.0,0.0,0.0,0.02,0.02
33,3,3,2,True,0.4876486842770681,0.026465516102601505,1,qEHVI,0.9,0.0,0.0,0.04,0.0,0.0,0.0,0.0,0.0,0.0,0.0,0.04,0.0,0.02,0.0
33,3,3,2,True,0.4876486842770681,0.026465516102601505,2,qEHVI,0.6,0.28,0.06,0.0,0.02,0.0,0.0,0.0,0.0,0.0,0.0,0.04,0.0,0.0,0.0
33,3,3,2,True,0.4876486842770681,0.026465516102601505,3,qUCB,0.48,0.04,0.38,0.0,0.04,0.0,0.0,0.0,0.04,0.0,0.0,0.0,0.0,0.02,0.0
33,3,3,2,True,0.4876486842770681,0.026465516102601505,4,qUCB,0.32,0.02,0.58,0.0,0.04,0.0,0.0,0.0,0.04,0.0,0.0,0.0,0.0,0.0,0.0
33,4,2,3,False,0.3584460446515011,0.015515914741421444,0,qEHVI,0.9,0.0,0.0,0.04,0.0,0.0,0.0,0.0,0.0,0.0,0.0,0.04,0.0,0.02,0.0
33,4,2,3,False,0.3584460446515011,0.015515914741421444,1,qEHVI,0.5,0.0,0.44,0.02,0.0,0.0,0.0,0.0,0.0,0.0,0.0,0.0,0.0,0.02,0.02
33,4,2,3,False,0.3584460446515011,0.015515914741421444,2,qUCB,0.36,0.5,0.04,0.0,0.02,0.0,0.0,0.0,0.04,0.0,0.0,0.04,0.0,0.0,0.0
33,4,2,3,False,0.3584460446515011,0.015515914741421444,3,qUCB,0.0,0.84,0.06,0.0,0.04,0.0,0.0,0.0,0.02,0.0,0.0,0.04,0.0,0.0,0.0
33,4,2,3,False,0.3584460446515011,0.015515914741421444,4,qUCB,0.3,0.52,0.08,0.0,0.0,0.0,0.0,0.0,0.04,0.0,0.0,0.04,0.0,0.0,0.02
33,5,1,4,False,0.2434615611209031,0.012451499999781568,0,qEHVI,0.9,0.0,0.0,0.04,0.0,0.0,0.0,0.0,0.0,0.0,0.0,0.04,0.0,0.02,0.0
33,5,1,4,False,0.2434615611209031,0.012451499999781568,1,qUCB,0.38,0.16,0.36,0.0,0.02,0.0,0.0,0.0,0.04,0.0,0.0,0.0,0.0,0.0,0.04
33,5,1,4,False,0.2434615611209031,0.012451499999781568,2,qUCB,0.32,0.02,0.58,0.0,0.04,0.0,0.0,0.0,0.04,0.0,0.0,0.0,0.0,0.0,0.0
33,5,1,4,False,0.2434615611209031,0.012451499999781568,3,qUCB,0.0,0.52,0.38,0.04,0.04,0.0,0.0,0.0,0.0,0.0,0.0,0.0,0.0,0.0,0.02
33,5,1,4,False,0.2434615611209031,0.012451499999781568,4,qUCB,0.0,0.74,0.16,0.0,0.04,0.0,0.0,0.0,0.04,0.0,0.0,0.0,0.0,0.0,0.02
33,6,0,5,False,0.44550902447271945,0.006412118618671414,0,qUCB,0.42,0.1,0.38,0.02,0.02,0.0,0.0,0.0,0.04,0.0,0.0,0.0,0.0,0.0,0.02
33,6,0,5,False,0.44550902447271945,0.006412118618671414,1,qUCB,0.38,0.0,0.6,0.0,0.0,0.0,0.0,0.0,0.0,0.0,0.0,0.02,0.0,0.0,0.0
33,6,0,5,False,0.44550902447271945,0.006412118618671414,2,qUCB,0.4,0.12,0.38,0.04,0.0,0.0,0.0,0.0,0.0,0.0,0.0,0.04,0.0,0.02,0.0
33,6,0,5,False,0.44550902447271945,0.006412118618671414,3,qUCB,0.0,0.52,0.38,0.04,0.04,0.0,0.0,0.0,0.0,0.0,0.0,0.0,0.0,0.0,0.02
33,6,0,5,False,0.44550902447271945,0.006412118618671414,4,qUCB,0.9,0.0,0.0,0.04,0.0,0.0,0.0,0.0,0.0,0.0,0.0,0.04,0.0,0.02,0.0
34,1,5,0,False,0.4965668329172462,0.15420610165316906,0,qEHVI,0.46,0.14,0.3,0.04,0.0,0.0,0.0,0.0,0.02,0.0,0.0,0.0,0.0,0.0,0.04
34,1,5,0,False,0.4965668329172462,0.15420610165316906,1,qEHVI,0.0,0.0,0.98,0.0,0.0,0.0,0.0,0.0,0.0,0.0,0.0,0.0,0.0,0.0,0.02
34,1,5,0,False,0.4965668329172462,0.15420610165316906,2,qEHVI,0.52,0.0,0.38,0.04,0.02,0.0,0.0,0.0,0.0,0.0,0.0,0.04,0.0,0.0,0.0
34,1,5,0,False,0.4965668329172462,0.15420610165316906,3,qEHVI,0.6,0.0,0.32,0.02,0.02,0.0,0.0,0.0,0.04,0.0,0.0,0.0,0.0,0.0,0.0
34,1,5,0,False,0.4965668329172462,0.15420610165316906,4,qEHVI,0.0,0.32,0.62,0.04,0.0,0.0,0.0,0.0,0.02,0.0,0.0,0.0,0.0,0.0,0.0
34,2,4,1,False,0.43769249120137094,0.16416975551325663,0,qEHVI,0.0,0.0,0.98,0.0,0.0,0.0,0.0,0.0,0.0,0.0,0.0,0.0,0.0,0.0,0.02
34,2,4,1,False,0.43769249120137094,0.16416975551325663,1,qEHVI,0.46,0.14,0.3,0.04,0.0,0.0,0.0,0.0,0.02,0.0,0.0,0.0,0.0,0.0,0.04
34,2,4,1,False,0.43769249120137094,0.16416975551325663,2,qEHVI,0.52,0.0,0.38,0.04,0.02,0.0,0.0,0.0,0.0,0.0,0.0,0.04,0.0,0.0,0.0
34,2,4,1,False,0.43769249120137094,0.16416975551325663,3,qEHVI,0.6,0.0,0.32,0.02,0.02,0.0,0.0,0.0,0.04,0.0,0.0,0.0,0.0,0.0,0.0
34,2,4,1,False,0.43769249120137094,0.16416975551325663,4,qUCB,0.46,0.36,0.08,0.0,0.0,0.0,0.0,0.0,0.0,0.0,0.0,0.04,0.0,0.04,0.02
34,3,3,2,True,0.3772387535386601,0.07341827417503755,0,qEHVI,0.46,0.14,0.3,0.04,0.0,0.0,0.0,0.0,0.02,0.0,0.0,0.0,0.0,0.0,0.04
34,3,3,2,True,0.3772387535386601,0.07341827417503755,1,qEHVI,0.52,0.0,0.38,0.04,0.02,0.0,0.0,0.0,0.0,0.0,0.0,0.04,0.0,0.0,0.0
34,3,3,2,True,0.3772387535386601,0.07341827417503755,2,qEHVI,0.0,0.0,0.98,0.0,0.0,0.0,0.0,0.0,0.0,0.0,0.0,0.0,0.0,0.0,0.02
34,3,3,2,True,0.3772387535386601,0.07341827417503755,3,qUCB,0.48,0.06,0.36,0.0,0.02,0.0,0.0,0.0,0.04,0.0,0.0,0.0,0.0,0.04,0.0
34,3,3,2,True,0.3772387535386601,0.07341827417503755,4,qUCB,0.14,0.68,0.08,0.0,0.0,0.0,0.0,0.0,0.0,0.0,0.0,0.04,0.0,0.04,0.02
34,4,2,3,False,0.3040542853289241,0.03416956047745234,0,qEHVI,0.46,0.14,0.3,0.04,0.0,0.0,0.0,0.0,0.02,0.0,0.0,0.0,0.0,0.0,0.04
34,4,2,3,False,0.3040542853289241,0.03416956047745234,1,qEHVI,0.0,0.0,0.98,0.0,0.0,0.0,0.0,0.0,0.0,0.0,0.0,0.0,0.0,0.0,0.02
34,4,2,3,False,0.3040542853289241,0.03416956047745234,2,qUCB,0.48,0.34,0.08,0.0,0.02,0.0,0.0,0.0,0.0,0.0,0.0,0.04,0.0,0.04,0.0
34,4,2,3,False,0.3040542853289241,0.03416956047745234,3,qUCB,0.32,0.52,0.06,0.0,0.04,0.0,0.0,0.0,0.0,0.0,0.0,0.04,0.0,0.02,0.0
34,4,2,3,False,0.3040542853289241,0.03416956047745234,4,qUCB,0.48,0.28,0.14,0.0,0.04,0.0,0.0,0.0,0.02,0.0,0.0,0.04,0.0,0.0,0.0
34,5,1,4,False,0.2312092718647722,0.04094045537677826,0,qEHVI,0.0,0.0,0.98,0.0,0.0,0.0,0.0,0.0,0.0,0.0,0.0,0.0,0.0,0.0,0.02
34,5,1,4,False,0.2312092718647722,0.04094045537677826,1,qUCB,0.46,0.4,0.04,0.0,0.04,0.0,0.0,0.0,0.02,0.0,0.0,0.04,0.0,0.0,0.0
34,5,1,4,False,0.2312092718647722,0.04094045537677826,2,qUCB,0.28,0.62,0.0,0.04,0.02,0.0,0.0,0.0,0.0,0.0,0.0,0.04,0.0,0.0,0.0
34,5,1,4,False,0.2312092718647722,0.04094045537677826,3,qUCB,0.72,0.14,0.04,0.04,0.0,0.0,0.0,0.0,0.0,0.0,0.0,0.04,0.0,0.02,0.0
34,5,1,4,False,0.2312092718647722,0.04094045537677826,4,qUCB,0.42,0.5,0.0,0.04,0.0,0.0,0.0,0.0,0.0,0.0,0.0,0.04,0.0,0.0,0.0
34,6,0,5,False,0.28593551562488645,0.011831585302674918,0,qUCB,0.4,0.12,0.38,0.04,0.02,0.0,0.0,0.0,0.02,0.0,0.0,0.0,0.0,0.0,0.02
34,6,0,5,False,0.28593551562488645,0.011831585302674918,1,qUCB,0.0,0.0,0.98,0.0,0.0,0.0,0.0,0.0,0.0,0.0,0.0,0.0,0.0,0.0,0.02
34,6,0,5,False,0.28593551562488645,0.011831585302674918,2,qUCB,0.02,0.02,0.92,0.04,0.0,0.0,0.0,0.0,0.0,0.0,0.0,0.0,0.0,0.0,0.0
34,6,0,5,False,0.28593551562488645,0.011831585302674918,3,qUCB,0.42,0.12,0.38,0.04,0.0,0.0,0.0,0.0,0.0,0.0,0.0,0.04,0.0,0.0,0.0
34,6,0,5,False,0.28593551562488645,0.011831585302674918,4,qUCB,0.42,0.14,0.38,0.02,0.0,0.0,0.0,0.0,0.02,0.0,0.0,0.0,0.0,0.02,0.0
35,1,5,0,False,0.4954020336294738,0.39329724959631207,0,qEHVI,0.52,0.02,0.36,0.02,0.02,0.0,0.0,0.0,0.0,0.0,0.0,0.04,0.0,0.02,0.0
35,1,5,0,False,0.4954020336294738,0.39329724959631207,1,qEHVI,0.5,0.34,0.06,0.02,0.02,0.0,0.0,0.0,0.02,0.0,0.0,0.04,0.0,0.0,0.0
35,1,5,0,False,0.4954020336294738,0.39329724959631207,2,qEHVI,0.4,0.12,0.38,0.04,0.02,0.0,0.0,0.0,0.0,0.0,0.0,0.0,0.0,0.04,0.0
35,1,5,0,False,0.4954020336294738,0.39329724959631207,3,qEHVI,0.56,0.3,0.04,0.0,0.02,0.0,0.0,0.0,0.0,0.0,0.0,0.04,0.0,0.04,0.0
35,1,5,0,False,0.4954020336294738,0.39329724959631207,4,qEHVI,0.7000000000000001,0.26,0.0,0.0,0.04,0.0,0.0,0.0,0.0,0.0,0.0,0.0,0.0,0.0,0.0
35,2,4,1,False,0.42171635737731195,0.1193214523780064,0,qEHVI,0.52,0.02,0.36,0.02,0.02,0.0,0.0,0.0,0.0,0.0,0.0,0.04,0.0,0.02,0.0
35,2,4,1,False,0.42171635737731195,0.1193214523780064,1,qEHVI,0.5,0.34,0.06,0.02,0.02,0.0,0.0,0.0,0.02,0.0,0.0,0.04,0.0,0.0,0.0
35,2,4,1,False,0.42171635737731195,0.1193214523780064,2,qEHVI,0.56,0.3,0.04,0.0,0.02,0.0,0.0,0.0,0.0,0.0,0.0,0.04,0.0,0.04,0.0
35,2,4,1,False,0.42171635737731195,0.1193214523780064,3,qEHVI,0.4,0.12,0.38,0.04,0.02,0.0,0.0,0.0,0.0,0.0,0.0,0.0,0.0,0.04,0.0
35,2,4,1,False,0.42171635737731195,0.1193214523780064,4,qUCB,0.42,0.14,0.4,0.0,0.0,0.0,0.0,0.0,0.0,0.0,0.0,0.0,0.0,0.0,0.04
35,3,3,2,True,0.40355995487740864,0.019682051940234757,0,qEHVI,0.52,0.02,0.36,0.02,0.02,0.0,0.0,0.0,0.0,0.0,0.0,0.04,0.0,0.02,0.0
35,3,3,2,True,0.40355995487740864,0.019682051940234757,1,qEHVI,0.5,0.34,0.06,0.02,0.02,0.0,0.0,0.0,0.02,0.0,0.0,0.04,0.0,0.0,0.0
35,3,3,2,True,0.40355995487740864,0.019682051940234757,2,qEHVI,0.56,0.3,0.04,0.0,0.02,0.0,0.0,0.0,0.0,0.0,0.0,0.04,0.0,0.04,0.0
35,3,3,2,True,0.40355995487740864,0.019682051940234757,3,qUCB,0.46,0.06,0.38,0.04,0.0,0.0,0.0,0.0,0.02,0.0,0.0,0.0,0.0,0.0,0.04
35,3,3,2,True,0.40355995487740864,0.019682051940234757,4,qUCB,0.0,0.56,0.34,0.04,0.0,0.0,0.0,0.0,0.0,0.0,0.0,0.0,0.0,0.02,0.04
35,4,2,3,False,0.31643780167980295,0.07420561448708263,0,qEHVI,0.52,0.02,0.36,0.02,0.02,0.0,0.0,0.0,0.0,0.0,0.0,0.04,0.0,0.02,0.0
35,4,2,3,False,0.31643780167980295,0.07420561448708263,1,qEHVI,0.5,0.34,0.06,0.02,0.02,0.0,0.0,0.0,0.02,0.0,0.0,0.04,0.0,0.0,0.0
35,4,2,3,False,0.31643780167980295,0.07420561448708263,2,qUCB,0.46,0.06,0.38,0.04,0.0,0.0,0.0,0.0,0.02,0.0,0.0,0.0,0.0,0.0,0.04
35,4,2,3,False,0.31643780167980295,0.07420561448708263,3,qUCB,0.38,0.46,0.06,0.0,0.0,0.0,0.0,0.0,0.02,0.0,0.0,0.0,0.0,0.04,0.04
35,4,2,3,False,0.31643780167980295,0.07420561448708263,4,qUCB,0.0,0.56,0.34,0.04,0.0,0.0,0.0,0.0,0.0,0.0,0.0,0.0,0.0,0.02,0.04
35,5,1,4,False,0.1800553041281598,0.12715751734102554,0,qEHVI,0.52,0.02,0.36,0.02,0.02,0.0,0.0,0.0,0.0,0.0,0.0,0.04,0.0,0.02,0.0
35,5,1,4,False,0.1800553041281598,0.12715751734102554,1,qUCB,0.5,0.04,0.36,0.02,0.0,0.0,0.0,0.0,0.04,0.0,0.0,0.0,0.0,0.0,0.04
35,5,1,4,False,0.1800553041281598,0.12715751734102554,2,qUCB,0.42,0.34,0.16,0.0,0.0,0.0,0.0,0.0,0.04,0.0,0.0,0.0,0.0,0.0,0.04
35,5,1,4,False,0.1800553041281598,0.12715751734102554,3,qUCB,0.0,0.76,0.14,0.04,0.0,0.0,0.0,0.0,0.04,0.0,0.0,0.0,0.0,0.0,0.02
35,5,1,4,False,0.1800553041281598,0.12715751734102554,4,qUCB,0.38,0.52,0.06,0.0,0.0,0.0,0.0,0.0,0.0,0.0,0.0,0.0,0.0,0.0,0.04
35,6,0,5,False,0.30158565041590885,0.10245626895004656,0,qUCB,0.4,0.12,0.38,0.04,0.02,0.0,0.0,0.0,0.0,0.0,0.0,0.0,0.0,0.04,0.0
35,6,0,5,False,0.30158565041590885,0.10245626895004656,1,qUCB,0.44,0.14,0.38,0.02,0.0,0.0,0.0,0.0,0.0,0.0,0.0,0.02,0.0,0.0,0.0
35,6,0,5,False,0.30158565041590885,0.10245626895004656,2,qUCB,0.44,0.3,0.16,0.0,0.0,0.0,0.0,0.0,0.04,0.0,0.0,0.04,0.0,0.0,0.02
35,6,0,5,False,0.30158565041590885,0.10245626895004656,3,qUCB,0.0,0.5,0.4,0.04,0.04,0.0,0.0,0.0,0.0,0.0,0.0,0.0,0.0,0.02,0.0
35,6,0,5,False,0.30158565041590885,0.10245626895004656,4,qUCB,0.32,0.4,0.22,0.0,0.02,0.0,0.0,0.0,0.0,0.0,0.0,0.04,0.0,0.0,0.0
36,1,5,0,False,0.5297693919129994,0.044074457939465184,0,qEHVI,0.56,0.0,0.36,0.0,0.04,0.0,0.0,0.0,0.0,0.0,0.0,0.04,0.0,0.0,0.0
36,1,5,0,False,0.5297693919129994,0.044074457939465184,1,qEHVI,0.36,0.16,0.38,0.04,0.0,0.0,0.0,0.0,0.0,0.0,0.0,0.0,0.0,0.04,0.02
36,1,5,0,False,0.5297693919129994,0.044074457939465184,2,qEHVI,0.4,0.5,0.02,0.04,0.0,0.0,0.0,0.0,0.0,0.0,0.0,0.04,0.0,0.0,0.0
36,1,5,0,False,0.5297693919129994,0.044074457939465184,3,qEHVI,0.0,0.26,0.64,0.04,0.02,0.0,0.0,0.0,0.0,0.0,0.0,0.04,0.0,0.0,0.0
36,1,5,0,False,0.5297693919129994,0.044074457939465184,4,qEHVI,0.54,0.36,0.06,0.0,0.0,0.0,0.0,0.0,0.0,0.0,0.0,0.04,0.0,0.0,0.0
36,2,4,1,False,0.4502247082270904,0.20649345898660787,0,qEHVI,0.56,0.0,0.36,0.0,0.04,0.0,0.0,0.0,0.0,0.0,0.0,0.04,0.0,0.0,0.0
36,2,4,1,False,0.4502247082270904,0.20649345898660787,1,qEHVI,0.36,0.16,0.38,0.04,0.0,0.0,0.0,0.0,0.0,0.0,0.0,0.0,0.0,0.04,0.02
36,2,4,1,False,0.4502247082270904,0.20649345898660787,2,qEHVI,0.4,0.5,0.02,0.04,0.0,0.0,0.0,0.0,0.0,0.0,0.0,0.04,0.0,0.0,0.0
36,2,4,1,False,0.4502247082270904,0.20649345898660787,3,qEHVI,0.0,0.26,0.64,0.04,0.02,0.0,0.0,0.0,0.0,0.0,0.0,0.04,0.0,0.0,0.0
36,2,4,1,False,0.4502247082270904,0.20649345898660787,4,qUCB,0.42,0.42,0.06,0.0,0.0,0.0,0.0,0.0,0.04,0.0,0.0,0.02,0.0,0.0,0.04
36,3,3,2,True,0.34941328429644153,0.07809632764740027,0,qEHVI,0.56,0.0,0.36,0.0,0.04,0.0,0.0,0.0,0.0,0.0,0.0,0.04,0.0,0.0,0.0
36,3,3,2,True,0.34941328429644153,0.07809632764740027,1,qEHVI,0.4,0.5,0.02,0.04,0.0,0.0,0.0,0.0,0.0,0.0,0.0,0.04,0.0,0.0,0.0
36,3,3,2,True,0.34941328429644153,0.07809632764740027,2,qEHVI,0.36,0.16,0.38,0.04,0.0,0.0,0.0,0.0,0.0,0.0,0.0,0.0,0.0,0.04,0.02
36,3,3,2,True,0.34941328429644153,0.07809632764740027,3,qUCB,0.42,0.42,0.06,0.0,0.0,0.0,0.0,0.0,0.04,0.0,0.0,0.02,0.0,0.0,0.04
36,3,3,2,True,0.34941328429644153,0.07809632764740027,4,qUCB,0.42,0.3,0.18,0.0,0.02,0.0,0.0,0.0,0.04,0.0,0.0,0.0,0.0,0.0,0.04
36,4,2,3,False,0.2484054931319025,0.020016309439771618,0,qEHVI,0.56,0.0,0.36,0.0,0.04,0.0,0.0,0.0,0.0,0.0,0.0,0.04,0.0,0.0,0.0
36,4,2,3,False,0.2484054931319025,0.020016309439771618,1,qEHVI,0.36,0.16,0.38,0.04,0.0,0.0,0.0,0.0,0.0,0.0,0.0,0.0,0.0,0.04,0.02
36,4,2,3,False,0.2484054931319025,0.020016309439771618,2,qUCB,0.42,0.42,0.06,0.0,0.0,0.0,0.0,0.0,0.04,0.0,0.0,0.02,0.0,0.0,0.04
36,4,2,3,False,0.2484054931319025,0.020016309439771618,3,qUCB,0.42,0.3,0.18,0.0,0.02,0.0,0.0,0.0,0.04,0.0,0.0,0.0,0.0,0.0,0.04
36,4,2,3,False,0.2484054931319025,0.020016309439771618,4,qUCB,0.0,0.66,0.26,0.0,0.0,0.0,0.0,0.0,0.04,0.0,0.0,0.0,0.0,0.0,0.04
36,5,1,4,False,0.2599665121490927,0.15158493448218957,0,qEHVI,0.56,0.0,0.36,0.0,0.04,0.0,0.0,0.0,0.0,0.0,0.0,0.04,0.0,0.0,0.0
36,5,1,4,False,0.2599665121490927,0.15158493448218957,1,qUCB,0.36,0.16,0.38,0.04,0.0,0.0,0.0,0.0,0.0,0.0,0.0,0.0,0.0,0.04,0.02
36,5,1,4,False,0.2599665121490927,0.15158493448218957,2,qUCB,0.32,0.42,0.16,0.04,0.0,0.0,0.0,0.0,0.02,0.0,0.0,0.0,0.0,0.04,0.0
36,5,1,4,False,0.2599665121490927,0.15158493448218957,3,qUCB,0.0,0.66,0.26,0.0,0.0,0.0,0.0,0.0,0.04,0.0,0.0,0.0,0.0,0.0,0.04
36,5,1,4,False,0.2599665121490927,0.15158493448218957,4,qUCB,0.4,0.26,0.24,0.04,0.0,0.0,0.0,0.0,0.0,0.0,0.0,0.0,0.0,0.02,0.04
36,6,0,5,False,0.30015871335941235,0.10540212667175419,0,qUCB,0.42,0.1,0.38,0.02,0.0,0.0,0.0,0.0,0.0,0.0,0.0,0.02,0.0,0.02,0.04
36,6,0,5,False,0.30015871335941235,0.10540212667175419,1,qUCB,0.4,0.22,0.38,0.0,0.0,0.0,0.0,0.0,0.0,0.0,0.0,0.0,0.0,0.0,0.0
36,6,0,5,False,0.30015871335941235,0.10540212667175419,2,qUCB,0.36,0.16,0.38,0.04,0.0,0.0,0.0,0.0,0.0,0.0,0.0,0.0,0.0,0.04,0.02
36,6,0,5,False,0.30015871335941235,0.10540212667175419,3,qUCB,0.24,0.0,0.76,0.0,0.0,0.0,0.0,0.0,0.0,0.0,0.0,0.0,0.0,0.0,0.0
36,6,0,5,False,0.30015871335941235,0.10540212667175419,4,qUCB,0.44,0.32,0.18,0.0,0.0,0.0,0.0,0.0,0.02,0.0,0.0,0.04,0.0,0.0,0.0
37,1,5,0,False,0.6368902469719285,0.008626786090788485,0,qEHVI,0.0,0.58,0.36,0.04,0.0,0.0,0.0,0.0,0.0,0.0,0.0,0.0,0.0,0.0,0.02
37,1,5,0,False,0.6368902469719285,0.008626786090788485,1,qEHVI,0.5,0.0,0.44,0.02,0.02,0.0,0.0,0.0,0.02,0.0,0.0,0.0,0.0,0.0,0.0
37,1,5,0,False,0.6368902469719285,0.008626786090788485,2,qEHVI,0.0,0.58,0.36,0.0,0.02,0.0,0.0,0.0,0.02,0.0,0.0,0.0,0.0,0.02,0.0
37,1,5,0,False,0.6368902469719285,0.008626786090788485,3,qEHVI,0.0,0.3,0.62,0.04,0.0,0.0,0.0,0.0,0.0,0.0,0.0,0.04,0.0,0.0,0.0
37,1,5,0,False,0.6368902469719285,0.008626786090788485,4,qEHVI,0.66,0.24,0.0,0.0,0.02,0.0,0.0,0.0,0.0,0.0,0.0,0.0,0.0,0.04,0.04
37,2,4,1,False,0.5943895818800777,0.06983189192474537,0,qEHVI,0.0,0.58,0.36,0.04,0.0,0.0,0.0,0.0,0.0,0.0,0.0,0.0,0.0,0.0,0.02
37,2,4,1,False,0.5943895818800777,0.06983189192474537,1,qEHVI,0.5,0.0,0.44,0.02,0.02,0.0,0.0,0.0,0.02,0.0,0.0,0.0,0.0,0.0,0.0
37,2,4,1,False,0.5943895818800777,0.06983189192474537,2,qEHVI,0.0,0.58,0.36,0.0,0.02,0.0,0.0,0.0,0.02,0.0,0.0,0.0,0.0,0.02,0.0
37,2,4,1,False,0.5943895818800777,0.06983189192474537,3,qEHVI,0.0,0.3,0.62,0.04,0.0,0.0,0.0,0.0,0.0,0.0,0.0,0.04,0.0,0.0,0.0
37,2,4,1,False,0.5943895818800777,0.06983189192474537,4,qUCB,0.52,0.34,0.04,0.0,0.0,0.0,0.0,0.0,0.0,0.0,0.0,0.04,0.0,0.02,0.04
37,3,3,2,True,0.5224484417194194,0.04447644453978583,0,qEHVI,0.0,0.58,0.36,0.04,0.0,0.0,0.0,0.0,0.0,0.0,0.0,0.0,0.0,0.0,0.02
37,3,3,2,True,0.5224484417194194,0.04447644453978583,1,qEHVI,0.0,0.58,0.36,0.0,0.02,0.0,0.0,0.0,0.02,0.0,0.0,0.0,0.0,0.02,0.0
37,3,3,2,True,0.5224484417194194,0.04447644453978583,2,qEHVI,0.5,0.0,0.44,0.02,0.02,0.0,0.0,0.0,0.02,0.0,0.0,0.0,0.0,0.0,0.0
37,3,3,2,True,0.5224484417194194,0.04447644453978583,3,qUCB,0.52,0.34,0.04,0.0,0.0,0.0,0.0,0.0,0.0,0.0,0.0,0.04,0.0,0.02,0.04
37,3,3,2,True,0.5224484417194194,0.04447644453978583,4,qUCB,0.56,0.22,0.14,0.0,0.0,0.0,0.0,0.0,0.0,0.0,0.0,0.04,0.0,0.0,0.04
37,4,2,3,False,0.42832853196743736,0.033660020833992554,0,qEHVI,0.0,0.58,0.36,0.04,0.0,0.0,0.0,0.0,0.0,0.0,0.0,0.0,0.0,0.0,0.02
37,4,2,3,False,0.42832853196743736,0.033660020833992554,1,qEHVI,0.5,0.0,0.44,0.02,0.02,0.0,0.0,0.0,0.02,0.0,0.0,0.0,0.0,0.0,0.0
37,4,2,3,False,0.42832853196743736,0.033660020833992554,2,qUCB,0.5,0.28,0.12,0.0,0.0,0.0,0.0,0.0,0.0,0.0,0.0,0.04,0.0,0.04,0.02
37,4,2,3,False,0.42832853196743736,0.033660020833992554,3,qUCB,0.38,0.34,0.18,0.0,0.0,0.0,0.0,0.0,0.0,0.0,0.0,0.04,0.0,0.04,0.02
37,4,2,3,False,0.42832853196743736,0.033660020833992554,4,qUCB,0.56,0.28,0.06,0.0,0.0,0.0,0.0,0.0,0.0,0.0,0.0,0.04,0.0,0.04,0.02
37,5,1,4,False,0.28735304020818325,0.019482143011498643,0,qEHVI,0.0,0.58,0.36,0.04,0.0,0.0,0.0,0.0,0.0,0.0,0.0,0.0,0.0,0.0,0.02
37,5,1,4,False,0.28735304020818325,0.019482143011498643,1,qUCB,0.42,0.1,0.38,0.0,0.0,0.0,0.0,0.0,0.04,0.0,0.0,0.02,0.0,0.04,0.0
37,5,1,4,False,0.28735304020818325,0.019482143011498643,2,qUCB,0.8200000000000001,0.06,0.04,0.0,0.0,0.0,0.0,0.0,0.0,0.0,0.0,0.04,0.0,0.04,0.0
37,5,1,4,False,0.28735304020818325,0.019482143011498643,3,qUCB,0.42,0.32,0.16,0.0,0.04,0.0,0.0,0.0,0.02,0.0,0.0,0.04,0.0,0.0,0.0
37,5,1,4,False,0.28735304020818325,0.019482143011498643,4,qUCB,0.7000000000000001,0.02,0.18,0.0,0.02,0.0,0.0,0.0,0.0,0.0,0.0,0.04,0.0,0.04,0.0
37,6,0,5,False,0.32322733031347606,0.013328379256158929,0,qUCB,0.4,0.16,0.38,0.02,0.0,0.0,0.0,0.0,0.0,0.0,0.0,0.0,0.0,0.0,0.04
37,6,0,5,False,0.32322733031347606,0.013328379256158929,1,qUCB,0.46,0.14,0.38,0.0,0.0,0.0,0.0,0.0,0.0,0.0,0.0,0.02,0.0,0.0,0.0
37,6,0,5,False,0.32322733031347606,0.013328379256158929,2,qUCB,0.0,0.52,0.4,0.04,0.0,0.0,0.0,0.0,0.02,0.0,0.0,0.0,0.0,0.02,0.0
37,6,0,5,False,0.32322733031347606,0.013328379256158929,3,qUCB,0.0,0.0,0.9400000000000001,0.04,0.0,0.0,0.0,0.0,0.02,0.0,0.0,0.0,0.0,0.0,0.0
37,6,0,5,False,0.32322733031347606,0.013328379256158929,4,qUCB,0.34,0.38,0.22,0.0,0.0,0.0,0.0,0.0,0.02,0.0,0.0,0.04,0.0,0.0,0.0
38,1,5,0,True,0.4425185537830834,0.017256747100448777,0,qEHVI,0.52,0.08,0.3,0.04,0.02,0.0,0.0,0.0,0.0,0.0,0.0,0.04,0.0,0.0,0.0
38,1,5,0,True,0.4425185537830834,0.017256747100448777,1,qEHVI,0.7000000000000001,0.2,0.0,0.04,0.02,0.0,0.0,0.0,0.0,0.0,0.0,0.04,0.0,0.0,0.0
38,1,5,0,True,0.4425185537830834,0.017256747100448777,2,qEHVI,0.52,0.34,0.06,0.02,0.0,0.0,0.0,0.0,0.0,0.0,0.0,0.04,0.0,0.02,0.0
38,1,5,0,True,0.4425185537830834,0.017256747100448777,3,qEHVI,0.56,0.0,0.36,0.02,0.04,0.0,0.0,0.0,0.0,0.0,0.0,0.02,0.0,0.0,0.0
38,1,5,0,True,0.4425185537830834,0.017256747100448777,4,qEHVI,0.38,0.14,0.38,0.02,0.0,0.0,0.0,0.0,0.04,0.0,0.0,0.0,0.0,0.04,0.0
38,2,4,1,False,0.4076505618262099,0.043410716318918574,0,qEHVI,0.52,0.08,0.3,0.04,0.02,0.0,0.0,0.0,0.0,0.0,0.0,0.04,0.0,0.0,0.0
38,2,4,1,False,0.4076505618262099,0.043410716318918574,1,qEHVI,0.7000000000000001,0.2,0.0,0.04,0.02,0.0,0.0,0.0,0.0,0.0,0.0,0.04,0.0,0.0,0.0
38,2,4,1,False,0.4076505618262099,0.043410716318918574,2,qEHVI,0.56,0.0,0.36,0.02,0.04,0.0,0.0,0.0,0.0,0.0,0.0,0.02,0.0,0.0,0.0
38,2,4,1,False,0.4076505618262099,0.043410716318918574,3,qEHVI,0.52,0.34,0.06,0.02,0.0,0.0,0.0,0.0,0.0,0.0,0.0,0.04,0.0,0.02,0.0
38,2,4,1,False,0.4076505618262099,0.043410716318918574,4,qUCB,0.4,0.14,0.36,0.0,0.0,0.0,0.0,0.0,0.04,0.0,0.0,0.0,0.0,0.02,0.04
38,3,3,2,False,0.3519081037014227,0.016272103829870765,0,qEHVI,0.52,0.08,0.3,0.04,0.02,0.0,0.0,0.0,0.0,0.0,0.0,0.04,0.0,0.0,0.0
38,3,3,2,False,0.3519081037014227,0.016272103829870765,1,qEHVI,0.7000000000000001,0.2,0.0,0.04,0.02,0.0,0.0,0.0,0.0,0.0,0.0,0.04,0.0,0.0,0.0
38,3,3,2,False,0.3519081037014227,0.016272103829870765,2,qEHVI,0.52,0.34,0.06,0.02,0.0,0.0,0.0,0.0,0.0,0.0,0.0,0.04,0.0,0.02,0.0
38,3,3,2,False,0.3519081037014227,0.016272103829870765,3,qUCB,0.4,0.14,0.36,0.0,0.0,0.0,0.0,0.0,0.04,0.0,0.0,0.0,0.0,0.02,0.04
38,3,3,2,False,0.3519081037014227,0.016272103829870765,4,qUCB,0.0,0.66,0.24,0.0,0.04,0.0,0.0,0.0,0.04,0.0,0.0,0.0,0.0,0.0,0.02
38,4,2,3,False,0.2796846322455496,1.1674169282537843,0,qEHVI,0.52,0.08,0.3,0.04,0.02,0.0,0.0,0.0,0.0,0.0,0.0,0.04,0.0,0.0,0.0
38,4,2,3,False,0.2796846322455496,1.1674169282537843,1,qEHVI,0.62,0.28,0.0,0.04,0.0,0.0,0.0,0.0,0.0,0.0,0.0,0.04,0.0,0.0,0.02
38,4,2,3,False,0.2796846322455496,1.1674169282537843,2,qUCB,0.44,0.08,0.38,0.0,0.02,0.0,0.0,0.0,0.04,0.0,0.0,0.0,0.0,0.04,0.0
38,4,2,3,False,0.2796846322455496,1.1674169282537843,3,qUCB,0.36,0.5,0.04,0.0,0.02,0.0,0.0,0.0,0.04,0.0,0.0,0.0,0.0,0.04,0.0
38,4,2,3,False,0.2796846322455496,1.1674169282537843,4,qUCB,0.0,0.66,0.24,0.0,0.04,0.0,0.0,0.0,0.04,0.0,0.0,0.0,0.0,0.0,0.02
38,5,1,4,False,0.15750443271510006,0.07215345440351051,0,qEHVI,0.52,0.08,0.3,0.04,0.02,0.0,0.0,0.0,0.0,0.0,0.0,0.04,0.0,0.0,0.0
38,5,1,4,False,0.15750443271510006,0.07215345440351051,1,qUCB,0.4,0.14,0.36,0.0,0.0,0.0,0.0,0.0,0.04,0.0,0.0,0.0,0.0,0.02,0.04
38,5,1,4,False,0.15750443271510006,0.07215345440351051,2,qUCB,0.0,0.66,0.24,0.0,0.04,0.0,0.0,0.0,0.04,0.0,0.0,0.0,0.0,0.0,0.02
38,5,1,4,False,0.15750443271510006,0.07215345440351051,3,qUCB,0.36,0.52,0.04,0.0,0.0,0.0,0.0,0.0,0.04,0.0,0.0,0.0,0.0,0.0,0.04
38,5,1,4,False,0.15750443271510006,0.07215345440351051,4,qUCB,0.28,0.6,0.04,0.0,0.0,0.0,0.0,0.0,0.04,0.0,0.0,0.0,0.0,0.0,0.04
38,6,0,5,False,0.23895742323189356,0.13770996452676387,0,qUCB,0.38,0.14,0.38,0.02,0.0,0.0,0.0,0.0,0.04,0.0,0.0,0.0,0.0,0.04,0.0
38,6,0,5,False,0.23895742323189356,0.13770996452676387,1,qUCB,0.42,0.08,0.4,0.04,0.0,0.0,0.0,0.0,0.0,0.0,0.0,0.04,0.0,0.02,0.0
38,6,0,5,False,0.23895742323189356,0.13770996452676387,2,qUCB,0.76,0.0,0.2,0.0,0.0,0.0,0.0,0.0,0.0,0.0,0.0,0.04,0.0,0.0,0.0
38,6,0,5,False,0.23895742323189356,0.13770996452676387,3,qUCB,0.7000000000000001,0.2,0.0,0.04,0.02,0.0,0.0,0.0,0.0,0.0,0.0,0.04,0.0,0.0,0.0
38,6,0,5,False,0.23895742323189356,0.13770996452676387,4,qUCB,0.4,0.34,0.16,0.04,0.02,0.0,0.0,0.0,0.0,0.0,0.0,0.0,0.0,0.0,0.04
39,1,5,0,True,0.4169094909454957,0.11774506795495654,0,qEHVI,0.48,0.0,0.46,0.02,0.0,0.0,0.0,0.0,0.0,0.0,0.0,0.0,0.0,0.0,0.04
39,1,5,0,True,0.4169094909454957,0.11774506795495654,1,qEHVI,0.68,0.22,0.0,0.0,0.04,0.0,0.0,0.0,0.0,0.0,0.0,0.0,0.0,0.04,0.02
39,1,5,0,True,0.4169094909454957,0.11774506795495654,2,qEHVI,0.48,0.38,0.04,0.02,0.0,0.0,0.0,0.0,0.02,0.0,0.0,0.04,0.0,0.0,0.02
39,1,5,0,True,0.4169094909454957,0.11774506795495654,3,qEHVI,0.44,0.16,0.36,0.02,0.0,0.0,0.0,0.0,0.0,0.0,0.0,0.0,0.0,0.0,0.02
39,1,5,0,True,0.4169094909454957,0.11774506795495654,4,qEHVI,0.4,0.12,0.4,0.04,0.0,0.0,0.0,0.0,0.0,0.0,0.0,0.0,0.0,0.04,0.0
39,2,4,1,False,0.38163939061465724,0.05677295830946072,0,qEHVI,0.48,0.0,0.46,0.02,0.0,0.0,0.0,0.0,0.0,0.0,0.0,0.0,0.0,0.0,0.04
39,2,4,1,False,0.38163939061465724,0.05677295830946072,1,qEHVI,0.68,0.22,0.0,0.0,0.04,0.0,0.0,0.0,0.0,0.0,0.0,0.0,0.0,0.04,0.02
39,2,4,1,False,0.38163939061465724,0.05677295830946072,2,qEHVI,0.48,0.38,0.04,0.02,0.0,0.0,0.0,0.0,0.02,0.0,0.0,0.04,0.0,0.0,0.02
39,2,4,1,False,0.38163939061465724,0.05677295830946072,3,qEHVI,0.44,0.1,0.36,0.02,0.04,0.0,0.0,0.0,0.0,0.0,0.0,0.0,0.0,0.0,0.04
39,2,4,1,False,0.38163939061465724,0.05677295830946072,4,qUCB,0.44,0.12,0.36,0.0,0.0,0.0,0.0,0.0,0.04,0.0,0.0,0.0,0.0,0.04,0.0
39,3,3,2,False,0.36220066725149624,0.011811077420606608,0,qEHVI,0.48,0.0,0.46,0.02,0.0,0.0,0.0,0.0,0.0,0.0,0.0,0.0,0.0,0.0,0.04
39,3,3,2,False,0.36220066725149624,0.011811077420606608,1,qEHVI,0.68,0.22,0.0,0.0,0.04,0.0,0.0,0.0,0.0,0.0,0.0,0.0,0.0,0.04,0.02
39,3,3,2,False,0.36220066725149624,0.011811077420606608,2,qEHVI,0.48,0.38,0.04,0.02,0.0,0.0,0.0,0.0,0.02,0.0,0.0,0.04,0.0,0.0,0.02
39,3,3,2,False,0.36220066725149624,0.011811077420606608,3,qUCB,0.38,0.16,0.36,0.02,0.04,0.0,0.0,0.0,0.04,0.0,0.0,0.0,0.0,0.0,0.0
39,3,3,2,False,0.36220066725149624,0.011811077420606608,4,qUCB,0.0,0.72,0.26,0.0,0.02,0.0,0.0,0.0,0.0,0.0,0.0,0.0,0.0,0.0,0.0
39,4,2,3,False,0.267926724781205,0.127159110779262,0,qEHVI,0.48,0.0,0.46,0.02,0.0,0.0,0.0,0.0,0.0,0.0,0.0,0.0,0.0,0.0,0.04
39,4,2,3,False,0.267926724781205,0.127159110779262,1,qEHVI,0.68,0.22,0.0,0.0,0.04,0.0,0.0,0.0,0.0,0.0,0.0,0.0,0.0,0.04,0.02
39,4,2,3,False,0.267926724781205,0.127159110779262,2,qUCB,0.42,0.12,0.36,0.0,0.0,0.0,0.0,0.0,0.04,0.0,0.0,0.04,0.0,0.02,0.0
39,4,2,3,False,0.267926724781205,0.127159110779262,3,qUCB,0.36,0.32,0.22,0.0,0.02,0.0,0.0,0.0,0.04,0.0,0.0,0.04,0.0,0.0,0.0
39,4,2,3,False,0.267926724781205,0.127159110779262,4,qUCB,0.48,0.32,0.1,0.0,0.0,0.0,0.0,0.0,0.04,0.0,0.0,0.04,0.0,0.02,0.0
39,5,1,4,False,0.21141303481314289,0.03982818324848836,0,qEHVI,0.48,0.0,0.46,0.02,0.0,0.0,0.0,0.0,0.0,0.0,0.0,0.0,0.0,0.0,0.04
39,5,1,4,False,0.21141303481314289,0.03982818324848836,1,qUCB,0.4,0.42,0.08,0.0,0.02,0.0,0.0,0.0,0.0,0.0,0.0,0.04,0.0,0.04,0.0
39,5,1,4,False,0.21141303481314289,0.03982818324848836,2,qUCB,0.36,0.32,0.22,0.0,0.02,0.0,0.0,0.0,0.04,0.0,0.0,0.04,0.0,0.0,0.0
39,5,1,4,False,0.21141303481314289,0.03982818324848836,3,qUCB,0.44,0.4,0.06,0.0,0.04,0.0,0.0,0.0,0.0,0.0,0.0,0.02,0.0,0.04,0.0
39,5,1,4,False,0.21141303481314289,0.03982818324848836,4,qUCB,0.44,0.08,0.38,0.0,0.0,0.0,0.0,0.0,0.04,0.0,0.0,0.02,0.0,0.04,0.0
39,6,0,5,False,0.20791497679779905,0.18350261523692435,0,qUCB,0.44,0.14,0.38,0.02,0.02,0.0,0.0,0.0,0.0,0.0,0.0,0.0,0.0,0.0,0.0
39,6,0,5,False,0.20791497679779905,0.18350261523692435,1,qUCB,0.48,0.02,0.4,0.04,0.0,0.0,0.0,0.0,0.02,0.0,0.0,0.04,0.0,0.0,0.0
39,6,0,5,False,0.20791497679779905,0.18350261523692435,2,qUCB,0.0,0.74,0.26,0.0,0.0,0.0,0.0,0.0,0.0,0.0,0.0,0.0,0.0,0.0,0.0
39,6,0,5,False,0.20791497679779905,0.18350261523692435,3,qUCB,0.4,0.12,0.38,0.02,0.02,0.0,0.0,0.0,0.04,0.0,0.0,0.0,0.0,0.02,0.0
39,6,0,5,False,0.20791497679779905,0.18350261523692435,4,qUCB,0.34,0.46,0.16,0.04,0.0,0.0,0.0,0.0,0.0,0.0,0.0,0.0,0.0,0.0,0.0
40,1,5,0,True,0.40910626515164916,0.041185455088843526,0,qEHVI,0.5,0.34,0.06,0.02,0.04,0.0,0.0,0.0,0.0,0.0,0.0,0.04,0.0,0.0,0.0
40,1,5,0,True,0.40910626515164916,0.041185455088843526,1,qEHVI,0.52,0.08,0.3,0.04,0.0,0.0,0.0,0.0,0.02,0.0,0.0,0.04,0.0,0.0,0.0
40,1,5,0,True,0.40910626515164916,0.041185455088843526,2,qEHVI,0.44,0.08,0.38,0.02,0.02,0.0,0.0,0.0,0.0,0.0,0.0,0.0,0.0,0.04,0.02
40,1,5,0,True,0.40910626515164916,0.041185455088843526,3,qEHVI,0.4,0.1,0.4,0.04,0.0,0.0,0.0,0.0,0.0,0.0,0.0,0.0,0.0,0.02,0.04
40,1,5,0,True,0.40910626515164916,0.041185455088843526,4,qEHVI,0.52,0.0,0.44,0.02,0.0,0.0,0.0,0.0,0.0,0.0,0.0,0.0,0.0,0.0,0.02
40,2,4,1,False,0.36212790403003686,0.09480788089063097,0,qEHVI,0.5,0.34,0.06,0.02,0.04,0.0,0.0,0.0,0.0,0.0,0.0,0.04,0.0,0.0,0.0
40,2,4,1,False,0.36212790403003686,0.09480788089063097,1,qEHVI,0.52,0.08,0.3,0.04,0.0,0.0,0.0,0.0,0.02,0.0,0.0,0.04,0.0,0.0,0.0
40,2,4,1,False,0.36212790403003686,0.09480788089063097,2,qEHVI,0.44,0.08,0.38,0.02,0.02,0.0,0.0,0.0,0.0,0.0,0.0,0.0,0.0,0.04,0.02
40,2,4,1,False,0.36212790403003686,0.09480788089063097,3,qEHVI,0.4,0.1,0.4,0.04,0.0,0.0,0.0,0.0,0.0,0.0,0.0,0.0,0.0,0.02,0.04
40,2,4,1,False,0.36212790403003686,0.09480788089063097,4,qUCB,0.42,0.1,0.38,0.0,0.0,0.0,0.0,0.0,0.04,0.0,0.0,0.02,0.0,0.0,0.04
40,3,3,2,False,0.3339382287753884,0.010852071125329488,0,qEHVI,0.5,0.34,0.06,0.02,0.04,0.0,0.0,0.0,0.0,0.0,0.0,0.04,0.0,0.0,0.0
40,3,3,2,False,0.3339382287753884,0.010852071125329488,1,qEHVI,0.52,0.08,0.3,0.04,0.0,0.0,0.0,0.0,0.02,0.0,0.0,0.04,0.0,0.0,0.0
40,3,3,2,False,0.3339382287753884,0.010852071125329488,2,qEHVI,0.44,0.08,0.38,0.02,0.02,0.0,0.0,0.0,0.0,0.0,0.0,0.0,0.0,0.04,0.02
40,3,3,2,False,0.3339382287753884,0.010852071125329488,3,qUCB,0.44,0.1,0.38,0.0,0.0,0.0,0.0,0.0,0.04,0.0,0.0,0.0,0.0,0.0,0.04
40,3,3,2,False,0.3339382287753884,0.010852071125329488,4,qUCB,0.0,0.76,0.22,0.0,0.0,0.0,0.0,0.0,0.02,0.0,0.0,0.0,0.0,0.0,0.0
40,4,2,3,False,0.21544584546467666,0.021494949324438295,0,qEHVI,0.5,0.34,0.06,0.02,0.04,0.0,0.0,0.0,0.0,0.0,0.0,0.04,0.0,0.0,0.0
40,4,2,3,False,0.21544584546467666,0.021494949324438295,1,qEHVI,0.52,0.08,0.3,0.04,0.0,0.0,0.0,0.0,0.02,0.0,0.0,0.04,0.0,0.0,0.0
40,4,2,3,False,0.21544584546467666,0.021494949324438295,2,qUCB,0.42,0.08,0.42,0.0,0.0,0.0,0.0,0.0,0.0,0.0,0.0,0.0,0.0,0.04,0.04
40,4,2,3,False,0.21544584546467666,0.021494949324438295,3,qUCB,0.38,0.3,0.22,0.0,0.0,0.0,0.0,0.0,0.02,0.0,0.0,0.0,0.0,0.04,0.04
40,4,2,3,False,0.21544584546467666,0.021494949324438295,4,qUCB,0.56,0.2,0.16,0.0,0.0,0.0,0.0,0.0,0.0,0.0,0.0,0.0,0.0,0.04,0.04
40,5,1,4,False,0.22640190675679128,0.02905700806265976,0,qEHVI,0.5,0.34,0.06,0.02,0.04,0.0,0.0,0.0,0.0,0.0,0.0,0.04,0.0,0.0,0.0
40,5,1,4,False,0.22640190675679128,0.02905700806265976,1,qUCB,0.48,0.02,0.4,0.0,0.0,0.0,0.0,0.0,0.04,0.0,0.0,0.0,0.0,0.02,0.04
40,5,1,4,False,0.22640190675679128,0.02905700806265976,2,qUCB,0.44,0.1,0.38,0.0,0.0,0.0,0.0,0.0,0.04,0.0,0.0,0.0,0.0,0.0,0.04
40,5,1,4,False,0.22640190675679128,0.02905700806265976,3,qUCB,0.46,0.08,0.36,0.0,0.0,0.0,0.0,0.0,0.04,0.0,0.0,0.0,0.0,0.02,0.04
40,5,1,4,False,0.22640190675679128,0.02905700806265976,4,qUCB,0.0,0.64,0.26,0.04,0.0,0.0,0.0,0.0,0.04,0.0,0.0,0.0,0.0,0.02,0.0
40,6,0,5,False,0.16292118733162517,0.0855210608971051,0,qUCB,0.42,0.12,0.38,0.04,0.0,0.0,0.0,0.0,0.0,0.0,0.0,0.0,0.0,0.04,0.0
40,6,0,5,False,0.16292118733162517,0.0855210608971051,1,qUCB,0.44,0.06,0.4,0.02,0.0,0.0,0.0,0.0,0.04,0.0,0.0,0.04,0.0,0.0,0.0
40,6,0,5,False,0.16292118733162517,0.0855210608971051,2,qUCB,0.42,0.18,0.38,0.0,0.0,0.0,0.0,0.0,0.0,0.0,0.0,0.0,0.0,0.02,0.0
40,6,0,5,False,0.16292118733162517,0.0855210608971051,3,qUCB,0.0,0.7000000000000001,0.26,0.0,0.02,0.0,0.0,0.0,0.02,0.0,0.0,0.0,0.0,0.0,0.0
40,6,0,5,False,0.16292118733162517,0.0855210608971051,4,qUCB,0.32,0.46,0.16,0.04,0.0,0.0,0.0,0.0,0.02,0.0,0.0,0.0,0.0,0.0,0.0
41,1,5,0,True,0.4030055633236699,0.008903223652065861,0,qEHVI,0.0,0.24,0.66,0.04,0.02,0.0,0.0,0.0,0.0,0.0,0.0,0.04,0.0,0.0,0.0
41,1,5,0,True,0.4030055633236699,0.008903223652065861,1,qEHVI,0.48,0.38,0.04,0.02,0.0,0.0,0.0,0.0,0.0,0.0,0.0,0.04,0.0,0.0,0.04
41,1,5,0,True,0.4030055633236699,0.008903223652065861,2,qEHVI,0.48,0.0,0.46,0.02,0.0,0.0,0.0,0.0,0.0,0.0,0.0,0.02,0.0,0.0,0.02
41,1,5,0,True,0.4030055633236699,0.008903223652065861,3,qEHVI,0.36,0.16,0.38,0.02,0.0,0.0,0.0,0.0,0.0,0.0,0.0,0.0,0.0,0.04,0.04
41,1,5,0,True,0.4030055633236699,0.008903223652065861,4,qEHVI,0.54,0.34,0.04,0.0,0.0,0.0,0.0,0.0,0.0,0.0,0.0,0.04,0.0,0.04,0.0
41,2,4,1,False,0.3488276652932115,0.05192392203394647,0,qEHVI,0.48,0.38,0.04,0.02,0.0,0.0,0.0,0.0,0.0,0.0,0.0,0.04,0.0,0.0,0.04
41,2,4,1,False,0.3488276652932115,0.05192392203394647,1,qEHVI,0.0,0.24,0.66,0.04,0.02,0.0,0.0,0.0,0.0,0.0,0.0,0.04,0.0,0.0,0.0
41,2,4,1,False,0.3488276652932115,0.05192392203394647,2,qEHVI,0.48,0.0,0.46,0.02,0.0,0.0,0.0,0.0,0.0,0.0,0.0,0.02,0.0,0.0,0.02
41,2,4,1,False,0.3488276652932115,0.05192392203394647,3,qEHVI,0.36,0.16,0.38,0.02,0.0,0.0,0.0,0.0,0.0,0.0,0.0,0.0,0.0,0.04,0.04
41,2,4,1,False,0.3488276652932115,0.05192392203394647,4,qUCB,0.44,0.12,0.34,0.0,0.04,0.0,0.0,0.0,0.04,0.0,0.0,0.0,0.0,0.02,0.0
41,3,3,2,False,0.27597312249584777,0.013989551015102464,0,qEHVI,0.48,0.38,0.04,0.02,0.0,0.0,0.0,0.0,0.0,0.0,0.0,0.04,0.0,0.0,0.04
41,3,3,2,False,0.27597312249584777,0.013989551015102464,1,qEHVI,0.0,0.24,0.66,0.04,0.02,0.0,0.0,0.0,0.0,0.0,0.0,0.04,0.0,0.0,0.0
41,3,3,2,False,0.27597312249584777,0.013989551015102464,2,qEHVI,0.48,0.0,0.46,0.02,0.0,0.0,0.0,0.0,0.0,0.0,0.0,0.02,0.0,0.0,0.02
41,3,3,2,False,0.27597312249584777,0.013989551015102464,3,qUCB,0.42,0.42,0.06,0.0,0.02,0.0,0.0,0.0,0.04,0.0,0.0,0.0,0.0,0.04,0.0
41,3,3,2,False,0.27597312249584777,0.013989551015102464,4,qUCB,0.44,0.12,0.34,0.0,0.04,0.0,0.0,0.0,0.04,0.0,0.0,0.0,0.0,0.02,0.0
41,4,2,3,False,0.20391010144957647,0.11383472143439377,0,qEHVI,0.0,0.24,0.66,0.04,0.02,0.0,0.0,0.0,0.0,0.0,0.0,0.04,0.0,0.0,0.0
41,4,2,3,False,0.20391010144957647,0.11383472143439377,1,qEHVI,0.48,0.38,0.04,0.02,0.0,0.0,0.0,0.0,0.0,0.0,0.0,0.04,0.0,0.0,0.04
41,4,2,3,False,0.20391010144957647,0.11383472143439377,2,qUCB,0.48,0.04,0.4,0.0,0.0,0.0,0.0,0.0,0.04,0.0,0.0,0.0,0.0,0.04,0.0
41,4,2,3,False,0.20391010144957647,0.11383472143439377,3,qUCB,0.42,0.42,0.06,0.0,0.02,0.0,0.0,0.0,0.04,0.0,0.0,0.0,0.0,0.04,0.0
41,4,2,3,False,0.20391010144957647,0.11383472143439377,4,qUCB,0.38,0.3,0.22,0.0,0.02,0.0,0.0,0.0,0.04,0.0,0.0,0.0,0.0,0.04,0.0
41,5,1,4,False,0.15701063128936418,0.04307931395574904,0,qEHVI,0.0,0.24,0.66,0.04,0.02,0.0,0.0,0.0,0.0,0.0,0.0,0.04,0.0,0.0,0.0
41,5,1,4,False,0.15701063128936418,0.04307931395574904,1,qUCB,0.44,0.1,0.36,0.0,0.0,0.0,0.0,0.0,0.02,0.0,0.0,0.0,0.0,0.04,0.04
41,5,1,4,False,0.15701063128936418,0.04307931395574904,2,qUCB,0.38,0.48,0.06,0.0,0.0,0.0,0.0,0.0,0.04,0.0,0.0,0.0,0.0,0.04,0.0
41,5,1,4,False,0.15701063128936418,0.04307931395574904,3,qUCB,0.0,0.66,0.26,0.0,0.0,0.0,0.0,0.0,0.04,0.0,0.0,0.0,0.0,0.0,0.04
41,5,1,4,False,0.15701063128936418,0.04307931395574904,4,qUCB,0.38,0.4,0.12,0.0,0.0,0.0,0.0,0.0,0.04,0.0,0.0,0.0,0.0,0.02,0.04
41,6,0,5,False,0.12008543064383566,0.2098239778089077,0,qUCB,0.44,0.12,0.38,0.02,0.0,0.0,0.0,0.0,0.04,0.0,0.0,0.0,0.0,0.0,0.0
41,6,0,5,False,0.12008543064383566,0.2098239778089077,1,qUCB,0.46,0.02,0.42,0.04,0.0,0.0,0.0,0.0,0.0,0.0,0.0,0.04,0.0,0.02,0.0
41,6,0,5,False,0.12008543064383566,0.2098239778089077,2,qUCB,0.44,0.22,0.24,0.04,0.0,0.0,0.0,0.0,0.04,0.0,0.0,0.0,0.0,0.02,0.0
41,6,0,5,False,0.12008543064383566,0.2098239778089077,3,qUCB,0.44,0.1,0.38,0.0,0.0,0.0,0.0,0.0,0.0,0.0,0.0,0.04,0.0,0.0,0.04
41,6,0,5,False,0.12008543064383566,0.2098239778089077,4,qUCB,0.36,0.4,0.16,0.04,0.02,0.0,0.0,0.0,0.02,0.0,0.0,0.0,0.0,0.0,0.0
42,1,5,0,True,0.32317571838728065,0.02675391930114479,0,qEHVI,0.5,0.38,0.04,0.02,0.0,0.0,0.0,0.0,0.0,0.0,0.0,0.04,0.0,0.0,0.02
42,1,5,0,True,0.32317571838728065,0.02675391930114479,1,qEHVI,0.0,0.22,0.7000000000000001,0.04,0.02,0.0,0.0,0.0,0.0,0.0,0.0,0.0,0.0,0.02,0.0
42,1,5,0,True,0.32317571838728065,0.02675391930114479,2,qEHVI,0.62,0.0,0.32,0.02,0.02,0.0,0.0,0.0,0.0,0.0,0.0,0.02,0.0,0.0,0.0
42,1,5,0,True,0.32317571838728065,0.02675391930114479,3,qEHVI,0.56,0.32,0.04,0.0,0.0,0.0,0.0,0.0,0.04,0.0,0.0,0.04,0.0,0.0,0.0
42,1,5,0,True,0.32317571838728065,0.02675391930114479,4,qEHVI,0.44,0.12,0.36,0.02,0.0,0.0,0.0,0.0,0.02,0.0,0.0,0.0,0.0,0.04,0.0
42,2,4,1,False,0.2747580707094317,0.34682042698448967,0,qEHVI,0.5,0.38,0.04,0.02,0.0,0.0,0.0,0.0,0.0,0.0,0.0,0.04,0.0,0.0,0.02
42,2,4,1,False,0.2747580707094317,0.34682042698448967,1,qEHVI,0.0,0.22,0.7000000000000001,0.04,0.02,0.0,0.0,0.0,0.0,0.0,0.0,0.0,0.0,0.02,0.0
42,2,4,1,False,0.2747580707094317,0.34682042698448967,2,qEHVI,0.62,0.0,0.32,0.02,0.02,0.0,0.0,0.0,0.0,0.0,0.0,0.02,0.0,0.0,0.0
42,2,4,1,False,0.2747580707094317,0.34682042698448967,3,qEHVI,0.56,0.32,0.04,0.0,0.0,0.0,0.0,0.0,0.04,0.0,0.0,0.04,0.0,0.0,0.0
42,2,4,1,False,0.2747580707094317,0.34682042698448967,4,qUCB,0.34,0.2,0.36,0.0,0.0,0.0,0.0,0.0,0.02,0.0,0.0,0.0,0.0,0.04,0.04
42,3,3,2,False,0.2430548951847667,0.19025330394064532,0,qEHVI,0.5,0.38,0.04,0.02,0.0,0.0,0.0,0.0,0.0,0.0,0.0,0.04,0.0,0.0,0.02
42,3,3,2,False,0.2430548951847667,0.19025330394064532,1,qEHVI,0.0,0.22,0.7000000000000001,0.04,0.02,0.0,0.0,0.0,0.0,0.0,0.0,0.0,0.0,0.02,0.0
42,3,3,2,False,0.2430548951847667,0.19025330394064532,2,qEHVI,0.62,0.0,0.32,0.02,0.02,0.0,0.0,0.0,0.0,0.0,0.0,0.02,0.0,0.0,0.0
42,3,3,2,False,0.2430548951847667,0.19025330394064532,3,qUCB,0.42,0.1,0.38,0.0,0.0,0.0,0.0,0.0,0.04,0.0,0.0,0.0,0.0,0.04,0.02
42,3,3,2,False,0.2430548951847667,0.19025330394064532,4,qUCB,0.32,0.34,0.24,0.0,0.0,0.0,0.0,0.0,0.04,0.0,0.0,0.0,0.0,0.04,0.02
42,4,2,3,False,0.18392938016664642,0.4679219028510362,0,qEHVI,0.5,0.38,0.04,0.02,0.0,0.0,0.0,0.0,0.0,0.0,0.0,0.04,0.0,0.0,0.02
42,4,2,3,False,0.18392938016664642,0.4679219028510362,1,qEHVI,0.0,0.22,0.7000000000000001,0.04,0.02,0.0,0.0,0.0,0.0,0.0,0.0,0.0,0.0,0.02,0.0
42,4,2,3,False,0.18392938016664642,0.4679219028510362,2,qUCB,0.42,0.1,0.38,0.0,0.0,0.0,0.0,0.0,0.04,0.0,0.0,0.0,0.0,0.04,0.02
42,4,2,3,False,0.18392938016664642,0.4679219028510362,3,qUCB,0.0,0.66,0.24,0.0,0.0,0.0,0.0,0.0,0.04,0.0,0.0,0.0,0.0,0.04,0.02
42,4,2,3,False,0.18392938016664642,0.4679219028510362,4,qUCB,0.36,0.5,0.06,0.0,0.04,0.0,0.0,0.0,0.04,0.0,0.0,0.0,0.0,0.0,0.0
42,5,1,4,False,0.14405980856373904,1.2233120576728673,0,qEHVI,0.5,0.38,0.04,0.02,0.0,0.0,0.0,0.0,0.0,0.0,0.0,0.04,0.0,0.0,0.02
42,5,1,4,False,0.14405980856373904,1.2233120576728673,1,qUCB,0.44,0.08,0.38,0.0,0.02,0.0,0.0,0.0,0.04,0.0,0.0,0.0,0.0,0.04,0.0
42,5,1,4,False,0.14405980856373904,1.2233120576728673,2,qUCB,0.42,0.08,0.4,0.0,0.04,0.0,0.0,0.0,0.02,0.0,0.0,0.0,0.0,0.04,0.0
42,5,1,4,False,0.14405980856373904,1.2233120576728673,3,qUCB,0.28,0.4,0.22,0.0,0.04,0.0,0.0,0.0,0.02,0.0,0.0,0.0,0.0,0.04,0.0
42,5,1,4,False,0.14405980856373904,1.2233120576728673,4,qUCB,0.0,0.66,0.24,0.0,0.0,0.0,0.0,0.0,0.04,0.0,0.0,0.0,0.0,0.04,0.02
42,6,0,5,False,0.0865940295818531,0.436366952024958,0,qUCB,0.42,0.1,0.38,0.02,0.04,0.0,0.0,0.0,0.02,0.0,0.0,0.0,0.0,0.02,0.0
42,6,0,5,False,0.0865940295818531,0.436366952024958,1,qUCB,0.44,0.08,0.4,0.02,0.0,0.0,0.0,0.0,0.0,0.0,0.0,0.04,0.0,0.0,0.02
42,6,0,5,False,0.0865940295818531,0.436366952024958,2,qUCB,0.38,0.36,0.16,0.04,0.0,0.0,0.0,0.0,0.02,0.0,0.0,0.0,0.0,0.0,0.04
42,6,0,5,False,0.0865940295818531,0.436366952024958,3,qUCB,0.36,0.42,0.12,0.04,0.0,0.0,0.0,0.0,0.0,0.0,0.0,0.04,0.0,0.02,0.0
42,6,0,5,False,0.0865940295818531,0.436366952024958,4,qUCB,0.36,0.4,0.14,0.04,0.0,0.0,0.0,0.0,0.02,0.0,0.0,0.0,0.0,0.02,0.02
43,1,5,0,True,0.3433262919334577,0.08112839388615001,0,qEHVI,0.6,0.0,0.36,0.0,0.0,0.0,0.0,0.0,0.02,0.0,0.0,0.02,0.0,0.0,0.0
43,1,5,0,True,0.3433262919334577,0.08112839388615001,1,qEHVI,0.5,0.32,0.08,0.02,0.0,0.0,0.0,0.0,0.0,0.0,0.0,0.04,0.0,0.02,0.02
43,1,5,0,True,0.3433262919334577,0.08112839388615001,2,qEHVI,0.62,0.0,0.32,0.02,0.0,0.0,0.0,0.0,0.0,0.0,0.0,0.04,0.0,0.0,0.0
43,1,5,0,True,0.3433262919334577,0.08112839388615001,3,qEHVI,0.0,0.26,0.66,0.0,0.04,0.0,0.0,0.0,0.0,0.0,0.0,0.0,0.0,0.04,0.0
43,1,5,0,True,0.3433262919334577,0.08112839388615001,4,qEHVI,0.56,0.34,0.06,0.0,0.0,0.0,0.0,0.0,0.0,0.0,0.0,0.04,0.0,0.0,0.0
43,2,4,1,False,0.3402373488988917,0.06263741902218634,0,qEHVI,0.6,0.0,0.36,0.0,0.0,0.0,0.0,0.0,0.02,0.0,0.0,0.02,0.0,0.0,0.0
43,2,4,1,False,0.3402373488988917,0.06263741902218634,1,qEHVI,0.5,0.32,0.08,0.02,0.0,0.0,0.0,0.0,0.0,0.0,0.0,0.04,0.0,0.02,0.02
43,2,4,1,False,0.3402373488988917,0.06263741902218634,2,qEHVI,0.62,0.0,0.32,0.02,0.0,0.0,0.0,0.0,0.0,0.0,0.0,0.04,0.0,0.0,0.0
43,2,4,1,False,0.3402373488988917,0.06263741902218634,3,qEHVI,0.0,0.26,0.66,0.0,0.04,0.0,0.0,0.0,0.0,0.0,0.0,0.0,0.0,0.04,0.0
43,2,4,1,False,0.3402373488988917,0.06263741902218634,4,qUCB,0.42,0.1,0.38,0.04,0.04,0.0,0.0,0.0,0.0,0.0,0.0,0.0,0.0,0.0,0.02
43,3,3,2,False,0.2928183577911004,0.0472792871906087,0,qEHVI,0.6,0.0,0.36,0.0,0.0,0.0,0.0,0.0,0.02,0.0,0.0,0.02,0.0,0.0,0.0
43,3,3,2,False,0.2928183577911004,0.0472792871906087,1,qEHVI,0.5,0.32,0.08,0.02,0.0,0.0,0.0,0.0,0.0,0.0,0.0,0.04,0.0,0.02,0.02
43,3,3,2,False,0.2928183577911004,0.0472792871906087,2,qEHVI,0.62,0.0,0.32,0.02,0.0,0.0,0.0,0.0,0.0,0.0,0.0,0.04,0.0,0.0,0.0
43,3,3,2,False,0.2928183577911004,0.0472792871906087,3,qUCB,0.42,0.1,0.38,0.04,0.04,0.0,0.0,0.0,0.0,0.0,0.0,0.0,0.0,0.0,0.02
43,3,3,2,False,0.2928183577911004,0.0472792871906087,4,qUCB,0.38,0.36,0.16,0.04,0.04,0.0,0.0,0.0,0.0,0.0,0.0,0.0,0.0,0.02,0.0
43,4,2,3,False,0.22738071431529325,0.01517466765526887,0,qEHVI,0.6,0.0,0.36,0.0,0.0,0.0,0.0,0.0,0.02,0.0,0.0,0.02,0.0,0.0,0.0
43,4,2,3,False,0.22738071431529325,0.01517466765526887,1,qEHVI,0.5,0.32,0.08,0.02,0.0,0.0,0.0,0.0,0.0,0.0,0.0,0.04,0.0,0.02,0.02
43,4,2,3,False,0.22738071431529325,0.01517466765526887,2,qUCB,0.42,0.1,0.38,0.04,0.04,0.0,0.0,0.0,0.0,0.0,0.0,0.0,0.0,0.0,0.02
43,4,2,3,False,0.22738071431529325,0.01517466765526887,3,qUCB,0.02,0.62,0.26,0.04,0.04,0.0,0.0,0.0,0.02,0.0,0.0,0.0,0.0,0.0,0.0
43,4,2,3,False,0.22738071431529325,0.01517466765526887,4,qUCB,0.38,0.36,0.16,0.04,0.04,0.0,0.0,0.0,0.0,0.0,0.0,0.0,0.0,0.02,0.0
43,5,1,4,False,0.1737190980425273,0.0213921816987912,0,qEHVI,0.6,0.0,0.36,0.0,0.0,0.0,0.0,0.0,0.02,0.0,0.0,0.02,0.0,0.0,0.0
43,5,1,4,False,0.1737190980425273,0.0213921816987912,1,qUCB,0.42,0.1,0.38,0.04,0.04,0.0,0.0,0.0,0.0,0.0,0.0,0.0,0.0,0.0,0.02
43,5,1,4,False,0.1737190980425273,0.0213921816987912,2,qUCB,0.0,0.78,0.12,0.04,0.0,0.0,0.0,0.0,0.0,0.0,0.0,0.0,0.0,0.04,0.02
43,5,1,4,False,0.1737190980425273,0.0213921816987912,3,qUCB,0.38,0.36,0.16,0.04,0.04,0.0,0.0,0.0,0.0,0.0,0.0,0.0,0.0,0.02,0.0
43,5,1,4,False,0.1737190980425273,0.0213921816987912,4,qUCB,0.24,0.44,0.22,0.04,0.04,0.0,0.0,0.0,0.0,0.0,0.0,0.0,0.0,0.02,0.0
43,6,0,5,False,0.10224390401560872,0.17823312290676974,0,qUCB,0.42,0.1,0.38,0.04,0.04,0.0,0.0,0.0,0.0,0.0,0.0,0.0,0.0,0.0,0.02
43,6,0,5,False,0.10224390401560872,0.17823312290676974,1,qUCB,0.4,0.14,0.38,0.02,0.0,0.0,0.0,0.0,0.02,0.0,0.0,0.0,0.0,0.04,0.0
43,6,0,5,False,0.10224390401560872,0.17823312290676974,2,qUCB,0.38,0.36,0.16,0.04,0.04,0.0,0.0,0.0,0.0,0.0,0.0,0.0,0.0,0.02,0.0
43,6,0,5,False,0.10224390401560872,0.17823312290676974,3,qUCB,0.22,0.0,0.76,0.0,0.0,0.0,0.0,0.0,0.0,0.0,0.0,0.0,0.0,0.0,0.02
43,6,0,5,False,0.10224390401560872,0.17823312290676974,4,qUCB,0.4,0.38,0.12,0.04,0.0,0.0,0.0,0.0,0.02,0.0,0.0,0.04,0.0,0.0,0.0
44,1,5,0,True,0.34730761158388546,0.13206443370751586,0,qEHVI,0.66,0.0,0.32,0.02,0.0,0.0,0.0,0.0,0.0,0.0,0.0,0.0,0.0,0.0,0.0
44,1,5,0,True,0.34730761158388546,0.13206443370751586,1,qEHVI,0.5,0.36,0.04,0.02,0.0,0.0,0.0,0.0,0.0,0.0,0.0,0.04,0.0,0.02,0.02
44,1,5,0,True,0.34730761158388546,0.13206443370751586,2,qEHVI,0.0,0.32,0.62,0.04,0.02,0.0,0.0,0.0,0.0,0.0,0.0,0.0,0.0,0.0,0.0
44,1,5,0,True,0.34730761158388546,0.13206443370751586,3,qEHVI,0.44,0.1,0.36,0.02,0.02,0.0,0.0,0.0,0.0,0.0,0.0,0.0,0.0,0.04,0.02
44,1,5,0,True,0.34730761158388546,0.13206443370751586,4,qEHVI,0.5,0.1,0.3,0.02,0.0,0.0,0.0,0.0,0.02,0.0,0.0,0.04,0.0,0.0,0.02
44,2,4,1,False,0.2954777990196703,0.13027137719157444,0,qEHVI,0.66,0.0,0.32,0.02,0.0,0.0,0.0,0.0,0.0,0.0,0.0,0.0,0.0,0.0,0.0
44,2,4,1,False,0.2954777990196703,0.13027137719157444,1,qEHVI,0.0,0.32,0.62,0.04,0.02,0.0,0.0,0.0,0.0,0.0,0.0,0.0,0.0,0.0,0.0
44,2,4,1,False,0.2954777990196703,0.13027137719157444,2,qEHVI,0.5,0.36,0.04,0.02,0.0,0.0,0.0,0.0,0.0,0.0,0.0,0.04,0.0,0.02,0.02
44,2,4,1,False,0.2954777990196703,0.13027137719157444,3,qEHVI,0.44,0.1,0.36,0.02,0.02,0.0,0.0,0.0,0.0,0.0,0.0,0.0,0.0,0.04,0.02
44,2,4,1,False,0.2954777990196703,0.13027137719157444,4,qUCB,0.46,0.04,0.4,0.0,0.04,0.0,0.0,0.0,0.02,0.0,0.0,0.04,0.0,0.0,0.0
44,3,3,2,False,0.2706241338066577,0.20858187237490888,0,qEHVI,0.66,0.0,0.32,0.02,0.0,0.0,0.0,0.0,0.0,0.0,0.0,0.0,0.0,0.0,0.0
44,3,3,2,False,0.2706241338066577,0.20858187237490888,1,qEHVI,0.0,0.32,0.62,0.04,0.02,0.0,0.0,0.0,0.0,0.0,0.0,0.0,0.0,0.0,0.0
44,3,3,2,False,0.2706241338066577,0.20858187237490888,2,qEHVI,0.5,0.36,0.04,0.02,0.0,0.0,0.0,0.0,0.0,0.0,0.0,0.04,0.0,0.02,0.02
44,3,3,2,False,0.2706241338066577,0.20858187237490888,3,qUCB,0.42,0.12,0.36,0.0,0.02,0.0,0.0,0.0,0.04,0.0,0.0,0.0,0.0,0.04,0.0
44,3,3,2,False,0.2706241338066577,0.20858187237490888,4,qUCB,0.38,0.46,0.06,0.0,0.04,0.0,0.0,0.0,0.02,0.0,0.0,0.0,0.0,0.04,0.0
44,4,2,3,False,0.18899871309245278,0.05094975884445674,0,qEHVI,0.66,0.0,0.32,0.02,0.0,0.0,0.0,0.0,0.0,0.0,0.0,0.0,0.0,0.0,0.0
44,4,2,3,False,0.18899871309245278,0.05094975884445674,1,qEHVI,0.0,0.32,0.62,0.04,0.02,0.0,0.0,0.0,0.0,0.0,0.0,0.0,0.0,0.0,0.0
44,4,2,3,False,0.18899871309245278,0.05094975884445674,2,qUCB,0.46,0.4,0.04,0.0,0.02,0.0,0.0,0.0,0.0,0.0,0.0,0.04,0.0,0.04,0.0
44,4,2,3,False,0.18899871309245278,0.05094975884445674,3,qUCB,0.36,0.5,0.04,0.0,0.0,0.0,0.0,0.0,0.02,0.0,0.0,0.04,0.0,0.04,0.0
44,4,2,3,False,0.18899871309245278,0.05094975884445674,4,qUCB,0.0,0.64,0.26,0.0,0.0,0.0,0.0,0.0,0.0,0.0,0.0,0.02,0.0,0.04,0.04
44,5,1,4,False,0.11327943142358383,0.16618420066491746,0,qEHVI,0.66,0.0,0.32,0.02,0.0,0.0,0.0,0.0,0.0,0.0,0.0,0.0,0.0,0.0,0.0
44,5,1,4,False,0.11327943142358383,0.16618420066491746,1,qUCB,0.46,0.4,0.04,0.0,0.02,0.0,0.0,0.0,0.0,0.0,0.0,0.04,0.0,0.04,0.0
44,5,1,4,False,0.11327943142358383,0.16618420066491746,2,qUCB,0.36,0.5,0.04,0.0,0.0,0.0,0.0,0.0,0.02,0.0,0.0,0.04,0.0,0.04,0.0
44,5,1,4,False,0.11327943142358383,0.16618420066491746,3,qUCB,0.0,0.64,0.26,0.0,0.0,0.0,0.0,0.0,0.04,0.0,0.0,0.04,0.0,0.0,0.02
44,5,1,4,False,0.11327943142358383,0.16618420066491746,4,qUCB,0.26,0.42,0.22,0.0,0.0,0.0,0.0,0.0,0.02,0.0,0.0,0.04,0.0,0.0,0.04
44,6,0,5,False,0.16882601701449426,0.004789723252063283,0,qUCB,0.4,0.12,0.38,0.02,0.04,0.0,0.0,0.0,0.0,0.0,0.0,0.0,0.0,0.04,0.0
44,6,0,5,False,0.16882601701449426,0.004789723252063283,1,qUCB,0.42,0.22,0.36,0.0,0.0,0.0,0.0,0.0,0.0,0.0,0.0,0.0,0.0,0.0,0.0
44,6,0,5,False,0.16882601701449426,0.004789723252063283,2,qUCB,0.46,0.1,0.4,0.0,0.0,0.0,0.0,0.0,0.0,0.0,0.0,0.04,0.0,0.0,0.0
44,6,0,5,False,0.16882601701449426,0.004789723252063283,3,qUCB,0.3,0.42,0.22,0.0,0.0,0.0,0.0,0.0,0.02,0.0,0.0,0.04,0.0,0.0,0.0
44,6,0,5,False,0.16882601701449426,0.004789723252063283,4,qUCB,0.42,0.12,0.38,0.04,0.0,0.0,0.0,0.0,0.0,0.0,0.0,0.02,0.0,0.02,0.0
45,1,5,0,True,0.3293976296971426,0.10680345035441086,0,qEHVI,0.62,0.0,0.34,0.0,0.02,0.0,0.0,0.0,0.0,0.0,0.0,0.02,0.0,0.0,0.0
45,1,5,0,True,0.3293976296971426,0.10680345035441086,1,qEHVI,0.42,0.42,0.06,0.0,0.02,0.0,0.0,0.0,0.0,0.0,0.0,0.04,0.0,0.02,0.02
45,1,5,0,True,0.3293976296971426,0.10680345035441086,2,qEHVI,0.56,0.3,0.08,0.0,0.0,0.0,0.0,0.0,0.0,0.0,0.0,0.04,0.0,0.02,0.0
45,1,5,0,True,0.3293976296971426,0.10680345035441086,3,qEHVI,0.54,0.0,0.36,0.02,0.0,0.0,0.0,0.0,0.0,0.0,0.0,0.04,0.0,0.04,0.0
45,1,5,0,True,0.3293976296971426,0.10680345035441086,4,qEHVI,0.8,0.1,0.0,0.04,0.0,0.0,0.0,0.0,0.02,0.0,0.0,0.04,0.0,0.0,0.0
45,2,4,1,False,0.27869248183534123,0.05216762682521825,0,qEHVI,0.62,0.0,0.34,0.0,0.02,0.0,0.0,0.0,0.0,0.0,0.0,0.02,0.0,0.0,0.0
45,2,4,1,False,0.27869248183534123,0.05216762682521825,1,qEHVI,0.42,0.42,0.06,0.0,0.02,0.0,0.0,0.0,0.0,0.0,0.0,0.04,0.0,0.02,0.02
45,2,4,1,False,0.27869248183534123,0.05216762682521825,2,qEHVI,0.56,0.3,0.08,0.0,0.0,0.0,0.0,0.0,0.0,0.0,0.0,0.04,0.0,0.02,0.0
45,2,4,1,False,0.27869248183534123,0.05216762682521825,3,qEHVI,0.54,0.0,0.36,0.02,0.0,0.0,0.0,0.0,0.0,0.0,0.0,0.04,0.0,0.04,0.0
45,2,4,1,False,0.27869248183534123,0.05216762682521825,4,qUCB,0.42,0.06,0.42,0.04,0.0,0.0,0.0,0.0,0.04,0.0,0.0,0.0,0.0,0.0,0.02
45,3,3,2,False,0.24422370872232946,0.20198892787245804,0,qEHVI,0.62,0.0,0.34,0.0,0.02,0.0,0.0,0.0,0.0,0.0,0.0,0.02,0.0,0.0,0.0
45,3,3,2,False,0.24422370872232946,0.20198892787245804,1,qEHVI,0.42,0.42,0.06,0.0,0.02,0.0,0.0,0.0,0.0,0.0,0.0,0.04,0.0,0.02,0.02
45,3,3,2,False,0.24422370872232946,0.20198892787245804,2,qEHVI,0.56,0.3,0.08,0.0,0.0,0.0,0.0,0.0,0.0,0.0,0.0,0.04,0.0,0.02,0.0
45,3,3,2,False,0.24422370872232946,0.20198892787245804,3,qUCB,0.4,0.14,0.36,0.04,0.0,0.0,0.0,0.0,0.02,0.0,0.0,0.0,0.0,0.04,0.0
45,3,3,2,False,0.24422370872232946,0.20198892787245804,4,qUCB,0.36,0.36,0.18,0.04,0.0,0.0,0.0,0.0,0.04,0.0,0.0,0.0,0.0,0.02,0.0
45,4,2,3,False,0.19028994061885093,0.13678642532994445,0,qEHVI,0.62,0.0,0.34,0.0,0.02,0.0,0.0,0.0,0.0,0.0,0.0,0.02,0.0,0.0,0.0
45,4,2,3,False,0.19028994061885093,0.13678642532994445,1,qEHVI,0.42,0.42,0.06,0.0,0.02,0.0,0.0,0.0,0.0,0.0,0.0,0.04,0.0,0.02,0.02
45,4,2,3,False,0.19028994061885093,0.13678642532994445,2,qUCB,0.4,0.14,0.36,0.04,0.0,0.0,0.0,0.0,0.02,0.0,0.0,0.0,0.0,0.04,0.0
45,4,2,3,False,0.19028994061885093,0.13678642532994445,3,qUCB,0.38,0.36,0.16,0.04,0.0,0.0,0.0,0.0,0.02,0.0,0.0,0.0,0.0,0.04,0.0
45,4,2,3,False,0.19028994061885093,0.13678642532994445,4,qUCB,0.42,0.24,0.24,0.04,0.0,0.0,0.0,0.0,0.04,0.0,0.0,0.0,0.0,0.02,0.0
45,5,1,4,False,0.1533534267102938,0.05963071414297394,0,qEHVI,0.62,0.0,0.34,0.0,0.02,0.0,0.0,0.0,0.0,0.0,0.0,0.02,0.0,0.0,0.0
45,5,1,4,False,0.1533534267102938,0.05963071414297394,1,qUCB,0.42,0.08,0.4,0.02,0.0,0.0,0.0,0.0,0.0,0.0,0.0,0.0,0.0,0.04,0.04
45,5,1,4,False,0.1533534267102938,0.05963071414297394,2,qUCB,0.36,0.38,0.16,0.04,0.0,0.0,0.0,0.0,0.02,0.0,0.0,0.0,0.0,0.04,0.0
45,5,1,4,False,0.1533534267102938,0.05963071414297394,3,qUCB,0.0,0.66,0.24,0.04,0.0,0.0,0.0,0.0,0.02,0.0,0.0,0.0,0.0,0.04,0.0
45,5,1,4,False,0.1533534267102938,0.05963071414297394,4,qUCB,0.16,0.54,0.2,0.04,0.0,0.0,0.0,0.0,0.0,0.0,0.0,0.0,0.0,0.02,0.04
45,6,0,5,False,0.12864011441614495,0.25554424007737175,0,qUCB,0.42,0.12,0.38,0.02,0.02,0.0,0.0,0.0,0.0,0.0,0.0,0.0,0.0,0.04,0.0
45,6,0,5,False,0.12864011441614495,0.25554424007737175,1,qUCB,0.4,0.12,0.38,0.02,0.0,0.0,0.0,0.0,0.0,0.0,0.0,0.04,0.0,0.04,0.0
45,6,0,5,False,0.12864011441614495,0.25554424007737175,2,qUCB,0.3,0.38,0.22,0.0,0.0,0.0,0.0,0.0,0.04,0.0,0.0,0.04,0.0,0.0,0.02
45,6,0,5,False,0.12864011441614495,0.25554424007737175,3,qUCB,0.36,0.38,0.16,0.04,0.0,0.0,0.0,0.0,0.02,0.0,0.0,0.0,0.0,0.04,0.0
45,6,0,5,False,0.12864011441614495,0.25554424007737175,4,qUCB,0.44,0.04,0.42,0.04,0.02,0.0,0.0,0.0,0.0,0.0,0.0,0.04,0.0,0.0,0.0
46,1,5,0,True,0.2726900577103944,0.08882375104467144,0,qEHVI,0.72,0.24,0.0,0.0,0.0,0.0,0.0,0.0,0.0,0.0,0.0,0.04,0.0,0.0,0.0
46,1,5,0,True,0.2726900577103944,0.08882375104467144,1,qEHVI,0.36,0.16,0.38,0.04,0.0,0.0,0.0,0.0,0.0,0.0,0.0,0.0,0.0,0.02,0.04
46,1,5,0,True,0.2726900577103944,0.08882375104467144,2,qEHVI,0.44,0.08,0.38,0.04,0.04,0.0,0.0,0.0,0.02,0.0,0.0,0.0,0.0,0.0,0.0
46,1,5,0,True,0.2726900577103944,0.08882375104467144,3,qEHVI,0.5,0.0,0.44,0.0,0.0,0.0,0.0,0.0,0.02,0.0,0.0,0.0,0.0,0.0,0.04
46,1,5,0,True,0.2726900577103944,0.08882375104467144,4,qEHVI,0.6,0.0,0.3,0.02,0.0,0.0,0.0,0.0,0.02,0.0,0.0,0.04,0.0,0.0,0.02
46,2,4,1,False,0.22582028335492293,0.1093374302396235,0,qEHVI,0.72,0.24,0.0,0.0,0.0,0.0,0.0,0.0,0.0,0.0,0.0,0.04,0.0,0.0,0.0
46,2,4,1,False,0.22582028335492293,0.1093374302396235,1,qEHVI,0.36,0.16,0.38,0.04,0.0,0.0,0.0,0.0,0.0,0.0,0.0,0.0,0.0,0.02,0.04
46,2,4,1,False,0.22582028335492293,0.1093374302396235,2,qEHVI,0.5,0.0,0.44,0.0,0.0,0.0,0.0,0.0,0.02,0.0,0.0,0.0,0.0,0.0,0.04
46,2,4,1,False,0.22582028335492293,0.1093374302396235,3,qEHVI,0.44,0.08,0.38,0.04,0.04,0.0,0.0,0.0,0.02,0.0,0.0,0.0,0.0,0.0,0.0
46,2,4,1,False,0.22582028335492293,0.1093374302396235,4,qUCB,0.36,0.18,0.36,0.0,0.04,0.0,0.0,0.0,0.0,0.0,0.0,0.0,0.0,0.04,0.02
46,3,3,2,False,0.2155326936352422,0.09231622268128703,0,qEHVI,0.36,0.16,0.38,0.04,0.0,0.0,0.0,0.0,0.0,0.0,0.0,0.0,0.0,0.02,0.04
46,3,3,2,False,0.2155326936352422,0.09231622268128703,1,qEHVI,0.72,0.24,0.0,0.0,0.0,0.0,0.0,0.0,0.0,0.0,0.0,0.04,0.0,0.0,0.0
46,3,3,2,False,0.2155326936352422,0.09231622268128703,2,qEHVI,0.5,0.0,0.44,0.0,0.0,0.0,0.0,0.0,0.02,0.0,0.0,0.0,0.0,0.0,0.04
46,3,3,2,False,0.2155326936352422,0.09231622268128703,3,qUCB,0.42,0.12,0.38,0.0,0.04,0.0,0.0,0.0,0.0,0.0,0.0,0.0,0.0,0.04,0.0
46,3,3,2,False,0.2155326936352422,0.09231622268128703,4,qUCB,0.0,0.74,0.26,0.0,0.0,0.0,0.0,0.0,0.0,0.0,0.0,0.0,0.0,0.0,0.0
46,4,2,3,False,0.17690283675053367,0.13747136906763036,0,qEHVI,0.36,0.16,0.38,0.04,0.0,0.0,0.0,0.0,0.0,0.0,0.0,0.0,0.0,0.02,0.04
46,4,2,3,False,0.17690283675053367,0.13747136906763036,1,qEHVI,0.72,0.24,0.0,0.0,0.0,0.0,0.0,0.0,0.0,0.0,0.0,0.04,0.0,0.0,0.0
46,4,2,3,False,0.17690283675053367,0.13747136906763036,2,qUCB,0.4,0.14,0.36,0.0,0.04,0.0,0.0,0.0,0.04,0.0,0.0,0.0,0.0,0.02,0.0
46,4,2,3,False,0.17690283675053367,0.13747136906763036,3,qUCB,0.36,0.28,0.26,0.0,0.04,0.0,0.0,0.0,0.02,0.0,0.0,0.0,0.0,0.04,0.0
46,4,2,3,False,0.17690283675053367,0.13747136906763036,4,qUCB,0.0,0.74,0.26,0.0,0.0,0.0,0.0,0.0,0.0,0.0,0.0,0.0,0.0,0.0,0.0
46,5,1,4,False,0.11438662914388362,0.08811855742980335,0,qEHVI,0.36,0.16,0.38,0.04,0.0,0.0,0.0,0.0,0.0,0.0,0.0,0.0,0.0,0.02,0.04
46,5,1,4,False,0.11438662914388362,0.08811855742980335,1,qUCB,0.44,0.42,0.06,0.0,0.04,0.0,0.0,0.0,0.0,0.0,0.0,0.04,0.0,0.0,0.0
46,5,1,4,False,0.11438662914388362,0.08811855742980335,2,qUCB,0.26,0.42,0.22,0.0,0.02,0.0,0.0,0.0,0.04,0.0,0.0,0.04,0.0,0.0,0.0
46,5,1,4,False,0.11438662914388362,0.08811855742980335,3,qUCB,0.5,0.24,0.16,0.0,0.02,0.0,0.0,0.0,0.04,0.0,0.0,0.04,0.0,0.0,0.0
46,5,1,4,False,0.11438662914388362,0.08811855742980335,4,qUCB,0.0,0.66,0.24,0.0,0.04,0.0,0.0,0.0,0.02,0.0,0.0,0.04,0.0,0.0,0.0
46,6,0,5,False,0.18444171577784074,0.03248626271230837,0,qUCB,0.44,0.06,0.4,0.04,0.0,0.0,0.0,0.0,0.02,0.0,0.0,0.0,0.0,0.04,0.0
46,6,0,5,False,0.18444171577784074,0.03248626271230837,1,qUCB,0.44,0.06,0.4,0.02,0.0,0.0,0.0,0.0,0.0,0.0,0.0,0.04,0.0,0.02,0.02
46,6,0,5,False,0.18444171577784074,0.03248626271230837,2,qUCB,0.0,0.74,0.26,0.0,0.0,0.0,0.0,0.0,0.0,0.0,0.0,0.0,0.0,0.0,0.0
46,6,0,5,False,0.18444171577784074,0.03248626271230837,3,qUCB,0.36,0.32,0.22,0.0,0.0,0.0,0.0,0.0,0.02,0.0,0.0,0.04,0.0,0.02,0.02
46,6,0,5,False,0.18444171577784074,0.03248626271230837,4,qUCB,0.38,0.14,0.38,0.04,0.04,0.0,0.0,0.0,0.0,0.0,0.0,0.0,0.0,0.0,0.02
47,1,5,0,True,0.2997917470862529,0.03733786240954018,0,qEHVI,0.64,0.0,0.34,0.0,0.0,0.0,0.0,0.0,0.02,0.0,0.0,0.0,0.0,0.0,0.0
47,1,5,0,True,0.2997917470862529,0.03733786240954018,1,qEHVI,0.4,0.14,0.38,0.04,0.0,0.0,0.0,0.0,0.0,0.0,0.0,0.0,0.0,0.04,0.0
47,1,5,0,True,0.2997917470862529,0.03733786240954018,2,qEHVI,0.46,0.0,0.44,0.0,0.02,0.0,0.0,0.0,0.04,0.0,0.0,0.0,0.0,0.04,0.0
47,1,5,0,True,0.2997917470862529,0.03733786240954018,3,qEHVI,0.44,0.1,0.36,0.0,0.0,0.0,0.0,0.0,0.02,0.0,0.0,0.04,0.0,0.04,0.0
47,1,5,0,True,0.2997917470862529,0.03733786240954018,4,qEHVI,0.48,0.38,0.04,0.02,0.0,0.0,0.0,0.0,0.0,0.0,0.0,0.04,0.0,0.04,0.0
47,2,4,1,False,0.2614053284832256,0.9052992345589814,0,qEHVI,0.64,0.0,0.34,0.0,0.0,0.0,0.0,0.0,0.02,0.0,0.0,0.0,0.0,0.0,0.0
47,2,4,1,False,0.2614053284832256,0.9052992345589814,1,qEHVI,0.4,0.14,0.38,0.04,0.0,0.0,0.0,0.0,0.0,0.0,0.0,0.0,0.0,0.04,0.0
47,2,4,1,False,0.2614053284832256,0.9052992345589814,2,qEHVI,0.46,0.0,0.44,0.0,0.02,0.0,0.0,0.0,0.04,0.0,0.0,0.0,0.0,0.04,0.0
47,2,4,1,False,0.2614053284832256,0.9052992345589814,3,qEHVI,0.44,0.1,0.36,0.0,0.0,0.0,0.0,0.0,0.02,0.0,0.0,0.04,0.0,0.04,0.0
47,2,4,1,False,0.2614053284832256,0.9052992345589814,4,qUCB,0.42,0.44,0.04,0.0,0.04,0.0,0.0,0.0,0.0,0.0,0.0,0.04,0.0,0.0,0.02
47,3,3,2,False,0.24325436372620507,0.1917355560092151,0,qEHVI,0.64,0.0,0.34,0.0,0.0,0.0,0.0,0.0,0.02,0.0,0.0,0.0,0.0,0.0,0.0
47,3,3,2,False,0.24325436372620507,0.1917355560092151,1,qEHVI,0.4,0.14,0.38,0.04,0.0,0.0,0.0,0.0,0.0,0.0,0.0,0.0,0.0,0.04,0.0
47,3,3,2,False,0.24325436372620507,0.1917355560092151,2,qEHVI,0.46,0.0,0.44,0.0,0.02,0.0,0.0,0.0,0.04,0.0,0.0,0.0,0.0,0.04,0.0
47,3,3,2,False,0.24325436372620507,0.1917355560092151,3,qUCB,0.42,0.44,0.04,0.0,0.04,0.0,0.0,0.0,0.0,0.0,0.0,0.04,0.0,0.0,0.02
47,3,3,2,False,0.24325436372620507,0.1917355560092151,4,qUCB,0.28,0.42,0.22,0.0,0.0,0.0,0.0,0.0,0.0,0.0,0.0,0.04,0.0,0.0,0.04
47,4,2,3,False,0.20868661633239882,0.035594502277210616,0,qEHVI,0.64,0.0,0.34,0.0,0.0,0.0,0.0,0.0,0.02,0.0,0.0,0.0,0.0,0.0,0.0
47,4,2,3,False,0.20868661633239882,0.035594502277210616,1,qEHVI,0.4,0.14,0.38,0.04,0.0,0.0,0.0,0.0,0.0,0.0,0.0,0.0,0.0,0.04,0.0
47,4,2,3,False,0.20868661633239882,0.035594502277210616,2,qUCB,0.42,0.44,0.04,0.0,0.04,0.0,0.0,0.0,0.0,0.0,0.0,0.04,0.0,0.0,0.02
47,4,2,3,False,0.20868661633239882,0.035594502277210616,3,qUCB,0.0,0.62,0.28,0.0,0.04,0.0,0.0,0.0,0.02,0.0,0.0,0.0,0.0,0.0,0.04
47,4,2,3,False,0.20868661633239882,0.035594502277210616,4,qUCB,0.28,0.42,0.22,0.0,0.0,0.0,0.0,0.0,0.0,0.0,0.0,0.04,0.0,0.0,0.04
47,5,1,4,False,0.12474590221860762,0.11728822615379508,0,qEHVI,0.64,0.0,0.34,0.0,0.0,0.0,0.0,0.0,0.02,0.0,0.0,0.0,0.0,0.0,0.0
47,5,1,4,False,0.12474590221860762,0.11728822615379508,1,qUCB,0.42,0.44,0.04,0.0,0.04,0.0,0.0,0.0,0.0,0.0,0.0,0.04,0.0,0.0,0.02
47,5,1,4,False,0.12474590221860762,0.11728822615379508,2,qUCB,0.26,0.46,0.18,0.04,0.0,0.0,0.0,0.0,0.0,0.0,0.0,0.0,0.0,0.02,0.04
47,5,1,4,False,0.12474590221860762,0.11728822615379508,3,qUCB,0.0,0.76,0.14,0.04,0.04,0.0,0.0,0.0,0.0,0.0,0.0,0.02,0.0,0.0,0.0
47,5,1,4,False,0.12474590221860762,0.11728822615379508,4,qUCB,0.0,0.64,0.26,0.04,0.0,0.0,0.0,0.0,0.02,0.0,0.0,0.0,0.0,0.02,0.02
47,6,0,5,False,0.14878500807511555,0.03035438127929968,0,qUCB,0.4,0.14,0.38,0.04,0.0,0.0,0.0,0.0,0.0,0.0,0.0,0.0,0.0,0.04,0.0
47,6,0,5,False,0.14878500807511555,0.03035438127929968,1,qUCB,0.46,0.44,0.06,0.0,0.0,0.0,0.0,0.0,0.0,0.0,0.0,0.04,0.0,0.0,0.0
47,6,0,5,False,0.14878500807511555,0.03035438127929968,2,qUCB,0.34,0.38,0.22,0.0,0.0,0.0,0.0,0.0,0.0,0.0,0.0,0.04,0.0,0.02,0.0
47,6,0,5,False,0.14878500807511555,0.03035438127929968,3,qUCB,0.34,0.4,0.16,0.04,0.0,0.0,0.0,0.0,0.02,0.0,0.0,0.0,0.0,0.04,0.0
47,6,0,5,False,0.14878500807511555,0.03035438127929968,4,qUCB,0.24,0.0,0.76,0.0,0.0,0.0,0.0,0.0,0.0,0.0,0.0,0.0,0.0,0.0,0.0
48,1,5,0,True,0.27951214055722706,0.08935115067233212,0,qEHVI,0.4,0.18,0.38,0.02,0.0,0.0,0.0,0.0,0.02,0.0,0.0,0.0,0.0,0.0,0.0
48,1,5,0,True,0.27951214055722706,0.08935115067233212,1,qEHVI,0.54,0.04,0.36,0.04,0.02,0.0,0.0,0.0,0.0,0.0,0.0,0.0,0.0,0.0,0.0
48,1,5,0,True,0.27951214055722706,0.08935115067233212,2,qEHVI,0.4,0.2,0.3,0.0,0.02,0.0,0.0,0.0,0.0,0.0,0.0,0.0,0.0,0.04,0.04
48,1,5,0,True,0.27951214055722706,0.08935115067233212,3,qEHVI,0.46,0.08,0.36,0.04,0.0,0.0,0.0,0.0,0.02,0.0,0.0,0.0,0.0,0.04,0.0
48,1,5,0,True,0.27951214055722706,0.08935115067233212,4,qEHVI,0.38,0.12,0.4,0.04,0.0,0.0,0.0,0.0,0.0,0.0,0.0,0.0,0.0,0.04,0.02
48,2,4,1,False,0.23102522993241523,0.2463400740187307,0,qEHVI,0.54,0.04,0.36,0.04,0.02,0.0,0.0,0.0,0.0,0.0,0.0,0.0,0.0,0.0,0.0
48,2,4,1,False,0.23102522993241523,0.2463400740187307,1,qEHVI,0.4,0.18,0.38,0.02,0.0,0.0,0.0,0.0,0.02,0.0,0.0,0.0,0.0,0.0,0.0
48,2,4,1,False,0.23102522993241523,0.2463400740187307,2,qEHVI,0.4,0.2,0.3,0.0,0.02,0.0,0.0,0.0,0.0,0.0,0.0,0.0,0.0,0.04,0.04
48,2,4,1,False,0.23102522993241523,0.2463400740187307,3,qEHVI,0.38,0.12,0.4,0.04,0.0,0.0,0.0,0.0,0.0,0.0,0.0,0.0,0.0,0.04,0.02
48,2,4,1,False,0.23102522993241523,0.2463400740187307,4,qUCB,0.34,0.52,0.06,0.0,0.04,0.0,0.0,0.0,0.0,0.0,0.0,0.04,0.0,0.0,0.0
48,3,3,2,False,0.22807176080942887,0.14017560862824752,0,qEHVI,0.4,0.18,0.38,0.02,0.0,0.0,0.0,0.0,0.02,0.0,0.0,0.0,0.0,0.0,0.0
48,3,3,2,False,0.22807176080942887,0.14017560862824752,1,qEHVI,0.54,0.04,0.36,0.04,0.02,0.0,0.0,0.0,0.0,0.0,0.0,0.0,0.0,0.0,0.0
48,3,3,2,False,0.22807176080942887,0.14017560862824752,2,qEHVI,0.4,0.2,0.3,0.0,0.02,0.0,0.0,0.0,0.0,0.0,0.0,0.0,0.0,0.04,0.04
48,3,3,2,False,0.22807176080942887,0.14017560862824752,3,qUCB,0.34,0.52,0.06,0.0,0.04,0.0,0.0,0.0,0.0,0.0,0.0,0.04,0.0,0.0,0.0
48,3,3,2,False,0.22807176080942887,0.14017560862824752,4,qUCB,0.4,0.12,0.38,0.02,0.0,0.0,0.0,0.0,0.0,0.0,0.0,0.04,0.0,0.0,0.04
48,4,2,3,False,0.21069389421763546,0.059922973978011385,0,qEHVI,0.54,0.04,0.36,0.04,0.02,0.0,0.0,0.0,0.0,0.0,0.0,0.0,0.0,0.0,0.0
48,4,2,3,False,0.21069389421763546,0.059922973978011385,1,qEHVI,0.4,0.18,0.38,0.02,0.0,0.0,0.0,0.0,0.02,0.0,0.0,0.0,0.0,0.0,0.0
48,4,2,3,False,0.21069389421763546,0.059922973978011385,2,qUCB,0.42,0.46,0.02,0.0,0.0,0.0,0.0,0.0,0.0,0.0,0.0,0.04,0.0,0.02,0.04
48,4,2,3,False,0.21069389421763546,0.059922973978011385,3,qUCB,0.4,0.42,0.08,0.0,0.02,0.0,0.0,0.0,0.0,0.0,0.0,0.04,0.0,0.04,0.0
48,4,2,3,False,0.21069389421763546,0.059922973978011385,4,qUCB,0.34,0.34,0.22,0.0,0.0,0.0,0.0,0.0,0.0,0.0,0.0,0.04,0.0,0.04,0.02
48,5,1,4,False,0.11189659373907918,0.3564115251780988,0,qEHVI,0.54,0.04,0.36,0.04,0.02,0.0,0.0,0.0,0.0,0.0,0.0,0.0,0.0,0.0,0.0
48,5,1,4,False,0.11189659373907918,0.3564115251780988,1,qUCB,0.42,0.46,0.02,0.0,0.0,0.0,0.0,0.0,0.0,0.0,0.0,0.04,0.0,0.02,0.04
48,5,1,4,False,0.11189659373907918,0.3564115251780988,2,qUCB,0.34,0.34,0.22,0.0,0.0,0.0,0.0,0.0,0.0,0.0,0.0,0.04,0.0,0.04,0.02
48,5,1,4,False,0.11189659373907918,0.3564115251780988,3,qUCB,0.42,0.38,0.1,0.0,0.0,0.0,0.0,0.0,0.0,0.0,0.0,0.04,0.0,0.02,0.04
48,5,1,4,False,0.11189659373907918,0.3564115251780988,4,qUCB,0.34,0.54,0.04,0.0,0.0,0.0,0.0,0.0,0.04,0.0,0.0,0.04,0.0,0.0,0.0
48,6,0,5,False,0.16018762564757155,0.20143159202656413,0,qUCB,0.44,0.06,0.4,0.04,0.0,0.0,0.0,0.0,0.02,0.0,0.0,0.02,0.0,0.02,0.0
48,6,0,5,False,0.16018762564757155,0.20143159202656413,1,qUCB,0.4,0.22,0.38,0.0,0.0,0.0,0.0,0.0,0.0,0.0,0.0,0.0,0.0,0.0,0.0
48,6,0,5,False,0.16018762564757155,0.20143159202656413,2,qUCB,0.34,0.34,0.22,0.0,0.0,0.0,0.0,0.0,0.0,0.0,0.0,0.04,0.0,0.04,0.02
48,6,0,5,False,0.16018762564757155,0.20143159202656413,3,qUCB,0.4,0.12,0.38,0.02,0.0,0.0,0.0,0.0,0.0,0.0,0.0,0.04,0.0,0.0,0.04
48,6,0,5,False,0.16018762564757155,0.20143159202656413,4,qUCB,0.34,0.4,0.16,0.04,0.04,0.0,0.0,0.0,0.0,0.0,0.0,0.0,0.0,0.02,0.0
49,1,5,0,True,0.2653741333517915,0.12050965452458229,0,qEHVI,0.56,0.02,0.36,0.04,0.02,0.0,0.0,0.0,0.0,0.0,0.0,0.0,0.0,0.0,0.0
49,1,5,0,True,0.2653741333517915,0.12050965452458229,1,qEHVI,0.4,0.1,0.4,0.02,0.0,0.0,0.0,0.0,0.0,0.0,0.0,0.04,0.0,0.04,0.0
49,1,5,0,True,0.2653741333517915,0.12050965452458229,2,qEHVI,0.62,0.0,0.34,0.02,0.0,0.0,0.0,0.0,0.0,0.0,0.0,0.0,0.0,0.0,0.02
49,1,5,0,True,0.2653741333517915,0.12050965452458229,3,qEHVI,0.0,0.0,0.96,0.04,0.0,0.0,0.0,0.0,0.0,0.0,0.0,0.0,0.0,0.0,0.0
49,1,5,0,True,0.2653741333517915,0.12050965452458229,4,qEHVI,0.42,0.08,0.4,0.04,0.0,0.0,0.0,0.0,0.0,0.0,0.0,0.04,0.0,0.0,0.02
49,2,4,1,False,0.28044584471781314,0.08447410367099906,0,qEHVI,0.56,0.02,0.36,0.04,0.02,0.0,0.0,0.0,0.0,0.0,0.0,0.0,0.0,0.0,0.0
49,2,4,1,False,0.28044584471781314,0.08447410367099906,1,qEHVI,0.4,0.1,0.4,0.02,0.0,0.0,0.0,0.0,0.0,0.0,0.0,0.04,0.0,0.04,0.0
49,2,4,1,False,0.28044584471781314,0.08447410367099906,2,qEHVI,0.62,0.0,0.34,0.02,0.0,0.0,0.0,0.0,0.0,0.0,0.0,0.0,0.0,0.0,0.02
49,2,4,1,False,0.28044584471781314,0.08447410367099906,3,qEHVI,0.54,0.36,0.04,0.0,0.0,0.0,0.0,0.0,0.0,0.0,0.0,0.04,0.0,0.02,0.0
49,2,4,1,False,0.28044584471781314,0.08447410367099906,4,qUCB,0.42,0.12,0.38,0.0,0.04,0.0,0.0,0.0,0.0,0.0,0.0,0.0,0.0,0.04,0.0
49,3,3,2,False,0.23127356266632404,0.02919689806429382,0,qEHVI,0.56,0.02,0.36,0.04,0.02,0.0,0.0,0.0,0.0,0.0,0.0,0.0,0.0,0.0,0.0
49,3,3,2,False,0.23127356266632404,0.02919689806429382,1,qEHVI,0.4,0.1,0.4,0.02,0.0,0.0,0.0,0.0,0.0,0.0,0.0,0.04,0.0,0.04,0.0
49,3,3,2,False,0.23127356266632404,0.02919689806429382,2,qEHVI,0.62,0.0,0.34,0.02,0.0,0.0,0.0,0.0,0.0,0.0,0.0,0.0,0.0,0.0,0.02
49,3,3,2,False,0.23127356266632404,0.02919689806429382,3,qUCB,0.42,0.44,0.04,0.0,0.02,0.0,0.0,0.0,0.04,0.0,0.0,0.04,0.0,0.0,0.0
49,3,3,2,False,0.23127356266632404,0.02919689806429382,4,qUCB,0.0,0.62,0.28,0.0,0.04,0.0,0.0,0.0,0.02,0.0,0.0,0.04,0.0,0.0,0.0
49,4,2,3,False,0.18440510775868763,0.2902668818254597,0,qEHVI,0.56,0.02,0.36,0.04,0.02,0.0,0.0,0.0,0.0,0.0,0.0,0.0,0.0,0.0,0.0
49,4,2,3,False,0.18440510775868763,0.2902668818254597,1,qEHVI,0.4,0.1,0.4,0.02,0.0,0.0,0.0,0.0,0.0,0.0,0.0,0.04,0.0,0.04,0.0
49,4,2,3,False,0.18440510775868763,0.2902668818254597,2,qUCB,0.46,0.06,0.38,0.0,0.0,0.0,0.0,0.0,0.04,0.0,0.0,0.02,0.0,0.0,0.04
49,4,2,3,False,0.18440510775868763,0.2902668818254597,3,qUCB,0.4,0.46,0.04,0.0,0.0,0.0,0.0,0.0,0.04,0.0,0.0,0.0,0.0,0.02,0.04
49,4,2,3,False,0.18440510775868763,0.2902668818254597,4,qUCB,0.0,0.7000000000000001,0.24,0.0,0.0,0.0,0.0,0.0,0.04,0.0,0.0,0.0,0.0,0.0,0.02
49,5,1,4,False,0.12607789722642454,0.3663208824843007,0,qEHVI,0.56,0.02,0.36,0.04,0.02,0.0,0.0,0.0,0.0,0.0,0.0,0.0,0.0,0.0,0.0
49,5,1,4,False,0.12607789722642454,0.3663208824843007,1,qUCB,0.36,0.5,0.04,0.0,0.0,0.0,0.0,0.0,0.04,0.0,0.0,0.04,0.0,0.0,0.02
49,5,1,4,False,0.12607789722642454,0.3663208824843007,2,qUCB,0.4,0.48,0.02,0.0,0.0,0.0,0.0,0.0,0.0,0.0,0.0,0.04,0.0,0.02,0.04
49,5,1,4,False,0.12607789722642454,0.3663208824843007,3,qUCB,0.34,0.34,0.22,0.0,0.0,0.0,0.0,0.0,0.0,0.0,0.0,0.04,0.0,0.04,0.02
49,5,1,4,False,0.12607789722642454,0.3663208824843007,4,qUCB,0.0,0.66,0.24,0.0,0.0,0.0,0.0,0.0,0.04,0.0,0.0,0.02,0.0,0.04,0.0
49,6,0,5,False,0.17189817227108334,0.08619330537781522,0,qUCB,0.44,0.06,0.4,0.04,0.0,0.0,0.0,0.0,0.0,0.0,0.0,0.02,0.0,0.04,0.0
49,6,0,5,False,0.17189817227108334,0.08619330537781522,1,qUCB,0.4,0.12,0.38,0.02,0.04,0.0,0.0,0.0,0.0,0.0,0.0,0.04,0.0,0.0,0.0
49,6,0,5,False,0.17189817227108334,0.08619330537781522,2,qUCB,0.34,0.34,0.22,0.0,0.0,0.0,0.0,0.0,0.0,0.0,0.0,0.04,0.0,0.04,0.02
49,6,0,5,False,0.17189817227108334,0.08619330537781522,3,qUCB,0.36,0.4,0.16,0.04,0.02,0.0,0.0,0.0,0.02,0.0,0.0,0.0,0.0,0.0,0.0
49,6,0,5,False,0.17189817227108334,0.08619330537781522,4,qUCB,0.42,0.08,0.4,0.04,0.0,0.0,0.0,0.0,0.0,0.0,0.0,0.04,0.0,0.0,0.02
50,1,5,0,True,0.48035695419946195,0.11336901751020889,0,qEHVI,0.16,0.0,0.78,0.04,0.0,0.0,0.0,0.0,0.0,0.0,0.0,0.0,0.0,0.0,0.02
50,1,5,0,True,0.48035695419946195,0.11336901751020889,1,qEHVI,0.04,0.12,0.74,0.04,0.0,0.0,0.0,0.0,0.02,0.0,0.0,0.04,0.0,0.0,0.0
50,1,5,0,True,0.48035695419946195,0.11336901751020889,2,qEHVI,0.36,0.16,0.38,0.04,0.0,0.0,0.0,0.0,0.02,0.0,0.0,0.0,0.0,0.04,0.0
50,1,5,0,True,0.48035695419946195,0.11336901751020889,3,qEHVI,0.46,0.02,0.46,0.0,0.0,0.0,0.0,0.0,0.0,0.0,0.0,0.04,0.0,0.0,0.02
50,1,5,0,True,0.48035695419946195,0.11336901751020889,4,qEHVI,0.0,0.4,0.52,0.04,0.04,0.0,0.0,0.0,0.0,0.0,0.0,0.0,0.0,0.0,0.0
50,2,4,1,False,0.40994531106126775,0.06149214219224142,0,qEHVI,0.16,0.0,0.78,0.04,0.0,0.0,0.0,0.0,0.0,0.0,0.0,0.0,0.0,0.0,0.02
50,2,4,1,False,0.40994531106126775,0.06149214219224142,1,qEHVI,0.02,0.2,0.72,0.04,0.0,0.0,0.0,0.0,0.0,0.0,0.0,0.02,0.0,0.0,0.0
50,2,4,1,False,0.40994531106126775,0.06149214219224142,2,qEHVI,0.36,0.16,0.38,0.04,0.0,0.0,0.0,0.0,0.02,0.0,0.0,0.0,0.0,0.04,0.0
50,2,4,1,False,0.40994531106126775,0.06149214219224142,3,qEHVI,0.46,0.02,0.46,0.0,0.0,0.0,0.0,0.0,0.0,0.0,0.0,0.04,0.0,0.0,0.02
50,2,4,1,False,0.40994531106126775,0.06149214219224142,4,qUCB,0.46,0.06,0.38,0.0,0.04,0.0,0.0,0.0,0.04,0.0,0.0,0.0,0.0,0.0,0.02
50,3,3,2,False,0.3696416253250515,0.19720820309890552,0,qEHVI,0.16,0.0,0.78,0.04,0.0,0.0,0.0,0.0,0.0,0.0,0.0,0.0,0.0,0.0,0.02
50,3,3,2,False,0.3696416253250515,0.19720820309890552,1,qEHVI,0.04,0.12,0.74,0.04,0.0,0.0,0.0,0.0,0.02,0.0,0.0,0.04,0.0,0.0,0.0
50,3,3,2,False,0.3696416253250515,0.19720820309890552,2,qEHVI,0.36,0.16,0.38,0.04,0.0,0.0,0.0,0.0,0.02,0.0,0.0,0.0,0.0,0.04,0.0
50,3,3,2,False,0.3696416253250515,0.19720820309890552,3,qUCB,0.4,0.44,0.06,0.0,0.02,0.0,0.0,0.0,0.0,0.0,0.0,0.04,0.0,0.0,0.04
50,3,3,2,False,0.3696416253250515,0.19720820309890552,4,qUCB,0.5,0.34,0.06,0.0,0.02,0.0,0.0,0.0,0.0,0.0,0.0,0.04,0.0,0.0,0.04
50,4,2,3,False,0.3037674031883601,0.1538660246618524,0,qEHVI,0.16,0.0,0.78,0.04,0.0,0.0,0.0,0.0,0.0,0.0,0.0,0.0,0.0,0.0,0.02
50,4,2,3,False,0.3037674031883601,0.1538660246618524,1,qEHVI,0.04,0.12,0.74,0.04,0.0,0.0,0.0,0.0,0.02,0.0,0.0,0.04,0.0,0.0,0.0
50,4,2,3,False,0.3037674031883601,0.1538660246618524,2,qUCB,0.44,0.42,0.04,0.0,0.02,0.0,0.0,0.0,0.04,0.0,0.0,0.0,0.0,0.04,0.0
50,4,2,3,False,0.3037674031883601,0.1538660246618524,3,qUCB,0.0,0.64,0.26,0.0,0.02,0.0,0.0,0.0,0.04,0.0,0.0,0.0,0.0,0.04,0.0
50,4,2,3,False,0.3037674031883601,0.1538660246618524,4,qUCB,0.4,0.44,0.06,0.0,0.02,0.0,0.0,0.0,0.0,0.0,0.0,0.04,0.0,0.0,0.04
50,5,1,4,False,0.24259933807705908,0.014375722980494388,0,qEHVI,0.16,0.0,0.78,0.04,0.0,0.0,0.0,0.0,0.0,0.0,0.0,0.0,0.0,0.0,0.02
50,5,1,4,False,0.24259933807705908,0.014375722980494388,1,qUCB,0.38,0.48,0.04,0.0,0.0,0.0,0.0,0.0,0.04,0.0,0.0,0.04,0.0,0.02,0.0
50,5,1,4,False,0.24259933807705908,0.014375722980494388,2,qUCB,0.0,0.64,0.26,0.0,0.02,0.0,0.0,0.0,0.04,0.0,0.0,0.0,0.0,0.04,0.0
50,5,1,4,False,0.24259933807705908,0.014375722980494388,3,qUCB,0.34,0.36,0.22,0.0,0.0,0.0,0.0,0.0,0.04,0.0,0.0,0.04,0.0,0.0,0.0
50,5,1,4,False,0.24259933807705908,0.014375722980494388,4,qUCB,0.0,0.62,0.28,0.0,0.02,0.0,0.0,0.0,0.04,0.0,0.0,0.04,0.0,0.0,0.0
50,6,0,5,False,0.15256260759803897,0.15780814119716613,0,qUCB,0.44,0.06,0.4,0.04,0.0,0.0,0.0,0.0,0.0,0.0,0.0,0.02,0.0,0.02,0.02
50,6,0,5,False,0.15256260759803897,0.15780814119716613,1,qUCB,0.34,0.36,0.22,0.0,0.0,0.0,0.0,0.0,0.04,0.0,0.0,0.04,0.0,0.0,0.0
50,6,0,5,False,0.15256260759803897,0.15780814119716613,2,qUCB,0.4,0.14,0.38,0.0,0.0,0.0,0.0,0.0,0.0,0.0,0.0,0.04,0.0,0.0,0.04
50,6,0,5,False,0.15256260759803897,0.15780814119716613,3,qUCB,0.0,0.64,0.26,0.0,0.02,0.0,0.0,0.0,0.04,0.0,0.0,0.0,0.0,0.04,0.0
50,6,0,5,False,0.15256260759803897,0.15780814119716613,4,qUCB,0.46,0.2,0.24,0.04,0.0,0.0,0.0,0.0,0.02,0.0,0.0,0.0,0.0,0.04,0.0
