iteration,option,n_opt,n_exp,selected,full_qehvi,full_entropy,point_idx,source,x_0,x_1,x_2,x_3,x_4,x_5,x_6,x_7,x_8,x_9,x_10,x_11,x_12,x_13,x_14
1,1,5,0,True,3.1718879998463243,0.18979949799142837,0,qEHVI,0.02,0.0,0.92,0.02,0.02,0.0,0.0,0.0,0.0,0.0,0.0,0.02,0.0,0.0,0.0
1,1,5,0,True,3.1718879998463243,0.18979949799142837,1,qEHVI,0.1,0.0,0.8,0.04,0.04,0.0,0.0,0.0,0.0,0.0,0.0,0.0,0.0,0.02,0.0
1,1,5,0,True,3.1718879998463243,0.18979949799142837,2,qEHVI,0.46,0.44,0.0,0.0,0.0,0.0,0.0,0.0,0.04,0.0,0.0,0.04,0.0,0.02,0.0
1,1,5,0,True,3.1718879998463243,0.18979949799142837,3,qEHVI,0.9,0.0,0.0,0.0,0.04,0.0,0.0,0.0,0.0,0.0,0.0,0.0,0.0,0.04,0.02
1,1,5,0,True,3.1718879998463243,0.18979949799142837,4,qEHVI,0.02,0.06,0.8200000000000001,0.0,0.0,0.0,0.0,0.0,0.0,0.0,0.0,0.04,0.0,0.02,0.04
1,2,4,1,False,3.3412948598566574,0.3634992089209348,0,qEHVI,0.02,0.0,0.92,0.02,0.02,0.0,0.0,0.0,0.0,0.0,0.0,0.02,0.0,0.0,0.0
1,2,4,1,False,3.3412948598566574,0.3634992089209348,1,qEHVI,0.1,0.0,0.8,0.04,0.04,0.0,0.0,0.0,0.0,0.0,0.0,0.0,0.0,0.02,0.0
1,2,4,1,False,3.3412948598566574,0.3634992089209348,2,qEHVI,0.46,0.44,0.0,0.0,0.0,0.0,0.0,0.0,0.04,0.0,0.0,0.04,0.0,0.02,0.0
1,2,4,1,False,3.3412948598566574,0.3634992089209348,3,qEHVI,0.84,0.02,0.04,0.04,0.04,0.0,0.0,0.0,0.0,0.0,0.0,0.0,0.0,0.02,0.0
1,2,4,1,False,3.3412948598566574,0.3634992089209348,4,qUCB,0.02,0.84,0.04,0.02,0.0,0.0,0.0,0.0,0.0,0.0,0.0,0.0,0.0,0.04,0.04
1,3,3,2,False,3.286349528971787,0.21522317316384054,0,qEHVI,0.02,0.0,0.92,0.02,0.02,0.0,0.0,0.0,0.0,0.0,0.0,0.02,0.0,0.0,0.0
1,3,3,2,False,3.286349528971787,0.21522317316384054,1,qEHVI,0.1,0.0,0.8,0.04,0.04,0.0,0.0,0.0,0.0,0.0,0.0,0.0,0.0,0.02,0.0
1,3,3,2,False,3.286349528971787,0.21522317316384054,2,qEHVI,0.86,0.06,0.0,0.0,0.02,0.0,0.0,0.0,0.0,0.0,0.0,0.04,0.0,0.02,0.0
1,3,3,2,False,3.286349528971787,0.21522317316384054,3,qUCB,0.02,0.78,0.1,0.0,0.0,0.0,0.0,0.0,0.04,0.0,0.0,0.0,0.0,0.02,0.04
1,3,3,2,False,3.286349528971787,0.21522317316384054,4,qUCB,0.02,0.84,0.04,0.02,0.0,0.0,0.0,0.0,0.0,0.0,0.0,0.0,0.0,0.04,0.04
1,4,2,3,False,2.9981643083617535,0.30667089742901155,0,qEHVI,0.02,0.0,0.92,0.02,0.02,0.0,0.0,0.0,0.0,0.0,0.0,0.02,0.0,0.0,0.0
1,4,2,3,False,2.9981643083617535,0.30667089742901155,1,qEHVI,0.1,0.0,0.8,0.04,0.04,0.0,0.0,0.0,0.0,0.0,0.0,0.0,0.0,0.02,0.0
1,4,2,3,False,2.9981643083617535,0.30667089742901155,2,qUCB,0.7000000000000001,0.16,0.04,0.0,0.0,0.0,0.0,0.0,0.02,0.0,0.0,0.0,0.0,0.04,0.04
1,4,2,3,False,2.9981643083617535,0.30667089742901155,3,qUCB,0.72,0.16,0.02,0.0,0.0,0.0,0.0,0.0,0.04,0.0,0.0,0.0,0.0,0.02,0.04
1,4,2,3,False,2.9981643083617535,0.30667089742901155,4,qUCB,0.06,0.8200000000000001,0.02,0.0,0.0,0.0,0.0,0.0,0.0,0.0,0.0,0.02,0.0,0.04,0.04
1,5,1,4,False,2.9240938227004336,0.10398626933560884,0,qEHVI,0.02,0.0,0.92,0.02,0.02,0.0,0.0,0.0,0.0,0.0,0.0,0.02,0.0,0.0,0.0
1,5,1,4,False,2.9240938227004336,0.10398626933560884,1,qUCB,0.0,0.88,0.02,0.0,0.02,0.0,0.0,0.0,0.04,0.0,0.0,0.0,0.0,0.04,0.0
1,5,1,4,False,2.9240938227004336,0.10398626933560884,2,qUCB,0.72,0.16,0.02,0.0,0.0,0.0,0.0,0.0,0.04,0.0,0.0,0.0,0.0,0.02,0.04
1,5,1,4,False,2.9240938227004336,0.10398626933560884,3,qUCB,0.06,0.8200000000000001,0.02,0.0,0.0,0.0,0.0,0.0,0.0,0.0,0.0,0.02,0.0,0.04,0.04
1,5,1,4,False,2.9240938227004336,0.10398626933560884,4,qUCB,0.02,0.78,0.1,0.0,0.0,0.0,0.0,0.0,0.04,0.0,0.0,0.0,0.0,0.02,0.04
1,6,0,5,False,2.6605780667944443,0.45527052950493285,0,qUCB,0.0,0.86,0.04,0.02,0.0,0.0,0.0,0.0,0.0,0.0,0.0,0.02,0.0,0.04,0.02
1,6,0,5,False,2.6605780667944443,0.45527052950493285,1,qUCB,0.6,0.2,0.1,0.0,0.0,0.0,0.0,0.0,0.0,0.0,0.0,0.04,0.0,0.04,0.02
1,6,0,5,False,2.6605780667944443,0.45527052950493285,2,qUCB,0.66,0.02,0.22,0.02,0.0,0.0,0.0,0.0,0.04,0.0,0.0,0.0,0.0,0.04,0.0
1,6,0,5,False,2.6605780667944443,0.45527052950493285,3,qUCB,0.08,0.78,0.06,0.0,0.02,0.0,0.0,0.0,0.04,0.0,0.0,0.0,0.0,0.02,0.0
1,6,0,5,False,2.6605780667944443,0.45527052950493285,4,qUCB,0.9,0.0,0.0,0.0,0.04,0.0,0.0,0.0,0.0,0.0,0.0,0.0,0.0,0.04,0.02
2,1,5,0,True,8.43183742720155,0.4166747315620807,0,qEHVI,0.42,0.0,0.48,0.04,0.02,0.0,0.0,0.0,0.04,0.0,0.0,0.0,0.0,0.0,0.0
2,1,5,0,True,8.43183742720155,0.4166747315620807,1,qEHVI,0.26,0.62,0.04,0.0,0.0,0.0,0.0,0.0,0.04,0.0,0.0,0.04,0.0,0.0,0.0
2,1,5,0,True,8.43183742720155,0.4166747315620807,2,qEHVI,0.36,0.0,0.56,0.02,0.02,0.0,0.0,0.0,0.0,0.0,0.0,0.0,0.0,0.04,0.0
2,1,5,0,True,8.43183742720155,0.4166747315620807,3,qEHVI,0.58,0.0,0.32,0.04,0.0,0.0,0.0,0.0,0.0,0.0,0.0,0.0,0.0,0.02,0.04
2,1,5,0,True,8.43183742720155,0.4166747315620807,4,qEHVI,0.0,0.92,0.0,0.04,0.0,0.0,0.0,0.0,0.0,0.0,0.0,0.04,0.0,0.0,0.0
2,2,4,1,False,8.024997784312673,0.8563791002490131,0,qEHVI,0.42,0.0,0.48,0.04,0.02,0.0,0.0,0.0,0.04,0.0,0.0,0.0,0.0,0.0,0.0
2,2,4,1,False,8.024997784312673,0.8563791002490131,1,qEHVI,0.26,0.62,0.04,0.0,0.0,0.0,0.0,0.0,0.04,0.0,0.0,0.04,0.0,0.0,0.0
2,2,4,1,False,8.024997784312673,0.8563791002490131,2,qEHVI,0.36,0.0,0.56,0.02,0.02,0.0,0.0,0.0,0.0,0.0,0.0,0.0,0.0,0.04,0.0
2,2,4,1,False,8.024997784312673,0.8563791002490131,3,qEHVI,0.58,0.0,0.32,0.04,0.0,0.0,0.0,0.0,0.0,0.0,0.0,0.0,0.0,0.02,0.04
2,2,4,1,False,8.024997784312673,0.8563791002490131,4,qUCB,0.28,0.6,0.02,0.0,0.04,0.0,0.0,0.0,0.0,0.0,0.0,0.02,0.0,0.0,0.04
2,3,3,2,False,8.033650895831684,0.19255931987317076,0,qEHVI,0.42,0.0,0.48,0.04,0.02,0.0,0.0,0.0,0.04,0.0,0.0,0.0,0.0,0.0,0.0
2,3,3,2,False,8.033650895831684,0.19255931987317076,1,qEHVI,0.32,0.04,0.54,0.04,0.02,0.0,0.0,0.0,0.0,0.0,0.0,0.0,0.0,0.04,0.0
2,3,3,2,False,8.033650895831684,0.19255931987317076,2,qEHVI,0.26,0.62,0.04,0.0,0.0,0.0,0.0,0.0,0.04,0.0,0.0,0.04,0.0,0.0,0.0
2,3,3,2,False,8.033650895831684,0.19255931987317076,3,qUCB,0.32,0.6,0.0,0.0,0.04,0.0,0.0,0.0,0.0,0.0,0.0,0.0,0.0,0.0,0.04
2,3,3,2,False,8.033650895831684,0.19255931987317076,4,qUCB,0.02,0.88,0.0,0.0,0.04,0.0,0.0,0.0,0.0,0.0,0.0,0.0,0.0,0.02,0.04
2,4,2,3,False,7.809451906490791,0.5164378355417902,0,qEHVI,0.42,0.0,0.48,0.04,0.02,0.0,0.0,0.0,0.04,0.0,0.0,0.0,0.0,0.0,0.0
2,4,2,3,False,7.809451906490791,0.5164378355417902,1,qEHVI,0.26,0.62,0.04,0.0,0.0,0.0,0.0,0.0,0.04,0.0,0.0,0.04,0.0,0.0,0.0
2,4,2,3,False,7.809451906490791,0.5164378355417902,2,qUCB,0.32,0.6,0.0,0.0,0.04,0.0,0.0,0.0,0.0,0.0,0.0,0.0,0.0,0.0,0.04
2,4,2,3,False,7.809451906490791,0.5164378355417902,3,qUCB,0.02,0.88,0.0,0.0,0.04,0.0,0.0,0.0,0.0,0.0,0.0,0.0,0.0,0.02,0.04
2,4,2,3,False,7.809451906490791,0.5164378355417902,4,qUCB,0.48,0.02,0.42,0.0,0.0,0.0,0.0,0.0,0.0,0.0,0.0,0.0,0.0,0.04,0.04
2,5,1,4,False,7.075290649289452,0.8761524077100304,0,qEHVI,0.42,0.0,0.48,0.04,0.02,0.0,0.0,0.0,0.04,0.0,0.0,0.0,0.0,0.0,0.0
2,5,1,4,False,7.075290649289452,0.8761524077100304,1,qUCB,0.36,0.54,0.0,0.0,0.0,0.0,0.0,0.0,0.0,0.0,0.0,0.04,0.0,0.04,0.02
2,5,1,4,False,7.075290649289452,0.8761524077100304,2,qUCB,0.0,0.9,0.04,0.0,0.0,0.0,0.0,0.0,0.0,0.0,0.0,0.0,0.0,0.04,0.02
2,5,1,4,False,7.075290649289452,0.8761524077100304,3,qUCB,0.68,0.2,0.02,0.0,0.0,0.0,0.0,0.0,0.0,0.0,0.0,0.04,0.0,0.04,0.02
2,5,1,4,False,7.075290649289452,0.8761524077100304,4,qUCB,0.22,0.7000000000000001,0.0,0.0,0.0,0.0,0.0,0.0,0.0,0.0,0.0,0.04,0.0,0.0,0.04
2,6,0,5,False,7.375257573550635,0.5380321306408771,0,qUCB,0.36,0.54,0.0,0.0,0.02,0.0,0.0,0.0,0.04,0.0,0.0,0.02,0.0,0.0,0.02
2,6,0,5,False,7.375257573550635,0.5380321306408771,1,qUCB,0.0,0.92,0.0,0.04,0.0,0.0,0.0,0.0,0.0,0.0,0.0,0.04,0.0,0.0,0.0
2,6,0,5,False,7.375257573550635,0.5380321306408771,2,qUCB,0.52,0.0,0.4,0.04,0.0,0.0,0.0,0.0,0.04,0.0,0.0,0.0,0.0,0.0,0.0
2,6,0,5,False,7.375257573550635,0.5380321306408771,3,qUCB,0.36,0.54,0.0,0.0,0.0,0.0,0.0,0.0,0.0,0.0,0.0,0.04,0.0,0.04,0.02
2,6,0,5,False,7.375257573550635,0.5380321306408771,4,qUCB,0.0,0.92,0.0,0.0,0.04,0.0,0.0,0.0,0.04,0.0,0.0,0.0,0.0,0.0,0.0
3,1,5,0,False,2.674958090219671,1.4455871376304144,0,qEHVI,0.7000000000000001,0.12,0.08,0.0,0.04,0.0,0.0,0.0,0.02,0.0,0.0,0.04,0.0,0.0,0.0
3,1,5,0,False,2.674958090219671,1.4455871376304144,1,qEHVI,0.6,0.0,0.34,0.02,0.0,0.0,0.0,0.0,0.04,0.0,0.0,0.0,0.0,0.0,0.0
3,1,5,0,False,2.674958090219671,1.4455871376304144,2,qEHVI,0.58,0.3,0.04,0.0,0.02,0.0,0.0,0.0,0.04,0.0,0.0,0.02,0.0,0.0,0.0
3,1,5,0,False,2.674958090219671,1.4455871376304144,3,qEHVI,0.8,0.0,0.16,0.0,0.0,0.0,0.0,0.0,0.04,0.0,0.0,0.0,0.0,0.0,0.0
3,1,5,0,False,2.674958090219671,1.4455871376304144,4,qEHVI,0.4,0.0,0.5,0.04,0.04,0.0,0.0,0.0,0.02,0.0,0.0,0.0,0.0,0.0,0.0
3,2,4,1,True,2.503633796789693,1.9564159346109884,0,qEHVI,0.7000000000000001,0.12,0.08,0.0,0.04,0.0,0.0,0.0,0.02,0.0,0.0,0.04,0.0,0.0,0.0
3,2,4,1,True,2.503633796789693,1.9564159346109884,1,qEHVI,0.6,0.0,0.34,0.02,0.0,0.0,0.0,0.0,0.04,0.0,0.0,0.0,0.0,0.0,0.0
3,2,4,1,True,2.503633796789693,1.9564159346109884,2,qEHVI,0.58,0.3,0.04,0.0,0.02,0.0,0.0,0.0,0.04,0.0,0.0,0.02,0.0,0.0,0.0
3,2,4,1,True,2.503633796789693,1.9564159346109884,3,qEHVI,0.76,0.0,0.18,0.02,0.0,0.0,0.0,0.0,0.04,0.0,0.0,0.0,0.0,0.0,0.0
3,2,4,1,True,2.503633796789693,1.9564159346109884,4,qUCB,0.64,0.02,0.26,0.0,0.0,0.0,0.0,0.0,0.0,0.0,0.0,0.0,0.0,0.04,0.04
3,3,3,2,False,2.4298933779270224,1.5990251280242016,0,qEHVI,0.7000000000000001,0.12,0.08,0.0,0.04,0.0,0.0,0.0,0.02,0.0,0.0,0.04,0.0,0.0,0.0
3,3,3,2,False,2.4298933779270224,1.5990251280242016,1,qEHVI,0.6,0.0,0.34,0.02,0.0,0.0,0.0,0.0,0.04,0.0,0.0,0.0,0.0,0.0,0.0
3,3,3,2,False,2.4298933779270224,1.5990251280242016,2,qEHVI,0.58,0.3,0.04,0.0,0.02,0.0,0.0,0.0,0.04,0.0,0.0,0.02,0.0,0.0,0.0
3,3,3,2,False,2.4298933779270224,1.5990251280242016,3,qUCB,0.64,0.02,0.26,0.0,0.0,0.0,0.0,0.0,0.0,0.0,0.0,0.0,0.0,0.04,0.04
3,3,3,2,False,2.4298933779270224,1.5990251280242016,4,qUCB,0.92,0.0,0.0,0.0,0.0,0.0,0.0,0.0,0.0,0.0,0.0,0.0,0.0,0.04,0.04
3,4,2,3,False,2.2846084511904836,1.3573516909018832,0,qEHVI,0.7000000000000001,0.12,0.08,0.0,0.04,0.0,0.0,0.0,0.02,0.0,0.0,0.04,0.0,0.0,0.0
3,4,2,3,False,2.2846084511904836,1.3573516909018832,1,qEHVI,0.6,0.0,0.34,0.02,0.0,0.0,0.0,0.0,0.04,0.0,0.0,0.0,0.0,0.0,0.0
3,4,2,3,False,2.2846084511904836,1.3573516909018832,2,qUCB,0.64,0.02,0.26,0.0,0.0,0.0,0.0,0.0,0.0,0.0,0.0,0.0,0.0,0.04,0.04
3,4,2,3,False,2.2846084511904836,1.3573516909018832,3,qUCB,0.52,0.38,0.0,0.0,0.02,0.0,0.0,0.0,0.0,0.0,0.0,0.0,0.0,0.04,0.04
3,4,2,3,False,2.2846084511904836,1.3573516909018832,4,qUCB,0.92,0.0,0.0,0.0,0.0,0.0,0.0,0.0,0.0,0.0,0.0,0.0,0.0,0.04,0.04
3,5,1,4,False,1.882950021720016,0.5448638408392377,0,qEHVI,0.7000000000000001,0.12,0.08,0.0,0.04,0.0,0.0,0.0,0.02,0.0,0.0,0.04,0.0,0.0,0.0
3,5,1,4,False,1.882950021720016,0.5448638408392377,1,qUCB,0.68,0.04,0.2,0.04,0.0,0.0,0.0,0.0,0.0,0.0,0.0,0.0,0.0,0.04,0.0
3,5,1,4,False,1.882950021720016,0.5448638408392377,2,qUCB,0.78,0.08,0.06,0.04,0.0,0.0,0.0,0.0,0.0,0.0,0.0,0.0,0.0,0.0,0.04
3,5,1,4,False,1.882950021720016,0.5448638408392377,3,qUCB,0.64,0.02,0.26,0.0,0.0,0.0,0.0,0.0,0.0,0.0,0.0,0.0,0.0,0.04,0.04
3,5,1,4,False,1.882950021720016,0.5448638408392377,4,qUCB,0.08,0.8200000000000001,0.0,0.0,0.0,0.0,0.0,0.0,0.02,0.0,0.0,0.0,0.0,0.04,0.04
3,6,0,5,False,2.149889290990589,2.099174758543035,0,qUCB,0.64,0.0,0.28,0.0,0.04,0.0,0.0,0.0,0.02,0.0,0.0,0.02,0.0,0.0,0.0
3,6,0,5,False,2.149889290990589,2.099174758543035,1,qUCB,0.8200000000000001,0.0,0.1,0.04,0.0,0.0,0.0,0.0,0.04,0.0,0.0,0.0,0.0,0.0,0.0
3,6,0,5,False,2.149889290990589,2.099174758543035,2,qUCB,0.64,0.02,0.24,0.0,0.0,0.0,0.0,0.0,0.04,0.0,0.0,0.02,0.0,0.04,0.0
3,6,0,5,False,2.149889290990589,2.099174758543035,3,qUCB,0.74,0.0,0.22,0.0,0.0,0.0,0.0,0.0,0.0,0.0,0.0,0.04,0.0,0.0,0.0
3,6,0,5,False,2.149889290990589,2.099174758543035,4,qUCB,0.52,0.22,0.16,0.04,0.02,0.0,0.0,0.0,0.0,0.0,0.0,0.04,0.0,0.0,0.0
4,1,5,0,False,3.614129157831242,1.0313949151484934,0,qEHVI,0.52,0.0,0.4,0.04,0.0,0.0,0.0,0.0,0.0,0.0,0.0,0.0,0.0,0.04,0.0
4,1,5,0,False,3.614129157831242,1.0313949151484934,1,qEHVI,0.62,0.04,0.26,0.04,0.0,0.0,0.0,0.0,0.0,0.0,0.0,0.04,0.0,0.0,0.0
4,1,5,0,False,3.614129157831242,1.0313949151484934,2,qEHVI,0.44,0.28,0.18,0.04,0.04,0.0,0.0,0.0,0.02,0.0,0.0,0.0,0.0,0.0,0.0
4,1,5,0,False,3.614129157831242,1.0313949151484934,3,qEHVI,0.56,0.0,0.34,0.04,0.04,0.0,0.0,0.0,0.0,0.0,0.0,0.0,0.0,0.0,0.02
4,1,5,0,False,3.614129157831242,1.0313949151484934,4,qEHVI,0.64,0.02,0.26,0.0,0.04,0.0,0.0,0.0,0.0,0.0,0.0,0.0,0.0,0.04,0.0
4,2,4,1,True,3.207773965945429,0.7189584590352556,0,qEHVI,0.52,0.0,0.4,0.04,0.0,0.0,0.0,0.0,0.0,0.0,0.0,0.0,0.0,0.04,0.0
4,2,4,1,True,3.207773965945429,0.7189584590352556,1,qEHVI,0.62,0.04,0.26,0.04,0.0,0.0,0.0,0.0,0.0,0.0,0.0,0.04,0.0,0.0,0.0
4,2,4,1,True,3.207773965945429,0.7189584590352556,2,qEHVI,0.44,0.28,0.18,0.04,0.04,0.0,0.0,0.0,0.02,0.0,0.0,0.0,0.0,0.0,0.0
4,2,4,1,True,3.207773965945429,0.7189584590352556,3,qEHVI,0.56,0.0,0.34,0.04,0.04,0.0,0.0,0.0,0.0,0.0,0.0,0.0,0.0,0.0,0.02
4,2,4,1,True,3.207773965945429,0.7189584590352556,4,qUCB,0.44,0.32,0.14,0.0,0.0,0.0,0.0,0.0,0.04,0.0,0.0,0.02,0.0,0.0,0.04
4,3,3,2,False,3.25462957421919,0.815487347440218,0,qEHVI,0.52,0.0,0.4,0.04,0.0,0.0,0.0,0.0,0.0,0.0,0.0,0.0,0.0,0.04,0.0
4,3,3,2,False,3.25462957421919,0.815487347440218,1,qEHVI,0.62,0.04,0.26,0.04,0.0,0.0,0.0,0.0,0.0,0.0,0.0,0.04,0.0,0.0,0.0
4,3,3,2,False,3.25462957421919,0.815487347440218,2,qEHVI,0.44,0.28,0.18,0.04,0.04,0.0,0.0,0.0,0.02,0.0,0.0,0.0,0.0,0.0,0.0
4,3,3,2,False,3.25462957421919,0.815487347440218,3,qUCB,0.6,0.0,0.36,0.0,0.0,0.0,0.0,0.0,0.0,0.0,0.0,0.0,0.0,0.0,0.04
4,3,3,2,False,3.25462957421919,0.815487347440218,4,qUCB,0.18,0.72,0.0,0.0,0.04,0.0,0.0,0.0,0.0,0.0,0.0,0.02,0.0,0.04,0.0
4,4,2,3,False,2.9830593354065176,0.7561186620460609,0,qEHVI,0.52,0.0,0.4,0.04,0.0,0.0,0.0,0.0,0.0,0.0,0.0,0.0,0.0,0.04,0.0
4,4,2,3,False,2.9830593354065176,0.7561186620460609,1,qEHVI,0.62,0.04,0.26,0.04,0.0,0.0,0.0,0.0,0.0,0.0,0.0,0.04,0.0,0.0,0.0
4,4,2,3,False,2.9830593354065176,0.7561186620460609,2,qUCB,0.22,0.68,0.0,0.0,0.04,0.0,0.0,0.0,0.04,0.0,0.0,0.0,0.0,0.0,0.02
4,4,2,3,False,2.9830593354065176,0.7561186620460609,3,qUCB,0.38,0.38,0.14,0.0,0.04,0.0,0.0,0.0,0.04,0.0,0.0,0.0,0.0,0.0,0.02
4,4,2,3,False,2.9830593354065176,0.7561186620460609,4,qUCB,0.56,0.02,0.34,0.0,0.04,0.0,0.0,0.0,0.04,0.0,0.0,0.0,0.0,0.0,0.0
4,5,1,4,False,2.6605241223238125,0.5347912998978384,0,qEHVI,0.52,0.0,0.4,0.04,0.0,0.0,0.0,0.0,0.0,0.0,0.0,0.0,0.0,0.04,0.0
4,5,1,4,False,2.6605241223238125,0.5347912998978384,1,qUCB,0.38,0.5,0.02,0.0,0.04,0.0,0.0,0.0,0.0,0.0,0.0,0.02,0.0,0.0,0.04
4,5,1,4,False,2.6605241223238125,0.5347912998978384,2,qUCB,0.22,0.68,0.0,0.0,0.04,0.0,0.0,0.0,0.04,0.0,0.0,0.0,0.0,0.0,0.02
4,5,1,4,False,2.6605241223238125,0.5347912998978384,3,qUCB,0.52,0.16,0.22,0.0,0.04,0.0,0.0,0.0,0.0,0.0,0.0,0.04,0.0,0.0,0.02
4,5,1,4,False,2.6605241223238125,0.5347912998978384,4,qUCB,0.46,0.0,0.46,0.0,0.0,0.0,0.0,0.0,0.0,0.0,0.0,0.04,0.0,0.0,0.04
4,6,0,5,False,3.1219518539359443,0.955588947176305,0,qUCB,0.52,0.0,0.4,0.04,0.0,0.0,0.0,0.0,0.0,0.0,0.0,0.0,0.0,0.04,0.0
4,6,0,5,False,3.1219518539359443,0.955588947176305,1,qUCB,0.56,0.0,0.34,0.04,0.04,0.0,0.0,0.0,0.0,0.0,0.0,0.0,0.0,0.0,0.02
4,6,0,5,False,3.1219518539359443,0.955588947176305,2,qUCB,0.3,0.62,0.0,0.0,0.04,0.0,0.0,0.0,0.0,0.0,0.0,0.0,0.0,0.02,0.02
4,6,0,5,False,3.1219518539359443,0.955588947176305,3,qUCB,0.44,0.28,0.18,0.04,0.04,0.0,0.0,0.0,0.02,0.0,0.0,0.0,0.0,0.0,0.0
4,6,0,5,False,3.1219518539359443,0.955588947176305,4,qUCB,0.9,0.0,0.0,0.04,0.0,0.0,0.0,0.0,0.0,0.0,0.0,0.04,0.0,0.0,0.02
5,1,5,0,False,4.540165658482616,0.4672924935796514,0,qEHVI,0.6,0.04,0.26,0.04,0.0,0.0,0.0,0.0,0.04,0.0,0.0,0.0,0.0,0.0,0.02
5,1,5,0,False,4.540165658482616,0.4672924935796514,1,qEHVI,0.52,0.02,0.36,0.02,0.0,0.0,0.0,0.0,0.04,0.0,0.0,0.0,0.0,0.0,0.04
5,1,5,0,False,4.540165658482616,0.4672924935796514,2,qEHVI,0.58,0.02,0.3,0.04,0.02,0.0,0.0,0.0,0.02,0.0,0.0,0.0,0.0,0.0,0.02
5,1,5,0,False,4.540165658482616,0.4672924935796514,3,qEHVI,0.38,0.28,0.24,0.04,0.0,0.0,0.0,0.0,0.02,0.0,0.0,0.0,0.0,0.0,0.04
5,1,5,0,False,4.540165658482616,0.4672924935796514,4,qEHVI,0.84,0.06,0.02,0.0,0.04,0.0,0.0,0.0,0.0,0.0,0.0,0.04,0.0,0.0,0.0
5,2,4,1,False,4.106453260452291,0.3136050446454268,0,qEHVI,0.6,0.04,0.26,0.04,0.0,0.0,0.0,0.0,0.04,0.0,0.0,0.0,0.0,0.0,0.02
5,2,4,1,False,4.106453260452291,0.3136050446454268,1,qEHVI,0.52,0.02,0.36,0.02,0.0,0.0,0.0,0.0,0.04,0.0,0.0,0.0,0.0,0.0,0.04
5,2,4,1,False,4.106453260452291,0.3136050446454268,2,qEHVI,0.58,0.02,0.3,0.04,0.02,0.0,0.0,0.0,0.02,0.0,0.0,0.0,0.0,0.0,0.02
5,2,4,1,False,4.106453260452291,0.3136050446454268,3,qEHVI,0.84,0.06,0.02,0.0,0.04,0.0,0.0,0.0,0.0,0.0,0.0,0.04,0.0,0.0,0.0
5,2,4,1,False,4.106453260452291,0.3136050446454268,4,qUCB,0.04,0.78,0.08,0.0,0.02,0.0,0.0,0.0,0.0,0.0,0.0,0.0,0.0,0.04,0.04
5,3,3,2,True,3.6947781349742956,0.7092692927764035,0,qEHVI,0.6,0.04,0.26,0.04,0.0,0.0,0.0,0.0,0.04,0.0,0.0,0.0,0.0,0.0,0.02
5,3,3,2,True,3.6947781349742956,0.7092692927764035,1,qEHVI,0.52,0.02,0.36,0.02,0.0,0.0,0.0,0.0,0.04,0.0,0.0,0.0,0.0,0.0,0.04
5,3,3,2,True,3.6947781349742956,0.7092692927764035,2,qEHVI,0.58,0.02,0.3,0.04,0.02,0.0,0.0,0.0,0.02,0.0,0.0,0.0,0.0,0.0,0.02
5,3,3,2,True,3.6947781349742956,0.7092692927764035,3,qUCB,0.5,0.32,0.1,0.0,0.0,0.0,0.0,0.0,0.0,0.0,0.0,0.04,0.0,0.04,0.0
5,3,3,2,True,3.6947781349742956,0.7092692927764035,4,qUCB,0.02,0.88,0.0,0.0,0.02,0.0,0.0,0.0,0.0,0.0,0.0,0.0,0.0,0.04,0.04
5,4,2,3,False,3.197638949610754,0.28085347450894016,0,qEHVI,0.6,0.04,0.26,0.04,0.0,0.0,0.0,0.0,0.04,0.0,0.0,0.0,0.0,0.0,0.02
5,4,2,3,False,3.197638949610754,0.28085347450894016,1,qEHVI,0.52,0.02,0.36,0.02,0.0,0.0,0.0,0.0,0.04,0.0,0.0,0.0,0.0,0.0,0.04
5,4,2,3,False,3.197638949610754,0.28085347450894016,2,qUCB,0.5,0.32,0.1,0.0,0.0,0.0,0.0,0.0,0.0,0.0,0.0,0.04,0.0,0.04,0.0
5,4,2,3,False,3.197638949610754,0.28085347450894016,3,qUCB,0.44,0.0,0.46,0.0,0.02,0.0,0.0,0.0,0.0,0.0,0.0,0.04,0.0,0.04,0.0
5,4,2,3,False,3.197638949610754,0.28085347450894016,4,qUCB,0.04,0.68,0.18,0.0,0.02,0.0,0.0,0.0,0.0,0.0,0.0,0.04,0.0,0.04,0.0
5,5,1,4,False,2.1886574268974095,0.7588215125654765,0,qEHVI,0.6,0.04,0.26,0.04,0.0,0.0,0.0,0.0,0.04,0.0,0.0,0.0,0.0,0.0,0.02
5,5,1,4,False,2.1886574268974095,0.7588215125654765,1,qUCB,0.5,0.32,0.1,0.0,0.0,0.0,0.0,0.0,0.0,0.0,0.0,0.04,0.0,0.04,0.0
5,5,1,4,False,2.1886574268974095,0.7588215125654765,2,qUCB,0.02,0.88,0.0,0.0,0.02,0.0,0.0,0.0,0.0,0.0,0.0,0.0,0.0,0.04,0.04
5,5,1,4,False,2.1886574268974095,0.7588215125654765,3,qUCB,0.44,0.0,0.46,0.0,0.02,0.0,0.0,0.0,0.0,0.0,0.0,0.04,0.0,0.04,0.0
5,5,1,4,False,2.1886574268974095,0.7588215125654765,4,qUCB,0.04,0.68,0.18,0.0,0.02,0.0,0.0,0.0,0.0,0.0,0.0,0.04,0.0,0.04,0.0
5,6,0,5,False,2.233866764596898,0.2534803384360238,0,qUCB,0.74,0.14,0.02,0.04,0.02,0.0,0.0,0.0,0.0,0.0,0.0,0.04,0.0,0.0,0.0
5,6,0,5,False,2.233866764596898,0.2534803384360238,1,qUCB,0.52,0.04,0.34,0.0,0.0,0.0,0.0,0.0,0.02,0.0,0.0,0.04,0.0,0.0,0.04
5,6,0,5,False,2.233866764596898,0.2534803384360238,2,qUCB,0.48,0.0,0.46,0.0,0.0,0.0,0.0,0.0,0.02,0.0,0.0,0.04,0.0,0.0,0.0
5,6,0,5,False,2.233866764596898,0.2534803384360238,3,qUCB,0.52,0.0,0.4,0.0,0.02,0.0,0.0,0.0,0.0,0.0,0.0,0.0,0.0,0.02,0.04
5,6,0,5,False,2.233866764596898,0.2534803384360238,4,qUCB,0.0,0.8200000000000001,0.1,0.04,0.0,0.0,0.0,0.0,0.0,0.0,0.0,0.0,0.0,0.0,0.04
6,1,5,0,False,2.386161781486212,1.1166328224020092,0,qEHVI,0.54,0.0,0.38,0.0,0.0,0.0,0.0,0.0,0.04,0.0,0.0,0.0,0.0,0.0,0.04
6,1,5,0,False,2.386161781486212,1.1166328224020092,1,qEHVI,0.64,0.0,0.3,0.0,0.0,0.0,0.0,0.0,0.0,0.0,0.0,0.0,0.0,0.04,0.02
6,1,5,0,False,2.386161781486212,1.1166328224020092,2,qEHVI,0.78,0.04,0.08,0.02,0.0,0.0,0.0,0.0,0.04,0.0,0.0,0.0,0.0,0.0,0.04
6,1,5,0,False,2.386161781486212,1.1166328224020092,3,qEHVI,0.0,0.74,0.16,0.02,0.0,0.0,0.0,0.0,0.02,0.0,0.0,0.02,0.0,0.0,0.04
6,1,5,0,False,2.386161781486212,1.1166328224020092,4,qEHVI,0.52,0.0,0.42,0.0,0.0,0.0,0.0,0.0,0.0,0.0,0.0,0.04,0.0,0.02,0.0
6,2,4,1,False,2.319765486201451,1.0117141570086794,0,qEHVI,0.54,0.0,0.38,0.0,0.0,0.0,0.0,0.0,0.04,0.0,0.0,0.0,0.0,0.0,0.04
6,2,4,1,False,2.319765486201451,1.0117141570086794,1,qEHVI,0.64,0.0,0.3,0.0,0.0,0.0,0.0,0.0,0.0,0.0,0.0,0.0,0.0,0.04,0.02
6,2,4,1,False,2.319765486201451,1.0117141570086794,2,qEHVI,0.78,0.04,0.08,0.02,0.0,0.0,0.0,0.0,0.04,0.0,0.0,0.0,0.0,0.0,0.04
6,2,4,1,False,2.319765486201451,1.0117141570086794,3,qEHVI,0.1,0.7000000000000001,0.14,0.0,0.02,0.0,0.0,0.0,0.0,0.0,0.0,0.0,0.0,0.0,0.04
6,2,4,1,False,2.319765486201451,1.0117141570086794,4,qUCB,0.52,0.0,0.4,0.04,0.0,0.0,0.0,0.0,0.0,0.0,0.0,0.04,0.0,0.0,0.0
6,3,3,2,True,2.377437862214594,0.8907659043340966,0,qEHVI,0.54,0.0,0.38,0.0,0.0,0.0,0.0,0.0,0.04,0.0,0.0,0.0,0.0,0.0,0.04
6,3,3,2,True,2.377437862214594,0.8907659043340966,1,qEHVI,0.64,0.0,0.3,0.0,0.0,0.0,0.0,0.0,0.0,0.0,0.0,0.0,0.0,0.04,0.02
6,3,3,2,True,2.377437862214594,0.8907659043340966,2,qEHVI,0.78,0.04,0.08,0.02,0.0,0.0,0.0,0.0,0.04,0.0,0.0,0.0,0.0,0.0,0.04
6,3,3,2,True,2.377437862214594,0.8907659043340966,3,qUCB,0.02,0.76,0.12,0.04,0.04,0.0,0.0,0.0,0.0,0.0,0.0,0.02,0.0,0.0,0.0
6,3,3,2,True,2.377437862214594,0.8907659043340966,4,qUCB,0.6,0.22,0.08,0.04,0.04,0.0,0.0,0.0,0.0,0.0,0.0,0.02,0.0,0.0,0.0
6,4,2,3,False,2.1441528982825133,0.9641654140359381,0,qEHVI,0.54,0.0,0.38,0.0,0.0,0.0,0.0,0.0,0.04,0.0,0.0,0.0,0.0,0.0,0.04
6,4,2,3,False,2.1441528982825133,0.9641654140359381,1,qEHVI,0.64,0.0,0.3,0.0,0.0,0.0,0.0,0.0,0.0,0.0,0.0,0.0,0.0,0.04,0.02
6,4,2,3,False,2.1441528982825133,0.9641654140359381,2,qUCB,0.02,0.76,0.12,0.04,0.04,0.0,0.0,0.0,0.0,0.0,0.0,0.02,0.0,0.0,0.0
6,4,2,3,False,2.1441528982825133,0.9641654140359381,3,qUCB,0.6,0.22,0.08,0.04,0.04,0.0,0.0,0.0,0.0,0.0,0.0,0.02,0.0,0.0,0.0
6,4,2,3,False,2.1441528982825133,0.9641654140359381,4,qUCB,0.52,0.0,0.4,0.04,0.0,0.0,0.0,0.0,0.0,0.0,0.0,0.04,0.0,0.0,0.0
6,5,1,4,False,1.850959340573568,0.48265705993052677,0,qEHVI,0.54,0.0,0.38,0.0,0.0,0.0,0.0,0.0,0.04,0.0,0.0,0.0,0.0,0.0,0.04
6,5,1,4,False,1.850959340573568,0.48265705993052677,1,qUCB,0.02,0.76,0.12,0.04,0.04,0.0,0.0,0.0,0.0,0.0,0.0,0.02,0.0,0.0,0.0
6,5,1,4,False,1.850959340573568,0.48265705993052677,2,qUCB,0.78,0.04,0.08,0.04,0.02,0.0,0.0,0.0,0.0,0.0,0.0,0.0,0.0,0.04,0.0
6,5,1,4,False,1.850959340573568,0.48265705993052677,3,qUCB,0.56,0.0,0.34,0.0,0.04,0.0,0.0,0.0,0.0,0.0,0.0,0.02,0.0,0.04,0.0
6,5,1,4,False,1.850959340573568,0.48265705993052677,4,qUCB,0.46,0.34,0.1,0.04,0.02,0.0,0.0,0.0,0.0,0.0,0.0,0.04,0.0,0.0,0.0
6,6,0,5,False,1.8221360669384714,1.0224916525869836,0,qUCB,0.52,0.0,0.42,0.0,0.0,0.0,0.0,0.0,0.0,0.0,0.0,0.04,0.0,0.02,0.0
6,6,0,5,False,1.8221360669384714,1.0224916525869836,1,qUCB,0.78,0.04,0.08,0.02,0.0,0.0,0.0,0.0,0.04,0.0,0.0,0.0,0.0,0.0,0.04
6,6,0,5,False,1.8221360669384714,1.0224916525869836,2,qUCB,0.0,0.86,0.12,0.0,0.0,0.0,0.0,0.0,0.02,0.0,0.0,0.0,0.0,0.0,0.0
6,6,0,5,False,1.8221360669384714,1.0224916525869836,3,qUCB,0.5,0.0,0.44,0.0,0.0,0.0,0.0,0.0,0.0,0.0,0.0,0.02,0.0,0.0,0.04
6,6,0,5,False,1.8221360669384714,1.0224916525869836,4,qUCB,0.76,0.02,0.12,0.0,0.02,0.0,0.0,0.0,0.0,0.0,0.0,0.02,0.0,0.02,0.04
7,1,5,0,False,1.8769084577005184,0.5816886947675055,0,qEHVI,0.8,0.02,0.1,0.0,0.04,0.0,0.0,0.0,0.04,0.0,0.0,0.0,0.0,0.0,0.0
7,1,5,0,False,1.8769084577005184,0.5816886947675055,1,qEHVI,0.52,0.0,0.38,0.04,0.0,0.0,0.0,0.0,0.0,0.0,0.0,0.02,0.0,0.0,0.04
7,1,5,0,False,1.8769084577005184,0.5816886947675055,2,qEHVI,0.88,0.0,0.04,0.0,0.0,0.0,0.0,0.0,0.04,0.0,0.0,0.04,0.0,0.0,0.0
7,1,5,0,False,1.8769084577005184,0.5816886947675055,3,qEHVI,0.58,0.0,0.38,0.02,0.0,0.0,0.0,0.0,0.02,0.0,0.0,0.0,0.0,0.0,0.0
7,1,5,0,False,1.8769084577005184,0.5816886947675055,4,qEHVI,0.72,0.12,0.12,0.0,0.04,0.0,0.0,0.0,0.0,0.0,0.0,0.0,0.0,0.0,0.0
7,2,4,1,False,1.7069892839687417,0.5399414870490298,0,qEHVI,0.8,0.02,0.1,0.0,0.04,0.0,0.0,0.0,0.04,0.0,0.0,0.0,0.0,0.0,0.0
7,2,4,1,False,1.7069892839687417,0.5399414870490298,1,qEHVI,0.52,0.0,0.38,0.04,0.0,0.0,0.0,0.0,0.0,0.0,0.0,0.02,0.0,0.0,0.04
7,2,4,1,False,1.7069892839687417,0.5399414870490298,2,qEHVI,0.88,0.0,0.04,0.0,0.0,0.0,0.0,0.0,0.04,0.0,0.0,0.04,0.0,0.0,0.0
7,2,4,1,False,1.7069892839687417,0.5399414870490298,3,qEHVI,0.58,0.0,0.38,0.02,0.0,0.0,0.0,0.0,0.02,0.0,0.0,0.0,0.0,0.0,0.0
7,2,4,1,False,1.7069892839687417,0.5399414870490298,4,qUCB,0.5,0.02,0.38,0.0,0.02,0.0,0.0,0.0,0.0,0.0,0.0,0.04,0.0,0.04,0.0
7,3,3,2,True,1.7417068136573568,0.763658053525755,0,qEHVI,0.8,0.02,0.1,0.0,0.04,0.0,0.0,0.0,0.04,0.0,0.0,0.0,0.0,0.0,0.0
7,3,3,2,True,1.7417068136573568,0.763658053525755,1,qEHVI,0.52,0.0,0.38,0.04,0.0,0.0,0.0,0.0,0.0,0.0,0.0,0.02,0.0,0.0,0.04
7,3,3,2,True,1.7417068136573568,0.763658053525755,2,qEHVI,0.88,0.0,0.04,0.0,0.0,0.0,0.0,0.0,0.04,0.0,0.0,0.04,0.0,0.0,0.0
7,3,3,2,True,1.7417068136573568,0.763658053525755,3,qUCB,0.62,0.22,0.12,0.0,0.0,0.0,0.0,0.0,0.0,0.0,0.0,0.0,0.0,0.04,0.0
7,3,3,2,True,1.7417068136573568,0.763658053525755,4,qUCB,0.06,0.74,0.16,0.0,0.0,0.0,0.0,0.0,0.0,0.0,0.0,0.0,0.0,0.04,0.0
7,4,2,3,False,1.5942702176500634,0.521871815344532,0,qEHVI,0.8,0.02,0.1,0.0,0.04,0.0,0.0,0.0,0.04,0.0,0.0,0.0,0.0,0.0,0.0
7,4,2,3,False,1.5942702176500634,0.521871815344532,1,qEHVI,0.52,0.0,0.38,0.04,0.0,0.0,0.0,0.0,0.0,0.0,0.0,0.02,0.0,0.0,0.04
7,4,2,3,False,1.5942702176500634,0.521871815344532,2,qUCB,0.5,0.02,0.38,0.0,0.02,0.0,0.0,0.0,0.0,0.0,0.0,0.04,0.0,0.04,0.0
7,4,2,3,False,1.5942702176500634,0.521871815344532,3,qUCB,0.76,0.02,0.12,0.0,0.02,0.0,0.0,0.0,0.0,0.0,0.0,0.04,0.0,0.04,0.0
7,4,2,3,False,1.5942702176500634,0.521871815344532,4,qUCB,0.1,0.64,0.16,0.0,0.0,0.0,0.0,0.0,0.02,0.0,0.0,0.04,0.0,0.04,0.0
7,5,1,4,False,1.3153910542540859,0.643836070395825,0,qEHVI,0.8,0.02,0.1,0.0,0.04,0.0,0.0,0.0,0.04,0.0,0.0,0.0,0.0,0.0,0.0
7,5,1,4,False,1.3153910542540859,0.643836070395825,1,qUCB,0.52,0.0,0.38,0.02,0.0,0.0,0.0,0.0,0.0,0.0,0.0,0.04,0.0,0.04,0.0
7,5,1,4,False,1.3153910542540859,0.643836070395825,2,qUCB,0.52,0.0,0.38,0.04,0.0,0.0,0.0,0.0,0.0,0.0,0.0,0.02,0.0,0.0,0.04
7,5,1,4,False,1.3153910542540859,0.643836070395825,3,qUCB,0.1,0.48,0.32,0.04,0.0,0.0,0.0,0.0,0.0,0.0,0.0,0.02,0.0,0.04,0.0
7,5,1,4,False,1.3153910542540859,0.643836070395825,4,qUCB,0.02,0.8,0.1,0.0,0.0,0.0,0.0,0.0,0.0,0.0,0.0,0.04,0.0,0.0,0.04
7,6,0,5,False,1.2249701214996516,0.36417541073253856,0,qUCB,0.58,0.0,0.38,0.02,0.0,0.0,0.0,0.0,0.02,0.0,0.0,0.0,0.0,0.0,0.0
7,6,0,5,False,1.2249701214996516,0.36417541073253856,1,qUCB,0.84,0.02,0.14,0.0,0.0,0.0,0.0,0.0,0.0,0.0,0.0,0.0,0.0,0.0,0.0
7,6,0,5,False,1.2249701214996516,0.36417541073253856,2,qUCB,0.54,0.0,0.38,0.0,0.04,0.0,0.0,0.0,0.0,0.0,0.0,0.04,0.0,0.0,0.0
7,6,0,5,False,1.2249701214996516,0.36417541073253856,3,qUCB,0.76,0.02,0.16,0.0,0.02,0.0,0.0,0.0,0.0,0.0,0.0,0.0,0.0,0.0,0.04
7,6,0,5,False,1.2249701214996516,0.36417541073253856,4,qUCB,0.04,0.54,0.34,0.04,0.0,0.0,0.0,0.0,0.04,0.0,0.0,0.0,0.0,0.0,0.0
8,1,5,0,False,1.297901030912069,0.6780074604716004,0,qEHVI,0.56,0.0,0.42,0.0,0.02,0.0,0.0,0.0,0.0,0.0,0.0,0.0,0.0,0.0,0.0
8,1,5,0,False,1.297901030912069,0.6780074604716004,1,qEHVI,0.62,0.02,0.28,0.0,0.02,0.0,0.0,0.0,0.0,0.0,0.0,0.02,0.0,0.0,0.04
8,1,5,0,False,1.297901030912069,0.6780074604716004,2,qEHVI,0.52,0.0,0.4,0.04,0.02,0.0,0.0,0.0,0.0,0.0,0.0,0.02,0.0,0.0,0.0
8,1,5,0,False,1.297901030912069,0.6780074604716004,3,qEHVI,0.6,0.26,0.06,0.0,0.0,0.0,0.0,0.0,0.04,0.0,0.0,0.0,0.0,0.0,0.04
8,1,5,0,False,1.297901030912069,0.6780074604716004,4,qEHVI,0.36,0.26,0.28,0.0,0.04,0.0,0.0,0.0,0.0,0.0,0.0,0.0,0.0,0.02,0.04
8,2,4,1,False,1.1937539401859696,0.6175955974533083,0,qEHVI,0.56,0.0,0.42,0.0,0.02,0.0,0.0,0.0,0.0,0.0,0.0,0.0,0.0,0.0,0.0
8,2,4,1,False,1.1937539401859696,0.6175955974533083,1,qEHVI,0.62,0.02,0.28,0.0,0.02,0.0,0.0,0.0,0.0,0.0,0.0,0.02,0.0,0.0,0.04
8,2,4,1,False,1.1937539401859696,0.6175955974533083,2,qEHVI,0.36,0.26,0.28,0.0,0.04,0.0,0.0,0.0,0.0,0.0,0.0,0.0,0.0,0.02,0.04
8,2,4,1,False,1.1937539401859696,0.6175955974533083,3,qEHVI,0.52,0.0,0.4,0.04,0.02,0.0,0.0,0.0,0.0,0.0,0.0,0.02,0.0,0.0,0.0
8,2,4,1,False,1.1937539401859696,0.6175955974533083,4,qUCB,0.54,0.0,0.36,0.0,0.0,0.0,0.0,0.0,0.04,0.0,0.0,0.02,0.0,0.04,0.0
8,3,3,2,True,1.0460137098627806,1.0082254230222134,0,qEHVI,0.56,0.0,0.42,0.0,0.02,0.0,0.0,0.0,0.0,0.0,0.0,0.0,0.0,0.0,0.0
8,3,3,2,True,1.0460137098627806,1.0082254230222134,1,qEHVI,0.62,0.02,0.28,0.0,0.02,0.0,0.0,0.0,0.0,0.0,0.0,0.02,0.0,0.0,0.04
8,3,3,2,True,1.0460137098627806,1.0082254230222134,2,qEHVI,0.36,0.26,0.28,0.0,0.04,0.0,0.0,0.0,0.0,0.0,0.0,0.0,0.0,0.02,0.04
8,3,3,2,True,1.0460137098627806,1.0082254230222134,3,qUCB,0.54,0.0,0.36,0.0,0.0,0.0,0.0,0.0,0.04,0.0,0.0,0.02,0.0,0.04,0.0
8,3,3,2,True,1.0460137098627806,1.0082254230222134,4,qUCB,0.06,0.5,0.34,0.04,0.0,0.0,0.0,0.0,0.04,0.0,0.0,0.02,0.0,0.0,0.0
8,4,2,3,False,1.006849029278061,0.5691477318355108,0,qEHVI,0.56,0.0,0.42,0.0,0.02,0.0,0.0,0.0,0.0,0.0,0.0,0.0,0.0,0.0,0.0
8,4,2,3,False,1.006849029278061,0.5691477318355108,1,qEHVI,0.62,0.02,0.28,0.0,0.02,0.0,0.0,0.0,0.0,0.0,0.0,0.02,0.0,0.0,0.04
8,4,2,3,False,1.006849029278061,0.5691477318355108,2,qUCB,0.54,0.0,0.36,0.0,0.0,0.0,0.0,0.0,0.04,0.0,0.0,0.02,0.0,0.04,0.0
8,4,2,3,False,1.006849029278061,0.5691477318355108,3,qUCB,0.06,0.5,0.34,0.04,0.0,0.0,0.0,0.0,0.04,0.0,0.0,0.02,0.0,0.0,0.0
8,4,2,3,False,1.006849029278061,0.5691477318355108,4,qUCB,0.48,0.02,0.4,0.04,0.0,0.0,0.0,0.0,0.04,0.0,0.0,0.02,0.0,0.0,0.0
8,5,1,4,False,0.7641188738086999,0.7498675822613201,0,qEHVI,0.56,0.0,0.42,0.0,0.02,0.0,0.0,0.0,0.0,0.0,0.0,0.0,0.0,0.0,0.0
8,5,1,4,False,0.7641188738086999,0.7498675822613201,1,qUCB,0.54,0.0,0.36,0.0,0.0,0.0,0.0,0.0,0.04,0.0,0.0,0.02,0.0,0.04,0.0
8,5,1,4,False,0.7641188738086999,0.7498675822613201,2,qUCB,0.06,0.5,0.34,0.04,0.0,0.0,0.0,0.0,0.04,0.0,0.0,0.02,0.0,0.0,0.0
8,5,1,4,False,0.7641188738086999,0.7498675822613201,3,qUCB,0.46,0.4,0.04,0.0,0.0,0.0,0.0,0.0,0.0,0.0,0.0,0.04,0.0,0.02,0.04
8,5,1,4,False,0.7641188738086999,0.7498675822613201,4,qUCB,0.74,0.02,0.14,0.0,0.0,0.0,0.0,0.0,0.0,0.0,0.0,0.04,0.0,0.02,0.04
8,6,0,5,False,0.7917761927023691,0.5661784018445113,0,qUCB,0.56,0.0,0.42,0.0,0.02,0.0,0.0,0.0,0.0,0.0,0.0,0.0,0.0,0.0,0.0
8,6,0,5,False,0.7917761927023691,0.5661784018445113,1,qUCB,0.6,0.02,0.36,0.0,0.0,0.0,0.0,0.0,0.0,0.0,0.0,0.0,0.0,0.0,0.02
8,6,0,5,False,0.7917761927023691,0.5661784018445113,2,qUCB,0.06,0.5,0.34,0.04,0.0,0.0,0.0,0.0,0.04,0.0,0.0,0.02,0.0,0.0,0.0
8,6,0,5,False,0.7917761927023691,0.5661784018445113,3,qUCB,0.34,0.0,0.64,0.02,0.0,0.0,0.0,0.0,0.0,0.0,0.0,0.0,0.0,0.0,0.0
8,6,0,5,False,0.7917761927023691,0.5661784018445113,4,qUCB,0.54,0.02,0.38,0.0,0.04,0.0,0.0,0.0,0.0,0.0,0.0,0.02,0.0,0.0,0.0
9,1,5,0,False,1.160697488191615,0.35497915445043837,0,qEHVI,0.58,0.04,0.3,0.0,0.04,0.0,0.0,0.0,0.0,0.0,0.0,0.04,0.0,0.0,0.0
9,1,5,0,False,1.160697488191615,0.35497915445043837,1,qEHVI,0.54,0.0,0.4,0.04,0.0,0.0,0.0,0.0,0.0,0.0,0.0,0.0,0.0,0.02,0.0
9,1,5,0,False,1.160697488191615,0.35497915445043837,2,qEHVI,0.56,0.3,0.04,0.0,0.0,0.0,0.0,0.0,0.04,0.0,0.0,0.0,0.0,0.02,0.04
9,1,5,0,False,1.160697488191615,0.35497915445043837,3,qEHVI,0.52,0.08,0.32,0.0,0.0,0.0,0.0,0.0,0.0,0.0,0.0,0.04,0.0,0.0,0.04
9,1,5,0,False,1.160697488191615,0.35497915445043837,4,qEHVI,0.66,0.18,0.1,0.0,0.04,0.0,0.0,0.0,0.0,0.0,0.0,0.02,0.0,0.0,0.0
9,2,4,1,False,1.0808945784877775,0.4578415086036607,0,qEHVI,0.58,0.04,0.3,0.0,0.04,0.0,0.0,0.0,0.0,0.0,0.0,0.04,0.0,0.0,0.0
9,2,4,1,False,1.0808945784877775,0.4578415086036607,1,qEHVI,0.54,0.0,0.4,0.04,0.0,0.0,0.0,0.0,0.0,0.0,0.0,0.0,0.0,0.02,0.0
9,2,4,1,False,1.0808945784877775,0.4578415086036607,2,qEHVI,0.56,0.3,0.04,0.0,0.0,0.0,0.0,0.0,0.04,0.0,0.0,0.0,0.0,0.02,0.04
9,2,4,1,False,1.0808945784877775,0.4578415086036607,3,qEHVI,0.5,0.14,0.3,0.0,0.0,0.0,0.0,0.0,0.0,0.0,0.0,0.0,0.0,0.02,0.04
9,2,4,1,False,1.0808945784877775,0.4578415086036607,4,qUCB,0.54,0.0,0.36,0.02,0.0,0.0,0.0,0.0,0.04,0.0,0.0,0.04,0.0,0.0,0.0
9,3,3,2,True,0.9543562050958558,0.4988969073205691,0,qEHVI,0.58,0.04,0.3,0.0,0.04,0.0,0.0,0.0,0.0,0.0,0.0,0.04,0.0,0.0,0.0
9,3,3,2,True,0.9543562050958558,0.4988969073205691,1,qEHVI,0.54,0.0,0.4,0.04,0.0,0.0,0.0,0.0,0.0,0.0,0.0,0.0,0.0,0.02,0.0
9,3,3,2,True,0.9543562050958558,0.4988969073205691,2,qEHVI,0.56,0.3,0.04,0.0,0.0,0.0,0.0,0.0,0.04,0.0,0.0,0.0,0.0,0.02,0.04
9,3,3,2,True,0.9543562050958558,0.4988969073205691,3,qUCB,0.54,0.0,0.36,0.02,0.0,0.0,0.0,0.0,0.04,0.0,0.0,0.04,0.0,0.0,0.0
9,3,3,2,True,0.9543562050958558,0.4988969073205691,4,qUCB,0.32,0.38,0.2,0.0,0.0,0.0,0.0,0.0,0.02,0.0,0.0,0.04,0.0,0.04,0.0
9,4,2,3,False,1.0194819548078458,0.582192025137525,0,qEHVI,0.58,0.04,0.3,0.0,0.04,0.0,0.0,0.0,0.0,0.0,0.0,0.04,0.0,0.0,0.0
9,4,2,3,False,1.0194819548078458,0.582192025137525,1,qEHVI,0.54,0.0,0.4,0.04,0.0,0.0,0.0,0.0,0.0,0.0,0.0,0.0,0.0,0.02,0.0
9,4,2,3,False,1.0194819548078458,0.582192025137525,2,qUCB,0.48,0.34,0.08,0.0,0.02,0.0,0.0,0.0,0.04,0.0,0.0,0.0,0.0,0.0,0.04
9,4,2,3,False,1.0194819548078458,0.582192025137525,3,qUCB,0.6,0.12,0.18,0.0,0.0,0.0,0.0,0.0,0.04,0.0,0.0,0.02,0.0,0.0,0.04
9,4,2,3,False,1.0194819548078458,0.582192025137525,4,qUCB,0.68,0.22,0.02,0.0,0.0,0.0,0.0,0.0,0.04,0.0,0.0,0.0,0.0,0.0,0.04
9,5,1,4,False,0.7120880468207533,0.44831205329759394,0,qEHVI,0.58,0.04,0.3,0.0,0.04,0.0,0.0,0.0,0.0,0.0,0.0,0.04,0.0,0.0,0.0
9,5,1,4,False,0.7120880468207533,0.44831205329759394,1,qUCB,0.56,0.3,0.04,0.0,0.0,0.0,0.0,0.0,0.04,0.0,0.0,0.0,0.0,0.02,0.04
9,5,1,4,False,0.7120880468207533,0.44831205329759394,2,qUCB,0.48,0.24,0.18,0.0,0.0,0.0,0.0,0.0,0.04,0.0,0.0,0.0,0.0,0.04,0.02
9,5,1,4,False,0.7120880468207533,0.44831205329759394,3,qUCB,0.28,0.0,0.62,0.02,0.0,0.0,0.0,0.0,0.04,0.0,0.0,0.0,0.0,0.0,0.04
9,5,1,4,False,0.7120880468207533,0.44831205329759394,4,qUCB,0.2,0.48,0.22,0.04,0.0,0.0,0.0,0.0,0.04,0.0,0.0,0.0,0.0,0.0,0.02
9,6,0,5,False,0.607697714945834,0.09124927399526062,0,qUCB,0.54,0.0,0.4,0.04,0.0,0.0,0.0,0.0,0.0,0.0,0.0,0.0,0.0,0.02,0.0
9,6,0,5,False,0.607697714945834,0.09124927399526062,1,qUCB,0.58,0.0,0.38,0.0,0.02,0.0,0.0,0.0,0.0,0.0,0.0,0.02,0.0,0.0,0.0
9,6,0,5,False,0.607697714945834,0.09124927399526062,2,qUCB,0.46,0.26,0.2,0.0,0.04,0.0,0.0,0.0,0.04,0.0,0.0,0.0,0.0,0.0,0.0
9,6,0,5,False,0.607697714945834,0.09124927399526062,3,qUCB,0.56,0.16,0.18,0.0,0.04,0.0,0.0,0.0,0.0,0.0,0.0,0.0,0.0,0.02,0.04
9,6,0,5,False,0.607697714945834,0.09124927399526062,4,qUCB,0.28,0.0,0.64,0.04,0.04,0.0,0.0,0.0,0.0,0.0,0.0,0.0,0.0,0.0,0.0
10,1,5,0,False,0.8910537191744335,0.3754704298766933,0,qEHVI,0.56,0.06,0.3,0.0,0.04,0.0,0.0,0.0,0.0,0.0,0.0,0.0,0.0,0.0,0.04
10,1,5,0,False,0.8910537191744335,0.3754704298766933,1,qEHVI,0.56,0.0,0.36,0.0,0.0,0.0,0.0,0.0,0.0,0.0,0.0,0.0,0.0,0.04,0.04
10,1,5,0,False,0.8910537191744335,0.3754704298766933,2,qEHVI,0.7000000000000001,0.2,0.0,0.0,0.04,0.0,0.0,0.0,0.0,0.0,0.0,0.0,0.0,0.02,0.04
10,1,5,0,False,0.8910537191744335,0.3754704298766933,3,qEHVI,0.62,0.16,0.12,0.0,0.04,0.0,0.0,0.0,0.04,0.0,0.0,0.0,0.0,0.02,0.0
10,1,5,0,False,0.8910537191744335,0.3754704298766933,4,qEHVI,0.64,0.22,0.04,0.0,0.0,0.0,0.0,0.0,0.02,0.0,0.0,0.0,0.0,0.04,0.04
10,2,4,1,False,0.8812524507562167,0.38472006837130035,0,qEHVI,0.56,0.06,0.3,0.0,0.04,0.0,0.0,0.0,0.0,0.0,0.0,0.0,0.0,0.0,0.04
10,2,4,1,False,0.8812524507562167,0.38472006837130035,1,qEHVI,0.56,0.0,0.36,0.0,0.0,0.0,0.0,0.0,0.0,0.0,0.0,0.0,0.0,0.04,0.04
10,2,4,1,False,0.8812524507562167,0.38472006837130035,2,qEHVI,0.7000000000000001,0.2,0.0,0.0,0.04,0.0,0.0,0.0,0.0,0.0,0.0,0.0,0.0,0.02,0.04
10,2,4,1,False,0.8812524507562167,0.38472006837130035,3,qEHVI,0.62,0.16,0.12,0.0,0.04,0.0,0.0,0.0,0.04,0.0,0.0,0.0,0.0,0.02,0.0
10,2,4,1,False,0.8812524507562167,0.38472006837130035,4,qUCB,0.5,0.0,0.42,0.04,0.0,0.0,0.0,0.0,0.0,0.0,0.0,0.04,0.0,0.0,0.0
10,3,3,2,False,0.7928555192590176,0.309023233140985,0,qEHVI,0.56,0.06,0.3,0.0,0.04,0.0,0.0,0.0,0.0,0.0,0.0,0.0,0.0,0.0,0.04
10,3,3,2,False,0.7928555192590176,0.309023233140985,1,qEHVI,0.56,0.0,0.36,0.0,0.0,0.0,0.0,0.0,0.0,0.0,0.0,0.0,0.0,0.04,0.04
10,3,3,2,False,0.7928555192590176,0.309023233140985,2,qEHVI,0.7000000000000001,0.2,0.0,0.0,0.04,0.0,0.0,0.0,0.0,0.0,0.0,0.0,0.0,0.02,0.04
10,3,3,2,False,0.7928555192590176,0.309023233140985,3,qUCB,0.48,0.0,0.42,0.04,0.0,0.0,0.0,0.0,0.02,0.0,0.0,0.04,0.0,0.0,0.0
10,3,3,2,False,0.7928555192590176,0.309023233140985,4,qUCB,0.26,0.0,0.66,0.04,0.0,0.0,0.0,0.0,0.02,0.0,0.0,0.02,0.0,0.0,0.0
10,4,2,3,True,0.7356663250481361,0.3261062272965627,0,qEHVI,0.56,0.06,0.3,0.0,0.04,0.0,0.0,0.0,0.0,0.0,0.0,0.0,0.0,0.0,0.04
10,4,2,3,True,0.7356663250481361,0.3261062272965627,1,qEHVI,0.56,0.0,0.36,0.0,0.0,0.0,0.0,0.0,0.0,0.0,0.0,0.0,0.0,0.04,0.04
10,4,2,3,True,0.7356663250481361,0.3261062272965627,2,qUCB,0.48,0.0,0.42,0.04,0.0,0.0,0.0,0.0,0.02,0.0,0.0,0.04,0.0,0.0,0.0
10,4,2,3,True,0.7356663250481361,0.3261062272965627,3,qUCB,0.7000000000000001,0.04,0.18,0.0,0.0,0.0,0.0,0.0,0.04,0.0,0.0,0.04,0.0,0.0,0.0
10,4,2,3,True,0.7356663250481361,0.3261062272965627,4,qUCB,0.26,0.0,0.66,0.04,0.0,0.0,0.0,0.0,0.02,0.0,0.0,0.02,0.0,0.0,0.0
10,5,1,4,False,0.563807592179777,0.24921470684167313,0,qEHVI,0.56,0.06,0.3,0.0,0.04,0.0,0.0,0.0,0.0,0.0,0.0,0.0,0.0,0.0,0.04
10,5,1,4,False,0.563807592179777,0.24921470684167313,1,qUCB,0.5,0.02,0.38,0.04,0.0,0.0,0.0,0.0,0.02,0.0,0.0,0.0,0.0,0.04,0.0
10,5,1,4,False,0.563807592179777,0.24921470684167313,2,qUCB,0.28,0.0,0.62,0.0,0.0,0.0,0.0,0.0,0.04,0.0,0.0,0.04,0.0,0.02,0.0
10,5,1,4,False,0.563807592179777,0.24921470684167313,3,qUCB,0.64,0.1,0.16,0.0,0.0,0.0,0.0,0.0,0.04,0.0,0.0,0.04,0.0,0.02,0.0
10,5,1,4,False,0.563807592179777,0.24921470684167313,4,qUCB,0.4,0.0,0.5,0.0,0.0,0.0,0.0,0.0,0.04,0.0,0.0,0.02,0.0,0.04,0.0
10,6,0,5,False,0.49987178284810635,0.8682221811105681,0,qUCB,0.56,0.0,0.36,0.0,0.0,0.0,0.0,0.0,0.0,0.0,0.0,0.0,0.0,0.04,0.04
10,6,0,5,False,0.49987178284810635,0.8682221811105681,1,qUCB,0.5,0.22,0.18,0.0,0.04,0.0,0.0,0.0,0.0,0.0,0.0,0.0,0.0,0.02,0.04
10,6,0,5,False,0.49987178284810635,0.8682221811105681,2,qUCB,0.26,0.0,0.66,0.04,0.0,0.0,0.0,0.0,0.02,0.0,0.0,0.02,0.0,0.0,0.0
10,6,0,5,False,0.49987178284810635,0.8682221811105681,3,qUCB,0.28,0.0,0.64,0.0,0.04,0.0,0.0,0.0,0.02,0.0,0.0,0.0,0.0,0.0,0.02
10,6,0,5,False,0.49987178284810635,0.8682221811105681,4,qUCB,0.76,0.0,0.14,0.0,0.02,0.0,0.0,0.0,0.0,0.0,0.0,0.02,0.0,0.02,0.04
11,1,5,0,False,0.7166020965258599,0.4527809684903934,0,qEHVI,0.72,0.2,0.0,0.0,0.04,0.0,0.0,0.0,0.0,0.0,0.0,0.0,0.0,0.04,0.0
11,1,5,0,False,0.7166020965258599,0.4527809684903934,1,qEHVI,0.58,0.24,0.08,0.0,0.04,0.0,0.0,0.0,0.0,0.0,0.0,0.0,0.0,0.02,0.04
11,1,5,0,False,0.7166020965258599,0.4527809684903934,2,qEHVI,0.54,0.1,0.3,0.0,0.0,0.0,0.0,0.0,0.02,0.0,0.0,0.0,0.0,0.0,0.04
11,1,5,0,False,0.7166020965258599,0.4527809684903934,3,qEHVI,0.54,0.0,0.38,0.04,0.0,0.0,0.0,0.0,0.0,0.0,0.0,0.02,0.0,0.0,0.02
11,1,5,0,False,0.7166020965258599,0.4527809684903934,4,qEHVI,0.58,0.32,0.02,0.0,0.0,0.0,0.0,0.0,0.04,0.0,0.0,0.0,0.0,0.0,0.04
11,2,4,1,False,0.6093541713568204,0.5483853705168436,0,qEHVI,0.72,0.2,0.0,0.0,0.04,0.0,0.0,0.0,0.0,0.0,0.0,0.0,0.0,0.04,0.0
11,2,4,1,False,0.6093541713568204,0.5483853705168436,1,qEHVI,0.58,0.24,0.08,0.0,0.04,0.0,0.0,0.0,0.0,0.0,0.0,0.0,0.0,0.02,0.04
11,2,4,1,False,0.6093541713568204,0.5483853705168436,2,qEHVI,0.54,0.1,0.3,0.0,0.0,0.0,0.0,0.0,0.02,0.0,0.0,0.0,0.0,0.0,0.04
11,2,4,1,False,0.6093541713568204,0.5483853705168436,3,qEHVI,0.54,0.0,0.38,0.04,0.0,0.0,0.0,0.0,0.0,0.0,0.0,0.02,0.0,0.0,0.02
11,2,4,1,False,0.6093541713568204,0.5483853705168436,4,qUCB,0.44,0.28,0.18,0.0,0.0,0.0,0.0,0.0,0.04,0.0,0.0,0.04,0.0,0.02,0.0
11,3,3,2,True,0.5711185913892665,0.616337955043871,0,qEHVI,0.72,0.2,0.0,0.0,0.04,0.0,0.0,0.0,0.0,0.0,0.0,0.0,0.0,0.04,0.0
11,3,3,2,True,0.5711185913892665,0.616337955043871,1,qEHVI,0.58,0.24,0.08,0.0,0.04,0.0,0.0,0.0,0.0,0.0,0.0,0.0,0.0,0.02,0.04
11,3,3,2,True,0.5711185913892665,0.616337955043871,2,qEHVI,0.54,0.1,0.3,0.0,0.0,0.0,0.0,0.0,0.02,0.0,0.0,0.0,0.0,0.0,0.04
11,3,3,2,True,0.5711185913892665,0.616337955043871,3,qUCB,0.28,0.4,0.22,0.04,0.02,0.0,0.0,0.0,0.0,0.0,0.0,0.04,0.0,0.0,0.0
11,3,3,2,True,0.5711185913892665,0.616337955043871,4,qUCB,0.3,0.5,0.12,0.04,0.0,0.0,0.0,0.0,0.0,0.0,0.0,0.04,0.0,0.0,0.0
11,4,2,3,False,0.44228908508750553,0.3460336295555191,0,qEHVI,0.72,0.2,0.0,0.0,0.04,0.0,0.0,0.0,0.0,0.0,0.0,0.0,0.0,0.04,0.0
11,4,2,3,False,0.44228908508750553,0.3460336295555191,1,qEHVI,0.58,0.24,0.08,0.0,0.04,0.0,0.0,0.0,0.0,0.0,0.0,0.0,0.0,0.02,0.04
11,4,2,3,False,0.44228908508750553,0.3460336295555191,2,qUCB,0.48,0.06,0.38,0.04,0.0,0.0,0.0,0.0,0.04,0.0,0.0,0.0,0.0,0.0,0.0
11,4,2,3,False,0.44228908508750553,0.3460336295555191,3,qUCB,0.0,0.0,1.0,0.0,0.0,0.0,0.0,0.0,0.0,0.0,0.0,0.0,0.0,0.0,0.0
11,4,2,3,False,0.44228908508750553,0.3460336295555191,4,qUCB,0.16,0.52,0.24,0.04,0.0,0.0,0.0,0.0,0.04,0.0,0.0,0.0,0.0,0.0,0.0
11,5,1,4,False,0.38077769618300494,0.24404126554985162,0,qEHVI,0.72,0.2,0.0,0.0,0.04,0.0,0.0,0.0,0.0,0.0,0.0,0.0,0.0,0.04,0.0
11,5,1,4,False,0.38077769618300494,0.24404126554985162,1,qUCB,0.46,0.06,0.38,0.04,0.0,0.0,0.0,0.0,0.0,0.0,0.0,0.02,0.0,0.0,0.04
11,5,1,4,False,0.38077769618300494,0.24404126554985162,2,qUCB,0.22,0.44,0.24,0.04,0.0,0.0,0.0,0.0,0.0,0.0,0.0,0.02,0.0,0.0,0.04
11,5,1,4,False,0.38077769618300494,0.24404126554985162,3,qUCB,0.0,0.0,1.0,0.0,0.0,0.0,0.0,0.0,0.0,0.0,0.0,0.0,0.0,0.0,0.0
11,5,1,4,False,0.38077769618300494,0.24404126554985162,4,qUCB,0.28,0.46,0.16,0.04,0.0,0.0,0.0,0.0,0.04,0.0,0.0,0.0,0.0,0.0,0.02
11,6,0,5,False,0.3958606398542261,0.6322716873233372,0,qUCB,0.6,0.0,0.38,0.0,0.0,0.0,0.0,0.0,0.02,0.0,0.0,0.0,0.0,0.0,0.0
11,6,0,5,False,0.3958606398542261,0.6322716873233372,1,qUCB,0.0,0.0,1.0,0.0,0.0,0.0,0.0,0.0,0.0,0.0,0.0,0.0,0.0,0.0,0.0
11,6,0,5,False,0.3958606398542261,0.6322716873233372,2,qUCB,0.66,0.3,0.0,0.0,0.0,0.0,0.0,0.0,0.0,0.0,0.0,0.0,0.0,0.0,0.04
11,6,0,5,False,0.3958606398542261,0.6322716873233372,3,qUCB,0.22,0.44,0.24,0.04,0.0,0.0,0.0,0.0,0.0,0.0,0.0,0.02,0.0,0.0,0.04
11,6,0,5,False,0.3958606398542261,0.6322716873233372,4,qUCB,0.52,0.26,0.2,0.0,0.0,0.0,0.0,0.0,0.0,0.0,0.0,0.0,0.0,0.0,0.02
12,1,5,0,False,1.1684316104098298,0.3442123132586099,0,qEHVI,0.52,0.28,0.1,0.0,0.04,0.0,0.0,0.0,0.0,0.0,0.0,0.02,0.0,0.0,0.04
12,1,5,0,False,1.1684316104098298,0.3442123132586099,1,qEHVI,0.4,0.2,0.32,0.04,0.0,0.0,0.0,0.0,0.0,0.0,0.0,0.0,0.0,0.02,0.02
12,1,5,0,False,1.1684316104098298,0.3442123132586099,2,qEHVI,0.7000000000000001,0.2,0.04,0.0,0.0,0.0,0.0,0.0,0.02,0.0,0.0,0.0,0.0,0.02,0.02
12,1,5,0,False,1.1684316104098298,0.3442123132586099,3,qEHVI,0.52,0.0,0.4,0.04,0.0,0.0,0.0,0.0,0.04,0.0,0.0,0.0,0.0,0.0,0.0
12,1,5,0,False,1.1684316104098298,0.3442123132586099,4,qEHVI,0.34,0.42,0.14,0.04,0.04,0.0,0.0,0.0,0.02,0.0,0.0,0.0,0.0,0.0,0.0
12,2,4,1,True,1.122131392935369,0.38066025305973117,0,qEHVI,0.52,0.28,0.1,0.0,0.04,0.0,0.0,0.0,0.0,0.0,0.0,0.02,0.0,0.0,0.04
12,2,4,1,True,1.122131392935369,0.38066025305973117,1,qEHVI,0.4,0.2,0.32,0.04,0.0,0.0,0.0,0.0,0.0,0.0,0.0,0.0,0.0,0.02,0.02
12,2,4,1,True,1.122131392935369,0.38066025305973117,2,qEHVI,0.7000000000000001,0.2,0.04,0.0,0.0,0.0,0.0,0.0,0.02,0.0,0.0,0.0,0.0,0.02,0.02
12,2,4,1,True,1.122131392935369,0.38066025305973117,3,qEHVI,0.52,0.0,0.4,0.04,0.0,0.0,0.0,0.0,0.04,0.0,0.0,0.0,0.0,0.0,0.0
12,2,4,1,True,1.122131392935369,0.38066025305973117,4,qUCB,0.52,0.0,0.38,0.0,0.04,0.0,0.0,0.0,0.0,0.0,0.0,0.02,0.0,0.04,0.0
12,3,3,2,False,1.033448955835201,0.6518383778976515,0,qEHVI,0.52,0.28,0.1,0.0,0.04,0.0,0.0,0.0,0.0,0.0,0.0,0.02,0.0,0.0,0.04
12,3,3,2,False,1.033448955835201,0.6518383778976515,1,qEHVI,0.4,0.2,0.32,0.04,0.0,0.0,0.0,0.0,0.0,0.0,0.0,0.0,0.0,0.02,0.02
12,3,3,2,False,1.033448955835201,0.6518383778976515,2,qEHVI,0.7000000000000001,0.2,0.04,0.0,0.0,0.0,0.0,0.0,0.02,0.0,0.0,0.0,0.0,0.02,0.02
12,3,3,2,False,1.033448955835201,0.6518383778976515,3,qUCB,0.52,0.0,0.38,0.0,0.04,0.0,0.0,0.0,0.0,0.0,0.0,0.02,0.0,0.04,0.0
12,3,3,2,False,1.033448955835201,0.6518383778976515,4,qUCB,0.34,0.48,0.1,0.0,0.04,0.0,0.0,0.0,0.0,0.0,0.0,0.0,0.0,0.04,0.0
12,4,2,3,False,0.7152486748034462,0.3513803943361862,0,qEHVI,0.52,0.28,0.1,0.0,0.04,0.0,0.0,0.0,0.0,0.0,0.0,0.02,0.0,0.0,0.04
12,4,2,3,False,0.7152486748034462,0.3513803943361862,1,qEHVI,0.4,0.2,0.32,0.04,0.0,0.0,0.0,0.0,0.0,0.0,0.0,0.0,0.0,0.02,0.02
12,4,2,3,False,0.7152486748034462,0.3513803943361862,2,qUCB,0.34,0.36,0.2,0.0,0.0,0.0,0.0,0.0,0.04,0.0,0.0,0.04,0.0,0.02,0.0
12,4,2,3,False,0.7152486748034462,0.3513803943361862,3,qUCB,0.26,0.52,0.12,0.0,0.0,0.0,0.0,0.0,0.04,0.0,0.0,0.04,0.0,0.02,0.0
12,4,2,3,False,0.7152486748034462,0.3513803943361862,4,qUCB,0.42,0.1,0.4,0.0,0.0,0.0,0.0,0.0,0.04,0.0,0.0,0.04,0.0,0.0,0.0
12,5,1,4,False,0.7770948364372992,0.06805570537534056,0,qEHVI,0.52,0.28,0.1,0.0,0.04,0.0,0.0,0.0,0.0,0.0,0.0,0.02,0.0,0.0,0.04
12,5,1,4,False,0.7770948364372992,0.06805570537534056,1,qUCB,0.52,0.0,0.4,0.04,0.0,0.0,0.0,0.0,0.04,0.0,0.0,0.0,0.0,0.0,0.0
12,5,1,4,False,0.7770948364372992,0.06805570537534056,2,qUCB,0.48,0.04,0.38,0.04,0.0,0.0,0.0,0.0,0.02,0.0,0.0,0.0,0.0,0.04,0.0
12,5,1,4,False,0.7770948364372992,0.06805570537534056,3,qUCB,0.26,0.64,0.0,0.04,0.0,0.0,0.0,0.0,0.04,0.0,0.0,0.0,0.0,0.02,0.0
12,5,1,4,False,0.7770948364372992,0.06805570537534056,4,qUCB,0.26,0.44,0.2,0.04,0.0,0.0,0.0,0.0,0.02,0.0,0.0,0.0,0.0,0.04,0.0
12,6,0,5,False,0.8663711665519281,0.2278773481113987,0,qUCB,0.56,0.0,0.42,0.0,0.0,0.0,0.0,0.0,0.02,0.0,0.0,0.0,0.0,0.0,0.0
12,6,0,5,False,0.8663711665519281,0.2278773481113987,1,qUCB,0.46,0.36,0.1,0.0,0.04,0.0,0.0,0.0,0.0,0.0,0.0,0.0,0.0,0.0,0.04
12,6,0,5,False,0.8663711665519281,0.2278773481113987,2,qUCB,0.52,0.0,0.4,0.04,0.0,0.0,0.0,0.0,0.04,0.0,0.0,0.0,0.0,0.0,0.0
12,6,0,5,False,0.8663711665519281,0.2278773481113987,3,qUCB,0.5,0.0,0.48,0.0,0.0,0.0,0.0,0.0,0.02,0.0,0.0,0.0,0.0,0.0,0.0
12,6,0,5,False,0.8663711665519281,0.2278773481113987,4,qUCB,0.36,0.44,0.1,0.04,0.02,0.0,0.0,0.0,0.0,0.0,0.0,0.0,0.0,0.0,0.04
13,1,5,0,True,0.5909627873660817,0.6813050859468177,0,qEHVI,0.34,0.28,0.28,0.04,0.0,0.0,0.0,0.0,0.02,0.0,0.0,0.0,0.0,0.0,0.04
13,1,5,0,True,0.5909627873660817,0.6813050859468177,1,qEHVI,0.64,0.24,0.02,0.0,0.0,0.0,0.0,0.0,0.04,0.0,0.0,0.0,0.0,0.02,0.04
13,1,5,0,True,0.5909627873660817,0.6813050859468177,2,qEHVI,0.52,0.28,0.1,0.0,0.02,0.0,0.0,0.0,0.0,0.0,0.0,0.02,0.0,0.02,0.04
13,1,5,0,True,0.5909627873660817,0.6813050859468177,3,qEHVI,0.36,0.26,0.3,0.02,0.02,0.0,0.0,0.0,0.0,0.0,0.0,0.0,0.0,0.0,0.04
13,1,5,0,True,0.5909627873660817,0.6813050859468177,4,qEHVI,0.56,0.32,0.02,0.0,0.02,0.0,0.0,0.0,0.0,0.0,0.0,0.04,0.0,0.0,0.04
13,2,4,1,False,0.5513574741471867,0.8936168740516433,0,qEHVI,0.34,0.28,0.28,0.04,0.0,0.0,0.0,0.0,0.02,0.0,0.0,0.0,0.0,0.0,0.04
13,2,4,1,False,0.5513574741471867,0.8936168740516433,1,qEHVI,0.64,0.24,0.02,0.0,0.0,0.0,0.0,0.0,0.04,0.0,0.0,0.0,0.0,0.02,0.04
13,2,4,1,False,0.5513574741471867,0.8936168740516433,2,qEHVI,0.52,0.28,0.1,0.0,0.02,0.0,0.0,0.0,0.0,0.0,0.0,0.02,0.0,0.02,0.04
13,2,4,1,False,0.5513574741471867,0.8936168740516433,3,qEHVI,0.36,0.26,0.3,0.02,0.02,0.0,0.0,0.0,0.0,0.0,0.0,0.0,0.0,0.0,0.04
13,2,4,1,False,0.5513574741471867,0.8936168740516433,4,qUCB,0.54,0.0,0.38,0.0,0.04,0.0,0.0,0.0,0.04,0.0,0.0,0.0,0.0,0.0,0.0
13,3,3,2,False,0.4910312511873857,0.2718907849662129,0,qEHVI,0.34,0.28,0.28,0.04,0.0,0.0,0.0,0.0,0.02,0.0,0.0,0.0,0.0,0.0,0.04
13,3,3,2,False,0.4910312511873857,0.2718907849662129,1,qEHVI,0.64,0.24,0.02,0.0,0.0,0.0,0.0,0.0,0.04,0.0,0.0,0.0,0.0,0.02,0.04
13,3,3,2,False,0.4910312511873857,0.2718907849662129,2,qEHVI,0.52,0.28,0.1,0.0,0.02,0.0,0.0,0.0,0.0,0.0,0.0,0.02,0.0,0.02,0.04
13,3,3,2,False,0.4910312511873857,0.2718907849662129,3,qUCB,0.54,0.0,0.38,0.0,0.04,0.0,0.0,0.0,0.04,0.0,0.0,0.0,0.0,0.0,0.0
13,3,3,2,False,0.4910312511873857,0.2718907849662129,4,qUCB,0.42,0.1,0.38,0.04,0.02,0.0,0.0,0.0,0.0,0.0,0.0,0.0,0.0,0.04,0.0
13,4,2,3,False,0.42944294954822626,0.5699801816449712,0,qEHVI,0.34,0.28,0.28,0.04,0.0,0.0,0.0,0.0,0.02,0.0,0.0,0.0,0.0,0.0,0.04
13,4,2,3,False,0.42944294954822626,0.5699801816449712,1,qEHVI,0.64,0.24,0.02,0.0,0.0,0.0,0.0,0.0,0.04,0.0,0.0,0.0,0.0,0.02,0.04
13,4,2,3,False,0.42944294954822626,0.5699801816449712,2,qUCB,0.5,0.36,0.06,0.0,0.04,0.0,0.0,0.0,0.0,0.0,0.0,0.04,0.0,0.0,0.0
13,4,2,3,False,0.42944294954822626,0.5699801816449712,3,qUCB,0.38,0.18,0.34,0.0,0.04,0.0,0.0,0.0,0.0,0.0,0.0,0.04,0.0,0.02,0.0
13,4,2,3,False,0.42944294954822626,0.5699801816449712,4,qUCB,0.46,0.02,0.44,0.0,0.04,0.0,0.0,0.0,0.0,0.0,0.0,0.04,0.0,0.0,0.0
13,5,1,4,False,0.31616853201859374,0.6438716759524459,0,qEHVI,0.34,0.28,0.28,0.04,0.0,0.0,0.0,0.0,0.02,0.0,0.0,0.0,0.0,0.0,0.04
13,5,1,4,False,0.31616853201859374,0.6438716759524459,1,qUCB,0.44,0.38,0.08,0.0,0.04,0.0,0.0,0.0,0.0,0.0,0.0,0.02,0.0,0.04,0.0
13,5,1,4,False,0.31616853201859374,0.6438716759524459,2,qUCB,0.46,0.04,0.4,0.0,0.04,0.0,0.0,0.0,0.0,0.0,0.0,0.02,0.0,0.04,0.0
13,5,1,4,False,0.31616853201859374,0.6438716759524459,3,qUCB,0.38,0.18,0.34,0.0,0.04,0.0,0.0,0.0,0.0,0.0,0.0,0.04,0.0,0.02,0.0
13,5,1,4,False,0.31616853201859374,0.6438716759524459,4,qUCB,0.6,0.22,0.08,0.0,0.04,0.0,0.0,0.0,0.0,0.0,0.0,0.02,0.0,0.04,0.0
13,6,0,5,False,0.19981996877965807,0.13245408656779034,0,qUCB,0.54,0.02,0.4,0.02,0.0,0.0,0.0,0.0,0.0,0.0,0.0,0.0,0.0,0.0,0.02
13,6,0,5,False,0.19981996877965807,0.13245408656779034,1,qUCB,0.62,0.0,0.36,0.0,0.0,0.0,0.0,0.0,0.0,0.0,0.0,0.0,0.0,0.0,0.02
13,6,0,5,False,0.19981996877965807,0.13245408656779034,2,qUCB,0.38,0.44,0.1,0.0,0.04,0.0,0.0,0.0,0.0,0.0,0.0,0.0,0.0,0.0,0.04
13,6,0,5,False,0.19981996877965807,0.13245408656779034,3,qUCB,0.42,0.1,0.38,0.04,0.02,0.0,0.0,0.0,0.0,0.0,0.0,0.0,0.0,0.04,0.0
13,6,0,5,False,0.19981996877965807,0.13245408656779034,4,qUCB,0.52,0.0,0.42,0.0,0.02,0.0,0.0,0.0,0.0,0.0,0.0,0.0,0.0,0.0,0.04
14,1,5,0,False,0.48058844949925517,0.7562193264891865,0,qEHVI,0.36,0.24,0.3,0.04,0.02,0.0,0.0,0.0,0.0,0.0,0.0,0.0,0.0,0.04,0.0
14,1,5,0,False,0.48058844949925517,0.7562193264891865,1,qEHVI,0.52,0.36,0.02,0.0,0.04,0.0,0.0,0.0,0.04,0.0,0.0,0.0,0.0,0.0,0.02
14,1,5,0,False,0.48058844949925517,0.7562193264891865,2,qEHVI,0.54,0.26,0.1,0.02,0.0,0.0,0.0,0.0,0.0,0.0,0.0,0.04,0.0,0.0,0.04
14,1,5,0,False,0.48058844949925517,0.7562193264891865,3,qEHVI,0.46,0.14,0.3,0.02,0.0,0.0,0.0,0.0,0.0,0.0,0.0,0.04,0.0,0.0,0.04
14,1,5,0,False,0.48058844949925517,0.7562193264891865,4,qEHVI,0.54,0.28,0.08,0.0,0.04,0.0,0.0,0.0,0.0,0.0,0.0,0.04,0.0,0.0,0.02
14,2,4,1,False,0.43552348151226844,0.4237971061856447,0,qEHVI,0.36,0.24,0.3,0.04,0.02,0.0,0.0,0.0,0.0,0.0,0.0,0.0,0.0,0.04,0.0
14,2,4,1,False,0.43552348151226844,0.4237971061856447,1,qEHVI,0.52,0.36,0.02,0.0,0.04,0.0,0.0,0.0,0.04,0.0,0.0,0.0,0.0,0.0,0.02
14,2,4,1,False,0.43552348151226844,0.4237971061856447,2,qEHVI,0.54,0.26,0.1,0.02,0.0,0.0,0.0,0.0,0.0,0.0,0.0,0.04,0.0,0.0,0.04
14,2,4,1,False,0.43552348151226844,0.4237971061856447,3,qEHVI,0.54,0.28,0.08,0.0,0.04,0.0,0.0,0.0,0.0,0.0,0.0,0.04,0.0,0.0,0.02
14,2,4,1,False,0.43552348151226844,0.4237971061856447,4,qUCB,0.52,0.0,0.38,0.0,0.0,0.0,0.0,0.0,0.04,0.0,0.0,0.02,0.0,0.04,0.0
14,3,3,2,True,0.40574001298517165,0.1148795261389064,0,qEHVI,0.36,0.24,0.3,0.04,0.02,0.0,0.0,0.0,0.0,0.0,0.0,0.0,0.0,0.04,0.0
14,3,3,2,True,0.40574001298517165,0.1148795261389064,1,qEHVI,0.52,0.36,0.02,0.0,0.04,0.0,0.0,0.0,0.04,0.0,0.0,0.0,0.0,0.0,0.02
14,3,3,2,True,0.40574001298517165,0.1148795261389064,2,qEHVI,0.54,0.26,0.1,0.02,0.0,0.0,0.0,0.0,0.0,0.0,0.0,0.04,0.0,0.0,0.04
14,3,3,2,True,0.40574001298517165,0.1148795261389064,3,qUCB,0.52,0.0,0.38,0.0,0.0,0.0,0.0,0.0,0.04,0.0,0.0,0.02,0.0,0.04,0.0
14,3,3,2,True,0.40574001298517165,0.1148795261389064,4,qUCB,0.44,0.0,0.46,0.0,0.04,0.0,0.0,0.0,0.0,0.0,0.0,0.04,0.0,0.02,0.0
14,4,2,3,False,0.35749606323911365,0.41346920505520895,0,qEHVI,0.36,0.24,0.3,0.04,0.02,0.0,0.0,0.0,0.0,0.0,0.0,0.0,0.0,0.04,0.0
14,4,2,3,False,0.35749606323911365,0.41346920505520895,1,qEHVI,0.52,0.36,0.02,0.0,0.04,0.0,0.0,0.0,0.04,0.0,0.0,0.0,0.0,0.0,0.02
14,4,2,3,False,0.35749606323911365,0.41346920505520895,2,qUCB,0.54,0.26,0.1,0.02,0.0,0.0,0.0,0.0,0.0,0.0,0.0,0.04,0.0,0.0,0.04
14,4,2,3,False,0.35749606323911365,0.41346920505520895,3,qUCB,0.44,0.08,0.38,0.0,0.0,0.0,0.0,0.0,0.0,0.0,0.0,0.04,0.0,0.02,0.04
14,4,2,3,False,0.35749606323911365,0.41346920505520895,4,qUCB,0.04,0.24,0.64,0.0,0.0,0.0,0.0,0.0,0.0,0.0,0.0,0.04,0.0,0.0,0.04
14,5,1,4,False,0.22453739865245217,0.3093429424975056,0,qEHVI,0.36,0.24,0.3,0.04,0.02,0.0,0.0,0.0,0.0,0.0,0.0,0.0,0.0,0.04,0.0
14,5,1,4,False,0.22453739865245217,0.3093429424975056,1,qUCB,0.54,0.34,0.02,0.0,0.0,0.0,0.0,0.0,0.04,0.0,0.0,0.04,0.0,0.0,0.02
14,5,1,4,False,0.22453739865245217,0.3093429424975056,2,qUCB,0.3,0.48,0.12,0.0,0.0,0.0,0.0,0.0,0.02,0.0,0.0,0.04,0.0,0.0,0.04
14,5,1,4,False,0.22453739865245217,0.3093429424975056,3,qUCB,0.36,0.02,0.52,0.0,0.0,0.0,0.0,0.0,0.04,0.0,0.0,0.04,0.0,0.0,0.02
14,5,1,4,False,0.22453739865245217,0.3093429424975056,4,qUCB,0.4,0.14,0.36,0.0,0.0,0.0,0.0,0.0,0.02,0.0,0.0,0.04,0.0,0.0,0.04
14,6,0,5,False,0.1608400248299039,0.41082135091045746,0,qUCB,0.54,0.0,0.4,0.0,0.0,0.0,0.0,0.0,0.02,0.0,0.0,0.04,0.0,0.0,0.0
14,6,0,5,False,0.1608400248299039,0.41082135091045746,1,qUCB,0.22,0.5,0.18,0.04,0.0,0.0,0.0,0.0,0.0,0.0,0.0,0.0,0.0,0.04,0.02
14,6,0,5,False,0.1608400248299039,0.41082135091045746,2,qUCB,0.44,0.0,0.46,0.0,0.04,0.0,0.0,0.0,0.0,0.0,0.0,0.04,0.0,0.02,0.0
14,6,0,5,False,0.1608400248299039,0.41082135091045746,3,qUCB,0.36,0.54,0.0,0.04,0.0,0.0,0.0,0.0,0.0,0.0,0.0,0.04,0.0,0.02,0.0
14,6,0,5,False,0.1608400248299039,0.41082135091045746,4,qUCB,0.34,0.2,0.36,0.04,0.0,0.0,0.0,0.0,0.02,0.0,0.0,0.04,0.0,0.0,0.0
15,1,5,0,True,0.5032739608161799,0.213284455909724,0,qEHVI,0.44,0.18,0.3,0.02,0.0,0.0,0.0,0.0,0.0,0.0,0.0,0.02,0.0,0.04,0.0
15,1,5,0,True,0.5032739608161799,0.213284455909724,1,qEHVI,0.62,0.24,0.04,0.0,0.0,0.0,0.0,0.0,0.0,0.0,0.0,0.04,0.0,0.04,0.02
15,1,5,0,True,0.5032739608161799,0.213284455909724,2,qEHVI,0.54,0.32,0.08,0.02,0.0,0.0,0.0,0.0,0.0,0.0,0.0,0.04,0.0,0.0,0.0
15,1,5,0,True,0.5032739608161799,0.213284455909724,3,qEHVI,0.36,0.24,0.3,0.02,0.02,0.0,0.0,0.0,0.02,0.0,0.0,0.04,0.0,0.0,0.0
15,1,5,0,True,0.5032739608161799,0.213284455909724,4,qEHVI,0.46,0.32,0.12,0.04,0.0,0.0,0.0,0.0,0.0,0.0,0.0,0.04,0.0,0.0,0.02
15,2,4,1,False,0.45575098100573014,0.4557088387830799,0,qEHVI,0.44,0.18,0.3,0.02,0.0,0.0,0.0,0.0,0.0,0.0,0.0,0.02,0.0,0.04,0.0
15,2,4,1,False,0.45575098100573014,0.4557088387830799,1,qEHVI,0.62,0.24,0.04,0.0,0.0,0.0,0.0,0.0,0.0,0.0,0.0,0.04,0.0,0.04,0.02
15,2,4,1,False,0.45575098100573014,0.4557088387830799,2,qEHVI,0.54,0.32,0.08,0.02,0.0,0.0,0.0,0.0,0.0,0.0,0.0,0.04,0.0,0.0,0.0
15,2,4,1,False,0.45575098100573014,0.4557088387830799,3,qEHVI,0.62,0.24,0.08,0.0,0.0,0.0,0.0,0.0,0.0,0.0,0.0,0.04,0.0,0.0,0.02
15,2,4,1,False,0.45575098100573014,0.4557088387830799,4,qUCB,0.36,0.32,0.22,0.02,0.04,0.0,0.0,0.0,0.04,0.0,0.0,0.0,0.0,0.0,0.0
15,3,3,2,False,0.4094178138640993,0.46650414579287425,0,qEHVI,0.44,0.18,0.3,0.02,0.0,0.0,0.0,0.0,0.0,0.0,0.0,0.02,0.0,0.04,0.0
15,3,3,2,False,0.4094178138640993,0.46650414579287425,1,qEHVI,0.62,0.24,0.04,0.0,0.0,0.0,0.0,0.0,0.0,0.0,0.0,0.04,0.0,0.04,0.02
15,3,3,2,False,0.4094178138640993,0.46650414579287425,2,qEHVI,0.54,0.32,0.08,0.02,0.0,0.0,0.0,0.0,0.0,0.0,0.0,0.04,0.0,0.0,0.0
15,3,3,2,False,0.4094178138640993,0.46650414579287425,3,qUCB,0.56,0.0,0.36,0.0,0.04,0.0,0.0,0.0,0.0,0.0,0.0,0.0,0.0,0.0,0.04
15,3,3,2,False,0.4094178138640993,0.46650414579287425,4,qUCB,0.28,0.44,0.18,0.0,0.02,0.0,0.0,0.0,0.04,0.0,0.0,0.0,0.0,0.0,0.04
15,4,2,3,False,0.2981236675962648,0.43817178192388395,0,qEHVI,0.44,0.18,0.3,0.02,0.0,0.0,0.0,0.0,0.0,0.0,0.0,0.02,0.0,0.04,0.0
15,4,2,3,False,0.2981236675962648,0.43817178192388395,1,qEHVI,0.62,0.24,0.04,0.0,0.0,0.0,0.0,0.0,0.0,0.0,0.0,0.04,0.0,0.04,0.02
15,4,2,3,False,0.2981236675962648,0.43817178192388395,2,qUCB,0.56,0.0,0.36,0.0,0.04,0.0,0.0,0.0,0.0,0.0,0.0,0.0,0.0,0.0,0.04
15,4,2,3,False,0.2981236675962648,0.43817178192388395,3,qUCB,0.28,0.44,0.18,0.0,0.02,0.0,0.0,0.0,0.04,0.0,0.0,0.0,0.0,0.0,0.04
15,4,2,3,False,0.2981236675962648,0.43817178192388395,4,qUCB,0.24,0.4,0.26,0.0,0.02,0.0,0.0,0.0,0.04,0.0,0.0,0.0,0.0,0.0,0.04
15,5,1,4,False,0.2283650519980744,0.5473628325537341,0,qEHVI,0.44,0.18,0.3,0.02,0.0,0.0,0.0,0.0,0.0,0.0,0.0,0.02,0.0,0.04,0.0
15,5,1,4,False,0.2283650519980744,0.5473628325537341,1,qUCB,0.56,0.0,0.36,0.0,0.04,0.0,0.0,0.0,0.0,0.0,0.0,0.0,0.0,0.0,0.04
15,5,1,4,False,0.2283650519980744,0.5473628325537341,2,qUCB,0.28,0.44,0.18,0.0,0.02,0.0,0.0,0.0,0.04,0.0,0.0,0.0,0.0,0.0,0.04
15,5,1,4,False,0.2283650519980744,0.5473628325537341,3,qUCB,0.24,0.4,0.26,0.0,0.02,0.0,0.0,0.0,0.04,0.0,0.0,0.0,0.0,0.0,0.04
15,5,1,4,False,0.2283650519980744,0.5473628325537341,4,qUCB,0.44,0.24,0.22,0.0,0.04,0.0,0.0,0.0,0.02,0.0,0.0,0.0,0.0,0.0,0.04
15,6,0,5,False,0.30239953747228826,0.20139349359868897,0,qUCB,0.54,0.32,0.04,0.0,0.0,0.0,0.0,0.0,0.0,0.0,0.0,0.04,0.0,0.02,0.04
15,6,0,5,False,0.30239953747228826,0.20139349359868897,1,qUCB,0.56,0.3,0.04,0.04,0.0,0.0,0.0,0.0,0.0,0.0,0.0,0.04,0.0,0.02,0.0
15,6,0,5,False,0.30239953747228826,0.20139349359868897,2,qUCB,0.24,0.48,0.2,0.04,0.0,0.0,0.0,0.0,0.0,0.0,0.0,0.0,0.0,0.0,0.04
15,6,0,5,False,0.30239953747228826,0.20139349359868897,3,qUCB,0.0,0.28,0.62,0.0,0.02,0.0,0.0,0.0,0.0,0.0,0.0,0.04,0.0,0.04,0.0
15,6,0,5,False,0.30239953747228826,0.20139349359868897,4,qUCB,0.38,0.26,0.26,0.04,0.02,0.0,0.0,0.0,0.0,0.0,0.0,0.04,0.0,0.0,0.0
16,1,5,0,True,0.4668405286092644,0.5058420904834993,0,qEHVI,0.44,0.16,0.3,0.02,0.04,0.0,0.0,0.0,0.0,0.0,0.0,0.02,0.0,0.0,0.02
16,1,5,0,True,0.4668405286092644,0.5058420904834993,1,qEHVI,0.64,0.24,0.02,0.0,0.0,0.0,0.0,0.0,0.04,0.0,0.0,0.02,0.0,0.02,0.02
16,1,5,0,True,0.4668405286092644,0.5058420904834993,2,qEHVI,0.54,0.3,0.06,0.0,0.0,0.0,0.0,0.0,0.0,0.0,0.0,0.04,0.0,0.04,0.02
16,1,5,0,True,0.4668405286092644,0.5058420904834993,3,qEHVI,0.58,0.26,0.06,0.04,0.0,0.0,0.0,0.0,0.0,0.0,0.0,0.04,0.0,0.0,0.02
16,1,5,0,True,0.4668405286092644,0.5058420904834993,4,qEHVI,0.44,0.14,0.32,0.02,0.02,0.0,0.0,0.0,0.0,0.0,0.0,0.04,0.0,0.02,0.0
16,2,4,1,False,0.39469384730927065,0.15455314231284056,0,qEHVI,0.44,0.16,0.3,0.02,0.04,0.0,0.0,0.0,0.0,0.0,0.0,0.02,0.0,0.0,0.02
16,2,4,1,False,0.39469384730927065,0.15455314231284056,1,qEHVI,0.64,0.24,0.02,0.0,0.0,0.0,0.0,0.0,0.04,0.0,0.0,0.02,0.0,0.02,0.02
16,2,4,1,False,0.39469384730927065,0.15455314231284056,2,qEHVI,0.54,0.3,0.06,0.0,0.0,0.0,0.0,0.0,0.0,0.0,0.0,0.04,0.0,0.04,0.02
16,2,4,1,False,0.39469384730927065,0.15455314231284056,3,qEHVI,0.58,0.26,0.06,0.04,0.0,0.0,0.0,0.0,0.0,0.0,0.0,0.04,0.0,0.0,0.02
16,2,4,1,False,0.39469384730927065,0.15455314231284056,4,qUCB,0.46,0.08,0.38,0.04,0.0,0.0,0.0,0.0,0.0,0.0,0.0,0.0,0.0,0.04,0.0
16,3,3,2,False,0.35214234423577623,0.2954213635290355,0,qEHVI,0.44,0.16,0.3,0.02,0.04,0.0,0.0,0.0,0.0,0.0,0.0,0.02,0.0,0.0,0.02
16,3,3,2,False,0.35214234423577623,0.2954213635290355,1,qEHVI,0.64,0.24,0.02,0.0,0.0,0.0,0.0,0.0,0.04,0.0,0.0,0.02,0.0,0.02,0.02
16,3,3,2,False,0.35214234423577623,0.2954213635290355,2,qEHVI,0.54,0.3,0.06,0.0,0.0,0.0,0.0,0.0,0.0,0.0,0.0,0.04,0.0,0.04,0.02
16,3,3,2,False,0.35214234423577623,0.2954213635290355,3,qUCB,0.46,0.08,0.38,0.04,0.0,0.0,0.0,0.0,0.0,0.0,0.0,0.0,0.0,0.04,0.0
16,3,3,2,False,0.35214234423577623,0.2954213635290355,4,qUCB,0.24,0.44,0.22,0.04,0.0,0.0,0.0,0.0,0.02,0.0,0.0,0.0,0.0,0.04,0.0
16,4,2,3,False,0.24731765767460198,0.5946073755910672,0,qEHVI,0.44,0.16,0.3,0.02,0.04,0.0,0.0,0.0,0.0,0.0,0.0,0.02,0.0,0.0,0.02
16,4,2,3,False,0.24731765767460198,0.5946073755910672,1,qEHVI,0.64,0.24,0.02,0.0,0.0,0.0,0.0,0.0,0.04,0.0,0.0,0.02,0.0,0.02,0.02
16,4,2,3,False,0.24731765767460198,0.5946073755910672,2,qUCB,0.46,0.08,0.38,0.04,0.0,0.0,0.0,0.0,0.0,0.0,0.0,0.0,0.0,0.04,0.0
16,4,2,3,False,0.24731765767460198,0.5946073755910672,3,qUCB,0.28,0.4,0.22,0.04,0.0,0.0,0.0,0.0,0.0,0.0,0.0,0.0,0.0,0.04,0.02
16,4,2,3,False,0.24731765767460198,0.5946073755910672,4,qUCB,0.0,0.3,0.64,0.0,0.0,0.0,0.0,0.0,0.0,0.0,0.0,0.04,0.0,0.02,0.0
16,5,1,4,False,0.23313760249243887,0.2803167176882074,0,qEHVI,0.44,0.16,0.3,0.02,0.04,0.0,0.0,0.0,0.0,0.0,0.0,0.02,0.0,0.0,0.02
16,5,1,4,False,0.23313760249243887,0.2803167176882074,1,qUCB,0.6,0.22,0.08,0.0,0.0,0.0,0.0,0.0,0.04,0.0,0.0,0.02,0.0,0.04,0.0
16,5,1,4,False,0.23313760249243887,0.2803167176882074,2,qUCB,0.26,0.44,0.22,0.0,0.0,0.0,0.0,0.0,0.04,0.0,0.0,0.0,0.0,0.04,0.0
16,5,1,4,False,0.23313760249243887,0.2803167176882074,3,qUCB,0.68,0.22,0.0,0.0,0.0,0.0,0.0,0.0,0.04,0.0,0.0,0.04,0.0,0.02,0.0
16,5,1,4,False,0.23313760249243887,0.2803167176882074,4,qUCB,0.0,0.3,0.64,0.0,0.0,0.0,0.0,0.0,0.0,0.0,0.0,0.04,0.0,0.02,0.0
16,6,0,5,False,0.21520670137941006,0.26101453337361225,0,qUCB,0.56,0.3,0.04,0.0,0.0,0.0,0.0,0.0,0.0,0.0,0.0,0.04,0.0,0.02,0.04
16,6,0,5,False,0.21520670137941006,0.26101453337361225,1,qUCB,0.44,0.1,0.38,0.04,0.0,0.0,0.0,0.0,0.0,0.0,0.0,0.04,0.0,0.0,0.0
16,6,0,5,False,0.21520670137941006,0.26101453337361225,2,qUCB,0.0,0.3,0.64,0.0,0.0,0.0,0.0,0.0,0.0,0.0,0.0,0.04,0.0,0.02,0.0
16,6,0,5,False,0.21520670137941006,0.26101453337361225,3,qUCB,0.58,0.28,0.04,0.04,0.02,0.0,0.0,0.0,0.0,0.0,0.0,0.04,0.0,0.0,0.0
16,6,0,5,False,0.21520670137941006,0.26101453337361225,4,qUCB,0.26,0.46,0.18,0.04,0.02,0.0,0.0,0.0,0.0,0.0,0.0,0.0,0.0,0.02,0.02
17,1,5,0,False,0.3886026818386696,0.4768905698370567,0,qEHVI,0.42,0.18,0.3,0.02,0.0,0.0,0.0,0.0,0.02,0.0,0.0,0.04,0.0,0.02,0.0
17,1,5,0,False,0.3886026818386696,0.4768905698370567,1,qEHVI,0.44,0.16,0.32,0.02,0.0,0.0,0.0,0.0,0.0,0.0,0.0,0.04,0.0,0.0,0.02
17,1,5,0,False,0.3886026818386696,0.4768905698370567,2,qEHVI,0.54,0.28,0.08,0.0,0.04,0.0,0.0,0.0,0.02,0.0,0.0,0.04,0.0,0.0,0.0
17,1,5,0,False,0.3886026818386696,0.4768905698370567,3,qEHVI,0.64,0.0,0.32,0.0,0.02,0.0,0.0,0.0,0.0,0.0,0.0,0.0,0.0,0.0,0.02
17,1,5,0,False,0.3886026818386696,0.4768905698370567,4,qEHVI,0.5,0.14,0.3,0.0,0.0,0.0,0.0,0.0,0.02,0.0,0.0,0.04,0.0,0.0,0.0
17,2,4,1,False,0.37292212462012075,0.3394677319281101,0,qEHVI,0.42,0.18,0.3,0.02,0.0,0.0,0.0,0.0,0.02,0.0,0.0,0.04,0.0,0.02,0.0
17,2,4,1,False,0.37292212462012075,0.3394677319281101,1,qEHVI,0.44,0.16,0.32,0.02,0.0,0.0,0.0,0.0,0.0,0.0,0.0,0.04,0.0,0.0,0.02
17,2,4,1,False,0.37292212462012075,0.3394677319281101,2,qEHVI,0.54,0.28,0.08,0.0,0.04,0.0,0.0,0.0,0.02,0.0,0.0,0.04,0.0,0.0,0.0
17,2,4,1,False,0.37292212462012075,0.3394677319281101,3,qEHVI,0.64,0.0,0.32,0.0,0.02,0.0,0.0,0.0,0.0,0.0,0.0,0.0,0.0,0.0,0.02
17,2,4,1,False,0.37292212462012075,0.3394677319281101,4,qUCB,0.22,0.46,0.22,0.04,0.04,0.0,0.0,0.0,0.0,0.0,0.0,0.0,0.0,0.02,0.0
17,3,3,2,False,0.2927651025499548,0.4235312422525732,0,qEHVI,0.42,0.18,0.3,0.02,0.0,0.0,0.0,0.0,0.02,0.0,0.0,0.04,0.0,0.02,0.0
17,3,3,2,False,0.2927651025499548,0.4235312422525732,1,qEHVI,0.44,0.16,0.32,0.02,0.0,0.0,0.0,0.0,0.0,0.0,0.0,0.04,0.0,0.0,0.02
17,3,3,2,False,0.2927651025499548,0.4235312422525732,2,qEHVI,0.54,0.28,0.08,0.0,0.04,0.0,0.0,0.0,0.02,0.0,0.0,0.04,0.0,0.0,0.0
17,3,3,2,False,0.2927651025499548,0.4235312422525732,3,qUCB,0.42,0.12,0.36,0.0,0.02,0.0,0.0,0.0,0.0,0.0,0.0,0.0,0.0,0.04,0.04
17,3,3,2,False,0.2927651025499548,0.4235312422525732,4,qUCB,0.0,0.26,0.64,0.0,0.02,0.0,0.0,0.0,0.0,0.0,0.0,0.0,0.0,0.04,0.04
17,4,2,3,True,0.24490209222136766,0.5456541415920162,0,qEHVI,0.42,0.18,0.3,0.02,0.0,0.0,0.0,0.0,0.02,0.0,0.0,0.04,0.0,0.02,0.0
17,4,2,3,True,0.24490209222136766,0.5456541415920162,1,qEHVI,0.44,0.16,0.32,0.02,0.0,0.0,0.0,0.0,0.0,0.0,0.0,0.04,0.0,0.0,0.02
17,4,2,3,True,0.24490209222136766,0.5456541415920162,2,qUCB,0.5,0.06,0.34,0.0,0.04,0.0,0.0,0.0,0.0,0.0,0.0,0.0,0.0,0.04,0.02
17,4,2,3,True,0.24490209222136766,0.5456541415920162,3,qUCB,0.0,0.26,0.64,0.0,0.02,0.0,0.0,0.0,0.0,0.0,0.0,0.0,0.0,0.04,0.04
17,4,2,3,True,0.24490209222136766,0.5456541415920162,4,qUCB,0.34,0.18,0.38,0.0,0.04,0.0,0.0,0.0,0.0,0.0,0.0,0.0,0.0,0.04,0.02
17,5,1,4,False,0.19459251138994108,0.2241828827126362,0,qEHVI,0.42,0.18,0.3,0.02,0.0,0.0,0.0,0.0,0.02,0.0,0.0,0.04,0.0,0.02,0.0
17,5,1,4,False,0.19459251138994108,0.2241828827126362,1,qUCB,0.5,0.02,0.38,0.0,0.04,0.0,0.0,0.0,0.02,0.0,0.0,0.0,0.0,0.0,0.04
17,5,1,4,False,0.19459251138994108,0.2241828827126362,2,qUCB,0.38,0.18,0.36,0.0,0.04,0.0,0.0,0.0,0.0,0.0,0.0,0.0,0.0,0.0,0.04
17,5,1,4,False,0.19459251138994108,0.2241828827126362,3,qUCB,0.32,0.46,0.14,0.0,0.04,0.0,0.0,0.0,0.0,0.0,0.0,0.0,0.0,0.0,0.04
17,5,1,4,False,0.19459251138994108,0.2241828827126362,4,qUCB,0.0,0.26,0.64,0.0,0.02,0.0,0.0,0.0,0.0,0.0,0.0,0.0,0.0,0.04,0.04
17,6,0,5,False,0.0771961303058548,0.1340587507101727,0,qUCB,0.52,0.0,0.38,0.0,0.04,0.0,0.0,0.0,0.0,0.0,0.0,0.04,0.0,0.0,0.02
17,6,0,5,False,0.0771961303058548,0.1340587507101727,1,qUCB,0.36,0.16,0.38,0.04,0.0,0.0,0.0,0.0,0.0,0.0,0.0,0.04,0.0,0.0,0.02
17,6,0,5,False,0.0771961303058548,0.1340587507101727,2,qUCB,0.0,0.32,0.64,0.0,0.02,0.0,0.0,0.0,0.0,0.0,0.0,0.0,0.0,0.0,0.02
17,6,0,5,False,0.0771961303058548,0.1340587507101727,3,qUCB,0.26,0.48,0.18,0.04,0.0,0.0,0.0,0.0,0.0,0.0,0.0,0.0,0.0,0.02,0.02
17,6,0,5,False,0.0771961303058548,0.1340587507101727,4,qUCB,0.28,0.62,0.0,0.04,0.02,0.0,0.0,0.0,0.0,0.0,0.0,0.04,0.0,0.0,0.0
18,1,5,0,True,1.6350045280499776,0.6892899606125793,0,qEHVI,0.38,0.22,0.32,0.02,0.0,0.0,0.0,0.0,0.0,0.0,0.0,0.02,0.0,0.04,0.0
18,1,5,0,True,1.6350045280499776,0.6892899606125793,1,qEHVI,0.42,0.14,0.36,0.04,0.0,0.0,0.0,0.0,0.0,0.0,0.0,0.04,0.0,0.0,0.0
18,1,5,0,True,1.6350045280499776,0.6892899606125793,2,qEHVI,0.24,0.48,0.18,0.04,0.0,0.0,0.0,0.0,0.02,0.0,0.0,0.04,0.0,0.0,0.0
18,1,5,0,True,1.6350045280499776,0.6892899606125793,3,qEHVI,0.36,0.2,0.34,0.0,0.0,0.0,0.0,0.0,0.02,0.0,0.0,0.04,0.0,0.04,0.0
18,1,5,0,True,1.6350045280499776,0.6892899606125793,4,qEHVI,0.32,0.28,0.32,0.02,0.0,0.0,0.0,0.0,0.0,0.0,0.0,0.04,0.0,0.02,0.0
18,2,4,1,False,1.5017220715678583,0.09092538531408323,0,qEHVI,0.38,0.22,0.32,0.02,0.0,0.0,0.0,0.0,0.0,0.0,0.0,0.02,0.0,0.04,0.0
18,2,4,1,False,1.5017220715678583,0.09092538531408323,1,qEHVI,0.42,0.14,0.36,0.04,0.0,0.0,0.0,0.0,0.0,0.0,0.0,0.04,0.0,0.0,0.0
18,2,4,1,False,1.5017220715678583,0.09092538531408323,2,qEHVI,0.32,0.28,0.32,0.02,0.0,0.0,0.0,0.0,0.0,0.0,0.0,0.04,0.0,0.02,0.0
18,2,4,1,False,1.5017220715678583,0.09092538531408323,3,qEHVI,0.24,0.48,0.18,0.04,0.0,0.0,0.0,0.0,0.02,0.0,0.0,0.04,0.0,0.0,0.0
18,2,4,1,False,1.5017220715678583,0.09092538531408323,4,qUCB,0.36,0.16,0.38,0.0,0.04,0.0,0.0,0.0,0.04,0.0,0.0,0.0,0.0,0.0,0.02
18,3,3,2,False,1.3423017082233468,0.2695625899796621,0,qEHVI,0.38,0.22,0.32,0.02,0.0,0.0,0.0,0.0,0.0,0.0,0.0,0.02,0.0,0.04,0.0
18,3,3,2,False,1.3423017082233468,0.2695625899796621,1,qEHVI,0.42,0.14,0.36,0.04,0.0,0.0,0.0,0.0,0.0,0.0,0.0,0.04,0.0,0.0,0.0
18,3,3,2,False,1.3423017082233468,0.2695625899796621,2,qEHVI,0.32,0.28,0.32,0.02,0.0,0.0,0.0,0.0,0.0,0.0,0.0,0.04,0.0,0.02,0.0
18,3,3,2,False,1.3423017082233468,0.2695625899796621,3,qUCB,0.36,0.16,0.38,0.0,0.04,0.0,0.0,0.0,0.04,0.0,0.0,0.0,0.0,0.0,0.02
18,3,3,2,False,1.3423017082233468,0.2695625899796621,4,qUCB,0.32,0.22,0.36,0.0,0.02,0.0,0.0,0.0,0.04,0.0,0.0,0.0,0.0,0.0,0.04
18,4,2,3,False,1.157375798986534,0.22223831495756752,0,qEHVI,0.38,0.22,0.32,0.02,0.0,0.0,0.0,0.0,0.0,0.0,0.0,0.02,0.0,0.04,0.0
18,4,2,3,False,1.157375798986534,0.22223831495756752,1,qEHVI,0.42,0.14,0.36,0.04,0.0,0.0,0.0,0.0,0.0,0.0,0.0,0.04,0.0,0.0,0.0
18,4,2,3,False,1.157375798986534,0.22223831495756752,2,qUCB,0.36,0.16,0.38,0.0,0.04,0.0,0.0,0.0,0.04,0.0,0.0,0.0,0.0,0.0,0.02
18,4,2,3,False,1.157375798986534,0.22223831495756752,3,qUCB,0.32,0.22,0.36,0.0,0.02,0.0,0.0,0.0,0.04,0.0,0.0,0.0,0.0,0.0,0.04
18,4,2,3,False,1.157375798986534,0.22223831495756752,4,qUCB,0.26,0.48,0.16,0.0,0.04,0.0,0.0,0.0,0.02,0.0,0.0,0.0,0.0,0.0,0.04
18,5,1,4,False,0.8525852660764663,0.1995744428879247,0,qEHVI,0.38,0.22,0.32,0.02,0.0,0.0,0.0,0.0,0.0,0.0,0.0,0.02,0.0,0.04,0.0
18,5,1,4,False,0.8525852660764663,0.1995744428879247,1,qUCB,0.36,0.16,0.38,0.0,0.04,0.0,0.0,0.0,0.04,0.0,0.0,0.0,0.0,0.0,0.02
18,5,1,4,False,0.8525852660764663,0.1995744428879247,2,qUCB,0.26,0.48,0.16,0.0,0.04,0.0,0.0,0.0,0.02,0.0,0.0,0.0,0.0,0.0,0.04
18,5,1,4,False,0.8525852660764663,0.1995744428879247,3,qUCB,0.32,0.22,0.36,0.0,0.02,0.0,0.0,0.0,0.04,0.0,0.0,0.0,0.0,0.0,0.04
18,5,1,4,False,0.8525852660764663,0.1995744428879247,4,qUCB,0.46,0.06,0.4,0.0,0.0,0.0,0.0,0.0,0.04,0.0,0.0,0.0,0.0,0.0,0.04
18,6,0,5,False,1.0142158471818028,0.2807339404664573,0,qUCB,0.42,0.14,0.36,0.04,0.0,0.0,0.0,0.0,0.0,0.0,0.0,0.04,0.0,0.0,0.0
18,6,0,5,False,1.0142158471818028,0.2807339404664573,1,qUCB,0.46,0.14,0.36,0.0,0.0,0.0,0.0,0.0,0.0,0.0,0.0,0.02,0.0,0.02,0.0
18,6,0,5,False,1.0142158471818028,0.2807339404664573,2,qUCB,0.22,0.5,0.18,0.04,0.0,0.0,0.0,0.0,0.04,0.0,0.0,0.0,0.0,0.0,0.02
18,6,0,5,False,1.0142158471818028,0.2807339404664573,3,qUCB,0.36,0.16,0.38,0.04,0.02,0.0,0.0,0.0,0.0,0.0,0.0,0.0,0.0,0.04,0.0
18,6,0,5,False,1.0142158471818028,0.2807339404664573,4,qUCB,0.4,0.12,0.38,0.02,0.04,0.0,0.0,0.0,0.0,0.0,0.0,0.04,0.0,0.0,0.0
19,1,5,0,False,1.2668671527256377,0.32274668927360217,0,qEHVI,0.34,0.3,0.32,0.04,0.0,0.0,0.0,0.0,0.0,0.0,0.0,0.0,0.0,0.0,0.0
19,1,5,0,False,1.2668671527256377,0.32274668927360217,1,qEHVI,0.48,0.02,0.48,0.02,0.0,0.0,0.0,0.0,0.0,0.0,0.0,0.0,0.0,0.0,0.0
19,1,5,0,False,1.2668671527256377,0.32274668927360217,2,qEHVI,0.44,0.1,0.36,0.02,0.0,0.0,0.0,0.0,0.0,0.0,0.0,0.04,0.0,0.04,0.0
19,1,5,0,False,1.2668671527256377,0.32274668927360217,3,qEHVI,0.34,0.26,0.3,0.0,0.02,0.0,0.0,0.0,0.0,0.0,0.0,0.0,0.0,0.04,0.04
19,1,5,0,False,1.2668671527256377,0.32274668927360217,4,qEHVI,0.36,0.22,0.32,0.0,0.0,0.0,0.0,0.0,0.0,0.0,0.0,0.02,0.0,0.04,0.04
19,2,4,1,True,1.1423188900462562,0.4520455794378586,0,qEHVI,0.34,0.3,0.32,0.04,0.0,0.0,0.0,0.0,0.0,0.0,0.0,0.0,0.0,0.0,0.0
19,2,4,1,True,1.1423188900462562,0.4520455794378586,1,qEHVI,0.48,0.02,0.48,0.02,0.0,0.0,0.0,0.0,0.0,0.0,0.0,0.0,0.0,0.0,0.0
19,2,4,1,True,1.1423188900462562,0.4520455794378586,2,qEHVI,0.44,0.1,0.36,0.02,0.0,0.0,0.0,0.0,0.0,0.0,0.0,0.04,0.0,0.04,0.0
19,2,4,1,True,1.1423188900462562,0.4520455794378586,3,qEHVI,0.34,0.26,0.3,0.0,0.02,0.0,0.0,0.0,0.0,0.0,0.0,0.0,0.0,0.04,0.04
19,2,4,1,True,1.1423188900462562,0.4520455794378586,4,qUCB,0.52,0.3,0.08,0.0,0.04,0.0,0.0,0.0,0.04,0.0,0.0,0.02,0.0,0.0,0.0
19,3,3,2,False,0.9694226728866238,0.37416549951014066,0,qEHVI,0.34,0.3,0.32,0.04,0.0,0.0,0.0,0.0,0.0,0.0,0.0,0.0,0.0,0.0,0.0
19,3,3,2,False,0.9694226728866238,0.37416549951014066,1,qEHVI,0.48,0.02,0.48,0.02,0.0,0.0,0.0,0.0,0.0,0.0,0.0,0.0,0.0,0.0,0.0
19,3,3,2,False,0.9694226728866238,0.37416549951014066,2,qEHVI,0.44,0.1,0.36,0.02,0.0,0.0,0.0,0.0,0.0,0.0,0.0,0.04,0.0,0.04,0.0
19,3,3,2,False,0.9694226728866238,0.37416549951014066,3,qUCB,0.4,0.42,0.08,0.0,0.04,0.0,0.0,0.0,0.04,0.0,0.0,0.0,0.0,0.0,0.02
19,3,3,2,False,0.9694226728866238,0.37416549951014066,4,qUCB,0.0,0.8200000000000001,0.08,0.0,0.04,0.0,0.0,0.0,0.04,0.0,0.0,0.0,0.0,0.0,0.02
19,4,2,3,False,0.7543346421803288,0.6209238026173747,0,qEHVI,0.34,0.3,0.32,0.04,0.0,0.0,0.0,0.0,0.0,0.0,0.0,0.0,0.0,0.0,0.0
19,4,2,3,False,0.7543346421803288,0.6209238026173747,1,qEHVI,0.48,0.02,0.48,0.02,0.0,0.0,0.0,0.0,0.0,0.0,0.0,0.0,0.0,0.0,0.0
19,4,2,3,False,0.7543346421803288,0.6209238026173747,2,qUCB,0.52,0.32,0.06,0.0,0.0,0.0,0.0,0.0,0.02,0.0,0.0,0.0,0.0,0.04,0.04
19,4,2,3,False,0.7543346421803288,0.6209238026173747,3,qUCB,0.0,0.8200000000000001,0.08,0.0,0.04,0.0,0.0,0.0,0.04,0.0,0.0,0.0,0.0,0.0,0.02
19,4,2,3,False,0.7543346421803288,0.6209238026173747,4,qUCB,0.36,0.46,0.08,0.0,0.0,0.0,0.0,0.0,0.0,0.0,0.0,0.02,0.0,0.04,0.04
19,5,1,4,False,0.6816460764964051,0.4474338220699172,0,qEHVI,0.34,0.3,0.32,0.04,0.0,0.0,0.0,0.0,0.0,0.0,0.0,0.0,0.0,0.0,0.0
19,5,1,4,False,0.6816460764964051,0.4474338220699172,1,qUCB,0.42,0.12,0.36,0.0,0.02,0.0,0.0,0.0,0.0,0.0,0.0,0.04,0.0,0.0,0.04
19,5,1,4,False,0.6816460764964051,0.4474338220699172,2,qUCB,0.36,0.46,0.08,0.0,0.0,0.0,0.0,0.0,0.0,0.0,0.0,0.02,0.0,0.04,0.04
19,5,1,4,False,0.6816460764964051,0.4474338220699172,3,qUCB,0.0,0.8200000000000001,0.08,0.0,0.04,0.0,0.0,0.0,0.04,0.0,0.0,0.0,0.0,0.0,0.02
19,5,1,4,False,0.6816460764964051,0.4474338220699172,4,qUCB,0.42,0.08,0.4,0.0,0.04,0.0,0.0,0.0,0.0,0.0,0.0,0.04,0.0,0.02,0.0
19,6,0,5,False,0.503889073604942,0.21708212399289106,0,qUCB,0.42,0.2,0.36,0.0,0.02,0.0,0.0,0.0,0.0,0.0,0.0,0.0,0.0,0.0,0.0
19,6,0,5,False,0.503889073604942,0.21708212399289106,1,qUCB,0.44,0.02,0.52,0.0,0.0,0.0,0.0,0.0,0.0,0.0,0.0,0.0,0.0,0.02,0.0
19,6,0,5,False,0.503889073604942,0.21708212399289106,2,qUCB,0.26,0.0,0.72,0.0,0.0,0.0,0.0,0.0,0.0,0.0,0.0,0.02,0.0,0.0,0.0
19,6,0,5,False,0.503889073604942,0.21708212399289106,3,qUCB,0.4,0.12,0.38,0.04,0.0,0.0,0.0,0.0,0.0,0.0,0.0,0.02,0.0,0.04,0.0
19,6,0,5,False,0.503889073604942,0.21708212399289106,4,qUCB,0.18,0.0,0.74,0.0,0.0,0.0,0.0,0.0,0.02,0.0,0.0,0.0,0.0,0.04,0.02
20,1,5,0,False,0.8855834606588899,0.35857107201557703,0,qEHVI,0.34,0.24,0.32,0.02,0.04,0.0,0.0,0.0,0.0,0.0,0.0,0.02,0.0,0.02,0.0
20,1,5,0,False,0.8855834606588899,0.35857107201557703,1,qEHVI,0.48,0.08,0.36,0.04,0.0,0.0,0.0,0.0,0.0,0.0,0.0,0.0,0.0,0.0,0.04
20,1,5,0,False,0.8855834606588899,0.35857107201557703,2,qEHVI,0.4,0.26,0.3,0.02,0.0,0.0,0.0,0.0,0.0,0.0,0.0,0.0,0.0,0.02,0.0
20,1,5,0,False,0.8855834606588899,0.35857107201557703,3,qEHVI,0.5,0.12,0.36,0.0,0.0,0.0,0.0,0.0,0.0,0.0,0.0,0.0,0.0,0.0,0.02
20,1,5,0,False,0.8855834606588899,0.35857107201557703,4,qEHVI,0.4,0.22,0.36,0.0,0.0,0.0,0.0,0.0,0.0,0.0,0.0,0.0,0.0,0.02,0.0
20,2,4,1,False,0.8122650686380095,0.17593925762746565,0,qEHVI,0.34,0.24,0.32,0.02,0.04,0.0,0.0,0.0,0.0,0.0,0.0,0.02,0.0,0.02,0.0
20,2,4,1,False,0.8122650686380095,0.17593925762746565,1,qEHVI,0.48,0.08,0.36,0.04,0.0,0.0,0.0,0.0,0.0,0.0,0.0,0.0,0.0,0.0,0.04
20,2,4,1,False,0.8122650686380095,0.17593925762746565,2,qEHVI,0.4,0.26,0.3,0.02,0.0,0.0,0.0,0.0,0.0,0.0,0.0,0.0,0.0,0.02,0.0
20,2,4,1,False,0.8122650686380095,0.17593925762746565,3,qEHVI,0.44,0.16,0.36,0.0,0.0,0.0,0.0,0.0,0.0,0.0,0.0,0.02,0.0,0.02,0.0
20,2,4,1,False,0.8122650686380095,0.17593925762746565,4,qUCB,0.5,0.02,0.38,0.0,0.02,0.0,0.0,0.0,0.04,0.0,0.0,0.0,0.0,0.0,0.04
20,3,3,2,False,0.7273068411240289,0.2424151017654701,0,qEHVI,0.34,0.24,0.32,0.02,0.04,0.0,0.0,0.0,0.0,0.0,0.0,0.02,0.0,0.02,0.0
20,3,3,2,False,0.7273068411240289,0.2424151017654701,1,qEHVI,0.48,0.08,0.36,0.04,0.0,0.0,0.0,0.0,0.0,0.0,0.0,0.0,0.0,0.0,0.04
20,3,3,2,False,0.7273068411240289,0.2424151017654701,2,qEHVI,0.4,0.26,0.3,0.02,0.0,0.0,0.0,0.0,0.0,0.0,0.0,0.0,0.0,0.02,0.0
20,3,3,2,False,0.7273068411240289,0.2424151017654701,3,qUCB,0.42,0.08,0.4,0.0,0.0,0.0,0.0,0.0,0.0,0.0,0.0,0.04,0.0,0.02,0.04
20,3,3,2,False,0.7273068411240289,0.2424151017654701,4,qUCB,0.46,0.2,0.24,0.0,0.0,0.0,0.0,0.0,0.04,0.0,0.0,0.04,0.0,0.0,0.02
20,4,2,3,True,0.5862306389083923,0.49213850534427017,0,qEHVI,0.34,0.24,0.32,0.02,0.04,0.0,0.0,0.0,0.0,0.0,0.0,0.02,0.0,0.02,0.0
20,4,2,3,True,0.5862306389083923,0.49213850534427017,1,qEHVI,0.48,0.08,0.36,0.04,0.0,0.0,0.0,0.0,0.0,0.0,0.0,0.0,0.0,0.0,0.04
20,4,2,3,True,0.5862306389083923,0.49213850534427017,2,qUCB,0.44,0.1,0.38,0.0,0.0,0.0,0.0,0.0,0.04,0.0,0.0,0.0,0.0,0.04,0.0
20,4,2,3,True,0.5862306389083923,0.49213850534427017,3,qUCB,0.08,0.74,0.08,0.0,0.0,0.0,0.0,0.0,0.04,0.0,0.0,0.0,0.0,0.02,0.04
20,4,2,3,True,0.5862306389083923,0.49213850534427017,4,qUCB,0.46,0.2,0.24,0.0,0.0,0.0,0.0,0.0,0.04,0.0,0.0,0.04,0.0,0.0,0.02
20,5,1,4,False,0.3772995994260115,0.3341259745208922,0,qEHVI,0.34,0.24,0.32,0.02,0.04,0.0,0.0,0.0,0.0,0.0,0.0,0.02,0.0,0.02,0.0
20,5,1,4,False,0.3772995994260115,0.3341259745208922,1,qUCB,0.48,0.08,0.34,0.0,0.0,0.0,0.0,0.0,0.04,0.0,0.0,0.02,0.0,0.0,0.04
20,5,1,4,False,0.3772995994260115,0.3341259745208922,2,qUCB,0.44,0.04,0.42,0.0,0.0,0.0,0.0,0.0,0.04,0.0,0.0,0.0,0.0,0.02,0.04
20,5,1,4,False,0.3772995994260115,0.3341259745208922,3,qUCB,0.08,0.74,0.08,0.0,0.0,0.0,0.0,0.0,0.04,0.0,0.0,0.0,0.0,0.02,0.04
20,5,1,4,False,0.3772995994260115,0.3341259745208922,4,qUCB,0.36,0.46,0.08,0.0,0.0,0.0,0.0,0.0,0.04,0.0,0.0,0.02,0.0,0.0,0.04
20,6,0,5,False,0.4264001627463143,0.10143621719244234,0,qUCB,0.4,0.22,0.36,0.0,0.0,0.0,0.0,0.0,0.0,0.0,0.0,0.0,0.0,0.02,0.0
20,6,0,5,False,0.4264001627463143,0.10143621719244234,1,qUCB,0.4,0.14,0.38,0.04,0.0,0.0,0.0,0.0,0.0,0.0,0.0,0.0,0.0,0.0,0.04
20,6,0,5,False,0.4264001627463143,0.10143621719244234,2,qUCB,0.24,0.0,0.72,0.0,0.0,0.0,0.0,0.0,0.0,0.0,0.0,0.02,0.0,0.02,0.0
20,6,0,5,False,0.4264001627463143,0.10143621719244234,3,qUCB,0.0,0.32,0.6,0.04,0.0,0.0,0.0,0.0,0.0,0.0,0.0,0.04,0.0,0.0,0.0
20,6,0,5,False,0.4264001627463143,0.10143621719244234,4,qUCB,0.44,0.0,0.54,0.0,0.0,0.0,0.0,0.0,0.0,0.0,0.0,0.0,0.0,0.0,0.02
21,1,5,0,False,0.9750855713405882,0.14675103670712009,0,qEHVI,0.38,0.22,0.3,0.02,0.02,0.0,0.0,0.0,0.0,0.0,0.0,0.04,0.0,0.02,0.0
21,1,5,0,False,0.9750855713405882,0.14675103670712009,1,qEHVI,0.52,0.1,0.36,0.0,0.0,0.0,0.0,0.0,0.0,0.0,0.0,0.0,0.0,0.02,0.0
21,1,5,0,False,0.9750855713405882,0.14675103670712009,2,qEHVI,0.48,0.1,0.4,0.0,0.0,0.0,0.0,0.0,0.0,0.0,0.0,0.02,0.0,0.0,0.0
21,1,5,0,False,0.9750855713405882,0.14675103670712009,3,qEHVI,0.4,0.14,0.36,0.04,0.0,0.0,0.0,0.0,0.0,0.0,0.0,0.04,0.0,0.0,0.02
21,1,5,0,False,0.9750855713405882,0.14675103670712009,4,qEHVI,0.48,0.0,0.46,0.0,0.0,0.0,0.0,0.0,0.0,0.0,0.0,0.04,0.0,0.0,0.02
21,2,4,1,True,0.8908703508384526,0.3322854029000126,0,qEHVI,0.38,0.22,0.3,0.02,0.02,0.0,0.0,0.0,0.0,0.0,0.0,0.04,0.0,0.02,0.0
21,2,4,1,True,0.8908703508384526,0.3322854029000126,1,qEHVI,0.52,0.1,0.36,0.0,0.0,0.0,0.0,0.0,0.0,0.0,0.0,0.0,0.0,0.02,0.0
21,2,4,1,True,0.8908703508384526,0.3322854029000126,2,qEHVI,0.48,0.1,0.4,0.0,0.0,0.0,0.0,0.0,0.0,0.0,0.0,0.02,0.0,0.0,0.0
21,2,4,1,True,0.8908703508384526,0.3322854029000126,3,qEHVI,0.42,0.16,0.36,0.02,0.0,0.0,0.0,0.0,0.0,0.0,0.0,0.04,0.0,0.0,0.0
21,2,4,1,True,0.8908703508384526,0.3322854029000126,4,qUCB,0.4,0.12,0.38,0.02,0.04,0.0,0.0,0.0,0.04,0.0,0.0,0.0,0.0,0.0,0.0
21,3,3,2,False,0.825442549785829,0.035817241665975885,0,qEHVI,0.38,0.22,0.3,0.02,0.02,0.0,0.0,0.0,0.0,0.0,0.0,0.04,0.0,0.02,0.0
21,3,3,2,False,0.825442549785829,0.035817241665975885,1,qEHVI,0.52,0.1,0.36,0.0,0.0,0.0,0.0,0.0,0.0,0.0,0.0,0.0,0.0,0.02,0.0
21,3,3,2,False,0.825442549785829,0.035817241665975885,2,qEHVI,0.48,0.1,0.4,0.0,0.0,0.0,0.0,0.0,0.0,0.0,0.0,0.02,0.0,0.0,0.0
21,3,3,2,False,0.825442549785829,0.035817241665975885,3,qUCB,0.4,0.12,0.38,0.02,0.04,0.0,0.0,0.0,0.04,0.0,0.0,0.0,0.0,0.0,0.0
21,3,3,2,False,0.825442549785829,0.035817241665975885,4,qUCB,0.02,0.3,0.58,0.04,0.02,0.0,0.0,0.0,0.0,0.0,0.0,0.0,0.0,0.0,0.04
21,4,2,3,False,0.6665977283364901,0.130121637224188,0,qEHVI,0.38,0.22,0.3,0.02,0.02,0.0,0.0,0.0,0.0,0.0,0.0,0.04,0.0,0.02,0.0
21,4,2,3,False,0.6665977283364901,0.130121637224188,1,qEHVI,0.52,0.1,0.36,0.0,0.0,0.0,0.0,0.0,0.0,0.0,0.0,0.0,0.0,0.02,0.0
21,4,2,3,False,0.6665977283364901,0.130121637224188,2,qUCB,0.4,0.12,0.38,0.02,0.04,0.0,0.0,0.0,0.04,0.0,0.0,0.0,0.0,0.0,0.0
21,4,2,3,False,0.6665977283364901,0.130121637224188,3,qUCB,0.02,0.3,0.58,0.04,0.02,0.0,0.0,0.0,0.0,0.0,0.0,0.0,0.0,0.0,0.04
21,4,2,3,False,0.6665977283364901,0.130121637224188,4,qUCB,0.0,0.02,0.98,0.0,0.0,0.0,0.0,0.0,0.0,0.0,0.0,0.0,0.0,0.0,0.0
21,5,1,4,False,0.42463776516881974,0.021742339868808358,0,qEHVI,0.38,0.22,0.3,0.02,0.02,0.0,0.0,0.0,0.0,0.0,0.0,0.04,0.0,0.02,0.0
21,5,1,4,False,0.42463776516881974,0.021742339868808358,1,qUCB,0.38,0.12,0.4,0.0,0.02,0.0,0.0,0.0,0.04,0.0,0.0,0.0,0.0,0.0,0.04
21,5,1,4,False,0.42463776516881974,0.021742339868808358,2,qUCB,0.0,0.02,0.98,0.0,0.0,0.0,0.0,0.0,0.0,0.0,0.0,0.0,0.0,0.0,0.0
21,5,1,4,False,0.42463776516881974,0.021742339868808358,3,qUCB,0.32,0.2,0.38,0.02,0.0,0.0,0.0,0.0,0.04,0.0,0.0,0.0,0.0,0.0,0.04
21,5,1,4,False,0.42463776516881974,0.021742339868808358,4,qUCB,0.18,0.14,0.6,0.0,0.0,0.0,0.0,0.0,0.04,0.0,0.0,0.0,0.0,0.0,0.04
21,6,0,5,False,0.389049647403863,0.20030716761436018,0,qUCB,0.44,0.14,0.38,0.0,0.0,0.0,0.0,0.0,0.02,0.0,0.0,0.02,0.0,0.0,0.0
21,6,0,5,False,0.389049647403863,0.20030716761436018,1,qUCB,0.0,0.02,0.98,0.0,0.0,0.0,0.0,0.0,0.0,0.0,0.0,0.0,0.0,0.0,0.0
21,6,0,5,False,0.389049647403863,0.20030716761436018,2,qUCB,0.0,0.3,0.6,0.04,0.0,0.0,0.0,0.0,0.02,0.0,0.0,0.0,0.0,0.02,0.02
21,6,0,5,False,0.389049647403863,0.20030716761436018,3,qUCB,0.34,0.18,0.38,0.04,0.0,0.0,0.0,0.0,0.04,0.0,0.0,0.0,0.0,0.0,0.02
21,6,0,5,False,0.389049647403863,0.20030716761436018,4,qUCB,0.0,0.36,0.58,0.0,0.02,0.0,0.0,0.0,0.02,0.0,0.0,0.02,0.0,0.0,0.0
22,1,5,0,False,2.923892730811872,0.11276103804202364,0,qEHVI,0.3,0.28,0.38,0.0,0.0,0.0,0.0,0.0,0.04,0.0,0.0,0.0,0.0,0.0,0.0
22,1,5,0,False,2.923892730811872,0.11276103804202364,1,qEHVI,0.58,0.1,0.22,0.02,0.02,0.0,0.0,0.0,0.0,0.0,0.0,0.04,0.0,0.02,0.0
22,1,5,0,False,2.923892730811872,0.11276103804202364,2,qEHVI,0.3,0.36,0.24,0.04,0.0,0.0,0.0,0.0,0.0,0.0,0.0,0.04,0.0,0.0,0.02
22,1,5,0,False,2.923892730811872,0.11276103804202364,3,qEHVI,0.3,0.2,0.4,0.0,0.0,0.0,0.0,0.0,0.04,0.0,0.0,0.04,0.0,0.0,0.02
22,1,5,0,False,2.923892730811872,0.11276103804202364,4,qEHVI,0.36,0.0,0.6,0.0,0.0,0.0,0.0,0.0,0.04,0.0,0.0,0.0,0.0,0.0,0.0
22,2,4,1,False,2.952744389986952,0.22770540762079605,0,qEHVI,0.3,0.28,0.38,0.0,0.0,0.0,0.0,0.0,0.04,0.0,0.0,0.0,0.0,0.0,0.0
22,2,4,1,False,2.952744389986952,0.22770540762079605,1,qEHVI,0.58,0.1,0.22,0.02,0.02,0.0,0.0,0.0,0.0,0.0,0.0,0.04,0.0,0.02,0.0
22,2,4,1,False,2.952744389986952,0.22770540762079605,2,qEHVI,0.3,0.36,0.24,0.04,0.0,0.0,0.0,0.0,0.0,0.0,0.0,0.04,0.0,0.0,0.02
22,2,4,1,False,2.952744389986952,0.22770540762079605,3,qEHVI,0.44,0.0,0.46,0.04,0.0,0.0,0.0,0.0,0.0,0.0,0.0,0.04,0.0,0.02,0.0
22,2,4,1,False,2.952744389986952,0.22770540762079605,4,qUCB,0.14,0.2,0.58,0.0,0.0,0.0,0.0,0.0,0.0,0.0,0.0,0.0,0.0,0.04,0.04
22,3,3,2,False,2.571660908382286,0.2591582329871631,0,qEHVI,0.3,0.28,0.38,0.0,0.0,0.0,0.0,0.0,0.04,0.0,0.0,0.0,0.0,0.0,0.0
22,3,3,2,False,2.571660908382286,0.2591582329871631,1,qEHVI,0.58,0.1,0.22,0.02,0.02,0.0,0.0,0.0,0.0,0.0,0.0,0.04,0.0,0.02,0.0
22,3,3,2,False,2.571660908382286,0.2591582329871631,2,qEHVI,0.3,0.36,0.24,0.04,0.0,0.0,0.0,0.0,0.0,0.0,0.0,0.04,0.0,0.0,0.02
22,3,3,2,False,2.571660908382286,0.2591582329871631,3,qUCB,0.14,0.2,0.58,0.0,0.0,0.0,0.0,0.0,0.0,0.0,0.0,0.0,0.0,0.04,0.04
22,3,3,2,False,2.571660908382286,0.2591582329871631,4,qUCB,0.3,0.0,0.6,0.0,0.04,0.0,0.0,0.0,0.02,0.0,0.0,0.0,0.0,0.0,0.04
22,4,2,3,True,2.670625600398503,0.6803760480671173,0,qEHVI,0.3,0.28,0.38,0.0,0.0,0.0,0.0,0.0,0.04,0.0,0.0,0.0,0.0,0.0,0.0
22,4,2,3,True,2.670625600398503,0.6803760480671173,1,qEHVI,0.58,0.1,0.22,0.02,0.02,0.0,0.0,0.0,0.0,0.0,0.0,0.04,0.0,0.02,0.0
22,4,2,3,True,2.670625600398503,0.6803760480671173,2,qUCB,0.0,0.3,0.6,0.04,0.02,0.0,0.0,0.0,0.0,0.0,0.0,0.0,0.0,0.0,0.04
22,4,2,3,True,2.670625600398503,0.6803760480671173,3,qUCB,0.7000000000000001,0.0,0.22,0.04,0.0,0.0,0.0,0.0,0.0,0.0,0.0,0.0,0.0,0.0,0.04
22,4,2,3,True,2.670625600398503,0.6803760480671173,4,qUCB,0.3,0.0,0.6,0.0,0.04,0.0,0.0,0.0,0.02,0.0,0.0,0.0,0.0,0.0,0.04
22,5,1,4,False,2.383852315467008,0.17633560119349312,0,qEHVI,0.3,0.28,0.38,0.0,0.0,0.0,0.0,0.0,0.04,0.0,0.0,0.0,0.0,0.0,0.0
22,5,1,4,False,2.383852315467008,0.17633560119349312,1,qUCB,0.64,0.04,0.22,0.0,0.0,0.0,0.0,0.0,0.0,0.0,0.0,0.02,0.0,0.04,0.04
22,5,1,4,False,2.383852315467008,0.17633560119349312,2,qUCB,0.04,0.28,0.58,0.04,0.02,0.0,0.0,0.0,0.0,0.0,0.0,0.0,0.0,0.04,0.0
22,5,1,4,False,2.383852315467008,0.17633560119349312,3,qUCB,0.04,0.46,0.4,0.04,0.02,0.0,0.0,0.0,0.0,0.0,0.0,0.04,0.0,0.0,0.0
22,5,1,4,False,2.383852315467008,0.17633560119349312,4,qUCB,0.26,0.04,0.6,0.0,0.04,0.0,0.0,0.0,0.0,0.0,0.0,0.0,0.0,0.04,0.02
22,6,0,5,False,1.9988507144170669,0.21766934778187874,0,qUCB,0.58,0.1,0.22,0.02,0.02,0.0,0.0,0.0,0.0,0.0,0.0,0.04,0.0,0.02,0.0
22,6,0,5,False,1.9988507144170669,0.21766934778187874,1,qUCB,0.0,0.36,0.58,0.02,0.0,0.0,0.0,0.0,0.0,0.0,0.0,0.04,0.0,0.0,0.0
22,6,0,5,False,1.9988507144170669,0.21766934778187874,2,qUCB,0.36,0.0,0.6,0.0,0.0,0.0,0.0,0.0,0.04,0.0,0.0,0.0,0.0,0.0,0.0
22,6,0,5,False,1.9988507144170669,0.21766934778187874,3,qUCB,0.0,0.5,0.4,0.0,0.0,0.0,0.0,0.0,0.04,0.0,0.0,0.04,0.0,0.0,0.02
22,6,0,5,False,1.9988507144170669,0.21766934778187874,4,qUCB,0.2,0.02,0.76,0.0,0.0,0.0,0.0,0.0,0.02,0.0,0.0,0.0,0.0,0.0,0.0
23,1,5,0,False,0.9775988903477755,0.03305398947113325,0,qEHVI,0.42,0.2,0.3,0.02,0.0,0.0,0.0,0.0,0.02,0.0,0.0,0.04,0.0,0.0,0.0
23,1,5,0,False,0.9775988903477755,0.03305398947113325,1,qEHVI,0.36,0.24,0.32,0.04,0.0,0.0,0.0,0.0,0.0,0.0,0.0,0.04,0.0,0.0,0.0
23,1,5,0,False,0.9775988903477755,0.03305398947113325,2,qEHVI,0.48,0.1,0.36,0.02,0.02,0.0,0.0,0.0,0.0,0.0,0.0,0.0,0.0,0.02,0.0
23,1,5,0,False,0.9775988903477755,0.03305398947113325,3,qEHVI,0.36,0.18,0.38,0.0,0.0,0.0,0.0,0.0,0.04,0.0,0.0,0.04,0.0,0.0,0.0
23,1,5,0,False,0.9775988903477755,0.03305398947113325,4,qEHVI,0.42,0.2,0.28,0.04,0.0,0.0,0.0,0.0,0.0,0.0,0.0,0.04,0.0,0.02,0.0
23,2,4,1,False,0.9188157242054372,0.1722291593151315,0,qEHVI,0.42,0.2,0.3,0.02,0.0,0.0,0.0,0.0,0.02,0.0,0.0,0.04,0.0,0.0,0.0
23,2,4,1,False,0.9188157242054372,0.1722291593151315,1,qEHVI,0.36,0.24,0.32,0.04,0.0,0.0,0.0,0.0,0.0,0.0,0.0,0.04,0.0,0.0,0.0
23,2,4,1,False,0.9188157242054372,0.1722291593151315,2,qEHVI,0.36,0.18,0.38,0.0,0.0,0.0,0.0,0.0,0.04,0.0,0.0,0.04,0.0,0.0,0.0
23,2,4,1,False,0.9188157242054372,0.1722291593151315,3,qEHVI,0.48,0.1,0.36,0.02,0.02,0.0,0.0,0.0,0.0,0.0,0.0,0.0,0.0,0.02,0.0
23,2,4,1,False,0.9188157242054372,0.1722291593151315,4,qUCB,0.46,0.04,0.4,0.0,0.0,0.0,0.0,0.0,0.04,0.0,0.0,0.0,0.0,0.02,0.04
23,3,3,2,True,0.813852250060197,0.24438338542913396,0,qEHVI,0.42,0.2,0.3,0.02,0.0,0.0,0.0,0.0,0.02,0.0,0.0,0.04,0.0,0.0,0.0
23,3,3,2,True,0.813852250060197,0.24438338542913396,1,qEHVI,0.36,0.24,0.32,0.04,0.0,0.0,0.0,0.0,0.0,0.0,0.0,0.04,0.0,0.0,0.0
23,3,3,2,True,0.813852250060197,0.24438338542913396,2,qEHVI,0.48,0.1,0.36,0.02,0.02,0.0,0.0,0.0,0.0,0.0,0.0,0.0,0.0,0.02,0.0
23,3,3,2,True,0.813852250060197,0.24438338542913396,3,qUCB,0.46,0.04,0.4,0.0,0.0,0.0,0.0,0.0,0.04,0.0,0.0,0.0,0.0,0.02,0.04
23,3,3,2,True,0.813852250060197,0.24438338542913396,4,qUCB,0.0,0.02,0.98,0.0,0.0,0.0,0.0,0.0,0.0,0.0,0.0,0.0,0.0,0.0,0.0
23,4,2,3,False,0.6783326740735686,0.09139684937753606,0,qEHVI,0.42,0.2,0.3,0.02,0.0,0.0,0.0,0.0,0.02,0.0,0.0,0.04,0.0,0.0,0.0
23,4,2,3,False,0.6783326740735686,0.09139684937753606,1,qEHVI,0.36,0.24,0.32,0.04,0.0,0.0,0.0,0.0,0.0,0.0,0.0,0.04,0.0,0.0,0.0
23,4,2,3,False,0.6783326740735686,0.09139684937753606,2,qUCB,0.46,0.1,0.34,0.0,0.04,0.0,0.0,0.0,0.0,0.0,0.0,0.0,0.0,0.02,0.04
23,4,2,3,False,0.6783326740735686,0.09139684937753606,3,qUCB,0.0,0.02,0.98,0.0,0.0,0.0,0.0,0.0,0.0,0.0,0.0,0.0,0.0,0.0,0.0
23,4,2,3,False,0.6783326740735686,0.09139684937753606,4,qUCB,0.18,0.0,0.74,0.0,0.04,0.0,0.0,0.0,0.0,0.0,0.0,0.0,0.0,0.04,0.0
23,5,1,4,False,0.4965093927524476,0.4318274605735626,0,qEHVI,0.42,0.2,0.3,0.02,0.0,0.0,0.0,0.0,0.02,0.0,0.0,0.04,0.0,0.0,0.0
23,5,1,4,False,0.4965093927524476,0.4318274605735626,1,qUCB,0.46,0.1,0.34,0.0,0.04,0.0,0.0,0.0,0.0,0.0,0.0,0.0,0.0,0.02,0.04
23,5,1,4,False,0.4965093927524476,0.4318274605735626,2,qUCB,0.0,0.02,0.98,0.0,0.0,0.0,0.0,0.0,0.0,0.0,0.0,0.0,0.0,0.0,0.0
23,5,1,4,False,0.4965093927524476,0.4318274605735626,3,qUCB,0.48,0.24,0.18,0.0,0.04,0.0,0.0,0.0,0.0,0.0,0.0,0.0,0.0,0.02,0.04
23,5,1,4,False,0.4965093927524476,0.4318274605735626,4,qUCB,0.18,0.0,0.74,0.0,0.04,0.0,0.0,0.0,0.0,0.0,0.0,0.0,0.0,0.04,0.0
23,6,0,5,False,0.4484459241254118,0.377170582037909,0,qUCB,0.4,0.14,0.38,0.0,0.0,0.0,0.0,0.0,0.0,0.0,0.0,0.04,0.0,0.04,0.0
23,6,0,5,False,0.4484459241254118,0.377170582037909,1,qUCB,0.0,0.02,0.98,0.0,0.0,0.0,0.0,0.0,0.0,0.0,0.0,0.0,0.0,0.0,0.0
23,6,0,5,False,0.4484459241254118,0.377170582037909,2,qUCB,0.38,0.12,0.4,0.04,0.02,0.0,0.0,0.0,0.0,0.0,0.0,0.04,0.0,0.0,0.0
23,6,0,5,False,0.4484459241254118,0.377170582037909,3,qUCB,0.2,0.02,0.74,0.0,0.0,0.0,0.0,0.0,0.0,0.0,0.0,0.0,0.0,0.0,0.04
23,6,0,5,False,0.4484459241254118,0.377170582037909,4,qUCB,0.14,0.0,0.86,0.0,0.0,0.0,0.0,0.0,0.0,0.0,0.0,0.0,0.0,0.0,0.0
24,1,5,0,False,0.7401939223023233,0.4361917552183119,0,qEHVI,0.42,0.18,0.3,0.02,0.02,0.0,0.0,0.0,0.0,0.0,0.0,0.04,0.0,0.02,0.0
24,1,5,0,False,0.7401939223023233,0.4361917552183119,1,qEHVI,0.48,0.0,0.44,0.0,0.0,0.0,0.0,0.0,0.02,0.0,0.0,0.0,0.0,0.04,0.02
24,1,5,0,False,0.7401939223023233,0.4361917552183119,2,qEHVI,0.46,0.08,0.36,0.02,0.0,0.0,0.0,0.0,0.0,0.0,0.0,0.0,0.0,0.04,0.04
24,1,5,0,False,0.7401939223023233,0.4361917552183119,3,qEHVI,0.46,0.4,0.04,0.0,0.0,0.0,0.0,0.0,0.04,0.0,0.0,0.02,0.0,0.02,0.02
24,1,5,0,False,0.7401939223023233,0.4361917552183119,4,qEHVI,0.34,0.18,0.38,0.04,0.0,0.0,0.0,0.0,0.0,0.0,0.0,0.04,0.0,0.0,0.02
24,2,4,1,False,0.6806578408959203,0.45187205852369594,0,qEHVI,0.42,0.18,0.3,0.02,0.02,0.0,0.0,0.0,0.0,0.0,0.0,0.04,0.0,0.02,0.0
24,2,4,1,False,0.6806578408959203,0.45187205852369594,1,qEHVI,0.48,0.0,0.44,0.0,0.0,0.0,0.0,0.0,0.02,0.0,0.0,0.0,0.0,0.04,0.02
24,2,4,1,False,0.6806578408959203,0.45187205852369594,2,qEHVI,0.46,0.08,0.36,0.02,0.0,0.0,0.0,0.0,0.0,0.0,0.0,0.0,0.0,0.04,0.04
24,2,4,1,False,0.6806578408959203,0.45187205852369594,3,qEHVI,0.46,0.4,0.04,0.0,0.0,0.0,0.0,0.0,0.04,0.0,0.0,0.02,0.0,0.02,0.02
24,2,4,1,False,0.6806578408959203,0.45187205852369594,4,qUCB,0.4,0.28,0.24,0.0,0.04,0.0,0.0,0.0,0.0,0.0,0.0,0.0,0.0,0.0,0.04
24,3,3,2,True,0.5313178630529031,0.39749118437912667,0,qEHVI,0.42,0.18,0.3,0.02,0.02,0.0,0.0,0.0,0.0,0.0,0.0,0.04,0.0,0.02,0.0
24,3,3,2,True,0.5313178630529031,0.39749118437912667,1,qEHVI,0.48,0.0,0.44,0.0,0.0,0.0,0.0,0.0,0.02,0.0,0.0,0.0,0.0,0.04,0.02
24,3,3,2,True,0.5313178630529031,0.39749118437912667,2,qEHVI,0.46,0.08,0.36,0.02,0.0,0.0,0.0,0.0,0.0,0.0,0.0,0.0,0.0,0.04,0.04
24,3,3,2,True,0.5313178630529031,0.39749118437912667,3,qUCB,0.36,0.32,0.22,0.0,0.04,0.0,0.0,0.0,0.02,0.0,0.0,0.0,0.0,0.0,0.04
24,3,3,2,True,0.5313178630529031,0.39749118437912667,4,qUCB,0.32,0.6,0.0,0.04,0.0,0.0,0.0,0.0,0.04,0.0,0.0,0.0,0.0,0.0,0.0
24,4,2,3,False,0.42748872864492,0.32734375596807697,0,qEHVI,0.42,0.18,0.3,0.02,0.02,0.0,0.0,0.0,0.0,0.0,0.0,0.04,0.0,0.02,0.0
24,4,2,3,False,0.42748872864492,0.32734375596807697,1,qEHVI,0.48,0.0,0.44,0.0,0.0,0.0,0.0,0.0,0.02,0.0,0.0,0.0,0.0,0.04,0.02
24,4,2,3,False,0.42748872864492,0.32734375596807697,2,qUCB,0.4,0.28,0.24,0.0,0.04,0.0,0.0,0.0,0.0,0.0,0.0,0.0,0.0,0.0,0.04
24,4,2,3,False,0.42748872864492,0.32734375596807697,3,qUCB,0.32,0.6,0.0,0.04,0.0,0.0,0.0,0.0,0.04,0.0,0.0,0.0,0.0,0.0,0.0
24,4,2,3,False,0.42748872864492,0.32734375596807697,4,qUCB,0.34,0.48,0.1,0.04,0.0,0.0,0.0,0.0,0.0,0.0,0.0,0.0,0.0,0.0,0.04
24,5,1,4,False,0.22586116330469602,0.3158245996413609,0,qEHVI,0.42,0.18,0.3,0.02,0.02,0.0,0.0,0.0,0.0,0.0,0.0,0.04,0.0,0.02,0.0
24,5,1,4,False,0.22586116330469602,0.3158245996413609,1,qUCB,0.66,0.2,0.06,0.0,0.0,0.0,0.0,0.0,0.04,0.0,0.0,0.0,0.0,0.0,0.04
24,5,1,4,False,0.22586116330469602,0.3158245996413609,2,qUCB,0.32,0.58,0.0,0.02,0.0,0.0,0.0,0.0,0.04,0.0,0.0,0.0,0.0,0.0,0.04
24,5,1,4,False,0.22586116330469602,0.3158245996413609,3,qUCB,0.36,0.3,0.26,0.0,0.0,0.0,0.0,0.0,0.04,0.0,0.0,0.0,0.0,0.0,0.04
24,5,1,4,False,0.22586116330469602,0.3158245996413609,4,qUCB,0.24,0.0,0.7000000000000001,0.0,0.0,0.0,0.0,0.0,0.04,0.0,0.0,0.0,0.0,0.0,0.02
24,6,0,5,False,0.3006568400488844,0.7706712788265877,0,qUCB,0.4,0.12,0.38,0.04,0.0,0.0,0.0,0.0,0.02,0.0,0.0,0.0,0.0,0.04,0.0
24,6,0,5,False,0.3006568400488844,0.7706712788265877,1,qUCB,0.26,0.64,0.0,0.04,0.0,0.0,0.0,0.0,0.0,0.0,0.0,0.0,0.0,0.04,0.02
24,6,0,5,False,0.3006568400488844,0.7706712788265877,2,qUCB,0.24,0.04,0.72,0.0,0.0,0.0,0.0,0.0,0.0,0.0,0.0,0.0,0.0,0.0,0.0
24,6,0,5,False,0.3006568400488844,0.7706712788265877,3,qUCB,0.44,0.24,0.22,0.0,0.04,0.0,0.0,0.0,0.0,0.0,0.0,0.0,0.0,0.04,0.02
24,6,0,5,False,0.3006568400488844,0.7706712788265877,4,qUCB,0.18,0.02,0.76,0.0,0.0,0.0,0.0,0.0,0.0,0.0,0.0,0.04,0.0,0.0,0.0
25,1,5,0,False,1.6347204293064053,0.36412235989653574,0,qEHVI,0.44,0.26,0.22,0.0,0.02,0.0,0.0,0.0,0.0,0.0,0.0,0.04,0.0,0.02,0.0
25,1,5,0,False,1.6347204293064053,0.36412235989653574,1,qEHVI,0.4,0.1,0.4,0.0,0.0,0.0,0.0,0.0,0.02,0.0,0.0,0.04,0.0,0.04,0.0
25,1,5,0,False,1.6347204293064053,0.36412235989653574,2,qEHVI,0.4,0.2,0.3,0.04,0.0,0.0,0.0,0.0,0.0,0.0,0.0,0.02,0.0,0.0,0.04
25,1,5,0,False,1.6347204293064053,0.36412235989653574,3,qEHVI,0.44,0.0,0.46,0.0,0.02,0.0,0.0,0.0,0.04,0.0,0.0,0.04,0.0,0.0,0.0
25,1,5,0,False,1.6347204293064053,0.36412235989653574,4,qEHVI,0.34,0.56,0.0,0.0,0.02,0.0,0.0,0.0,0.0,0.0,0.0,0.04,0.0,0.04,0.0
25,2,4,1,False,1.5836585774326954,0.20161743233021534,0,qEHVI,0.44,0.26,0.22,0.0,0.02,0.0,0.0,0.0,0.0,0.0,0.0,0.04,0.0,0.02,0.0
25,2,4,1,False,1.5836585774326954,0.20161743233021534,1,qEHVI,0.4,0.1,0.4,0.0,0.0,0.0,0.0,0.0,0.02,0.0,0.0,0.04,0.0,0.04,0.0
25,2,4,1,False,1.5836585774326954,0.20161743233021534,2,qEHVI,0.4,0.2,0.3,0.04,0.0,0.0,0.0,0.0,0.0,0.0,0.0,0.02,0.0,0.0,0.04
25,2,4,1,False,1.5836585774326954,0.20161743233021534,3,qEHVI,0.44,0.0,0.46,0.0,0.02,0.0,0.0,0.0,0.04,0.0,0.0,0.04,0.0,0.0,0.0
25,2,4,1,False,1.5836585774326954,0.20161743233021534,4,qUCB,0.72,0.14,0.06,0.0,0.0,0.0,0.0,0.0,0.0,0.0,0.0,0.0,0.0,0.04,0.04
25,3,3,2,True,1.331952553847967,0.4289036167614857,0,qEHVI,0.44,0.26,0.22,0.0,0.02,0.0,0.0,0.0,0.0,0.0,0.0,0.04,0.0,0.02,0.0
25,3,3,2,True,1.331952553847967,0.4289036167614857,1,qEHVI,0.4,0.1,0.4,0.0,0.0,0.0,0.0,0.0,0.02,0.0,0.0,0.04,0.0,0.04,0.0
25,3,3,2,True,1.331952553847967,0.4289036167614857,2,qEHVI,0.4,0.2,0.3,0.04,0.0,0.0,0.0,0.0,0.0,0.0,0.0,0.02,0.0,0.0,0.04
25,3,3,2,True,1.331952553847967,0.4289036167614857,3,qUCB,0.72,0.14,0.06,0.0,0.0,0.0,0.0,0.0,0.0,0.0,0.0,0.0,0.0,0.04,0.04
25,3,3,2,True,1.331952553847967,0.4289036167614857,4,qUCB,0.86,0.0,0.06,0.04,0.04,0.0,0.0,0.0,0.0,0.0,0.0,0.0,0.0,0.0,0.0
25,4,2,3,False,1.0773302672095508,0.5411388380515634,0,qEHVI,0.44,0.26,0.22,0.0,0.02,0.0,0.0,0.0,0.0,0.0,0.0,0.04,0.0,0.02,0.0
25,4,2,3,False,1.0773302672095508,0.5411388380515634,1,qEHVI,0.4,0.1,0.4,0.0,0.0,0.0,0.0,0.0,0.02,0.0,0.0,0.04,0.0,0.04,0.0
25,4,2,3,False,1.0773302672095508,0.5411388380515634,2,qUCB,0.72,0.14,0.04,0.04,0.0,0.0,0.0,0.0,0.02,0.0,0.0,0.0,0.0,0.0,0.04
25,4,2,3,False,1.0773302672095508,0.5411388380515634,3,qUCB,0.78,0.0,0.14,0.04,0.0,0.0,0.0,0.0,0.0,0.0,0.0,0.0,0.0,0.0,0.04
25,4,2,3,False,1.0773302672095508,0.5411388380515634,4,qUCB,0.2,0.0,0.76,0.0,0.0,0.0,0.0,0.0,0.0,0.0,0.0,0.0,0.0,0.0,0.04
25,5,1,4,False,0.6692621671215083,0.2841573771391399,0,qEHVI,0.44,0.26,0.22,0.0,0.02,0.0,0.0,0.0,0.0,0.0,0.0,0.04,0.0,0.02,0.0
25,5,1,4,False,0.6692621671215083,0.2841573771391399,1,qUCB,0.72,0.14,0.04,0.04,0.0,0.0,0.0,0.0,0.02,0.0,0.0,0.0,0.0,0.0,0.04
25,5,1,4,False,0.6692621671215083,0.2841573771391399,2,qUCB,0.78,0.0,0.14,0.04,0.0,0.0,0.0,0.0,0.0,0.0,0.0,0.0,0.0,0.0,0.04
25,5,1,4,False,0.6692621671215083,0.2841573771391399,3,qUCB,0.2,0.0,0.76,0.0,0.0,0.0,0.0,0.0,0.0,0.0,0.0,0.0,0.0,0.0,0.04
25,5,1,4,False,0.6692621671215083,0.2841573771391399,4,qUCB,0.0,0.04,0.86,0.04,0.0,0.0,0.0,0.0,0.02,0.0,0.0,0.0,0.0,0.0,0.04
25,6,0,5,False,0.6104707752261681,0.3226904146585099,0,qUCB,0.42,0.24,0.24,0.04,0.02,0.0,0.0,0.0,0.0,0.0,0.0,0.04,0.0,0.0,0.0
25,6,0,5,False,0.6104707752261681,0.3226904146585099,1,qUCB,0.34,0.56,0.0,0.0,0.02,0.0,0.0,0.0,0.0,0.0,0.0,0.04,0.0,0.04,0.0
25,6,0,5,False,0.6104707752261681,0.3226904146585099,2,qUCB,0.2,0.0,0.76,0.0,0.0,0.0,0.0,0.0,0.0,0.0,0.0,0.0,0.0,0.0,0.04
25,6,0,5,False,0.6104707752261681,0.3226904146585099,3,qUCB,0.48,0.24,0.2,0.0,0.0,0.0,0.0,0.0,0.0,0.0,0.0,0.04,0.0,0.0,0.04
25,6,0,5,False,0.6104707752261681,0.3226904146585099,4,qUCB,0.0,0.52,0.4,0.0,0.04,0.0,0.0,0.0,0.0,0.0,0.0,0.0,0.0,0.0,0.04
26,1,5,0,False,0.7784845861462182,0.008315972894493484,0,qEHVI,0.44,0.16,0.3,0.0,0.04,0.0,0.0,0.0,0.0,0.0,0.0,0.04,0.0,0.02,0.0
26,1,5,0,False,0.7784845861462182,0.008315972894493484,1,qEHVI,0.4,0.18,0.32,0.04,0.02,0.0,0.0,0.0,0.0,0.0,0.0,0.04,0.0,0.0,0.0
26,1,5,0,False,0.7784845861462182,0.008315972894493484,2,qEHVI,0.46,0.0,0.46,0.0,0.0,0.0,0.0,0.0,0.04,0.0,0.0,0.04,0.0,0.0,0.0
26,1,5,0,False,0.7784845861462182,0.008315972894493484,3,qEHVI,0.34,0.16,0.4,0.04,0.0,0.0,0.0,0.0,0.0,0.0,0.0,0.04,0.0,0.02,0.0
26,1,5,0,False,0.7784845861462182,0.008315972894493484,4,qEHVI,0.46,0.02,0.44,0.0,0.02,0.0,0.0,0.0,0.04,0.0,0.0,0.02,0.0,0.0,0.0
26,2,4,1,True,0.6921638511264184,0.0845124385098357,0,qEHVI,0.44,0.16,0.3,0.0,0.04,0.0,0.0,0.0,0.0,0.0,0.0,0.04,0.0,0.02,0.0
26,2,4,1,True,0.6921638511264184,0.0845124385098357,1,qEHVI,0.4,0.18,0.32,0.04,0.02,0.0,0.0,0.0,0.0,0.0,0.0,0.04,0.0,0.0,0.0
26,2,4,1,True,0.6921638511264184,0.0845124385098357,2,qEHVI,0.46,0.0,0.46,0.0,0.0,0.0,0.0,0.0,0.04,0.0,0.0,0.04,0.0,0.0,0.0
26,2,4,1,True,0.6921638511264184,0.0845124385098357,3,qEHVI,0.34,0.16,0.4,0.04,0.0,0.0,0.0,0.0,0.0,0.0,0.0,0.04,0.0,0.02,0.0
26,2,4,1,True,0.6921638511264184,0.0845124385098357,4,qUCB,0.44,0.14,0.38,0.0,0.0,0.0,0.0,0.0,0.0,0.0,0.0,0.0,0.0,0.0,0.04
26,3,3,2,False,0.6008495008403569,0.12177655225474471,0,qEHVI,0.44,0.16,0.3,0.0,0.04,0.0,0.0,0.0,0.0,0.0,0.0,0.04,0.0,0.02,0.0
26,3,3,2,False,0.6008495008403569,0.12177655225474471,1,qEHVI,0.4,0.18,0.32,0.04,0.02,0.0,0.0,0.0,0.0,0.0,0.0,0.04,0.0,0.0,0.0
26,3,3,2,False,0.6008495008403569,0.12177655225474471,2,qEHVI,0.46,0.0,0.46,0.0,0.0,0.0,0.0,0.0,0.04,0.0,0.0,0.04,0.0,0.0,0.0
26,3,3,2,False,0.6008495008403569,0.12177655225474471,3,qUCB,0.34,0.18,0.38,0.02,0.0,0.0,0.0,0.0,0.0,0.0,0.0,0.0,0.0,0.04,0.04
26,3,3,2,False,0.6008495008403569,0.12177655225474471,4,qUCB,0.32,0.54,0.1,0.0,0.0,0.0,0.0,0.0,0.0,0.0,0.0,0.0,0.0,0.0,0.04
26,4,2,3,False,0.47044655969296034,0.12186429909865559,0,qEHVI,0.44,0.16,0.3,0.0,0.04,0.0,0.0,0.0,0.0,0.0,0.0,0.04,0.0,0.02,0.0
26,4,2,3,False,0.47044655969296034,0.12186429909865559,1,qEHVI,0.4,0.18,0.32,0.04,0.02,0.0,0.0,0.0,0.0,0.0,0.0,0.04,0.0,0.0,0.0
26,4,2,3,False,0.47044655969296034,0.12186429909865559,2,qUCB,0.4,0.1,0.4,0.0,0.0,0.0,0.0,0.0,0.04,0.0,0.0,0.0,0.0,0.02,0.04
26,4,2,3,False,0.47044655969296034,0.12186429909865559,3,qUCB,0.16,0.02,0.76,0.0,0.0,0.0,0.0,0.0,0.0,0.0,0.0,0.0,0.0,0.02,0.04
26,4,2,3,False,0.47044655969296034,0.12186429909865559,4,qUCB,0.44,0.36,0.12,0.0,0.0,0.0,0.0,0.0,0.04,0.0,0.0,0.0,0.0,0.0,0.04
26,5,1,4,False,0.36323603343285876,0.18896466900230613,0,qEHVI,0.44,0.16,0.3,0.0,0.04,0.0,0.0,0.0,0.0,0.0,0.0,0.04,0.0,0.02,0.0
26,5,1,4,False,0.36323603343285876,0.18896466900230613,1,qUCB,0.38,0.16,0.36,0.02,0.0,0.0,0.0,0.0,0.04,0.0,0.0,0.0,0.0,0.0,0.04
26,5,1,4,False,0.36323603343285876,0.18896466900230613,2,qUCB,0.34,0.14,0.42,0.04,0.0,0.0,0.0,0.0,0.04,0.0,0.0,0.0,0.0,0.0,0.02
26,5,1,4,False,0.36323603343285876,0.18896466900230613,3,qUCB,0.76,0.0,0.14,0.04,0.0,0.0,0.0,0.0,0.04,0.0,0.0,0.0,0.0,0.0,0.02
26,5,1,4,False,0.36323603343285876,0.18896466900230613,4,qUCB,0.4,0.42,0.1,0.04,0.0,0.0,0.0,0.0,0.0,0.0,0.0,0.0,0.0,0.0,0.04
26,6,0,5,False,0.39214006695946035,0.23297003487497925,0,qUCB,0.38,0.18,0.38,0.0,0.0,0.0,0.0,0.0,0.0,0.0,0.0,0.04,0.0,0.0,0.02
26,6,0,5,False,0.39214006695946035,0.23297003487497925,1,qUCB,0.34,0.16,0.4,0.04,0.0,0.0,0.0,0.0,0.0,0.0,0.0,0.04,0.0,0.02,0.0
26,6,0,5,False,0.39214006695946035,0.23297003487497925,2,qUCB,0.74,0.1,0.06,0.0,0.02,0.0,0.0,0.0,0.0,0.0,0.0,0.04,0.0,0.0,0.04
26,6,0,5,False,0.39214006695946035,0.23297003487497925,3,qUCB,0.18,0.0,0.76,0.0,0.02,0.0,0.0,0.0,0.02,0.0,0.0,0.0,0.0,0.0,0.02
26,6,0,5,False,0.39214006695946035,0.23297003487497925,4,qUCB,0.64,0.1,0.16,0.04,0.02,0.0,0.0,0.0,0.0,0.0,0.0,0.04,0.0,0.0,0.0
27,1,5,0,False,1.3765610832795028,0.5527555030785255,0,qEHVI,0.46,0.0,0.46,0.04,0.02,0.0,0.0,0.0,0.0,0.0,0.0,0.02,0.0,0.0,0.0
27,1,5,0,False,1.3765610832795028,0.5527555030785255,1,qEHVI,0.2,0.46,0.26,0.04,0.0,0.0,0.0,0.0,0.02,0.0,0.0,0.0,0.0,0.02,0.0
27,1,5,0,False,1.3765610832795028,0.5527555030785255,2,qEHVI,0.44,0.12,0.34,0.04,0.0,0.0,0.0,0.0,0.0,0.0,0.0,0.0,0.0,0.02,0.04
27,1,5,0,False,1.3765610832795028,0.5527555030785255,3,qEHVI,0.26,0.4,0.26,0.0,0.0,0.0,0.0,0.0,0.0,0.0,0.0,0.0,0.0,0.04,0.04
27,1,5,0,False,1.3765610832795028,0.5527555030785255,4,qEHVI,0.3,0.38,0.24,0.04,0.0,0.0,0.0,0.0,0.0,0.0,0.0,0.02,0.0,0.02,0.0
27,2,4,1,False,1.2837401633255718,0.03588665368606886,0,qEHVI,0.46,0.0,0.46,0.04,0.02,0.0,0.0,0.0,0.0,0.0,0.0,0.02,0.0,0.0,0.0
27,2,4,1,False,1.2837401633255718,0.03588665368606886,1,qEHVI,0.2,0.46,0.26,0.04,0.0,0.0,0.0,0.0,0.02,0.0,0.0,0.0,0.0,0.02,0.0
27,2,4,1,False,1.2837401633255718,0.03588665368606886,2,qEHVI,0.44,0.12,0.34,0.04,0.0,0.0,0.0,0.0,0.0,0.0,0.0,0.0,0.0,0.02,0.04
27,2,4,1,False,1.2837401633255718,0.03588665368606886,3,qEHVI,0.3,0.22,0.38,0.04,0.02,0.0,0.0,0.0,0.0,0.0,0.0,0.04,0.0,0.0,0.0
27,2,4,1,False,1.2837401633255718,0.03588665368606886,4,qUCB,0.28,0.36,0.26,0.0,0.04,0.0,0.0,0.0,0.04,0.0,0.0,0.0,0.0,0.0,0.02
27,3,3,2,True,1.257769920207079,0.21908560823190726,0,qEHVI,0.46,0.0,0.46,0.04,0.02,0.0,0.0,0.0,0.0,0.0,0.0,0.02,0.0,0.0,0.0
27,3,3,2,True,1.257769920207079,0.21908560823190726,1,qEHVI,0.2,0.46,0.26,0.04,0.0,0.0,0.0,0.0,0.02,0.0,0.0,0.0,0.0,0.02,0.0
27,3,3,2,True,1.257769920207079,0.21908560823190726,2,qEHVI,0.44,0.12,0.34,0.04,0.0,0.0,0.0,0.0,0.0,0.0,0.0,0.0,0.0,0.02,0.04
27,3,3,2,True,1.257769920207079,0.21908560823190726,3,qUCB,0.2,0.44,0.26,0.0,0.02,0.0,0.0,0.0,0.0,0.0,0.0,0.04,0.0,0.04,0.0
27,3,3,2,True,1.257769920207079,0.21908560823190726,4,qUCB,0.0,0.14,0.76,0.0,0.0,0.0,0.0,0.0,0.04,0.0,0.0,0.04,0.0,0.0,0.02
27,4,2,3,False,1.0476052549058488,0.11518916947733526,0,qEHVI,0.46,0.0,0.46,0.04,0.02,0.0,0.0,0.0,0.0,0.0,0.0,0.02,0.0,0.0,0.0
27,4,2,3,False,1.0476052549058488,0.11518916947733526,1,qEHVI,0.2,0.46,0.26,0.04,0.0,0.0,0.0,0.0,0.02,0.0,0.0,0.0,0.0,0.02,0.0
27,4,2,3,False,1.0476052549058488,0.11518916947733526,2,qUCB,0.64,0.2,0.06,0.0,0.02,0.0,0.0,0.0,0.0,0.0,0.0,0.0,0.0,0.04,0.04
27,4,2,3,False,1.0476052549058488,0.11518916947733526,3,qUCB,0.1,0.04,0.76,0.0,0.02,0.0,0.0,0.0,0.04,0.0,0.0,0.0,0.0,0.0,0.04
27,4,2,3,False,1.0476052549058488,0.11518916947733526,4,qUCB,0.0,0.66,0.28,0.0,0.0,0.0,0.0,0.0,0.0,0.0,0.0,0.02,0.0,0.0,0.04
27,5,1,4,False,1.0059667961815768,0.5910280060843274,0,qEHVI,0.46,0.0,0.46,0.04,0.02,0.0,0.0,0.0,0.0,0.0,0.0,0.02,0.0,0.0,0.0
27,5,1,4,False,1.0059667961815768,0.5910280060843274,1,qUCB,0.26,0.4,0.26,0.0,0.0,0.0,0.0,0.0,0.0,0.0,0.0,0.0,0.0,0.04,0.04
27,5,1,4,False,1.0059667961815768,0.5910280060843274,2,qUCB,0.0,0.62,0.28,0.0,0.02,0.0,0.0,0.0,0.04,0.0,0.0,0.0,0.0,0.0,0.04
27,5,1,4,False,1.0059667961815768,0.5910280060843274,3,qUCB,0.14,0.0,0.76,0.0,0.0,0.0,0.0,0.0,0.02,0.0,0.0,0.0,0.0,0.04,0.04
27,5,1,4,False,1.0059667961815768,0.5910280060843274,4,qUCB,0.02,0.52,0.4,0.0,0.0,0.0,0.0,0.0,0.02,0.0,0.0,0.0,0.0,0.04,0.0
27,6,0,5,False,0.799558781843493,0.22493938112767609,0,qUCB,0.26,0.4,0.26,0.0,0.0,0.0,0.0,0.0,0.0,0.0,0.0,0.0,0.0,0.04,0.04
27,6,0,5,False,0.799558781843493,0.22493938112767609,1,qUCB,0.2,0.0,0.76,0.0,0.0,0.0,0.0,0.0,0.0,0.0,0.0,0.04,0.0,0.0,0.0
27,6,0,5,False,0.799558781843493,0.22493938112767609,2,qUCB,0.0,0.54,0.4,0.0,0.04,0.0,0.0,0.0,0.0,0.0,0.0,0.0,0.0,0.02,0.0
27,6,0,5,False,0.799558781843493,0.22493938112767609,3,qUCB,0.0,0.64,0.28,0.04,0.02,0.0,0.0,0.0,0.02,0.0,0.0,0.0,0.0,0.0,0.0
27,6,0,5,False,0.799558781843493,0.22493938112767609,4,qUCB,0.1,0.0,0.86,0.04,0.0,0.0,0.0,0.0,0.0,0.0,0.0,0.0,0.0,0.0,0.0
28,1,5,0,False,0.6742486785404384,0.08582383466953303,0,qEHVI,0.44,0.16,0.3,0.02,0.0,0.0,0.0,0.0,0.0,0.0,0.0,0.04,0.0,0.02,0.02
28,1,5,0,False,0.6742486785404384,0.08582383466953303,1,qEHVI,0.48,0.0,0.44,0.02,0.0,0.0,0.0,0.0,0.04,0.0,0.0,0.0,0.0,0.02,0.0
28,1,5,0,False,0.6742486785404384,0.08582383466953303,2,qEHVI,0.48,0.38,0.04,0.0,0.02,0.0,0.0,0.0,0.02,0.0,0.0,0.02,0.0,0.0,0.04
28,1,5,0,False,0.6742486785404384,0.08582383466953303,3,qEHVI,0.36,0.18,0.36,0.04,0.04,0.0,0.0,0.0,0.02,0.0,0.0,0.0,0.0,0.0,0.0
28,1,5,0,False,0.6742486785404384,0.08582383466953303,4,qEHVI,0.38,0.16,0.38,0.0,0.0,0.0,0.0,0.0,0.0,0.0,0.0,0.04,0.0,0.04,0.0
28,2,4,1,True,0.6358780344367951,0.41975417949607063,0,qEHVI,0.44,0.16,0.3,0.02,0.0,0.0,0.0,0.0,0.0,0.0,0.0,0.04,0.0,0.02,0.02
28,2,4,1,True,0.6358780344367951,0.41975417949607063,1,qEHVI,0.48,0.0,0.44,0.02,0.0,0.0,0.0,0.0,0.04,0.0,0.0,0.0,0.0,0.02,0.0
28,2,4,1,True,0.6358780344367951,0.41975417949607063,2,qEHVI,0.48,0.38,0.04,0.0,0.02,0.0,0.0,0.0,0.02,0.0,0.0,0.02,0.0,0.0,0.04
28,2,4,1,True,0.6358780344367951,0.41975417949607063,3,qEHVI,0.36,0.18,0.36,0.04,0.04,0.0,0.0,0.0,0.02,0.0,0.0,0.0,0.0,0.0,0.0
28,2,4,1,True,0.6358780344367951,0.41975417949607063,4,qUCB,0.36,0.18,0.36,0.0,0.04,0.0,0.0,0.0,0.0,0.0,0.0,0.0,0.0,0.04,0.02
28,3,3,2,False,0.5236598124014782,0.18951895554027676,0,qEHVI,0.44,0.16,0.3,0.02,0.0,0.0,0.0,0.0,0.0,0.0,0.0,0.04,0.0,0.02,0.02
28,3,3,2,False,0.5236598124014782,0.18951895554027676,1,qEHVI,0.48,0.0,0.44,0.02,0.0,0.0,0.0,0.0,0.04,0.0,0.0,0.0,0.0,0.02,0.0
28,3,3,2,False,0.5236598124014782,0.18951895554027676,2,qEHVI,0.48,0.38,0.04,0.0,0.02,0.0,0.0,0.0,0.02,0.0,0.0,0.02,0.0,0.0,0.04
28,3,3,2,False,0.5236598124014782,0.18951895554027676,3,qUCB,0.6,0.24,0.08,0.0,0.04,0.0,0.0,0.0,0.0,0.0,0.0,0.0,0.0,0.04,0.0
28,3,3,2,False,0.5236598124014782,0.18951895554027676,4,qUCB,0.18,0.0,0.76,0.0,0.04,0.0,0.0,0.0,0.0,0.0,0.0,0.02,0.0,0.0,0.0
28,4,2,3,False,0.3854597996798296,0.26721499596465037,0,qEHVI,0.44,0.16,0.3,0.02,0.0,0.0,0.0,0.0,0.0,0.0,0.0,0.04,0.0,0.02,0.02
28,4,2,3,False,0.3854597996798296,0.26721499596465037,1,qEHVI,0.48,0.0,0.44,0.02,0.0,0.0,0.0,0.0,0.04,0.0,0.0,0.0,0.0,0.02,0.0
28,4,2,3,False,0.3854597996798296,0.26721499596465037,2,qUCB,0.66,0.18,0.06,0.0,0.04,0.0,0.0,0.0,0.0,0.0,0.0,0.0,0.0,0.04,0.02
28,4,2,3,False,0.3854597996798296,0.26721499596465037,3,qUCB,0.36,0.44,0.1,0.0,0.04,0.0,0.0,0.0,0.0,0.0,0.0,0.0,0.0,0.02,0.04
28,4,2,3,False,0.3854597996798296,0.26721499596465037,4,qUCB,0.18,0.0,0.76,0.0,0.04,0.0,0.0,0.0,0.0,0.0,0.0,0.02,0.0,0.0,0.0
28,5,1,4,False,0.23222687775640752,0.10696088953450733,0,qEHVI,0.44,0.16,0.3,0.02,0.0,0.0,0.0,0.0,0.0,0.0,0.0,0.04,0.0,0.02,0.02
28,5,1,4,False,0.23222687775640752,0.10696088953450733,1,qUCB,0.4,0.18,0.34,0.0,0.04,0.0,0.0,0.0,0.04,0.0,0.0,0.0,0.0,0.0,0.0
28,5,1,4,False,0.23222687775640752,0.10696088953450733,2,qUCB,0.18,0.0,0.74,0.0,0.04,0.0,0.0,0.0,0.04,0.0,0.0,0.0,0.0,0.0,0.0
28,5,1,4,False,0.23222687775640752,0.10696088953450733,3,qUCB,0.26,0.64,0.0,0.0,0.04,0.0,0.0,0.0,0.04,0.0,0.0,0.0,0.0,0.02,0.0
28,5,1,4,False,0.23222687775640752,0.10696088953450733,4,qUCB,0.0,0.52,0.4,0.02,0.04,0.0,0.0,0.0,0.02,0.0,0.0,0.0,0.0,0.0,0.0
28,6,0,5,False,0.2498478422030583,0.3948562237284623,0,qUCB,0.4,0.12,0.38,0.04,0.0,0.0,0.0,0.0,0.02,0.0,0.0,0.02,0.0,0.02,0.0
28,6,0,5,False,0.2498478422030583,0.3948562237284623,1,qUCB,0.22,0.02,0.74,0.0,0.0,0.0,0.0,0.0,0.0,0.0,0.0,0.0,0.0,0.02,0.0
28,6,0,5,False,0.2498478422030583,0.3948562237284623,2,qUCB,0.0,0.48,0.42,0.04,0.0,0.0,0.0,0.0,0.04,0.0,0.0,0.0,0.0,0.0,0.02
28,6,0,5,False,0.2498478422030583,0.3948562237284623,3,qUCB,0.36,0.46,0.08,0.04,0.0,0.0,0.0,0.0,0.0,0.0,0.0,0.02,0.0,0.0,0.04
28,6,0,5,False,0.2498478422030583,0.3948562237284623,4,qUCB,0.36,0.44,0.1,0.0,0.04,0.0,0.0,0.0,0.0,0.0,0.0,0.0,0.0,0.02,0.04
29,1,5,0,False,1.0133770647822435,0.06341380763571891,0,qEHVI,0.34,0.18,0.38,0.0,0.0,0.0,0.0,0.0,0.04,0.0,0.0,0.04,0.0,0.02,0.0
29,1,5,0,False,1.0133770647822435,0.06341380763571891,1,qEHVI,0.58,0.3,0.06,0.0,0.0,0.0,0.0,0.0,0.0,0.0,0.0,0.04,0.0,0.0,0.02
29,1,5,0,False,1.0133770647822435,0.06341380763571891,2,qEHVI,0.52,0.04,0.34,0.04,0.0,0.0,0.0,0.0,0.0,0.0,0.0,0.04,0.0,0.02,0.0
29,1,5,0,False,1.0133770647822435,0.06341380763571891,3,qEHVI,0.64,0.2,0.06,0.0,0.0,0.0,0.0,0.0,0.02,0.0,0.0,0.02,0.0,0.02,0.04
29,1,5,0,False,1.0133770647822435,0.06341380763571891,4,qEHVI,0.3,0.26,0.38,0.04,0.0,0.0,0.0,0.0,0.0,0.0,0.0,0.02,0.0,0.0,0.0
29,2,4,1,False,0.9927756345480853,0.14879454642725776,0,qEHVI,0.34,0.18,0.38,0.0,0.0,0.0,0.0,0.0,0.04,0.0,0.0,0.04,0.0,0.02,0.0
29,2,4,1,False,0.9927756345480853,0.14879454642725776,1,qEHVI,0.58,0.3,0.06,0.0,0.0,0.0,0.0,0.0,0.0,0.0,0.0,0.04,0.0,0.0,0.02
29,2,4,1,False,0.9927756345480853,0.14879454642725776,2,qEHVI,0.52,0.04,0.34,0.04,0.0,0.0,0.0,0.0,0.0,0.0,0.0,0.04,0.0,0.02,0.0
29,2,4,1,False,0.9927756345480853,0.14879454642725776,3,qEHVI,0.64,0.2,0.06,0.0,0.0,0.0,0.0,0.0,0.02,0.0,0.0,0.02,0.0,0.02,0.04
29,2,4,1,False,0.9927756345480853,0.14879454642725776,4,qUCB,0.26,0.26,0.4,0.0,0.04,0.0,0.0,0.0,0.0,0.0,0.0,0.0,0.0,0.04,0.0
29,3,3,2,True,0.8445724813476858,0.4684986780896643,0,qEHVI,0.34,0.18,0.38,0.0,0.0,0.0,0.0,0.0,0.04,0.0,0.0,0.04,0.0,0.02,0.0
29,3,3,2,True,0.8445724813476858,0.4684986780896643,1,qEHVI,0.58,0.3,0.06,0.0,0.0,0.0,0.0,0.0,0.0,0.0,0.0,0.04,0.0,0.0,0.02
29,3,3,2,True,0.8445724813476858,0.4684986780896643,2,qEHVI,0.52,0.04,0.34,0.04,0.0,0.0,0.0,0.0,0.0,0.0,0.0,0.04,0.0,0.02,0.0
29,3,3,2,True,0.8445724813476858,0.4684986780896643,3,qUCB,0.26,0.26,0.4,0.0,0.04,0.0,0.0,0.0,0.0,0.0,0.0,0.0,0.0,0.04,0.0
29,3,3,2,True,0.8445724813476858,0.4684986780896643,4,qUCB,0.04,0.0,0.88,0.0,0.04,0.0,0.0,0.0,0.0,0.0,0.0,0.0,0.0,0.02,0.02
29,4,2,3,False,0.6468579198926017,0.10007964591402096,0,qEHVI,0.34,0.18,0.38,0.0,0.0,0.0,0.0,0.0,0.04,0.0,0.0,0.04,0.0,0.02,0.0
29,4,2,3,False,0.6468579198926017,0.10007964591402096,1,qEHVI,0.58,0.3,0.06,0.0,0.0,0.0,0.0,0.0,0.0,0.0,0.0,0.04,0.0,0.0,0.02
29,4,2,3,False,0.6468579198926017,0.10007964591402096,2,qUCB,0.56,0.18,0.16,0.04,0.04,0.0,0.0,0.0,0.0,0.0,0.0,0.0,0.0,0.02,0.0
29,4,2,3,False,0.6468579198926017,0.10007964591402096,3,qUCB,0.0,0.06,0.86,0.04,0.04,0.0,0.0,0.0,0.0,0.0,0.0,0.0,0.0,0.0,0.0
29,4,2,3,False,0.6468579198926017,0.10007964591402096,4,qUCB,0.0,0.5,0.4,0.02,0.04,0.0,0.0,0.0,0.02,0.0,0.0,0.0,0.0,0.0,0.02
29,5,1,4,False,0.506501518495606,0.013370894167167968,0,qEHVI,0.34,0.18,0.38,0.0,0.0,0.0,0.0,0.0,0.04,0.0,0.0,0.04,0.0,0.02,0.0
29,5,1,4,False,0.506501518495606,0.013370894167167968,1,qUCB,0.36,0.16,0.38,0.04,0.04,0.0,0.0,0.0,0.0,0.0,0.0,0.0,0.0,0.0,0.02
29,5,1,4,False,0.506501518495606,0.013370894167167968,2,qUCB,0.76,0.0,0.14,0.04,0.02,0.0,0.0,0.0,0.0,0.0,0.0,0.0,0.0,0.0,0.04
29,5,1,4,False,0.506501518495606,0.013370894167167968,3,qUCB,0.0,0.06,0.86,0.04,0.04,0.0,0.0,0.0,0.0,0.0,0.0,0.0,0.0,0.0,0.0
29,5,1,4,False,0.506501518495606,0.013370894167167968,4,qUCB,0.0,0.54,0.4,0.02,0.0,0.0,0.0,0.0,0.0,0.0,0.0,0.0,0.0,0.0,0.04
29,6,0,5,False,0.44151983855602045,0.2025094349352763,0,qUCB,0.62,0.24,0.06,0.0,0.0,0.0,0.0,0.0,0.0,0.0,0.0,0.04,0.0,0.04,0.0
29,6,0,5,False,0.44151983855602045,0.2025094349352763,1,qUCB,0.0,0.52,0.4,0.04,0.0,0.0,0.0,0.0,0.04,0.0,0.0,0.0,0.0,0.0,0.0
29,6,0,5,False,0.44151983855602045,0.2025094349352763,2,qUCB,0.42,0.0,0.52,0.0,0.02,0.0,0.0,0.0,0.0,0.0,0.0,0.04,0.0,0.0,0.0
29,6,0,5,False,0.44151983855602045,0.2025094349352763,3,qUCB,0.0,0.06,0.86,0.04,0.04,0.0,0.0,0.0,0.0,0.0,0.0,0.0,0.0,0.0,0.0
29,6,0,5,False,0.44151983855602045,0.2025094349352763,4,qUCB,0.0,0.52,0.4,0.0,0.02,0.0,0.0,0.0,0.0,0.0,0.0,0.0,0.0,0.02,0.04
30,1,5,0,False,0.8139046751419713,0.17622780173433306,0,qEHVI,0.42,0.22,0.3,0.0,0.0,0.0,0.0,0.0,0.0,0.0,0.0,0.0,0.0,0.02,0.04
30,1,5,0,False,0.8139046751419713,0.17622780173433306,1,qEHVI,0.7000000000000001,0.2,0.04,0.0,0.0,0.0,0.0,0.0,0.0,0.0,0.0,0.0,0.0,0.02,0.04
30,1,5,0,False,0.8139046751419713,0.17622780173433306,2,qEHVI,0.64,0.22,0.06,0.0,0.0,0.0,0.0,0.0,0.02,0.0,0.0,0.02,0.0,0.0,0.04
30,1,5,0,False,0.8139046751419713,0.17622780173433306,3,qEHVI,0.34,0.18,0.38,0.04,0.0,0.0,0.0,0.0,0.02,0.0,0.0,0.02,0.0,0.02,0.0
30,1,5,0,False,0.8139046751419713,0.17622780173433306,4,qEHVI,0.5,0.08,0.34,0.0,0.0,0.0,0.0,0.0,0.0,0.0,0.0,0.02,0.0,0.02,0.04
30,2,4,1,True,0.7601871997631076,0.4778050240876599,0,qEHVI,0.42,0.22,0.3,0.0,0.0,0.0,0.0,0.0,0.0,0.0,0.0,0.0,0.0,0.02,0.04
30,2,4,1,True,0.7601871997631076,0.4778050240876599,1,qEHVI,0.7000000000000001,0.2,0.04,0.0,0.0,0.0,0.0,0.0,0.0,0.0,0.0,0.0,0.0,0.02,0.04
30,2,4,1,True,0.7601871997631076,0.4778050240876599,2,qEHVI,0.62,0.22,0.06,0.0,0.02,0.0,0.0,0.0,0.04,0.0,0.0,0.02,0.0,0.0,0.02
30,2,4,1,True,0.7601871997631076,0.4778050240876599,3,qEHVI,0.34,0.18,0.38,0.04,0.0,0.0,0.0,0.0,0.02,0.0,0.0,0.02,0.0,0.02,0.0
30,2,4,1,True,0.7601871997631076,0.4778050240876599,4,qUCB,0.42,0.08,0.4,0.0,0.04,0.0,0.0,0.0,0.0,0.0,0.0,0.04,0.0,0.02,0.0
30,3,3,2,False,0.6625625839751078,0.33214475050477077,0,qEHVI,0.42,0.22,0.3,0.0,0.0,0.0,0.0,0.0,0.0,0.0,0.0,0.0,0.0,0.02,0.04
30,3,3,2,False,0.6625625839751078,0.33214475050477077,1,qEHVI,0.7000000000000001,0.2,0.04,0.0,0.0,0.0,0.0,0.0,0.0,0.0,0.0,0.0,0.0,0.02,0.04
30,3,3,2,False,0.6625625839751078,0.33214475050477077,2,qEHVI,0.64,0.22,0.06,0.0,0.0,0.0,0.0,0.0,0.02,0.0,0.0,0.02,0.0,0.0,0.04
30,3,3,2,False,0.6625625839751078,0.33214475050477077,3,qUCB,0.48,0.02,0.4,0.04,0.04,0.0,0.0,0.0,0.02,0.0,0.0,0.0,0.0,0.0,0.0
30,3,3,2,False,0.6625625839751078,0.33214475050477077,4,qUCB,0.02,0.48,0.4,0.04,0.04,0.0,0.0,0.0,0.02,0.0,0.0,0.0,0.0,0.0,0.0
30,4,2,3,False,0.525066097246574,0.15297866612592834,0,qEHVI,0.42,0.22,0.3,0.0,0.0,0.0,0.0,0.0,0.0,0.0,0.0,0.0,0.0,0.02,0.04
30,4,2,3,False,0.525066097246574,0.15297866612592834,1,qEHVI,0.7000000000000001,0.2,0.04,0.0,0.0,0.0,0.0,0.0,0.0,0.0,0.0,0.0,0.0,0.02,0.04
30,4,2,3,False,0.525066097246574,0.15297866612592834,2,qUCB,0.48,0.02,0.4,0.04,0.04,0.0,0.0,0.0,0.02,0.0,0.0,0.0,0.0,0.0,0.0
30,4,2,3,False,0.525066097246574,0.15297866612592834,3,qUCB,0.02,0.48,0.4,0.04,0.04,0.0,0.0,0.0,0.02,0.0,0.0,0.0,0.0,0.0,0.0
30,4,2,3,False,0.525066097246574,0.15297866612592834,4,qUCB,0.0,0.86,0.04,0.04,0.02,0.0,0.0,0.0,0.04,0.0,0.0,0.0,0.0,0.0,0.0
30,5,1,4,False,0.35642123910414997,0.019230971716426737,0,qEHVI,0.42,0.22,0.3,0.0,0.0,0.0,0.0,0.0,0.0,0.0,0.0,0.0,0.0,0.02,0.04
30,5,1,4,False,0.35642123910414997,0.019230971716426737,1,qUCB,0.48,0.02,0.4,0.04,0.04,0.0,0.0,0.0,0.02,0.0,0.0,0.0,0.0,0.0,0.0
30,5,1,4,False,0.35642123910414997,0.019230971716426737,2,qUCB,0.02,0.48,0.4,0.04,0.04,0.0,0.0,0.0,0.02,0.0,0.0,0.0,0.0,0.0,0.0
30,5,1,4,False,0.35642123910414997,0.019230971716426737,3,qUCB,0.0,0.86,0.04,0.04,0.02,0.0,0.0,0.0,0.04,0.0,0.0,0.0,0.0,0.0,0.0
30,5,1,4,False,0.35642123910414997,0.019230971716426737,4,qUCB,0.0,0.72,0.2,0.04,0.0,0.0,0.0,0.0,0.04,0.0,0.0,0.0,0.0,0.0,0.0
30,6,0,5,False,0.380286518293573,0.2606862079998393,0,qUCB,0.64,0.2,0.06,0.0,0.0,0.0,0.0,0.0,0.0,0.0,0.0,0.04,0.0,0.04,0.02
30,6,0,5,False,0.380286518293573,0.2606862079998393,1,qUCB,0.84,0.02,0.14,0.0,0.0,0.0,0.0,0.0,0.0,0.0,0.0,0.0,0.0,0.0,0.0
30,6,0,5,False,0.380286518293573,0.2606862079998393,2,qUCB,0.22,0.02,0.76,0.0,0.0,0.0,0.0,0.0,0.0,0.0,0.0,0.0,0.0,0.0,0.0
30,6,0,5,False,0.380286518293573,0.2606862079998393,3,qUCB,0.44,0.0,0.52,0.0,0.0,0.0,0.0,0.0,0.0,0.0,0.0,0.0,0.0,0.04,0.0
30,6,0,5,False,0.380286518293573,0.2606862079998393,4,qUCB,0.74,0.02,0.14,0.04,0.04,0.0,0.0,0.0,0.0,0.0,0.0,0.0,0.0,0.02,0.0
31,1,5,0,False,0.5231120619024927,0.320373510168956,0,qEHVI,0.4,0.2,0.3,0.02,0.02,0.0,0.0,0.0,0.0,0.0,0.0,0.02,0.0,0.02,0.02
31,1,5,0,False,0.5231120619024927,0.320373510168956,1,qEHVI,0.46,0.0,0.44,0.02,0.0,0.0,0.0,0.0,0.04,0.0,0.0,0.02,0.0,0.02,0.0
31,1,5,0,False,0.5231120619024927,0.320373510168956,2,qEHVI,0.42,0.18,0.32,0.04,0.0,0.0,0.0,0.0,0.0,0.0,0.0,0.04,0.0,0.0,0.0
31,1,5,0,False,0.5231120619024927,0.320373510168956,3,qEHVI,0.38,0.2,0.4,0.0,0.02,0.0,0.0,0.0,0.0,0.0,0.0,0.0,0.0,0.0,0.0
31,1,5,0,False,0.5231120619024927,0.320373510168956,4,qEHVI,0.42,0.12,0.36,0.04,0.0,0.0,0.0,0.0,0.0,0.0,0.0,0.04,0.0,0.02,0.0
31,2,4,1,False,0.4813068289036386,0.20525550317726982,0,qEHVI,0.4,0.2,0.3,0.02,0.02,0.0,0.0,0.0,0.0,0.0,0.0,0.02,0.0,0.02,0.02
31,2,4,1,False,0.4813068289036386,0.20525550317726982,1,qEHVI,0.46,0.0,0.44,0.02,0.0,0.0,0.0,0.0,0.04,0.0,0.0,0.02,0.0,0.02,0.0
31,2,4,1,False,0.4813068289036386,0.20525550317726982,2,qEHVI,0.42,0.18,0.32,0.04,0.0,0.0,0.0,0.0,0.0,0.0,0.0,0.04,0.0,0.0,0.0
31,2,4,1,False,0.4813068289036386,0.20525550317726982,3,qEHVI,0.42,0.12,0.36,0.04,0.0,0.0,0.0,0.0,0.0,0.0,0.0,0.04,0.0,0.02,0.0
31,2,4,1,False,0.4813068289036386,0.20525550317726982,4,qUCB,0.34,0.18,0.38,0.0,0.02,0.0,0.0,0.0,0.04,0.0,0.0,0.0,0.0,0.0,0.04
31,3,3,2,True,0.40069792042572344,0.1529028374985284,0,qEHVI,0.4,0.2,0.3,0.02,0.02,0.0,0.0,0.0,0.0,0.0,0.0,0.02,0.0,0.02,0.02
31,3,3,2,True,0.40069792042572344,0.1529028374985284,1,qEHVI,0.46,0.0,0.44,0.02,0.0,0.0,0.0,0.0,0.04,0.0,0.0,0.02,0.0,0.02,0.0
31,3,3,2,True,0.40069792042572344,0.1529028374985284,2,qEHVI,0.42,0.18,0.32,0.04,0.0,0.0,0.0,0.0,0.0,0.0,0.0,0.04,0.0,0.0,0.0
31,3,3,2,True,0.40069792042572344,0.1529028374985284,3,qUCB,0.34,0.18,0.38,0.0,0.02,0.0,0.0,0.0,0.04,0.0,0.0,0.0,0.0,0.0,0.04
31,3,3,2,True,0.40069792042572344,0.1529028374985284,4,qUCB,0.36,0.46,0.1,0.0,0.04,0.0,0.0,0.0,0.04,0.0,0.0,0.0,0.0,0.0,0.0
31,4,2,3,False,0.34009375129136693,0.34042113496468307,0,qEHVI,0.4,0.2,0.3,0.02,0.02,0.0,0.0,0.0,0.0,0.0,0.0,0.02,0.0,0.02,0.02
31,4,2,3,False,0.34009375129136693,0.34042113496468307,1,qEHVI,0.46,0.0,0.44,0.02,0.0,0.0,0.0,0.0,0.04,0.0,0.0,0.02,0.0,0.02,0.0
31,4,2,3,False,0.34009375129136693,0.34042113496468307,2,qUCB,0.34,0.18,0.38,0.0,0.02,0.0,0.0,0.0,0.04,0.0,0.0,0.0,0.0,0.0,0.04
31,4,2,3,False,0.34009375129136693,0.34042113496468307,3,qUCB,0.36,0.46,0.1,0.0,0.04,0.0,0.0,0.0,0.04,0.0,0.0,0.0,0.0,0.0,0.0
31,4,2,3,False,0.34009375129136693,0.34042113496468307,4,qUCB,0.2,0.0,0.74,0.0,0.02,0.0,0.0,0.0,0.0,0.0,0.0,0.0,0.0,0.04,0.0
31,5,1,4,False,0.2747344269955061,0.26825481570180165,0,qEHVI,0.4,0.2,0.3,0.02,0.02,0.0,0.0,0.0,0.0,0.0,0.0,0.02,0.0,0.02,0.02
31,5,1,4,False,0.2747344269955061,0.26825481570180165,1,qUCB,0.38,0.14,0.4,0.0,0.0,0.0,0.0,0.0,0.04,0.0,0.0,0.0,0.0,0.04,0.0
31,5,1,4,False,0.2747344269955061,0.26825481570180165,2,qUCB,0.16,0.0,0.76,0.0,0.0,0.0,0.0,0.0,0.04,0.0,0.0,0.04,0.0,0.0,0.0
31,5,1,4,False,0.2747344269955061,0.26825481570180165,3,qUCB,0.36,0.46,0.1,0.0,0.04,0.0,0.0,0.0,0.04,0.0,0.0,0.0,0.0,0.0,0.0
31,5,1,4,False,0.2747344269955061,0.26825481570180165,4,qUCB,0.28,0.02,0.7000000000000001,0.0,0.0,0.0,0.0,0.0,0.0,0.0,0.0,0.0,0.0,0.0,0.0
31,6,0,5,False,0.14154972897010815,0.3714405611084701,0,qUCB,0.4,0.14,0.4,0.0,0.0,0.0,0.0,0.0,0.0,0.0,0.0,0.02,0.0,0.04,0.0
31,6,0,5,False,0.14154972897010815,0.3714405611084701,1,qUCB,0.2,0.0,0.74,0.0,0.02,0.0,0.0,0.0,0.0,0.0,0.0,0.0,0.0,0.04,0.0
31,6,0,5,False,0.14154972897010815,0.3714405611084701,2,qUCB,0.0,0.52,0.4,0.0,0.0,0.0,0.0,0.0,0.0,0.0,0.0,0.02,0.0,0.02,0.04
31,6,0,5,False,0.14154972897010815,0.3714405611084701,3,qUCB,0.66,0.18,0.06,0.0,0.02,0.0,0.0,0.0,0.0,0.0,0.0,0.04,0.0,0.0,0.04
31,6,0,5,False,0.14154972897010815,0.3714405611084701,4,qUCB,0.0,0.48,0.42,0.04,0.02,0.0,0.0,0.0,0.0,0.0,0.0,0.0,0.0,0.0,0.04
32,1,5,0,False,0.6967860755961551,0.019910398280829966,0,qEHVI,0.7000000000000001,0.16,0.04,0.0,0.0,0.0,0.0,0.0,0.04,0.0,0.0,0.0,0.0,0.02,0.04
32,1,5,0,False,0.6967860755961551,0.019910398280829966,1,qEHVI,0.34,0.2,0.38,0.04,0.0,0.0,0.0,0.0,0.0,0.0,0.0,0.04,0.0,0.0,0.0
32,1,5,0,False,0.6967860755961551,0.019910398280829966,2,qEHVI,0.5,0.02,0.46,0.0,0.0,0.0,0.0,0.0,0.02,0.0,0.0,0.0,0.0,0.0,0.0
32,1,5,0,False,0.6967860755961551,0.019910398280829966,3,qEHVI,0.42,0.14,0.34,0.04,0.04,0.0,0.0,0.0,0.0,0.0,0.0,0.02,0.0,0.0,0.0
32,1,5,0,False,0.6967860755961551,0.019910398280829966,4,qEHVI,0.38,0.24,0.3,0.0,0.0,0.0,0.0,0.0,0.0,0.0,0.0,0.02,0.0,0.02,0.04
32,2,4,1,False,0.5814562802542304,0.28758267016251793,0,qEHVI,0.7000000000000001,0.16,0.04,0.0,0.0,0.0,0.0,0.0,0.04,0.0,0.0,0.0,0.0,0.02,0.04
32,2,4,1,False,0.5814562802542304,0.28758267016251793,1,qEHVI,0.34,0.2,0.38,0.04,0.0,0.0,0.0,0.0,0.0,0.0,0.0,0.04,0.0,0.0,0.0
32,2,4,1,False,0.5814562802542304,0.28758267016251793,2,qEHVI,0.5,0.02,0.46,0.0,0.0,0.0,0.0,0.0,0.02,0.0,0.0,0.0,0.0,0.0,0.0
32,2,4,1,False,0.5814562802542304,0.28758267016251793,3,qEHVI,0.38,0.24,0.3,0.0,0.0,0.0,0.0,0.0,0.0,0.0,0.0,0.02,0.0,0.02,0.04
32,2,4,1,False,0.5814562802542304,0.28758267016251793,4,qUCB,0.7000000000000001,0.16,0.06,0.0,0.04,0.0,0.0,0.0,0.0,0.0,0.0,0.0,0.0,0.04,0.0
32,3,3,2,False,0.5595320614130257,0.02633113778978302,0,qEHVI,0.7000000000000001,0.16,0.04,0.0,0.0,0.0,0.0,0.0,0.04,0.0,0.0,0.0,0.0,0.02,0.04
32,3,3,2,False,0.5595320614130257,0.02633113778978302,1,qEHVI,0.34,0.2,0.38,0.04,0.0,0.0,0.0,0.0,0.0,0.0,0.0,0.04,0.0,0.0,0.0
32,3,3,2,False,0.5595320614130257,0.02633113778978302,2,qEHVI,0.5,0.02,0.46,0.0,0.0,0.0,0.0,0.0,0.02,0.0,0.0,0.0,0.0,0.0,0.0
32,3,3,2,False,0.5595320614130257,0.02633113778978302,3,qUCB,0.46,0.04,0.4,0.02,0.04,0.0,0.0,0.0,0.0,0.0,0.0,0.0,0.0,0.0,0.04
32,3,3,2,False,0.5595320614130257,0.02633113778978302,4,qUCB,0.0,0.88,0.04,0.0,0.04,0.0,0.0,0.0,0.0,0.0,0.0,0.0,0.0,0.04,0.0
32,4,2,3,True,0.3734100513557795,0.41290938637506125,0,qEHVI,0.7000000000000001,0.16,0.04,0.0,0.0,0.0,0.0,0.0,0.04,0.0,0.0,0.0,0.0,0.02,0.04
32,4,2,3,True,0.3734100513557795,0.41290938637506125,1,qEHVI,0.34,0.2,0.38,0.04,0.0,0.0,0.0,0.0,0.0,0.0,0.0,0.04,0.0,0.0,0.0
32,4,2,3,True,0.3734100513557795,0.41290938637506125,2,qUCB,0.48,0.0,0.42,0.0,0.04,0.0,0.0,0.0,0.0,0.0,0.0,0.02,0.0,0.04,0.0
32,4,2,3,True,0.3734100513557795,0.41290938637506125,3,qUCB,0.0,0.88,0.04,0.0,0.04,0.0,0.0,0.0,0.0,0.0,0.0,0.0,0.0,0.04,0.0
32,4,2,3,True,0.3734100513557795,0.41290938637506125,4,qUCB,0.0,0.5,0.4,0.0,0.04,0.0,0.0,0.0,0.02,0.0,0.0,0.0,0.0,0.04,0.0
32,5,1,4,False,0.3536068349867901,0.030085086029799868,0,qEHVI,0.7000000000000001,0.16,0.04,0.0,0.0,0.0,0.0,0.0,0.04,0.0,0.0,0.0,0.0,0.02,0.04
32,5,1,4,False,0.3536068349867901,0.030085086029799868,1,qUCB,0.4,0.12,0.4,0.04,0.04,0.0,0.0,0.0,0.0,0.0,0.0,0.0,0.0,0.0,0.0
32,5,1,4,False,0.3536068349867901,0.030085086029799868,2,qUCB,0.06,0.46,0.4,0.04,0.0,0.0,0.0,0.0,0.0,0.0,0.0,0.04,0.0,0.0,0.0
32,5,1,4,False,0.3536068349867901,0.030085086029799868,3,qUCB,0.2,0.0,0.76,0.0,0.04,0.0,0.0,0.0,0.0,0.0,0.0,0.0,0.0,0.0,0.0
32,5,1,4,False,0.3536068349867901,0.030085086029799868,4,qUCB,0.0,0.86,0.04,0.04,0.04,0.0,0.0,0.0,0.0,0.0,0.0,0.0,0.0,0.0,0.02
32,6,0,5,False,0.464674385912185,0.27565651099985544,0,qUCB,0.6,0.24,0.06,0.0,0.0,0.0,0.0,0.0,0.0,0.0,0.0,0.02,0.0,0.04,0.04
32,6,0,5,False,0.464674385912185,0.27565651099985544,1,qUCB,0.26,0.0,0.72,0.0,0.0,0.0,0.0,0.0,0.0,0.0,0.0,0.02,0.0,0.0,0.0
32,6,0,5,False,0.464674385912185,0.27565651099985544,2,qUCB,0.0,0.5,0.4,0.04,0.02,0.0,0.0,0.0,0.0,0.0,0.0,0.02,0.0,0.0,0.02
32,6,0,5,False,0.464674385912185,0.27565651099985544,3,qUCB,0.44,0.0,0.52,0.0,0.0,0.0,0.0,0.0,0.0,0.0,0.0,0.0,0.0,0.02,0.02
32,6,0,5,False,0.464674385912185,0.27565651099985544,4,qUCB,0.84,0.0,0.14,0.02,0.0,0.0,0.0,0.0,0.0,0.0,0.0,0.0,0.0,0.0,0.0
33,1,5,0,False,0.6037217735820328,0.09027069885978634,0,qEHVI,0.24,0.3,0.38,0.04,0.0,0.0,0.0,0.0,0.02,0.0,0.0,0.02,0.0,0.0,0.0
33,1,5,0,False,0.6037217735820328,0.09027069885978634,1,qEHVI,0.5,0.06,0.34,0.0,0.02,0.0,0.0,0.0,0.02,0.0,0.0,0.02,0.0,0.0,0.04
33,1,5,0,False,0.6037217735820328,0.09027069885978634,2,qEHVI,0.42,0.22,0.3,0.0,0.0,0.0,0.0,0.0,0.0,0.0,0.0,0.02,0.0,0.02,0.02
33,1,5,0,False,0.6037217735820328,0.09027069885978634,3,qEHVI,0.46,0.0,0.52,0.0,0.0,0.0,0.0,0.0,0.0,0.0,0.0,0.0,0.0,0.02,0.0
33,1,5,0,False,0.6037217735820328,0.09027069885978634,4,qEHVI,0.48,0.0,0.46,0.0,0.02,0.0,0.0,0.0,0.04,0.0,0.0,0.0,0.0,0.0,0.0
33,2,4,1,False,0.5672915408275414,0.0753498227204048,0,qEHVI,0.24,0.3,0.38,0.04,0.0,0.0,0.0,0.0,0.02,0.0,0.0,0.02,0.0,0.0,0.0
33,2,4,1,False,0.5672915408275414,0.0753498227204048,1,qEHVI,0.5,0.06,0.34,0.0,0.02,0.0,0.0,0.0,0.02,0.0,0.0,0.02,0.0,0.0,0.04
33,2,4,1,False,0.5672915408275414,0.0753498227204048,2,qEHVI,0.42,0.22,0.3,0.0,0.0,0.0,0.0,0.0,0.0,0.0,0.0,0.02,0.0,0.02,0.02
33,2,4,1,False,0.5672915408275414,0.0753498227204048,3,qEHVI,0.7000000000000001,0.16,0.04,0.0,0.0,0.0,0.0,0.0,0.02,0.0,0.0,0.02,0.0,0.02,0.04
33,2,4,1,False,0.5672915408275414,0.0753498227204048,4,qUCB,0.7000000000000001,0.14,0.06,0.0,0.04,0.0,0.0,0.0,0.02,0.0,0.0,0.0,0.0,0.04,0.0
33,3,3,2,False,0.5057894478381674,0.17352816528656145,0,qEHVI,0.24,0.3,0.38,0.04,0.0,0.0,0.0,0.0,0.02,0.0,0.0,0.02,0.0,0.0,0.0
33,3,3,2,False,0.5057894478381674,0.17352816528656145,1,qEHVI,0.5,0.06,0.34,0.0,0.02,0.0,0.0,0.0,0.02,0.0,0.0,0.02,0.0,0.0,0.04
33,3,3,2,False,0.5057894478381674,0.17352816528656145,2,qEHVI,0.42,0.22,0.3,0.0,0.0,0.0,0.0,0.0,0.0,0.0,0.0,0.02,0.0,0.02,0.02
33,3,3,2,False,0.5057894478381674,0.17352816528656145,3,qUCB,0.7000000000000001,0.14,0.06,0.0,0.04,0.0,0.0,0.0,0.02,0.0,0.0,0.0,0.0,0.04,0.0
33,3,3,2,False,0.5057894478381674,0.17352816528656145,4,qUCB,0.62,0.14,0.14,0.04,0.04,0.0,0.0,0.0,0.0,0.0,0.0,0.0,0.0,0.0,0.02
33,4,2,3,True,0.46111437680420536,0.3448144181452403,0,qEHVI,0.24,0.3,0.38,0.04,0.0,0.0,0.0,0.0,0.02,0.0,0.0,0.02,0.0,0.0,0.0
33,4,2,3,True,0.46111437680420536,0.3448144181452403,1,qEHVI,0.5,0.06,0.34,0.0,0.02,0.0,0.0,0.0,0.02,0.0,0.0,0.02,0.0,0.0,0.04
33,4,2,3,True,0.46111437680420536,0.3448144181452403,2,qUCB,0.56,0.0,0.4,0.0,0.0,0.0,0.0,0.0,0.0,0.0,0.0,0.0,0.0,0.04,0.0
33,4,2,3,True,0.46111437680420536,0.3448144181452403,3,qUCB,0.8,0.02,0.14,0.0,0.0,0.0,0.0,0.0,0.0,0.0,0.0,0.0,0.0,0.04,0.0
33,4,2,3,True,0.46111437680420536,0.3448144181452403,4,qUCB,0.46,0.0,0.52,0.0,0.0,0.0,0.0,0.0,0.0,0.0,0.0,0.0,0.0,0.02,0.0
33,5,1,4,False,0.31430103375325324,0.002612363339052237,0,qEHVI,0.24,0.3,0.38,0.04,0.0,0.0,0.0,0.0,0.02,0.0,0.0,0.02,0.0,0.0,0.0
33,5,1,4,False,0.31430103375325324,0.002612363339052237,1,qUCB,0.64,0.2,0.08,0.0,0.04,0.0,0.0,0.0,0.0,0.0,0.0,0.0,0.0,0.0,0.04
33,5,1,4,False,0.31430103375325324,0.002612363339052237,2,qUCB,0.8200000000000001,0.0,0.14,0.0,0.0,0.0,0.0,0.0,0.0,0.0,0.0,0.0,0.0,0.0,0.04
33,5,1,4,False,0.31430103375325324,0.002612363339052237,3,qUCB,0.0,0.62,0.3,0.0,0.04,0.0,0.0,0.0,0.0,0.0,0.0,0.0,0.0,0.0,0.04
33,5,1,4,False,0.31430103375325324,0.002612363339052237,4,qUCB,0.54,0.22,0.14,0.0,0.04,0.0,0.0,0.0,0.0,0.0,0.0,0.0,0.0,0.02,0.04
33,6,0,5,False,0.29666008667191773,0.24384301392512064,0,qUCB,0.66,0.22,0.06,0.0,0.0,0.0,0.0,0.0,0.0,0.0,0.0,0.02,0.0,0.0,0.04
33,6,0,5,False,0.29666008667191773,0.24384301392512064,1,qUCB,0.46,0.0,0.52,0.0,0.0,0.0,0.0,0.0,0.0,0.0,0.0,0.0,0.0,0.02,0.0
33,6,0,5,False,0.29666008667191773,0.24384301392512064,2,qUCB,0.8200000000000001,0.0,0.14,0.0,0.0,0.0,0.0,0.0,0.0,0.0,0.0,0.0,0.0,0.0,0.04
33,6,0,5,False,0.29666008667191773,0.24384301392512064,3,qUCB,0.2,0.02,0.76,0.0,0.0,0.0,0.0,0.0,0.02,0.0,0.0,0.0,0.0,0.0,0.0
33,6,0,5,False,0.29666008667191773,0.24384301392512064,4,qUCB,0.76,0.02,0.14,0.04,0.0,0.0,0.0,0.0,0.0,0.0,0.0,0.0,0.0,0.0,0.04
34,1,5,0,False,0.7487762083730373,0.2885677457298037,0,qEHVI,0.4,0.14,0.4,0.0,0.0,0.0,0.0,0.0,0.0,0.0,0.0,0.04,0.0,0.02,0.0
34,1,5,0,False,0.7487762083730373,0.2885677457298037,1,qEHVI,0.64,0.0,0.34,0.02,0.0,0.0,0.0,0.0,0.0,0.0,0.0,0.0,0.0,0.0,0.0
34,1,5,0,False,0.7487762083730373,0.2885677457298037,2,qEHVI,0.44,0.18,0.3,0.02,0.0,0.0,0.0,0.0,0.0,0.0,0.0,0.02,0.0,0.02,0.02
34,1,5,0,False,0.7487762083730373,0.2885677457298037,3,qEHVI,0.46,0.0,0.44,0.02,0.04,0.0,0.0,0.0,0.0,0.0,0.0,0.02,0.0,0.02,0.0
34,1,5,0,False,0.7487762083730373,0.2885677457298037,4,qEHVI,0.4,0.14,0.4,0.04,0.0,0.0,0.0,0.0,0.0,0.0,0.0,0.0,0.0,0.0,0.02
34,2,4,1,False,0.7073141404988891,0.2832746357879117,0,qEHVI,0.4,0.14,0.4,0.0,0.0,0.0,0.0,0.0,0.0,0.0,0.0,0.04,0.0,0.02,0.0
34,2,4,1,False,0.7073141404988891,0.2832746357879117,1,qEHVI,0.64,0.0,0.34,0.02,0.0,0.0,0.0,0.0,0.0,0.0,0.0,0.0,0.0,0.0,0.0
34,2,4,1,False,0.7073141404988891,0.2832746357879117,2,qEHVI,0.42,0.22,0.3,0.02,0.0,0.0,0.0,0.0,0.0,0.0,0.0,0.0,0.0,0.04,0.0
34,2,4,1,False,0.7073141404988891,0.2832746357879117,3,qEHVI,0.46,0.0,0.44,0.02,0.04,0.0,0.0,0.0,0.0,0.0,0.0,0.02,0.0,0.02,0.0
34,2,4,1,False,0.7073141404988891,0.2832746357879117,4,qUCB,0.62,0.2,0.08,0.0,0.0,0.0,0.0,0.0,0.04,0.0,0.0,0.02,0.0,0.0,0.04
34,3,3,2,False,0.5553373769236661,0.36716265961979655,0,qEHVI,0.4,0.14,0.4,0.0,0.0,0.0,0.0,0.0,0.0,0.0,0.0,0.04,0.0,0.02,0.0
34,3,3,2,False,0.5553373769236661,0.36716265961979655,1,qEHVI,0.64,0.0,0.34,0.02,0.0,0.0,0.0,0.0,0.0,0.0,0.0,0.0,0.0,0.0,0.0
34,3,3,2,False,0.5553373769236661,0.36716265961979655,2,qEHVI,0.44,0.18,0.3,0.02,0.0,0.0,0.0,0.0,0.0,0.0,0.0,0.02,0.0,0.02,0.02
34,3,3,2,False,0.5553373769236661,0.36716265961979655,3,qUCB,0.68,0.16,0.06,0.0,0.04,0.0,0.0,0.0,0.04,0.0,0.0,0.0,0.0,0.02,0.0
34,3,3,2,False,0.5553373769236661,0.36716265961979655,4,qUCB,0.22,0.0,0.74,0.0,0.0,0.0,0.0,0.0,0.0,0.0,0.0,0.0,0.0,0.04,0.0
34,4,2,3,True,0.5245590119098889,0.534366706159835,0,qEHVI,0.4,0.14,0.4,0.0,0.0,0.0,0.0,0.0,0.0,0.0,0.0,0.04,0.0,0.02,0.0
34,4,2,3,True,0.5245590119098889,0.534366706159835,1,qEHVI,0.64,0.0,0.34,0.02,0.0,0.0,0.0,0.0,0.0,0.0,0.0,0.0,0.0,0.0,0.0
34,4,2,3,True,0.5245590119098889,0.534366706159835,2,qUCB,0.62,0.2,0.08,0.0,0.0,0.0,0.0,0.0,0.04,0.0,0.0,0.02,0.0,0.0,0.04
34,4,2,3,True,0.5245590119098889,0.534366706159835,3,qUCB,0.0,0.56,0.34,0.0,0.04,0.0,0.0,0.0,0.0,0.0,0.0,0.0,0.0,0.04,0.02
34,4,2,3,True,0.5245590119098889,0.534366706159835,4,qUCB,0.22,0.0,0.74,0.0,0.0,0.0,0.0,0.0,0.0,0.0,0.0,0.0,0.0,0.04,0.0
34,5,1,4,False,0.29532193577029486,0.0265110606613006,0,qEHVI,0.4,0.14,0.4,0.0,0.0,0.0,0.0,0.0,0.0,0.0,0.0,0.04,0.0,0.02,0.0
34,5,1,4,False,0.29532193577029486,0.0265110606613006,1,qUCB,0.66,0.16,0.08,0.0,0.02,0.0,0.0,0.0,0.04,0.0,0.0,0.0,0.0,0.0,0.04
34,5,1,4,False,0.29532193577029486,0.0265110606613006,2,qUCB,0.22,0.62,0.06,0.04,0.0,0.0,0.0,0.0,0.04,0.0,0.0,0.0,0.0,0.0,0.02
34,5,1,4,False,0.29532193577029486,0.0265110606613006,3,qUCB,0.0,0.62,0.3,0.04,0.0,0.0,0.0,0.0,0.0,0.0,0.0,0.0,0.0,0.0,0.04
34,5,1,4,False,0.29532193577029486,0.0265110606613006,4,qUCB,0.24,0.0,0.74,0.02,0.0,0.0,0.0,0.0,0.0,0.0,0.0,0.0,0.0,0.0,0.0
34,6,0,5,False,0.37473816825854817,0.315472324972208,0,qUCB,0.4,0.14,0.4,0.0,0.0,0.0,0.0,0.0,0.0,0.0,0.0,0.04,0.0,0.02,0.0
34,6,0,5,False,0.37473816825854817,0.315472324972208,1,qUCB,0.24,0.0,0.74,0.02,0.0,0.0,0.0,0.0,0.0,0.0,0.0,0.0,0.0,0.0,0.0
34,6,0,5,False,0.37473816825854817,0.315472324972208,2,qUCB,0.3,0.0,0.7000000000000001,0.0,0.0,0.0,0.0,0.0,0.0,0.0,0.0,0.0,0.0,0.0,0.0
34,6,0,5,False,0.37473816825854817,0.315472324972208,3,qUCB,0.0,0.58,0.32,0.0,0.02,0.0,0.0,0.0,0.0,0.0,0.0,0.04,0.0,0.04,0.0
34,6,0,5,False,0.37473816825854817,0.315472324972208,4,qUCB,0.22,0.0,0.74,0.0,0.0,0.0,0.0,0.0,0.0,0.0,0.0,0.0,0.0,0.04,0.0
35,1,5,0,False,0.7984764666845634,0.03915853001628555,0,qEHVI,0.4,0.14,0.4,0.0,0.0,0.0,0.0,0.0,0.0,0.0,0.0,0.0,0.0,0.04,0.02
35,1,5,0,False,0.7984764666845634,0.03915853001628555,1,qEHVI,0.44,0.18,0.3,0.04,0.0,0.0,0.0,0.0,0.0,0.0,0.0,0.02,0.0,0.0,0.02
35,1,5,0,False,0.7984764666845634,0.03915853001628555,2,qEHVI,0.42,0.06,0.44,0.0,0.04,0.0,0.0,0.0,0.0,0.0,0.0,0.02,0.0,0.0,0.02
35,1,5,0,False,0.7984764666845634,0.03915853001628555,3,qEHVI,0.4,0.12,0.4,0.04,0.0,0.0,0.0,0.0,0.0,0.0,0.0,0.0,0.0,0.0,0.04
35,1,5,0,False,0.7984764666845634,0.03915853001628555,4,qEHVI,0.4,0.04,0.46,0.0,0.04,0.0,0.0,0.0,0.0,0.0,0.0,0.0,0.0,0.02,0.04
35,2,4,1,True,0.7290347166727777,0.16153573110860187,0,qEHVI,0.4,0.14,0.4,0.0,0.0,0.0,0.0,0.0,0.0,0.0,0.0,0.0,0.0,0.04,0.02
35,2,4,1,True,0.7290347166727777,0.16153573110860187,1,qEHVI,0.44,0.18,0.3,0.04,0.0,0.0,0.0,0.0,0.0,0.0,0.0,0.02,0.0,0.0,0.02
35,2,4,1,True,0.7290347166727777,0.16153573110860187,2,qEHVI,0.42,0.06,0.44,0.0,0.04,0.0,0.0,0.0,0.0,0.0,0.0,0.02,0.0,0.0,0.02
35,2,4,1,True,0.7290347166727777,0.16153573110860187,3,qEHVI,0.4,0.12,0.4,0.04,0.0,0.0,0.0,0.0,0.0,0.0,0.0,0.0,0.0,0.0,0.04
35,2,4,1,True,0.7290347166727777,0.16153573110860187,4,qUCB,0.68,0.24,0.04,0.0,0.0,0.0,0.0,0.0,0.04,0.0,0.0,0.0,0.0,0.0,0.0
35,3,3,2,False,0.6216118045950537,0.26673413465002227,0,qEHVI,0.4,0.14,0.4,0.0,0.0,0.0,0.0,0.0,0.0,0.0,0.0,0.0,0.0,0.04,0.02
35,3,3,2,False,0.6216118045950537,0.26673413465002227,1,qEHVI,0.44,0.18,0.3,0.04,0.0,0.0,0.0,0.0,0.0,0.0,0.0,0.02,0.0,0.0,0.02
35,3,3,2,False,0.6216118045950537,0.26673413465002227,2,qEHVI,0.42,0.06,0.44,0.0,0.04,0.0,0.0,0.0,0.0,0.0,0.0,0.02,0.0,0.0,0.02
35,3,3,2,False,0.6216118045950537,0.26673413465002227,3,qUCB,0.68,0.24,0.04,0.0,0.0,0.0,0.0,0.0,0.04,0.0,0.0,0.0,0.0,0.0,0.0
35,3,3,2,False,0.6216118045950537,0.26673413465002227,4,qUCB,0.24,0.7000000000000001,0.0,0.0,0.0,0.0,0.0,0.0,0.04,0.0,0.0,0.02,0.0,0.0,0.0
35,4,2,3,False,0.4688035888144244,0.14509437229830802,0,qEHVI,0.4,0.14,0.4,0.0,0.0,0.0,0.0,0.0,0.0,0.0,0.0,0.0,0.0,0.04,0.02
35,4,2,3,False,0.4688035888144244,0.14509437229830802,1,qEHVI,0.44,0.18,0.3,0.04,0.0,0.0,0.0,0.0,0.0,0.0,0.0,0.02,0.0,0.0,0.02
35,4,2,3,False,0.4688035888144244,0.14509437229830802,2,qUCB,0.4,0.14,0.38,0.0,0.04,0.0,0.0,0.0,0.04,0.0,0.0,0.0,0.0,0.0,0.0
35,4,2,3,False,0.4688035888144244,0.14509437229830802,3,qUCB,0.14,0.76,0.0,0.0,0.04,0.0,0.0,0.0,0.04,0.0,0.0,0.02,0.0,0.0,0.0
35,4,2,3,False,0.4688035888144244,0.14509437229830802,4,qUCB,0.7000000000000001,0.14,0.08,0.0,0.04,0.0,0.0,0.0,0.04,0.0,0.0,0.0,0.0,0.0,0.0
35,5,1,4,False,0.3900591133943993,0.19252890543468792,0,qEHVI,0.4,0.14,0.4,0.0,0.0,0.0,0.0,0.0,0.0,0.0,0.0,0.0,0.0,0.04,0.02
35,5,1,4,False,0.3900591133943993,0.19252890543468792,1,qUCB,0.4,0.1,0.4,0.04,0.02,0.0,0.0,0.0,0.0,0.0,0.0,0.04,0.0,0.0,0.0
35,5,1,4,False,0.3900591133943993,0.19252890543468792,2,qUCB,0.64,0.2,0.06,0.0,0.02,0.0,0.0,0.0,0.04,0.0,0.0,0.04,0.0,0.0,0.0
35,5,1,4,False,0.3900591133943993,0.19252890543468792,3,qUCB,0.18,0.66,0.06,0.04,0.04,0.0,0.0,0.0,0.0,0.0,0.0,0.02,0.0,0.0,0.0
35,5,1,4,False,0.3900591133943993,0.19252890543468792,4,qUCB,0.16,0.74,0.0,0.04,0.0,0.0,0.0,0.0,0.04,0.0,0.0,0.02,0.0,0.0,0.0
35,6,0,5,False,0.4711138098197714,0.02525647960906241,0,qUCB,0.42,0.08,0.4,0.04,0.02,0.0,0.0,0.0,0.0,0.0,0.0,0.02,0.0,0.02,0.0
35,6,0,5,False,0.4711138098197714,0.02525647960906241,1,qUCB,0.4,0.14,0.4,0.0,0.0,0.0,0.0,0.0,0.0,0.0,0.0,0.0,0.0,0.04,0.02
35,6,0,5,False,0.4711138098197714,0.02525647960906241,2,qUCB,0.0,0.64,0.28,0.04,0.0,0.0,0.0,0.0,0.0,0.0,0.0,0.02,0.0,0.02,0.0
35,6,0,5,False,0.4711138098197714,0.02525647960906241,3,qUCB,0.26,0.64,0.0,0.0,0.02,0.0,0.0,0.0,0.0,0.0,0.0,0.0,0.0,0.04,0.04
35,6,0,5,False,0.4711138098197714,0.02525647960906241,4,qUCB,0.38,0.1,0.42,0.0,0.02,0.0,0.0,0.0,0.04,0.0,0.0,0.0,0.0,0.04,0.0
36,1,5,0,False,0.7855755660336052,0.237894168472085,0,qEHVI,0.38,0.18,0.4,0.0,0.02,0.0,0.0,0.0,0.02,0.0,0.0,0.0,0.0,0.0,0.0
36,1,5,0,False,0.7855755660336052,0.237894168472085,1,qEHVI,0.4,0.24,0.3,0.02,0.0,0.0,0.0,0.0,0.0,0.0,0.0,0.04,0.0,0.0,0.0
36,1,5,0,False,0.7855755660336052,0.237894168472085,2,qEHVI,0.42,0.04,0.44,0.02,0.0,0.0,0.0,0.0,0.0,0.0,0.0,0.02,0.0,0.04,0.02
36,1,5,0,False,0.7855755660336052,0.237894168472085,3,qEHVI,0.6,0.0,0.36,0.02,0.0,0.0,0.0,0.0,0.02,0.0,0.0,0.0,0.0,0.0,0.0
36,1,5,0,False,0.7855755660336052,0.237894168472085,4,qEHVI,0.46,0.08,0.36,0.04,0.0,0.0,0.0,0.0,0.02,0.0,0.0,0.0,0.0,0.04,0.0
36,2,4,1,False,0.7506822701943069,0.03907361611289417,0,qEHVI,0.38,0.18,0.4,0.0,0.02,0.0,0.0,0.0,0.02,0.0,0.0,0.0,0.0,0.0,0.0
36,2,4,1,False,0.7506822701943069,0.03907361611289417,1,qEHVI,0.4,0.24,0.3,0.02,0.0,0.0,0.0,0.0,0.0,0.0,0.0,0.04,0.0,0.0,0.0
36,2,4,1,False,0.7506822701943069,0.03907361611289417,2,qEHVI,0.42,0.04,0.44,0.02,0.0,0.0,0.0,0.0,0.0,0.0,0.0,0.02,0.0,0.04,0.02
36,2,4,1,False,0.7506822701943069,0.03907361611289417,3,qEHVI,0.6,0.0,0.36,0.02,0.0,0.0,0.0,0.0,0.02,0.0,0.0,0.0,0.0,0.0,0.0
36,2,4,1,False,0.7506822701943069,0.03907361611289417,4,qUCB,0.4,0.1,0.4,0.0,0.0,0.0,0.0,0.0,0.04,0.0,0.0,0.02,0.0,0.0,0.04
36,3,3,2,True,0.6102416909310188,0.39810827832158857,0,qEHVI,0.38,0.18,0.4,0.0,0.02,0.0,0.0,0.0,0.02,0.0,0.0,0.0,0.0,0.0,0.0
36,3,3,2,True,0.6102416909310188,0.39810827832158857,1,qEHVI,0.4,0.24,0.3,0.02,0.0,0.0,0.0,0.0,0.0,0.0,0.0,0.04,0.0,0.0,0.0
36,3,3,2,True,0.6102416909310188,0.39810827832158857,2,qEHVI,0.42,0.04,0.44,0.02,0.0,0.0,0.0,0.0,0.0,0.0,0.0,0.02,0.0,0.04,0.02
36,3,3,2,True,0.6102416909310188,0.39810827832158857,3,qUCB,0.46,0.04,0.4,0.04,0.02,0.0,0.0,0.0,0.0,0.0,0.0,0.0,0.0,0.0,0.04
36,3,3,2,True,0.6102416909310188,0.39810827832158857,4,qUCB,0.28,0.54,0.08,0.04,0.02,0.0,0.0,0.0,0.0,0.0,0.0,0.0,0.0,0.0,0.04
36,4,2,3,False,0.5344079514876559,0.03377699758720354,0,qEHVI,0.38,0.18,0.4,0.0,0.02,0.0,0.0,0.0,0.02,0.0,0.0,0.0,0.0,0.0,0.0
36,4,2,3,False,0.5344079514876559,0.03377699758720354,1,qEHVI,0.4,0.24,0.3,0.02,0.0,0.0,0.0,0.0,0.0,0.0,0.0,0.04,0.0,0.0,0.0
36,4,2,3,False,0.5344079514876559,0.03377699758720354,2,qUCB,0.38,0.14,0.4,0.0,0.0,0.0,0.0,0.0,0.0,0.0,0.0,0.0,0.0,0.04,0.04
36,4,2,3,False,0.5344079514876559,0.03377699758720354,3,qUCB,0.0,0.72,0.18,0.04,0.02,0.0,0.0,0.0,0.0,0.0,0.0,0.0,0.0,0.04,0.0
36,4,2,3,False,0.5344079514876559,0.03377699758720354,4,qUCB,0.68,0.18,0.04,0.04,0.0,0.0,0.0,0.0,0.0,0.0,0.0,0.0,0.0,0.04,0.02
36,5,1,4,False,0.4475219512170882,0.1785369495002298,0,qEHVI,0.38,0.18,0.4,0.0,0.02,0.0,0.0,0.0,0.02,0.0,0.0,0.0,0.0,0.0,0.0
36,5,1,4,False,0.4475219512170882,0.1785369495002298,1,qUCB,0.44,0.08,0.38,0.04,0.0,0.0,0.0,0.0,0.0,0.0,0.0,0.04,0.0,0.0,0.02
36,5,1,4,False,0.4475219512170882,0.1785369495002298,2,qUCB,0.0,0.68,0.22,0.04,0.0,0.0,0.0,0.0,0.0,0.0,0.0,0.04,0.0,0.0,0.02
36,5,1,4,False,0.4475219512170882,0.1785369495002298,3,qUCB,0.3,0.62,0.0,0.0,0.0,0.0,0.0,0.0,0.0,0.0,0.0,0.04,0.0,0.04,0.0
36,5,1,4,False,0.4475219512170882,0.1785369495002298,4,qUCB,0.68,0.18,0.04,0.04,0.0,0.0,0.0,0.0,0.0,0.0,0.0,0.0,0.0,0.04,0.02
36,6,0,5,False,0.36720637112232046,0.11284539772155489,0,qUCB,0.4,0.12,0.4,0.02,0.04,0.0,0.0,0.0,0.02,0.0,0.0,0.0,0.0,0.0,0.0
36,6,0,5,False,0.36720637112232046,0.11284539772155489,1,qUCB,0.3,0.62,0.0,0.0,0.0,0.0,0.0,0.0,0.0,0.0,0.0,0.04,0.0,0.04,0.0
36,6,0,5,False,0.36720637112232046,0.11284539772155489,2,qUCB,0.0,0.68,0.22,0.04,0.0,0.0,0.0,0.0,0.0,0.0,0.0,0.04,0.0,0.0,0.02
36,6,0,5,False,0.36720637112232046,0.11284539772155489,3,qUCB,0.26,0.58,0.06,0.04,0.04,0.0,0.0,0.0,0.0,0.0,0.0,0.02,0.0,0.0,0.0
36,6,0,5,False,0.36720637112232046,0.11284539772155489,4,qUCB,0.36,0.48,0.08,0.04,0.0,0.0,0.0,0.0,0.02,0.0,0.0,0.0,0.0,0.0,0.02
37,1,5,0,False,0.6936707108868518,0.12523186253679341,0,qEHVI,0.42,0.14,0.4,0.02,0.0,0.0,0.0,0.0,0.0,0.0,0.0,0.0,0.0,0.02,0.0
37,1,5,0,False,0.6936707108868518,0.12523186253679341,1,qEHVI,0.38,0.22,0.3,0.04,0.0,0.0,0.0,0.0,0.0,0.0,0.0,0.02,0.0,0.0,0.04
37,1,5,0,False,0.6936707108868518,0.12523186253679341,2,qEHVI,0.6,0.0,0.36,0.02,0.02,0.0,0.0,0.0,0.0,0.0,0.0,0.0,0.0,0.0,0.0
37,1,5,0,False,0.6936707108868518,0.12523186253679341,3,qEHVI,0.44,0.02,0.44,0.02,0.02,0.0,0.0,0.0,0.0,0.0,0.0,0.04,0.0,0.02,0.0
37,1,5,0,False,0.6936707108868518,0.12523186253679341,4,qEHVI,0.7000000000000001,0.22,0.0,0.04,0.0,0.0,0.0,0.0,0.04,0.0,0.0,0.0,0.0,0.0,0.0
37,2,4,1,False,0.6020480178412879,0.13900116955894504,0,qEHVI,0.42,0.14,0.4,0.02,0.0,0.0,0.0,0.0,0.0,0.0,0.0,0.0,0.0,0.02,0.0
37,2,4,1,False,0.6020480178412879,0.13900116955894504,1,qEHVI,0.38,0.22,0.3,0.04,0.0,0.0,0.0,0.0,0.0,0.0,0.0,0.02,0.0,0.0,0.04
37,2,4,1,False,0.6020480178412879,0.13900116955894504,2,qEHVI,0.6,0.0,0.36,0.02,0.02,0.0,0.0,0.0,0.0,0.0,0.0,0.0,0.0,0.0,0.0
37,2,4,1,False,0.6020480178412879,0.13900116955894504,3,qEHVI,0.44,0.02,0.44,0.02,0.02,0.0,0.0,0.0,0.0,0.0,0.0,0.04,0.0,0.02,0.0
37,2,4,1,False,0.6020480178412879,0.13900116955894504,4,qUCB,0.7000000000000001,0.14,0.06,0.0,0.0,0.0,0.0,0.0,0.04,0.0,0.0,0.0,0.0,0.02,0.04
37,3,3,2,False,0.5003790902572071,0.017589841728089084,0,qEHVI,0.42,0.14,0.4,0.02,0.0,0.0,0.0,0.0,0.0,0.0,0.0,0.0,0.0,0.02,0.0
37,3,3,2,False,0.5003790902572071,0.017589841728089084,1,qEHVI,0.38,0.22,0.3,0.04,0.0,0.0,0.0,0.0,0.0,0.0,0.0,0.02,0.0,0.0,0.04
37,3,3,2,False,0.5003790902572071,0.017589841728089084,2,qEHVI,0.6,0.0,0.36,0.02,0.02,0.0,0.0,0.0,0.0,0.0,0.0,0.0,0.0,0.0,0.0
37,3,3,2,False,0.5003790902572071,0.017589841728089084,3,qUCB,0.66,0.18,0.06,0.0,0.0,0.0,0.0,0.0,0.04,0.0,0.0,0.04,0.0,0.0,0.02
37,3,3,2,False,0.5003790902572071,0.017589841728089084,4,qUCB,0.28,0.62,0.0,0.0,0.02,0.0,0.0,0.0,0.04,0.0,0.0,0.0,0.0,0.0,0.04
37,4,2,3,True,0.4169590896219089,0.01782660484541765,0,qEHVI,0.42,0.14,0.4,0.02,0.0,0.0,0.0,0.0,0.0,0.0,0.0,0.0,0.0,0.02,0.0
37,4,2,3,True,0.4169590896219089,0.01782660484541765,1,qEHVI,0.38,0.22,0.3,0.04,0.0,0.0,0.0,0.0,0.0,0.0,0.0,0.02,0.0,0.0,0.04
37,4,2,3,True,0.4169590896219089,0.01782660484541765,2,qUCB,0.66,0.18,0.06,0.0,0.0,0.0,0.0,0.0,0.04,0.0,0.0,0.04,0.0,0.0,0.02
37,4,2,3,True,0.4169590896219089,0.01782660484541765,3,qUCB,0.28,0.62,0.0,0.0,0.02,0.0,0.0,0.0,0.04,0.0,0.0,0.0,0.0,0.0,0.04
37,4,2,3,True,0.4169590896219089,0.01782660484541765,4,qUCB,0.0,0.7000000000000001,0.2,0.04,0.04,0.0,0.0,0.0,0.02,0.0,0.0,0.0,0.0,0.0,0.0
37,5,1,4,False,0.30944990774775966,0.027733227241576217,0,qEHVI,0.42,0.14,0.4,0.02,0.0,0.0,0.0,0.0,0.0,0.0,0.0,0.0,0.0,0.02,0.0
37,5,1,4,False,0.30944990774775966,0.027733227241576217,1,qUCB,0.66,0.18,0.06,0.0,0.0,0.0,0.0,0.0,0.04,0.0,0.0,0.04,0.0,0.0,0.02
37,5,1,4,False,0.30944990774775966,0.027733227241576217,2,qUCB,0.28,0.62,0.0,0.0,0.02,0.0,0.0,0.0,0.04,0.0,0.0,0.0,0.0,0.0,0.04
37,5,1,4,False,0.30944990774775966,0.027733227241576217,3,qUCB,0.0,0.7000000000000001,0.2,0.04,0.04,0.0,0.0,0.0,0.02,0.0,0.0,0.0,0.0,0.0,0.0
37,5,1,4,False,0.30944990774775966,0.027733227241576217,4,qUCB,0.0,0.62,0.28,0.04,0.02,0.0,0.0,0.0,0.0,0.0,0.0,0.0,0.0,0.0,0.04
37,6,0,5,False,0.37667317319290483,0.026167718234001214,0,qUCB,0.42,0.14,0.4,0.02,0.0,0.0,0.0,0.0,0.0,0.0,0.0,0.0,0.0,0.02,0.0
37,6,0,5,False,0.37667317319290483,0.026167718234001214,1,qUCB,0.0,0.62,0.28,0.04,0.02,0.0,0.0,0.0,0.0,0.0,0.0,0.0,0.0,0.0,0.04
37,6,0,5,False,0.37667317319290483,0.026167718234001214,2,qUCB,0.0,0.7000000000000001,0.2,0.04,0.04,0.0,0.0,0.0,0.02,0.0,0.0,0.0,0.0,0.0,0.0
37,6,0,5,False,0.37667317319290483,0.026167718234001214,3,qUCB,0.76,0.0,0.22,0.0,0.0,0.0,0.0,0.0,0.0,0.0,0.0,0.0,0.0,0.0,0.02
37,6,0,5,False,0.37667317319290483,0.026167718234001214,4,qUCB,0.7000000000000001,0.16,0.04,0.04,0.0,0.0,0.0,0.0,0.02,0.0,0.0,0.0,0.0,0.02,0.02
38,1,5,0,False,0.7476811076411458,0.078014668036257,0,qEHVI,0.4,0.1,0.4,0.02,0.0,0.0,0.0,0.0,0.02,0.0,0.0,0.02,0.0,0.04,0.0
38,1,5,0,False,0.7476811076411458,0.078014668036257,1,qEHVI,0.44,0.18,0.3,0.02,0.02,0.0,0.0,0.0,0.0,0.0,0.0,0.02,0.0,0.0,0.02
38,1,5,0,False,0.7476811076411458,0.078014668036257,2,qEHVI,0.66,0.24,0.0,0.04,0.0,0.0,0.0,0.0,0.04,0.0,0.0,0.0,0.0,0.02,0.0
38,1,5,0,False,0.7476811076411458,0.078014668036257,3,qEHVI,0.42,0.04,0.44,0.02,0.0,0.0,0.0,0.0,0.0,0.0,0.0,0.04,0.0,0.04,0.0
38,1,5,0,False,0.7476811076411458,0.078014668036257,4,qEHVI,0.44,0.1,0.36,0.04,0.0,0.0,0.0,0.0,0.0,0.0,0.0,0.02,0.0,0.02,0.02
38,2,4,1,False,0.6982830188225151,0.1766297565119288,0,qEHVI,0.4,0.1,0.4,0.02,0.0,0.0,0.0,0.0,0.02,0.0,0.0,0.02,0.0,0.04,0.0
38,2,4,1,False,0.6982830188225151,0.1766297565119288,1,qEHVI,0.44,0.18,0.3,0.02,0.02,0.0,0.0,0.0,0.0,0.0,0.0,0.02,0.0,0.0,0.02
38,2,4,1,False,0.6982830188225151,0.1766297565119288,2,qEHVI,0.66,0.24,0.0,0.04,0.0,0.0,0.0,0.0,0.04,0.0,0.0,0.0,0.0,0.02,0.0
38,2,4,1,False,0.6982830188225151,0.1766297565119288,3,qEHVI,0.42,0.04,0.44,0.02,0.0,0.0,0.0,0.0,0.0,0.0,0.0,0.04,0.0,0.04,0.0
38,2,4,1,False,0.6982830188225151,0.1766297565119288,4,qUCB,0.38,0.14,0.38,0.0,0.0,0.0,0.0,0.0,0.04,0.0,0.0,0.0,0.0,0.02,0.04
38,3,3,2,False,0.5776333563946807,0.09778266495776045,0,qEHVI,0.4,0.1,0.4,0.02,0.0,0.0,0.0,0.0,0.02,0.0,0.0,0.02,0.0,0.04,0.0
38,3,3,2,False,0.5776333563946807,0.09778266495776045,1,qEHVI,0.44,0.18,0.3,0.02,0.02,0.0,0.0,0.0,0.0,0.0,0.0,0.02,0.0,0.0,0.02
38,3,3,2,False,0.5776333563946807,0.09778266495776045,2,qEHVI,0.66,0.24,0.0,0.04,0.0,0.0,0.0,0.0,0.04,0.0,0.0,0.0,0.0,0.02,0.0
38,3,3,2,False,0.5776333563946807,0.09778266495776045,3,qUCB,0.38,0.14,0.38,0.0,0.0,0.0,0.0,0.0,0.04,0.0,0.0,0.0,0.0,0.02,0.04
38,3,3,2,False,0.5776333563946807,0.09778266495776045,4,qUCB,0.0,0.68,0.26,0.04,0.0,0.0,0.0,0.0,0.0,0.0,0.0,0.0,0.0,0.02,0.0
38,4,2,3,False,0.45745642660958535,0.048267525015369905,0,qEHVI,0.4,0.1,0.4,0.02,0.0,0.0,0.0,0.0,0.02,0.0,0.0,0.02,0.0,0.04,0.0
38,4,2,3,False,0.45745642660958535,0.048267525015369905,1,qEHVI,0.44,0.18,0.3,0.02,0.02,0.0,0.0,0.0,0.0,0.0,0.0,0.02,0.0,0.0,0.02
38,4,2,3,False,0.45745642660958535,0.048267525015369905,2,qUCB,0.38,0.14,0.38,0.0,0.0,0.0,0.0,0.0,0.04,0.0,0.0,0.0,0.0,0.02,0.04
38,4,2,3,False,0.45745642660958535,0.048267525015369905,3,qUCB,0.0,0.62,0.3,0.04,0.0,0.0,0.0,0.0,0.04,0.0,0.0,0.0,0.0,0.0,0.0
38,4,2,3,False,0.45745642660958535,0.048267525015369905,4,qUCB,0.16,0.74,0.02,0.04,0.0,0.0,0.0,0.0,0.04,0.0,0.0,0.0,0.0,0.0,0.0
38,5,1,4,True,0.41453920179738124,0.3063869390689553,0,qEHVI,0.4,0.1,0.4,0.02,0.0,0.0,0.0,0.0,0.02,0.0,0.0,0.02,0.0,0.04,0.0
38,5,1,4,True,0.41453920179738124,0.3063869390689553,1,qUCB,0.36,0.14,0.4,0.0,0.04,0.0,0.0,0.0,0.02,0.0,0.0,0.0,0.0,0.0,0.04
38,5,1,4,True,0.41453920179738124,0.3063869390689553,2,qUCB,0.1,0.74,0.06,0.04,0.04,0.0,0.0,0.0,0.0,0.0,0.0,0.0,0.0,0.0,0.02
38,5,1,4,True,0.41453920179738124,0.3063869390689553,3,qUCB,0.68,0.2,0.02,0.04,0.04,0.0,0.0,0.0,0.0,0.0,0.0,0.0,0.0,0.0,0.02
38,5,1,4,True,0.41453920179738124,0.3063869390689553,4,qUCB,0.58,0.14,0.18,0.0,0.04,0.0,0.0,0.0,0.0,0.0,0.0,0.02,0.0,0.0,0.04
38,6,0,5,False,0.4075888731627632,0.03703024574875258,0,qUCB,0.4,0.1,0.4,0.02,0.0,0.0,0.0,0.0,0.02,0.0,0.0,0.02,0.0,0.04,0.0
38,6,0,5,False,0.4075888731627632,0.03703024574875258,1,qUCB,0.0,0.64,0.28,0.04,0.0,0.0,0.0,0.0,0.02,0.0,0.0,0.0,0.0,0.02,0.0
38,6,0,5,False,0.4075888731627632,0.03703024574875258,2,qUCB,0.76,0.0,0.24,0.0,0.0,0.0,0.0,0.0,0.0,0.0,0.0,0.0,0.0,0.0,0.0
38,6,0,5,False,0.4075888731627632,0.03703024574875258,3,qUCB,0.7000000000000001,0.18,0.02,0.04,0.0,0.0,0.0,0.0,0.0,0.0,0.0,0.02,0.0,0.0,0.04
38,6,0,5,False,0.4075888731627632,0.03703024574875258,4,qUCB,1.0,0.0,0.0,0.0,0.0,0.0,0.0,0.0,0.0,0.0,0.0,0.0,0.0,0.0,0.0
39,1,5,0,False,0.8213079716325038,0.15363390988323822,0,qEHVI,0.4,0.18,0.4,0.0,0.0,0.0,0.0,0.0,0.0,0.0,0.0,0.0,0.0,0.02,0.0
39,1,5,0,False,0.8213079716325038,0.15363390988323822,1,qEHVI,0.56,0.34,0.02,0.0,0.0,0.0,0.0,0.0,0.04,0.0,0.0,0.0,0.0,0.04,0.0
39,1,5,0,False,0.8213079716325038,0.15363390988323822,2,qEHVI,0.44,0.02,0.44,0.04,0.0,0.0,0.0,0.0,0.0,0.0,0.0,0.04,0.0,0.0,0.02
39,1,5,0,False,0.8213079716325038,0.15363390988323822,3,qEHVI,0.42,0.2,0.3,0.02,0.0,0.0,0.0,0.0,0.02,0.0,0.0,0.02,0.0,0.0,0.02
39,1,5,0,False,0.8213079716325038,0.15363390988323822,4,qEHVI,0.42,0.12,0.36,0.04,0.0,0.0,0.0,0.0,0.0,0.0,0.0,0.04,0.0,0.02,0.0
39,2,4,1,False,0.7438497140562038,0.013233913066791558,0,qEHVI,0.4,0.18,0.4,0.0,0.0,0.0,0.0,0.0,0.0,0.0,0.0,0.0,0.0,0.02,0.0
39,2,4,1,False,0.7438497140562038,0.013233913066791558,1,qEHVI,0.56,0.34,0.02,0.0,0.0,0.0,0.0,0.0,0.04,0.0,0.0,0.0,0.0,0.04,0.0
39,2,4,1,False,0.7438497140562038,0.013233913066791558,2,qEHVI,0.44,0.02,0.44,0.04,0.0,0.0,0.0,0.0,0.0,0.0,0.0,0.04,0.0,0.0,0.02
39,2,4,1,False,0.7438497140562038,0.013233913066791558,3,qEHVI,0.42,0.2,0.3,0.02,0.0,0.0,0.0,0.0,0.02,0.0,0.0,0.02,0.0,0.0,0.02
39,2,4,1,False,0.7438497140562038,0.013233913066791558,4,qUCB,0.42,0.1,0.4,0.0,0.04,0.0,0.0,0.0,0.0,0.0,0.0,0.0,0.0,0.0,0.04
39,3,3,2,False,0.6707791414349673,0.07492486499225137,0,qEHVI,0.4,0.18,0.4,0.0,0.0,0.0,0.0,0.0,0.0,0.0,0.0,0.0,0.0,0.02,0.0
39,3,3,2,False,0.6707791414349673,0.07492486499225137,1,qEHVI,0.56,0.34,0.02,0.0,0.0,0.0,0.0,0.0,0.04,0.0,0.0,0.0,0.0,0.04,0.0
39,3,3,2,False,0.6707791414349673,0.07492486499225137,2,qEHVI,0.44,0.02,0.44,0.04,0.0,0.0,0.0,0.0,0.0,0.0,0.0,0.04,0.0,0.0,0.02
39,3,3,2,False,0.6707791414349673,0.07492486499225137,3,qUCB,0.4,0.12,0.38,0.0,0.02,0.0,0.0,0.0,0.04,0.0,0.0,0.04,0.0,0.0,0.0
39,3,3,2,False,0.6707791414349673,0.07492486499225137,4,qUCB,0.0,0.64,0.26,0.04,0.04,0.0,0.0,0.0,0.0,0.0,0.0,0.0,0.0,0.02,0.0
39,4,2,3,True,0.5227974684913497,0.053260232942565544,0,qEHVI,0.4,0.18,0.4,0.0,0.0,0.0,0.0,0.0,0.0,0.0,0.0,0.0,0.0,0.02,0.0
39,4,2,3,True,0.5227974684913497,0.053260232942565544,1,qEHVI,0.56,0.34,0.02,0.0,0.0,0.0,0.0,0.0,0.04,0.0,0.0,0.0,0.0,0.04,0.0
39,4,2,3,True,0.5227974684913497,0.053260232942565544,2,qUCB,0.74,0.1,0.06,0.0,0.02,0.0,0.0,0.0,0.0,0.0,0.0,0.04,0.0,0.0,0.04
39,4,2,3,True,0.5227974684913497,0.053260232942565544,3,qUCB,0.02,0.6,0.28,0.04,0.02,0.0,0.0,0.0,0.0,0.0,0.0,0.0,0.0,0.0,0.04
39,4,2,3,True,0.5227974684913497,0.053260232942565544,4,qUCB,0.4,0.44,0.06,0.04,0.02,0.0,0.0,0.0,0.0,0.0,0.0,0.04,0.0,0.0,0.0
39,5,1,4,False,0.343830903823446,0.18251992724332355,0,qEHVI,0.4,0.18,0.4,0.0,0.0,0.0,0.0,0.0,0.0,0.0,0.0,0.0,0.0,0.02,0.0
39,5,1,4,False,0.343830903823446,0.18251992724332355,1,qUCB,0.74,0.1,0.06,0.0,0.02,0.0,0.0,0.0,0.0,0.0,0.0,0.04,0.0,0.0,0.04
39,5,1,4,False,0.343830903823446,0.18251992724332355,2,qUCB,0.02,0.6,0.28,0.04,0.02,0.0,0.0,0.0,0.0,0.0,0.0,0.0,0.0,0.0,0.04
39,5,1,4,False,0.343830903823446,0.18251992724332355,3,qUCB,0.4,0.44,0.06,0.04,0.02,0.0,0.0,0.0,0.0,0.0,0.0,0.04,0.0,0.0,0.0
39,5,1,4,False,0.343830903823446,0.18251992724332355,4,qUCB,0.72,0.04,0.14,0.04,0.0,0.0,0.0,0.0,0.04,0.0,0.0,0.02,0.0,0.0,0.0
39,6,0,5,False,0.3050100382744664,0.2206349011953992,0,qUCB,0.42,0.08,0.4,0.04,0.0,0.0,0.0,0.0,0.0,0.0,0.0,0.02,0.0,0.04,0.0
39,6,0,5,False,0.3050100382744664,0.2206349011953992,1,qUCB,0.0,0.64,0.26,0.04,0.04,0.0,0.0,0.0,0.0,0.0,0.0,0.0,0.0,0.02,0.0
39,6,0,5,False,0.3050100382744664,0.2206349011953992,2,qUCB,0.64,0.14,0.14,0.04,0.0,0.0,0.0,0.0,0.0,0.0,0.0,0.04,0.0,0.0,0.0
39,6,0,5,False,0.3050100382744664,0.2206349011953992,3,qUCB,0.42,0.42,0.08,0.04,0.0,0.0,0.0,0.0,0.0,0.0,0.0,0.0,0.0,0.0,0.04
39,6,0,5,False,0.3050100382744664,0.2206349011953992,4,qUCB,0.18,0.14,0.58,0.04,0.0,0.0,0.0,0.0,0.02,0.0,0.0,0.0,0.0,0.04,0.0
40,1,5,0,False,1.1385184141972469,0.14906135127860587,0,qEHVI,0.4,0.1,0.4,0.02,0.0,0.0,0.0,0.0,0.04,0.0,0.0,0.02,0.0,0.02,0.0
40,1,5,0,False,1.1385184141972469,0.14906135127860587,1,qEHVI,0.5,0.2,0.2,0.02,0.0,0.0,0.0,0.0,0.0,0.0,0.0,0.04,0.0,0.04,0.0
40,1,5,0,False,1.1385184141972469,0.14906135127860587,2,qEHVI,0.38,0.5,0.02,0.04,0.0,0.0,0.0,0.0,0.0,0.0,0.0,0.04,0.0,0.02,0.0
40,1,5,0,False,1.1385184141972469,0.14906135127860587,3,qEHVI,0.62,0.0,0.38,0.0,0.0,0.0,0.0,0.0,0.0,0.0,0.0,0.0,0.0,0.0,0.0
40,1,5,0,False,1.1385184141972469,0.14906135127860587,4,qEHVI,0.42,0.06,0.44,0.02,0.0,0.0,0.0,0.0,0.02,0.0,0.0,0.04,0.0,0.0,0.0
40,2,4,1,False,1.097203205391844,0.15237756989978202,0,qEHVI,0.4,0.1,0.4,0.02,0.0,0.0,0.0,0.0,0.04,0.0,0.0,0.02,0.0,0.02,0.0
40,2,4,1,False,1.097203205391844,0.15237756989978202,1,qEHVI,0.5,0.2,0.2,0.02,0.0,0.0,0.0,0.0,0.0,0.0,0.0,0.04,0.0,0.04,0.0
40,2,4,1,False,1.097203205391844,0.15237756989978202,2,qEHVI,0.38,0.5,0.02,0.04,0.0,0.0,0.0,0.0,0.0,0.0,0.0,0.04,0.0,0.02,0.0
40,2,4,1,False,1.097203205391844,0.15237756989978202,3,qEHVI,0.62,0.0,0.38,0.0,0.0,0.0,0.0,0.0,0.0,0.0,0.0,0.0,0.0,0.0,0.0
40,2,4,1,False,1.097203205391844,0.15237756989978202,4,qUCB,0.44,0.4,0.06,0.0,0.02,0.0,0.0,0.0,0.0,0.0,0.0,0.04,0.0,0.0,0.04
40,3,3,2,True,0.976456481128082,0.2814852886298125,0,qEHVI,0.4,0.1,0.4,0.02,0.0,0.0,0.0,0.0,0.04,0.0,0.0,0.02,0.0,0.02,0.0
40,3,3,2,True,0.976456481128082,0.2814852886298125,1,qEHVI,0.5,0.2,0.2,0.02,0.0,0.0,0.0,0.0,0.0,0.0,0.0,0.04,0.0,0.04,0.0
40,3,3,2,True,0.976456481128082,0.2814852886298125,2,qEHVI,0.38,0.5,0.02,0.04,0.0,0.0,0.0,0.0,0.0,0.0,0.0,0.04,0.0,0.02,0.0
40,3,3,2,True,0.976456481128082,0.2814852886298125,3,qUCB,0.76,0.14,0.04,0.0,0.04,0.0,0.0,0.0,0.0,0.0,0.0,0.0,0.0,0.0,0.02
40,3,3,2,True,0.976456481128082,0.2814852886298125,4,qUCB,0.58,0.2,0.14,0.04,0.04,0.0,0.0,0.0,0.0,0.0,0.0,0.0,0.0,0.0,0.0
40,4,2,3,False,0.869059439316965,0.051366691124281605,0,qEHVI,0.4,0.1,0.4,0.02,0.0,0.0,0.0,0.0,0.04,0.0,0.0,0.02,0.0,0.02,0.0
40,4,2,3,False,0.869059439316965,0.051366691124281605,1,qEHVI,0.5,0.2,0.2,0.02,0.0,0.0,0.0,0.0,0.0,0.0,0.0,0.04,0.0,0.04,0.0
40,4,2,3,False,0.869059439316965,0.051366691124281605,2,qUCB,0.76,0.14,0.04,0.0,0.04,0.0,0.0,0.0,0.0,0.0,0.0,0.0,0.0,0.0,0.02
40,4,2,3,False,0.869059439316965,0.051366691124281605,3,qUCB,0.58,0.2,0.14,0.04,0.04,0.0,0.0,0.0,0.0,0.0,0.0,0.0,0.0,0.0,0.0
40,4,2,3,False,0.869059439316965,0.051366691124281605,4,qUCB,0.0,0.36,0.56,0.0,0.04,0.0,0.0,0.0,0.0,0.0,0.0,0.02,0.0,0.0,0.02
40,5,1,4,False,0.712722114617733,0.33136502678853885,0,qEHVI,0.4,0.1,0.4,0.02,0.0,0.0,0.0,0.0,0.04,0.0,0.0,0.02,0.0,0.02,0.0
40,5,1,4,False,0.712722114617733,0.33136502678853885,1,qUCB,0.76,0.14,0.04,0.0,0.04,0.0,0.0,0.0,0.0,0.0,0.0,0.0,0.0,0.0,0.02
40,5,1,4,False,0.712722114617733,0.33136502678853885,2,qUCB,0.58,0.2,0.14,0.04,0.04,0.0,0.0,0.0,0.0,0.0,0.0,0.0,0.0,0.0,0.0
40,5,1,4,False,0.712722114617733,0.33136502678853885,3,qUCB,0.0,0.36,0.56,0.0,0.04,0.0,0.0,0.0,0.0,0.0,0.0,0.02,0.0,0.0,0.02
40,5,1,4,False,0.712722114617733,0.33136502678853885,4,qUCB,0.76,0.0,0.14,0.04,0.02,0.0,0.0,0.0,0.0,0.0,0.0,0.04,0.0,0.0,0.0
40,6,0,5,False,0.6168293146814198,0.0498836858745495,0,qUCB,0.42,0.28,0.2,0.04,0.0,0.0,0.0,0.0,0.0,0.0,0.0,0.04,0.0,0.0,0.02
40,6,0,5,False,0.6168293146814198,0.0498836858745495,1,qUCB,0.64,0.1,0.16,0.04,0.0,0.0,0.0,0.0,0.0,0.0,0.0,0.04,0.0,0.02,0.0
40,6,0,5,False,0.6168293146814198,0.0498836858745495,2,qUCB,0.76,0.0,0.14,0.04,0.02,0.0,0.0,0.0,0.0,0.0,0.0,0.04,0.0,0.0,0.0
40,6,0,5,False,0.6168293146814198,0.0498836858745495,3,qUCB,0.0,0.32,0.58,0.0,0.02,0.0,0.0,0.0,0.04,0.0,0.0,0.04,0.0,0.0,0.0
40,6,0,5,False,0.6168293146814198,0.0498836858745495,4,qUCB,0.7000000000000001,0.08,0.12,0.04,0.04,0.0,0.0,0.0,0.02,0.0,0.0,0.0,0.0,0.0,0.0
41,1,5,0,False,1.3151519480111835,0.13627780684987023,0,qEHVI,0.66,0.0,0.24,0.0,0.04,0.0,0.0,0.0,0.0,0.0,0.0,0.04,0.0,0.02,0.0
41,1,5,0,False,1.3151519480111835,0.13627780684987023,1,qEHVI,0.38,0.18,0.4,0.02,0.0,0.0,0.0,0.0,0.0,0.0,0.0,0.02,0.0,0.0,0.0
41,1,5,0,False,1.3151519480111835,0.13627780684987023,2,qEHVI,0.34,0.36,0.2,0.04,0.0,0.0,0.0,0.0,0.02,0.0,0.0,0.0,0.0,0.0,0.04
41,1,5,0,False,1.3151519480111835,0.13627780684987023,3,qEHVI,0.72,0.18,0.04,0.0,0.0,0.0,0.0,0.0,0.0,0.0,0.0,0.04,0.0,0.0,0.02
41,1,5,0,False,1.3151519480111835,0.13627780684987023,4,qEHVI,0.46,0.02,0.44,0.02,0.02,0.0,0.0,0.0,0.0,0.0,0.0,0.04,0.0,0.0,0.0
41,2,4,1,False,1.2773914913678406,0.038633671024557614,0,qEHVI,0.66,0.0,0.24,0.0,0.04,0.0,0.0,0.0,0.0,0.0,0.0,0.04,0.0,0.02,0.0
41,2,4,1,False,1.2773914913678406,0.038633671024557614,1,qEHVI,0.38,0.18,0.4,0.02,0.0,0.0,0.0,0.0,0.0,0.0,0.0,0.02,0.0,0.0,0.0
41,2,4,1,False,1.2773914913678406,0.038633671024557614,2,qEHVI,0.34,0.36,0.2,0.04,0.0,0.0,0.0,0.0,0.02,0.0,0.0,0.0,0.0,0.0,0.04
41,2,4,1,False,1.2773914913678406,0.038633671024557614,3,qEHVI,0.46,0.02,0.44,0.02,0.02,0.0,0.0,0.0,0.0,0.0,0.0,0.04,0.0,0.0,0.0
41,2,4,1,False,1.2773914913678406,0.038633671024557614,4,qUCB,0.76,0.1,0.04,0.0,0.0,0.0,0.0,0.0,0.0,0.0,0.0,0.02,0.0,0.04,0.04
41,3,3,2,True,1.2245201953029978,0.02301708955999371,0,qEHVI,0.66,0.0,0.24,0.0,0.04,0.0,0.0,0.0,0.0,0.0,0.0,0.04,0.0,0.02,0.0
41,3,3,2,True,1.2245201953029978,0.02301708955999371,1,qEHVI,0.38,0.18,0.4,0.02,0.0,0.0,0.0,0.0,0.0,0.0,0.0,0.02,0.0,0.0,0.0
41,3,3,2,True,1.2245201953029978,0.02301708955999371,2,qEHVI,0.34,0.36,0.2,0.04,0.0,0.0,0.0,0.0,0.02,0.0,0.0,0.0,0.0,0.0,0.04
41,3,3,2,True,1.2245201953029978,0.02301708955999371,3,qUCB,0.76,0.1,0.04,0.0,0.0,0.0,0.0,0.0,0.0,0.0,0.0,0.02,0.0,0.04,0.04
41,3,3,2,True,1.2245201953029978,0.02301708955999371,4,qUCB,0.02,0.32,0.58,0.0,0.04,0.0,0.0,0.0,0.04,0.0,0.0,0.0,0.0,0.0,0.0
41,4,2,3,False,0.9757701249134282,0.32689084698192516,0,qEHVI,0.66,0.0,0.24,0.0,0.04,0.0,0.0,0.0,0.0,0.0,0.0,0.04,0.0,0.02,0.0
41,4,2,3,False,0.9757701249134282,0.32689084698192516,1,qEHVI,0.38,0.18,0.4,0.02,0.0,0.0,0.0,0.0,0.0,0.0,0.0,0.02,0.0,0.0,0.0
41,4,2,3,False,0.9757701249134282,0.32689084698192516,2,qUCB,0.7000000000000001,0.14,0.06,0.0,0.0,0.0,0.0,0.0,0.04,0.0,0.0,0.0,0.0,0.02,0.04
41,4,2,3,False,0.9757701249134282,0.32689084698192516,3,qUCB,0.02,0.32,0.56,0.0,0.02,0.0,0.0,0.0,0.04,0.0,0.0,0.0,0.0,0.0,0.04
41,4,2,3,False,0.9757701249134282,0.32689084698192516,4,qUCB,0.3,0.1,0.52,0.0,0.04,0.0,0.0,0.0,0.0,0.0,0.0,0.0,0.0,0.0,0.04
41,5,1,4,False,0.8666443520808038,0.2461239922765941,0,qEHVI,0.66,0.0,0.24,0.0,0.04,0.0,0.0,0.0,0.0,0.0,0.0,0.04,0.0,0.02,0.0
41,5,1,4,False,0.8666443520808038,0.2461239922765941,1,qUCB,0.34,0.36,0.2,0.04,0.0,0.0,0.0,0.0,0.02,0.0,0.0,0.0,0.0,0.0,0.04
41,5,1,4,False,0.8666443520808038,0.2461239922765941,2,qUCB,0.0,0.06,0.84,0.04,0.0,0.0,0.0,0.0,0.04,0.0,0.0,0.0,0.0,0.0,0.02
41,5,1,4,False,0.8666443520808038,0.2461239922765941,3,qUCB,0.02,0.22,0.66,0.04,0.0,0.0,0.0,0.0,0.04,0.0,0.0,0.02,0.0,0.0,0.0
41,5,1,4,False,0.8666443520808038,0.2461239922765941,4,qUCB,0.02,0.32,0.56,0.0,0.02,0.0,0.0,0.0,0.04,0.0,0.0,0.0,0.0,0.0,0.04
41,6,0,5,False,0.8627754058454878,0.07183808169269312,0,qUCB,0.68,0.0,0.24,0.0,0.02,0.0,0.0,0.0,0.02,0.0,0.0,0.04,0.0,0.0,0.0
41,6,0,5,False,0.8627754058454878,0.07183808169269312,1,qUCB,0.0,0.34,0.56,0.0,0.0,0.0,0.0,0.0,0.02,0.0,0.0,0.04,0.0,0.02,0.02
41,6,0,5,False,0.8627754058454878,0.07183808169269312,2,qUCB,0.26,0.08,0.56,0.04,0.02,0.0,0.0,0.0,0.0,0.0,0.0,0.04,0.0,0.0,0.0
41,6,0,5,False,0.8627754058454878,0.07183808169269312,3,qUCB,0.04,0.2,0.66,0.04,0.0,0.0,0.0,0.0,0.0,0.0,0.0,0.04,0.0,0.02,0.0
41,6,0,5,False,0.8627754058454878,0.07183808169269312,4,qUCB,0.28,0.1,0.54,0.0,0.0,0.0,0.0,0.0,0.0,0.0,0.0,0.04,0.0,0.02,0.02
42,1,5,0,False,0.7615388555528104,0.10799256119017997,0,qEHVI,0.36,0.14,0.4,0.0,0.02,0.0,0.0,0.0,0.0,0.0,0.0,0.04,0.0,0.02,0.02
42,1,5,0,False,0.7615388555528104,0.10799256119017997,1,qEHVI,0.44,0.1,0.36,0.04,0.0,0.0,0.0,0.0,0.0,0.0,0.0,0.04,0.0,0.02,0.0
42,1,5,0,False,0.7615388555528104,0.10799256119017997,2,qEHVI,0.38,0.2,0.4,0.02,0.0,0.0,0.0,0.0,0.0,0.0,0.0,0.0,0.0,0.0,0.0
42,1,5,0,False,0.7615388555528104,0.10799256119017997,3,qEHVI,0.44,0.02,0.44,0.04,0.0,0.0,0.0,0.0,0.02,0.0,0.0,0.04,0.0,0.0,0.0
42,1,5,0,False,0.7615388555528104,0.10799256119017997,4,qEHVI,0.42,0.0,0.48,0.02,0.0,0.0,0.0,0.0,0.02,0.0,0.0,0.04,0.0,0.0,0.02
42,2,4,1,True,0.6626979102666134,0.11584348246860543,0,qEHVI,0.36,0.14,0.4,0.0,0.02,0.0,0.0,0.0,0.0,0.0,0.0,0.04,0.0,0.02,0.02
42,2,4,1,True,0.6626979102666134,0.11584348246860543,1,qEHVI,0.44,0.1,0.36,0.04,0.0,0.0,0.0,0.0,0.0,0.0,0.0,0.04,0.0,0.02,0.0
42,2,4,1,True,0.6626979102666134,0.11584348246860543,2,qEHVI,0.38,0.2,0.4,0.02,0.0,0.0,0.0,0.0,0.0,0.0,0.0,0.0,0.0,0.0,0.0
42,2,4,1,True,0.6626979102666134,0.11584348246860543,3,qEHVI,0.44,0.02,0.44,0.04,0.0,0.0,0.0,0.0,0.02,0.0,0.0,0.04,0.0,0.0,0.0
42,2,4,1,True,0.6626979102666134,0.11584348246860543,4,qUCB,0.8200000000000001,0.04,0.04,0.0,0.02,0.0,0.0,0.0,0.04,0.0,0.0,0.0,0.0,0.0,0.04
42,3,3,2,False,0.53461914200446,0.01850639401146026,0,qEHVI,0.36,0.14,0.4,0.0,0.02,0.0,0.0,0.0,0.0,0.0,0.0,0.04,0.0,0.02,0.02
42,3,3,2,False,0.53461914200446,0.01850639401146026,1,qEHVI,0.44,0.1,0.36,0.04,0.0,0.0,0.0,0.0,0.0,0.0,0.0,0.04,0.0,0.02,0.0
42,3,3,2,False,0.53461914200446,0.01850639401146026,2,qEHVI,0.38,0.2,0.4,0.02,0.0,0.0,0.0,0.0,0.0,0.0,0.0,0.0,0.0,0.0,0.0
42,3,3,2,False,0.53461914200446,0.01850639401146026,3,qUCB,0.8200000000000001,0.04,0.04,0.0,0.02,0.0,0.0,0.0,0.04,0.0,0.0,0.0,0.0,0.0,0.04
42,3,3,2,False,0.53461914200446,0.01850639401146026,4,qUCB,0.7000000000000001,0.16,0.04,0.0,0.04,0.0,0.0,0.0,0.04,0.0,0.0,0.0,0.0,0.0,0.02
42,4,2,3,False,0.4728299679186914,0.16677892420571538,0,qEHVI,0.36,0.14,0.4,0.0,0.02,0.0,0.0,0.0,0.0,0.0,0.0,0.04,0.0,0.02,0.02
42,4,2,3,False,0.4728299679186914,0.16677892420571538,1,qEHVI,0.44,0.1,0.36,0.04,0.0,0.0,0.0,0.0,0.0,0.0,0.0,0.04,0.0,0.02,0.0
42,4,2,3,False,0.4728299679186914,0.16677892420571538,2,qUCB,0.78,0.08,0.06,0.0,0.0,0.0,0.0,0.0,0.04,0.0,0.0,0.0,0.0,0.04,0.0
42,4,2,3,False,0.4728299679186914,0.16677892420571538,3,qUCB,0.4,0.08,0.42,0.02,0.04,0.0,0.0,0.0,0.04,0.0,0.0,0.0,0.0,0.0,0.0
42,4,2,3,False,0.4728299679186914,0.16677892420571538,4,qUCB,0.78,0.12,0.04,0.0,0.02,0.0,0.0,0.0,0.04,0.0,0.0,0.0,0.0,0.0,0.0
42,5,1,4,False,0.4067371520354334,0.06095789252331896,0,qEHVI,0.36,0.14,0.4,0.0,0.02,0.0,0.0,0.0,0.0,0.0,0.0,0.04,0.0,0.02,0.02
42,5,1,4,False,0.4067371520354334,0.06095789252331896,1,qUCB,0.42,0.1,0.38,0.04,0.02,0.0,0.0,0.0,0.04,0.0,0.0,0.0,0.0,0.0,0.0
42,5,1,4,False,0.4067371520354334,0.06095789252331896,2,qUCB,0.34,0.48,0.1,0.04,0.0,0.0,0.0,0.0,0.04,0.0,0.0,0.0,0.0,0.0,0.0
42,5,1,4,False,0.4067371520354334,0.06095789252331896,3,qUCB,0.14,0.14,0.62,0.04,0.0,0.0,0.0,0.0,0.04,0.0,0.0,0.0,0.0,0.0,0.02
42,5,1,4,False,0.4067371520354334,0.06095789252331896,4,qUCB,0.76,0.0,0.14,0.04,0.0,0.0,0.0,0.0,0.02,0.0,0.0,0.0,0.0,0.0,0.04
42,6,0,5,False,0.19622492117340476,0.06594213275018834,0,qUCB,0.72,0.16,0.04,0.0,0.0,0.0,0.0,0.0,0.0,0.0,0.0,0.04,0.0,0.04,0.0
42,6,0,5,False,0.19622492117340476,0.06594213275018834,1,qUCB,0.38,0.28,0.24,0.04,0.02,0.0,0.0,0.0,0.0,0.0,0.0,0.04,0.0,0.0,0.0
42,6,0,5,False,0.19622492117340476,0.06594213275018834,2,qUCB,0.16,0.16,0.58,0.04,0.0,0.0,0.0,0.0,0.02,0.0,0.0,0.02,0.0,0.02,0.0
42,6,0,5,False,0.19622492117340476,0.06594213275018834,3,qUCB,0.0,0.44,0.46,0.04,0.0,0.0,0.0,0.0,0.0,0.0,0.0,0.04,0.0,0.0,0.02
42,6,0,5,False,0.19622492117340476,0.06594213275018834,4,qUCB,0.0,0.44,0.46,0.0,0.0,0.0,0.0,0.0,0.04,0.0,0.0,0.04,0.0,0.02,0.0
43,1,5,0,False,1.1924081122752523,0.024353053585748796,0,qEHVI,0.72,0.16,0.04,0.0,0.0,0.0,0.0,0.0,0.0,0.0,0.0,0.04,0.0,0.02,0.02
43,1,5,0,False,1.1924081122752523,0.024353053585748796,1,qEHVI,0.52,0.18,0.2,0.04,0.0,0.0,0.0,0.0,0.02,0.0,0.0,0.04,0.0,0.0,0.0
43,1,5,0,False,1.1924081122752523,0.024353053585748796,2,qEHVI,0.4,0.12,0.38,0.04,0.0,0.0,0.0,0.0,0.04,0.0,0.0,0.02,0.0,0.0,0.0
43,1,5,0,False,1.1924081122752523,0.024353053585748796,3,qEHVI,0.44,0.0,0.48,0.0,0.0,0.0,0.0,0.0,0.0,0.0,0.0,0.04,0.0,0.0,0.04
43,1,5,0,False,1.1924081122752523,0.024353053585748796,4,qEHVI,0.44,0.0,0.46,0.02,0.0,0.0,0.0,0.0,0.04,0.0,0.0,0.0,0.0,0.02,0.02
43,2,4,1,False,1.070899141026287,0.08084522378354286,0,qEHVI,0.72,0.16,0.04,0.0,0.0,0.0,0.0,0.0,0.0,0.0,0.0,0.04,0.0,0.02,0.02
43,2,4,1,False,1.070899141026287,0.08084522378354286,1,qEHVI,0.52,0.18,0.2,0.04,0.0,0.0,0.0,0.0,0.02,0.0,0.0,0.04,0.0,0.0,0.0
43,2,4,1,False,1.070899141026287,0.08084522378354286,2,qEHVI,0.4,0.12,0.38,0.04,0.0,0.0,0.0,0.0,0.04,0.0,0.0,0.02,0.0,0.0,0.0
43,2,4,1,False,1.070899141026287,0.08084522378354286,3,qEHVI,0.44,0.0,0.48,0.0,0.0,0.0,0.0,0.0,0.0,0.0,0.0,0.04,0.0,0.0,0.04
43,2,4,1,False,1.070899141026287,0.08084522378354286,4,qUCB,0.42,0.12,0.36,0.0,0.04,0.0,0.0,0.0,0.02,0.0,0.0,0.0,0.0,0.04,0.0
43,3,3,2,True,0.9643867005526626,0.08078447237388531,0,qEHVI,0.72,0.16,0.04,0.0,0.0,0.0,0.0,0.0,0.0,0.0,0.0,0.04,0.0,0.02,0.02
43,3,3,2,True,0.9643867005526626,0.08078447237388531,1,qEHVI,0.52,0.18,0.2,0.04,0.0,0.0,0.0,0.0,0.02,0.0,0.0,0.04,0.0,0.0,0.0
43,3,3,2,True,0.9643867005526626,0.08078447237388531,2,qEHVI,0.4,0.12,0.38,0.04,0.0,0.0,0.0,0.0,0.04,0.0,0.0,0.02,0.0,0.0,0.0
43,3,3,2,True,0.9643867005526626,0.08078447237388531,3,qUCB,0.42,0.12,0.36,0.0,0.04,0.0,0.0,0.0,0.02,0.0,0.0,0.0,0.0,0.04,0.0
43,3,3,2,True,0.9643867005526626,0.08078447237388531,4,qUCB,0.32,0.06,0.52,0.0,0.04,0.0,0.0,0.0,0.02,0.0,0.0,0.0,0.0,0.04,0.0
43,4,2,3,False,0.7728901230831268,0.05000415911673528,0,qEHVI,0.72,0.16,0.04,0.0,0.0,0.0,0.0,0.0,0.0,0.0,0.0,0.04,0.0,0.02,0.02
43,4,2,3,False,0.7728901230831268,0.05000415911673528,1,qEHVI,0.52,0.18,0.2,0.04,0.0,0.0,0.0,0.0,0.02,0.0,0.0,0.04,0.0,0.0,0.0
43,4,2,3,False,0.7728901230831268,0.05000415911673528,2,qUCB,0.36,0.1,0.44,0.0,0.04,0.0,0.0,0.0,0.04,0.0,0.0,0.0,0.0,0.02,0.0
43,4,2,3,False,0.7728901230831268,0.05000415911673528,3,qUCB,0.32,0.06,0.52,0.0,0.04,0.0,0.0,0.0,0.02,0.0,0.0,0.0,0.0,0.04,0.0
43,4,2,3,False,0.7728901230831268,0.05000415911673528,4,qUCB,0.12,0.1,0.68,0.0,0.04,0.0,0.0,0.0,0.02,0.0,0.0,0.0,0.0,0.04,0.0
43,5,1,4,False,0.6096115003621516,0.016879592441475744,0,qEHVI,0.72,0.16,0.04,0.0,0.0,0.0,0.0,0.0,0.0,0.0,0.0,0.04,0.0,0.02,0.02
43,5,1,4,False,0.6096115003621516,0.016879592441475744,1,qUCB,0.42,0.08,0.42,0.04,0.0,0.0,0.0,0.0,0.04,0.0,0.0,0.0,0.0,0.0,0.0
43,5,1,4,False,0.6096115003621516,0.016879592441475744,2,qUCB,0.22,0.14,0.56,0.04,0.04,0.0,0.0,0.0,0.0,0.0,0.0,0.0,0.0,0.0,0.0
43,5,1,4,False,0.6096115003621516,0.016879592441475744,3,qUCB,0.0,0.24,0.66,0.04,0.04,0.0,0.0,0.0,0.0,0.0,0.0,0.0,0.0,0.0,0.02
43,5,1,4,False,0.6096115003621516,0.016879592441475744,4,qUCB,0.0,0.44,0.46,0.04,0.02,0.0,0.0,0.0,0.02,0.0,0.0,0.02,0.0,0.0,0.0
43,6,0,5,False,0.6044315725037105,0.16292713884837795,0,qUCB,0.72,0.16,0.04,0.0,0.0,0.0,0.0,0.0,0.0,0.0,0.0,0.04,0.0,0.02,0.02
43,6,0,5,False,0.6044315725037105,0.16292713884837795,1,qUCB,0.2,0.12,0.58,0.04,0.0,0.0,0.0,0.0,0.0,0.0,0.0,0.04,0.0,0.02,0.0
43,6,0,5,False,0.6044315725037105,0.16292713884837795,2,qUCB,0.28,0.08,0.54,0.0,0.02,0.0,0.0,0.0,0.04,0.0,0.0,0.04,0.0,0.0,0.0
43,6,0,5,False,0.6044315725037105,0.16292713884837795,3,qUCB,0.04,0.2,0.66,0.04,0.0,0.0,0.0,0.0,0.0,0.0,0.0,0.04,0.0,0.0,0.02
43,6,0,5,False,0.6044315725037105,0.16292713884837795,4,qUCB,0.0,0.44,0.46,0.04,0.02,0.0,0.0,0.0,0.02,0.0,0.0,0.02,0.0,0.0,0.0
44,1,5,0,False,0.6125663963955673,0.19798410716172476,0,qEHVI,0.38,0.16,0.4,0.0,0.02,0.0,0.0,0.0,0.0,0.0,0.0,0.0,0.0,0.04,0.0
44,1,5,0,False,0.6125663963955673,0.19798410716172476,1,qEHVI,0.4,0.08,0.46,0.0,0.0,0.0,0.0,0.0,0.02,0.0,0.0,0.0,0.0,0.04,0.0
44,1,5,0,False,0.6125663963955673,0.19798410716172476,2,qEHVI,0.4,0.42,0.08,0.04,0.0,0.0,0.0,0.0,0.0,0.0,0.0,0.02,0.0,0.02,0.02
44,1,5,0,False,0.6125663963955673,0.19798410716172476,3,qEHVI,0.4,0.04,0.48,0.0,0.02,0.0,0.0,0.0,0.0,0.0,0.0,0.0,0.0,0.04,0.02
44,1,5,0,False,0.6125663963955673,0.19798410716172476,4,qEHVI,0.4,0.1,0.44,0.0,0.02,0.0,0.0,0.0,0.0,0.0,0.0,0.04,0.0,0.0,0.0
44,2,4,1,False,0.5760591653035498,0.04454162949359919,0,qEHVI,0.38,0.16,0.4,0.0,0.02,0.0,0.0,0.0,0.0,0.0,0.0,0.0,0.0,0.04,0.0
44,2,4,1,False,0.5760591653035498,0.04454162949359919,1,qEHVI,0.4,0.08,0.46,0.0,0.0,0.0,0.0,0.0,0.02,0.0,0.0,0.0,0.0,0.04,0.0
44,2,4,1,False,0.5760591653035498,0.04454162949359919,2,qEHVI,0.4,0.42,0.08,0.04,0.0,0.0,0.0,0.0,0.0,0.0,0.0,0.02,0.0,0.02,0.02
44,2,4,1,False,0.5760591653035498,0.04454162949359919,3,qEHVI,0.42,0.0,0.48,0.02,0.04,0.0,0.0,0.0,0.0,0.0,0.0,0.0,0.0,0.04,0.0
44,2,4,1,False,0.5760591653035498,0.04454162949359919,4,qUCB,0.72,0.12,0.06,0.0,0.0,0.0,0.0,0.0,0.04,0.0,0.0,0.02,0.0,0.0,0.04
44,3,3,2,False,0.49419135252563445,0.13815427871213792,0,qEHVI,0.38,0.16,0.4,0.0,0.02,0.0,0.0,0.0,0.0,0.0,0.0,0.0,0.0,0.04,0.0
44,3,3,2,False,0.49419135252563445,0.13815427871213792,1,qEHVI,0.4,0.08,0.46,0.0,0.0,0.0,0.0,0.0,0.02,0.0,0.0,0.0,0.0,0.04,0.0
44,3,3,2,False,0.49419135252563445,0.13815427871213792,2,qEHVI,0.4,0.42,0.08,0.04,0.0,0.0,0.0,0.0,0.0,0.0,0.0,0.02,0.0,0.02,0.02
44,3,3,2,False,0.49419135252563445,0.13815427871213792,3,qUCB,0.72,0.12,0.06,0.0,0.0,0.0,0.0,0.0,0.04,0.0,0.0,0.02,0.0,0.0,0.04
44,3,3,2,False,0.49419135252563445,0.13815427871213792,4,qUCB,0.18,0.14,0.58,0.04,0.0,0.0,0.0,0.0,0.04,0.0,0.0,0.0,0.0,0.0,0.02
44,4,2,3,True,0.43312728429531566,0.3387558014009895,0,qEHVI,0.38,0.16,0.4,0.0,0.02,0.0,0.0,0.0,0.0,0.0,0.0,0.0,0.0,0.04,0.0
44,4,2,3,True,0.43312728429531566,0.3387558014009895,1,qEHVI,0.4,0.08,0.46,0.0,0.0,0.0,0.0,0.0,0.02,0.0,0.0,0.0,0.0,0.04,0.0
44,4,2,3,True,0.43312728429531566,0.3387558014009895,2,qUCB,0.38,0.44,0.1,0.04,0.0,0.0,0.0,0.0,0.0,0.0,0.0,0.0,0.0,0.0,0.04
44,4,2,3,True,0.43312728429531566,0.3387558014009895,3,qUCB,0.4,0.26,0.24,0.04,0.0,0.0,0.0,0.0,0.0,0.0,0.0,0.02,0.0,0.0,0.04
44,4,2,3,True,0.43312728429531566,0.3387558014009895,4,qUCB,0.14,0.18,0.58,0.04,0.0,0.0,0.0,0.0,0.0,0.0,0.0,0.04,0.0,0.0,0.02
44,5,1,4,False,0.2949587536247628,0.09953037272144605,0,qEHVI,0.38,0.16,0.4,0.0,0.02,0.0,0.0,0.0,0.0,0.0,0.0,0.0,0.0,0.04,0.0
44,5,1,4,False,0.2949587536247628,0.09953037272144605,1,qUCB,0.72,0.12,0.06,0.0,0.0,0.0,0.0,0.0,0.04,0.0,0.0,0.02,0.0,0.0,0.04
44,5,1,4,False,0.2949587536247628,0.09953037272144605,2,qUCB,0.18,0.14,0.58,0.04,0.0,0.0,0.0,0.0,0.04,0.0,0.0,0.0,0.0,0.0,0.02
44,5,1,4,False,0.2949587536247628,0.09953037272144605,3,qUCB,0.14,0.14,0.62,0.04,0.02,0.0,0.0,0.0,0.0,0.0,0.0,0.0,0.0,0.0,0.04
44,5,1,4,False,0.2949587536247628,0.09953037272144605,4,qUCB,0.32,0.04,0.54,0.04,0.0,0.0,0.0,0.0,0.0,0.0,0.0,0.04,0.0,0.0,0.02
44,6,0,5,False,0.16196280809843633,0.25318420645506157,0,qUCB,0.68,0.16,0.06,0.0,0.02,0.0,0.0,0.0,0.0,0.0,0.0,0.04,0.0,0.04,0.0
44,6,0,5,False,0.16196280809843633,0.25318420645506157,1,qUCB,0.18,0.14,0.58,0.04,0.0,0.0,0.0,0.0,0.04,0.0,0.0,0.0,0.0,0.0,0.02
44,6,0,5,False,0.16196280809843633,0.25318420645506157,2,qUCB,0.36,0.12,0.42,0.0,0.0,0.0,0.0,0.0,0.02,0.0,0.0,0.0,0.0,0.04,0.04
44,6,0,5,False,0.16196280809843633,0.25318420645506157,3,qUCB,0.16,0.02,0.8,0.0,0.0,0.0,0.0,0.0,0.02,0.0,0.0,0.0,0.0,0.0,0.0
44,6,0,5,False,0.16196280809843633,0.25318420645506157,4,qUCB,0.12,0.18,0.64,0.04,0.0,0.0,0.0,0.0,0.0,0.0,0.0,0.0,0.0,0.0,0.02
45,1,5,0,True,1.019455697766607,0.04085218204368246,0,qEHVI,0.38,0.2,0.38,0.0,0.0,0.0,0.0,0.0,0.0,0.0,0.0,0.04,0.0,0.0,0.0
45,1,5,0,True,1.019455697766607,0.04085218204368246,1,qEHVI,0.42,0.0,0.48,0.0,0.04,0.0,0.0,0.0,0.0,0.0,0.0,0.04,0.0,0.02,0.0
45,1,5,0,True,1.019455697766607,0.04085218204368246,2,qEHVI,0.38,0.12,0.4,0.04,0.02,0.0,0.0,0.0,0.0,0.0,0.0,0.04,0.0,0.0,0.0
45,1,5,0,True,1.019455697766607,0.04085218204368246,3,qEHVI,0.0,0.6,0.3,0.0,0.02,0.0,0.0,0.0,0.02,0.0,0.0,0.02,0.0,0.02,0.02
45,1,5,0,True,1.019455697766607,0.04085218204368246,4,qEHVI,0.74,0.14,0.04,0.0,0.0,0.0,0.0,0.0,0.0,0.0,0.0,0.02,0.0,0.02,0.04
45,2,4,1,False,0.9451153188828004,0.13687306707184277,0,qEHVI,0.38,0.2,0.38,0.0,0.0,0.0,0.0,0.0,0.0,0.0,0.0,0.04,0.0,0.0,0.0
45,2,4,1,False,0.9451153188828004,0.13687306707184277,1,qEHVI,0.42,0.0,0.48,0.0,0.04,0.0,0.0,0.0,0.0,0.0,0.0,0.04,0.0,0.02,0.0
45,2,4,1,False,0.9451153188828004,0.13687306707184277,2,qEHVI,0.38,0.12,0.4,0.04,0.02,0.0,0.0,0.0,0.0,0.0,0.0,0.04,0.0,0.0,0.0
45,2,4,1,False,0.9451153188828004,0.13687306707184277,3,qEHVI,0.74,0.14,0.04,0.0,0.0,0.0,0.0,0.0,0.0,0.0,0.0,0.02,0.0,0.02,0.04
45,2,4,1,False,0.9451153188828004,0.13687306707184277,4,qUCB,0.4,0.14,0.38,0.02,0.0,0.0,0.0,0.0,0.04,0.0,0.0,0.0,0.0,0.02,0.0
45,3,3,2,False,0.8066744298040083,0.07357616049168314,0,qEHVI,0.38,0.2,0.38,0.0,0.0,0.0,0.0,0.0,0.0,0.0,0.0,0.04,0.0,0.0,0.0
45,3,3,2,False,0.8066744298040083,0.07357616049168314,1,qEHVI,0.42,0.0,0.48,0.0,0.04,0.0,0.0,0.0,0.0,0.0,0.0,0.04,0.0,0.02,0.0
45,3,3,2,False,0.8066744298040083,0.07357616049168314,2,qEHVI,0.38,0.12,0.4,0.04,0.02,0.0,0.0,0.0,0.0,0.0,0.0,0.04,0.0,0.0,0.0
45,3,3,2,False,0.8066744298040083,0.07357616049168314,3,qUCB,0.72,0.12,0.06,0.0,0.02,0.0,0.0,0.0,0.04,0.0,0.0,0.0,0.0,0.0,0.04
45,3,3,2,False,0.8066744298040083,0.07357616049168314,4,qUCB,0.0,0.44,0.46,0.02,0.0,0.0,0.0,0.0,0.04,0.0,0.0,0.0,0.0,0.0,0.04
45,4,2,3,False,0.6837653264975897,0.021801342784863564,0,qEHVI,0.38,0.2,0.38,0.0,0.0,0.0,0.0,0.0,0.0,0.0,0.0,0.04,0.0,0.0,0.0
45,4,2,3,False,0.6837653264975897,0.021801342784863564,1,qEHVI,0.42,0.0,0.48,0.0,0.04,0.0,0.0,0.0,0.0,0.0,0.0,0.04,0.0,0.02,0.0
45,4,2,3,False,0.6837653264975897,0.021801342784863564,2,qUCB,0.72,0.12,0.06,0.0,0.02,0.0,0.0,0.0,0.04,0.0,0.0,0.0,0.0,0.0,0.04
45,4,2,3,False,0.6837653264975897,0.021801342784863564,3,qUCB,0.18,0.6,0.12,0.04,0.0,0.0,0.0,0.0,0.04,0.0,0.0,0.0,0.0,0.02,0.0
45,4,2,3,False,0.6837653264975897,0.021801342784863564,4,qUCB,0.0,0.46,0.44,0.04,0.02,0.0,0.0,0.0,0.0,0.0,0.0,0.0,0.0,0.04,0.0
45,5,1,4,False,0.414090771580914,0.009541455042253677,0,qEHVI,0.38,0.2,0.38,0.0,0.0,0.0,0.0,0.0,0.0,0.0,0.0,0.04,0.0,0.0,0.0
45,5,1,4,False,0.414090771580914,0.009541455042253677,1,qUCB,0.72,0.12,0.06,0.0,0.02,0.0,0.0,0.0,0.04,0.0,0.0,0.0,0.0,0.0,0.04
45,5,1,4,False,0.414090771580914,0.009541455042253677,2,qUCB,0.0,0.46,0.44,0.04,0.02,0.0,0.0,0.0,0.0,0.0,0.0,0.0,0.0,0.04,0.0
45,5,1,4,False,0.414090771580914,0.009541455042253677,3,qUCB,0.74,0.12,0.04,0.0,0.04,0.0,0.0,0.0,0.02,0.0,0.0,0.0,0.0,0.04,0.0
45,5,1,4,False,0.414090771580914,0.009541455042253677,4,qUCB,0.18,0.6,0.12,0.04,0.0,0.0,0.0,0.0,0.04,0.0,0.0,0.0,0.0,0.02,0.0
45,6,0,5,False,0.3666195148824598,0.04008257658588388,0,qUCB,0.74,0.14,0.04,0.0,0.0,0.0,0.0,0.0,0.0,0.0,0.0,0.02,0.0,0.02,0.04
45,6,0,5,False,0.3666195148824598,0.04008257658588388,1,qUCB,0.18,0.0,0.8,0.0,0.0,0.0,0.0,0.0,0.02,0.0,0.0,0.0,0.0,0.0,0.0
45,6,0,5,False,0.3666195148824598,0.04008257658588388,2,qUCB,0.0,0.46,0.44,0.04,0.02,0.0,0.0,0.0,0.0,0.0,0.0,0.0,0.0,0.04,0.0
45,6,0,5,False,0.3666195148824598,0.04008257658588388,3,qUCB,0.46,0.44,0.0,0.02,0.0,0.0,0.0,0.0,0.0,0.0,0.0,0.04,0.0,0.0,0.04
45,6,0,5,False,0.3666195148824598,0.04008257658588388,4,qUCB,0.02,0.22,0.66,0.04,0.02,0.0,0.0,0.0,0.0,0.0,0.0,0.04,0.0,0.0,0.0
46,1,5,0,True,0.7775305533972858,0.006353949950690385,0,qEHVI,0.38,0.12,0.4,0.02,0.0,0.0,0.0,0.0,0.0,0.0,0.0,0.04,0.0,0.04,0.0
46,1,5,0,True,0.7775305533972858,0.006353949950690385,1,qEHVI,0.44,0.46,0.0,0.04,0.0,0.0,0.0,0.0,0.0,0.0,0.0,0.04,0.0,0.0,0.02
46,1,5,0,True,0.7775305533972858,0.006353949950690385,2,qEHVI,0.42,0.0,0.48,0.0,0.0,0.0,0.0,0.0,0.02,0.0,0.0,0.04,0.0,0.0,0.04
46,1,5,0,True,0.7775305533972858,0.006353949950690385,3,qEHVI,0.74,0.12,0.04,0.0,0.02,0.0,0.0,0.0,0.02,0.0,0.0,0.02,0.0,0.0,0.04
46,1,5,0,True,0.7775305533972858,0.006353949950690385,4,qEHVI,0.36,0.02,0.52,0.04,0.0,0.0,0.0,0.0,0.02,0.0,0.0,0.04,0.0,0.0,0.0
46,2,4,1,False,0.7290506582558395,0.02797284274957157,0,qEHVI,0.38,0.12,0.4,0.02,0.0,0.0,0.0,0.0,0.0,0.0,0.0,0.04,0.0,0.04,0.0
46,2,4,1,False,0.7290506582558395,0.02797284274957157,1,qEHVI,0.44,0.46,0.0,0.04,0.0,0.0,0.0,0.0,0.0,0.0,0.0,0.04,0.0,0.0,0.02
46,2,4,1,False,0.7290506582558395,0.02797284274957157,2,qEHVI,0.42,0.0,0.48,0.0,0.0,0.0,0.0,0.0,0.02,0.0,0.0,0.04,0.0,0.0,0.04
46,2,4,1,False,0.7290506582558395,0.02797284274957157,3,qEHVI,0.74,0.12,0.04,0.0,0.02,0.0,0.0,0.0,0.02,0.0,0.0,0.02,0.0,0.0,0.04
46,2,4,1,False,0.7290506582558395,0.02797284274957157,4,qUCB,0.44,0.04,0.42,0.04,0.04,0.0,0.0,0.0,0.02,0.0,0.0,0.0,0.0,0.0,0.0
46,3,3,2,False,0.588032520785845,0.017681258052117066,0,qEHVI,0.38,0.12,0.4,0.02,0.0,0.0,0.0,0.0,0.0,0.0,0.0,0.04,0.0,0.04,0.0
46,3,3,2,False,0.588032520785845,0.017681258052117066,1,qEHVI,0.44,0.46,0.0,0.04,0.0,0.0,0.0,0.0,0.0,0.0,0.0,0.04,0.0,0.0,0.02
46,3,3,2,False,0.588032520785845,0.017681258052117066,2,qEHVI,0.42,0.0,0.48,0.0,0.0,0.0,0.0,0.0,0.02,0.0,0.0,0.04,0.0,0.0,0.04
46,3,3,2,False,0.588032520785845,0.017681258052117066,3,qUCB,0.42,0.08,0.4,0.0,0.04,0.0,0.0,0.0,0.04,0.0,0.0,0.0,0.0,0.02,0.0
46,3,3,2,False,0.588032520785845,0.017681258052117066,4,qUCB,0.0,0.48,0.46,0.0,0.04,0.0,0.0,0.0,0.02,0.0,0.0,0.0,0.0,0.0,0.0
46,4,2,3,False,0.46498531380194585,0.01884030817330711,0,qEHVI,0.38,0.12,0.4,0.02,0.0,0.0,0.0,0.0,0.0,0.0,0.0,0.04,0.0,0.04,0.0
46,4,2,3,False,0.46498531380194585,0.01884030817330711,1,qEHVI,0.44,0.46,0.0,0.04,0.0,0.0,0.0,0.0,0.0,0.0,0.0,0.04,0.0,0.0,0.02
46,4,2,3,False,0.46498531380194585,0.01884030817330711,2,qUCB,0.42,0.06,0.42,0.0,0.04,0.0,0.0,0.0,0.04,0.0,0.0,0.0,0.0,0.0,0.02
46,4,2,3,False,0.46498531380194585,0.01884030817330711,3,qUCB,0.0,0.48,0.46,0.0,0.04,0.0,0.0,0.0,0.02,0.0,0.0,0.0,0.0,0.0,0.0
46,4,2,3,False,0.46498531380194585,0.01884030817330711,4,qUCB,0.12,0.14,0.64,0.0,0.04,0.0,0.0,0.0,0.04,0.0,0.0,0.0,0.0,0.0,0.02
46,5,1,4,False,0.3248245374640758,0.13697926964213503,0,qEHVI,0.38,0.12,0.4,0.02,0.0,0.0,0.0,0.0,0.0,0.0,0.0,0.04,0.0,0.04,0.0
46,5,1,4,False,0.3248245374640758,0.13697926964213503,1,qUCB,0.4,0.12,0.38,0.0,0.02,0.0,0.0,0.0,0.04,0.0,0.0,0.0,0.0,0.0,0.04
46,5,1,4,False,0.3248245374640758,0.13697926964213503,2,qUCB,0.2,0.5,0.22,0.0,0.04,0.0,0.0,0.0,0.0,0.0,0.0,0.0,0.0,0.0,0.04
46,5,1,4,False,0.3248245374640758,0.13697926964213503,3,qUCB,0.0,0.48,0.46,0.0,0.04,0.0,0.0,0.0,0.02,0.0,0.0,0.0,0.0,0.0,0.0
46,5,1,4,False,0.3248245374640758,0.13697926964213503,4,qUCB,0.3,0.48,0.14,0.0,0.04,0.0,0.0,0.0,0.0,0.0,0.0,0.0,0.0,0.0,0.04
46,6,0,5,False,0.40445382760392745,0.01009885306115077,0,qUCB,0.74,0.12,0.04,0.0,0.02,0.0,0.0,0.0,0.02,0.0,0.0,0.02,0.0,0.0,0.04
46,6,0,5,False,0.40445382760392745,0.01009885306115077,1,qUCB,0.44,0.46,0.0,0.04,0.0,0.0,0.0,0.0,0.0,0.0,0.0,0.04,0.0,0.0,0.02
46,6,0,5,False,0.40445382760392745,0.01009885306115077,2,qUCB,0.14,0.0,0.84,0.0,0.02,0.0,0.0,0.0,0.0,0.0,0.0,0.0,0.0,0.0,0.0
46,6,0,5,False,0.40445382760392745,0.01009885306115077,3,qUCB,0.0,0.46,0.44,0.02,0.02,0.0,0.0,0.0,0.0,0.0,0.0,0.04,0.0,0.0,0.02
46,6,0,5,False,0.40445382760392745,0.01009885306115077,4,qUCB,0.0,0.22,0.68,0.04,0.0,0.0,0.0,0.0,0.04,0.0,0.0,0.02,0.0,0.0,0.0
47,1,5,0,True,0.5399692318281512,0.05622944936156493,0,qEHVI,0.4,0.18,0.38,0.0,0.0,0.0,0.0,0.0,0.04,0.0,0.0,0.0,0.0,0.0,0.0
47,1,5,0,True,0.5399692318281512,0.05622944936156493,1,qEHVI,0.4,0.12,0.38,0.02,0.0,0.0,0.0,0.0,0.0,0.0,0.0,0.04,0.0,0.02,0.02
47,1,5,0,True,0.5399692318281512,0.05622944936156493,2,qEHVI,0.44,0.4,0.06,0.02,0.0,0.0,0.0,0.0,0.0,0.0,0.0,0.04,0.0,0.0,0.04
47,1,5,0,True,0.5399692318281512,0.05622944936156493,3,qEHVI,0.46,0.0,0.48,0.0,0.0,0.0,0.0,0.0,0.02,0.0,0.0,0.0,0.0,0.04,0.0
47,1,5,0,True,0.5399692318281512,0.05622944936156493,4,qEHVI,0.62,0.02,0.34,0.0,0.02,0.0,0.0,0.0,0.0,0.0,0.0,0.0,0.0,0.0,0.0
47,2,4,1,False,0.4680763198005113,0.04476220602572489,0,qEHVI,0.4,0.18,0.38,0.0,0.0,0.0,0.0,0.0,0.04,0.0,0.0,0.0,0.0,0.0,0.0
47,2,4,1,False,0.4680763198005113,0.04476220602572489,1,qEHVI,0.4,0.12,0.38,0.02,0.0,0.0,0.0,0.0,0.0,0.0,0.0,0.04,0.0,0.02,0.02
47,2,4,1,False,0.4680763198005113,0.04476220602572489,2,qEHVI,0.44,0.4,0.06,0.02,0.0,0.0,0.0,0.0,0.0,0.0,0.0,0.04,0.0,0.0,0.04
47,2,4,1,False,0.4680763198005113,0.04476220602572489,3,qEHVI,0.46,0.0,0.48,0.0,0.0,0.0,0.0,0.0,0.02,0.0,0.0,0.0,0.0,0.04,0.0
47,2,4,1,False,0.4680763198005113,0.04476220602572489,4,qUCB,0.78,0.08,0.04,0.0,0.04,0.0,0.0,0.0,0.0,0.0,0.0,0.0,0.0,0.02,0.04
47,3,3,2,False,0.40865011409755897,0.04744781488919081,0,qEHVI,0.4,0.18,0.38,0.0,0.0,0.0,0.0,0.0,0.04,0.0,0.0,0.0,0.0,0.0,0.0
47,3,3,2,False,0.40865011409755897,0.04744781488919081,1,qEHVI,0.4,0.12,0.38,0.02,0.0,0.0,0.0,0.0,0.0,0.0,0.0,0.04,0.0,0.02,0.02
47,3,3,2,False,0.40865011409755897,0.04744781488919081,2,qEHVI,0.44,0.4,0.06,0.02,0.0,0.0,0.0,0.0,0.0,0.0,0.0,0.04,0.0,0.0,0.04
47,3,3,2,False,0.40865011409755897,0.04744781488919081,3,qUCB,0.78,0.08,0.04,0.0,0.04,0.0,0.0,0.0,0.0,0.0,0.0,0.0,0.0,0.02,0.04
47,3,3,2,False,0.40865011409755897,0.04744781488919081,4,qUCB,0.0,0.5,0.44,0.0,0.04,0.0,0.0,0.0,0.0,0.0,0.0,0.0,0.0,0.02,0.0
47,4,2,3,False,0.33250573007974926,0.048623719136569044,0,qEHVI,0.4,0.18,0.38,0.0,0.0,0.0,0.0,0.0,0.04,0.0,0.0,0.0,0.0,0.0,0.0
47,4,2,3,False,0.33250573007974926,0.048623719136569044,1,qEHVI,0.4,0.12,0.38,0.02,0.0,0.0,0.0,0.0,0.0,0.0,0.0,0.04,0.0,0.02,0.02
47,4,2,3,False,0.33250573007974926,0.048623719136569044,2,qUCB,0.78,0.08,0.04,0.0,0.04,0.0,0.0,0.0,0.0,0.0,0.0,0.0,0.0,0.02,0.04
47,4,2,3,False,0.33250573007974926,0.048623719136569044,3,qUCB,0.0,0.46,0.46,0.02,0.04,0.0,0.0,0.0,0.0,0.0,0.0,0.0,0.0,0.02,0.0
47,4,2,3,False,0.33250573007974926,0.048623719136569044,4,qUCB,0.18,0.52,0.22,0.04,0.04,0.0,0.0,0.0,0.0,0.0,0.0,0.0,0.0,0.0,0.0
47,5,1,4,False,0.23511449216575447,0.05911907775328484,0,qEHVI,0.4,0.18,0.38,0.0,0.0,0.0,0.0,0.0,0.04,0.0,0.0,0.0,0.0,0.0,0.0
47,5,1,4,False,0.23511449216575447,0.05911907775328484,1,qUCB,0.78,0.08,0.04,0.0,0.04,0.0,0.0,0.0,0.0,0.0,0.0,0.0,0.0,0.02,0.04
47,5,1,4,False,0.23511449216575447,0.05911907775328484,2,qUCB,0.0,0.46,0.44,0.04,0.0,0.0,0.0,0.0,0.0,0.0,0.0,0.02,0.0,0.0,0.04
47,5,1,4,False,0.23511449216575447,0.05911907775328484,3,qUCB,0.14,0.08,0.68,0.0,0.0,0.0,0.0,0.0,0.0,0.0,0.0,0.04,0.0,0.04,0.02
47,5,1,4,False,0.23511449216575447,0.05911907775328484,4,qUCB,0.74,0.02,0.14,0.04,0.0,0.0,0.0,0.0,0.0,0.0,0.0,0.04,0.0,0.0,0.02
47,6,0,5,False,0.18504994627550123,0.0028105440449142094,0,qUCB,0.68,0.18,0.06,0.0,0.0,0.0,0.0,0.0,0.0,0.0,0.0,0.04,0.0,0.0,0.04
47,6,0,5,False,0.18504994627550123,0.0028105440449142094,1,qUCB,0.0,0.46,0.44,0.04,0.0,0.0,0.0,0.0,0.0,0.0,0.0,0.02,0.0,0.0,0.04
47,6,0,5,False,0.18504994627550123,0.0028105440449142094,2,qUCB,0.14,0.08,0.68,0.0,0.0,0.0,0.0,0.0,0.0,0.0,0.0,0.04,0.0,0.04,0.02
47,6,0,5,False,0.18504994627550123,0.0028105440449142094,3,qUCB,0.16,0.0,0.8,0.0,0.0,0.0,0.0,0.0,0.02,0.0,0.0,0.0,0.0,0.02,0.0
47,6,0,5,False,0.18504994627550123,0.0028105440449142094,4,qUCB,0.0,0.22,0.68,0.0,0.0,0.0,0.0,0.0,0.04,0.0,0.0,0.04,0.0,0.02,0.0
48,1,5,0,True,0.46499528870590884,0.015963741813031618,0,qEHVI,0.38,0.14,0.38,0.0,0.0,0.0,0.0,0.0,0.04,0.0,0.0,0.02,0.0,0.04,0.0
48,1,5,0,True,0.46499528870590884,0.015963741813031618,1,qEHVI,0.74,0.12,0.04,0.0,0.02,0.0,0.0,0.0,0.02,0.0,0.0,0.0,0.0,0.02,0.04
48,1,5,0,True,0.46499528870590884,0.015963741813031618,2,qEHVI,0.4,0.12,0.4,0.04,0.0,0.0,0.0,0.0,0.0,0.0,0.0,0.04,0.0,0.0,0.0
48,1,5,0,True,0.46499528870590884,0.015963741813031618,3,qEHVI,0.0,0.52,0.38,0.0,0.04,0.0,0.0,0.0,0.02,0.0,0.0,0.04,0.0,0.0,0.0
48,1,5,0,True,0.46499528870590884,0.015963741813031618,4,qEHVI,0.44,0.14,0.34,0.04,0.0,0.0,0.0,0.0,0.0,0.0,0.0,0.02,0.0,0.02,0.0
48,2,4,1,False,0.4314870432225768,0.002034741514943761,0,qEHVI,0.38,0.14,0.38,0.0,0.0,0.0,0.0,0.0,0.04,0.0,0.0,0.02,0.0,0.04,0.0
48,2,4,1,False,0.4314870432225768,0.002034741514943761,1,qEHVI,0.74,0.12,0.04,0.0,0.02,0.0,0.0,0.0,0.02,0.0,0.0,0.0,0.0,0.02,0.04
48,2,4,1,False,0.4314870432225768,0.002034741514943761,2,qEHVI,0.44,0.14,0.34,0.04,0.0,0.0,0.0,0.0,0.0,0.0,0.0,0.02,0.0,0.02,0.0
48,2,4,1,False,0.4314870432225768,0.002034741514943761,3,qEHVI,0.0,0.52,0.38,0.0,0.04,0.0,0.0,0.0,0.02,0.0,0.0,0.04,0.0,0.0,0.0
48,2,4,1,False,0.4314870432225768,0.002034741514943761,4,qUCB,0.4,0.1,0.4,0.02,0.04,0.0,0.0,0.0,0.04,0.0,0.0,0.0,0.0,0.0,0.0
48,3,3,2,False,0.42695643490553203,0.021674479956883985,0,qEHVI,0.38,0.14,0.38,0.0,0.0,0.0,0.0,0.0,0.04,0.0,0.0,0.02,0.0,0.04,0.0
48,3,3,2,False,0.42695643490553203,0.021674479956883985,1,qEHVI,0.74,0.12,0.04,0.0,0.02,0.0,0.0,0.0,0.02,0.0,0.0,0.0,0.0,0.02,0.04
48,3,3,2,False,0.42695643490553203,0.021674479956883985,2,qEHVI,0.0,0.52,0.38,0.0,0.04,0.0,0.0,0.0,0.02,0.0,0.0,0.04,0.0,0.0,0.0
48,3,3,2,False,0.42695643490553203,0.021674479956883985,3,qUCB,0.4,0.12,0.4,0.04,0.0,0.0,0.0,0.0,0.0,0.0,0.0,0.04,0.0,0.0,0.0
48,3,3,2,False,0.42695643490553203,0.021674479956883985,4,qUCB,0.16,0.68,0.12,0.04,0.0,0.0,0.0,0.0,0.0,0.0,0.0,0.0,0.0,0.0,0.0
48,4,2,3,False,0.3740546012547157,0.052856995180429855,0,qEHVI,0.38,0.14,0.38,0.0,0.0,0.0,0.0,0.0,0.04,0.0,0.0,0.02,0.0,0.04,0.0
48,4,2,3,False,0.3740546012547157,0.052856995180429855,1,qEHVI,0.74,0.12,0.04,0.0,0.02,0.0,0.0,0.0,0.02,0.0,0.0,0.0,0.0,0.02,0.04
48,4,2,3,False,0.3740546012547157,0.052856995180429855,2,qUCB,0.4,0.12,0.4,0.04,0.0,0.0,0.0,0.0,0.0,0.0,0.0,0.04,0.0,0.0,0.0
48,4,2,3,False,0.3740546012547157,0.052856995180429855,3,qUCB,0.0,0.46,0.44,0.04,0.02,0.0,0.0,0.0,0.0,0.0,0.0,0.04,0.0,0.0,0.0
48,4,2,3,False,0.3740546012547157,0.052856995180429855,4,qUCB,0.16,0.68,0.12,0.04,0.0,0.0,0.0,0.0,0.0,0.0,0.0,0.0,0.0,0.0,0.0
48,5,1,4,False,0.22416498232978493,0.008269363225810622,0,qEHVI,0.38,0.14,0.38,0.0,0.0,0.0,0.0,0.0,0.04,0.0,0.0,0.02,0.0,0.04,0.0
48,5,1,4,False,0.22416498232978493,0.008269363225810622,1,qUCB,0.76,0.12,0.04,0.0,0.04,0.0,0.0,0.0,0.0,0.0,0.0,0.0,0.0,0.0,0.04
48,5,1,4,False,0.22416498232978493,0.008269363225810622,2,qUCB,0.0,0.46,0.44,0.04,0.02,0.0,0.0,0.0,0.0,0.0,0.0,0.04,0.0,0.0,0.0
48,5,1,4,False,0.22416498232978493,0.008269363225810622,3,qUCB,0.0,0.42,0.48,0.04,0.04,0.0,0.0,0.0,0.0,0.0,0.0,0.0,0.0,0.0,0.02
48,5,1,4,False,0.22416498232978493,0.008269363225810622,4,qUCB,0.0,0.46,0.46,0.0,0.04,0.0,0.0,0.0,0.0,0.0,0.0,0.02,0.0,0.0,0.02
48,6,0,5,False,0.20091780730803302,0.1961948546037373,0,qUCB,0.76,0.1,0.04,0.0,0.0,0.0,0.0,0.0,0.02,0.0,0.0,0.04,0.0,0.0,0.04
48,6,0,5,False,0.20091780730803302,0.1961948546037373,1,qUCB,0.0,0.46,0.44,0.04,0.02,0.0,0.0,0.0,0.0,0.0,0.0,0.04,0.0,0.0,0.0
48,6,0,5,False,0.20091780730803302,0.1961948546037373,2,qUCB,0.02,0.2,0.68,0.04,0.0,0.0,0.0,0.0,0.0,0.0,0.0,0.04,0.0,0.02,0.0
48,6,0,5,False,0.20091780730803302,0.1961948546037373,3,qUCB,0.16,0.08,0.68,0.0,0.0,0.0,0.0,0.0,0.04,0.0,0.0,0.04,0.0,0.0,0.0
48,6,0,5,False,0.20091780730803302,0.1961948546037373,4,qUCB,0.0,0.52,0.46,0.0,0.0,0.0,0.0,0.0,0.0,0.0,0.0,0.0,0.0,0.0,0.02
49,1,5,0,True,0.4721527768882712,0.042540606590344865,0,qEHVI,0.38,0.16,0.38,0.0,0.0,0.0,0.0,0.0,0.0,0.0,0.0,0.04,0.0,0.04,0.0
49,1,5,0,True,0.4721527768882712,0.042540606590344865,1,qEHVI,0.74,0.12,0.04,0.0,0.0,0.0,0.0,0.0,0.02,0.0,0.0,0.02,0.0,0.02,0.04
49,1,5,0,True,0.4721527768882712,0.042540606590344865,2,qEHVI,0.32,0.5,0.08,0.04,0.0,0.0,0.0,0.0,0.02,0.0,0.0,0.04,0.0,0.0,0.0
49,1,5,0,True,0.4721527768882712,0.042540606590344865,3,qEHVI,0.42,0.14,0.34,0.02,0.0,0.0,0.0,0.0,0.04,0.0,0.0,0.0,0.0,0.0,0.04
49,1,5,0,True,0.4721527768882712,0.042540606590344865,4,qEHVI,0.36,0.12,0.42,0.04,0.0,0.0,0.0,0.0,0.04,0.0,0.0,0.0,0.0,0.02,0.0
49,2,4,1,False,0.4293072799091915,0.2863210360055284,0,qEHVI,0.38,0.16,0.38,0.0,0.0,0.0,0.0,0.0,0.0,0.0,0.0,0.04,0.0,0.04,0.0
49,2,4,1,False,0.4293072799091915,0.2863210360055284,1,qEHVI,0.74,0.12,0.04,0.0,0.0,0.0,0.0,0.0,0.02,0.0,0.0,0.02,0.0,0.02,0.04
49,2,4,1,False,0.4293072799091915,0.2863210360055284,2,qEHVI,0.32,0.5,0.08,0.04,0.0,0.0,0.0,0.0,0.02,0.0,0.0,0.04,0.0,0.0,0.0
49,2,4,1,False,0.4293072799091915,0.2863210360055284,3,qEHVI,0.42,0.14,0.34,0.02,0.0,0.0,0.0,0.0,0.04,0.0,0.0,0.0,0.0,0.0,0.04
49,2,4,1,False,0.4293072799091915,0.2863210360055284,4,qUCB,0.42,0.16,0.38,0.0,0.04,0.0,0.0,0.0,0.0,0.0,0.0,0.0,0.0,0.0,0.0
49,3,3,2,False,0.38943715685331803,0.1311044479727439,0,qEHVI,0.38,0.16,0.38,0.0,0.0,0.0,0.0,0.0,0.0,0.0,0.0,0.04,0.0,0.04,0.0
49,3,3,2,False,0.38943715685331803,0.1311044479727439,1,qEHVI,0.74,0.12,0.04,0.0,0.0,0.0,0.0,0.0,0.02,0.0,0.0,0.02,0.0,0.02,0.04
49,3,3,2,False,0.38943715685331803,0.1311044479727439,2,qEHVI,0.32,0.5,0.08,0.04,0.0,0.0,0.0,0.0,0.02,0.0,0.0,0.04,0.0,0.0,0.0
49,3,3,2,False,0.38943715685331803,0.1311044479727439,3,qUCB,0.42,0.16,0.38,0.0,0.04,0.0,0.0,0.0,0.0,0.0,0.0,0.0,0.0,0.0,0.0
49,3,3,2,False,0.38943715685331803,0.1311044479727439,4,qUCB,0.0,0.46,0.44,0.04,0.02,0.0,0.0,0.0,0.0,0.0,0.0,0.0,0.0,0.0,0.04
49,4,2,3,False,0.38655861697398713,0.024176170481858605,0,qEHVI,0.38,0.16,0.38,0.0,0.0,0.0,0.0,0.0,0.0,0.0,0.0,0.04,0.0,0.04,0.0
49,4,2,3,False,0.38655861697398713,0.024176170481858605,1,qEHVI,0.74,0.12,0.04,0.0,0.0,0.0,0.0,0.0,0.02,0.0,0.0,0.02,0.0,0.02,0.04
49,4,2,3,False,0.38655861697398713,0.024176170481858605,2,qUCB,0.4,0.1,0.4,0.04,0.04,0.0,0.0,0.0,0.0,0.0,0.0,0.02,0.0,0.0,0.0
49,4,2,3,False,0.38655861697398713,0.024176170481858605,3,qUCB,0.22,0.6,0.1,0.04,0.04,0.0,0.0,0.0,0.0,0.0,0.0,0.0,0.0,0.0,0.0
49,4,2,3,False,0.38655861697398713,0.024176170481858605,4,qUCB,0.0,0.24,0.66,0.04,0.02,0.0,0.0,0.0,0.04,0.0,0.0,0.0,0.0,0.0,0.0
49,5,1,4,False,0.2030661451801612,0.008654206709097334,0,qEHVI,0.38,0.16,0.38,0.0,0.0,0.0,0.0,0.0,0.0,0.0,0.0,0.04,0.0,0.04,0.0
49,5,1,4,False,0.2030661451801612,0.008654206709097334,1,qUCB,0.8,0.06,0.04,0.0,0.04,0.0,0.0,0.0,0.04,0.0,0.0,0.0,0.0,0.0,0.02
49,5,1,4,False,0.2030661451801612,0.008654206709097334,2,qUCB,0.0,0.46,0.44,0.04,0.02,0.0,0.0,0.0,0.0,0.0,0.0,0.0,0.0,0.0,0.04
49,5,1,4,False,0.2030661451801612,0.008654206709097334,3,qUCB,0.0,0.42,0.48,0.04,0.0,0.0,0.0,0.0,0.04,0.0,0.0,0.0,0.0,0.02,0.0
49,5,1,4,False,0.2030661451801612,0.008654206709097334,4,qUCB,0.34,0.14,0.42,0.04,0.0,0.0,0.0,0.0,0.02,0.0,0.0,0.0,0.0,0.0,0.04
49,6,0,5,False,0.286926420155965,0.2054003101104897,0,qUCB,0.74,0.12,0.04,0.0,0.0,0.0,0.0,0.0,0.02,0.0,0.0,0.02,0.0,0.02,0.04
49,6,0,5,False,0.286926420155965,0.2054003101104897,1,qUCB,0.0,0.46,0.44,0.0,0.02,0.0,0.0,0.0,0.0,0.0,0.0,0.04,0.0,0.0,0.04
49,6,0,5,False,0.286926420155965,0.2054003101104897,2,qUCB,0.0,0.42,0.48,0.04,0.0,0.0,0.0,0.0,0.04,0.0,0.0,0.0,0.0,0.02,0.0
49,6,0,5,False,0.286926420155965,0.2054003101104897,3,qUCB,0.36,0.12,0.42,0.04,0.0,0.0,0.0,0.0,0.04,0.0,0.0,0.0,0.0,0.02,0.0
49,6,0,5,False,0.286926420155965,0.2054003101104897,4,qUCB,0.36,0.1,0.44,0.04,0.0,0.0,0.0,0.0,0.02,0.0,0.0,0.04,0.0,0.0,0.0
50,1,5,0,True,0.5858523298920987,0.04791846664256205,0,qEHVI,0.72,0.16,0.04,0.0,0.0,0.0,0.0,0.0,0.0,0.0,0.0,0.04,0.0,0.0,0.04
50,1,5,0,True,0.5858523298920987,0.04791846664256205,1,qEHVI,0.62,0.0,0.36,0.0,0.0,0.0,0.0,0.0,0.0,0.0,0.0,0.0,0.0,0.02,0.0
50,1,5,0,True,0.5858523298920987,0.04791846664256205,2,qEHVI,0.38,0.16,0.38,0.02,0.0,0.0,0.0,0.0,0.0,0.0,0.0,0.0,0.0,0.04,0.02
50,1,5,0,True,0.5858523298920987,0.04791846664256205,3,qEHVI,0.24,0.44,0.22,0.04,0.0,0.0,0.0,0.0,0.0,0.0,0.0,0.04,0.0,0.0,0.02
50,1,5,0,True,0.5858523298920987,0.04791846664256205,4,qEHVI,0.42,0.02,0.46,0.02,0.02,0.0,0.0,0.0,0.0,0.0,0.0,0.02,0.0,0.0,0.04
50,2,4,1,False,0.5462090530454571,0.13420467629486055,0,qEHVI,0.72,0.16,0.04,0.0,0.0,0.0,0.0,0.0,0.0,0.0,0.0,0.04,0.0,0.0,0.04
50,2,4,1,False,0.5462090530454571,0.13420467629486055,1,qEHVI,0.62,0.0,0.36,0.0,0.0,0.0,0.0,0.0,0.0,0.0,0.0,0.0,0.0,0.02,0.0
50,2,4,1,False,0.5462090530454571,0.13420467629486055,2,qEHVI,0.38,0.16,0.38,0.02,0.0,0.0,0.0,0.0,0.0,0.0,0.0,0.0,0.0,0.04,0.02
50,2,4,1,False,0.5462090530454571,0.13420467629486055,3,qEHVI,0.24,0.44,0.22,0.04,0.0,0.0,0.0,0.0,0.0,0.0,0.0,0.04,0.0,0.0,0.02
50,2,4,1,False,0.5462090530454571,0.13420467629486055,4,qUCB,0.36,0.16,0.38,0.0,0.04,0.0,0.0,0.0,0.02,0.0,0.0,0.04,0.0,0.0,0.0
50,3,3,2,False,0.5149522770482154,0.11589645666839843,0,qEHVI,0.72,0.16,0.04,0.0,0.0,0.0,0.0,0.0,0.0,0.0,0.0,0.04,0.0,0.0,0.04
50,3,3,2,False,0.5149522770482154,0.11589645666839843,1,qEHVI,0.62,0.0,0.36,0.0,0.0,0.0,0.0,0.0,0.0,0.0,0.0,0.0,0.0,0.02,0.0
50,3,3,2,False,0.5149522770482154,0.11589645666839843,2,qEHVI,0.38,0.16,0.38,0.02,0.0,0.0,0.0,0.0,0.0,0.0,0.0,0.0,0.0,0.04,0.02
50,3,3,2,False,0.5149522770482154,0.11589645666839843,3,qUCB,0.4,0.08,0.42,0.02,0.04,0.0,0.0,0.0,0.0,0.0,0.0,0.04,0.0,0.0,0.0
50,3,3,2,False,0.5149522770482154,0.11589645666839843,4,qUCB,0.18,0.5,0.22,0.02,0.04,0.0,0.0,0.0,0.04,0.0,0.0,0.0,0.0,0.0,0.0
50,4,2,3,False,0.4745386788625164,0.008671882464501568,0,qEHVI,0.72,0.16,0.04,0.0,0.0,0.0,0.0,0.0,0.0,0.0,0.0,0.04,0.0,0.0,0.04
50,4,2,3,False,0.4745386788625164,0.008671882464501568,1,qEHVI,0.62,0.0,0.36,0.0,0.0,0.0,0.0,0.0,0.0,0.0,0.0,0.0,0.0,0.02,0.0
50,4,2,3,False,0.4745386788625164,0.008671882464501568,2,qUCB,0.4,0.08,0.42,0.02,0.04,0.0,0.0,0.0,0.0,0.0,0.0,0.04,0.0,0.0,0.0
50,4,2,3,False,0.4745386788625164,0.008671882464501568,3,qUCB,0.0,0.46,0.44,0.04,0.0,0.0,0.0,0.0,0.02,0.0,0.0,0.0,0.0,0.0,0.04
50,4,2,3,False,0.4745386788625164,0.008671882464501568,4,qUCB,0.16,0.64,0.12,0.04,0.0,0.0,0.0,0.0,0.04,0.0,0.0,0.0,0.0,0.0,0.0
50,5,1,4,False,0.36622189781827263,0.03205412300558397,0,qEHVI,0.72,0.16,0.04,0.0,0.0,0.0,0.0,0.0,0.0,0.0,0.0,0.04,0.0,0.0,0.04
50,5,1,4,False,0.36622189781827263,0.03205412300558397,1,qUCB,0.4,0.08,0.42,0.0,0.04,0.0,0.0,0.0,0.04,0.0,0.0,0.0,0.0,0.02,0.0
50,5,1,4,False,0.36622189781827263,0.03205412300558397,2,qUCB,0.02,0.2,0.68,0.04,0.02,0.0,0.0,0.0,0.0,0.0,0.0,0.0,0.0,0.04,0.0
50,5,1,4,False,0.36622189781827263,0.03205412300558397,3,qUCB,0.16,0.0,0.8200000000000001,0.0,0.0,0.0,0.0,0.0,0.02,0.0,0.0,0.0,0.0,0.0,0.0
50,5,1,4,False,0.36622189781827263,0.03205412300558397,4,qUCB,0.0,0.48,0.46,0.04,0.0,0.0,0.0,0.0,0.0,0.0,0.0,0.0,0.0,0.02,0.0
50,6,0,5,False,0.3786125569108666,0.036750299555293964,0,qUCB,0.72,0.16,0.04,0.0,0.0,0.0,0.0,0.0,0.0,0.0,0.0,0.04,0.0,0.0,0.04
50,6,0,5,False,0.3786125569108666,0.036750299555293964,1,qUCB,0.16,0.0,0.8200000000000001,0.0,0.0,0.0,0.0,0.0,0.02,0.0,0.0,0.0,0.0,0.0,0.0
50,6,0,5,False,0.3786125569108666,0.036750299555293964,2,qUCB,0.0,0.44,0.46,0.04,0.0,0.0,0.0,0.0,0.0,0.0,0.0,0.0,0.0,0.04,0.02
50,6,0,5,False,0.3786125569108666,0.036750299555293964,3,qUCB,0.12,0.14,0.68,0.0,0.0,0.0,0.0,0.0,0.02,0.0,0.0,0.04,0.0,0.0,0.0
50,6,0,5,False,0.3786125569108666,0.036750299555293964,4,qUCB,0.42,0.0,0.58,0.0,0.0,0.0,0.0,0.0,0.0,0.0,0.0,0.0,0.0,0.0,0.0
