iteration,option,n_opt,n_exp,selected,full_qehvi,full_entropy,point_idx,source,x_0,x_1,x_2,x_3,x_4,x_5,x_6
1,1,5,0,True,1.0714068859361663,0.6069847564182993,0,qEHVI,0.1,0.05,0.7000000000000001,0.05,0.0,0.0,0.1
1,1,5,0,True,1.0714068859361663,0.6069847564182993,1,qEHVI,0.0,0.2,0.7000000000000001,0.1,0.0,0.0,0.0
1,1,5,0,True,1.0714068859361663,0.6069847564182993,2,qEHVI,0.25,0.0,0.7000000000000001,0.05,0.0,0.0,0.0
1,1,5,0,True,1.0714068859361663,0.6069847564182993,3,qEHVI,0.0,0.05,0.7000000000000001,0.1,0.05,0.0,0.1
1,1,5,0,True,1.0714068859361663,0.6069847564182993,4,qEHVI,0.0,0.35000000000000003,0.55,0.0,0.0,0.0,0.1
1,2,4,1,False,1.0014920050208465,0.7171449861137429,0,qEHVI,0.1,0.05,0.7000000000000001,0.05,0.0,0.0,0.1
1,2,4,1,False,1.0014920050208465,0.7171449861137429,1,qEHVI,0.0,0.2,0.7000000000000001,0.1,0.0,0.0,0.0
1,2,4,1,False,1.0014920050208465,0.7171449861137429,2,qEHVI,0.25,0.0,0.7000000000000001,0.05,0.0,0.0,0.0
1,2,4,1,False,1.0014920050208465,0.7171449861137429,3,qEHVI,0.0,0.05,0.7000000000000001,0.1,0.05,0.0,0.1
1,2,4,1,False,1.0014920050208465,0.7171449861137429,4,qUCB,0.05,0.2,0.2,0.0,0.1,0.45,0.0
1,3,3,2,False,0.928999331763077,0.5785510164323764,0,qEHVI,0.1,0.05,0.7000000000000001,0.05,0.0,0.0,0.1
1,3,3,2,False,0.928999331763077,0.5785510164323764,1,qEHVI,0.0,0.2,0.7000000000000001,0.1,0.0,0.0,0.0
1,3,3,2,False,0.928999331763077,0.5785510164323764,2,qEHVI,0.25,0.0,0.7000000000000001,0.05,0.0,0.0,0.0
1,3,3,2,False,0.928999331763077,0.5785510164323764,3,qUCB,0.05,0.2,0.2,0.0,0.1,0.45,0.0
1,3,3,2,False,0.928999331763077,0.5785510164323764,4,qUCB,0.1,0.0,0.2,0.1,0.1,0.45,0.05
1,4,2,3,False,0.8152525828186025,0.5210218122992814,0,qEHVI,0.1,0.05,0.7000000000000001,0.05,0.0,0.0,0.1
1,4,2,3,False,0.8152525828186025,0.5210218122992814,1,qEHVI,0.0,0.2,0.7000000000000001,0.1,0.0,0.0,0.0
1,4,2,3,False,0.8152525828186025,0.5210218122992814,2,qUCB,0.25,0.0,0.2,0.0,0.1,0.45,0.0
1,4,2,3,False,0.8152525828186025,0.5210218122992814,3,qUCB,0.35000000000000003,0.0,0.2,0.0,0.0,0.45,0.0
1,4,2,3,False,0.8152525828186025,0.5210218122992814,4,qUCB,0.35000000000000003,0.4,0.2,0.0,0.0,0.05,0.0
1,5,1,4,False,0.6543952432833787,0.3515820621497401,0,qEHVI,0.1,0.05,0.7000000000000001,0.05,0.0,0.0,0.1
1,5,1,4,False,0.6543952432833787,0.3515820621497401,1,qUCB,0.25,0.0,0.2,0.0,0.1,0.45,0.0
1,5,1,4,False,0.6543952432833787,0.3515820621497401,2,qUCB,0.0,0.15000000000000002,0.2,0.1,0.1,0.45,0.0
1,5,1,4,False,0.6543952432833787,0.3515820621497401,3,qUCB,0.2,0.5,0.2,0.1,0.0,0.0,0.0
1,5,1,4,False,0.6543952432833787,0.3515820621497401,4,qUCB,0.35000000000000003,0.0,0.2,0.0,0.0,0.45,0.0
1,6,0,5,False,0.9561411027788882,0.6608331408767514,0,qUCB,0.0,0.2,0.7000000000000001,0.1,0.0,0.0,0.0
1,6,0,5,False,0.9561411027788882,0.6608331408767514,1,qUCB,0.25,0.0,0.7000000000000001,0.05,0.0,0.0,0.0
1,6,0,5,False,0.9561411027788882,0.6608331408767514,2,qUCB,0.0,0.5,0.4,0.1,0.0,0.0,0.0
1,6,0,5,False,0.9561411027788882,0.6608331408767514,3,qUCB,0.25,0.0,0.2,0.0,0.1,0.45,0.0
1,6,0,5,False,0.9561411027788882,0.6608331408767514,4,qUCB,0.0,0.05,0.7000000000000001,0.1,0.05,0.0,0.1
2,1,5,0,True,0.9456488769571737,1.2907637682827957,0,qEHVI,0.1,0.1,0.7000000000000001,0.05,0.0,0.0,0.05
2,1,5,0,True,0.9456488769571737,1.2907637682827957,1,qEHVI,0.1,0.0,0.7000000000000001,0.1,0.0,0.05,0.05
2,1,5,0,True,0.9456488769571737,1.2907637682827957,2,qEHVI,0.25,0.0,0.7000000000000001,0.0,0.0,0.0,0.05
2,1,5,0,True,0.9456488769571737,1.2907637682827957,3,qEHVI,0.0,0.1,0.7000000000000001,0.05,0.1,0.0,0.05
2,1,5,0,True,0.9456488769571737,1.2907637682827957,4,qEHVI,0.0,0.30000000000000004,0.7000000000000001,0.0,0.0,0.0,0.0
2,2,4,1,False,0.9591336878830132,1.445790058442686,0,qEHVI,0.1,0.1,0.7000000000000001,0.05,0.0,0.0,0.05
2,2,4,1,False,0.9591336878830132,1.445790058442686,1,qEHVI,0.1,0.0,0.7000000000000001,0.1,0.0,0.05,0.05
2,2,4,1,False,0.9591336878830132,1.445790058442686,2,qEHVI,0.25,0.0,0.7000000000000001,0.0,0.0,0.0,0.05
2,2,4,1,False,0.9591336878830132,1.445790058442686,3,qEHVI,0.0,0.1,0.7000000000000001,0.05,0.1,0.0,0.05
2,2,4,1,False,0.9591336878830132,1.445790058442686,4,qUCB,0.25,0.0,0.2,0.0,0.1,0.45,0.0
2,3,3,2,False,0.9327381911032527,0.8700665981021531,0,qEHVI,0.1,0.1,0.7000000000000001,0.05,0.0,0.0,0.05
2,3,3,2,False,0.9327381911032527,0.8700665981021531,1,qEHVI,0.1,0.0,0.7000000000000001,0.1,0.0,0.05,0.05
2,3,3,2,False,0.9327381911032527,0.8700665981021531,2,qEHVI,0.25,0.0,0.7000000000000001,0.0,0.0,0.0,0.05
2,3,3,2,False,0.9327381911032527,0.8700665981021531,3,qUCB,0.1,0.05,0.2,0.0,0.1,0.45,0.1
2,3,3,2,False,0.9327381911032527,0.8700665981021531,4,qUCB,0.05,0.2,0.2,0.0,0.1,0.45,0.0
2,4,2,3,False,0.8281044384127962,0.49862224607416294,0,qEHVI,0.1,0.1,0.7000000000000001,0.05,0.0,0.0,0.05
2,4,2,3,False,0.8281044384127962,0.49862224607416294,1,qEHVI,0.1,0.0,0.7000000000000001,0.1,0.0,0.05,0.05
2,4,2,3,False,0.8281044384127962,0.49862224607416294,2,qUCB,0.25,0.0,0.2,0.0,0.1,0.45,0.0
2,4,2,3,False,0.8281044384127962,0.49862224607416294,3,qUCB,0.15000000000000002,0.0,0.2,0.0,0.1,0.45,0.1
2,4,2,3,False,0.8281044384127962,0.49862224607416294,4,qUCB,0.35000000000000003,0.25,0.2,0.1,0.1,0.0,0.0
2,5,1,4,False,0.738595536909802,1.2020139525765412,0,qEHVI,0.1,0.1,0.7000000000000001,0.05,0.0,0.0,0.05
2,5,1,4,False,0.738595536909802,1.2020139525765412,1,qUCB,0.25,0.0,0.2,0.0,0.1,0.45,0.0
2,5,1,4,False,0.738595536909802,1.2020139525765412,2,qUCB,0.0,0.05,0.2,0.1,0.1,0.45,0.1
2,5,1,4,False,0.738595536909802,1.2020139525765412,3,qUCB,0.15000000000000002,0.0,0.2,0.0,0.1,0.45,0.1
2,5,1,4,False,0.738595536909802,1.2020139525765412,4,qUCB,0.0,0.15000000000000002,0.2,0.1,0.1,0.45,0.0
2,6,0,5,False,0.6821340055544489,0.05325107325192846,0,qUCB,0.25,0.0,0.7000000000000001,0.0,0.0,0.0,0.05
2,6,0,5,False,0.6821340055544489,0.05325107325192846,1,qUCB,0.15000000000000002,0.0,0.2,0.0,0.1,0.45,0.1
2,6,0,5,False,0.6821340055544489,0.05325107325192846,2,qUCB,0.35000000000000003,0.35000000000000003,0.2,0.1,0.0,0.0,0.0
2,6,0,5,False,0.6821340055544489,0.05325107325192846,3,qUCB,0.0,0.0,0.55,0.0,0.0,0.45,0.0
2,6,0,5,False,0.6821340055544489,0.05325107325192846,4,qUCB,0.05,0.1,0.2,0.1,0.0,0.45,0.1
3,1,5,0,True,0.8507800192324557,0.6619141928943693,0,qEHVI,0.05,0.0,0.7000000000000001,0.1,0.0,0.05,0.1
3,1,5,0,True,0.8507800192324557,0.6619141928943693,1,qEHVI,0.0,0.0,0.7000000000000001,0.1,0.0,0.2,0.0
3,1,5,0,True,0.8507800192324557,0.6619141928943693,2,qEHVI,0.35000000000000003,0.0,0.6000000000000001,0.05,0.0,0.0,0.0
3,1,5,0,True,0.8507800192324557,0.6619141928943693,3,qEHVI,0.0,0.0,0.7000000000000001,0.0,0.0,0.2,0.1
3,1,5,0,True,0.8507800192324557,0.6619141928943693,4,qEHVI,0.30000000000000004,0.05,0.55,0.0,0.0,0.0,0.1
3,2,4,1,False,0.8227316317215778,0.42053500831037915,0,qEHVI,0.05,0.0,0.7000000000000001,0.1,0.0,0.05,0.1
3,2,4,1,False,0.8227316317215778,0.42053500831037915,1,qEHVI,0.0,0.0,0.7000000000000001,0.1,0.0,0.2,0.0
3,2,4,1,False,0.8227316317215778,0.42053500831037915,2,qEHVI,0.35000000000000003,0.0,0.6000000000000001,0.05,0.0,0.0,0.0
3,2,4,1,False,0.8227316317215778,0.42053500831037915,3,qEHVI,0.25,0.0,0.6000000000000001,0.05,0.0,0.0,0.1
3,2,4,1,False,0.8227316317215778,0.42053500831037915,4,qUCB,0.0,0.15000000000000002,0.2,0.0,0.1,0.45,0.1
3,3,3,2,False,0.8089603151965171,0.05944206123625584,0,qEHVI,0.05,0.0,0.7000000000000001,0.1,0.0,0.05,0.1
3,3,3,2,False,0.8089603151965171,0.05944206123625584,1,qEHVI,0.0,0.0,0.7000000000000001,0.1,0.0,0.2,0.0
3,3,3,2,False,0.8089603151965171,0.05944206123625584,2,qEHVI,0.35000000000000003,0.0,0.6000000000000001,0.05,0.0,0.0,0.0
3,3,3,2,False,0.8089603151965171,0.05944206123625584,3,qUCB,0.1,0.5,0.2,0.0,0.1,0.0,0.1
3,3,3,2,False,0.8089603151965171,0.05944206123625584,4,qUCB,0.0,0.15000000000000002,0.2,0.0,0.1,0.45,0.1
3,4,2,3,False,0.7622387123483486,0.39976775058775793,0,qEHVI,0.05,0.0,0.7000000000000001,0.1,0.0,0.05,0.1
3,4,2,3,False,0.7622387123483486,0.39976775058775793,1,qEHVI,0.0,0.0,0.7000000000000001,0.1,0.0,0.2,0.0
3,4,2,3,False,0.7622387123483486,0.39976775058775793,2,qUCB,0.35000000000000003,0.35000000000000003,0.2,0.0,0.1,0.0,0.0
3,4,2,3,False,0.7622387123483486,0.39976775058775793,3,qUCB,0.35000000000000003,0.0,0.2,0.0,0.1,0.30000000000000004,0.05
3,4,2,3,False,0.7622387123483486,0.39976775058775793,4,qUCB,0.0,0.15000000000000002,0.2,0.0,0.1,0.45,0.1
3,5,1,4,False,0.7224568616084797,0.04150465744154985,0,qEHVI,0.05,0.0,0.7000000000000001,0.1,0.0,0.05,0.1
3,5,1,4,False,0.7224568616084797,0.04150465744154985,1,qUCB,0.35000000000000003,0.35000000000000003,0.2,0.0,0.1,0.0,0.0
3,5,1,4,False,0.7224568616084797,0.04150465744154985,2,qUCB,0.35000000000000003,0.05,0.2,0.0,0.1,0.30000000000000004,0.0
3,5,1,4,False,0.7224568616084797,0.04150465744154985,3,qUCB,0.05,0.2,0.2,0.0,0.1,0.45,0.0
3,5,1,4,False,0.7224568616084797,0.04150465744154985,4,qUCB,0.35000000000000003,0.0,0.2,0.0,0.0,0.45,0.0
3,6,0,5,False,0.7288270190062051,1.4536971156166913,0,qUCB,0.0,0.0,0.7000000000000001,0.1,0.0,0.2,0.0
3,6,0,5,False,0.7288270190062051,1.4536971156166913,1,qUCB,0.35000000000000003,0.0,0.55,0.1,0.0,0.0,0.0
3,6,0,5,False,0.7288270190062051,1.4536971156166913,2,qUCB,0.35000000000000003,0.0,0.2,0.0,0.0,0.45,0.0
3,6,0,5,False,0.7288270190062051,1.4536971156166913,3,qUCB,0.0,0.05,0.2,0.1,0.1,0.45,0.1
3,6,0,5,False,0.7288270190062051,1.4536971156166913,4,qUCB,0.0,0.0,0.55,0.0,0.0,0.45,0.0
4,1,5,0,True,0.9512828756811235,0.4656473850959557,0,qEHVI,0.0,0.0,0.7000000000000001,0.1,0.0,0.1,0.1
4,1,5,0,True,0.9512828756811235,0.4656473850959557,1,qEHVI,0.05,0.0,0.7000000000000001,0.05,0.0,0.1,0.1
4,1,5,0,True,0.9512828756811235,0.4656473850959557,2,qEHVI,0.25,0.0,0.2,0.0,0.0,0.45,0.1
4,1,5,0,True,0.9512828756811235,0.4656473850959557,3,qEHVI,0.35000000000000003,0.35000000000000003,0.2,0.1,0.0,0.0,0.0
4,1,5,0,True,0.9512828756811235,0.4656473850959557,4,qEHVI,0.0,0.0,0.55,0.0,0.0,0.45,0.0
4,2,4,1,False,0.9272536134351212,0.2565443160637315,0,qEHVI,0.0,0.0,0.7000000000000001,0.1,0.0,0.1,0.1
4,2,4,1,False,0.9272536134351212,0.2565443160637315,1,qEHVI,0.05,0.0,0.7000000000000001,0.05,0.0,0.1,0.1
4,2,4,1,False,0.9272536134351212,0.2565443160637315,2,qEHVI,0.25,0.0,0.2,0.0,0.0,0.45,0.1
4,2,4,1,False,0.9272536134351212,0.2565443160637315,3,qEHVI,0.35000000000000003,0.35000000000000003,0.2,0.1,0.0,0.0,0.0
4,2,4,1,False,0.9272536134351212,0.2565443160637315,4,qUCB,0.35000000000000003,0.0,0.55,0.0,0.1,0.0,0.0
4,3,3,2,False,0.8827681100991115,0.3757804476157869,0,qEHVI,0.0,0.0,0.7000000000000001,0.1,0.0,0.1,0.1
4,3,3,2,False,0.8827681100991115,0.3757804476157869,1,qEHVI,0.05,0.0,0.7000000000000001,0.05,0.0,0.1,0.1
4,3,3,2,False,0.8827681100991115,0.3757804476157869,2,qEHVI,0.25,0.0,0.2,0.0,0.0,0.45,0.1
4,3,3,2,False,0.8827681100991115,0.3757804476157869,3,qUCB,0.1,0.5,0.2,0.1,0.1,0.0,0.0
4,3,3,2,False,0.8827681100991115,0.3757804476157869,4,qUCB,0.35000000000000003,0.35000000000000003,0.2,0.1,0.0,0.0,0.0
4,4,2,3,False,0.8885326962689564,0.7185083802813725,0,qEHVI,0.0,0.0,0.7000000000000001,0.1,0.0,0.1,0.1
4,4,2,3,False,0.8885326962689564,0.7185083802813725,1,qEHVI,0.05,0.0,0.7000000000000001,0.05,0.0,0.1,0.1
4,4,2,3,False,0.8885326962689564,0.7185083802813725,2,qUCB,0.25,0.0,0.2,0.0,0.1,0.45,0.0
4,4,2,3,False,0.8885326962689564,0.7185083802813725,3,qUCB,0.35000000000000003,0.35000000000000003,0.2,0.0,0.1,0.0,0.0
4,4,2,3,False,0.8885326962689564,0.7185083802813725,4,qUCB,0.0,0.25,0.2,0.0,0.1,0.45,0.0
4,5,1,4,False,0.8207779729825954,0.3989422628807304,0,qEHVI,0.0,0.0,0.7000000000000001,0.1,0.0,0.1,0.1
4,5,1,4,False,0.8207779729825954,0.3989422628807304,1,qUCB,0.25,0.0,0.2,0.0,0.1,0.45,0.0
4,5,1,4,False,0.8207779729825954,0.3989422628807304,2,qUCB,0.35000000000000003,0.35000000000000003,0.2,0.0,0.1,0.0,0.0
4,5,1,4,False,0.8207779729825954,0.3989422628807304,3,qUCB,0.35000000000000003,0.0,0.2,0.0,0.0,0.45,0.0
4,5,1,4,False,0.8207779729825954,0.3989422628807304,4,qUCB,0.0,0.25,0.2,0.0,0.1,0.45,0.0
4,6,0,5,False,0.6671232089363,0.17994915995805272,0,qUCB,0.25,0.0,0.2,0.0,0.0,0.45,0.1
4,6,0,5,False,0.6671232089363,0.17994915995805272,1,qUCB,0.35000000000000003,0.35000000000000003,0.2,0.1,0.0,0.0,0.0
4,6,0,5,False,0.6671232089363,0.17994915995805272,2,qUCB,0.0,0.05,0.2,0.1,0.1,0.45,0.1
4,6,0,5,False,0.6671232089363,0.17994915995805272,3,qUCB,0.35000000000000003,0.0,0.2,0.0,0.1,0.35000000000000003,0.0
4,6,0,5,False,0.6671232089363,0.17994915995805272,4,qUCB,0.0,0.0,0.55,0.0,0.0,0.45,0.0
5,1,5,0,True,0.32568929305164857,0.11722834506462482,0,qEHVI,0.1,0.1,0.65,0.1,0.0,0.0,0.05
5,1,5,0,True,0.32568929305164857,0.11722834506462482,1,qEHVI,0.0,0.05,0.7000000000000001,0.1,0.0,0.1,0.05
5,1,5,0,True,0.32568929305164857,0.11722834506462482,2,qEHVI,0.0,0.25,0.2,0.0,0.1,0.45,0.0
5,1,5,0,True,0.32568929305164857,0.11722834506462482,3,qEHVI,0.30000000000000004,0.0,0.6000000000000001,0.0,0.1,0.0,0.0
5,1,5,0,True,0.32568929305164857,0.11722834506462482,4,qEHVI,0.1,0.0,0.7000000000000001,0.1,0.0,0.0,0.1
5,2,4,1,False,0.3227602563195622,0.366347564860912,0,qEHVI,0.1,0.1,0.65,0.1,0.0,0.0,0.05
5,2,4,1,False,0.3227602563195622,0.366347564860912,1,qEHVI,0.0,0.25,0.2,0.0,0.1,0.45,0.0
5,2,4,1,False,0.3227602563195622,0.366347564860912,2,qEHVI,0.0,0.05,0.7000000000000001,0.1,0.0,0.1,0.05
5,2,4,1,False,0.3227602563195622,0.366347564860912,3,qEHVI,0.0,0.0,0.35000000000000003,0.0,0.1,0.45,0.1
5,2,4,1,False,0.3227602563195622,0.366347564860912,4,qUCB,0.35000000000000003,0.35000000000000003,0.2,0.0,0.0,0.0,0.1
5,3,3,2,False,0.3165108571110388,0.30611226852137374,0,qEHVI,0.1,0.1,0.65,0.1,0.0,0.0,0.05
5,3,3,2,False,0.3165108571110388,0.30611226852137374,1,qEHVI,0.0,0.25,0.2,0.0,0.1,0.45,0.0
5,3,3,2,False,0.3165108571110388,0.30611226852137374,2,qEHVI,0.0,0.05,0.7000000000000001,0.1,0.0,0.1,0.05
5,3,3,2,False,0.3165108571110388,0.30611226852137374,3,qUCB,0.35000000000000003,0.35000000000000003,0.2,0.0,0.0,0.0,0.1
5,3,3,2,False,0.3165108571110388,0.30611226852137374,4,qUCB,0.35000000000000003,0.05,0.2,0.1,0.1,0.2,0.0
5,4,2,3,False,0.29310734115293835,0.29749735437474456,0,qEHVI,0.1,0.1,0.65,0.1,0.0,0.0,0.05
5,4,2,3,False,0.29310734115293835,0.29749735437474456,1,qEHVI,0.0,0.25,0.2,0.0,0.1,0.45,0.0
5,4,2,3,False,0.29310734115293835,0.29749735437474456,2,qUCB,0.35000000000000003,0.35000000000000003,0.2,0.0,0.0,0.0,0.1
5,4,2,3,False,0.29310734115293835,0.29749735437474456,3,qUCB,0.35000000000000003,0.05,0.2,0.1,0.1,0.2,0.0
5,4,2,3,False,0.29310734115293835,0.29749735437474456,4,qUCB,0.15000000000000002,0.45,0.2,0.1,0.1,0.0,0.0
5,5,1,4,False,0.2651303446477425,0.2467409328617176,0,qEHVI,0.1,0.1,0.65,0.1,0.0,0.0,0.05
5,5,1,4,False,0.2651303446477425,0.2467409328617176,1,qUCB,0.0,0.25,0.2,0.0,0.1,0.45,0.0
5,5,1,4,False,0.2651303446477425,0.2467409328617176,2,qUCB,0.35000000000000003,0.0,0.2,0.0,0.1,0.35000000000000003,0.0
5,5,1,4,False,0.2651303446477425,0.2467409328617176,3,qUCB,0.0,0.15000000000000002,0.2,0.0,0.1,0.45,0.1
5,5,1,4,False,0.2651303446477425,0.2467409328617176,4,qUCB,0.25,0.45,0.2,0.0,0.1,0.0,0.0
5,6,0,5,False,0.284603037324877,0.2853572625165519,0,qUCB,0.30000000000000004,0.0,0.6000000000000001,0.0,0.1,0.0,0.0
5,6,0,5,False,0.284603037324877,0.2853572625165519,1,qUCB,0.0,0.25,0.2,0.0,0.1,0.45,0.0
5,6,0,5,False,0.284603037324877,0.2853572625165519,2,qUCB,0.35000000000000003,0.0,0.2,0.0,0.1,0.35000000000000003,0.0
5,6,0,5,False,0.284603037324877,0.2853572625165519,3,qUCB,0.15000000000000002,0.5,0.2,0.05,0.0,0.0,0.1
5,6,0,5,False,0.284603037324877,0.2853572625165519,4,qUCB,0.0,0.0,0.35000000000000003,0.0,0.1,0.45,0.1
6,1,5,0,True,0.5836261808045305,0.36060627639435516,0,qEHVI,0.2,0.5,0.2,0.0,0.0,0.0,0.1
6,1,5,0,True,0.5836261808045305,0.36060627639435516,1,qEHVI,0.25,0.5,0.2,0.0,0.05,0.0,0.0
6,1,5,0,True,0.5836261808045305,0.36060627639435516,2,qEHVI,0.0,0.0,0.65,0.1,0.0,0.15000000000000002,0.1
6,1,5,0,True,0.5836261808045305,0.36060627639435516,3,qEHVI,0.35000000000000003,0.2,0.2,0.0,0.0,0.25,0.0
6,1,5,0,True,0.5836261808045305,0.36060627639435516,4,qEHVI,0.15000000000000002,0.5,0.2,0.1,0.0,0.05,0.0
6,2,4,1,False,0.5756835038555498,0.19223050998439462,0,qEHVI,0.2,0.5,0.2,0.0,0.0,0.0,0.1
6,2,4,1,False,0.5756835038555498,0.19223050998439462,1,qEHVI,0.0,0.0,0.65,0.1,0.0,0.15000000000000002,0.1
6,2,4,1,False,0.5756835038555498,0.19223050998439462,2,qEHVI,0.25,0.5,0.2,0.0,0.05,0.0,0.0
6,2,4,1,False,0.5756835038555498,0.19223050998439462,3,qEHVI,0.1,0.5,0.2,0.0,0.1,0.0,0.1
6,2,4,1,False,0.5756835038555498,0.19223050998439462,4,qUCB,0.0,0.0,0.35000000000000003,0.0,0.1,0.45,0.1
6,3,3,2,False,0.5624703576499404,0.2595341154240032,0,qEHVI,0.2,0.5,0.2,0.0,0.0,0.0,0.1
6,3,3,2,False,0.5624703576499404,0.2595341154240032,1,qEHVI,0.25,0.5,0.2,0.0,0.05,0.0,0.0
6,3,3,2,False,0.5624703576499404,0.2595341154240032,2,qEHVI,0.0,0.0,0.65,0.1,0.0,0.15000000000000002,0.1
6,3,3,2,False,0.5624703576499404,0.2595341154240032,3,qUCB,0.0,0.0,0.35000000000000003,0.0,0.1,0.45,0.1
6,3,3,2,False,0.5624703576499404,0.2595341154240032,4,qUCB,0.35000000000000003,0.0,0.30000000000000004,0.1,0.0,0.25,0.0
6,4,2,3,False,0.5567945419738464,0.7558701345738825,0,qEHVI,0.2,0.5,0.2,0.0,0.0,0.0,0.1
6,4,2,3,False,0.5567945419738464,0.7558701345738825,1,qEHVI,0.25,0.5,0.2,0.0,0.05,0.0,0.0
6,4,2,3,False,0.5567945419738464,0.7558701345738825,2,qUCB,0.0,0.0,0.30000000000000004,0.1,0.1,0.4,0.1
6,4,2,3,False,0.5567945419738464,0.7558701345738825,3,qUCB,0.35000000000000003,0.0,0.30000000000000004,0.1,0.0,0.25,0.0
6,4,2,3,False,0.5567945419738464,0.7558701345738825,4,qUCB,0.0,0.0,0.4,0.1,0.0,0.4,0.1
6,5,1,4,False,0.4405564944292534,0.48184196288426406,0,qEHVI,0.2,0.5,0.2,0.0,0.0,0.0,0.1
6,5,1,4,False,0.4405564944292534,0.48184196288426406,1,qUCB,0.0,0.0,0.35000000000000003,0.1,0.1,0.45,0.0
6,5,1,4,False,0.4405564944292534,0.48184196288426406,2,qUCB,0.35000000000000003,0.0,0.2,0.1,0.1,0.25,0.0
6,5,1,4,False,0.4405564944292534,0.48184196288426406,3,qUCB,0.0,0.0,0.30000000000000004,0.1,0.1,0.4,0.1
6,5,1,4,False,0.4405564944292534,0.48184196288426406,4,qUCB,0.15000000000000002,0.45,0.2,0.1,0.1,0.0,0.0
6,6,0,5,False,0.5810130168466131,0.2822215978058811,0,qUCB,0.2,0.5,0.2,0.0,0.0,0.0,0.1
6,6,0,5,False,0.5810130168466131,0.2822215978058811,1,qUCB,0.0,0.0,0.4,0.1,0.0,0.4,0.1
6,6,0,5,False,0.5810130168466131,0.2822215978058811,2,qUCB,0.35000000000000003,0.2,0.2,0.0,0.0,0.25,0.0
6,6,0,5,False,0.5810130168466131,0.2822215978058811,3,qUCB,0.15000000000000002,0.45,0.2,0.1,0.1,0.0,0.0
6,6,0,5,False,0.5810130168466131,0.2822215978058811,4,qUCB,0.2,0.5,0.30000000000000004,0.0,0.0,0.0,0.0
7,1,5,0,True,0.26463034578353856,0.4253868093130375,0,qEHVI,0.15000000000000002,0.1,0.6000000000000001,0.1,0.0,0.0,0.05
7,1,5,0,True,0.26463034578353856,0.4253868093130375,1,qEHVI,0.05,0.0,0.65,0.1,0.0,0.1,0.1
7,1,5,0,True,0.26463034578353856,0.4253868093130375,2,qEHVI,0.05,0.1,0.65,0.1,0.0,0.05,0.05
7,1,5,0,True,0.26463034578353856,0.4253868093130375,3,qEHVI,0.15000000000000002,0.0,0.7000000000000001,0.1,0.0,0.0,0.05
7,1,5,0,True,0.26463034578353856,0.4253868093130375,4,qEHVI,0.0,0.0,0.7000000000000001,0.05,0.0,0.15000000000000002,0.1
7,2,4,1,False,0.23706351302937845,0.4841533912997136,0,qEHVI,0.15000000000000002,0.1,0.6000000000000001,0.1,0.0,0.0,0.05
7,2,4,1,False,0.23706351302937845,0.4841533912997136,1,qEHVI,0.05,0.0,0.65,0.1,0.0,0.1,0.1
7,2,4,1,False,0.23706351302937845,0.4841533912997136,2,qEHVI,0.05,0.1,0.65,0.1,0.0,0.05,0.05
7,2,4,1,False,0.23706351302937845,0.4841533912997136,3,qEHVI,0.15000000000000002,0.0,0.7000000000000001,0.1,0.0,0.0,0.05
7,2,4,1,False,0.23706351302937845,0.4841533912997136,4,qUCB,0.0,0.0,0.35000000000000003,0.0,0.1,0.45,0.1
7,3,3,2,False,0.19944318718704504,0.5901119750082764,0,qEHVI,0.15000000000000002,0.1,0.6000000000000001,0.1,0.0,0.0,0.05
7,3,3,2,False,0.19944318718704504,0.5901119750082764,1,qEHVI,0.05,0.0,0.65,0.1,0.0,0.1,0.1
7,3,3,2,False,0.19944318718704504,0.5901119750082764,2,qEHVI,0.05,0.1,0.65,0.1,0.0,0.05,0.05
7,3,3,2,False,0.19944318718704504,0.5901119750082764,3,qUCB,0.0,0.0,0.35000000000000003,0.0,0.1,0.45,0.1
7,3,3,2,False,0.19944318718704504,0.5901119750082764,4,qUCB,0.0,0.5,0.2,0.1,0.1,0.0,0.1
7,4,2,3,False,0.16202943770950468,0.32638583562723156,0,qEHVI,0.15000000000000002,0.1,0.6000000000000001,0.1,0.0,0.0,0.05
7,4,2,3,False,0.16202943770950468,0.32638583562723156,1,qEHVI,0.05,0.0,0.65,0.1,0.0,0.1,0.1
7,4,2,3,False,0.16202943770950468,0.32638583562723156,2,qUCB,0.0,0.0,0.35000000000000003,0.0,0.1,0.45,0.1
7,4,2,3,False,0.16202943770950468,0.32638583562723156,3,qUCB,0.0,0.5,0.2,0.1,0.1,0.0,0.1
7,4,2,3,False,0.16202943770950468,0.32638583562723156,4,qUCB,0.30000000000000004,0.0,0.2,0.0,0.1,0.30000000000000004,0.1
7,5,1,4,False,0.09716161427872828,0.3484015274654535,0,qEHVI,0.15000000000000002,0.1,0.6000000000000001,0.1,0.0,0.0,0.05
7,5,1,4,False,0.09716161427872828,0.3484015274654535,1,qUCB,0.0,0.0,0.35000000000000003,0.0,0.1,0.45,0.1
7,5,1,4,False,0.09716161427872828,0.3484015274654535,2,qUCB,0.0,0.5,0.2,0.1,0.1,0.0,0.1
7,5,1,4,False,0.09716161427872828,0.3484015274654535,3,qUCB,0.0,0.25,0.2,0.0,0.0,0.45,0.1
7,5,1,4,False,0.09716161427872828,0.3484015274654535,4,qUCB,0.35000000000000003,0.0,0.2,0.0,0.1,0.30000000000000004,0.05
7,6,0,5,False,0.036262435473744505,0.6507355191964423,0,qUCB,0.2,0.2,0.5,0.1,0.0,0.0,0.0
7,6,0,5,False,0.036262435473744505,0.6507355191964423,1,qUCB,0.0,0.0,0.35000000000000003,0.0,0.1,0.45,0.1
7,6,0,5,False,0.036262435473744505,0.6507355191964423,2,qUCB,0.0,0.5,0.2,0.1,0.1,0.0,0.1
7,6,0,5,False,0.036262435473744505,0.6507355191964423,3,qUCB,0.35000000000000003,0.0,0.30000000000000004,0.1,0.0,0.15000000000000002,0.1
7,6,0,5,False,0.036262435473744505,0.6507355191964423,4,qUCB,0.35000000000000003,0.0,0.2,0.05,0.1,0.30000000000000004,0.0
8,1,5,0,True,0.25796412754183656,1.335650243975179,0,qEHVI,0.2,0.0,0.7000000000000001,0.1,0.0,0.0,0.0
8,1,5,0,True,0.25796412754183656,1.335650243975179,1,qEHVI,0.05,0.05,0.7000000000000001,0.1,0.0,0.05,0.05
8,1,5,0,True,0.25796412754183656,1.335650243975179,2,qEHVI,0.1,0.0,0.7000000000000001,0.0,0.0,0.1,0.1
8,1,5,0,True,0.25796412754183656,1.335650243975179,3,qEHVI,0.1,0.05,0.7000000000000001,0.1,0.0,0.0,0.05
8,1,5,0,True,0.25796412754183656,1.335650243975179,4,qEHVI,0.05,0.0,0.7000000000000001,0.1,0.0,0.1,0.05
8,2,4,1,False,0.2303994695841175,0.2263679246586756,0,qEHVI,0.2,0.0,0.7000000000000001,0.1,0.0,0.0,0.0
8,2,4,1,False,0.2303994695841175,0.2263679246586756,1,qEHVI,0.05,0.05,0.7000000000000001,0.1,0.0,0.05,0.05
8,2,4,1,False,0.2303994695841175,0.2263679246586756,2,qEHVI,0.1,0.0,0.7000000000000001,0.0,0.0,0.1,0.1
8,2,4,1,False,0.2303994695841175,0.2263679246586756,3,qEHVI,0.1,0.05,0.7000000000000001,0.1,0.0,0.0,0.05
8,2,4,1,False,0.2303994695841175,0.2263679246586756,4,qUCB,0.2,0.5,0.30000000000000004,0.0,0.0,0.0,0.0
8,3,3,2,False,0.20325725331391706,0.3529744913488875,0,qEHVI,0.2,0.0,0.7000000000000001,0.1,0.0,0.0,0.0
8,3,3,2,False,0.20325725331391706,0.3529744913488875,1,qEHVI,0.05,0.05,0.7000000000000001,0.1,0.0,0.05,0.05
8,3,3,2,False,0.20325725331391706,0.3529744913488875,2,qEHVI,0.1,0.0,0.7000000000000001,0.0,0.0,0.1,0.1
8,3,3,2,False,0.20325725331391706,0.3529744913488875,3,qUCB,0.35000000000000003,0.25,0.2,0.1,0.0,0.0,0.1
8,3,3,2,False,0.20325725331391706,0.3529744913488875,4,qUCB,0.0,0.5,0.2,0.05,0.1,0.05,0.1
8,4,2,3,False,0.1463466023365316,0.05403397682239597,0,qEHVI,0.2,0.0,0.7000000000000001,0.1,0.0,0.0,0.0
8,4,2,3,False,0.1463466023365316,0.05403397682239597,1,qEHVI,0.05,0.05,0.7000000000000001,0.1,0.0,0.05,0.05
8,4,2,3,False,0.1463466023365316,0.05403397682239597,2,qUCB,0.30000000000000004,0.4,0.2,0.0,0.0,0.0,0.1
8,4,2,3,False,0.1463466023365316,0.05403397682239597,3,qUCB,0.35000000000000003,0.05,0.2,0.0,0.1,0.2,0.1
8,4,2,3,False,0.1463466023365316,0.05403397682239597,4,qUCB,0.05,0.0,0.30000000000000004,0.0,0.1,0.45,0.1
8,5,1,4,False,0.09645221336725794,0.05023078520372781,0,qEHVI,0.2,0.0,0.7000000000000001,0.1,0.0,0.0,0.0
8,5,1,4,False,0.09645221336725794,0.05023078520372781,1,qUCB,0.0,0.5,0.2,0.1,0.0,0.1,0.1
8,5,1,4,False,0.09645221336725794,0.05023078520372781,2,qUCB,0.0,0.0,0.4,0.0,0.1,0.4,0.1
8,5,1,4,False,0.09645221336725794,0.05023078520372781,3,qUCB,0.0,0.5,0.30000000000000004,0.0,0.1,0.0,0.1
8,5,1,4,False,0.09645221336725794,0.05023078520372781,4,qUCB,0.0,0.15000000000000002,0.30000000000000004,0.0,0.0,0.45,0.1
8,6,0,5,False,0.08768739415806841,0.6313248242464091,0,qUCB,0.05,0.0,0.7000000000000001,0.1,0.0,0.1,0.05
8,6,0,5,False,0.08768739415806841,0.6313248242464091,1,qUCB,0.0,0.0,0.4,0.05,0.0,0.45,0.1
8,6,0,5,False,0.08768739415806841,0.6313248242464091,2,qUCB,0.35000000000000003,0.0,0.35000000000000003,0.1,0.0,0.1,0.1
8,6,0,5,False,0.08768739415806841,0.6313248242464091,3,qUCB,0.0,0.0,0.4,0.0,0.1,0.4,0.1
8,6,0,5,False,0.08768739415806841,0.6313248242464091,4,qUCB,0.0,0.0,0.6000000000000001,0.0,0.1,0.30000000000000004,0.0
9,1,5,0,True,0.18442246494331022,0.7043444394506686,0,qEHVI,0.2,0.0,0.65,0.1,0.0,0.0,0.05
9,1,5,0,True,0.18442246494331022,0.7043444394506686,1,qEHVI,0.05,0.1,0.7000000000000001,0.05,0.0,0.05,0.05
9,1,5,0,True,0.18442246494331022,0.7043444394506686,2,qEHVI,0.35000000000000003,0.0,0.55,0.0,0.0,0.1,0.0
9,1,5,0,True,0.18442246494331022,0.7043444394506686,3,qEHVI,0.15000000000000002,0.0,0.65,0.1,0.0,0.05,0.05
9,1,5,0,True,0.18442246494331022,0.7043444394506686,4,qEHVI,0.15000000000000002,0.1,0.6000000000000001,0.1,0.0,0.05,0.0
9,2,4,1,False,0.17190807047323825,0.514929040593989,0,qEHVI,0.2,0.0,0.65,0.1,0.0,0.0,0.05
9,2,4,1,False,0.17190807047323825,0.514929040593989,1,qEHVI,0.05,0.1,0.7000000000000001,0.05,0.0,0.05,0.05
9,2,4,1,False,0.17190807047323825,0.514929040593989,2,qEHVI,0.35000000000000003,0.0,0.55,0.0,0.0,0.1,0.0
9,2,4,1,False,0.17190807047323825,0.514929040593989,3,qEHVI,0.15000000000000002,0.0,0.7000000000000001,0.1,0.0,0.05,0.0
9,2,4,1,False,0.17190807047323825,0.514929040593989,4,qUCB,0.0,0.5,0.2,0.1,0.0,0.1,0.1
9,3,3,2,False,0.15105471318476416,0.08707049067452932,0,qEHVI,0.2,0.0,0.65,0.1,0.0,0.0,0.05
9,3,3,2,False,0.15105471318476416,0.08707049067452932,1,qEHVI,0.05,0.1,0.7000000000000001,0.05,0.0,0.05,0.05
9,3,3,2,False,0.15105471318476416,0.08707049067452932,2,qEHVI,0.35000000000000003,0.0,0.55,0.0,0.0,0.1,0.0
9,3,3,2,False,0.15105471318476416,0.08707049067452932,3,qUCB,0.0,0.5,0.2,0.1,0.0,0.1,0.1
9,3,3,2,False,0.15105471318476416,0.08707049067452932,4,qUCB,0.0,0.0,0.35000000000000003,0.0,0.1,0.45,0.1
9,4,2,3,False,0.13002278695143263,0.2900678304885431,0,qEHVI,0.2,0.0,0.65,0.1,0.0,0.0,0.05
9,4,2,3,False,0.13002278695143263,0.2900678304885431,1,qEHVI,0.05,0.1,0.7000000000000001,0.05,0.0,0.05,0.05
9,4,2,3,False,0.13002278695143263,0.2900678304885431,2,qUCB,0.35000000000000003,0.25,0.2,0.0,0.0,0.1,0.1
9,4,2,3,False,0.13002278695143263,0.2900678304885431,3,qUCB,0.35000000000000003,0.0,0.2,0.0,0.1,0.25,0.1
9,4,2,3,False,0.13002278695143263,0.2900678304885431,4,qUCB,0.35000000000000003,0.0,0.2,0.0,0.0,0.45,0.0
9,5,1,4,False,0.08912835530615629,0.08678576845466246,0,qEHVI,0.2,0.0,0.65,0.1,0.0,0.0,0.05
9,5,1,4,False,0.08912835530615629,0.08678576845466246,1,qUCB,0.0,0.0,0.35000000000000003,0.0,0.1,0.45,0.1
9,5,1,4,False,0.08912835530615629,0.08678576845466246,2,qUCB,0.35000000000000003,0.0,0.2,0.0,0.1,0.25,0.1
9,5,1,4,False,0.08912835530615629,0.08678576845466246,3,qUCB,0.0,0.5,0.2,0.05,0.1,0.05,0.1
9,5,1,4,False,0.08912835530615629,0.08678576845466246,4,qUCB,0.0,0.25,0.2,0.0,0.0,0.45,0.1
9,6,0,5,False,0.06402484073704413,0.11189693118431698,0,qUCB,0.30000000000000004,0.05,0.5,0.1,0.0,0.05,0.0
9,6,0,5,False,0.06402484073704413,0.11189693118431698,1,qUCB,0.35000000000000003,0.2,0.2,0.05,0.0,0.1,0.1
9,6,0,5,False,0.06402484073704413,0.11189693118431698,2,qUCB,0.0,0.0,0.55,0.0,0.1,0.35000000000000003,0.0
9,6,0,5,False,0.06402484073704413,0.11189693118431698,3,qUCB,0.35000000000000003,0.0,0.2,0.0,0.1,0.25,0.1
9,6,0,5,False,0.06402484073704413,0.11189693118431698,4,qUCB,0.0,0.0,0.4,0.05,0.0,0.45,0.1
10,1,5,0,True,0.1462406096962656,0.3747346647550547,0,qEHVI,0.15000000000000002,0.05,0.7000000000000001,0.1,0.0,0.0,0.0
10,1,5,0,True,0.1462406096962656,0.3747346647550547,1,qEHVI,0.0,0.1,0.7000000000000001,0.1,0.0,0.05,0.05
10,1,5,0,True,0.1462406096962656,0.3747346647550547,2,qEHVI,0.2,0.05,0.65,0.1,0.0,0.0,0.0
10,1,5,0,True,0.1462406096962656,0.3747346647550547,3,qEHVI,0.1,0.05,0.6000000000000001,0.1,0.0,0.05,0.1
10,1,5,0,True,0.1462406096962656,0.3747346647550547,4,qEHVI,0.15000000000000002,0.05,0.65,0.1,0.0,0.0,0.05
10,2,4,1,False,0.13179878892410907,0.3247113963271797,0,qEHVI,0.15000000000000002,0.05,0.7000000000000001,0.1,0.0,0.0,0.0
10,2,4,1,False,0.13179878892410907,0.3247113963271797,1,qEHVI,0.0,0.1,0.7000000000000001,0.1,0.0,0.05,0.05
10,2,4,1,False,0.13179878892410907,0.3247113963271797,2,qEHVI,0.2,0.05,0.65,0.1,0.0,0.0,0.0
10,2,4,1,False,0.13179878892410907,0.3247113963271797,3,qEHVI,0.1,0.05,0.6000000000000001,0.1,0.0,0.05,0.1
10,2,4,1,False,0.13179878892410907,0.3247113963271797,4,qUCB,0.25,0.5,0.2,0.0,0.0,0.05,0.0
10,3,3,2,False,0.12162409354390355,0.206587305682858,0,qEHVI,0.15000000000000002,0.05,0.7000000000000001,0.1,0.0,0.0,0.0
10,3,3,2,False,0.12162409354390355,0.206587305682858,1,qEHVI,0.0,0.1,0.7000000000000001,0.1,0.0,0.05,0.05
10,3,3,2,False,0.12162409354390355,0.206587305682858,2,qEHVI,0.2,0.05,0.65,0.1,0.0,0.0,0.0
10,3,3,2,False,0.12162409354390355,0.206587305682858,3,qUCB,0.30000000000000004,0.30000000000000004,0.2,0.0,0.0,0.1,0.1
10,3,3,2,False,0.12162409354390355,0.206587305682858,4,qUCB,0.05,0.0,0.30000000000000004,0.0,0.1,0.45,0.1
10,4,2,3,False,0.1014008900667727,0.20446100688132107,0,qEHVI,0.15000000000000002,0.05,0.7000000000000001,0.1,0.0,0.0,0.0
10,4,2,3,False,0.1014008900667727,0.20446100688132107,1,qEHVI,0.0,0.1,0.7000000000000001,0.1,0.0,0.05,0.05
10,4,2,3,False,0.1014008900667727,0.20446100688132107,2,qUCB,0.30000000000000004,0.30000000000000004,0.2,0.0,0.0,0.1,0.1
10,4,2,3,False,0.1014008900667727,0.20446100688132107,3,qUCB,0.25,0.0,0.2,0.0,0.1,0.45,0.0
10,4,2,3,False,0.1014008900667727,0.20446100688132107,4,qUCB,0.05,0.0,0.30000000000000004,0.0,0.1,0.45,0.1
10,5,1,4,False,0.06936922360425941,0.01881308527714065,0,qEHVI,0.15000000000000002,0.05,0.7000000000000001,0.1,0.0,0.0,0.0
10,5,1,4,False,0.06936922360425941,0.01881308527714065,1,qUCB,0.0,0.05,0.30000000000000004,0.0,0.1,0.45,0.1
10,5,1,4,False,0.06936922360425941,0.01881308527714065,2,qUCB,0.0,0.5,0.2,0.1,0.1,0.0,0.1
10,5,1,4,False,0.06936922360425941,0.01881308527714065,3,qUCB,0.25,0.0,0.2,0.0,0.1,0.45,0.0
10,5,1,4,False,0.06936922360425941,0.01881308527714065,4,qUCB,0.30000000000000004,0.05,0.2,0.0,0.1,0.25,0.1
10,6,0,5,False,0.0277458891535681,0.38065805966826716,0,qUCB,0.0,0.05,0.65,0.1,0.0,0.1,0.1
10,6,0,5,False,0.0277458891535681,0.38065805966826716,1,qUCB,0.0,0.0,0.55,0.0,0.0,0.35000000000000003,0.1
10,6,0,5,False,0.0277458891535681,0.38065805966826716,2,qUCB,0.0,0.0,0.6000000000000001,0.0,0.1,0.30000000000000004,0.0
10,6,0,5,False,0.0277458891535681,0.38065805966826716,3,qUCB,0.0,0.5,0.2,0.1,0.1,0.0,0.1
10,6,0,5,False,0.0277458891535681,0.38065805966826716,4,qUCB,0.0,0.0,0.30000000000000004,0.05,0.1,0.45,0.1
11,1,5,0,True,0.14101084499176236,0.20069886226692102,0,qEHVI,0.1,0.15000000000000002,0.6000000000000001,0.1,0.0,0.0,0.05
11,1,5,0,True,0.14101084499176236,0.20069886226692102,1,qEHVI,0.0,0.05,0.7000000000000001,0.1,0.0,0.05,0.1
11,1,5,0,True,0.14101084499176236,0.20069886226692102,2,qEHVI,0.0,0.0,0.5,0.0,0.0,0.4,0.1
11,1,5,0,True,0.14101084499176236,0.20069886226692102,3,qEHVI,0.1,0.05,0.65,0.1,0.0,0.05,0.05
11,1,5,0,True,0.14101084499176236,0.20069886226692102,4,qEHVI,0.1,0.1,0.7000000000000001,0.1,0.0,0.0,0.0
11,2,4,1,False,0.12436587856027406,0.21702166864818295,0,qEHVI,0.1,0.15000000000000002,0.6000000000000001,0.1,0.0,0.0,0.05
11,2,4,1,False,0.12436587856027406,0.21702166864818295,1,qEHVI,0.0,0.05,0.7000000000000001,0.1,0.0,0.05,0.1
11,2,4,1,False,0.12436587856027406,0.21702166864818295,2,qEHVI,0.0,0.0,0.5,0.0,0.0,0.4,0.1
11,2,4,1,False,0.12436587856027406,0.21702166864818295,3,qEHVI,0.1,0.05,0.65,0.1,0.0,0.05,0.05
11,2,4,1,False,0.12436587856027406,0.21702166864818295,4,qUCB,0.35000000000000003,0.35000000000000003,0.2,0.0,0.0,0.0,0.1
11,3,3,2,False,0.10527390746022566,0.2872045736013491,0,qEHVI,0.1,0.15000000000000002,0.6000000000000001,0.1,0.0,0.0,0.05
11,3,3,2,False,0.10527390746022566,0.2872045736013491,1,qEHVI,0.0,0.05,0.7000000000000001,0.1,0.0,0.05,0.1
11,3,3,2,False,0.10527390746022566,0.2872045736013491,2,qEHVI,0.0,0.0,0.5,0.0,0.0,0.4,0.1
11,3,3,2,False,0.10527390746022566,0.2872045736013491,3,qUCB,0.35000000000000003,0.35000000000000003,0.2,0.0,0.0,0.0,0.1
11,3,3,2,False,0.10527390746022566,0.2872045736013491,4,qUCB,0.1,0.5,0.2,0.0,0.1,0.0,0.1
11,4,2,3,False,0.08589321268235095,0.13169667700715726,0,qEHVI,0.1,0.15000000000000002,0.6000000000000001,0.1,0.0,0.0,0.05
11,4,2,3,False,0.08589321268235095,0.13169667700715726,1,qEHVI,0.0,0.05,0.7000000000000001,0.1,0.0,0.05,0.1
11,4,2,3,False,0.08589321268235095,0.13169667700715726,2,qUCB,0.25,0.0,0.2,0.0,0.1,0.45,0.0
11,4,2,3,False,0.08589321268235095,0.13169667700715726,3,qUCB,0.05,0.0,0.30000000000000004,0.0,0.1,0.45,0.1
11,4,2,3,False,0.08589321268235095,0.13169667700715726,4,qUCB,0.35000000000000003,0.0,0.2,0.0,0.1,0.25,0.1
11,5,1,4,False,0.07724715498731471,0.18606898876255862,0,qEHVI,0.1,0.15000000000000002,0.6000000000000001,0.1,0.0,0.0,0.05
11,5,1,4,False,0.07724715498731471,0.18606898876255862,1,qUCB,0.25,0.0,0.2,0.0,0.1,0.45,0.0
11,5,1,4,False,0.07724715498731471,0.18606898876255862,2,qUCB,0.05,0.0,0.30000000000000004,0.0,0.1,0.45,0.1
11,5,1,4,False,0.07724715498731471,0.18606898876255862,3,qUCB,0.35000000000000003,0.0,0.2,0.0,0.1,0.25,0.1
11,5,1,4,False,0.07724715498731471,0.18606898876255862,4,qUCB,0.0,0.25,0.2,0.0,0.0,0.45,0.1
11,6,0,5,False,0.07159007582654765,0.0484014307437608,0,qUCB,0.0,0.05,0.7000000000000001,0.1,0.0,0.05,0.1
11,6,0,5,False,0.07159007582654765,0.0484014307437608,1,qUCB,0.0,0.05,0.30000000000000004,0.1,0.0,0.45,0.1
11,6,0,5,False,0.07159007582654765,0.0484014307437608,2,qUCB,0.0,0.5,0.30000000000000004,0.1,0.1,0.0,0.0
11,6,0,5,False,0.07159007582654765,0.0484014307437608,3,qUCB,0.0,0.0,0.4,0.0,0.1,0.4,0.1
11,6,0,5,False,0.07159007582654765,0.0484014307437608,4,qUCB,0.25,0.0,0.2,0.0,0.1,0.45,0.0
12,1,5,0,True,0.073940189249055,0.18776493512257453,0,qEHVI,0.1,0.0,0.65,0.1,0.0,0.05,0.1
12,1,5,0,True,0.073940189249055,0.18776493512257453,1,qEHVI,0.30000000000000004,0.0,0.6000000000000001,0.1,0.0,0.0,0.0
12,1,5,0,True,0.073940189249055,0.18776493512257453,2,qEHVI,0.1,0.1,0.65,0.1,0.0,0.05,0.0
12,1,5,0,True,0.073940189249055,0.18776493512257453,3,qEHVI,0.35000000000000003,0.05,0.5,0.1,0.0,0.0,0.0
12,1,5,0,True,0.073940189249055,0.18776493512257453,4,qEHVI,0.1,0.05,0.7000000000000001,0.1,0.0,0.05,0.0
12,2,4,1,False,0.06519210552610569,0.13545352876737216,0,qEHVI,0.1,0.0,0.65,0.1,0.0,0.05,0.1
12,2,4,1,False,0.06519210552610569,0.13545352876737216,1,qEHVI,0.30000000000000004,0.0,0.6000000000000001,0.1,0.0,0.0,0.0
12,2,4,1,False,0.06519210552610569,0.13545352876737216,2,qEHVI,0.1,0.1,0.65,0.1,0.0,0.05,0.0
12,2,4,1,False,0.06519210552610569,0.13545352876737216,3,qEHVI,0.35000000000000003,0.05,0.5,0.1,0.0,0.0,0.0
12,2,4,1,False,0.06519210552610569,0.13545352876737216,4,qUCB,0.05,0.0,0.30000000000000004,0.0,0.1,0.45,0.1
12,3,3,2,False,0.0650072619926888,0.08869557666972128,0,qEHVI,0.1,0.0,0.65,0.1,0.0,0.05,0.1
12,3,3,2,False,0.0650072619926888,0.08869557666972128,1,qEHVI,0.30000000000000004,0.0,0.6000000000000001,0.1,0.0,0.0,0.0
12,3,3,2,False,0.0650072619926888,0.08869557666972128,2,qEHVI,0.1,0.1,0.65,0.1,0.0,0.05,0.0
12,3,3,2,False,0.0650072619926888,0.08869557666972128,3,qUCB,0.35000000000000003,0.30000000000000004,0.2,0.0,0.0,0.05,0.1
12,3,3,2,False,0.0650072619926888,0.08869557666972128,4,qUCB,0.05,0.0,0.30000000000000004,0.0,0.1,0.45,0.1
12,4,2,3,False,0.05009535958422869,0.08062013866830231,0,qEHVI,0.1,0.0,0.65,0.1,0.0,0.05,0.1
12,4,2,3,False,0.05009535958422869,0.08062013866830231,1,qEHVI,0.30000000000000004,0.0,0.6000000000000001,0.1,0.0,0.0,0.0
12,4,2,3,False,0.05009535958422869,0.08062013866830231,2,qUCB,0.05,0.5,0.35000000000000003,0.0,0.1,0.0,0.0
12,4,2,3,False,0.05009535958422869,0.08062013866830231,3,qUCB,0.05,0.0,0.30000000000000004,0.0,0.1,0.45,0.1
12,4,2,3,False,0.05009535958422869,0.08062013866830231,4,qUCB,0.35000000000000003,0.0,0.2,0.0,0.1,0.25,0.1
12,5,1,4,False,0.03514864858049933,0.03472696108737594,0,qEHVI,0.1,0.0,0.65,0.1,0.0,0.05,0.1
12,5,1,4,False,0.03514864858049933,0.03472696108737594,1,qUCB,0.35000000000000003,0.4,0.2,0.0,0.0,0.05,0.0
12,5,1,4,False,0.03514864858049933,0.03472696108737594,2,qUCB,0.35000000000000003,0.0,0.2,0.0,0.1,0.35000000000000003,0.0
12,5,1,4,False,0.03514864858049933,0.03472696108737594,3,qUCB,0.05,0.5,0.35000000000000003,0.0,0.1,0.0,0.0
12,5,1,4,False,0.03514864858049933,0.03472696108737594,4,qUCB,0.05,0.0,0.30000000000000004,0.0,0.1,0.45,0.1
12,6,0,5,False,0.024861009210170117,0.14998845987233267,0,qUCB,0.0,0.05,0.7000000000000001,0.05,0.0,0.1,0.1
12,6,0,5,False,0.024861009210170117,0.14998845987233267,1,qUCB,0.05,0.0,0.30000000000000004,0.0,0.1,0.45,0.1
12,6,0,5,False,0.024861009210170117,0.14998845987233267,2,qUCB,0.0,0.5,0.30000000000000004,0.05,0.1,0.0,0.05
12,6,0,5,False,0.024861009210170117,0.14998845987233267,3,qUCB,0.35000000000000003,0.0,0.2,0.0,0.1,0.25,0.1
12,6,0,5,False,0.024861009210170117,0.14998845987233267,4,qUCB,0.0,0.2,0.2,0.05,0.0,0.45,0.1
13,1,5,0,True,0.06296743279481545,0.42291463808818985,0,qEHVI,0.1,0.15000000000000002,0.65,0.1,0.0,0.0,0.0
13,1,5,0,True,0.06296743279481545,0.42291463808818985,1,qEHVI,0.0,0.0,0.6000000000000001,0.1,0.0,0.2,0.1
13,1,5,0,True,0.06296743279481545,0.42291463808818985,2,qEHVI,0.05,0.05,0.7000000000000001,0.1,0.0,0.1,0.0
13,1,5,0,True,0.06296743279481545,0.42291463808818985,3,qEHVI,0.0,0.5,0.4,0.1,0.0,0.0,0.0
13,1,5,0,True,0.06296743279481545,0.42291463808818985,4,qEHVI,0.35000000000000003,0.0,0.65,0.0,0.0,0.0,0.0
13,2,4,1,False,0.061882677186053184,0.36034801936476857,0,qEHVI,0.1,0.15000000000000002,0.65,0.1,0.0,0.0,0.0
13,2,4,1,False,0.061882677186053184,0.36034801936476857,1,qEHVI,0.0,0.0,0.6000000000000001,0.1,0.0,0.2,0.1
13,2,4,1,False,0.061882677186053184,0.36034801936476857,2,qEHVI,0.05,0.05,0.7000000000000001,0.1,0.0,0.1,0.0
13,2,4,1,False,0.061882677186053184,0.36034801936476857,3,qEHVI,0.0,0.5,0.4,0.1,0.0,0.0,0.0
13,2,4,1,False,0.061882677186053184,0.36034801936476857,4,qUCB,0.35000000000000003,0.30000000000000004,0.2,0.0,0.0,0.05,0.1
13,3,3,2,False,0.047994030109729933,0.05361563069766051,0,qEHVI,0.1,0.15000000000000002,0.65,0.1,0.0,0.0,0.0
13,3,3,2,False,0.047994030109729933,0.05361563069766051,1,qEHVI,0.0,0.0,0.6000000000000001,0.1,0.0,0.2,0.1
13,3,3,2,False,0.047994030109729933,0.05361563069766051,2,qEHVI,0.05,0.05,0.7000000000000001,0.1,0.0,0.1,0.0
13,3,3,2,False,0.047994030109729933,0.05361563069766051,3,qUCB,0.35000000000000003,0.30000000000000004,0.2,0.0,0.0,0.05,0.1
13,3,3,2,False,0.047994030109729933,0.05361563069766051,4,qUCB,0.30000000000000004,0.0,0.2,0.0,0.1,0.4,0.0
13,4,2,3,False,0.037754396409370256,0.27733390924654167,0,qEHVI,0.1,0.15000000000000002,0.65,0.1,0.0,0.0,0.0
13,4,2,3,False,0.037754396409370256,0.27733390924654167,1,qEHVI,0.0,0.0,0.6000000000000001,0.1,0.0,0.2,0.1
13,4,2,3,False,0.037754396409370256,0.27733390924654167,2,qUCB,0.35000000000000003,0.30000000000000004,0.2,0.0,0.0,0.05,0.1
13,4,2,3,False,0.037754396409370256,0.27733390924654167,3,qUCB,0.30000000000000004,0.0,0.2,0.0,0.1,0.4,0.0
13,4,2,3,False,0.037754396409370256,0.27733390924654167,4,qUCB,0.0,0.5,0.30000000000000004,0.0,0.1,0.0,0.1
13,5,1,4,False,0.043322115731072065,0.0789315419979566,0,qEHVI,0.1,0.15000000000000002,0.65,0.1,0.0,0.0,0.0
13,5,1,4,False,0.043322115731072065,0.0789315419979566,1,qUCB,0.0,0.0,0.30000000000000004,0.05,0.1,0.45,0.1
13,5,1,4,False,0.043322115731072065,0.0789315419979566,2,qUCB,0.30000000000000004,0.0,0.2,0.0,0.1,0.4,0.0
13,5,1,4,False,0.043322115731072065,0.0789315419979566,3,qUCB,0.0,0.2,0.2,0.05,0.0,0.45,0.1
13,5,1,4,False,0.043322115731072065,0.0789315419979566,4,qUCB,0.0,0.5,0.30000000000000004,0.0,0.1,0.0,0.1
13,6,0,5,False,0.030043301644472966,0.07387400131135813,0,qUCB,0.0,0.05,0.65,0.1,0.0,0.1,0.1
13,6,0,5,False,0.030043301644472966,0.07387400131135813,1,qUCB,0.0,0.0,0.30000000000000004,0.05,0.1,0.45,0.1
13,6,0,5,False,0.030043301644472966,0.07387400131135813,2,qUCB,0.0,0.5,0.35000000000000003,0.05,0.1,0.0,0.0
13,6,0,5,False,0.030043301644472966,0.07387400131135813,3,qUCB,0.0,0.2,0.2,0.05,0.0,0.45,0.1
13,6,0,5,False,0.030043301644472966,0.07387400131135813,4,qUCB,0.0,0.0,0.7000000000000001,0.1,0.1,0.1,0.0
14,1,5,0,True,0.06579604596569238,0.18245585755538407,0,qEHVI,0.15000000000000002,0.1,0.65,0.1,0.0,0.0,0.0
14,1,5,0,True,0.06579604596569238,0.18245585755538407,1,qEHVI,0.0,0.0,0.65,0.05,0.0,0.2,0.1
14,1,5,0,True,0.06579604596569238,0.18245585755538407,2,qEHVI,0.2,0.0,0.65,0.1,0.0,0.05,0.0
14,1,5,0,True,0.06579604596569238,0.18245585755538407,3,qEHVI,0.05,0.05,0.65,0.1,0.0,0.05,0.1
14,1,5,0,True,0.06579604596569238,0.18245585755538407,4,qEHVI,0.1,0.0,0.7000000000000001,0.05,0.0,0.1,0.05
14,2,4,1,False,0.060362790737292775,0.3183539095810062,0,qEHVI,0.15000000000000002,0.1,0.65,0.1,0.0,0.0,0.0
14,2,4,1,False,0.060362790737292775,0.3183539095810062,1,qEHVI,0.0,0.0,0.65,0.05,0.0,0.2,0.1
14,2,4,1,False,0.060362790737292775,0.3183539095810062,2,qEHVI,0.2,0.0,0.65,0.1,0.0,0.05,0.0
14,2,4,1,False,0.060362790737292775,0.3183539095810062,3,qEHVI,0.05,0.05,0.65,0.1,0.0,0.05,0.1
14,2,4,1,False,0.060362790737292775,0.3183539095810062,4,qUCB,0.35000000000000003,0.30000000000000004,0.2,0.0,0.0,0.05,0.1
14,3,3,2,False,0.05415478639887257,0.23743988559790363,0,qEHVI,0.15000000000000002,0.1,0.65,0.1,0.0,0.0,0.0
14,3,3,2,False,0.05415478639887257,0.23743988559790363,1,qEHVI,0.0,0.0,0.65,0.05,0.0,0.2,0.1
14,3,3,2,False,0.05415478639887257,0.23743988559790363,2,qEHVI,0.2,0.0,0.65,0.1,0.0,0.05,0.0
14,3,3,2,False,0.05415478639887257,0.23743988559790363,3,qUCB,0.35000000000000003,0.30000000000000004,0.2,0.0,0.0,0.05,0.1
14,3,3,2,False,0.05415478639887257,0.23743988559790363,4,qUCB,0.0,0.5,0.2,0.1,0.1,0.0,0.1
14,4,2,3,False,0.04166072048375709,0.039754221382642285,0,qEHVI,0.15000000000000002,0.1,0.65,0.1,0.0,0.0,0.0
14,4,2,3,False,0.04166072048375709,0.039754221382642285,1,qEHVI,0.0,0.0,0.65,0.05,0.0,0.2,0.1
14,4,2,3,False,0.04166072048375709,0.039754221382642285,2,qUCB,0.35000000000000003,0.30000000000000004,0.2,0.0,0.0,0.05,0.1
14,4,2,3,False,0.04166072048375709,0.039754221382642285,3,qUCB,0.0,0.5,0.2,0.1,0.1,0.0,0.1
14,4,2,3,False,0.04166072048375709,0.039754221382642285,4,qUCB,0.35000000000000003,0.0,0.2,0.0,0.1,0.35000000000000003,0.0
14,5,1,4,False,0.032447070546069955,0.015512813570514261,0,qEHVI,0.15000000000000002,0.1,0.65,0.1,0.0,0.0,0.0
14,5,1,4,False,0.032447070546069955,0.015512813570514261,1,qUCB,0.0,0.05,0.30000000000000004,0.0,0.1,0.45,0.1
14,5,1,4,False,0.032447070546069955,0.015512813570514261,2,qUCB,0.0,0.25,0.2,0.0,0.0,0.45,0.1
14,5,1,4,False,0.032447070546069955,0.015512813570514261,3,qUCB,0.35000000000000003,0.0,0.2,0.0,0.1,0.25,0.1
14,5,1,4,False,0.032447070546069955,0.015512813570514261,4,qUCB,0.0,0.5,0.2,0.1,0.1,0.0,0.1
14,6,0,5,False,0.027814870563135106,0.11958253547113085,0,qUCB,0.0,0.05,0.65,0.1,0.0,0.1,0.1
14,6,0,5,False,0.027814870563135106,0.11958253547113085,1,qUCB,0.0,0.0,0.30000000000000004,0.05,0.1,0.45,0.1
14,6,0,5,False,0.027814870563135106,0.11958253547113085,2,qUCB,0.35000000000000003,0.15000000000000002,0.2,0.1,0.0,0.1,0.1
14,6,0,5,False,0.027814870563135106,0.11958253547113085,3,qUCB,0.0,0.5,0.2,0.1,0.1,0.0,0.1
14,6,0,5,False,0.027814870563135106,0.11958253547113085,4,qUCB,0.0,0.0,0.6000000000000001,0.0,0.1,0.2,0.1
15,1,5,0,True,0.06067609501548659,1.125647308901132,0,qEHVI,0.2,0.05,0.65,0.05,0.0,0.0,0.05
15,1,5,0,True,0.06067609501548659,1.125647308901132,1,qEHVI,0.0,0.05,0.7000000000000001,0.0,0.0,0.15000000000000002,0.1
15,1,5,0,True,0.06067609501548659,1.125647308901132,2,qEHVI,0.1,0.0,0.65,0.1,0.0,0.1,0.05
15,1,5,0,True,0.06067609501548659,1.125647308901132,3,qEHVI,0.35000000000000003,0.2,0.2,0.1,0.0,0.05,0.1
15,1,5,0,True,0.06067609501548659,1.125647308901132,4,qEHVI,0.0,0.0,0.7000000000000001,0.05,0.0,0.2,0.05
15,2,4,1,False,0.0531235800759021,0.9621122931379791,0,qEHVI,0.2,0.05,0.65,0.05,0.0,0.0,0.05
15,2,4,1,False,0.0531235800759021,0.9621122931379791,1,qEHVI,0.0,0.05,0.7000000000000001,0.0,0.0,0.15000000000000002,0.1
15,2,4,1,False,0.0531235800759021,0.9621122931379791,2,qEHVI,0.1,0.0,0.65,0.1,0.0,0.1,0.05
15,2,4,1,False,0.0531235800759021,0.9621122931379791,3,qEHVI,0.35000000000000003,0.2,0.2,0.1,0.0,0.05,0.1
15,2,4,1,False,0.0531235800759021,0.9621122931379791,4,qUCB,0.0,0.1,0.2,0.05,0.1,0.45,0.1
15,3,3,2,False,0.05077963702525101,0.274460897470274,0,qEHVI,0.2,0.05,0.65,0.05,0.0,0.0,0.05
15,3,3,2,False,0.05077963702525101,0.274460897470274,1,qEHVI,0.0,0.05,0.7000000000000001,0.0,0.0,0.15000000000000002,0.1
15,3,3,2,False,0.05077963702525101,0.274460897470274,2,qEHVI,0.1,0.0,0.65,0.1,0.0,0.1,0.05
15,3,3,2,False,0.05077963702525101,0.274460897470274,3,qUCB,0.0,0.5,0.2,0.1,0.1,0.0,0.1
15,3,3,2,False,0.05077963702525101,0.274460897470274,4,qUCB,0.0,0.5,0.2,0.1,0.0,0.1,0.1
15,4,2,3,False,0.03867259219945979,0.16383311519837174,0,qEHVI,0.2,0.05,0.65,0.05,0.0,0.0,0.05
15,4,2,3,False,0.03867259219945979,0.16383311519837174,1,qEHVI,0.0,0.05,0.7000000000000001,0.0,0.0,0.15000000000000002,0.1
15,4,2,3,False,0.03867259219945979,0.16383311519837174,2,qUCB,0.0,0.5,0.2,0.1,0.1,0.0,0.1
15,4,2,3,False,0.03867259219945979,0.16383311519837174,3,qUCB,0.0,0.5,0.2,0.1,0.0,0.1,0.1
15,4,2,3,False,0.03867259219945979,0.16383311519837174,4,qUCB,0.0,0.0,0.30000000000000004,0.1,0.1,0.4,0.1
15,5,1,4,False,0.029744354885312626,0.08282827944119253,0,qEHVI,0.2,0.05,0.65,0.05,0.0,0.0,0.05
15,5,1,4,False,0.029744354885312626,0.08282827944119253,1,qUCB,0.0,0.0,0.4,0.0,0.1,0.4,0.1
15,5,1,4,False,0.029744354885312626,0.08282827944119253,2,qUCB,0.0,0.5,0.2,0.1,0.1,0.0,0.1
15,5,1,4,False,0.029744354885312626,0.08282827944119253,3,qUCB,0.0,0.5,0.2,0.1,0.0,0.1,0.1
15,5,1,4,False,0.029744354885312626,0.08282827944119253,4,qUCB,0.0,0.15000000000000002,0.2,0.0,0.1,0.45,0.1
15,6,0,5,False,0.02472382962557135,0.20150126778927824,0,qUCB,0.0,0.05,0.65,0.1,0.0,0.1,0.1
15,6,0,5,False,0.02472382962557135,0.20150126778927824,1,qUCB,0.0,0.0,0.4,0.0,0.1,0.4,0.1
15,6,0,5,False,0.02472382962557135,0.20150126778927824,2,qUCB,0.35000000000000003,0.1,0.2,0.1,0.0,0.15000000000000002,0.1
15,6,0,5,False,0.02472382962557135,0.20150126778927824,3,qUCB,0.0,0.0,0.7000000000000001,0.0,0.1,0.2,0.0
15,6,0,5,False,0.02472382962557135,0.20150126778927824,4,qUCB,0.0,0.5,0.2,0.1,0.1,0.0,0.1
16,1,5,0,True,0.07152027011026846,0.27815070866809677,0,qEHVI,0.25,0.0,0.65,0.1,0.0,0.0,0.0
16,1,5,0,True,0.07152027011026846,0.27815070866809677,1,qEHVI,0.05,0.0,0.65,0.0,0.0,0.2,0.1
16,1,5,0,True,0.07152027011026846,0.27815070866809677,2,qEHVI,0.0,0.15000000000000002,0.65,0.1,0.0,0.05,0.05
16,1,5,0,True,0.07152027011026846,0.27815070866809677,3,qEHVI,0.0,0.0,0.7000000000000001,0.1,0.0,0.15000000000000002,0.05
16,1,5,0,True,0.07152027011026846,0.27815070866809677,4,qEHVI,0.2,0.05,0.6000000000000001,0.1,0.0,0.0,0.05
16,2,4,1,False,0.06390666070250162,0.15652570566870772,0,qEHVI,0.25,0.0,0.65,0.1,0.0,0.0,0.0
16,2,4,1,False,0.06390666070250162,0.15652570566870772,1,qEHVI,0.05,0.0,0.65,0.0,0.0,0.2,0.1
16,2,4,1,False,0.06390666070250162,0.15652570566870772,2,qEHVI,0.0,0.15000000000000002,0.65,0.1,0.0,0.05,0.05
16,2,4,1,False,0.06390666070250162,0.15652570566870772,3,qEHVI,0.0,0.0,0.7000000000000001,0.1,0.0,0.15000000000000002,0.05
16,2,4,1,False,0.06390666070250162,0.15652570566870772,4,qUCB,0.25,0.5,0.2,0.0,0.0,0.0,0.05
16,3,3,2,False,0.054273076847825584,0.1040888684107113,0,qEHVI,0.25,0.0,0.65,0.1,0.0,0.0,0.0
16,3,3,2,False,0.054273076847825584,0.1040888684107113,1,qEHVI,0.05,0.0,0.65,0.0,0.0,0.2,0.1
16,3,3,2,False,0.054273076847825584,0.1040888684107113,2,qEHVI,0.0,0.15000000000000002,0.65,0.1,0.0,0.05,0.05
16,3,3,2,False,0.054273076847825584,0.1040888684107113,3,qUCB,0.25,0.5,0.2,0.0,0.0,0.0,0.05
16,3,3,2,False,0.054273076847825584,0.1040888684107113,4,qUCB,0.05,0.0,0.2,0.1,0.1,0.45,0.1
16,4,2,3,False,0.045113521292118104,0.07316253642104242,0,qEHVI,0.25,0.0,0.65,0.1,0.0,0.0,0.0
16,4,2,3,False,0.045113521292118104,0.07316253642104242,1,qEHVI,0.05,0.0,0.65,0.0,0.0,0.2,0.1
16,4,2,3,False,0.045113521292118104,0.07316253642104242,2,qUCB,0.0,0.5,0.2,0.1,0.0,0.1,0.1
16,4,2,3,False,0.045113521292118104,0.07316253642104242,3,qUCB,0.05,0.0,0.2,0.1,0.1,0.45,0.1
16,4,2,3,False,0.045113521292118104,0.07316253642104242,4,qUCB,0.05,0.5,0.2,0.05,0.1,0.0,0.1
16,5,1,4,False,0.0321686437982063,0.07654574822639404,0,qEHVI,0.25,0.0,0.65,0.1,0.0,0.0,0.0
16,5,1,4,False,0.0321686437982063,0.07654574822639404,1,qUCB,0.05,0.0,0.30000000000000004,0.0,0.1,0.45,0.1
16,5,1,4,False,0.0321686437982063,0.07654574822639404,2,qUCB,0.0,0.25,0.2,0.0,0.0,0.45,0.1
16,5,1,4,False,0.0321686437982063,0.07654574822639404,3,qUCB,0.0,0.5,0.2,0.0,0.0,0.2,0.1
16,5,1,4,False,0.0321686437982063,0.07654574822639404,4,qUCB,0.0,0.5,0.2,0.05,0.1,0.05,0.1
16,6,0,5,False,0.021277849045127098,0.020601135001344417,0,qUCB,0.0,0.0,0.65,0.0,0.0,0.25,0.1
16,6,0,5,False,0.021277849045127098,0.020601135001344417,1,qUCB,0.0,0.0,0.5,0.0,0.1,0.30000000000000004,0.1
16,6,0,5,False,0.021277849045127098,0.020601135001344417,2,qUCB,0.0,0.0,0.30000000000000004,0.05,0.1,0.45,0.1
16,6,0,5,False,0.021277849045127098,0.020601135001344417,3,qUCB,0.30000000000000004,0.0,0.2,0.0,0.1,0.30000000000000004,0.1
16,6,0,5,False,0.021277849045127098,0.020601135001344417,4,qUCB,0.0,0.0,0.7000000000000001,0.0,0.1,0.2,0.0
17,1,5,0,True,0.052558267311045466,0.08712034371228117,0,qEHVI,0.2,0.1,0.65,0.05,0.0,0.0,0.0
17,1,5,0,True,0.052558267311045466,0.08712034371228117,1,qEHVI,0.0,0.0,0.35000000000000003,0.0,0.1,0.45,0.1
17,1,5,0,True,0.052558267311045466,0.08712034371228117,2,qEHVI,0.0,0.15000000000000002,0.7000000000000001,0.1,0.0,0.0,0.05
17,1,5,0,True,0.052558267311045466,0.08712034371228117,3,qEHVI,0.0,0.0,0.5,0.0,0.1,0.30000000000000004,0.1
17,1,5,0,True,0.052558267311045466,0.08712034371228117,4,qEHVI,0.0,0.0,0.6000000000000001,0.0,0.05,0.25,0.1
17,2,4,1,False,0.04379681176643992,0.14522155105167078,0,qEHVI,0.2,0.1,0.65,0.05,0.0,0.0,0.0
17,2,4,1,False,0.04379681176643992,0.14522155105167078,1,qEHVI,0.0,0.15000000000000002,0.7000000000000001,0.1,0.0,0.0,0.05
17,2,4,1,False,0.04379681176643992,0.14522155105167078,2,qEHVI,0.0,0.0,0.35000000000000003,0.0,0.1,0.45,0.1
17,2,4,1,False,0.04379681176643992,0.14522155105167078,3,qEHVI,0.2,0.05,0.6000000000000001,0.1,0.0,0.05,0.0
17,2,4,1,False,0.04379681176643992,0.14522155105167078,4,qUCB,0.2,0.4,0.2,0.0,0.0,0.1,0.1
17,3,3,2,False,0.03703212865125891,0.2505826280845047,0,qEHVI,0.2,0.1,0.65,0.05,0.0,0.0,0.0
17,3,3,2,False,0.03703212865125891,0.2505826280845047,1,qEHVI,0.0,0.15000000000000002,0.7000000000000001,0.1,0.0,0.0,0.05
17,3,3,2,False,0.03703212865125891,0.2505826280845047,2,qEHVI,0.0,0.0,0.35000000000000003,0.0,0.1,0.45,0.1
17,3,3,2,False,0.03703212865125891,0.2505826280845047,3,qUCB,0.35000000000000003,0.25,0.2,0.1,0.0,0.0,0.1
17,3,3,2,False,0.03703212865125891,0.2505826280845047,4,qUCB,0.05,0.45,0.2,0.1,0.1,0.0,0.1
17,4,2,3,False,0.050623079976024804,0.40010651708764877,0,qEHVI,0.2,0.1,0.65,0.05,0.0,0.0,0.0
17,4,2,3,False,0.050623079976024804,0.40010651708764877,1,qEHVI,0.0,0.15000000000000002,0.7000000000000001,0.1,0.0,0.0,0.05
17,4,2,3,False,0.050623079976024804,0.40010651708764877,2,qUCB,0.0,0.0,0.35000000000000003,0.0,0.1,0.45,0.1
17,4,2,3,False,0.050623079976024804,0.40010651708764877,3,qUCB,0.0,0.25,0.2,0.0,0.0,0.45,0.1
17,4,2,3,False,0.050623079976024804,0.40010651708764877,4,qUCB,0.30000000000000004,0.0,0.2,0.0,0.1,0.30000000000000004,0.1
17,5,1,4,False,0.03823624396116209,0.24529529708353603,0,qEHVI,0.2,0.1,0.65,0.05,0.0,0.0,0.0
17,5,1,4,False,0.03823624396116209,0.24529529708353603,1,qUCB,0.0,0.0,0.35000000000000003,0.0,0.1,0.45,0.1
17,5,1,4,False,0.03823624396116209,0.24529529708353603,2,qUCB,0.0,0.25,0.2,0.0,0.0,0.45,0.1
17,5,1,4,False,0.03823624396116209,0.24529529708353603,3,qUCB,0.30000000000000004,0.0,0.2,0.0,0.1,0.30000000000000004,0.1
17,5,1,4,False,0.03823624396116209,0.24529529708353603,4,qUCB,0.05,0.5,0.2,0.05,0.1,0.0,0.1
17,6,0,5,False,0.034933621621683,0.1517248502690407,0,qUCB,0.0,0.0,0.65,0.0,0.0,0.25,0.1
17,6,0,5,False,0.034933621621683,0.1517248502690407,1,qUCB,0.0,0.0,0.35000000000000003,0.0,0.1,0.45,0.1
17,6,0,5,False,0.034933621621683,0.1517248502690407,2,qUCB,0.30000000000000004,0.0,0.2,0.05,0.1,0.25,0.1
17,6,0,5,False,0.034933621621683,0.1517248502690407,3,qUCB,0.0,0.0,0.55,0.0,0.1,0.25,0.1
17,6,0,5,False,0.034933621621683,0.1517248502690407,4,qUCB,0.0,0.25,0.2,0.0,0.0,0.45,0.1
18,1,5,0,True,0.05673101602750545,0.074000387723276,0,qEHVI,0.15000000000000002,0.1,0.55,0.1,0.0,0.05,0.05
18,1,5,0,True,0.05673101602750545,0.074000387723276,1,qEHVI,0.0,0.5,0.2,0.1,0.1,0.0,0.1
18,1,5,0,True,0.05673101602750545,0.074000387723276,2,qEHVI,0.2,0.30000000000000004,0.2,0.1,0.0,0.1,0.1
18,1,5,0,True,0.05673101602750545,0.074000387723276,3,qEHVI,0.05,0.5,0.2,0.1,0.05,0.0,0.1
18,1,5,0,True,0.05673101602750545,0.074000387723276,4,qEHVI,0.0,0.5,0.30000000000000004,0.1,0.0,0.0,0.1
18,2,4,1,False,0.05609520779902412,0.21263415925415785,0,qEHVI,0.15000000000000002,0.1,0.55,0.1,0.0,0.05,0.05
18,2,4,1,False,0.05609520779902412,0.21263415925415785,1,qEHVI,0.0,0.5,0.2,0.1,0.1,0.0,0.1
18,2,4,1,False,0.05609520779902412,0.21263415925415785,2,qEHVI,0.2,0.30000000000000004,0.2,0.1,0.0,0.1,0.1
18,2,4,1,False,0.05609520779902412,0.21263415925415785,3,qEHVI,0.0,0.5,0.30000000000000004,0.1,0.0,0.0,0.1
18,2,4,1,False,0.05609520779902412,0.21263415925415785,4,qUCB,0.0,0.0,0.4,0.0,0.1,0.45,0.05
18,3,3,2,False,0.05572137823297183,0.061221029642349656,0,qEHVI,0.15000000000000002,0.1,0.55,0.1,0.0,0.05,0.05
18,3,3,2,False,0.05572137823297183,0.061221029642349656,1,qEHVI,0.0,0.5,0.2,0.1,0.1,0.0,0.1
18,3,3,2,False,0.05572137823297183,0.061221029642349656,2,qEHVI,0.1,0.05,0.6000000000000001,0.1,0.0,0.1,0.05
18,3,3,2,False,0.05572137823297183,0.061221029642349656,3,qUCB,0.25,0.0,0.2,0.0,0.1,0.45,0.0
18,3,3,2,False,0.05572137823297183,0.061221029642349656,4,qUCB,0.0,0.25,0.2,0.0,0.0,0.45,0.1
18,4,2,3,False,0.04622013887705805,0.16920657614146872,0,qEHVI,0.15000000000000002,0.1,0.55,0.1,0.0,0.05,0.05
18,4,2,3,False,0.04622013887705805,0.16920657614146872,1,qEHVI,0.0,0.5,0.2,0.1,0.1,0.0,0.1
18,4,2,3,False,0.04622013887705805,0.16920657614146872,2,qUCB,0.05,0.0,0.30000000000000004,0.0,0.1,0.45,0.1
18,4,2,3,False,0.04622013887705805,0.16920657614146872,3,qUCB,0.25,0.0,0.2,0.0,0.1,0.45,0.0
18,4,2,3,False,0.04622013887705805,0.16920657614146872,4,qUCB,0.0,0.25,0.2,0.0,0.0,0.45,0.1
18,5,1,4,False,0.044405413890102906,0.14420551302813145,0,qEHVI,0.15000000000000002,0.1,0.55,0.1,0.0,0.05,0.05
18,5,1,4,False,0.044405413890102906,0.14420551302813145,1,qUCB,0.0,0.15000000000000002,0.2,0.0,0.1,0.45,0.1
18,5,1,4,False,0.044405413890102906,0.14420551302813145,2,qUCB,0.25,0.0,0.2,0.0,0.1,0.45,0.0
18,5,1,4,False,0.044405413890102906,0.14420551302813145,3,qUCB,0.0,0.5,0.2,0.1,0.1,0.0,0.1
18,5,1,4,False,0.044405413890102906,0.14420551302813145,4,qUCB,0.30000000000000004,0.0,0.2,0.0,0.1,0.30000000000000004,0.1
18,6,0,5,False,0.03648264073426238,0.1417500884433185,0,qUCB,0.0,0.0,0.6000000000000001,0.0,0.0,0.30000000000000004,0.1
18,6,0,5,False,0.03648264073426238,0.1417500884433185,1,qUCB,0.0,0.5,0.2,0.1,0.1,0.0,0.1
18,6,0,5,False,0.03648264073426238,0.1417500884433185,2,qUCB,0.25,0.0,0.2,0.0,0.1,0.45,0.0
18,6,0,5,False,0.03648264073426238,0.1417500884433185,3,qUCB,0.25,0.0,0.30000000000000004,0.0,0.1,0.25,0.1
18,6,0,5,False,0.03648264073426238,0.1417500884433185,4,qUCB,0.0,0.25,0.2,0.0,0.0,0.45,0.1
19,1,5,0,True,0.04232646247795746,0.1655973721474382,0,qEHVI,0.2,0.05,0.6000000000000001,0.1,0.0,0.05,0.0
19,1,5,0,True,0.04232646247795746,0.1655973721474382,1,qEHVI,0.05,0.0,0.65,0.05,0.0,0.15000000000000002,0.1
19,1,5,0,True,0.04232646247795746,0.1655973721474382,2,qEHVI,0.05,0.0,0.55,0.1,0.0,0.2,0.1
19,1,5,0,True,0.04232646247795746,0.1655973721474382,3,qEHVI,0.25,0.05,0.6000000000000001,0.1,0.0,0.0,0.0
19,1,5,0,True,0.04232646247795746,0.1655973721474382,4,qEHVI,0.15000000000000002,0.0,0.7000000000000001,0.0,0.0,0.1,0.05
19,2,4,1,False,0.04285675100157143,0.35465929373631333,0,qEHVI,0.2,0.05,0.6000000000000001,0.1,0.0,0.05,0.0
19,2,4,1,False,0.04285675100157143,0.35465929373631333,1,qEHVI,0.05,0.0,0.65,0.05,0.0,0.15000000000000002,0.1
19,2,4,1,False,0.04285675100157143,0.35465929373631333,2,qEHVI,0.05,0.0,0.55,0.1,0.0,0.2,0.1
19,2,4,1,False,0.04285675100157143,0.35465929373631333,3,qEHVI,0.25,0.0,0.6000000000000001,0.1,0.0,0.0,0.05
19,2,4,1,False,0.04285675100157143,0.35465929373631333,4,qUCB,0.35000000000000003,0.35000000000000003,0.2,0.0,0.0,0.0,0.1
19,3,3,2,False,0.028278753419227167,0.2645725288364962,0,qEHVI,0.2,0.05,0.6000000000000001,0.1,0.0,0.05,0.0
19,3,3,2,False,0.028278753419227167,0.2645725288364962,1,qEHVI,0.05,0.0,0.65,0.05,0.0,0.15000000000000002,0.1
19,3,3,2,False,0.028278753419227167,0.2645725288364962,2,qEHVI,0.35000000000000003,0.0,0.2,0.0,0.1,0.25,0.1
19,3,3,2,False,0.028278753419227167,0.2645725288364962,3,qUCB,0.25,0.5,0.2,0.0,0.0,0.05,0.0
19,3,3,2,False,0.028278753419227167,0.2645725288364962,4,qUCB,0.0,0.5,0.4,0.0,0.1,0.0,0.0
19,4,2,3,False,0.03798396502963948,0.14938198456267882,0,qEHVI,0.2,0.05,0.6000000000000001,0.1,0.0,0.05,0.0
19,4,2,3,False,0.03798396502963948,0.14938198456267882,1,qEHVI,0.05,0.0,0.65,0.05,0.0,0.15000000000000002,0.1
19,4,2,3,False,0.03798396502963948,0.14938198456267882,2,qUCB,0.35000000000000003,0.35000000000000003,0.2,0.0,0.0,0.0,0.1
19,4,2,3,False,0.03798396502963948,0.14938198456267882,3,qUCB,0.35000000000000003,0.0,0.2,0.0,0.1,0.25,0.1
19,4,2,3,False,0.03798396502963948,0.14938198456267882,4,qUCB,0.35000000000000003,0.0,0.2,0.0,0.0,0.45,0.0
19,5,1,4,False,0.03699944029306782,0.032858315655523995,0,qEHVI,0.2,0.05,0.6000000000000001,0.1,0.0,0.05,0.0
19,5,1,4,False,0.03699944029306782,0.032858315655523995,1,qUCB,0.05,0.0,0.30000000000000004,0.0,0.1,0.45,0.1
19,5,1,4,False,0.03699944029306782,0.032858315655523995,2,qUCB,0.35000000000000003,0.0,0.2,0.0,0.1,0.25,0.1
19,5,1,4,False,0.03699944029306782,0.032858315655523995,3,qUCB,0.0,0.35000000000000003,0.2,0.0,0.0,0.35000000000000003,0.1
19,5,1,4,False,0.03699944029306782,0.032858315655523995,4,qUCB,0.2,0.05,0.2,0.0,0.1,0.45,0.0
19,6,0,5,False,0.02235672806645847,0.16086830190301793,0,qUCB,0.0,0.0,0.65,0.0,0.0,0.25,0.1
19,6,0,5,False,0.02235672806645847,0.16086830190301793,1,qUCB,0.35000000000000003,0.0,0.2,0.0,0.1,0.25,0.1
19,6,0,5,False,0.02235672806645847,0.16086830190301793,2,qUCB,0.35000000000000003,0.0,0.2,0.0,0.0,0.45,0.0
19,6,0,5,False,0.02235672806645847,0.16086830190301793,3,qUCB,0.35000000000000003,0.0,0.35000000000000003,0.0,0.0,0.2,0.1
19,6,0,5,False,0.02235672806645847,0.16086830190301793,4,qUCB,0.0,0.0,0.55,0.0,0.1,0.35000000000000003,0.0
20,1,5,0,True,0.03505126711661047,0.3132463682829627,0,qEHVI,0.15000000000000002,0.1,0.65,0.05,0.0,0.0,0.05
20,1,5,0,True,0.03505126711661047,0.3132463682829627,1,qEHVI,0.25,0.0,0.6000000000000001,0.1,0.0,0.0,0.05
20,1,5,0,True,0.03505126711661047,0.3132463682829627,2,qEHVI,0.15000000000000002,0.05,0.65,0.1,0.0,0.05,0.0
20,1,5,0,True,0.03505126711661047,0.3132463682829627,3,qEHVI,0.25,0.0,0.6000000000000001,0.1,0.0,0.05,0.0
20,1,5,0,True,0.03505126711661047,0.3132463682829627,4,qEHVI,0.0,0.0,0.6000000000000001,0.0,0.0,0.30000000000000004,0.1
20,2,4,1,False,0.030406628472322075,0.19707691108606085,0,qEHVI,0.15000000000000002,0.1,0.65,0.05,0.0,0.0,0.05
20,2,4,1,False,0.030406628472322075,0.19707691108606085,1,qEHVI,0.25,0.0,0.6000000000000001,0.1,0.0,0.0,0.05
20,2,4,1,False,0.030406628472322075,0.19707691108606085,2,qEHVI,0.15000000000000002,0.05,0.65,0.1,0.0,0.05,0.0
20,2,4,1,False,0.030406628472322075,0.19707691108606085,3,qEHVI,0.25,0.0,0.6000000000000001,0.1,0.0,0.05,0.0
20,2,4,1,False,0.030406628472322075,0.19707691108606085,4,qUCB,0.0,0.15000000000000002,0.2,0.0,0.1,0.45,0.1
20,3,3,2,False,0.02673383528713785,0.38555189676921753,0,qEHVI,0.15000000000000002,0.1,0.65,0.05,0.0,0.0,0.05
20,3,3,2,False,0.02673383528713785,0.38555189676921753,1,qEHVI,0.25,0.0,0.6000000000000001,0.1,0.0,0.0,0.05
20,3,3,2,False,0.02673383528713785,0.38555189676921753,2,qEHVI,0.15000000000000002,0.05,0.65,0.1,0.0,0.05,0.0
20,3,3,2,False,0.02673383528713785,0.38555189676921753,3,qUCB,0.0,0.15000000000000002,0.2,0.0,0.1,0.45,0.1
20,3,3,2,False,0.02673383528713785,0.38555189676921753,4,qUCB,0.25,0.0,0.2,0.0,0.1,0.45,0.0
20,4,2,3,False,0.02226446892157824,0.15380959092593438,0,qEHVI,0.15000000000000002,0.1,0.65,0.05,0.0,0.0,0.05
20,4,2,3,False,0.02226446892157824,0.15380959092593438,1,qEHVI,0.25,0.0,0.6000000000000001,0.1,0.0,0.0,0.05
20,4,2,3,False,0.02226446892157824,0.15380959092593438,2,qUCB,0.0,0.15000000000000002,0.2,0.0,0.1,0.45,0.1
20,4,2,3,False,0.02226446892157824,0.15380959092593438,3,qUCB,0.25,0.0,0.2,0.0,0.1,0.45,0.0
20,4,2,3,False,0.02226446892157824,0.15380959092593438,4,qUCB,0.30000000000000004,0.0,0.2,0.0,0.1,0.30000000000000004,0.1
20,5,1,4,False,0.016693274739960122,0.041473797075765706,0,qEHVI,0.15000000000000002,0.1,0.65,0.05,0.0,0.0,0.05
20,5,1,4,False,0.016693274739960122,0.041473797075765706,1,qUCB,0.0,0.15000000000000002,0.2,0.0,0.1,0.45,0.1
20,5,1,4,False,0.016693274739960122,0.041473797075765706,2,qUCB,0.25,0.0,0.2,0.0,0.1,0.45,0.0
20,5,1,4,False,0.016693274739960122,0.041473797075765706,3,qUCB,0.35000000000000003,0.0,0.2,0.05,0.1,0.2,0.1
20,5,1,4,False,0.016693274739960122,0.041473797075765706,4,qUCB,0.0,0.25,0.2,0.0,0.0,0.45,0.1
20,6,0,5,False,0.010603680183639346,0.023193677065757257,0,qUCB,0.0,0.0,0.6000000000000001,0.0,0.0,0.30000000000000004,0.1
20,6,0,5,False,0.010603680183639346,0.023193677065757257,1,qUCB,0.35000000000000003,0.0,0.2,0.05,0.1,0.2,0.1
20,6,0,5,False,0.010603680183639346,0.023193677065757257,2,qUCB,0.25,0.0,0.2,0.0,0.1,0.45,0.0
20,6,0,5,False,0.010603680183639346,0.023193677065757257,3,qUCB,0.0,0.0,0.55,0.0,0.1,0.35000000000000003,0.0
20,6,0,5,False,0.010603680183639346,0.023193677065757257,4,qUCB,0.0,0.25,0.2,0.0,0.0,0.45,0.1
21,1,5,0,True,0.03231820801327715,0.19339113225893279,0,qEHVI,0.25,0.0,0.65,0.05,0.0,0.0,0.05
21,1,5,0,True,0.03231820801327715,0.19339113225893279,1,qEHVI,0.05,0.0,0.6000000000000001,0.1,0.0,0.15000000000000002,0.1
21,1,5,0,True,0.03231820801327715,0.19339113225893279,2,qEHVI,0.0,0.0,0.65,0.0,0.0,0.25,0.1
21,1,5,0,True,0.03231820801327715,0.19339113225893279,3,qEHVI,0.1,0.15000000000000002,0.6000000000000001,0.1,0.0,0.05,0.0
21,1,5,0,True,0.03231820801327715,0.19339113225893279,4,qEHVI,0.2,0.05,0.55,0.1,0.0,0.05,0.05
21,2,4,1,False,0.028701321258652653,0.07983615870024607,0,qEHVI,0.25,0.0,0.65,0.05,0.0,0.0,0.05
21,2,4,1,False,0.028701321258652653,0.07983615870024607,1,qEHVI,0.05,0.0,0.6000000000000001,0.1,0.0,0.15000000000000002,0.1
21,2,4,1,False,0.028701321258652653,0.07983615870024607,2,qEHVI,0.0,0.0,0.65,0.0,0.0,0.25,0.1
21,2,4,1,False,0.028701321258652653,0.07983615870024607,3,qEHVI,0.1,0.15000000000000002,0.6000000000000001,0.1,0.0,0.05,0.0
21,2,4,1,False,0.028701321258652653,0.07983615870024607,4,qUCB,0.30000000000000004,0.45,0.2,0.0,0.0,0.05,0.0
21,3,3,2,False,0.024421043886042118,0.09102799513427229,0,qEHVI,0.25,0.0,0.65,0.05,0.0,0.0,0.05
21,3,3,2,False,0.024421043886042118,0.09102799513427229,1,qEHVI,0.05,0.0,0.6000000000000001,0.1,0.0,0.15000000000000002,0.1
21,3,3,2,False,0.024421043886042118,0.09102799513427229,2,qEHVI,0.0,0.0,0.65,0.0,0.0,0.25,0.1
21,3,3,2,False,0.024421043886042118,0.09102799513427229,3,qUCB,0.0,0.5,0.30000000000000004,0.1,0.1,0.0,0.0
21,3,3,2,False,0.024421043886042118,0.09102799513427229,4,qUCB,0.35000000000000003,0.0,0.2,0.0,0.1,0.25,0.1
21,4,2,3,False,0.020242833608753747,0.10687475582679934,0,qEHVI,0.25,0.0,0.65,0.05,0.0,0.0,0.05
21,4,2,3,False,0.020242833608753747,0.10687475582679934,1,qEHVI,0.05,0.0,0.6000000000000001,0.1,0.0,0.15000000000000002,0.1
21,4,2,3,False,0.020242833608753747,0.10687475582679934,2,qUCB,0.0,0.5,0.30000000000000004,0.1,0.1,0.0,0.0
21,4,2,3,False,0.020242833608753747,0.10687475582679934,3,qUCB,0.35000000000000003,0.0,0.2,0.0,0.1,0.25,0.1
21,4,2,3,False,0.020242833608753747,0.10687475582679934,4,qUCB,0.2,0.0,0.2,0.05,0.1,0.45,0.0
21,5,1,4,False,0.012296116061427484,0.010854030000108317,0,qEHVI,0.25,0.0,0.65,0.05,0.0,0.0,0.05
21,5,1,4,False,0.012296116061427484,0.010854030000108317,1,qUCB,0.0,0.05,0.2,0.1,0.1,0.45,0.1
21,5,1,4,False,0.012296116061427484,0.010854030000108317,2,qUCB,0.35000000000000003,0.0,0.2,0.0,0.1,0.25,0.1
21,5,1,4,False,0.012296116061427484,0.010854030000108317,3,qUCB,0.0,0.15000000000000002,0.2,0.1,0.0,0.45,0.1
21,5,1,4,False,0.012296116061427484,0.010854030000108317,4,qUCB,0.0,0.5,0.2,0.1,0.1,0.1,0.0
21,6,0,5,False,0.01256847828709412,0.022684501040147076,0,qUCB,0.0,0.0,0.65,0.0,0.0,0.25,0.1
21,6,0,5,False,0.01256847828709412,0.022684501040147076,1,qUCB,0.35000000000000003,0.0,0.2,0.0,0.1,0.25,0.1
21,6,0,5,False,0.01256847828709412,0.022684501040147076,2,qUCB,0.35000000000000003,0.0,0.2,0.0,0.0,0.45,0.0
21,6,0,5,False,0.01256847828709412,0.022684501040147076,3,qUCB,0.0,0.15000000000000002,0.2,0.1,0.0,0.45,0.1
21,6,0,5,False,0.01256847828709412,0.022684501040147076,4,qUCB,0.35000000000000003,0.0,0.30000000000000004,0.1,0.0,0.15000000000000002,0.1
22,1,5,0,True,0.021456968871296906,0.11573116778933512,0,qEHVI,0.2,0.05,0.65,0.05,0.0,0.05,0.0
22,1,5,0,True,0.021456968871296906,0.11573116778933512,1,qEHVI,0.35000000000000003,0.0,0.2,0.0,0.1,0.25,0.1
22,1,5,0,True,0.021456968871296906,0.11573116778933512,2,qEHVI,0.35000000000000003,0.0,0.5,0.1,0.0,0.0,0.05
22,1,5,0,True,0.021456968871296906,0.11573116778933512,3,qEHVI,0.1,0.2,0.6000000000000001,0.05,0.0,0.0,0.05
22,1,5,0,True,0.021456968871296906,0.11573116778933512,4,qEHVI,0.35000000000000003,0.0,0.35000000000000003,0.05,0.0,0.15000000000000002,0.1
22,2,4,1,False,0.01757483208240899,0.15528200439852816,0,qEHVI,0.2,0.05,0.65,0.05,0.0,0.05,0.0
22,2,4,1,False,0.01757483208240899,0.15528200439852816,1,qEHVI,0.35000000000000003,0.0,0.5,0.1,0.0,0.0,0.05
22,2,4,1,False,0.01757483208240899,0.15528200439852816,2,qEHVI,0.35000000000000003,0.0,0.2,0.0,0.1,0.25,0.1
22,2,4,1,False,0.01757483208240899,0.15528200439852816,3,qEHVI,0.2,0.0,0.2,0.1,0.1,0.30000000000000004,0.1
22,2,4,1,False,0.01757483208240899,0.15528200439852816,4,qUCB,0.0,0.0,0.6000000000000001,0.0,0.1,0.2,0.1
22,3,3,2,False,0.01845917229168915,0.04038868090389647,0,qEHVI,0.2,0.05,0.65,0.05,0.0,0.05,0.0
22,3,3,2,False,0.01845917229168915,0.04038868090389647,1,qEHVI,0.35000000000000003,0.0,0.5,0.1,0.0,0.0,0.05
22,3,3,2,False,0.01845917229168915,0.04038868090389647,2,qEHVI,0.1,0.2,0.6000000000000001,0.05,0.0,0.0,0.05
22,3,3,2,False,0.01845917229168915,0.04038868090389647,3,qUCB,0.05,0.0,0.2,0.1,0.1,0.45,0.1
22,3,3,2,False,0.01845917229168915,0.04038868090389647,4,qUCB,0.25,0.0,0.2,0.0,0.1,0.45,0.0
22,4,2,3,False,0.013708107400394713,0.0076510329191876725,0,qEHVI,0.2,0.05,0.65,0.05,0.0,0.05,0.0
22,4,2,3,False,0.013708107400394713,0.0076510329191876725,1,qEHVI,0.35000000000000003,0.0,0.5,0.1,0.0,0.0,0.05
22,4,2,3,False,0.013708107400394713,0.0076510329191876725,2,qUCB,0.0,0.15000000000000002,0.2,0.0,0.1,0.45,0.1
22,4,2,3,False,0.013708107400394713,0.0076510329191876725,3,qUCB,0.0,0.0,0.30000000000000004,0.1,0.1,0.4,0.1
22,4,2,3,False,0.013708107400394713,0.0076510329191876725,4,qUCB,0.0,0.25,0.2,0.0,0.0,0.45,0.1
22,5,1,4,False,0.017777501440276084,0.044521530941445064,0,qEHVI,0.2,0.05,0.65,0.05,0.0,0.05,0.0
22,5,1,4,False,0.017777501440276084,0.044521530941445064,1,qUCB,0.05,0.0,0.2,0.1,0.1,0.45,0.1
22,5,1,4,False,0.017777501440276084,0.044521530941445064,2,qUCB,0.35000000000000003,0.0,0.2,0.0,0.1,0.25,0.1
22,5,1,4,False,0.017777501440276084,0.044521530941445064,3,qUCB,0.0,0.25,0.2,0.0,0.0,0.45,0.1
22,5,1,4,False,0.017777501440276084,0.044521530941445064,4,qUCB,0.25,0.0,0.2,0.0,0.1,0.45,0.0
22,6,0,5,False,0.010779779526768927,0.025142510753396685,0,qUCB,0.05,0.1,0.7000000000000001,0.1,0.0,0.0,0.05
22,6,0,5,False,0.010779779526768927,0.025142510753396685,1,qUCB,0.35000000000000003,0.0,0.2,0.0,0.1,0.25,0.1
22,6,0,5,False,0.010779779526768927,0.025142510753396685,2,qUCB,0.25,0.0,0.2,0.0,0.1,0.45,0.0
22,6,0,5,False,0.010779779526768927,0.025142510753396685,3,qUCB,0.0,0.25,0.2,0.0,0.0,0.45,0.1
22,6,0,5,False,0.010779779526768927,0.025142510753396685,4,qUCB,0.0,0.0,0.7000000000000001,0.1,0.1,0.1,0.0
23,1,5,0,True,0.02310604310039194,0.4767774660928037,0,qEHVI,0.25,0.05,0.65,0.05,0.0,0.0,0.0
23,1,5,0,True,0.02310604310039194,0.4767774660928037,1,qEHVI,0.05,0.0,0.7000000000000001,0.0,0.0,0.15000000000000002,0.1
23,1,5,0,True,0.02310604310039194,0.4767774660928037,2,qEHVI,0.1,0.05,0.6000000000000001,0.1,0.0,0.1,0.05
23,1,5,0,True,0.02310604310039194,0.4767774660928037,3,qEHVI,0.15000000000000002,0.0,0.7000000000000001,0.1,0.0,0.05,0.0
23,1,5,0,True,0.02310604310039194,0.4767774660928037,4,qEHVI,0.15000000000000002,0.15000000000000002,0.6000000000000001,0.1,0.0,0.0,0.0
23,2,4,1,False,0.01905230608857598,0.06768283039505274,0,qEHVI,0.25,0.05,0.65,0.05,0.0,0.0,0.0
23,2,4,1,False,0.01905230608857598,0.06768283039505274,1,qEHVI,0.05,0.0,0.7000000000000001,0.0,0.0,0.15000000000000002,0.1
23,2,4,1,False,0.01905230608857598,0.06768283039505274,2,qEHVI,0.35000000000000003,0.0,0.2,0.0,0.0,0.45,0.0
23,2,4,1,False,0.01905230608857598,0.06768283039505274,3,qEHVI,0.1,0.05,0.6000000000000001,0.1,0.0,0.1,0.05
23,2,4,1,False,0.01905230608857598,0.06768283039505274,4,qUCB,0.35000000000000003,0.35000000000000003,0.2,0.0,0.0,0.0,0.1
23,3,3,2,False,0.018242032237420106,0.13686460152331303,0,qEHVI,0.25,0.05,0.65,0.05,0.0,0.0,0.0
23,3,3,2,False,0.018242032237420106,0.13686460152331303,1,qEHVI,0.05,0.0,0.7000000000000001,0.0,0.0,0.15000000000000002,0.1
23,3,3,2,False,0.018242032237420106,0.13686460152331303,2,qEHVI,0.1,0.05,0.6000000000000001,0.1,0.0,0.1,0.05
23,3,3,2,False,0.018242032237420106,0.13686460152331303,3,qUCB,0.35000000000000003,0.35000000000000003,0.2,0.0,0.0,0.0,0.1
23,3,3,2,False,0.018242032237420106,0.13686460152331303,4,qUCB,0.15000000000000002,0.0,0.30000000000000004,0.0,0.1,0.45,0.0
23,4,2,3,False,0.013222107147602668,0.044899792858403176,0,qEHVI,0.25,0.05,0.65,0.05,0.0,0.0,0.0
23,4,2,3,False,0.013222107147602668,0.044899792858403176,1,qEHVI,0.05,0.0,0.7000000000000001,0.0,0.0,0.15000000000000002,0.1
23,4,2,3,False,0.013222107147602668,0.044899792858403176,2,qUCB,0.0,0.05,0.2,0.1,0.1,0.45,0.1
23,4,2,3,False,0.013222107147602668,0.044899792858403176,3,qUCB,0.0,0.5,0.2,0.1,0.0,0.1,0.1
23,4,2,3,False,0.013222107147602668,0.044899792858403176,4,qUCB,0.35000000000000003,0.0,0.2,0.0,0.0,0.45,0.0
23,5,1,4,False,0.01133319220138826,0.04158963580929065,0,qEHVI,0.25,0.05,0.65,0.05,0.0,0.0,0.0
23,5,1,4,False,0.01133319220138826,0.04158963580929065,1,qUCB,0.0,0.05,0.2,0.1,0.1,0.45,0.1
23,5,1,4,False,0.01133319220138826,0.04158963580929065,2,qUCB,0.0,0.2,0.2,0.05,0.0,0.45,0.1
23,5,1,4,False,0.01133319220138826,0.04158963580929065,3,qUCB,0.1,0.0,0.2,0.1,0.1,0.4,0.1
23,5,1,4,False,0.01133319220138826,0.04158963580929065,4,qUCB,0.0,0.0,0.30000000000000004,0.1,0.1,0.4,0.1
23,6,0,5,False,0.01019233816813346,0.1895374170457158,0,qUCB,0.0,0.05,0.65,0.1,0.0,0.1,0.1
23,6,0,5,False,0.01019233816813346,0.1895374170457158,1,qUCB,0.35000000000000003,0.0,0.2,0.0,0.0,0.45,0.0
23,6,0,5,False,0.01019233816813346,0.1895374170457158,2,qUCB,0.0,0.2,0.2,0.05,0.0,0.45,0.1
23,6,0,5,False,0.01019233816813346,0.1895374170457158,3,qUCB,0.0,0.0,0.7000000000000001,0.1,0.1,0.1,0.0
23,6,0,5,False,0.01019233816813346,0.1895374170457158,4,qUCB,0.0,0.0,0.5,0.0,0.1,0.4,0.0
24,1,5,0,True,0.02141517368992424,0.2568965157044847,0,qEHVI,0.05,0.1,0.65,0.1,0.0,0.0,0.1
24,1,5,0,True,0.02141517368992424,0.2568965157044847,1,qEHVI,0.30000000000000004,0.0,0.65,0.05,0.0,0.0,0.0
24,1,5,0,True,0.02141517368992424,0.2568965157044847,2,qEHVI,0.15000000000000002,0.15000000000000002,0.65,0.0,0.0,0.0,0.05
24,1,5,0,True,0.02141517368992424,0.2568965157044847,3,qEHVI,0.0,0.0,0.65,0.1,0.0,0.2,0.05
24,1,5,0,True,0.02141517368992424,0.2568965157044847,4,qEHVI,0.05,0.05,0.6000000000000001,0.1,0.0,0.1,0.1
24,2,4,1,False,0.015789022678574505,0.07085930522860284,0,qEHVI,0.05,0.1,0.65,0.1,0.0,0.0,0.1
24,2,4,1,False,0.015789022678574505,0.07085930522860284,1,qEHVI,0.30000000000000004,0.0,0.65,0.05,0.0,0.0,0.0
24,2,4,1,False,0.015789022678574505,0.07085930522860284,2,qEHVI,0.0,0.0,0.65,0.1,0.0,0.2,0.05
24,2,4,1,False,0.015789022678574505,0.07085930522860284,3,qEHVI,0.2,0.0,0.2,0.05,0.1,0.45,0.0
24,2,4,1,False,0.015789022678574505,0.07085930522860284,4,qUCB,0.35000000000000003,0.30000000000000004,0.2,0.0,0.0,0.05,0.1
24,3,3,2,False,0.01560069317264689,0.1575504614000245,0,qEHVI,0.05,0.1,0.65,0.1,0.0,0.0,0.1
24,3,3,2,False,0.01560069317264689,0.1575504614000245,1,qEHVI,0.30000000000000004,0.0,0.65,0.05,0.0,0.0,0.0
24,3,3,2,False,0.01560069317264689,0.1575504614000245,2,qEHVI,0.15000000000000002,0.15000000000000002,0.65,0.0,0.0,0.0,0.05
24,3,3,2,False,0.01560069317264689,0.1575504614000245,3,qUCB,0.0,0.15000000000000002,0.2,0.0,0.1,0.45,0.1
24,3,3,2,False,0.01560069317264689,0.1575504614000245,4,qUCB,0.0,0.0,0.35000000000000003,0.1,0.1,0.45,0.0
24,4,2,3,False,0.012977138539554196,0.06652791516520562,0,qEHVI,0.05,0.1,0.65,0.1,0.0,0.0,0.1
24,4,2,3,False,0.012977138539554196,0.06652791516520562,1,qEHVI,0.30000000000000004,0.0,0.65,0.05,0.0,0.0,0.0
24,4,2,3,False,0.012977138539554196,0.06652791516520562,2,qUCB,0.0,0.0,0.4,0.0,0.1,0.45,0.05
24,4,2,3,False,0.012977138539554196,0.06652791516520562,3,qUCB,0.15000000000000002,0.0,0.2,0.0,0.1,0.45,0.1
24,4,2,3,False,0.012977138539554196,0.06652791516520562,4,qUCB,0.0,0.15000000000000002,0.2,0.0,0.1,0.45,0.1
24,5,1,4,False,0.013051391497246984,0.051206950683232666,0,qEHVI,0.05,0.1,0.65,0.1,0.0,0.0,0.1
24,5,1,4,False,0.013051391497246984,0.051206950683232666,1,qUCB,0.35000000000000003,0.4,0.2,0.0,0.0,0.05,0.0
24,5,1,4,False,0.013051391497246984,0.051206950683232666,2,qUCB,0.30000000000000004,0.0,0.2,0.0,0.1,0.4,0.0
24,5,1,4,False,0.013051391497246984,0.051206950683232666,3,qUCB,0.0,0.0,0.5,0.0,0.1,0.4,0.0
24,5,1,4,False,0.013051391497246984,0.051206950683232666,4,qUCB,0.15000000000000002,0.0,0.2,0.0,0.1,0.45,0.1
24,6,0,5,False,0.007503562636266556,0.27258667759886146,0,qUCB,0.0,0.0,0.55,0.1,0.0,0.25,0.1
24,6,0,5,False,0.007503562636266556,0.27258667759886146,1,qUCB,0.0,0.15000000000000002,0.2,0.1,0.0,0.45,0.1
24,6,0,5,False,0.007503562636266556,0.27258667759886146,2,qUCB,0.0,0.0,0.7000000000000001,0.1,0.1,0.1,0.0
24,6,0,5,False,0.007503562636266556,0.27258667759886146,3,qUCB,0.2,0.0,0.2,0.05,0.1,0.45,0.0
24,6,0,5,False,0.007503562636266556,0.27258667759886146,4,qUCB,0.0,0.0,0.5,0.0,0.1,0.4,0.0
25,1,5,0,True,0.02283566371856861,0.25098396566267844,0,qEHVI,0.15000000000000002,0.15000000000000002,0.65,0.05,0.0,0.0,0.0
25,1,5,0,True,0.02283566371856861,0.25098396566267844,1,qEHVI,0.35000000000000003,0.35000000000000003,0.2,0.0,0.0,0.0,0.1
25,1,5,0,True,0.02283566371856861,0.25098396566267844,2,qEHVI,0.0,0.0,0.35000000000000003,0.1,0.0,0.45,0.1
25,1,5,0,True,0.02283566371856861,0.25098396566267844,3,qEHVI,0.15000000000000002,0.0,0.7000000000000001,0.0,0.0,0.05,0.1
25,1,5,0,True,0.02283566371856861,0.25098396566267844,4,qEHVI,0.0,0.1,0.7000000000000001,0.05,0.0,0.05,0.1
25,2,4,1,False,0.018624372237783817,0.1724558357624324,0,qEHVI,0.15000000000000002,0.15000000000000002,0.65,0.05,0.0,0.0,0.0
25,2,4,1,False,0.018624372237783817,0.1724558357624324,1,qEHVI,0.35000000000000003,0.35000000000000003,0.2,0.0,0.0,0.0,0.1
25,2,4,1,False,0.018624372237783817,0.1724558357624324,2,qEHVI,0.15000000000000002,0.0,0.7000000000000001,0.0,0.0,0.05,0.1
25,2,4,1,False,0.018624372237783817,0.1724558357624324,3,qEHVI,0.0,0.0,0.35000000000000003,0.1,0.0,0.45,0.1
25,2,4,1,False,0.018624372237783817,0.1724558357624324,4,qUCB,0.0,0.0,0.55,0.0,0.1,0.35000000000000003,0.0
25,3,3,2,False,0.016462711402887693,0.03216699329049755,0,qEHVI,0.15000000000000002,0.15000000000000002,0.65,0.05,0.0,0.0,0.0
25,3,3,2,False,0.016462711402887693,0.03216699329049755,1,qEHVI,0.35000000000000003,0.35000000000000003,0.2,0.0,0.0,0.0,0.1
25,3,3,2,False,0.016462711402887693,0.03216699329049755,2,qEHVI,0.15000000000000002,0.0,0.7000000000000001,0.0,0.0,0.05,0.1
25,3,3,2,False,0.016462711402887693,0.03216699329049755,3,qUCB,0.0,0.0,0.30000000000000004,0.1,0.1,0.4,0.1
25,3,3,2,False,0.016462711402887693,0.03216699329049755,4,qUCB,0.0,0.15000000000000002,0.2,0.1,0.0,0.45,0.1
25,4,2,3,False,0.013610288582092445,0.04856507815322186,0,qEHVI,0.15000000000000002,0.15000000000000002,0.65,0.05,0.0,0.0,0.0
25,4,2,3,False,0.013610288582092445,0.04856507815322186,1,qEHVI,0.35000000000000003,0.35000000000000003,0.2,0.0,0.0,0.0,0.1
25,4,2,3,False,0.013610288582092445,0.04856507815322186,2,qUCB,0.0,0.0,0.30000000000000004,0.1,0.1,0.4,0.1
25,4,2,3,False,0.013610288582092445,0.04856507815322186,3,qUCB,0.0,0.15000000000000002,0.2,0.1,0.0,0.45,0.1
25,4,2,3,False,0.013610288582092445,0.04856507815322186,4,qUCB,0.15000000000000002,0.0,0.2,0.1,0.1,0.45,0.0
25,5,1,4,False,0.0105320504438853,0.07227586474894654,0,qEHVI,0.15000000000000002,0.15000000000000002,0.65,0.05,0.0,0.0,0.0
25,5,1,4,False,0.0105320504438853,0.07227586474894654,1,qUCB,0.0,0.0,0.30000000000000004,0.1,0.1,0.4,0.1
25,5,1,4,False,0.0105320504438853,0.07227586474894654,2,qUCB,0.0,0.15000000000000002,0.2,0.1,0.0,0.45,0.1
25,5,1,4,False,0.0105320504438853,0.07227586474894654,3,qUCB,0.35000000000000003,0.0,0.2,0.0,0.0,0.45,0.0
25,5,1,4,False,0.0105320504438853,0.07227586474894654,4,qUCB,0.15000000000000002,0.0,0.2,0.1,0.1,0.45,0.0
25,6,0,5,False,0.005355114268471874,0.018336745793835263,0,qUCB,0.0,0.0,0.55,0.1,0.0,0.25,0.1
25,6,0,5,False,0.005355114268471874,0.018336745793835263,1,qUCB,0.35000000000000003,0.0,0.2,0.0,0.0,0.45,0.0
25,6,0,5,False,0.005355114268471874,0.018336745793835263,2,qUCB,0.0,0.15000000000000002,0.2,0.1,0.0,0.45,0.1
25,6,0,5,False,0.005355114268471874,0.018336745793835263,3,qUCB,0.0,0.0,0.55,0.0,0.1,0.35000000000000003,0.0
25,6,0,5,False,0.005355114268471874,0.018336745793835263,4,qUCB,0.15000000000000002,0.0,0.2,0.1,0.1,0.45,0.0
26,1,5,0,True,0.019609267273491084,0.21167446055565264,0,qEHVI,0.1,0.05,0.65,0.05,0.0,0.05,0.1
26,1,5,0,True,0.019609267273491084,0.21167446055565264,1,qEHVI,0.0,0.0,0.5,0.1,0.0,0.30000000000000004,0.1
26,1,5,0,True,0.019609267273491084,0.21167446055565264,2,qEHVI,0.0,0.05,0.6000000000000001,0.1,0.0,0.15000000000000002,0.1
26,1,5,0,True,0.019609267273491084,0.21167446055565264,3,qEHVI,0.05,0.1,0.7000000000000001,0.1,0.0,0.0,0.05
26,1,5,0,True,0.019609267273491084,0.21167446055565264,4,qEHVI,0.1,0.2,0.65,0.05,0.0,0.0,0.0
26,2,4,1,False,0.017407750515871366,0.18730555681779837,0,qEHVI,0.1,0.05,0.65,0.05,0.0,0.05,0.1
26,2,4,1,False,0.017407750515871366,0.18730555681779837,1,qEHVI,0.0,0.0,0.5,0.1,0.0,0.30000000000000004,0.1
26,2,4,1,False,0.017407750515871366,0.18730555681779837,2,qEHVI,0.0,0.05,0.6000000000000001,0.1,0.0,0.15000000000000002,0.1
26,2,4,1,False,0.017407750515871366,0.18730555681779837,3,qEHVI,0.05,0.1,0.7000000000000001,0.1,0.0,0.0,0.05
26,2,4,1,False,0.017407750515871366,0.18730555681779837,4,qUCB,0.30000000000000004,0.45,0.2,0.0,0.0,0.05,0.0
26,3,3,2,False,0.015335638185712416,0.08832943996299125,0,qEHVI,0.1,0.05,0.65,0.05,0.0,0.05,0.1
26,3,3,2,False,0.015335638185712416,0.08832943996299125,1,qEHVI,0.0,0.0,0.5,0.1,0.0,0.30000000000000004,0.1
26,3,3,2,False,0.015335638185712416,0.08832943996299125,2,qEHVI,0.0,0.05,0.6000000000000001,0.1,0.0,0.15000000000000002,0.1
26,3,3,2,False,0.015335638185712416,0.08832943996299125,3,qUCB,0.2,0.5,0.2,0.1,0.0,0.0,0.0
26,3,3,2,False,0.015335638185712416,0.08832943996299125,4,qUCB,0.25,0.0,0.2,0.0,0.1,0.45,0.0
26,4,2,3,False,0.015794864533162558,0.03459529288048291,0,qEHVI,0.1,0.05,0.65,0.05,0.0,0.05,0.1
26,4,2,3,False,0.015794864533162558,0.03459529288048291,1,qEHVI,0.0,0.0,0.5,0.1,0.0,0.30000000000000004,0.1
26,4,2,3,False,0.015794864533162558,0.03459529288048291,2,qUCB,0.2,0.5,0.2,0.1,0.0,0.0,0.0
26,4,2,3,False,0.015794864533162558,0.03459529288048291,3,qUCB,0.25,0.0,0.2,0.0,0.1,0.45,0.0
26,4,2,3,False,0.015794864533162558,0.03459529288048291,4,qUCB,0.35000000000000003,0.35000000000000003,0.2,0.0,0.0,0.1,0.0
26,5,1,4,False,0.010212163486193521,0.1598751141306649,0,qEHVI,0.1,0.05,0.65,0.05,0.0,0.05,0.1
26,5,1,4,False,0.010212163486193521,0.1598751141306649,1,qUCB,0.2,0.5,0.2,0.1,0.0,0.0,0.0
26,5,1,4,False,0.010212163486193521,0.1598751141306649,2,qUCB,0.25,0.0,0.2,0.0,0.1,0.45,0.0
26,5,1,4,False,0.010212163486193521,0.1598751141306649,3,qUCB,0.35000000000000003,0.35000000000000003,0.2,0.0,0.0,0.1,0.0
26,5,1,4,False,0.010212163486193521,0.1598751141306649,4,qUCB,0.35000000000000003,0.15000000000000002,0.2,0.1,0.1,0.1,0.0
26,6,0,5,False,0.0074947964467678915,0.19121089483763587,0,qUCB,0.0,0.0,0.5,0.1,0.0,0.30000000000000004,0.1
26,6,0,5,False,0.0074947964467678915,0.19121089483763587,1,qUCB,0.25,0.0,0.2,0.0,0.1,0.45,0.0
26,6,0,5,False,0.0074947964467678915,0.19121089483763587,2,qUCB,0.0,0.30000000000000004,0.2,0.0,0.0,0.4,0.1
26,6,0,5,False,0.0074947964467678915,0.19121089483763587,3,qUCB,0.0,0.0,0.7000000000000001,0.1,0.1,0.1,0.0
26,6,0,5,False,0.0074947964467678915,0.19121089483763587,4,qUCB,0.0,0.0,0.55,0.0,0.1,0.35000000000000003,0.0
27,1,5,0,True,0.014509759982716084,0.14887428385399204,0,qEHVI,0.05,0.15000000000000002,0.65,0.05,0.0,0.0,0.1
27,1,5,0,True,0.014509759982716084,0.14887428385399204,1,qEHVI,0.35000000000000003,0.30000000000000004,0.2,0.1,0.0,0.05,0.0
27,1,5,0,True,0.014509759982716084,0.14887428385399204,2,qEHVI,0.35000000000000003,0.4,0.2,0.0,0.0,0.05,0.0
27,1,5,0,True,0.014509759982716084,0.14887428385399204,3,qEHVI,0.30000000000000004,0.1,0.6000000000000001,0.0,0.0,0.0,0.0
27,1,5,0,True,0.014509759982716084,0.14887428385399204,4,qEHVI,0.1,0.1,0.7000000000000001,0.0,0.0,0.0,0.1
27,2,4,1,False,0.014379855868599236,0.055010451794367476,0,qEHVI,0.05,0.15000000000000002,0.65,0.05,0.0,0.0,0.1
27,2,4,1,False,0.014379855868599236,0.055010451794367476,1,qEHVI,0.30000000000000004,0.1,0.6000000000000001,0.0,0.0,0.0,0.0
27,2,4,1,False,0.014379855868599236,0.055010451794367476,2,qEHVI,0.35000000000000003,0.30000000000000004,0.2,0.1,0.0,0.05,0.0
27,2,4,1,False,0.014379855868599236,0.055010451794367476,3,qEHVI,0.1,0.1,0.7000000000000001,0.0,0.0,0.0,0.1
27,2,4,1,False,0.014379855868599236,0.055010451794367476,4,qUCB,0.0,0.0,0.30000000000000004,0.1,0.1,0.45,0.05
27,3,3,2,False,0.014410593424962785,0.22487501677211075,0,qEHVI,0.05,0.15000000000000002,0.65,0.05,0.0,0.0,0.1
27,3,3,2,False,0.014410593424962785,0.22487501677211075,1,qEHVI,0.35000000000000003,0.30000000000000004,0.2,0.1,0.0,0.05,0.0
27,3,3,2,False,0.014410593424962785,0.22487501677211075,2,qEHVI,0.30000000000000004,0.1,0.6000000000000001,0.0,0.0,0.0,0.0
27,3,3,2,False,0.014410593424962785,0.22487501677211075,3,qUCB,0.0,0.0,0.30000000000000004,0.1,0.1,0.45,0.05
27,3,3,2,False,0.014410593424962785,0.22487501677211075,4,qUCB,0.0,0.25,0.2,0.0,0.0,0.45,0.1
27,4,2,3,False,0.00949457623439014,0.1466449920159567,0,qEHVI,0.05,0.15000000000000002,0.65,0.05,0.0,0.0,0.1
27,4,2,3,False,0.00949457623439014,0.1466449920159567,1,qEHVI,0.35000000000000003,0.30000000000000004,0.2,0.1,0.0,0.05,0.0
27,4,2,3,False,0.00949457623439014,0.1466449920159567,2,qUCB,0.0,0.0,0.30000000000000004,0.1,0.1,0.45,0.05
27,4,2,3,False,0.00949457623439014,0.1466449920159567,3,qUCB,0.0,0.25,0.2,0.0,0.0,0.45,0.1
27,4,2,3,False,0.00949457623439014,0.1466449920159567,4,qUCB,0.1,0.0,0.2,0.1,0.1,0.4,0.1
27,5,1,4,False,0.011451117631831972,0.012975875853519447,0,qEHVI,0.05,0.15000000000000002,0.65,0.05,0.0,0.0,0.1
27,5,1,4,False,0.011451117631831972,0.012975875853519447,1,qUCB,0.35000000000000003,0.30000000000000004,0.2,0.1,0.0,0.05,0.0
27,5,1,4,False,0.011451117631831972,0.012975875853519447,2,qUCB,0.35000000000000003,0.0,0.2,0.0,0.0,0.45,0.0
27,5,1,4,False,0.011451117631831972,0.012975875853519447,3,qUCB,0.15000000000000002,0.0,0.2,0.1,0.1,0.45,0.0
27,5,1,4,False,0.011451117631831972,0.012975875853519447,4,qUCB,0.0,0.25,0.2,0.0,0.0,0.45,0.1
27,6,0,5,False,0.007834817779401813,0.02987607087914146,0,qUCB,0.05,0.05,0.7000000000000001,0.05,0.0,0.05,0.1
27,6,0,5,False,0.007834817779401813,0.02987607087914146,1,qUCB,0.35000000000000003,0.0,0.2,0.0,0.0,0.45,0.0
27,6,0,5,False,0.007834817779401813,0.02987607087914146,2,qUCB,0.0,0.25,0.2,0.0,0.0,0.45,0.1
27,6,0,5,False,0.007834817779401813,0.02987607087914146,3,qUCB,0.0,0.0,0.7000000000000001,0.1,0.1,0.1,0.0
27,6,0,5,False,0.007834817779401813,0.02987607087914146,4,qUCB,0.2,0.0,0.2,0.05,0.1,0.45,0.0
28,1,5,0,True,0.020047912095457223,0.32657976356638585,0,qEHVI,0.1,0.05,0.65,0.1,0.0,0.0,0.1
28,1,5,0,True,0.020047912095457223,0.32657976356638585,1,qEHVI,0.15000000000000002,0.1,0.65,0.05,0.0,0.05,0.0
28,1,5,0,True,0.020047912095457223,0.32657976356638585,2,qEHVI,0.2,0.1,0.6000000000000001,0.1,0.0,0.0,0.0
28,1,5,0,True,0.020047912095457223,0.32657976356638585,3,qEHVI,0.0,0.05,0.65,0.0,0.0,0.2,0.1
28,1,5,0,True,0.020047912095457223,0.32657976356638585,4,qEHVI,0.05,0.25,0.55,0.1,0.0,0.0,0.05
28,2,4,1,False,0.018951684203460512,0.2598280823106105,0,qEHVI,0.1,0.05,0.65,0.1,0.0,0.0,0.1
28,2,4,1,False,0.018951684203460512,0.2598280823106105,1,qEHVI,0.15000000000000002,0.1,0.65,0.05,0.0,0.05,0.0
28,2,4,1,False,0.018951684203460512,0.2598280823106105,2,qEHVI,0.2,0.1,0.6000000000000001,0.1,0.0,0.0,0.0
28,2,4,1,False,0.018951684203460512,0.2598280823106105,3,qEHVI,0.0,0.05,0.65,0.0,0.0,0.2,0.1
28,2,4,1,False,0.018951684203460512,0.2598280823106105,4,qUCB,0.0,0.05,0.2,0.1,0.1,0.45,0.1
28,3,3,2,False,0.017603648379317487,0.04837479233633957,0,qEHVI,0.1,0.05,0.65,0.1,0.0,0.0,0.1
28,3,3,2,False,0.017603648379317487,0.04837479233633957,1,qEHVI,0.15000000000000002,0.1,0.65,0.05,0.0,0.05,0.0
28,3,3,2,False,0.017603648379317487,0.04837479233633957,2,qEHVI,0.2,0.1,0.6000000000000001,0.1,0.0,0.0,0.0
28,3,3,2,False,0.017603648379317487,0.04837479233633957,3,qUCB,0.0,0.05,0.30000000000000004,0.0,0.1,0.45,0.1
28,3,3,2,False,0.017603648379317487,0.04837479233633957,4,qUCB,0.0,0.30000000000000004,0.2,0.0,0.0,0.4,0.1
28,4,2,3,False,0.015511247424652378,0.029824226356620187,0,qEHVI,0.1,0.05,0.65,0.1,0.0,0.0,0.1
28,4,2,3,False,0.015511247424652378,0.029824226356620187,1,qEHVI,0.15000000000000002,0.1,0.65,0.05,0.0,0.05,0.0
28,4,2,3,False,0.015511247424652378,0.029824226356620187,2,qUCB,0.0,0.05,0.30000000000000004,0.0,0.1,0.45,0.1
28,4,2,3,False,0.015511247424652378,0.029824226356620187,3,qUCB,0.0,0.30000000000000004,0.2,0.0,0.0,0.4,0.1
28,4,2,3,False,0.015511247424652378,0.029824226356620187,4,qUCB,0.1,0.05,0.2,0.0,0.1,0.45,0.1
28,5,1,4,False,0.00902980054354898,0.07773071475336657,0,qEHVI,0.1,0.05,0.65,0.1,0.0,0.0,0.1
28,5,1,4,False,0.00902980054354898,0.07773071475336657,1,qUCB,0.2,0.5,0.2,0.0,0.0,0.1,0.0
28,5,1,4,False,0.00902980054354898,0.07773071475336657,2,qUCB,0.30000000000000004,0.0,0.2,0.0,0.05,0.45,0.0
28,5,1,4,False,0.00902980054354898,0.07773071475336657,3,qUCB,0.0,0.30000000000000004,0.2,0.0,0.0,0.4,0.1
28,5,1,4,False,0.00902980054354898,0.07773071475336657,4,qUCB,0.15000000000000002,0.0,0.30000000000000004,0.0,0.1,0.45,0.0
28,6,0,5,False,0.005387831860230042,0.0339242436041749,0,qUCB,0.0,0.05,0.7000000000000001,0.05,0.0,0.1,0.1
28,6,0,5,False,0.005387831860230042,0.0339242436041749,1,qUCB,0.0,0.30000000000000004,0.2,0.0,0.0,0.4,0.1
28,6,0,5,False,0.005387831860230042,0.0339242436041749,2,qUCB,0.30000000000000004,0.0,0.2,0.0,0.05,0.45,0.0
28,6,0,5,False,0.005387831860230042,0.0339242436041749,3,qUCB,0.0,0.0,0.55,0.05,0.1,0.30000000000000004,0.0
28,6,0,5,False,0.005387831860230042,0.0339242436041749,4,qUCB,0.0,0.0,0.7000000000000001,0.05,0.1,0.15000000000000002,0.0
29,1,5,0,True,0.2329784473909188,0.2116145081442493,0,qEHVI,0.35000000000000003,0.2,0.35000000000000003,0.1,0.0,0.0,0.0
29,1,5,0,True,0.2329784473909188,0.2116145081442493,1,qEHVI,0.0,0.05,0.4,0.1,0.0,0.45,0.0
29,1,5,0,True,0.2329784473909188,0.2116145081442493,2,qEHVI,0.15000000000000002,0.0,0.5,0.0,0.0,0.35000000000000003,0.0
29,1,5,0,True,0.2329784473909188,0.2116145081442493,3,qEHVI,0.05,0.0,0.4,0.0,0.1,0.45,0.0
29,1,5,0,True,0.2329784473909188,0.2116145081442493,4,qEHVI,0.1,0.0,0.55,0.0,0.0,0.30000000000000004,0.05
29,2,4,1,False,0.21154599192703222,0.10534658967393717,0,qEHVI,0.35000000000000003,0.2,0.35000000000000003,0.1,0.0,0.0,0.0
29,2,4,1,False,0.21154599192703222,0.10534658967393717,1,qEHVI,0.0,0.05,0.4,0.1,0.0,0.45,0.0
29,2,4,1,False,0.21154599192703222,0.10534658967393717,2,qEHVI,0.15000000000000002,0.0,0.5,0.0,0.0,0.35000000000000003,0.0
29,2,4,1,False,0.21154599192703222,0.10534658967393717,3,qEHVI,0.1,0.0,0.55,0.0,0.0,0.30000000000000004,0.05
29,2,4,1,False,0.21154599192703222,0.10534658967393717,4,qUCB,0.0,0.35000000000000003,0.35000000000000003,0.1,0.1,0.0,0.1
29,3,3,2,False,0.19742278171594546,0.1772360760599021,0,qEHVI,0.35000000000000003,0.2,0.35000000000000003,0.1,0.0,0.0,0.0
29,3,3,2,False,0.19742278171594546,0.1772360760599021,1,qEHVI,0.0,0.05,0.4,0.1,0.0,0.45,0.0
29,3,3,2,False,0.19742278171594546,0.1772360760599021,2,qEHVI,0.15000000000000002,0.0,0.5,0.0,0.0,0.35000000000000003,0.0
29,3,3,2,False,0.19742278171594546,0.1772360760599021,3,qUCB,0.0,0.45,0.35000000000000003,0.0,0.1,0.0,0.1
29,3,3,2,False,0.19742278171594546,0.1772360760599021,4,qUCB,0.0,0.5,0.2,0.0,0.1,0.2,0.0
29,4,2,3,False,0.17871182182459447,0.011225734627076989,0,qEHVI,0.35000000000000003,0.2,0.35000000000000003,0.1,0.0,0.0,0.0
29,4,2,3,False,0.17871182182459447,0.011225734627076989,1,qEHVI,0.0,0.05,0.4,0.1,0.0,0.45,0.0
29,4,2,3,False,0.17871182182459447,0.011225734627076989,2,qUCB,0.0,0.4,0.4,0.0,0.1,0.0,0.1
29,4,2,3,False,0.17871182182459447,0.011225734627076989,3,qUCB,0.0,0.5,0.2,0.0,0.1,0.2,0.0
29,4,2,3,False,0.17871182182459447,0.011225734627076989,4,qUCB,0.0,0.45,0.2,0.0,0.1,0.15000000000000002,0.1
29,5,1,4,False,0.16680170340935055,0.16831020623113346,0,qEHVI,0.35000000000000003,0.2,0.35000000000000003,0.1,0.0,0.0,0.0
29,5,1,4,False,0.16680170340935055,0.16831020623113346,1,qUCB,0.05,0.0,0.4,0.0,0.1,0.45,0.0
29,5,1,4,False,0.16680170340935055,0.16831020623113346,2,qUCB,0.0,0.0,0.4,0.0,0.05,0.45,0.1
29,5,1,4,False,0.16680170340935055,0.16831020623113346,3,qUCB,0.0,0.30000000000000004,0.2,0.0,0.1,0.30000000000000004,0.1
29,5,1,4,False,0.16680170340935055,0.16831020623113346,4,qUCB,0.05,0.0,0.5,0.0,0.1,0.35000000000000003,0.0
29,6,0,5,False,0.23901834514356077,0.14815465777382997,0,qUCB,0.0,0.05,0.4,0.1,0.0,0.45,0.0
29,6,0,5,False,0.23901834514356077,0.14815465777382997,1,qUCB,0.35000000000000003,0.2,0.35000000000000003,0.1,0.0,0.0,0.0
29,6,0,5,False,0.23901834514356077,0.14815465777382997,2,qUCB,0.15000000000000002,0.0,0.5,0.0,0.0,0.35000000000000003,0.0
29,6,0,5,False,0.23901834514356077,0.14815465777382997,3,qUCB,0.2,0.0,0.35000000000000003,0.0,0.0,0.45,0.0
29,6,0,5,False,0.23901834514356077,0.14815465777382997,4,qUCB,0.0,0.0,0.4,0.05,0.1,0.45,0.0
30,1,5,0,True,0.10403828604469223,0.07249707589682597,0,qEHVI,0.1,0.0,0.4,0.0,0.0,0.4,0.1
30,1,5,0,True,0.10403828604469223,0.07249707589682597,1,qEHVI,0.1,0.5,0.30000000000000004,0.1,0.0,0.0,0.0
30,1,5,0,True,0.10403828604469223,0.07249707589682597,2,qEHVI,0.0,0.5,0.30000000000000004,0.1,0.1,0.0,0.0
30,1,5,0,True,0.10403828604469223,0.07249707589682597,3,qEHVI,0.0,0.5,0.2,0.1,0.05,0.15000000000000002,0.0
30,1,5,0,True,0.10403828604469223,0.07249707589682597,4,qEHVI,0.0,0.0,0.55,0.0,0.1,0.35000000000000003,0.0
30,2,4,1,False,0.08421814588996548,0.06444830936596357,0,qEHVI,0.1,0.0,0.4,0.0,0.0,0.4,0.1
30,2,4,1,False,0.08421814588996548,0.06444830936596357,1,qEHVI,0.1,0.5,0.30000000000000004,0.1,0.0,0.0,0.0
30,2,4,1,False,0.08421814588996548,0.06444830936596357,2,qEHVI,0.0,0.5,0.2,0.1,0.05,0.15000000000000002,0.0
30,2,4,1,False,0.08421814588996548,0.06444830936596357,3,qEHVI,0.0,0.5,0.30000000000000004,0.1,0.1,0.0,0.0
30,2,4,1,False,0.08421814588996548,0.06444830936596357,4,qUCB,0.2,0.0,0.7000000000000001,0.0,0.1,0.0,0.0
30,3,3,2,False,0.08911279767039601,0.25269595340888085,0,qEHVI,0.1,0.0,0.4,0.0,0.0,0.4,0.1
30,3,3,2,False,0.08911279767039601,0.25269595340888085,1,qEHVI,0.1,0.5,0.30000000000000004,0.1,0.0,0.0,0.0
30,3,3,2,False,0.08911279767039601,0.25269595340888085,2,qEHVI,0.0,0.5,0.2,0.1,0.05,0.15000000000000002,0.0
30,3,3,2,False,0.08911279767039601,0.25269595340888085,3,qUCB,0.2,0.0,0.7000000000000001,0.0,0.1,0.0,0.0
30,3,3,2,False,0.08911279767039601,0.25269595340888085,4,qUCB,0.35000000000000003,0.05,0.4,0.0,0.1,0.1,0.0
30,4,2,3,False,0.07435036380568363,0.14000857988654936,0,qEHVI,0.1,0.5,0.30000000000000004,0.1,0.0,0.0,0.0
30,4,2,3,False,0.07435036380568363,0.14000857988654936,1,qEHVI,0.1,0.0,0.4,0.0,0.0,0.4,0.1
30,4,2,3,False,0.07435036380568363,0.14000857988654936,2,qUCB,0.0,0.0,0.7000000000000001,0.1,0.1,0.1,0.0
30,4,2,3,False,0.07435036380568363,0.14000857988654936,3,qUCB,0.35000000000000003,0.05,0.4,0.0,0.1,0.1,0.0
30,4,2,3,False,0.07435036380568363,0.14000857988654936,4,qUCB,0.0,0.4,0.4,0.0,0.1,0.0,0.1
30,5,1,4,False,0.10194558967100668,0.05135872146674636,0,qEHVI,0.1,0.0,0.4,0.0,0.0,0.4,0.1
30,5,1,4,False,0.10194558967100668,0.05135872146674636,1,qUCB,0.0,0.5,0.30000000000000004,0.1,0.1,0.0,0.0
30,5,1,4,False,0.10194558967100668,0.05135872146674636,2,qUCB,0.0,0.5,0.2,0.1,0.1,0.1,0.0
30,5,1,4,False,0.10194558967100668,0.05135872146674636,3,qUCB,0.1,0.5,0.30000000000000004,0.1,0.0,0.0,0.0
30,5,1,4,False,0.10194558967100668,0.05135872146674636,4,qUCB,0.0,0.45,0.2,0.1,0.05,0.2,0.0
30,6,0,5,False,0.09671039234583327,0.10283862085645445,0,qUCB,0.1,0.0,0.4,0.0,0.0,0.4,0.1
30,6,0,5,False,0.09671039234583327,0.10283862085645445,1,qUCB,0.0,0.5,0.2,0.1,0.05,0.15000000000000002,0.0
30,6,0,5,False,0.09671039234583327,0.10283862085645445,2,qUCB,0.1,0.5,0.30000000000000004,0.1,0.0,0.0,0.0
30,6,0,5,False,0.09671039234583327,0.10283862085645445,3,qUCB,0.0,0.35000000000000003,0.2,0.05,0.0,0.30000000000000004,0.1
30,6,0,5,False,0.09671039234583327,0.10283862085645445,4,qUCB,0.0,0.0,0.55,0.0,0.1,0.35000000000000003,0.0
31,1,5,0,True,0.01565728043200475,0.07705536407134694,0,qEHVI,0.2,0.1,0.65,0.0,0.0,0.0,0.05
31,1,5,0,True,0.01565728043200475,0.07705536407134694,1,qEHVI,0.0,0.0,0.65,0.0,0.0,0.30000000000000004,0.05
31,1,5,0,True,0.01565728043200475,0.07705536407134694,2,qEHVI,0.05,0.15000000000000002,0.6000000000000001,0.1,0.0,0.0,0.1
31,1,5,0,True,0.01565728043200475,0.07705536407134694,3,qEHVI,0.05,0.0,0.6000000000000001,0.0,0.0,0.25,0.1
31,1,5,0,True,0.01565728043200475,0.07705536407134694,4,qEHVI,0.15000000000000002,0.0,0.7000000000000001,0.05,0.0,0.0,0.1
31,2,4,1,False,0.013422839223346443,0.060458957630561194,0,qEHVI,0.2,0.1,0.65,0.0,0.0,0.0,0.05
31,2,4,1,False,0.013422839223346443,0.060458957630561194,1,qEHVI,0.0,0.0,0.65,0.0,0.0,0.30000000000000004,0.05
31,2,4,1,False,0.013422839223346443,0.060458957630561194,2,qEHVI,0.05,0.15000000000000002,0.6000000000000001,0.1,0.0,0.0,0.1
31,2,4,1,False,0.013422839223346443,0.060458957630561194,3,qEHVI,0.05,0.0,0.6000000000000001,0.0,0.0,0.25,0.1
31,2,4,1,False,0.013422839223346443,0.060458957630561194,4,qUCB,0.0,0.05,0.2,0.1,0.1,0.45,0.1
31,3,3,2,False,0.010843132150983514,0.0923326739888779,0,qEHVI,0.2,0.1,0.65,0.0,0.0,0.0,0.05
31,3,3,2,False,0.010843132150983514,0.0923326739888779,1,qEHVI,0.0,0.0,0.65,0.0,0.0,0.30000000000000004,0.05
31,3,3,2,False,0.010843132150983514,0.0923326739888779,2,qEHVI,0.05,0.0,0.6000000000000001,0.0,0.0,0.25,0.1
31,3,3,2,False,0.010843132150983514,0.0923326739888779,3,qUCB,0.2,0.45,0.2,0.1,0.0,0.05,0.0
31,3,3,2,False,0.010843132150983514,0.0923326739888779,4,qUCB,0.0,0.5,0.2,0.1,0.0,0.1,0.1
31,4,2,3,False,0.008449946031553753,0.09102508970165357,0,qEHVI,0.2,0.1,0.65,0.0,0.0,0.0,0.05
31,4,2,3,False,0.008449946031553753,0.09102508970165357,1,qEHVI,0.0,0.0,0.65,0.0,0.0,0.30000000000000004,0.05
31,4,2,3,False,0.008449946031553753,0.09102508970165357,2,qUCB,0.0,0.05,0.2,0.1,0.1,0.45,0.1
31,4,2,3,False,0.008449946031553753,0.09102508970165357,3,qUCB,0.0,0.5,0.2,0.1,0.0,0.1,0.1
31,4,2,3,False,0.008449946031553753,0.09102508970165357,4,qUCB,0.35000000000000003,0.0,0.2,0.0,0.0,0.45,0.0
31,5,1,4,False,0.004940956184206201,0.03413354917097389,0,qEHVI,0.2,0.1,0.65,0.0,0.0,0.0,0.05
31,5,1,4,False,0.004940956184206201,0.03413354917097389,1,qUCB,0.0,0.05,0.2,0.1,0.1,0.45,0.1
31,5,1,4,False,0.004940956184206201,0.03413354917097389,2,qUCB,0.0,0.25,0.2,0.0,0.0,0.45,0.1
31,5,1,4,False,0.004940956184206201,0.03413354917097389,3,qUCB,0.35000000000000003,0.0,0.2,0.0,0.0,0.45,0.0
31,5,1,4,False,0.004940956184206201,0.03413354917097389,4,qUCB,0.0,0.0,0.30000000000000004,0.1,0.1,0.45,0.05
31,6,0,5,False,0.008248317449173499,0.7718411242448322,0,qUCB,0.0,0.05,0.7000000000000001,0.05,0.0,0.1,0.1
31,6,0,5,False,0.008248317449173499,0.7718411242448322,1,qUCB,0.0,0.25,0.2,0.0,0.0,0.45,0.1
31,6,0,5,False,0.008248317449173499,0.7718411242448322,2,qUCB,0.35000000000000003,0.0,0.2,0.0,0.0,0.45,0.0
31,6,0,5,False,0.008248317449173499,0.7718411242448322,3,qUCB,0.0,0.35000000000000003,0.2,0.0,0.0,0.35000000000000003,0.1
31,6,0,5,False,0.008248317449173499,0.7718411242448322,4,qUCB,0.0,0.0,0.65,0.0,0.0,0.30000000000000004,0.05
32,1,5,0,True,0.05274428208568646,0.21978659201226503,0,qEHVI,0.35000000000000003,0.15000000000000002,0.30000000000000004,0.1,0.0,0.1,0.0
32,1,5,0,True,0.05274428208568646,0.21978659201226503,1,qEHVI,0.2,0.30000000000000004,0.4,0.1,0.0,0.0,0.0
32,1,5,0,True,0.05274428208568646,0.21978659201226503,2,qEHVI,0.35000000000000003,0.2,0.30000000000000004,0.1,0.0,0.0,0.05
32,1,5,0,True,0.05274428208568646,0.21978659201226503,3,qEHVI,0.0,0.35000000000000003,0.4,0.05,0.1,0.0,0.1
32,1,5,0,True,0.05274428208568646,0.21978659201226503,4,qEHVI,0.05,0.35000000000000003,0.4,0.1,0.0,0.0,0.1
32,2,4,1,False,0.04374367177740669,0.1444409950807195,0,qEHVI,0.35000000000000003,0.15000000000000002,0.30000000000000004,0.1,0.0,0.1,0.0
32,2,4,1,False,0.04374367177740669,0.1444409950807195,1,qEHVI,0.35000000000000003,0.0,0.4,0.1,0.0,0.15000000000000002,0.0
32,2,4,1,False,0.04374367177740669,0.1444409950807195,2,qEHVI,0.2,0.30000000000000004,0.4,0.1,0.0,0.0,0.0
32,2,4,1,False,0.04374367177740669,0.1444409950807195,3,qEHVI,0.35000000000000003,0.15000000000000002,0.35000000000000003,0.05,0.0,0.1,0.0
32,2,4,1,False,0.04374367177740669,0.1444409950807195,4,qUCB,0.0,0.0,0.7000000000000001,0.0,0.1,0.15000000000000002,0.05
32,3,3,2,False,0.042355524909293264,0.0883336354830897,0,qEHVI,0.35000000000000003,0.15000000000000002,0.30000000000000004,0.1,0.0,0.1,0.0
32,3,3,2,False,0.042355524909293264,0.0883336354830897,1,qEHVI,0.2,0.30000000000000004,0.4,0.1,0.0,0.0,0.0
32,3,3,2,False,0.042355524909293264,0.0883336354830897,2,qEHVI,0.0,0.35000000000000003,0.4,0.05,0.1,0.0,0.1
32,3,3,2,False,0.042355524909293264,0.0883336354830897,3,qUCB,0.0,0.0,0.65,0.0,0.0,0.35000000000000003,0.0
32,3,3,2,False,0.042355524909293264,0.0883336354830897,4,qUCB,0.0,0.15000000000000002,0.2,0.1,0.0,0.45,0.1
32,4,2,3,False,0.04169012899187366,0.009982391242113309,0,qEHVI,0.35000000000000003,0.15000000000000002,0.30000000000000004,0.1,0.0,0.1,0.0
32,4,2,3,False,0.04169012899187366,0.009982391242113309,1,qEHVI,0.2,0.30000000000000004,0.4,0.1,0.0,0.0,0.0
32,4,2,3,False,0.04169012899187366,0.009982391242113309,2,qUCB,0.0,0.05,0.30000000000000004,0.0,0.1,0.45,0.1
32,4,2,3,False,0.04169012899187366,0.009982391242113309,3,qUCB,0.0,0.25,0.2,0.0,0.0,0.45,0.1
32,4,2,3,False,0.04169012899187366,0.009982391242113309,4,qUCB,0.0,0.4,0.4,0.0,0.1,0.0,0.1
32,5,1,4,False,0.0343678118894376,0.08998794773730623,0,qEHVI,0.35000000000000003,0.15000000000000002,0.30000000000000004,0.1,0.0,0.1,0.0
32,5,1,4,False,0.0343678118894376,0.08998794773730623,1,qUCB,0.0,0.15000000000000002,0.7000000000000001,0.0,0.0,0.05,0.1
32,5,1,4,False,0.0343678118894376,0.08998794773730623,2,qUCB,0.0,0.4,0.4,0.0,0.1,0.0,0.1
32,5,1,4,False,0.0343678118894376,0.08998794773730623,3,qUCB,0.0,0.25,0.2,0.0,0.0,0.45,0.1
32,5,1,4,False,0.0343678118894376,0.08998794773730623,4,qUCB,0.0,0.0,0.7000000000000001,0.0,0.1,0.15000000000000002,0.05
32,6,0,5,False,0.021479035181484214,0.011494081649575882,0,qUCB,0.0,0.0,0.6000000000000001,0.05,0.0,0.25,0.1
32,6,0,5,False,0.021479035181484214,0.011494081649575882,1,qUCB,0.35000000000000003,0.0,0.4,0.1,0.0,0.15000000000000002,0.0
32,6,0,5,False,0.021479035181484214,0.011494081649575882,2,qUCB,0.0,0.35000000000000003,0.4,0.05,0.1,0.0,0.1
32,6,0,5,False,0.021479035181484214,0.011494081649575882,3,qUCB,0.0,0.15000000000000002,0.2,0.1,0.0,0.45,0.1
32,6,0,5,False,0.021479035181484214,0.011494081649575882,4,qUCB,0.2,0.0,0.30000000000000004,0.05,0.0,0.45,0.0
33,1,5,0,True,0.010418736308204172,0.07597923788187622,0,qEHVI,0.0,0.1,0.65,0.1,0.0,0.05,0.1
33,1,5,0,True,0.010418736308204172,0.07597923788187622,1,qEHVI,0.25,0.05,0.65,0.0,0.0,0.0,0.05
33,1,5,0,True,0.010418736308204172,0.07597923788187622,2,qEHVI,0.0,0.0,0.7000000000000001,0.0,0.0,0.25,0.05
33,1,5,0,True,0.010418736308204172,0.07597923788187622,3,qEHVI,0.35000000000000003,0.0,0.2,0.0,0.0,0.45,0.0
33,1,5,0,True,0.010418736308204172,0.07597923788187622,4,qEHVI,0.0,0.2,0.7000000000000001,0.05,0.0,0.0,0.05
33,2,4,1,False,0.01011831759845014,0.14672564974929259,0,qEHVI,0.0,0.1,0.65,0.1,0.0,0.05,0.1
33,2,4,1,False,0.01011831759845014,0.14672564974929259,1,qEHVI,0.25,0.05,0.65,0.0,0.0,0.0,0.05
33,2,4,1,False,0.01011831759845014,0.14672564974929259,2,qEHVI,0.0,0.0,0.7000000000000001,0.0,0.0,0.25,0.05
33,2,4,1,False,0.01011831759845014,0.14672564974929259,3,qEHVI,0.0,0.2,0.7000000000000001,0.05,0.0,0.0,0.05
33,2,4,1,False,0.01011831759845014,0.14672564974929259,4,qUCB,0.05,0.0,0.2,0.1,0.1,0.45,0.1
33,3,3,2,False,0.008169735109654252,0.12122718014817213,0,qEHVI,0.0,0.1,0.65,0.1,0.0,0.05,0.1
33,3,3,2,False,0.008169735109654252,0.12122718014817213,1,qEHVI,0.25,0.05,0.65,0.0,0.0,0.0,0.05
33,3,3,2,False,0.008169735109654252,0.12122718014817213,2,qEHVI,0.0,0.0,0.7000000000000001,0.0,0.0,0.25,0.05
33,3,3,2,False,0.008169735109654252,0.12122718014817213,3,qUCB,0.2,0.5,0.2,0.1,0.0,0.0,0.0
33,3,3,2,False,0.008169735109654252,0.12122718014817213,4,qUCB,0.05,0.0,0.2,0.1,0.1,0.45,0.1
33,4,2,3,False,0.0056084219545578335,0.11219766658662467,0,qEHVI,0.0,0.1,0.65,0.1,0.0,0.05,0.1
33,4,2,3,False,0.0056084219545578335,0.11219766658662467,1,qEHVI,0.25,0.05,0.65,0.0,0.0,0.0,0.05
33,4,2,3,False,0.0056084219545578335,0.11219766658662467,2,qUCB,0.2,0.5,0.2,0.1,0.0,0.0,0.0
33,4,2,3,False,0.0056084219545578335,0.11219766658662467,3,qUCB,0.05,0.1,0.2,0.0,0.1,0.45,0.1
33,4,2,3,False,0.0056084219545578335,0.11219766658662467,4,qUCB,0.25,0.0,0.2,0.0,0.1,0.45,0.0
33,5,1,4,False,0.0028830117046478544,0.07496111082168821,0,qEHVI,0.0,0.1,0.65,0.1,0.0,0.05,0.1
33,5,1,4,False,0.0028830117046478544,0.07496111082168821,1,qUCB,0.30000000000000004,0.45,0.2,0.0,0.0,0.05,0.0
33,5,1,4,False,0.0028830117046478544,0.07496111082168821,2,qUCB,0.35000000000000003,0.0,0.2,0.0,0.0,0.45,0.0
33,5,1,4,False,0.0028830117046478544,0.07496111082168821,3,qUCB,0.25,0.0,0.2,0.0,0.1,0.45,0.0
33,5,1,4,False,0.0028830117046478544,0.07496111082168821,4,qUCB,0.35000000000000003,0.0,0.2,0.0,0.1,0.35000000000000003,0.0
33,6,0,5,False,0.004740611550822344,0.004490821198364248,0,qUCB,0.0,0.05,0.7000000000000001,0.05,0.0,0.1,0.1
33,6,0,5,False,0.004740611550822344,0.004490821198364248,1,qUCB,0.35000000000000003,0.0,0.2,0.0,0.0,0.45,0.0
33,6,0,5,False,0.004740611550822344,0.004490821198364248,2,qUCB,0.0,0.30000000000000004,0.2,0.0,0.0,0.4,0.1
33,6,0,5,False,0.004740611550822344,0.004490821198364248,3,qUCB,0.05,0.0,0.2,0.1,0.1,0.45,0.1
33,6,0,5,False,0.004740611550822344,0.004490821198364248,4,qUCB,0.0,0.1,0.7000000000000001,0.1,0.0,0.0,0.1
34,1,5,0,True,0.011795832247410744,0.4054442893908554,0,qEHVI,0.05,0.1,0.6000000000000001,0.1,0.0,0.05,0.1
34,1,5,0,True,0.011795832247410744,0.4054442893908554,1,qEHVI,0.35000000000000003,0.05,0.6000000000000001,0.0,0.0,0.0,0.0
34,1,5,0,True,0.011795832247410744,0.4054442893908554,2,qEHVI,0.0,0.05,0.65,0.1,0.0,0.1,0.1
34,1,5,0,True,0.011795832247410744,0.4054442893908554,3,qEHVI,0.1,0.0,0.7000000000000001,0.1,0.0,0.1,0.0
34,1,5,0,True,0.011795832247410744,0.4054442893908554,4,qEHVI,0.35000000000000003,0.0,0.6000000000000001,0.0,0.0,0.0,0.05
34,2,4,1,False,0.010047129395720495,0.11337136642463719,0,qEHVI,0.05,0.1,0.6000000000000001,0.1,0.0,0.05,0.1
34,2,4,1,False,0.010047129395720495,0.11337136642463719,1,qEHVI,0.35000000000000003,0.05,0.6000000000000001,0.0,0.0,0.0,0.0
34,2,4,1,False,0.010047129395720495,0.11337136642463719,2,qEHVI,0.0,0.05,0.65,0.1,0.0,0.1,0.1
34,2,4,1,False,0.010047129395720495,0.11337136642463719,3,qEHVI,0.35000000000000003,0.0,0.6000000000000001,0.0,0.0,0.0,0.05
34,2,4,1,False,0.010047129395720495,0.11337136642463719,4,qUCB,0.0,0.0,0.4,0.0,0.1,0.45,0.05
34,3,3,2,False,0.007583315523780359,0.14309200616301165,0,qEHVI,0.05,0.1,0.6000000000000001,0.1,0.0,0.05,0.1
34,3,3,2,False,0.007583315523780359,0.14309200616301165,1,qEHVI,0.35000000000000003,0.0,0.6000000000000001,0.0,0.0,0.0,0.05
34,3,3,2,False,0.007583315523780359,0.14309200616301165,2,qEHVI,0.0,0.05,0.65,0.1,0.0,0.1,0.1
34,3,3,2,False,0.007583315523780359,0.14309200616301165,3,qUCB,0.0,0.0,0.4,0.0,0.1,0.45,0.05
34,3,3,2,False,0.007583315523780359,0.14309200616301165,4,qUCB,0.0,0.2,0.2,0.0,0.1,0.4,0.1
34,4,2,3,False,0.005408496505565793,0.016533799018860762,0,qEHVI,0.05,0.1,0.6000000000000001,0.1,0.0,0.05,0.1
34,4,2,3,False,0.005408496505565793,0.016533799018860762,1,qEHVI,0.35000000000000003,0.0,0.6000000000000001,0.0,0.0,0.0,0.05
34,4,2,3,False,0.005408496505565793,0.016533799018860762,2,qUCB,0.0,0.0,0.4,0.0,0.1,0.45,0.05
34,4,2,3,False,0.005408496505565793,0.016533799018860762,3,qUCB,0.0,0.2,0.2,0.0,0.1,0.4,0.1
34,4,2,3,False,0.005408496505565793,0.016533799018860762,4,qUCB,0.05,0.0,0.30000000000000004,0.0,0.1,0.45,0.1
34,5,1,4,False,0.0029219019130601997,0.01365183976929707,0,qEHVI,0.05,0.1,0.6000000000000001,0.1,0.0,0.05,0.1
34,5,1,4,False,0.0029219019130601997,0.01365183976929707,1,qUCB,0.30000000000000004,0.45,0.2,0.0,0.0,0.05,0.0
34,5,1,4,False,0.0029219019130601997,0.01365183976929707,2,qUCB,0.35000000000000003,0.30000000000000004,0.2,0.0,0.1,0.05,0.0
34,5,1,4,False,0.0029219019130601997,0.01365183976929707,3,qUCB,0.0,0.2,0.2,0.0,0.1,0.4,0.1
34,5,1,4,False,0.0029219019130601997,0.01365183976929707,4,qUCB,0.0,0.0,0.7000000000000001,0.0,0.1,0.2,0.0
34,6,0,5,False,0.0035602546800239314,0.12469957542492871,0,qUCB,0.0,0.05,0.65,0.1,0.0,0.1,0.1
34,6,0,5,False,0.0035602546800239314,0.12469957542492871,1,qUCB,0.0,0.0,0.7000000000000001,0.1,0.1,0.1,0.0
34,6,0,5,False,0.0035602546800239314,0.12469957542492871,2,qUCB,0.0,0.35000000000000003,0.2,0.0,0.0,0.35000000000000003,0.1
34,6,0,5,False,0.0035602546800239314,0.12469957542492871,3,qUCB,0.0,0.0,0.55,0.1,0.1,0.15000000000000002,0.1
34,6,0,5,False,0.0035602546800239314,0.12469957542492871,4,qUCB,0.1,0.0,0.2,0.1,0.1,0.4,0.1
35,1,5,0,True,0.010287638583505298,0.04898485401544228,0,qEHVI,0.30000000000000004,0.05,0.65,0.0,0.0,0.0,0.0
35,1,5,0,True,0.010287638583505298,0.04898485401544228,1,qEHVI,0.1,0.1,0.65,0.0,0.0,0.05,0.1
35,1,5,0,True,0.010287638583505298,0.04898485401544228,2,qEHVI,0.05,0.0,0.6000000000000001,0.05,0.0,0.2,0.1
35,1,5,0,True,0.010287638583505298,0.04898485401544228,3,qEHVI,0.30000000000000004,0.0,0.65,0.0,0.0,0.0,0.05
35,1,5,0,True,0.010287638583505298,0.04898485401544228,4,qEHVI,0.0,0.0,0.6000000000000001,0.0,0.0,0.35000000000000003,0.05
35,2,4,1,False,0.008731375517254074,0.16543825434529147,0,qEHVI,0.30000000000000004,0.05,0.65,0.0,0.0,0.0,0.0
35,2,4,1,False,0.008731375517254074,0.16543825434529147,1,qEHVI,0.1,0.1,0.65,0.0,0.0,0.05,0.1
35,2,4,1,False,0.008731375517254074,0.16543825434529147,2,qEHVI,0.05,0.0,0.6000000000000001,0.05,0.0,0.2,0.1
35,2,4,1,False,0.008731375517254074,0.16543825434529147,3,qEHVI,0.30000000000000004,0.0,0.65,0.0,0.0,0.0,0.05
35,2,4,1,False,0.008731375517254074,0.16543825434529147,4,qUCB,0.2,0.5,0.2,0.1,0.0,0.0,0.0
35,3,3,2,False,0.007069889197183402,0.15083624307434818,0,qEHVI,0.30000000000000004,0.05,0.65,0.0,0.0,0.0,0.0
35,3,3,2,False,0.007069889197183402,0.15083624307434818,1,qEHVI,0.1,0.1,0.65,0.0,0.0,0.05,0.1
35,3,3,2,False,0.007069889197183402,0.15083624307434818,2,qEHVI,0.05,0.0,0.6000000000000001,0.05,0.0,0.2,0.1
35,3,3,2,False,0.007069889197183402,0.15083624307434818,3,qUCB,0.2,0.5,0.2,0.1,0.0,0.0,0.0
35,3,3,2,False,0.007069889197183402,0.15083624307434818,4,qUCB,0.1,0.5,0.2,0.1,0.1,0.0,0.0
35,4,2,3,False,0.005418960244720761,0.2954959641718604,0,qEHVI,0.30000000000000004,0.05,0.65,0.0,0.0,0.0,0.0
35,4,2,3,False,0.005418960244720761,0.2954959641718604,1,qEHVI,0.1,0.1,0.65,0.0,0.0,0.05,0.1
35,4,2,3,False,0.005418960244720761,0.2954959641718604,2,qUCB,0.0,0.05,0.2,0.1,0.1,0.45,0.1
35,4,2,3,False,0.005418960244720761,0.2954959641718604,3,qUCB,0.05,0.0,0.2,0.1,0.1,0.45,0.1
35,4,2,3,False,0.005418960244720761,0.2954959641718604,4,qUCB,0.15000000000000002,0.0,0.2,0.1,0.1,0.45,0.0
35,5,1,4,False,0.0033535506105944403,0.004730667792343324,0,qEHVI,0.30000000000000004,0.05,0.65,0.0,0.0,0.0,0.0
35,5,1,4,False,0.0033535506105944403,0.004730667792343324,1,qUCB,0.0,0.05,0.2,0.1,0.1,0.45,0.1
35,5,1,4,False,0.0033535506105944403,0.004730667792343324,2,qUCB,0.0,0.15000000000000002,0.2,0.1,0.0,0.45,0.1
35,5,1,4,False,0.0033535506105944403,0.004730667792343324,3,qUCB,0.05,0.0,0.2,0.1,0.1,0.45,0.1
35,5,1,4,False,0.0033535506105944403,0.004730667792343324,4,qUCB,0.0,0.15000000000000002,0.2,0.1,0.1,0.35000000000000003,0.1
35,6,0,5,False,0.0027276687468512097,0.007894377540046515,0,qUCB,0.05,0.05,0.7000000000000001,0.1,0.0,0.0,0.1
35,6,0,5,False,0.0027276687468512097,0.007894377540046515,1,qUCB,0.0,0.25,0.2,0.0,0.0,0.45,0.1
35,6,0,5,False,0.0027276687468512097,0.007894377540046515,2,qUCB,0.0,0.0,0.65,0.0,0.1,0.15000000000000002,0.1
35,6,0,5,False,0.0027276687468512097,0.007894377540046515,3,qUCB,0.05,0.0,0.2,0.1,0.1,0.45,0.1
35,6,0,5,False,0.0027276687468512097,0.007894377540046515,4,qUCB,0.05,0.0,0.7000000000000001,0.1,0.1,0.05,0.0
36,1,5,0,True,0.02167344677078317,0.07974283641719371,0,qEHVI,0.0,0.05,0.65,0.05,0.0,0.15000000000000002,0.1
36,1,5,0,True,0.02167344677078317,0.07974283641719371,1,qEHVI,0.35000000000000003,0.05,0.4,0.1,0.0,0.0,0.1
36,1,5,0,True,0.02167344677078317,0.07974283641719371,2,qEHVI,0.35000000000000003,0.2,0.4,0.0,0.0,0.0,0.05
36,1,5,0,True,0.02167344677078317,0.07974283641719371,3,qEHVI,0.0,0.05,0.65,0.1,0.0,0.15000000000000002,0.05
36,1,5,0,True,0.02167344677078317,0.07974283641719371,4,qEHVI,0.35000000000000003,0.15000000000000002,0.4,0.0,0.0,0.0,0.1
36,2,4,1,False,0.019444586397462806,0.046486321182520385,0,qEHVI,0.0,0.05,0.65,0.05,0.0,0.15000000000000002,0.1
36,2,4,1,False,0.019444586397462806,0.046486321182520385,1,qEHVI,0.35000000000000003,0.05,0.4,0.1,0.0,0.0,0.1
36,2,4,1,False,0.019444586397462806,0.046486321182520385,2,qEHVI,0.0,0.05,0.65,0.1,0.0,0.15000000000000002,0.05
36,2,4,1,False,0.019444586397462806,0.046486321182520385,3,qEHVI,0.2,0.05,0.6000000000000001,0.05,0.0,0.05,0.05
36,2,4,1,False,0.019444586397462806,0.046486321182520385,4,qUCB,0.2,0.5,0.2,0.1,0.0,0.0,0.0
36,3,3,2,False,0.019304675149739693,0.09038835738069562,0,qEHVI,0.0,0.05,0.65,0.05,0.0,0.15000000000000002,0.1
36,3,3,2,False,0.019304675149739693,0.09038835738069562,1,qEHVI,0.35000000000000003,0.05,0.4,0.1,0.0,0.0,0.1
36,3,3,2,False,0.019304675149739693,0.09038835738069562,2,qEHVI,0.0,0.0,0.6000000000000001,0.1,0.0,0.30000000000000004,0.0
36,3,3,2,False,0.019304675149739693,0.09038835738069562,3,qUCB,0.2,0.45,0.35000000000000003,0.0,0.0,0.0,0.0
36,3,3,2,False,0.019304675149739693,0.09038835738069562,4,qUCB,0.0,0.15000000000000002,0.2,0.0,0.1,0.45,0.1
36,4,2,3,False,0.014463126579052049,0.15625713688954512,0,qEHVI,0.0,0.05,0.65,0.05,0.0,0.15000000000000002,0.1
36,4,2,3,False,0.014463126579052049,0.15625713688954512,1,qEHVI,0.35000000000000003,0.05,0.4,0.1,0.0,0.0,0.1
36,4,2,3,False,0.014463126579052049,0.15625713688954512,2,qUCB,0.2,0.45,0.35000000000000003,0.0,0.0,0.0,0.0
36,4,2,3,False,0.014463126579052049,0.15625713688954512,3,qUCB,0.25,0.0,0.30000000000000004,0.0,0.0,0.45,0.0
36,4,2,3,False,0.014463126579052049,0.15625713688954512,4,qUCB,0.0,0.15000000000000002,0.2,0.0,0.1,0.45,0.1
36,5,1,4,False,0.012209026950240003,0.00827236546692589,0,qEHVI,0.0,0.05,0.65,0.05,0.0,0.15000000000000002,0.1
36,5,1,4,False,0.012209026950240003,0.00827236546692589,1,qUCB,0.2,0.5,0.2,0.1,0.0,0.0,0.0
36,5,1,4,False,0.012209026950240003,0.00827236546692589,2,qUCB,0.35000000000000003,0.15000000000000002,0.4,0.0,0.1,0.0,0.0
36,5,1,4,False,0.012209026950240003,0.00827236546692589,3,qUCB,0.35000000000000003,0.0,0.35000000000000003,0.0,0.1,0.2,0.0
36,5,1,4,False,0.012209026950240003,0.00827236546692589,4,qUCB,0.25,0.0,0.30000000000000004,0.0,0.0,0.45,0.0
36,6,0,5,False,0.007990576195211761,0.07081363415653019,0,qUCB,0.0,0.0,0.6000000000000001,0.05,0.0,0.25,0.1
36,6,0,5,False,0.007990576195211761,0.07081363415653019,1,qUCB,0.0,0.0,0.7000000000000001,0.0,0.1,0.2,0.0
36,6,0,5,False,0.007990576195211761,0.07081363415653019,2,qUCB,0.0,0.25,0.2,0.1,0.0,0.35000000000000003,0.1
36,6,0,5,False,0.007990576195211761,0.07081363415653019,3,qUCB,0.2,0.0,0.35000000000000003,0.0,0.0,0.45,0.0
36,6,0,5,False,0.007990576195211761,0.07081363415653019,4,qUCB,0.0,0.2,0.5,0.1,0.0,0.2,0.0
37,1,5,0,True,0.01618490928855686,0.11094037149648273,0,qEHVI,0.2,0.0,0.6000000000000001,0.1,0.0,0.05,0.05
37,1,5,0,True,0.01618490928855686,0.11094037149648273,1,qEHVI,0.0,0.0,0.6000000000000001,0.1,0.0,0.30000000000000004,0.0
37,1,5,0,True,0.01618490928855686,0.11094037149648273,2,qEHVI,0.2,0.05,0.55,0.1,0.0,0.0,0.1
37,1,5,0,True,0.01618490928855686,0.11094037149648273,3,qEHVI,0.0,0.0,0.7000000000000001,0.0,0.1,0.2,0.0
37,1,5,0,True,0.01618490928855686,0.11094037149648273,4,qEHVI,0.0,0.0,0.7000000000000001,0.05,0.1,0.15000000000000002,0.0
37,2,4,1,False,0.01546850014913992,0.032778787765113115,0,qEHVI,0.2,0.0,0.6000000000000001,0.1,0.0,0.05,0.05
37,2,4,1,False,0.01546850014913992,0.032778787765113115,1,qEHVI,0.0,0.0,0.6000000000000001,0.1,0.0,0.30000000000000004,0.0
37,2,4,1,False,0.01546850014913992,0.032778787765113115,2,qEHVI,0.0,0.0,0.7000000000000001,0.0,0.1,0.2,0.0
37,2,4,1,False,0.01546850014913992,0.032778787765113115,3,qEHVI,0.2,0.05,0.55,0.1,0.0,0.0,0.1
37,2,4,1,False,0.01546850014913992,0.032778787765113115,4,qUCB,0.2,0.5,0.30000000000000004,0.0,0.0,0.0,0.0
37,3,3,2,False,0.013768015361400644,0.07500781596335648,0,qEHVI,0.2,0.0,0.6000000000000001,0.1,0.0,0.05,0.05
37,3,3,2,False,0.013768015361400644,0.07500781596335648,1,qEHVI,0.0,0.0,0.6000000000000001,0.1,0.0,0.30000000000000004,0.0
37,3,3,2,False,0.013768015361400644,0.07500781596335648,2,qEHVI,0.2,0.05,0.55,0.1,0.0,0.0,0.1
37,3,3,2,False,0.013768015361400644,0.07500781596335648,3,qUCB,0.0,0.0,0.4,0.0,0.1,0.4,0.1
37,3,3,2,False,0.013768015361400644,0.07500781596335648,4,qUCB,0.0,0.15000000000000002,0.2,0.0,0.1,0.45,0.1
37,4,2,3,False,0.011802004453694965,0.20673580805096248,0,qEHVI,0.2,0.0,0.6000000000000001,0.1,0.0,0.05,0.05
37,4,2,3,False,0.011802004453694965,0.20673580805096248,1,qEHVI,0.0,0.0,0.6000000000000001,0.1,0.0,0.30000000000000004,0.0
37,4,2,3,False,0.011802004453694965,0.20673580805096248,2,qUCB,0.0,0.0,0.4,0.0,0.1,0.4,0.1
37,4,2,3,False,0.011802004453694965,0.20673580805096248,3,qUCB,0.0,0.15000000000000002,0.2,0.0,0.1,0.45,0.1
37,4,2,3,False,0.011802004453694965,0.20673580805096248,4,qUCB,0.0,0.4,0.2,0.0,0.0,0.30000000000000004,0.1
37,5,1,4,False,0.00734792871367708,0.049190666852137355,0,qEHVI,0.2,0.0,0.6000000000000001,0.1,0.0,0.05,0.05
37,5,1,4,False,0.00734792871367708,0.049190666852137355,1,qUCB,0.0,0.05,0.30000000000000004,0.0,0.1,0.45,0.1
37,5,1,4,False,0.00734792871367708,0.049190666852137355,2,qUCB,0.0,0.15000000000000002,0.2,0.0,0.1,0.45,0.1
37,5,1,4,False,0.00734792871367708,0.049190666852137355,3,qUCB,0.0,0.35000000000000003,0.2,0.0,0.0,0.35000000000000003,0.1
37,5,1,4,False,0.00734792871367708,0.049190666852137355,4,qUCB,0.0,0.0,0.4,0.0,0.1,0.4,0.1
37,6,0,5,False,0.005922334856812829,1.43261984896861,0,qUCB,0.0,0.05,0.7000000000000001,0.05,0.0,0.1,0.1
37,6,0,5,False,0.005922334856812829,1.43261984896861,1,qUCB,0.0,0.0,0.7000000000000001,0.0,0.1,0.2,0.0
37,6,0,5,False,0.005922334856812829,1.43261984896861,2,qUCB,0.2,0.0,0.5,0.0,0.0,0.2,0.1
37,6,0,5,False,0.005922334856812829,1.43261984896861,3,qUCB,0.0,0.25,0.2,0.1,0.0,0.35000000000000003,0.1
37,6,0,5,False,0.005922334856812829,1.43261984896861,4,qUCB,0.2,0.0,0.35000000000000003,0.0,0.0,0.45,0.0
38,1,5,0,True,0.012050027950225306,0.014038819236673383,0,qEHVI,0.15000000000000002,0.1,0.7000000000000001,0.05,0.0,0.0,0.0
38,1,5,0,True,0.012050027950225306,0.014038819236673383,1,qEHVI,0.05,0.25,0.6000000000000001,0.1,0.0,0.0,0.0
38,1,5,0,True,0.012050027950225306,0.014038819236673383,2,qEHVI,0.2,0.0,0.5,0.0,0.0,0.2,0.1
38,1,5,0,True,0.012050027950225306,0.014038819236673383,3,qEHVI,0.0,0.05,0.4,0.0,0.0,0.45,0.1
38,1,5,0,True,0.012050027950225306,0.014038819236673383,4,qEHVI,0.0,0.0,0.6000000000000001,0.05,0.0,0.25,0.1
38,2,4,1,False,0.009577193641917829,0.0572155233361995,0,qEHVI,0.15000000000000002,0.1,0.7000000000000001,0.05,0.0,0.0,0.0
38,2,4,1,False,0.009577193641917829,0.0572155233361995,1,qEHVI,0.05,0.25,0.6000000000000001,0.1,0.0,0.0,0.0
38,2,4,1,False,0.009577193641917829,0.0572155233361995,2,qEHVI,0.2,0.0,0.5,0.0,0.0,0.2,0.1
38,2,4,1,False,0.009577193641917829,0.0572155233361995,3,qEHVI,0.2,0.0,0.5,0.1,0.0,0.1,0.1
38,2,4,1,False,0.009577193641917829,0.0572155233361995,4,qUCB,0.25,0.5,0.2,0.0,0.0,0.05,0.0
38,3,3,2,False,0.007363400879203874,0.03721431191712643,0,qEHVI,0.15000000000000002,0.1,0.7000000000000001,0.05,0.0,0.0,0.0
38,3,3,2,False,0.007363400879203874,0.03721431191712643,1,qEHVI,0.05,0.25,0.6000000000000001,0.1,0.0,0.0,0.0
38,3,3,2,False,0.007363400879203874,0.03721431191712643,2,qEHVI,0.0,0.05,0.4,0.0,0.0,0.45,0.1
38,3,3,2,False,0.007363400879203874,0.03721431191712643,3,qUCB,0.30000000000000004,0.45,0.2,0.0,0.0,0.0,0.05
38,3,3,2,False,0.007363400879203874,0.03721431191712643,4,qUCB,0.35000000000000003,0.05,0.2,0.1,0.1,0.1,0.1
38,4,2,3,False,0.0083017318604835,0.07583044635568648,0,qEHVI,0.2,0.0,0.5,0.0,0.0,0.2,0.1
38,4,2,3,False,0.0083017318604835,0.07583044635568648,1,qEHVI,0.05,0.25,0.6000000000000001,0.1,0.0,0.0,0.0
38,4,2,3,False,0.0083017318604835,0.07583044635568648,2,qUCB,0.2,0.0,0.7000000000000001,0.0,0.1,0.0,0.0
38,4,2,3,False,0.0083017318604835,0.07583044635568648,3,qUCB,0.0,0.05,0.2,0.1,0.1,0.45,0.1
38,4,2,3,False,0.0083017318604835,0.07583044635568648,4,qUCB,0.0,0.0,0.30000000000000004,0.1,0.1,0.4,0.1
38,5,1,4,False,0.006984394819340293,0.05655299956828963,0,qEHVI,0.15000000000000002,0.1,0.7000000000000001,0.05,0.0,0.0,0.0
38,5,1,4,False,0.006984394819340293,0.05655299956828963,1,qUCB,0.0,0.0,0.4,0.0,0.1,0.4,0.1
38,5,1,4,False,0.006984394819340293,0.05655299956828963,2,qUCB,0.0,0.05,0.2,0.1,0.1,0.45,0.1
38,5,1,4,False,0.006984394819340293,0.05655299956828963,3,qUCB,0.0,0.25,0.2,0.0,0.0,0.45,0.1
38,5,1,4,False,0.006984394819340293,0.05655299956828963,4,qUCB,0.0,0.0,0.30000000000000004,0.1,0.1,0.4,0.1
38,6,0,5,False,0.007989846936741127,0.04277903170713948,0,qUCB,0.0,0.0,0.6000000000000001,0.05,0.0,0.25,0.1
38,6,0,5,False,0.007989846936741127,0.04277903170713948,1,qUCB,0.2,0.0,0.5,0.0,0.0,0.2,0.1
38,6,0,5,False,0.007989846936741127,0.04277903170713948,2,qUCB,0.0,0.25,0.2,0.1,0.0,0.35000000000000003,0.1
38,6,0,5,False,0.007989846936741127,0.04277903170713948,3,qUCB,0.0,0.05,0.2,0.1,0.1,0.45,0.1
38,6,0,5,False,0.007989846936741127,0.04277903170713948,4,qUCB,0.2,0.0,0.35000000000000003,0.0,0.0,0.45,0.0
39,1,5,0,True,0.010122063957790533,0.013633940976276904,0,qEHVI,0.1,0.1,0.65,0.05,0.0,0.0,0.1
39,1,5,0,True,0.010122063957790533,0.013633940976276904,1,qEHVI,0.2,0.30000000000000004,0.30000000000000004,0.1,0.0,0.0,0.1
39,1,5,0,True,0.010122063957790533,0.013633940976276904,2,qEHVI,0.2,0.0,0.35000000000000003,0.0,0.0,0.45,0.0
39,1,5,0,True,0.010122063957790533,0.013633940976276904,3,qEHVI,0.15000000000000002,0.0,0.35000000000000003,0.0,0.0,0.45,0.05
39,1,5,0,True,0.010122063957790533,0.013633940976276904,4,qEHVI,0.15000000000000002,0.0,0.35000000000000003,0.05,0.0,0.45,0.0
39,2,4,1,False,0.013800981669256652,0.00801876104944843,0,qEHVI,0.2,0.0,0.35000000000000003,0.0,0.0,0.45,0.0
39,2,4,1,False,0.013800981669256652,0.00801876104944843,1,qEHVI,0.1,0.1,0.65,0.05,0.0,0.0,0.1
39,2,4,1,False,0.013800981669256652,0.00801876104944843,2,qEHVI,0.2,0.30000000000000004,0.30000000000000004,0.1,0.0,0.0,0.1
39,2,4,1,False,0.013800981669256652,0.00801876104944843,3,qEHVI,0.1,0.05,0.30000000000000004,0.0,0.0,0.45,0.1
39,2,4,1,False,0.013800981669256652,0.00801876104944843,4,qUCB,0.35000000000000003,0.05,0.5,0.0,0.1,0.0,0.0
39,3,3,2,False,0.013745756622660145,0.025254438192211293,0,qEHVI,0.1,0.1,0.65,0.05,0.0,0.0,0.1
39,3,3,2,False,0.013745756622660145,0.025254438192211293,1,qEHVI,0.2,0.30000000000000004,0.30000000000000004,0.1,0.0,0.0,0.1
39,3,3,2,False,0.013745756622660145,0.025254438192211293,2,qEHVI,0.2,0.0,0.35000000000000003,0.0,0.0,0.45,0.0
39,3,3,2,False,0.013745756622660145,0.025254438192211293,3,qUCB,0.0,0.0,0.30000000000000004,0.1,0.1,0.4,0.1
39,3,3,2,False,0.013745756622660145,0.025254438192211293,4,qUCB,0.0,0.05,0.2,0.1,0.1,0.45,0.1
39,4,2,3,False,0.01135793659263802,0.00803961064633918,0,qEHVI,0.2,0.0,0.35000000000000003,0.0,0.0,0.45,0.0
39,4,2,3,False,0.01135793659263802,0.00803961064633918,1,qEHVI,0.1,0.1,0.65,0.05,0.0,0.0,0.1
39,4,2,3,False,0.01135793659263802,0.00803961064633918,2,qUCB,0.2,0.5,0.2,0.1,0.0,0.0,0.0
39,4,2,3,False,0.01135793659263802,0.00803961064633918,3,qUCB,0.0,0.05,0.2,0.1,0.1,0.45,0.1
39,4,2,3,False,0.01135793659263802,0.00803961064633918,4,qUCB,0.35000000000000003,0.05,0.4,0.1,0.1,0.0,0.0
39,5,1,4,False,0.008659003745871625,0.0036668656592722115,0,qEHVI,0.1,0.1,0.65,0.05,0.0,0.0,0.1
39,5,1,4,False,0.008659003745871625,0.0036668656592722115,1,qUCB,0.2,0.5,0.2,0.1,0.0,0.0,0.0
39,5,1,4,False,0.008659003745871625,0.0036668656592722115,2,qUCB,0.0,0.05,0.2,0.1,0.1,0.45,0.1
39,5,1,4,False,0.008659003745871625,0.0036668656592722115,3,qUCB,0.2,0.0,0.35000000000000003,0.0,0.0,0.45,0.0
39,5,1,4,False,0.008659003745871625,0.0036668656592722115,4,qUCB,0.0,0.05,0.30000000000000004,0.1,0.1,0.45,0.0
39,6,0,5,False,0.010937391470491642,0.13344838437936346,0,qUCB,0.0,0.1,0.7000000000000001,0.0,0.0,0.1,0.1
39,6,0,5,False,0.010937391470491642,0.13344838437936346,1,qUCB,0.2,0.0,0.35000000000000003,0.0,0.0,0.45,0.0
39,6,0,5,False,0.010937391470491642,0.13344838437936346,2,qUCB,0.0,0.25,0.2,0.0,0.0,0.45,0.1
39,6,0,5,False,0.010937391470491642,0.13344838437936346,3,qUCB,0.0,0.25,0.30000000000000004,0.0,0.0,0.35000000000000003,0.1
39,6,0,5,False,0.010937391470491642,0.13344838437936346,4,qUCB,0.35000000000000003,0.0,0.35000000000000003,0.0,0.0,0.30000000000000004,0.0
40,1,5,0,True,0.011086990779581805,0.052011162865036376,0,qEHVI,0.0,0.15000000000000002,0.2,0.1,0.0,0.45,0.1
40,1,5,0,True,0.011086990779581805,0.052011162865036376,1,qEHVI,0.0,0.0,0.65,0.0,0.0,0.35000000000000003,0.0
40,1,5,0,True,0.011086990779581805,0.052011162865036376,2,qEHVI,0.05,0.2,0.6000000000000001,0.1,0.0,0.05,0.0
40,1,5,0,True,0.011086990779581805,0.052011162865036376,3,qEHVI,0.0,0.1,0.30000000000000004,0.05,0.0,0.45,0.1
40,1,5,0,True,0.011086990779581805,0.052011162865036376,4,qEHVI,0.15000000000000002,0.0,0.65,0.1,0.0,0.0,0.1
40,2,4,1,False,0.009283050313404193,0.025822898513407022,0,qEHVI,0.0,0.0,0.65,0.0,0.0,0.35000000000000003,0.0
40,2,4,1,False,0.009283050313404193,0.025822898513407022,1,qEHVI,0.05,0.2,0.6000000000000001,0.1,0.0,0.05,0.0
40,2,4,1,False,0.009283050313404193,0.025822898513407022,2,qEHVI,0.0,0.15000000000000002,0.2,0.1,0.0,0.45,0.1
40,2,4,1,False,0.009283050313404193,0.025822898513407022,3,qEHVI,0.15000000000000002,0.0,0.65,0.1,0.0,0.0,0.1
40,2,4,1,False,0.009283050313404193,0.025822898513407022,4,qUCB,0.35000000000000003,0.4,0.2,0.0,0.0,0.0,0.05
40,3,3,2,False,0.01074622145921611,0.049850977257261286,0,qEHVI,0.05,0.2,0.6000000000000001,0.1,0.0,0.05,0.0
40,3,3,2,False,0.01074622145921611,0.049850977257261286,1,qEHVI,0.0,0.0,0.65,0.0,0.0,0.35000000000000003,0.0
40,3,3,2,False,0.01074622145921611,0.049850977257261286,2,qEHVI,0.15000000000000002,0.0,0.65,0.1,0.0,0.0,0.1
40,3,3,2,False,0.01074622145921611,0.049850977257261286,3,qUCB,0.0,0.5,0.30000000000000004,0.0,0.1,0.0,0.1
40,3,3,2,False,0.01074622145921611,0.049850977257261286,4,qUCB,0.0,0.1,0.2,0.1,0.1,0.4,0.1
40,4,2,3,False,0.0068196193192208866,0.008010237768493411,0,qEHVI,0.0,0.0,0.65,0.0,0.0,0.35000000000000003,0.0
40,4,2,3,False,0.0068196193192208866,0.008010237768493411,1,qEHVI,0.05,0.2,0.6000000000000001,0.1,0.0,0.05,0.0
40,4,2,3,False,0.0068196193192208866,0.008010237768493411,2,qUCB,0.35000000000000003,0.25,0.2,0.0,0.0,0.1,0.1
40,4,2,3,False,0.0068196193192208866,0.008010237768493411,3,qUCB,0.0,0.1,0.2,0.1,0.1,0.4,0.1
40,4,2,3,False,0.0068196193192208866,0.008010237768493411,4,qUCB,0.35000000000000003,0.2,0.2,0.0,0.1,0.05,0.1
40,5,1,4,False,0.008956437983145936,0.0021105436945552114,0,qEHVI,0.0,0.30000000000000004,0.2,0.05,0.0,0.35000000000000003,0.1
40,5,1,4,False,0.008956437983145936,0.0021105436945552114,1,qUCB,0.1,0.0,0.7000000000000001,0.1,0.1,0.0,0.0
40,5,1,4,False,0.008956437983145936,0.0021105436945552114,2,qUCB,0.35000000000000003,0.0,0.5,0.05,0.1,0.0,0.0
40,5,1,4,False,0.008956437983145936,0.0021105436945552114,3,qUCB,0.35000000000000003,0.0,0.4,0.0,0.1,0.15000000000000002,0.0
40,5,1,4,False,0.008956437983145936,0.0021105436945552114,4,qUCB,0.35000000000000003,0.15000000000000002,0.4,0.0,0.1,0.0,0.0
40,6,0,5,False,0.005274737245091168,0.01762246682425994,0,qUCB,0.0,0.05,0.7000000000000001,0.05,0.0,0.1,0.1
40,6,0,5,False,0.005274737245091168,0.01762246682425994,1,qUCB,0.0,0.15000000000000002,0.2,0.1,0.0,0.45,0.1
40,6,0,5,False,0.005274737245091168,0.01762246682425994,2,qUCB,0.0,0.4,0.2,0.0,0.0,0.30000000000000004,0.1
40,6,0,5,False,0.005274737245091168,0.01762246682425994,3,qUCB,0.0,0.25,0.5,0.1,0.0,0.15000000000000002,0.0
40,6,0,5,False,0.005274737245091168,0.01762246682425994,4,qUCB,0.35000000000000003,0.0,0.4,0.0,0.1,0.15000000000000002,0.0
41,1,5,0,True,0.00984638409715905,0.051850206036712976,0,qEHVI,0.0,0.2,0.65,0.1,0.0,0.0,0.05
41,1,5,0,True,0.00984638409715905,0.051850206036712976,1,qEHVI,0.0,0.1,0.65,0.05,0.0,0.1,0.1
41,1,5,0,True,0.00984638409715905,0.051850206036712976,2,qEHVI,0.35000000000000003,0.1,0.4,0.1,0.0,0.05,0.0
41,1,5,0,True,0.00984638409715905,0.051850206036712976,3,qEHVI,0.35000000000000003,0.0,0.4,0.1,0.0,0.15000000000000002,0.0
41,1,5,0,True,0.00984638409715905,0.051850206036712976,4,qEHVI,0.1,0.05,0.7000000000000001,0.05,0.0,0.05,0.05
41,2,4,1,False,0.009145889635202848,0.06185468344137668,0,qEHVI,0.0,0.2,0.65,0.1,0.0,0.0,0.05
41,2,4,1,False,0.009145889635202848,0.06185468344137668,1,qEHVI,0.0,0.1,0.65,0.05,0.0,0.1,0.1
41,2,4,1,False,0.009145889635202848,0.06185468344137668,2,qEHVI,0.1,0.05,0.7000000000000001,0.05,0.0,0.05,0.05
41,2,4,1,False,0.009145889635202848,0.06185468344137668,3,qEHVI,0.0,0.1,0.65,0.0,0.0,0.15000000000000002,0.1
41,2,4,1,False,0.009145889635202848,0.06185468344137668,4,qUCB,0.30000000000000004,0.45,0.2,0.0,0.0,0.05,0.0
41,3,3,2,False,0.006879335502342969,0.09409738804210921,0,qEHVI,0.0,0.2,0.65,0.1,0.0,0.0,0.05
41,3,3,2,False,0.006879335502342969,0.09409738804210921,1,qEHVI,0.0,0.1,0.65,0.05,0.0,0.1,0.1
41,3,3,2,False,0.006879335502342969,0.09409738804210921,2,qEHVI,0.0,0.2,0.5,0.1,0.0,0.2,0.0
41,3,3,2,False,0.006879335502342969,0.09409738804210921,3,qUCB,0.35000000000000003,0.4,0.2,0.0,0.0,0.0,0.05
41,3,3,2,False,0.006879335502342969,0.09409738804210921,4,qUCB,0.35000000000000003,0.0,0.4,0.0,0.1,0.15000000000000002,0.0
41,4,2,3,False,0.005158265218388486,0.10120047048071257,0,qEHVI,0.0,0.2,0.65,0.1,0.0,0.0,0.05
41,4,2,3,False,0.005158265218388486,0.10120047048071257,1,qEHVI,0.0,0.1,0.65,0.05,0.0,0.1,0.1
41,4,2,3,False,0.005158265218388486,0.10120047048071257,2,qUCB,0.35000000000000003,0.4,0.2,0.0,0.0,0.0,0.05
41,4,2,3,False,0.005158265218388486,0.10120047048071257,3,qUCB,0.35000000000000003,0.0,0.4,0.0,0.1,0.15000000000000002,0.0
41,4,2,3,False,0.005158265218388486,0.10120047048071257,4,qUCB,0.35000000000000003,0.0,0.30000000000000004,0.0,0.1,0.25,0.0
41,5,1,4,False,0.004748981385483428,0.06197371857380696,0,qEHVI,0.0,0.2,0.65,0.1,0.0,0.0,0.05
41,5,1,4,False,0.004748981385483428,0.06197371857380696,1,qUCB,0.0,0.0,0.4,0.0,0.1,0.4,0.1
41,5,1,4,False,0.004748981385483428,0.06197371857380696,2,qUCB,0.35000000000000003,0.0,0.4,0.0,0.1,0.15000000000000002,0.0
41,5,1,4,False,0.004748981385483428,0.06197371857380696,3,qUCB,0.0,0.25,0.2,0.0,0.1,0.35000000000000003,0.1
41,5,1,4,False,0.004748981385483428,0.06197371857380696,4,qUCB,0.05,0.0,0.30000000000000004,0.0,0.1,0.45,0.1
41,6,0,5,False,0.0075651355388248265,0.7332184348888955,0,qUCB,0.0,0.05,0.7000000000000001,0.05,0.0,0.1,0.1
41,6,0,5,False,0.0075651355388248265,0.7332184348888955,1,qUCB,0.0,0.2,0.5,0.1,0.0,0.2,0.0
41,6,0,5,False,0.0075651355388248265,0.7332184348888955,2,qUCB,0.35000000000000003,0.0,0.4,0.0,0.1,0.15000000000000002,0.0
41,6,0,5,False,0.0075651355388248265,0.7332184348888955,3,qUCB,0.0,0.2,0.2,0.1,0.1,0.30000000000000004,0.1
41,6,0,5,False,0.0075651355388248265,0.7332184348888955,4,qUCB,0.0,0.0,0.35000000000000003,0.1,0.1,0.35000000000000003,0.1
42,1,5,0,True,0.007200933041953748,0.08874995878044878,0,qEHVI,0.0,0.1,0.6000000000000001,0.0,0.0,0.2,0.1
42,1,5,0,True,0.007200933041953748,0.08874995878044878,1,qEHVI,0.1,0.15000000000000002,0.65,0.0,0.0,0.0,0.1
42,1,5,0,True,0.007200933041953748,0.08874995878044878,2,qEHVI,0.1,0.30000000000000004,0.5,0.1,0.0,0.0,0.0
42,1,5,0,True,0.007200933041953748,0.08874995878044878,3,qEHVI,0.15000000000000002,0.2,0.5,0.1,0.0,0.05,0.0
42,1,5,0,True,0.007200933041953748,0.08874995878044878,4,qEHVI,0.0,0.30000000000000004,0.5,0.1,0.0,0.1,0.0
42,2,4,1,False,0.007791041295077475,0.13426113170374698,0,qEHVI,0.0,0.1,0.6000000000000001,0.0,0.0,0.2,0.1
42,2,4,1,False,0.007791041295077475,0.13426113170374698,1,qEHVI,0.15000000000000002,0.2,0.5,0.1,0.0,0.05,0.0
42,2,4,1,False,0.007791041295077475,0.13426113170374698,2,qEHVI,0.1,0.30000000000000004,0.5,0.1,0.0,0.0,0.0
42,2,4,1,False,0.007791041295077475,0.13426113170374698,3,qEHVI,0.25,0.0,0.6000000000000001,0.05,0.0,0.05,0.05
42,2,4,1,False,0.007791041295077475,0.13426113170374698,4,qUCB,0.0,0.0,0.35000000000000003,0.1,0.1,0.35000000000000003,0.1
42,3,3,2,False,0.00730330175779912,0.05259521142824841,0,qEHVI,0.0,0.1,0.6000000000000001,0.0,0.0,0.2,0.1
42,3,3,2,False,0.00730330175779912,0.05259521142824841,1,qEHVI,0.1,0.15000000000000002,0.65,0.0,0.0,0.0,0.1
42,3,3,2,False,0.00730330175779912,0.05259521142824841,2,qEHVI,0.1,0.30000000000000004,0.5,0.1,0.0,0.0,0.0
42,3,3,2,False,0.00730330175779912,0.05259521142824841,3,qUCB,0.0,0.0,0.30000000000000004,0.1,0.1,0.45,0.05
42,3,3,2,False,0.00730330175779912,0.05259521142824841,4,qUCB,0.35000000000000003,0.15000000000000002,0.4,0.0,0.1,0.0,0.0
42,4,2,3,False,0.006214249638946088,0.07746101413635087,0,qEHVI,0.0,0.1,0.6000000000000001,0.0,0.0,0.2,0.1
42,4,2,3,False,0.006214249638946088,0.07746101413635087,1,qEHVI,0.15000000000000002,0.2,0.5,0.1,0.0,0.05,0.0
42,4,2,3,False,0.006214249638946088,0.07746101413635087,2,qUCB,0.15000000000000002,0.05,0.7000000000000001,0.0,0.1,0.0,0.0
42,4,2,3,False,0.006214249638946088,0.07746101413635087,3,qUCB,0.0,0.0,0.35000000000000003,0.1,0.1,0.35000000000000003,0.1
42,4,2,3,False,0.006214249638946088,0.07746101413635087,4,qUCB,0.05,0.0,0.2,0.1,0.1,0.45,0.1
42,5,1,4,False,0.0058899724479370705,0.014669071847640769,0,qEHVI,0.0,0.1,0.6000000000000001,0.0,0.0,0.2,0.1
42,5,1,4,False,0.0058899724479370705,0.014669071847640769,1,qUCB,0.2,0.5,0.2,0.1,0.0,0.0,0.0
42,5,1,4,False,0.0058899724479370705,0.014669071847640769,2,qUCB,0.35000000000000003,0.0,0.4,0.1,0.1,0.05,0.0
42,5,1,4,False,0.0058899724479370705,0.014669071847640769,3,qUCB,0.35000000000000003,0.1,0.35000000000000003,0.1,0.1,0.0,0.0
42,5,1,4,False,0.0058899724479370705,0.014669071847640769,4,qUCB,0.35000000000000003,0.15000000000000002,0.2,0.1,0.1,0.05,0.05
42,6,0,5,False,0.003570444430831533,0.11157550193995824,0,qUCB,0.0,0.1,0.65,0.1,0.0,0.1,0.05
42,6,0,5,False,0.003570444430831533,0.11157550193995824,1,qUCB,0.0,0.25,0.5,0.05,0.0,0.2,0.0
42,6,0,5,False,0.003570444430831533,0.11157550193995824,2,qUCB,0.0,0.05,0.30000000000000004,0.1,0.1,0.35000000000000003,0.1
42,6,0,5,False,0.003570444430831533,0.11157550193995824,3,qUCB,0.0,0.1,0.5,0.1,0.1,0.2,0.0
42,6,0,5,False,0.003570444430831533,0.11157550193995824,4,qUCB,0.35000000000000003,0.0,0.4,0.1,0.1,0.05,0.0
43,1,5,0,True,0.010287934438105654,0.0031235981974830906,0,qEHVI,0.2,0.0,0.7000000000000001,0.0,0.1,0.0,0.0
43,1,5,0,True,0.010287934438105654,0.0031235981974830906,1,qEHVI,0.0,0.0,0.7000000000000001,0.0,0.05,0.15000000000000002,0.1
43,1,5,0,True,0.010287934438105654,0.0031235981974830906,2,qEHVI,0.35000000000000003,0.0,0.4,0.1,0.1,0.05,0.0
43,1,5,0,True,0.010287934438105654,0.0031235981974830906,3,qEHVI,0.05,0.05,0.7000000000000001,0.05,0.0,0.05,0.1
43,1,5,0,True,0.010287934438105654,0.0031235981974830906,4,qEHVI,0.0,0.0,0.55,0.0,0.0,0.35000000000000003,0.1
43,2,4,1,False,0.006695194666874775,0.10158471929200807,0,qEHVI,0.0,0.0,0.7000000000000001,0.0,0.05,0.15000000000000002,0.1
43,2,4,1,False,0.006695194666874775,0.10158471929200807,1,qEHVI,0.05,0.05,0.7000000000000001,0.05,0.0,0.05,0.1
43,2,4,1,False,0.006695194666874775,0.10158471929200807,2,qEHVI,0.2,0.0,0.7000000000000001,0.0,0.1,0.0,0.0
43,2,4,1,False,0.006695194666874775,0.10158471929200807,3,qEHVI,0.0,0.0,0.55,0.0,0.0,0.35000000000000003,0.1
43,2,4,1,False,0.006695194666874775,0.10158471929200807,4,qUCB,0.25,0.4,0.2,0.1,0.0,0.05,0.0
43,3,3,2,False,0.0056353099721642985,0.0049096374634785,0,qEHVI,0.2,0.0,0.7000000000000001,0.0,0.1,0.0,0.0
43,3,3,2,False,0.0056353099721642985,0.0049096374634785,1,qEHVI,0.0,0.0,0.7000000000000001,0.0,0.05,0.15000000000000002,0.1
43,3,3,2,False,0.0056353099721642985,0.0049096374634785,2,qEHVI,0.05,0.05,0.7000000000000001,0.05,0.0,0.05,0.1
43,3,3,2,False,0.0056353099721642985,0.0049096374634785,3,qUCB,0.25,0.4,0.2,0.1,0.0,0.05,0.0
43,3,3,2,False,0.0056353099721642985,0.0049096374634785,4,qUCB,0.0,0.15000000000000002,0.2,0.1,0.1,0.35000000000000003,0.1
43,4,2,3,False,0.0047863202868798,0.002411609587881558,0,qEHVI,0.0,0.0,0.7000000000000001,0.0,0.05,0.15000000000000002,0.1
43,4,2,3,False,0.0047863202868798,0.002411609587881558,1,qEHVI,0.2,0.0,0.7000000000000001,0.0,0.1,0.0,0.0
43,4,2,3,False,0.0047863202868798,0.002411609587881558,2,qUCB,0.2,0.45,0.2,0.1,0.0,0.0,0.05
43,4,2,3,False,0.0047863202868798,0.002411609587881558,3,qUCB,0.0,0.35000000000000003,0.2,0.1,0.0,0.25,0.1
43,4,2,3,False,0.0047863202868798,0.002411609587881558,4,qUCB,0.2,0.45,0.2,0.1,0.0,0.05,0.0
43,5,1,4,False,0.0029268669381880153,0.001677400354291897,0,qEHVI,0.0,0.0,0.7000000000000001,0.0,0.05,0.15000000000000002,0.1
43,5,1,4,False,0.0029268669381880153,0.001677400354291897,1,qUCB,0.25,0.4,0.2,0.1,0.0,0.05,0.0
43,5,1,4,False,0.0029268669381880153,0.001677400354291897,2,qUCB,0.35000000000000003,0.0,0.4,0.1,0.1,0.05,0.0
43,5,1,4,False,0.0029268669381880153,0.001677400354291897,3,qUCB,0.35000000000000003,0.25,0.30000000000000004,0.1,0.0,0.0,0.0
43,5,1,4,False,0.0029268669381880153,0.001677400354291897,4,qUCB,0.0,0.35000000000000003,0.2,0.1,0.0,0.25,0.1
43,6,0,5,False,0.007565803687730587,0.0918876800270294,0,qUCB,0.0,0.05,0.7000000000000001,0.05,0.0,0.1,0.1
43,6,0,5,False,0.007565803687730587,0.0918876800270294,1,qUCB,0.0,0.05,0.30000000000000004,0.1,0.1,0.35000000000000003,0.1
43,6,0,5,False,0.007565803687730587,0.0918876800270294,2,qUCB,0.2,0.0,0.7000000000000001,0.0,0.1,0.0,0.0
43,6,0,5,False,0.007565803687730587,0.0918876800270294,3,qUCB,0.0,0.4,0.2,0.0,0.0,0.30000000000000004,0.1
43,6,0,5,False,0.007565803687730587,0.0918876800270294,4,qUCB,0.35000000000000003,0.0,0.4,0.1,0.1,0.05,0.0
44,1,5,0,True,0.008505123768255704,0.2325693884773532,0,qEHVI,0.2,0.25,0.35000000000000003,0.1,0.0,0.05,0.05
44,1,5,0,True,0.008505123768255704,0.2325693884773532,1,qEHVI,0.15000000000000002,0.15000000000000002,0.7000000000000001,0.0,0.0,0.0,0.0
44,1,5,0,True,0.008505123768255704,0.2325693884773532,2,qEHVI,0.05,0.15000000000000002,0.7000000000000001,0.0,0.0,0.05,0.05
44,1,5,0,True,0.008505123768255704,0.2325693884773532,3,qEHVI,0.0,0.2,0.65,0.05,0.0,0.05,0.05
44,1,5,0,True,0.008505123768255704,0.2325693884773532,4,qEHVI,0.15000000000000002,0.0,0.6000000000000001,0.1,0.0,0.15000000000000002,0.0
44,2,4,1,False,0.0068525383958256345,0.15581168953294622,0,qEHVI,0.05,0.15000000000000002,0.7000000000000001,0.0,0.0,0.05,0.05
44,2,4,1,False,0.0068525383958256345,0.15581168953294622,1,qEHVI,0.2,0.25,0.35000000000000003,0.1,0.0,0.05,0.05
44,2,4,1,False,0.0068525383958256345,0.15581168953294622,2,qEHVI,0.15000000000000002,0.15000000000000002,0.7000000000000001,0.0,0.0,0.0,0.0
44,2,4,1,False,0.0068525383958256345,0.15581168953294622,3,qEHVI,0.15000000000000002,0.0,0.6000000000000001,0.1,0.0,0.15000000000000002,0.0
44,2,4,1,False,0.0068525383958256345,0.15581168953294622,4,qUCB,0.0,0.0,0.30000000000000004,0.05,0.1,0.45,0.1
44,3,3,2,False,0.006397050050991265,0.057065706800616844,0,qEHVI,0.2,0.25,0.35000000000000003,0.1,0.0,0.05,0.05
44,3,3,2,False,0.006397050050991265,0.057065706800616844,1,qEHVI,0.05,0.15000000000000002,0.7000000000000001,0.0,0.0,0.05,0.05
44,3,3,2,False,0.006397050050991265,0.057065706800616844,2,qEHVI,0.15000000000000002,0.0,0.6000000000000001,0.1,0.0,0.15000000000000002,0.0
44,3,3,2,False,0.006397050050991265,0.057065706800616844,3,qUCB,0.0,0.0,0.30000000000000004,0.05,0.1,0.45,0.1
44,3,3,2,False,0.006397050050991265,0.057065706800616844,4,qUCB,0.0,0.0,0.4,0.05,0.1,0.35000000000000003,0.1
44,4,2,3,False,0.004778350001708328,0.07223536954343257,0,qEHVI,0.05,0.15000000000000002,0.7000000000000001,0.0,0.0,0.05,0.05
44,4,2,3,False,0.004778350001708328,0.07223536954343257,1,qEHVI,0.2,0.25,0.35000000000000003,0.1,0.0,0.05,0.05
44,4,2,3,False,0.004778350001708328,0.07223536954343257,2,qUCB,0.0,0.0,0.30000000000000004,0.05,0.1,0.45,0.1
44,4,2,3,False,0.004778350001708328,0.07223536954343257,3,qUCB,0.0,0.0,0.4,0.05,0.1,0.35000000000000003,0.1
44,4,2,3,False,0.004778350001708328,0.07223536954343257,4,qUCB,0.0,0.2,0.2,0.0,0.1,0.4,0.1
44,5,1,4,False,0.0020626885417106998,0.08689843434598843,0,qEHVI,0.2,0.25,0.35000000000000003,0.1,0.0,0.05,0.05
44,5,1,4,False,0.0020626885417106998,0.08689843434598843,1,qUCB,0.0,0.0,0.55,0.0,0.05,0.30000000000000004,0.1
44,5,1,4,False,0.0020626885417106998,0.08689843434598843,2,qUCB,0.0,0.05,0.4,0.0,0.1,0.35000000000000003,0.1
44,5,1,4,False,0.0020626885417106998,0.08689843434598843,3,qUCB,0.0,0.2,0.2,0.0,0.1,0.4,0.1
44,5,1,4,False,0.0020626885417106998,0.08689843434598843,4,qUCB,0.0,0.0,0.6000000000000001,0.0,0.1,0.25,0.05
44,6,0,5,False,0.0030514534657695865,0.025082607444731942,0,qUCB,0.05,0.05,0.65,0.1,0.0,0.1,0.05
44,6,0,5,False,0.0030514534657695865,0.025082607444731942,1,qUCB,0.0,0.05,0.30000000000000004,0.1,0.1,0.35000000000000003,0.1
44,6,0,5,False,0.0030514534657695865,0.025082607444731942,2,qUCB,0.0,0.4,0.2,0.0,0.0,0.30000000000000004,0.1
44,6,0,5,False,0.0030514534657695865,0.025082607444731942,3,qUCB,0.0,0.0,0.5,0.1,0.0,0.35000000000000003,0.05
44,6,0,5,False,0.0030514534657695865,0.025082607444731942,4,qUCB,0.0,0.0,0.4,0.05,0.1,0.35000000000000003,0.1
45,1,5,0,True,0.006651682640732802,0.11339657430157946,0,qEHVI,0.30000000000000004,0.30000000000000004,0.2,0.1,0.0,0.05,0.05
45,1,5,0,True,0.006651682640732802,0.11339657430157946,1,qEHVI,0.1,0.0,0.7000000000000001,0.05,0.0,0.05,0.1
45,1,5,0,True,0.006651682640732802,0.11339657430157946,2,qEHVI,0.15000000000000002,0.0,0.65,0.05,0.0,0.05,0.1
45,1,5,0,True,0.006651682640732802,0.11339657430157946,3,qEHVI,0.0,0.0,0.5,0.1,0.0,0.35000000000000003,0.05
45,1,5,0,True,0.006651682640732802,0.11339657430157946,4,qEHVI,0.0,0.0,0.35000000000000003,0.1,0.1,0.35000000000000003,0.1
45,2,4,1,False,0.003475105325838604,0.0755543794463307,0,qEHVI,0.1,0.0,0.7000000000000001,0.05,0.0,0.05,0.1
45,2,4,1,False,0.003475105325838604,0.0755543794463307,1,qEHVI,0.0,0.30000000000000004,0.2,0.0,0.1,0.30000000000000004,0.1
45,2,4,1,False,0.003475105325838604,0.0755543794463307,2,qEHVI,0.15000000000000002,0.0,0.65,0.05,0.0,0.05,0.1
45,2,4,1,False,0.003475105325838604,0.0755543794463307,3,qEHVI,0.0,0.25,0.2,0.1,0.1,0.25,0.1
45,2,4,1,False,0.003475105325838604,0.0755543794463307,4,qUCB,0.30000000000000004,0.45,0.2,0.05,0.0,0.0,0.0
45,3,3,2,False,0.004033347627583023,0.022795509086860122,0,qEHVI,0.1,0.0,0.7000000000000001,0.05,0.0,0.05,0.1
45,3,3,2,False,0.004033347627583023,0.022795509086860122,1,qEHVI,0.30000000000000004,0.30000000000000004,0.2,0.1,0.0,0.05,0.05
45,3,3,2,False,0.004033347627583023,0.022795509086860122,2,qEHVI,0.0,0.0,0.5,0.1,0.0,0.35000000000000003,0.05
45,3,3,2,False,0.004033347627583023,0.022795509086860122,3,qUCB,0.0,0.5,0.4,0.0,0.1,0.0,0.0
45,3,3,2,False,0.004033347627583023,0.022795509086860122,4,qUCB,0.0,0.30000000000000004,0.2,0.0,0.1,0.30000000000000004,0.1
45,4,2,3,False,0.0029149041449660277,0.0029139768386179377,0,qEHVI,0.1,0.0,0.7000000000000001,0.05,0.0,0.05,0.1
45,4,2,3,False,0.0029149041449660277,0.0029139768386179377,1,qEHVI,0.0,0.30000000000000004,0.2,0.0,0.1,0.30000000000000004,0.1
45,4,2,3,False,0.0029149041449660277,0.0029139768386179377,2,qUCB,0.30000000000000004,0.35000000000000003,0.2,0.1,0.0,0.05,0.0
45,4,2,3,False,0.0029149041449660277,0.0029139768386179377,3,qUCB,0.35000000000000003,0.35000000000000003,0.30000000000000004,0.0,0.0,0.0,0.0
45,4,2,3,False,0.0029149041449660277,0.0029139768386179377,4,qUCB,0.25,0.4,0.2,0.1,0.0,0.0,0.05
45,5,1,4,False,0.0016368906804786782,0.0031758459675352846,0,qEHVI,0.1,0.0,0.7000000000000001,0.05,0.0,0.05,0.1
45,5,1,4,False,0.0016368906804786782,0.0031758459675352846,1,qUCB,0.2,0.45,0.2,0.1,0.0,0.05,0.0
45,5,1,4,False,0.0016368906804786782,0.0031758459675352846,2,qUCB,0.0,0.30000000000000004,0.2,0.0,0.1,0.30000000000000004,0.1
45,5,1,4,False,0.0016368906804786782,0.0031758459675352846,3,qUCB,0.35000000000000003,0.15000000000000002,0.2,0.1,0.1,0.1,0.0
45,5,1,4,False,0.0016368906804786782,0.0031758459675352846,4,qUCB,0.0,0.5,0.4,0.0,0.1,0.0,0.0
45,6,0,5,False,0.004233834353777507,0.19682604042317609,0,qUCB,0.0,0.0,0.55,0.1,0.0,0.25,0.1
45,6,0,5,False,0.004233834353777507,0.19682604042317609,1,qUCB,0.0,0.0,0.5,0.1,0.0,0.35000000000000003,0.05
45,6,0,5,False,0.004233834353777507,0.19682604042317609,2,qUCB,0.0,0.4,0.2,0.0,0.0,0.30000000000000004,0.1
45,6,0,5,False,0.004233834353777507,0.19682604042317609,3,qUCB,0.0,0.0,0.35000000000000003,0.1,0.1,0.35000000000000003,0.1
45,6,0,5,False,0.004233834353777507,0.19682604042317609,4,qUCB,0.0,0.2,0.5,0.0,0.0,0.30000000000000004,0.0
46,1,5,0,True,0.009446815987667114,0.16703857850912485,0,qEHVI,0.05,0.2,0.65,0.1,0.0,0.0,0.0
46,1,5,0,True,0.009446815987667114,0.16703857850912485,1,qEHVI,0.05,0.05,0.65,0.1,0.0,0.1,0.05
46,1,5,0,True,0.009446815987667114,0.16703857850912485,2,qEHVI,0.30000000000000004,0.0,0.6000000000000001,0.05,0.0,0.0,0.05
46,1,5,0,True,0.009446815987667114,0.16703857850912485,3,qEHVI,0.30000000000000004,0.05,0.55,0.1,0.0,0.0,0.0
46,1,5,0,True,0.009446815987667114,0.16703857850912485,4,qEHVI,0.25,0.05,0.6000000000000001,0.05,0.0,0.05,0.0
46,2,4,1,False,0.008202521376819245,0.07474328324496504,0,qEHVI,0.05,0.2,0.65,0.1,0.0,0.0,0.0
46,2,4,1,False,0.008202521376819245,0.07474328324496504,1,qEHVI,0.05,0.05,0.65,0.1,0.0,0.1,0.05
46,2,4,1,False,0.008202521376819245,0.07474328324496504,2,qEHVI,0.30000000000000004,0.0,0.6000000000000001,0.05,0.0,0.0,0.05
46,2,4,1,False,0.008202521376819245,0.07474328324496504,3,qEHVI,0.25,0.05,0.6000000000000001,0.05,0.0,0.05,0.0
46,2,4,1,False,0.008202521376819245,0.07474328324496504,4,qUCB,0.0,0.05,0.30000000000000004,0.0,0.1,0.45,0.1
46,3,3,2,False,0.007014863469669095,0.09403623140446093,0,qEHVI,0.05,0.2,0.65,0.1,0.0,0.0,0.0
46,3,3,2,False,0.007014863469669095,0.09403623140446093,1,qEHVI,0.05,0.05,0.65,0.1,0.0,0.1,0.05
46,3,3,2,False,0.007014863469669095,0.09403623140446093,2,qEHVI,0.30000000000000004,0.0,0.6000000000000001,0.05,0.0,0.0,0.05
46,3,3,2,False,0.007014863469669095,0.09403623140446093,3,qUCB,0.0,0.05,0.30000000000000004,0.0,0.1,0.45,0.1
46,3,3,2,False,0.007014863469669095,0.09403623140446093,4,qUCB,0.05,0.0,0.2,0.1,0.1,0.45,0.1
46,4,2,3,False,0.005388188675109723,0.15820239708090078,0,qEHVI,0.05,0.2,0.65,0.1,0.0,0.0,0.0
46,4,2,3,False,0.005388188675109723,0.15820239708090078,1,qEHVI,0.05,0.05,0.65,0.1,0.0,0.1,0.05
46,4,2,3,False,0.005388188675109723,0.15820239708090078,2,qUCB,0.35000000000000003,0.30000000000000004,0.2,0.0,0.0,0.05,0.1
46,4,2,3,False,0.005388188675109723,0.15820239708090078,3,qUCB,0.05,0.0,0.2,0.1,0.1,0.45,0.1
46,4,2,3,False,0.005388188675109723,0.15820239708090078,4,qUCB,0.35000000000000003,0.25,0.2,0.0,0.1,0.0,0.1
46,5,1,4,False,0.0027215875231674787,0.004440891610498987,0,qEHVI,0.05,0.2,0.65,0.1,0.0,0.0,0.0
46,5,1,4,False,0.0027215875231674787,0.004440891610498987,1,qUCB,0.0,0.0,0.4,0.0,0.1,0.4,0.1
46,5,1,4,False,0.0027215875231674787,0.004440891610498987,2,qUCB,0.05,0.0,0.2,0.1,0.1,0.45,0.1
46,5,1,4,False,0.0027215875231674787,0.004440891610498987,3,qUCB,0.2,0.0,0.2,0.0,0.1,0.4,0.1
46,5,1,4,False,0.0027215875231674787,0.004440891610498987,4,qUCB,0.35000000000000003,0.15000000000000002,0.2,0.0,0.1,0.1,0.1
46,6,0,5,False,0.003222693923333834,0.060412417539874586,0,qUCB,0.05,0.05,0.65,0.1,0.0,0.1,0.05
46,6,0,5,False,0.003222693923333834,0.060412417539874586,1,qUCB,0.05,0.0,0.2,0.1,0.1,0.45,0.1
46,6,0,5,False,0.003222693923333834,0.060412417539874586,2,qUCB,0.15000000000000002,0.05,0.2,0.1,0.1,0.30000000000000004,0.1
46,6,0,5,False,0.003222693923333834,0.060412417539874586,3,qUCB,0.0,0.1,0.7000000000000001,0.0,0.0,0.1,0.1
46,6,0,5,False,0.003222693923333834,0.060412417539874586,4,qUCB,0.1,0.0,0.4,0.1,0.1,0.2,0.1
47,1,5,0,True,0.008448711877893152,0.3896975913841203,0,qEHVI,0.05,0.05,0.7000000000000001,0.1,0.0,0.0,0.1
47,1,5,0,True,0.008448711877893152,0.3896975913841203,1,qEHVI,0.1,0.1,0.6000000000000001,0.05,0.0,0.05,0.1
47,1,5,0,True,0.008448711877893152,0.3896975913841203,2,qEHVI,0.25,0.0,0.6000000000000001,0.05,0.0,0.05,0.05
47,1,5,0,True,0.008448711877893152,0.3896975913841203,3,qEHVI,0.1,0.1,0.65,0.05,0.0,0.05,0.05
47,1,5,0,True,0.008448711877893152,0.3896975913841203,4,qEHVI,0.25,0.0,0.65,0.05,0.0,0.05,0.0
47,2,4,1,False,0.007372521946595672,0.04543111086514884,0,qEHVI,0.05,0.05,0.7000000000000001,0.1,0.0,0.0,0.1
47,2,4,1,False,0.007372521946595672,0.04543111086514884,1,qEHVI,0.1,0.1,0.6000000000000001,0.05,0.0,0.05,0.1
47,2,4,1,False,0.007372521946595672,0.04543111086514884,2,qEHVI,0.25,0.0,0.6000000000000001,0.05,0.0,0.05,0.05
47,2,4,1,False,0.007372521946595672,0.04543111086514884,3,qEHVI,0.25,0.0,0.65,0.05,0.0,0.05,0.0
47,2,4,1,False,0.007372521946595672,0.04543111086514884,4,qUCB,0.05,0.0,0.2,0.1,0.1,0.45,0.1
47,3,3,2,False,0.005621482925218482,0.01211688638686681,0,qEHVI,0.05,0.05,0.7000000000000001,0.1,0.0,0.0,0.1
47,3,3,2,False,0.005621482925218482,0.01211688638686681,1,qEHVI,0.1,0.1,0.6000000000000001,0.05,0.0,0.05,0.1
47,3,3,2,False,0.005621482925218482,0.01211688638686681,2,qEHVI,0.25,0.0,0.6000000000000001,0.05,0.0,0.05,0.05
47,3,3,2,False,0.005621482925218482,0.01211688638686681,3,qUCB,0.05,0.0,0.2,0.1,0.1,0.45,0.1
47,3,3,2,False,0.005621482925218482,0.01211688638686681,4,qUCB,0.2,0.5,0.2,0.0,0.0,0.1,0.0
47,4,2,3,False,0.004126616494172255,0.1273526775091307,0,qEHVI,0.05,0.05,0.7000000000000001,0.1,0.0,0.0,0.1
47,4,2,3,False,0.004126616494172255,0.1273526775091307,1,qEHVI,0.1,0.1,0.6000000000000001,0.05,0.0,0.05,0.1
47,4,2,3,False,0.004126616494172255,0.1273526775091307,2,qUCB,0.35000000000000003,0.25,0.2,0.1,0.1,0.0,0.0
47,4,2,3,False,0.004126616494172255,0.1273526775091307,3,qUCB,0.05,0.0,0.2,0.1,0.1,0.45,0.1
47,4,2,3,False,0.004126616494172255,0.1273526775091307,4,qUCB,0.25,0.0,0.2,0.0,0.1,0.45,0.0
47,5,1,4,False,0.0019084809297728461,0.055044189168196866,0,qEHVI,0.05,0.05,0.7000000000000001,0.1,0.0,0.0,0.1
47,5,1,4,False,0.0019084809297728461,0.055044189168196866,1,qUCB,0.25,0.5,0.2,0.0,0.0,0.05,0.0
47,5,1,4,False,0.0019084809297728461,0.055044189168196866,2,qUCB,0.35000000000000003,0.30000000000000004,0.2,0.0,0.1,0.05,0.0
47,5,1,4,False,0.0019084809297728461,0.055044189168196866,3,qUCB,0.25,0.0,0.2,0.0,0.1,0.45,0.0
47,5,1,4,False,0.0019084809297728461,0.055044189168196866,4,qUCB,0.1,0.0,0.2,0.05,0.1,0.45,0.1
47,6,0,5,False,0.0006407706388054079,0.004160936229342216,0,qUCB,0.0,0.05,0.7000000000000001,0.05,0.0,0.1,0.1
47,6,0,5,False,0.0006407706388054079,0.004160936229342216,1,qUCB,0.1,0.0,0.2,0.05,0.1,0.45,0.1
47,6,0,5,False,0.0006407706388054079,0.004160936229342216,2,qUCB,0.15000000000000002,0.0,0.2,0.1,0.1,0.35000000000000003,0.1
47,6,0,5,False,0.0006407706388054079,0.004160936229342216,3,qUCB,0.2,0.0,0.2,0.05,0.1,0.45,0.0
47,6,0,5,False,0.0006407706388054079,0.004160936229342216,4,qUCB,0.05,0.0,0.2,0.1,0.1,0.45,0.1
48,1,5,0,True,0.0076285991003897935,0.23345150673211634,0,qEHVI,0.30000000000000004,0.0,0.6000000000000001,0.05,0.0,0.05,0.0
48,1,5,0,True,0.0076285991003897935,0.23345150673211634,1,qEHVI,0.15000000000000002,0.15000000000000002,0.6000000000000001,0.05,0.0,0.0,0.05
48,1,5,0,True,0.0076285991003897935,0.23345150673211634,2,qEHVI,0.05,0.1,0.7000000000000001,0.05,0.0,0.0,0.1
48,1,5,0,True,0.0076285991003897935,0.23345150673211634,3,qEHVI,0.1,0.15000000000000002,0.65,0.05,0.0,0.05,0.0
48,1,5,0,True,0.0076285991003897935,0.23345150673211634,4,qEHVI,0.2,0.1,0.6000000000000001,0.05,0.0,0.05,0.0
48,2,4,1,False,0.0070183036889207824,0.04127049787346948,0,qEHVI,0.30000000000000004,0.0,0.6000000000000001,0.05,0.0,0.05,0.0
48,2,4,1,False,0.0070183036889207824,0.04127049787346948,1,qEHVI,0.15000000000000002,0.15000000000000002,0.6000000000000001,0.05,0.0,0.0,0.05
48,2,4,1,False,0.0070183036889207824,0.04127049787346948,2,qEHVI,0.05,0.1,0.7000000000000001,0.05,0.0,0.0,0.1
48,2,4,1,False,0.0070183036889207824,0.04127049787346948,3,qEHVI,0.15000000000000002,0.15000000000000002,0.6000000000000001,0.05,0.0,0.05,0.0
48,2,4,1,False,0.0070183036889207824,0.04127049787346948,4,qUCB,0.05,0.0,0.2,0.1,0.1,0.45,0.1
48,3,3,2,False,0.006191635881227722,0.019133638094523064,0,qEHVI,0.30000000000000004,0.0,0.6000000000000001,0.05,0.0,0.05,0.0
48,3,3,2,False,0.006191635881227722,0.019133638094523064,1,qEHVI,0.15000000000000002,0.15000000000000002,0.6000000000000001,0.05,0.0,0.0,0.05
48,3,3,2,False,0.006191635881227722,0.019133638094523064,2,qEHVI,0.05,0.1,0.7000000000000001,0.05,0.0,0.0,0.1
48,3,3,2,False,0.006191635881227722,0.019133638094523064,3,qUCB,0.05,0.0,0.2,0.1,0.1,0.45,0.1
48,3,3,2,False,0.006191635881227722,0.019133638094523064,4,qUCB,0.0,0.0,0.30000000000000004,0.1,0.1,0.4,0.1
48,4,2,3,False,0.004463500974353875,0.023191442988949262,0,qEHVI,0.30000000000000004,0.0,0.6000000000000001,0.05,0.0,0.05,0.0
48,4,2,3,False,0.004463500974353875,0.023191442988949262,1,qEHVI,0.15000000000000002,0.15000000000000002,0.6000000000000001,0.05,0.0,0.0,0.05
48,4,2,3,False,0.004463500974353875,0.023191442988949262,2,qUCB,0.05,0.0,0.2,0.1,0.1,0.45,0.1
48,4,2,3,False,0.004463500974353875,0.023191442988949262,3,qUCB,0.0,0.0,0.4,0.0,0.1,0.4,0.1
48,4,2,3,False,0.004463500974353875,0.023191442988949262,4,qUCB,0.0,0.05,0.2,0.1,0.1,0.45,0.1
48,5,1,4,False,0.00254127225768941,0.02891665282420064,0,qEHVI,0.30000000000000004,0.0,0.6000000000000001,0.05,0.0,0.05,0.0
48,5,1,4,False,0.00254127225768941,0.02891665282420064,1,qUCB,0.0,0.05,0.2,0.1,0.1,0.45,0.1
48,5,1,4,False,0.00254127225768941,0.02891665282420064,2,qUCB,0.0,0.0,0.4,0.0,0.1,0.4,0.1
48,5,1,4,False,0.00254127225768941,0.02891665282420064,3,qUCB,0.05,0.0,0.2,0.1,0.1,0.45,0.1
48,5,1,4,False,0.00254127225768941,0.02891665282420064,4,qUCB,0.0,0.5,0.2,0.0,0.0,0.2,0.1
48,6,0,5,False,0.0006960644059604593,0.010494093030912088,0,qUCB,0.0,0.05,0.7000000000000001,0.05,0.0,0.1,0.1
48,6,0,5,False,0.0006960644059604593,0.010494093030912088,1,qUCB,0.05,0.0,0.2,0.1,0.1,0.45,0.1
48,6,0,5,False,0.0006960644059604593,0.010494093030912088,2,qUCB,0.15000000000000002,0.05,0.2,0.1,0.1,0.30000000000000004,0.1
48,6,0,5,False,0.0006960644059604593,0.010494093030912088,3,qUCB,0.1,0.0,0.4,0.1,0.1,0.2,0.1
48,6,0,5,False,0.0006960644059604593,0.010494093030912088,4,qUCB,0.2,0.0,0.2,0.1,0.1,0.4,0.0
49,1,5,0,True,0.0069637788709063664,0.07719981094165895,0,qEHVI,0.0,0.1,0.65,0.0,0.0,0.15000000000000002,0.1
49,1,5,0,True,0.0069637788709063664,0.07719981094165895,1,qEHVI,0.2,0.05,0.6000000000000001,0.05,0.0,0.05,0.05
49,1,5,0,True,0.0069637788709063664,0.07719981094165895,2,qEHVI,0.0,0.15000000000000002,0.7000000000000001,0.0,0.0,0.05,0.1
49,1,5,0,True,0.0069637788709063664,0.07719981094165895,3,qEHVI,0.15000000000000002,0.0,0.65,0.05,0.0,0.1,0.05
49,1,5,0,True,0.0069637788709063664,0.07719981094165895,4,qEHVI,0.2,0.2,0.4,0.1,0.0,0.0,0.1
49,2,4,1,False,0.005905844974001792,0.06495606526320863,0,qEHVI,0.0,0.1,0.65,0.0,0.0,0.15000000000000002,0.1
49,2,4,1,False,0.005905844974001792,0.06495606526320863,1,qEHVI,0.2,0.05,0.6000000000000001,0.05,0.0,0.05,0.05
49,2,4,1,False,0.005905844974001792,0.06495606526320863,2,qEHVI,0.0,0.15000000000000002,0.7000000000000001,0.0,0.0,0.05,0.1
49,2,4,1,False,0.005905844974001792,0.06495606526320863,3,qEHVI,0.15000000000000002,0.0,0.65,0.05,0.0,0.1,0.05
49,2,4,1,False,0.005905844974001792,0.06495606526320863,4,qUCB,0.0,0.05,0.2,0.1,0.1,0.45,0.1
49,3,3,2,False,0.005460286698966482,0.05326399285480177,0,qEHVI,0.0,0.1,0.65,0.0,0.0,0.15000000000000002,0.1
49,3,3,2,False,0.005460286698966482,0.05326399285480177,1,qEHVI,0.0,0.2,0.2,0.1,0.1,0.30000000000000004,0.1
49,3,3,2,False,0.005460286698966482,0.05326399285480177,2,qEHVI,0.2,0.05,0.6000000000000001,0.05,0.0,0.05,0.05
49,3,3,2,False,0.005460286698966482,0.05326399285480177,3,qUCB,0.2,0.5,0.2,0.1,0.0,0.0,0.0
49,3,3,2,False,0.005460286698966482,0.05326399285480177,4,qUCB,0.0,0.5,0.2,0.0,0.0,0.2,0.1
49,4,2,3,False,0.003923507318103543,0.059090439582674126,0,qEHVI,0.0,0.1,0.65,0.0,0.0,0.15000000000000002,0.1
49,4,2,3,False,0.003923507318103543,0.059090439582674126,1,qEHVI,0.2,0.05,0.6000000000000001,0.05,0.0,0.05,0.05
49,4,2,3,False,0.003923507318103543,0.059090439582674126,2,qUCB,0.0,0.05,0.30000000000000004,0.1,0.1,0.35000000000000003,0.1
49,4,2,3,False,0.003923507318103543,0.059090439582674126,3,qUCB,0.0,0.05,0.2,0.1,0.1,0.45,0.1
49,4,2,3,False,0.003923507318103543,0.059090439582674126,4,qUCB,0.0,0.2,0.2,0.1,0.1,0.30000000000000004,0.1
49,5,1,4,False,0.0025117119873102837,0.03500387648404396,0,qEHVI,0.0,0.1,0.65,0.0,0.0,0.15000000000000002,0.1
49,5,1,4,False,0.0025117119873102837,0.03500387648404396,1,qUCB,0.2,0.5,0.2,0.1,0.0,0.0,0.0
49,5,1,4,False,0.0025117119873102837,0.03500387648404396,2,qUCB,0.35000000000000003,0.15000000000000002,0.2,0.1,0.1,0.1,0.0
49,5,1,4,False,0.0025117119873102837,0.03500387648404396,3,qUCB,0.0,0.2,0.2,0.1,0.1,0.30000000000000004,0.1
49,5,1,4,False,0.0025117119873102837,0.03500387648404396,4,qUCB,0.35000000000000003,0.15000000000000002,0.2,0.1,0.1,0.0,0.1
49,6,0,5,False,0.0044013280183960385,0.012934831858036011,0,qUCB,0.0,0.05,0.7000000000000001,0.05,0.0,0.1,0.1
49,6,0,5,False,0.0044013280183960385,0.012934831858036011,1,qUCB,0.0,0.2,0.2,0.1,0.1,0.30000000000000004,0.1
49,6,0,5,False,0.0044013280183960385,0.012934831858036011,2,qUCB,0.2,0.0,0.30000000000000004,0.1,0.0,0.30000000000000004,0.1
49,6,0,5,False,0.0044013280183960385,0.012934831858036011,3,qUCB,0.0,0.30000000000000004,0.2,0.1,0.0,0.30000000000000004,0.1
49,6,0,5,False,0.0044013280183960385,0.012934831858036011,4,qUCB,0.0,0.2,0.5,0.0,0.0,0.30000000000000004,0.0
50,1,5,0,True,0.006100842124295174,0.29043094162513405,0,qEHVI,0.35000000000000003,0.0,0.6000000000000001,0.0,0.0,0.05,0.0
50,1,5,0,True,0.006100842124295174,0.29043094162513405,1,qEHVI,0.15000000000000002,0.05,0.6000000000000001,0.1,0.0,0.05,0.05
50,1,5,0,True,0.006100842124295174,0.29043094162513405,2,qEHVI,0.1,0.2,0.6000000000000001,0.1,0.0,0.0,0.0
50,1,5,0,True,0.006100842124295174,0.29043094162513405,3,qEHVI,0.0,0.0,0.4,0.0,0.1,0.4,0.1
50,1,5,0,True,0.006100842124295174,0.29043094162513405,4,qEHVI,0.0,0.0,0.6000000000000001,0.1,0.0,0.25,0.05
50,2,4,1,False,0.004042570632767093,0.6933553439533076,0,qEHVI,0.35000000000000003,0.0,0.6000000000000001,0.0,0.0,0.05,0.0
50,2,4,1,False,0.004042570632767093,0.6933553439533076,1,qEHVI,0.0,0.30000000000000004,0.2,0.0,0.1,0.30000000000000004,0.1
50,2,4,1,False,0.004042570632767093,0.6933553439533076,2,qEHVI,0.15000000000000002,0.05,0.6000000000000001,0.1,0.0,0.05,0.05
50,2,4,1,False,0.004042570632767093,0.6933553439533076,3,qEHVI,0.0,0.35000000000000003,0.2,0.1,0.0,0.25,0.1
50,2,4,1,False,0.004042570632767093,0.6933553439533076,4,qUCB,0.0,0.0,0.5,0.0,0.0,0.45,0.05
50,3,3,2,False,0.005608435228679597,0.07744482415322551,0,qEHVI,0.35000000000000003,0.0,0.6000000000000001,0.0,0.0,0.05,0.0
50,3,3,2,False,0.005608435228679597,0.07744482415322551,1,qEHVI,0.15000000000000002,0.05,0.6000000000000001,0.1,0.0,0.05,0.05
50,3,3,2,False,0.005608435228679597,0.07744482415322551,2,qEHVI,0.15000000000000002,0.05,0.7000000000000001,0.05,0.0,0.0,0.05
50,3,3,2,False,0.005608435228679597,0.07744482415322551,3,qUCB,0.0,0.0,0.4,0.0,0.1,0.4,0.1
50,3,3,2,False,0.005608435228679597,0.07744482415322551,4,qUCB,0.0,0.30000000000000004,0.2,0.0,0.1,0.30000000000000004,0.1
50,4,2,3,False,0.007531790321700316,0.012044178905858516,0,qEHVI,0.35000000000000003,0.0,0.6000000000000001,0.0,0.0,0.05,0.0
50,4,2,3,False,0.007531790321700316,0.012044178905858516,1,qEHVI,0.15000000000000002,0.05,0.6000000000000001,0.1,0.0,0.05,0.05
50,4,2,3,False,0.007531790321700316,0.012044178905858516,2,qUCB,0.0,0.0,0.4,0.0,0.1,0.4,0.1
50,4,2,3,False,0.007531790321700316,0.012044178905858516,3,qUCB,0.0,0.30000000000000004,0.2,0.0,0.1,0.30000000000000004,0.1
50,4,2,3,False,0.007531790321700316,0.012044178905858516,4,qUCB,0.0,0.05,0.30000000000000004,0.0,0.1,0.45,0.1
50,5,1,4,False,0.0036177855991041223,0.060518743085065996,0,qEHVI,0.35000000000000003,0.0,0.6000000000000001,0.0,0.0,0.05,0.0
50,5,1,4,False,0.0036177855991041223,0.060518743085065996,1,qUCB,0.0,0.0,0.30000000000000004,0.1,0.1,0.4,0.1
50,5,1,4,False,0.0036177855991041223,0.060518743085065996,2,qUCB,0.0,0.30000000000000004,0.2,0.0,0.1,0.30000000000000004,0.1
50,5,1,4,False,0.0036177855991041223,0.060518743085065996,3,qUCB,0.0,0.35000000000000003,0.2,0.1,0.0,0.25,0.1
50,5,1,4,False,0.0036177855991041223,0.060518743085065996,4,qUCB,0.0,0.1,0.2,0.1,0.1,0.4,0.1
50,6,0,5,False,0.003873992452306557,0.018623623530543587,0,qUCB,0.0,0.05,0.7000000000000001,0.05,0.0,0.1,0.1
50,6,0,5,False,0.003873992452306557,0.018623623530543587,1,qUCB,0.0,0.30000000000000004,0.2,0.0,0.1,0.30000000000000004,0.1
50,6,0,5,False,0.003873992452306557,0.018623623530543587,2,qUCB,0.0,0.2,0.5,0.0,0.0,0.30000000000000004,0.0
50,6,0,5,False,0.003873992452306557,0.018623623530543587,3,qUCB,0.0,0.35000000000000003,0.2,0.1,0.0,0.25,0.1
50,6,0,5,False,0.003873992452306557,0.018623623530543587,4,qUCB,0.1,0.0,0.30000000000000004,0.05,0.1,0.35000000000000003,0.1
51,1,5,0,True,0.0027819161106178436,1.4416587718635228,0,qEHVI,0.0,0.2,0.2,0.1,0.1,0.30000000000000004,0.1
51,1,5,0,True,0.0027819161106178436,1.4416587718635228,1,qEHVI,0.0,0.05,0.7000000000000001,0.05,0.0,0.1,0.1
51,1,5,0,True,0.0027819161106178436,1.4416587718635228,2,qEHVI,0.0,0.05,0.6000000000000001,0.1,0.0,0.2,0.05
51,1,5,0,True,0.0027819161106178436,1.4416587718635228,3,qEHVI,0.0,0.15000000000000002,0.65,0.1,0.0,0.1,0.0
51,1,5,0,True,0.0027819161106178436,1.4416587718635228,4,qEHVI,0.05,0.2,0.6000000000000001,0.1,0.0,0.0,0.05
51,2,4,1,False,0.0018571897535702543,0.11885391138739898,0,qEHVI,0.0,0.2,0.2,0.1,0.1,0.30000000000000004,0.1
51,2,4,1,False,0.0018571897535702543,0.11885391138739898,1,qEHVI,0.0,0.05,0.7000000000000001,0.05,0.0,0.1,0.1
51,2,4,1,False,0.0018571897535702543,0.11885391138739898,2,qEHVI,0.0,0.05,0.6000000000000001,0.1,0.0,0.2,0.05
51,2,4,1,False,0.0018571897535702543,0.11885391138739898,3,qEHVI,0.0,0.30000000000000004,0.2,0.05,0.1,0.25,0.1
51,2,4,1,False,0.0018571897535702543,0.11885391138739898,4,qUCB,0.30000000000000004,0.4,0.30000000000000004,0.0,0.0,0.0,0.0
51,3,3,2,False,0.0038466824617142846,0.7035742564281868,0,qEHVI,0.0,0.05,0.7000000000000001,0.05,0.0,0.1,0.1
51,3,3,2,False,0.0038466824617142846,0.7035742564281868,1,qEHVI,0.0,0.05,0.6000000000000001,0.1,0.0,0.2,0.05
51,3,3,2,False,0.0038466824617142846,0.7035742564281868,2,qEHVI,0.0,0.15000000000000002,0.65,0.1,0.0,0.1,0.0
51,3,3,2,False,0.0038466824617142846,0.7035742564281868,3,qUCB,0.35000000000000003,0.35000000000000003,0.2,0.0,0.0,0.05,0.05
51,3,3,2,False,0.0038466824617142846,0.7035742564281868,4,qUCB,0.0,0.30000000000000004,0.2,0.0,0.1,0.30000000000000004,0.1
51,4,2,3,False,0.0019078997152646299,0.03371908686044445,0,qEHVI,0.0,0.2,0.2,0.1,0.1,0.30000000000000004,0.1
51,4,2,3,False,0.0019078997152646299,0.03371908686044445,1,qEHVI,0.0,0.0,0.30000000000000004,0.1,0.1,0.4,0.1
51,4,2,3,False,0.0019078997152646299,0.03371908686044445,2,qUCB,0.30000000000000004,0.0,0.65,0.0,0.0,0.05,0.0
51,4,2,3,False,0.0019078997152646299,0.03371908686044445,3,qUCB,0.30000000000000004,0.2,0.5,0.0,0.0,0.0,0.0
51,4,2,3,False,0.0019078997152646299,0.03371908686044445,4,qUCB,0.30000000000000004,0.4,0.30000000000000004,0.0,0.0,0.0,0.0
51,5,1,4,False,0.0006889694436617111,0.004845158060984109,0,qEHVI,0.0,0.2,0.2,0.1,0.1,0.30000000000000004,0.1
51,5,1,4,False,0.0006889694436617111,0.004845158060984109,1,qUCB,0.30000000000000004,0.0,0.65,0.0,0.0,0.05,0.0
51,5,1,4,False,0.0006889694436617111,0.004845158060984109,2,qUCB,0.0,0.4,0.2,0.0,0.0,0.30000000000000004,0.1
51,5,1,4,False,0.0006889694436617111,0.004845158060984109,3,qUCB,0.35000000000000003,0.0,0.30000000000000004,0.0,0.0,0.35000000000000003,0.0
51,5,1,4,False,0.0006889694436617111,0.004845158060984109,4,qUCB,0.2,0.05,0.7000000000000001,0.0,0.0,0.05,0.0
51,6,0,5,False,0.003427557455309438,0.7183982622006799,0,qUCB,0.0,0.05,0.7000000000000001,0.05,0.0,0.1,0.1
51,6,0,5,False,0.003427557455309438,0.7183982622006799,1,qUCB,0.0,0.2,0.2,0.1,0.1,0.30000000000000004,0.1
51,6,0,5,False,0.003427557455309438,0.7183982622006799,2,qUCB,0.2,0.0,0.30000000000000004,0.0,0.1,0.30000000000000004,0.1
51,6,0,5,False,0.003427557455309438,0.7183982622006799,3,qUCB,0.0,0.05,0.5,0.1,0.1,0.25,0.0
51,6,0,5,False,0.003427557455309438,0.7183982622006799,4,qUCB,0.0,0.4,0.2,0.0,0.0,0.30000000000000004,0.1
52,1,5,0,True,0.0034485806178293213,0.05237989827669587,0,qEHVI,0.30000000000000004,0.0,0.30000000000000004,0.0,0.0,0.30000000000000004,0.1
52,1,5,0,True,0.0034485806178293213,0.05237989827669587,1,qEHVI,0.0,0.0,0.55,0.1,0.0,0.25,0.1
52,1,5,0,True,0.0034485806178293213,0.05237989827669587,2,qEHVI,0.05,0.0,0.65,0.05,0.0,0.2,0.05
52,1,5,0,True,0.0034485806178293213,0.05237989827669587,3,qEHVI,0.15000000000000002,0.05,0.7000000000000001,0.05,0.0,0.0,0.05
52,1,5,0,True,0.0034485806178293213,0.05237989827669587,4,qEHVI,0.25,0.35000000000000003,0.30000000000000004,0.1,0.0,0.0,0.0
52,2,4,1,False,0.0026396360425902194,0.04820746790011432,0,qEHVI,0.0,0.0,0.55,0.1,0.0,0.25,0.1
52,2,4,1,False,0.0026396360425902194,0.04820746790011432,1,qEHVI,0.05,0.0,0.65,0.05,0.0,0.2,0.05
52,2,4,1,False,0.0026396360425902194,0.04820746790011432,2,qEHVI,0.2,0.0,0.30000000000000004,0.1,0.0,0.30000000000000004,0.1
52,2,4,1,False,0.0026396360425902194,0.04820746790011432,3,qEHVI,0.25,0.35000000000000003,0.30000000000000004,0.1,0.0,0.0,0.0
52,2,4,1,False,0.0026396360425902194,0.04820746790011432,4,qUCB,0.0,0.45,0.30000000000000004,0.0,0.1,0.05,0.1
52,3,3,2,False,0.0028662529261582453,0.04248985177071285,0,qEHVI,0.0,0.0,0.55,0.1,0.0,0.25,0.1
52,3,3,2,False,0.0028662529261582453,0.04248985177071285,1,qEHVI,0.05,0.0,0.65,0.05,0.0,0.2,0.05
52,3,3,2,False,0.0028662529261582453,0.04248985177071285,2,qEHVI,0.25,0.35000000000000003,0.30000000000000004,0.1,0.0,0.0,0.0
52,3,3,2,False,0.0028662529261582453,0.04248985177071285,3,qUCB,0.0,0.45,0.30000000000000004,0.0,0.1,0.05,0.1
52,3,3,2,False,0.0028662529261582453,0.04248985177071285,4,qUCB,0.0,0.5,0.2,0.0,0.1,0.1,0.1
52,4,2,3,False,0.0018482740809000902,0.023380108779281095,0,qEHVI,0.0,0.0,0.55,0.1,0.0,0.25,0.1
52,4,2,3,False,0.0018482740809000902,0.023380108779281095,1,qEHVI,0.05,0.0,0.65,0.05,0.0,0.2,0.05
52,4,2,3,False,0.0018482740809000902,0.023380108779281095,2,qUCB,0.30000000000000004,0.4,0.2,0.1,0.0,0.0,0.0
52,4,2,3,False,0.0018482740809000902,0.023380108779281095,3,qUCB,0.0,0.5,0.2,0.0,0.1,0.1,0.1
52,4,2,3,False,0.0018482740809000902,0.023380108779281095,4,qUCB,0.35000000000000003,0.25,0.2,0.0,0.1,0.0,0.1
52,5,1,4,False,0.0014614385515225067,0.006596449931776771,0,qEHVI,0.0,0.0,0.55,0.1,0.0,0.25,0.1
52,5,1,4,False,0.0014614385515225067,0.006596449931776771,1,qUCB,0.35000000000000003,0.35000000000000003,0.30000000000000004,0.0,0.0,0.0,0.0
52,5,1,4,False,0.0014614385515225067,0.006596449931776771,2,qUCB,0.30000000000000004,0.45,0.2,0.0,0.0,0.05,0.0
52,5,1,4,False,0.0014614385515225067,0.006596449931776771,3,qUCB,0.0,0.5,0.4,0.0,0.1,0.0,0.0
52,5,1,4,False,0.0014614385515225067,0.006596449931776771,4,qUCB,0.35000000000000003,0.25,0.2,0.0,0.1,0.0,0.1
52,6,0,5,False,0.0017366840109791734,0.17330980478623914,0,qUCB,0.0,0.0,0.55,0.1,0.0,0.25,0.1
52,6,0,5,False,0.0017366840109791734,0.17330980478623914,1,qUCB,0.2,0.0,0.30000000000000004,0.1,0.0,0.30000000000000004,0.1
52,6,0,5,False,0.0017366840109791734,0.17330980478623914,2,qUCB,0.2,0.0,0.30000000000000004,0.0,0.1,0.30000000000000004,0.1
52,6,0,5,False,0.0017366840109791734,0.17330980478623914,3,qUCB,0.0,0.2,0.30000000000000004,0.1,0.0,0.30000000000000004,0.1
52,6,0,5,False,0.0017366840109791734,0.17330980478623914,4,qUCB,0.0,0.25,0.5,0.0,0.0,0.25,0.0
53,1,5,0,True,0.0050006704033135185,0.061115686689950266,0,qEHVI,0.0,0.2,0.6000000000000001,0.1,0.0,0.0,0.1
53,1,5,0,True,0.0050006704033135185,0.061115686689950266,1,qEHVI,0.0,0.05,0.7000000000000001,0.05,0.0,0.15000000000000002,0.05
53,1,5,0,True,0.0050006704033135185,0.061115686689950266,2,qEHVI,0.05,0.1,0.65,0.1,0.0,0.1,0.0
53,1,5,0,True,0.0050006704033135185,0.061115686689950266,3,qEHVI,0.0,0.0,0.65,0.05,0.0,0.25,0.05
53,1,5,0,True,0.0050006704033135185,0.061115686689950266,4,qEHVI,0.35000000000000003,0.0,0.5,0.0,0.0,0.05,0.1
53,2,4,1,False,0.004934304653046857,0.004825762688934532,0,qEHVI,0.0,0.05,0.7000000000000001,0.05,0.0,0.15000000000000002,0.05
53,2,4,1,False,0.004934304653046857,0.004825762688934532,1,qEHVI,0.0,0.2,0.6000000000000001,0.1,0.0,0.0,0.1
53,2,4,1,False,0.004934304653046857,0.004825762688934532,2,qEHVI,0.35000000000000003,0.0,0.5,0.0,0.0,0.05,0.1
53,2,4,1,False,0.004934304653046857,0.004825762688934532,3,qEHVI,0.05,0.1,0.65,0.1,0.0,0.1,0.0
53,2,4,1,False,0.004934304653046857,0.004825762688934532,4,qUCB,0.0,0.0,0.30000000000000004,0.1,0.1,0.4,0.1
53,3,3,2,False,0.00346269049464135,0.10269018214715153,0,qEHVI,0.0,0.2,0.6000000000000001,0.1,0.0,0.0,0.1
53,3,3,2,False,0.00346269049464135,0.10269018214715153,1,qEHVI,0.0,0.05,0.7000000000000001,0.05,0.0,0.15000000000000002,0.05
53,3,3,2,False,0.00346269049464135,0.10269018214715153,2,qEHVI,0.05,0.1,0.65,0.1,0.0,0.1,0.0
53,3,3,2,False,0.00346269049464135,0.10269018214715153,3,qUCB,0.35000000000000003,0.4,0.2,0.0,0.0,0.0,0.05
53,3,3,2,False,0.00346269049464135,0.10269018214715153,4,qUCB,0.35000000000000003,0.2,0.2,0.0,0.1,0.05,0.1
53,4,2,3,False,0.0026410384739787903,0.003712423639857576,0,qEHVI,0.0,0.2,0.6000000000000001,0.1,0.0,0.0,0.1
53,4,2,3,False,0.0026410384739787903,0.003712423639857576,1,qEHVI,0.0,0.05,0.7000000000000001,0.05,0.0,0.15000000000000002,0.05
53,4,2,3,False,0.0026410384739787903,0.003712423639857576,2,qUCB,0.30000000000000004,0.45,0.2,0.0,0.0,0.05,0.0
53,4,2,3,False,0.0026410384739787903,0.003712423639857576,3,qUCB,0.35000000000000003,0.1,0.2,0.1,0.1,0.15000000000000002,0.0
53,4,2,3,False,0.0026410384739787903,0.003712423639857576,4,qUCB,0.35000000000000003,0.2,0.2,0.0,0.1,0.05,0.1
53,5,1,4,False,0.0016624043257110078,0.006860441751669666,0,qEHVI,0.0,0.2,0.6000000000000001,0.1,0.0,0.0,0.1
53,5,1,4,False,0.0016624043257110078,0.006860441751669666,1,qUCB,0.35000000000000003,0.35000000000000003,0.30000000000000004,0.0,0.0,0.0,0.0
53,5,1,4,False,0.0016624043257110078,0.006860441751669666,2,qUCB,0.35000000000000003,0.0,0.2,0.0,0.1,0.35000000000000003,0.0
53,5,1,4,False,0.0016624043257110078,0.006860441751669666,3,qUCB,0.1,0.0,0.30000000000000004,0.0,0.1,0.4,0.1
53,5,1,4,False,0.0016624043257110078,0.006860441751669666,4,qUCB,0.30000000000000004,0.0,0.30000000000000004,0.0,0.1,0.30000000000000004,0.0
53,6,0,5,False,0.0010417485520276717,0.1533757591327527,0,qUCB,0.05,0.0,0.65,0.1,0.0,0.15000000000000002,0.05
53,6,0,5,False,0.0010417485520276717,0.1533757591327527,1,qUCB,0.0,0.2,0.5,0.0,0.0,0.30000000000000004,0.0
53,6,0,5,False,0.0010417485520276717,0.1533757591327527,2,qUCB,0.0,0.1,0.35000000000000003,0.1,0.0,0.35000000000000003,0.1
53,6,0,5,False,0.0010417485520276717,0.1533757591327527,3,qUCB,0.0,0.05,0.5,0.1,0.1,0.25,0.0
53,6,0,5,False,0.0010417485520276717,0.1533757591327527,4,qUCB,0.0,0.15000000000000002,0.5,0.1,0.0,0.15000000000000002,0.1
54,1,5,0,True,0.0031236723069194144,0.0536863618193788,0,qEHVI,0.35000000000000003,0.0,0.55,0.1,0.0,0.0,0.0
54,1,5,0,True,0.0031236723069194144,0.0536863618193788,1,qEHVI,0.15000000000000002,0.4,0.4,0.0,0.0,0.05,0.0
54,1,5,0,True,0.0031236723069194144,0.0536863618193788,2,qEHVI,0.1,0.05,0.7000000000000001,0.0,0.0,0.05,0.1
54,1,5,0,True,0.0031236723069194144,0.0536863618193788,3,qEHVI,0.25,0.25,0.5,0.0,0.0,0.0,0.0
54,1,5,0,True,0.0031236723069194144,0.0536863618193788,4,qEHVI,0.0,0.15000000000000002,0.6000000000000001,0.1,0.0,0.05,0.1
54,2,4,1,False,0.002111764235222127,0.2850763495911135,0,qEHVI,0.35000000000000003,0.0,0.55,0.1,0.0,0.0,0.0
54,2,4,1,False,0.002111764235222127,0.2850763495911135,1,qEHVI,0.15000000000000002,0.4,0.4,0.0,0.0,0.05,0.0
54,2,4,1,False,0.002111764235222127,0.2850763495911135,2,qEHVI,0.25,0.25,0.5,0.0,0.0,0.0,0.0
54,2,4,1,False,0.002111764235222127,0.2850763495911135,3,qEHVI,0.1,0.05,0.7000000000000001,0.0,0.0,0.05,0.1
54,2,4,1,False,0.002111764235222127,0.2850763495911135,4,qUCB,0.0,0.0,0.30000000000000004,0.1,0.1,0.45,0.05
54,3,3,2,False,0.0023641035159087196,0.04850938888978007,0,qEHVI,0.35000000000000003,0.0,0.55,0.1,0.0,0.0,0.0
54,3,3,2,False,0.0023641035159087196,0.04850938888978007,1,qEHVI,0.0,0.30000000000000004,0.5,0.1,0.1,0.0,0.0
54,3,3,2,False,0.0023641035159087196,0.04850938888978007,2,qEHVI,0.0,0.15000000000000002,0.6000000000000001,0.1,0.0,0.05,0.1
54,3,3,2,False,0.0023641035159087196,0.04850938888978007,3,qUCB,0.05,0.0,0.30000000000000004,0.0,0.1,0.45,0.1
54,3,3,2,False,0.0023641035159087196,0.04850938888978007,4,qUCB,0.15000000000000002,0.0,0.2,0.0,0.1,0.45,0.1
54,4,2,3,False,0.0015632098526261356,0.0353912520452031,0,qEHVI,0.35000000000000003,0.0,0.55,0.1,0.0,0.0,0.0
54,4,2,3,False,0.0015632098526261356,0.0353912520452031,1,qEHVI,0.15000000000000002,0.4,0.4,0.0,0.0,0.05,0.0
54,4,2,3,False,0.0015632098526261356,0.0353912520452031,2,qUCB,0.0,0.0,0.30000000000000004,0.05,0.1,0.45,0.1
54,4,2,3,False,0.0015632098526261356,0.0353912520452031,3,qUCB,0.0,0.0,0.35000000000000003,0.1,0.05,0.4,0.1
54,4,2,3,False,0.0015632098526261356,0.0353912520452031,4,qUCB,0.0,0.0,0.30000000000000004,0.1,0.1,0.45,0.05
54,5,1,4,False,0.0007309834335201649,0.001212752024705166,0,qEHVI,0.35000000000000003,0.0,0.55,0.1,0.0,0.0,0.0
54,5,1,4,False,0.0007309834335201649,0.001212752024705166,1,qUCB,0.0,0.05,0.30000000000000004,0.0,0.1,0.45,0.1
54,5,1,4,False,0.0007309834335201649,0.001212752024705166,2,qUCB,0.0,0.5,0.2,0.0,0.1,0.1,0.1
54,5,1,4,False,0.0007309834335201649,0.001212752024705166,3,qUCB,0.0,0.05,0.35000000000000003,0.0,0.1,0.4,0.1
54,5,1,4,False,0.0007309834335201649,0.001212752024705166,4,qUCB,0.0,0.5,0.2,0.0,0.0,0.2,0.1
54,6,0,5,False,0.0017952495716420241,0.00858491288094465,0,qUCB,0.0,0.1,0.65,0.1,0.0,0.1,0.05
54,6,0,5,False,0.0017952495716420241,0.00858491288094465,1,qUCB,0.0,0.15000000000000002,0.5,0.0,0.0,0.35000000000000003,0.0
54,6,0,5,False,0.0017952495716420241,0.00858491288094465,2,qUCB,0.0,0.05,0.5,0.1,0.1,0.25,0.0
54,6,0,5,False,0.0017952495716420241,0.00858491288094465,3,qUCB,0.0,0.1,0.35000000000000003,0.1,0.0,0.35000000000000003,0.1
54,6,0,5,False,0.0017952495716420241,0.00858491288094465,4,qUCB,0.1,0.0,0.4,0.1,0.1,0.2,0.1
55,1,5,0,True,0.004034726884233366,0.28663571427341594,0,qEHVI,0.1,0.05,0.65,0.05,0.0,0.1,0.05
55,1,5,0,True,0.004034726884233366,0.28663571427341594,1,qEHVI,0.05,0.2,0.65,0.0,0.0,0.0,0.1
55,1,5,0,True,0.004034726884233366,0.28663571427341594,2,qEHVI,0.05,0.1,0.65,0.05,0.0,0.05,0.1
55,1,5,0,True,0.004034726884233366,0.28663571427341594,3,qEHVI,0.1,0.1,0.65,0.0,0.0,0.1,0.05
55,1,5,0,True,0.004034726884233366,0.28663571427341594,4,qEHVI,0.0,0.05,0.65,0.05,0.0,0.2,0.05
55,2,4,1,False,0.003364677436420297,1.0713467099087453,0,qEHVI,0.1,0.05,0.65,0.05,0.0,0.1,0.05
55,2,4,1,False,0.003364677436420297,1.0713467099087453,1,qEHVI,0.05,0.2,0.65,0.0,0.0,0.0,0.1
55,2,4,1,False,0.003364677436420297,1.0713467099087453,2,qEHVI,0.05,0.1,0.65,0.05,0.0,0.05,0.1
55,2,4,1,False,0.003364677436420297,1.0713467099087453,3,qEHVI,0.0,0.05,0.65,0.05,0.0,0.2,0.05
55,2,4,1,False,0.003364677436420297,1.0713467099087453,4,qUCB,0.35000000000000003,0.25,0.2,0.1,0.1,0.0,0.0
55,3,3,2,False,0.0021498122622925792,0.12067234619660283,0,qEHVI,0.1,0.05,0.65,0.05,0.0,0.1,0.05
55,3,3,2,False,0.0021498122622925792,0.12067234619660283,1,qEHVI,0.05,0.2,0.65,0.0,0.0,0.0,0.1
55,3,3,2,False,0.0021498122622925792,0.12067234619660283,2,qEHVI,0.35000000000000003,0.2,0.2,0.1,0.1,0.05,0.0
55,3,3,2,False,0.0021498122622925792,0.12067234619660283,3,qUCB,0.0,0.05,0.2,0.1,0.1,0.45,0.1
55,3,3,2,False,0.0021498122622925792,0.12067234619660283,4,qUCB,0.15000000000000002,0.0,0.2,0.0,0.1,0.45,0.1
55,4,2,3,False,0.001832659867341798,0.018610323950666086,0,qEHVI,0.05,0.0,0.2,0.1,0.1,0.45,0.1
55,4,2,3,False,0.001832659867341798,0.018610323950666086,1,qEHVI,0.1,0.05,0.65,0.05,0.0,0.1,0.05
55,4,2,3,False,0.001832659867341798,0.018610323950666086,2,qUCB,0.35000000000000003,0.25,0.2,0.1,0.1,0.0,0.0
55,4,2,3,False,0.001832659867341798,0.018610323950666086,3,qUCB,0.2,0.5,0.2,0.0,0.0,0.1,0.0
55,4,2,3,False,0.001832659867341798,0.018610323950666086,4,qUCB,0.1,0.5,0.2,0.0,0.0,0.1,0.1
55,5,1,4,False,0.0015511030746852932,0.16314015207651744,0,qEHVI,0.1,0.05,0.65,0.05,0.0,0.1,0.05
55,5,1,4,False,0.0015511030746852932,0.16314015207651744,1,qUCB,0.05,0.0,0.2,0.1,0.1,0.45,0.1
55,5,1,4,False,0.0015511030746852932,0.16314015207651744,2,qUCB,0.35000000000000003,0.25,0.2,0.1,0.1,0.0,0.0
55,5,1,4,False,0.0015511030746852932,0.16314015207651744,3,qUCB,0.0,0.05,0.2,0.1,0.1,0.45,0.1
55,5,1,4,False,0.0015511030746852932,0.16314015207651744,4,qUCB,0.2,0.5,0.2,0.0,0.0,0.1,0.0
55,6,0,5,False,0.001161480818884369,0.18939872535369995,0,qUCB,0.0,0.1,0.65,0.1,0.0,0.1,0.05
55,6,0,5,False,0.001161480818884369,0.18939872535369995,1,qUCB,0.05,0.0,0.2,0.1,0.1,0.45,0.1
55,6,0,5,False,0.001161480818884369,0.18939872535369995,2,qUCB,0.0,0.1,0.6000000000000001,0.1,0.0,0.1,0.1
55,6,0,5,False,0.001161480818884369,0.18939872535369995,3,qUCB,0.15000000000000002,0.0,0.35000000000000003,0.1,0.1,0.2,0.1
55,6,0,5,False,0.001161480818884369,0.18939872535369995,4,qUCB,0.35000000000000003,0.2,0.2,0.1,0.1,0.05,0.0
