iteration,option,n_opt,n_exp,selected,full_qehvi,full_entropy,point_idx,source,x_0,x_1,x_2,x_3,x_4,x_5,x_6,x_7,x_8,x_9,x_10,x_11,x_12,x_13,x_14
1,1,5,0,False,2.8013157566376266,0.248205793088621,0,qEHVI,0.4,0.46,0.04,0.0,0.04,0.0,0.0,0.0,0.04,0.0,0.0,0.02,0.0,0.0,0.0
1,1,5,0,False,2.8013157566376266,0.248205793088621,1,qEHVI,0.08,0.0,0.84,0.0,0.04,0.0,0.0,0.0,0.02,0.0,0.0,0.0,0.0,0.0,0.02
1,1,5,0,False,2.8013157566376266,0.248205793088621,2,qEHVI,0.02,0.48,0.4,0.0,0.02,0.0,0.0,0.0,0.0,0.0,0.0,0.04,0.0,0.0,0.04
1,1,5,0,False,2.8013157566376266,0.248205793088621,3,qEHVI,0.0,0.48,0.46,0.02,0.0,0.0,0.0,0.0,0.04,0.0,0.0,0.0,0.0,0.0,0.0
1,1,5,0,False,2.8013157566376266,0.248205793088621,4,qEHVI,0.06,0.52,0.32,0.02,0.04,0.0,0.0,0.0,0.0,0.0,0.0,0.04,0.0,0.0,0.0
1,2,4,1,True,2.793006721110051,0.4274875843511552,0,qEHVI,0.4,0.46,0.04,0.0,0.04,0.0,0.0,0.0,0.04,0.0,0.0,0.02,0.0,0.0,0.0
1,2,4,1,True,2.793006721110051,0.4274875843511552,1,qEHVI,0.14,0.0,0.76,0.02,0.04,0.0,0.0,0.0,0.0,0.0,0.0,0.0,0.0,0.0,0.04
1,2,4,1,True,2.793006721110051,0.4274875843511552,2,qEHVI,0.02,0.48,0.4,0.0,0.02,0.0,0.0,0.0,0.0,0.0,0.0,0.04,0.0,0.0,0.04
1,2,4,1,True,2.793006721110051,0.4274875843511552,3,qEHVI,0.3,0.5,0.12,0.0,0.0,0.0,0.0,0.0,0.04,0.0,0.0,0.04,0.0,0.0,0.0
1,2,4,1,True,2.793006721110051,0.4274875843511552,4,qUCB,0.76,0.08,0.08,0.04,0.0,0.0,0.0,0.0,0.0,0.0,0.0,0.0,0.0,0.04,0.0
1,3,3,2,False,2.6386031455381476,0.30140223624061235,0,qEHVI,0.4,0.46,0.04,0.0,0.04,0.0,0.0,0.0,0.04,0.0,0.0,0.02,0.0,0.0,0.0
1,3,3,2,False,2.6386031455381476,0.30140223624061235,1,qEHVI,0.08,0.0,0.84,0.0,0.04,0.0,0.0,0.0,0.02,0.0,0.0,0.0,0.0,0.0,0.02
1,3,3,2,False,2.6386031455381476,0.30140223624061235,2,qEHVI,0.64,0.0,0.28,0.04,0.0,0.0,0.0,0.0,0.04,0.0,0.0,0.0,0.0,0.0,0.0
1,3,3,2,False,2.6386031455381476,0.30140223624061235,3,qUCB,0.02,0.9,0.0,0.02,0.0,0.0,0.0,0.0,0.0,0.0,0.0,0.0,0.0,0.04,0.02
1,3,3,2,False,2.6386031455381476,0.30140223624061235,4,qUCB,0.8200000000000001,0.04,0.06,0.0,0.0,0.0,0.0,0.0,0.0,0.0,0.0,0.0,0.0,0.04,0.04
1,4,2,3,False,2.5644468742623405,0.2695644343300252,0,qEHVI,0.4,0.46,0.04,0.0,0.04,0.0,0.0,0.0,0.04,0.0,0.0,0.02,0.0,0.0,0.0
1,4,2,3,False,2.5644468742623405,0.2695644343300252,1,qEHVI,0.08,0.0,0.84,0.0,0.04,0.0,0.0,0.0,0.02,0.0,0.0,0.0,0.0,0.0,0.02
1,4,2,3,False,2.5644468742623405,0.2695644343300252,2,qUCB,0.88,0.02,0.0,0.04,0.0,0.0,0.0,0.0,0.0,0.0,0.0,0.0,0.0,0.04,0.02
1,4,2,3,False,2.5644468742623405,0.2695644343300252,3,qUCB,0.08,0.78,0.06,0.04,0.0,0.0,0.0,0.0,0.0,0.0,0.0,0.0,0.0,0.04,0.0
1,4,2,3,False,2.5644468742623405,0.2695644343300252,4,qUCB,0.02,0.9,0.0,0.02,0.0,0.0,0.0,0.0,0.0,0.0,0.0,0.0,0.0,0.04,0.02
1,5,1,4,False,2.2429601448261742,0.1789409245669198,0,qEHVI,0.4,0.46,0.04,0.0,0.04,0.0,0.0,0.0,0.04,0.0,0.0,0.02,0.0,0.0,0.0
1,5,1,4,False,2.2429601448261742,0.1789409245669198,1,qUCB,0.02,0.04,0.86,0.0,0.0,0.0,0.0,0.0,0.0,0.0,0.0,0.0,0.0,0.04,0.04
1,5,1,4,False,2.2429601448261742,0.1789409245669198,2,qUCB,0.88,0.02,0.0,0.04,0.0,0.0,0.0,0.0,0.0,0.0,0.0,0.0,0.0,0.04,0.02
1,5,1,4,False,2.2429601448261742,0.1789409245669198,3,qUCB,0.08,0.78,0.06,0.04,0.0,0.0,0.0,0.0,0.0,0.0,0.0,0.0,0.0,0.04,0.0
1,5,1,4,False,2.2429601448261742,0.1789409245669198,4,qUCB,0.04,0.7000000000000001,0.16,0.04,0.0,0.0,0.0,0.0,0.0,0.0,0.0,0.0,0.0,0.02,0.04
1,6,0,5,False,2.3746914606728793,0.3293197272052151,0,qUCB,0.34,0.54,0.02,0.0,0.04,0.0,0.0,0.0,0.04,0.0,0.0,0.02,0.0,0.0,0.0
1,6,0,5,False,2.3746914606728793,0.3293197272052151,1,qUCB,0.24,0.5,0.16,0.0,0.0,0.0,0.0,0.0,0.02,0.0,0.0,0.04,0.0,0.0,0.04
1,6,0,5,False,2.3746914606728793,0.3293197272052151,2,qUCB,0.42,0.42,0.06,0.0,0.04,0.0,0.0,0.0,0.0,0.0,0.0,0.04,0.0,0.0,0.02
1,6,0,5,False,2.3746914606728793,0.3293197272052151,3,qUCB,0.1,0.56,0.26,0.04,0.0,0.0,0.0,0.0,0.04,0.0,0.0,0.0,0.0,0.0,0.0
1,6,0,5,False,2.3746914606728793,0.3293197272052151,4,qUCB,0.18,0.6,0.14,0.04,0.0,0.0,0.0,0.0,0.0,0.0,0.0,0.04,0.0,0.0,0.0
2,1,5,0,False,23.895102900191038,0.5079804739559766,0,qEHVI,0.54,0.08,0.28,0.0,0.04,0.0,0.0,0.0,0.02,0.0,0.0,0.02,0.0,0.0,0.02
2,1,5,0,False,23.895102900191038,0.5079804739559766,1,qEHVI,0.78,0.12,0.0,0.0,0.04,0.0,0.0,0.0,0.0,0.0,0.0,0.04,0.0,0.02,0.0
2,1,5,0,False,23.895102900191038,0.5079804739559766,2,qEHVI,0.38,0.06,0.46,0.0,0.04,0.0,0.0,0.0,0.0,0.0,0.0,0.04,0.0,0.0,0.02
2,1,5,0,False,23.895102900191038,0.5079804739559766,3,qEHVI,0.4,0.48,0.02,0.04,0.04,0.0,0.0,0.0,0.0,0.0,0.0,0.02,0.0,0.0,0.0
2,1,5,0,False,23.895102900191038,0.5079804739559766,4,qEHVI,0.54,0.2,0.16,0.0,0.04,0.0,0.0,0.0,0.02,0.0,0.0,0.04,0.0,0.0,0.0
2,2,4,1,False,23.833209336450633,0.4546895724977631,0,qEHVI,0.54,0.08,0.28,0.0,0.04,0.0,0.0,0.0,0.02,0.0,0.0,0.02,0.0,0.0,0.02
2,2,4,1,False,23.833209336450633,0.4546895724977631,1,qEHVI,0.38,0.06,0.46,0.0,0.04,0.0,0.0,0.0,0.0,0.0,0.0,0.04,0.0,0.0,0.02
2,2,4,1,False,23.833209336450633,0.4546895724977631,2,qEHVI,0.68,0.18,0.04,0.0,0.04,0.0,0.0,0.0,0.02,0.0,0.0,0.04,0.0,0.0,0.0
2,2,4,1,False,23.833209336450633,0.4546895724977631,3,qEHVI,0.4,0.48,0.02,0.04,0.04,0.0,0.0,0.0,0.0,0.0,0.0,0.02,0.0,0.0,0.0
2,2,4,1,False,23.833209336450633,0.4546895724977631,4,qUCB,0.88,0.04,0.0,0.0,0.04,0.0,0.0,0.0,0.0,0.0,0.0,0.0,0.0,0.04,0.0
2,3,3,2,False,23.229291541339883,0.6769721365022967,0,qEHVI,0.54,0.08,0.28,0.0,0.04,0.0,0.0,0.0,0.02,0.0,0.0,0.02,0.0,0.0,0.02
2,3,3,2,False,23.229291541339883,0.6769721365022967,1,qEHVI,0.78,0.12,0.0,0.0,0.04,0.0,0.0,0.0,0.0,0.0,0.0,0.04,0.0,0.02,0.0
2,3,3,2,False,23.229291541339883,0.6769721365022967,2,qEHVI,0.38,0.06,0.46,0.0,0.04,0.0,0.0,0.0,0.0,0.0,0.0,0.04,0.0,0.0,0.02
2,3,3,2,False,23.229291541339883,0.6769721365022967,3,qUCB,0.58,0.34,0.0,0.04,0.04,0.0,0.0,0.0,0.0,0.0,0.0,0.0,0.0,0.0,0.0
2,3,3,2,False,23.229291541339883,0.6769721365022967,4,qUCB,0.74,0.02,0.14,0.0,0.04,0.0,0.0,0.0,0.0,0.0,0.0,0.0,0.0,0.04,0.02
2,4,2,3,True,22.308688925808188,0.9819007745414652,0,qEHVI,0.54,0.08,0.28,0.0,0.04,0.0,0.0,0.0,0.02,0.0,0.0,0.02,0.0,0.0,0.02
2,4,2,3,True,22.308688925808188,0.9819007745414652,1,qEHVI,0.38,0.06,0.46,0.0,0.04,0.0,0.0,0.0,0.0,0.0,0.0,0.04,0.0,0.0,0.02
2,4,2,3,True,22.308688925808188,0.9819007745414652,2,qUCB,0.88,0.04,0.0,0.0,0.04,0.0,0.0,0.0,0.0,0.0,0.0,0.0,0.0,0.04,0.0
2,4,2,3,True,22.308688925808188,0.9819007745414652,3,qUCB,0.66,0.04,0.22,0.04,0.04,0.0,0.0,0.0,0.0,0.0,0.0,0.0,0.0,0.0,0.0
2,4,2,3,True,22.308688925808188,0.9819007745414652,4,qUCB,0.08,0.8,0.04,0.04,0.04,0.0,0.0,0.0,0.0,0.0,0.0,0.0,0.0,0.0,0.0
2,5,1,4,False,20.50566941131389,1.125133203559603,0,qEHVI,0.54,0.08,0.28,0.0,0.04,0.0,0.0,0.0,0.02,0.0,0.0,0.02,0.0,0.0,0.02
2,5,1,4,False,20.50566941131389,1.125133203559603,1,qUCB,0.88,0.04,0.0,0.0,0.04,0.0,0.0,0.0,0.0,0.0,0.0,0.0,0.0,0.04,0.0
2,5,1,4,False,20.50566941131389,1.125133203559603,2,qUCB,0.66,0.04,0.22,0.04,0.04,0.0,0.0,0.0,0.0,0.0,0.0,0.0,0.0,0.0,0.0
2,5,1,4,False,20.50566941131389,1.125133203559603,3,qUCB,0.9,0.06,0.0,0.0,0.0,0.0,0.0,0.0,0.0,0.0,0.0,0.04,0.0,0.0,0.0
2,5,1,4,False,20.50566941131389,1.125133203559603,4,qUCB,0.48,0.04,0.38,0.0,0.04,0.0,0.0,0.0,0.0,0.0,0.0,0.0,0.0,0.04,0.02
2,6,0,5,False,22.11468506821233,1.2761911005975222,0,qUCB,0.64,0.14,0.12,0.0,0.04,0.0,0.0,0.0,0.02,0.0,0.0,0.04,0.0,0.0,0.0
2,6,0,5,False,22.11468506821233,1.2761911005975222,1,qUCB,0.54,0.0,0.36,0.0,0.04,0.0,0.0,0.0,0.02,0.0,0.0,0.0,0.0,0.0,0.04
2,6,0,5,False,22.11468506821233,1.2761911005975222,2,qUCB,0.84,0.08,0.0,0.0,0.04,0.0,0.0,0.0,0.0,0.0,0.0,0.0,0.0,0.0,0.04
2,6,0,5,False,22.11468506821233,1.2761911005975222,3,qUCB,0.7000000000000001,0.2,0.0,0.02,0.04,0.0,0.0,0.0,0.0,0.0,0.0,0.04,0.0,0.0,0.0
2,6,0,5,False,22.11468506821233,1.2761911005975222,4,qUCB,0.84,0.06,0.0,0.0,0.0,0.0,0.0,0.0,0.02,0.0,0.0,0.04,0.0,0.0,0.04
3,1,5,0,False,13.73413592534025,0.7550985399794099,0,qEHVI,0.36,0.16,0.38,0.0,0.04,0.0,0.0,0.0,0.0,0.0,0.0,0.02,0.0,0.0,0.04
3,1,5,0,False,13.73413592534025,0.7550985399794099,1,qEHVI,0.3,0.04,0.58,0.0,0.04,0.0,0.0,0.0,0.0,0.0,0.0,0.0,0.0,0.0,0.04
3,1,5,0,False,13.73413592534025,0.7550985399794099,2,qEHVI,0.3,0.3,0.3,0.0,0.04,0.0,0.0,0.0,0.0,0.0,0.0,0.04,0.0,0.0,0.02
3,1,5,0,False,13.73413592534025,0.7550985399794099,3,qEHVI,0.18,0.24,0.48,0.0,0.04,0.0,0.0,0.0,0.0,0.0,0.0,0.04,0.0,0.0,0.02
3,1,5,0,False,13.73413592534025,0.7550985399794099,4,qEHVI,0.58,0.34,0.0,0.0,0.0,0.0,0.0,0.0,0.0,0.0,0.0,0.04,0.0,0.0,0.04
3,2,4,1,False,13.22161163935848,0.6896893397378161,0,qEHVI,0.36,0.16,0.38,0.0,0.04,0.0,0.0,0.0,0.0,0.0,0.0,0.02,0.0,0.0,0.04
3,2,4,1,False,13.22161163935848,0.6896893397378161,1,qEHVI,0.3,0.04,0.58,0.0,0.04,0.0,0.0,0.0,0.0,0.0,0.0,0.0,0.0,0.0,0.04
3,2,4,1,False,13.22161163935848,0.6896893397378161,2,qEHVI,0.3,0.3,0.3,0.0,0.04,0.0,0.0,0.0,0.0,0.0,0.0,0.04,0.0,0.0,0.02
3,2,4,1,False,13.22161163935848,0.6896893397378161,3,qEHVI,0.18,0.24,0.48,0.0,0.04,0.0,0.0,0.0,0.0,0.0,0.0,0.04,0.0,0.0,0.02
3,2,4,1,False,13.22161163935848,0.6896893397378161,4,qUCB,0.68,0.22,0.0,0.04,0.0,0.0,0.0,0.0,0.04,0.0,0.0,0.02,0.0,0.0,0.0
3,3,3,2,True,11.799821068086672,0.9124746456252124,0,qEHVI,0.36,0.16,0.38,0.0,0.04,0.0,0.0,0.0,0.0,0.0,0.0,0.02,0.0,0.0,0.04
3,3,3,2,True,11.799821068086672,0.9124746456252124,1,qEHVI,0.3,0.04,0.58,0.0,0.04,0.0,0.0,0.0,0.0,0.0,0.0,0.0,0.0,0.0,0.04
3,3,3,2,True,11.799821068086672,0.9124746456252124,2,qEHVI,0.3,0.3,0.3,0.0,0.04,0.0,0.0,0.0,0.0,0.0,0.0,0.04,0.0,0.0,0.02
3,3,3,2,True,11.799821068086672,0.9124746456252124,3,qUCB,0.68,0.22,0.0,0.04,0.0,0.0,0.0,0.0,0.04,0.0,0.0,0.02,0.0,0.0,0.0
3,3,3,2,True,11.799821068086672,0.9124746456252124,4,qUCB,0.48,0.36,0.06,0.04,0.02,0.0,0.0,0.0,0.04,0.0,0.0,0.0,0.0,0.0,0.0
3,4,2,3,False,10.828782249765803,0.4478464499499353,0,qEHVI,0.36,0.16,0.38,0.0,0.04,0.0,0.0,0.0,0.0,0.0,0.0,0.02,0.0,0.0,0.04
3,4,2,3,False,10.828782249765803,0.4478464499499353,1,qEHVI,0.3,0.04,0.58,0.0,0.04,0.0,0.0,0.0,0.0,0.0,0.0,0.0,0.0,0.0,0.04
3,4,2,3,False,10.828782249765803,0.4478464499499353,2,qUCB,0.68,0.22,0.0,0.04,0.0,0.0,0.0,0.0,0.04,0.0,0.0,0.02,0.0,0.0,0.0
3,4,2,3,False,10.828782249765803,0.4478464499499353,3,qUCB,0.8200000000000001,0.08,0.02,0.0,0.0,0.0,0.0,0.0,0.04,0.0,0.0,0.04,0.0,0.0,0.0
3,4,2,3,False,10.828782249765803,0.4478464499499353,4,qUCB,0.02,0.02,0.86,0.0,0.04,0.0,0.0,0.0,0.0,0.0,0.0,0.02,0.0,0.04,0.0
3,5,1,4,False,8.318083854109044,0.5512341109295633,0,qEHVI,0.36,0.16,0.38,0.0,0.04,0.0,0.0,0.0,0.0,0.0,0.0,0.02,0.0,0.0,0.04
3,5,1,4,False,8.318083854109044,0.5512341109295633,1,qUCB,0.68,0.22,0.0,0.04,0.0,0.0,0.0,0.0,0.04,0.0,0.0,0.02,0.0,0.0,0.0
3,5,1,4,False,8.318083854109044,0.5512341109295633,2,qUCB,0.66,0.0,0.26,0.04,0.0,0.0,0.0,0.0,0.04,0.0,0.0,0.0,0.0,0.0,0.0
3,5,1,4,False,8.318083854109044,0.5512341109295633,3,qUCB,0.08,0.0,0.8200000000000001,0.0,0.04,0.0,0.0,0.0,0.02,0.0,0.0,0.0,0.0,0.04,0.0
3,5,1,4,False,8.318083854109044,0.5512341109295633,4,qUCB,0.8200000000000001,0.08,0.02,0.0,0.0,0.0,0.0,0.0,0.04,0.0,0.0,0.04,0.0,0.0,0.0
3,6,0,5,False,5.911493937810554,1.0769845825036501,0,qUCB,0.3,0.4,0.2,0.0,0.04,0.0,0.0,0.0,0.0,0.0,0.0,0.04,0.0,0.0,0.02
3,6,0,5,False,5.911493937810554,1.0769845825036501,1,qUCB,0.8200000000000001,0.08,0.02,0.0,0.0,0.0,0.0,0.0,0.04,0.0,0.0,0.04,0.0,0.0,0.0
3,6,0,5,False,5.911493937810554,1.0769845825036501,2,qUCB,0.02,0.02,0.86,0.0,0.04,0.0,0.0,0.0,0.0,0.0,0.0,0.02,0.0,0.04,0.0
3,6,0,5,False,5.911493937810554,1.0769845825036501,3,qUCB,0.5,0.38,0.02,0.04,0.02,0.0,0.0,0.0,0.0,0.0,0.0,0.0,0.0,0.0,0.04
3,6,0,5,False,5.911493937810554,1.0769845825036501,4,qUCB,0.34,0.1,0.46,0.0,0.04,0.0,0.0,0.0,0.0,0.0,0.0,0.0,0.0,0.04,0.02
4,1,5,0,False,11.168243736103834,0.40918710408960024,0,qEHVI,0.66,0.24,0.02,0.0,0.04,0.0,0.0,0.0,0.0,0.0,0.0,0.04,0.0,0.0,0.0
4,1,5,0,False,11.168243736103834,0.40918710408960024,1,qEHVI,0.5,0.0,0.4,0.0,0.04,0.0,0.0,0.0,0.0,0.0,0.0,0.0,0.0,0.04,0.02
4,1,5,0,False,11.168243736103834,0.40918710408960024,2,qEHVI,0.52,0.0,0.38,0.0,0.04,0.0,0.0,0.0,0.02,0.0,0.0,0.04,0.0,0.0,0.0
4,1,5,0,False,11.168243736103834,0.40918710408960024,3,qEHVI,0.2,0.0,0.7000000000000001,0.0,0.04,0.0,0.0,0.0,0.0,0.0,0.0,0.0,0.0,0.04,0.02
4,1,5,0,False,11.168243736103834,0.40918710408960024,4,qEHVI,0.46,0.0,0.44,0.02,0.04,0.0,0.0,0.0,0.0,0.0,0.0,0.0,0.0,0.0,0.04
4,2,4,1,False,11.161166540583018,0.1992470055072797,0,qEHVI,0.66,0.24,0.02,0.0,0.04,0.0,0.0,0.0,0.0,0.0,0.0,0.04,0.0,0.0,0.0
4,2,4,1,False,11.161166540583018,0.1992470055072797,1,qEHVI,0.5,0.0,0.4,0.0,0.04,0.0,0.0,0.0,0.0,0.0,0.0,0.0,0.0,0.04,0.02
4,2,4,1,False,11.161166540583018,0.1992470055072797,2,qEHVI,0.52,0.0,0.38,0.0,0.04,0.0,0.0,0.0,0.02,0.0,0.0,0.04,0.0,0.0,0.0
4,2,4,1,False,11.161166540583018,0.1992470055072797,3,qEHVI,0.2,0.0,0.7000000000000001,0.0,0.04,0.0,0.0,0.0,0.0,0.0,0.0,0.0,0.0,0.04,0.02
4,2,4,1,False,11.161166540583018,0.1992470055072797,4,qUCB,0.84,0.0,0.06,0.02,0.0,0.0,0.0,0.0,0.0,0.0,0.0,0.04,0.0,0.0,0.04
4,3,3,2,True,10.86332408190769,1.0416952981217182,0,qEHVI,0.66,0.24,0.02,0.0,0.04,0.0,0.0,0.0,0.0,0.0,0.0,0.04,0.0,0.0,0.0
4,3,3,2,True,10.86332408190769,1.0416952981217182,1,qEHVI,0.5,0.0,0.4,0.0,0.04,0.0,0.0,0.0,0.0,0.0,0.0,0.0,0.0,0.04,0.02
4,3,3,2,True,10.86332408190769,1.0416952981217182,2,qEHVI,0.52,0.0,0.38,0.0,0.04,0.0,0.0,0.0,0.02,0.0,0.0,0.04,0.0,0.0,0.0
4,3,3,2,True,10.86332408190769,1.0416952981217182,3,qUCB,0.84,0.0,0.06,0.02,0.0,0.0,0.0,0.0,0.0,0.0,0.0,0.04,0.0,0.0,0.04
4,3,3,2,True,10.86332408190769,1.0416952981217182,4,qUCB,0.48,0.04,0.38,0.04,0.0,0.0,0.0,0.0,0.0,0.0,0.0,0.02,0.0,0.0,0.04
4,4,2,3,False,9.417576003185589,0.471722046157355,0,qEHVI,0.66,0.24,0.02,0.0,0.04,0.0,0.0,0.0,0.0,0.0,0.0,0.04,0.0,0.0,0.0
4,4,2,3,False,9.417576003185589,0.471722046157355,1,qEHVI,0.5,0.0,0.4,0.0,0.04,0.0,0.0,0.0,0.0,0.0,0.0,0.0,0.0,0.04,0.02
4,4,2,3,False,9.417576003185589,0.471722046157355,2,qUCB,0.54,0.02,0.36,0.04,0.0,0.0,0.0,0.0,0.04,0.0,0.0,0.0,0.0,0.0,0.0
4,4,2,3,False,9.417576003185589,0.471722046157355,3,qUCB,0.84,0.0,0.06,0.0,0.0,0.0,0.0,0.0,0.04,0.0,0.0,0.04,0.0,0.0,0.02
4,4,2,3,False,9.417576003185589,0.471722046157355,4,qUCB,0.78,0.0,0.12,0.04,0.0,0.0,0.0,0.0,0.0,0.0,0.0,0.04,0.0,0.0,0.02
4,5,1,4,False,8.93152626547219,0.4954652529954906,0,qEHVI,0.66,0.24,0.02,0.0,0.04,0.0,0.0,0.0,0.0,0.0,0.0,0.04,0.0,0.0,0.0
4,5,1,4,False,8.93152626547219,0.4954652529954906,1,qUCB,0.48,0.08,0.36,0.0,0.0,0.0,0.0,0.0,0.04,0.0,0.0,0.0,0.0,0.0,0.04
4,5,1,4,False,8.93152626547219,0.4954652529954906,2,qUCB,0.02,0.12,0.76,0.02,0.0,0.0,0.0,0.0,0.0,0.0,0.0,0.0,0.0,0.04,0.04
4,5,1,4,False,8.93152626547219,0.4954652529954906,3,qUCB,0.0,0.0,0.9,0.0,0.04,0.0,0.0,0.0,0.0,0.0,0.0,0.0,0.0,0.02,0.04
4,5,1,4,False,8.93152626547219,0.4954652529954906,4,qUCB,0.5,0.0,0.4,0.0,0.04,0.0,0.0,0.0,0.0,0.0,0.0,0.0,0.0,0.04,0.02
4,6,0,5,False,8.930767719746788,0.30935592057436523,0,qUCB,0.86,0.0,0.04,0.0,0.02,0.0,0.0,0.0,0.04,0.0,0.0,0.04,0.0,0.0,0.0
4,6,0,5,False,8.930767719746788,0.30935592057436523,1,qUCB,0.5,0.0,0.4,0.0,0.04,0.0,0.0,0.0,0.0,0.0,0.0,0.0,0.0,0.04,0.02
4,6,0,5,False,8.930767719746788,0.30935592057436523,2,qUCB,0.56,0.0,0.4,0.0,0.0,0.0,0.0,0.0,0.0,0.0,0.0,0.0,0.0,0.0,0.04
4,6,0,5,False,8.930767719746788,0.30935592057436523,3,qUCB,0.54,0.02,0.34,0.04,0.0,0.0,0.0,0.0,0.0,0.0,0.0,0.04,0.0,0.02,0.0
4,6,0,5,False,8.930767719746788,0.30935592057436523,4,qUCB,0.06,0.0,0.84,0.0,0.04,0.0,0.0,0.0,0.0,0.0,0.0,0.04,0.0,0.02,0.0
5,1,5,0,False,8.176088585228209,0.2353218223346918,0,qEHVI,0.6,0.02,0.32,0.0,0.0,0.0,0.0,0.0,0.0,0.0,0.0,0.02,0.0,0.0,0.04
5,1,5,0,False,8.176088585228209,0.2353218223346918,1,qEHVI,0.56,0.0,0.36,0.04,0.04,0.0,0.0,0.0,0.0,0.0,0.0,0.0,0.0,0.0,0.0
5,1,5,0,False,8.176088585228209,0.2353218223346918,2,qEHVI,0.48,0.02,0.4,0.04,0.04,0.0,0.0,0.0,0.0,0.0,0.0,0.02,0.0,0.0,0.0
5,1,5,0,False,8.176088585228209,0.2353218223346918,3,qEHVI,0.66,0.02,0.22,0.0,0.0,0.0,0.0,0.0,0.04,0.0,0.0,0.04,0.0,0.0,0.02
5,1,5,0,False,8.176088585228209,0.2353218223346918,4,qEHVI,0.64,0.0,0.36,0.0,0.0,0.0,0.0,0.0,0.0,0.0,0.0,0.0,0.0,0.0,0.0
5,2,4,1,True,7.808181813459052,0.978988494885316,0,qEHVI,0.6,0.02,0.32,0.0,0.0,0.0,0.0,0.0,0.0,0.0,0.0,0.02,0.0,0.0,0.04
5,2,4,1,True,7.808181813459052,0.978988494885316,1,qEHVI,0.56,0.0,0.36,0.04,0.04,0.0,0.0,0.0,0.0,0.0,0.0,0.0,0.0,0.0,0.0
5,2,4,1,True,7.808181813459052,0.978988494885316,2,qEHVI,0.66,0.02,0.22,0.0,0.0,0.0,0.0,0.0,0.04,0.0,0.0,0.04,0.0,0.0,0.02
5,2,4,1,True,7.808181813459052,0.978988494885316,3,qEHVI,0.46,0.0,0.46,0.04,0.04,0.0,0.0,0.0,0.0,0.0,0.0,0.0,0.0,0.0,0.0
5,2,4,1,True,7.808181813459052,0.978988494885316,4,qUCB,0.6,0.04,0.3,0.0,0.0,0.0,0.0,0.0,0.02,0.0,0.0,0.0,0.0,0.04,0.0
5,3,3,2,False,7.095980654787932,0.27849969158113375,0,qEHVI,0.6,0.02,0.32,0.0,0.0,0.0,0.0,0.0,0.0,0.0,0.0,0.02,0.0,0.0,0.04
5,3,3,2,False,7.095980654787932,0.27849969158113375,1,qEHVI,0.56,0.0,0.36,0.04,0.04,0.0,0.0,0.0,0.0,0.0,0.0,0.0,0.0,0.0,0.0
5,3,3,2,False,7.095980654787932,0.27849969158113375,2,qEHVI,0.66,0.02,0.22,0.0,0.0,0.0,0.0,0.0,0.04,0.0,0.0,0.04,0.0,0.0,0.02
5,3,3,2,False,7.095980654787932,0.27849969158113375,3,qUCB,0.6,0.04,0.3,0.0,0.0,0.0,0.0,0.0,0.02,0.0,0.0,0.0,0.0,0.04,0.0
5,3,3,2,False,7.095980654787932,0.27849969158113375,4,qUCB,0.0,0.02,0.88,0.0,0.04,0.0,0.0,0.0,0.04,0.0,0.0,0.0,0.0,0.02,0.0
5,4,2,3,False,6.833280499213822,0.5880745921018722,0,qEHVI,0.6,0.02,0.32,0.0,0.0,0.0,0.0,0.0,0.0,0.0,0.0,0.02,0.0,0.0,0.04
5,4,2,3,False,6.833280499213822,0.5880745921018722,1,qEHVI,0.56,0.0,0.36,0.04,0.04,0.0,0.0,0.0,0.0,0.0,0.0,0.0,0.0,0.0,0.0
5,4,2,3,False,6.833280499213822,0.5880745921018722,2,qUCB,0.74,0.14,0.02,0.0,0.0,0.0,0.0,0.0,0.04,0.0,0.0,0.04,0.0,0.02,0.0
5,4,2,3,False,6.833280499213822,0.5880745921018722,3,qUCB,0.62,0.04,0.24,0.0,0.0,0.0,0.0,0.0,0.04,0.0,0.0,0.02,0.0,0.04,0.0
5,4,2,3,False,6.833280499213822,0.5880745921018722,4,qUCB,0.0,0.02,0.88,0.0,0.04,0.0,0.0,0.0,0.04,0.0,0.0,0.0,0.0,0.02,0.0
5,5,1,4,False,7.013454883065945,0.3801696951921443,0,qEHVI,0.6,0.02,0.32,0.0,0.0,0.0,0.0,0.0,0.0,0.0,0.0,0.02,0.0,0.0,0.04
5,5,1,4,False,7.013454883065945,0.3801696951921443,1,qUCB,0.5,0.0,0.4,0.04,0.04,0.0,0.0,0.0,0.02,0.0,0.0,0.0,0.0,0.0,0.0
5,5,1,4,False,7.013454883065945,0.3801696951921443,2,qUCB,0.0,0.02,0.88,0.0,0.04,0.0,0.0,0.0,0.04,0.0,0.0,0.0,0.0,0.02,0.0
5,5,1,4,False,7.013454883065945,0.3801696951921443,3,qUCB,0.62,0.02,0.26,0.02,0.0,0.0,0.0,0.0,0.04,0.0,0.0,0.0,0.0,0.04,0.0
5,5,1,4,False,7.013454883065945,0.3801696951921443,4,qUCB,0.0,0.2,0.7000000000000001,0.0,0.04,0.0,0.0,0.0,0.02,0.0,0.0,0.0,0.0,0.04,0.0
5,6,0,5,False,7.3490259227979795,0.6787889680968338,0,qUCB,0.6,0.02,0.32,0.0,0.0,0.0,0.0,0.0,0.0,0.0,0.0,0.02,0.0,0.0,0.04
5,6,0,5,False,7.3490259227979795,0.6787889680968338,1,qUCB,0.88,0.0,0.02,0.0,0.0,0.0,0.0,0.0,0.04,0.0,0.0,0.04,0.0,0.0,0.02
5,6,0,5,False,7.3490259227979795,0.6787889680968338,2,qUCB,0.66,0.02,0.22,0.0,0.0,0.0,0.0,0.0,0.04,0.0,0.0,0.04,0.0,0.0,0.02
5,6,0,5,False,7.3490259227979795,0.6787889680968338,3,qUCB,0.0,0.02,0.9,0.0,0.04,0.0,0.0,0.0,0.0,0.0,0.0,0.0,0.0,0.04,0.0
5,6,0,5,False,7.3490259227979795,0.6787889680968338,4,qUCB,0.5,0.0,0.4,0.04,0.04,0.0,0.0,0.0,0.02,0.0,0.0,0.0,0.0,0.0,0.0
6,1,5,0,False,4.296289364337786,0.6343132147805832,0,qEHVI,0.52,0.0,0.38,0.0,0.0,0.0,0.0,0.0,0.04,0.0,0.0,0.04,0.0,0.0,0.02
6,1,5,0,False,4.296289364337786,0.6343132147805832,1,qEHVI,0.54,0.0,0.4,0.0,0.02,0.0,0.0,0.0,0.0,0.0,0.0,0.04,0.0,0.0,0.0
6,1,5,0,False,4.296289364337786,0.6343132147805832,2,qEHVI,0.2,0.02,0.68,0.02,0.04,0.0,0.0,0.0,0.04,0.0,0.0,0.0,0.0,0.0,0.0
6,1,5,0,False,4.296289364337786,0.6343132147805832,3,qEHVI,0.78,0.1,0.02,0.0,0.02,0.0,0.0,0.0,0.04,0.0,0.0,0.04,0.0,0.0,0.0
6,1,5,0,False,4.296289364337786,0.6343132147805832,4,qEHVI,0.28,0.24,0.38,0.0,0.02,0.0,0.0,0.0,0.04,0.0,0.0,0.0,0.0,0.0,0.04
6,2,4,1,False,4.086536709872634,0.2193346799193554,0,qEHVI,0.52,0.0,0.38,0.0,0.0,0.0,0.0,0.0,0.04,0.0,0.0,0.04,0.0,0.0,0.02
6,2,4,1,False,4.086536709872634,0.2193346799193554,1,qEHVI,0.54,0.0,0.4,0.0,0.02,0.0,0.0,0.0,0.0,0.0,0.0,0.04,0.0,0.0,0.0
6,2,4,1,False,4.086536709872634,0.2193346799193554,2,qEHVI,0.2,0.02,0.68,0.02,0.04,0.0,0.0,0.0,0.04,0.0,0.0,0.0,0.0,0.0,0.0
6,2,4,1,False,4.086536709872634,0.2193346799193554,3,qEHVI,0.78,0.1,0.02,0.0,0.02,0.0,0.0,0.0,0.04,0.0,0.0,0.04,0.0,0.0,0.0
6,2,4,1,False,4.086536709872634,0.2193346799193554,4,qUCB,0.46,0.06,0.38,0.04,0.02,0.0,0.0,0.0,0.0,0.0,0.0,0.0,0.0,0.0,0.04
6,3,3,2,False,3.918807460524241,0.20351925624417966,0,qEHVI,0.52,0.0,0.38,0.0,0.0,0.0,0.0,0.0,0.04,0.0,0.0,0.04,0.0,0.0,0.02
6,3,3,2,False,3.918807460524241,0.20351925624417966,1,qEHVI,0.54,0.0,0.4,0.0,0.02,0.0,0.0,0.0,0.0,0.0,0.0,0.04,0.0,0.0,0.0
6,3,3,2,False,3.918807460524241,0.20351925624417966,2,qEHVI,0.2,0.02,0.68,0.02,0.04,0.0,0.0,0.0,0.04,0.0,0.0,0.0,0.0,0.0,0.0
6,3,3,2,False,3.918807460524241,0.20351925624417966,3,qUCB,0.46,0.06,0.38,0.04,0.02,0.0,0.0,0.0,0.0,0.0,0.0,0.0,0.0,0.0,0.04
6,3,3,2,False,3.918807460524241,0.20351925624417966,4,qUCB,0.0,0.0,0.9,0.0,0.04,0.0,0.0,0.0,0.0,0.0,0.0,0.02,0.0,0.0,0.04
6,4,2,3,True,3.175957255629304,0.6810608956835864,0,qEHVI,0.52,0.0,0.38,0.0,0.0,0.0,0.0,0.0,0.04,0.0,0.0,0.04,0.0,0.0,0.02
6,4,2,3,True,3.175957255629304,0.6810608956835864,1,qEHVI,0.54,0.0,0.4,0.0,0.02,0.0,0.0,0.0,0.0,0.0,0.0,0.04,0.0,0.0,0.0
6,4,2,3,True,3.175957255629304,0.6810608956835864,2,qUCB,0.46,0.06,0.38,0.04,0.02,0.0,0.0,0.0,0.0,0.0,0.0,0.0,0.0,0.0,0.04
6,4,2,3,True,3.175957255629304,0.6810608956835864,3,qUCB,0.0,0.0,0.9,0.0,0.04,0.0,0.0,0.0,0.0,0.0,0.0,0.02,0.0,0.0,0.04
6,4,2,3,True,3.175957255629304,0.6810608956835864,4,qUCB,0.0,0.14,0.76,0.04,0.0,0.0,0.0,0.0,0.02,0.0,0.0,0.0,0.0,0.04,0.0
6,5,1,4,False,2.642328478604977,0.3003020251763111,0,qEHVI,0.52,0.0,0.38,0.0,0.0,0.0,0.0,0.0,0.04,0.0,0.0,0.04,0.0,0.0,0.02
6,5,1,4,False,2.642328478604977,0.3003020251763111,1,qUCB,0.02,0.02,0.86,0.04,0.04,0.0,0.0,0.0,0.0,0.0,0.0,0.0,0.0,0.02,0.0
6,5,1,4,False,2.642328478604977,0.3003020251763111,2,qUCB,0.46,0.06,0.38,0.04,0.02,0.0,0.0,0.0,0.0,0.0,0.0,0.0,0.0,0.0,0.04
6,5,1,4,False,2.642328478604977,0.3003020251763111,3,qUCB,0.08,0.14,0.7000000000000001,0.04,0.0,0.0,0.0,0.0,0.0,0.0,0.0,0.0,0.0,0.04,0.0
6,5,1,4,False,2.642328478604977,0.3003020251763111,4,qUCB,0.02,0.22,0.66,0.0,0.04,0.0,0.0,0.0,0.0,0.0,0.0,0.0,0.0,0.04,0.02
6,6,0,5,False,2.7961061219900767,0.5565332676859782,0,qUCB,0.84,0.02,0.06,0.0,0.0,0.0,0.0,0.0,0.04,0.0,0.0,0.04,0.0,0.0,0.0
6,6,0,5,False,2.7961061219900767,0.5565332676859782,1,qUCB,0.0,0.0,0.92,0.0,0.04,0.0,0.0,0.0,0.02,0.0,0.0,0.02,0.0,0.0,0.0
6,6,0,5,False,2.7961061219900767,0.5565332676859782,2,qUCB,0.24,0.0,0.72,0.0,0.0,0.0,0.0,0.0,0.04,0.0,0.0,0.0,0.0,0.0,0.0
6,6,0,5,False,2.7961061219900767,0.5565332676859782,3,qUCB,0.52,0.0,0.4,0.0,0.0,0.0,0.0,0.0,0.04,0.0,0.0,0.04,0.0,0.0,0.0
6,6,0,5,False,2.7961061219900767,0.5565332676859782,4,qUCB,0.02,0.08,0.8,0.0,0.02,0.0,0.0,0.0,0.04,0.0,0.0,0.04,0.0,0.0,0.0
7,1,5,0,False,5.2923304983737145,0.40963226347107984,0,qEHVI,0.34,0.22,0.38,0.0,0.0,0.0,0.0,0.0,0.0,0.0,0.0,0.04,0.0,0.0,0.02
7,1,5,0,False,5.2923304983737145,0.40963226347107984,1,qEHVI,0.2,0.04,0.68,0.0,0.04,0.0,0.0,0.0,0.0,0.0,0.0,0.04,0.0,0.0,0.0
7,1,5,0,False,5.2923304983737145,0.40963226347107984,2,qEHVI,0.54,0.36,0.0,0.0,0.04,0.0,0.0,0.0,0.04,0.0,0.0,0.02,0.0,0.0,0.0
7,1,5,0,False,5.2923304983737145,0.40963226347107984,3,qEHVI,0.34,0.56,0.0,0.0,0.04,0.0,0.0,0.0,0.0,0.0,0.0,0.02,0.0,0.04,0.0
7,1,5,0,False,5.2923304983737145,0.40963226347107984,4,qEHVI,0.56,0.06,0.28,0.0,0.0,0.0,0.0,0.0,0.04,0.0,0.0,0.04,0.0,0.0,0.02
7,2,4,1,False,5.0450907648850025,0.33025953566374433,0,qEHVI,0.34,0.22,0.38,0.0,0.0,0.0,0.0,0.0,0.0,0.0,0.0,0.04,0.0,0.0,0.02
7,2,4,1,False,5.0450907648850025,0.33025953566374433,1,qEHVI,0.2,0.04,0.68,0.0,0.04,0.0,0.0,0.0,0.0,0.0,0.0,0.04,0.0,0.0,0.0
7,2,4,1,False,5.0450907648850025,0.33025953566374433,2,qEHVI,0.54,0.36,0.0,0.0,0.04,0.0,0.0,0.0,0.04,0.0,0.0,0.02,0.0,0.0,0.0
7,2,4,1,False,5.0450907648850025,0.33025953566374433,3,qEHVI,0.34,0.56,0.0,0.0,0.04,0.0,0.0,0.0,0.0,0.0,0.0,0.02,0.0,0.04,0.0
7,2,4,1,False,5.0450907648850025,0.33025953566374433,4,qUCB,0.3,0.28,0.32,0.04,0.0,0.0,0.0,0.0,0.04,0.0,0.0,0.0,0.0,0.0,0.02
7,3,3,2,True,5.062706723143783,0.49403002455351874,0,qEHVI,0.34,0.22,0.38,0.0,0.0,0.0,0.0,0.0,0.0,0.0,0.0,0.04,0.0,0.0,0.02
7,3,3,2,True,5.062706723143783,0.49403002455351874,1,qEHVI,0.2,0.04,0.68,0.0,0.04,0.0,0.0,0.0,0.0,0.0,0.0,0.04,0.0,0.0,0.0
7,3,3,2,True,5.062706723143783,0.49403002455351874,2,qEHVI,0.54,0.36,0.0,0.0,0.04,0.0,0.0,0.0,0.04,0.0,0.0,0.02,0.0,0.0,0.0
7,3,3,2,True,5.062706723143783,0.49403002455351874,3,qUCB,0.34,0.22,0.36,0.04,0.0,0.0,0.0,0.0,0.0,0.0,0.0,0.0,0.0,0.04,0.0
7,3,3,2,True,5.062706723143783,0.49403002455351874,4,qUCB,0.34,0.56,0.0,0.0,0.04,0.0,0.0,0.0,0.0,0.0,0.0,0.02,0.0,0.04,0.0
7,4,2,3,False,4.205208113624223,0.5921450474938332,0,qEHVI,0.34,0.22,0.38,0.0,0.0,0.0,0.0,0.0,0.0,0.0,0.0,0.04,0.0,0.0,0.02
7,4,2,3,False,4.205208113624223,0.5921450474938332,1,qEHVI,0.2,0.04,0.68,0.0,0.04,0.0,0.0,0.0,0.0,0.0,0.0,0.04,0.0,0.0,0.0
7,4,2,3,False,4.205208113624223,0.5921450474938332,2,qUCB,0.32,0.54,0.04,0.0,0.04,0.0,0.0,0.0,0.0,0.0,0.0,0.0,0.0,0.04,0.02
7,4,2,3,False,4.205208113624223,0.5921450474938332,3,qUCB,0.02,0.76,0.14,0.0,0.0,0.0,0.0,0.0,0.04,0.0,0.0,0.0,0.0,0.04,0.0
7,4,2,3,False,4.205208113624223,0.5921450474938332,4,qUCB,0.12,0.64,0.14,0.0,0.04,0.0,0.0,0.0,0.02,0.0,0.0,0.0,0.0,0.0,0.04
7,5,1,4,False,3.4501554709392357,0.25787962866536596,0,qEHVI,0.34,0.22,0.38,0.0,0.0,0.0,0.0,0.0,0.0,0.0,0.0,0.04,0.0,0.0,0.02
7,5,1,4,False,3.4501554709392357,0.25787962866536596,1,qUCB,0.26,0.58,0.06,0.0,0.04,0.0,0.0,0.0,0.02,0.0,0.0,0.0,0.0,0.04,0.0
7,5,1,4,False,3.4501554709392357,0.25787962866536596,2,qUCB,0.02,0.76,0.14,0.0,0.0,0.0,0.0,0.0,0.04,0.0,0.0,0.0,0.0,0.04,0.0
7,5,1,4,False,3.4501554709392357,0.25787962866536596,3,qUCB,0.0,0.72,0.2,0.02,0.04,0.0,0.0,0.0,0.02,0.0,0.0,0.0,0.0,0.0,0.0
7,5,1,4,False,3.4501554709392357,0.25787962866536596,4,qUCB,0.34,0.56,0.0,0.0,0.04,0.0,0.0,0.0,0.0,0.0,0.0,0.02,0.0,0.04,0.0
7,6,0,5,False,4.04105422901962,0.7540351265927931,0,qUCB,0.34,0.56,0.0,0.0,0.04,0.0,0.0,0.0,0.0,0.0,0.0,0.02,0.0,0.04,0.0
7,6,0,5,False,4.04105422901962,0.7540351265927931,1,qUCB,0.0,0.78,0.18,0.02,0.0,0.0,0.0,0.0,0.0,0.0,0.0,0.0,0.0,0.0,0.02
7,6,0,5,False,4.04105422901962,0.7540351265927931,2,qUCB,0.28,0.28,0.34,0.0,0.0,0.0,0.0,0.0,0.04,0.0,0.0,0.04,0.0,0.0,0.02
7,6,0,5,False,4.04105422901962,0.7540351265927931,3,qUCB,0.02,0.68,0.2,0.0,0.04,0.0,0.0,0.0,0.0,0.0,0.0,0.04,0.0,0.0,0.02
7,6,0,5,False,4.04105422901962,0.7540351265927931,4,qUCB,0.02,0.24,0.68,0.02,0.04,0.0,0.0,0.0,0.0,0.0,0.0,0.0,0.0,0.0,0.0
8,1,5,0,False,4.271865109333659,0.3343165747609662,0,qEHVI,0.66,0.24,0.0,0.02,0.0,0.0,0.0,0.0,0.0,0.0,0.0,0.04,0.0,0.0,0.04
8,1,5,0,False,4.271865109333659,0.3343165747609662,1,qEHVI,0.24,0.26,0.4,0.0,0.02,0.0,0.0,0.0,0.0,0.0,0.0,0.0,0.0,0.04,0.04
8,1,5,0,False,4.271865109333659,0.3343165747609662,2,qEHVI,0.5,0.14,0.26,0.02,0.0,0.0,0.0,0.0,0.0,0.0,0.0,0.04,0.0,0.0,0.04
8,1,5,0,False,4.271865109333659,0.3343165747609662,3,qEHVI,0.58,0.32,0.0,0.0,0.04,0.0,0.0,0.0,0.0,0.0,0.0,0.04,0.0,0.02,0.0
8,1,5,0,False,4.271865109333659,0.3343165747609662,4,qEHVI,0.46,0.0,0.44,0.0,0.04,0.0,0.0,0.0,0.04,0.0,0.0,0.02,0.0,0.0,0.0
8,2,4,1,True,3.987734079657322,0.3146031226350985,0,qEHVI,0.66,0.24,0.0,0.02,0.0,0.0,0.0,0.0,0.0,0.0,0.0,0.04,0.0,0.0,0.04
8,2,4,1,True,3.987734079657322,0.3146031226350985,1,qEHVI,0.24,0.26,0.4,0.0,0.02,0.0,0.0,0.0,0.0,0.0,0.0,0.0,0.0,0.04,0.04
8,2,4,1,True,3.987734079657322,0.3146031226350985,2,qEHVI,0.5,0.14,0.26,0.02,0.0,0.0,0.0,0.0,0.0,0.0,0.0,0.04,0.0,0.0,0.04
8,2,4,1,True,3.987734079657322,0.3146031226350985,3,qEHVI,0.46,0.0,0.44,0.0,0.04,0.0,0.0,0.0,0.04,0.0,0.0,0.02,0.0,0.0,0.0
8,2,4,1,True,3.987734079657322,0.3146031226350985,4,qUCB,0.62,0.28,0.0,0.0,0.0,0.0,0.0,0.0,0.04,0.0,0.0,0.0,0.0,0.02,0.04
8,3,3,2,False,3.356045504703886,0.07178303029073518,0,qEHVI,0.66,0.24,0.0,0.02,0.0,0.0,0.0,0.0,0.0,0.0,0.0,0.04,0.0,0.0,0.04
8,3,3,2,False,3.356045504703886,0.07178303029073518,1,qEHVI,0.24,0.26,0.4,0.0,0.02,0.0,0.0,0.0,0.0,0.0,0.0,0.0,0.0,0.04,0.04
8,3,3,2,False,3.356045504703886,0.07178303029073518,2,qEHVI,0.5,0.14,0.26,0.02,0.0,0.0,0.0,0.0,0.0,0.0,0.0,0.04,0.0,0.0,0.04
8,3,3,2,False,3.356045504703886,0.07178303029073518,3,qUCB,0.28,0.6,0.02,0.0,0.04,0.0,0.0,0.0,0.04,0.0,0.0,0.02,0.0,0.0,0.0
8,3,3,2,False,3.356045504703886,0.07178303029073518,4,qUCB,0.06,0.72,0.12,0.0,0.04,0.0,0.0,0.0,0.04,0.0,0.0,0.02,0.0,0.0,0.0
8,4,2,3,False,2.6988173724107773,0.15273315440748814,0,qEHVI,0.66,0.24,0.0,0.02,0.0,0.0,0.0,0.0,0.0,0.0,0.0,0.04,0.0,0.0,0.04
8,4,2,3,False,2.6988173724107773,0.15273315440748814,1,qEHVI,0.24,0.26,0.4,0.0,0.02,0.0,0.0,0.0,0.0,0.0,0.0,0.0,0.0,0.04,0.04
8,4,2,3,False,2.6988173724107773,0.15273315440748814,2,qUCB,0.28,0.6,0.02,0.0,0.04,0.0,0.0,0.0,0.04,0.0,0.0,0.02,0.0,0.0,0.0
8,4,2,3,False,2.6988173724107773,0.15273315440748814,3,qUCB,0.06,0.72,0.12,0.0,0.04,0.0,0.0,0.0,0.04,0.0,0.0,0.02,0.0,0.0,0.0
8,4,2,3,False,2.6988173724107773,0.15273315440748814,4,qUCB,0.62,0.28,0.0,0.0,0.0,0.0,0.0,0.0,0.04,0.0,0.0,0.0,0.0,0.02,0.04
8,5,1,4,False,2.2883003575250953,0.5715005550257128,0,qEHVI,0.66,0.24,0.0,0.02,0.0,0.0,0.0,0.0,0.0,0.0,0.0,0.04,0.0,0.0,0.04
8,5,1,4,False,2.2883003575250953,0.5715005550257128,1,qUCB,0.4,0.1,0.4,0.0,0.04,0.0,0.0,0.0,0.02,0.0,0.0,0.0,0.0,0.04,0.0
8,5,1,4,False,2.2883003575250953,0.5715005550257128,2,qUCB,0.02,0.72,0.16,0.0,0.04,0.0,0.0,0.0,0.02,0.0,0.0,0.0,0.0,0.04,0.0
8,5,1,4,False,2.2883003575250953,0.5715005550257128,3,qUCB,0.0,0.2,0.72,0.0,0.04,0.0,0.0,0.0,0.04,0.0,0.0,0.0,0.0,0.0,0.0
8,5,1,4,False,2.2883003575250953,0.5715005550257128,4,qUCB,0.62,0.28,0.0,0.0,0.0,0.0,0.0,0.0,0.04,0.0,0.0,0.0,0.0,0.02,0.04
8,6,0,5,False,2.519568157208591,0.27898164577907636,0,qUCB,0.64,0.28,0.0,0.0,0.0,0.0,0.0,0.0,0.02,0.0,0.0,0.02,0.0,0.0,0.04
8,6,0,5,False,2.519568157208591,0.27898164577907636,1,qUCB,0.34,0.54,0.02,0.0,0.04,0.0,0.0,0.0,0.0,0.0,0.0,0.02,0.0,0.0,0.04
8,6,0,5,False,2.519568157208591,0.27898164577907636,2,qUCB,0.46,0.34,0.1,0.0,0.0,0.0,0.0,0.0,0.02,0.0,0.0,0.04,0.0,0.0,0.04
8,6,0,5,False,2.519568157208591,0.27898164577907636,3,qUCB,0.26,0.0,0.64,0.04,0.0,0.0,0.0,0.0,0.0,0.0,0.0,0.02,0.0,0.0,0.04
8,6,0,5,False,2.519568157208591,0.27898164577907636,4,qUCB,0.16,0.6,0.14,0.0,0.04,0.0,0.0,0.0,0.02,0.0,0.0,0.0,0.0,0.0,0.04
9,1,5,0,False,4.519668087175122,0.3938000273986799,0,qEHVI,0.5,0.0,0.4,0.04,0.02,0.0,0.0,0.0,0.0,0.0,0.0,0.02,0.0,0.02,0.0
9,1,5,0,False,4.519668087175122,0.3938000273986799,1,qEHVI,0.62,0.26,0.02,0.0,0.02,0.0,0.0,0.0,0.02,0.0,0.0,0.04,0.0,0.02,0.0
9,1,5,0,False,4.519668087175122,0.3938000273986799,2,qEHVI,0.22,0.02,0.68,0.04,0.04,0.0,0.0,0.0,0.0,0.0,0.0,0.0,0.0,0.0,0.0
9,1,5,0,False,4.519668087175122,0.3938000273986799,3,qEHVI,0.28,0.28,0.34,0.02,0.0,0.0,0.0,0.0,0.04,0.0,0.0,0.04,0.0,0.0,0.0
9,1,5,0,False,4.519668087175122,0.3938000273986799,4,qEHVI,0.48,0.16,0.32,0.0,0.0,0.0,0.0,0.0,0.0,0.0,0.0,0.04,0.0,0.0,0.0
9,2,4,1,True,4.203343784088109,0.29381645723894456,0,qEHVI,0.5,0.0,0.4,0.04,0.02,0.0,0.0,0.0,0.0,0.0,0.0,0.02,0.0,0.02,0.0
9,2,4,1,True,4.203343784088109,0.29381645723894456,1,qEHVI,0.62,0.26,0.02,0.0,0.02,0.0,0.0,0.0,0.02,0.0,0.0,0.04,0.0,0.02,0.0
9,2,4,1,True,4.203343784088109,0.29381645723894456,2,qEHVI,0.22,0.02,0.68,0.04,0.04,0.0,0.0,0.0,0.0,0.0,0.0,0.0,0.0,0.0,0.0
9,2,4,1,True,4.203343784088109,0.29381645723894456,3,qEHVI,0.48,0.16,0.32,0.0,0.0,0.0,0.0,0.0,0.0,0.0,0.0,0.04,0.0,0.0,0.0
9,2,4,1,True,4.203343784088109,0.29381645723894456,4,qUCB,0.38,0.14,0.38,0.02,0.0,0.0,0.0,0.0,0.04,0.0,0.0,0.0,0.0,0.0,0.04
9,3,3,2,False,3.6371136066566403,0.21780174946824982,0,qEHVI,0.5,0.0,0.4,0.04,0.02,0.0,0.0,0.0,0.0,0.0,0.0,0.02,0.0,0.02,0.0
9,3,3,2,False,3.6371136066566403,0.21780174946824982,1,qEHVI,0.62,0.26,0.02,0.0,0.02,0.0,0.0,0.0,0.02,0.0,0.0,0.04,0.0,0.02,0.0
9,3,3,2,False,3.6371136066566403,0.21780174946824982,2,qEHVI,0.22,0.02,0.68,0.04,0.04,0.0,0.0,0.0,0.0,0.0,0.0,0.0,0.0,0.0,0.0
9,3,3,2,False,3.6371136066566403,0.21780174946824982,3,qUCB,0.38,0.14,0.38,0.02,0.0,0.0,0.0,0.0,0.04,0.0,0.0,0.0,0.0,0.0,0.04
9,3,3,2,False,3.6371136066566403,0.21780174946824982,4,qUCB,0.0,0.9400000000000001,0.0,0.0,0.0,0.0,0.0,0.0,0.0,0.0,0.0,0.0,0.0,0.04,0.02
9,4,2,3,False,2.996250611096303,0.34853687637210484,0,qEHVI,0.5,0.0,0.4,0.04,0.02,0.0,0.0,0.0,0.0,0.0,0.0,0.02,0.0,0.02,0.0
9,4,2,3,False,2.996250611096303,0.34853687637210484,1,qEHVI,0.62,0.26,0.02,0.0,0.02,0.0,0.0,0.0,0.02,0.0,0.0,0.04,0.0,0.02,0.0
9,4,2,3,False,2.996250611096303,0.34853687637210484,2,qUCB,0.38,0.14,0.38,0.02,0.0,0.0,0.0,0.0,0.04,0.0,0.0,0.0,0.0,0.0,0.04
9,4,2,3,False,2.996250611096303,0.34853687637210484,3,qUCB,0.0,0.9400000000000001,0.0,0.0,0.0,0.0,0.0,0.0,0.0,0.0,0.0,0.0,0.0,0.04,0.02
9,4,2,3,False,2.996250611096303,0.34853687637210484,4,qUCB,0.08,0.54,0.28,0.02,0.0,0.0,0.0,0.0,0.04,0.0,0.0,0.0,0.0,0.0,0.04
9,5,1,4,False,2.4093239940361273,0.26193454982292863,0,qEHVI,0.5,0.0,0.4,0.04,0.02,0.0,0.0,0.0,0.0,0.0,0.0,0.02,0.0,0.02,0.0
9,5,1,4,False,2.4093239940361273,0.26193454982292863,1,qUCB,0.66,0.2,0.06,0.0,0.0,0.0,0.0,0.0,0.04,0.0,0.0,0.0,0.0,0.0,0.04
9,5,1,4,False,2.4093239940361273,0.26193454982292863,2,qUCB,0.04,0.84,0.02,0.0,0.0,0.0,0.0,0.0,0.02,0.0,0.0,0.0,0.0,0.04,0.04
9,5,1,4,False,2.4093239940361273,0.26193454982292863,3,qUCB,0.02,0.7000000000000001,0.18,0.0,0.02,0.0,0.0,0.0,0.04,0.0,0.0,0.0,0.0,0.0,0.04
9,5,1,4,False,2.4093239940361273,0.26193454982292863,4,qUCB,0.9400000000000001,0.0,0.0,0.0,0.0,0.0,0.0,0.0,0.04,0.0,0.0,0.0,0.0,0.0,0.02
9,6,0,5,False,2.650767708946185,0.41524359032648306,0,qUCB,0.5,0.0,0.4,0.04,0.02,0.0,0.0,0.0,0.0,0.0,0.0,0.02,0.0,0.02,0.0
9,6,0,5,False,2.650767708946185,0.41524359032648306,1,qUCB,0.0,0.86,0.04,0.0,0.0,0.0,0.0,0.0,0.02,0.0,0.0,0.04,0.0,0.04,0.0
9,6,0,5,False,2.650767708946185,0.41524359032648306,2,qUCB,0.0,0.64,0.26,0.04,0.0,0.0,0.0,0.0,0.04,0.0,0.0,0.02,0.0,0.0,0.0
9,6,0,5,False,2.650767708946185,0.41524359032648306,3,qUCB,0.52,0.02,0.36,0.04,0.0,0.0,0.0,0.0,0.0,0.0,0.0,0.0,0.0,0.04,0.02
9,6,0,5,False,2.650767708946185,0.41524359032648306,4,qUCB,0.9400000000000001,0.0,0.0,0.0,0.0,0.0,0.0,0.0,0.04,0.0,0.0,0.0,0.0,0.0,0.02
10,1,5,0,False,8.573729935751178,0.04729367599716294,0,qEHVI,0.32,0.24,0.34,0.04,0.0,0.0,0.0,0.0,0.04,0.0,0.0,0.0,0.0,0.0,0.02
10,1,5,0,False,8.573729935751178,0.04729367599716294,1,qEHVI,0.38,0.14,0.4,0.04,0.04,0.0,0.0,0.0,0.0,0.0,0.0,0.0,0.0,0.0,0.0
10,1,5,0,False,8.573729935751178,0.04729367599716294,2,qEHVI,0.4,0.16,0.36,0.04,0.0,0.0,0.0,0.0,0.04,0.0,0.0,0.0,0.0,0.0,0.0
10,1,5,0,False,8.573729935751178,0.04729367599716294,3,qEHVI,0.48,0.0,0.44,0.0,0.04,0.0,0.0,0.0,0.0,0.0,0.0,0.0,0.0,0.0,0.04
10,1,5,0,False,8.573729935751178,0.04729367599716294,4,qEHVI,0.4,0.2,0.3,0.04,0.0,0.0,0.0,0.0,0.0,0.0,0.0,0.04,0.0,0.0,0.02
10,2,4,1,True,7.762766545479602,0.15934385176086252,0,qEHVI,0.32,0.24,0.34,0.04,0.0,0.0,0.0,0.0,0.04,0.0,0.0,0.0,0.0,0.0,0.02
10,2,4,1,True,7.762766545479602,0.15934385176086252,1,qEHVI,0.38,0.14,0.4,0.04,0.04,0.0,0.0,0.0,0.0,0.0,0.0,0.0,0.0,0.0,0.0
10,2,4,1,True,7.762766545479602,0.15934385176086252,2,qEHVI,0.4,0.16,0.36,0.04,0.0,0.0,0.0,0.0,0.04,0.0,0.0,0.0,0.0,0.0,0.0
10,2,4,1,True,7.762766545479602,0.15934385176086252,3,qEHVI,0.48,0.0,0.44,0.0,0.04,0.0,0.0,0.0,0.0,0.0,0.0,0.0,0.0,0.0,0.04
10,2,4,1,True,7.762766545479602,0.15934385176086252,4,qUCB,0.4,0.5,0.02,0.0,0.0,0.0,0.0,0.0,0.0,0.0,0.0,0.04,0.0,0.04,0.0
10,3,3,2,False,7.152410217798513,0.05750632198769701,0,qEHVI,0.32,0.24,0.34,0.04,0.0,0.0,0.0,0.0,0.04,0.0,0.0,0.0,0.0,0.0,0.02
10,3,3,2,False,7.152410217798513,0.05750632198769701,1,qEHVI,0.38,0.14,0.4,0.04,0.04,0.0,0.0,0.0,0.0,0.0,0.0,0.0,0.0,0.0,0.0
10,3,3,2,False,7.152410217798513,0.05750632198769701,2,qEHVI,0.4,0.16,0.36,0.04,0.0,0.0,0.0,0.0,0.04,0.0,0.0,0.0,0.0,0.0,0.0
10,3,3,2,False,7.152410217798513,0.05750632198769701,3,qUCB,0.4,0.5,0.02,0.0,0.0,0.0,0.0,0.0,0.0,0.0,0.0,0.04,0.0,0.04,0.0
10,3,3,2,False,7.152410217798513,0.05750632198769701,4,qUCB,0.0,0.78,0.2,0.0,0.0,0.0,0.0,0.0,0.0,0.0,0.0,0.02,0.0,0.0,0.0
10,4,2,3,False,6.039623034892877,0.1649449321044134,0,qEHVI,0.32,0.24,0.34,0.04,0.0,0.0,0.0,0.0,0.04,0.0,0.0,0.0,0.0,0.0,0.02
10,4,2,3,False,6.039623034892877,0.1649449321044134,1,qEHVI,0.38,0.14,0.4,0.04,0.04,0.0,0.0,0.0,0.0,0.0,0.0,0.0,0.0,0.0,0.0
10,4,2,3,False,6.039623034892877,0.1649449321044134,2,qUCB,0.4,0.5,0.02,0.0,0.0,0.0,0.0,0.0,0.0,0.0,0.0,0.04,0.0,0.04,0.0
10,4,2,3,False,6.039623034892877,0.1649449321044134,3,qUCB,0.0,0.78,0.2,0.0,0.0,0.0,0.0,0.0,0.0,0.0,0.0,0.02,0.0,0.0,0.0
10,4,2,3,False,6.039623034892877,0.1649449321044134,4,qUCB,0.1,0.64,0.16,0.0,0.02,0.0,0.0,0.0,0.0,0.0,0.0,0.04,0.0,0.0,0.04
10,5,1,4,False,4.714334714601738,0.0804972981898846,0,qEHVI,0.32,0.24,0.34,0.04,0.0,0.0,0.0,0.0,0.04,0.0,0.0,0.0,0.0,0.0,0.02
10,5,1,4,False,4.714334714601738,0.0804972981898846,1,qUCB,0.0,0.76,0.14,0.0,0.04,0.0,0.0,0.0,0.0,0.0,0.0,0.04,0.0,0.02,0.0
10,5,1,4,False,4.714334714601738,0.0804972981898846,2,qUCB,0.36,0.56,0.0,0.0,0.04,0.0,0.0,0.0,0.0,0.0,0.0,0.04,0.0,0.0,0.0
10,5,1,4,False,4.714334714601738,0.0804972981898846,3,qUCB,0.0,0.74,0.16,0.0,0.04,0.0,0.0,0.0,0.0,0.0,0.0,0.0,0.0,0.02,0.04
10,5,1,4,False,4.714334714601738,0.0804972981898846,4,qUCB,0.0,0.76,0.16,0.0,0.04,0.0,0.0,0.0,0.0,0.0,0.0,0.0,0.0,0.04,0.0
10,6,0,5,False,4.942285778743556,0.41824214018967965,0,qUCB,0.32,0.26,0.32,0.04,0.0,0.0,0.0,0.0,0.02,0.0,0.0,0.04,0.0,0.0,0.0
10,6,0,5,False,4.942285778743556,0.41824214018967965,1,qUCB,0.0,0.78,0.2,0.0,0.0,0.0,0.0,0.0,0.0,0.0,0.0,0.02,0.0,0.0,0.0
10,6,0,5,False,4.942285778743556,0.41824214018967965,2,qUCB,0.02,0.54,0.34,0.04,0.0,0.0,0.0,0.0,0.0,0.0,0.0,0.04,0.0,0.0,0.02
10,6,0,5,False,4.942285778743556,0.41824214018967965,3,qUCB,0.0,0.26,0.68,0.0,0.0,0.0,0.0,0.0,0.02,0.0,0.0,0.0,0.0,0.0,0.04
10,6,0,5,False,4.942285778743556,0.41824214018967965,4,qUCB,0.0,0.74,0.16,0.0,0.04,0.0,0.0,0.0,0.0,0.0,0.0,0.0,0.0,0.02,0.04
11,1,5,0,False,7.250417157250888,0.04199210432976486,0,qEHVI,0.8200000000000001,0.0,0.14,0.0,0.02,0.0,0.0,0.0,0.02,0.0,0.0,0.0,0.0,0.0,0.0
11,1,5,0,False,7.250417157250888,0.04199210432976486,1,qEHVI,0.42,0.0,0.52,0.0,0.0,0.0,0.0,0.0,0.0,0.0,0.0,0.04,0.0,0.02,0.0
11,1,5,0,False,7.250417157250888,0.04199210432976486,2,qEHVI,0.68,0.16,0.12,0.0,0.04,0.0,0.0,0.0,0.0,0.0,0.0,0.0,0.0,0.0,0.0
11,1,5,0,False,7.250417157250888,0.04199210432976486,3,qEHVI,0.0,0.5,0.4,0.04,0.02,0.0,0.0,0.0,0.0,0.0,0.0,0.0,0.0,0.0,0.04
11,1,5,0,False,7.250417157250888,0.04199210432976486,4,qEHVI,0.64,0.0,0.3,0.02,0.0,0.0,0.0,0.0,0.0,0.0,0.0,0.04,0.0,0.0,0.0
11,2,4,1,False,7.2566969536809145,0.2851413958940867,0,qEHVI,0.8200000000000001,0.0,0.14,0.0,0.02,0.0,0.0,0.0,0.02,0.0,0.0,0.0,0.0,0.0,0.0
11,2,4,1,False,7.2566969536809145,0.2851413958940867,1,qEHVI,0.42,0.0,0.52,0.0,0.0,0.0,0.0,0.0,0.0,0.0,0.0,0.04,0.0,0.02,0.0
11,2,4,1,False,7.2566969536809145,0.2851413958940867,2,qEHVI,0.64,0.0,0.3,0.02,0.0,0.0,0.0,0.0,0.0,0.0,0.0,0.04,0.0,0.0,0.0
11,2,4,1,False,7.2566969536809145,0.2851413958940867,3,qEHVI,0.0,0.5,0.4,0.04,0.02,0.0,0.0,0.0,0.0,0.0,0.0,0.0,0.0,0.0,0.04
11,2,4,1,False,7.2566969536809145,0.2851413958940867,4,qUCB,0.78,0.0,0.12,0.0,0.0,0.0,0.0,0.0,0.02,0.0,0.0,0.0,0.0,0.04,0.04
11,3,3,2,True,6.89310419696676,0.3589323247967151,0,qEHVI,0.8200000000000001,0.0,0.14,0.0,0.02,0.0,0.0,0.0,0.02,0.0,0.0,0.0,0.0,0.0,0.0
11,3,3,2,True,6.89310419696676,0.3589323247967151,1,qEHVI,0.42,0.0,0.52,0.0,0.0,0.0,0.0,0.0,0.0,0.0,0.0,0.04,0.0,0.02,0.0
11,3,3,2,True,6.89310419696676,0.3589323247967151,2,qEHVI,0.68,0.16,0.12,0.0,0.04,0.0,0.0,0.0,0.0,0.0,0.0,0.0,0.0,0.0,0.0
11,3,3,2,True,6.89310419696676,0.3589323247967151,3,qUCB,0.0,0.5,0.4,0.04,0.02,0.0,0.0,0.0,0.0,0.0,0.0,0.0,0.0,0.0,0.04
11,3,3,2,True,6.89310419696676,0.3589323247967151,4,qUCB,0.22,0.5,0.18,0.04,0.0,0.0,0.0,0.0,0.0,0.0,0.0,0.0,0.0,0.02,0.04
11,4,2,3,False,6.401821455246371,0.6198579915338449,0,qEHVI,0.8200000000000001,0.0,0.14,0.0,0.02,0.0,0.0,0.0,0.02,0.0,0.0,0.0,0.0,0.0,0.0
11,4,2,3,False,6.401821455246371,0.6198579915338449,1,qEHVI,0.42,0.0,0.52,0.0,0.0,0.0,0.0,0.0,0.0,0.0,0.0,0.04,0.0,0.02,0.0
11,4,2,3,False,6.401821455246371,0.6198579915338449,2,qUCB,0.0,0.5,0.4,0.04,0.02,0.0,0.0,0.0,0.0,0.0,0.0,0.0,0.0,0.0,0.04
11,4,2,3,False,6.401821455246371,0.6198579915338449,3,qUCB,0.06,0.7000000000000001,0.16,0.04,0.0,0.0,0.0,0.0,0.0,0.0,0.0,0.0,0.0,0.0,0.04
11,4,2,3,False,6.401821455246371,0.6198579915338449,4,qUCB,0.0,0.74,0.16,0.0,0.04,0.0,0.0,0.0,0.0,0.0,0.0,0.0,0.0,0.02,0.04
11,5,1,4,False,5.598949007595446,0.16789018046100423,0,qEHVI,0.8200000000000001,0.0,0.14,0.0,0.02,0.0,0.0,0.0,0.02,0.0,0.0,0.0,0.0,0.0,0.0
11,5,1,4,False,5.598949007595446,0.16789018046100423,1,qUCB,0.0,0.54,0.36,0.04,0.0,0.0,0.0,0.0,0.0,0.0,0.0,0.04,0.0,0.02,0.0
11,5,1,4,False,5.598949007595446,0.16789018046100423,2,qUCB,0.0,0.78,0.12,0.02,0.0,0.0,0.0,0.0,0.0,0.0,0.0,0.0,0.0,0.04,0.04
11,5,1,4,False,5.598949007595446,0.16789018046100423,3,qUCB,0.32,0.38,0.2,0.04,0.0,0.0,0.0,0.0,0.0,0.0,0.0,0.02,0.0,0.04,0.0
11,5,1,4,False,5.598949007595446,0.16789018046100423,4,qUCB,0.0,0.44,0.46,0.04,0.0,0.0,0.0,0.0,0.0,0.0,0.0,0.04,0.0,0.02,0.0
11,6,0,5,False,6.321165028684608,0.409191731719428,0,qUCB,0.8200000000000001,0.0,0.14,0.0,0.02,0.0,0.0,0.0,0.02,0.0,0.0,0.0,0.0,0.0,0.0
11,6,0,5,False,6.321165028684608,0.409191731719428,1,qUCB,0.0,0.5,0.4,0.04,0.02,0.0,0.0,0.0,0.0,0.0,0.0,0.0,0.0,0.0,0.04
11,6,0,5,False,6.321165028684608,0.409191731719428,2,qUCB,0.34,0.36,0.2,0.04,0.04,0.0,0.0,0.0,0.0,0.0,0.0,0.02,0.0,0.0,0.0
11,6,0,5,False,6.321165028684608,0.409191731719428,3,qUCB,0.76,0.04,0.12,0.0,0.04,0.0,0.0,0.0,0.0,0.0,0.0,0.04,0.0,0.0,0.0
11,6,0,5,False,6.321165028684608,0.409191731719428,4,qUCB,0.0,0.78,0.14,0.0,0.04,0.0,0.0,0.0,0.02,0.0,0.0,0.0,0.0,0.02,0.0
12,1,5,0,False,3.5498252338744702,0.04989573974162731,0,qEHVI,0.5,0.02,0.42,0.02,0.0,0.0,0.0,0.0,0.02,0.0,0.0,0.0,0.0,0.0,0.02
12,1,5,0,False,3.5498252338744702,0.04989573974162731,1,qEHVI,0.18,0.0,0.72,0.04,0.0,0.0,0.0,0.0,0.02,0.0,0.0,0.0,0.0,0.0,0.04
12,1,5,0,False,3.5498252338744702,0.04989573974162731,2,qEHVI,0.54,0.04,0.32,0.02,0.02,0.0,0.0,0.0,0.0,0.0,0.0,0.02,0.0,0.0,0.04
12,1,5,0,False,3.5498252338744702,0.04989573974162731,3,qEHVI,0.22,0.32,0.36,0.04,0.04,0.0,0.0,0.0,0.0,0.0,0.0,0.02,0.0,0.0,0.0
12,1,5,0,False,3.5498252338744702,0.04989573974162731,4,qEHVI,0.26,0.0,0.66,0.0,0.04,0.0,0.0,0.0,0.0,0.0,0.0,0.0,0.0,0.0,0.04
12,2,4,1,True,3.079122932979072,0.6468563297186103,0,qEHVI,0.5,0.02,0.42,0.02,0.0,0.0,0.0,0.0,0.02,0.0,0.0,0.0,0.0,0.0,0.02
12,2,4,1,True,3.079122932979072,0.6468563297186103,1,qEHVI,0.18,0.0,0.72,0.04,0.0,0.0,0.0,0.0,0.02,0.0,0.0,0.0,0.0,0.0,0.04
12,2,4,1,True,3.079122932979072,0.6468563297186103,2,qEHVI,0.54,0.04,0.32,0.02,0.02,0.0,0.0,0.0,0.0,0.0,0.0,0.02,0.0,0.0,0.04
12,2,4,1,True,3.079122932979072,0.6468563297186103,3,qEHVI,0.22,0.32,0.36,0.04,0.04,0.0,0.0,0.0,0.0,0.0,0.0,0.02,0.0,0.0,0.0
12,2,4,1,True,3.079122932979072,0.6468563297186103,4,qUCB,0.26,0.62,0.04,0.0,0.0,0.0,0.0,0.0,0.0,0.0,0.0,0.04,0.0,0.04,0.0
12,3,3,2,False,2.506116478228277,0.16735847488923739,0,qEHVI,0.5,0.02,0.42,0.02,0.0,0.0,0.0,0.0,0.02,0.0,0.0,0.0,0.0,0.0,0.02
12,3,3,2,False,2.506116478228277,0.16735847488923739,1,qEHVI,0.18,0.0,0.72,0.04,0.0,0.0,0.0,0.0,0.02,0.0,0.0,0.0,0.0,0.0,0.04
12,3,3,2,False,2.506116478228277,0.16735847488923739,2,qEHVI,0.54,0.04,0.32,0.02,0.02,0.0,0.0,0.0,0.0,0.0,0.0,0.02,0.0,0.0,0.04
12,3,3,2,False,2.506116478228277,0.16735847488923739,3,qUCB,0.32,0.54,0.06,0.0,0.04,0.0,0.0,0.0,0.0,0.0,0.0,0.0,0.0,0.04,0.0
12,3,3,2,False,2.506116478228277,0.16735847488923739,4,qUCB,0.0,0.86,0.06,0.0,0.0,0.0,0.0,0.0,0.0,0.0,0.0,0.04,0.0,0.04,0.0
12,4,2,3,False,2.270953416577754,0.049319054840371024,0,qEHVI,0.5,0.02,0.42,0.02,0.0,0.0,0.0,0.0,0.02,0.0,0.0,0.0,0.0,0.0,0.02
12,4,2,3,False,2.270953416577754,0.049319054840371024,1,qEHVI,0.18,0.0,0.72,0.04,0.0,0.0,0.0,0.0,0.02,0.0,0.0,0.0,0.0,0.0,0.04
12,4,2,3,False,2.270953416577754,0.049319054840371024,2,qUCB,0.42,0.46,0.02,0.0,0.04,0.0,0.0,0.0,0.0,0.0,0.0,0.04,0.0,0.02,0.0
12,4,2,3,False,2.270953416577754,0.049319054840371024,3,qUCB,0.0,0.86,0.06,0.0,0.0,0.0,0.0,0.0,0.0,0.0,0.0,0.04,0.0,0.04,0.0
12,4,2,3,False,2.270953416577754,0.049319054840371024,4,qUCB,0.0,0.58,0.32,0.04,0.04,0.0,0.0,0.0,0.0,0.0,0.0,0.02,0.0,0.0,0.0
12,5,1,4,False,1.840726652264393,0.4152482200503185,0,qEHVI,0.5,0.02,0.42,0.02,0.0,0.0,0.0,0.0,0.02,0.0,0.0,0.0,0.0,0.0,0.02
12,5,1,4,False,1.840726652264393,0.4152482200503185,1,qUCB,0.42,0.46,0.02,0.0,0.04,0.0,0.0,0.0,0.0,0.0,0.0,0.04,0.0,0.02,0.0
12,5,1,4,False,1.840726652264393,0.4152482200503185,2,qUCB,0.0,0.86,0.06,0.0,0.0,0.0,0.0,0.0,0.0,0.0,0.0,0.04,0.0,0.04,0.0
12,5,1,4,False,1.840726652264393,0.4152482200503185,3,qUCB,0.0,0.58,0.32,0.04,0.04,0.0,0.0,0.0,0.0,0.0,0.0,0.02,0.0,0.0,0.0
12,5,1,4,False,1.840726652264393,0.4152482200503185,4,qUCB,0.0,0.2,0.7000000000000001,0.0,0.02,0.0,0.0,0.0,0.0,0.0,0.0,0.04,0.0,0.0,0.04
12,6,0,5,False,1.9834559976142607,0.5996191465730298,0,qUCB,0.5,0.02,0.42,0.02,0.0,0.0,0.0,0.0,0.02,0.0,0.0,0.0,0.0,0.0,0.02
12,6,0,5,False,1.9834559976142607,0.5996191465730298,1,qUCB,0.6,0.2,0.1,0.0,0.0,0.0,0.0,0.0,0.0,0.0,0.0,0.02,0.0,0.04,0.04
12,6,0,5,False,1.9834559976142607,0.5996191465730298,2,qUCB,0.0,0.24,0.68,0.0,0.0,0.0,0.0,0.0,0.0,0.0,0.0,0.04,0.0,0.0,0.04
12,6,0,5,False,1.9834559976142607,0.5996191465730298,3,qUCB,0.0,0.68,0.24,0.04,0.04,0.0,0.0,0.0,0.0,0.0,0.0,0.0,0.0,0.0,0.0
12,6,0,5,False,1.9834559976142607,0.5996191465730298,4,qUCB,0.9,0.0,0.0,0.04,0.0,0.0,0.0,0.0,0.02,0.0,0.0,0.0,0.0,0.0,0.04
13,1,5,0,False,3.8783041830819247,0.9639135285813349,0,qEHVI,0.36,0.02,0.52,0.0,0.04,0.0,0.0,0.0,0.0,0.0,0.0,0.02,0.0,0.0,0.04
13,1,5,0,False,3.8783041830819247,0.9639135285813349,1,qEHVI,0.68,0.2,0.02,0.0,0.02,0.0,0.0,0.0,0.0,0.0,0.0,0.04,0.0,0.04,0.0
13,1,5,0,False,3.8783041830819247,0.9639135285813349,2,qEHVI,0.2,0.02,0.74,0.0,0.04,0.0,0.0,0.0,0.0,0.0,0.0,0.0,0.0,0.0,0.0
13,1,5,0,False,3.8783041830819247,0.9639135285813349,3,qEHVI,0.6,0.04,0.3,0.0,0.04,0.0,0.0,0.0,0.02,0.0,0.0,0.0,0.0,0.0,0.0
13,1,5,0,False,3.8783041830819247,0.9639135285813349,4,qEHVI,0.22,0.0,0.68,0.0,0.04,0.0,0.0,0.0,0.02,0.0,0.0,0.02,0.0,0.0,0.02
13,2,4,1,True,3.505262036789964,0.7513880592962021,0,qEHVI,0.36,0.02,0.52,0.0,0.04,0.0,0.0,0.0,0.0,0.0,0.0,0.02,0.0,0.0,0.04
13,2,4,1,True,3.505262036789964,0.7513880592962021,1,qEHVI,0.68,0.2,0.02,0.0,0.02,0.0,0.0,0.0,0.0,0.0,0.0,0.04,0.0,0.04,0.0
13,2,4,1,True,3.505262036789964,0.7513880592962021,2,qEHVI,0.2,0.02,0.74,0.0,0.04,0.0,0.0,0.0,0.0,0.0,0.0,0.0,0.0,0.0,0.0
13,2,4,1,True,3.505262036789964,0.7513880592962021,3,qEHVI,0.6,0.04,0.3,0.0,0.04,0.0,0.0,0.0,0.02,0.0,0.0,0.0,0.0,0.0,0.0
13,2,4,1,True,3.505262036789964,0.7513880592962021,4,qUCB,0.44,0.0,0.46,0.04,0.0,0.0,0.0,0.0,0.02,0.0,0.0,0.0,0.0,0.04,0.0
13,3,3,2,False,3.087567097766819,0.6304996196264598,0,qEHVI,0.36,0.02,0.52,0.0,0.04,0.0,0.0,0.0,0.0,0.0,0.0,0.02,0.0,0.0,0.04
13,3,3,2,False,3.087567097766819,0.6304996196264598,1,qEHVI,0.68,0.2,0.02,0.0,0.02,0.0,0.0,0.0,0.0,0.0,0.0,0.04,0.0,0.04,0.0
13,3,3,2,False,3.087567097766819,0.6304996196264598,2,qEHVI,0.2,0.02,0.74,0.0,0.04,0.0,0.0,0.0,0.0,0.0,0.0,0.0,0.0,0.0,0.0
13,3,3,2,False,3.087567097766819,0.6304996196264598,3,qUCB,0.5,0.04,0.36,0.04,0.0,0.0,0.0,0.0,0.04,0.0,0.0,0.0,0.0,0.0,0.02
13,3,3,2,False,3.087567097766819,0.6304996196264598,4,qUCB,0.0,0.74,0.16,0.04,0.0,0.0,0.0,0.0,0.04,0.0,0.0,0.0,0.0,0.0,0.02
13,4,2,3,False,2.651934840755893,0.5461444260011783,0,qEHVI,0.36,0.02,0.52,0.0,0.04,0.0,0.0,0.0,0.0,0.0,0.0,0.02,0.0,0.0,0.04
13,4,2,3,False,2.651934840755893,0.5461444260011783,1,qEHVI,0.68,0.2,0.02,0.0,0.02,0.0,0.0,0.0,0.0,0.0,0.0,0.04,0.0,0.04,0.0
13,4,2,3,False,2.651934840755893,0.5461444260011783,2,qUCB,0.46,0.04,0.42,0.04,0.0,0.0,0.0,0.0,0.04,0.0,0.0,0.0,0.0,0.0,0.0
13,4,2,3,False,2.651934840755893,0.5461444260011783,3,qUCB,0.1,0.0,0.8200000000000001,0.0,0.04,0.0,0.0,0.0,0.04,0.0,0.0,0.0,0.0,0.0,0.0
13,4,2,3,False,2.651934840755893,0.5461444260011783,4,qUCB,0.0,0.74,0.16,0.04,0.0,0.0,0.0,0.0,0.04,0.0,0.0,0.0,0.0,0.0,0.02
13,5,1,4,False,2.5870781600906487,0.7735243589497021,0,qEHVI,0.36,0.02,0.52,0.0,0.04,0.0,0.0,0.0,0.0,0.0,0.0,0.02,0.0,0.0,0.04
13,5,1,4,False,2.5870781600906487,0.7735243589497021,1,qUCB,0.76,0.12,0.04,0.0,0.0,0.0,0.0,0.0,0.04,0.0,0.0,0.0,0.0,0.04,0.0
13,5,1,4,False,2.5870781600906487,0.7735243589497021,2,qUCB,0.0,0.76,0.16,0.0,0.0,0.0,0.0,0.0,0.02,0.0,0.0,0.02,0.0,0.04,0.0
13,5,1,4,False,2.5870781600906487,0.7735243589497021,3,qUCB,0.1,0.0,0.8200000000000001,0.0,0.04,0.0,0.0,0.0,0.04,0.0,0.0,0.0,0.0,0.0,0.0
13,5,1,4,False,2.5870781600906487,0.7735243589497021,4,qUCB,0.12,0.0,0.78,0.0,0.0,0.0,0.0,0.0,0.02,0.0,0.0,0.04,0.0,0.04,0.0
13,6,0,5,False,1.3403735475263236,0.42407422749085033,0,qUCB,0.08,0.02,0.8,0.0,0.04,0.0,0.0,0.0,0.0,0.0,0.0,0.04,0.0,0.0,0.02
13,6,0,5,False,1.3403735475263236,0.42407422749085033,1,qUCB,0.2,0.02,0.74,0.0,0.04,0.0,0.0,0.0,0.0,0.0,0.0,0.0,0.0,0.0,0.0
13,6,0,5,False,1.3403735475263236,0.42407422749085033,2,qUCB,0.0,0.16,0.78,0.0,0.04,0.0,0.0,0.0,0.0,0.0,0.0,0.0,0.0,0.02,0.0
13,6,0,5,False,1.3403735475263236,0.42407422749085033,3,qUCB,0.0,0.78,0.12,0.0,0.04,0.0,0.0,0.0,0.02,0.0,0.0,0.0,0.0,0.04,0.0
13,6,0,5,False,1.3403735475263236,0.42407422749085033,4,qUCB,0.0,0.8200000000000001,0.14,0.02,0.0,0.0,0.0,0.0,0.0,0.0,0.0,0.0,0.0,0.02,0.0
14,1,5,0,False,7.2596021064778755,0.14928671191832343,0,qEHVI,0.36,0.32,0.28,0.04,0.0,0.0,0.0,0.0,0.0,0.0,0.0,0.0,0.0,0.0,0.0
14,1,5,0,False,7.2596021064778755,0.14928671191832343,1,qEHVI,0.36,0.28,0.3,0.02,0.0,0.0,0.0,0.0,0.02,0.0,0.0,0.02,0.0,0.0,0.0
14,1,5,0,False,7.2596021064778755,0.14928671191832343,2,qEHVI,0.56,0.04,0.36,0.02,0.0,0.0,0.0,0.0,0.0,0.0,0.0,0.0,0.0,0.0,0.02
14,1,5,0,False,7.2596021064778755,0.14928671191832343,3,qEHVI,0.88,0.02,0.0,0.04,0.04,0.0,0.0,0.0,0.02,0.0,0.0,0.0,0.0,0.0,0.0
14,1,5,0,False,7.2596021064778755,0.14928671191832343,4,qEHVI,0.36,0.28,0.26,0.04,0.0,0.0,0.0,0.0,0.0,0.0,0.0,0.04,0.0,0.0,0.02
14,2,4,1,False,7.323904213347148,0.279919678684184,0,qEHVI,0.36,0.32,0.28,0.04,0.0,0.0,0.0,0.0,0.0,0.0,0.0,0.0,0.0,0.0,0.0
14,2,4,1,False,7.323904213347148,0.279919678684184,1,qEHVI,0.36,0.28,0.3,0.02,0.0,0.0,0.0,0.0,0.02,0.0,0.0,0.02,0.0,0.0,0.0
14,2,4,1,False,7.323904213347148,0.279919678684184,2,qEHVI,0.56,0.04,0.36,0.02,0.0,0.0,0.0,0.0,0.0,0.0,0.0,0.0,0.0,0.0,0.02
14,2,4,1,False,7.323904213347148,0.279919678684184,3,qEHVI,0.88,0.02,0.0,0.04,0.04,0.0,0.0,0.0,0.02,0.0,0.0,0.0,0.0,0.0,0.0
14,2,4,1,False,7.323904213347148,0.279919678684184,4,qUCB,0.02,0.76,0.12,0.0,0.04,0.0,0.0,0.0,0.02,0.0,0.0,0.0,0.0,0.04,0.0
14,3,3,2,True,6.8260875592719055,0.5630032279450532,0,qEHVI,0.36,0.32,0.28,0.04,0.0,0.0,0.0,0.0,0.0,0.0,0.0,0.0,0.0,0.0,0.0
14,3,3,2,True,6.8260875592719055,0.5630032279450532,1,qEHVI,0.36,0.28,0.3,0.02,0.0,0.0,0.0,0.0,0.02,0.0,0.0,0.02,0.0,0.0,0.0
14,3,3,2,True,6.8260875592719055,0.5630032279450532,2,qEHVI,0.56,0.04,0.36,0.02,0.0,0.0,0.0,0.0,0.0,0.0,0.0,0.0,0.0,0.0,0.02
14,3,3,2,True,6.8260875592719055,0.5630032279450532,3,qUCB,0.44,0.44,0.02,0.02,0.04,0.0,0.0,0.0,0.0,0.0,0.0,0.0,0.0,0.04,0.0
14,3,3,2,True,6.8260875592719055,0.5630032279450532,4,qUCB,0.02,0.76,0.12,0.0,0.04,0.0,0.0,0.0,0.02,0.0,0.0,0.0,0.0,0.04,0.0
14,4,2,3,False,6.007442746523363,0.049286880819497725,0,qEHVI,0.36,0.32,0.28,0.04,0.0,0.0,0.0,0.0,0.0,0.0,0.0,0.0,0.0,0.0,0.0
14,4,2,3,False,6.007442746523363,0.049286880819497725,1,qEHVI,0.36,0.28,0.3,0.02,0.0,0.0,0.0,0.0,0.02,0.0,0.0,0.02,0.0,0.0,0.0
14,4,2,3,False,6.007442746523363,0.049286880819497725,2,qUCB,0.46,0.28,0.16,0.0,0.04,0.0,0.0,0.0,0.0,0.0,0.0,0.0,0.0,0.04,0.02
14,4,2,3,False,6.007442746523363,0.049286880819497725,3,qUCB,0.0,0.74,0.18,0.0,0.0,0.0,0.0,0.0,0.0,0.0,0.0,0.0,0.0,0.04,0.04
14,4,2,3,False,6.007442746523363,0.049286880819497725,4,qUCB,0.0,0.8200000000000001,0.1,0.0,0.02,0.0,0.0,0.0,0.0,0.0,0.0,0.0,0.0,0.04,0.02
14,5,1,4,False,6.020743726031064,0.14840478945198043,0,qEHVI,0.36,0.32,0.28,0.04,0.0,0.0,0.0,0.0,0.0,0.0,0.0,0.0,0.0,0.0,0.0
14,5,1,4,False,6.020743726031064,0.14840478945198043,1,qUCB,0.5,0.22,0.18,0.0,0.0,0.0,0.0,0.0,0.04,0.0,0.0,0.04,0.0,0.02,0.0
14,5,1,4,False,6.020743726031064,0.14840478945198043,2,qUCB,0.0,0.76,0.14,0.0,0.02,0.0,0.0,0.0,0.04,0.0,0.0,0.0,0.0,0.04,0.0
14,5,1,4,False,6.020743726031064,0.14840478945198043,3,qUCB,0.0,0.16,0.74,0.0,0.02,0.0,0.0,0.0,0.0,0.0,0.0,0.04,0.0,0.0,0.04
14,5,1,4,False,6.020743726031064,0.14840478945198043,4,qUCB,0.0,0.26,0.64,0.0,0.04,0.0,0.0,0.0,0.02,0.0,0.0,0.04,0.0,0.0,0.0
14,6,0,5,False,5.623639300709722,0.23639591195750143,0,qUCB,0.36,0.28,0.26,0.04,0.0,0.0,0.0,0.0,0.0,0.0,0.0,0.04,0.0,0.0,0.02
14,6,0,5,False,5.623639300709722,0.23639591195750143,1,qUCB,0.42,0.5,0.0,0.02,0.04,0.0,0.0,0.0,0.0,0.0,0.0,0.0,0.0,0.02,0.0
14,6,0,5,False,5.623639300709722,0.23639591195750143,2,qUCB,0.0,0.76,0.16,0.0,0.02,0.0,0.0,0.0,0.0,0.0,0.0,0.02,0.0,0.04,0.0
14,6,0,5,False,5.623639300709722,0.23639591195750143,3,qUCB,0.88,0.02,0.0,0.04,0.04,0.0,0.0,0.0,0.02,0.0,0.0,0.0,0.0,0.0,0.0
14,6,0,5,False,5.623639300709722,0.23639591195750143,4,qUCB,0.44,0.26,0.2,0.04,0.02,0.0,0.0,0.0,0.02,0.0,0.0,0.02,0.0,0.0,0.0
15,1,5,0,False,5.712842676580503,0.2164634737958835,0,qEHVI,0.4,0.14,0.36,0.0,0.0,0.0,0.0,0.0,0.04,0.0,0.0,0.04,0.0,0.0,0.02
15,1,5,0,False,5.712842676580503,0.2164634737958835,1,qEHVI,0.4,0.1,0.46,0.02,0.0,0.0,0.0,0.0,0.02,0.0,0.0,0.0,0.0,0.0,0.0
15,1,5,0,False,5.712842676580503,0.2164634737958835,2,qEHVI,0.9,0.0,0.0,0.04,0.0,0.0,0.0,0.0,0.04,0.0,0.0,0.0,0.0,0.0,0.02
15,1,5,0,False,5.712842676580503,0.2164634737958835,3,qEHVI,0.52,0.22,0.16,0.0,0.02,0.0,0.0,0.0,0.0,0.0,0.0,0.02,0.0,0.02,0.04
15,1,5,0,False,5.712842676580503,0.2164634737958835,4,qEHVI,0.0,0.2,0.72,0.0,0.0,0.0,0.0,0.0,0.04,0.0,0.0,0.02,0.0,0.0,0.02
15,2,4,1,True,5.379227359145714,0.6203848471109836,0,qEHVI,0.4,0.14,0.36,0.0,0.0,0.0,0.0,0.0,0.04,0.0,0.0,0.04,0.0,0.0,0.02
15,2,4,1,True,5.379227359145714,0.6203848471109836,1,qEHVI,0.4,0.1,0.46,0.02,0.0,0.0,0.0,0.0,0.02,0.0,0.0,0.0,0.0,0.0,0.0
15,2,4,1,True,5.379227359145714,0.6203848471109836,2,qEHVI,0.9,0.0,0.0,0.04,0.0,0.0,0.0,0.0,0.04,0.0,0.0,0.0,0.0,0.0,0.02
15,2,4,1,True,5.379227359145714,0.6203848471109836,3,qEHVI,0.52,0.22,0.16,0.0,0.02,0.0,0.0,0.0,0.0,0.0,0.0,0.02,0.0,0.02,0.04
15,2,4,1,True,5.379227359145714,0.6203848471109836,4,qUCB,0.48,0.26,0.16,0.0,0.04,0.0,0.0,0.0,0.02,0.0,0.0,0.0,0.0,0.04,0.0
15,3,3,2,False,5.224208923742445,0.07742036294837362,0,qEHVI,0.4,0.14,0.36,0.0,0.0,0.0,0.0,0.0,0.04,0.0,0.0,0.04,0.0,0.0,0.02
15,3,3,2,False,5.224208923742445,0.07742036294837362,1,qEHVI,0.42,0.02,0.46,0.02,0.04,0.0,0.0,0.0,0.04,0.0,0.0,0.0,0.0,0.0,0.0
15,3,3,2,False,5.224208923742445,0.07742036294837362,2,qEHVI,0.9,0.0,0.0,0.04,0.0,0.0,0.0,0.0,0.04,0.0,0.0,0.0,0.0,0.0,0.02
15,3,3,2,False,5.224208923742445,0.07742036294837362,3,qUCB,0.42,0.32,0.18,0.0,0.0,0.0,0.0,0.0,0.0,0.0,0.0,0.0,0.0,0.04,0.04
15,3,3,2,False,5.224208923742445,0.07742036294837362,4,qUCB,0.0,0.72,0.18,0.04,0.02,0.0,0.0,0.0,0.0,0.0,0.0,0.04,0.0,0.0,0.0
15,4,2,3,False,4.456574192783527,0.29269994179922065,0,qEHVI,0.4,0.14,0.36,0.0,0.0,0.0,0.0,0.0,0.04,0.0,0.0,0.04,0.0,0.0,0.02
15,4,2,3,False,4.456574192783527,0.29269994179922065,1,qEHVI,0.42,0.02,0.46,0.02,0.04,0.0,0.0,0.0,0.04,0.0,0.0,0.0,0.0,0.0,0.0
15,4,2,3,False,4.456574192783527,0.29269994179922065,2,qUCB,0.42,0.32,0.18,0.0,0.0,0.0,0.0,0.0,0.0,0.0,0.0,0.0,0.0,0.04,0.04
15,4,2,3,False,4.456574192783527,0.29269994179922065,3,qUCB,0.0,0.72,0.18,0.04,0.02,0.0,0.0,0.0,0.0,0.0,0.0,0.04,0.0,0.0,0.0
15,4,2,3,False,4.456574192783527,0.29269994179922065,4,qUCB,0.5,0.26,0.14,0.02,0.0,0.0,0.0,0.0,0.0,0.0,0.0,0.0,0.0,0.04,0.04
15,5,1,4,False,4.4011131672436905,0.06248770689312977,0,qEHVI,0.4,0.14,0.36,0.0,0.0,0.0,0.0,0.0,0.04,0.0,0.0,0.04,0.0,0.0,0.02
15,5,1,4,False,4.4011131672436905,0.06248770689312977,1,qUCB,0.5,0.26,0.16,0.0,0.04,0.0,0.0,0.0,0.0,0.0,0.0,0.0,0.0,0.04,0.0
15,5,1,4,False,4.4011131672436905,0.06248770689312977,2,qUCB,0.9,0.02,0.02,0.04,0.02,0.0,0.0,0.0,0.0,0.0,0.0,0.0,0.0,0.0,0.0
15,5,1,4,False,4.4011131672436905,0.06248770689312977,3,qUCB,0.0,0.72,0.2,0.04,0.02,0.0,0.0,0.0,0.0,0.0,0.0,0.0,0.0,0.02,0.0
15,5,1,4,False,4.4011131672436905,0.06248770689312977,4,qUCB,0.0,0.3,0.6,0.0,0.04,0.0,0.0,0.0,0.02,0.0,0.0,0.0,0.0,0.04,0.0
15,6,0,5,False,4.088826017889474,0.6040733467965396,0,qUCB,0.5,0.24,0.18,0.0,0.02,0.0,0.0,0.0,0.02,0.0,0.0,0.02,0.0,0.0,0.02
15,6,0,5,False,4.088826017889474,0.6040733467965396,1,qUCB,0.9,0.0,0.0,0.04,0.0,0.0,0.0,0.0,0.04,0.0,0.0,0.0,0.0,0.0,0.02
15,6,0,5,False,4.088826017889474,0.6040733467965396,2,qUCB,0.0,0.74,0.16,0.04,0.0,0.0,0.0,0.0,0.02,0.0,0.0,0.0,0.0,0.02,0.02
15,6,0,5,False,4.088826017889474,0.6040733467965396,3,qUCB,0.0,0.26,0.7000000000000001,0.0,0.0,0.0,0.0,0.0,0.0,0.0,0.0,0.02,0.0,0.02,0.0
15,6,0,5,False,4.088826017889474,0.6040733467965396,4,qUCB,0.0,0.66,0.24,0.0,0.02,0.0,0.0,0.0,0.04,0.0,0.0,0.0,0.0,0.0,0.04
16,1,5,0,False,3.3679353480236904,0.32693621270319895,0,qEHVI,0.0,0.18,0.72,0.0,0.0,0.0,0.0,0.0,0.02,0.0,0.0,0.04,0.0,0.0,0.04
16,1,5,0,False,3.3679353480236904,0.32693621270319895,1,qEHVI,0.38,0.22,0.32,0.02,0.02,0.0,0.0,0.0,0.0,0.0,0.0,0.02,0.0,0.0,0.02
16,1,5,0,False,3.3679353480236904,0.32693621270319895,2,qEHVI,0.64,0.08,0.18,0.02,0.0,0.0,0.0,0.0,0.0,0.0,0.0,0.04,0.0,0.04,0.0
16,1,5,0,False,3.3679353480236904,0.32693621270319895,3,qEHVI,0.0,0.74,0.16,0.04,0.0,0.0,0.0,0.0,0.02,0.0,0.0,0.04,0.0,0.0,0.0
16,1,5,0,False,3.3679353480236904,0.32693621270319895,4,qEHVI,0.0,0.44,0.48,0.04,0.0,0.0,0.0,0.0,0.02,0.0,0.0,0.02,0.0,0.0,0.0
16,2,4,1,False,3.0662760302952687,0.27317589973324985,0,qEHVI,0.0,0.18,0.72,0.0,0.0,0.0,0.0,0.0,0.02,0.0,0.0,0.04,0.0,0.0,0.04
16,2,4,1,False,3.0662760302952687,0.27317589973324985,1,qEHVI,0.0,0.74,0.16,0.04,0.0,0.0,0.0,0.0,0.02,0.0,0.0,0.04,0.0,0.0,0.0
16,2,4,1,False,3.0662760302952687,0.27317589973324985,2,qEHVI,0.38,0.22,0.32,0.02,0.02,0.0,0.0,0.0,0.0,0.0,0.0,0.02,0.0,0.0,0.02
16,2,4,1,False,3.0662760302952687,0.27317589973324985,3,qEHVI,0.0,0.44,0.48,0.04,0.0,0.0,0.0,0.0,0.02,0.0,0.0,0.02,0.0,0.0,0.0
16,2,4,1,False,3.0662760302952687,0.27317589973324985,4,qUCB,0.18,0.52,0.2,0.0,0.0,0.0,0.0,0.0,0.04,0.0,0.0,0.0,0.0,0.04,0.02
16,3,3,2,False,2.8556203461311296,0.29456168072051625,0,qEHVI,0.0,0.18,0.72,0.0,0.0,0.0,0.0,0.0,0.02,0.0,0.0,0.04,0.0,0.0,0.04
16,3,3,2,False,2.8556203461311296,0.29456168072051625,1,qEHVI,0.0,0.44,0.48,0.04,0.0,0.0,0.0,0.0,0.02,0.0,0.0,0.02,0.0,0.0,0.0
16,3,3,2,False,2.8556203461311296,0.29456168072051625,2,qEHVI,0.38,0.22,0.32,0.02,0.02,0.0,0.0,0.0,0.0,0.0,0.0,0.02,0.0,0.0,0.02
16,3,3,2,False,2.8556203461311296,0.29456168072051625,3,qUCB,0.18,0.52,0.2,0.0,0.0,0.0,0.0,0.0,0.04,0.0,0.0,0.0,0.0,0.04,0.02
16,3,3,2,False,2.8556203461311296,0.29456168072051625,4,qUCB,0.0,0.16,0.74,0.0,0.04,0.0,0.0,0.0,0.04,0.0,0.0,0.02,0.0,0.0,0.0
16,4,2,3,False,3.0658667888095157,0.2520002356443811,0,qEHVI,0.0,0.18,0.72,0.0,0.0,0.0,0.0,0.0,0.02,0.0,0.0,0.04,0.0,0.0,0.04
16,4,2,3,False,3.0658667888095157,0.2520002356443811,1,qEHVI,0.38,0.22,0.32,0.02,0.02,0.0,0.0,0.0,0.0,0.0,0.0,0.02,0.0,0.0,0.02
16,4,2,3,False,3.0658667888095157,0.2520002356443811,2,qUCB,0.18,0.54,0.2,0.0,0.0,0.0,0.0,0.0,0.04,0.0,0.0,0.0,0.0,0.04,0.0
16,4,2,3,False,3.0658667888095157,0.2520002356443811,3,qUCB,0.02,0.74,0.14,0.04,0.0,0.0,0.0,0.0,0.04,0.0,0.0,0.0,0.0,0.02,0.0
16,4,2,3,False,3.0658667888095157,0.2520002356443811,4,qUCB,0.0,0.3,0.62,0.04,0.0,0.0,0.0,0.0,0.0,0.0,0.0,0.0,0.0,0.04,0.0
16,5,1,4,True,2.216606421632143,0.6713173345468917,0,qEHVI,0.0,0.18,0.72,0.0,0.0,0.0,0.0,0.0,0.02,0.0,0.0,0.04,0.0,0.0,0.04
16,5,1,4,True,2.216606421632143,0.6713173345468917,1,qUCB,0.66,0.06,0.18,0.02,0.04,0.0,0.0,0.0,0.0,0.0,0.0,0.0,0.0,0.04,0.0
16,5,1,4,True,2.216606421632143,0.6713173345468917,2,qUCB,0.02,0.74,0.14,0.04,0.0,0.0,0.0,0.0,0.04,0.0,0.0,0.0,0.0,0.02,0.0
16,5,1,4,True,2.216606421632143,0.6713173345468917,3,qUCB,0.0,0.3,0.62,0.04,0.0,0.0,0.0,0.0,0.0,0.0,0.0,0.0,0.0,0.04,0.0
16,5,1,4,True,2.216606421632143,0.6713173345468917,4,qUCB,0.5,0.24,0.16,0.04,0.04,0.0,0.0,0.0,0.0,0.0,0.0,0.0,0.0,0.02,0.0
16,6,0,5,False,3.1706498169301294,0.2664281036798428,0,qUCB,0.0,0.74,0.16,0.04,0.0,0.0,0.0,0.0,0.02,0.0,0.0,0.04,0.0,0.0,0.0
16,6,0,5,False,3.1706498169301294,0.2664281036798428,1,qUCB,0.0,0.26,0.7000000000000001,0.0,0.02,0.0,0.0,0.0,0.0,0.0,0.0,0.0,0.0,0.02,0.0
16,6,0,5,False,3.1706498169301294,0.2664281036798428,2,qUCB,0.0,0.26,0.64,0.04,0.0,0.0,0.0,0.0,0.02,0.0,0.0,0.0,0.0,0.0,0.04
16,6,0,5,False,3.1706498169301294,0.2664281036798428,3,qUCB,0.0,0.44,0.48,0.04,0.0,0.0,0.0,0.0,0.02,0.0,0.0,0.02,0.0,0.0,0.0
16,6,0,5,False,3.1706498169301294,0.2664281036798428,4,qUCB,0.0,0.72,0.22,0.0,0.02,0.0,0.0,0.0,0.02,0.0,0.0,0.02,0.0,0.0,0.0
17,1,5,0,False,1.7799485089058498,0.527920621289474,0,qEHVI,0.54,0.0,0.4,0.04,0.0,0.0,0.0,0.0,0.0,0.0,0.0,0.0,0.0,0.0,0.02
17,1,5,0,False,1.7799485089058498,0.527920621289474,1,qEHVI,0.5,0.14,0.28,0.0,0.0,0.0,0.0,0.0,0.04,0.0,0.0,0.04,0.0,0.0,0.0
17,1,5,0,False,1.7799485089058498,0.527920621289474,2,qEHVI,0.64,0.26,0.0,0.0,0.02,0.0,0.0,0.0,0.04,0.0,0.0,0.0,0.0,0.04,0.0
17,1,5,0,False,1.7799485089058498,0.527920621289474,3,qEHVI,0.52,0.0,0.42,0.0,0.0,0.0,0.0,0.0,0.0,0.0,0.0,0.0,0.0,0.02,0.04
17,1,5,0,False,1.7799485089058498,0.527920621289474,4,qEHVI,0.18,0.0,0.72,0.0,0.04,0.0,0.0,0.0,0.02,0.0,0.0,0.0,0.0,0.0,0.04
17,2,4,1,False,1.6234933043516826,0.32889849865280496,0,qEHVI,0.54,0.0,0.4,0.04,0.0,0.0,0.0,0.0,0.0,0.0,0.0,0.0,0.0,0.0,0.02
17,2,4,1,False,1.6234933043516826,0.32889849865280496,1,qEHVI,0.5,0.14,0.28,0.0,0.0,0.0,0.0,0.0,0.04,0.0,0.0,0.04,0.0,0.0,0.0
17,2,4,1,False,1.6234933043516826,0.32889849865280496,2,qEHVI,0.64,0.26,0.0,0.0,0.02,0.0,0.0,0.0,0.04,0.0,0.0,0.0,0.0,0.04,0.0
17,2,4,1,False,1.6234933043516826,0.32889849865280496,3,qEHVI,0.52,0.0,0.42,0.0,0.0,0.0,0.0,0.0,0.0,0.0,0.0,0.0,0.0,0.02,0.04
17,2,4,1,False,1.6234933043516826,0.32889849865280496,4,qUCB,0.56,0.0,0.4,0.0,0.04,0.0,0.0,0.0,0.0,0.0,0.0,0.0,0.0,0.0,0.0
17,3,3,2,True,1.325421922335262,0.5138153403551469,0,qEHVI,0.54,0.0,0.4,0.04,0.0,0.0,0.0,0.0,0.0,0.0,0.0,0.0,0.0,0.0,0.02
17,3,3,2,True,1.325421922335262,0.5138153403551469,1,qEHVI,0.5,0.14,0.28,0.0,0.0,0.0,0.0,0.0,0.04,0.0,0.0,0.04,0.0,0.0,0.0
17,3,3,2,True,1.325421922335262,0.5138153403551469,2,qEHVI,0.64,0.26,0.0,0.0,0.02,0.0,0.0,0.0,0.04,0.0,0.0,0.0,0.0,0.04,0.0
17,3,3,2,True,1.325421922335262,0.5138153403551469,3,qUCB,0.48,0.0,0.42,0.0,0.04,0.0,0.0,0.0,0.02,0.0,0.0,0.0,0.0,0.0,0.04
17,3,3,2,True,1.325421922335262,0.5138153403551469,4,qUCB,0.0,0.92,0.0,0.0,0.04,0.0,0.0,0.0,0.0,0.0,0.0,0.0,0.0,0.0,0.04
17,4,2,3,False,0.9964998102908632,0.44044934843731154,0,qEHVI,0.54,0.0,0.4,0.04,0.0,0.0,0.0,0.0,0.0,0.0,0.0,0.0,0.0,0.0,0.02
17,4,2,3,False,0.9964998102908632,0.44044934843731154,1,qEHVI,0.5,0.14,0.28,0.0,0.0,0.0,0.0,0.0,0.04,0.0,0.0,0.04,0.0,0.0,0.0
17,4,2,3,False,0.9964998102908632,0.44044934843731154,2,qUCB,0.5,0.0,0.4,0.0,0.04,0.0,0.0,0.0,0.02,0.0,0.0,0.0,0.0,0.04,0.0
17,4,2,3,False,0.9964998102908632,0.44044934843731154,3,qUCB,0.06,0.86,0.0,0.0,0.04,0.0,0.0,0.0,0.0,0.0,0.0,0.0,0.0,0.04,0.0
17,4,2,3,False,0.9964998102908632,0.44044934843731154,4,qUCB,0.02,0.22,0.66,0.0,0.04,0.0,0.0,0.0,0.02,0.0,0.0,0.0,0.0,0.04,0.0
17,5,1,4,False,0.8293938737099574,0.4005133856434311,0,qEHVI,0.54,0.0,0.4,0.04,0.0,0.0,0.0,0.0,0.0,0.0,0.0,0.0,0.0,0.0,0.02
17,5,1,4,False,0.8293938737099574,0.4005133856434311,1,qUCB,0.46,0.44,0.0,0.0,0.0,0.0,0.0,0.0,0.04,0.0,0.0,0.04,0.0,0.02,0.0
17,5,1,4,False,0.8293938737099574,0.4005133856434311,2,qUCB,0.0,0.88,0.02,0.0,0.04,0.0,0.0,0.0,0.04,0.0,0.0,0.02,0.0,0.0,0.0
17,5,1,4,False,0.8293938737099574,0.4005133856434311,3,qUCB,0.48,0.42,0.0,0.0,0.04,0.0,0.0,0.0,0.0,0.0,0.0,0.02,0.0,0.04,0.0
17,5,1,4,False,0.8293938737099574,0.4005133856434311,4,qUCB,0.0,0.64,0.26,0.0,0.0,0.0,0.0,0.0,0.04,0.0,0.0,0.04,0.0,0.0,0.02
17,6,0,5,False,0.9814351666875367,0.46318589862068205,0,qUCB,0.54,0.0,0.4,0.04,0.0,0.0,0.0,0.0,0.0,0.0,0.0,0.0,0.0,0.0,0.02
17,6,0,5,False,0.9814351666875367,0.46318589862068205,1,qUCB,0.54,0.0,0.38,0.0,0.0,0.0,0.0,0.0,0.04,0.0,0.0,0.0,0.0,0.0,0.04
17,6,0,5,False,0.9814351666875367,0.46318589862068205,2,qUCB,0.64,0.0,0.28,0.04,0.0,0.0,0.0,0.0,0.0,0.0,0.0,0.0,0.0,0.0,0.04
17,6,0,5,False,0.9814351666875367,0.46318589862068205,3,qUCB,0.0,0.92,0.0,0.0,0.04,0.0,0.0,0.0,0.0,0.0,0.0,0.0,0.0,0.0,0.04
17,6,0,5,False,0.9814351666875367,0.46318589862068205,4,qUCB,0.0,0.64,0.26,0.0,0.0,0.0,0.0,0.0,0.04,0.0,0.0,0.04,0.0,0.0,0.02
18,1,5,0,False,4.579725862633222,0.20381151816397036,0,qEHVI,0.48,0.12,0.3,0.04,0.02,0.0,0.0,0.0,0.0,0.0,0.0,0.04,0.0,0.0,0.0
18,1,5,0,False,4.579725862633222,0.20381151816397036,1,qEHVI,0.58,0.12,0.2,0.0,0.0,0.0,0.0,0.0,0.0,0.0,0.0,0.04,0.0,0.04,0.02
18,1,5,0,False,4.579725862633222,0.20381151816397036,2,qEHVI,0.0,0.0,0.98,0.0,0.0,0.0,0.0,0.0,0.0,0.0,0.0,0.02,0.0,0.0,0.0
18,1,5,0,False,4.579725862633222,0.20381151816397036,3,qEHVI,0.52,0.04,0.34,0.04,0.02,0.0,0.0,0.0,0.0,0.0,0.0,0.04,0.0,0.0,0.0
18,1,5,0,False,4.579725862633222,0.20381151816397036,4,qEHVI,0.34,0.0,0.64,0.0,0.0,0.0,0.0,0.0,0.0,0.0,0.0,0.02,0.0,0.0,0.0
18,2,4,1,True,3.5794462201706367,0.45034864608720504,0,qEHVI,0.48,0.12,0.3,0.04,0.02,0.0,0.0,0.0,0.0,0.0,0.0,0.04,0.0,0.0,0.0
18,2,4,1,True,3.5794462201706367,0.45034864608720504,1,qEHVI,0.58,0.12,0.2,0.0,0.0,0.0,0.0,0.0,0.0,0.0,0.0,0.04,0.0,0.04,0.02
18,2,4,1,True,3.5794462201706367,0.45034864608720504,2,qEHVI,0.0,0.0,0.98,0.0,0.0,0.0,0.0,0.0,0.0,0.0,0.0,0.02,0.0,0.0,0.0
18,2,4,1,True,3.5794462201706367,0.45034864608720504,3,qEHVI,0.34,0.0,0.64,0.0,0.0,0.0,0.0,0.0,0.0,0.0,0.0,0.02,0.0,0.0,0.0
18,2,4,1,True,3.5794462201706367,0.45034864608720504,4,qUCB,0.0,0.68,0.22,0.02,0.0,0.0,0.0,0.0,0.04,0.0,0.0,0.0,0.0,0.0,0.04
18,3,3,2,False,3.543497414298587,0.014399317305288761,0,qEHVI,0.48,0.12,0.3,0.04,0.02,0.0,0.0,0.0,0.0,0.0,0.0,0.04,0.0,0.0,0.0
18,3,3,2,False,3.543497414298587,0.014399317305288761,1,qEHVI,0.0,0.0,0.98,0.0,0.0,0.0,0.0,0.0,0.0,0.0,0.0,0.02,0.0,0.0,0.0
18,3,3,2,False,3.543497414298587,0.014399317305288761,2,qEHVI,0.58,0.12,0.2,0.0,0.0,0.0,0.0,0.0,0.0,0.0,0.0,0.04,0.0,0.04,0.02
18,3,3,2,False,3.543497414298587,0.014399317305288761,3,qUCB,0.0,0.68,0.22,0.02,0.0,0.0,0.0,0.0,0.04,0.0,0.0,0.0,0.0,0.0,0.04
18,3,3,2,False,3.543497414298587,0.014399317305288761,4,qUCB,0.4,0.28,0.22,0.0,0.04,0.0,0.0,0.0,0.02,0.0,0.0,0.0,0.0,0.0,0.04
18,4,2,3,False,3.400810777686469,0.2667710620373409,0,qEHVI,0.48,0.12,0.3,0.04,0.02,0.0,0.0,0.0,0.0,0.0,0.0,0.04,0.0,0.0,0.0
18,4,2,3,False,3.400810777686469,0.2667710620373409,1,qEHVI,0.58,0.12,0.2,0.0,0.0,0.0,0.0,0.0,0.0,0.0,0.0,0.04,0.0,0.04,0.02
18,4,2,3,False,3.400810777686469,0.2667710620373409,2,qUCB,0.0,0.0,0.98,0.0,0.0,0.0,0.0,0.0,0.0,0.0,0.0,0.02,0.0,0.0,0.0
18,4,2,3,False,3.400810777686469,0.2667710620373409,3,qUCB,0.0,0.68,0.22,0.02,0.0,0.0,0.0,0.0,0.04,0.0,0.0,0.0,0.0,0.0,0.04
18,4,2,3,False,3.400810777686469,0.2667710620373409,4,qUCB,0.06,0.02,0.8200000000000001,0.02,0.0,0.0,0.0,0.0,0.04,0.0,0.0,0.0,0.0,0.0,0.04
18,5,1,4,False,3.065212454605003,0.03414503374041189,0,qEHVI,0.48,0.12,0.3,0.04,0.02,0.0,0.0,0.0,0.0,0.0,0.0,0.04,0.0,0.0,0.0
18,5,1,4,False,3.065212454605003,0.03414503374041189,1,qUCB,0.0,0.7000000000000001,0.22,0.0,0.0,0.0,0.0,0.0,0.0,0.0,0.0,0.0,0.0,0.04,0.04
18,5,1,4,False,3.065212454605003,0.03414503374041189,2,qUCB,0.0,0.0,0.98,0.0,0.0,0.0,0.0,0.0,0.0,0.0,0.0,0.02,0.0,0.0,0.0
18,5,1,4,False,3.065212454605003,0.03414503374041189,3,qUCB,0.0,0.6,0.32,0.0,0.0,0.0,0.0,0.0,0.02,0.0,0.0,0.0,0.0,0.04,0.02
18,5,1,4,False,3.065212454605003,0.03414503374041189,4,qUCB,0.0,0.08,0.8200000000000001,0.0,0.02,0.0,0.0,0.0,0.0,0.0,0.0,0.0,0.0,0.04,0.04
18,6,0,5,False,2.839405586779106,0.14957332241882426,0,qUCB,0.0,0.0,0.98,0.0,0.0,0.0,0.0,0.0,0.0,0.0,0.0,0.02,0.0,0.0,0.0
18,6,0,5,False,2.839405586779106,0.14957332241882426,1,qUCB,0.0,0.74,0.2,0.0,0.0,0.0,0.0,0.0,0.02,0.0,0.0,0.04,0.0,0.0,0.0
18,6,0,5,False,2.839405586779106,0.14957332241882426,2,qUCB,0.0,0.6,0.32,0.0,0.0,0.0,0.0,0.0,0.02,0.0,0.0,0.0,0.0,0.04,0.02
18,6,0,5,False,2.839405586779106,0.14957332241882426,3,qUCB,0.0,0.42,0.48,0.04,0.0,0.0,0.0,0.0,0.02,0.0,0.0,0.02,0.0,0.0,0.02
18,6,0,5,False,2.839405586779106,0.14957332241882426,4,qUCB,0.12,0.0,0.8200000000000001,0.0,0.0,0.0,0.0,0.0,0.0,0.0,0.0,0.04,0.0,0.02,0.0
19,1,5,0,False,1.914232242272429,0.13822215624880974,0,qEHVI,0.56,0.0,0.44,0.0,0.0,0.0,0.0,0.0,0.0,0.0,0.0,0.0,0.0,0.0,0.0
19,1,5,0,False,1.914232242272429,0.13822215624880974,1,qEHVI,0.52,0.1,0.3,0.0,0.0,0.0,0.0,0.0,0.0,0.0,0.0,0.04,0.0,0.0,0.04
19,1,5,0,False,1.914232242272429,0.13822215624880974,2,qEHVI,0.48,0.0,0.44,0.04,0.0,0.0,0.0,0.0,0.0,0.0,0.0,0.0,0.0,0.0,0.04
19,1,5,0,False,1.914232242272429,0.13822215624880974,3,qEHVI,0.56,0.34,0.0,0.0,0.02,0.0,0.0,0.0,0.0,0.0,0.0,0.04,0.0,0.04,0.0
19,1,5,0,False,1.914232242272429,0.13822215624880974,4,qEHVI,0.52,0.08,0.3,0.04,0.0,0.0,0.0,0.0,0.02,0.0,0.0,0.04,0.0,0.0,0.0
19,2,4,1,True,1.726777206655603,0.6653224004733778,0,qEHVI,0.56,0.0,0.44,0.0,0.0,0.0,0.0,0.0,0.0,0.0,0.0,0.0,0.0,0.0,0.0
19,2,4,1,True,1.726777206655603,0.6653224004733778,1,qEHVI,0.52,0.1,0.3,0.0,0.0,0.0,0.0,0.0,0.0,0.0,0.0,0.04,0.0,0.0,0.04
19,2,4,1,True,1.726777206655603,0.6653224004733778,2,qEHVI,0.48,0.0,0.44,0.04,0.0,0.0,0.0,0.0,0.0,0.0,0.0,0.0,0.0,0.0,0.04
19,2,4,1,True,1.726777206655603,0.6653224004733778,3,qEHVI,0.56,0.34,0.0,0.0,0.02,0.0,0.0,0.0,0.0,0.0,0.0,0.04,0.0,0.04,0.0
19,2,4,1,True,1.726777206655603,0.6653224004733778,4,qUCB,0.54,0.0,0.36,0.04,0.0,0.0,0.0,0.0,0.02,0.0,0.0,0.0,0.0,0.04,0.0
19,3,3,2,False,1.4687023557757926,0.2512984890281178,0,qEHVI,0.56,0.0,0.44,0.0,0.0,0.0,0.0,0.0,0.0,0.0,0.0,0.0,0.0,0.0,0.0
19,3,3,2,False,1.4687023557757926,0.2512984890281178,1,qEHVI,0.52,0.1,0.3,0.0,0.0,0.0,0.0,0.0,0.0,0.0,0.0,0.04,0.0,0.0,0.04
19,3,3,2,False,1.4687023557757926,0.2512984890281178,2,qEHVI,0.56,0.34,0.0,0.0,0.02,0.0,0.0,0.0,0.0,0.0,0.0,0.04,0.0,0.04,0.0
19,3,3,2,False,1.4687023557757926,0.2512984890281178,3,qUCB,0.5,0.02,0.38,0.04,0.0,0.0,0.0,0.0,0.02,0.0,0.0,0.0,0.0,0.0,0.04
19,3,3,2,False,1.4687023557757926,0.2512984890281178,4,qUCB,0.36,0.54,0.0,0.04,0.04,0.0,0.0,0.0,0.0,0.0,0.0,0.0,0.0,0.0,0.02
19,4,2,3,False,1.1689762105763277,0.1250278086773431,0,qEHVI,0.56,0.0,0.44,0.0,0.0,0.0,0.0,0.0,0.0,0.0,0.0,0.0,0.0,0.0,0.0
19,4,2,3,False,1.1689762105763277,0.1250278086773431,1,qEHVI,0.52,0.1,0.3,0.0,0.0,0.0,0.0,0.0,0.0,0.0,0.0,0.04,0.0,0.0,0.04
19,4,2,3,False,1.1689762105763277,0.1250278086773431,2,qUCB,0.5,0.02,0.38,0.04,0.0,0.0,0.0,0.0,0.02,0.0,0.0,0.0,0.0,0.0,0.04
19,4,2,3,False,1.1689762105763277,0.1250278086773431,3,qUCB,0.36,0.54,0.0,0.04,0.04,0.0,0.0,0.0,0.0,0.0,0.0,0.0,0.0,0.0,0.02
19,4,2,3,False,1.1689762105763277,0.1250278086773431,4,qUCB,0.0,0.9,0.0,0.04,0.0,0.0,0.0,0.0,0.0,0.0,0.0,0.02,0.0,0.02,0.02
19,5,1,4,False,1.1485166848754609,0.24231684951208798,0,qEHVI,0.56,0.0,0.44,0.0,0.0,0.0,0.0,0.0,0.0,0.0,0.0,0.0,0.0,0.0,0.0
19,5,1,4,False,1.1485166848754609,0.24231684951208798,1,qUCB,0.48,0.42,0.0,0.0,0.0,0.0,0.0,0.0,0.0,0.0,0.0,0.02,0.0,0.04,0.04
19,5,1,4,False,1.1485166848754609,0.24231684951208798,2,qUCB,0.0,0.9,0.0,0.04,0.0,0.0,0.0,0.0,0.0,0.0,0.0,0.02,0.0,0.02,0.02
19,5,1,4,False,1.1485166848754609,0.24231684951208798,3,qUCB,0.34,0.56,0.0,0.04,0.0,0.0,0.0,0.0,0.0,0.0,0.0,0.0,0.0,0.02,0.04
19,5,1,4,False,1.1485166848754609,0.24231684951208798,4,qUCB,0.6,0.0,0.3,0.04,0.0,0.0,0.0,0.0,0.02,0.0,0.0,0.0,0.0,0.0,0.04
19,6,0,5,False,1.2707940841319776,0.1377761124858664,0,qUCB,0.58,0.0,0.36,0.04,0.0,0.0,0.0,0.0,0.0,0.0,0.0,0.02,0.0,0.0,0.0
19,6,0,5,False,1.2707940841319776,0.1377761124858664,1,qUCB,0.56,0.0,0.44,0.0,0.0,0.0,0.0,0.0,0.0,0.0,0.0,0.0,0.0,0.0,0.0
19,6,0,5,False,1.2707940841319776,0.1377761124858664,2,qUCB,0.48,0.0,0.44,0.04,0.0,0.0,0.0,0.0,0.0,0.0,0.0,0.0,0.0,0.0,0.04
19,6,0,5,False,1.2707940841319776,0.1377761124858664,3,qUCB,0.5,0.5,0.0,0.0,0.0,0.0,0.0,0.0,0.0,0.0,0.0,0.0,0.0,0.0,0.0
19,6,0,5,False,1.2707940841319776,0.1377761124858664,4,qUCB,0.0,0.9,0.0,0.04,0.0,0.0,0.0,0.0,0.0,0.0,0.0,0.02,0.0,0.02,0.02
20,1,5,0,False,3.918863492553492,0.02754003078160494,0,qEHVI,0.1,0.02,0.8200000000000001,0.02,0.0,0.0,0.0,0.0,0.0,0.0,0.0,0.04,0.0,0.0,0.0
20,1,5,0,False,3.918863492553492,0.02754003078160494,1,qEHVI,0.56,0.0,0.34,0.0,0.0,0.0,0.0,0.0,0.0,0.0,0.0,0.04,0.0,0.02,0.04
20,1,5,0,False,3.918863492553492,0.02754003078160494,2,qEHVI,0.96,0.0,0.04,0.0,0.0,0.0,0.0,0.0,0.0,0.0,0.0,0.0,0.0,0.0,0.0
20,1,5,0,False,3.918863492553492,0.02754003078160494,3,qEHVI,0.48,0.34,0.1,0.0,0.04,0.0,0.0,0.0,0.0,0.0,0.0,0.04,0.0,0.0,0.0
20,1,5,0,False,3.918863492553492,0.02754003078160494,4,qEHVI,0.9,0.0,0.06,0.0,0.0,0.0,0.0,0.0,0.0,0.0,0.0,0.02,0.0,0.02,0.0
20,2,4,1,True,3.852369832117669,1.5268640464892975,0,qEHVI,0.1,0.02,0.8200000000000001,0.02,0.0,0.0,0.0,0.0,0.0,0.0,0.0,0.04,0.0,0.0,0.0
20,2,4,1,True,3.852369832117669,1.5268640464892975,1,qEHVI,0.56,0.0,0.34,0.0,0.0,0.0,0.0,0.0,0.0,0.0,0.0,0.04,0.0,0.02,0.04
20,2,4,1,True,3.852369832117669,1.5268640464892975,2,qEHVI,0.48,0.34,0.1,0.0,0.04,0.0,0.0,0.0,0.0,0.0,0.0,0.04,0.0,0.0,0.0
20,2,4,1,True,3.852369832117669,1.5268640464892975,3,qEHVI,0.96,0.0,0.04,0.0,0.0,0.0,0.0,0.0,0.0,0.0,0.0,0.0,0.0,0.0,0.0
20,2,4,1,True,3.852369832117669,1.5268640464892975,4,qUCB,0.1,0.0,0.8200000000000001,0.0,0.04,0.0,0.0,0.0,0.04,0.0,0.0,0.0,0.0,0.0,0.0
20,3,3,2,False,3.6461563574107165,0.0959932065212552,0,qEHVI,0.1,0.02,0.8200000000000001,0.02,0.0,0.0,0.0,0.0,0.0,0.0,0.0,0.04,0.0,0.0,0.0
20,3,3,2,False,3.6461563574107165,0.0959932065212552,1,qEHVI,0.56,0.0,0.34,0.0,0.0,0.0,0.0,0.0,0.0,0.0,0.0,0.04,0.0,0.02,0.04
20,3,3,2,False,3.6461563574107165,0.0959932065212552,2,qEHVI,0.96,0.0,0.04,0.0,0.0,0.0,0.0,0.0,0.0,0.0,0.0,0.0,0.0,0.0,0.0
20,3,3,2,False,3.6461563574107165,0.0959932065212552,3,qUCB,0.1,0.0,0.8200000000000001,0.0,0.04,0.0,0.0,0.0,0.04,0.0,0.0,0.0,0.0,0.0,0.0
20,3,3,2,False,3.6461563574107165,0.0959932065212552,4,qUCB,0.0,0.6,0.32,0.0,0.0,0.0,0.0,0.0,0.04,0.0,0.0,0.0,0.0,0.04,0.0
20,4,2,3,False,3.248201016090543,0.116442289551145,0,qEHVI,0.1,0.02,0.8200000000000001,0.02,0.0,0.0,0.0,0.0,0.0,0.0,0.0,0.04,0.0,0.0,0.0
20,4,2,3,False,3.248201016090543,0.116442289551145,1,qEHVI,0.56,0.0,0.34,0.0,0.0,0.0,0.0,0.0,0.0,0.0,0.0,0.04,0.0,0.02,0.04
20,4,2,3,False,3.248201016090543,0.116442289551145,2,qUCB,0.38,0.42,0.1,0.0,0.04,0.0,0.0,0.0,0.02,0.0,0.0,0.0,0.0,0.04,0.0
20,4,2,3,False,3.248201016090543,0.116442289551145,3,qUCB,0.0,0.6,0.32,0.0,0.0,0.0,0.0,0.0,0.04,0.0,0.0,0.0,0.0,0.04,0.0
20,4,2,3,False,3.248201016090543,0.116442289551145,4,qUCB,0.1,0.0,0.8200000000000001,0.0,0.04,0.0,0.0,0.0,0.04,0.0,0.0,0.0,0.0,0.0,0.0
20,5,1,4,False,2.7662527364173646,0.4289392359597599,0,qEHVI,0.1,0.02,0.8200000000000001,0.02,0.0,0.0,0.0,0.0,0.0,0.0,0.0,0.04,0.0,0.0,0.0
20,5,1,4,False,2.7662527364173646,0.4289392359597599,1,qUCB,0.38,0.42,0.1,0.0,0.04,0.0,0.0,0.0,0.02,0.0,0.0,0.0,0.0,0.04,0.0
20,5,1,4,False,2.7662527364173646,0.4289392359597599,2,qUCB,0.0,0.6,0.32,0.0,0.0,0.0,0.0,0.0,0.04,0.0,0.0,0.0,0.0,0.04,0.0
20,5,1,4,False,2.7662527364173646,0.4289392359597599,3,qUCB,0.4,0.28,0.22,0.0,0.0,0.0,0.0,0.0,0.02,0.0,0.0,0.0,0.0,0.04,0.04
20,5,1,4,False,2.7662527364173646,0.4289392359597599,4,qUCB,0.1,0.0,0.8200000000000001,0.0,0.04,0.0,0.0,0.0,0.04,0.0,0.0,0.0,0.0,0.0,0.0
20,6,0,5,False,2.6521368547446422,0.04201429773554821,0,qUCB,0.14,0.02,0.8,0.0,0.0,0.0,0.0,0.0,0.0,0.0,0.0,0.02,0.0,0.02,0.0
20,6,0,5,False,2.6521368547446422,0.04201429773554821,1,qUCB,0.96,0.0,0.04,0.0,0.0,0.0,0.0,0.0,0.0,0.0,0.0,0.0,0.0,0.0,0.0
20,6,0,5,False,2.6521368547446422,0.04201429773554821,2,qUCB,0.0,0.42,0.48,0.04,0.0,0.0,0.0,0.0,0.0,0.0,0.0,0.04,0.0,0.02,0.0
20,6,0,5,False,2.6521368547446422,0.04201429773554821,3,qUCB,0.0,0.6,0.32,0.0,0.0,0.0,0.0,0.0,0.04,0.0,0.0,0.0,0.0,0.04,0.0
20,6,0,5,False,2.6521368547446422,0.04201429773554821,4,qUCB,0.02,0.08,0.8200000000000001,0.0,0.02,0.0,0.0,0.0,0.02,0.0,0.0,0.04,0.0,0.0,0.0
21,1,5,0,False,3.2016344891439346,0.03441817267419367,0,qEHVI,0.4,0.2,0.32,0.04,0.0,0.0,0.0,0.0,0.0,0.0,0.0,0.04,0.0,0.0,0.0
21,1,5,0,False,3.2016344891439346,0.03441817267419367,1,qEHVI,0.5,0.42,0.0,0.0,0.0,0.0,0.0,0.0,0.0,0.0,0.0,0.04,0.0,0.0,0.04
21,1,5,0,False,3.2016344891439346,0.03441817267419367,2,qEHVI,0.62,0.0,0.36,0.0,0.0,0.0,0.0,0.0,0.0,0.0,0.0,0.0,0.0,0.0,0.02
21,1,5,0,False,3.2016344891439346,0.03441817267419367,3,qEHVI,0.0,0.46,0.44,0.04,0.0,0.0,0.0,0.0,0.04,0.0,0.0,0.02,0.0,0.0,0.0
21,1,5,0,False,3.2016344891439346,0.03441817267419367,4,qEHVI,0.0,0.42,0.48,0.0,0.02,0.0,0.0,0.0,0.0,0.0,0.0,0.04,0.0,0.0,0.04
21,2,4,1,True,3.057825891318566,0.15077078589239257,0,qEHVI,0.4,0.2,0.32,0.04,0.0,0.0,0.0,0.0,0.0,0.0,0.0,0.04,0.0,0.0,0.0
21,2,4,1,True,3.057825891318566,0.15077078589239257,1,qEHVI,0.5,0.42,0.0,0.0,0.0,0.0,0.0,0.0,0.0,0.0,0.0,0.04,0.0,0.0,0.04
21,2,4,1,True,3.057825891318566,0.15077078589239257,2,qEHVI,0.62,0.0,0.36,0.0,0.0,0.0,0.0,0.0,0.0,0.0,0.0,0.0,0.0,0.0,0.02
21,2,4,1,True,3.057825891318566,0.15077078589239257,3,qEHVI,0.0,0.46,0.44,0.04,0.0,0.0,0.0,0.0,0.04,0.0,0.0,0.02,0.0,0.0,0.0
21,2,4,1,True,3.057825891318566,0.15077078589239257,4,qUCB,0.76,0.0,0.14,0.0,0.04,0.0,0.0,0.0,0.02,0.0,0.0,0.04,0.0,0.0,0.0
21,3,3,2,False,2.6626876139607982,0.1064717183918944,0,qEHVI,0.4,0.2,0.32,0.04,0.0,0.0,0.0,0.0,0.0,0.0,0.0,0.04,0.0,0.0,0.0
21,3,3,2,False,2.6626876139607982,0.1064717183918944,1,qEHVI,0.5,0.42,0.0,0.0,0.0,0.0,0.0,0.0,0.0,0.0,0.0,0.04,0.0,0.0,0.04
21,3,3,2,False,2.6626876139607982,0.1064717183918944,2,qEHVI,0.62,0.0,0.36,0.0,0.0,0.0,0.0,0.0,0.0,0.0,0.0,0.0,0.0,0.0,0.02
21,3,3,2,False,2.6626876139607982,0.1064717183918944,3,qUCB,0.76,0.0,0.14,0.0,0.04,0.0,0.0,0.0,0.02,0.0,0.0,0.04,0.0,0.0,0.0
21,3,3,2,False,2.6626876139607982,0.1064717183918944,4,qUCB,0.0,0.44,0.46,0.02,0.04,0.0,0.0,0.0,0.04,0.0,0.0,0.0,0.0,0.0,0.0
21,4,2,3,False,2.2291990580587826,0.016073133075974688,0,qEHVI,0.4,0.2,0.32,0.04,0.0,0.0,0.0,0.0,0.0,0.0,0.0,0.04,0.0,0.0,0.0
21,4,2,3,False,2.2291990580587826,0.016073133075974688,1,qEHVI,0.5,0.42,0.0,0.0,0.0,0.0,0.0,0.0,0.0,0.0,0.0,0.04,0.0,0.0,0.04
21,4,2,3,False,2.2291990580587826,0.016073133075974688,2,qUCB,0.36,0.18,0.36,0.0,0.04,0.0,0.0,0.0,0.02,0.0,0.0,0.0,0.0,0.04,0.0
21,4,2,3,False,2.2291990580587826,0.016073133075974688,3,qUCB,0.0,0.56,0.36,0.0,0.0,0.0,0.0,0.0,0.04,0.0,0.0,0.0,0.0,0.04,0.0
21,4,2,3,False,2.2291990580587826,0.016073133075974688,4,qUCB,0.0,0.32,0.58,0.0,0.04,0.0,0.0,0.0,0.02,0.0,0.0,0.0,0.0,0.04,0.0
21,5,1,4,False,1.7151382352805924,0.16184541455996104,0,qEHVI,0.4,0.2,0.32,0.04,0.0,0.0,0.0,0.0,0.0,0.0,0.0,0.04,0.0,0.0,0.0
21,5,1,4,False,1.7151382352805924,0.16184541455996104,1,qUCB,0.42,0.1,0.38,0.0,0.04,0.0,0.0,0.0,0.0,0.0,0.0,0.0,0.0,0.04,0.02
21,5,1,4,False,1.7151382352805924,0.16184541455996104,2,qUCB,0.0,0.42,0.5,0.0,0.0,0.0,0.0,0.0,0.04,0.0,0.0,0.0,0.0,0.0,0.04
21,5,1,4,False,1.7151382352805924,0.16184541455996104,3,qUCB,0.0,0.56,0.36,0.0,0.0,0.0,0.0,0.0,0.04,0.0,0.0,0.0,0.0,0.04,0.0
21,5,1,4,False,1.7151382352805924,0.16184541455996104,4,qUCB,0.0,0.58,0.32,0.0,0.04,0.0,0.0,0.0,0.0,0.0,0.0,0.0,0.0,0.04,0.02
21,6,0,5,False,2.0782968061150155,0.41917977719310784,0,qUCB,0.46,0.44,0.0,0.0,0.04,0.0,0.0,0.0,0.0,0.0,0.0,0.04,0.0,0.0,0.02
21,6,0,5,False,2.0782968061150155,0.41917977719310784,1,qUCB,0.0,0.42,0.48,0.0,0.02,0.0,0.0,0.0,0.0,0.0,0.0,0.04,0.0,0.0,0.04
21,6,0,5,False,2.0782968061150155,0.41917977719310784,2,qUCB,0.74,0.0,0.16,0.04,0.0,0.0,0.0,0.0,0.02,0.0,0.0,0.04,0.0,0.0,0.0
21,6,0,5,False,2.0782968061150155,0.41917977719310784,3,qUCB,0.0,0.6,0.32,0.02,0.0,0.0,0.0,0.0,0.02,0.0,0.0,0.04,0.0,0.0,0.0
21,6,0,5,False,2.0782968061150155,0.41917977719310784,4,qUCB,0.28,0.42,0.22,0.0,0.04,0.0,0.0,0.0,0.0,0.0,0.0,0.04,0.0,0.0,0.0
22,1,5,0,False,2.5330522162025586,0.026411263394425788,0,qEHVI,0.4,0.16,0.36,0.02,0.04,0.0,0.0,0.0,0.02,0.0,0.0,0.0,0.0,0.0,0.0
22,1,5,0,False,2.5330522162025586,0.026411263394425788,1,qEHVI,0.66,0.0,0.3,0.0,0.0,0.0,0.0,0.0,0.0,0.0,0.0,0.04,0.0,0.0,0.0
22,1,5,0,False,2.5330522162025586,0.026411263394425788,2,qEHVI,0.52,0.08,0.3,0.04,0.0,0.0,0.0,0.0,0.0,0.0,0.0,0.04,0.0,0.0,0.02
22,1,5,0,False,2.5330522162025586,0.026411263394425788,3,qEHVI,0.42,0.0,0.48,0.04,0.02,0.0,0.0,0.0,0.0,0.0,0.0,0.02,0.0,0.0,0.02
22,1,5,0,False,2.5330522162025586,0.026411263394425788,4,qEHVI,0.0,0.56,0.36,0.0,0.0,0.0,0.0,0.0,0.0,0.0,0.0,0.04,0.0,0.04,0.0
22,2,4,1,False,2.2250169328042735,0.07841482235501829,0,qEHVI,0.4,0.16,0.36,0.02,0.04,0.0,0.0,0.0,0.02,0.0,0.0,0.0,0.0,0.0,0.0
22,2,4,1,False,2.2250169328042735,0.07841482235501829,1,qEHVI,0.66,0.0,0.3,0.0,0.0,0.0,0.0,0.0,0.0,0.0,0.0,0.04,0.0,0.0,0.0
22,2,4,1,False,2.2250169328042735,0.07841482235501829,2,qEHVI,0.52,0.08,0.3,0.04,0.0,0.0,0.0,0.0,0.0,0.0,0.0,0.04,0.0,0.0,0.02
22,2,4,1,False,2.2250169328042735,0.07841482235501829,3,qEHVI,0.42,0.0,0.48,0.04,0.02,0.0,0.0,0.0,0.0,0.0,0.0,0.02,0.0,0.0,0.02
22,2,4,1,False,2.2250169328042735,0.07841482235501829,4,qUCB,0.0,0.84,0.06,0.0,0.0,0.0,0.0,0.0,0.04,0.0,0.0,0.0,0.0,0.04,0.02
22,3,3,2,True,2.0515373642804398,0.1302746783672628,0,qEHVI,0.4,0.16,0.36,0.02,0.04,0.0,0.0,0.0,0.02,0.0,0.0,0.0,0.0,0.0,0.0
22,3,3,2,True,2.0515373642804398,0.1302746783672628,1,qEHVI,0.66,0.0,0.3,0.0,0.0,0.0,0.0,0.0,0.0,0.0,0.0,0.04,0.0,0.0,0.0
22,3,3,2,True,2.0515373642804398,0.1302746783672628,2,qEHVI,0.52,0.08,0.3,0.04,0.0,0.0,0.0,0.0,0.0,0.0,0.0,0.04,0.0,0.0,0.02
22,3,3,2,True,2.0515373642804398,0.1302746783672628,3,qUCB,0.0,0.84,0.06,0.0,0.0,0.0,0.0,0.0,0.04,0.0,0.0,0.0,0.0,0.04,0.02
22,3,3,2,True,2.0515373642804398,0.1302746783672628,4,qUCB,0.14,0.14,0.64,0.0,0.0,0.0,0.0,0.0,0.0,0.0,0.0,0.0,0.0,0.04,0.04
22,4,2,3,False,1.6567036698686795,0.13330256194367252,0,qEHVI,0.4,0.16,0.36,0.02,0.04,0.0,0.0,0.0,0.02,0.0,0.0,0.0,0.0,0.0,0.0
22,4,2,3,False,1.6567036698686795,0.13330256194367252,1,qEHVI,0.66,0.0,0.3,0.0,0.0,0.0,0.0,0.0,0.0,0.0,0.0,0.04,0.0,0.0,0.0
22,4,2,3,False,1.6567036698686795,0.13330256194367252,2,qUCB,0.42,0.48,0.0,0.04,0.0,0.0,0.0,0.0,0.0,0.0,0.0,0.02,0.0,0.0,0.04
22,4,2,3,False,1.6567036698686795,0.13330256194367252,3,qUCB,0.0,0.84,0.06,0.0,0.0,0.0,0.0,0.0,0.04,0.0,0.0,0.0,0.0,0.04,0.02
22,4,2,3,False,1.6567036698686795,0.13330256194367252,4,qUCB,0.02,0.58,0.3,0.0,0.0,0.0,0.0,0.0,0.04,0.0,0.0,0.0,0.0,0.04,0.02
22,5,1,4,False,1.3324810799846503,0.0819447955387691,0,qEHVI,0.4,0.16,0.36,0.02,0.04,0.0,0.0,0.0,0.02,0.0,0.0,0.0,0.0,0.0,0.0
22,5,1,4,False,1.3324810799846503,0.0819447955387691,1,qUCB,0.44,0.48,0.0,0.0,0.0,0.0,0.0,0.0,0.0,0.0,0.0,0.04,0.0,0.04,0.0
22,5,1,4,False,1.3324810799846503,0.0819447955387691,2,qUCB,0.0,0.6,0.32,0.02,0.0,0.0,0.0,0.0,0.0,0.0,0.0,0.04,0.0,0.02,0.0
22,5,1,4,False,1.3324810799846503,0.0819447955387691,3,qUCB,0.0,0.84,0.06,0.0,0.0,0.0,0.0,0.0,0.04,0.0,0.0,0.0,0.0,0.04,0.02
22,5,1,4,False,1.3324810799846503,0.0819447955387691,4,qUCB,0.16,0.54,0.22,0.0,0.0,0.0,0.0,0.0,0.0,0.0,0.0,0.04,0.0,0.04,0.0
22,6,0,5,False,0.7684648577010236,0.24447869806006395,0,qUCB,0.46,0.46,0.0,0.04,0.0,0.0,0.0,0.0,0.0,0.0,0.0,0.02,0.0,0.0,0.02
22,6,0,5,False,0.7684648577010236,0.24447869806006395,1,qUCB,0.0,0.4,0.5,0.0,0.04,0.0,0.0,0.0,0.02,0.0,0.0,0.0,0.0,0.02,0.02
22,6,0,5,False,0.7684648577010236,0.24447869806006395,2,qUCB,0.0,0.6,0.32,0.02,0.0,0.0,0.0,0.0,0.0,0.0,0.0,0.04,0.0,0.02,0.0
22,6,0,5,False,0.7684648577010236,0.24447869806006395,3,qUCB,0.32,0.38,0.2,0.0,0.04,0.0,0.0,0.0,0.0,0.0,0.0,0.04,0.0,0.02,0.0
22,6,0,5,False,0.7684648577010236,0.24447869806006395,4,qUCB,0.0,0.36,0.56,0.0,0.04,0.0,0.0,0.0,0.0,0.0,0.0,0.0,0.0,0.04,0.0
23,1,5,0,False,1.6719128526611675,0.22108320264492143,0,qEHVI,0.4,0.12,0.38,0.0,0.02,0.0,0.0,0.0,0.0,0.0,0.0,0.04,0.0,0.0,0.04
23,1,5,0,False,1.6719128526611675,0.22108320264492143,1,qEHVI,0.44,0.0,0.48,0.02,0.04,0.0,0.0,0.0,0.0,0.0,0.0,0.0,0.0,0.02,0.0
23,1,5,0,False,1.6719128526611675,0.22108320264492143,2,qEHVI,0.38,0.26,0.3,0.0,0.0,0.0,0.0,0.0,0.0,0.0,0.0,0.04,0.0,0.02,0.0
23,1,5,0,False,1.6719128526611675,0.22108320264492143,3,qEHVI,0.72,0.0,0.18,0.0,0.0,0.0,0.0,0.0,0.02,0.0,0.0,0.04,0.0,0.0,0.04
23,1,5,0,False,1.6719128526611675,0.22108320264492143,4,qEHVI,0.38,0.22,0.36,0.0,0.0,0.0,0.0,0.0,0.0,0.0,0.0,0.0,0.0,0.0,0.04
23,2,4,1,True,1.5900970221683568,0.21439972540792776,0,qEHVI,0.4,0.12,0.38,0.0,0.02,0.0,0.0,0.0,0.0,0.0,0.0,0.04,0.0,0.0,0.04
23,2,4,1,True,1.5900970221683568,0.21439972540792776,1,qEHVI,0.44,0.0,0.48,0.02,0.04,0.0,0.0,0.0,0.0,0.0,0.0,0.0,0.0,0.02,0.0
23,2,4,1,True,1.5900970221683568,0.21439972540792776,2,qEHVI,0.38,0.26,0.3,0.0,0.0,0.0,0.0,0.0,0.0,0.0,0.0,0.04,0.0,0.02,0.0
23,2,4,1,True,1.5900970221683568,0.21439972540792776,3,qEHVI,0.72,0.0,0.18,0.0,0.0,0.0,0.0,0.0,0.02,0.0,0.0,0.04,0.0,0.0,0.04
23,2,4,1,True,1.5900970221683568,0.21439972540792776,4,qUCB,0.44,0.46,0.0,0.04,0.0,0.0,0.0,0.0,0.04,0.0,0.0,0.02,0.0,0.0,0.0
23,3,3,2,False,1.546183540422612,0.048640913226445814,0,qEHVI,0.4,0.12,0.38,0.0,0.02,0.0,0.0,0.0,0.0,0.0,0.0,0.04,0.0,0.0,0.04
23,3,3,2,False,1.546183540422612,0.048640913226445814,1,qEHVI,0.44,0.0,0.48,0.02,0.04,0.0,0.0,0.0,0.0,0.0,0.0,0.0,0.0,0.02,0.0
23,3,3,2,False,1.546183540422612,0.048640913226445814,2,qEHVI,0.38,0.26,0.3,0.0,0.0,0.0,0.0,0.0,0.0,0.0,0.0,0.04,0.0,0.02,0.0
23,3,3,2,False,1.546183540422612,0.048640913226445814,3,qUCB,0.44,0.46,0.0,0.04,0.0,0.0,0.0,0.0,0.04,0.0,0.0,0.02,0.0,0.0,0.0
23,3,3,2,False,1.546183540422612,0.048640913226445814,4,qUCB,0.0,0.38,0.52,0.0,0.04,0.0,0.0,0.0,0.04,0.0,0.0,0.0,0.0,0.02,0.0
23,4,2,3,False,1.4525414353792852,0.11295599008301949,0,qEHVI,0.4,0.12,0.38,0.0,0.02,0.0,0.0,0.0,0.0,0.0,0.0,0.04,0.0,0.0,0.04
23,4,2,3,False,1.4525414353792852,0.11295599008301949,1,qEHVI,0.44,0.0,0.48,0.02,0.04,0.0,0.0,0.0,0.0,0.0,0.0,0.0,0.0,0.02,0.0
23,4,2,3,False,1.4525414353792852,0.11295599008301949,2,qUCB,0.44,0.46,0.0,0.04,0.0,0.0,0.0,0.0,0.04,0.0,0.0,0.02,0.0,0.0,0.0
23,4,2,3,False,1.4525414353792852,0.11295599008301949,3,qUCB,0.0,0.58,0.32,0.04,0.0,0.0,0.0,0.0,0.0,0.0,0.0,0.04,0.0,0.02,0.0
23,4,2,3,False,1.4525414353792852,0.11295599008301949,4,qUCB,0.0,0.38,0.52,0.0,0.04,0.0,0.0,0.0,0.04,0.0,0.0,0.0,0.0,0.02,0.0
23,5,1,4,False,1.175299352116478,0.32099338649278586,0,qEHVI,0.4,0.12,0.38,0.0,0.02,0.0,0.0,0.0,0.0,0.0,0.0,0.04,0.0,0.0,0.04
23,5,1,4,False,1.175299352116478,0.32099338649278586,1,qUCB,0.4,0.5,0.0,0.04,0.0,0.0,0.0,0.0,0.04,0.0,0.0,0.0,0.0,0.02,0.0
23,5,1,4,False,1.175299352116478,0.32099338649278586,2,qUCB,0.0,0.38,0.52,0.0,0.04,0.0,0.0,0.0,0.04,0.0,0.0,0.0,0.0,0.02,0.0
23,5,1,4,False,1.175299352116478,0.32099338649278586,3,qUCB,0.0,0.6,0.32,0.02,0.0,0.0,0.0,0.0,0.02,0.0,0.0,0.0,0.0,0.04,0.0
23,5,1,4,False,1.175299352116478,0.32099338649278586,4,qUCB,0.0,0.24,0.66,0.04,0.04,0.0,0.0,0.0,0.02,0.0,0.0,0.0,0.0,0.0,0.0
23,6,0,5,False,0.7593106428609315,0.18739907742735795,0,qUCB,0.42,0.5,0.0,0.02,0.0,0.0,0.0,0.0,0.0,0.0,0.0,0.04,0.0,0.0,0.02
23,6,0,5,False,0.7593106428609315,0.18739907742735795,1,qUCB,0.0,0.38,0.52,0.0,0.04,0.0,0.0,0.0,0.04,0.0,0.0,0.0,0.0,0.02,0.0
23,6,0,5,False,0.7593106428609315,0.18739907742735795,2,qUCB,0.0,0.64,0.32,0.0,0.0,0.0,0.0,0.0,0.02,0.0,0.0,0.02,0.0,0.0,0.0
23,6,0,5,False,0.7593106428609315,0.18739907742735795,3,qUCB,0.28,0.42,0.2,0.0,0.04,0.0,0.0,0.0,0.0,0.0,0.0,0.04,0.0,0.0,0.02
23,6,0,5,False,0.7593106428609315,0.18739907742735795,4,qUCB,0.0,0.58,0.32,0.04,0.0,0.0,0.0,0.0,0.0,0.0,0.0,0.04,0.0,0.02,0.0
24,1,5,0,False,1.3800818956306904,0.06886762696861837,0,qEHVI,0.38,0.12,0.4,0.04,0.02,0.0,0.0,0.0,0.0,0.0,0.0,0.04,0.0,0.0,0.0
24,1,5,0,False,1.3800818956306904,0.06886762696861837,1,qEHVI,0.4,0.16,0.4,0.0,0.0,0.0,0.0,0.0,0.02,0.0,0.0,0.0,0.0,0.0,0.02
24,1,5,0,False,1.3800818956306904,0.06886762696861837,2,qEHVI,0.0,0.54,0.36,0.0,0.0,0.0,0.0,0.0,0.04,0.0,0.0,0.04,0.0,0.0,0.02
24,1,5,0,False,1.3800818956306904,0.06886762696861837,3,qEHVI,0.18,0.0,0.78,0.0,0.0,0.0,0.0,0.0,0.0,0.0,0.0,0.0,0.0,0.0,0.04
24,1,5,0,False,1.3800818956306904,0.06886762696861837,4,qEHVI,0.6,0.3,0.0,0.0,0.04,0.0,0.0,0.0,0.0,0.0,0.0,0.04,0.0,0.0,0.02
24,2,4,1,True,1.2151543149771196,0.280026700220283,0,qEHVI,0.38,0.12,0.4,0.04,0.02,0.0,0.0,0.0,0.0,0.0,0.0,0.04,0.0,0.0,0.0
24,2,4,1,True,1.2151543149771196,0.280026700220283,1,qEHVI,0.4,0.16,0.4,0.0,0.0,0.0,0.0,0.0,0.02,0.0,0.0,0.0,0.0,0.0,0.02
24,2,4,1,True,1.2151543149771196,0.280026700220283,2,qEHVI,0.0,0.54,0.36,0.0,0.0,0.0,0.0,0.0,0.04,0.0,0.0,0.04,0.0,0.0,0.02
24,2,4,1,True,1.2151543149771196,0.280026700220283,3,qEHVI,0.18,0.0,0.78,0.0,0.0,0.0,0.0,0.0,0.0,0.0,0.0,0.0,0.0,0.0,0.04
24,2,4,1,True,1.2151543149771196,0.280026700220283,4,qUCB,0.46,0.46,0.0,0.0,0.04,0.0,0.0,0.0,0.0,0.0,0.0,0.0,0.0,0.04,0.0
24,3,3,2,False,0.940723563724034,0.25923902330742266,0,qEHVI,0.38,0.12,0.4,0.04,0.02,0.0,0.0,0.0,0.0,0.0,0.0,0.04,0.0,0.0,0.0
24,3,3,2,False,0.940723563724034,0.25923902330742266,1,qEHVI,0.4,0.16,0.4,0.0,0.0,0.0,0.0,0.0,0.02,0.0,0.0,0.0,0.0,0.0,0.02
24,3,3,2,False,0.940723563724034,0.25923902330742266,2,qEHVI,0.0,0.54,0.36,0.0,0.0,0.0,0.0,0.0,0.04,0.0,0.0,0.04,0.0,0.0,0.02
24,3,3,2,False,0.940723563724034,0.25923902330742266,3,qUCB,0.46,0.46,0.0,0.0,0.04,0.0,0.0,0.0,0.0,0.0,0.0,0.0,0.0,0.04,0.0
24,3,3,2,False,0.940723563724034,0.25923902330742266,4,qUCB,0.3,0.38,0.22,0.0,0.04,0.0,0.0,0.0,0.0,0.0,0.0,0.02,0.0,0.04,0.0
24,4,2,3,False,0.9458920993070099,0.1287146651403317,0,qEHVI,0.38,0.12,0.4,0.04,0.02,0.0,0.0,0.0,0.0,0.0,0.0,0.04,0.0,0.0,0.0
24,4,2,3,False,0.9458920993070099,0.1287146651403317,1,qEHVI,0.4,0.16,0.4,0.0,0.0,0.0,0.0,0.0,0.02,0.0,0.0,0.0,0.0,0.0,0.02
24,4,2,3,False,0.9458920993070099,0.1287146651403317,2,qUCB,0.46,0.46,0.0,0.0,0.04,0.0,0.0,0.0,0.0,0.0,0.0,0.0,0.0,0.04,0.0
24,4,2,3,False,0.9458920993070099,0.1287146651403317,3,qUCB,0.3,0.38,0.22,0.0,0.04,0.0,0.0,0.0,0.0,0.0,0.0,0.02,0.0,0.04,0.0
24,4,2,3,False,0.9458920993070099,0.1287146651403317,4,qUCB,0.0,0.36,0.54,0.0,0.04,0.0,0.0,0.0,0.0,0.0,0.0,0.0,0.0,0.02,0.04
24,5,1,4,False,0.8693079003753954,0.20979685446351937,0,qEHVI,0.38,0.12,0.4,0.04,0.02,0.0,0.0,0.0,0.0,0.0,0.0,0.04,0.0,0.0,0.0
24,5,1,4,False,0.8693079003753954,0.20979685446351937,1,qUCB,0.38,0.54,0.0,0.0,0.0,0.0,0.0,0.0,0.04,0.0,0.0,0.0,0.0,0.0,0.04
24,5,1,4,False,0.8693079003753954,0.20979685446351937,2,qUCB,0.0,0.62,0.3,0.0,0.0,0.0,0.0,0.0,0.04,0.0,0.0,0.0,0.0,0.02,0.02
24,5,1,4,False,0.8693079003753954,0.20979685446351937,3,qUCB,0.0,0.36,0.54,0.0,0.04,0.0,0.0,0.0,0.0,0.0,0.0,0.0,0.0,0.02,0.04
24,5,1,4,False,0.8693079003753954,0.20979685446351937,4,qUCB,0.28,0.52,0.1,0.0,0.04,0.0,0.0,0.0,0.02,0.0,0.0,0.0,0.0,0.04,0.0
24,6,0,5,False,0.6746985761831432,0.6326348442676846,0,qUCB,0.48,0.42,0.0,0.0,0.02,0.0,0.0,0.0,0.02,0.0,0.0,0.04,0.0,0.0,0.02
24,6,0,5,False,0.6746985761831432,0.6326348442676846,1,qUCB,0.0,0.6,0.32,0.0,0.0,0.0,0.0,0.0,0.04,0.0,0.0,0.02,0.0,0.0,0.02
24,6,0,5,False,0.6746985761831432,0.6326348442676846,2,qUCB,0.0,0.44,0.5,0.0,0.04,0.0,0.0,0.0,0.0,0.0,0.0,0.02,0.0,0.0,0.0
24,6,0,5,False,0.6746985761831432,0.6326348442676846,3,qUCB,0.32,0.38,0.2,0.0,0.04,0.0,0.0,0.0,0.0,0.0,0.0,0.04,0.0,0.0,0.02
24,6,0,5,False,0.6746985761831432,0.6326348442676846,4,qUCB,0.0,0.62,0.28,0.0,0.0,0.0,0.0,0.0,0.02,0.0,0.0,0.04,0.0,0.0,0.04
25,1,5,0,False,1.3749239721086377,0.21346577108338272,0,qEHVI,0.4,0.1,0.4,0.02,0.0,0.0,0.0,0.0,0.0,0.0,0.0,0.04,0.0,0.0,0.04
25,1,5,0,False,1.3749239721086377,0.21346577108338272,1,qEHVI,0.0,0.48,0.42,0.0,0.0,0.0,0.0,0.0,0.02,0.0,0.0,0.04,0.0,0.04,0.0
25,1,5,0,False,1.3749239721086377,0.21346577108338272,2,qEHVI,0.36,0.0,0.58,0.0,0.02,0.0,0.0,0.0,0.0,0.0,0.0,0.04,0.0,0.0,0.0
25,1,5,0,False,1.3749239721086377,0.21346577108338272,3,qEHVI,0.0,0.44,0.46,0.0,0.04,0.0,0.0,0.0,0.04,0.0,0.0,0.0,0.0,0.02,0.0
25,1,5,0,False,1.3749239721086377,0.21346577108338272,4,qEHVI,0.52,0.02,0.36,0.0,0.04,0.0,0.0,0.0,0.0,0.0,0.0,0.04,0.0,0.0,0.02
25,2,4,1,False,1.3045827592322101,0.06939056469228788,0,qEHVI,0.4,0.1,0.4,0.02,0.0,0.0,0.0,0.0,0.0,0.0,0.0,0.04,0.0,0.0,0.04
25,2,4,1,False,1.3045827592322101,0.06939056469228788,1,qEHVI,0.0,0.48,0.42,0.0,0.0,0.0,0.0,0.0,0.02,0.0,0.0,0.04,0.0,0.04,0.0
25,2,4,1,False,1.3045827592322101,0.06939056469228788,2,qEHVI,0.36,0.0,0.58,0.0,0.02,0.0,0.0,0.0,0.0,0.0,0.0,0.04,0.0,0.0,0.0
25,2,4,1,False,1.3045827592322101,0.06939056469228788,3,qEHVI,0.52,0.02,0.36,0.0,0.04,0.0,0.0,0.0,0.0,0.0,0.0,0.04,0.0,0.0,0.02
25,2,4,1,False,1.3045827592322101,0.06939056469228788,4,qUCB,0.22,0.58,0.1,0.04,0.04,0.0,0.0,0.0,0.0,0.0,0.0,0.0,0.0,0.02,0.0
25,3,3,2,False,1.1552641779836794,0.03086068268594122,0,qEHVI,0.4,0.1,0.4,0.02,0.0,0.0,0.0,0.0,0.0,0.0,0.0,0.04,0.0,0.0,0.04
25,3,3,2,False,1.1552641779836794,0.03086068268594122,1,qEHVI,0.0,0.48,0.42,0.0,0.0,0.0,0.0,0.0,0.02,0.0,0.0,0.04,0.0,0.04,0.0
25,3,3,2,False,1.1552641779836794,0.03086068268594122,2,qEHVI,0.36,0.0,0.58,0.0,0.02,0.0,0.0,0.0,0.0,0.0,0.0,0.04,0.0,0.0,0.0
25,3,3,2,False,1.1552641779836794,0.03086068268594122,3,qUCB,0.24,0.56,0.1,0.0,0.04,0.0,0.0,0.0,0.04,0.0,0.0,0.0,0.0,0.0,0.02
25,3,3,2,False,1.1552641779836794,0.03086068268594122,4,qUCB,0.0,0.4,0.5,0.0,0.02,0.0,0.0,0.0,0.04,0.0,0.0,0.0,0.0,0.0,0.04
25,4,2,3,True,0.9642821529360529,0.40808706372346126,0,qEHVI,0.4,0.1,0.4,0.02,0.0,0.0,0.0,0.0,0.0,0.0,0.0,0.04,0.0,0.0,0.04
25,4,2,3,True,0.9642821529360529,0.40808706372346126,1,qEHVI,0.0,0.48,0.42,0.0,0.0,0.0,0.0,0.0,0.02,0.0,0.0,0.04,0.0,0.04,0.0
25,4,2,3,True,0.9642821529360529,0.40808706372346126,2,qUCB,0.28,0.56,0.08,0.04,0.04,0.0,0.0,0.0,0.0,0.0,0.0,0.0,0.0,0.0,0.0
25,4,2,3,True,0.9642821529360529,0.40808706372346126,3,qUCB,0.02,0.36,0.52,0.0,0.04,0.0,0.0,0.0,0.04,0.0,0.0,0.0,0.0,0.0,0.02
25,4,2,3,True,0.9642821529360529,0.40808706372346126,4,qUCB,0.04,0.18,0.7000000000000001,0.02,0.04,0.0,0.0,0.0,0.02,0.0,0.0,0.0,0.0,0.0,0.0
25,5,1,4,False,0.8681817982321888,0.36150196604871887,0,qEHVI,0.4,0.1,0.4,0.02,0.0,0.0,0.0,0.0,0.0,0.0,0.0,0.04,0.0,0.0,0.04
25,5,1,4,False,0.8681817982321888,0.36150196604871887,1,qUCB,0.0,0.44,0.46,0.0,0.04,0.0,0.0,0.0,0.04,0.0,0.0,0.0,0.0,0.02,0.0
25,5,1,4,False,0.8681817982321888,0.36150196604871887,2,qUCB,0.24,0.46,0.2,0.0,0.04,0.0,0.0,0.0,0.02,0.0,0.0,0.0,0.0,0.04,0.0
25,5,1,4,False,0.8681817982321888,0.36150196604871887,3,qUCB,0.02,0.34,0.56,0.0,0.04,0.0,0.0,0.0,0.0,0.0,0.0,0.0,0.0,0.04,0.0
25,5,1,4,False,0.8681817982321888,0.36150196604871887,4,qUCB,0.0,0.62,0.28,0.0,0.04,0.0,0.0,0.0,0.02,0.0,0.0,0.0,0.0,0.04,0.0
25,6,0,5,False,0.5534204550863492,0.27544770498272797,0,qUCB,0.42,0.48,0.0,0.0,0.02,0.0,0.0,0.0,0.04,0.0,0.0,0.04,0.0,0.0,0.0
25,6,0,5,False,0.5534204550863492,0.27544770498272797,1,qUCB,0.0,0.38,0.52,0.02,0.04,0.0,0.0,0.0,0.02,0.0,0.0,0.0,0.0,0.02,0.0
25,6,0,5,False,0.5534204550863492,0.27544770498272797,2,qUCB,0.32,0.38,0.22,0.0,0.02,0.0,0.0,0.0,0.0,0.0,0.0,0.04,0.0,0.02,0.0
25,6,0,5,False,0.5534204550863492,0.27544770498272797,3,qUCB,0.12,0.58,0.2,0.0,0.0,0.0,0.0,0.0,0.04,0.0,0.0,0.04,0.0,0.02,0.0
25,6,0,5,False,0.5534204550863492,0.27544770498272797,4,qUCB,0.22,0.58,0.1,0.04,0.04,0.0,0.0,0.0,0.0,0.0,0.0,0.0,0.0,0.02,0.0
26,1,5,0,False,1.426304357663931,0.32826766345175873,0,qEHVI,0.4,0.14,0.4,0.0,0.0,0.0,0.0,0.0,0.0,0.0,0.0,0.04,0.0,0.0,0.02
26,1,5,0,False,1.426304357663931,0.32826766345175873,1,qEHVI,0.0,0.5,0.44,0.0,0.04,0.0,0.0,0.0,0.0,0.0,0.0,0.0,0.0,0.02,0.0
26,1,5,0,False,1.426304357663931,0.32826766345175873,2,qEHVI,0.46,0.08,0.36,0.0,0.04,0.0,0.0,0.0,0.0,0.0,0.0,0.04,0.0,0.0,0.02
26,1,5,0,False,1.426304357663931,0.32826766345175873,3,qEHVI,0.34,0.0,0.6,0.0,0.04,0.0,0.0,0.0,0.0,0.0,0.0,0.0,0.0,0.0,0.02
26,1,5,0,False,1.426304357663931,0.32826766345175873,4,qEHVI,0.56,0.34,0.02,0.0,0.02,0.0,0.0,0.0,0.0,0.0,0.0,0.04,0.0,0.02,0.0
26,2,4,1,False,1.3205131596849284,0.07814463928181725,0,qEHVI,0.4,0.14,0.4,0.0,0.0,0.0,0.0,0.0,0.0,0.0,0.0,0.04,0.0,0.0,0.02
26,2,4,1,False,1.3205131596849284,0.07814463928181725,1,qEHVI,0.0,0.5,0.44,0.0,0.04,0.0,0.0,0.0,0.0,0.0,0.0,0.0,0.0,0.02,0.0
26,2,4,1,False,1.3205131596849284,0.07814463928181725,2,qEHVI,0.46,0.08,0.36,0.0,0.04,0.0,0.0,0.0,0.0,0.0,0.0,0.04,0.0,0.0,0.02
26,2,4,1,False,1.3205131596849284,0.07814463928181725,3,qEHVI,0.56,0.34,0.02,0.0,0.02,0.0,0.0,0.0,0.0,0.0,0.0,0.04,0.0,0.02,0.0
26,2,4,1,False,1.3205131596849284,0.07814463928181725,4,qUCB,0.34,0.48,0.08,0.0,0.0,0.0,0.0,0.0,0.02,0.0,0.0,0.0,0.0,0.04,0.04
26,3,3,2,True,1.138356944901423,0.19261422989321053,0,qEHVI,0.4,0.14,0.4,0.0,0.0,0.0,0.0,0.0,0.0,0.0,0.0,0.04,0.0,0.0,0.02
26,3,3,2,True,1.138356944901423,0.19261422989321053,1,qEHVI,0.0,0.5,0.44,0.0,0.04,0.0,0.0,0.0,0.0,0.0,0.0,0.0,0.0,0.02,0.0
26,3,3,2,True,1.138356944901423,0.19261422989321053,2,qEHVI,0.46,0.08,0.36,0.0,0.04,0.0,0.0,0.0,0.0,0.0,0.0,0.04,0.0,0.0,0.02
26,3,3,2,True,1.138356944901423,0.19261422989321053,3,qUCB,0.7000000000000001,0.04,0.18,0.0,0.0,0.0,0.0,0.0,0.04,0.0,0.0,0.0,0.0,0.04,0.0
26,3,3,2,True,1.138356944901423,0.19261422989321053,4,qUCB,0.14,0.66,0.1,0.04,0.0,0.0,0.0,0.0,0.04,0.0,0.0,0.0,0.0,0.0,0.02
26,4,2,3,False,0.9599455838796462,0.2851145474765824,0,qEHVI,0.4,0.14,0.4,0.0,0.0,0.0,0.0,0.0,0.0,0.0,0.0,0.04,0.0,0.0,0.02
26,4,2,3,False,0.9599455838796462,0.2851145474765824,1,qEHVI,0.0,0.5,0.44,0.0,0.04,0.0,0.0,0.0,0.0,0.0,0.0,0.0,0.0,0.02,0.0
26,4,2,3,False,0.9599455838796462,0.2851145474765824,2,qUCB,0.7000000000000001,0.04,0.18,0.0,0.0,0.0,0.0,0.0,0.04,0.0,0.0,0.0,0.0,0.04,0.0
26,4,2,3,False,0.9599455838796462,0.2851145474765824,3,qUCB,0.14,0.66,0.1,0.04,0.0,0.0,0.0,0.0,0.04,0.0,0.0,0.0,0.0,0.0,0.02
26,4,2,3,False,0.9599455838796462,0.2851145474765824,4,qUCB,0.14,0.56,0.2,0.0,0.02,0.0,0.0,0.0,0.04,0.0,0.0,0.04,0.0,0.0,0.0
26,5,1,4,False,0.5441842483613348,0.41334244493575056,0,qEHVI,0.4,0.14,0.4,0.0,0.0,0.0,0.0,0.0,0.0,0.0,0.0,0.04,0.0,0.0,0.02
26,5,1,4,False,0.5441842483613348,0.41334244493575056,1,qUCB,0.2,0.6,0.1,0.02,0.04,0.0,0.0,0.0,0.0,0.0,0.0,0.0,0.0,0.04,0.0
26,5,1,4,False,0.5441842483613348,0.41334244493575056,2,qUCB,0.32,0.34,0.24,0.0,0.04,0.0,0.0,0.0,0.02,0.0,0.0,0.0,0.0,0.04,0.0
26,5,1,4,False,0.5441842483613348,0.41334244493575056,3,qUCB,0.18,0.56,0.18,0.0,0.04,0.0,0.0,0.0,0.0,0.0,0.0,0.0,0.0,0.04,0.0
26,5,1,4,False,0.5441842483613348,0.41334244493575056,4,qUCB,0.0,0.7000000000000001,0.2,0.0,0.04,0.0,0.0,0.0,0.02,0.0,0.0,0.0,0.0,0.04,0.0
26,6,0,5,False,0.49686819223246825,0.027754827472897148,0,qUCB,0.46,0.44,0.0,0.0,0.02,0.0,0.0,0.0,0.02,0.0,0.0,0.04,0.0,0.0,0.02
26,6,0,5,False,0.49686819223246825,0.027754827472897148,1,qUCB,0.18,0.52,0.2,0.0,0.04,0.0,0.0,0.0,0.0,0.0,0.0,0.04,0.0,0.02,0.0
26,6,0,5,False,0.49686819223246825,0.027754827472897148,2,qUCB,0.4,0.3,0.2,0.0,0.04,0.0,0.0,0.0,0.02,0.0,0.0,0.04,0.0,0.0,0.0
26,6,0,5,False,0.49686819223246825,0.027754827472897148,3,qUCB,0.0,0.64,0.26,0.04,0.02,0.0,0.0,0.0,0.0,0.0,0.0,0.04,0.0,0.0,0.0
26,6,0,5,False,0.49686819223246825,0.027754827472897148,4,qUCB,0.18,0.58,0.14,0.02,0.04,0.0,0.0,0.0,0.0,0.0,0.0,0.04,0.0,0.0,0.0
27,1,5,0,False,1.2002663301527294,0.051244477366769736,0,qEHVI,0.46,0.16,0.3,0.04,0.0,0.0,0.0,0.0,0.0,0.0,0.0,0.04,0.0,0.0,0.0
27,1,5,0,False,1.2002663301527294,0.051244477366769736,1,qEHVI,0.56,0.34,0.02,0.0,0.04,0.0,0.0,0.0,0.0,0.0,0.0,0.04,0.0,0.0,0.0
27,1,5,0,False,1.2002663301527294,0.051244477366769736,2,qEHVI,0.4,0.18,0.4,0.0,0.0,0.0,0.0,0.0,0.0,0.0,0.0,0.02,0.0,0.0,0.0
27,1,5,0,False,1.2002663301527294,0.051244477366769736,3,qEHVI,0.38,0.0,0.58,0.0,0.0,0.0,0.0,0.0,0.0,0.0,0.0,0.0,0.0,0.0,0.04
27,1,5,0,False,1.2002663301527294,0.051244477366769736,4,qEHVI,0.58,0.16,0.16,0.0,0.04,0.0,0.0,0.0,0.0,0.0,0.0,0.04,0.0,0.02,0.0
27,2,4,1,True,0.9462164240700079,0.14107640775547559,0,qEHVI,0.46,0.16,0.3,0.04,0.0,0.0,0.0,0.0,0.0,0.0,0.0,0.04,0.0,0.0,0.0
27,2,4,1,True,0.9462164240700079,0.14107640775547559,1,qEHVI,0.56,0.34,0.02,0.0,0.04,0.0,0.0,0.0,0.0,0.0,0.0,0.04,0.0,0.0,0.0
27,2,4,1,True,0.9462164240700079,0.14107640775547559,2,qEHVI,0.4,0.18,0.4,0.0,0.0,0.0,0.0,0.0,0.0,0.0,0.0,0.02,0.0,0.0,0.0
27,2,4,1,True,0.9462164240700079,0.14107640775547559,3,qEHVI,0.46,0.0,0.46,0.0,0.0,0.0,0.0,0.0,0.0,0.0,0.0,0.04,0.0,0.02,0.02
27,2,4,1,True,0.9462164240700079,0.14107640775547559,4,qUCB,0.34,0.5,0.06,0.0,0.0,0.0,0.0,0.0,0.04,0.0,0.0,0.0,0.0,0.02,0.04
27,3,3,2,False,0.8118268434935058,0.028485000961719464,0,qEHVI,0.46,0.16,0.3,0.04,0.0,0.0,0.0,0.0,0.0,0.0,0.0,0.04,0.0,0.0,0.0
27,3,3,2,False,0.8118268434935058,0.028485000961719464,1,qEHVI,0.56,0.34,0.02,0.0,0.04,0.0,0.0,0.0,0.0,0.0,0.0,0.04,0.0,0.0,0.0
27,3,3,2,False,0.8118268434935058,0.028485000961719464,2,qEHVI,0.4,0.18,0.4,0.0,0.0,0.0,0.0,0.0,0.0,0.0,0.0,0.02,0.0,0.0,0.0
27,3,3,2,False,0.8118268434935058,0.028485000961719464,3,qUCB,0.4,0.1,0.4,0.02,0.0,0.0,0.0,0.0,0.0,0.0,0.0,0.0,0.0,0.04,0.04
27,3,3,2,False,0.8118268434935058,0.028485000961719464,4,qUCB,0.34,0.5,0.06,0.0,0.0,0.0,0.0,0.0,0.04,0.0,0.0,0.0,0.0,0.02,0.04
27,4,2,3,False,0.6900282776852037,0.4727668563115724,0,qEHVI,0.46,0.16,0.3,0.04,0.0,0.0,0.0,0.0,0.0,0.0,0.0,0.04,0.0,0.0,0.0
27,4,2,3,False,0.6900282776852037,0.4727668563115724,1,qEHVI,0.56,0.34,0.02,0.0,0.04,0.0,0.0,0.0,0.0,0.0,0.0,0.04,0.0,0.0,0.0
27,4,2,3,False,0.6900282776852037,0.4727668563115724,2,qUCB,0.34,0.5,0.06,0.0,0.0,0.0,0.0,0.0,0.04,0.0,0.0,0.0,0.0,0.02,0.04
27,4,2,3,False,0.6900282776852037,0.4727668563115724,3,qUCB,0.4,0.18,0.32,0.0,0.0,0.0,0.0,0.0,0.02,0.0,0.0,0.0,0.0,0.04,0.04
27,4,2,3,False,0.6900282776852037,0.4727668563115724,4,qUCB,0.0,0.6,0.3,0.0,0.0,0.0,0.0,0.0,0.02,0.0,0.0,0.0,0.0,0.04,0.04
27,5,1,4,False,0.45776285030975783,0.002821147906569621,0,qEHVI,0.46,0.16,0.3,0.04,0.0,0.0,0.0,0.0,0.0,0.0,0.0,0.04,0.0,0.0,0.0
27,5,1,4,False,0.45776285030975783,0.002821147906569621,1,qUCB,0.3,0.5,0.1,0.0,0.04,0.0,0.0,0.0,0.0,0.0,0.0,0.0,0.0,0.04,0.02
27,5,1,4,False,0.45776285030975783,0.002821147906569621,2,qUCB,0.34,0.5,0.06,0.0,0.0,0.0,0.0,0.0,0.04,0.0,0.0,0.0,0.0,0.02,0.04
27,5,1,4,False,0.45776285030975783,0.002821147906569621,3,qUCB,0.1,0.6,0.2,0.0,0.04,0.0,0.0,0.0,0.04,0.0,0.0,0.02,0.0,0.0,0.0
27,5,1,4,False,0.45776285030975783,0.002821147906569621,4,qUCB,0.4,0.42,0.08,0.0,0.04,0.0,0.0,0.0,0.0,0.0,0.0,0.0,0.0,0.04,0.02
27,6,0,5,False,0.3335596609194805,0.4203989386452207,0,qUCB,0.4,0.44,0.06,0.0,0.04,0.0,0.0,0.0,0.0,0.0,0.0,0.04,0.0,0.0,0.02
27,6,0,5,False,0.3335596609194805,0.4203989386452207,1,qUCB,0.28,0.4,0.22,0.0,0.04,0.0,0.0,0.0,0.0,0.0,0.0,0.04,0.0,0.02,0.0
27,6,0,5,False,0.3335596609194805,0.4203989386452207,2,qUCB,0.08,0.64,0.18,0.0,0.04,0.0,0.0,0.0,0.02,0.0,0.0,0.04,0.0,0.0,0.0
27,6,0,5,False,0.3335596609194805,0.4203989386452207,3,qUCB,0.4,0.42,0.1,0.0,0.0,0.0,0.0,0.0,0.0,0.0,0.0,0.0,0.0,0.04,0.04
27,6,0,5,False,0.3335596609194805,0.4203989386452207,4,qUCB,0.36,0.34,0.22,0.0,0.04,0.0,0.0,0.0,0.0,0.0,0.0,0.04,0.0,0.0,0.0
28,1,5,0,False,1.4966789469100241,0.11453303630573242,0,qEHVI,0.46,0.42,0.02,0.0,0.04,0.0,0.0,0.0,0.0,0.0,0.0,0.04,0.0,0.02,0.0
28,1,5,0,False,1.4966789469100241,0.11453303630573242,1,qEHVI,0.4,0.12,0.4,0.0,0.02,0.0,0.0,0.0,0.02,0.0,0.0,0.04,0.0,0.0,0.0
28,1,5,0,False,1.4966789469100241,0.11453303630573242,2,qEHVI,0.56,0.32,0.02,0.0,0.02,0.0,0.0,0.0,0.0,0.0,0.0,0.04,0.0,0.0,0.04
28,1,5,0,False,1.4966789469100241,0.11453303630573242,3,qEHVI,0.34,0.0,0.58,0.0,0.04,0.0,0.0,0.0,0.0,0.0,0.0,0.04,0.0,0.0,0.0
28,1,5,0,False,1.4966789469100241,0.11453303630573242,4,qEHVI,0.4,0.2,0.3,0.04,0.04,0.0,0.0,0.0,0.0,0.0,0.0,0.0,0.0,0.0,0.02
28,2,4,1,False,1.352953828739416,0.06229534879585508,0,qEHVI,0.46,0.42,0.02,0.0,0.04,0.0,0.0,0.0,0.0,0.0,0.0,0.04,0.0,0.02,0.0
28,2,4,1,False,1.352953828739416,0.06229534879585508,1,qEHVI,0.4,0.12,0.4,0.0,0.02,0.0,0.0,0.0,0.02,0.0,0.0,0.04,0.0,0.0,0.0
28,2,4,1,False,1.352953828739416,0.06229534879585508,2,qEHVI,0.34,0.0,0.58,0.0,0.04,0.0,0.0,0.0,0.0,0.0,0.0,0.04,0.0,0.0,0.0
28,2,4,1,False,1.352953828739416,0.06229534879585508,3,qEHVI,0.56,0.32,0.02,0.0,0.02,0.0,0.0,0.0,0.0,0.0,0.0,0.04,0.0,0.0,0.04
28,2,4,1,False,1.352953828739416,0.06229534879585508,4,qUCB,0.44,0.12,0.34,0.04,0.0,0.0,0.0,0.0,0.0,0.0,0.0,0.0,0.0,0.04,0.02
28,3,3,2,False,1.134970930126648,0.12102492763386863,0,qEHVI,0.46,0.42,0.02,0.0,0.04,0.0,0.0,0.0,0.0,0.0,0.0,0.04,0.0,0.02,0.0
28,3,3,2,False,1.134970930126648,0.12102492763386863,1,qEHVI,0.4,0.12,0.4,0.0,0.02,0.0,0.0,0.0,0.02,0.0,0.0,0.04,0.0,0.0,0.0
28,3,3,2,False,1.134970930126648,0.12102492763386863,2,qEHVI,0.34,0.0,0.58,0.0,0.04,0.0,0.0,0.0,0.0,0.0,0.0,0.04,0.0,0.0,0.0
28,3,3,2,False,1.134970930126648,0.12102492763386863,3,qUCB,0.44,0.12,0.34,0.04,0.0,0.0,0.0,0.0,0.0,0.0,0.0,0.0,0.0,0.04,0.02
28,3,3,2,False,1.134970930126648,0.12102492763386863,4,qUCB,0.32,0.04,0.56,0.04,0.0,0.0,0.0,0.0,0.0,0.0,0.0,0.0,0.0,0.04,0.0
28,4,2,3,True,0.8980149025408326,0.14467638451216258,0,qEHVI,0.46,0.42,0.02,0.0,0.04,0.0,0.0,0.0,0.0,0.0,0.0,0.04,0.0,0.02,0.0
28,4,2,3,True,0.8980149025408326,0.14467638451216258,1,qEHVI,0.4,0.12,0.4,0.0,0.02,0.0,0.0,0.0,0.02,0.0,0.0,0.04,0.0,0.0,0.0
28,4,2,3,True,0.8980149025408326,0.14467638451216258,2,qUCB,0.44,0.12,0.34,0.04,0.0,0.0,0.0,0.0,0.0,0.0,0.0,0.0,0.0,0.04,0.02
28,4,2,3,True,0.8980149025408326,0.14467638451216258,3,qUCB,0.32,0.04,0.56,0.04,0.0,0.0,0.0,0.0,0.0,0.0,0.0,0.0,0.0,0.04,0.0
28,4,2,3,True,0.8980149025408326,0.14467638451216258,4,qUCB,0.0,0.66,0.3,0.04,0.0,0.0,0.0,0.0,0.0,0.0,0.0,0.0,0.0,0.0,0.0
28,5,1,4,False,0.7887056686002921,0.14629028788988663,0,qEHVI,0.46,0.42,0.02,0.0,0.04,0.0,0.0,0.0,0.0,0.0,0.0,0.04,0.0,0.02,0.0
28,5,1,4,False,0.7887056686002921,0.14629028788988663,1,qUCB,0.38,0.14,0.4,0.04,0.0,0.0,0.0,0.0,0.04,0.0,0.0,0.0,0.0,0.0,0.0
28,5,1,4,False,0.7887056686002921,0.14629028788988663,2,qUCB,0.36,0.0,0.54,0.04,0.0,0.0,0.0,0.0,0.04,0.0,0.0,0.0,0.0,0.02,0.0
28,5,1,4,False,0.7887056686002921,0.14629028788988663,3,qUCB,0.0,0.66,0.3,0.04,0.0,0.0,0.0,0.0,0.0,0.0,0.0,0.0,0.0,0.0,0.0
28,5,1,4,False,0.7887056686002921,0.14629028788988663,4,qUCB,0.28,0.38,0.24,0.0,0.0,0.0,0.0,0.0,0.04,0.0,0.0,0.0,0.0,0.02,0.04
28,6,0,5,False,0.7368253281853058,0.17262442510408071,0,qUCB,0.46,0.42,0.02,0.0,0.04,0.0,0.0,0.0,0.0,0.0,0.0,0.04,0.0,0.02,0.0
28,6,0,5,False,0.7368253281853058,0.17262442510408071,1,qUCB,0.16,0.54,0.2,0.0,0.04,0.0,0.0,0.0,0.0,0.0,0.0,0.04,0.0,0.0,0.02
28,6,0,5,False,0.7368253281853058,0.17262442510408071,2,qUCB,0.36,0.36,0.18,0.0,0.04,0.0,0.0,0.0,0.02,0.0,0.0,0.04,0.0,0.0,0.0
28,6,0,5,False,0.7368253281853058,0.17262442510408071,3,qUCB,0.02,0.68,0.2,0.0,0.04,0.0,0.0,0.0,0.0,0.0,0.0,0.04,0.0,0.02,0.0
28,6,0,5,False,0.7368253281853058,0.17262442510408071,4,qUCB,0.26,0.42,0.22,0.0,0.0,0.0,0.0,0.0,0.04,0.0,0.0,0.04,0.0,0.02,0.0
29,1,5,0,False,2.0746045837329676,0.20971242402241497,0,qEHVI,0.44,0.18,0.38,0.0,0.0,0.0,0.0,0.0,0.0,0.0,0.0,0.0,0.0,0.0,0.0
29,1,5,0,False,2.0746045837329676,0.20971242402241497,1,qEHVI,0.4,0.2,0.3,0.02,0.0,0.0,0.0,0.0,0.0,0.0,0.0,0.02,0.0,0.02,0.04
29,1,5,0,False,2.0746045837329676,0.20971242402241497,2,qEHVI,0.62,0.38,0.0,0.0,0.0,0.0,0.0,0.0,0.0,0.0,0.0,0.0,0.0,0.0,0.0
29,1,5,0,False,2.0746045837329676,0.20971242402241497,3,qEHVI,0.0,0.56,0.4,0.0,0.02,0.0,0.0,0.0,0.0,0.0,0.0,0.02,0.0,0.0,0.0
29,1,5,0,False,2.0746045837329676,0.20971242402241497,4,qEHVI,0.38,0.0,0.58,0.0,0.0,0.0,0.0,0.0,0.0,0.0,0.0,0.04,0.0,0.0,0.0
29,2,4,1,True,1.8153851985897944,0.2527943139593656,0,qEHVI,0.44,0.18,0.38,0.0,0.0,0.0,0.0,0.0,0.0,0.0,0.0,0.0,0.0,0.0,0.0
29,2,4,1,True,1.8153851985897944,0.2527943139593656,1,qEHVI,0.4,0.2,0.3,0.02,0.0,0.0,0.0,0.0,0.0,0.0,0.0,0.02,0.0,0.02,0.04
29,2,4,1,True,1.8153851985897944,0.2527943139593656,2,qEHVI,0.62,0.38,0.0,0.0,0.0,0.0,0.0,0.0,0.0,0.0,0.0,0.0,0.0,0.0,0.0
29,2,4,1,True,1.8153851985897944,0.2527943139593656,3,qEHVI,0.0,0.56,0.4,0.0,0.02,0.0,0.0,0.0,0.0,0.0,0.0,0.02,0.0,0.0,0.0
29,2,4,1,True,1.8153851985897944,0.2527943139593656,4,qUCB,0.42,0.24,0.24,0.0,0.04,0.0,0.0,0.0,0.04,0.0,0.0,0.0,0.0,0.0,0.02
29,3,3,2,False,1.899000142073919,0.1624787421243684,0,qEHVI,0.44,0.18,0.38,0.0,0.0,0.0,0.0,0.0,0.0,0.0,0.0,0.0,0.0,0.0,0.0
29,3,3,2,False,1.899000142073919,0.1624787421243684,1,qEHVI,0.4,0.2,0.3,0.02,0.0,0.0,0.0,0.0,0.0,0.0,0.0,0.02,0.0,0.02,0.04
29,3,3,2,False,1.899000142073919,0.1624787421243684,2,qEHVI,0.62,0.38,0.0,0.0,0.0,0.0,0.0,0.0,0.0,0.0,0.0,0.0,0.0,0.0,0.0
29,3,3,2,False,1.899000142073919,0.1624787421243684,3,qUCB,0.44,0.46,0.0,0.0,0.04,0.0,0.0,0.0,0.0,0.0,0.0,0.04,0.0,0.02,0.0
29,3,3,2,False,1.899000142073919,0.1624787421243684,4,qUCB,0.0,0.72,0.2,0.0,0.04,0.0,0.0,0.0,0.0,0.0,0.0,0.04,0.0,0.0,0.0
29,4,2,3,False,1.5278691642845887,0.18564217990030407,0,qEHVI,0.44,0.18,0.38,0.0,0.0,0.0,0.0,0.0,0.0,0.0,0.0,0.0,0.0,0.0,0.0
29,4,2,3,False,1.5278691642845887,0.18564217990030407,1,qEHVI,0.4,0.2,0.3,0.02,0.0,0.0,0.0,0.0,0.0,0.0,0.0,0.02,0.0,0.02,0.04
29,4,2,3,False,1.5278691642845887,0.18564217990030407,2,qUCB,0.44,0.46,0.0,0.0,0.04,0.0,0.0,0.0,0.0,0.0,0.0,0.04,0.0,0.02,0.0
29,4,2,3,False,1.5278691642845887,0.18564217990030407,3,qUCB,0.0,0.72,0.2,0.0,0.04,0.0,0.0,0.0,0.0,0.0,0.0,0.04,0.0,0.0,0.0
29,4,2,3,False,1.5278691642845887,0.18564217990030407,4,qUCB,0.22,0.5,0.18,0.0,0.04,0.0,0.0,0.0,0.0,0.0,0.0,0.04,0.0,0.02,0.0
29,5,1,4,False,1.1082568486383266,0.07293879793059421,0,qEHVI,0.44,0.18,0.38,0.0,0.0,0.0,0.0,0.0,0.0,0.0,0.0,0.0,0.0,0.0,0.0
29,5,1,4,False,1.1082568486383266,0.07293879793059421,1,qUCB,0.44,0.46,0.0,0.0,0.04,0.0,0.0,0.0,0.0,0.0,0.0,0.04,0.0,0.02,0.0
29,5,1,4,False,1.1082568486383266,0.07293879793059421,2,qUCB,0.0,0.72,0.2,0.0,0.04,0.0,0.0,0.0,0.0,0.0,0.0,0.04,0.0,0.0,0.0
29,5,1,4,False,1.1082568486383266,0.07293879793059421,3,qUCB,0.22,0.5,0.18,0.0,0.04,0.0,0.0,0.0,0.0,0.0,0.0,0.04,0.0,0.02,0.0
29,5,1,4,False,1.1082568486383266,0.07293879793059421,4,qUCB,0.0,0.72,0.18,0.0,0.0,0.0,0.0,0.0,0.0,0.0,0.0,0.04,0.0,0.02,0.04
29,6,0,5,False,0.6590903128021143,0.12293867731598951,0,qUCB,0.44,0.46,0.0,0.0,0.04,0.0,0.0,0.0,0.0,0.0,0.0,0.04,0.0,0.02,0.0
29,6,0,5,False,0.6590903128021143,0.12293867731598951,1,qUCB,0.22,0.5,0.18,0.0,0.04,0.0,0.0,0.0,0.0,0.0,0.0,0.04,0.0,0.02,0.0
29,6,0,5,False,0.6590903128021143,0.12293867731598951,2,qUCB,0.0,0.72,0.2,0.0,0.04,0.0,0.0,0.0,0.0,0.0,0.0,0.04,0.0,0.0,0.0
29,6,0,5,False,0.6590903128021143,0.12293867731598951,3,qUCB,0.0,0.8,0.16,0.0,0.0,0.0,0.0,0.0,0.0,0.0,0.0,0.04,0.0,0.0,0.0
29,6,0,5,False,0.6590903128021143,0.12293867731598951,4,qUCB,0.0,0.34,0.58,0.0,0.02,0.0,0.0,0.0,0.0,0.0,0.0,0.04,0.0,0.02,0.0
30,1,5,0,False,1.4635666526659392,0.1379271069744159,0,qEHVI,0.42,0.0,0.58,0.0,0.0,0.0,0.0,0.0,0.0,0.0,0.0,0.0,0.0,0.0,0.0
30,1,5,0,False,1.4635666526659392,0.1379271069744159,1,qEHVI,0.38,0.22,0.32,0.04,0.0,0.0,0.0,0.0,0.0,0.0,0.0,0.0,0.0,0.0,0.04
30,1,5,0,False,1.4635666526659392,0.1379271069744159,2,qEHVI,0.4,0.2,0.3,0.02,0.04,0.0,0.0,0.0,0.0,0.0,0.0,0.0,0.0,0.02,0.02
30,1,5,0,False,1.4635666526659392,0.1379271069744159,3,qEHVI,0.42,0.0,0.48,0.04,0.0,0.0,0.0,0.0,0.02,0.0,0.0,0.02,0.0,0.0,0.02
30,1,5,0,False,1.4635666526659392,0.1379271069744159,4,qEHVI,0.42,0.12,0.36,0.04,0.0,0.0,0.0,0.0,0.0,0.0,0.0,0.04,0.0,0.02,0.0
30,2,4,1,False,1.3275613324126165,0.05159455529451984,0,qEHVI,0.42,0.0,0.58,0.0,0.0,0.0,0.0,0.0,0.0,0.0,0.0,0.0,0.0,0.0,0.0
30,2,4,1,False,1.3275613324126165,0.05159455529451984,1,qEHVI,0.38,0.22,0.32,0.04,0.0,0.0,0.0,0.0,0.0,0.0,0.0,0.0,0.0,0.0,0.04
30,2,4,1,False,1.3275613324126165,0.05159455529451984,2,qEHVI,0.4,0.2,0.3,0.02,0.04,0.0,0.0,0.0,0.0,0.0,0.0,0.0,0.0,0.02,0.02
30,2,4,1,False,1.3275613324126165,0.05159455529451984,3,qEHVI,0.36,0.0,0.6,0.0,0.02,0.0,0.0,0.0,0.0,0.0,0.0,0.0,0.0,0.02,0.0
30,2,4,1,False,1.3275613324126165,0.05159455529451984,4,qUCB,0.42,0.48,0.0,0.0,0.02,0.0,0.0,0.0,0.04,0.0,0.0,0.04,0.0,0.0,0.0
30,3,3,2,False,1.329570864199538,0.06848149968511086,0,qEHVI,0.42,0.0,0.58,0.0,0.0,0.0,0.0,0.0,0.0,0.0,0.0,0.0,0.0,0.0,0.0
30,3,3,2,False,1.329570864199538,0.06848149968511086,1,qEHVI,0.38,0.22,0.32,0.04,0.0,0.0,0.0,0.0,0.0,0.0,0.0,0.0,0.0,0.0,0.04
30,3,3,2,False,1.329570864199538,0.06848149968511086,2,qEHVI,0.4,0.2,0.3,0.02,0.04,0.0,0.0,0.0,0.0,0.0,0.0,0.0,0.0,0.02,0.02
30,3,3,2,False,1.329570864199538,0.06848149968511086,3,qUCB,0.42,0.48,0.0,0.0,0.02,0.0,0.0,0.0,0.04,0.0,0.0,0.04,0.0,0.0,0.0
30,3,3,2,False,1.329570864199538,0.06848149968511086,4,qUCB,0.18,0.56,0.18,0.0,0.04,0.0,0.0,0.0,0.0,0.0,0.0,0.04,0.0,0.0,0.0
30,4,2,3,True,1.3233822258993166,0.19895837042163045,0,qEHVI,0.42,0.0,0.58,0.0,0.0,0.0,0.0,0.0,0.0,0.0,0.0,0.0,0.0,0.0,0.0
30,4,2,3,True,1.3233822258993166,0.19895837042163045,1,qEHVI,0.38,0.22,0.32,0.04,0.0,0.0,0.0,0.0,0.0,0.0,0.0,0.0,0.0,0.0,0.04
30,4,2,3,True,1.3233822258993166,0.19895837042163045,2,qUCB,0.42,0.48,0.0,0.0,0.02,0.0,0.0,0.0,0.04,0.0,0.0,0.04,0.0,0.0,0.0
30,4,2,3,True,1.3233822258993166,0.19895837042163045,3,qUCB,0.24,0.48,0.18,0.0,0.04,0.0,0.0,0.0,0.0,0.0,0.0,0.04,0.0,0.0,0.02
30,4,2,3,True,1.3233822258993166,0.19895837042163045,4,qUCB,0.0,0.7000000000000001,0.2,0.02,0.04,0.0,0.0,0.0,0.0,0.0,0.0,0.04,0.0,0.0,0.0
30,5,1,4,False,0.93169265829727,0.06934636869065613,0,qEHVI,0.42,0.0,0.58,0.0,0.0,0.0,0.0,0.0,0.0,0.0,0.0,0.0,0.0,0.0,0.0
30,5,1,4,False,0.93169265829727,0.06934636869065613,1,qUCB,0.42,0.48,0.0,0.0,0.02,0.0,0.0,0.0,0.04,0.0,0.0,0.04,0.0,0.0,0.0
30,5,1,4,False,0.93169265829727,0.06934636869065613,2,qUCB,0.14,0.62,0.14,0.0,0.04,0.0,0.0,0.0,0.0,0.0,0.0,0.04,0.0,0.0,0.02
30,5,1,4,False,0.93169265829727,0.06934636869065613,3,qUCB,0.0,0.7000000000000001,0.2,0.02,0.04,0.0,0.0,0.0,0.0,0.0,0.0,0.04,0.0,0.0,0.0
30,5,1,4,False,0.93169265829727,0.06934636869065613,4,qUCB,0.24,0.48,0.18,0.0,0.04,0.0,0.0,0.0,0.0,0.0,0.0,0.04,0.0,0.0,0.02
30,6,0,5,False,0.9831931321636826,0.029186482459051533,0,qUCB,0.54,0.36,0.0,0.04,0.0,0.0,0.0,0.0,0.0,0.0,0.0,0.04,0.0,0.02,0.0
30,6,0,5,False,0.9831931321636826,0.029186482459051533,1,qUCB,0.24,0.48,0.18,0.0,0.04,0.0,0.0,0.0,0.0,0.0,0.0,0.04,0.0,0.0,0.02
30,6,0,5,False,0.9831931321636826,0.029186482459051533,2,qUCB,0.42,0.0,0.58,0.0,0.0,0.0,0.0,0.0,0.0,0.0,0.0,0.0,0.0,0.0,0.0
30,6,0,5,False,0.9831931321636826,0.029186482459051533,3,qUCB,0.42,0.48,0.0,0.0,0.02,0.0,0.0,0.0,0.04,0.0,0.0,0.04,0.0,0.0,0.0
30,6,0,5,False,0.9831931321636826,0.029186482459051533,4,qUCB,0.0,0.7000000000000001,0.2,0.02,0.04,0.0,0.0,0.0,0.0,0.0,0.0,0.04,0.0,0.0,0.0
31,1,5,0,False,1.2784095502364388,0.18023372546877514,0,qEHVI,0.42,0.2,0.3,0.0,0.04,0.0,0.0,0.0,0.0,0.0,0.0,0.0,0.0,0.04,0.0
31,1,5,0,False,1.2784095502364388,0.18023372546877514,1,qEHVI,0.42,0.44,0.04,0.0,0.04,0.0,0.0,0.0,0.0,0.0,0.0,0.04,0.0,0.0,0.02
31,1,5,0,False,1.2784095502364388,0.18023372546877514,2,qEHVI,0.42,0.0,0.48,0.04,0.0,0.0,0.0,0.0,0.0,0.0,0.0,0.04,0.0,0.0,0.02
31,1,5,0,False,1.2784095502364388,0.18023372546877514,3,qEHVI,0.62,0.12,0.18,0.0,0.04,0.0,0.0,0.0,0.0,0.0,0.0,0.04,0.0,0.0,0.0
31,1,5,0,False,1.2784095502364388,0.18023372546877514,4,qEHVI,0.44,0.1,0.36,0.02,0.0,0.0,0.0,0.0,0.0,0.0,0.0,0.04,0.0,0.04,0.0
31,2,4,1,True,1.1315565106860985,0.19380982399073332,0,qEHVI,0.42,0.2,0.3,0.0,0.04,0.0,0.0,0.0,0.0,0.0,0.0,0.0,0.0,0.04,0.0
31,2,4,1,True,1.1315565106860985,0.19380982399073332,1,qEHVI,0.42,0.0,0.48,0.04,0.0,0.0,0.0,0.0,0.0,0.0,0.0,0.04,0.0,0.0,0.02
31,2,4,1,True,1.1315565106860985,0.19380982399073332,2,qEHVI,0.42,0.44,0.04,0.0,0.04,0.0,0.0,0.0,0.0,0.0,0.0,0.04,0.0,0.0,0.02
31,2,4,1,True,1.1315565106860985,0.19380982399073332,3,qEHVI,0.62,0.12,0.18,0.0,0.04,0.0,0.0,0.0,0.0,0.0,0.0,0.04,0.0,0.0,0.0
31,2,4,1,True,1.1315565106860985,0.19380982399073332,4,qUCB,0.44,0.06,0.4,0.0,0.0,0.0,0.0,0.0,0.04,0.0,0.0,0.0,0.0,0.02,0.04
31,3,3,2,False,0.968613729219573,0.21471636561752305,0,qEHVI,0.42,0.2,0.3,0.0,0.04,0.0,0.0,0.0,0.0,0.0,0.0,0.0,0.0,0.04,0.0
31,3,3,2,False,0.968613729219573,0.21471636561752305,1,qEHVI,0.42,0.44,0.04,0.0,0.04,0.0,0.0,0.0,0.0,0.0,0.0,0.04,0.0,0.0,0.02
31,3,3,2,False,0.968613729219573,0.21471636561752305,2,qEHVI,0.42,0.0,0.48,0.04,0.0,0.0,0.0,0.0,0.0,0.0,0.0,0.04,0.0,0.0,0.02
31,3,3,2,False,0.968613729219573,0.21471636561752305,3,qUCB,0.44,0.06,0.4,0.0,0.0,0.0,0.0,0.0,0.04,0.0,0.0,0.0,0.0,0.02,0.04
31,3,3,2,False,0.968613729219573,0.21471636561752305,4,qUCB,0.0,0.6,0.3,0.0,0.04,0.0,0.0,0.0,0.04,0.0,0.0,0.0,0.0,0.0,0.02
31,4,2,3,False,1.037156416824963,0.005165550779713257,0,qEHVI,0.42,0.2,0.3,0.0,0.04,0.0,0.0,0.0,0.0,0.0,0.0,0.0,0.0,0.04,0.0
31,4,2,3,False,1.037156416824963,0.005165550779713257,1,qEHVI,0.42,0.0,0.48,0.04,0.0,0.0,0.0,0.0,0.0,0.0,0.0,0.04,0.0,0.0,0.02
31,4,2,3,False,1.037156416824963,0.005165550779713257,2,qUCB,0.42,0.44,0.04,0.0,0.04,0.0,0.0,0.0,0.0,0.0,0.0,0.04,0.0,0.0,0.02
31,4,2,3,False,1.037156416824963,0.005165550779713257,3,qUCB,0.0,0.32,0.58,0.0,0.04,0.0,0.0,0.0,0.02,0.0,0.0,0.04,0.0,0.0,0.0
31,4,2,3,False,1.037156416824963,0.005165550779713257,4,qUCB,0.0,0.6,0.3,0.0,0.04,0.0,0.0,0.0,0.04,0.0,0.0,0.0,0.0,0.0,0.02
31,5,1,4,False,0.4983785151290565,0.04092110124003101,0,qEHVI,0.42,0.2,0.3,0.0,0.04,0.0,0.0,0.0,0.0,0.0,0.0,0.0,0.0,0.04,0.0
31,5,1,4,False,0.4983785151290565,0.04092110124003101,1,qUCB,0.6,0.3,0.0,0.04,0.0,0.0,0.0,0.0,0.0,0.0,0.0,0.04,0.0,0.0,0.02
31,5,1,4,False,0.4983785151290565,0.04092110124003101,2,qUCB,0.46,0.46,0.0,0.04,0.0,0.0,0.0,0.0,0.0,0.0,0.0,0.04,0.0,0.0,0.0
31,5,1,4,False,0.4983785151290565,0.04092110124003101,3,qUCB,0.42,0.28,0.2,0.04,0.0,0.0,0.0,0.0,0.02,0.0,0.0,0.04,0.0,0.0,0.0
31,5,1,4,False,0.4983785151290565,0.04092110124003101,4,qUCB,0.36,0.52,0.04,0.04,0.0,0.0,0.0,0.0,0.0,0.0,0.0,0.04,0.0,0.0,0.0
31,6,0,5,False,0.5170632777714985,0.07436021395100845,0,qUCB,0.42,0.44,0.04,0.0,0.04,0.0,0.0,0.0,0.0,0.0,0.0,0.04,0.0,0.0,0.02
31,6,0,5,False,0.5170632777714985,0.07436021395100845,1,qUCB,0.34,0.5,0.06,0.04,0.02,0.0,0.0,0.0,0.0,0.0,0.0,0.04,0.0,0.0,0.0
31,6,0,5,False,0.5170632777714985,0.07436021395100845,2,qUCB,0.0,0.28,0.62,0.0,0.04,0.0,0.0,0.0,0.0,0.0,0.0,0.04,0.0,0.0,0.02
31,6,0,5,False,0.5170632777714985,0.07436021395100845,3,qUCB,0.6,0.3,0.0,0.04,0.0,0.0,0.0,0.0,0.0,0.0,0.0,0.04,0.0,0.0,0.02
31,6,0,5,False,0.5170632777714985,0.07436021395100845,4,qUCB,0.18,0.62,0.1,0.0,0.04,0.0,0.0,0.0,0.02,0.0,0.0,0.04,0.0,0.0,0.0
32,1,5,0,False,1.2418996454660503,0.08287000429114322,0,qEHVI,0.4,0.14,0.38,0.04,0.0,0.0,0.0,0.0,0.0,0.0,0.0,0.04,0.0,0.0,0.0
32,1,5,0,False,1.2418996454660503,0.08287000429114322,1,qEHVI,0.32,0.0,0.6,0.02,0.04,0.0,0.0,0.0,0.0,0.0,0.0,0.02,0.0,0.0,0.0
32,1,5,0,False,1.2418996454660503,0.08287000429114322,2,qEHVI,0.56,0.32,0.04,0.0,0.0,0.0,0.0,0.0,0.0,0.0,0.0,0.04,0.0,0.0,0.04
32,1,5,0,False,1.2418996454660503,0.08287000429114322,3,qEHVI,0.42,0.18,0.3,0.02,0.0,0.0,0.0,0.0,0.02,0.0,0.0,0.02,0.0,0.0,0.04
32,1,5,0,False,1.2418996454660503,0.08287000429114322,4,qEHVI,0.6,0.0,0.4,0.0,0.0,0.0,0.0,0.0,0.0,0.0,0.0,0.0,0.0,0.0,0.0
32,2,4,1,True,1.0804108000021146,0.17915830929976373,0,qEHVI,0.4,0.14,0.38,0.04,0.0,0.0,0.0,0.0,0.0,0.0,0.0,0.04,0.0,0.0,0.0
32,2,4,1,True,1.0804108000021146,0.17915830929976373,1,qEHVI,0.32,0.0,0.6,0.02,0.04,0.0,0.0,0.0,0.0,0.0,0.0,0.02,0.0,0.0,0.0
32,2,4,1,True,1.0804108000021146,0.17915830929976373,2,qEHVI,0.56,0.32,0.04,0.0,0.0,0.0,0.0,0.0,0.0,0.0,0.0,0.04,0.0,0.0,0.04
32,2,4,1,True,1.0804108000021146,0.17915830929976373,3,qEHVI,0.42,0.18,0.3,0.02,0.0,0.0,0.0,0.0,0.02,0.0,0.0,0.02,0.0,0.0,0.04
32,2,4,1,True,1.0804108000021146,0.17915830929976373,4,qUCB,0.42,0.44,0.04,0.0,0.02,0.0,0.0,0.0,0.0,0.0,0.0,0.04,0.0,0.04,0.0
32,3,3,2,False,0.9013280407042947,0.12029188662042012,0,qEHVI,0.4,0.14,0.38,0.04,0.0,0.0,0.0,0.0,0.0,0.0,0.0,0.04,0.0,0.0,0.0
32,3,3,2,False,0.9013280407042947,0.12029188662042012,1,qEHVI,0.32,0.0,0.6,0.02,0.04,0.0,0.0,0.0,0.0,0.0,0.0,0.02,0.0,0.0,0.0
32,3,3,2,False,0.9013280407042947,0.12029188662042012,2,qEHVI,0.56,0.32,0.04,0.0,0.0,0.0,0.0,0.0,0.0,0.0,0.0,0.04,0.0,0.0,0.04
32,3,3,2,False,0.9013280407042947,0.12029188662042012,3,qUCB,0.46,0.08,0.36,0.0,0.0,0.0,0.0,0.0,0.04,0.0,0.0,0.0,0.0,0.04,0.02
32,3,3,2,False,0.9013280407042947,0.12029188662042012,4,qUCB,0.46,0.24,0.22,0.0,0.0,0.0,0.0,0.0,0.04,0.0,0.0,0.0,0.0,0.04,0.0
32,4,2,3,False,0.7570531061899751,0.25433489789761166,0,qEHVI,0.4,0.14,0.38,0.04,0.0,0.0,0.0,0.0,0.0,0.0,0.0,0.04,0.0,0.0,0.0
32,4,2,3,False,0.7570531061899751,0.25433489789761166,1,qEHVI,0.32,0.0,0.6,0.02,0.04,0.0,0.0,0.0,0.0,0.0,0.0,0.02,0.0,0.0,0.0
32,4,2,3,False,0.7570531061899751,0.25433489789761166,2,qUCB,0.4,0.14,0.36,0.0,0.0,0.0,0.0,0.0,0.04,0.0,0.0,0.0,0.0,0.02,0.04
32,4,2,3,False,0.7570531061899751,0.25433489789761166,3,qUCB,0.36,0.34,0.2,0.0,0.0,0.0,0.0,0.0,0.02,0.0,0.0,0.0,0.0,0.04,0.04
32,4,2,3,False,0.7570531061899751,0.25433489789761166,4,qUCB,0.0,0.62,0.28,0.0,0.0,0.0,0.0,0.0,0.02,0.0,0.0,0.0,0.0,0.04,0.04
32,5,1,4,False,0.5217318948245447,0.17833823889788736,0,qEHVI,0.4,0.14,0.38,0.04,0.0,0.0,0.0,0.0,0.0,0.0,0.0,0.04,0.0,0.0,0.0
32,5,1,4,False,0.5217318948245447,0.17833823889788736,1,qUCB,0.4,0.14,0.36,0.0,0.0,0.0,0.0,0.0,0.04,0.0,0.0,0.0,0.0,0.02,0.04
32,5,1,4,False,0.5217318948245447,0.17833823889788736,2,qUCB,0.0,0.3,0.6,0.0,0.04,0.0,0.0,0.0,0.0,0.0,0.0,0.0,0.0,0.04,0.02
32,5,1,4,False,0.5217318948245447,0.17833823889788736,3,qUCB,0.02,0.6,0.3,0.0,0.04,0.0,0.0,0.0,0.04,0.0,0.0,0.0,0.0,0.0,0.0
32,5,1,4,False,0.5217318948245447,0.17833823889788736,4,qUCB,0.36,0.34,0.2,0.0,0.0,0.0,0.0,0.0,0.02,0.0,0.0,0.0,0.0,0.04,0.04
32,6,0,5,False,0.32394755661598695,0.09512168467401594,0,qUCB,0.5,0.4,0.0,0.04,0.0,0.0,0.0,0.0,0.0,0.0,0.0,0.04,0.0,0.02,0.0
32,6,0,5,False,0.32394755661598695,0.09512168467401594,1,qUCB,0.36,0.32,0.22,0.04,0.0,0.0,0.0,0.0,0.0,0.0,0.0,0.04,0.0,0.02,0.0
32,6,0,5,False,0.32394755661598695,0.09512168467401594,2,qUCB,0.0,0.62,0.28,0.0,0.04,0.0,0.0,0.0,0.02,0.0,0.0,0.02,0.0,0.02,0.0
32,6,0,5,False,0.32394755661598695,0.09512168467401594,3,qUCB,0.36,0.44,0.1,0.0,0.04,0.0,0.0,0.0,0.0,0.0,0.0,0.04,0.0,0.0,0.02
32,6,0,5,False,0.32394755661598695,0.09512168467401594,4,qUCB,0.0,0.66,0.28,0.0,0.02,0.0,0.0,0.0,0.0,0.0,0.0,0.04,0.0,0.0,0.0
33,1,5,0,False,0.9057133330382758,0.09971917542269715,0,qEHVI,0.42,0.16,0.32,0.04,0.0,0.0,0.0,0.0,0.02,0.0,0.0,0.04,0.0,0.0,0.0
33,1,5,0,False,0.9057133330382758,0.09971917542269715,1,qEHVI,0.46,0.0,0.48,0.0,0.0,0.0,0.0,0.0,0.0,0.0,0.0,0.0,0.0,0.02,0.04
33,1,5,0,False,0.9057133330382758,0.09971917542269715,2,qEHVI,0.58,0.28,0.04,0.0,0.0,0.0,0.0,0.0,0.04,0.0,0.0,0.04,0.0,0.0,0.02
33,1,5,0,False,0.9057133330382758,0.09971917542269715,3,qEHVI,0.14,0.0,0.78,0.04,0.04,0.0,0.0,0.0,0.0,0.0,0.0,0.0,0.0,0.0,0.0
33,1,5,0,False,0.9057133330382758,0.09971917542269715,4,qEHVI,0.42,0.14,0.36,0.0,0.0,0.0,0.0,0.0,0.0,0.0,0.0,0.04,0.0,0.0,0.04
33,2,4,1,True,0.7848508351616488,0.1397213971661153,0,qEHVI,0.42,0.16,0.32,0.04,0.0,0.0,0.0,0.0,0.02,0.0,0.0,0.04,0.0,0.0,0.0
33,2,4,1,True,0.7848508351616488,0.1397213971661153,1,qEHVI,0.46,0.0,0.48,0.0,0.0,0.0,0.0,0.0,0.0,0.0,0.0,0.0,0.0,0.02,0.04
33,2,4,1,True,0.7848508351616488,0.1397213971661153,2,qEHVI,0.58,0.28,0.04,0.0,0.0,0.0,0.0,0.0,0.04,0.0,0.0,0.04,0.0,0.0,0.02
33,2,4,1,True,0.7848508351616488,0.1397213971661153,3,qEHVI,0.14,0.0,0.78,0.04,0.04,0.0,0.0,0.0,0.0,0.0,0.0,0.0,0.0,0.0,0.0
33,2,4,1,True,0.7848508351616488,0.1397213971661153,4,qUCB,0.32,0.5,0.08,0.0,0.04,0.0,0.0,0.0,0.0,0.0,0.0,0.04,0.0,0.02,0.0
33,3,3,2,False,0.6895930992723681,0.13688713422106857,0,qEHVI,0.42,0.16,0.32,0.04,0.0,0.0,0.0,0.0,0.02,0.0,0.0,0.04,0.0,0.0,0.0
33,3,3,2,False,0.6895930992723681,0.13688713422106857,1,qEHVI,0.46,0.0,0.48,0.0,0.0,0.0,0.0,0.0,0.0,0.0,0.0,0.0,0.0,0.02,0.04
33,3,3,2,False,0.6895930992723681,0.13688713422106857,2,qEHVI,0.14,0.0,0.78,0.04,0.04,0.0,0.0,0.0,0.0,0.0,0.0,0.0,0.0,0.0,0.0
33,3,3,2,False,0.6895930992723681,0.13688713422106857,3,qUCB,0.32,0.5,0.08,0.0,0.04,0.0,0.0,0.0,0.0,0.0,0.0,0.04,0.0,0.02,0.0
33,3,3,2,False,0.6895930992723681,0.13688713422106857,4,qUCB,0.0,0.64,0.26,0.0,0.04,0.0,0.0,0.0,0.04,0.0,0.0,0.0,0.0,0.0,0.02
33,4,2,3,False,0.6016555957597274,0.05649691772742704,0,qEHVI,0.42,0.16,0.32,0.04,0.0,0.0,0.0,0.0,0.02,0.0,0.0,0.04,0.0,0.0,0.0
33,4,2,3,False,0.6016555957597274,0.05649691772742704,1,qEHVI,0.46,0.0,0.48,0.0,0.0,0.0,0.0,0.0,0.0,0.0,0.0,0.0,0.0,0.02,0.04
33,4,2,3,False,0.6016555957597274,0.05649691772742704,2,qUCB,0.32,0.5,0.08,0.0,0.04,0.0,0.0,0.0,0.0,0.0,0.0,0.04,0.0,0.02,0.0
33,4,2,3,False,0.6016555957597274,0.05649691772742704,3,qUCB,0.0,0.64,0.26,0.0,0.04,0.0,0.0,0.0,0.04,0.0,0.0,0.0,0.0,0.0,0.02
33,4,2,3,False,0.6016555957597274,0.05649691772742704,4,qUCB,0.0,0.34,0.6,0.0,0.04,0.0,0.0,0.0,0.02,0.0,0.0,0.0,0.0,0.0,0.0
33,5,1,4,False,0.4090617444930737,0.15232884867111274,0,qEHVI,0.42,0.16,0.32,0.04,0.0,0.0,0.0,0.0,0.02,0.0,0.0,0.04,0.0,0.0,0.0
33,5,1,4,False,0.4090617444930737,0.15232884867111274,1,qUCB,0.42,0.08,0.4,0.0,0.04,0.0,0.0,0.0,0.0,0.0,0.0,0.0,0.0,0.02,0.04
33,5,1,4,False,0.4090617444930737,0.15232884867111274,2,qUCB,0.0,0.3,0.6,0.0,0.04,0.0,0.0,0.0,0.02,0.0,0.0,0.0,0.0,0.0,0.04
33,5,1,4,False,0.4090617444930737,0.15232884867111274,3,qUCB,0.0,0.1,0.8200000000000001,0.0,0.0,0.0,0.0,0.0,0.0,0.0,0.0,0.0,0.0,0.04,0.04
33,5,1,4,False,0.4090617444930737,0.15232884867111274,4,qUCB,0.0,0.64,0.26,0.0,0.04,0.0,0.0,0.0,0.04,0.0,0.0,0.0,0.0,0.0,0.02
33,6,0,5,False,0.4018137626509759,0.04015116468209179,0,qUCB,0.56,0.34,0.0,0.04,0.0,0.0,0.0,0.0,0.02,0.0,0.0,0.04,0.0,0.0,0.0
33,6,0,5,False,0.4018137626509759,0.04015116468209179,1,qUCB,0.38,0.36,0.18,0.04,0.0,0.0,0.0,0.0,0.0,0.0,0.0,0.04,0.0,0.0,0.0
33,6,0,5,False,0.4018137626509759,0.04015116468209179,2,qUCB,0.0,0.6,0.3,0.0,0.04,0.0,0.0,0.0,0.0,0.0,0.0,0.02,0.0,0.02,0.02
33,6,0,5,False,0.4018137626509759,0.04015116468209179,3,qUCB,0.0,0.32,0.6,0.0,0.04,0.0,0.0,0.0,0.0,0.0,0.0,0.02,0.0,0.02,0.0
33,6,0,5,False,0.4018137626509759,0.04015116468209179,4,qUCB,0.26,0.54,0.1,0.0,0.04,0.0,0.0,0.0,0.0,0.0,0.0,0.04,0.0,0.02,0.0
34,1,5,0,False,1.9071022551652437,0.06676356217204749,0,qEHVI,0.4,0.12,0.4,0.04,0.0,0.0,0.0,0.0,0.0,0.0,0.0,0.0,0.0,0.04,0.0
34,1,5,0,False,1.9071022551652437,0.06676356217204749,1,qEHVI,0.22,0.0,0.72,0.02,0.0,0.0,0.0,0.0,0.02,0.0,0.0,0.02,0.0,0.0,0.0
34,1,5,0,False,1.9071022551652437,0.06676356217204749,2,qEHVI,0.3,0.6,0.0,0.04,0.04,0.0,0.0,0.0,0.0,0.0,0.0,0.02,0.0,0.0,0.0
34,1,5,0,False,1.9071022551652437,0.06676356217204749,3,qEHVI,0.34,0.08,0.48,0.04,0.04,0.0,0.0,0.0,0.0,0.0,0.0,0.0,0.0,0.0,0.02
34,1,5,0,False,1.9071022551652437,0.06676356217204749,4,qEHVI,0.0,0.1,0.8,0.0,0.04,0.0,0.0,0.0,0.04,0.0,0.0,0.0,0.0,0.02,0.0
34,2,4,1,False,2.0109240043957204,0.03001835330350877,0,qEHVI,0.4,0.12,0.4,0.04,0.0,0.0,0.0,0.0,0.0,0.0,0.0,0.0,0.0,0.04,0.0
34,2,4,1,False,2.0109240043957204,0.03001835330350877,1,qEHVI,0.3,0.6,0.0,0.04,0.04,0.0,0.0,0.0,0.0,0.0,0.0,0.02,0.0,0.0,0.0
34,2,4,1,False,2.0109240043957204,0.03001835330350877,2,qEHVI,0.22,0.0,0.72,0.02,0.0,0.0,0.0,0.0,0.02,0.0,0.0,0.02,0.0,0.0,0.0
34,2,4,1,False,2.0109240043957204,0.03001835330350877,3,qEHVI,0.34,0.08,0.48,0.04,0.04,0.0,0.0,0.0,0.0,0.0,0.0,0.0,0.0,0.0,0.02
34,2,4,1,False,2.0109240043957204,0.03001835330350877,4,qUCB,0.48,0.38,0.04,0.0,0.0,0.0,0.0,0.0,0.0,0.0,0.0,0.04,0.0,0.02,0.04
34,3,3,2,False,1.5623104814165576,0.06851919376344018,0,qEHVI,0.4,0.12,0.4,0.04,0.0,0.0,0.0,0.0,0.0,0.0,0.0,0.0,0.0,0.04,0.0
34,3,3,2,False,1.5623104814165576,0.06851919376344018,1,qEHVI,0.22,0.0,0.72,0.02,0.0,0.0,0.0,0.0,0.02,0.0,0.0,0.02,0.0,0.0,0.0
34,3,3,2,False,1.5623104814165576,0.06851919376344018,2,qEHVI,0.3,0.6,0.0,0.04,0.04,0.0,0.0,0.0,0.0,0.0,0.0,0.02,0.0,0.0,0.0
34,3,3,2,False,1.5623104814165576,0.06851919376344018,3,qUCB,0.48,0.38,0.04,0.0,0.0,0.0,0.0,0.0,0.0,0.0,0.0,0.04,0.0,0.02,0.04
34,3,3,2,False,1.5623104814165576,0.06851919376344018,4,qUCB,0.3,0.58,0.02,0.04,0.0,0.0,0.0,0.0,0.02,0.0,0.0,0.0,0.0,0.0,0.04
34,4,2,3,True,1.714276379133948,0.10952469922077945,0,qEHVI,0.4,0.12,0.4,0.04,0.0,0.0,0.0,0.0,0.0,0.0,0.0,0.0,0.0,0.04,0.0
34,4,2,3,True,1.714276379133948,0.10952469922077945,1,qEHVI,0.22,0.0,0.72,0.02,0.0,0.0,0.0,0.0,0.02,0.0,0.0,0.02,0.0,0.0,0.0
34,4,2,3,True,1.714276379133948,0.10952469922077945,2,qUCB,0.3,0.6,0.0,0.04,0.04,0.0,0.0,0.0,0.0,0.0,0.0,0.02,0.0,0.0,0.0
34,4,2,3,True,1.714276379133948,0.10952469922077945,3,qUCB,0.0,0.66,0.26,0.0,0.04,0.0,0.0,0.0,0.02,0.0,0.0,0.0,0.0,0.02,0.0
34,4,2,3,True,1.714276379133948,0.10952469922077945,4,qUCB,0.42,0.28,0.2,0.02,0.04,0.0,0.0,0.0,0.0,0.0,0.0,0.0,0.0,0.0,0.04
34,5,1,4,False,1.1551687885905433,0.20942258630628174,0,qEHVI,0.4,0.12,0.4,0.04,0.0,0.0,0.0,0.0,0.0,0.0,0.0,0.0,0.0,0.04,0.0
34,5,1,4,False,1.1551687885905433,0.20942258630628174,1,qUCB,0.46,0.46,0.0,0.0,0.04,0.0,0.0,0.0,0.0,0.0,0.0,0.04,0.0,0.0,0.0
34,5,1,4,False,1.1551687885905433,0.20942258630628174,2,qUCB,0.3,0.6,0.0,0.04,0.04,0.0,0.0,0.0,0.0,0.0,0.0,0.02,0.0,0.0,0.0
34,5,1,4,False,1.1551687885905433,0.20942258630628174,3,qUCB,0.04,0.64,0.24,0.0,0.0,0.0,0.0,0.0,0.04,0.0,0.0,0.04,0.0,0.0,0.0
34,5,1,4,False,1.1551687885905433,0.20942258630628174,4,qUCB,0.24,0.66,0.0,0.02,0.04,0.0,0.0,0.0,0.0,0.0,0.0,0.04,0.0,0.0,0.0
34,6,0,5,False,1.131008080872243,0.0034159451354760506,0,qUCB,0.3,0.6,0.0,0.04,0.04,0.0,0.0,0.0,0.0,0.0,0.0,0.02,0.0,0.0,0.0
34,6,0,5,False,1.131008080872243,0.0034159451354760506,1,qUCB,0.38,0.44,0.12,0.02,0.0,0.0,0.0,0.0,0.0,0.0,0.0,0.04,0.0,0.0,0.0
34,6,0,5,False,1.131008080872243,0.0034159451354760506,2,qUCB,0.8200000000000001,0.0,0.14,0.02,0.02,0.0,0.0,0.0,0.0,0.0,0.0,0.0,0.0,0.0,0.0
34,6,0,5,False,1.131008080872243,0.0034159451354760506,3,qUCB,0.0,0.66,0.26,0.0,0.04,0.0,0.0,0.0,0.02,0.0,0.0,0.0,0.0,0.02,0.0
34,6,0,5,False,1.131008080872243,0.0034159451354760506,4,qUCB,0.0,0.0,0.9,0.04,0.0,0.0,0.0,0.0,0.02,0.0,0.0,0.02,0.0,0.02,0.0
35,1,5,0,False,1.6683015910600618,0.16440985325472546,0,qEHVI,0.4,0.16,0.38,0.02,0.0,0.0,0.0,0.0,0.02,0.0,0.0,0.02,0.0,0.0,0.0
35,1,5,0,False,1.6683015910600618,0.16440985325472546,1,qEHVI,0.4,0.02,0.5,0.04,0.04,0.0,0.0,0.0,0.0,0.0,0.0,0.0,0.0,0.0,0.0
35,1,5,0,False,1.6683015910600618,0.16440985325472546,2,qEHVI,0.54,0.36,0.0,0.02,0.0,0.0,0.0,0.0,0.02,0.0,0.0,0.04,0.0,0.0,0.02
35,1,5,0,False,1.6683015910600618,0.16440985325472546,3,qEHVI,0.48,0.08,0.36,0.02,0.0,0.0,0.0,0.0,0.0,0.0,0.0,0.04,0.0,0.02,0.0
35,1,5,0,False,1.6683015910600618,0.16440985325472546,4,qEHVI,0.0,0.14,0.78,0.0,0.04,0.0,0.0,0.0,0.02,0.0,0.0,0.02,0.0,0.0,0.0
35,2,4,1,True,1.5181411179541842,0.3699632159416515,0,qEHVI,0.4,0.16,0.38,0.02,0.0,0.0,0.0,0.0,0.02,0.0,0.0,0.02,0.0,0.0,0.0
35,2,4,1,True,1.5181411179541842,0.3699632159416515,1,qEHVI,0.4,0.02,0.5,0.04,0.04,0.0,0.0,0.0,0.0,0.0,0.0,0.0,0.0,0.0,0.0
35,2,4,1,True,1.5181411179541842,0.3699632159416515,2,qEHVI,0.54,0.02,0.34,0.02,0.0,0.0,0.0,0.0,0.0,0.0,0.0,0.04,0.0,0.0,0.04
35,2,4,1,True,1.5181411179541842,0.3699632159416515,3,qEHVI,0.54,0.36,0.0,0.02,0.0,0.0,0.0,0.0,0.02,0.0,0.0,0.04,0.0,0.0,0.02
35,2,4,1,True,1.5181411179541842,0.3699632159416515,4,qUCB,0.54,0.34,0.02,0.0,0.02,0.0,0.0,0.0,0.0,0.0,0.0,0.0,0.0,0.04,0.04
35,3,3,2,False,1.3646853430759014,0.09551429579089166,0,qEHVI,0.4,0.16,0.38,0.02,0.0,0.0,0.0,0.0,0.02,0.0,0.0,0.02,0.0,0.0,0.0
35,3,3,2,False,1.3646853430759014,0.09551429579089166,1,qEHVI,0.4,0.02,0.5,0.04,0.04,0.0,0.0,0.0,0.0,0.0,0.0,0.0,0.0,0.0,0.0
35,3,3,2,False,1.3646853430759014,0.09551429579089166,2,qEHVI,0.48,0.08,0.36,0.02,0.0,0.0,0.0,0.0,0.0,0.0,0.0,0.04,0.0,0.02,0.0
35,3,3,2,False,1.3646853430759014,0.09551429579089166,3,qUCB,0.54,0.34,0.02,0.0,0.02,0.0,0.0,0.0,0.0,0.0,0.0,0.0,0.0,0.04,0.04
35,3,3,2,False,1.3646853430759014,0.09551429579089166,4,qUCB,0.0,0.12,0.78,0.0,0.02,0.0,0.0,0.0,0.0,0.0,0.0,0.0,0.0,0.04,0.04
35,4,2,3,False,1.090977360417915,0.15486000040918668,0,qEHVI,0.4,0.16,0.38,0.02,0.0,0.0,0.0,0.0,0.02,0.0,0.0,0.02,0.0,0.0,0.0
35,4,2,3,False,1.090977360417915,0.15486000040918668,1,qEHVI,0.4,0.02,0.5,0.04,0.04,0.0,0.0,0.0,0.0,0.0,0.0,0.0,0.0,0.0,0.0
35,4,2,3,False,1.090977360417915,0.15486000040918668,2,qUCB,0.44,0.44,0.02,0.0,0.0,0.0,0.0,0.0,0.0,0.0,0.0,0.02,0.0,0.04,0.04
35,4,2,3,False,1.090977360417915,0.15486000040918668,3,qUCB,0.0,0.12,0.78,0.0,0.02,0.0,0.0,0.0,0.0,0.0,0.0,0.0,0.0,0.04,0.04
35,4,2,3,False,1.090977360417915,0.15486000040918668,4,qUCB,0.36,0.44,0.1,0.02,0.0,0.0,0.0,0.0,0.0,0.0,0.0,0.04,0.0,0.04,0.0
35,5,1,4,False,0.973265509020226,0.08861113075117988,0,qEHVI,0.4,0.16,0.38,0.02,0.0,0.0,0.0,0.0,0.02,0.0,0.0,0.02,0.0,0.0,0.0
35,5,1,4,False,0.973265509020226,0.08861113075117988,1,qUCB,0.44,0.44,0.02,0.0,0.0,0.0,0.0,0.0,0.0,0.0,0.0,0.02,0.0,0.04,0.04
35,5,1,4,False,0.973265509020226,0.08861113075117988,2,qUCB,0.0,0.12,0.78,0.0,0.02,0.0,0.0,0.0,0.0,0.0,0.0,0.0,0.0,0.04,0.04
35,5,1,4,False,0.973265509020226,0.08861113075117988,3,qUCB,0.0,0.66,0.24,0.04,0.04,0.0,0.0,0.0,0.0,0.0,0.0,0.0,0.0,0.02,0.0
35,5,1,4,False,0.973265509020226,0.08861113075117988,4,qUCB,0.36,0.44,0.1,0.02,0.0,0.0,0.0,0.0,0.0,0.0,0.0,0.04,0.0,0.04,0.0
35,6,0,5,False,0.6390789153033997,0.041147942478287014,0,qUCB,0.48,0.38,0.04,0.0,0.04,0.0,0.0,0.0,0.02,0.0,0.0,0.04,0.0,0.0,0.0
35,6,0,5,False,0.6390789153033997,0.041147942478287014,1,qUCB,0.36,0.44,0.1,0.02,0.0,0.0,0.0,0.0,0.0,0.0,0.0,0.04,0.0,0.04,0.0
35,6,0,5,False,0.6390789153033997,0.041147942478287014,2,qUCB,0.32,0.54,0.04,0.04,0.0,0.0,0.0,0.0,0.0,0.0,0.0,0.04,0.0,0.0,0.02
35,6,0,5,False,0.6390789153033997,0.041147942478287014,3,qUCB,0.78,0.0,0.16,0.04,0.0,0.0,0.0,0.0,0.02,0.0,0.0,0.0,0.0,0.0,0.0
35,6,0,5,False,0.6390789153033997,0.041147942478287014,4,qUCB,0.66,0.16,0.1,0.02,0.0,0.0,0.0,0.0,0.0,0.0,0.0,0.04,0.0,0.02,0.0
36,1,5,0,False,1.5278984210975288,0.42299531174100835,0,qEHVI,0.66,0.2,0.06,0.0,0.0,0.0,0.0,0.0,0.04,0.0,0.0,0.04,0.0,0.0,0.0
36,1,5,0,False,1.5278984210975288,0.42299531174100835,1,qEHVI,0.0,0.14,0.78,0.0,0.04,0.0,0.0,0.0,0.04,0.0,0.0,0.0,0.0,0.0,0.0
36,1,5,0,False,1.5278984210975288,0.42299531174100835,2,qEHVI,0.48,0.12,0.3,0.02,0.0,0.0,0.0,0.0,0.0,0.0,0.0,0.04,0.0,0.0,0.04
36,1,5,0,False,1.5278984210975288,0.42299531174100835,3,qEHVI,0.4,0.36,0.14,0.02,0.0,0.0,0.0,0.0,0.02,0.0,0.0,0.04,0.0,0.02,0.0
36,1,5,0,False,1.5278984210975288,0.42299531174100835,4,qEHVI,0.0,0.52,0.42,0.02,0.0,0.0,0.0,0.0,0.0,0.0,0.0,0.04,0.0,0.0,0.0
36,2,4,1,False,1.3892570183097017,0.15907123526106837,0,qEHVI,0.66,0.2,0.06,0.0,0.0,0.0,0.0,0.0,0.04,0.0,0.0,0.04,0.0,0.0,0.0
36,2,4,1,False,1.3892570183097017,0.15907123526106837,1,qEHVI,0.0,0.14,0.78,0.0,0.04,0.0,0.0,0.0,0.04,0.0,0.0,0.0,0.0,0.0,0.0
36,2,4,1,False,1.3892570183097017,0.15907123526106837,2,qEHVI,0.48,0.12,0.3,0.02,0.0,0.0,0.0,0.0,0.0,0.0,0.0,0.04,0.0,0.0,0.04
36,2,4,1,False,1.3892570183097017,0.15907123526106837,3,qEHVI,0.4,0.36,0.14,0.02,0.0,0.0,0.0,0.0,0.02,0.0,0.0,0.04,0.0,0.02,0.0
36,2,4,1,False,1.3892570183097017,0.15907123526106837,4,qUCB,0.84,0.0,0.14,0.02,0.0,0.0,0.0,0.0,0.0,0.0,0.0,0.0,0.0,0.0,0.0
36,3,3,2,True,1.1585254425005738,0.300138990382659,0,qEHVI,0.66,0.2,0.06,0.0,0.0,0.0,0.0,0.0,0.04,0.0,0.0,0.04,0.0,0.0,0.0
36,3,3,2,True,1.1585254425005738,0.300138990382659,1,qEHVI,0.0,0.14,0.78,0.0,0.04,0.0,0.0,0.0,0.04,0.0,0.0,0.0,0.0,0.0,0.0
36,3,3,2,True,1.1585254425005738,0.300138990382659,2,qEHVI,0.48,0.12,0.3,0.02,0.0,0.0,0.0,0.0,0.0,0.0,0.0,0.04,0.0,0.0,0.04
36,3,3,2,True,1.1585254425005738,0.300138990382659,3,qUCB,0.78,0.02,0.12,0.02,0.02,0.0,0.0,0.0,0.0,0.0,0.0,0.0,0.0,0.04,0.0
36,3,3,2,True,1.1585254425005738,0.300138990382659,4,qUCB,0.0,0.02,0.9,0.04,0.0,0.0,0.0,0.0,0.0,0.0,0.0,0.0,0.0,0.04,0.0
36,4,2,3,False,0.9463346179894371,0.22010939056766254,0,qEHVI,0.66,0.2,0.06,0.0,0.0,0.0,0.0,0.0,0.04,0.0,0.0,0.04,0.0,0.0,0.0
36,4,2,3,False,0.9463346179894371,0.22010939056766254,1,qEHVI,0.0,0.14,0.78,0.0,0.04,0.0,0.0,0.0,0.04,0.0,0.0,0.0,0.0,0.0,0.0
36,4,2,3,False,0.9463346179894371,0.22010939056766254,2,qUCB,0.24,0.62,0.04,0.04,0.0,0.0,0.0,0.0,0.0,0.0,0.0,0.0,0.0,0.04,0.02
36,4,2,3,False,0.9463346179894371,0.22010939056766254,3,qUCB,0.0,0.9,0.0,0.04,0.0,0.0,0.0,0.0,0.0,0.0,0.0,0.02,0.0,0.04,0.0
36,4,2,3,False,0.9463346179894371,0.22010939056766254,4,qUCB,0.0,0.02,0.9,0.04,0.0,0.0,0.0,0.0,0.0,0.0,0.0,0.0,0.0,0.04,0.0
36,5,1,4,False,0.8694546022915531,0.17740915677910785,0,qEHVI,0.66,0.2,0.06,0.0,0.0,0.0,0.0,0.0,0.04,0.0,0.0,0.04,0.0,0.0,0.0
36,5,1,4,False,0.8694546022915531,0.17740915677910785,1,qUCB,0.0,0.14,0.76,0.0,0.04,0.0,0.0,0.0,0.0,0.0,0.0,0.0,0.0,0.04,0.02
36,5,1,4,False,0.8694546022915531,0.17740915677910785,2,qUCB,0.0,0.02,0.9,0.04,0.0,0.0,0.0,0.0,0.0,0.0,0.0,0.0,0.0,0.04,0.0
36,5,1,4,False,0.8694546022915531,0.17740915677910785,3,qUCB,0.0,0.9,0.0,0.04,0.0,0.0,0.0,0.0,0.0,0.0,0.0,0.02,0.0,0.04,0.0
36,5,1,4,False,0.8694546022915531,0.17740915677910785,4,qUCB,0.0,0.3,0.6,0.0,0.04,0.0,0.0,0.0,0.0,0.0,0.0,0.0,0.0,0.02,0.04
36,6,0,5,False,0.743105806238669,0.024288222242248025,0,qUCB,0.84,0.0,0.14,0.02,0.0,0.0,0.0,0.0,0.0,0.0,0.0,0.0,0.0,0.0,0.0
36,6,0,5,False,0.743105806238669,0.024288222242248025,1,qUCB,0.02,0.0,0.92,0.04,0.0,0.0,0.0,0.0,0.02,0.0,0.0,0.0,0.0,0.0,0.0
36,6,0,5,False,0.743105806238669,0.024288222242248025,2,qUCB,0.4,0.36,0.14,0.02,0.0,0.0,0.0,0.0,0.02,0.0,0.0,0.04,0.0,0.02,0.0
36,6,0,5,False,0.743105806238669,0.024288222242248025,3,qUCB,0.0,0.9,0.0,0.04,0.0,0.0,0.0,0.0,0.0,0.0,0.0,0.02,0.0,0.04,0.0
36,6,0,5,False,0.743105806238669,0.024288222242248025,4,qUCB,0.0,0.0,0.9,0.04,0.0,0.0,0.0,0.0,0.04,0.0,0.0,0.0,0.0,0.0,0.02
37,1,5,0,False,1.5392776422653809,0.05783699819803845,0,qEHVI,0.38,0.16,0.42,0.04,0.0,0.0,0.0,0.0,0.0,0.0,0.0,0.0,0.0,0.0,0.0
37,1,5,0,False,1.5392776422653809,0.05783699819803845,1,qEHVI,0.4,0.12,0.38,0.02,0.0,0.0,0.0,0.0,0.0,0.0,0.0,0.04,0.0,0.02,0.02
37,1,5,0,False,1.5392776422653809,0.05783699819803845,2,qEHVI,0.52,0.0,0.38,0.02,0.02,0.0,0.0,0.0,0.0,0.0,0.0,0.04,0.0,0.0,0.02
37,1,5,0,False,1.5392776422653809,0.05783699819803845,3,qEHVI,0.0,0.52,0.42,0.02,0.0,0.0,0.0,0.0,0.0,0.0,0.0,0.02,0.0,0.02,0.0
37,1,5,0,False,1.5392776422653809,0.05783699819803845,4,qEHVI,0.42,0.0,0.48,0.02,0.0,0.0,0.0,0.0,0.02,0.0,0.0,0.02,0.0,0.04,0.0
37,2,4,1,True,1.2749005982156718,0.219842521657726,0,qEHVI,0.38,0.16,0.42,0.04,0.0,0.0,0.0,0.0,0.0,0.0,0.0,0.0,0.0,0.0,0.0
37,2,4,1,True,1.2749005982156718,0.219842521657726,1,qEHVI,0.4,0.12,0.38,0.02,0.0,0.0,0.0,0.0,0.0,0.0,0.0,0.04,0.0,0.02,0.02
37,2,4,1,True,1.2749005982156718,0.219842521657726,2,qEHVI,0.0,0.52,0.42,0.02,0.0,0.0,0.0,0.0,0.0,0.0,0.0,0.02,0.0,0.02,0.0
37,2,4,1,True,1.2749005982156718,0.219842521657726,3,qEHVI,0.52,0.0,0.38,0.02,0.02,0.0,0.0,0.0,0.0,0.0,0.0,0.04,0.0,0.0,0.02
37,2,4,1,True,1.2749005982156718,0.219842521657726,4,qUCB,0.66,0.16,0.08,0.02,0.04,0.0,0.0,0.0,0.04,0.0,0.0,0.0,0.0,0.0,0.0
37,3,3,2,False,1.1309166021713855,0.013963528924314517,0,qEHVI,0.38,0.16,0.42,0.04,0.0,0.0,0.0,0.0,0.0,0.0,0.0,0.0,0.0,0.0,0.0
37,3,3,2,False,1.1309166021713855,0.013963528924314517,1,qEHVI,0.4,0.12,0.38,0.02,0.0,0.0,0.0,0.0,0.0,0.0,0.0,0.04,0.0,0.02,0.02
37,3,3,2,False,1.1309166021713855,0.013963528924314517,2,qEHVI,0.0,0.52,0.42,0.02,0.0,0.0,0.0,0.0,0.0,0.0,0.0,0.02,0.0,0.02,0.0
37,3,3,2,False,1.1309166021713855,0.013963528924314517,3,qUCB,0.5,0.02,0.4,0.0,0.04,0.0,0.0,0.0,0.04,0.0,0.0,0.0,0.0,0.0,0.0
37,3,3,2,False,1.1309166021713855,0.013963528924314517,4,qUCB,0.0,0.96,0.0,0.04,0.0,0.0,0.0,0.0,0.0,0.0,0.0,0.0,0.0,0.0,0.0
37,4,2,3,False,1.0229834361486858,0.04801211256184601,0,qEHVI,0.38,0.16,0.42,0.04,0.0,0.0,0.0,0.0,0.0,0.0,0.0,0.0,0.0,0.0,0.0
37,4,2,3,False,1.0229834361486858,0.04801211256184601,1,qEHVI,0.4,0.12,0.38,0.02,0.0,0.0,0.0,0.0,0.0,0.0,0.0,0.04,0.0,0.02,0.02
37,4,2,3,False,1.0229834361486858,0.04801211256184601,2,qUCB,0.5,0.02,0.4,0.0,0.04,0.0,0.0,0.0,0.04,0.0,0.0,0.0,0.0,0.0,0.0
37,4,2,3,False,1.0229834361486858,0.04801211256184601,3,qUCB,0.0,0.32,0.64,0.0,0.04,0.0,0.0,0.0,0.0,0.0,0.0,0.0,0.0,0.0,0.0
37,4,2,3,False,1.0229834361486858,0.04801211256184601,4,qUCB,0.0,0.96,0.0,0.04,0.0,0.0,0.0,0.0,0.0,0.0,0.0,0.0,0.0,0.0,0.0
37,5,1,4,False,0.853387054776887,0.01989536719196483,0,qEHVI,0.38,0.16,0.42,0.04,0.0,0.0,0.0,0.0,0.0,0.0,0.0,0.0,0.0,0.0,0.0
37,5,1,4,False,0.853387054776887,0.01989536719196483,1,qUCB,0.5,0.4,0.0,0.0,0.04,0.0,0.0,0.0,0.0,0.0,0.0,0.04,0.0,0.02,0.0
37,5,1,4,False,0.853387054776887,0.01989536719196483,2,qUCB,0.0,0.32,0.64,0.0,0.04,0.0,0.0,0.0,0.0,0.0,0.0,0.0,0.0,0.0,0.0
37,5,1,4,False,0.853387054776887,0.01989536719196483,3,qUCB,0.0,0.96,0.0,0.04,0.0,0.0,0.0,0.0,0.0,0.0,0.0,0.0,0.0,0.0,0.0
37,5,1,4,False,0.853387054776887,0.01989536719196483,4,qUCB,0.0,0.78,0.16,0.0,0.0,0.0,0.0,0.0,0.0,0.0,0.0,0.04,0.0,0.02,0.0
37,6,0,5,False,0.8072737003836205,0.01569970563011225,0,qUCB,0.42,0.36,0.14,0.02,0.0,0.0,0.0,0.0,0.0,0.0,0.0,0.04,0.0,0.0,0.02
37,6,0,5,False,0.8072737003836205,0.01569970563011225,1,qUCB,0.0,0.96,0.0,0.04,0.0,0.0,0.0,0.0,0.0,0.0,0.0,0.0,0.0,0.0,0.0
37,6,0,5,False,0.8072737003836205,0.01569970563011225,2,qUCB,0.0,0.34,0.64,0.0,0.02,0.0,0.0,0.0,0.0,0.0,0.0,0.0,0.0,0.0,0.0
37,6,0,5,False,0.8072737003836205,0.01569970563011225,3,qUCB,0.0,0.78,0.2,0.0,0.0,0.0,0.0,0.0,0.0,0.0,0.0,0.0,0.0,0.02,0.0
37,6,0,5,False,0.8072737003836205,0.01569970563011225,4,qUCB,0.0,0.42,0.5,0.04,0.04,0.0,0.0,0.0,0.0,0.0,0.0,0.0,0.0,0.0,0.0
38,1,5,0,False,1.0636035021758157,0.1942306076012672,0,qEHVI,0.42,0.14,0.36,0.02,0.0,0.0,0.0,0.0,0.0,0.0,0.0,0.04,0.0,0.0,0.02
38,1,5,0,False,1.0636035021758157,0.1942306076012672,1,qEHVI,0.0,0.46,0.52,0.0,0.0,0.0,0.0,0.0,0.0,0.0,0.0,0.0,0.0,0.02,0.0
38,1,5,0,False,1.0636035021758157,0.1942306076012672,2,qEHVI,0.68,0.26,0.04,0.0,0.0,0.0,0.0,0.0,0.0,0.0,0.0,0.0,0.0,0.0,0.02
38,1,5,0,False,1.0636035021758157,0.1942306076012672,3,qEHVI,0.42,0.0,0.48,0.02,0.0,0.0,0.0,0.0,0.02,0.0,0.0,0.02,0.0,0.04,0.0
38,1,5,0,False,1.0636035021758157,0.1942306076012672,4,qEHVI,0.44,0.44,0.02,0.0,0.04,0.0,0.0,0.0,0.0,0.0,0.0,0.04,0.0,0.02,0.0
38,2,4,1,True,1.0713974008273763,0.14323762243618177,0,qEHVI,0.42,0.14,0.36,0.02,0.0,0.0,0.0,0.0,0.0,0.0,0.0,0.04,0.0,0.0,0.02
38,2,4,1,True,1.0713974008273763,0.14323762243618177,1,qEHVI,0.0,0.46,0.52,0.0,0.0,0.0,0.0,0.0,0.0,0.0,0.0,0.0,0.0,0.02,0.0
38,2,4,1,True,1.0713974008273763,0.14323762243618177,2,qEHVI,0.42,0.0,0.48,0.02,0.0,0.0,0.0,0.0,0.02,0.0,0.0,0.02,0.0,0.04,0.0
38,2,4,1,True,1.0713974008273763,0.14323762243618177,3,qEHVI,0.68,0.26,0.04,0.0,0.0,0.0,0.0,0.0,0.0,0.0,0.0,0.0,0.0,0.0,0.02
38,2,4,1,True,1.0713974008273763,0.14323762243618177,4,qUCB,0.44,0.44,0.02,0.0,0.04,0.0,0.0,0.0,0.0,0.0,0.0,0.04,0.0,0.02,0.0
38,3,3,2,False,0.911626124675938,0.07037699419492682,0,qEHVI,0.42,0.14,0.36,0.02,0.0,0.0,0.0,0.0,0.0,0.0,0.0,0.04,0.0,0.0,0.02
38,3,3,2,False,0.911626124675938,0.07037699419492682,1,qEHVI,0.0,0.46,0.52,0.0,0.0,0.0,0.0,0.0,0.0,0.0,0.0,0.0,0.0,0.02,0.0
38,3,3,2,False,0.911626124675938,0.07037699419492682,2,qEHVI,0.42,0.0,0.48,0.02,0.0,0.0,0.0,0.0,0.02,0.0,0.0,0.02,0.0,0.04,0.0
38,3,3,2,False,0.911626124675938,0.07037699419492682,3,qUCB,0.44,0.44,0.02,0.0,0.04,0.0,0.0,0.0,0.0,0.0,0.0,0.04,0.0,0.02,0.0
38,3,3,2,False,0.911626124675938,0.07037699419492682,4,qUCB,0.34,0.36,0.2,0.04,0.04,0.0,0.0,0.0,0.02,0.0,0.0,0.0,0.0,0.0,0.0
38,4,2,3,False,0.6160857353321295,0.019597575251226074,0,qEHVI,0.42,0.14,0.36,0.02,0.0,0.0,0.0,0.0,0.0,0.0,0.0,0.04,0.0,0.0,0.02
38,4,2,3,False,0.6160857353321295,0.019597575251226074,1,qEHVI,0.0,0.46,0.52,0.0,0.0,0.0,0.0,0.0,0.0,0.0,0.0,0.0,0.0,0.02,0.0
38,4,2,3,False,0.6160857353321295,0.019597575251226074,2,qUCB,0.4,0.12,0.4,0.04,0.0,0.0,0.0,0.0,0.04,0.0,0.0,0.0,0.0,0.0,0.0
38,4,2,3,False,0.6160857353321295,0.019597575251226074,3,qUCB,0.34,0.36,0.2,0.04,0.04,0.0,0.0,0.0,0.02,0.0,0.0,0.0,0.0,0.0,0.0
38,4,2,3,False,0.6160857353321295,0.019597575251226074,4,qUCB,0.56,0.36,0.0,0.04,0.04,0.0,0.0,0.0,0.0,0.0,0.0,0.0,0.0,0.0,0.0
38,5,1,4,False,0.46525763007543347,0.02567591588229945,0,qEHVI,0.42,0.14,0.36,0.02,0.0,0.0,0.0,0.0,0.0,0.0,0.0,0.04,0.0,0.0,0.02
38,5,1,4,False,0.46525763007543347,0.02567591588229945,1,qUCB,0.52,0.0,0.38,0.0,0.04,0.0,0.0,0.0,0.04,0.0,0.0,0.0,0.0,0.02,0.0
38,5,1,4,False,0.46525763007543347,0.02567591588229945,2,qUCB,0.0,0.9,0.0,0.04,0.02,0.0,0.0,0.0,0.02,0.0,0.0,0.0,0.0,0.02,0.0
38,5,1,4,False,0.46525763007543347,0.02567591588229945,3,qUCB,0.0,0.34,0.64,0.0,0.0,0.0,0.0,0.0,0.0,0.0,0.0,0.0,0.0,0.02,0.0
38,5,1,4,False,0.46525763007543347,0.02567591588229945,4,qUCB,0.42,0.24,0.24,0.04,0.04,0.0,0.0,0.0,0.0,0.0,0.0,0.0,0.0,0.02,0.0
38,6,0,5,False,0.6532878091836339,0.052346714398034955,0,qUCB,0.44,0.44,0.02,0.0,0.04,0.0,0.0,0.0,0.0,0.0,0.0,0.04,0.0,0.02,0.0
38,6,0,5,False,0.6532878091836339,0.052346714398034955,1,qUCB,0.4,0.4,0.14,0.02,0.0,0.0,0.0,0.0,0.0,0.0,0.0,0.04,0.0,0.0,0.0
38,6,0,5,False,0.6532878091836339,0.052346714398034955,2,qUCB,0.0,0.34,0.64,0.0,0.0,0.0,0.0,0.0,0.0,0.0,0.0,0.0,0.0,0.02,0.0
38,6,0,5,False,0.6532878091836339,0.052346714398034955,3,qUCB,0.0,0.32,0.6,0.0,0.0,0.0,0.0,0.0,0.0,0.0,0.0,0.04,0.0,0.0,0.04
38,6,0,5,False,0.6532878091836339,0.052346714398034955,4,qUCB,0.32,0.52,0.06,0.04,0.0,0.0,0.0,0.0,0.0,0.0,0.0,0.04,0.0,0.0,0.02
39,1,5,0,False,1.8368583684260253,0.3159076164705006,0,qEHVI,0.4,0.18,0.32,0.02,0.0,0.0,0.0,0.0,0.0,0.0,0.0,0.04,0.0,0.0,0.04
39,1,5,0,False,1.8368583684260253,0.3159076164705006,1,qEHVI,0.48,0.06,0.42,0.02,0.0,0.0,0.0,0.0,0.0,0.0,0.0,0.02,0.0,0.0,0.0
39,1,5,0,False,1.8368583684260253,0.3159076164705006,2,qEHVI,0.46,0.18,0.3,0.02,0.0,0.0,0.0,0.0,0.0,0.0,0.0,0.04,0.0,0.0,0.0
39,1,5,0,False,1.8368583684260253,0.3159076164705006,3,qEHVI,0.44,0.12,0.34,0.02,0.0,0.0,0.0,0.0,0.02,0.0,0.0,0.04,0.0,0.0,0.02
39,1,5,0,False,1.8368583684260253,0.3159076164705006,4,qEHVI,0.44,0.08,0.4,0.04,0.0,0.0,0.0,0.0,0.02,0.0,0.0,0.0,0.0,0.02,0.0
39,2,4,1,True,1.6189261664921426,0.3737877674885226,0,qEHVI,0.4,0.18,0.32,0.02,0.0,0.0,0.0,0.0,0.0,0.0,0.0,0.04,0.0,0.0,0.04
39,2,4,1,True,1.6189261664921426,0.3737877674885226,1,qEHVI,0.48,0.06,0.42,0.02,0.0,0.0,0.0,0.0,0.0,0.0,0.0,0.02,0.0,0.0,0.0
39,2,4,1,True,1.6189261664921426,0.3737877674885226,2,qEHVI,0.46,0.18,0.3,0.02,0.0,0.0,0.0,0.0,0.0,0.0,0.0,0.04,0.0,0.0,0.0
39,2,4,1,True,1.6189261664921426,0.3737877674885226,3,qEHVI,0.44,0.12,0.34,0.02,0.0,0.0,0.0,0.0,0.02,0.0,0.0,0.04,0.0,0.0,0.02
39,2,4,1,True,1.6189261664921426,0.3737877674885226,4,qUCB,0.44,0.48,0.0,0.0,0.04,0.0,0.0,0.0,0.0,0.0,0.0,0.0,0.0,0.04,0.0
39,3,3,2,False,1.4312102658251884,0.18793757001456957,0,qEHVI,0.4,0.18,0.32,0.02,0.0,0.0,0.0,0.0,0.0,0.0,0.0,0.04,0.0,0.0,0.04
39,3,3,2,False,1.4312102658251884,0.18793757001456957,1,qEHVI,0.48,0.06,0.42,0.02,0.0,0.0,0.0,0.0,0.0,0.0,0.0,0.02,0.0,0.0,0.0
39,3,3,2,False,1.4312102658251884,0.18793757001456957,2,qEHVI,0.46,0.18,0.3,0.02,0.0,0.0,0.0,0.0,0.0,0.0,0.0,0.04,0.0,0.0,0.0
39,3,3,2,False,1.4312102658251884,0.18793757001456957,3,qUCB,0.42,0.06,0.42,0.0,0.04,0.0,0.0,0.0,0.04,0.0,0.0,0.0,0.0,0.0,0.02
39,3,3,2,False,1.4312102658251884,0.18793757001456957,4,qUCB,0.0,0.9400000000000001,0.02,0.04,0.0,0.0,0.0,0.0,0.0,0.0,0.0,0.0,0.0,0.0,0.0
39,4,2,3,False,1.0574317056753075,0.05445927196248879,0,qEHVI,0.4,0.18,0.32,0.02,0.0,0.0,0.0,0.0,0.0,0.0,0.0,0.04,0.0,0.0,0.04
39,4,2,3,False,1.0574317056753075,0.05445927196248879,1,qEHVI,0.48,0.06,0.42,0.02,0.0,0.0,0.0,0.0,0.0,0.0,0.0,0.02,0.0,0.0,0.0
39,4,2,3,False,1.0574317056753075,0.05445927196248879,2,qUCB,0.42,0.06,0.42,0.0,0.04,0.0,0.0,0.0,0.04,0.0,0.0,0.0,0.0,0.0,0.02
39,4,2,3,False,1.0574317056753075,0.05445927196248879,3,qUCB,0.0,0.9400000000000001,0.02,0.04,0.0,0.0,0.0,0.0,0.0,0.0,0.0,0.0,0.0,0.0,0.0
39,4,2,3,False,1.0574317056753075,0.05445927196248879,4,qUCB,0.0,0.92,0.0,0.02,0.02,0.0,0.0,0.0,0.0,0.0,0.0,0.0,0.0,0.04,0.0
39,5,1,4,False,0.7447380437584401,0.10288454847946138,0,qEHVI,0.4,0.18,0.32,0.02,0.0,0.0,0.0,0.0,0.0,0.0,0.0,0.04,0.0,0.0,0.04
39,5,1,4,False,0.7447380437584401,0.10288454847946138,1,qUCB,0.48,0.0,0.42,0.0,0.04,0.0,0.0,0.0,0.04,0.0,0.0,0.0,0.0,0.02,0.0
39,5,1,4,False,0.7447380437584401,0.10288454847946138,2,qUCB,0.0,0.9400000000000001,0.02,0.04,0.0,0.0,0.0,0.0,0.0,0.0,0.0,0.0,0.0,0.0,0.0
39,5,1,4,False,0.7447380437584401,0.10288454847946138,3,qUCB,0.3,0.6,0.0,0.04,0.04,0.0,0.0,0.0,0.0,0.0,0.0,0.0,0.0,0.02,0.0
39,5,1,4,False,0.7447380437584401,0.10288454847946138,4,qUCB,0.38,0.14,0.4,0.0,0.04,0.0,0.0,0.0,0.04,0.0,0.0,0.0,0.0,0.0,0.0
39,6,0,5,False,0.4560616794393588,0.06702584638945241,0,qUCB,0.48,0.44,0.0,0.0,0.0,0.0,0.0,0.0,0.0,0.0,0.0,0.04,0.0,0.0,0.04
39,6,0,5,False,0.4560616794393588,0.06702584638945241,1,qUCB,0.48,0.36,0.1,0.02,0.0,0.0,0.0,0.0,0.0,0.0,0.0,0.04,0.0,0.0,0.0
39,6,0,5,False,0.4560616794393588,0.06702584638945241,2,qUCB,0.0,0.9400000000000001,0.02,0.04,0.0,0.0,0.0,0.0,0.0,0.0,0.0,0.0,0.0,0.0,0.0
39,6,0,5,False,0.4560616794393588,0.06702584638945241,3,qUCB,0.34,0.58,0.0,0.02,0.0,0.0,0.0,0.0,0.0,0.0,0.0,0.04,0.0,0.0,0.02
39,6,0,5,False,0.4560616794393588,0.06702584638945241,4,qUCB,0.66,0.2,0.08,0.02,0.0,0.0,0.0,0.0,0.0,0.0,0.0,0.04,0.0,0.0,0.0
40,1,5,0,False,1.2002464158725399,0.0669497070015792,0,qEHVI,0.7000000000000001,0.22,0.08,0.0,0.0,0.0,0.0,0.0,0.0,0.0,0.0,0.0,0.0,0.0,0.0
40,1,5,0,False,1.2002464158725399,0.0669497070015792,1,qEHVI,0.36,0.14,0.4,0.04,0.0,0.0,0.0,0.0,0.04,0.0,0.0,0.0,0.0,0.0,0.02
40,1,5,0,False,1.2002464158725399,0.0669497070015792,2,qEHVI,0.74,0.16,0.04,0.02,0.0,0.0,0.0,0.0,0.0,0.0,0.0,0.0,0.0,0.0,0.04
40,1,5,0,False,1.2002464158725399,0.0669497070015792,3,qEHVI,0.54,0.0,0.36,0.02,0.04,0.0,0.0,0.0,0.02,0.0,0.0,0.02,0.0,0.0,0.0
40,1,5,0,False,1.2002464158725399,0.0669497070015792,4,qEHVI,0.46,0.12,0.38,0.0,0.0,0.0,0.0,0.0,0.0,0.0,0.0,0.04,0.0,0.0,0.0
40,2,4,1,True,1.1512564313176896,0.1657083322772931,0,qEHVI,0.7000000000000001,0.22,0.08,0.0,0.0,0.0,0.0,0.0,0.0,0.0,0.0,0.0,0.0,0.0,0.0
40,2,4,1,True,1.1512564313176896,0.1657083322772931,1,qEHVI,0.36,0.14,0.4,0.04,0.0,0.0,0.0,0.0,0.04,0.0,0.0,0.0,0.0,0.0,0.02
40,2,4,1,True,1.1512564313176896,0.1657083322772931,2,qEHVI,0.74,0.16,0.04,0.02,0.0,0.0,0.0,0.0,0.0,0.0,0.0,0.0,0.0,0.0,0.04
40,2,4,1,True,1.1512564313176896,0.1657083322772931,3,qEHVI,0.38,0.44,0.12,0.02,0.0,0.0,0.0,0.0,0.0,0.0,0.0,0.04,0.0,0.0,0.0
40,2,4,1,True,1.1512564313176896,0.1657083322772931,4,qUCB,0.42,0.1,0.38,0.0,0.04,0.0,0.0,0.0,0.0,0.0,0.0,0.0,0.0,0.04,0.02
40,3,3,2,False,1.0955420185329976,0.024651269995302982,0,qEHVI,0.7000000000000001,0.22,0.08,0.0,0.0,0.0,0.0,0.0,0.0,0.0,0.0,0.0,0.0,0.0,0.0
40,3,3,2,False,1.0955420185329976,0.024651269995302982,1,qEHVI,0.36,0.14,0.4,0.04,0.0,0.0,0.0,0.0,0.04,0.0,0.0,0.0,0.0,0.0,0.02
40,3,3,2,False,1.0955420185329976,0.024651269995302982,2,qEHVI,0.74,0.16,0.04,0.02,0.0,0.0,0.0,0.0,0.0,0.0,0.0,0.0,0.0,0.0,0.04
40,3,3,2,False,1.0955420185329976,0.024651269995302982,3,qUCB,0.36,0.5,0.04,0.04,0.0,0.0,0.0,0.0,0.0,0.0,0.0,0.04,0.0,0.02,0.0
40,3,3,2,False,1.0955420185329976,0.024651269995302982,4,qUCB,0.0,0.9,0.0,0.04,0.02,0.0,0.0,0.0,0.0,0.0,0.0,0.02,0.0,0.02,0.0
40,4,2,3,False,0.8897197142218116,0.15428950650091977,0,qEHVI,0.7000000000000001,0.22,0.08,0.0,0.0,0.0,0.0,0.0,0.0,0.0,0.0,0.0,0.0,0.0,0.0
40,4,2,3,False,0.8897197142218116,0.15428950650091977,1,qEHVI,0.36,0.14,0.4,0.04,0.0,0.0,0.0,0.0,0.04,0.0,0.0,0.0,0.0,0.0,0.02
40,4,2,3,False,0.8897197142218116,0.15428950650091977,2,qUCB,0.36,0.5,0.04,0.04,0.0,0.0,0.0,0.0,0.0,0.0,0.0,0.04,0.0,0.02,0.0
40,4,2,3,False,0.8897197142218116,0.15428950650091977,3,qUCB,0.0,0.9,0.0,0.04,0.02,0.0,0.0,0.0,0.0,0.0,0.0,0.02,0.0,0.02,0.0
40,4,2,3,False,0.8897197142218116,0.15428950650091977,4,qUCB,0.0,0.28,0.62,0.0,0.04,0.0,0.0,0.0,0.0,0.0,0.0,0.02,0.0,0.04,0.0
40,5,1,4,False,0.721015689438605,0.001359120737912889,0,qEHVI,0.7000000000000001,0.22,0.08,0.0,0.0,0.0,0.0,0.0,0.0,0.0,0.0,0.0,0.0,0.0,0.0
40,5,1,4,False,0.721015689438605,0.001359120737912889,1,qUCB,0.36,0.5,0.04,0.04,0.0,0.0,0.0,0.0,0.0,0.0,0.0,0.04,0.0,0.02,0.0
40,5,1,4,False,0.721015689438605,0.001359120737912889,2,qUCB,0.0,0.38,0.52,0.04,0.04,0.0,0.0,0.0,0.0,0.0,0.0,0.0,0.0,0.0,0.02
40,5,1,4,False,0.721015689438605,0.001359120737912889,3,qUCB,0.0,0.9,0.0,0.04,0.02,0.0,0.0,0.0,0.0,0.0,0.0,0.02,0.0,0.02,0.0
40,5,1,4,False,0.721015689438605,0.001359120737912889,4,qUCB,0.0,0.28,0.62,0.0,0.04,0.0,0.0,0.0,0.0,0.0,0.0,0.02,0.0,0.04,0.0
40,6,0,5,False,0.7503251214056632,0.05603098904753523,0,qUCB,0.52,0.36,0.06,0.0,0.0,0.0,0.0,0.0,0.0,0.0,0.0,0.04,0.0,0.0,0.02
40,6,0,5,False,0.7503251214056632,0.05603098904753523,1,qUCB,0.38,0.44,0.12,0.02,0.0,0.0,0.0,0.0,0.0,0.0,0.0,0.04,0.0,0.0,0.0
40,6,0,5,False,0.7503251214056632,0.05603098904753523,2,qUCB,0.36,0.5,0.04,0.04,0.0,0.0,0.0,0.0,0.0,0.0,0.0,0.04,0.0,0.02,0.0
40,6,0,5,False,0.7503251214056632,0.05603098904753523,3,qUCB,0.4,0.28,0.22,0.04,0.0,0.0,0.0,0.0,0.02,0.0,0.0,0.04,0.0,0.0,0.0
40,6,0,5,False,0.7503251214056632,0.05603098904753523,4,qUCB,0.36,0.36,0.18,0.02,0.0,0.0,0.0,0.0,0.02,0.0,0.0,0.04,0.0,0.02,0.0
41,1,5,0,False,1.0283282605143051,0.0760120418291228,0,qEHVI,0.42,0.18,0.3,0.04,0.02,0.0,0.0,0.0,0.02,0.0,0.0,0.0,0.0,0.0,0.02
41,1,5,0,False,1.0283282605143051,0.0760120418291228,1,qEHVI,0.54,0.0,0.36,0.02,0.02,0.0,0.0,0.0,0.0,0.0,0.0,0.0,0.0,0.02,0.04
41,1,5,0,False,1.0283282605143051,0.0760120418291228,2,qEHVI,0.38,0.52,0.0,0.04,0.02,0.0,0.0,0.0,0.0,0.0,0.0,0.04,0.0,0.0,0.0
41,1,5,0,False,1.0283282605143051,0.0760120418291228,3,qEHVI,0.3,0.0,0.64,0.0,0.04,0.0,0.0,0.0,0.02,0.0,0.0,0.0,0.0,0.0,0.0
41,1,5,0,False,1.0283282605143051,0.0760120418291228,4,qEHVI,0.4,0.14,0.36,0.04,0.0,0.0,0.0,0.0,0.0,0.0,0.0,0.02,0.0,0.0,0.04
41,2,4,1,False,0.963117656025491,0.032335697000689834,0,qEHVI,0.42,0.18,0.3,0.04,0.02,0.0,0.0,0.0,0.02,0.0,0.0,0.0,0.0,0.0,0.02
41,2,4,1,False,0.963117656025491,0.032335697000689834,1,qEHVI,0.54,0.0,0.36,0.02,0.02,0.0,0.0,0.0,0.0,0.0,0.0,0.0,0.0,0.02,0.04
41,2,4,1,False,0.963117656025491,0.032335697000689834,2,qEHVI,0.38,0.52,0.0,0.04,0.02,0.0,0.0,0.0,0.0,0.0,0.0,0.04,0.0,0.0,0.0
41,2,4,1,False,0.963117656025491,0.032335697000689834,3,qEHVI,0.3,0.0,0.64,0.0,0.04,0.0,0.0,0.0,0.02,0.0,0.0,0.0,0.0,0.0,0.0
41,2,4,1,False,0.963117656025491,0.032335697000689834,4,qUCB,0.48,0.36,0.06,0.0,0.0,0.0,0.0,0.0,0.02,0.0,0.0,0.04,0.0,0.04,0.0
41,3,3,2,True,0.9593082078028551,0.07785388862559384,0,qEHVI,0.42,0.18,0.3,0.04,0.02,0.0,0.0,0.0,0.02,0.0,0.0,0.0,0.0,0.0,0.02
41,3,3,2,True,0.9593082078028551,0.07785388862559384,1,qEHVI,0.54,0.0,0.36,0.02,0.02,0.0,0.0,0.0,0.0,0.0,0.0,0.0,0.0,0.02,0.04
41,3,3,2,True,0.9593082078028551,0.07785388862559384,2,qEHVI,0.38,0.52,0.0,0.04,0.02,0.0,0.0,0.0,0.0,0.0,0.0,0.04,0.0,0.0,0.0
41,3,3,2,True,0.9593082078028551,0.07785388862559384,3,qUCB,0.44,0.06,0.4,0.0,0.0,0.0,0.0,0.0,0.04,0.0,0.0,0.02,0.0,0.04,0.0
41,3,3,2,True,0.9593082078028551,0.07785388862559384,4,qUCB,0.0,0.34,0.64,0.0,0.0,0.0,0.0,0.0,0.0,0.0,0.0,0.0,0.0,0.02,0.0
41,4,2,3,False,0.8815040192131555,0.38992546913187454,0,qEHVI,0.42,0.18,0.3,0.04,0.02,0.0,0.0,0.0,0.02,0.0,0.0,0.0,0.0,0.0,0.02
41,4,2,3,False,0.8815040192131555,0.38992546913187454,1,qEHVI,0.54,0.0,0.36,0.02,0.02,0.0,0.0,0.0,0.0,0.0,0.0,0.0,0.0,0.02,0.04
41,4,2,3,False,0.8815040192131555,0.38992546913187454,2,qUCB,0.48,0.36,0.06,0.0,0.0,0.0,0.0,0.0,0.02,0.0,0.0,0.04,0.0,0.04,0.0
41,4,2,3,False,0.8815040192131555,0.38992546913187454,3,qUCB,0.0,0.34,0.64,0.0,0.0,0.0,0.0,0.0,0.0,0.0,0.0,0.0,0.0,0.02,0.0
41,4,2,3,False,0.8815040192131555,0.38992546913187454,4,qUCB,0.02,0.32,0.6,0.0,0.02,0.0,0.0,0.0,0.0,0.0,0.0,0.04,0.0,0.0,0.0
41,5,1,4,False,0.4495480632858343,0.048062508272789906,0,qEHVI,0.42,0.18,0.3,0.04,0.02,0.0,0.0,0.0,0.02,0.0,0.0,0.0,0.0,0.0,0.02
41,5,1,4,False,0.4495480632858343,0.048062508272789906,1,qUCB,0.44,0.42,0.06,0.0,0.0,0.0,0.0,0.0,0.0,0.0,0.0,0.04,0.0,0.04,0.0
41,5,1,4,False,0.4495480632858343,0.048062508272789906,2,qUCB,0.0,0.34,0.64,0.0,0.0,0.0,0.0,0.0,0.0,0.0,0.0,0.0,0.0,0.02,0.0
41,5,1,4,False,0.4495480632858343,0.048062508272789906,3,qUCB,0.22,0.42,0.28,0.0,0.0,0.0,0.0,0.0,0.0,0.0,0.0,0.04,0.0,0.04,0.0
41,5,1,4,False,0.4495480632858343,0.048062508272789906,4,qUCB,0.36,0.3,0.24,0.0,0.0,0.0,0.0,0.0,0.0,0.0,0.0,0.04,0.0,0.04,0.02
41,6,0,5,False,0.5838255896251624,0.025370225374972577,0,qUCB,0.5,0.38,0.04,0.0,0.02,0.0,0.0,0.0,0.02,0.0,0.0,0.04,0.0,0.0,0.0
41,6,0,5,False,0.5838255896251624,0.025370225374972577,1,qUCB,0.0,0.34,0.64,0.0,0.0,0.0,0.0,0.0,0.0,0.0,0.0,0.0,0.0,0.02,0.0
41,6,0,5,False,0.5838255896251624,0.025370225374972577,2,qUCB,0.26,0.6,0.04,0.04,0.0,0.0,0.0,0.0,0.0,0.0,0.0,0.04,0.0,0.02,0.0
41,6,0,5,False,0.5838255896251624,0.025370225374972577,3,qUCB,0.38,0.28,0.24,0.04,0.0,0.0,0.0,0.0,0.0,0.0,0.0,0.04,0.0,0.0,0.02
41,6,0,5,False,0.5838255896251624,0.025370225374972577,4,qUCB,0.42,0.5,0.0,0.02,0.0,0.0,0.0,0.0,0.0,0.0,0.0,0.04,0.0,0.02,0.0
42,1,5,0,False,0.9046125181354079,0.15879117863607561,0,qEHVI,0.42,0.12,0.38,0.0,0.04,0.0,0.0,0.0,0.0,0.0,0.0,0.04,0.0,0.0,0.0
42,1,5,0,False,0.9046125181354079,0.15879117863607561,1,qEHVI,0.32,0.0,0.62,0.0,0.04,0.0,0.0,0.0,0.0,0.0,0.0,0.0,0.0,0.02,0.0
42,1,5,0,False,0.9046125181354079,0.15879117863607561,2,qEHVI,0.0,0.8200000000000001,0.18,0.0,0.0,0.0,0.0,0.0,0.0,0.0,0.0,0.0,0.0,0.0,0.0
42,1,5,0,False,0.9046125181354079,0.15879117863607561,3,qEHVI,0.56,0.34,0.04,0.0,0.02,0.0,0.0,0.0,0.0,0.0,0.0,0.04,0.0,0.0,0.0
42,1,5,0,False,0.9046125181354079,0.15879117863607561,4,qEHVI,0.42,0.2,0.3,0.04,0.0,0.0,0.0,0.0,0.0,0.0,0.0,0.04,0.0,0.0,0.0
42,2,4,1,True,0.8389936322209952,0.08646716522600695,0,qEHVI,0.0,0.8200000000000001,0.18,0.0,0.0,0.0,0.0,0.0,0.0,0.0,0.0,0.0,0.0,0.0,0.0
42,2,4,1,True,0.8389936322209952,0.08646716522600695,1,qEHVI,0.42,0.12,0.38,0.0,0.04,0.0,0.0,0.0,0.0,0.0,0.0,0.04,0.0,0.0,0.0
42,2,4,1,True,0.8389936322209952,0.08646716522600695,2,qEHVI,0.32,0.0,0.62,0.0,0.04,0.0,0.0,0.0,0.0,0.0,0.0,0.0,0.0,0.02,0.0
42,2,4,1,True,0.8389936322209952,0.08646716522600695,3,qEHVI,0.56,0.34,0.04,0.0,0.02,0.0,0.0,0.0,0.0,0.0,0.0,0.04,0.0,0.0,0.0
42,2,4,1,True,0.8389936322209952,0.08646716522600695,4,qUCB,0.48,0.04,0.38,0.04,0.0,0.0,0.0,0.0,0.02,0.0,0.0,0.0,0.0,0.0,0.04
42,3,3,2,False,0.7207802270953537,0.0766868934164906,0,qEHVI,0.42,0.12,0.38,0.0,0.04,0.0,0.0,0.0,0.0,0.0,0.0,0.04,0.0,0.0,0.0
42,3,3,2,False,0.7207802270953537,0.0766868934164906,1,qEHVI,0.32,0.0,0.62,0.0,0.04,0.0,0.0,0.0,0.0,0.0,0.0,0.0,0.0,0.02,0.0
42,3,3,2,False,0.7207802270953537,0.0766868934164906,2,qEHVI,0.0,0.8200000000000001,0.18,0.0,0.0,0.0,0.0,0.0,0.0,0.0,0.0,0.0,0.0,0.0,0.0
42,3,3,2,False,0.7207802270953537,0.0766868934164906,3,qUCB,0.7000000000000001,0.08,0.12,0.02,0.0,0.0,0.0,0.0,0.04,0.0,0.0,0.0,0.0,0.0,0.04
42,3,3,2,False,0.7207802270953537,0.0766868934164906,4,qUCB,0.36,0.34,0.2,0.04,0.0,0.0,0.0,0.0,0.02,0.0,0.0,0.04,0.0,0.0,0.0
42,4,2,3,False,0.7038109227528447,0.0320545331881954,0,qEHVI,0.42,0.12,0.38,0.0,0.04,0.0,0.0,0.0,0.0,0.0,0.0,0.04,0.0,0.0,0.0
42,4,2,3,False,0.7038109227528447,0.0320545331881954,1,qEHVI,0.32,0.0,0.62,0.0,0.04,0.0,0.0,0.0,0.0,0.0,0.0,0.0,0.0,0.02,0.0
42,4,2,3,False,0.7038109227528447,0.0320545331881954,2,qUCB,0.32,0.58,0.02,0.04,0.0,0.0,0.0,0.0,0.04,0.0,0.0,0.0,0.0,0.0,0.0
42,4,2,3,False,0.7038109227528447,0.0320545331881954,3,qUCB,0.0,0.9,0.0,0.04,0.0,0.0,0.0,0.0,0.02,0.0,0.0,0.0,0.0,0.02,0.02
42,4,2,3,False,0.7038109227528447,0.0320545331881954,4,qUCB,0.0,0.8200000000000001,0.18,0.0,0.0,0.0,0.0,0.0,0.0,0.0,0.0,0.0,0.0,0.0,0.0
42,5,1,4,False,0.46022171391328076,0.2689407036062068,0,qEHVI,0.42,0.12,0.38,0.0,0.04,0.0,0.0,0.0,0.0,0.0,0.0,0.04,0.0,0.0,0.0
42,5,1,4,False,0.46022171391328076,0.2689407036062068,1,qUCB,0.28,0.58,0.04,0.04,0.0,0.0,0.0,0.0,0.04,0.0,0.0,0.0,0.0,0.02,0.0
42,5,1,4,False,0.46022171391328076,0.2689407036062068,2,qUCB,0.0,0.9,0.0,0.04,0.0,0.0,0.0,0.0,0.02,0.0,0.0,0.0,0.0,0.02,0.02
42,5,1,4,False,0.46022171391328076,0.2689407036062068,3,qUCB,0.0,0.8200000000000001,0.18,0.0,0.0,0.0,0.0,0.0,0.0,0.0,0.0,0.0,0.0,0.0,0.0
42,5,1,4,False,0.46022171391328076,0.2689407036062068,4,qUCB,0.02,0.36,0.52,0.04,0.0,0.0,0.0,0.0,0.0,0.0,0.0,0.0,0.0,0.02,0.04
42,6,0,5,False,0.48475756630675554,0.1706327347947223,0,qUCB,0.36,0.32,0.22,0.04,0.0,0.0,0.0,0.0,0.0,0.0,0.0,0.04,0.0,0.02,0.0
42,6,0,5,False,0.48475756630675554,0.1706327347947223,1,qUCB,0.0,0.8200000000000001,0.18,0.0,0.0,0.0,0.0,0.0,0.0,0.0,0.0,0.0,0.0,0.0,0.0
42,6,0,5,False,0.48475756630675554,0.1706327347947223,2,qUCB,0.0,0.9,0.0,0.04,0.0,0.0,0.0,0.0,0.02,0.0,0.0,0.0,0.0,0.02,0.02
42,6,0,5,False,0.48475756630675554,0.1706327347947223,3,qUCB,0.0,0.38,0.54,0.04,0.04,0.0,0.0,0.0,0.0,0.0,0.0,0.0,0.0,0.0,0.0
42,6,0,5,False,0.48475756630675554,0.1706327347947223,4,qUCB,0.0,0.4,0.52,0.04,0.0,0.0,0.0,0.0,0.02,0.0,0.0,0.02,0.0,0.0,0.0
43,1,5,0,False,0.7669202017514902,0.026701198877587373,0,qEHVI,0.42,0.18,0.32,0.02,0.0,0.0,0.0,0.0,0.04,0.0,0.0,0.0,0.0,0.02,0.0
43,1,5,0,False,0.7669202017514902,0.026701198877587373,1,qEHVI,0.0,0.54,0.46,0.0,0.0,0.0,0.0,0.0,0.0,0.0,0.0,0.0,0.0,0.0,0.0
43,1,5,0,False,0.7669202017514902,0.026701198877587373,2,qEHVI,0.18,0.0,0.74,0.02,0.04,0.0,0.0,0.0,0.02,0.0,0.0,0.0,0.0,0.0,0.0
43,1,5,0,False,0.7669202017514902,0.026701198877587373,3,qEHVI,0.62,0.0,0.36,0.02,0.0,0.0,0.0,0.0,0.0,0.0,0.0,0.0,0.0,0.0,0.0
43,1,5,0,False,0.7669202017514902,0.026701198877587373,4,qEHVI,0.42,0.18,0.38,0.0,0.0,0.0,0.0,0.0,0.0,0.0,0.0,0.02,0.0,0.0,0.0
43,2,4,1,False,0.7125027026316295,0.02168470264146105,0,qEHVI,0.0,0.54,0.46,0.0,0.0,0.0,0.0,0.0,0.0,0.0,0.0,0.0,0.0,0.0,0.0
43,2,4,1,False,0.7125027026316295,0.02168470264146105,1,qEHVI,0.18,0.0,0.74,0.02,0.04,0.0,0.0,0.0,0.02,0.0,0.0,0.0,0.0,0.0,0.0
43,2,4,1,False,0.7125027026316295,0.02168470264146105,2,qEHVI,0.42,0.18,0.32,0.02,0.0,0.0,0.0,0.0,0.04,0.0,0.0,0.0,0.0,0.02,0.0
43,2,4,1,False,0.7125027026316295,0.02168470264146105,3,qEHVI,0.62,0.0,0.36,0.02,0.0,0.0,0.0,0.0,0.0,0.0,0.0,0.0,0.0,0.0,0.0
43,2,4,1,False,0.7125027026316295,0.02168470264146105,4,qUCB,0.46,0.4,0.04,0.0,0.04,0.0,0.0,0.0,0.0,0.0,0.0,0.04,0.0,0.0,0.02
43,3,3,2,True,0.6847351084451214,0.20317080183173425,0,qEHVI,0.0,0.54,0.46,0.0,0.0,0.0,0.0,0.0,0.0,0.0,0.0,0.0,0.0,0.0,0.0
43,3,3,2,True,0.6847351084451214,0.20317080183173425,1,qEHVI,0.44,0.2,0.32,0.02,0.0,0.0,0.0,0.0,0.0,0.0,0.0,0.0,0.0,0.0,0.02
43,3,3,2,True,0.6847351084451214,0.20317080183173425,2,qEHVI,0.18,0.0,0.74,0.02,0.04,0.0,0.0,0.0,0.02,0.0,0.0,0.0,0.0,0.0,0.0
43,3,3,2,True,0.6847351084451214,0.20317080183173425,3,qUCB,0.48,0.4,0.04,0.0,0.0,0.0,0.0,0.0,0.0,0.0,0.0,0.04,0.0,0.04,0.0
43,3,3,2,True,0.6847351084451214,0.20317080183173425,4,qUCB,0.0,0.92,0.0,0.04,0.0,0.0,0.0,0.0,0.02,0.0,0.0,0.0,0.0,0.02,0.0
43,4,2,3,False,0.45443388606778395,0.07050664491530512,0,qEHVI,0.0,0.54,0.46,0.0,0.0,0.0,0.0,0.0,0.0,0.0,0.0,0.0,0.0,0.0,0.0
43,4,2,3,False,0.45443388606778395,0.07050664491530512,1,qEHVI,0.42,0.18,0.32,0.02,0.0,0.0,0.0,0.0,0.04,0.0,0.0,0.0,0.0,0.02,0.0
43,4,2,3,False,0.45443388606778395,0.07050664491530512,2,qUCB,0.72,0.0,0.18,0.02,0.04,0.0,0.0,0.0,0.0,0.0,0.0,0.04,0.0,0.0,0.0
43,4,2,3,False,0.45443388606778395,0.07050664491530512,3,qUCB,0.0,0.92,0.0,0.04,0.0,0.0,0.0,0.0,0.02,0.0,0.0,0.0,0.0,0.02,0.0
43,4,2,3,False,0.45443388606778395,0.07050664491530512,4,qUCB,0.38,0.36,0.18,0.04,0.0,0.0,0.0,0.0,0.0,0.0,0.0,0.04,0.0,0.0,0.0
43,5,1,4,False,0.39892490138704995,0.022763933204801745,0,qEHVI,0.0,0.54,0.46,0.0,0.0,0.0,0.0,0.0,0.0,0.0,0.0,0.0,0.0,0.0,0.0
43,5,1,4,False,0.39892490138704995,0.022763933204801745,1,qUCB,0.72,0.0,0.18,0.02,0.04,0.0,0.0,0.0,0.0,0.0,0.0,0.04,0.0,0.0,0.0
43,5,1,4,False,0.39892490138704995,0.022763933204801745,2,qUCB,0.0,0.92,0.0,0.04,0.0,0.0,0.0,0.0,0.02,0.0,0.0,0.0,0.0,0.02,0.0
43,5,1,4,False,0.39892490138704995,0.022763933204801745,3,qUCB,0.36,0.36,0.18,0.04,0.0,0.0,0.0,0.0,0.0,0.0,0.0,0.04,0.0,0.02,0.0
43,5,1,4,False,0.39892490138704995,0.022763933204801745,4,qUCB,0.3,0.54,0.06,0.04,0.0,0.0,0.0,0.0,0.02,0.0,0.0,0.04,0.0,0.0,0.0
43,6,0,5,False,0.27655384010109957,0.1558023314003325,0,qUCB,0.3,0.54,0.06,0.04,0.0,0.0,0.0,0.0,0.02,0.0,0.0,0.04,0.0,0.0,0.0
43,6,0,5,False,0.27655384010109957,0.1558023314003325,1,qUCB,0.0,0.92,0.0,0.04,0.0,0.0,0.0,0.0,0.02,0.0,0.0,0.0,0.0,0.02,0.0
43,6,0,5,False,0.27655384010109957,0.1558023314003325,2,qUCB,0.36,0.36,0.18,0.04,0.0,0.0,0.0,0.0,0.0,0.0,0.0,0.04,0.0,0.02,0.0
43,6,0,5,False,0.27655384010109957,0.1558023314003325,3,qUCB,0.0,0.38,0.52,0.04,0.02,0.0,0.0,0.0,0.0,0.0,0.0,0.02,0.0,0.0,0.02
43,6,0,5,False,0.27655384010109957,0.1558023314003325,4,qUCB,0.38,0.4,0.2,0.0,0.0,0.0,0.0,0.0,0.0,0.0,0.0,0.0,0.0,0.0,0.02
44,1,5,0,False,0.7966264621253321,0.07858608850358184,0,qEHVI,0.44,0.14,0.38,0.04,0.0,0.0,0.0,0.0,0.0,0.0,0.0,0.0,0.0,0.0,0.0
44,1,5,0,False,0.7966264621253321,0.07858608850358184,1,qEHVI,0.16,0.0,0.74,0.02,0.02,0.0,0.0,0.0,0.0,0.0,0.0,0.0,0.0,0.04,0.02
44,1,5,0,False,0.7966264621253321,0.07858608850358184,2,qEHVI,0.44,0.02,0.44,0.02,0.04,0.0,0.0,0.0,0.0,0.0,0.0,0.02,0.0,0.0,0.02
44,1,5,0,False,0.7966264621253321,0.07858608850358184,3,qEHVI,0.56,0.32,0.04,0.0,0.0,0.0,0.0,0.0,0.0,0.0,0.0,0.04,0.0,0.02,0.02
44,1,5,0,False,0.7966264621253321,0.07858608850358184,4,qEHVI,0.42,0.04,0.5,0.04,0.0,0.0,0.0,0.0,0.0,0.0,0.0,0.0,0.0,0.0,0.0
44,2,4,1,True,0.6884357010331082,0.07405389337936796,0,qEHVI,0.44,0.14,0.38,0.04,0.0,0.0,0.0,0.0,0.0,0.0,0.0,0.0,0.0,0.0,0.0
44,2,4,1,True,0.6884357010331082,0.07405389337936796,1,qEHVI,0.16,0.0,0.74,0.02,0.02,0.0,0.0,0.0,0.0,0.0,0.0,0.0,0.0,0.04,0.02
44,2,4,1,True,0.6884357010331082,0.07405389337936796,2,qEHVI,0.44,0.02,0.44,0.02,0.04,0.0,0.0,0.0,0.0,0.0,0.0,0.02,0.0,0.0,0.02
44,2,4,1,True,0.6884357010331082,0.07405389337936796,3,qEHVI,0.56,0.32,0.04,0.0,0.0,0.0,0.0,0.0,0.0,0.0,0.0,0.04,0.0,0.02,0.02
44,2,4,1,True,0.6884357010331082,0.07405389337936796,4,qUCB,0.48,0.2,0.22,0.02,0.0,0.0,0.0,0.0,0.04,0.0,0.0,0.0,0.0,0.0,0.04
44,3,3,2,False,0.6153224553680551,0.016545480022971404,0,qEHVI,0.44,0.14,0.38,0.04,0.0,0.0,0.0,0.0,0.0,0.0,0.0,0.0,0.0,0.0,0.0
44,3,3,2,False,0.6153224553680551,0.016545480022971404,1,qEHVI,0.16,0.0,0.74,0.02,0.02,0.0,0.0,0.0,0.0,0.0,0.0,0.0,0.0,0.04,0.02
44,3,3,2,False,0.6153224553680551,0.016545480022971404,2,qEHVI,0.44,0.02,0.44,0.02,0.04,0.0,0.0,0.0,0.0,0.0,0.0,0.02,0.0,0.0,0.02
44,3,3,2,False,0.6153224553680551,0.016545480022971404,3,qUCB,0.48,0.4,0.02,0.0,0.0,0.0,0.0,0.0,0.04,0.0,0.0,0.04,0.0,0.02,0.0
44,3,3,2,False,0.6153224553680551,0.016545480022971404,4,qUCB,0.06,0.62,0.22,0.0,0.0,0.0,0.0,0.0,0.04,0.0,0.0,0.04,0.0,0.02,0.0
44,4,2,3,False,0.6021462282607869,0.035776816712214554,0,qEHVI,0.44,0.14,0.38,0.04,0.0,0.0,0.0,0.0,0.0,0.0,0.0,0.0,0.0,0.0,0.0
44,4,2,3,False,0.6021462282607869,0.035776816712214554,1,qEHVI,0.16,0.0,0.74,0.02,0.02,0.0,0.0,0.0,0.0,0.0,0.0,0.0,0.0,0.04,0.02
44,4,2,3,False,0.6021462282607869,0.035776816712214554,2,qUCB,0.4,0.5,0.0,0.0,0.04,0.0,0.0,0.0,0.0,0.0,0.0,0.04,0.0,0.0,0.02
44,4,2,3,False,0.6021462282607869,0.035776816712214554,3,qUCB,0.38,0.36,0.18,0.0,0.0,0.0,0.0,0.0,0.0,0.0,0.0,0.04,0.0,0.0,0.04
44,4,2,3,False,0.6021462282607869,0.035776816712214554,4,qUCB,0.24,0.6,0.06,0.02,0.04,0.0,0.0,0.0,0.0,0.0,0.0,0.04,0.0,0.0,0.0
44,5,1,4,False,0.35116352780077836,0.07784989116545948,0,qEHVI,0.44,0.14,0.38,0.04,0.0,0.0,0.0,0.0,0.0,0.0,0.0,0.0,0.0,0.0,0.0
44,5,1,4,False,0.35116352780077836,0.07784989116545948,1,qUCB,0.4,0.5,0.0,0.0,0.04,0.0,0.0,0.0,0.0,0.0,0.0,0.04,0.0,0.0,0.02
44,5,1,4,False,0.35116352780077836,0.07784989116545948,2,qUCB,0.4,0.32,0.18,0.0,0.0,0.0,0.0,0.0,0.0,0.0,0.0,0.04,0.0,0.04,0.02
44,5,1,4,False,0.35116352780077836,0.07784989116545948,3,qUCB,0.14,0.5,0.26,0.0,0.0,0.0,0.0,0.0,0.0,0.0,0.0,0.04,0.0,0.04,0.02
44,5,1,4,False,0.35116352780077836,0.07784989116545948,4,qUCB,0.24,0.6,0.06,0.02,0.04,0.0,0.0,0.0,0.0,0.0,0.0,0.04,0.0,0.0,0.0
44,6,0,5,False,0.34319366162012627,0.004607626303965162,0,qUCB,0.4,0.3,0.2,0.02,0.0,0.0,0.0,0.0,0.0,0.0,0.0,0.04,0.0,0.02,0.02
44,6,0,5,False,0.34319366162012627,0.004607626303965162,1,qUCB,0.0,0.42,0.52,0.04,0.0,0.0,0.0,0.0,0.0,0.0,0.0,0.02,0.0,0.0,0.0
44,6,0,5,False,0.34319366162012627,0.004607626303965162,2,qUCB,0.62,0.16,0.14,0.02,0.0,0.0,0.0,0.0,0.0,0.0,0.0,0.04,0.0,0.02,0.0
44,6,0,5,False,0.34319366162012627,0.004607626303965162,3,qUCB,0.34,0.58,0.02,0.02,0.0,0.0,0.0,0.0,0.0,0.0,0.0,0.04,0.0,0.0,0.0
44,6,0,5,False,0.34319366162012627,0.004607626303965162,4,qUCB,0.34,0.42,0.24,0.0,0.0,0.0,0.0,0.0,0.0,0.0,0.0,0.0,0.0,0.0,0.0
45,1,5,0,True,0.8856676427914821,0.16807630700464316,0,qEHVI,0.38,0.2,0.32,0.02,0.04,0.0,0.0,0.0,0.0,0.0,0.0,0.04,0.0,0.0,0.0
45,1,5,0,True,0.8856676427914821,0.16807630700464316,1,qEHVI,0.48,0.42,0.0,0.02,0.04,0.0,0.0,0.0,0.0,0.0,0.0,0.04,0.0,0.0,0.0
45,1,5,0,True,0.8856676427914821,0.16807630700464316,2,qEHVI,0.42,0.2,0.3,0.02,0.04,0.0,0.0,0.0,0.0,0.0,0.0,0.02,0.0,0.0,0.0
45,1,5,0,True,0.8856676427914821,0.16807630700464316,3,qEHVI,0.46,0.02,0.48,0.02,0.0,0.0,0.0,0.0,0.02,0.0,0.0,0.0,0.0,0.0,0.0
45,1,5,0,True,0.8856676427914821,0.16807630700464316,4,qEHVI,0.02,0.18,0.7000000000000001,0.04,0.02,0.0,0.0,0.0,0.0,0.0,0.0,0.04,0.0,0.0,0.0
45,2,4,1,False,0.8321059971792037,0.0231854011648025,0,qEHVI,0.38,0.2,0.32,0.02,0.04,0.0,0.0,0.0,0.0,0.0,0.0,0.04,0.0,0.0,0.0
45,2,4,1,False,0.8321059971792037,0.0231854011648025,1,qEHVI,0.48,0.42,0.0,0.02,0.04,0.0,0.0,0.0,0.0,0.0,0.0,0.04,0.0,0.0,0.0
45,2,4,1,False,0.8321059971792037,0.0231854011648025,2,qEHVI,0.42,0.2,0.3,0.02,0.04,0.0,0.0,0.0,0.0,0.0,0.0,0.02,0.0,0.0,0.0
45,2,4,1,False,0.8321059971792037,0.0231854011648025,3,qEHVI,0.46,0.02,0.48,0.02,0.0,0.0,0.0,0.0,0.02,0.0,0.0,0.0,0.0,0.0,0.0
45,2,4,1,False,0.8321059971792037,0.0231854011648025,4,qUCB,0.5,0.34,0.06,0.0,0.0,0.0,0.0,0.0,0.0,0.0,0.0,0.04,0.0,0.04,0.02
45,3,3,2,False,0.7128313346862789,0.1603632651936513,0,qEHVI,0.38,0.2,0.32,0.02,0.04,0.0,0.0,0.0,0.0,0.0,0.0,0.04,0.0,0.0,0.0
45,3,3,2,False,0.7128313346862789,0.1603632651936513,1,qEHVI,0.48,0.42,0.0,0.02,0.04,0.0,0.0,0.0,0.0,0.0,0.0,0.04,0.0,0.0,0.0
45,3,3,2,False,0.7128313346862789,0.1603632651936513,2,qEHVI,0.42,0.2,0.3,0.02,0.04,0.0,0.0,0.0,0.0,0.0,0.0,0.02,0.0,0.0,0.0
45,3,3,2,False,0.7128313346862789,0.1603632651936513,3,qUCB,0.46,0.08,0.36,0.0,0.0,0.0,0.0,0.0,0.04,0.0,0.0,0.0,0.0,0.04,0.02
45,3,3,2,False,0.7128313346862789,0.1603632651936513,4,qUCB,0.26,0.64,0.0,0.04,0.0,0.0,0.0,0.0,0.04,0.0,0.0,0.0,0.0,0.02,0.0
45,4,2,3,False,0.529744078211212,0.21910979401145492,0,qEHVI,0.38,0.2,0.32,0.02,0.04,0.0,0.0,0.0,0.0,0.0,0.0,0.04,0.0,0.0,0.0
45,4,2,3,False,0.529744078211212,0.21910979401145492,1,qEHVI,0.48,0.42,0.0,0.02,0.04,0.0,0.0,0.0,0.0,0.0,0.0,0.04,0.0,0.0,0.0
45,4,2,3,False,0.529744078211212,0.21910979401145492,2,qUCB,0.46,0.08,0.36,0.0,0.0,0.0,0.0,0.0,0.04,0.0,0.0,0.0,0.0,0.04,0.02
45,4,2,3,False,0.529744078211212,0.21910979401145492,3,qUCB,0.8200000000000001,0.04,0.06,0.0,0.0,0.0,0.0,0.0,0.04,0.0,0.0,0.0,0.0,0.0,0.04
45,4,2,3,False,0.529744078211212,0.21910979401145492,4,qUCB,0.54,0.26,0.1,0.0,0.0,0.0,0.0,0.0,0.02,0.0,0.0,0.0,0.0,0.04,0.04
45,5,1,4,False,0.3856558846890521,0.08802941752603011,0,qEHVI,0.38,0.2,0.32,0.02,0.04,0.0,0.0,0.0,0.0,0.0,0.0,0.04,0.0,0.0,0.0
45,5,1,4,False,0.3856558846890521,0.08802941752603011,1,qUCB,0.46,0.08,0.36,0.0,0.0,0.0,0.0,0.0,0.04,0.0,0.0,0.0,0.0,0.04,0.02
45,5,1,4,False,0.3856558846890521,0.08802941752603011,2,qUCB,0.26,0.64,0.0,0.04,0.0,0.0,0.0,0.0,0.04,0.0,0.0,0.0,0.0,0.02,0.0
45,5,1,4,False,0.3856558846890521,0.08802941752603011,3,qUCB,0.8200000000000001,0.04,0.06,0.0,0.0,0.0,0.0,0.0,0.04,0.0,0.0,0.0,0.0,0.0,0.04
45,5,1,4,False,0.3856558846890521,0.08802941752603011,4,qUCB,0.54,0.26,0.1,0.0,0.0,0.0,0.0,0.0,0.02,0.0,0.0,0.0,0.0,0.04,0.04
45,6,0,5,False,0.520086822140863,0.055531514142631355,0,qUCB,0.44,0.42,0.04,0.0,0.04,0.0,0.0,0.0,0.0,0.0,0.0,0.04,0.0,0.0,0.02
45,6,0,5,False,0.520086822140863,0.055531514142631355,1,qUCB,0.36,0.32,0.22,0.02,0.04,0.0,0.0,0.0,0.0,0.0,0.0,0.04,0.0,0.0,0.0
45,6,0,5,False,0.520086822140863,0.055531514142631355,2,qUCB,0.74,0.02,0.2,0.02,0.0,0.0,0.0,0.0,0.0,0.0,0.0,0.02,0.0,0.0,0.0
45,6,0,5,False,0.520086822140863,0.055531514142631355,3,qUCB,0.3,0.6,0.02,0.04,0.0,0.0,0.0,0.0,0.0,0.0,0.0,0.04,0.0,0.0,0.0
45,6,0,5,False,0.520086822140863,0.055531514142631355,4,qUCB,0.32,0.42,0.16,0.04,0.04,0.0,0.0,0.0,0.02,0.0,0.0,0.0,0.0,0.0,0.0
46,1,5,0,False,0.7983031221453246,0.011971982651498791,0,qEHVI,0.4,0.2,0.3,0.02,0.02,0.0,0.0,0.0,0.02,0.0,0.0,0.04,0.0,0.0,0.0
46,1,5,0,False,0.7983031221453246,0.011971982651498791,1,qEHVI,0.38,0.12,0.4,0.02,0.04,0.0,0.0,0.0,0.0,0.0,0.0,0.04,0.0,0.0,0.0
46,1,5,0,False,0.7983031221453246,0.011971982651498791,2,qEHVI,0.36,0.4,0.16,0.02,0.02,0.0,0.0,0.0,0.0,0.0,0.0,0.04,0.0,0.0,0.0
46,1,5,0,False,0.7983031221453246,0.011971982651498791,3,qEHVI,0.58,0.02,0.36,0.02,0.0,0.0,0.0,0.0,0.0,0.0,0.0,0.02,0.0,0.0,0.0
46,1,5,0,False,0.7983031221453246,0.011971982651498791,4,qEHVI,0.42,0.12,0.36,0.02,0.0,0.0,0.0,0.0,0.0,0.0,0.0,0.04,0.0,0.0,0.04
46,2,4,1,False,0.709776049025134,0.005857212683707758,0,qEHVI,0.4,0.2,0.3,0.02,0.02,0.0,0.0,0.0,0.02,0.0,0.0,0.04,0.0,0.0,0.0
46,2,4,1,False,0.709776049025134,0.005857212683707758,1,qEHVI,0.42,0.12,0.4,0.02,0.0,0.0,0.0,0.0,0.0,0.0,0.0,0.04,0.0,0.0,0.0
46,2,4,1,False,0.709776049025134,0.005857212683707758,2,qEHVI,0.36,0.4,0.16,0.02,0.02,0.0,0.0,0.0,0.0,0.0,0.0,0.04,0.0,0.0,0.0
46,2,4,1,False,0.709776049025134,0.005857212683707758,3,qEHVI,0.58,0.02,0.36,0.02,0.0,0.0,0.0,0.0,0.0,0.0,0.0,0.02,0.0,0.0,0.0
46,2,4,1,False,0.709776049025134,0.005857212683707758,4,qUCB,0.48,0.02,0.4,0.0,0.02,0.0,0.0,0.0,0.0,0.0,0.0,0.0,0.0,0.04,0.04
46,3,3,2,True,0.6003536187375369,0.1935487388872419,0,qEHVI,0.4,0.2,0.3,0.02,0.02,0.0,0.0,0.0,0.02,0.0,0.0,0.04,0.0,0.0,0.0
46,3,3,2,True,0.6003536187375369,0.1935487388872419,1,qEHVI,0.42,0.12,0.4,0.02,0.0,0.0,0.0,0.0,0.0,0.0,0.0,0.04,0.0,0.0,0.0
46,3,3,2,True,0.6003536187375369,0.1935487388872419,2,qEHVI,0.36,0.4,0.16,0.02,0.02,0.0,0.0,0.0,0.0,0.0,0.0,0.04,0.0,0.0,0.0
46,3,3,2,True,0.6003536187375369,0.1935487388872419,3,qUCB,0.48,0.02,0.4,0.0,0.02,0.0,0.0,0.0,0.0,0.0,0.0,0.0,0.0,0.04,0.04
46,3,3,2,True,0.6003536187375369,0.1935487388872419,4,qUCB,0.84,0.0,0.08,0.0,0.0,0.0,0.0,0.0,0.02,0.0,0.0,0.0,0.0,0.02,0.04
46,4,2,3,False,0.4921275559251482,0.03677737476193377,0,qEHVI,0.4,0.2,0.3,0.02,0.02,0.0,0.0,0.0,0.02,0.0,0.0,0.04,0.0,0.0,0.0
46,4,2,3,False,0.4921275559251482,0.03677737476193377,1,qEHVI,0.38,0.12,0.4,0.02,0.04,0.0,0.0,0.0,0.0,0.0,0.0,0.04,0.0,0.0,0.0
46,4,2,3,False,0.4921275559251482,0.03677737476193377,2,qUCB,0.42,0.08,0.42,0.0,0.0,0.0,0.0,0.0,0.0,0.0,0.0,0.0,0.0,0.04,0.04
46,4,2,3,False,0.4921275559251482,0.03677737476193377,3,qUCB,0.2,0.72,0.0,0.04,0.0,0.0,0.0,0.0,0.0,0.0,0.0,0.0,0.0,0.0,0.04
46,4,2,3,False,0.4921275559251482,0.03677737476193377,4,qUCB,0.0,0.42,0.5,0.04,0.0,0.0,0.0,0.0,0.0,0.0,0.0,0.0,0.0,0.0,0.04
46,5,1,4,False,0.3492078256159521,0.008264599726442334,0,qEHVI,0.4,0.2,0.3,0.02,0.02,0.0,0.0,0.0,0.02,0.0,0.0,0.04,0.0,0.0,0.0
46,5,1,4,False,0.3492078256159521,0.008264599726442334,1,qUCB,0.42,0.08,0.42,0.0,0.0,0.0,0.0,0.0,0.0,0.0,0.0,0.0,0.0,0.04,0.04
46,5,1,4,False,0.3492078256159521,0.008264599726442334,2,qUCB,0.2,0.72,0.0,0.04,0.0,0.0,0.0,0.0,0.0,0.0,0.0,0.0,0.0,0.0,0.04
46,5,1,4,False,0.3492078256159521,0.008264599726442334,3,qUCB,0.0,0.42,0.5,0.04,0.0,0.0,0.0,0.0,0.0,0.0,0.0,0.0,0.0,0.0,0.04
46,5,1,4,False,0.3492078256159521,0.008264599726442334,4,qUCB,0.74,0.02,0.16,0.04,0.0,0.0,0.0,0.0,0.0,0.0,0.0,0.0,0.0,0.0,0.04
46,6,0,5,False,0.24680562366872058,0.11175549136451224,0,qUCB,0.42,0.5,0.0,0.0,0.02,0.0,0.0,0.0,0.0,0.0,0.0,0.04,0.0,0.0,0.02
46,6,0,5,False,0.24680562366872058,0.11175549136451224,1,qUCB,0.24,0.62,0.04,0.04,0.0,0.0,0.0,0.0,0.0,0.0,0.0,0.04,0.0,0.0,0.02
46,6,0,5,False,0.24680562366872058,0.11175549136451224,2,qUCB,0.74,0.0,0.2,0.04,0.0,0.0,0.0,0.0,0.02,0.0,0.0,0.0,0.0,0.0,0.0
46,6,0,5,False,0.24680562366872058,0.11175549136451224,3,qUCB,0.38,0.36,0.16,0.04,0.02,0.0,0.0,0.0,0.0,0.0,0.0,0.04,0.0,0.0,0.0
46,6,0,5,False,0.24680562366872058,0.11175549136451224,4,qUCB,0.0,0.36,0.54,0.04,0.0,0.0,0.0,0.0,0.0,0.0,0.0,0.04,0.0,0.02,0.0
47,1,5,0,False,0.826131463616658,0.07574751282862202,0,qEHVI,0.44,0.16,0.3,0.02,0.04,0.0,0.0,0.0,0.0,0.0,0.0,0.04,0.0,0.0,0.0
47,1,5,0,False,0.826131463616658,0.07574751282862202,1,qEHVI,0.4,0.16,0.4,0.02,0.0,0.0,0.0,0.0,0.0,0.0,0.0,0.0,0.0,0.02,0.0
47,1,5,0,False,0.826131463616658,0.07574751282862202,2,qEHVI,0.58,0.32,0.04,0.0,0.0,0.0,0.0,0.0,0.0,0.0,0.0,0.04,0.0,0.0,0.02
47,1,5,0,False,0.826131463616658,0.07574751282862202,3,qEHVI,0.52,0.02,0.36,0.02,0.02,0.0,0.0,0.0,0.0,0.0,0.0,0.02,0.0,0.0,0.04
47,1,5,0,False,0.826131463616658,0.07574751282862202,4,qEHVI,0.4,0.4,0.1,0.02,0.04,0.0,0.0,0.0,0.0,0.0,0.0,0.04,0.0,0.0,0.0
47,2,4,1,True,0.7111824073912227,0.03779862228466335,0,qEHVI,0.44,0.16,0.3,0.02,0.04,0.0,0.0,0.0,0.0,0.0,0.0,0.04,0.0,0.0,0.0
47,2,4,1,True,0.7111824073912227,0.03779862228466335,1,qEHVI,0.4,0.16,0.4,0.02,0.0,0.0,0.0,0.0,0.0,0.0,0.0,0.0,0.0,0.02,0.0
47,2,4,1,True,0.7111824073912227,0.03779862228466335,2,qEHVI,0.58,0.32,0.04,0.0,0.0,0.0,0.0,0.0,0.0,0.0,0.0,0.04,0.0,0.0,0.02
47,2,4,1,True,0.7111824073912227,0.03779862228466335,3,qEHVI,0.4,0.4,0.1,0.02,0.04,0.0,0.0,0.0,0.0,0.0,0.0,0.04,0.0,0.0,0.0
47,2,4,1,True,0.7111824073912227,0.03779862228466335,4,qUCB,0.48,0.0,0.42,0.0,0.02,0.0,0.0,0.0,0.04,0.0,0.0,0.0,0.0,0.0,0.04
47,3,3,2,False,0.6519251088018055,0.02290950629333466,0,qEHVI,0.44,0.16,0.3,0.02,0.04,0.0,0.0,0.0,0.0,0.0,0.0,0.04,0.0,0.0,0.0
47,3,3,2,False,0.6519251088018055,0.02290950629333466,1,qEHVI,0.4,0.16,0.4,0.02,0.0,0.0,0.0,0.0,0.0,0.0,0.0,0.0,0.0,0.02,0.0
47,3,3,2,False,0.6519251088018055,0.02290950629333466,2,qEHVI,0.58,0.32,0.04,0.0,0.0,0.0,0.0,0.0,0.0,0.0,0.0,0.04,0.0,0.0,0.02
47,3,3,2,False,0.6519251088018055,0.02290950629333466,3,qUCB,0.48,0.0,0.42,0.0,0.02,0.0,0.0,0.0,0.04,0.0,0.0,0.0,0.0,0.0,0.04
47,3,3,2,False,0.6519251088018055,0.02290950629333466,4,qUCB,0.28,0.58,0.04,0.04,0.0,0.0,0.0,0.0,0.04,0.0,0.0,0.0,0.0,0.0,0.02
47,4,2,3,False,0.5844104871539462,0.010541377022073473,0,qEHVI,0.44,0.16,0.3,0.02,0.04,0.0,0.0,0.0,0.0,0.0,0.0,0.04,0.0,0.0,0.0
47,4,2,3,False,0.5844104871539462,0.010541377022073473,1,qEHVI,0.4,0.16,0.4,0.02,0.0,0.0,0.0,0.0,0.0,0.0,0.0,0.0,0.0,0.02,0.0
47,4,2,3,False,0.5844104871539462,0.010541377022073473,2,qUCB,0.46,0.36,0.08,0.0,0.0,0.0,0.0,0.0,0.0,0.0,0.0,0.04,0.0,0.02,0.04
47,4,2,3,False,0.5844104871539462,0.010541377022073473,3,qUCB,0.38,0.34,0.18,0.0,0.0,0.0,0.0,0.0,0.02,0.0,0.0,0.04,0.0,0.0,0.04
47,4,2,3,False,0.5844104871539462,0.010541377022073473,4,qUCB,0.26,0.62,0.02,0.04,0.0,0.0,0.0,0.0,0.0,0.0,0.0,0.02,0.0,0.0,0.04
47,5,1,4,False,0.46471862110736406,0.02149805230836721,0,qEHVI,0.44,0.16,0.3,0.02,0.04,0.0,0.0,0.0,0.0,0.0,0.0,0.04,0.0,0.0,0.0
47,5,1,4,False,0.46471862110736406,0.02149805230836721,1,qUCB,0.36,0.18,0.38,0.0,0.0,0.0,0.0,0.0,0.0,0.0,0.0,0.0,0.0,0.04,0.04
47,5,1,4,False,0.46471862110736406,0.02149805230836721,2,qUCB,0.28,0.58,0.04,0.04,0.0,0.0,0.0,0.0,0.04,0.0,0.0,0.0,0.0,0.0,0.02
47,5,1,4,False,0.46471862110736406,0.02149805230836721,3,qUCB,0.0,0.4,0.52,0.04,0.0,0.0,0.0,0.0,0.0,0.0,0.0,0.0,0.0,0.0,0.04
47,5,1,4,False,0.46471862110736406,0.02149805230836721,4,qUCB,0.22,0.42,0.26,0.0,0.0,0.0,0.0,0.0,0.04,0.0,0.0,0.0,0.0,0.04,0.02
47,6,0,5,False,0.32009258429874954,0.0037879285770134885,0,qUCB,0.5,0.4,0.02,0.0,0.04,0.0,0.0,0.0,0.0,0.0,0.0,0.04,0.0,0.0,0.0
47,6,0,5,False,0.32009258429874954,0.0037879285770134885,1,qUCB,0.72,0.0,0.2,0.04,0.0,0.0,0.0,0.0,0.0,0.0,0.0,0.04,0.0,0.0,0.0
47,6,0,5,False,0.32009258429874954,0.0037879285770134885,2,qUCB,0.0,0.38,0.52,0.04,0.04,0.0,0.0,0.0,0.0,0.0,0.0,0.02,0.0,0.0,0.0
47,6,0,5,False,0.32009258429874954,0.0037879285770134885,3,qUCB,0.72,0.0,0.24,0.02,0.0,0.0,0.0,0.0,0.0,0.0,0.0,0.02,0.0,0.0,0.0
47,6,0,5,False,0.32009258429874954,0.0037879285770134885,4,qUCB,0.68,0.1,0.12,0.02,0.0,0.0,0.0,0.0,0.02,0.0,0.0,0.04,0.0,0.0,0.02
48,1,5,0,False,0.7625034658718634,0.048688675338178555,0,qEHVI,0.5,0.1,0.3,0.02,0.02,0.0,0.0,0.0,0.0,0.0,0.0,0.04,0.0,0.02,0.0
48,1,5,0,False,0.7625034658718634,0.048688675338178555,1,qEHVI,0.58,0.0,0.36,0.02,0.0,0.0,0.0,0.0,0.0,0.0,0.0,0.0,0.0,0.02,0.02
48,1,5,0,False,0.7625034658718634,0.048688675338178555,2,qEHVI,0.74,0.0,0.2,0.02,0.0,0.0,0.0,0.0,0.0,0.0,0.0,0.0,0.0,0.0,0.04
48,1,5,0,False,0.7625034658718634,0.048688675338178555,3,qEHVI,0.42,0.14,0.38,0.0,0.0,0.0,0.0,0.0,0.0,0.0,0.0,0.04,0.0,0.0,0.02
48,1,5,0,False,0.7625034658718634,0.048688675338178555,4,qEHVI,0.58,0.34,0.02,0.0,0.0,0.0,0.0,0.0,0.02,0.0,0.0,0.0,0.0,0.04,0.0
48,2,4,1,True,0.7184203673115611,0.049993695660220716,0,qEHVI,0.5,0.1,0.3,0.02,0.02,0.0,0.0,0.0,0.0,0.0,0.0,0.04,0.0,0.02,0.0
48,2,4,1,True,0.7184203673115611,0.049993695660220716,1,qEHVI,0.58,0.0,0.36,0.02,0.0,0.0,0.0,0.0,0.0,0.0,0.0,0.0,0.0,0.02,0.02
48,2,4,1,True,0.7184203673115611,0.049993695660220716,2,qEHVI,0.58,0.34,0.02,0.0,0.0,0.0,0.0,0.0,0.02,0.0,0.0,0.0,0.0,0.04,0.0
48,2,4,1,True,0.7184203673115611,0.049993695660220716,3,qEHVI,0.0,0.42,0.48,0.0,0.0,0.0,0.0,0.0,0.04,0.0,0.0,0.04,0.0,0.02,0.0
48,2,4,1,True,0.7184203673115611,0.049993695660220716,4,qUCB,0.42,0.06,0.42,0.02,0.04,0.0,0.0,0.0,0.04,0.0,0.0,0.0,0.0,0.0,0.0
48,3,3,2,False,0.6189609805739846,0.016211033801798003,0,qEHVI,0.5,0.1,0.3,0.02,0.02,0.0,0.0,0.0,0.0,0.0,0.0,0.04,0.0,0.02,0.0
48,3,3,2,False,0.6189609805739846,0.016211033801798003,1,qEHVI,0.58,0.0,0.36,0.02,0.0,0.0,0.0,0.0,0.0,0.0,0.0,0.0,0.0,0.02,0.02
48,3,3,2,False,0.6189609805739846,0.016211033801798003,2,qEHVI,0.0,0.42,0.48,0.0,0.0,0.0,0.0,0.0,0.04,0.0,0.0,0.04,0.0,0.02,0.0
48,3,3,2,False,0.6189609805739846,0.016211033801798003,3,qUCB,0.42,0.06,0.42,0.02,0.04,0.0,0.0,0.0,0.04,0.0,0.0,0.0,0.0,0.0,0.0
48,3,3,2,False,0.6189609805739846,0.016211033801798003,4,qUCB,0.34,0.32,0.24,0.02,0.04,0.0,0.0,0.0,0.04,0.0,0.0,0.0,0.0,0.0,0.0
48,4,2,3,False,0.5234016565099987,0.006169173759049684,0,qEHVI,0.5,0.1,0.3,0.02,0.02,0.0,0.0,0.0,0.0,0.0,0.0,0.04,0.0,0.02,0.0
48,4,2,3,False,0.5234016565099987,0.006169173759049684,1,qEHVI,0.58,0.0,0.36,0.02,0.0,0.0,0.0,0.0,0.0,0.0,0.0,0.0,0.0,0.02,0.02
48,4,2,3,False,0.5234016565099987,0.006169173759049684,2,qUCB,0.42,0.06,0.42,0.02,0.04,0.0,0.0,0.0,0.04,0.0,0.0,0.0,0.0,0.0,0.0
48,4,2,3,False,0.5234016565099987,0.006169173759049684,3,qUCB,0.24,0.64,0.02,0.04,0.0,0.0,0.0,0.0,0.04,0.0,0.0,0.02,0.0,0.0,0.0
48,4,2,3,False,0.5234016565099987,0.006169173759049684,4,qUCB,0.34,0.32,0.24,0.02,0.04,0.0,0.0,0.0,0.04,0.0,0.0,0.0,0.0,0.0,0.0
48,5,1,4,False,0.4245436685496892,0.1727744555370634,0,qEHVI,0.5,0.1,0.3,0.02,0.02,0.0,0.0,0.0,0.0,0.0,0.0,0.04,0.0,0.02,0.0
48,5,1,4,False,0.4245436685496892,0.1727744555370634,1,qUCB,0.38,0.16,0.36,0.0,0.02,0.0,0.0,0.0,0.04,0.0,0.0,0.0,0.0,0.0,0.04
48,5,1,4,False,0.4245436685496892,0.1727744555370634,2,qUCB,0.32,0.58,0.0,0.04,0.0,0.0,0.0,0.0,0.02,0.0,0.0,0.0,0.0,0.0,0.04
48,5,1,4,False,0.4245436685496892,0.1727744555370634,3,qUCB,0.24,0.44,0.24,0.0,0.0,0.0,0.0,0.0,0.04,0.0,0.0,0.0,0.0,0.0,0.04
48,5,1,4,False,0.4245436685496892,0.1727744555370634,4,qUCB,0.74,0.0,0.2,0.02,0.0,0.0,0.0,0.0,0.0,0.0,0.0,0.0,0.0,0.0,0.04
48,6,0,5,False,0.4460495313313112,0.027745117011447995,0,qUCB,0.5,0.38,0.04,0.0,0.04,0.0,0.0,0.0,0.0,0.0,0.0,0.04,0.0,0.0,0.0
48,6,0,5,False,0.4460495313313112,0.027745117011447995,1,qUCB,0.7000000000000001,0.04,0.16,0.04,0.0,0.0,0.0,0.0,0.0,0.0,0.0,0.04,0.0,0.0,0.02
48,6,0,5,False,0.4460495313313112,0.027745117011447995,2,qUCB,0.74,0.0,0.2,0.02,0.0,0.0,0.0,0.0,0.0,0.0,0.0,0.0,0.0,0.0,0.04
48,6,0,5,False,0.4460495313313112,0.027745117011447995,3,qUCB,0.34,0.42,0.14,0.04,0.04,0.0,0.0,0.0,0.0,0.0,0.0,0.0,0.0,0.0,0.02
48,6,0,5,False,0.4460495313313112,0.027745117011447995,4,qUCB,0.64,0.14,0.14,0.02,0.0,0.0,0.0,0.0,0.0,0.0,0.0,0.04,0.0,0.0,0.02
49,1,5,0,True,0.7226374767231477,0.08471120041369745,0,qEHVI,0.38,0.34,0.18,0.02,0.04,0.0,0.0,0.0,0.0,0.0,0.0,0.04,0.0,0.0,0.0
49,1,5,0,True,0.7226374767231477,0.08471120041369745,1,qEHVI,0.78,0.0,0.18,0.02,0.0,0.0,0.0,0.0,0.02,0.0,0.0,0.0,0.0,0.0,0.0
49,1,5,0,True,0.7226374767231477,0.08471120041369745,2,qEHVI,0.44,0.1,0.36,0.02,0.02,0.0,0.0,0.0,0.0,0.0,0.0,0.04,0.0,0.0,0.02
49,1,5,0,True,0.7226374767231477,0.08471120041369745,3,qEHVI,0.0,0.36,0.56,0.0,0.04,0.0,0.0,0.0,0.0,0.0,0.0,0.0,0.0,0.02,0.02
49,1,5,0,True,0.7226374767231477,0.08471120041369745,4,qEHVI,0.38,0.06,0.46,0.04,0.02,0.0,0.0,0.0,0.04,0.0,0.0,0.0,0.0,0.0,0.0
49,2,4,1,False,0.6616528507419751,0.16644424876465025,0,qEHVI,0.38,0.34,0.18,0.02,0.04,0.0,0.0,0.0,0.0,0.0,0.0,0.04,0.0,0.0,0.0
49,2,4,1,False,0.6616528507419751,0.16644424876465025,1,qEHVI,0.44,0.1,0.36,0.02,0.02,0.0,0.0,0.0,0.0,0.0,0.0,0.04,0.0,0.0,0.02
49,2,4,1,False,0.6616528507419751,0.16644424876465025,2,qEHVI,0.78,0.0,0.18,0.02,0.0,0.0,0.0,0.0,0.02,0.0,0.0,0.0,0.0,0.0,0.0
49,2,4,1,False,0.6616528507419751,0.16644424876465025,3,qEHVI,0.0,0.36,0.56,0.0,0.04,0.0,0.0,0.0,0.0,0.0,0.0,0.0,0.0,0.02,0.02
49,2,4,1,False,0.6616528507419751,0.16644424876465025,4,qUCB,0.34,0.52,0.04,0.04,0.0,0.0,0.0,0.0,0.0,0.0,0.0,0.0,0.0,0.04,0.02
49,3,3,2,False,0.6325406378176331,0.03233013217646441,0,qEHVI,0.38,0.34,0.18,0.02,0.04,0.0,0.0,0.0,0.0,0.0,0.0,0.04,0.0,0.0,0.0
49,3,3,2,False,0.6325406378176331,0.03233013217646441,1,qEHVI,0.44,0.1,0.36,0.02,0.02,0.0,0.0,0.0,0.0,0.0,0.0,0.04,0.0,0.0,0.02
49,3,3,2,False,0.6325406378176331,0.03233013217646441,2,qEHVI,0.78,0.0,0.18,0.02,0.0,0.0,0.0,0.0,0.02,0.0,0.0,0.0,0.0,0.0,0.0
49,3,3,2,False,0.6325406378176331,0.03233013217646441,3,qUCB,0.48,0.06,0.38,0.0,0.0,0.0,0.0,0.0,0.0,0.0,0.0,0.0,0.0,0.04,0.04
49,3,3,2,False,0.6325406378176331,0.03233013217646441,4,qUCB,0.38,0.34,0.2,0.0,0.0,0.0,0.0,0.0,0.0,0.0,0.0,0.0,0.0,0.04,0.04
49,4,2,3,False,0.48445607804273344,0.10196917768194114,0,qEHVI,0.38,0.34,0.18,0.02,0.04,0.0,0.0,0.0,0.0,0.0,0.0,0.04,0.0,0.0,0.0
49,4,2,3,False,0.48445607804273344,0.10196917768194114,1,qEHVI,0.44,0.1,0.36,0.02,0.02,0.0,0.0,0.0,0.0,0.0,0.0,0.04,0.0,0.0,0.02
49,4,2,3,False,0.48445607804273344,0.10196917768194114,2,qUCB,0.4,0.1,0.4,0.04,0.0,0.0,0.0,0.0,0.02,0.0,0.0,0.0,0.0,0.04,0.0
49,4,2,3,False,0.48445607804273344,0.10196917768194114,3,qUCB,0.22,0.64,0.04,0.04,0.0,0.0,0.0,0.0,0.04,0.0,0.0,0.0,0.0,0.02,0.0
49,4,2,3,False,0.48445607804273344,0.10196917768194114,4,qUCB,0.72,0.0,0.18,0.04,0.0,0.0,0.0,0.0,0.02,0.0,0.0,0.0,0.0,0.04,0.0
49,5,1,4,False,0.5014179468690522,0.06187825856999485,0,qEHVI,0.38,0.34,0.18,0.02,0.04,0.0,0.0,0.0,0.0,0.0,0.0,0.04,0.0,0.0,0.0
49,5,1,4,False,0.5014179468690522,0.06187825856999485,1,qUCB,0.48,0.06,0.38,0.0,0.0,0.0,0.0,0.0,0.0,0.0,0.0,0.0,0.0,0.04,0.04
49,5,1,4,False,0.5014179468690522,0.06187825856999485,2,qUCB,0.74,0.0,0.16,0.04,0.0,0.0,0.0,0.0,0.02,0.0,0.0,0.0,0.0,0.0,0.04
49,5,1,4,False,0.5014179468690522,0.06187825856999485,3,qUCB,0.0,0.38,0.52,0.04,0.0,0.0,0.0,0.0,0.0,0.0,0.0,0.0,0.0,0.02,0.04
49,5,1,4,False,0.5014179468690522,0.06187825856999485,4,qUCB,0.38,0.34,0.2,0.0,0.0,0.0,0.0,0.0,0.0,0.0,0.0,0.0,0.0,0.04,0.04
49,6,0,5,False,0.5048924447999321,0.019184937343335484,0,qUCB,0.48,0.42,0.02,0.0,0.04,0.0,0.0,0.0,0.0,0.0,0.0,0.04,0.0,0.0,0.0
49,6,0,5,False,0.5048924447999321,0.019184937343335484,1,qUCB,0.74,0.02,0.18,0.04,0.0,0.0,0.0,0.0,0.0,0.0,0.0,0.02,0.0,0.0,0.0
49,6,0,5,False,0.5048924447999321,0.019184937343335484,2,qUCB,0.26,0.62,0.02,0.04,0.0,0.0,0.0,0.0,0.02,0.0,0.0,0.04,0.0,0.0,0.0
49,6,0,5,False,0.5048924447999321,0.019184937343335484,3,qUCB,0.66,0.16,0.1,0.02,0.0,0.0,0.0,0.0,0.0,0.0,0.0,0.04,0.0,0.0,0.02
49,6,0,5,False,0.5048924447999321,0.019184937343335484,4,qUCB,0.0,0.38,0.52,0.04,0.0,0.0,0.0,0.0,0.0,0.0,0.0,0.0,0.0,0.02,0.04
50,1,5,0,True,0.8132430225686166,0.03855837717894417,0,qEHVI,0.44,0.48,0.0,0.0,0.04,0.0,0.0,0.0,0.0,0.0,0.0,0.04,0.0,0.0,0.0
50,1,5,0,True,0.8132430225686166,0.03855837717894417,1,qEHVI,0.5,0.14,0.3,0.02,0.0,0.0,0.0,0.0,0.0,0.0,0.0,0.04,0.0,0.0,0.0
50,1,5,0,True,0.8132430225686166,0.03855837717894417,2,qEHVI,0.46,0.4,0.06,0.0,0.04,0.0,0.0,0.0,0.0,0.0,0.0,0.04,0.0,0.0,0.0
50,1,5,0,True,0.8132430225686166,0.03855837717894417,3,qEHVI,0.44,0.04,0.44,0.0,0.04,0.0,0.0,0.0,0.0,0.0,0.0,0.04,0.0,0.0,0.0
50,1,5,0,True,0.8132430225686166,0.03855837717894417,4,qEHVI,0.44,0.08,0.38,0.0,0.0,0.0,0.0,0.0,0.0,0.0,0.0,0.04,0.0,0.02,0.04
50,2,4,1,False,0.7044668152639108,0.09457690322074441,0,qEHVI,0.44,0.48,0.0,0.0,0.04,0.0,0.0,0.0,0.0,0.0,0.0,0.04,0.0,0.0,0.0
50,2,4,1,False,0.7044668152639108,0.09457690322074441,1,qEHVI,0.5,0.14,0.3,0.02,0.0,0.0,0.0,0.0,0.0,0.0,0.0,0.04,0.0,0.0,0.0
50,2,4,1,False,0.7044668152639108,0.09457690322074441,2,qEHVI,0.44,0.04,0.44,0.0,0.04,0.0,0.0,0.0,0.0,0.0,0.0,0.04,0.0,0.0,0.0
50,2,4,1,False,0.7044668152639108,0.09457690322074441,3,qEHVI,0.46,0.4,0.06,0.0,0.04,0.0,0.0,0.0,0.0,0.0,0.0,0.04,0.0,0.0,0.0
50,2,4,1,False,0.7044668152639108,0.09457690322074441,4,qUCB,0.42,0.1,0.38,0.0,0.0,0.0,0.0,0.0,0.04,0.0,0.0,0.0,0.0,0.02,0.04
50,3,3,2,False,0.6434003463342919,0.12020190291278077,0,qEHVI,0.44,0.48,0.0,0.0,0.04,0.0,0.0,0.0,0.0,0.0,0.0,0.04,0.0,0.0,0.0
50,3,3,2,False,0.6434003463342919,0.12020190291278077,1,qEHVI,0.5,0.14,0.3,0.02,0.0,0.0,0.0,0.0,0.0,0.0,0.0,0.04,0.0,0.0,0.0
50,3,3,2,False,0.6434003463342919,0.12020190291278077,2,qEHVI,0.46,0.4,0.06,0.0,0.04,0.0,0.0,0.0,0.0,0.0,0.0,0.04,0.0,0.0,0.0
50,3,3,2,False,0.6434003463342919,0.12020190291278077,3,qUCB,0.42,0.1,0.38,0.0,0.0,0.0,0.0,0.0,0.04,0.0,0.0,0.0,0.0,0.02,0.04
50,3,3,2,False,0.6434003463342919,0.12020190291278077,4,qUCB,0.26,0.6,0.04,0.04,0.0,0.0,0.0,0.0,0.0,0.0,0.0,0.0,0.0,0.04,0.02
50,4,2,3,False,0.5689356998457735,0.01214823661578679,0,qEHVI,0.44,0.48,0.0,0.0,0.04,0.0,0.0,0.0,0.0,0.0,0.0,0.04,0.0,0.0,0.0
50,4,2,3,False,0.5689356998457735,0.01214823661578679,1,qEHVI,0.5,0.14,0.3,0.02,0.0,0.0,0.0,0.0,0.0,0.0,0.0,0.04,0.0,0.0,0.0
50,4,2,3,False,0.5689356998457735,0.01214823661578679,2,qUCB,0.42,0.1,0.38,0.0,0.0,0.0,0.0,0.0,0.04,0.0,0.0,0.0,0.0,0.02,0.04
50,4,2,3,False,0.5689356998457735,0.01214823661578679,3,qUCB,0.26,0.6,0.04,0.04,0.0,0.0,0.0,0.0,0.0,0.0,0.0,0.0,0.0,0.04,0.02
50,4,2,3,False,0.5689356998457735,0.01214823661578679,4,qUCB,0.0,0.4,0.5,0.04,0.0,0.0,0.0,0.0,0.02,0.0,0.0,0.0,0.0,0.0,0.04
50,5,1,4,False,0.45189522937032217,0.00690256970222114,0,qEHVI,0.44,0.48,0.0,0.0,0.04,0.0,0.0,0.0,0.0,0.0,0.0,0.04,0.0,0.0,0.0
50,5,1,4,False,0.45189522937032217,0.00690256970222114,1,qUCB,0.42,0.1,0.38,0.0,0.0,0.0,0.0,0.0,0.04,0.0,0.0,0.0,0.0,0.02,0.04
50,5,1,4,False,0.45189522937032217,0.00690256970222114,2,qUCB,0.0,0.4,0.5,0.04,0.0,0.0,0.0,0.0,0.02,0.0,0.0,0.0,0.0,0.0,0.04
50,5,1,4,False,0.45189522937032217,0.00690256970222114,3,qUCB,0.26,0.6,0.04,0.04,0.0,0.0,0.0,0.0,0.0,0.0,0.0,0.0,0.0,0.04,0.02
50,5,1,4,False,0.45189522937032217,0.00690256970222114,4,qUCB,0.72,0.02,0.16,0.04,0.0,0.0,0.0,0.0,0.0,0.0,0.0,0.0,0.0,0.04,0.02
50,6,0,5,False,0.4640945236941482,0.025650709849165843,0,qUCB,0.44,0.48,0.0,0.0,0.04,0.0,0.0,0.0,0.0,0.0,0.0,0.04,0.0,0.0,0.0
50,6,0,5,False,0.4640945236941482,0.025650709849165843,1,qUCB,0.66,0.16,0.1,0.02,0.0,0.0,0.0,0.0,0.0,0.0,0.0,0.04,0.0,0.02,0.0
50,6,0,5,False,0.4640945236941482,0.025650709849165843,2,qUCB,0.0,0.38,0.54,0.04,0.02,0.0,0.0,0.0,0.02,0.0,0.0,0.0,0.0,0.0,0.0
50,6,0,5,False,0.4640945236941482,0.025650709849165843,3,qUCB,0.32,0.48,0.12,0.04,0.0,0.0,0.0,0.0,0.0,0.0,0.0,0.04,0.0,0.0,0.0
50,6,0,5,False,0.4640945236941482,0.025650709849165843,4,qUCB,0.7000000000000001,0.04,0.16,0.04,0.0,0.0,0.0,0.0,0.0,0.0,0.0,0.04,0.0,0.0,0.02
