iteration,option,n_opt,n_exp,selected,full_qehvi,full_entropy,point_idx,source,x_0,x_1,x_2,x_3,x_4,x_5,x_6,x_7,x_8,x_9,x_10,x_11,x_12,x_13,x_14
1,1,5,0,False,4.890229605152295,0.21240864845776386,0,qEHVI,0.0,0.96,0.0,0.02,0.02,0.0,0.0,0.0,0.0,0.0,0.0,0.0,0.0,0.0,0.0
1,1,5,0,False,4.890229605152295,0.21240864845776386,1,qEHVI,0.72,0.04,0.14,0.02,0.04,0.0,0.0,0.0,0.0,0.0,0.0,0.0,0.0,0.0,0.04
1,1,5,0,False,4.890229605152295,0.21240864845776386,2,qEHVI,0.3,0.6,0.0,0.04,0.02,0.0,0.0,0.0,0.0,0.0,0.0,0.0,0.0,0.0,0.04
1,1,5,0,False,4.890229605152295,0.21240864845776386,3,qEHVI,0.0,0.92,0.0,0.0,0.0,0.0,0.0,0.0,0.0,0.0,0.0,0.0,0.0,0.04,0.04
1,1,5,0,False,4.890229605152295,0.21240864845776386,4,qEHVI,0.06,0.0,0.84,0.0,0.04,0.0,0.0,0.0,0.0,0.0,0.0,0.0,0.0,0.02,0.04
1,2,4,1,False,4.560224875647625,0.5792724481898262,0,qEHVI,0.0,0.96,0.0,0.02,0.02,0.0,0.0,0.0,0.0,0.0,0.0,0.0,0.0,0.0,0.0
1,2,4,1,False,4.560224875647625,0.5792724481898262,1,qEHVI,0.72,0.04,0.14,0.02,0.04,0.0,0.0,0.0,0.0,0.0,0.0,0.0,0.0,0.0,0.04
1,2,4,1,False,4.560224875647625,0.5792724481898262,2,qEHVI,0.3,0.6,0.0,0.04,0.02,0.0,0.0,0.0,0.0,0.0,0.0,0.0,0.0,0.0,0.04
1,2,4,1,False,4.560224875647625,0.5792724481898262,3,qEHVI,0.06,0.0,0.84,0.0,0.04,0.0,0.0,0.0,0.0,0.0,0.0,0.0,0.0,0.02,0.04
1,2,4,1,False,4.560224875647625,0.5792724481898262,4,qUCB,0.28,0.02,0.6,0.02,0.0,0.0,0.0,0.0,0.04,0.0,0.0,0.04,0.0,0.0,0.0
1,3,3,2,False,4.757854314740581,0.37448600454246517,0,qEHVI,0.0,0.96,0.0,0.02,0.02,0.0,0.0,0.0,0.0,0.0,0.0,0.0,0.0,0.0,0.0
1,3,3,2,False,4.757854314740581,0.37448600454246517,1,qEHVI,0.72,0.04,0.14,0.02,0.04,0.0,0.0,0.0,0.0,0.0,0.0,0.0,0.0,0.0,0.04
1,3,3,2,False,4.757854314740581,0.37448600454246517,2,qEHVI,0.3,0.6,0.0,0.04,0.02,0.0,0.0,0.0,0.0,0.0,0.0,0.0,0.0,0.0,0.04
1,3,3,2,False,4.757854314740581,0.37448600454246517,3,qUCB,0.0,0.0,0.9,0.0,0.0,0.0,0.0,0.0,0.0,0.0,0.0,0.04,0.0,0.04,0.02
1,3,3,2,False,4.757854314740581,0.37448600454246517,4,qUCB,0.06,0.0,0.84,0.04,0.02,0.0,0.0,0.0,0.0,0.0,0.0,0.04,0.0,0.0,0.0
1,4,2,3,False,4.203060767259608,0.5791485636066298,0,qEHVI,0.0,0.96,0.0,0.02,0.02,0.0,0.0,0.0,0.0,0.0,0.0,0.0,0.0,0.0,0.0
1,4,2,3,False,4.203060767259608,0.5791485636066298,1,qEHVI,0.78,0.06,0.06,0.0,0.04,0.0,0.0,0.0,0.0,0.0,0.0,0.02,0.0,0.0,0.04
1,4,2,3,False,4.203060767259608,0.5791485636066298,2,qUCB,0.08,0.02,0.8,0.0,0.0,0.0,0.0,0.0,0.04,0.0,0.0,0.04,0.0,0.02,0.0
1,4,2,3,False,4.203060767259608,0.5791485636066298,3,qUCB,0.8,0.0,0.1,0.04,0.0,0.0,0.0,0.0,0.04,0.0,0.0,0.02,0.0,0.0,0.0
1,4,2,3,False,4.203060767259608,0.5791485636066298,4,qUCB,0.06,0.0,0.84,0.04,0.02,0.0,0.0,0.0,0.0,0.0,0.0,0.04,0.0,0.0,0.0
1,5,1,4,False,4.03949685813934,0.4310893978108936,0,qEHVI,0.0,0.96,0.0,0.02,0.02,0.0,0.0,0.0,0.0,0.0,0.0,0.0,0.0,0.0,0.0
1,5,1,4,False,4.03949685813934,0.4310893978108936,1,qUCB,0.0,0.0,0.9,0.0,0.0,0.0,0.0,0.0,0.0,0.0,0.0,0.04,0.0,0.04,0.02
1,5,1,4,False,4.03949685813934,0.4310893978108936,2,qUCB,0.8,0.02,0.08,0.04,0.0,0.0,0.0,0.0,0.02,0.0,0.0,0.04,0.0,0.0,0.0
1,5,1,4,False,4.03949685813934,0.4310893978108936,3,qUCB,0.02,0.02,0.88,0.0,0.04,0.0,0.0,0.0,0.04,0.0,0.0,0.0,0.0,0.0,0.0
1,5,1,4,False,4.03949685813934,0.4310893978108936,4,qUCB,0.0,0.02,0.88,0.0,0.0,0.0,0.0,0.0,0.04,0.0,0.0,0.04,0.0,0.0,0.02
1,6,0,5,True,4.495283185014635,0.1798496987000604,0,qUCB,0.76,0.14,0.0,0.04,0.04,0.0,0.0,0.0,0.0,0.0,0.0,0.02,0.0,0.0,0.0
1,6,0,5,True,4.495283185014635,0.1798496987000604,1,qUCB,0.0,0.96,0.0,0.02,0.02,0.0,0.0,0.0,0.0,0.0,0.0,0.0,0.0,0.0,0.0
1,6,0,5,True,4.495283185014635,0.1798496987000604,2,qUCB,0.06,0.0,0.84,0.04,0.02,0.0,0.0,0.0,0.0,0.0,0.0,0.04,0.0,0.0,0.0
1,6,0,5,True,4.495283185014635,0.1798496987000604,3,qUCB,0.3,0.6,0.0,0.04,0.02,0.0,0.0,0.0,0.0,0.0,0.0,0.0,0.0,0.0,0.04
1,6,0,5,True,4.495283185014635,0.1798496987000604,4,qUCB,0.0,0.9,0.06,0.0,0.0,0.0,0.0,0.0,0.0,0.0,0.0,0.0,0.0,0.0,0.04
2,1,5,0,False,7.034816766130293,0.82000169640283,0,qEHVI,0.3,0.02,0.58,0.04,0.0,0.0,0.0,0.0,0.0,0.0,0.0,0.0,0.0,0.04,0.02
2,1,5,0,False,7.034816766130293,0.82000169640283,1,qEHVI,0.5,0.0,0.4,0.04,0.0,0.0,0.0,0.0,0.0,0.0,0.0,0.02,0.0,0.0,0.04
2,1,5,0,False,7.034816766130293,0.82000169640283,2,qEHVI,0.84,0.04,0.04,0.0,0.0,0.0,0.0,0.0,0.04,0.0,0.0,0.0,0.0,0.0,0.04
2,1,5,0,False,7.034816766130293,0.82000169640283,3,qEHVI,0.84,0.04,0.02,0.04,0.0,0.0,0.0,0.0,0.0,0.0,0.0,0.02,0.0,0.04,0.0
2,1,5,0,False,7.034816766130293,0.82000169640283,4,qEHVI,0.0,0.02,0.9,0.0,0.0,0.0,0.0,0.0,0.0,0.0,0.0,0.02,0.0,0.04,0.02
2,2,4,1,False,6.079714121971947,1.0407892903328388,0,qEHVI,0.3,0.02,0.58,0.04,0.0,0.0,0.0,0.0,0.0,0.0,0.0,0.0,0.0,0.04,0.02
2,2,4,1,False,6.079714121971947,1.0407892903328388,1,qEHVI,0.5,0.0,0.4,0.04,0.0,0.0,0.0,0.0,0.0,0.0,0.0,0.02,0.0,0.0,0.04
2,2,4,1,False,6.079714121971947,1.0407892903328388,2,qEHVI,0.84,0.04,0.04,0.0,0.0,0.0,0.0,0.0,0.04,0.0,0.0,0.0,0.0,0.0,0.04
2,2,4,1,False,6.079714121971947,1.0407892903328388,3,qEHVI,0.0,0.02,0.9,0.0,0.0,0.0,0.0,0.0,0.0,0.0,0.0,0.02,0.0,0.04,0.02
2,2,4,1,False,6.079714121971947,1.0407892903328388,4,qUCB,0.9400000000000001,0.0,0.0,0.0,0.04,0.0,0.0,0.0,0.0,0.0,0.0,0.02,0.0,0.0,0.0
2,3,3,2,False,5.638585708108519,1.0591246967654353,0,qEHVI,0.3,0.02,0.58,0.04,0.0,0.0,0.0,0.0,0.0,0.0,0.0,0.0,0.0,0.04,0.02
2,3,3,2,False,5.638585708108519,1.0591246967654353,1,qEHVI,0.5,0.0,0.4,0.04,0.0,0.0,0.0,0.0,0.0,0.0,0.0,0.02,0.0,0.0,0.04
2,3,3,2,False,5.638585708108519,1.0591246967654353,2,qEHVI,0.84,0.04,0.04,0.0,0.0,0.0,0.0,0.0,0.04,0.0,0.0,0.0,0.0,0.0,0.04
2,3,3,2,False,5.638585708108519,1.0591246967654353,3,qUCB,0.9400000000000001,0.0,0.0,0.0,0.04,0.0,0.0,0.0,0.0,0.0,0.0,0.02,0.0,0.0,0.0
2,3,3,2,False,5.638585708108519,1.0591246967654353,4,qUCB,0.04,0.86,0.0,0.0,0.0,0.0,0.0,0.0,0.02,0.0,0.0,0.04,0.0,0.04,0.0
2,4,2,3,False,5.7843537821059385,0.5240491575100528,0,qEHVI,0.3,0.02,0.58,0.04,0.0,0.0,0.0,0.0,0.0,0.0,0.0,0.0,0.0,0.04,0.02
2,4,2,3,False,5.7843537821059385,0.5240491575100528,1,qEHVI,0.5,0.0,0.4,0.04,0.0,0.0,0.0,0.0,0.0,0.0,0.0,0.02,0.0,0.0,0.04
2,4,2,3,False,5.7843537821059385,0.5240491575100528,2,qUCB,0.84,0.0,0.08,0.0,0.04,0.0,0.0,0.0,0.04,0.0,0.0,0.0,0.0,0.0,0.0
2,4,2,3,False,5.7843537821059385,0.5240491575100528,3,qUCB,0.04,0.86,0.0,0.0,0.0,0.0,0.0,0.0,0.02,0.0,0.0,0.04,0.0,0.04,0.0
2,4,2,3,False,5.7843537821059385,0.5240491575100528,4,qUCB,0.04,0.02,0.84,0.0,0.04,0.0,0.0,0.0,0.02,0.0,0.0,0.0,0.0,0.04,0.0
2,5,1,4,False,4.99992694367386,0.9787617347836566,0,qEHVI,0.3,0.02,0.58,0.04,0.0,0.0,0.0,0.0,0.0,0.0,0.0,0.0,0.0,0.04,0.02
2,5,1,4,False,4.99992694367386,0.9787617347836566,1,qUCB,0.78,0.1,0.02,0.0,0.02,0.0,0.0,0.0,0.04,0.0,0.0,0.04,0.0,0.0,0.0
2,5,1,4,False,4.99992694367386,0.9787617347836566,2,qUCB,0.84,0.0,0.08,0.0,0.04,0.0,0.0,0.0,0.04,0.0,0.0,0.0,0.0,0.0,0.0
2,5,1,4,False,4.99992694367386,0.9787617347836566,3,qUCB,0.0,0.0,0.92,0.0,0.0,0.0,0.0,0.0,0.04,0.0,0.0,0.04,0.0,0.0,0.0
2,5,1,4,False,4.99992694367386,0.9787617347836566,4,qUCB,0.04,0.86,0.0,0.0,0.0,0.0,0.0,0.0,0.02,0.0,0.0,0.04,0.0,0.04,0.0
2,6,0,5,True,5.407196346985088,0.7050831548231944,0,qUCB,0.88,0.02,0.0,0.04,0.0,0.0,0.0,0.0,0.02,0.0,0.0,0.0,0.0,0.02,0.02
2,6,0,5,True,5.407196346985088,0.7050831548231944,1,qUCB,0.78,0.0,0.12,0.04,0.0,0.0,0.0,0.0,0.0,0.0,0.0,0.0,0.0,0.04,0.02
2,6,0,5,True,5.407196346985088,0.7050831548231944,2,qUCB,0.6,0.02,0.28,0.04,0.02,0.0,0.0,0.0,0.0,0.0,0.0,0.0,0.0,0.0,0.04
2,6,0,5,True,5.407196346985088,0.7050831548231944,3,qUCB,0.0,0.02,0.9,0.0,0.0,0.0,0.0,0.0,0.0,0.0,0.0,0.02,0.0,0.04,0.02
2,6,0,5,True,5.407196346985088,0.7050831548231944,4,qUCB,0.02,0.42,0.48,0.04,0.0,0.0,0.0,0.0,0.0,0.0,0.0,0.0,0.0,0.04,0.0
3,1,5,0,False,13.6552367908224,1.1004004543871142,0,qEHVI,0.68,0.18,0.04,0.0,0.04,0.0,0.0,0.0,0.0,0.0,0.0,0.04,0.0,0.0,0.02
3,1,5,0,False,13.6552367908224,1.1004004543871142,1,qEHVI,0.8,0.08,0.02,0.0,0.02,0.0,0.0,0.0,0.0,0.0,0.0,0.04,0.0,0.0,0.04
3,1,5,0,False,13.6552367908224,1.1004004543871142,2,qEHVI,0.58,0.32,0.0,0.0,0.0,0.0,0.0,0.0,0.02,0.0,0.0,0.02,0.0,0.02,0.04
3,1,5,0,False,13.6552367908224,1.1004004543871142,3,qEHVI,0.54,0.3,0.06,0.0,0.04,0.0,0.0,0.0,0.0,0.0,0.0,0.04,0.0,0.02,0.0
3,1,5,0,False,13.6552367908224,1.1004004543871142,4,qEHVI,0.84,0.06,0.0,0.0,0.0,0.0,0.0,0.0,0.02,0.0,0.0,0.04,0.0,0.0,0.04
3,2,4,1,False,13.463727905073668,1.1112234548020044,0,qEHVI,0.68,0.18,0.04,0.0,0.04,0.0,0.0,0.0,0.0,0.0,0.0,0.04,0.0,0.0,0.02
3,2,4,1,False,13.463727905073668,1.1112234548020044,1,qEHVI,0.8,0.08,0.02,0.0,0.02,0.0,0.0,0.0,0.0,0.0,0.0,0.04,0.0,0.0,0.04
3,2,4,1,False,13.463727905073668,1.1112234548020044,2,qEHVI,0.58,0.32,0.0,0.0,0.0,0.0,0.0,0.0,0.02,0.0,0.0,0.02,0.0,0.02,0.04
3,2,4,1,False,13.463727905073668,1.1112234548020044,3,qEHVI,0.54,0.3,0.06,0.0,0.04,0.0,0.0,0.0,0.0,0.0,0.0,0.04,0.0,0.02,0.0
3,2,4,1,False,13.463727905073668,1.1112234548020044,4,qUCB,0.5,0.42,0.0,0.0,0.04,0.0,0.0,0.0,0.04,0.0,0.0,0.0,0.0,0.0,0.0
3,3,3,2,False,12.624594589464223,0.5311870826515364,0,qEHVI,0.68,0.18,0.04,0.0,0.04,0.0,0.0,0.0,0.0,0.0,0.0,0.04,0.0,0.0,0.02
3,3,3,2,False,12.624594589464223,0.5311870826515364,1,qEHVI,0.8,0.08,0.02,0.0,0.02,0.0,0.0,0.0,0.0,0.0,0.0,0.04,0.0,0.0,0.04
3,3,3,2,False,12.624594589464223,0.5311870826515364,2,qEHVI,0.58,0.32,0.0,0.0,0.0,0.0,0.0,0.0,0.02,0.0,0.0,0.02,0.0,0.02,0.04
3,3,3,2,False,12.624594589464223,0.5311870826515364,3,qUCB,0.5,0.4,0.02,0.0,0.04,0.0,0.0,0.0,0.0,0.0,0.0,0.0,0.0,0.04,0.0
3,3,3,2,False,12.624594589464223,0.5311870826515364,4,qUCB,0.38,0.5,0.02,0.0,0.02,0.0,0.0,0.0,0.0,0.0,0.0,0.04,0.0,0.04,0.0
3,4,2,3,False,12.441831428493478,0.8103678404912351,0,qEHVI,0.68,0.18,0.04,0.0,0.04,0.0,0.0,0.0,0.0,0.0,0.0,0.04,0.0,0.0,0.02
3,4,2,3,False,12.441831428493478,0.8103678404912351,1,qEHVI,0.8,0.08,0.02,0.0,0.02,0.0,0.0,0.0,0.0,0.0,0.0,0.04,0.0,0.0,0.04
3,4,2,3,False,12.441831428493478,0.8103678404912351,2,qUCB,0.52,0.36,0.04,0.0,0.0,0.0,0.0,0.0,0.04,0.0,0.0,0.0,0.0,0.04,0.0
3,4,2,3,False,12.441831428493478,0.8103678404912351,3,qUCB,0.5,0.4,0.02,0.0,0.04,0.0,0.0,0.0,0.0,0.0,0.0,0.0,0.0,0.04,0.0
3,4,2,3,False,12.441831428493478,0.8103678404912351,4,qUCB,0.54,0.36,0.02,0.0,0.0,0.0,0.0,0.0,0.0,0.0,0.0,0.04,0.0,0.04,0.0
3,5,1,4,False,10.036635420442167,1.414461137716395,0,qEHVI,0.68,0.18,0.04,0.0,0.04,0.0,0.0,0.0,0.0,0.0,0.0,0.04,0.0,0.0,0.02
3,5,1,4,False,10.036635420442167,1.414461137716395,1,qUCB,0.52,0.36,0.04,0.0,0.0,0.0,0.0,0.0,0.04,0.0,0.0,0.0,0.0,0.04,0.0
3,5,1,4,False,10.036635420442167,1.414461137716395,2,qUCB,0.5,0.4,0.02,0.0,0.04,0.0,0.0,0.0,0.0,0.0,0.0,0.0,0.0,0.04,0.0
3,5,1,4,False,10.036635420442167,1.414461137716395,3,qUCB,0.54,0.36,0.02,0.0,0.0,0.0,0.0,0.0,0.0,0.0,0.0,0.04,0.0,0.04,0.0
3,5,1,4,False,10.036635420442167,1.414461137716395,4,qUCB,0.28,0.62,0.0,0.0,0.0,0.0,0.0,0.0,0.04,0.0,0.0,0.02,0.0,0.04,0.0
3,6,0,5,True,11.628542330032815,0.7455482479895792,0,qUCB,0.56,0.34,0.0,0.0,0.04,0.0,0.0,0.0,0.0,0.0,0.0,0.04,0.0,0.0,0.02
3,6,0,5,True,11.628542330032815,0.7455482479895792,1,qUCB,0.66,0.18,0.08,0.0,0.04,0.0,0.0,0.0,0.0,0.0,0.0,0.04,0.0,0.0,0.0
3,6,0,5,True,11.628542330032815,0.7455482479895792,2,qUCB,0.52,0.32,0.06,0.0,0.04,0.0,0.0,0.0,0.0,0.0,0.0,0.04,0.0,0.02,0.0
3,6,0,5,True,11.628542330032815,0.7455482479895792,3,qUCB,0.5,0.42,0.0,0.0,0.04,0.0,0.0,0.0,0.04,0.0,0.0,0.0,0.0,0.0,0.0
3,6,0,5,True,11.628542330032815,0.7455482479895792,4,qUCB,0.8200000000000001,0.0,0.08,0.0,0.04,0.0,0.0,0.0,0.0,0.0,0.0,0.04,0.0,0.02,0.0
4,1,5,0,False,3.1316647186248665,1.7039584214491548,0,qEHVI,0.92,0.02,0.0,0.0,0.0,0.0,0.0,0.0,0.02,0.0,0.0,0.0,0.0,0.0,0.04
4,1,5,0,False,3.1316647186248665,1.7039584214491548,1,qEHVI,0.66,0.18,0.06,0.0,0.0,0.0,0.0,0.0,0.04,0.0,0.0,0.0,0.0,0.04,0.02
4,1,5,0,False,3.1316647186248665,1.7039584214491548,2,qEHVI,0.06,0.1,0.74,0.04,0.02,0.0,0.0,0.0,0.0,0.0,0.0,0.0,0.0,0.0,0.04
4,1,5,0,False,3.1316647186248665,1.7039584214491548,3,qEHVI,0.76,0.0,0.14,0.0,0.0,0.0,0.0,0.0,0.02,0.0,0.0,0.0,0.0,0.04,0.04
4,1,5,0,False,3.1316647186248665,1.7039584214491548,4,qEHVI,0.26,0.0,0.64,0.0,0.02,0.0,0.0,0.0,0.0,0.0,0.0,0.04,0.0,0.0,0.04
4,2,4,1,False,2.9683936083549978,0.8921519153016888,0,qEHVI,0.92,0.02,0.0,0.0,0.0,0.0,0.0,0.0,0.02,0.0,0.0,0.0,0.0,0.0,0.04
4,2,4,1,False,2.9683936083549978,0.8921519153016888,1,qEHVI,0.66,0.18,0.06,0.0,0.0,0.0,0.0,0.0,0.04,0.0,0.0,0.0,0.0,0.04,0.02
4,2,4,1,False,2.9683936083549978,0.8921519153016888,2,qEHVI,0.06,0.1,0.74,0.04,0.02,0.0,0.0,0.0,0.0,0.0,0.0,0.0,0.0,0.0,0.04
4,2,4,1,False,2.9683936083549978,0.8921519153016888,3,qEHVI,0.76,0.0,0.14,0.0,0.0,0.0,0.0,0.0,0.02,0.0,0.0,0.0,0.0,0.04,0.04
4,2,4,1,False,2.9683936083549978,0.8921519153016888,4,qUCB,0.34,0.52,0.06,0.0,0.04,0.0,0.0,0.0,0.0,0.0,0.0,0.04,0.0,0.0,0.0
4,3,3,2,False,2.7342512814299225,1.1886966642414478,0,qEHVI,0.92,0.02,0.0,0.0,0.0,0.0,0.0,0.0,0.02,0.0,0.0,0.0,0.0,0.0,0.04
4,3,3,2,False,2.7342512814299225,1.1886966642414478,1,qEHVI,0.66,0.18,0.06,0.0,0.0,0.0,0.0,0.0,0.04,0.0,0.0,0.0,0.0,0.04,0.02
4,3,3,2,False,2.7342512814299225,1.1886966642414478,2,qEHVI,0.06,0.1,0.74,0.04,0.02,0.0,0.0,0.0,0.0,0.0,0.0,0.0,0.0,0.0,0.04
4,3,3,2,False,2.7342512814299225,1.1886966642414478,3,qUCB,0.34,0.52,0.06,0.0,0.04,0.0,0.0,0.0,0.0,0.0,0.0,0.04,0.0,0.0,0.0
4,3,3,2,False,2.7342512814299225,1.1886966642414478,4,qUCB,0.64,0.0,0.28,0.0,0.04,0.0,0.0,0.0,0.0,0.0,0.0,0.04,0.0,0.0,0.0
4,4,2,3,False,2.39977673335386,1.2641545860064944,0,qEHVI,0.92,0.02,0.0,0.0,0.0,0.0,0.0,0.0,0.02,0.0,0.0,0.0,0.0,0.0,0.04
4,4,2,3,False,2.39977673335386,1.2641545860064944,1,qEHVI,0.66,0.18,0.06,0.0,0.0,0.0,0.0,0.0,0.04,0.0,0.0,0.0,0.0,0.04,0.02
4,4,2,3,False,2.39977673335386,1.2641545860064944,2,qUCB,0.02,0.84,0.06,0.0,0.04,0.0,0.0,0.0,0.0,0.0,0.0,0.04,0.0,0.0,0.0
4,4,2,3,False,2.39977673335386,1.2641545860064944,3,qUCB,0.64,0.0,0.28,0.0,0.04,0.0,0.0,0.0,0.0,0.0,0.0,0.04,0.0,0.0,0.0
4,4,2,3,False,2.39977673335386,1.2641545860064944,4,qUCB,0.84,0.06,0.02,0.0,0.04,0.0,0.0,0.0,0.0,0.0,0.0,0.04,0.0,0.0,0.0
4,5,1,4,False,2.083984591697497,0.8843629324639082,0,qEHVI,0.92,0.02,0.0,0.0,0.0,0.0,0.0,0.0,0.02,0.0,0.0,0.0,0.0,0.0,0.04
4,5,1,4,False,2.083984591697497,0.8843629324639082,1,qUCB,0.26,0.64,0.0,0.0,0.02,0.0,0.0,0.0,0.0,0.0,0.0,0.04,0.0,0.04,0.0
4,5,1,4,False,2.083984591697497,0.8843629324639082,2,qUCB,0.52,0.4,0.0,0.0,0.0,0.0,0.0,0.0,0.0,0.0,0.0,0.04,0.0,0.04,0.0
4,5,1,4,False,2.083984591697497,0.8843629324639082,3,qUCB,0.02,0.86,0.04,0.0,0.0,0.0,0.0,0.0,0.0,0.0,0.0,0.04,0.0,0.04,0.0
4,5,1,4,False,2.083984591697497,0.8843629324639082,4,qUCB,0.22,0.68,0.02,0.0,0.04,0.0,0.0,0.0,0.0,0.0,0.0,0.0,0.0,0.04,0.0
4,6,0,5,True,1.938626438241286,0.6055039403212348,0,qUCB,0.7000000000000001,0.1,0.1,0.0,0.0,0.0,0.0,0.0,0.04,0.0,0.0,0.02,0.0,0.0,0.04
4,6,0,5,True,1.938626438241286,0.6055039403212348,1,qUCB,0.68,0.22,0.0,0.0,0.0,0.0,0.0,0.0,0.02,0.0,0.0,0.0,0.0,0.04,0.04
4,6,0,5,True,1.938626438241286,0.6055039403212348,2,qUCB,0.68,0.0,0.24,0.0,0.0,0.0,0.0,0.0,0.04,0.0,0.0,0.0,0.0,0.0,0.04
4,6,0,5,True,1.938626438241286,0.6055039403212348,3,qUCB,0.86,0.02,0.02,0.0,0.0,0.0,0.0,0.0,0.04,0.0,0.0,0.02,0.0,0.04,0.0
4,6,0,5,True,1.938626438241286,0.6055039403212348,4,qUCB,0.7000000000000001,0.02,0.2,0.0,0.0,0.0,0.0,0.0,0.0,0.0,0.0,0.04,0.0,0.0,0.04
5,1,5,0,False,8.629883452014035,0.7876685640450592,0,qEHVI,0.4,0.5,0.02,0.0,0.0,0.0,0.0,0.0,0.0,0.0,0.0,0.04,0.0,0.0,0.04
5,1,5,0,False,8.629883452014035,0.7876685640450592,1,qEHVI,0.22,0.66,0.02,0.0,0.02,0.0,0.0,0.0,0.0,0.0,0.0,0.04,0.0,0.0,0.04
5,1,5,0,False,8.629883452014035,0.7876685640450592,2,qEHVI,0.54,0.36,0.0,0.0,0.0,0.0,0.0,0.0,0.02,0.0,0.0,0.04,0.0,0.0,0.04
5,1,5,0,False,8.629883452014035,0.7876685640450592,3,qEHVI,0.28,0.38,0.24,0.02,0.02,0.0,0.0,0.0,0.0,0.0,0.0,0.04,0.0,0.0,0.02
5,1,5,0,False,8.629883452014035,0.7876685640450592,4,qEHVI,0.56,0.34,0.0,0.0,0.02,0.0,0.0,0.0,0.0,0.0,0.0,0.02,0.0,0.04,0.02
5,2,4,1,False,8.279201944828552,0.6587320978313407,0,qEHVI,0.4,0.5,0.02,0.0,0.0,0.0,0.0,0.0,0.0,0.0,0.0,0.04,0.0,0.0,0.04
5,2,4,1,False,8.279201944828552,0.6587320978313407,1,qEHVI,0.22,0.66,0.02,0.0,0.02,0.0,0.0,0.0,0.0,0.0,0.0,0.04,0.0,0.0,0.04
5,2,4,1,False,8.279201944828552,0.6587320978313407,2,qEHVI,0.54,0.36,0.0,0.0,0.0,0.0,0.0,0.0,0.02,0.0,0.0,0.04,0.0,0.0,0.04
5,2,4,1,False,8.279201944828552,0.6587320978313407,3,qEHVI,0.28,0.38,0.24,0.02,0.02,0.0,0.0,0.0,0.0,0.0,0.0,0.04,0.0,0.0,0.02
5,2,4,1,False,8.279201944828552,0.6587320978313407,4,qUCB,0.3,0.56,0.04,0.02,0.0,0.0,0.0,0.0,0.0,0.0,0.0,0.04,0.0,0.04,0.0
5,3,3,2,False,7.122209179697628,0.8716280668536682,0,qEHVI,0.4,0.5,0.02,0.0,0.0,0.0,0.0,0.0,0.0,0.0,0.0,0.04,0.0,0.0,0.04
5,3,3,2,False,7.122209179697628,0.8716280668536682,1,qEHVI,0.22,0.66,0.02,0.0,0.02,0.0,0.0,0.0,0.0,0.0,0.0,0.04,0.0,0.0,0.04
5,3,3,2,False,7.122209179697628,0.8716280668536682,2,qEHVI,0.54,0.36,0.0,0.0,0.0,0.0,0.0,0.0,0.02,0.0,0.0,0.04,0.0,0.0,0.04
5,3,3,2,False,7.122209179697628,0.8716280668536682,3,qUCB,0.5,0.28,0.12,0.04,0.04,0.0,0.0,0.0,0.0,0.0,0.0,0.0,0.0,0.02,0.0
5,3,3,2,False,7.122209179697628,0.8716280668536682,4,qUCB,0.4,0.12,0.38,0.02,0.04,0.0,0.0,0.0,0.0,0.0,0.0,0.0,0.0,0.04,0.0
5,4,2,3,False,6.603624163610863,0.5474810476325409,0,qEHVI,0.4,0.5,0.02,0.0,0.0,0.0,0.0,0.0,0.0,0.0,0.0,0.04,0.0,0.0,0.04
5,4,2,3,False,6.603624163610863,0.5474810476325409,1,qEHVI,0.22,0.66,0.02,0.0,0.02,0.0,0.0,0.0,0.0,0.0,0.0,0.04,0.0,0.0,0.04
5,4,2,3,False,6.603624163610863,0.5474810476325409,2,qUCB,0.5,0.28,0.12,0.04,0.04,0.0,0.0,0.0,0.0,0.0,0.0,0.0,0.0,0.02,0.0
5,4,2,3,False,6.603624163610863,0.5474810476325409,3,qUCB,0.4,0.12,0.38,0.02,0.04,0.0,0.0,0.0,0.0,0.0,0.0,0.0,0.0,0.04,0.0
5,4,2,3,False,6.603624163610863,0.5474810476325409,4,qUCB,0.3,0.56,0.04,0.02,0.0,0.0,0.0,0.0,0.0,0.0,0.0,0.04,0.0,0.04,0.0
5,5,1,4,False,5.718341991998609,0.558730862414536,0,qEHVI,0.4,0.5,0.02,0.0,0.0,0.0,0.0,0.0,0.0,0.0,0.0,0.04,0.0,0.0,0.04
5,5,1,4,False,5.718341991998609,0.558730862414536,1,qUCB,0.4,0.5,0.0,0.04,0.04,0.0,0.0,0.0,0.0,0.0,0.0,0.02,0.0,0.0,0.0
5,5,1,4,False,5.718341991998609,0.558730862414536,2,qUCB,0.4,0.12,0.38,0.02,0.04,0.0,0.0,0.0,0.0,0.0,0.0,0.0,0.0,0.04,0.0
5,5,1,4,False,5.718341991998609,0.558730862414536,3,qUCB,0.0,0.0,0.9,0.0,0.04,0.0,0.0,0.0,0.04,0.0,0.0,0.0,0.0,0.02,0.0
5,5,1,4,False,5.718341991998609,0.558730862414536,4,qUCB,0.3,0.56,0.04,0.02,0.0,0.0,0.0,0.0,0.0,0.0,0.0,0.04,0.0,0.04,0.0
5,6,0,5,True,6.10309910454882,0.42049366699666724,0,qUCB,0.34,0.46,0.1,0.02,0.0,0.0,0.0,0.0,0.0,0.0,0.0,0.04,0.0,0.0,0.04
5,6,0,5,True,6.10309910454882,0.42049366699666724,1,qUCB,0.4,0.48,0.02,0.02,0.04,0.0,0.0,0.0,0.0,0.0,0.0,0.04,0.0,0.0,0.0
5,6,0,5,True,6.10309910454882,0.42049366699666724,2,qUCB,0.22,0.66,0.02,0.0,0.02,0.0,0.0,0.0,0.0,0.0,0.0,0.04,0.0,0.0,0.04
5,6,0,5,True,6.10309910454882,0.42049366699666724,3,qUCB,0.3,0.56,0.04,0.02,0.0,0.0,0.0,0.0,0.0,0.0,0.0,0.04,0.0,0.04,0.0
5,6,0,5,True,6.10309910454882,0.42049366699666724,4,qUCB,0.02,0.88,0.0,0.0,0.0,0.0,0.0,0.0,0.04,0.0,0.0,0.04,0.0,0.0,0.02
6,1,5,0,False,5.796147634088984,0.9851562149020396,0,qEHVI,0.56,0.2,0.14,0.0,0.02,0.0,0.0,0.0,0.0,0.0,0.0,0.04,0.0,0.0,0.04
6,1,5,0,False,5.796147634088984,0.9851562149020396,1,qEHVI,0.6,0.3,0.0,0.02,0.02,0.0,0.0,0.0,0.0,0.0,0.0,0.04,0.0,0.0,0.02
6,1,5,0,False,5.796147634088984,0.9851562149020396,2,qEHVI,0.32,0.16,0.42,0.04,0.0,0.0,0.0,0.0,0.0,0.0,0.0,0.04,0.0,0.02,0.0
6,1,5,0,False,5.796147634088984,0.9851562149020396,3,qEHVI,0.58,0.34,0.0,0.0,0.0,0.0,0.0,0.0,0.0,0.0,0.0,0.02,0.0,0.04,0.02
6,1,5,0,False,5.796147634088984,0.9851562149020396,4,qEHVI,0.66,0.24,0.02,0.0,0.0,0.0,0.0,0.0,0.0,0.0,0.0,0.04,0.0,0.0,0.04
6,2,4,1,False,5.367833098143196,0.4822769908404677,0,qEHVI,0.56,0.2,0.14,0.0,0.02,0.0,0.0,0.0,0.0,0.0,0.0,0.04,0.0,0.0,0.04
6,2,4,1,False,5.367833098143196,0.4822769908404677,1,qEHVI,0.6,0.3,0.0,0.02,0.02,0.0,0.0,0.0,0.0,0.0,0.0,0.04,0.0,0.0,0.02
6,2,4,1,False,5.367833098143196,0.4822769908404677,2,qEHVI,0.32,0.16,0.42,0.04,0.0,0.0,0.0,0.0,0.0,0.0,0.0,0.04,0.0,0.02,0.0
6,2,4,1,False,5.367833098143196,0.4822769908404677,3,qEHVI,0.58,0.34,0.0,0.0,0.0,0.0,0.0,0.0,0.0,0.0,0.0,0.02,0.0,0.04,0.02
6,2,4,1,False,5.367833098143196,0.4822769908404677,4,qUCB,0.46,0.26,0.18,0.04,0.04,0.0,0.0,0.0,0.0,0.0,0.0,0.0,0.0,0.02,0.0
6,3,3,2,False,4.758130737214827,0.7667107991166877,0,qEHVI,0.56,0.2,0.14,0.0,0.02,0.0,0.0,0.0,0.0,0.0,0.0,0.04,0.0,0.0,0.04
6,3,3,2,False,4.758130737214827,0.7667107991166877,1,qEHVI,0.6,0.3,0.0,0.02,0.02,0.0,0.0,0.0,0.0,0.0,0.0,0.04,0.0,0.0,0.02
6,3,3,2,False,4.758130737214827,0.7667107991166877,2,qEHVI,0.32,0.16,0.42,0.04,0.0,0.0,0.0,0.0,0.0,0.0,0.0,0.04,0.0,0.02,0.0
6,3,3,2,False,4.758130737214827,0.7667107991166877,3,qUCB,0.48,0.38,0.04,0.02,0.04,0.0,0.0,0.0,0.0,0.0,0.0,0.0,0.0,0.04,0.0
6,3,3,2,False,4.758130737214827,0.7667107991166877,4,qUCB,0.32,0.12,0.48,0.0,0.04,0.0,0.0,0.0,0.0,0.0,0.0,0.0,0.0,0.04,0.0
6,4,2,3,False,4.447803848472626,0.7668001490605345,0,qEHVI,0.56,0.2,0.14,0.0,0.02,0.0,0.0,0.0,0.0,0.0,0.0,0.04,0.0,0.0,0.04
6,4,2,3,False,4.447803848472626,0.7668001490605345,1,qEHVI,0.6,0.3,0.0,0.02,0.02,0.0,0.0,0.0,0.0,0.0,0.0,0.04,0.0,0.0,0.02
6,4,2,3,False,4.447803848472626,0.7668001490605345,2,qUCB,0.42,0.34,0.14,0.04,0.0,0.0,0.0,0.0,0.0,0.0,0.0,0.0,0.0,0.04,0.02
6,4,2,3,False,4.447803848472626,0.7668001490605345,3,qUCB,0.36,0.14,0.42,0.04,0.0,0.0,0.0,0.0,0.0,0.0,0.0,0.0,0.0,0.04,0.0
6,4,2,3,False,4.447803848472626,0.7668001490605345,4,qUCB,0.0,0.04,0.86,0.02,0.0,0.0,0.0,0.0,0.04,0.0,0.0,0.0,0.0,0.04,0.0
6,5,1,4,False,3.593301884296758,0.40805462747996124,0,qEHVI,0.56,0.2,0.14,0.0,0.02,0.0,0.0,0.0,0.0,0.0,0.0,0.04,0.0,0.0,0.04
6,5,1,4,False,3.593301884296758,0.40805462747996124,1,qUCB,0.52,0.26,0.12,0.04,0.02,0.0,0.0,0.0,0.0,0.0,0.0,0.0,0.0,0.04,0.0
6,5,1,4,False,3.593301884296758,0.40805462747996124,2,qUCB,0.36,0.14,0.42,0.04,0.0,0.0,0.0,0.0,0.0,0.0,0.0,0.0,0.0,0.04,0.0
6,5,1,4,False,3.593301884296758,0.40805462747996124,3,qUCB,0.46,0.48,0.0,0.04,0.0,0.0,0.0,0.0,0.0,0.0,0.0,0.0,0.0,0.02,0.0
6,5,1,4,False,3.593301884296758,0.40805462747996124,4,qUCB,0.42,0.0,0.54,0.0,0.0,0.0,0.0,0.0,0.0,0.0,0.0,0.0,0.0,0.04,0.0
6,6,0,5,True,3.0326484201567228,0.7541062529402458,0,qUCB,0.56,0.36,0.0,0.04,0.0,0.0,0.0,0.0,0.0,0.0,0.0,0.02,0.0,0.02,0.0
6,6,0,5,True,3.0326484201567228,0.7541062529402458,1,qUCB,0.54,0.32,0.04,0.04,0.0,0.0,0.0,0.0,0.0,0.0,0.0,0.04,0.0,0.0,0.02
6,6,0,5,True,3.0326484201567228,0.7541062529402458,2,qUCB,0.42,0.34,0.14,0.04,0.0,0.0,0.0,0.0,0.0,0.0,0.0,0.0,0.0,0.04,0.02
6,6,0,5,True,3.0326484201567228,0.7541062529402458,3,qUCB,0.34,0.06,0.5,0.0,0.04,0.0,0.0,0.0,0.0,0.0,0.0,0.02,0.0,0.0,0.04
6,6,0,5,True,3.0326484201567228,0.7541062529402458,4,qUCB,0.38,0.3,0.22,0.04,0.0,0.0,0.0,0.0,0.0,0.0,0.0,0.04,0.0,0.02,0.0
7,1,5,0,False,6.225914078793931,0.43436148570920885,0,qEHVI,0.36,0.2,0.34,0.0,0.04,0.0,0.0,0.0,0.0,0.0,0.0,0.04,0.0,0.0,0.02
7,1,5,0,False,6.225914078793931,0.43436148570920885,1,qEHVI,0.4,0.26,0.24,0.04,0.04,0.0,0.0,0.0,0.0,0.0,0.0,0.02,0.0,0.0,0.0
7,1,5,0,False,6.225914078793931,0.43436148570920885,2,qEHVI,0.52,0.22,0.16,0.0,0.02,0.0,0.0,0.0,0.0,0.0,0.0,0.04,0.0,0.0,0.04
7,1,5,0,False,6.225914078793931,0.43436148570920885,3,qEHVI,0.3,0.02,0.58,0.02,0.04,0.0,0.0,0.0,0.0,0.0,0.0,0.04,0.0,0.0,0.0
7,1,5,0,False,6.225914078793931,0.43436148570920885,4,qEHVI,0.2,0.28,0.42,0.02,0.04,0.0,0.0,0.0,0.0,0.0,0.0,0.04,0.0,0.0,0.0
7,2,4,1,False,5.636895400727053,0.2633999505340361,0,qEHVI,0.36,0.2,0.34,0.0,0.04,0.0,0.0,0.0,0.0,0.0,0.0,0.04,0.0,0.0,0.02
7,2,4,1,False,5.636895400727053,0.2633999505340361,1,qEHVI,0.4,0.26,0.24,0.04,0.04,0.0,0.0,0.0,0.0,0.0,0.0,0.02,0.0,0.0,0.0
7,2,4,1,False,5.636895400727053,0.2633999505340361,2,qEHVI,0.52,0.22,0.16,0.0,0.02,0.0,0.0,0.0,0.0,0.0,0.0,0.04,0.0,0.0,0.04
7,2,4,1,False,5.636895400727053,0.2633999505340361,3,qEHVI,0.3,0.02,0.58,0.02,0.04,0.0,0.0,0.0,0.0,0.0,0.0,0.04,0.0,0.0,0.0
7,2,4,1,False,5.636895400727053,0.2633999505340361,4,qUCB,0.52,0.2,0.2,0.0,0.0,0.0,0.0,0.0,0.04,0.0,0.0,0.0,0.0,0.04,0.0
7,3,3,2,False,4.771209219359668,0.3302143696131319,0,qEHVI,0.36,0.2,0.34,0.0,0.04,0.0,0.0,0.0,0.0,0.0,0.0,0.04,0.0,0.0,0.02
7,3,3,2,False,4.771209219359668,0.3302143696131319,1,qEHVI,0.4,0.26,0.24,0.04,0.04,0.0,0.0,0.0,0.0,0.0,0.0,0.02,0.0,0.0,0.0
7,3,3,2,False,4.771209219359668,0.3302143696131319,2,qEHVI,0.52,0.22,0.16,0.0,0.02,0.0,0.0,0.0,0.0,0.0,0.0,0.04,0.0,0.0,0.04
7,3,3,2,False,4.771209219359668,0.3302143696131319,3,qUCB,0.52,0.2,0.2,0.0,0.0,0.0,0.0,0.0,0.04,0.0,0.0,0.0,0.0,0.04,0.0
7,3,3,2,False,4.771209219359668,0.3302143696131319,4,qUCB,0.02,0.8200000000000001,0.06,0.04,0.0,0.0,0.0,0.0,0.04,0.0,0.0,0.0,0.0,0.02,0.0
7,4,2,3,False,4.33872423283665,0.3879005180066235,0,qEHVI,0.36,0.2,0.34,0.0,0.04,0.0,0.0,0.0,0.0,0.0,0.0,0.04,0.0,0.0,0.02
7,4,2,3,False,4.33872423283665,0.3879005180066235,1,qEHVI,0.4,0.26,0.24,0.04,0.04,0.0,0.0,0.0,0.0,0.0,0.0,0.02,0.0,0.0,0.0
7,4,2,3,False,4.33872423283665,0.3879005180066235,2,qUCB,0.52,0.2,0.2,0.0,0.0,0.0,0.0,0.0,0.04,0.0,0.0,0.0,0.0,0.04,0.0
7,4,2,3,False,4.33872423283665,0.3879005180066235,3,qUCB,0.02,0.8200000000000001,0.06,0.04,0.0,0.0,0.0,0.0,0.04,0.0,0.0,0.0,0.0,0.02,0.0
7,4,2,3,False,4.33872423283665,0.3879005180066235,4,qUCB,0.02,0.0,0.9,0.0,0.04,0.0,0.0,0.0,0.0,0.0,0.0,0.0,0.0,0.04,0.0
7,5,1,4,False,3.4440445813749987,0.38259316381278996,0,qEHVI,0.36,0.2,0.34,0.0,0.04,0.0,0.0,0.0,0.0,0.0,0.0,0.04,0.0,0.0,0.02
7,5,1,4,False,3.4440445813749987,0.38259316381278996,1,qUCB,0.02,0.8200000000000001,0.06,0.04,0.0,0.0,0.0,0.0,0.04,0.0,0.0,0.0,0.0,0.02,0.0
7,5,1,4,False,3.4440445813749987,0.38259316381278996,2,qUCB,0.46,0.32,0.14,0.0,0.0,0.0,0.0,0.0,0.04,0.0,0.0,0.0,0.0,0.04,0.0
7,5,1,4,False,3.4440445813749987,0.38259316381278996,3,qUCB,0.0,0.52,0.38,0.04,0.04,0.0,0.0,0.0,0.0,0.0,0.0,0.0,0.0,0.02,0.0
7,5,1,4,False,3.4440445813749987,0.38259316381278996,4,qUCB,0.32,0.58,0.02,0.04,0.0,0.0,0.0,0.0,0.0,0.0,0.0,0.0,0.0,0.04,0.0
7,6,0,5,True,2.9736325215479322,0.2772786298544929,0,qUCB,0.48,0.3,0.12,0.04,0.04,0.0,0.0,0.0,0.0,0.0,0.0,0.02,0.0,0.0,0.0
7,6,0,5,True,2.9736325215479322,0.2772786298544929,1,qUCB,0.56,0.24,0.1,0.02,0.02,0.0,0.0,0.0,0.0,0.0,0.0,0.04,0.0,0.02,0.0
7,6,0,5,True,2.9736325215479322,0.2772786298544929,2,qUCB,0.1,0.44,0.36,0.04,0.04,0.0,0.0,0.0,0.0,0.0,0.0,0.02,0.0,0.0,0.0
7,6,0,5,True,2.9736325215479322,0.2772786298544929,3,qUCB,0.02,0.0,0.9,0.0,0.04,0.0,0.0,0.0,0.0,0.0,0.0,0.0,0.0,0.04,0.0
7,6,0,5,True,2.9736325215479322,0.2772786298544929,4,qUCB,0.0,0.72,0.18,0.04,0.0,0.0,0.0,0.0,0.02,0.0,0.0,0.04,0.0,0.0,0.0
8,1,5,0,False,5.743291862531184,0.37434902003209347,0,qEHVI,0.48,0.06,0.38,0.0,0.04,0.0,0.0,0.0,0.0,0.0,0.0,0.04,0.0,0.0,0.0
8,1,5,0,False,5.743291862531184,0.37434902003209347,1,qEHVI,0.56,0.2,0.16,0.0,0.0,0.0,0.0,0.0,0.0,0.0,0.0,0.04,0.0,0.0,0.04
8,1,5,0,False,5.743291862531184,0.37434902003209347,2,qEHVI,0.38,0.02,0.54,0.0,0.02,0.0,0.0,0.0,0.0,0.0,0.0,0.04,0.0,0.0,0.0
8,1,5,0,False,5.743291862531184,0.37434902003209347,3,qEHVI,0.62,0.08,0.2,0.02,0.04,0.0,0.0,0.0,0.0,0.0,0.0,0.04,0.0,0.0,0.0
8,1,5,0,False,5.743291862531184,0.37434902003209347,4,qEHVI,0.36,0.04,0.5,0.0,0.04,0.0,0.0,0.0,0.0,0.0,0.0,0.04,0.0,0.02,0.0
8,2,4,1,False,5.315945114063502,0.5873104344491828,0,qEHVI,0.48,0.06,0.38,0.0,0.04,0.0,0.0,0.0,0.0,0.0,0.0,0.04,0.0,0.0,0.0
8,2,4,1,False,5.315945114063502,0.5873104344491828,1,qEHVI,0.56,0.2,0.16,0.0,0.0,0.0,0.0,0.0,0.0,0.0,0.0,0.04,0.0,0.0,0.04
8,2,4,1,False,5.315945114063502,0.5873104344491828,2,qEHVI,0.38,0.02,0.54,0.0,0.02,0.0,0.0,0.0,0.0,0.0,0.0,0.04,0.0,0.0,0.0
8,2,4,1,False,5.315945114063502,0.5873104344491828,3,qEHVI,0.62,0.08,0.2,0.02,0.04,0.0,0.0,0.0,0.0,0.0,0.0,0.04,0.0,0.0,0.0
8,2,4,1,False,5.315945114063502,0.5873104344491828,4,qUCB,0.06,0.8200000000000001,0.02,0.04,0.0,0.0,0.0,0.0,0.02,0.0,0.0,0.0,0.0,0.04,0.0
8,3,3,2,False,4.654881156108492,0.7809338062854425,0,qEHVI,0.48,0.06,0.38,0.0,0.04,0.0,0.0,0.0,0.0,0.0,0.0,0.04,0.0,0.0,0.0
8,3,3,2,False,4.654881156108492,0.7809338062854425,1,qEHVI,0.4,0.06,0.44,0.0,0.0,0.0,0.0,0.0,0.0,0.0,0.0,0.04,0.0,0.02,0.04
8,3,3,2,False,4.654881156108492,0.7809338062854425,2,qEHVI,0.38,0.02,0.54,0.0,0.02,0.0,0.0,0.0,0.0,0.0,0.0,0.04,0.0,0.0,0.0
8,3,3,2,False,4.654881156108492,0.7809338062854425,3,qUCB,0.06,0.8200000000000001,0.02,0.04,0.0,0.0,0.0,0.0,0.02,0.0,0.0,0.0,0.0,0.04,0.0
8,3,3,2,False,4.654881156108492,0.7809338062854425,4,qUCB,0.38,0.5,0.02,0.02,0.0,0.0,0.0,0.0,0.04,0.0,0.0,0.0,0.0,0.04,0.0
8,4,2,3,False,3.905437505649297,0.2239790458717026,0,qEHVI,0.48,0.06,0.38,0.0,0.04,0.0,0.0,0.0,0.0,0.0,0.0,0.04,0.0,0.0,0.0
8,4,2,3,False,3.905437505649297,0.2239790458717026,1,qEHVI,0.56,0.2,0.16,0.0,0.0,0.0,0.0,0.0,0.0,0.0,0.0,0.04,0.0,0.0,0.04
8,4,2,3,False,3.905437505649297,0.2239790458717026,2,qUCB,0.06,0.8200000000000001,0.02,0.04,0.0,0.0,0.0,0.0,0.02,0.0,0.0,0.0,0.0,0.04,0.0
8,4,2,3,False,3.905437505649297,0.2239790458717026,3,qUCB,0.38,0.5,0.02,0.02,0.0,0.0,0.0,0.0,0.04,0.0,0.0,0.0,0.0,0.04,0.0
8,4,2,3,False,3.905437505649297,0.2239790458717026,4,qUCB,0.36,0.38,0.18,0.0,0.0,0.0,0.0,0.0,0.04,0.0,0.0,0.0,0.0,0.04,0.0
8,5,1,4,False,3.73708270575856,0.9035135217947001,0,qEHVI,0.48,0.06,0.38,0.0,0.04,0.0,0.0,0.0,0.0,0.0,0.0,0.04,0.0,0.0,0.0
8,5,1,4,False,3.73708270575856,0.9035135217947001,1,qUCB,0.06,0.8200000000000001,0.02,0.04,0.0,0.0,0.0,0.0,0.02,0.0,0.0,0.0,0.0,0.04,0.0
8,5,1,4,False,3.73708270575856,0.9035135217947001,2,qUCB,0.34,0.56,0.0,0.04,0.0,0.0,0.0,0.0,0.02,0.0,0.0,0.0,0.0,0.0,0.04
8,5,1,4,False,3.73708270575856,0.9035135217947001,3,qUCB,0.44,0.02,0.44,0.0,0.0,0.0,0.0,0.0,0.02,0.0,0.0,0.0,0.0,0.04,0.04
8,5,1,4,False,3.73708270575856,0.9035135217947001,4,qUCB,0.28,0.0,0.64,0.04,0.0,0.0,0.0,0.0,0.0,0.0,0.0,0.0,0.0,0.0,0.04
8,6,0,5,True,2.8508056051794077,0.5441635850731303,0,qUCB,0.58,0.3,0.02,0.02,0.04,0.0,0.0,0.0,0.0,0.0,0.0,0.04,0.0,0.0,0.0
8,6,0,5,True,2.8508056051794077,0.5441635850731303,1,qUCB,0.46,0.04,0.44,0.0,0.0,0.0,0.0,0.0,0.0,0.0,0.0,0.04,0.0,0.02,0.0
8,6,0,5,True,2.8508056051794077,0.5441635850731303,2,qUCB,0.5,0.44,0.02,0.0,0.0,0.0,0.0,0.0,0.0,0.0,0.0,0.04,0.0,0.0,0.0
8,6,0,5,True,2.8508056051794077,0.5441635850731303,3,qUCB,0.62,0.08,0.2,0.02,0.04,0.0,0.0,0.0,0.0,0.0,0.0,0.04,0.0,0.0,0.0
8,6,0,5,True,2.8508056051794077,0.5441635850731303,4,qUCB,0.38,0.0,0.52,0.02,0.0,0.0,0.0,0.0,0.0,0.0,0.0,0.04,0.0,0.0,0.04
9,1,5,0,False,8.672492730241645,0.5554277690784781,0,qEHVI,0.42,0.24,0.28,0.0,0.0,0.0,0.0,0.0,0.0,0.0,0.0,0.04,0.0,0.0,0.02
9,1,5,0,False,8.672492730241645,0.5554277690784781,1,qEHVI,0.44,0.14,0.34,0.0,0.0,0.0,0.0,0.0,0.0,0.0,0.0,0.04,0.0,0.0,0.04
9,1,5,0,False,8.672492730241645,0.5554277690784781,2,qEHVI,0.46,0.28,0.22,0.0,0.0,0.0,0.0,0.0,0.0,0.0,0.0,0.04,0.0,0.0,0.0
9,1,5,0,False,8.672492730241645,0.5554277690784781,3,qEHVI,0.32,0.0,0.64,0.0,0.0,0.0,0.0,0.0,0.0,0.0,0.0,0.02,0.0,0.02,0.0
9,1,5,0,False,8.672492730241645,0.5554277690784781,4,qEHVI,0.4,0.0,0.52,0.0,0.0,0.0,0.0,0.0,0.0,0.0,0.0,0.04,0.0,0.0,0.04
9,2,4,1,False,8.008577336490122,0.462518453845723,0,qEHVI,0.42,0.24,0.28,0.0,0.0,0.0,0.0,0.0,0.0,0.0,0.0,0.04,0.0,0.0,0.02
9,2,4,1,False,8.008577336490122,0.462518453845723,1,qEHVI,0.44,0.14,0.34,0.0,0.0,0.0,0.0,0.0,0.0,0.0,0.0,0.04,0.0,0.0,0.04
9,2,4,1,False,8.008577336490122,0.462518453845723,2,qEHVI,0.46,0.28,0.22,0.0,0.0,0.0,0.0,0.0,0.0,0.0,0.0,0.04,0.0,0.0,0.0
9,2,4,1,False,8.008577336490122,0.462518453845723,3,qEHVI,0.4,0.0,0.52,0.0,0.0,0.0,0.0,0.0,0.0,0.0,0.0,0.04,0.0,0.0,0.04
9,2,4,1,False,8.008577336490122,0.462518453845723,4,qUCB,0.76,0.0,0.14,0.04,0.04,0.0,0.0,0.0,0.02,0.0,0.0,0.0,0.0,0.0,0.0
9,3,3,2,False,7.18014163667147,0.3934861353731559,0,qEHVI,0.42,0.24,0.28,0.0,0.0,0.0,0.0,0.0,0.0,0.0,0.0,0.04,0.0,0.0,0.02
9,3,3,2,False,7.18014163667147,0.3934861353731559,1,qEHVI,0.44,0.14,0.34,0.0,0.0,0.0,0.0,0.0,0.0,0.0,0.0,0.04,0.0,0.0,0.04
9,3,3,2,False,7.18014163667147,0.3934861353731559,2,qEHVI,0.46,0.28,0.22,0.0,0.0,0.0,0.0,0.0,0.0,0.0,0.0,0.04,0.0,0.0,0.0
9,3,3,2,False,7.18014163667147,0.3934861353731559,3,qUCB,0.76,0.0,0.14,0.04,0.04,0.0,0.0,0.0,0.02,0.0,0.0,0.0,0.0,0.0,0.0
9,3,3,2,False,7.18014163667147,0.3934861353731559,4,qUCB,0.0,0.06,0.84,0.04,0.0,0.0,0.0,0.0,0.04,0.0,0.0,0.0,0.0,0.02,0.0
9,4,2,3,False,5.968311442693914,0.2191871059539876,0,qEHVI,0.42,0.24,0.28,0.0,0.0,0.0,0.0,0.0,0.0,0.0,0.0,0.04,0.0,0.0,0.02
9,4,2,3,False,5.968311442693914,0.2191871059539876,1,qEHVI,0.44,0.14,0.34,0.0,0.0,0.0,0.0,0.0,0.0,0.0,0.0,0.04,0.0,0.0,0.04
9,4,2,3,False,5.968311442693914,0.2191871059539876,2,qUCB,0.76,0.0,0.14,0.04,0.04,0.0,0.0,0.0,0.02,0.0,0.0,0.0,0.0,0.0,0.0
9,4,2,3,False,5.968311442693914,0.2191871059539876,3,qUCB,0.24,0.62,0.04,0.04,0.0,0.0,0.0,0.0,0.04,0.0,0.0,0.0,0.0,0.02,0.0
9,4,2,3,False,5.968311442693914,0.2191871059539876,4,qUCB,0.0,0.06,0.84,0.04,0.0,0.0,0.0,0.0,0.04,0.0,0.0,0.0,0.0,0.02,0.0
9,5,1,4,False,4.472707874285996,0.23351704889886804,0,qEHVI,0.42,0.24,0.28,0.0,0.0,0.0,0.0,0.0,0.0,0.0,0.0,0.04,0.0,0.0,0.02
9,5,1,4,False,4.472707874285996,0.23351704889886804,1,qUCB,0.76,0.0,0.14,0.04,0.04,0.0,0.0,0.0,0.02,0.0,0.0,0.0,0.0,0.0,0.0
9,5,1,4,False,4.472707874285996,0.23351704889886804,2,qUCB,0.24,0.62,0.04,0.04,0.0,0.0,0.0,0.0,0.04,0.0,0.0,0.0,0.0,0.02,0.0
9,5,1,4,False,4.472707874285996,0.23351704889886804,3,qUCB,0.0,0.06,0.84,0.04,0.0,0.0,0.0,0.0,0.04,0.0,0.0,0.0,0.0,0.02,0.0
9,5,1,4,False,4.472707874285996,0.23351704889886804,4,qUCB,0.0,0.88,0.02,0.04,0.0,0.0,0.0,0.0,0.04,0.0,0.0,0.0,0.0,0.02,0.0
9,6,0,5,True,5.146504684970485,0.7669967311941486,0,qUCB,0.46,0.28,0.22,0.0,0.0,0.0,0.0,0.0,0.0,0.0,0.0,0.04,0.0,0.0,0.0
9,6,0,5,True,5.146504684970485,0.7669967311941486,1,qUCB,0.42,0.32,0.18,0.0,0.0,0.0,0.0,0.0,0.0,0.0,0.0,0.04,0.0,0.0,0.04
9,6,0,5,True,5.146504684970485,0.7669967311941486,2,qUCB,0.48,0.38,0.1,0.0,0.0,0.0,0.0,0.0,0.0,0.0,0.0,0.0,0.0,0.0,0.04
9,6,0,5,True,5.146504684970485,0.7669967311941486,3,qUCB,0.28,0.02,0.64,0.0,0.0,0.0,0.0,0.0,0.04,0.0,0.0,0.0,0.0,0.0,0.02
9,6,0,5,True,5.146504684970485,0.7669967311941486,4,qUCB,0.22,0.0,0.68,0.04,0.0,0.0,0.0,0.0,0.04,0.0,0.0,0.02,0.0,0.0,0.0
10,1,5,0,False,8.028571086380532,0.36491217959379074,0,qEHVI,0.34,0.0,0.6,0.0,0.02,0.0,0.0,0.0,0.0,0.0,0.0,0.0,0.0,0.04,0.0
10,1,5,0,False,8.028571086380532,0.36491217959379074,1,qEHVI,0.46,0.0,0.44,0.0,0.02,0.0,0.0,0.0,0.0,0.0,0.0,0.04,0.0,0.04,0.0
10,1,5,0,False,8.028571086380532,0.36491217959379074,2,qEHVI,0.56,0.0,0.36,0.0,0.04,0.0,0.0,0.0,0.0,0.0,0.0,0.04,0.0,0.0,0.0
10,1,5,0,False,8.028571086380532,0.36491217959379074,3,qEHVI,0.46,0.04,0.4,0.02,0.0,0.0,0.0,0.0,0.0,0.0,0.0,0.04,0.0,0.04,0.0
10,1,5,0,False,8.028571086380532,0.36491217959379074,4,qEHVI,0.4,0.02,0.54,0.0,0.0,0.0,0.0,0.0,0.0,0.0,0.0,0.0,0.0,0.04,0.0
10,2,4,1,False,7.285428956087821,0.21219178988518017,0,qEHVI,0.34,0.0,0.6,0.0,0.02,0.0,0.0,0.0,0.0,0.0,0.0,0.0,0.0,0.04,0.0
10,2,4,1,False,7.285428956087821,0.21219178988518017,1,qEHVI,0.46,0.0,0.44,0.0,0.02,0.0,0.0,0.0,0.0,0.0,0.0,0.04,0.0,0.04,0.0
10,2,4,1,False,7.285428956087821,0.21219178988518017,2,qEHVI,0.56,0.0,0.36,0.0,0.04,0.0,0.0,0.0,0.0,0.0,0.0,0.04,0.0,0.0,0.0
10,2,4,1,False,7.285428956087821,0.21219178988518017,3,qEHVI,0.46,0.04,0.4,0.02,0.0,0.0,0.0,0.0,0.0,0.0,0.0,0.04,0.0,0.04,0.0
10,2,4,1,False,7.285428956087821,0.21219178988518017,4,qUCB,0.4,0.46,0.04,0.04,0.0,0.0,0.0,0.0,0.04,0.0,0.0,0.0,0.0,0.0,0.02
10,3,3,2,False,6.532128993453313,0.2175554114196716,0,qEHVI,0.34,0.0,0.6,0.0,0.02,0.0,0.0,0.0,0.0,0.0,0.0,0.0,0.0,0.04,0.0
10,3,3,2,False,6.532128993453313,0.2175554114196716,1,qEHVI,0.46,0.0,0.44,0.0,0.02,0.0,0.0,0.0,0.0,0.0,0.0,0.04,0.0,0.04,0.0
10,3,3,2,False,6.532128993453313,0.2175554114196716,2,qEHVI,0.56,0.0,0.36,0.0,0.04,0.0,0.0,0.0,0.0,0.0,0.0,0.04,0.0,0.0,0.0
10,3,3,2,False,6.532128993453313,0.2175554114196716,3,qUCB,0.4,0.46,0.04,0.04,0.0,0.0,0.0,0.0,0.04,0.0,0.0,0.0,0.0,0.0,0.02
10,3,3,2,False,6.532128993453313,0.2175554114196716,4,qUCB,0.0,0.9,0.0,0.04,0.0,0.0,0.0,0.0,0.04,0.0,0.0,0.0,0.0,0.02,0.0
10,4,2,3,False,5.070502611964174,0.2845871668774702,0,qEHVI,0.34,0.0,0.6,0.0,0.02,0.0,0.0,0.0,0.0,0.0,0.0,0.0,0.0,0.04,0.0
10,4,2,3,False,5.070502611964174,0.2845871668774702,1,qEHVI,0.46,0.0,0.44,0.0,0.02,0.0,0.0,0.0,0.0,0.0,0.0,0.04,0.0,0.04,0.0
10,4,2,3,False,5.070502611964174,0.2845871668774702,2,qUCB,0.4,0.46,0.04,0.04,0.0,0.0,0.0,0.0,0.04,0.0,0.0,0.0,0.0,0.0,0.02
10,4,2,3,False,5.070502611964174,0.2845871668774702,3,qUCB,0.0,0.9,0.0,0.04,0.0,0.0,0.0,0.0,0.04,0.0,0.0,0.0,0.0,0.02,0.0
10,4,2,3,False,5.070502611964174,0.2845871668774702,4,qUCB,0.24,0.6,0.06,0.04,0.0,0.0,0.0,0.0,0.04,0.0,0.0,0.02,0.0,0.0,0.0
10,5,1,4,False,3.3698447662166457,0.22618398348991775,0,qEHVI,0.34,0.0,0.6,0.0,0.02,0.0,0.0,0.0,0.0,0.0,0.0,0.0,0.0,0.04,0.0
10,5,1,4,False,3.3698447662166457,0.22618398348991775,1,qUCB,0.48,0.38,0.06,0.0,0.0,0.0,0.0,0.0,0.0,0.0,0.0,0.04,0.0,0.0,0.04
10,5,1,4,False,3.3698447662166457,0.22618398348991775,2,qUCB,0.24,0.6,0.06,0.04,0.0,0.0,0.0,0.0,0.04,0.0,0.0,0.02,0.0,0.0,0.0
10,5,1,4,False,3.3698447662166457,0.22618398348991775,3,qUCB,0.0,0.9,0.0,0.04,0.0,0.0,0.0,0.0,0.04,0.0,0.0,0.0,0.0,0.02,0.0
10,5,1,4,False,3.3698447662166457,0.22618398348991775,4,qUCB,0.0,0.54,0.36,0.02,0.0,0.0,0.0,0.0,0.04,0.0,0.0,0.0,0.0,0.0,0.04
10,6,0,5,True,1.8635581987327912,0.347962416508512,0,qUCB,0.48,0.44,0.0,0.0,0.0,0.0,0.0,0.0,0.0,0.0,0.0,0.04,0.0,0.04,0.0
10,6,0,5,True,1.8635581987327912,0.347962416508512,1,qUCB,0.0,0.68,0.32,0.0,0.0,0.0,0.0,0.0,0.0,0.0,0.0,0.0,0.0,0.0,0.0
10,6,0,5,True,1.8635581987327912,0.347962416508512,2,qUCB,0.42,0.48,0.0,0.04,0.0,0.0,0.0,0.0,0.04,0.0,0.0,0.0,0.0,0.02,0.0
10,6,0,5,True,1.8635581987327912,0.347962416508512,3,qUCB,0.0,0.22,0.7000000000000001,0.04,0.0,0.0,0.0,0.0,0.04,0.0,0.0,0.0,0.0,0.0,0.0
10,6,0,5,True,1.8635581987327912,0.347962416508512,4,qUCB,0.42,0.56,0.0,0.02,0.0,0.0,0.0,0.0,0.0,0.0,0.0,0.0,0.0,0.0,0.0
11,1,5,0,False,7.0412350960156695,0.3690483514956959,0,qEHVI,0.48,0.04,0.4,0.0,0.04,0.0,0.0,0.0,0.0,0.0,0.0,0.04,0.0,0.0,0.0
11,1,5,0,False,7.0412350960156695,0.3690483514956959,1,qEHVI,0.38,0.0,0.52,0.0,0.02,0.0,0.0,0.0,0.0,0.0,0.0,0.04,0.0,0.02,0.02
11,1,5,0,False,7.0412350960156695,0.3690483514956959,2,qEHVI,0.58,0.32,0.0,0.0,0.0,0.0,0.0,0.0,0.0,0.0,0.0,0.04,0.0,0.04,0.02
11,1,5,0,False,7.0412350960156695,0.3690483514956959,3,qEHVI,0.56,0.0,0.38,0.0,0.0,0.0,0.0,0.0,0.0,0.0,0.0,0.04,0.0,0.02,0.0
11,1,5,0,False,7.0412350960156695,0.3690483514956959,4,qEHVI,0.46,0.0,0.46,0.0,0.0,0.0,0.0,0.0,0.0,0.0,0.0,0.04,0.0,0.04,0.0
11,2,4,1,False,6.432992232892311,0.0963235002057432,0,qEHVI,0.48,0.04,0.4,0.0,0.04,0.0,0.0,0.0,0.0,0.0,0.0,0.04,0.0,0.0,0.0
11,2,4,1,False,6.432992232892311,0.0963235002057432,1,qEHVI,0.38,0.0,0.52,0.0,0.02,0.0,0.0,0.0,0.0,0.0,0.0,0.04,0.0,0.02,0.02
11,2,4,1,False,6.432992232892311,0.0963235002057432,2,qEHVI,0.58,0.32,0.0,0.0,0.0,0.0,0.0,0.0,0.0,0.0,0.0,0.04,0.0,0.04,0.02
11,2,4,1,False,6.432992232892311,0.0963235002057432,3,qEHVI,0.56,0.0,0.38,0.0,0.0,0.0,0.0,0.0,0.0,0.0,0.0,0.04,0.0,0.02,0.0
11,2,4,1,False,6.432992232892311,0.0963235002057432,4,qUCB,0.06,0.84,0.0,0.04,0.0,0.0,0.0,0.0,0.02,0.0,0.0,0.0,0.0,0.0,0.04
11,3,3,2,False,5.633610306385193,0.17249695152353461,0,qEHVI,0.48,0.04,0.4,0.0,0.04,0.0,0.0,0.0,0.0,0.0,0.0,0.04,0.0,0.0,0.0
11,3,3,2,False,5.633610306385193,0.17249695152353461,1,qEHVI,0.38,0.0,0.52,0.0,0.02,0.0,0.0,0.0,0.0,0.0,0.0,0.04,0.0,0.02,0.02
11,3,3,2,False,5.633610306385193,0.17249695152353461,2,qEHVI,0.58,0.32,0.0,0.0,0.0,0.0,0.0,0.0,0.0,0.0,0.0,0.04,0.0,0.04,0.02
11,3,3,2,False,5.633610306385193,0.17249695152353461,3,qUCB,0.24,0.62,0.06,0.04,0.0,0.0,0.0,0.0,0.04,0.0,0.0,0.0,0.0,0.0,0.0
11,3,3,2,False,5.633610306385193,0.17249695152353461,4,qUCB,0.06,0.84,0.0,0.04,0.0,0.0,0.0,0.0,0.02,0.0,0.0,0.0,0.0,0.0,0.04
11,4,2,3,False,4.285959664047978,0.2848925299116587,0,qEHVI,0.48,0.04,0.4,0.0,0.04,0.0,0.0,0.0,0.0,0.0,0.0,0.04,0.0,0.0,0.0
11,4,2,3,False,4.285959664047978,0.2848925299116587,1,qEHVI,0.38,0.0,0.52,0.0,0.02,0.0,0.0,0.0,0.0,0.0,0.0,0.04,0.0,0.02,0.02
11,4,2,3,False,4.285959664047978,0.2848925299116587,2,qUCB,0.26,0.7000000000000001,0.0,0.04,0.0,0.0,0.0,0.0,0.0,0.0,0.0,0.0,0.0,0.0,0.0
11,4,2,3,False,4.285959664047978,0.2848925299116587,3,qUCB,0.0,0.9,0.0,0.04,0.0,0.0,0.0,0.0,0.0,0.0,0.0,0.0,0.0,0.02,0.04
11,4,2,3,False,4.285959664047978,0.2848925299116587,4,qUCB,0.1,0.72,0.08,0.04,0.0,0.0,0.0,0.0,0.04,0.0,0.0,0.0,0.0,0.0,0.02
11,5,1,4,False,2.7722396066068637,0.23748592081123476,0,qEHVI,0.48,0.04,0.4,0.0,0.04,0.0,0.0,0.0,0.0,0.0,0.0,0.04,0.0,0.0,0.0
11,5,1,4,False,2.7722396066068637,0.23748592081123476,1,qUCB,0.0,0.9,0.0,0.04,0.0,0.0,0.0,0.0,0.0,0.0,0.0,0.0,0.0,0.02,0.04
11,5,1,4,False,2.7722396066068637,0.23748592081123476,2,qUCB,0.16,0.74,0.0,0.04,0.0,0.0,0.0,0.0,0.02,0.0,0.0,0.0,0.0,0.04,0.0
11,5,1,4,False,2.7722396066068637,0.23748592081123476,3,qUCB,0.52,0.02,0.36,0.0,0.0,0.0,0.0,0.0,0.02,0.0,0.0,0.0,0.0,0.04,0.04
11,5,1,4,False,2.7722396066068637,0.23748592081123476,4,qUCB,0.46,0.4,0.04,0.02,0.0,0.0,0.0,0.0,0.0,0.0,0.0,0.0,0.0,0.04,0.04
11,6,0,5,True,4.693665989572544,0.24308167577678008,0,qUCB,0.58,0.32,0.0,0.0,0.0,0.0,0.0,0.0,0.0,0.0,0.0,0.04,0.0,0.04,0.02
11,6,0,5,True,4.693665989572544,0.24308167577678008,1,qUCB,0.5,0.02,0.38,0.0,0.04,0.0,0.0,0.0,0.02,0.0,0.0,0.04,0.0,0.0,0.0
11,6,0,5,True,4.693665989572544,0.24308167577678008,2,qUCB,0.48,0.0,0.46,0.0,0.04,0.0,0.0,0.0,0.0,0.0,0.0,0.0,0.0,0.02,0.0
11,6,0,5,True,4.693665989572544,0.24308167577678008,3,qUCB,0.5,0.38,0.02,0.0,0.0,0.0,0.0,0.0,0.0,0.0,0.0,0.04,0.0,0.02,0.04
11,6,0,5,True,4.693665989572544,0.24308167577678008,4,qUCB,0.0,0.9,0.0,0.04,0.0,0.0,0.0,0.0,0.0,0.0,0.0,0.0,0.0,0.02,0.04
12,1,5,0,False,4.504246029671971,0.20722184648566255,0,qEHVI,0.56,0.02,0.32,0.0,0.02,0.0,0.0,0.0,0.0,0.0,0.0,0.04,0.0,0.04,0.0
12,1,5,0,False,4.504246029671971,0.20722184648566255,1,qEHVI,0.54,0.12,0.24,0.0,0.02,0.0,0.0,0.0,0.0,0.0,0.0,0.04,0.0,0.0,0.04
12,1,5,0,False,4.504246029671971,0.20722184648566255,2,qEHVI,0.54,0.02,0.34,0.0,0.04,0.0,0.0,0.0,0.0,0.0,0.0,0.04,0.0,0.02,0.0
12,1,5,0,False,4.504246029671971,0.20722184648566255,3,qEHVI,0.4,0.02,0.5,0.0,0.02,0.0,0.0,0.0,0.0,0.0,0.0,0.04,0.0,0.02,0.0
12,1,5,0,False,4.504246029671971,0.20722184648566255,4,qEHVI,0.58,0.34,0.0,0.0,0.0,0.0,0.0,0.0,0.0,0.0,0.0,0.04,0.0,0.0,0.04
12,2,4,1,False,4.122562974246639,0.36910698593254665,0,qEHVI,0.56,0.02,0.32,0.0,0.02,0.0,0.0,0.0,0.0,0.0,0.0,0.04,0.0,0.04,0.0
12,2,4,1,False,4.122562974246639,0.36910698593254665,1,qEHVI,0.54,0.12,0.24,0.0,0.02,0.0,0.0,0.0,0.0,0.0,0.0,0.04,0.0,0.0,0.04
12,2,4,1,False,4.122562974246639,0.36910698593254665,2,qEHVI,0.54,0.02,0.34,0.0,0.04,0.0,0.0,0.0,0.0,0.0,0.0,0.04,0.0,0.02,0.0
12,2,4,1,False,4.122562974246639,0.36910698593254665,3,qEHVI,0.4,0.02,0.5,0.0,0.02,0.0,0.0,0.0,0.0,0.0,0.0,0.04,0.0,0.02,0.0
12,2,4,1,False,4.122562974246639,0.36910698593254665,4,qUCB,0.3,0.62,0.0,0.04,0.0,0.0,0.0,0.0,0.04,0.0,0.0,0.0,0.0,0.0,0.0
12,3,3,2,False,3.5480734314315807,0.49765437289147085,0,qEHVI,0.56,0.02,0.32,0.0,0.02,0.0,0.0,0.0,0.0,0.0,0.0,0.04,0.0,0.04,0.0
12,3,3,2,False,3.5480734314315807,0.49765437289147085,1,qEHVI,0.54,0.12,0.24,0.0,0.02,0.0,0.0,0.0,0.0,0.0,0.0,0.04,0.0,0.0,0.04
12,3,3,2,False,3.5480734314315807,0.49765437289147085,2,qEHVI,0.54,0.02,0.34,0.0,0.04,0.0,0.0,0.0,0.0,0.0,0.0,0.04,0.0,0.02,0.0
12,3,3,2,False,3.5480734314315807,0.49765437289147085,3,qUCB,0.26,0.62,0.04,0.04,0.0,0.0,0.0,0.0,0.04,0.0,0.0,0.0,0.0,0.0,0.0
12,3,3,2,False,3.5480734314315807,0.49765437289147085,4,qUCB,0.42,0.06,0.44,0.04,0.0,0.0,0.0,0.0,0.04,0.0,0.0,0.0,0.0,0.0,0.0
12,4,2,3,False,2.7969861561911733,0.2817820633823367,0,qEHVI,0.56,0.02,0.32,0.0,0.02,0.0,0.0,0.0,0.0,0.0,0.0,0.04,0.0,0.04,0.0
12,4,2,3,False,2.7969861561911733,0.2817820633823367,1,qEHVI,0.54,0.12,0.24,0.0,0.02,0.0,0.0,0.0,0.0,0.0,0.0,0.04,0.0,0.0,0.04
12,4,2,3,False,2.7969861561911733,0.2817820633823367,2,qUCB,0.26,0.62,0.04,0.04,0.0,0.0,0.0,0.0,0.04,0.0,0.0,0.0,0.0,0.0,0.0
12,4,2,3,False,2.7969861561911733,0.2817820633823367,3,qUCB,0.32,0.64,0.0,0.04,0.0,0.0,0.0,0.0,0.0,0.0,0.0,0.0,0.0,0.0,0.0
12,4,2,3,False,2.7969861561911733,0.2817820633823367,4,qUCB,0.42,0.06,0.44,0.04,0.0,0.0,0.0,0.0,0.04,0.0,0.0,0.0,0.0,0.0,0.0
12,5,1,4,False,2.000677821217651,0.13449813727582338,0,qEHVI,0.56,0.02,0.32,0.0,0.02,0.0,0.0,0.0,0.0,0.0,0.0,0.04,0.0,0.04,0.0
12,5,1,4,False,2.000677821217651,0.13449813727582338,1,qUCB,0.4,0.48,0.04,0.04,0.0,0.0,0.0,0.0,0.0,0.0,0.0,0.0,0.0,0.0,0.04
12,5,1,4,False,2.000677821217651,0.13449813727582338,2,qUCB,0.22,0.62,0.08,0.04,0.0,0.0,0.0,0.0,0.0,0.0,0.0,0.0,0.0,0.0,0.04
12,5,1,4,False,2.000677821217651,0.13449813727582338,3,qUCB,0.18,0.72,0.0,0.04,0.0,0.0,0.0,0.0,0.04,0.0,0.0,0.02,0.0,0.0,0.0
12,5,1,4,False,2.000677821217651,0.13449813727582338,4,qUCB,0.02,0.62,0.26,0.02,0.0,0.0,0.0,0.0,0.04,0.0,0.0,0.0,0.0,0.0,0.04
12,6,0,5,True,2.314449171555757,0.114688631793571,0,qUCB,0.58,0.34,0.0,0.0,0.0,0.0,0.0,0.0,0.0,0.0,0.0,0.04,0.0,0.0,0.04
12,6,0,5,True,2.314449171555757,0.114688631793571,1,qUCB,0.5,0.4,0.0,0.02,0.0,0.0,0.0,0.0,0.0,0.0,0.0,0.04,0.0,0.0,0.04
12,6,0,5,True,2.314449171555757,0.114688631793571,2,qUCB,0.26,0.64,0.0,0.04,0.0,0.0,0.0,0.0,0.0,0.0,0.0,0.04,0.0,0.02,0.0
12,6,0,5,True,2.314449171555757,0.114688631793571,3,qUCB,0.42,0.02,0.46,0.04,0.04,0.0,0.0,0.0,0.0,0.0,0.0,0.0,0.0,0.02,0.0
12,6,0,5,True,2.314449171555757,0.114688631793571,4,qUCB,0.6,0.02,0.3,0.0,0.0,0.0,0.0,0.0,0.04,0.0,0.0,0.04,0.0,0.0,0.0
13,1,5,0,False,5.348592811300138,0.33016126774207877,0,qEHVI,0.5,0.04,0.36,0.02,0.04,0.0,0.0,0.0,0.0,0.0,0.0,0.04,0.0,0.0,0.0
13,1,5,0,False,5.348592811300138,0.33016126774207877,1,qEHVI,0.46,0.0,0.46,0.0,0.02,0.0,0.0,0.0,0.0,0.0,0.0,0.04,0.0,0.02,0.0
13,1,5,0,False,5.348592811300138,0.33016126774207877,2,qEHVI,0.74,0.08,0.14,0.0,0.0,0.0,0.0,0.0,0.0,0.0,0.0,0.0,0.0,0.0,0.04
13,1,5,0,False,5.348592811300138,0.33016126774207877,3,qEHVI,0.32,0.0,0.6,0.04,0.0,0.0,0.0,0.0,0.0,0.0,0.0,0.0,0.0,0.04,0.0
13,1,5,0,False,5.348592811300138,0.33016126774207877,4,qEHVI,0.48,0.04,0.38,0.0,0.02,0.0,0.0,0.0,0.0,0.0,0.0,0.04,0.0,0.02,0.02
13,2,4,1,False,5.028238014701245,0.3737186466379089,0,qEHVI,0.5,0.04,0.36,0.02,0.04,0.0,0.0,0.0,0.0,0.0,0.0,0.04,0.0,0.0,0.0
13,2,4,1,False,5.028238014701245,0.3737186466379089,1,qEHVI,0.46,0.0,0.46,0.0,0.02,0.0,0.0,0.0,0.0,0.0,0.0,0.04,0.0,0.02,0.0
13,2,4,1,False,5.028238014701245,0.3737186466379089,2,qEHVI,0.74,0.08,0.14,0.0,0.0,0.0,0.0,0.0,0.0,0.0,0.0,0.0,0.0,0.0,0.04
13,2,4,1,False,5.028238014701245,0.3737186466379089,3,qEHVI,0.32,0.0,0.6,0.04,0.0,0.0,0.0,0.0,0.0,0.0,0.0,0.0,0.0,0.04,0.0
13,2,4,1,False,5.028238014701245,0.3737186466379089,4,qUCB,0.76,0.02,0.14,0.0,0.0,0.0,0.0,0.0,0.04,0.0,0.0,0.0,0.0,0.04,0.0
13,3,3,2,False,4.465520618721987,0.24801678517436887,0,qEHVI,0.5,0.04,0.36,0.02,0.04,0.0,0.0,0.0,0.0,0.0,0.0,0.04,0.0,0.0,0.0
13,3,3,2,False,4.465520618721987,0.24801678517436887,1,qEHVI,0.46,0.0,0.46,0.0,0.02,0.0,0.0,0.0,0.0,0.0,0.0,0.04,0.0,0.02,0.0
13,3,3,2,False,4.465520618721987,0.24801678517436887,2,qEHVI,0.74,0.08,0.14,0.0,0.0,0.0,0.0,0.0,0.0,0.0,0.0,0.0,0.0,0.0,0.04
13,3,3,2,False,4.465520618721987,0.24801678517436887,3,qUCB,0.28,0.46,0.16,0.04,0.0,0.0,0.0,0.0,0.04,0.0,0.0,0.0,0.0,0.02,0.0
13,3,3,2,False,4.465520618721987,0.24801678517436887,4,qUCB,0.3,0.12,0.5,0.04,0.0,0.0,0.0,0.0,0.04,0.0,0.0,0.0,0.0,0.0,0.0
13,4,2,3,False,3.958439794353103,0.07143908897748119,0,qEHVI,0.5,0.04,0.36,0.02,0.04,0.0,0.0,0.0,0.0,0.0,0.0,0.04,0.0,0.0,0.0
13,4,2,3,False,3.958439794353103,0.07143908897748119,1,qEHVI,0.46,0.0,0.46,0.0,0.02,0.0,0.0,0.0,0.0,0.0,0.0,0.04,0.0,0.02,0.0
13,4,2,3,False,3.958439794353103,0.07143908897748119,2,qUCB,0.76,0.0,0.14,0.0,0.0,0.0,0.0,0.0,0.04,0.0,0.0,0.0,0.0,0.02,0.04
13,4,2,3,False,3.958439794353103,0.07143908897748119,3,qUCB,0.18,0.64,0.1,0.04,0.0,0.0,0.0,0.0,0.0,0.0,0.0,0.0,0.0,0.0,0.04
13,4,2,3,False,3.958439794353103,0.07143908897748119,4,qUCB,0.06,0.62,0.22,0.02,0.0,0.0,0.0,0.0,0.04,0.0,0.0,0.0,0.0,0.0,0.04
13,5,1,4,False,2.996924903923201,0.6930258162961049,0,qEHVI,0.5,0.04,0.36,0.02,0.04,0.0,0.0,0.0,0.0,0.0,0.0,0.04,0.0,0.0,0.0
13,5,1,4,False,2.996924903923201,0.6930258162961049,1,qUCB,0.76,0.0,0.14,0.0,0.0,0.0,0.0,0.0,0.04,0.0,0.0,0.0,0.0,0.02,0.04
13,5,1,4,False,2.996924903923201,0.6930258162961049,2,qUCB,0.34,0.22,0.34,0.0,0.0,0.0,0.0,0.0,0.04,0.0,0.0,0.0,0.0,0.02,0.04
13,5,1,4,False,2.996924903923201,0.6930258162961049,3,qUCB,0.14,0.66,0.1,0.02,0.0,0.0,0.0,0.0,0.04,0.0,0.0,0.0,0.0,0.04,0.0
13,5,1,4,False,2.996924903923201,0.6930258162961049,4,qUCB,0.06,0.62,0.22,0.02,0.0,0.0,0.0,0.0,0.04,0.0,0.0,0.0,0.0,0.0,0.04
13,6,0,5,True,3.719957201981111,0.09797250894974763,0,qUCB,0.5,0.04,0.36,0.02,0.04,0.0,0.0,0.0,0.0,0.0,0.0,0.04,0.0,0.0,0.0
13,6,0,5,True,3.719957201981111,0.09797250894974763,1,qUCB,0.52,0.38,0.02,0.0,0.0,0.0,0.0,0.0,0.04,0.0,0.0,0.04,0.0,0.0,0.0
13,6,0,5,True,3.719957201981111,0.09797250894974763,2,qUCB,0.56,0.0,0.36,0.04,0.0,0.0,0.0,0.0,0.0,0.0,0.0,0.04,0.0,0.0,0.0
13,6,0,5,True,3.719957201981111,0.09797250894974763,3,qUCB,0.8,0.0,0.18,0.0,0.0,0.0,0.0,0.0,0.0,0.0,0.0,0.0,0.0,0.0,0.02
13,6,0,5,True,3.719957201981111,0.09797250894974763,4,qUCB,0.3,0.32,0.38,0.0,0.0,0.0,0.0,0.0,0.0,0.0,0.0,0.0,0.0,0.0,0.0
14,1,5,0,False,4.284782796936544,0.15007738692228578,0,qEHVI,0.32,0.22,0.38,0.0,0.0,0.0,0.0,0.0,0.0,0.0,0.0,0.04,0.0,0.04,0.0
14,1,5,0,False,4.284782796936544,0.15007738692228578,1,qEHVI,0.64,0.14,0.14,0.0,0.0,0.0,0.0,0.0,0.02,0.0,0.0,0.0,0.0,0.02,0.04
14,1,5,0,False,4.284782796936544,0.15007738692228578,2,qEHVI,0.48,0.02,0.42,0.04,0.0,0.0,0.0,0.0,0.0,0.0,0.0,0.04,0.0,0.0,0.0
14,1,5,0,False,4.284782796936544,0.15007738692228578,3,qEHVI,0.46,0.12,0.36,0.0,0.04,0.0,0.0,0.0,0.0,0.0,0.0,0.02,0.0,0.0,0.0
14,1,5,0,False,4.284782796936544,0.15007738692228578,4,qEHVI,0.18,0.16,0.58,0.04,0.0,0.0,0.0,0.0,0.04,0.0,0.0,0.0,0.0,0.0,0.0
14,2,4,1,False,3.913244118617486,0.45266624856641213,0,qEHVI,0.32,0.22,0.38,0.0,0.0,0.0,0.0,0.0,0.0,0.0,0.0,0.04,0.0,0.04,0.0
14,2,4,1,False,3.913244118617486,0.45266624856641213,1,qEHVI,0.64,0.14,0.14,0.0,0.0,0.0,0.0,0.0,0.02,0.0,0.0,0.0,0.0,0.02,0.04
14,2,4,1,False,3.913244118617486,0.45266624856641213,2,qEHVI,0.48,0.02,0.42,0.04,0.0,0.0,0.0,0.0,0.0,0.0,0.0,0.04,0.0,0.0,0.0
14,2,4,1,False,3.913244118617486,0.45266624856641213,3,qEHVI,0.46,0.12,0.36,0.0,0.04,0.0,0.0,0.0,0.0,0.0,0.0,0.02,0.0,0.0,0.0
14,2,4,1,False,3.913244118617486,0.45266624856641213,4,qUCB,0.2,0.62,0.1,0.04,0.0,0.0,0.0,0.0,0.0,0.0,0.0,0.0,0.0,0.04,0.0
14,3,3,2,True,3.873258184185604,0.32276335071969875,0,qEHVI,0.32,0.22,0.38,0.0,0.0,0.0,0.0,0.0,0.0,0.0,0.0,0.04,0.0,0.04,0.0
14,3,3,2,True,3.873258184185604,0.32276335071969875,1,qEHVI,0.48,0.02,0.42,0.04,0.0,0.0,0.0,0.0,0.0,0.0,0.0,0.04,0.0,0.0,0.0
14,3,3,2,True,3.873258184185604,0.32276335071969875,2,qEHVI,0.64,0.14,0.14,0.0,0.0,0.0,0.0,0.0,0.02,0.0,0.0,0.0,0.0,0.02,0.04
14,3,3,2,True,3.873258184185604,0.32276335071969875,3,qUCB,0.44,0.16,0.36,0.0,0.04,0.0,0.0,0.0,0.0,0.0,0.0,0.0,0.0,0.0,0.0
14,3,3,2,True,3.873258184185604,0.32276335071969875,4,qUCB,0.14,0.66,0.12,0.04,0.04,0.0,0.0,0.0,0.0,0.0,0.0,0.0,0.0,0.0,0.0
14,4,2,3,False,3.318481070263452,0.21440978157512625,0,qEHVI,0.32,0.22,0.38,0.0,0.0,0.0,0.0,0.0,0.0,0.0,0.0,0.04,0.0,0.04,0.0
14,4,2,3,False,3.318481070263452,0.21440978157512625,1,qEHVI,0.64,0.14,0.14,0.0,0.0,0.0,0.0,0.0,0.02,0.0,0.0,0.0,0.0,0.02,0.04
14,4,2,3,False,3.318481070263452,0.21440978157512625,2,qUCB,0.14,0.66,0.12,0.04,0.04,0.0,0.0,0.0,0.0,0.0,0.0,0.0,0.0,0.0,0.0
14,4,2,3,False,3.318481070263452,0.21440978157512625,3,qUCB,0.24,0.08,0.6,0.04,0.04,0.0,0.0,0.0,0.0,0.0,0.0,0.0,0.0,0.0,0.0
14,4,2,3,False,3.318481070263452,0.21440978157512625,4,qUCB,0.28,0.16,0.48,0.04,0.0,0.0,0.0,0.0,0.04,0.0,0.0,0.0,0.0,0.0,0.0
14,5,1,4,False,3.0495719244196926,0.7004991913732237,0,qEHVI,0.32,0.22,0.38,0.0,0.0,0.0,0.0,0.0,0.0,0.0,0.0,0.04,0.0,0.04,0.0
14,5,1,4,False,3.0495719244196926,0.7004991913732237,1,qUCB,0.68,0.04,0.18,0.0,0.02,0.0,0.0,0.0,0.04,0.0,0.0,0.0,0.0,0.0,0.04
14,5,1,4,False,3.0495719244196926,0.7004991913732237,2,qUCB,0.14,0.66,0.12,0.04,0.04,0.0,0.0,0.0,0.0,0.0,0.0,0.0,0.0,0.0,0.0
14,5,1,4,False,3.0495719244196926,0.7004991913732237,3,qUCB,0.26,0.06,0.58,0.04,0.04,0.0,0.0,0.0,0.0,0.0,0.0,0.0,0.0,0.0,0.02
14,5,1,4,False,3.0495719244196926,0.7004991913732237,4,qUCB,0.44,0.16,0.3,0.0,0.04,0.0,0.0,0.0,0.02,0.0,0.0,0.0,0.0,0.0,0.04
14,6,0,5,False,2.626431028457024,0.23296710102953178,0,qUCB,0.32,0.22,0.38,0.0,0.0,0.0,0.0,0.0,0.0,0.0,0.0,0.04,0.0,0.04,0.0
14,6,0,5,False,2.626431028457024,0.23296710102953178,1,qUCB,0.58,0.12,0.2,0.0,0.04,0.0,0.0,0.0,0.0,0.0,0.0,0.0,0.0,0.04,0.02
14,6,0,5,False,2.626431028457024,0.23296710102953178,2,qUCB,0.18,0.62,0.16,0.04,0.0,0.0,0.0,0.0,0.0,0.0,0.0,0.0,0.0,0.0,0.0
14,6,0,5,False,2.626431028457024,0.23296710102953178,3,qUCB,0.0,0.24,0.72,0.0,0.0,0.0,0.0,0.0,0.0,0.0,0.0,0.04,0.0,0.0,0.0
14,6,0,5,False,2.626431028457024,0.23296710102953178,4,qUCB,0.0,0.3,0.6,0.04,0.02,0.0,0.0,0.0,0.0,0.0,0.0,0.04,0.0,0.0,0.0
15,1,5,0,False,2.4309509583135465,0.2939367417120533,0,qEHVI,0.38,0.2,0.32,0.0,0.04,0.0,0.0,0.0,0.0,0.0,0.0,0.04,0.0,0.0,0.02
15,1,5,0,False,2.4309509583135465,0.2939367417120533,1,qEHVI,0.48,0.02,0.4,0.02,0.04,0.0,0.0,0.0,0.0,0.0,0.0,0.04,0.0,0.0,0.0
15,1,5,0,False,2.4309509583135465,0.2939367417120533,2,qEHVI,0.6,0.22,0.1,0.0,0.0,0.0,0.0,0.0,0.0,0.0,0.0,0.04,0.0,0.0,0.04
15,1,5,0,False,2.4309509583135465,0.2939367417120533,3,qEHVI,0.64,0.28,0.02,0.0,0.0,0.0,0.0,0.0,0.0,0.0,0.0,0.0,0.0,0.04,0.02
15,1,5,0,False,2.4309509583135465,0.2939367417120533,4,qEHVI,0.5,0.0,0.44,0.02,0.0,0.0,0.0,0.0,0.0,0.0,0.0,0.0,0.0,0.0,0.04
15,2,4,1,False,2.221953379728668,0.2735274857561225,0,qEHVI,0.38,0.2,0.32,0.0,0.04,0.0,0.0,0.0,0.0,0.0,0.0,0.04,0.0,0.0,0.02
15,2,4,1,False,2.221953379728668,0.2735274857561225,1,qEHVI,0.48,0.02,0.4,0.02,0.04,0.0,0.0,0.0,0.0,0.0,0.0,0.04,0.0,0.0,0.0
15,2,4,1,False,2.221953379728668,0.2735274857561225,2,qEHVI,0.6,0.22,0.1,0.0,0.0,0.0,0.0,0.0,0.0,0.0,0.0,0.04,0.0,0.0,0.04
15,2,4,1,False,2.221953379728668,0.2735274857561225,3,qEHVI,0.64,0.28,0.02,0.0,0.0,0.0,0.0,0.0,0.0,0.0,0.0,0.0,0.0,0.04,0.02
15,2,4,1,False,2.221953379728668,0.2735274857561225,4,qUCB,0.34,0.1,0.46,0.04,0.0,0.0,0.0,0.0,0.04,0.0,0.0,0.0,0.0,0.0,0.02
15,3,3,2,True,2.0409727005744,0.14541061083668838,0,qEHVI,0.38,0.2,0.32,0.0,0.04,0.0,0.0,0.0,0.0,0.0,0.0,0.04,0.0,0.0,0.02
15,3,3,2,True,2.0409727005744,0.14541061083668838,1,qEHVI,0.48,0.02,0.4,0.02,0.04,0.0,0.0,0.0,0.0,0.0,0.0,0.04,0.0,0.0,0.0
15,3,3,2,True,2.0409727005744,0.14541061083668838,2,qEHVI,0.6,0.22,0.1,0.0,0.0,0.0,0.0,0.0,0.0,0.0,0.0,0.04,0.0,0.0,0.04
15,3,3,2,True,2.0409727005744,0.14541061083668838,3,qUCB,0.3,0.18,0.44,0.0,0.0,0.0,0.0,0.0,0.04,0.0,0.0,0.0,0.0,0.04,0.0
15,3,3,2,True,2.0409727005744,0.14541061083668838,4,qUCB,0.12,0.62,0.18,0.0,0.0,0.0,0.0,0.0,0.04,0.0,0.0,0.0,0.0,0.04,0.0
15,4,2,3,False,1.5624879984926392,0.22999598229844764,0,qEHVI,0.38,0.2,0.32,0.0,0.04,0.0,0.0,0.0,0.0,0.0,0.0,0.04,0.0,0.0,0.02
15,4,2,3,False,1.5624879984926392,0.22999598229844764,1,qEHVI,0.48,0.02,0.4,0.02,0.04,0.0,0.0,0.0,0.0,0.0,0.0,0.04,0.0,0.0,0.0
15,4,2,3,False,1.5624879984926392,0.22999598229844764,2,qUCB,0.3,0.18,0.44,0.0,0.0,0.0,0.0,0.0,0.04,0.0,0.0,0.0,0.0,0.04,0.0
15,4,2,3,False,1.5624879984926392,0.22999598229844764,3,qUCB,0.12,0.62,0.18,0.0,0.0,0.0,0.0,0.0,0.04,0.0,0.0,0.0,0.0,0.04,0.0
15,4,2,3,False,1.5624879984926392,0.22999598229844764,4,qUCB,0.0,0.18,0.74,0.0,0.0,0.0,0.0,0.0,0.04,0.0,0.0,0.0,0.0,0.04,0.0
15,5,1,4,False,1.4286532288383138,0.344959305242293,0,qEHVI,0.38,0.2,0.32,0.0,0.04,0.0,0.0,0.0,0.0,0.0,0.0,0.04,0.0,0.0,0.02
15,5,1,4,False,1.4286532288383138,0.344959305242293,1,qUCB,0.42,0.06,0.42,0.02,0.0,0.0,0.0,0.0,0.04,0.0,0.0,0.0,0.0,0.04,0.0
15,5,1,4,False,1.4286532288383138,0.344959305242293,2,qUCB,0.42,0.0,0.48,0.04,0.0,0.0,0.0,0.0,0.04,0.0,0.0,0.0,0.0,0.02,0.0
15,5,1,4,False,1.4286532288383138,0.344959305242293,3,qUCB,0.12,0.62,0.18,0.0,0.0,0.0,0.0,0.0,0.04,0.0,0.0,0.0,0.0,0.04,0.0
15,5,1,4,False,1.4286532288383138,0.344959305242293,4,qUCB,0.0,0.18,0.74,0.0,0.0,0.0,0.0,0.0,0.04,0.0,0.0,0.0,0.0,0.04,0.0
15,6,0,5,False,0.9460360184419242,0.12209637573280041,0,qUCB,0.48,0.36,0.08,0.0,0.0,0.0,0.0,0.0,0.0,0.0,0.0,0.04,0.0,0.04,0.0
15,6,0,5,False,0.9460360184419242,0.12209637573280041,1,qUCB,0.06,0.1,0.74,0.0,0.04,0.0,0.0,0.0,0.0,0.0,0.0,0.04,0.0,0.0,0.02
15,6,0,5,False,0.9460360184419242,0.12209637573280041,2,qUCB,0.0,0.74,0.18,0.0,0.0,0.0,0.0,0.0,0.02,0.0,0.0,0.04,0.0,0.02,0.0
15,6,0,5,False,0.9460360184419242,0.12209637573280041,3,qUCB,0.0,0.7000000000000001,0.2,0.0,0.04,0.0,0.0,0.0,0.02,0.0,0.0,0.04,0.0,0.0,0.0
15,6,0,5,False,0.9460360184419242,0.12209637573280041,4,qUCB,0.06,0.24,0.6,0.04,0.04,0.0,0.0,0.0,0.02,0.0,0.0,0.0,0.0,0.0,0.0
16,1,5,0,False,2.6671374072410465,0.2338049213787592,0,qEHVI,0.46,0.2,0.26,0.0,0.04,0.0,0.0,0.0,0.0,0.0,0.0,0.04,0.0,0.0,0.0
16,1,5,0,False,2.6671374072410465,0.2338049213787592,1,qEHVI,0.48,0.02,0.44,0.02,0.0,0.0,0.0,0.0,0.02,0.0,0.0,0.0,0.0,0.0,0.02
16,1,5,0,False,2.6671374072410465,0.2338049213787592,2,qEHVI,0.2,0.3,0.4,0.0,0.04,0.0,0.0,0.0,0.0,0.0,0.0,0.04,0.0,0.02,0.0
16,1,5,0,False,2.6671374072410465,0.2338049213787592,3,qEHVI,0.62,0.28,0.0,0.0,0.0,0.0,0.0,0.0,0.0,0.0,0.0,0.02,0.0,0.04,0.04
16,1,5,0,False,2.6671374072410465,0.2338049213787592,4,qEHVI,0.56,0.26,0.1,0.0,0.0,0.0,0.0,0.0,0.0,0.0,0.0,0.04,0.0,0.0,0.04
16,2,4,1,False,2.338429008313016,0.8656689559832575,0,qEHVI,0.46,0.2,0.26,0.0,0.04,0.0,0.0,0.0,0.0,0.0,0.0,0.04,0.0,0.0,0.0
16,2,4,1,False,2.338429008313016,0.8656689559832575,1,qEHVI,0.52,0.0,0.42,0.02,0.0,0.0,0.0,0.0,0.04,0.0,0.0,0.0,0.0,0.0,0.0
16,2,4,1,False,2.338429008313016,0.8656689559832575,2,qEHVI,0.2,0.3,0.4,0.0,0.04,0.0,0.0,0.0,0.0,0.0,0.0,0.04,0.0,0.02,0.0
16,2,4,1,False,2.338429008313016,0.8656689559832575,3,qEHVI,0.62,0.28,0.0,0.0,0.0,0.0,0.0,0.0,0.0,0.0,0.0,0.02,0.0,0.04,0.04
16,2,4,1,False,2.338429008313016,0.8656689559832575,4,qUCB,0.36,0.5,0.04,0.04,0.0,0.0,0.0,0.0,0.0,0.0,0.0,0.04,0.0,0.0,0.02
16,3,3,2,True,2.1178230210004205,0.37081277047506767,0,qEHVI,0.46,0.2,0.26,0.0,0.04,0.0,0.0,0.0,0.0,0.0,0.0,0.04,0.0,0.0,0.0
16,3,3,2,True,2.1178230210004205,0.37081277047506767,1,qEHVI,0.52,0.0,0.42,0.02,0.0,0.0,0.0,0.0,0.04,0.0,0.0,0.0,0.0,0.0,0.0
16,3,3,2,True,2.1178230210004205,0.37081277047506767,2,qEHVI,0.2,0.3,0.4,0.0,0.04,0.0,0.0,0.0,0.0,0.0,0.0,0.04,0.0,0.02,0.0
16,3,3,2,True,2.1178230210004205,0.37081277047506767,3,qUCB,0.4,0.08,0.44,0.0,0.0,0.0,0.0,0.0,0.0,0.0,0.0,0.0,0.0,0.04,0.04
16,3,3,2,True,2.1178230210004205,0.37081277047506767,4,qUCB,0.0,0.2,0.74,0.0,0.0,0.0,0.0,0.0,0.0,0.0,0.0,0.0,0.0,0.02,0.04
16,4,2,3,False,1.7317318362932181,0.17038170854256496,0,qEHVI,0.46,0.2,0.26,0.0,0.04,0.0,0.0,0.0,0.0,0.0,0.0,0.04,0.0,0.0,0.0
16,4,2,3,False,1.7317318362932181,0.17038170854256496,1,qEHVI,0.52,0.0,0.42,0.02,0.0,0.0,0.0,0.0,0.04,0.0,0.0,0.0,0.0,0.0,0.0
16,4,2,3,False,1.7317318362932181,0.17038170854256496,2,qUCB,0.54,0.28,0.08,0.0,0.0,0.0,0.0,0.0,0.0,0.0,0.0,0.02,0.0,0.04,0.04
16,4,2,3,False,1.7317318362932181,0.17038170854256496,3,qUCB,0.0,0.14,0.76,0.0,0.02,0.0,0.0,0.0,0.0,0.0,0.0,0.0,0.0,0.04,0.04
16,4,2,3,False,1.7317318362932181,0.17038170854256496,4,qUCB,0.5,0.02,0.38,0.0,0.0,0.0,0.0,0.0,0.0,0.0,0.0,0.02,0.0,0.04,0.04
16,5,1,4,False,1.627924337272963,0.192122255753576,0,qEHVI,0.46,0.2,0.26,0.0,0.04,0.0,0.0,0.0,0.0,0.0,0.0,0.04,0.0,0.0,0.0
16,5,1,4,False,1.627924337272963,0.192122255753576,1,qUCB,0.46,0.04,0.4,0.02,0.0,0.0,0.0,0.0,0.04,0.0,0.0,0.0,0.0,0.0,0.04
16,5,1,4,False,1.627924337272963,0.192122255753576,2,qUCB,0.34,0.0,0.56,0.04,0.0,0.0,0.0,0.0,0.04,0.0,0.0,0.0,0.0,0.0,0.02
16,5,1,4,False,1.627924337272963,0.192122255753576,3,qUCB,0.02,0.1,0.78,0.0,0.0,0.0,0.0,0.0,0.02,0.0,0.0,0.0,0.0,0.04,0.04
16,5,1,4,False,1.627924337272963,0.192122255753576,4,qUCB,0.02,0.48,0.4,0.0,0.0,0.0,0.0,0.0,0.04,0.0,0.0,0.0,0.0,0.04,0.02
16,6,0,5,False,1.6148196913348294,0.22775183129578114,0,qUCB,0.52,0.4,0.04,0.0,0.0,0.0,0.0,0.0,0.0,0.0,0.0,0.04,0.0,0.0,0.0
16,6,0,5,False,1.6148196913348294,0.22775183129578114,1,qUCB,0.0,0.22,0.7000000000000001,0.0,0.04,0.0,0.0,0.0,0.0,0.0,0.0,0.04,0.0,0.0,0.0
16,6,0,5,False,1.6148196913348294,0.22775183129578114,2,qUCB,0.52,0.0,0.42,0.02,0.0,0.0,0.0,0.0,0.04,0.0,0.0,0.0,0.0,0.0,0.0
16,6,0,5,False,1.6148196913348294,0.22775183129578114,3,qUCB,0.26,0.04,0.6,0.04,0.04,0.0,0.0,0.0,0.0,0.0,0.0,0.0,0.0,0.02,0.0
16,6,0,5,False,1.6148196913348294,0.22775183129578114,4,qUCB,0.2,0.3,0.4,0.0,0.04,0.0,0.0,0.0,0.0,0.0,0.0,0.04,0.0,0.02,0.0
17,1,5,0,False,2.6176401305907873,0.698537663505796,0,qEHVI,0.42,0.22,0.34,0.0,0.0,0.0,0.0,0.0,0.0,0.0,0.0,0.0,0.0,0.0,0.02
17,1,5,0,False,2.6176401305907873,0.698537663505796,1,qEHVI,0.42,0.24,0.28,0.0,0.0,0.0,0.0,0.0,0.0,0.0,0.0,0.04,0.0,0.02,0.0
17,1,5,0,False,2.6176401305907873,0.698537663505796,2,qEHVI,0.46,0.04,0.48,0.0,0.02,0.0,0.0,0.0,0.0,0.0,0.0,0.0,0.0,0.0,0.0
17,1,5,0,False,2.6176401305907873,0.698537663505796,3,qEHVI,0.5,0.1,0.38,0.0,0.0,0.0,0.0,0.0,0.0,0.0,0.0,0.0,0.0,0.02,0.0
17,1,5,0,False,2.6176401305907873,0.698537663505796,4,qEHVI,0.44,0.12,0.44,0.0,0.0,0.0,0.0,0.0,0.0,0.0,0.0,0.0,0.0,0.0,0.0
17,2,4,1,False,2.438822299845302,0.715161787850529,0,qEHVI,0.42,0.22,0.34,0.0,0.0,0.0,0.0,0.0,0.0,0.0,0.0,0.0,0.0,0.0,0.02
17,2,4,1,False,2.438822299845302,0.715161787850529,1,qEHVI,0.42,0.24,0.28,0.0,0.0,0.0,0.0,0.0,0.0,0.0,0.0,0.04,0.0,0.02,0.0
17,2,4,1,False,2.438822299845302,0.715161787850529,2,qEHVI,0.46,0.04,0.48,0.0,0.02,0.0,0.0,0.0,0.0,0.0,0.0,0.0,0.0,0.0,0.0
17,2,4,1,False,2.438822299845302,0.715161787850529,3,qEHVI,0.5,0.1,0.38,0.0,0.0,0.0,0.0,0.0,0.0,0.0,0.0,0.0,0.0,0.02,0.0
17,2,4,1,False,2.438822299845302,0.715161787850529,4,qUCB,0.4,0.06,0.44,0.04,0.0,0.0,0.0,0.0,0.04,0.0,0.0,0.02,0.0,0.0,0.0
17,3,3,2,True,2.2454097409240075,0.5240144481056301,0,qEHVI,0.42,0.22,0.34,0.0,0.0,0.0,0.0,0.0,0.0,0.0,0.0,0.0,0.0,0.0,0.02
17,3,3,2,True,2.2454097409240075,0.5240144481056301,1,qEHVI,0.42,0.24,0.28,0.0,0.0,0.0,0.0,0.0,0.0,0.0,0.0,0.04,0.0,0.02,0.0
17,3,3,2,True,2.2454097409240075,0.5240144481056301,2,qEHVI,0.46,0.04,0.48,0.0,0.02,0.0,0.0,0.0,0.0,0.0,0.0,0.0,0.0,0.0,0.0
17,3,3,2,True,2.2454097409240075,0.5240144481056301,3,qUCB,0.38,0.08,0.44,0.02,0.0,0.0,0.0,0.0,0.04,0.0,0.0,0.0,0.0,0.04,0.0
17,3,3,2,True,2.2454097409240075,0.5240144481056301,4,qUCB,0.38,0.02,0.5,0.04,0.0,0.0,0.0,0.0,0.04,0.0,0.0,0.0,0.0,0.02,0.0
17,4,2,3,False,2.0093544074330456,0.43899751571644785,0,qEHVI,0.42,0.22,0.34,0.0,0.0,0.0,0.0,0.0,0.0,0.0,0.0,0.0,0.0,0.0,0.02
17,4,2,3,False,2.0093544074330456,0.43899751571644785,1,qEHVI,0.42,0.24,0.28,0.0,0.0,0.0,0.0,0.0,0.0,0.0,0.0,0.04,0.0,0.02,0.0
17,4,2,3,False,2.0093544074330456,0.43899751571644785,2,qUCB,0.56,0.3,0.04,0.04,0.04,0.0,0.0,0.0,0.0,0.0,0.0,0.02,0.0,0.0,0.0
17,4,2,3,False,2.0093544074330456,0.43899751571644785,3,qUCB,0.38,0.02,0.5,0.04,0.0,0.0,0.0,0.0,0.04,0.0,0.0,0.0,0.0,0.02,0.0
17,4,2,3,False,2.0093544074330456,0.43899751571644785,4,qUCB,0.52,0.0,0.38,0.0,0.04,0.0,0.0,0.0,0.04,0.0,0.0,0.0,0.0,0.02,0.0
17,5,1,4,False,1.5871116020716036,0.8049976200441877,0,qEHVI,0.42,0.22,0.34,0.0,0.0,0.0,0.0,0.0,0.0,0.0,0.0,0.0,0.0,0.0,0.02
17,5,1,4,False,1.5871116020716036,0.8049976200441877,1,qUCB,0.46,0.44,0.0,0.02,0.0,0.0,0.0,0.0,0.0,0.0,0.0,0.04,0.0,0.04,0.0
17,5,1,4,False,1.5871116020716036,0.8049976200441877,2,qUCB,0.38,0.02,0.5,0.04,0.0,0.0,0.0,0.0,0.04,0.0,0.0,0.0,0.0,0.02,0.0
17,5,1,4,False,1.5871116020716036,0.8049976200441877,3,qUCB,0.42,0.42,0.06,0.04,0.02,0.0,0.0,0.0,0.0,0.0,0.0,0.04,0.0,0.0,0.0
17,5,1,4,False,1.5871116020716036,0.8049976200441877,4,qUCB,0.32,0.24,0.34,0.04,0.0,0.0,0.0,0.0,0.02,0.0,0.0,0.04,0.0,0.0,0.0
17,6,0,5,False,1.854396075984257,0.6014565738914399,0,qUCB,0.58,0.38,0.0,0.0,0.0,0.0,0.0,0.0,0.0,0.0,0.0,0.04,0.0,0.0,0.0
17,6,0,5,False,1.854396075984257,0.6014565738914399,1,qUCB,0.44,0.18,0.36,0.0,0.0,0.0,0.0,0.0,0.0,0.0,0.0,0.0,0.0,0.0,0.02
17,6,0,5,False,1.854396075984257,0.6014565738914399,2,qUCB,0.34,0.14,0.42,0.04,0.0,0.0,0.0,0.0,0.0,0.0,0.0,0.0,0.0,0.04,0.02
17,6,0,5,False,1.854396075984257,0.6014565738914399,3,qUCB,0.56,0.0,0.34,0.0,0.04,0.0,0.0,0.0,0.0,0.0,0.0,0.0,0.0,0.04,0.02
17,6,0,5,False,1.854396075984257,0.6014565738914399,4,qUCB,0.36,0.16,0.38,0.04,0.0,0.0,0.0,0.0,0.04,0.0,0.0,0.0,0.0,0.0,0.02
18,1,5,0,False,3.7373568398419255,0.13504646392001196,0,qEHVI,0.34,0.16,0.4,0.0,0.0,0.0,0.0,0.0,0.04,0.0,0.0,0.0,0.0,0.02,0.04
18,1,5,0,False,3.7373568398419255,0.13504646392001196,1,qEHVI,0.42,0.08,0.4,0.0,0.0,0.0,0.0,0.0,0.02,0.0,0.0,0.04,0.0,0.04,0.0
18,1,5,0,False,3.7373568398419255,0.13504646392001196,2,qEHVI,0.42,0.06,0.42,0.0,0.04,0.0,0.0,0.0,0.04,0.0,0.0,0.0,0.0,0.02,0.0
18,1,5,0,False,3.7373568398419255,0.13504646392001196,3,qEHVI,0.68,0.04,0.18,0.0,0.0,0.0,0.0,0.0,0.04,0.0,0.0,0.04,0.0,0.02,0.0
18,1,5,0,False,3.7373568398419255,0.13504646392001196,4,qEHVI,0.42,0.1,0.38,0.02,0.0,0.0,0.0,0.0,0.0,0.0,0.0,0.04,0.0,0.0,0.04
18,2,4,1,False,3.689875083247509,0.16087902571287138,0,qEHVI,0.34,0.16,0.4,0.0,0.0,0.0,0.0,0.0,0.04,0.0,0.0,0.0,0.0,0.02,0.04
18,2,4,1,False,3.689875083247509,0.16087902571287138,1,qEHVI,0.42,0.08,0.4,0.0,0.0,0.0,0.0,0.0,0.02,0.0,0.0,0.04,0.0,0.04,0.0
18,2,4,1,False,3.689875083247509,0.16087902571287138,2,qEHVI,0.42,0.06,0.42,0.0,0.04,0.0,0.0,0.0,0.04,0.0,0.0,0.0,0.0,0.02,0.0
18,2,4,1,False,3.689875083247509,0.16087902571287138,3,qEHVI,0.68,0.04,0.18,0.0,0.0,0.0,0.0,0.0,0.04,0.0,0.0,0.04,0.0,0.02,0.0
18,2,4,1,False,3.689875083247509,0.16087902571287138,4,qUCB,0.42,0.1,0.38,0.02,0.0,0.0,0.0,0.0,0.0,0.0,0.0,0.04,0.0,0.0,0.04
18,3,3,2,True,3.4866151890647545,0.10584580601203775,0,qEHVI,0.34,0.16,0.4,0.0,0.0,0.0,0.0,0.0,0.04,0.0,0.0,0.0,0.0,0.02,0.04
18,3,3,2,True,3.4866151890647545,0.10584580601203775,1,qEHVI,0.42,0.08,0.4,0.0,0.0,0.0,0.0,0.0,0.02,0.0,0.0,0.04,0.0,0.04,0.0
18,3,3,2,True,3.4866151890647545,0.10584580601203775,2,qEHVI,0.42,0.06,0.42,0.0,0.04,0.0,0.0,0.0,0.04,0.0,0.0,0.0,0.0,0.02,0.0
18,3,3,2,True,3.4866151890647545,0.10584580601203775,3,qUCB,0.42,0.1,0.38,0.02,0.0,0.0,0.0,0.0,0.0,0.0,0.0,0.04,0.0,0.0,0.04
18,3,3,2,True,3.4866151890647545,0.10584580601203775,4,qUCB,0.1,0.26,0.6,0.04,0.0,0.0,0.0,0.0,0.0,0.0,0.0,0.0,0.0,0.0,0.0
18,4,2,3,False,2.6378188532163667,0.17935766404513842,0,qEHVI,0.34,0.16,0.4,0.0,0.0,0.0,0.0,0.0,0.04,0.0,0.0,0.0,0.0,0.02,0.04
18,4,2,3,False,2.6378188532163667,0.17935766404513842,1,qEHVI,0.42,0.08,0.4,0.0,0.0,0.0,0.0,0.0,0.02,0.0,0.0,0.04,0.0,0.04,0.0
18,4,2,3,False,2.6378188532163667,0.17935766404513842,2,qUCB,0.68,0.1,0.14,0.04,0.04,0.0,0.0,0.0,0.0,0.0,0.0,0.0,0.0,0.0,0.0
18,4,2,3,False,2.6378188532163667,0.17935766404513842,3,qUCB,0.02,0.28,0.62,0.04,0.04,0.0,0.0,0.0,0.0,0.0,0.0,0.0,0.0,0.0,0.0
18,4,2,3,False,2.6378188532163667,0.17935766404513842,4,qUCB,0.2,0.06,0.66,0.04,0.04,0.0,0.0,0.0,0.0,0.0,0.0,0.0,0.0,0.0,0.0
18,5,1,4,False,2.351775766526182,0.1177997006536522,0,qEHVI,0.34,0.16,0.4,0.0,0.0,0.0,0.0,0.0,0.04,0.0,0.0,0.0,0.0,0.02,0.04
18,5,1,4,False,2.351775766526182,0.1177997006536522,1,qUCB,0.4,0.42,0.08,0.04,0.02,0.0,0.0,0.0,0.0,0.0,0.0,0.04,0.0,0.0,0.0
18,5,1,4,False,2.351775766526182,0.1177997006536522,2,qUCB,0.02,0.28,0.62,0.04,0.04,0.0,0.0,0.0,0.0,0.0,0.0,0.0,0.0,0.0,0.0
18,5,1,4,False,2.351775766526182,0.1177997006536522,3,qUCB,0.4,0.14,0.38,0.04,0.0,0.0,0.0,0.0,0.0,0.0,0.0,0.04,0.0,0.0,0.0
18,5,1,4,False,2.351775766526182,0.1177997006536522,4,qUCB,0.64,0.06,0.2,0.04,0.02,0.0,0.0,0.0,0.0,0.0,0.0,0.04,0.0,0.0,0.0
18,6,0,5,False,2.606377439585798,0.12324516083721448,0,qUCB,0.42,0.08,0.4,0.02,0.0,0.0,0.0,0.0,0.04,0.0,0.0,0.02,0.0,0.0,0.02
18,6,0,5,False,2.606377439585798,0.12324516083721448,1,qUCB,0.72,0.02,0.16,0.0,0.04,0.0,0.0,0.0,0.04,0.0,0.0,0.02,0.0,0.0,0.0
18,6,0,5,False,2.606377439585798,0.12324516083721448,2,qUCB,0.02,0.28,0.62,0.04,0.04,0.0,0.0,0.0,0.0,0.0,0.0,0.0,0.0,0.0,0.0
18,6,0,5,False,2.606377439585798,0.12324516083721448,3,qUCB,0.2,0.0,0.76,0.0,0.0,0.0,0.0,0.0,0.04,0.0,0.0,0.0,0.0,0.0,0.0
18,6,0,5,False,2.606377439585798,0.12324516083721448,4,qUCB,0.36,0.16,0.38,0.04,0.0,0.0,0.0,0.0,0.04,0.0,0.0,0.0,0.0,0.0,0.02
19,1,5,0,False,2.0365699941315776,0.349942868968971,0,qEHVI,0.7000000000000001,0.0,0.2,0.0,0.02,0.0,0.0,0.0,0.04,0.0,0.0,0.04,0.0,0.0,0.0
19,1,5,0,False,2.0365699941315776,0.349942868968971,1,qEHVI,0.4,0.12,0.4,0.02,0.0,0.0,0.0,0.0,0.02,0.0,0.0,0.04,0.0,0.0,0.0
19,1,5,0,False,2.0365699941315776,0.349942868968971,2,qEHVI,0.42,0.08,0.4,0.0,0.04,0.0,0.0,0.0,0.0,0.0,0.0,0.02,0.0,0.0,0.04
19,1,5,0,False,2.0365699941315776,0.349942868968971,3,qEHVI,0.68,0.24,0.02,0.0,0.0,0.0,0.0,0.0,0.0,0.0,0.0,0.02,0.0,0.02,0.02
19,1,5,0,False,2.0365699941315776,0.349942868968971,4,qEHVI,0.58,0.34,0.04,0.0,0.0,0.0,0.0,0.0,0.0,0.0,0.0,0.04,0.0,0.0,0.0
19,2,4,1,False,1.8732737144614948,0.1513116205602807,0,qEHVI,0.7000000000000001,0.0,0.2,0.0,0.02,0.0,0.0,0.0,0.04,0.0,0.0,0.04,0.0,0.0,0.0
19,2,4,1,False,1.8732737144614948,0.1513116205602807,1,qEHVI,0.4,0.12,0.4,0.02,0.0,0.0,0.0,0.0,0.02,0.0,0.0,0.04,0.0,0.0,0.0
19,2,4,1,False,1.8732737144614948,0.1513116205602807,2,qEHVI,0.42,0.08,0.4,0.0,0.04,0.0,0.0,0.0,0.0,0.0,0.0,0.02,0.0,0.0,0.04
19,2,4,1,False,1.8732737144614948,0.1513116205602807,3,qEHVI,0.68,0.24,0.02,0.0,0.0,0.0,0.0,0.0,0.0,0.0,0.0,0.02,0.0,0.02,0.02
19,2,4,1,False,1.8732737144614948,0.1513116205602807,4,qUCB,0.64,0.28,0.0,0.04,0.04,0.0,0.0,0.0,0.0,0.0,0.0,0.0,0.0,0.0,0.0
19,3,3,2,True,1.8077068561858125,0.3036095017167737,0,qEHVI,0.7000000000000001,0.0,0.2,0.0,0.02,0.0,0.0,0.0,0.04,0.0,0.0,0.04,0.0,0.0,0.0
19,3,3,2,True,1.8077068561858125,0.3036095017167737,1,qEHVI,0.4,0.12,0.4,0.02,0.0,0.0,0.0,0.0,0.02,0.0,0.0,0.04,0.0,0.0,0.0
19,3,3,2,True,1.8077068561858125,0.3036095017167737,2,qEHVI,0.42,0.08,0.4,0.0,0.04,0.0,0.0,0.0,0.0,0.0,0.0,0.02,0.0,0.0,0.04
19,3,3,2,True,1.8077068561858125,0.3036095017167737,3,qUCB,0.44,0.44,0.08,0.0,0.0,0.0,0.0,0.0,0.0,0.0,0.0,0.0,0.0,0.04,0.0
19,3,3,2,True,1.8077068561858125,0.3036095017167737,4,qUCB,0.24,0.0,0.76,0.0,0.0,0.0,0.0,0.0,0.0,0.0,0.0,0.0,0.0,0.0,0.0
19,4,2,3,False,1.308652891011468,0.24379289821694528,0,qEHVI,0.7000000000000001,0.0,0.2,0.0,0.02,0.0,0.0,0.0,0.04,0.0,0.0,0.04,0.0,0.0,0.0
19,4,2,3,False,1.308652891011468,0.24379289821694528,1,qEHVI,0.4,0.12,0.4,0.02,0.0,0.0,0.0,0.0,0.02,0.0,0.0,0.04,0.0,0.0,0.0
19,4,2,3,False,1.308652891011468,0.24379289821694528,2,qUCB,0.46,0.42,0.04,0.0,0.0,0.0,0.0,0.0,0.0,0.0,0.0,0.0,0.0,0.04,0.04
19,4,2,3,False,1.308652891011468,0.24379289821694528,3,qUCB,0.18,0.0,0.76,0.0,0.04,0.0,0.0,0.0,0.0,0.0,0.0,0.0,0.0,0.0,0.02
19,4,2,3,False,1.308652891011468,0.24379289821694528,4,qUCB,0.0,0.7000000000000001,0.22,0.0,0.0,0.0,0.0,0.0,0.0,0.0,0.0,0.0,0.0,0.04,0.04
19,5,1,4,False,1.1121873700531146,0.10344557497618823,0,qEHVI,0.7000000000000001,0.0,0.2,0.0,0.02,0.0,0.0,0.0,0.04,0.0,0.0,0.04,0.0,0.0,0.0
19,5,1,4,False,1.1121873700531146,0.10344557497618823,1,qUCB,0.4,0.14,0.38,0.04,0.0,0.0,0.0,0.0,0.0,0.0,0.0,0.0,0.0,0.0,0.04
19,5,1,4,False,1.1121873700531146,0.10344557497618823,2,qUCB,0.0,0.02,0.9400000000000001,0.04,0.0,0.0,0.0,0.0,0.0,0.0,0.0,0.0,0.0,0.0,0.0
19,5,1,4,False,1.1121873700531146,0.10344557497618823,3,qUCB,0.16,0.0,0.74,0.04,0.04,0.0,0.0,0.0,0.0,0.0,0.0,0.0,0.0,0.0,0.02
19,5,1,4,False,1.1121873700531146,0.10344557497618823,4,qUCB,0.0,0.7000000000000001,0.22,0.0,0.0,0.0,0.0,0.0,0.0,0.0,0.0,0.0,0.0,0.04,0.04
19,6,0,5,False,1.149536951795956,0.1839308017094119,0,qUCB,0.48,0.28,0.14,0.02,0.0,0.0,0.0,0.0,0.04,0.0,0.0,0.04,0.0,0.0,0.0
19,6,0,5,False,1.149536951795956,0.1839308017094119,1,qUCB,0.24,0.0,0.76,0.0,0.0,0.0,0.0,0.0,0.0,0.0,0.0,0.0,0.0,0.0,0.0
19,6,0,5,False,1.149536951795956,0.1839308017094119,2,qUCB,0.7000000000000001,0.0,0.2,0.0,0.02,0.0,0.0,0.0,0.04,0.0,0.0,0.04,0.0,0.0,0.0
19,6,0,5,False,1.149536951795956,0.1839308017094119,3,qUCB,0.0,0.02,0.9400000000000001,0.04,0.0,0.0,0.0,0.0,0.0,0.0,0.0,0.0,0.0,0.0,0.0
19,6,0,5,False,1.149536951795956,0.1839308017094119,4,qUCB,0.0,0.26,0.64,0.0,0.04,0.0,0.0,0.0,0.04,0.0,0.0,0.02,0.0,0.0,0.0
20,1,5,0,False,2.4081093973110153,0.35583289076231406,0,qEHVI,0.38,0.16,0.38,0.0,0.0,0.0,0.0,0.0,0.0,0.0,0.0,0.04,0.0,0.02,0.02
20,1,5,0,False,2.4081093973110153,0.35583289076231406,1,qEHVI,0.6,0.34,0.02,0.0,0.0,0.0,0.0,0.0,0.0,0.0,0.0,0.0,0.0,0.0,0.04
20,1,5,0,False,2.4081093973110153,0.35583289076231406,2,qEHVI,0.42,0.1,0.42,0.02,0.0,0.0,0.0,0.0,0.0,0.0,0.0,0.0,0.0,0.0,0.04
20,1,5,0,False,2.4081093973110153,0.35583289076231406,3,qEHVI,0.48,0.0,0.44,0.02,0.02,0.0,0.0,0.0,0.0,0.0,0.0,0.0,0.0,0.0,0.04
20,1,5,0,False,2.4081093973110153,0.35583289076231406,4,qEHVI,0.44,0.08,0.38,0.04,0.0,0.0,0.0,0.0,0.04,0.0,0.0,0.0,0.0,0.0,0.02
20,2,4,1,False,2.179315232642422,0.07846840113685083,0,qEHVI,0.38,0.16,0.38,0.0,0.0,0.0,0.0,0.0,0.0,0.0,0.0,0.04,0.0,0.02,0.02
20,2,4,1,False,2.179315232642422,0.07846840113685083,1,qEHVI,0.6,0.34,0.02,0.0,0.0,0.0,0.0,0.0,0.0,0.0,0.0,0.0,0.0,0.0,0.04
20,2,4,1,False,2.179315232642422,0.07846840113685083,2,qEHVI,0.42,0.1,0.42,0.02,0.0,0.0,0.0,0.0,0.0,0.0,0.0,0.0,0.0,0.0,0.04
20,2,4,1,False,2.179315232642422,0.07846840113685083,3,qEHVI,0.48,0.0,0.44,0.02,0.02,0.0,0.0,0.0,0.0,0.0,0.0,0.0,0.0,0.0,0.04
20,2,4,1,False,2.179315232642422,0.07846840113685083,4,qUCB,0.6,0.14,0.16,0.04,0.0,0.0,0.0,0.0,0.04,0.0,0.0,0.02,0.0,0.0,0.0
20,3,3,2,True,1.9141829651176785,0.243990973367616,0,qEHVI,0.38,0.16,0.38,0.0,0.0,0.0,0.0,0.0,0.0,0.0,0.0,0.04,0.0,0.02,0.02
20,3,3,2,True,1.9141829651176785,0.243990973367616,1,qEHVI,0.6,0.34,0.02,0.0,0.0,0.0,0.0,0.0,0.0,0.0,0.0,0.0,0.0,0.0,0.04
20,3,3,2,True,1.9141829651176785,0.243990973367616,2,qEHVI,0.42,0.1,0.42,0.02,0.0,0.0,0.0,0.0,0.0,0.0,0.0,0.0,0.0,0.0,0.04
20,3,3,2,True,1.9141829651176785,0.243990973367616,3,qUCB,0.6,0.28,0.02,0.04,0.04,0.0,0.0,0.0,0.0,0.0,0.0,0.02,0.0,0.0,0.0
20,3,3,2,True,1.9141829651176785,0.243990973367616,4,qUCB,0.6,0.14,0.16,0.04,0.0,0.0,0.0,0.0,0.04,0.0,0.0,0.02,0.0,0.0,0.0
20,4,2,3,False,1.653973412502812,0.15520680397430153,0,qEHVI,0.38,0.16,0.38,0.0,0.0,0.0,0.0,0.0,0.0,0.0,0.0,0.04,0.0,0.02,0.02
20,4,2,3,False,1.653973412502812,0.15520680397430153,1,qEHVI,0.6,0.34,0.02,0.0,0.0,0.0,0.0,0.0,0.0,0.0,0.0,0.0,0.0,0.0,0.04
20,4,2,3,False,1.653973412502812,0.15520680397430153,2,qUCB,0.44,0.08,0.4,0.04,0.0,0.0,0.0,0.0,0.04,0.0,0.0,0.0,0.0,0.0,0.0
20,4,2,3,False,1.653973412502812,0.15520680397430153,3,qUCB,0.0,0.6,0.3,0.04,0.0,0.0,0.0,0.0,0.04,0.0,0.0,0.0,0.0,0.02,0.0
20,4,2,3,False,1.653973412502812,0.15520680397430153,4,qUCB,0.18,0.5,0.24,0.04,0.0,0.0,0.0,0.0,0.04,0.0,0.0,0.0,0.0,0.0,0.0
20,5,1,4,False,1.2124991396661706,0.49508773197146727,0,qEHVI,0.38,0.16,0.38,0.0,0.0,0.0,0.0,0.0,0.0,0.0,0.0,0.04,0.0,0.02,0.02
20,5,1,4,False,1.2124991396661706,0.49508773197146727,1,qUCB,0.68,0.22,0.02,0.04,0.04,0.0,0.0,0.0,0.0,0.0,0.0,0.0,0.0,0.0,0.0
20,5,1,4,False,1.2124991396661706,0.49508773197146727,2,qUCB,0.44,0.08,0.4,0.04,0.0,0.0,0.0,0.0,0.04,0.0,0.0,0.0,0.0,0.0,0.0
20,5,1,4,False,1.2124991396661706,0.49508773197146727,3,qUCB,0.46,0.26,0.18,0.02,0.04,0.0,0.0,0.0,0.04,0.0,0.0,0.0,0.0,0.0,0.0
20,5,1,4,False,1.2124991396661706,0.49508773197146727,4,qUCB,0.18,0.5,0.24,0.04,0.0,0.0,0.0,0.0,0.04,0.0,0.0,0.0,0.0,0.0,0.0
20,6,0,5,False,1.1920459191385078,0.040418325982971126,0,qUCB,0.42,0.1,0.42,0.02,0.0,0.0,0.0,0.0,0.0,0.0,0.0,0.0,0.0,0.0,0.04
20,6,0,5,False,1.1920459191385078,0.040418325982971126,1,qUCB,0.54,0.16,0.2,0.04,0.0,0.0,0.0,0.0,0.02,0.0,0.0,0.04,0.0,0.0,0.0
20,6,0,5,False,1.1920459191385078,0.040418325982971126,2,qUCB,0.02,0.24,0.64,0.0,0.04,0.0,0.0,0.0,0.0,0.0,0.0,0.04,0.0,0.02,0.0
20,6,0,5,False,1.1920459191385078,0.040418325982971126,3,qUCB,0.0,0.02,0.98,0.0,0.0,0.0,0.0,0.0,0.0,0.0,0.0,0.0,0.0,0.0,0.0
20,6,0,5,False,1.1920459191385078,0.040418325982971126,4,qUCB,0.0,0.76,0.18,0.0,0.0,0.0,0.0,0.0,0.0,0.0,0.0,0.04,0.0,0.0,0.02
21,1,5,0,False,1.483603639713753,0.12256826464735315,0,qEHVI,0.38,0.18,0.4,0.0,0.0,0.0,0.0,0.0,0.0,0.0,0.0,0.0,0.0,0.0,0.04
21,1,5,0,False,1.483603639713753,0.12256826464735315,1,qEHVI,0.48,0.0,0.44,0.02,0.0,0.0,0.0,0.0,0.02,0.0,0.0,0.04,0.0,0.0,0.0
21,1,5,0,False,1.483603639713753,0.12256826464735315,2,qEHVI,0.62,0.28,0.02,0.0,0.0,0.0,0.0,0.0,0.0,0.0,0.0,0.02,0.0,0.02,0.04
21,1,5,0,False,1.483603639713753,0.12256826464735315,3,qEHVI,0.48,0.04,0.38,0.04,0.0,0.0,0.0,0.0,0.04,0.0,0.0,0.02,0.0,0.0,0.0
21,1,5,0,False,1.483603639713753,0.12256826464735315,4,qEHVI,0.02,0.24,0.64,0.0,0.04,0.0,0.0,0.0,0.02,0.0,0.0,0.04,0.0,0.0,0.0
21,2,4,1,False,1.3210709117249928,0.4321385976647374,0,qEHVI,0.38,0.18,0.4,0.0,0.0,0.0,0.0,0.0,0.0,0.0,0.0,0.0,0.0,0.0,0.04
21,2,4,1,False,1.3210709117249928,0.4321385976647374,1,qEHVI,0.48,0.0,0.44,0.02,0.0,0.0,0.0,0.0,0.02,0.0,0.0,0.04,0.0,0.0,0.0
21,2,4,1,False,1.3210709117249928,0.4321385976647374,2,qEHVI,0.68,0.22,0.04,0.0,0.0,0.0,0.0,0.0,0.0,0.0,0.0,0.0,0.0,0.04,0.02
21,2,4,1,False,1.3210709117249928,0.4321385976647374,3,qEHVI,0.48,0.04,0.38,0.04,0.0,0.0,0.0,0.0,0.04,0.0,0.0,0.02,0.0,0.0,0.0
21,2,4,1,False,1.3210709117249928,0.4321385976647374,4,qUCB,0.36,0.12,0.42,0.0,0.04,0.0,0.0,0.0,0.04,0.0,0.0,0.0,0.0,0.02,0.0
21,3,3,2,True,1.3010097372270764,0.11527674812984134,0,qEHVI,0.38,0.18,0.4,0.0,0.0,0.0,0.0,0.0,0.0,0.0,0.0,0.0,0.0,0.0,0.04
21,3,3,2,True,1.3010097372270764,0.11527674812984134,1,qEHVI,0.48,0.0,0.44,0.02,0.0,0.0,0.0,0.0,0.02,0.0,0.0,0.04,0.0,0.0,0.0
21,3,3,2,True,1.3010097372270764,0.11527674812984134,2,qEHVI,0.62,0.28,0.02,0.0,0.0,0.0,0.0,0.0,0.0,0.0,0.0,0.02,0.0,0.02,0.04
21,3,3,2,True,1.3010097372270764,0.11527674812984134,3,qUCB,0.44,0.06,0.4,0.0,0.02,0.0,0.0,0.0,0.04,0.0,0.0,0.0,0.0,0.04,0.0
21,3,3,2,True,1.3010097372270764,0.11527674812984134,4,qUCB,0.0,0.26,0.64,0.0,0.04,0.0,0.0,0.0,0.02,0.0,0.0,0.0,0.0,0.04,0.0
21,4,2,3,False,0.9954781486809433,0.23157862979194554,0,qEHVI,0.38,0.18,0.4,0.0,0.0,0.0,0.0,0.0,0.0,0.0,0.0,0.0,0.0,0.0,0.04
21,4,2,3,False,0.9954781486809433,0.23157862979194554,1,qEHVI,0.48,0.0,0.44,0.02,0.0,0.0,0.0,0.0,0.02,0.0,0.0,0.04,0.0,0.0,0.0
21,4,2,3,False,0.9954781486809433,0.23157862979194554,2,qUCB,0.38,0.34,0.18,0.02,0.04,0.0,0.0,0.0,0.0,0.0,0.0,0.0,0.0,0.04,0.0
21,4,2,3,False,0.9954781486809433,0.23157862979194554,3,qUCB,0.0,0.26,0.64,0.0,0.04,0.0,0.0,0.0,0.02,0.0,0.0,0.0,0.0,0.04,0.0
21,4,2,3,False,0.9954781486809433,0.23157862979194554,4,qUCB,0.02,0.66,0.22,0.04,0.02,0.0,0.0,0.0,0.0,0.0,0.0,0.0,0.0,0.04,0.0
21,5,1,4,False,0.7834655913883996,0.4232918747559524,0,qEHVI,0.38,0.18,0.4,0.0,0.0,0.0,0.0,0.0,0.0,0.0,0.0,0.0,0.0,0.0,0.04
21,5,1,4,False,0.7834655913883996,0.4232918747559524,1,qUCB,0.48,0.42,0.02,0.0,0.0,0.0,0.0,0.0,0.0,0.0,0.0,0.04,0.0,0.04,0.0
21,5,1,4,False,0.7834655913883996,0.4232918747559524,2,qUCB,0.02,0.24,0.64,0.0,0.04,0.0,0.0,0.0,0.02,0.0,0.0,0.04,0.0,0.0,0.0
21,5,1,4,False,0.7834655913883996,0.4232918747559524,3,qUCB,0.0,0.8,0.12,0.0,0.04,0.0,0.0,0.0,0.0,0.0,0.0,0.04,0.0,0.0,0.0
21,5,1,4,False,0.7834655913883996,0.4232918747559524,4,qUCB,0.66,0.02,0.24,0.04,0.0,0.0,0.0,0.0,0.0,0.0,0.0,0.04,0.0,0.0,0.0
21,6,0,5,False,0.6208927269456008,0.028267414679874037,0,qUCB,0.46,0.46,0.04,0.0,0.0,0.0,0.0,0.0,0.0,0.0,0.0,0.04,0.0,0.0,0.0
21,6,0,5,False,0.6208927269456008,0.028267414679874037,1,qUCB,0.02,0.24,0.64,0.0,0.04,0.0,0.0,0.0,0.02,0.0,0.0,0.04,0.0,0.0,0.0
21,6,0,5,False,0.6208927269456008,0.028267414679874037,2,qUCB,0.0,0.0,0.98,0.0,0.0,0.0,0.0,0.0,0.0,0.0,0.0,0.02,0.0,0.0,0.0
21,6,0,5,False,0.6208927269456008,0.028267414679874037,3,qUCB,0.0,0.0,0.92,0.04,0.0,0.0,0.0,0.0,0.02,0.0,0.0,0.0,0.0,0.0,0.02
21,6,0,5,False,0.6208927269456008,0.028267414679874037,4,qUCB,0.0,0.62,0.28,0.04,0.0,0.0,0.0,0.0,0.04,0.0,0.0,0.0,0.0,0.0,0.02
22,1,5,0,False,1.4380135281626865,0.11969913099696505,0,qEHVI,0.4,0.18,0.38,0.0,0.0,0.0,0.0,0.0,0.0,0.0,0.0,0.04,0.0,0.0,0.0
22,1,5,0,False,1.4380135281626865,0.11969913099696505,1,qEHVI,0.44,0.04,0.44,0.02,0.04,0.0,0.0,0.0,0.0,0.0,0.0,0.0,0.0,0.02,0.0
22,1,5,0,False,1.4380135281626865,0.11969913099696505,2,qEHVI,0.48,0.04,0.38,0.04,0.0,0.0,0.0,0.0,0.02,0.0,0.0,0.0,0.0,0.04,0.0
22,1,5,0,False,1.4380135281626865,0.11969913099696505,3,qEHVI,0.52,0.36,0.06,0.0,0.0,0.0,0.0,0.0,0.0,0.0,0.0,0.04,0.0,0.0,0.02
22,1,5,0,False,1.4380135281626865,0.11969913099696505,4,qEHVI,0.48,0.0,0.42,0.04,0.0,0.0,0.0,0.0,0.02,0.0,0.0,0.0,0.0,0.0,0.04
22,2,4,1,False,1.3957846305691308,0.052825920895037015,0,qEHVI,0.4,0.18,0.38,0.0,0.0,0.0,0.0,0.0,0.0,0.0,0.0,0.04,0.0,0.0,0.0
22,2,4,1,False,1.3957846305691308,0.052825920895037015,1,qEHVI,0.44,0.04,0.44,0.02,0.04,0.0,0.0,0.0,0.0,0.0,0.0,0.0,0.0,0.02,0.0
22,2,4,1,False,1.3957846305691308,0.052825920895037015,2,qEHVI,0.48,0.04,0.38,0.04,0.0,0.0,0.0,0.0,0.02,0.0,0.0,0.0,0.0,0.04,0.0
22,2,4,1,False,1.3957846305691308,0.052825920895037015,3,qEHVI,0.52,0.36,0.06,0.0,0.0,0.0,0.0,0.0,0.0,0.0,0.0,0.04,0.0,0.0,0.02
22,2,4,1,False,1.3957846305691308,0.052825920895037015,4,qUCB,0.4,0.08,0.42,0.0,0.0,0.0,0.0,0.0,0.04,0.0,0.0,0.0,0.0,0.02,0.04
22,3,3,2,True,1.2539494623869554,0.12329061809581088,0,qEHVI,0.4,0.18,0.38,0.0,0.0,0.0,0.0,0.0,0.0,0.0,0.0,0.04,0.0,0.0,0.0
22,3,3,2,True,1.2539494623869554,0.12329061809581088,1,qEHVI,0.44,0.04,0.44,0.02,0.04,0.0,0.0,0.0,0.0,0.0,0.0,0.0,0.0,0.02,0.0
22,3,3,2,True,1.2539494623869554,0.12329061809581088,2,qEHVI,0.48,0.04,0.38,0.04,0.0,0.0,0.0,0.0,0.02,0.0,0.0,0.0,0.0,0.04,0.0
22,3,3,2,True,1.2539494623869554,0.12329061809581088,3,qUCB,0.4,0.08,0.42,0.0,0.0,0.0,0.0,0.0,0.04,0.0,0.0,0.0,0.0,0.02,0.04
22,3,3,2,True,1.2539494623869554,0.12329061809581088,4,qUCB,0.0,0.66,0.28,0.04,0.0,0.0,0.0,0.0,0.0,0.0,0.0,0.0,0.0,0.0,0.02
22,4,2,3,False,1.0202901465596077,0.08370718607613314,0,qEHVI,0.4,0.18,0.38,0.0,0.0,0.0,0.0,0.0,0.0,0.0,0.0,0.04,0.0,0.0,0.0
22,4,2,3,False,1.0202901465596077,0.08370718607613314,1,qEHVI,0.44,0.04,0.44,0.02,0.04,0.0,0.0,0.0,0.0,0.0,0.0,0.0,0.0,0.02,0.0
22,4,2,3,False,1.0202901465596077,0.08370718607613314,2,qUCB,0.4,0.08,0.42,0.0,0.0,0.0,0.0,0.0,0.04,0.0,0.0,0.0,0.0,0.02,0.04
22,4,2,3,False,1.0202901465596077,0.08370718607613314,3,qUCB,0.0,0.64,0.26,0.04,0.0,0.0,0.0,0.0,0.04,0.0,0.0,0.0,0.0,0.0,0.02
22,4,2,3,False,1.0202901465596077,0.08370718607613314,4,qUCB,0.38,0.18,0.34,0.04,0.0,0.0,0.0,0.0,0.02,0.0,0.0,0.0,0.0,0.0,0.04
22,5,1,4,False,0.7703461524119196,0.06339119113912273,0,qEHVI,0.4,0.18,0.38,0.0,0.0,0.0,0.0,0.0,0.0,0.0,0.0,0.04,0.0,0.0,0.0
22,5,1,4,False,0.7703461524119196,0.06339119113912273,1,qUCB,0.4,0.08,0.42,0.0,0.0,0.0,0.0,0.0,0.04,0.0,0.0,0.0,0.0,0.02,0.04
22,5,1,4,False,0.7703461524119196,0.06339119113912273,2,qUCB,0.0,0.64,0.26,0.04,0.0,0.0,0.0,0.0,0.04,0.0,0.0,0.0,0.0,0.0,0.02
22,5,1,4,False,0.7703461524119196,0.06339119113912273,3,qUCB,0.0,0.68,0.22,0.02,0.04,0.0,0.0,0.0,0.0,0.0,0.0,0.0,0.0,0.0,0.04
22,5,1,4,False,0.7703461524119196,0.06339119113912273,4,qUCB,0.38,0.18,0.34,0.04,0.0,0.0,0.0,0.0,0.02,0.0,0.0,0.0,0.0,0.0,0.04
22,6,0,5,False,0.6654433207772744,0.08808039540645263,0,qUCB,0.52,0.36,0.06,0.0,0.0,0.0,0.0,0.0,0.0,0.0,0.0,0.04,0.0,0.0,0.02
22,6,0,5,False,0.6654433207772744,0.08808039540645263,1,qUCB,0.0,0.7000000000000001,0.22,0.0,0.04,0.0,0.0,0.0,0.0,0.0,0.0,0.04,0.0,0.0,0.0
22,6,0,5,False,0.6654433207772744,0.08808039540645263,2,qUCB,0.34,0.2,0.4,0.04,0.0,0.0,0.0,0.0,0.02,0.0,0.0,0.0,0.0,0.0,0.0
22,6,0,5,False,0.6654433207772744,0.08808039540645263,3,qUCB,0.0,0.66,0.28,0.04,0.0,0.0,0.0,0.0,0.0,0.0,0.0,0.0,0.0,0.0,0.02
22,6,0,5,False,0.6654433207772744,0.08808039540645263,4,qUCB,0.38,0.14,0.38,0.04,0.0,0.0,0.0,0.0,0.02,0.0,0.0,0.04,0.0,0.0,0.0
23,1,5,0,False,1.2313791167092882,0.2303254940925994,0,qEHVI,0.36,0.14,0.4,0.02,0.0,0.0,0.0,0.0,0.0,0.0,0.0,0.0,0.0,0.04,0.04
23,1,5,0,False,1.2313791167092882,0.2303254940925994,1,qEHVI,0.44,0.02,0.44,0.02,0.04,0.0,0.0,0.0,0.02,0.0,0.0,0.0,0.0,0.0,0.02
23,1,5,0,False,1.2313791167092882,0.2303254940925994,2,qEHVI,0.38,0.02,0.52,0.0,0.04,0.0,0.0,0.0,0.02,0.0,0.0,0.0,0.0,0.02,0.0
23,1,5,0,False,1.2313791167092882,0.2303254940925994,3,qEHVI,0.44,0.12,0.34,0.02,0.0,0.0,0.0,0.0,0.02,0.0,0.0,0.04,0.0,0.0,0.02
23,1,5,0,False,1.2313791167092882,0.2303254940925994,4,qEHVI,0.58,0.28,0.04,0.0,0.0,0.0,0.0,0.0,0.0,0.0,0.0,0.04,0.0,0.02,0.04
23,2,4,1,False,1.1346709120524783,0.13196280118061665,0,qEHVI,0.36,0.14,0.4,0.02,0.0,0.0,0.0,0.0,0.0,0.0,0.0,0.0,0.0,0.04,0.04
23,2,4,1,False,1.1346709120524783,0.13196280118061665,1,qEHVI,0.44,0.02,0.44,0.02,0.04,0.0,0.0,0.0,0.02,0.0,0.0,0.0,0.0,0.0,0.02
23,2,4,1,False,1.1346709120524783,0.13196280118061665,2,qEHVI,0.38,0.02,0.52,0.0,0.04,0.0,0.0,0.0,0.02,0.0,0.0,0.0,0.0,0.02,0.0
23,2,4,1,False,1.1346709120524783,0.13196280118061665,3,qEHVI,0.44,0.12,0.34,0.02,0.0,0.0,0.0,0.0,0.02,0.0,0.0,0.04,0.0,0.0,0.02
23,2,4,1,False,1.1346709120524783,0.13196280118061665,4,qUCB,0.44,0.44,0.04,0.0,0.0,0.0,0.0,0.0,0.0,0.0,0.0,0.04,0.0,0.04,0.0
23,3,3,2,True,0.8965356502331018,0.032164868970092186,0,qEHVI,0.36,0.14,0.4,0.02,0.0,0.0,0.0,0.0,0.0,0.0,0.0,0.0,0.0,0.04,0.04
23,3,3,2,True,0.8965356502331018,0.032164868970092186,1,qEHVI,0.44,0.02,0.44,0.02,0.04,0.0,0.0,0.0,0.02,0.0,0.0,0.0,0.0,0.0,0.02
23,3,3,2,True,0.8965356502331018,0.032164868970092186,2,qEHVI,0.38,0.02,0.52,0.0,0.04,0.0,0.0,0.0,0.02,0.0,0.0,0.0,0.0,0.02,0.0
23,3,3,2,True,0.8965356502331018,0.032164868970092186,3,qUCB,0.32,0.56,0.04,0.04,0.0,0.0,0.0,0.0,0.0,0.0,0.0,0.04,0.0,0.0,0.0
23,3,3,2,True,0.8965356502331018,0.032164868970092186,4,qUCB,0.4,0.4,0.12,0.04,0.0,0.0,0.0,0.0,0.0,0.0,0.0,0.04,0.0,0.0,0.0
23,4,2,3,False,0.7701362089195161,0.04646108782005509,0,qEHVI,0.36,0.14,0.4,0.02,0.0,0.0,0.0,0.0,0.0,0.0,0.0,0.0,0.0,0.04,0.04
23,4,2,3,False,0.7701362089195161,0.04646108782005509,1,qEHVI,0.44,0.02,0.44,0.02,0.04,0.0,0.0,0.0,0.02,0.0,0.0,0.0,0.0,0.0,0.02
23,4,2,3,False,0.7701362089195161,0.04646108782005509,2,qUCB,0.32,0.56,0.04,0.04,0.0,0.0,0.0,0.0,0.0,0.0,0.0,0.04,0.0,0.0,0.0
23,4,2,3,False,0.7701362089195161,0.04646108782005509,3,qUCB,0.46,0.42,0.04,0.0,0.0,0.0,0.0,0.0,0.0,0.0,0.0,0.04,0.0,0.0,0.04
23,4,2,3,False,0.7701362089195161,0.04646108782005509,4,qUCB,0.22,0.42,0.26,0.0,0.0,0.0,0.0,0.0,0.04,0.0,0.0,0.04,0.0,0.02,0.0
23,5,1,4,False,0.44410225051398516,0.11552924976539769,0,qEHVI,0.36,0.14,0.4,0.02,0.0,0.0,0.0,0.0,0.0,0.0,0.0,0.0,0.0,0.04,0.04
23,5,1,4,False,0.44410225051398516,0.11552924976539769,1,qUCB,0.5,0.42,0.0,0.0,0.04,0.0,0.0,0.0,0.0,0.0,0.0,0.04,0.0,0.0,0.0
23,5,1,4,False,0.44410225051398516,0.11552924976539769,2,qUCB,0.32,0.38,0.2,0.02,0.04,0.0,0.0,0.0,0.0,0.0,0.0,0.04,0.0,0.0,0.0
23,5,1,4,False,0.44410225051398516,0.11552924976539769,3,qUCB,0.02,0.64,0.26,0.0,0.04,0.0,0.0,0.0,0.0,0.0,0.0,0.04,0.0,0.0,0.0
23,5,1,4,False,0.44410225051398516,0.11552924976539769,4,qUCB,0.14,0.04,0.72,0.02,0.04,0.0,0.0,0.0,0.0,0.0,0.0,0.04,0.0,0.0,0.0
23,6,0,5,False,0.25337185813947627,0.21792519343881356,0,qUCB,0.46,0.42,0.04,0.0,0.0,0.0,0.0,0.0,0.0,0.0,0.0,0.04,0.0,0.0,0.04
23,6,0,5,False,0.25337185813947627,0.21792519343881356,1,qUCB,0.0,0.7000000000000001,0.22,0.0,0.04,0.0,0.0,0.0,0.0,0.0,0.0,0.02,0.0,0.02,0.0
23,6,0,5,False,0.25337185813947627,0.21792519343881356,2,qUCB,0.32,0.38,0.2,0.02,0.04,0.0,0.0,0.0,0.0,0.0,0.0,0.04,0.0,0.0,0.0
23,6,0,5,False,0.25337185813947627,0.21792519343881356,3,qUCB,0.14,0.0,0.76,0.04,0.04,0.0,0.0,0.0,0.02,0.0,0.0,0.0,0.0,0.0,0.0
23,6,0,5,False,0.25337185813947627,0.21792519343881356,4,qUCB,0.1,0.7000000000000001,0.12,0.04,0.0,0.0,0.0,0.0,0.02,0.0,0.0,0.0,0.0,0.0,0.02
24,1,5,0,False,1.2721580337586207,0.29244654686609906,0,qEHVI,0.38,0.14,0.38,0.0,0.0,0.0,0.0,0.0,0.0,0.0,0.0,0.04,0.0,0.02,0.04
24,1,5,0,False,1.2721580337586207,0.29244654686609906,1,qEHVI,0.5,0.0,0.42,0.04,0.04,0.0,0.0,0.0,0.0,0.0,0.0,0.0,0.0,0.0,0.0
24,1,5,0,False,1.2721580337586207,0.29244654686609906,2,qEHVI,0.54,0.34,0.04,0.0,0.0,0.0,0.0,0.0,0.0,0.0,0.0,0.04,0.0,0.04,0.0
24,1,5,0,False,1.2721580337586207,0.29244654686609906,3,qEHVI,0.42,0.16,0.32,0.0,0.0,0.0,0.0,0.0,0.0,0.0,0.0,0.04,0.0,0.02,0.04
24,1,5,0,False,1.2721580337586207,0.29244654686609906,4,qEHVI,0.46,0.02,0.42,0.02,0.0,0.0,0.0,0.0,0.0,0.0,0.0,0.04,0.0,0.02,0.02
24,2,4,1,False,1.1135409793028965,0.0996877333717574,0,qEHVI,0.38,0.14,0.38,0.0,0.0,0.0,0.0,0.0,0.0,0.0,0.0,0.04,0.0,0.02,0.04
24,2,4,1,False,1.1135409793028965,0.0996877333717574,1,qEHVI,0.5,0.0,0.42,0.04,0.04,0.0,0.0,0.0,0.0,0.0,0.0,0.0,0.0,0.0,0.0
24,2,4,1,False,1.1135409793028965,0.0996877333717574,2,qEHVI,0.54,0.34,0.04,0.0,0.0,0.0,0.0,0.0,0.0,0.0,0.0,0.04,0.0,0.04,0.0
24,2,4,1,False,1.1135409793028965,0.0996877333717574,3,qEHVI,0.42,0.16,0.32,0.0,0.0,0.0,0.0,0.0,0.0,0.0,0.0,0.04,0.0,0.02,0.04
24,2,4,1,False,1.1135409793028965,0.0996877333717574,4,qUCB,0.44,0.14,0.38,0.0,0.0,0.0,0.0,0.0,0.04,0.0,0.0,0.0,0.0,0.0,0.0
24,3,3,2,True,0.9609822639440218,0.07166380591396226,0,qEHVI,0.38,0.14,0.38,0.0,0.0,0.0,0.0,0.0,0.0,0.0,0.0,0.04,0.0,0.02,0.04
24,3,3,2,True,0.9609822639440218,0.07166380591396226,1,qEHVI,0.5,0.0,0.42,0.04,0.04,0.0,0.0,0.0,0.0,0.0,0.0,0.0,0.0,0.0,0.0
24,3,3,2,True,0.9609822639440218,0.07166380591396226,2,qEHVI,0.54,0.34,0.04,0.0,0.0,0.0,0.0,0.0,0.0,0.0,0.0,0.04,0.0,0.04,0.0
24,3,3,2,True,0.9609822639440218,0.07166380591396226,3,qUCB,0.44,0.14,0.38,0.0,0.0,0.0,0.0,0.0,0.04,0.0,0.0,0.0,0.0,0.0,0.0
24,3,3,2,True,0.9609822639440218,0.07166380591396226,4,qUCB,0.0,0.7000000000000001,0.2,0.0,0.04,0.0,0.0,0.0,0.02,0.0,0.0,0.0,0.0,0.0,0.04
24,4,2,3,False,0.7814614331493892,0.15472445189481188,0,qEHVI,0.38,0.14,0.38,0.0,0.0,0.0,0.0,0.0,0.0,0.0,0.0,0.04,0.0,0.02,0.04
24,4,2,3,False,0.7814614331493892,0.15472445189481188,1,qEHVI,0.5,0.0,0.42,0.04,0.04,0.0,0.0,0.0,0.0,0.0,0.0,0.0,0.0,0.0,0.0
24,4,2,3,False,0.7814614331493892,0.15472445189481188,2,qUCB,0.42,0.1,0.38,0.0,0.02,0.0,0.0,0.0,0.04,0.0,0.0,0.0,0.0,0.04,0.0
24,4,2,3,False,0.7814614331493892,0.15472445189481188,3,qUCB,0.0,0.7000000000000001,0.2,0.0,0.04,0.0,0.0,0.0,0.02,0.0,0.0,0.0,0.0,0.0,0.04
24,4,2,3,False,0.7814614331493892,0.15472445189481188,4,qUCB,0.18,0.5,0.22,0.04,0.0,0.0,0.0,0.0,0.04,0.0,0.0,0.0,0.0,0.0,0.02
24,5,1,4,False,0.48521430637435653,0.012033564610749226,0,qEHVI,0.38,0.14,0.38,0.0,0.0,0.0,0.0,0.0,0.0,0.0,0.0,0.04,0.0,0.02,0.04
24,5,1,4,False,0.48521430637435653,0.012033564610749226,1,qUCB,0.4,0.12,0.38,0.04,0.02,0.0,0.0,0.0,0.04,0.0,0.0,0.0,0.0,0.0,0.0
24,5,1,4,False,0.48521430637435653,0.012033564610749226,2,qUCB,0.4,0.32,0.18,0.02,0.04,0.0,0.0,0.0,0.04,0.0,0.0,0.0,0.0,0.0,0.0
24,5,1,4,False,0.48521430637435653,0.012033564610749226,3,qUCB,0.6,0.14,0.16,0.04,0.04,0.0,0.0,0.0,0.02,0.0,0.0,0.0,0.0,0.0,0.0
24,5,1,4,False,0.48521430637435653,0.012033564610749226,4,qUCB,0.12,0.0,0.78,0.04,0.04,0.0,0.0,0.0,0.02,0.0,0.0,0.0,0.0,0.0,0.0
24,6,0,5,False,0.2954642926568753,0.08327287553132123,0,qUCB,0.46,0.42,0.06,0.0,0.0,0.0,0.0,0.0,0.0,0.0,0.0,0.04,0.0,0.0,0.02
24,6,0,5,False,0.2954642926568753,0.08327287553132123,1,qUCB,0.0,0.02,0.92,0.04,0.0,0.0,0.0,0.0,0.0,0.0,0.0,0.0,0.0,0.02,0.0
24,6,0,5,False,0.2954642926568753,0.08327287553132123,2,qUCB,0.0,0.7000000000000001,0.2,0.0,0.04,0.0,0.0,0.0,0.02,0.0,0.0,0.0,0.0,0.0,0.04
24,6,0,5,False,0.2954642926568753,0.08327287553132123,3,qUCB,0.0,0.0,0.98,0.0,0.02,0.0,0.0,0.0,0.0,0.0,0.0,0.0,0.0,0.0,0.0
24,6,0,5,False,0.2954642926568753,0.08327287553132123,4,qUCB,0.24,0.44,0.24,0.04,0.0,0.0,0.0,0.0,0.0,0.0,0.0,0.0,0.0,0.04,0.0
25,1,5,0,False,0.9862867787839974,0.2277963237335765,0,qEHVI,0.42,0.08,0.4,0.0,0.0,0.0,0.0,0.0,0.04,0.0,0.0,0.04,0.0,0.0,0.02
25,1,5,0,False,0.9862867787839974,0.2277963237335765,1,qEHVI,0.48,0.0,0.44,0.04,0.0,0.0,0.0,0.0,0.02,0.0,0.0,0.0,0.0,0.02,0.0
25,1,5,0,False,0.9862867787839974,0.2277963237335765,2,qEHVI,0.4,0.18,0.32,0.0,0.0,0.0,0.0,0.0,0.02,0.0,0.0,0.04,0.0,0.04,0.0
25,1,5,0,False,0.9862867787839974,0.2277963237335765,3,qEHVI,0.42,0.16,0.38,0.0,0.0,0.0,0.0,0.0,0.0,0.0,0.0,0.04,0.0,0.0,0.0
25,1,5,0,False,0.9862867787839974,0.2277963237335765,4,qEHVI,0.58,0.26,0.08,0.0,0.0,0.0,0.0,0.0,0.0,0.0,0.0,0.04,0.0,0.04,0.0
25,2,4,1,False,0.8883487524465012,0.07155944706310535,0,qEHVI,0.42,0.08,0.4,0.0,0.0,0.0,0.0,0.0,0.04,0.0,0.0,0.04,0.0,0.0,0.02
25,2,4,1,False,0.8883487524465012,0.07155944706310535,1,qEHVI,0.48,0.0,0.44,0.04,0.0,0.0,0.0,0.0,0.02,0.0,0.0,0.0,0.0,0.02,0.0
25,2,4,1,False,0.8883487524465012,0.07155944706310535,2,qEHVI,0.4,0.18,0.32,0.0,0.0,0.0,0.0,0.0,0.02,0.0,0.0,0.04,0.0,0.04,0.0
25,2,4,1,False,0.8883487524465012,0.07155944706310535,3,qEHVI,0.42,0.16,0.38,0.0,0.0,0.0,0.0,0.0,0.0,0.0,0.0,0.04,0.0,0.0,0.0
25,2,4,1,False,0.8883487524465012,0.07155944706310535,4,qUCB,0.42,0.1,0.38,0.0,0.04,0.0,0.0,0.0,0.0,0.0,0.0,0.0,0.0,0.02,0.04
25,3,3,2,True,0.7307528876516418,0.16251091183431043,0,qEHVI,0.42,0.08,0.4,0.0,0.0,0.0,0.0,0.0,0.04,0.0,0.0,0.04,0.0,0.0,0.02
25,3,3,2,True,0.7307528876516418,0.16251091183431043,1,qEHVI,0.48,0.0,0.44,0.04,0.0,0.0,0.0,0.0,0.02,0.0,0.0,0.0,0.0,0.02,0.0
25,3,3,2,True,0.7307528876516418,0.16251091183431043,2,qEHVI,0.4,0.18,0.32,0.0,0.0,0.0,0.0,0.0,0.02,0.0,0.0,0.04,0.0,0.04,0.0
25,3,3,2,True,0.7307528876516418,0.16251091183431043,3,qUCB,0.42,0.1,0.38,0.0,0.04,0.0,0.0,0.0,0.0,0.0,0.0,0.0,0.0,0.02,0.04
25,3,3,2,True,0.7307528876516418,0.16251091183431043,4,qUCB,0.32,0.38,0.2,0.02,0.04,0.0,0.0,0.0,0.0,0.0,0.0,0.0,0.0,0.0,0.04
25,4,2,3,False,0.5386595220416898,0.1536152963172821,0,qEHVI,0.42,0.08,0.4,0.0,0.0,0.0,0.0,0.0,0.04,0.0,0.0,0.04,0.0,0.0,0.02
25,4,2,3,False,0.5386595220416898,0.1536152963172821,1,qEHVI,0.48,0.0,0.44,0.04,0.0,0.0,0.0,0.0,0.02,0.0,0.0,0.0,0.0,0.02,0.0
25,4,2,3,False,0.5386595220416898,0.1536152963172821,2,qUCB,0.42,0.1,0.38,0.0,0.04,0.0,0.0,0.0,0.0,0.0,0.0,0.0,0.0,0.02,0.04
25,4,2,3,False,0.5386595220416898,0.1536152963172821,3,qUCB,0.32,0.38,0.2,0.02,0.04,0.0,0.0,0.0,0.0,0.0,0.0,0.0,0.0,0.0,0.04
25,4,2,3,False,0.5386595220416898,0.1536152963172821,4,qUCB,0.66,0.06,0.18,0.0,0.04,0.0,0.0,0.0,0.0,0.0,0.0,0.0,0.0,0.02,0.04
25,5,1,4,False,0.3304710684476782,0.1798551290076824,0,qEHVI,0.42,0.08,0.4,0.0,0.0,0.0,0.0,0.0,0.04,0.0,0.0,0.04,0.0,0.0,0.02
25,5,1,4,False,0.3304710684476782,0.1798551290076824,1,qUCB,0.4,0.14,0.38,0.0,0.04,0.0,0.0,0.0,0.0,0.0,0.0,0.0,0.0,0.04,0.0
25,5,1,4,False,0.3304710684476782,0.1798551290076824,2,qUCB,0.36,0.3,0.24,0.04,0.04,0.0,0.0,0.0,0.0,0.0,0.0,0.0,0.0,0.02,0.0
25,5,1,4,False,0.3304710684476782,0.1798551290076824,3,qUCB,0.22,0.44,0.26,0.04,0.0,0.0,0.0,0.0,0.0,0.0,0.0,0.0,0.0,0.04,0.0
25,5,1,4,False,0.3304710684476782,0.1798551290076824,4,qUCB,0.42,0.36,0.12,0.02,0.04,0.0,0.0,0.0,0.0,0.0,0.0,0.0,0.0,0.04,0.0
25,6,0,5,False,0.2505356023747785,0.10776088436324893,0,qUCB,0.44,0.44,0.04,0.0,0.0,0.0,0.0,0.0,0.0,0.0,0.0,0.04,0.0,0.02,0.02
25,6,0,5,False,0.2505356023747785,0.10776088436324893,1,qUCB,0.36,0.38,0.18,0.02,0.04,0.0,0.0,0.0,0.0,0.0,0.0,0.02,0.0,0.0,0.0
25,6,0,5,False,0.2505356023747785,0.10776088436324893,2,qUCB,0.22,0.44,0.24,0.04,0.0,0.0,0.0,0.0,0.04,0.0,0.0,0.0,0.0,0.02,0.0
25,6,0,5,False,0.2505356023747785,0.10776088436324893,3,qUCB,0.16,0.48,0.26,0.02,0.0,0.0,0.0,0.0,0.0,0.0,0.0,0.04,0.0,0.04,0.0
25,6,0,5,False,0.2505356023747785,0.10776088436324893,4,qUCB,0.5,0.24,0.16,0.02,0.0,0.0,0.0,0.0,0.0,0.0,0.0,0.04,0.0,0.0,0.04
26,1,5,0,False,2.898324843510056,0.5794084218414559,0,qEHVI,0.26,0.36,0.3,0.0,0.0,0.0,0.0,0.0,0.04,0.0,0.0,0.04,0.0,0.0,0.0
26,1,5,0,False,2.898324843510056,0.5794084218414559,1,qEHVI,0.14,0.48,0.28,0.0,0.02,0.0,0.0,0.0,0.0,0.0,0.0,0.04,0.0,0.04,0.0
26,1,5,0,False,2.898324843510056,0.5794084218414559,2,qEHVI,0.36,0.2,0.34,0.04,0.0,0.0,0.0,0.0,0.0,0.0,0.0,0.04,0.0,0.02,0.0
26,1,5,0,False,2.898324843510056,0.5794084218414559,3,qEHVI,0.2,0.5,0.28,0.0,0.0,0.0,0.0,0.0,0.0,0.0,0.0,0.0,0.0,0.0,0.02
26,1,5,0,False,2.898324843510056,0.5794084218414559,4,qEHVI,0.36,0.08,0.48,0.0,0.0,0.0,0.0,0.0,0.04,0.0,0.0,0.0,0.0,0.02,0.02
26,2,4,1,False,2.8777551004175512,0.5340927513407934,0,qEHVI,0.26,0.36,0.3,0.0,0.0,0.0,0.0,0.0,0.04,0.0,0.0,0.04,0.0,0.0,0.0
26,2,4,1,False,2.8777551004175512,0.5340927513407934,1,qEHVI,0.14,0.48,0.28,0.0,0.02,0.0,0.0,0.0,0.0,0.0,0.0,0.04,0.0,0.04,0.0
26,2,4,1,False,2.8777551004175512,0.5340927513407934,2,qEHVI,0.36,0.2,0.34,0.04,0.0,0.0,0.0,0.0,0.0,0.0,0.0,0.04,0.0,0.02,0.0
26,2,4,1,False,2.8777551004175512,0.5340927513407934,3,qEHVI,0.2,0.5,0.28,0.0,0.0,0.0,0.0,0.0,0.0,0.0,0.0,0.0,0.0,0.0,0.02
26,2,4,1,False,2.8777551004175512,0.5340927513407934,4,qUCB,0.2,0.44,0.28,0.0,0.04,0.0,0.0,0.0,0.02,0.0,0.0,0.0,0.0,0.02,0.0
26,3,3,2,True,2.7888233393669144,0.8902636720413319,0,qEHVI,0.26,0.36,0.3,0.0,0.0,0.0,0.0,0.0,0.04,0.0,0.0,0.04,0.0,0.0,0.0
26,3,3,2,True,2.7888233393669144,0.8902636720413319,1,qEHVI,0.14,0.48,0.28,0.0,0.02,0.0,0.0,0.0,0.0,0.0,0.0,0.04,0.0,0.04,0.0
26,3,3,2,True,2.7888233393669144,0.8902636720413319,2,qEHVI,0.36,0.2,0.34,0.04,0.0,0.0,0.0,0.0,0.0,0.0,0.0,0.04,0.0,0.02,0.0
26,3,3,2,True,2.7888233393669144,0.8902636720413319,3,qUCB,0.18,0.48,0.26,0.0,0.04,0.0,0.0,0.0,0.0,0.0,0.0,0.0,0.0,0.0,0.04
26,3,3,2,True,2.7888233393669144,0.8902636720413319,4,qUCB,0.24,0.44,0.28,0.0,0.0,0.0,0.0,0.0,0.0,0.0,0.0,0.0,0.0,0.0,0.04
26,4,2,3,False,2.399645590879244,0.5401092553040261,0,qEHVI,0.26,0.36,0.3,0.0,0.0,0.0,0.0,0.0,0.04,0.0,0.0,0.04,0.0,0.0,0.0
26,4,2,3,False,2.399645590879244,0.5401092553040261,1,qEHVI,0.14,0.48,0.28,0.0,0.02,0.0,0.0,0.0,0.0,0.0,0.0,0.04,0.0,0.04,0.0
26,4,2,3,False,2.399645590879244,0.5401092553040261,2,qUCB,0.18,0.48,0.26,0.0,0.04,0.0,0.0,0.0,0.0,0.0,0.0,0.0,0.0,0.0,0.04
26,4,2,3,False,2.399645590879244,0.5401092553040261,3,qUCB,0.64,0.06,0.22,0.04,0.0,0.0,0.0,0.0,0.0,0.0,0.0,0.0,0.0,0.0,0.04
26,4,2,3,False,2.399645590879244,0.5401092553040261,4,qUCB,0.32,0.28,0.3,0.04,0.0,0.0,0.0,0.0,0.02,0.0,0.0,0.0,0.0,0.0,0.04
26,5,1,4,False,2.007969759827715,0.527773678837514,0,qEHVI,0.26,0.36,0.3,0.0,0.0,0.0,0.0,0.0,0.04,0.0,0.0,0.04,0.0,0.0,0.0
26,5,1,4,False,2.007969759827715,0.527773678837514,1,qUCB,0.16,0.48,0.26,0.0,0.02,0.0,0.0,0.0,0.0,0.0,0.0,0.0,0.0,0.04,0.04
26,5,1,4,False,2.007969759827715,0.527773678837514,2,qUCB,0.24,0.38,0.28,0.04,0.02,0.0,0.0,0.0,0.0,0.0,0.0,0.0,0.0,0.04,0.0
26,5,1,4,False,2.007969759827715,0.527773678837514,3,qUCB,0.64,0.06,0.22,0.04,0.0,0.0,0.0,0.0,0.0,0.0,0.0,0.0,0.0,0.0,0.04
26,5,1,4,False,2.007969759827715,0.527773678837514,4,qUCB,0.02,0.1,0.78,0.04,0.04,0.0,0.0,0.0,0.0,0.0,0.0,0.0,0.0,0.0,0.02
26,6,0,5,False,1.9066689601025812,0.4404402468998647,0,qUCB,0.22,0.44,0.28,0.0,0.0,0.0,0.0,0.0,0.02,0.0,0.0,0.04,0.0,0.0,0.0
26,6,0,5,False,1.9066689601025812,0.4404402468998647,1,qUCB,0.18,0.48,0.26,0.0,0.04,0.0,0.0,0.0,0.0,0.0,0.0,0.0,0.0,0.0,0.04
26,6,0,5,False,1.9066689601025812,0.4404402468998647,2,qUCB,0.26,0.34,0.3,0.04,0.0,0.0,0.0,0.0,0.02,0.0,0.0,0.0,0.0,0.02,0.02
26,6,0,5,False,1.9066689601025812,0.4404402468998647,3,qUCB,0.0,0.0,0.96,0.0,0.02,0.0,0.0,0.0,0.0,0.0,0.0,0.0,0.0,0.0,0.02
26,6,0,5,False,1.9066689601025812,0.4404402468998647,4,qUCB,0.68,0.0,0.22,0.04,0.0,0.0,0.0,0.0,0.0,0.0,0.0,0.02,0.0,0.02,0.02
27,1,5,0,False,1.267486956520419,0.1474045450764141,0,qEHVI,0.38,0.16,0.36,0.0,0.0,0.0,0.0,0.0,0.02,0.0,0.0,0.04,0.0,0.0,0.04
27,1,5,0,False,1.267486956520419,0.1474045450764141,1,qEHVI,0.42,0.02,0.46,0.0,0.0,0.0,0.0,0.0,0.04,0.0,0.0,0.02,0.0,0.04,0.0
27,1,5,0,False,1.267486956520419,0.1474045450764141,2,qEHVI,0.54,0.28,0.08,0.0,0.0,0.0,0.0,0.0,0.04,0.0,0.0,0.04,0.0,0.0,0.02
27,1,5,0,False,1.267486956520419,0.1474045450764141,3,qEHVI,0.6,0.3,0.02,0.0,0.02,0.0,0.0,0.0,0.0,0.0,0.0,0.0,0.0,0.04,0.02
27,1,5,0,False,1.267486956520419,0.1474045450764141,4,qEHVI,0.46,0.3,0.14,0.02,0.04,0.0,0.0,0.0,0.0,0.0,0.0,0.04,0.0,0.0,0.0
27,2,4,1,False,1.298718679064407,0.39560262219647235,0,qEHVI,0.38,0.16,0.36,0.0,0.0,0.0,0.0,0.0,0.02,0.0,0.0,0.04,0.0,0.0,0.04
27,2,4,1,False,1.298718679064407,0.39560262219647235,1,qEHVI,0.42,0.02,0.46,0.0,0.0,0.0,0.0,0.0,0.04,0.0,0.0,0.02,0.0,0.04,0.0
27,2,4,1,False,1.298718679064407,0.39560262219647235,2,qEHVI,0.54,0.28,0.08,0.0,0.0,0.0,0.0,0.0,0.04,0.0,0.0,0.04,0.0,0.0,0.02
27,2,4,1,False,1.298718679064407,0.39560262219647235,3,qEHVI,0.6,0.3,0.02,0.0,0.02,0.0,0.0,0.0,0.0,0.0,0.0,0.0,0.0,0.04,0.02
27,2,4,1,False,1.298718679064407,0.39560262219647235,4,qUCB,0.46,0.3,0.14,0.02,0.04,0.0,0.0,0.0,0.0,0.0,0.0,0.04,0.0,0.0,0.0
27,3,3,2,True,1.1125590378385424,0.3180432284527552,0,qEHVI,0.38,0.16,0.36,0.0,0.0,0.0,0.0,0.0,0.02,0.0,0.0,0.04,0.0,0.0,0.04
27,3,3,2,True,1.1125590378385424,0.3180432284527552,1,qEHVI,0.42,0.02,0.46,0.0,0.0,0.0,0.0,0.0,0.04,0.0,0.0,0.02,0.0,0.04,0.0
27,3,3,2,True,1.1125590378385424,0.3180432284527552,2,qEHVI,0.54,0.28,0.08,0.0,0.0,0.0,0.0,0.0,0.04,0.0,0.0,0.04,0.0,0.0,0.02
27,3,3,2,True,1.1125590378385424,0.3180432284527552,3,qUCB,0.42,0.3,0.2,0.04,0.04,0.0,0.0,0.0,0.0,0.0,0.0,0.0,0.0,0.0,0.0
27,3,3,2,True,1.1125590378385424,0.3180432284527552,4,qUCB,0.0,0.0,0.92,0.04,0.04,0.0,0.0,0.0,0.0,0.0,0.0,0.0,0.0,0.0,0.0
27,4,2,3,False,0.8810070279326898,0.18528534905443506,0,qEHVI,0.38,0.16,0.36,0.0,0.0,0.0,0.0,0.0,0.02,0.0,0.0,0.04,0.0,0.0,0.04
27,4,2,3,False,0.8810070279326898,0.18528534905443506,1,qEHVI,0.42,0.02,0.46,0.0,0.0,0.0,0.0,0.0,0.04,0.0,0.0,0.02,0.0,0.04,0.0
27,4,2,3,False,0.8810070279326898,0.18528534905443506,2,qUCB,0.42,0.3,0.2,0.04,0.04,0.0,0.0,0.0,0.0,0.0,0.0,0.0,0.0,0.0,0.0
27,4,2,3,False,0.8810070279326898,0.18528534905443506,3,qUCB,0.0,0.0,0.92,0.04,0.04,0.0,0.0,0.0,0.0,0.0,0.0,0.0,0.0,0.0,0.0
27,4,2,3,False,0.8810070279326898,0.18528534905443506,4,qUCB,0.04,0.8200000000000001,0.06,0.04,0.04,0.0,0.0,0.0,0.0,0.0,0.0,0.0,0.0,0.0,0.0
27,5,1,4,False,0.6075807196239507,0.21682417131007092,0,qEHVI,0.38,0.16,0.36,0.0,0.0,0.0,0.0,0.0,0.02,0.0,0.0,0.04,0.0,0.0,0.04
27,5,1,4,False,0.6075807196239507,0.21682417131007092,1,qUCB,0.48,0.28,0.14,0.02,0.04,0.0,0.0,0.0,0.0,0.0,0.0,0.0,0.0,0.04,0.0
27,5,1,4,False,0.6075807196239507,0.21682417131007092,2,qUCB,0.0,0.0,0.92,0.04,0.04,0.0,0.0,0.0,0.0,0.0,0.0,0.0,0.0,0.0,0.0
27,5,1,4,False,0.6075807196239507,0.21682417131007092,3,qUCB,0.14,0.0,0.76,0.04,0.02,0.0,0.0,0.0,0.0,0.0,0.0,0.0,0.0,0.04,0.0
27,5,1,4,False,0.6075807196239507,0.21682417131007092,4,qUCB,0.02,0.8200000000000001,0.06,0.04,0.02,0.0,0.0,0.0,0.0,0.0,0.0,0.0,0.0,0.04,0.0
27,6,0,5,False,0.6069056941488414,0.04923931594174569,0,qUCB,0.46,0.3,0.14,0.02,0.04,0.0,0.0,0.0,0.0,0.0,0.0,0.04,0.0,0.0,0.0
27,6,0,5,False,0.6069056941488414,0.04923931594174569,1,qUCB,0.66,0.04,0.22,0.04,0.0,0.0,0.0,0.0,0.02,0.0,0.0,0.02,0.0,0.0,0.0
27,6,0,5,False,0.6069056941488414,0.04923931594174569,2,qUCB,0.04,0.0,0.92,0.04,0.0,0.0,0.0,0.0,0.0,0.0,0.0,0.0,0.0,0.0,0.0
27,6,0,5,False,0.6069056941488414,0.04923931594174569,3,qUCB,0.0,0.04,0.96,0.0,0.0,0.0,0.0,0.0,0.0,0.0,0.0,0.0,0.0,0.0,0.0
27,6,0,5,False,0.6069056941488414,0.04923931594174569,4,qUCB,0.0,0.8200000000000001,0.08,0.04,0.02,0.0,0.0,0.0,0.0,0.0,0.0,0.04,0.0,0.0,0.0
28,1,5,0,False,1.5192239771048461,0.32242848937895463,0,qEHVI,0.4,0.12,0.4,0.0,0.0,0.0,0.0,0.0,0.0,0.0,0.0,0.04,0.0,0.04,0.0
28,1,5,0,False,1.5192239771048461,0.32242848937895463,1,qEHVI,0.36,0.26,0.32,0.02,0.0,0.0,0.0,0.0,0.0,0.0,0.0,0.04,0.0,0.0,0.0
28,1,5,0,False,1.5192239771048461,0.32242848937895463,2,qEHVI,0.52,0.22,0.16,0.02,0.02,0.0,0.0,0.0,0.0,0.0,0.0,0.04,0.0,0.02,0.0
28,1,5,0,False,1.5192239771048461,0.32242848937895463,3,qEHVI,0.44,0.0,0.46,0.02,0.04,0.0,0.0,0.0,0.0,0.0,0.0,0.0,0.0,0.02,0.02
28,1,5,0,False,1.5192239771048461,0.32242848937895463,4,qEHVI,0.72,0.14,0.06,0.0,0.0,0.0,0.0,0.0,0.04,0.0,0.0,0.0,0.0,0.0,0.04
28,2,4,1,False,1.284454476325619,0.1327655142045483,0,qEHVI,0.4,0.12,0.4,0.0,0.0,0.0,0.0,0.0,0.0,0.0,0.0,0.04,0.0,0.04,0.0
28,2,4,1,False,1.284454476325619,0.1327655142045483,1,qEHVI,0.36,0.26,0.32,0.02,0.0,0.0,0.0,0.0,0.0,0.0,0.0,0.04,0.0,0.0,0.0
28,2,4,1,False,1.284454476325619,0.1327655142045483,2,qEHVI,0.52,0.22,0.16,0.02,0.02,0.0,0.0,0.0,0.0,0.0,0.0,0.04,0.0,0.02,0.0
28,2,4,1,False,1.284454476325619,0.1327655142045483,3,qEHVI,0.44,0.0,0.46,0.02,0.04,0.0,0.0,0.0,0.0,0.0,0.0,0.0,0.0,0.02,0.02
28,2,4,1,False,1.284454476325619,0.1327655142045483,4,qUCB,0.34,0.2,0.38,0.0,0.0,0.0,0.0,0.0,0.04,0.0,0.0,0.0,0.0,0.0,0.04
28,3,3,2,True,1.1075590415903576,0.09264875336700307,0,qEHVI,0.4,0.12,0.4,0.0,0.0,0.0,0.0,0.0,0.0,0.0,0.0,0.04,0.0,0.04,0.0
28,3,3,2,True,1.1075590415903576,0.09264875336700307,1,qEHVI,0.36,0.26,0.32,0.02,0.0,0.0,0.0,0.0,0.0,0.0,0.0,0.04,0.0,0.0,0.0
28,3,3,2,True,1.1075590415903576,0.09264875336700307,2,qEHVI,0.52,0.22,0.16,0.02,0.02,0.0,0.0,0.0,0.0,0.0,0.0,0.04,0.0,0.02,0.0
28,3,3,2,True,1.1075590415903576,0.09264875336700307,3,qUCB,0.34,0.2,0.38,0.0,0.0,0.0,0.0,0.0,0.04,0.0,0.0,0.0,0.0,0.0,0.04
28,3,3,2,True,1.1075590415903576,0.09264875336700307,4,qUCB,0.0,0.84,0.08,0.04,0.0,0.0,0.0,0.0,0.04,0.0,0.0,0.0,0.0,0.0,0.0
28,4,2,3,False,0.9294026492287876,0.4460779610816763,0,qEHVI,0.4,0.12,0.4,0.0,0.0,0.0,0.0,0.0,0.0,0.0,0.0,0.04,0.0,0.04,0.0
28,4,2,3,False,0.9294026492287876,0.4460779610816763,1,qEHVI,0.36,0.26,0.32,0.02,0.0,0.0,0.0,0.0,0.0,0.0,0.0,0.04,0.0,0.0,0.0
28,4,2,3,False,0.9294026492287876,0.4460779610816763,2,qUCB,0.48,0.28,0.14,0.0,0.04,0.0,0.0,0.0,0.04,0.0,0.0,0.0,0.0,0.02,0.0
28,4,2,3,False,0.9294026492287876,0.4460779610816763,3,qUCB,0.0,0.84,0.08,0.04,0.0,0.0,0.0,0.0,0.04,0.0,0.0,0.0,0.0,0.0,0.0
28,4,2,3,False,0.9294026492287876,0.4460779610816763,4,qUCB,0.1,0.04,0.76,0.04,0.04,0.0,0.0,0.0,0.02,0.0,0.0,0.0,0.0,0.0,0.0
28,5,1,4,False,0.7035216201709149,0.04060746907703461,0,qEHVI,0.4,0.12,0.4,0.0,0.0,0.0,0.0,0.0,0.0,0.0,0.0,0.04,0.0,0.04,0.0
28,5,1,4,False,0.7035216201709149,0.04060746907703461,1,qUCB,0.34,0.4,0.16,0.02,0.04,0.0,0.0,0.0,0.0,0.0,0.0,0.0,0.0,0.0,0.04
28,5,1,4,False,0.7035216201709149,0.04060746907703461,2,qUCB,0.0,0.84,0.08,0.04,0.0,0.0,0.0,0.0,0.04,0.0,0.0,0.0,0.0,0.0,0.0
28,5,1,4,False,0.7035216201709149,0.04060746907703461,3,qUCB,0.1,0.04,0.76,0.04,0.04,0.0,0.0,0.0,0.02,0.0,0.0,0.0,0.0,0.0,0.0
28,5,1,4,False,0.7035216201709149,0.04060746907703461,4,qUCB,0.16,0.48,0.26,0.04,0.04,0.0,0.0,0.0,0.0,0.0,0.0,0.0,0.0,0.0,0.02
28,6,0,5,False,0.3971252135742988,0.08256936254811542,0,qUCB,0.52,0.42,0.02,0.0,0.0,0.0,0.0,0.0,0.0,0.0,0.0,0.04,0.0,0.0,0.0
28,6,0,5,False,0.3971252135742988,0.08256936254811542,1,qUCB,0.68,0.0,0.22,0.04,0.0,0.0,0.0,0.0,0.0,0.0,0.0,0.04,0.0,0.0,0.02
28,6,0,5,False,0.3971252135742988,0.08256936254811542,2,qUCB,0.0,0.16,0.78,0.04,0.02,0.0,0.0,0.0,0.0,0.0,0.0,0.0,0.0,0.0,0.0
28,6,0,5,False,0.3971252135742988,0.08256936254811542,3,qUCB,0.38,0.38,0.14,0.0,0.04,0.0,0.0,0.0,0.0,0.0,0.0,0.04,0.0,0.02,0.0
28,6,0,5,False,0.3971252135742988,0.08256936254811542,4,qUCB,0.1,0.04,0.76,0.04,0.04,0.0,0.0,0.0,0.02,0.0,0.0,0.0,0.0,0.0,0.0
29,1,5,0,False,1.0451519520489214,0.04228133788349542,0,qEHVI,0.44,0.02,0.46,0.02,0.02,0.0,0.0,0.0,0.0,0.0,0.0,0.0,0.0,0.02,0.02
29,1,5,0,False,1.0451519520489214,0.04228133788349542,1,qEHVI,0.36,0.18,0.4,0.0,0.0,0.0,0.0,0.0,0.0,0.0,0.0,0.0,0.0,0.04,0.02
29,1,5,0,False,1.0451519520489214,0.04228133788349542,2,qEHVI,0.62,0.0,0.36,0.0,0.0,0.0,0.0,0.0,0.0,0.0,0.0,0.0,0.0,0.0,0.02
29,1,5,0,False,1.0451519520489214,0.04228133788349542,3,qEHVI,0.38,0.12,0.4,0.04,0.0,0.0,0.0,0.0,0.04,0.0,0.0,0.0,0.0,0.02,0.0
29,1,5,0,False,1.0451519520489214,0.04228133788349542,4,qEHVI,0.54,0.32,0.08,0.0,0.0,0.0,0.0,0.0,0.0,0.0,0.0,0.04,0.0,0.02,0.0
29,2,4,1,False,0.8753160568072662,0.6685814194912556,0,qEHVI,0.44,0.02,0.46,0.02,0.02,0.0,0.0,0.0,0.0,0.0,0.0,0.0,0.0,0.02,0.02
29,2,4,1,False,0.8753160568072662,0.6685814194912556,1,qEHVI,0.36,0.18,0.4,0.0,0.0,0.0,0.0,0.0,0.0,0.0,0.0,0.0,0.0,0.04,0.02
29,2,4,1,False,0.8753160568072662,0.6685814194912556,2,qEHVI,0.56,0.02,0.38,0.0,0.0,0.0,0.0,0.0,0.0,0.0,0.0,0.0,0.0,0.0,0.04
29,2,4,1,False,0.8753160568072662,0.6685814194912556,3,qEHVI,0.7000000000000001,0.02,0.24,0.02,0.0,0.0,0.0,0.0,0.0,0.0,0.0,0.0,0.0,0.02,0.0
29,2,4,1,False,0.8753160568072662,0.6685814194912556,4,qUCB,0.4,0.38,0.12,0.0,0.02,0.0,0.0,0.0,0.04,0.0,0.0,0.04,0.0,0.0,0.0
29,3,3,2,True,0.8429182040286521,0.0939886113727404,0,qEHVI,0.44,0.02,0.46,0.02,0.02,0.0,0.0,0.0,0.0,0.0,0.0,0.0,0.0,0.02,0.02
29,3,3,2,True,0.8429182040286521,0.0939886113727404,1,qEHVI,0.36,0.18,0.4,0.0,0.0,0.0,0.0,0.0,0.0,0.0,0.0,0.0,0.0,0.04,0.02
29,3,3,2,True,0.8429182040286521,0.0939886113727404,2,qEHVI,0.56,0.02,0.38,0.0,0.0,0.0,0.0,0.0,0.0,0.0,0.0,0.0,0.0,0.0,0.04
29,3,3,2,True,0.8429182040286521,0.0939886113727404,3,qUCB,0.46,0.5,0.0,0.0,0.0,0.0,0.0,0.0,0.0,0.0,0.0,0.04,0.0,0.0,0.0
29,3,3,2,True,0.8429182040286521,0.0939886113727404,4,qUCB,0.04,0.06,0.8,0.0,0.02,0.0,0.0,0.0,0.04,0.0,0.0,0.04,0.0,0.0,0.0
29,4,2,3,False,0.626394742445698,0.38717235334030864,0,qEHVI,0.44,0.02,0.46,0.02,0.02,0.0,0.0,0.0,0.0,0.0,0.0,0.0,0.0,0.02,0.02
29,4,2,3,False,0.626394742445698,0.38717235334030864,1,qEHVI,0.36,0.18,0.4,0.0,0.0,0.0,0.0,0.0,0.0,0.0,0.0,0.0,0.0,0.04,0.02
29,4,2,3,False,0.626394742445698,0.38717235334030864,2,qUCB,0.46,0.5,0.0,0.0,0.0,0.0,0.0,0.0,0.0,0.0,0.0,0.04,0.0,0.0,0.0
29,4,2,3,False,0.626394742445698,0.38717235334030864,3,qUCB,0.42,0.36,0.14,0.0,0.0,0.0,0.0,0.0,0.04,0.0,0.0,0.04,0.0,0.0,0.0
29,4,2,3,False,0.626394742445698,0.38717235334030864,4,qUCB,0.04,0.06,0.8,0.0,0.02,0.0,0.0,0.0,0.04,0.0,0.0,0.04,0.0,0.0,0.0
29,5,1,4,False,0.44771466201227883,0.22966028887386902,0,qEHVI,0.44,0.02,0.46,0.02,0.02,0.0,0.0,0.0,0.0,0.0,0.0,0.0,0.0,0.02,0.02
29,5,1,4,False,0.44771466201227883,0.22966028887386902,1,qUCB,0.46,0.5,0.0,0.0,0.0,0.0,0.0,0.0,0.0,0.0,0.0,0.04,0.0,0.0,0.0
29,5,1,4,False,0.44771466201227883,0.22966028887386902,2,qUCB,0.0,0.8,0.12,0.0,0.0,0.0,0.0,0.0,0.0,0.0,0.0,0.04,0.0,0.04,0.0
29,5,1,4,False,0.44771466201227883,0.22966028887386902,3,qUCB,0.04,0.06,0.8,0.0,0.02,0.0,0.0,0.0,0.04,0.0,0.0,0.04,0.0,0.0,0.0
29,5,1,4,False,0.44771466201227883,0.22966028887386902,4,qUCB,0.42,0.36,0.14,0.0,0.0,0.0,0.0,0.0,0.04,0.0,0.0,0.04,0.0,0.0,0.0
29,6,0,5,False,0.4068179858918691,0.06882466798435072,0,qUCB,0.48,0.4,0.02,0.0,0.0,0.0,0.0,0.0,0.0,0.0,0.0,0.04,0.0,0.02,0.04
29,6,0,5,False,0.4068179858918691,0.06882466798435072,1,qUCB,0.7000000000000001,0.0,0.2,0.04,0.02,0.0,0.0,0.0,0.02,0.0,0.0,0.0,0.0,0.0,0.02
29,6,0,5,False,0.4068179858918691,0.06882466798435072,2,qUCB,0.12,0.02,0.76,0.04,0.04,0.0,0.0,0.0,0.0,0.0,0.0,0.0,0.0,0.0,0.02
29,6,0,5,False,0.4068179858918691,0.06882466798435072,3,qUCB,0.14,0.54,0.22,0.04,0.04,0.0,0.0,0.0,0.0,0.0,0.0,0.0,0.0,0.0,0.02
29,6,0,5,False,0.4068179858918691,0.06882466798435072,4,qUCB,0.0,0.08,0.8200000000000001,0.0,0.04,0.0,0.0,0.0,0.04,0.0,0.0,0.02,0.0,0.0,0.0
30,1,5,0,False,0.9774466970976977,0.10534621427808766,0,qEHVI,0.38,0.12,0.4,0.04,0.0,0.0,0.0,0.0,0.02,0.0,0.0,0.04,0.0,0.0,0.0
30,1,5,0,False,0.9774466970976977,0.10534621427808766,1,qEHVI,0.4,0.06,0.46,0.02,0.02,0.0,0.0,0.0,0.02,0.0,0.0,0.0,0.0,0.0,0.02
30,1,5,0,False,0.9774466970976977,0.10534621427808766,2,qEHVI,0.44,0.1,0.38,0.0,0.0,0.0,0.0,0.0,0.0,0.0,0.0,0.04,0.0,0.0,0.04
30,1,5,0,False,0.9774466970976977,0.10534621427808766,3,qEHVI,0.42,0.04,0.48,0.02,0.04,0.0,0.0,0.0,0.0,0.0,0.0,0.0,0.0,0.0,0.0
30,1,5,0,False,0.9774466970976977,0.10534621427808766,4,qEHVI,0.58,0.32,0.02,0.0,0.0,0.0,0.0,0.0,0.0,0.0,0.0,0.04,0.0,0.02,0.02
30,2,4,1,False,0.7932581841365998,0.17083648475561475,0,qEHVI,0.44,0.1,0.38,0.0,0.0,0.0,0.0,0.0,0.0,0.0,0.0,0.04,0.0,0.0,0.04
30,2,4,1,False,0.7932581841365998,0.17083648475561475,1,qEHVI,0.4,0.06,0.46,0.02,0.02,0.0,0.0,0.0,0.02,0.0,0.0,0.0,0.0,0.0,0.02
30,2,4,1,False,0.7932581841365998,0.17083648475561475,2,qEHVI,0.38,0.12,0.4,0.04,0.0,0.0,0.0,0.0,0.02,0.0,0.0,0.04,0.0,0.0,0.0
30,2,4,1,False,0.7932581841365998,0.17083648475561475,3,qEHVI,0.42,0.04,0.48,0.02,0.04,0.0,0.0,0.0,0.0,0.0,0.0,0.0,0.0,0.0,0.0
30,2,4,1,False,0.7932581841365998,0.17083648475561475,4,qUCB,0.4,0.5,0.0,0.0,0.02,0.0,0.0,0.0,0.0,0.0,0.0,0.04,0.0,0.04,0.0
30,3,3,2,True,0.660198089446438,0.03555529979323868,0,qEHVI,0.44,0.1,0.38,0.0,0.0,0.0,0.0,0.0,0.0,0.0,0.0,0.04,0.0,0.0,0.04
30,3,3,2,True,0.660198089446438,0.03555529979323868,1,qEHVI,0.4,0.06,0.46,0.02,0.02,0.0,0.0,0.0,0.02,0.0,0.0,0.0,0.0,0.0,0.02
30,3,3,2,True,0.660198089446438,0.03555529979323868,2,qEHVI,0.38,0.12,0.4,0.04,0.0,0.0,0.0,0.0,0.02,0.0,0.0,0.04,0.0,0.0,0.0
30,3,3,2,True,0.660198089446438,0.03555529979323868,3,qUCB,0.4,0.5,0.0,0.0,0.02,0.0,0.0,0.0,0.0,0.0,0.0,0.04,0.0,0.04,0.0
30,3,3,2,True,0.660198089446438,0.03555529979323868,4,qUCB,0.42,0.38,0.12,0.0,0.04,0.0,0.0,0.0,0.0,0.0,0.0,0.04,0.0,0.0,0.0
30,4,2,3,False,0.5973466331783195,0.029124068653896495,0,qEHVI,0.38,0.12,0.4,0.04,0.0,0.0,0.0,0.0,0.02,0.0,0.0,0.04,0.0,0.0,0.0
30,4,2,3,False,0.5973466331783195,0.029124068653896495,1,qEHVI,0.4,0.06,0.46,0.02,0.02,0.0,0.0,0.0,0.02,0.0,0.0,0.0,0.0,0.0,0.02
30,4,2,3,False,0.5973466331783195,0.029124068653896495,2,qUCB,0.42,0.44,0.04,0.0,0.0,0.0,0.0,0.0,0.0,0.0,0.0,0.04,0.0,0.04,0.02
30,4,2,3,False,0.5973466331783195,0.029124068653896495,3,qUCB,0.04,0.74,0.12,0.0,0.04,0.0,0.0,0.0,0.02,0.0,0.0,0.04,0.0,0.0,0.0
30,4,2,3,False,0.5973466331783195,0.029124068653896495,4,qUCB,0.42,0.38,0.12,0.0,0.04,0.0,0.0,0.0,0.0,0.0,0.0,0.04,0.0,0.0,0.0
30,5,1,4,False,0.3267531942996566,0.03554765128455384,0,qEHVI,0.38,0.12,0.4,0.04,0.0,0.0,0.0,0.0,0.02,0.0,0.0,0.04,0.0,0.0,0.0
30,5,1,4,False,0.3267531942996566,0.03554765128455384,1,qUCB,0.42,0.06,0.42,0.0,0.02,0.0,0.0,0.0,0.0,0.0,0.0,0.0,0.0,0.04,0.04
30,5,1,4,False,0.3267531942996566,0.03554765128455384,2,qUCB,0.34,0.4,0.16,0.0,0.04,0.0,0.0,0.0,0.0,0.0,0.0,0.0,0.0,0.04,0.02
30,5,1,4,False,0.3267531942996566,0.03554765128455384,3,qUCB,0.0,0.76,0.14,0.0,0.04,0.0,0.0,0.0,0.0,0.0,0.0,0.0,0.0,0.02,0.04
30,5,1,4,False,0.3267531942996566,0.03554765128455384,4,qUCB,0.46,0.3,0.16,0.0,0.04,0.0,0.0,0.0,0.0,0.0,0.0,0.0,0.0,0.0,0.04
30,6,0,5,False,0.44654413371869117,0.16664513535977932,0,qUCB,0.42,0.44,0.04,0.0,0.0,0.0,0.0,0.0,0.0,0.0,0.0,0.04,0.0,0.04,0.02
30,6,0,5,False,0.44654413371869117,0.16664513535977932,1,qUCB,0.68,0.0,0.22,0.04,0.0,0.0,0.0,0.0,0.02,0.0,0.0,0.02,0.0,0.0,0.02
30,6,0,5,False,0.44654413371869117,0.16664513535977932,2,qUCB,0.0,0.0,0.96,0.0,0.0,0.0,0.0,0.0,0.02,0.0,0.0,0.0,0.0,0.0,0.02
30,6,0,5,False,0.44654413371869117,0.16664513535977932,3,qUCB,0.1,0.04,0.76,0.04,0.0,0.0,0.0,0.0,0.0,0.0,0.0,0.04,0.0,0.0,0.02
30,6,0,5,False,0.44654413371869117,0.16664513535977932,4,qUCB,0.22,0.46,0.22,0.04,0.04,0.0,0.0,0.0,0.0,0.0,0.0,0.0,0.0,0.02,0.0
31,1,5,0,False,1.1511352800748549,0.021659917753838798,0,qEHVI,0.32,0.2,0.4,0.04,0.0,0.0,0.0,0.0,0.04,0.0,0.0,0.0,0.0,0.0,0.0
31,1,5,0,False,1.1511352800748549,0.021659917753838798,1,qEHVI,0.7000000000000001,0.02,0.28,0.0,0.0,0.0,0.0,0.0,0.0,0.0,0.0,0.0,0.0,0.0,0.0
31,1,5,0,False,1.1511352800748549,0.021659917753838798,2,qEHVI,0.54,0.3,0.08,0.0,0.0,0.0,0.0,0.0,0.0,0.0,0.0,0.04,0.0,0.0,0.04
31,1,5,0,False,1.1511352800748549,0.021659917753838798,3,qEHVI,0.62,0.24,0.04,0.0,0.02,0.0,0.0,0.0,0.0,0.0,0.0,0.0,0.0,0.04,0.04
31,1,5,0,False,1.1511352800748549,0.021659917753838798,4,qEHVI,0.38,0.18,0.4,0.0,0.0,0.0,0.0,0.0,0.0,0.0,0.0,0.0,0.0,0.02,0.02
31,2,4,1,False,1.0588452105965822,0.02215163357937122,0,qEHVI,0.32,0.2,0.4,0.04,0.0,0.0,0.0,0.0,0.04,0.0,0.0,0.0,0.0,0.0,0.0
31,2,4,1,False,1.0588452105965822,0.02215163357937122,1,qEHVI,0.7000000000000001,0.02,0.28,0.0,0.0,0.0,0.0,0.0,0.0,0.0,0.0,0.0,0.0,0.0,0.0
31,2,4,1,False,1.0588452105965822,0.02215163357937122,2,qEHVI,0.54,0.3,0.08,0.0,0.0,0.0,0.0,0.0,0.0,0.0,0.0,0.04,0.0,0.0,0.04
31,2,4,1,False,1.0588452105965822,0.02215163357937122,3,qEHVI,0.62,0.24,0.04,0.0,0.02,0.0,0.0,0.0,0.0,0.0,0.0,0.0,0.0,0.04,0.04
31,2,4,1,False,1.0588452105965822,0.02215163357937122,4,qUCB,0.4,0.12,0.38,0.0,0.0,0.0,0.0,0.0,0.02,0.0,0.0,0.04,0.0,0.04,0.0
31,3,3,2,True,1.0006215642577931,0.31961504862173173,0,qEHVI,0.32,0.2,0.4,0.04,0.0,0.0,0.0,0.0,0.04,0.0,0.0,0.0,0.0,0.0,0.0
31,3,3,2,True,1.0006215642577931,0.31961504862173173,1,qEHVI,0.7000000000000001,0.02,0.28,0.0,0.0,0.0,0.0,0.0,0.0,0.0,0.0,0.0,0.0,0.0,0.0
31,3,3,2,True,1.0006215642577931,0.31961504862173173,2,qEHVI,0.54,0.3,0.08,0.0,0.0,0.0,0.0,0.0,0.0,0.0,0.0,0.04,0.0,0.0,0.04
31,3,3,2,True,1.0006215642577931,0.31961504862173173,3,qUCB,0.4,0.12,0.38,0.0,0.0,0.0,0.0,0.0,0.02,0.0,0.0,0.04,0.0,0.04,0.0
31,3,3,2,True,1.0006215642577931,0.31961504862173173,4,qUCB,0.12,0.04,0.74,0.04,0.04,0.0,0.0,0.0,0.0,0.0,0.0,0.0,0.0,0.0,0.02
31,4,2,3,False,0.7374004664007269,0.033635064709382156,0,qEHVI,0.32,0.2,0.4,0.04,0.0,0.0,0.0,0.0,0.04,0.0,0.0,0.0,0.0,0.0,0.0
31,4,2,3,False,0.7374004664007269,0.033635064709382156,1,qEHVI,0.7000000000000001,0.02,0.28,0.0,0.0,0.0,0.0,0.0,0.0,0.0,0.0,0.0,0.0,0.0,0.0
31,4,2,3,False,0.7374004664007269,0.033635064709382156,2,qUCB,0.42,0.5,0.0,0.0,0.0,0.0,0.0,0.0,0.0,0.0,0.0,0.04,0.0,0.0,0.04
31,4,2,3,False,0.7374004664007269,0.033635064709382156,3,qUCB,0.0,0.78,0.12,0.0,0.0,0.0,0.0,0.0,0.02,0.0,0.0,0.04,0.0,0.04,0.0
31,4,2,3,False,0.7374004664007269,0.033635064709382156,4,qUCB,0.0,0.64,0.26,0.0,0.04,0.0,0.0,0.0,0.02,0.0,0.0,0.0,0.0,0.0,0.04
31,5,1,4,False,0.49525827213518964,0.008994436891466506,0,qEHVI,0.32,0.2,0.4,0.04,0.0,0.0,0.0,0.0,0.04,0.0,0.0,0.0,0.0,0.0,0.0
31,5,1,4,False,0.49525827213518964,0.008994436891466506,1,qUCB,0.42,0.5,0.0,0.0,0.0,0.0,0.0,0.0,0.0,0.0,0.0,0.04,0.0,0.0,0.04
31,5,1,4,False,0.49525827213518964,0.008994436891466506,2,qUCB,0.14,0.08,0.7000000000000001,0.0,0.04,0.0,0.0,0.0,0.0,0.0,0.0,0.04,0.0,0.0,0.0
31,5,1,4,False,0.49525827213518964,0.008994436891466506,3,qUCB,0.3,0.42,0.2,0.0,0.04,0.0,0.0,0.0,0.0,0.0,0.0,0.04,0.0,0.0,0.0
31,5,1,4,False,0.49525827213518964,0.008994436891466506,4,qUCB,0.0,0.78,0.12,0.0,0.0,0.0,0.0,0.0,0.02,0.0,0.0,0.04,0.0,0.04,0.0
31,6,0,5,False,0.6045232674759367,0.028129884837078123,0,qUCB,0.48,0.42,0.04,0.0,0.0,0.0,0.0,0.0,0.0,0.0,0.0,0.04,0.0,0.0,0.02
31,6,0,5,False,0.6045232674759367,0.028129884837078123,1,qUCB,0.7000000000000001,0.0,0.22,0.04,0.02,0.0,0.0,0.0,0.0,0.0,0.0,0.0,0.0,0.02,0.0
31,6,0,5,False,0.6045232674759367,0.028129884837078123,2,qUCB,0.22,0.44,0.24,0.04,0.04,0.0,0.0,0.0,0.02,0.0,0.0,0.0,0.0,0.0,0.0
31,6,0,5,False,0.6045232674759367,0.028129884837078123,3,qUCB,0.18,0.0,0.76,0.04,0.02,0.0,0.0,0.0,0.0,0.0,0.0,0.0,0.0,0.0,0.0
31,6,0,5,False,0.6045232674759367,0.028129884837078123,4,qUCB,0.7000000000000001,0.02,0.28,0.0,0.0,0.0,0.0,0.0,0.0,0.0,0.0,0.0,0.0,0.0,0.0
32,1,5,0,False,1.0261558847708512,0.05725482650573532,0,qEHVI,0.38,0.12,0.4,0.02,0.0,0.0,0.0,0.0,0.04,0.0,0.0,0.04,0.0,0.0,0.0
32,1,5,0,False,1.0261558847708512,0.05725482650573532,1,qEHVI,0.7000000000000001,0.0,0.22,0.04,0.0,0.0,0.0,0.0,0.0,0.0,0.0,0.02,0.0,0.0,0.02
32,1,5,0,False,1.0261558847708512,0.05725482650573532,2,qEHVI,0.68,0.22,0.04,0.0,0.0,0.0,0.0,0.0,0.0,0.0,0.0,0.0,0.0,0.02,0.04
32,1,5,0,False,1.0261558847708512,0.05725482650573532,3,qEHVI,0.42,0.0,0.48,0.02,0.04,0.0,0.0,0.0,0.0,0.0,0.0,0.0,0.0,0.0,0.04
32,1,5,0,False,1.0261558847708512,0.05725482650573532,4,qEHVI,0.44,0.02,0.44,0.02,0.04,0.0,0.0,0.0,0.0,0.0,0.0,0.0,0.0,0.04,0.0
32,2,4,1,False,0.8929638747950146,0.19004157076447203,0,qEHVI,0.38,0.12,0.4,0.02,0.0,0.0,0.0,0.0,0.04,0.0,0.0,0.04,0.0,0.0,0.0
32,2,4,1,False,0.8929638747950146,0.19004157076447203,1,qEHVI,0.7000000000000001,0.0,0.22,0.04,0.0,0.0,0.0,0.0,0.0,0.0,0.0,0.02,0.0,0.0,0.02
32,2,4,1,False,0.8929638747950146,0.19004157076447203,2,qEHVI,0.68,0.22,0.04,0.0,0.0,0.0,0.0,0.0,0.0,0.0,0.0,0.0,0.0,0.02,0.04
32,2,4,1,False,0.8929638747950146,0.19004157076447203,3,qEHVI,0.42,0.0,0.48,0.02,0.04,0.0,0.0,0.0,0.0,0.0,0.0,0.0,0.0,0.0,0.04
32,2,4,1,False,0.8929638747950146,0.19004157076447203,4,qUCB,0.5,0.4,0.02,0.0,0.0,0.0,0.0,0.0,0.0,0.0,0.0,0.04,0.0,0.04,0.0
32,3,3,2,True,0.7795363771574564,0.04181673170895461,0,qEHVI,0.38,0.12,0.4,0.02,0.0,0.0,0.0,0.0,0.04,0.0,0.0,0.04,0.0,0.0,0.0
32,3,3,2,True,0.7795363771574564,0.04181673170895461,1,qEHVI,0.7000000000000001,0.0,0.22,0.04,0.0,0.0,0.0,0.0,0.0,0.0,0.0,0.02,0.0,0.0,0.02
32,3,3,2,True,0.7795363771574564,0.04181673170895461,2,qEHVI,0.68,0.22,0.04,0.0,0.0,0.0,0.0,0.0,0.0,0.0,0.0,0.0,0.0,0.02,0.04
32,3,3,2,True,0.7795363771574564,0.04181673170895461,3,qUCB,0.5,0.4,0.02,0.0,0.0,0.0,0.0,0.0,0.0,0.0,0.0,0.04,0.0,0.04,0.0
32,3,3,2,True,0.7795363771574564,0.04181673170895461,4,qUCB,0.0,0.0,0.96,0.0,0.0,0.0,0.0,0.0,0.0,0.0,0.0,0.0,0.0,0.04,0.0
32,4,2,3,False,0.632653321497225,0.2649127923242127,0,qEHVI,0.38,0.12,0.4,0.02,0.0,0.0,0.0,0.0,0.04,0.0,0.0,0.04,0.0,0.0,0.0
32,4,2,3,False,0.632653321497225,0.2649127923242127,1,qEHVI,0.7000000000000001,0.0,0.22,0.04,0.0,0.0,0.0,0.0,0.0,0.0,0.0,0.02,0.0,0.0,0.02
32,4,2,3,False,0.632653321497225,0.2649127923242127,2,qUCB,0.38,0.12,0.4,0.0,0.04,0.0,0.0,0.0,0.02,0.0,0.0,0.0,0.0,0.04,0.0
32,4,2,3,False,0.632653321497225,0.2649127923242127,3,qUCB,0.0,0.0,0.96,0.0,0.0,0.0,0.0,0.0,0.0,0.0,0.0,0.0,0.0,0.04,0.0
32,4,2,3,False,0.632653321497225,0.2649127923242127,4,qUCB,0.0,0.78,0.12,0.0,0.04,0.0,0.0,0.0,0.0,0.0,0.0,0.02,0.0,0.0,0.04
32,5,1,4,False,0.5436696381189859,0.008509841463485657,0,qEHVI,0.38,0.12,0.4,0.02,0.0,0.0,0.0,0.0,0.04,0.0,0.0,0.04,0.0,0.0,0.0
32,5,1,4,False,0.5436696381189859,0.008509841463485657,1,qUCB,0.5,0.02,0.38,0.0,0.04,0.0,0.0,0.0,0.0,0.0,0.0,0.0,0.0,0.02,0.04
32,5,1,4,False,0.5436696381189859,0.008509841463485657,2,qUCB,0.02,0.76,0.12,0.0,0.04,0.0,0.0,0.0,0.0,0.0,0.0,0.0,0.0,0.02,0.04
32,5,1,4,False,0.5436696381189859,0.008509841463485657,3,qUCB,0.0,0.0,0.96,0.0,0.0,0.0,0.0,0.0,0.0,0.0,0.0,0.0,0.0,0.04,0.0
32,5,1,4,False,0.5436696381189859,0.008509841463485657,4,qUCB,0.1,0.1,0.7000000000000001,0.0,0.04,0.0,0.0,0.0,0.0,0.0,0.0,0.0,0.0,0.02,0.04
32,6,0,5,False,0.48010376059067844,0.02153612303330643,0,qUCB,0.7000000000000001,0.0,0.22,0.04,0.0,0.0,0.0,0.0,0.0,0.0,0.0,0.02,0.0,0.0,0.02
32,6,0,5,False,0.48010376059067844,0.02153612303330643,1,qUCB,0.5,0.4,0.02,0.0,0.0,0.0,0.0,0.0,0.0,0.0,0.0,0.04,0.0,0.04,0.0
32,6,0,5,False,0.48010376059067844,0.02153612303330643,2,qUCB,0.0,0.0,0.96,0.0,0.0,0.0,0.0,0.0,0.0,0.0,0.0,0.0,0.0,0.04,0.0
32,6,0,5,False,0.48010376059067844,0.02153612303330643,3,qUCB,0.42,0.0,0.58,0.0,0.0,0.0,0.0,0.0,0.0,0.0,0.0,0.0,0.0,0.0,0.0
32,6,0,5,False,0.48010376059067844,0.02153612303330643,4,qUCB,0.68,0.02,0.2,0.04,0.04,0.0,0.0,0.0,0.02,0.0,0.0,0.0,0.0,0.0,0.0
33,1,5,0,False,1.2217627910856972,0.4523489647337069,0,qEHVI,0.74,0.1,0.06,0.0,0.0,0.0,0.0,0.0,0.04,0.0,0.0,0.0,0.0,0.02,0.04
33,1,5,0,False,1.2217627910856972,0.4523489647337069,1,qEHVI,0.4,0.12,0.4,0.02,0.0,0.0,0.0,0.0,0.02,0.0,0.0,0.0,0.0,0.04,0.0
33,1,5,0,False,1.2217627910856972,0.4523489647337069,2,qEHVI,0.68,0.18,0.08,0.0,0.0,0.0,0.0,0.0,0.0,0.0,0.0,0.0,0.0,0.02,0.04
33,1,5,0,False,1.2217627910856972,0.4523489647337069,3,qEHVI,0.38,0.14,0.46,0.0,0.0,0.0,0.0,0.0,0.0,0.0,0.0,0.0,0.0,0.02,0.0
33,1,5,0,False,1.2217627910856972,0.4523489647337069,4,qEHVI,0.42,0.0,0.48,0.02,0.04,0.0,0.0,0.0,0.02,0.0,0.0,0.0,0.0,0.02,0.0
33,2,4,1,False,1.0663518355906538,0.10885123915644357,0,qEHVI,0.74,0.1,0.06,0.0,0.0,0.0,0.0,0.0,0.04,0.0,0.0,0.0,0.0,0.02,0.04
33,2,4,1,False,1.0663518355906538,0.10885123915644357,1,qEHVI,0.4,0.12,0.4,0.02,0.0,0.0,0.0,0.0,0.02,0.0,0.0,0.0,0.0,0.04,0.0
33,2,4,1,False,1.0663518355906538,0.10885123915644357,2,qEHVI,0.68,0.18,0.08,0.0,0.0,0.0,0.0,0.0,0.0,0.0,0.0,0.0,0.0,0.02,0.04
33,2,4,1,False,1.0663518355906538,0.10885123915644357,3,qEHVI,0.38,0.14,0.46,0.0,0.0,0.0,0.0,0.0,0.0,0.0,0.0,0.0,0.0,0.02,0.0
33,2,4,1,False,1.0663518355906538,0.10885123915644357,4,qUCB,0.44,0.42,0.04,0.0,0.04,0.0,0.0,0.0,0.0,0.0,0.0,0.04,0.0,0.0,0.02
33,3,3,2,True,0.9475266625342742,0.02627902053120401,0,qEHVI,0.74,0.1,0.06,0.0,0.0,0.0,0.0,0.0,0.04,0.0,0.0,0.0,0.0,0.02,0.04
33,3,3,2,True,0.9475266625342742,0.02627902053120401,1,qEHVI,0.4,0.12,0.4,0.02,0.0,0.0,0.0,0.0,0.02,0.0,0.0,0.0,0.0,0.04,0.0
33,3,3,2,True,0.9475266625342742,0.02627902053120401,2,qEHVI,0.68,0.18,0.08,0.0,0.0,0.0,0.0,0.0,0.0,0.0,0.0,0.0,0.0,0.02,0.04
33,3,3,2,True,0.9475266625342742,0.02627902053120401,3,qUCB,0.44,0.44,0.02,0.0,0.04,0.0,0.0,0.0,0.0,0.0,0.0,0.04,0.0,0.02,0.0
33,3,3,2,True,0.9475266625342742,0.02627902053120401,4,qUCB,0.02,0.8200000000000001,0.12,0.0,0.0,0.0,0.0,0.0,0.0,0.0,0.0,0.04,0.0,0.0,0.0
33,4,2,3,False,0.7716233750966678,0.2710949704137138,0,qEHVI,0.74,0.1,0.06,0.0,0.0,0.0,0.0,0.0,0.04,0.0,0.0,0.0,0.0,0.02,0.04
33,4,2,3,False,0.7716233750966678,0.2710949704137138,1,qEHVI,0.4,0.12,0.4,0.02,0.0,0.0,0.0,0.0,0.02,0.0,0.0,0.0,0.0,0.04,0.0
33,4,2,3,False,0.7716233750966678,0.2710949704137138,2,qUCB,0.44,0.42,0.04,0.0,0.04,0.0,0.0,0.0,0.0,0.0,0.0,0.04,0.0,0.0,0.02
33,4,2,3,False,0.7716233750966678,0.2710949704137138,3,qUCB,0.32,0.4,0.18,0.0,0.04,0.0,0.0,0.0,0.0,0.0,0.0,0.04,0.0,0.0,0.02
33,4,2,3,False,0.7716233750966678,0.2710949704137138,4,qUCB,0.04,0.74,0.12,0.0,0.02,0.0,0.0,0.0,0.0,0.0,0.0,0.04,0.0,0.0,0.04
33,5,1,4,False,0.6991927555020615,0.26308702695868824,0,qEHVI,0.74,0.1,0.06,0.0,0.0,0.0,0.0,0.0,0.04,0.0,0.0,0.0,0.0,0.02,0.04
33,5,1,4,False,0.6991927555020615,0.26308702695868824,1,qUCB,0.42,0.1,0.38,0.02,0.04,0.0,0.0,0.0,0.0,0.0,0.0,0.04,0.0,0.0,0.0
33,5,1,4,False,0.6991927555020615,0.26308702695868824,2,qUCB,0.18,0.52,0.2,0.04,0.02,0.0,0.0,0.0,0.0,0.0,0.0,0.04,0.0,0.0,0.0
33,5,1,4,False,0.6991927555020615,0.26308702695868824,3,qUCB,0.28,0.0,0.62,0.04,0.02,0.0,0.0,0.0,0.0,0.0,0.0,0.04,0.0,0.0,0.0
33,5,1,4,False,0.6991927555020615,0.26308702695868824,4,qUCB,0.18,0.22,0.52,0.04,0.0,0.0,0.0,0.0,0.0,0.0,0.0,0.04,0.0,0.0,0.0
33,6,0,5,False,0.3027953730448036,0.15457395740205104,0,qUCB,0.42,0.5,0.0,0.0,0.0,0.0,0.0,0.0,0.0,0.0,0.0,0.04,0.0,0.04,0.0
33,6,0,5,False,0.3027953730448036,0.15457395740205104,1,qUCB,0.22,0.44,0.24,0.04,0.02,0.0,0.0,0.0,0.04,0.0,0.0,0.0,0.0,0.0,0.0
33,6,0,5,False,0.3027953730448036,0.15457395740205104,2,qUCB,0.52,0.18,0.2,0.02,0.02,0.0,0.0,0.0,0.0,0.0,0.0,0.0,0.0,0.02,0.04
33,6,0,5,False,0.3027953730448036,0.15457395740205104,3,qUCB,0.0,0.78,0.12,0.0,0.0,0.0,0.0,0.0,0.02,0.0,0.0,0.04,0.0,0.0,0.04
33,6,0,5,False,0.3027953730448036,0.15457395740205104,4,qUCB,0.3,0.04,0.6,0.04,0.02,0.0,0.0,0.0,0.0,0.0,0.0,0.0,0.0,0.0,0.0
34,1,5,0,False,0.8659177010209044,0.4812947616925456,0,qEHVI,0.42,0.14,0.4,0.0,0.0,0.0,0.0,0.0,0.0,0.0,0.0,0.0,0.0,0.04,0.0
34,1,5,0,False,0.8659177010209044,0.4812947616925456,1,qEHVI,0.76,0.18,0.0,0.0,0.02,0.0,0.0,0.0,0.0,0.0,0.0,0.0,0.0,0.0,0.04
34,1,5,0,False,0.8659177010209044,0.4812947616925456,2,qEHVI,0.4,0.06,0.46,0.0,0.0,0.0,0.0,0.0,0.0,0.0,0.0,0.0,0.0,0.04,0.04
34,1,5,0,False,0.8659177010209044,0.4812947616925456,3,qEHVI,0.6,0.28,0.04,0.0,0.0,0.0,0.0,0.0,0.04,0.0,0.0,0.0,0.0,0.04,0.0
34,1,5,0,False,0.8659177010209044,0.4812947616925456,4,qEHVI,0.42,0.44,0.04,0.02,0.0,0.0,0.0,0.0,0.0,0.0,0.0,0.04,0.0,0.02,0.02
34,2,4,1,False,0.8207696259415278,0.13937853490507734,0,qEHVI,0.42,0.14,0.4,0.0,0.0,0.0,0.0,0.0,0.0,0.0,0.0,0.0,0.0,0.04,0.0
34,2,4,1,False,0.8207696259415278,0.13937853490507734,1,qEHVI,0.76,0.18,0.0,0.0,0.02,0.0,0.0,0.0,0.0,0.0,0.0,0.0,0.0,0.0,0.04
34,2,4,1,False,0.8207696259415278,0.13937853490507734,2,qEHVI,0.4,0.06,0.46,0.0,0.0,0.0,0.0,0.0,0.0,0.0,0.0,0.0,0.0,0.04,0.04
34,2,4,1,False,0.8207696259415278,0.13937853490507734,3,qEHVI,0.6,0.28,0.04,0.0,0.0,0.0,0.0,0.0,0.04,0.0,0.0,0.0,0.0,0.04,0.0
34,2,4,1,False,0.8207696259415278,0.13937853490507734,4,qUCB,0.4,0.14,0.38,0.04,0.0,0.0,0.0,0.0,0.0,0.0,0.0,0.04,0.0,0.0,0.0
34,3,3,2,True,0.6959675397714268,0.345088702262637,0,qEHVI,0.42,0.14,0.4,0.0,0.0,0.0,0.0,0.0,0.0,0.0,0.0,0.0,0.0,0.04,0.0
34,3,3,2,True,0.6959675397714268,0.345088702262637,1,qEHVI,0.76,0.18,0.0,0.0,0.02,0.0,0.0,0.0,0.0,0.0,0.0,0.0,0.0,0.0,0.04
34,3,3,2,True,0.6959675397714268,0.345088702262637,2,qEHVI,0.4,0.06,0.46,0.0,0.0,0.0,0.0,0.0,0.0,0.0,0.0,0.0,0.0,0.04,0.04
34,3,3,2,True,0.6959675397714268,0.345088702262637,3,qUCB,0.46,0.04,0.4,0.04,0.02,0.0,0.0,0.0,0.04,0.0,0.0,0.0,0.0,0.0,0.0
34,3,3,2,True,0.6959675397714268,0.345088702262637,4,qUCB,0.2,0.46,0.24,0.04,0.02,0.0,0.0,0.0,0.0,0.0,0.0,0.04,0.0,0.0,0.0
34,4,2,3,False,0.6166047507816509,0.2058468277165051,0,qEHVI,0.42,0.14,0.4,0.0,0.0,0.0,0.0,0.0,0.0,0.0,0.0,0.0,0.0,0.04,0.0
34,4,2,3,False,0.6166047507816509,0.2058468277165051,1,qEHVI,0.76,0.18,0.0,0.0,0.02,0.0,0.0,0.0,0.0,0.0,0.0,0.0,0.0,0.0,0.04
34,4,2,3,False,0.6166047507816509,0.2058468277165051,2,qUCB,0.46,0.04,0.4,0.04,0.02,0.0,0.0,0.0,0.04,0.0,0.0,0.0,0.0,0.0,0.0
34,4,2,3,False,0.6166047507816509,0.2058468277165051,3,qUCB,0.2,0.46,0.24,0.04,0.02,0.0,0.0,0.0,0.0,0.0,0.0,0.04,0.0,0.0,0.0
34,4,2,3,False,0.6166047507816509,0.2058468277165051,4,qUCB,0.12,0.08,0.7000000000000001,0.0,0.04,0.0,0.0,0.0,0.02,0.0,0.0,0.04,0.0,0.0,0.0
34,5,1,4,False,0.46161603903108195,0.0919995691805311,0,qEHVI,0.42,0.14,0.4,0.0,0.0,0.0,0.0,0.0,0.0,0.0,0.0,0.0,0.0,0.04,0.0
34,5,1,4,False,0.46161603903108195,0.0919995691805311,1,qUCB,0.42,0.4,0.08,0.0,0.02,0.0,0.0,0.0,0.0,0.0,0.0,0.04,0.0,0.0,0.04
34,5,1,4,False,0.46161603903108195,0.0919995691805311,2,qUCB,0.2,0.46,0.24,0.04,0.02,0.0,0.0,0.0,0.0,0.0,0.0,0.04,0.0,0.0,0.0
34,5,1,4,False,0.46161603903108195,0.0919995691805311,3,qUCB,0.6,0.12,0.18,0.02,0.04,0.0,0.0,0.0,0.0,0.0,0.0,0.0,0.0,0.0,0.04
34,5,1,4,False,0.46161603903108195,0.0919995691805311,4,qUCB,0.3,0.02,0.58,0.04,0.0,0.0,0.0,0.0,0.04,0.0,0.0,0.02,0.0,0.0,0.0
34,6,0,5,False,0.4131914437891887,0.4693180573896658,0,qUCB,0.44,0.44,0.06,0.0,0.0,0.0,0.0,0.0,0.0,0.0,0.0,0.04,0.0,0.0,0.02
34,6,0,5,False,0.4131914437891887,0.4693180573896658,1,qUCB,0.22,0.46,0.24,0.04,0.0,0.0,0.0,0.0,0.04,0.0,0.0,0.0,0.0,0.0,0.0
34,6,0,5,False,0.4131914437891887,0.4693180573896658,2,qUCB,0.32,0.0,0.58,0.04,0.02,0.0,0.0,0.0,0.0,0.0,0.0,0.0,0.0,0.04,0.0
34,6,0,5,False,0.4131914437891887,0.4693180573896658,3,qUCB,0.22,0.5,0.18,0.04,0.02,0.0,0.0,0.0,0.0,0.0,0.0,0.04,0.0,0.0,0.0
34,6,0,5,False,0.4131914437891887,0.4693180573896658,4,qUCB,0.22,0.16,0.52,0.04,0.0,0.0,0.0,0.0,0.02,0.0,0.0,0.04,0.0,0.0,0.0
35,1,5,0,False,0.901692401475449,0.041308023685596496,0,qEHVI,0.38,0.14,0.4,0.02,0.0,0.0,0.0,0.0,0.0,0.0,0.0,0.0,0.0,0.04,0.02
35,1,5,0,False,0.901692401475449,0.041308023685596496,1,qEHVI,0.7000000000000001,0.2,0.0,0.04,0.0,0.0,0.0,0.0,0.0,0.0,0.0,0.04,0.0,0.0,0.02
35,1,5,0,False,0.901692401475449,0.041308023685596496,2,qEHVI,0.54,0.34,0.06,0.0,0.0,0.0,0.0,0.0,0.0,0.0,0.0,0.04,0.0,0.02,0.0
35,1,5,0,False,0.901692401475449,0.041308023685596496,3,qEHVI,0.56,0.0,0.42,0.0,0.0,0.0,0.0,0.0,0.02,0.0,0.0,0.0,0.0,0.0,0.0
35,1,5,0,False,0.901692401475449,0.041308023685596496,4,qEHVI,0.4,0.48,0.04,0.0,0.0,0.0,0.0,0.0,0.0,0.0,0.0,0.04,0.0,0.02,0.02
35,2,4,1,False,0.8043226803660467,0.18262016562726657,0,qEHVI,0.38,0.14,0.4,0.02,0.0,0.0,0.0,0.0,0.0,0.0,0.0,0.0,0.0,0.04,0.02
35,2,4,1,False,0.8043226803660467,0.18262016562726657,1,qEHVI,0.54,0.34,0.06,0.0,0.0,0.0,0.0,0.0,0.0,0.0,0.0,0.04,0.0,0.02,0.0
35,2,4,1,False,0.8043226803660467,0.18262016562726657,2,qEHVI,0.7000000000000001,0.2,0.0,0.04,0.0,0.0,0.0,0.0,0.0,0.0,0.0,0.04,0.0,0.0,0.02
35,2,4,1,False,0.8043226803660467,0.18262016562726657,3,qEHVI,0.56,0.0,0.42,0.0,0.0,0.0,0.0,0.0,0.02,0.0,0.0,0.0,0.0,0.0,0.0
35,2,4,1,False,0.8043226803660467,0.18262016562726657,4,qUCB,0.44,0.1,0.36,0.0,0.04,0.0,0.0,0.0,0.0,0.0,0.0,0.02,0.0,0.0,0.04
35,3,3,2,True,0.6758442003105177,0.055315537241625634,0,qEHVI,0.38,0.14,0.4,0.02,0.0,0.0,0.0,0.0,0.0,0.0,0.0,0.0,0.0,0.04,0.02
35,3,3,2,True,0.6758442003105177,0.055315537241625634,1,qEHVI,0.54,0.34,0.06,0.0,0.0,0.0,0.0,0.0,0.0,0.0,0.0,0.04,0.0,0.02,0.0
35,3,3,2,True,0.6758442003105177,0.055315537241625634,2,qEHVI,0.7000000000000001,0.2,0.0,0.04,0.0,0.0,0.0,0.0,0.0,0.0,0.0,0.04,0.0,0.0,0.02
35,3,3,2,True,0.6758442003105177,0.055315537241625634,3,qUCB,0.42,0.08,0.4,0.02,0.04,0.0,0.0,0.0,0.04,0.0,0.0,0.0,0.0,0.0,0.0
35,3,3,2,True,0.6758442003105177,0.055315537241625634,4,qUCB,0.38,0.34,0.18,0.02,0.04,0.0,0.0,0.0,0.04,0.0,0.0,0.0,0.0,0.0,0.0
35,4,2,3,False,0.5378433571602258,0.03233386991699305,0,qEHVI,0.38,0.14,0.4,0.02,0.0,0.0,0.0,0.0,0.0,0.0,0.0,0.0,0.0,0.04,0.02
35,4,2,3,False,0.5378433571602258,0.03233386991699305,1,qEHVI,0.54,0.34,0.06,0.0,0.0,0.0,0.0,0.0,0.0,0.0,0.0,0.04,0.0,0.02,0.0
35,4,2,3,False,0.5378433571602258,0.03233386991699305,2,qUCB,0.42,0.08,0.4,0.02,0.04,0.0,0.0,0.0,0.04,0.0,0.0,0.0,0.0,0.0,0.0
35,4,2,3,False,0.5378433571602258,0.03233386991699305,3,qUCB,0.38,0.34,0.18,0.02,0.04,0.0,0.0,0.0,0.04,0.0,0.0,0.0,0.0,0.0,0.0
35,4,2,3,False,0.5378433571602258,0.03233386991699305,4,qUCB,0.3,0.0,0.6,0.04,0.0,0.0,0.0,0.0,0.04,0.0,0.0,0.02,0.0,0.0,0.0
35,5,1,4,False,0.44146833400848656,0.05456838365521666,0,qEHVI,0.38,0.14,0.4,0.02,0.0,0.0,0.0,0.0,0.0,0.0,0.0,0.0,0.0,0.04,0.02
35,5,1,4,False,0.44146833400848656,0.05456838365521666,1,qUCB,0.4,0.48,0.04,0.0,0.04,0.0,0.0,0.0,0.0,0.0,0.0,0.04,0.0,0.0,0.0
35,5,1,4,False,0.44146833400848656,0.05456838365521666,2,qUCB,0.32,0.38,0.2,0.0,0.04,0.0,0.0,0.0,0.04,0.0,0.0,0.02,0.0,0.0,0.0
35,5,1,4,False,0.44146833400848656,0.05456838365521666,3,qUCB,0.32,0.0,0.6,0.04,0.0,0.0,0.0,0.0,0.0,0.0,0.0,0.04,0.0,0.0,0.0
35,5,1,4,False,0.44146833400848656,0.05456838365521666,4,qUCB,0.0,0.42,0.48,0.0,0.04,0.0,0.0,0.0,0.04,0.0,0.0,0.02,0.0,0.0,0.0
35,6,0,5,False,0.6491378877340257,0.017070138697541815,0,qUCB,0.4,0.48,0.04,0.0,0.0,0.0,0.0,0.0,0.0,0.0,0.0,0.04,0.0,0.02,0.02
35,6,0,5,False,0.6491378877340257,0.017070138697541815,1,qUCB,0.32,0.0,0.6,0.04,0.0,0.0,0.0,0.0,0.0,0.0,0.0,0.04,0.0,0.0,0.0
35,6,0,5,False,0.6491378877340257,0.017070138697541815,2,qUCB,0.2,0.2,0.5,0.04,0.0,0.0,0.0,0.0,0.02,0.0,0.0,0.0,0.0,0.04,0.0
35,6,0,5,False,0.6491378877340257,0.017070138697541815,3,qUCB,0.24,0.12,0.54,0.04,0.0,0.0,0.0,0.0,0.04,0.0,0.0,0.0,0.0,0.02,0.0
35,6,0,5,False,0.6491378877340257,0.017070138697541815,4,qUCB,0.7000000000000001,0.2,0.0,0.04,0.0,0.0,0.0,0.0,0.0,0.0,0.0,0.04,0.0,0.0,0.02
36,1,5,0,False,0.8960419297683688,0.024863781771853555,0,qEHVI,0.56,0.0,0.44,0.0,0.0,0.0,0.0,0.0,0.0,0.0,0.0,0.0,0.0,0.0,0.0
36,1,5,0,False,0.8960419297683688,0.024863781771853555,1,qEHVI,0.52,0.32,0.06,0.0,0.0,0.0,0.0,0.0,0.0,0.0,0.0,0.04,0.0,0.02,0.04
36,1,5,0,False,0.8960419297683688,0.024863781771853555,2,qEHVI,0.38,0.14,0.4,0.02,0.0,0.0,0.0,0.0,0.0,0.0,0.0,0.02,0.0,0.04,0.0
36,1,5,0,False,0.8960419297683688,0.024863781771853555,3,qEHVI,0.0,0.22,0.68,0.0,0.0,0.0,0.0,0.0,0.02,0.0,0.0,0.04,0.0,0.02,0.02
36,1,5,0,False,0.8960419297683688,0.024863781771853555,4,qEHVI,0.26,0.0,0.7000000000000001,0.0,0.02,0.0,0.0,0.0,0.0,0.0,0.0,0.02,0.0,0.0,0.0
36,2,4,1,False,0.834771227859861,0.23654672816973932,0,qEHVI,0.56,0.0,0.44,0.0,0.0,0.0,0.0,0.0,0.0,0.0,0.0,0.0,0.0,0.0,0.0
36,2,4,1,False,0.834771227859861,0.23654672816973932,1,qEHVI,0.52,0.32,0.06,0.0,0.0,0.0,0.0,0.0,0.0,0.0,0.0,0.04,0.0,0.02,0.04
36,2,4,1,False,0.834771227859861,0.23654672816973932,2,qEHVI,0.38,0.14,0.4,0.02,0.0,0.0,0.0,0.0,0.0,0.0,0.0,0.02,0.0,0.04,0.0
36,2,4,1,False,0.834771227859861,0.23654672816973932,3,qEHVI,0.0,0.22,0.68,0.0,0.0,0.0,0.0,0.0,0.02,0.0,0.0,0.04,0.0,0.02,0.02
36,2,4,1,False,0.834771227859861,0.23654672816973932,4,qUCB,0.46,0.26,0.18,0.02,0.04,0.0,0.0,0.0,0.0,0.0,0.0,0.0,0.0,0.0,0.04
36,3,3,2,True,0.7483627645773684,0.054607372123417264,0,qEHVI,0.56,0.0,0.44,0.0,0.0,0.0,0.0,0.0,0.0,0.0,0.0,0.0,0.0,0.0,0.0
36,3,3,2,True,0.7483627645773684,0.054607372123417264,1,qEHVI,0.52,0.32,0.06,0.0,0.0,0.0,0.0,0.0,0.0,0.0,0.0,0.04,0.0,0.02,0.04
36,3,3,2,True,0.7483627645773684,0.054607372123417264,2,qEHVI,0.38,0.14,0.4,0.02,0.0,0.0,0.0,0.0,0.0,0.0,0.0,0.02,0.0,0.04,0.0
36,3,3,2,True,0.7483627645773684,0.054607372123417264,3,qUCB,0.46,0.26,0.18,0.02,0.04,0.0,0.0,0.0,0.0,0.0,0.0,0.0,0.0,0.0,0.04
36,3,3,2,True,0.7483627645773684,0.054607372123417264,4,qUCB,0.68,0.18,0.04,0.04,0.04,0.0,0.0,0.0,0.0,0.0,0.0,0.0,0.0,0.0,0.02
36,4,2,3,False,0.5672856345889353,0.22024124070751228,0,qEHVI,0.56,0.0,0.44,0.0,0.0,0.0,0.0,0.0,0.0,0.0,0.0,0.0,0.0,0.0,0.0
36,4,2,3,False,0.5672856345889353,0.22024124070751228,1,qEHVI,0.52,0.32,0.06,0.0,0.0,0.0,0.0,0.0,0.0,0.0,0.0,0.04,0.0,0.02,0.04
36,4,2,3,False,0.5672856345889353,0.22024124070751228,2,qUCB,0.46,0.26,0.18,0.02,0.04,0.0,0.0,0.0,0.0,0.0,0.0,0.0,0.0,0.0,0.04
36,4,2,3,False,0.5672856345889353,0.22024124070751228,3,qUCB,0.68,0.18,0.04,0.04,0.04,0.0,0.0,0.0,0.0,0.0,0.0,0.0,0.0,0.0,0.02
36,4,2,3,False,0.5672856345889353,0.22024124070751228,4,qUCB,0.32,0.38,0.2,0.0,0.04,0.0,0.0,0.0,0.02,0.0,0.0,0.04,0.0,0.0,0.0
36,5,1,4,False,0.5037431998255004,0.04699019788808556,0,qEHVI,0.56,0.0,0.44,0.0,0.0,0.0,0.0,0.0,0.0,0.0,0.0,0.0,0.0,0.0,0.0
36,5,1,4,False,0.5037431998255004,0.04699019788808556,1,qUCB,0.4,0.48,0.02,0.0,0.0,0.0,0.0,0.0,0.0,0.0,0.0,0.04,0.0,0.04,0.02
36,5,1,4,False,0.5037431998255004,0.04699019788808556,2,qUCB,0.14,0.06,0.7000000000000001,0.0,0.04,0.0,0.0,0.0,0.02,0.0,0.0,0.04,0.0,0.0,0.0
36,5,1,4,False,0.5037431998255004,0.04699019788808556,3,qUCB,0.22,0.18,0.5,0.04,0.0,0.0,0.0,0.0,0.04,0.0,0.0,0.0,0.0,0.02,0.0
36,5,1,4,False,0.5037431998255004,0.04699019788808556,4,qUCB,0.06,0.16,0.68,0.0,0.04,0.0,0.0,0.0,0.0,0.0,0.0,0.04,0.0,0.02,0.0
36,6,0,5,False,0.3080632651355366,0.02292465739301619,0,qUCB,0.4,0.48,0.02,0.0,0.0,0.0,0.0,0.0,0.0,0.0,0.0,0.04,0.0,0.04,0.02
36,6,0,5,False,0.3080632651355366,0.02292465739301619,1,qUCB,0.34,0.02,0.6,0.04,0.0,0.0,0.0,0.0,0.0,0.0,0.0,0.0,0.0,0.0,0.0
36,6,0,5,False,0.3080632651355366,0.02292465739301619,2,qUCB,0.22,0.18,0.5,0.04,0.0,0.0,0.0,0.0,0.04,0.0,0.0,0.0,0.0,0.02,0.0
36,6,0,5,False,0.3080632651355366,0.02292465739301619,3,qUCB,0.32,0.38,0.2,0.0,0.04,0.0,0.0,0.0,0.02,0.0,0.0,0.04,0.0,0.0,0.0
36,6,0,5,False,0.3080632651355366,0.02292465739301619,4,qUCB,0.14,0.06,0.7000000000000001,0.0,0.04,0.0,0.0,0.0,0.02,0.0,0.0,0.04,0.0,0.0,0.0
37,1,5,0,False,0.9454436148169821,0.08979521975898219,0,qEHVI,0.46,0.14,0.4,0.0,0.0,0.0,0.0,0.0,0.0,0.0,0.0,0.0,0.0,0.0,0.0
37,1,5,0,False,0.9454436148169821,0.08979521975898219,1,qEHVI,0.44,0.0,0.48,0.02,0.04,0.0,0.0,0.0,0.0,0.0,0.0,0.0,0.0,0.02,0.0
37,1,5,0,False,0.9454436148169821,0.08979521975898219,2,qEHVI,0.4,0.14,0.36,0.0,0.0,0.0,0.0,0.0,0.0,0.0,0.0,0.04,0.0,0.04,0.02
37,1,5,0,False,0.9454436148169821,0.08979521975898219,3,qEHVI,0.44,0.28,0.18,0.04,0.02,0.0,0.0,0.0,0.0,0.0,0.0,0.04,0.0,0.0,0.0
37,1,5,0,False,0.9454436148169821,0.08979521975898219,4,qEHVI,0.02,0.22,0.68,0.0,0.04,0.0,0.0,0.0,0.0,0.0,0.0,0.04,0.0,0.0,0.0
37,2,4,1,False,0.8248541354417827,0.03514022832666086,0,qEHVI,0.46,0.14,0.4,0.0,0.0,0.0,0.0,0.0,0.0,0.0,0.0,0.0,0.0,0.0,0.0
37,2,4,1,False,0.8248541354417827,0.03514022832666086,1,qEHVI,0.44,0.0,0.48,0.02,0.04,0.0,0.0,0.0,0.0,0.0,0.0,0.0,0.0,0.02,0.0
37,2,4,1,False,0.8248541354417827,0.03514022832666086,2,qEHVI,0.4,0.14,0.36,0.0,0.0,0.0,0.0,0.0,0.0,0.0,0.0,0.04,0.0,0.04,0.02
37,2,4,1,False,0.8248541354417827,0.03514022832666086,3,qEHVI,0.44,0.28,0.18,0.04,0.02,0.0,0.0,0.0,0.0,0.0,0.0,0.04,0.0,0.0,0.0
37,2,4,1,False,0.8248541354417827,0.03514022832666086,4,qUCB,0.64,0.2,0.06,0.0,0.0,0.0,0.0,0.0,0.04,0.0,0.0,0.0,0.0,0.02,0.04
37,3,3,2,True,0.6972670555514983,0.04923626280357052,0,qEHVI,0.46,0.14,0.4,0.0,0.0,0.0,0.0,0.0,0.0,0.0,0.0,0.0,0.0,0.0,0.0
37,3,3,2,True,0.6972670555514983,0.04923626280357052,1,qEHVI,0.44,0.0,0.48,0.02,0.04,0.0,0.0,0.0,0.0,0.0,0.0,0.0,0.0,0.02,0.0
37,3,3,2,True,0.6972670555514983,0.04923626280357052,2,qEHVI,0.02,0.22,0.68,0.0,0.04,0.0,0.0,0.0,0.0,0.0,0.0,0.04,0.0,0.0,0.0
37,3,3,2,True,0.6972670555514983,0.04923626280357052,3,qUCB,0.48,0.38,0.04,0.0,0.0,0.0,0.0,0.0,0.0,0.0,0.0,0.04,0.0,0.02,0.04
37,3,3,2,True,0.6972670555514983,0.04923626280357052,4,qUCB,0.42,0.48,0.0,0.0,0.0,0.0,0.0,0.0,0.02,0.0,0.0,0.04,0.0,0.04,0.0
37,4,2,3,False,0.6119156619674779,0.07937035059647002,0,qEHVI,0.46,0.14,0.4,0.0,0.0,0.0,0.0,0.0,0.0,0.0,0.0,0.0,0.0,0.0,0.0
37,4,2,3,False,0.6119156619674779,0.07937035059647002,1,qEHVI,0.44,0.0,0.48,0.02,0.04,0.0,0.0,0.0,0.0,0.0,0.0,0.0,0.0,0.02,0.0
37,4,2,3,False,0.6119156619674779,0.07937035059647002,2,qUCB,0.48,0.38,0.04,0.0,0.0,0.0,0.0,0.0,0.0,0.0,0.0,0.04,0.0,0.02,0.04
37,4,2,3,False,0.6119156619674779,0.07937035059647002,3,qUCB,0.06,0.16,0.68,0.0,0.02,0.0,0.0,0.0,0.0,0.0,0.0,0.04,0.0,0.0,0.04
37,4,2,3,False,0.6119156619674779,0.07937035059647002,4,qUCB,0.42,0.48,0.0,0.0,0.0,0.0,0.0,0.0,0.02,0.0,0.0,0.04,0.0,0.04,0.0
37,5,1,4,False,0.4981428664855018,0.3140240630037239,0,qEHVI,0.46,0.14,0.4,0.0,0.0,0.0,0.0,0.0,0.0,0.0,0.0,0.0,0.0,0.0,0.0
37,5,1,4,False,0.4981428664855018,0.3140240630037239,1,qUCB,0.48,0.38,0.04,0.0,0.0,0.0,0.0,0.0,0.0,0.0,0.0,0.04,0.0,0.02,0.04
37,5,1,4,False,0.4981428664855018,0.3140240630037239,2,qUCB,0.06,0.16,0.68,0.0,0.02,0.0,0.0,0.0,0.0,0.0,0.0,0.04,0.0,0.0,0.04
37,5,1,4,False,0.4981428664855018,0.3140240630037239,3,qUCB,0.5,0.4,0.0,0.0,0.04,0.0,0.0,0.0,0.0,0.0,0.0,0.04,0.0,0.02,0.0
37,5,1,4,False,0.4981428664855018,0.3140240630037239,4,qUCB,0.02,0.66,0.22,0.04,0.04,0.0,0.0,0.0,0.02,0.0,0.0,0.0,0.0,0.0,0.0
37,6,0,5,False,0.6516003353611853,0.050056936354806236,0,qUCB,0.52,0.36,0.04,0.0,0.0,0.0,0.0,0.0,0.0,0.0,0.0,0.04,0.0,0.04,0.0
37,6,0,5,False,0.6516003353611853,0.050056936354806236,1,qUCB,0.02,0.22,0.68,0.0,0.04,0.0,0.0,0.0,0.0,0.0,0.0,0.04,0.0,0.0,0.0
37,6,0,5,False,0.6516003353611853,0.050056936354806236,2,qUCB,0.42,0.12,0.38,0.04,0.0,0.0,0.0,0.0,0.0,0.0,0.0,0.04,0.0,0.0,0.0
37,6,0,5,False,0.6516003353611853,0.050056936354806236,3,qUCB,0.44,0.28,0.18,0.04,0.02,0.0,0.0,0.0,0.0,0.0,0.0,0.04,0.0,0.0,0.0
37,6,0,5,False,0.6516003353611853,0.050056936354806236,4,qUCB,0.12,0.12,0.7000000000000001,0.0,0.0,0.0,0.0,0.0,0.0,0.0,0.0,0.04,0.0,0.02,0.0
38,1,5,0,True,0.8609266855856205,0.1509605484039085,0,qEHVI,0.56,0.32,0.04,0.0,0.0,0.0,0.0,0.0,0.0,0.0,0.0,0.04,0.0,0.04,0.0
38,1,5,0,True,0.8609266855856205,0.1509605484039085,1,qEHVI,0.46,0.04,0.4,0.0,0.0,0.0,0.0,0.0,0.0,0.0,0.0,0.02,0.0,0.04,0.04
38,1,5,0,True,0.8609266855856205,0.1509605484039085,2,qEHVI,0.4,0.08,0.46,0.02,0.0,0.0,0.0,0.0,0.04,0.0,0.0,0.0,0.0,0.0,0.0
38,1,5,0,True,0.8609266855856205,0.1509605484039085,3,qEHVI,0.36,0.22,0.4,0.0,0.0,0.0,0.0,0.0,0.02,0.0,0.0,0.0,0.0,0.0,0.0
38,1,5,0,True,0.8609266855856205,0.1509605484039085,4,qEHVI,0.42,0.12,0.36,0.0,0.02,0.0,0.0,0.0,0.02,0.0,0.0,0.04,0.0,0.02,0.0
38,2,4,1,False,0.7763626293583819,0.14189832635870836,0,qEHVI,0.56,0.32,0.04,0.0,0.0,0.0,0.0,0.0,0.0,0.0,0.0,0.04,0.0,0.04,0.0
38,2,4,1,False,0.7763626293583819,0.14189832635870836,1,qEHVI,0.46,0.04,0.4,0.0,0.0,0.0,0.0,0.0,0.0,0.0,0.0,0.02,0.0,0.04,0.04
38,2,4,1,False,0.7763626293583819,0.14189832635870836,2,qEHVI,0.4,0.08,0.46,0.02,0.0,0.0,0.0,0.0,0.04,0.0,0.0,0.0,0.0,0.0,0.0
38,2,4,1,False,0.7763626293583819,0.14189832635870836,3,qEHVI,0.36,0.22,0.4,0.0,0.0,0.0,0.0,0.0,0.02,0.0,0.0,0.0,0.0,0.0,0.0
38,2,4,1,False,0.7763626293583819,0.14189832635870836,4,qUCB,0.4,0.14,0.36,0.04,0.02,0.0,0.0,0.0,0.0,0.0,0.0,0.0,0.0,0.04,0.0
38,3,3,2,False,0.6491348350685575,0.056147020216528176,0,qEHVI,0.56,0.32,0.04,0.0,0.0,0.0,0.0,0.0,0.0,0.0,0.0,0.04,0.0,0.04,0.0
38,3,3,2,False,0.6491348350685575,0.056147020216528176,1,qEHVI,0.46,0.04,0.4,0.0,0.0,0.0,0.0,0.0,0.0,0.0,0.0,0.02,0.0,0.04,0.04
38,3,3,2,False,0.6491348350685575,0.056147020216528176,2,qEHVI,0.4,0.08,0.46,0.02,0.0,0.0,0.0,0.0,0.04,0.0,0.0,0.0,0.0,0.0,0.0
38,3,3,2,False,0.6491348350685575,0.056147020216528176,3,qUCB,0.4,0.14,0.36,0.04,0.02,0.0,0.0,0.0,0.0,0.0,0.0,0.0,0.0,0.04,0.0
38,3,3,2,False,0.6491348350685575,0.056147020216528176,4,qUCB,0.7000000000000001,0.02,0.18,0.02,0.04,0.0,0.0,0.0,0.0,0.0,0.0,0.0,0.0,0.0,0.04
38,4,2,3,False,0.5884511930300815,0.19945246574726827,0,qEHVI,0.56,0.32,0.04,0.0,0.0,0.0,0.0,0.0,0.0,0.0,0.0,0.04,0.0,0.04,0.0
38,4,2,3,False,0.5884511930300815,0.19945246574726827,1,qEHVI,0.46,0.04,0.4,0.0,0.0,0.0,0.0,0.0,0.0,0.0,0.0,0.02,0.0,0.04,0.04
38,4,2,3,False,0.5884511930300815,0.19945246574726827,2,qUCB,0.4,0.12,0.38,0.02,0.04,0.0,0.0,0.0,0.04,0.0,0.0,0.0,0.0,0.0,0.0
38,4,2,3,False,0.5884511930300815,0.19945246574726827,3,qUCB,0.34,0.0,0.6,0.04,0.0,0.0,0.0,0.0,0.02,0.0,0.0,0.0,0.0,0.0,0.0
38,4,2,3,False,0.5884511930300815,0.19945246574726827,4,qUCB,0.2,0.22,0.48,0.04,0.02,0.0,0.0,0.0,0.04,0.0,0.0,0.0,0.0,0.0,0.0
38,5,1,4,False,0.3992144530518347,0.07125222155840139,0,qEHVI,0.56,0.32,0.04,0.0,0.0,0.0,0.0,0.0,0.0,0.0,0.0,0.04,0.0,0.04,0.0
38,5,1,4,False,0.3992144530518347,0.07125222155840139,1,qUCB,0.4,0.12,0.38,0.02,0.04,0.0,0.0,0.0,0.04,0.0,0.0,0.0,0.0,0.0,0.0
38,5,1,4,False,0.3992144530518347,0.07125222155840139,2,qUCB,0.32,0.0,0.58,0.04,0.0,0.0,0.0,0.0,0.02,0.0,0.0,0.0,0.0,0.0,0.04
38,5,1,4,False,0.3992144530518347,0.07125222155840139,3,qUCB,0.2,0.22,0.48,0.04,0.02,0.0,0.0,0.0,0.04,0.0,0.0,0.0,0.0,0.0,0.0
38,5,1,4,False,0.3992144530518347,0.07125222155840139,4,qUCB,0.7000000000000001,0.02,0.18,0.02,0.04,0.0,0.0,0.0,0.0,0.0,0.0,0.0,0.0,0.0,0.04
38,6,0,5,False,0.3792058428690693,0.05810744846736923,0,qUCB,0.46,0.4,0.04,0.0,0.0,0.0,0.0,0.0,0.0,0.0,0.0,0.04,0.0,0.04,0.02
38,6,0,5,False,0.3792058428690693,0.05810744846736923,1,qUCB,0.34,0.0,0.6,0.04,0.0,0.0,0.0,0.0,0.02,0.0,0.0,0.0,0.0,0.0,0.0
38,6,0,5,False,0.3792058428690693,0.05810744846736923,2,qUCB,0.38,0.16,0.36,0.04,0.0,0.0,0.0,0.0,0.0,0.0,0.0,0.0,0.0,0.02,0.04
38,6,0,5,False,0.3792058428690693,0.05810744846736923,3,qUCB,0.24,0.16,0.5,0.04,0.0,0.0,0.0,0.0,0.02,0.0,0.0,0.04,0.0,0.0,0.0
38,6,0,5,False,0.3792058428690693,0.05810744846736923,4,qUCB,0.4,0.14,0.36,0.02,0.0,0.0,0.0,0.0,0.04,0.0,0.0,0.0,0.0,0.04,0.0
39,1,5,0,True,0.7025667312343424,0.13993150428974843,0,qEHVI,0.38,0.14,0.38,0.02,0.0,0.0,0.0,0.0,0.04,0.0,0.0,0.02,0.0,0.02,0.0
39,1,5,0,True,0.7025667312343424,0.13993150428974843,1,qEHVI,0.28,0.02,0.7000000000000001,0.0,0.0,0.0,0.0,0.0,0.0,0.0,0.0,0.0,0.0,0.0,0.0
39,1,5,0,True,0.7025667312343424,0.13993150428974843,2,qEHVI,0.48,0.24,0.18,0.04,0.02,0.0,0.0,0.0,0.0,0.0,0.0,0.04,0.0,0.0,0.0
39,1,5,0,True,0.7025667312343424,0.13993150428974843,3,qEHVI,0.46,0.08,0.36,0.0,0.0,0.0,0.0,0.0,0.0,0.0,0.0,0.04,0.0,0.04,0.02
39,1,5,0,True,0.7025667312343424,0.13993150428974843,4,qEHVI,0.6,0.3,0.04,0.0,0.0,0.0,0.0,0.0,0.0,0.0,0.0,0.04,0.0,0.0,0.02
39,2,4,1,False,0.6372878660714482,0.2731383040214759,0,qEHVI,0.38,0.14,0.38,0.02,0.0,0.0,0.0,0.0,0.04,0.0,0.0,0.02,0.0,0.02,0.0
39,2,4,1,False,0.6372878660714482,0.2731383040214759,1,qEHVI,0.28,0.02,0.7000000000000001,0.0,0.0,0.0,0.0,0.0,0.0,0.0,0.0,0.0,0.0,0.0,0.0
39,2,4,1,False,0.6372878660714482,0.2731383040214759,2,qEHVI,0.48,0.24,0.18,0.04,0.02,0.0,0.0,0.0,0.0,0.0,0.0,0.04,0.0,0.0,0.0
39,2,4,1,False,0.6372878660714482,0.2731383040214759,3,qEHVI,0.46,0.08,0.36,0.0,0.0,0.0,0.0,0.0,0.0,0.0,0.0,0.04,0.0,0.04,0.02
39,2,4,1,False,0.6372878660714482,0.2731383040214759,4,qUCB,0.6,0.22,0.08,0.0,0.04,0.0,0.0,0.0,0.0,0.0,0.0,0.0,0.0,0.02,0.04
39,3,3,2,False,0.5738976674616062,0.14069925022602803,0,qEHVI,0.38,0.14,0.38,0.02,0.0,0.0,0.0,0.0,0.04,0.0,0.0,0.02,0.0,0.02,0.0
39,3,3,2,False,0.5738976674616062,0.14069925022602803,1,qEHVI,0.28,0.02,0.7000000000000001,0.0,0.0,0.0,0.0,0.0,0.0,0.0,0.0,0.0,0.0,0.0,0.0
39,3,3,2,False,0.5738976674616062,0.14069925022602803,2,qEHVI,0.48,0.24,0.18,0.04,0.02,0.0,0.0,0.0,0.0,0.0,0.0,0.04,0.0,0.0,0.0
39,3,3,2,False,0.5738976674616062,0.14069925022602803,3,qUCB,0.6,0.22,0.08,0.0,0.04,0.0,0.0,0.0,0.0,0.0,0.0,0.0,0.0,0.02,0.04
39,3,3,2,False,0.5738976674616062,0.14069925022602803,4,qUCB,0.64,0.2,0.06,0.0,0.0,0.0,0.0,0.0,0.0,0.0,0.0,0.02,0.0,0.04,0.04
39,4,2,3,False,0.4587832420770344,0.07527197798670748,0,qEHVI,0.38,0.14,0.38,0.02,0.0,0.0,0.0,0.0,0.04,0.0,0.0,0.02,0.0,0.02,0.0
39,4,2,3,False,0.4587832420770344,0.07527197798670748,1,qEHVI,0.28,0.02,0.7000000000000001,0.0,0.0,0.0,0.0,0.0,0.0,0.0,0.0,0.0,0.0,0.0,0.0
39,4,2,3,False,0.4587832420770344,0.07527197798670748,2,qUCB,0.44,0.46,0.0,0.0,0.04,0.0,0.0,0.0,0.0,0.0,0.0,0.04,0.0,0.0,0.02
39,4,2,3,False,0.4587832420770344,0.07527197798670748,3,qUCB,0.48,0.4,0.04,0.0,0.0,0.0,0.0,0.0,0.0,0.0,0.0,0.04,0.0,0.0,0.04
39,4,2,3,False,0.4587832420770344,0.07527197798670748,4,qUCB,0.64,0.2,0.06,0.0,0.02,0.0,0.0,0.0,0.0,0.0,0.0,0.04,0.0,0.0,0.04
39,5,1,4,False,0.2953875295028327,0.11310148513716012,0,qEHVI,0.38,0.14,0.38,0.02,0.0,0.0,0.0,0.0,0.04,0.0,0.0,0.02,0.0,0.02,0.0
39,5,1,4,False,0.2953875295028327,0.11310148513716012,1,qUCB,0.42,0.14,0.36,0.0,0.04,0.0,0.0,0.0,0.0,0.0,0.0,0.0,0.0,0.0,0.04
39,5,1,4,False,0.2953875295028327,0.11310148513716012,2,qUCB,0.6,0.22,0.08,0.0,0.04,0.0,0.0,0.0,0.0,0.0,0.0,0.0,0.0,0.02,0.04
39,5,1,4,False,0.2953875295028327,0.11310148513716012,3,qUCB,0.26,0.5,0.14,0.0,0.04,0.0,0.0,0.0,0.0,0.0,0.0,0.02,0.0,0.0,0.04
39,5,1,4,False,0.2953875295028327,0.11310148513716012,4,qUCB,0.34,0.42,0.14,0.02,0.04,0.0,0.0,0.0,0.0,0.0,0.0,0.0,0.0,0.0,0.04
39,6,0,5,False,0.30998943953538194,0.044365729310490654,0,qUCB,0.44,0.5,0.02,0.0,0.0,0.0,0.0,0.0,0.0,0.0,0.0,0.04,0.0,0.0,0.0
39,6,0,5,False,0.30998943953538194,0.044365729310490654,1,qUCB,0.3,0.0,0.6,0.04,0.0,0.0,0.0,0.0,0.0,0.0,0.0,0.04,0.0,0.0,0.02
39,6,0,5,False,0.30998943953538194,0.044365729310490654,2,qUCB,0.2,0.2,0.5,0.04,0.02,0.0,0.0,0.0,0.0,0.0,0.0,0.04,0.0,0.0,0.0
39,6,0,5,False,0.30998943953538194,0.044365729310490654,3,qUCB,0.42,0.1,0.38,0.04,0.04,0.0,0.0,0.0,0.0,0.0,0.0,0.0,0.0,0.0,0.02
39,6,0,5,False,0.30998943953538194,0.044365729310490654,4,qUCB,0.26,0.2,0.46,0.04,0.0,0.0,0.0,0.0,0.04,0.0,0.0,0.0,0.0,0.0,0.0
40,1,5,0,True,0.7767900844366924,0.01328111425552192,0,qEHVI,0.38,0.2,0.38,0.04,0.0,0.0,0.0,0.0,0.0,0.0,0.0,0.0,0.0,0.0,0.0
40,1,5,0,True,0.7767900844366924,0.01328111425552192,1,qEHVI,0.54,0.06,0.32,0.0,0.0,0.0,0.0,0.0,0.04,0.0,0.0,0.0,0.0,0.0,0.04
40,1,5,0,True,0.7767900844366924,0.01328111425552192,2,qEHVI,0.0,0.64,0.26,0.0,0.04,0.0,0.0,0.0,0.02,0.0,0.0,0.04,0.0,0.0,0.0
40,1,5,0,True,0.7767900844366924,0.01328111425552192,3,qEHVI,0.34,0.0,0.6,0.04,0.0,0.0,0.0,0.0,0.02,0.0,0.0,0.0,0.0,0.0,0.0
40,1,5,0,True,0.7767900844366924,0.01328111425552192,4,qEHVI,0.46,0.0,0.44,0.02,0.04,0.0,0.0,0.0,0.0,0.0,0.0,0.02,0.0,0.0,0.02
40,2,4,1,False,0.5885586888821767,0.071979844570982,0,qEHVI,0.38,0.2,0.38,0.04,0.0,0.0,0.0,0.0,0.0,0.0,0.0,0.0,0.0,0.0,0.0
40,2,4,1,False,0.5885586888821767,0.071979844570982,1,qEHVI,0.54,0.06,0.32,0.0,0.0,0.0,0.0,0.0,0.04,0.0,0.0,0.0,0.0,0.0,0.04
40,2,4,1,False,0.5885586888821767,0.071979844570982,2,qEHVI,0.0,0.64,0.26,0.0,0.04,0.0,0.0,0.0,0.02,0.0,0.0,0.04,0.0,0.0,0.0
40,2,4,1,False,0.5885586888821767,0.071979844570982,3,qEHVI,0.34,0.0,0.6,0.04,0.0,0.0,0.0,0.0,0.02,0.0,0.0,0.0,0.0,0.0,0.0
40,2,4,1,False,0.5885586888821767,0.071979844570982,4,qUCB,0.62,0.22,0.06,0.0,0.0,0.0,0.0,0.0,0.0,0.0,0.0,0.04,0.0,0.04,0.02
40,3,3,2,False,0.4820342277038288,0.12632044508141105,0,qEHVI,0.38,0.2,0.38,0.04,0.0,0.0,0.0,0.0,0.0,0.0,0.0,0.0,0.0,0.0,0.0
40,3,3,2,False,0.4820342277038288,0.12632044508141105,1,qEHVI,0.54,0.06,0.32,0.0,0.0,0.0,0.0,0.0,0.04,0.0,0.0,0.0,0.0,0.0,0.04
40,3,3,2,False,0.4820342277038288,0.12632044508141105,2,qEHVI,0.34,0.0,0.6,0.04,0.0,0.0,0.0,0.0,0.02,0.0,0.0,0.0,0.0,0.0,0.0
40,3,3,2,False,0.4820342277038288,0.12632044508141105,3,qUCB,0.48,0.42,0.0,0.0,0.04,0.0,0.0,0.0,0.0,0.0,0.0,0.04,0.0,0.0,0.02
40,3,3,2,False,0.4820342277038288,0.12632044508141105,4,qUCB,0.4,0.44,0.06,0.0,0.04,0.0,0.0,0.0,0.0,0.0,0.0,0.04,0.0,0.02,0.0
40,4,2,3,False,0.46725889744397137,0.013067446261660898,0,qEHVI,0.38,0.2,0.38,0.04,0.0,0.0,0.0,0.0,0.0,0.0,0.0,0.0,0.0,0.0,0.0
40,4,2,3,False,0.46725889744397137,0.013067446261660898,1,qEHVI,0.54,0.06,0.32,0.0,0.0,0.0,0.0,0.0,0.04,0.0,0.0,0.0,0.0,0.0,0.04
40,4,2,3,False,0.46725889744397137,0.013067446261660898,2,qUCB,0.48,0.42,0.0,0.0,0.04,0.0,0.0,0.0,0.0,0.0,0.0,0.04,0.0,0.0,0.02
40,4,2,3,False,0.46725889744397137,0.013067446261660898,3,qUCB,0.4,0.44,0.06,0.0,0.04,0.0,0.0,0.0,0.0,0.0,0.0,0.04,0.0,0.02,0.0
40,4,2,3,False,0.46725889744397137,0.013067446261660898,4,qUCB,0.0,0.64,0.26,0.0,0.04,0.0,0.0,0.0,0.02,0.0,0.0,0.04,0.0,0.0,0.0
40,5,1,4,False,0.3331070555973659,0.0412668043719302,0,qEHVI,0.38,0.2,0.38,0.04,0.0,0.0,0.0,0.0,0.0,0.0,0.0,0.0,0.0,0.0,0.0
40,5,1,4,False,0.3331070555973659,0.0412668043719302,1,qUCB,0.44,0.46,0.0,0.0,0.02,0.0,0.0,0.0,0.0,0.0,0.0,0.04,0.0,0.0,0.04
40,5,1,4,False,0.3331070555973659,0.0412668043719302,2,qUCB,0.0,0.64,0.26,0.0,0.04,0.0,0.0,0.0,0.02,0.0,0.0,0.04,0.0,0.0,0.0
40,5,1,4,False,0.3331070555973659,0.0412668043719302,3,qUCB,0.4,0.44,0.06,0.0,0.04,0.0,0.0,0.0,0.0,0.0,0.0,0.04,0.0,0.02,0.0
40,5,1,4,False,0.3331070555973659,0.0412668043719302,4,qUCB,0.34,0.36,0.2,0.0,0.02,0.0,0.0,0.0,0.04,0.0,0.0,0.04,0.0,0.0,0.0
40,6,0,5,False,0.3607222438202059,0.11850366846114557,0,qUCB,0.44,0.46,0.0,0.0,0.02,0.0,0.0,0.0,0.0,0.0,0.0,0.04,0.0,0.0,0.04
40,6,0,5,False,0.3607222438202059,0.11850366846114557,1,qUCB,0.34,0.0,0.6,0.04,0.0,0.0,0.0,0.0,0.02,0.0,0.0,0.0,0.0,0.0,0.0
40,6,0,5,False,0.3607222438202059,0.11850366846114557,2,qUCB,0.2,0.24,0.5,0.04,0.0,0.0,0.0,0.0,0.02,0.0,0.0,0.0,0.0,0.0,0.0
40,6,0,5,False,0.3607222438202059,0.11850366846114557,3,qUCB,0.42,0.08,0.4,0.04,0.0,0.0,0.0,0.0,0.0,0.0,0.0,0.0,0.0,0.02,0.04
40,6,0,5,False,0.3607222438202059,0.11850366846114557,4,qUCB,0.36,0.3,0.24,0.0,0.04,0.0,0.0,0.0,0.04,0.0,0.0,0.02,0.0,0.0,0.0
41,1,5,0,True,0.7100225554459016,0.4387256776457129,0,qEHVI,0.4,0.2,0.32,0.04,0.0,0.0,0.0,0.0,0.04,0.0,0.0,0.0,0.0,0.0,0.0
41,1,5,0,True,0.7100225554459016,0.4387256776457129,1,qEHVI,0.38,0.12,0.4,0.04,0.0,0.0,0.0,0.0,0.0,0.0,0.0,0.02,0.0,0.0,0.04
41,1,5,0,True,0.7100225554459016,0.4387256776457129,2,qEHVI,0.62,0.0,0.36,0.0,0.02,0.0,0.0,0.0,0.0,0.0,0.0,0.0,0.0,0.0,0.0
41,1,5,0,True,0.7100225554459016,0.4387256776457129,3,qEHVI,0.14,0.28,0.5,0.0,0.0,0.0,0.0,0.0,0.04,0.0,0.0,0.0,0.0,0.0,0.04
41,1,5,0,True,0.7100225554459016,0.4387256776457129,4,qEHVI,0.48,0.06,0.36,0.02,0.0,0.0,0.0,0.0,0.04,0.0,0.0,0.04,0.0,0.0,0.0
41,2,4,1,False,0.664578971079868,0.019171809320322808,0,qEHVI,0.4,0.2,0.32,0.04,0.0,0.0,0.0,0.0,0.04,0.0,0.0,0.0,0.0,0.0,0.0
41,2,4,1,False,0.664578971079868,0.019171809320322808,1,qEHVI,0.38,0.12,0.4,0.04,0.0,0.0,0.0,0.0,0.0,0.0,0.0,0.02,0.0,0.0,0.04
41,2,4,1,False,0.664578971079868,0.019171809320322808,2,qEHVI,0.62,0.0,0.36,0.0,0.02,0.0,0.0,0.0,0.0,0.0,0.0,0.0,0.0,0.0,0.0
41,2,4,1,False,0.664578971079868,0.019171809320322808,3,qEHVI,0.48,0.06,0.36,0.02,0.0,0.0,0.0,0.0,0.04,0.0,0.0,0.04,0.0,0.0,0.0
41,2,4,1,False,0.664578971079868,0.019171809320322808,4,qUCB,0.46,0.44,0.02,0.0,0.0,0.0,0.0,0.0,0.0,0.0,0.0,0.04,0.0,0.04,0.0
41,3,3,2,False,0.6095950905537886,0.27918777438743136,0,qEHVI,0.4,0.2,0.32,0.04,0.0,0.0,0.0,0.0,0.04,0.0,0.0,0.0,0.0,0.0,0.0
41,3,3,2,False,0.6095950905537886,0.27918777438743136,1,qEHVI,0.38,0.12,0.4,0.04,0.0,0.0,0.0,0.0,0.0,0.0,0.0,0.02,0.0,0.0,0.04
41,3,3,2,False,0.6095950905537886,0.27918777438743136,2,qEHVI,0.62,0.0,0.36,0.0,0.02,0.0,0.0,0.0,0.0,0.0,0.0,0.0,0.0,0.0,0.0
41,3,3,2,False,0.6095950905537886,0.27918777438743136,3,qUCB,0.46,0.44,0.02,0.0,0.0,0.0,0.0,0.0,0.0,0.0,0.0,0.04,0.0,0.04,0.0
41,3,3,2,False,0.6095950905537886,0.27918777438743136,4,qUCB,0.24,0.18,0.48,0.04,0.02,0.0,0.0,0.0,0.0,0.0,0.0,0.0,0.0,0.04,0.0
41,4,2,3,False,0.43622508891788314,0.08728310217616642,0,qEHVI,0.4,0.2,0.32,0.04,0.0,0.0,0.0,0.0,0.04,0.0,0.0,0.0,0.0,0.0,0.0
41,4,2,3,False,0.43622508891788314,0.08728310217616642,1,qEHVI,0.38,0.12,0.4,0.04,0.0,0.0,0.0,0.0,0.0,0.0,0.0,0.02,0.0,0.0,0.04
41,4,2,3,False,0.43622508891788314,0.08728310217616642,2,qUCB,0.46,0.44,0.02,0.0,0.0,0.0,0.0,0.0,0.0,0.0,0.0,0.04,0.0,0.04,0.0
41,4,2,3,False,0.43622508891788314,0.08728310217616642,3,qUCB,0.36,0.36,0.18,0.0,0.04,0.0,0.0,0.0,0.0,0.0,0.0,0.02,0.0,0.04,0.0
41,4,2,3,False,0.43622508891788314,0.08728310217616642,4,qUCB,0.22,0.22,0.48,0.0,0.04,0.0,0.0,0.0,0.0,0.0,0.0,0.0,0.0,0.04,0.0
41,5,1,4,False,0.2886665778738095,0.015135086415986265,0,qEHVI,0.4,0.2,0.32,0.04,0.0,0.0,0.0,0.0,0.04,0.0,0.0,0.0,0.0,0.0,0.0
41,5,1,4,False,0.2886665778738095,0.015135086415986265,1,qUCB,0.46,0.44,0.02,0.0,0.0,0.0,0.0,0.0,0.0,0.0,0.0,0.04,0.0,0.04,0.0
41,5,1,4,False,0.2886665778738095,0.015135086415986265,2,qUCB,0.42,0.44,0.04,0.0,0.04,0.0,0.0,0.0,0.0,0.0,0.0,0.04,0.0,0.0,0.02
41,5,1,4,False,0.2886665778738095,0.015135086415986265,3,qUCB,0.0,0.4,0.5,0.0,0.04,0.0,0.0,0.0,0.0,0.0,0.0,0.02,0.0,0.0,0.04
41,5,1,4,False,0.2886665778738095,0.015135086415986265,4,qUCB,0.28,0.5,0.14,0.0,0.04,0.0,0.0,0.0,0.0,0.0,0.0,0.0,0.0,0.0,0.04
41,6,0,5,False,0.4495941849408578,0.03500489837078202,0,qUCB,0.46,0.44,0.02,0.0,0.0,0.0,0.0,0.0,0.0,0.0,0.0,0.04,0.0,0.04,0.0
41,6,0,5,False,0.4495941849408578,0.03500489837078202,1,qUCB,0.18,0.22,0.5,0.04,0.0,0.0,0.0,0.0,0.0,0.0,0.0,0.04,0.0,0.0,0.02
41,6,0,5,False,0.4495941849408578,0.03500489837078202,2,qUCB,0.62,0.0,0.36,0.0,0.02,0.0,0.0,0.0,0.0,0.0,0.0,0.0,0.0,0.0,0.0
41,6,0,5,False,0.4495941849408578,0.03500489837078202,3,qUCB,0.14,0.28,0.5,0.0,0.0,0.0,0.0,0.0,0.04,0.0,0.0,0.0,0.0,0.0,0.04
41,6,0,5,False,0.4495941849408578,0.03500489837078202,4,qUCB,0.34,0.38,0.22,0.0,0.0,0.0,0.0,0.0,0.04,0.0,0.0,0.0,0.0,0.02,0.0
42,1,5,0,True,0.8491857009980099,0.01879930117309947,0,qEHVI,0.0,0.4,0.54,0.04,0.0,0.0,0.0,0.0,0.02,0.0,0.0,0.0,0.0,0.0,0.0
42,1,5,0,True,0.8491857009980099,0.01879930117309947,1,qEHVI,0.56,0.28,0.06,0.0,0.02,0.0,0.0,0.0,0.04,0.0,0.0,0.0,0.0,0.0,0.04
42,1,5,0,True,0.8491857009980099,0.01879930117309947,2,qEHVI,0.4,0.06,0.46,0.0,0.02,0.0,0.0,0.0,0.02,0.0,0.0,0.04,0.0,0.0,0.0
42,1,5,0,True,0.8491857009980099,0.01879930117309947,3,qEHVI,0.34,0.2,0.36,0.04,0.0,0.0,0.0,0.0,0.04,0.0,0.0,0.0,0.0,0.02,0.0
42,1,5,0,True,0.8491857009980099,0.01879930117309947,4,qEHVI,0.0,0.36,0.56,0.0,0.04,0.0,0.0,0.0,0.0,0.0,0.0,0.04,0.0,0.0,0.0
42,2,4,1,False,0.7098088869519554,0.07788362017157269,0,qEHVI,0.56,0.28,0.06,0.0,0.02,0.0,0.0,0.0,0.04,0.0,0.0,0.0,0.0,0.0,0.04
42,2,4,1,False,0.7098088869519554,0.07788362017157269,1,qEHVI,0.0,0.4,0.54,0.04,0.0,0.0,0.0,0.0,0.02,0.0,0.0,0.0,0.0,0.0,0.0
42,2,4,1,False,0.7098088869519554,0.07788362017157269,2,qEHVI,0.4,0.06,0.46,0.0,0.02,0.0,0.0,0.0,0.02,0.0,0.0,0.04,0.0,0.0,0.0
42,2,4,1,False,0.7098088869519554,0.07788362017157269,3,qEHVI,0.34,0.2,0.36,0.04,0.0,0.0,0.0,0.0,0.04,0.0,0.0,0.0,0.0,0.02,0.0
42,2,4,1,False,0.7098088869519554,0.07788362017157269,4,qUCB,0.34,0.14,0.42,0.0,0.04,0.0,0.0,0.0,0.0,0.0,0.0,0.0,0.0,0.04,0.02
42,3,3,2,False,0.5677429987226296,0.07180916642610313,0,qEHVI,0.0,0.4,0.54,0.04,0.0,0.0,0.0,0.0,0.02,0.0,0.0,0.0,0.0,0.0,0.0
42,3,3,2,False,0.5677429987226296,0.07180916642610313,1,qEHVI,0.56,0.28,0.06,0.0,0.02,0.0,0.0,0.0,0.04,0.0,0.0,0.0,0.0,0.0,0.04
42,3,3,2,False,0.5677429987226296,0.07180916642610313,2,qEHVI,0.4,0.06,0.46,0.0,0.02,0.0,0.0,0.0,0.02,0.0,0.0,0.04,0.0,0.0,0.0
42,3,3,2,False,0.5677429987226296,0.07180916642610313,3,qUCB,0.66,0.22,0.08,0.0,0.0,0.0,0.0,0.0,0.0,0.0,0.0,0.0,0.0,0.04,0.0
42,3,3,2,False,0.5677429987226296,0.07180916642610313,4,qUCB,0.28,0.54,0.12,0.0,0.02,0.0,0.0,0.0,0.0,0.0,0.0,0.0,0.0,0.04,0.0
42,4,2,3,False,0.41590286910855057,0.038757154722017795,0,qEHVI,0.0,0.4,0.54,0.04,0.0,0.0,0.0,0.0,0.02,0.0,0.0,0.0,0.0,0.0,0.0
42,4,2,3,False,0.41590286910855057,0.038757154722017795,1,qEHVI,0.56,0.28,0.06,0.0,0.02,0.0,0.0,0.0,0.04,0.0,0.0,0.0,0.0,0.0,0.04
42,4,2,3,False,0.41590286910855057,0.038757154722017795,2,qUCB,0.48,0.38,0.06,0.0,0.0,0.0,0.0,0.0,0.0,0.0,0.0,0.04,0.0,0.04,0.0
42,4,2,3,False,0.41590286910855057,0.038757154722017795,3,qUCB,0.32,0.36,0.22,0.0,0.02,0.0,0.0,0.0,0.0,0.0,0.0,0.04,0.0,0.04,0.0
42,4,2,3,False,0.41590286910855057,0.038757154722017795,4,qUCB,0.28,0.06,0.56,0.0,0.02,0.0,0.0,0.0,0.0,0.0,0.0,0.04,0.0,0.04,0.0
42,5,1,4,False,0.25739657967118584,0.33619619428587155,0,qEHVI,0.0,0.4,0.54,0.04,0.0,0.0,0.0,0.0,0.02,0.0,0.0,0.0,0.0,0.0,0.0
42,5,1,4,False,0.25739657967118584,0.33619619428587155,1,qUCB,0.5,0.38,0.02,0.0,0.04,0.0,0.0,0.0,0.0,0.0,0.0,0.04,0.0,0.02,0.0
42,5,1,4,False,0.25739657967118584,0.33619619428587155,2,qUCB,0.78,0.0,0.12,0.0,0.04,0.0,0.0,0.0,0.0,0.0,0.0,0.0,0.0,0.02,0.04
42,5,1,4,False,0.25739657967118584,0.33619619428587155,3,qUCB,0.32,0.36,0.22,0.0,0.02,0.0,0.0,0.0,0.0,0.0,0.0,0.04,0.0,0.04,0.0
42,5,1,4,False,0.25739657967118584,0.33619619428587155,4,qUCB,0.24,0.54,0.12,0.0,0.04,0.0,0.0,0.0,0.0,0.0,0.0,0.02,0.0,0.0,0.04
42,6,0,5,False,0.42833286120651815,0.016714328788702604,0,qUCB,0.44,0.44,0.04,0.0,0.0,0.0,0.0,0.0,0.0,0.0,0.0,0.04,0.0,0.02,0.02
42,6,0,5,False,0.42833286120651815,0.016714328788702604,1,qUCB,0.0,0.4,0.54,0.04,0.0,0.0,0.0,0.0,0.02,0.0,0.0,0.0,0.0,0.0,0.0
42,6,0,5,False,0.42833286120651815,0.016714328788702604,2,qUCB,0.34,0.38,0.22,0.0,0.02,0.0,0.0,0.0,0.04,0.0,0.0,0.0,0.0,0.0,0.0
42,6,0,5,False,0.42833286120651815,0.016714328788702604,3,qUCB,0.42,0.14,0.34,0.04,0.02,0.0,0.0,0.0,0.0,0.0,0.0,0.0,0.0,0.0,0.04
42,6,0,5,False,0.42833286120651815,0.016714328788702604,4,qUCB,0.3,0.4,0.22,0.0,0.04,0.0,0.0,0.0,0.0,0.0,0.0,0.04,0.0,0.0,0.0
43,1,5,0,True,0.7231463495497442,0.043724957920304064,0,qEHVI,0.38,0.12,0.4,0.02,0.0,0.0,0.0,0.0,0.0,0.0,0.0,0.04,0.0,0.0,0.04
43,1,5,0,True,0.7231463495497442,0.043724957920304064,1,qEHVI,0.4,0.46,0.04,0.02,0.0,0.0,0.0,0.0,0.0,0.0,0.0,0.04,0.0,0.04,0.0
43,1,5,0,True,0.7231463495497442,0.043724957920304064,2,qEHVI,0.48,0.06,0.36,0.0,0.0,0.0,0.0,0.0,0.04,0.0,0.0,0.0,0.0,0.02,0.04
43,1,5,0,True,0.7231463495497442,0.043724957920304064,3,qEHVI,0.44,0.08,0.38,0.04,0.0,0.0,0.0,0.0,0.0,0.0,0.0,0.02,0.0,0.0,0.04
43,1,5,0,True,0.7231463495497442,0.043724957920304064,4,qEHVI,0.34,0.28,0.28,0.04,0.0,0.0,0.0,0.0,0.02,0.0,0.0,0.04,0.0,0.0,0.0
43,2,4,1,False,0.6303305676274166,0.028237325558603033,0,qEHVI,0.38,0.12,0.4,0.02,0.0,0.0,0.0,0.0,0.0,0.0,0.0,0.04,0.0,0.0,0.04
43,2,4,1,False,0.6303305676274166,0.028237325558603033,1,qEHVI,0.4,0.46,0.04,0.02,0.0,0.0,0.0,0.0,0.0,0.0,0.0,0.04,0.0,0.04,0.0
43,2,4,1,False,0.6303305676274166,0.028237325558603033,2,qEHVI,0.48,0.06,0.36,0.0,0.0,0.0,0.0,0.0,0.04,0.0,0.0,0.0,0.0,0.02,0.04
43,2,4,1,False,0.6303305676274166,0.028237325558603033,3,qEHVI,0.44,0.08,0.38,0.04,0.0,0.0,0.0,0.0,0.0,0.0,0.0,0.02,0.0,0.0,0.04
43,2,4,1,False,0.6303305676274166,0.028237325558603033,4,qUCB,0.36,0.26,0.34,0.0,0.04,0.0,0.0,0.0,0.0,0.0,0.0,0.0,0.0,0.0,0.0
43,3,3,2,False,0.516614220062426,0.10933685836153373,0,qEHVI,0.38,0.12,0.4,0.02,0.0,0.0,0.0,0.0,0.0,0.0,0.0,0.04,0.0,0.0,0.04
43,3,3,2,False,0.516614220062426,0.10933685836153373,1,qEHVI,0.4,0.46,0.04,0.02,0.0,0.0,0.0,0.0,0.0,0.0,0.0,0.04,0.0,0.04,0.0
43,3,3,2,False,0.516614220062426,0.10933685836153373,2,qEHVI,0.48,0.06,0.36,0.0,0.0,0.0,0.0,0.0,0.04,0.0,0.0,0.0,0.0,0.02,0.04
43,3,3,2,False,0.516614220062426,0.10933685836153373,3,qUCB,0.48,0.08,0.34,0.04,0.04,0.0,0.0,0.0,0.02,0.0,0.0,0.0,0.0,0.0,0.0
43,3,3,2,False,0.516614220062426,0.10933685836153373,4,qUCB,0.36,0.26,0.34,0.0,0.04,0.0,0.0,0.0,0.0,0.0,0.0,0.0,0.0,0.0,0.0
43,4,2,3,False,0.3986900790604292,0.010230636308286467,0,qEHVI,0.38,0.12,0.4,0.02,0.0,0.0,0.0,0.0,0.0,0.0,0.0,0.04,0.0,0.0,0.04
43,4,2,3,False,0.3986900790604292,0.010230636308286467,1,qEHVI,0.4,0.46,0.04,0.02,0.0,0.0,0.0,0.0,0.0,0.0,0.0,0.04,0.0,0.04,0.0
43,4,2,3,False,0.3986900790604292,0.010230636308286467,2,qUCB,0.72,0.12,0.08,0.0,0.04,0.0,0.0,0.0,0.04,0.0,0.0,0.0,0.0,0.0,0.0
43,4,2,3,False,0.3986900790604292,0.010230636308286467,3,qUCB,0.34,0.34,0.22,0.0,0.04,0.0,0.0,0.0,0.04,0.0,0.0,0.0,0.0,0.02,0.0
43,4,2,3,False,0.3986900790604292,0.010230636308286467,4,qUCB,0.22,0.6,0.1,0.0,0.04,0.0,0.0,0.0,0.04,0.0,0.0,0.0,0.0,0.0,0.0
43,5,1,4,False,0.28719307440883163,0.1374544888020719,0,qEHVI,0.38,0.12,0.4,0.02,0.0,0.0,0.0,0.0,0.0,0.0,0.0,0.04,0.0,0.0,0.04
43,5,1,4,False,0.28719307440883163,0.1374544888020719,1,qUCB,0.34,0.34,0.22,0.0,0.04,0.0,0.0,0.0,0.04,0.0,0.0,0.0,0.0,0.02,0.0
43,5,1,4,False,0.28719307440883163,0.1374544888020719,2,qUCB,0.36,0.2,0.34,0.0,0.02,0.0,0.0,0.0,0.04,0.0,0.0,0.0,0.0,0.04,0.0
43,5,1,4,False,0.28719307440883163,0.1374544888020719,3,qUCB,0.32,0.48,0.1,0.0,0.04,0.0,0.0,0.0,0.04,0.0,0.0,0.0,0.0,0.02,0.0
43,5,1,4,False,0.28719307440883163,0.1374544888020719,4,qUCB,0.22,0.6,0.1,0.0,0.04,0.0,0.0,0.0,0.04,0.0,0.0,0.0,0.0,0.0,0.0
43,6,0,5,False,0.2968459310896561,0.04451869201801273,0,qUCB,0.44,0.46,0.02,0.0,0.0,0.0,0.0,0.0,0.0,0.0,0.0,0.04,0.0,0.02,0.02
43,6,0,5,False,0.2968459310896561,0.04451869201801273,1,qUCB,0.34,0.34,0.22,0.0,0.04,0.0,0.0,0.0,0.04,0.0,0.0,0.0,0.0,0.02,0.0
43,6,0,5,False,0.2968459310896561,0.04451869201801273,2,qUCB,0.28,0.48,0.14,0.0,0.0,0.0,0.0,0.0,0.0,0.0,0.0,0.02,0.0,0.04,0.04
43,6,0,5,False,0.2968459310896561,0.04451869201801273,3,qUCB,0.44,0.08,0.38,0.04,0.0,0.0,0.0,0.0,0.0,0.0,0.0,0.02,0.0,0.0,0.04
43,6,0,5,False,0.2968459310896561,0.04451869201801273,4,qUCB,0.28,0.44,0.22,0.0,0.0,0.0,0.0,0.0,0.0,0.0,0.0,0.04,0.0,0.02,0.0
44,1,5,0,True,0.6917226819064849,0.10746940071771682,0,qEHVI,0.36,0.24,0.3,0.04,0.02,0.0,0.0,0.0,0.04,0.0,0.0,0.0,0.0,0.0,0.0
44,1,5,0,True,0.6917226819064849,0.10746940071771682,1,qEHVI,0.44,0.02,0.44,0.02,0.04,0.0,0.0,0.0,0.0,0.0,0.0,0.02,0.0,0.02,0.0
44,1,5,0,True,0.6917226819064849,0.10746940071771682,2,qEHVI,0.64,0.02,0.34,0.0,0.0,0.0,0.0,0.0,0.0,0.0,0.0,0.0,0.0,0.0,0.0
44,1,5,0,True,0.6917226819064849,0.10746940071771682,3,qEHVI,0.42,0.2,0.3,0.04,0.0,0.0,0.0,0.0,0.0,0.0,0.0,0.04,0.0,0.0,0.0
44,1,5,0,True,0.6917226819064849,0.10746940071771682,4,qEHVI,0.38,0.16,0.36,0.04,0.0,0.0,0.0,0.0,0.02,0.0,0.0,0.0,0.0,0.0,0.04
44,2,4,1,False,0.6108714824935517,0.08277056711678377,0,qEHVI,0.36,0.24,0.3,0.04,0.02,0.0,0.0,0.0,0.04,0.0,0.0,0.0,0.0,0.0,0.0
44,2,4,1,False,0.6108714824935517,0.08277056711678377,1,qEHVI,0.44,0.02,0.44,0.02,0.04,0.0,0.0,0.0,0.0,0.0,0.0,0.02,0.0,0.02,0.0
44,2,4,1,False,0.6108714824935517,0.08277056711678377,2,qEHVI,0.64,0.02,0.34,0.0,0.0,0.0,0.0,0.0,0.0,0.0,0.0,0.0,0.0,0.0,0.0
44,2,4,1,False,0.6108714824935517,0.08277056711678377,3,qEHVI,0.42,0.2,0.3,0.04,0.0,0.0,0.0,0.0,0.0,0.0,0.0,0.04,0.0,0.0,0.0
44,2,4,1,False,0.6108714824935517,0.08277056711678377,4,qUCB,0.44,0.46,0.0,0.0,0.02,0.0,0.0,0.0,0.0,0.0,0.0,0.04,0.0,0.0,0.04
44,3,3,2,False,0.5059054116484183,0.10318190887160128,0,qEHVI,0.36,0.24,0.3,0.04,0.02,0.0,0.0,0.0,0.04,0.0,0.0,0.0,0.0,0.0,0.0
44,3,3,2,False,0.5059054116484183,0.10318190887160128,1,qEHVI,0.44,0.02,0.44,0.02,0.04,0.0,0.0,0.0,0.0,0.0,0.0,0.02,0.0,0.02,0.0
44,3,3,2,False,0.5059054116484183,0.10318190887160128,2,qEHVI,0.64,0.02,0.34,0.0,0.0,0.0,0.0,0.0,0.0,0.0,0.0,0.0,0.0,0.0,0.0
44,3,3,2,False,0.5059054116484183,0.10318190887160128,3,qUCB,0.44,0.46,0.0,0.0,0.02,0.0,0.0,0.0,0.0,0.0,0.0,0.04,0.0,0.0,0.04
44,3,3,2,False,0.5059054116484183,0.10318190887160128,4,qUCB,0.38,0.3,0.22,0.0,0.0,0.0,0.0,0.0,0.04,0.0,0.0,0.0,0.0,0.02,0.04
44,4,2,3,False,0.3875001969511029,0.06847390845661572,0,qEHVI,0.36,0.24,0.3,0.04,0.02,0.0,0.0,0.0,0.04,0.0,0.0,0.0,0.0,0.0,0.0
44,4,2,3,False,0.3875001969511029,0.06847390845661572,1,qEHVI,0.44,0.02,0.44,0.02,0.04,0.0,0.0,0.0,0.0,0.0,0.0,0.02,0.0,0.02,0.0
44,4,2,3,False,0.3875001969511029,0.06847390845661572,2,qUCB,0.5,0.42,0.0,0.0,0.0,0.0,0.0,0.0,0.0,0.0,0.0,0.04,0.0,0.0,0.04
44,4,2,3,False,0.3875001969511029,0.06847390845661572,3,qUCB,0.34,0.44,0.14,0.0,0.0,0.0,0.0,0.0,0.0,0.0,0.0,0.0,0.0,0.04,0.04
44,4,2,3,False,0.3875001969511029,0.06847390845661572,4,qUCB,0.2,0.62,0.1,0.0,0.0,0.0,0.0,0.0,0.0,0.0,0.0,0.04,0.0,0.0,0.04
44,5,1,4,False,0.2825654581424826,0.05593377620754891,0,qEHVI,0.36,0.24,0.3,0.04,0.02,0.0,0.0,0.0,0.04,0.0,0.0,0.0,0.0,0.0,0.0
44,5,1,4,False,0.2825654581424826,0.05593377620754891,1,qUCB,0.5,0.42,0.0,0.0,0.0,0.0,0.0,0.0,0.0,0.0,0.0,0.04,0.0,0.0,0.04
44,5,1,4,False,0.2825654581424826,0.05593377620754891,2,qUCB,0.38,0.46,0.06,0.0,0.0,0.0,0.0,0.0,0.0,0.0,0.0,0.04,0.0,0.04,0.02
44,5,1,4,False,0.2825654581424826,0.05593377620754891,3,qUCB,0.34,0.44,0.14,0.0,0.0,0.0,0.0,0.0,0.0,0.0,0.0,0.0,0.0,0.04,0.04
44,5,1,4,False,0.2825654581424826,0.05593377620754891,4,qUCB,0.28,0.06,0.56,0.0,0.0,0.0,0.0,0.0,0.0,0.0,0.0,0.04,0.0,0.02,0.04
44,6,0,5,False,0.09287332424211937,0.19182047391231993,0,qUCB,0.44,0.5,0.0,0.0,0.0,0.0,0.0,0.0,0.0,0.0,0.0,0.04,0.0,0.0,0.02
44,6,0,5,False,0.09287332424211937,0.19182047391231993,1,qUCB,0.34,0.34,0.22,0.0,0.04,0.0,0.0,0.0,0.04,0.0,0.0,0.02,0.0,0.0,0.0
44,6,0,5,False,0.09287332424211937,0.19182047391231993,2,qUCB,0.38,0.3,0.22,0.0,0.0,0.0,0.0,0.0,0.04,0.0,0.0,0.0,0.0,0.02,0.04
44,6,0,5,False,0.09287332424211937,0.19182047391231993,3,qUCB,0.72,0.02,0.18,0.04,0.0,0.0,0.0,0.0,0.0,0.0,0.0,0.0,0.0,0.0,0.04
44,6,0,5,False,0.09287332424211937,0.19182047391231993,4,qUCB,0.48,0.2,0.22,0.02,0.0,0.0,0.0,0.0,0.04,0.0,0.0,0.0,0.0,0.0,0.04
45,1,5,0,True,0.6180231441412063,0.032160425296853035,0,qEHVI,0.4,0.2,0.3,0.04,0.0,0.0,0.0,0.0,0.02,0.0,0.0,0.04,0.0,0.0,0.0
45,1,5,0,True,0.6180231441412063,0.032160425296853035,1,qEHVI,0.38,0.12,0.4,0.04,0.0,0.0,0.0,0.0,0.04,0.0,0.0,0.0,0.0,0.0,0.02
45,1,5,0,True,0.6180231441412063,0.032160425296853035,2,qEHVI,0.42,0.04,0.44,0.0,0.04,0.0,0.0,0.0,0.0,0.0,0.0,0.04,0.0,0.0,0.02
45,1,5,0,True,0.6180231441412063,0.032160425296853035,3,qEHVI,0.38,0.0,0.6,0.0,0.0,0.0,0.0,0.0,0.0,0.0,0.0,0.0,0.0,0.0,0.02
45,1,5,0,True,0.6180231441412063,0.032160425296853035,4,qEHVI,0.6,0.0,0.36,0.0,0.0,0.0,0.0,0.0,0.0,0.0,0.0,0.0,0.0,0.02,0.02
45,2,4,1,False,0.5627905562789046,0.012844822652622767,0,qEHVI,0.4,0.2,0.3,0.04,0.0,0.0,0.0,0.0,0.02,0.0,0.0,0.04,0.0,0.0,0.0
45,2,4,1,False,0.5627905562789046,0.012844822652622767,1,qEHVI,0.38,0.12,0.4,0.04,0.0,0.0,0.0,0.0,0.04,0.0,0.0,0.0,0.0,0.0,0.02
45,2,4,1,False,0.5627905562789046,0.012844822652622767,2,qEHVI,0.42,0.04,0.44,0.0,0.04,0.0,0.0,0.0,0.0,0.0,0.0,0.04,0.0,0.0,0.02
45,2,4,1,False,0.5627905562789046,0.012844822652622767,3,qEHVI,0.38,0.0,0.6,0.0,0.0,0.0,0.0,0.0,0.0,0.0,0.0,0.0,0.0,0.0,0.02
45,2,4,1,False,0.5627905562789046,0.012844822652622767,4,qUCB,0.54,0.36,0.02,0.0,0.0,0.0,0.0,0.0,0.0,0.0,0.0,0.04,0.0,0.04,0.0
45,3,3,2,False,0.5004427896395601,0.03686906946360935,0,qEHVI,0.4,0.2,0.3,0.04,0.0,0.0,0.0,0.0,0.02,0.0,0.0,0.04,0.0,0.0,0.0
45,3,3,2,False,0.5004427896395601,0.03686906946360935,1,qEHVI,0.38,0.12,0.4,0.04,0.0,0.0,0.0,0.0,0.04,0.0,0.0,0.0,0.0,0.0,0.02
45,3,3,2,False,0.5004427896395601,0.03686906946360935,2,qEHVI,0.42,0.04,0.44,0.0,0.04,0.0,0.0,0.0,0.0,0.0,0.0,0.04,0.0,0.0,0.02
45,3,3,2,False,0.5004427896395601,0.03686906946360935,3,qUCB,0.38,0.16,0.38,0.0,0.0,0.0,0.0,0.0,0.0,0.0,0.0,0.0,0.0,0.04,0.04
45,3,3,2,False,0.5004427896395601,0.03686906946360935,4,qUCB,0.3,0.46,0.16,0.0,0.0,0.0,0.0,0.0,0.0,0.0,0.0,0.0,0.0,0.04,0.04
45,4,2,3,False,0.3901050822052338,0.117385204557646,0,qEHVI,0.4,0.2,0.3,0.04,0.0,0.0,0.0,0.0,0.02,0.0,0.0,0.04,0.0,0.0,0.0
45,4,2,3,False,0.3901050822052338,0.117385204557646,1,qEHVI,0.38,0.12,0.4,0.04,0.0,0.0,0.0,0.0,0.04,0.0,0.0,0.0,0.0,0.0,0.02
45,4,2,3,False,0.3901050822052338,0.117385204557646,2,qUCB,0.46,0.08,0.36,0.0,0.04,0.0,0.0,0.0,0.0,0.0,0.0,0.0,0.0,0.04,0.02
45,4,2,3,False,0.3901050822052338,0.117385204557646,3,qUCB,0.58,0.14,0.18,0.0,0.04,0.0,0.0,0.0,0.0,0.0,0.0,0.0,0.0,0.04,0.02
45,4,2,3,False,0.3901050822052338,0.117385204557646,4,qUCB,0.34,0.42,0.14,0.0,0.04,0.0,0.0,0.0,0.0,0.0,0.0,0.0,0.0,0.02,0.04
45,5,1,4,False,0.29415275831987775,0.07353449667847123,0,qEHVI,0.4,0.2,0.3,0.04,0.0,0.0,0.0,0.0,0.02,0.0,0.0,0.04,0.0,0.0,0.0
45,5,1,4,False,0.29415275831987775,0.07353449667847123,1,qUCB,0.36,0.14,0.4,0.0,0.04,0.0,0.0,0.0,0.0,0.0,0.0,0.0,0.0,0.02,0.04
45,5,1,4,False,0.29415275831987775,0.07353449667847123,2,qUCB,0.34,0.42,0.14,0.0,0.04,0.0,0.0,0.0,0.0,0.0,0.0,0.0,0.0,0.02,0.04
45,5,1,4,False,0.29415275831987775,0.07353449667847123,3,qUCB,0.32,0.36,0.22,0.0,0.04,0.0,0.0,0.0,0.04,0.0,0.0,0.0,0.0,0.02,0.0
45,5,1,4,False,0.29415275831987775,0.07353449667847123,4,qUCB,0.58,0.14,0.18,0.0,0.04,0.0,0.0,0.0,0.0,0.0,0.0,0.0,0.0,0.04,0.02
45,6,0,5,False,0.061086383413097446,0.021068597526014796,0,qUCB,0.44,0.5,0.0,0.0,0.0,0.0,0.0,0.0,0.0,0.0,0.0,0.04,0.0,0.02,0.0
45,6,0,5,False,0.061086383413097446,0.021068597526014796,1,qUCB,0.32,0.36,0.22,0.0,0.04,0.0,0.0,0.0,0.04,0.0,0.0,0.0,0.0,0.02,0.0
45,6,0,5,False,0.061086383413097446,0.021068597526014796,2,qUCB,0.54,0.16,0.22,0.04,0.0,0.0,0.0,0.0,0.04,0.0,0.0,0.0,0.0,0.0,0.0
45,6,0,5,False,0.061086383413097446,0.021068597526014796,3,qUCB,0.26,0.1,0.54,0.04,0.04,0.0,0.0,0.0,0.0,0.0,0.0,0.02,0.0,0.0,0.0
45,6,0,5,False,0.061086383413097446,0.021068597526014796,4,qUCB,0.38,0.3,0.22,0.0,0.02,0.0,0.0,0.0,0.04,0.0,0.0,0.0,0.0,0.0,0.04
46,1,5,0,True,0.580973280346702,0.0681462984315857,0,qEHVI,0.4,0.16,0.4,0.0,0.0,0.0,0.0,0.0,0.0,0.0,0.0,0.04,0.0,0.0,0.0
46,1,5,0,True,0.580973280346702,0.0681462984315857,1,qEHVI,0.46,0.02,0.44,0.0,0.04,0.0,0.0,0.0,0.0,0.0,0.0,0.0,0.0,0.04,0.0
46,1,5,0,True,0.580973280346702,0.0681462984315857,2,qEHVI,0.38,0.24,0.3,0.04,0.0,0.0,0.0,0.0,0.02,0.0,0.0,0.02,0.0,0.0,0.0
46,1,5,0,True,0.580973280346702,0.0681462984315857,3,qEHVI,0.44,0.0,0.48,0.0,0.04,0.0,0.0,0.0,0.0,0.0,0.0,0.0,0.0,0.0,0.04
46,1,5,0,True,0.580973280346702,0.0681462984315857,4,qEHVI,0.38,0.2,0.4,0.02,0.0,0.0,0.0,0.0,0.0,0.0,0.0,0.0,0.0,0.0,0.0
46,2,4,1,False,0.5229660642477583,0.03242274089358865,0,qEHVI,0.4,0.16,0.4,0.0,0.0,0.0,0.0,0.0,0.0,0.0,0.0,0.04,0.0,0.0,0.0
46,2,4,1,False,0.5229660642477583,0.03242274089358865,1,qEHVI,0.46,0.02,0.44,0.0,0.04,0.0,0.0,0.0,0.0,0.0,0.0,0.0,0.0,0.04,0.0
46,2,4,1,False,0.5229660642477583,0.03242274089358865,2,qEHVI,0.38,0.24,0.3,0.04,0.0,0.0,0.0,0.0,0.02,0.0,0.0,0.02,0.0,0.0,0.0
46,2,4,1,False,0.5229660642477583,0.03242274089358865,3,qEHVI,0.44,0.0,0.48,0.0,0.04,0.0,0.0,0.0,0.0,0.0,0.0,0.0,0.0,0.0,0.04
46,2,4,1,False,0.5229660642477583,0.03242274089358865,4,qUCB,0.62,0.2,0.08,0.0,0.0,0.0,0.0,0.0,0.02,0.0,0.0,0.0,0.0,0.04,0.04
46,3,3,2,False,0.4151124352137099,0.013750912106580415,0,qEHVI,0.4,0.16,0.4,0.0,0.0,0.0,0.0,0.0,0.0,0.0,0.0,0.04,0.0,0.0,0.0
46,3,3,2,False,0.4151124352137099,0.013750912106580415,1,qEHVI,0.46,0.02,0.44,0.0,0.04,0.0,0.0,0.0,0.0,0.0,0.0,0.0,0.0,0.04,0.0
46,3,3,2,False,0.4151124352137099,0.013750912106580415,2,qEHVI,0.38,0.24,0.3,0.04,0.0,0.0,0.0,0.0,0.02,0.0,0.0,0.02,0.0,0.0,0.0
46,3,3,2,False,0.4151124352137099,0.013750912106580415,3,qUCB,0.46,0.04,0.4,0.0,0.02,0.0,0.0,0.0,0.04,0.0,0.0,0.0,0.0,0.0,0.04
46,3,3,2,False,0.4151124352137099,0.013750912106580415,4,qUCB,0.32,0.44,0.14,0.0,0.0,0.0,0.0,0.0,0.04,0.0,0.0,0.0,0.0,0.02,0.04
46,4,2,3,False,0.373410731596766,0.03406832971457696,0,qEHVI,0.4,0.16,0.4,0.0,0.0,0.0,0.0,0.0,0.0,0.0,0.0,0.04,0.0,0.0,0.0
46,4,2,3,False,0.373410731596766,0.03406832971457696,1,qEHVI,0.46,0.02,0.44,0.0,0.04,0.0,0.0,0.0,0.0,0.0,0.0,0.0,0.0,0.04,0.0
46,4,2,3,False,0.373410731596766,0.03406832971457696,2,qUCB,0.4,0.12,0.38,0.04,0.0,0.0,0.0,0.0,0.04,0.0,0.0,0.0,0.0,0.02,0.0
46,4,2,3,False,0.373410731596766,0.03406832971457696,3,qUCB,0.56,0.16,0.18,0.04,0.0,0.0,0.0,0.0,0.0,0.0,0.0,0.0,0.0,0.02,0.04
46,4,2,3,False,0.373410731596766,0.03406832971457696,4,qUCB,0.32,0.44,0.14,0.0,0.0,0.0,0.0,0.0,0.04,0.0,0.0,0.0,0.0,0.02,0.04
46,5,1,4,False,0.3281018240123283,0.10494761824819232,0,qEHVI,0.4,0.16,0.4,0.0,0.0,0.0,0.0,0.0,0.0,0.0,0.0,0.04,0.0,0.0,0.0
46,5,1,4,False,0.3281018240123283,0.10494761824819232,1,qUCB,0.44,0.1,0.36,0.04,0.04,0.0,0.0,0.0,0.0,0.0,0.0,0.0,0.0,0.0,0.02
46,5,1,4,False,0.3281018240123283,0.10494761824819232,2,qUCB,0.3,0.36,0.24,0.0,0.04,0.0,0.0,0.0,0.04,0.0,0.0,0.0,0.0,0.02,0.0
46,5,1,4,False,0.3281018240123283,0.10494761824819232,3,qUCB,0.72,0.02,0.18,0.04,0.04,0.0,0.0,0.0,0.0,0.0,0.0,0.0,0.0,0.0,0.0
46,5,1,4,False,0.3281018240123283,0.10494761824819232,4,qUCB,0.56,0.16,0.18,0.04,0.0,0.0,0.0,0.0,0.0,0.0,0.0,0.0,0.0,0.02,0.04
46,6,0,5,False,0.08561360635326896,0.11770124507940061,0,qUCB,0.48,0.42,0.0,0.0,0.02,0.0,0.0,0.0,0.0,0.0,0.0,0.04,0.0,0.04,0.0
46,6,0,5,False,0.08561360635326896,0.11770124507940061,1,qUCB,0.72,0.02,0.18,0.04,0.04,0.0,0.0,0.0,0.0,0.0,0.0,0.0,0.0,0.0,0.0
46,6,0,5,False,0.08561360635326896,0.11770124507940061,2,qUCB,0.3,0.36,0.24,0.0,0.04,0.0,0.0,0.0,0.04,0.0,0.0,0.0,0.0,0.02,0.0
46,6,0,5,False,0.08561360635326896,0.11770124507940061,3,qUCB,0.6,0.14,0.2,0.02,0.0,0.0,0.0,0.0,0.0,0.0,0.0,0.0,0.0,0.04,0.0
46,6,0,5,False,0.08561360635326896,0.11770124507940061,4,qUCB,0.36,0.4,0.2,0.0,0.04,0.0,0.0,0.0,0.0,0.0,0.0,0.0,0.0,0.0,0.0
47,1,5,0,True,0.5801460164995671,0.425526762980617,0,qEHVI,0.4,0.18,0.32,0.04,0.02,0.0,0.0,0.0,0.0,0.0,0.0,0.02,0.0,0.02,0.0
47,1,5,0,True,0.5801460164995671,0.425526762980617,1,qEHVI,0.58,0.0,0.36,0.0,0.0,0.0,0.0,0.0,0.04,0.0,0.0,0.0,0.0,0.02,0.0
47,1,5,0,True,0.5801460164995671,0.425526762980617,2,qEHVI,0.68,0.3,0.0,0.0,0.0,0.0,0.0,0.0,0.0,0.0,0.0,0.0,0.0,0.02,0.0
47,1,5,0,True,0.5801460164995671,0.425526762980617,3,qEHVI,0.34,0.26,0.3,0.04,0.04,0.0,0.0,0.0,0.0,0.0,0.0,0.0,0.0,0.0,0.02
47,1,5,0,True,0.5801460164995671,0.425526762980617,4,qEHVI,0.38,0.2,0.4,0.0,0.0,0.0,0.0,0.0,0.0,0.0,0.0,0.0,0.0,0.02,0.0
47,2,4,1,False,0.5278746493136327,0.04784844965004176,0,qEHVI,0.4,0.18,0.32,0.04,0.02,0.0,0.0,0.0,0.0,0.0,0.0,0.02,0.0,0.02,0.0
47,2,4,1,False,0.5278746493136327,0.04784844965004176,1,qEHVI,0.58,0.0,0.36,0.0,0.0,0.0,0.0,0.0,0.04,0.0,0.0,0.0,0.0,0.02,0.0
47,2,4,1,False,0.5278746493136327,0.04784844965004176,2,qEHVI,0.68,0.3,0.0,0.0,0.0,0.0,0.0,0.0,0.0,0.0,0.0,0.0,0.0,0.02,0.0
47,2,4,1,False,0.5278746493136327,0.04784844965004176,3,qEHVI,0.34,0.26,0.3,0.04,0.04,0.0,0.0,0.0,0.0,0.0,0.0,0.0,0.0,0.0,0.02
47,2,4,1,False,0.5278746493136327,0.04784844965004176,4,qUCB,0.38,0.48,0.04,0.0,0.02,0.0,0.0,0.0,0.0,0.0,0.0,0.04,0.0,0.0,0.04
47,3,3,2,False,0.41508995069283766,0.11067816503397054,0,qEHVI,0.4,0.18,0.32,0.04,0.02,0.0,0.0,0.0,0.0,0.0,0.0,0.02,0.0,0.02,0.0
47,3,3,2,False,0.41508995069283766,0.11067816503397054,1,qEHVI,0.58,0.0,0.36,0.0,0.0,0.0,0.0,0.0,0.04,0.0,0.0,0.0,0.0,0.02,0.0
47,3,3,2,False,0.41508995069283766,0.11067816503397054,2,qEHVI,0.68,0.3,0.0,0.0,0.0,0.0,0.0,0.0,0.0,0.0,0.0,0.0,0.0,0.02,0.0
47,3,3,2,False,0.41508995069283766,0.11067816503397054,3,qUCB,0.38,0.48,0.04,0.0,0.02,0.0,0.0,0.0,0.0,0.0,0.0,0.04,0.0,0.0,0.04
47,3,3,2,False,0.41508995069283766,0.11067816503397054,4,qUCB,0.26,0.5,0.14,0.0,0.04,0.0,0.0,0.0,0.02,0.0,0.0,0.0,0.0,0.0,0.04
47,4,2,3,False,0.2991774250514411,0.013514821413696865,0,qEHVI,0.4,0.18,0.32,0.04,0.02,0.0,0.0,0.0,0.0,0.0,0.0,0.02,0.0,0.02,0.0
47,4,2,3,False,0.2991774250514411,0.013514821413696865,1,qEHVI,0.58,0.0,0.36,0.0,0.0,0.0,0.0,0.0,0.04,0.0,0.0,0.0,0.0,0.02,0.0
47,4,2,3,False,0.2991774250514411,0.013514821413696865,2,qUCB,0.46,0.42,0.04,0.0,0.0,0.0,0.0,0.0,0.0,0.0,0.0,0.04,0.0,0.0,0.04
47,4,2,3,False,0.2991774250514411,0.013514821413696865,3,qUCB,0.26,0.5,0.14,0.0,0.04,0.0,0.0,0.0,0.02,0.0,0.0,0.0,0.0,0.0,0.04
47,4,2,3,False,0.2991774250514411,0.013514821413696865,4,qUCB,0.24,0.58,0.08,0.0,0.0,0.0,0.0,0.0,0.02,0.0,0.0,0.04,0.0,0.0,0.04
47,5,1,4,False,0.284091374224719,0.24749145150036433,0,qEHVI,0.4,0.18,0.32,0.04,0.02,0.0,0.0,0.0,0.0,0.0,0.0,0.02,0.0,0.02,0.0
47,5,1,4,False,0.284091374224719,0.24749145150036433,1,qUCB,0.4,0.16,0.36,0.0,0.0,0.0,0.0,0.0,0.04,0.0,0.0,0.0,0.0,0.0,0.04
47,5,1,4,False,0.284091374224719,0.24749145150036433,2,qUCB,0.3,0.38,0.22,0.0,0.0,0.0,0.0,0.0,0.04,0.0,0.0,0.02,0.0,0.0,0.04
47,5,1,4,False,0.284091374224719,0.24749145150036433,3,qUCB,0.64,0.2,0.06,0.0,0.0,0.0,0.0,0.0,0.04,0.0,0.0,0.02,0.0,0.0,0.04
47,5,1,4,False,0.284091374224719,0.24749145150036433,4,qUCB,0.56,0.14,0.2,0.0,0.02,0.0,0.0,0.0,0.04,0.0,0.0,0.0,0.0,0.0,0.04
47,6,0,5,False,0.09994513393918862,0.011464258007521488,0,qUCB,0.46,0.46,0.0,0.0,0.0,0.0,0.0,0.0,0.0,0.0,0.0,0.04,0.0,0.04,0.0
47,6,0,5,False,0.09994513393918862,0.011464258007521488,1,qUCB,0.34,0.38,0.22,0.0,0.0,0.0,0.0,0.0,0.04,0.0,0.0,0.0,0.0,0.02,0.0
47,6,0,5,False,0.09994513393918862,0.011464258007521488,2,qUCB,0.58,0.12,0.2,0.04,0.0,0.0,0.0,0.0,0.0,0.0,0.0,0.0,0.0,0.04,0.02
47,6,0,5,False,0.09994513393918862,0.011464258007521488,3,qUCB,0.76,0.0,0.18,0.04,0.0,0.0,0.0,0.0,0.0,0.0,0.0,0.0,0.0,0.0,0.02
47,6,0,5,False,0.09994513393918862,0.011464258007521488,4,qUCB,0.36,0.32,0.22,0.0,0.04,0.0,0.0,0.0,0.0,0.0,0.0,0.04,0.0,0.02,0.0
48,1,5,0,True,0.7408365650750492,0.014047740142762555,0,qEHVI,0.48,0.08,0.34,0.0,0.04,0.0,0.0,0.0,0.02,0.0,0.0,0.0,0.0,0.0,0.04
48,1,5,0,True,0.7408365650750492,0.014047740142762555,1,qEHVI,0.36,0.24,0.3,0.04,0.0,0.0,0.0,0.0,0.0,0.0,0.0,0.04,0.0,0.02,0.0
48,1,5,0,True,0.7408365650750492,0.014047740142762555,2,qEHVI,0.0,0.3,0.68,0.0,0.0,0.0,0.0,0.0,0.0,0.0,0.0,0.0,0.0,0.0,0.02
48,1,5,0,True,0.7408365650750492,0.014047740142762555,3,qEHVI,0.64,0.2,0.06,0.0,0.0,0.0,0.0,0.0,0.04,0.0,0.0,0.0,0.0,0.04,0.02
48,1,5,0,True,0.7408365650750492,0.014047740142762555,4,qEHVI,0.0,0.7000000000000001,0.22,0.04,0.0,0.0,0.0,0.0,0.02,0.0,0.0,0.0,0.0,0.0,0.02
48,2,4,1,False,0.7090879143727068,0.13914314172129227,0,qEHVI,0.48,0.08,0.34,0.0,0.04,0.0,0.0,0.0,0.02,0.0,0.0,0.0,0.0,0.0,0.04
48,2,4,1,False,0.7090879143727068,0.13914314172129227,1,qEHVI,0.36,0.24,0.3,0.04,0.0,0.0,0.0,0.0,0.0,0.0,0.0,0.04,0.0,0.02,0.0
48,2,4,1,False,0.7090879143727068,0.13914314172129227,2,qEHVI,0.0,0.3,0.68,0.0,0.0,0.0,0.0,0.0,0.0,0.0,0.0,0.0,0.0,0.0,0.02
48,2,4,1,False,0.7090879143727068,0.13914314172129227,3,qEHVI,0.64,0.2,0.06,0.0,0.0,0.0,0.0,0.0,0.04,0.0,0.0,0.0,0.0,0.04,0.02
48,2,4,1,False,0.7090879143727068,0.13914314172129227,4,qUCB,0.62,0.1,0.2,0.04,0.0,0.0,0.0,0.0,0.0,0.0,0.0,0.0,0.0,0.0,0.04
48,3,3,2,False,0.5856815358248003,0.035021705781108636,0,qEHVI,0.48,0.08,0.34,0.0,0.04,0.0,0.0,0.0,0.02,0.0,0.0,0.0,0.0,0.0,0.04
48,3,3,2,False,0.5856815358248003,0.035021705781108636,1,qEHVI,0.0,0.3,0.68,0.0,0.0,0.0,0.0,0.0,0.0,0.0,0.0,0.0,0.0,0.0,0.02
48,3,3,2,False,0.5856815358248003,0.035021705781108636,2,qEHVI,0.36,0.24,0.3,0.04,0.0,0.0,0.0,0.0,0.0,0.0,0.0,0.04,0.0,0.02,0.0
48,3,3,2,False,0.5856815358248003,0.035021705781108636,3,qUCB,0.6,0.1,0.22,0.0,0.0,0.0,0.0,0.0,0.04,0.0,0.0,0.0,0.0,0.04,0.0
48,3,3,2,False,0.5856815358248003,0.035021705781108636,4,qUCB,0.8200000000000001,0.0,0.1,0.0,0.0,0.0,0.0,0.0,0.04,0.0,0.0,0.0,0.0,0.04,0.0
48,4,2,3,False,0.4394626805756135,0.28260267631759484,0,qEHVI,0.48,0.08,0.34,0.0,0.04,0.0,0.0,0.0,0.02,0.0,0.0,0.0,0.0,0.0,0.04
48,4,2,3,False,0.4394626805756135,0.28260267631759484,1,qEHVI,0.0,0.3,0.68,0.0,0.0,0.0,0.0,0.0,0.0,0.0,0.0,0.0,0.0,0.0,0.02
48,4,2,3,False,0.4394626805756135,0.28260267631759484,2,qUCB,0.52,0.36,0.02,0.0,0.02,0.0,0.0,0.0,0.0,0.0,0.0,0.04,0.0,0.04,0.0
48,4,2,3,False,0.4394626805756135,0.28260267631759484,3,qUCB,0.58,0.1,0.22,0.04,0.02,0.0,0.0,0.0,0.0,0.0,0.0,0.0,0.0,0.04,0.0
48,4,2,3,False,0.4394626805756135,0.28260267631759484,4,qUCB,0.7000000000000001,0.02,0.18,0.04,0.0,0.0,0.0,0.0,0.0,0.0,0.0,0.04,0.0,0.02,0.0
48,5,1,4,False,0.44118492561671807,0.013059746678038664,0,qEHVI,0.48,0.08,0.34,0.0,0.04,0.0,0.0,0.0,0.02,0.0,0.0,0.0,0.0,0.0,0.04
48,5,1,4,False,0.44118492561671807,0.013059746678038664,1,qUCB,0.42,0.12,0.36,0.04,0.0,0.0,0.0,0.0,0.0,0.0,0.0,0.02,0.0,0.04,0.0
48,5,1,4,False,0.44118492561671807,0.013059746678038664,2,qUCB,0.52,0.16,0.24,0.04,0.0,0.0,0.0,0.0,0.0,0.0,0.0,0.0,0.0,0.04,0.0
48,5,1,4,False,0.44118492561671807,0.013059746678038664,3,qUCB,0.0,0.52,0.44,0.0,0.0,0.0,0.0,0.0,0.0,0.0,0.0,0.0,0.0,0.04,0.0
48,5,1,4,False,0.44118492561671807,0.013059746678038664,4,qUCB,0.26,0.48,0.16,0.04,0.0,0.0,0.0,0.0,0.0,0.0,0.0,0.02,0.0,0.04,0.0
48,6,0,5,False,0.32669506379846996,0.10261228781021892,0,qUCB,0.4,0.46,0.04,0.0,0.04,0.0,0.0,0.0,0.0,0.0,0.0,0.04,0.0,0.0,0.02
48,6,0,5,False,0.32669506379846996,0.10261228781021892,1,qUCB,0.6,0.12,0.22,0.04,0.0,0.0,0.0,0.0,0.02,0.0,0.0,0.0,0.0,0.0,0.0
48,6,0,5,False,0.32669506379846996,0.10261228781021892,2,qUCB,0.02,0.56,0.4,0.0,0.0,0.0,0.0,0.0,0.0,0.0,0.0,0.0,0.0,0.0,0.02
48,6,0,5,False,0.32669506379846996,0.10261228781021892,3,qUCB,0.0,0.52,0.44,0.0,0.0,0.0,0.0,0.0,0.0,0.0,0.0,0.0,0.0,0.04,0.0
48,6,0,5,False,0.32669506379846996,0.10261228781021892,4,qUCB,0.54,0.16,0.2,0.0,0.0,0.0,0.0,0.0,0.02,0.0,0.0,0.0,0.0,0.04,0.04
49,1,5,0,True,0.5432924251221761,0.1362750650642699,0,qEHVI,0.38,0.16,0.38,0.0,0.0,0.0,0.0,0.0,0.04,0.0,0.0,0.04,0.0,0.0,0.0
49,1,5,0,True,0.5432924251221761,0.1362750650642699,1,qEHVI,0.44,0.02,0.44,0.02,0.04,0.0,0.0,0.0,0.02,0.0,0.0,0.0,0.0,0.02,0.0
49,1,5,0,True,0.5432924251221761,0.1362750650642699,2,qEHVI,0.4,0.2,0.3,0.04,0.04,0.0,0.0,0.0,0.0,0.0,0.0,0.0,0.0,0.02,0.0
49,1,5,0,True,0.5432924251221761,0.1362750650642699,3,qEHVI,0.68,0.26,0.0,0.0,0.02,0.0,0.0,0.0,0.0,0.0,0.0,0.0,0.0,0.02,0.02
49,1,5,0,True,0.5432924251221761,0.1362750650642699,4,qEHVI,0.5,0.0,0.46,0.02,0.0,0.0,0.0,0.0,0.0,0.0,0.0,0.02,0.0,0.0,0.0
49,2,4,1,False,0.5054157624157622,0.04128552246252859,0,qEHVI,0.38,0.16,0.38,0.0,0.0,0.0,0.0,0.0,0.04,0.0,0.0,0.04,0.0,0.0,0.0
49,2,4,1,False,0.5054157624157622,0.04128552246252859,1,qEHVI,0.44,0.02,0.44,0.02,0.04,0.0,0.0,0.0,0.02,0.0,0.0,0.0,0.0,0.02,0.0
49,2,4,1,False,0.5054157624157622,0.04128552246252859,2,qEHVI,0.4,0.2,0.3,0.04,0.04,0.0,0.0,0.0,0.0,0.0,0.0,0.0,0.0,0.02,0.0
49,2,4,1,False,0.5054157624157622,0.04128552246252859,3,qEHVI,0.68,0.26,0.0,0.0,0.02,0.0,0.0,0.0,0.0,0.0,0.0,0.0,0.0,0.02,0.02
49,2,4,1,False,0.5054157624157622,0.04128552246252859,4,qUCB,0.46,0.44,0.02,0.0,0.0,0.0,0.0,0.0,0.0,0.0,0.0,0.04,0.0,0.0,0.04
49,3,3,2,False,0.39152051058560144,0.011768280324883307,0,qEHVI,0.38,0.16,0.38,0.0,0.0,0.0,0.0,0.0,0.04,0.0,0.0,0.04,0.0,0.0,0.0
49,3,3,2,False,0.39152051058560144,0.011768280324883307,1,qEHVI,0.44,0.02,0.44,0.02,0.04,0.0,0.0,0.0,0.02,0.0,0.0,0.0,0.0,0.02,0.0
49,3,3,2,False,0.39152051058560144,0.011768280324883307,2,qEHVI,0.4,0.2,0.3,0.04,0.04,0.0,0.0,0.0,0.0,0.0,0.0,0.0,0.0,0.02,0.0
49,3,3,2,False,0.39152051058560144,0.011768280324883307,3,qUCB,0.44,0.46,0.0,0.0,0.0,0.0,0.0,0.0,0.0,0.0,0.0,0.02,0.0,0.04,0.04
49,3,3,2,False,0.39152051058560144,0.011768280324883307,4,qUCB,0.28,0.48,0.14,0.0,0.0,0.0,0.0,0.0,0.02,0.0,0.0,0.0,0.0,0.04,0.04
49,4,2,3,False,0.31336748669314013,0.011246979207106378,0,qEHVI,0.38,0.16,0.38,0.0,0.0,0.0,0.0,0.0,0.04,0.0,0.0,0.04,0.0,0.0,0.0
49,4,2,3,False,0.31336748669314013,0.011246979207106378,1,qEHVI,0.44,0.02,0.44,0.02,0.04,0.0,0.0,0.0,0.02,0.0,0.0,0.0,0.0,0.02,0.0
49,4,2,3,False,0.31336748669314013,0.011246979207106378,2,qUCB,0.44,0.46,0.0,0.0,0.0,0.0,0.0,0.0,0.0,0.0,0.0,0.02,0.0,0.04,0.04
49,4,2,3,False,0.31336748669314013,0.011246979207106378,3,qUCB,0.24,0.6,0.06,0.04,0.0,0.0,0.0,0.0,0.0,0.0,0.0,0.02,0.0,0.0,0.04
49,4,2,3,False,0.31336748669314013,0.011246979207106378,4,qUCB,0.28,0.48,0.14,0.0,0.0,0.0,0.0,0.0,0.02,0.0,0.0,0.0,0.0,0.04,0.04
49,5,1,4,False,0.26183473185906847,0.038373824800604694,0,qEHVI,0.38,0.16,0.38,0.0,0.0,0.0,0.0,0.0,0.04,0.0,0.0,0.04,0.0,0.0,0.0
49,5,1,4,False,0.26183473185906847,0.038373824800604694,1,qUCB,0.44,0.06,0.4,0.02,0.0,0.0,0.0,0.0,0.0,0.0,0.0,0.0,0.0,0.04,0.04
49,5,1,4,False,0.26183473185906847,0.038373824800604694,2,qUCB,0.62,0.08,0.2,0.04,0.04,0.0,0.0,0.0,0.0,0.0,0.0,0.0,0.0,0.0,0.02
49,5,1,4,False,0.26183473185906847,0.038373824800604694,3,qUCB,0.8200000000000001,0.02,0.08,0.0,0.0,0.0,0.0,0.0,0.0,0.0,0.0,0.0,0.0,0.04,0.04
49,5,1,4,False,0.26183473185906847,0.038373824800604694,4,qUCB,0.32,0.4,0.18,0.0,0.04,0.0,0.0,0.0,0.0,0.0,0.0,0.0,0.0,0.02,0.04
49,6,0,5,False,0.10037409529959002,0.0691501967078838,0,qUCB,0.46,0.44,0.02,0.0,0.0,0.0,0.0,0.0,0.0,0.0,0.0,0.04,0.0,0.0,0.04
49,6,0,5,False,0.10037409529959002,0.0691501967078838,1,qUCB,0.34,0.34,0.22,0.0,0.02,0.0,0.0,0.0,0.04,0.0,0.0,0.0,0.0,0.0,0.04
49,6,0,5,False,0.10037409529959002,0.0691501967078838,2,qUCB,0.56,0.14,0.2,0.04,0.0,0.0,0.0,0.0,0.02,0.0,0.0,0.0,0.0,0.0,0.04
49,6,0,5,False,0.10037409529959002,0.0691501967078838,3,qUCB,0.28,0.48,0.14,0.0,0.0,0.0,0.0,0.0,0.02,0.0,0.0,0.0,0.0,0.04,0.04
49,6,0,5,False,0.10037409529959002,0.0691501967078838,4,qUCB,0.26,0.48,0.16,0.04,0.0,0.0,0.0,0.0,0.02,0.0,0.0,0.0,0.0,0.0,0.04
50,1,5,0,True,0.7282747798161464,0.062243986324195255,0,qEHVI,0.66,0.0,0.34,0.0,0.0,0.0,0.0,0.0,0.0,0.0,0.0,0.0,0.0,0.0,0.0
50,1,5,0,True,0.7282747798161464,0.062243986324195255,1,qEHVI,0.0,0.36,0.6,0.0,0.0,0.0,0.0,0.0,0.0,0.0,0.0,0.04,0.0,0.0,0.0
50,1,5,0,True,0.7282747798161464,0.062243986324195255,2,qEHVI,0.7000000000000001,0.22,0.0,0.0,0.0,0.0,0.0,0.0,0.0,0.0,0.0,0.04,0.0,0.0,0.04
50,1,5,0,True,0.7282747798161464,0.062243986324195255,3,qEHVI,0.46,0.08,0.36,0.04,0.04,0.0,0.0,0.0,0.0,0.0,0.0,0.0,0.0,0.02,0.0
50,1,5,0,True,0.7282747798161464,0.062243986324195255,4,qEHVI,0.02,0.38,0.58,0.0,0.0,0.0,0.0,0.0,0.0,0.0,0.0,0.0,0.0,0.0,0.02
50,2,4,1,False,0.6903124566916496,0.021499012796263983,0,qEHVI,0.66,0.0,0.34,0.0,0.0,0.0,0.0,0.0,0.0,0.0,0.0,0.0,0.0,0.0,0.0
50,2,4,1,False,0.6903124566916496,0.021499012796263983,1,qEHVI,0.0,0.36,0.6,0.0,0.0,0.0,0.0,0.0,0.0,0.0,0.0,0.04,0.0,0.0,0.0
50,2,4,1,False,0.6903124566916496,0.021499012796263983,2,qEHVI,0.7000000000000001,0.22,0.0,0.0,0.0,0.0,0.0,0.0,0.0,0.0,0.0,0.04,0.0,0.0,0.04
50,2,4,1,False,0.6903124566916496,0.021499012796263983,3,qEHVI,0.02,0.38,0.58,0.0,0.0,0.0,0.0,0.0,0.0,0.0,0.0,0.0,0.0,0.0,0.02
50,2,4,1,False,0.6903124566916496,0.021499012796263983,4,qUCB,0.42,0.1,0.38,0.04,0.0,0.0,0.0,0.0,0.0,0.0,0.0,0.02,0.0,0.04,0.0
50,3,3,2,False,0.5897115659686737,0.05633268738398689,0,qEHVI,0.66,0.0,0.34,0.0,0.0,0.0,0.0,0.0,0.0,0.0,0.0,0.0,0.0,0.0,0.0
50,3,3,2,False,0.5897115659686737,0.05633268738398689,1,qEHVI,0.0,0.36,0.6,0.0,0.0,0.0,0.0,0.0,0.0,0.0,0.0,0.04,0.0,0.0,0.0
50,3,3,2,False,0.5897115659686737,0.05633268738398689,2,qEHVI,0.7000000000000001,0.22,0.0,0.0,0.0,0.0,0.0,0.0,0.0,0.0,0.0,0.04,0.0,0.0,0.04
50,3,3,2,False,0.5897115659686737,0.05633268738398689,3,qUCB,0.42,0.1,0.38,0.04,0.0,0.0,0.0,0.0,0.0,0.0,0.0,0.02,0.0,0.04,0.0
50,3,3,2,False,0.5897115659686737,0.05633268738398689,4,qUCB,0.3,0.52,0.08,0.04,0.04,0.0,0.0,0.0,0.0,0.0,0.0,0.0,0.0,0.02,0.0
50,4,2,3,False,0.5256712103237897,0.012889261056959755,0,qEHVI,0.66,0.0,0.34,0.0,0.0,0.0,0.0,0.0,0.0,0.0,0.0,0.0,0.0,0.0,0.0
50,4,2,3,False,0.5256712103237897,0.012889261056959755,1,qEHVI,0.0,0.36,0.6,0.0,0.0,0.0,0.0,0.0,0.0,0.0,0.0,0.04,0.0,0.0,0.0
50,4,2,3,False,0.5256712103237897,0.012889261056959755,2,qUCB,0.42,0.1,0.38,0.04,0.0,0.0,0.0,0.0,0.0,0.0,0.0,0.02,0.0,0.04,0.0
50,4,2,3,False,0.5256712103237897,0.012889261056959755,3,qUCB,0.3,0.52,0.08,0.04,0.04,0.0,0.0,0.0,0.0,0.0,0.0,0.0,0.0,0.02,0.0
50,4,2,3,False,0.5256712103237897,0.012889261056959755,4,qUCB,0.56,0.12,0.22,0.04,0.04,0.0,0.0,0.0,0.02,0.0,0.0,0.0,0.0,0.0,0.0
50,5,1,4,False,0.3829268709379447,0.0229710974327606,0,qEHVI,0.66,0.0,0.34,0.0,0.0,0.0,0.0,0.0,0.0,0.0,0.0,0.0,0.0,0.0,0.0
50,5,1,4,False,0.3829268709379447,0.0229710974327606,1,qUCB,0.44,0.44,0.02,0.0,0.0,0.0,0.0,0.0,0.0,0.0,0.0,0.04,0.0,0.04,0.02
50,5,1,4,False,0.3829268709379447,0.0229710974327606,2,qUCB,0.0,0.14,0.76,0.04,0.0,0.0,0.0,0.0,0.02,0.0,0.0,0.04,0.0,0.0,0.0
50,5,1,4,False,0.3829268709379447,0.0229710974327606,3,qUCB,0.3,0.52,0.08,0.04,0.04,0.0,0.0,0.0,0.0,0.0,0.0,0.0,0.0,0.02,0.0
50,5,1,4,False,0.3829268709379447,0.0229710974327606,4,qUCB,0.0,0.54,0.4,0.0,0.0,0.0,0.0,0.0,0.04,0.0,0.0,0.0,0.0,0.02,0.0
50,6,0,5,False,0.13237890553260293,0.04445338837898971,0,qUCB,0.44,0.44,0.02,0.0,0.0,0.0,0.0,0.0,0.0,0.0,0.0,0.04,0.0,0.04,0.02
50,6,0,5,False,0.13237890553260293,0.04445338837898971,1,qUCB,0.54,0.2,0.22,0.04,0.0,0.0,0.0,0.0,0.0,0.0,0.0,0.0,0.0,0.0,0.0
50,6,0,5,False,0.13237890553260293,0.04445338837898971,2,qUCB,0.02,0.56,0.4,0.0,0.0,0.0,0.0,0.0,0.02,0.0,0.0,0.0,0.0,0.0,0.0
50,6,0,5,False,0.13237890553260293,0.04445338837898971,3,qUCB,0.54,0.28,0.18,0.0,0.0,0.0,0.0,0.0,0.0,0.0,0.0,0.0,0.0,0.0,0.0
50,6,0,5,False,0.13237890553260293,0.04445338837898971,4,qUCB,0.56,0.12,0.22,0.04,0.04,0.0,0.0,0.0,0.02,0.0,0.0,0.0,0.0,0.0,0.0
