iteration,option,n_opt,n_exp,selected,full_qehvi,full_entropy,point_idx,source,x_0,x_1,x_2,x_3,x_4,x_5,x_6,x_7,x_8,x_9,x_10,x_11,x_12,x_13,x_14
1,1,5,0,True,3.6408310204666186,0.5209930661665609,0,qEHVI,0.22,0.64,0.04,0.04,0.02,0.0,0.0,0.0,0.0,0.0,0.0,0.02,0.0,0.0,0.02
1,1,5,0,True,3.6408310204666186,0.5209930661665609,1,qEHVI,0.04,0.0,0.86,0.04,0.02,0.0,0.0,0.0,0.0,0.0,0.0,0.0,0.0,0.0,0.04
1,1,5,0,True,3.6408310204666186,0.5209930661665609,2,qEHVI,0.02,0.9,0.04,0.0,0.0,0.0,0.0,0.0,0.0,0.0,0.0,0.04,0.0,0.0,0.0
1,1,5,0,True,3.6408310204666186,0.5209930661665609,3,qEHVI,0.0,0.0,0.9,0.04,0.0,0.0,0.0,0.0,0.02,0.0,0.0,0.0,0.0,0.0,0.04
1,1,5,0,True,3.6408310204666186,0.5209930661665609,4,qEHVI,0.0,0.8200000000000001,0.08,0.0,0.02,0.0,0.0,0.0,0.04,0.0,0.0,0.0,0.0,0.04,0.0
1,2,4,1,False,3.7671616886205928,1.343003592510163,0,qEHVI,0.28,0.66,0.0,0.0,0.02,0.0,0.0,0.0,0.0,0.0,0.0,0.0,0.0,0.0,0.04
1,2,4,1,False,3.7671616886205928,1.343003592510163,1,qEHVI,0.04,0.0,0.86,0.04,0.02,0.0,0.0,0.0,0.0,0.0,0.0,0.0,0.0,0.0,0.04
1,2,4,1,False,3.7671616886205928,1.343003592510163,2,qEHVI,0.24,0.6,0.06,0.04,0.02,0.0,0.0,0.0,0.0,0.0,0.0,0.0,0.0,0.04,0.0
1,2,4,1,False,3.7671616886205928,1.343003592510163,3,qEHVI,0.84,0.02,0.06,0.04,0.02,0.0,0.0,0.0,0.02,0.0,0.0,0.0,0.0,0.0,0.0
1,2,4,1,False,3.7671616886205928,1.343003592510163,4,qUCB,0.0,0.16,0.74,0.0,0.02,0.0,0.0,0.0,0.04,0.0,0.0,0.04,0.0,0.0,0.0
1,3,3,2,False,3.912347257699916,0.6876544205221347,0,qEHVI,0.28,0.66,0.0,0.0,0.02,0.0,0.0,0.0,0.0,0.0,0.0,0.0,0.0,0.0,0.04
1,3,3,2,False,3.912347257699916,0.6876544205221347,1,qEHVI,0.04,0.0,0.86,0.04,0.02,0.0,0.0,0.0,0.0,0.0,0.0,0.0,0.0,0.0,0.04
1,3,3,2,False,3.912347257699916,0.6876544205221347,2,qEHVI,0.86,0.06,0.02,0.04,0.02,0.0,0.0,0.0,0.0,0.0,0.0,0.0,0.0,0.0,0.0
1,3,3,2,False,3.912347257699916,0.6876544205221347,3,qUCB,0.02,0.02,0.86,0.0,0.02,0.0,0.0,0.0,0.0,0.0,0.0,0.04,0.0,0.04,0.0
1,3,3,2,False,3.912347257699916,0.6876544205221347,4,qUCB,0.0,0.8200000000000001,0.08,0.0,0.02,0.0,0.0,0.0,0.04,0.0,0.0,0.0,0.0,0.04,0.0
1,4,2,3,False,3.799063269300645,0.2787477921102699,0,qEHVI,0.28,0.66,0.0,0.0,0.02,0.0,0.0,0.0,0.0,0.0,0.0,0.0,0.0,0.0,0.04
1,4,2,3,False,3.799063269300645,0.2787477921102699,1,qEHVI,0.04,0.0,0.86,0.04,0.02,0.0,0.0,0.0,0.0,0.0,0.0,0.0,0.0,0.0,0.04
1,4,2,3,False,3.799063269300645,0.2787477921102699,2,qUCB,0.02,0.02,0.86,0.0,0.02,0.0,0.0,0.0,0.0,0.0,0.0,0.04,0.0,0.04,0.0
1,4,2,3,False,3.799063269300645,0.2787477921102699,3,qUCB,0.0,0.8200000000000001,0.08,0.0,0.02,0.0,0.0,0.0,0.04,0.0,0.0,0.0,0.0,0.04,0.0
1,4,2,3,False,3.799063269300645,0.2787477921102699,4,qUCB,0.0,0.92,0.0,0.04,0.0,0.0,0.0,0.0,0.0,0.0,0.0,0.04,0.0,0.0,0.0
1,5,1,4,False,3.4290274907156544,0.5835163804375654,0,qEHVI,0.28,0.66,0.0,0.0,0.02,0.0,0.0,0.0,0.0,0.0,0.0,0.0,0.0,0.0,0.04
1,5,1,4,False,3.4290274907156544,0.5835163804375654,1,qUCB,0.02,0.02,0.86,0.0,0.02,0.0,0.0,0.0,0.0,0.0,0.0,0.04,0.0,0.04,0.0
1,5,1,4,False,3.4290274907156544,0.5835163804375654,2,qUCB,0.0,0.02,0.88,0.02,0.0,0.0,0.0,0.0,0.04,0.0,0.0,0.04,0.0,0.0,0.0
1,5,1,4,False,3.4290274907156544,0.5835163804375654,3,qUCB,0.0,0.8200000000000001,0.08,0.0,0.02,0.0,0.0,0.0,0.04,0.0,0.0,0.0,0.0,0.04,0.0
1,5,1,4,False,3.4290274907156544,0.5835163804375654,4,qUCB,0.0,0.92,0.0,0.04,0.0,0.0,0.0,0.0,0.0,0.0,0.0,0.04,0.0,0.0,0.0
1,6,0,5,False,3.823060427538689,0.6621210935251085,0,qUCB,0.28,0.66,0.0,0.0,0.02,0.0,0.0,0.0,0.0,0.0,0.0,0.0,0.0,0.0,0.04
1,6,0,5,False,3.823060427538689,0.6621210935251085,1,qUCB,0.02,0.9,0.04,0.0,0.0,0.0,0.0,0.0,0.0,0.0,0.0,0.04,0.0,0.0,0.0
1,6,0,5,False,3.823060427538689,0.6621210935251085,2,qUCB,0.0,0.0,0.9,0.04,0.0,0.0,0.0,0.0,0.02,0.0,0.0,0.0,0.0,0.0,0.04
1,6,0,5,False,3.823060427538689,0.6621210935251085,3,qUCB,0.02,0.84,0.06,0.04,0.02,0.0,0.0,0.0,0.0,0.0,0.0,0.02,0.0,0.0,0.0
1,6,0,5,False,3.823060427538689,0.6621210935251085,4,qUCB,0.04,0.0,0.86,0.04,0.02,0.0,0.0,0.0,0.0,0.0,0.0,0.0,0.0,0.0,0.04
2,1,5,0,True,7.48630229899376,0.23631859370486197,0,qEHVI,0.44,0.34,0.12,0.02,0.0,0.0,0.0,0.0,0.04,0.0,0.0,0.0,0.0,0.02,0.02
2,1,5,0,True,7.48630229899376,0.23631859370486197,1,qEHVI,0.46,0.38,0.08,0.0,0.04,0.0,0.0,0.0,0.0,0.0,0.0,0.02,0.0,0.0,0.02
2,1,5,0,True,7.48630229899376,0.23631859370486197,2,qEHVI,0.38,0.22,0.3,0.02,0.02,0.0,0.0,0.0,0.04,0.0,0.0,0.0,0.0,0.0,0.02
2,1,5,0,True,7.48630229899376,0.23631859370486197,3,qEHVI,0.5,0.28,0.12,0.0,0.0,0.0,0.0,0.0,0.04,0.0,0.0,0.02,0.0,0.02,0.02
2,1,5,0,True,7.48630229899376,0.23631859370486197,4,qEHVI,0.4,0.4,0.1,0.02,0.02,0.0,0.0,0.0,0.0,0.0,0.0,0.0,0.0,0.04,0.02
2,2,4,1,False,7.460682247724226,1.1413389458007082,0,qEHVI,0.44,0.34,0.12,0.02,0.0,0.0,0.0,0.0,0.04,0.0,0.0,0.0,0.0,0.02,0.02
2,2,4,1,False,7.460682247724226,1.1413389458007082,1,qEHVI,0.46,0.38,0.08,0.0,0.04,0.0,0.0,0.0,0.0,0.0,0.0,0.02,0.0,0.0,0.02
2,2,4,1,False,7.460682247724226,1.1413389458007082,2,qEHVI,0.38,0.22,0.3,0.02,0.02,0.0,0.0,0.0,0.04,0.0,0.0,0.0,0.0,0.0,0.02
2,2,4,1,False,7.460682247724226,1.1413389458007082,3,qEHVI,0.48,0.26,0.16,0.02,0.04,0.0,0.0,0.0,0.02,0.0,0.0,0.0,0.0,0.0,0.02
2,2,4,1,False,7.460682247724226,1.1413389458007082,4,qUCB,0.44,0.34,0.12,0.04,0.0,0.0,0.0,0.0,0.0,0.0,0.0,0.04,0.0,0.0,0.02
2,3,3,2,False,7.187471283458128,0.431311105013819,0,qEHVI,0.44,0.34,0.12,0.02,0.0,0.0,0.0,0.0,0.04,0.0,0.0,0.0,0.0,0.02,0.02
2,3,3,2,False,7.187471283458128,0.431311105013819,1,qEHVI,0.46,0.38,0.08,0.0,0.04,0.0,0.0,0.0,0.0,0.0,0.0,0.02,0.0,0.0,0.02
2,3,3,2,False,7.187471283458128,0.431311105013819,2,qEHVI,0.38,0.22,0.3,0.02,0.02,0.0,0.0,0.0,0.04,0.0,0.0,0.0,0.0,0.0,0.02
2,3,3,2,False,7.187471283458128,0.431311105013819,3,qUCB,0.44,0.34,0.12,0.04,0.0,0.0,0.0,0.0,0.0,0.0,0.0,0.04,0.0,0.0,0.02
2,3,3,2,False,7.187471283458128,0.431311105013819,4,qUCB,0.0,0.02,0.9,0.02,0.0,0.0,0.0,0.0,0.0,0.0,0.0,0.04,0.0,0.02,0.0
2,4,2,3,False,6.137807347495284,0.4255703676779419,0,qEHVI,0.44,0.34,0.12,0.02,0.0,0.0,0.0,0.0,0.04,0.0,0.0,0.0,0.0,0.02,0.02
2,4,2,3,False,6.137807347495284,0.4255703676779419,1,qEHVI,0.46,0.38,0.08,0.0,0.04,0.0,0.0,0.0,0.0,0.0,0.0,0.02,0.0,0.0,0.02
2,4,2,3,False,6.137807347495284,0.4255703676779419,2,qUCB,0.44,0.34,0.12,0.04,0.0,0.0,0.0,0.0,0.0,0.0,0.0,0.04,0.0,0.0,0.02
2,4,2,3,False,6.137807347495284,0.4255703676779419,3,qUCB,0.02,0.1,0.8,0.04,0.0,0.0,0.0,0.0,0.0,0.0,0.0,0.04,0.0,0.0,0.0
2,4,2,3,False,6.137807347495284,0.4255703676779419,4,qUCB,0.12,0.02,0.76,0.04,0.0,0.0,0.0,0.0,0.0,0.0,0.0,0.04,0.0,0.0,0.02
2,5,1,4,False,6.494130592590522,0.13448421275523614,0,qEHVI,0.44,0.34,0.12,0.02,0.0,0.0,0.0,0.0,0.04,0.0,0.0,0.0,0.0,0.02,0.02
2,5,1,4,False,6.494130592590522,0.13448421275523614,1,qUCB,0.46,0.34,0.1,0.0,0.04,0.0,0.0,0.0,0.0,0.0,0.0,0.04,0.0,0.0,0.02
2,5,1,4,False,6.494130592590522,0.13448421275523614,2,qUCB,0.38,0.0,0.52,0.0,0.04,0.0,0.0,0.0,0.0,0.0,0.0,0.04,0.0,0.0,0.02
2,5,1,4,False,6.494130592590522,0.13448421275523614,3,qUCB,0.68,0.06,0.18,0.0,0.04,0.0,0.0,0.0,0.0,0.0,0.0,0.04,0.0,0.0,0.0
2,5,1,4,False,6.494130592590522,0.13448421275523614,4,qUCB,0.46,0.02,0.44,0.0,0.04,0.0,0.0,0.0,0.0,0.0,0.0,0.04,0.0,0.0,0.0
2,6,0,5,False,6.256029773029891,0.3712214346709679,0,qUCB,0.46,0.36,0.1,0.0,0.0,0.0,0.0,0.0,0.02,0.0,0.0,0.02,0.0,0.02,0.02
2,6,0,5,False,6.256029773029891,0.3712214346709679,1,qUCB,0.52,0.3,0.1,0.04,0.0,0.0,0.0,0.0,0.0,0.0,0.0,0.02,0.0,0.0,0.02
2,6,0,5,False,6.256029773029891,0.3712214346709679,2,qUCB,0.58,0.1,0.22,0.0,0.0,0.0,0.0,0.0,0.04,0.0,0.0,0.04,0.0,0.0,0.02
2,6,0,5,False,6.256029773029891,0.3712214346709679,3,qUCB,0.46,0.44,0.02,0.0,0.04,0.0,0.0,0.0,0.0,0.0,0.0,0.0,0.0,0.02,0.02
2,6,0,5,False,6.256029773029891,0.3712214346709679,4,qUCB,0.34,0.02,0.54,0.04,0.02,0.0,0.0,0.0,0.02,0.0,0.0,0.0,0.0,0.0,0.02
3,1,5,0,True,5.872818681675709,0.5094988370834983,0,qEHVI,0.32,0.08,0.5,0.02,0.04,0.0,0.0,0.0,0.02,0.0,0.0,0.0,0.0,0.0,0.02
3,1,5,0,True,5.872818681675709,0.5094988370834983,1,qEHVI,0.18,0.22,0.5,0.0,0.04,0.0,0.0,0.0,0.0,0.0,0.0,0.0,0.0,0.04,0.02
3,1,5,0,True,5.872818681675709,0.5094988370834983,2,qEHVI,0.18,0.1,0.64,0.0,0.04,0.0,0.0,0.0,0.02,0.0,0.0,0.0,0.0,0.0,0.02
3,1,5,0,True,5.872818681675709,0.5094988370834983,3,qEHVI,0.64,0.02,0.24,0.02,0.04,0.0,0.0,0.0,0.02,0.0,0.0,0.0,0.0,0.0,0.02
3,1,5,0,True,5.872818681675709,0.5094988370834983,4,qEHVI,0.2,0.08,0.62,0.04,0.0,0.0,0.0,0.0,0.02,0.0,0.0,0.0,0.0,0.02,0.02
3,2,4,1,False,5.794769131713684,1.4576212878251091,0,qEHVI,0.32,0.08,0.5,0.02,0.04,0.0,0.0,0.0,0.02,0.0,0.0,0.0,0.0,0.0,0.02
3,2,4,1,False,5.794769131713684,1.4576212878251091,1,qEHVI,0.08,0.16,0.68,0.0,0.02,0.0,0.0,0.0,0.0,0.0,0.0,0.0,0.0,0.04,0.02
3,2,4,1,False,5.794769131713684,1.4576212878251091,2,qEHVI,0.64,0.02,0.24,0.02,0.04,0.0,0.0,0.0,0.02,0.0,0.0,0.0,0.0,0.0,0.02
3,2,4,1,False,5.794769131713684,1.4576212878251091,3,qEHVI,0.24,0.1,0.56,0.0,0.04,0.0,0.0,0.0,0.02,0.0,0.0,0.02,0.0,0.0,0.02
3,2,4,1,False,5.794769131713684,1.4576212878251091,4,qUCB,0.92,0.0,0.0,0.0,0.0,0.0,0.0,0.0,0.0,0.0,0.0,0.04,0.0,0.04,0.0
3,3,3,2,False,5.626960891225167,0.11462444536942407,0,qEHVI,0.32,0.08,0.5,0.02,0.04,0.0,0.0,0.0,0.02,0.0,0.0,0.0,0.0,0.0,0.02
3,3,3,2,False,5.626960891225167,0.11462444536942407,1,qEHVI,0.18,0.22,0.5,0.0,0.04,0.0,0.0,0.0,0.0,0.0,0.0,0.0,0.0,0.04,0.02
3,3,3,2,False,5.626960891225167,0.11462444536942407,2,qEHVI,0.64,0.02,0.24,0.02,0.04,0.0,0.0,0.0,0.02,0.0,0.0,0.0,0.0,0.0,0.02
3,3,3,2,False,5.626960891225167,0.11462444536942407,3,qUCB,0.92,0.0,0.0,0.0,0.0,0.0,0.0,0.0,0.0,0.0,0.0,0.04,0.0,0.04,0.0
3,3,3,2,False,5.626960891225167,0.11462444536942407,4,qUCB,0.9,0.0,0.0,0.0,0.0,0.0,0.0,0.0,0.0,0.0,0.0,0.04,0.0,0.04,0.02
3,4,2,3,False,5.394047160553385,0.7105146669663291,0,qEHVI,0.32,0.08,0.5,0.02,0.04,0.0,0.0,0.0,0.02,0.0,0.0,0.0,0.0,0.0,0.02
3,4,2,3,False,5.394047160553385,0.7105146669663291,1,qEHVI,0.18,0.22,0.5,0.0,0.04,0.0,0.0,0.0,0.0,0.0,0.0,0.0,0.0,0.04,0.02
3,4,2,3,False,5.394047160553385,0.7105146669663291,2,qUCB,0.86,0.02,0.04,0.02,0.0,0.0,0.0,0.0,0.0,0.0,0.0,0.04,0.0,0.02,0.0
3,4,2,3,False,5.394047160553385,0.7105146669663291,3,qUCB,0.9,0.02,0.02,0.0,0.0,0.0,0.0,0.0,0.0,0.0,0.0,0.04,0.0,0.0,0.02
3,4,2,3,False,5.394047160553385,0.7105146669663291,4,qUCB,0.0,0.8,0.12,0.0,0.0,0.0,0.0,0.0,0.0,0.0,0.0,0.04,0.0,0.0,0.04
3,5,1,4,False,4.694642287722794,0.4644070760911525,0,qEHVI,0.32,0.08,0.5,0.02,0.04,0.0,0.0,0.0,0.02,0.0,0.0,0.0,0.0,0.0,0.02
3,5,1,4,False,4.694642287722794,0.4644070760911525,1,qUCB,0.92,0.0,0.0,0.0,0.0,0.0,0.0,0.0,0.0,0.0,0.0,0.04,0.0,0.04,0.0
3,5,1,4,False,4.694642287722794,0.4644070760911525,2,qUCB,0.9,0.0,0.0,0.0,0.0,0.0,0.0,0.0,0.0,0.0,0.0,0.04,0.0,0.04,0.02
3,5,1,4,False,4.694642287722794,0.4644070760911525,3,qUCB,0.02,0.84,0.04,0.0,0.0,0.0,0.0,0.0,0.0,0.0,0.0,0.04,0.0,0.02,0.04
3,5,1,4,False,4.694642287722794,0.4644070760911525,4,qUCB,0.02,0.0,0.88,0.02,0.0,0.0,0.0,0.0,0.0,0.0,0.0,0.04,0.0,0.04,0.0
3,6,0,5,False,4.97192395359526,0.8177851927281417,0,qUCB,0.3,0.0,0.6,0.0,0.04,0.0,0.0,0.0,0.04,0.0,0.0,0.0,0.0,0.0,0.02
3,6,0,5,False,4.97192395359526,0.8177851927281417,1,qUCB,0.7000000000000001,0.0,0.24,0.02,0.02,0.0,0.0,0.0,0.0,0.0,0.0,0.0,0.0,0.0,0.02
3,6,0,5,False,4.97192395359526,0.8177851927281417,2,qUCB,0.92,0.0,0.02,0.0,0.0,0.0,0.0,0.0,0.02,0.0,0.0,0.0,0.0,0.04,0.0
3,6,0,5,False,4.97192395359526,0.8177851927281417,3,qUCB,0.9,0.0,0.0,0.0,0.0,0.0,0.0,0.0,0.0,0.0,0.0,0.04,0.0,0.04,0.02
3,6,0,5,False,4.97192395359526,0.8177851927281417,4,qUCB,0.4,0.0,0.5,0.04,0.0,0.0,0.0,0.0,0.02,0.0,0.0,0.02,0.0,0.02,0.0
4,1,5,0,True,9.0788914580716,0.2811540666363044,0,qEHVI,0.46,0.04,0.42,0.0,0.02,0.0,0.0,0.0,0.02,0.0,0.0,0.02,0.0,0.0,0.02
4,1,5,0,True,9.0788914580716,0.2811540666363044,1,qEHVI,0.44,0.24,0.22,0.0,0.04,0.0,0.0,0.0,0.02,0.0,0.0,0.0,0.0,0.0,0.04
4,1,5,0,True,9.0788914580716,0.2811540666363044,2,qEHVI,0.42,0.1,0.38,0.0,0.0,0.0,0.0,0.0,0.0,0.0,0.0,0.04,0.0,0.02,0.04
4,1,5,0,True,9.0788914580716,0.2811540666363044,3,qEHVI,0.4,0.5,0.0,0.0,0.02,0.0,0.0,0.0,0.0,0.0,0.0,0.02,0.0,0.02,0.04
4,1,5,0,True,9.0788914580716,0.2811540666363044,4,qEHVI,0.4,0.52,0.0,0.0,0.0,0.0,0.0,0.0,0.02,0.0,0.0,0.02,0.0,0.04,0.0
4,2,4,1,False,9.140271200995443,0.15220862391086776,0,qEHVI,0.46,0.04,0.42,0.0,0.02,0.0,0.0,0.0,0.02,0.0,0.0,0.02,0.0,0.0,0.02
4,2,4,1,False,9.140271200995443,0.15220862391086776,1,qEHVI,0.44,0.24,0.22,0.0,0.04,0.0,0.0,0.0,0.02,0.0,0.0,0.0,0.0,0.0,0.04
4,2,4,1,False,9.140271200995443,0.15220862391086776,2,qEHVI,0.44,0.04,0.44,0.04,0.0,0.0,0.0,0.0,0.0,0.0,0.0,0.0,0.0,0.0,0.04
4,2,4,1,False,9.140271200995443,0.15220862391086776,3,qEHVI,0.4,0.5,0.0,0.0,0.02,0.0,0.0,0.0,0.0,0.0,0.0,0.02,0.0,0.02,0.04
4,2,4,1,False,9.140271200995443,0.15220862391086776,4,qUCB,0.42,0.48,0.0,0.0,0.02,0.0,0.0,0.0,0.04,0.0,0.0,0.0,0.0,0.04,0.0
4,3,3,2,False,8.250561525832822,0.23386557104796069,0,qEHVI,0.46,0.04,0.42,0.0,0.02,0.0,0.0,0.0,0.02,0.0,0.0,0.02,0.0,0.0,0.02
4,3,3,2,False,8.250561525832822,0.23386557104796069,1,qEHVI,0.44,0.24,0.22,0.0,0.04,0.0,0.0,0.0,0.02,0.0,0.0,0.0,0.0,0.0,0.04
4,3,3,2,False,8.250561525832822,0.23386557104796069,2,qEHVI,0.42,0.22,0.26,0.0,0.04,0.0,0.0,0.0,0.0,0.0,0.0,0.02,0.0,0.02,0.02
4,3,3,2,False,8.250561525832822,0.23386557104796069,3,qUCB,0.48,0.0,0.42,0.04,0.0,0.0,0.0,0.0,0.02,0.0,0.0,0.0,0.0,0.04,0.0
4,3,3,2,False,8.250561525832822,0.23386557104796069,4,qUCB,0.84,0.04,0.02,0.04,0.0,0.0,0.0,0.0,0.0,0.0,0.0,0.0,0.0,0.04,0.02
4,4,2,3,False,8.578983555605666,0.5367571099845492,0,qEHVI,0.46,0.04,0.42,0.0,0.02,0.0,0.0,0.0,0.02,0.0,0.0,0.02,0.0,0.0,0.02
4,4,2,3,False,8.578983555605666,0.5367571099845492,1,qEHVI,0.44,0.24,0.22,0.0,0.04,0.0,0.0,0.0,0.02,0.0,0.0,0.0,0.0,0.0,0.04
4,4,2,3,False,8.578983555605666,0.5367571099845492,2,qUCB,0.62,0.28,0.02,0.04,0.0,0.0,0.0,0.0,0.0,0.0,0.0,0.0,0.0,0.04,0.0
4,4,2,3,False,8.578983555605666,0.5367571099845492,3,qUCB,0.84,0.04,0.02,0.04,0.0,0.0,0.0,0.0,0.0,0.0,0.0,0.0,0.0,0.04,0.02
4,4,2,3,False,8.578983555605666,0.5367571099845492,4,qUCB,0.44,0.0,0.46,0.04,0.02,0.0,0.0,0.0,0.0,0.0,0.0,0.0,0.0,0.04,0.0
4,5,1,4,False,7.0093827605330565,0.25441514069105153,0,qEHVI,0.46,0.04,0.42,0.0,0.02,0.0,0.0,0.0,0.02,0.0,0.0,0.02,0.0,0.0,0.02
4,5,1,4,False,7.0093827605330565,0.25441514069105153,1,qUCB,0.62,0.28,0.02,0.04,0.0,0.0,0.0,0.0,0.0,0.0,0.0,0.0,0.0,0.04,0.0
4,5,1,4,False,7.0093827605330565,0.25441514069105153,2,qUCB,0.84,0.04,0.02,0.04,0.0,0.0,0.0,0.0,0.0,0.0,0.0,0.0,0.0,0.04,0.02
4,5,1,4,False,7.0093827605330565,0.25441514069105153,3,qUCB,0.44,0.0,0.46,0.04,0.02,0.0,0.0,0.0,0.0,0.0,0.0,0.0,0.0,0.04,0.0
4,5,1,4,False,7.0093827605330565,0.25441514069105153,4,qUCB,0.0,0.76,0.14,0.04,0.0,0.0,0.0,0.0,0.0,0.0,0.0,0.0,0.0,0.02,0.04
4,6,0,5,False,8.463686459258716,0.5021641707694187,0,qUCB,0.46,0.0,0.5,0.0,0.0,0.0,0.0,0.0,0.0,0.0,0.0,0.02,0.0,0.0,0.02
4,6,0,5,False,8.463686459258716,0.5021641707694187,1,qUCB,0.38,0.38,0.16,0.0,0.04,0.0,0.0,0.0,0.0,0.0,0.0,0.0,0.0,0.0,0.04
4,6,0,5,False,8.463686459258716,0.5021641707694187,2,qUCB,0.44,0.04,0.44,0.04,0.0,0.0,0.0,0.0,0.0,0.0,0.0,0.0,0.0,0.0,0.04
4,6,0,5,False,8.463686459258716,0.5021641707694187,3,qUCB,0.68,0.28,0.0,0.0,0.04,0.0,0.0,0.0,0.0,0.0,0.0,0.0,0.0,0.0,0.0
4,6,0,5,False,8.463686459258716,0.5021641707694187,4,qUCB,0.42,0.0,0.58,0.0,0.0,0.0,0.0,0.0,0.0,0.0,0.0,0.0,0.0,0.0,0.0
5,1,5,0,True,2.7448465692638333,0.2247724281865935,0,qEHVI,0.4,0.18,0.32,0.0,0.0,0.0,0.0,0.0,0.02,0.0,0.0,0.04,0.0,0.0,0.04
5,1,5,0,True,2.7448465692638333,0.2247724281865935,1,qEHVI,0.48,0.46,0.0,0.0,0.02,0.0,0.0,0.0,0.0,0.0,0.0,0.0,0.0,0.0,0.04
5,1,5,0,True,2.7448465692638333,0.2247724281865935,2,qEHVI,0.42,0.0,0.5,0.0,0.0,0.0,0.0,0.0,0.0,0.0,0.0,0.0,0.0,0.04,0.04
5,1,5,0,True,2.7448465692638333,0.2247724281865935,3,qEHVI,0.38,0.08,0.44,0.02,0.0,0.0,0.0,0.0,0.0,0.0,0.0,0.04,0.0,0.04,0.0
5,1,5,0,True,2.7448465692638333,0.2247724281865935,4,qEHVI,0.6,0.18,0.12,0.04,0.0,0.0,0.0,0.0,0.02,0.0,0.0,0.0,0.0,0.02,0.02
5,2,4,1,False,2.743207616685099,0.24582454148679922,0,qEHVI,0.4,0.18,0.32,0.0,0.0,0.0,0.0,0.0,0.02,0.0,0.0,0.04,0.0,0.0,0.04
5,2,4,1,False,2.743207616685099,0.24582454148679922,1,qEHVI,0.48,0.46,0.0,0.0,0.02,0.0,0.0,0.0,0.0,0.0,0.0,0.0,0.0,0.0,0.04
5,2,4,1,False,2.743207616685099,0.24582454148679922,2,qEHVI,0.4,0.08,0.46,0.0,0.0,0.0,0.0,0.0,0.0,0.0,0.0,0.0,0.0,0.04,0.02
5,2,4,1,False,2.743207616685099,0.24582454148679922,3,qEHVI,0.42,0.0,0.5,0.02,0.0,0.0,0.0,0.0,0.02,0.0,0.0,0.0,0.0,0.0,0.04
5,2,4,1,False,2.743207616685099,0.24582454148679922,4,qUCB,0.4,0.06,0.44,0.04,0.04,0.0,0.0,0.0,0.0,0.0,0.0,0.02,0.0,0.0,0.0
5,3,3,2,False,2.7317067169686338,0.20432740556494622,0,qEHVI,0.4,0.18,0.32,0.0,0.0,0.0,0.0,0.0,0.02,0.0,0.0,0.04,0.0,0.0,0.04
5,3,3,2,False,2.7317067169686338,0.20432740556494622,1,qEHVI,0.48,0.46,0.0,0.0,0.02,0.0,0.0,0.0,0.0,0.0,0.0,0.0,0.0,0.0,0.04
5,3,3,2,False,2.7317067169686338,0.20432740556494622,2,qEHVI,0.42,0.0,0.5,0.0,0.0,0.0,0.0,0.0,0.0,0.0,0.0,0.0,0.0,0.04,0.04
5,3,3,2,False,2.7317067169686338,0.20432740556494622,3,qUCB,0.4,0.06,0.44,0.04,0.04,0.0,0.0,0.0,0.0,0.0,0.0,0.02,0.0,0.0,0.0
5,3,3,2,False,2.7317067169686338,0.20432740556494622,4,qUCB,0.62,0.24,0.04,0.04,0.0,0.0,0.0,0.0,0.04,0.0,0.0,0.0,0.0,0.02,0.0
5,4,2,3,False,2.4470987725680367,0.25940783840861315,0,qEHVI,0.4,0.18,0.32,0.0,0.0,0.0,0.0,0.0,0.02,0.0,0.0,0.04,0.0,0.0,0.04
5,4,2,3,False,2.4470987725680367,0.25940783840861315,1,qEHVI,0.48,0.46,0.0,0.0,0.02,0.0,0.0,0.0,0.0,0.0,0.0,0.0,0.0,0.0,0.04
5,4,2,3,False,2.4470987725680367,0.25940783840861315,2,qUCB,0.4,0.04,0.48,0.0,0.0,0.0,0.0,0.0,0.04,0.0,0.0,0.0,0.0,0.04,0.0
5,4,2,3,False,2.4470987725680367,0.25940783840861315,3,qUCB,0.62,0.24,0.04,0.04,0.0,0.0,0.0,0.0,0.04,0.0,0.0,0.0,0.0,0.02,0.0
5,4,2,3,False,2.4470987725680367,0.25940783840861315,4,qUCB,0.8200000000000001,0.02,0.06,0.04,0.0,0.0,0.0,0.0,0.0,0.0,0.0,0.02,0.0,0.04,0.0
5,5,1,4,False,2.1142388130299437,0.18925421165029732,0,qEHVI,0.4,0.18,0.32,0.0,0.0,0.0,0.0,0.0,0.02,0.0,0.0,0.04,0.0,0.0,0.04
5,5,1,4,False,2.1142388130299437,0.18925421165029732,1,qUCB,0.4,0.06,0.46,0.04,0.04,0.0,0.0,0.0,0.0,0.0,0.0,0.0,0.0,0.0,0.0
5,5,1,4,False,2.1142388130299437,0.18925421165029732,2,qUCB,0.8,0.02,0.08,0.04,0.02,0.0,0.0,0.0,0.0,0.0,0.0,0.0,0.0,0.04,0.0
5,5,1,4,False,2.1142388130299437,0.18925421165029732,3,qUCB,0.62,0.28,0.02,0.0,0.04,0.0,0.0,0.0,0.0,0.0,0.0,0.0,0.0,0.04,0.0
5,5,1,4,False,2.1142388130299437,0.18925421165029732,4,qUCB,0.0,0.66,0.26,0.04,0.0,0.0,0.0,0.0,0.0,0.0,0.0,0.0,0.0,0.04,0.0
5,6,0,5,False,2.1015559320753257,0.2470998503167685,0,qUCB,0.4,0.1,0.42,0.0,0.04,0.0,0.0,0.0,0.0,0.0,0.0,0.02,0.0,0.02,0.0
5,6,0,5,False,2.1015559320753257,0.2470998503167685,1,qUCB,0.54,0.36,0.0,0.02,0.02,0.0,0.0,0.0,0.0,0.0,0.0,0.0,0.0,0.02,0.04
5,6,0,5,False,2.1015559320753257,0.2470998503167685,2,qUCB,0.68,0.16,0.08,0.0,0.0,0.0,0.0,0.0,0.0,0.0,0.0,0.04,0.0,0.04,0.0
5,6,0,5,False,2.1015559320753257,0.2470998503167685,3,qUCB,0.42,0.0,0.56,0.0,0.0,0.0,0.0,0.0,0.0,0.0,0.0,0.0,0.0,0.0,0.02
5,6,0,5,False,2.1015559320753257,0.2470998503167685,4,qUCB,0.96,0.02,0.0,0.0,0.0,0.0,0.0,0.0,0.02,0.0,0.0,0.0,0.0,0.0,0.0
6,1,5,0,False,6.2602505181188395,0.5209260098478712,0,qEHVI,0.54,0.0,0.36,0.02,0.0,0.0,0.0,0.0,0.0,0.0,0.0,0.02,0.0,0.02,0.04
6,1,5,0,False,6.2602505181188395,0.5209260098478712,1,qEHVI,0.44,0.04,0.42,0.04,0.02,0.0,0.0,0.0,0.0,0.0,0.0,0.0,0.0,0.0,0.04
6,1,5,0,False,6.2602505181188395,0.5209260098478712,2,qEHVI,0.56,0.0,0.34,0.04,0.0,0.0,0.0,0.0,0.02,0.0,0.0,0.02,0.0,0.0,0.02
6,1,5,0,False,6.2602505181188395,0.5209260098478712,3,qEHVI,0.44,0.0,0.46,0.04,0.0,0.0,0.0,0.0,0.0,0.0,0.0,0.04,0.0,0.0,0.02
6,1,5,0,False,6.2602505181188395,0.5209260098478712,4,qEHVI,0.5,0.1,0.3,0.02,0.0,0.0,0.0,0.0,0.0,0.0,0.0,0.04,0.0,0.0,0.04
6,2,4,1,False,6.056822956438136,0.34499446777989995,0,qEHVI,0.54,0.0,0.36,0.02,0.0,0.0,0.0,0.0,0.0,0.0,0.0,0.02,0.0,0.02,0.04
6,2,4,1,False,6.056822956438136,0.34499446777989995,1,qEHVI,0.44,0.04,0.42,0.04,0.02,0.0,0.0,0.0,0.0,0.0,0.0,0.0,0.0,0.0,0.04
6,2,4,1,False,6.056822956438136,0.34499446777989995,2,qEHVI,0.56,0.0,0.34,0.04,0.0,0.0,0.0,0.0,0.02,0.0,0.0,0.02,0.0,0.0,0.02
6,2,4,1,False,6.056822956438136,0.34499446777989995,3,qEHVI,0.5,0.1,0.3,0.02,0.0,0.0,0.0,0.0,0.0,0.0,0.0,0.04,0.0,0.0,0.04
6,2,4,1,False,6.056822956438136,0.34499446777989995,4,qUCB,0.48,0.02,0.4,0.04,0.02,0.0,0.0,0.0,0.0,0.0,0.0,0.0,0.0,0.04,0.0
6,3,3,2,False,5.562805116211529,0.1858314419795395,0,qEHVI,0.54,0.0,0.36,0.02,0.0,0.0,0.0,0.0,0.0,0.0,0.0,0.02,0.0,0.02,0.04
6,3,3,2,False,5.562805116211529,0.1858314419795395,1,qEHVI,0.44,0.04,0.42,0.04,0.02,0.0,0.0,0.0,0.0,0.0,0.0,0.0,0.0,0.0,0.04
6,3,3,2,False,5.562805116211529,0.1858314419795395,2,qEHVI,0.56,0.0,0.34,0.04,0.0,0.0,0.0,0.0,0.02,0.0,0.0,0.02,0.0,0.0,0.02
6,3,3,2,False,5.562805116211529,0.1858314419795395,3,qUCB,0.48,0.02,0.4,0.04,0.02,0.0,0.0,0.0,0.0,0.0,0.0,0.0,0.0,0.04,0.0
6,3,3,2,False,5.562805116211529,0.1858314419795395,4,qUCB,0.16,0.56,0.18,0.0,0.04,0.0,0.0,0.0,0.02,0.0,0.0,0.0,0.0,0.04,0.0
6,4,2,3,True,5.234569968948679,0.7884043200853021,0,qEHVI,0.54,0.0,0.36,0.02,0.0,0.0,0.0,0.0,0.0,0.0,0.0,0.02,0.0,0.02,0.04
6,4,2,3,True,5.234569968948679,0.7884043200853021,1,qEHVI,0.44,0.04,0.42,0.04,0.02,0.0,0.0,0.0,0.0,0.0,0.0,0.0,0.0,0.0,0.04
6,4,2,3,True,5.234569968948679,0.7884043200853021,2,qUCB,0.46,0.06,0.38,0.04,0.0,0.0,0.0,0.0,0.04,0.0,0.0,0.0,0.0,0.02,0.0
6,4,2,3,True,5.234569968948679,0.7884043200853021,3,qUCB,0.24,0.54,0.16,0.0,0.02,0.0,0.0,0.0,0.04,0.0,0.0,0.0,0.0,0.0,0.0
6,4,2,3,True,5.234569968948679,0.7884043200853021,4,qUCB,0.88,0.0,0.02,0.0,0.04,0.0,0.0,0.0,0.04,0.0,0.0,0.02,0.0,0.0,0.0
6,5,1,4,False,4.243539589096326,0.529876092064935,0,qEHVI,0.54,0.0,0.36,0.02,0.0,0.0,0.0,0.0,0.0,0.0,0.0,0.02,0.0,0.02,0.04
6,5,1,4,False,4.243539589096326,0.529876092064935,1,qUCB,0.5,0.04,0.36,0.04,0.04,0.0,0.0,0.0,0.0,0.0,0.0,0.0,0.0,0.02,0.0
6,5,1,4,False,4.243539589096326,0.529876092064935,2,qUCB,0.24,0.54,0.16,0.0,0.02,0.0,0.0,0.0,0.04,0.0,0.0,0.0,0.0,0.0,0.0
6,5,1,4,False,4.243539589096326,0.529876092064935,3,qUCB,0.88,0.0,0.02,0.0,0.04,0.0,0.0,0.0,0.04,0.0,0.0,0.02,0.0,0.0,0.0
6,5,1,4,False,4.243539589096326,0.529876092064935,4,qUCB,0.0,0.68,0.22,0.0,0.04,0.0,0.0,0.0,0.04,0.0,0.0,0.0,0.0,0.02,0.0
6,6,0,5,False,4.833749355387387,0.4096502708649936,0,qUCB,0.52,0.0,0.38,0.04,0.0,0.0,0.0,0.0,0.0,0.0,0.0,0.04,0.0,0.0,0.02
6,6,0,5,False,4.833749355387387,0.4096502708649936,1,qUCB,0.44,0.04,0.42,0.04,0.02,0.0,0.0,0.0,0.0,0.0,0.0,0.0,0.0,0.0,0.04
6,6,0,5,False,4.833749355387387,0.4096502708649936,2,qUCB,0.2,0.6,0.16,0.0,0.0,0.0,0.0,0.0,0.0,0.0,0.0,0.0,0.0,0.0,0.04
6,6,0,5,False,4.833749355387387,0.4096502708649936,3,qUCB,0.9400000000000001,0.0,0.0,0.0,0.0,0.0,0.0,0.0,0.02,0.0,0.0,0.0,0.0,0.04,0.0
6,6,0,5,False,4.833749355387387,0.4096502708649936,4,qUCB,0.02,0.66,0.22,0.04,0.0,0.0,0.0,0.0,0.02,0.0,0.0,0.0,0.0,0.0,0.04
7,1,5,0,False,2.8726905165697407,0.21483430713351837,0,qEHVI,0.36,0.18,0.4,0.0,0.0,0.0,0.0,0.0,0.0,0.0,0.0,0.0,0.0,0.02,0.04
7,1,5,0,False,2.8726905165697407,0.21483430713351837,1,qEHVI,0.66,0.0,0.32,0.0,0.0,0.0,0.0,0.0,0.0,0.0,0.0,0.0,0.0,0.0,0.02
7,1,5,0,False,2.8726905165697407,0.21483430713351837,2,qEHVI,0.38,0.22,0.3,0.04,0.02,0.0,0.0,0.0,0.02,0.0,0.0,0.02,0.0,0.0,0.0
7,1,5,0,False,2.8726905165697407,0.21483430713351837,3,qEHVI,0.36,0.2,0.36,0.02,0.02,0.0,0.0,0.0,0.0,0.0,0.0,0.04,0.0,0.0,0.0
7,1,5,0,False,2.8726905165697407,0.21483430713351837,4,qEHVI,0.38,0.1,0.42,0.0,0.04,0.0,0.0,0.0,0.0,0.0,0.0,0.02,0.0,0.0,0.04
7,2,4,1,False,2.6949718173186996,0.3712080083042082,0,qEHVI,0.36,0.18,0.4,0.0,0.0,0.0,0.0,0.0,0.0,0.0,0.0,0.0,0.0,0.02,0.04
7,2,4,1,False,2.6949718173186996,0.3712080083042082,1,qEHVI,0.38,0.22,0.3,0.04,0.02,0.0,0.0,0.0,0.02,0.0,0.0,0.02,0.0,0.0,0.0
7,2,4,1,False,2.6949718173186996,0.3712080083042082,2,qEHVI,0.66,0.0,0.32,0.0,0.0,0.0,0.0,0.0,0.0,0.0,0.0,0.0,0.0,0.0,0.02
7,2,4,1,False,2.6949718173186996,0.3712080083042082,3,qEHVI,0.38,0.16,0.36,0.02,0.02,0.0,0.0,0.0,0.0,0.0,0.0,0.02,0.0,0.04,0.0
7,2,4,1,False,2.6949718173186996,0.3712080083042082,4,qUCB,0.36,0.14,0.4,0.0,0.04,0.0,0.0,0.0,0.04,0.0,0.0,0.0,0.0,0.0,0.02
7,3,3,2,True,2.5059755275083795,0.6842342892493738,0,qEHVI,0.36,0.18,0.4,0.0,0.0,0.0,0.0,0.0,0.0,0.0,0.0,0.0,0.0,0.02,0.04
7,3,3,2,True,2.5059755275083795,0.6842342892493738,1,qEHVI,0.66,0.0,0.32,0.0,0.0,0.0,0.0,0.0,0.0,0.0,0.0,0.0,0.0,0.0,0.02
7,3,3,2,True,2.5059755275083795,0.6842342892493738,2,qEHVI,0.38,0.22,0.3,0.04,0.02,0.0,0.0,0.0,0.02,0.0,0.0,0.02,0.0,0.0,0.0
7,3,3,2,True,2.5059755275083795,0.6842342892493738,3,qUCB,0.38,0.14,0.38,0.0,0.02,0.0,0.0,0.0,0.04,0.0,0.0,0.0,0.0,0.04,0.0
7,3,3,2,True,2.5059755275083795,0.6842342892493738,4,qUCB,0.0,0.74,0.22,0.0,0.04,0.0,0.0,0.0,0.0,0.0,0.0,0.0,0.0,0.0,0.0
7,4,2,3,False,2.027548701921672,0.5591613404971998,0,qEHVI,0.34,0.14,0.42,0.0,0.0,0.0,0.0,0.0,0.02,0.0,0.0,0.04,0.0,0.0,0.04
7,4,2,3,False,2.027548701921672,0.5591613404971998,1,qEHVI,0.66,0.0,0.32,0.0,0.0,0.0,0.0,0.0,0.0,0.0,0.0,0.0,0.0,0.0,0.02
7,4,2,3,False,2.027548701921672,0.5591613404971998,2,qUCB,0.4,0.3,0.2,0.04,0.04,0.0,0.0,0.0,0.02,0.0,0.0,0.0,0.0,0.0,0.0
7,4,2,3,False,2.027548701921672,0.5591613404971998,3,qUCB,0.0,0.64,0.26,0.04,0.0,0.0,0.0,0.0,0.04,0.0,0.0,0.0,0.0,0.02,0.0
7,4,2,3,False,2.027548701921672,0.5591613404971998,4,qUCB,0.0,0.28,0.62,0.02,0.0,0.0,0.0,0.0,0.04,0.0,0.0,0.0,0.0,0.04,0.0
7,5,1,4,False,1.7628634559908922,0.13715163864513258,0,qEHVI,0.36,0.18,0.4,0.0,0.0,0.0,0.0,0.0,0.0,0.0,0.0,0.0,0.0,0.02,0.04
7,5,1,4,False,1.7628634559908922,0.13715163864513258,1,qUCB,0.4,0.3,0.2,0.04,0.04,0.0,0.0,0.0,0.02,0.0,0.0,0.0,0.0,0.0,0.0
7,5,1,4,False,1.7628634559908922,0.13715163864513258,2,qUCB,0.78,0.0,0.14,0.04,0.0,0.0,0.0,0.0,0.04,0.0,0.0,0.0,0.0,0.0,0.0
7,5,1,4,False,1.7628634559908922,0.13715163864513258,3,qUCB,0.68,0.22,0.0,0.04,0.04,0.0,0.0,0.0,0.0,0.0,0.0,0.02,0.0,0.0,0.0
7,5,1,4,False,1.7628634559908922,0.13715163864513258,4,qUCB,0.0,0.2,0.72,0.04,0.0,0.0,0.0,0.0,0.0,0.0,0.0,0.04,0.0,0.0,0.0
7,6,0,5,False,2.245746097113527,0.1819773294174194,0,qUCB,0.38,0.12,0.4,0.0,0.0,0.0,0.0,0.0,0.04,0.0,0.0,0.0,0.0,0.02,0.04
7,6,0,5,False,2.245746097113527,0.1819773294174194,1,qUCB,0.66,0.0,0.32,0.0,0.0,0.0,0.0,0.0,0.0,0.0,0.0,0.0,0.0,0.0,0.02
7,6,0,5,False,2.245746097113527,0.1819773294174194,2,qUCB,0.78,0.0,0.18,0.0,0.0,0.0,0.0,0.0,0.0,0.0,0.0,0.02,0.0,0.0,0.02
7,6,0,5,False,2.245746097113527,0.1819773294174194,3,qUCB,0.34,0.0,0.66,0.0,0.0,0.0,0.0,0.0,0.0,0.0,0.0,0.0,0.0,0.0,0.0
7,6,0,5,False,2.245746097113527,0.1819773294174194,4,qUCB,0.0,0.68,0.22,0.02,0.02,0.0,0.0,0.0,0.0,0.0,0.0,0.02,0.0,0.0,0.04
8,1,5,0,True,2.057829673643323,0.8190440240028436,0,qEHVI,0.42,0.2,0.3,0.0,0.0,0.0,0.0,0.0,0.04,0.0,0.0,0.04,0.0,0.0,0.0
8,1,5,0,True,2.057829673643323,0.8190440240028436,1,qEHVI,0.56,0.02,0.34,0.0,0.04,0.0,0.0,0.0,0.0,0.0,0.0,0.04,0.0,0.0,0.0
8,1,5,0,True,2.057829673643323,0.8190440240028436,2,qEHVI,0.38,0.22,0.32,0.04,0.0,0.0,0.0,0.0,0.0,0.0,0.0,0.0,0.0,0.04,0.0
8,1,5,0,True,2.057829673643323,0.8190440240028436,3,qEHVI,0.74,0.0,0.2,0.0,0.0,0.0,0.0,0.0,0.0,0.0,0.0,0.02,0.0,0.04,0.0
8,1,5,0,True,2.057829673643323,0.8190440240028436,4,qEHVI,0.48,0.14,0.36,0.0,0.0,0.0,0.0,0.0,0.0,0.0,0.0,0.0,0.0,0.02,0.0
8,2,4,1,False,1.9408695985199866,0.43603367603877463,0,qEHVI,0.42,0.2,0.3,0.0,0.0,0.0,0.0,0.0,0.04,0.0,0.0,0.04,0.0,0.0,0.0
8,2,4,1,False,1.9408695985199866,0.43603367603877463,1,qEHVI,0.56,0.02,0.34,0.0,0.04,0.0,0.0,0.0,0.0,0.0,0.0,0.04,0.0,0.0,0.0
8,2,4,1,False,1.9408695985199866,0.43603367603877463,2,qEHVI,0.38,0.22,0.32,0.04,0.0,0.0,0.0,0.0,0.0,0.0,0.0,0.0,0.0,0.04,0.0
8,2,4,1,False,1.9408695985199866,0.43603367603877463,3,qEHVI,0.72,0.0,0.2,0.0,0.02,0.0,0.0,0.0,0.02,0.0,0.0,0.0,0.0,0.04,0.0
8,2,4,1,False,1.9408695985199866,0.43603367603877463,4,qUCB,0.42,0.5,0.04,0.0,0.0,0.0,0.0,0.0,0.0,0.0,0.0,0.0,0.0,0.0,0.04
8,3,3,2,False,1.6659498713704635,0.5971523851665239,0,qEHVI,0.42,0.2,0.3,0.0,0.0,0.0,0.0,0.0,0.04,0.0,0.0,0.04,0.0,0.0,0.0
8,3,3,2,False,1.6659498713704635,0.5971523851665239,1,qEHVI,0.56,0.02,0.34,0.0,0.04,0.0,0.0,0.0,0.0,0.0,0.0,0.04,0.0,0.0,0.0
8,3,3,2,False,1.6659498713704635,0.5971523851665239,2,qEHVI,0.74,0.0,0.2,0.0,0.0,0.0,0.0,0.0,0.0,0.0,0.0,0.02,0.0,0.04,0.0
8,3,3,2,False,1.6659498713704635,0.5971523851665239,3,qUCB,0.38,0.44,0.1,0.04,0.0,0.0,0.0,0.0,0.0,0.0,0.0,0.0,0.0,0.0,0.04
8,3,3,2,False,1.6659498713704635,0.5971523851665239,4,qUCB,0.0,0.52,0.4,0.04,0.0,0.0,0.0,0.0,0.0,0.0,0.0,0.0,0.0,0.0,0.04
8,4,2,3,False,1.673100080020002,0.4013099258345698,0,qEHVI,0.42,0.2,0.3,0.0,0.0,0.0,0.0,0.0,0.04,0.0,0.0,0.04,0.0,0.0,0.0
8,4,2,3,False,1.673100080020002,0.4013099258345698,1,qEHVI,0.56,0.02,0.34,0.0,0.04,0.0,0.0,0.0,0.0,0.0,0.0,0.04,0.0,0.0,0.0
8,4,2,3,False,1.673100080020002,0.4013099258345698,2,qUCB,0.38,0.22,0.32,0.04,0.0,0.0,0.0,0.0,0.0,0.0,0.0,0.0,0.0,0.04,0.0
8,4,2,3,False,1.673100080020002,0.4013099258345698,3,qUCB,0.0,0.52,0.4,0.04,0.0,0.0,0.0,0.0,0.0,0.0,0.0,0.0,0.0,0.0,0.04
8,4,2,3,False,1.673100080020002,0.4013099258345698,4,qUCB,0.48,0.08,0.34,0.04,0.0,0.0,0.0,0.0,0.0,0.0,0.0,0.0,0.0,0.04,0.02
8,5,1,4,False,1.641480095707694,0.19855862501422195,0,qEHVI,0.42,0.2,0.3,0.0,0.0,0.0,0.0,0.0,0.04,0.0,0.0,0.04,0.0,0.0,0.0
8,5,1,4,False,1.641480095707694,0.19855862501422195,1,qUCB,0.42,0.46,0.02,0.04,0.04,0.0,0.0,0.0,0.0,0.0,0.0,0.0,0.0,0.02,0.0
8,5,1,4,False,1.641480095707694,0.19855862501422195,2,qUCB,0.54,0.02,0.36,0.0,0.04,0.0,0.0,0.0,0.0,0.0,0.0,0.0,0.0,0.04,0.0
8,5,1,4,False,1.641480095707694,0.19855862501422195,3,qUCB,0.0,0.52,0.4,0.04,0.0,0.0,0.0,0.0,0.0,0.0,0.0,0.0,0.0,0.0,0.04
8,5,1,4,False,1.641480095707694,0.19855862501422195,4,qUCB,0.58,0.0,0.32,0.0,0.04,0.0,0.0,0.0,0.0,0.0,0.0,0.0,0.0,0.02,0.04
8,6,0,5,False,1.1807453330289088,0.4951210511658539,0,qUCB,0.52,0.02,0.36,0.0,0.04,0.0,0.0,0.0,0.0,0.0,0.0,0.04,0.0,0.02,0.0
8,6,0,5,False,1.1807453330289088,0.4951210511658539,1,qUCB,0.4,0.5,0.0,0.02,0.04,0.0,0.0,0.0,0.04,0.0,0.0,0.0,0.0,0.0,0.0
8,6,0,5,False,1.1807453330289088,0.4951210511658539,2,qUCB,0.44,0.12,0.4,0.0,0.0,0.0,0.0,0.0,0.0,0.0,0.0,0.04,0.0,0.0,0.0
8,6,0,5,False,1.1807453330289088,0.4951210511658539,3,qUCB,0.0,0.52,0.4,0.04,0.0,0.0,0.0,0.0,0.0,0.0,0.0,0.0,0.0,0.0,0.04
8,6,0,5,False,1.1807453330289088,0.4951210511658539,4,qUCB,0.46,0.44,0.0,0.04,0.04,0.0,0.0,0.0,0.02,0.0,0.0,0.0,0.0,0.0,0.0
9,1,5,0,False,2.845278499683141,0.9386695841796477,0,qEHVI,0.52,0.08,0.3,0.02,0.0,0.0,0.0,0.0,0.0,0.0,0.0,0.04,0.0,0.0,0.04
9,1,5,0,False,2.845278499683141,0.9386695841796477,1,qEHVI,0.42,0.0,0.48,0.04,0.04,0.0,0.0,0.0,0.02,0.0,0.0,0.0,0.0,0.0,0.0
9,1,5,0,False,2.845278499683141,0.9386695841796477,2,qEHVI,0.62,0.0,0.28,0.0,0.02,0.0,0.0,0.0,0.0,0.0,0.0,0.04,0.0,0.0,0.04
9,1,5,0,False,2.845278499683141,0.9386695841796477,3,qEHVI,0.62,0.24,0.04,0.0,0.0,0.0,0.0,0.0,0.0,0.0,0.0,0.02,0.0,0.04,0.04
9,1,5,0,False,2.845278499683141,0.9386695841796477,4,qEHVI,0.48,0.12,0.3,0.04,0.02,0.0,0.0,0.0,0.04,0.0,0.0,0.0,0.0,0.0,0.0
9,2,4,1,False,2.5535760317856924,0.17426910422193131,0,qEHVI,0.52,0.08,0.3,0.02,0.0,0.0,0.0,0.0,0.0,0.0,0.0,0.04,0.0,0.0,0.04
9,2,4,1,False,2.5535760317856924,0.17426910422193131,1,qEHVI,0.42,0.0,0.48,0.04,0.04,0.0,0.0,0.0,0.02,0.0,0.0,0.0,0.0,0.0,0.0
9,2,4,1,False,2.5535760317856924,0.17426910422193131,2,qEHVI,0.62,0.0,0.28,0.0,0.02,0.0,0.0,0.0,0.0,0.0,0.0,0.04,0.0,0.0,0.04
9,2,4,1,False,2.5535760317856924,0.17426910422193131,3,qEHVI,0.62,0.24,0.04,0.0,0.0,0.0,0.0,0.0,0.0,0.0,0.0,0.02,0.0,0.04,0.04
9,2,4,1,False,2.5535760317856924,0.17426910422193131,4,qUCB,0.0,0.14,0.78,0.0,0.0,0.0,0.0,0.0,0.04,0.0,0.0,0.0,0.0,0.04,0.0
9,3,3,2,True,2.524245288932512,0.09933061273512678,0,qEHVI,0.52,0.08,0.3,0.02,0.0,0.0,0.0,0.0,0.0,0.0,0.0,0.04,0.0,0.0,0.04
9,3,3,2,True,2.524245288932512,0.09933061273512678,1,qEHVI,0.42,0.0,0.48,0.04,0.04,0.0,0.0,0.0,0.02,0.0,0.0,0.0,0.0,0.0,0.0
9,3,3,2,True,2.524245288932512,0.09933061273512678,2,qEHVI,0.62,0.0,0.28,0.0,0.02,0.0,0.0,0.0,0.0,0.0,0.0,0.04,0.0,0.0,0.04
9,3,3,2,True,2.524245288932512,0.09933061273512678,3,qUCB,0.4,0.44,0.06,0.0,0.0,0.0,0.0,0.0,0.04,0.0,0.0,0.02,0.0,0.04,0.0
9,3,3,2,True,2.524245288932512,0.09933061273512678,4,qUCB,0.16,0.02,0.74,0.0,0.0,0.0,0.0,0.0,0.02,0.0,0.0,0.02,0.0,0.04,0.0
9,4,2,3,False,2.2947973047934065,0.4652115569802948,0,qEHVI,0.52,0.08,0.3,0.02,0.0,0.0,0.0,0.0,0.0,0.0,0.0,0.04,0.0,0.0,0.04
9,4,2,3,False,2.2947973047934065,0.4652115569802948,1,qEHVI,0.42,0.0,0.48,0.04,0.04,0.0,0.0,0.0,0.02,0.0,0.0,0.0,0.0,0.0,0.0
9,4,2,3,False,2.2947973047934065,0.4652115569802948,2,qUCB,0.4,0.44,0.06,0.0,0.0,0.0,0.0,0.0,0.04,0.0,0.0,0.02,0.0,0.04,0.0
9,4,2,3,False,2.2947973047934065,0.4652115569802948,3,qUCB,0.16,0.02,0.74,0.0,0.0,0.0,0.0,0.0,0.02,0.0,0.0,0.02,0.0,0.04,0.0
9,4,2,3,False,2.2947973047934065,0.4652115569802948,4,qUCB,0.0,0.14,0.78,0.0,0.0,0.0,0.0,0.0,0.04,0.0,0.0,0.0,0.0,0.04,0.0
9,5,1,4,False,1.8982730009546167,0.14758105250909814,0,qEHVI,0.52,0.08,0.3,0.02,0.0,0.0,0.0,0.0,0.0,0.0,0.0,0.04,0.0,0.0,0.04
9,5,1,4,False,1.8982730009546167,0.14758105250909814,1,qUCB,0.08,0.06,0.76,0.0,0.02,0.0,0.0,0.0,0.04,0.0,0.0,0.0,0.0,0.04,0.0
9,5,1,4,False,1.8982730009546167,0.14758105250909814,2,qUCB,0.38,0.46,0.06,0.0,0.04,0.0,0.0,0.0,0.02,0.0,0.0,0.0,0.0,0.04,0.0
9,5,1,4,False,1.8982730009546167,0.14758105250909814,3,qUCB,0.02,0.16,0.72,0.04,0.0,0.0,0.0,0.0,0.02,0.0,0.0,0.0,0.0,0.04,0.0
9,5,1,4,False,1.8982730009546167,0.14758105250909814,4,qUCB,0.02,0.46,0.42,0.04,0.02,0.0,0.0,0.0,0.04,0.0,0.0,0.0,0.0,0.0,0.0
9,6,0,5,False,1.3824267247830107,0.2556343544269666,0,qUCB,0.48,0.0,0.46,0.04,0.0,0.0,0.0,0.0,0.0,0.0,0.0,0.0,0.0,0.0,0.02
9,6,0,5,False,1.3824267247830107,0.2556343544269666,1,qUCB,0.0,0.18,0.74,0.04,0.0,0.0,0.0,0.0,0.0,0.0,0.0,0.02,0.0,0.02,0.0
9,6,0,5,False,1.3824267247830107,0.2556343544269666,2,qUCB,0.16,0.02,0.76,0.0,0.02,0.0,0.0,0.0,0.0,0.0,0.0,0.0,0.0,0.02,0.02
9,6,0,5,False,1.3824267247830107,0.2556343544269666,3,qUCB,0.02,0.46,0.42,0.04,0.02,0.0,0.0,0.0,0.04,0.0,0.0,0.0,0.0,0.0,0.0
9,6,0,5,False,1.3824267247830107,0.2556343544269666,4,qUCB,0.2,0.0,0.72,0.04,0.0,0.0,0.0,0.0,0.0,0.0,0.0,0.02,0.0,0.02,0.0
10,1,5,0,False,1.9517795306340366,0.5995908191011505,0,qEHVI,0.32,0.18,0.4,0.04,0.0,0.0,0.0,0.0,0.04,0.0,0.0,0.0,0.0,0.02,0.0
10,1,5,0,False,1.9517795306340366,0.5995908191011505,1,qEHVI,0.56,0.32,0.04,0.0,0.0,0.0,0.0,0.0,0.0,0.0,0.0,0.0,0.0,0.04,0.04
10,1,5,0,False,1.9517795306340366,0.5995908191011505,2,qEHVI,0.64,0.0,0.3,0.0,0.02,0.0,0.0,0.0,0.02,0.0,0.0,0.0,0.0,0.02,0.0
10,1,5,0,False,1.9517795306340366,0.5995908191011505,3,qEHVI,0.52,0.2,0.18,0.0,0.0,0.0,0.0,0.0,0.0,0.0,0.0,0.02,0.0,0.04,0.04
10,1,5,0,False,1.9517795306340366,0.5995908191011505,4,qEHVI,0.32,0.36,0.22,0.04,0.02,0.0,0.0,0.0,0.0,0.0,0.0,0.0,0.0,0.04,0.0
10,2,4,1,False,1.8651504506473005,0.07542717536056287,0,qEHVI,0.32,0.18,0.4,0.04,0.0,0.0,0.0,0.0,0.04,0.0,0.0,0.0,0.0,0.02,0.0
10,2,4,1,False,1.8651504506473005,0.07542717536056287,1,qEHVI,0.56,0.32,0.04,0.0,0.0,0.0,0.0,0.0,0.0,0.0,0.0,0.0,0.0,0.04,0.04
10,2,4,1,False,1.8651504506473005,0.07542717536056287,2,qEHVI,0.64,0.0,0.3,0.0,0.02,0.0,0.0,0.0,0.02,0.0,0.0,0.0,0.0,0.02,0.0
10,2,4,1,False,1.8651504506473005,0.07542717536056287,3,qEHVI,0.52,0.2,0.18,0.0,0.0,0.0,0.0,0.0,0.0,0.0,0.0,0.02,0.0,0.04,0.04
10,2,4,1,False,1.8651504506473005,0.07542717536056287,4,qUCB,0.22,0.28,0.4,0.04,0.02,0.0,0.0,0.0,0.0,0.0,0.0,0.0,0.0,0.0,0.04
10,3,3,2,True,1.60600293765765,0.13410302833712606,0,qEHVI,0.32,0.18,0.4,0.04,0.0,0.0,0.0,0.0,0.04,0.0,0.0,0.0,0.0,0.02,0.0
10,3,3,2,True,1.60600293765765,0.13410302833712606,1,qEHVI,0.56,0.32,0.04,0.0,0.0,0.0,0.0,0.0,0.0,0.0,0.0,0.0,0.0,0.04,0.04
10,3,3,2,True,1.60600293765765,0.13410302833712606,2,qEHVI,0.64,0.0,0.3,0.0,0.02,0.0,0.0,0.0,0.02,0.0,0.0,0.0,0.0,0.02,0.0
10,3,3,2,True,1.60600293765765,0.13410302833712606,3,qUCB,0.34,0.18,0.4,0.02,0.0,0.0,0.0,0.0,0.0,0.0,0.0,0.04,0.0,0.0,0.02
10,3,3,2,True,1.60600293765765,0.13410302833712606,4,qUCB,0.26,0.4,0.24,0.04,0.02,0.0,0.0,0.0,0.0,0.0,0.0,0.04,0.0,0.0,0.0
10,4,2,3,False,1.310876573899999,0.1451186886908964,0,qEHVI,0.32,0.18,0.4,0.04,0.0,0.0,0.0,0.0,0.04,0.0,0.0,0.0,0.0,0.02,0.0
10,4,2,3,False,1.310876573899999,0.1451186886908964,1,qEHVI,0.56,0.32,0.04,0.0,0.0,0.0,0.0,0.0,0.0,0.0,0.0,0.0,0.0,0.04,0.04
10,4,2,3,False,1.310876573899999,0.1451186886908964,2,qUCB,0.36,0.18,0.36,0.02,0.04,0.0,0.0,0.0,0.0,0.0,0.0,0.04,0.0,0.0,0.0
10,4,2,3,False,1.310876573899999,0.1451186886908964,3,qUCB,0.0,0.02,0.96,0.0,0.0,0.0,0.0,0.0,0.0,0.0,0.0,0.02,0.0,0.0,0.0
10,4,2,3,False,1.310876573899999,0.1451186886908964,4,qUCB,0.14,0.56,0.2,0.04,0.02,0.0,0.0,0.0,0.0,0.0,0.0,0.04,0.0,0.0,0.0
10,5,1,4,False,0.8740201553477103,0.3803892522003096,0,qEHVI,0.32,0.18,0.4,0.04,0.0,0.0,0.0,0.0,0.04,0.0,0.0,0.0,0.0,0.02,0.0
10,5,1,4,False,0.8740201553477103,0.3803892522003096,1,qUCB,0.38,0.14,0.38,0.0,0.02,0.0,0.0,0.0,0.0,0.0,0.0,0.04,0.0,0.0,0.04
10,5,1,4,False,0.8740201553477103,0.3803892522003096,2,qUCB,0.26,0.58,0.06,0.0,0.04,0.0,0.0,0.0,0.0,0.0,0.0,0.04,0.0,0.0,0.02
10,5,1,4,False,0.8740201553477103,0.3803892522003096,3,qUCB,0.18,0.72,0.0,0.0,0.02,0.0,0.0,0.0,0.0,0.0,0.0,0.04,0.0,0.0,0.04
10,5,1,4,False,0.8740201553477103,0.3803892522003096,4,qUCB,0.86,0.0,0.1,0.0,0.0,0.0,0.0,0.0,0.0,0.0,0.0,0.0,0.0,0.0,0.04
10,6,0,5,False,1.2539751725546275,0.4896808577044496,0,qUCB,0.32,0.18,0.4,0.04,0.0,0.0,0.0,0.0,0.04,0.0,0.0,0.0,0.0,0.02,0.0
10,6,0,5,False,1.2539751725546275,0.4896808577044496,1,qUCB,0.32,0.36,0.22,0.04,0.02,0.0,0.0,0.0,0.0,0.0,0.0,0.0,0.0,0.04,0.0
10,6,0,5,False,1.2539751725546275,0.4896808577044496,2,qUCB,0.64,0.26,0.0,0.04,0.0,0.0,0.0,0.0,0.0,0.0,0.0,0.02,0.0,0.02,0.02
10,6,0,5,False,1.2539751725546275,0.4896808577044496,3,qUCB,0.0,0.0,0.96,0.0,0.0,0.0,0.0,0.0,0.0,0.0,0.0,0.02,0.0,0.02,0.0
10,6,0,5,False,1.2539751725546275,0.4896808577044496,4,qUCB,0.02,0.74,0.16,0.04,0.0,0.0,0.0,0.0,0.0,0.0,0.0,0.0,0.0,0.02,0.02
11,1,5,0,False,1.5695516038192414,0.2638609520629096,0,qEHVI,0.4,0.22,0.28,0.04,0.0,0.0,0.0,0.0,0.0,0.0,0.0,0.0,0.0,0.02,0.04
11,1,5,0,False,1.5695516038192414,0.2638609520629096,1,qEHVI,0.64,0.0,0.3,0.0,0.02,0.0,0.0,0.0,0.0,0.0,0.0,0.0,0.0,0.0,0.04
11,1,5,0,False,1.5695516038192414,0.2638609520629096,2,qEHVI,0.4,0.2,0.3,0.04,0.0,0.0,0.0,0.0,0.02,0.0,0.0,0.02,0.0,0.0,0.02
11,1,5,0,False,1.5695516038192414,0.2638609520629096,3,qEHVI,0.42,0.08,0.4,0.0,0.0,0.0,0.0,0.0,0.02,0.0,0.0,0.04,0.0,0.04,0.0
11,1,5,0,False,1.5695516038192414,0.2638609520629096,4,qEHVI,0.58,0.32,0.0,0.0,0.0,0.0,0.0,0.0,0.0,0.0,0.0,0.02,0.0,0.04,0.04
11,2,4,1,False,1.4910342918207087,0.10103322234122913,0,qEHVI,0.4,0.22,0.28,0.04,0.0,0.0,0.0,0.0,0.0,0.0,0.0,0.0,0.0,0.02,0.04
11,2,4,1,False,1.4910342918207087,0.10103322234122913,1,qEHVI,0.64,0.0,0.3,0.0,0.02,0.0,0.0,0.0,0.0,0.0,0.0,0.0,0.0,0.0,0.04
11,2,4,1,False,1.4910342918207087,0.10103322234122913,2,qEHVI,0.4,0.2,0.3,0.04,0.0,0.0,0.0,0.0,0.02,0.0,0.0,0.02,0.0,0.0,0.02
11,2,4,1,False,1.4910342918207087,0.10103322234122913,3,qEHVI,0.42,0.08,0.4,0.0,0.0,0.0,0.0,0.0,0.02,0.0,0.0,0.04,0.0,0.04,0.0
11,2,4,1,False,1.4910342918207087,0.10103322234122913,4,qUCB,0.4,0.1,0.4,0.0,0.04,0.0,0.0,0.0,0.02,0.0,0.0,0.0,0.0,0.04,0.0
11,3,3,2,True,1.4514577525136478,0.15294422329944046,0,qEHVI,0.4,0.22,0.28,0.04,0.0,0.0,0.0,0.0,0.0,0.0,0.0,0.0,0.0,0.02,0.04
11,3,3,2,True,1.4514577525136478,0.15294422329944046,1,qEHVI,0.64,0.0,0.3,0.0,0.02,0.0,0.0,0.0,0.0,0.0,0.0,0.0,0.0,0.0,0.04
11,3,3,2,True,1.4514577525136478,0.15294422329944046,2,qEHVI,0.4,0.2,0.3,0.04,0.0,0.0,0.0,0.0,0.02,0.0,0.0,0.02,0.0,0.0,0.02
11,3,3,2,True,1.4514577525136478,0.15294422329944046,3,qUCB,0.4,0.1,0.4,0.0,0.04,0.0,0.0,0.0,0.02,0.0,0.0,0.0,0.0,0.04,0.0
11,3,3,2,True,1.4514577525136478,0.15294422329944046,4,qUCB,0.02,0.0,0.98,0.0,0.0,0.0,0.0,0.0,0.0,0.0,0.0,0.0,0.0,0.0,0.0
11,4,2,3,False,1.2304856353369191,0.049861828647100204,0,qEHVI,0.4,0.22,0.28,0.04,0.0,0.0,0.0,0.0,0.0,0.0,0.0,0.0,0.0,0.02,0.04
11,4,2,3,False,1.2304856353369191,0.049861828647100204,1,qEHVI,0.64,0.0,0.3,0.0,0.02,0.0,0.0,0.0,0.0,0.0,0.0,0.0,0.0,0.0,0.04
11,4,2,3,False,1.2304856353369191,0.049861828647100204,2,qUCB,0.42,0.08,0.4,0.0,0.0,0.0,0.0,0.0,0.02,0.0,0.0,0.04,0.0,0.04,0.0
11,4,2,3,False,1.2304856353369191,0.049861828647100204,3,qUCB,0.02,0.0,0.98,0.0,0.0,0.0,0.0,0.0,0.0,0.0,0.0,0.0,0.0,0.0,0.0
11,4,2,3,False,1.2304856353369191,0.049861828647100204,4,qUCB,0.0,0.18,0.72,0.04,0.04,0.0,0.0,0.0,0.0,0.0,0.0,0.02,0.0,0.0,0.0
11,5,1,4,False,0.8868249569139112,0.06497296153754917,0,qEHVI,0.4,0.22,0.28,0.04,0.0,0.0,0.0,0.0,0.0,0.0,0.0,0.0,0.0,0.02,0.04
11,5,1,4,False,0.8868249569139112,0.06497296153754917,1,qUCB,0.44,0.06,0.4,0.0,0.04,0.0,0.0,0.0,0.0,0.0,0.0,0.04,0.0,0.02,0.0
11,5,1,4,False,0.8868249569139112,0.06497296153754917,2,qUCB,0.02,0.0,0.98,0.0,0.0,0.0,0.0,0.0,0.0,0.0,0.0,0.0,0.0,0.0,0.0
11,5,1,4,False,0.8868249569139112,0.06497296153754917,3,qUCB,0.34,0.02,0.58,0.0,0.02,0.0,0.0,0.0,0.0,0.0,0.0,0.04,0.0,0.0,0.0
11,5,1,4,False,0.8868249569139112,0.06497296153754917,4,qUCB,0.0,0.22,0.68,0.0,0.02,0.0,0.0,0.0,0.04,0.0,0.0,0.02,0.0,0.02,0.0
11,6,0,5,False,0.6026013351731074,0.6427089381270132,0,qUCB,0.42,0.22,0.26,0.04,0.0,0.0,0.0,0.0,0.0,0.0,0.0,0.02,0.0,0.0,0.04
11,6,0,5,False,0.6026013351731074,0.6427089381270132,1,qUCB,0.02,0.0,0.98,0.0,0.0,0.0,0.0,0.0,0.0,0.0,0.0,0.0,0.0,0.0,0.0
11,6,0,5,False,0.6026013351731074,0.6427089381270132,2,qUCB,0.42,0.0,0.56,0.0,0.0,0.0,0.0,0.0,0.02,0.0,0.0,0.0,0.0,0.0,0.0
11,6,0,5,False,0.6026013351731074,0.6427089381270132,3,qUCB,0.0,0.22,0.68,0.04,0.0,0.0,0.0,0.0,0.02,0.0,0.0,0.02,0.0,0.02,0.0
11,6,0,5,False,0.6026013351731074,0.6427089381270132,4,qUCB,0.86,0.0,0.1,0.0,0.0,0.0,0.0,0.0,0.0,0.0,0.0,0.02,0.0,0.02,0.0
12,1,5,0,False,0.8788412561689554,0.17666698518631996,0,qEHVI,0.48,0.26,0.18,0.0,0.0,0.0,0.0,0.0,0.0,0.0,0.0,0.04,0.0,0.04,0.0
12,1,5,0,False,0.8788412561689554,0.17666698518631996,1,qEHVI,0.54,0.36,0.02,0.0,0.02,0.0,0.0,0.0,0.02,0.0,0.0,0.0,0.0,0.04,0.0
12,1,5,0,False,0.8788412561689554,0.17666698518631996,2,qEHVI,0.68,0.22,0.0,0.0,0.02,0.0,0.0,0.0,0.0,0.0,0.0,0.0,0.0,0.04,0.04
12,1,5,0,False,0.8788412561689554,0.17666698518631996,3,qEHVI,0.48,0.38,0.04,0.0,0.02,0.0,0.0,0.0,0.0,0.0,0.0,0.04,0.0,0.04,0.0
12,1,5,0,False,0.8788412561689554,0.17666698518631996,4,qEHVI,0.42,0.1,0.38,0.02,0.04,0.0,0.0,0.0,0.04,0.0,0.0,0.0,0.0,0.0,0.0
12,2,4,1,False,0.8078972486607782,0.39112752202509077,0,qEHVI,0.48,0.26,0.18,0.0,0.0,0.0,0.0,0.0,0.0,0.0,0.0,0.04,0.0,0.04,0.0
12,2,4,1,False,0.8078972486607782,0.39112752202509077,1,qEHVI,0.54,0.36,0.02,0.0,0.02,0.0,0.0,0.0,0.02,0.0,0.0,0.0,0.0,0.04,0.0
12,2,4,1,False,0.8078972486607782,0.39112752202509077,2,qEHVI,0.64,0.28,0.0,0.0,0.0,0.0,0.0,0.0,0.02,0.0,0.0,0.04,0.0,0.02,0.0
12,2,4,1,False,0.8078972486607782,0.39112752202509077,3,qEHVI,0.48,0.38,0.04,0.0,0.02,0.0,0.0,0.0,0.0,0.0,0.0,0.04,0.0,0.04,0.0
12,2,4,1,False,0.8078972486607782,0.39112752202509077,4,qUCB,0.36,0.18,0.36,0.04,0.0,0.0,0.0,0.0,0.02,0.0,0.0,0.0,0.0,0.0,0.04
12,3,3,2,True,0.7218205824142289,0.6036352487185166,0,qEHVI,0.48,0.26,0.18,0.0,0.0,0.0,0.0,0.0,0.0,0.0,0.0,0.04,0.0,0.04,0.0
12,3,3,2,True,0.7218205824142289,0.6036352487185166,1,qEHVI,0.54,0.36,0.02,0.0,0.02,0.0,0.0,0.0,0.02,0.0,0.0,0.0,0.0,0.04,0.0
12,3,3,2,True,0.7218205824142289,0.6036352487185166,2,qEHVI,0.68,0.22,0.0,0.0,0.02,0.0,0.0,0.0,0.0,0.0,0.0,0.0,0.0,0.04,0.04
12,3,3,2,True,0.7218205824142289,0.6036352487185166,3,qUCB,0.38,0.18,0.38,0.04,0.0,0.0,0.0,0.0,0.0,0.0,0.0,0.0,0.0,0.0,0.02
12,3,3,2,True,0.7218205824142289,0.6036352487185166,4,qUCB,0.0,0.22,0.68,0.04,0.0,0.0,0.0,0.0,0.04,0.0,0.0,0.02,0.0,0.0,0.0
12,4,2,3,False,0.5385997258727846,0.16428055078994586,0,qEHVI,0.48,0.26,0.18,0.0,0.0,0.0,0.0,0.0,0.0,0.0,0.0,0.04,0.0,0.04,0.0
12,4,2,3,False,0.5385997258727846,0.16428055078994586,1,qEHVI,0.54,0.36,0.02,0.0,0.02,0.0,0.0,0.0,0.02,0.0,0.0,0.0,0.0,0.04,0.0
12,4,2,3,False,0.5385997258727846,0.16428055078994586,2,qUCB,0.36,0.18,0.36,0.04,0.0,0.0,0.0,0.0,0.02,0.0,0.0,0.0,0.0,0.0,0.04
12,4,2,3,False,0.5385997258727846,0.16428055078994586,3,qUCB,0.0,0.22,0.68,0.04,0.0,0.0,0.0,0.0,0.04,0.0,0.0,0.02,0.0,0.0,0.0
12,4,2,3,False,0.5385997258727846,0.16428055078994586,4,qUCB,0.0,0.18,0.74,0.04,0.02,0.0,0.0,0.0,0.0,0.0,0.0,0.0,0.0,0.0,0.02
12,5,1,4,False,0.4534566959239684,0.07119424486418957,0,qEHVI,0.48,0.26,0.18,0.0,0.0,0.0,0.0,0.0,0.0,0.0,0.0,0.04,0.0,0.04,0.0
12,5,1,4,False,0.4534566959239684,0.07119424486418957,1,qUCB,0.42,0.1,0.38,0.02,0.04,0.0,0.0,0.0,0.04,0.0,0.0,0.0,0.0,0.0,0.0
12,5,1,4,False,0.4534566959239684,0.07119424486418957,2,qUCB,0.0,0.22,0.7000000000000001,0.04,0.02,0.0,0.0,0.0,0.02,0.0,0.0,0.0,0.0,0.0,0.0
12,5,1,4,False,0.4534566959239684,0.07119424486418957,3,qUCB,0.0,0.76,0.14,0.04,0.0,0.0,0.0,0.0,0.02,0.0,0.0,0.0,0.0,0.0,0.04
12,5,1,4,False,0.4534566959239684,0.07119424486418957,4,qUCB,0.38,0.0,0.58,0.0,0.04,0.0,0.0,0.0,0.0,0.0,0.0,0.0,0.0,0.0,0.0
12,6,0,5,False,0.17970065285943934,0.3149502373307378,0,qUCB,0.4,0.14,0.36,0.04,0.02,0.0,0.0,0.0,0.0,0.0,0.0,0.04,0.0,0.0,0.0
12,6,0,5,False,0.17970065285943934,0.3149502373307378,1,qUCB,0.38,0.0,0.58,0.0,0.04,0.0,0.0,0.0,0.0,0.0,0.0,0.0,0.0,0.0,0.0
12,6,0,5,False,0.17970065285943934,0.3149502373307378,2,qUCB,0.0,0.22,0.68,0.04,0.0,0.0,0.0,0.0,0.04,0.0,0.0,0.02,0.0,0.0,0.0
12,6,0,5,False,0.17970065285943934,0.3149502373307378,3,qUCB,0.0,0.76,0.16,0.04,0.0,0.0,0.0,0.0,0.0,0.0,0.0,0.04,0.0,0.0,0.0
12,6,0,5,False,0.17970065285943934,0.3149502373307378,4,qUCB,0.0,0.5,0.42,0.04,0.02,0.0,0.0,0.0,0.0,0.0,0.0,0.0,0.0,0.0,0.02
13,1,5,0,True,2.2292461424373577,0.2079404549923285,0,qEHVI,0.36,0.52,0.04,0.0,0.04,0.0,0.0,0.0,0.0,0.0,0.0,0.0,0.0,0.0,0.04
13,1,5,0,True,2.2292461424373577,0.2079404549923285,1,qEHVI,0.4,0.1,0.4,0.02,0.0,0.0,0.0,0.0,0.02,0.0,0.0,0.0,0.0,0.02,0.04
13,1,5,0,True,2.2292461424373577,0.2079404549923285,2,qEHVI,0.54,0.0,0.36,0.0,0.0,0.0,0.0,0.0,0.02,0.0,0.0,0.0,0.0,0.04,0.04
13,1,5,0,True,2.2292461424373577,0.2079404549923285,3,qEHVI,0.62,0.34,0.0,0.0,0.0,0.0,0.0,0.0,0.0,0.0,0.0,0.0,0.0,0.0,0.04
13,1,5,0,True,2.2292461424373577,0.2079404549923285,4,qEHVI,0.28,0.62,0.0,0.0,0.04,0.0,0.0,0.0,0.02,0.0,0.0,0.0,0.0,0.0,0.04
13,2,4,1,False,1.899867508670197,0.22810658403127848,0,qEHVI,0.36,0.52,0.04,0.0,0.04,0.0,0.0,0.0,0.0,0.0,0.0,0.0,0.0,0.0,0.04
13,2,4,1,False,1.899867508670197,0.22810658403127848,1,qEHVI,0.4,0.1,0.4,0.02,0.0,0.0,0.0,0.0,0.02,0.0,0.0,0.0,0.0,0.02,0.04
13,2,4,1,False,1.899867508670197,0.22810658403127848,2,qEHVI,0.54,0.0,0.36,0.0,0.0,0.0,0.0,0.0,0.02,0.0,0.0,0.0,0.0,0.04,0.04
13,2,4,1,False,1.899867508670197,0.22810658403127848,3,qEHVI,0.88,0.02,0.0,0.04,0.0,0.0,0.0,0.0,0.0,0.0,0.0,0.0,0.0,0.02,0.04
13,2,4,1,False,1.899867508670197,0.22810658403127848,4,qUCB,0.34,0.52,0.04,0.0,0.02,0.0,0.0,0.0,0.04,0.0,0.0,0.04,0.0,0.0,0.0
13,3,3,2,False,1.7037656992253185,0.3484247692691349,0,qEHVI,0.36,0.52,0.04,0.0,0.04,0.0,0.0,0.0,0.0,0.0,0.0,0.0,0.0,0.0,0.04
13,3,3,2,False,1.7037656992253185,0.3484247692691349,1,qEHVI,0.4,0.1,0.4,0.02,0.0,0.0,0.0,0.0,0.02,0.0,0.0,0.0,0.0,0.02,0.04
13,3,3,2,False,1.7037656992253185,0.3484247692691349,2,qEHVI,0.54,0.0,0.36,0.0,0.0,0.0,0.0,0.0,0.02,0.0,0.0,0.0,0.0,0.04,0.04
13,3,3,2,False,1.7037656992253185,0.3484247692691349,3,qUCB,0.34,0.52,0.04,0.0,0.02,0.0,0.0,0.0,0.04,0.0,0.0,0.04,0.0,0.0,0.0
13,3,3,2,False,1.7037656992253185,0.3484247692691349,4,qUCB,0.42,0.3,0.18,0.04,0.02,0.0,0.0,0.0,0.0,0.0,0.0,0.04,0.0,0.0,0.0
13,4,2,3,False,1.4708495001821797,0.1473462606361884,0,qEHVI,0.36,0.52,0.04,0.0,0.04,0.0,0.0,0.0,0.0,0.0,0.0,0.0,0.0,0.0,0.04
13,4,2,3,False,1.4708495001821797,0.1473462606361884,1,qEHVI,0.4,0.1,0.4,0.02,0.0,0.0,0.0,0.0,0.02,0.0,0.0,0.0,0.0,0.02,0.04
13,4,2,3,False,1.4708495001821797,0.1473462606361884,2,qUCB,0.34,0.52,0.04,0.0,0.02,0.0,0.0,0.0,0.04,0.0,0.0,0.04,0.0,0.0,0.0
13,4,2,3,False,1.4708495001821797,0.1473462606361884,3,qUCB,0.42,0.3,0.18,0.04,0.02,0.0,0.0,0.0,0.0,0.0,0.0,0.04,0.0,0.0,0.0
13,4,2,3,False,1.4708495001821797,0.1473462606361884,4,qUCB,0.04,0.74,0.14,0.04,0.0,0.0,0.0,0.0,0.0,0.0,0.0,0.04,0.0,0.0,0.0
13,5,1,4,False,0.9712895179189567,0.16703383536350724,0,qEHVI,0.36,0.52,0.04,0.0,0.04,0.0,0.0,0.0,0.0,0.0,0.0,0.0,0.0,0.0,0.04
13,5,1,4,False,0.9712895179189567,0.16703383536350724,1,qUCB,0.42,0.1,0.4,0.04,0.0,0.0,0.0,0.0,0.0,0.0,0.0,0.04,0.0,0.0,0.0
13,5,1,4,False,0.9712895179189567,0.16703383536350724,2,qUCB,0.4,0.28,0.22,0.04,0.0,0.0,0.0,0.0,0.02,0.0,0.0,0.0,0.0,0.04,0.0
13,5,1,4,False,0.9712895179189567,0.16703383536350724,3,qUCB,0.0,0.32,0.58,0.04,0.0,0.0,0.0,0.0,0.04,0.0,0.0,0.02,0.0,0.0,0.0
13,5,1,4,False,0.9712895179189567,0.16703383536350724,4,qUCB,0.02,0.68,0.2,0.04,0.0,0.0,0.0,0.0,0.02,0.0,0.0,0.04,0.0,0.0,0.0
13,6,0,5,False,1.3629928301161143,0.34421294524584845,0,qUCB,0.36,0.52,0.04,0.0,0.04,0.0,0.0,0.0,0.0,0.0,0.0,0.0,0.0,0.0,0.04
13,6,0,5,False,1.3629928301161143,0.34421294524584845,1,qUCB,0.88,0.02,0.0,0.04,0.0,0.0,0.0,0.0,0.0,0.0,0.0,0.0,0.0,0.02,0.04
13,6,0,5,False,1.3629928301161143,0.34421294524584845,2,qUCB,0.02,0.72,0.16,0.04,0.02,0.0,0.0,0.0,0.02,0.0,0.0,0.0,0.0,0.02,0.0
13,6,0,5,False,1.3629928301161143,0.34421294524584845,3,qUCB,0.28,0.62,0.0,0.0,0.04,0.0,0.0,0.0,0.02,0.0,0.0,0.0,0.0,0.0,0.04
13,6,0,5,False,1.3629928301161143,0.34421294524584845,4,qUCB,0.42,0.34,0.2,0.04,0.0,0.0,0.0,0.0,0.0,0.0,0.0,0.0,0.0,0.0,0.0
14,1,5,0,False,1.396136683016764,0.4655441669855591,0,qEHVI,0.4,0.1,0.4,0.02,0.0,0.0,0.0,0.0,0.0,0.0,0.0,0.04,0.0,0.04,0.0
14,1,5,0,False,1.396136683016764,0.4655441669855591,1,qEHVI,0.64,0.26,0.0,0.0,0.02,0.0,0.0,0.0,0.02,0.0,0.0,0.02,0.0,0.0,0.04
14,1,5,0,False,1.396136683016764,0.4655441669855591,2,qEHVI,0.44,0.16,0.32,0.04,0.0,0.0,0.0,0.0,0.02,0.0,0.0,0.0,0.0,0.0,0.02
14,1,5,0,False,1.396136683016764,0.4655441669855591,3,qEHVI,0.38,0.44,0.1,0.04,0.0,0.0,0.0,0.0,0.0,0.0,0.0,0.04,0.0,0.0,0.0
14,1,5,0,False,1.396136683016764,0.4655441669855591,4,qEHVI,0.48,0.04,0.38,0.0,0.02,0.0,0.0,0.0,0.04,0.0,0.0,0.04,0.0,0.0,0.0
14,2,4,1,False,1.2549147144366073,0.17697344688063943,0,qEHVI,0.4,0.1,0.4,0.02,0.0,0.0,0.0,0.0,0.0,0.0,0.0,0.04,0.0,0.04,0.0
14,2,4,1,False,1.2549147144366073,0.17697344688063943,1,qEHVI,0.64,0.26,0.0,0.0,0.02,0.0,0.0,0.0,0.02,0.0,0.0,0.02,0.0,0.0,0.04
14,2,4,1,False,1.2549147144366073,0.17697344688063943,2,qEHVI,0.38,0.44,0.1,0.04,0.0,0.0,0.0,0.0,0.0,0.0,0.0,0.04,0.0,0.0,0.0
14,2,4,1,False,1.2549147144366073,0.17697344688063943,3,qEHVI,0.44,0.16,0.32,0.04,0.0,0.0,0.0,0.0,0.02,0.0,0.0,0.0,0.0,0.0,0.02
14,2,4,1,False,1.2549147144366073,0.17697344688063943,4,qUCB,0.44,0.06,0.4,0.0,0.04,0.0,0.0,0.0,0.02,0.0,0.0,0.0,0.0,0.04,0.0
14,3,3,2,True,1.031628054046417,0.07859102813345586,0,qEHVI,0.4,0.1,0.4,0.02,0.0,0.0,0.0,0.0,0.0,0.0,0.0,0.04,0.0,0.04,0.0
14,3,3,2,True,1.031628054046417,0.07859102813345586,1,qEHVI,0.64,0.26,0.0,0.0,0.02,0.0,0.0,0.0,0.02,0.0,0.0,0.02,0.0,0.0,0.04
14,3,3,2,True,1.031628054046417,0.07859102813345586,2,qEHVI,0.44,0.16,0.32,0.04,0.0,0.0,0.0,0.0,0.02,0.0,0.0,0.0,0.0,0.0,0.02
14,3,3,2,True,1.031628054046417,0.07859102813345586,3,qUCB,0.44,0.06,0.4,0.0,0.04,0.0,0.0,0.0,0.02,0.0,0.0,0.0,0.0,0.04,0.0
14,3,3,2,True,1.031628054046417,0.07859102813345586,4,qUCB,0.0,0.32,0.6,0.0,0.04,0.0,0.0,0.0,0.0,0.0,0.0,0.04,0.0,0.0,0.0
14,4,2,3,False,0.8244902438832533,0.19127179516909454,0,qEHVI,0.4,0.1,0.4,0.02,0.0,0.0,0.0,0.0,0.0,0.0,0.0,0.04,0.0,0.04,0.0
14,4,2,3,False,0.8244902438832533,0.19127179516909454,1,qEHVI,0.64,0.26,0.0,0.0,0.02,0.0,0.0,0.0,0.02,0.0,0.0,0.02,0.0,0.0,0.04
14,4,2,3,False,0.8244902438832533,0.19127179516909454,2,qUCB,0.38,0.3,0.24,0.04,0.0,0.0,0.0,0.0,0.04,0.0,0.0,0.0,0.0,0.0,0.0
14,4,2,3,False,0.8244902438832533,0.19127179516909454,3,qUCB,0.0,0.78,0.14,0.04,0.0,0.0,0.0,0.0,0.04,0.0,0.0,0.0,0.0,0.0,0.0
14,4,2,3,False,0.8244902438832533,0.19127179516909454,4,qUCB,0.0,0.3,0.6,0.04,0.04,0.0,0.0,0.0,0.02,0.0,0.0,0.0,0.0,0.0,0.0
14,5,1,4,False,0.814590382369531,0.23954580084406807,0,qEHVI,0.4,0.1,0.4,0.02,0.0,0.0,0.0,0.0,0.0,0.0,0.0,0.04,0.0,0.04,0.0
14,5,1,4,False,0.814590382369531,0.23954580084406807,1,qUCB,0.38,0.14,0.4,0.0,0.04,0.0,0.0,0.0,0.04,0.0,0.0,0.0,0.0,0.0,0.0
14,5,1,4,False,0.814590382369531,0.23954580084406807,2,qUCB,0.0,0.78,0.14,0.04,0.0,0.0,0.0,0.0,0.04,0.0,0.0,0.0,0.0,0.0,0.0
14,5,1,4,False,0.814590382369531,0.23954580084406807,3,qUCB,0.48,0.42,0.0,0.04,0.02,0.0,0.0,0.0,0.0,0.0,0.0,0.0,0.0,0.0,0.04
14,5,1,4,False,0.814590382369531,0.23954580084406807,4,qUCB,0.0,0.16,0.76,0.0,0.0,0.0,0.0,0.0,0.04,0.0,0.0,0.0,0.0,0.0,0.04
14,6,0,5,False,0.8613951741740855,0.5282942627046348,0,qUCB,0.4,0.1,0.4,0.02,0.0,0.0,0.0,0.0,0.0,0.0,0.0,0.04,0.0,0.04,0.0
14,6,0,5,False,0.8613951741740855,0.5282942627046348,1,qUCB,0.54,0.36,0.0,0.04,0.0,0.0,0.0,0.0,0.02,0.0,0.0,0.04,0.0,0.0,0.0
14,6,0,5,False,0.8613951741740855,0.5282942627046348,2,qUCB,0.04,0.7000000000000001,0.16,0.04,0.0,0.0,0.0,0.0,0.02,0.0,0.0,0.04,0.0,0.0,0.0
14,6,0,5,False,0.8613951741740855,0.5282942627046348,3,qUCB,0.42,0.26,0.22,0.04,0.02,0.0,0.0,0.0,0.0,0.0,0.0,0.04,0.0,0.0,0.0
14,6,0,5,False,0.8613951741740855,0.5282942627046348,4,qUCB,0.36,0.0,0.58,0.0,0.02,0.0,0.0,0.0,0.0,0.0,0.0,0.0,0.0,0.02,0.02
15,1,5,0,False,1.2748531185749945,0.42786342782732234,0,qEHVI,0.42,0.12,0.36,0.02,0.0,0.0,0.0,0.0,0.0,0.0,0.0,0.04,0.0,0.0,0.04
15,1,5,0,False,1.2748531185749945,0.42786342782732234,1,qEHVI,0.5,0.1,0.3,0.04,0.0,0.0,0.0,0.0,0.0,0.0,0.0,0.04,0.0,0.0,0.02
15,1,5,0,False,1.2748531185749945,0.42786342782732234,2,qEHVI,0.44,0.02,0.46,0.04,0.0,0.0,0.0,0.0,0.0,0.0,0.0,0.0,0.0,0.0,0.04
15,1,5,0,False,1.2748531185749945,0.42786342782732234,3,qEHVI,0.32,0.38,0.2,0.04,0.02,0.0,0.0,0.0,0.0,0.0,0.0,0.02,0.0,0.0,0.02
15,1,5,0,False,1.2748531185749945,0.42786342782732234,4,qEHVI,0.38,0.14,0.4,0.02,0.02,0.0,0.0,0.0,0.0,0.0,0.0,0.04,0.0,0.0,0.0
15,2,4,1,True,1.160598469251918,0.13520020634958652,0,qEHVI,0.42,0.12,0.36,0.02,0.0,0.0,0.0,0.0,0.0,0.0,0.0,0.04,0.0,0.0,0.04
15,2,4,1,True,1.160598469251918,0.13520020634958652,1,qEHVI,0.5,0.1,0.3,0.04,0.0,0.0,0.0,0.0,0.0,0.0,0.0,0.04,0.0,0.0,0.02
15,2,4,1,True,1.160598469251918,0.13520020634958652,2,qEHVI,0.44,0.02,0.46,0.04,0.0,0.0,0.0,0.0,0.0,0.0,0.0,0.0,0.0,0.0,0.04
15,2,4,1,True,1.160598469251918,0.13520020634958652,3,qEHVI,0.0,0.84,0.16,0.0,0.0,0.0,0.0,0.0,0.0,0.0,0.0,0.0,0.0,0.0,0.0
15,2,4,1,True,1.160598469251918,0.13520020634958652,4,qUCB,0.46,0.06,0.38,0.0,0.04,0.0,0.0,0.0,0.04,0.0,0.0,0.02,0.0,0.0,0.0
15,3,3,2,False,1.12271901718416,0.12425054716614214,0,qEHVI,0.42,0.12,0.36,0.02,0.0,0.0,0.0,0.0,0.0,0.0,0.0,0.04,0.0,0.0,0.04
15,3,3,2,False,1.12271901718416,0.12425054716614214,1,qEHVI,0.5,0.1,0.3,0.04,0.0,0.0,0.0,0.0,0.0,0.0,0.0,0.04,0.0,0.0,0.02
15,3,3,2,False,1.12271901718416,0.12425054716614214,2,qEHVI,0.44,0.02,0.46,0.04,0.0,0.0,0.0,0.0,0.0,0.0,0.0,0.0,0.0,0.0,0.04
15,3,3,2,False,1.12271901718416,0.12425054716614214,3,qUCB,0.38,0.4,0.12,0.0,0.02,0.0,0.0,0.0,0.04,0.0,0.0,0.0,0.0,0.04,0.0
15,3,3,2,False,1.12271901718416,0.12425054716614214,4,qUCB,0.0,0.84,0.16,0.0,0.0,0.0,0.0,0.0,0.0,0.0,0.0,0.0,0.0,0.0,0.0
15,4,2,3,False,0.9848606248027553,0.11558245757022245,0,qEHVI,0.42,0.12,0.36,0.02,0.0,0.0,0.0,0.0,0.0,0.0,0.0,0.04,0.0,0.0,0.04
15,4,2,3,False,0.9848606248027553,0.11558245757022245,1,qEHVI,0.5,0.1,0.3,0.04,0.0,0.0,0.0,0.0,0.0,0.0,0.0,0.04,0.0,0.0,0.02
15,4,2,3,False,0.9848606248027553,0.11558245757022245,2,qUCB,0.42,0.08,0.4,0.0,0.02,0.0,0.0,0.0,0.04,0.0,0.0,0.0,0.0,0.04,0.0
15,4,2,3,False,0.9848606248027553,0.11558245757022245,3,qUCB,0.0,0.84,0.16,0.0,0.0,0.0,0.0,0.0,0.0,0.0,0.0,0.0,0.0,0.0,0.0
15,4,2,3,False,0.9848606248027553,0.11558245757022245,4,qUCB,0.0,0.54,0.44,0.0,0.0,0.0,0.0,0.0,0.0,0.0,0.0,0.0,0.0,0.02,0.0
15,5,1,4,False,0.7774888280452279,0.030245316769892838,0,qEHVI,0.42,0.12,0.36,0.02,0.0,0.0,0.0,0.0,0.0,0.0,0.0,0.04,0.0,0.0,0.04
15,5,1,4,False,0.7774888280452279,0.030245316769892838,1,qUCB,0.38,0.34,0.18,0.0,0.04,0.0,0.0,0.0,0.04,0.0,0.0,0.0,0.0,0.02,0.0
15,5,1,4,False,0.7774888280452279,0.030245316769892838,2,qUCB,0.0,0.84,0.16,0.0,0.0,0.0,0.0,0.0,0.0,0.0,0.0,0.0,0.0,0.0,0.0
15,5,1,4,False,0.7774888280452279,0.030245316769892838,3,qUCB,0.0,0.54,0.44,0.0,0.0,0.0,0.0,0.0,0.0,0.0,0.0,0.0,0.0,0.02,0.0
15,5,1,4,False,0.7774888280452279,0.030245316769892838,4,qUCB,0.0,0.16,0.8,0.0,0.0,0.0,0.0,0.0,0.02,0.0,0.0,0.0,0.0,0.02,0.0
15,6,0,5,False,0.8264766089649894,0.005741754562301082,0,qUCB,0.42,0.12,0.36,0.02,0.0,0.0,0.0,0.0,0.0,0.0,0.0,0.04,0.0,0.0,0.04
15,6,0,5,False,0.8264766089649894,0.005741754562301082,1,qUCB,0.0,0.84,0.16,0.0,0.0,0.0,0.0,0.0,0.0,0.0,0.0,0.0,0.0,0.0,0.0
15,6,0,5,False,0.8264766089649894,0.005741754562301082,2,qUCB,0.0,0.54,0.44,0.0,0.0,0.0,0.0,0.0,0.0,0.0,0.0,0.0,0.0,0.02,0.0
15,6,0,5,False,0.8264766089649894,0.005741754562301082,3,qUCB,0.0,0.16,0.8,0.0,0.0,0.0,0.0,0.0,0.02,0.0,0.0,0.0,0.0,0.02,0.0
15,6,0,5,False,0.8264766089649894,0.005741754562301082,4,qUCB,0.0,0.66,0.28,0.04,0.0,0.0,0.0,0.0,0.0,0.0,0.0,0.02,0.0,0.0,0.0
16,1,5,0,False,1.0894632258131836,0.569156382569026,0,qEHVI,0.46,0.44,0.0,0.04,0.0,0.0,0.0,0.0,0.0,0.0,0.0,0.04,0.0,0.0,0.02
16,1,5,0,False,1.0894632258131836,0.569156382569026,1,qEHVI,0.32,0.38,0.2,0.04,0.0,0.0,0.0,0.0,0.0,0.0,0.0,0.02,0.0,0.02,0.02
16,1,5,0,False,1.0894632258131836,0.569156382569026,2,qEHVI,0.38,0.14,0.4,0.04,0.0,0.0,0.0,0.0,0.02,0.0,0.0,0.02,0.0,0.0,0.0
16,1,5,0,False,1.0894632258131836,0.569156382569026,3,qEHVI,0.54,0.08,0.36,0.0,0.02,0.0,0.0,0.0,0.0,0.0,0.0,0.0,0.0,0.0,0.0
16,1,5,0,False,1.0894632258131836,0.569156382569026,4,qEHVI,0.74,0.16,0.0,0.04,0.0,0.0,0.0,0.0,0.02,0.0,0.0,0.04,0.0,0.0,0.0
16,2,4,1,False,1.0486320754374097,0.18455084395567223,0,qEHVI,0.46,0.44,0.0,0.04,0.0,0.0,0.0,0.0,0.0,0.0,0.0,0.04,0.0,0.0,0.02
16,2,4,1,False,1.0486320754374097,0.18455084395567223,1,qEHVI,0.38,0.14,0.4,0.04,0.0,0.0,0.0,0.0,0.02,0.0,0.0,0.02,0.0,0.0,0.0
16,2,4,1,False,1.0486320754374097,0.18455084395567223,2,qEHVI,0.54,0.08,0.36,0.0,0.02,0.0,0.0,0.0,0.0,0.0,0.0,0.0,0.0,0.0,0.0
16,2,4,1,False,1.0486320754374097,0.18455084395567223,3,qEHVI,0.32,0.38,0.2,0.04,0.0,0.0,0.0,0.0,0.0,0.0,0.0,0.02,0.0,0.02,0.02
16,2,4,1,False,1.0486320754374097,0.18455084395567223,4,qUCB,0.4,0.12,0.38,0.0,0.0,0.0,0.0,0.0,0.04,0.0,0.0,0.0,0.0,0.02,0.04
16,3,3,2,True,0.8616317891437291,0.027496402389028285,0,qEHVI,0.46,0.44,0.0,0.04,0.0,0.0,0.0,0.0,0.0,0.0,0.0,0.04,0.0,0.0,0.02
16,3,3,2,True,0.8616317891437291,0.027496402389028285,1,qEHVI,0.32,0.38,0.2,0.04,0.0,0.0,0.0,0.0,0.0,0.0,0.0,0.02,0.0,0.02,0.02
16,3,3,2,True,0.8616317891437291,0.027496402389028285,2,qEHVI,0.38,0.14,0.4,0.04,0.0,0.0,0.0,0.0,0.02,0.0,0.0,0.02,0.0,0.0,0.0
16,3,3,2,True,0.8616317891437291,0.027496402389028285,3,qUCB,0.38,0.12,0.4,0.0,0.04,0.0,0.0,0.0,0.02,0.0,0.0,0.0,0.0,0.04,0.0
16,3,3,2,True,0.8616317891437291,0.027496402389028285,4,qUCB,0.0,0.2,0.76,0.0,0.02,0.0,0.0,0.0,0.0,0.0,0.0,0.0,0.0,0.02,0.0
16,4,2,3,False,0.6480244481541378,0.0969148263494457,0,qEHVI,0.46,0.44,0.0,0.04,0.0,0.0,0.0,0.0,0.0,0.0,0.0,0.04,0.0,0.0,0.02
16,4,2,3,False,0.6480244481541378,0.0969148263494457,1,qEHVI,0.32,0.38,0.2,0.04,0.0,0.0,0.0,0.0,0.0,0.0,0.0,0.02,0.0,0.02,0.02
16,4,2,3,False,0.6480244481541378,0.0969148263494457,2,qUCB,0.36,0.14,0.42,0.0,0.04,0.0,0.0,0.0,0.04,0.0,0.0,0.0,0.0,0.0,0.0
16,4,2,3,False,0.6480244481541378,0.0969148263494457,3,qUCB,0.0,0.48,0.44,0.0,0.04,0.0,0.0,0.0,0.04,0.0,0.0,0.0,0.0,0.0,0.0
16,4,2,3,False,0.6480244481541378,0.0969148263494457,4,qUCB,0.0,0.14,0.8200000000000001,0.0,0.0,0.0,0.0,0.0,0.04,0.0,0.0,0.0,0.0,0.0,0.0
16,5,1,4,False,0.5218169601011374,0.3221062389589555,0,qEHVI,0.46,0.44,0.0,0.04,0.0,0.0,0.0,0.0,0.0,0.0,0.0,0.04,0.0,0.0,0.02
16,5,1,4,False,0.5218169601011374,0.3221062389589555,1,qUCB,0.38,0.12,0.4,0.0,0.04,0.0,0.0,0.0,0.02,0.0,0.0,0.0,0.0,0.04,0.0
16,5,1,4,False,0.5218169601011374,0.3221062389589555,2,qUCB,0.0,0.14,0.8,0.0,0.02,0.0,0.0,0.0,0.0,0.0,0.0,0.0,0.0,0.04,0.0
16,5,1,4,False,0.5218169601011374,0.3221062389589555,3,qUCB,0.0,0.48,0.44,0.0,0.04,0.0,0.0,0.0,0.04,0.0,0.0,0.0,0.0,0.0,0.0
16,5,1,4,False,0.5218169601011374,0.3221062389589555,4,qUCB,0.84,0.0,0.1,0.0,0.02,0.0,0.0,0.0,0.0,0.0,0.0,0.0,0.0,0.04,0.0
16,6,0,5,False,0.7133835191254536,0.12306161677495986,0,qUCB,0.32,0.38,0.2,0.04,0.0,0.0,0.0,0.0,0.0,0.0,0.0,0.02,0.0,0.02,0.02
16,6,0,5,False,0.7133835191254536,0.12306161677495986,1,qUCB,0.0,0.24,0.74,0.0,0.02,0.0,0.0,0.0,0.0,0.0,0.0,0.0,0.0,0.0,0.0
16,6,0,5,False,0.7133835191254536,0.12306161677495986,2,qUCB,0.0,0.52,0.44,0.0,0.02,0.0,0.0,0.0,0.0,0.0,0.0,0.0,0.0,0.02,0.0
16,6,0,5,False,0.7133835191254536,0.12306161677495986,3,qUCB,0.46,0.44,0.0,0.04,0.0,0.0,0.0,0.0,0.0,0.0,0.0,0.04,0.0,0.0,0.02
16,6,0,5,False,0.7133835191254536,0.12306161677495986,4,qUCB,0.0,0.16,0.8,0.02,0.0,0.0,0.0,0.0,0.0,0.0,0.0,0.0,0.0,0.02,0.0
17,1,5,0,False,0.9427554535830263,0.35800379319912956,0,qEHVI,0.4,0.42,0.08,0.02,0.0,0.0,0.0,0.0,0.0,0.0,0.0,0.04,0.0,0.0,0.04
17,1,5,0,False,0.9427554535830263,0.35800379319912956,1,qEHVI,0.6,0.32,0.0,0.0,0.0,0.0,0.0,0.0,0.0,0.0,0.0,0.02,0.0,0.02,0.04
17,1,5,0,False,0.9427554535830263,0.35800379319912956,2,qEHVI,0.46,0.1,0.36,0.0,0.0,0.0,0.0,0.0,0.02,0.0,0.0,0.0,0.0,0.02,0.04
17,1,5,0,False,0.9427554535830263,0.35800379319912956,3,qEHVI,0.42,0.0,0.5,0.04,0.0,0.0,0.0,0.0,0.0,0.0,0.0,0.04,0.0,0.0,0.0
17,1,5,0,False,0.9427554535830263,0.35800379319912956,4,qEHVI,0.44,0.18,0.3,0.04,0.0,0.0,0.0,0.0,0.02,0.0,0.0,0.0,0.0,0.0,0.02
17,2,4,1,False,0.910139174425843,0.22013902291309062,0,qEHVI,0.4,0.42,0.08,0.02,0.0,0.0,0.0,0.0,0.0,0.0,0.0,0.04,0.0,0.0,0.04
17,2,4,1,False,0.910139174425843,0.22013902291309062,1,qEHVI,0.6,0.32,0.0,0.0,0.0,0.0,0.0,0.0,0.0,0.0,0.0,0.02,0.0,0.02,0.04
17,2,4,1,False,0.910139174425843,0.22013902291309062,2,qEHVI,0.46,0.1,0.36,0.0,0.0,0.0,0.0,0.0,0.02,0.0,0.0,0.0,0.0,0.02,0.04
17,2,4,1,False,0.910139174425843,0.22013902291309062,3,qEHVI,0.42,0.0,0.5,0.04,0.0,0.0,0.0,0.0,0.0,0.0,0.0,0.04,0.0,0.0,0.0
17,2,4,1,False,0.910139174425843,0.22013902291309062,4,qUCB,0.44,0.08,0.38,0.02,0.04,0.0,0.0,0.0,0.0,0.0,0.0,0.0,0.0,0.04,0.0
17,3,3,2,True,0.6909170806322107,0.583881413686981,0,qEHVI,0.4,0.42,0.08,0.02,0.0,0.0,0.0,0.0,0.0,0.0,0.0,0.04,0.0,0.0,0.04
17,3,3,2,True,0.6909170806322107,0.583881413686981,1,qEHVI,0.6,0.32,0.0,0.0,0.0,0.0,0.0,0.0,0.0,0.0,0.0,0.02,0.0,0.02,0.04
17,3,3,2,True,0.6909170806322107,0.583881413686981,2,qEHVI,0.46,0.1,0.36,0.0,0.0,0.0,0.0,0.0,0.02,0.0,0.0,0.0,0.0,0.02,0.04
17,3,3,2,True,0.6909170806322107,0.583881413686981,3,qUCB,0.42,0.24,0.24,0.04,0.04,0.0,0.0,0.0,0.02,0.0,0.0,0.0,0.0,0.0,0.0
17,3,3,2,True,0.6909170806322107,0.583881413686981,4,qUCB,0.0,0.46,0.44,0.04,0.04,0.0,0.0,0.0,0.0,0.0,0.0,0.0,0.0,0.02,0.0
17,4,2,3,False,0.5877241159884122,0.08668556161067009,0,qEHVI,0.4,0.42,0.08,0.02,0.0,0.0,0.0,0.0,0.0,0.0,0.0,0.04,0.0,0.0,0.04
17,4,2,3,False,0.5877241159884122,0.08668556161067009,1,qEHVI,0.6,0.32,0.0,0.0,0.0,0.0,0.0,0.0,0.0,0.0,0.0,0.02,0.0,0.02,0.04
17,4,2,3,False,0.5877241159884122,0.08668556161067009,2,qUCB,0.36,0.12,0.42,0.04,0.02,0.0,0.0,0.0,0.04,0.0,0.0,0.0,0.0,0.0,0.0
17,4,2,3,False,0.5877241159884122,0.08668556161067009,3,qUCB,0.8200000000000001,0.0,0.08,0.04,0.02,0.0,0.0,0.0,0.04,0.0,0.0,0.0,0.0,0.0,0.0
17,4,2,3,False,0.5877241159884122,0.08668556161067009,4,qUCB,0.0,0.52,0.4,0.04,0.0,0.0,0.0,0.0,0.04,0.0,0.0,0.0,0.0,0.0,0.0
17,5,1,4,False,0.42323689728926117,0.09078236298959563,0,qEHVI,0.4,0.42,0.08,0.02,0.0,0.0,0.0,0.0,0.0,0.0,0.0,0.04,0.0,0.0,0.04
17,5,1,4,False,0.42323689728926117,0.09078236298959563,1,qUCB,0.46,0.04,0.4,0.0,0.04,0.0,0.0,0.0,0.04,0.0,0.0,0.0,0.0,0.02,0.0
17,5,1,4,False,0.42323689728926117,0.09078236298959563,2,qUCB,0.38,0.0,0.56,0.0,0.0,0.0,0.0,0.0,0.04,0.0,0.0,0.0,0.0,0.02,0.0
17,5,1,4,False,0.42323689728926117,0.09078236298959563,3,qUCB,0.84,0.02,0.12,0.0,0.02,0.0,0.0,0.0,0.0,0.0,0.0,0.0,0.0,0.0,0.0
17,5,1,4,False,0.42323689728926117,0.09078236298959563,4,qUCB,0.0,0.52,0.4,0.04,0.0,0.0,0.0,0.0,0.04,0.0,0.0,0.0,0.0,0.0,0.0
17,6,0,5,False,0.2803392967177668,0.025694067395212628,0,qUCB,0.42,0.1,0.38,0.02,0.0,0.0,0.0,0.0,0.04,0.0,0.0,0.04,0.0,0.0,0.0
17,6,0,5,False,0.2803392967177668,0.025694067395212628,1,qUCB,0.84,0.02,0.12,0.0,0.02,0.0,0.0,0.0,0.0,0.0,0.0,0.0,0.0,0.0,0.0
17,6,0,5,False,0.2803392967177668,0.025694067395212628,2,qUCB,0.36,0.0,0.58,0.0,0.0,0.0,0.0,0.0,0.0,0.0,0.0,0.04,0.0,0.0,0.02
17,6,0,5,False,0.2803392967177668,0.025694067395212628,3,qUCB,0.0,0.48,0.42,0.04,0.02,0.0,0.0,0.0,0.0,0.0,0.0,0.02,0.0,0.0,0.02
17,6,0,5,False,0.2803392967177668,0.025694067395212628,4,qUCB,0.98,0.0,0.0,0.0,0.0,0.0,0.0,0.0,0.0,0.0,0.0,0.0,0.0,0.02,0.0
18,1,5,0,False,0.9508369417834474,0.04264487288764285,0,qEHVI,0.0,0.54,0.42,0.04,0.0,0.0,0.0,0.0,0.0,0.0,0.0,0.0,0.0,0.0,0.0
18,1,5,0,False,0.9508369417834474,0.04264487288764285,1,qEHVI,0.64,0.3,0.0,0.0,0.0,0.0,0.0,0.0,0.02,0.0,0.0,0.04,0.0,0.0,0.0
18,1,5,0,False,0.9508369417834474,0.04264487288764285,2,qEHVI,0.44,0.0,0.46,0.02,0.0,0.0,0.0,0.0,0.02,0.0,0.0,0.04,0.0,0.02,0.0
18,1,5,0,False,0.9508369417834474,0.04264487288764285,3,qEHVI,0.0,0.34,0.64,0.0,0.02,0.0,0.0,0.0,0.0,0.0,0.0,0.0,0.0,0.0,0.0
18,1,5,0,False,0.9508369417834474,0.04264487288764285,4,qEHVI,0.38,0.14,0.4,0.0,0.0,0.0,0.0,0.0,0.0,0.0,0.0,0.04,0.0,0.04,0.0
18,2,4,1,False,0.9100541083038854,0.16464597686973703,0,qEHVI,0.0,0.54,0.42,0.04,0.0,0.0,0.0,0.0,0.0,0.0,0.0,0.0,0.0,0.0,0.0
18,2,4,1,False,0.9100541083038854,0.16464597686973703,1,qEHVI,0.64,0.3,0.0,0.0,0.0,0.0,0.0,0.0,0.02,0.0,0.0,0.04,0.0,0.0,0.0
18,2,4,1,False,0.9100541083038854,0.16464597686973703,2,qEHVI,0.44,0.0,0.46,0.02,0.0,0.0,0.0,0.0,0.02,0.0,0.0,0.04,0.0,0.02,0.0
18,2,4,1,False,0.9100541083038854,0.16464597686973703,3,qEHVI,0.0,0.34,0.64,0.0,0.02,0.0,0.0,0.0,0.0,0.0,0.0,0.0,0.0,0.0,0.0
18,2,4,1,False,0.9100541083038854,0.16464597686973703,4,qUCB,0.4,0.12,0.38,0.02,0.0,0.0,0.0,0.0,0.0,0.0,0.0,0.0,0.0,0.04,0.04
18,3,3,2,True,0.6861158980858642,0.8048174751919714,0,qEHVI,0.0,0.54,0.42,0.04,0.0,0.0,0.0,0.0,0.0,0.0,0.0,0.0,0.0,0.0,0.0
18,3,3,2,True,0.6861158980858642,0.8048174751919714,1,qEHVI,0.64,0.3,0.0,0.0,0.0,0.0,0.0,0.0,0.02,0.0,0.0,0.04,0.0,0.0,0.0
18,3,3,2,True,0.6861158980858642,0.8048174751919714,2,qEHVI,0.44,0.0,0.46,0.02,0.0,0.0,0.0,0.0,0.02,0.0,0.0,0.04,0.0,0.02,0.0
18,3,3,2,True,0.6861158980858642,0.8048174751919714,3,qUCB,0.48,0.04,0.38,0.0,0.04,0.0,0.0,0.0,0.0,0.0,0.0,0.0,0.0,0.02,0.04
18,3,3,2,True,0.6861158980858642,0.8048174751919714,4,qUCB,0.8,0.0,0.1,0.0,0.0,0.0,0.0,0.0,0.02,0.0,0.0,0.0,0.0,0.04,0.04
18,4,2,3,False,0.5230639191618575,0.13879219816505817,0,qEHVI,0.0,0.54,0.42,0.04,0.0,0.0,0.0,0.0,0.0,0.0,0.0,0.0,0.0,0.0,0.0
18,4,2,3,False,0.5230639191618575,0.13879219816505817,1,qEHVI,0.64,0.3,0.0,0.0,0.0,0.0,0.0,0.0,0.02,0.0,0.0,0.04,0.0,0.0,0.0
18,4,2,3,False,0.5230639191618575,0.13879219816505817,2,qUCB,0.4,0.12,0.38,0.0,0.02,0.0,0.0,0.0,0.0,0.0,0.0,0.0,0.0,0.04,0.04
18,4,2,3,False,0.5230639191618575,0.13879219816505817,3,qUCB,0.8,0.0,0.1,0.0,0.0,0.0,0.0,0.0,0.02,0.0,0.0,0.0,0.0,0.04,0.04
18,4,2,3,False,0.5230639191618575,0.13879219816505817,4,qUCB,0.3,0.04,0.56,0.0,0.0,0.0,0.0,0.0,0.02,0.0,0.0,0.0,0.0,0.04,0.04
18,5,1,4,False,0.3654712341928138,0.037223843606847495,0,qEHVI,0.0,0.54,0.42,0.04,0.0,0.0,0.0,0.0,0.0,0.0,0.0,0.0,0.0,0.0,0.0
18,5,1,4,False,0.3654712341928138,0.037223843606847495,1,qUCB,0.4,0.12,0.38,0.0,0.02,0.0,0.0,0.0,0.0,0.0,0.0,0.0,0.0,0.04,0.04
18,5,1,4,False,0.3654712341928138,0.037223843606847495,2,qUCB,0.8,0.0,0.1,0.0,0.0,0.0,0.0,0.0,0.02,0.0,0.0,0.0,0.0,0.04,0.04
18,5,1,4,False,0.3654712341928138,0.037223843606847495,3,qUCB,0.34,0.0,0.56,0.0,0.02,0.0,0.0,0.0,0.02,0.0,0.0,0.02,0.0,0.0,0.04
18,5,1,4,False,0.3654712341928138,0.037223843606847495,4,qUCB,0.0,0.52,0.38,0.0,0.0,0.0,0.0,0.0,0.02,0.0,0.0,0.04,0.0,0.04,0.0
18,6,0,5,False,0.29707759137484563,0.2032861536803221,0,qUCB,0.46,0.12,0.4,0.0,0.0,0.0,0.0,0.0,0.02,0.0,0.0,0.0,0.0,0.0,0.0
18,6,0,5,False,0.29707759137484563,0.2032861536803221,1,qUCB,0.4,0.0,0.56,0.04,0.0,0.0,0.0,0.0,0.0,0.0,0.0,0.0,0.0,0.0,0.0
18,6,0,5,False,0.29707759137484563,0.2032861536803221,2,qUCB,0.86,0.0,0.1,0.0,0.02,0.0,0.0,0.0,0.0,0.0,0.0,0.0,0.0,0.0,0.02
18,6,0,5,False,0.29707759137484563,0.2032861536803221,3,qUCB,0.0,0.56,0.38,0.04,0.0,0.0,0.0,0.0,0.0,0.0,0.0,0.0,0.0,0.0,0.02
18,6,0,5,False,0.29707759137484563,0.2032861536803221,4,qUCB,0.38,0.0,0.58,0.0,0.04,0.0,0.0,0.0,0.0,0.0,0.0,0.0,0.0,0.0,0.0
19,1,5,0,True,0.7594292469954875,0.13260595292983307,0,qEHVI,0.36,0.44,0.1,0.0,0.0,0.0,0.0,0.0,0.02,0.0,0.0,0.04,0.0,0.02,0.02
19,1,5,0,True,0.7594292469954875,0.13260595292983307,1,qEHVI,0.28,0.2,0.42,0.04,0.0,0.0,0.0,0.0,0.0,0.0,0.0,0.02,0.0,0.04,0.0
19,1,5,0,True,0.7594292469954875,0.13260595292983307,2,qEHVI,0.0,0.34,0.62,0.04,0.0,0.0,0.0,0.0,0.0,0.0,0.0,0.0,0.0,0.0,0.0
19,1,5,0,True,0.7594292469954875,0.13260595292983307,3,qEHVI,0.46,0.02,0.46,0.0,0.04,0.0,0.0,0.0,0.02,0.0,0.0,0.0,0.0,0.0,0.0
19,1,5,0,True,0.7594292469954875,0.13260595292983307,4,qEHVI,0.68,0.28,0.02,0.0,0.0,0.0,0.0,0.0,0.0,0.0,0.0,0.02,0.0,0.0,0.0
19,2,4,1,False,0.6798244599626675,0.2883334353728304,0,qEHVI,0.36,0.44,0.1,0.0,0.0,0.0,0.0,0.0,0.02,0.0,0.0,0.04,0.0,0.02,0.02
19,2,4,1,False,0.6798244599626675,0.2883334353728304,1,qEHVI,0.28,0.2,0.42,0.04,0.0,0.0,0.0,0.0,0.0,0.0,0.0,0.02,0.0,0.04,0.0
19,2,4,1,False,0.6798244599626675,0.2883334353728304,2,qEHVI,0.0,0.34,0.62,0.04,0.0,0.0,0.0,0.0,0.0,0.0,0.0,0.0,0.0,0.0,0.0
19,2,4,1,False,0.6798244599626675,0.2883334353728304,3,qEHVI,0.46,0.02,0.46,0.0,0.04,0.0,0.0,0.0,0.02,0.0,0.0,0.0,0.0,0.0,0.0
19,2,4,1,False,0.6798244599626675,0.2883334353728304,4,qUCB,0.42,0.1,0.4,0.0,0.0,0.0,0.0,0.0,0.04,0.0,0.0,0.0,0.0,0.04,0.0
19,3,3,2,False,0.6700745402447065,0.1190118062446639,0,qEHVI,0.36,0.44,0.1,0.0,0.0,0.0,0.0,0.0,0.02,0.0,0.0,0.04,0.0,0.02,0.02
19,3,3,2,False,0.6700745402447065,0.1190118062446639,1,qEHVI,0.28,0.2,0.42,0.04,0.0,0.0,0.0,0.0,0.0,0.0,0.0,0.02,0.0,0.04,0.0
19,3,3,2,False,0.6700745402447065,0.1190118062446639,2,qEHVI,0.46,0.02,0.46,0.0,0.04,0.0,0.0,0.0,0.02,0.0,0.0,0.0,0.0,0.0,0.0
19,3,3,2,False,0.6700745402447065,0.1190118062446639,3,qUCB,0.42,0.12,0.4,0.02,0.0,0.0,0.0,0.0,0.0,0.0,0.0,0.0,0.0,0.0,0.04
19,3,3,2,False,0.6700745402447065,0.1190118062446639,4,qUCB,0.84,0.02,0.06,0.04,0.0,0.0,0.0,0.0,0.0,0.0,0.0,0.0,0.0,0.0,0.04
19,4,2,3,False,0.4915957195652899,0.20744655393585354,0,qEHVI,0.36,0.44,0.1,0.0,0.0,0.0,0.0,0.0,0.02,0.0,0.0,0.04,0.0,0.02,0.02
19,4,2,3,False,0.4915957195652899,0.20744655393585354,1,qEHVI,0.28,0.2,0.42,0.04,0.0,0.0,0.0,0.0,0.0,0.0,0.0,0.02,0.0,0.04,0.0
19,4,2,3,False,0.4915957195652899,0.20744655393585354,2,qUCB,0.46,0.04,0.4,0.02,0.04,0.0,0.0,0.0,0.0,0.0,0.0,0.0,0.0,0.0,0.04
19,4,2,3,False,0.4915957195652899,0.20744655393585354,3,qUCB,0.84,0.02,0.06,0.04,0.0,0.0,0.0,0.0,0.0,0.0,0.0,0.0,0.0,0.0,0.04
19,4,2,3,False,0.4915957195652899,0.20744655393585354,4,qUCB,0.76,0.0,0.16,0.0,0.04,0.0,0.0,0.0,0.04,0.0,0.0,0.0,0.0,0.0,0.0
19,5,1,4,False,0.5284323041867746,0.0728481628536799,0,qEHVI,0.36,0.44,0.1,0.0,0.0,0.0,0.0,0.0,0.02,0.0,0.0,0.04,0.0,0.02,0.02
19,5,1,4,False,0.5284323041867746,0.0728481628536799,1,qUCB,0.4,0.12,0.4,0.04,0.04,0.0,0.0,0.0,0.0,0.0,0.0,0.0,0.0,0.0,0.0
19,5,1,4,False,0.5284323041867746,0.0728481628536799,2,qUCB,0.76,0.08,0.06,0.04,0.04,0.0,0.0,0.0,0.0,0.0,0.0,0.0,0.0,0.0,0.02
19,5,1,4,False,0.5284323041867746,0.0728481628536799,3,qUCB,0.36,0.0,0.56,0.0,0.04,0.0,0.0,0.0,0.0,0.0,0.0,0.0,0.0,0.04,0.0
19,5,1,4,False,0.5284323041867746,0.0728481628536799,4,qUCB,0.3,0.2,0.42,0.04,0.04,0.0,0.0,0.0,0.0,0.0,0.0,0.0,0.0,0.0,0.0
19,6,0,5,False,0.37616421309206555,0.26022793385100407,0,qUCB,0.44,0.12,0.4,0.02,0.02,0.0,0.0,0.0,0.0,0.0,0.0,0.0,0.0,0.0,0.0
19,6,0,5,False,0.37616421309206555,0.26022793385100407,1,qUCB,0.4,0.0,0.56,0.0,0.0,0.0,0.0,0.0,0.0,0.0,0.0,0.02,0.0,0.0,0.02
19,6,0,5,False,0.37616421309206555,0.26022793385100407,2,qUCB,0.0,0.68,0.3,0.0,0.02,0.0,0.0,0.0,0.0,0.0,0.0,0.0,0.0,0.0,0.0
19,6,0,5,False,0.37616421309206555,0.26022793385100407,3,qUCB,0.38,0.48,0.1,0.0,0.0,0.0,0.0,0.0,0.02,0.0,0.0,0.0,0.0,0.0,0.02
19,6,0,5,False,0.37616421309206555,0.26022793385100407,4,qUCB,0.84,0.0,0.06,0.04,0.0,0.0,0.0,0.0,0.0,0.0,0.0,0.04,0.0,0.02,0.0
20,1,5,0,True,0.659245950872562,0.21478596336354094,0,qEHVI,0.0,0.3,0.68,0.0,0.0,0.0,0.0,0.0,0.0,0.0,0.0,0.0,0.0,0.02,0.0
20,1,5,0,True,0.659245950872562,0.21478596336354094,1,qEHVI,0.48,0.12,0.3,0.02,0.0,0.0,0.0,0.0,0.02,0.0,0.0,0.02,0.0,0.0,0.04
20,1,5,0,True,0.659245950872562,0.21478596336354094,2,qEHVI,0.4,0.12,0.38,0.04,0.0,0.0,0.0,0.0,0.0,0.0,0.0,0.04,0.0,0.02,0.0
20,1,5,0,True,0.659245950872562,0.21478596336354094,3,qEHVI,0.48,0.0,0.44,0.02,0.0,0.0,0.0,0.0,0.0,0.0,0.0,0.04,0.0,0.02,0.0
20,1,5,0,True,0.659245950872562,0.21478596336354094,4,qEHVI,0.44,0.18,0.3,0.04,0.0,0.0,0.0,0.0,0.02,0.0,0.0,0.0,0.0,0.0,0.02
20,2,4,1,False,0.6030425079020344,0.13325413528478514,0,qEHVI,0.0,0.3,0.68,0.0,0.0,0.0,0.0,0.0,0.0,0.0,0.0,0.0,0.0,0.02,0.0
20,2,4,1,False,0.6030425079020344,0.13325413528478514,1,qEHVI,0.48,0.12,0.3,0.02,0.0,0.0,0.0,0.0,0.02,0.0,0.0,0.02,0.0,0.0,0.04
20,2,4,1,False,0.6030425079020344,0.13325413528478514,2,qEHVI,0.4,0.12,0.38,0.04,0.0,0.0,0.0,0.0,0.0,0.0,0.0,0.04,0.0,0.02,0.0
20,2,4,1,False,0.6030425079020344,0.13325413528478514,3,qEHVI,0.48,0.0,0.44,0.02,0.0,0.0,0.0,0.0,0.0,0.0,0.0,0.04,0.0,0.02,0.0
20,2,4,1,False,0.6030425079020344,0.13325413528478514,4,qUCB,0.36,0.14,0.4,0.02,0.04,0.0,0.0,0.0,0.04,0.0,0.0,0.0,0.0,0.0,0.0
20,3,3,2,False,0.5272270898671993,0.06258000019162147,0,qEHVI,0.0,0.3,0.68,0.0,0.0,0.0,0.0,0.0,0.0,0.0,0.0,0.0,0.0,0.02,0.0
20,3,3,2,False,0.5272270898671993,0.06258000019162147,1,qEHVI,0.48,0.12,0.3,0.02,0.0,0.0,0.0,0.0,0.02,0.0,0.0,0.02,0.0,0.0,0.04
20,3,3,2,False,0.5272270898671993,0.06258000019162147,2,qEHVI,0.4,0.12,0.38,0.04,0.0,0.0,0.0,0.0,0.0,0.0,0.0,0.04,0.0,0.02,0.0
20,3,3,2,False,0.5272270898671993,0.06258000019162147,3,qUCB,0.36,0.14,0.4,0.02,0.04,0.0,0.0,0.0,0.04,0.0,0.0,0.0,0.0,0.0,0.0
20,3,3,2,False,0.5272270898671993,0.06258000019162147,4,qUCB,0.74,0.02,0.14,0.0,0.02,0.0,0.0,0.0,0.04,0.0,0.0,0.0,0.0,0.04,0.0
20,4,2,3,False,0.5055712302961236,0.35174867229675666,0,qEHVI,0.0,0.3,0.68,0.0,0.0,0.0,0.0,0.0,0.0,0.0,0.0,0.0,0.0,0.02,0.0
20,4,2,3,False,0.5055712302961236,0.35174867229675666,1,qEHVI,0.48,0.12,0.3,0.02,0.0,0.0,0.0,0.0,0.02,0.0,0.0,0.02,0.0,0.0,0.04
20,4,2,3,False,0.5055712302961236,0.35174867229675666,2,qUCB,0.42,0.12,0.38,0.04,0.04,0.0,0.0,0.0,0.0,0.0,0.0,0.0,0.0,0.0,0.0
20,4,2,3,False,0.5055712302961236,0.35174867229675666,3,qUCB,0.8200000000000001,0.08,0.0,0.04,0.02,0.0,0.0,0.0,0.0,0.0,0.0,0.0,0.0,0.04,0.0
20,4,2,3,False,0.5055712302961236,0.35174867229675666,4,qUCB,0.0,0.66,0.3,0.04,0.0,0.0,0.0,0.0,0.0,0.0,0.0,0.0,0.0,0.0,0.0
20,5,1,4,False,0.37527126830978785,0.27962055762568894,0,qEHVI,0.0,0.3,0.68,0.0,0.0,0.0,0.0,0.0,0.0,0.0,0.0,0.0,0.0,0.02,0.0
20,5,1,4,False,0.37527126830978785,0.27962055762568894,1,qUCB,0.38,0.14,0.38,0.04,0.0,0.0,0.0,0.0,0.02,0.0,0.0,0.0,0.0,0.0,0.04
20,5,1,4,False,0.37527126830978785,0.27962055762568894,2,qUCB,0.86,0.0,0.04,0.04,0.0,0.0,0.0,0.0,0.04,0.0,0.0,0.02,0.0,0.0,0.0
20,5,1,4,False,0.37527126830978785,0.27962055762568894,3,qUCB,0.74,0.0,0.16,0.02,0.0,0.0,0.0,0.0,0.04,0.0,0.0,0.04,0.0,0.0,0.0
20,5,1,4,False,0.37527126830978785,0.27962055762568894,4,qUCB,0.78,0.0,0.12,0.0,0.02,0.0,0.0,0.0,0.04,0.0,0.0,0.02,0.0,0.0,0.02
20,6,0,5,False,0.341957779005344,0.0436042483858845,0,qUCB,0.4,0.12,0.38,0.04,0.0,0.0,0.0,0.0,0.0,0.0,0.0,0.04,0.0,0.02,0.0
20,6,0,5,False,0.341957779005344,0.0436042483858845,1,qUCB,0.0,0.7000000000000001,0.28,0.02,0.0,0.0,0.0,0.0,0.0,0.0,0.0,0.0,0.0,0.0,0.0
20,6,0,5,False,0.341957779005344,0.0436042483858845,2,qUCB,0.48,0.12,0.38,0.0,0.0,0.0,0.0,0.0,0.0,0.0,0.0,0.0,0.0,0.0,0.02
20,6,0,5,False,0.341957779005344,0.0436042483858845,3,qUCB,0.38,0.0,0.56,0.04,0.0,0.0,0.0,0.0,0.02,0.0,0.0,0.0,0.0,0.0,0.0
20,6,0,5,False,0.341957779005344,0.0436042483858845,4,qUCB,0.0,0.14,0.84,0.0,0.02,0.0,0.0,0.0,0.0,0.0,0.0,0.0,0.0,0.0,0.0
21,1,5,0,False,0.6135018542210737,0.22145069481698165,0,qEHVI,0.36,0.14,0.4,0.04,0.0,0.0,0.0,0.0,0.0,0.0,0.0,0.04,0.0,0.02,0.0
21,1,5,0,False,0.6135018542210737,0.22145069481698165,1,qEHVI,0.48,0.12,0.3,0.02,0.02,0.0,0.0,0.0,0.0,0.0,0.0,0.02,0.0,0.0,0.04
21,1,5,0,False,0.6135018542210737,0.22145069481698165,2,qEHVI,0.64,0.0,0.36,0.0,0.0,0.0,0.0,0.0,0.0,0.0,0.0,0.0,0.0,0.0,0.0
21,1,5,0,False,0.6135018542210737,0.22145069481698165,3,qEHVI,0.0,0.52,0.46,0.0,0.0,0.0,0.0,0.0,0.02,0.0,0.0,0.0,0.0,0.0,0.0
21,1,5,0,False,0.6135018542210737,0.22145069481698165,4,qEHVI,0.24,0.46,0.22,0.04,0.0,0.0,0.0,0.0,0.0,0.0,0.0,0.04,0.0,0.0,0.0
21,2,4,1,False,0.5868542853069548,0.12731459085315677,0,qEHVI,0.36,0.14,0.4,0.04,0.0,0.0,0.0,0.0,0.0,0.0,0.0,0.04,0.0,0.02,0.0
21,2,4,1,False,0.5868542853069548,0.12731459085315677,1,qEHVI,0.64,0.0,0.36,0.0,0.0,0.0,0.0,0.0,0.0,0.0,0.0,0.0,0.0,0.0,0.0
21,2,4,1,False,0.5868542853069548,0.12731459085315677,2,qEHVI,0.48,0.12,0.3,0.02,0.02,0.0,0.0,0.0,0.0,0.0,0.0,0.02,0.0,0.0,0.04
21,2,4,1,False,0.5868542853069548,0.12731459085315677,3,qEHVI,0.0,0.52,0.46,0.0,0.0,0.0,0.0,0.0,0.02,0.0,0.0,0.0,0.0,0.0,0.0
21,2,4,1,False,0.5868542853069548,0.12731459085315677,4,qUCB,0.46,0.08,0.36,0.0,0.04,0.0,0.0,0.0,0.02,0.0,0.0,0.0,0.0,0.04,0.0
21,3,3,2,True,0.5273812686178906,0.16338182537840495,0,qEHVI,0.36,0.14,0.4,0.04,0.0,0.0,0.0,0.0,0.0,0.0,0.0,0.04,0.0,0.02,0.0
21,3,3,2,True,0.5273812686178906,0.16338182537840495,1,qEHVI,0.64,0.0,0.36,0.0,0.0,0.0,0.0,0.0,0.0,0.0,0.0,0.0,0.0,0.0,0.0
21,3,3,2,True,0.5273812686178906,0.16338182537840495,2,qEHVI,0.0,0.52,0.46,0.0,0.0,0.0,0.0,0.0,0.02,0.0,0.0,0.0,0.0,0.0,0.0
21,3,3,2,True,0.5273812686178906,0.16338182537840495,3,qUCB,0.44,0.1,0.36,0.0,0.04,0.0,0.0,0.0,0.0,0.0,0.0,0.04,0.0,0.0,0.02
21,3,3,2,True,0.5273812686178906,0.16338182537840495,4,qUCB,0.32,0.48,0.1,0.04,0.04,0.0,0.0,0.0,0.0,0.0,0.0,0.0,0.0,0.0,0.02
21,4,2,3,False,0.4152832682279062,0.22525812269597578,0,qEHVI,0.36,0.14,0.4,0.04,0.0,0.0,0.0,0.0,0.0,0.0,0.0,0.04,0.0,0.02,0.0
21,4,2,3,False,0.4152832682279062,0.22525812269597578,1,qEHVI,0.64,0.0,0.36,0.0,0.0,0.0,0.0,0.0,0.0,0.0,0.0,0.0,0.0,0.0,0.0
21,4,2,3,False,0.4152832682279062,0.22525812269597578,2,qUCB,0.4,0.1,0.4,0.04,0.0,0.0,0.0,0.0,0.04,0.0,0.0,0.0,0.0,0.0,0.02
21,4,2,3,False,0.4152832682279062,0.22525812269597578,3,qUCB,0.0,0.64,0.26,0.04,0.02,0.0,0.0,0.0,0.04,0.0,0.0,0.0,0.0,0.0,0.0
21,4,2,3,False,0.4152832682279062,0.22525812269597578,4,qUCB,0.14,0.54,0.22,0.0,0.04,0.0,0.0,0.0,0.0,0.0,0.0,0.0,0.0,0.04,0.02
21,5,1,4,False,0.34912915585215876,0.22909330294221597,0,qEHVI,0.36,0.14,0.4,0.04,0.0,0.0,0.0,0.0,0.0,0.0,0.0,0.04,0.0,0.02,0.0
21,5,1,4,False,0.34912915585215876,0.22909330294221597,1,qUCB,0.42,0.1,0.38,0.0,0.0,0.0,0.0,0.0,0.04,0.0,0.0,0.0,0.0,0.02,0.04
21,5,1,4,False,0.34912915585215876,0.22909330294221597,2,qUCB,0.76,0.0,0.16,0.0,0.04,0.0,0.0,0.0,0.0,0.0,0.0,0.0,0.0,0.0,0.04
21,5,1,4,False,0.34912915585215876,0.22909330294221597,3,qUCB,0.32,0.42,0.18,0.0,0.04,0.0,0.0,0.0,0.0,0.0,0.0,0.0,0.0,0.0,0.04
21,5,1,4,False,0.34912915585215876,0.22909330294221597,4,qUCB,0.8200000000000001,0.02,0.06,0.0,0.04,0.0,0.0,0.0,0.04,0.0,0.0,0.0,0.0,0.0,0.02
21,6,0,5,False,0.2574326687258916,0.07507611047053331,0,qUCB,0.48,0.08,0.4,0.02,0.0,0.0,0.0,0.0,0.0,0.0,0.0,0.02,0.0,0.0,0.0
21,6,0,5,False,0.2574326687258916,0.07507611047053331,1,qUCB,0.0,0.64,0.28,0.04,0.0,0.0,0.0,0.0,0.0,0.0,0.0,0.0,0.0,0.02,0.02
21,6,0,5,False,0.2574326687258916,0.07507611047053331,2,qUCB,0.38,0.0,0.56,0.0,0.0,0.0,0.0,0.0,0.02,0.0,0.0,0.0,0.0,0.04,0.0
21,6,0,5,False,0.2574326687258916,0.07507611047053331,3,qUCB,0.0,0.64,0.34,0.0,0.0,0.0,0.0,0.0,0.02,0.0,0.0,0.0,0.0,0.0,0.0
21,6,0,5,False,0.2574326687258916,0.07507611047053331,4,qUCB,0.0,0.52,0.46,0.0,0.0,0.0,0.0,0.0,0.02,0.0,0.0,0.0,0.0,0.0,0.0
22,1,5,0,False,0.6426288856359182,0.1521531383396093,0,qEHVI,0.48,0.1,0.4,0.02,0.0,0.0,0.0,0.0,0.0,0.0,0.0,0.0,0.0,0.0,0.0
22,1,5,0,False,0.6426288856359182,0.1521531383396093,1,qEHVI,0.9,0.0,0.1,0.0,0.0,0.0,0.0,0.0,0.0,0.0,0.0,0.0,0.0,0.0,0.0
22,1,5,0,False,0.6426288856359182,0.1521531383396093,2,qEHVI,0.46,0.04,0.46,0.02,0.0,0.0,0.0,0.0,0.0,0.0,0.0,0.0,0.0,0.02,0.0
22,1,5,0,False,0.6426288856359182,0.1521531383396093,3,qEHVI,0.0,0.5,0.44,0.0,0.0,0.0,0.0,0.0,0.0,0.0,0.0,0.0,0.0,0.04,0.02
22,1,5,0,False,0.6426288856359182,0.1521531383396093,4,qEHVI,0.44,0.14,0.32,0.04,0.0,0.0,0.0,0.0,0.02,0.0,0.0,0.0,0.0,0.04,0.0
22,2,4,1,False,0.5886577411336557,0.07857599134490112,0,qEHVI,0.48,0.1,0.4,0.02,0.0,0.0,0.0,0.0,0.0,0.0,0.0,0.0,0.0,0.0,0.0
22,2,4,1,False,0.5886577411336557,0.07857599134490112,1,qEHVI,0.46,0.04,0.46,0.02,0.0,0.0,0.0,0.0,0.0,0.0,0.0,0.0,0.0,0.02,0.0
22,2,4,1,False,0.5886577411336557,0.07857599134490112,2,qEHVI,0.9,0.0,0.1,0.0,0.0,0.0,0.0,0.0,0.0,0.0,0.0,0.0,0.0,0.0,0.0
22,2,4,1,False,0.5886577411336557,0.07857599134490112,3,qEHVI,0.0,0.5,0.44,0.0,0.0,0.0,0.0,0.0,0.0,0.0,0.0,0.0,0.0,0.04,0.02
22,2,4,1,False,0.5886577411336557,0.07857599134490112,4,qUCB,0.4,0.12,0.38,0.0,0.02,0.0,0.0,0.0,0.0,0.0,0.0,0.04,0.0,0.0,0.04
22,3,3,2,False,0.49406775154334837,0.03181090745540205,0,qEHVI,0.48,0.1,0.4,0.02,0.0,0.0,0.0,0.0,0.0,0.0,0.0,0.0,0.0,0.0,0.0
22,3,3,2,False,0.49406775154334837,0.03181090745540205,1,qEHVI,0.9,0.0,0.1,0.0,0.0,0.0,0.0,0.0,0.0,0.0,0.0,0.0,0.0,0.0,0.0
22,3,3,2,False,0.49406775154334837,0.03181090745540205,2,qEHVI,0.46,0.04,0.46,0.02,0.0,0.0,0.0,0.0,0.0,0.0,0.0,0.0,0.0,0.02,0.0
22,3,3,2,False,0.49406775154334837,0.03181090745540205,3,qUCB,0.4,0.12,0.38,0.0,0.02,0.0,0.0,0.0,0.0,0.0,0.0,0.04,0.0,0.0,0.04
22,3,3,2,False,0.49406775154334837,0.03181090745540205,4,qUCB,0.36,0.0,0.56,0.0,0.04,0.0,0.0,0.0,0.0,0.0,0.0,0.04,0.0,0.0,0.0
22,4,2,3,True,0.4585772470251901,0.35799033333232755,0,qEHVI,0.48,0.1,0.4,0.02,0.0,0.0,0.0,0.0,0.0,0.0,0.0,0.0,0.0,0.0,0.0
22,4,2,3,True,0.4585772470251901,0.35799033333232755,1,qEHVI,0.46,0.04,0.46,0.02,0.0,0.0,0.0,0.0,0.0,0.0,0.0,0.0,0.0,0.02,0.0
22,4,2,3,True,0.4585772470251901,0.35799033333232755,2,qUCB,0.4,0.12,0.38,0.0,0.02,0.0,0.0,0.0,0.0,0.0,0.0,0.04,0.0,0.0,0.04
22,4,2,3,True,0.4585772470251901,0.35799033333232755,3,qUCB,0.36,0.0,0.56,0.0,0.04,0.0,0.0,0.0,0.0,0.0,0.0,0.04,0.0,0.0,0.0
22,4,2,3,True,0.4585772470251901,0.35799033333232755,4,qUCB,0.76,0.0,0.14,0.0,0.04,0.0,0.0,0.0,0.02,0.0,0.0,0.04,0.0,0.0,0.0
22,5,1,4,False,0.2902633503093441,0.12424787468319609,0,qEHVI,0.48,0.1,0.4,0.02,0.0,0.0,0.0,0.0,0.0,0.0,0.0,0.0,0.0,0.0,0.0
22,5,1,4,False,0.2902633503093441,0.12424787468319609,1,qUCB,0.4,0.12,0.38,0.0,0.02,0.0,0.0,0.0,0.0,0.0,0.0,0.04,0.0,0.0,0.04
22,5,1,4,False,0.2902633503093441,0.12424787468319609,2,qUCB,0.34,0.0,0.56,0.0,0.0,0.0,0.0,0.0,0.04,0.0,0.0,0.0,0.0,0.04,0.02
22,5,1,4,False,0.2902633503093441,0.12424787468319609,3,qUCB,0.02,0.62,0.26,0.0,0.0,0.0,0.0,0.0,0.0,0.0,0.0,0.02,0.0,0.04,0.04
22,5,1,4,False,0.2902633503093441,0.12424787468319609,4,qUCB,0.0,0.96,0.0,0.0,0.0,0.0,0.0,0.0,0.0,0.0,0.0,0.0,0.0,0.0,0.04
22,6,0,5,False,0.3715649808372827,0.031160847477743836,0,qUCB,0.48,0.1,0.4,0.02,0.0,0.0,0.0,0.0,0.0,0.0,0.0,0.0,0.0,0.0,0.0
22,6,0,5,False,0.3715649808372827,0.031160847477743836,1,qUCB,0.38,0.0,0.56,0.0,0.02,0.0,0.0,0.0,0.02,0.0,0.0,0.02,0.0,0.0,0.0
22,6,0,5,False,0.3715649808372827,0.031160847477743836,2,qUCB,0.0,0.64,0.28,0.04,0.0,0.0,0.0,0.0,0.0,0.0,0.0,0.04,0.0,0.0,0.0
22,6,0,5,False,0.3715649808372827,0.031160847477743836,3,qUCB,0.8200000000000001,0.0,0.14,0.0,0.0,0.0,0.0,0.0,0.04,0.0,0.0,0.0,0.0,0.0,0.0
22,6,0,5,False,0.3715649808372827,0.031160847477743836,4,qUCB,0.0,0.74,0.26,0.0,0.0,0.0,0.0,0.0,0.0,0.0,0.0,0.0,0.0,0.0,0.0
23,1,5,0,False,0.5666009182952436,0.005430832642099759,0,qEHVI,0.44,0.14,0.32,0.04,0.02,0.0,0.0,0.0,0.0,0.0,0.0,0.04,0.0,0.0,0.0
23,1,5,0,False,0.5666009182952436,0.005430832642099759,1,qEHVI,0.0,0.54,0.42,0.0,0.02,0.0,0.0,0.0,0.0,0.0,0.0,0.02,0.0,0.0,0.0
23,1,5,0,False,0.5666009182952436,0.005430832642099759,2,qEHVI,0.44,0.02,0.44,0.02,0.04,0.0,0.0,0.0,0.02,0.0,0.0,0.02,0.0,0.0,0.0
23,1,5,0,False,0.5666009182952436,0.005430832642099759,3,qEHVI,0.26,0.46,0.22,0.04,0.0,0.0,0.0,0.0,0.0,0.0,0.0,0.0,0.0,0.0,0.02
23,1,5,0,False,0.5666009182952436,0.005430832642099759,4,qEHVI,0.38,0.14,0.4,0.0,0.0,0.0,0.0,0.0,0.0,0.0,0.0,0.04,0.0,0.02,0.02
23,2,4,1,True,0.5086415739543928,0.2666393384145529,0,qEHVI,0.44,0.14,0.32,0.04,0.02,0.0,0.0,0.0,0.0,0.0,0.0,0.04,0.0,0.0,0.0
23,2,4,1,True,0.5086415739543928,0.2666393384145529,1,qEHVI,0.0,0.54,0.42,0.0,0.02,0.0,0.0,0.0,0.0,0.0,0.0,0.02,0.0,0.0,0.0
23,2,4,1,True,0.5086415739543928,0.2666393384145529,2,qEHVI,0.44,0.02,0.44,0.02,0.04,0.0,0.0,0.0,0.02,0.0,0.0,0.02,0.0,0.0,0.0
23,2,4,1,True,0.5086415739543928,0.2666393384145529,3,qEHVI,0.26,0.46,0.22,0.04,0.0,0.0,0.0,0.0,0.0,0.0,0.0,0.0,0.0,0.0,0.02
23,2,4,1,True,0.5086415739543928,0.2666393384145529,4,qUCB,0.38,0.12,0.4,0.0,0.02,0.0,0.0,0.0,0.0,0.0,0.0,0.0,0.0,0.04,0.04
23,3,3,2,False,0.4068470263655927,0.13545487604009,0,qEHVI,0.44,0.14,0.32,0.04,0.02,0.0,0.0,0.0,0.0,0.0,0.0,0.04,0.0,0.0,0.0
23,3,3,2,False,0.4068470263655927,0.13545487604009,1,qEHVI,0.0,0.54,0.42,0.0,0.02,0.0,0.0,0.0,0.0,0.0,0.0,0.02,0.0,0.0,0.0
23,3,3,2,False,0.4068470263655927,0.13545487604009,2,qEHVI,0.44,0.02,0.44,0.02,0.04,0.0,0.0,0.0,0.02,0.0,0.0,0.02,0.0,0.0,0.0
23,3,3,2,False,0.4068470263655927,0.13545487604009,3,qUCB,0.46,0.04,0.4,0.02,0.0,0.0,0.0,0.0,0.0,0.0,0.0,0.0,0.0,0.04,0.04
23,3,3,2,False,0.4068470263655927,0.13545487604009,4,qUCB,0.0,0.62,0.28,0.04,0.0,0.0,0.0,0.0,0.02,0.0,0.0,0.0,0.0,0.0,0.04
23,4,2,3,False,0.40754431965429744,0.09945701196100187,0,qEHVI,0.44,0.14,0.32,0.04,0.02,0.0,0.0,0.0,0.0,0.0,0.0,0.04,0.0,0.0,0.0
23,4,2,3,False,0.40754431965429744,0.09945701196100187,1,qEHVI,0.0,0.54,0.42,0.0,0.02,0.0,0.0,0.0,0.0,0.0,0.0,0.02,0.0,0.0,0.0
23,4,2,3,False,0.40754431965429744,0.09945701196100187,2,qUCB,0.42,0.1,0.38,0.02,0.0,0.0,0.0,0.0,0.04,0.0,0.0,0.0,0.0,0.0,0.04
23,4,2,3,False,0.40754431965429744,0.09945701196100187,3,qUCB,0.74,0.08,0.08,0.0,0.0,0.0,0.0,0.0,0.04,0.0,0.0,0.0,0.0,0.04,0.02
23,4,2,3,False,0.40754431965429744,0.09945701196100187,4,qUCB,0.0,0.62,0.28,0.04,0.0,0.0,0.0,0.0,0.02,0.0,0.0,0.0,0.0,0.0,0.04
23,5,1,4,False,0.29130863611937197,0.04938530339291447,0,qEHVI,0.44,0.14,0.32,0.04,0.02,0.0,0.0,0.0,0.0,0.0,0.0,0.04,0.0,0.0,0.0
23,5,1,4,False,0.29130863611937197,0.04938530339291447,1,qUCB,0.32,0.38,0.2,0.0,0.0,0.0,0.0,0.0,0.04,0.0,0.0,0.0,0.0,0.04,0.02
23,5,1,4,False,0.29130863611937197,0.04938530339291447,2,qUCB,0.42,0.14,0.36,0.0,0.0,0.0,0.0,0.0,0.0,0.0,0.0,0.0,0.0,0.04,0.04
23,5,1,4,False,0.29130863611937197,0.04938530339291447,3,qUCB,0.0,0.66,0.28,0.0,0.0,0.0,0.0,0.0,0.02,0.0,0.0,0.0,0.0,0.04,0.0
23,5,1,4,False,0.29130863611937197,0.04938530339291447,4,qUCB,0.14,0.54,0.24,0.0,0.0,0.0,0.0,0.0,0.04,0.0,0.0,0.0,0.0,0.04,0.0
23,6,0,5,False,0.267612180296599,0.23765989637659946,0,qUCB,0.38,0.14,0.38,0.04,0.0,0.0,0.0,0.0,0.0,0.0,0.0,0.0,0.0,0.02,0.04
23,6,0,5,False,0.267612180296599,0.23765989637659946,1,qUCB,0.0,0.64,0.28,0.04,0.02,0.0,0.0,0.0,0.0,0.0,0.0,0.02,0.0,0.0,0.0
23,6,0,5,False,0.267612180296599,0.23765989637659946,2,qUCB,0.86,0.0,0.06,0.04,0.0,0.0,0.0,0.0,0.02,0.0,0.0,0.02,0.0,0.0,0.0
23,6,0,5,False,0.267612180296599,0.23765989637659946,3,qUCB,0.16,0.54,0.24,0.04,0.0,0.0,0.0,0.0,0.0,0.0,0.0,0.02,0.0,0.0,0.0
23,6,0,5,False,0.267612180296599,0.23765989637659946,4,qUCB,0.0,0.92,0.0,0.04,0.0,0.0,0.0,0.0,0.02,0.0,0.0,0.0,0.0,0.0,0.02
24,1,5,0,False,0.5940576868433919,0.10683060780747766,0,qEHVI,0.44,0.1,0.36,0.04,0.02,0.0,0.0,0.0,0.0,0.0,0.0,0.0,0.0,0.04,0.0
24,1,5,0,False,0.5940576868433919,0.10683060780747766,1,qEHVI,0.36,0.14,0.4,0.02,0.02,0.0,0.0,0.0,0.0,0.0,0.0,0.04,0.0,0.0,0.02
24,1,5,0,False,0.5940576868433919,0.10683060780747766,2,qEHVI,0.42,0.04,0.44,0.02,0.04,0.0,0.0,0.0,0.02,0.0,0.0,0.0,0.0,0.0,0.02
24,1,5,0,False,0.5940576868433919,0.10683060780747766,3,qEHVI,0.84,0.0,0.08,0.0,0.04,0.0,0.0,0.0,0.02,0.0,0.0,0.0,0.0,0.0,0.02
24,1,5,0,False,0.5940576868433919,0.10683060780747766,4,qEHVI,0.44,0.16,0.3,0.02,0.0,0.0,0.0,0.0,0.02,0.0,0.0,0.04,0.0,0.0,0.02
24,2,4,1,True,0.5374001300977556,0.2860853452425509,0,qEHVI,0.44,0.1,0.36,0.04,0.02,0.0,0.0,0.0,0.0,0.0,0.0,0.0,0.0,0.04,0.0
24,2,4,1,True,0.5374001300977556,0.2860853452425509,1,qEHVI,0.36,0.14,0.4,0.02,0.02,0.0,0.0,0.0,0.0,0.0,0.0,0.04,0.0,0.0,0.02
24,2,4,1,True,0.5374001300977556,0.2860853452425509,2,qEHVI,0.44,0.02,0.44,0.02,0.0,0.0,0.0,0.0,0.02,0.0,0.0,0.0,0.0,0.02,0.04
24,2,4,1,True,0.5374001300977556,0.2860853452425509,3,qEHVI,0.84,0.0,0.08,0.0,0.04,0.0,0.0,0.0,0.02,0.0,0.0,0.0,0.0,0.0,0.02
24,2,4,1,True,0.5374001300977556,0.2860853452425509,4,qUCB,0.38,0.16,0.36,0.04,0.02,0.0,0.0,0.0,0.04,0.0,0.0,0.0,0.0,0.0,0.0
24,3,3,2,False,0.40701445475894676,0.12306162927415443,0,qEHVI,0.44,0.1,0.36,0.04,0.02,0.0,0.0,0.0,0.0,0.0,0.0,0.0,0.0,0.04,0.0
24,3,3,2,False,0.40701445475894676,0.12306162927415443,1,qEHVI,0.36,0.14,0.4,0.02,0.02,0.0,0.0,0.0,0.0,0.0,0.0,0.04,0.0,0.0,0.02
24,3,3,2,False,0.40701445475894676,0.12306162927415443,2,qEHVI,0.44,0.02,0.44,0.02,0.0,0.0,0.0,0.0,0.02,0.0,0.0,0.0,0.0,0.02,0.04
24,3,3,2,False,0.40701445475894676,0.12306162927415443,3,qUCB,0.5,0.06,0.34,0.02,0.04,0.0,0.0,0.0,0.04,0.0,0.0,0.0,0.0,0.0,0.0
24,3,3,2,False,0.40701445475894676,0.12306162927415443,4,qUCB,0.0,0.9400000000000001,0.0,0.0,0.02,0.0,0.0,0.0,0.04,0.0,0.0,0.0,0.0,0.0,0.0
24,4,2,3,False,0.362770702562951,0.1854462690078762,0,qEHVI,0.44,0.1,0.36,0.04,0.02,0.0,0.0,0.0,0.0,0.0,0.0,0.0,0.0,0.04,0.0
24,4,2,3,False,0.362770702562951,0.1854462690078762,1,qEHVI,0.36,0.14,0.4,0.02,0.02,0.0,0.0,0.0,0.0,0.0,0.0,0.04,0.0,0.0,0.02
24,4,2,3,False,0.362770702562951,0.1854462690078762,2,qUCB,0.4,0.1,0.4,0.0,0.0,0.0,0.0,0.0,0.04,0.0,0.0,0.0,0.0,0.02,0.04
24,4,2,3,False,0.362770702562951,0.1854462690078762,3,qUCB,0.0,0.9400000000000001,0.0,0.0,0.02,0.0,0.0,0.0,0.04,0.0,0.0,0.0,0.0,0.0,0.0
24,4,2,3,False,0.362770702562951,0.1854462690078762,4,qUCB,0.0,0.7000000000000001,0.26,0.0,0.0,0.0,0.0,0.0,0.04,0.0,0.0,0.0,0.0,0.0,0.0
24,5,1,4,False,0.2861059397458289,0.0670748398759069,0,qEHVI,0.44,0.1,0.36,0.04,0.02,0.0,0.0,0.0,0.0,0.0,0.0,0.0,0.0,0.04,0.0
24,5,1,4,False,0.2861059397458289,0.0670748398759069,1,qUCB,0.36,0.1,0.44,0.0,0.0,0.0,0.0,0.0,0.04,0.0,0.0,0.02,0.0,0.0,0.04
24,5,1,4,False,0.2861059397458289,0.0670748398759069,2,qUCB,0.0,0.64,0.26,0.0,0.02,0.0,0.0,0.0,0.0,0.0,0.0,0.04,0.0,0.0,0.04
24,5,1,4,False,0.2861059397458289,0.0670748398759069,3,qUCB,0.76,0.08,0.06,0.0,0.0,0.0,0.0,0.0,0.04,0.0,0.0,0.02,0.0,0.0,0.04
24,5,1,4,False,0.2861059397458289,0.0670748398759069,4,qUCB,0.24,0.58,0.08,0.0,0.0,0.0,0.0,0.0,0.02,0.0,0.0,0.04,0.0,0.0,0.04
24,6,0,5,False,0.2863142296319601,0.036144622291021555,0,qUCB,0.4,0.12,0.38,0.04,0.02,0.0,0.0,0.0,0.0,0.0,0.0,0.02,0.0,0.02,0.0
24,6,0,5,False,0.2863142296319601,0.036144622291021555,1,qUCB,0.0,0.66,0.28,0.04,0.02,0.0,0.0,0.0,0.0,0.0,0.0,0.0,0.0,0.0,0.0
24,6,0,5,False,0.2863142296319601,0.036144622291021555,2,qUCB,0.9400000000000001,0.0,0.06,0.0,0.0,0.0,0.0,0.0,0.0,0.0,0.0,0.0,0.0,0.0,0.0
24,6,0,5,False,0.2863142296319601,0.036144622291021555,3,qUCB,0.36,0.44,0.2,0.0,0.0,0.0,0.0,0.0,0.0,0.0,0.0,0.0,0.0,0.0,0.0
24,6,0,5,False,0.2863142296319601,0.036144622291021555,4,qUCB,0.84,0.0,0.06,0.04,0.0,0.0,0.0,0.0,0.02,0.0,0.0,0.04,0.0,0.0,0.0
25,1,5,0,False,0.6133819584432738,0.06754592891514832,0,qEHVI,0.7000000000000001,0.3,0.0,0.0,0.0,0.0,0.0,0.0,0.0,0.0,0.0,0.0,0.0,0.0,0.0
25,1,5,0,False,0.6133819584432738,0.06754592891514832,1,qEHVI,0.02,0.52,0.44,0.0,0.0,0.0,0.0,0.0,0.0,0.0,0.0,0.0,0.0,0.02,0.0
25,1,5,0,False,0.6133819584432738,0.06754592891514832,2,qEHVI,0.44,0.16,0.3,0.02,0.0,0.0,0.0,0.0,0.02,0.0,0.0,0.02,0.0,0.0,0.04
25,1,5,0,False,0.6133819584432738,0.06754592891514832,3,qEHVI,0.34,0.16,0.4,0.0,0.0,0.0,0.0,0.0,0.0,0.0,0.0,0.04,0.0,0.04,0.02
25,1,5,0,False,0.6133819584432738,0.06754592891514832,4,qEHVI,0.4,0.04,0.46,0.04,0.0,0.0,0.0,0.0,0.0,0.0,0.0,0.04,0.0,0.02,0.0
25,2,4,1,False,0.5574817092940286,0.030642007689133166,0,qEHVI,0.7000000000000001,0.3,0.0,0.0,0.0,0.0,0.0,0.0,0.0,0.0,0.0,0.0,0.0,0.0,0.0
25,2,4,1,False,0.5574817092940286,0.030642007689133166,1,qEHVI,0.02,0.52,0.44,0.0,0.0,0.0,0.0,0.0,0.0,0.0,0.0,0.0,0.0,0.02,0.0
25,2,4,1,False,0.5574817092940286,0.030642007689133166,2,qEHVI,0.44,0.16,0.3,0.02,0.0,0.0,0.0,0.0,0.02,0.0,0.0,0.02,0.0,0.0,0.04
25,2,4,1,False,0.5574817092940286,0.030642007689133166,3,qEHVI,0.34,0.16,0.4,0.0,0.0,0.0,0.0,0.0,0.0,0.0,0.0,0.04,0.0,0.04,0.02
25,2,4,1,False,0.5574817092940286,0.030642007689133166,4,qUCB,0.38,0.12,0.4,0.04,0.04,0.0,0.0,0.0,0.0,0.0,0.0,0.02,0.0,0.0,0.0
25,3,3,2,True,0.44276002368369277,0.089876184261799,0,qEHVI,0.7000000000000001,0.3,0.0,0.0,0.0,0.0,0.0,0.0,0.0,0.0,0.0,0.0,0.0,0.0,0.0
25,3,3,2,True,0.44276002368369277,0.089876184261799,1,qEHVI,0.02,0.52,0.44,0.0,0.0,0.0,0.0,0.0,0.0,0.0,0.0,0.0,0.0,0.02,0.0
25,3,3,2,True,0.44276002368369277,0.089876184261799,2,qEHVI,0.44,0.16,0.3,0.02,0.0,0.0,0.0,0.0,0.02,0.0,0.0,0.02,0.0,0.0,0.04
25,3,3,2,True,0.44276002368369277,0.089876184261799,3,qUCB,0.38,0.12,0.4,0.04,0.04,0.0,0.0,0.0,0.0,0.0,0.0,0.02,0.0,0.0,0.0
25,3,3,2,True,0.44276002368369277,0.089876184261799,4,qUCB,0.0,0.62,0.28,0.04,0.02,0.0,0.0,0.0,0.0,0.0,0.0,0.04,0.0,0.0,0.0
25,4,2,3,False,0.3384766466057811,0.054118415015922405,0,qEHVI,0.7000000000000001,0.3,0.0,0.0,0.0,0.0,0.0,0.0,0.0,0.0,0.0,0.0,0.0,0.0,0.0
25,4,2,3,False,0.3384766466057811,0.054118415015922405,1,qEHVI,0.02,0.52,0.44,0.0,0.0,0.0,0.0,0.0,0.0,0.0,0.0,0.0,0.0,0.02,0.0
25,4,2,3,False,0.3384766466057811,0.054118415015922405,2,qUCB,0.38,0.1,0.42,0.04,0.0,0.0,0.0,0.0,0.0,0.0,0.0,0.02,0.0,0.0,0.04
25,4,2,3,False,0.3384766466057811,0.054118415015922405,3,qUCB,0.0,0.62,0.28,0.04,0.02,0.0,0.0,0.0,0.0,0.0,0.0,0.04,0.0,0.0,0.0
25,4,2,3,False,0.3384766466057811,0.054118415015922405,4,qUCB,0.0,0.1,0.8,0.04,0.02,0.0,0.0,0.0,0.0,0.0,0.0,0.04,0.0,0.0,0.0
25,5,1,4,False,0.21189091426058312,0.07651367741040271,0,qEHVI,0.7000000000000001,0.3,0.0,0.0,0.0,0.0,0.0,0.0,0.0,0.0,0.0,0.0,0.0,0.0,0.0
25,5,1,4,False,0.21189091426058312,0.07651367741040271,1,qUCB,0.38,0.1,0.42,0.0,0.0,0.0,0.0,0.0,0.0,0.0,0.0,0.04,0.0,0.04,0.02
25,5,1,4,False,0.21189091426058312,0.07651367741040271,2,qUCB,0.0,0.62,0.28,0.04,0.02,0.0,0.0,0.0,0.0,0.0,0.0,0.04,0.0,0.0,0.0
25,5,1,4,False,0.21189091426058312,0.07651367741040271,3,qUCB,0.0,0.1,0.8,0.04,0.02,0.0,0.0,0.0,0.0,0.0,0.0,0.04,0.0,0.0,0.0
25,5,1,4,False,0.21189091426058312,0.07651367741040271,4,qUCB,0.0,0.92,0.0,0.04,0.02,0.0,0.0,0.0,0.0,0.0,0.0,0.0,0.0,0.02,0.0
25,6,0,5,False,0.13431215912236047,0.008027604346352746,0,qUCB,0.38,0.1,0.42,0.0,0.0,0.0,0.0,0.0,0.0,0.0,0.0,0.04,0.0,0.04,0.02
25,6,0,5,False,0.13431215912236047,0.008027604346352746,1,qUCB,0.0,0.68,0.3,0.0,0.02,0.0,0.0,0.0,0.0,0.0,0.0,0.0,0.0,0.0,0.0
25,6,0,5,False,0.13431215912236047,0.008027604346352746,2,qUCB,0.4,0.38,0.2,0.0,0.0,0.0,0.0,0.0,0.0,0.0,0.0,0.0,0.0,0.02,0.0
25,6,0,5,False,0.13431215912236047,0.008027604346352746,3,qUCB,0.0,0.92,0.0,0.04,0.02,0.0,0.0,0.0,0.0,0.0,0.0,0.0,0.0,0.02,0.0
25,6,0,5,False,0.13431215912236047,0.008027604346352746,4,qUCB,0.06,0.6,0.24,0.04,0.02,0.0,0.0,0.0,0.0,0.0,0.0,0.02,0.0,0.02,0.0
26,1,5,0,False,0.48498015844389997,0.2246263595600908,0,qEHVI,0.46,0.14,0.3,0.0,0.02,0.0,0.0,0.0,0.04,0.0,0.0,0.0,0.0,0.0,0.04
26,1,5,0,False,0.48498015844389997,0.2246263595600908,1,qEHVI,0.4,0.04,0.46,0.04,0.02,0.0,0.0,0.0,0.02,0.0,0.0,0.0,0.0,0.0,0.02
26,1,5,0,False,0.48498015844389997,0.2246263595600908,2,qEHVI,0.0,0.52,0.44,0.0,0.0,0.0,0.0,0.0,0.0,0.0,0.0,0.02,0.0,0.0,0.02
26,1,5,0,False,0.48498015844389997,0.2246263595600908,3,qEHVI,0.44,0.02,0.44,0.02,0.04,0.0,0.0,0.0,0.0,0.0,0.0,0.0,0.0,0.04,0.0
26,1,5,0,False,0.48498015844389997,0.2246263595600908,4,qEHVI,0.6,0.24,0.06,0.0,0.04,0.0,0.0,0.0,0.02,0.0,0.0,0.0,0.0,0.0,0.04
26,2,4,1,False,0.4434857738467613,0.05256119879529386,0,qEHVI,0.46,0.14,0.3,0.0,0.02,0.0,0.0,0.0,0.04,0.0,0.0,0.0,0.0,0.0,0.04
26,2,4,1,False,0.4434857738467613,0.05256119879529386,1,qEHVI,0.4,0.04,0.46,0.04,0.02,0.0,0.0,0.0,0.02,0.0,0.0,0.0,0.0,0.0,0.02
26,2,4,1,False,0.4434857738467613,0.05256119879529386,2,qEHVI,0.0,0.52,0.44,0.0,0.0,0.0,0.0,0.0,0.0,0.0,0.0,0.02,0.0,0.0,0.02
26,2,4,1,False,0.4434857738467613,0.05256119879529386,3,qEHVI,0.44,0.02,0.44,0.02,0.04,0.0,0.0,0.0,0.0,0.0,0.0,0.0,0.0,0.04,0.0
26,2,4,1,False,0.4434857738467613,0.05256119879529386,4,qUCB,0.5,0.0,0.4,0.0,0.0,0.0,0.0,0.0,0.04,0.0,0.0,0.04,0.0,0.02,0.0
26,3,3,2,True,0.40845414314733597,0.3030272434690282,0,qEHVI,0.46,0.14,0.3,0.0,0.02,0.0,0.0,0.0,0.04,0.0,0.0,0.0,0.0,0.0,0.04
26,3,3,2,True,0.40845414314733597,0.3030272434690282,1,qEHVI,0.4,0.04,0.46,0.04,0.02,0.0,0.0,0.0,0.02,0.0,0.0,0.0,0.0,0.0,0.02
26,3,3,2,True,0.40845414314733597,0.3030272434690282,2,qEHVI,0.0,0.52,0.44,0.0,0.0,0.0,0.0,0.0,0.0,0.0,0.0,0.02,0.0,0.0,0.02
26,3,3,2,True,0.40845414314733597,0.3030272434690282,3,qUCB,0.4,0.42,0.1,0.0,0.04,0.0,0.0,0.0,0.0,0.0,0.0,0.0,0.0,0.04,0.0
26,3,3,2,True,0.40845414314733597,0.3030272434690282,4,qUCB,0.68,0.16,0.06,0.0,0.04,0.0,0.0,0.0,0.0,0.0,0.0,0.02,0.0,0.04,0.0
26,4,2,3,False,0.2781511501848923,0.3302904697594675,0,qEHVI,0.46,0.14,0.3,0.0,0.02,0.0,0.0,0.0,0.04,0.0,0.0,0.0,0.0,0.0,0.04
26,4,2,3,False,0.2781511501848923,0.3302904697594675,1,qEHVI,0.4,0.04,0.46,0.04,0.02,0.0,0.0,0.0,0.02,0.0,0.0,0.0,0.0,0.0,0.02
26,4,2,3,False,0.2781511501848923,0.3302904697594675,2,qUCB,0.5,0.06,0.36,0.0,0.0,0.0,0.0,0.0,0.0,0.0,0.0,0.04,0.0,0.04,0.0
26,4,2,3,False,0.2781511501848923,0.3302904697594675,3,qUCB,0.1,0.7000000000000001,0.12,0.0,0.0,0.0,0.0,0.0,0.0,0.0,0.0,0.04,0.0,0.04,0.0
26,4,2,3,False,0.2781511501848923,0.3302904697594675,4,qUCB,0.38,0.48,0.06,0.0,0.0,0.0,0.0,0.0,0.0,0.0,0.0,0.04,0.0,0.04,0.0
26,5,1,4,False,0.17272190601853765,0.0644770915276851,0,qEHVI,0.46,0.14,0.3,0.0,0.02,0.0,0.0,0.0,0.04,0.0,0.0,0.0,0.0,0.0,0.04
26,5,1,4,False,0.17272190601853765,0.0644770915276851,1,qUCB,0.32,0.14,0.44,0.04,0.0,0.0,0.0,0.0,0.0,0.0,0.0,0.02,0.0,0.04,0.0
26,5,1,4,False,0.17272190601853765,0.0644770915276851,2,qUCB,0.0,0.92,0.0,0.04,0.04,0.0,0.0,0.0,0.0,0.0,0.0,0.0,0.0,0.0,0.0
26,5,1,4,False,0.17272190601853765,0.0644770915276851,3,qUCB,0.22,0.58,0.1,0.04,0.0,0.0,0.0,0.0,0.0,0.0,0.0,0.02,0.0,0.04,0.0
26,5,1,4,False,0.17272190601853765,0.0644770915276851,4,qUCB,0.14,0.54,0.22,0.02,0.0,0.0,0.0,0.0,0.0,0.0,0.0,0.04,0.0,0.04,0.0
26,6,0,5,False,0.13622930800530972,0.032608435617411224,0,qUCB,0.42,0.1,0.38,0.0,0.0,0.0,0.0,0.0,0.0,0.0,0.0,0.02,0.0,0.04,0.04
26,6,0,5,False,0.13622930800530972,0.032608435617411224,1,qUCB,0.34,0.44,0.22,0.0,0.0,0.0,0.0,0.0,0.0,0.0,0.0,0.0,0.0,0.0,0.0
26,6,0,5,False,0.13622930800530972,0.032608435617411224,2,qUCB,0.14,0.52,0.24,0.0,0.02,0.0,0.0,0.0,0.02,0.0,0.0,0.0,0.0,0.02,0.04
26,6,0,5,False,0.13622930800530972,0.032608435617411224,3,qUCB,0.0,0.14,0.84,0.0,0.0,0.0,0.0,0.0,0.0,0.0,0.0,0.0,0.0,0.0,0.02
26,6,0,5,False,0.13622930800530972,0.032608435617411224,4,qUCB,0.0,0.92,0.0,0.04,0.04,0.0,0.0,0.0,0.0,0.0,0.0,0.0,0.0,0.0,0.0
27,1,5,0,True,0.43237280078067625,0.09692118390618276,0,qEHVI,0.32,0.18,0.4,0.0,0.0,0.0,0.0,0.0,0.0,0.0,0.0,0.04,0.0,0.02,0.04
27,1,5,0,True,0.43237280078067625,0.09692118390618276,1,qEHVI,0.48,0.04,0.44,0.02,0.02,0.0,0.0,0.0,0.0,0.0,0.0,0.0,0.0,0.0,0.0
27,1,5,0,True,0.43237280078067625,0.09692118390618276,2,qEHVI,0.36,0.32,0.22,0.04,0.0,0.0,0.0,0.0,0.02,0.0,0.0,0.04,0.0,0.0,0.0
27,1,5,0,True,0.43237280078067625,0.09692118390618276,3,qEHVI,0.46,0.14,0.3,0.02,0.02,0.0,0.0,0.0,0.0,0.0,0.0,0.0,0.0,0.04,0.02
27,1,5,0,True,0.43237280078067625,0.09692118390618276,4,qEHVI,0.38,0.02,0.52,0.04,0.04,0.0,0.0,0.0,0.0,0.0,0.0,0.0,0.0,0.0,0.0
27,2,4,1,False,0.3902823668872075,0.037185003991003995,0,qEHVI,0.32,0.18,0.4,0.0,0.0,0.0,0.0,0.0,0.0,0.0,0.0,0.04,0.0,0.02,0.04
27,2,4,1,False,0.3902823668872075,0.037185003991003995,1,qEHVI,0.48,0.04,0.44,0.02,0.02,0.0,0.0,0.0,0.0,0.0,0.0,0.0,0.0,0.0,0.0
27,2,4,1,False,0.3902823668872075,0.037185003991003995,2,qEHVI,0.36,0.32,0.22,0.04,0.0,0.0,0.0,0.0,0.02,0.0,0.0,0.04,0.0,0.0,0.0
27,2,4,1,False,0.3902823668872075,0.037185003991003995,3,qEHVI,0.46,0.14,0.3,0.02,0.02,0.0,0.0,0.0,0.0,0.0,0.0,0.0,0.0,0.04,0.02
27,2,4,1,False,0.3902823668872075,0.037185003991003995,4,qUCB,0.42,0.1,0.38,0.02,0.0,0.0,0.0,0.0,0.04,0.0,0.0,0.0,0.0,0.0,0.04
27,3,3,2,False,0.36051013284945527,0.05627651624335073,0,qEHVI,0.32,0.18,0.4,0.0,0.0,0.0,0.0,0.0,0.0,0.0,0.0,0.04,0.0,0.02,0.04
27,3,3,2,False,0.36051013284945527,0.05627651624335073,1,qEHVI,0.48,0.04,0.44,0.02,0.02,0.0,0.0,0.0,0.0,0.0,0.0,0.0,0.0,0.0,0.0
27,3,3,2,False,0.36051013284945527,0.05627651624335073,2,qEHVI,0.36,0.32,0.22,0.04,0.0,0.0,0.0,0.0,0.02,0.0,0.0,0.04,0.0,0.0,0.0
27,3,3,2,False,0.36051013284945527,0.05627651624335073,3,qUCB,0.42,0.1,0.38,0.02,0.0,0.0,0.0,0.0,0.04,0.0,0.0,0.0,0.0,0.0,0.04
27,3,3,2,False,0.36051013284945527,0.05627651624335073,4,qUCB,0.22,0.46,0.24,0.0,0.0,0.0,0.0,0.0,0.04,0.0,0.0,0.0,0.0,0.04,0.0
27,4,2,3,False,0.2705144526100276,0.3492513416789387,0,qEHVI,0.32,0.18,0.4,0.0,0.0,0.0,0.0,0.0,0.0,0.0,0.0,0.04,0.0,0.02,0.04
27,4,2,3,False,0.2705144526100276,0.3492513416789387,1,qEHVI,0.48,0.04,0.44,0.02,0.02,0.0,0.0,0.0,0.0,0.0,0.0,0.0,0.0,0.0,0.0
27,4,2,3,False,0.2705144526100276,0.3492513416789387,2,qUCB,0.46,0.36,0.08,0.0,0.0,0.0,0.0,0.0,0.04,0.0,0.0,0.02,0.0,0.04,0.0
27,4,2,3,False,0.2705144526100276,0.3492513416789387,3,qUCB,0.22,0.46,0.24,0.0,0.0,0.0,0.0,0.0,0.04,0.0,0.0,0.0,0.0,0.04,0.0
27,4,2,3,False,0.2705144526100276,0.3492513416789387,4,qUCB,0.0,0.9,0.0,0.04,0.02,0.0,0.0,0.0,0.04,0.0,0.0,0.0,0.0,0.0,0.0
27,5,1,4,False,0.20992593986054092,0.14410755891373217,0,qEHVI,0.32,0.18,0.4,0.0,0.0,0.0,0.0,0.0,0.0,0.0,0.0,0.04,0.0,0.02,0.04
27,5,1,4,False,0.20992593986054092,0.14410755891373217,1,qUCB,0.4,0.12,0.38,0.04,0.04,0.0,0.0,0.0,0.02,0.0,0.0,0.0,0.0,0.0,0.0
27,5,1,4,False,0.20992593986054092,0.14410755891373217,2,qUCB,0.0,0.9,0.0,0.04,0.02,0.0,0.0,0.0,0.04,0.0,0.0,0.0,0.0,0.0,0.0
27,5,1,4,False,0.20992593986054092,0.14410755891373217,3,qUCB,0.02,0.08,0.8,0.04,0.02,0.0,0.0,0.0,0.04,0.0,0.0,0.0,0.0,0.0,0.0
27,5,1,4,False,0.20992593986054092,0.14410755891373217,4,qUCB,0.72,0.18,0.0,0.04,0.02,0.0,0.0,0.0,0.04,0.0,0.0,0.0,0.0,0.0,0.0
27,6,0,5,False,0.20045969641841366,0.015158574592906149,0,qUCB,0.38,0.14,0.38,0.02,0.0,0.0,0.0,0.0,0.0,0.0,0.0,0.0,0.0,0.04,0.04
27,6,0,5,False,0.20045969641841366,0.015158574592906149,1,qUCB,0.0,0.14,0.8200000000000001,0.0,0.02,0.0,0.0,0.0,0.02,0.0,0.0,0.0,0.0,0.0,0.0
27,6,0,5,False,0.20045969641841366,0.015158574592906149,2,qUCB,0.4,0.08,0.42,0.0,0.0,0.0,0.0,0.0,0.0,0.0,0.0,0.04,0.0,0.02,0.04
27,6,0,5,False,0.20045969641841366,0.015158574592906149,3,qUCB,0.16,0.54,0.24,0.0,0.0,0.0,0.0,0.0,0.0,0.0,0.0,0.0,0.0,0.04,0.02
27,6,0,5,False,0.20045969641841366,0.015158574592906149,4,qUCB,0.0,0.96,0.0,0.0,0.04,0.0,0.0,0.0,0.0,0.0,0.0,0.0,0.0,0.0,0.0
28,1,5,0,False,0.38302414072079444,0.04841826022161744,0,qEHVI,0.42,0.04,0.44,0.02,0.0,0.0,0.0,0.0,0.04,0.0,0.0,0.02,0.0,0.02,0.0
28,1,5,0,False,0.38302414072079444,0.04841826022161744,1,qEHVI,0.48,0.12,0.3,0.02,0.04,0.0,0.0,0.0,0.0,0.0,0.0,0.0,0.0,0.0,0.04
28,1,5,0,False,0.38302414072079444,0.04841826022161744,2,qEHVI,0.46,0.36,0.08,0.04,0.02,0.0,0.0,0.0,0.0,0.0,0.0,0.02,0.0,0.0,0.02
28,1,5,0,False,0.38302414072079444,0.04841826022161744,3,qEHVI,0.72,0.18,0.0,0.04,0.0,0.0,0.0,0.0,0.02,0.0,0.0,0.0,0.0,0.0,0.04
28,1,5,0,False,0.38302414072079444,0.04841826022161744,4,qEHVI,0.0,0.7000000000000001,0.28,0.0,0.0,0.0,0.0,0.0,0.0,0.0,0.0,0.02,0.0,0.0,0.0
28,2,4,1,False,0.3631149338812683,0.10853868312029569,0,qEHVI,0.42,0.04,0.44,0.02,0.0,0.0,0.0,0.0,0.04,0.0,0.0,0.02,0.0,0.02,0.0
28,2,4,1,False,0.3631149338812683,0.10853868312029569,1,qEHVI,0.48,0.12,0.3,0.02,0.04,0.0,0.0,0.0,0.0,0.0,0.0,0.0,0.0,0.0,0.04
28,2,4,1,False,0.3631149338812683,0.10853868312029569,2,qEHVI,0.46,0.36,0.08,0.04,0.02,0.0,0.0,0.0,0.0,0.0,0.0,0.02,0.0,0.0,0.02
28,2,4,1,False,0.3631149338812683,0.10853868312029569,3,qEHVI,0.62,0.22,0.06,0.0,0.0,0.0,0.0,0.0,0.04,0.0,0.0,0.02,0.0,0.02,0.02
28,2,4,1,False,0.3631149338812683,0.10853868312029569,4,qUCB,0.4,0.08,0.42,0.0,0.04,0.0,0.0,0.0,0.0,0.0,0.0,0.02,0.0,0.04,0.0
28,3,3,2,True,0.2988278879258618,0.32878123646789525,0,qEHVI,0.42,0.04,0.44,0.02,0.0,0.0,0.0,0.0,0.04,0.0,0.0,0.02,0.0,0.02,0.0
28,3,3,2,True,0.2988278879258618,0.32878123646789525,1,qEHVI,0.48,0.12,0.3,0.02,0.04,0.0,0.0,0.0,0.0,0.0,0.0,0.0,0.0,0.0,0.04
28,3,3,2,True,0.2988278879258618,0.32878123646789525,2,qEHVI,0.46,0.36,0.08,0.04,0.02,0.0,0.0,0.0,0.0,0.0,0.0,0.02,0.0,0.0,0.02
28,3,3,2,True,0.2988278879258618,0.32878123646789525,3,qUCB,0.4,0.08,0.42,0.0,0.04,0.0,0.0,0.0,0.0,0.0,0.0,0.02,0.0,0.04,0.0
28,3,3,2,True,0.2988278879258618,0.32878123646789525,4,qUCB,0.0,0.92,0.0,0.0,0.0,0.0,0.0,0.0,0.0,0.0,0.0,0.0,0.0,0.04,0.04
28,4,2,3,False,0.23100932495669366,0.05612905377740596,0,qEHVI,0.42,0.04,0.44,0.02,0.0,0.0,0.0,0.0,0.04,0.0,0.0,0.02,0.0,0.02,0.0
28,4,2,3,False,0.23100932495669366,0.05612905377740596,1,qEHVI,0.48,0.12,0.3,0.02,0.04,0.0,0.0,0.0,0.0,0.0,0.0,0.0,0.0,0.0,0.04
28,4,2,3,False,0.23100932495669366,0.05612905377740596,2,qUCB,0.38,0.1,0.42,0.0,0.0,0.0,0.0,0.0,0.0,0.0,0.0,0.04,0.0,0.02,0.04
28,4,2,3,False,0.23100932495669366,0.05612905377740596,3,qUCB,0.0,0.92,0.0,0.0,0.0,0.0,0.0,0.0,0.0,0.0,0.0,0.0,0.0,0.04,0.04
28,4,2,3,False,0.23100932495669366,0.05612905377740596,4,qUCB,0.14,0.66,0.1,0.0,0.0,0.0,0.0,0.0,0.0,0.0,0.0,0.04,0.0,0.02,0.04
28,5,1,4,False,0.16157055252719316,0.047237569804362334,0,qEHVI,0.42,0.04,0.44,0.02,0.0,0.0,0.0,0.0,0.04,0.0,0.0,0.02,0.0,0.02,0.0
28,5,1,4,False,0.16157055252719316,0.047237569804362334,1,qUCB,0.42,0.08,0.42,0.0,0.04,0.0,0.0,0.0,0.0,0.0,0.0,0.0,0.0,0.0,0.04
28,5,1,4,False,0.16157055252719316,0.047237569804362334,2,qUCB,0.24,0.46,0.22,0.0,0.04,0.0,0.0,0.0,0.0,0.0,0.0,0.0,0.0,0.0,0.04
28,5,1,4,False,0.16157055252719316,0.047237569804362334,3,qUCB,0.0,0.92,0.0,0.0,0.0,0.0,0.0,0.0,0.0,0.0,0.0,0.0,0.0,0.04,0.04
28,5,1,4,False,0.16157055252719316,0.047237569804362334,4,qUCB,0.22,0.6,0.1,0.0,0.04,0.0,0.0,0.0,0.0,0.0,0.0,0.0,0.0,0.0,0.04
28,6,0,5,False,0.1961259641508537,0.004524341818541444,0,qUCB,0.38,0.1,0.42,0.0,0.0,0.0,0.0,0.0,0.0,0.0,0.0,0.04,0.0,0.02,0.04
28,6,0,5,False,0.1961259641508537,0.004524341818541444,1,qUCB,0.2,0.0,0.8,0.0,0.0,0.0,0.0,0.0,0.0,0.0,0.0,0.0,0.0,0.0,0.0
28,6,0,5,False,0.1961259641508537,0.004524341818541444,2,qUCB,0.0,0.14,0.8200000000000001,0.0,0.0,0.0,0.0,0.0,0.04,0.0,0.0,0.0,0.0,0.0,0.0
28,6,0,5,False,0.1961259641508537,0.004524341818541444,3,qUCB,0.12,0.66,0.12,0.04,0.0,0.0,0.0,0.0,0.0,0.0,0.0,0.04,0.0,0.02,0.0
28,6,0,5,False,0.1961259641508537,0.004524341818541444,4,qUCB,0.14,0.52,0.24,0.0,0.02,0.0,0.0,0.0,0.0,0.0,0.0,0.04,0.0,0.0,0.04
29,1,5,0,False,0.391711778327776,0.6427928322912848,0,qEHVI,0.76,0.14,0.0,0.04,0.0,0.0,0.0,0.0,0.02,0.0,0.0,0.02,0.0,0.0,0.02
29,1,5,0,False,0.391711778327776,0.6427928322912848,1,qEHVI,0.44,0.38,0.08,0.02,0.0,0.0,0.0,0.0,0.04,0.0,0.0,0.02,0.0,0.02,0.0
29,1,5,0,False,0.391711778327776,0.6427928322912848,2,qEHVI,0.4,0.04,0.46,0.02,0.02,0.0,0.0,0.0,0.0,0.0,0.0,0.0,0.0,0.02,0.04
29,1,5,0,False,0.391711778327776,0.6427928322912848,3,qEHVI,0.62,0.0,0.36,0.0,0.0,0.0,0.0,0.0,0.0,0.0,0.0,0.02,0.0,0.0,0.0
29,1,5,0,False,0.391711778327776,0.6427928322912848,4,qEHVI,0.62,0.22,0.06,0.0,0.0,0.0,0.0,0.0,0.04,0.0,0.0,0.02,0.0,0.02,0.02
29,2,4,1,False,0.3571892579677602,0.28702092023318926,0,qEHVI,0.76,0.14,0.0,0.04,0.0,0.0,0.0,0.0,0.02,0.0,0.0,0.02,0.0,0.0,0.02
29,2,4,1,False,0.3571892579677602,0.28702092023318926,1,qEHVI,0.44,0.38,0.08,0.02,0.0,0.0,0.0,0.0,0.04,0.0,0.0,0.02,0.0,0.02,0.0
29,2,4,1,False,0.3571892579677602,0.28702092023318926,2,qEHVI,0.62,0.0,0.36,0.0,0.0,0.0,0.0,0.0,0.0,0.0,0.0,0.02,0.0,0.0,0.0
29,2,4,1,False,0.3571892579677602,0.28702092023318926,3,qEHVI,0.4,0.04,0.46,0.02,0.02,0.0,0.0,0.0,0.0,0.0,0.0,0.0,0.0,0.02,0.04
29,2,4,1,False,0.3571892579677602,0.28702092023318926,4,qUCB,0.4,0.12,0.38,0.04,0.04,0.0,0.0,0.0,0.02,0.0,0.0,0.0,0.0,0.0,0.0
29,3,3,2,True,0.31779458197801924,0.14753754683011788,0,qEHVI,0.76,0.14,0.0,0.04,0.0,0.0,0.0,0.0,0.02,0.0,0.0,0.02,0.0,0.0,0.02
29,3,3,2,True,0.31779458197801924,0.14753754683011788,1,qEHVI,0.44,0.38,0.08,0.02,0.0,0.0,0.0,0.0,0.04,0.0,0.0,0.02,0.0,0.02,0.0
29,3,3,2,True,0.31779458197801924,0.14753754683011788,2,qEHVI,0.62,0.0,0.36,0.0,0.0,0.0,0.0,0.0,0.0,0.0,0.0,0.02,0.0,0.0,0.0
29,3,3,2,True,0.31779458197801924,0.14753754683011788,3,qUCB,0.36,0.14,0.4,0.0,0.04,0.0,0.0,0.0,0.02,0.0,0.0,0.0,0.0,0.0,0.04
29,3,3,2,True,0.31779458197801924,0.14753754683011788,4,qUCB,0.06,0.04,0.8,0.04,0.04,0.0,0.0,0.0,0.0,0.0,0.0,0.0,0.0,0.02,0.0
29,4,2,3,False,0.20848678241542223,0.07005192905986349,0,qEHVI,0.76,0.14,0.0,0.04,0.0,0.0,0.0,0.0,0.02,0.0,0.0,0.02,0.0,0.0,0.02
29,4,2,3,False,0.20848678241542223,0.07005192905986349,1,qEHVI,0.44,0.38,0.08,0.02,0.0,0.0,0.0,0.0,0.04,0.0,0.0,0.02,0.0,0.02,0.0
29,4,2,3,False,0.20848678241542223,0.07005192905986349,2,qUCB,0.4,0.12,0.38,0.0,0.04,0.0,0.0,0.0,0.0,0.0,0.0,0.0,0.0,0.02,0.04
29,4,2,3,False,0.20848678241542223,0.07005192905986349,3,qUCB,0.12,0.0,0.8,0.0,0.04,0.0,0.0,0.0,0.0,0.0,0.0,0.0,0.0,0.02,0.02
29,4,2,3,False,0.20848678241542223,0.07005192905986349,4,qUCB,0.08,0.6,0.22,0.0,0.04,0.0,0.0,0.0,0.0,0.0,0.0,0.0,0.0,0.02,0.04
29,5,1,4,False,0.18460741272211345,0.0779601129558305,0,qEHVI,0.76,0.14,0.0,0.04,0.0,0.0,0.0,0.0,0.02,0.0,0.0,0.02,0.0,0.0,0.02
29,5,1,4,False,0.18460741272211345,0.0779601129558305,1,qUCB,0.38,0.1,0.44,0.0,0.04,0.0,0.0,0.0,0.0,0.0,0.0,0.0,0.0,0.04,0.0
29,5,1,4,False,0.18460741272211345,0.0779601129558305,2,qUCB,0.12,0.0,0.8,0.0,0.04,0.0,0.0,0.0,0.0,0.0,0.0,0.0,0.0,0.02,0.02
29,5,1,4,False,0.18460741272211345,0.0779601129558305,3,qUCB,0.16,0.5,0.24,0.0,0.04,0.0,0.0,0.0,0.02,0.0,0.0,0.0,0.0,0.04,0.0
29,5,1,4,False,0.18460741272211345,0.0779601129558305,4,qUCB,0.2,0.64,0.08,0.0,0.04,0.0,0.0,0.0,0.0,0.0,0.0,0.0,0.0,0.04,0.0
29,6,0,5,False,0.20456340207330445,0.28251981042375807,0,qUCB,0.38,0.1,0.42,0.02,0.0,0.0,0.0,0.0,0.0,0.0,0.0,0.04,0.0,0.04,0.0
29,6,0,5,False,0.20456340207330445,0.28251981042375807,1,qUCB,0.16,0.02,0.8,0.0,0.0,0.0,0.0,0.0,0.0,0.0,0.0,0.0,0.0,0.0,0.02
29,6,0,5,False,0.20456340207330445,0.28251981042375807,2,qUCB,0.12,0.66,0.12,0.04,0.0,0.0,0.0,0.0,0.02,0.0,0.0,0.02,0.0,0.02,0.0
29,6,0,5,False,0.20456340207330445,0.28251981042375807,3,qUCB,0.12,0.54,0.24,0.0,0.0,0.0,0.0,0.0,0.02,0.0,0.0,0.0,0.0,0.04,0.04
29,6,0,5,False,0.20456340207330445,0.28251981042375807,4,qUCB,0.0,0.14,0.84,0.0,0.0,0.0,0.0,0.0,0.02,0.0,0.0,0.0,0.0,0.0,0.0
30,1,5,0,False,0.445429797519683,0.06449940841680224,0,qEHVI,0.36,0.48,0.06,0.04,0.02,0.0,0.0,0.0,0.0,0.0,0.0,0.02,0.0,0.02,0.0
30,1,5,0,False,0.445429797519683,0.06449940841680224,1,qEHVI,0.02,0.52,0.44,0.02,0.0,0.0,0.0,0.0,0.0,0.0,0.0,0.0,0.0,0.0,0.0
30,1,5,0,False,0.445429797519683,0.06449940841680224,2,qEHVI,0.4,0.04,0.46,0.02,0.02,0.0,0.0,0.0,0.02,0.0,0.0,0.0,0.0,0.0,0.04
30,1,5,0,False,0.445429797519683,0.06449940841680224,3,qEHVI,0.44,0.12,0.36,0.02,0.0,0.0,0.0,0.0,0.0,0.0,0.0,0.04,0.0,0.02,0.0
30,1,5,0,False,0.445429797519683,0.06449940841680224,4,qEHVI,0.02,0.66,0.24,0.04,0.0,0.0,0.0,0.0,0.02,0.0,0.0,0.0,0.0,0.0,0.02
30,2,4,1,False,0.40469507454542636,0.018844661441904442,0,qEHVI,0.36,0.48,0.06,0.04,0.02,0.0,0.0,0.0,0.0,0.0,0.0,0.02,0.0,0.02,0.0
30,2,4,1,False,0.40469507454542636,0.018844661441904442,1,qEHVI,0.02,0.52,0.44,0.02,0.0,0.0,0.0,0.0,0.0,0.0,0.0,0.0,0.0,0.0,0.0
30,2,4,1,False,0.40469507454542636,0.018844661441904442,2,qEHVI,0.4,0.04,0.46,0.02,0.02,0.0,0.0,0.0,0.02,0.0,0.0,0.0,0.0,0.0,0.04
30,2,4,1,False,0.40469507454542636,0.018844661441904442,3,qEHVI,0.02,0.66,0.24,0.04,0.0,0.0,0.0,0.0,0.02,0.0,0.0,0.0,0.0,0.0,0.02
30,2,4,1,False,0.40469507454542636,0.018844661441904442,4,qUCB,0.4,0.1,0.4,0.0,0.0,0.0,0.0,0.0,0.04,0.0,0.0,0.04,0.0,0.02,0.0
30,3,3,2,True,0.3867782886328906,0.042055150608917735,0,qEHVI,0.36,0.48,0.06,0.04,0.02,0.0,0.0,0.0,0.0,0.0,0.0,0.02,0.0,0.02,0.0
30,3,3,2,True,0.3867782886328906,0.042055150608917735,1,qEHVI,0.02,0.52,0.44,0.02,0.0,0.0,0.0,0.0,0.0,0.0,0.0,0.0,0.0,0.0,0.0
30,3,3,2,True,0.3867782886328906,0.042055150608917735,2,qEHVI,0.4,0.04,0.46,0.02,0.02,0.0,0.0,0.0,0.02,0.0,0.0,0.0,0.0,0.0,0.04
30,3,3,2,True,0.3867782886328906,0.042055150608917735,3,qUCB,0.4,0.1,0.4,0.0,0.0,0.0,0.0,0.0,0.04,0.0,0.0,0.04,0.0,0.02,0.0
30,3,3,2,True,0.3867782886328906,0.042055150608917735,4,qUCB,0.16,0.5,0.24,0.0,0.0,0.0,0.0,0.0,0.04,0.0,0.0,0.0,0.0,0.04,0.02
30,4,2,3,False,0.3408086141078051,0.05007618558533622,0,qEHVI,0.36,0.48,0.06,0.04,0.02,0.0,0.0,0.0,0.0,0.0,0.0,0.02,0.0,0.02,0.0
30,4,2,3,False,0.3408086141078051,0.05007618558533622,1,qEHVI,0.02,0.52,0.44,0.02,0.0,0.0,0.0,0.0,0.0,0.0,0.0,0.0,0.0,0.0,0.0
30,4,2,3,False,0.3408086141078051,0.05007618558533622,2,qUCB,0.4,0.12,0.38,0.0,0.0,0.0,0.0,0.0,0.02,0.0,0.0,0.04,0.0,0.0,0.04
30,4,2,3,False,0.3408086141078051,0.05007618558533622,3,qUCB,0.16,0.5,0.24,0.0,0.0,0.0,0.0,0.0,0.04,0.0,0.0,0.0,0.0,0.04,0.02
30,4,2,3,False,0.3408086141078051,0.05007618558533622,4,qUCB,0.6,0.22,0.08,0.0,0.0,0.0,0.0,0.0,0.04,0.0,0.0,0.0,0.0,0.04,0.02
30,5,1,4,False,0.20281552856882967,0.019617528480895263,0,qEHVI,0.36,0.48,0.06,0.04,0.02,0.0,0.0,0.0,0.0,0.0,0.0,0.02,0.0,0.02,0.0
30,5,1,4,False,0.20281552856882967,0.019617528480895263,1,qUCB,0.42,0.06,0.42,0.0,0.0,0.0,0.0,0.0,0.04,0.0,0.0,0.02,0.0,0.0,0.04
30,5,1,4,False,0.20281552856882967,0.019617528480895263,2,qUCB,0.0,0.16,0.8200000000000001,0.0,0.02,0.0,0.0,0.0,0.0,0.0,0.0,0.0,0.0,0.0,0.0
30,5,1,4,False,0.20281552856882967,0.019617528480895263,3,qUCB,0.32,0.36,0.22,0.0,0.0,0.0,0.0,0.0,0.04,0.0,0.0,0.02,0.0,0.0,0.04
30,5,1,4,False,0.20281552856882967,0.019617528480895263,4,qUCB,0.14,0.0,0.8200000000000001,0.0,0.0,0.0,0.0,0.0,0.04,0.0,0.0,0.0,0.0,0.0,0.0
30,6,0,5,False,0.14934068829109626,0.11121312941139827,0,qUCB,0.4,0.12,0.38,0.02,0.0,0.0,0.0,0.0,0.0,0.0,0.0,0.02,0.0,0.04,0.02
30,6,0,5,False,0.14934068829109626,0.11121312941139827,1,qUCB,0.06,0.7000000000000001,0.14,0.04,0.02,0.0,0.0,0.0,0.0,0.0,0.0,0.0,0.0,0.02,0.02
30,6,0,5,False,0.14934068829109626,0.11121312941139827,2,qUCB,0.0,0.16,0.8200000000000001,0.0,0.02,0.0,0.0,0.0,0.0,0.0,0.0,0.0,0.0,0.0,0.0
30,6,0,5,False,0.14934068829109626,0.11121312941139827,3,qUCB,0.02,0.38,0.54,0.04,0.0,0.0,0.0,0.0,0.0,0.0,0.0,0.0,0.0,0.0,0.02
30,6,0,5,False,0.14934068829109626,0.11121312941139827,4,qUCB,0.22,0.0,0.68,0.04,0.0,0.0,0.0,0.0,0.0,0.0,0.0,0.0,0.0,0.04,0.02
31,1,5,0,False,0.46747352839456546,0.0447008416090533,0,qEHVI,0.0,0.54,0.46,0.0,0.0,0.0,0.0,0.0,0.0,0.0,0.0,0.0,0.0,0.0,0.0
31,1,5,0,False,0.46747352839456546,0.0447008416090533,1,qEHVI,0.38,0.12,0.4,0.02,0.02,0.0,0.0,0.0,0.0,0.0,0.0,0.04,0.0,0.02,0.0
31,1,5,0,False,0.46747352839456546,0.0447008416090533,2,qEHVI,0.4,0.04,0.46,0.02,0.0,0.0,0.0,0.0,0.0,0.0,0.0,0.04,0.0,0.0,0.04
31,1,5,0,False,0.46747352839456546,0.0447008416090533,3,qEHVI,0.0,0.68,0.22,0.04,0.0,0.0,0.0,0.0,0.02,0.0,0.0,0.0,0.0,0.04,0.0
31,1,5,0,False,0.46747352839456546,0.0447008416090533,4,qEHVI,0.46,0.14,0.3,0.02,0.0,0.0,0.0,0.0,0.0,0.0,0.0,0.04,0.0,0.04,0.0
31,2,4,1,True,0.404008251796802,0.0721596781340974,0,qEHVI,0.0,0.54,0.46,0.0,0.0,0.0,0.0,0.0,0.0,0.0,0.0,0.0,0.0,0.0,0.0
31,2,4,1,True,0.404008251796802,0.0721596781340974,1,qEHVI,0.38,0.12,0.4,0.02,0.02,0.0,0.0,0.0,0.0,0.0,0.0,0.04,0.0,0.02,0.0
31,2,4,1,True,0.404008251796802,0.0721596781340974,2,qEHVI,0.4,0.04,0.46,0.02,0.0,0.0,0.0,0.0,0.0,0.0,0.0,0.04,0.0,0.0,0.04
31,2,4,1,True,0.404008251796802,0.0721596781340974,3,qEHVI,0.02,0.68,0.24,0.04,0.0,0.0,0.0,0.0,0.0,0.0,0.0,0.0,0.0,0.0,0.02
31,2,4,1,True,0.404008251796802,0.0721596781340974,4,qUCB,0.38,0.14,0.38,0.0,0.02,0.0,0.0,0.0,0.04,0.0,0.0,0.0,0.0,0.0,0.04
31,3,3,2,False,0.3530181436818332,0.05121909669997926,0,qEHVI,0.0,0.54,0.46,0.0,0.0,0.0,0.0,0.0,0.0,0.0,0.0,0.0,0.0,0.0,0.0
31,3,3,2,False,0.3530181436818332,0.05121909669997926,1,qEHVI,0.38,0.12,0.4,0.02,0.02,0.0,0.0,0.0,0.0,0.0,0.0,0.04,0.0,0.02,0.0
31,3,3,2,False,0.3530181436818332,0.05121909669997926,2,qEHVI,0.4,0.04,0.46,0.02,0.0,0.0,0.0,0.0,0.0,0.0,0.0,0.04,0.0,0.0,0.04
31,3,3,2,False,0.3530181436818332,0.05121909669997926,3,qUCB,0.38,0.14,0.38,0.0,0.02,0.0,0.0,0.0,0.04,0.0,0.0,0.0,0.0,0.0,0.04
31,3,3,2,False,0.3530181436818332,0.05121909669997926,4,qUCB,0.84,0.0,0.06,0.04,0.0,0.0,0.0,0.0,0.04,0.0,0.0,0.0,0.0,0.02,0.0
31,4,2,3,False,0.28046347012180095,0.060658606233661594,0,qEHVI,0.0,0.54,0.46,0.0,0.0,0.0,0.0,0.0,0.0,0.0,0.0,0.0,0.0,0.0,0.0
31,4,2,3,False,0.28046347012180095,0.060658606233661594,1,qEHVI,0.38,0.12,0.4,0.02,0.02,0.0,0.0,0.0,0.0,0.0,0.0,0.04,0.0,0.02,0.0
31,4,2,3,False,0.28046347012180095,0.060658606233661594,2,qUCB,0.38,0.14,0.38,0.0,0.02,0.0,0.0,0.0,0.04,0.0,0.0,0.0,0.0,0.0,0.04
31,4,2,3,False,0.28046347012180095,0.060658606233661594,3,qUCB,0.8200000000000001,0.0,0.08,0.04,0.0,0.0,0.0,0.0,0.02,0.0,0.0,0.0,0.0,0.0,0.04
31,4,2,3,False,0.28046347012180095,0.060658606233661594,4,qUCB,0.02,0.68,0.2,0.04,0.0,0.0,0.0,0.0,0.02,0.0,0.0,0.0,0.0,0.04,0.0
31,5,1,4,False,0.19523978265176342,0.24856408442005495,0,qEHVI,0.0,0.54,0.46,0.0,0.0,0.0,0.0,0.0,0.0,0.0,0.0,0.0,0.0,0.0,0.0
31,5,1,4,False,0.19523978265176342,0.24856408442005495,1,qUCB,0.42,0.1,0.38,0.0,0.0,0.0,0.0,0.0,0.02,0.0,0.0,0.04,0.0,0.0,0.04
31,5,1,4,False,0.19523978265176342,0.24856408442005495,2,qUCB,0.84,0.0,0.06,0.04,0.0,0.0,0.0,0.0,0.04,0.0,0.0,0.0,0.0,0.02,0.0
31,5,1,4,False,0.19523978265176342,0.24856408442005495,3,qUCB,0.88,0.02,0.0,0.04,0.0,0.0,0.0,0.0,0.0,0.0,0.0,0.02,0.0,0.02,0.02
31,5,1,4,False,0.19523978265176342,0.24856408442005495,4,qUCB,0.72,0.14,0.04,0.04,0.02,0.0,0.0,0.0,0.0,0.0,0.0,0.0,0.0,0.0,0.04
31,6,0,5,False,0.17073379960310273,0.10482507668453955,0,qUCB,0.46,0.14,0.38,0.02,0.0,0.0,0.0,0.0,0.0,0.0,0.0,0.0,0.0,0.0,0.0
31,6,0,5,False,0.17073379960310273,0.10482507668453955,1,qUCB,0.0,0.72,0.18,0.04,0.04,0.0,0.0,0.0,0.0,0.0,0.0,0.02,0.0,0.0,0.0
31,6,0,5,False,0.17073379960310273,0.10482507668453955,2,qUCB,0.84,0.0,0.06,0.04,0.0,0.0,0.0,0.0,0.04,0.0,0.0,0.0,0.0,0.02,0.0
31,6,0,5,False,0.17073379960310273,0.10482507668453955,3,qUCB,0.0,0.38,0.56,0.04,0.02,0.0,0.0,0.0,0.0,0.0,0.0,0.0,0.0,0.0,0.0
31,6,0,5,False,0.17073379960310273,0.10482507668453955,4,qUCB,0.72,0.14,0.04,0.04,0.02,0.0,0.0,0.0,0.0,0.0,0.0,0.0,0.0,0.0,0.04
32,1,5,0,False,0.38953702178424454,0.23554652267520026,0,qEHVI,0.38,0.46,0.06,0.04,0.0,0.0,0.0,0.0,0.02,0.0,0.0,0.0,0.0,0.0,0.04
32,1,5,0,False,0.38953702178424454,0.23554652267520026,1,qEHVI,0.44,0.02,0.44,0.02,0.04,0.0,0.0,0.0,0.0,0.0,0.0,0.0,0.0,0.0,0.04
32,1,5,0,False,0.38953702178424454,0.23554652267520026,2,qEHVI,0.4,0.2,0.4,0.0,0.0,0.0,0.0,0.0,0.0,0.0,0.0,0.0,0.0,0.0,0.0
32,1,5,0,False,0.38953702178424454,0.23554652267520026,3,qEHVI,0.6,0.22,0.08,0.0,0.0,0.0,0.0,0.0,0.02,0.0,0.0,0.02,0.0,0.04,0.02
32,1,5,0,False,0.38953702178424454,0.23554652267520026,4,qEHVI,0.62,0.24,0.04,0.0,0.02,0.0,0.0,0.0,0.0,0.0,0.0,0.0,0.0,0.04,0.04
32,2,4,1,False,0.3277857942317718,0.13758113448849052,0,qEHVI,0.44,0.02,0.44,0.02,0.04,0.0,0.0,0.0,0.0,0.0,0.0,0.0,0.0,0.0,0.04
32,2,4,1,False,0.3277857942317718,0.13758113448849052,1,qEHVI,0.38,0.46,0.06,0.04,0.0,0.0,0.0,0.0,0.02,0.0,0.0,0.0,0.0,0.0,0.04
32,2,4,1,False,0.3277857942317718,0.13758113448849052,2,qEHVI,0.4,0.2,0.4,0.0,0.0,0.0,0.0,0.0,0.0,0.0,0.0,0.0,0.0,0.0,0.0
32,2,4,1,False,0.3277857942317718,0.13758113448849052,3,qEHVI,0.6,0.22,0.08,0.0,0.0,0.0,0.0,0.0,0.02,0.0,0.0,0.02,0.0,0.04,0.02
32,2,4,1,False,0.3277857942317718,0.13758113448849052,4,qUCB,0.42,0.06,0.42,0.04,0.02,0.0,0.0,0.0,0.0,0.0,0.0,0.04,0.0,0.0,0.0
32,3,3,2,True,0.3037544675326238,0.06285401988334982,0,qEHVI,0.44,0.02,0.44,0.02,0.04,0.0,0.0,0.0,0.0,0.0,0.0,0.0,0.0,0.0,0.04
32,3,3,2,True,0.3037544675326238,0.06285401988334982,1,qEHVI,0.38,0.46,0.06,0.04,0.0,0.0,0.0,0.0,0.02,0.0,0.0,0.0,0.0,0.0,0.04
32,3,3,2,True,0.3037544675326238,0.06285401988334982,2,qEHVI,0.4,0.2,0.4,0.0,0.0,0.0,0.0,0.0,0.0,0.0,0.0,0.0,0.0,0.0,0.0
32,3,3,2,True,0.3037544675326238,0.06285401988334982,3,qUCB,0.38,0.1,0.42,0.04,0.0,0.0,0.0,0.0,0.0,0.0,0.0,0.02,0.0,0.04,0.0
32,3,3,2,True,0.3037544675326238,0.06285401988334982,4,qUCB,0.08,0.68,0.14,0.04,0.04,0.0,0.0,0.0,0.0,0.0,0.0,0.0,0.0,0.02,0.0
32,4,2,3,False,0.20983672359156227,0.013875178597263726,0,qEHVI,0.38,0.46,0.06,0.04,0.0,0.0,0.0,0.0,0.02,0.0,0.0,0.0,0.0,0.0,0.04
32,4,2,3,False,0.20983672359156227,0.013875178597263726,1,qEHVI,0.44,0.02,0.44,0.02,0.04,0.0,0.0,0.0,0.0,0.0,0.0,0.0,0.0,0.0,0.04
32,4,2,3,False,0.20983672359156227,0.013875178597263726,2,qUCB,0.48,0.02,0.42,0.0,0.0,0.0,0.0,0.0,0.0,0.0,0.0,0.04,0.0,0.04,0.0
32,4,2,3,False,0.20983672359156227,0.013875178597263726,3,qUCB,0.12,0.68,0.12,0.0,0.0,0.0,0.0,0.0,0.0,0.0,0.0,0.04,0.0,0.04,0.0
32,4,2,3,False,0.20983672359156227,0.013875178597263726,4,qUCB,0.24,0.0,0.68,0.0,0.0,0.0,0.0,0.0,0.04,0.0,0.0,0.04,0.0,0.0,0.0
32,5,1,4,False,0.17769870636121693,0.029307113964055942,0,qEHVI,0.44,0.02,0.44,0.02,0.04,0.0,0.0,0.0,0.0,0.0,0.0,0.0,0.0,0.0,0.04
32,5,1,4,False,0.17769870636121693,0.029307113964055942,1,qUCB,0.36,0.16,0.38,0.0,0.0,0.0,0.0,0.0,0.04,0.0,0.0,0.04,0.0,0.02,0.0
32,5,1,4,False,0.17769870636121693,0.029307113964055942,2,qUCB,0.04,0.74,0.12,0.04,0.0,0.0,0.0,0.0,0.02,0.0,0.0,0.0,0.0,0.04,0.0
32,5,1,4,False,0.17769870636121693,0.029307113964055942,3,qUCB,0.02,0.7000000000000001,0.18,0.04,0.0,0.0,0.0,0.0,0.02,0.0,0.0,0.04,0.0,0.0,0.0
32,5,1,4,False,0.17769870636121693,0.029307113964055942,4,qUCB,0.38,0.36,0.16,0.0,0.0,0.0,0.0,0.0,0.02,0.0,0.0,0.04,0.0,0.04,0.0
32,6,0,5,False,0.14155788478487805,0.05456141420324645,0,qUCB,0.38,0.1,0.42,0.04,0.0,0.0,0.0,0.0,0.0,0.0,0.0,0.02,0.0,0.04,0.0
32,6,0,5,False,0.14155788478487805,0.05456141420324645,1,qUCB,0.38,0.4,0.2,0.0,0.0,0.0,0.0,0.0,0.02,0.0,0.0,0.0,0.0,0.0,0.0
32,6,0,5,False,0.14155788478487805,0.05456141420324645,2,qUCB,0.26,0.0,0.68,0.04,0.0,0.0,0.0,0.0,0.0,0.0,0.0,0.0,0.0,0.0,0.02
32,6,0,5,False,0.14155788478487805,0.05456141420324645,3,qUCB,0.1,0.72,0.12,0.04,0.0,0.0,0.0,0.0,0.02,0.0,0.0,0.0,0.0,0.0,0.0
32,6,0,5,False,0.14155788478487805,0.05456141420324645,4,qUCB,0.08,0.66,0.16,0.04,0.0,0.0,0.0,0.0,0.04,0.0,0.0,0.0,0.0,0.02,0.0
33,1,5,0,False,0.4807150319517175,0.21427757350665821,0,qEHVI,0.44,0.38,0.08,0.02,0.02,0.0,0.0,0.0,0.02,0.0,0.0,0.04,0.0,0.0,0.0
33,1,5,0,False,0.4807150319517175,0.21427757350665821,1,qEHVI,0.44,0.14,0.34,0.0,0.0,0.0,0.0,0.0,0.02,0.0,0.0,0.04,0.0,0.02,0.0
33,1,5,0,False,0.4807150319517175,0.21427757350665821,2,qEHVI,0.0,0.52,0.44,0.0,0.02,0.0,0.0,0.0,0.02,0.0,0.0,0.0,0.0,0.0,0.0
33,1,5,0,False,0.4807150319517175,0.21427757350665821,3,qEHVI,0.64,0.2,0.06,0.0,0.02,0.0,0.0,0.0,0.04,0.0,0.0,0.0,0.0,0.0,0.04
33,1,5,0,False,0.4807150319517175,0.21427757350665821,4,qEHVI,0.6,0.22,0.08,0.0,0.0,0.0,0.0,0.0,0.02,0.0,0.0,0.04,0.0,0.0,0.04
33,2,4,1,True,0.3996121791306593,0.23430511032410628,0,qEHVI,0.44,0.38,0.08,0.02,0.02,0.0,0.0,0.0,0.02,0.0,0.0,0.04,0.0,0.0,0.0
33,2,4,1,True,0.3996121791306593,0.23430511032410628,1,qEHVI,0.44,0.14,0.34,0.0,0.0,0.0,0.0,0.0,0.02,0.0,0.0,0.04,0.0,0.02,0.0
33,2,4,1,True,0.3996121791306593,0.23430511032410628,2,qEHVI,0.16,0.4,0.42,0.0,0.02,0.0,0.0,0.0,0.0,0.0,0.0,0.0,0.0,0.0,0.0
33,2,4,1,True,0.3996121791306593,0.23430511032410628,3,qEHVI,0.6,0.22,0.08,0.0,0.0,0.0,0.0,0.0,0.02,0.0,0.0,0.04,0.0,0.0,0.04
33,2,4,1,True,0.3996121791306593,0.23430511032410628,4,qUCB,0.44,0.04,0.42,0.02,0.0,0.0,0.0,0.0,0.0,0.0,0.0,0.0,0.0,0.04,0.04
33,3,3,2,False,0.3804529890662985,0.05074971977127962,0,qEHVI,0.44,0.38,0.08,0.02,0.02,0.0,0.0,0.0,0.02,0.0,0.0,0.04,0.0,0.0,0.0
33,3,3,2,False,0.3804529890662985,0.05074971977127962,1,qEHVI,0.44,0.14,0.34,0.0,0.0,0.0,0.0,0.0,0.02,0.0,0.0,0.04,0.0,0.02,0.0
33,3,3,2,False,0.3804529890662985,0.05074971977127962,2,qEHVI,0.16,0.4,0.42,0.0,0.02,0.0,0.0,0.0,0.0,0.0,0.0,0.0,0.0,0.0,0.0
33,3,3,2,False,0.3804529890662985,0.05074971977127962,3,qUCB,0.44,0.04,0.42,0.02,0.0,0.0,0.0,0.0,0.0,0.0,0.0,0.0,0.0,0.04,0.04
33,3,3,2,False,0.3804529890662985,0.05074971977127962,4,qUCB,0.68,0.16,0.06,0.04,0.0,0.0,0.0,0.0,0.0,0.0,0.0,0.0,0.0,0.02,0.04
33,4,2,3,False,0.27822266584158495,0.07727194233149115,0,qEHVI,0.44,0.38,0.08,0.02,0.02,0.0,0.0,0.0,0.02,0.0,0.0,0.04,0.0,0.0,0.0
33,4,2,3,False,0.27822266584158495,0.07727194233149115,1,qEHVI,0.44,0.14,0.34,0.0,0.0,0.0,0.0,0.0,0.02,0.0,0.0,0.04,0.0,0.02,0.0
33,4,2,3,False,0.27822266584158495,0.07727194233149115,2,qUCB,0.42,0.08,0.4,0.0,0.04,0.0,0.0,0.0,0.0,0.0,0.0,0.0,0.0,0.02,0.04
33,4,2,3,False,0.27822266584158495,0.07727194233149115,3,qUCB,0.12,0.24,0.56,0.04,0.0,0.0,0.0,0.0,0.0,0.0,0.0,0.0,0.0,0.0,0.04
33,4,2,3,False,0.27822266584158495,0.07727194233149115,4,qUCB,0.22,0.02,0.68,0.04,0.0,0.0,0.0,0.0,0.0,0.0,0.0,0.0,0.0,0.04,0.0
33,5,1,4,False,0.2129008539003981,0.09631940093925628,0,qEHVI,0.44,0.38,0.08,0.02,0.02,0.0,0.0,0.0,0.02,0.0,0.0,0.04,0.0,0.0,0.0
33,5,1,4,False,0.2129008539003981,0.09631940093925628,1,qUCB,0.34,0.14,0.42,0.0,0.0,0.0,0.0,0.0,0.02,0.0,0.0,0.0,0.0,0.04,0.04
33,5,1,4,False,0.2129008539003981,0.09631940093925628,2,qUCB,0.22,0.02,0.68,0.04,0.0,0.0,0.0,0.0,0.0,0.0,0.0,0.0,0.0,0.04,0.0
33,5,1,4,False,0.2129008539003981,0.09631940093925628,3,qUCB,0.12,0.24,0.56,0.04,0.0,0.0,0.0,0.0,0.0,0.0,0.0,0.0,0.0,0.0,0.04
33,5,1,4,False,0.2129008539003981,0.09631940093925628,4,qUCB,0.18,0.64,0.08,0.0,0.0,0.0,0.0,0.0,0.02,0.0,0.0,0.0,0.0,0.04,0.04
33,6,0,5,False,0.15990506333165766,0.006655009828374858,0,qUCB,0.38,0.12,0.42,0.0,0.0,0.0,0.0,0.0,0.02,0.0,0.0,0.04,0.0,0.02,0.0
33,6,0,5,False,0.15990506333165766,0.006655009828374858,1,qUCB,0.42,0.38,0.16,0.04,0.0,0.0,0.0,0.0,0.0,0.0,0.0,0.0,0.0,0.0,0.0
33,6,0,5,False,0.15990506333165766,0.006655009828374858,2,qUCB,0.0,0.44,0.54,0.0,0.02,0.0,0.0,0.0,0.0,0.0,0.0,0.0,0.0,0.0,0.0
33,6,0,5,False,0.15990506333165766,0.006655009828374858,3,qUCB,0.26,0.0,0.68,0.02,0.02,0.0,0.0,0.0,0.0,0.0,0.0,0.02,0.0,0.0,0.0
33,6,0,5,False,0.15990506333165766,0.006655009828374858,4,qUCB,0.0,0.56,0.36,0.04,0.04,0.0,0.0,0.0,0.0,0.0,0.0,0.0,0.0,0.0,0.0
34,1,5,0,False,0.6244113782511662,0.07787587004729168,0,qEHVI,0.0,0.5,0.46,0.04,0.0,0.0,0.0,0.0,0.0,0.0,0.0,0.0,0.0,0.0,0.0
34,1,5,0,False,0.6244113782511662,0.07787587004729168,1,qEHVI,0.4,0.12,0.4,0.02,0.0,0.0,0.0,0.0,0.02,0.0,0.0,0.04,0.0,0.0,0.0
34,1,5,0,False,0.6244113782511662,0.07787587004729168,2,qEHVI,0.64,0.2,0.06,0.0,0.02,0.0,0.0,0.0,0.04,0.0,0.0,0.0,0.0,0.0,0.04
34,1,5,0,False,0.6244113782511662,0.07787587004729168,3,qEHVI,0.44,0.38,0.08,0.02,0.0,0.0,0.0,0.0,0.0,0.0,0.0,0.04,0.0,0.04,0.0
34,1,5,0,False,0.6244113782511662,0.07787587004729168,4,qEHVI,0.38,0.06,0.46,0.04,0.0,0.0,0.0,0.0,0.02,0.0,0.0,0.0,0.0,0.04,0.0
34,2,4,1,False,0.5740394631089563,0.15036631669071454,0,qEHVI,0.0,0.5,0.46,0.04,0.0,0.0,0.0,0.0,0.0,0.0,0.0,0.0,0.0,0.0,0.0
34,2,4,1,False,0.5740394631089563,0.15036631669071454,1,qEHVI,0.4,0.12,0.4,0.02,0.0,0.0,0.0,0.0,0.02,0.0,0.0,0.04,0.0,0.0,0.0
34,2,4,1,False,0.5740394631089563,0.15036631669071454,2,qEHVI,0.64,0.2,0.06,0.0,0.02,0.0,0.0,0.0,0.04,0.0,0.0,0.0,0.0,0.0,0.04
34,2,4,1,False,0.5740394631089563,0.15036631669071454,3,qEHVI,0.44,0.38,0.08,0.02,0.0,0.0,0.0,0.0,0.0,0.0,0.0,0.04,0.0,0.04,0.0
34,2,4,1,False,0.5740394631089563,0.15036631669071454,4,qUCB,0.44,0.1,0.36,0.0,0.04,0.0,0.0,0.0,0.02,0.0,0.0,0.0,0.0,0.04,0.0
34,3,3,2,True,0.45372130311469977,0.3958727992910056,0,qEHVI,0.0,0.5,0.46,0.04,0.0,0.0,0.0,0.0,0.0,0.0,0.0,0.0,0.0,0.0,0.0
34,3,3,2,True,0.45372130311469977,0.3958727992910056,1,qEHVI,0.4,0.12,0.4,0.02,0.0,0.0,0.0,0.0,0.02,0.0,0.0,0.04,0.0,0.0,0.0
34,3,3,2,True,0.45372130311469977,0.3958727992910056,2,qEHVI,0.64,0.2,0.06,0.0,0.02,0.0,0.0,0.0,0.04,0.0,0.0,0.0,0.0,0.0,0.04
34,3,3,2,True,0.45372130311469977,0.3958727992910056,3,qUCB,0.54,0.0,0.38,0.0,0.04,0.0,0.0,0.0,0.0,0.0,0.0,0.0,0.0,0.04,0.0
34,3,3,2,True,0.45372130311469977,0.3958727992910056,4,qUCB,0.42,0.34,0.16,0.0,0.04,0.0,0.0,0.0,0.0,0.0,0.0,0.0,0.0,0.04,0.0
34,4,2,3,False,0.3695168999481072,0.060130664945793555,0,qEHVI,0.0,0.5,0.46,0.04,0.0,0.0,0.0,0.0,0.0,0.0,0.0,0.0,0.0,0.0,0.0
34,4,2,3,False,0.3695168999481072,0.060130664945793555,1,qEHVI,0.4,0.12,0.4,0.02,0.0,0.0,0.0,0.0,0.02,0.0,0.0,0.04,0.0,0.0,0.0
34,4,2,3,False,0.3695168999481072,0.060130664945793555,2,qUCB,0.36,0.14,0.4,0.0,0.02,0.0,0.0,0.0,0.0,0.0,0.0,0.0,0.0,0.04,0.04
34,4,2,3,False,0.3695168999481072,0.060130664945793555,3,qUCB,0.84,0.0,0.06,0.04,0.02,0.0,0.0,0.0,0.0,0.0,0.0,0.0,0.0,0.0,0.04
34,4,2,3,False,0.3695168999481072,0.060130664945793555,4,qUCB,0.68,0.12,0.1,0.0,0.02,0.0,0.0,0.0,0.0,0.0,0.0,0.0,0.0,0.04,0.04
34,5,1,4,False,0.3444573344085107,0.3818879502564151,0,qEHVI,0.0,0.5,0.46,0.04,0.0,0.0,0.0,0.0,0.0,0.0,0.0,0.0,0.0,0.0,0.0
34,5,1,4,False,0.3444573344085107,0.3818879502564151,1,qUCB,0.44,0.08,0.38,0.0,0.0,0.0,0.0,0.0,0.02,0.0,0.0,0.04,0.0,0.0,0.04
34,5,1,4,False,0.3444573344085107,0.3818879502564151,2,qUCB,0.74,0.1,0.06,0.0,0.0,0.0,0.0,0.0,0.0,0.0,0.0,0.04,0.0,0.02,0.04
34,5,1,4,False,0.3444573344085107,0.3818879502564151,3,qUCB,0.0,0.08,0.8200000000000001,0.0,0.0,0.0,0.0,0.0,0.04,0.0,0.0,0.04,0.0,0.0,0.02
34,5,1,4,False,0.3444573344085107,0.3818879502564151,4,qUCB,0.8200000000000001,0.02,0.06,0.04,0.0,0.0,0.0,0.0,0.0,0.0,0.0,0.04,0.0,0.0,0.02
34,6,0,5,False,0.26625906537082145,0.07088007618556613,0,qUCB,0.4,0.12,0.4,0.02,0.0,0.0,0.0,0.0,0.02,0.0,0.0,0.04,0.0,0.0,0.0
34,6,0,5,False,0.26625906537082145,0.07088007618556613,1,qUCB,0.4,0.42,0.18,0.0,0.0,0.0,0.0,0.0,0.0,0.0,0.0,0.0,0.0,0.0,0.0
34,6,0,5,False,0.26625906537082145,0.07088007618556613,2,qUCB,0.8200000000000001,0.02,0.06,0.04,0.0,0.0,0.0,0.0,0.0,0.0,0.0,0.04,0.0,0.0,0.02
34,6,0,5,False,0.26625906537082145,0.07088007618556613,3,qUCB,0.0,0.16,0.8200000000000001,0.0,0.0,0.0,0.0,0.0,0.0,0.0,0.0,0.02,0.0,0.0,0.0
34,6,0,5,False,0.26625906537082145,0.07088007618556613,4,qUCB,0.0,0.4,0.54,0.04,0.02,0.0,0.0,0.0,0.0,0.0,0.0,0.0,0.0,0.0,0.0
35,1,5,0,False,0.4302104437833283,0.1449107606777904,0,qEHVI,0.48,0.34,0.08,0.02,0.0,0.0,0.0,0.0,0.0,0.0,0.0,0.04,0.0,0.04,0.0
35,1,5,0,False,0.4302104437833283,0.1449107606777904,1,qEHVI,0.44,0.02,0.44,0.02,0.04,0.0,0.0,0.0,0.02,0.0,0.0,0.0,0.0,0.0,0.02
35,1,5,0,False,0.4302104437833283,0.1449107606777904,2,qEHVI,0.36,0.16,0.38,0.02,0.0,0.0,0.0,0.0,0.0,0.0,0.0,0.04,0.0,0.04,0.0
35,1,5,0,False,0.4302104437833283,0.1449107606777904,3,qEHVI,0.46,0.14,0.3,0.02,0.02,0.0,0.0,0.0,0.0,0.0,0.0,0.04,0.0,0.02,0.0
35,1,5,0,False,0.4302104437833283,0.1449107606777904,4,qEHVI,0.56,0.26,0.08,0.0,0.0,0.0,0.0,0.0,0.02,0.0,0.0,0.04,0.0,0.04,0.0
35,2,4,1,True,0.41126802569778226,0.11555498594481506,0,qEHVI,0.48,0.34,0.08,0.02,0.0,0.0,0.0,0.0,0.0,0.0,0.0,0.04,0.0,0.04,0.0
35,2,4,1,True,0.41126802569778226,0.11555498594481506,1,qEHVI,0.44,0.02,0.44,0.02,0.04,0.0,0.0,0.0,0.02,0.0,0.0,0.0,0.0,0.0,0.02
35,2,4,1,True,0.41126802569778226,0.11555498594481506,2,qEHVI,0.36,0.16,0.38,0.02,0.0,0.0,0.0,0.0,0.0,0.0,0.0,0.04,0.0,0.04,0.0
35,2,4,1,True,0.41126802569778226,0.11555498594481506,3,qEHVI,0.46,0.14,0.3,0.02,0.02,0.0,0.0,0.0,0.0,0.0,0.0,0.04,0.0,0.02,0.0
35,2,4,1,True,0.41126802569778226,0.11555498594481506,4,qUCB,0.42,0.1,0.38,0.0,0.0,0.0,0.0,0.0,0.02,0.0,0.0,0.0,0.0,0.04,0.04
35,3,3,2,False,0.35213156811206475,0.13556631695014687,0,qEHVI,0.48,0.34,0.08,0.02,0.0,0.0,0.0,0.0,0.0,0.0,0.0,0.04,0.0,0.04,0.0
35,3,3,2,False,0.35213156811206475,0.13556631695014687,1,qEHVI,0.36,0.16,0.38,0.02,0.0,0.0,0.0,0.0,0.0,0.0,0.0,0.04,0.0,0.04,0.0
35,3,3,2,False,0.35213156811206475,0.13556631695014687,2,qEHVI,0.44,0.02,0.44,0.02,0.04,0.0,0.0,0.0,0.02,0.0,0.0,0.0,0.0,0.0,0.02
35,3,3,2,False,0.35213156811206475,0.13556631695014687,3,qUCB,0.42,0.1,0.38,0.0,0.0,0.0,0.0,0.0,0.02,0.0,0.0,0.0,0.0,0.04,0.04
35,3,3,2,False,0.35213156811206475,0.13556631695014687,4,qUCB,0.9,0.0,0.0,0.04,0.0,0.0,0.0,0.0,0.0,0.0,0.0,0.02,0.0,0.0,0.04
35,4,2,3,False,0.3087169057047178,0.018406534969902744,0,qEHVI,0.48,0.34,0.08,0.02,0.0,0.0,0.0,0.0,0.0,0.0,0.0,0.04,0.0,0.04,0.0
35,4,2,3,False,0.3087169057047178,0.018406534969902744,1,qEHVI,0.44,0.02,0.44,0.02,0.04,0.0,0.0,0.0,0.02,0.0,0.0,0.0,0.0,0.0,0.02
35,4,2,3,False,0.3087169057047178,0.018406534969902744,2,qUCB,0.42,0.1,0.38,0.0,0.0,0.0,0.0,0.0,0.02,0.0,0.0,0.0,0.0,0.04,0.04
35,4,2,3,False,0.3087169057047178,0.018406534969902744,3,qUCB,0.9,0.0,0.0,0.04,0.0,0.0,0.0,0.0,0.0,0.0,0.0,0.02,0.0,0.0,0.04
35,4,2,3,False,0.3087169057047178,0.018406534969902744,4,qUCB,0.0,0.14,0.8200000000000001,0.0,0.0,0.0,0.0,0.0,0.0,0.0,0.0,0.02,0.0,0.0,0.02
35,5,1,4,False,0.19072011988168883,0.09058689720987312,0,qEHVI,0.48,0.34,0.08,0.02,0.0,0.0,0.0,0.0,0.0,0.0,0.0,0.04,0.0,0.04,0.0
35,5,1,4,False,0.19072011988168883,0.09058689720987312,1,qUCB,0.42,0.14,0.36,0.0,0.04,0.0,0.0,0.0,0.0,0.0,0.0,0.0,0.0,0.0,0.04
35,5,1,4,False,0.19072011988168883,0.09058689720987312,2,qUCB,0.38,0.14,0.4,0.0,0.04,0.0,0.0,0.0,0.04,0.0,0.0,0.0,0.0,0.0,0.0
35,5,1,4,False,0.19072011988168883,0.09058689720987312,3,qUCB,0.0,0.08,0.84,0.0,0.04,0.0,0.0,0.0,0.04,0.0,0.0,0.0,0.0,0.0,0.0
35,5,1,4,False,0.19072011988168883,0.09058689720987312,4,qUCB,0.26,0.0,0.68,0.04,0.0,0.0,0.0,0.0,0.02,0.0,0.0,0.0,0.0,0.0,0.0
35,6,0,5,False,0.19084086948603807,0.25592706974093815,0,qUCB,0.42,0.12,0.38,0.0,0.0,0.0,0.0,0.0,0.0,0.0,0.0,0.04,0.0,0.02,0.02
35,6,0,5,False,0.19084086948603807,0.25592706974093815,1,qUCB,0.72,0.12,0.06,0.04,0.0,0.0,0.0,0.0,0.0,0.0,0.0,0.04,0.0,0.0,0.02
35,6,0,5,False,0.19084086948603807,0.25592706974093815,2,qUCB,0.02,0.12,0.84,0.0,0.0,0.0,0.0,0.0,0.0,0.0,0.0,0.0,0.0,0.0,0.02
35,6,0,5,False,0.19084086948603807,0.25592706974093815,3,qUCB,0.38,0.38,0.2,0.0,0.0,0.0,0.0,0.0,0.0,0.0,0.0,0.0,0.0,0.02,0.02
35,6,0,5,False,0.19084086948603807,0.25592706974093815,4,qUCB,0.9,0.0,0.0,0.04,0.0,0.0,0.0,0.0,0.0,0.0,0.0,0.02,0.0,0.0,0.04
36,1,5,0,True,0.5850010993627603,0.07907308566379889,0,qEHVI,0.52,0.3,0.08,0.0,0.02,0.0,0.0,0.0,0.0,0.0,0.0,0.02,0.0,0.02,0.04
36,1,5,0,True,0.5850010993627603,0.07907308566379889,1,qEHVI,0.46,0.36,0.08,0.02,0.0,0.0,0.0,0.0,0.0,0.0,0.0,0.04,0.0,0.0,0.04
36,1,5,0,True,0.5850010993627603,0.07907308566379889,2,qEHVI,0.74,0.16,0.0,0.0,0.0,0.0,0.0,0.0,0.0,0.0,0.0,0.04,0.0,0.02,0.04
36,1,5,0,True,0.5850010993627603,0.07907308566379889,3,qEHVI,0.54,0.0,0.36,0.04,0.04,0.0,0.0,0.0,0.0,0.0,0.0,0.0,0.0,0.0,0.02
36,1,5,0,True,0.5850010993627603,0.07907308566379889,4,qEHVI,0.36,0.14,0.4,0.02,0.0,0.0,0.0,0.0,0.0,0.0,0.0,0.04,0.0,0.0,0.04
36,2,4,1,False,0.5176135217221186,0.055677968856642224,0,qEHVI,0.52,0.3,0.08,0.0,0.02,0.0,0.0,0.0,0.0,0.0,0.0,0.02,0.0,0.02,0.04
36,2,4,1,False,0.5176135217221186,0.055677968856642224,1,qEHVI,0.46,0.36,0.08,0.02,0.0,0.0,0.0,0.0,0.0,0.0,0.0,0.04,0.0,0.0,0.04
36,2,4,1,False,0.5176135217221186,0.055677968856642224,2,qEHVI,0.74,0.16,0.0,0.0,0.0,0.0,0.0,0.0,0.0,0.0,0.0,0.04,0.0,0.02,0.04
36,2,4,1,False,0.5176135217221186,0.055677968856642224,3,qEHVI,0.54,0.0,0.36,0.04,0.04,0.0,0.0,0.0,0.0,0.0,0.0,0.0,0.0,0.0,0.02
36,2,4,1,False,0.5176135217221186,0.055677968856642224,4,qUCB,0.38,0.12,0.42,0.0,0.0,0.0,0.0,0.0,0.04,0.0,0.0,0.0,0.0,0.04,0.0
36,3,3,2,False,0.4574549258634582,0.11243003693682496,0,qEHVI,0.52,0.3,0.08,0.0,0.02,0.0,0.0,0.0,0.0,0.0,0.0,0.02,0.0,0.02,0.04
36,3,3,2,False,0.4574549258634582,0.11243003693682496,1,qEHVI,0.46,0.36,0.08,0.02,0.0,0.0,0.0,0.0,0.0,0.0,0.0,0.04,0.0,0.0,0.04
36,3,3,2,False,0.4574549258634582,0.11243003693682496,2,qEHVI,0.74,0.16,0.0,0.0,0.0,0.0,0.0,0.0,0.0,0.0,0.0,0.04,0.0,0.02,0.04
36,3,3,2,False,0.4574549258634582,0.11243003693682496,3,qUCB,0.38,0.12,0.42,0.0,0.0,0.0,0.0,0.0,0.04,0.0,0.0,0.0,0.0,0.04,0.0
36,3,3,2,False,0.4574549258634582,0.11243003693682496,4,qUCB,0.02,0.32,0.56,0.04,0.0,0.0,0.0,0.0,0.04,0.0,0.0,0.0,0.0,0.02,0.0
36,4,2,3,False,0.3353500900160396,0.15385644551967537,0,qEHVI,0.52,0.3,0.08,0.0,0.02,0.0,0.0,0.0,0.0,0.0,0.0,0.02,0.0,0.02,0.04
36,4,2,3,False,0.3353500900160396,0.15385644551967537,1,qEHVI,0.46,0.36,0.08,0.02,0.0,0.0,0.0,0.0,0.0,0.0,0.0,0.04,0.0,0.0,0.04
36,4,2,3,False,0.3353500900160396,0.15385644551967537,2,qUCB,0.38,0.12,0.42,0.0,0.0,0.0,0.0,0.0,0.04,0.0,0.0,0.0,0.0,0.04,0.0
36,4,2,3,False,0.3353500900160396,0.15385644551967537,3,qUCB,0.02,0.32,0.56,0.04,0.0,0.0,0.0,0.0,0.04,0.0,0.0,0.0,0.0,0.02,0.0
36,4,2,3,False,0.3353500900160396,0.15385644551967537,4,qUCB,0.0,0.6,0.34,0.04,0.0,0.0,0.0,0.0,0.0,0.0,0.0,0.0,0.0,0.02,0.0
36,5,1,4,False,0.2010105827565244,0.017444960522056796,0,qEHVI,0.52,0.3,0.08,0.0,0.02,0.0,0.0,0.0,0.0,0.0,0.0,0.02,0.0,0.02,0.04
36,5,1,4,False,0.2010105827565244,0.017444960522056796,1,qUCB,0.34,0.14,0.42,0.04,0.0,0.0,0.0,0.0,0.04,0.0,0.0,0.02,0.0,0.0,0.0
36,5,1,4,False,0.2010105827565244,0.017444960522056796,2,qUCB,0.02,0.32,0.56,0.04,0.0,0.0,0.0,0.0,0.04,0.0,0.0,0.0,0.0,0.02,0.0
36,5,1,4,False,0.2010105827565244,0.017444960522056796,3,qUCB,0.18,0.06,0.68,0.04,0.0,0.0,0.0,0.0,0.04,0.0,0.0,0.0,0.0,0.0,0.0
36,5,1,4,False,0.2010105827565244,0.017444960522056796,4,qUCB,0.0,0.6,0.34,0.04,0.0,0.0,0.0,0.0,0.0,0.0,0.0,0.0,0.0,0.02,0.0
36,6,0,5,False,0.18256196386677218,0.1194998362632731,0,qUCB,0.38,0.12,0.4,0.02,0.0,0.0,0.0,0.0,0.04,0.0,0.0,0.0,0.0,0.0,0.04
36,6,0,5,False,0.18256196386677218,0.1194998362632731,1,qUCB,0.0,0.66,0.32,0.02,0.0,0.0,0.0,0.0,0.0,0.0,0.0,0.0,0.0,0.0,0.0
36,6,0,5,False,0.18256196386677218,0.1194998362632731,2,qUCB,0.22,0.0,0.68,0.04,0.0,0.0,0.0,0.0,0.02,0.0,0.0,0.0,0.0,0.0,0.04
36,6,0,5,False,0.18256196386677218,0.1194998362632731,3,qUCB,0.22,0.6,0.08,0.0,0.02,0.0,0.0,0.0,0.02,0.0,0.0,0.04,0.0,0.02,0.0
36,6,0,5,False,0.18256196386677218,0.1194998362632731,4,qUCB,0.0,0.36,0.56,0.04,0.0,0.0,0.0,0.0,0.02,0.0,0.0,0.0,0.0,0.02,0.0
37,1,5,0,False,0.4786596311591412,0.01847981266770571,0,qEHVI,0.38,0.12,0.4,0.02,0.0,0.0,0.0,0.0,0.02,0.0,0.0,0.02,0.0,0.04,0.0
37,1,5,0,False,0.4786596311591412,0.01847981266770571,1,qEHVI,0.38,0.4,0.22,0.0,0.0,0.0,0.0,0.0,0.0,0.0,0.0,0.0,0.0,0.0,0.0
37,1,5,0,False,0.4786596311591412,0.01847981266770571,2,qEHVI,0.38,0.06,0.46,0.04,0.02,0.0,0.0,0.0,0.0,0.0,0.0,0.02,0.0,0.0,0.02
37,1,5,0,False,0.4786596311591412,0.01847981266770571,3,qEHVI,0.0,0.16,0.84,0.0,0.0,0.0,0.0,0.0,0.0,0.0,0.0,0.0,0.0,0.0,0.0
37,1,5,0,False,0.4786596311591412,0.01847981266770571,4,qEHVI,0.62,0.02,0.3,0.04,0.0,0.0,0.0,0.0,0.0,0.0,0.0,0.0,0.0,0.02,0.0
37,2,4,1,False,0.441943237843635,0.030312232134832584,0,qEHVI,0.38,0.12,0.4,0.02,0.0,0.0,0.0,0.0,0.02,0.0,0.0,0.02,0.0,0.04,0.0
37,2,4,1,False,0.441943237843635,0.030312232134832584,1,qEHVI,0.38,0.4,0.22,0.0,0.0,0.0,0.0,0.0,0.0,0.0,0.0,0.0,0.0,0.0,0.0
37,2,4,1,False,0.441943237843635,0.030312232134832584,2,qEHVI,0.38,0.06,0.46,0.04,0.02,0.0,0.0,0.0,0.0,0.0,0.0,0.02,0.0,0.0,0.02
37,2,4,1,False,0.441943237843635,0.030312232134832584,3,qEHVI,0.52,0.3,0.08,0.0,0.02,0.0,0.0,0.0,0.02,0.0,0.0,0.04,0.0,0.0,0.02
37,2,4,1,False,0.441943237843635,0.030312232134832584,4,qUCB,0.4,0.08,0.42,0.0,0.04,0.0,0.0,0.0,0.0,0.0,0.0,0.0,0.0,0.04,0.02
37,3,3,2,False,0.4126051057780841,0.02029143381798093,0,qEHVI,0.38,0.12,0.4,0.02,0.0,0.0,0.0,0.0,0.02,0.0,0.0,0.02,0.0,0.04,0.0
37,3,3,2,False,0.4126051057780841,0.02029143381798093,1,qEHVI,0.38,0.4,0.22,0.0,0.0,0.0,0.0,0.0,0.0,0.0,0.0,0.0,0.0,0.0,0.0
37,3,3,2,False,0.4126051057780841,0.02029143381798093,2,qEHVI,0.38,0.06,0.46,0.04,0.02,0.0,0.0,0.0,0.0,0.0,0.0,0.02,0.0,0.0,0.02
37,3,3,2,False,0.4126051057780841,0.02029143381798093,3,qUCB,0.44,0.08,0.38,0.0,0.02,0.0,0.0,0.0,0.04,0.0,0.0,0.0,0.0,0.0,0.04
37,3,3,2,False,0.4126051057780841,0.02029143381798093,4,qUCB,0.9,0.0,0.0,0.04,0.0,0.0,0.0,0.0,0.04,0.0,0.0,0.02,0.0,0.0,0.0
37,4,2,3,False,0.3574133000927479,0.0258066926389402,0,qEHVI,0.38,0.12,0.4,0.02,0.0,0.0,0.0,0.0,0.02,0.0,0.0,0.02,0.0,0.04,0.0
37,4,2,3,False,0.3574133000927479,0.0258066926389402,1,qEHVI,0.38,0.4,0.22,0.0,0.0,0.0,0.0,0.0,0.0,0.0,0.0,0.0,0.0,0.0,0.0
37,4,2,3,False,0.3574133000927479,0.0258066926389402,2,qUCB,0.42,0.1,0.38,0.02,0.04,0.0,0.0,0.0,0.0,0.0,0.0,0.0,0.0,0.0,0.04
37,4,2,3,False,0.3574133000927479,0.0258066926389402,3,qUCB,0.78,0.08,0.06,0.04,0.04,0.0,0.0,0.0,0.0,0.0,0.0,0.0,0.0,0.0,0.0
37,4,2,3,False,0.3574133000927479,0.0258066926389402,4,qUCB,0.88,0.0,0.02,0.04,0.0,0.0,0.0,0.0,0.0,0.0,0.0,0.0,0.0,0.02,0.04
37,5,1,4,True,0.3804197221442359,0.08415232537880901,0,qEHVI,0.38,0.12,0.4,0.02,0.0,0.0,0.0,0.0,0.02,0.0,0.0,0.02,0.0,0.04,0.0
37,5,1,4,True,0.3804197221442359,0.08415232537880901,1,qUCB,0.42,0.1,0.38,0.02,0.04,0.0,0.0,0.0,0.0,0.0,0.0,0.0,0.0,0.0,0.04
37,5,1,4,True,0.3804197221442359,0.08415232537880901,2,qUCB,0.78,0.08,0.06,0.04,0.04,0.0,0.0,0.0,0.0,0.0,0.0,0.0,0.0,0.0,0.0
37,5,1,4,True,0.3804197221442359,0.08415232537880901,3,qUCB,0.0,0.16,0.84,0.0,0.0,0.0,0.0,0.0,0.0,0.0,0.0,0.0,0.0,0.0,0.0
37,5,1,4,True,0.3804197221442359,0.08415232537880901,4,qUCB,0.58,0.32,0.0,0.04,0.02,0.0,0.0,0.0,0.0,0.0,0.0,0.0,0.0,0.0,0.04
37,6,0,5,False,0.2475861286856244,0.08234517956379328,0,qUCB,0.38,0.4,0.22,0.0,0.0,0.0,0.0,0.0,0.0,0.0,0.0,0.0,0.0,0.0,0.0
37,6,0,5,False,0.2475861286856244,0.08234517956379328,1,qUCB,0.0,0.16,0.84,0.0,0.0,0.0,0.0,0.0,0.0,0.0,0.0,0.0,0.0,0.0,0.0
37,6,0,5,False,0.2475861286856244,0.08234517956379328,2,qUCB,0.84,0.0,0.06,0.04,0.0,0.0,0.0,0.0,0.04,0.0,0.0,0.0,0.0,0.02,0.0
37,6,0,5,False,0.2475861286856244,0.08234517956379328,3,qUCB,0.0,0.66,0.32,0.0,0.0,0.0,0.0,0.0,0.0,0.0,0.0,0.0,0.0,0.0,0.02
37,6,0,5,False,0.2475861286856244,0.08234517956379328,4,qUCB,0.0,0.36,0.54,0.04,0.02,0.0,0.0,0.0,0.0,0.0,0.0,0.0,0.0,0.0,0.04
38,1,5,0,False,0.5683145163420963,0.055431405904598385,0,qEHVI,0.56,0.28,0.06,0.0,0.02,0.0,0.0,0.0,0.02,0.0,0.0,0.0,0.0,0.04,0.02
38,1,5,0,False,0.5683145163420963,0.055431405904598385,1,qEHVI,0.0,0.74,0.26,0.0,0.0,0.0,0.0,0.0,0.0,0.0,0.0,0.0,0.0,0.0,0.0
38,1,5,0,False,0.5683145163420963,0.055431405904598385,2,qEHVI,0.5,0.32,0.08,0.0,0.0,0.0,0.0,0.0,0.02,0.0,0.0,0.04,0.0,0.0,0.04
38,1,5,0,False,0.5683145163420963,0.055431405904598385,3,qEHVI,0.4,0.16,0.4,0.02,0.0,0.0,0.0,0.0,0.0,0.0,0.0,0.0,0.0,0.02,0.0
38,1,5,0,False,0.5683145163420963,0.055431405904598385,4,qEHVI,0.9,0.0,0.0,0.04,0.04,0.0,0.0,0.0,0.0,0.0,0.0,0.0,0.0,0.0,0.02
38,2,4,1,False,0.528030414972303,0.08056566066715742,0,qEHVI,0.56,0.28,0.06,0.0,0.02,0.0,0.0,0.0,0.02,0.0,0.0,0.0,0.0,0.04,0.02
38,2,4,1,False,0.528030414972303,0.08056566066715742,1,qEHVI,0.0,0.74,0.26,0.0,0.0,0.0,0.0,0.0,0.0,0.0,0.0,0.0,0.0,0.0,0.0
38,2,4,1,False,0.528030414972303,0.08056566066715742,2,qEHVI,0.5,0.32,0.08,0.0,0.0,0.0,0.0,0.0,0.02,0.0,0.0,0.04,0.0,0.0,0.04
38,2,4,1,False,0.528030414972303,0.08056566066715742,3,qEHVI,0.4,0.16,0.4,0.02,0.0,0.0,0.0,0.0,0.0,0.0,0.0,0.0,0.0,0.02,0.0
38,2,4,1,False,0.528030414972303,0.08056566066715742,4,qUCB,0.9,0.0,0.0,0.04,0.04,0.0,0.0,0.0,0.0,0.0,0.0,0.0,0.0,0.0,0.02
38,3,3,2,True,0.4752820168981396,0.589633426656361,0,qEHVI,0.56,0.28,0.06,0.0,0.02,0.0,0.0,0.0,0.02,0.0,0.0,0.0,0.0,0.04,0.02
38,3,3,2,True,0.4752820168981396,0.589633426656361,1,qEHVI,0.0,0.74,0.26,0.0,0.0,0.0,0.0,0.0,0.0,0.0,0.0,0.0,0.0,0.0,0.0
38,3,3,2,True,0.4752820168981396,0.589633426656361,2,qEHVI,0.5,0.32,0.08,0.0,0.0,0.0,0.0,0.0,0.02,0.0,0.0,0.04,0.0,0.0,0.04
38,3,3,2,True,0.4752820168981396,0.589633426656361,3,qUCB,0.44,0.06,0.4,0.04,0.04,0.0,0.0,0.0,0.0,0.0,0.0,0.02,0.0,0.0,0.0
38,3,3,2,True,0.4752820168981396,0.589633426656361,4,qUCB,0.9,0.0,0.0,0.04,0.04,0.0,0.0,0.0,0.0,0.0,0.0,0.0,0.0,0.0,0.02
38,4,2,3,False,0.2964854501812529,0.23251284029776342,0,qEHVI,0.56,0.28,0.06,0.0,0.02,0.0,0.0,0.0,0.02,0.0,0.0,0.0,0.0,0.04,0.02
38,4,2,3,False,0.2964854501812529,0.23251284029776342,1,qEHVI,0.5,0.32,0.08,0.0,0.0,0.0,0.0,0.0,0.02,0.0,0.0,0.04,0.0,0.0,0.04
38,4,2,3,False,0.2964854501812529,0.23251284029776342,2,qUCB,0.44,0.06,0.4,0.04,0.04,0.0,0.0,0.0,0.0,0.0,0.0,0.02,0.0,0.0,0.0
38,4,2,3,False,0.2964854501812529,0.23251284029776342,3,qUCB,0.06,0.34,0.56,0.04,0.0,0.0,0.0,0.0,0.0,0.0,0.0,0.0,0.0,0.0,0.0
38,4,2,3,False,0.2964854501812529,0.23251284029776342,4,qUCB,0.22,0.04,0.68,0.04,0.02,0.0,0.0,0.0,0.0,0.0,0.0,0.0,0.0,0.0,0.0
38,5,1,4,False,0.25015958577077924,0.007714292946170431,0,qEHVI,0.0,0.74,0.26,0.0,0.0,0.0,0.0,0.0,0.0,0.0,0.0,0.0,0.0,0.0,0.0
38,5,1,4,False,0.25015958577077924,0.007714292946170431,1,qUCB,0.9,0.0,0.0,0.04,0.04,0.0,0.0,0.0,0.0,0.0,0.0,0.0,0.0,0.0,0.02
38,5,1,4,False,0.25015958577077924,0.007714292946170431,2,qUCB,0.68,0.0,0.22,0.04,0.0,0.0,0.0,0.0,0.0,0.0,0.0,0.04,0.0,0.0,0.02
38,5,1,4,False,0.25015958577077924,0.007714292946170431,3,qUCB,0.7000000000000001,0.0,0.2,0.04,0.0,0.0,0.0,0.0,0.02,0.0,0.0,0.0,0.0,0.0,0.04
38,5,1,4,False,0.25015958577077924,0.007714292946170431,4,qUCB,0.24,0.0,0.68,0.04,0.0,0.0,0.0,0.0,0.0,0.0,0.0,0.0,0.0,0.02,0.02
38,6,0,5,False,0.33693504788821993,0.0338887586878478,0,qUCB,0.44,0.36,0.2,0.0,0.0,0.0,0.0,0.0,0.0,0.0,0.0,0.0,0.0,0.0,0.0
38,6,0,5,False,0.33693504788821993,0.0338887586878478,1,qUCB,0.0,0.62,0.34,0.0,0.0,0.0,0.0,0.0,0.02,0.0,0.0,0.0,0.0,0.02,0.0
38,6,0,5,False,0.33693504788821993,0.0338887586878478,2,qUCB,0.9,0.0,0.0,0.04,0.04,0.0,0.0,0.0,0.0,0.0,0.0,0.0,0.0,0.0,0.02
38,6,0,5,False,0.33693504788821993,0.0338887586878478,3,qUCB,0.24,0.0,0.68,0.04,0.0,0.0,0.0,0.0,0.0,0.0,0.0,0.0,0.0,0.02,0.02
38,6,0,5,False,0.33693504788821993,0.0338887586878478,4,qUCB,0.28,0.62,0.1,0.0,0.0,0.0,0.0,0.0,0.0,0.0,0.0,0.0,0.0,0.0,0.0
39,1,5,0,True,0.43869588844825835,0.17346922033793355,0,qEHVI,0.56,0.28,0.06,0.0,0.0,0.0,0.0,0.0,0.02,0.0,0.0,0.0,0.0,0.04,0.04
39,1,5,0,True,0.43869588844825835,0.17346922033793355,1,qEHVI,0.4,0.1,0.46,0.04,0.0,0.0,0.0,0.0,0.0,0.0,0.0,0.0,0.0,0.0,0.0
39,1,5,0,True,0.43869588844825835,0.17346922033793355,2,qEHVI,0.36,0.48,0.06,0.04,0.0,0.0,0.0,0.0,0.0,0.0,0.0,0.04,0.0,0.0,0.02
39,1,5,0,True,0.43869588844825835,0.17346922033793355,3,qEHVI,0.42,0.14,0.4,0.0,0.0,0.0,0.0,0.0,0.0,0.0,0.0,0.0,0.0,0.04,0.0
39,1,5,0,True,0.43869588844825835,0.17346922033793355,4,qEHVI,0.0,0.26,0.72,0.0,0.02,0.0,0.0,0.0,0.0,0.0,0.0,0.0,0.0,0.0,0.0
39,2,4,1,False,0.3843165143171095,0.05714576395167725,0,qEHVI,0.56,0.28,0.06,0.0,0.0,0.0,0.0,0.0,0.02,0.0,0.0,0.0,0.0,0.04,0.04
39,2,4,1,False,0.3843165143171095,0.05714576395167725,1,qEHVI,0.4,0.1,0.46,0.04,0.0,0.0,0.0,0.0,0.0,0.0,0.0,0.0,0.0,0.0,0.0
39,2,4,1,False,0.3843165143171095,0.05714576395167725,2,qEHVI,0.36,0.48,0.06,0.04,0.0,0.0,0.0,0.0,0.0,0.0,0.0,0.04,0.0,0.0,0.02
39,2,4,1,False,0.3843165143171095,0.05714576395167725,3,qEHVI,0.42,0.14,0.4,0.0,0.0,0.0,0.0,0.0,0.0,0.0,0.0,0.0,0.0,0.04,0.0
39,2,4,1,False,0.3843165143171095,0.05714576395167725,4,qUCB,0.4,0.1,0.4,0.0,0.04,0.0,0.0,0.0,0.04,0.0,0.0,0.02,0.0,0.0,0.0
39,3,3,2,False,0.3436458242373349,0.15111374101581632,0,qEHVI,0.56,0.28,0.06,0.0,0.0,0.0,0.0,0.0,0.02,0.0,0.0,0.0,0.0,0.04,0.04
39,3,3,2,False,0.3436458242373349,0.15111374101581632,1,qEHVI,0.4,0.1,0.46,0.04,0.0,0.0,0.0,0.0,0.0,0.0,0.0,0.0,0.0,0.0,0.0
39,3,3,2,False,0.3436458242373349,0.15111374101581632,2,qEHVI,0.36,0.48,0.06,0.04,0.0,0.0,0.0,0.0,0.0,0.0,0.0,0.04,0.0,0.0,0.02
39,3,3,2,False,0.3436458242373349,0.15111374101581632,3,qUCB,0.4,0.1,0.4,0.0,0.04,0.0,0.0,0.0,0.04,0.0,0.0,0.02,0.0,0.0,0.0
39,3,3,2,False,0.3436458242373349,0.15111374101581632,4,qUCB,0.24,0.6,0.1,0.0,0.04,0.0,0.0,0.0,0.0,0.0,0.0,0.0,0.0,0.0,0.02
39,4,2,3,False,0.31272753793211994,0.13408916367505563,0,qEHVI,0.56,0.28,0.06,0.0,0.0,0.0,0.0,0.0,0.02,0.0,0.0,0.0,0.0,0.04,0.04
39,4,2,3,False,0.31272753793211994,0.13408916367505563,1,qEHVI,0.4,0.1,0.46,0.04,0.0,0.0,0.0,0.0,0.0,0.0,0.0,0.0,0.0,0.0,0.0
39,4,2,3,False,0.31272753793211994,0.13408916367505563,2,qUCB,0.42,0.48,0.0,0.0,0.04,0.0,0.0,0.0,0.0,0.0,0.0,0.04,0.0,0.0,0.02
39,4,2,3,False,0.31272753793211994,0.13408916367505563,3,qUCB,0.22,0.6,0.08,0.0,0.04,0.0,0.0,0.0,0.0,0.0,0.0,0.04,0.0,0.02,0.0
39,4,2,3,False,0.31272753793211994,0.13408916367505563,4,qUCB,0.2,0.14,0.56,0.0,0.0,0.0,0.0,0.0,0.04,0.0,0.0,0.04,0.0,0.0,0.02
39,5,1,4,False,0.2180210801495508,0.06639000996795086,0,qEHVI,0.56,0.28,0.06,0.0,0.0,0.0,0.0,0.0,0.02,0.0,0.0,0.0,0.0,0.04,0.04
39,5,1,4,False,0.2180210801495508,0.06639000996795086,1,qUCB,0.3,0.18,0.42,0.04,0.04,0.0,0.0,0.0,0.0,0.0,0.0,0.02,0.0,0.0,0.0
39,5,1,4,False,0.2180210801495508,0.06639000996795086,2,qUCB,0.16,0.66,0.1,0.0,0.04,0.0,0.0,0.0,0.0,0.0,0.0,0.04,0.0,0.0,0.0
39,5,1,4,False,0.2180210801495508,0.06639000996795086,3,qUCB,0.6,0.0,0.32,0.04,0.0,0.0,0.0,0.0,0.0,0.0,0.0,0.04,0.0,0.0,0.0
39,5,1,4,False,0.2180210801495508,0.06639000996795086,4,qUCB,0.0,0.34,0.56,0.04,0.0,0.0,0.0,0.0,0.02,0.0,0.0,0.04,0.0,0.0,0.0
39,6,0,5,False,0.30385794786440584,0.028036984973034862,0,qUCB,0.42,0.14,0.4,0.0,0.0,0.0,0.0,0.0,0.0,0.0,0.0,0.0,0.0,0.04,0.0
39,6,0,5,False,0.30385794786440584,0.028036984973034862,1,qUCB,0.0,0.62,0.34,0.02,0.0,0.0,0.0,0.0,0.0,0.0,0.0,0.0,0.0,0.02,0.0
39,6,0,5,False,0.30385794786440584,0.028036984973034862,2,qUCB,0.24,0.58,0.08,0.0,0.0,0.0,0.0,0.0,0.0,0.0,0.0,0.04,0.0,0.04,0.02
39,6,0,5,False,0.30385794786440584,0.028036984973034862,3,qUCB,0.42,0.36,0.2,0.0,0.0,0.0,0.0,0.0,0.0,0.0,0.0,0.02,0.0,0.0,0.0
39,6,0,5,False,0.30385794786440584,0.028036984973034862,4,qUCB,0.22,0.0,0.68,0.04,0.0,0.0,0.0,0.0,0.02,0.0,0.0,0.0,0.0,0.0,0.04
40,1,5,0,True,0.38906540646862214,0.08153332814181269,0,qEHVI,0.38,0.14,0.4,0.02,0.0,0.0,0.0,0.0,0.02,0.0,0.0,0.0,0.0,0.04,0.0
40,1,5,0,True,0.38906540646862214,0.08153332814181269,1,qEHVI,0.44,0.16,0.36,0.04,0.0,0.0,0.0,0.0,0.0,0.0,0.0,0.0,0.0,0.0,0.0
40,1,5,0,True,0.38906540646862214,0.08153332814181269,2,qEHVI,0.58,0.26,0.06,0.0,0.02,0.0,0.0,0.0,0.02,0.0,0.0,0.0,0.0,0.04,0.02
40,1,5,0,True,0.38906540646862214,0.08153332814181269,3,qEHVI,0.6,0.0,0.3,0.04,0.0,0.0,0.0,0.0,0.02,0.0,0.0,0.02,0.0,0.0,0.02
40,1,5,0,True,0.38906540646862214,0.08153332814181269,4,qEHVI,0.48,0.02,0.44,0.0,0.04,0.0,0.0,0.0,0.0,0.0,0.0,0.0,0.0,0.02,0.0
40,2,4,1,False,0.37730868853530763,0.18298977988924392,0,qEHVI,0.38,0.14,0.4,0.02,0.0,0.0,0.0,0.0,0.02,0.0,0.0,0.0,0.0,0.04,0.0
40,2,4,1,False,0.37730868853530763,0.18298977988924392,1,qEHVI,0.44,0.16,0.36,0.04,0.0,0.0,0.0,0.0,0.0,0.0,0.0,0.0,0.0,0.0,0.0
40,2,4,1,False,0.37730868853530763,0.18298977988924392,2,qEHVI,0.58,0.26,0.06,0.0,0.02,0.0,0.0,0.0,0.02,0.0,0.0,0.0,0.0,0.04,0.02
40,2,4,1,False,0.37730868853530763,0.18298977988924392,3,qEHVI,0.6,0.0,0.3,0.04,0.0,0.0,0.0,0.0,0.02,0.0,0.0,0.02,0.0,0.0,0.02
40,2,4,1,False,0.37730868853530763,0.18298977988924392,4,qUCB,0.42,0.14,0.36,0.0,0.04,0.0,0.0,0.0,0.0,0.0,0.0,0.04,0.0,0.0,0.0
40,3,3,2,False,0.30784642947256463,0.01820720507040363,0,qEHVI,0.38,0.14,0.4,0.02,0.0,0.0,0.0,0.0,0.02,0.0,0.0,0.0,0.0,0.04,0.0
40,3,3,2,False,0.30784642947256463,0.01820720507040363,1,qEHVI,0.44,0.16,0.36,0.04,0.0,0.0,0.0,0.0,0.0,0.0,0.0,0.0,0.0,0.0,0.0
40,3,3,2,False,0.30784642947256463,0.01820720507040363,2,qEHVI,0.6,0.0,0.3,0.04,0.0,0.0,0.0,0.0,0.02,0.0,0.0,0.02,0.0,0.0,0.02
40,3,3,2,False,0.30784642947256463,0.01820720507040363,3,qUCB,0.42,0.14,0.36,0.0,0.04,0.0,0.0,0.0,0.0,0.0,0.0,0.04,0.0,0.0,0.0
40,3,3,2,False,0.30784642947256463,0.01820720507040363,4,qUCB,0.36,0.34,0.22,0.0,0.04,0.0,0.0,0.0,0.0,0.0,0.0,0.0,0.0,0.0,0.04
40,4,2,3,False,0.28953631827785864,0.01997850462248607,0,qEHVI,0.38,0.14,0.4,0.02,0.0,0.0,0.0,0.0,0.02,0.0,0.0,0.0,0.0,0.04,0.0
40,4,2,3,False,0.28953631827785864,0.01997850462248607,1,qEHVI,0.6,0.0,0.3,0.04,0.0,0.0,0.0,0.0,0.02,0.0,0.0,0.02,0.0,0.0,0.02
40,4,2,3,False,0.28953631827785864,0.01997850462248607,2,qUCB,0.42,0.14,0.36,0.0,0.04,0.0,0.0,0.0,0.0,0.0,0.0,0.04,0.0,0.0,0.0
40,4,2,3,False,0.28953631827785864,0.01997850462248607,3,qUCB,0.34,0.36,0.2,0.0,0.04,0.0,0.0,0.0,0.0,0.0,0.0,0.04,0.0,0.02,0.0
40,4,2,3,False,0.28953631827785864,0.01997850462248607,4,qUCB,0.0,0.6,0.32,0.0,0.04,0.0,0.0,0.0,0.0,0.0,0.0,0.0,0.0,0.0,0.04
40,5,1,4,False,0.17520511198894576,0.11525400089875859,0,qEHVI,0.38,0.14,0.4,0.02,0.0,0.0,0.0,0.0,0.02,0.0,0.0,0.0,0.0,0.04,0.0
40,5,1,4,False,0.17520511198894576,0.11525400089875859,1,qUCB,0.42,0.48,0.0,0.0,0.04,0.0,0.0,0.0,0.0,0.0,0.0,0.02,0.0,0.0,0.04
40,5,1,4,False,0.17520511198894576,0.11525400089875859,2,qUCB,0.0,0.9,0.02,0.04,0.0,0.0,0.0,0.0,0.0,0.0,0.0,0.0,0.0,0.0,0.04
40,5,1,4,False,0.17520511198894576,0.11525400089875859,3,qUCB,0.36,0.34,0.22,0.0,0.04,0.0,0.0,0.0,0.0,0.0,0.0,0.0,0.0,0.0,0.04
40,5,1,4,False,0.17520511198894576,0.11525400089875859,4,qUCB,0.26,0.44,0.2,0.0,0.04,0.0,0.0,0.0,0.0,0.0,0.0,0.04,0.0,0.0,0.02
40,6,0,5,False,0.20946540705082944,0.1264112580409691,0,qUCB,0.4,0.12,0.38,0.0,0.0,0.0,0.0,0.0,0.04,0.0,0.0,0.02,0.0,0.04,0.0
40,6,0,5,False,0.20946540705082944,0.1264112580409691,1,qUCB,0.72,0.18,0.1,0.0,0.0,0.0,0.0,0.0,0.0,0.0,0.0,0.0,0.0,0.0,0.0
40,6,0,5,False,0.20946540705082944,0.1264112580409691,2,qUCB,0.66,0.0,0.28,0.04,0.0,0.0,0.0,0.0,0.0,0.0,0.0,0.0,0.0,0.02,0.0
40,6,0,5,False,0.20946540705082944,0.1264112580409691,3,qUCB,0.38,0.36,0.2,0.0,0.0,0.0,0.0,0.0,0.04,0.0,0.0,0.02,0.0,0.0,0.0
40,6,0,5,False,0.20946540705082944,0.1264112580409691,4,qUCB,0.72,0.0,0.2,0.04,0.0,0.0,0.0,0.0,0.0,0.0,0.0,0.0,0.0,0.02,0.02
41,1,5,0,False,0.41204145607417775,0.10425857899532964,0,qEHVI,0.0,0.54,0.44,0.0,0.02,0.0,0.0,0.0,0.0,0.0,0.0,0.0,0.0,0.0,0.0
41,1,5,0,False,0.41204145607417775,0.10425857899532964,1,qEHVI,0.42,0.18,0.3,0.02,0.0,0.0,0.0,0.0,0.0,0.0,0.0,0.04,0.0,0.02,0.02
41,1,5,0,False,0.41204145607417775,0.10425857899532964,2,qEHVI,0.38,0.06,0.46,0.02,0.02,0.0,0.0,0.0,0.02,0.0,0.0,0.0,0.0,0.04,0.0
41,1,5,0,False,0.41204145607417775,0.10425857899532964,3,qEHVI,0.44,0.16,0.4,0.0,0.0,0.0,0.0,0.0,0.0,0.0,0.0,0.0,0.0,0.0,0.0
41,1,5,0,False,0.41204145607417775,0.10425857899532964,4,qEHVI,0.42,0.12,0.36,0.0,0.0,0.0,0.0,0.0,0.0,0.0,0.0,0.04,0.0,0.04,0.02
41,2,4,1,True,0.3729037604245677,0.1392373042484465,0,qEHVI,0.0,0.54,0.44,0.0,0.02,0.0,0.0,0.0,0.0,0.0,0.0,0.0,0.0,0.0,0.0
41,2,4,1,True,0.3729037604245677,0.1392373042484465,1,qEHVI,0.42,0.18,0.3,0.02,0.0,0.0,0.0,0.0,0.0,0.0,0.0,0.04,0.0,0.02,0.02
41,2,4,1,True,0.3729037604245677,0.1392373042484465,2,qEHVI,0.38,0.06,0.46,0.02,0.02,0.0,0.0,0.0,0.02,0.0,0.0,0.0,0.0,0.04,0.0
41,2,4,1,True,0.3729037604245677,0.1392373042484465,3,qEHVI,0.44,0.16,0.4,0.0,0.0,0.0,0.0,0.0,0.0,0.0,0.0,0.0,0.0,0.0,0.0
41,2,4,1,True,0.3729037604245677,0.1392373042484465,4,qUCB,0.46,0.44,0.0,0.0,0.0,0.0,0.0,0.0,0.04,0.0,0.0,0.0,0.0,0.02,0.04
41,3,3,2,False,0.3420285138427653,0.004198084596128027,0,qEHVI,0.0,0.54,0.44,0.0,0.02,0.0,0.0,0.0,0.0,0.0,0.0,0.0,0.0,0.0,0.0
41,3,3,2,False,0.3420285138427653,0.004198084596128027,1,qEHVI,0.42,0.18,0.3,0.02,0.0,0.0,0.0,0.0,0.0,0.0,0.0,0.04,0.0,0.02,0.02
41,3,3,2,False,0.3420285138427653,0.004198084596128027,2,qEHVI,0.38,0.06,0.46,0.02,0.02,0.0,0.0,0.0,0.02,0.0,0.0,0.0,0.0,0.04,0.0
41,3,3,2,False,0.3420285138427653,0.004198084596128027,3,qUCB,0.48,0.0,0.42,0.0,0.02,0.0,0.0,0.0,0.04,0.0,0.0,0.0,0.0,0.0,0.04
41,3,3,2,False,0.3420285138427653,0.004198084596128027,4,qUCB,0.72,0.0,0.18,0.04,0.04,0.0,0.0,0.0,0.0,0.0,0.0,0.0,0.0,0.0,0.02
41,4,2,3,False,0.2545846777058072,0.0735916431808028,0,qEHVI,0.0,0.54,0.44,0.0,0.02,0.0,0.0,0.0,0.0,0.0,0.0,0.0,0.0,0.0,0.0
41,4,2,3,False,0.2545846777058072,0.0735916431808028,1,qEHVI,0.42,0.18,0.3,0.02,0.0,0.0,0.0,0.0,0.0,0.0,0.0,0.04,0.0,0.02,0.02
41,4,2,3,False,0.2545846777058072,0.0735916431808028,2,qUCB,0.48,0.0,0.42,0.0,0.02,0.0,0.0,0.0,0.04,0.0,0.0,0.0,0.0,0.0,0.04
41,4,2,3,False,0.2545846777058072,0.0735916431808028,3,qUCB,0.72,0.0,0.18,0.04,0.04,0.0,0.0,0.0,0.0,0.0,0.0,0.0,0.0,0.0,0.02
41,4,2,3,False,0.2545846777058072,0.0735916431808028,4,qUCB,0.24,0.0,0.68,0.04,0.02,0.0,0.0,0.0,0.0,0.0,0.0,0.0,0.0,0.0,0.02
41,5,1,4,False,0.19764319152339238,0.01261416553555783,0,qEHVI,0.0,0.54,0.44,0.0,0.02,0.0,0.0,0.0,0.0,0.0,0.0,0.0,0.0,0.0,0.0
41,5,1,4,False,0.19764319152339238,0.01261416553555783,1,qUCB,0.5,0.0,0.4,0.0,0.0,0.0,0.0,0.0,0.0,0.0,0.0,0.02,0.0,0.04,0.04
41,5,1,4,False,0.19764319152339238,0.01261416553555783,2,qUCB,0.72,0.0,0.18,0.04,0.0,0.0,0.0,0.0,0.0,0.0,0.0,0.04,0.0,0.02,0.0
41,5,1,4,False,0.19764319152339238,0.01261416553555783,3,qUCB,0.66,0.0,0.24,0.04,0.0,0.0,0.0,0.0,0.02,0.0,0.0,0.0,0.0,0.0,0.04
41,5,1,4,False,0.19764319152339238,0.01261416553555783,4,qUCB,0.66,0.02,0.22,0.04,0.0,0.0,0.0,0.0,0.0,0.0,0.0,0.04,0.0,0.02,0.0
41,6,0,5,False,0.10684022697058534,0.0792701604756818,0,qUCB,0.4,0.12,0.38,0.0,0.0,0.0,0.0,0.0,0.02,0.0,0.0,0.04,0.0,0.0,0.04
41,6,0,5,False,0.10684022697058534,0.0792701604756818,1,qUCB,0.24,0.0,0.68,0.04,0.02,0.0,0.0,0.0,0.0,0.0,0.0,0.0,0.0,0.0,0.02
41,6,0,5,False,0.10684022697058534,0.0792701604756818,2,qUCB,0.0,0.62,0.34,0.0,0.02,0.0,0.0,0.0,0.02,0.0,0.0,0.0,0.0,0.0,0.0
41,6,0,5,False,0.10684022697058534,0.0792701604756818,3,qUCB,0.72,0.0,0.18,0.04,0.0,0.0,0.0,0.0,0.0,0.0,0.0,0.04,0.0,0.02,0.0
41,6,0,5,False,0.10684022697058534,0.0792701604756818,4,qUCB,0.74,0.14,0.1,0.0,0.0,0.0,0.0,0.0,0.0,0.0,0.0,0.0,0.0,0.0,0.02
42,1,5,0,False,0.3272075039925859,0.04889939510201913,0,qEHVI,0.38,0.12,0.4,0.0,0.0,0.0,0.0,0.0,0.02,0.0,0.0,0.04,0.0,0.04,0.0
42,1,5,0,False,0.3272075039925859,0.04889939510201913,1,qEHVI,0.4,0.2,0.3,0.04,0.02,0.0,0.0,0.0,0.0,0.0,0.0,0.04,0.0,0.0,0.0
42,1,5,0,False,0.3272075039925859,0.04889939510201913,2,qEHVI,0.36,0.14,0.4,0.02,0.0,0.0,0.0,0.0,0.04,0.0,0.0,0.0,0.0,0.02,0.02
42,1,5,0,False,0.3272075039925859,0.04889939510201913,3,qEHVI,0.4,0.04,0.46,0.02,0.04,0.0,0.0,0.0,0.04,0.0,0.0,0.0,0.0,0.0,0.0
42,1,5,0,False,0.3272075039925859,0.04889939510201913,4,qEHVI,0.42,0.12,0.36,0.0,0.04,0.0,0.0,0.0,0.0,0.0,0.0,0.04,0.0,0.02,0.0
42,2,4,1,True,0.3153913667093837,0.014917049908461877,0,qEHVI,0.38,0.12,0.4,0.0,0.0,0.0,0.0,0.0,0.02,0.0,0.0,0.04,0.0,0.04,0.0
42,2,4,1,True,0.3153913667093837,0.014917049908461877,1,qEHVI,0.4,0.2,0.3,0.04,0.02,0.0,0.0,0.0,0.0,0.0,0.0,0.04,0.0,0.0,0.0
42,2,4,1,True,0.3153913667093837,0.014917049908461877,2,qEHVI,0.38,0.12,0.4,0.02,0.0,0.0,0.0,0.0,0.04,0.0,0.0,0.02,0.0,0.0,0.02
42,2,4,1,True,0.3153913667093837,0.014917049908461877,3,qEHVI,0.4,0.04,0.46,0.02,0.04,0.0,0.0,0.0,0.04,0.0,0.0,0.0,0.0,0.0,0.0
42,2,4,1,True,0.3153913667093837,0.014917049908461877,4,qUCB,0.44,0.1,0.36,0.0,0.02,0.0,0.0,0.0,0.0,0.0,0.0,0.0,0.0,0.04,0.04
42,3,3,2,False,0.2512198759994425,0.09277652873137221,0,qEHVI,0.38,0.12,0.4,0.0,0.0,0.0,0.0,0.0,0.02,0.0,0.0,0.04,0.0,0.04,0.0
42,3,3,2,False,0.2512198759994425,0.09277652873137221,1,qEHVI,0.4,0.2,0.3,0.04,0.02,0.0,0.0,0.0,0.0,0.0,0.0,0.04,0.0,0.0,0.0
42,3,3,2,False,0.2512198759994425,0.09277652873137221,2,qEHVI,0.38,0.12,0.4,0.02,0.0,0.0,0.0,0.0,0.04,0.0,0.0,0.02,0.0,0.0,0.02
42,3,3,2,False,0.2512198759994425,0.09277652873137221,3,qUCB,0.4,0.14,0.38,0.0,0.04,0.0,0.0,0.0,0.0,0.0,0.0,0.0,0.0,0.0,0.04
42,3,3,2,False,0.2512198759994425,0.09277652873137221,4,qUCB,0.2,0.0,0.7000000000000001,0.04,0.0,0.0,0.0,0.0,0.0,0.0,0.0,0.0,0.0,0.04,0.02
42,4,2,3,False,0.21712054813649134,0.06424314044688906,0,qEHVI,0.38,0.12,0.4,0.0,0.0,0.0,0.0,0.0,0.02,0.0,0.0,0.04,0.0,0.04,0.0
42,4,2,3,False,0.21712054813649134,0.06424314044688906,1,qEHVI,0.4,0.2,0.3,0.04,0.02,0.0,0.0,0.0,0.0,0.0,0.0,0.04,0.0,0.0,0.0
42,4,2,3,False,0.21712054813649134,0.06424314044688906,2,qUCB,0.4,0.12,0.38,0.0,0.02,0.0,0.0,0.0,0.04,0.0,0.0,0.0,0.0,0.0,0.04
42,4,2,3,False,0.21712054813649134,0.06424314044688906,3,qUCB,0.0,0.64,0.34,0.0,0.0,0.0,0.0,0.0,0.02,0.0,0.0,0.0,0.0,0.0,0.0
42,4,2,3,False,0.21712054813649134,0.06424314044688906,4,qUCB,0.0,0.44,0.54,0.0,0.0,0.0,0.0,0.0,0.0,0.0,0.0,0.0,0.0,0.0,0.02
42,5,1,4,False,0.1474507460628011,0.017783092446195692,0,qEHVI,0.38,0.12,0.4,0.0,0.0,0.0,0.0,0.0,0.02,0.0,0.0,0.04,0.0,0.04,0.0
42,5,1,4,False,0.1474507460628011,0.017783092446195692,1,qUCB,0.4,0.14,0.38,0.0,0.04,0.0,0.0,0.0,0.0,0.0,0.0,0.0,0.0,0.0,0.04
42,5,1,4,False,0.1474507460628011,0.017783092446195692,2,qUCB,0.0,0.92,0.02,0.04,0.02,0.0,0.0,0.0,0.0,0.0,0.0,0.0,0.0,0.0,0.0
42,5,1,4,False,0.1474507460628011,0.017783092446195692,3,qUCB,0.7000000000000001,0.02,0.18,0.04,0.02,0.0,0.0,0.0,0.0,0.0,0.0,0.0,0.0,0.0,0.04
42,5,1,4,False,0.1474507460628011,0.017783092446195692,4,qUCB,0.36,0.38,0.16,0.04,0.02,0.0,0.0,0.0,0.0,0.0,0.0,0.0,0.0,0.0,0.04
42,6,0,5,False,0.10835595754588273,0.05534049150741094,0,qUCB,0.44,0.12,0.38,0.0,0.0,0.0,0.0,0.0,0.0,0.0,0.0,0.04,0.0,0.02,0.0
42,6,0,5,False,0.10835595754588273,0.05534049150741094,1,qUCB,0.0,0.64,0.34,0.0,0.0,0.0,0.0,0.0,0.02,0.0,0.0,0.0,0.0,0.0,0.0
42,6,0,5,False,0.10835595754588273,0.05534049150741094,2,qUCB,0.74,0.0,0.18,0.04,0.0,0.0,0.0,0.0,0.0,0.0,0.0,0.04,0.0,0.0,0.0
42,6,0,5,False,0.10835595754588273,0.05534049150741094,3,qUCB,0.0,0.9,0.0,0.04,0.0,0.0,0.0,0.0,0.02,0.0,0.0,0.04,0.0,0.0,0.0
42,6,0,5,False,0.10835595754588273,0.05534049150741094,4,qUCB,0.24,0.0,0.68,0.04,0.0,0.0,0.0,0.0,0.0,0.0,0.0,0.02,0.0,0.02,0.0
43,1,5,0,False,0.2756228863539996,0.15642832796110717,0,qEHVI,0.38,0.2,0.32,0.04,0.0,0.0,0.0,0.0,0.02,0.0,0.0,0.04,0.0,0.0,0.0
43,1,5,0,False,0.2756228863539996,0.15642832796110717,1,qEHVI,0.38,0.12,0.4,0.02,0.02,0.0,0.0,0.0,0.0,0.0,0.0,0.02,0.0,0.0,0.04
43,1,5,0,False,0.2756228863539996,0.15642832796110717,2,qEHVI,0.44,0.06,0.44,0.0,0.02,0.0,0.0,0.0,0.04,0.0,0.0,0.0,0.0,0.0,0.0
43,1,5,0,False,0.2756228863539996,0.15642832796110717,3,qEHVI,0.42,0.18,0.3,0.0,0.0,0.0,0.0,0.0,0.0,0.0,0.0,0.02,0.0,0.04,0.04
43,1,5,0,False,0.2756228863539996,0.15642832796110717,4,qEHVI,0.36,0.34,0.22,0.04,0.0,0.0,0.0,0.0,0.0,0.0,0.0,0.04,0.0,0.0,0.0
43,2,4,1,False,0.245771780154533,0.041011110146790486,0,qEHVI,0.38,0.2,0.32,0.04,0.0,0.0,0.0,0.0,0.02,0.0,0.0,0.04,0.0,0.0,0.0
43,2,4,1,False,0.245771780154533,0.041011110146790486,1,qEHVI,0.38,0.12,0.4,0.02,0.02,0.0,0.0,0.0,0.0,0.0,0.0,0.02,0.0,0.0,0.04
43,2,4,1,False,0.245771780154533,0.041011110146790486,2,qEHVI,0.44,0.06,0.44,0.0,0.02,0.0,0.0,0.0,0.04,0.0,0.0,0.0,0.0,0.0,0.0
43,2,4,1,False,0.245771780154533,0.041011110146790486,3,qEHVI,0.44,0.16,0.3,0.0,0.0,0.0,0.0,0.0,0.02,0.0,0.0,0.04,0.0,0.04,0.0
43,2,4,1,False,0.245771780154533,0.041011110146790486,4,qUCB,0.36,0.12,0.42,0.04,0.02,0.0,0.0,0.0,0.0,0.0,0.0,0.0,0.0,0.04,0.0
43,3,3,2,True,0.20578707265599502,0.02349054371418191,0,qEHVI,0.38,0.2,0.32,0.04,0.0,0.0,0.0,0.0,0.02,0.0,0.0,0.04,0.0,0.0,0.0
43,3,3,2,True,0.20578707265599502,0.02349054371418191,1,qEHVI,0.38,0.12,0.4,0.02,0.02,0.0,0.0,0.0,0.0,0.0,0.0,0.02,0.0,0.0,0.04
43,3,3,2,True,0.20578707265599502,0.02349054371418191,2,qEHVI,0.44,0.06,0.44,0.0,0.02,0.0,0.0,0.0,0.04,0.0,0.0,0.0,0.0,0.0,0.0
43,3,3,2,True,0.20578707265599502,0.02349054371418191,3,qUCB,0.36,0.12,0.42,0.04,0.02,0.0,0.0,0.0,0.0,0.0,0.0,0.0,0.0,0.04,0.0
43,3,3,2,True,0.20578707265599502,0.02349054371418191,4,qUCB,0.0,0.84,0.08,0.04,0.04,0.0,0.0,0.0,0.0,0.0,0.0,0.0,0.0,0.0,0.0
43,4,2,3,False,0.14825126970440253,0.19876370727325288,0,qEHVI,0.38,0.2,0.32,0.04,0.0,0.0,0.0,0.0,0.02,0.0,0.0,0.04,0.0,0.0,0.0
43,4,2,3,False,0.14825126970440253,0.19876370727325288,1,qEHVI,0.38,0.12,0.4,0.02,0.02,0.0,0.0,0.0,0.0,0.0,0.0,0.02,0.0,0.0,0.04
43,4,2,3,False,0.14825126970440253,0.19876370727325288,2,qUCB,0.44,0.34,0.12,0.0,0.02,0.0,0.0,0.0,0.04,0.0,0.0,0.0,0.0,0.04,0.0
43,4,2,3,False,0.14825126970440253,0.19876370727325288,3,qUCB,0.56,0.22,0.12,0.0,0.02,0.0,0.0,0.0,0.04,0.0,0.0,0.0,0.0,0.04,0.0
43,4,2,3,False,0.14825126970440253,0.19876370727325288,4,qUCB,0.32,0.5,0.08,0.0,0.0,0.0,0.0,0.0,0.04,0.0,0.0,0.0,0.0,0.04,0.02
43,5,1,4,False,0.12655207077900613,0.07909075156177714,0,qEHVI,0.38,0.2,0.32,0.04,0.0,0.0,0.0,0.0,0.02,0.0,0.0,0.04,0.0,0.0,0.0
43,5,1,4,False,0.12655207077900613,0.07909075156177714,1,qUCB,0.42,0.1,0.38,0.0,0.04,0.0,0.0,0.0,0.0,0.0,0.0,0.0,0.0,0.02,0.04
43,5,1,4,False,0.12655207077900613,0.07909075156177714,2,qUCB,0.66,0.14,0.1,0.0,0.04,0.0,0.0,0.0,0.0,0.0,0.0,0.0,0.0,0.02,0.04
43,5,1,4,False,0.12655207077900613,0.07909075156177714,3,qUCB,0.2,0.62,0.08,0.0,0.04,0.0,0.0,0.0,0.02,0.0,0.0,0.0,0.0,0.0,0.04
43,5,1,4,False,0.12655207077900613,0.07909075156177714,4,qUCB,0.38,0.16,0.36,0.0,0.04,0.0,0.0,0.0,0.0,0.0,0.0,0.0,0.0,0.04,0.02
43,6,0,5,False,0.0685003092862073,0.02933136340738418,0,qUCB,0.4,0.12,0.38,0.04,0.0,0.0,0.0,0.0,0.0,0.0,0.0,0.0,0.0,0.02,0.04
43,6,0,5,False,0.0685003092862073,0.02933136340738418,1,qUCB,0.26,0.0,0.68,0.04,0.0,0.0,0.0,0.0,0.0,0.0,0.0,0.0,0.0,0.0,0.02
43,6,0,5,False,0.0685003092862073,0.02933136340738418,2,qUCB,0.72,0.0,0.18,0.04,0.0,0.0,0.0,0.0,0.0,0.0,0.0,0.02,0.0,0.0,0.04
43,6,0,5,False,0.0685003092862073,0.02933136340738418,3,qUCB,0.72,0.16,0.12,0.0,0.0,0.0,0.0,0.0,0.0,0.0,0.0,0.0,0.0,0.0,0.0
43,6,0,5,False,0.0685003092862073,0.02933136340738418,4,qUCB,0.0,0.36,0.54,0.04,0.02,0.0,0.0,0.0,0.0,0.0,0.0,0.02,0.0,0.02,0.0
44,1,5,0,False,0.2999314657868101,0.0411361982879801,0,qEHVI,0.4,0.16,0.34,0.02,0.0,0.0,0.0,0.0,0.0,0.0,0.0,0.04,0.0,0.0,0.04
44,1,5,0,False,0.2999314657868101,0.0411361982879801,1,qEHVI,0.42,0.02,0.48,0.02,0.02,0.0,0.0,0.0,0.02,0.0,0.0,0.0,0.0,0.02,0.0
44,1,5,0,False,0.2999314657868101,0.0411361982879801,2,qEHVI,0.56,0.28,0.06,0.0,0.0,0.0,0.0,0.0,0.04,0.0,0.0,0.0,0.0,0.02,0.04
44,1,5,0,False,0.2999314657868101,0.0411361982879801,3,qEHVI,0.0,0.42,0.56,0.02,0.0,0.0,0.0,0.0,0.0,0.0,0.0,0.0,0.0,0.0,0.0
44,1,5,0,False,0.2999314657868101,0.0411361982879801,4,qEHVI,0.06,0.28,0.56,0.04,0.02,0.0,0.0,0.0,0.02,0.0,0.0,0.0,0.0,0.0,0.02
44,2,4,1,False,0.34904698850061505,0.08790125433427942,0,qEHVI,0.4,0.16,0.34,0.02,0.0,0.0,0.0,0.0,0.0,0.0,0.0,0.04,0.0,0.0,0.04
44,2,4,1,False,0.34904698850061505,0.08790125433427942,1,qEHVI,0.42,0.02,0.48,0.02,0.02,0.0,0.0,0.0,0.02,0.0,0.0,0.0,0.0,0.02,0.0
44,2,4,1,False,0.34904698850061505,0.08790125433427942,2,qEHVI,0.56,0.28,0.06,0.0,0.0,0.0,0.0,0.0,0.04,0.0,0.0,0.0,0.0,0.02,0.04
44,2,4,1,False,0.34904698850061505,0.08790125433427942,3,qEHVI,0.0,0.42,0.56,0.02,0.0,0.0,0.0,0.0,0.0,0.0,0.0,0.0,0.0,0.0,0.0
44,2,4,1,False,0.34904698850061505,0.08790125433427942,4,qUCB,0.26,0.56,0.08,0.0,0.0,0.0,0.0,0.0,0.02,0.0,0.0,0.04,0.0,0.04,0.0
44,3,3,2,False,0.2759348210611285,0.05576682778181058,0,qEHVI,0.4,0.16,0.34,0.02,0.0,0.0,0.0,0.0,0.0,0.0,0.0,0.04,0.0,0.0,0.04
44,3,3,2,False,0.2759348210611285,0.05576682778181058,1,qEHVI,0.42,0.02,0.48,0.02,0.02,0.0,0.0,0.0,0.02,0.0,0.0,0.0,0.0,0.02,0.0
44,3,3,2,False,0.2759348210611285,0.05576682778181058,2,qEHVI,0.0,0.42,0.56,0.02,0.0,0.0,0.0,0.0,0.0,0.0,0.0,0.0,0.0,0.0,0.0
44,3,3,2,False,0.2759348210611285,0.05576682778181058,3,qUCB,0.26,0.56,0.08,0.0,0.0,0.0,0.0,0.0,0.02,0.0,0.0,0.04,0.0,0.04,0.0
44,3,3,2,False,0.2759348210611285,0.05576682778181058,4,qUCB,0.2,0.6,0.1,0.0,0.0,0.0,0.0,0.0,0.02,0.0,0.0,0.0,0.0,0.04,0.04
44,4,2,3,True,0.33808132808444963,0.3766891645213075,0,qEHVI,0.4,0.16,0.34,0.02,0.0,0.0,0.0,0.0,0.0,0.0,0.0,0.04,0.0,0.0,0.04
44,4,2,3,True,0.33808132808444963,0.3766891645213075,1,qEHVI,0.42,0.02,0.48,0.02,0.02,0.0,0.0,0.0,0.02,0.0,0.0,0.0,0.0,0.02,0.0
44,4,2,3,True,0.33808132808444963,0.3766891645213075,2,qUCB,0.26,0.56,0.08,0.0,0.0,0.0,0.0,0.0,0.02,0.0,0.0,0.04,0.0,0.04,0.0
44,4,2,3,True,0.33808132808444963,0.3766891645213075,3,qUCB,0.0,0.58,0.34,0.0,0.04,0.0,0.0,0.0,0.0,0.0,0.0,0.04,0.0,0.0,0.0
44,4,2,3,True,0.33808132808444963,0.3766891645213075,4,qUCB,0.0,0.42,0.56,0.02,0.0,0.0,0.0,0.0,0.0,0.0,0.0,0.0,0.0,0.0,0.0
44,5,1,4,False,0.1859153075003734,0.10350687349477639,0,qEHVI,0.0,0.42,0.56,0.02,0.0,0.0,0.0,0.0,0.0,0.0,0.0,0.0,0.0,0.0,0.0
44,5,1,4,False,0.1859153075003734,0.10350687349477639,1,qUCB,0.58,0.24,0.08,0.0,0.04,0.0,0.0,0.0,0.02,0.0,0.0,0.0,0.0,0.04,0.0
44,5,1,4,False,0.1859153075003734,0.10350687349477639,2,qUCB,0.24,0.58,0.08,0.0,0.0,0.0,0.0,0.0,0.04,0.0,0.0,0.02,0.0,0.04,0.0
44,5,1,4,False,0.1859153075003734,0.10350687349477639,3,qUCB,0.66,0.14,0.1,0.0,0.04,0.0,0.0,0.0,0.0,0.0,0.0,0.04,0.0,0.0,0.02
44,5,1,4,False,0.1859153075003734,0.10350687349477639,4,qUCB,0.22,0.0,0.68,0.0,0.02,0.0,0.0,0.0,0.04,0.0,0.0,0.0,0.0,0.0,0.04
44,6,0,5,False,0.2363588153761142,0.007251761624592845,0,qUCB,0.38,0.12,0.4,0.0,0.0,0.0,0.0,0.0,0.04,0.0,0.0,0.04,0.0,0.0,0.02
44,6,0,5,False,0.2363588153761142,0.007251761624592845,1,qUCB,0.0,0.42,0.56,0.02,0.0,0.0,0.0,0.0,0.0,0.0,0.0,0.0,0.0,0.0,0.0
44,6,0,5,False,0.2363588153761142,0.007251761624592845,2,qUCB,0.26,0.0,0.68,0.04,0.0,0.0,0.0,0.0,0.0,0.0,0.0,0.0,0.0,0.02,0.0
44,6,0,5,False,0.2363588153761142,0.007251761624592845,3,qUCB,0.0,0.6,0.36,0.0,0.0,0.0,0.0,0.0,0.04,0.0,0.0,0.0,0.0,0.0,0.0
44,6,0,5,False,0.2363588153761142,0.007251761624592845,4,qUCB,0.24,0.6,0.08,0.0,0.0,0.0,0.0,0.0,0.0,0.0,0.0,0.04,0.0,0.0,0.04
45,1,5,0,False,0.5430030945436579,0.017233521578747357,0,qEHVI,0.0,0.6,0.36,0.02,0.0,0.0,0.0,0.0,0.0,0.0,0.0,0.0,0.0,0.0,0.02
45,1,5,0,False,0.5430030945436579,0.017233521578747357,1,qEHVI,0.0,0.68,0.3,0.0,0.02,0.0,0.0,0.0,0.0,0.0,0.0,0.0,0.0,0.0,0.0
45,1,5,0,False,0.5430030945436579,0.017233521578747357,2,qEHVI,0.36,0.14,0.4,0.0,0.0,0.0,0.0,0.0,0.02,0.0,0.0,0.0,0.0,0.04,0.04
45,1,5,0,False,0.5430030945436579,0.017233521578747357,3,qEHVI,0.44,0.16,0.3,0.04,0.0,0.0,0.0,0.0,0.02,0.0,0.0,0.04,0.0,0.0,0.0
45,1,5,0,False,0.5430030945436579,0.017233521578747357,4,qEHVI,0.38,0.14,0.38,0.0,0.0,0.0,0.0,0.0,0.0,0.0,0.0,0.04,0.0,0.04,0.02
45,2,4,1,True,0.5250041965079906,0.03298727199598517,0,qEHVI,0.0,0.6,0.36,0.02,0.0,0.0,0.0,0.0,0.0,0.0,0.0,0.0,0.0,0.0,0.02
45,2,4,1,True,0.5250041965079906,0.03298727199598517,1,qEHVI,0.0,0.68,0.3,0.0,0.02,0.0,0.0,0.0,0.0,0.0,0.0,0.0,0.0,0.0,0.0
45,2,4,1,True,0.5250041965079906,0.03298727199598517,2,qEHVI,0.36,0.14,0.4,0.0,0.0,0.0,0.0,0.0,0.02,0.0,0.0,0.0,0.0,0.04,0.04
45,2,4,1,True,0.5250041965079906,0.03298727199598517,3,qEHVI,0.38,0.14,0.38,0.0,0.0,0.0,0.0,0.0,0.0,0.0,0.0,0.04,0.0,0.04,0.02
45,2,4,1,True,0.5250041965079906,0.03298727199598517,4,qUCB,0.4,0.14,0.36,0.0,0.02,0.0,0.0,0.0,0.04,0.0,0.0,0.04,0.0,0.0,0.0
45,3,3,2,False,0.46691545734678075,0.22149618988884034,0,qEHVI,0.0,0.6,0.36,0.02,0.0,0.0,0.0,0.0,0.0,0.0,0.0,0.0,0.0,0.0,0.02
45,3,3,2,False,0.46691545734678075,0.22149618988884034,1,qEHVI,0.36,0.14,0.4,0.0,0.0,0.0,0.0,0.0,0.02,0.0,0.0,0.0,0.0,0.04,0.04
45,3,3,2,False,0.46691545734678075,0.22149618988884034,2,qEHVI,0.0,0.68,0.3,0.0,0.02,0.0,0.0,0.0,0.0,0.0,0.0,0.0,0.0,0.0,0.0
45,3,3,2,False,0.46691545734678075,0.22149618988884034,3,qUCB,0.38,0.14,0.4,0.0,0.0,0.0,0.0,0.0,0.04,0.0,0.0,0.04,0.0,0.0,0.0
45,3,3,2,False,0.46691545734678075,0.22149618988884034,4,qUCB,0.72,0.0,0.18,0.04,0.04,0.0,0.0,0.0,0.0,0.0,0.0,0.0,0.0,0.02,0.0
45,4,2,3,False,0.41399335307924195,0.012782933112037487,0,qEHVI,0.0,0.6,0.36,0.02,0.0,0.0,0.0,0.0,0.0,0.0,0.0,0.0,0.0,0.0,0.02
45,4,2,3,False,0.41399335307924195,0.012782933112037487,1,qEHVI,0.0,0.68,0.3,0.0,0.02,0.0,0.0,0.0,0.0,0.0,0.0,0.0,0.0,0.0,0.0
45,4,2,3,False,0.41399335307924195,0.012782933112037487,2,qUCB,0.4,0.1,0.4,0.0,0.0,0.0,0.0,0.0,0.02,0.0,0.0,0.04,0.0,0.04,0.0
45,4,2,3,False,0.41399335307924195,0.012782933112037487,3,qUCB,0.72,0.0,0.18,0.04,0.04,0.0,0.0,0.0,0.0,0.0,0.0,0.0,0.0,0.02,0.0
45,4,2,3,False,0.41399335307924195,0.012782933112037487,4,qUCB,0.18,0.02,0.7000000000000001,0.04,0.0,0.0,0.0,0.0,0.04,0.0,0.0,0.0,0.0,0.02,0.0
45,5,1,4,False,0.3092043341855328,0.025056454509746917,0,qEHVI,0.0,0.6,0.36,0.02,0.0,0.0,0.0,0.0,0.0,0.0,0.0,0.0,0.0,0.0,0.02
45,5,1,4,False,0.3092043341855328,0.025056454509746917,1,qUCB,0.4,0.1,0.4,0.0,0.0,0.0,0.0,0.0,0.02,0.0,0.0,0.04,0.0,0.04,0.0
45,5,1,4,False,0.3092043341855328,0.025056454509746917,2,qUCB,0.48,0.0,0.42,0.0,0.02,0.0,0.0,0.0,0.0,0.0,0.0,0.04,0.0,0.04,0.0
45,5,1,4,False,0.3092043341855328,0.025056454509746917,3,qUCB,0.72,0.0,0.18,0.04,0.04,0.0,0.0,0.0,0.0,0.0,0.0,0.0,0.0,0.02,0.0
45,5,1,4,False,0.3092043341855328,0.025056454509746917,4,qUCB,0.68,0.12,0.1,0.0,0.04,0.0,0.0,0.0,0.0,0.0,0.0,0.04,0.0,0.02,0.0
45,6,0,5,False,0.14855239072430987,0.050742912717085975,0,qUCB,0.38,0.14,0.38,0.0,0.0,0.0,0.0,0.0,0.0,0.0,0.0,0.04,0.0,0.04,0.02
45,6,0,5,False,0.14855239072430987,0.050742912717085975,1,qUCB,0.7000000000000001,0.0,0.2,0.04,0.02,0.0,0.0,0.0,0.0,0.0,0.0,0.0,0.0,0.0,0.04
45,6,0,5,False,0.14855239072430987,0.050742912717085975,2,qUCB,0.26,0.0,0.68,0.04,0.0,0.0,0.0,0.0,0.0,0.0,0.0,0.02,0.0,0.0,0.0
45,6,0,5,False,0.14855239072430987,0.050742912717085975,3,qUCB,0.02,0.88,0.0,0.04,0.0,0.0,0.0,0.0,0.04,0.0,0.0,0.0,0.0,0.02,0.0
45,6,0,5,False,0.14855239072430987,0.050742912717085975,4,qUCB,0.38,0.36,0.2,0.0,0.0,0.0,0.0,0.0,0.0,0.0,0.0,0.02,0.0,0.0,0.04
46,1,5,0,True,0.4727857140309998,0.015538238845980601,0,qEHVI,0.0,0.6,0.4,0.0,0.0,0.0,0.0,0.0,0.0,0.0,0.0,0.0,0.0,0.0,0.0
46,1,5,0,True,0.4727857140309998,0.015538238845980601,1,qEHVI,0.38,0.12,0.4,0.02,0.0,0.0,0.0,0.0,0.0,0.0,0.0,0.04,0.0,0.0,0.04
46,1,5,0,True,0.4727857140309998,0.015538238845980601,2,qEHVI,0.54,0.3,0.06,0.0,0.0,0.0,0.0,0.0,0.04,0.0,0.0,0.0,0.0,0.02,0.04
46,1,5,0,True,0.4727857140309998,0.015538238845980601,3,qEHVI,0.38,0.24,0.3,0.04,0.0,0.0,0.0,0.0,0.0,0.0,0.0,0.04,0.0,0.0,0.0
46,1,5,0,True,0.4727857140309998,0.015538238845980601,4,qEHVI,0.0,0.54,0.44,0.0,0.0,0.0,0.0,0.0,0.0,0.0,0.0,0.02,0.0,0.0,0.0
46,2,4,1,False,0.43613604825361235,0.04111220396678128,0,qEHVI,0.0,0.6,0.4,0.0,0.0,0.0,0.0,0.0,0.0,0.0,0.0,0.0,0.0,0.0,0.0
46,2,4,1,False,0.43613604825361235,0.04111220396678128,1,qEHVI,0.38,0.12,0.4,0.02,0.0,0.0,0.0,0.0,0.0,0.0,0.0,0.04,0.0,0.0,0.04
46,2,4,1,False,0.43613604825361235,0.04111220396678128,2,qEHVI,0.54,0.3,0.06,0.0,0.0,0.0,0.0,0.0,0.04,0.0,0.0,0.0,0.0,0.02,0.04
46,2,4,1,False,0.43613604825361235,0.04111220396678128,3,qEHVI,0.38,0.24,0.3,0.04,0.0,0.0,0.0,0.0,0.0,0.0,0.0,0.04,0.0,0.0,0.0
46,2,4,1,False,0.43613604825361235,0.04111220396678128,4,qUCB,0.4,0.1,0.4,0.0,0.04,0.0,0.0,0.0,0.0,0.0,0.0,0.0,0.0,0.04,0.02
46,3,3,2,False,0.3813936152313061,0.09036390157353758,0,qEHVI,0.0,0.6,0.4,0.0,0.0,0.0,0.0,0.0,0.0,0.0,0.0,0.0,0.0,0.0,0.0
46,3,3,2,False,0.3813936152313061,0.09036390157353758,1,qEHVI,0.38,0.12,0.4,0.02,0.0,0.0,0.0,0.0,0.0,0.0,0.0,0.04,0.0,0.0,0.04
46,3,3,2,False,0.3813936152313061,0.09036390157353758,2,qEHVI,0.54,0.3,0.06,0.0,0.0,0.0,0.0,0.0,0.04,0.0,0.0,0.0,0.0,0.02,0.04
46,3,3,2,False,0.3813936152313061,0.09036390157353758,3,qUCB,0.4,0.1,0.4,0.0,0.04,0.0,0.0,0.0,0.0,0.0,0.0,0.0,0.0,0.04,0.02
46,3,3,2,False,0.3813936152313061,0.09036390157353758,4,qUCB,0.68,0.02,0.2,0.04,0.02,0.0,0.0,0.0,0.0,0.0,0.0,0.0,0.0,0.04,0.0
46,4,2,3,False,0.3197853308309801,0.056631515111479125,0,qEHVI,0.0,0.6,0.4,0.0,0.0,0.0,0.0,0.0,0.0,0.0,0.0,0.0,0.0,0.0,0.0
46,4,2,3,False,0.3197853308309801,0.056631515111479125,1,qEHVI,0.38,0.12,0.4,0.02,0.0,0.0,0.0,0.0,0.0,0.0,0.0,0.04,0.0,0.0,0.04
46,4,2,3,False,0.3197853308309801,0.056631515111479125,2,qUCB,0.5,0.0,0.4,0.0,0.04,0.0,0.0,0.0,0.04,0.0,0.0,0.0,0.0,0.02,0.0
46,4,2,3,False,0.3197853308309801,0.056631515111479125,3,qUCB,0.68,0.02,0.2,0.04,0.02,0.0,0.0,0.0,0.0,0.0,0.0,0.0,0.0,0.04,0.0
46,4,2,3,False,0.3197853308309801,0.056631515111479125,4,qUCB,0.66,0.14,0.1,0.0,0.04,0.0,0.0,0.0,0.04,0.0,0.0,0.02,0.0,0.0,0.0
46,5,1,4,False,0.24642365390768423,0.03119479271580161,0,qEHVI,0.0,0.6,0.4,0.0,0.0,0.0,0.0,0.0,0.0,0.0,0.0,0.0,0.0,0.0,0.0
46,5,1,4,False,0.24642365390768423,0.03119479271580161,1,qUCB,0.44,0.06,0.4,0.0,0.0,0.0,0.0,0.0,0.0,0.0,0.0,0.04,0.0,0.02,0.04
46,5,1,4,False,0.24642365390768423,0.03119479271580161,2,qUCB,0.7000000000000001,0.0,0.2,0.04,0.0,0.0,0.0,0.0,0.02,0.0,0.0,0.04,0.0,0.0,0.0
46,5,1,4,False,0.24642365390768423,0.03119479271580161,3,qUCB,0.2,0.0,0.7000000000000001,0.04,0.02,0.0,0.0,0.0,0.0,0.0,0.0,0.0,0.0,0.0,0.04
46,5,1,4,False,0.24642365390768423,0.03119479271580161,4,qUCB,0.72,0.0,0.18,0.04,0.04,0.0,0.0,0.0,0.0,0.0,0.0,0.02,0.0,0.0,0.0
46,6,0,5,False,0.17458567247832235,0.09601642622891182,0,qUCB,0.4,0.12,0.4,0.0,0.0,0.0,0.0,0.0,0.02,0.0,0.0,0.04,0.0,0.0,0.02
46,6,0,5,False,0.17458567247832235,0.09601642622891182,1,qUCB,0.7000000000000001,0.0,0.2,0.04,0.0,0.0,0.0,0.0,0.02,0.0,0.0,0.04,0.0,0.0,0.0
46,6,0,5,False,0.17458567247832235,0.09601642622891182,2,qUCB,0.38,0.36,0.24,0.02,0.0,0.0,0.0,0.0,0.0,0.0,0.0,0.0,0.0,0.0,0.0
46,6,0,5,False,0.17458567247832235,0.09601642622891182,3,qUCB,0.2,0.0,0.7000000000000001,0.04,0.02,0.0,0.0,0.0,0.0,0.0,0.0,0.0,0.0,0.0,0.04
46,6,0,5,False,0.17458567247832235,0.09601642622891182,4,qUCB,0.4,0.0,0.6,0.0,0.0,0.0,0.0,0.0,0.0,0.0,0.0,0.0,0.0,0.0,0.0
47,1,5,0,True,0.3046298392808698,0.10449303770647411,0,qEHVI,0.42,0.16,0.4,0.02,0.0,0.0,0.0,0.0,0.0,0.0,0.0,0.0,0.0,0.0,0.0
47,1,5,0,True,0.3046298392808698,0.10449303770647411,1,qEHVI,0.0,0.48,0.44,0.04,0.0,0.0,0.0,0.0,0.0,0.0,0.0,0.04,0.0,0.0,0.0
47,1,5,0,True,0.3046298392808698,0.10449303770647411,2,qEHVI,0.38,0.36,0.22,0.02,0.0,0.0,0.0,0.0,0.0,0.0,0.0,0.0,0.0,0.02,0.0
47,1,5,0,True,0.3046298392808698,0.10449303770647411,3,qEHVI,0.36,0.14,0.4,0.0,0.0,0.0,0.0,0.0,0.02,0.0,0.0,0.04,0.0,0.04,0.0
47,1,5,0,True,0.3046298392808698,0.10449303770647411,4,qEHVI,0.5,0.0,0.44,0.02,0.04,0.0,0.0,0.0,0.0,0.0,0.0,0.0,0.0,0.0,0.0
47,2,4,1,False,0.29078553066002494,0.049118286214495654,0,qEHVI,0.42,0.16,0.4,0.02,0.0,0.0,0.0,0.0,0.0,0.0,0.0,0.0,0.0,0.0,0.0
47,2,4,1,False,0.29078553066002494,0.049118286214495654,1,qEHVI,0.0,0.48,0.44,0.04,0.0,0.0,0.0,0.0,0.0,0.0,0.0,0.04,0.0,0.0,0.0
47,2,4,1,False,0.29078553066002494,0.049118286214495654,2,qEHVI,0.38,0.36,0.22,0.02,0.0,0.0,0.0,0.0,0.0,0.0,0.0,0.0,0.0,0.02,0.0
47,2,4,1,False,0.29078553066002494,0.049118286214495654,3,qEHVI,0.36,0.14,0.4,0.0,0.0,0.0,0.0,0.0,0.02,0.0,0.0,0.04,0.0,0.04,0.0
47,2,4,1,False,0.29078553066002494,0.049118286214495654,4,qUCB,0.38,0.32,0.2,0.0,0.02,0.0,0.0,0.0,0.0,0.0,0.0,0.04,0.0,0.0,0.04
47,3,3,2,False,0.2422508658040471,0.1607694276920224,0,qEHVI,0.42,0.16,0.4,0.02,0.0,0.0,0.0,0.0,0.0,0.0,0.0,0.0,0.0,0.0,0.0
47,3,3,2,False,0.2422508658040471,0.1607694276920224,1,qEHVI,0.0,0.48,0.44,0.04,0.0,0.0,0.0,0.0,0.0,0.0,0.0,0.04,0.0,0.0,0.0
47,3,3,2,False,0.2422508658040471,0.1607694276920224,2,qEHVI,0.38,0.36,0.22,0.02,0.0,0.0,0.0,0.0,0.0,0.0,0.0,0.0,0.0,0.02,0.0
47,3,3,2,False,0.2422508658040471,0.1607694276920224,3,qUCB,0.44,0.08,0.38,0.0,0.02,0.0,0.0,0.0,0.04,0.0,0.0,0.04,0.0,0.0,0.0
47,3,3,2,False,0.2422508658040471,0.1607694276920224,4,qUCB,0.38,0.32,0.2,0.0,0.02,0.0,0.0,0.0,0.0,0.0,0.0,0.04,0.0,0.0,0.04
47,4,2,3,False,0.2192128138250561,0.03934218548276114,0,qEHVI,0.42,0.16,0.4,0.02,0.0,0.0,0.0,0.0,0.0,0.0,0.0,0.0,0.0,0.0,0.0
47,4,2,3,False,0.2192128138250561,0.03934218548276114,1,qEHVI,0.0,0.48,0.44,0.04,0.0,0.0,0.0,0.0,0.0,0.0,0.0,0.04,0.0,0.0,0.0
47,4,2,3,False,0.2192128138250561,0.03934218548276114,2,qUCB,0.38,0.1,0.42,0.0,0.0,0.0,0.0,0.0,0.0,0.0,0.0,0.04,0.0,0.04,0.02
47,4,2,3,False,0.2192128138250561,0.03934218548276114,3,qUCB,0.34,0.36,0.2,0.0,0.0,0.0,0.0,0.0,0.04,0.0,0.0,0.02,0.0,0.04,0.0
47,4,2,3,False,0.2192128138250561,0.03934218548276114,4,qUCB,0.7000000000000001,0.1,0.1,0.0,0.04,0.0,0.0,0.0,0.02,0.0,0.0,0.04,0.0,0.0,0.0
47,5,1,4,False,0.1696613138943612,0.02672926616052429,0,qEHVI,0.42,0.16,0.4,0.02,0.0,0.0,0.0,0.0,0.0,0.0,0.0,0.0,0.0,0.0,0.0
47,5,1,4,False,0.1696613138943612,0.02672926616052429,1,qUCB,0.38,0.1,0.42,0.0,0.0,0.0,0.0,0.0,0.0,0.0,0.0,0.04,0.0,0.04,0.02
47,5,1,4,False,0.1696613138943612,0.02672926616052429,2,qUCB,0.34,0.36,0.2,0.0,0.0,0.0,0.0,0.0,0.04,0.0,0.0,0.02,0.0,0.04,0.0
47,5,1,4,False,0.1696613138943612,0.02672926616052429,3,qUCB,0.7000000000000001,0.1,0.1,0.0,0.04,0.0,0.0,0.0,0.02,0.0,0.0,0.04,0.0,0.0,0.0
47,5,1,4,False,0.1696613138943612,0.02672926616052429,4,qUCB,0.6,0.2,0.1,0.0,0.0,0.0,0.0,0.0,0.04,0.0,0.0,0.0,0.0,0.04,0.02
47,6,0,5,False,0.13895384295999147,0.05942868981625171,0,qUCB,0.4,0.12,0.38,0.02,0.0,0.0,0.0,0.0,0.02,0.0,0.0,0.02,0.0,0.04,0.0
47,6,0,5,False,0.13895384295999147,0.05942868981625171,1,qUCB,0.72,0.0,0.22,0.04,0.0,0.0,0.0,0.0,0.0,0.0,0.0,0.02,0.0,0.0,0.0
47,6,0,5,False,0.13895384295999147,0.05942868981625171,2,qUCB,0.38,0.36,0.22,0.0,0.0,0.0,0.0,0.0,0.0,0.0,0.0,0.0,0.0,0.0,0.04
47,6,0,5,False,0.13895384295999147,0.05942868981625171,3,qUCB,0.24,0.0,0.68,0.04,0.0,0.0,0.0,0.0,0.02,0.0,0.0,0.02,0.0,0.0,0.0
47,6,0,5,False,0.13895384295999147,0.05942868981625171,4,qUCB,0.18,0.16,0.56,0.04,0.02,0.0,0.0,0.0,0.0,0.0,0.0,0.04,0.0,0.0,0.0
48,1,5,0,True,0.39031436750999593,0.012766616039866285,0,qEHVI,0.4,0.52,0.0,0.04,0.0,0.0,0.0,0.0,0.0,0.0,0.0,0.04,0.0,0.0,0.0
48,1,5,0,True,0.39031436750999593,0.012766616039866285,1,qEHVI,0.42,0.14,0.34,0.04,0.0,0.0,0.0,0.0,0.0,0.0,0.0,0.02,0.0,0.04,0.0
48,1,5,0,True,0.39031436750999593,0.012766616039866285,2,qEHVI,0.0,0.2,0.74,0.04,0.0,0.0,0.0,0.0,0.02,0.0,0.0,0.0,0.0,0.0,0.0
48,1,5,0,True,0.39031436750999593,0.012766616039866285,3,qEHVI,0.46,0.14,0.3,0.0,0.0,0.0,0.0,0.0,0.02,0.0,0.0,0.04,0.0,0.0,0.04
48,1,5,0,True,0.39031436750999593,0.012766616039866285,4,qEHVI,0.52,0.02,0.36,0.04,0.0,0.0,0.0,0.0,0.0,0.0,0.0,0.04,0.0,0.02,0.0
48,2,4,1,False,0.34418524280678753,0.030090723517803397,0,qEHVI,0.4,0.52,0.0,0.04,0.0,0.0,0.0,0.0,0.0,0.0,0.0,0.04,0.0,0.0,0.0
48,2,4,1,False,0.34418524280678753,0.030090723517803397,1,qEHVI,0.42,0.14,0.34,0.04,0.0,0.0,0.0,0.0,0.0,0.0,0.0,0.02,0.0,0.04,0.0
48,2,4,1,False,0.34418524280678753,0.030090723517803397,2,qEHVI,0.46,0.14,0.3,0.0,0.0,0.0,0.0,0.0,0.02,0.0,0.0,0.04,0.0,0.0,0.04
48,2,4,1,False,0.34418524280678753,0.030090723517803397,3,qEHVI,0.52,0.02,0.36,0.04,0.0,0.0,0.0,0.0,0.0,0.0,0.0,0.04,0.0,0.02,0.0
48,2,4,1,False,0.34418524280678753,0.030090723517803397,4,qUCB,0.58,0.22,0.1,0.0,0.04,0.0,0.0,0.0,0.04,0.0,0.0,0.0,0.0,0.02,0.0
48,3,3,2,False,0.30238901220738257,0.0308579174792305,0,qEHVI,0.4,0.52,0.0,0.04,0.0,0.0,0.0,0.0,0.0,0.0,0.0,0.04,0.0,0.0,0.0
48,3,3,2,False,0.30238901220738257,0.0308579174792305,1,qEHVI,0.42,0.14,0.34,0.04,0.0,0.0,0.0,0.0,0.0,0.0,0.0,0.02,0.0,0.04,0.0
48,3,3,2,False,0.30238901220738257,0.0308579174792305,2,qEHVI,0.46,0.14,0.3,0.0,0.0,0.0,0.0,0.0,0.02,0.0,0.0,0.04,0.0,0.0,0.04
48,3,3,2,False,0.30238901220738257,0.0308579174792305,3,qUCB,0.58,0.22,0.1,0.0,0.04,0.0,0.0,0.0,0.04,0.0,0.0,0.0,0.0,0.02,0.0
48,3,3,2,False,0.30238901220738257,0.0308579174792305,4,qUCB,0.3,0.38,0.22,0.0,0.04,0.0,0.0,0.0,0.04,0.0,0.0,0.0,0.0,0.02,0.0
48,4,2,3,False,0.2615363191832769,0.027428187760457412,0,qEHVI,0.4,0.52,0.0,0.04,0.0,0.0,0.0,0.0,0.0,0.0,0.0,0.04,0.0,0.0,0.0
48,4,2,3,False,0.2615363191832769,0.027428187760457412,1,qEHVI,0.42,0.14,0.34,0.04,0.0,0.0,0.0,0.0,0.0,0.0,0.0,0.02,0.0,0.04,0.0
48,4,2,3,False,0.2615363191832769,0.027428187760457412,2,qUCB,0.46,0.04,0.4,0.0,0.04,0.0,0.0,0.0,0.02,0.0,0.0,0.0,0.0,0.0,0.04
48,4,2,3,False,0.2615363191832769,0.027428187760457412,3,qUCB,0.22,0.12,0.58,0.0,0.04,0.0,0.0,0.0,0.04,0.0,0.0,0.0,0.0,0.0,0.0
48,4,2,3,False,0.2615363191832769,0.027428187760457412,4,qUCB,0.64,0.14,0.12,0.0,0.04,0.0,0.0,0.0,0.02,0.0,0.0,0.0,0.0,0.0,0.04
48,5,1,4,False,0.19614942489142165,0.11020671404567284,0,qEHVI,0.4,0.52,0.0,0.04,0.0,0.0,0.0,0.0,0.0,0.0,0.0,0.04,0.0,0.0,0.0
48,5,1,4,False,0.19614942489142165,0.11020671404567284,1,qUCB,0.46,0.04,0.4,0.0,0.04,0.0,0.0,0.0,0.02,0.0,0.0,0.0,0.0,0.0,0.04
48,5,1,4,False,0.19614942489142165,0.11020671404567284,2,qUCB,0.22,0.0,0.68,0.0,0.04,0.0,0.0,0.0,0.0,0.0,0.0,0.0,0.0,0.02,0.04
48,5,1,4,False,0.19614942489142165,0.11020671404567284,3,qUCB,0.14,0.2,0.56,0.0,0.02,0.0,0.0,0.0,0.0,0.0,0.0,0.0,0.0,0.04,0.04
48,5,1,4,False,0.19614942489142165,0.11020671404567284,4,qUCB,0.4,0.08,0.42,0.0,0.0,0.0,0.0,0.0,0.04,0.0,0.0,0.0,0.0,0.02,0.04
48,6,0,5,False,0.10512791954789812,0.0053215881283028565,0,qUCB,0.42,0.1,0.4,0.0,0.0,0.0,0.0,0.0,0.04,0.0,0.0,0.0,0.0,0.0,0.04
48,6,0,5,False,0.10512791954789812,0.0053215881283028565,1,qUCB,0.24,0.0,0.7000000000000001,0.04,0.0,0.0,0.0,0.0,0.0,0.0,0.0,0.02,0.0,0.0,0.0
48,6,0,5,False,0.10512791954789812,0.0053215881283028565,2,qUCB,0.66,0.1,0.2,0.04,0.0,0.0,0.0,0.0,0.0,0.0,0.0,0.0,0.0,0.0,0.0
48,6,0,5,False,0.10512791954789812,0.0053215881283028565,3,qUCB,0.16,0.18,0.56,0.04,0.0,0.0,0.0,0.0,0.02,0.0,0.0,0.0,0.0,0.02,0.02
48,6,0,5,False,0.10512791954789812,0.0053215881283028565,4,qUCB,0.3,0.0,0.66,0.0,0.02,0.0,0.0,0.0,0.02,0.0,0.0,0.0,0.0,0.0,0.0
49,1,5,0,True,0.26867334170317636,0.07661829207907722,0,qEHVI,0.38,0.12,0.4,0.02,0.0,0.0,0.0,0.0,0.04,0.0,0.0,0.02,0.0,0.02,0.0
49,1,5,0,True,0.26867334170317636,0.07661829207907722,1,qEHVI,0.42,0.18,0.3,0.04,0.0,0.0,0.0,0.0,0.02,0.0,0.0,0.04,0.0,0.0,0.0
49,1,5,0,True,0.26867334170317636,0.07661829207907722,2,qEHVI,0.0,0.62,0.34,0.04,0.0,0.0,0.0,0.0,0.0,0.0,0.0,0.0,0.0,0.0,0.0
49,1,5,0,True,0.26867334170317636,0.07661829207907722,3,qEHVI,0.46,0.42,0.08,0.0,0.0,0.0,0.0,0.0,0.0,0.0,0.0,0.04,0.0,0.0,0.0
49,1,5,0,True,0.26867334170317636,0.07661829207907722,4,qEHVI,0.62,0.0,0.36,0.0,0.02,0.0,0.0,0.0,0.0,0.0,0.0,0.0,0.0,0.0,0.0
49,2,4,1,False,0.25008060377138774,0.032011360958454915,0,qEHVI,0.38,0.12,0.4,0.02,0.0,0.0,0.0,0.0,0.04,0.0,0.0,0.02,0.0,0.02,0.0
49,2,4,1,False,0.25008060377138774,0.032011360958454915,1,qEHVI,0.42,0.18,0.3,0.04,0.0,0.0,0.0,0.0,0.02,0.0,0.0,0.04,0.0,0.0,0.0
49,2,4,1,False,0.25008060377138774,0.032011360958454915,2,qEHVI,0.0,0.62,0.34,0.04,0.0,0.0,0.0,0.0,0.0,0.0,0.0,0.0,0.0,0.0,0.0
49,2,4,1,False,0.25008060377138774,0.032011360958454915,3,qEHVI,0.62,0.0,0.36,0.0,0.02,0.0,0.0,0.0,0.0,0.0,0.0,0.0,0.0,0.0,0.0
49,2,4,1,False,0.25008060377138774,0.032011360958454915,4,qUCB,0.38,0.16,0.36,0.0,0.0,0.0,0.0,0.0,0.0,0.0,0.0,0.02,0.0,0.04,0.04
49,3,3,2,False,0.20173534153474787,0.013469977970512304,0,qEHVI,0.38,0.12,0.4,0.02,0.0,0.0,0.0,0.0,0.04,0.0,0.0,0.02,0.0,0.02,0.0
49,3,3,2,False,0.20173534153474787,0.013469977970512304,1,qEHVI,0.42,0.18,0.3,0.04,0.0,0.0,0.0,0.0,0.02,0.0,0.0,0.04,0.0,0.0,0.0
49,3,3,2,False,0.20173534153474787,0.013469977970512304,2,qEHVI,0.0,0.62,0.34,0.04,0.0,0.0,0.0,0.0,0.0,0.0,0.0,0.0,0.0,0.0,0.0
49,3,3,2,False,0.20173534153474787,0.013469977970512304,3,qUCB,0.62,0.2,0.08,0.0,0.04,0.0,0.0,0.0,0.0,0.0,0.0,0.02,0.0,0.0,0.04
49,3,3,2,False,0.20173534153474787,0.013469977970512304,4,qUCB,0.6,0.2,0.1,0.0,0.04,0.0,0.0,0.0,0.0,0.0,0.0,0.0,0.0,0.02,0.04
49,4,2,3,False,0.17358716187050235,0.03289272598837378,0,qEHVI,0.38,0.12,0.4,0.02,0.0,0.0,0.0,0.0,0.04,0.0,0.0,0.02,0.0,0.02,0.0
49,4,2,3,False,0.17358716187050235,0.03289272598837378,1,qEHVI,0.42,0.18,0.3,0.04,0.0,0.0,0.0,0.0,0.02,0.0,0.0,0.04,0.0,0.0,0.0
49,4,2,3,False,0.17358716187050235,0.03289272598837378,2,qUCB,0.48,0.02,0.4,0.02,0.04,0.0,0.0,0.0,0.0,0.0,0.0,0.0,0.0,0.0,0.04
49,4,2,3,False,0.17358716187050235,0.03289272598837378,3,qUCB,0.6,0.2,0.1,0.0,0.04,0.0,0.0,0.0,0.0,0.0,0.0,0.0,0.0,0.02,0.04
49,4,2,3,False,0.17358716187050235,0.03289272598837378,4,qUCB,0.0,0.9400000000000001,0.0,0.04,0.0,0.0,0.0,0.0,0.0,0.0,0.0,0.0,0.0,0.0,0.02
49,5,1,4,False,0.11241350588079294,0.08317020076203896,0,qEHVI,0.38,0.12,0.4,0.02,0.0,0.0,0.0,0.0,0.04,0.0,0.0,0.02,0.0,0.02,0.0
49,5,1,4,False,0.11241350588079294,0.08317020076203896,1,qUCB,0.48,0.02,0.4,0.02,0.04,0.0,0.0,0.0,0.0,0.0,0.0,0.0,0.0,0.0,0.04
49,5,1,4,False,0.11241350588079294,0.08317020076203896,2,qUCB,0.0,0.9400000000000001,0.0,0.04,0.0,0.0,0.0,0.0,0.0,0.0,0.0,0.0,0.0,0.0,0.02
49,5,1,4,False,0.11241350588079294,0.08317020076203896,3,qUCB,0.6,0.2,0.1,0.0,0.04,0.0,0.0,0.0,0.0,0.0,0.0,0.0,0.0,0.02,0.04
49,5,1,4,False,0.11241350588079294,0.08317020076203896,4,qUCB,0.62,0.2,0.08,0.0,0.04,0.0,0.0,0.0,0.0,0.0,0.0,0.02,0.0,0.0,0.04
49,6,0,5,False,0.08819817773638737,0.5291919223320682,0,qUCB,0.44,0.1,0.4,0.0,0.0,0.0,0.0,0.0,0.0,0.0,0.0,0.02,0.0,0.04,0.0
49,6,0,5,False,0.08819817773638737,0.5291919223320682,1,qUCB,0.0,0.9400000000000001,0.0,0.04,0.0,0.0,0.0,0.0,0.0,0.0,0.0,0.0,0.0,0.0,0.02
49,6,0,5,False,0.08819817773638737,0.5291919223320682,2,qUCB,0.7000000000000001,0.0,0.2,0.04,0.0,0.0,0.0,0.0,0.02,0.0,0.0,0.04,0.0,0.0,0.0
49,6,0,5,False,0.08819817773638737,0.5291919223320682,3,qUCB,0.64,0.24,0.1,0.0,0.0,0.0,0.0,0.0,0.0,0.0,0.0,0.02,0.0,0.0,0.0
49,6,0,5,False,0.08819817773638737,0.5291919223320682,4,qUCB,0.74,0.0,0.18,0.04,0.04,0.0,0.0,0.0,0.0,0.0,0.0,0.0,0.0,0.0,0.0
50,1,5,0,True,0.24389915293932676,0.08985746307944353,0,qEHVI,0.36,0.14,0.4,0.02,0.0,0.0,0.0,0.0,0.02,0.0,0.0,0.04,0.0,0.02,0.0
50,1,5,0,True,0.24389915293932676,0.08985746307944353,1,qEHVI,0.48,0.34,0.08,0.02,0.04,0.0,0.0,0.0,0.0,0.0,0.0,0.04,0.0,0.0,0.0
50,1,5,0,True,0.24389915293932676,0.08985746307944353,2,qEHVI,0.0,0.5,0.44,0.02,0.0,0.0,0.0,0.0,0.0,0.0,0.0,0.04,0.0,0.0,0.0
50,1,5,0,True,0.24389915293932676,0.08985746307944353,3,qEHVI,0.38,0.06,0.46,0.04,0.04,0.0,0.0,0.0,0.02,0.0,0.0,0.0,0.0,0.0,0.0
50,1,5,0,True,0.24389915293932676,0.08985746307944353,4,qEHVI,0.44,0.16,0.3,0.0,0.0,0.0,0.0,0.0,0.02,0.0,0.0,0.04,0.0,0.0,0.04
50,2,4,1,False,0.22198249814430107,0.029241419798580637,0,qEHVI,0.36,0.14,0.4,0.02,0.0,0.0,0.0,0.0,0.02,0.0,0.0,0.04,0.0,0.02,0.0
50,2,4,1,False,0.22198249814430107,0.029241419798580637,1,qEHVI,0.48,0.34,0.08,0.02,0.04,0.0,0.0,0.0,0.0,0.0,0.0,0.04,0.0,0.0,0.0
50,2,4,1,False,0.22198249814430107,0.029241419798580637,2,qEHVI,0.0,0.5,0.44,0.02,0.0,0.0,0.0,0.0,0.0,0.0,0.0,0.04,0.0,0.0,0.0
50,2,4,1,False,0.22198249814430107,0.029241419798580637,3,qEHVI,0.38,0.06,0.46,0.04,0.04,0.0,0.0,0.0,0.02,0.0,0.0,0.0,0.0,0.0,0.0
50,2,4,1,False,0.22198249814430107,0.029241419798580637,4,qUCB,0.44,0.08,0.4,0.0,0.02,0.0,0.0,0.0,0.0,0.0,0.0,0.0,0.0,0.02,0.04
50,3,3,2,False,0.1833486327687967,0.03878587401485589,0,qEHVI,0.36,0.14,0.4,0.02,0.0,0.0,0.0,0.0,0.02,0.0,0.0,0.04,0.0,0.02,0.0
50,3,3,2,False,0.1833486327687967,0.03878587401485589,1,qEHVI,0.48,0.34,0.08,0.02,0.04,0.0,0.0,0.0,0.0,0.0,0.0,0.04,0.0,0.0,0.0
50,3,3,2,False,0.1833486327687967,0.03878587401485589,2,qEHVI,0.0,0.5,0.44,0.02,0.0,0.0,0.0,0.0,0.0,0.0,0.0,0.04,0.0,0.0,0.0
50,3,3,2,False,0.1833486327687967,0.03878587401485589,3,qUCB,0.44,0.08,0.4,0.0,0.02,0.0,0.0,0.0,0.0,0.0,0.0,0.0,0.0,0.02,0.04
50,3,3,2,False,0.1833486327687967,0.03878587401485589,4,qUCB,0.62,0.16,0.12,0.0,0.02,0.0,0.0,0.0,0.04,0.0,0.0,0.0,0.0,0.0,0.04
50,4,2,3,False,0.15094835098674492,0.07355623479200091,0,qEHVI,0.36,0.14,0.4,0.02,0.0,0.0,0.0,0.0,0.02,0.0,0.0,0.04,0.0,0.02,0.0
50,4,2,3,False,0.15094835098674492,0.07355623479200091,1,qEHVI,0.48,0.34,0.08,0.02,0.04,0.0,0.0,0.0,0.0,0.0,0.0,0.04,0.0,0.0,0.0
50,4,2,3,False,0.15094835098674492,0.07355623479200091,2,qUCB,0.44,0.08,0.4,0.0,0.02,0.0,0.0,0.0,0.0,0.0,0.0,0.0,0.0,0.02,0.04
50,4,2,3,False,0.15094835098674492,0.07355623479200091,3,qUCB,0.5,0.36,0.1,0.0,0.0,0.0,0.0,0.0,0.0,0.0,0.0,0.0,0.0,0.0,0.04
50,4,2,3,False,0.15094835098674492,0.07355623479200091,4,qUCB,0.62,0.16,0.12,0.0,0.02,0.0,0.0,0.0,0.04,0.0,0.0,0.0,0.0,0.0,0.04
50,5,1,4,False,0.0945420910404968,0.0643944098030147,0,qEHVI,0.36,0.14,0.4,0.02,0.0,0.0,0.0,0.0,0.02,0.0,0.0,0.04,0.0,0.02,0.0
50,5,1,4,False,0.0945420910404968,0.0643944098030147,1,qUCB,0.44,0.06,0.42,0.0,0.04,0.0,0.0,0.0,0.0,0.0,0.0,0.0,0.0,0.0,0.04
50,5,1,4,False,0.0945420910404968,0.0643944098030147,2,qUCB,0.68,0.1,0.12,0.0,0.04,0.0,0.0,0.0,0.02,0.0,0.0,0.0,0.0,0.0,0.04
50,5,1,4,False,0.0945420910404968,0.0643944098030147,3,qUCB,0.02,0.88,0.0,0.04,0.02,0.0,0.0,0.0,0.02,0.0,0.0,0.0,0.0,0.0,0.02
50,5,1,4,False,0.0945420910404968,0.0643944098030147,4,qUCB,0.36,0.4,0.14,0.04,0.04,0.0,0.0,0.0,0.0,0.0,0.0,0.0,0.0,0.0,0.02
50,6,0,5,False,0.11600235117052161,0.032297544096912656,0,qUCB,0.4,0.14,0.38,0.0,0.0,0.0,0.0,0.0,0.0,0.0,0.0,0.04,0.0,0.04,0.0
50,6,0,5,False,0.11600235117052161,0.032297544096912656,1,qUCB,0.38,0.44,0.14,0.04,0.0,0.0,0.0,0.0,0.0,0.0,0.0,0.0,0.0,0.0,0.0
50,6,0,5,False,0.11600235117052161,0.032297544096912656,2,qUCB,0.24,0.0,0.68,0.04,0.0,0.0,0.0,0.0,0.0,0.0,0.0,0.02,0.0,0.0,0.02
50,6,0,5,False,0.11600235117052161,0.032297544096912656,3,qUCB,0.58,0.3,0.1,0.0,0.0,0.0,0.0,0.0,0.0,0.0,0.0,0.0,0.0,0.02,0.0
50,6,0,5,False,0.11600235117052161,0.032297544096912656,4,qUCB,0.74,0.0,0.26,0.0,0.0,0.0,0.0,0.0,0.0,0.0,0.0,0.0,0.0,0.0,0.0
