iteration,option,n_opt,n_exp,selected,full_qehvi,full_entropy,point_idx,source,x_0,x_1,x_2,x_3,x_4,x_5,x_6,x_7,x_8,x_9,x_10,x_11,x_12,x_13,x_14
1,1,5,0,False,4.935483767246718,0.3199584305207068,0,qEHVI,0.76,0.0,0.14,0.02,0.04,0.0,0.0,0.0,0.0,0.0,0.0,0.0,0.0,0.0,0.04
1,1,5,0,False,4.935483767246718,0.3199584305207068,1,qEHVI,0.0,0.9400000000000001,0.02,0.0,0.04,0.0,0.0,0.0,0.0,0.0,0.0,0.0,0.0,0.0,0.0
1,1,5,0,False,4.935483767246718,0.3199584305207068,2,qEHVI,0.04,0.84,0.02,0.04,0.0,0.0,0.0,0.0,0.0,0.0,0.0,0.02,0.0,0.0,0.04
1,1,5,0,False,4.935483767246718,0.3199584305207068,3,qEHVI,0.32,0.56,0.02,0.04,0.04,0.0,0.0,0.0,0.0,0.0,0.0,0.0,0.0,0.02,0.0
1,1,5,0,False,4.935483767246718,0.3199584305207068,4,qEHVI,0.42,0.4,0.08,0.04,0.0,0.0,0.0,0.0,0.02,0.0,0.0,0.0,0.0,0.0,0.04
1,2,4,1,False,4.763271036929281,0.6371073904699571,0,qEHVI,0.76,0.0,0.14,0.02,0.04,0.0,0.0,0.0,0.0,0.0,0.0,0.0,0.0,0.0,0.04
1,2,4,1,False,4.763271036929281,0.6371073904699571,1,qEHVI,0.0,0.9400000000000001,0.02,0.0,0.04,0.0,0.0,0.0,0.0,0.0,0.0,0.0,0.0,0.0,0.0
1,2,4,1,False,4.763271036929281,0.6371073904699571,2,qEHVI,0.04,0.84,0.02,0.04,0.0,0.0,0.0,0.0,0.0,0.0,0.0,0.02,0.0,0.0,0.04
1,2,4,1,False,4.763271036929281,0.6371073904699571,3,qEHVI,0.32,0.56,0.02,0.04,0.04,0.0,0.0,0.0,0.0,0.0,0.0,0.0,0.0,0.02,0.0
1,2,4,1,False,4.763271036929281,0.6371073904699571,4,qUCB,0.0,0.04,0.88,0.0,0.0,0.0,0.0,0.0,0.04,0.0,0.0,0.04,0.0,0.0,0.0
1,3,3,2,False,4.487558514799167,0.38773635976168563,0,qEHVI,0.76,0.0,0.14,0.02,0.04,0.0,0.0,0.0,0.0,0.0,0.0,0.0,0.0,0.0,0.04
1,3,3,2,False,4.487558514799167,0.38773635976168563,1,qEHVI,0.0,0.9400000000000001,0.02,0.0,0.04,0.0,0.0,0.0,0.0,0.0,0.0,0.0,0.0,0.0,0.0
1,3,3,2,False,4.487558514799167,0.38773635976168563,2,qEHVI,0.04,0.84,0.02,0.04,0.0,0.0,0.0,0.0,0.0,0.0,0.0,0.02,0.0,0.0,0.04
1,3,3,2,False,4.487558514799167,0.38773635976168563,3,qUCB,0.04,0.0,0.86,0.0,0.0,0.0,0.0,0.0,0.04,0.0,0.0,0.02,0.0,0.04,0.0
1,3,3,2,False,4.487558514799167,0.38773635976168563,4,qUCB,0.0,0.04,0.88,0.0,0.0,0.0,0.0,0.0,0.04,0.0,0.0,0.04,0.0,0.0,0.0
1,4,2,3,False,4.105101543084242,0.3257353823791238,0,qEHVI,0.0,0.9400000000000001,0.02,0.0,0.04,0.0,0.0,0.0,0.0,0.0,0.0,0.0,0.0,0.0,0.0
1,4,2,3,False,4.105101543084242,0.3257353823791238,1,qEHVI,0.76,0.0,0.14,0.02,0.04,0.0,0.0,0.0,0.0,0.0,0.0,0.0,0.0,0.0,0.04
1,4,2,3,False,4.105101543084242,0.3257353823791238,2,qUCB,0.0,0.1,0.8,0.04,0.0,0.0,0.0,0.0,0.04,0.0,0.0,0.02,0.0,0.0,0.0
1,4,2,3,False,4.105101543084242,0.3257353823791238,3,qUCB,0.04,0.0,0.86,0.0,0.0,0.0,0.0,0.0,0.04,0.0,0.0,0.02,0.0,0.04,0.0
1,4,2,3,False,4.105101543084242,0.3257353823791238,4,qUCB,0.0,0.14,0.78,0.04,0.0,0.0,0.0,0.0,0.0,0.0,0.0,0.0,0.0,0.04,0.0
1,5,1,4,False,4.066931620087071,0.1415202978742549,0,qEHVI,0.0,0.9400000000000001,0.02,0.0,0.04,0.0,0.0,0.0,0.0,0.0,0.0,0.0,0.0,0.0,0.0
1,5,1,4,False,4.066931620087071,0.1415202978742549,1,qUCB,0.78,0.02,0.1,0.04,0.0,0.0,0.0,0.0,0.02,0.0,0.0,0.04,0.0,0.0,0.0
1,5,1,4,False,4.066931620087071,0.1415202978742549,2,qUCB,0.08,0.06,0.76,0.04,0.0,0.0,0.0,0.0,0.04,0.0,0.0,0.02,0.0,0.0,0.0
1,5,1,4,False,4.066931620087071,0.1415202978742549,3,qUCB,0.04,0.0,0.86,0.0,0.0,0.0,0.0,0.0,0.04,0.0,0.0,0.02,0.0,0.04,0.0
1,5,1,4,False,4.066931620087071,0.1415202978742549,4,qUCB,0.08,0.04,0.78,0.04,0.0,0.0,0.0,0.0,0.0,0.0,0.0,0.02,0.0,0.0,0.04
1,6,0,5,True,4.650900606423693,0.6243458530596193,0,qUCB,0.7000000000000001,0.14,0.06,0.04,0.04,0.0,0.0,0.0,0.0,0.0,0.0,0.02,0.0,0.0,0.0
1,6,0,5,True,4.650900606423693,0.6243458530596193,1,qUCB,0.0,0.9400000000000001,0.02,0.0,0.04,0.0,0.0,0.0,0.0,0.0,0.0,0.0,0.0,0.0,0.0
1,6,0,5,True,4.650900606423693,0.6243458530596193,2,qUCB,0.18,0.72,0.0,0.04,0.0,0.0,0.0,0.0,0.0,0.0,0.0,0.02,0.0,0.0,0.04
1,6,0,5,True,4.650900606423693,0.6243458530596193,3,qUCB,0.02,0.84,0.04,0.02,0.0,0.0,0.0,0.0,0.0,0.0,0.0,0.0,0.0,0.04,0.04
1,6,0,5,True,4.650900606423693,0.6243458530596193,4,qUCB,0.14,0.72,0.04,0.04,0.0,0.0,0.0,0.0,0.02,0.0,0.0,0.0,0.0,0.04,0.0
2,1,5,0,False,3.9760861087319808,0.8998628506749906,0,qEHVI,0.8200000000000001,0.08,0.0,0.0,0.0,0.0,0.0,0.0,0.04,0.0,0.0,0.0,0.0,0.02,0.04
2,1,5,0,False,3.9760861087319808,0.8998628506749906,1,qEHVI,0.02,0.02,0.86,0.0,0.0,0.0,0.0,0.0,0.02,0.0,0.0,0.02,0.0,0.04,0.02
2,1,5,0,False,3.9760861087319808,0.8998628506749906,2,qEHVI,0.88,0.02,0.0,0.0,0.0,0.0,0.0,0.0,0.04,0.0,0.0,0.02,0.0,0.0,0.04
2,1,5,0,False,3.9760861087319808,0.8998628506749906,3,qEHVI,0.44,0.02,0.44,0.0,0.02,0.0,0.0,0.0,0.0,0.0,0.0,0.0,0.0,0.04,0.04
2,1,5,0,False,3.9760861087319808,0.8998628506749906,4,qEHVI,0.5,0.0,0.42,0.0,0.0,0.0,0.0,0.0,0.04,0.0,0.0,0.0,0.0,0.0,0.04
2,2,4,1,False,3.4311626937291613,0.8270069962348856,0,qEHVI,0.8200000000000001,0.08,0.0,0.0,0.0,0.0,0.0,0.0,0.04,0.0,0.0,0.0,0.0,0.02,0.04
2,2,4,1,False,3.4311626937291613,0.8270069962348856,1,qEHVI,0.4,0.0,0.52,0.0,0.0,0.0,0.0,0.0,0.0,0.0,0.0,0.0,0.0,0.04,0.04
2,2,4,1,False,3.4311626937291613,0.8270069962348856,2,qEHVI,0.88,0.02,0.0,0.0,0.0,0.0,0.0,0.0,0.04,0.0,0.0,0.02,0.0,0.0,0.04
2,2,4,1,False,3.4311626937291613,0.8270069962348856,3,qEHVI,0.5,0.0,0.42,0.0,0.0,0.0,0.0,0.0,0.04,0.0,0.0,0.0,0.0,0.0,0.04
2,2,4,1,False,3.4311626937291613,0.8270069962348856,4,qUCB,0.8,0.0,0.1,0.04,0.04,0.0,0.0,0.0,0.0,0.0,0.0,0.02,0.0,0.0,0.0
2,3,3,2,False,3.2069908978502073,0.6519354908896773,0,qEHVI,0.8200000000000001,0.08,0.0,0.0,0.0,0.0,0.0,0.0,0.04,0.0,0.0,0.0,0.0,0.02,0.04
2,3,3,2,False,3.2069908978502073,0.6519354908896773,1,qEHVI,0.4,0.0,0.52,0.0,0.0,0.0,0.0,0.0,0.0,0.0,0.0,0.0,0.0,0.04,0.04
2,3,3,2,False,3.2069908978502073,0.6519354908896773,2,qEHVI,0.88,0.02,0.0,0.0,0.0,0.0,0.0,0.0,0.04,0.0,0.0,0.02,0.0,0.0,0.04
2,3,3,2,False,3.2069908978502073,0.6519354908896773,3,qUCB,0.7000000000000001,0.04,0.18,0.04,0.04,0.0,0.0,0.0,0.0,0.0,0.0,0.0,0.0,0.0,0.0
2,3,3,2,False,3.2069908978502073,0.6519354908896773,4,qUCB,0.9400000000000001,0.02,0.0,0.0,0.04,0.0,0.0,0.0,0.0,0.0,0.0,0.0,0.0,0.0,0.0
2,4,2,3,False,3.066897682988905,1.0730853197527388,0,qEHVI,0.8200000000000001,0.08,0.0,0.0,0.0,0.0,0.0,0.0,0.04,0.0,0.0,0.0,0.0,0.02,0.04
2,4,2,3,False,3.066897682988905,1.0730853197527388,1,qEHVI,0.4,0.0,0.52,0.0,0.0,0.0,0.0,0.0,0.0,0.0,0.0,0.0,0.0,0.04,0.04
2,4,2,3,False,3.066897682988905,1.0730853197527388,2,qUCB,0.8,0.04,0.08,0.0,0.04,0.0,0.0,0.0,0.0,0.0,0.0,0.04,0.0,0.0,0.0
2,4,2,3,False,3.066897682988905,1.0730853197527388,3,qUCB,0.76,0.0,0.16,0.04,0.0,0.0,0.0,0.0,0.0,0.0,0.0,0.04,0.0,0.0,0.0
2,4,2,3,False,3.066897682988905,1.0730853197527388,4,qUCB,0.0,0.02,0.88,0.0,0.04,0.0,0.0,0.0,0.0,0.0,0.0,0.02,0.0,0.04,0.0
2,5,1,4,False,3.1856664091585882,0.6608475488560686,0,qEHVI,0.8200000000000001,0.08,0.0,0.0,0.0,0.0,0.0,0.0,0.04,0.0,0.0,0.0,0.0,0.02,0.04
2,5,1,4,False,3.1856664091585882,0.6608475488560686,1,qUCB,0.0,0.02,0.88,0.0,0.04,0.0,0.0,0.0,0.0,0.0,0.0,0.02,0.0,0.04,0.0
2,5,1,4,False,3.1856664091585882,0.6608475488560686,2,qUCB,0.04,0.04,0.8200000000000001,0.0,0.04,0.0,0.0,0.0,0.0,0.0,0.0,0.04,0.0,0.02,0.0
2,5,1,4,False,3.1856664091585882,0.6608475488560686,3,qUCB,0.8,0.04,0.08,0.0,0.04,0.0,0.0,0.0,0.0,0.0,0.0,0.04,0.0,0.0,0.0
2,5,1,4,False,3.1856664091585882,0.6608475488560686,4,qUCB,0.48,0.02,0.42,0.04,0.0,0.0,0.0,0.0,0.0,0.0,0.0,0.04,0.0,0.0,0.0
2,6,0,5,True,3.1164111476201692,1.5475738918144195,0,qUCB,0.9,0.0,0.04,0.0,0.02,0.0,0.0,0.0,0.04,0.0,0.0,0.0,0.0,0.0,0.0
2,6,0,5,True,3.1164111476201692,1.5475738918144195,1,qUCB,0.0,0.02,0.88,0.0,0.04,0.0,0.0,0.0,0.0,0.0,0.0,0.02,0.0,0.04,0.0
2,6,0,5,True,3.1164111476201692,1.5475738918144195,2,qUCB,0.86,0.04,0.0,0.02,0.0,0.0,0.0,0.0,0.0,0.0,0.0,0.04,0.0,0.0,0.04
2,6,0,5,True,3.1164111476201692,1.5475738918144195,3,qUCB,0.0,0.0,0.92,0.0,0.0,0.0,0.0,0.0,0.02,0.0,0.0,0.0,0.0,0.02,0.04
2,6,0,5,True,3.1164111476201692,1.5475738918144195,4,qUCB,0.64,0.0,0.28,0.0,0.04,0.0,0.0,0.0,0.04,0.0,0.0,0.0,0.0,0.0,0.0
3,1,5,0,False,7.141805530797376,1.3735173672580583,0,qEHVI,0.4,0.0,0.52,0.0,0.0,0.0,0.0,0.0,0.02,0.0,0.0,0.02,0.0,0.04,0.0
3,1,5,0,False,7.141805530797376,1.3735173672580583,1,qEHVI,0.3,0.02,0.58,0.04,0.0,0.0,0.0,0.0,0.04,0.0,0.0,0.02,0.0,0.0,0.0
3,1,5,0,False,7.141805530797376,1.3735173672580583,2,qEHVI,0.88,0.02,0.0,0.0,0.02,0.0,0.0,0.0,0.0,0.0,0.0,0.04,0.0,0.04,0.0
3,1,5,0,False,7.141805530797376,1.3735173672580583,3,qEHVI,0.88,0.02,0.0,0.04,0.0,0.0,0.0,0.0,0.02,0.0,0.0,0.02,0.0,0.0,0.02
3,1,5,0,False,7.141805530797376,1.3735173672580583,4,qEHVI,0.1,0.04,0.76,0.04,0.02,0.0,0.0,0.0,0.0,0.0,0.0,0.0,0.0,0.04,0.0
3,2,4,1,False,6.209323290143615,0.707595387316708,0,qEHVI,0.4,0.0,0.52,0.0,0.0,0.0,0.0,0.0,0.02,0.0,0.0,0.02,0.0,0.04,0.0
3,2,4,1,False,6.209323290143615,0.707595387316708,1,qEHVI,0.3,0.02,0.58,0.04,0.0,0.0,0.0,0.0,0.04,0.0,0.0,0.02,0.0,0.0,0.0
3,2,4,1,False,6.209323290143615,0.707595387316708,2,qEHVI,0.88,0.02,0.0,0.0,0.02,0.0,0.0,0.0,0.0,0.0,0.0,0.04,0.0,0.04,0.0
3,2,4,1,False,6.209323290143615,0.707595387316708,3,qEHVI,0.1,0.04,0.76,0.04,0.02,0.0,0.0,0.0,0.0,0.0,0.0,0.0,0.0,0.04,0.0
3,2,4,1,False,6.209323290143615,0.707595387316708,4,qUCB,0.7000000000000001,0.04,0.16,0.02,0.04,0.0,0.0,0.0,0.0,0.0,0.0,0.0,0.0,0.0,0.04
3,3,3,2,False,5.959131238075231,0.7585935864436539,0,qEHVI,0.4,0.0,0.52,0.0,0.0,0.0,0.0,0.0,0.02,0.0,0.0,0.02,0.0,0.04,0.0
3,3,3,2,False,5.959131238075231,0.7585935864436539,1,qEHVI,0.3,0.02,0.58,0.04,0.0,0.0,0.0,0.0,0.04,0.0,0.0,0.02,0.0,0.0,0.0
3,3,3,2,False,5.959131238075231,0.7585935864436539,2,qEHVI,0.88,0.02,0.0,0.0,0.02,0.0,0.0,0.0,0.0,0.0,0.0,0.04,0.0,0.04,0.0
3,3,3,2,False,5.959131238075231,0.7585935864436539,3,qUCB,0.54,0.12,0.24,0.02,0.04,0.0,0.0,0.0,0.0,0.0,0.0,0.0,0.0,0.0,0.04
3,3,3,2,False,5.959131238075231,0.7585935864436539,4,qUCB,0.4,0.02,0.48,0.04,0.02,0.0,0.0,0.0,0.0,0.0,0.0,0.0,0.0,0.0,0.04
3,4,2,3,False,4.954220074939108,1.5946847278648235,0,qEHVI,0.4,0.0,0.52,0.0,0.0,0.0,0.0,0.0,0.02,0.0,0.0,0.02,0.0,0.04,0.0
3,4,2,3,False,4.954220074939108,1.5946847278648235,1,qEHVI,0.3,0.02,0.58,0.04,0.0,0.0,0.0,0.0,0.04,0.0,0.0,0.02,0.0,0.0,0.0
3,4,2,3,False,4.954220074939108,1.5946847278648235,2,qUCB,0.8,0.06,0.04,0.02,0.04,0.0,0.0,0.0,0.0,0.0,0.0,0.0,0.0,0.0,0.04
3,4,2,3,False,4.954220074939108,1.5946847278648235,3,qUCB,0.4,0.02,0.48,0.04,0.02,0.0,0.0,0.0,0.0,0.0,0.0,0.0,0.0,0.0,0.04
3,4,2,3,False,4.954220074939108,1.5946847278648235,4,qUCB,0.66,0.02,0.22,0.02,0.04,0.0,0.0,0.0,0.0,0.0,0.0,0.04,0.0,0.0,0.0
3,5,1,4,False,5.961481059269562,1.0540816041208672,0,qEHVI,0.4,0.0,0.52,0.0,0.0,0.0,0.0,0.0,0.02,0.0,0.0,0.02,0.0,0.04,0.0
3,5,1,4,False,5.961481059269562,1.0540816041208672,1,qUCB,0.72,0.0,0.18,0.04,0.0,0.0,0.0,0.0,0.0,0.0,0.0,0.04,0.0,0.0,0.02
3,5,1,4,False,5.961481059269562,1.0540816041208672,2,qUCB,0.4,0.02,0.48,0.04,0.02,0.0,0.0,0.0,0.0,0.0,0.0,0.0,0.0,0.0,0.04
3,5,1,4,False,5.961481059269562,1.0540816041208672,3,qUCB,0.9,0.0,0.0,0.04,0.0,0.0,0.0,0.0,0.04,0.0,0.0,0.0,0.0,0.0,0.02
3,5,1,4,False,5.961481059269562,1.0540816041208672,4,qUCB,0.0,0.1,0.8,0.04,0.04,0.0,0.0,0.0,0.0,0.0,0.0,0.0,0.0,0.0,0.02
3,6,0,5,True,5.790996504249597,0.7215225539486294,0,qUCB,0.72,0.0,0.18,0.04,0.0,0.0,0.0,0.0,0.0,0.0,0.0,0.04,0.0,0.0,0.02
3,6,0,5,True,5.790996504249597,0.7215225539486294,1,qUCB,0.4,0.04,0.48,0.04,0.0,0.0,0.0,0.0,0.0,0.0,0.0,0.04,0.0,0.0,0.0
3,6,0,5,True,5.790996504249597,0.7215225539486294,2,qUCB,0.9,0.0,0.0,0.04,0.0,0.0,0.0,0.0,0.04,0.0,0.0,0.0,0.0,0.0,0.02
3,6,0,5,True,5.790996504249597,0.7215225539486294,3,qUCB,0.24,0.0,0.68,0.04,0.04,0.0,0.0,0.0,0.0,0.0,0.0,0.0,0.0,0.0,0.0
3,6,0,5,True,5.790996504249597,0.7215225539486294,4,qUCB,0.46,0.14,0.32,0.0,0.0,0.0,0.0,0.0,0.0,0.0,0.0,0.04,0.0,0.04,0.0
4,1,5,0,False,10.444750467678906,0.8807556600447475,0,qEHVI,0.62,0.18,0.1,0.0,0.04,0.0,0.0,0.0,0.0,0.0,0.0,0.04,0.0,0.02,0.0
4,1,5,0,False,10.444750467678906,0.8807556600447475,1,qEHVI,0.6,0.1,0.22,0.0,0.0,0.0,0.0,0.0,0.0,0.0,0.0,0.04,0.0,0.02,0.02
4,1,5,0,False,10.444750467678906,0.8807556600447475,2,qEHVI,0.52,0.1,0.3,0.0,0.04,0.0,0.0,0.0,0.0,0.0,0.0,0.04,0.0,0.0,0.0
4,1,5,0,False,10.444750467678906,0.8807556600447475,3,qEHVI,0.42,0.1,0.38,0.0,0.02,0.0,0.0,0.0,0.0,0.0,0.0,0.04,0.0,0.04,0.0
4,1,5,0,False,10.444750467678906,0.8807556600447475,4,qEHVI,0.64,0.12,0.14,0.0,0.0,0.0,0.0,0.0,0.0,0.0,0.0,0.02,0.0,0.04,0.04
4,2,4,1,False,10.02357278461772,0.8825212146571604,0,qEHVI,0.62,0.18,0.1,0.0,0.04,0.0,0.0,0.0,0.0,0.0,0.0,0.04,0.0,0.02,0.0
4,2,4,1,False,10.02357278461772,0.8825212146571604,1,qEHVI,0.6,0.1,0.22,0.0,0.0,0.0,0.0,0.0,0.0,0.0,0.0,0.04,0.0,0.02,0.02
4,2,4,1,False,10.02357278461772,0.8825212146571604,2,qEHVI,0.52,0.1,0.3,0.0,0.04,0.0,0.0,0.0,0.0,0.0,0.0,0.04,0.0,0.0,0.0
4,2,4,1,False,10.02357278461772,0.8825212146571604,3,qEHVI,0.42,0.1,0.38,0.0,0.02,0.0,0.0,0.0,0.0,0.0,0.0,0.04,0.0,0.04,0.0
4,2,4,1,False,10.02357278461772,0.8825212146571604,4,qUCB,0.54,0.28,0.08,0.0,0.04,0.0,0.0,0.0,0.0,0.0,0.0,0.0,0.0,0.02,0.04
4,3,3,2,False,9.415901873438585,0.975159770054268,0,qEHVI,0.62,0.18,0.1,0.0,0.04,0.0,0.0,0.0,0.0,0.0,0.0,0.04,0.0,0.02,0.0
4,3,3,2,False,9.415901873438585,0.975159770054268,1,qEHVI,0.6,0.1,0.22,0.0,0.0,0.0,0.0,0.0,0.0,0.0,0.0,0.04,0.0,0.02,0.02
4,3,3,2,False,9.415901873438585,0.975159770054268,2,qEHVI,0.52,0.1,0.3,0.0,0.04,0.0,0.0,0.0,0.0,0.0,0.0,0.04,0.0,0.0,0.0
4,3,3,2,False,9.415901873438585,0.975159770054268,3,qUCB,0.54,0.28,0.08,0.0,0.04,0.0,0.0,0.0,0.0,0.0,0.0,0.0,0.0,0.02,0.04
4,3,3,2,False,9.415901873438585,0.975159770054268,4,qUCB,0.44,0.02,0.44,0.0,0.04,0.0,0.0,0.0,0.0,0.0,0.0,0.0,0.0,0.02,0.04
4,4,2,3,False,8.532473961858553,0.6747622848405879,0,qEHVI,0.62,0.18,0.1,0.0,0.04,0.0,0.0,0.0,0.0,0.0,0.0,0.04,0.0,0.02,0.0
4,4,2,3,False,8.532473961858553,0.6747622848405879,1,qEHVI,0.6,0.1,0.22,0.0,0.0,0.0,0.0,0.0,0.0,0.0,0.0,0.04,0.0,0.02,0.02
4,4,2,3,False,8.532473961858553,0.6747622848405879,2,qUCB,0.54,0.28,0.08,0.0,0.04,0.0,0.0,0.0,0.0,0.0,0.0,0.0,0.0,0.02,0.04
4,4,2,3,False,8.532473961858553,0.6747622848405879,3,qUCB,0.48,0.06,0.38,0.0,0.04,0.0,0.0,0.0,0.0,0.0,0.0,0.0,0.0,0.0,0.04
4,4,2,3,False,8.532473961858553,0.6747622848405879,4,qUCB,0.48,0.44,0.0,0.0,0.0,0.0,0.0,0.0,0.04,0.0,0.0,0.0,0.0,0.04,0.0
4,5,1,4,False,7.6340775809253865,0.8057120752787794,0,qEHVI,0.62,0.18,0.1,0.0,0.04,0.0,0.0,0.0,0.0,0.0,0.0,0.04,0.0,0.02,0.0
4,5,1,4,False,7.6340775809253865,0.8057120752787794,1,qUCB,0.64,0.26,0.02,0.0,0.0,0.0,0.0,0.0,0.0,0.0,0.0,0.04,0.0,0.0,0.04
4,5,1,4,False,7.6340775809253865,0.8057120752787794,2,qUCB,0.42,0.04,0.5,0.0,0.0,0.0,0.0,0.0,0.0,0.0,0.0,0.0,0.0,0.0,0.04
4,5,1,4,False,7.6340775809253865,0.8057120752787794,3,qUCB,0.64,0.32,0.0,0.0,0.0,0.0,0.0,0.0,0.0,0.0,0.0,0.0,0.0,0.0,0.04
4,5,1,4,False,7.6340775809253865,0.8057120752787794,4,qUCB,0.42,0.26,0.24,0.04,0.0,0.0,0.0,0.0,0.0,0.0,0.0,0.0,0.0,0.0,0.04
4,6,0,5,True,8.266934387300381,0.6048575416546944,0,qUCB,0.64,0.26,0.02,0.0,0.04,0.0,0.0,0.0,0.0,0.0,0.0,0.04,0.0,0.0,0.0
4,6,0,5,True,8.266934387300381,0.6048575416546944,1,qUCB,0.62,0.3,0.0,0.0,0.0,0.0,0.0,0.0,0.0,0.0,0.0,0.04,0.0,0.04,0.0
4,6,0,5,True,8.266934387300381,0.6048575416546944,2,qUCB,0.8200000000000001,0.02,0.06,0.0,0.04,0.0,0.0,0.0,0.0,0.0,0.0,0.04,0.0,0.02,0.0
4,6,0,5,True,8.266934387300381,0.6048575416546944,3,qUCB,0.56,0.36,0.0,0.0,0.04,0.0,0.0,0.0,0.0,0.0,0.0,0.0,0.0,0.04,0.0
4,6,0,5,True,8.266934387300381,0.6048575416546944,4,qUCB,0.38,0.36,0.16,0.0,0.04,0.0,0.0,0.0,0.0,0.0,0.0,0.04,0.0,0.0,0.02
5,1,5,0,False,8.196903406484845,0.38626654958213535,0,qEHVI,0.38,0.3,0.26,0.0,0.02,0.0,0.0,0.0,0.0,0.0,0.0,0.0,0.0,0.04,0.0
5,1,5,0,False,8.196903406484845,0.38626654958213535,1,qEHVI,0.44,0.04,0.44,0.0,0.02,0.0,0.0,0.0,0.0,0.0,0.0,0.02,0.0,0.04,0.0
5,1,5,0,False,8.196903406484845,0.38626654958213535,2,qEHVI,0.44,0.16,0.32,0.0,0.0,0.0,0.0,0.0,0.0,0.0,0.0,0.04,0.0,0.0,0.04
5,1,5,0,False,8.196903406484845,0.38626654958213535,3,qEHVI,0.44,0.26,0.2,0.02,0.02,0.0,0.0,0.0,0.0,0.0,0.0,0.02,0.0,0.04,0.0
5,1,5,0,False,8.196903406484845,0.38626654958213535,4,qEHVI,0.26,0.34,0.3,0.0,0.0,0.0,0.0,0.0,0.0,0.0,0.0,0.02,0.0,0.04,0.04
5,2,4,1,False,7.938432857223513,0.991538948889156,0,qEHVI,0.38,0.3,0.26,0.0,0.02,0.0,0.0,0.0,0.0,0.0,0.0,0.0,0.0,0.04,0.0
5,2,4,1,False,7.938432857223513,0.991538948889156,1,qEHVI,0.44,0.04,0.44,0.0,0.02,0.0,0.0,0.0,0.0,0.0,0.0,0.02,0.0,0.04,0.0
5,2,4,1,False,7.938432857223513,0.991538948889156,2,qEHVI,0.44,0.16,0.32,0.0,0.0,0.0,0.0,0.0,0.0,0.0,0.0,0.04,0.0,0.0,0.04
5,2,4,1,False,7.938432857223513,0.991538948889156,3,qEHVI,0.46,0.2,0.24,0.02,0.04,0.0,0.0,0.0,0.0,0.0,0.0,0.0,0.0,0.04,0.0
5,2,4,1,False,7.938432857223513,0.991538948889156,4,qUCB,0.5,0.24,0.16,0.04,0.0,0.0,0.0,0.0,0.0,0.0,0.0,0.0,0.0,0.02,0.04
5,3,3,2,False,7.306259804582036,0.6994406767171473,0,qEHVI,0.38,0.3,0.26,0.0,0.02,0.0,0.0,0.0,0.0,0.0,0.0,0.0,0.0,0.04,0.0
5,3,3,2,False,7.306259804582036,0.6994406767171473,1,qEHVI,0.44,0.04,0.44,0.0,0.02,0.0,0.0,0.0,0.0,0.0,0.0,0.02,0.0,0.04,0.0
5,3,3,2,False,7.306259804582036,0.6994406767171473,2,qEHVI,0.44,0.16,0.32,0.0,0.0,0.0,0.0,0.0,0.0,0.0,0.0,0.04,0.0,0.0,0.04
5,3,3,2,False,7.306259804582036,0.6994406767171473,3,qUCB,0.5,0.3,0.1,0.04,0.04,0.0,0.0,0.0,0.0,0.0,0.0,0.0,0.0,0.0,0.02
5,3,3,2,False,7.306259804582036,0.6994406767171473,4,qUCB,0.0,0.42,0.48,0.04,0.0,0.0,0.0,0.0,0.04,0.0,0.0,0.0,0.0,0.0,0.02
5,4,2,3,False,7.233360343343692,0.3589782185099022,0,qEHVI,0.38,0.3,0.26,0.0,0.02,0.0,0.0,0.0,0.0,0.0,0.0,0.0,0.0,0.04,0.0
5,4,2,3,False,7.233360343343692,0.3589782185099022,1,qEHVI,0.44,0.04,0.44,0.0,0.02,0.0,0.0,0.0,0.0,0.0,0.0,0.02,0.0,0.04,0.0
5,4,2,3,False,7.233360343343692,0.3589782185099022,2,qUCB,0.48,0.22,0.2,0.04,0.0,0.0,0.0,0.0,0.0,0.0,0.0,0.02,0.0,0.0,0.04
5,4,2,3,False,7.233360343343692,0.3589782185099022,3,qUCB,0.42,0.0,0.5,0.0,0.0,0.0,0.0,0.0,0.04,0.0,0.0,0.0,0.0,0.0,0.04
5,4,2,3,False,7.233360343343692,0.3589782185099022,4,qUCB,0.0,0.54,0.36,0.04,0.0,0.0,0.0,0.0,0.0,0.0,0.0,0.04,0.0,0.0,0.02
5,5,1,4,False,5.960223495444511,0.3942928456281969,0,qEHVI,0.38,0.3,0.26,0.0,0.02,0.0,0.0,0.0,0.0,0.0,0.0,0.0,0.0,0.04,0.0
5,5,1,4,False,5.960223495444511,0.3942928456281969,1,qUCB,0.48,0.22,0.2,0.04,0.0,0.0,0.0,0.0,0.0,0.0,0.0,0.02,0.0,0.0,0.04
5,5,1,4,False,5.960223495444511,0.3942928456281969,2,qUCB,0.46,0.02,0.42,0.0,0.0,0.0,0.0,0.0,0.02,0.0,0.0,0.04,0.0,0.0,0.04
5,5,1,4,False,5.960223495444511,0.3942928456281969,3,qUCB,0.0,0.54,0.36,0.04,0.0,0.0,0.0,0.0,0.0,0.0,0.0,0.04,0.0,0.0,0.02
5,5,1,4,False,5.960223495444511,0.3942928456281969,4,qUCB,0.0,0.42,0.48,0.04,0.0,0.0,0.0,0.0,0.0,0.0,0.0,0.02,0.0,0.0,0.04
5,6,0,5,True,5.575516077478316,0.4493072135177947,0,qUCB,0.5,0.0,0.46,0.0,0.0,0.0,0.0,0.0,0.0,0.0,0.0,0.0,0.0,0.0,0.04
5,6,0,5,True,5.575516077478316,0.4493072135177947,1,qUCB,0.26,0.34,0.3,0.0,0.0,0.0,0.0,0.0,0.0,0.0,0.0,0.02,0.0,0.04,0.04
5,6,0,5,True,5.575516077478316,0.4493072135177947,2,qUCB,0.44,0.46,0.0,0.0,0.02,0.0,0.0,0.0,0.04,0.0,0.0,0.0,0.0,0.04,0.0
5,6,0,5,True,5.575516077478316,0.4493072135177947,3,qUCB,0.36,0.02,0.52,0.0,0.0,0.0,0.0,0.0,0.04,0.0,0.0,0.0,0.0,0.04,0.02
5,6,0,5,True,5.575516077478316,0.4493072135177947,4,qUCB,0.1,0.4,0.4,0.04,0.02,0.0,0.0,0.0,0.0,0.0,0.0,0.0,0.0,0.04,0.0
6,1,5,0,False,4.769901037670284,0.22633376881244693,0,qEHVI,0.52,0.14,0.24,0.02,0.0,0.0,0.0,0.0,0.0,0.0,0.0,0.04,0.0,0.0,0.04
6,1,5,0,False,4.769901037670284,0.22633376881244693,1,qEHVI,0.48,0.0,0.46,0.0,0.02,0.0,0.0,0.0,0.0,0.0,0.0,0.04,0.0,0.0,0.0
6,1,5,0,False,4.769901037670284,0.22633376881244693,2,qEHVI,0.48,0.14,0.3,0.0,0.0,0.0,0.0,0.0,0.0,0.0,0.0,0.04,0.0,0.0,0.04
6,1,5,0,False,4.769901037670284,0.22633376881244693,3,qEHVI,0.58,0.0,0.36,0.04,0.0,0.0,0.0,0.0,0.0,0.0,0.0,0.02,0.0,0.0,0.0
6,1,5,0,False,4.769901037670284,0.22633376881244693,4,qEHVI,0.54,0.18,0.18,0.04,0.0,0.0,0.0,0.0,0.0,0.0,0.0,0.04,0.0,0.02,0.0
6,2,4,1,False,4.513635320456351,0.8512949862575435,0,qEHVI,0.52,0.14,0.24,0.02,0.0,0.0,0.0,0.0,0.0,0.0,0.0,0.04,0.0,0.0,0.04
6,2,4,1,False,4.513635320456351,0.8512949862575435,1,qEHVI,0.48,0.0,0.46,0.0,0.02,0.0,0.0,0.0,0.0,0.0,0.0,0.04,0.0,0.0,0.0
6,2,4,1,False,4.513635320456351,0.8512949862575435,2,qEHVI,0.52,0.1,0.3,0.02,0.0,0.0,0.0,0.0,0.0,0.0,0.0,0.04,0.0,0.0,0.02
6,2,4,1,False,4.513635320456351,0.8512949862575435,3,qEHVI,0.54,0.18,0.18,0.04,0.0,0.0,0.0,0.0,0.0,0.0,0.0,0.04,0.0,0.02,0.0
6,2,4,1,False,4.513635320456351,0.8512949862575435,4,qUCB,0.52,0.16,0.22,0.0,0.04,0.0,0.0,0.0,0.0,0.0,0.0,0.0,0.0,0.04,0.02
6,3,3,2,False,3.958605702343689,0.4297021331943345,0,qEHVI,0.52,0.14,0.24,0.02,0.0,0.0,0.0,0.0,0.0,0.0,0.0,0.04,0.0,0.0,0.04
6,3,3,2,False,3.958605702343689,0.4297021331943345,1,qEHVI,0.48,0.0,0.46,0.0,0.02,0.0,0.0,0.0,0.0,0.0,0.0,0.04,0.0,0.0,0.0
6,3,3,2,False,3.958605702343689,0.4297021331943345,2,qEHVI,0.52,0.1,0.3,0.02,0.0,0.0,0.0,0.0,0.0,0.0,0.0,0.04,0.0,0.0,0.02
6,3,3,2,False,3.958605702343689,0.4297021331943345,3,qUCB,0.5,0.14,0.26,0.04,0.02,0.0,0.0,0.0,0.0,0.0,0.0,0.0,0.0,0.04,0.0
6,3,3,2,False,3.958605702343689,0.4297021331943345,4,qUCB,0.02,0.76,0.14,0.0,0.0,0.0,0.0,0.0,0.04,0.0,0.0,0.0,0.0,0.04,0.0
6,4,2,3,False,3.4627597130836496,0.6238440556080507,0,qEHVI,0.52,0.14,0.24,0.02,0.0,0.0,0.0,0.0,0.0,0.0,0.0,0.04,0.0,0.0,0.04
6,4,2,3,False,3.4627597130836496,0.6238440556080507,1,qEHVI,0.48,0.0,0.46,0.0,0.02,0.0,0.0,0.0,0.0,0.0,0.0,0.04,0.0,0.0,0.0
6,4,2,3,False,3.4627597130836496,0.6238440556080507,2,qUCB,0.56,0.06,0.3,0.04,0.0,0.0,0.0,0.0,0.0,0.0,0.0,0.0,0.0,0.04,0.0
6,4,2,3,False,3.4627597130836496,0.6238440556080507,3,qUCB,0.5,0.32,0.1,0.04,0.0,0.0,0.0,0.0,0.0,0.0,0.0,0.0,0.0,0.04,0.0
6,4,2,3,False,3.4627597130836496,0.6238440556080507,4,qUCB,0.02,0.76,0.14,0.0,0.0,0.0,0.0,0.0,0.04,0.0,0.0,0.0,0.0,0.04,0.0
6,5,1,4,False,3.131450566348039,0.35929623607410477,0,qEHVI,0.52,0.14,0.24,0.02,0.0,0.0,0.0,0.0,0.0,0.0,0.0,0.04,0.0,0.0,0.04
6,5,1,4,False,3.131450566348039,0.35929623607410477,1,qUCB,0.44,0.1,0.38,0.0,0.04,0.0,0.0,0.0,0.0,0.0,0.0,0.0,0.0,0.04,0.0
6,5,1,4,False,3.131450566348039,0.35929623607410477,2,qUCB,0.6,0.0,0.3,0.02,0.04,0.0,0.0,0.0,0.0,0.0,0.0,0.0,0.0,0.04,0.0
6,5,1,4,False,3.131450566348039,0.35929623607410477,3,qUCB,0.3,0.0,0.62,0.0,0.04,0.0,0.0,0.0,0.0,0.0,0.0,0.0,0.0,0.04,0.0
6,5,1,4,False,3.131450566348039,0.35929623607410477,4,qUCB,0.02,0.76,0.14,0.0,0.0,0.0,0.0,0.0,0.04,0.0,0.0,0.0,0.0,0.04,0.0
6,6,0,5,True,3.5785116043059455,0.4556553910620478,0,qUCB,0.52,0.14,0.24,0.02,0.0,0.0,0.0,0.0,0.0,0.0,0.0,0.04,0.0,0.0,0.04
6,6,0,5,True,3.5785116043059455,0.4556553910620478,1,qUCB,0.58,0.0,0.36,0.04,0.0,0.0,0.0,0.0,0.0,0.0,0.0,0.02,0.0,0.0,0.0
6,6,0,5,True,3.5785116043059455,0.4556553910620478,2,qUCB,0.5,0.4,0.0,0.04,0.0,0.0,0.0,0.0,0.0,0.0,0.0,0.02,0.0,0.0,0.04
6,6,0,5,True,3.5785116043059455,0.4556553910620478,3,qUCB,0.32,0.02,0.6,0.0,0.02,0.0,0.0,0.0,0.0,0.0,0.0,0.04,0.0,0.0,0.0
6,6,0,5,True,3.5785116043059455,0.4556553910620478,4,qUCB,0.5,0.18,0.22,0.04,0.04,0.0,0.0,0.0,0.0,0.0,0.0,0.0,0.0,0.0,0.02
7,1,5,0,False,5.878710434288658,0.4695465295153056,0,qEHVI,0.58,0.4,0.0,0.0,0.02,0.0,0.0,0.0,0.0,0.0,0.0,0.0,0.0,0.0,0.0
7,1,5,0,False,5.878710434288658,0.4695465295153056,1,qEHVI,0.54,0.0,0.4,0.0,0.02,0.0,0.0,0.0,0.0,0.0,0.0,0.0,0.0,0.04,0.0
7,1,5,0,False,5.878710434288658,0.4695465295153056,2,qEHVI,0.64,0.02,0.24,0.0,0.04,0.0,0.0,0.0,0.0,0.0,0.0,0.0,0.0,0.04,0.02
7,1,5,0,False,5.878710434288658,0.4695465295153056,3,qEHVI,0.56,0.02,0.34,0.0,0.02,0.0,0.0,0.0,0.0,0.0,0.0,0.02,0.0,0.04,0.0
7,1,5,0,False,5.878710434288658,0.4695465295153056,4,qEHVI,0.6,0.02,0.28,0.0,0.04,0.0,0.0,0.0,0.0,0.0,0.0,0.02,0.0,0.04,0.0
7,2,4,1,False,5.55010917132304,0.7840971983872664,0,qEHVI,0.58,0.4,0.0,0.0,0.02,0.0,0.0,0.0,0.0,0.0,0.0,0.0,0.0,0.0,0.0
7,2,4,1,False,5.55010917132304,0.7840971983872664,1,qEHVI,0.54,0.0,0.4,0.0,0.02,0.0,0.0,0.0,0.0,0.0,0.0,0.0,0.0,0.04,0.0
7,2,4,1,False,5.55010917132304,0.7840971983872664,2,qEHVI,0.64,0.02,0.24,0.0,0.04,0.0,0.0,0.0,0.0,0.0,0.0,0.0,0.0,0.04,0.02
7,2,4,1,False,5.55010917132304,0.7840971983872664,3,qEHVI,0.56,0.02,0.34,0.0,0.02,0.0,0.0,0.0,0.0,0.0,0.0,0.02,0.0,0.04,0.0
7,2,4,1,False,5.55010917132304,0.7840971983872664,4,qUCB,0.52,0.0,0.38,0.04,0.0,0.0,0.0,0.0,0.0,0.0,0.0,0.02,0.0,0.0,0.04
7,3,3,2,False,4.904996279331389,0.4567086812253658,0,qEHVI,0.58,0.4,0.0,0.0,0.02,0.0,0.0,0.0,0.0,0.0,0.0,0.0,0.0,0.0,0.0
7,3,3,2,False,4.904996279331389,0.4567086812253658,1,qEHVI,0.54,0.0,0.4,0.0,0.02,0.0,0.0,0.0,0.0,0.0,0.0,0.0,0.0,0.04,0.0
7,3,3,2,False,4.904996279331389,0.4567086812253658,2,qEHVI,0.64,0.02,0.24,0.0,0.04,0.0,0.0,0.0,0.0,0.0,0.0,0.0,0.0,0.04,0.02
7,3,3,2,False,4.904996279331389,0.4567086812253658,3,qUCB,0.52,0.0,0.38,0.04,0.0,0.0,0.0,0.0,0.0,0.0,0.0,0.02,0.0,0.0,0.04
7,3,3,2,False,4.904996279331389,0.4567086812253658,4,qUCB,0.04,0.68,0.18,0.0,0.0,0.0,0.0,0.0,0.04,0.0,0.0,0.02,0.0,0.0,0.04
7,4,2,3,False,3.923997257982309,0.5287136951639733,0,qEHVI,0.58,0.4,0.0,0.0,0.02,0.0,0.0,0.0,0.0,0.0,0.0,0.0,0.0,0.0,0.0
7,4,2,3,False,3.923997257982309,0.5287136951639733,1,qEHVI,0.54,0.0,0.4,0.0,0.02,0.0,0.0,0.0,0.0,0.0,0.0,0.0,0.0,0.04,0.0
7,4,2,3,False,3.923997257982309,0.5287136951639733,2,qUCB,0.52,0.0,0.38,0.04,0.0,0.0,0.0,0.0,0.0,0.0,0.0,0.02,0.0,0.0,0.04
7,4,2,3,False,3.923997257982309,0.5287136951639733,3,qUCB,0.04,0.68,0.18,0.0,0.0,0.0,0.0,0.0,0.04,0.0,0.0,0.02,0.0,0.0,0.04
7,4,2,3,False,3.923997257982309,0.5287136951639733,4,qUCB,0.44,0.02,0.44,0.04,0.0,0.0,0.0,0.0,0.04,0.0,0.0,0.02,0.0,0.0,0.0
7,5,1,4,False,4.962159145270461,0.7084405520859978,0,qEHVI,0.58,0.4,0.0,0.0,0.02,0.0,0.0,0.0,0.0,0.0,0.0,0.0,0.0,0.0,0.0
7,5,1,4,False,4.962159145270461,0.7084405520859978,1,qUCB,0.52,0.06,0.32,0.0,0.0,0.0,0.0,0.0,0.0,0.0,0.0,0.02,0.0,0.04,0.04
7,5,1,4,False,4.962159145270461,0.7084405520859978,2,qUCB,0.42,0.0,0.48,0.0,0.0,0.0,0.0,0.0,0.0,0.0,0.0,0.02,0.0,0.04,0.04
7,5,1,4,False,4.962159145270461,0.7084405520859978,3,qUCB,0.62,0.04,0.24,0.02,0.0,0.0,0.0,0.0,0.0,0.0,0.0,0.04,0.0,0.04,0.0
7,5,1,4,False,4.962159145270461,0.7084405520859978,4,qUCB,0.52,0.02,0.36,0.04,0.02,0.0,0.0,0.0,0.0,0.0,0.0,0.0,0.0,0.04,0.0
7,6,0,5,True,4.889943140213781,0.3057883889430544,0,qUCB,0.6,0.02,0.28,0.0,0.04,0.0,0.0,0.0,0.0,0.0,0.0,0.02,0.0,0.04,0.0
7,6,0,5,True,4.889943140213781,0.3057883889430544,1,qUCB,0.58,0.4,0.0,0.0,0.02,0.0,0.0,0.0,0.0,0.0,0.0,0.0,0.0,0.0,0.0
7,6,0,5,True,4.889943140213781,0.3057883889430544,2,qUCB,0.52,0.02,0.36,0.04,0.02,0.0,0.0,0.0,0.0,0.0,0.0,0.0,0.0,0.04,0.0
7,6,0,5,True,4.889943140213781,0.3057883889430544,3,qUCB,0.54,0.0,0.4,0.0,0.02,0.0,0.0,0.0,0.0,0.0,0.0,0.0,0.0,0.04,0.0
7,6,0,5,True,4.889943140213781,0.3057883889430544,4,qUCB,0.0,0.7000000000000001,0.24,0.0,0.0,0.0,0.0,0.0,0.04,0.0,0.0,0.02,0.0,0.0,0.0
8,1,5,0,False,7.798634931112836,0.7115737939972586,0,qEHVI,0.34,0.34,0.26,0.0,0.0,0.0,0.0,0.0,0.02,0.0,0.0,0.04,0.0,0.0,0.0
8,1,5,0,False,7.798634931112836,0.7115737939972586,1,qEHVI,0.54,0.02,0.4,0.04,0.0,0.0,0.0,0.0,0.0,0.0,0.0,0.0,0.0,0.0,0.0
8,1,5,0,False,7.798634931112836,0.7115737939972586,2,qEHVI,0.12,0.54,0.28,0.0,0.0,0.0,0.0,0.0,0.0,0.0,0.0,0.04,0.0,0.02,0.0
8,1,5,0,False,7.798634931112836,0.7115737939972586,3,qEHVI,0.64,0.02,0.32,0.0,0.0,0.0,0.0,0.0,0.0,0.0,0.0,0.0,0.0,0.02,0.0
8,1,5,0,False,7.798634931112836,0.7115737939972586,4,qEHVI,0.24,0.3,0.36,0.0,0.0,0.0,0.0,0.0,0.02,0.0,0.0,0.04,0.0,0.04,0.0
8,2,4,1,False,7.269136490303605,0.24900715472279433,0,qEHVI,0.34,0.34,0.26,0.0,0.0,0.0,0.0,0.0,0.02,0.0,0.0,0.04,0.0,0.0,0.0
8,2,4,1,False,7.269136490303605,0.24900715472279433,1,qEHVI,0.54,0.02,0.4,0.04,0.0,0.0,0.0,0.0,0.0,0.0,0.0,0.0,0.0,0.0,0.0
8,2,4,1,False,7.269136490303605,0.24900715472279433,2,qEHVI,0.12,0.54,0.28,0.0,0.0,0.0,0.0,0.0,0.0,0.0,0.0,0.04,0.0,0.02,0.0
8,2,4,1,False,7.269136490303605,0.24900715472279433,3,qEHVI,0.64,0.02,0.32,0.0,0.0,0.0,0.0,0.0,0.0,0.0,0.0,0.0,0.0,0.02,0.0
8,2,4,1,False,7.269136490303605,0.24900715472279433,4,qUCB,0.7000000000000001,0.2,0.0,0.02,0.04,0.0,0.0,0.0,0.0,0.0,0.0,0.0,0.0,0.0,0.04
8,3,3,2,False,6.985655858905986,1.0315972795810264,0,qEHVI,0.34,0.34,0.26,0.0,0.0,0.0,0.0,0.0,0.02,0.0,0.0,0.04,0.0,0.0,0.0
8,3,3,2,False,6.985655858905986,1.0315972795810264,1,qEHVI,0.54,0.02,0.4,0.04,0.0,0.0,0.0,0.0,0.0,0.0,0.0,0.0,0.0,0.0,0.0
8,3,3,2,False,6.985655858905986,1.0315972795810264,2,qEHVI,0.14,0.52,0.24,0.0,0.0,0.0,0.0,0.0,0.0,0.0,0.0,0.04,0.0,0.02,0.04
8,3,3,2,False,6.985655858905986,1.0315972795810264,3,qUCB,0.78,0.1,0.04,0.0,0.04,0.0,0.0,0.0,0.0,0.0,0.0,0.0,0.0,0.0,0.04
8,3,3,2,False,6.985655858905986,1.0315972795810264,4,qUCB,0.0,0.56,0.34,0.0,0.04,0.0,0.0,0.0,0.0,0.0,0.0,0.04,0.0,0.0,0.02
8,4,2,3,False,6.098406794263471,0.6384623742288262,0,qEHVI,0.34,0.34,0.26,0.0,0.0,0.0,0.0,0.0,0.02,0.0,0.0,0.04,0.0,0.0,0.0
8,4,2,3,False,6.098406794263471,0.6384623742288262,1,qEHVI,0.54,0.02,0.4,0.04,0.0,0.0,0.0,0.0,0.0,0.0,0.0,0.0,0.0,0.0,0.0
8,4,2,3,False,6.098406794263471,0.6384623742288262,2,qUCB,0.62,0.24,0.04,0.0,0.02,0.0,0.0,0.0,0.0,0.0,0.0,0.0,0.0,0.04,0.04
8,4,2,3,False,6.098406794263471,0.6384623742288262,3,qUCB,0.0,0.56,0.34,0.0,0.04,0.0,0.0,0.0,0.0,0.0,0.0,0.04,0.0,0.0,0.02
8,4,2,3,False,6.098406794263471,0.6384623742288262,4,qUCB,0.02,0.02,0.86,0.04,0.0,0.0,0.0,0.0,0.0,0.0,0.0,0.04,0.0,0.0,0.02
8,5,1,4,False,5.029174595498472,0.4417108514595167,0,qEHVI,0.34,0.34,0.26,0.0,0.0,0.0,0.0,0.0,0.02,0.0,0.0,0.04,0.0,0.0,0.0
8,5,1,4,False,5.029174595498472,0.4417108514595167,1,qUCB,0.7000000000000001,0.2,0.0,0.02,0.04,0.0,0.0,0.0,0.0,0.0,0.0,0.0,0.0,0.0,0.04
8,5,1,4,False,5.029174595498472,0.4417108514595167,2,qUCB,0.4,0.0,0.5,0.04,0.0,0.0,0.0,0.0,0.0,0.0,0.0,0.0,0.0,0.02,0.04
8,5,1,4,False,5.029174595498472,0.4417108514595167,3,qUCB,0.0,0.56,0.34,0.0,0.04,0.0,0.0,0.0,0.0,0.0,0.0,0.04,0.0,0.0,0.02
8,5,1,4,False,5.029174595498472,0.4417108514595167,4,qUCB,0.02,0.02,0.86,0.04,0.0,0.0,0.0,0.0,0.0,0.0,0.0,0.04,0.0,0.0,0.02
8,6,0,5,True,5.336400433483786,0.30835310679660033,0,qUCB,0.22,0.42,0.28,0.0,0.0,0.0,0.0,0.0,0.04,0.0,0.0,0.04,0.0,0.0,0.0
8,6,0,5,True,5.336400433483786,0.30835310679660033,1,qUCB,0.0,0.56,0.34,0.0,0.04,0.0,0.0,0.0,0.0,0.0,0.0,0.04,0.0,0.0,0.02
8,6,0,5,True,5.336400433483786,0.30835310679660033,2,qUCB,0.0,0.72,0.18,0.0,0.0,0.0,0.0,0.0,0.0,0.0,0.0,0.04,0.0,0.02,0.04
8,6,0,5,True,5.336400433483786,0.30835310679660033,3,qUCB,0.32,0.26,0.32,0.02,0.04,0.0,0.0,0.0,0.0,0.0,0.0,0.04,0.0,0.0,0.0
8,6,0,5,True,5.336400433483786,0.30835310679660033,4,qUCB,0.12,0.52,0.26,0.04,0.02,0.0,0.0,0.0,0.0,0.0,0.0,0.04,0.0,0.0,0.0
9,1,5,0,False,3.471581122223637,0.4885378015936461,0,qEHVI,0.58,0.04,0.28,0.02,0.04,0.0,0.0,0.0,0.0,0.0,0.0,0.04,0.0,0.0,0.0
9,1,5,0,False,3.471581122223637,0.4885378015936461,1,qEHVI,0.52,0.06,0.34,0.02,0.0,0.0,0.0,0.0,0.0,0.0,0.0,0.02,0.0,0.0,0.04
9,1,5,0,False,3.471581122223637,0.4885378015936461,2,qEHVI,0.48,0.02,0.44,0.02,0.02,0.0,0.0,0.0,0.0,0.0,0.0,0.02,0.0,0.0,0.0
9,1,5,0,False,3.471581122223637,0.4885378015936461,3,qEHVI,0.48,0.2,0.24,0.04,0.0,0.0,0.0,0.0,0.0,0.0,0.0,0.04,0.0,0.0,0.0
9,1,5,0,False,3.471581122223637,0.4885378015936461,4,qEHVI,0.64,0.26,0.0,0.0,0.0,0.0,0.0,0.0,0.0,0.0,0.0,0.04,0.0,0.02,0.04
9,2,4,1,False,3.215580758377343,0.541002072827476,0,qEHVI,0.58,0.04,0.28,0.02,0.04,0.0,0.0,0.0,0.0,0.0,0.0,0.04,0.0,0.0,0.0
9,2,4,1,False,3.215580758377343,0.541002072827476,1,qEHVI,0.52,0.06,0.34,0.02,0.0,0.0,0.0,0.0,0.0,0.0,0.0,0.02,0.0,0.0,0.04
9,2,4,1,False,3.215580758377343,0.541002072827476,2,qEHVI,0.48,0.02,0.44,0.02,0.02,0.0,0.0,0.0,0.0,0.0,0.0,0.02,0.0,0.0,0.0
9,2,4,1,False,3.215580758377343,0.541002072827476,3,qEHVI,0.48,0.2,0.24,0.04,0.0,0.0,0.0,0.0,0.0,0.0,0.0,0.04,0.0,0.0,0.0
9,2,4,1,False,3.215580758377343,0.541002072827476,4,qUCB,0.44,0.12,0.36,0.0,0.0,0.0,0.0,0.0,0.04,0.0,0.0,0.0,0.0,0.04,0.0
9,3,3,2,False,2.6749586053050387,0.585281448595673,0,qEHVI,0.58,0.04,0.28,0.02,0.04,0.0,0.0,0.0,0.0,0.0,0.0,0.04,0.0,0.0,0.0
9,3,3,2,False,2.6749586053050387,0.585281448595673,1,qEHVI,0.52,0.06,0.34,0.02,0.0,0.0,0.0,0.0,0.0,0.0,0.0,0.02,0.0,0.0,0.04
9,3,3,2,False,2.6749586053050387,0.585281448595673,2,qEHVI,0.48,0.02,0.44,0.02,0.02,0.0,0.0,0.0,0.0,0.0,0.0,0.02,0.0,0.0,0.0
9,3,3,2,False,2.6749586053050387,0.585281448595673,3,qUCB,0.44,0.12,0.36,0.0,0.0,0.0,0.0,0.0,0.04,0.0,0.0,0.0,0.0,0.04,0.0
9,3,3,2,False,2.6749586053050387,0.585281448595673,4,qUCB,0.08,0.84,0.0,0.0,0.0,0.0,0.0,0.0,0.04,0.0,0.0,0.04,0.0,0.0,0.0
9,4,2,3,False,2.1518947364711365,0.269752056335991,0,qEHVI,0.58,0.04,0.28,0.02,0.04,0.0,0.0,0.0,0.0,0.0,0.0,0.04,0.0,0.0,0.0
9,4,2,3,False,2.1518947364711365,0.269752056335991,1,qEHVI,0.52,0.06,0.34,0.02,0.0,0.0,0.0,0.0,0.0,0.0,0.0,0.02,0.0,0.0,0.04
9,4,2,3,False,2.1518947364711365,0.269752056335991,2,qUCB,0.44,0.12,0.36,0.0,0.0,0.0,0.0,0.0,0.04,0.0,0.0,0.0,0.0,0.04,0.0
9,4,2,3,False,2.1518947364711365,0.269752056335991,3,qUCB,0.08,0.84,0.0,0.0,0.0,0.0,0.0,0.0,0.04,0.0,0.0,0.04,0.0,0.0,0.0
9,4,2,3,False,2.1518947364711365,0.269752056335991,4,qUCB,0.36,0.4,0.16,0.0,0.0,0.0,0.0,0.0,0.04,0.0,0.0,0.0,0.0,0.04,0.0
9,5,1,4,False,2.1503037614901834,0.4519943205789513,0,qEHVI,0.58,0.04,0.28,0.02,0.04,0.0,0.0,0.0,0.0,0.0,0.0,0.04,0.0,0.0,0.0
9,5,1,4,False,2.1503037614901834,0.4519943205789513,1,qUCB,0.5,0.1,0.32,0.0,0.0,0.0,0.0,0.0,0.0,0.0,0.0,0.0,0.0,0.04,0.04
9,5,1,4,False,2.1503037614901834,0.4519943205789513,2,qUCB,0.44,0.36,0.12,0.0,0.0,0.0,0.0,0.0,0.0,0.0,0.0,0.0,0.0,0.04,0.04
9,5,1,4,False,2.1503037614901834,0.4519943205789513,3,qUCB,0.5,0.42,0.0,0.0,0.0,0.0,0.0,0.0,0.0,0.0,0.0,0.0,0.0,0.04,0.04
9,5,1,4,False,2.1503037614901834,0.4519943205789513,4,qUCB,0.62,0.2,0.08,0.0,0.0,0.0,0.0,0.0,0.02,0.0,0.0,0.0,0.0,0.04,0.04
9,6,0,5,True,2.020152064963727,0.12451091837196876,0,qUCB,0.58,0.0,0.34,0.02,0.0,0.0,0.0,0.0,0.0,0.0,0.0,0.04,0.0,0.02,0.0
9,6,0,5,True,2.020152064963727,0.12451091837196876,1,qUCB,0.52,0.0,0.38,0.0,0.02,0.0,0.0,0.0,0.0,0.0,0.0,0.04,0.0,0.0,0.04
9,6,0,5,True,2.020152064963727,0.12451091837196876,2,qUCB,0.56,0.02,0.32,0.04,0.0,0.0,0.0,0.0,0.02,0.0,0.0,0.04,0.0,0.0,0.0
9,6,0,5,True,2.020152064963727,0.12451091837196876,3,qUCB,0.52,0.36,0.02,0.0,0.0,0.0,0.0,0.0,0.0,0.0,0.0,0.04,0.0,0.02,0.04
9,6,0,5,True,2.020152064963727,0.12451091837196876,4,qUCB,0.46,0.02,0.42,0.02,0.0,0.0,0.0,0.0,0.0,0.0,0.0,0.04,0.0,0.0,0.04
10,1,5,0,False,2.855731581286009,0.5240198824017579,0,qEHVI,0.5,0.1,0.32,0.0,0.0,0.0,0.0,0.0,0.0,0.0,0.0,0.04,0.0,0.0,0.04
10,1,5,0,False,2.855731581286009,0.5240198824017579,1,qEHVI,0.5,0.0,0.42,0.04,0.0,0.0,0.0,0.0,0.0,0.0,0.0,0.04,0.0,0.0,0.0
10,1,5,0,False,2.855731581286009,0.5240198824017579,2,qEHVI,0.6,0.04,0.26,0.02,0.02,0.0,0.0,0.0,0.0,0.0,0.0,0.04,0.0,0.0,0.02
10,1,5,0,False,2.855731581286009,0.5240198824017579,3,qEHVI,0.54,0.0,0.4,0.0,0.02,0.0,0.0,0.0,0.0,0.0,0.0,0.04,0.0,0.0,0.0
10,1,5,0,False,2.855731581286009,0.5240198824017579,4,qEHVI,0.5,0.06,0.34,0.02,0.0,0.0,0.0,0.0,0.0,0.0,0.0,0.02,0.0,0.02,0.04
10,2,4,1,False,2.654919786788341,0.338442963841628,0,qEHVI,0.5,0.1,0.32,0.0,0.0,0.0,0.0,0.0,0.0,0.0,0.0,0.04,0.0,0.0,0.04
10,2,4,1,False,2.654919786788341,0.338442963841628,1,qEHVI,0.5,0.0,0.42,0.04,0.0,0.0,0.0,0.0,0.0,0.0,0.0,0.04,0.0,0.0,0.0
10,2,4,1,False,2.654919786788341,0.338442963841628,2,qEHVI,0.6,0.04,0.26,0.02,0.02,0.0,0.0,0.0,0.0,0.0,0.0,0.04,0.0,0.0,0.02
10,2,4,1,False,2.654919786788341,0.338442963841628,3,qEHVI,0.54,0.0,0.4,0.0,0.02,0.0,0.0,0.0,0.0,0.0,0.0,0.04,0.0,0.0,0.0
10,2,4,1,False,2.654919786788341,0.338442963841628,4,qUCB,0.58,0.26,0.08,0.0,0.0,0.0,0.0,0.0,0.04,0.0,0.0,0.0,0.0,0.04,0.0
10,3,3,2,False,2.2256294035849185,1.11907531376507,0,qEHVI,0.5,0.1,0.32,0.0,0.0,0.0,0.0,0.0,0.0,0.0,0.0,0.04,0.0,0.0,0.04
10,3,3,2,False,2.2256294035849185,1.11907531376507,1,qEHVI,0.5,0.0,0.42,0.04,0.0,0.0,0.0,0.0,0.0,0.0,0.0,0.04,0.0,0.0,0.0
10,3,3,2,False,2.2256294035849185,1.11907531376507,2,qEHVI,0.6,0.04,0.26,0.02,0.02,0.0,0.0,0.0,0.0,0.0,0.0,0.04,0.0,0.0,0.02
10,3,3,2,False,2.2256294035849185,1.11907531376507,3,qUCB,0.44,0.06,0.42,0.0,0.0,0.0,0.0,0.0,0.04,0.0,0.0,0.0,0.0,0.04,0.0
10,3,3,2,False,2.2256294035849185,1.11907531376507,4,qUCB,0.42,0.36,0.14,0.0,0.0,0.0,0.0,0.0,0.04,0.0,0.0,0.0,0.0,0.04,0.0
10,4,2,3,False,1.900130315783047,0.4297475464553062,0,qEHVI,0.5,0.1,0.32,0.0,0.0,0.0,0.0,0.0,0.0,0.0,0.0,0.04,0.0,0.0,0.04
10,4,2,3,False,1.900130315783047,0.4297475464553062,1,qEHVI,0.5,0.0,0.42,0.04,0.0,0.0,0.0,0.0,0.0,0.0,0.0,0.04,0.0,0.0,0.0
10,4,2,3,False,1.900130315783047,0.4297475464553062,2,qUCB,0.54,0.0,0.36,0.0,0.04,0.0,0.0,0.0,0.02,0.0,0.0,0.0,0.0,0.04,0.0
10,4,2,3,False,1.900130315783047,0.4297475464553062,3,qUCB,0.42,0.34,0.14,0.0,0.04,0.0,0.0,0.0,0.02,0.0,0.0,0.0,0.0,0.04,0.0
10,4,2,3,False,1.900130315783047,0.4297475464553062,4,qUCB,0.02,0.14,0.74,0.0,0.02,0.0,0.0,0.0,0.04,0.0,0.0,0.0,0.0,0.04,0.0
10,5,1,4,False,1.3315415817206837,0.3850716780954848,0,qEHVI,0.5,0.1,0.32,0.0,0.0,0.0,0.0,0.0,0.0,0.0,0.0,0.04,0.0,0.0,0.04
10,5,1,4,False,1.3315415817206837,0.3850716780954848,1,qUCB,0.54,0.0,0.36,0.0,0.04,0.0,0.0,0.0,0.02,0.0,0.0,0.0,0.0,0.04,0.0
10,5,1,4,False,1.3315415817206837,0.3850716780954848,2,qUCB,0.42,0.34,0.14,0.0,0.04,0.0,0.0,0.0,0.02,0.0,0.0,0.0,0.0,0.04,0.0
10,5,1,4,False,1.3315415817206837,0.3850716780954848,3,qUCB,0.02,0.14,0.74,0.0,0.02,0.0,0.0,0.0,0.04,0.0,0.0,0.0,0.0,0.04,0.0
10,5,1,4,False,1.3315415817206837,0.3850716780954848,4,qUCB,0.46,0.0,0.44,0.02,0.0,0.0,0.0,0.0,0.04,0.0,0.0,0.0,0.0,0.04,0.0
10,6,0,5,True,1.4285126715062104,0.3101105532387791,0,qUCB,0.54,0.0,0.4,0.0,0.02,0.0,0.0,0.0,0.0,0.0,0.0,0.04,0.0,0.0,0.0
10,6,0,5,True,1.4285126715062104,0.3101105532387791,1,qUCB,0.5,0.34,0.08,0.0,0.0,0.0,0.0,0.0,0.0,0.0,0.0,0.04,0.0,0.0,0.04
10,6,0,5,True,1.4285126715062104,0.3101105532387791,2,qUCB,0.5,0.0,0.42,0.04,0.0,0.0,0.0,0.0,0.0,0.0,0.0,0.04,0.0,0.0,0.0
10,6,0,5,True,1.4285126715062104,0.3101105532387791,3,qUCB,0.52,0.3,0.1,0.0,0.0,0.0,0.0,0.0,0.0,0.0,0.0,0.0,0.0,0.04,0.04
10,6,0,5,True,1.4285126715062104,0.3101105532387791,4,qUCB,0.72,0.12,0.08,0.0,0.0,0.0,0.0,0.0,0.0,0.0,0.0,0.04,0.0,0.0,0.04
11,1,5,0,False,1.5777460451712626,0.209782725022718,0,qEHVI,0.6,0.02,0.3,0.02,0.0,0.0,0.0,0.0,0.0,0.0,0.0,0.04,0.0,0.0,0.02
11,1,5,0,False,1.5777460451712626,0.209782725022718,1,qEHVI,0.62,0.18,0.1,0.0,0.02,0.0,0.0,0.0,0.0,0.0,0.0,0.04,0.0,0.0,0.04
11,1,5,0,False,1.5777460451712626,0.209782725022718,2,qEHVI,0.5,0.02,0.38,0.04,0.0,0.0,0.0,0.0,0.0,0.0,0.0,0.04,0.0,0.02,0.0
11,1,5,0,False,1.5777460451712626,0.209782725022718,3,qEHVI,0.28,0.26,0.36,0.0,0.02,0.0,0.0,0.0,0.0,0.0,0.0,0.04,0.0,0.0,0.04
11,1,5,0,False,1.5777460451712626,0.209782725022718,4,qEHVI,0.56,0.02,0.34,0.0,0.0,0.0,0.0,0.0,0.0,0.0,0.0,0.04,0.0,0.0,0.04
11,2,4,1,False,1.4257404728466858,0.4911893701829122,0,qEHVI,0.6,0.02,0.3,0.02,0.0,0.0,0.0,0.0,0.0,0.0,0.0,0.04,0.0,0.0,0.02
11,2,4,1,False,1.4257404728466858,0.4911893701829122,1,qEHVI,0.62,0.18,0.1,0.0,0.02,0.0,0.0,0.0,0.0,0.0,0.0,0.04,0.0,0.0,0.04
11,2,4,1,False,1.4257404728466858,0.4911893701829122,2,qEHVI,0.5,0.02,0.38,0.04,0.0,0.0,0.0,0.0,0.0,0.0,0.0,0.04,0.0,0.02,0.0
11,2,4,1,False,1.4257404728466858,0.4911893701829122,3,qEHVI,0.28,0.26,0.36,0.0,0.02,0.0,0.0,0.0,0.0,0.0,0.0,0.04,0.0,0.0,0.04
11,2,4,1,False,1.4257404728466858,0.4911893701829122,4,qUCB,0.52,0.32,0.06,0.0,0.02,0.0,0.0,0.0,0.04,0.0,0.0,0.0,0.0,0.04,0.0
11,3,3,2,False,1.213269723238938,0.5162609839430032,0,qEHVI,0.6,0.02,0.3,0.02,0.0,0.0,0.0,0.0,0.0,0.0,0.0,0.04,0.0,0.0,0.02
11,3,3,2,False,1.213269723238938,0.5162609839430032,1,qEHVI,0.62,0.18,0.1,0.0,0.02,0.0,0.0,0.0,0.0,0.0,0.0,0.04,0.0,0.0,0.04
11,3,3,2,False,1.213269723238938,0.5162609839430032,2,qEHVI,0.5,0.02,0.38,0.04,0.0,0.0,0.0,0.0,0.0,0.0,0.0,0.04,0.0,0.02,0.0
11,3,3,2,False,1.213269723238938,0.5162609839430032,3,qUCB,0.52,0.32,0.06,0.0,0.02,0.0,0.0,0.0,0.04,0.0,0.0,0.0,0.0,0.04,0.0
11,3,3,2,False,1.213269723238938,0.5162609839430032,4,qUCB,0.08,0.08,0.74,0.0,0.04,0.0,0.0,0.0,0.04,0.0,0.0,0.0,0.0,0.02,0.0
11,4,2,3,False,1.0007171348944637,0.5714770494823433,0,qEHVI,0.6,0.02,0.3,0.02,0.0,0.0,0.0,0.0,0.0,0.0,0.0,0.04,0.0,0.0,0.02
11,4,2,3,False,1.0007171348944637,0.5714770494823433,1,qEHVI,0.62,0.18,0.1,0.0,0.02,0.0,0.0,0.0,0.0,0.0,0.0,0.04,0.0,0.0,0.04
11,4,2,3,False,1.0007171348944637,0.5714770494823433,2,qUCB,0.46,0.38,0.06,0.0,0.02,0.0,0.0,0.0,0.04,0.0,0.0,0.0,0.0,0.04,0.0
11,4,2,3,False,1.0007171348944637,0.5714770494823433,3,qUCB,0.08,0.08,0.74,0.0,0.04,0.0,0.0,0.0,0.04,0.0,0.0,0.0,0.0,0.02,0.0
11,4,2,3,False,1.0007171348944637,0.5714770494823433,4,qUCB,0.44,0.0,0.46,0.0,0.02,0.0,0.0,0.0,0.04,0.0,0.0,0.0,0.0,0.04,0.0
11,5,1,4,False,0.6290950299996654,0.253320420062384,0,qEHVI,0.6,0.02,0.3,0.02,0.0,0.0,0.0,0.0,0.0,0.0,0.0,0.04,0.0,0.0,0.02
11,5,1,4,False,0.6290950299996654,0.253320420062384,1,qUCB,0.4,0.4,0.1,0.0,0.04,0.0,0.0,0.0,0.04,0.0,0.0,0.0,0.0,0.02,0.0
11,5,1,4,False,0.6290950299996654,0.253320420062384,2,qUCB,0.08,0.08,0.74,0.0,0.04,0.0,0.0,0.0,0.04,0.0,0.0,0.0,0.0,0.02,0.0
11,5,1,4,False,0.6290950299996654,0.253320420062384,3,qUCB,0.44,0.0,0.46,0.0,0.02,0.0,0.0,0.0,0.04,0.0,0.0,0.0,0.0,0.04,0.0
11,5,1,4,False,0.6290950299996654,0.253320420062384,4,qUCB,0.06,0.72,0.12,0.0,0.04,0.0,0.0,0.0,0.02,0.0,0.0,0.0,0.0,0.04,0.0
11,6,0,5,True,0.9200972265392409,0.23683419922130433,0,qUCB,0.56,0.24,0.1,0.0,0.0,0.0,0.0,0.0,0.02,0.0,0.0,0.04,0.0,0.0,0.04
11,6,0,5,True,0.9200972265392409,0.23683419922130433,1,qUCB,0.52,0.0,0.42,0.0,0.0,0.0,0.0,0.0,0.0,0.0,0.0,0.04,0.0,0.02,0.0
11,6,0,5,True,0.9200972265392409,0.23683419922130433,2,qUCB,0.02,0.24,0.72,0.0,0.0,0.0,0.0,0.0,0.02,0.0,0.0,0.0,0.0,0.0,0.0
11,6,0,5,True,0.9200972265392409,0.23683419922130433,3,qUCB,0.0,0.18,0.74,0.04,0.0,0.0,0.0,0.0,0.0,0.0,0.0,0.04,0.0,0.0,0.0
11,6,0,5,True,0.9200972265392409,0.23683419922130433,4,qUCB,0.76,0.0,0.16,0.0,0.0,0.0,0.0,0.0,0.0,0.0,0.0,0.04,0.0,0.0,0.04
12,1,5,0,False,1.4993516877645263,0.48028988290399877,0,qEHVI,0.54,0.28,0.1,0.0,0.0,0.0,0.0,0.0,0.0,0.0,0.0,0.04,0.0,0.0,0.04
12,1,5,0,False,1.4993516877645263,0.48028988290399877,1,qEHVI,0.52,0.06,0.32,0.0,0.02,0.0,0.0,0.0,0.0,0.0,0.0,0.04,0.0,0.0,0.04
12,1,5,0,False,1.4993516877645263,0.48028988290399877,2,qEHVI,0.5,0.0,0.4,0.04,0.02,0.0,0.0,0.0,0.0,0.0,0.0,0.02,0.0,0.02,0.0
12,1,5,0,False,1.4993516877645263,0.48028988290399877,3,qEHVI,0.58,0.0,0.34,0.02,0.0,0.0,0.0,0.0,0.0,0.0,0.0,0.02,0.0,0.0,0.04
12,1,5,0,False,1.4993516877645263,0.48028988290399877,4,qEHVI,0.22,0.3,0.38,0.0,0.02,0.0,0.0,0.0,0.0,0.0,0.0,0.04,0.0,0.0,0.04
12,2,4,1,False,1.3414527109820762,0.24500985631920713,0,qEHVI,0.54,0.28,0.1,0.0,0.0,0.0,0.0,0.0,0.0,0.0,0.0,0.04,0.0,0.0,0.04
12,2,4,1,False,1.3414527109820762,0.24500985631920713,1,qEHVI,0.52,0.06,0.32,0.0,0.02,0.0,0.0,0.0,0.0,0.0,0.0,0.04,0.0,0.0,0.04
12,2,4,1,False,1.3414527109820762,0.24500985631920713,2,qEHVI,0.5,0.0,0.4,0.04,0.02,0.0,0.0,0.0,0.0,0.0,0.0,0.02,0.0,0.02,0.0
12,2,4,1,False,1.3414527109820762,0.24500985631920713,3,qEHVI,0.58,0.0,0.34,0.02,0.0,0.0,0.0,0.0,0.0,0.0,0.0,0.02,0.0,0.0,0.04
12,2,4,1,False,1.3414527109820762,0.24500985631920713,4,qUCB,0.48,0.36,0.06,0.0,0.0,0.0,0.0,0.0,0.04,0.0,0.0,0.02,0.0,0.04,0.0
12,3,3,2,False,1.2532996829658987,0.24411624034597157,0,qEHVI,0.54,0.28,0.1,0.0,0.0,0.0,0.0,0.0,0.0,0.0,0.0,0.04,0.0,0.0,0.04
12,3,3,2,False,1.2532996829658987,0.24411624034597157,1,qEHVI,0.52,0.06,0.32,0.0,0.02,0.0,0.0,0.0,0.0,0.0,0.0,0.04,0.0,0.0,0.04
12,3,3,2,False,1.2532996829658987,0.24411624034597157,2,qEHVI,0.5,0.0,0.4,0.04,0.02,0.0,0.0,0.0,0.0,0.0,0.0,0.02,0.0,0.02,0.0
12,3,3,2,False,1.2532996829658987,0.24411624034597157,3,qUCB,0.62,0.26,0.02,0.0,0.0,0.0,0.0,0.0,0.04,0.0,0.0,0.0,0.0,0.04,0.02
12,3,3,2,False,1.2532996829658987,0.24411624034597157,4,qUCB,0.52,0.0,0.38,0.0,0.0,0.0,0.0,0.0,0.02,0.0,0.0,0.0,0.0,0.04,0.04
12,4,2,3,False,0.9892009686260604,0.18008589531394925,0,qEHVI,0.54,0.28,0.1,0.0,0.0,0.0,0.0,0.0,0.0,0.0,0.0,0.04,0.0,0.0,0.04
12,4,2,3,False,0.9892009686260604,0.18008589531394925,1,qEHVI,0.52,0.06,0.32,0.0,0.02,0.0,0.0,0.0,0.0,0.0,0.0,0.04,0.0,0.0,0.04
12,4,2,3,False,0.9892009686260604,0.18008589531394925,2,qUCB,0.48,0.06,0.36,0.02,0.0,0.0,0.0,0.0,0.04,0.0,0.0,0.0,0.0,0.04,0.0
12,4,2,3,False,0.9892009686260604,0.18008589531394925,3,qUCB,0.44,0.0,0.46,0.04,0.0,0.0,0.0,0.0,0.04,0.0,0.0,0.0,0.0,0.02,0.0
12,4,2,3,False,0.9892009686260604,0.18008589531394925,4,qUCB,0.32,0.44,0.14,0.0,0.02,0.0,0.0,0.0,0.04,0.0,0.0,0.0,0.0,0.04,0.0
12,5,1,4,False,0.713044544344484,0.18991158059542063,0,qEHVI,0.54,0.28,0.1,0.0,0.0,0.0,0.0,0.0,0.0,0.0,0.0,0.04,0.0,0.0,0.04
12,5,1,4,False,0.713044544344484,0.18991158059542063,1,qUCB,0.5,0.02,0.38,0.0,0.02,0.0,0.0,0.0,0.04,0.0,0.0,0.0,0.0,0.04,0.0
12,5,1,4,False,0.713044544344484,0.18991158059542063,2,qUCB,0.52,0.0,0.38,0.04,0.04,0.0,0.0,0.0,0.0,0.0,0.0,0.0,0.0,0.02,0.0
12,5,1,4,False,0.713044544344484,0.18991158059542063,3,qUCB,0.08,0.0,0.8200000000000001,0.04,0.02,0.0,0.0,0.0,0.04,0.0,0.0,0.0,0.0,0.0,0.0
12,5,1,4,False,0.713044544344484,0.18991158059542063,4,qUCB,0.44,0.0,0.46,0.04,0.0,0.0,0.0,0.0,0.04,0.0,0.0,0.0,0.0,0.02,0.0
12,6,0,5,True,1.2341215559508718,0.32850857493315555,0,qUCB,0.54,0.28,0.1,0.0,0.0,0.0,0.0,0.0,0.0,0.0,0.0,0.04,0.0,0.0,0.04
12,6,0,5,True,1.2341215559508718,0.32850857493315555,1,qUCB,0.54,0.0,0.36,0.04,0.0,0.0,0.0,0.0,0.0,0.0,0.0,0.04,0.0,0.0,0.02
12,6,0,5,True,1.2341215559508718,0.32850857493315555,2,qUCB,0.58,0.0,0.34,0.02,0.0,0.0,0.0,0.0,0.0,0.0,0.0,0.02,0.0,0.0,0.04
12,6,0,5,True,1.2341215559508718,0.32850857493315555,3,qUCB,0.54,0.24,0.14,0.0,0.0,0.0,0.0,0.0,0.0,0.0,0.0,0.04,0.0,0.04,0.0
12,6,0,5,True,1.2341215559508718,0.32850857493315555,4,qUCB,0.48,0.34,0.08,0.04,0.0,0.0,0.0,0.0,0.0,0.0,0.0,0.04,0.0,0.0,0.02
13,1,5,0,False,1.1480831979236419,0.19574845471154134,0,qEHVI,0.5,0.0,0.4,0.02,0.0,0.0,0.0,0.0,0.0,0.0,0.0,0.04,0.0,0.02,0.02
13,1,5,0,False,1.1480831979236419,0.19574845471154134,1,qEHVI,0.58,0.24,0.08,0.0,0.0,0.0,0.0,0.0,0.02,0.0,0.0,0.04,0.0,0.0,0.04
13,1,5,0,False,1.1480831979236419,0.19574845471154134,2,qEHVI,0.52,0.06,0.32,0.02,0.0,0.0,0.0,0.0,0.0,0.0,0.0,0.04,0.0,0.0,0.04
13,1,5,0,False,1.1480831979236419,0.19574845471154134,3,qEHVI,0.3,0.22,0.38,0.0,0.0,0.0,0.0,0.0,0.0,0.0,0.0,0.04,0.0,0.02,0.04
13,1,5,0,False,1.1480831979236419,0.19574845471154134,4,qEHVI,0.42,0.18,0.3,0.0,0.0,0.0,0.0,0.0,0.02,0.0,0.0,0.04,0.0,0.0,0.04
13,2,4,1,False,1.0521358262611928,0.4879924631770871,0,qEHVI,0.5,0.0,0.4,0.02,0.0,0.0,0.0,0.0,0.0,0.0,0.0,0.04,0.0,0.02,0.02
13,2,4,1,False,1.0521358262611928,0.4879924631770871,1,qEHVI,0.58,0.24,0.08,0.0,0.0,0.0,0.0,0.0,0.02,0.0,0.0,0.04,0.0,0.0,0.04
13,2,4,1,False,1.0521358262611928,0.4879924631770871,2,qEHVI,0.52,0.06,0.32,0.02,0.0,0.0,0.0,0.0,0.0,0.0,0.0,0.04,0.0,0.0,0.04
13,2,4,1,False,1.0521358262611928,0.4879924631770871,3,qEHVI,0.3,0.22,0.38,0.0,0.0,0.0,0.0,0.0,0.0,0.0,0.0,0.04,0.0,0.02,0.04
13,2,4,1,False,1.0521358262611928,0.4879924631770871,4,qUCB,0.46,0.06,0.38,0.02,0.04,0.0,0.0,0.0,0.04,0.0,0.0,0.0,0.0,0.0,0.0
13,3,3,2,False,0.9127751255102512,0.4195473150104707,0,qEHVI,0.5,0.0,0.4,0.02,0.0,0.0,0.0,0.0,0.0,0.0,0.0,0.04,0.0,0.02,0.02
13,3,3,2,False,0.9127751255102512,0.4195473150104707,1,qEHVI,0.58,0.24,0.08,0.0,0.0,0.0,0.0,0.0,0.02,0.0,0.0,0.04,0.0,0.0,0.04
13,3,3,2,False,0.9127751255102512,0.4195473150104707,2,qEHVI,0.52,0.06,0.32,0.02,0.0,0.0,0.0,0.0,0.0,0.0,0.0,0.04,0.0,0.0,0.04
13,3,3,2,False,0.9127751255102512,0.4195473150104707,3,qUCB,0.46,0.06,0.38,0.02,0.04,0.0,0.0,0.0,0.04,0.0,0.0,0.0,0.0,0.0,0.0
13,3,3,2,False,0.9127751255102512,0.4195473150104707,4,qUCB,0.58,0.24,0.08,0.0,0.04,0.0,0.0,0.0,0.04,0.0,0.0,0.0,0.0,0.02,0.0
13,4,2,3,False,0.7002857482075354,0.30080078925810483,0,qEHVI,0.5,0.0,0.4,0.02,0.0,0.0,0.0,0.0,0.0,0.0,0.0,0.04,0.0,0.02,0.02
13,4,2,3,False,0.7002857482075354,0.30080078925810483,1,qEHVI,0.58,0.24,0.08,0.0,0.0,0.0,0.0,0.0,0.02,0.0,0.0,0.04,0.0,0.0,0.04
13,4,2,3,False,0.7002857482075354,0.30080078925810483,2,qUCB,0.46,0.06,0.38,0.02,0.04,0.0,0.0,0.0,0.04,0.0,0.0,0.0,0.0,0.0,0.0
13,4,2,3,False,0.7002857482075354,0.30080078925810483,3,qUCB,0.58,0.24,0.08,0.0,0.04,0.0,0.0,0.0,0.04,0.0,0.0,0.0,0.0,0.02,0.0
13,4,2,3,False,0.7002857482075354,0.30080078925810483,4,qUCB,0.34,0.48,0.08,0.0,0.04,0.0,0.0,0.0,0.04,0.0,0.0,0.0,0.0,0.02,0.0
13,5,1,4,False,0.5408436328446874,0.5243602393124462,0,qEHVI,0.5,0.0,0.4,0.02,0.0,0.0,0.0,0.0,0.0,0.0,0.0,0.04,0.0,0.02,0.02
13,5,1,4,False,0.5408436328446874,0.5243602393124462,1,qUCB,0.52,0.02,0.36,0.0,0.04,0.0,0.0,0.0,0.04,0.0,0.0,0.0,0.0,0.0,0.02
13,5,1,4,False,0.5408436328446874,0.5243602393124462,2,qUCB,0.56,0.24,0.1,0.0,0.04,0.0,0.0,0.0,0.04,0.0,0.0,0.0,0.0,0.0,0.02
13,5,1,4,False,0.5408436328446874,0.5243602393124462,3,qUCB,0.26,0.54,0.12,0.0,0.04,0.0,0.0,0.0,0.04,0.0,0.0,0.0,0.0,0.0,0.0
13,5,1,4,False,0.5408436328446874,0.5243602393124462,4,qUCB,0.34,0.16,0.42,0.0,0.04,0.0,0.0,0.0,0.04,0.0,0.0,0.0,0.0,0.0,0.0
13,6,0,5,True,0.7678908447955115,0.1035364441960116,0,qUCB,0.58,0.24,0.08,0.0,0.0,0.0,0.0,0.0,0.02,0.0,0.0,0.04,0.0,0.0,0.04
13,6,0,5,True,0.7678908447955115,0.1035364441960116,1,qUCB,0.48,0.02,0.4,0.0,0.0,0.0,0.0,0.0,0.02,0.0,0.0,0.04,0.0,0.0,0.04
13,6,0,5,True,0.7678908447955115,0.1035364441960116,2,qUCB,0.52,0.0,0.38,0.0,0.0,0.0,0.0,0.0,0.04,0.0,0.0,0.0,0.0,0.02,0.04
13,6,0,5,True,0.7678908447955115,0.1035364441960116,3,qUCB,0.54,0.36,0.0,0.0,0.0,0.0,0.0,0.0,0.0,0.0,0.0,0.04,0.0,0.02,0.04
13,6,0,5,True,0.7678908447955115,0.1035364441960116,4,qUCB,0.48,0.0,0.42,0.0,0.0,0.0,0.0,0.0,0.02,0.0,0.0,0.04,0.0,0.04,0.0
14,1,5,0,False,1.4319191156249944,0.5580639944206363,0,qEHVI,0.54,0.32,0.06,0.0,0.0,0.0,0.0,0.0,0.0,0.0,0.0,0.04,0.0,0.0,0.04
14,1,5,0,False,1.4319191156249944,0.5580639944206363,1,qEHVI,0.4,0.14,0.36,0.0,0.02,0.0,0.0,0.0,0.0,0.0,0.0,0.04,0.0,0.0,0.04
14,1,5,0,False,1.4319191156249944,0.5580639944206363,2,qEHVI,0.5,0.04,0.36,0.02,0.0,0.0,0.0,0.0,0.02,0.0,0.0,0.04,0.0,0.02,0.0
14,1,5,0,False,1.4319191156249944,0.5580639944206363,3,qEHVI,0.42,0.18,0.32,0.02,0.0,0.0,0.0,0.0,0.02,0.0,0.0,0.0,0.0,0.0,0.04
14,1,5,0,False,1.4319191156249944,0.5580639944206363,4,qEHVI,0.6,0.16,0.14,0.0,0.0,0.0,0.0,0.0,0.0,0.0,0.0,0.04,0.0,0.02,0.04
14,2,4,1,False,1.2857299164804874,0.1270190644600646,0,qEHVI,0.54,0.32,0.06,0.0,0.0,0.0,0.0,0.0,0.0,0.0,0.0,0.04,0.0,0.0,0.04
14,2,4,1,False,1.2857299164804874,0.1270190644600646,1,qEHVI,0.4,0.14,0.36,0.0,0.02,0.0,0.0,0.0,0.0,0.0,0.0,0.04,0.0,0.0,0.04
14,2,4,1,False,1.2857299164804874,0.1270190644600646,2,qEHVI,0.5,0.04,0.36,0.02,0.0,0.0,0.0,0.0,0.02,0.0,0.0,0.04,0.0,0.02,0.0
14,2,4,1,False,1.2857299164804874,0.1270190644600646,3,qEHVI,0.58,0.04,0.32,0.02,0.0,0.0,0.0,0.0,0.04,0.0,0.0,0.0,0.0,0.0,0.0
14,2,4,1,False,1.2857299164804874,0.1270190644600646,4,qUCB,0.56,0.0,0.38,0.0,0.04,0.0,0.0,0.0,0.0,0.0,0.0,0.0,0.0,0.02,0.0
14,3,3,2,True,1.2079750760105983,0.39569826137381825,0,qEHVI,0.54,0.32,0.06,0.0,0.0,0.0,0.0,0.0,0.0,0.0,0.0,0.04,0.0,0.0,0.04
14,3,3,2,True,1.2079750760105983,0.39569826137381825,1,qEHVI,0.4,0.14,0.36,0.0,0.02,0.0,0.0,0.0,0.0,0.0,0.0,0.04,0.0,0.0,0.04
14,3,3,2,True,1.2079750760105983,0.39569826137381825,2,qEHVI,0.5,0.04,0.36,0.02,0.0,0.0,0.0,0.0,0.02,0.0,0.0,0.04,0.0,0.02,0.0
14,3,3,2,True,1.2079750760105983,0.39569826137381825,3,qUCB,0.56,0.28,0.06,0.0,0.04,0.0,0.0,0.0,0.04,0.0,0.0,0.0,0.0,0.0,0.02
14,3,3,2,True,1.2079750760105983,0.39569826137381825,4,qUCB,0.0,0.76,0.14,0.04,0.04,0.0,0.0,0.0,0.02,0.0,0.0,0.0,0.0,0.0,0.0
14,4,2,3,False,1.0305731186204146,0.44394293699221254,0,qEHVI,0.54,0.32,0.06,0.0,0.0,0.0,0.0,0.0,0.0,0.0,0.0,0.04,0.0,0.0,0.04
14,4,2,3,False,1.0305731186204146,0.44394293699221254,1,qEHVI,0.4,0.14,0.36,0.0,0.02,0.0,0.0,0.0,0.0,0.0,0.0,0.04,0.0,0.0,0.04
14,4,2,3,False,1.0305731186204146,0.44394293699221254,2,qUCB,0.44,0.14,0.34,0.0,0.0,0.0,0.0,0.0,0.04,0.0,0.0,0.0,0.0,0.04,0.0
14,4,2,3,False,1.0305731186204146,0.44394293699221254,3,qUCB,0.02,0.76,0.12,0.04,0.0,0.0,0.0,0.0,0.02,0.0,0.0,0.0,0.0,0.04,0.0
14,4,2,3,False,1.0305731186204146,0.44394293699221254,4,qUCB,0.04,0.24,0.64,0.04,0.0,0.0,0.0,0.0,0.0,0.0,0.0,0.0,0.0,0.04,0.0
14,5,1,4,False,0.7812426290514044,0.1280289608105658,0,qEHVI,0.54,0.32,0.06,0.0,0.0,0.0,0.0,0.0,0.0,0.0,0.0,0.04,0.0,0.0,0.04
14,5,1,4,False,0.7812426290514044,0.1280289608105658,1,qUCB,0.48,0.08,0.34,0.02,0.04,0.0,0.0,0.0,0.0,0.0,0.0,0.0,0.0,0.04,0.0
14,5,1,4,False,0.7812426290514044,0.1280289608105658,2,qUCB,0.0,0.76,0.14,0.04,0.04,0.0,0.0,0.0,0.02,0.0,0.0,0.0,0.0,0.0,0.0
14,5,1,4,False,0.7812426290514044,0.1280289608105658,3,qUCB,0.04,0.24,0.64,0.04,0.0,0.0,0.0,0.0,0.0,0.0,0.0,0.0,0.0,0.04,0.0
14,5,1,4,False,0.7812426290514044,0.1280289608105658,4,qUCB,0.02,0.3,0.58,0.04,0.04,0.0,0.0,0.0,0.0,0.0,0.0,0.0,0.0,0.02,0.0
14,6,0,5,False,0.7580431066068376,0.13048146593352428,0,qUCB,0.68,0.14,0.08,0.0,0.0,0.0,0.0,0.0,0.02,0.0,0.0,0.04,0.0,0.0,0.04
14,6,0,5,False,0.7580431066068376,0.13048146593352428,1,qUCB,0.6,0.28,0.04,0.0,0.0,0.0,0.0,0.0,0.04,0.0,0.0,0.0,0.0,0.0,0.04
14,6,0,5,False,0.7580431066068376,0.13048146593352428,2,qUCB,0.0,0.28,0.62,0.04,0.04,0.0,0.0,0.0,0.0,0.0,0.0,0.0,0.0,0.0,0.02
14,6,0,5,False,0.7580431066068376,0.13048146593352428,3,qUCB,0.0,0.76,0.14,0.04,0.04,0.0,0.0,0.0,0.02,0.0,0.0,0.0,0.0,0.0,0.0
14,6,0,5,False,0.7580431066068376,0.13048146593352428,4,qUCB,0.02,0.24,0.64,0.0,0.04,0.0,0.0,0.0,0.0,0.0,0.0,0.0,0.0,0.02,0.04
15,1,5,0,False,3.5315750509269646,0.4408640452520247,0,qEHVI,0.62,0.22,0.06,0.02,0.0,0.0,0.0,0.0,0.0,0.0,0.0,0.04,0.0,0.0,0.04
15,1,5,0,False,3.5315750509269646,0.4408640452520247,1,qEHVI,0.48,0.12,0.3,0.0,0.0,0.0,0.0,0.0,0.0,0.0,0.0,0.04,0.0,0.02,0.04
15,1,5,0,False,3.5315750509269646,0.4408640452520247,2,qEHVI,0.7000000000000001,0.16,0.04,0.04,0.0,0.0,0.0,0.0,0.0,0.0,0.0,0.02,0.0,0.0,0.04
15,1,5,0,False,3.5315750509269646,0.4408640452520247,3,qEHVI,0.46,0.08,0.38,0.02,0.02,0.0,0.0,0.0,0.0,0.0,0.0,0.04,0.0,0.0,0.0
15,1,5,0,False,3.5315750509269646,0.4408640452520247,4,qEHVI,0.6,0.3,0.02,0.0,0.02,0.0,0.0,0.0,0.0,0.0,0.0,0.02,0.0,0.0,0.04
15,2,4,1,False,3.403764725246451,0.2563758771449747,0,qEHVI,0.62,0.22,0.06,0.02,0.0,0.0,0.0,0.0,0.0,0.0,0.0,0.04,0.0,0.0,0.04
15,2,4,1,False,3.403764725246451,0.2563758771449747,1,qEHVI,0.48,0.12,0.3,0.0,0.0,0.0,0.0,0.0,0.0,0.0,0.0,0.04,0.0,0.02,0.04
15,2,4,1,False,3.403764725246451,0.2563758771449747,2,qEHVI,0.7000000000000001,0.16,0.04,0.04,0.0,0.0,0.0,0.0,0.0,0.0,0.0,0.02,0.0,0.0,0.04
15,2,4,1,False,3.403764725246451,0.2563758771449747,3,qEHVI,0.46,0.08,0.38,0.02,0.02,0.0,0.0,0.0,0.0,0.0,0.0,0.04,0.0,0.0,0.0
15,2,4,1,False,3.403764725246451,0.2563758771449747,4,qUCB,0.4,0.12,0.4,0.0,0.0,0.0,0.0,0.0,0.04,0.0,0.0,0.0,0.0,0.04,0.0
15,3,3,2,True,3.0283898169629615,0.5341523138708175,0,qEHVI,0.62,0.22,0.06,0.02,0.0,0.0,0.0,0.0,0.0,0.0,0.0,0.04,0.0,0.0,0.04
15,3,3,2,True,3.0283898169629615,0.5341523138708175,1,qEHVI,0.48,0.12,0.3,0.0,0.0,0.0,0.0,0.0,0.0,0.0,0.0,0.04,0.0,0.02,0.04
15,3,3,2,True,3.0283898169629615,0.5341523138708175,2,qEHVI,0.7000000000000001,0.16,0.04,0.04,0.0,0.0,0.0,0.0,0.0,0.0,0.0,0.02,0.0,0.0,0.04
15,3,3,2,True,3.0283898169629615,0.5341523138708175,3,qUCB,0.42,0.04,0.44,0.0,0.04,0.0,0.0,0.0,0.04,0.0,0.0,0.0,0.0,0.02,0.0
15,3,3,2,True,3.0283898169629615,0.5341523138708175,4,qUCB,0.22,0.58,0.12,0.0,0.04,0.0,0.0,0.0,0.04,0.0,0.0,0.0,0.0,0.0,0.0
15,4,2,3,False,2.483068996161714,0.2508601614769068,0,qEHVI,0.62,0.22,0.06,0.02,0.0,0.0,0.0,0.0,0.0,0.0,0.0,0.04,0.0,0.0,0.04
15,4,2,3,False,2.483068996161714,0.2508601614769068,1,qEHVI,0.48,0.12,0.3,0.0,0.0,0.0,0.0,0.0,0.0,0.0,0.0,0.04,0.0,0.02,0.04
15,4,2,3,False,2.483068996161714,0.2508601614769068,2,qUCB,0.42,0.04,0.44,0.0,0.04,0.0,0.0,0.0,0.04,0.0,0.0,0.0,0.0,0.02,0.0
15,4,2,3,False,2.483068996161714,0.2508601614769068,3,qUCB,0.22,0.58,0.12,0.0,0.04,0.0,0.0,0.0,0.04,0.0,0.0,0.0,0.0,0.0,0.0
15,4,2,3,False,2.483068996161714,0.2508601614769068,4,qUCB,0.02,0.28,0.6,0.04,0.0,0.0,0.0,0.0,0.04,0.0,0.0,0.0,0.0,0.0,0.02
15,5,1,4,False,2.075820199554655,0.43278362347400723,0,qEHVI,0.62,0.22,0.06,0.02,0.0,0.0,0.0,0.0,0.0,0.0,0.0,0.04,0.0,0.0,0.04
15,5,1,4,False,2.075820199554655,0.43278362347400723,1,qUCB,0.42,0.04,0.44,0.0,0.04,0.0,0.0,0.0,0.04,0.0,0.0,0.0,0.0,0.02,0.0
15,5,1,4,False,2.075820199554655,0.43278362347400723,2,qUCB,0.32,0.18,0.4,0.0,0.04,0.0,0.0,0.0,0.02,0.0,0.0,0.0,0.0,0.04,0.0
15,5,1,4,False,2.075820199554655,0.43278362347400723,3,qUCB,0.14,0.0,0.76,0.0,0.04,0.0,0.0,0.0,0.02,0.0,0.0,0.0,0.0,0.04,0.0
15,5,1,4,False,2.075820199554655,0.43278362347400723,4,qUCB,0.02,0.28,0.62,0.0,0.04,0.0,0.0,0.0,0.04,0.0,0.0,0.0,0.0,0.0,0.0
15,6,0,5,False,2.3820732419189974,0.37811116905809783,0,qUCB,0.76,0.06,0.08,0.04,0.0,0.0,0.0,0.0,0.0,0.0,0.0,0.02,0.0,0.0,0.04
15,6,0,5,False,2.3820732419189974,0.37811116905809783,1,qUCB,0.66,0.2,0.04,0.02,0.0,0.0,0.0,0.0,0.0,0.0,0.0,0.0,0.0,0.04,0.04
15,6,0,5,False,2.3820732419189974,0.37811116905809783,2,qUCB,0.02,0.28,0.6,0.04,0.0,0.0,0.0,0.0,0.04,0.0,0.0,0.0,0.0,0.0,0.02
15,6,0,5,False,2.3820732419189974,0.37811116905809783,3,qUCB,0.32,0.18,0.42,0.0,0.04,0.0,0.0,0.0,0.04,0.0,0.0,0.0,0.0,0.0,0.0
15,6,0,5,False,2.3820732419189974,0.37811116905809783,4,qUCB,0.0,0.3,0.6,0.04,0.0,0.0,0.0,0.0,0.0,0.0,0.0,0.04,0.0,0.0,0.02
16,1,5,0,False,1.8050061402846183,0.554890724730456,0,qEHVI,0.34,0.16,0.4,0.0,0.04,0.0,0.0,0.0,0.0,0.0,0.0,0.04,0.0,0.02,0.0
16,1,5,0,False,1.8050061402846183,0.554890724730456,1,qEHVI,0.48,0.14,0.28,0.02,0.0,0.0,0.0,0.0,0.0,0.0,0.0,0.04,0.0,0.0,0.04
16,1,5,0,False,1.8050061402846183,0.554890724730456,2,qEHVI,0.48,0.08,0.4,0.02,0.02,0.0,0.0,0.0,0.0,0.0,0.0,0.0,0.0,0.0,0.0
16,1,5,0,False,1.8050061402846183,0.554890724730456,3,qEHVI,0.44,0.12,0.36,0.0,0.04,0.0,0.0,0.0,0.0,0.0,0.0,0.0,0.0,0.0,0.04
16,1,5,0,False,1.8050061402846183,0.554890724730456,4,qEHVI,0.28,0.24,0.4,0.0,0.0,0.0,0.0,0.0,0.0,0.0,0.0,0.04,0.0,0.0,0.04
16,2,4,1,False,1.7817768516054642,0.3800264876235129,0,qEHVI,0.34,0.16,0.4,0.0,0.04,0.0,0.0,0.0,0.0,0.0,0.0,0.04,0.0,0.02,0.0
16,2,4,1,False,1.7817768516054642,0.3800264876235129,1,qEHVI,0.48,0.14,0.28,0.02,0.0,0.0,0.0,0.0,0.0,0.0,0.0,0.04,0.0,0.0,0.04
16,2,4,1,False,1.7817768516054642,0.3800264876235129,2,qEHVI,0.48,0.02,0.42,0.02,0.02,0.0,0.0,0.0,0.0,0.0,0.0,0.0,0.0,0.02,0.02
16,2,4,1,False,1.7817768516054642,0.3800264876235129,3,qEHVI,0.44,0.12,0.36,0.0,0.04,0.0,0.0,0.0,0.0,0.0,0.0,0.0,0.0,0.0,0.04
16,2,4,1,False,1.7817768516054642,0.3800264876235129,4,qUCB,0.58,0.34,0.0,0.0,0.0,0.0,0.0,0.0,0.04,0.0,0.0,0.0,0.0,0.0,0.04
16,3,3,2,True,1.5694354271474442,0.6514126709539942,0,qEHVI,0.34,0.16,0.4,0.0,0.04,0.0,0.0,0.0,0.0,0.0,0.0,0.04,0.0,0.02,0.0
16,3,3,2,True,1.5694354271474442,0.6514126709539942,1,qEHVI,0.48,0.08,0.4,0.02,0.02,0.0,0.0,0.0,0.0,0.0,0.0,0.0,0.0,0.0,0.0
16,3,3,2,True,1.5694354271474442,0.6514126709539942,2,qEHVI,0.48,0.14,0.28,0.02,0.0,0.0,0.0,0.0,0.0,0.0,0.0,0.04,0.0,0.0,0.04
16,3,3,2,True,1.5694354271474442,0.6514126709539942,3,qUCB,0.4,0.08,0.42,0.0,0.0,0.0,0.0,0.0,0.02,0.0,0.0,0.0,0.0,0.04,0.04
16,3,3,2,True,1.5694354271474442,0.6514126709539942,4,qUCB,0.68,0.24,0.0,0.0,0.0,0.0,0.0,0.0,0.0,0.0,0.0,0.0,0.0,0.04,0.04
16,4,2,3,False,1.3572256047254219,0.048187399751785875,0,qEHVI,0.34,0.16,0.4,0.0,0.04,0.0,0.0,0.0,0.0,0.0,0.0,0.04,0.0,0.02,0.0
16,4,2,3,False,1.3572256047254219,0.048187399751785875,1,qEHVI,0.48,0.02,0.42,0.02,0.02,0.0,0.0,0.0,0.0,0.0,0.0,0.0,0.0,0.02,0.02
16,4,2,3,False,1.3572256047254219,0.048187399751785875,2,qUCB,0.42,0.04,0.44,0.02,0.0,0.0,0.0,0.0,0.04,0.0,0.0,0.04,0.0,0.0,0.0
16,4,2,3,False,1.3572256047254219,0.048187399751785875,3,qUCB,0.58,0.34,0.0,0.0,0.0,0.0,0.0,0.0,0.04,0.0,0.0,0.0,0.0,0.0,0.04
16,4,2,3,False,1.3572256047254219,0.048187399751785875,4,qUCB,0.0,0.3,0.6,0.04,0.0,0.0,0.0,0.0,0.04,0.0,0.0,0.0,0.0,0.0,0.02
16,5,1,4,False,1.2042518976435623,0.5943570279212516,0,qEHVI,0.34,0.16,0.4,0.0,0.04,0.0,0.0,0.0,0.0,0.0,0.0,0.04,0.0,0.02,0.0
16,5,1,4,False,1.2042518976435623,0.5943570279212516,1,qUCB,0.58,0.34,0.0,0.0,0.0,0.0,0.0,0.0,0.04,0.0,0.0,0.0,0.0,0.0,0.04
16,5,1,4,False,1.2042518976435623,0.5943570279212516,2,qUCB,0.0,0.28,0.62,0.04,0.0,0.0,0.0,0.0,0.02,0.0,0.0,0.0,0.0,0.0,0.04
16,5,1,4,False,1.2042518976435623,0.5943570279212516,3,qUCB,0.36,0.18,0.38,0.0,0.0,0.0,0.0,0.0,0.04,0.0,0.0,0.0,0.0,0.0,0.04
16,5,1,4,False,1.2042518976435623,0.5943570279212516,4,qUCB,0.76,0.04,0.1,0.02,0.0,0.0,0.0,0.0,0.04,0.0,0.0,0.0,0.0,0.0,0.04
16,6,0,5,False,1.339812707938652,0.33551680268924144,0,qUCB,0.42,0.08,0.4,0.0,0.04,0.0,0.0,0.0,0.0,0.0,0.0,0.02,0.0,0.02,0.02
16,6,0,5,False,1.339812707938652,0.33551680268924144,1,qUCB,0.0,0.28,0.62,0.04,0.0,0.0,0.0,0.0,0.02,0.0,0.0,0.0,0.0,0.0,0.04
16,6,0,5,False,1.339812707938652,0.33551680268924144,2,qUCB,0.22,0.0,0.78,0.0,0.0,0.0,0.0,0.0,0.0,0.0,0.0,0.0,0.0,0.0,0.0
16,6,0,5,False,1.339812707938652,0.33551680268924144,3,qUCB,0.52,0.0,0.4,0.02,0.0,0.0,0.0,0.0,0.04,0.0,0.0,0.0,0.0,0.0,0.02
16,6,0,5,False,1.339812707938652,0.33551680268924144,4,qUCB,0.32,0.18,0.4,0.0,0.04,0.0,0.0,0.0,0.0,0.0,0.0,0.0,0.0,0.02,0.04
17,1,5,0,False,1.0849340419603084,0.22225328305252035,0,qEHVI,0.22,0.34,0.36,0.0,0.0,0.0,0.0,0.0,0.0,0.0,0.0,0.04,0.0,0.0,0.04
17,1,5,0,False,1.0849340419603084,0.22225328305252035,1,qEHVI,0.48,0.12,0.36,0.0,0.0,0.0,0.0,0.0,0.02,0.0,0.0,0.0,0.0,0.0,0.02
17,1,5,0,False,1.0849340419603084,0.22225328305252035,2,qEHVI,0.48,0.0,0.42,0.02,0.02,0.0,0.0,0.0,0.02,0.0,0.0,0.02,0.0,0.02,0.0
17,1,5,0,False,1.0849340419603084,0.22225328305252035,3,qEHVI,0.58,0.26,0.08,0.0,0.0,0.0,0.0,0.0,0.0,0.0,0.0,0.04,0.0,0.0,0.04
17,1,5,0,False,1.0849340419603084,0.22225328305252035,4,qEHVI,0.64,0.3,0.02,0.0,0.0,0.0,0.0,0.0,0.02,0.0,0.0,0.02,0.0,0.0,0.0
17,2,4,1,False,1.0035473683190164,0.33900820656825115,0,qEHVI,0.22,0.34,0.36,0.0,0.0,0.0,0.0,0.0,0.0,0.0,0.0,0.04,0.0,0.0,0.04
17,2,4,1,False,1.0035473683190164,0.33900820656825115,1,qEHVI,0.48,0.12,0.36,0.0,0.0,0.0,0.0,0.0,0.02,0.0,0.0,0.0,0.0,0.0,0.02
17,2,4,1,False,1.0035473683190164,0.33900820656825115,2,qEHVI,0.48,0.0,0.42,0.02,0.02,0.0,0.0,0.0,0.02,0.0,0.0,0.02,0.0,0.02,0.0
17,2,4,1,False,1.0035473683190164,0.33900820656825115,3,qEHVI,0.58,0.26,0.08,0.0,0.0,0.0,0.0,0.0,0.0,0.0,0.0,0.04,0.0,0.0,0.04
17,2,4,1,False,1.0035473683190164,0.33900820656825115,4,qUCB,0.5,0.04,0.36,0.02,0.04,0.0,0.0,0.0,0.0,0.0,0.0,0.0,0.0,0.0,0.04
17,3,3,2,True,0.883972427972183,0.24836630732969844,0,qEHVI,0.22,0.34,0.36,0.0,0.0,0.0,0.0,0.0,0.0,0.0,0.0,0.04,0.0,0.0,0.04
17,3,3,2,True,0.883972427972183,0.24836630732969844,1,qEHVI,0.48,0.12,0.36,0.0,0.0,0.0,0.0,0.0,0.02,0.0,0.0,0.0,0.0,0.0,0.02
17,3,3,2,True,0.883972427972183,0.24836630732969844,2,qEHVI,0.48,0.0,0.42,0.02,0.02,0.0,0.0,0.0,0.02,0.0,0.0,0.02,0.0,0.02,0.0
17,3,3,2,True,0.883972427972183,0.24836630732969844,3,qUCB,0.5,0.04,0.36,0.02,0.04,0.0,0.0,0.0,0.0,0.0,0.0,0.0,0.0,0.0,0.04
17,3,3,2,True,0.883972427972183,0.24836630732969844,4,qUCB,0.3,0.18,0.42,0.0,0.04,0.0,0.0,0.0,0.0,0.0,0.0,0.0,0.0,0.02,0.04
17,4,2,3,False,0.7291816632270534,0.6750901078784222,0,qEHVI,0.22,0.34,0.36,0.0,0.0,0.0,0.0,0.0,0.0,0.0,0.0,0.04,0.0,0.0,0.04
17,4,2,3,False,0.7291816632270534,0.6750901078784222,1,qEHVI,0.48,0.12,0.36,0.0,0.0,0.0,0.0,0.0,0.02,0.0,0.0,0.0,0.0,0.0,0.02
17,4,2,3,False,0.7291816632270534,0.6750901078784222,2,qUCB,0.32,0.2,0.38,0.0,0.04,0.0,0.0,0.0,0.0,0.0,0.0,0.02,0.0,0.04,0.0
17,4,2,3,False,0.7291816632270534,0.6750901078784222,3,qUCB,0.66,0.0,0.24,0.04,0.0,0.0,0.0,0.0,0.0,0.0,0.0,0.04,0.0,0.02,0.0
17,4,2,3,False,0.7291816632270534,0.6750901078784222,4,qUCB,0.06,0.04,0.8,0.04,0.04,0.0,0.0,0.0,0.0,0.0,0.0,0.0,0.0,0.02,0.0
17,5,1,4,False,0.6270551689805237,0.328773275452539,0,qEHVI,0.22,0.34,0.36,0.0,0.0,0.0,0.0,0.0,0.0,0.0,0.0,0.04,0.0,0.0,0.04
17,5,1,4,False,0.6270551689805237,0.328773275452539,1,qUCB,0.48,0.02,0.4,0.02,0.0,0.0,0.0,0.0,0.04,0.0,0.0,0.0,0.0,0.04,0.0
17,5,1,4,False,0.6270551689805237,0.328773275452539,2,qUCB,0.36,0.18,0.36,0.0,0.04,0.0,0.0,0.0,0.02,0.0,0.0,0.0,0.0,0.04,0.0
17,5,1,4,False,0.6270551689805237,0.328773275452539,3,qUCB,0.08,0.02,0.8,0.04,0.0,0.0,0.0,0.0,0.02,0.0,0.0,0.0,0.0,0.04,0.0
17,5,1,4,False,0.6270551689805237,0.328773275452539,4,qUCB,0.02,0.26,0.62,0.04,0.0,0.0,0.0,0.0,0.02,0.0,0.0,0.0,0.0,0.04,0.0
17,6,0,5,False,0.64863600267023,0.3579661094612909,0,qUCB,0.5,0.02,0.38,0.0,0.04,0.0,0.0,0.0,0.0,0.0,0.0,0.02,0.0,0.0,0.04
17,6,0,5,False,0.64863600267023,0.3579661094612909,1,qUCB,0.46,0.16,0.38,0.0,0.0,0.0,0.0,0.0,0.0,0.0,0.0,0.0,0.0,0.0,0.0
17,6,0,5,False,0.64863600267023,0.3579661094612909,2,qUCB,0.34,0.16,0.4,0.0,0.0,0.0,0.0,0.0,0.0,0.0,0.0,0.04,0.0,0.02,0.04
17,6,0,5,False,0.64863600267023,0.3579661094612909,3,qUCB,0.56,0.0,0.4,0.0,0.0,0.0,0.0,0.0,0.0,0.0,0.0,0.04,0.0,0.0,0.0
17,6,0,5,False,0.64863600267023,0.3579661094612909,4,qUCB,0.52,0.02,0.4,0.0,0.02,0.0,0.0,0.0,0.0,0.0,0.0,0.0,0.0,0.0,0.04
18,1,5,0,False,1.2471411529428311,0.781669606946942,0,qEHVI,0.6,0.3,0.02,0.0,0.02,0.0,0.0,0.0,0.04,0.0,0.0,0.0,0.0,0.02,0.0
18,1,5,0,False,1.2471411529428311,0.781669606946942,1,qEHVI,0.56,0.08,0.32,0.02,0.02,0.0,0.0,0.0,0.0,0.0,0.0,0.0,0.0,0.0,0.0
18,1,5,0,False,1.2471411529428311,0.781669606946942,2,qEHVI,0.44,0.0,0.48,0.02,0.04,0.0,0.0,0.0,0.0,0.0,0.0,0.0,0.0,0.0,0.02
18,1,5,0,False,1.2471411529428311,0.781669606946942,3,qEHVI,0.48,0.04,0.38,0.0,0.04,0.0,0.0,0.0,0.0,0.0,0.0,0.04,0.0,0.0,0.02
18,1,5,0,False,1.2471411529428311,0.781669606946942,4,qEHVI,0.14,0.0,0.76,0.0,0.04,0.0,0.0,0.0,0.02,0.0,0.0,0.0,0.0,0.02,0.02
18,2,4,1,False,1.200617762260016,0.21648833924686528,0,qEHVI,0.6,0.3,0.02,0.0,0.02,0.0,0.0,0.0,0.04,0.0,0.0,0.0,0.0,0.02,0.0
18,2,4,1,False,1.200617762260016,0.21648833924686528,1,qEHVI,0.56,0.08,0.32,0.02,0.02,0.0,0.0,0.0,0.0,0.0,0.0,0.0,0.0,0.0,0.0
18,2,4,1,False,1.200617762260016,0.21648833924686528,2,qEHVI,0.44,0.0,0.48,0.02,0.04,0.0,0.0,0.0,0.0,0.0,0.0,0.0,0.0,0.0,0.02
18,2,4,1,False,1.200617762260016,0.21648833924686528,3,qEHVI,0.48,0.04,0.38,0.0,0.04,0.0,0.0,0.0,0.0,0.0,0.0,0.04,0.0,0.0,0.02
18,2,4,1,False,1.200617762260016,0.21648833924686528,4,qUCB,0.64,0.2,0.06,0.0,0.0,0.0,0.0,0.0,0.0,0.0,0.0,0.02,0.0,0.04,0.04
18,3,3,2,True,1.1731064845895236,0.1864782462150032,0,qEHVI,0.6,0.3,0.02,0.0,0.02,0.0,0.0,0.0,0.04,0.0,0.0,0.0,0.0,0.02,0.0
18,3,3,2,True,1.1731064845895236,0.1864782462150032,1,qEHVI,0.56,0.08,0.32,0.02,0.02,0.0,0.0,0.0,0.0,0.0,0.0,0.0,0.0,0.0,0.0
18,3,3,2,True,1.1731064845895236,0.1864782462150032,2,qEHVI,0.44,0.0,0.48,0.02,0.04,0.0,0.0,0.0,0.0,0.0,0.0,0.0,0.0,0.0,0.02
18,3,3,2,True,1.1731064845895236,0.1864782462150032,3,qUCB,0.76,0.02,0.12,0.0,0.0,0.0,0.0,0.0,0.0,0.0,0.0,0.04,0.0,0.02,0.04
18,3,3,2,True,1.1731064845895236,0.1864782462150032,4,qUCB,0.08,0.02,0.8,0.0,0.0,0.0,0.0,0.0,0.0,0.0,0.0,0.04,0.0,0.04,0.02
18,4,2,3,False,0.9673130242270038,0.4132351474924214,0,qEHVI,0.6,0.3,0.02,0.0,0.02,0.0,0.0,0.0,0.04,0.0,0.0,0.0,0.0,0.02,0.0
18,4,2,3,False,0.9673130242270038,0.4132351474924214,1,qEHVI,0.56,0.08,0.32,0.02,0.02,0.0,0.0,0.0,0.0,0.0,0.0,0.0,0.0,0.0,0.0
18,4,2,3,False,0.9673130242270038,0.4132351474924214,2,qUCB,0.76,0.02,0.12,0.0,0.0,0.0,0.0,0.0,0.0,0.0,0.0,0.04,0.0,0.02,0.04
18,4,2,3,False,0.9673130242270038,0.4132351474924214,3,qUCB,0.08,0.02,0.8,0.0,0.0,0.0,0.0,0.0,0.0,0.0,0.0,0.04,0.0,0.04,0.02
18,4,2,3,False,0.9673130242270038,0.4132351474924214,4,qUCB,0.64,0.18,0.08,0.0,0.0,0.0,0.0,0.0,0.0,0.0,0.0,0.04,0.0,0.02,0.04
18,5,1,4,False,0.791418576786304,0.1078514853258401,0,qEHVI,0.6,0.3,0.02,0.0,0.02,0.0,0.0,0.0,0.04,0.0,0.0,0.0,0.0,0.02,0.0
18,5,1,4,False,0.791418576786304,0.1078514853258401,1,qUCB,0.7000000000000001,0.08,0.12,0.02,0.0,0.0,0.0,0.0,0.0,0.0,0.0,0.04,0.0,0.0,0.04
18,5,1,4,False,0.791418576786304,0.1078514853258401,2,qUCB,0.0,0.28,0.64,0.04,0.0,0.0,0.0,0.0,0.0,0.0,0.0,0.04,0.0,0.0,0.0
18,5,1,4,False,0.791418576786304,0.1078514853258401,3,qUCB,0.1,0.0,0.8,0.04,0.0,0.0,0.0,0.0,0.0,0.0,0.0,0.02,0.0,0.0,0.04
18,5,1,4,False,0.791418576786304,0.1078514853258401,4,qUCB,0.44,0.02,0.44,0.04,0.0,0.0,0.0,0.0,0.0,0.0,0.0,0.04,0.0,0.0,0.02
18,6,0,5,False,0.7606052908840536,0.20375913177621285,0,qUCB,0.48,0.04,0.38,0.0,0.04,0.0,0.0,0.0,0.0,0.0,0.0,0.04,0.0,0.0,0.02
18,6,0,5,False,0.7606052908840536,0.20375913177621285,1,qUCB,0.76,0.02,0.12,0.0,0.0,0.0,0.0,0.0,0.0,0.0,0.0,0.04,0.0,0.02,0.04
18,6,0,5,False,0.7606052908840536,0.20375913177621285,2,qUCB,0.0,0.3,0.64,0.04,0.0,0.0,0.0,0.0,0.0,0.0,0.0,0.02,0.0,0.0,0.0
18,6,0,5,False,0.7606052908840536,0.20375913177621285,3,qUCB,0.18,0.0,0.78,0.0,0.0,0.0,0.0,0.0,0.0,0.0,0.0,0.0,0.0,0.02,0.02
18,6,0,5,False,0.7606052908840536,0.20375913177621285,4,qUCB,0.72,0.06,0.14,0.0,0.04,0.0,0.0,0.0,0.0,0.0,0.0,0.0,0.0,0.0,0.04
19,1,5,0,False,4.052907327982136,0.07590038938771704,0,qEHVI,0.36,0.14,0.4,0.04,0.02,0.0,0.0,0.0,0.0,0.0,0.0,0.04,0.0,0.0,0.0
19,1,5,0,False,4.052907327982136,0.07590038938771704,1,qEHVI,0.0,0.64,0.34,0.0,0.0,0.0,0.0,0.0,0.02,0.0,0.0,0.0,0.0,0.0,0.0
19,1,5,0,False,4.052907327982136,0.07590038938771704,2,qEHVI,0.4,0.24,0.28,0.02,0.0,0.0,0.0,0.0,0.0,0.0,0.0,0.04,0.0,0.02,0.0
19,1,5,0,False,4.052907327982136,0.07590038938771704,3,qEHVI,0.42,0.1,0.42,0.0,0.02,0.0,0.0,0.0,0.0,0.0,0.0,0.04,0.0,0.0,0.0
19,1,5,0,False,4.052907327982136,0.07590038938771704,4,qEHVI,0.44,0.12,0.36,0.04,0.0,0.0,0.0,0.0,0.0,0.0,0.0,0.04,0.0,0.0,0.0
19,2,4,1,False,3.8037136808283556,0.4169367473797685,0,qEHVI,0.36,0.14,0.4,0.04,0.02,0.0,0.0,0.0,0.0,0.0,0.0,0.04,0.0,0.0,0.0
19,2,4,1,False,3.8037136808283556,0.4169367473797685,1,qEHVI,0.0,0.64,0.34,0.0,0.0,0.0,0.0,0.0,0.02,0.0,0.0,0.0,0.0,0.0,0.0
19,2,4,1,False,3.8037136808283556,0.4169367473797685,2,qEHVI,0.4,0.24,0.28,0.02,0.0,0.0,0.0,0.0,0.0,0.0,0.0,0.04,0.0,0.02,0.0
19,2,4,1,False,3.8037136808283556,0.4169367473797685,3,qEHVI,0.42,0.1,0.42,0.0,0.02,0.0,0.0,0.0,0.0,0.0,0.0,0.04,0.0,0.0,0.0
19,2,4,1,False,3.8037136808283556,0.4169367473797685,4,qUCB,0.38,0.24,0.28,0.0,0.02,0.0,0.0,0.0,0.0,0.0,0.0,0.0,0.0,0.04,0.04
19,3,3,2,True,3.4577183998559002,0.19111909074726974,0,qEHVI,0.36,0.14,0.4,0.04,0.02,0.0,0.0,0.0,0.0,0.0,0.0,0.04,0.0,0.0,0.0
19,3,3,2,True,3.4577183998559002,0.19111909074726974,1,qEHVI,0.0,0.64,0.34,0.0,0.0,0.0,0.0,0.0,0.02,0.0,0.0,0.0,0.0,0.0,0.0
19,3,3,2,True,3.4577183998559002,0.19111909074726974,2,qEHVI,0.4,0.24,0.28,0.02,0.0,0.0,0.0,0.0,0.0,0.0,0.0,0.04,0.0,0.02,0.0
19,3,3,2,True,3.4577183998559002,0.19111909074726974,3,qUCB,0.38,0.24,0.28,0.0,0.02,0.0,0.0,0.0,0.0,0.0,0.0,0.0,0.0,0.04,0.04
19,3,3,2,True,3.4577183998559002,0.19111909074726974,4,qUCB,0.14,0.22,0.56,0.04,0.0,0.0,0.0,0.0,0.0,0.0,0.0,0.0,0.0,0.0,0.04
19,4,2,3,False,3.0539855884039375,0.4426464185352632,0,qEHVI,0.36,0.14,0.4,0.04,0.02,0.0,0.0,0.0,0.0,0.0,0.0,0.04,0.0,0.0,0.0
19,4,2,3,False,3.0539855884039375,0.4426464185352632,1,qEHVI,0.0,0.64,0.34,0.0,0.0,0.0,0.0,0.0,0.02,0.0,0.0,0.0,0.0,0.0,0.0
19,4,2,3,False,3.0539855884039375,0.4426464185352632,2,qUCB,0.38,0.24,0.28,0.0,0.02,0.0,0.0,0.0,0.0,0.0,0.0,0.0,0.0,0.04,0.04
19,4,2,3,False,3.0539855884039375,0.4426464185352632,3,qUCB,0.02,0.24,0.64,0.04,0.0,0.0,0.0,0.0,0.0,0.0,0.0,0.0,0.0,0.04,0.02
19,4,2,3,False,3.0539855884039375,0.4426464185352632,4,qUCB,0.24,0.16,0.5,0.0,0.0,0.0,0.0,0.0,0.0,0.0,0.0,0.02,0.0,0.04,0.04
19,5,1,4,False,2.3874656053666317,0.6978116564478238,0,qEHVI,0.36,0.14,0.4,0.04,0.02,0.0,0.0,0.0,0.0,0.0,0.0,0.04,0.0,0.0,0.0
19,5,1,4,False,2.3874656053666317,0.6978116564478238,1,qUCB,0.34,0.34,0.24,0.0,0.0,0.0,0.0,0.0,0.0,0.0,0.0,0.0,0.0,0.04,0.04
19,5,1,4,False,2.3874656053666317,0.6978116564478238,2,qUCB,0.08,0.22,0.6,0.0,0.0,0.0,0.0,0.0,0.02,0.0,0.0,0.0,0.0,0.04,0.04
19,5,1,4,False,2.3874656053666317,0.6978116564478238,3,qUCB,0.2,0.18,0.52,0.0,0.0,0.0,0.0,0.0,0.04,0.0,0.0,0.0,0.0,0.02,0.04
19,5,1,4,False,2.3874656053666317,0.6978116564478238,4,qUCB,0.34,0.12,0.44,0.0,0.0,0.0,0.0,0.0,0.04,0.0,0.0,0.0,0.0,0.02,0.04
19,6,0,5,False,3.265171781009158,0.05126061145293903,0,qUCB,0.36,0.14,0.4,0.04,0.02,0.0,0.0,0.0,0.0,0.0,0.0,0.04,0.0,0.0,0.0
19,6,0,5,False,3.265171781009158,0.05126061145293903,1,qUCB,0.1,0.2,0.6,0.04,0.02,0.0,0.0,0.0,0.02,0.0,0.0,0.0,0.0,0.0,0.02
19,6,0,5,False,3.265171781009158,0.05126061145293903,2,qUCB,0.0,0.32,0.62,0.04,0.0,0.0,0.0,0.0,0.0,0.0,0.0,0.02,0.0,0.0,0.0
19,6,0,5,False,3.265171781009158,0.05126061145293903,3,qUCB,0.0,0.64,0.34,0.0,0.0,0.0,0.0,0.0,0.02,0.0,0.0,0.0,0.0,0.0,0.0
19,6,0,5,False,3.265171781009158,0.05126061145293903,4,qUCB,0.2,0.2,0.54,0.04,0.0,0.0,0.0,0.0,0.0,0.0,0.0,0.0,0.0,0.02,0.0
20,1,5,0,False,2.915324279299699,0.09259352011456778,0,qEHVI,0.4,0.2,0.3,0.04,0.0,0.0,0.0,0.0,0.0,0.0,0.0,0.02,0.0,0.04,0.0
20,1,5,0,False,2.915324279299699,0.09259352011456778,1,qEHVI,0.38,0.1,0.42,0.0,0.02,0.0,0.0,0.0,0.0,0.0,0.0,0.04,0.0,0.02,0.02
20,1,5,0,False,2.915324279299699,0.09259352011456778,2,qEHVI,0.68,0.1,0.12,0.04,0.0,0.0,0.0,0.0,0.02,0.0,0.0,0.04,0.0,0.0,0.0
20,1,5,0,False,2.915324279299699,0.09259352011456778,3,qEHVI,0.42,0.12,0.36,0.04,0.0,0.0,0.0,0.0,0.02,0.0,0.0,0.04,0.0,0.0,0.0
20,1,5,0,False,2.915324279299699,0.09259352011456778,4,qEHVI,0.68,0.14,0.1,0.02,0.0,0.0,0.0,0.0,0.0,0.0,0.0,0.04,0.0,0.0,0.02
20,2,4,1,False,2.7038402439777123,0.15204903593537544,0,qEHVI,0.4,0.2,0.3,0.04,0.0,0.0,0.0,0.0,0.0,0.0,0.0,0.02,0.0,0.04,0.0
20,2,4,1,False,2.7038402439777123,0.15204903593537544,1,qEHVI,0.38,0.1,0.42,0.0,0.02,0.0,0.0,0.0,0.0,0.0,0.0,0.04,0.0,0.02,0.02
20,2,4,1,False,2.7038402439777123,0.15204903593537544,2,qEHVI,0.68,0.1,0.12,0.04,0.0,0.0,0.0,0.0,0.02,0.0,0.0,0.04,0.0,0.0,0.0
20,2,4,1,False,2.7038402439777123,0.15204903593537544,3,qEHVI,0.42,0.12,0.36,0.04,0.0,0.0,0.0,0.0,0.02,0.0,0.0,0.04,0.0,0.0,0.0
20,2,4,1,False,2.7038402439777123,0.15204903593537544,4,qUCB,0.42,0.42,0.08,0.0,0.0,0.0,0.0,0.0,0.04,0.0,0.0,0.0,0.0,0.0,0.04
20,3,3,2,True,2.2953757632864877,0.12842479154587316,0,qEHVI,0.4,0.2,0.3,0.04,0.0,0.0,0.0,0.0,0.0,0.0,0.0,0.02,0.0,0.04,0.0
20,3,3,2,True,2.2953757632864877,0.12842479154587316,1,qEHVI,0.38,0.1,0.42,0.0,0.02,0.0,0.0,0.0,0.0,0.0,0.0,0.04,0.0,0.02,0.02
20,3,3,2,True,2.2953757632864877,0.12842479154587316,2,qEHVI,0.68,0.1,0.12,0.04,0.0,0.0,0.0,0.0,0.02,0.0,0.0,0.04,0.0,0.0,0.0
20,3,3,2,True,2.2953757632864877,0.12842479154587316,3,qUCB,0.42,0.42,0.08,0.0,0.0,0.0,0.0,0.0,0.04,0.0,0.0,0.0,0.0,0.0,0.04
20,3,3,2,True,2.2953757632864877,0.12842479154587316,4,qUCB,0.32,0.4,0.2,0.0,0.0,0.0,0.0,0.0,0.04,0.0,0.0,0.0,0.0,0.0,0.04
20,4,2,3,False,2.1445255799554515,0.3109326960615941,0,qEHVI,0.4,0.2,0.3,0.04,0.0,0.0,0.0,0.0,0.0,0.0,0.0,0.02,0.0,0.04,0.0
20,4,2,3,False,2.1445255799554515,0.3109326960615941,1,qEHVI,0.38,0.1,0.42,0.0,0.02,0.0,0.0,0.0,0.0,0.0,0.0,0.04,0.0,0.02,0.02
20,4,2,3,False,2.1445255799554515,0.3109326960615941,2,qUCB,0.48,0.08,0.4,0.0,0.0,0.0,0.0,0.0,0.04,0.0,0.0,0.0,0.0,0.0,0.0
20,4,2,3,False,2.1445255799554515,0.3109326960615941,3,qUCB,0.26,0.42,0.22,0.02,0.0,0.0,0.0,0.0,0.04,0.0,0.0,0.0,0.0,0.0,0.04
20,4,2,3,False,2.1445255799554515,0.3109326960615941,4,qUCB,0.42,0.42,0.08,0.0,0.0,0.0,0.0,0.0,0.04,0.0,0.0,0.0,0.0,0.0,0.04
20,5,1,4,False,1.6081894979409153,0.015429719654127538,0,qEHVI,0.4,0.2,0.3,0.04,0.0,0.0,0.0,0.0,0.0,0.0,0.0,0.02,0.0,0.04,0.0
20,5,1,4,False,1.6081894979409153,0.015429719654127538,1,qUCB,0.42,0.1,0.38,0.0,0.04,0.0,0.0,0.0,0.0,0.0,0.0,0.02,0.0,0.0,0.04
20,5,1,4,False,1.6081894979409153,0.015429719654127538,2,qUCB,0.32,0.38,0.2,0.0,0.02,0.0,0.0,0.0,0.04,0.0,0.0,0.0,0.0,0.0,0.04
20,5,1,4,False,1.6081894979409153,0.015429719654127538,3,qUCB,0.42,0.42,0.08,0.0,0.0,0.0,0.0,0.0,0.04,0.0,0.0,0.0,0.0,0.0,0.04
20,5,1,4,False,1.6081894979409153,0.015429719654127538,4,qUCB,0.18,0.5,0.22,0.0,0.02,0.0,0.0,0.0,0.04,0.0,0.0,0.0,0.0,0.0,0.04
20,6,0,5,False,1.935662301884748,0.2967365847670429,0,qUCB,0.38,0.1,0.42,0.0,0.02,0.0,0.0,0.0,0.0,0.0,0.0,0.04,0.0,0.02,0.02
20,6,0,5,False,1.935662301884748,0.2967365847670429,1,qUCB,0.68,0.1,0.12,0.04,0.0,0.0,0.0,0.0,0.02,0.0,0.0,0.04,0.0,0.0,0.0
20,6,0,5,False,1.935662301884748,0.2967365847670429,2,qUCB,0.32,0.34,0.26,0.04,0.0,0.0,0.0,0.0,0.0,0.0,0.0,0.0,0.0,0.0,0.04
20,6,0,5,False,1.935662301884748,0.2967365847670429,3,qUCB,0.28,0.48,0.2,0.0,0.0,0.0,0.0,0.0,0.0,0.0,0.0,0.0,0.0,0.0,0.04
20,6,0,5,False,1.935662301884748,0.2967365847670429,4,qUCB,0.0,0.34,0.64,0.02,0.0,0.0,0.0,0.0,0.0,0.0,0.0,0.0,0.0,0.0,0.0
21,1,5,0,False,2.412184708760501,0.13984927290868754,0,qEHVI,0.42,0.2,0.3,0.04,0.0,0.0,0.0,0.0,0.0,0.0,0.0,0.04,0.0,0.0,0.0
21,1,5,0,False,2.412184708760501,0.13984927290868754,1,qEHVI,0.38,0.12,0.4,0.02,0.04,0.0,0.0,0.0,0.04,0.0,0.0,0.0,0.0,0.0,0.0
21,1,5,0,False,2.412184708760501,0.13984927290868754,2,qEHVI,0.46,0.14,0.32,0.02,0.0,0.0,0.0,0.0,0.0,0.0,0.0,0.04,0.0,0.0,0.02
21,1,5,0,False,2.412184708760501,0.13984927290868754,3,qEHVI,0.48,0.06,0.38,0.02,0.04,0.0,0.0,0.0,0.0,0.0,0.0,0.02,0.0,0.0,0.0
21,1,5,0,False,2.412184708760501,0.13984927290868754,4,qEHVI,0.4,0.1,0.4,0.02,0.04,0.0,0.0,0.0,0.0,0.0,0.0,0.04,0.0,0.0,0.0
21,2,4,1,False,2.331730290493598,0.05016750714846907,0,qEHVI,0.42,0.2,0.3,0.04,0.0,0.0,0.0,0.0,0.0,0.0,0.0,0.04,0.0,0.0,0.0
21,2,4,1,False,2.331730290493598,0.05016750714846907,1,qEHVI,0.38,0.12,0.4,0.02,0.04,0.0,0.0,0.0,0.04,0.0,0.0,0.0,0.0,0.0,0.0
21,2,4,1,False,2.331730290493598,0.05016750714846907,2,qEHVI,0.46,0.14,0.32,0.02,0.0,0.0,0.0,0.0,0.0,0.0,0.0,0.04,0.0,0.0,0.02
21,2,4,1,False,2.331730290493598,0.05016750714846907,3,qEHVI,0.48,0.06,0.38,0.02,0.04,0.0,0.0,0.0,0.0,0.0,0.0,0.02,0.0,0.0,0.0
21,2,4,1,False,2.331730290493598,0.05016750714846907,4,qUCB,0.38,0.12,0.4,0.0,0.02,0.0,0.0,0.0,0.0,0.0,0.0,0.0,0.0,0.04,0.04
21,3,3,2,True,2.211042994551183,0.24998067013114555,0,qEHVI,0.42,0.2,0.3,0.04,0.0,0.0,0.0,0.0,0.0,0.0,0.0,0.04,0.0,0.0,0.0
21,3,3,2,True,2.211042994551183,0.24998067013114555,1,qEHVI,0.38,0.12,0.4,0.02,0.04,0.0,0.0,0.0,0.04,0.0,0.0,0.0,0.0,0.0,0.0
21,3,3,2,True,2.211042994551183,0.24998067013114555,2,qEHVI,0.46,0.14,0.32,0.02,0.0,0.0,0.0,0.0,0.0,0.0,0.0,0.04,0.0,0.0,0.02
21,3,3,2,True,2.211042994551183,0.24998067013114555,3,qUCB,0.38,0.12,0.4,0.0,0.02,0.0,0.0,0.0,0.0,0.0,0.0,0.0,0.0,0.04,0.04
21,3,3,2,True,2.211042994551183,0.24998067013114555,4,qUCB,0.0,0.84,0.12,0.0,0.0,0.0,0.0,0.0,0.02,0.0,0.0,0.0,0.0,0.02,0.0
21,4,2,3,False,1.8622076947133277,0.06806528066358836,0,qEHVI,0.42,0.2,0.3,0.04,0.0,0.0,0.0,0.0,0.0,0.0,0.0,0.04,0.0,0.0,0.0
21,4,2,3,False,1.8622076947133277,0.06806528066358836,1,qEHVI,0.38,0.12,0.4,0.02,0.04,0.0,0.0,0.0,0.04,0.0,0.0,0.0,0.0,0.0,0.0
21,4,2,3,False,1.8622076947133277,0.06806528066358836,2,qUCB,0.48,0.06,0.38,0.0,0.0,0.0,0.0,0.0,0.0,0.0,0.0,0.0,0.0,0.04,0.04
21,4,2,3,False,1.8622076947133277,0.06806528066358836,3,qUCB,0.5,0.38,0.04,0.0,0.0,0.0,0.0,0.0,0.0,0.0,0.0,0.0,0.0,0.04,0.04
21,4,2,3,False,1.8622076947133277,0.06806528066358836,4,qUCB,0.0,0.28,0.66,0.0,0.0,0.0,0.0,0.0,0.0,0.0,0.0,0.0,0.0,0.02,0.04
21,5,1,4,False,1.6027244084467616,0.40412824788087004,0,qEHVI,0.42,0.2,0.3,0.04,0.0,0.0,0.0,0.0,0.0,0.0,0.0,0.04,0.0,0.0,0.0
21,5,1,4,False,1.6027244084467616,0.40412824788087004,1,qUCB,0.38,0.12,0.4,0.0,0.04,0.0,0.0,0.0,0.02,0.0,0.0,0.0,0.0,0.0,0.04
21,5,1,4,False,1.6027244084467616,0.40412824788087004,2,qUCB,0.0,0.8,0.12,0.0,0.04,0.0,0.0,0.0,0.0,0.0,0.0,0.0,0.0,0.04,0.0
21,5,1,4,False,1.6027244084467616,0.40412824788087004,3,qUCB,0.72,0.0,0.18,0.0,0.0,0.0,0.0,0.0,0.04,0.0,0.0,0.0,0.0,0.02,0.04
21,5,1,4,False,1.6027244084467616,0.40412824788087004,4,qUCB,0.36,0.1,0.44,0.0,0.04,0.0,0.0,0.0,0.0,0.0,0.0,0.0,0.0,0.04,0.02
21,6,0,5,False,1.519124473132941,0.08846713621430213,0,qUCB,0.38,0.12,0.4,0.02,0.04,0.0,0.0,0.0,0.04,0.0,0.0,0.0,0.0,0.0,0.0
21,6,0,5,False,1.519124473132941,0.08846713621430213,1,qUCB,0.4,0.1,0.4,0.02,0.04,0.0,0.0,0.0,0.0,0.0,0.0,0.04,0.0,0.0,0.0
21,6,0,5,False,1.519124473132941,0.08846713621430213,2,qUCB,0.0,0.84,0.12,0.0,0.0,0.0,0.0,0.0,0.02,0.0,0.0,0.0,0.0,0.02,0.0
21,6,0,5,False,1.519124473132941,0.08846713621430213,3,qUCB,0.0,0.32,0.62,0.0,0.0,0.0,0.0,0.0,0.02,0.0,0.0,0.0,0.0,0.02,0.02
21,6,0,5,False,1.519124473132941,0.08846713621430213,4,qUCB,0.34,0.16,0.4,0.04,0.0,0.0,0.0,0.0,0.04,0.0,0.0,0.0,0.0,0.02,0.0
22,1,5,0,False,1.7279348374056345,0.3722607538903038,0,qEHVI,0.4,0.2,0.3,0.04,0.0,0.0,0.0,0.0,0.0,0.0,0.0,0.04,0.0,0.02,0.0
22,1,5,0,False,1.7279348374056345,0.3722607538903038,1,qEHVI,0.4,0.1,0.4,0.0,0.04,0.0,0.0,0.0,0.04,0.0,0.0,0.0,0.0,0.0,0.02
22,1,5,0,False,1.7279348374056345,0.3722607538903038,2,qEHVI,0.36,0.14,0.42,0.04,0.0,0.0,0.0,0.0,0.04,0.0,0.0,0.0,0.0,0.0,0.0
22,1,5,0,False,1.7279348374056345,0.3722607538903038,3,qEHVI,0.4,0.2,0.32,0.04,0.0,0.0,0.0,0.0,0.0,0.0,0.0,0.04,0.0,0.0,0.0
22,1,5,0,False,1.7279348374056345,0.3722607538903038,4,qEHVI,0.48,0.04,0.38,0.02,0.02,0.0,0.0,0.0,0.0,0.0,0.0,0.04,0.0,0.02,0.0
22,2,4,1,False,1.611024256649685,0.04504048424398066,0,qEHVI,0.4,0.2,0.3,0.04,0.0,0.0,0.0,0.0,0.0,0.0,0.0,0.04,0.0,0.02,0.0
22,2,4,1,False,1.611024256649685,0.04504048424398066,1,qEHVI,0.4,0.1,0.4,0.0,0.04,0.0,0.0,0.0,0.04,0.0,0.0,0.0,0.0,0.0,0.02
22,2,4,1,False,1.611024256649685,0.04504048424398066,2,qEHVI,0.36,0.14,0.42,0.04,0.0,0.0,0.0,0.0,0.04,0.0,0.0,0.0,0.0,0.0,0.0
22,2,4,1,False,1.611024256649685,0.04504048424398066,3,qEHVI,0.0,0.32,0.64,0.0,0.0,0.0,0.0,0.0,0.02,0.0,0.0,0.02,0.0,0.0,0.0
22,2,4,1,False,1.611024256649685,0.04504048424398066,4,qUCB,0.38,0.14,0.4,0.0,0.0,0.0,0.0,0.0,0.0,0.0,0.0,0.0,0.0,0.04,0.04
22,3,3,2,True,1.566566203652266,0.11392674993410257,0,qEHVI,0.4,0.2,0.3,0.04,0.0,0.0,0.0,0.0,0.0,0.0,0.0,0.04,0.0,0.02,0.0
22,3,3,2,True,1.566566203652266,0.11392674993410257,1,qEHVI,0.4,0.1,0.4,0.0,0.04,0.0,0.0,0.0,0.04,0.0,0.0,0.0,0.0,0.0,0.02
22,3,3,2,True,1.566566203652266,0.11392674993410257,2,qEHVI,0.36,0.14,0.42,0.04,0.0,0.0,0.0,0.0,0.04,0.0,0.0,0.0,0.0,0.0,0.0
22,3,3,2,True,1.566566203652266,0.11392674993410257,3,qUCB,0.38,0.14,0.4,0.0,0.0,0.0,0.0,0.0,0.0,0.0,0.0,0.0,0.0,0.04,0.04
22,3,3,2,True,1.566566203652266,0.11392674993410257,4,qUCB,0.0,0.3,0.66,0.0,0.0,0.0,0.0,0.0,0.0,0.0,0.0,0.0,0.0,0.0,0.04
22,4,2,3,False,1.364657169467592,0.05836048685341272,0,qEHVI,0.4,0.2,0.3,0.04,0.0,0.0,0.0,0.0,0.0,0.0,0.0,0.04,0.0,0.02,0.0
22,4,2,3,False,1.364657169467592,0.05836048685341272,1,qEHVI,0.4,0.1,0.4,0.0,0.04,0.0,0.0,0.0,0.04,0.0,0.0,0.0,0.0,0.0,0.02
22,4,2,3,False,1.364657169467592,0.05836048685341272,2,qUCB,0.38,0.14,0.4,0.0,0.0,0.0,0.0,0.0,0.0,0.0,0.0,0.0,0.0,0.04,0.04
22,4,2,3,False,1.364657169467592,0.05836048685341272,3,qUCB,0.0,0.32,0.64,0.0,0.0,0.0,0.0,0.0,0.02,0.0,0.0,0.02,0.0,0.0,0.0
22,4,2,3,False,1.364657169467592,0.05836048685341272,4,qUCB,0.16,0.56,0.2,0.0,0.0,0.0,0.0,0.0,0.0,0.0,0.0,0.0,0.0,0.04,0.04
22,5,1,4,False,1.404310679528054,0.01997375302745308,0,qEHVI,0.4,0.2,0.3,0.04,0.0,0.0,0.0,0.0,0.0,0.0,0.0,0.04,0.0,0.02,0.0
22,5,1,4,False,1.404310679528054,0.01997375302745308,1,qUCB,0.4,0.1,0.4,0.0,0.04,0.0,0.0,0.0,0.04,0.0,0.0,0.0,0.0,0.0,0.02
22,5,1,4,False,1.404310679528054,0.01997375302745308,2,qUCB,0.0,0.3,0.66,0.0,0.0,0.0,0.0,0.0,0.0,0.0,0.0,0.0,0.0,0.0,0.04
22,5,1,4,False,1.404310679528054,0.01997375302745308,3,qUCB,0.12,0.1,0.68,0.0,0.02,0.0,0.0,0.0,0.04,0.0,0.0,0.0,0.0,0.0,0.04
22,5,1,4,False,1.404310679528054,0.01997375302745308,4,qUCB,0.0,0.5,0.48,0.0,0.0,0.0,0.0,0.0,0.02,0.0,0.0,0.0,0.0,0.0,0.0
22,6,0,5,False,1.1905704529965944,0.13293157744673856,0,qUCB,0.4,0.1,0.4,0.0,0.04,0.0,0.0,0.0,0.04,0.0,0.0,0.0,0.0,0.0,0.02
22,6,0,5,False,1.1905704529965944,0.13293157744673856,1,qUCB,0.0,0.32,0.64,0.0,0.0,0.0,0.0,0.0,0.02,0.0,0.0,0.02,0.0,0.0,0.0
22,6,0,5,False,1.1905704529965944,0.13293157744673856,2,qUCB,0.0,0.5,0.48,0.0,0.0,0.0,0.0,0.0,0.02,0.0,0.0,0.0,0.0,0.0,0.0
22,6,0,5,False,1.1905704529965944,0.13293157744673856,3,qUCB,0.36,0.14,0.42,0.04,0.0,0.0,0.0,0.0,0.04,0.0,0.0,0.0,0.0,0.0,0.0
22,6,0,5,False,1.1905704529965944,0.13293157744673856,4,qUCB,0.26,0.48,0.16,0.04,0.0,0.0,0.0,0.0,0.0,0.0,0.0,0.0,0.0,0.04,0.02
23,1,5,0,False,1.7817415667823517,0.2454708164942223,0,qEHVI,0.42,0.14,0.4,0.0,0.02,0.0,0.0,0.0,0.0,0.0,0.0,0.0,0.0,0.02,0.0
23,1,5,0,False,1.7817415667823517,0.2454708164942223,1,qEHVI,0.64,0.0,0.26,0.04,0.0,0.0,0.0,0.0,0.02,0.0,0.0,0.04,0.0,0.0,0.0
23,1,5,0,False,1.7817415667823517,0.2454708164942223,2,qEHVI,0.4,0.06,0.46,0.0,0.04,0.0,0.0,0.0,0.0,0.0,0.0,0.0,0.0,0.0,0.04
23,1,5,0,False,1.7817415667823517,0.2454708164942223,3,qEHVI,0.26,0.18,0.46,0.0,0.04,0.0,0.0,0.0,0.04,0.0,0.0,0.0,0.0,0.02,0.0
23,1,5,0,False,1.7817415667823517,0.2454708164942223,4,qEHVI,0.44,0.18,0.3,0.04,0.0,0.0,0.0,0.0,0.0,0.0,0.0,0.04,0.0,0.0,0.0
23,2,4,1,False,1.6667010256335024,0.4107982363156386,0,qEHVI,0.42,0.14,0.4,0.0,0.02,0.0,0.0,0.0,0.0,0.0,0.0,0.0,0.0,0.02,0.0
23,2,4,1,False,1.6667010256335024,0.4107982363156386,1,qEHVI,0.64,0.0,0.26,0.04,0.0,0.0,0.0,0.0,0.02,0.0,0.0,0.04,0.0,0.0,0.0
23,2,4,1,False,1.6667010256335024,0.4107982363156386,2,qEHVI,0.4,0.06,0.46,0.0,0.04,0.0,0.0,0.0,0.0,0.0,0.0,0.0,0.0,0.0,0.04
23,2,4,1,False,1.6667010256335024,0.4107982363156386,3,qEHVI,0.26,0.18,0.46,0.0,0.04,0.0,0.0,0.0,0.04,0.0,0.0,0.0,0.0,0.02,0.0
23,2,4,1,False,1.6667010256335024,0.4107982363156386,4,qUCB,0.46,0.46,0.0,0.0,0.0,0.0,0.0,0.0,0.0,0.0,0.0,0.04,0.0,0.0,0.04
23,3,3,2,True,1.5014569739792838,0.1880419693632609,0,qEHVI,0.42,0.14,0.4,0.0,0.02,0.0,0.0,0.0,0.0,0.0,0.0,0.0,0.0,0.02,0.0
23,3,3,2,True,1.5014569739792838,0.1880419693632609,1,qEHVI,0.64,0.0,0.26,0.04,0.0,0.0,0.0,0.0,0.02,0.0,0.0,0.04,0.0,0.0,0.0
23,3,3,2,True,1.5014569739792838,0.1880419693632609,2,qEHVI,0.4,0.06,0.46,0.0,0.04,0.0,0.0,0.0,0.0,0.0,0.0,0.0,0.0,0.0,0.04
23,3,3,2,True,1.5014569739792838,0.1880419693632609,3,qUCB,0.46,0.46,0.0,0.0,0.0,0.0,0.0,0.0,0.0,0.0,0.0,0.04,0.0,0.0,0.04
23,3,3,2,True,1.5014569739792838,0.1880419693632609,4,qUCB,0.2,0.54,0.16,0.04,0.0,0.0,0.0,0.0,0.0,0.0,0.0,0.0,0.0,0.02,0.04
23,4,2,3,False,1.4012958998391922,0.17027066115002132,0,qEHVI,0.42,0.14,0.4,0.0,0.02,0.0,0.0,0.0,0.0,0.0,0.0,0.0,0.0,0.02,0.0
23,4,2,3,False,1.4012958998391922,0.17027066115002132,1,qEHVI,0.64,0.0,0.26,0.04,0.0,0.0,0.0,0.0,0.02,0.0,0.0,0.04,0.0,0.0,0.0
23,4,2,3,False,1.4012958998391922,0.17027066115002132,2,qUCB,0.46,0.46,0.0,0.0,0.0,0.0,0.0,0.0,0.0,0.0,0.0,0.04,0.0,0.0,0.04
23,4,2,3,False,1.4012958998391922,0.17027066115002132,3,qUCB,0.18,0.56,0.18,0.04,0.0,0.0,0.0,0.0,0.0,0.0,0.0,0.0,0.0,0.0,0.04
23,4,2,3,False,1.4012958998391922,0.17027066115002132,4,qUCB,0.24,0.18,0.48,0.0,0.0,0.0,0.0,0.0,0.04,0.0,0.0,0.02,0.0,0.0,0.04
23,5,1,4,False,1.162151146576632,0.048679142225257266,0,qEHVI,0.42,0.14,0.4,0.0,0.02,0.0,0.0,0.0,0.0,0.0,0.0,0.0,0.0,0.02,0.0
23,5,1,4,False,1.162151146576632,0.048679142225257266,1,qUCB,0.78,0.12,0.0,0.02,0.0,0.0,0.0,0.0,0.0,0.0,0.0,0.04,0.0,0.0,0.04
23,5,1,4,False,1.162151146576632,0.048679142225257266,2,qUCB,0.18,0.54,0.18,0.04,0.0,0.0,0.0,0.0,0.0,0.0,0.0,0.04,0.0,0.0,0.02
23,5,1,4,False,1.162151146576632,0.048679142225257266,3,qUCB,0.32,0.44,0.14,0.04,0.0,0.0,0.0,0.0,0.02,0.0,0.0,0.0,0.0,0.0,0.04
23,5,1,4,False,1.162151146576632,0.048679142225257266,4,qUCB,0.02,0.44,0.46,0.0,0.0,0.0,0.0,0.0,0.04,0.0,0.0,0.04,0.0,0.0,0.0
23,6,0,5,False,1.4537973621234601,0.05280317496404763,0,qUCB,0.42,0.14,0.4,0.0,0.02,0.0,0.0,0.0,0.0,0.0,0.0,0.0,0.0,0.02,0.0
23,6,0,5,False,1.4537973621234601,0.05280317496404763,1,qUCB,0.28,0.46,0.18,0.04,0.04,0.0,0.0,0.0,0.0,0.0,0.0,0.0,0.0,0.0,0.0
23,6,0,5,False,1.4537973621234601,0.05280317496404763,2,qUCB,0.0,0.46,0.46,0.0,0.04,0.0,0.0,0.0,0.02,0.0,0.0,0.0,0.0,0.0,0.02
23,6,0,5,False,1.4537973621234601,0.05280317496404763,3,qUCB,0.24,0.18,0.48,0.0,0.02,0.0,0.0,0.0,0.04,0.0,0.0,0.0,0.0,0.04,0.0
23,6,0,5,False,1.4537973621234601,0.05280317496404763,4,qUCB,0.24,0.48,0.2,0.0,0.0,0.0,0.0,0.0,0.0,0.0,0.0,0.04,0.0,0.04,0.0
24,1,5,0,False,1.5799881309722108,0.09851835104087314,0,qEHVI,0.44,0.16,0.3,0.04,0.0,0.0,0.0,0.0,0.0,0.0,0.0,0.04,0.0,0.02,0.0
24,1,5,0,False,1.5799881309722108,0.09851835104087314,1,qEHVI,0.0,0.66,0.3,0.0,0.02,0.0,0.0,0.0,0.0,0.0,0.0,0.0,0.0,0.02,0.0
24,1,5,0,False,1.5799881309722108,0.09851835104087314,2,qEHVI,0.42,0.14,0.38,0.02,0.0,0.0,0.0,0.0,0.0,0.0,0.0,0.04,0.0,0.0,0.0
24,1,5,0,False,1.5799881309722108,0.09851835104087314,3,qEHVI,0.62,0.02,0.32,0.02,0.0,0.0,0.0,0.0,0.0,0.0,0.0,0.02,0.0,0.0,0.0
24,1,5,0,False,1.5799881309722108,0.09851835104087314,4,qEHVI,0.66,0.24,0.08,0.0,0.0,0.0,0.0,0.0,0.02,0.0,0.0,0.0,0.0,0.0,0.0
24,2,4,1,False,1.3333263700512057,0.037346717386425254,0,qEHVI,0.44,0.16,0.3,0.04,0.0,0.0,0.0,0.0,0.0,0.0,0.0,0.04,0.0,0.02,0.0
24,2,4,1,False,1.3333263700512057,0.037346717386425254,1,qEHVI,0.0,0.66,0.3,0.0,0.02,0.0,0.0,0.0,0.0,0.0,0.0,0.0,0.0,0.02,0.0
24,2,4,1,False,1.3333263700512057,0.037346717386425254,2,qEHVI,0.42,0.14,0.38,0.02,0.0,0.0,0.0,0.0,0.0,0.0,0.0,0.04,0.0,0.0,0.0
24,2,4,1,False,1.3333263700512057,0.037346717386425254,3,qEHVI,0.62,0.02,0.32,0.02,0.0,0.0,0.0,0.0,0.0,0.0,0.0,0.02,0.0,0.0,0.0
24,2,4,1,False,1.3333263700512057,0.037346717386425254,4,qUCB,0.32,0.16,0.42,0.0,0.02,0.0,0.0,0.0,0.04,0.0,0.0,0.0,0.0,0.0,0.04
24,3,3,2,True,1.173333402023613,0.02000312376215163,0,qEHVI,0.44,0.16,0.3,0.04,0.0,0.0,0.0,0.0,0.0,0.0,0.0,0.04,0.0,0.02,0.0
24,3,3,2,True,1.173333402023613,0.02000312376215163,1,qEHVI,0.0,0.66,0.3,0.0,0.02,0.0,0.0,0.0,0.0,0.0,0.0,0.0,0.0,0.02,0.0
24,3,3,2,True,1.173333402023613,0.02000312376215163,2,qEHVI,0.42,0.14,0.38,0.02,0.0,0.0,0.0,0.0,0.0,0.0,0.0,0.04,0.0,0.0,0.0
24,3,3,2,True,1.173333402023613,0.02000312376215163,3,qUCB,0.4,0.1,0.4,0.02,0.0,0.0,0.0,0.0,0.04,0.0,0.0,0.0,0.0,0.0,0.04
24,3,3,2,True,1.173333402023613,0.02000312376215163,4,qUCB,0.64,0.08,0.18,0.0,0.02,0.0,0.0,0.0,0.04,0.0,0.0,0.0,0.0,0.0,0.04
24,4,2,3,False,1.0492760369140661,0.02759726740515145,0,qEHVI,0.44,0.16,0.3,0.04,0.0,0.0,0.0,0.0,0.0,0.0,0.0,0.04,0.0,0.02,0.0
24,4,2,3,False,1.0492760369140661,0.02759726740515145,1,qEHVI,0.0,0.66,0.3,0.0,0.02,0.0,0.0,0.0,0.0,0.0,0.0,0.0,0.0,0.02,0.0
24,4,2,3,False,1.0492760369140661,0.02759726740515145,2,qUCB,0.4,0.1,0.4,0.02,0.0,0.0,0.0,0.0,0.04,0.0,0.0,0.0,0.0,0.0,0.04
24,4,2,3,False,1.0492760369140661,0.02759726740515145,3,qUCB,0.6,0.1,0.2,0.0,0.0,0.0,0.0,0.0,0.04,0.0,0.0,0.02,0.0,0.0,0.04
24,4,2,3,False,1.0492760369140661,0.02759726740515145,4,qUCB,0.2,0.24,0.48,0.0,0.0,0.0,0.0,0.0,0.04,0.0,0.0,0.0,0.0,0.0,0.04
24,5,1,4,False,0.8752117049930032,0.11577572533696845,0,qEHVI,0.44,0.16,0.3,0.04,0.0,0.0,0.0,0.0,0.0,0.0,0.0,0.04,0.0,0.02,0.0
24,5,1,4,False,0.8752117049930032,0.11577572533696845,1,qUCB,0.44,0.06,0.4,0.0,0.04,0.0,0.0,0.0,0.04,0.0,0.0,0.0,0.0,0.02,0.0
24,5,1,4,False,0.8752117049930032,0.11577572533696845,2,qUCB,0.04,0.4,0.46,0.0,0.04,0.0,0.0,0.0,0.04,0.0,0.0,0.0,0.0,0.0,0.02
24,5,1,4,False,0.8752117049930032,0.11577572533696845,3,qUCB,0.64,0.08,0.18,0.0,0.02,0.0,0.0,0.0,0.04,0.0,0.0,0.0,0.0,0.0,0.04
24,5,1,4,False,0.8752117049930032,0.11577572533696845,4,qUCB,0.2,0.24,0.48,0.0,0.0,0.0,0.0,0.0,0.04,0.0,0.0,0.0,0.0,0.0,0.04
24,6,0,5,False,0.4948690773474563,0.1070747621270769,0,qUCB,0.42,0.44,0.04,0.0,0.0,0.0,0.0,0.0,0.0,0.0,0.0,0.04,0.0,0.02,0.04
24,6,0,5,False,0.4948690773474563,0.1070747621270769,1,qUCB,0.0,0.48,0.46,0.0,0.02,0.0,0.0,0.0,0.02,0.0,0.0,0.0,0.0,0.02,0.0
24,6,0,5,False,0.4948690773474563,0.1070747621270769,2,qUCB,0.22,0.0,0.74,0.0,0.04,0.0,0.0,0.0,0.0,0.0,0.0,0.0,0.0,0.0,0.0
24,6,0,5,False,0.4948690773474563,0.1070747621270769,3,qUCB,0.2,0.0,0.74,0.0,0.0,0.0,0.0,0.0,0.04,0.0,0.0,0.0,0.0,0.02,0.0
24,6,0,5,False,0.4948690773474563,0.1070747621270769,4,qUCB,0.18,0.0,0.74,0.04,0.04,0.0,0.0,0.0,0.0,0.0,0.0,0.0,0.0,0.0,0.0
25,1,5,0,False,1.720857452727347,0.060927520718252914,0,qEHVI,0.4,0.22,0.38,0.0,0.0,0.0,0.0,0.0,0.0,0.0,0.0,0.0,0.0,0.0,0.0
25,1,5,0,False,1.720857452727347,0.060927520718252914,1,qEHVI,0.68,0.14,0.08,0.0,0.0,0.0,0.0,0.0,0.04,0.0,0.0,0.0,0.0,0.02,0.04
25,1,5,0,False,1.720857452727347,0.060927520718252914,2,qEHVI,0.22,0.2,0.48,0.0,0.04,0.0,0.0,0.0,0.04,0.0,0.0,0.0,0.0,0.02,0.0
25,1,5,0,False,1.720857452727347,0.060927520718252914,3,qEHVI,0.0,0.46,0.46,0.0,0.0,0.0,0.0,0.0,0.04,0.0,0.0,0.02,0.0,0.02,0.0
25,1,5,0,False,1.720857452727347,0.060927520718252914,4,qEHVI,0.6,0.34,0.06,0.0,0.0,0.0,0.0,0.0,0.0,0.0,0.0,0.0,0.0,0.0,0.0
25,2,4,1,False,1.6158842772085689,0.21989641917832525,0,qEHVI,0.4,0.22,0.38,0.0,0.0,0.0,0.0,0.0,0.0,0.0,0.0,0.0,0.0,0.0,0.0
25,2,4,1,False,1.6158842772085689,0.21989641917832525,1,qEHVI,0.68,0.14,0.08,0.0,0.0,0.0,0.0,0.0,0.04,0.0,0.0,0.0,0.0,0.02,0.04
25,2,4,1,False,1.6158842772085689,0.21989641917832525,2,qEHVI,0.0,0.46,0.46,0.0,0.0,0.0,0.0,0.0,0.04,0.0,0.0,0.02,0.0,0.02,0.0
25,2,4,1,False,1.6158842772085689,0.21989641917832525,3,qEHVI,0.6,0.02,0.36,0.0,0.0,0.0,0.0,0.0,0.0,0.0,0.0,0.0,0.0,0.02,0.0
25,2,4,1,False,1.6158842772085689,0.21989641917832525,4,qUCB,0.46,0.42,0.02,0.0,0.02,0.0,0.0,0.0,0.0,0.0,0.0,0.04,0.0,0.0,0.04
25,3,3,2,True,1.6763158313130142,0.24169296024299403,0,qEHVI,0.4,0.22,0.38,0.0,0.0,0.0,0.0,0.0,0.0,0.0,0.0,0.0,0.0,0.0,0.0
25,3,3,2,True,1.6763158313130142,0.24169296024299403,1,qEHVI,0.68,0.14,0.08,0.0,0.0,0.0,0.0,0.0,0.04,0.0,0.0,0.0,0.0,0.02,0.04
25,3,3,2,True,1.6763158313130142,0.24169296024299403,2,qEHVI,0.22,0.2,0.48,0.0,0.04,0.0,0.0,0.0,0.04,0.0,0.0,0.0,0.0,0.02,0.0
25,3,3,2,True,1.6763158313130142,0.24169296024299403,3,qUCB,0.46,0.42,0.02,0.0,0.02,0.0,0.0,0.0,0.0,0.0,0.0,0.04,0.0,0.0,0.04
25,3,3,2,True,1.6763158313130142,0.24169296024299403,4,qUCB,0.0,0.42,0.48,0.0,0.04,0.0,0.0,0.0,0.0,0.0,0.0,0.04,0.0,0.02,0.0
25,4,2,3,False,1.777008554097018,0.4167447988251691,0,qEHVI,0.4,0.22,0.38,0.0,0.0,0.0,0.0,0.0,0.0,0.0,0.0,0.0,0.0,0.0,0.0
25,4,2,3,False,1.777008554097018,0.4167447988251691,1,qEHVI,0.68,0.14,0.08,0.0,0.0,0.0,0.0,0.0,0.04,0.0,0.0,0.0,0.0,0.02,0.04
25,4,2,3,False,1.777008554097018,0.4167447988251691,2,qUCB,0.46,0.42,0.02,0.0,0.02,0.0,0.0,0.0,0.0,0.0,0.0,0.04,0.0,0.0,0.04
25,4,2,3,False,1.777008554097018,0.4167447988251691,3,qUCB,0.0,0.42,0.48,0.0,0.04,0.0,0.0,0.0,0.0,0.0,0.0,0.04,0.0,0.02,0.0
25,4,2,3,False,1.777008554097018,0.4167447988251691,4,qUCB,0.22,0.2,0.48,0.0,0.04,0.0,0.0,0.0,0.04,0.0,0.0,0.0,0.0,0.02,0.0
25,5,1,4,False,1.4926612891777744,0.17527424634260758,0,qEHVI,0.4,0.22,0.38,0.0,0.0,0.0,0.0,0.0,0.0,0.0,0.0,0.0,0.0,0.0,0.0
25,5,1,4,False,1.4926612891777744,0.17527424634260758,1,qUCB,0.46,0.42,0.02,0.0,0.02,0.0,0.0,0.0,0.0,0.0,0.0,0.04,0.0,0.0,0.04
25,5,1,4,False,1.4926612891777744,0.17527424634260758,2,qUCB,0.0,0.44,0.46,0.0,0.0,0.0,0.0,0.0,0.04,0.0,0.0,0.0,0.0,0.04,0.02
25,5,1,4,False,1.4926612891777744,0.17527424634260758,3,qUCB,0.22,0.2,0.48,0.0,0.04,0.0,0.0,0.0,0.04,0.0,0.0,0.0,0.0,0.02,0.0
25,5,1,4,False,1.4926612891777744,0.17527424634260758,4,qUCB,0.0,0.42,0.48,0.0,0.04,0.0,0.0,0.0,0.0,0.0,0.0,0.04,0.0,0.02,0.0
25,6,0,5,False,1.144990289996777,0.043812407329580694,0,qUCB,0.48,0.46,0.02,0.0,0.0,0.0,0.0,0.0,0.0,0.0,0.0,0.04,0.0,0.0,0.0
25,6,0,5,False,1.144990289996777,0.043812407329580694,1,qUCB,0.0,0.44,0.46,0.0,0.0,0.0,0.0,0.0,0.04,0.0,0.0,0.0,0.0,0.04,0.02
25,6,0,5,False,1.144990289996777,0.043812407329580694,2,qUCB,0.74,0.0,0.24,0.0,0.0,0.0,0.0,0.0,0.0,0.0,0.0,0.0,0.0,0.02,0.0
25,6,0,5,False,1.144990289996777,0.043812407329580694,3,qUCB,0.22,0.2,0.48,0.0,0.04,0.0,0.0,0.0,0.04,0.0,0.0,0.0,0.0,0.02,0.0
25,6,0,5,False,1.144990289996777,0.043812407329580694,4,qUCB,0.22,0.0,0.72,0.0,0.0,0.0,0.0,0.0,0.04,0.0,0.0,0.02,0.0,0.0,0.0
26,1,5,0,False,1.6095120963431817,0.20416877910693976,0,qEHVI,0.38,0.24,0.3,0.02,0.0,0.0,0.0,0.0,0.0,0.0,0.0,0.04,0.0,0.02,0.0
26,1,5,0,False,1.6095120963431817,0.20416877910693976,1,qEHVI,0.0,0.36,0.58,0.0,0.0,0.0,0.0,0.0,0.04,0.0,0.0,0.02,0.0,0.0,0.0
26,1,5,0,False,1.6095120963431817,0.20416877910693976,2,qEHVI,0.38,0.14,0.4,0.02,0.04,0.0,0.0,0.0,0.0,0.0,0.0,0.0,0.0,0.02,0.0
26,1,5,0,False,1.6095120963431817,0.20416877910693976,3,qEHVI,0.7000000000000001,0.22,0.08,0.0,0.0,0.0,0.0,0.0,0.0,0.0,0.0,0.0,0.0,0.0,0.0
26,1,5,0,False,1.6095120963431817,0.20416877910693976,4,qEHVI,0.78,0.0,0.22,0.0,0.0,0.0,0.0,0.0,0.0,0.0,0.0,0.0,0.0,0.0,0.0
26,2,4,1,False,1.4387763519050243,0.008578654212612058,0,qEHVI,0.38,0.24,0.3,0.02,0.0,0.0,0.0,0.0,0.0,0.0,0.0,0.04,0.0,0.02,0.0
26,2,4,1,False,1.4387763519050243,0.008578654212612058,1,qEHVI,0.0,0.36,0.58,0.0,0.0,0.0,0.0,0.0,0.04,0.0,0.0,0.02,0.0,0.0,0.0
26,2,4,1,False,1.4387763519050243,0.008578654212612058,2,qEHVI,0.38,0.14,0.4,0.02,0.04,0.0,0.0,0.0,0.0,0.0,0.0,0.0,0.0,0.02,0.0
26,2,4,1,False,1.4387763519050243,0.008578654212612058,3,qEHVI,0.7000000000000001,0.22,0.08,0.0,0.0,0.0,0.0,0.0,0.0,0.0,0.0,0.0,0.0,0.0,0.0
26,2,4,1,False,1.4387763519050243,0.008578654212612058,4,qUCB,0.38,0.12,0.4,0.02,0.0,0.0,0.0,0.0,0.0,0.0,0.0,0.0,0.0,0.04,0.04
26,3,3,2,True,1.3726018525820156,0.023551133952532055,0,qEHVI,0.38,0.24,0.3,0.02,0.0,0.0,0.0,0.0,0.0,0.0,0.0,0.04,0.0,0.02,0.0
26,3,3,2,True,1.3726018525820156,0.023551133952532055,1,qEHVI,0.0,0.36,0.58,0.0,0.0,0.0,0.0,0.0,0.04,0.0,0.0,0.02,0.0,0.0,0.0
26,3,3,2,True,1.3726018525820156,0.023551133952532055,2,qEHVI,0.38,0.14,0.4,0.02,0.04,0.0,0.0,0.0,0.0,0.0,0.0,0.0,0.0,0.02,0.0
26,3,3,2,True,1.3726018525820156,0.023551133952532055,3,qUCB,0.66,0.16,0.1,0.0,0.0,0.0,0.0,0.0,0.02,0.0,0.0,0.0,0.0,0.02,0.04
26,3,3,2,True,1.3726018525820156,0.023551133952532055,4,qUCB,0.0,0.34,0.58,0.04,0.0,0.0,0.0,0.0,0.0,0.0,0.0,0.0,0.0,0.0,0.04
26,4,2,3,False,1.2400961594504798,0.025887452085245677,0,qEHVI,0.38,0.24,0.3,0.02,0.0,0.0,0.0,0.0,0.0,0.0,0.0,0.04,0.0,0.02,0.0
26,4,2,3,False,1.2400961594504798,0.025887452085245677,1,qEHVI,0.0,0.36,0.58,0.0,0.0,0.0,0.0,0.0,0.04,0.0,0.0,0.02,0.0,0.0,0.0
26,4,2,3,False,1.2400961594504798,0.025887452085245677,2,qUCB,0.7000000000000001,0.14,0.08,0.0,0.04,0.0,0.0,0.0,0.0,0.0,0.0,0.0,0.0,0.0,0.04
26,4,2,3,False,1.2400961594504798,0.025887452085245677,3,qUCB,0.0,0.34,0.58,0.04,0.0,0.0,0.0,0.0,0.0,0.0,0.0,0.0,0.0,0.0,0.04
26,4,2,3,False,1.2400961594504798,0.025887452085245677,4,qUCB,0.78,0.0,0.22,0.0,0.0,0.0,0.0,0.0,0.0,0.0,0.0,0.0,0.0,0.0,0.0
26,5,1,4,False,1.3288465320988592,0.3212602499298942,0,qEHVI,0.38,0.24,0.3,0.02,0.0,0.0,0.0,0.0,0.0,0.0,0.0,0.04,0.0,0.02,0.0
26,5,1,4,False,1.3288465320988592,0.3212602499298942,1,qUCB,0.62,0.18,0.1,0.0,0.02,0.0,0.0,0.0,0.04,0.0,0.0,0.0,0.0,0.0,0.04
26,5,1,4,False,1.3288465320988592,0.3212602499298942,2,qUCB,0.12,0.12,0.66,0.0,0.0,0.0,0.0,0.0,0.04,0.0,0.0,0.0,0.0,0.02,0.04
26,5,1,4,False,1.3288465320988592,0.3212602499298942,3,qUCB,0.0,0.34,0.58,0.04,0.0,0.0,0.0,0.0,0.0,0.0,0.0,0.0,0.0,0.0,0.04
26,5,1,4,False,1.3288465320988592,0.3212602499298942,4,qUCB,0.78,0.0,0.22,0.0,0.0,0.0,0.0,0.0,0.0,0.0,0.0,0.0,0.0,0.0,0.0
26,6,0,5,False,1.0663668611776997,0.15472647794887706,0,qUCB,0.5,0.42,0.04,0.0,0.0,0.0,0.0,0.0,0.0,0.0,0.0,0.04,0.0,0.0,0.0
26,6,0,5,False,1.0663668611776997,0.15472647794887706,1,qUCB,0.78,0.0,0.22,0.0,0.0,0.0,0.0,0.0,0.0,0.0,0.0,0.0,0.0,0.0,0.0
26,6,0,5,False,1.0663668611776997,0.15472647794887706,2,qUCB,0.0,0.3,0.6,0.04,0.02,0.0,0.0,0.0,0.0,0.0,0.0,0.04,0.0,0.0,0.0
26,6,0,5,False,1.0663668611776997,0.15472647794887706,3,qUCB,0.2,0.0,0.72,0.0,0.0,0.0,0.0,0.0,0.0,0.0,0.0,0.04,0.0,0.04,0.0
26,6,0,5,False,1.0663668611776997,0.15472647794887706,4,qUCB,0.36,0.52,0.04,0.0,0.02,0.0,0.0,0.0,0.0,0.0,0.0,0.04,0.0,0.02,0.0
27,1,5,0,False,1.2528165474517874,0.04393964229073788,0,qEHVI,0.4,0.18,0.4,0.02,0.0,0.0,0.0,0.0,0.0,0.0,0.0,0.0,0.0,0.0,0.0
27,1,5,0,False,1.2528165474517874,0.04393964229073788,1,qEHVI,0.46,0.4,0.04,0.0,0.0,0.0,0.0,0.0,0.0,0.0,0.0,0.04,0.0,0.02,0.04
27,1,5,0,False,1.2528165474517874,0.04393964229073788,2,qEHVI,0.62,0.02,0.34,0.02,0.0,0.0,0.0,0.0,0.0,0.0,0.0,0.0,0.0,0.0,0.0
27,1,5,0,False,1.2528165474517874,0.04393964229073788,3,qEHVI,0.48,0.0,0.46,0.0,0.0,0.0,0.0,0.0,0.04,0.0,0.0,0.0,0.0,0.02,0.0
27,1,5,0,False,1.2528165474517874,0.04393964229073788,4,qEHVI,0.7000000000000001,0.2,0.06,0.0,0.0,0.0,0.0,0.0,0.04,0.0,0.0,0.0,0.0,0.0,0.0
27,2,4,1,False,1.1608003217104612,0.05547920459618183,0,qEHVI,0.4,0.18,0.4,0.02,0.0,0.0,0.0,0.0,0.0,0.0,0.0,0.0,0.0,0.0,0.0
27,2,4,1,False,1.1608003217104612,0.05547920459618183,1,qEHVI,0.46,0.4,0.04,0.0,0.0,0.0,0.0,0.0,0.0,0.0,0.0,0.04,0.0,0.02,0.04
27,2,4,1,False,1.1608003217104612,0.05547920459618183,2,qEHVI,0.62,0.02,0.34,0.02,0.0,0.0,0.0,0.0,0.0,0.0,0.0,0.0,0.0,0.0,0.0
27,2,4,1,False,1.1608003217104612,0.05547920459618183,3,qEHVI,0.48,0.0,0.46,0.0,0.0,0.0,0.0,0.0,0.04,0.0,0.0,0.0,0.0,0.02,0.0
27,2,4,1,False,1.1608003217104612,0.05547920459618183,4,qUCB,0.46,0.46,0.0,0.0,0.04,0.0,0.0,0.0,0.0,0.0,0.0,0.04,0.0,0.0,0.0
27,3,3,2,True,1.0327384753624653,0.04206297685533225,0,qEHVI,0.4,0.18,0.4,0.02,0.0,0.0,0.0,0.0,0.0,0.0,0.0,0.0,0.0,0.0,0.0
27,3,3,2,True,1.0327384753624653,0.04206297685533225,1,qEHVI,0.46,0.4,0.04,0.0,0.0,0.0,0.0,0.0,0.0,0.0,0.0,0.04,0.0,0.02,0.04
27,3,3,2,True,1.0327384753624653,0.04206297685533225,2,qEHVI,0.44,0.0,0.52,0.0,0.0,0.0,0.0,0.0,0.02,0.0,0.0,0.02,0.0,0.0,0.0
27,3,3,2,True,1.0327384753624653,0.04206297685533225,3,qUCB,0.46,0.46,0.0,0.0,0.04,0.0,0.0,0.0,0.0,0.0,0.0,0.04,0.0,0.0,0.0
27,3,3,2,True,1.0327384753624653,0.04206297685533225,4,qUCB,0.16,0.1,0.64,0.0,0.04,0.0,0.0,0.0,0.0,0.0,0.0,0.0,0.0,0.04,0.02
27,4,2,3,False,0.9705235561385921,0.2815948045866953,0,qEHVI,0.4,0.18,0.4,0.02,0.0,0.0,0.0,0.0,0.0,0.0,0.0,0.0,0.0,0.0,0.0
27,4,2,3,False,0.9705235561385921,0.2815948045866953,1,qEHVI,0.46,0.4,0.04,0.0,0.0,0.0,0.0,0.0,0.0,0.0,0.0,0.04,0.0,0.02,0.04
27,4,2,3,False,0.9705235561385921,0.2815948045866953,2,qUCB,0.46,0.46,0.0,0.0,0.04,0.0,0.0,0.0,0.0,0.0,0.0,0.04,0.0,0.0,0.0
27,4,2,3,False,0.9705235561385921,0.2815948045866953,3,qUCB,0.18,0.0,0.72,0.0,0.0,0.0,0.0,0.0,0.02,0.0,0.0,0.04,0.0,0.04,0.0
27,4,2,3,False,0.9705235561385921,0.2815948045866953,4,qUCB,0.14,0.08,0.68,0.0,0.02,0.0,0.0,0.0,0.04,0.0,0.0,0.04,0.0,0.0,0.0
27,5,1,4,False,0.9155295019561124,0.41163247528961655,0,qEHVI,0.4,0.18,0.4,0.02,0.0,0.0,0.0,0.0,0.0,0.0,0.0,0.0,0.0,0.0,0.0
27,5,1,4,False,0.9155295019561124,0.41163247528961655,1,qUCB,0.46,0.4,0.04,0.0,0.0,0.0,0.0,0.0,0.0,0.0,0.0,0.04,0.0,0.02,0.04
27,5,1,4,False,0.9155295019561124,0.41163247528961655,2,qUCB,0.18,0.0,0.72,0.0,0.0,0.0,0.0,0.0,0.02,0.0,0.0,0.04,0.0,0.04,0.0
27,5,1,4,False,0.9155295019561124,0.41163247528961655,3,qUCB,0.32,0.54,0.04,0.0,0.0,0.0,0.0,0.0,0.0,0.0,0.0,0.04,0.0,0.04,0.02
27,5,1,4,False,0.9155295019561124,0.41163247528961655,4,qUCB,0.14,0.1,0.66,0.0,0.0,0.0,0.0,0.0,0.02,0.0,0.0,0.04,0.0,0.04,0.0
27,6,0,5,False,0.7266757066096637,0.017841960402714463,0,qUCB,0.46,0.4,0.04,0.0,0.0,0.0,0.0,0.0,0.0,0.0,0.0,0.04,0.0,0.02,0.04
27,6,0,5,False,0.7266757066096637,0.017841960402714463,1,qUCB,0.22,0.02,0.74,0.02,0.0,0.0,0.0,0.0,0.0,0.0,0.0,0.0,0.0,0.0,0.0
27,6,0,5,False,0.7266757066096637,0.017841960402714463,2,qUCB,0.72,0.0,0.22,0.0,0.0,0.0,0.0,0.0,0.02,0.0,0.0,0.0,0.0,0.04,0.0
27,6,0,5,False,0.7266757066096637,0.017841960402714463,3,qUCB,0.14,0.08,0.68,0.0,0.02,0.0,0.0,0.0,0.04,0.0,0.0,0.04,0.0,0.0,0.0
27,6,0,5,False,0.7266757066096637,0.017841960402714463,4,qUCB,0.32,0.54,0.04,0.0,0.0,0.0,0.0,0.0,0.0,0.0,0.0,0.04,0.0,0.04,0.02
28,1,5,0,False,1.2578522100382952,0.234809426374758,0,qEHVI,0.4,0.2,0.3,0.02,0.0,0.0,0.0,0.0,0.0,0.0,0.0,0.04,0.0,0.0,0.04
28,1,5,0,False,1.2578522100382952,0.234809426374758,1,qEHVI,0.6,0.02,0.34,0.0,0.0,0.0,0.0,0.0,0.02,0.0,0.0,0.02,0.0,0.0,0.0
28,1,5,0,False,1.2578522100382952,0.234809426374758,2,qEHVI,0.68,0.14,0.1,0.0,0.0,0.0,0.0,0.0,0.04,0.0,0.0,0.04,0.0,0.0,0.0
28,1,5,0,False,1.2578522100382952,0.234809426374758,3,qEHVI,0.68,0.14,0.08,0.04,0.0,0.0,0.0,0.0,0.0,0.0,0.0,0.0,0.0,0.04,0.02
28,1,5,0,False,1.2578522100382952,0.234809426374758,4,qEHVI,0.44,0.0,0.46,0.02,0.0,0.0,0.0,0.0,0.02,0.0,0.0,0.0,0.0,0.04,0.02
28,2,4,1,False,1.1286738510782526,0.018890406173931673,0,qEHVI,0.4,0.2,0.3,0.02,0.0,0.0,0.0,0.0,0.0,0.0,0.0,0.04,0.0,0.0,0.04
28,2,4,1,False,1.1286738510782526,0.018890406173931673,1,qEHVI,0.6,0.02,0.34,0.0,0.0,0.0,0.0,0.0,0.02,0.0,0.0,0.02,0.0,0.0,0.0
28,2,4,1,False,1.1286738510782526,0.018890406173931673,2,qEHVI,0.68,0.14,0.1,0.0,0.0,0.0,0.0,0.0,0.04,0.0,0.0,0.04,0.0,0.0,0.0
28,2,4,1,False,1.1286738510782526,0.018890406173931673,3,qEHVI,0.68,0.14,0.08,0.04,0.0,0.0,0.0,0.0,0.0,0.0,0.0,0.0,0.0,0.04,0.02
28,2,4,1,False,1.1286738510782526,0.018890406173931673,4,qUCB,0.38,0.5,0.02,0.0,0.02,0.0,0.0,0.0,0.0,0.0,0.0,0.04,0.0,0.04,0.0
28,3,3,2,True,1.068144369327772,0.14149250714725925,0,qEHVI,0.4,0.2,0.3,0.02,0.0,0.0,0.0,0.0,0.0,0.0,0.0,0.04,0.0,0.0,0.04
28,3,3,2,True,1.068144369327772,0.14149250714725925,1,qEHVI,0.6,0.02,0.34,0.0,0.0,0.0,0.0,0.0,0.02,0.0,0.0,0.02,0.0,0.0,0.0
28,3,3,2,True,1.068144369327772,0.14149250714725925,2,qEHVI,0.68,0.14,0.1,0.0,0.0,0.0,0.0,0.0,0.04,0.0,0.0,0.04,0.0,0.0,0.0
28,3,3,2,True,1.068144369327772,0.14149250714725925,3,qUCB,0.42,0.06,0.42,0.04,0.04,0.0,0.0,0.0,0.0,0.0,0.0,0.0,0.0,0.02,0.0
28,3,3,2,True,1.068144369327772,0.14149250714725925,4,qUCB,0.14,0.04,0.72,0.04,0.04,0.0,0.0,0.0,0.0,0.0,0.0,0.0,0.0,0.0,0.02
28,4,2,3,False,0.8562645243783094,0.3579221423186894,0,qEHVI,0.4,0.2,0.3,0.02,0.0,0.0,0.0,0.0,0.0,0.0,0.0,0.04,0.0,0.0,0.04
28,4,2,3,False,0.8562645243783094,0.3579221423186894,1,qEHVI,0.6,0.02,0.34,0.0,0.0,0.0,0.0,0.0,0.02,0.0,0.0,0.02,0.0,0.0,0.0
28,4,2,3,False,0.8562645243783094,0.3579221423186894,2,qUCB,0.42,0.06,0.42,0.04,0.04,0.0,0.0,0.0,0.0,0.0,0.0,0.0,0.0,0.02,0.0
28,4,2,3,False,0.8562645243783094,0.3579221423186894,3,qUCB,0.14,0.04,0.72,0.04,0.04,0.0,0.0,0.0,0.0,0.0,0.0,0.0,0.0,0.0,0.02
28,4,2,3,False,0.8562645243783094,0.3579221423186894,4,qUCB,0.18,0.52,0.22,0.0,0.04,0.0,0.0,0.0,0.0,0.0,0.0,0.0,0.0,0.04,0.0
28,5,1,4,False,0.7040106904424903,0.0990518268809153,0,qEHVI,0.4,0.2,0.3,0.02,0.0,0.0,0.0,0.0,0.0,0.0,0.0,0.04,0.0,0.0,0.04
28,5,1,4,False,0.7040106904424903,0.0990518268809153,1,qUCB,0.46,0.28,0.16,0.0,0.02,0.0,0.0,0.0,0.04,0.0,0.0,0.0,0.0,0.04,0.0
28,5,1,4,False,0.7040106904424903,0.0990518268809153,2,qUCB,0.16,0.02,0.72,0.0,0.02,0.0,0.0,0.0,0.04,0.0,0.0,0.0,0.0,0.04,0.0
28,5,1,4,False,0.7040106904424903,0.0990518268809153,3,qUCB,0.8,0.0,0.1,0.02,0.0,0.0,0.0,0.0,0.04,0.0,0.0,0.0,0.0,0.04,0.0
28,5,1,4,False,0.7040106904424903,0.0990518268809153,4,qUCB,0.7000000000000001,0.14,0.08,0.0,0.0,0.0,0.0,0.0,0.04,0.0,0.0,0.0,0.0,0.04,0.0
28,6,0,5,False,0.5507404860329242,0.044628373912102504,0,qUCB,0.44,0.46,0.02,0.0,0.0,0.0,0.0,0.0,0.0,0.0,0.0,0.04,0.0,0.0,0.04
28,6,0,5,False,0.5507404860329242,0.044628373912102504,1,qUCB,0.74,0.0,0.22,0.02,0.0,0.0,0.0,0.0,0.0,0.0,0.0,0.0,0.0,0.0,0.02
28,6,0,5,False,0.5507404860329242,0.044628373912102504,2,qUCB,0.2,0.0,0.74,0.02,0.0,0.0,0.0,0.0,0.02,0.0,0.0,0.0,0.0,0.0,0.02
28,6,0,5,False,0.5507404860329242,0.044628373912102504,3,qUCB,0.34,0.54,0.06,0.0,0.0,0.0,0.0,0.0,0.0,0.0,0.0,0.04,0.0,0.0,0.02
28,6,0,5,False,0.5507404860329242,0.044628373912102504,4,qUCB,0.68,0.02,0.22,0.0,0.04,0.0,0.0,0.0,0.0,0.0,0.0,0.04,0.0,0.0,0.0
29,1,5,0,False,1.2646466847468922,0.05431872168295282,0,qEHVI,0.42,0.22,0.3,0.02,0.0,0.0,0.0,0.0,0.0,0.0,0.0,0.04,0.0,0.0,0.0
29,1,5,0,False,1.2646466847468922,0.05431872168295282,1,qEHVI,0.64,0.18,0.08,0.04,0.02,0.0,0.0,0.0,0.0,0.0,0.0,0.02,0.0,0.0,0.02
29,1,5,0,False,1.2646466847468922,0.05431872168295282,2,qEHVI,0.38,0.16,0.4,0.0,0.0,0.0,0.0,0.0,0.0,0.0,0.0,0.04,0.0,0.02,0.0
29,1,5,0,False,1.2646466847468922,0.05431872168295282,3,qEHVI,0.44,0.0,0.46,0.02,0.04,0.0,0.0,0.0,0.04,0.0,0.0,0.0,0.0,0.0,0.0
29,1,5,0,False,1.2646466847468922,0.05431872168295282,4,qEHVI,0.0,0.36,0.54,0.04,0.0,0.0,0.0,0.0,0.0,0.0,0.0,0.04,0.0,0.0,0.02
29,2,4,1,False,1.1502845193435185,0.297285029620193,0,qEHVI,0.42,0.22,0.3,0.02,0.0,0.0,0.0,0.0,0.0,0.0,0.0,0.04,0.0,0.0,0.0
29,2,4,1,False,1.1502845193435185,0.297285029620193,1,qEHVI,0.64,0.18,0.08,0.04,0.02,0.0,0.0,0.0,0.0,0.0,0.0,0.02,0.0,0.0,0.02
29,2,4,1,False,1.1502845193435185,0.297285029620193,2,qEHVI,0.38,0.16,0.4,0.0,0.0,0.0,0.0,0.0,0.0,0.0,0.0,0.04,0.0,0.02,0.0
29,2,4,1,False,1.1502845193435185,0.297285029620193,3,qEHVI,0.44,0.0,0.46,0.02,0.04,0.0,0.0,0.0,0.04,0.0,0.0,0.0,0.0,0.0,0.0
29,2,4,1,False,1.1502845193435185,0.297285029620193,4,qUCB,0.74,0.08,0.08,0.0,0.0,0.0,0.0,0.0,0.04,0.0,0.0,0.0,0.0,0.02,0.04
29,3,3,2,True,1.061501535553837,0.027491762432307,0,qEHVI,0.42,0.22,0.3,0.02,0.0,0.0,0.0,0.0,0.0,0.0,0.0,0.04,0.0,0.0,0.0
29,3,3,2,True,1.061501535553837,0.027491762432307,1,qEHVI,0.64,0.18,0.08,0.04,0.02,0.0,0.0,0.0,0.0,0.0,0.0,0.02,0.0,0.0,0.02
29,3,3,2,True,1.061501535553837,0.027491762432307,2,qEHVI,0.38,0.16,0.4,0.0,0.0,0.0,0.0,0.0,0.0,0.0,0.0,0.04,0.0,0.02,0.0
29,3,3,2,True,1.061501535553837,0.027491762432307,3,qUCB,0.42,0.06,0.42,0.0,0.04,0.0,0.0,0.0,0.04,0.0,0.0,0.0,0.0,0.02,0.0
29,3,3,2,True,1.061501535553837,0.027491762432307,4,qUCB,0.24,0.0,0.72,0.0,0.0,0.0,0.0,0.0,0.04,0.0,0.0,0.0,0.0,0.0,0.0
29,4,2,3,False,0.856583489325154,0.019392225909391936,0,qEHVI,0.42,0.22,0.3,0.02,0.0,0.0,0.0,0.0,0.0,0.0,0.0,0.04,0.0,0.0,0.0
29,4,2,3,False,0.856583489325154,0.019392225909391936,1,qEHVI,0.64,0.18,0.08,0.04,0.02,0.0,0.0,0.0,0.0,0.0,0.0,0.02,0.0,0.0,0.02
29,4,2,3,False,0.856583489325154,0.019392225909391936,2,qUCB,0.48,0.02,0.4,0.0,0.0,0.0,0.0,0.0,0.04,0.0,0.0,0.0,0.0,0.04,0.02
29,4,2,3,False,0.856583489325154,0.019392225909391936,3,qUCB,0.74,0.0,0.18,0.0,0.0,0.0,0.0,0.0,0.04,0.0,0.0,0.0,0.0,0.04,0.0
29,4,2,3,False,0.856583489325154,0.019392225909391936,4,qUCB,0.24,0.0,0.72,0.0,0.0,0.0,0.0,0.0,0.04,0.0,0.0,0.0,0.0,0.0,0.0
29,5,1,4,False,0.7988067219887419,0.18908622764991678,0,qEHVI,0.42,0.22,0.3,0.02,0.0,0.0,0.0,0.0,0.0,0.0,0.0,0.04,0.0,0.0,0.0
29,5,1,4,False,0.7988067219887419,0.18908622764991678,1,qUCB,0.42,0.06,0.42,0.0,0.04,0.0,0.0,0.0,0.04,0.0,0.0,0.0,0.0,0.02,0.0
29,5,1,4,False,0.7988067219887419,0.18908622764991678,2,qUCB,0.38,0.36,0.16,0.0,0.04,0.0,0.0,0.0,0.04,0.0,0.0,0.0,0.0,0.0,0.02
29,5,1,4,False,0.7988067219887419,0.18908622764991678,3,qUCB,0.72,0.0,0.22,0.0,0.02,0.0,0.0,0.0,0.0,0.0,0.0,0.0,0.0,0.0,0.04
29,5,1,4,False,0.7988067219887419,0.18908622764991678,4,qUCB,0.24,0.0,0.72,0.0,0.0,0.0,0.0,0.0,0.04,0.0,0.0,0.0,0.0,0.0,0.0
29,6,0,5,False,0.6217017480032785,0.04167090349500402,0,qUCB,0.46,0.46,0.04,0.0,0.0,0.0,0.0,0.0,0.0,0.0,0.0,0.04,0.0,0.0,0.0
29,6,0,5,False,0.6217017480032785,0.04167090349500402,1,qUCB,0.76,0.0,0.2,0.0,0.0,0.0,0.0,0.0,0.0,0.0,0.0,0.0,0.0,0.0,0.04
29,6,0,5,False,0.6217017480032785,0.04167090349500402,2,qUCB,0.32,0.54,0.04,0.0,0.02,0.0,0.0,0.0,0.0,0.0,0.0,0.04,0.0,0.02,0.02
29,6,0,5,False,0.6217017480032785,0.04167090349500402,3,qUCB,0.24,0.0,0.72,0.0,0.0,0.0,0.0,0.0,0.04,0.0,0.0,0.0,0.0,0.0,0.0
29,6,0,5,False,0.6217017480032785,0.04167090349500402,4,qUCB,0.68,0.0,0.22,0.0,0.0,0.0,0.0,0.0,0.04,0.0,0.0,0.04,0.0,0.0,0.02
30,1,5,0,False,1.1118131330417633,0.11255624275511655,0,qEHVI,0.46,0.0,0.48,0.0,0.0,0.0,0.0,0.0,0.02,0.0,0.0,0.0,0.0,0.04,0.0
30,1,5,0,False,1.1118131330417633,0.11255624275511655,1,qEHVI,0.68,0.18,0.08,0.04,0.0,0.0,0.0,0.0,0.0,0.0,0.0,0.0,0.0,0.0,0.02
30,1,5,0,False,1.1118131330417633,0.11255624275511655,2,qEHVI,0.74,0.16,0.0,0.0,0.02,0.0,0.0,0.0,0.04,0.0,0.0,0.04,0.0,0.0,0.0
30,1,5,0,False,1.1118131330417633,0.11255624275511655,3,qEHVI,0.6,0.0,0.32,0.0,0.0,0.0,0.0,0.0,0.0,0.0,0.0,0.02,0.0,0.04,0.02
30,1,5,0,False,1.1118131330417633,0.11255624275511655,4,qEHVI,0.02,0.26,0.68,0.04,0.0,0.0,0.0,0.0,0.0,0.0,0.0,0.0,0.0,0.0,0.0
30,2,4,1,False,1.0468535579570488,0.20672980994804258,0,qEHVI,0.46,0.0,0.48,0.0,0.0,0.0,0.0,0.0,0.02,0.0,0.0,0.0,0.0,0.04,0.0
30,2,4,1,False,1.0468535579570488,0.20672980994804258,1,qEHVI,0.68,0.18,0.08,0.04,0.0,0.0,0.0,0.0,0.0,0.0,0.0,0.0,0.0,0.0,0.02
30,2,4,1,False,1.0468535579570488,0.20672980994804258,2,qEHVI,0.74,0.16,0.0,0.0,0.02,0.0,0.0,0.0,0.04,0.0,0.0,0.04,0.0,0.0,0.0
30,2,4,1,False,1.0468535579570488,0.20672980994804258,3,qEHVI,0.02,0.26,0.68,0.04,0.0,0.0,0.0,0.0,0.0,0.0,0.0,0.0,0.0,0.0,0.0
30,2,4,1,False,1.0468535579570488,0.20672980994804258,4,qUCB,0.44,0.42,0.06,0.0,0.0,0.0,0.0,0.0,0.0,0.0,0.0,0.04,0.0,0.0,0.04
30,3,3,2,True,0.8512303241334773,0.17203686606184582,0,qEHVI,0.46,0.0,0.48,0.0,0.0,0.0,0.0,0.0,0.02,0.0,0.0,0.0,0.0,0.04,0.0
30,3,3,2,True,0.8512303241334773,0.17203686606184582,1,qEHVI,0.68,0.18,0.08,0.04,0.0,0.0,0.0,0.0,0.0,0.0,0.0,0.0,0.0,0.0,0.02
30,3,3,2,True,0.8512303241334773,0.17203686606184582,2,qEHVI,0.74,0.16,0.0,0.0,0.02,0.0,0.0,0.0,0.04,0.0,0.0,0.04,0.0,0.0,0.0
30,3,3,2,True,0.8512303241334773,0.17203686606184582,3,qUCB,0.44,0.42,0.06,0.0,0.0,0.0,0.0,0.0,0.0,0.0,0.0,0.04,0.0,0.0,0.04
30,3,3,2,True,0.8512303241334773,0.17203686606184582,4,qUCB,0.1,0.62,0.2,0.0,0.04,0.0,0.0,0.0,0.0,0.0,0.0,0.0,0.0,0.0,0.04
30,4,2,3,False,0.7680947132750727,0.09018470123819866,0,qEHVI,0.46,0.0,0.48,0.0,0.0,0.0,0.0,0.0,0.02,0.0,0.0,0.0,0.0,0.04,0.0
30,4,2,3,False,0.7680947132750727,0.09018470123819866,1,qEHVI,0.68,0.18,0.08,0.04,0.0,0.0,0.0,0.0,0.0,0.0,0.0,0.0,0.0,0.0,0.02
30,4,2,3,False,0.7680947132750727,0.09018470123819866,2,qUCB,0.48,0.42,0.02,0.0,0.04,0.0,0.0,0.0,0.0,0.0,0.0,0.04,0.0,0.0,0.0
30,4,2,3,False,0.7680947132750727,0.09018470123819866,3,qUCB,0.34,0.54,0.04,0.0,0.04,0.0,0.0,0.0,0.0,0.0,0.0,0.04,0.0,0.0,0.0
30,4,2,3,False,0.7680947132750727,0.09018470123819866,4,qUCB,0.32,0.58,0.0,0.0,0.04,0.0,0.0,0.0,0.0,0.0,0.0,0.04,0.0,0.02,0.0
30,5,1,4,False,0.5231129200274875,0.019063346357014344,0,qEHVI,0.46,0.0,0.48,0.0,0.0,0.0,0.0,0.0,0.02,0.0,0.0,0.0,0.0,0.04,0.0
30,5,1,4,False,0.5231129200274875,0.019063346357014344,1,qUCB,0.44,0.42,0.04,0.0,0.02,0.0,0.0,0.0,0.0,0.0,0.0,0.04,0.0,0.0,0.04
30,5,1,4,False,0.5231129200274875,0.019063346357014344,2,qUCB,0.34,0.54,0.04,0.0,0.04,0.0,0.0,0.0,0.0,0.0,0.0,0.04,0.0,0.0,0.0
30,5,1,4,False,0.5231129200274875,0.019063346357014344,3,qUCB,0.34,0.46,0.1,0.02,0.0,0.0,0.0,0.0,0.0,0.0,0.0,0.04,0.0,0.0,0.04
30,5,1,4,False,0.5231129200274875,0.019063346357014344,4,qUCB,0.32,0.58,0.0,0.0,0.04,0.0,0.0,0.0,0.0,0.0,0.0,0.04,0.0,0.02,0.0
30,6,0,5,False,0.5130929976675566,0.031876585239143385,0,qUCB,0.48,0.42,0.0,0.0,0.02,0.0,0.0,0.0,0.0,0.0,0.0,0.04,0.0,0.04,0.0
30,6,0,5,False,0.5130929976675566,0.031876585239143385,1,qUCB,0.74,0.0,0.22,0.02,0.0,0.0,0.0,0.0,0.0,0.0,0.0,0.0,0.0,0.02,0.0
30,6,0,5,False,0.5130929976675566,0.031876585239143385,2,qUCB,0.34,0.54,0.04,0.0,0.04,0.0,0.0,0.0,0.0,0.0,0.0,0.04,0.0,0.0,0.0
30,6,0,5,False,0.5130929976675566,0.031876585239143385,3,qUCB,0.66,0.02,0.22,0.0,0.0,0.0,0.0,0.0,0.0,0.0,0.0,0.04,0.0,0.04,0.02
30,6,0,5,False,0.5130929976675566,0.031876585239143385,4,qUCB,0.44,0.28,0.2,0.0,0.0,0.0,0.0,0.0,0.04,0.0,0.0,0.04,0.0,0.0,0.0
31,1,5,0,False,1.3606415824490712,0.37118734151069965,0,qEHVI,0.42,0.14,0.4,0.0,0.0,0.0,0.0,0.0,0.0,0.0,0.0,0.02,0.0,0.0,0.02
31,1,5,0,False,1.3606415824490712,0.37118734151069965,1,qEHVI,0.62,0.34,0.04,0.0,0.0,0.0,0.0,0.0,0.0,0.0,0.0,0.0,0.0,0.0,0.0
31,1,5,0,False,1.3606415824490712,0.37118734151069965,2,qEHVI,0.44,0.08,0.38,0.0,0.04,0.0,0.0,0.0,0.0,0.0,0.0,0.04,0.0,0.02,0.0
31,1,5,0,False,1.3606415824490712,0.37118734151069965,3,qEHVI,0.56,0.3,0.04,0.0,0.02,0.0,0.0,0.0,0.0,0.0,0.0,0.04,0.0,0.0,0.04
31,1,5,0,False,1.3606415824490712,0.37118734151069965,4,qEHVI,0.64,0.02,0.32,0.0,0.0,0.0,0.0,0.0,0.02,0.0,0.0,0.0,0.0,0.0,0.0
31,2,4,1,False,1.220505383304529,0.39307580728143066,0,qEHVI,0.42,0.14,0.4,0.0,0.0,0.0,0.0,0.0,0.0,0.0,0.0,0.02,0.0,0.0,0.02
31,2,4,1,False,1.220505383304529,0.39307580728143066,1,qEHVI,0.62,0.34,0.04,0.0,0.0,0.0,0.0,0.0,0.0,0.0,0.0,0.0,0.0,0.0,0.0
31,2,4,1,False,1.220505383304529,0.39307580728143066,2,qEHVI,0.44,0.08,0.38,0.0,0.04,0.0,0.0,0.0,0.0,0.0,0.0,0.04,0.0,0.02,0.0
31,2,4,1,False,1.220505383304529,0.39307580728143066,3,qEHVI,0.56,0.3,0.04,0.0,0.02,0.0,0.0,0.0,0.0,0.0,0.0,0.04,0.0,0.0,0.04
31,2,4,1,False,1.220505383304529,0.39307580728143066,4,qUCB,0.36,0.14,0.4,0.04,0.0,0.0,0.0,0.0,0.04,0.0,0.0,0.0,0.0,0.02,0.0
31,3,3,2,True,1.1217208813395239,0.10494121423929137,0,qEHVI,0.44,0.08,0.38,0.0,0.04,0.0,0.0,0.0,0.0,0.0,0.0,0.04,0.0,0.02,0.0
31,3,3,2,True,1.1217208813395239,0.10494121423929137,1,qEHVI,0.62,0.34,0.04,0.0,0.0,0.0,0.0,0.0,0.0,0.0,0.0,0.0,0.0,0.0,0.0
31,3,3,2,True,1.1217208813395239,0.10494121423929137,2,qEHVI,0.42,0.14,0.4,0.0,0.0,0.0,0.0,0.0,0.0,0.0,0.0,0.02,0.0,0.0,0.02
31,3,3,2,True,1.1217208813395239,0.10494121423929137,3,qUCB,0.36,0.14,0.4,0.04,0.0,0.0,0.0,0.0,0.04,0.0,0.0,0.0,0.0,0.02,0.0
31,3,3,2,True,1.1217208813395239,0.10494121423929137,4,qUCB,0.42,0.08,0.4,0.04,0.04,0.0,0.0,0.0,0.0,0.0,0.0,0.0,0.0,0.0,0.02
31,4,2,3,False,0.9546453145282152,0.09276184395954434,0,qEHVI,0.42,0.14,0.4,0.0,0.0,0.0,0.0,0.0,0.0,0.0,0.0,0.02,0.0,0.0,0.02
31,4,2,3,False,0.9546453145282152,0.09276184395954434,1,qEHVI,0.62,0.34,0.04,0.0,0.0,0.0,0.0,0.0,0.0,0.0,0.0,0.0,0.0,0.0,0.0
31,4,2,3,False,0.9546453145282152,0.09276184395954434,2,qUCB,0.4,0.1,0.4,0.02,0.04,0.0,0.0,0.0,0.0,0.0,0.0,0.0,0.0,0.04,0.0
31,4,2,3,False,0.9546453145282152,0.09276184395954434,3,qUCB,0.28,0.6,0.02,0.0,0.04,0.0,0.0,0.0,0.0,0.0,0.0,0.04,0.0,0.02,0.0
31,4,2,3,False,0.9546453145282152,0.09276184395954434,4,qUCB,0.78,0.0,0.12,0.0,0.0,0.0,0.0,0.0,0.04,0.0,0.0,0.0,0.0,0.04,0.02
31,5,1,4,False,0.6000306133920913,0.11233433805453708,0,qEHVI,0.44,0.08,0.38,0.0,0.04,0.0,0.0,0.0,0.0,0.0,0.0,0.04,0.0,0.02,0.0
31,5,1,4,False,0.6000306133920913,0.11233433805453708,1,qUCB,0.4,0.14,0.38,0.04,0.0,0.0,0.0,0.0,0.04,0.0,0.0,0.0,0.0,0.0,0.0
31,5,1,4,False,0.6000306133920913,0.11233433805453708,2,qUCB,0.34,0.58,0.02,0.0,0.0,0.0,0.0,0.0,0.0,0.0,0.0,0.0,0.0,0.02,0.04
31,5,1,4,False,0.6000306133920913,0.11233433805453708,3,qUCB,0.5,0.24,0.16,0.04,0.0,0.0,0.0,0.0,0.04,0.0,0.0,0.0,0.0,0.0,0.02
31,5,1,4,False,0.6000306133920913,0.11233433805453708,4,qUCB,0.38,0.36,0.16,0.04,0.0,0.0,0.0,0.0,0.04,0.0,0.0,0.0,0.0,0.02,0.0
31,6,0,5,False,0.41379725169921944,0.08662830047763881,0,qUCB,0.4,0.48,0.02,0.0,0.02,0.0,0.0,0.0,0.0,0.0,0.0,0.04,0.0,0.02,0.02
31,6,0,5,False,0.41379725169921944,0.08662830047763881,1,qUCB,0.78,0.0,0.2,0.0,0.0,0.0,0.0,0.0,0.02,0.0,0.0,0.0,0.0,0.0,0.0
31,6,0,5,False,0.41379725169921944,0.08662830047763881,2,qUCB,0.36,0.6,0.02,0.0,0.0,0.0,0.0,0.0,0.0,0.0,0.0,0.0,0.0,0.0,0.02
31,6,0,5,False,0.41379725169921944,0.08662830047763881,3,qUCB,0.48,0.44,0.04,0.0,0.0,0.0,0.0,0.0,0.0,0.0,0.0,0.02,0.0,0.0,0.02
31,6,0,5,False,0.41379725169921944,0.08662830047763881,4,qUCB,0.36,0.54,0.06,0.0,0.0,0.0,0.0,0.0,0.0,0.0,0.0,0.04,0.0,0.0,0.0
32,1,5,0,False,1.0494525225142042,0.024371131411387026,0,qEHVI,0.52,0.1,0.3,0.04,0.0,0.0,0.0,0.0,0.0,0.0,0.0,0.04,0.0,0.0,0.0
32,1,5,0,False,1.0494525225142042,0.024371131411387026,1,qEHVI,0.4,0.12,0.38,0.04,0.0,0.0,0.0,0.0,0.0,0.0,0.0,0.0,0.0,0.02,0.04
32,1,5,0,False,1.0494525225142042,0.024371131411387026,2,qEHVI,0.6,0.0,0.32,0.0,0.02,0.0,0.0,0.0,0.02,0.0,0.0,0.02,0.0,0.0,0.02
32,1,5,0,False,1.0494525225142042,0.024371131411387026,3,qEHVI,0.44,0.0,0.46,0.0,0.02,0.0,0.0,0.0,0.02,0.0,0.0,0.0,0.0,0.02,0.04
32,1,5,0,False,1.0494525225142042,0.024371131411387026,4,qEHVI,0.4,0.48,0.02,0.0,0.04,0.0,0.0,0.0,0.0,0.0,0.0,0.04,0.0,0.0,0.02
32,2,4,1,False,0.9346303343139419,0.06943296674453414,0,qEHVI,0.52,0.1,0.3,0.04,0.0,0.0,0.0,0.0,0.0,0.0,0.0,0.04,0.0,0.0,0.0
32,2,4,1,False,0.9346303343139419,0.06943296674453414,1,qEHVI,0.4,0.12,0.38,0.04,0.0,0.0,0.0,0.0,0.0,0.0,0.0,0.0,0.0,0.02,0.04
32,2,4,1,False,0.9346303343139419,0.06943296674453414,2,qEHVI,0.6,0.0,0.32,0.0,0.02,0.0,0.0,0.0,0.02,0.0,0.0,0.02,0.0,0.0,0.02
32,2,4,1,False,0.9346303343139419,0.06943296674453414,3,qEHVI,0.44,0.0,0.46,0.0,0.02,0.0,0.0,0.0,0.02,0.0,0.0,0.0,0.0,0.02,0.04
32,2,4,1,False,0.9346303343139419,0.06943296674453414,4,qUCB,0.44,0.5,0.0,0.0,0.0,0.0,0.0,0.0,0.0,0.0,0.0,0.02,0.0,0.04,0.0
32,3,3,2,True,0.8234456831995567,0.048135405324710945,0,qEHVI,0.52,0.1,0.3,0.04,0.0,0.0,0.0,0.0,0.0,0.0,0.0,0.04,0.0,0.0,0.0
32,3,3,2,True,0.8234456831995567,0.048135405324710945,1,qEHVI,0.4,0.12,0.38,0.04,0.0,0.0,0.0,0.0,0.0,0.0,0.0,0.0,0.0,0.02,0.04
32,3,3,2,True,0.8234456831995567,0.048135405324710945,2,qEHVI,0.6,0.0,0.32,0.0,0.02,0.0,0.0,0.0,0.02,0.0,0.0,0.02,0.0,0.0,0.02
32,3,3,2,True,0.8234456831995567,0.048135405324710945,3,qUCB,0.42,0.5,0.04,0.0,0.0,0.0,0.0,0.0,0.0,0.0,0.0,0.0,0.0,0.04,0.0
32,3,3,2,True,0.8234456831995567,0.048135405324710945,4,qUCB,0.32,0.56,0.02,0.0,0.02,0.0,0.0,0.0,0.0,0.0,0.0,0.04,0.0,0.04,0.0
32,4,2,3,False,0.6797640856924568,0.024874556880316145,0,qEHVI,0.52,0.1,0.3,0.04,0.0,0.0,0.0,0.0,0.0,0.0,0.0,0.04,0.0,0.0,0.0
32,4,2,3,False,0.6797640856924568,0.024874556880316145,1,qEHVI,0.4,0.12,0.38,0.04,0.0,0.0,0.0,0.0,0.0,0.0,0.0,0.0,0.0,0.02,0.04
32,4,2,3,False,0.6797640856924568,0.024874556880316145,2,qUCB,0.5,0.36,0.04,0.0,0.04,0.0,0.0,0.0,0.0,0.0,0.0,0.02,0.0,0.04,0.0
32,4,2,3,False,0.6797640856924568,0.024874556880316145,3,qUCB,0.8,0.0,0.1,0.0,0.04,0.0,0.0,0.0,0.04,0.0,0.0,0.0,0.0,0.02,0.0
32,4,2,3,False,0.6797640856924568,0.024874556880316145,4,qUCB,0.76,0.0,0.2,0.0,0.04,0.0,0.0,0.0,0.0,0.0,0.0,0.0,0.0,0.0,0.0
32,5,1,4,False,0.5265466100601475,0.033739398672469,0,qEHVI,0.52,0.1,0.3,0.04,0.0,0.0,0.0,0.0,0.0,0.0,0.0,0.04,0.0,0.0,0.0
32,5,1,4,False,0.5265466100601475,0.033739398672469,1,qUCB,0.36,0.54,0.0,0.0,0.04,0.0,0.0,0.0,0.0,0.0,0.0,0.0,0.0,0.04,0.02
32,5,1,4,False,0.5265466100601475,0.033739398672469,2,qUCB,0.38,0.12,0.4,0.0,0.0,0.0,0.0,0.0,0.04,0.0,0.0,0.0,0.0,0.04,0.02
32,5,1,4,False,0.5265466100601475,0.033739398672469,3,qUCB,0.3,0.58,0.02,0.0,0.04,0.0,0.0,0.0,0.0,0.0,0.0,0.0,0.0,0.04,0.02
32,5,1,4,False,0.5265466100601475,0.033739398672469,4,qUCB,0.36,0.5,0.06,0.0,0.04,0.0,0.0,0.0,0.0,0.0,0.0,0.0,0.0,0.0,0.04
32,6,0,5,False,0.4612139969607788,0.02076479483951027,0,qUCB,0.4,0.48,0.02,0.0,0.04,0.0,0.0,0.0,0.0,0.0,0.0,0.04,0.0,0.0,0.02
32,6,0,5,False,0.4612139969607788,0.02076479483951027,1,qUCB,0.36,0.56,0.04,0.0,0.0,0.0,0.0,0.0,0.0,0.0,0.0,0.04,0.0,0.0,0.0
32,6,0,5,False,0.4612139969607788,0.02076479483951027,2,qUCB,0.76,0.0,0.2,0.0,0.04,0.0,0.0,0.0,0.0,0.0,0.0,0.0,0.0,0.0,0.0
32,6,0,5,False,0.4612139969607788,0.02076479483951027,3,qUCB,0.42,0.52,0.0,0.0,0.0,0.0,0.0,0.0,0.0,0.0,0.0,0.04,0.0,0.02,0.0
32,6,0,5,False,0.4612139969607788,0.02076479483951027,4,qUCB,0.38,0.6,0.0,0.0,0.02,0.0,0.0,0.0,0.0,0.0,0.0,0.0,0.0,0.0,0.0
33,1,5,0,False,1.2781345170414002,0.19689276922567522,0,qEHVI,0.46,0.0,0.46,0.04,0.0,0.0,0.0,0.0,0.0,0.0,0.0,0.0,0.0,0.0,0.04
33,1,5,0,False,1.2781345170414002,0.19689276922567522,1,qEHVI,0.64,0.0,0.32,0.02,0.0,0.0,0.0,0.0,0.0,0.0,0.0,0.0,0.0,0.02,0.0
33,1,5,0,False,1.2781345170414002,0.19689276922567522,2,qEHVI,0.56,0.28,0.06,0.0,0.02,0.0,0.0,0.0,0.0,0.0,0.0,0.04,0.0,0.0,0.04
33,1,5,0,False,1.2781345170414002,0.19689276922567522,3,qEHVI,0.46,0.0,0.46,0.0,0.04,0.0,0.0,0.0,0.0,0.0,0.0,0.04,0.0,0.0,0.0
33,1,5,0,False,1.2781345170414002,0.19689276922567522,4,qEHVI,0.46,0.08,0.36,0.0,0.02,0.0,0.0,0.0,0.0,0.0,0.0,0.04,0.0,0.04,0.0
33,2,4,1,False,1.2174910636922913,0.16024430840012194,0,qEHVI,0.46,0.0,0.46,0.04,0.0,0.0,0.0,0.0,0.0,0.0,0.0,0.0,0.0,0.0,0.04
33,2,4,1,False,1.2174910636922913,0.16024430840012194,1,qEHVI,0.64,0.0,0.32,0.02,0.0,0.0,0.0,0.0,0.0,0.0,0.0,0.0,0.0,0.02,0.0
33,2,4,1,False,1.2174910636922913,0.16024430840012194,2,qEHVI,0.56,0.28,0.06,0.0,0.02,0.0,0.0,0.0,0.0,0.0,0.0,0.04,0.0,0.0,0.04
33,2,4,1,False,1.2174910636922913,0.16024430840012194,3,qEHVI,0.44,0.0,0.46,0.0,0.0,0.0,0.0,0.0,0.0,0.0,0.0,0.02,0.0,0.04,0.04
33,2,4,1,False,1.2174910636922913,0.16024430840012194,4,qUCB,0.38,0.12,0.4,0.0,0.04,0.0,0.0,0.0,0.04,0.0,0.0,0.0,0.0,0.0,0.02
33,3,3,2,True,0.9940377291800777,0.03943603932873341,0,qEHVI,0.46,0.0,0.46,0.04,0.0,0.0,0.0,0.0,0.0,0.0,0.0,0.0,0.0,0.0,0.04
33,3,3,2,True,0.9940377291800777,0.03943603932873341,1,qEHVI,0.64,0.0,0.32,0.02,0.0,0.0,0.0,0.0,0.0,0.0,0.0,0.0,0.0,0.02,0.0
33,3,3,2,True,0.9940377291800777,0.03943603932873341,2,qEHVI,0.56,0.28,0.06,0.0,0.02,0.0,0.0,0.0,0.0,0.0,0.0,0.04,0.0,0.0,0.04
33,3,3,2,True,0.9940377291800777,0.03943603932873341,3,qUCB,0.38,0.12,0.4,0.0,0.04,0.0,0.0,0.0,0.04,0.0,0.0,0.0,0.0,0.0,0.02
33,3,3,2,True,0.9940377291800777,0.03943603932873341,4,qUCB,0.0,0.8200000000000001,0.08,0.04,0.0,0.0,0.0,0.0,0.02,0.0,0.0,0.04,0.0,0.0,0.0
33,4,2,3,False,0.6915383527921946,0.05331518323812601,0,qEHVI,0.46,0.0,0.46,0.04,0.0,0.0,0.0,0.0,0.0,0.0,0.0,0.0,0.0,0.0,0.04
33,4,2,3,False,0.6915383527921946,0.05331518323812601,1,qEHVI,0.64,0.0,0.32,0.02,0.0,0.0,0.0,0.0,0.0,0.0,0.0,0.0,0.0,0.02,0.0
33,4,2,3,False,0.6915383527921946,0.05331518323812601,2,qUCB,0.46,0.38,0.06,0.0,0.04,0.0,0.0,0.0,0.0,0.0,0.0,0.04,0.0,0.0,0.02
33,4,2,3,False,0.6915383527921946,0.05331518323812601,3,qUCB,0.4,0.36,0.14,0.0,0.0,0.0,0.0,0.0,0.04,0.0,0.0,0.04,0.0,0.0,0.02
33,4,2,3,False,0.6915383527921946,0.05331518323812601,4,qUCB,0.72,0.0,0.18,0.0,0.02,0.0,0.0,0.0,0.04,0.0,0.0,0.04,0.0,0.0,0.0
33,5,1,4,False,0.5291598759607935,0.027105942263538907,0,qEHVI,0.46,0.0,0.46,0.04,0.0,0.0,0.0,0.0,0.0,0.0,0.0,0.0,0.0,0.0,0.04
33,5,1,4,False,0.5291598759607935,0.027105942263538907,1,qUCB,0.5,0.36,0.04,0.0,0.02,0.0,0.0,0.0,0.0,0.0,0.0,0.04,0.0,0.04,0.0
33,5,1,4,False,0.5291598759607935,0.027105942263538907,2,qUCB,0.72,0.0,0.18,0.0,0.02,0.0,0.0,0.0,0.04,0.0,0.0,0.04,0.0,0.0,0.0
33,5,1,4,False,0.5291598759607935,0.027105942263538907,3,qUCB,0.54,0.18,0.18,0.0,0.0,0.0,0.0,0.0,0.04,0.0,0.0,0.04,0.0,0.02,0.0
33,5,1,4,False,0.5291598759607935,0.027105942263538907,4,qUCB,0.46,0.44,0.02,0.0,0.0,0.0,0.0,0.0,0.0,0.0,0.0,0.04,0.0,0.04,0.0
33,6,0,5,False,0.45598853858176186,0.025511493299818833,0,qUCB,0.44,0.12,0.4,0.0,0.04,0.0,0.0,0.0,0.0,0.0,0.0,0.0,0.0,0.0,0.0
33,6,0,5,False,0.45598853858176186,0.025511493299818833,1,qUCB,0.74,0.0,0.22,0.0,0.02,0.0,0.0,0.0,0.0,0.0,0.0,0.0,0.0,0.0,0.02
33,6,0,5,False,0.45598853858176186,0.025511493299818833,2,qUCB,0.84,0.0,0.14,0.0,0.0,0.0,0.0,0.0,0.02,0.0,0.0,0.0,0.0,0.0,0.0
33,6,0,5,False,0.45598853858176186,0.025511493299818833,3,qUCB,0.46,0.38,0.06,0.0,0.04,0.0,0.0,0.0,0.0,0.0,0.0,0.04,0.0,0.0,0.02
33,6,0,5,False,0.45598853858176186,0.025511493299818833,4,qUCB,0.44,0.32,0.16,0.04,0.0,0.0,0.0,0.0,0.04,0.0,0.0,0.0,0.0,0.0,0.0
34,1,5,0,False,1.132002486462668,0.2684838068444382,0,qEHVI,0.4,0.18,0.32,0.04,0.0,0.0,0.0,0.0,0.0,0.0,0.0,0.04,0.0,0.02,0.0
34,1,5,0,False,1.132002486462668,0.2684838068444382,1,qEHVI,0.46,0.12,0.4,0.0,0.0,0.0,0.0,0.0,0.0,0.0,0.0,0.0,0.0,0.0,0.02
34,1,5,0,False,1.132002486462668,0.2684838068444382,2,qEHVI,0.42,0.1,0.38,0.02,0.04,0.0,0.0,0.0,0.0,0.0,0.0,0.0,0.0,0.04,0.0
34,1,5,0,False,1.132002486462668,0.2684838068444382,3,qEHVI,0.42,0.02,0.46,0.0,0.0,0.0,0.0,0.0,0.0,0.0,0.0,0.04,0.0,0.04,0.02
34,1,5,0,False,1.132002486462668,0.2684838068444382,4,qEHVI,0.54,0.32,0.04,0.0,0.02,0.0,0.0,0.0,0.0,0.0,0.0,0.02,0.0,0.02,0.04
34,2,4,1,False,1.0116323533961198,0.34778216865563927,0,qEHVI,0.4,0.18,0.32,0.04,0.0,0.0,0.0,0.0,0.0,0.0,0.0,0.04,0.0,0.02,0.0
34,2,4,1,False,1.0116323533961198,0.34778216865563927,1,qEHVI,0.46,0.12,0.4,0.0,0.0,0.0,0.0,0.0,0.0,0.0,0.0,0.0,0.0,0.0,0.02
34,2,4,1,False,1.0116323533961198,0.34778216865563927,2,qEHVI,0.42,0.1,0.38,0.02,0.04,0.0,0.0,0.0,0.0,0.0,0.0,0.0,0.0,0.04,0.0
34,2,4,1,False,1.0116323533961198,0.34778216865563927,3,qEHVI,0.42,0.02,0.46,0.0,0.0,0.0,0.0,0.0,0.0,0.0,0.0,0.04,0.0,0.04,0.02
34,2,4,1,False,1.0116323533961198,0.34778216865563927,4,qUCB,0.44,0.06,0.4,0.0,0.04,0.0,0.0,0.0,0.02,0.0,0.0,0.04,0.0,0.0,0.0
34,3,3,2,True,0.9908080782485784,0.08393042719062294,0,qEHVI,0.4,0.18,0.32,0.04,0.0,0.0,0.0,0.0,0.0,0.0,0.0,0.04,0.0,0.02,0.0
34,3,3,2,True,0.9908080782485784,0.08393042719062294,1,qEHVI,0.46,0.12,0.4,0.0,0.0,0.0,0.0,0.0,0.0,0.0,0.0,0.0,0.0,0.0,0.02
34,3,3,2,True,0.9908080782485784,0.08393042719062294,2,qEHVI,0.42,0.02,0.46,0.0,0.0,0.0,0.0,0.0,0.0,0.0,0.0,0.04,0.0,0.04,0.02
34,3,3,2,True,0.9908080782485784,0.08393042719062294,3,qUCB,0.42,0.1,0.38,0.02,0.04,0.0,0.0,0.0,0.0,0.0,0.0,0.0,0.0,0.04,0.0
34,3,3,2,True,0.9908080782485784,0.08393042719062294,4,qUCB,0.42,0.42,0.06,0.0,0.04,0.0,0.0,0.0,0.02,0.0,0.0,0.04,0.0,0.0,0.0
34,4,2,3,False,0.8151905904305552,0.13430378295117862,0,qEHVI,0.4,0.18,0.32,0.04,0.0,0.0,0.0,0.0,0.0,0.0,0.0,0.04,0.0,0.02,0.0
34,4,2,3,False,0.8151905904305552,0.13430378295117862,1,qEHVI,0.46,0.12,0.4,0.0,0.0,0.0,0.0,0.0,0.0,0.0,0.0,0.0,0.0,0.0,0.02
34,4,2,3,False,0.8151905904305552,0.13430378295117862,2,qUCB,0.42,0.1,0.38,0.02,0.04,0.0,0.0,0.0,0.0,0.0,0.0,0.0,0.0,0.04,0.0
34,4,2,3,False,0.8151905904305552,0.13430378295117862,3,qUCB,0.42,0.42,0.06,0.0,0.04,0.0,0.0,0.0,0.02,0.0,0.0,0.04,0.0,0.0,0.0
34,4,2,3,False,0.8151905904305552,0.13430378295117862,4,qUCB,0.66,0.04,0.2,0.0,0.02,0.0,0.0,0.0,0.04,0.0,0.0,0.04,0.0,0.0,0.0
34,5,1,4,False,0.6977277456045782,0.32170212977881896,0,qEHVI,0.4,0.18,0.32,0.04,0.0,0.0,0.0,0.0,0.0,0.0,0.0,0.04,0.0,0.02,0.0
34,5,1,4,False,0.6977277456045782,0.32170212977881896,1,qUCB,0.42,0.1,0.38,0.0,0.04,0.0,0.0,0.0,0.04,0.0,0.0,0.0,0.0,0.0,0.02
34,5,1,4,False,0.6977277456045782,0.32170212977881896,2,qUCB,0.5,0.38,0.04,0.0,0.04,0.0,0.0,0.0,0.0,0.0,0.0,0.0,0.0,0.0,0.04
34,5,1,4,False,0.6977277456045782,0.32170212977881896,3,qUCB,0.42,0.08,0.42,0.0,0.04,0.0,0.0,0.0,0.0,0.0,0.0,0.0,0.0,0.0,0.04
34,5,1,4,False,0.6977277456045782,0.32170212977881896,4,qUCB,0.78,0.0,0.22,0.0,0.0,0.0,0.0,0.0,0.0,0.0,0.0,0.0,0.0,0.0,0.0
34,6,0,5,False,0.613851063605866,0.06572280986590506,0,qUCB,0.48,0.4,0.02,0.0,0.02,0.0,0.0,0.0,0.0,0.0,0.0,0.04,0.0,0.0,0.04
34,6,0,5,False,0.613851063605866,0.06572280986590506,1,qUCB,0.78,0.0,0.22,0.0,0.0,0.0,0.0,0.0,0.0,0.0,0.0,0.0,0.0,0.0,0.0
34,6,0,5,False,0.613851063605866,0.06572280986590506,2,qUCB,0.46,0.12,0.4,0.0,0.0,0.0,0.0,0.0,0.0,0.0,0.0,0.0,0.0,0.0,0.02
34,6,0,5,False,0.613851063605866,0.06572280986590506,3,qUCB,0.44,0.14,0.38,0.0,0.04,0.0,0.0,0.0,0.0,0.0,0.0,0.0,0.0,0.0,0.0
34,6,0,5,False,0.613851063605866,0.06572280986590506,4,qUCB,0.7000000000000001,0.0,0.24,0.0,0.0,0.0,0.0,0.0,0.0,0.0,0.0,0.02,0.0,0.0,0.04
35,1,5,0,False,0.9923103715511604,0.045975514141849416,0,qEHVI,0.44,0.0,0.46,0.0,0.04,0.0,0.0,0.0,0.0,0.0,0.0,0.02,0.0,0.0,0.04
35,1,5,0,False,0.9923103715511604,0.045975514141849416,1,qEHVI,0.44,0.12,0.4,0.0,0.0,0.0,0.0,0.0,0.04,0.0,0.0,0.0,0.0,0.0,0.0
35,1,5,0,False,0.9923103715511604,0.045975514141849416,2,qEHVI,0.4,0.2,0.3,0.02,0.04,0.0,0.0,0.0,0.0,0.0,0.0,0.04,0.0,0.0,0.0
35,1,5,0,False,0.9923103715511604,0.045975514141849416,3,qEHVI,0.64,0.0,0.32,0.0,0.0,0.0,0.0,0.0,0.0,0.0,0.0,0.02,0.0,0.0,0.02
35,1,5,0,False,0.9923103715511604,0.045975514141849416,4,qEHVI,0.5,0.1,0.36,0.0,0.0,0.0,0.0,0.0,0.0,0.0,0.0,0.04,0.0,0.0,0.0
35,2,4,1,False,0.8911561281667354,0.0030077942422508386,0,qEHVI,0.44,0.0,0.46,0.0,0.04,0.0,0.0,0.0,0.0,0.0,0.0,0.02,0.0,0.0,0.04
35,2,4,1,False,0.8911561281667354,0.0030077942422508386,1,qEHVI,0.44,0.12,0.4,0.0,0.0,0.0,0.0,0.0,0.04,0.0,0.0,0.0,0.0,0.0,0.0
35,2,4,1,False,0.8911561281667354,0.0030077942422508386,2,qEHVI,0.4,0.2,0.3,0.02,0.04,0.0,0.0,0.0,0.0,0.0,0.0,0.04,0.0,0.0,0.0
35,2,4,1,False,0.8911561281667354,0.0030077942422508386,3,qEHVI,0.64,0.0,0.32,0.0,0.0,0.0,0.0,0.0,0.0,0.0,0.0,0.02,0.0,0.0,0.02
35,2,4,1,False,0.8911561281667354,0.0030077942422508386,4,qUCB,0.44,0.08,0.4,0.04,0.0,0.0,0.0,0.0,0.0,0.0,0.0,0.0,0.0,0.04,0.0
35,3,3,2,True,0.8420140884644788,0.07069419298578339,0,qEHVI,0.44,0.0,0.46,0.0,0.04,0.0,0.0,0.0,0.0,0.0,0.0,0.02,0.0,0.0,0.04
35,3,3,2,True,0.8420140884644788,0.07069419298578339,1,qEHVI,0.44,0.12,0.4,0.0,0.0,0.0,0.0,0.0,0.04,0.0,0.0,0.0,0.0,0.0,0.0
35,3,3,2,True,0.8420140884644788,0.07069419298578339,2,qEHVI,0.4,0.2,0.3,0.02,0.04,0.0,0.0,0.0,0.0,0.0,0.0,0.04,0.0,0.0,0.0
35,3,3,2,True,0.8420140884644788,0.07069419298578339,3,qUCB,0.42,0.12,0.36,0.04,0.0,0.0,0.0,0.0,0.0,0.0,0.0,0.0,0.0,0.04,0.02
35,3,3,2,True,0.8420140884644788,0.07069419298578339,4,qUCB,0.44,0.08,0.4,0.04,0.0,0.0,0.0,0.0,0.0,0.0,0.0,0.0,0.0,0.04,0.0
35,4,2,3,False,0.652073167722514,0.11016383884532477,0,qEHVI,0.44,0.0,0.46,0.0,0.04,0.0,0.0,0.0,0.0,0.0,0.0,0.02,0.0,0.0,0.04
35,4,2,3,False,0.652073167722514,0.11016383884532477,1,qEHVI,0.44,0.12,0.4,0.0,0.0,0.0,0.0,0.0,0.04,0.0,0.0,0.0,0.0,0.0,0.0
35,4,2,3,False,0.652073167722514,0.11016383884532477,2,qUCB,0.42,0.12,0.36,0.04,0.0,0.0,0.0,0.0,0.0,0.0,0.0,0.0,0.0,0.04,0.02
35,4,2,3,False,0.652073167722514,0.11016383884532477,3,qUCB,0.42,0.48,0.0,0.0,0.02,0.0,0.0,0.0,0.0,0.0,0.0,0.04,0.0,0.04,0.0
35,4,2,3,False,0.652073167722514,0.11016383884532477,4,qUCB,0.0,0.62,0.28,0.04,0.0,0.0,0.0,0.0,0.0,0.0,0.0,0.0,0.0,0.04,0.02
35,5,1,4,False,0.4185907062542044,0.07438949160984665,0,qEHVI,0.44,0.0,0.46,0.0,0.04,0.0,0.0,0.0,0.0,0.0,0.0,0.02,0.0,0.0,0.04
35,5,1,4,False,0.4185907062542044,0.07438949160984665,1,qUCB,0.44,0.08,0.38,0.02,0.0,0.0,0.0,0.0,0.04,0.0,0.0,0.0,0.0,0.04,0.0
35,5,1,4,False,0.4185907062542044,0.07438949160984665,2,qUCB,0.78,0.0,0.14,0.0,0.0,0.0,0.0,0.0,0.04,0.0,0.0,0.0,0.0,0.04,0.0
35,5,1,4,False,0.4185907062542044,0.07438949160984665,3,qUCB,0.4,0.36,0.16,0.04,0.0,0.0,0.0,0.0,0.04,0.0,0.0,0.0,0.0,0.0,0.0
35,5,1,4,False,0.4185907062542044,0.07438949160984665,4,qUCB,0.46,0.3,0.14,0.04,0.0,0.0,0.0,0.0,0.02,0.0,0.0,0.0,0.0,0.04,0.0
35,6,0,5,False,0.39278525372953843,0.28619046163831596,0,qUCB,0.46,0.1,0.38,0.0,0.04,0.0,0.0,0.0,0.0,0.0,0.0,0.0,0.0,0.02,0.0
35,6,0,5,False,0.39278525372953843,0.28619046163831596,1,qUCB,0.76,0.0,0.22,0.0,0.02,0.0,0.0,0.0,0.0,0.0,0.0,0.0,0.0,0.0,0.0
35,6,0,5,False,0.39278525372953843,0.28619046163831596,2,qUCB,0.8200000000000001,0.0,0.12,0.04,0.0,0.0,0.0,0.0,0.02,0.0,0.0,0.0,0.0,0.0,0.0
35,6,0,5,False,0.39278525372953843,0.28619046163831596,3,qUCB,0.5,0.44,0.0,0.0,0.0,0.0,0.0,0.0,0.0,0.0,0.0,0.04,0.0,0.0,0.02
35,6,0,5,False,0.39278525372953843,0.28619046163831596,4,qUCB,0.42,0.18,0.36,0.04,0.0,0.0,0.0,0.0,0.0,0.0,0.0,0.0,0.0,0.0,0.0
36,1,5,0,False,0.8514238933084316,0.11209565415770939,0,qEHVI,0.42,0.18,0.3,0.02,0.0,0.0,0.0,0.0,0.0,0.0,0.0,0.04,0.0,0.02,0.02
36,1,5,0,False,0.8514238933084316,0.11209565415770939,1,qEHVI,0.64,0.0,0.32,0.0,0.0,0.0,0.0,0.0,0.04,0.0,0.0,0.0,0.0,0.0,0.0
36,1,5,0,False,0.8514238933084316,0.11209565415770939,2,qEHVI,0.46,0.02,0.44,0.0,0.02,0.0,0.0,0.0,0.02,0.0,0.0,0.0,0.0,0.0,0.04
36,1,5,0,False,0.8514238933084316,0.11209565415770939,3,qEHVI,0.54,0.32,0.04,0.0,0.0,0.0,0.0,0.0,0.0,0.0,0.0,0.02,0.0,0.04,0.04
36,1,5,0,False,0.8514238933084316,0.11209565415770939,4,qEHVI,0.0,0.26,0.7000000000000001,0.04,0.0,0.0,0.0,0.0,0.0,0.0,0.0,0.0,0.0,0.0,0.0
36,2,4,1,False,0.7945329910269393,0.06621705922024113,0,qEHVI,0.42,0.18,0.3,0.02,0.0,0.0,0.0,0.0,0.0,0.0,0.0,0.04,0.0,0.02,0.02
36,2,4,1,False,0.7945329910269393,0.06621705922024113,1,qEHVI,0.64,0.0,0.32,0.0,0.0,0.0,0.0,0.0,0.04,0.0,0.0,0.0,0.0,0.0,0.0
36,2,4,1,False,0.7945329910269393,0.06621705922024113,2,qEHVI,0.46,0.02,0.44,0.0,0.02,0.0,0.0,0.0,0.02,0.0,0.0,0.0,0.0,0.0,0.04
36,2,4,1,False,0.7945329910269393,0.06621705922024113,3,qEHVI,0.54,0.32,0.04,0.0,0.0,0.0,0.0,0.0,0.0,0.0,0.0,0.02,0.0,0.04,0.04
36,2,4,1,False,0.7945329910269393,0.06621705922024113,4,qUCB,0.4,0.1,0.4,0.04,0.04,0.0,0.0,0.0,0.02,0.0,0.0,0.0,0.0,0.0,0.0
36,3,3,2,True,0.6620441976253986,0.014862569296688832,0,qEHVI,0.42,0.18,0.3,0.02,0.0,0.0,0.0,0.0,0.0,0.0,0.0,0.04,0.0,0.02,0.02
36,3,3,2,True,0.6620441976253986,0.014862569296688832,1,qEHVI,0.64,0.0,0.32,0.0,0.0,0.0,0.0,0.0,0.04,0.0,0.0,0.0,0.0,0.0,0.0
36,3,3,2,True,0.6620441976253986,0.014862569296688832,2,qEHVI,0.46,0.02,0.44,0.0,0.02,0.0,0.0,0.0,0.02,0.0,0.0,0.0,0.0,0.0,0.04
36,3,3,2,True,0.6620441976253986,0.014862569296688832,3,qUCB,0.4,0.1,0.4,0.04,0.04,0.0,0.0,0.0,0.02,0.0,0.0,0.0,0.0,0.0,0.0
36,3,3,2,True,0.6620441976253986,0.014862569296688832,4,qUCB,0.72,0.0,0.22,0.0,0.04,0.0,0.0,0.0,0.0,0.0,0.0,0.0,0.0,0.02,0.0
36,4,2,3,False,0.5611580784666107,0.047638476417549036,0,qEHVI,0.42,0.18,0.3,0.02,0.0,0.0,0.0,0.0,0.0,0.0,0.0,0.04,0.0,0.02,0.02
36,4,2,3,False,0.5611580784666107,0.047638476417549036,1,qEHVI,0.64,0.0,0.32,0.0,0.0,0.0,0.0,0.0,0.04,0.0,0.0,0.0,0.0,0.0,0.0
36,4,2,3,False,0.5611580784666107,0.047638476417549036,2,qUCB,0.4,0.08,0.42,0.0,0.04,0.0,0.0,0.0,0.0,0.0,0.0,0.0,0.0,0.04,0.02
36,4,2,3,False,0.5611580784666107,0.047638476417549036,3,qUCB,0.72,0.0,0.22,0.0,0.04,0.0,0.0,0.0,0.0,0.0,0.0,0.0,0.0,0.02,0.0
36,4,2,3,False,0.5611580784666107,0.047638476417549036,4,qUCB,0.76,0.0,0.16,0.0,0.04,0.0,0.0,0.0,0.0,0.0,0.0,0.0,0.0,0.04,0.0
36,5,1,4,False,0.44302113569845847,0.07299420078301999,0,qEHVI,0.42,0.18,0.3,0.02,0.0,0.0,0.0,0.0,0.0,0.0,0.0,0.04,0.0,0.02,0.02
36,5,1,4,False,0.44302113569845847,0.07299420078301999,1,qUCB,0.42,0.1,0.4,0.0,0.04,0.0,0.0,0.0,0.04,0.0,0.0,0.0,0.0,0.0,0.0
36,5,1,4,False,0.44302113569845847,0.07299420078301999,2,qUCB,0.68,0.0,0.22,0.0,0.04,0.0,0.0,0.0,0.04,0.0,0.0,0.0,0.0,0.0,0.02
36,5,1,4,False,0.44302113569845847,0.07299420078301999,3,qUCB,0.4,0.18,0.34,0.0,0.04,0.0,0.0,0.0,0.04,0.0,0.0,0.0,0.0,0.0,0.0
36,5,1,4,False,0.44302113569845847,0.07299420078301999,4,qUCB,0.8,0.0,0.18,0.0,0.0,0.0,0.0,0.0,0.02,0.0,0.0,0.0,0.0,0.0,0.0
36,6,0,5,False,0.30881571029584315,0.10386020354840042,0,qUCB,0.44,0.08,0.4,0.0,0.04,0.0,0.0,0.0,0.0,0.0,0.0,0.02,0.0,0.02,0.0
36,6,0,5,False,0.30881571029584315,0.10386020354840042,1,qUCB,0.8,0.0,0.18,0.0,0.0,0.0,0.0,0.0,0.02,0.0,0.0,0.0,0.0,0.0,0.0
36,6,0,5,False,0.30881571029584315,0.10386020354840042,2,qUCB,0.7000000000000001,0.02,0.22,0.0,0.0,0.0,0.0,0.0,0.0,0.0,0.0,0.04,0.0,0.02,0.0
36,6,0,5,False,0.30881571029584315,0.10386020354840042,3,qUCB,0.64,0.1,0.2,0.0,0.0,0.0,0.0,0.0,0.0,0.0,0.0,0.04,0.0,0.02,0.0
36,6,0,5,False,0.30881571029584315,0.10386020354840042,4,qUCB,0.4,0.5,0.0,0.0,0.02,0.0,0.0,0.0,0.0,0.0,0.0,0.02,0.0,0.02,0.04
37,1,5,0,False,0.8800405619406186,0.11219906066810026,0,qEHVI,0.46,0.16,0.3,0.02,0.0,0.0,0.0,0.0,0.0,0.0,0.0,0.04,0.0,0.0,0.02
37,1,5,0,False,0.8800405619406186,0.11219906066810026,1,qEHVI,0.5,0.1,0.36,0.0,0.0,0.0,0.0,0.0,0.0,0.0,0.0,0.04,0.0,0.0,0.0
37,1,5,0,False,0.8800405619406186,0.11219906066810026,2,qEHVI,0.0,0.22,0.7000000000000001,0.04,0.0,0.0,0.0,0.0,0.02,0.0,0.0,0.0,0.0,0.02,0.0
37,1,5,0,False,0.8800405619406186,0.11219906066810026,3,qEHVI,0.4,0.12,0.4,0.04,0.0,0.0,0.0,0.0,0.0,0.0,0.0,0.0,0.0,0.04,0.0
37,1,5,0,False,0.8800405619406186,0.11219906066810026,4,qEHVI,0.46,0.02,0.44,0.02,0.0,0.0,0.0,0.0,0.02,0.0,0.0,0.04,0.0,0.0,0.0
37,2,4,1,False,0.8243904388737302,0.1701023777612498,0,qEHVI,0.46,0.16,0.3,0.02,0.0,0.0,0.0,0.0,0.0,0.0,0.0,0.04,0.0,0.0,0.02
37,2,4,1,False,0.8243904388737302,0.1701023777612498,1,qEHVI,0.46,0.14,0.38,0.0,0.0,0.0,0.0,0.0,0.0,0.0,0.0,0.0,0.0,0.0,0.02
37,2,4,1,False,0.8243904388737302,0.1701023777612498,2,qEHVI,0.5,0.1,0.36,0.0,0.0,0.0,0.0,0.0,0.0,0.0,0.0,0.04,0.0,0.0,0.0
37,2,4,1,False,0.8243904388737302,0.1701023777612498,3,qEHVI,0.0,0.22,0.7000000000000001,0.04,0.0,0.0,0.0,0.0,0.02,0.0,0.0,0.0,0.0,0.02,0.0
37,2,4,1,False,0.8243904388737302,0.1701023777612498,4,qUCB,0.42,0.08,0.4,0.0,0.04,0.0,0.0,0.0,0.04,0.0,0.0,0.0,0.0,0.02,0.0
37,3,3,2,True,0.6690850048222456,0.12485319151545049,0,qEHVI,0.46,0.16,0.3,0.02,0.0,0.0,0.0,0.0,0.0,0.0,0.0,0.04,0.0,0.0,0.02
37,3,3,2,True,0.6690850048222456,0.12485319151545049,1,qEHVI,0.0,0.22,0.7000000000000001,0.04,0.0,0.0,0.0,0.0,0.02,0.0,0.0,0.0,0.0,0.02,0.0
37,3,3,2,True,0.6690850048222456,0.12485319151545049,2,qEHVI,0.46,0.14,0.38,0.0,0.0,0.0,0.0,0.0,0.0,0.0,0.0,0.0,0.0,0.0,0.02
37,3,3,2,True,0.6690850048222456,0.12485319151545049,3,qUCB,0.42,0.08,0.4,0.0,0.04,0.0,0.0,0.0,0.04,0.0,0.0,0.0,0.0,0.02,0.0
37,3,3,2,True,0.6690850048222456,0.12485319151545049,4,qUCB,0.78,0.0,0.14,0.0,0.04,0.0,0.0,0.0,0.04,0.0,0.0,0.0,0.0,0.0,0.0
37,4,2,3,False,0.5674286590987448,0.0826828318056414,0,qEHVI,0.46,0.16,0.3,0.02,0.0,0.0,0.0,0.0,0.0,0.0,0.0,0.04,0.0,0.0,0.02
37,4,2,3,False,0.5674286590987448,0.0826828318056414,1,qEHVI,0.46,0.14,0.38,0.0,0.0,0.0,0.0,0.0,0.0,0.0,0.0,0.0,0.0,0.0,0.02
37,4,2,3,False,0.5674286590987448,0.0826828318056414,2,qUCB,0.44,0.08,0.38,0.02,0.04,0.0,0.0,0.0,0.0,0.0,0.0,0.0,0.0,0.04,0.0
37,4,2,3,False,0.5674286590987448,0.0826828318056414,3,qUCB,0.76,0.0,0.14,0.04,0.0,0.0,0.0,0.0,0.02,0.0,0.0,0.0,0.0,0.04,0.0
37,4,2,3,False,0.5674286590987448,0.0826828318056414,4,qUCB,0.78,0.0,0.14,0.0,0.04,0.0,0.0,0.0,0.04,0.0,0.0,0.0,0.0,0.0,0.0
37,5,1,4,False,0.49144671781541555,0.11096901233261303,0,qEHVI,0.46,0.16,0.3,0.02,0.0,0.0,0.0,0.0,0.0,0.0,0.0,0.04,0.0,0.0,0.02
37,5,1,4,False,0.49144671781541555,0.11096901233261303,1,qUCB,0.42,0.08,0.4,0.0,0.04,0.0,0.0,0.0,0.04,0.0,0.0,0.0,0.0,0.02,0.0
37,5,1,4,False,0.49144671781541555,0.11096901233261303,2,qUCB,0.78,0.0,0.14,0.0,0.04,0.0,0.0,0.0,0.04,0.0,0.0,0.0,0.0,0.0,0.0
37,5,1,4,False,0.49144671781541555,0.11096901233261303,3,qUCB,0.0,0.0,0.98,0.0,0.0,0.0,0.0,0.0,0.0,0.0,0.0,0.0,0.0,0.0,0.02
37,5,1,4,False,0.49144671781541555,0.11096901233261303,4,qUCB,0.5,0.26,0.16,0.0,0.0,0.0,0.0,0.0,0.04,0.0,0.0,0.0,0.0,0.04,0.0
37,6,0,5,False,0.22474657316284677,0.01526025929955388,0,qUCB,0.46,0.44,0.0,0.0,0.0,0.0,0.0,0.0,0.0,0.0,0.0,0.04,0.0,0.04,0.02
37,6,0,5,False,0.22474657316284677,0.01526025929955388,1,qUCB,0.0,0.0,0.98,0.0,0.0,0.0,0.0,0.0,0.0,0.0,0.0,0.0,0.0,0.0,0.02
37,6,0,5,False,0.22474657316284677,0.01526025929955388,2,qUCB,0.78,0.0,0.12,0.04,0.0,0.0,0.0,0.0,0.04,0.0,0.0,0.02,0.0,0.0,0.0
37,6,0,5,False,0.22474657316284677,0.01526025929955388,3,qUCB,0.0,0.12,0.8200000000000001,0.04,0.0,0.0,0.0,0.0,0.0,0.0,0.0,0.0,0.0,0.02,0.0
37,6,0,5,False,0.22474657316284677,0.01526025929955388,4,qUCB,0.78,0.0,0.14,0.0,0.04,0.0,0.0,0.0,0.04,0.0,0.0,0.0,0.0,0.0,0.0
38,1,5,0,True,0.7792456887765341,0.4553110080547693,0,qEHVI,0.4,0.14,0.4,0.02,0.0,0.0,0.0,0.0,0.0,0.0,0.0,0.04,0.0,0.0,0.0
38,1,5,0,True,0.7792456887765341,0.4553110080547693,1,qEHVI,0.46,0.0,0.44,0.0,0.02,0.0,0.0,0.0,0.0,0.0,0.0,0.02,0.0,0.02,0.04
38,1,5,0,True,0.7792456887765341,0.4553110080547693,2,qEHVI,0.66,0.26,0.04,0.0,0.02,0.0,0.0,0.0,0.0,0.0,0.0,0.0,0.0,0.02,0.0
38,1,5,0,True,0.7792456887765341,0.4553110080547693,3,qEHVI,0.46,0.08,0.36,0.0,0.04,0.0,0.0,0.0,0.0,0.0,0.0,0.02,0.0,0.04,0.0
38,1,5,0,True,0.7792456887765341,0.4553110080547693,4,qEHVI,0.4,0.22,0.3,0.0,0.02,0.0,0.0,0.0,0.0,0.0,0.0,0.04,0.0,0.0,0.02
38,2,4,1,False,0.6729816410963143,0.11482859533626488,0,qEHVI,0.4,0.14,0.4,0.02,0.0,0.0,0.0,0.0,0.0,0.0,0.0,0.04,0.0,0.0,0.0
38,2,4,1,False,0.6729816410963143,0.11482859533626488,1,qEHVI,0.46,0.0,0.44,0.0,0.02,0.0,0.0,0.0,0.0,0.0,0.0,0.02,0.0,0.02,0.04
38,2,4,1,False,0.6729816410963143,0.11482859533626488,2,qEHVI,0.66,0.26,0.04,0.0,0.02,0.0,0.0,0.0,0.0,0.0,0.0,0.0,0.0,0.02,0.0
38,2,4,1,False,0.6729816410963143,0.11482859533626488,3,qEHVI,0.46,0.08,0.36,0.0,0.04,0.0,0.0,0.0,0.0,0.0,0.0,0.02,0.0,0.04,0.0
38,2,4,1,False,0.6729816410963143,0.11482859533626488,4,qUCB,0.46,0.08,0.36,0.04,0.0,0.0,0.0,0.0,0.04,0.0,0.0,0.0,0.0,0.02,0.0
38,3,3,2,False,0.6377118571518775,0.06472411937040246,0,qEHVI,0.4,0.14,0.4,0.02,0.0,0.0,0.0,0.0,0.0,0.0,0.0,0.04,0.0,0.0,0.0
38,3,3,2,False,0.6377118571518775,0.06472411937040246,1,qEHVI,0.46,0.0,0.44,0.0,0.02,0.0,0.0,0.0,0.0,0.0,0.0,0.02,0.0,0.02,0.04
38,3,3,2,False,0.6377118571518775,0.06472411937040246,2,qEHVI,0.66,0.26,0.04,0.0,0.02,0.0,0.0,0.0,0.0,0.0,0.0,0.0,0.0,0.02,0.0
38,3,3,2,False,0.6377118571518775,0.06472411937040246,3,qUCB,0.46,0.08,0.36,0.04,0.0,0.0,0.0,0.0,0.04,0.0,0.0,0.0,0.0,0.02,0.0
38,3,3,2,False,0.6377118571518775,0.06472411937040246,4,qUCB,0.0,0.7000000000000001,0.2,0.04,0.0,0.0,0.0,0.0,0.04,0.0,0.0,0.0,0.0,0.0,0.02
38,4,2,3,False,0.4547692216459921,0.01088386968237387,0,qEHVI,0.4,0.14,0.4,0.02,0.0,0.0,0.0,0.0,0.0,0.0,0.0,0.04,0.0,0.0,0.0
38,4,2,3,False,0.4547692216459921,0.01088386968237387,1,qEHVI,0.46,0.0,0.44,0.0,0.02,0.0,0.0,0.0,0.0,0.0,0.0,0.02,0.0,0.02,0.04
38,4,2,3,False,0.4547692216459921,0.01088386968237387,2,qUCB,0.44,0.08,0.4,0.0,0.04,0.0,0.0,0.0,0.04,0.0,0.0,0.0,0.0,0.0,0.0
38,4,2,3,False,0.4547692216459921,0.01088386968237387,3,qUCB,0.0,0.7000000000000001,0.2,0.04,0.0,0.0,0.0,0.0,0.04,0.0,0.0,0.0,0.0,0.0,0.02
38,4,2,3,False,0.4547692216459921,0.01088386968237387,4,qUCB,0.42,0.14,0.36,0.0,0.0,0.0,0.0,0.0,0.04,0.0,0.0,0.0,0.0,0.04,0.0
38,5,1,4,False,0.3444139887317652,0.03604911432594271,0,qEHVI,0.4,0.14,0.4,0.02,0.0,0.0,0.0,0.0,0.0,0.0,0.0,0.04,0.0,0.0,0.0
38,5,1,4,False,0.3444139887317652,0.03604911432594271,1,qUCB,0.44,0.06,0.4,0.0,0.04,0.0,0.0,0.0,0.02,0.0,0.0,0.0,0.0,0.04,0.0
38,5,1,4,False,0.3444139887317652,0.03604911432594271,2,qUCB,0.38,0.36,0.16,0.0,0.0,0.0,0.0,0.0,0.04,0.0,0.0,0.0,0.0,0.04,0.02
38,5,1,4,False,0.3444139887317652,0.03604911432594271,3,qUCB,0.48,0.36,0.06,0.0,0.04,0.0,0.0,0.0,0.0,0.0,0.0,0.0,0.0,0.02,0.04
38,5,1,4,False,0.3444139887317652,0.03604911432594271,4,qUCB,0.56,0.2,0.14,0.0,0.02,0.0,0.0,0.0,0.04,0.0,0.0,0.0,0.0,0.0,0.04
38,6,0,5,False,0.3670578857724907,0.07667905880066858,0,qUCB,0.52,0.44,0.0,0.0,0.0,0.0,0.0,0.0,0.0,0.0,0.0,0.04,0.0,0.0,0.0
38,6,0,5,False,0.3670578857724907,0.07667905880066858,1,qUCB,0.5,0.22,0.18,0.0,0.0,0.0,0.0,0.0,0.04,0.0,0.0,0.04,0.0,0.02,0.0
38,6,0,5,False,0.3670578857724907,0.07667905880066858,2,qUCB,0.44,0.42,0.04,0.04,0.0,0.0,0.0,0.0,0.0,0.0,0.0,0.04,0.0,0.02,0.0
38,6,0,5,False,0.3670578857724907,0.07667905880066858,3,qUCB,0.0,0.6,0.4,0.0,0.0,0.0,0.0,0.0,0.0,0.0,0.0,0.0,0.0,0.0,0.0
38,6,0,5,False,0.3670578857724907,0.07667905880066858,4,qUCB,0.4,0.1,0.4,0.0,0.0,0.0,0.0,0.0,0.04,0.0,0.0,0.04,0.0,0.0,0.02
39,1,5,0,True,0.964661756174885,0.07126898111825852,0,qEHVI,0.64,0.0,0.34,0.02,0.0,0.0,0.0,0.0,0.0,0.0,0.0,0.0,0.0,0.0,0.0
39,1,5,0,True,0.964661756174885,0.07126898111825852,1,qEHVI,0.42,0.14,0.4,0.0,0.0,0.0,0.0,0.0,0.0,0.0,0.0,0.0,0.0,0.04,0.0
39,1,5,0,True,0.964661756174885,0.07126898111825852,2,qEHVI,0.64,0.0,0.32,0.0,0.0,0.0,0.0,0.0,0.0,0.0,0.0,0.02,0.0,0.02,0.0
39,1,5,0,True,0.964661756174885,0.07126898111825852,3,qEHVI,0.58,0.28,0.06,0.0,0.0,0.0,0.0,0.0,0.0,0.0,0.0,0.04,0.0,0.0,0.04
39,1,5,0,True,0.964661756174885,0.07126898111825852,4,qEHVI,0.4,0.18,0.32,0.04,0.0,0.0,0.0,0.0,0.02,0.0,0.0,0.04,0.0,0.0,0.0
39,2,4,1,False,0.8618927452899394,0.07820789614991952,0,qEHVI,0.64,0.0,0.34,0.02,0.0,0.0,0.0,0.0,0.0,0.0,0.0,0.0,0.0,0.0,0.0
39,2,4,1,False,0.8618927452899394,0.07820789614991952,1,qEHVI,0.42,0.14,0.4,0.0,0.0,0.0,0.0,0.0,0.0,0.0,0.0,0.0,0.0,0.04,0.0
39,2,4,1,False,0.8618927452899394,0.07820789614991952,2,qEHVI,0.64,0.0,0.32,0.0,0.0,0.0,0.0,0.0,0.0,0.0,0.0,0.02,0.0,0.02,0.0
39,2,4,1,False,0.8618927452899394,0.07820789614991952,3,qEHVI,0.58,0.28,0.06,0.0,0.0,0.0,0.0,0.0,0.0,0.0,0.0,0.04,0.0,0.0,0.04
39,2,4,1,False,0.8618927452899394,0.07820789614991952,4,qUCB,0.4,0.08,0.42,0.0,0.04,0.0,0.0,0.0,0.04,0.0,0.0,0.0,0.0,0.0,0.02
39,3,3,2,False,0.7786332877472232,0.05299936641855396,0,qEHVI,0.64,0.0,0.34,0.02,0.0,0.0,0.0,0.0,0.0,0.0,0.0,0.0,0.0,0.0,0.0
39,3,3,2,False,0.7786332877472232,0.05299936641855396,1,qEHVI,0.42,0.14,0.4,0.0,0.0,0.0,0.0,0.0,0.0,0.0,0.0,0.0,0.0,0.04,0.0
39,3,3,2,False,0.7786332877472232,0.05299936641855396,2,qEHVI,0.64,0.0,0.32,0.0,0.0,0.0,0.0,0.0,0.0,0.0,0.0,0.02,0.0,0.02,0.0
39,3,3,2,False,0.7786332877472232,0.05299936641855396,3,qUCB,0.38,0.12,0.4,0.0,0.02,0.0,0.0,0.0,0.04,0.0,0.0,0.0,0.0,0.0,0.04
39,3,3,2,False,0.7786332877472232,0.05299936641855396,4,qUCB,0.38,0.54,0.0,0.0,0.0,0.0,0.0,0.0,0.0,0.0,0.0,0.04,0.0,0.0,0.04
39,4,2,3,False,0.5787150220731139,0.1531862171978826,0,qEHVI,0.64,0.0,0.34,0.02,0.0,0.0,0.0,0.0,0.0,0.0,0.0,0.0,0.0,0.0,0.0
39,4,2,3,False,0.5787150220731139,0.1531862171978826,1,qEHVI,0.42,0.14,0.4,0.0,0.0,0.0,0.0,0.0,0.0,0.0,0.0,0.0,0.0,0.04,0.0
39,4,2,3,False,0.5787150220731139,0.1531862171978826,2,qUCB,0.48,0.4,0.02,0.0,0.02,0.0,0.0,0.0,0.0,0.0,0.0,0.04,0.0,0.0,0.04
39,4,2,3,False,0.5787150220731139,0.1531862171978826,3,qUCB,0.38,0.54,0.0,0.0,0.0,0.0,0.0,0.0,0.0,0.0,0.0,0.04,0.0,0.0,0.04
39,4,2,3,False,0.5787150220731139,0.1531862171978826,4,qUCB,0.16,0.68,0.06,0.0,0.04,0.0,0.0,0.0,0.0,0.0,0.0,0.04,0.0,0.0,0.02
39,5,1,4,False,0.3531658814007428,0.036561925923198846,0,qEHVI,0.64,0.0,0.34,0.02,0.0,0.0,0.0,0.0,0.0,0.0,0.0,0.0,0.0,0.0,0.0
39,5,1,4,False,0.3531658814007428,0.036561925923198846,1,qUCB,0.48,0.4,0.02,0.0,0.02,0.0,0.0,0.0,0.0,0.0,0.0,0.04,0.0,0.0,0.04
39,5,1,4,False,0.3531658814007428,0.036561925923198846,2,qUCB,0.38,0.54,0.0,0.0,0.0,0.0,0.0,0.0,0.0,0.0,0.0,0.04,0.0,0.0,0.04
39,5,1,4,False,0.3531658814007428,0.036561925923198846,3,qUCB,0.0,0.9,0.0,0.04,0.02,0.0,0.0,0.0,0.0,0.0,0.0,0.04,0.0,0.0,0.0
39,5,1,4,False,0.3531658814007428,0.036561925923198846,4,qUCB,0.02,0.88,0.0,0.0,0.02,0.0,0.0,0.0,0.0,0.0,0.0,0.04,0.0,0.04,0.0
39,6,0,5,False,0.2022263028885011,0.01654107569961738,0,qUCB,0.48,0.4,0.02,0.0,0.02,0.0,0.0,0.0,0.0,0.0,0.0,0.04,0.0,0.0,0.04
39,6,0,5,False,0.2022263028885011,0.01654107569961738,1,qUCB,0.38,0.54,0.0,0.0,0.0,0.0,0.0,0.0,0.0,0.0,0.0,0.04,0.0,0.0,0.04
39,6,0,5,False,0.2022263028885011,0.01654107569961738,2,qUCB,0.5,0.22,0.2,0.0,0.0,0.0,0.0,0.0,0.04,0.0,0.0,0.04,0.0,0.0,0.0
39,6,0,5,False,0.2022263028885011,0.01654107569961738,3,qUCB,0.46,0.4,0.04,0.02,0.0,0.0,0.0,0.0,0.0,0.0,0.0,0.04,0.0,0.0,0.04
39,6,0,5,False,0.2022263028885011,0.01654107569961738,4,qUCB,0.44,0.3,0.16,0.04,0.02,0.0,0.0,0.0,0.0,0.0,0.0,0.04,0.0,0.0,0.0
40,1,5,0,True,0.8443601605264499,0.08897009318770976,0,qEHVI,0.4,0.1,0.4,0.0,0.04,0.0,0.0,0.0,0.0,0.0,0.0,0.0,0.0,0.02,0.04
40,1,5,0,True,0.8443601605264499,0.08897009318770976,1,qEHVI,0.44,0.04,0.44,0.0,0.04,0.0,0.0,0.0,0.0,0.0,0.0,0.0,0.0,0.0,0.04
40,1,5,0,True,0.8443601605264499,0.08897009318770976,2,qEHVI,0.56,0.3,0.04,0.0,0.04,0.0,0.0,0.0,0.0,0.0,0.0,0.04,0.0,0.0,0.02
40,1,5,0,True,0.8443601605264499,0.08897009318770976,3,qEHVI,0.44,0.16,0.3,0.02,0.04,0.0,0.0,0.0,0.0,0.0,0.0,0.04,0.0,0.0,0.0
40,1,5,0,True,0.8443601605264499,0.08897009318770976,4,qEHVI,0.62,0.0,0.34,0.0,0.0,0.0,0.0,0.0,0.0,0.0,0.0,0.02,0.0,0.0,0.02
40,2,4,1,False,0.7407025554455963,0.049587665734122766,0,qEHVI,0.4,0.1,0.4,0.0,0.04,0.0,0.0,0.0,0.0,0.0,0.0,0.0,0.0,0.02,0.04
40,2,4,1,False,0.7407025554455963,0.049587665734122766,1,qEHVI,0.44,0.04,0.44,0.0,0.04,0.0,0.0,0.0,0.0,0.0,0.0,0.0,0.0,0.0,0.04
40,2,4,1,False,0.7407025554455963,0.049587665734122766,2,qEHVI,0.56,0.3,0.04,0.0,0.04,0.0,0.0,0.0,0.0,0.0,0.0,0.04,0.0,0.0,0.02
40,2,4,1,False,0.7407025554455963,0.049587665734122766,3,qEHVI,0.44,0.16,0.3,0.02,0.04,0.0,0.0,0.0,0.0,0.0,0.0,0.04,0.0,0.0,0.0
40,2,4,1,False,0.7407025554455963,0.049587665734122766,4,qUCB,0.46,0.08,0.38,0.04,0.0,0.0,0.0,0.0,0.0,0.0,0.0,0.0,0.0,0.04,0.0
40,3,3,2,False,0.5978278535902947,0.1323990173627152,0,qEHVI,0.4,0.1,0.4,0.0,0.04,0.0,0.0,0.0,0.0,0.0,0.0,0.0,0.0,0.02,0.04
40,3,3,2,False,0.5978278535902947,0.1323990173627152,1,qEHVI,0.44,0.04,0.44,0.0,0.04,0.0,0.0,0.0,0.0,0.0,0.0,0.0,0.0,0.0,0.04
40,3,3,2,False,0.5978278535902947,0.1323990173627152,2,qEHVI,0.56,0.3,0.04,0.0,0.04,0.0,0.0,0.0,0.0,0.0,0.0,0.04,0.0,0.0,0.02
40,3,3,2,False,0.5978278535902947,0.1323990173627152,3,qUCB,0.38,0.2,0.34,0.04,0.0,0.0,0.0,0.0,0.04,0.0,0.0,0.0,0.0,0.0,0.0
40,3,3,2,False,0.5978278535902947,0.1323990173627152,4,qUCB,0.52,0.26,0.14,0.04,0.0,0.0,0.0,0.0,0.04,0.0,0.0,0.0,0.0,0.0,0.0
40,4,2,3,False,0.47965149935128243,0.010055248351072521,0,qEHVI,0.4,0.1,0.4,0.0,0.04,0.0,0.0,0.0,0.0,0.0,0.0,0.0,0.0,0.02,0.04
40,4,2,3,False,0.47965149935128243,0.010055248351072521,1,qEHVI,0.44,0.04,0.44,0.0,0.04,0.0,0.0,0.0,0.0,0.0,0.0,0.0,0.0,0.0,0.04
40,4,2,3,False,0.47965149935128243,0.010055248351072521,2,qUCB,0.42,0.06,0.42,0.04,0.0,0.0,0.0,0.0,0.02,0.0,0.0,0.04,0.0,0.0,0.0
40,4,2,3,False,0.47965149935128243,0.010055248351072521,3,qUCB,0.4,0.48,0.04,0.04,0.0,0.0,0.0,0.0,0.0,0.0,0.0,0.04,0.0,0.0,0.0
40,4,2,3,False,0.47965149935128243,0.010055248351072521,4,qUCB,0.52,0.26,0.14,0.04,0.0,0.0,0.0,0.0,0.04,0.0,0.0,0.0,0.0,0.0,0.0
40,5,1,4,False,0.30734919704865854,0.03567052128740045,0,qEHVI,0.4,0.1,0.4,0.0,0.04,0.0,0.0,0.0,0.0,0.0,0.0,0.0,0.0,0.02,0.04
40,5,1,4,False,0.30734919704865854,0.03567052128740045,1,qUCB,0.42,0.06,0.42,0.04,0.0,0.0,0.0,0.0,0.02,0.0,0.0,0.04,0.0,0.0,0.0
40,5,1,4,False,0.30734919704865854,0.03567052128740045,2,qUCB,0.4,0.48,0.04,0.04,0.0,0.0,0.0,0.0,0.0,0.0,0.0,0.04,0.0,0.0,0.0
40,5,1,4,False,0.30734919704865854,0.03567052128740045,3,qUCB,0.52,0.26,0.14,0.04,0.0,0.0,0.0,0.0,0.04,0.0,0.0,0.0,0.0,0.0,0.0
40,5,1,4,False,0.30734919704865854,0.03567052128740045,4,qUCB,0.32,0.48,0.1,0.04,0.0,0.0,0.0,0.0,0.02,0.0,0.0,0.04,0.0,0.0,0.0
40,6,0,5,False,0.2724340395522836,0.08195154100911584,0,qUCB,0.42,0.08,0.4,0.0,0.02,0.0,0.0,0.0,0.0,0.0,0.0,0.04,0.0,0.04,0.0
40,6,0,5,False,0.2724340395522836,0.08195154100911584,1,qUCB,0.44,0.44,0.04,0.0,0.0,0.0,0.0,0.0,0.0,0.0,0.0,0.04,0.0,0.0,0.04
40,6,0,5,False,0.2724340395522836,0.08195154100911584,2,qUCB,0.44,0.3,0.16,0.02,0.0,0.0,0.0,0.0,0.04,0.0,0.0,0.0,0.0,0.0,0.04
40,6,0,5,False,0.2724340395522836,0.08195154100911584,3,qUCB,0.44,0.32,0.14,0.04,0.0,0.0,0.0,0.0,0.0,0.0,0.0,0.04,0.0,0.0,0.02
40,6,0,5,False,0.2724340395522836,0.08195154100911584,4,qUCB,0.42,0.44,0.04,0.04,0.0,0.0,0.0,0.0,0.0,0.0,0.0,0.04,0.0,0.0,0.02
41,1,5,0,True,0.8105435477901003,0.030032925133568256,0,qEHVI,0.44,0.1,0.36,0.04,0.0,0.0,0.0,0.0,0.04,0.0,0.0,0.02,0.0,0.0,0.0
41,1,5,0,True,0.8105435477901003,0.030032925133568256,1,qEHVI,0.42,0.1,0.4,0.0,0.0,0.0,0.0,0.0,0.0,0.0,0.0,0.04,0.0,0.0,0.04
41,1,5,0,True,0.8105435477901003,0.030032925133568256,2,qEHVI,0.44,0.02,0.44,0.0,0.04,0.0,0.0,0.0,0.0,0.0,0.0,0.02,0.0,0.02,0.02
41,1,5,0,True,0.8105435477901003,0.030032925133568256,3,qEHVI,0.5,0.36,0.04,0.0,0.02,0.0,0.0,0.0,0.0,0.0,0.0,0.04,0.0,0.0,0.04
41,1,5,0,True,0.8105435477901003,0.030032925133568256,4,qEHVI,0.0,0.58,0.32,0.04,0.04,0.0,0.0,0.0,0.0,0.0,0.0,0.0,0.0,0.0,0.02
41,2,4,1,False,0.6336784652540358,0.3875423380020404,0,qEHVI,0.44,0.1,0.36,0.04,0.0,0.0,0.0,0.0,0.04,0.0,0.0,0.02,0.0,0.0,0.0
41,2,4,1,False,0.6336784652540358,0.3875423380020404,1,qEHVI,0.42,0.1,0.4,0.0,0.0,0.0,0.0,0.0,0.0,0.0,0.0,0.04,0.0,0.0,0.04
41,2,4,1,False,0.6336784652540358,0.3875423380020404,2,qEHVI,0.44,0.02,0.44,0.0,0.04,0.0,0.0,0.0,0.0,0.0,0.0,0.02,0.0,0.02,0.02
41,2,4,1,False,0.6336784652540358,0.3875423380020404,3,qEHVI,0.0,0.58,0.32,0.04,0.04,0.0,0.0,0.0,0.0,0.0,0.0,0.0,0.0,0.0,0.02
41,2,4,1,False,0.6336784652540358,0.3875423380020404,4,qUCB,0.38,0.54,0.0,0.0,0.0,0.0,0.0,0.0,0.0,0.0,0.0,0.04,0.0,0.04,0.0
41,3,3,2,False,0.5448952487216381,0.025518919016797703,0,qEHVI,0.44,0.1,0.36,0.04,0.0,0.0,0.0,0.0,0.04,0.0,0.0,0.02,0.0,0.0,0.0
41,3,3,2,False,0.5448952487216381,0.025518919016797703,1,qEHVI,0.42,0.1,0.4,0.0,0.0,0.0,0.0,0.0,0.0,0.0,0.0,0.04,0.0,0.0,0.04
41,3,3,2,False,0.5448952487216381,0.025518919016797703,2,qEHVI,0.44,0.02,0.44,0.0,0.04,0.0,0.0,0.0,0.0,0.0,0.0,0.02,0.0,0.02,0.02
41,3,3,2,False,0.5448952487216381,0.025518919016797703,3,qUCB,0.38,0.54,0.0,0.0,0.0,0.0,0.0,0.0,0.0,0.0,0.0,0.04,0.0,0.04,0.0
41,3,3,2,False,0.5448952487216381,0.025518919016797703,4,qUCB,0.48,0.28,0.14,0.04,0.0,0.0,0.0,0.0,0.0,0.0,0.0,0.0,0.0,0.02,0.04
41,4,2,3,False,0.6205156580837494,0.02009118433340351,0,qEHVI,0.44,0.1,0.36,0.04,0.0,0.0,0.0,0.0,0.04,0.0,0.0,0.02,0.0,0.0,0.0
41,4,2,3,False,0.6205156580837494,0.02009118433340351,1,qEHVI,0.42,0.1,0.4,0.0,0.0,0.0,0.0,0.0,0.0,0.0,0.0,0.04,0.0,0.0,0.04
41,4,2,3,False,0.6205156580837494,0.02009118433340351,2,qUCB,0.44,0.06,0.4,0.0,0.04,0.0,0.0,0.0,0.0,0.0,0.0,0.0,0.0,0.04,0.02
41,4,2,3,False,0.6205156580837494,0.02009118433340351,3,qUCB,0.48,0.38,0.06,0.0,0.04,0.0,0.0,0.0,0.0,0.0,0.0,0.0,0.0,0.04,0.0
41,4,2,3,False,0.6205156580837494,0.02009118433340351,4,qUCB,0.0,0.58,0.32,0.04,0.04,0.0,0.0,0.0,0.0,0.0,0.0,0.0,0.0,0.0,0.02
41,5,1,4,False,0.44826763259813185,0.11640292700090704,0,qEHVI,0.44,0.1,0.36,0.04,0.0,0.0,0.0,0.0,0.04,0.0,0.0,0.02,0.0,0.0,0.0
41,5,1,4,False,0.44826763259813185,0.11640292700090704,1,qUCB,0.44,0.06,0.4,0.0,0.04,0.0,0.0,0.0,0.0,0.0,0.0,0.0,0.0,0.04,0.02
41,5,1,4,False,0.44826763259813185,0.11640292700090704,2,qUCB,0.44,0.44,0.02,0.0,0.02,0.0,0.0,0.0,0.0,0.0,0.0,0.04,0.0,0.0,0.04
41,5,1,4,False,0.44826763259813185,0.11640292700090704,3,qUCB,0.48,0.24,0.18,0.0,0.04,0.0,0.0,0.0,0.0,0.0,0.0,0.02,0.0,0.0,0.04
41,5,1,4,False,0.44826763259813185,0.11640292700090704,4,qUCB,0.8200000000000001,0.0,0.08,0.0,0.04,0.0,0.0,0.0,0.0,0.0,0.0,0.0,0.0,0.02,0.04
41,6,0,5,False,0.21174228377556478,0.09531203982947156,0,qUCB,0.44,0.44,0.02,0.0,0.02,0.0,0.0,0.0,0.0,0.0,0.0,0.04,0.0,0.0,0.04
41,6,0,5,False,0.21174228377556478,0.09531203982947156,1,qUCB,0.42,0.32,0.16,0.04,0.02,0.0,0.0,0.0,0.04,0.0,0.0,0.0,0.0,0.0,0.0
41,6,0,5,False,0.21174228377556478,0.09531203982947156,2,qUCB,0.54,0.2,0.2,0.0,0.0,0.0,0.0,0.0,0.02,0.0,0.0,0.04,0.0,0.0,0.0
41,6,0,5,False,0.21174228377556478,0.09531203982947156,3,qUCB,0.42,0.48,0.0,0.02,0.0,0.0,0.0,0.0,0.0,0.0,0.0,0.04,0.0,0.0,0.04
41,6,0,5,False,0.21174228377556478,0.09531203982947156,4,qUCB,0.46,0.28,0.16,0.04,0.0,0.0,0.0,0.0,0.0,0.0,0.0,0.02,0.0,0.0,0.04
42,1,5,0,True,0.6949247872671537,0.08458601291497736,0,qEHVI,0.64,0.0,0.34,0.0,0.02,0.0,0.0,0.0,0.0,0.0,0.0,0.0,0.0,0.0,0.0
42,1,5,0,True,0.6949247872671537,0.08458601291497736,1,qEHVI,0.4,0.18,0.4,0.0,0.0,0.0,0.0,0.0,0.0,0.0,0.0,0.02,0.0,0.0,0.0
42,1,5,0,True,0.6949247872671537,0.08458601291497736,2,qEHVI,0.44,0.04,0.44,0.02,0.02,0.0,0.0,0.0,0.0,0.0,0.0,0.0,0.0,0.0,0.04
42,1,5,0,True,0.6949247872671537,0.08458601291497736,3,qEHVI,0.42,0.08,0.4,0.02,0.02,0.0,0.0,0.0,0.0,0.0,0.0,0.0,0.0,0.02,0.04
42,1,5,0,True,0.6949247872671537,0.08458601291497736,4,qEHVI,0.3,0.0,0.66,0.0,0.0,0.0,0.0,0.0,0.04,0.0,0.0,0.0,0.0,0.0,0.0
42,2,4,1,False,0.6071613498654624,0.07176860008000574,0,qEHVI,0.64,0.0,0.34,0.0,0.02,0.0,0.0,0.0,0.0,0.0,0.0,0.0,0.0,0.0,0.0
42,2,4,1,False,0.6071613498654624,0.07176860008000574,1,qEHVI,0.4,0.18,0.4,0.0,0.0,0.0,0.0,0.0,0.0,0.0,0.0,0.02,0.0,0.0,0.0
42,2,4,1,False,0.6071613498654624,0.07176860008000574,2,qEHVI,0.44,0.04,0.44,0.02,0.02,0.0,0.0,0.0,0.0,0.0,0.0,0.0,0.0,0.0,0.04
42,2,4,1,False,0.6071613498654624,0.07176860008000574,3,qEHVI,0.42,0.08,0.4,0.02,0.02,0.0,0.0,0.0,0.0,0.0,0.0,0.0,0.0,0.02,0.04
42,2,4,1,False,0.6071613498654624,0.07176860008000574,4,qUCB,0.46,0.04,0.4,0.02,0.0,0.0,0.0,0.0,0.04,0.0,0.0,0.0,0.0,0.04,0.0
42,3,3,2,False,0.5035283895727699,0.26838606517492636,0,qEHVI,0.64,0.0,0.34,0.0,0.02,0.0,0.0,0.0,0.0,0.0,0.0,0.0,0.0,0.0,0.0
42,3,3,2,False,0.5035283895727699,0.26838606517492636,1,qEHVI,0.4,0.18,0.4,0.0,0.0,0.0,0.0,0.0,0.0,0.0,0.0,0.02,0.0,0.0,0.0
42,3,3,2,False,0.5035283895727699,0.26838606517492636,2,qEHVI,0.44,0.04,0.44,0.02,0.02,0.0,0.0,0.0,0.0,0.0,0.0,0.0,0.0,0.0,0.04
42,3,3,2,False,0.5035283895727699,0.26838606517492636,3,qUCB,0.46,0.04,0.4,0.02,0.0,0.0,0.0,0.0,0.04,0.0,0.0,0.0,0.0,0.04,0.0
42,3,3,2,False,0.5035283895727699,0.26838606517492636,4,qUCB,0.5,0.28,0.14,0.04,0.0,0.0,0.0,0.0,0.04,0.0,0.0,0.0,0.0,0.0,0.0
42,4,2,3,False,0.382319164485839,0.018276561923410206,0,qEHVI,0.64,0.0,0.34,0.0,0.02,0.0,0.0,0.0,0.0,0.0,0.0,0.0,0.0,0.0,0.0
42,4,2,3,False,0.382319164485839,0.018276561923410206,1,qEHVI,0.4,0.18,0.4,0.0,0.0,0.0,0.0,0.0,0.0,0.0,0.0,0.02,0.0,0.0,0.0
42,4,2,3,False,0.382319164485839,0.018276561923410206,2,qUCB,0.44,0.06,0.4,0.04,0.0,0.0,0.0,0.0,0.0,0.0,0.0,0.0,0.0,0.04,0.02
42,4,2,3,False,0.382319164485839,0.018276561923410206,3,qUCB,0.56,0.18,0.16,0.04,0.0,0.0,0.0,0.0,0.0,0.0,0.0,0.0,0.0,0.02,0.04
42,4,2,3,False,0.382319164485839,0.018276561923410206,4,qUCB,0.4,0.34,0.16,0.0,0.0,0.0,0.0,0.0,0.04,0.0,0.0,0.0,0.0,0.02,0.04
42,5,1,4,False,0.2781223309907808,0.1724897593651571,0,qEHVI,0.64,0.0,0.34,0.0,0.02,0.0,0.0,0.0,0.0,0.0,0.0,0.0,0.0,0.0,0.0
42,5,1,4,False,0.2781223309907808,0.1724897593651571,1,qUCB,0.42,0.46,0.02,0.0,0.0,0.0,0.0,0.0,0.0,0.0,0.0,0.04,0.0,0.02,0.04
42,5,1,4,False,0.2781223309907808,0.1724897593651571,2,qUCB,0.46,0.44,0.0,0.0,0.0,0.0,0.0,0.0,0.02,0.0,0.0,0.04,0.0,0.0,0.04
42,5,1,4,False,0.2781223309907808,0.1724897593651571,3,qUCB,0.42,0.48,0.0,0.04,0.0,0.0,0.0,0.0,0.0,0.0,0.0,0.04,0.0,0.02,0.0
42,5,1,4,False,0.2781223309907808,0.1724897593651571,4,qUCB,0.38,0.4,0.12,0.04,0.0,0.0,0.0,0.0,0.0,0.0,0.0,0.04,0.0,0.02,0.0
42,6,0,5,False,0.1839485448765642,0.07153417665473683,0,qUCB,0.42,0.46,0.02,0.0,0.0,0.0,0.0,0.0,0.0,0.0,0.0,0.04,0.0,0.02,0.04
42,6,0,5,False,0.1839485448765642,0.07153417665473683,1,qUCB,0.46,0.44,0.0,0.0,0.0,0.0,0.0,0.0,0.02,0.0,0.0,0.04,0.0,0.0,0.04
42,6,0,5,False,0.1839485448765642,0.07153417665473683,2,qUCB,0.48,0.26,0.18,0.0,0.0,0.0,0.0,0.0,0.0,0.0,0.0,0.04,0.0,0.0,0.04
42,6,0,5,False,0.1839485448765642,0.07153417665473683,3,qUCB,0.5,0.28,0.14,0.04,0.0,0.0,0.0,0.0,0.04,0.0,0.0,0.0,0.0,0.0,0.0
42,6,0,5,False,0.1839485448765642,0.07153417665473683,4,qUCB,0.42,0.48,0.0,0.04,0.0,0.0,0.0,0.0,0.0,0.0,0.0,0.04,0.0,0.02,0.0
43,1,5,0,True,0.9543399632785808,0.014272851477421966,0,qEHVI,0.42,0.12,0.4,0.04,0.0,0.0,0.0,0.0,0.0,0.0,0.0,0.02,0.0,0.0,0.0
43,1,5,0,True,0.9543399632785808,0.014272851477421966,1,qEHVI,0.48,0.4,0.02,0.02,0.02,0.0,0.0,0.0,0.0,0.0,0.0,0.04,0.0,0.02,0.0
43,1,5,0,True,0.9543399632785808,0.014272851477421966,2,qEHVI,0.44,0.16,0.3,0.02,0.0,0.0,0.0,0.0,0.0,0.0,0.0,0.04,0.0,0.0,0.04
43,1,5,0,True,0.9543399632785808,0.014272851477421966,3,qEHVI,0.46,0.0,0.44,0.0,0.04,0.0,0.0,0.0,0.0,0.0,0.0,0.02,0.0,0.04,0.0
43,1,5,0,True,0.9543399632785808,0.014272851477421966,4,qEHVI,0.38,0.12,0.4,0.0,0.04,0.0,0.0,0.0,0.0,0.0,0.0,0.02,0.0,0.0,0.04
43,2,4,1,False,0.8464017605168418,0.012126445832754129,0,qEHVI,0.42,0.12,0.4,0.04,0.0,0.0,0.0,0.0,0.0,0.0,0.0,0.02,0.0,0.0,0.0
43,2,4,1,False,0.8464017605168418,0.012126445832754129,1,qEHVI,0.48,0.4,0.02,0.02,0.02,0.0,0.0,0.0,0.0,0.0,0.0,0.04,0.0,0.02,0.0
43,2,4,1,False,0.8464017605168418,0.012126445832754129,2,qEHVI,0.44,0.16,0.3,0.02,0.0,0.0,0.0,0.0,0.0,0.0,0.0,0.04,0.0,0.0,0.04
43,2,4,1,False,0.8464017605168418,0.012126445832754129,3,qEHVI,0.46,0.0,0.44,0.0,0.04,0.0,0.0,0.0,0.0,0.0,0.0,0.02,0.0,0.04,0.0
43,2,4,1,False,0.8464017605168418,0.012126445832754129,4,qUCB,0.44,0.06,0.42,0.0,0.02,0.0,0.0,0.0,0.04,0.0,0.0,0.0,0.0,0.0,0.02
43,3,3,2,False,0.6977305094375117,0.024657342305271612,0,qEHVI,0.42,0.12,0.4,0.04,0.0,0.0,0.0,0.0,0.0,0.0,0.0,0.02,0.0,0.0,0.0
43,3,3,2,False,0.6977305094375117,0.024657342305271612,1,qEHVI,0.48,0.4,0.02,0.02,0.02,0.0,0.0,0.0,0.0,0.0,0.0,0.04,0.0,0.02,0.0
43,3,3,2,False,0.6977305094375117,0.024657342305271612,2,qEHVI,0.44,0.16,0.3,0.02,0.0,0.0,0.0,0.0,0.0,0.0,0.0,0.04,0.0,0.0,0.04
43,3,3,2,False,0.6977305094375117,0.024657342305271612,3,qUCB,0.4,0.08,0.42,0.0,0.04,0.0,0.0,0.0,0.04,0.0,0.0,0.0,0.0,0.02,0.0
43,3,3,2,False,0.6977305094375117,0.024657342305271612,4,qUCB,0.0,0.92,0.0,0.04,0.0,0.0,0.0,0.0,0.04,0.0,0.0,0.0,0.0,0.0,0.0
43,4,2,3,False,0.551224835155129,0.019794920885812584,0,qEHVI,0.42,0.12,0.4,0.04,0.0,0.0,0.0,0.0,0.0,0.0,0.0,0.02,0.0,0.0,0.0
43,4,2,3,False,0.551224835155129,0.019794920885812584,1,qEHVI,0.48,0.4,0.02,0.02,0.02,0.0,0.0,0.0,0.0,0.0,0.0,0.04,0.0,0.02,0.0
43,4,2,3,False,0.551224835155129,0.019794920885812584,2,qUCB,0.4,0.08,0.42,0.0,0.04,0.0,0.0,0.0,0.04,0.0,0.0,0.0,0.0,0.02,0.0
43,4,2,3,False,0.551224835155129,0.019794920885812584,3,qUCB,0.44,0.32,0.14,0.0,0.0,0.0,0.0,0.0,0.02,0.0,0.0,0.0,0.0,0.04,0.04
43,4,2,3,False,0.551224835155129,0.019794920885812584,4,qUCB,0.0,0.92,0.0,0.04,0.0,0.0,0.0,0.0,0.04,0.0,0.0,0.0,0.0,0.0,0.0
43,5,1,4,False,0.3590901643475815,0.21042908055426768,0,qEHVI,0.42,0.12,0.4,0.04,0.0,0.0,0.0,0.0,0.0,0.0,0.0,0.02,0.0,0.0,0.0
43,5,1,4,False,0.3590901643475815,0.21042908055426768,1,qUCB,0.36,0.14,0.4,0.0,0.04,0.0,0.0,0.0,0.02,0.0,0.0,0.0,0.0,0.04,0.0
43,5,1,4,False,0.3590901643475815,0.21042908055426768,2,qUCB,0.34,0.4,0.16,0.0,0.04,0.0,0.0,0.0,0.04,0.0,0.0,0.0,0.0,0.02,0.0
43,5,1,4,False,0.3590901643475815,0.21042908055426768,3,qUCB,0.44,0.32,0.14,0.0,0.0,0.0,0.0,0.0,0.02,0.0,0.0,0.0,0.0,0.04,0.04
43,5,1,4,False,0.3590901643475815,0.21042908055426768,4,qUCB,0.5,0.2,0.2,0.0,0.04,0.0,0.0,0.0,0.0,0.0,0.0,0.0,0.0,0.04,0.02
43,6,0,5,False,0.4782175333170833,0.20543708382885306,0,qUCB,0.54,0.4,0.0,0.0,0.0,0.0,0.0,0.0,0.0,0.0,0.0,0.04,0.0,0.0,0.02
43,6,0,5,False,0.4782175333170833,0.20543708382885306,1,qUCB,0.38,0.48,0.04,0.04,0.0,0.0,0.0,0.0,0.0,0.0,0.0,0.04,0.0,0.0,0.02
43,6,0,5,False,0.4782175333170833,0.20543708382885306,2,qUCB,0.0,0.12,0.8200000000000001,0.04,0.0,0.0,0.0,0.0,0.0,0.0,0.0,0.0,0.0,0.0,0.02
43,6,0,5,False,0.4782175333170833,0.20543708382885306,3,qUCB,0.46,0.26,0.18,0.04,0.0,0.0,0.0,0.0,0.0,0.0,0.0,0.04,0.0,0.0,0.02
43,6,0,5,False,0.4782175333170833,0.20543708382885306,4,qUCB,0.36,0.0,0.54,0.04,0.0,0.0,0.0,0.0,0.02,0.0,0.0,0.0,0.0,0.0,0.04
44,1,5,0,True,1.2855473139298956,0.13956695277787579,0,qEHVI,0.48,0.24,0.2,0.0,0.0,0.0,0.0,0.0,0.0,0.0,0.0,0.04,0.0,0.0,0.04
44,1,5,0,True,1.2855473139298956,0.13956695277787579,1,qEHVI,0.58,0.34,0.04,0.0,0.0,0.0,0.0,0.0,0.0,0.0,0.0,0.0,0.0,0.02,0.02
44,1,5,0,True,1.2855473139298956,0.13956695277787579,2,qEHVI,0.34,0.24,0.32,0.02,0.02,0.0,0.0,0.0,0.0,0.0,0.0,0.0,0.0,0.04,0.02
44,1,5,0,True,1.2855473139298956,0.13956695277787579,3,qEHVI,0.44,0.1,0.36,0.02,0.0,0.0,0.0,0.0,0.0,0.0,0.0,0.04,0.0,0.0,0.04
44,1,5,0,True,1.2855473139298956,0.13956695277787579,4,qEHVI,0.68,0.22,0.0,0.04,0.0,0.0,0.0,0.0,0.0,0.0,0.0,0.02,0.0,0.0,0.04
44,2,4,1,False,1.1037628842889693,0.06204878144522219,0,qEHVI,0.48,0.24,0.2,0.0,0.0,0.0,0.0,0.0,0.0,0.0,0.0,0.04,0.0,0.0,0.04
44,2,4,1,False,1.1037628842889693,0.06204878144522219,1,qEHVI,0.58,0.34,0.04,0.0,0.0,0.0,0.0,0.0,0.0,0.0,0.0,0.0,0.0,0.02,0.02
44,2,4,1,False,1.1037628842889693,0.06204878144522219,2,qEHVI,0.34,0.24,0.32,0.02,0.02,0.0,0.0,0.0,0.0,0.0,0.0,0.0,0.0,0.04,0.02
44,2,4,1,False,1.1037628842889693,0.06204878144522219,3,qEHVI,0.44,0.1,0.36,0.02,0.0,0.0,0.0,0.0,0.0,0.0,0.0,0.04,0.0,0.0,0.04
44,2,4,1,False,1.1037628842889693,0.06204878144522219,4,qUCB,0.44,0.06,0.4,0.0,0.04,0.0,0.0,0.0,0.04,0.0,0.0,0.02,0.0,0.0,0.0
44,3,3,2,False,0.9785752426428115,0.12689862557624876,0,qEHVI,0.48,0.24,0.2,0.0,0.0,0.0,0.0,0.0,0.0,0.0,0.0,0.04,0.0,0.0,0.04
44,3,3,2,False,0.9785752426428115,0.12689862557624876,1,qEHVI,0.58,0.34,0.04,0.0,0.0,0.0,0.0,0.0,0.0,0.0,0.0,0.0,0.0,0.02,0.02
44,3,3,2,False,0.9785752426428115,0.12689862557624876,2,qEHVI,0.34,0.24,0.32,0.02,0.02,0.0,0.0,0.0,0.0,0.0,0.0,0.0,0.0,0.04,0.02
44,3,3,2,False,0.9785752426428115,0.12689862557624876,3,qUCB,0.44,0.06,0.4,0.0,0.04,0.0,0.0,0.0,0.04,0.0,0.0,0.02,0.0,0.0,0.0
44,3,3,2,False,0.9785752426428115,0.12689862557624876,4,qUCB,0.36,0.4,0.14,0.04,0.0,0.0,0.0,0.0,0.04,0.0,0.0,0.02,0.0,0.0,0.0
44,4,2,3,False,1.0109095616016626,0.08323945785402476,0,qEHVI,0.48,0.24,0.2,0.0,0.0,0.0,0.0,0.0,0.0,0.0,0.0,0.04,0.0,0.0,0.04
44,4,2,3,False,1.0109095616016626,0.08323945785402476,1,qEHVI,0.58,0.34,0.04,0.0,0.0,0.0,0.0,0.0,0.0,0.0,0.0,0.0,0.0,0.02,0.02
44,4,2,3,False,1.0109095616016626,0.08323945785402476,2,qUCB,0.42,0.1,0.38,0.04,0.04,0.0,0.0,0.0,0.0,0.0,0.0,0.02,0.0,0.0,0.0
44,4,2,3,False,1.0109095616016626,0.08323945785402476,3,qUCB,0.36,0.4,0.14,0.04,0.0,0.0,0.0,0.0,0.04,0.0,0.0,0.02,0.0,0.0,0.0
44,4,2,3,False,1.0109095616016626,0.08323945785402476,4,qUCB,0.0,0.06,0.84,0.04,0.0,0.0,0.0,0.0,0.04,0.0,0.0,0.0,0.0,0.02,0.0
44,5,1,4,False,0.6821278249562149,0.327159414593174,0,qEHVI,0.48,0.24,0.2,0.0,0.0,0.0,0.0,0.0,0.0,0.0,0.0,0.04,0.0,0.0,0.04
44,5,1,4,False,0.6821278249562149,0.327159414593174,1,qUCB,0.38,0.14,0.38,0.04,0.0,0.0,0.0,0.0,0.02,0.0,0.0,0.0,0.0,0.04,0.0
44,5,1,4,False,0.6821278249562149,0.327159414593174,2,qUCB,0.38,0.36,0.16,0.04,0.02,0.0,0.0,0.0,0.0,0.0,0.0,0.0,0.0,0.04,0.0
44,5,1,4,False,0.6821278249562149,0.327159414593174,3,qUCB,0.0,0.06,0.84,0.04,0.0,0.0,0.0,0.0,0.04,0.0,0.0,0.0,0.0,0.02,0.0
44,5,1,4,False,0.6821278249562149,0.327159414593174,4,qUCB,0.56,0.2,0.14,0.04,0.0,0.0,0.0,0.0,0.02,0.0,0.0,0.0,0.0,0.04,0.0
44,6,0,5,False,0.8923549580165292,0.005854257029367815,0,qUCB,0.46,0.46,0.0,0.0,0.02,0.0,0.0,0.0,0.0,0.0,0.0,0.04,0.0,0.02,0.0
44,6,0,5,False,0.8923549580165292,0.005854257029367815,1,qUCB,0.42,0.34,0.14,0.04,0.02,0.0,0.0,0.0,0.0,0.0,0.0,0.0,0.0,0.02,0.02
44,6,0,5,False,0.8923549580165292,0.005854257029367815,2,qUCB,0.32,0.38,0.2,0.04,0.0,0.0,0.0,0.0,0.0,0.0,0.0,0.04,0.0,0.02,0.0
44,6,0,5,False,0.8923549580165292,0.005854257029367815,3,qUCB,0.46,0.26,0.2,0.0,0.0,0.0,0.0,0.0,0.0,0.0,0.0,0.04,0.0,0.04,0.0
44,6,0,5,False,0.8923549580165292,0.005854257029367815,4,qUCB,0.36,0.42,0.12,0.04,0.0,0.0,0.0,0.0,0.0,0.0,0.0,0.04,0.0,0.02,0.0
45,1,5,0,True,0.8430045690873638,0.09923980229728535,0,qEHVI,0.5,0.4,0.0,0.02,0.0,0.0,0.0,0.0,0.0,0.0,0.0,0.04,0.0,0.0,0.04
45,1,5,0,True,0.8430045690873638,0.09923980229728535,1,qEHVI,0.38,0.04,0.54,0.04,0.0,0.0,0.0,0.0,0.0,0.0,0.0,0.0,0.0,0.0,0.0
45,1,5,0,True,0.8430045690873638,0.09923980229728535,2,qEHVI,0.06,0.2,0.66,0.04,0.0,0.0,0.0,0.0,0.0,0.0,0.0,0.04,0.0,0.0,0.0
45,1,5,0,True,0.8430045690873638,0.09923980229728535,3,qEHVI,0.36,0.0,0.56,0.04,0.0,0.0,0.0,0.0,0.0,0.0,0.0,0.04,0.0,0.0,0.0
45,1,5,0,True,0.8430045690873638,0.09923980229728535,4,qEHVI,0.38,0.04,0.56,0.02,0.0,0.0,0.0,0.0,0.0,0.0,0.0,0.0,0.0,0.0,0.0
45,2,4,1,False,0.7554486327578045,0.011271744605520384,0,qEHVI,0.38,0.04,0.54,0.04,0.0,0.0,0.0,0.0,0.0,0.0,0.0,0.0,0.0,0.0,0.0
45,2,4,1,False,0.7554486327578045,0.011271744605520384,1,qEHVI,0.5,0.4,0.0,0.02,0.0,0.0,0.0,0.0,0.0,0.0,0.0,0.04,0.0,0.0,0.04
45,2,4,1,False,0.7554486327578045,0.011271744605520384,2,qEHVI,0.06,0.2,0.66,0.04,0.0,0.0,0.0,0.0,0.0,0.0,0.0,0.04,0.0,0.0,0.0
45,2,4,1,False,0.7554486327578045,0.011271744605520384,3,qEHVI,0.4,0.1,0.4,0.02,0.02,0.0,0.0,0.0,0.0,0.0,0.0,0.02,0.0,0.02,0.02
45,2,4,1,False,0.7554486327578045,0.011271744605520384,4,qUCB,0.48,0.42,0.0,0.0,0.0,0.0,0.0,0.0,0.04,0.0,0.0,0.04,0.0,0.02,0.0
45,3,3,2,False,0.6787364961090424,0.12852413556651943,0,qEHVI,0.5,0.4,0.0,0.02,0.0,0.0,0.0,0.0,0.0,0.0,0.0,0.04,0.0,0.0,0.04
45,3,3,2,False,0.6787364961090424,0.12852413556651943,1,qEHVI,0.38,0.04,0.54,0.04,0.0,0.0,0.0,0.0,0.0,0.0,0.0,0.0,0.0,0.0,0.0
45,3,3,2,False,0.6787364961090424,0.12852413556651943,2,qEHVI,0.06,0.2,0.66,0.04,0.0,0.0,0.0,0.0,0.0,0.0,0.0,0.04,0.0,0.0,0.0
45,3,3,2,False,0.6787364961090424,0.12852413556651943,3,qUCB,0.66,0.14,0.1,0.0,0.04,0.0,0.0,0.0,0.0,0.0,0.0,0.02,0.0,0.04,0.0
45,3,3,2,False,0.6787364961090424,0.12852413556651943,4,qUCB,0.46,0.3,0.14,0.0,0.04,0.0,0.0,0.0,0.04,0.0,0.0,0.0,0.0,0.0,0.02
45,4,2,3,False,0.6327682241456215,0.10729320132698383,0,qEHVI,0.38,0.04,0.54,0.04,0.0,0.0,0.0,0.0,0.0,0.0,0.0,0.0,0.0,0.0,0.0
45,4,2,3,False,0.6327682241456215,0.10729320132698383,1,qEHVI,0.5,0.4,0.0,0.02,0.0,0.0,0.0,0.0,0.0,0.0,0.0,0.04,0.0,0.0,0.04
45,4,2,3,False,0.6327682241456215,0.10729320132698383,2,qUCB,0.66,0.14,0.1,0.0,0.04,0.0,0.0,0.0,0.0,0.0,0.0,0.02,0.0,0.04,0.0
45,4,2,3,False,0.6327682241456215,0.10729320132698383,3,qUCB,0.46,0.3,0.14,0.0,0.04,0.0,0.0,0.0,0.04,0.0,0.0,0.0,0.0,0.0,0.02
45,4,2,3,False,0.6327682241456215,0.10729320132698383,4,qUCB,0.64,0.04,0.22,0.0,0.0,0.0,0.0,0.0,0.04,0.0,0.0,0.04,0.0,0.02,0.0
45,5,1,4,False,0.6952725754506079,0.002274928798306597,0,qEHVI,0.5,0.4,0.0,0.02,0.0,0.0,0.0,0.0,0.0,0.0,0.0,0.04,0.0,0.0,0.04
45,5,1,4,False,0.6952725754506079,0.002274928798306597,1,qUCB,0.4,0.08,0.42,0.0,0.02,0.0,0.0,0.0,0.04,0.0,0.0,0.0,0.0,0.04,0.0
45,5,1,4,False,0.6952725754506079,0.002274928798306597,2,qUCB,0.06,0.0,0.84,0.04,0.04,0.0,0.0,0.0,0.0,0.0,0.0,0.0,0.0,0.02,0.0
45,5,1,4,False,0.6952725754506079,0.002274928798306597,3,qUCB,0.0,0.72,0.2,0.04,0.0,0.0,0.0,0.0,0.04,0.0,0.0,0.0,0.0,0.0,0.0
45,5,1,4,False,0.6952725754506079,0.002274928798306597,4,qUCB,0.44,0.32,0.16,0.04,0.0,0.0,0.0,0.0,0.04,0.0,0.0,0.0,0.0,0.0,0.0
45,6,0,5,False,0.8514280617100769,0.058903105109525455,0,qUCB,0.44,0.5,0.02,0.0,0.0,0.0,0.0,0.0,0.0,0.0,0.0,0.04,0.0,0.0,0.0
45,6,0,5,False,0.8514280617100769,0.058903105109525455,1,qUCB,0.42,0.34,0.14,0.04,0.0,0.0,0.0,0.0,0.02,0.0,0.0,0.0,0.0,0.02,0.02
45,6,0,5,False,0.8514280617100769,0.058903105109525455,2,qUCB,0.38,0.04,0.54,0.04,0.0,0.0,0.0,0.0,0.0,0.0,0.0,0.0,0.0,0.0,0.0
45,6,0,5,False,0.8514280617100769,0.058903105109525455,3,qUCB,0.0,0.7000000000000001,0.22,0.04,0.0,0.0,0.0,0.0,0.02,0.0,0.0,0.0,0.0,0.02,0.0
45,6,0,5,False,0.8514280617100769,0.058903105109525455,4,qUCB,0.38,0.36,0.16,0.04,0.0,0.0,0.0,0.0,0.0,0.0,0.0,0.04,0.0,0.0,0.02
46,1,5,0,True,0.8232966655521105,0.37804853257769633,0,qEHVI,0.0,0.46,0.5,0.04,0.0,0.0,0.0,0.0,0.0,0.0,0.0,0.0,0.0,0.0,0.0
46,1,5,0,True,0.8232966655521105,0.37804853257769633,1,qEHVI,0.38,0.12,0.4,0.02,0.02,0.0,0.0,0.0,0.0,0.0,0.0,0.0,0.0,0.04,0.02
46,1,5,0,True,0.8232966655521105,0.37804853257769633,2,qEHVI,0.44,0.04,0.44,0.02,0.0,0.0,0.0,0.0,0.0,0.0,0.0,0.02,0.0,0.0,0.04
46,1,5,0,True,0.8232966655521105,0.37804853257769633,3,qEHVI,0.44,0.14,0.36,0.04,0.02,0.0,0.0,0.0,0.0,0.0,0.0,0.0,0.0,0.0,0.0
46,1,5,0,True,0.8232966655521105,0.37804853257769633,4,qEHVI,0.68,0.18,0.06,0.0,0.04,0.0,0.0,0.0,0.0,0.0,0.0,0.0,0.0,0.02,0.02
46,2,4,1,False,0.7945438506316456,0.2185237891018108,0,qEHVI,0.0,0.46,0.5,0.04,0.0,0.0,0.0,0.0,0.0,0.0,0.0,0.0,0.0,0.0,0.0
46,2,4,1,False,0.7945438506316456,0.2185237891018108,1,qEHVI,0.38,0.12,0.4,0.02,0.02,0.0,0.0,0.0,0.0,0.0,0.0,0.0,0.0,0.04,0.02
46,2,4,1,False,0.7945438506316456,0.2185237891018108,2,qEHVI,0.44,0.04,0.44,0.02,0.0,0.0,0.0,0.0,0.0,0.0,0.0,0.02,0.0,0.0,0.04
46,2,4,1,False,0.7945438506316456,0.2185237891018108,3,qEHVI,0.44,0.14,0.36,0.04,0.02,0.0,0.0,0.0,0.0,0.0,0.0,0.0,0.0,0.0,0.0
46,2,4,1,False,0.7945438506316456,0.2185237891018108,4,qUCB,0.46,0.44,0.02,0.0,0.02,0.0,0.0,0.0,0.0,0.0,0.0,0.04,0.0,0.02,0.0
46,3,3,2,False,0.6887976976399199,0.0096925795175542,0,qEHVI,0.0,0.46,0.5,0.04,0.0,0.0,0.0,0.0,0.0,0.0,0.0,0.0,0.0,0.0,0.0
46,3,3,2,False,0.6887976976399199,0.0096925795175542,1,qEHVI,0.38,0.12,0.4,0.02,0.02,0.0,0.0,0.0,0.0,0.0,0.0,0.0,0.0,0.04,0.02
46,3,3,2,False,0.6887976976399199,0.0096925795175542,2,qEHVI,0.44,0.04,0.44,0.02,0.0,0.0,0.0,0.0,0.0,0.0,0.0,0.02,0.0,0.0,0.04
46,3,3,2,False,0.6887976976399199,0.0096925795175542,3,qUCB,0.5,0.02,0.38,0.0,0.04,0.0,0.0,0.0,0.04,0.0,0.0,0.02,0.0,0.0,0.0
46,3,3,2,False,0.6887976976399199,0.0096925795175542,4,qUCB,0.62,0.1,0.2,0.0,0.04,0.0,0.0,0.0,0.0,0.0,0.0,0.04,0.0,0.0,0.0
46,4,2,3,False,0.4941327328002812,0.019131001205122233,0,qEHVI,0.0,0.46,0.5,0.04,0.0,0.0,0.0,0.0,0.0,0.0,0.0,0.0,0.0,0.0,0.0
46,4,2,3,False,0.4941327328002812,0.019131001205122233,1,qEHVI,0.38,0.12,0.4,0.02,0.02,0.0,0.0,0.0,0.0,0.0,0.0,0.0,0.0,0.04,0.02
46,4,2,3,False,0.4941327328002812,0.019131001205122233,2,qUCB,0.4,0.48,0.02,0.0,0.0,0.0,0.0,0.0,0.04,0.0,0.0,0.04,0.0,0.0,0.02
46,4,2,3,False,0.4941327328002812,0.019131001205122233,3,qUCB,0.64,0.04,0.22,0.0,0.0,0.0,0.0,0.0,0.04,0.0,0.0,0.04,0.0,0.0,0.02
46,4,2,3,False,0.4941327328002812,0.019131001205122233,4,qUCB,0.54,0.16,0.22,0.0,0.0,0.0,0.0,0.0,0.04,0.0,0.0,0.04,0.0,0.0,0.0
46,5,1,4,False,0.4341568216790114,0.19640795109168474,0,qEHVI,0.0,0.46,0.5,0.04,0.0,0.0,0.0,0.0,0.0,0.0,0.0,0.0,0.0,0.0,0.0
46,5,1,4,False,0.4341568216790114,0.19640795109168474,1,qUCB,0.68,0.14,0.08,0.0,0.0,0.0,0.0,0.0,0.0,0.0,0.0,0.02,0.0,0.04,0.04
46,5,1,4,False,0.4341568216790114,0.19640795109168474,2,qUCB,0.64,0.04,0.22,0.0,0.0,0.0,0.0,0.0,0.04,0.0,0.0,0.04,0.0,0.0,0.02
46,5,1,4,False,0.4341568216790114,0.19640795109168474,3,qUCB,0.6,0.1,0.2,0.0,0.02,0.0,0.0,0.0,0.0,0.0,0.0,0.04,0.0,0.0,0.04
46,5,1,4,False,0.4341568216790114,0.19640795109168474,4,qUCB,0.48,0.24,0.18,0.0,0.0,0.0,0.0,0.0,0.04,0.0,0.0,0.0,0.0,0.02,0.04
46,6,0,5,False,0.5020407963785817,0.04153045090431284,0,qUCB,0.46,0.44,0.02,0.0,0.02,0.0,0.0,0.0,0.0,0.0,0.0,0.04,0.0,0.02,0.0
46,6,0,5,False,0.5020407963785817,0.04153045090431284,1,qUCB,0.0,0.46,0.5,0.04,0.0,0.0,0.0,0.0,0.0,0.0,0.0,0.0,0.0,0.0,0.0
46,6,0,5,False,0.5020407963785817,0.04153045090431284,2,qUCB,0.0,0.0,0.98,0.0,0.0,0.0,0.0,0.0,0.02,0.0,0.0,0.0,0.0,0.0,0.0
46,6,0,5,False,0.5020407963785817,0.04153045090431284,3,qUCB,0.42,0.32,0.16,0.04,0.0,0.0,0.0,0.0,0.02,0.0,0.0,0.0,0.0,0.02,0.02
46,6,0,5,False,0.5020407963785817,0.04153045090431284,4,qUCB,0.0,0.7000000000000001,0.2,0.04,0.0,0.0,0.0,0.0,0.0,0.0,0.0,0.0,0.0,0.02,0.04
47,1,5,0,True,0.6769617986094673,0.01243637732881453,0,qEHVI,0.42,0.1,0.4,0.02,0.0,0.0,0.0,0.0,0.0,0.0,0.0,0.02,0.0,0.0,0.04
47,1,5,0,True,0.6769617986094673,0.01243637732881453,1,qEHVI,0.44,0.02,0.44,0.02,0.02,0.0,0.0,0.0,0.0,0.0,0.0,0.02,0.0,0.04,0.0
47,1,5,0,True,0.6769617986094673,0.01243637732881453,2,qEHVI,0.5,0.14,0.3,0.02,0.0,0.0,0.0,0.0,0.0,0.0,0.0,0.04,0.0,0.0,0.0
47,1,5,0,True,0.6769617986094673,0.01243637732881453,3,qEHVI,0.74,0.12,0.04,0.0,0.04,0.0,0.0,0.0,0.0,0.0,0.0,0.0,0.0,0.02,0.04
47,1,5,0,True,0.6769617986094673,0.01243637732881453,4,qEHVI,0.48,0.4,0.02,0.02,0.0,0.0,0.0,0.0,0.0,0.0,0.0,0.04,0.0,0.0,0.04
47,2,4,1,False,0.5911626361075454,0.18360245847984302,0,qEHVI,0.42,0.1,0.4,0.02,0.0,0.0,0.0,0.0,0.0,0.0,0.0,0.02,0.0,0.0,0.04
47,2,4,1,False,0.5911626361075454,0.18360245847984302,1,qEHVI,0.44,0.02,0.44,0.02,0.02,0.0,0.0,0.0,0.0,0.0,0.0,0.02,0.0,0.04,0.0
47,2,4,1,False,0.5911626361075454,0.18360245847984302,2,qEHVI,0.5,0.14,0.3,0.02,0.0,0.0,0.0,0.0,0.0,0.0,0.0,0.04,0.0,0.0,0.0
47,2,4,1,False,0.5911626361075454,0.18360245847984302,3,qEHVI,0.74,0.12,0.04,0.0,0.04,0.0,0.0,0.0,0.0,0.0,0.0,0.0,0.0,0.02,0.04
47,2,4,1,False,0.5911626361075454,0.18360245847984302,4,qUCB,0.42,0.06,0.42,0.04,0.02,0.0,0.0,0.0,0.04,0.0,0.0,0.0,0.0,0.0,0.0
47,3,3,2,False,0.5240101593718905,0.021947422272306838,0,qEHVI,0.42,0.1,0.4,0.02,0.0,0.0,0.0,0.0,0.0,0.0,0.0,0.02,0.0,0.0,0.04
47,3,3,2,False,0.5240101593718905,0.021947422272306838,1,qEHVI,0.44,0.02,0.44,0.02,0.02,0.0,0.0,0.0,0.0,0.0,0.0,0.02,0.0,0.04,0.0
47,3,3,2,False,0.5240101593718905,0.021947422272306838,2,qEHVI,0.5,0.14,0.3,0.02,0.0,0.0,0.0,0.0,0.0,0.0,0.0,0.04,0.0,0.0,0.0
47,3,3,2,False,0.5240101593718905,0.021947422272306838,3,qUCB,0.4,0.14,0.36,0.0,0.04,0.0,0.0,0.0,0.04,0.0,0.0,0.0,0.0,0.0,0.02
47,3,3,2,False,0.5240101593718905,0.021947422272306838,4,qUCB,0.02,0.68,0.22,0.04,0.04,0.0,0.0,0.0,0.0,0.0,0.0,0.0,0.0,0.0,0.0
47,4,2,3,False,0.4481791142725423,0.18674716704110228,0,qEHVI,0.42,0.1,0.4,0.02,0.0,0.0,0.0,0.0,0.0,0.0,0.0,0.02,0.0,0.0,0.04
47,4,2,3,False,0.4481791142725423,0.18674716704110228,1,qEHVI,0.44,0.02,0.44,0.02,0.02,0.0,0.0,0.0,0.0,0.0,0.0,0.02,0.0,0.04,0.0
47,4,2,3,False,0.4481791142725423,0.18674716704110228,2,qUCB,0.4,0.14,0.36,0.0,0.04,0.0,0.0,0.0,0.04,0.0,0.0,0.0,0.0,0.0,0.02
47,4,2,3,False,0.4481791142725423,0.18674716704110228,3,qUCB,0.36,0.4,0.16,0.04,0.0,0.0,0.0,0.0,0.04,0.0,0.0,0.0,0.0,0.0,0.0
47,4,2,3,False,0.4481791142725423,0.18674716704110228,4,qUCB,0.02,0.68,0.22,0.04,0.04,0.0,0.0,0.0,0.0,0.0,0.0,0.0,0.0,0.0,0.0
47,5,1,4,False,0.24150741818587468,0.0181252471573482,0,qEHVI,0.42,0.1,0.4,0.02,0.0,0.0,0.0,0.0,0.0,0.0,0.0,0.02,0.0,0.0,0.04
47,5,1,4,False,0.24150741818587468,0.0181252471573482,1,qUCB,0.5,0.32,0.08,0.0,0.04,0.0,0.0,0.0,0.0,0.0,0.0,0.02,0.0,0.04,0.0
47,5,1,4,False,0.24150741818587468,0.0181252471573482,2,qUCB,0.0,0.9,0.0,0.04,0.0,0.0,0.0,0.0,0.02,0.0,0.0,0.0,0.0,0.04,0.0
47,5,1,4,False,0.24150741818587468,0.0181252471573482,3,qUCB,0.52,0.22,0.16,0.0,0.04,0.0,0.0,0.0,0.02,0.0,0.0,0.0,0.0,0.04,0.0
47,5,1,4,False,0.24150741818587468,0.0181252471573482,4,qUCB,0.02,0.68,0.22,0.04,0.04,0.0,0.0,0.0,0.0,0.0,0.0,0.0,0.0,0.0,0.0
47,6,0,5,False,0.1578483071434854,0.14139589510674444,0,qUCB,0.48,0.46,0.0,0.0,0.0,0.0,0.0,0.0,0.0,0.0,0.0,0.04,0.0,0.0,0.02
47,6,0,5,False,0.1578483071434854,0.14139589510674444,1,qUCB,0.44,0.3,0.16,0.04,0.0,0.0,0.0,0.0,0.02,0.0,0.0,0.02,0.0,0.0,0.02
47,6,0,5,False,0.1578483071434854,0.14139589510674444,2,qUCB,0.4,0.38,0.12,0.04,0.0,0.0,0.0,0.0,0.02,0.0,0.0,0.04,0.0,0.0,0.0
47,6,0,5,False,0.1578483071434854,0.14139589510674444,3,qUCB,0.36,0.36,0.18,0.04,0.0,0.0,0.0,0.0,0.0,0.0,0.0,0.04,0.0,0.0,0.02
47,6,0,5,False,0.1578483071434854,0.14139589510674444,4,qUCB,0.24,0.58,0.08,0.04,0.0,0.0,0.0,0.0,0.0,0.0,0.0,0.04,0.0,0.02,0.0
48,1,5,0,True,0.7174134793736154,0.027569271885202085,0,qEHVI,0.0,0.44,0.54,0.0,0.0,0.0,0.0,0.0,0.0,0.0,0.0,0.0,0.0,0.0,0.02
48,1,5,0,True,0.7174134793736154,0.027569271885202085,1,qEHVI,0.38,0.12,0.4,0.02,0.0,0.0,0.0,0.0,0.0,0.0,0.0,0.04,0.0,0.02,0.02
48,1,5,0,True,0.7174134793736154,0.027569271885202085,2,qEHVI,0.6,0.0,0.34,0.02,0.0,0.0,0.0,0.0,0.02,0.0,0.0,0.0,0.0,0.02,0.0
48,1,5,0,True,0.7174134793736154,0.027569271885202085,3,qEHVI,0.42,0.12,0.36,0.02,0.04,0.0,0.0,0.0,0.0,0.0,0.0,0.02,0.0,0.0,0.02
48,1,5,0,True,0.7174134793736154,0.027569271885202085,4,qEHVI,0.38,0.42,0.1,0.0,0.0,0.0,0.0,0.0,0.0,0.0,0.0,0.04,0.0,0.02,0.04
48,2,4,1,False,0.6452545656617997,0.016664754718741293,0,qEHVI,0.0,0.44,0.54,0.0,0.0,0.0,0.0,0.0,0.0,0.0,0.0,0.0,0.0,0.0,0.02
48,2,4,1,False,0.6452545656617997,0.016664754718741293,1,qEHVI,0.38,0.12,0.4,0.02,0.0,0.0,0.0,0.0,0.0,0.0,0.0,0.04,0.0,0.02,0.02
48,2,4,1,False,0.6452545656617997,0.016664754718741293,2,qEHVI,0.6,0.0,0.34,0.02,0.0,0.0,0.0,0.0,0.02,0.0,0.0,0.0,0.0,0.02,0.0
48,2,4,1,False,0.6452545656617997,0.016664754718741293,3,qEHVI,0.38,0.42,0.1,0.0,0.0,0.0,0.0,0.0,0.0,0.0,0.0,0.04,0.0,0.02,0.04
48,2,4,1,False,0.6452545656617997,0.016664754718741293,4,qUCB,0.48,0.42,0.0,0.0,0.04,0.0,0.0,0.0,0.0,0.0,0.0,0.02,0.0,0.04,0.0
48,3,3,2,False,0.5438432767837421,0.14367124054837976,0,qEHVI,0.0,0.44,0.54,0.0,0.0,0.0,0.0,0.0,0.0,0.0,0.0,0.0,0.0,0.0,0.02
48,3,3,2,False,0.5438432767837421,0.14367124054837976,1,qEHVI,0.38,0.12,0.4,0.02,0.0,0.0,0.0,0.0,0.0,0.0,0.0,0.04,0.0,0.02,0.02
48,3,3,2,False,0.5438432767837421,0.14367124054837976,2,qEHVI,0.6,0.0,0.34,0.02,0.0,0.0,0.0,0.0,0.02,0.0,0.0,0.0,0.0,0.02,0.0
48,3,3,2,False,0.5438432767837421,0.14367124054837976,3,qUCB,0.48,0.42,0.0,0.0,0.04,0.0,0.0,0.0,0.0,0.0,0.0,0.02,0.0,0.04,0.0
48,3,3,2,False,0.5438432767837421,0.14367124054837976,4,qUCB,0.42,0.34,0.14,0.04,0.04,0.0,0.0,0.0,0.0,0.0,0.0,0.0,0.0,0.0,0.02
48,4,2,3,False,0.5024225335268591,0.07804774655621483,0,qEHVI,0.0,0.44,0.54,0.0,0.0,0.0,0.0,0.0,0.0,0.0,0.0,0.0,0.0,0.0,0.02
48,4,2,3,False,0.5024225335268591,0.07804774655621483,1,qEHVI,0.38,0.12,0.4,0.02,0.0,0.0,0.0,0.0,0.0,0.0,0.0,0.04,0.0,0.02,0.02
48,4,2,3,False,0.5024225335268591,0.07804774655621483,2,qUCB,0.42,0.12,0.36,0.0,0.04,0.0,0.0,0.0,0.02,0.0,0.0,0.0,0.0,0.04,0.0
48,4,2,3,False,0.5024225335268591,0.07804774655621483,3,qUCB,0.5,0.24,0.16,0.04,0.02,0.0,0.0,0.0,0.04,0.0,0.0,0.0,0.0,0.0,0.0
48,4,2,3,False,0.5024225335268591,0.07804774655621483,4,qUCB,0.72,0.1,0.08,0.0,0.02,0.0,0.0,0.0,0.04,0.0,0.0,0.0,0.0,0.04,0.0
48,5,1,4,False,0.34259541615431144,0.38949482104181943,0,qEHVI,0.0,0.44,0.54,0.0,0.0,0.0,0.0,0.0,0.0,0.0,0.0,0.0,0.0,0.0,0.02
48,5,1,4,False,0.34259541615431144,0.38949482104181943,1,qUCB,0.74,0.1,0.06,0.0,0.0,0.0,0.0,0.0,0.02,0.0,0.0,0.04,0.0,0.04,0.0
48,5,1,4,False,0.34259541615431144,0.38949482104181943,2,qUCB,0.42,0.32,0.16,0.04,0.02,0.0,0.0,0.0,0.0,0.0,0.0,0.04,0.0,0.0,0.0
48,5,1,4,False,0.34259541615431144,0.38949482104181943,3,qUCB,0.64,0.08,0.2,0.0,0.0,0.0,0.0,0.0,0.0,0.0,0.0,0.04,0.0,0.04,0.0
48,5,1,4,False,0.34259541615431144,0.38949482104181943,4,qUCB,0.8200000000000001,0.06,0.02,0.04,0.0,0.0,0.0,0.0,0.0,0.0,0.0,0.04,0.0,0.02,0.0
48,6,0,5,False,0.26170498118778746,0.1204350605722011,0,qUCB,0.46,0.44,0.02,0.0,0.0,0.0,0.0,0.0,0.0,0.0,0.0,0.04,0.0,0.02,0.02
48,6,0,5,False,0.26170498118778746,0.1204350605722011,1,qUCB,0.42,0.32,0.16,0.04,0.02,0.0,0.0,0.0,0.0,0.0,0.0,0.04,0.0,0.0,0.0
48,6,0,5,False,0.26170498118778746,0.1204350605722011,2,qUCB,0.0,0.12,0.84,0.04,0.0,0.0,0.0,0.0,0.0,0.0,0.0,0.0,0.0,0.0,0.0
48,6,0,5,False,0.26170498118778746,0.1204350605722011,3,qUCB,0.4,0.36,0.14,0.04,0.0,0.0,0.0,0.0,0.02,0.0,0.0,0.0,0.0,0.02,0.02
48,6,0,5,False,0.26170498118778746,0.1204350605722011,4,qUCB,0.0,0.54,0.42,0.0,0.0,0.0,0.0,0.0,0.02,0.0,0.0,0.02,0.0,0.0,0.0
49,1,5,0,True,0.6757218692729147,0.018664446080944863,0,qEHVI,0.6,0.28,0.04,0.0,0.0,0.0,0.0,0.0,0.02,0.0,0.0,0.0,0.0,0.02,0.04
49,1,5,0,True,0.6757218692729147,0.018664446080944863,1,qEHVI,0.0,0.36,0.54,0.04,0.0,0.0,0.0,0.0,0.04,0.0,0.0,0.0,0.0,0.0,0.02
49,1,5,0,True,0.6757218692729147,0.018664446080944863,2,qEHVI,0.44,0.14,0.32,0.04,0.0,0.0,0.0,0.0,0.0,0.0,0.0,0.04,0.0,0.02,0.0
49,1,5,0,True,0.6757218692729147,0.018664446080944863,3,qEHVI,0.0,0.0,0.98,0.02,0.0,0.0,0.0,0.0,0.0,0.0,0.0,0.0,0.0,0.0,0.0
49,1,5,0,True,0.6757218692729147,0.018664446080944863,4,qEHVI,0.48,0.0,0.44,0.02,0.0,0.0,0.0,0.0,0.0,0.0,0.0,0.0,0.0,0.04,0.02
49,2,4,1,False,0.6409574501547441,0.2846021826477205,0,qEHVI,0.6,0.28,0.04,0.0,0.0,0.0,0.0,0.0,0.02,0.0,0.0,0.0,0.0,0.02,0.04
49,2,4,1,False,0.6409574501547441,0.2846021826477205,1,qEHVI,0.0,0.0,0.98,0.02,0.0,0.0,0.0,0.0,0.0,0.0,0.0,0.0,0.0,0.0,0.0
49,2,4,1,False,0.6409574501547441,0.2846021826477205,2,qEHVI,0.0,0.36,0.54,0.04,0.0,0.0,0.0,0.0,0.04,0.0,0.0,0.0,0.0,0.0,0.02
49,2,4,1,False,0.6409574501547441,0.2846021826477205,3,qEHVI,0.44,0.14,0.32,0.04,0.0,0.0,0.0,0.0,0.0,0.0,0.0,0.04,0.0,0.02,0.0
49,2,4,1,False,0.6409574501547441,0.2846021826477205,4,qUCB,0.44,0.1,0.36,0.0,0.04,0.0,0.0,0.0,0.04,0.0,0.0,0.02,0.0,0.0,0.0
49,3,3,2,False,0.5719424348238648,0.3084878604316579,0,qEHVI,0.6,0.28,0.04,0.0,0.0,0.0,0.0,0.0,0.02,0.0,0.0,0.0,0.0,0.02,0.04
49,3,3,2,False,0.5719424348238648,0.3084878604316579,1,qEHVI,0.0,0.36,0.54,0.04,0.0,0.0,0.0,0.0,0.04,0.0,0.0,0.0,0.0,0.0,0.02
49,3,3,2,False,0.5719424348238648,0.3084878604316579,2,qEHVI,0.44,0.14,0.32,0.04,0.0,0.0,0.0,0.0,0.0,0.0,0.0,0.04,0.0,0.02,0.0
49,3,3,2,False,0.5719424348238648,0.3084878604316579,3,qUCB,0.44,0.1,0.36,0.0,0.04,0.0,0.0,0.0,0.04,0.0,0.0,0.02,0.0,0.0,0.0
49,3,3,2,False,0.5719424348238648,0.3084878604316579,4,qUCB,0.0,0.0,0.98,0.02,0.0,0.0,0.0,0.0,0.0,0.0,0.0,0.0,0.0,0.0,0.0
49,4,2,3,False,0.5016638967075278,0.08687731167284496,0,qEHVI,0.6,0.28,0.04,0.0,0.0,0.0,0.0,0.0,0.02,0.0,0.0,0.0,0.0,0.02,0.04
49,4,2,3,False,0.5016638967075278,0.08687731167284496,1,qEHVI,0.0,0.36,0.54,0.04,0.0,0.0,0.0,0.0,0.04,0.0,0.0,0.0,0.0,0.0,0.02
49,4,2,3,False,0.5016638967075278,0.08687731167284496,2,qUCB,0.42,0.06,0.42,0.02,0.04,0.0,0.0,0.0,0.0,0.0,0.0,0.04,0.0,0.0,0.0
49,4,2,3,False,0.5016638967075278,0.08687731167284496,3,qUCB,0.52,0.22,0.16,0.04,0.02,0.0,0.0,0.0,0.0,0.0,0.0,0.04,0.0,0.0,0.0
49,4,2,3,False,0.5016638967075278,0.08687731167284496,4,qUCB,0.0,0.0,0.98,0.02,0.0,0.0,0.0,0.0,0.0,0.0,0.0,0.0,0.0,0.0,0.0
49,5,1,4,False,0.433282147888683,0.14282734253093743,0,qEHVI,0.6,0.28,0.04,0.0,0.0,0.0,0.0,0.0,0.02,0.0,0.0,0.0,0.0,0.02,0.04
49,5,1,4,False,0.433282147888683,0.14282734253093743,1,qUCB,0.4,0.12,0.38,0.04,0.02,0.0,0.0,0.0,0.0,0.0,0.0,0.04,0.0,0.0,0.0
49,5,1,4,False,0.433282147888683,0.14282734253093743,2,qUCB,0.0,0.0,0.98,0.02,0.0,0.0,0.0,0.0,0.0,0.0,0.0,0.0,0.0,0.0,0.0
49,5,1,4,False,0.433282147888683,0.14282734253093743,3,qUCB,0.28,0.54,0.1,0.04,0.0,0.0,0.0,0.0,0.0,0.0,0.0,0.04,0.0,0.0,0.0
49,5,1,4,False,0.433282147888683,0.14282734253093743,4,qUCB,0.52,0.22,0.16,0.04,0.02,0.0,0.0,0.0,0.0,0.0,0.0,0.04,0.0,0.0,0.0
49,6,0,5,False,0.22804862266637146,0.20964018519295813,0,qUCB,0.46,0.44,0.0,0.0,0.02,0.0,0.0,0.0,0.0,0.0,0.0,0.04,0.0,0.04,0.0
49,6,0,5,False,0.22804862266637146,0.20964018519295813,1,qUCB,0.48,0.28,0.14,0.04,0.02,0.0,0.0,0.0,0.04,0.0,0.0,0.0,0.0,0.0,0.0
49,6,0,5,False,0.22804862266637146,0.20964018519295813,2,qUCB,0.0,0.0,0.98,0.02,0.0,0.0,0.0,0.0,0.0,0.0,0.0,0.0,0.0,0.0,0.0
49,6,0,5,False,0.22804862266637146,0.20964018519295813,3,qUCB,0.3,0.52,0.08,0.04,0.0,0.0,0.0,0.0,0.0,0.0,0.0,0.04,0.0,0.0,0.02
49,6,0,5,False,0.22804862266637146,0.20964018519295813,4,qUCB,0.4,0.38,0.12,0.04,0.02,0.0,0.0,0.0,0.0,0.0,0.0,0.0,0.0,0.04,0.0
50,1,5,0,True,0.5597527271478044,0.02084488793612138,0,qEHVI,0.4,0.16,0.4,0.02,0.02,0.0,0.0,0.0,0.0,0.0,0.0,0.0,0.0,0.0,0.0
50,1,5,0,True,0.5597527271478044,0.02084488793612138,1,qEHVI,0.42,0.12,0.36,0.04,0.0,0.0,0.0,0.0,0.0,0.0,0.0,0.04,0.0,0.0,0.02
50,1,5,0,True,0.5597527271478044,0.02084488793612138,2,qEHVI,0.58,0.34,0.06,0.0,0.0,0.0,0.0,0.0,0.02,0.0,0.0,0.0,0.0,0.0,0.0
50,1,5,0,True,0.5597527271478044,0.02084488793612138,3,qEHVI,0.42,0.04,0.46,0.02,0.0,0.0,0.0,0.0,0.04,0.0,0.0,0.0,0.0,0.02,0.0
50,1,5,0,True,0.5597527271478044,0.02084488793612138,4,qEHVI,0.36,0.26,0.3,0.04,0.0,0.0,0.0,0.0,0.0,0.0,0.0,0.04,0.0,0.0,0.0
50,2,4,1,False,0.5031786829488655,0.036393059913756076,0,qEHVI,0.4,0.16,0.4,0.02,0.02,0.0,0.0,0.0,0.0,0.0,0.0,0.0,0.0,0.0,0.0
50,2,4,1,False,0.5031786829488655,0.036393059913756076,1,qEHVI,0.42,0.12,0.36,0.04,0.0,0.0,0.0,0.0,0.0,0.0,0.0,0.04,0.0,0.0,0.02
50,2,4,1,False,0.5031786829488655,0.036393059913756076,2,qEHVI,0.58,0.34,0.06,0.0,0.0,0.0,0.0,0.0,0.02,0.0,0.0,0.0,0.0,0.0,0.0
50,2,4,1,False,0.5031786829488655,0.036393059913756076,3,qEHVI,0.42,0.04,0.46,0.02,0.0,0.0,0.0,0.0,0.04,0.0,0.0,0.0,0.0,0.02,0.0
50,2,4,1,False,0.5031786829488655,0.036393059913756076,4,qUCB,0.78,0.08,0.04,0.0,0.0,0.0,0.0,0.0,0.0,0.0,0.0,0.02,0.0,0.04,0.04
50,3,3,2,False,0.4321539272211223,0.08321080220118837,0,qEHVI,0.4,0.16,0.4,0.02,0.02,0.0,0.0,0.0,0.0,0.0,0.0,0.0,0.0,0.0,0.0
50,3,3,2,False,0.4321539272211223,0.08321080220118837,1,qEHVI,0.42,0.12,0.36,0.04,0.0,0.0,0.0,0.0,0.0,0.0,0.0,0.04,0.0,0.0,0.02
50,3,3,2,False,0.4321539272211223,0.08321080220118837,2,qEHVI,0.58,0.34,0.06,0.0,0.0,0.0,0.0,0.0,0.02,0.0,0.0,0.0,0.0,0.0,0.0
50,3,3,2,False,0.4321539272211223,0.08321080220118837,3,qUCB,0.78,0.08,0.04,0.0,0.0,0.0,0.0,0.0,0.0,0.0,0.0,0.02,0.0,0.04,0.04
50,3,3,2,False,0.4321539272211223,0.08321080220118837,4,qUCB,0.42,0.32,0.16,0.02,0.0,0.0,0.0,0.0,0.0,0.0,0.0,0.0,0.0,0.04,0.04
50,4,2,3,False,0.393924432921231,0.004856927909469455,0,qEHVI,0.4,0.16,0.4,0.02,0.02,0.0,0.0,0.0,0.0,0.0,0.0,0.0,0.0,0.0,0.0
50,4,2,3,False,0.393924432921231,0.004856927909469455,1,qEHVI,0.42,0.12,0.36,0.04,0.0,0.0,0.0,0.0,0.0,0.0,0.0,0.04,0.0,0.0,0.02
50,4,2,3,False,0.393924432921231,0.004856927909469455,2,qUCB,0.78,0.08,0.04,0.0,0.0,0.0,0.0,0.0,0.0,0.0,0.0,0.02,0.0,0.04,0.04
50,4,2,3,False,0.393924432921231,0.004856927909469455,3,qUCB,0.52,0.16,0.22,0.0,0.0,0.0,0.0,0.0,0.04,0.0,0.0,0.0,0.0,0.02,0.04
50,4,2,3,False,0.393924432921231,0.004856927909469455,4,qUCB,0.44,0.3,0.16,0.04,0.0,0.0,0.0,0.0,0.04,0.0,0.0,0.0,0.0,0.02,0.0
50,5,1,4,False,0.24383997746490468,0.06376469601277357,0,qEHVI,0.4,0.16,0.4,0.02,0.02,0.0,0.0,0.0,0.0,0.0,0.0,0.0,0.0,0.0,0.0
50,5,1,4,False,0.24383997746490468,0.06376469601277357,1,qUCB,0.7000000000000001,0.14,0.06,0.0,0.0,0.0,0.0,0.0,0.0,0.0,0.0,0.04,0.0,0.02,0.04
50,5,1,4,False,0.24383997746490468,0.06376469601277357,2,qUCB,0.36,0.52,0.02,0.0,0.0,0.0,0.0,0.0,0.0,0.0,0.0,0.04,0.0,0.02,0.04
50,5,1,4,False,0.24383997746490468,0.06376469601277357,3,qUCB,0.6,0.08,0.22,0.0,0.0,0.0,0.0,0.0,0.04,0.0,0.0,0.04,0.0,0.0,0.02
50,5,1,4,False,0.24383997746490468,0.06376469601277357,4,qUCB,0.22,0.62,0.06,0.0,0.0,0.0,0.0,0.0,0.02,0.0,0.0,0.04,0.0,0.0,0.04
50,6,0,5,False,0.17368001052189763,0.026820446416259358,0,qUCB,0.42,0.44,0.04,0.0,0.02,0.0,0.0,0.0,0.0,0.0,0.0,0.04,0.0,0.02,0.02
50,6,0,5,False,0.17368001052189763,0.026820446416259358,1,qUCB,0.44,0.32,0.14,0.04,0.0,0.0,0.0,0.0,0.02,0.0,0.0,0.04,0.0,0.0,0.0
50,6,0,5,False,0.17368001052189763,0.026820446416259358,2,qUCB,0.36,0.46,0.08,0.04,0.02,0.0,0.0,0.0,0.0,0.0,0.0,0.04,0.0,0.0,0.0
50,6,0,5,False,0.17368001052189763,0.026820446416259358,3,qUCB,0.32,0.52,0.06,0.0,0.02,0.0,0.0,0.0,0.0,0.0,0.0,0.04,0.0,0.0,0.04
50,6,0,5,False,0.17368001052189763,0.026820446416259358,4,qUCB,0.34,0.44,0.12,0.04,0.02,0.0,0.0,0.0,0.0,0.0,0.0,0.0,0.0,0.02,0.02
