iteration,option,n_opt,n_exp,selected,full_qehvi,full_entropy,point_idx,source,x_0,x_1,x_2,x_3,x_4,x_5,x_6,x_7,x_8,x_9,x_10,x_11,x_12,x_13,x_14
1,1,5,0,False,12.777893937034488,0.33762203967746274,0,qEHVI,0.86,0.08,0.0,0.02,0.0,0.0,0.0,0.0,0.0,0.0,0.0,0.04,0.0,0.0,0.0
1,1,5,0,False,12.777893937034488,0.33762203967746274,1,qEHVI,0.06,0.86,0.0,0.0,0.0,0.0,0.0,0.0,0.02,0.0,0.0,0.0,0.0,0.02,0.04
1,1,5,0,False,12.777893937034488,0.33762203967746274,2,qEHVI,0.7000000000000001,0.18,0.02,0.0,0.04,0.0,0.0,0.0,0.0,0.0,0.0,0.04,0.0,0.02,0.0
1,1,5,0,False,12.777893937034488,0.33762203967746274,3,qEHVI,0.12,0.74,0.04,0.04,0.0,0.0,0.0,0.0,0.0,0.0,0.0,0.0,0.0,0.02,0.04
1,1,5,0,False,12.777893937034488,0.33762203967746274,4,qEHVI,0.42,0.48,0.0,0.0,0.0,0.0,0.0,0.0,0.04,0.0,0.0,0.04,0.0,0.02,0.0
1,2,4,1,False,12.163919565558244,0.4454192285069354,0,qEHVI,0.86,0.08,0.0,0.02,0.0,0.0,0.0,0.0,0.0,0.0,0.0,0.04,0.0,0.0,0.0
1,2,4,1,False,12.163919565558244,0.4454192285069354,1,qEHVI,0.06,0.86,0.0,0.0,0.0,0.0,0.0,0.0,0.02,0.0,0.0,0.0,0.0,0.02,0.04
1,2,4,1,False,12.163919565558244,0.4454192285069354,2,qEHVI,0.7000000000000001,0.18,0.02,0.0,0.04,0.0,0.0,0.0,0.0,0.0,0.0,0.04,0.0,0.02,0.0
1,2,4,1,False,12.163919565558244,0.4454192285069354,3,qEHVI,0.0,0.78,0.12,0.04,0.0,0.0,0.0,0.0,0.0,0.0,0.0,0.04,0.0,0.0,0.02
1,2,4,1,False,12.163919565558244,0.4454192285069354,4,qUCB,0.86,0.06,0.0,0.0,0.0,0.0,0.0,0.0,0.04,0.0,0.0,0.0,0.0,0.04,0.0
1,3,3,2,False,11.80364342426016,0.3529677325670981,0,qEHVI,0.86,0.08,0.0,0.02,0.0,0.0,0.0,0.0,0.0,0.0,0.0,0.04,0.0,0.0,0.0
1,3,3,2,False,11.80364342426016,0.3529677325670981,1,qEHVI,0.06,0.86,0.0,0.0,0.0,0.0,0.0,0.0,0.02,0.0,0.0,0.0,0.0,0.02,0.04
1,3,3,2,False,11.80364342426016,0.3529677325670981,2,qEHVI,0.14,0.78,0.0,0.0,0.04,0.0,0.0,0.0,0.0,0.0,0.0,0.04,0.0,0.0,0.0
1,3,3,2,False,11.80364342426016,0.3529677325670981,3,qUCB,0.76,0.08,0.06,0.0,0.04,0.0,0.0,0.0,0.02,0.0,0.0,0.0,0.0,0.04,0.0
1,3,3,2,False,11.80364342426016,0.3529677325670981,4,qUCB,0.12,0.0,0.78,0.04,0.04,0.0,0.0,0.0,0.0,0.0,0.0,0.0,0.0,0.02,0.0
1,4,2,3,False,12.689342994572701,0.45322034640219755,0,qEHVI,0.86,0.08,0.0,0.02,0.0,0.0,0.0,0.0,0.0,0.0,0.0,0.04,0.0,0.0,0.0
1,4,2,3,False,12.689342994572701,0.45322034640219755,1,qEHVI,0.06,0.86,0.0,0.0,0.0,0.0,0.0,0.0,0.02,0.0,0.0,0.0,0.0,0.02,0.04
1,4,2,3,False,12.689342994572701,0.45322034640219755,2,qUCB,0.0,0.1,0.8,0.04,0.04,0.0,0.0,0.0,0.0,0.0,0.0,0.0,0.0,0.0,0.02
1,4,2,3,False,12.689342994572701,0.45322034640219755,3,qUCB,0.7000000000000001,0.16,0.04,0.0,0.04,0.0,0.0,0.0,0.02,0.0,0.0,0.0,0.0,0.04,0.0
1,4,2,3,False,12.689342994572701,0.45322034640219755,4,qUCB,0.08,0.8,0.04,0.04,0.04,0.0,0.0,0.0,0.0,0.0,0.0,0.0,0.0,0.0,0.0
1,5,1,4,False,11.522262676393566,0.29186624654077775,0,qEHVI,0.86,0.08,0.0,0.02,0.0,0.0,0.0,0.0,0.0,0.0,0.0,0.04,0.0,0.0,0.0
1,5,1,4,False,11.522262676393566,0.29186624654077775,1,qUCB,0.04,0.78,0.08,0.0,0.02,0.0,0.0,0.0,0.0,0.0,0.0,0.0,0.0,0.04,0.04
1,5,1,4,False,11.522262676393566,0.29186624654077775,2,qUCB,0.08,0.8,0.02,0.0,0.0,0.0,0.0,0.0,0.04,0.0,0.0,0.0,0.0,0.04,0.02
1,5,1,4,False,11.522262676393566,0.29186624654077775,3,qUCB,0.04,0.84,0.02,0.0,0.04,0.0,0.0,0.0,0.04,0.0,0.0,0.0,0.0,0.0,0.02
1,5,1,4,False,11.522262676393566,0.29186624654077775,4,qUCB,0.02,0.88,0.0,0.04,0.0,0.0,0.0,0.0,0.02,0.0,0.0,0.0,0.0,0.04,0.0
1,6,0,5,True,12.276182567820886,0.7382620149404993,0,qUCB,0.68,0.22,0.0,0.02,0.0,0.0,0.0,0.0,0.0,0.0,0.0,0.04,0.0,0.0,0.04
1,6,0,5,True,12.276182567820886,0.7382620149404993,1,qUCB,0.08,0.86,0.0,0.0,0.02,0.0,0.0,0.0,0.0,0.0,0.0,0.04,0.0,0.0,0.0
1,6,0,5,True,12.276182567820886,0.7382620149404993,2,qUCB,0.06,0.86,0.0,0.0,0.0,0.0,0.0,0.0,0.02,0.0,0.0,0.0,0.0,0.02,0.04
1,6,0,5,True,12.276182567820886,0.7382620149404993,3,qUCB,0.64,0.26,0.0,0.02,0.04,0.0,0.0,0.0,0.0,0.0,0.0,0.04,0.0,0.0,0.0
1,6,0,5,True,12.276182567820886,0.7382620149404993,4,qUCB,0.42,0.48,0.0,0.0,0.0,0.0,0.0,0.0,0.04,0.0,0.0,0.04,0.0,0.02,0.0
2,1,5,0,False,7.345226947865268,0.8179767179168937,0,qEHVI,0.9,0.0,0.0,0.0,0.0,0.0,0.0,0.0,0.02,0.0,0.0,0.04,0.0,0.02,0.02
2,1,5,0,False,7.345226947865268,0.8179767179168937,1,qEHVI,0.0,0.04,0.88,0.04,0.04,0.0,0.0,0.0,0.0,0.0,0.0,0.0,0.0,0.0,0.0
2,1,5,0,False,7.345226947865268,0.8179767179168937,2,qEHVI,0.72,0.2,0.0,0.0,0.04,0.0,0.0,0.0,0.0,0.0,0.0,0.0,0.0,0.0,0.04
2,1,5,0,False,7.345226947865268,0.8179767179168937,3,qEHVI,0.5,0.02,0.38,0.04,0.02,0.0,0.0,0.0,0.0,0.0,0.0,0.0,0.0,0.04,0.0
2,1,5,0,False,7.345226947865268,0.8179767179168937,4,qEHVI,0.02,0.56,0.32,0.04,0.02,0.0,0.0,0.0,0.0,0.0,0.0,0.04,0.0,0.0,0.0
2,2,4,1,False,7.159435315766246,1.0748769224097021,0,qEHVI,0.9,0.0,0.0,0.0,0.0,0.0,0.0,0.0,0.02,0.0,0.0,0.04,0.0,0.02,0.02
2,2,4,1,False,7.159435315766246,1.0748769224097021,1,qEHVI,0.4,0.18,0.32,0.04,0.0,0.0,0.0,0.0,0.0,0.0,0.0,0.02,0.0,0.04,0.0
2,2,4,1,False,7.159435315766246,1.0748769224097021,2,qEHVI,0.0,0.04,0.88,0.04,0.04,0.0,0.0,0.0,0.0,0.0,0.0,0.0,0.0,0.0,0.0
2,2,4,1,False,7.159435315766246,1.0748769224097021,3,qEHVI,0.72,0.2,0.0,0.0,0.04,0.0,0.0,0.0,0.0,0.0,0.0,0.0,0.0,0.0,0.04
2,2,4,1,False,7.159435315766246,1.0748769224097021,4,qUCB,0.84,0.04,0.02,0.0,0.04,0.0,0.0,0.0,0.04,0.0,0.0,0.0,0.0,0.02,0.0
2,3,3,2,False,7.755206404139491,1.1943294295405167,0,qEHVI,0.9,0.0,0.0,0.0,0.0,0.0,0.0,0.0,0.02,0.0,0.0,0.04,0.0,0.02,0.02
2,3,3,2,False,7.755206404139491,1.1943294295405167,1,qEHVI,0.5,0.02,0.38,0.04,0.02,0.0,0.0,0.0,0.0,0.0,0.0,0.0,0.0,0.04,0.0
2,3,3,2,False,7.755206404139491,1.1943294295405167,2,qEHVI,0.0,0.04,0.88,0.04,0.04,0.0,0.0,0.0,0.0,0.0,0.0,0.0,0.0,0.0,0.0
2,3,3,2,False,7.755206404139491,1.1943294295405167,3,qUCB,0.72,0.2,0.0,0.0,0.04,0.0,0.0,0.0,0.0,0.0,0.0,0.0,0.0,0.0,0.04
2,3,3,2,False,7.755206404139491,1.1943294295405167,4,qUCB,0.02,0.66,0.22,0.04,0.0,0.0,0.0,0.0,0.04,0.0,0.0,0.02,0.0,0.0,0.0
2,4,2,3,False,6.844373032973179,1.1056325327332246,0,qEHVI,0.9,0.0,0.0,0.0,0.0,0.0,0.0,0.0,0.02,0.0,0.0,0.04,0.0,0.02,0.02
2,4,2,3,False,6.844373032973179,1.1056325327332246,1,qEHVI,0.0,0.04,0.88,0.04,0.04,0.0,0.0,0.0,0.0,0.0,0.0,0.0,0.0,0.0,0.0
2,4,2,3,False,6.844373032973179,1.1056325327332246,2,qUCB,0.72,0.2,0.0,0.0,0.04,0.0,0.0,0.0,0.0,0.0,0.0,0.0,0.0,0.0,0.04
2,4,2,3,False,6.844373032973179,1.1056325327332246,3,qUCB,0.0,0.9,0.0,0.04,0.0,0.0,0.0,0.0,0.0,0.0,0.0,0.0,0.0,0.02,0.04
2,4,2,3,False,6.844373032973179,1.1056325327332246,4,qUCB,0.02,0.66,0.22,0.04,0.0,0.0,0.0,0.0,0.04,0.0,0.0,0.02,0.0,0.0,0.0
2,5,1,4,False,6.842049957841392,0.8074386264327771,0,qEHVI,0.9,0.0,0.0,0.0,0.0,0.0,0.0,0.0,0.02,0.0,0.0,0.04,0.0,0.02,0.02
2,5,1,4,False,6.842049957841392,0.8074386264327771,1,qUCB,0.02,0.68,0.2,0.04,0.04,0.0,0.0,0.0,0.02,0.0,0.0,0.0,0.0,0.0,0.0
2,5,1,4,False,6.842049957841392,0.8074386264327771,2,qUCB,0.0,0.04,0.88,0.04,0.04,0.0,0.0,0.0,0.0,0.0,0.0,0.0,0.0,0.0,0.0
2,5,1,4,False,6.842049957841392,0.8074386264327771,3,qUCB,0.0,0.42,0.48,0.04,0.04,0.0,0.0,0.0,0.0,0.0,0.0,0.0,0.0,0.02,0.0
2,5,1,4,False,6.842049957841392,0.8074386264327771,4,qUCB,0.0,0.8200000000000001,0.08,0.04,0.04,0.0,0.0,0.0,0.0,0.0,0.0,0.0,0.0,0.02,0.0
2,6,0,5,True,6.460033204852083,1.593431521462536,0,qUCB,0.8200000000000001,0.12,0.0,0.0,0.04,0.0,0.0,0.0,0.02,0.0,0.0,0.0,0.0,0.0,0.0
2,6,0,5,True,6.460033204852083,1.593431521462536,1,qUCB,0.08,0.58,0.26,0.04,0.0,0.0,0.0,0.0,0.0,0.0,0.0,0.0,0.0,0.04,0.0
2,6,0,5,True,6.460033204852083,1.593431521462536,2,qUCB,0.9,0.0,0.0,0.0,0.0,0.0,0.0,0.0,0.02,0.0,0.0,0.04,0.0,0.02,0.02
2,6,0,5,True,6.460033204852083,1.593431521462536,3,qUCB,0.6,0.02,0.28,0.04,0.04,0.0,0.0,0.0,0.02,0.0,0.0,0.0,0.0,0.0,0.0
2,6,0,5,True,6.460033204852083,1.593431521462536,4,qUCB,0.14,0.66,0.1,0.04,0.02,0.0,0.0,0.0,0.04,0.0,0.0,0.0,0.0,0.0,0.0
3,1,5,0,False,12.677137931692764,1.1809699469243977,0,qEHVI,0.4,0.0,0.5,0.0,0.0,0.0,0.0,0.0,0.0,0.0,0.0,0.04,0.0,0.04,0.02
3,1,5,0,False,12.677137931692764,1.1809699469243977,1,qEHVI,0.44,0.26,0.22,0.0,0.0,0.0,0.0,0.0,0.0,0.0,0.0,0.0,0.0,0.04,0.04
3,1,5,0,False,12.677137931692764,1.1809699469243977,2,qEHVI,0.52,0.0,0.38,0.0,0.0,0.0,0.0,0.0,0.02,0.0,0.0,0.04,0.0,0.04,0.0
3,1,5,0,False,12.677137931692764,1.1809699469243977,3,qEHVI,0.32,0.02,0.58,0.04,0.0,0.0,0.0,0.0,0.0,0.0,0.0,0.0,0.0,0.0,0.04
3,1,5,0,False,12.677137931692764,1.1809699469243977,4,qEHVI,0.46,0.44,0.0,0.04,0.02,0.0,0.0,0.0,0.0,0.0,0.0,0.0,0.0,0.04,0.0
3,2,4,1,False,12.047537991045782,0.9791461251971239,0,qEHVI,0.4,0.0,0.5,0.0,0.0,0.0,0.0,0.0,0.0,0.0,0.0,0.04,0.0,0.04,0.02
3,2,4,1,False,12.047537991045782,0.9791461251971239,1,qEHVI,0.5,0.06,0.36,0.0,0.0,0.0,0.0,0.0,0.0,0.0,0.0,0.04,0.0,0.04,0.0
3,2,4,1,False,12.047537991045782,0.9791461251971239,2,qEHVI,0.44,0.46,0.0,0.02,0.0,0.0,0.0,0.0,0.0,0.0,0.0,0.0,0.0,0.04,0.04
3,2,4,1,False,12.047537991045782,0.9791461251971239,3,qEHVI,0.32,0.02,0.58,0.04,0.0,0.0,0.0,0.0,0.0,0.0,0.0,0.0,0.0,0.0,0.04
3,2,4,1,False,12.047537991045782,0.9791461251971239,4,qUCB,0.4,0.52,0.0,0.0,0.04,0.0,0.0,0.0,0.04,0.0,0.0,0.0,0.0,0.0,0.0
3,3,3,2,False,11.358219188447217,0.4633779026347753,0,qEHVI,0.4,0.0,0.5,0.0,0.0,0.0,0.0,0.0,0.0,0.0,0.0,0.04,0.0,0.04,0.02
3,3,3,2,False,11.358219188447217,0.4633779026347753,1,qEHVI,0.44,0.26,0.22,0.0,0.0,0.0,0.0,0.0,0.0,0.0,0.0,0.0,0.0,0.04,0.04
3,3,3,2,False,11.358219188447217,0.4633779026347753,2,qEHVI,0.52,0.0,0.38,0.0,0.0,0.0,0.0,0.0,0.02,0.0,0.0,0.04,0.0,0.04,0.0
3,3,3,2,False,11.358219188447217,0.4633779026347753,3,qUCB,0.42,0.48,0.0,0.04,0.04,0.0,0.0,0.0,0.02,0.0,0.0,0.0,0.0,0.0,0.0
3,3,3,2,False,11.358219188447217,0.4633779026347753,4,qUCB,0.4,0.52,0.0,0.0,0.04,0.0,0.0,0.0,0.04,0.0,0.0,0.0,0.0,0.0,0.0
3,4,2,3,False,9.92390823958058,1.133759273465877,0,qEHVI,0.4,0.0,0.5,0.0,0.0,0.0,0.0,0.0,0.0,0.0,0.0,0.04,0.0,0.04,0.02
3,4,2,3,False,9.92390823958058,1.133759273465877,1,qEHVI,0.44,0.26,0.22,0.0,0.0,0.0,0.0,0.0,0.0,0.0,0.0,0.0,0.0,0.04,0.04
3,4,2,3,False,9.92390823958058,1.133759273465877,2,qUCB,0.42,0.48,0.0,0.04,0.04,0.0,0.0,0.0,0.02,0.0,0.0,0.0,0.0,0.0,0.0
3,4,2,3,False,9.92390823958058,1.133759273465877,3,qUCB,0.4,0.52,0.0,0.0,0.04,0.0,0.0,0.0,0.04,0.0,0.0,0.0,0.0,0.0,0.0
3,4,2,3,False,9.92390823958058,1.133759273465877,4,qUCB,0.44,0.0,0.46,0.02,0.04,0.0,0.0,0.0,0.04,0.0,0.0,0.0,0.0,0.0,0.0
3,5,1,4,False,10.369066674667746,1.2870325628120973,0,qEHVI,0.4,0.0,0.5,0.0,0.0,0.0,0.0,0.0,0.0,0.0,0.0,0.04,0.0,0.04,0.02
3,5,1,4,False,10.369066674667746,1.2870325628120973,1,qUCB,0.42,0.48,0.0,0.04,0.04,0.0,0.0,0.0,0.02,0.0,0.0,0.0,0.0,0.0,0.0
3,5,1,4,False,10.369066674667746,1.2870325628120973,2,qUCB,0.4,0.52,0.0,0.0,0.04,0.0,0.0,0.0,0.04,0.0,0.0,0.0,0.0,0.0,0.0
3,5,1,4,False,10.369066674667746,1.2870325628120973,3,qUCB,0.38,0.22,0.3,0.04,0.02,0.0,0.0,0.0,0.04,0.0,0.0,0.0,0.0,0.0,0.0
3,5,1,4,False,10.369066674667746,1.2870325628120973,4,qUCB,0.44,0.06,0.4,0.02,0.0,0.0,0.0,0.0,0.04,0.0,0.0,0.04,0.0,0.0,0.0
3,6,0,5,True,11.222296760928705,1.558977931783465,0,qUCB,0.46,0.44,0.0,0.04,0.02,0.0,0.0,0.0,0.0,0.0,0.0,0.0,0.0,0.04,0.0
3,6,0,5,True,11.222296760928705,1.558977931783465,1,qUCB,0.42,0.0,0.48,0.0,0.02,0.0,0.0,0.0,0.0,0.0,0.0,0.04,0.0,0.04,0.0
3,6,0,5,True,11.222296760928705,1.558977931783465,2,qUCB,0.42,0.3,0.18,0.04,0.0,0.0,0.0,0.0,0.0,0.0,0.0,0.04,0.0,0.0,0.02
3,6,0,5,True,11.222296760928705,1.558977931783465,3,qUCB,0.4,0.26,0.26,0.0,0.0,0.0,0.0,0.0,0.0,0.0,0.0,0.0,0.0,0.04,0.04
3,6,0,5,True,11.222296760928705,1.558977931783465,4,qUCB,0.52,0.42,0.0,0.0,0.02,0.0,0.0,0.0,0.02,0.0,0.0,0.0,0.0,0.0,0.02
4,1,5,0,False,11.92538334037409,0.517470989998333,0,qEHVI,0.48,0.08,0.36,0.0,0.0,0.0,0.0,0.0,0.0,0.0,0.0,0.04,0.0,0.04,0.0
4,1,5,0,False,11.92538334037409,0.517470989998333,1,qEHVI,0.54,0.12,0.24,0.0,0.0,0.0,0.0,0.0,0.0,0.0,0.0,0.04,0.0,0.04,0.02
4,1,5,0,False,11.92538334037409,0.517470989998333,2,qEHVI,0.42,0.3,0.18,0.0,0.02,0.0,0.0,0.0,0.0,0.0,0.0,0.04,0.0,0.04,0.0
4,1,5,0,False,11.92538334037409,0.517470989998333,3,qEHVI,0.48,0.02,0.4,0.0,0.0,0.0,0.0,0.0,0.04,0.0,0.0,0.04,0.0,0.0,0.02
4,1,5,0,False,11.92538334037409,0.517470989998333,4,qEHVI,0.6,0.02,0.28,0.0,0.0,0.0,0.0,0.0,0.04,0.0,0.0,0.04,0.0,0.0,0.02
4,2,4,1,False,11.281159437202584,0.6323097063711174,0,qEHVI,0.48,0.08,0.36,0.0,0.0,0.0,0.0,0.0,0.0,0.0,0.0,0.04,0.0,0.04,0.0
4,2,4,1,False,11.281159437202584,0.6323097063711174,1,qEHVI,0.54,0.12,0.24,0.0,0.0,0.0,0.0,0.0,0.0,0.0,0.0,0.04,0.0,0.04,0.02
4,2,4,1,False,11.281159437202584,0.6323097063711174,2,qEHVI,0.42,0.3,0.18,0.0,0.02,0.0,0.0,0.0,0.0,0.0,0.0,0.04,0.0,0.04,0.0
4,2,4,1,False,11.281159437202584,0.6323097063711174,3,qEHVI,0.48,0.02,0.4,0.0,0.0,0.0,0.0,0.0,0.04,0.0,0.0,0.04,0.0,0.0,0.02
4,2,4,1,False,11.281159437202584,0.6323097063711174,4,qUCB,0.54,0.04,0.34,0.0,0.04,0.0,0.0,0.0,0.0,0.0,0.0,0.0,0.0,0.0,0.04
4,3,3,2,False,11.193597317200338,0.4262864633496095,0,qEHVI,0.48,0.08,0.36,0.0,0.0,0.0,0.0,0.0,0.0,0.0,0.0,0.04,0.0,0.04,0.0
4,3,3,2,False,11.193597317200338,0.4262864633496095,1,qEHVI,0.54,0.12,0.24,0.0,0.0,0.0,0.0,0.0,0.0,0.0,0.0,0.04,0.0,0.04,0.02
4,3,3,2,False,11.193597317200338,0.4262864633496095,2,qEHVI,0.42,0.3,0.18,0.0,0.02,0.0,0.0,0.0,0.0,0.0,0.0,0.04,0.0,0.04,0.0
4,3,3,2,False,11.193597317200338,0.4262864633496095,3,qUCB,0.0,0.0,0.9,0.04,0.0,0.0,0.0,0.0,0.02,0.0,0.0,0.0,0.0,0.0,0.04
4,3,3,2,False,11.193597317200338,0.4262864633496095,4,qUCB,0.54,0.0,0.42,0.0,0.0,0.0,0.0,0.0,0.04,0.0,0.0,0.0,0.0,0.0,0.0
4,4,2,3,False,9.966115272867885,0.8896239166494002,0,qEHVI,0.48,0.08,0.36,0.0,0.0,0.0,0.0,0.0,0.0,0.0,0.0,0.04,0.0,0.04,0.0
4,4,2,3,False,9.966115272867885,0.8896239166494002,1,qEHVI,0.54,0.12,0.24,0.0,0.0,0.0,0.0,0.0,0.0,0.0,0.0,0.04,0.0,0.04,0.02
4,4,2,3,False,9.966115272867885,0.8896239166494002,2,qUCB,0.48,0.04,0.4,0.0,0.04,0.0,0.0,0.0,0.04,0.0,0.0,0.0,0.0,0.0,0.0
4,4,2,3,False,9.966115272867885,0.8896239166494002,3,qUCB,0.0,0.0,0.9,0.04,0.0,0.0,0.0,0.0,0.02,0.0,0.0,0.0,0.0,0.0,0.04
4,4,2,3,False,9.966115272867885,0.8896239166494002,4,qUCB,0.02,0.0,0.96,0.0,0.02,0.0,0.0,0.0,0.0,0.0,0.0,0.0,0.0,0.0,0.0
4,5,1,4,False,8.404237335960346,0.7654595979464887,0,qEHVI,0.48,0.08,0.36,0.0,0.0,0.0,0.0,0.0,0.0,0.0,0.0,0.04,0.0,0.04,0.0
4,5,1,4,False,8.404237335960346,0.7654595979464887,1,qUCB,0.5,0.02,0.38,0.0,0.04,0.0,0.0,0.0,0.02,0.0,0.0,0.0,0.0,0.0,0.04
4,5,1,4,False,8.404237335960346,0.7654595979464887,2,qUCB,0.0,0.0,0.9,0.04,0.0,0.0,0.0,0.0,0.02,0.0,0.0,0.0,0.0,0.0,0.04
4,5,1,4,False,8.404237335960346,0.7654595979464887,3,qUCB,0.02,0.0,0.96,0.0,0.02,0.0,0.0,0.0,0.0,0.0,0.0,0.0,0.0,0.0,0.0
4,5,1,4,False,8.404237335960346,0.7654595979464887,4,qUCB,0.4,0.3,0.2,0.0,0.0,0.0,0.0,0.0,0.04,0.0,0.0,0.04,0.0,0.0,0.02
4,6,0,5,True,5.79679855340397,0.47681570853260347,0,qUCB,0.42,0.3,0.18,0.0,0.02,0.0,0.0,0.0,0.0,0.0,0.0,0.04,0.0,0.04,0.0
4,6,0,5,True,5.79679855340397,0.47681570853260347,1,qUCB,0.02,0.0,0.96,0.0,0.02,0.0,0.0,0.0,0.0,0.0,0.0,0.0,0.0,0.0,0.0
4,6,0,5,True,5.79679855340397,0.47681570853260347,2,qUCB,0.54,0.16,0.2,0.0,0.02,0.0,0.0,0.0,0.04,0.0,0.0,0.04,0.0,0.0,0.0
4,6,0,5,True,5.79679855340397,0.47681570853260347,3,qUCB,0.36,0.3,0.24,0.0,0.0,0.0,0.0,0.0,0.04,0.0,0.0,0.04,0.0,0.02,0.0
4,6,0,5,True,5.79679855340397,0.47681570853260347,4,qUCB,0.0,0.0,0.9,0.04,0.0,0.0,0.0,0.0,0.02,0.0,0.0,0.0,0.0,0.0,0.04
5,1,5,0,False,20.082100060882407,2.2327944612280035,0,qEHVI,0.4,0.0,0.54,0.0,0.0,0.0,0.0,0.0,0.0,0.0,0.0,0.02,0.0,0.0,0.04
5,1,5,0,False,20.082100060882407,2.2327944612280035,1,qEHVI,0.5,0.0,0.42,0.0,0.0,0.0,0.0,0.0,0.02,0.0,0.0,0.0,0.0,0.02,0.04
5,1,5,0,False,20.082100060882407,2.2327944612280035,2,qEHVI,0.92,0.04,0.02,0.0,0.0,0.0,0.0,0.0,0.02,0.0,0.0,0.0,0.0,0.0,0.0
5,1,5,0,False,20.082100060882407,2.2327944612280035,3,qEHVI,0.8200000000000001,0.06,0.02,0.0,0.0,0.0,0.0,0.0,0.04,0.0,0.0,0.0,0.0,0.02,0.04
5,1,5,0,False,20.082100060882407,2.2327944612280035,4,qEHVI,0.58,0.0,0.34,0.0,0.0,0.0,0.0,0.0,0.0,0.0,0.0,0.0,0.0,0.04,0.04
5,2,4,1,False,19.3457517449759,2.394074149732738,0,qEHVI,0.4,0.0,0.54,0.0,0.0,0.0,0.0,0.0,0.0,0.0,0.0,0.02,0.0,0.0,0.04
5,2,4,1,False,19.3457517449759,2.394074149732738,1,qEHVI,0.5,0.0,0.42,0.0,0.0,0.0,0.0,0.0,0.02,0.0,0.0,0.0,0.0,0.02,0.04
5,2,4,1,False,19.3457517449759,2.394074149732738,2,qEHVI,0.92,0.04,0.02,0.0,0.0,0.0,0.0,0.0,0.02,0.0,0.0,0.0,0.0,0.0,0.0
5,2,4,1,False,19.3457517449759,2.394074149732738,3,qEHVI,0.8200000000000001,0.06,0.02,0.0,0.0,0.0,0.0,0.0,0.04,0.0,0.0,0.0,0.0,0.02,0.04
5,2,4,1,False,19.3457517449759,2.394074149732738,4,qUCB,0.44,0.02,0.44,0.0,0.04,0.0,0.0,0.0,0.0,0.0,0.0,0.02,0.0,0.04,0.0
5,3,3,2,False,18.728626010763755,1.6007539491654867,0,qEHVI,0.4,0.0,0.54,0.0,0.0,0.0,0.0,0.0,0.0,0.0,0.0,0.02,0.0,0.0,0.04
5,3,3,2,False,18.728626010763755,1.6007539491654867,1,qEHVI,0.5,0.0,0.42,0.0,0.0,0.0,0.0,0.0,0.02,0.0,0.0,0.0,0.0,0.02,0.04
5,3,3,2,False,18.728626010763755,1.6007539491654867,2,qEHVI,0.92,0.04,0.02,0.0,0.0,0.0,0.0,0.0,0.02,0.0,0.0,0.0,0.0,0.0,0.0
5,3,3,2,False,18.728626010763755,1.6007539491654867,3,qUCB,0.44,0.02,0.44,0.0,0.04,0.0,0.0,0.0,0.0,0.0,0.0,0.02,0.0,0.04,0.0
5,3,3,2,False,18.728626010763755,1.6007539491654867,4,qUCB,0.32,0.0,0.62,0.04,0.02,0.0,0.0,0.0,0.0,0.0,0.0,0.0,0.0,0.0,0.0
5,4,2,3,False,17.812431549906375,2.25226830768111,0,qEHVI,0.4,0.0,0.54,0.0,0.0,0.0,0.0,0.0,0.0,0.0,0.0,0.02,0.0,0.0,0.04
5,4,2,3,False,17.812431549906375,2.25226830768111,1,qEHVI,0.5,0.0,0.42,0.0,0.0,0.0,0.0,0.0,0.02,0.0,0.0,0.0,0.0,0.02,0.04
5,4,2,3,False,17.812431549906375,2.25226830768111,2,qUCB,0.9,0.0,0.0,0.0,0.04,0.0,0.0,0.0,0.0,0.0,0.0,0.02,0.0,0.04,0.0
5,4,2,3,False,17.812431549906375,2.25226830768111,3,qUCB,0.54,0.0,0.42,0.0,0.04,0.0,0.0,0.0,0.0,0.0,0.0,0.0,0.0,0.0,0.0
5,4,2,3,False,17.812431549906375,2.25226830768111,4,qUCB,0.46,0.0,0.5,0.04,0.0,0.0,0.0,0.0,0.0,0.0,0.0,0.0,0.0,0.0,0.0
5,5,1,4,False,18.400361574025304,1.6843292530636589,0,qEHVI,0.4,0.0,0.54,0.0,0.0,0.0,0.0,0.0,0.0,0.0,0.0,0.02,0.0,0.0,0.04
5,5,1,4,False,18.400361574025304,1.6843292530636589,1,qUCB,0.88,0.0,0.02,0.0,0.02,0.0,0.0,0.0,0.04,0.0,0.0,0.0,0.0,0.04,0.0
5,5,1,4,False,18.400361574025304,1.6843292530636589,2,qUCB,0.5,0.0,0.46,0.0,0.0,0.0,0.0,0.0,0.04,0.0,0.0,0.0,0.0,0.0,0.0
5,5,1,4,False,18.400361574025304,1.6843292530636589,3,qUCB,0.42,0.02,0.46,0.04,0.0,0.0,0.0,0.0,0.04,0.0,0.0,0.0,0.0,0.02,0.0
5,5,1,4,False,18.400361574025304,1.6843292530636589,4,qUCB,0.42,0.0,0.5,0.0,0.02,0.0,0.0,0.0,0.04,0.0,0.0,0.0,0.0,0.02,0.0
5,6,0,5,True,17.198830385479937,2.0408123847316215,0,qUCB,0.5,0.0,0.46,0.0,0.0,0.0,0.0,0.0,0.04,0.0,0.0,0.0,0.0,0.0,0.0
5,6,0,5,True,17.198830385479937,2.0408123847316215,1,qUCB,0.4,0.0,0.54,0.0,0.0,0.0,0.0,0.0,0.0,0.0,0.0,0.02,0.0,0.0,0.04
5,6,0,5,True,17.198830385479937,2.0408123847316215,2,qUCB,0.46,0.0,0.5,0.04,0.0,0.0,0.0,0.0,0.0,0.0,0.0,0.0,0.0,0.0,0.0
5,6,0,5,True,17.198830385479937,2.0408123847316215,3,qUCB,0.52,0.0,0.46,0.0,0.02,0.0,0.0,0.0,0.0,0.0,0.0,0.0,0.0,0.0,0.0
5,6,0,5,True,17.198830385479937,2.0408123847316215,4,qUCB,0.32,0.0,0.6,0.04,0.0,0.0,0.0,0.0,0.0,0.0,0.0,0.04,0.0,0.0,0.0
6,1,5,0,False,13.491110880389748,0.863366733486713,0,qEHVI,0.58,0.0,0.32,0.0,0.0,0.0,0.0,0.0,0.0,0.0,0.0,0.04,0.0,0.02,0.04
6,1,5,0,False,13.491110880389748,0.863366733486713,1,qEHVI,0.52,0.0,0.38,0.0,0.0,0.0,0.0,0.0,0.02,0.0,0.0,0.0,0.0,0.04,0.04
6,1,5,0,False,13.491110880389748,0.863366733486713,2,qEHVI,0.6,0.0,0.3,0.02,0.0,0.0,0.0,0.0,0.0,0.0,0.0,0.04,0.0,0.02,0.02
6,1,5,0,False,13.491110880389748,0.863366733486713,3,qEHVI,0.46,0.44,0.0,0.04,0.0,0.0,0.0,0.0,0.0,0.0,0.0,0.04,0.0,0.02,0.0
6,1,5,0,False,13.491110880389748,0.863366733486713,4,qEHVI,0.48,0.02,0.42,0.02,0.0,0.0,0.0,0.0,0.0,0.0,0.0,0.02,0.0,0.04,0.0
6,2,4,1,False,12.566738719489399,0.584287197376923,0,qEHVI,0.58,0.0,0.32,0.0,0.0,0.0,0.0,0.0,0.0,0.0,0.0,0.04,0.0,0.02,0.04
6,2,4,1,False,12.566738719489399,0.584287197376923,1,qEHVI,0.52,0.0,0.38,0.0,0.0,0.0,0.0,0.0,0.02,0.0,0.0,0.0,0.0,0.04,0.04
6,2,4,1,False,12.566738719489399,0.584287197376923,2,qEHVI,0.6,0.0,0.3,0.02,0.0,0.0,0.0,0.0,0.0,0.0,0.0,0.04,0.0,0.02,0.02
6,2,4,1,False,12.566738719489399,0.584287197376923,3,qEHVI,0.46,0.44,0.0,0.04,0.0,0.0,0.0,0.0,0.0,0.0,0.0,0.04,0.0,0.02,0.0
6,2,4,1,False,12.566738719489399,0.584287197376923,4,qUCB,0.44,0.4,0.06,0.02,0.0,0.0,0.0,0.0,0.04,0.0,0.0,0.04,0.0,0.0,0.0
6,3,3,2,False,11.792646530269428,0.503414526649534,0,qEHVI,0.58,0.0,0.32,0.0,0.0,0.0,0.0,0.0,0.0,0.0,0.0,0.04,0.0,0.02,0.04
6,3,3,2,False,11.792646530269428,0.503414526649534,1,qEHVI,0.52,0.0,0.38,0.0,0.0,0.0,0.0,0.0,0.02,0.0,0.0,0.0,0.0,0.04,0.04
6,3,3,2,False,11.792646530269428,0.503414526649534,2,qEHVI,0.6,0.0,0.3,0.02,0.0,0.0,0.0,0.0,0.0,0.0,0.0,0.04,0.0,0.02,0.02
6,3,3,2,False,11.792646530269428,0.503414526649534,3,qUCB,0.44,0.4,0.06,0.02,0.0,0.0,0.0,0.0,0.04,0.0,0.0,0.04,0.0,0.0,0.0
6,3,3,2,False,11.792646530269428,0.503414526649534,4,qUCB,0.0,0.9,0.0,0.04,0.0,0.0,0.0,0.0,0.04,0.0,0.0,0.02,0.0,0.0,0.0
6,4,2,3,False,10.58003440296822,0.47608562234460905,0,qEHVI,0.58,0.0,0.32,0.0,0.0,0.0,0.0,0.0,0.0,0.0,0.0,0.04,0.0,0.02,0.04
6,4,2,3,False,10.58003440296822,0.47608562234460905,1,qEHVI,0.52,0.0,0.38,0.0,0.0,0.0,0.0,0.0,0.02,0.0,0.0,0.0,0.0,0.04,0.04
6,4,2,3,False,10.58003440296822,0.47608562234460905,2,qUCB,0.44,0.4,0.06,0.02,0.0,0.0,0.0,0.0,0.04,0.0,0.0,0.04,0.0,0.0,0.0
6,4,2,3,False,10.58003440296822,0.47608562234460905,3,qUCB,0.0,0.9,0.0,0.04,0.0,0.0,0.0,0.0,0.04,0.0,0.0,0.02,0.0,0.0,0.0
6,4,2,3,False,10.58003440296822,0.47608562234460905,4,qUCB,0.0,0.24,0.66,0.04,0.04,0.0,0.0,0.0,0.0,0.0,0.0,0.0,0.0,0.02,0.0
6,5,1,4,False,8.82568084810566,0.5686339653096297,0,qEHVI,0.58,0.0,0.32,0.0,0.0,0.0,0.0,0.0,0.0,0.0,0.0,0.04,0.0,0.02,0.04
6,5,1,4,False,8.82568084810566,0.5686339653096297,1,qUCB,0.44,0.4,0.06,0.02,0.0,0.0,0.0,0.0,0.04,0.0,0.0,0.04,0.0,0.0,0.0
6,5,1,4,False,8.82568084810566,0.5686339653096297,2,qUCB,0.0,0.9,0.0,0.04,0.0,0.0,0.0,0.0,0.04,0.0,0.0,0.02,0.0,0.0,0.0
6,5,1,4,False,8.82568084810566,0.5686339653096297,3,qUCB,0.0,0.24,0.66,0.04,0.04,0.0,0.0,0.0,0.0,0.0,0.0,0.0,0.0,0.02,0.0
6,5,1,4,False,8.82568084810566,0.5686339653096297,4,qUCB,0.8200000000000001,0.0,0.08,0.04,0.04,0.0,0.0,0.0,0.02,0.0,0.0,0.0,0.0,0.0,0.0
6,6,0,5,True,8.830507601101267,0.5043677704927543,0,qUCB,0.46,0.46,0.0,0.02,0.0,0.0,0.0,0.0,0.0,0.0,0.0,0.04,0.0,0.02,0.0
6,6,0,5,True,8.830507601101267,0.5043677704927543,1,qUCB,0.58,0.02,0.34,0.02,0.0,0.0,0.0,0.0,0.0,0.0,0.0,0.04,0.0,0.0,0.0
6,6,0,5,True,8.830507601101267,0.5043677704927543,2,qUCB,0.4,0.48,0.02,0.04,0.0,0.0,0.0,0.0,0.0,0.0,0.0,0.04,0.0,0.0,0.02
6,6,0,5,True,8.830507601101267,0.5043677704927543,3,qUCB,0.0,0.24,0.66,0.04,0.04,0.0,0.0,0.0,0.0,0.0,0.0,0.0,0.0,0.02,0.0
6,6,0,5,True,8.830507601101267,0.5043677704927543,4,qUCB,0.04,0.8200000000000001,0.04,0.04,0.0,0.0,0.0,0.0,0.0,0.0,0.0,0.04,0.0,0.02,0.0
7,1,5,0,False,8.463696514061077,0.4762525502819077,0,qEHVI,0.5,0.08,0.32,0.0,0.02,0.0,0.0,0.0,0.0,0.0,0.0,0.04,0.0,0.0,0.04
7,1,5,0,False,8.463696514061077,0.4762525502819077,1,qEHVI,0.56,0.0,0.36,0.0,0.0,0.0,0.0,0.0,0.0,0.0,0.0,0.04,0.0,0.02,0.02
7,1,5,0,False,8.463696514061077,0.4762525502819077,2,qEHVI,0.56,0.08,0.26,0.0,0.0,0.0,0.0,0.0,0.02,0.0,0.0,0.04,0.0,0.0,0.04
7,1,5,0,False,8.463696514061077,0.4762525502819077,3,qEHVI,0.58,0.0,0.32,0.0,0.0,0.0,0.0,0.0,0.02,0.0,0.0,0.04,0.0,0.0,0.04
7,1,5,0,False,8.463696514061077,0.4762525502819077,4,qEHVI,0.5,0.14,0.26,0.02,0.0,0.0,0.0,0.0,0.0,0.0,0.0,0.04,0.0,0.04,0.0
7,2,4,1,False,7.984692348624306,0.28035108783101315,0,qEHVI,0.5,0.08,0.32,0.0,0.02,0.0,0.0,0.0,0.0,0.0,0.0,0.04,0.0,0.0,0.04
7,2,4,1,False,7.984692348624306,0.28035108783101315,1,qEHVI,0.56,0.0,0.36,0.0,0.0,0.0,0.0,0.0,0.0,0.0,0.0,0.04,0.0,0.02,0.02
7,2,4,1,False,7.984692348624306,0.28035108783101315,2,qEHVI,0.56,0.08,0.26,0.0,0.0,0.0,0.0,0.0,0.02,0.0,0.0,0.04,0.0,0.0,0.04
7,2,4,1,False,7.984692348624306,0.28035108783101315,3,qEHVI,0.58,0.02,0.32,0.0,0.0,0.0,0.0,0.0,0.0,0.0,0.0,0.04,0.0,0.02,0.02
7,2,4,1,False,7.984692348624306,0.28035108783101315,4,qUCB,0.42,0.48,0.0,0.04,0.0,0.0,0.0,0.0,0.04,0.0,0.0,0.02,0.0,0.0,0.0
7,3,3,2,False,7.314657519603228,0.32547189831036594,0,qEHVI,0.5,0.08,0.32,0.0,0.02,0.0,0.0,0.0,0.0,0.0,0.0,0.04,0.0,0.0,0.04
7,3,3,2,False,7.314657519603228,0.32547189831036594,1,qEHVI,0.56,0.0,0.36,0.0,0.0,0.0,0.0,0.0,0.0,0.0,0.0,0.04,0.0,0.02,0.02
7,3,3,2,False,7.314657519603228,0.32547189831036594,2,qEHVI,0.56,0.08,0.26,0.0,0.0,0.0,0.0,0.0,0.02,0.0,0.0,0.04,0.0,0.0,0.04
7,3,3,2,False,7.314657519603228,0.32547189831036594,3,qUCB,0.42,0.48,0.0,0.04,0.0,0.0,0.0,0.0,0.04,0.0,0.0,0.02,0.0,0.0,0.0
7,3,3,2,False,7.314657519603228,0.32547189831036594,4,qUCB,0.38,0.16,0.36,0.04,0.02,0.0,0.0,0.0,0.04,0.0,0.0,0.0,0.0,0.0,0.0
7,4,2,3,False,6.0101673126436435,0.23109357568613076,0,qEHVI,0.5,0.08,0.32,0.0,0.02,0.0,0.0,0.0,0.0,0.0,0.0,0.04,0.0,0.0,0.04
7,4,2,3,False,6.0101673126436435,0.23109357568613076,1,qEHVI,0.56,0.0,0.36,0.0,0.0,0.0,0.0,0.0,0.0,0.0,0.0,0.04,0.0,0.02,0.02
7,4,2,3,False,6.0101673126436435,0.23109357568613076,2,qUCB,0.42,0.48,0.0,0.04,0.0,0.0,0.0,0.0,0.04,0.0,0.0,0.02,0.0,0.0,0.0
7,4,2,3,False,6.0101673126436435,0.23109357568613076,3,qUCB,0.38,0.16,0.36,0.04,0.02,0.0,0.0,0.0,0.04,0.0,0.0,0.0,0.0,0.0,0.0
7,4,2,3,False,6.0101673126436435,0.23109357568613076,4,qUCB,0.0,0.6,0.3,0.0,0.0,0.0,0.0,0.0,0.04,0.0,0.0,0.0,0.0,0.02,0.04
7,5,1,4,False,4.492873003497527,0.1556008045564159,0,qEHVI,0.5,0.08,0.32,0.0,0.02,0.0,0.0,0.0,0.0,0.0,0.0,0.04,0.0,0.0,0.04
7,5,1,4,False,4.492873003497527,0.1556008045564159,1,qUCB,0.48,0.04,0.4,0.0,0.0,0.0,0.0,0.0,0.04,0.0,0.0,0.0,0.0,0.04,0.0
7,5,1,4,False,4.492873003497527,0.1556008045564159,2,qUCB,0.88,0.02,0.0,0.04,0.0,0.0,0.0,0.0,0.02,0.0,0.0,0.0,0.0,0.04,0.0
7,5,1,4,False,4.492873003497527,0.1556008045564159,3,qUCB,0.32,0.2,0.38,0.04,0.0,0.0,0.0,0.0,0.02,0.0,0.0,0.0,0.0,0.04,0.0
7,5,1,4,False,4.492873003497527,0.1556008045564159,4,qUCB,0.02,0.88,0.0,0.04,0.0,0.0,0.0,0.0,0.04,0.0,0.0,0.0,0.0,0.02,0.0
7,6,0,5,True,5.970114920401824,0.23942492283873285,0,qUCB,0.58,0.0,0.32,0.0,0.0,0.0,0.0,0.0,0.02,0.0,0.0,0.04,0.0,0.0,0.04
7,6,0,5,True,5.970114920401824,0.23942492283873285,1,qUCB,0.78,0.0,0.12,0.04,0.02,0.0,0.0,0.0,0.0,0.0,0.0,0.04,0.0,0.0,0.0
7,6,0,5,True,5.970114920401824,0.23942492283873285,2,qUCB,0.92,0.02,0.0,0.04,0.0,0.0,0.0,0.0,0.0,0.0,0.0,0.02,0.0,0.0,0.0
7,6,0,5,True,5.970114920401824,0.23942492283873285,3,qUCB,0.7000000000000001,0.0,0.22,0.0,0.0,0.0,0.0,0.0,0.0,0.0,0.0,0.04,0.0,0.0,0.04
7,6,0,5,True,5.970114920401824,0.23942492283873285,4,qUCB,0.5,0.08,0.32,0.0,0.02,0.0,0.0,0.0,0.0,0.0,0.0,0.04,0.0,0.0,0.04
8,1,5,0,False,11.006100259255767,1.2182190298279505,0,qEHVI,0.32,0.28,0.32,0.0,0.0,0.0,0.0,0.0,0.0,0.0,0.0,0.04,0.0,0.0,0.04
8,1,5,0,False,11.006100259255767,1.2182190298279505,1,qEHVI,0.54,0.02,0.4,0.0,0.0,0.0,0.0,0.0,0.0,0.0,0.0,0.04,0.0,0.0,0.0
8,1,5,0,False,11.006100259255767,1.2182190298279505,2,qEHVI,0.48,0.14,0.34,0.0,0.0,0.0,0.0,0.0,0.0,0.0,0.0,0.0,0.0,0.04,0.0
8,1,5,0,False,11.006100259255767,1.2182190298279505,3,qEHVI,0.4,0.16,0.38,0.0,0.02,0.0,0.0,0.0,0.0,0.0,0.0,0.04,0.0,0.0,0.0
8,1,5,0,False,11.006100259255767,1.2182190298279505,4,qEHVI,0.58,0.26,0.06,0.02,0.0,0.0,0.0,0.0,0.0,0.0,0.0,0.04,0.0,0.04,0.0
8,2,4,1,False,10.235045456712447,1.0018899319423347,0,qEHVI,0.32,0.28,0.32,0.0,0.0,0.0,0.0,0.0,0.0,0.0,0.0,0.04,0.0,0.0,0.04
8,2,4,1,False,10.235045456712447,1.0018899319423347,1,qEHVI,0.54,0.02,0.4,0.0,0.0,0.0,0.0,0.0,0.0,0.0,0.0,0.04,0.0,0.0,0.0
8,2,4,1,False,10.235045456712447,1.0018899319423347,2,qEHVI,0.48,0.14,0.34,0.0,0.0,0.0,0.0,0.0,0.0,0.0,0.0,0.0,0.0,0.04,0.0
8,2,4,1,False,10.235045456712447,1.0018899319423347,3,qEHVI,0.58,0.26,0.06,0.02,0.0,0.0,0.0,0.0,0.0,0.0,0.0,0.04,0.0,0.04,0.0
8,2,4,1,False,10.235045456712447,1.0018899319423347,4,qUCB,0.26,0.26,0.38,0.0,0.04,0.0,0.0,0.0,0.04,0.0,0.0,0.0,0.0,0.0,0.02
8,3,3,2,False,9.149926408761637,0.759058011257089,0,qEHVI,0.32,0.28,0.32,0.0,0.0,0.0,0.0,0.0,0.0,0.0,0.0,0.04,0.0,0.0,0.04
8,3,3,2,False,9.149926408761637,0.759058011257089,1,qEHVI,0.5,0.0,0.42,0.0,0.04,0.0,0.0,0.0,0.0,0.0,0.0,0.04,0.0,0.0,0.0
8,3,3,2,False,9.149926408761637,0.759058011257089,2,qEHVI,0.5,0.0,0.42,0.0,0.0,0.0,0.0,0.0,0.0,0.0,0.0,0.0,0.0,0.04,0.04
8,3,3,2,False,9.149926408761637,0.759058011257089,3,qUCB,0.68,0.16,0.08,0.04,0.0,0.0,0.0,0.0,0.04,0.0,0.0,0.0,0.0,0.0,0.0
8,3,3,2,False,9.149926408761637,0.759058011257089,4,qUCB,0.14,0.46,0.36,0.0,0.0,0.0,0.0,0.0,0.04,0.0,0.0,0.0,0.0,0.0,0.0
8,4,2,3,False,7.791727809540421,0.16185494285737256,0,qEHVI,0.32,0.28,0.32,0.0,0.0,0.0,0.0,0.0,0.0,0.0,0.0,0.04,0.0,0.0,0.04
8,4,2,3,False,7.791727809540421,0.16185494285737256,1,qEHVI,0.54,0.02,0.4,0.0,0.0,0.0,0.0,0.0,0.0,0.0,0.0,0.04,0.0,0.0,0.0
8,4,2,3,False,7.791727809540421,0.16185494285737256,2,qUCB,0.8200000000000001,0.0,0.08,0.04,0.0,0.0,0.0,0.0,0.0,0.0,0.0,0.0,0.0,0.04,0.02
8,4,2,3,False,7.791727809540421,0.16185494285737256,3,qUCB,0.0,0.54,0.36,0.0,0.04,0.0,0.0,0.0,0.04,0.0,0.0,0.0,0.0,0.02,0.0
8,4,2,3,False,7.791727809540421,0.16185494285737256,4,qUCB,0.1,0.36,0.44,0.04,0.04,0.0,0.0,0.0,0.0,0.0,0.0,0.0,0.0,0.02,0.0
8,5,1,4,False,4.996314886566938,0.40568744707461235,0,qEHVI,0.32,0.28,0.32,0.0,0.0,0.0,0.0,0.0,0.0,0.0,0.0,0.04,0.0,0.0,0.04
8,5,1,4,False,4.996314886566938,0.40568744707461235,1,qUCB,0.7000000000000001,0.14,0.06,0.04,0.02,0.0,0.0,0.0,0.0,0.0,0.0,0.0,0.0,0.04,0.0
8,5,1,4,False,4.996314886566938,0.40568744707461235,2,qUCB,0.0,0.54,0.36,0.0,0.04,0.0,0.0,0.0,0.04,0.0,0.0,0.0,0.0,0.02,0.0
8,5,1,4,False,4.996314886566938,0.40568744707461235,3,qUCB,0.32,0.2,0.38,0.04,0.0,0.0,0.0,0.0,0.02,0.0,0.0,0.0,0.0,0.04,0.0
8,5,1,4,False,4.996314886566938,0.40568744707461235,4,qUCB,0.0,0.5,0.42,0.04,0.02,0.0,0.0,0.0,0.02,0.0,0.0,0.0,0.0,0.0,0.0
8,6,0,5,True,5.367762641617999,0.17313250087975973,0,qUCB,0.58,0.26,0.06,0.02,0.0,0.0,0.0,0.0,0.0,0.0,0.0,0.04,0.0,0.04,0.0
8,6,0,5,True,5.367762641617999,0.17313250087975973,1,qUCB,0.02,0.58,0.34,0.0,0.0,0.0,0.0,0.0,0.02,0.0,0.0,0.04,0.0,0.0,0.0
8,6,0,5,True,5.367762641617999,0.17313250087975973,2,qUCB,0.16,0.34,0.4,0.04,0.0,0.0,0.0,0.0,0.02,0.0,0.0,0.04,0.0,0.0,0.0
8,6,0,5,True,5.367762641617999,0.17313250087975973,3,qUCB,0.26,0.34,0.38,0.0,0.0,0.0,0.0,0.0,0.0,0.0,0.0,0.0,0.0,0.0,0.02
8,6,0,5,True,5.367762641617999,0.17313250087975973,4,qUCB,0.0,0.44,0.46,0.04,0.0,0.0,0.0,0.0,0.0,0.0,0.0,0.02,0.0,0.04,0.0
9,1,5,0,False,7.5737126103663295,0.14570076879997806,0,qEHVI,0.46,0.16,0.28,0.0,0.02,0.0,0.0,0.0,0.0,0.0,0.0,0.04,0.0,0.0,0.04
9,1,5,0,False,7.5737126103663295,0.14570076879997806,1,qEHVI,0.5,0.04,0.4,0.0,0.0,0.0,0.0,0.0,0.0,0.0,0.0,0.0,0.0,0.04,0.02
9,1,5,0,False,7.5737126103663295,0.14570076879997806,2,qEHVI,0.5,0.0,0.42,0.0,0.04,0.0,0.0,0.0,0.0,0.0,0.0,0.02,0.0,0.0,0.02
9,1,5,0,False,7.5737126103663295,0.14570076879997806,3,qEHVI,0.18,0.06,0.68,0.04,0.0,0.0,0.0,0.0,0.0,0.0,0.0,0.0,0.0,0.04,0.0
9,1,5,0,False,7.5737126103663295,0.14570076879997806,4,qEHVI,0.0,0.48,0.44,0.0,0.02,0.0,0.0,0.0,0.0,0.0,0.0,0.0,0.0,0.04,0.02
9,2,4,1,False,7.294030230821398,0.2642547306320817,0,qEHVI,0.46,0.16,0.28,0.0,0.02,0.0,0.0,0.0,0.0,0.0,0.0,0.04,0.0,0.0,0.04
9,2,4,1,False,7.294030230821398,0.2642547306320817,1,qEHVI,0.5,0.04,0.4,0.0,0.0,0.0,0.0,0.0,0.0,0.0,0.0,0.0,0.0,0.04,0.02
9,2,4,1,False,7.294030230821398,0.2642547306320817,2,qEHVI,0.0,0.18,0.72,0.04,0.0,0.0,0.0,0.0,0.0,0.0,0.0,0.0,0.0,0.04,0.02
9,2,4,1,False,7.294030230821398,0.2642547306320817,3,qEHVI,0.5,0.0,0.42,0.0,0.04,0.0,0.0,0.0,0.0,0.0,0.0,0.02,0.0,0.0,0.02
9,2,4,1,False,7.294030230821398,0.2642547306320817,4,qUCB,0.78,0.12,0.0,0.04,0.0,0.0,0.0,0.0,0.0,0.0,0.0,0.04,0.0,0.02,0.0
9,3,3,2,False,6.236668568299249,0.3871265617991613,0,qEHVI,0.46,0.16,0.28,0.0,0.02,0.0,0.0,0.0,0.0,0.0,0.0,0.04,0.0,0.0,0.04
9,3,3,2,False,6.236668568299249,0.3871265617991613,1,qEHVI,0.5,0.04,0.4,0.0,0.0,0.0,0.0,0.0,0.0,0.0,0.0,0.0,0.0,0.04,0.02
9,3,3,2,False,6.236668568299249,0.3871265617991613,2,qEHVI,0.14,0.06,0.72,0.04,0.0,0.0,0.0,0.0,0.0,0.0,0.0,0.0,0.0,0.04,0.0
9,3,3,2,False,6.236668568299249,0.3871265617991613,3,qUCB,0.78,0.12,0.0,0.04,0.0,0.0,0.0,0.0,0.0,0.0,0.0,0.04,0.0,0.02,0.0
9,3,3,2,False,6.236668568299249,0.3871265617991613,4,qUCB,0.02,0.66,0.24,0.0,0.04,0.0,0.0,0.0,0.04,0.0,0.0,0.0,0.0,0.0,0.0
9,4,2,3,False,5.329009795554954,0.22771347961232546,0,qEHVI,0.46,0.16,0.28,0.0,0.02,0.0,0.0,0.0,0.0,0.0,0.0,0.04,0.0,0.0,0.04
9,4,2,3,False,5.329009795554954,0.22771347961232546,1,qEHVI,0.5,0.04,0.4,0.0,0.0,0.0,0.0,0.0,0.0,0.0,0.0,0.0,0.0,0.04,0.02
9,4,2,3,False,5.329009795554954,0.22771347961232546,2,qUCB,0.78,0.12,0.0,0.04,0.0,0.0,0.0,0.0,0.0,0.0,0.0,0.04,0.0,0.02,0.0
9,4,2,3,False,5.329009795554954,0.22771347961232546,3,qUCB,0.02,0.66,0.24,0.0,0.04,0.0,0.0,0.0,0.04,0.0,0.0,0.0,0.0,0.0,0.0
9,4,2,3,False,5.329009795554954,0.22771347961232546,4,qUCB,0.7000000000000001,0.16,0.04,0.04,0.02,0.0,0.0,0.0,0.04,0.0,0.0,0.0,0.0,0.0,0.0
9,5,1,4,False,4.849145038105025,0.10836785059973053,0,qEHVI,0.46,0.16,0.28,0.0,0.02,0.0,0.0,0.0,0.0,0.0,0.0,0.04,0.0,0.0,0.04
9,5,1,4,False,4.849145038105025,0.10836785059973053,1,qUCB,0.76,0.0,0.14,0.04,0.0,0.0,0.0,0.0,0.02,0.0,0.0,0.0,0.0,0.04,0.0
9,5,1,4,False,4.849145038105025,0.10836785059973053,2,qUCB,0.32,0.0,0.58,0.04,0.02,0.0,0.0,0.0,0.0,0.0,0.0,0.0,0.0,0.04,0.0
9,5,1,4,False,4.849145038105025,0.10836785059973053,3,qUCB,0.06,0.46,0.4,0.0,0.0,0.0,0.0,0.0,0.04,0.0,0.0,0.0,0.0,0.04,0.0
9,5,1,4,False,4.849145038105025,0.10836785059973053,4,qUCB,0.12,0.0,0.78,0.04,0.0,0.0,0.0,0.0,0.02,0.0,0.0,0.0,0.0,0.04,0.0
9,6,0,5,True,4.769226021787759,0.5287774791448516,0,qUCB,0.5,0.04,0.4,0.0,0.0,0.0,0.0,0.0,0.0,0.0,0.0,0.0,0.0,0.04,0.02
9,6,0,5,True,4.769226021787759,0.5287774791448516,1,qUCB,0.32,0.0,0.58,0.04,0.02,0.0,0.0,0.0,0.0,0.0,0.0,0.0,0.0,0.04,0.0
9,6,0,5,True,4.769226021787759,0.5287774791448516,2,qUCB,0.0,0.52,0.4,0.0,0.0,0.0,0.0,0.0,0.0,0.0,0.0,0.0,0.0,0.04,0.04
9,6,0,5,True,4.769226021787759,0.5287774791448516,3,qUCB,0.76,0.0,0.14,0.04,0.0,0.0,0.0,0.0,0.02,0.0,0.0,0.0,0.0,0.04,0.0
9,6,0,5,True,4.769226021787759,0.5287774791448516,4,qUCB,0.16,0.6,0.16,0.0,0.0,0.0,0.0,0.0,0.0,0.0,0.0,0.04,0.0,0.0,0.04
10,1,5,0,False,19.367495526946204,0.8063882074688529,0,qEHVI,0.68,0.08,0.2,0.0,0.0,0.0,0.0,0.0,0.0,0.0,0.0,0.0,0.0,0.0,0.04
10,1,5,0,False,19.367495526946204,0.8063882074688529,1,qEHVI,0.4,0.36,0.14,0.0,0.0,0.0,0.0,0.0,0.04,0.0,0.0,0.0,0.0,0.02,0.04
10,1,5,0,False,19.367495526946204,0.8063882074688529,2,qEHVI,0.54,0.32,0.1,0.0,0.0,0.0,0.0,0.0,0.04,0.0,0.0,0.0,0.0,0.0,0.0
10,1,5,0,False,19.367495526946204,0.8063882074688529,3,qEHVI,0.26,0.4,0.24,0.0,0.04,0.0,0.0,0.0,0.04,0.0,0.0,0.0,0.0,0.02,0.0
10,1,5,0,False,19.367495526946204,0.8063882074688529,4,qEHVI,0.8,0.06,0.06,0.0,0.0,0.0,0.0,0.0,0.04,0.0,0.0,0.0,0.0,0.0,0.04
10,2,4,1,False,17.990042498454123,0.8127019245945508,0,qEHVI,0.68,0.08,0.2,0.0,0.0,0.0,0.0,0.0,0.0,0.0,0.0,0.0,0.0,0.0,0.04
10,2,4,1,False,17.990042498454123,0.8127019245945508,1,qEHVI,0.4,0.36,0.14,0.0,0.0,0.0,0.0,0.0,0.04,0.0,0.0,0.0,0.0,0.02,0.04
10,2,4,1,False,17.990042498454123,0.8127019245945508,2,qEHVI,0.54,0.32,0.1,0.0,0.0,0.0,0.0,0.0,0.04,0.0,0.0,0.0,0.0,0.0,0.0
10,2,4,1,False,17.990042498454123,0.8127019245945508,3,qEHVI,0.26,0.4,0.24,0.0,0.04,0.0,0.0,0.0,0.04,0.0,0.0,0.0,0.0,0.02,0.0
10,2,4,1,False,17.990042498454123,0.8127019245945508,4,qUCB,0.4,0.38,0.14,0.0,0.0,0.0,0.0,0.0,0.0,0.0,0.0,0.04,0.0,0.04,0.0
10,3,3,2,False,17.157625892038972,0.849068979604036,0,qEHVI,0.68,0.08,0.2,0.0,0.0,0.0,0.0,0.0,0.0,0.0,0.0,0.0,0.0,0.0,0.04
10,3,3,2,False,17.157625892038972,0.849068979604036,1,qEHVI,0.4,0.36,0.14,0.0,0.0,0.0,0.0,0.0,0.04,0.0,0.0,0.0,0.0,0.02,0.04
10,3,3,2,False,17.157625892038972,0.849068979604036,2,qEHVI,0.54,0.32,0.1,0.0,0.0,0.0,0.0,0.0,0.04,0.0,0.0,0.0,0.0,0.0,0.0
10,3,3,2,False,17.157625892038972,0.849068979604036,3,qUCB,0.42,0.38,0.12,0.0,0.04,0.0,0.0,0.0,0.0,0.0,0.0,0.0,0.0,0.04,0.0
10,3,3,2,False,17.157625892038972,0.849068979604036,4,qUCB,0.32,0.26,0.32,0.02,0.04,0.0,0.0,0.0,0.0,0.0,0.0,0.0,0.0,0.04,0.0
10,4,2,3,False,16.390639400884123,0.4874239715732891,0,qEHVI,0.68,0.08,0.2,0.0,0.0,0.0,0.0,0.0,0.0,0.0,0.0,0.0,0.0,0.0,0.04
10,4,2,3,False,16.390639400884123,0.4874239715732891,1,qEHVI,0.4,0.36,0.14,0.0,0.0,0.0,0.0,0.0,0.04,0.0,0.0,0.0,0.0,0.02,0.04
10,4,2,3,False,16.390639400884123,0.4874239715732891,2,qUCB,0.42,0.38,0.12,0.0,0.04,0.0,0.0,0.0,0.0,0.0,0.0,0.0,0.0,0.04,0.0
10,4,2,3,False,16.390639400884123,0.4874239715732891,3,qUCB,0.38,0.3,0.22,0.04,0.04,0.0,0.0,0.0,0.02,0.0,0.0,0.0,0.0,0.0,0.0
10,4,2,3,False,16.390639400884123,0.4874239715732891,4,qUCB,0.26,0.4,0.24,0.0,0.04,0.0,0.0,0.0,0.04,0.0,0.0,0.0,0.0,0.02,0.0
10,5,1,4,False,15.621651763303829,0.7465709714179525,0,qEHVI,0.68,0.08,0.2,0.0,0.0,0.0,0.0,0.0,0.0,0.0,0.0,0.0,0.0,0.0,0.04
10,5,1,4,False,15.621651763303829,0.7465709714179525,1,qUCB,0.3,0.42,0.2,0.0,0.0,0.0,0.0,0.0,0.04,0.0,0.0,0.0,0.0,0.04,0.0
10,5,1,4,False,15.621651763303829,0.7465709714179525,2,qUCB,0.26,0.4,0.24,0.0,0.04,0.0,0.0,0.0,0.04,0.0,0.0,0.0,0.0,0.02,0.0
10,5,1,4,False,15.621651763303829,0.7465709714179525,3,qUCB,0.48,0.26,0.16,0.04,0.0,0.0,0.0,0.0,0.04,0.0,0.0,0.0,0.0,0.02,0.0
10,5,1,4,False,15.621651763303829,0.7465709714179525,4,qUCB,0.16,0.7000000000000001,0.04,0.0,0.04,0.0,0.0,0.0,0.02,0.0,0.0,0.0,0.0,0.04,0.0
10,6,0,5,True,17.98673039807668,0.826527862185122,0,qUCB,0.4,0.36,0.14,0.0,0.0,0.0,0.0,0.0,0.04,0.0,0.0,0.0,0.0,0.02,0.04
10,6,0,5,True,17.98673039807668,0.826527862185122,1,qUCB,0.68,0.08,0.2,0.0,0.0,0.0,0.0,0.0,0.0,0.0,0.0,0.0,0.0,0.0,0.04
10,6,0,5,True,17.98673039807668,0.826527862185122,2,qUCB,0.26,0.4,0.24,0.0,0.04,0.0,0.0,0.0,0.04,0.0,0.0,0.0,0.0,0.02,0.0
10,6,0,5,True,17.98673039807668,0.826527862185122,3,qUCB,0.8,0.06,0.06,0.0,0.0,0.0,0.0,0.0,0.04,0.0,0.0,0.0,0.0,0.0,0.04
10,6,0,5,True,17.98673039807668,0.826527862185122,4,qUCB,0.52,0.26,0.14,0.0,0.04,0.0,0.0,0.0,0.0,0.0,0.0,0.0,0.0,0.0,0.04
11,1,5,0,False,7.183281832556133,0.3854177065156996,0,qEHVI,0.6,0.0,0.36,0.0,0.0,0.0,0.0,0.0,0.0,0.0,0.0,0.04,0.0,0.0,0.0
11,1,5,0,False,7.183281832556133,0.3854177065156996,1,qEHVI,0.5,0.16,0.3,0.0,0.02,0.0,0.0,0.0,0.0,0.0,0.0,0.02,0.0,0.0,0.0
11,1,5,0,False,7.183281832556133,0.3854177065156996,2,qEHVI,0.48,0.0,0.44,0.0,0.0,0.0,0.0,0.0,0.0,0.0,0.0,0.04,0.0,0.0,0.04
11,1,5,0,False,7.183281832556133,0.3854177065156996,3,qEHVI,0.8,0.04,0.08,0.0,0.0,0.0,0.0,0.0,0.0,0.0,0.0,0.0,0.0,0.04,0.04
11,1,5,0,False,7.183281832556133,0.3854177065156996,4,qEHVI,0.5,0.16,0.26,0.0,0.0,0.0,0.0,0.0,0.0,0.0,0.0,0.04,0.0,0.0,0.04
11,2,4,1,False,6.663234170968871,0.7755869650357252,0,qEHVI,0.6,0.0,0.36,0.0,0.0,0.0,0.0,0.0,0.0,0.0,0.0,0.04,0.0,0.0,0.0
11,2,4,1,False,6.663234170968871,0.7755869650357252,1,qEHVI,0.5,0.16,0.3,0.0,0.02,0.0,0.0,0.0,0.0,0.0,0.0,0.02,0.0,0.0,0.0
11,2,4,1,False,6.663234170968871,0.7755869650357252,2,qEHVI,0.48,0.0,0.44,0.0,0.0,0.0,0.0,0.0,0.0,0.0,0.0,0.04,0.0,0.0,0.04
11,2,4,1,False,6.663234170968871,0.7755869650357252,3,qEHVI,0.8,0.04,0.08,0.0,0.0,0.0,0.0,0.0,0.0,0.0,0.0,0.0,0.0,0.04,0.04
11,2,4,1,False,6.663234170968871,0.7755869650357252,4,qUCB,0.46,0.38,0.06,0.04,0.0,0.0,0.0,0.0,0.02,0.0,0.0,0.0,0.0,0.0,0.04
11,3,3,2,False,6.330276340423123,0.34306450893908647,0,qEHVI,0.6,0.0,0.36,0.0,0.0,0.0,0.0,0.0,0.0,0.0,0.0,0.04,0.0,0.0,0.0
11,3,3,2,False,6.330276340423123,0.34306450893908647,1,qEHVI,0.5,0.16,0.3,0.0,0.02,0.0,0.0,0.0,0.0,0.0,0.0,0.02,0.0,0.0,0.0
11,3,3,2,False,6.330276340423123,0.34306450893908647,2,qEHVI,0.48,0.0,0.44,0.0,0.0,0.0,0.0,0.0,0.0,0.0,0.0,0.04,0.0,0.0,0.04
11,3,3,2,False,6.330276340423123,0.34306450893908647,3,qUCB,0.44,0.1,0.36,0.0,0.0,0.0,0.0,0.0,0.04,0.0,0.0,0.0,0.0,0.04,0.02
11,3,3,2,False,6.330276340423123,0.34306450893908647,4,qUCB,0.46,0.38,0.06,0.04,0.0,0.0,0.0,0.0,0.02,0.0,0.0,0.0,0.0,0.0,0.04
11,4,2,3,False,5.380211819626824,0.40592332680962784,0,qEHVI,0.6,0.0,0.36,0.0,0.0,0.0,0.0,0.0,0.0,0.0,0.0,0.04,0.0,0.0,0.0
11,4,2,3,False,5.380211819626824,0.40592332680962784,1,qEHVI,0.5,0.16,0.3,0.0,0.02,0.0,0.0,0.0,0.0,0.0,0.0,0.02,0.0,0.0,0.0
11,4,2,3,False,5.380211819626824,0.40592332680962784,2,qUCB,0.46,0.38,0.06,0.04,0.0,0.0,0.0,0.0,0.02,0.0,0.0,0.0,0.0,0.0,0.04
11,4,2,3,False,5.380211819626824,0.40592332680962784,3,qUCB,0.44,0.1,0.36,0.0,0.0,0.0,0.0,0.0,0.04,0.0,0.0,0.0,0.0,0.04,0.02
11,4,2,3,False,5.380211819626824,0.40592332680962784,4,qUCB,0.8,0.04,0.08,0.0,0.0,0.0,0.0,0.0,0.0,0.0,0.0,0.0,0.0,0.04,0.04
11,5,1,4,False,4.12980338040857,0.4580410130569966,0,qEHVI,0.6,0.0,0.36,0.0,0.0,0.0,0.0,0.0,0.0,0.0,0.0,0.04,0.0,0.0,0.0
11,5,1,4,False,4.12980338040857,0.4580410130569966,1,qUCB,0.46,0.38,0.06,0.04,0.0,0.0,0.0,0.0,0.02,0.0,0.0,0.0,0.0,0.0,0.04
11,5,1,4,False,4.12980338040857,0.4580410130569966,2,qUCB,0.56,0.0,0.34,0.0,0.04,0.0,0.0,0.0,0.04,0.0,0.0,0.0,0.0,0.02,0.0
11,5,1,4,False,4.12980338040857,0.4580410130569966,3,qUCB,0.34,0.18,0.38,0.0,0.0,0.0,0.0,0.0,0.04,0.0,0.0,0.0,0.0,0.04,0.02
11,5,1,4,False,4.12980338040857,0.4580410130569966,4,qUCB,0.36,0.56,0.0,0.04,0.0,0.0,0.0,0.0,0.04,0.0,0.0,0.0,0.0,0.0,0.0
11,6,0,5,True,5.538858852748898,0.217479248032304,0,qUCB,0.6,0.0,0.36,0.0,0.0,0.0,0.0,0.0,0.0,0.0,0.0,0.04,0.0,0.0,0.0
11,6,0,5,True,5.538858852748898,0.217479248032304,1,qUCB,0.62,0.24,0.06,0.0,0.0,0.0,0.0,0.0,0.0,0.0,0.0,0.04,0.0,0.0,0.04
11,6,0,5,True,5.538858852748898,0.217479248032304,2,qUCB,0.46,0.22,0.3,0.0,0.02,0.0,0.0,0.0,0.0,0.0,0.0,0.0,0.0,0.0,0.0
11,6,0,5,True,5.538858852748898,0.217479248032304,3,qUCB,0.64,0.0,0.32,0.0,0.0,0.0,0.0,0.0,0.0,0.0,0.0,0.0,0.0,0.0,0.04
11,6,0,5,True,5.538858852748898,0.217479248032304,4,qUCB,0.56,0.04,0.36,0.0,0.0,0.0,0.0,0.0,0.04,0.0,0.0,0.0,0.0,0.0,0.0
12,1,5,0,False,2.2643287514565835,0.24024753180494862,0,qEHVI,0.54,0.14,0.24,0.0,0.0,0.0,0.0,0.0,0.0,0.0,0.0,0.04,0.0,0.0,0.04
12,1,5,0,False,2.2643287514565835,0.24024753180494862,1,qEHVI,0.6,0.0,0.3,0.0,0.0,0.0,0.0,0.0,0.04,0.0,0.0,0.0,0.0,0.02,0.04
12,1,5,0,False,2.2643287514565835,0.24024753180494862,2,qEHVI,0.5,0.0,0.46,0.0,0.0,0.0,0.0,0.0,0.02,0.0,0.0,0.0,0.0,0.0,0.02
12,1,5,0,False,2.2643287514565835,0.24024753180494862,3,qEHVI,0.52,0.2,0.2,0.0,0.0,0.0,0.0,0.0,0.0,0.0,0.0,0.04,0.0,0.0,0.04
12,1,5,0,False,2.2643287514565835,0.24024753180494862,4,qEHVI,0.0,0.22,0.7000000000000001,0.04,0.0,0.0,0.0,0.0,0.0,0.0,0.0,0.0,0.0,0.04,0.0
12,2,4,1,False,2.1175995224836925,0.36151747869406314,0,qEHVI,0.54,0.14,0.24,0.0,0.0,0.0,0.0,0.0,0.0,0.0,0.0,0.04,0.0,0.0,0.04
12,2,4,1,False,2.1175995224836925,0.36151747869406314,1,qEHVI,0.6,0.0,0.3,0.0,0.0,0.0,0.0,0.0,0.04,0.0,0.0,0.0,0.0,0.02,0.04
12,2,4,1,False,2.1175995224836925,0.36151747869406314,2,qEHVI,0.56,0.0,0.4,0.0,0.02,0.0,0.0,0.0,0.0,0.0,0.0,0.02,0.0,0.0,0.0
12,2,4,1,False,2.1175995224836925,0.36151747869406314,3,qEHVI,0.52,0.2,0.2,0.0,0.0,0.0,0.0,0.0,0.0,0.0,0.0,0.04,0.0,0.0,0.04
12,2,4,1,False,2.1175995224836925,0.36151747869406314,4,qUCB,0.38,0.52,0.0,0.04,0.0,0.0,0.0,0.0,0.0,0.0,0.0,0.04,0.0,0.02,0.0
12,3,3,2,False,1.7295612286782172,0.5484755796547631,0,qEHVI,0.54,0.14,0.24,0.0,0.0,0.0,0.0,0.0,0.0,0.0,0.0,0.04,0.0,0.0,0.04
12,3,3,2,False,1.7295612286782172,0.5484755796547631,1,qEHVI,0.6,0.0,0.3,0.0,0.0,0.0,0.0,0.0,0.04,0.0,0.0,0.0,0.0,0.02,0.04
12,3,3,2,False,1.7295612286782172,0.5484755796547631,2,qEHVI,0.5,0.0,0.46,0.0,0.0,0.0,0.0,0.0,0.02,0.0,0.0,0.0,0.0,0.0,0.02
12,3,3,2,False,1.7295612286782172,0.5484755796547631,3,qUCB,0.42,0.44,0.04,0.04,0.0,0.0,0.0,0.0,0.0,0.0,0.0,0.02,0.0,0.04,0.0
12,3,3,2,False,1.7295612286782172,0.5484755796547631,4,qUCB,0.36,0.52,0.02,0.04,0.04,0.0,0.0,0.0,0.0,0.0,0.0,0.02,0.0,0.0,0.0
12,4,2,3,False,1.4370683178614219,0.9607367713680923,0,qEHVI,0.54,0.14,0.24,0.0,0.0,0.0,0.0,0.0,0.0,0.0,0.0,0.04,0.0,0.0,0.04
12,4,2,3,False,1.4370683178614219,0.9607367713680923,1,qEHVI,0.6,0.0,0.3,0.0,0.0,0.0,0.0,0.0,0.04,0.0,0.0,0.0,0.0,0.02,0.04
12,4,2,3,False,1.4370683178614219,0.9607367713680923,2,qUCB,0.56,0.36,0.0,0.04,0.04,0.0,0.0,0.0,0.0,0.0,0.0,0.0,0.0,0.0,0.0
12,4,2,3,False,1.4370683178614219,0.9607367713680923,3,qUCB,0.22,0.68,0.02,0.04,0.04,0.0,0.0,0.0,0.0,0.0,0.0,0.0,0.0,0.0,0.0
12,4,2,3,False,1.4370683178614219,0.9607367713680923,4,qUCB,0.44,0.14,0.34,0.0,0.04,0.0,0.0,0.0,0.0,0.0,0.0,0.0,0.0,0.04,0.0
12,5,1,4,False,0.9714759654656934,0.0952381323693764,0,qEHVI,0.54,0.14,0.24,0.0,0.0,0.0,0.0,0.0,0.0,0.0,0.0,0.04,0.0,0.0,0.04
12,5,1,4,False,0.9714759654656934,0.0952381323693764,1,qUCB,0.48,0.02,0.4,0.0,0.04,0.0,0.0,0.0,0.02,0.0,0.0,0.0,0.0,0.04,0.0
12,5,1,4,False,0.9714759654656934,0.0952381323693764,2,qUCB,0.58,0.3,0.02,0.04,0.0,0.0,0.0,0.0,0.04,0.0,0.0,0.0,0.0,0.02,0.0
12,5,1,4,False,0.9714759654656934,0.0952381323693764,3,qUCB,0.34,0.54,0.02,0.04,0.0,0.0,0.0,0.0,0.02,0.0,0.0,0.0,0.0,0.04,0.0
12,5,1,4,False,0.9714759654656934,0.0952381323693764,4,qUCB,0.0,0.7000000000000001,0.22,0.0,0.04,0.0,0.0,0.0,0.04,0.0,0.0,0.0,0.0,0.0,0.0
12,6,0,5,True,0.8508984389514496,0.48679178257026123,0,qUCB,0.62,0.1,0.18,0.0,0.0,0.0,0.0,0.0,0.02,0.0,0.0,0.04,0.0,0.0,0.04
12,6,0,5,True,0.8508984389514496,0.48679178257026123,1,qUCB,0.58,0.28,0.04,0.04,0.0,0.0,0.0,0.0,0.02,0.0,0.0,0.04,0.0,0.0,0.0
12,6,0,5,True,0.8508984389514496,0.48679178257026123,2,qUCB,0.78,0.12,0.0,0.04,0.0,0.0,0.0,0.0,0.0,0.0,0.0,0.02,0.0,0.0,0.04
12,6,0,5,True,0.8508984389514496,0.48679178257026123,3,qUCB,0.52,0.38,0.02,0.0,0.0,0.0,0.0,0.0,0.0,0.0,0.0,0.04,0.0,0.0,0.04
12,6,0,5,True,0.8508984389514496,0.48679178257026123,4,qUCB,0.78,0.0,0.14,0.0,0.0,0.0,0.0,0.0,0.0,0.0,0.0,0.04,0.0,0.0,0.04
13,1,5,0,False,2.253227346334257,0.66937132483495,0,qEHVI,0.64,0.0,0.26,0.0,0.0,0.0,0.0,0.0,0.0,0.0,0.0,0.04,0.0,0.02,0.04
13,1,5,0,False,2.253227346334257,0.66937132483495,1,qEHVI,0.52,0.02,0.42,0.0,0.0,0.0,0.0,0.0,0.0,0.0,0.0,0.0,0.0,0.0,0.04
13,1,5,0,False,2.253227346334257,0.66937132483495,2,qEHVI,0.5,0.16,0.24,0.0,0.0,0.0,0.0,0.0,0.02,0.0,0.0,0.04,0.0,0.0,0.04
13,1,5,0,False,2.253227346334257,0.66937132483495,3,qEHVI,0.48,0.16,0.28,0.0,0.0,0.0,0.0,0.0,0.0,0.0,0.0,0.04,0.0,0.0,0.04
13,1,5,0,False,2.253227346334257,0.66937132483495,4,qEHVI,0.66,0.22,0.06,0.0,0.0,0.0,0.0,0.0,0.04,0.0,0.0,0.0,0.0,0.0,0.02
13,2,4,1,False,2.106292059950005,0.7357960763606641,0,qEHVI,0.64,0.0,0.26,0.0,0.0,0.0,0.0,0.0,0.0,0.0,0.0,0.04,0.0,0.02,0.04
13,2,4,1,False,2.106292059950005,0.7357960763606641,1,qEHVI,0.52,0.02,0.42,0.0,0.0,0.0,0.0,0.0,0.0,0.0,0.0,0.0,0.0,0.0,0.04
13,2,4,1,False,2.106292059950005,0.7357960763606641,2,qEHVI,0.5,0.16,0.24,0.0,0.0,0.0,0.0,0.0,0.02,0.0,0.0,0.04,0.0,0.0,0.04
13,2,4,1,False,2.106292059950005,0.7357960763606641,3,qEHVI,0.48,0.16,0.28,0.0,0.0,0.0,0.0,0.0,0.0,0.0,0.0,0.04,0.0,0.0,0.04
13,2,4,1,False,2.106292059950005,0.7357960763606641,4,qUCB,0.54,0.02,0.34,0.0,0.02,0.0,0.0,0.0,0.04,0.0,0.0,0.0,0.0,0.04,0.0
13,3,3,2,False,1.8587508989449675,0.6183118390553135,0,qEHVI,0.64,0.0,0.26,0.0,0.0,0.0,0.0,0.0,0.0,0.0,0.0,0.04,0.0,0.02,0.04
13,3,3,2,False,1.8587508989449675,0.6183118390553135,1,qEHVI,0.52,0.02,0.42,0.0,0.0,0.0,0.0,0.0,0.0,0.0,0.0,0.0,0.0,0.0,0.04
13,3,3,2,False,1.8587508989449675,0.6183118390553135,2,qEHVI,0.5,0.16,0.24,0.0,0.0,0.0,0.0,0.0,0.02,0.0,0.0,0.04,0.0,0.0,0.04
13,3,3,2,False,1.8587508989449675,0.6183118390553135,3,qUCB,0.54,0.02,0.34,0.0,0.02,0.0,0.0,0.0,0.04,0.0,0.0,0.0,0.0,0.04,0.0
13,3,3,2,False,1.8587508989449675,0.6183118390553135,4,qUCB,0.22,0.68,0.0,0.04,0.04,0.0,0.0,0.0,0.02,0.0,0.0,0.0,0.0,0.0,0.0
13,4,2,3,False,1.4588309629920624,0.3569185399409833,0,qEHVI,0.64,0.0,0.26,0.0,0.0,0.0,0.0,0.0,0.0,0.0,0.0,0.04,0.0,0.02,0.04
13,4,2,3,False,1.4588309629920624,0.3569185399409833,1,qEHVI,0.52,0.02,0.42,0.0,0.0,0.0,0.0,0.0,0.0,0.0,0.0,0.0,0.0,0.0,0.04
13,4,2,3,False,1.4588309629920624,0.3569185399409833,2,qUCB,0.54,0.02,0.34,0.0,0.02,0.0,0.0,0.0,0.04,0.0,0.0,0.0,0.0,0.04,0.0
13,4,2,3,False,1.4588309629920624,0.3569185399409833,3,qUCB,0.22,0.68,0.0,0.04,0.04,0.0,0.0,0.0,0.02,0.0,0.0,0.0,0.0,0.0,0.0
13,4,2,3,False,1.4588309629920624,0.3569185399409833,4,qUCB,0.62,0.22,0.06,0.04,0.0,0.0,0.0,0.0,0.04,0.0,0.0,0.02,0.0,0.0,0.0
13,5,1,4,False,0.8780358282291453,0.3587978005237016,0,qEHVI,0.64,0.0,0.26,0.0,0.0,0.0,0.0,0.0,0.0,0.0,0.0,0.04,0.0,0.02,0.04
13,5,1,4,False,0.8780358282291453,0.3587978005237016,1,qUCB,0.5,0.02,0.4,0.0,0.04,0.0,0.0,0.0,0.04,0.0,0.0,0.0,0.0,0.0,0.0
13,5,1,4,False,0.8780358282291453,0.3587978005237016,2,qUCB,0.22,0.68,0.0,0.04,0.04,0.0,0.0,0.0,0.02,0.0,0.0,0.0,0.0,0.0,0.0
13,5,1,4,False,0.8780358282291453,0.3587978005237016,3,qUCB,0.54,0.32,0.06,0.04,0.0,0.0,0.0,0.0,0.04,0.0,0.0,0.0,0.0,0.0,0.0
13,5,1,4,False,0.8780358282291453,0.3587978005237016,4,qUCB,0.32,0.58,0.02,0.0,0.04,0.0,0.0,0.0,0.04,0.0,0.0,0.0,0.0,0.0,0.0
13,6,0,5,True,1.1617068260241241,0.28895666376408347,0,qUCB,0.52,0.4,0.0,0.0,0.0,0.0,0.0,0.0,0.0,0.0,0.0,0.04,0.0,0.0,0.04
13,6,0,5,True,1.1617068260241241,0.28895666376408347,1,qUCB,0.5,0.3,0.1,0.02,0.0,0.0,0.0,0.0,0.0,0.0,0.0,0.04,0.0,0.0,0.04
13,6,0,5,True,1.1617068260241241,0.28895666376408347,2,qUCB,0.5,0.34,0.06,0.0,0.0,0.0,0.0,0.0,0.02,0.0,0.0,0.04,0.0,0.0,0.04
13,6,0,5,True,1.1617068260241241,0.28895666376408347,3,qUCB,0.5,0.42,0.0,0.04,0.0,0.0,0.0,0.0,0.0,0.0,0.0,0.0,0.0,0.0,0.04
13,6,0,5,True,1.1617068260241241,0.28895666376408347,4,qUCB,0.64,0.0,0.26,0.0,0.0,0.0,0.0,0.0,0.0,0.0,0.0,0.04,0.0,0.02,0.04
14,1,5,0,False,2.7340661538063764,0.9191460407969547,0,qEHVI,0.7000000000000001,0.2,0.02,0.0,0.0,0.0,0.0,0.0,0.04,0.0,0.0,0.0,0.0,0.0,0.04
14,1,5,0,False,2.7340661538063764,0.9191460407969547,1,qEHVI,0.5,0.0,0.44,0.0,0.0,0.0,0.0,0.0,0.0,0.0,0.0,0.02,0.0,0.02,0.02
14,1,5,0,False,2.7340661538063764,0.9191460407969547,2,qEHVI,0.7000000000000001,0.0,0.3,0.0,0.0,0.0,0.0,0.0,0.0,0.0,0.0,0.0,0.0,0.0,0.0
14,1,5,0,False,2.7340661538063764,0.9191460407969547,3,qEHVI,0.54,0.0,0.4,0.0,0.02,0.0,0.0,0.0,0.02,0.0,0.0,0.0,0.0,0.02,0.0
14,1,5,0,False,2.7340661538063764,0.9191460407969547,4,qEHVI,0.46,0.0,0.46,0.0,0.0,0.0,0.0,0.0,0.0,0.0,0.0,0.04,0.0,0.0,0.04
14,2,4,1,False,2.6170823072042957,0.6318351240014186,0,qEHVI,0.7000000000000001,0.2,0.02,0.0,0.0,0.0,0.0,0.0,0.04,0.0,0.0,0.0,0.0,0.0,0.04
14,2,4,1,False,2.6170823072042957,0.6318351240014186,1,qEHVI,0.5,0.0,0.44,0.0,0.0,0.0,0.0,0.0,0.0,0.0,0.0,0.02,0.0,0.02,0.02
14,2,4,1,False,2.6170823072042957,0.6318351240014186,2,qEHVI,0.7000000000000001,0.0,0.3,0.0,0.0,0.0,0.0,0.0,0.0,0.0,0.0,0.0,0.0,0.0,0.0
14,2,4,1,False,2.6170823072042957,0.6318351240014186,3,qEHVI,0.54,0.0,0.4,0.0,0.02,0.0,0.0,0.0,0.02,0.0,0.0,0.0,0.0,0.02,0.0
14,2,4,1,False,2.6170823072042957,0.6318351240014186,4,qUCB,0.52,0.34,0.06,0.0,0.04,0.0,0.0,0.0,0.0,0.0,0.0,0.0,0.0,0.0,0.04
14,3,3,2,True,2.41332850457635,0.5897555058823487,0,qEHVI,0.7000000000000001,0.2,0.02,0.0,0.0,0.0,0.0,0.0,0.04,0.0,0.0,0.0,0.0,0.0,0.04
14,3,3,2,True,2.41332850457635,0.5897555058823487,1,qEHVI,0.5,0.0,0.44,0.0,0.0,0.0,0.0,0.0,0.0,0.0,0.0,0.02,0.0,0.02,0.02
14,3,3,2,True,2.41332850457635,0.5897555058823487,2,qEHVI,0.7000000000000001,0.0,0.3,0.0,0.0,0.0,0.0,0.0,0.0,0.0,0.0,0.0,0.0,0.0,0.0
14,3,3,2,True,2.41332850457635,0.5897555058823487,3,qUCB,0.44,0.42,0.04,0.0,0.04,0.0,0.0,0.0,0.04,0.0,0.0,0.02,0.0,0.0,0.0
14,3,3,2,True,2.41332850457635,0.5897555058823487,4,qUCB,0.8200000000000001,0.0,0.08,0.0,0.04,0.0,0.0,0.0,0.04,0.0,0.0,0.0,0.0,0.02,0.0
14,4,2,3,False,1.733884104486212,0.7147639821457945,0,qEHVI,0.7000000000000001,0.2,0.02,0.0,0.0,0.0,0.0,0.0,0.04,0.0,0.0,0.0,0.0,0.0,0.04
14,4,2,3,False,1.733884104486212,0.7147639821457945,1,qEHVI,0.5,0.0,0.44,0.0,0.0,0.0,0.0,0.0,0.0,0.0,0.0,0.02,0.0,0.02,0.02
14,4,2,3,False,1.733884104486212,0.7147639821457945,2,qUCB,0.58,0.28,0.08,0.0,0.04,0.0,0.0,0.0,0.02,0.0,0.0,0.0,0.0,0.0,0.0
14,4,2,3,False,1.733884104486212,0.7147639821457945,3,qUCB,0.8200000000000001,0.06,0.06,0.0,0.04,0.0,0.0,0.0,0.02,0.0,0.0,0.0,0.0,0.0,0.0
14,4,2,3,False,1.733884104486212,0.7147639821457945,4,qUCB,0.44,0.42,0.04,0.0,0.04,0.0,0.0,0.0,0.04,0.0,0.0,0.02,0.0,0.0,0.0
14,5,1,4,False,1.463102476052983,0.9618810833232612,0,qEHVI,0.7000000000000001,0.2,0.02,0.0,0.0,0.0,0.0,0.0,0.04,0.0,0.0,0.0,0.0,0.0,0.04
14,5,1,4,False,1.463102476052983,0.9618810833232612,1,qUCB,0.48,0.04,0.38,0.0,0.02,0.0,0.0,0.0,0.0,0.0,0.0,0.04,0.0,0.04,0.0
14,5,1,4,False,1.463102476052983,0.9618810833232612,2,qUCB,0.76,0.06,0.08,0.0,0.02,0.0,0.0,0.0,0.0,0.0,0.0,0.04,0.0,0.04,0.0
14,5,1,4,False,1.463102476052983,0.9618810833232612,3,qUCB,0.68,0.0,0.22,0.0,0.04,0.0,0.0,0.0,0.0,0.0,0.0,0.02,0.0,0.04,0.0
14,5,1,4,False,1.463102476052983,0.9618810833232612,4,qUCB,0.44,0.0,0.46,0.02,0.0,0.0,0.0,0.0,0.0,0.0,0.0,0.04,0.0,0.04,0.0
14,6,0,5,False,1.9363431456290143,0.5300999427497288,0,qUCB,0.56,0.3,0.06,0.0,0.0,0.0,0.0,0.0,0.04,0.0,0.0,0.0,0.0,0.0,0.04
14,6,0,5,False,1.9363431456290143,0.5300999427497288,1,qUCB,0.88,0.04,0.08,0.0,0.0,0.0,0.0,0.0,0.0,0.0,0.0,0.0,0.0,0.0,0.0
14,6,0,5,False,1.9363431456290143,0.5300999427497288,2,qUCB,0.76,0.16,0.0,0.0,0.0,0.0,0.0,0.0,0.0,0.0,0.0,0.0,0.0,0.04,0.04
14,6,0,5,False,1.9363431456290143,0.5300999427497288,3,qUCB,0.7000000000000001,0.0,0.3,0.0,0.0,0.0,0.0,0.0,0.0,0.0,0.0,0.0,0.0,0.0,0.0
14,6,0,5,False,1.9363431456290143,0.5300999427497288,4,qUCB,0.7000000000000001,0.2,0.02,0.0,0.0,0.0,0.0,0.0,0.04,0.0,0.0,0.0,0.0,0.0,0.04
15,1,5,0,False,1.5290546742191093,0.5241716077060881,0,qEHVI,0.46,0.1,0.34,0.0,0.0,0.0,0.0,0.0,0.02,0.0,0.0,0.0,0.0,0.04,0.04
15,1,5,0,False,1.5290546742191093,0.5241716077060881,1,qEHVI,0.5,0.04,0.44,0.0,0.0,0.0,0.0,0.0,0.0,0.0,0.0,0.0,0.0,0.02,0.0
15,1,5,0,False,1.5290546742191093,0.5241716077060881,2,qEHVI,0.52,0.18,0.22,0.0,0.0,0.0,0.0,0.0,0.0,0.0,0.0,0.04,0.0,0.0,0.04
15,1,5,0,False,1.5290546742191093,0.5241716077060881,3,qEHVI,0.26,0.22,0.42,0.0,0.04,0.0,0.0,0.0,0.0,0.0,0.0,0.0,0.0,0.04,0.02
15,1,5,0,False,1.5290546742191093,0.5241716077060881,4,qEHVI,0.68,0.18,0.04,0.0,0.0,0.0,0.0,0.0,0.04,0.0,0.0,0.02,0.0,0.0,0.04
15,2,4,1,False,1.3158715027558443,0.7351322603493902,0,qEHVI,0.46,0.1,0.34,0.0,0.0,0.0,0.0,0.0,0.02,0.0,0.0,0.0,0.0,0.04,0.04
15,2,4,1,False,1.3158715027558443,0.7351322603493902,1,qEHVI,0.5,0.04,0.44,0.0,0.0,0.0,0.0,0.0,0.0,0.0,0.0,0.0,0.0,0.02,0.0
15,2,4,1,False,1.3158715027558443,0.7351322603493902,2,qEHVI,0.52,0.18,0.22,0.0,0.0,0.0,0.0,0.0,0.0,0.0,0.0,0.04,0.0,0.0,0.04
15,2,4,1,False,1.3158715027558443,0.7351322603493902,3,qEHVI,0.68,0.18,0.04,0.0,0.0,0.0,0.0,0.0,0.04,0.0,0.0,0.02,0.0,0.0,0.04
15,2,4,1,False,1.3158715027558443,0.7351322603493902,4,qUCB,0.42,0.46,0.02,0.0,0.04,0.0,0.0,0.0,0.0,0.0,0.0,0.04,0.0,0.02,0.0
15,3,3,2,True,1.207667132428994,0.727532448812477,0,qEHVI,0.46,0.1,0.34,0.0,0.0,0.0,0.0,0.0,0.02,0.0,0.0,0.0,0.0,0.04,0.04
15,3,3,2,True,1.207667132428994,0.727532448812477,1,qEHVI,0.5,0.04,0.44,0.0,0.0,0.0,0.0,0.0,0.0,0.0,0.0,0.0,0.0,0.02,0.0
15,3,3,2,True,1.207667132428994,0.727532448812477,2,qEHVI,0.52,0.18,0.22,0.0,0.0,0.0,0.0,0.0,0.0,0.0,0.0,0.04,0.0,0.0,0.04
15,3,3,2,True,1.207667132428994,0.727532448812477,3,qUCB,0.52,0.34,0.04,0.0,0.0,0.0,0.0,0.0,0.04,0.0,0.0,0.04,0.0,0.02,0.0
15,3,3,2,True,1.207667132428994,0.727532448812477,4,qUCB,0.46,0.42,0.02,0.0,0.02,0.0,0.0,0.0,0.04,0.0,0.0,0.04,0.0,0.0,0.0
15,4,2,3,False,0.8554693889627184,0.5085946423346579,0,qEHVI,0.46,0.1,0.34,0.0,0.0,0.0,0.0,0.0,0.02,0.0,0.0,0.0,0.0,0.04,0.04
15,4,2,3,False,0.8554693889627184,0.5085946423346579,1,qEHVI,0.52,0.18,0.22,0.0,0.0,0.0,0.0,0.0,0.0,0.0,0.0,0.04,0.0,0.0,0.04
15,4,2,3,False,0.8554693889627184,0.5085946423346579,2,qUCB,0.44,0.3,0.16,0.0,0.04,0.0,0.0,0.0,0.04,0.0,0.0,0.02,0.0,0.0,0.0
15,4,2,3,False,0.8554693889627184,0.5085946423346579,3,qUCB,0.46,0.44,0.0,0.0,0.0,0.0,0.0,0.0,0.02,0.0,0.0,0.04,0.0,0.04,0.0
15,4,2,3,False,0.8554693889627184,0.5085946423346579,4,qUCB,0.36,0.14,0.42,0.0,0.04,0.0,0.0,0.0,0.04,0.0,0.0,0.0,0.0,0.0,0.0
15,5,1,4,False,0.5119058785791994,0.29439867608497394,0,qEHVI,0.46,0.1,0.34,0.0,0.0,0.0,0.0,0.0,0.02,0.0,0.0,0.0,0.0,0.04,0.04
15,5,1,4,False,0.5119058785791994,0.29439867608497394,1,qUCB,0.44,0.44,0.04,0.0,0.04,0.0,0.0,0.0,0.0,0.0,0.0,0.04,0.0,0.0,0.0
15,5,1,4,False,0.5119058785791994,0.29439867608497394,2,qUCB,0.58,0.34,0.0,0.0,0.04,0.0,0.0,0.0,0.0,0.0,0.0,0.04,0.0,0.0,0.0
15,5,1,4,False,0.5119058785791994,0.29439867608497394,3,qUCB,0.38,0.52,0.0,0.04,0.02,0.0,0.0,0.0,0.0,0.0,0.0,0.04,0.0,0.0,0.0
15,5,1,4,False,0.5119058785791994,0.29439867608497394,4,qUCB,0.5,0.3,0.12,0.0,0.04,0.0,0.0,0.0,0.0,0.0,0.0,0.04,0.0,0.0,0.0
15,6,0,5,False,0.46052428190107164,1.048794896970433,0,qUCB,0.6,0.3,0.0,0.0,0.0,0.0,0.0,0.0,0.04,0.0,0.0,0.04,0.0,0.0,0.02
15,6,0,5,False,0.46052428190107164,1.048794896970433,1,qUCB,0.46,0.44,0.0,0.0,0.0,0.0,0.0,0.0,0.02,0.0,0.0,0.04,0.0,0.04,0.0
15,6,0,5,False,0.46052428190107164,1.048794896970433,2,qUCB,0.62,0.22,0.12,0.0,0.0,0.0,0.0,0.0,0.0,0.0,0.0,0.04,0.0,0.0,0.0
15,6,0,5,False,0.46052428190107164,1.048794896970433,3,qUCB,0.44,0.44,0.04,0.0,0.04,0.0,0.0,0.0,0.0,0.0,0.0,0.04,0.0,0.0,0.0
15,6,0,5,False,0.46052428190107164,1.048794896970433,4,qUCB,0.46,0.06,0.4,0.0,0.0,0.0,0.0,0.0,0.04,0.0,0.0,0.0,0.0,0.04,0.0
16,1,5,0,False,1.3449014790595104,0.4020534937466511,0,qEHVI,0.56,0.02,0.42,0.0,0.0,0.0,0.0,0.0,0.0,0.0,0.0,0.0,0.0,0.0,0.0
16,1,5,0,False,1.3449014790595104,0.4020534937466511,1,qEHVI,0.26,0.26,0.38,0.0,0.02,0.0,0.0,0.0,0.0,0.0,0.0,0.0,0.0,0.04,0.04
16,1,5,0,False,1.3449014790595104,0.4020534937466511,2,qEHVI,0.64,0.0,0.26,0.0,0.0,0.0,0.0,0.0,0.02,0.0,0.0,0.04,0.0,0.0,0.04
16,1,5,0,False,1.3449014790595104,0.4020534937466511,3,qEHVI,0.46,0.0,0.48,0.0,0.02,0.0,0.0,0.0,0.0,0.0,0.0,0.0,0.0,0.0,0.04
16,1,5,0,False,1.3449014790595104,0.4020534937466511,4,qEHVI,0.62,0.2,0.08,0.0,0.0,0.0,0.0,0.0,0.04,0.0,0.0,0.02,0.0,0.0,0.04
16,2,4,1,False,1.183398844497037,0.47223450836680225,0,qEHVI,0.56,0.02,0.42,0.0,0.0,0.0,0.0,0.0,0.0,0.0,0.0,0.0,0.0,0.0,0.0
16,2,4,1,False,1.183398844497037,0.47223450836680225,1,qEHVI,0.26,0.26,0.38,0.0,0.02,0.0,0.0,0.0,0.0,0.0,0.0,0.0,0.0,0.04,0.04
16,2,4,1,False,1.183398844497037,0.47223450836680225,2,qEHVI,0.64,0.0,0.26,0.0,0.0,0.0,0.0,0.0,0.02,0.0,0.0,0.04,0.0,0.0,0.04
16,2,4,1,False,1.183398844497037,0.47223450836680225,3,qEHVI,0.46,0.0,0.48,0.0,0.02,0.0,0.0,0.0,0.0,0.0,0.0,0.0,0.0,0.0,0.04
16,2,4,1,False,1.183398844497037,0.47223450836680225,4,qUCB,0.46,0.44,0.0,0.02,0.04,0.0,0.0,0.0,0.0,0.0,0.0,0.04,0.0,0.0,0.0
16,3,3,2,True,1.0026469828116942,0.21646251149489082,0,qEHVI,0.56,0.02,0.42,0.0,0.0,0.0,0.0,0.0,0.0,0.0,0.0,0.0,0.0,0.0,0.0
16,3,3,2,True,1.0026469828116942,0.21646251149489082,1,qEHVI,0.26,0.26,0.38,0.0,0.02,0.0,0.0,0.0,0.0,0.0,0.0,0.0,0.0,0.04,0.04
16,3,3,2,True,1.0026469828116942,0.21646251149489082,2,qEHVI,0.64,0.0,0.26,0.0,0.0,0.0,0.0,0.0,0.02,0.0,0.0,0.04,0.0,0.0,0.04
16,3,3,2,True,1.0026469828116942,0.21646251149489082,3,qUCB,0.46,0.44,0.0,0.02,0.04,0.0,0.0,0.0,0.0,0.0,0.0,0.04,0.0,0.0,0.0
16,3,3,2,True,1.0026469828116942,0.21646251149489082,4,qUCB,0.56,0.28,0.06,0.0,0.04,0.0,0.0,0.0,0.0,0.0,0.0,0.04,0.0,0.02,0.0
16,4,2,3,False,0.8758093177913641,0.3842576870133927,0,qEHVI,0.56,0.02,0.42,0.0,0.0,0.0,0.0,0.0,0.0,0.0,0.0,0.0,0.0,0.0,0.0
16,4,2,3,False,0.8758093177913641,0.3842576870133927,1,qEHVI,0.26,0.26,0.38,0.0,0.02,0.0,0.0,0.0,0.0,0.0,0.0,0.0,0.0,0.04,0.04
16,4,2,3,False,0.8758093177913641,0.3842576870133927,2,qUCB,0.5,0.4,0.02,0.0,0.0,0.0,0.0,0.0,0.0,0.0,0.0,0.04,0.0,0.0,0.04
16,4,2,3,False,0.8758093177913641,0.3842576870133927,3,qUCB,0.36,0.52,0.02,0.0,0.04,0.0,0.0,0.0,0.02,0.0,0.0,0.04,0.0,0.0,0.0
16,4,2,3,False,0.8758093177913641,0.3842576870133927,4,qUCB,0.52,0.3,0.08,0.0,0.0,0.0,0.0,0.0,0.04,0.0,0.0,0.04,0.0,0.02,0.0
16,5,1,4,False,0.6308032621188294,0.18478938097177178,0,qEHVI,0.56,0.02,0.42,0.0,0.0,0.0,0.0,0.0,0.0,0.0,0.0,0.0,0.0,0.0,0.0
16,5,1,4,False,0.6308032621188294,0.18478938097177178,1,qUCB,0.44,0.46,0.0,0.0,0.02,0.0,0.0,0.0,0.0,0.0,0.0,0.04,0.0,0.0,0.04
16,5,1,4,False,0.6308032621188294,0.18478938097177178,2,qUCB,0.56,0.32,0.02,0.0,0.0,0.0,0.0,0.0,0.0,0.0,0.0,0.04,0.0,0.02,0.04
16,5,1,4,False,0.6308032621188294,0.18478938097177178,3,qUCB,0.42,0.42,0.06,0.0,0.0,0.0,0.0,0.0,0.02,0.0,0.0,0.04,0.0,0.04,0.0
16,5,1,4,False,0.6308032621188294,0.18478938097177178,4,qUCB,0.56,0.34,0.0,0.0,0.04,0.0,0.0,0.0,0.02,0.0,0.0,0.04,0.0,0.0,0.0
16,6,0,5,False,0.4346185968306926,0.39331990113199033,0,qUCB,0.56,0.32,0.02,0.0,0.0,0.0,0.0,0.0,0.0,0.0,0.0,0.04,0.0,0.02,0.04
16,6,0,5,False,0.4346185968306926,0.39331990113199033,1,qUCB,0.52,0.32,0.12,0.0,0.0,0.0,0.0,0.0,0.0,0.0,0.0,0.04,0.0,0.0,0.0
16,6,0,5,False,0.4346185968306926,0.39331990113199033,2,qUCB,0.6,0.18,0.12,0.0,0.0,0.0,0.0,0.0,0.02,0.0,0.0,0.04,0.0,0.0,0.04
16,6,0,5,False,0.4346185968306926,0.39331990113199033,3,qUCB,0.44,0.46,0.0,0.0,0.02,0.0,0.0,0.0,0.0,0.0,0.0,0.04,0.0,0.0,0.04
16,6,0,5,False,0.4346185968306926,0.39331990113199033,4,qUCB,0.48,0.02,0.4,0.0,0.04,0.0,0.0,0.0,0.0,0.0,0.0,0.0,0.0,0.02,0.04
17,1,5,0,False,1.2326621230349641,1.02227537918961,0,qEHVI,0.46,0.0,0.44,0.0,0.02,0.0,0.0,0.0,0.0,0.0,0.0,0.0,0.0,0.04,0.04
17,1,5,0,False,1.2326621230349641,1.02227537918961,1,qEHVI,0.28,0.32,0.36,0.0,0.0,0.0,0.0,0.0,0.0,0.0,0.0,0.0,0.0,0.04,0.0
17,1,5,0,False,1.2326621230349641,1.02227537918961,2,qEHVI,0.52,0.08,0.3,0.0,0.0,0.0,0.0,0.0,0.0,0.0,0.0,0.02,0.0,0.04,0.04
17,1,5,0,False,1.2326621230349641,1.02227537918961,3,qEHVI,0.52,0.0,0.46,0.0,0.0,0.0,0.0,0.0,0.0,0.0,0.0,0.02,0.0,0.0,0.0
17,1,5,0,False,1.2326621230349641,1.02227537918961,4,qEHVI,0.14,0.38,0.4,0.0,0.02,0.0,0.0,0.0,0.02,0.0,0.0,0.0,0.0,0.04,0.0
17,2,4,1,False,1.0832231422908203,0.7199181545351765,0,qEHVI,0.46,0.0,0.44,0.0,0.02,0.0,0.0,0.0,0.0,0.0,0.0,0.0,0.0,0.04,0.04
17,2,4,1,False,1.0832231422908203,0.7199181545351765,1,qEHVI,0.28,0.32,0.36,0.0,0.0,0.0,0.0,0.0,0.0,0.0,0.0,0.0,0.0,0.04,0.0
17,2,4,1,False,1.0832231422908203,0.7199181545351765,2,qEHVI,0.52,0.08,0.3,0.0,0.0,0.0,0.0,0.0,0.0,0.0,0.0,0.02,0.0,0.04,0.04
17,2,4,1,False,1.0832231422908203,0.7199181545351765,3,qEHVI,0.14,0.38,0.4,0.0,0.02,0.0,0.0,0.0,0.02,0.0,0.0,0.0,0.0,0.04,0.0
17,2,4,1,False,1.0832231422908203,0.7199181545351765,4,qUCB,0.66,0.22,0.02,0.04,0.0,0.0,0.0,0.0,0.02,0.0,0.0,0.04,0.0,0.0,0.0
17,3,3,2,True,0.911551881022762,0.3412208507626744,0,qEHVI,0.46,0.0,0.44,0.0,0.02,0.0,0.0,0.0,0.0,0.0,0.0,0.0,0.0,0.04,0.04
17,3,3,2,True,0.911551881022762,0.3412208507626744,1,qEHVI,0.28,0.32,0.36,0.0,0.0,0.0,0.0,0.0,0.0,0.0,0.0,0.0,0.0,0.04,0.0
17,3,3,2,True,0.911551881022762,0.3412208507626744,2,qEHVI,0.58,0.04,0.28,0.0,0.0,0.0,0.0,0.0,0.0,0.0,0.0,0.04,0.0,0.02,0.04
17,3,3,2,True,0.911551881022762,0.3412208507626744,3,qUCB,0.46,0.4,0.04,0.0,0.02,0.0,0.0,0.0,0.04,0.0,0.0,0.04,0.0,0.0,0.0
17,3,3,2,True,0.911551881022762,0.3412208507626744,4,qUCB,0.38,0.52,0.0,0.02,0.0,0.0,0.0,0.0,0.04,0.0,0.0,0.04,0.0,0.0,0.0
17,4,2,3,False,0.828821864398031,0.5178831510311728,0,qEHVI,0.46,0.0,0.44,0.0,0.02,0.0,0.0,0.0,0.0,0.0,0.0,0.0,0.0,0.04,0.04
17,4,2,3,False,0.828821864398031,0.5178831510311728,1,qEHVI,0.28,0.32,0.36,0.0,0.0,0.0,0.0,0.0,0.0,0.0,0.0,0.0,0.0,0.04,0.0
17,4,2,3,False,0.828821864398031,0.5178831510311728,2,qUCB,0.64,0.26,0.0,0.0,0.0,0.0,0.0,0.0,0.04,0.0,0.0,0.04,0.0,0.0,0.02
17,4,2,3,False,0.828821864398031,0.5178831510311728,3,qUCB,0.68,0.2,0.02,0.04,0.0,0.0,0.0,0.0,0.0,0.0,0.0,0.04,0.0,0.0,0.02
17,4,2,3,False,0.828821864398031,0.5178831510311728,4,qUCB,0.4,0.48,0.02,0.0,0.0,0.0,0.0,0.0,0.04,0.0,0.0,0.04,0.0,0.0,0.02
17,5,1,4,False,0.48304371477043495,0.3040912247660694,0,qEHVI,0.46,0.0,0.44,0.0,0.02,0.0,0.0,0.0,0.0,0.0,0.0,0.0,0.0,0.04,0.04
17,5,1,4,False,0.48304371477043495,0.3040912247660694,1,qUCB,0.38,0.52,0.0,0.02,0.0,0.0,0.0,0.0,0.04,0.0,0.0,0.04,0.0,0.0,0.0
17,5,1,4,False,0.48304371477043495,0.3040912247660694,2,qUCB,0.66,0.22,0.02,0.04,0.0,0.0,0.0,0.0,0.02,0.0,0.0,0.04,0.0,0.0,0.0
17,5,1,4,False,0.48304371477043495,0.3040912247660694,3,qUCB,0.48,0.34,0.1,0.0,0.0,0.0,0.0,0.0,0.04,0.0,0.0,0.04,0.0,0.0,0.0
17,5,1,4,False,0.48304371477043495,0.3040912247660694,4,qUCB,0.6,0.18,0.12,0.02,0.0,0.0,0.0,0.0,0.04,0.0,0.0,0.04,0.0,0.0,0.0
17,6,0,5,False,0.2906745666754931,0.364790420611838,0,qUCB,0.48,0.34,0.08,0.0,0.0,0.0,0.0,0.0,0.02,0.0,0.0,0.04,0.0,0.0,0.04
17,6,0,5,False,0.2906745666754931,0.364790420611838,1,qUCB,0.52,0.38,0.0,0.0,0.0,0.0,0.0,0.0,0.02,0.0,0.0,0.04,0.0,0.04,0.0
17,6,0,5,False,0.2906745666754931,0.364790420611838,2,qUCB,0.64,0.26,0.0,0.0,0.0,0.0,0.0,0.0,0.04,0.0,0.0,0.04,0.0,0.0,0.02
17,6,0,5,False,0.2906745666754931,0.364790420611838,3,qUCB,0.52,0.0,0.38,0.02,0.0,0.0,0.0,0.0,0.0,0.0,0.0,0.0,0.0,0.04,0.04
17,6,0,5,False,0.2906745666754931,0.364790420611838,4,qUCB,0.86,0.0,0.04,0.04,0.0,0.0,0.0,0.0,0.0,0.0,0.0,0.04,0.0,0.02,0.0
18,1,5,0,False,1.2614260204289516,0.1589438050120755,0,qEHVI,0.5,0.02,0.46,0.0,0.0,0.0,0.0,0.0,0.0,0.0,0.0,0.0,0.0,0.0,0.02
18,1,5,0,False,1.2614260204289516,0.1589438050120755,1,qEHVI,0.16,0.4,0.4,0.0,0.0,0.0,0.0,0.0,0.0,0.0,0.0,0.0,0.0,0.04,0.0
18,1,5,0,False,1.2614260204289516,0.1589438050120755,2,qEHVI,0.54,0.06,0.3,0.0,0.0,0.0,0.0,0.0,0.0,0.0,0.0,0.02,0.0,0.04,0.04
18,1,5,0,False,1.2614260204289516,0.1589438050120755,3,qEHVI,0.06,0.44,0.4,0.0,0.02,0.0,0.0,0.0,0.04,0.0,0.0,0.0,0.0,0.04,0.0
18,1,5,0,False,1.2614260204289516,0.1589438050120755,4,qEHVI,0.0,0.24,0.68,0.04,0.0,0.0,0.0,0.0,0.0,0.0,0.0,0.0,0.0,0.02,0.02
18,2,4,1,False,1.1410585910261488,0.30910587160885683,0,qEHVI,0.5,0.02,0.46,0.0,0.0,0.0,0.0,0.0,0.0,0.0,0.0,0.0,0.0,0.0,0.02
18,2,4,1,False,1.1410585910261488,0.30910587160885683,1,qEHVI,0.16,0.4,0.4,0.0,0.0,0.0,0.0,0.0,0.0,0.0,0.0,0.0,0.0,0.04,0.0
18,2,4,1,False,1.1410585910261488,0.30910587160885683,2,qEHVI,0.54,0.06,0.3,0.0,0.0,0.0,0.0,0.0,0.0,0.0,0.0,0.02,0.0,0.04,0.04
18,2,4,1,False,1.1410585910261488,0.30910587160885683,3,qEHVI,0.0,0.24,0.68,0.04,0.0,0.0,0.0,0.0,0.0,0.0,0.0,0.0,0.0,0.02,0.02
18,2,4,1,False,1.1410585910261488,0.30910587160885683,4,qUCB,0.5,0.36,0.04,0.0,0.04,0.0,0.0,0.0,0.02,0.0,0.0,0.04,0.0,0.0,0.0
18,3,3,2,True,0.9975750462206061,0.737537667010324,0,qEHVI,0.5,0.02,0.46,0.0,0.0,0.0,0.0,0.0,0.0,0.0,0.0,0.0,0.0,0.0,0.02
18,3,3,2,True,0.9975750462206061,0.737537667010324,1,qEHVI,0.16,0.4,0.4,0.0,0.0,0.0,0.0,0.0,0.0,0.0,0.0,0.0,0.0,0.04,0.0
18,3,3,2,True,0.9975750462206061,0.737537667010324,2,qEHVI,0.54,0.06,0.3,0.0,0.0,0.0,0.0,0.0,0.0,0.0,0.0,0.02,0.0,0.04,0.04
18,3,3,2,True,0.9975750462206061,0.737537667010324,3,qUCB,0.5,0.36,0.04,0.0,0.04,0.0,0.0,0.0,0.02,0.0,0.0,0.04,0.0,0.0,0.0
18,3,3,2,True,0.9975750462206061,0.737537667010324,4,qUCB,0.32,0.58,0.0,0.04,0.0,0.0,0.0,0.0,0.02,0.0,0.0,0.04,0.0,0.0,0.0
18,4,2,3,False,0.8898838141709627,0.13813478789387368,0,qEHVI,0.5,0.02,0.46,0.0,0.0,0.0,0.0,0.0,0.0,0.0,0.0,0.0,0.0,0.0,0.02
18,4,2,3,False,0.8898838141709627,0.13813478789387368,1,qEHVI,0.16,0.4,0.4,0.0,0.0,0.0,0.0,0.0,0.0,0.0,0.0,0.0,0.0,0.04,0.0
18,4,2,3,False,0.8898838141709627,0.13813478789387368,2,qUCB,0.5,0.36,0.04,0.0,0.04,0.0,0.0,0.0,0.02,0.0,0.0,0.04,0.0,0.0,0.0
18,4,2,3,False,0.8898838141709627,0.13813478789387368,3,qUCB,0.32,0.58,0.0,0.04,0.0,0.0,0.0,0.0,0.02,0.0,0.0,0.04,0.0,0.0,0.0
18,4,2,3,False,0.8898838141709627,0.13813478789387368,4,qUCB,0.68,0.22,0.0,0.04,0.0,0.0,0.0,0.0,0.0,0.0,0.0,0.04,0.0,0.02,0.0
18,5,1,4,False,0.5619044377822369,0.08658196132560647,0,qEHVI,0.5,0.02,0.46,0.0,0.0,0.0,0.0,0.0,0.0,0.0,0.0,0.0,0.0,0.0,0.02
18,5,1,4,False,0.5619044377822369,0.08658196132560647,1,qUCB,0.5,0.36,0.04,0.0,0.04,0.0,0.0,0.0,0.02,0.0,0.0,0.04,0.0,0.0,0.0
18,5,1,4,False,0.5619044377822369,0.08658196132560647,2,qUCB,0.36,0.52,0.02,0.0,0.02,0.0,0.0,0.0,0.0,0.0,0.0,0.04,0.0,0.04,0.0
18,5,1,4,False,0.5619044377822369,0.08658196132560647,3,qUCB,0.32,0.58,0.0,0.04,0.0,0.0,0.0,0.0,0.02,0.0,0.0,0.04,0.0,0.0,0.0
18,5,1,4,False,0.5619044377822369,0.08658196132560647,4,qUCB,0.64,0.26,0.0,0.04,0.0,0.0,0.0,0.0,0.0,0.0,0.0,0.04,0.0,0.02,0.0
18,6,0,5,False,0.3586708682850958,0.2297626030680675,0,qUCB,0.52,0.38,0.0,0.0,0.0,0.0,0.0,0.0,0.04,0.0,0.0,0.04,0.0,0.0,0.02
18,6,0,5,False,0.3586708682850958,0.2297626030680675,1,qUCB,0.5,0.32,0.08,0.0,0.0,0.0,0.0,0.0,0.0,0.0,0.0,0.04,0.0,0.02,0.04
18,6,0,5,False,0.3586708682850958,0.2297626030680675,2,qUCB,0.64,0.26,0.0,0.0,0.0,0.0,0.0,0.0,0.0,0.0,0.0,0.04,0.0,0.02,0.04
18,6,0,5,False,0.3586708682850958,0.2297626030680675,3,qUCB,0.54,0.28,0.1,0.0,0.0,0.0,0.0,0.0,0.04,0.0,0.0,0.04,0.0,0.0,0.0
18,6,0,5,False,0.3586708682850958,0.2297626030680675,4,qUCB,0.68,0.22,0.0,0.04,0.0,0.0,0.0,0.0,0.0,0.0,0.0,0.04,0.0,0.02,0.0
19,1,5,0,False,0.9437537917431073,0.4165505769438731,0,qEHVI,0.5,0.0,0.44,0.0,0.02,0.0,0.0,0.0,0.0,0.0,0.0,0.02,0.0,0.0,0.02
19,1,5,0,False,0.9437537917431073,0.4165505769438731,1,qEHVI,0.0,0.22,0.7000000000000001,0.04,0.0,0.0,0.0,0.0,0.0,0.0,0.0,0.0,0.0,0.0,0.04
19,1,5,0,False,0.9437537917431073,0.4165505769438731,2,qEHVI,0.52,0.1,0.3,0.0,0.0,0.0,0.0,0.0,0.04,0.0,0.0,0.0,0.0,0.0,0.04
19,1,5,0,False,0.9437537917431073,0.4165505769438731,3,qEHVI,0.5,0.4,0.0,0.0,0.0,0.0,0.0,0.0,0.02,0.0,0.0,0.04,0.0,0.0,0.04
19,1,5,0,False,0.9437537917431073,0.4165505769438731,4,qEHVI,0.54,0.02,0.42,0.0,0.0,0.0,0.0,0.0,0.0,0.0,0.0,0.0,0.0,0.02,0.0
19,2,4,1,False,0.8110752562237353,0.40896591784085246,0,qEHVI,0.5,0.0,0.44,0.0,0.02,0.0,0.0,0.0,0.0,0.0,0.0,0.02,0.0,0.0,0.02
19,2,4,1,False,0.8110752562237353,0.40896591784085246,1,qEHVI,0.0,0.22,0.7000000000000001,0.04,0.0,0.0,0.0,0.0,0.0,0.0,0.0,0.0,0.0,0.0,0.04
19,2,4,1,False,0.8110752562237353,0.40896591784085246,2,qEHVI,0.52,0.1,0.3,0.0,0.0,0.0,0.0,0.0,0.04,0.0,0.0,0.0,0.0,0.0,0.04
19,2,4,1,False,0.8110752562237353,0.40896591784085246,3,qEHVI,0.5,0.4,0.0,0.0,0.0,0.0,0.0,0.0,0.02,0.0,0.0,0.04,0.0,0.0,0.04
19,2,4,1,False,0.8110752562237353,0.40896591784085246,4,qUCB,0.42,0.5,0.0,0.0,0.0,0.0,0.0,0.0,0.0,0.0,0.0,0.04,0.0,0.04,0.0
19,3,3,2,True,0.7656794073226326,0.657386832655277,0,qEHVI,0.5,0.0,0.44,0.0,0.02,0.0,0.0,0.0,0.0,0.0,0.0,0.02,0.0,0.0,0.02
19,3,3,2,True,0.7656794073226326,0.657386832655277,1,qEHVI,0.0,0.22,0.7000000000000001,0.04,0.0,0.0,0.0,0.0,0.0,0.0,0.0,0.0,0.0,0.0,0.04
19,3,3,2,True,0.7656794073226326,0.657386832655277,2,qEHVI,0.52,0.1,0.3,0.0,0.0,0.0,0.0,0.0,0.04,0.0,0.0,0.0,0.0,0.0,0.04
19,3,3,2,True,0.7656794073226326,0.657386832655277,3,qUCB,0.62,0.28,0.0,0.0,0.0,0.0,0.0,0.0,0.02,0.0,0.0,0.04,0.0,0.04,0.0
19,3,3,2,True,0.7656794073226326,0.657386832655277,4,qUCB,0.42,0.5,0.0,0.0,0.0,0.0,0.0,0.0,0.0,0.0,0.0,0.04,0.0,0.04,0.0
19,4,2,3,False,0.5979160103564288,0.3454540265228552,0,qEHVI,0.5,0.0,0.44,0.0,0.02,0.0,0.0,0.0,0.0,0.0,0.0,0.02,0.0,0.0,0.02
19,4,2,3,False,0.5979160103564288,0.3454540265228552,1,qEHVI,0.0,0.22,0.7000000000000001,0.04,0.0,0.0,0.0,0.0,0.0,0.0,0.0,0.0,0.0,0.0,0.04
19,4,2,3,False,0.5979160103564288,0.3454540265228552,2,qUCB,0.62,0.28,0.0,0.0,0.0,0.0,0.0,0.0,0.02,0.0,0.0,0.04,0.0,0.04,0.0
19,4,2,3,False,0.5979160103564288,0.3454540265228552,3,qUCB,0.42,0.5,0.0,0.0,0.0,0.0,0.0,0.0,0.0,0.0,0.0,0.04,0.0,0.04,0.0
19,4,2,3,False,0.5979160103564288,0.3454540265228552,4,qUCB,0.46,0.38,0.06,0.0,0.0,0.0,0.0,0.0,0.04,0.0,0.0,0.02,0.0,0.04,0.0
19,5,1,4,False,0.4687600861191636,0.6822761705961291,0,qEHVI,0.5,0.0,0.44,0.0,0.02,0.0,0.0,0.0,0.0,0.0,0.0,0.02,0.0,0.0,0.02
19,5,1,4,False,0.4687600861191636,0.6822761705961291,1,qUCB,0.62,0.28,0.0,0.0,0.0,0.0,0.0,0.0,0.02,0.0,0.0,0.04,0.0,0.04,0.0
19,5,1,4,False,0.4687600861191636,0.6822761705961291,2,qUCB,0.42,0.5,0.0,0.0,0.0,0.0,0.0,0.0,0.0,0.0,0.0,0.04,0.0,0.04,0.0
19,5,1,4,False,0.4687600861191636,0.6822761705961291,3,qUCB,0.54,0.36,0.0,0.04,0.0,0.0,0.0,0.0,0.02,0.0,0.0,0.04,0.0,0.0,0.0
19,5,1,4,False,0.4687600861191636,0.6822761705961291,4,qUCB,0.54,0.0,0.36,0.04,0.0,0.0,0.0,0.0,0.02,0.0,0.0,0.0,0.0,0.04,0.0
19,6,0,5,False,0.33034124423906874,0.2372950078252689,0,qUCB,0.5,0.4,0.0,0.0,0.0,0.0,0.0,0.0,0.02,0.0,0.0,0.04,0.0,0.0,0.04
19,6,0,5,False,0.33034124423906874,0.2372950078252689,1,qUCB,0.56,0.34,0.02,0.0,0.0,0.0,0.0,0.0,0.04,0.0,0.0,0.04,0.0,0.0,0.0
19,6,0,5,False,0.33034124423906874,0.2372950078252689,2,qUCB,0.42,0.5,0.0,0.0,0.0,0.0,0.0,0.0,0.0,0.0,0.0,0.04,0.0,0.04,0.0
19,6,0,5,False,0.33034124423906874,0.2372950078252689,3,qUCB,0.54,0.02,0.36,0.04,0.0,0.0,0.0,0.0,0.0,0.0,0.0,0.0,0.0,0.0,0.04
19,6,0,5,False,0.33034124423906874,0.2372950078252689,4,qUCB,0.6,0.02,0.3,0.04,0.0,0.0,0.0,0.0,0.0,0.0,0.0,0.04,0.0,0.0,0.0
20,1,5,0,False,1.147485392778821,0.2640974765920143,0,qEHVI,0.52,0.0,0.46,0.0,0.0,0.0,0.0,0.0,0.0,0.0,0.0,0.0,0.0,0.0,0.02
20,1,5,0,False,1.147485392778821,0.2640974765920143,1,qEHVI,0.44,0.16,0.3,0.0,0.04,0.0,0.0,0.0,0.0,0.0,0.0,0.02,0.0,0.0,0.04
20,1,5,0,False,1.147485392778821,0.2640974765920143,2,qEHVI,0.0,0.16,0.74,0.04,0.0,0.0,0.0,0.0,0.02,0.0,0.0,0.0,0.0,0.04,0.0
20,1,5,0,False,1.147485392778821,0.2640974765920143,3,qEHVI,0.0,0.3,0.6,0.04,0.0,0.0,0.0,0.0,0.02,0.0,0.0,0.0,0.0,0.0,0.04
20,1,5,0,False,1.147485392778821,0.2640974765920143,4,qEHVI,0.52,0.02,0.42,0.0,0.0,0.0,0.0,0.0,0.0,0.0,0.0,0.0,0.0,0.0,0.04
20,2,4,1,False,1.0145247160914943,0.5298904839711875,0,qEHVI,0.52,0.0,0.46,0.0,0.0,0.0,0.0,0.0,0.0,0.0,0.0,0.0,0.0,0.0,0.02
20,2,4,1,False,1.0145247160914943,0.5298904839711875,1,qEHVI,0.44,0.16,0.3,0.0,0.04,0.0,0.0,0.0,0.0,0.0,0.0,0.02,0.0,0.0,0.04
20,2,4,1,False,1.0145247160914943,0.5298904839711875,2,qEHVI,0.0,0.16,0.74,0.04,0.0,0.0,0.0,0.0,0.02,0.0,0.0,0.0,0.0,0.04,0.0
20,2,4,1,False,1.0145247160914943,0.5298904839711875,3,qEHVI,0.0,0.3,0.6,0.04,0.0,0.0,0.0,0.0,0.02,0.0,0.0,0.0,0.0,0.0,0.04
20,2,4,1,False,1.0145247160914943,0.5298904839711875,4,qUCB,0.4,0.48,0.02,0.0,0.0,0.0,0.0,0.0,0.02,0.0,0.0,0.04,0.0,0.04,0.0
20,3,3,2,True,0.8987185778287415,0.24661694295519965,0,qEHVI,0.52,0.0,0.46,0.0,0.0,0.0,0.0,0.0,0.0,0.0,0.0,0.0,0.0,0.0,0.02
20,3,3,2,True,0.8987185778287415,0.24661694295519965,1,qEHVI,0.44,0.16,0.3,0.0,0.04,0.0,0.0,0.0,0.0,0.0,0.0,0.02,0.0,0.0,0.04
20,3,3,2,True,0.8987185778287415,0.24661694295519965,2,qEHVI,0.0,0.16,0.74,0.04,0.0,0.0,0.0,0.0,0.02,0.0,0.0,0.0,0.0,0.04,0.0
20,3,3,2,True,0.8987185778287415,0.24661694295519965,3,qUCB,0.4,0.48,0.02,0.0,0.0,0.0,0.0,0.0,0.02,0.0,0.0,0.04,0.0,0.04,0.0
20,3,3,2,True,0.8987185778287415,0.24661694295519965,4,qUCB,0.4,0.48,0.02,0.02,0.0,0.0,0.0,0.0,0.04,0.0,0.0,0.04,0.0,0.0,0.0
20,4,2,3,False,0.6970225062178025,0.08301385950181128,0,qEHVI,0.52,0.0,0.46,0.0,0.0,0.0,0.0,0.0,0.0,0.0,0.0,0.0,0.0,0.0,0.02
20,4,2,3,False,0.6970225062178025,0.08301385950181128,1,qEHVI,0.44,0.16,0.3,0.0,0.04,0.0,0.0,0.0,0.0,0.0,0.0,0.02,0.0,0.0,0.04
20,4,2,3,False,0.6970225062178025,0.08301385950181128,2,qUCB,0.4,0.48,0.02,0.0,0.0,0.0,0.0,0.0,0.02,0.0,0.0,0.04,0.0,0.04,0.0
20,4,2,3,False,0.6970225062178025,0.08301385950181128,3,qUCB,0.4,0.48,0.02,0.02,0.0,0.0,0.0,0.0,0.04,0.0,0.0,0.04,0.0,0.0,0.0
20,4,2,3,False,0.6970225062178025,0.08301385950181128,4,qUCB,0.18,0.72,0.0,0.04,0.0,0.0,0.0,0.0,0.0,0.0,0.0,0.04,0.0,0.02,0.0
20,5,1,4,False,0.5092739784352222,0.3087197428726016,0,qEHVI,0.52,0.0,0.46,0.0,0.0,0.0,0.0,0.0,0.0,0.0,0.0,0.0,0.0,0.0,0.02
20,5,1,4,False,0.5092739784352222,0.3087197428726016,1,qUCB,0.4,0.48,0.02,0.0,0.0,0.0,0.0,0.0,0.02,0.0,0.0,0.04,0.0,0.04,0.0
20,5,1,4,False,0.5092739784352222,0.3087197428726016,2,qUCB,0.34,0.56,0.0,0.0,0.02,0.0,0.0,0.0,0.04,0.0,0.0,0.04,0.0,0.0,0.0
20,5,1,4,False,0.5092739784352222,0.3087197428726016,3,qUCB,0.3,0.6,0.0,0.04,0.02,0.0,0.0,0.0,0.0,0.0,0.0,0.04,0.0,0.0,0.0
20,5,1,4,False,0.5092739784352222,0.3087197428726016,4,qUCB,0.76,0.14,0.0,0.04,0.02,0.0,0.0,0.0,0.0,0.0,0.0,0.04,0.0,0.0,0.0
20,6,0,5,False,0.3101103897934195,0.06183943469621145,0,qUCB,0.5,0.4,0.0,0.0,0.02,0.0,0.0,0.0,0.0,0.0,0.0,0.04,0.0,0.0,0.04
20,6,0,5,False,0.3101103897934195,0.06183943469621145,1,qUCB,0.46,0.4,0.04,0.0,0.0,0.0,0.0,0.0,0.02,0.0,0.0,0.04,0.0,0.0,0.04
20,6,0,5,False,0.3101103897934195,0.06183943469621145,2,qUCB,0.54,0.02,0.36,0.02,0.0,0.0,0.0,0.0,0.0,0.0,0.0,0.0,0.0,0.02,0.04
20,6,0,5,False,0.3101103897934195,0.06183943469621145,3,qUCB,0.86,0.02,0.04,0.04,0.0,0.0,0.0,0.0,0.0,0.0,0.0,0.04,0.0,0.0,0.0
20,6,0,5,False,0.3101103897934195,0.06183943469621145,4,qUCB,0.66,0.02,0.24,0.04,0.0,0.0,0.0,0.0,0.0,0.0,0.0,0.04,0.0,0.0,0.0
21,1,5,0,False,0.9800625602299503,0.22324242896013224,0,qEHVI,0.5,0.0,0.44,0.0,0.0,0.0,0.0,0.0,0.0,0.0,0.0,0.0,0.0,0.02,0.04
21,1,5,0,False,0.9800625602299503,0.22324242896013224,1,qEHVI,0.6,0.06,0.24,0.02,0.0,0.0,0.0,0.0,0.0,0.0,0.0,0.04,0.0,0.0,0.04
21,1,5,0,False,0.9800625602299503,0.22324242896013224,2,qEHVI,0.58,0.04,0.3,0.0,0.0,0.0,0.0,0.0,0.0,0.0,0.0,0.04,0.0,0.0,0.04
21,1,5,0,False,0.9800625602299503,0.22324242896013224,3,qEHVI,0.02,0.24,0.64,0.04,0.0,0.0,0.0,0.0,0.02,0.0,0.0,0.0,0.0,0.0,0.04
21,1,5,0,False,0.9800625602299503,0.22324242896013224,4,qEHVI,0.38,0.22,0.3,0.0,0.0,0.0,0.0,0.0,0.02,0.0,0.0,0.04,0.0,0.0,0.04
21,2,4,1,False,0.8801871426685899,0.152791695424618,0,qEHVI,0.5,0.0,0.44,0.0,0.0,0.0,0.0,0.0,0.0,0.0,0.0,0.0,0.0,0.02,0.04
21,2,4,1,False,0.8801871426685899,0.152791695424618,1,qEHVI,0.6,0.06,0.24,0.02,0.0,0.0,0.0,0.0,0.0,0.0,0.0,0.04,0.0,0.0,0.04
21,2,4,1,False,0.8801871426685899,0.152791695424618,2,qEHVI,0.38,0.22,0.3,0.0,0.0,0.0,0.0,0.0,0.02,0.0,0.0,0.04,0.0,0.0,0.04
21,2,4,1,False,0.8801871426685899,0.152791695424618,3,qEHVI,0.58,0.04,0.3,0.0,0.0,0.0,0.0,0.0,0.0,0.0,0.0,0.04,0.0,0.0,0.04
21,2,4,1,False,0.8801871426685899,0.152791695424618,4,qUCB,0.52,0.0,0.38,0.0,0.04,0.0,0.0,0.0,0.04,0.0,0.0,0.0,0.0,0.02,0.0
21,3,3,2,True,0.7096442201438486,0.1517095437195719,0,qEHVI,0.5,0.0,0.44,0.0,0.0,0.0,0.0,0.0,0.0,0.0,0.0,0.0,0.0,0.02,0.04
21,3,3,2,True,0.7096442201438486,0.1517095437195719,1,qEHVI,0.6,0.06,0.24,0.02,0.0,0.0,0.0,0.0,0.0,0.0,0.0,0.04,0.0,0.0,0.04
21,3,3,2,True,0.7096442201438486,0.1517095437195719,2,qEHVI,0.58,0.04,0.3,0.0,0.0,0.0,0.0,0.0,0.0,0.0,0.0,0.04,0.0,0.0,0.04
21,3,3,2,True,0.7096442201438486,0.1517095437195719,3,qUCB,0.34,0.56,0.0,0.0,0.02,0.0,0.0,0.0,0.04,0.0,0.0,0.04,0.0,0.0,0.0
21,3,3,2,True,0.7096442201438486,0.1517095437195719,4,qUCB,0.14,0.76,0.0,0.04,0.04,0.0,0.0,0.0,0.02,0.0,0.0,0.0,0.0,0.0,0.0
21,4,2,3,False,0.6258705744740416,0.23961365733648954,0,qEHVI,0.5,0.0,0.44,0.0,0.0,0.0,0.0,0.0,0.0,0.0,0.0,0.0,0.0,0.02,0.04
21,4,2,3,False,0.6258705744740416,0.23961365733648954,1,qEHVI,0.6,0.06,0.24,0.02,0.0,0.0,0.0,0.0,0.0,0.0,0.0,0.04,0.0,0.0,0.04
21,4,2,3,False,0.6258705744740416,0.23961365733648954,2,qUCB,0.34,0.56,0.0,0.0,0.02,0.0,0.0,0.0,0.04,0.0,0.0,0.04,0.0,0.0,0.0
21,4,2,3,False,0.6258705744740416,0.23961365733648954,3,qUCB,0.14,0.76,0.0,0.04,0.04,0.0,0.0,0.0,0.02,0.0,0.0,0.0,0.0,0.0,0.0
21,4,2,3,False,0.6258705744740416,0.23961365733648954,4,qUCB,0.4,0.18,0.32,0.0,0.04,0.0,0.0,0.0,0.04,0.0,0.0,0.02,0.0,0.0,0.0
21,5,1,4,False,0.47414252346437064,0.15830947544463747,0,qEHVI,0.5,0.0,0.44,0.0,0.0,0.0,0.0,0.0,0.0,0.0,0.0,0.0,0.0,0.02,0.04
21,5,1,4,False,0.47414252346437064,0.15830947544463747,1,qUCB,0.34,0.56,0.0,0.0,0.02,0.0,0.0,0.0,0.04,0.0,0.0,0.04,0.0,0.0,0.0
21,5,1,4,False,0.47414252346437064,0.15830947544463747,2,qUCB,0.7000000000000001,0.2,0.0,0.04,0.0,0.0,0.0,0.0,0.02,0.0,0.0,0.04,0.0,0.0,0.0
21,5,1,4,False,0.47414252346437064,0.15830947544463747,3,qUCB,0.2,0.7000000000000001,0.0,0.04,0.02,0.0,0.0,0.0,0.0,0.0,0.0,0.04,0.0,0.0,0.0
21,5,1,4,False,0.47414252346437064,0.15830947544463747,4,qUCB,0.48,0.44,0.0,0.0,0.04,0.0,0.0,0.0,0.0,0.0,0.0,0.04,0.0,0.0,0.0
21,6,0,5,False,0.219383265191409,0.460194485271074,0,qUCB,0.46,0.42,0.02,0.0,0.0,0.0,0.0,0.0,0.0,0.0,0.0,0.04,0.0,0.02,0.04
21,6,0,5,False,0.219383265191409,0.460194485271074,1,qUCB,0.54,0.0,0.38,0.02,0.0,0.0,0.0,0.0,0.02,0.0,0.0,0.0,0.0,0.0,0.04
21,6,0,5,False,0.219383265191409,0.460194485271074,2,qUCB,0.84,0.0,0.06,0.02,0.0,0.0,0.0,0.0,0.0,0.0,0.0,0.04,0.0,0.0,0.04
21,6,0,5,False,0.219383265191409,0.460194485271074,3,qUCB,0.9400000000000001,0.0,0.0,0.04,0.0,0.0,0.0,0.0,0.0,0.0,0.0,0.02,0.0,0.0,0.0
21,6,0,5,False,0.219383265191409,0.460194485271074,4,qUCB,0.48,0.24,0.18,0.02,0.0,0.0,0.0,0.0,0.0,0.0,0.0,0.04,0.0,0.0,0.04
22,1,5,0,False,1.0226947024358948,0.339833573461936,0,qEHVI,0.52,0.02,0.42,0.0,0.02,0.0,0.0,0.0,0.0,0.0,0.0,0.02,0.0,0.0,0.0
22,1,5,0,False,1.0226947024358948,0.339833573461936,1,qEHVI,0.02,0.34,0.56,0.04,0.0,0.0,0.0,0.0,0.0,0.0,0.0,0.0,0.0,0.0,0.04
22,1,5,0,False,1.0226947024358948,0.339833573461936,2,qEHVI,0.38,0.22,0.3,0.0,0.0,0.0,0.0,0.0,0.04,0.0,0.0,0.0,0.0,0.02,0.04
22,1,5,0,False,1.0226947024358948,0.339833573461936,3,qEHVI,0.54,0.0,0.44,0.02,0.0,0.0,0.0,0.0,0.0,0.0,0.0,0.0,0.0,0.0,0.0
22,1,5,0,False,1.0226947024358948,0.339833573461936,4,qEHVI,0.0,0.16,0.74,0.04,0.0,0.0,0.0,0.0,0.02,0.0,0.0,0.04,0.0,0.0,0.0
22,2,4,1,False,0.9691221818767105,0.22420974285462592,0,qEHVI,0.52,0.02,0.42,0.0,0.02,0.0,0.0,0.0,0.0,0.0,0.0,0.02,0.0,0.0,0.0
22,2,4,1,False,0.9691221818767105,0.22420974285462592,1,qEHVI,0.02,0.34,0.56,0.04,0.0,0.0,0.0,0.0,0.0,0.0,0.0,0.0,0.0,0.0,0.04
22,2,4,1,False,0.9691221818767105,0.22420974285462592,2,qEHVI,0.38,0.22,0.3,0.0,0.0,0.0,0.0,0.0,0.04,0.0,0.0,0.0,0.0,0.02,0.04
22,2,4,1,False,0.9691221818767105,0.22420974285462592,3,qEHVI,0.54,0.0,0.44,0.02,0.0,0.0,0.0,0.0,0.0,0.0,0.0,0.0,0.0,0.0,0.0
22,2,4,1,False,0.9691221818767105,0.22420974285462592,4,qUCB,0.5,0.38,0.02,0.0,0.0,0.0,0.0,0.0,0.0,0.0,0.0,0.04,0.0,0.02,0.04
22,3,3,2,True,0.8467824251553262,0.2846954159266426,0,qEHVI,0.52,0.02,0.42,0.0,0.02,0.0,0.0,0.0,0.0,0.0,0.0,0.02,0.0,0.0,0.0
22,3,3,2,True,0.8467824251553262,0.2846954159266426,1,qEHVI,0.02,0.34,0.56,0.04,0.0,0.0,0.0,0.0,0.0,0.0,0.0,0.0,0.0,0.0,0.04
22,3,3,2,True,0.8467824251553262,0.2846954159266426,2,qEHVI,0.38,0.22,0.3,0.0,0.0,0.0,0.0,0.0,0.04,0.0,0.0,0.0,0.0,0.02,0.04
22,3,3,2,True,0.8467824251553262,0.2846954159266426,3,qUCB,0.5,0.38,0.02,0.0,0.0,0.0,0.0,0.0,0.0,0.0,0.0,0.04,0.0,0.02,0.04
22,3,3,2,True,0.8467824251553262,0.2846954159266426,4,qUCB,0.4,0.44,0.06,0.0,0.0,0.0,0.0,0.0,0.0,0.0,0.0,0.04,0.0,0.04,0.02
22,4,2,3,False,0.6176900263781662,0.2894335910326786,0,qEHVI,0.52,0.02,0.42,0.0,0.02,0.0,0.0,0.0,0.0,0.0,0.0,0.02,0.0,0.0,0.0
22,4,2,3,False,0.6176900263781662,0.2894335910326786,1,qEHVI,0.02,0.34,0.56,0.04,0.0,0.0,0.0,0.0,0.0,0.0,0.0,0.0,0.0,0.0,0.04
22,4,2,3,False,0.6176900263781662,0.2894335910326786,2,qUCB,0.52,0.0,0.38,0.0,0.0,0.0,0.0,0.0,0.04,0.0,0.0,0.0,0.0,0.04,0.02
22,4,2,3,False,0.6176900263781662,0.2894335910326786,3,qUCB,0.0,0.7000000000000001,0.2,0.0,0.02,0.0,0.0,0.0,0.04,0.0,0.0,0.0,0.0,0.04,0.0
22,4,2,3,False,0.6176900263781662,0.2894335910326786,4,qUCB,0.44,0.04,0.42,0.02,0.0,0.0,0.0,0.0,0.04,0.0,0.0,0.0,0.0,0.04,0.0
22,5,1,4,False,0.5423357928814123,0.29378312706215315,0,qEHVI,0.52,0.02,0.42,0.0,0.02,0.0,0.0,0.0,0.0,0.0,0.0,0.02,0.0,0.0,0.0
22,5,1,4,False,0.5423357928814123,0.29378312706215315,1,qUCB,0.52,0.0,0.38,0.0,0.0,0.0,0.0,0.0,0.04,0.0,0.0,0.0,0.0,0.04,0.02
22,5,1,4,False,0.5423357928814123,0.29378312706215315,2,qUCB,0.46,0.14,0.3,0.02,0.0,0.0,0.0,0.0,0.04,0.0,0.0,0.0,0.0,0.0,0.04
22,5,1,4,False,0.5423357928814123,0.29378312706215315,3,qUCB,0.0,0.7000000000000001,0.2,0.0,0.02,0.0,0.0,0.0,0.04,0.0,0.0,0.0,0.0,0.04,0.0
22,5,1,4,False,0.5423357928814123,0.29378312706215315,4,qUCB,0.88,0.02,0.0,0.04,0.0,0.0,0.0,0.0,0.0,0.0,0.0,0.0,0.0,0.02,0.04
22,6,0,5,False,0.3724827357685406,0.2172413385104548,0,qUCB,0.5,0.38,0.02,0.0,0.0,0.0,0.0,0.0,0.0,0.0,0.0,0.04,0.0,0.02,0.04
22,6,0,5,False,0.3724827357685406,0.2172413385104548,1,qUCB,0.56,0.0,0.38,0.02,0.0,0.0,0.0,0.0,0.0,0.0,0.0,0.0,0.0,0.0,0.04
22,6,0,5,False,0.3724827357685406,0.2172413385104548,2,qUCB,0.54,0.28,0.1,0.04,0.0,0.0,0.0,0.0,0.0,0.0,0.0,0.04,0.0,0.0,0.0
22,6,0,5,False,0.3724827357685406,0.2172413385104548,3,qUCB,0.76,0.0,0.14,0.02,0.0,0.0,0.0,0.0,0.0,0.0,0.0,0.04,0.0,0.0,0.04
22,6,0,5,False,0.3724827357685406,0.2172413385104548,4,qUCB,0.52,0.28,0.1,0.0,0.0,0.0,0.0,0.0,0.0,0.0,0.0,0.04,0.0,0.02,0.04
23,1,5,0,False,1.0681654105329803,0.04997187027379457,0,qEHVI,0.54,0.0,0.44,0.0,0.0,0.0,0.0,0.0,0.0,0.0,0.0,0.0,0.0,0.0,0.02
23,1,5,0,False,1.0681654105329803,0.04997187027379457,1,qEHVI,0.5,0.06,0.34,0.02,0.04,0.0,0.0,0.0,0.0,0.0,0.0,0.0,0.0,0.0,0.04
23,1,5,0,False,1.0681654105329803,0.04997187027379457,2,qEHVI,0.54,0.3,0.06,0.0,0.0,0.0,0.0,0.0,0.0,0.0,0.0,0.04,0.0,0.02,0.04
23,1,5,0,False,1.0681654105329803,0.04997187027379457,3,qEHVI,0.0,0.22,0.68,0.04,0.02,0.0,0.0,0.0,0.0,0.0,0.0,0.04,0.0,0.0,0.0
23,1,5,0,False,1.0681654105329803,0.04997187027379457,4,qEHVI,0.5,0.0,0.42,0.0,0.02,0.0,0.0,0.0,0.0,0.0,0.0,0.02,0.0,0.0,0.04
23,2,4,1,False,0.9867349005599425,0.20260600869459644,0,qEHVI,0.54,0.0,0.44,0.0,0.0,0.0,0.0,0.0,0.0,0.0,0.0,0.0,0.0,0.0,0.02
23,2,4,1,False,0.9867349005599425,0.20260600869459644,1,qEHVI,0.5,0.06,0.34,0.02,0.04,0.0,0.0,0.0,0.0,0.0,0.0,0.0,0.0,0.0,0.04
23,2,4,1,False,0.9867349005599425,0.20260600869459644,2,qEHVI,0.54,0.3,0.06,0.0,0.0,0.0,0.0,0.0,0.0,0.0,0.0,0.04,0.0,0.02,0.04
23,2,4,1,False,0.9867349005599425,0.20260600869459644,3,qEHVI,0.0,0.22,0.68,0.04,0.02,0.0,0.0,0.0,0.0,0.0,0.0,0.04,0.0,0.0,0.0
23,2,4,1,False,0.9867349005599425,0.20260600869459644,4,qUCB,0.48,0.42,0.0,0.0,0.02,0.0,0.0,0.0,0.04,0.0,0.0,0.04,0.0,0.0,0.0
23,3,3,2,True,0.8365691921191849,0.28758166909433136,0,qEHVI,0.54,0.0,0.44,0.0,0.0,0.0,0.0,0.0,0.0,0.0,0.0,0.0,0.0,0.0,0.02
23,3,3,2,True,0.8365691921191849,0.28758166909433136,1,qEHVI,0.38,0.2,0.32,0.0,0.04,0.0,0.0,0.0,0.0,0.0,0.0,0.0,0.0,0.02,0.04
23,3,3,2,True,0.8365691921191849,0.28758166909433136,2,qEHVI,0.54,0.3,0.06,0.0,0.0,0.0,0.0,0.0,0.0,0.0,0.0,0.04,0.0,0.02,0.04
23,3,3,2,True,0.8365691921191849,0.28758166909433136,3,qUCB,0.46,0.34,0.1,0.02,0.0,0.0,0.0,0.0,0.04,0.0,0.0,0.04,0.0,0.0,0.0
23,3,3,2,True,0.8365691921191849,0.28758166909433136,4,qUCB,0.02,0.7000000000000001,0.2,0.0,0.0,0.0,0.0,0.0,0.04,0.0,0.0,0.0,0.0,0.04,0.0
23,4,2,3,False,0.6591795494972562,0.16043914324385433,0,qEHVI,0.54,0.0,0.44,0.0,0.0,0.0,0.0,0.0,0.0,0.0,0.0,0.0,0.0,0.0,0.02
23,4,2,3,False,0.6591795494972562,0.16043914324385433,1,qEHVI,0.38,0.2,0.32,0.0,0.04,0.0,0.0,0.0,0.0,0.0,0.0,0.0,0.0,0.02,0.04
23,4,2,3,False,0.6591795494972562,0.16043914324385433,2,qUCB,0.48,0.42,0.0,0.0,0.02,0.0,0.0,0.0,0.04,0.0,0.0,0.04,0.0,0.0,0.0
23,4,2,3,False,0.6591795494972562,0.16043914324385433,3,qUCB,0.42,0.4,0.08,0.0,0.0,0.0,0.0,0.0,0.04,0.0,0.0,0.04,0.0,0.02,0.0
23,4,2,3,False,0.6591795494972562,0.16043914324385433,4,qUCB,0.02,0.7000000000000001,0.2,0.0,0.0,0.0,0.0,0.0,0.04,0.0,0.0,0.0,0.0,0.04,0.0
23,5,1,4,False,0.5526207627232639,0.04811181962448785,0,qEHVI,0.54,0.0,0.44,0.0,0.0,0.0,0.0,0.0,0.0,0.0,0.0,0.0,0.0,0.0,0.02
23,5,1,4,False,0.5526207627232639,0.04811181962448785,1,qUCB,0.38,0.46,0.06,0.0,0.02,0.0,0.0,0.0,0.0,0.0,0.0,0.04,0.0,0.04,0.0
23,5,1,4,False,0.5526207627232639,0.04811181962448785,2,qUCB,0.48,0.42,0.0,0.0,0.02,0.0,0.0,0.0,0.04,0.0,0.0,0.04,0.0,0.0,0.0
23,5,1,4,False,0.5526207627232639,0.04811181962448785,3,qUCB,0.46,0.34,0.1,0.02,0.0,0.0,0.0,0.0,0.04,0.0,0.0,0.04,0.0,0.0,0.0
23,5,1,4,False,0.5526207627232639,0.04811181962448785,4,qUCB,0.3,0.52,0.08,0.04,0.02,0.0,0.0,0.0,0.0,0.0,0.0,0.04,0.0,0.0,0.0
23,6,0,5,False,0.49599553888051073,0.7376055218105559,0,qUCB,0.48,0.36,0.06,0.0,0.0,0.0,0.0,0.0,0.02,0.0,0.0,0.04,0.0,0.0,0.04
23,6,0,5,False,0.49599553888051073,0.7376055218105559,1,qUCB,0.8200000000000001,0.0,0.08,0.02,0.0,0.0,0.0,0.0,0.0,0.0,0.0,0.04,0.0,0.0,0.04
23,6,0,5,False,0.49599553888051073,0.7376055218105559,2,qUCB,0.52,0.02,0.36,0.02,0.02,0.0,0.0,0.0,0.02,0.0,0.0,0.0,0.0,0.0,0.04
23,6,0,5,False,0.49599553888051073,0.7376055218105559,3,qUCB,0.44,0.36,0.1,0.02,0.0,0.0,0.0,0.0,0.0,0.0,0.0,0.04,0.0,0.0,0.04
23,6,0,5,False,0.49599553888051073,0.7376055218105559,4,qUCB,0.34,0.56,0.0,0.0,0.0,0.0,0.0,0.0,0.0,0.0,0.0,0.04,0.0,0.02,0.04
24,1,5,0,False,2.187536134510313,0.35761621526027804,0,qEHVI,0.54,0.0,0.36,0.02,0.0,0.0,0.0,0.0,0.02,0.0,0.0,0.02,0.0,0.0,0.04
24,1,5,0,False,2.187536134510313,0.35761621526027804,1,qEHVI,0.28,0.3,0.32,0.0,0.0,0.0,0.0,0.0,0.02,0.0,0.0,0.02,0.0,0.02,0.04
24,1,5,0,False,2.187536134510313,0.35761621526027804,2,qEHVI,0.5,0.06,0.36,0.0,0.04,0.0,0.0,0.0,0.0,0.0,0.0,0.0,0.0,0.0,0.04
24,1,5,0,False,2.187536134510313,0.35761621526027804,3,qEHVI,0.6,0.3,0.06,0.0,0.0,0.0,0.0,0.0,0.0,0.0,0.0,0.0,0.0,0.04,0.0
24,1,5,0,False,2.187536134510313,0.35761621526027804,4,qEHVI,0.52,0.0,0.38,0.04,0.04,0.0,0.0,0.0,0.0,0.0,0.0,0.0,0.0,0.02,0.0
24,2,4,1,False,1.925821083872206,0.34491113128343276,0,qEHVI,0.54,0.0,0.36,0.02,0.0,0.0,0.0,0.0,0.02,0.0,0.0,0.02,0.0,0.0,0.04
24,2,4,1,False,1.925821083872206,0.34491113128343276,1,qEHVI,0.28,0.3,0.32,0.0,0.0,0.0,0.0,0.0,0.02,0.0,0.0,0.02,0.0,0.02,0.04
24,2,4,1,False,1.925821083872206,0.34491113128343276,2,qEHVI,0.5,0.06,0.36,0.0,0.04,0.0,0.0,0.0,0.0,0.0,0.0,0.0,0.0,0.0,0.04
24,2,4,1,False,1.925821083872206,0.34491113128343276,3,qEHVI,0.6,0.3,0.06,0.0,0.0,0.0,0.0,0.0,0.0,0.0,0.0,0.0,0.0,0.04,0.0
24,2,4,1,False,1.925821083872206,0.34491113128343276,4,qUCB,0.36,0.52,0.02,0.0,0.04,0.0,0.0,0.0,0.02,0.0,0.0,0.04,0.0,0.0,0.0
24,3,3,2,True,1.8252184594434229,0.12242749676302411,0,qEHVI,0.54,0.0,0.36,0.02,0.0,0.0,0.0,0.0,0.02,0.0,0.0,0.02,0.0,0.0,0.04
24,3,3,2,True,1.8252184594434229,0.12242749676302411,1,qEHVI,0.28,0.3,0.32,0.0,0.0,0.0,0.0,0.0,0.02,0.0,0.0,0.02,0.0,0.02,0.04
24,3,3,2,True,1.8252184594434229,0.12242749676302411,2,qEHVI,0.5,0.06,0.36,0.0,0.04,0.0,0.0,0.0,0.0,0.0,0.0,0.0,0.0,0.0,0.04
24,3,3,2,True,1.8252184594434229,0.12242749676302411,3,qUCB,0.48,0.32,0.1,0.04,0.02,0.0,0.0,0.0,0.0,0.0,0.0,0.0,0.0,0.04,0.0
24,3,3,2,True,1.8252184594434229,0.12242749676302411,4,qUCB,0.54,0.0,0.36,0.04,0.0,0.0,0.0,0.0,0.0,0.0,0.0,0.02,0.0,0.04,0.0
24,4,2,3,False,1.570089334998341,0.21283571676062785,0,qEHVI,0.54,0.0,0.36,0.02,0.0,0.0,0.0,0.0,0.02,0.0,0.0,0.02,0.0,0.0,0.04
24,4,2,3,False,1.570089334998341,0.21283571676062785,1,qEHVI,0.28,0.3,0.32,0.0,0.0,0.0,0.0,0.0,0.02,0.0,0.0,0.02,0.0,0.02,0.04
24,4,2,3,False,1.570089334998341,0.21283571676062785,2,qUCB,0.52,0.0,0.38,0.04,0.04,0.0,0.0,0.0,0.0,0.0,0.0,0.0,0.0,0.02,0.0
24,4,2,3,False,1.570089334998341,0.21283571676062785,3,qUCB,0.48,0.32,0.1,0.04,0.02,0.0,0.0,0.0,0.0,0.0,0.0,0.0,0.0,0.04,0.0
24,4,2,3,False,1.570089334998341,0.21283571676062785,4,qUCB,0.0,0.74,0.16,0.04,0.04,0.0,0.0,0.0,0.02,0.0,0.0,0.0,0.0,0.0,0.0
24,5,1,4,False,1.4829444688019915,0.36387434184234024,0,qEHVI,0.54,0.0,0.36,0.02,0.0,0.0,0.0,0.0,0.02,0.0,0.0,0.02,0.0,0.0,0.04
24,5,1,4,False,1.4829444688019915,0.36387434184234024,1,qUCB,0.46,0.44,0.02,0.0,0.04,0.0,0.0,0.0,0.0,0.0,0.0,0.0,0.0,0.04,0.0
24,5,1,4,False,1.4829444688019915,0.36387434184234024,2,qUCB,0.08,0.0,0.8200000000000001,0.0,0.04,0.0,0.0,0.0,0.0,0.0,0.0,0.04,0.0,0.02,0.0
24,5,1,4,False,1.4829444688019915,0.36387434184234024,3,qUCB,0.52,0.0,0.38,0.04,0.04,0.0,0.0,0.0,0.0,0.0,0.0,0.0,0.0,0.02,0.0
24,5,1,4,False,1.4829444688019915,0.36387434184234024,4,qUCB,0.0,0.74,0.16,0.04,0.04,0.0,0.0,0.0,0.02,0.0,0.0,0.0,0.0,0.0,0.0
24,6,0,5,False,1.515724162613448,0.16882219046418445,0,qUCB,0.58,0.0,0.38,0.02,0.0,0.0,0.0,0.0,0.0,0.0,0.0,0.0,0.0,0.0,0.02
24,6,0,5,False,1.515724162613448,0.16882219046418445,1,qUCB,0.48,0.06,0.36,0.04,0.0,0.0,0.0,0.0,0.02,0.0,0.0,0.0,0.0,0.0,0.04
24,6,0,5,False,1.515724162613448,0.16882219046418445,2,qUCB,0.12,0.0,0.84,0.0,0.0,0.0,0.0,0.0,0.0,0.0,0.0,0.0,0.0,0.0,0.04
24,6,0,5,False,1.515724162613448,0.16882219046418445,3,qUCB,0.6,0.22,0.08,0.04,0.0,0.0,0.0,0.0,0.0,0.0,0.0,0.0,0.0,0.02,0.04
24,6,0,5,False,1.515724162613448,0.16882219046418445,4,qUCB,0.52,0.0,0.38,0.04,0.04,0.0,0.0,0.0,0.0,0.0,0.0,0.0,0.0,0.02,0.0
25,1,5,0,False,11.127865604611223,0.6483399926487241,0,qEHVI,0.78,0.04,0.08,0.02,0.0,0.0,0.0,0.0,0.0,0.0,0.0,0.04,0.0,0.0,0.04
25,1,5,0,False,11.127865604611223,0.6483399926487241,1,qEHVI,0.38,0.16,0.36,0.0,0.02,0.0,0.0,0.0,0.0,0.0,0.0,0.04,0.0,0.0,0.04
25,1,5,0,False,11.127865604611223,0.6483399926487241,2,qEHVI,0.4,0.18,0.32,0.02,0.0,0.0,0.0,0.0,0.0,0.0,0.0,0.04,0.0,0.04,0.0
25,1,5,0,False,11.127865604611223,0.6483399926487241,3,qEHVI,0.38,0.22,0.3,0.04,0.0,0.0,0.0,0.0,0.04,0.0,0.0,0.02,0.0,0.0,0.0
25,1,5,0,False,11.127865604611223,0.6483399926487241,4,qEHVI,0.48,0.0,0.42,0.04,0.0,0.0,0.0,0.0,0.0,0.0,0.0,0.04,0.0,0.0,0.02
25,2,4,1,False,10.288235016751399,0.45316889482565337,0,qEHVI,0.78,0.04,0.08,0.02,0.0,0.0,0.0,0.0,0.0,0.0,0.0,0.04,0.0,0.0,0.04
25,2,4,1,False,10.288235016751399,0.45316889482565337,1,qEHVI,0.38,0.16,0.36,0.0,0.02,0.0,0.0,0.0,0.0,0.0,0.0,0.04,0.0,0.0,0.04
25,2,4,1,False,10.288235016751399,0.45316889482565337,2,qEHVI,0.4,0.18,0.32,0.02,0.0,0.0,0.0,0.0,0.0,0.0,0.0,0.04,0.0,0.04,0.0
25,2,4,1,False,10.288235016751399,0.45316889482565337,3,qEHVI,0.46,0.02,0.42,0.04,0.0,0.0,0.0,0.0,0.0,0.0,0.0,0.0,0.0,0.02,0.04
25,2,4,1,False,10.288235016751399,0.45316889482565337,4,qUCB,0.8200000000000001,0.04,0.04,0.04,0.0,0.0,0.0,0.0,0.04,0.0,0.0,0.02,0.0,0.0,0.0
25,3,3,2,True,10.598562507700386,0.32305626922496344,0,qEHVI,0.78,0.04,0.08,0.02,0.0,0.0,0.0,0.0,0.0,0.0,0.0,0.04,0.0,0.0,0.04
25,3,3,2,True,10.598562507700386,0.32305626922496344,1,qEHVI,0.38,0.16,0.36,0.0,0.02,0.0,0.0,0.0,0.0,0.0,0.0,0.04,0.0,0.0,0.04
25,3,3,2,True,10.598562507700386,0.32305626922496344,2,qEHVI,0.4,0.18,0.32,0.02,0.0,0.0,0.0,0.0,0.0,0.0,0.0,0.04,0.0,0.04,0.0
25,3,3,2,True,10.598562507700386,0.32305626922496344,3,qUCB,0.36,0.26,0.3,0.04,0.04,0.0,0.0,0.0,0.0,0.0,0.0,0.0,0.0,0.0,0.0
25,3,3,2,True,10.598562507700386,0.32305626922496344,4,qUCB,0.0,0.86,0.08,0.0,0.0,0.0,0.0,0.0,0.04,0.0,0.0,0.0,0.0,0.0,0.02
25,4,2,3,False,10.018228508800519,0.1634269777287347,0,qEHVI,0.78,0.04,0.08,0.02,0.0,0.0,0.0,0.0,0.0,0.0,0.0,0.04,0.0,0.0,0.04
25,4,2,3,False,10.018228508800519,0.1634269777287347,1,qEHVI,0.38,0.16,0.36,0.0,0.02,0.0,0.0,0.0,0.0,0.0,0.0,0.04,0.0,0.0,0.04
25,4,2,3,False,10.018228508800519,0.1634269777287347,2,qUCB,0.36,0.24,0.3,0.04,0.0,0.0,0.0,0.0,0.04,0.0,0.0,0.0,0.0,0.02,0.0
25,4,2,3,False,10.018228508800519,0.1634269777287347,3,qUCB,0.84,0.0,0.06,0.04,0.0,0.0,0.0,0.0,0.0,0.0,0.0,0.02,0.0,0.04,0.0
25,4,2,3,False,10.018228508800519,0.1634269777287347,4,qUCB,0.02,0.1,0.8200000000000001,0.0,0.02,0.0,0.0,0.0,0.0,0.0,0.0,0.0,0.0,0.04,0.0
25,5,1,4,False,7.976681809848922,0.14181061087071,0,qEHVI,0.78,0.04,0.08,0.02,0.0,0.0,0.0,0.0,0.0,0.0,0.0,0.04,0.0,0.0,0.04
25,5,1,4,False,7.976681809848922,0.14181061087071,1,qUCB,0.0,0.86,0.06,0.0,0.04,0.0,0.0,0.0,0.0,0.0,0.0,0.0,0.0,0.04,0.0
25,5,1,4,False,7.976681809848922,0.14181061087071,2,qUCB,0.02,0.1,0.8200000000000001,0.0,0.02,0.0,0.0,0.0,0.0,0.0,0.0,0.0,0.0,0.04,0.0
25,5,1,4,False,7.976681809848922,0.14181061087071,3,qUCB,0.36,0.24,0.3,0.04,0.0,0.0,0.0,0.0,0.04,0.0,0.0,0.0,0.0,0.02,0.0
25,5,1,4,False,7.976681809848922,0.14181061087071,4,qUCB,0.0,0.72,0.18,0.04,0.04,0.0,0.0,0.0,0.0,0.0,0.0,0.0,0.0,0.02,0.0
25,6,0,5,False,9.518011012149529,0.592516907867136,0,qUCB,0.78,0.04,0.08,0.02,0.0,0.0,0.0,0.0,0.0,0.0,0.0,0.04,0.0,0.0,0.04
25,6,0,5,False,9.518011012149529,0.592516907867136,1,qUCB,0.12,0.0,0.84,0.0,0.02,0.0,0.0,0.0,0.0,0.0,0.0,0.0,0.0,0.02,0.0
25,6,0,5,False,9.518011012149529,0.592516907867136,2,qUCB,0.38,0.22,0.3,0.04,0.0,0.0,0.0,0.0,0.04,0.0,0.0,0.02,0.0,0.0,0.0
25,6,0,5,False,9.518011012149529,0.592516907867136,3,qUCB,0.0,0.1,0.8200000000000001,0.0,0.0,0.0,0.0,0.0,0.02,0.0,0.0,0.04,0.0,0.02,0.0
25,6,0,5,False,9.518011012149529,0.592516907867136,4,qUCB,0.0,0.8,0.1,0.0,0.04,0.0,0.0,0.0,0.02,0.0,0.0,0.04,0.0,0.0,0.0
26,1,5,0,False,1.8781988293456038,0.18312451278325953,0,qEHVI,0.42,0.18,0.32,0.04,0.0,0.0,0.0,0.0,0.0,0.0,0.0,0.0,0.0,0.0,0.04
26,1,5,0,False,1.8781988293456038,0.18312451278325953,1,qEHVI,0.32,0.32,0.3,0.02,0.0,0.0,0.0,0.0,0.0,0.0,0.0,0.04,0.0,0.0,0.0
26,1,5,0,False,1.8781988293456038,0.18312451278325953,2,qEHVI,0.0,0.6,0.34,0.0,0.0,0.0,0.0,0.0,0.02,0.0,0.0,0.0,0.0,0.0,0.04
26,1,5,0,False,1.8781988293456038,0.18312451278325953,3,qEHVI,0.42,0.16,0.32,0.02,0.0,0.0,0.0,0.0,0.0,0.0,0.0,0.04,0.0,0.0,0.04
26,1,5,0,False,1.8781988293456038,0.18312451278325953,4,qEHVI,0.48,0.06,0.36,0.02,0.02,0.0,0.0,0.0,0.0,0.0,0.0,0.0,0.0,0.02,0.04
26,2,4,1,False,1.6510837173770607,0.23119885491307102,0,qEHVI,0.42,0.18,0.32,0.04,0.0,0.0,0.0,0.0,0.0,0.0,0.0,0.0,0.0,0.0,0.04
26,2,4,1,False,1.6510837173770607,0.23119885491307102,1,qEHVI,0.32,0.32,0.3,0.02,0.0,0.0,0.0,0.0,0.0,0.0,0.0,0.04,0.0,0.0,0.0
26,2,4,1,False,1.6510837173770607,0.23119885491307102,2,qEHVI,0.0,0.6,0.34,0.0,0.0,0.0,0.0,0.0,0.02,0.0,0.0,0.0,0.0,0.0,0.04
26,2,4,1,False,1.6510837173770607,0.23119885491307102,3,qEHVI,0.48,0.06,0.36,0.02,0.02,0.0,0.0,0.0,0.0,0.0,0.0,0.0,0.0,0.02,0.04
26,2,4,1,False,1.6510837173770607,0.23119885491307102,4,qUCB,0.44,0.12,0.36,0.0,0.04,0.0,0.0,0.0,0.04,0.0,0.0,0.0,0.0,0.0,0.0
26,3,3,2,True,1.5279929173412898,0.13381946647043197,0,qEHVI,0.42,0.18,0.32,0.04,0.0,0.0,0.0,0.0,0.0,0.0,0.0,0.0,0.0,0.0,0.04
26,3,3,2,True,1.5279929173412898,0.13381946647043197,1,qEHVI,0.32,0.32,0.3,0.02,0.0,0.0,0.0,0.0,0.0,0.0,0.0,0.04,0.0,0.0,0.0
26,3,3,2,True,1.5279929173412898,0.13381946647043197,2,qEHVI,0.0,0.6,0.34,0.0,0.0,0.0,0.0,0.0,0.02,0.0,0.0,0.0,0.0,0.0,0.04
26,3,3,2,True,1.5279929173412898,0.13381946647043197,3,qUCB,0.48,0.02,0.4,0.0,0.04,0.0,0.0,0.0,0.0,0.0,0.0,0.0,0.0,0.04,0.02
26,3,3,2,True,1.5279929173412898,0.13381946647043197,4,qUCB,0.1,0.04,0.8200000000000001,0.0,0.04,0.0,0.0,0.0,0.0,0.0,0.0,0.0,0.0,0.0,0.0
26,4,2,3,False,1.2571432930926956,0.5606002059044037,0,qEHVI,0.42,0.18,0.32,0.04,0.0,0.0,0.0,0.0,0.0,0.0,0.0,0.0,0.0,0.0,0.04
26,4,2,3,False,1.2571432930926956,0.5606002059044037,1,qEHVI,0.32,0.32,0.3,0.02,0.0,0.0,0.0,0.0,0.0,0.0,0.0,0.04,0.0,0.0,0.0
26,4,2,3,False,1.2571432930926956,0.5606002059044037,2,qUCB,0.44,0.12,0.36,0.0,0.04,0.0,0.0,0.0,0.04,0.0,0.0,0.0,0.0,0.0,0.0
26,4,2,3,False,1.2571432930926956,0.5606002059044037,3,qUCB,0.04,0.06,0.8200000000000001,0.0,0.02,0.0,0.0,0.0,0.04,0.0,0.0,0.0,0.0,0.02,0.0
26,4,2,3,False,1.2571432930926956,0.5606002059044037,4,qUCB,0.2,0.64,0.06,0.0,0.02,0.0,0.0,0.0,0.04,0.0,0.0,0.0,0.0,0.04,0.0
26,5,1,4,False,1.1041908144261043,0.05253122950965583,0,qEHVI,0.42,0.18,0.32,0.04,0.0,0.0,0.0,0.0,0.0,0.0,0.0,0.0,0.0,0.0,0.04
26,5,1,4,False,1.1041908144261043,0.05253122950965583,1,qUCB,0.36,0.46,0.08,0.0,0.0,0.0,0.0,0.0,0.04,0.0,0.0,0.04,0.0,0.02,0.0
26,5,1,4,False,1.1041908144261043,0.05253122950965583,2,qUCB,0.02,0.04,0.84,0.0,0.04,0.0,0.0,0.0,0.0,0.0,0.0,0.04,0.0,0.02,0.0
26,5,1,4,False,1.1041908144261043,0.05253122950965583,3,qUCB,0.0,0.12,0.78,0.0,0.02,0.0,0.0,0.0,0.04,0.0,0.0,0.04,0.0,0.0,0.0
26,5,1,4,False,1.1041908144261043,0.05253122950965583,4,qUCB,0.24,0.62,0.04,0.0,0.02,0.0,0.0,0.0,0.0,0.0,0.0,0.04,0.0,0.04,0.0
26,6,0,5,False,1.1636687153543201,0.014857671374089776,0,qUCB,0.8,0.06,0.04,0.04,0.0,0.0,0.0,0.0,0.02,0.0,0.0,0.04,0.0,0.0,0.0
26,6,0,5,False,1.1636687153543201,0.014857671374089776,1,qUCB,0.16,0.0,0.8200000000000001,0.0,0.0,0.0,0.0,0.0,0.0,0.0,0.0,0.02,0.0,0.0,0.0
26,6,0,5,False,1.1636687153543201,0.014857671374089776,2,qUCB,0.0,0.64,0.3,0.0,0.02,0.0,0.0,0.0,0.0,0.0,0.0,0.0,0.0,0.0,0.04
26,6,0,5,False,1.1636687153543201,0.014857671374089776,3,qUCB,0.24,0.62,0.06,0.0,0.0,0.0,0.0,0.0,0.0,0.0,0.0,0.04,0.0,0.0,0.04
26,6,0,5,False,1.1636687153543201,0.014857671374089776,4,qUCB,0.02,0.08,0.8200000000000001,0.0,0.04,0.0,0.0,0.0,0.0,0.0,0.0,0.0,0.0,0.0,0.04
27,1,5,0,False,1.8434049772041776,0.14176599605022577,0,qEHVI,0.38,0.22,0.3,0.02,0.02,0.0,0.0,0.0,0.0,0.0,0.0,0.02,0.0,0.0,0.04
27,1,5,0,False,1.8434049772041776,0.14176599605022577,1,qEHVI,0.48,0.12,0.3,0.04,0.0,0.0,0.0,0.0,0.0,0.0,0.0,0.04,0.0,0.0,0.02
27,1,5,0,False,1.8434049772041776,0.14176599605022577,2,qEHVI,0.54,0.0,0.38,0.04,0.0,0.0,0.0,0.0,0.0,0.0,0.0,0.0,0.0,0.0,0.04
27,1,5,0,False,1.8434049772041776,0.14176599605022577,3,qEHVI,0.38,0.24,0.32,0.02,0.0,0.0,0.0,0.0,0.0,0.0,0.0,0.0,0.0,0.0,0.04
27,1,5,0,False,1.8434049772041776,0.14176599605022577,4,qEHVI,0.86,0.02,0.02,0.04,0.0,0.0,0.0,0.0,0.0,0.0,0.0,0.04,0.0,0.0,0.02
27,2,4,1,False,1.5874247830227677,0.30167703013177816,0,qEHVI,0.38,0.22,0.3,0.02,0.02,0.0,0.0,0.0,0.0,0.0,0.0,0.02,0.0,0.0,0.04
27,2,4,1,False,1.5874247830227677,0.30167703013177816,1,qEHVI,0.48,0.12,0.3,0.04,0.0,0.0,0.0,0.0,0.0,0.0,0.0,0.04,0.0,0.0,0.02
27,2,4,1,False,1.5874247830227677,0.30167703013177816,2,qEHVI,0.54,0.0,0.38,0.04,0.0,0.0,0.0,0.0,0.0,0.0,0.0,0.0,0.0,0.0,0.04
27,2,4,1,False,1.5874247830227677,0.30167703013177816,3,qEHVI,0.38,0.24,0.32,0.02,0.0,0.0,0.0,0.0,0.0,0.0,0.0,0.0,0.0,0.0,0.04
27,2,4,1,False,1.5874247830227677,0.30167703013177816,4,qUCB,0.46,0.4,0.04,0.0,0.0,0.0,0.0,0.0,0.04,0.0,0.0,0.02,0.0,0.04,0.0
27,3,3,2,True,1.3737429784570359,0.06564323673941463,0,qEHVI,0.38,0.22,0.3,0.02,0.02,0.0,0.0,0.0,0.0,0.0,0.0,0.02,0.0,0.0,0.04
27,3,3,2,True,1.3737429784570359,0.06564323673941463,1,qEHVI,0.48,0.12,0.3,0.04,0.0,0.0,0.0,0.0,0.0,0.0,0.0,0.04,0.0,0.0,0.02
27,3,3,2,True,1.3737429784570359,0.06564323673941463,2,qEHVI,0.54,0.0,0.38,0.04,0.0,0.0,0.0,0.0,0.0,0.0,0.0,0.0,0.0,0.0,0.04
27,3,3,2,True,1.3737429784570359,0.06564323673941463,3,qUCB,0.46,0.06,0.38,0.0,0.0,0.0,0.0,0.0,0.04,0.0,0.0,0.0,0.0,0.04,0.02
27,3,3,2,True,1.3737429784570359,0.06564323673941463,4,qUCB,0.18,0.66,0.06,0.0,0.02,0.0,0.0,0.0,0.04,0.0,0.0,0.0,0.0,0.04,0.0
27,4,2,3,False,1.1268472321933967,0.053326609452754026,0,qEHVI,0.38,0.22,0.3,0.02,0.02,0.0,0.0,0.0,0.0,0.0,0.0,0.02,0.0,0.0,0.04
27,4,2,3,False,1.1268472321933967,0.053326609452754026,1,qEHVI,0.48,0.12,0.3,0.04,0.0,0.0,0.0,0.0,0.0,0.0,0.0,0.04,0.0,0.0,0.02
27,4,2,3,False,1.1268472321933967,0.053326609452754026,2,qUCB,0.46,0.06,0.38,0.0,0.0,0.0,0.0,0.0,0.04,0.0,0.0,0.0,0.0,0.04,0.02
27,4,2,3,False,1.1268472321933967,0.053326609452754026,3,qUCB,0.18,0.66,0.06,0.0,0.02,0.0,0.0,0.0,0.04,0.0,0.0,0.0,0.0,0.04,0.0
27,4,2,3,False,1.1268472321933967,0.053326609452754026,4,qUCB,0.0,0.72,0.18,0.04,0.0,0.0,0.0,0.0,0.02,0.0,0.0,0.0,0.0,0.04,0.0
27,5,1,4,False,0.8943159433721853,0.35074759347820716,0,qEHVI,0.38,0.22,0.3,0.02,0.02,0.0,0.0,0.0,0.0,0.0,0.0,0.02,0.0,0.0,0.04
27,5,1,4,False,0.8943159433721853,0.35074759347820716,1,qUCB,0.3,0.54,0.08,0.0,0.0,0.0,0.0,0.0,0.0,0.0,0.0,0.04,0.0,0.04,0.0
27,5,1,4,False,0.8943159433721853,0.35074759347820716,2,qUCB,0.0,0.72,0.18,0.04,0.0,0.0,0.0,0.0,0.02,0.0,0.0,0.0,0.0,0.04,0.0
27,5,1,4,False,0.8943159433721853,0.35074759347820716,3,qUCB,0.08,0.32,0.52,0.0,0.0,0.0,0.0,0.0,0.04,0.0,0.0,0.0,0.0,0.04,0.0
27,5,1,4,False,0.8943159433721853,0.35074759347820716,4,qUCB,0.18,0.66,0.06,0.0,0.02,0.0,0.0,0.0,0.04,0.0,0.0,0.0,0.0,0.04,0.0
27,6,0,5,False,0.8668968695934752,0.04503172256104371,0,qUCB,0.42,0.46,0.04,0.0,0.0,0.0,0.0,0.0,0.0,0.0,0.0,0.04,0.0,0.0,0.04
27,6,0,5,False,0.8668968695934752,0.04503172256104371,1,qUCB,0.8200000000000001,0.02,0.06,0.04,0.02,0.0,0.0,0.0,0.0,0.0,0.0,0.0,0.0,0.0,0.04
27,6,0,5,False,0.8668968695934752,0.04503172256104371,2,qUCB,0.0,0.42,0.5,0.0,0.02,0.0,0.0,0.0,0.0,0.0,0.0,0.02,0.0,0.0,0.04
27,6,0,5,False,0.8668968695934752,0.04503172256104371,3,qUCB,0.5,0.0,0.4,0.04,0.0,0.0,0.0,0.0,0.02,0.0,0.0,0.0,0.0,0.0,0.04
27,6,0,5,False,0.8668968695934752,0.04503172256104371,4,qUCB,0.0,0.74,0.16,0.04,0.0,0.0,0.0,0.0,0.0,0.0,0.0,0.02,0.0,0.0,0.04
28,1,5,0,False,1.4739084444203168,0.6892627119690538,0,qEHVI,0.28,0.3,0.32,0.0,0.0,0.0,0.0,0.0,0.0,0.0,0.0,0.04,0.0,0.02,0.04
28,1,5,0,False,1.4739084444203168,0.6892627119690538,1,qEHVI,0.38,0.2,0.32,0.02,0.02,0.0,0.0,0.0,0.0,0.0,0.0,0.0,0.0,0.02,0.04
28,1,5,0,False,1.4739084444203168,0.6892627119690538,2,qEHVI,0.5,0.04,0.36,0.02,0.02,0.0,0.0,0.0,0.0,0.0,0.0,0.02,0.0,0.0,0.04
28,1,5,0,False,1.4739084444203168,0.6892627119690538,3,qEHVI,0.4,0.22,0.3,0.02,0.0,0.0,0.0,0.0,0.0,0.0,0.0,0.02,0.0,0.0,0.04
28,1,5,0,False,1.4739084444203168,0.6892627119690538,4,qEHVI,0.0,0.4,0.5,0.04,0.04,0.0,0.0,0.0,0.0,0.0,0.0,0.0,0.0,0.0,0.02
28,2,4,1,False,1.3758336127846051,0.035970917816452896,0,qEHVI,0.28,0.3,0.32,0.0,0.0,0.0,0.0,0.0,0.0,0.0,0.0,0.04,0.0,0.02,0.04
28,2,4,1,False,1.3758336127846051,0.035970917816452896,1,qEHVI,0.38,0.2,0.32,0.02,0.02,0.0,0.0,0.0,0.0,0.0,0.0,0.0,0.0,0.02,0.04
28,2,4,1,False,1.3758336127846051,0.035970917816452896,2,qEHVI,0.5,0.04,0.36,0.02,0.02,0.0,0.0,0.0,0.0,0.0,0.0,0.02,0.0,0.0,0.04
28,2,4,1,False,1.3758336127846051,0.035970917816452896,3,qEHVI,0.4,0.22,0.3,0.02,0.0,0.0,0.0,0.0,0.0,0.0,0.0,0.02,0.0,0.0,0.04
28,2,4,1,False,1.3758336127846051,0.035970917816452896,4,qUCB,0.84,0.02,0.04,0.04,0.0,0.0,0.0,0.0,0.04,0.0,0.0,0.02,0.0,0.0,0.0
28,3,3,2,True,1.2146399201451519,0.13556250585229074,0,qEHVI,0.28,0.3,0.32,0.0,0.0,0.0,0.0,0.0,0.0,0.0,0.0,0.04,0.0,0.02,0.04
28,3,3,2,True,1.2146399201451519,0.13556250585229074,1,qEHVI,0.38,0.2,0.32,0.02,0.02,0.0,0.0,0.0,0.0,0.0,0.0,0.0,0.0,0.02,0.04
28,3,3,2,True,1.2146399201451519,0.13556250585229074,2,qEHVI,0.5,0.04,0.36,0.02,0.02,0.0,0.0,0.0,0.0,0.0,0.0,0.02,0.0,0.0,0.04
28,3,3,2,True,1.2146399201451519,0.13556250585229074,3,qUCB,0.84,0.02,0.04,0.04,0.0,0.0,0.0,0.0,0.04,0.0,0.0,0.02,0.0,0.0,0.0
28,3,3,2,True,1.2146399201451519,0.13556250585229074,4,qUCB,0.02,0.72,0.16,0.04,0.02,0.0,0.0,0.0,0.04,0.0,0.0,0.0,0.0,0.0,0.0
28,4,2,3,False,1.0142415566925114,0.1998514263618567,0,qEHVI,0.28,0.3,0.32,0.0,0.0,0.0,0.0,0.0,0.0,0.0,0.0,0.04,0.0,0.02,0.04
28,4,2,3,False,1.0142415566925114,0.1998514263618567,1,qEHVI,0.38,0.2,0.32,0.02,0.02,0.0,0.0,0.0,0.0,0.0,0.0,0.0,0.0,0.02,0.04
28,4,2,3,False,1.0142415566925114,0.1998514263618567,2,qUCB,0.84,0.02,0.04,0.04,0.0,0.0,0.0,0.0,0.04,0.0,0.0,0.02,0.0,0.0,0.0
28,4,2,3,False,1.0142415566925114,0.1998514263618567,3,qUCB,0.02,0.72,0.16,0.04,0.02,0.0,0.0,0.0,0.04,0.0,0.0,0.0,0.0,0.0,0.0
28,4,2,3,False,1.0142415566925114,0.1998514263618567,4,qUCB,0.04,0.42,0.5,0.0,0.0,0.0,0.0,0.0,0.04,0.0,0.0,0.0,0.0,0.0,0.0
28,5,1,4,False,0.8056729663977689,0.026294530352169332,0,qEHVI,0.28,0.3,0.32,0.0,0.0,0.0,0.0,0.0,0.0,0.0,0.0,0.04,0.0,0.02,0.04
28,5,1,4,False,0.8056729663977689,0.026294530352169332,1,qUCB,0.84,0.02,0.04,0.04,0.0,0.0,0.0,0.0,0.04,0.0,0.0,0.02,0.0,0.0,0.0
28,5,1,4,False,0.8056729663977689,0.026294530352169332,2,qUCB,0.02,0.72,0.16,0.04,0.02,0.0,0.0,0.0,0.04,0.0,0.0,0.0,0.0,0.0,0.0
28,5,1,4,False,0.8056729663977689,0.026294530352169332,3,qUCB,0.32,0.36,0.22,0.04,0.04,0.0,0.0,0.0,0.02,0.0,0.0,0.0,0.0,0.0,0.0
28,5,1,4,False,0.8056729663977689,0.026294530352169332,4,qUCB,0.48,0.06,0.36,0.04,0.02,0.0,0.0,0.0,0.04,0.0,0.0,0.0,0.0,0.0,0.0
28,6,0,5,False,0.7717336357152637,0.02527364715466973,0,qUCB,0.52,0.0,0.38,0.0,0.0,0.0,0.0,0.0,0.0,0.0,0.0,0.04,0.0,0.02,0.04
28,6,0,5,False,0.7717336357152637,0.02527364715466973,1,qUCB,0.86,0.0,0.04,0.04,0.0,0.0,0.0,0.0,0.02,0.0,0.0,0.02,0.0,0.0,0.02
28,6,0,5,False,0.7717336357152637,0.02527364715466973,2,qUCB,0.0,0.44,0.5,0.0,0.0,0.0,0.0,0.0,0.0,0.0,0.0,0.04,0.0,0.0,0.02
28,6,0,5,False,0.7717336357152637,0.02527364715466973,3,qUCB,0.0,0.78,0.14,0.04,0.0,0.0,0.0,0.0,0.0,0.0,0.0,0.0,0.0,0.02,0.02
28,6,0,5,False,0.7717336357152637,0.02527364715466973,4,qUCB,0.04,0.04,0.8200000000000001,0.04,0.02,0.0,0.0,0.0,0.0,0.0,0.0,0.04,0.0,0.0,0.0
29,1,5,0,False,1.4246194459807588,0.253221621202405,0,qEHVI,0.44,0.16,0.3,0.02,0.0,0.0,0.0,0.0,0.0,0.0,0.0,0.04,0.0,0.0,0.04
29,1,5,0,False,1.4246194459807588,0.253221621202405,1,qEHVI,0.0,0.4,0.5,0.04,0.02,0.0,0.0,0.0,0.0,0.0,0.0,0.0,0.0,0.0,0.04
29,1,5,0,False,1.4246194459807588,0.253221621202405,2,qEHVI,0.42,0.16,0.32,0.04,0.0,0.0,0.0,0.0,0.0,0.0,0.0,0.02,0.0,0.0,0.04
29,1,5,0,False,1.4246194459807588,0.253221621202405,3,qEHVI,0.5,0.04,0.36,0.02,0.02,0.0,0.0,0.0,0.0,0.0,0.0,0.0,0.0,0.04,0.02
29,1,5,0,False,1.4246194459807588,0.253221621202405,4,qEHVI,0.54,0.32,0.04,0.0,0.0,0.0,0.0,0.0,0.0,0.0,0.0,0.04,0.0,0.02,0.04
29,2,4,1,False,1.2530055492971302,0.07585300990763155,0,qEHVI,0.44,0.16,0.3,0.02,0.0,0.0,0.0,0.0,0.0,0.0,0.0,0.04,0.0,0.0,0.04
29,2,4,1,False,1.2530055492971302,0.07585300990763155,1,qEHVI,0.0,0.4,0.5,0.04,0.02,0.0,0.0,0.0,0.0,0.0,0.0,0.0,0.0,0.0,0.04
29,2,4,1,False,1.2530055492971302,0.07585300990763155,2,qEHVI,0.42,0.16,0.32,0.04,0.0,0.0,0.0,0.0,0.0,0.0,0.0,0.02,0.0,0.0,0.04
29,2,4,1,False,1.2530055492971302,0.07585300990763155,3,qEHVI,0.5,0.04,0.36,0.02,0.02,0.0,0.0,0.0,0.0,0.0,0.0,0.0,0.0,0.04,0.02
29,2,4,1,False,1.2530055492971302,0.07585300990763155,4,qUCB,0.44,0.46,0.02,0.0,0.0,0.0,0.0,0.0,0.04,0.0,0.0,0.04,0.0,0.0,0.0
29,3,3,2,True,1.0665889089326923,0.03794762918448402,0,qEHVI,0.44,0.16,0.3,0.02,0.0,0.0,0.0,0.0,0.0,0.0,0.0,0.04,0.0,0.0,0.04
29,3,3,2,True,1.0665889089326923,0.03794762918448402,1,qEHVI,0.0,0.4,0.5,0.04,0.02,0.0,0.0,0.0,0.0,0.0,0.0,0.0,0.0,0.0,0.04
29,3,3,2,True,1.0665889089326923,0.03794762918448402,2,qEHVI,0.42,0.16,0.32,0.04,0.0,0.0,0.0,0.0,0.0,0.0,0.0,0.02,0.0,0.0,0.04
29,3,3,2,True,1.0665889089326923,0.03794762918448402,3,qUCB,0.3,0.26,0.34,0.0,0.02,0.0,0.0,0.0,0.04,0.0,0.0,0.0,0.0,0.04,0.0
29,3,3,2,True,1.0665889089326923,0.03794762918448402,4,qUCB,0.72,0.0,0.18,0.0,0.04,0.0,0.0,0.0,0.04,0.0,0.0,0.0,0.0,0.02,0.0
29,4,2,3,False,0.8588244272870452,0.5341815318339647,0,qEHVI,0.44,0.16,0.3,0.02,0.0,0.0,0.0,0.0,0.0,0.0,0.0,0.04,0.0,0.0,0.04
29,4,2,3,False,0.8588244272870452,0.5341815318339647,1,qEHVI,0.0,0.4,0.5,0.04,0.02,0.0,0.0,0.0,0.0,0.0,0.0,0.0,0.0,0.0,0.04
29,4,2,3,False,0.8588244272870452,0.5341815318339647,2,qUCB,0.5,0.06,0.34,0.02,0.0,0.0,0.0,0.0,0.04,0.0,0.0,0.0,0.0,0.04,0.0
29,4,2,3,False,0.8588244272870452,0.5341815318339647,3,qUCB,0.02,0.42,0.48,0.0,0.0,0.0,0.0,0.0,0.04,0.0,0.0,0.0,0.0,0.04,0.0
29,4,2,3,False,0.8588244272870452,0.5341815318339647,4,qUCB,0.72,0.0,0.18,0.0,0.04,0.0,0.0,0.0,0.04,0.0,0.0,0.0,0.0,0.02,0.0
29,5,1,4,False,0.6814891851542888,0.019488314640777826,0,qEHVI,0.44,0.16,0.3,0.02,0.0,0.0,0.0,0.0,0.0,0.0,0.0,0.04,0.0,0.0,0.04
29,5,1,4,False,0.6814891851542888,0.019488314640777826,1,qUCB,0.3,0.26,0.34,0.0,0.02,0.0,0.0,0.0,0.04,0.0,0.0,0.0,0.0,0.04,0.0
29,5,1,4,False,0.6814891851542888,0.019488314640777826,2,qUCB,0.08,0.32,0.5,0.0,0.04,0.0,0.0,0.0,0.02,0.0,0.0,0.0,0.0,0.04,0.0
29,5,1,4,False,0.6814891851542888,0.019488314640777826,3,qUCB,0.04,0.04,0.8200000000000001,0.04,0.04,0.0,0.0,0.0,0.02,0.0,0.0,0.0,0.0,0.0,0.0
29,5,1,4,False,0.6814891851542888,0.019488314640777826,4,qUCB,0.48,0.06,0.36,0.02,0.04,0.0,0.0,0.0,0.04,0.0,0.0,0.0,0.0,0.0,0.0
29,6,0,5,False,0.5263088835556464,0.09365535466921138,0,qUCB,0.54,0.32,0.04,0.0,0.0,0.0,0.0,0.0,0.0,0.0,0.0,0.04,0.0,0.02,0.04
29,6,0,5,False,0.5263088835556464,0.09365535466921138,1,qUCB,0.04,0.38,0.5,0.0,0.04,0.0,0.0,0.0,0.0,0.0,0.0,0.0,0.0,0.0,0.04
29,6,0,5,False,0.5263088835556464,0.09365535466921138,2,qUCB,0.0,0.46,0.5,0.0,0.0,0.0,0.0,0.0,0.0,0.0,0.0,0.04,0.0,0.0,0.0
29,6,0,5,False,0.5263088835556464,0.09365535466921138,3,qUCB,0.34,0.32,0.24,0.04,0.0,0.0,0.0,0.0,0.0,0.0,0.0,0.02,0.0,0.0,0.04
29,6,0,5,False,0.5263088835556464,0.09365535466921138,4,qUCB,0.84,0.02,0.06,0.04,0.0,0.0,0.0,0.0,0.0,0.0,0.0,0.0,0.0,0.0,0.04
30,1,5,0,False,1.264681409502245,0.20331059000458307,0,qEHVI,0.36,0.24,0.32,0.02,0.02,0.0,0.0,0.0,0.0,0.0,0.0,0.0,0.0,0.0,0.04
30,1,5,0,False,1.264681409502245,0.20331059000458307,1,qEHVI,0.52,0.02,0.36,0.04,0.0,0.0,0.0,0.0,0.02,0.0,0.0,0.0,0.0,0.0,0.04
30,1,5,0,False,1.264681409502245,0.20331059000458307,2,qEHVI,0.38,0.22,0.3,0.04,0.0,0.0,0.0,0.0,0.0,0.0,0.0,0.02,0.0,0.0,0.04
30,1,5,0,False,1.264681409502245,0.20331059000458307,3,qEHVI,0.26,0.34,0.32,0.0,0.0,0.0,0.0,0.0,0.0,0.0,0.0,0.04,0.0,0.0,0.04
30,1,5,0,False,1.264681409502245,0.20331059000458307,4,qEHVI,0.52,0.08,0.3,0.04,0.0,0.0,0.0,0.0,0.0,0.0,0.0,0.0,0.0,0.02,0.04
30,2,4,1,False,1.1643412029866336,0.014817848132110178,0,qEHVI,0.36,0.24,0.32,0.02,0.02,0.0,0.0,0.0,0.0,0.0,0.0,0.0,0.0,0.0,0.04
30,2,4,1,False,1.1643412029866336,0.014817848132110178,1,qEHVI,0.52,0.02,0.36,0.04,0.0,0.0,0.0,0.0,0.02,0.0,0.0,0.0,0.0,0.0,0.04
30,2,4,1,False,1.1643412029866336,0.014817848132110178,2,qEHVI,0.38,0.22,0.3,0.04,0.0,0.0,0.0,0.0,0.0,0.0,0.0,0.02,0.0,0.0,0.04
30,2,4,1,False,1.1643412029866336,0.014817848132110178,3,qEHVI,0.26,0.34,0.32,0.0,0.0,0.0,0.0,0.0,0.0,0.0,0.0,0.04,0.0,0.0,0.04
30,2,4,1,False,1.1643412029866336,0.014817848132110178,4,qUCB,0.52,0.0,0.38,0.0,0.02,0.0,0.0,0.0,0.04,0.0,0.0,0.0,0.0,0.04,0.0
30,3,3,2,True,1.0129198559981718,0.09448981955390945,0,qEHVI,0.36,0.24,0.32,0.02,0.02,0.0,0.0,0.0,0.0,0.0,0.0,0.0,0.0,0.0,0.04
30,3,3,2,True,1.0129198559981718,0.09448981955390945,1,qEHVI,0.52,0.02,0.36,0.04,0.0,0.0,0.0,0.0,0.02,0.0,0.0,0.0,0.0,0.0,0.04
30,3,3,2,True,1.0129198559981718,0.09448981955390945,2,qEHVI,0.38,0.22,0.3,0.04,0.0,0.0,0.0,0.0,0.0,0.0,0.0,0.02,0.0,0.0,0.04
30,3,3,2,True,1.0129198559981718,0.09448981955390945,3,qUCB,0.36,0.5,0.04,0.0,0.0,0.0,0.0,0.0,0.02,0.0,0.0,0.04,0.0,0.04,0.0
30,3,3,2,True,1.0129198559981718,0.09448981955390945,4,qUCB,0.02,0.38,0.5,0.0,0.02,0.0,0.0,0.0,0.04,0.0,0.0,0.0,0.0,0.04,0.0
30,4,2,3,False,0.837415015866827,0.03571692125279835,0,qEHVI,0.36,0.24,0.32,0.02,0.02,0.0,0.0,0.0,0.0,0.0,0.0,0.0,0.0,0.0,0.04
30,4,2,3,False,0.837415015866827,0.03571692125279835,1,qEHVI,0.52,0.02,0.36,0.04,0.0,0.0,0.0,0.0,0.02,0.0,0.0,0.0,0.0,0.0,0.04
30,4,2,3,False,0.837415015866827,0.03571692125279835,2,qUCB,0.54,0.0,0.38,0.0,0.0,0.0,0.0,0.0,0.0,0.0,0.0,0.04,0.0,0.04,0.0
30,4,2,3,False,0.837415015866827,0.03571692125279835,3,qUCB,0.52,0.3,0.08,0.0,0.0,0.0,0.0,0.0,0.02,0.0,0.0,0.04,0.0,0.04,0.0
30,4,2,3,False,0.837415015866827,0.03571692125279835,4,qUCB,0.0,0.8,0.12,0.0,0.0,0.0,0.0,0.0,0.0,0.0,0.0,0.04,0.0,0.04,0.0
30,5,1,4,False,0.5952165424689805,0.2241944252505652,0,qEHVI,0.36,0.24,0.32,0.02,0.02,0.0,0.0,0.0,0.0,0.0,0.0,0.0,0.0,0.0,0.04
30,5,1,4,False,0.5952165424689805,0.2241944252505652,1,qUCB,0.54,0.0,0.38,0.0,0.0,0.0,0.0,0.0,0.0,0.0,0.0,0.04,0.0,0.04,0.0
30,5,1,4,False,0.5952165424689805,0.2241944252505652,2,qUCB,0.64,0.18,0.08,0.0,0.0,0.0,0.0,0.0,0.04,0.0,0.0,0.04,0.0,0.02,0.0
30,5,1,4,False,0.5952165424689805,0.2241944252505652,3,qUCB,0.0,0.8,0.12,0.0,0.0,0.0,0.0,0.0,0.0,0.0,0.0,0.04,0.0,0.04,0.0
30,5,1,4,False,0.5952165424689805,0.2241944252505652,4,qUCB,0.36,0.5,0.04,0.0,0.0,0.0,0.0,0.0,0.02,0.0,0.0,0.04,0.0,0.04,0.0
30,6,0,5,False,0.3534481374249131,0.03957647312989376,0,qUCB,0.66,0.2,0.06,0.0,0.0,0.0,0.0,0.0,0.0,0.0,0.0,0.04,0.0,0.0,0.04
30,6,0,5,False,0.3534481374249131,0.03957647312989376,1,qUCB,0.48,0.22,0.22,0.04,0.0,0.0,0.0,0.0,0.0,0.0,0.0,0.0,0.0,0.0,0.04
30,6,0,5,False,0.3534481374249131,0.03957647312989376,2,qUCB,0.8200000000000001,0.02,0.06,0.04,0.0,0.0,0.0,0.0,0.0,0.0,0.0,0.02,0.0,0.0,0.04
30,6,0,5,False,0.3534481374249131,0.03957647312989376,3,qUCB,0.02,0.06,0.8200000000000001,0.04,0.0,0.0,0.0,0.0,0.0,0.0,0.0,0.04,0.0,0.0,0.02
30,6,0,5,False,0.3534481374249131,0.03957647312989376,4,qUCB,0.0,0.4,0.5,0.0,0.02,0.0,0.0,0.0,0.0,0.0,0.0,0.0,0.0,0.04,0.04
31,1,5,0,False,1.6107734224874237,0.21637694715518663,0,qEHVI,0.4,0.16,0.34,0.04,0.02,0.0,0.0,0.0,0.0,0.0,0.0,0.0,0.0,0.04,0.0
31,1,5,0,False,1.6107734224874237,0.21637694715518663,1,qEHVI,0.34,0.28,0.32,0.04,0.0,0.0,0.0,0.0,0.0,0.0,0.0,0.0,0.0,0.02,0.0
31,1,5,0,False,1.6107734224874237,0.21637694715518663,2,qEHVI,0.66,0.16,0.1,0.0,0.0,0.0,0.0,0.0,0.0,0.0,0.0,0.04,0.0,0.0,0.04
31,1,5,0,False,1.6107734224874237,0.21637694715518663,3,qEHVI,0.4,0.14,0.36,0.04,0.04,0.0,0.0,0.0,0.0,0.0,0.0,0.0,0.0,0.02,0.0
31,1,5,0,False,1.6107734224874237,0.21637694715518663,4,qEHVI,0.66,0.22,0.04,0.0,0.04,0.0,0.0,0.0,0.0,0.0,0.0,0.0,0.0,0.04,0.0
31,2,4,1,False,1.520071130311941,0.35791164440142875,0,qEHVI,0.4,0.16,0.34,0.04,0.02,0.0,0.0,0.0,0.0,0.0,0.0,0.0,0.0,0.04,0.0
31,2,4,1,False,1.520071130311941,0.35791164440142875,1,qEHVI,0.34,0.28,0.32,0.04,0.0,0.0,0.0,0.0,0.0,0.0,0.0,0.0,0.0,0.02,0.0
31,2,4,1,False,1.520071130311941,0.35791164440142875,2,qEHVI,0.66,0.16,0.1,0.0,0.0,0.0,0.0,0.0,0.0,0.0,0.0,0.04,0.0,0.0,0.04
31,2,4,1,False,1.520071130311941,0.35791164440142875,3,qEHVI,0.66,0.22,0.04,0.0,0.04,0.0,0.0,0.0,0.0,0.0,0.0,0.0,0.0,0.04,0.0
31,2,4,1,False,1.520071130311941,0.35791164440142875,4,qUCB,0.66,0.18,0.08,0.0,0.0,0.0,0.0,0.0,0.04,0.0,0.0,0.0,0.0,0.02,0.02
31,3,3,2,True,1.2671909353041233,0.4483506594589164,0,qEHVI,0.4,0.16,0.34,0.04,0.02,0.0,0.0,0.0,0.0,0.0,0.0,0.0,0.0,0.04,0.0
31,3,3,2,True,1.2671909353041233,0.4483506594589164,1,qEHVI,0.34,0.28,0.32,0.04,0.0,0.0,0.0,0.0,0.0,0.0,0.0,0.0,0.0,0.02,0.0
31,3,3,2,True,1.2671909353041233,0.4483506594589164,2,qEHVI,0.66,0.16,0.1,0.0,0.0,0.0,0.0,0.0,0.0,0.0,0.0,0.04,0.0,0.0,0.04
31,3,3,2,True,1.2671909353041233,0.4483506594589164,3,qUCB,0.4,0.5,0.0,0.0,0.04,0.0,0.0,0.0,0.04,0.0,0.0,0.0,0.0,0.0,0.02
31,3,3,2,True,1.2671909353041233,0.4483506594589164,4,qUCB,0.48,0.34,0.08,0.0,0.04,0.0,0.0,0.0,0.04,0.0,0.0,0.0,0.0,0.0,0.02
31,4,2,3,False,1.425895160908629,0.29227166696083184,0,qEHVI,0.4,0.16,0.34,0.04,0.02,0.0,0.0,0.0,0.0,0.0,0.0,0.0,0.0,0.04,0.0
31,4,2,3,False,1.425895160908629,0.29227166696083184,1,qEHVI,0.34,0.28,0.32,0.04,0.0,0.0,0.0,0.0,0.0,0.0,0.0,0.0,0.0,0.02,0.0
31,4,2,3,False,1.425895160908629,0.29227166696083184,2,qUCB,0.66,0.16,0.1,0.0,0.0,0.0,0.0,0.0,0.0,0.0,0.0,0.04,0.0,0.0,0.04
31,4,2,3,False,1.425895160908629,0.29227166696083184,3,qUCB,0.58,0.26,0.06,0.0,0.02,0.0,0.0,0.0,0.04,0.0,0.0,0.0,0.0,0.0,0.04
31,4,2,3,False,1.425895160908629,0.29227166696083184,4,qUCB,0.58,0.22,0.1,0.0,0.02,0.0,0.0,0.0,0.04,0.0,0.0,0.0,0.0,0.0,0.04
31,5,1,4,False,1.0384081377767191,0.19271092489819264,0,qEHVI,0.4,0.16,0.34,0.04,0.02,0.0,0.0,0.0,0.0,0.0,0.0,0.0,0.0,0.04,0.0
31,5,1,4,False,1.0384081377767191,0.19271092489819264,1,qUCB,0.66,0.16,0.1,0.0,0.0,0.0,0.0,0.0,0.0,0.0,0.0,0.04,0.0,0.0,0.04
31,5,1,4,False,1.0384081377767191,0.19271092489819264,2,qUCB,0.68,0.16,0.06,0.0,0.0,0.0,0.0,0.0,0.04,0.0,0.0,0.04,0.0,0.0,0.02
31,5,1,4,False,1.0384081377767191,0.19271092489819264,3,qUCB,0.02,0.14,0.76,0.0,0.0,0.0,0.0,0.0,0.0,0.0,0.0,0.04,0.0,0.0,0.04
31,5,1,4,False,1.0384081377767191,0.19271092489819264,4,qUCB,0.08,0.56,0.26,0.0,0.0,0.0,0.0,0.0,0.02,0.0,0.0,0.04,0.0,0.0,0.04
31,6,0,5,False,1.1020563349206833,0.33764258581890605,0,qUCB,0.66,0.16,0.1,0.0,0.0,0.0,0.0,0.0,0.0,0.0,0.0,0.04,0.0,0.0,0.04
31,6,0,5,False,1.1020563349206833,0.33764258581890605,1,qUCB,0.3,0.26,0.34,0.04,0.02,0.0,0.0,0.0,0.0,0.0,0.0,0.0,0.0,0.0,0.04
31,6,0,5,False,1.1020563349206833,0.33764258581890605,2,qUCB,0.46,0.0,0.44,0.04,0.0,0.0,0.0,0.0,0.02,0.0,0.0,0.0,0.0,0.04,0.0
31,6,0,5,False,1.1020563349206833,0.33764258581890605,3,qUCB,0.62,0.2,0.08,0.0,0.02,0.0,0.0,0.0,0.02,0.0,0.0,0.0,0.0,0.02,0.04
31,6,0,5,False,1.1020563349206833,0.33764258581890605,4,qUCB,0.74,0.0,0.2,0.04,0.0,0.0,0.0,0.0,0.0,0.0,0.0,0.0,0.0,0.0,0.02
32,1,5,0,False,1.1623510556810008,0.13597243907781298,0,qEHVI,0.46,0.08,0.36,0.02,0.02,0.0,0.0,0.0,0.0,0.0,0.0,0.0,0.0,0.02,0.04
32,1,5,0,False,1.1623510556810008,0.13597243907781298,1,qEHVI,0.4,0.18,0.32,0.04,0.0,0.0,0.0,0.0,0.02,0.0,0.0,0.02,0.0,0.02,0.0
32,1,5,0,False,1.1623510556810008,0.13597243907781298,2,qEHVI,0.4,0.22,0.3,0.02,0.0,0.0,0.0,0.0,0.02,0.0,0.0,0.0,0.0,0.0,0.04
32,1,5,0,False,1.1623510556810008,0.13597243907781298,3,qEHVI,0.72,0.14,0.04,0.04,0.0,0.0,0.0,0.0,0.0,0.0,0.0,0.04,0.0,0.0,0.02
32,1,5,0,False,1.1623510556810008,0.13597243907781298,4,qEHVI,0.38,0.24,0.32,0.02,0.0,0.0,0.0,0.0,0.0,0.0,0.0,0.0,0.0,0.0,0.04
32,2,4,1,False,1.0449030055217867,0.3693129986411776,0,qEHVI,0.46,0.08,0.36,0.02,0.02,0.0,0.0,0.0,0.0,0.0,0.0,0.0,0.0,0.02,0.04
32,2,4,1,False,1.0449030055217867,0.3693129986411776,1,qEHVI,0.4,0.18,0.32,0.04,0.0,0.0,0.0,0.0,0.02,0.0,0.0,0.02,0.0,0.02,0.0
32,2,4,1,False,1.0449030055217867,0.3693129986411776,2,qEHVI,0.4,0.22,0.3,0.02,0.0,0.0,0.0,0.0,0.02,0.0,0.0,0.0,0.0,0.0,0.04
32,2,4,1,False,1.0449030055217867,0.3693129986411776,3,qEHVI,0.72,0.14,0.04,0.04,0.0,0.0,0.0,0.0,0.0,0.0,0.0,0.04,0.0,0.0,0.02
32,2,4,1,False,1.0449030055217867,0.3693129986411776,4,qUCB,0.42,0.42,0.06,0.0,0.04,0.0,0.0,0.0,0.02,0.0,0.0,0.04,0.0,0.0,0.0
32,3,3,2,True,0.9410784450740317,0.258719950742087,0,qEHVI,0.46,0.08,0.36,0.02,0.02,0.0,0.0,0.0,0.0,0.0,0.0,0.0,0.0,0.02,0.04
32,3,3,2,True,0.9410784450740317,0.258719950742087,1,qEHVI,0.4,0.18,0.32,0.04,0.0,0.0,0.0,0.0,0.02,0.0,0.0,0.02,0.0,0.02,0.0
32,3,3,2,True,0.9410784450740317,0.258719950742087,2,qEHVI,0.4,0.22,0.3,0.02,0.0,0.0,0.0,0.0,0.02,0.0,0.0,0.0,0.0,0.0,0.04
32,3,3,2,True,0.9410784450740317,0.258719950742087,3,qUCB,0.62,0.26,0.04,0.0,0.04,0.0,0.0,0.0,0.0,0.0,0.0,0.04,0.0,0.0,0.0
32,3,3,2,True,0.9410784450740317,0.258719950742087,4,qUCB,0.02,0.04,0.86,0.0,0.04,0.0,0.0,0.0,0.0,0.0,0.0,0.04,0.0,0.0,0.0
32,4,2,3,False,0.7509428022010578,0.09336518097169222,0,qEHVI,0.46,0.08,0.36,0.02,0.02,0.0,0.0,0.0,0.0,0.0,0.0,0.0,0.0,0.02,0.04
32,4,2,3,False,0.7509428022010578,0.09336518097169222,1,qEHVI,0.4,0.18,0.32,0.04,0.0,0.0,0.0,0.0,0.02,0.0,0.0,0.02,0.0,0.02,0.0
32,4,2,3,False,0.7509428022010578,0.09336518097169222,2,qUCB,0.62,0.26,0.04,0.0,0.04,0.0,0.0,0.0,0.0,0.0,0.0,0.04,0.0,0.0,0.0
32,4,2,3,False,0.7509428022010578,0.09336518097169222,3,qUCB,0.02,0.04,0.86,0.0,0.04,0.0,0.0,0.0,0.0,0.0,0.0,0.04,0.0,0.0,0.0
32,4,2,3,False,0.7509428022010578,0.09336518097169222,4,qUCB,0.48,0.06,0.38,0.0,0.04,0.0,0.0,0.0,0.04,0.0,0.0,0.0,0.0,0.0,0.0
32,5,1,4,False,0.431417755020758,0.08544062777937134,0,qEHVI,0.46,0.08,0.36,0.02,0.02,0.0,0.0,0.0,0.0,0.0,0.0,0.0,0.0,0.02,0.04
32,5,1,4,False,0.431417755020758,0.08544062777937134,1,qUCB,0.44,0.4,0.06,0.0,0.0,0.0,0.0,0.0,0.04,0.0,0.0,0.04,0.0,0.02,0.0
32,5,1,4,False,0.431417755020758,0.08544062777937134,2,qUCB,0.0,0.14,0.78,0.0,0.0,0.0,0.0,0.0,0.04,0.0,0.0,0.04,0.0,0.0,0.0
32,5,1,4,False,0.431417755020758,0.08544062777937134,3,qUCB,0.66,0.18,0.08,0.0,0.0,0.0,0.0,0.0,0.04,0.0,0.0,0.04,0.0,0.0,0.0
32,5,1,4,False,0.431417755020758,0.08544062777937134,4,qUCB,0.0,0.08,0.8200000000000001,0.04,0.02,0.0,0.0,0.0,0.0,0.0,0.0,0.04,0.0,0.0,0.0
32,6,0,5,False,0.13282656592997208,0.48298368989543317,0,qUCB,0.46,0.4,0.04,0.0,0.0,0.0,0.0,0.0,0.0,0.0,0.0,0.04,0.0,0.02,0.04
32,6,0,5,False,0.13282656592997208,0.48298368989543317,1,qUCB,0.34,0.34,0.22,0.04,0.04,0.0,0.0,0.0,0.0,0.0,0.0,0.0,0.0,0.0,0.02
32,6,0,5,False,0.13282656592997208,0.48298368989543317,2,qUCB,0.32,0.02,0.66,0.0,0.0,0.0,0.0,0.0,0.0,0.0,0.0,0.0,0.0,0.0,0.0
32,6,0,5,False,0.13282656592997208,0.48298368989543317,3,qUCB,0.48,0.2,0.22,0.04,0.0,0.0,0.0,0.0,0.0,0.0,0.0,0.0,0.0,0.02,0.04
32,6,0,5,False,0.13282656592997208,0.48298368989543317,4,qUCB,0.0,0.08,0.8200000000000001,0.04,0.02,0.0,0.0,0.0,0.0,0.0,0.0,0.04,0.0,0.0,0.0
33,1,5,0,False,1.00607758873808,0.02637333204106973,0,qEHVI,0.36,0.22,0.32,0.04,0.0,0.0,0.0,0.0,0.0,0.0,0.0,0.04,0.0,0.02,0.0
33,1,5,0,False,1.00607758873808,0.02637333204106973,1,qEHVI,0.36,0.22,0.32,0.02,0.02,0.0,0.0,0.0,0.0,0.0,0.0,0.0,0.0,0.02,0.04
33,1,5,0,False,1.00607758873808,0.02637333204106973,2,qEHVI,0.46,0.1,0.36,0.02,0.02,0.0,0.0,0.0,0.0,0.0,0.0,0.0,0.0,0.0,0.04
33,1,5,0,False,1.00607758873808,0.02637333204106973,3,qEHVI,0.36,0.24,0.3,0.02,0.0,0.0,0.0,0.0,0.0,0.0,0.0,0.02,0.0,0.02,0.04
33,1,5,0,False,1.00607758873808,0.02637333204106973,4,qEHVI,0.52,0.0,0.38,0.0,0.0,0.0,0.0,0.0,0.0,0.0,0.0,0.04,0.0,0.02,0.04
33,2,4,1,False,0.9142218913137636,0.11765816561566211,0,qEHVI,0.36,0.22,0.32,0.04,0.0,0.0,0.0,0.0,0.0,0.0,0.0,0.04,0.0,0.02,0.0
33,2,4,1,False,0.9142218913137636,0.11765816561566211,1,qEHVI,0.36,0.22,0.32,0.02,0.02,0.0,0.0,0.0,0.0,0.0,0.0,0.0,0.0,0.02,0.04
33,2,4,1,False,0.9142218913137636,0.11765816561566211,2,qEHVI,0.46,0.1,0.36,0.02,0.02,0.0,0.0,0.0,0.0,0.0,0.0,0.0,0.0,0.0,0.04
33,2,4,1,False,0.9142218913137636,0.11765816561566211,3,qEHVI,0.36,0.24,0.3,0.02,0.0,0.0,0.0,0.0,0.0,0.0,0.0,0.02,0.0,0.02,0.04
33,2,4,1,False,0.9142218913137636,0.11765816561566211,4,qUCB,0.54,0.02,0.38,0.0,0.0,0.0,0.0,0.0,0.04,0.0,0.0,0.02,0.0,0.0,0.0
33,3,3,2,True,0.7567440199090903,0.057972682682438936,0,qEHVI,0.36,0.22,0.32,0.04,0.0,0.0,0.0,0.0,0.0,0.0,0.0,0.04,0.0,0.02,0.0
33,3,3,2,True,0.7567440199090903,0.057972682682438936,1,qEHVI,0.36,0.22,0.32,0.02,0.02,0.0,0.0,0.0,0.0,0.0,0.0,0.0,0.0,0.02,0.04
33,3,3,2,True,0.7567440199090903,0.057972682682438936,2,qEHVI,0.46,0.1,0.36,0.02,0.02,0.0,0.0,0.0,0.0,0.0,0.0,0.0,0.0,0.0,0.04
33,3,3,2,True,0.7567440199090903,0.057972682682438936,3,qUCB,0.44,0.42,0.04,0.0,0.0,0.0,0.0,0.0,0.04,0.0,0.0,0.04,0.0,0.0,0.02
33,3,3,2,True,0.7567440199090903,0.057972682682438936,4,qUCB,0.28,0.42,0.2,0.04,0.02,0.0,0.0,0.0,0.04,0.0,0.0,0.0,0.0,0.0,0.0
33,4,2,3,False,0.6016883935992153,0.030614444303080912,0,qEHVI,0.36,0.22,0.32,0.04,0.0,0.0,0.0,0.0,0.0,0.0,0.0,0.04,0.0,0.02,0.0
33,4,2,3,False,0.6016883935992153,0.030614444303080912,1,qEHVI,0.36,0.22,0.32,0.02,0.02,0.0,0.0,0.0,0.0,0.0,0.0,0.0,0.0,0.02,0.04
33,4,2,3,False,0.6016883935992153,0.030614444303080912,2,qUCB,0.44,0.42,0.04,0.0,0.0,0.0,0.0,0.0,0.04,0.0,0.0,0.04,0.0,0.0,0.02
33,4,2,3,False,0.6016883935992153,0.030614444303080912,3,qUCB,0.28,0.42,0.2,0.04,0.02,0.0,0.0,0.0,0.04,0.0,0.0,0.0,0.0,0.0,0.0
33,4,2,3,False,0.6016883935992153,0.030614444303080912,4,qUCB,0.3,0.0,0.64,0.0,0.0,0.0,0.0,0.0,0.04,0.0,0.0,0.0,0.0,0.02,0.0
33,5,1,4,False,0.5364682873167717,0.1234208080377357,0,qEHVI,0.36,0.22,0.32,0.04,0.0,0.0,0.0,0.0,0.0,0.0,0.0,0.04,0.0,0.02,0.0
33,5,1,4,False,0.5364682873167717,0.1234208080377357,1,qUCB,0.5,0.06,0.36,0.0,0.0,0.0,0.0,0.0,0.04,0.0,0.0,0.0,0.0,0.0,0.04
33,5,1,4,False,0.5364682873167717,0.1234208080377357,2,qUCB,0.32,0.38,0.2,0.0,0.04,0.0,0.0,0.0,0.02,0.0,0.0,0.0,0.0,0.0,0.04
33,5,1,4,False,0.5364682873167717,0.1234208080377357,3,qUCB,0.76,0.04,0.12,0.0,0.0,0.0,0.0,0.0,0.04,0.0,0.0,0.0,0.0,0.0,0.04
33,5,1,4,False,0.5364682873167717,0.1234208080377357,4,qUCB,0.28,0.0,0.62,0.0,0.04,0.0,0.0,0.0,0.0,0.0,0.0,0.0,0.0,0.02,0.04
33,6,0,5,False,0.3086320611978842,0.022772077665336177,0,qUCB,0.52,0.0,0.38,0.0,0.0,0.0,0.0,0.0,0.0,0.0,0.0,0.04,0.0,0.02,0.04
33,6,0,5,False,0.3086320611978842,0.022772077665336177,1,qUCB,0.38,0.3,0.22,0.04,0.02,0.0,0.0,0.0,0.0,0.0,0.0,0.0,0.0,0.0,0.04
33,6,0,5,False,0.3086320611978842,0.022772077665336177,2,qUCB,0.46,0.02,0.42,0.04,0.0,0.0,0.0,0.0,0.0,0.0,0.0,0.0,0.0,0.02,0.04
33,6,0,5,False,0.3086320611978842,0.022772077665336177,3,qUCB,0.32,0.0,0.66,0.02,0.0,0.0,0.0,0.0,0.0,0.0,0.0,0.0,0.0,0.0,0.0
33,6,0,5,False,0.3086320611978842,0.022772077665336177,4,qUCB,0.32,0.0,0.62,0.0,0.0,0.0,0.0,0.0,0.0,0.0,0.0,0.0,0.0,0.02,0.04
34,1,5,0,False,2.127070191787953,0.07193674742604106,0,qEHVI,0.5,0.0,0.4,0.04,0.0,0.0,0.0,0.0,0.0,0.0,0.0,0.0,0.0,0.02,0.04
34,1,5,0,False,2.127070191787953,0.07193674742604106,1,qEHVI,0.46,0.0,0.46,0.04,0.0,0.0,0.0,0.0,0.0,0.0,0.0,0.0,0.0,0.04,0.0
34,1,5,0,False,2.127070191787953,0.07193674742604106,2,qEHVI,0.58,0.2,0.12,0.0,0.02,0.0,0.0,0.0,0.02,0.0,0.0,0.04,0.0,0.02,0.0
34,1,5,0,False,2.127070191787953,0.07193674742604106,3,qEHVI,0.8200000000000001,0.04,0.04,0.0,0.0,0.0,0.0,0.0,0.0,0.0,0.0,0.04,0.0,0.02,0.04
34,1,5,0,False,2.127070191787953,0.07193674742604106,4,qEHVI,0.5,0.22,0.22,0.04,0.0,0.0,0.0,0.0,0.0,0.0,0.0,0.0,0.0,0.0,0.02
34,2,4,1,False,1.8558979197122853,0.17930019646227802,0,qEHVI,0.5,0.0,0.4,0.04,0.0,0.0,0.0,0.0,0.0,0.0,0.0,0.0,0.0,0.02,0.04
34,2,4,1,False,1.8558979197122853,0.17930019646227802,1,qEHVI,0.46,0.0,0.46,0.04,0.0,0.0,0.0,0.0,0.0,0.0,0.0,0.0,0.0,0.04,0.0
34,2,4,1,False,1.8558979197122853,0.17930019646227802,2,qEHVI,0.58,0.2,0.12,0.0,0.02,0.0,0.0,0.0,0.02,0.0,0.0,0.04,0.0,0.02,0.0
34,2,4,1,False,1.8558979197122853,0.17930019646227802,3,qEHVI,0.74,0.14,0.04,0.0,0.0,0.0,0.0,0.0,0.0,0.0,0.0,0.04,0.0,0.02,0.02
34,2,4,1,False,1.8558979197122853,0.17930019646227802,4,qUCB,0.54,0.12,0.24,0.0,0.02,0.0,0.0,0.0,0.04,0.0,0.0,0.0,0.0,0.0,0.04
34,3,3,2,True,1.6779563082190705,0.17624610866819612,0,qEHVI,0.5,0.0,0.4,0.04,0.0,0.0,0.0,0.0,0.0,0.0,0.0,0.0,0.0,0.02,0.04
34,3,3,2,True,1.6779563082190705,0.17624610866819612,1,qEHVI,0.46,0.0,0.46,0.04,0.0,0.0,0.0,0.0,0.0,0.0,0.0,0.0,0.0,0.04,0.0
34,3,3,2,True,1.6779563082190705,0.17624610866819612,2,qEHVI,0.58,0.2,0.12,0.0,0.02,0.0,0.0,0.0,0.02,0.0,0.0,0.04,0.0,0.02,0.0
34,3,3,2,True,1.6779563082190705,0.17624610866819612,3,qUCB,0.54,0.12,0.24,0.0,0.02,0.0,0.0,0.0,0.04,0.0,0.0,0.0,0.0,0.0,0.04
34,3,3,2,True,1.6779563082190705,0.17624610866819612,4,qUCB,0.4,0.06,0.44,0.04,0.04,0.0,0.0,0.0,0.02,0.0,0.0,0.0,0.0,0.0,0.0
34,4,2,3,False,1.5806037736411735,0.0644080728334604,0,qEHVI,0.5,0.0,0.4,0.04,0.0,0.0,0.0,0.0,0.0,0.0,0.0,0.0,0.0,0.02,0.04
34,4,2,3,False,1.5806037736411735,0.0644080728334604,1,qEHVI,0.46,0.0,0.46,0.04,0.0,0.0,0.0,0.0,0.0,0.0,0.0,0.0,0.0,0.04,0.0
34,4,2,3,False,1.5806037736411735,0.0644080728334604,2,qUCB,0.56,0.22,0.12,0.0,0.04,0.0,0.0,0.0,0.02,0.0,0.0,0.04,0.0,0.0,0.0
34,4,2,3,False,1.5806037736411735,0.0644080728334604,3,qUCB,0.0,0.78,0.12,0.0,0.04,0.0,0.0,0.0,0.0,0.0,0.0,0.04,0.0,0.0,0.02
34,4,2,3,False,1.5806037736411735,0.0644080728334604,4,qUCB,0.0,0.64,0.26,0.0,0.04,0.0,0.0,0.0,0.02,0.0,0.0,0.04,0.0,0.0,0.0
34,5,1,4,False,1.2147836194624355,0.07845949870562485,0,qEHVI,0.5,0.0,0.4,0.04,0.0,0.0,0.0,0.0,0.0,0.0,0.0,0.0,0.0,0.02,0.04
34,5,1,4,False,1.2147836194624355,0.07845949870562485,1,qUCB,0.56,0.22,0.12,0.0,0.04,0.0,0.0,0.0,0.02,0.0,0.0,0.04,0.0,0.0,0.0
34,5,1,4,False,1.2147836194624355,0.07845949870562485,2,qUCB,0.0,0.64,0.26,0.0,0.04,0.0,0.0,0.0,0.02,0.0,0.0,0.04,0.0,0.0,0.0
34,5,1,4,False,1.2147836194624355,0.07845949870562485,3,qUCB,0.0,0.78,0.12,0.0,0.04,0.0,0.0,0.0,0.0,0.0,0.0,0.04,0.0,0.0,0.02
34,5,1,4,False,1.2147836194624355,0.07845949870562485,4,qUCB,0.04,0.1,0.76,0.0,0.02,0.0,0.0,0.0,0.04,0.0,0.0,0.04,0.0,0.0,0.0
34,6,0,5,False,1.4818390330312643,0.1422202153446488,0,qUCB,0.5,0.0,0.4,0.04,0.0,0.0,0.0,0.0,0.0,0.0,0.0,0.0,0.0,0.02,0.04
34,6,0,5,False,1.4818390330312643,0.1422202153446488,1,qUCB,0.44,0.0,0.46,0.04,0.0,0.0,0.0,0.0,0.0,0.0,0.0,0.02,0.0,0.02,0.02
34,6,0,5,False,1.4818390330312643,0.1422202153446488,2,qUCB,0.5,0.22,0.22,0.04,0.0,0.0,0.0,0.0,0.0,0.0,0.0,0.0,0.0,0.0,0.02
34,6,0,5,False,1.4818390330312643,0.1422202153446488,3,qUCB,0.42,0.04,0.44,0.04,0.0,0.0,0.0,0.0,0.0,0.0,0.0,0.0,0.0,0.04,0.02
34,6,0,5,False,1.4818390330312643,0.1422202153446488,4,qUCB,0.02,0.06,0.8200000000000001,0.04,0.0,0.0,0.0,0.0,0.02,0.0,0.0,0.04,0.0,0.0,0.0
35,1,5,0,False,1.0534597776285268,0.09900855412620757,0,qEHVI,0.4,0.24,0.32,0.02,0.0,0.0,0.0,0.0,0.0,0.0,0.0,0.02,0.0,0.0,0.0
35,1,5,0,False,1.0534597776285268,0.09900855412620757,1,qEHVI,0.48,0.02,0.44,0.02,0.0,0.0,0.0,0.0,0.02,0.0,0.0,0.0,0.0,0.02,0.0
35,1,5,0,False,1.0534597776285268,0.09900855412620757,2,qEHVI,0.24,0.32,0.34,0.0,0.04,0.0,0.0,0.0,0.0,0.0,0.0,0.02,0.0,0.0,0.04
35,1,5,0,False,1.0534597776285268,0.09900855412620757,3,qEHVI,0.44,0.12,0.34,0.04,0.0,0.0,0.0,0.0,0.0,0.0,0.0,0.04,0.0,0.02,0.0
35,1,5,0,False,1.0534597776285268,0.09900855412620757,4,qEHVI,0.6,0.24,0.06,0.0,0.0,0.0,0.0,0.0,0.0,0.0,0.0,0.04,0.0,0.02,0.04
35,2,4,1,False,0.9605076148306986,0.1988449679943569,0,qEHVI,0.4,0.24,0.32,0.02,0.0,0.0,0.0,0.0,0.0,0.0,0.0,0.02,0.0,0.0,0.0
35,2,4,1,False,0.9605076148306986,0.1988449679943569,1,qEHVI,0.48,0.02,0.44,0.02,0.0,0.0,0.0,0.0,0.02,0.0,0.0,0.0,0.0,0.02,0.0
35,2,4,1,False,0.9605076148306986,0.1988449679943569,2,qEHVI,0.24,0.32,0.34,0.0,0.04,0.0,0.0,0.0,0.0,0.0,0.0,0.02,0.0,0.0,0.04
35,2,4,1,False,0.9605076148306986,0.1988449679943569,3,qEHVI,0.44,0.12,0.34,0.04,0.0,0.0,0.0,0.0,0.0,0.0,0.0,0.04,0.0,0.02,0.0
35,2,4,1,False,0.9605076148306986,0.1988449679943569,4,qUCB,0.8,0.04,0.06,0.0,0.0,0.0,0.0,0.0,0.0,0.0,0.0,0.02,0.0,0.04,0.04
35,3,3,2,True,0.8252151894978343,0.07527582831011337,0,qEHVI,0.4,0.24,0.32,0.02,0.0,0.0,0.0,0.0,0.0,0.0,0.0,0.02,0.0,0.0,0.0
35,3,3,2,True,0.8252151894978343,0.07527582831011337,1,qEHVI,0.48,0.02,0.44,0.02,0.0,0.0,0.0,0.0,0.02,0.0,0.0,0.0,0.0,0.02,0.0
35,3,3,2,True,0.8252151894978343,0.07527582831011337,2,qEHVI,0.24,0.32,0.34,0.0,0.04,0.0,0.0,0.0,0.0,0.0,0.0,0.02,0.0,0.0,0.04
35,3,3,2,True,0.8252151894978343,0.07527582831011337,3,qUCB,0.8,0.04,0.06,0.0,0.0,0.0,0.0,0.0,0.0,0.0,0.0,0.02,0.0,0.04,0.04
35,3,3,2,True,0.8252151894978343,0.07527582831011337,4,qUCB,0.78,0.06,0.06,0.04,0.02,0.0,0.0,0.0,0.0,0.0,0.0,0.0,0.0,0.0,0.04
35,4,2,3,False,0.7651633897115607,0.03501168216394546,0,qEHVI,0.4,0.24,0.32,0.02,0.0,0.0,0.0,0.0,0.0,0.0,0.0,0.02,0.0,0.0,0.0
35,4,2,3,False,0.7651633897115607,0.03501168216394546,1,qEHVI,0.48,0.02,0.44,0.02,0.0,0.0,0.0,0.0,0.02,0.0,0.0,0.0,0.0,0.02,0.0
35,4,2,3,False,0.7651633897115607,0.03501168216394546,2,qUCB,0.42,0.16,0.34,0.0,0.04,0.0,0.0,0.0,0.0,0.0,0.0,0.0,0.0,0.0,0.04
35,4,2,3,False,0.7651633897115607,0.03501168216394546,3,qUCB,0.48,0.24,0.18,0.02,0.04,0.0,0.0,0.0,0.0,0.0,0.0,0.0,0.0,0.0,0.04
35,4,2,3,False,0.7651633897115607,0.03501168216394546,4,qUCB,0.02,0.12,0.76,0.0,0.0,0.0,0.0,0.0,0.0,0.0,0.0,0.02,0.0,0.04,0.04
35,5,1,4,False,0.5462081710115387,0.007279341306158926,0,qEHVI,0.4,0.24,0.32,0.02,0.0,0.0,0.0,0.0,0.0,0.0,0.0,0.02,0.0,0.0,0.0
35,5,1,4,False,0.5462081710115387,0.007279341306158926,1,qUCB,0.46,0.06,0.38,0.0,0.0,0.0,0.0,0.0,0.04,0.0,0.0,0.0,0.0,0.02,0.04
35,5,1,4,False,0.5462081710115387,0.007279341306158926,2,qUCB,0.0,0.14,0.76,0.0,0.04,0.0,0.0,0.0,0.04,0.0,0.0,0.0,0.0,0.02,0.0
35,5,1,4,False,0.5462081710115387,0.007279341306158926,3,qUCB,0.06,0.02,0.8200000000000001,0.04,0.0,0.0,0.0,0.0,0.02,0.0,0.0,0.0,0.0,0.04,0.0
35,5,1,4,False,0.5462081710115387,0.007279341306158926,4,qUCB,0.24,0.0,0.66,0.04,0.0,0.0,0.0,0.0,0.02,0.0,0.0,0.0,0.0,0.0,0.04
35,6,0,5,False,0.5155793663707878,0.19271081229442455,0,qUCB,0.6,0.24,0.06,0.0,0.0,0.0,0.0,0.0,0.0,0.0,0.0,0.04,0.0,0.02,0.04
35,6,0,5,False,0.5155793663707878,0.19271081229442455,1,qUCB,0.42,0.26,0.22,0.04,0.02,0.0,0.0,0.0,0.0,0.0,0.0,0.0,0.0,0.0,0.04
35,6,0,5,False,0.5155793663707878,0.19271081229442455,2,qUCB,0.02,0.06,0.8200000000000001,0.04,0.02,0.0,0.0,0.0,0.0,0.0,0.0,0.04,0.0,0.0,0.0
35,6,0,5,False,0.5155793663707878,0.19271081229442455,3,qUCB,0.84,0.0,0.06,0.04,0.0,0.0,0.0,0.0,0.0,0.0,0.0,0.02,0.0,0.0,0.04
35,6,0,5,False,0.5155793663707878,0.19271081229442455,4,qUCB,0.26,0.0,0.68,0.04,0.0,0.0,0.0,0.0,0.0,0.0,0.0,0.0,0.0,0.0,0.02
36,1,5,0,False,2.0841238667169724,0.14631292943228313,0,qEHVI,0.4,0.16,0.38,0.0,0.0,0.0,0.0,0.0,0.02,0.0,0.0,0.0,0.0,0.02,0.02
36,1,5,0,False,2.0841238667169724,0.14631292943228313,1,qEHVI,0.38,0.16,0.36,0.04,0.0,0.0,0.0,0.0,0.0,0.0,0.0,0.0,0.0,0.04,0.02
36,1,5,0,False,2.0841238667169724,0.14631292943228313,2,qEHVI,0.38,0.22,0.3,0.0,0.0,0.0,0.0,0.0,0.02,0.0,0.0,0.04,0.0,0.04,0.0
36,1,5,0,False,2.0841238667169724,0.14631292943228313,3,qEHVI,0.4,0.1,0.4,0.04,0.0,0.0,0.0,0.0,0.0,0.0,0.0,0.04,0.0,0.02,0.0
36,1,5,0,False,2.0841238667169724,0.14631292943228313,4,qEHVI,0.4,0.18,0.36,0.02,0.0,0.0,0.0,0.0,0.0,0.0,0.0,0.0,0.0,0.0,0.04
36,2,4,1,False,1.9880014971141904,0.3977323516500473,0,qEHVI,0.4,0.16,0.38,0.0,0.0,0.0,0.0,0.0,0.02,0.0,0.0,0.0,0.0,0.02,0.02
36,2,4,1,False,1.9880014971141904,0.3977323516500473,1,qEHVI,0.38,0.16,0.36,0.04,0.0,0.0,0.0,0.0,0.0,0.0,0.0,0.0,0.0,0.04,0.02
36,2,4,1,False,1.9880014971141904,0.3977323516500473,2,qEHVI,0.38,0.22,0.3,0.0,0.0,0.0,0.0,0.0,0.02,0.0,0.0,0.04,0.0,0.04,0.0
36,2,4,1,False,1.9880014971141904,0.3977323516500473,3,qEHVI,0.4,0.1,0.4,0.04,0.0,0.0,0.0,0.0,0.0,0.0,0.0,0.04,0.0,0.02,0.0
36,2,4,1,False,1.9880014971141904,0.3977323516500473,4,qUCB,0.42,0.1,0.38,0.0,0.04,0.0,0.0,0.0,0.0,0.0,0.0,0.04,0.0,0.0,0.02
36,3,3,2,True,1.8530193931649181,0.1363297632016427,0,qEHVI,0.4,0.16,0.38,0.0,0.0,0.0,0.0,0.0,0.02,0.0,0.0,0.0,0.0,0.02,0.02
36,3,3,2,True,1.8530193931649181,0.1363297632016427,1,qEHVI,0.38,0.16,0.36,0.04,0.0,0.0,0.0,0.0,0.0,0.0,0.0,0.0,0.0,0.04,0.02
36,3,3,2,True,1.8530193931649181,0.1363297632016427,2,qEHVI,0.38,0.22,0.3,0.0,0.0,0.0,0.0,0.0,0.02,0.0,0.0,0.04,0.0,0.04,0.0
36,3,3,2,True,1.8530193931649181,0.1363297632016427,3,qUCB,0.42,0.1,0.38,0.0,0.04,0.0,0.0,0.0,0.0,0.0,0.0,0.04,0.0,0.0,0.02
36,3,3,2,True,1.8530193931649181,0.1363297632016427,4,qUCB,0.24,0.14,0.52,0.04,0.04,0.0,0.0,0.0,0.02,0.0,0.0,0.0,0.0,0.0,0.0
36,4,2,3,False,1.561906131421559,0.19120621142857885,0,qEHVI,0.4,0.16,0.38,0.0,0.0,0.0,0.0,0.0,0.02,0.0,0.0,0.0,0.0,0.02,0.02
36,4,2,3,False,1.561906131421559,0.19120621142857885,1,qEHVI,0.38,0.16,0.36,0.04,0.0,0.0,0.0,0.0,0.0,0.0,0.0,0.0,0.0,0.04,0.02
36,4,2,3,False,1.561906131421559,0.19120621142857885,2,qUCB,0.36,0.4,0.14,0.02,0.04,0.0,0.0,0.0,0.0,0.0,0.0,0.04,0.0,0.0,0.0
36,4,2,3,False,1.561906131421559,0.19120621142857885,3,qUCB,0.24,0.14,0.52,0.04,0.04,0.0,0.0,0.0,0.02,0.0,0.0,0.0,0.0,0.0,0.0
36,4,2,3,False,1.561906131421559,0.19120621142857885,4,qUCB,0.02,0.76,0.14,0.0,0.04,0.0,0.0,0.0,0.0,0.0,0.0,0.04,0.0,0.0,0.0
36,5,1,4,False,1.3682115606709015,0.22691246697568523,0,qEHVI,0.4,0.16,0.38,0.0,0.0,0.0,0.0,0.0,0.02,0.0,0.0,0.0,0.0,0.02,0.02
36,5,1,4,False,1.3682115606709015,0.22691246697568523,1,qUCB,0.4,0.1,0.4,0.04,0.0,0.0,0.0,0.0,0.0,0.0,0.0,0.04,0.0,0.02,0.0
36,5,1,4,False,1.3682115606709015,0.22691246697568523,2,qUCB,0.36,0.4,0.14,0.02,0.04,0.0,0.0,0.0,0.0,0.0,0.0,0.04,0.0,0.0,0.0
36,5,1,4,False,1.3682115606709015,0.22691246697568523,3,qUCB,0.22,0.16,0.52,0.04,0.04,0.0,0.0,0.0,0.0,0.0,0.0,0.02,0.0,0.0,0.0
36,5,1,4,False,1.3682115606709015,0.22691246697568523,4,qUCB,0.24,0.52,0.14,0.04,0.0,0.0,0.0,0.0,0.02,0.0,0.0,0.04,0.0,0.0,0.0
36,6,0,5,False,1.224468735221067,0.3881758728647835,0,qUCB,0.4,0.14,0.38,0.04,0.0,0.0,0.0,0.0,0.04,0.0,0.0,0.0,0.0,0.0,0.0
36,6,0,5,False,1.224468735221067,0.3881758728647835,1,qUCB,0.4,0.1,0.4,0.04,0.0,0.0,0.0,0.0,0.0,0.0,0.0,0.04,0.0,0.02,0.0
36,6,0,5,False,1.224468735221067,0.3881758728647835,2,qUCB,0.32,0.02,0.64,0.0,0.0,0.0,0.0,0.0,0.0,0.0,0.0,0.0,0.0,0.02,0.0
36,6,0,5,False,1.224468735221067,0.3881758728647835,3,qUCB,0.24,0.14,0.52,0.04,0.04,0.0,0.0,0.0,0.02,0.0,0.0,0.0,0.0,0.0,0.0
36,6,0,5,False,1.224468735221067,0.3881758728647835,4,qUCB,0.46,0.22,0.22,0.04,0.04,0.0,0.0,0.0,0.0,0.0,0.0,0.0,0.0,0.02,0.0
37,1,5,0,False,1.083989231260085,0.18585073730059776,0,qEHVI,0.44,0.04,0.42,0.02,0.04,0.0,0.0,0.0,0.0,0.0,0.0,0.04,0.0,0.0,0.0
37,1,5,0,False,1.083989231260085,0.18585073730059776,1,qEHVI,0.4,0.18,0.38,0.0,0.0,0.0,0.0,0.0,0.0,0.0,0.0,0.0,0.0,0.04,0.0
37,1,5,0,False,1.083989231260085,0.18585073730059776,2,qEHVI,0.48,0.0,0.44,0.0,0.04,0.0,0.0,0.0,0.04,0.0,0.0,0.0,0.0,0.0,0.0
37,1,5,0,False,1.083989231260085,0.18585073730059776,3,qEHVI,0.62,0.0,0.36,0.02,0.0,0.0,0.0,0.0,0.0,0.0,0.0,0.0,0.0,0.0,0.0
37,1,5,0,False,1.083989231260085,0.18585073730059776,4,qEHVI,0.42,0.08,0.4,0.04,0.0,0.0,0.0,0.0,0.0,0.0,0.0,0.04,0.0,0.0,0.02
37,2,4,1,False,1.0136108442246425,0.01751363966253372,0,qEHVI,0.44,0.04,0.42,0.02,0.04,0.0,0.0,0.0,0.0,0.0,0.0,0.04,0.0,0.0,0.0
37,2,4,1,False,1.0136108442246425,0.01751363966253372,1,qEHVI,0.4,0.18,0.38,0.0,0.0,0.0,0.0,0.0,0.0,0.0,0.0,0.0,0.0,0.04,0.0
37,2,4,1,False,1.0136108442246425,0.01751363966253372,2,qEHVI,0.48,0.0,0.44,0.0,0.04,0.0,0.0,0.0,0.04,0.0,0.0,0.0,0.0,0.0,0.0
37,2,4,1,False,1.0136108442246425,0.01751363966253372,3,qEHVI,0.62,0.0,0.36,0.02,0.0,0.0,0.0,0.0,0.0,0.0,0.0,0.0,0.0,0.0,0.0
37,2,4,1,False,1.0136108442246425,0.01751363966253372,4,qUCB,0.56,0.3,0.04,0.0,0.0,0.0,0.0,0.0,0.02,0.0,0.0,0.04,0.0,0.0,0.04
37,3,3,2,True,0.9998799513099743,0.07143004692350252,0,qEHVI,0.42,0.08,0.4,0.04,0.0,0.0,0.0,0.0,0.0,0.0,0.0,0.04,0.0,0.0,0.02
37,3,3,2,True,0.9998799513099743,0.07143004692350252,1,qEHVI,0.48,0.0,0.44,0.0,0.04,0.0,0.0,0.0,0.04,0.0,0.0,0.0,0.0,0.0,0.0
37,3,3,2,True,0.9998799513099743,0.07143004692350252,2,qEHVI,0.4,0.18,0.38,0.0,0.0,0.0,0.0,0.0,0.0,0.0,0.0,0.0,0.0,0.04,0.0
37,3,3,2,True,0.9998799513099743,0.07143004692350252,3,qUCB,0.38,0.16,0.36,0.0,0.0,0.0,0.0,0.0,0.04,0.0,0.0,0.02,0.0,0.0,0.04
37,3,3,2,True,0.9998799513099743,0.07143004692350252,4,qUCB,0.0,0.62,0.28,0.0,0.0,0.0,0.0,0.0,0.04,0.0,0.0,0.04,0.0,0.02,0.0
37,4,2,3,False,0.7828717825686449,0.3306404126263276,0,qEHVI,0.44,0.04,0.42,0.02,0.04,0.0,0.0,0.0,0.0,0.0,0.0,0.04,0.0,0.0,0.0
37,4,2,3,False,0.7828717825686449,0.3306404126263276,1,qEHVI,0.4,0.18,0.38,0.0,0.0,0.0,0.0,0.0,0.0,0.0,0.0,0.0,0.0,0.04,0.0
37,4,2,3,False,0.7828717825686449,0.3306404126263276,2,qUCB,0.38,0.16,0.36,0.0,0.0,0.0,0.0,0.0,0.04,0.0,0.0,0.02,0.0,0.0,0.04
37,4,2,3,False,0.7828717825686449,0.3306404126263276,3,qUCB,0.44,0.26,0.22,0.04,0.0,0.0,0.0,0.0,0.0,0.0,0.0,0.0,0.0,0.0,0.04
37,4,2,3,False,0.7828717825686449,0.3306404126263276,4,qUCB,0.26,0.48,0.16,0.04,0.0,0.0,0.0,0.0,0.04,0.0,0.0,0.0,0.0,0.0,0.02
37,5,1,4,False,0.6954637258729346,0.07303787186105293,0,qEHVI,0.44,0.04,0.42,0.02,0.04,0.0,0.0,0.0,0.0,0.0,0.0,0.04,0.0,0.0,0.0
37,5,1,4,False,0.6954637258729346,0.07303787186105293,1,qUCB,0.38,0.18,0.34,0.0,0.0,0.0,0.0,0.0,0.02,0.0,0.0,0.0,0.0,0.04,0.04
37,5,1,4,False,0.6954637258729346,0.07303787186105293,2,qUCB,0.28,0.0,0.64,0.0,0.0,0.0,0.0,0.0,0.04,0.0,0.0,0.0,0.0,0.0,0.04
37,5,1,4,False,0.6954637258729346,0.07303787186105293,3,qUCB,0.0,0.62,0.28,0.0,0.0,0.0,0.0,0.0,0.04,0.0,0.0,0.04,0.0,0.02,0.0
37,5,1,4,False,0.6954637258729346,0.07303787186105293,4,qUCB,0.0,0.08,0.8200000000000001,0.04,0.0,0.0,0.0,0.0,0.04,0.0,0.0,0.0,0.0,0.02,0.0
37,6,0,5,False,0.6038899496311378,0.12378117747628004,0,qUCB,0.44,0.04,0.42,0.02,0.04,0.0,0.0,0.0,0.0,0.0,0.0,0.04,0.0,0.0,0.0
37,6,0,5,False,0.6038899496311378,0.12378117747628004,1,qUCB,0.42,0.26,0.22,0.04,0.04,0.0,0.0,0.0,0.0,0.0,0.0,0.0,0.0,0.0,0.02
37,6,0,5,False,0.6038899496311378,0.12378117747628004,2,qUCB,0.3,0.0,0.66,0.0,0.02,0.0,0.0,0.0,0.02,0.0,0.0,0.0,0.0,0.0,0.0
37,6,0,5,False,0.6038899496311378,0.12378117747628004,3,qUCB,0.32,0.44,0.14,0.04,0.0,0.0,0.0,0.0,0.0,0.0,0.0,0.04,0.0,0.0,0.02
37,6,0,5,False,0.6038899496311378,0.12378117747628004,4,qUCB,0.0,0.62,0.28,0.0,0.0,0.0,0.0,0.0,0.04,0.0,0.0,0.04,0.0,0.02,0.0
38,1,5,0,True,1.2554675874353123,0.9387347675895872,0,qEHVI,0.44,0.1,0.36,0.04,0.0,0.0,0.0,0.0,0.02,0.0,0.0,0.04,0.0,0.0,0.0
38,1,5,0,True,1.2554675874353123,0.9387347675895872,1,qEHVI,0.38,0.12,0.4,0.0,0.0,0.0,0.0,0.0,0.0,0.0,0.0,0.04,0.0,0.02,0.04
38,1,5,0,True,1.2554675874353123,0.9387347675895872,2,qEHVI,0.42,0.1,0.38,0.04,0.04,0.0,0.0,0.0,0.02,0.0,0.0,0.0,0.0,0.0,0.0
38,1,5,0,True,1.2554675874353123,0.9387347675895872,3,qEHVI,0.48,0.0,0.42,0.04,0.02,0.0,0.0,0.0,0.0,0.0,0.0,0.04,0.0,0.0,0.0
38,1,5,0,True,1.2554675874353123,0.9387347675895872,4,qEHVI,0.44,0.0,0.46,0.02,0.04,0.0,0.0,0.0,0.0,0.0,0.0,0.02,0.0,0.0,0.02
38,2,4,1,False,1.0347384020199089,0.12759087745605946,0,qEHVI,0.44,0.1,0.36,0.04,0.0,0.0,0.0,0.0,0.02,0.0,0.0,0.04,0.0,0.0,0.0
38,2,4,1,False,1.0347384020199089,0.12759087745605946,1,qEHVI,0.36,0.0,0.64,0.0,0.0,0.0,0.0,0.0,0.0,0.0,0.0,0.0,0.0,0.0,0.0
38,2,4,1,False,1.0347384020199089,0.12759087745605946,2,qEHVI,0.38,0.12,0.4,0.0,0.0,0.0,0.0,0.0,0.0,0.0,0.0,0.04,0.0,0.02,0.04
38,2,4,1,False,1.0347384020199089,0.12759087745605946,3,qEHVI,0.42,0.1,0.38,0.04,0.04,0.0,0.0,0.0,0.02,0.0,0.0,0.0,0.0,0.0,0.0
38,2,4,1,False,1.0347384020199089,0.12759087745605946,4,qUCB,0.38,0.28,0.24,0.04,0.0,0.0,0.0,0.0,0.0,0.0,0.0,0.0,0.0,0.04,0.02
38,3,3,2,False,1.1105573489100475,0.0164283038189037,0,qEHVI,0.44,0.1,0.36,0.04,0.0,0.0,0.0,0.0,0.02,0.0,0.0,0.04,0.0,0.0,0.0
38,3,3,2,False,1.1105573489100475,0.0164283038189037,1,qEHVI,0.38,0.12,0.4,0.0,0.0,0.0,0.0,0.0,0.0,0.0,0.0,0.04,0.0,0.02,0.04
38,3,3,2,False,1.1105573489100475,0.0164283038189037,2,qEHVI,0.42,0.1,0.38,0.04,0.04,0.0,0.0,0.0,0.02,0.0,0.0,0.0,0.0,0.0,0.0
38,3,3,2,False,1.1105573489100475,0.0164283038189037,3,qUCB,0.44,0.28,0.2,0.0,0.0,0.0,0.0,0.0,0.04,0.0,0.0,0.0,0.0,0.04,0.0
38,3,3,2,False,1.1105573489100475,0.0164283038189037,4,qUCB,0.36,0.0,0.64,0.0,0.0,0.0,0.0,0.0,0.0,0.0,0.0,0.0,0.0,0.0,0.0
38,4,2,3,False,1.0684121977418093,0.19248090514063287,0,qEHVI,0.44,0.1,0.36,0.04,0.0,0.0,0.0,0.0,0.02,0.0,0.0,0.04,0.0,0.0,0.0
38,4,2,3,False,1.0684121977418093,0.19248090514063287,1,qEHVI,0.38,0.12,0.4,0.0,0.0,0.0,0.0,0.0,0.0,0.0,0.0,0.04,0.0,0.02,0.04
38,4,2,3,False,1.0684121977418093,0.19248090514063287,2,qUCB,0.4,0.16,0.4,0.0,0.04,0.0,0.0,0.0,0.0,0.0,0.0,0.0,0.0,0.0,0.0
38,4,2,3,False,1.0684121977418093,0.19248090514063287,3,qUCB,0.36,0.0,0.64,0.0,0.0,0.0,0.0,0.0,0.0,0.0,0.0,0.0,0.0,0.0,0.0
38,4,2,3,False,1.0684121977418093,0.19248090514063287,4,qUCB,0.44,0.26,0.2,0.02,0.04,0.0,0.0,0.0,0.0,0.0,0.0,0.0,0.0,0.04,0.0
38,5,1,4,False,0.6677811930305342,0.13250484509395477,0,qEHVI,0.44,0.1,0.36,0.04,0.0,0.0,0.0,0.0,0.02,0.0,0.0,0.04,0.0,0.0,0.0
38,5,1,4,False,0.6677811930305342,0.13250484509395477,1,qUCB,0.4,0.14,0.36,0.0,0.02,0.0,0.0,0.0,0.0,0.0,0.0,0.0,0.0,0.04,0.04
38,5,1,4,False,0.6677811930305342,0.13250484509395477,2,qUCB,0.36,0.0,0.64,0.0,0.0,0.0,0.0,0.0,0.0,0.0,0.0,0.0,0.0,0.0,0.0
38,5,1,4,False,0.6677811930305342,0.13250484509395477,3,qUCB,0.38,0.32,0.2,0.0,0.04,0.0,0.0,0.0,0.0,0.0,0.0,0.0,0.0,0.02,0.04
38,5,1,4,False,0.6677811930305342,0.13250484509395477,4,qUCB,0.02,0.14,0.74,0.0,0.04,0.0,0.0,0.0,0.0,0.0,0.0,0.0,0.0,0.02,0.04
38,6,0,5,False,0.8047124803442158,0.1741099149472367,0,qUCB,0.42,0.1,0.38,0.04,0.04,0.0,0.0,0.0,0.02,0.0,0.0,0.0,0.0,0.0,0.0
38,6,0,5,False,0.8047124803442158,0.1741099149472367,1,qUCB,0.36,0.0,0.64,0.0,0.0,0.0,0.0,0.0,0.0,0.0,0.0,0.0,0.0,0.0,0.0
38,6,0,5,False,0.8047124803442158,0.1741099149472367,2,qUCB,0.48,0.0,0.42,0.04,0.02,0.0,0.0,0.0,0.0,0.0,0.0,0.04,0.0,0.0,0.0
38,6,0,5,False,0.8047124803442158,0.1741099149472367,3,qUCB,0.32,0.34,0.24,0.04,0.02,0.0,0.0,0.0,0.0,0.0,0.0,0.04,0.0,0.0,0.0
38,6,0,5,False,0.8047124803442158,0.1741099149472367,4,qUCB,0.42,0.3,0.2,0.04,0.04,0.0,0.0,0.0,0.0,0.0,0.0,0.0,0.0,0.0,0.0
39,1,5,0,True,0.7779268392653631,0.03416753495148939,0,qEHVI,0.44,0.08,0.4,0.0,0.0,0.0,0.0,0.0,0.02,0.0,0.0,0.04,0.0,0.02,0.0
39,1,5,0,True,0.7779268392653631,0.03416753495148939,1,qEHVI,0.4,0.14,0.38,0.02,0.0,0.0,0.0,0.0,0.0,0.0,0.0,0.0,0.0,0.02,0.04
39,1,5,0,True,0.7779268392653631,0.03416753495148939,2,qEHVI,0.44,0.02,0.44,0.02,0.02,0.0,0.0,0.0,0.0,0.0,0.0,0.02,0.0,0.02,0.02
39,1,5,0,True,0.7779268392653631,0.03416753495148939,3,qEHVI,0.38,0.24,0.3,0.02,0.0,0.0,0.0,0.0,0.0,0.0,0.0,0.04,0.0,0.02,0.0
39,1,5,0,True,0.7779268392653631,0.03416753495148939,4,qEHVI,0.44,0.1,0.36,0.0,0.0,0.0,0.0,0.0,0.02,0.0,0.0,0.02,0.0,0.04,0.02
39,2,4,1,False,0.6998826700096491,0.02866259738292065,0,qEHVI,0.44,0.08,0.4,0.0,0.0,0.0,0.0,0.0,0.02,0.0,0.0,0.04,0.0,0.02,0.0
39,2,4,1,False,0.6998826700096491,0.02866259738292065,1,qEHVI,0.4,0.14,0.38,0.02,0.0,0.0,0.0,0.0,0.0,0.0,0.0,0.0,0.0,0.02,0.04
39,2,4,1,False,0.6998826700096491,0.02866259738292065,2,qEHVI,0.44,0.02,0.44,0.02,0.02,0.0,0.0,0.0,0.0,0.0,0.0,0.02,0.0,0.02,0.02
39,2,4,1,False,0.6998826700096491,0.02866259738292065,3,qEHVI,0.38,0.24,0.3,0.02,0.0,0.0,0.0,0.0,0.0,0.0,0.0,0.04,0.0,0.02,0.0
39,2,4,1,False,0.6998826700096491,0.02866259738292065,4,qUCB,0.38,0.36,0.18,0.04,0.0,0.0,0.0,0.0,0.04,0.0,0.0,0.0,0.0,0.0,0.0
39,3,3,2,False,0.6125038736661025,0.11464080229366047,0,qEHVI,0.44,0.08,0.4,0.0,0.0,0.0,0.0,0.0,0.02,0.0,0.0,0.04,0.0,0.02,0.0
39,3,3,2,False,0.6125038736661025,0.11464080229366047,1,qEHVI,0.4,0.14,0.38,0.02,0.0,0.0,0.0,0.0,0.0,0.0,0.0,0.0,0.0,0.02,0.04
39,3,3,2,False,0.6125038736661025,0.11464080229366047,2,qEHVI,0.44,0.02,0.44,0.02,0.02,0.0,0.0,0.0,0.0,0.0,0.0,0.02,0.0,0.02,0.02
39,3,3,2,False,0.6125038736661025,0.11464080229366047,3,qUCB,0.38,0.36,0.18,0.04,0.0,0.0,0.0,0.0,0.04,0.0,0.0,0.0,0.0,0.0,0.0
39,3,3,2,False,0.6125038736661025,0.11464080229366047,4,qUCB,0.24,0.52,0.16,0.04,0.0,0.0,0.0,0.0,0.04,0.0,0.0,0.0,0.0,0.0,0.0
39,4,2,3,False,0.5303858261152625,0.030382282675803562,0,qEHVI,0.44,0.08,0.4,0.0,0.0,0.0,0.0,0.0,0.02,0.0,0.0,0.04,0.0,0.02,0.0
39,4,2,3,False,0.5303858261152625,0.030382282675803562,1,qEHVI,0.4,0.14,0.38,0.02,0.0,0.0,0.0,0.0,0.0,0.0,0.0,0.0,0.0,0.02,0.04
39,4,2,3,False,0.5303858261152625,0.030382282675803562,2,qUCB,0.44,0.06,0.4,0.0,0.04,0.0,0.0,0.0,0.04,0.0,0.0,0.0,0.0,0.0,0.02
39,4,2,3,False,0.5303858261152625,0.030382282675803562,3,qUCB,0.38,0.3,0.22,0.04,0.02,0.0,0.0,0.0,0.04,0.0,0.0,0.0,0.0,0.0,0.0
39,4,2,3,False,0.5303858261152625,0.030382282675803562,4,qUCB,0.0,0.8,0.1,0.04,0.0,0.0,0.0,0.0,0.0,0.0,0.0,0.04,0.0,0.0,0.02
39,5,1,4,False,0.3766457907600232,0.044471662272371315,0,qEHVI,0.44,0.08,0.4,0.0,0.0,0.0,0.0,0.0,0.02,0.0,0.0,0.04,0.0,0.02,0.0
39,5,1,4,False,0.3766457907600232,0.044471662272371315,1,qUCB,0.44,0.04,0.42,0.04,0.02,0.0,0.0,0.0,0.0,0.0,0.0,0.0,0.0,0.0,0.04
39,5,1,4,False,0.3766457907600232,0.044471662272371315,2,qUCB,0.38,0.3,0.24,0.04,0.04,0.0,0.0,0.0,0.0,0.0,0.0,0.0,0.0,0.0,0.0
39,5,1,4,False,0.3766457907600232,0.044471662272371315,3,qUCB,0.28,0.0,0.68,0.04,0.0,0.0,0.0,0.0,0.0,0.0,0.0,0.0,0.0,0.0,0.0
39,5,1,4,False,0.3766457907600232,0.044471662272371315,4,qUCB,0.38,0.36,0.18,0.04,0.04,0.0,0.0,0.0,0.0,0.0,0.0,0.0,0.0,0.0,0.0
39,6,0,5,False,0.445787794203526,0.29828363077592446,0,qUCB,0.42,0.1,0.38,0.02,0.0,0.0,0.0,0.0,0.02,0.0,0.0,0.04,0.0,0.0,0.02
39,6,0,5,False,0.445787794203526,0.29828363077592446,1,qUCB,0.32,0.34,0.24,0.04,0.02,0.0,0.0,0.0,0.0,0.0,0.0,0.04,0.0,0.0,0.0
39,6,0,5,False,0.445787794203526,0.29828363077592446,2,qUCB,0.28,0.0,0.68,0.04,0.0,0.0,0.0,0.0,0.0,0.0,0.0,0.0,0.0,0.0,0.0
39,6,0,5,False,0.445787794203526,0.29828363077592446,3,qUCB,0.5,0.2,0.2,0.04,0.02,0.0,0.0,0.0,0.02,0.0,0.0,0.0,0.0,0.0,0.02
39,6,0,5,False,0.445787794203526,0.29828363077592446,4,qUCB,0.34,0.46,0.1,0.0,0.04,0.0,0.0,0.0,0.0,0.0,0.0,0.04,0.0,0.0,0.02
40,1,5,0,True,1.120604915676288,0.009470673181750655,0,qEHVI,0.42,0.08,0.4,0.02,0.04,0.0,0.0,0.0,0.0,0.0,0.0,0.02,0.0,0.02,0.0
40,1,5,0,True,1.120604915676288,0.009470673181750655,1,qEHVI,0.64,0.0,0.36,0.0,0.0,0.0,0.0,0.0,0.0,0.0,0.0,0.0,0.0,0.0,0.0
40,1,5,0,True,1.120604915676288,0.009470673181750655,2,qEHVI,0.44,0.24,0.22,0.04,0.0,0.0,0.0,0.0,0.0,0.0,0.0,0.0,0.0,0.02,0.04
40,1,5,0,True,1.120604915676288,0.009470673181750655,3,qEHVI,0.46,0.0,0.44,0.04,0.04,0.0,0.0,0.0,0.0,0.0,0.0,0.0,0.0,0.0,0.02
40,1,5,0,True,1.120604915676288,0.009470673181750655,4,qEHVI,0.42,0.12,0.38,0.0,0.0,0.0,0.0,0.0,0.0,0.0,0.0,0.04,0.0,0.0,0.04
40,2,4,1,False,1.0726655178212297,0.10471803878160557,0,qEHVI,0.42,0.08,0.4,0.02,0.04,0.0,0.0,0.0,0.0,0.0,0.0,0.02,0.0,0.02,0.0
40,2,4,1,False,1.0726655178212297,0.10471803878160557,1,qEHVI,0.64,0.0,0.36,0.0,0.0,0.0,0.0,0.0,0.0,0.0,0.0,0.0,0.0,0.0,0.0
40,2,4,1,False,1.0726655178212297,0.10471803878160557,2,qEHVI,0.44,0.24,0.22,0.04,0.0,0.0,0.0,0.0,0.0,0.0,0.0,0.0,0.0,0.02,0.04
40,2,4,1,False,1.0726655178212297,0.10471803878160557,3,qEHVI,0.46,0.0,0.44,0.04,0.04,0.0,0.0,0.0,0.0,0.0,0.0,0.0,0.0,0.0,0.02
40,2,4,1,False,1.0726655178212297,0.10471803878160557,4,qUCB,0.42,0.08,0.4,0.0,0.0,0.0,0.0,0.0,0.04,0.0,0.0,0.02,0.0,0.0,0.04
40,3,3,2,False,0.9590016198161718,0.5920618821759642,0,qEHVI,0.42,0.08,0.4,0.02,0.04,0.0,0.0,0.0,0.0,0.0,0.0,0.02,0.0,0.02,0.0
40,3,3,2,False,0.9590016198161718,0.5920618821759642,1,qEHVI,0.64,0.0,0.36,0.0,0.0,0.0,0.0,0.0,0.0,0.0,0.0,0.0,0.0,0.0,0.0
40,3,3,2,False,0.9590016198161718,0.5920618821759642,2,qEHVI,0.44,0.24,0.22,0.04,0.0,0.0,0.0,0.0,0.0,0.0,0.0,0.0,0.0,0.02,0.04
40,3,3,2,False,0.9590016198161718,0.5920618821759642,3,qUCB,0.42,0.08,0.4,0.0,0.0,0.0,0.0,0.0,0.04,0.0,0.0,0.02,0.0,0.0,0.04
40,3,3,2,False,0.9590016198161718,0.5920618821759642,4,qUCB,0.02,0.78,0.1,0.0,0.0,0.0,0.0,0.0,0.04,0.0,0.0,0.04,0.0,0.0,0.02
40,4,2,3,False,0.8755546955800361,0.04089621923082376,0,qEHVI,0.42,0.08,0.4,0.02,0.04,0.0,0.0,0.0,0.0,0.0,0.0,0.02,0.0,0.02,0.0
40,4,2,3,False,0.8755546955800361,0.04089621923082376,1,qEHVI,0.64,0.0,0.36,0.0,0.0,0.0,0.0,0.0,0.0,0.0,0.0,0.0,0.0,0.0,0.0
40,4,2,3,False,0.8755546955800361,0.04089621923082376,2,qUCB,0.44,0.24,0.22,0.04,0.0,0.0,0.0,0.0,0.0,0.0,0.0,0.0,0.0,0.02,0.04
40,4,2,3,False,0.8755546955800361,0.04089621923082376,3,qUCB,0.0,0.78,0.12,0.0,0.0,0.0,0.0,0.0,0.0,0.0,0.0,0.04,0.0,0.02,0.04
40,4,2,3,False,0.8755546955800361,0.04089621923082376,4,qUCB,0.0,0.08,0.8200000000000001,0.04,0.0,0.0,0.0,0.0,0.02,0.0,0.0,0.0,0.0,0.0,0.04
40,5,1,4,False,0.8829024103995305,0.26939778187491825,0,qEHVI,0.42,0.08,0.4,0.02,0.04,0.0,0.0,0.0,0.0,0.0,0.0,0.02,0.0,0.02,0.0
40,5,1,4,False,0.8829024103995305,0.26939778187491825,1,qUCB,0.42,0.08,0.4,0.0,0.0,0.0,0.0,0.0,0.04,0.0,0.0,0.02,0.0,0.0,0.04
40,5,1,4,False,0.8829024103995305,0.26939778187491825,2,qUCB,0.02,0.76,0.14,0.0,0.0,0.0,0.0,0.0,0.04,0.0,0.0,0.0,0.0,0.0,0.04
40,5,1,4,False,0.8829024103995305,0.26939778187491825,3,qUCB,0.0,0.08,0.8200000000000001,0.04,0.0,0.0,0.0,0.0,0.02,0.0,0.0,0.0,0.0,0.0,0.04
40,5,1,4,False,0.8829024103995305,0.26939778187491825,4,qUCB,0.48,0.2,0.22,0.04,0.0,0.0,0.0,0.0,0.04,0.0,0.0,0.0,0.0,0.0,0.02
40,6,0,5,False,0.8588525061197826,0.19975993497162037,0,qUCB,0.42,0.08,0.4,0.02,0.04,0.0,0.0,0.0,0.0,0.0,0.0,0.02,0.0,0.02,0.0
40,6,0,5,False,0.8588525061197826,0.19975993497162037,1,qUCB,0.44,0.24,0.22,0.04,0.0,0.0,0.0,0.0,0.0,0.0,0.0,0.0,0.0,0.02,0.04
40,6,0,5,False,0.8588525061197826,0.19975993497162037,2,qUCB,0.32,0.0,0.66,0.0,0.02,0.0,0.0,0.0,0.0,0.0,0.0,0.0,0.0,0.0,0.0
40,6,0,5,False,0.8588525061197826,0.19975993497162037,3,qUCB,0.0,0.78,0.12,0.0,0.04,0.0,0.0,0.0,0.02,0.0,0.0,0.04,0.0,0.0,0.0
40,6,0,5,False,0.8588525061197826,0.19975993497162037,4,qUCB,0.34,0.4,0.16,0.04,0.04,0.0,0.0,0.0,0.0,0.0,0.0,0.0,0.0,0.02,0.0
41,1,5,0,True,0.926758789895125,0.1601087374893746,0,qEHVI,0.4,0.12,0.38,0.0,0.0,0.0,0.0,0.0,0.04,0.0,0.0,0.04,0.0,0.02,0.0
41,1,5,0,True,0.926758789895125,0.1601087374893746,1,qEHVI,0.68,0.2,0.04,0.0,0.0,0.0,0.0,0.0,0.02,0.0,0.0,0.0,0.0,0.04,0.02
41,1,5,0,True,0.926758789895125,0.1601087374893746,2,qEHVI,0.56,0.0,0.34,0.04,0.02,0.0,0.0,0.0,0.0,0.0,0.0,0.0,0.0,0.04,0.0
41,1,5,0,True,0.926758789895125,0.1601087374893746,3,qEHVI,0.42,0.08,0.4,0.04,0.04,0.0,0.0,0.0,0.02,0.0,0.0,0.0,0.0,0.0,0.0
41,1,5,0,True,0.926758789895125,0.1601087374893746,4,qEHVI,0.44,0.12,0.34,0.02,0.0,0.0,0.0,0.0,0.0,0.0,0.0,0.0,0.0,0.04,0.04
41,2,4,1,False,0.8300192604638575,0.058004587502323623,0,qEHVI,0.4,0.12,0.38,0.0,0.0,0.0,0.0,0.0,0.04,0.0,0.0,0.04,0.0,0.02,0.0
41,2,4,1,False,0.8300192604638575,0.058004587502323623,1,qEHVI,0.68,0.2,0.04,0.0,0.0,0.0,0.0,0.0,0.02,0.0,0.0,0.0,0.0,0.04,0.02
41,2,4,1,False,0.8300192604638575,0.058004587502323623,2,qEHVI,0.44,0.12,0.34,0.02,0.0,0.0,0.0,0.0,0.0,0.0,0.0,0.0,0.0,0.04,0.04
41,2,4,1,False,0.8300192604638575,0.058004587502323623,3,qEHVI,0.42,0.08,0.4,0.04,0.04,0.0,0.0,0.0,0.02,0.0,0.0,0.0,0.0,0.0,0.0
41,2,4,1,False,0.8300192604638575,0.058004587502323623,4,qUCB,0.34,0.48,0.08,0.0,0.02,0.0,0.0,0.0,0.0,0.0,0.0,0.04,0.0,0.0,0.04
41,3,3,2,False,0.7825856787096513,0.02470546264064466,0,qEHVI,0.4,0.12,0.38,0.0,0.0,0.0,0.0,0.0,0.04,0.0,0.0,0.04,0.0,0.02,0.0
41,3,3,2,False,0.7825856787096513,0.02470546264064466,1,qEHVI,0.68,0.2,0.04,0.0,0.0,0.0,0.0,0.0,0.02,0.0,0.0,0.0,0.0,0.04,0.02
41,3,3,2,False,0.7825856787096513,0.02470546264064466,2,qEHVI,0.56,0.0,0.34,0.04,0.02,0.0,0.0,0.0,0.0,0.0,0.0,0.0,0.0,0.04,0.0
41,3,3,2,False,0.7825856787096513,0.02470546264064466,3,qUCB,0.44,0.06,0.42,0.0,0.04,0.0,0.0,0.0,0.0,0.0,0.0,0.0,0.0,0.0,0.04
41,3,3,2,False,0.7825856787096513,0.02470546264064466,4,qUCB,0.14,0.0,0.76,0.0,0.04,0.0,0.0,0.0,0.0,0.0,0.0,0.02,0.0,0.0,0.04
41,4,2,3,False,0.7040079488508615,0.06697268465965722,0,qEHVI,0.4,0.12,0.38,0.0,0.0,0.0,0.0,0.0,0.04,0.0,0.0,0.04,0.0,0.02,0.0
41,4,2,3,False,0.7040079488508615,0.06697268465965722,1,qEHVI,0.68,0.2,0.04,0.0,0.0,0.0,0.0,0.0,0.02,0.0,0.0,0.0,0.0,0.04,0.02
41,4,2,3,False,0.7040079488508615,0.06697268465965722,2,qUCB,0.42,0.08,0.4,0.04,0.04,0.0,0.0,0.0,0.02,0.0,0.0,0.0,0.0,0.0,0.0
41,4,2,3,False,0.7040079488508615,0.06697268465965722,3,qUCB,0.12,0.0,0.8,0.04,0.04,0.0,0.0,0.0,0.0,0.0,0.0,0.0,0.0,0.0,0.0
41,4,2,3,False,0.7040079488508615,0.06697268465965722,4,qUCB,0.2,0.06,0.66,0.04,0.04,0.0,0.0,0.0,0.0,0.0,0.0,0.0,0.0,0.0,0.0
41,5,1,4,False,0.5496637649631146,0.044983882222363825,0,qEHVI,0.4,0.12,0.38,0.0,0.0,0.0,0.0,0.0,0.04,0.0,0.0,0.04,0.0,0.02,0.0
41,5,1,4,False,0.5496637649631146,0.044983882222363825,1,qUCB,0.4,0.12,0.38,0.02,0.04,0.0,0.0,0.0,0.0,0.0,0.0,0.0,0.0,0.0,0.04
41,5,1,4,False,0.5496637649631146,0.044983882222363825,2,qUCB,0.28,0.48,0.14,0.04,0.02,0.0,0.0,0.0,0.0,0.0,0.0,0.0,0.0,0.0,0.04
41,5,1,4,False,0.5496637649631146,0.044983882222363825,3,qUCB,0.46,0.3,0.16,0.04,0.04,0.0,0.0,0.0,0.0,0.0,0.0,0.0,0.0,0.0,0.0
41,5,1,4,False,0.5496637649631146,0.044983882222363825,4,qUCB,0.12,0.0,0.8,0.04,0.04,0.0,0.0,0.0,0.0,0.0,0.0,0.0,0.0,0.0,0.0
41,6,0,5,False,0.5723554077354194,0.11847131888494289,0,qUCB,0.42,0.08,0.4,0.0,0.02,0.0,0.0,0.0,0.04,0.0,0.0,0.04,0.0,0.0,0.0
41,6,0,5,False,0.5723554077354194,0.11847131888494289,1,qUCB,0.32,0.0,0.64,0.0,0.0,0.0,0.0,0.0,0.0,0.0,0.0,0.0,0.0,0.04,0.0
41,6,0,5,False,0.5723554077354194,0.11847131888494289,2,qUCB,0.14,0.0,0.78,0.04,0.0,0.0,0.0,0.0,0.0,0.0,0.0,0.04,0.0,0.0,0.0
41,6,0,5,False,0.5723554077354194,0.11847131888494289,3,qUCB,0.34,0.4,0.16,0.04,0.02,0.0,0.0,0.0,0.02,0.0,0.0,0.0,0.0,0.0,0.02
41,6,0,5,False,0.5723554077354194,0.11847131888494289,4,qUCB,0.02,0.06,0.8200000000000001,0.04,0.02,0.0,0.0,0.0,0.0,0.0,0.0,0.04,0.0,0.0,0.0
42,1,5,0,True,0.9677166241501716,0.05791382657385569,0,qEHVI,0.4,0.1,0.4,0.0,0.02,0.0,0.0,0.0,0.0,0.0,0.0,0.04,0.0,0.0,0.04
42,1,5,0,True,0.9677166241501716,0.05791382657385569,1,qEHVI,0.64,0.26,0.02,0.04,0.0,0.0,0.0,0.0,0.0,0.0,0.0,0.04,0.0,0.0,0.0
42,1,5,0,True,0.9677166241501716,0.05791382657385569,2,qEHVI,0.58,0.0,0.34,0.0,0.04,0.0,0.0,0.0,0.0,0.0,0.0,0.0,0.0,0.02,0.02
42,1,5,0,True,0.9677166241501716,0.05791382657385569,3,qEHVI,0.62,0.24,0.04,0.0,0.0,0.0,0.0,0.0,0.0,0.0,0.0,0.04,0.0,0.02,0.04
42,1,5,0,True,0.9677166241501716,0.05791382657385569,4,qEHVI,0.0,0.32,0.6,0.04,0.02,0.0,0.0,0.0,0.02,0.0,0.0,0.0,0.0,0.0,0.0
42,2,4,1,False,0.7612208274269893,0.10505200186016284,0,qEHVI,0.4,0.1,0.4,0.0,0.02,0.0,0.0,0.0,0.0,0.0,0.0,0.04,0.0,0.0,0.04
42,2,4,1,False,0.7612208274269893,0.10505200186016284,1,qEHVI,0.64,0.26,0.02,0.04,0.0,0.0,0.0,0.0,0.0,0.0,0.0,0.04,0.0,0.0,0.0
42,2,4,1,False,0.7612208274269893,0.10505200186016284,2,qEHVI,0.58,0.0,0.34,0.0,0.04,0.0,0.0,0.0,0.0,0.0,0.0,0.0,0.0,0.02,0.02
42,2,4,1,False,0.7612208274269893,0.10505200186016284,3,qEHVI,0.0,0.32,0.6,0.04,0.02,0.0,0.0,0.0,0.02,0.0,0.0,0.0,0.0,0.0,0.0
42,2,4,1,False,0.7612208274269893,0.10505200186016284,4,qUCB,0.44,0.38,0.08,0.0,0.0,0.0,0.0,0.0,0.04,0.0,0.0,0.02,0.0,0.04,0.0
42,3,3,2,False,0.8135874444391972,0.017301016934880842,0,qEHVI,0.4,0.1,0.4,0.0,0.02,0.0,0.0,0.0,0.0,0.0,0.0,0.04,0.0,0.0,0.04
42,3,3,2,False,0.8135874444391972,0.017301016934880842,1,qEHVI,0.64,0.26,0.02,0.04,0.0,0.0,0.0,0.0,0.0,0.0,0.0,0.04,0.0,0.0,0.0
42,3,3,2,False,0.8135874444391972,0.017301016934880842,2,qEHVI,0.58,0.0,0.34,0.0,0.04,0.0,0.0,0.0,0.0,0.0,0.0,0.0,0.0,0.02,0.02
42,3,3,2,False,0.8135874444391972,0.017301016934880842,3,qUCB,0.4,0.14,0.36,0.02,0.0,0.0,0.0,0.0,0.04,0.0,0.0,0.0,0.0,0.04,0.0
42,3,3,2,False,0.8135874444391972,0.017301016934880842,4,qUCB,0.0,0.78,0.12,0.0,0.0,0.0,0.0,0.0,0.04,0.0,0.0,0.04,0.0,0.02,0.0
42,4,2,3,False,0.6971690955157983,0.031836401739420594,0,qEHVI,0.4,0.1,0.4,0.0,0.02,0.0,0.0,0.0,0.0,0.0,0.0,0.04,0.0,0.0,0.04
42,4,2,3,False,0.6971690955157983,0.031836401739420594,1,qEHVI,0.64,0.26,0.02,0.04,0.0,0.0,0.0,0.0,0.0,0.0,0.0,0.04,0.0,0.0,0.0
42,4,2,3,False,0.6971690955157983,0.031836401739420594,2,qUCB,0.4,0.12,0.4,0.0,0.0,0.0,0.0,0.0,0.04,0.0,0.0,0.0,0.0,0.04,0.0
42,4,2,3,False,0.6971690955157983,0.031836401739420594,3,qUCB,0.0,0.8200000000000001,0.12,0.0,0.0,0.0,0.0,0.0,0.02,0.0,0.0,0.0,0.0,0.04,0.0
42,4,2,3,False,0.6971690955157983,0.031836401739420594,4,qUCB,0.0,0.06,0.84,0.04,0.0,0.0,0.0,0.0,0.0,0.0,0.0,0.0,0.0,0.04,0.02
42,5,1,4,False,0.494079903055905,0.0692409435217991,0,qEHVI,0.4,0.1,0.4,0.0,0.02,0.0,0.0,0.0,0.0,0.0,0.0,0.04,0.0,0.0,0.04
42,5,1,4,False,0.494079903055905,0.0692409435217991,1,qUCB,0.4,0.14,0.36,0.02,0.0,0.0,0.0,0.0,0.04,0.0,0.0,0.0,0.0,0.04,0.0
42,5,1,4,False,0.494079903055905,0.0692409435217991,2,qUCB,0.3,0.44,0.16,0.04,0.02,0.0,0.0,0.0,0.0,0.0,0.0,0.0,0.0,0.04,0.0
42,5,1,4,False,0.494079903055905,0.0692409435217991,3,qUCB,0.22,0.02,0.66,0.04,0.02,0.0,0.0,0.0,0.04,0.0,0.0,0.0,0.0,0.0,0.0
42,5,1,4,False,0.494079903055905,0.0692409435217991,4,qUCB,0.06,0.02,0.84,0.04,0.0,0.0,0.0,0.0,0.0,0.0,0.0,0.0,0.0,0.04,0.0
42,6,0,5,False,0.6725127155503281,0.19266853805381956,0,qUCB,0.4,0.1,0.4,0.0,0.02,0.0,0.0,0.0,0.0,0.0,0.0,0.04,0.0,0.0,0.04
42,6,0,5,False,0.6725127155503281,0.19266853805381956,1,qUCB,0.36,0.4,0.14,0.04,0.04,0.0,0.0,0.0,0.0,0.0,0.0,0.0,0.0,0.0,0.02
42,6,0,5,False,0.6725127155503281,0.19266853805381956,2,qUCB,0.32,0.02,0.64,0.0,0.0,0.0,0.0,0.0,0.0,0.0,0.0,0.0,0.0,0.0,0.02
42,6,0,5,False,0.6725127155503281,0.19266853805381956,3,qUCB,0.0,0.1,0.8,0.04,0.0,0.0,0.0,0.0,0.0,0.0,0.0,0.04,0.0,0.02,0.0
42,6,0,5,False,0.6725127155503281,0.19266853805381956,4,qUCB,0.24,0.04,0.66,0.04,0.0,0.0,0.0,0.0,0.0,0.0,0.0,0.0,0.0,0.02,0.0
43,1,5,0,True,2.844601571655897,0.3196161466412386,0,qEHVI,0.52,0.32,0.06,0.02,0.0,0.0,0.0,0.0,0.0,0.0,0.0,0.0,0.0,0.04,0.04
43,1,5,0,True,2.844601571655897,0.3196161466412386,1,qEHVI,0.5,0.36,0.04,0.0,0.0,0.0,0.0,0.0,0.02,0.0,0.0,0.0,0.0,0.04,0.04
43,1,5,0,True,2.844601571655897,0.3196161466412386,2,qEHVI,0.4,0.1,0.4,0.02,0.0,0.0,0.0,0.0,0.04,0.0,0.0,0.0,0.0,0.0,0.04
43,1,5,0,True,2.844601571655897,0.3196161466412386,3,qEHVI,0.28,0.54,0.1,0.0,0.0,0.0,0.0,0.0,0.0,0.0,0.0,0.04,0.0,0.0,0.04
43,1,5,0,True,2.844601571655897,0.3196161466412386,4,qEHVI,0.32,0.0,0.66,0.02,0.0,0.0,0.0,0.0,0.0,0.0,0.0,0.0,0.0,0.0,0.0
43,2,4,1,False,2.5024107508093874,0.1426740314430308,0,qEHVI,0.52,0.32,0.06,0.02,0.0,0.0,0.0,0.0,0.0,0.0,0.0,0.0,0.0,0.04,0.04
43,2,4,1,False,2.5024107508093874,0.1426740314430308,1,qEHVI,0.5,0.36,0.04,0.0,0.0,0.0,0.0,0.0,0.02,0.0,0.0,0.0,0.0,0.04,0.04
43,2,4,1,False,2.5024107508093874,0.1426740314430308,2,qEHVI,0.4,0.1,0.4,0.02,0.0,0.0,0.0,0.0,0.04,0.0,0.0,0.0,0.0,0.0,0.04
43,2,4,1,False,2.5024107508093874,0.1426740314430308,3,qEHVI,0.28,0.54,0.1,0.0,0.0,0.0,0.0,0.0,0.0,0.0,0.0,0.04,0.0,0.0,0.04
43,2,4,1,False,2.5024107508093874,0.1426740314430308,4,qUCB,0.7000000000000001,0.04,0.16,0.04,0.04,0.0,0.0,0.0,0.0,0.0,0.0,0.02,0.0,0.0,0.0
43,3,3,2,False,2.3916548459417757,0.05047947419893184,0,qEHVI,0.52,0.32,0.06,0.02,0.0,0.0,0.0,0.0,0.0,0.0,0.0,0.0,0.0,0.04,0.04
43,3,3,2,False,2.3916548459417757,0.05047947419893184,1,qEHVI,0.5,0.36,0.04,0.0,0.0,0.0,0.0,0.0,0.02,0.0,0.0,0.0,0.0,0.04,0.04
43,3,3,2,False,2.3916548459417757,0.05047947419893184,2,qEHVI,0.4,0.1,0.4,0.02,0.0,0.0,0.0,0.0,0.04,0.0,0.0,0.0,0.0,0.0,0.04
43,3,3,2,False,2.3916548459417757,0.05047947419893184,3,qUCB,0.26,0.58,0.1,0.0,0.02,0.0,0.0,0.0,0.0,0.0,0.0,0.04,0.0,0.0,0.0
43,3,3,2,False,2.3916548459417757,0.05047947419893184,4,qUCB,0.68,0.04,0.18,0.04,0.02,0.0,0.0,0.0,0.0,0.0,0.0,0.04,0.0,0.0,0.0
43,4,2,3,False,2.204249302677737,0.024302991834538545,0,qEHVI,0.52,0.32,0.06,0.02,0.0,0.0,0.0,0.0,0.0,0.0,0.0,0.0,0.0,0.04,0.04
43,4,2,3,False,2.204249302677737,0.024302991834538545,1,qEHVI,0.5,0.36,0.04,0.0,0.0,0.0,0.0,0.0,0.02,0.0,0.0,0.0,0.0,0.04,0.04
43,4,2,3,False,2.204249302677737,0.024302991834538545,2,qUCB,0.26,0.58,0.1,0.0,0.02,0.0,0.0,0.0,0.0,0.0,0.0,0.04,0.0,0.0,0.0
43,4,2,3,False,2.204249302677737,0.024302991834538545,3,qUCB,0.0,0.14,0.76,0.0,0.04,0.0,0.0,0.0,0.02,0.0,0.0,0.04,0.0,0.0,0.0
43,4,2,3,False,2.204249302677737,0.024302991834538545,4,qUCB,0.04,0.04,0.8200000000000001,0.04,0.02,0.0,0.0,0.0,0.0,0.0,0.0,0.04,0.0,0.0,0.0
43,5,1,4,False,1.7832538924502195,0.07287033227771822,0,qEHVI,0.52,0.32,0.06,0.02,0.0,0.0,0.0,0.0,0.0,0.0,0.0,0.0,0.0,0.04,0.04
43,5,1,4,False,1.7832538924502195,0.07287033227771822,1,qUCB,0.26,0.56,0.08,0.0,0.04,0.0,0.0,0.0,0.02,0.0,0.0,0.04,0.0,0.0,0.0
43,5,1,4,False,1.7832538924502195,0.07287033227771822,2,qUCB,0.0,0.14,0.76,0.0,0.04,0.0,0.0,0.0,0.02,0.0,0.0,0.04,0.0,0.0,0.0
43,5,1,4,False,1.7832538924502195,0.07287033227771822,3,qUCB,0.04,0.04,0.8200000000000001,0.04,0.02,0.0,0.0,0.0,0.0,0.0,0.0,0.04,0.0,0.0,0.0
43,5,1,4,False,1.7832538924502195,0.07287033227771822,4,qUCB,0.24,0.0,0.66,0.04,0.0,0.0,0.0,0.0,0.04,0.0,0.0,0.02,0.0,0.0,0.0
43,6,0,5,False,1.7025417522629582,0.28967891308055016,0,qUCB,0.28,0.54,0.1,0.0,0.0,0.0,0.0,0.0,0.0,0.0,0.0,0.04,0.0,0.0,0.04
43,6,0,5,False,1.7025417522629582,0.28967891308055016,1,qUCB,0.32,0.0,0.66,0.02,0.0,0.0,0.0,0.0,0.0,0.0,0.0,0.0,0.0,0.0,0.0
43,6,0,5,False,1.7025417522629582,0.28967891308055016,2,qUCB,0.74,0.0,0.2,0.04,0.0,0.0,0.0,0.0,0.0,0.0,0.0,0.02,0.0,0.0,0.0
43,6,0,5,False,1.7025417522629582,0.28967891308055016,3,qUCB,0.32,0.0,0.62,0.0,0.0,0.0,0.0,0.0,0.0,0.0,0.0,0.0,0.0,0.04,0.02
43,6,0,5,False,1.7025417522629582,0.28967891308055016,4,qUCB,0.0,0.1,0.8,0.04,0.0,0.0,0.0,0.0,0.0,0.0,0.0,0.0,0.0,0.04,0.02
44,1,5,0,True,0.6848249826778109,0.03663590471390066,0,qEHVI,0.4,0.1,0.4,0.0,0.02,0.0,0.0,0.0,0.04,0.0,0.0,0.0,0.0,0.0,0.04
44,1,5,0,True,0.6848249826778109,0.03663590471390066,1,qEHVI,0.42,0.1,0.38,0.02,0.0,0.0,0.0,0.0,0.0,0.0,0.0,0.04,0.0,0.0,0.04
44,1,5,0,True,0.6848249826778109,0.03663590471390066,2,qEHVI,0.48,0.02,0.44,0.02,0.02,0.0,0.0,0.0,0.0,0.0,0.0,0.02,0.0,0.0,0.0
44,1,5,0,True,0.6848249826778109,0.03663590471390066,3,qEHVI,0.54,0.12,0.24,0.0,0.04,0.0,0.0,0.0,0.0,0.0,0.0,0.04,0.0,0.0,0.02
44,1,5,0,True,0.6848249826778109,0.03663590471390066,4,qEHVI,0.44,0.14,0.34,0.02,0.0,0.0,0.0,0.0,0.0,0.0,0.0,0.04,0.0,0.0,0.02
44,2,4,1,False,0.657441003867528,0.1036601699829518,0,qEHVI,0.4,0.1,0.4,0.0,0.02,0.0,0.0,0.0,0.04,0.0,0.0,0.0,0.0,0.0,0.04
44,2,4,1,False,0.657441003867528,0.1036601699829518,1,qEHVI,0.42,0.1,0.38,0.02,0.0,0.0,0.0,0.0,0.0,0.0,0.0,0.04,0.0,0.0,0.04
44,2,4,1,False,0.657441003867528,0.1036601699829518,2,qEHVI,0.48,0.02,0.44,0.02,0.02,0.0,0.0,0.0,0.0,0.0,0.0,0.02,0.0,0.0,0.0
44,2,4,1,False,0.657441003867528,0.1036601699829518,3,qEHVI,0.54,0.12,0.24,0.0,0.04,0.0,0.0,0.0,0.0,0.0,0.0,0.04,0.0,0.0,0.02
44,2,4,1,False,0.657441003867528,0.1036601699829518,4,qUCB,0.42,0.12,0.38,0.0,0.0,0.0,0.0,0.0,0.0,0.0,0.0,0.0,0.0,0.04,0.04
44,3,3,2,False,0.5770535104917629,0.03181659488304689,0,qEHVI,0.4,0.1,0.4,0.0,0.02,0.0,0.0,0.0,0.04,0.0,0.0,0.0,0.0,0.0,0.04
44,3,3,2,False,0.5770535104917629,0.03181659488304689,1,qEHVI,0.42,0.1,0.38,0.02,0.0,0.0,0.0,0.0,0.0,0.0,0.0,0.04,0.0,0.0,0.04
44,3,3,2,False,0.5770535104917629,0.03181659488304689,2,qEHVI,0.48,0.02,0.44,0.02,0.02,0.0,0.0,0.0,0.0,0.0,0.0,0.02,0.0,0.0,0.0
44,3,3,2,False,0.5770535104917629,0.03181659488304689,3,qUCB,0.42,0.12,0.38,0.0,0.0,0.0,0.0,0.0,0.0,0.0,0.0,0.0,0.0,0.04,0.04
44,3,3,2,False,0.5770535104917629,0.03181659488304689,4,qUCB,0.0,0.78,0.12,0.04,0.0,0.0,0.0,0.0,0.04,0.0,0.0,0.0,0.0,0.02,0.0
44,4,2,3,False,0.5350181532862958,0.012410470244681004,0,qEHVI,0.4,0.1,0.4,0.0,0.02,0.0,0.0,0.0,0.04,0.0,0.0,0.0,0.0,0.0,0.04
44,4,2,3,False,0.5350181532862958,0.012410470244681004,1,qEHVI,0.42,0.1,0.38,0.02,0.0,0.0,0.0,0.0,0.0,0.0,0.0,0.04,0.0,0.0,0.04
44,4,2,3,False,0.5350181532862958,0.012410470244681004,2,qUCB,0.48,0.02,0.4,0.02,0.04,0.0,0.0,0.0,0.0,0.0,0.0,0.0,0.0,0.04,0.0
44,4,2,3,False,0.5350181532862958,0.012410470244681004,3,qUCB,0.62,0.08,0.2,0.04,0.04,0.0,0.0,0.0,0.0,0.0,0.0,0.0,0.0,0.02,0.0
44,4,2,3,False,0.5350181532862958,0.012410470244681004,4,qUCB,0.0,0.72,0.2,0.04,0.04,0.0,0.0,0.0,0.0,0.0,0.0,0.0,0.0,0.0,0.0
44,5,1,4,False,0.4676716627530841,0.08318200353707894,0,qEHVI,0.4,0.1,0.4,0.0,0.02,0.0,0.0,0.0,0.04,0.0,0.0,0.0,0.0,0.0,0.04
44,5,1,4,False,0.4676716627530841,0.08318200353707894,1,qUCB,0.34,0.48,0.08,0.04,0.0,0.0,0.0,0.0,0.0,0.0,0.0,0.04,0.0,0.02,0.0
44,5,1,4,False,0.4676716627530841,0.08318200353707894,2,qUCB,0.08,0.02,0.8,0.04,0.0,0.0,0.0,0.0,0.0,0.0,0.0,0.04,0.0,0.02,0.0
44,5,1,4,False,0.4676716627530841,0.08318200353707894,3,qUCB,0.38,0.3,0.22,0.04,0.0,0.0,0.0,0.0,0.0,0.0,0.0,0.04,0.0,0.02,0.0
44,5,1,4,False,0.4676716627530841,0.08318200353707894,4,qUCB,0.2,0.52,0.18,0.04,0.0,0.0,0.0,0.0,0.0,0.0,0.0,0.04,0.0,0.02,0.0
44,6,0,5,False,0.5122426946672433,0.011112160106142355,0,qUCB,0.4,0.1,0.4,0.0,0.02,0.0,0.0,0.0,0.04,0.0,0.0,0.0,0.0,0.0,0.04
44,6,0,5,False,0.5122426946672433,0.011112160106142355,1,qUCB,0.32,0.44,0.14,0.04,0.0,0.0,0.0,0.0,0.0,0.0,0.0,0.04,0.0,0.0,0.02
44,6,0,5,False,0.5122426946672433,0.011112160106142355,2,qUCB,0.0,0.08,0.8200000000000001,0.04,0.0,0.0,0.0,0.0,0.0,0.0,0.0,0.02,0.0,0.02,0.02
44,6,0,5,False,0.5122426946672433,0.011112160106142355,3,qUCB,0.34,0.48,0.08,0.04,0.0,0.0,0.0,0.0,0.0,0.0,0.0,0.04,0.0,0.02,0.0
44,6,0,5,False,0.5122426946672433,0.011112160106142355,4,qUCB,0.0,0.78,0.14,0.0,0.04,0.0,0.0,0.0,0.04,0.0,0.0,0.0,0.0,0.0,0.0
45,1,5,0,True,0.5653969416676677,0.0808361233153354,0,qEHVI,0.42,0.08,0.4,0.02,0.0,0.0,0.0,0.0,0.0,0.0,0.0,0.04,0.0,0.04,0.0
45,1,5,0,True,0.5653969416676677,0.0808361233153354,1,qEHVI,0.4,0.1,0.4,0.0,0.0,0.0,0.0,0.0,0.02,0.0,0.0,0.04,0.0,0.0,0.04
45,1,5,0,True,0.5653969416676677,0.0808361233153354,2,qEHVI,0.46,0.0,0.5,0.0,0.04,0.0,0.0,0.0,0.0,0.0,0.0,0.0,0.0,0.0,0.0
45,1,5,0,True,0.5653969416676677,0.0808361233153354,3,qEHVI,0.7000000000000001,0.16,0.04,0.0,0.0,0.0,0.0,0.0,0.04,0.0,0.0,0.04,0.0,0.02,0.0
45,1,5,0,True,0.5653969416676677,0.0808361233153354,4,qEHVI,0.0,0.56,0.34,0.04,0.0,0.0,0.0,0.0,0.02,0.0,0.0,0.0,0.0,0.0,0.04
45,2,4,1,False,0.6064737245408588,0.050632404119708596,0,qEHVI,0.42,0.08,0.4,0.02,0.0,0.0,0.0,0.0,0.0,0.0,0.0,0.04,0.0,0.04,0.0
45,2,4,1,False,0.6064737245408588,0.050632404119708596,1,qEHVI,0.4,0.1,0.4,0.0,0.0,0.0,0.0,0.0,0.02,0.0,0.0,0.04,0.0,0.0,0.04
45,2,4,1,False,0.6064737245408588,0.050632404119708596,2,qEHVI,0.1,0.0,0.8,0.04,0.02,0.0,0.0,0.0,0.0,0.0,0.0,0.04,0.0,0.0,0.0
45,2,4,1,False,0.6064737245408588,0.050632404119708596,3,qEHVI,0.46,0.0,0.5,0.0,0.04,0.0,0.0,0.0,0.0,0.0,0.0,0.0,0.0,0.0,0.0
45,2,4,1,False,0.6064737245408588,0.050632404119708596,4,qUCB,0.4,0.12,0.4,0.04,0.0,0.0,0.0,0.0,0.04,0.0,0.0,0.0,0.0,0.0,0.0
45,3,3,2,False,0.5224969917154418,0.03093322380871566,0,qEHVI,0.42,0.08,0.4,0.02,0.0,0.0,0.0,0.0,0.0,0.0,0.0,0.04,0.0,0.04,0.0
45,3,3,2,False,0.5224969917154418,0.03093322380871566,1,qEHVI,0.4,0.1,0.4,0.0,0.0,0.0,0.0,0.0,0.02,0.0,0.0,0.04,0.0,0.0,0.04
45,3,3,2,False,0.5224969917154418,0.03093322380871566,2,qEHVI,0.46,0.0,0.5,0.0,0.04,0.0,0.0,0.0,0.0,0.0,0.0,0.0,0.0,0.0,0.0
45,3,3,2,False,0.5224969917154418,0.03093322380871566,3,qUCB,0.4,0.12,0.4,0.04,0.0,0.0,0.0,0.0,0.04,0.0,0.0,0.0,0.0,0.0,0.0
45,3,3,2,False,0.5224969917154418,0.03093322380871566,4,qUCB,0.58,0.16,0.18,0.04,0.0,0.0,0.0,0.0,0.04,0.0,0.0,0.0,0.0,0.0,0.0
45,4,2,3,False,0.5318626862317517,0.046932725989434765,0,qEHVI,0.42,0.08,0.4,0.02,0.0,0.0,0.0,0.0,0.0,0.0,0.0,0.04,0.0,0.04,0.0
45,4,2,3,False,0.5318626862317517,0.046932725989434765,1,qEHVI,0.4,0.1,0.4,0.0,0.0,0.0,0.0,0.0,0.02,0.0,0.0,0.04,0.0,0.0,0.04
45,4,2,3,False,0.5318626862317517,0.046932725989434765,2,qUCB,0.34,0.4,0.16,0.04,0.04,0.0,0.0,0.0,0.0,0.0,0.0,0.0,0.0,0.0,0.02
45,4,2,3,False,0.5318626862317517,0.046932725989434765,3,qUCB,0.0,0.78,0.14,0.0,0.04,0.0,0.0,0.0,0.04,0.0,0.0,0.0,0.0,0.0,0.0
45,4,2,3,False,0.5318626862317517,0.046932725989434765,4,qUCB,0.14,0.0,0.78,0.04,0.04,0.0,0.0,0.0,0.0,0.0,0.0,0.0,0.0,0.0,0.0
45,5,1,4,False,0.4474541081652017,0.0314959485245252,0,qEHVI,0.42,0.08,0.4,0.02,0.0,0.0,0.0,0.0,0.0,0.0,0.0,0.04,0.0,0.04,0.0
45,5,1,4,False,0.4474541081652017,0.0314959485245252,1,qUCB,0.4,0.12,0.38,0.0,0.04,0.0,0.0,0.0,0.04,0.0,0.0,0.0,0.0,0.0,0.02
45,5,1,4,False,0.4474541081652017,0.0314959485245252,2,qUCB,0.0,0.78,0.14,0.0,0.04,0.0,0.0,0.0,0.04,0.0,0.0,0.0,0.0,0.0,0.0
45,5,1,4,False,0.4474541081652017,0.0314959485245252,3,qUCB,0.34,0.4,0.16,0.04,0.04,0.0,0.0,0.0,0.0,0.0,0.0,0.0,0.0,0.0,0.02
45,5,1,4,False,0.4474541081652017,0.0314959485245252,4,qUCB,0.0,0.14,0.78,0.0,0.0,0.0,0.0,0.0,0.04,0.0,0.0,0.0,0.0,0.0,0.04
45,6,0,5,False,0.34701105092048046,0.2978839226079355,0,qUCB,0.7000000000000001,0.16,0.04,0.0,0.0,0.0,0.0,0.0,0.04,0.0,0.0,0.04,0.0,0.02,0.0
45,6,0,5,False,0.34701105092048046,0.2978839226079355,1,qUCB,0.34,0.4,0.16,0.04,0.04,0.0,0.0,0.0,0.0,0.0,0.0,0.0,0.0,0.0,0.02
45,6,0,5,False,0.34701105092048046,0.2978839226079355,2,qUCB,0.1,0.0,0.8,0.04,0.02,0.0,0.0,0.0,0.0,0.0,0.0,0.04,0.0,0.0,0.0
45,6,0,5,False,0.34701105092048046,0.2978839226079355,3,qUCB,0.72,0.0,0.18,0.04,0.0,0.0,0.0,0.0,0.0,0.0,0.0,0.04,0.0,0.02,0.0
45,6,0,5,False,0.34701105092048046,0.2978839226079355,4,qUCB,0.42,0.36,0.2,0.0,0.0,0.0,0.0,0.0,0.02,0.0,0.0,0.0,0.0,0.0,0.0
46,1,5,0,True,0.6766563104151858,0.0932427612410951,0,qEHVI,0.46,0.02,0.44,0.0,0.04,0.0,0.0,0.0,0.0,0.0,0.0,0.04,0.0,0.0,0.0
46,1,5,0,True,0.6766563104151858,0.0932427612410951,1,qEHVI,0.42,0.08,0.4,0.0,0.0,0.0,0.0,0.0,0.02,0.0,0.0,0.04,0.0,0.02,0.02
46,1,5,0,True,0.6766563104151858,0.0932427612410951,2,qEHVI,0.42,0.18,0.3,0.02,0.0,0.0,0.0,0.0,0.04,0.0,0.0,0.04,0.0,0.0,0.0
46,1,5,0,True,0.6766563104151858,0.0932427612410951,3,qEHVI,0.42,0.12,0.36,0.0,0.0,0.0,0.0,0.0,0.04,0.0,0.0,0.0,0.0,0.04,0.02
46,1,5,0,True,0.6766563104151858,0.0932427612410951,4,qEHVI,0.4,0.14,0.4,0.04,0.0,0.0,0.0,0.0,0.0,0.0,0.0,0.0,0.0,0.0,0.02
46,2,4,1,False,0.6808327610069654,0.03225467928768744,0,qEHVI,0.46,0.02,0.44,0.0,0.04,0.0,0.0,0.0,0.0,0.0,0.0,0.04,0.0,0.0,0.0
46,2,4,1,False,0.6808327610069654,0.03225467928768744,1,qEHVI,0.42,0.08,0.4,0.0,0.0,0.0,0.0,0.0,0.02,0.0,0.0,0.04,0.0,0.02,0.02
46,2,4,1,False,0.6808327610069654,0.03225467928768744,2,qEHVI,0.42,0.18,0.3,0.02,0.0,0.0,0.0,0.0,0.04,0.0,0.0,0.04,0.0,0.0,0.0
46,2,4,1,False,0.6808327610069654,0.03225467928768744,3,qEHVI,0.42,0.12,0.36,0.0,0.0,0.0,0.0,0.0,0.04,0.0,0.0,0.0,0.0,0.04,0.02
46,2,4,1,False,0.6808327610069654,0.03225467928768744,4,qUCB,0.4,0.14,0.4,0.04,0.0,0.0,0.0,0.0,0.0,0.0,0.0,0.0,0.0,0.0,0.02
46,3,3,2,False,0.6261542011978137,0.0380067830904629,0,qEHVI,0.46,0.02,0.44,0.0,0.04,0.0,0.0,0.0,0.0,0.0,0.0,0.04,0.0,0.0,0.0
46,3,3,2,False,0.6261542011978137,0.0380067830904629,1,qEHVI,0.42,0.08,0.4,0.0,0.0,0.0,0.0,0.0,0.02,0.0,0.0,0.04,0.0,0.02,0.02
46,3,3,2,False,0.6261542011978137,0.0380067830904629,2,qEHVI,0.42,0.18,0.3,0.02,0.0,0.0,0.0,0.0,0.04,0.0,0.0,0.04,0.0,0.0,0.0
46,3,3,2,False,0.6261542011978137,0.0380067830904629,3,qUCB,0.4,0.14,0.4,0.04,0.0,0.0,0.0,0.0,0.0,0.0,0.0,0.0,0.0,0.0,0.02
46,3,3,2,False,0.6261542011978137,0.0380067830904629,4,qUCB,0.28,0.48,0.16,0.04,0.0,0.0,0.0,0.0,0.0,0.0,0.0,0.0,0.0,0.04,0.0
46,4,2,3,False,0.49822952440526463,0.027659210701011183,0,qEHVI,0.46,0.02,0.44,0.0,0.04,0.0,0.0,0.0,0.0,0.0,0.0,0.04,0.0,0.0,0.0
46,4,2,3,False,0.49822952440526463,0.027659210701011183,1,qEHVI,0.42,0.08,0.4,0.0,0.0,0.0,0.0,0.0,0.02,0.0,0.0,0.04,0.0,0.02,0.02
46,4,2,3,False,0.49822952440526463,0.027659210701011183,2,qUCB,0.38,0.2,0.38,0.04,0.0,0.0,0.0,0.0,0.0,0.0,0.0,0.0,0.0,0.0,0.0
46,4,2,3,False,0.49822952440526463,0.027659210701011183,3,qUCB,0.28,0.48,0.16,0.04,0.0,0.0,0.0,0.0,0.0,0.0,0.0,0.0,0.0,0.04,0.0
46,4,2,3,False,0.49822952440526463,0.027659210701011183,4,qUCB,0.0,0.84,0.12,0.04,0.0,0.0,0.0,0.0,0.0,0.0,0.0,0.0,0.0,0.0,0.0
46,5,1,4,False,0.36677779661368026,0.04780532939515414,0,qEHVI,0.46,0.02,0.44,0.0,0.04,0.0,0.0,0.0,0.0,0.0,0.0,0.04,0.0,0.0,0.0
46,5,1,4,False,0.36677779661368026,0.04780532939515414,1,qUCB,0.38,0.16,0.36,0.0,0.0,0.0,0.0,0.0,0.04,0.0,0.0,0.0,0.0,0.04,0.02
46,5,1,4,False,0.36677779661368026,0.04780532939515414,2,qUCB,0.28,0.48,0.14,0.04,0.0,0.0,0.0,0.0,0.02,0.0,0.0,0.0,0.0,0.0,0.04
46,5,1,4,False,0.36677779661368026,0.04780532939515414,3,qUCB,0.52,0.2,0.18,0.04,0.0,0.0,0.0,0.0,0.04,0.0,0.0,0.0,0.0,0.0,0.02
46,5,1,4,False,0.36677779661368026,0.04780532939515414,4,qUCB,0.4,0.34,0.16,0.04,0.0,0.0,0.0,0.0,0.02,0.0,0.0,0.0,0.0,0.0,0.04
46,6,0,5,False,0.2558099853091252,0.06597612409440007,0,qUCB,0.38,0.16,0.36,0.0,0.0,0.0,0.0,0.0,0.04,0.0,0.0,0.0,0.0,0.04,0.02
46,6,0,5,False,0.2558099853091252,0.06597612409440007,1,qUCB,0.3,0.46,0.14,0.04,0.0,0.0,0.0,0.0,0.0,0.0,0.0,0.04,0.0,0.02,0.0
46,6,0,5,False,0.2558099853091252,0.06597612409440007,2,qUCB,0.84,0.0,0.08,0.0,0.0,0.0,0.0,0.0,0.0,0.0,0.0,0.04,0.0,0.02,0.02
46,6,0,5,False,0.2558099853091252,0.06597612409440007,3,qUCB,0.32,0.34,0.26,0.04,0.0,0.0,0.0,0.0,0.0,0.0,0.0,0.04,0.0,0.0,0.0
46,6,0,5,False,0.2558099853091252,0.06597612409440007,4,qUCB,0.3,0.46,0.16,0.04,0.04,0.0,0.0,0.0,0.0,0.0,0.0,0.0,0.0,0.0,0.0
47,1,5,0,True,0.6409222083855562,0.04778012402715215,0,qEHVI,0.66,0.0,0.34,0.0,0.0,0.0,0.0,0.0,0.0,0.0,0.0,0.0,0.0,0.0,0.0
47,1,5,0,True,0.6409222083855562,0.04778012402715215,1,qEHVI,0.4,0.16,0.38,0.0,0.0,0.0,0.0,0.0,0.0,0.0,0.0,0.04,0.0,0.0,0.02
47,1,5,0,True,0.6409222083855562,0.04778012402715215,2,qEHVI,0.72,0.18,0.04,0.0,0.0,0.0,0.0,0.0,0.02,0.0,0.0,0.0,0.0,0.0,0.04
47,1,5,0,True,0.6409222083855562,0.04778012402715215,3,qEHVI,0.22,0.0,0.76,0.0,0.0,0.0,0.0,0.0,0.0,0.0,0.0,0.0,0.0,0.02,0.0
47,1,5,0,True,0.6409222083855562,0.04778012402715215,4,qEHVI,0.1,0.0,0.8,0.04,0.0,0.0,0.0,0.0,0.0,0.0,0.0,0.04,0.0,0.02,0.0
47,2,4,1,False,0.6229593620519157,0.017856831505919768,0,qEHVI,0.66,0.0,0.34,0.0,0.0,0.0,0.0,0.0,0.0,0.0,0.0,0.0,0.0,0.0,0.0
47,2,4,1,False,0.6229593620519157,0.017856831505919768,1,qEHVI,0.4,0.16,0.38,0.0,0.0,0.0,0.0,0.0,0.0,0.0,0.0,0.04,0.0,0.0,0.02
47,2,4,1,False,0.6229593620519157,0.017856831505919768,2,qEHVI,0.72,0.18,0.04,0.0,0.0,0.0,0.0,0.0,0.02,0.0,0.0,0.0,0.0,0.0,0.04
47,2,4,1,False,0.6229593620519157,0.017856831505919768,3,qEHVI,0.16,0.02,0.78,0.0,0.0,0.0,0.0,0.0,0.0,0.0,0.0,0.04,0.0,0.0,0.0
47,2,4,1,False,0.6229593620519157,0.017856831505919768,4,qUCB,0.3,0.44,0.16,0.04,0.0,0.0,0.0,0.0,0.0,0.0,0.0,0.0,0.0,0.04,0.02
47,3,3,2,False,0.5846190581459415,0.3558334965207508,0,qEHVI,0.66,0.0,0.34,0.0,0.0,0.0,0.0,0.0,0.0,0.0,0.0,0.0,0.0,0.0,0.0
47,3,3,2,False,0.5846190581459415,0.3558334965207508,1,qEHVI,0.4,0.16,0.38,0.0,0.0,0.0,0.0,0.0,0.0,0.0,0.0,0.04,0.0,0.0,0.02
47,3,3,2,False,0.5846190581459415,0.3558334965207508,2,qEHVI,0.72,0.18,0.04,0.0,0.0,0.0,0.0,0.0,0.02,0.0,0.0,0.0,0.0,0.0,0.04
47,3,3,2,False,0.5846190581459415,0.3558334965207508,3,qUCB,0.3,0.44,0.16,0.04,0.0,0.0,0.0,0.0,0.0,0.0,0.0,0.0,0.0,0.04,0.02
47,3,3,2,False,0.5846190581459415,0.3558334965207508,4,qUCB,0.04,0.72,0.14,0.0,0.04,0.0,0.0,0.0,0.02,0.0,0.0,0.0,0.0,0.04,0.0
47,4,2,3,False,0.6084191561940986,0.22347627676760506,0,qEHVI,0.66,0.0,0.34,0.0,0.0,0.0,0.0,0.0,0.0,0.0,0.0,0.0,0.0,0.0,0.0
47,4,2,3,False,0.6084191561940986,0.22347627676760506,1,qEHVI,0.4,0.16,0.38,0.0,0.0,0.0,0.0,0.0,0.0,0.0,0.0,0.04,0.0,0.0,0.02
47,4,2,3,False,0.6084191561940986,0.22347627676760506,2,qUCB,0.32,0.42,0.16,0.04,0.02,0.0,0.0,0.0,0.0,0.0,0.0,0.0,0.0,0.0,0.04
47,4,2,3,False,0.6084191561940986,0.22347627676760506,3,qUCB,0.0,0.76,0.14,0.0,0.04,0.0,0.0,0.0,0.02,0.0,0.0,0.0,0.0,0.0,0.04
47,4,2,3,False,0.6084191561940986,0.22347627676760506,4,qUCB,0.02,0.06,0.8200000000000001,0.04,0.0,0.0,0.0,0.0,0.04,0.0,0.0,0.02,0.0,0.0,0.0
47,5,1,4,False,0.4256324515698895,0.007353510211595804,0,qEHVI,0.66,0.0,0.34,0.0,0.0,0.0,0.0,0.0,0.0,0.0,0.0,0.0,0.0,0.0,0.0
47,5,1,4,False,0.4256324515698895,0.007353510211595804,1,qUCB,0.42,0.46,0.02,0.0,0.04,0.0,0.0,0.0,0.0,0.0,0.0,0.04,0.0,0.02,0.0
47,5,1,4,False,0.4256324515698895,0.007353510211595804,2,qUCB,0.0,0.76,0.14,0.0,0.04,0.0,0.0,0.0,0.02,0.0,0.0,0.0,0.0,0.0,0.04
47,5,1,4,False,0.4256324515698895,0.007353510211595804,3,qUCB,0.0,0.1,0.8,0.04,0.0,0.0,0.0,0.0,0.0,0.0,0.0,0.04,0.0,0.02,0.0
47,5,1,4,False,0.4256324515698895,0.007353510211595804,4,qUCB,0.02,0.68,0.2,0.04,0.0,0.0,0.0,0.0,0.0,0.0,0.0,0.04,0.0,0.02,0.0
47,6,0,5,False,0.5497041166939186,0.11962283593635625,0,qUCB,0.44,0.06,0.4,0.02,0.04,0.0,0.0,0.0,0.0,0.0,0.0,0.02,0.0,0.02,0.0
47,6,0,5,False,0.5497041166939186,0.11962283593635625,1,qUCB,0.22,0.0,0.76,0.0,0.0,0.0,0.0,0.0,0.0,0.0,0.0,0.0,0.0,0.02,0.0
47,6,0,5,False,0.5497041166939186,0.11962283593635625,2,qUCB,0.0,0.1,0.8,0.04,0.0,0.0,0.0,0.0,0.0,0.0,0.0,0.04,0.0,0.02,0.0
47,6,0,5,False,0.5497041166939186,0.11962283593635625,3,qUCB,0.4,0.34,0.16,0.04,0.04,0.0,0.0,0.0,0.02,0.0,0.0,0.0,0.0,0.0,0.0
47,6,0,5,False,0.5497041166939186,0.11962283593635625,4,qUCB,0.38,0.0,0.6,0.0,0.0,0.0,0.0,0.0,0.02,0.0,0.0,0.0,0.0,0.0,0.0
48,1,5,0,True,1.214949719017124,0.16937119180862004,0,qEHVI,0.4,0.12,0.38,0.02,0.0,0.0,0.0,0.0,0.02,0.0,0.0,0.02,0.0,0.04,0.0
48,1,5,0,True,1.214949719017124,0.16937119180862004,1,qEHVI,0.36,0.04,0.6,0.0,0.0,0.0,0.0,0.0,0.0,0.0,0.0,0.0,0.0,0.0,0.0
48,1,5,0,True,1.214949719017124,0.16937119180862004,2,qEHVI,0.36,0.48,0.06,0.04,0.02,0.0,0.0,0.0,0.0,0.0,0.0,0.04,0.0,0.0,0.0
48,1,5,0,True,1.214949719017124,0.16937119180862004,3,qEHVI,0.68,0.3,0.0,0.0,0.0,0.0,0.0,0.0,0.0,0.0,0.0,0.02,0.0,0.0,0.0
48,1,5,0,True,1.214949719017124,0.16937119180862004,4,qEHVI,0.16,0.54,0.2,0.04,0.0,0.0,0.0,0.0,0.0,0.0,0.0,0.04,0.0,0.02,0.0
48,2,4,1,False,0.9131116224010671,0.030401665509919518,0,qEHVI,0.36,0.04,0.6,0.0,0.0,0.0,0.0,0.0,0.0,0.0,0.0,0.0,0.0,0.0,0.0
48,2,4,1,False,0.9131116224010671,0.030401665509919518,1,qEHVI,0.36,0.48,0.06,0.04,0.02,0.0,0.0,0.0,0.0,0.0,0.0,0.04,0.0,0.0,0.0
48,2,4,1,False,0.9131116224010671,0.030401665509919518,2,qEHVI,0.4,0.12,0.38,0.02,0.0,0.0,0.0,0.0,0.02,0.0,0.0,0.02,0.0,0.04,0.0
48,2,4,1,False,0.9131116224010671,0.030401665509919518,3,qEHVI,0.02,0.68,0.2,0.04,0.0,0.0,0.0,0.0,0.0,0.0,0.0,0.04,0.0,0.0,0.02
48,2,4,1,False,0.9131116224010671,0.030401665509919518,4,qUCB,0.66,0.22,0.02,0.0,0.0,0.0,0.0,0.0,0.02,0.0,0.0,0.04,0.0,0.0,0.04
48,3,3,2,False,0.9068433386141738,0.2388869064093595,0,qEHVI,0.36,0.48,0.06,0.04,0.02,0.0,0.0,0.0,0.0,0.0,0.0,0.04,0.0,0.0,0.0
48,3,3,2,False,0.9068433386141738,0.2388869064093595,1,qEHVI,0.36,0.04,0.6,0.0,0.0,0.0,0.0,0.0,0.0,0.0,0.0,0.0,0.0,0.0,0.0
48,3,3,2,False,0.9068433386141738,0.2388869064093595,2,qEHVI,0.4,0.12,0.38,0.02,0.0,0.0,0.0,0.0,0.02,0.0,0.0,0.02,0.0,0.04,0.0
48,3,3,2,False,0.9068433386141738,0.2388869064093595,3,qUCB,0.66,0.22,0.02,0.0,0.0,0.0,0.0,0.0,0.02,0.0,0.0,0.04,0.0,0.0,0.04
48,3,3,2,False,0.9068433386141738,0.2388869064093595,4,qUCB,0.32,0.4,0.2,0.0,0.0,0.0,0.0,0.0,0.04,0.0,0.0,0.0,0.0,0.0,0.04
48,4,2,3,False,0.838516933738351,0.18122713254386458,0,qEHVI,0.4,0.12,0.38,0.02,0.0,0.0,0.0,0.0,0.02,0.0,0.0,0.02,0.0,0.04,0.0
48,4,2,3,False,0.838516933738351,0.18122713254386458,1,qEHVI,0.36,0.48,0.06,0.04,0.02,0.0,0.0,0.0,0.0,0.0,0.0,0.04,0.0,0.0,0.0
48,4,2,3,False,0.838516933738351,0.18122713254386458,2,qUCB,0.38,0.12,0.42,0.0,0.04,0.0,0.0,0.0,0.0,0.0,0.0,0.0,0.0,0.0,0.04
48,4,2,3,False,0.838516933738351,0.18122713254386458,3,qUCB,0.42,0.28,0.2,0.0,0.04,0.0,0.0,0.0,0.02,0.0,0.0,0.0,0.0,0.0,0.04
48,4,2,3,False,0.838516933738351,0.18122713254386458,4,qUCB,0.0,0.1,0.8,0.0,0.04,0.0,0.0,0.0,0.02,0.0,0.0,0.0,0.0,0.0,0.04
48,5,1,4,False,0.7998987557562837,0.18262908878758388,0,qEHVI,0.36,0.04,0.6,0.0,0.0,0.0,0.0,0.0,0.0,0.0,0.0,0.0,0.0,0.0,0.0
48,5,1,4,False,0.7998987557562837,0.18262908878758388,1,qUCB,0.36,0.48,0.06,0.04,0.02,0.0,0.0,0.0,0.0,0.0,0.0,0.04,0.0,0.0,0.0
48,5,1,4,False,0.7998987557562837,0.18262908878758388,2,qUCB,0.0,0.78,0.12,0.04,0.0,0.0,0.0,0.0,0.0,0.0,0.0,0.04,0.0,0.02,0.0
48,5,1,4,False,0.7998987557562837,0.18262908878758388,3,qUCB,0.3,0.46,0.14,0.04,0.04,0.0,0.0,0.0,0.02,0.0,0.0,0.0,0.0,0.0,0.0
48,5,1,4,False,0.7998987557562837,0.18262908878758388,4,qUCB,0.02,0.68,0.2,0.04,0.0,0.0,0.0,0.0,0.0,0.0,0.0,0.04,0.0,0.0,0.02
48,6,0,5,False,0.6419980685005002,0.23826400960498262,0,qUCB,0.36,0.48,0.06,0.04,0.02,0.0,0.0,0.0,0.0,0.0,0.0,0.04,0.0,0.0,0.0
48,6,0,5,False,0.6419980685005002,0.23826400960498262,1,qUCB,0.3,0.46,0.14,0.04,0.04,0.0,0.0,0.0,0.02,0.0,0.0,0.0,0.0,0.0,0.0
48,6,0,5,False,0.6419980685005002,0.23826400960498262,2,qUCB,0.0,0.78,0.12,0.04,0.0,0.0,0.0,0.0,0.0,0.0,0.0,0.04,0.0,0.02,0.0
48,6,0,5,False,0.6419980685005002,0.23826400960498262,3,qUCB,0.16,0.54,0.2,0.04,0.0,0.0,0.0,0.0,0.0,0.0,0.0,0.04,0.0,0.02,0.0
48,6,0,5,False,0.6419980685005002,0.23826400960498262,4,qUCB,0.7000000000000001,0.0,0.2,0.04,0.0,0.0,0.0,0.0,0.04,0.0,0.0,0.0,0.0,0.0,0.02
49,1,5,0,True,0.8868703251352439,0.02084172751744795,0,qEHVI,0.5,0.0,0.48,0.0,0.0,0.0,0.0,0.0,0.0,0.0,0.0,0.0,0.0,0.02,0.0
49,1,5,0,True,0.8868703251352439,0.02084172751744795,1,qEHVI,0.38,0.16,0.38,0.02,0.0,0.0,0.0,0.0,0.0,0.0,0.0,0.04,0.0,0.02,0.0
49,1,5,0,True,0.8868703251352439,0.02084172751744795,2,qEHVI,0.42,0.32,0.2,0.0,0.0,0.0,0.0,0.0,0.0,0.0,0.0,0.0,0.0,0.02,0.04
49,1,5,0,True,0.8868703251352439,0.02084172751744795,3,qEHVI,0.46,0.0,0.46,0.0,0.0,0.0,0.0,0.0,0.04,0.0,0.0,0.04,0.0,0.0,0.0
49,1,5,0,True,0.8868703251352439,0.02084172751744795,4,qEHVI,0.68,0.2,0.02,0.0,0.0,0.0,0.0,0.0,0.04,0.0,0.0,0.0,0.0,0.04,0.02
49,2,4,1,False,0.7809058874816156,0.04145079183565947,0,qEHVI,0.5,0.0,0.48,0.0,0.0,0.0,0.0,0.0,0.0,0.0,0.0,0.0,0.0,0.02,0.0
49,2,4,1,False,0.7809058874816156,0.04145079183565947,1,qEHVI,0.38,0.16,0.38,0.02,0.0,0.0,0.0,0.0,0.0,0.0,0.0,0.04,0.0,0.02,0.0
49,2,4,1,False,0.7809058874816156,0.04145079183565947,2,qEHVI,0.42,0.32,0.2,0.0,0.0,0.0,0.0,0.0,0.0,0.0,0.0,0.0,0.0,0.02,0.04
49,2,4,1,False,0.7809058874816156,0.04145079183565947,3,qEHVI,0.46,0.0,0.46,0.0,0.0,0.0,0.0,0.0,0.04,0.0,0.0,0.04,0.0,0.0,0.0
49,2,4,1,False,0.7809058874816156,0.04145079183565947,4,qUCB,0.4,0.32,0.18,0.04,0.04,0.0,0.0,0.0,0.02,0.0,0.0,0.0,0.0,0.0,0.0
49,3,3,2,False,0.670072498723193,0.09652585519167145,0,qEHVI,0.5,0.0,0.48,0.0,0.0,0.0,0.0,0.0,0.0,0.0,0.0,0.0,0.0,0.02,0.0
49,3,3,2,False,0.670072498723193,0.09652585519167145,1,qEHVI,0.38,0.16,0.38,0.02,0.0,0.0,0.0,0.0,0.0,0.0,0.0,0.04,0.0,0.02,0.0
49,3,3,2,False,0.670072498723193,0.09652585519167145,2,qEHVI,0.42,0.32,0.2,0.0,0.0,0.0,0.0,0.0,0.0,0.0,0.0,0.0,0.0,0.02,0.04
49,3,3,2,False,0.670072498723193,0.09652585519167145,3,qUCB,0.4,0.32,0.18,0.04,0.04,0.0,0.0,0.0,0.02,0.0,0.0,0.0,0.0,0.0,0.0
49,3,3,2,False,0.670072498723193,0.09652585519167145,4,qUCB,0.0,0.78,0.12,0.0,0.04,0.0,0.0,0.0,0.04,0.0,0.0,0.0,0.0,0.02,0.0
49,4,2,3,False,0.6404244104603823,0.018280293067590936,0,qEHVI,0.5,0.0,0.48,0.0,0.0,0.0,0.0,0.0,0.0,0.0,0.0,0.0,0.0,0.02,0.0
49,4,2,3,False,0.6404244104603823,0.018280293067590936,1,qEHVI,0.38,0.16,0.38,0.02,0.0,0.0,0.0,0.0,0.0,0.0,0.0,0.04,0.0,0.02,0.0
49,4,2,3,False,0.6404244104603823,0.018280293067590936,2,qUCB,0.66,0.18,0.06,0.0,0.0,0.0,0.0,0.0,0.04,0.0,0.0,0.02,0.0,0.0,0.04
49,4,2,3,False,0.6404244104603823,0.018280293067590936,3,qUCB,0.0,0.78,0.12,0.0,0.04,0.0,0.0,0.0,0.04,0.0,0.0,0.0,0.0,0.02,0.0
49,4,2,3,False,0.6404244104603823,0.018280293067590936,4,qUCB,0.42,0.32,0.16,0.04,0.04,0.0,0.0,0.0,0.02,0.0,0.0,0.0,0.0,0.0,0.0
49,5,1,4,False,0.5369968049463362,0.020032737674352763,0,qEHVI,0.5,0.0,0.48,0.0,0.0,0.0,0.0,0.0,0.0,0.0,0.0,0.0,0.0,0.02,0.0
49,5,1,4,False,0.5369968049463362,0.020032737674352763,1,qUCB,0.7000000000000001,0.14,0.06,0.0,0.0,0.0,0.0,0.0,0.02,0.0,0.0,0.04,0.0,0.0,0.04
49,5,1,4,False,0.5369968049463362,0.020032737674352763,2,qUCB,0.0,0.8,0.1,0.0,0.04,0.0,0.0,0.0,0.0,0.0,0.0,0.04,0.0,0.0,0.02
49,5,1,4,False,0.5369968049463362,0.020032737674352763,3,qUCB,0.34,0.42,0.14,0.04,0.0,0.0,0.0,0.0,0.0,0.0,0.0,0.02,0.0,0.0,0.04
49,5,1,4,False,0.5369968049463362,0.020032737674352763,4,qUCB,0.0,0.78,0.12,0.0,0.04,0.0,0.0,0.0,0.04,0.0,0.0,0.0,0.0,0.02,0.0
49,6,0,5,False,0.5426951925239448,0.01691656555494525,0,qUCB,0.42,0.08,0.4,0.0,0.04,0.0,0.0,0.0,0.02,0.0,0.0,0.04,0.0,0.0,0.0
49,6,0,5,False,0.5426951925239448,0.01691656555494525,1,qUCB,0.42,0.32,0.2,0.0,0.0,0.0,0.0,0.0,0.0,0.0,0.0,0.0,0.0,0.02,0.04
49,6,0,5,False,0.5426951925239448,0.01691656555494525,2,qUCB,0.42,0.32,0.16,0.04,0.04,0.0,0.0,0.0,0.02,0.0,0.0,0.0,0.0,0.0,0.0
49,6,0,5,False,0.5426951925239448,0.01691656555494525,3,qUCB,0.72,0.02,0.2,0.04,0.0,0.0,0.0,0.0,0.0,0.0,0.0,0.02,0.0,0.0,0.0
49,6,0,5,False,0.5426951925239448,0.01691656555494525,4,qUCB,0.34,0.42,0.14,0.04,0.0,0.0,0.0,0.0,0.0,0.0,0.0,0.02,0.0,0.0,0.04
50,1,5,0,True,0.85395408066205,0.05642616449275195,0,qEHVI,0.4,0.12,0.38,0.02,0.0,0.0,0.0,0.0,0.0,0.0,0.0,0.04,0.0,0.04,0.0
50,1,5,0,True,0.85395408066205,0.05642616449275195,1,qEHVI,0.72,0.14,0.04,0.0,0.0,0.0,0.0,0.0,0.04,0.0,0.0,0.0,0.0,0.02,0.04
50,1,5,0,True,0.85395408066205,0.05642616449275195,2,qEHVI,0.0,0.6,0.38,0.0,0.0,0.0,0.0,0.0,0.0,0.0,0.0,0.0,0.0,0.0,0.02
50,1,5,0,True,0.85395408066205,0.05642616449275195,3,qEHVI,0.4,0.12,0.4,0.02,0.04,0.0,0.0,0.0,0.0,0.0,0.0,0.0,0.0,0.0,0.02
50,1,5,0,True,0.85395408066205,0.05642616449275195,4,qEHVI,0.64,0.2,0.06,0.0,0.02,0.0,0.0,0.0,0.02,0.0,0.0,0.02,0.0,0.0,0.04
50,2,4,1,False,0.8142636283835041,0.04101479740199654,0,qEHVI,0.4,0.12,0.38,0.02,0.0,0.0,0.0,0.0,0.0,0.0,0.0,0.04,0.0,0.04,0.0
50,2,4,1,False,0.8142636283835041,0.04101479740199654,1,qEHVI,0.72,0.14,0.04,0.0,0.0,0.0,0.0,0.0,0.04,0.0,0.0,0.0,0.0,0.02,0.04
50,2,4,1,False,0.8142636283835041,0.04101479740199654,2,qEHVI,0.0,0.6,0.38,0.0,0.0,0.0,0.0,0.0,0.0,0.0,0.0,0.0,0.0,0.0,0.02
50,2,4,1,False,0.8142636283835041,0.04101479740199654,3,qEHVI,0.88,0.0,0.1,0.0,0.0,0.0,0.0,0.0,0.0,0.0,0.0,0.02,0.0,0.0,0.0
50,2,4,1,False,0.8142636283835041,0.04101479740199654,4,qUCB,0.4,0.14,0.38,0.04,0.04,0.0,0.0,0.0,0.0,0.0,0.0,0.0,0.0,0.0,0.0
50,3,3,2,False,0.6998752140114152,0.028480989302446247,0,qEHVI,0.4,0.12,0.38,0.02,0.0,0.0,0.0,0.0,0.0,0.0,0.0,0.04,0.0,0.04,0.0
50,3,3,2,False,0.6998752140114152,0.028480989302446247,1,qEHVI,0.72,0.14,0.04,0.0,0.0,0.0,0.0,0.0,0.04,0.0,0.0,0.0,0.0,0.02,0.04
50,3,3,2,False,0.6998752140114152,0.028480989302446247,2,qEHVI,0.0,0.6,0.38,0.0,0.0,0.0,0.0,0.0,0.0,0.0,0.0,0.0,0.0,0.0,0.02
50,3,3,2,False,0.6998752140114152,0.028480989302446247,3,qUCB,0.46,0.04,0.42,0.04,0.04,0.0,0.0,0.0,0.0,0.0,0.0,0.0,0.0,0.0,0.0
50,3,3,2,False,0.6998752140114152,0.028480989302446247,4,qUCB,0.38,0.38,0.14,0.04,0.04,0.0,0.0,0.0,0.0,0.0,0.0,0.0,0.0,0.02,0.0
50,4,2,3,False,0.6404962082961422,0.0142620723211479,0,qEHVI,0.4,0.12,0.38,0.02,0.0,0.0,0.0,0.0,0.0,0.0,0.0,0.04,0.0,0.04,0.0
50,4,2,3,False,0.6404962082961422,0.0142620723211479,1,qEHVI,0.72,0.14,0.04,0.0,0.0,0.0,0.0,0.0,0.04,0.0,0.0,0.0,0.0,0.02,0.04
50,4,2,3,False,0.6404962082961422,0.0142620723211479,2,qUCB,0.3,0.42,0.18,0.04,0.04,0.0,0.0,0.0,0.02,0.0,0.0,0.0,0.0,0.0,0.0
50,4,2,3,False,0.6404962082961422,0.0142620723211479,3,qUCB,0.04,0.8,0.12,0.0,0.04,0.0,0.0,0.0,0.0,0.0,0.0,0.0,0.0,0.0,0.0
50,4,2,3,False,0.6404962082961422,0.0142620723211479,4,qUCB,0.0,0.8,0.1,0.04,0.04,0.0,0.0,0.0,0.0,0.0,0.0,0.0,0.0,0.0,0.02
50,5,1,4,False,0.44121587930534645,0.13705818523817115,0,qEHVI,0.4,0.12,0.38,0.02,0.0,0.0,0.0,0.0,0.0,0.0,0.0,0.04,0.0,0.04,0.0
50,5,1,4,False,0.44121587930534645,0.13705818523817115,1,qUCB,0.4,0.08,0.42,0.0,0.04,0.0,0.0,0.0,0.04,0.0,0.0,0.0,0.0,0.0,0.02
50,5,1,4,False,0.44121587930534645,0.13705818523817115,2,qUCB,0.02,0.76,0.12,0.0,0.04,0.0,0.0,0.0,0.0,0.0,0.0,0.02,0.0,0.0,0.04
50,5,1,4,False,0.44121587930534645,0.13705818523817115,3,qUCB,0.32,0.4,0.18,0.0,0.04,0.0,0.0,0.0,0.02,0.0,0.0,0.0,0.0,0.0,0.04
50,5,1,4,False,0.44121587930534645,0.13705818523817115,4,qUCB,0.22,0.54,0.16,0.04,0.04,0.0,0.0,0.0,0.0,0.0,0.0,0.0,0.0,0.0,0.0
50,6,0,5,False,0.6413038944350598,0.02718348622554423,0,qUCB,0.4,0.12,0.4,0.02,0.04,0.0,0.0,0.0,0.0,0.0,0.0,0.0,0.0,0.0,0.02
50,6,0,5,False,0.6413038944350598,0.02718348622554423,1,qUCB,0.3,0.46,0.14,0.04,0.02,0.0,0.0,0.0,0.0,0.0,0.0,0.02,0.0,0.0,0.02
50,6,0,5,False,0.6413038944350598,0.02718348622554423,2,qUCB,0.88,0.0,0.1,0.0,0.0,0.0,0.0,0.0,0.0,0.0,0.0,0.02,0.0,0.0,0.0
50,6,0,5,False,0.6413038944350598,0.02718348622554423,3,qUCB,0.72,0.0,0.18,0.04,0.0,0.0,0.0,0.0,0.0,0.0,0.0,0.04,0.0,0.02,0.0
50,6,0,5,False,0.6413038944350598,0.02718348622554423,4,qUCB,0.0,0.84,0.12,0.0,0.0,0.0,0.0,0.0,0.0,0.0,0.0,0.0,0.0,0.04,0.0
