iteration,option,n_opt,n_exp,selected,full_qehvi,full_entropy,point_idx,source,x_0,x_1,x_2,x_3,x_4,x_5,x_6,x_7,x_8,x_9,x_10,x_11,x_12,x_13,x_14
1,1,5,0,False,4.93534446049969,0.37254808537614537,0,qEHVI,0.76,0.0,0.14,0.02,0.04,0.0,0.0,0.0,0.0,0.0,0.0,0.0,0.0,0.0,0.04
1,1,5,0,False,4.93534446049969,0.37254808537614537,1,qEHVI,0.0,0.9400000000000001,0.02,0.0,0.04,0.0,0.0,0.0,0.0,0.0,0.0,0.0,0.0,0.0,0.0
1,1,5,0,False,4.93534446049969,0.37254808537614537,2,qEHVI,0.04,0.84,0.02,0.04,0.0,0.0,0.0,0.0,0.0,0.0,0.0,0.02,0.0,0.0,0.04
1,1,5,0,False,4.93534446049969,0.37254808537614537,3,qEHVI,0.32,0.56,0.02,0.04,0.04,0.0,0.0,0.0,0.0,0.0,0.0,0.0,0.0,0.02,0.0
1,1,5,0,False,4.93534446049969,0.37254808537614537,4,qEHVI,0.42,0.4,0.08,0.04,0.0,0.0,0.0,0.0,0.02,0.0,0.0,0.0,0.0,0.0,0.04
1,2,4,1,True,4.763639121208527,0.3793843301190485,0,qEHVI,0.76,0.0,0.14,0.02,0.04,0.0,0.0,0.0,0.0,0.0,0.0,0.0,0.0,0.0,0.04
1,2,4,1,True,4.763639121208527,0.3793843301190485,1,qEHVI,0.0,0.9400000000000001,0.02,0.0,0.04,0.0,0.0,0.0,0.0,0.0,0.0,0.0,0.0,0.0,0.0
1,2,4,1,True,4.763639121208527,0.3793843301190485,2,qEHVI,0.04,0.84,0.02,0.04,0.0,0.0,0.0,0.0,0.0,0.0,0.0,0.02,0.0,0.0,0.04
1,2,4,1,True,4.763639121208527,0.3793843301190485,3,qEHVI,0.32,0.56,0.02,0.04,0.04,0.0,0.0,0.0,0.0,0.0,0.0,0.0,0.0,0.02,0.0
1,2,4,1,True,4.763639121208527,0.3793843301190485,4,qUCB,0.0,0.04,0.88,0.0,0.0,0.0,0.0,0.0,0.04,0.0,0.0,0.04,0.0,0.0,0.0
1,3,3,2,False,4.489406278066581,0.31458651964345563,0,qEHVI,0.76,0.0,0.14,0.02,0.04,0.0,0.0,0.0,0.0,0.0,0.0,0.0,0.0,0.0,0.04
1,3,3,2,False,4.489406278066581,0.31458651964345563,1,qEHVI,0.0,0.9400000000000001,0.02,0.0,0.04,0.0,0.0,0.0,0.0,0.0,0.0,0.0,0.0,0.0,0.0
1,3,3,2,False,4.489406278066581,0.31458651964345563,2,qEHVI,0.04,0.84,0.02,0.04,0.0,0.0,0.0,0.0,0.0,0.0,0.0,0.02,0.0,0.0,0.04
1,3,3,2,False,4.489406278066581,0.31458651964345563,3,qUCB,0.04,0.0,0.86,0.0,0.0,0.0,0.0,0.0,0.04,0.0,0.0,0.02,0.0,0.04,0.0
1,3,3,2,False,4.489406278066581,0.31458651964345563,4,qUCB,0.0,0.04,0.88,0.0,0.0,0.0,0.0,0.0,0.04,0.0,0.0,0.04,0.0,0.0,0.0
1,4,2,3,False,4.114041326083019,0.36063932147068556,0,qEHVI,0.76,0.0,0.14,0.02,0.04,0.0,0.0,0.0,0.0,0.0,0.0,0.0,0.0,0.0,0.04
1,4,2,3,False,4.114041326083019,0.36063932147068556,1,qEHVI,0.0,0.9400000000000001,0.02,0.0,0.04,0.0,0.0,0.0,0.0,0.0,0.0,0.0,0.0,0.0,0.0
1,4,2,3,False,4.114041326083019,0.36063932147068556,2,qUCB,0.0,0.1,0.8,0.04,0.0,0.0,0.0,0.0,0.04,0.0,0.0,0.02,0.0,0.0,0.0
1,4,2,3,False,4.114041326083019,0.36063932147068556,3,qUCB,0.04,0.0,0.86,0.0,0.0,0.0,0.0,0.0,0.04,0.0,0.0,0.02,0.0,0.04,0.0
1,4,2,3,False,4.114041326083019,0.36063932147068556,4,qUCB,0.0,0.14,0.78,0.04,0.0,0.0,0.0,0.0,0.0,0.0,0.0,0.0,0.0,0.04,0.0
1,5,1,4,False,4.4874271002798185,0.5007043431251237,0,qEHVI,0.76,0.0,0.14,0.02,0.04,0.0,0.0,0.0,0.0,0.0,0.0,0.0,0.0,0.0,0.04
1,5,1,4,False,4.4874271002798185,0.5007043431251237,1,qUCB,0.02,0.8,0.08,0.0,0.0,0.0,0.0,0.0,0.04,0.0,0.0,0.02,0.0,0.04,0.0
1,5,1,4,False,4.4874271002798185,0.5007043431251237,2,qUCB,0.04,0.0,0.86,0.0,0.0,0.0,0.0,0.0,0.04,0.0,0.0,0.02,0.0,0.04,0.0
1,5,1,4,False,4.4874271002798185,0.5007043431251237,3,qUCB,0.02,0.84,0.04,0.04,0.0,0.0,0.0,0.0,0.02,0.0,0.0,0.04,0.0,0.0,0.0
1,5,1,4,False,4.4874271002798185,0.5007043431251237,4,qUCB,0.0,0.04,0.88,0.0,0.0,0.0,0.0,0.0,0.04,0.0,0.0,0.04,0.0,0.0,0.0
1,6,0,5,False,4.646259906466721,0.43750940766348023,0,qUCB,0.7000000000000001,0.14,0.06,0.04,0.04,0.0,0.0,0.0,0.0,0.0,0.0,0.02,0.0,0.0,0.0
1,6,0,5,False,4.646259906466721,0.43750940766348023,1,qUCB,0.0,0.9400000000000001,0.02,0.0,0.04,0.0,0.0,0.0,0.0,0.0,0.0,0.0,0.0,0.0,0.0
1,6,0,5,False,4.646259906466721,0.43750940766348023,2,qUCB,0.18,0.72,0.0,0.04,0.0,0.0,0.0,0.0,0.0,0.0,0.0,0.02,0.0,0.0,0.04
1,6,0,5,False,4.646259906466721,0.43750940766348023,3,qUCB,0.02,0.84,0.04,0.02,0.0,0.0,0.0,0.0,0.0,0.0,0.0,0.0,0.0,0.04,0.04
1,6,0,5,False,4.646259906466721,0.43750940766348023,4,qUCB,0.14,0.72,0.04,0.04,0.0,0.0,0.0,0.0,0.02,0.0,0.0,0.0,0.0,0.04,0.0
2,1,5,0,False,6.140234697532957,0.9569345873031576,0,qEHVI,0.04,0.04,0.8200000000000001,0.04,0.0,0.0,0.0,0.0,0.0,0.0,0.0,0.0,0.0,0.04,0.02
2,1,5,0,False,6.140234697532957,0.9569345873031576,1,qEHVI,0.72,0.18,0.0,0.04,0.0,0.0,0.0,0.0,0.02,0.0,0.0,0.0,0.0,0.04,0.0
2,1,5,0,False,6.140234697532957,0.9569345873031576,2,qEHVI,0.2,0.04,0.66,0.04,0.0,0.0,0.0,0.0,0.04,0.0,0.0,0.0,0.0,0.0,0.02
2,1,5,0,False,6.140234697532957,0.9569345873031576,3,qEHVI,0.88,0.02,0.0,0.0,0.0,0.0,0.0,0.0,0.04,0.0,0.0,0.02,0.0,0.0,0.04
2,1,5,0,False,6.140234697532957,0.9569345873031576,4,qEHVI,0.08,0.0,0.84,0.0,0.0,0.0,0.0,0.0,0.04,0.0,0.0,0.0,0.0,0.04,0.0
2,2,4,1,False,5.459192332992001,0.9854805582940465,0,qEHVI,0.04,0.04,0.8200000000000001,0.04,0.0,0.0,0.0,0.0,0.0,0.0,0.0,0.0,0.0,0.04,0.02
2,2,4,1,False,5.459192332992001,0.9854805582940465,1,qEHVI,0.72,0.18,0.0,0.04,0.0,0.0,0.0,0.0,0.02,0.0,0.0,0.0,0.0,0.04,0.0
2,2,4,1,False,5.459192332992001,0.9854805582940465,2,qEHVI,0.2,0.04,0.66,0.04,0.0,0.0,0.0,0.0,0.04,0.0,0.0,0.0,0.0,0.0,0.02
2,2,4,1,False,5.459192332992001,0.9854805582940465,3,qEHVI,0.88,0.02,0.0,0.0,0.0,0.0,0.0,0.0,0.04,0.0,0.0,0.02,0.0,0.0,0.04
2,2,4,1,False,5.459192332992001,0.9854805582940465,4,qUCB,0.74,0.08,0.08,0.02,0.04,0.0,0.0,0.0,0.0,0.0,0.0,0.04,0.0,0.0,0.0
2,3,3,2,True,5.473453625118902,0.9971353968683587,0,qEHVI,0.04,0.04,0.8200000000000001,0.04,0.0,0.0,0.0,0.0,0.0,0.0,0.0,0.0,0.0,0.04,0.02
2,3,3,2,True,5.473453625118902,0.9971353968683587,1,qEHVI,0.72,0.18,0.0,0.04,0.0,0.0,0.0,0.0,0.02,0.0,0.0,0.0,0.0,0.04,0.0
2,3,3,2,True,5.473453625118902,0.9971353968683587,2,qEHVI,0.34,0.02,0.54,0.04,0.0,0.0,0.0,0.0,0.04,0.0,0.0,0.0,0.0,0.0,0.02
2,3,3,2,True,5.473453625118902,0.9971353968683587,3,qUCB,0.72,0.14,0.04,0.0,0.04,0.0,0.0,0.0,0.0,0.0,0.0,0.04,0.0,0.0,0.02
2,3,3,2,True,5.473453625118902,0.9971353968683587,4,qUCB,0.0,0.84,0.06,0.0,0.04,0.0,0.0,0.0,0.0,0.0,0.0,0.0,0.0,0.04,0.02
2,4,2,3,False,4.967589180780395,0.45036607470502155,0,qEHVI,0.04,0.04,0.8200000000000001,0.04,0.0,0.0,0.0,0.0,0.0,0.0,0.0,0.0,0.0,0.04,0.02
2,4,2,3,False,4.967589180780395,0.45036607470502155,1,qEHVI,0.72,0.18,0.0,0.04,0.0,0.0,0.0,0.0,0.02,0.0,0.0,0.0,0.0,0.04,0.0
2,4,2,3,False,4.967589180780395,0.45036607470502155,2,qUCB,0.72,0.14,0.04,0.0,0.04,0.0,0.0,0.0,0.0,0.0,0.0,0.04,0.0,0.0,0.02
2,4,2,3,False,4.967589180780395,0.45036607470502155,3,qUCB,0.0,0.84,0.06,0.0,0.04,0.0,0.0,0.0,0.0,0.0,0.0,0.0,0.0,0.04,0.02
2,4,2,3,False,4.967589180780395,0.45036607470502155,4,qUCB,0.88,0.02,0.0,0.0,0.0,0.0,0.0,0.0,0.04,0.0,0.0,0.02,0.0,0.0,0.04
2,5,1,4,False,4.734398120912003,0.7677565392015673,0,qEHVI,0.04,0.04,0.8200000000000001,0.04,0.0,0.0,0.0,0.0,0.0,0.0,0.0,0.0,0.0,0.04,0.02
2,5,1,4,False,4.734398120912003,0.7677565392015673,1,qUCB,0.8,0.08,0.02,0.0,0.04,0.0,0.0,0.0,0.02,0.0,0.0,0.04,0.0,0.0,0.0
2,5,1,4,False,4.734398120912003,0.7677565392015673,2,qUCB,0.8,0.1,0.02,0.0,0.04,0.0,0.0,0.0,0.04,0.0,0.0,0.0,0.0,0.0,0.0
2,5,1,4,False,4.734398120912003,0.7677565392015673,3,qUCB,0.84,0.02,0.04,0.04,0.02,0.0,0.0,0.0,0.04,0.0,0.0,0.0,0.0,0.0,0.0
2,5,1,4,False,4.734398120912003,0.7677565392015673,4,qUCB,0.12,0.78,0.0,0.0,0.02,0.0,0.0,0.0,0.04,0.0,0.0,0.0,0.0,0.04,0.0
2,6,0,5,False,4.811156271689138,1.250837275360011,0,qUCB,0.84,0.02,0.04,0.04,0.02,0.0,0.0,0.0,0.04,0.0,0.0,0.0,0.0,0.0,0.0
2,6,0,5,False,4.811156271689138,1.250837275360011,1,qUCB,0.06,0.14,0.7000000000000001,0.04,0.02,0.0,0.0,0.0,0.0,0.0,0.0,0.0,0.0,0.04,0.0
2,6,0,5,False,4.811156271689138,1.250837275360011,2,qUCB,0.54,0.0,0.4,0.04,0.02,0.0,0.0,0.0,0.0,0.0,0.0,0.0,0.0,0.0,0.0
2,6,0,5,False,4.811156271689138,1.250837275360011,3,qUCB,0.12,0.52,0.26,0.04,0.0,0.0,0.0,0.0,0.0,0.0,0.0,0.02,0.0,0.04,0.0
2,6,0,5,False,4.811156271689138,1.250837275360011,4,qUCB,0.84,0.04,0.02,0.04,0.0,0.0,0.0,0.0,0.04,0.0,0.0,0.0,0.0,0.02,0.0
3,1,5,0,False,4.753035047440978,0.36573241272087387,0,qEHVI,0.4,0.0,0.5,0.04,0.0,0.0,0.0,0.0,0.04,0.0,0.0,0.0,0.0,0.02,0.0
3,1,5,0,False,4.753035047440978,0.36573241272087387,1,qEHVI,0.64,0.28,0.0,0.0,0.02,0.0,0.0,0.0,0.02,0.0,0.0,0.04,0.0,0.0,0.0
3,1,5,0,False,4.753035047440978,0.36573241272087387,2,qEHVI,0.32,0.02,0.56,0.04,0.0,0.0,0.0,0.0,0.04,0.0,0.0,0.0,0.0,0.0,0.02
3,1,5,0,False,4.753035047440978,0.36573241272087387,3,qEHVI,0.88,0.02,0.0,0.0,0.02,0.0,0.0,0.0,0.0,0.0,0.0,0.04,0.0,0.04,0.0
3,1,5,0,False,4.753035047440978,0.36573241272087387,4,qEHVI,0.4,0.04,0.48,0.04,0.0,0.0,0.0,0.0,0.0,0.0,0.0,0.04,0.0,0.0,0.0
3,2,4,1,False,4.635094142192951,0.30133505443190955,0,qEHVI,0.4,0.0,0.5,0.04,0.0,0.0,0.0,0.0,0.04,0.0,0.0,0.0,0.0,0.02,0.0
3,2,4,1,False,4.635094142192951,0.30133505443190955,1,qEHVI,0.64,0.28,0.0,0.0,0.02,0.0,0.0,0.0,0.02,0.0,0.0,0.04,0.0,0.0,0.0
3,2,4,1,False,4.635094142192951,0.30133505443190955,2,qEHVI,0.32,0.02,0.56,0.04,0.0,0.0,0.0,0.0,0.04,0.0,0.0,0.0,0.0,0.0,0.02
3,2,4,1,False,4.635094142192951,0.30133505443190955,3,qEHVI,0.88,0.02,0.0,0.0,0.02,0.0,0.0,0.0,0.0,0.0,0.0,0.04,0.0,0.04,0.0
3,2,4,1,False,4.635094142192951,0.30133505443190955,4,qUCB,0.56,0.38,0.0,0.0,0.0,0.0,0.0,0.0,0.0,0.0,0.0,0.0,0.0,0.02,0.04
3,3,3,2,True,4.329065718862558,0.6148394749112462,0,qEHVI,0.4,0.0,0.5,0.04,0.0,0.0,0.0,0.0,0.04,0.0,0.0,0.0,0.0,0.02,0.0
3,3,3,2,True,4.329065718862558,0.6148394749112462,1,qEHVI,0.64,0.28,0.0,0.0,0.02,0.0,0.0,0.0,0.02,0.0,0.0,0.04,0.0,0.0,0.0
3,3,3,2,True,4.329065718862558,0.6148394749112462,2,qEHVI,0.32,0.02,0.56,0.04,0.0,0.0,0.0,0.0,0.04,0.0,0.0,0.0,0.0,0.0,0.02
3,3,3,2,True,4.329065718862558,0.6148394749112462,3,qUCB,0.72,0.16,0.04,0.0,0.0,0.0,0.0,0.0,0.0,0.0,0.0,0.0,0.0,0.04,0.04
3,3,3,2,True,4.329065718862558,0.6148394749112462,4,qUCB,0.0,0.58,0.34,0.04,0.04,0.0,0.0,0.0,0.0,0.0,0.0,0.0,0.0,0.0,0.0
3,4,2,3,False,3.907264819490891,0.5380497179616661,0,qEHVI,0.4,0.0,0.5,0.04,0.0,0.0,0.0,0.0,0.04,0.0,0.0,0.0,0.0,0.02,0.0
3,4,2,3,False,3.907264819490891,0.5380497179616661,1,qEHVI,0.64,0.28,0.0,0.0,0.02,0.0,0.0,0.0,0.02,0.0,0.0,0.04,0.0,0.0,0.0
3,4,2,3,False,3.907264819490891,0.5380497179616661,2,qUCB,0.72,0.16,0.04,0.0,0.0,0.0,0.0,0.0,0.0,0.0,0.0,0.0,0.0,0.04,0.04
3,4,2,3,False,3.907264819490891,0.5380497179616661,3,qUCB,0.0,0.52,0.38,0.04,0.02,0.0,0.0,0.0,0.0,0.0,0.0,0.0,0.0,0.0,0.04
3,4,2,3,False,3.907264819490891,0.5380497179616661,4,qUCB,0.64,0.04,0.24,0.0,0.0,0.0,0.0,0.0,0.0,0.0,0.0,0.0,0.0,0.04,0.04
3,5,1,4,False,3.830157321769769,0.2733122131802581,0,qEHVI,0.4,0.0,0.5,0.04,0.0,0.0,0.0,0.0,0.04,0.0,0.0,0.0,0.0,0.02,0.0
3,5,1,4,False,3.830157321769769,0.2733122131802581,1,qUCB,0.48,0.42,0.0,0.0,0.02,0.0,0.0,0.0,0.0,0.0,0.0,0.04,0.0,0.0,0.04
3,5,1,4,False,3.830157321769769,0.2733122131802581,2,qUCB,0.68,0.24,0.0,0.0,0.0,0.0,0.0,0.0,0.0,0.0,0.0,0.04,0.0,0.0,0.04
3,5,1,4,False,3.830157321769769,0.2733122131802581,3,qUCB,0.7000000000000001,0.0,0.22,0.0,0.04,0.0,0.0,0.0,0.0,0.0,0.0,0.04,0.0,0.0,0.0
3,5,1,4,False,3.830157321769769,0.2733122131802581,4,qUCB,0.54,0.34,0.02,0.0,0.04,0.0,0.0,0.0,0.0,0.0,0.0,0.04,0.0,0.02,0.0
3,6,0,5,False,2.783868476865366,0.8236850010380827,0,qUCB,0.66,0.22,0.02,0.0,0.02,0.0,0.0,0.0,0.04,0.0,0.0,0.04,0.0,0.0,0.0
3,6,0,5,False,2.783868476865366,0.8236850010380827,1,qUCB,0.92,0.0,0.0,0.0,0.0,0.0,0.0,0.0,0.04,0.0,0.0,0.04,0.0,0.0,0.0
3,6,0,5,False,2.783868476865366,0.8236850010380827,2,qUCB,0.02,0.48,0.4,0.04,0.0,0.0,0.0,0.0,0.04,0.0,0.0,0.0,0.0,0.02,0.0
3,6,0,5,False,2.783868476865366,0.8236850010380827,3,qUCB,0.12,0.42,0.38,0.04,0.0,0.0,0.0,0.0,0.0,0.0,0.0,0.04,0.0,0.0,0.0
3,6,0,5,False,2.783868476865366,0.8236850010380827,4,qUCB,0.48,0.02,0.4,0.04,0.0,0.0,0.0,0.0,0.0,0.0,0.0,0.02,0.0,0.04,0.0
4,1,5,0,False,4.720729612645058,1.1684536290081269,0,qEHVI,0.32,0.02,0.56,0.04,0.02,0.0,0.0,0.0,0.04,0.0,0.0,0.0,0.0,0.0,0.0
4,1,5,0,False,4.720729612645058,1.1684536290081269,1,qEHVI,0.96,0.0,0.02,0.0,0.0,0.0,0.0,0.0,0.0,0.0,0.0,0.0,0.0,0.02,0.0
4,1,5,0,False,4.720729612645058,1.1684536290081269,2,qEHVI,0.62,0.32,0.02,0.0,0.02,0.0,0.0,0.0,0.0,0.0,0.0,0.0,0.0,0.02,0.0
4,1,5,0,False,4.720729612645058,1.1684536290081269,3,qEHVI,0.42,0.04,0.44,0.04,0.0,0.0,0.0,0.0,0.04,0.0,0.0,0.02,0.0,0.0,0.0
4,1,5,0,False,4.720729612645058,1.1684536290081269,4,qEHVI,0.84,0.06,0.0,0.0,0.02,0.0,0.0,0.0,0.0,0.0,0.0,0.02,0.0,0.04,0.02
4,2,4,1,False,4.605307435941373,1.114564871167822,0,qEHVI,0.32,0.02,0.56,0.04,0.02,0.0,0.0,0.0,0.04,0.0,0.0,0.0,0.0,0.0,0.0
4,2,4,1,False,4.605307435941373,1.114564871167822,1,qEHVI,0.96,0.0,0.02,0.0,0.0,0.0,0.0,0.0,0.0,0.0,0.0,0.0,0.0,0.02,0.0
4,2,4,1,False,4.605307435941373,1.114564871167822,2,qEHVI,0.62,0.32,0.02,0.0,0.02,0.0,0.0,0.0,0.0,0.0,0.0,0.0,0.0,0.02,0.0
4,2,4,1,False,4.605307435941373,1.114564871167822,3,qEHVI,0.42,0.04,0.44,0.04,0.0,0.0,0.0,0.0,0.04,0.0,0.0,0.02,0.0,0.0,0.0
4,2,4,1,False,4.605307435941373,1.114564871167822,4,qUCB,0.64,0.26,0.02,0.0,0.0,0.0,0.0,0.0,0.0,0.0,0.0,0.04,0.0,0.0,0.04
4,3,3,2,True,4.343718519514326,1.4115580553881877,0,qEHVI,0.32,0.02,0.56,0.04,0.02,0.0,0.0,0.0,0.04,0.0,0.0,0.0,0.0,0.0,0.0
4,3,3,2,True,4.343718519514326,1.4115580553881877,1,qEHVI,0.96,0.0,0.02,0.0,0.0,0.0,0.0,0.0,0.0,0.0,0.0,0.0,0.0,0.02,0.0
4,3,3,2,True,4.343718519514326,1.4115580553881877,2,qEHVI,0.62,0.32,0.02,0.0,0.02,0.0,0.0,0.0,0.0,0.0,0.0,0.0,0.0,0.02,0.0
4,3,3,2,True,4.343718519514326,1.4115580553881877,3,qUCB,0.64,0.26,0.02,0.0,0.0,0.0,0.0,0.0,0.0,0.0,0.0,0.04,0.0,0.0,0.04
4,3,3,2,True,4.343718519514326,1.4115580553881877,4,qUCB,0.48,0.06,0.38,0.0,0.0,0.0,0.0,0.0,0.0,0.0,0.0,0.04,0.0,0.0,0.04
4,4,2,3,False,4.16970600827839,2.2249181464591157,0,qEHVI,0.32,0.02,0.56,0.04,0.02,0.0,0.0,0.0,0.04,0.0,0.0,0.0,0.0,0.0,0.0
4,4,2,3,False,4.16970600827839,2.2249181464591157,1,qEHVI,0.96,0.0,0.02,0.0,0.0,0.0,0.0,0.0,0.0,0.0,0.0,0.0,0.0,0.02,0.0
4,4,2,3,False,4.16970600827839,2.2249181464591157,2,qUCB,0.58,0.32,0.0,0.0,0.04,0.0,0.0,0.0,0.0,0.0,0.0,0.04,0.0,0.0,0.02
4,4,2,3,False,4.16970600827839,2.2249181464591157,3,qUCB,0.52,0.06,0.32,0.0,0.02,0.0,0.0,0.0,0.0,0.0,0.0,0.04,0.0,0.0,0.04
4,4,2,3,False,4.16970600827839,2.2249181464591157,4,qUCB,0.12,0.78,0.0,0.0,0.0,0.0,0.0,0.0,0.04,0.0,0.0,0.04,0.0,0.0,0.02
4,5,1,4,False,4.162644992887913,1.8747530154425398,0,qEHVI,0.32,0.02,0.56,0.04,0.02,0.0,0.0,0.0,0.04,0.0,0.0,0.0,0.0,0.0,0.0
4,5,1,4,False,4.162644992887913,1.8747530154425398,1,qUCB,0.74,0.14,0.02,0.0,0.0,0.0,0.0,0.0,0.0,0.0,0.0,0.04,0.0,0.04,0.02
4,5,1,4,False,4.162644992887913,1.8747530154425398,2,qUCB,0.64,0.0,0.26,0.0,0.0,0.0,0.0,0.0,0.0,0.0,0.0,0.02,0.0,0.04,0.04
4,5,1,4,False,4.162644992887913,1.8747530154425398,3,qUCB,0.92,0.0,0.04,0.0,0.0,0.0,0.0,0.0,0.0,0.0,0.0,0.04,0.0,0.0,0.0
4,5,1,4,False,4.162644992887913,1.8747530154425398,4,qUCB,0.44,0.46,0.0,0.0,0.0,0.0,0.0,0.0,0.0,0.0,0.0,0.04,0.0,0.04,0.02
4,6,0,5,False,3.033358535484087,0.6452683808397754,0,qUCB,0.96,0.0,0.02,0.0,0.0,0.0,0.0,0.0,0.0,0.0,0.0,0.0,0.0,0.02,0.0
4,6,0,5,False,3.033358535484087,0.6452683808397754,1,qUCB,0.76,0.0,0.2,0.0,0.02,0.0,0.0,0.0,0.0,0.0,0.0,0.0,0.0,0.02,0.0
4,6,0,5,False,3.033358535484087,0.6452683808397754,2,qUCB,0.0,0.88,0.02,0.04,0.0,0.0,0.0,0.0,0.04,0.0,0.0,0.0,0.0,0.02,0.0
4,6,0,5,False,3.033358535484087,0.6452683808397754,3,qUCB,0.6,0.0,0.34,0.0,0.04,0.0,0.0,0.0,0.0,0.0,0.0,0.0,0.0,0.02,0.0
4,6,0,5,False,3.033358535484087,0.6452683808397754,4,qUCB,0.84,0.06,0.0,0.0,0.02,0.0,0.0,0.0,0.0,0.0,0.0,0.02,0.0,0.04,0.02
5,1,5,0,False,18.610018065686617,0.7314044966810442,0,qEHVI,0.6,0.02,0.28,0.0,0.02,0.0,0.0,0.0,0.0,0.0,0.0,0.0,0.0,0.04,0.04
5,1,5,0,False,18.610018065686617,0.7314044966810442,1,qEHVI,0.48,0.08,0.34,0.02,0.0,0.0,0.0,0.0,0.0,0.0,0.0,0.04,0.0,0.04,0.0
5,1,5,0,False,18.610018065686617,0.7314044966810442,2,qEHVI,0.48,0.0,0.42,0.04,0.0,0.0,0.0,0.0,0.0,0.0,0.0,0.04,0.0,0.02,0.0
5,1,5,0,False,18.610018065686617,0.7314044966810442,3,qEHVI,0.6,0.02,0.28,0.02,0.04,0.0,0.0,0.0,0.0,0.0,0.0,0.04,0.0,0.0,0.0
5,1,5,0,False,18.610018065686617,0.7314044966810442,4,qEHVI,0.54,0.02,0.34,0.0,0.02,0.0,0.0,0.0,0.0,0.0,0.0,0.04,0.0,0.04,0.0
5,2,4,1,False,18.301342816598645,0.7143366707688266,0,qEHVI,0.6,0.02,0.28,0.0,0.02,0.0,0.0,0.0,0.0,0.0,0.0,0.0,0.0,0.04,0.04
5,2,4,1,False,18.301342816598645,0.7143366707688266,1,qEHVI,0.48,0.08,0.34,0.02,0.0,0.0,0.0,0.0,0.0,0.0,0.0,0.04,0.0,0.04,0.0
5,2,4,1,False,18.301342816598645,0.7143366707688266,2,qEHVI,0.48,0.0,0.42,0.04,0.0,0.0,0.0,0.0,0.0,0.0,0.0,0.04,0.0,0.02,0.0
5,2,4,1,False,18.301342816598645,0.7143366707688266,3,qEHVI,0.6,0.02,0.28,0.02,0.04,0.0,0.0,0.0,0.0,0.0,0.0,0.04,0.0,0.0,0.0
5,2,4,1,False,18.301342816598645,0.7143366707688266,4,qUCB,0.58,0.1,0.22,0.0,0.04,0.0,0.0,0.0,0.0,0.0,0.0,0.02,0.0,0.0,0.04
5,3,3,2,False,17.500083177332517,0.4314774533632608,0,qEHVI,0.6,0.02,0.28,0.0,0.02,0.0,0.0,0.0,0.0,0.0,0.0,0.0,0.0,0.04,0.04
5,3,3,2,False,17.500083177332517,0.4314774533632608,1,qEHVI,0.48,0.08,0.34,0.02,0.0,0.0,0.0,0.0,0.0,0.0,0.0,0.04,0.0,0.04,0.0
5,3,3,2,False,17.500083177332517,0.4314774533632608,2,qEHVI,0.48,0.0,0.42,0.04,0.0,0.0,0.0,0.0,0.0,0.0,0.0,0.04,0.0,0.02,0.0
5,3,3,2,False,17.500083177332517,0.4314774533632608,3,qUCB,0.6,0.02,0.28,0.02,0.04,0.0,0.0,0.0,0.0,0.0,0.0,0.04,0.0,0.0,0.0
5,3,3,2,False,17.500083177332517,0.4314774533632608,4,qUCB,0.22,0.6,0.08,0.02,0.04,0.0,0.0,0.0,0.0,0.0,0.0,0.04,0.0,0.0,0.0
5,4,2,3,True,15.645003915216728,1.1874550563266801,0,qEHVI,0.6,0.02,0.28,0.0,0.02,0.0,0.0,0.0,0.0,0.0,0.0,0.0,0.0,0.04,0.04
5,4,2,3,True,15.645003915216728,1.1874550563266801,1,qEHVI,0.48,0.08,0.34,0.02,0.0,0.0,0.0,0.0,0.0,0.0,0.0,0.04,0.0,0.04,0.0
5,4,2,3,True,15.645003915216728,1.1874550563266801,2,qUCB,0.6,0.02,0.28,0.02,0.04,0.0,0.0,0.0,0.0,0.0,0.0,0.04,0.0,0.0,0.0
5,4,2,3,True,15.645003915216728,1.1874550563266801,3,qUCB,0.02,0.86,0.02,0.04,0.02,0.0,0.0,0.0,0.04,0.0,0.0,0.0,0.0,0.0,0.0
5,4,2,3,True,15.645003915216728,1.1874550563266801,4,qUCB,0.22,0.6,0.08,0.02,0.04,0.0,0.0,0.0,0.0,0.0,0.0,0.04,0.0,0.0,0.0
5,5,1,4,False,16.11019659678893,0.4382798906522023,0,qEHVI,0.6,0.02,0.28,0.0,0.02,0.0,0.0,0.0,0.0,0.0,0.0,0.0,0.0,0.04,0.04
5,5,1,4,False,16.11019659678893,0.4382798906522023,1,qUCB,0.52,0.04,0.34,0.04,0.02,0.0,0.0,0.0,0.0,0.0,0.0,0.04,0.0,0.0,0.0
5,5,1,4,False,16.11019659678893,0.4382798906522023,2,qUCB,0.44,0.28,0.18,0.02,0.04,0.0,0.0,0.0,0.0,0.0,0.0,0.04,0.0,0.0,0.0
5,5,1,4,False,16.11019659678893,0.4382798906522023,3,qUCB,0.34,0.0,0.58,0.04,0.0,0.0,0.0,0.0,0.0,0.0,0.0,0.04,0.0,0.0,0.0
5,5,1,4,False,16.11019659678893,0.4382798906522023,4,qUCB,0.12,0.16,0.62,0.04,0.0,0.0,0.0,0.0,0.02,0.0,0.0,0.04,0.0,0.0,0.0
5,6,0,5,False,16.139019807579736,0.7330573788770689,0,qUCB,0.48,0.08,0.34,0.02,0.0,0.0,0.0,0.0,0.0,0.0,0.0,0.04,0.0,0.04,0.0
5,6,0,5,False,16.139019807579736,0.7330573788770689,1,qUCB,0.46,0.02,0.42,0.0,0.04,0.0,0.0,0.0,0.0,0.0,0.0,0.0,0.0,0.04,0.02
5,6,0,5,False,16.139019807579736,0.7330573788770689,2,qUCB,0.48,0.0,0.42,0.04,0.0,0.0,0.0,0.0,0.0,0.0,0.0,0.04,0.0,0.02,0.0
5,6,0,5,False,16.139019807579736,0.7330573788770689,3,qUCB,0.44,0.28,0.18,0.02,0.04,0.0,0.0,0.0,0.0,0.0,0.0,0.04,0.0,0.0,0.0
5,6,0,5,False,16.139019807579736,0.7330573788770689,4,qUCB,0.32,0.02,0.58,0.0,0.0,0.0,0.0,0.0,0.0,0.0,0.0,0.0,0.0,0.04,0.04
6,1,5,0,False,7.886532884886328,0.5251074992643125,0,qEHVI,0.44,0.22,0.24,0.04,0.0,0.0,0.0,0.0,0.0,0.0,0.0,0.04,0.0,0.0,0.02
6,1,5,0,False,7.886532884886328,0.5251074992643125,1,qEHVI,0.38,0.08,0.44,0.02,0.0,0.0,0.0,0.0,0.0,0.0,0.0,0.04,0.0,0.04,0.0
6,1,5,0,False,7.886532884886328,0.5251074992643125,2,qEHVI,0.62,0.1,0.18,0.0,0.0,0.0,0.0,0.0,0.0,0.0,0.0,0.04,0.0,0.02,0.04
6,1,5,0,False,7.886532884886328,0.5251074992643125,3,qEHVI,0.36,0.24,0.3,0.04,0.0,0.0,0.0,0.0,0.0,0.0,0.0,0.04,0.0,0.02,0.0
6,1,5,0,False,7.886532884886328,0.5251074992643125,4,qEHVI,0.56,0.08,0.26,0.04,0.0,0.0,0.0,0.0,0.0,0.0,0.0,0.04,0.0,0.0,0.02
6,2,4,1,True,7.157374678842473,0.6877947147717545,0,qEHVI,0.44,0.22,0.24,0.04,0.0,0.0,0.0,0.0,0.0,0.0,0.0,0.04,0.0,0.0,0.02
6,2,4,1,True,7.157374678842473,0.6877947147717545,1,qEHVI,0.38,0.08,0.44,0.02,0.0,0.0,0.0,0.0,0.0,0.0,0.0,0.04,0.0,0.04,0.0
6,2,4,1,True,7.157374678842473,0.6877947147717545,2,qEHVI,0.62,0.1,0.18,0.0,0.0,0.0,0.0,0.0,0.0,0.0,0.0,0.04,0.0,0.02,0.04
6,2,4,1,True,7.157374678842473,0.6877947147717545,3,qEHVI,0.36,0.24,0.3,0.04,0.0,0.0,0.0,0.0,0.0,0.0,0.0,0.04,0.0,0.02,0.0
6,2,4,1,True,7.157374678842473,0.6877947147717545,4,qUCB,0.32,0.26,0.34,0.0,0.04,0.0,0.0,0.0,0.04,0.0,0.0,0.0,0.0,0.0,0.0
6,3,3,2,False,6.64847375835529,0.29956578745083107,0,qEHVI,0.44,0.22,0.24,0.04,0.0,0.0,0.0,0.0,0.0,0.0,0.0,0.04,0.0,0.0,0.02
6,3,3,2,False,6.64847375835529,0.29956578745083107,1,qEHVI,0.38,0.08,0.44,0.02,0.0,0.0,0.0,0.0,0.0,0.0,0.0,0.04,0.0,0.04,0.0
6,3,3,2,False,6.64847375835529,0.29956578745083107,2,qEHVI,0.62,0.1,0.18,0.0,0.0,0.0,0.0,0.0,0.0,0.0,0.0,0.04,0.0,0.02,0.04
6,3,3,2,False,6.64847375835529,0.29956578745083107,3,qUCB,0.32,0.26,0.34,0.0,0.04,0.0,0.0,0.0,0.04,0.0,0.0,0.0,0.0,0.0,0.0
6,3,3,2,False,6.64847375835529,0.29956578745083107,4,qUCB,0.28,0.24,0.44,0.0,0.04,0.0,0.0,0.0,0.0,0.0,0.0,0.0,0.0,0.0,0.0
6,4,2,3,False,5.756304727486271,0.6791013440840192,0,qEHVI,0.44,0.22,0.24,0.04,0.0,0.0,0.0,0.0,0.0,0.0,0.0,0.04,0.0,0.0,0.02
6,4,2,3,False,5.756304727486271,0.6791013440840192,1,qEHVI,0.38,0.08,0.44,0.02,0.0,0.0,0.0,0.0,0.0,0.0,0.0,0.04,0.0,0.04,0.0
6,4,2,3,False,5.756304727486271,0.6791013440840192,2,qUCB,0.58,0.24,0.08,0.0,0.04,0.0,0.0,0.0,0.0,0.0,0.0,0.0,0.0,0.02,0.04
6,4,2,3,False,5.756304727486271,0.6791013440840192,3,qUCB,0.3,0.14,0.46,0.0,0.04,0.0,0.0,0.0,0.0,0.0,0.0,0.0,0.0,0.02,0.04
6,4,2,3,False,5.756304727486271,0.6791013440840192,4,qUCB,0.32,0.26,0.34,0.0,0.04,0.0,0.0,0.0,0.04,0.0,0.0,0.0,0.0,0.0,0.0
6,5,1,4,False,4.532804053887095,1.0194348967699245,0,qEHVI,0.44,0.22,0.24,0.04,0.0,0.0,0.0,0.0,0.0,0.0,0.0,0.04,0.0,0.0,0.02
6,5,1,4,False,4.532804053887095,1.0194348967699245,1,qUCB,0.32,0.24,0.36,0.0,0.04,0.0,0.0,0.0,0.0,0.0,0.0,0.0,0.0,0.04,0.0
6,5,1,4,False,4.532804053887095,1.0194348967699245,2,qUCB,0.3,0.0,0.62,0.0,0.04,0.0,0.0,0.0,0.0,0.0,0.0,0.0,0.0,0.04,0.0
6,5,1,4,False,4.532804053887095,1.0194348967699245,3,qUCB,0.48,0.0,0.44,0.0,0.04,0.0,0.0,0.0,0.0,0.0,0.0,0.0,0.0,0.04,0.0
6,5,1,4,False,4.532804053887095,1.0194348967699245,4,qUCB,0.26,0.48,0.18,0.0,0.0,0.0,0.0,0.0,0.04,0.0,0.0,0.0,0.0,0.04,0.0
6,6,0,5,False,5.2122402898642,0.9428913117435433,0,qUCB,0.62,0.1,0.18,0.0,0.0,0.0,0.0,0.0,0.0,0.0,0.0,0.04,0.0,0.02,0.04
6,6,0,5,False,5.2122402898642,0.9428913117435433,1,qUCB,0.34,0.32,0.26,0.04,0.0,0.0,0.0,0.0,0.0,0.0,0.0,0.0,0.0,0.0,0.04
6,6,0,5,False,5.2122402898642,0.9428913117435433,2,qUCB,0.32,0.24,0.36,0.0,0.04,0.0,0.0,0.0,0.0,0.0,0.0,0.0,0.0,0.04,0.0
6,6,0,5,False,5.2122402898642,0.9428913117435433,3,qUCB,0.34,0.0,0.62,0.0,0.0,0.0,0.0,0.0,0.0,0.0,0.0,0.0,0.0,0.04,0.0
6,6,0,5,False,5.2122402898642,0.9428913117435433,4,qUCB,0.32,0.28,0.32,0.04,0.0,0.0,0.0,0.0,0.0,0.0,0.0,0.0,0.0,0.04,0.0
7,1,5,0,False,8.479486048658321,0.7270313168091178,0,qEHVI,0.58,0.24,0.08,0.0,0.0,0.0,0.0,0.0,0.0,0.0,0.0,0.04,0.0,0.02,0.04
7,1,5,0,False,8.479486048658321,0.7270313168091178,1,qEHVI,0.48,0.04,0.38,0.02,0.02,0.0,0.0,0.0,0.0,0.0,0.0,0.04,0.0,0.02,0.0
7,1,5,0,False,8.479486048658321,0.7270313168091178,2,qEHVI,0.54,0.0,0.4,0.0,0.02,0.0,0.0,0.0,0.0,0.0,0.0,0.0,0.0,0.04,0.0
7,1,5,0,False,8.479486048658321,0.7270313168091178,3,qEHVI,0.14,0.36,0.4,0.0,0.04,0.0,0.0,0.0,0.02,0.0,0.0,0.04,0.0,0.0,0.0
7,1,5,0,False,8.479486048658321,0.7270313168091178,4,qEHVI,0.54,0.0,0.38,0.04,0.0,0.0,0.0,0.0,0.02,0.0,0.0,0.0,0.0,0.02,0.0
7,2,4,1,False,8.214110658756967,0.7404059025143974,0,qEHVI,0.58,0.24,0.08,0.0,0.0,0.0,0.0,0.0,0.0,0.0,0.0,0.04,0.0,0.02,0.04
7,2,4,1,False,8.214110658756967,0.7404059025143974,1,qEHVI,0.48,0.04,0.38,0.02,0.02,0.0,0.0,0.0,0.0,0.0,0.0,0.04,0.0,0.02,0.0
7,2,4,1,False,8.214110658756967,0.7404059025143974,2,qEHVI,0.54,0.0,0.4,0.0,0.02,0.0,0.0,0.0,0.0,0.0,0.0,0.0,0.0,0.04,0.0
7,2,4,1,False,8.214110658756967,0.7404059025143974,3,qEHVI,0.12,0.4,0.4,0.0,0.02,0.0,0.0,0.0,0.0,0.0,0.0,0.02,0.0,0.04,0.0
7,2,4,1,False,8.214110658756967,0.7404059025143974,4,qUCB,0.28,0.26,0.38,0.04,0.0,0.0,0.0,0.0,0.04,0.0,0.0,0.0,0.0,0.0,0.0
7,3,3,2,True,7.856039570277038,0.9655643481675575,0,qEHVI,0.58,0.24,0.08,0.0,0.0,0.0,0.0,0.0,0.0,0.0,0.0,0.04,0.0,0.02,0.04
7,3,3,2,True,7.856039570277038,0.9655643481675575,1,qEHVI,0.48,0.04,0.38,0.02,0.02,0.0,0.0,0.0,0.0,0.0,0.0,0.04,0.0,0.02,0.0
7,3,3,2,True,7.856039570277038,0.9655643481675575,2,qEHVI,0.54,0.0,0.4,0.0,0.02,0.0,0.0,0.0,0.0,0.0,0.0,0.0,0.0,0.04,0.0
7,3,3,2,True,7.856039570277038,0.9655643481675575,3,qUCB,0.28,0.26,0.38,0.04,0.0,0.0,0.0,0.0,0.04,0.0,0.0,0.0,0.0,0.0,0.0
7,3,3,2,True,7.856039570277038,0.9655643481675575,4,qUCB,0.02,0.18,0.7000000000000001,0.02,0.0,0.0,0.0,0.0,0.04,0.0,0.0,0.0,0.0,0.0,0.04
7,4,2,3,False,7.101157040136406,0.7010419086905486,0,qEHVI,0.58,0.24,0.08,0.0,0.0,0.0,0.0,0.0,0.0,0.0,0.0,0.04,0.0,0.02,0.04
7,4,2,3,False,7.101157040136406,0.7010419086905486,1,qEHVI,0.48,0.04,0.38,0.02,0.02,0.0,0.0,0.0,0.0,0.0,0.0,0.04,0.0,0.02,0.0
7,4,2,3,False,7.101157040136406,0.7010419086905486,2,qUCB,0.5,0.02,0.4,0.0,0.04,0.0,0.0,0.0,0.04,0.0,0.0,0.0,0.0,0.0,0.0
7,4,2,3,False,7.101157040136406,0.7010419086905486,3,qUCB,0.02,0.18,0.7000000000000001,0.02,0.0,0.0,0.0,0.0,0.04,0.0,0.0,0.0,0.0,0.0,0.04
7,4,2,3,False,7.101157040136406,0.7010419086905486,4,qUCB,0.12,0.58,0.2,0.0,0.04,0.0,0.0,0.0,0.04,0.0,0.0,0.0,0.0,0.02,0.0
7,5,1,4,False,6.7971925015203425,0.6032408117050974,0,qEHVI,0.58,0.24,0.08,0.0,0.0,0.0,0.0,0.0,0.0,0.0,0.0,0.04,0.0,0.02,0.04
7,5,1,4,False,6.7971925015203425,0.6032408117050974,1,qUCB,0.5,0.0,0.4,0.04,0.04,0.0,0.0,0.0,0.02,0.0,0.0,0.0,0.0,0.0,0.0
7,5,1,4,False,6.7971925015203425,0.6032408117050974,2,qUCB,0.02,0.2,0.68,0.04,0.04,0.0,0.0,0.0,0.02,0.0,0.0,0.0,0.0,0.0,0.0
7,5,1,4,False,6.7971925015203425,0.6032408117050974,3,qUCB,0.0,0.7000000000000001,0.2,0.0,0.04,0.0,0.0,0.0,0.04,0.0,0.0,0.02,0.0,0.0,0.0
7,5,1,4,False,6.7971925015203425,0.6032408117050974,4,qUCB,0.02,0.44,0.44,0.02,0.04,0.0,0.0,0.0,0.04,0.0,0.0,0.0,0.0,0.0,0.0
7,6,0,5,False,6.917873515944741,0.347051993847888,0,qUCB,0.58,0.24,0.08,0.0,0.0,0.0,0.0,0.0,0.0,0.0,0.0,0.04,0.0,0.02,0.04
7,6,0,5,False,6.917873515944741,0.347051993847888,1,qUCB,0.24,0.0,0.68,0.0,0.04,0.0,0.0,0.0,0.0,0.0,0.0,0.04,0.0,0.0,0.0
7,6,0,5,False,6.917873515944741,0.347051993847888,2,qUCB,0.5,0.0,0.4,0.04,0.04,0.0,0.0,0.0,0.02,0.0,0.0,0.0,0.0,0.0,0.0
7,6,0,5,False,6.917873515944741,0.347051993847888,3,qUCB,0.0,0.7000000000000001,0.22,0.0,0.0,0.0,0.0,0.0,0.0,0.0,0.0,0.0,0.0,0.04,0.04
7,6,0,5,False,6.917873515944741,0.347051993847888,4,qUCB,0.02,0.2,0.68,0.04,0.04,0.0,0.0,0.0,0.02,0.0,0.0,0.0,0.0,0.0,0.0
8,1,5,0,False,3.906741923133594,0.43624252393980845,0,qEHVI,0.22,0.3,0.38,0.02,0.02,0.0,0.0,0.0,0.0,0.0,0.0,0.04,0.0,0.0,0.02
8,1,5,0,False,3.906741923133594,0.43624252393980845,1,qEHVI,0.48,0.0,0.42,0.0,0.02,0.0,0.0,0.0,0.04,0.0,0.0,0.04,0.0,0.0,0.0
8,1,5,0,False,3.906741923133594,0.43624252393980845,2,qEHVI,0.46,0.1,0.34,0.04,0.02,0.0,0.0,0.0,0.0,0.0,0.0,0.04,0.0,0.0,0.0
8,1,5,0,False,3.906741923133594,0.43624252393980845,3,qEHVI,0.28,0.26,0.38,0.0,0.0,0.0,0.0,0.0,0.0,0.0,0.0,0.04,0.0,0.04,0.0
8,1,5,0,False,3.906741923133594,0.43624252393980845,4,qEHVI,0.54,0.28,0.1,0.0,0.04,0.0,0.0,0.0,0.0,0.0,0.0,0.0,0.0,0.0,0.04
8,2,4,1,False,3.7714941482430557,0.5037003898521335,0,qEHVI,0.22,0.3,0.38,0.02,0.02,0.0,0.0,0.0,0.0,0.0,0.0,0.04,0.0,0.0,0.02
8,2,4,1,False,3.7714941482430557,0.5037003898521335,1,qEHVI,0.48,0.0,0.42,0.0,0.02,0.0,0.0,0.0,0.04,0.0,0.0,0.04,0.0,0.0,0.0
8,2,4,1,False,3.7714941482430557,0.5037003898521335,2,qEHVI,0.46,0.1,0.34,0.04,0.02,0.0,0.0,0.0,0.0,0.0,0.0,0.04,0.0,0.0,0.0
8,2,4,1,False,3.7714941482430557,0.5037003898521335,3,qEHVI,0.28,0.26,0.38,0.0,0.0,0.0,0.0,0.0,0.0,0.0,0.0,0.04,0.0,0.04,0.0
8,2,4,1,False,3.7714941482430557,0.5037003898521335,4,qUCB,0.58,0.22,0.1,0.0,0.0,0.0,0.0,0.0,0.04,0.0,0.0,0.0,0.0,0.02,0.04
8,3,3,2,True,3.330165467052344,0.6128560852711367,0,qEHVI,0.22,0.3,0.38,0.02,0.02,0.0,0.0,0.0,0.0,0.0,0.0,0.04,0.0,0.0,0.02
8,3,3,2,True,3.330165467052344,0.6128560852711367,1,qEHVI,0.48,0.0,0.42,0.0,0.02,0.0,0.0,0.0,0.04,0.0,0.0,0.04,0.0,0.0,0.0
8,3,3,2,True,3.330165467052344,0.6128560852711367,2,qEHVI,0.46,0.1,0.34,0.04,0.02,0.0,0.0,0.0,0.0,0.0,0.0,0.04,0.0,0.0,0.0
8,3,3,2,True,3.330165467052344,0.6128560852711367,3,qUCB,0.54,0.26,0.1,0.0,0.0,0.0,0.0,0.0,0.02,0.0,0.0,0.0,0.0,0.04,0.04
8,3,3,2,True,3.330165467052344,0.6128560852711367,4,qUCB,0.0,0.7000000000000001,0.22,0.0,0.0,0.0,0.0,0.0,0.04,0.0,0.0,0.0,0.0,0.04,0.0
8,4,2,3,False,2.8568384406104754,0.5093015200075675,0,qEHVI,0.22,0.3,0.38,0.02,0.02,0.0,0.0,0.0,0.0,0.0,0.0,0.04,0.0,0.0,0.02
8,4,2,3,False,2.8568384406104754,0.5093015200075675,1,qEHVI,0.48,0.0,0.42,0.0,0.02,0.0,0.0,0.0,0.04,0.0,0.0,0.04,0.0,0.0,0.0
8,4,2,3,False,2.8568384406104754,0.5093015200075675,2,qUCB,0.54,0.26,0.1,0.0,0.0,0.0,0.0,0.0,0.02,0.0,0.0,0.0,0.0,0.04,0.04
8,4,2,3,False,2.8568384406104754,0.5093015200075675,3,qUCB,0.48,0.0,0.42,0.04,0.0,0.0,0.0,0.0,0.02,0.0,0.0,0.0,0.0,0.04,0.0
8,4,2,3,False,2.8568384406104754,0.5093015200075675,4,qUCB,0.0,0.7000000000000001,0.22,0.0,0.0,0.0,0.0,0.0,0.04,0.0,0.0,0.0,0.0,0.04,0.0
8,5,1,4,False,2.304511485180586,0.24715315022168305,0,qEHVI,0.22,0.3,0.38,0.02,0.02,0.0,0.0,0.0,0.0,0.0,0.0,0.04,0.0,0.0,0.02
8,5,1,4,False,2.304511485180586,0.24715315022168305,1,qUCB,0.44,0.1,0.38,0.0,0.0,0.0,0.0,0.0,0.04,0.0,0.0,0.0,0.0,0.04,0.0
8,5,1,4,False,2.304511485180586,0.24715315022168305,2,qUCB,0.58,0.22,0.1,0.0,0.0,0.0,0.0,0.0,0.04,0.0,0.0,0.0,0.0,0.02,0.04
8,5,1,4,False,2.304511485180586,0.24715315022168305,3,qUCB,0.0,0.7000000000000001,0.22,0.0,0.0,0.0,0.0,0.0,0.04,0.0,0.0,0.0,0.0,0.04,0.0
8,5,1,4,False,2.304511485180586,0.24715315022168305,4,qUCB,0.02,0.56,0.32,0.0,0.0,0.0,0.0,0.0,0.04,0.0,0.0,0.0,0.0,0.04,0.02
8,6,0,5,False,2.630342506156339,0.7912849018818089,0,qUCB,0.58,0.26,0.08,0.0,0.02,0.0,0.0,0.0,0.0,0.0,0.0,0.02,0.0,0.0,0.04
8,6,0,5,False,2.630342506156339,0.7912849018818089,1,qUCB,0.42,0.08,0.4,0.02,0.04,0.0,0.0,0.0,0.0,0.0,0.0,0.0,0.0,0.0,0.04
8,6,0,5,False,2.630342506156339,0.7912849018818089,2,qUCB,0.48,0.0,0.42,0.0,0.02,0.0,0.0,0.0,0.04,0.0,0.0,0.04,0.0,0.0,0.0
8,6,0,5,False,2.630342506156339,0.7912849018818089,3,qUCB,0.48,0.02,0.4,0.04,0.02,0.0,0.0,0.0,0.0,0.0,0.0,0.04,0.0,0.0,0.0
8,6,0,5,False,2.630342506156339,0.7912849018818089,4,qUCB,0.44,0.38,0.1,0.0,0.0,0.0,0.0,0.0,0.04,0.0,0.0,0.0,0.0,0.0,0.04
9,1,5,0,False,3.1249332925945468,0.6327775092717189,0,qEHVI,0.5,0.0,0.4,0.04,0.0,0.0,0.0,0.0,0.04,0.0,0.0,0.02,0.0,0.0,0.0
9,1,5,0,False,3.1249332925945468,0.6327775092717189,1,qEHVI,0.56,0.02,0.32,0.04,0.0,0.0,0.0,0.0,0.02,0.0,0.0,0.04,0.0,0.0,0.0
9,1,5,0,False,3.1249332925945468,0.6327775092717189,2,qEHVI,0.56,0.0,0.36,0.04,0.0,0.0,0.0,0.0,0.02,0.0,0.0,0.0,0.0,0.0,0.02
9,1,5,0,False,3.1249332925945468,0.6327775092717189,3,qEHVI,0.58,0.18,0.14,0.0,0.0,0.0,0.0,0.0,0.0,0.0,0.0,0.04,0.0,0.02,0.04
9,1,5,0,False,3.1249332925945468,0.6327775092717189,4,qEHVI,0.5,0.0,0.42,0.04,0.0,0.0,0.0,0.0,0.0,0.0,0.0,0.02,0.0,0.0,0.02
9,2,4,1,False,2.982858692400992,0.27217581515309686,0,qEHVI,0.5,0.0,0.4,0.04,0.0,0.0,0.0,0.0,0.04,0.0,0.0,0.02,0.0,0.0,0.0
9,2,4,1,False,2.982858692400992,0.27217581515309686,1,qEHVI,0.56,0.02,0.32,0.04,0.0,0.0,0.0,0.0,0.02,0.0,0.0,0.04,0.0,0.0,0.0
9,2,4,1,False,2.982858692400992,0.27217581515309686,2,qEHVI,0.56,0.0,0.36,0.04,0.0,0.0,0.0,0.0,0.02,0.0,0.0,0.0,0.0,0.0,0.02
9,2,4,1,False,2.982858692400992,0.27217581515309686,3,qEHVI,0.58,0.18,0.14,0.0,0.0,0.0,0.0,0.0,0.0,0.0,0.0,0.04,0.0,0.02,0.04
9,2,4,1,False,2.982858692400992,0.27217581515309686,4,qUCB,0.48,0.08,0.36,0.0,0.04,0.0,0.0,0.0,0.0,0.0,0.0,0.0,0.0,0.04,0.0
9,3,3,2,False,2.784059050578355,0.2782977698743673,0,qEHVI,0.5,0.0,0.4,0.04,0.0,0.0,0.0,0.0,0.04,0.0,0.0,0.02,0.0,0.0,0.0
9,3,3,2,False,2.784059050578355,0.2782977698743673,1,qEHVI,0.56,0.02,0.32,0.04,0.0,0.0,0.0,0.0,0.02,0.0,0.0,0.04,0.0,0.0,0.0
9,3,3,2,False,2.784059050578355,0.2782977698743673,2,qEHVI,0.56,0.0,0.36,0.04,0.0,0.0,0.0,0.0,0.02,0.0,0.0,0.0,0.0,0.0,0.02
9,3,3,2,False,2.784059050578355,0.2782977698743673,3,qUCB,0.48,0.08,0.36,0.0,0.04,0.0,0.0,0.0,0.0,0.0,0.0,0.0,0.0,0.04,0.0
9,3,3,2,False,2.784059050578355,0.2782977698743673,4,qUCB,0.56,0.2,0.16,0.0,0.04,0.0,0.0,0.0,0.0,0.0,0.0,0.0,0.0,0.04,0.0
9,4,2,3,True,2.582460749874402,0.7248258447926144,0,qEHVI,0.5,0.0,0.4,0.04,0.0,0.0,0.0,0.0,0.04,0.0,0.0,0.02,0.0,0.0,0.0
9,4,2,3,True,2.582460749874402,0.7248258447926144,1,qEHVI,0.56,0.02,0.32,0.04,0.0,0.0,0.0,0.0,0.02,0.0,0.0,0.04,0.0,0.0,0.0
9,4,2,3,True,2.582460749874402,0.7248258447926144,2,qUCB,0.58,0.24,0.08,0.0,0.02,0.0,0.0,0.0,0.0,0.0,0.0,0.0,0.0,0.04,0.04
9,4,2,3,True,2.582460749874402,0.7248258447926144,3,qUCB,0.5,0.42,0.0,0.0,0.0,0.0,0.0,0.0,0.0,0.0,0.0,0.0,0.0,0.04,0.04
9,4,2,3,True,2.582460749874402,0.7248258447926144,4,qUCB,0.44,0.32,0.14,0.0,0.04,0.0,0.0,0.0,0.0,0.0,0.0,0.0,0.0,0.02,0.04
9,5,1,4,False,1.9748575541160611,0.5304431811661323,0,qEHVI,0.5,0.0,0.4,0.04,0.0,0.0,0.0,0.0,0.04,0.0,0.0,0.02,0.0,0.0,0.0
9,5,1,4,False,1.9748575541160611,0.5304431811661323,1,qUCB,0.58,0.24,0.08,0.0,0.02,0.0,0.0,0.0,0.0,0.0,0.0,0.0,0.0,0.04,0.04
9,5,1,4,False,1.9748575541160611,0.5304431811661323,2,qUCB,0.5,0.42,0.0,0.0,0.0,0.0,0.0,0.0,0.0,0.0,0.0,0.0,0.0,0.04,0.04
9,5,1,4,False,1.9748575541160611,0.5304431811661323,3,qUCB,0.44,0.32,0.14,0.0,0.04,0.0,0.0,0.0,0.0,0.0,0.0,0.0,0.0,0.02,0.04
9,5,1,4,False,1.9748575541160611,0.5304431811661323,4,qUCB,0.28,0.0,0.62,0.0,0.04,0.0,0.0,0.0,0.0,0.0,0.0,0.0,0.0,0.04,0.02
9,6,0,5,False,2.442589748535163,0.3082851354254338,0,qUCB,0.5,0.0,0.4,0.04,0.0,0.0,0.0,0.0,0.04,0.0,0.0,0.02,0.0,0.0,0.0
9,6,0,5,False,2.442589748535163,0.3082851354254338,1,qUCB,0.56,0.0,0.36,0.04,0.0,0.0,0.0,0.0,0.02,0.0,0.0,0.0,0.0,0.0,0.02
9,6,0,5,False,2.442589748535163,0.3082851354254338,2,qUCB,0.36,0.0,0.6,0.0,0.02,0.0,0.0,0.0,0.0,0.0,0.0,0.0,0.0,0.0,0.02
9,6,0,5,False,2.442589748535163,0.3082851354254338,3,qUCB,0.54,0.28,0.08,0.0,0.02,0.0,0.0,0.0,0.0,0.0,0.0,0.04,0.0,0.0,0.04
9,6,0,5,False,2.442589748535163,0.3082851354254338,4,qUCB,0.48,0.04,0.38,0.04,0.0,0.0,0.0,0.0,0.02,0.0,0.0,0.0,0.0,0.0,0.04
10,1,5,0,False,2.3098331025582044,0.1478266213239845,0,qEHVI,0.52,0.0,0.4,0.04,0.0,0.0,0.0,0.0,0.0,0.0,0.0,0.02,0.0,0.0,0.02
10,1,5,0,False,2.3098331025582044,0.1478266213239845,1,qEHVI,0.52,0.1,0.32,0.04,0.0,0.0,0.0,0.0,0.02,0.0,0.0,0.0,0.0,0.0,0.0
10,1,5,0,False,2.3098331025582044,0.1478266213239845,2,qEHVI,0.5,0.28,0.12,0.0,0.0,0.0,0.0,0.0,0.0,0.0,0.0,0.04,0.0,0.02,0.04
10,1,5,0,False,2.3098331025582044,0.1478266213239845,3,qEHVI,0.52,0.04,0.36,0.04,0.0,0.0,0.0,0.0,0.04,0.0,0.0,0.0,0.0,0.0,0.0
10,1,5,0,False,2.3098331025582044,0.1478266213239845,4,qEHVI,0.56,0.0,0.42,0.0,0.0,0.0,0.0,0.0,0.02,0.0,0.0,0.0,0.0,0.0,0.0
10,2,4,1,True,2.2146475871901776,0.48202694000905666,0,qEHVI,0.52,0.0,0.4,0.04,0.0,0.0,0.0,0.0,0.0,0.0,0.0,0.02,0.0,0.0,0.02
10,2,4,1,True,2.2146475871901776,0.48202694000905666,1,qEHVI,0.52,0.1,0.32,0.04,0.0,0.0,0.0,0.0,0.02,0.0,0.0,0.0,0.0,0.0,0.0
10,2,4,1,True,2.2146475871901776,0.48202694000905666,2,qEHVI,0.5,0.28,0.12,0.0,0.0,0.0,0.0,0.0,0.0,0.0,0.0,0.04,0.0,0.02,0.04
10,2,4,1,True,2.2146475871901776,0.48202694000905666,3,qEHVI,0.52,0.04,0.36,0.04,0.0,0.0,0.0,0.0,0.04,0.0,0.0,0.0,0.0,0.0,0.0
10,2,4,1,True,2.2146475871901776,0.48202694000905666,4,qUCB,0.54,0.0,0.36,0.0,0.04,0.0,0.0,0.0,0.02,0.0,0.0,0.0,0.0,0.04,0.0
10,3,3,2,False,2.006233621432715,0.5341793128034444,0,qEHVI,0.52,0.0,0.4,0.04,0.0,0.0,0.0,0.0,0.0,0.0,0.0,0.02,0.0,0.0,0.02
10,3,3,2,False,2.006233621432715,0.5341793128034444,1,qEHVI,0.52,0.1,0.32,0.04,0.0,0.0,0.0,0.0,0.02,0.0,0.0,0.0,0.0,0.0,0.0
10,3,3,2,False,2.006233621432715,0.5341793128034444,2,qEHVI,0.5,0.28,0.12,0.0,0.0,0.0,0.0,0.0,0.0,0.0,0.0,0.04,0.0,0.02,0.04
10,3,3,2,False,2.006233621432715,0.5341793128034444,3,qUCB,0.54,0.0,0.36,0.0,0.04,0.0,0.0,0.0,0.02,0.0,0.0,0.0,0.0,0.04,0.0
10,3,3,2,False,2.006233621432715,0.5341793128034444,4,qUCB,0.74,0.04,0.14,0.0,0.04,0.0,0.0,0.0,0.0,0.0,0.0,0.0,0.0,0.04,0.0
10,4,2,3,False,1.7239111473583832,0.3601904902055387,0,qEHVI,0.52,0.0,0.4,0.04,0.0,0.0,0.0,0.0,0.0,0.0,0.0,0.02,0.0,0.0,0.02
10,4,2,3,False,1.7239111473583832,0.3601904902055387,1,qEHVI,0.52,0.1,0.32,0.04,0.0,0.0,0.0,0.0,0.02,0.0,0.0,0.0,0.0,0.0,0.0
10,4,2,3,False,1.7239111473583832,0.3601904902055387,2,qUCB,0.44,0.4,0.06,0.0,0.04,0.0,0.0,0.0,0.0,0.0,0.0,0.02,0.0,0.04,0.0
10,4,2,3,False,1.7239111473583832,0.3601904902055387,3,qUCB,0.54,0.0,0.36,0.0,0.04,0.0,0.0,0.0,0.02,0.0,0.0,0.0,0.0,0.04,0.0
10,4,2,3,False,1.7239111473583832,0.3601904902055387,4,qUCB,0.8,0.0,0.1,0.0,0.04,0.0,0.0,0.0,0.0,0.0,0.0,0.04,0.0,0.02,0.0
10,5,1,4,False,1.2814276996883276,0.5629249541211618,0,qEHVI,0.52,0.0,0.4,0.04,0.0,0.0,0.0,0.0,0.0,0.0,0.0,0.02,0.0,0.0,0.02
10,5,1,4,False,1.2814276996883276,0.5629249541211618,1,qUCB,0.54,0.0,0.36,0.0,0.04,0.0,0.0,0.0,0.02,0.0,0.0,0.0,0.0,0.04,0.0
10,5,1,4,False,1.2814276996883276,0.5629249541211618,2,qUCB,0.68,0.1,0.12,0.0,0.04,0.0,0.0,0.0,0.02,0.0,0.0,0.0,0.0,0.04,0.0
10,5,1,4,False,1.2814276996883276,0.5629249541211618,3,qUCB,0.26,0.0,0.66,0.0,0.04,0.0,0.0,0.0,0.04,0.0,0.0,0.0,0.0,0.0,0.0
10,5,1,4,False,1.2814276996883276,0.5629249541211618,4,qUCB,0.38,0.52,0.0,0.0,0.04,0.0,0.0,0.0,0.02,0.0,0.0,0.0,0.0,0.04,0.0
10,6,0,5,False,1.417704663753705,0.21966251255558022,0,qUCB,0.52,0.04,0.36,0.04,0.0,0.0,0.0,0.0,0.04,0.0,0.0,0.0,0.0,0.0,0.0
10,6,0,5,False,1.417704663753705,0.21966251255558022,1,qUCB,0.54,0.0,0.36,0.04,0.02,0.0,0.0,0.0,0.0,0.0,0.0,0.0,0.0,0.0,0.04
10,6,0,5,False,1.417704663753705,0.21966251255558022,2,qUCB,0.76,0.02,0.12,0.0,0.0,0.0,0.0,0.0,0.04,0.0,0.0,0.04,0.0,0.02,0.0
10,6,0,5,False,1.417704663753705,0.21966251255558022,3,qUCB,0.54,0.0,0.42,0.0,0.0,0.0,0.0,0.0,0.0,0.0,0.0,0.0,0.0,0.0,0.04
10,6,0,5,False,1.417704663753705,0.21966251255558022,4,qUCB,0.6,0.2,0.1,0.0,0.02,0.0,0.0,0.0,0.04,0.0,0.0,0.04,0.0,0.0,0.0
11,1,5,0,False,2.244714504433261,0.296018393575082,0,qEHVI,0.58,0.0,0.34,0.04,0.0,0.0,0.0,0.0,0.02,0.0,0.0,0.0,0.0,0.0,0.02
11,1,5,0,False,2.244714504433261,0.296018393575082,1,qEHVI,0.42,0.42,0.06,0.0,0.02,0.0,0.0,0.0,0.04,0.0,0.0,0.0,0.0,0.0,0.04
11,1,5,0,False,2.244714504433261,0.296018393575082,2,qEHVI,0.58,0.04,0.36,0.0,0.0,0.0,0.0,0.0,0.02,0.0,0.0,0.0,0.0,0.0,0.0
11,1,5,0,False,2.244714504433261,0.296018393575082,3,qEHVI,0.5,0.1,0.32,0.0,0.0,0.0,0.0,0.0,0.02,0.0,0.0,0.0,0.0,0.02,0.04
11,1,5,0,False,2.244714504433261,0.296018393575082,4,qEHVI,0.44,0.16,0.3,0.04,0.0,0.0,0.0,0.0,0.02,0.0,0.0,0.04,0.0,0.0,0.0
11,2,4,1,True,2.1178678167715947,0.2776048032520335,0,qEHVI,0.58,0.0,0.34,0.04,0.0,0.0,0.0,0.0,0.02,0.0,0.0,0.0,0.0,0.0,0.02
11,2,4,1,True,2.1178678167715947,0.2776048032520335,1,qEHVI,0.42,0.42,0.06,0.0,0.02,0.0,0.0,0.0,0.04,0.0,0.0,0.0,0.0,0.0,0.04
11,2,4,1,True,2.1178678167715947,0.2776048032520335,2,qEHVI,0.58,0.04,0.36,0.0,0.0,0.0,0.0,0.0,0.02,0.0,0.0,0.0,0.0,0.0,0.0
11,2,4,1,True,2.1178678167715947,0.2776048032520335,3,qEHVI,0.44,0.16,0.32,0.02,0.0,0.0,0.0,0.0,0.04,0.0,0.0,0.0,0.0,0.02,0.0
11,2,4,1,True,2.1178678167715947,0.2776048032520335,4,qUCB,0.6,0.22,0.08,0.0,0.0,0.0,0.0,0.0,0.0,0.0,0.0,0.04,0.0,0.04,0.02
11,3,3,2,False,2.028427179939603,0.03598505199840307,0,qEHVI,0.58,0.0,0.34,0.04,0.0,0.0,0.0,0.0,0.02,0.0,0.0,0.0,0.0,0.0,0.02
11,3,3,2,False,2.028427179939603,0.03598505199840307,1,qEHVI,0.42,0.42,0.06,0.0,0.02,0.0,0.0,0.0,0.04,0.0,0.0,0.0,0.0,0.0,0.04
11,3,3,2,False,2.028427179939603,0.03598505199840307,2,qEHVI,0.58,0.04,0.36,0.0,0.0,0.0,0.0,0.0,0.02,0.0,0.0,0.0,0.0,0.0,0.0
11,3,3,2,False,2.028427179939603,0.03598505199840307,3,qUCB,0.6,0.22,0.08,0.0,0.0,0.0,0.0,0.0,0.0,0.0,0.0,0.04,0.0,0.04,0.02
11,3,3,2,False,2.028427179939603,0.03598505199840307,4,qUCB,0.28,0.0,0.62,0.0,0.04,0.0,0.0,0.0,0.0,0.0,0.0,0.02,0.0,0.04,0.0
11,4,2,3,False,1.94121639674301,0.5076188510082575,0,qEHVI,0.58,0.0,0.34,0.04,0.0,0.0,0.0,0.0,0.02,0.0,0.0,0.0,0.0,0.0,0.02
11,4,2,3,False,1.94121639674301,0.5076188510082575,1,qEHVI,0.42,0.42,0.06,0.0,0.02,0.0,0.0,0.0,0.04,0.0,0.0,0.0,0.0,0.0,0.04
11,4,2,3,False,1.94121639674301,0.5076188510082575,2,qUCB,0.58,0.22,0.1,0.0,0.02,0.0,0.0,0.0,0.0,0.0,0.0,0.04,0.0,0.04,0.0
11,4,2,3,False,1.94121639674301,0.5076188510082575,3,qUCB,0.28,0.0,0.62,0.0,0.04,0.0,0.0,0.0,0.0,0.0,0.0,0.02,0.0,0.04,0.0
11,4,2,3,False,1.94121639674301,0.5076188510082575,4,qUCB,0.48,0.0,0.44,0.0,0.04,0.0,0.0,0.0,0.0,0.0,0.0,0.04,0.0,0.0,0.0
11,5,1,4,False,1.675689163197199,0.1678655678755474,0,qEHVI,0.58,0.0,0.34,0.04,0.0,0.0,0.0,0.0,0.02,0.0,0.0,0.0,0.0,0.0,0.02
11,5,1,4,False,1.675689163197199,0.1678655678755474,1,qUCB,0.54,0.32,0.06,0.0,0.04,0.0,0.0,0.0,0.0,0.0,0.0,0.0,0.0,0.04,0.0
11,5,1,4,False,1.675689163197199,0.1678655678755474,2,qUCB,0.28,0.0,0.62,0.0,0.04,0.0,0.0,0.0,0.0,0.0,0.0,0.02,0.0,0.04,0.0
11,5,1,4,False,1.675689163197199,0.1678655678755474,3,qUCB,0.42,0.44,0.04,0.0,0.02,0.0,0.0,0.0,0.0,0.0,0.0,0.04,0.0,0.0,0.04
11,5,1,4,False,1.675689163197199,0.1678655678755474,4,qUCB,0.0,0.0,0.96,0.0,0.0,0.0,0.0,0.0,0.0,0.0,0.0,0.0,0.0,0.0,0.04
11,6,0,5,False,1.4138208800971948,0.11540314971823307,0,qUCB,0.58,0.28,0.06,0.0,0.04,0.0,0.0,0.0,0.0,0.0,0.0,0.0,0.0,0.0,0.04
11,6,0,5,False,1.4138208800971948,0.11540314971823307,1,qUCB,0.0,0.0,0.96,0.0,0.0,0.0,0.0,0.0,0.0,0.0,0.0,0.0,0.0,0.0,0.04
11,6,0,5,False,1.4138208800971948,0.11540314971823307,2,qUCB,0.3,0.0,0.64,0.04,0.02,0.0,0.0,0.0,0.0,0.0,0.0,0.0,0.0,0.0,0.0
11,6,0,5,False,1.4138208800971948,0.11540314971823307,3,qUCB,0.46,0.0,0.52,0.0,0.0,0.0,0.0,0.0,0.0,0.0,0.0,0.0,0.0,0.02,0.0
11,6,0,5,False,1.4138208800971948,0.11540314971823307,4,qUCB,0.74,0.0,0.2,0.0,0.02,0.0,0.0,0.0,0.04,0.0,0.0,0.0,0.0,0.0,0.0
12,1,5,0,False,9.365873006520323,0.37009479173360904,0,qEHVI,0.72,0.1,0.08,0.02,0.02,0.0,0.0,0.0,0.02,0.0,0.0,0.0,0.0,0.0,0.04
12,1,5,0,False,9.365873006520323,0.37009479173360904,1,qEHVI,0.7000000000000001,0.14,0.06,0.0,0.02,0.0,0.0,0.0,0.02,0.0,0.0,0.02,0.0,0.0,0.04
12,1,5,0,False,9.365873006520323,0.37009479173360904,2,qEHVI,0.44,0.1,0.36,0.0,0.04,0.0,0.0,0.0,0.04,0.0,0.0,0.0,0.0,0.02,0.0
12,1,5,0,False,9.365873006520323,0.37009479173360904,3,qEHVI,0.78,0.04,0.08,0.04,0.0,0.0,0.0,0.0,0.02,0.0,0.0,0.0,0.0,0.0,0.04
12,1,5,0,False,9.365873006520323,0.37009479173360904,4,qEHVI,0.32,0.16,0.44,0.04,0.0,0.0,0.0,0.0,0.04,0.0,0.0,0.0,0.0,0.0,0.0
12,2,4,1,True,8.812559798654462,0.21533478922444127,0,qEHVI,0.72,0.1,0.08,0.02,0.02,0.0,0.0,0.0,0.02,0.0,0.0,0.0,0.0,0.0,0.04
12,2,4,1,True,8.812559798654462,0.21533478922444127,1,qEHVI,0.7000000000000001,0.14,0.06,0.0,0.02,0.0,0.0,0.0,0.02,0.0,0.0,0.02,0.0,0.0,0.04
12,2,4,1,True,8.812559798654462,0.21533478922444127,2,qEHVI,0.44,0.1,0.36,0.0,0.04,0.0,0.0,0.0,0.04,0.0,0.0,0.0,0.0,0.02,0.0
12,2,4,1,True,8.812559798654462,0.21533478922444127,3,qEHVI,0.78,0.04,0.08,0.04,0.0,0.0,0.0,0.0,0.02,0.0,0.0,0.0,0.0,0.0,0.04
12,2,4,1,True,8.812559798654462,0.21533478922444127,4,qUCB,0.52,0.18,0.2,0.02,0.0,0.0,0.0,0.0,0.0,0.0,0.0,0.04,0.0,0.04,0.0
12,3,3,2,False,8.433788878334378,0.14007705723992991,0,qEHVI,0.72,0.1,0.08,0.02,0.02,0.0,0.0,0.0,0.02,0.0,0.0,0.0,0.0,0.0,0.04
12,3,3,2,False,8.433788878334378,0.14007705723992991,1,qEHVI,0.7000000000000001,0.14,0.06,0.0,0.02,0.0,0.0,0.0,0.02,0.0,0.0,0.02,0.0,0.0,0.04
12,3,3,2,False,8.433788878334378,0.14007705723992991,2,qEHVI,0.44,0.1,0.36,0.0,0.04,0.0,0.0,0.0,0.04,0.0,0.0,0.0,0.0,0.02,0.0
12,3,3,2,False,8.433788878334378,0.14007705723992991,3,qUCB,0.22,0.48,0.2,0.04,0.0,0.0,0.0,0.0,0.0,0.0,0.0,0.02,0.0,0.04,0.0
12,3,3,2,False,8.433788878334378,0.14007705723992991,4,qUCB,0.22,0.0,0.68,0.04,0.0,0.0,0.0,0.0,0.0,0.0,0.0,0.04,0.0,0.02,0.0
12,4,2,3,False,8.032873323907696,0.3275497782455119,0,qEHVI,0.72,0.1,0.08,0.02,0.02,0.0,0.0,0.0,0.02,0.0,0.0,0.0,0.0,0.0,0.04
12,4,2,3,False,8.032873323907696,0.3275497782455119,1,qEHVI,0.7000000000000001,0.14,0.06,0.0,0.02,0.0,0.0,0.0,0.02,0.0,0.0,0.02,0.0,0.0,0.04
12,4,2,3,False,8.032873323907696,0.3275497782455119,2,qUCB,0.22,0.48,0.2,0.04,0.0,0.0,0.0,0.0,0.0,0.0,0.0,0.02,0.0,0.04,0.0
12,4,2,3,False,8.032873323907696,0.3275497782455119,3,qUCB,0.0,0.78,0.14,0.0,0.0,0.0,0.0,0.0,0.04,0.0,0.0,0.0,0.0,0.04,0.0
12,4,2,3,False,8.032873323907696,0.3275497782455119,4,qUCB,0.22,0.0,0.68,0.04,0.0,0.0,0.0,0.0,0.0,0.0,0.0,0.04,0.0,0.02,0.0
12,5,1,4,False,6.678520407944335,0.2279936479652811,0,qEHVI,0.72,0.1,0.08,0.02,0.02,0.0,0.0,0.0,0.02,0.0,0.0,0.0,0.0,0.0,0.04
12,5,1,4,False,6.678520407944335,0.2279936479652811,1,qUCB,0.8,0.02,0.08,0.0,0.0,0.0,0.0,0.0,0.0,0.0,0.0,0.04,0.0,0.04,0.02
12,5,1,4,False,6.678520407944335,0.2279936479652811,2,qUCB,0.26,0.44,0.2,0.0,0.02,0.0,0.0,0.0,0.0,0.0,0.0,0.04,0.0,0.04,0.0
12,5,1,4,False,6.678520407944335,0.2279936479652811,3,qUCB,0.2,0.06,0.64,0.02,0.0,0.0,0.0,0.0,0.0,0.0,0.0,0.04,0.0,0.04,0.0
12,5,1,4,False,6.678520407944335,0.2279936479652811,4,qUCB,0.0,0.78,0.14,0.0,0.0,0.0,0.0,0.0,0.04,0.0,0.0,0.0,0.0,0.04,0.0
12,6,0,5,False,7.34660099530517,0.005385053648002014,0,qUCB,0.76,0.08,0.08,0.0,0.0,0.0,0.0,0.0,0.02,0.0,0.0,0.0,0.0,0.02,0.04
12,6,0,5,False,7.34660099530517,0.005385053648002014,1,qUCB,0.78,0.04,0.08,0.04,0.0,0.0,0.0,0.0,0.02,0.0,0.0,0.0,0.0,0.0,0.04
12,6,0,5,False,7.34660099530517,0.005385053648002014,2,qUCB,0.0,0.0,0.98,0.0,0.0,0.0,0.0,0.0,0.0,0.0,0.0,0.0,0.0,0.0,0.02
12,6,0,5,False,7.34660099530517,0.005385053648002014,3,qUCB,0.28,0.0,0.68,0.0,0.0,0.0,0.0,0.0,0.02,0.0,0.0,0.02,0.0,0.0,0.0
12,6,0,5,False,7.34660099530517,0.005385053648002014,4,qUCB,0.24,0.52,0.18,0.04,0.0,0.0,0.0,0.0,0.0,0.0,0.0,0.0,0.0,0.02,0.0
13,1,5,0,False,1.651271539579757,0.261036622155083,0,qEHVI,0.48,0.0,0.48,0.0,0.0,0.0,0.0,0.0,0.0,0.0,0.0,0.04,0.0,0.0,0.0
13,1,5,0,False,1.651271539579757,0.261036622155083,1,qEHVI,0.34,0.26,0.3,0.04,0.02,0.0,0.0,0.0,0.02,0.0,0.0,0.0,0.0,0.02,0.0
13,1,5,0,False,1.651271539579757,0.261036622155083,2,qEHVI,0.54,0.0,0.36,0.04,0.04,0.0,0.0,0.0,0.02,0.0,0.0,0.0,0.0,0.0,0.0
13,1,5,0,False,1.651271539579757,0.261036622155083,3,qEHVI,0.48,0.1,0.32,0.02,0.0,0.0,0.0,0.0,0.04,0.0,0.0,0.0,0.0,0.0,0.04
13,1,5,0,False,1.651271539579757,0.261036622155083,4,qEHVI,0.64,0.14,0.14,0.0,0.0,0.0,0.0,0.0,0.0,0.0,0.0,0.04,0.0,0.04,0.0
13,2,4,1,True,1.4652961336075123,0.3052581896988029,0,qEHVI,0.48,0.0,0.48,0.0,0.0,0.0,0.0,0.0,0.0,0.0,0.0,0.04,0.0,0.0,0.0
13,2,4,1,True,1.4652961336075123,0.3052581896988029,1,qEHVI,0.34,0.26,0.3,0.04,0.02,0.0,0.0,0.0,0.02,0.0,0.0,0.0,0.0,0.02,0.0
13,2,4,1,True,1.4652961336075123,0.3052581896988029,2,qEHVI,0.54,0.0,0.36,0.04,0.04,0.0,0.0,0.0,0.02,0.0,0.0,0.0,0.0,0.0,0.0
13,2,4,1,True,1.4652961336075123,0.3052581896988029,3,qEHVI,0.48,0.1,0.32,0.02,0.0,0.0,0.0,0.0,0.04,0.0,0.0,0.0,0.0,0.0,0.04
13,2,4,1,True,1.4652961336075123,0.3052581896988029,4,qUCB,0.64,0.22,0.04,0.0,0.04,0.0,0.0,0.0,0.0,0.0,0.0,0.0,0.0,0.02,0.04
13,3,3,2,False,1.2614689564104153,0.06510241928908794,0,qEHVI,0.48,0.0,0.48,0.0,0.0,0.0,0.0,0.0,0.0,0.0,0.0,0.04,0.0,0.0,0.0
13,3,3,2,False,1.2614689564104153,0.06510241928908794,1,qEHVI,0.34,0.26,0.3,0.04,0.02,0.0,0.0,0.0,0.02,0.0,0.0,0.0,0.0,0.02,0.0
13,3,3,2,False,1.2614689564104153,0.06510241928908794,2,qEHVI,0.54,0.0,0.36,0.04,0.04,0.0,0.0,0.0,0.02,0.0,0.0,0.0,0.0,0.0,0.0
13,3,3,2,False,1.2614689564104153,0.06510241928908794,3,qUCB,0.7000000000000001,0.14,0.08,0.0,0.0,0.0,0.0,0.0,0.0,0.0,0.0,0.0,0.0,0.04,0.04
13,3,3,2,False,1.2614689564104153,0.06510241928908794,4,qUCB,0.42,0.02,0.48,0.0,0.0,0.0,0.0,0.0,0.04,0.0,0.0,0.0,0.0,0.0,0.04
13,4,2,3,False,1.2239457841091983,0.15362686211716703,0,qEHVI,0.48,0.0,0.48,0.0,0.0,0.0,0.0,0.0,0.0,0.0,0.0,0.04,0.0,0.0,0.0
13,4,2,3,False,1.2239457841091983,0.15362686211716703,1,qEHVI,0.34,0.26,0.3,0.04,0.02,0.0,0.0,0.0,0.02,0.0,0.0,0.0,0.0,0.02,0.0
13,4,2,3,False,1.2239457841091983,0.15362686211716703,2,qUCB,0.7000000000000001,0.14,0.08,0.0,0.0,0.0,0.0,0.0,0.0,0.0,0.0,0.0,0.0,0.04,0.04
13,4,2,3,False,1.2239457841091983,0.15362686211716703,3,qUCB,0.42,0.02,0.48,0.0,0.0,0.0,0.0,0.0,0.04,0.0,0.0,0.0,0.0,0.0,0.04
13,4,2,3,False,1.2239457841091983,0.15362686211716703,4,qUCB,0.0,0.0,0.98,0.02,0.0,0.0,0.0,0.0,0.0,0.0,0.0,0.0,0.0,0.0,0.0
13,5,1,4,False,1.1141039541992317,0.15607649396281076,0,qEHVI,0.48,0.0,0.48,0.0,0.0,0.0,0.0,0.0,0.0,0.0,0.0,0.04,0.0,0.0,0.0
13,5,1,4,False,1.1141039541992317,0.15607649396281076,1,qUCB,0.64,0.22,0.04,0.0,0.04,0.0,0.0,0.0,0.0,0.0,0.0,0.0,0.0,0.02,0.04
13,5,1,4,False,1.1141039541992317,0.15607649396281076,2,qUCB,0.0,0.74,0.16,0.04,0.0,0.0,0.0,0.0,0.0,0.0,0.0,0.0,0.0,0.02,0.04
13,5,1,4,False,1.1141039541992317,0.15607649396281076,3,qUCB,0.72,0.0,0.2,0.0,0.0,0.0,0.0,0.0,0.04,0.0,0.0,0.0,0.0,0.04,0.0
13,5,1,4,False,1.1141039541992317,0.15607649396281076,4,qUCB,0.26,0.0,0.64,0.04,0.04,0.0,0.0,0.0,0.02,0.0,0.0,0.0,0.0,0.0,0.0
13,6,0,5,False,1.219227938570202,0.27299615382630904,0,qUCB,0.56,0.32,0.04,0.0,0.0,0.0,0.0,0.0,0.0,0.0,0.0,0.04,0.0,0.0,0.04
13,6,0,5,False,1.219227938570202,0.27299615382630904,1,qUCB,0.0,0.0,0.98,0.02,0.0,0.0,0.0,0.0,0.0,0.0,0.0,0.0,0.0,0.0,0.0
13,6,0,5,False,1.219227938570202,0.27299615382630904,2,qUCB,0.48,0.0,0.48,0.0,0.0,0.0,0.0,0.0,0.0,0.0,0.0,0.04,0.0,0.0,0.0
13,6,0,5,False,1.219227938570202,0.27299615382630904,3,qUCB,0.36,0.02,0.62,0.0,0.0,0.0,0.0,0.0,0.0,0.0,0.0,0.0,0.0,0.0,0.0
13,6,0,5,False,1.219227938570202,0.27299615382630904,4,qUCB,0.72,0.0,0.2,0.0,0.0,0.0,0.0,0.0,0.04,0.0,0.0,0.0,0.0,0.04,0.0
14,1,5,0,False,2.021331525610073,0.23219148134403755,0,qEHVI,0.48,0.0,0.46,0.02,0.02,0.0,0.0,0.0,0.0,0.0,0.0,0.02,0.0,0.0,0.0
14,1,5,0,False,2.021331525610073,0.23219148134403755,1,qEHVI,0.66,0.04,0.2,0.0,0.0,0.0,0.0,0.0,0.04,0.0,0.0,0.02,0.0,0.02,0.02
14,1,5,0,False,2.021331525610073,0.23219148134403755,2,qEHVI,0.3,0.32,0.32,0.04,0.0,0.0,0.0,0.0,0.02,0.0,0.0,0.0,0.0,0.0,0.0
14,1,5,0,False,2.021331525610073,0.23219148134403755,3,qEHVI,0.56,0.0,0.34,0.04,0.0,0.0,0.0,0.0,0.0,0.0,0.0,0.0,0.0,0.02,0.04
14,1,5,0,False,2.021331525610073,0.23219148134403755,4,qEHVI,0.52,0.02,0.36,0.02,0.0,0.0,0.0,0.0,0.04,0.0,0.0,0.02,0.0,0.0,0.02
14,2,4,1,True,1.9598987306507234,1.6634444703655662,0,qEHVI,0.48,0.0,0.46,0.02,0.02,0.0,0.0,0.0,0.0,0.0,0.0,0.02,0.0,0.0,0.0
14,2,4,1,True,1.9598987306507234,1.6634444703655662,1,qEHVI,0.66,0.04,0.2,0.0,0.0,0.0,0.0,0.0,0.04,0.0,0.0,0.02,0.0,0.02,0.02
14,2,4,1,True,1.9598987306507234,1.6634444703655662,2,qEHVI,0.24,0.36,0.32,0.02,0.0,0.0,0.0,0.0,0.04,0.0,0.0,0.0,0.0,0.0,0.02
14,2,4,1,True,1.9598987306507234,1.6634444703655662,3,qEHVI,0.56,0.0,0.34,0.04,0.0,0.0,0.0,0.0,0.0,0.0,0.0,0.0,0.0,0.02,0.04
14,2,4,1,True,1.9598987306507234,1.6634444703655662,4,qUCB,0.54,0.32,0.06,0.0,0.0,0.0,0.0,0.0,0.0,0.0,0.0,0.04,0.0,0.0,0.04
14,3,3,2,False,1.8320399773358893,0.4328794540437304,0,qEHVI,0.48,0.0,0.46,0.02,0.02,0.0,0.0,0.0,0.0,0.0,0.0,0.02,0.0,0.0,0.0
14,3,3,2,False,1.8320399773358893,0.4328794540437304,1,qEHVI,0.66,0.04,0.2,0.0,0.0,0.0,0.0,0.0,0.04,0.0,0.0,0.02,0.0,0.02,0.02
14,3,3,2,False,1.8320399773358893,0.4328794540437304,2,qEHVI,0.3,0.32,0.32,0.04,0.0,0.0,0.0,0.0,0.02,0.0,0.0,0.0,0.0,0.0,0.0
14,3,3,2,False,1.8320399773358893,0.4328794540437304,3,qUCB,0.54,0.32,0.06,0.0,0.0,0.0,0.0,0.0,0.0,0.0,0.0,0.04,0.0,0.0,0.04
14,3,3,2,False,1.8320399773358893,0.4328794540437304,4,qUCB,0.06,0.2,0.64,0.0,0.02,0.0,0.0,0.0,0.0,0.0,0.0,0.0,0.0,0.04,0.04
14,4,2,3,False,1.6639380682034068,0.2642150297297823,0,qEHVI,0.48,0.0,0.46,0.02,0.02,0.0,0.0,0.0,0.0,0.0,0.0,0.02,0.0,0.0,0.0
14,4,2,3,False,1.6639380682034068,0.2642150297297823,1,qEHVI,0.66,0.04,0.2,0.0,0.0,0.0,0.0,0.0,0.04,0.0,0.0,0.02,0.0,0.02,0.02
14,4,2,3,False,1.6639380682034068,0.2642150297297823,2,qUCB,0.54,0.32,0.06,0.0,0.0,0.0,0.0,0.0,0.0,0.0,0.0,0.04,0.0,0.0,0.04
14,4,2,3,False,1.6639380682034068,0.2642150297297823,3,qUCB,0.06,0.2,0.64,0.0,0.02,0.0,0.0,0.0,0.0,0.0,0.0,0.0,0.0,0.04,0.04
14,4,2,3,False,1.6639380682034068,0.2642150297297823,4,qUCB,0.04,0.7000000000000001,0.16,0.04,0.0,0.0,0.0,0.0,0.0,0.0,0.0,0.0,0.0,0.02,0.04
14,5,1,4,False,1.6930783647592997,0.25377733910005595,0,qEHVI,0.48,0.0,0.46,0.02,0.02,0.0,0.0,0.0,0.0,0.0,0.0,0.02,0.0,0.0,0.0
14,5,1,4,False,1.6930783647592997,0.25377733910005595,1,qUCB,0.7000000000000001,0.04,0.18,0.0,0.0,0.0,0.0,0.0,0.04,0.0,0.0,0.0,0.0,0.0,0.04
14,5,1,4,False,1.6930783647592997,0.25377733910005595,2,qUCB,0.04,0.6,0.28,0.0,0.0,0.0,0.0,0.0,0.04,0.0,0.0,0.0,0.0,0.0,0.04
14,5,1,4,False,1.6930783647592997,0.25377733910005595,3,qUCB,0.4,0.3,0.2,0.0,0.0,0.0,0.0,0.0,0.04,0.0,0.0,0.0,0.0,0.02,0.04
14,5,1,4,False,1.6930783647592997,0.25377733910005595,4,qUCB,0.14,0.14,0.62,0.0,0.0,0.0,0.0,0.0,0.04,0.0,0.0,0.0,0.0,0.02,0.04
14,6,0,5,False,1.346260430437923,0.5147737963995578,0,qUCB,0.66,0.04,0.2,0.0,0.0,0.0,0.0,0.0,0.04,0.0,0.0,0.02,0.0,0.02,0.02
14,6,0,5,False,1.346260430437923,0.5147737963995578,1,qUCB,0.3,0.0,0.64,0.0,0.02,0.0,0.0,0.0,0.0,0.0,0.0,0.0,0.0,0.04,0.0
14,6,0,5,False,1.346260430437923,0.5147737963995578,2,qUCB,0.04,0.6,0.28,0.0,0.0,0.0,0.0,0.0,0.04,0.0,0.0,0.0,0.0,0.0,0.04
14,6,0,5,False,1.346260430437923,0.5147737963995578,3,qUCB,0.0,0.28,0.62,0.04,0.04,0.0,0.0,0.0,0.0,0.0,0.0,0.0,0.0,0.0,0.02
14,6,0,5,False,1.346260430437923,0.5147737963995578,4,qUCB,0.0,0.0,0.9400000000000001,0.04,0.0,0.0,0.0,0.0,0.02,0.0,0.0,0.0,0.0,0.0,0.0
15,1,5,0,False,7.645739718963768,0.26401209206633514,0,qEHVI,0.38,0.14,0.38,0.04,0.0,0.0,0.0,0.0,0.04,0.0,0.0,0.02,0.0,0.0,0.0
15,1,5,0,False,7.645739718963768,0.26401209206633514,1,qEHVI,0.38,0.16,0.36,0.04,0.04,0.0,0.0,0.0,0.0,0.0,0.0,0.0,0.0,0.0,0.02
15,1,5,0,False,7.645739718963768,0.26401209206633514,2,qEHVI,0.46,0.28,0.16,0.04,0.0,0.0,0.0,0.0,0.02,0.0,0.0,0.0,0.0,0.04,0.0
15,1,5,0,False,7.645739718963768,0.26401209206633514,3,qEHVI,0.36,0.16,0.4,0.04,0.02,0.0,0.0,0.0,0.0,0.0,0.0,0.0,0.0,0.02,0.0
15,1,5,0,False,7.645739718963768,0.26401209206633514,4,qEHVI,0.38,0.12,0.4,0.0,0.0,0.0,0.0,0.0,0.02,0.0,0.0,0.04,0.0,0.04,0.0
15,2,4,1,True,7.667353502807639,0.42437195316944276,0,qEHVI,0.38,0.14,0.38,0.04,0.0,0.0,0.0,0.0,0.04,0.0,0.0,0.02,0.0,0.0,0.0
15,2,4,1,True,7.667353502807639,0.42437195316944276,1,qEHVI,0.38,0.16,0.36,0.04,0.04,0.0,0.0,0.0,0.0,0.0,0.0,0.0,0.0,0.0,0.02
15,2,4,1,True,7.667353502807639,0.42437195316944276,2,qEHVI,0.5,0.26,0.16,0.04,0.0,0.0,0.0,0.0,0.0,0.0,0.0,0.0,0.0,0.04,0.0
15,2,4,1,True,7.667353502807639,0.42437195316944276,3,qEHVI,0.36,0.16,0.4,0.04,0.02,0.0,0.0,0.0,0.0,0.0,0.0,0.0,0.0,0.02,0.0
15,2,4,1,True,7.667353502807639,0.42437195316944276,4,qUCB,0.38,0.14,0.38,0.0,0.04,0.0,0.0,0.0,0.02,0.0,0.0,0.04,0.0,0.0,0.0
15,3,3,2,False,7.519714702762259,0.14826140282569344,0,qEHVI,0.38,0.14,0.38,0.04,0.0,0.0,0.0,0.0,0.04,0.0,0.0,0.02,0.0,0.0,0.0
15,3,3,2,False,7.519714702762259,0.14826140282569344,1,qEHVI,0.38,0.16,0.36,0.04,0.04,0.0,0.0,0.0,0.0,0.0,0.0,0.0,0.0,0.0,0.02
15,3,3,2,False,7.519714702762259,0.14826140282569344,2,qEHVI,0.46,0.28,0.16,0.04,0.0,0.0,0.0,0.0,0.02,0.0,0.0,0.0,0.0,0.04,0.0
15,3,3,2,False,7.519714702762259,0.14826140282569344,3,qUCB,0.38,0.14,0.38,0.0,0.04,0.0,0.0,0.0,0.02,0.0,0.0,0.04,0.0,0.0,0.0
15,3,3,2,False,7.519714702762259,0.14826140282569344,4,qUCB,0.2,0.02,0.7000000000000001,0.0,0.0,0.0,0.0,0.0,0.0,0.0,0.0,0.04,0.0,0.0,0.04
15,4,2,3,False,7.022365679742224,0.3779548899952445,0,qEHVI,0.38,0.14,0.38,0.04,0.0,0.0,0.0,0.0,0.04,0.0,0.0,0.02,0.0,0.0,0.0
15,4,2,3,False,7.022365679742224,0.3779548899952445,1,qEHVI,0.38,0.16,0.36,0.04,0.04,0.0,0.0,0.0,0.0,0.0,0.0,0.0,0.0,0.0,0.02
15,4,2,3,False,7.022365679742224,0.3779548899952445,2,qUCB,0.28,0.44,0.18,0.0,0.0,0.0,0.0,0.0,0.0,0.0,0.0,0.02,0.0,0.04,0.04
15,4,2,3,False,7.022365679742224,0.3779548899952445,3,qUCB,0.22,0.02,0.68,0.0,0.0,0.0,0.0,0.0,0.0,0.0,0.0,0.02,0.0,0.04,0.02
15,4,2,3,False,7.022365679742224,0.3779548899952445,4,qUCB,0.0,0.46,0.44,0.0,0.0,0.0,0.0,0.0,0.0,0.0,0.0,0.04,0.0,0.04,0.02
15,5,1,4,False,6.7895317098302215,0.7594254070623947,0,qEHVI,0.38,0.14,0.38,0.04,0.0,0.0,0.0,0.0,0.04,0.0,0.0,0.02,0.0,0.0,0.0
15,5,1,4,False,6.7895317098302215,0.7594254070623947,1,qUCB,0.38,0.12,0.4,0.0,0.04,0.0,0.0,0.0,0.0,0.0,0.0,0.0,0.0,0.04,0.02
15,5,1,4,False,6.7895317098302215,0.7594254070623947,2,qUCB,0.28,0.44,0.18,0.0,0.0,0.0,0.0,0.0,0.0,0.0,0.0,0.02,0.0,0.04,0.04
15,5,1,4,False,6.7895317098302215,0.7594254070623947,3,qUCB,0.24,0.02,0.64,0.0,0.04,0.0,0.0,0.0,0.0,0.0,0.0,0.02,0.0,0.0,0.04
15,5,1,4,False,6.7895317098302215,0.7594254070623947,4,qUCB,0.18,0.0,0.76,0.0,0.02,0.0,0.0,0.0,0.0,0.0,0.0,0.0,0.0,0.04,0.0
15,6,0,5,False,6.6527532959860585,0.7190319541273631,0,qUCB,0.38,0.16,0.38,0.04,0.02,0.0,0.0,0.0,0.0,0.0,0.0,0.0,0.0,0.0,0.02
15,6,0,5,False,6.6527532959860585,0.7190319541273631,1,qUCB,0.26,0.0,0.68,0.02,0.0,0.0,0.0,0.0,0.0,0.0,0.0,0.0,0.0,0.0,0.04
15,6,0,5,False,6.6527532959860585,0.7190319541273631,2,qUCB,0.24,0.5,0.18,0.04,0.02,0.0,0.0,0.0,0.0,0.0,0.0,0.0,0.0,0.02,0.0
15,6,0,5,False,6.6527532959860585,0.7190319541273631,3,qUCB,0.22,0.0,0.74,0.0,0.0,0.0,0.0,0.0,0.02,0.0,0.0,0.0,0.0,0.02,0.0
15,6,0,5,False,6.6527532959860585,0.7190319541273631,4,qUCB,0.0,0.0,0.98,0.0,0.0,0.0,0.0,0.0,0.02,0.0,0.0,0.0,0.0,0.0,0.0
16,1,5,0,False,1.4159870392043323,0.02381576616543679,0,qEHVI,0.44,0.18,0.3,0.04,0.04,0.0,0.0,0.0,0.0,0.0,0.0,0.0,0.0,0.0,0.0
16,1,5,0,False,1.4159870392043323,0.02381576616543679,1,qEHVI,0.48,0.06,0.44,0.02,0.0,0.0,0.0,0.0,0.0,0.0,0.0,0.0,0.0,0.0,0.0
16,1,5,0,False,1.4159870392043323,0.02381576616543679,2,qEHVI,0.3,0.0,0.66,0.02,0.0,0.0,0.0,0.0,0.0,0.0,0.0,0.0,0.0,0.02,0.0
16,1,5,0,False,1.4159870392043323,0.02381576616543679,3,qEHVI,0.32,0.0,0.64,0.0,0.02,0.0,0.0,0.0,0.0,0.0,0.0,0.0,0.0,0.0,0.02
16,1,5,0,False,1.4159870392043323,0.02381576616543679,4,qEHVI,0.42,0.16,0.38,0.0,0.0,0.0,0.0,0.0,0.0,0.0,0.0,0.04,0.0,0.0,0.0
16,2,4,1,False,1.2888302864633157,0.26379292393433307,0,qEHVI,0.44,0.18,0.3,0.04,0.04,0.0,0.0,0.0,0.0,0.0,0.0,0.0,0.0,0.0,0.0
16,2,4,1,False,1.2888302864633157,0.26379292393433307,1,qEHVI,0.48,0.06,0.44,0.02,0.0,0.0,0.0,0.0,0.0,0.0,0.0,0.0,0.0,0.0,0.0
16,2,4,1,False,1.2888302864633157,0.26379292393433307,2,qEHVI,0.3,0.0,0.66,0.02,0.0,0.0,0.0,0.0,0.0,0.0,0.0,0.0,0.0,0.02,0.0
16,2,4,1,False,1.2888302864633157,0.26379292393433307,3,qEHVI,0.42,0.16,0.38,0.0,0.0,0.0,0.0,0.0,0.0,0.0,0.0,0.04,0.0,0.0,0.0
16,2,4,1,False,1.2888302864633157,0.26379292393433307,4,qUCB,0.58,0.26,0.06,0.0,0.0,0.0,0.0,0.0,0.04,0.0,0.0,0.0,0.0,0.02,0.04
16,3,3,2,True,1.2126458473679118,0.4218228887443436,0,qEHVI,0.44,0.18,0.3,0.04,0.04,0.0,0.0,0.0,0.0,0.0,0.0,0.0,0.0,0.0,0.0
16,3,3,2,True,1.2126458473679118,0.4218228887443436,1,qEHVI,0.3,0.0,0.66,0.02,0.0,0.0,0.0,0.0,0.0,0.0,0.0,0.0,0.0,0.02,0.0
16,3,3,2,True,1.2126458473679118,0.4218228887443436,2,qEHVI,0.48,0.06,0.44,0.02,0.0,0.0,0.0,0.0,0.0,0.0,0.0,0.0,0.0,0.0,0.0
16,3,3,2,True,1.2126458473679118,0.4218228887443436,3,qUCB,0.58,0.26,0.06,0.0,0.0,0.0,0.0,0.0,0.04,0.0,0.0,0.0,0.0,0.02,0.04
16,3,3,2,True,1.2126458473679118,0.4218228887443436,4,qUCB,0.02,0.76,0.14,0.0,0.0,0.0,0.0,0.0,0.04,0.0,0.0,0.0,0.0,0.0,0.04
16,4,2,3,False,1.09751011501164,0.06709651809643091,0,qEHVI,0.44,0.18,0.3,0.04,0.04,0.0,0.0,0.0,0.0,0.0,0.0,0.0,0.0,0.0,0.0
16,4,2,3,False,1.09751011501164,0.06709651809643091,1,qEHVI,0.48,0.06,0.44,0.02,0.0,0.0,0.0,0.0,0.0,0.0,0.0,0.0,0.0,0.0,0.0
16,4,2,3,False,1.09751011501164,0.06709651809643091,2,qUCB,0.0,0.76,0.14,0.0,0.02,0.0,0.0,0.0,0.04,0.0,0.0,0.0,0.0,0.04,0.0
16,4,2,3,False,1.09751011501164,0.06709651809643091,3,qUCB,0.24,0.02,0.64,0.0,0.0,0.0,0.0,0.0,0.02,0.0,0.0,0.0,0.0,0.04,0.04
16,4,2,3,False,1.09751011501164,0.06709651809643091,4,qUCB,0.24,0.66,0.0,0.0,0.02,0.0,0.0,0.0,0.04,0.0,0.0,0.0,0.0,0.0,0.04
16,5,1,4,False,1.073471394770228,0.1269653649503173,0,qEHVI,0.44,0.18,0.3,0.04,0.04,0.0,0.0,0.0,0.0,0.0,0.0,0.0,0.0,0.0,0.0
16,5,1,4,False,1.073471394770228,0.1269653649503173,1,qUCB,0.58,0.26,0.06,0.0,0.0,0.0,0.0,0.0,0.04,0.0,0.0,0.0,0.0,0.02,0.04
16,5,1,4,False,1.073471394770228,0.1269653649503173,2,qUCB,0.24,0.02,0.64,0.0,0.0,0.0,0.0,0.0,0.02,0.0,0.0,0.0,0.0,0.04,0.04
16,5,1,4,False,1.073471394770228,0.1269653649503173,3,qUCB,0.02,0.74,0.14,0.0,0.0,0.0,0.0,0.0,0.02,0.0,0.0,0.04,0.0,0.04,0.0
16,5,1,4,False,1.073471394770228,0.1269653649503173,4,qUCB,0.02,0.28,0.62,0.0,0.0,0.0,0.0,0.0,0.04,0.0,0.0,0.0,0.0,0.04,0.0
16,6,0,5,False,1.0516114508004328,0.29058944675029963,0,qUCB,0.44,0.1,0.38,0.0,0.0,0.0,0.0,0.0,0.04,0.0,0.0,0.0,0.0,0.04,0.0
16,6,0,5,False,1.0516114508004328,0.29058944675029963,1,qUCB,0.3,0.0,0.66,0.02,0.0,0.0,0.0,0.0,0.0,0.0,0.0,0.0,0.0,0.02,0.0
16,6,0,5,False,1.0516114508004328,0.29058944675029963,2,qUCB,0.0,0.02,0.96,0.02,0.0,0.0,0.0,0.0,0.0,0.0,0.0,0.0,0.0,0.0,0.0
16,6,0,5,False,1.0516114508004328,0.29058944675029963,3,qUCB,0.2,0.0,0.74,0.0,0.0,0.0,0.0,0.0,0.0,0.0,0.0,0.02,0.0,0.04,0.0
16,6,0,5,False,1.0516114508004328,0.29058944675029963,4,qUCB,0.0,0.76,0.14,0.04,0.04,0.0,0.0,0.0,0.0,0.0,0.0,0.02,0.0,0.0,0.0
17,1,5,0,False,1.3233076119888152,0.15422010959849897,0,qEHVI,0.46,0.16,0.3,0.04,0.04,0.0,0.0,0.0,0.0,0.0,0.0,0.0,0.0,0.0,0.0
17,1,5,0,False,1.3233076119888152,0.15422010959849897,1,qEHVI,0.46,0.16,0.38,0.0,0.0,0.0,0.0,0.0,0.0,0.0,0.0,0.0,0.0,0.0,0.0
17,1,5,0,False,1.3233076119888152,0.15422010959849897,2,qEHVI,0.46,0.0,0.44,0.0,0.0,0.0,0.0,0.0,0.04,0.0,0.0,0.0,0.0,0.02,0.04
17,1,5,0,False,1.3233076119888152,0.15422010959849897,3,qEHVI,0.26,0.44,0.2,0.0,0.02,0.0,0.0,0.0,0.02,0.0,0.0,0.02,0.0,0.0,0.04
17,1,5,0,False,1.3233076119888152,0.15422010959849897,4,qEHVI,0.4,0.1,0.4,0.04,0.04,0.0,0.0,0.0,0.0,0.0,0.0,0.0,0.0,0.02,0.0
17,2,4,1,True,1.3168430020195296,0.25700112226016714,0,qEHVI,0.46,0.16,0.3,0.04,0.04,0.0,0.0,0.0,0.0,0.0,0.0,0.0,0.0,0.0,0.0
17,2,4,1,True,1.3168430020195296,0.25700112226016714,1,qEHVI,0.46,0.16,0.38,0.0,0.0,0.0,0.0,0.0,0.0,0.0,0.0,0.0,0.0,0.0,0.0
17,2,4,1,True,1.3168430020195296,0.25700112226016714,2,qEHVI,0.34,0.38,0.2,0.0,0.0,0.0,0.0,0.0,0.0,0.0,0.0,0.04,0.0,0.0,0.04
17,2,4,1,True,1.3168430020195296,0.25700112226016714,3,qEHVI,0.46,0.0,0.44,0.0,0.0,0.0,0.0,0.0,0.04,0.0,0.0,0.0,0.0,0.02,0.04
17,2,4,1,True,1.3168430020195296,0.25700112226016714,4,qUCB,0.68,0.16,0.06,0.0,0.04,0.0,0.0,0.0,0.0,0.0,0.0,0.0,0.0,0.04,0.02
17,3,3,2,False,1.1582318640277935,0.1604383063109523,0,qEHVI,0.46,0.16,0.3,0.04,0.04,0.0,0.0,0.0,0.0,0.0,0.0,0.0,0.0,0.0,0.0
17,3,3,2,False,1.1582318640277935,0.1604383063109523,1,qEHVI,0.46,0.16,0.38,0.0,0.0,0.0,0.0,0.0,0.0,0.0,0.0,0.0,0.0,0.0,0.0
17,3,3,2,False,1.1582318640277935,0.1604383063109523,2,qEHVI,0.34,0.38,0.2,0.0,0.0,0.0,0.0,0.0,0.0,0.0,0.0,0.04,0.0,0.0,0.04
17,3,3,2,False,1.1582318640277935,0.1604383063109523,3,qUCB,0.68,0.16,0.06,0.0,0.04,0.0,0.0,0.0,0.0,0.0,0.0,0.0,0.0,0.04,0.02
17,3,3,2,False,1.1582318640277935,0.1604383063109523,4,qUCB,0.28,0.42,0.2,0.0,0.04,0.0,0.0,0.0,0.04,0.0,0.0,0.0,0.0,0.0,0.02
17,4,2,3,False,1.3072916129054664,0.06582627502610316,0,qEHVI,0.46,0.16,0.3,0.04,0.04,0.0,0.0,0.0,0.0,0.0,0.0,0.0,0.0,0.0,0.0
17,4,2,3,False,1.3072916129054664,0.06582627502610316,1,qEHVI,0.46,0.16,0.38,0.0,0.0,0.0,0.0,0.0,0.0,0.0,0.0,0.0,0.0,0.0,0.0
17,4,2,3,False,1.3072916129054664,0.06582627502610316,2,qUCB,0.6,0.24,0.06,0.0,0.04,0.0,0.0,0.0,0.0,0.0,0.0,0.02,0.0,0.0,0.04
17,4,2,3,False,1.3072916129054664,0.06582627502610316,3,qUCB,0.28,0.42,0.2,0.0,0.04,0.0,0.0,0.0,0.04,0.0,0.0,0.0,0.0,0.0,0.02
17,4,2,3,False,1.3072916129054664,0.06582627502610316,4,qUCB,0.0,0.0,0.96,0.04,0.0,0.0,0.0,0.0,0.0,0.0,0.0,0.0,0.0,0.0,0.0
17,5,1,4,False,0.9523094028004493,0.10466639814420553,0,qEHVI,0.46,0.16,0.3,0.04,0.04,0.0,0.0,0.0,0.0,0.0,0.0,0.0,0.0,0.0,0.0
17,5,1,4,False,0.9523094028004493,0.10466639814420553,1,qUCB,0.62,0.22,0.06,0.0,0.0,0.0,0.0,0.0,0.04,0.0,0.0,0.02,0.0,0.0,0.04
17,5,1,4,False,0.9523094028004493,0.10466639814420553,2,qUCB,0.02,0.26,0.62,0.0,0.0,0.0,0.0,0.0,0.0,0.0,0.0,0.04,0.0,0.02,0.04
17,5,1,4,False,0.9523094028004493,0.10466639814420553,3,qUCB,0.2,0.52,0.18,0.0,0.0,0.0,0.0,0.0,0.0,0.0,0.0,0.04,0.0,0.04,0.02
17,5,1,4,False,0.9523094028004493,0.10466639814420553,4,qUCB,0.0,0.48,0.44,0.0,0.0,0.0,0.0,0.0,0.0,0.0,0.0,0.04,0.0,0.04,0.0
17,6,0,5,False,1.0525135176059972,0.03611400534501996,0,qUCB,0.46,0.16,0.38,0.0,0.0,0.0,0.0,0.0,0.0,0.0,0.0,0.0,0.0,0.0,0.0
17,6,0,5,False,1.0525135176059972,0.03611400534501996,1,qUCB,0.0,0.0,0.96,0.04,0.0,0.0,0.0,0.0,0.0,0.0,0.0,0.0,0.0,0.0,0.0
17,6,0,5,False,1.0525135176059972,0.03611400534501996,2,qUCB,0.28,0.42,0.2,0.0,0.04,0.0,0.0,0.0,0.04,0.0,0.0,0.0,0.0,0.0,0.02
17,6,0,5,False,1.0525135176059972,0.03611400534501996,3,qUCB,0.2,0.0,0.76,0.0,0.02,0.0,0.0,0.0,0.0,0.0,0.0,0.02,0.0,0.0,0.0
17,6,0,5,False,1.0525135176059972,0.03611400534501996,4,qUCB,0.0,0.3,0.62,0.04,0.0,0.0,0.0,0.0,0.02,0.0,0.0,0.0,0.0,0.02,0.0
18,1,5,0,False,1.4701331506668087,0.10634042172893282,0,qEHVI,0.38,0.12,0.42,0.04,0.0,0.0,0.0,0.0,0.04,0.0,0.0,0.0,0.0,0.0,0.0
18,1,5,0,False,1.4701331506668087,0.10634042172893282,1,qEHVI,0.44,0.1,0.36,0.02,0.0,0.0,0.0,0.0,0.04,0.0,0.0,0.02,0.0,0.02,0.0
18,1,5,0,False,1.4701331506668087,0.10634042172893282,2,qEHVI,0.8,0.0,0.2,0.0,0.0,0.0,0.0,0.0,0.0,0.0,0.0,0.0,0.0,0.0,0.0
18,1,5,0,False,1.4701331506668087,0.10634042172893282,3,qEHVI,0.46,0.14,0.3,0.04,0.0,0.0,0.0,0.0,0.0,0.0,0.0,0.04,0.0,0.02,0.0
18,1,5,0,False,1.4701331506668087,0.10634042172893282,4,qEHVI,0.46,0.22,0.22,0.0,0.0,0.0,0.0,0.0,0.04,0.0,0.0,0.0,0.0,0.02,0.04
18,2,4,1,False,1.4177248646753084,0.02759144836088412,0,qEHVI,0.38,0.12,0.42,0.04,0.0,0.0,0.0,0.0,0.04,0.0,0.0,0.0,0.0,0.0,0.0
18,2,4,1,False,1.4177248646753084,0.02759144836088412,1,qEHVI,0.44,0.1,0.36,0.02,0.0,0.0,0.0,0.0,0.04,0.0,0.0,0.02,0.0,0.02,0.0
18,2,4,1,False,1.4177248646753084,0.02759144836088412,2,qEHVI,0.8,0.0,0.2,0.0,0.0,0.0,0.0,0.0,0.0,0.0,0.0,0.0,0.0,0.0,0.0
18,2,4,1,False,1.4177248646753084,0.02759144836088412,3,qEHVI,0.46,0.22,0.22,0.0,0.0,0.0,0.0,0.0,0.04,0.0,0.0,0.0,0.0,0.02,0.04
18,2,4,1,False,1.4177248646753084,0.02759144836088412,4,qUCB,0.32,0.34,0.24,0.0,0.04,0.0,0.0,0.0,0.0,0.0,0.0,0.04,0.0,0.02,0.0
18,3,3,2,True,1.278867996370608,0.26605853247365996,0,qEHVI,0.38,0.12,0.42,0.04,0.0,0.0,0.0,0.0,0.04,0.0,0.0,0.0,0.0,0.0,0.0
18,3,3,2,True,1.278867996370608,0.26605853247365996,1,qEHVI,0.44,0.1,0.36,0.02,0.0,0.0,0.0,0.0,0.04,0.0,0.0,0.02,0.0,0.02,0.0
18,3,3,2,True,1.278867996370608,0.26605853247365996,2,qEHVI,0.8,0.0,0.2,0.0,0.0,0.0,0.0,0.0,0.0,0.0,0.0,0.0,0.0,0.0,0.0
18,3,3,2,True,1.278867996370608,0.26605853247365996,3,qUCB,0.0,0.28,0.62,0.02,0.04,0.0,0.0,0.0,0.0,0.0,0.0,0.0,0.0,0.0,0.04
18,3,3,2,True,1.278867996370608,0.26605853247365996,4,qUCB,0.18,0.72,0.0,0.0,0.02,0.0,0.0,0.0,0.0,0.0,0.0,0.0,0.0,0.04,0.04
18,4,2,3,False,1.0360390131726622,0.1207220428010789,0,qEHVI,0.38,0.12,0.42,0.04,0.0,0.0,0.0,0.0,0.04,0.0,0.0,0.0,0.0,0.0,0.0
18,4,2,3,False,1.0360390131726622,0.1207220428010789,1,qEHVI,0.44,0.1,0.36,0.02,0.0,0.0,0.0,0.0,0.04,0.0,0.0,0.02,0.0,0.02,0.0
18,4,2,3,False,1.0360390131726622,0.1207220428010789,2,qUCB,0.2,0.72,0.0,0.0,0.04,0.0,0.0,0.0,0.0,0.0,0.0,0.0,0.0,0.0,0.04
18,4,2,3,False,1.0360390131726622,0.1207220428010789,3,qUCB,0.0,0.28,0.62,0.02,0.04,0.0,0.0,0.0,0.0,0.0,0.0,0.0,0.0,0.0,0.04
18,4,2,3,False,1.0360390131726622,0.1207220428010789,4,qUCB,0.16,0.0,0.74,0.0,0.04,0.0,0.0,0.0,0.0,0.0,0.0,0.02,0.0,0.0,0.04
18,5,1,4,False,0.9837195756011933,0.28759750916730376,0,qEHVI,0.38,0.12,0.42,0.04,0.0,0.0,0.0,0.0,0.04,0.0,0.0,0.0,0.0,0.0,0.0
18,5,1,4,False,0.9837195756011933,0.28759750916730376,1,qUCB,0.24,0.66,0.0,0.0,0.0,0.0,0.0,0.0,0.0,0.0,0.0,0.04,0.0,0.04,0.02
18,5,1,4,False,0.9837195756011933,0.28759750916730376,2,qUCB,0.32,0.34,0.24,0.0,0.04,0.0,0.0,0.0,0.0,0.0,0.0,0.04,0.0,0.02,0.0
18,5,1,4,False,0.9837195756011933,0.28759750916730376,3,qUCB,0.02,0.28,0.6,0.0,0.04,0.0,0.0,0.0,0.0,0.0,0.0,0.02,0.0,0.0,0.04
18,5,1,4,False,0.9837195756011933,0.28759750916730376,4,qUCB,0.04,0.4,0.46,0.0,0.0,0.0,0.0,0.0,0.0,0.0,0.0,0.04,0.0,0.02,0.04
18,6,0,5,False,0.7780452793795077,0.08821463635323568,0,qUCB,0.42,0.24,0.24,0.0,0.04,0.0,0.0,0.0,0.02,0.0,0.0,0.0,0.0,0.02,0.02
18,6,0,5,False,0.7780452793795077,0.08821463635323568,1,qUCB,0.0,0.44,0.46,0.04,0.0,0.0,0.0,0.0,0.04,0.0,0.0,0.0,0.0,0.02,0.0
18,6,0,5,False,0.7780452793795077,0.08821463635323568,2,qUCB,0.0,0.32,0.62,0.04,0.0,0.0,0.0,0.0,0.0,0.0,0.0,0.0,0.0,0.02,0.0
18,6,0,5,False,0.7780452793795077,0.08821463635323568,3,qUCB,0.02,0.0,0.9400000000000001,0.04,0.0,0.0,0.0,0.0,0.0,0.0,0.0,0.0,0.0,0.0,0.0
18,6,0,5,False,0.7780452793795077,0.08821463635323568,4,qUCB,0.18,0.0,0.78,0.0,0.0,0.0,0.0,0.0,0.0,0.0,0.0,0.0,0.0,0.02,0.02
19,1,5,0,False,1.1435576027735366,0.17066006128211697,0,qEHVI,0.42,0.12,0.4,0.0,0.0,0.0,0.0,0.0,0.02,0.0,0.0,0.02,0.0,0.02,0.0
19,1,5,0,False,1.1435576027735366,0.17066006128211697,1,qEHVI,0.44,0.0,0.46,0.02,0.04,0.0,0.0,0.0,0.0,0.0,0.0,0.0,0.0,0.02,0.02
19,1,5,0,False,1.1435576027735366,0.17066006128211697,2,qEHVI,0.46,0.14,0.3,0.0,0.04,0.0,0.0,0.0,0.04,0.0,0.0,0.0,0.0,0.02,0.0
19,1,5,0,False,1.1435576027735366,0.17066006128211697,3,qEHVI,0.5,0.18,0.22,0.0,0.0,0.0,0.0,0.0,0.04,0.0,0.0,0.02,0.0,0.0,0.04
19,1,5,0,False,1.1435576027735366,0.17066006128211697,4,qEHVI,0.38,0.2,0.32,0.04,0.04,0.0,0.0,0.0,0.0,0.0,0.0,0.02,0.0,0.0,0.0
19,2,4,1,True,1.115448660315256,0.2723471852298409,0,qEHVI,0.42,0.12,0.4,0.0,0.0,0.0,0.0,0.0,0.02,0.0,0.0,0.02,0.0,0.02,0.0
19,2,4,1,True,1.115448660315256,0.2723471852298409,1,qEHVI,0.44,0.0,0.46,0.02,0.04,0.0,0.0,0.0,0.0,0.0,0.0,0.0,0.0,0.02,0.02
19,2,4,1,True,1.115448660315256,0.2723471852298409,2,qEHVI,0.38,0.2,0.32,0.04,0.04,0.0,0.0,0.0,0.0,0.0,0.0,0.02,0.0,0.0,0.0
19,2,4,1,True,1.115448660315256,0.2723471852298409,3,qEHVI,0.5,0.18,0.22,0.0,0.0,0.0,0.0,0.0,0.04,0.0,0.0,0.02,0.0,0.0,0.04
19,2,4,1,True,1.115448660315256,0.2723471852298409,4,qUCB,0.44,0.22,0.26,0.0,0.04,0.0,0.0,0.0,0.04,0.0,0.0,0.0,0.0,0.0,0.0
19,3,3,2,False,0.9019874460858133,0.16120880609041954,0,qEHVI,0.42,0.12,0.4,0.0,0.0,0.0,0.0,0.0,0.02,0.0,0.0,0.02,0.0,0.02,0.0
19,3,3,2,False,0.9019874460858133,0.16120880609041954,1,qEHVI,0.44,0.0,0.46,0.02,0.04,0.0,0.0,0.0,0.0,0.0,0.0,0.0,0.0,0.02,0.02
19,3,3,2,False,0.9019874460858133,0.16120880609041954,2,qEHVI,0.38,0.2,0.32,0.04,0.04,0.0,0.0,0.0,0.0,0.0,0.0,0.02,0.0,0.0,0.0
19,3,3,2,False,0.9019874460858133,0.16120880609041954,3,qUCB,0.44,0.22,0.26,0.0,0.04,0.0,0.0,0.0,0.04,0.0,0.0,0.0,0.0,0.0,0.0
19,3,3,2,False,0.9019874460858133,0.16120880609041954,4,qUCB,0.02,0.44,0.46,0.04,0.0,0.0,0.0,0.0,0.0,0.0,0.0,0.0,0.0,0.0,0.04
19,4,2,3,False,0.7681235886945408,0.3586553817467628,0,qEHVI,0.42,0.12,0.4,0.0,0.0,0.0,0.0,0.0,0.02,0.0,0.0,0.02,0.0,0.02,0.0
19,4,2,3,False,0.7681235886945408,0.3586553817467628,1,qEHVI,0.44,0.0,0.46,0.02,0.04,0.0,0.0,0.0,0.0,0.0,0.0,0.0,0.0,0.02,0.02
19,4,2,3,False,0.7681235886945408,0.3586553817467628,2,qUCB,0.2,0.5,0.2,0.04,0.02,0.0,0.0,0.0,0.0,0.0,0.0,0.04,0.0,0.0,0.0
19,4,2,3,False,0.7681235886945408,0.3586553817467628,3,qUCB,0.0,0.46,0.44,0.04,0.02,0.0,0.0,0.0,0.0,0.0,0.0,0.04,0.0,0.0,0.0
19,4,2,3,False,0.7681235886945408,0.3586553817467628,4,qUCB,0.16,0.0,0.74,0.04,0.02,0.0,0.0,0.0,0.0,0.0,0.0,0.04,0.0,0.0,0.0
19,5,1,4,False,0.6401474136395483,0.03291844153568846,0,qEHVI,0.42,0.12,0.4,0.0,0.0,0.0,0.0,0.0,0.02,0.0,0.0,0.02,0.0,0.02,0.0
19,5,1,4,False,0.6401474136395483,0.03291844153568846,1,qUCB,0.18,0.56,0.16,0.04,0.02,0.0,0.0,0.0,0.0,0.0,0.0,0.0,0.0,0.0,0.04
19,5,1,4,False,0.6401474136395483,0.03291844153568846,2,qUCB,0.02,0.44,0.46,0.04,0.0,0.0,0.0,0.0,0.0,0.0,0.0,0.0,0.0,0.0,0.04
19,5,1,4,False,0.6401474136395483,0.03291844153568846,3,qUCB,0.16,0.0,0.76,0.0,0.04,0.0,0.0,0.0,0.0,0.0,0.0,0.0,0.0,0.0,0.04
19,5,1,4,False,0.6401474136395483,0.03291844153568846,4,qUCB,0.24,0.46,0.22,0.04,0.04,0.0,0.0,0.0,0.0,0.0,0.0,0.0,0.0,0.0,0.0
19,6,0,5,False,0.5787800131577738,0.4135574162087181,0,qUCB,0.4,0.26,0.24,0.0,0.04,0.0,0.0,0.0,0.02,0.0,0.0,0.02,0.0,0.02,0.0
19,6,0,5,False,0.5787800131577738,0.4135574162087181,1,qUCB,0.02,0.44,0.46,0.04,0.0,0.0,0.0,0.0,0.0,0.0,0.0,0.0,0.0,0.0,0.04
19,6,0,5,False,0.5787800131577738,0.4135574162087181,2,qUCB,0.16,0.0,0.76,0.0,0.04,0.0,0.0,0.0,0.0,0.0,0.0,0.0,0.0,0.0,0.04
19,6,0,5,False,0.5787800131577738,0.4135574162087181,3,qUCB,0.16,0.6,0.18,0.04,0.02,0.0,0.0,0.0,0.0,0.0,0.0,0.0,0.0,0.0,0.0
19,6,0,5,False,0.5787800131577738,0.4135574162087181,4,qUCB,0.0,0.02,0.9400000000000001,0.02,0.0,0.0,0.0,0.0,0.0,0.0,0.0,0.02,0.0,0.0,0.0
20,1,5,0,False,1.0975889606140548,0.11851620546925945,0,qEHVI,0.54,0.1,0.3,0.04,0.02,0.0,0.0,0.0,0.0,0.0,0.0,0.0,0.0,0.0,0.0
20,1,5,0,False,1.0975889606140548,0.11851620546925945,1,qEHVI,0.0,0.0,0.98,0.0,0.02,0.0,0.0,0.0,0.0,0.0,0.0,0.0,0.0,0.0,0.0
20,1,5,0,False,1.0975889606140548,0.11851620546925945,2,qEHVI,0.54,0.34,0.02,0.0,0.02,0.0,0.0,0.0,0.02,0.0,0.0,0.0,0.0,0.02,0.04
20,1,5,0,False,1.0975889606140548,0.11851620546925945,3,qEHVI,0.46,0.1,0.36,0.04,0.02,0.0,0.0,0.0,0.02,0.0,0.0,0.0,0.0,0.0,0.0
20,1,5,0,False,1.0975889606140548,0.11851620546925945,4,qEHVI,0.0,0.66,0.28,0.04,0.0,0.0,0.0,0.0,0.0,0.0,0.0,0.0,0.0,0.0,0.02
20,2,4,1,False,0.8232021439823819,0.06483822737764922,0,qEHVI,0.54,0.1,0.3,0.04,0.02,0.0,0.0,0.0,0.0,0.0,0.0,0.0,0.0,0.0,0.0
20,2,4,1,False,0.8232021439823819,0.06483822737764922,1,qEHVI,0.0,0.0,0.98,0.0,0.02,0.0,0.0,0.0,0.0,0.0,0.0,0.0,0.0,0.0,0.0
20,2,4,1,False,0.8232021439823819,0.06483822737764922,2,qEHVI,0.46,0.1,0.36,0.04,0.02,0.0,0.0,0.0,0.02,0.0,0.0,0.0,0.0,0.0,0.0
20,2,4,1,False,0.8232021439823819,0.06483822737764922,3,qEHVI,0.02,0.0,0.96,0.0,0.0,0.0,0.0,0.0,0.02,0.0,0.0,0.0,0.0,0.0,0.0
20,2,4,1,False,0.8232021439823819,0.06483822737764922,4,qUCB,0.7000000000000001,0.14,0.06,0.0,0.0,0.0,0.0,0.0,0.0,0.0,0.0,0.02,0.0,0.04,0.04
20,3,3,2,True,0.893522125129691,0.15721518025293868,0,qEHVI,0.54,0.1,0.3,0.04,0.02,0.0,0.0,0.0,0.0,0.0,0.0,0.0,0.0,0.0,0.0
20,3,3,2,True,0.893522125129691,0.15721518025293868,1,qEHVI,0.0,0.0,0.98,0.0,0.02,0.0,0.0,0.0,0.0,0.0,0.0,0.0,0.0,0.0,0.0
20,3,3,2,True,0.893522125129691,0.15721518025293868,2,qEHVI,0.54,0.34,0.02,0.0,0.02,0.0,0.0,0.0,0.02,0.0,0.0,0.0,0.0,0.02,0.04
20,3,3,2,True,0.893522125129691,0.15721518025293868,3,qUCB,0.26,0.18,0.46,0.0,0.0,0.0,0.0,0.0,0.04,0.0,0.0,0.04,0.0,0.02,0.0
20,3,3,2,True,0.893522125129691,0.15721518025293868,4,qUCB,0.12,0.04,0.76,0.0,0.0,0.0,0.0,0.0,0.04,0.0,0.0,0.0,0.0,0.04,0.0
20,4,2,3,False,0.7178149741934271,0.01537894043640442,0,qEHVI,0.54,0.1,0.3,0.04,0.02,0.0,0.0,0.0,0.0,0.0,0.0,0.0,0.0,0.0,0.0
20,4,2,3,False,0.7178149741934271,0.01537894043640442,1,qEHVI,0.0,0.0,0.98,0.0,0.02,0.0,0.0,0.0,0.0,0.0,0.0,0.0,0.0,0.0,0.0
20,4,2,3,False,0.7178149741934271,0.01537894043640442,2,qUCB,0.2,0.52,0.18,0.0,0.0,0.0,0.0,0.0,0.04,0.0,0.0,0.02,0.0,0.0,0.04
20,4,2,3,False,0.7178149741934271,0.01537894043640442,3,qUCB,0.02,0.4,0.48,0.0,0.0,0.0,0.0,0.0,0.02,0.0,0.0,0.0,0.0,0.04,0.04
20,4,2,3,False,0.7178149741934271,0.01537894043640442,4,qUCB,0.02,0.6,0.28,0.0,0.0,0.0,0.0,0.0,0.0,0.0,0.0,0.04,0.0,0.02,0.04
20,5,1,4,False,0.7168734981132644,0.10716305660566405,0,qEHVI,0.54,0.1,0.3,0.04,0.02,0.0,0.0,0.0,0.0,0.0,0.0,0.0,0.0,0.0,0.0
20,5,1,4,False,0.7168734981132644,0.10716305660566405,1,qUCB,0.26,0.18,0.46,0.0,0.0,0.0,0.0,0.0,0.04,0.0,0.0,0.04,0.0,0.02,0.0
20,5,1,4,False,0.7168734981132644,0.10716305660566405,2,qUCB,0.0,0.0,0.98,0.0,0.02,0.0,0.0,0.0,0.0,0.0,0.0,0.0,0.0,0.0,0.0
20,5,1,4,False,0.7168734981132644,0.10716305660566405,3,qUCB,0.12,0.04,0.76,0.0,0.0,0.0,0.0,0.0,0.04,0.0,0.0,0.0,0.0,0.04,0.0
20,5,1,4,False,0.7168734981132644,0.10716305660566405,4,qUCB,0.02,0.4,0.48,0.0,0.0,0.0,0.0,0.0,0.02,0.0,0.0,0.0,0.0,0.04,0.04
20,6,0,5,False,0.6812296886139826,0.17135421433826536,0,qUCB,0.0,0.0,0.98,0.0,0.02,0.0,0.0,0.0,0.0,0.0,0.0,0.0,0.0,0.0,0.0
20,6,0,5,False,0.6812296886139826,0.17135421433826536,1,qUCB,0.0,0.42,0.48,0.04,0.0,0.0,0.0,0.0,0.04,0.0,0.0,0.0,0.0,0.02,0.0
20,6,0,5,False,0.6812296886139826,0.17135421433826536,2,qUCB,0.18,0.0,0.74,0.0,0.04,0.0,0.0,0.0,0.0,0.0,0.0,0.0,0.0,0.04,0.0
20,6,0,5,False,0.6812296886139826,0.17135421433826536,3,qUCB,0.0,0.66,0.28,0.04,0.0,0.0,0.0,0.0,0.0,0.0,0.0,0.0,0.0,0.0,0.02
20,6,0,5,False,0.6812296886139826,0.17135421433826536,4,qUCB,0.0,0.5,0.46,0.0,0.0,0.0,0.0,0.0,0.0,0.0,0.0,0.0,0.0,0.04,0.0
21,1,5,0,False,0.6726439118228201,0.15214265807250982,0,qEHVI,0.44,0.1,0.36,0.04,0.0,0.0,0.0,0.0,0.0,0.0,0.0,0.02,0.0,0.04,0.0
21,1,5,0,False,0.6726439118228201,0.15214265807250982,1,qEHVI,0.38,0.06,0.46,0.0,0.0,0.0,0.0,0.0,0.02,0.0,0.0,0.04,0.0,0.04,0.0
21,1,5,0,False,0.6726439118228201,0.15214265807250982,2,qEHVI,0.48,0.12,0.3,0.04,0.04,0.0,0.0,0.0,0.0,0.0,0.0,0.02,0.0,0.0,0.0
21,1,5,0,False,0.6726439118228201,0.15214265807250982,3,qEHVI,0.5,0.08,0.4,0.0,0.0,0.0,0.0,0.0,0.0,0.0,0.0,0.02,0.0,0.0,0.0
21,1,5,0,False,0.6726439118228201,0.15214265807250982,4,qEHVI,0.66,0.18,0.08,0.0,0.04,0.0,0.0,0.0,0.0,0.0,0.0,0.0,0.0,0.0,0.04
21,2,4,1,False,0.6023692222802267,0.028358665359232482,0,qEHVI,0.44,0.1,0.36,0.04,0.0,0.0,0.0,0.0,0.0,0.0,0.0,0.02,0.0,0.04,0.0
21,2,4,1,False,0.6023692222802267,0.028358665359232482,1,qEHVI,0.48,0.12,0.3,0.04,0.04,0.0,0.0,0.0,0.0,0.0,0.0,0.02,0.0,0.0,0.0
21,2,4,1,False,0.6023692222802267,0.028358665359232482,2,qEHVI,0.38,0.06,0.46,0.0,0.0,0.0,0.0,0.0,0.02,0.0,0.0,0.04,0.0,0.04,0.0
21,2,4,1,False,0.6023692222802267,0.028358665359232482,3,qEHVI,0.5,0.08,0.4,0.0,0.0,0.0,0.0,0.0,0.0,0.0,0.0,0.02,0.0,0.0,0.0
21,2,4,1,False,0.6023692222802267,0.028358665359232482,4,qUCB,0.14,0.56,0.2,0.04,0.0,0.0,0.0,0.0,0.02,0.0,0.0,0.0,0.0,0.0,0.04
21,3,3,2,False,0.5560186338212224,0.07076421913726172,0,qEHVI,0.44,0.1,0.36,0.04,0.0,0.0,0.0,0.0,0.0,0.0,0.0,0.02,0.0,0.04,0.0
21,3,3,2,False,0.5560186338212224,0.07076421913726172,1,qEHVI,0.38,0.06,0.46,0.0,0.0,0.0,0.0,0.0,0.02,0.0,0.0,0.04,0.0,0.04,0.0
21,3,3,2,False,0.5560186338212224,0.07076421913726172,2,qEHVI,0.48,0.12,0.3,0.04,0.04,0.0,0.0,0.0,0.0,0.0,0.0,0.02,0.0,0.0,0.0
21,3,3,2,False,0.5560186338212224,0.07076421913726172,3,qUCB,0.46,0.06,0.38,0.02,0.0,0.0,0.0,0.0,0.04,0.0,0.0,0.0,0.0,0.0,0.04
21,3,3,2,False,0.5560186338212224,0.07076421913726172,4,qUCB,0.18,0.48,0.24,0.02,0.0,0.0,0.0,0.0,0.04,0.0,0.0,0.0,0.0,0.0,0.04
21,4,2,3,True,0.47228855245275814,0.275523746008828,0,qEHVI,0.44,0.1,0.36,0.04,0.0,0.0,0.0,0.0,0.0,0.0,0.0,0.02,0.0,0.04,0.0
21,4,2,3,True,0.47228855245275814,0.275523746008828,1,qEHVI,0.48,0.12,0.3,0.04,0.04,0.0,0.0,0.0,0.0,0.0,0.0,0.02,0.0,0.0,0.0
21,4,2,3,True,0.47228855245275814,0.275523746008828,2,qUCB,0.38,0.08,0.46,0.0,0.0,0.0,0.0,0.0,0.04,0.0,0.0,0.0,0.0,0.0,0.04
21,4,2,3,True,0.47228855245275814,0.275523746008828,3,qUCB,0.2,0.48,0.24,0.0,0.0,0.0,0.0,0.0,0.04,0.0,0.0,0.0,0.0,0.0,0.04
21,4,2,3,True,0.47228855245275814,0.275523746008828,4,qUCB,0.02,0.46,0.44,0.0,0.0,0.0,0.0,0.0,0.04,0.0,0.0,0.0,0.0,0.0,0.04
21,5,1,4,False,0.4111375286727335,0.48119355883041415,0,qEHVI,0.44,0.1,0.36,0.04,0.0,0.0,0.0,0.0,0.0,0.0,0.0,0.02,0.0,0.04,0.0
21,5,1,4,False,0.4111375286727335,0.48119355883041415,1,qUCB,0.66,0.18,0.08,0.0,0.04,0.0,0.0,0.0,0.0,0.0,0.0,0.0,0.0,0.0,0.04
21,5,1,4,False,0.4111375286727335,0.48119355883041415,2,qUCB,0.08,0.56,0.26,0.0,0.04,0.0,0.0,0.0,0.02,0.0,0.0,0.0,0.0,0.0,0.04
21,5,1,4,False,0.4111375286727335,0.48119355883041415,3,qUCB,0.18,0.58,0.16,0.0,0.04,0.0,0.0,0.0,0.04,0.0,0.0,0.0,0.0,0.0,0.0
21,5,1,4,False,0.4111375286727335,0.48119355883041415,4,qUCB,0.0,0.48,0.48,0.0,0.02,0.0,0.0,0.0,0.02,0.0,0.0,0.0,0.0,0.0,0.0
21,6,0,5,False,0.34066842119592106,0.09747068923462088,0,qUCB,0.62,0.22,0.08,0.0,0.04,0.0,0.0,0.0,0.0,0.0,0.0,0.0,0.0,0.04,0.0
21,6,0,5,False,0.34066842119592106,0.09747068923462088,1,qUCB,0.02,0.46,0.46,0.04,0.0,0.0,0.0,0.0,0.0,0.0,0.0,0.0,0.0,0.0,0.02
21,6,0,5,False,0.34066842119592106,0.09747068923462088,2,qUCB,0.0,0.68,0.28,0.0,0.0,0.0,0.0,0.0,0.02,0.0,0.0,0.02,0.0,0.0,0.0
21,6,0,5,False,0.34066842119592106,0.09747068923462088,3,qUCB,0.16,0.58,0.18,0.04,0.0,0.0,0.0,0.0,0.0,0.0,0.0,0.0,0.0,0.0,0.04
21,6,0,5,False,0.34066842119592106,0.09747068923462088,4,qUCB,0.14,0.52,0.24,0.04,0.04,0.0,0.0,0.0,0.0,0.0,0.0,0.0,0.0,0.02,0.0
22,1,5,0,False,0.8628389605440917,0.13243712072259547,0,qEHVI,0.0,0.46,0.48,0.04,0.0,0.0,0.0,0.0,0.02,0.0,0.0,0.0,0.0,0.0,0.0
22,1,5,0,False,0.8628389605440917,0.13243712072259547,1,qEHVI,0.0,0.5,0.48,0.0,0.0,0.0,0.0,0.0,0.02,0.0,0.0,0.0,0.0,0.0,0.0
22,1,5,0,False,0.8628389605440917,0.13243712072259547,2,qEHVI,0.66,0.18,0.08,0.0,0.04,0.0,0.0,0.0,0.0,0.0,0.0,0.0,0.0,0.0,0.04
22,1,5,0,False,0.8628389605440917,0.13243712072259547,3,qEHVI,0.46,0.0,0.44,0.0,0.04,0.0,0.0,0.0,0.04,0.0,0.0,0.02,0.0,0.0,0.0
22,1,5,0,False,0.8628389605440917,0.13243712072259547,4,qEHVI,0.38,0.12,0.4,0.04,0.0,0.0,0.0,0.0,0.02,0.0,0.0,0.02,0.0,0.02,0.0
22,2,4,1,False,0.7727732865201141,0.11043851496781709,0,qEHVI,0.0,0.46,0.48,0.04,0.0,0.0,0.0,0.0,0.02,0.0,0.0,0.0,0.0,0.0,0.0
22,2,4,1,False,0.7727732865201141,0.11043851496781709,1,qEHVI,0.0,0.5,0.48,0.0,0.0,0.0,0.0,0.0,0.02,0.0,0.0,0.0,0.0,0.0,0.0
22,2,4,1,False,0.7727732865201141,0.11043851496781709,2,qEHVI,0.66,0.18,0.08,0.0,0.04,0.0,0.0,0.0,0.0,0.0,0.0,0.0,0.0,0.0,0.04
22,2,4,1,False,0.7727732865201141,0.11043851496781709,3,qEHVI,0.46,0.0,0.44,0.0,0.04,0.0,0.0,0.0,0.04,0.0,0.0,0.02,0.0,0.0,0.0
22,2,4,1,False,0.7727732865201141,0.11043851496781709,4,qUCB,0.8,0.0,0.12,0.0,0.0,0.0,0.0,0.0,0.0,0.0,0.0,0.04,0.0,0.04,0.0
22,3,3,2,True,0.649758920512168,0.1413000681518195,0,qEHVI,0.0,0.46,0.48,0.04,0.0,0.0,0.0,0.0,0.02,0.0,0.0,0.0,0.0,0.0,0.0
22,3,3,2,True,0.649758920512168,0.1413000681518195,1,qEHVI,0.0,0.5,0.48,0.0,0.0,0.0,0.0,0.0,0.02,0.0,0.0,0.0,0.0,0.0,0.0
22,3,3,2,True,0.649758920512168,0.1413000681518195,2,qEHVI,0.66,0.18,0.08,0.0,0.04,0.0,0.0,0.0,0.0,0.0,0.0,0.0,0.0,0.0,0.04
22,3,3,2,True,0.649758920512168,0.1413000681518195,3,qUCB,0.8,0.0,0.12,0.0,0.0,0.0,0.0,0.0,0.0,0.0,0.0,0.04,0.0,0.04,0.0
22,3,3,2,True,0.649758920512168,0.1413000681518195,4,qUCB,0.18,0.54,0.18,0.0,0.04,0.0,0.0,0.0,0.0,0.0,0.0,0.04,0.0,0.02,0.0
22,4,2,3,False,0.5815004325420597,0.33052603453490903,0,qEHVI,0.0,0.46,0.48,0.04,0.0,0.0,0.0,0.0,0.02,0.0,0.0,0.0,0.0,0.0,0.0
22,4,2,3,False,0.5815004325420597,0.33052603453490903,1,qEHVI,0.0,0.5,0.48,0.0,0.0,0.0,0.0,0.0,0.02,0.0,0.0,0.0,0.0,0.0,0.0
22,4,2,3,False,0.5815004325420597,0.33052603453490903,2,qUCB,0.64,0.2,0.06,0.0,0.0,0.0,0.0,0.0,0.0,0.0,0.0,0.02,0.0,0.04,0.04
22,4,2,3,False,0.5815004325420597,0.33052603453490903,3,qUCB,0.8,0.0,0.12,0.0,0.0,0.0,0.0,0.0,0.0,0.0,0.0,0.04,0.0,0.04,0.0
22,4,2,3,False,0.5815004325420597,0.33052603453490903,4,qUCB,0.2,0.54,0.16,0.0,0.04,0.0,0.0,0.0,0.0,0.0,0.0,0.04,0.0,0.0,0.02
22,5,1,4,False,0.45338184308578483,0.0794773082543907,0,qEHVI,0.0,0.46,0.48,0.04,0.0,0.0,0.0,0.0,0.02,0.0,0.0,0.0,0.0,0.0,0.0
22,5,1,4,False,0.45338184308578483,0.0794773082543907,1,qUCB,0.64,0.2,0.06,0.0,0.0,0.0,0.0,0.0,0.0,0.0,0.0,0.02,0.0,0.04,0.04
22,5,1,4,False,0.45338184308578483,0.0794773082543907,2,qUCB,0.8,0.0,0.12,0.0,0.0,0.0,0.0,0.0,0.0,0.0,0.0,0.04,0.0,0.04,0.0
22,5,1,4,False,0.45338184308578483,0.0794773082543907,3,qUCB,0.2,0.54,0.16,0.0,0.04,0.0,0.0,0.0,0.0,0.0,0.0,0.04,0.0,0.0,0.02
22,5,1,4,False,0.45338184308578483,0.0794773082543907,4,qUCB,0.32,0.0,0.58,0.0,0.02,0.0,0.0,0.0,0.0,0.0,0.0,0.04,0.0,0.04,0.0
22,6,0,5,False,0.592455142936763,0.0741955504426155,0,qUCB,0.64,0.18,0.08,0.0,0.04,0.0,0.0,0.0,0.02,0.0,0.0,0.0,0.0,0.04,0.0
22,6,0,5,False,0.592455142936763,0.0741955504426155,1,qUCB,0.0,0.46,0.48,0.04,0.0,0.0,0.0,0.0,0.02,0.0,0.0,0.0,0.0,0.0,0.0
22,6,0,5,False,0.592455142936763,0.0741955504426155,2,qUCB,0.0,0.6,0.4,0.0,0.0,0.0,0.0,0.0,0.0,0.0,0.0,0.0,0.0,0.0,0.0
22,6,0,5,False,0.592455142936763,0.0741955504426155,3,qUCB,0.24,0.56,0.16,0.04,0.0,0.0,0.0,0.0,0.0,0.0,0.0,0.0,0.0,0.0,0.0
22,6,0,5,False,0.592455142936763,0.0741955504426155,4,qUCB,0.02,0.68,0.28,0.0,0.0,0.0,0.0,0.0,0.0,0.0,0.0,0.02,0.0,0.0,0.0
23,1,5,0,False,0.6582898736707227,0.10136403590743281,0,qEHVI,0.0,0.52,0.46,0.0,0.0,0.0,0.0,0.0,0.0,0.0,0.0,0.0,0.0,0.02,0.0
23,1,5,0,False,0.6582898736707227,0.10136403590743281,1,qEHVI,0.0,0.42,0.48,0.0,0.04,0.0,0.0,0.0,0.0,0.0,0.0,0.0,0.0,0.02,0.04
23,1,5,0,False,0.6582898736707227,0.10136403590743281,2,qEHVI,0.52,0.02,0.44,0.0,0.0,0.0,0.0,0.0,0.0,0.0,0.0,0.0,0.0,0.02,0.0
23,1,5,0,False,0.6582898736707227,0.10136403590743281,3,qEHVI,0.52,0.1,0.3,0.04,0.0,0.0,0.0,0.0,0.02,0.0,0.0,0.0,0.0,0.02,0.0
23,1,5,0,False,0.6582898736707227,0.10136403590743281,4,qEHVI,0.42,0.1,0.4,0.0,0.0,0.0,0.0,0.0,0.04,0.0,0.0,0.0,0.0,0.04,0.0
23,2,4,1,False,0.5921246164197158,0.0574115914392368,0,qEHVI,0.0,0.52,0.46,0.0,0.0,0.0,0.0,0.0,0.0,0.0,0.0,0.0,0.0,0.02,0.0
23,2,4,1,False,0.5921246164197158,0.0574115914392368,1,qEHVI,0.0,0.42,0.48,0.0,0.04,0.0,0.0,0.0,0.0,0.0,0.0,0.0,0.0,0.02,0.04
23,2,4,1,False,0.5921246164197158,0.0574115914392368,2,qEHVI,0.52,0.02,0.44,0.0,0.0,0.0,0.0,0.0,0.0,0.0,0.0,0.0,0.0,0.02,0.0
23,2,4,1,False,0.5921246164197158,0.0574115914392368,3,qEHVI,0.52,0.1,0.3,0.04,0.0,0.0,0.0,0.0,0.02,0.0,0.0,0.0,0.0,0.02,0.0
23,2,4,1,False,0.5921246164197158,0.0574115914392368,4,qUCB,0.66,0.18,0.06,0.0,0.02,0.0,0.0,0.0,0.04,0.0,0.0,0.04,0.0,0.0,0.0
23,3,3,2,False,0.5225116035721689,0.06645478242673986,0,qEHVI,0.0,0.52,0.46,0.0,0.0,0.0,0.0,0.0,0.0,0.0,0.0,0.0,0.0,0.02,0.0
23,3,3,2,False,0.5225116035721689,0.06645478242673986,1,qEHVI,0.0,0.42,0.48,0.0,0.04,0.0,0.0,0.0,0.0,0.0,0.0,0.0,0.0,0.02,0.04
23,3,3,2,False,0.5225116035721689,0.06645478242673986,2,qEHVI,0.52,0.02,0.44,0.0,0.0,0.0,0.0,0.0,0.0,0.0,0.0,0.0,0.0,0.02,0.0
23,3,3,2,False,0.5225116035721689,0.06645478242673986,3,qUCB,0.66,0.18,0.06,0.0,0.02,0.0,0.0,0.0,0.04,0.0,0.0,0.04,0.0,0.0,0.0
23,3,3,2,False,0.5225116035721689,0.06645478242673986,4,qUCB,0.7000000000000001,0.0,0.2,0.04,0.0,0.0,0.0,0.0,0.0,0.0,0.0,0.02,0.0,0.0,0.04
23,4,2,3,True,0.4034487752694106,0.19788492449145667,0,qEHVI,0.0,0.52,0.46,0.0,0.0,0.0,0.0,0.0,0.0,0.0,0.0,0.0,0.0,0.02,0.0
23,4,2,3,True,0.4034487752694106,0.19788492449145667,1,qEHVI,0.0,0.42,0.48,0.0,0.04,0.0,0.0,0.0,0.0,0.0,0.0,0.0,0.0,0.02,0.04
23,4,2,3,True,0.4034487752694106,0.19788492449145667,2,qUCB,0.66,0.18,0.06,0.0,0.02,0.0,0.0,0.0,0.04,0.0,0.0,0.04,0.0,0.0,0.0
23,4,2,3,True,0.4034487752694106,0.19788492449145667,3,qUCB,0.7000000000000001,0.0,0.2,0.04,0.0,0.0,0.0,0.0,0.0,0.0,0.0,0.02,0.0,0.0,0.04
23,4,2,3,True,0.4034487752694106,0.19788492449145667,4,qUCB,0.74,0.1,0.06,0.0,0.0,0.0,0.0,0.0,0.02,0.0,0.0,0.04,0.0,0.0,0.04
23,5,1,4,False,0.3564668322421121,0.103629477610788,0,qEHVI,0.0,0.52,0.46,0.0,0.0,0.0,0.0,0.0,0.0,0.0,0.0,0.0,0.0,0.02,0.0
23,5,1,4,False,0.3564668322421121,0.103629477610788,1,qUCB,0.66,0.18,0.06,0.0,0.02,0.0,0.0,0.0,0.04,0.0,0.0,0.04,0.0,0.0,0.0
23,5,1,4,False,0.3564668322421121,0.103629477610788,2,qUCB,0.7000000000000001,0.0,0.2,0.04,0.0,0.0,0.0,0.0,0.0,0.0,0.0,0.02,0.0,0.0,0.04
23,5,1,4,False,0.3564668322421121,0.103629477610788,3,qUCB,0.74,0.1,0.06,0.0,0.0,0.0,0.0,0.0,0.02,0.0,0.0,0.04,0.0,0.0,0.04
23,5,1,4,False,0.3564668322421121,0.103629477610788,4,qUCB,0.48,0.02,0.4,0.04,0.0,0.0,0.0,0.0,0.02,0.0,0.0,0.0,0.0,0.0,0.04
23,6,0,5,False,0.20473017653304743,0.2412871095685274,0,qUCB,0.68,0.2,0.06,0.0,0.0,0.0,0.0,0.0,0.0,0.0,0.0,0.02,0.0,0.0,0.04
23,6,0,5,False,0.20473017653304743,0.2412871095685274,1,qUCB,0.62,0.2,0.08,0.0,0.04,0.0,0.0,0.0,0.0,0.0,0.0,0.02,0.0,0.04,0.0
23,6,0,5,False,0.20473017653304743,0.2412871095685274,2,qUCB,0.7000000000000001,0.0,0.2,0.04,0.0,0.0,0.0,0.0,0.0,0.0,0.0,0.02,0.0,0.0,0.04
23,6,0,5,False,0.20473017653304743,0.2412871095685274,3,qUCB,0.32,0.02,0.6,0.0,0.0,0.0,0.0,0.0,0.02,0.0,0.0,0.0,0.0,0.0,0.04
23,6,0,5,False,0.20473017653304743,0.2412871095685274,4,qUCB,0.0,0.72,0.2,0.04,0.0,0.0,0.0,0.0,0.0,0.0,0.0,0.0,0.0,0.0,0.04
24,1,5,0,False,0.6367202270399275,0.030080366929781555,0,qEHVI,0.36,0.14,0.4,0.02,0.02,0.0,0.0,0.0,0.04,0.0,0.0,0.02,0.0,0.0,0.0
24,1,5,0,False,0.6367202270399275,0.030080366929781555,1,qEHVI,0.0,0.7000000000000001,0.28,0.0,0.0,0.0,0.0,0.0,0.0,0.0,0.0,0.02,0.0,0.0,0.0
24,1,5,0,False,0.6367202270399275,0.030080366929781555,2,qEHVI,0.5,0.04,0.36,0.04,0.0,0.0,0.0,0.0,0.04,0.0,0.0,0.0,0.0,0.0,0.02
24,1,5,0,False,0.6367202270399275,0.030080366929781555,3,qEHVI,0.5,0.14,0.3,0.04,0.0,0.0,0.0,0.0,0.0,0.0,0.0,0.02,0.0,0.0,0.0
24,1,5,0,False,0.6367202270399275,0.030080366929781555,4,qEHVI,0.46,0.02,0.44,0.0,0.0,0.0,0.0,0.0,0.02,0.0,0.0,0.02,0.0,0.04,0.0
24,2,4,1,True,0.5658518817707183,0.057405914672638225,0,qEHVI,0.38,0.14,0.38,0.0,0.02,0.0,0.0,0.0,0.04,0.0,0.0,0.0,0.0,0.04,0.0
24,2,4,1,True,0.5658518817707183,0.057405914672638225,1,qEHVI,0.0,0.7000000000000001,0.28,0.0,0.0,0.0,0.0,0.0,0.0,0.0,0.0,0.02,0.0,0.0,0.0
24,2,4,1,True,0.5658518817707183,0.057405914672638225,2,qEHVI,0.5,0.04,0.36,0.04,0.0,0.0,0.0,0.0,0.04,0.0,0.0,0.0,0.0,0.0,0.02
24,2,4,1,True,0.5658518817707183,0.057405914672638225,3,qEHVI,0.5,0.14,0.3,0.04,0.0,0.0,0.0,0.0,0.0,0.0,0.0,0.02,0.0,0.0,0.0
24,2,4,1,True,0.5658518817707183,0.057405914672638225,4,qUCB,0.68,0.18,0.04,0.0,0.04,0.0,0.0,0.0,0.0,0.0,0.0,0.02,0.0,0.0,0.04
24,3,3,2,False,0.4773741214242747,0.03514718905466019,0,qEHVI,0.38,0.14,0.38,0.0,0.02,0.0,0.0,0.0,0.04,0.0,0.0,0.0,0.0,0.04,0.0
24,3,3,2,False,0.4773741214242747,0.03514718905466019,1,qEHVI,0.5,0.04,0.36,0.04,0.0,0.0,0.0,0.0,0.04,0.0,0.0,0.0,0.0,0.0,0.02
24,3,3,2,False,0.4773741214242747,0.03514718905466019,2,qEHVI,0.0,0.7000000000000001,0.28,0.0,0.0,0.0,0.0,0.0,0.0,0.0,0.0,0.02,0.0,0.0,0.0
24,3,3,2,False,0.4773741214242747,0.03514718905466019,3,qUCB,0.68,0.18,0.04,0.0,0.04,0.0,0.0,0.0,0.0,0.0,0.0,0.02,0.0,0.0,0.04
24,3,3,2,False,0.4773741214242747,0.03514718905466019,4,qUCB,0.32,0.0,0.58,0.0,0.04,0.0,0.0,0.0,0.0,0.0,0.0,0.02,0.0,0.0,0.04
24,4,2,3,False,0.37817761314212905,0.0489474405466801,0,qEHVI,0.38,0.14,0.38,0.0,0.02,0.0,0.0,0.0,0.04,0.0,0.0,0.0,0.0,0.04,0.0
24,4,2,3,False,0.37817761314212905,0.0489474405466801,1,qEHVI,0.0,0.7000000000000001,0.28,0.0,0.0,0.0,0.0,0.0,0.0,0.0,0.0,0.02,0.0,0.0,0.0
24,4,2,3,False,0.37817761314212905,0.0489474405466801,2,qUCB,0.48,0.02,0.4,0.04,0.0,0.0,0.0,0.0,0.02,0.0,0.0,0.0,0.0,0.0,0.04
24,4,2,3,False,0.37817761314212905,0.0489474405466801,3,qUCB,0.32,0.0,0.58,0.0,0.04,0.0,0.0,0.0,0.0,0.0,0.0,0.02,0.0,0.0,0.04
24,4,2,3,False,0.37817761314212905,0.0489474405466801,4,qUCB,0.0,0.64,0.26,0.04,0.04,0.0,0.0,0.0,0.02,0.0,0.0,0.0,0.0,0.0,0.0
24,5,1,4,False,0.427060956388798,0.04260029688233491,0,qEHVI,0.38,0.14,0.38,0.0,0.02,0.0,0.0,0.0,0.04,0.0,0.0,0.0,0.0,0.04,0.0
24,5,1,4,False,0.427060956388798,0.04260029688233491,1,qUCB,0.44,0.04,0.42,0.04,0.0,0.0,0.0,0.0,0.0,0.0,0.0,0.02,0.0,0.0,0.04
24,5,1,4,False,0.427060956388798,0.04260029688233491,2,qUCB,0.0,0.62,0.28,0.04,0.0,0.0,0.0,0.0,0.0,0.0,0.0,0.02,0.0,0.0,0.04
24,5,1,4,False,0.427060956388798,0.04260029688233491,3,qUCB,0.0,0.8,0.1,0.04,0.0,0.0,0.0,0.0,0.0,0.0,0.0,0.02,0.0,0.0,0.04
24,5,1,4,False,0.427060956388798,0.04260029688233491,4,qUCB,0.0,0.7000000000000001,0.28,0.0,0.0,0.0,0.0,0.0,0.0,0.0,0.0,0.02,0.0,0.0,0.0
24,6,0,5,False,0.3414189345813329,0.17744524496595915,0,qUCB,0.38,0.14,0.38,0.0,0.02,0.0,0.0,0.0,0.04,0.0,0.0,0.0,0.0,0.04,0.0
24,6,0,5,False,0.3414189345813329,0.17744524496595915,1,qUCB,0.0,0.7000000000000001,0.28,0.0,0.0,0.0,0.0,0.0,0.0,0.0,0.0,0.02,0.0,0.0,0.0
24,6,0,5,False,0.3414189345813329,0.17744524496595915,2,qUCB,0.0,0.2,0.78,0.0,0.0,0.0,0.0,0.0,0.02,0.0,0.0,0.0,0.0,0.0,0.0
24,6,0,5,False,0.3414189345813329,0.17744524496595915,3,qUCB,0.32,0.0,0.58,0.0,0.04,0.0,0.0,0.0,0.0,0.0,0.0,0.02,0.0,0.0,0.04
24,6,0,5,False,0.3414189345813329,0.17744524496595915,4,qUCB,0.18,0.18,0.54,0.04,0.0,0.0,0.0,0.0,0.0,0.0,0.0,0.0,0.0,0.02,0.04
25,1,5,0,False,0.6961914104951203,0.03468739318465719,0,qEHVI,0.38,0.12,0.4,0.04,0.0,0.0,0.0,0.0,0.04,0.0,0.0,0.0,0.0,0.02,0.0
25,1,5,0,False,0.6961914104951203,0.03468739318465719,1,qEHVI,0.5,0.0,0.44,0.0,0.0,0.0,0.0,0.0,0.0,0.0,0.0,0.04,0.0,0.02,0.0
25,1,5,0,False,0.6961914104951203,0.03468739318465719,2,qEHVI,0.42,0.12,0.36,0.02,0.0,0.0,0.0,0.0,0.04,0.0,0.0,0.04,0.0,0.0,0.0
25,1,5,0,False,0.6961914104951203,0.03468739318465719,3,qEHVI,0.62,0.2,0.08,0.0,0.0,0.0,0.0,0.0,0.0,0.0,0.0,0.04,0.0,0.02,0.04
25,1,5,0,False,0.6961914104951203,0.03468739318465719,4,qEHVI,0.02,0.64,0.34,0.0,0.0,0.0,0.0,0.0,0.0,0.0,0.0,0.0,0.0,0.0,0.0
25,2,4,1,False,0.6681462261664474,0.08887661934775082,0,qEHVI,0.38,0.12,0.4,0.04,0.0,0.0,0.0,0.0,0.04,0.0,0.0,0.0,0.0,0.02,0.0
25,2,4,1,False,0.6681462261664474,0.08887661934775082,1,qEHVI,0.5,0.0,0.44,0.0,0.0,0.0,0.0,0.0,0.0,0.0,0.0,0.04,0.0,0.02,0.0
25,2,4,1,False,0.6681462261664474,0.08887661934775082,2,qEHVI,0.42,0.12,0.36,0.02,0.0,0.0,0.0,0.0,0.04,0.0,0.0,0.04,0.0,0.0,0.0
25,2,4,1,False,0.6681462261664474,0.08887661934775082,3,qEHVI,0.62,0.2,0.08,0.0,0.0,0.0,0.0,0.0,0.0,0.0,0.0,0.04,0.0,0.02,0.04
25,2,4,1,False,0.6681462261664474,0.08887661934775082,4,qUCB,0.46,0.08,0.4,0.02,0.04,0.0,0.0,0.0,0.0,0.0,0.0,0.0,0.0,0.0,0.0
25,3,3,2,True,0.5887588756982693,0.09089842057904285,0,qEHVI,0.38,0.12,0.4,0.04,0.0,0.0,0.0,0.0,0.04,0.0,0.0,0.0,0.0,0.02,0.0
25,3,3,2,True,0.5887588756982693,0.09089842057904285,1,qEHVI,0.5,0.0,0.44,0.0,0.0,0.0,0.0,0.0,0.0,0.0,0.0,0.04,0.0,0.02,0.0
25,3,3,2,True,0.5887588756982693,0.09089842057904285,2,qEHVI,0.42,0.12,0.36,0.02,0.0,0.0,0.0,0.0,0.04,0.0,0.0,0.04,0.0,0.0,0.0
25,3,3,2,True,0.5887588756982693,0.09089842057904285,3,qUCB,0.56,0.26,0.08,0.0,0.04,0.0,0.0,0.0,0.02,0.0,0.0,0.0,0.0,0.0,0.04
25,3,3,2,True,0.5887588756982693,0.09089842057904285,4,qUCB,0.0,0.86,0.1,0.0,0.04,0.0,0.0,0.0,0.0,0.0,0.0,0.0,0.0,0.0,0.0
25,4,2,3,False,0.48044220393311116,0.11744086980205859,0,qEHVI,0.38,0.12,0.4,0.04,0.0,0.0,0.0,0.0,0.04,0.0,0.0,0.0,0.0,0.02,0.0
25,4,2,3,False,0.48044220393311116,0.11744086980205859,1,qEHVI,0.5,0.0,0.44,0.0,0.0,0.0,0.0,0.0,0.0,0.0,0.0,0.04,0.0,0.02,0.0
25,4,2,3,False,0.48044220393311116,0.11744086980205859,2,qUCB,0.56,0.26,0.08,0.0,0.04,0.0,0.0,0.0,0.02,0.0,0.0,0.0,0.0,0.0,0.04
25,4,2,3,False,0.48044220393311116,0.11744086980205859,3,qUCB,0.0,0.86,0.1,0.0,0.04,0.0,0.0,0.0,0.0,0.0,0.0,0.0,0.0,0.0,0.0
25,4,2,3,False,0.48044220393311116,0.11744086980205859,4,qUCB,0.2,0.14,0.56,0.0,0.04,0.0,0.0,0.0,0.0,0.0,0.0,0.0,0.0,0.02,0.04
25,5,1,4,False,0.35254032212853315,0.03394796719804938,0,qEHVI,0.38,0.12,0.4,0.04,0.0,0.0,0.0,0.0,0.04,0.0,0.0,0.0,0.0,0.02,0.0
25,5,1,4,False,0.35254032212853315,0.03394796719804938,1,qUCB,0.68,0.16,0.06,0.0,0.04,0.0,0.0,0.0,0.0,0.0,0.0,0.0,0.0,0.02,0.04
25,5,1,4,False,0.35254032212853315,0.03394796719804938,2,qUCB,0.18,0.16,0.56,0.0,0.02,0.0,0.0,0.0,0.0,0.0,0.0,0.04,0.0,0.0,0.04
25,5,1,4,False,0.35254032212853315,0.03394796719804938,3,qUCB,0.0,0.86,0.1,0.0,0.04,0.0,0.0,0.0,0.0,0.0,0.0,0.0,0.0,0.0,0.0
25,5,1,4,False,0.35254032212853315,0.03394796719804938,4,qUCB,0.62,0.2,0.1,0.0,0.04,0.0,0.0,0.0,0.0,0.0,0.0,0.04,0.0,0.0,0.0
25,6,0,5,False,0.33293080685230864,0.09615740100136971,0,qUCB,0.38,0.12,0.4,0.04,0.0,0.0,0.0,0.0,0.04,0.0,0.0,0.0,0.0,0.02,0.0
25,6,0,5,False,0.33293080685230864,0.09615740100136971,1,qUCB,0.2,0.2,0.5,0.04,0.02,0.0,0.0,0.0,0.0,0.0,0.0,0.0,0.0,0.04,0.0
25,6,0,5,False,0.33293080685230864,0.09615740100136971,2,qUCB,0.0,0.2,0.76,0.02,0.0,0.0,0.0,0.0,0.0,0.0,0.0,0.0,0.0,0.02,0.0
25,6,0,5,False,0.33293080685230864,0.09615740100136971,3,qUCB,0.34,0.0,0.58,0.0,0.0,0.0,0.0,0.0,0.0,0.0,0.0,0.02,0.0,0.04,0.02
25,6,0,5,False,0.33293080685230864,0.09615740100136971,4,qUCB,0.2,0.14,0.56,0.0,0.04,0.0,0.0,0.0,0.0,0.0,0.0,0.0,0.0,0.02,0.04
26,1,5,0,False,0.761870750123605,0.09071930950994744,0,qEHVI,0.34,0.16,0.4,0.04,0.0,0.0,0.0,0.0,0.04,0.0,0.0,0.0,0.0,0.02,0.0
26,1,5,0,False,0.761870750123605,0.09071930950994744,1,qEHVI,0.0,0.6,0.38,0.0,0.0,0.0,0.0,0.0,0.0,0.0,0.0,0.0,0.0,0.0,0.02
26,1,5,0,False,0.761870750123605,0.09071930950994744,2,qEHVI,0.4,0.12,0.4,0.0,0.02,0.0,0.0,0.0,0.04,0.0,0.0,0.0,0.0,0.02,0.0
26,1,5,0,False,0.761870750123605,0.09071930950994744,3,qEHVI,0.42,0.12,0.36,0.04,0.0,0.0,0.0,0.0,0.04,0.0,0.0,0.0,0.0,0.0,0.02
26,1,5,0,False,0.761870750123605,0.09071930950994744,4,qEHVI,0.4,0.04,0.46,0.0,0.0,0.0,0.0,0.0,0.04,0.0,0.0,0.02,0.0,0.04,0.0
26,2,4,1,False,0.7007165010152656,0.06144181960760875,0,qEHVI,0.34,0.16,0.4,0.04,0.0,0.0,0.0,0.0,0.04,0.0,0.0,0.0,0.0,0.02,0.0
26,2,4,1,False,0.7007165010152656,0.06144181960760875,1,qEHVI,0.0,0.6,0.38,0.0,0.0,0.0,0.0,0.0,0.0,0.0,0.0,0.0,0.0,0.0,0.02
26,2,4,1,False,0.7007165010152656,0.06144181960760875,2,qEHVI,0.4,0.12,0.4,0.0,0.02,0.0,0.0,0.0,0.04,0.0,0.0,0.0,0.0,0.02,0.0
26,2,4,1,False,0.7007165010152656,0.06144181960760875,3,qEHVI,0.4,0.04,0.46,0.0,0.0,0.0,0.0,0.0,0.04,0.0,0.0,0.02,0.0,0.04,0.0
26,2,4,1,False,0.7007165010152656,0.06144181960760875,4,qUCB,0.68,0.18,0.06,0.0,0.04,0.0,0.0,0.0,0.0,0.0,0.0,0.04,0.0,0.0,0.0
26,3,3,2,True,0.6301143003250397,0.11793467468577612,0,qEHVI,0.34,0.16,0.4,0.04,0.0,0.0,0.0,0.0,0.04,0.0,0.0,0.0,0.0,0.02,0.0
26,3,3,2,True,0.6301143003250397,0.11793467468577612,1,qEHVI,0.0,0.6,0.38,0.0,0.0,0.0,0.0,0.0,0.0,0.0,0.0,0.0,0.0,0.0,0.02
26,3,3,2,True,0.6301143003250397,0.11793467468577612,2,qEHVI,0.4,0.12,0.4,0.0,0.02,0.0,0.0,0.0,0.04,0.0,0.0,0.0,0.0,0.02,0.0
26,3,3,2,True,0.6301143003250397,0.11793467468577612,3,qUCB,0.68,0.16,0.06,0.0,0.0,0.0,0.0,0.0,0.0,0.0,0.0,0.04,0.0,0.04,0.02
26,3,3,2,True,0.6301143003250397,0.11793467468577612,4,qUCB,0.32,0.0,0.58,0.0,0.0,0.0,0.0,0.0,0.0,0.0,0.0,0.04,0.0,0.04,0.02
26,4,2,3,False,0.5089639802624867,0.04184274407033084,0,qEHVI,0.34,0.16,0.4,0.04,0.0,0.0,0.0,0.0,0.04,0.0,0.0,0.0,0.0,0.02,0.0
26,4,2,3,False,0.5089639802624867,0.04184274407033084,1,qEHVI,0.0,0.6,0.38,0.0,0.0,0.0,0.0,0.0,0.0,0.0,0.0,0.0,0.0,0.0,0.02
26,4,2,3,False,0.5089639802624867,0.04184274407033084,2,qUCB,0.68,0.18,0.06,0.0,0.04,0.0,0.0,0.0,0.0,0.0,0.0,0.04,0.0,0.0,0.0
26,4,2,3,False,0.5089639802624867,0.04184274407033084,3,qUCB,0.22,0.12,0.56,0.0,0.02,0.0,0.0,0.0,0.0,0.0,0.0,0.04,0.0,0.04,0.0
26,4,2,3,False,0.5089639802624867,0.04184274407033084,4,qUCB,0.62,0.14,0.14,0.0,0.04,0.0,0.0,0.0,0.02,0.0,0.0,0.04,0.0,0.0,0.0
26,5,1,4,False,0.5563300470387756,0.2931339565399058,0,qEHVI,0.34,0.16,0.4,0.04,0.0,0.0,0.0,0.0,0.04,0.0,0.0,0.0,0.0,0.02,0.0
26,5,1,4,False,0.5563300470387756,0.2931339565399058,1,qUCB,0.68,0.18,0.06,0.0,0.04,0.0,0.0,0.0,0.0,0.0,0.0,0.04,0.0,0.0,0.0
26,5,1,4,False,0.5563300470387756,0.2931339565399058,2,qUCB,0.2,0.14,0.56,0.0,0.04,0.0,0.0,0.0,0.0,0.0,0.0,0.0,0.0,0.02,0.04
26,5,1,4,False,0.5563300470387756,0.2931339565399058,3,qUCB,0.72,0.14,0.04,0.0,0.04,0.0,0.0,0.0,0.0,0.0,0.0,0.02,0.0,0.0,0.04
26,5,1,4,False,0.5563300470387756,0.2931339565399058,4,qUCB,0.0,0.6,0.38,0.0,0.0,0.0,0.0,0.0,0.0,0.0,0.0,0.0,0.0,0.0,0.02
26,6,0,5,False,0.357434127428029,0.17282290055584681,0,qUCB,0.64,0.22,0.06,0.0,0.02,0.0,0.0,0.0,0.0,0.0,0.0,0.0,0.0,0.02,0.04
26,6,0,5,False,0.357434127428029,0.17282290055584681,1,qUCB,0.0,0.6,0.38,0.0,0.0,0.0,0.0,0.0,0.0,0.0,0.0,0.0,0.0,0.0,0.02
26,6,0,5,False,0.357434127428029,0.17282290055584681,2,qUCB,0.2,0.14,0.56,0.0,0.04,0.0,0.0,0.0,0.0,0.0,0.0,0.0,0.0,0.02,0.04
26,6,0,5,False,0.357434127428029,0.17282290055584681,3,qUCB,0.0,0.18,0.78,0.0,0.0,0.0,0.0,0.0,0.0,0.0,0.0,0.02,0.0,0.02,0.0
26,6,0,5,False,0.357434127428029,0.17282290055584681,4,qUCB,0.22,0.2,0.5,0.04,0.02,0.0,0.0,0.0,0.0,0.0,0.0,0.0,0.0,0.02,0.0
27,1,5,0,False,0.5559090273981417,0.11617423255158066,0,qEHVI,0.4,0.12,0.4,0.0,0.0,0.0,0.0,0.0,0.04,0.0,0.0,0.04,0.0,0.0,0.0
27,1,5,0,False,0.5559090273981417,0.11617423255158066,1,qEHVI,0.44,0.04,0.44,0.0,0.04,0.0,0.0,0.0,0.02,0.0,0.0,0.02,0.0,0.0,0.0
27,1,5,0,False,0.5559090273981417,0.11617423255158066,2,qEHVI,0.0,0.52,0.48,0.0,0.0,0.0,0.0,0.0,0.0,0.0,0.0,0.0,0.0,0.0,0.0
27,1,5,0,False,0.5559090273981417,0.11617423255158066,3,qEHVI,0.36,0.14,0.4,0.04,0.02,0.0,0.0,0.0,0.0,0.0,0.0,0.04,0.0,0.0,0.0
27,1,5,0,False,0.5559090273981417,0.11617423255158066,4,qEHVI,0.0,0.46,0.46,0.04,0.02,0.0,0.0,0.0,0.02,0.0,0.0,0.0,0.0,0.0,0.0
27,2,4,1,False,0.5113462869633,0.008850960880634418,0,qEHVI,0.4,0.12,0.4,0.0,0.0,0.0,0.0,0.0,0.04,0.0,0.0,0.04,0.0,0.0,0.0
27,2,4,1,False,0.5113462869633,0.008850960880634418,1,qEHVI,0.0,0.52,0.48,0.0,0.0,0.0,0.0,0.0,0.0,0.0,0.0,0.0,0.0,0.0,0.0
27,2,4,1,False,0.5113462869633,0.008850960880634418,2,qEHVI,0.44,0.04,0.44,0.0,0.04,0.0,0.0,0.0,0.02,0.0,0.0,0.02,0.0,0.0,0.0
27,2,4,1,False,0.5113462869633,0.008850960880634418,3,qEHVI,0.36,0.14,0.4,0.04,0.02,0.0,0.0,0.0,0.0,0.0,0.0,0.04,0.0,0.0,0.0
27,2,4,1,False,0.5113462869633,0.008850960880634418,4,qUCB,0.64,0.22,0.04,0.0,0.0,0.0,0.0,0.0,0.02,0.0,0.0,0.0,0.0,0.04,0.04
27,3,3,2,False,0.4410846486342148,0.07340490327768734,0,qEHVI,0.4,0.12,0.4,0.0,0.0,0.0,0.0,0.0,0.04,0.0,0.0,0.04,0.0,0.0,0.0
27,3,3,2,False,0.4410846486342148,0.07340490327768734,1,qEHVI,0.0,0.52,0.48,0.0,0.0,0.0,0.0,0.0,0.0,0.0,0.0,0.0,0.0,0.0,0.0
27,3,3,2,False,0.4410846486342148,0.07340490327768734,2,qEHVI,0.44,0.04,0.44,0.0,0.04,0.0,0.0,0.0,0.02,0.0,0.0,0.02,0.0,0.0,0.0
27,3,3,2,False,0.4410846486342148,0.07340490327768734,3,qUCB,0.64,0.22,0.04,0.0,0.0,0.0,0.0,0.0,0.02,0.0,0.0,0.0,0.0,0.04,0.04
27,3,3,2,False,0.4410846486342148,0.07340490327768734,4,qUCB,0.18,0.18,0.54,0.04,0.0,0.0,0.0,0.0,0.0,0.0,0.0,0.0,0.0,0.02,0.04
27,4,2,3,True,0.35551450913254584,0.21455058351911216,0,qEHVI,0.4,0.12,0.4,0.0,0.0,0.0,0.0,0.0,0.04,0.0,0.0,0.04,0.0,0.0,0.0
27,4,2,3,True,0.35551450913254584,0.21455058351911216,1,qEHVI,0.0,0.52,0.48,0.0,0.0,0.0,0.0,0.0,0.0,0.0,0.0,0.0,0.0,0.0,0.0
27,4,2,3,True,0.35551450913254584,0.21455058351911216,2,qUCB,0.64,0.22,0.04,0.0,0.0,0.0,0.0,0.0,0.02,0.0,0.0,0.0,0.0,0.04,0.04
27,4,2,3,True,0.35551450913254584,0.21455058351911216,3,qUCB,0.18,0.18,0.54,0.04,0.0,0.0,0.0,0.0,0.0,0.0,0.0,0.0,0.0,0.02,0.04
27,4,2,3,True,0.35551450913254584,0.21455058351911216,4,qUCB,0.2,0.14,0.56,0.0,0.04,0.0,0.0,0.0,0.0,0.0,0.0,0.02,0.0,0.04,0.0
27,5,1,4,False,0.22510510143398865,0.04001534149285346,0,qEHVI,0.4,0.12,0.4,0.0,0.0,0.0,0.0,0.0,0.04,0.0,0.0,0.04,0.0,0.0,0.0
27,5,1,4,False,0.22510510143398865,0.04001534149285346,1,qUCB,0.6,0.24,0.06,0.0,0.04,0.0,0.0,0.0,0.0,0.0,0.0,0.0,0.0,0.04,0.02
27,5,1,4,False,0.22510510143398865,0.04001534149285346,2,qUCB,0.18,0.18,0.54,0.04,0.0,0.0,0.0,0.0,0.0,0.0,0.0,0.0,0.0,0.02,0.04
27,5,1,4,False,0.22510510143398865,0.04001534149285346,3,qUCB,0.02,0.64,0.24,0.04,0.02,0.0,0.0,0.0,0.0,0.0,0.0,0.0,0.0,0.0,0.04
27,5,1,4,False,0.22510510143398865,0.04001534149285346,4,qUCB,0.3,0.48,0.12,0.04,0.04,0.0,0.0,0.0,0.0,0.0,0.0,0.0,0.0,0.02,0.0
27,6,0,5,False,0.24138738661764267,0.04489959167525992,0,qUCB,0.68,0.2,0.06,0.0,0.0,0.0,0.0,0.0,0.0,0.0,0.0,0.0,0.0,0.02,0.04
27,6,0,5,False,0.24138738661764267,0.04489959167525992,1,qUCB,0.0,0.16,0.8,0.0,0.0,0.0,0.0,0.0,0.02,0.0,0.0,0.02,0.0,0.0,0.0
27,6,0,5,False,0.24138738661764267,0.04489959167525992,2,qUCB,0.18,0.18,0.54,0.04,0.0,0.0,0.0,0.0,0.0,0.0,0.0,0.0,0.0,0.02,0.04
27,6,0,5,False,0.24138738661764267,0.04489959167525992,3,qUCB,0.0,0.22,0.74,0.0,0.02,0.0,0.0,0.0,0.02,0.0,0.0,0.0,0.0,0.0,0.0
27,6,0,5,False,0.24138738661764267,0.04489959167525992,4,qUCB,0.18,0.16,0.56,0.0,0.04,0.0,0.0,0.0,0.04,0.0,0.0,0.02,0.0,0.0,0.0
28,1,5,0,False,0.6516562619994384,0.05885337900939902,0,qEHVI,0.42,0.14,0.36,0.04,0.0,0.0,0.0,0.0,0.04,0.0,0.0,0.0,0.0,0.0,0.0
28,1,5,0,False,0.6516562619994384,0.05885337900939902,1,qEHVI,0.4,0.14,0.4,0.02,0.0,0.0,0.0,0.0,0.04,0.0,0.0,0.0,0.0,0.0,0.0
28,1,5,0,False,0.6516562619994384,0.05885337900939902,2,qEHVI,0.0,0.5,0.44,0.04,0.0,0.0,0.0,0.0,0.0,0.0,0.0,0.0,0.0,0.02,0.0
28,1,5,0,False,0.6516562619994384,0.05885337900939902,3,qEHVI,0.0,0.36,0.62,0.0,0.0,0.0,0.0,0.0,0.02,0.0,0.0,0.0,0.0,0.0,0.0
28,1,5,0,False,0.6516562619994384,0.05885337900939902,4,qEHVI,0.7000000000000001,0.18,0.06,0.0,0.0,0.0,0.0,0.0,0.0,0.0,0.0,0.02,0.0,0.0,0.04
28,2,4,1,False,0.6071076255137018,0.04755740341257031,0,qEHVI,0.42,0.14,0.36,0.04,0.0,0.0,0.0,0.0,0.04,0.0,0.0,0.0,0.0,0.0,0.0
28,2,4,1,False,0.6071076255137018,0.04755740341257031,1,qEHVI,0.4,0.14,0.4,0.02,0.0,0.0,0.0,0.0,0.04,0.0,0.0,0.0,0.0,0.0,0.0
28,2,4,1,False,0.6071076255137018,0.04755740341257031,2,qEHVI,0.0,0.5,0.44,0.04,0.0,0.0,0.0,0.0,0.0,0.0,0.0,0.0,0.0,0.02,0.0
28,2,4,1,False,0.6071076255137018,0.04755740341257031,3,qEHVI,0.7000000000000001,0.18,0.06,0.0,0.0,0.0,0.0,0.0,0.0,0.0,0.0,0.02,0.0,0.0,0.04
28,2,4,1,False,0.6071076255137018,0.04755740341257031,4,qUCB,0.38,0.14,0.38,0.0,0.04,0.0,0.0,0.0,0.0,0.0,0.0,0.02,0.0,0.04,0.0
28,3,3,2,True,0.5119632548332897,0.07131213185004359,0,qEHVI,0.42,0.14,0.36,0.04,0.0,0.0,0.0,0.0,0.04,0.0,0.0,0.0,0.0,0.0,0.0
28,3,3,2,True,0.5119632548332897,0.07131213185004359,1,qEHVI,0.0,0.5,0.44,0.04,0.0,0.0,0.0,0.0,0.0,0.0,0.0,0.0,0.0,0.02,0.0
28,3,3,2,True,0.5119632548332897,0.07131213185004359,2,qEHVI,0.4,0.14,0.4,0.02,0.0,0.0,0.0,0.0,0.04,0.0,0.0,0.0,0.0,0.0,0.0
28,3,3,2,True,0.5119632548332897,0.07131213185004359,3,qUCB,0.6,0.22,0.08,0.0,0.04,0.0,0.0,0.0,0.0,0.0,0.0,0.0,0.0,0.02,0.04
28,3,3,2,True,0.5119632548332897,0.07131213185004359,4,qUCB,0.34,0.44,0.12,0.0,0.04,0.0,0.0,0.0,0.0,0.0,0.0,0.02,0.0,0.0,0.04
28,4,2,3,False,0.40419970409184197,0.20138235876375754,0,qEHVI,0.42,0.14,0.36,0.04,0.0,0.0,0.0,0.0,0.04,0.0,0.0,0.0,0.0,0.0,0.0
28,4,2,3,False,0.40419970409184197,0.20138235876375754,1,qEHVI,0.4,0.14,0.4,0.02,0.0,0.0,0.0,0.0,0.04,0.0,0.0,0.0,0.0,0.0,0.0
28,4,2,3,False,0.40419970409184197,0.20138235876375754,2,qUCB,0.6,0.22,0.08,0.0,0.04,0.0,0.0,0.0,0.0,0.0,0.0,0.0,0.0,0.02,0.04
28,4,2,3,False,0.40419970409184197,0.20138235876375754,3,qUCB,0.0,0.2,0.78,0.0,0.0,0.0,0.0,0.0,0.0,0.0,0.0,0.0,0.0,0.02,0.0
28,4,2,3,False,0.40419970409184197,0.20138235876375754,4,qUCB,0.34,0.44,0.12,0.0,0.04,0.0,0.0,0.0,0.0,0.0,0.0,0.02,0.0,0.0,0.04
28,5,1,4,False,0.29385619887042613,0.3153757230965809,0,qEHVI,0.42,0.14,0.36,0.04,0.0,0.0,0.0,0.0,0.04,0.0,0.0,0.0,0.0,0.0,0.0
28,5,1,4,False,0.29385619887042613,0.3153757230965809,1,qUCB,0.6,0.22,0.08,0.0,0.04,0.0,0.0,0.0,0.0,0.0,0.0,0.0,0.0,0.02,0.04
28,5,1,4,False,0.29385619887042613,0.3153757230965809,2,qUCB,0.0,0.2,0.78,0.0,0.0,0.0,0.0,0.0,0.0,0.0,0.0,0.0,0.0,0.02,0.0
28,5,1,4,False,0.29385619887042613,0.3153757230965809,3,qUCB,0.34,0.44,0.12,0.0,0.04,0.0,0.0,0.0,0.0,0.0,0.0,0.02,0.0,0.0,0.04
28,5,1,4,False,0.29385619887042613,0.3153757230965809,4,qUCB,0.22,0.56,0.12,0.0,0.0,0.0,0.0,0.0,0.0,0.0,0.0,0.04,0.0,0.02,0.04
28,6,0,5,False,0.3531644126273794,0.14150059459822462,0,qUCB,0.7000000000000001,0.18,0.06,0.0,0.0,0.0,0.0,0.0,0.0,0.0,0.0,0.02,0.0,0.0,0.04
28,6,0,5,False,0.3531644126273794,0.14150059459822462,1,qUCB,0.0,0.2,0.78,0.0,0.0,0.0,0.0,0.0,0.0,0.0,0.0,0.0,0.0,0.02,0.0
28,6,0,5,False,0.3531644126273794,0.14150059459822462,2,qUCB,0.0,0.36,0.62,0.0,0.0,0.0,0.0,0.0,0.02,0.0,0.0,0.0,0.0,0.0,0.0
28,6,0,5,False,0.3531644126273794,0.14150059459822462,3,qUCB,0.38,0.52,0.0,0.04,0.0,0.0,0.0,0.0,0.04,0.0,0.0,0.02,0.0,0.0,0.0
28,6,0,5,False,0.3531644126273794,0.14150059459822462,4,qUCB,0.0,0.22,0.74,0.0,0.0,0.0,0.0,0.0,0.02,0.0,0.0,0.0,0.0,0.02,0.0
29,1,5,0,False,0.8139672799957822,0.006182913107760868,0,qEHVI,0.42,0.12,0.4,0.0,0.02,0.0,0.0,0.0,0.0,0.0,0.0,0.0,0.0,0.04,0.0
29,1,5,0,False,0.8139672799957822,0.006182913107760868,1,qEHVI,0.58,0.0,0.34,0.0,0.0,0.0,0.0,0.0,0.0,0.0,0.0,0.04,0.0,0.0,0.04
29,1,5,0,False,0.8139672799957822,0.006182913107760868,2,qEHVI,0.0,0.52,0.44,0.0,0.04,0.0,0.0,0.0,0.0,0.0,0.0,0.0,0.0,0.0,0.0
29,1,5,0,False,0.8139672799957822,0.006182913107760868,3,qEHVI,0.44,0.1,0.36,0.0,0.04,0.0,0.0,0.0,0.02,0.0,0.0,0.0,0.0,0.04,0.0
29,1,5,0,False,0.8139672799957822,0.006182913107760868,4,qEHVI,0.4,0.0,0.56,0.02,0.02,0.0,0.0,0.0,0.0,0.0,0.0,0.0,0.0,0.0,0.0
29,2,4,1,True,0.724353931475954,0.03058766742376129,0,qEHVI,0.42,0.12,0.4,0.0,0.02,0.0,0.0,0.0,0.0,0.0,0.0,0.0,0.0,0.04,0.0
29,2,4,1,True,0.724353931475954,0.03058766742376129,1,qEHVI,0.58,0.0,0.34,0.0,0.0,0.0,0.0,0.0,0.0,0.0,0.0,0.04,0.0,0.0,0.04
29,2,4,1,True,0.724353931475954,0.03058766742376129,2,qEHVI,0.0,0.52,0.44,0.0,0.04,0.0,0.0,0.0,0.0,0.0,0.0,0.0,0.0,0.0,0.0
29,2,4,1,True,0.724353931475954,0.03058766742376129,3,qEHVI,0.44,0.1,0.36,0.0,0.04,0.0,0.0,0.0,0.02,0.0,0.0,0.0,0.0,0.04,0.0
29,2,4,1,True,0.724353931475954,0.03058766742376129,4,qUCB,0.36,0.54,0.0,0.04,0.0,0.0,0.0,0.0,0.04,0.0,0.0,0.02,0.0,0.0,0.0
29,3,3,2,False,0.589525675211291,0.024066908749208027,0,qEHVI,0.42,0.12,0.4,0.0,0.02,0.0,0.0,0.0,0.0,0.0,0.0,0.0,0.0,0.04,0.0
29,3,3,2,False,0.589525675211291,0.024066908749208027,1,qEHVI,0.58,0.0,0.34,0.0,0.0,0.0,0.0,0.0,0.0,0.0,0.0,0.04,0.0,0.0,0.04
29,3,3,2,False,0.589525675211291,0.024066908749208027,2,qEHVI,0.0,0.52,0.44,0.0,0.04,0.0,0.0,0.0,0.0,0.0,0.0,0.0,0.0,0.0,0.0
29,3,3,2,False,0.589525675211291,0.024066908749208027,3,qUCB,0.36,0.54,0.0,0.04,0.0,0.0,0.0,0.0,0.04,0.0,0.0,0.02,0.0,0.0,0.0
29,3,3,2,False,0.589525675211291,0.024066908749208027,4,qUCB,0.48,0.42,0.0,0.04,0.0,0.0,0.0,0.0,0.04,0.0,0.0,0.02,0.0,0.0,0.0
29,4,2,3,False,0.4642070514749724,0.09526756646966827,0,qEHVI,0.42,0.12,0.4,0.0,0.02,0.0,0.0,0.0,0.0,0.0,0.0,0.0,0.0,0.04,0.0
29,4,2,3,False,0.4642070514749724,0.09526756646966827,1,qEHVI,0.58,0.0,0.34,0.0,0.0,0.0,0.0,0.0,0.0,0.0,0.0,0.04,0.0,0.0,0.04
29,4,2,3,False,0.4642070514749724,0.09526756646966827,2,qUCB,0.36,0.54,0.0,0.04,0.0,0.0,0.0,0.0,0.04,0.0,0.0,0.02,0.0,0.0,0.0
29,4,2,3,False,0.4642070514749724,0.09526756646966827,3,qUCB,0.0,0.8,0.1,0.04,0.0,0.0,0.0,0.0,0.04,0.0,0.0,0.02,0.0,0.0,0.0
29,4,2,3,False,0.4642070514749724,0.09526756646966827,4,qUCB,0.24,0.52,0.14,0.04,0.0,0.0,0.0,0.0,0.04,0.0,0.0,0.02,0.0,0.0,0.0
29,5,1,4,False,0.41078863650127473,0.5483651227994515,0,qEHVI,0.42,0.12,0.4,0.0,0.02,0.0,0.0,0.0,0.0,0.0,0.0,0.0,0.0,0.04,0.0
29,5,1,4,False,0.41078863650127473,0.5483651227994515,1,qUCB,0.36,0.54,0.0,0.04,0.0,0.0,0.0,0.0,0.04,0.0,0.0,0.02,0.0,0.0,0.0
29,5,1,4,False,0.41078863650127473,0.5483651227994515,2,qUCB,0.24,0.54,0.14,0.04,0.0,0.0,0.0,0.0,0.0,0.0,0.0,0.0,0.0,0.0,0.04
29,5,1,4,False,0.41078863650127473,0.5483651227994515,3,qUCB,0.68,0.0,0.24,0.04,0.0,0.0,0.0,0.0,0.0,0.0,0.0,0.0,0.0,0.0,0.04
29,5,1,4,False,0.41078863650127473,0.5483651227994515,4,qUCB,0.0,0.8,0.1,0.04,0.0,0.0,0.0,0.0,0.04,0.0,0.0,0.02,0.0,0.0,0.0
29,6,0,5,False,0.32147886072171983,0.6595642426495747,0,qUCB,0.38,0.16,0.42,0.0,0.0,0.0,0.0,0.0,0.04,0.0,0.0,0.0,0.0,0.0,0.0
29,6,0,5,False,0.32147886072171983,0.6595642426495747,1,qUCB,0.68,0.02,0.3,0.0,0.0,0.0,0.0,0.0,0.0,0.0,0.0,0.0,0.0,0.0,0.0
29,6,0,5,False,0.32147886072171983,0.6595642426495747,2,qUCB,0.44,0.5,0.0,0.04,0.0,0.0,0.0,0.0,0.0,0.0,0.0,0.02,0.0,0.0,0.0
29,6,0,5,False,0.32147886072171983,0.6595642426495747,3,qUCB,0.24,0.54,0.14,0.04,0.0,0.0,0.0,0.0,0.0,0.0,0.0,0.0,0.0,0.0,0.04
29,6,0,5,False,0.32147886072171983,0.6595642426495747,4,qUCB,0.66,0.0,0.26,0.04,0.0,0.0,0.0,0.0,0.02,0.0,0.0,0.0,0.0,0.02,0.0
30,1,5,0,False,0.7017854932619186,0.1579735888265681,0,qEHVI,0.38,0.24,0.38,0.0,0.0,0.0,0.0,0.0,0.0,0.0,0.0,0.0,0.0,0.0,0.0
30,1,5,0,False,0.7017854932619186,0.1579735888265681,1,qEHVI,0.0,0.5,0.4,0.04,0.0,0.0,0.0,0.0,0.02,0.0,0.0,0.04,0.0,0.0,0.0
30,1,5,0,False,0.7017854932619186,0.1579735888265681,2,qEHVI,0.38,0.12,0.46,0.0,0.0,0.0,0.0,0.0,0.0,0.0,0.0,0.02,0.0,0.02,0.0
30,1,5,0,False,0.7017854932619186,0.1579735888265681,3,qEHVI,0.38,0.2,0.32,0.04,0.04,0.0,0.0,0.0,0.02,0.0,0.0,0.0,0.0,0.0,0.0
30,1,5,0,False,0.7017854932619186,0.1579735888265681,4,qEHVI,0.44,0.14,0.36,0.02,0.04,0.0,0.0,0.0,0.0,0.0,0.0,0.0,0.0,0.0,0.0
30,2,4,1,False,0.5890642625556491,0.005024881243130608,0,qEHVI,0.4,0.18,0.4,0.02,0.0,0.0,0.0,0.0,0.0,0.0,0.0,0.0,0.0,0.0,0.0
30,2,4,1,False,0.5890642625556491,0.005024881243130608,1,qEHVI,0.0,0.5,0.4,0.04,0.0,0.0,0.0,0.0,0.02,0.0,0.0,0.04,0.0,0.0,0.0
30,2,4,1,False,0.5890642625556491,0.005024881243130608,2,qEHVI,0.38,0.12,0.46,0.0,0.0,0.0,0.0,0.0,0.0,0.0,0.0,0.02,0.0,0.02,0.0
30,2,4,1,False,0.5890642625556491,0.005024881243130608,3,qEHVI,0.44,0.14,0.36,0.02,0.04,0.0,0.0,0.0,0.0,0.0,0.0,0.0,0.0,0.0,0.0
30,2,4,1,False,0.5890642625556491,0.005024881243130608,4,qUCB,0.72,0.1,0.08,0.0,0.0,0.0,0.0,0.0,0.04,0.0,0.0,0.02,0.0,0.0,0.04
30,3,3,2,False,0.4961649772558713,0.09247795220142052,0,qEHVI,0.4,0.18,0.4,0.02,0.0,0.0,0.0,0.0,0.0,0.0,0.0,0.0,0.0,0.0,0.0
30,3,3,2,False,0.4961649772558713,0.09247795220142052,1,qEHVI,0.0,0.5,0.4,0.04,0.0,0.0,0.0,0.0,0.02,0.0,0.0,0.04,0.0,0.0,0.0
30,3,3,2,False,0.4961649772558713,0.09247795220142052,2,qEHVI,0.38,0.12,0.46,0.0,0.0,0.0,0.0,0.0,0.0,0.0,0.0,0.02,0.0,0.02,0.0
30,3,3,2,False,0.4961649772558713,0.09247795220142052,3,qUCB,0.74,0.1,0.06,0.0,0.04,0.0,0.0,0.0,0.02,0.0,0.0,0.0,0.0,0.0,0.04
30,3,3,2,False,0.4961649772558713,0.09247795220142052,4,qUCB,0.12,0.66,0.12,0.04,0.0,0.0,0.0,0.0,0.0,0.0,0.0,0.0,0.0,0.02,0.04
30,4,2,3,True,0.46154071896848425,0.10020980130184501,0,qEHVI,0.38,0.24,0.38,0.0,0.0,0.0,0.0,0.0,0.0,0.0,0.0,0.0,0.0,0.0,0.0
30,4,2,3,True,0.46154071896848425,0.10020980130184501,1,qEHVI,0.0,0.5,0.4,0.04,0.0,0.0,0.0,0.0,0.02,0.0,0.0,0.04,0.0,0.0,0.0
30,4,2,3,True,0.46154071896848425,0.10020980130184501,2,qUCB,0.7000000000000001,0.12,0.08,0.0,0.04,0.0,0.0,0.0,0.0,0.0,0.0,0.02,0.0,0.0,0.04
30,4,2,3,True,0.46154071896848425,0.10020980130184501,3,qUCB,0.44,0.38,0.08,0.04,0.0,0.0,0.0,0.0,0.0,0.0,0.0,0.0,0.0,0.02,0.04
30,4,2,3,True,0.46154071896848425,0.10020980130184501,4,qUCB,0.12,0.66,0.12,0.04,0.0,0.0,0.0,0.0,0.0,0.0,0.0,0.0,0.0,0.02,0.04
30,5,1,4,False,0.26603232034884133,0.015240084392532771,0,qEHVI,0.4,0.18,0.4,0.02,0.0,0.0,0.0,0.0,0.0,0.0,0.0,0.0,0.0,0.0,0.0
30,5,1,4,False,0.26603232034884133,0.015240084392532771,1,qUCB,0.7000000000000001,0.12,0.08,0.0,0.04,0.0,0.0,0.0,0.0,0.0,0.0,0.02,0.0,0.0,0.04
30,5,1,4,False,0.26603232034884133,0.015240084392532771,2,qUCB,0.4,0.5,0.0,0.0,0.02,0.0,0.0,0.0,0.0,0.0,0.0,0.04,0.0,0.04,0.0
30,5,1,4,False,0.26603232034884133,0.015240084392532771,3,qUCB,0.0,0.1,0.8,0.0,0.0,0.0,0.0,0.0,0.04,0.0,0.0,0.02,0.0,0.0,0.04
30,5,1,4,False,0.26603232034884133,0.015240084392532771,4,qUCB,0.18,0.58,0.14,0.04,0.0,0.0,0.0,0.0,0.0,0.0,0.0,0.02,0.0,0.0,0.04
30,6,0,5,False,0.22781857354981844,0.07862132406606115,0,qUCB,0.68,0.02,0.24,0.04,0.02,0.0,0.0,0.0,0.0,0.0,0.0,0.0,0.0,0.0,0.0
30,6,0,5,False,0.22781857354981844,0.07862132406606115,1,qUCB,0.44,0.38,0.08,0.04,0.0,0.0,0.0,0.0,0.0,0.0,0.0,0.0,0.0,0.02,0.04
30,6,0,5,False,0.22781857354981844,0.07862132406606115,2,qUCB,0.18,0.58,0.14,0.04,0.0,0.0,0.0,0.0,0.0,0.0,0.0,0.02,0.0,0.0,0.04
30,6,0,5,False,0.22781857354981844,0.07862132406606115,3,qUCB,0.0,0.14,0.76,0.04,0.0,0.0,0.0,0.0,0.0,0.0,0.0,0.0,0.0,0.04,0.02
30,6,0,5,False,0.22781857354981844,0.07862132406606115,4,qUCB,0.0,0.66,0.24,0.04,0.0,0.0,0.0,0.0,0.02,0.0,0.0,0.04,0.0,0.0,0.0
31,1,5,0,False,0.6930558183426377,0.19780565663249927,0,qEHVI,0.4,0.1,0.4,0.02,0.04,0.0,0.0,0.0,0.0,0.0,0.0,0.0,0.0,0.04,0.0
31,1,5,0,False,0.6930558183426377,0.19780565663249927,1,qEHVI,0.4,0.08,0.46,0.0,0.0,0.0,0.0,0.0,0.0,0.0,0.0,0.02,0.0,0.04,0.0
31,1,5,0,False,0.6930558183426377,0.19780565663249927,2,qEHVI,0.66,0.0,0.3,0.04,0.0,0.0,0.0,0.0,0.0,0.0,0.0,0.0,0.0,0.0,0.0
31,1,5,0,False,0.6930558183426377,0.19780565663249927,3,qEHVI,0.0,0.52,0.42,0.02,0.0,0.0,0.0,0.0,0.04,0.0,0.0,0.0,0.0,0.0,0.0
31,1,5,0,False,0.6930558183426377,0.19780565663249927,4,qEHVI,0.4,0.02,0.56,0.0,0.0,0.0,0.0,0.0,0.0,0.0,0.0,0.02,0.0,0.0,0.0
31,2,4,1,True,0.6088149610523519,0.11488931338322317,0,qEHVI,0.4,0.1,0.4,0.02,0.04,0.0,0.0,0.0,0.0,0.0,0.0,0.0,0.0,0.04,0.0
31,2,4,1,True,0.6088149610523519,0.11488931338322317,1,qEHVI,0.4,0.08,0.46,0.0,0.0,0.0,0.0,0.0,0.0,0.0,0.0,0.02,0.0,0.04,0.0
31,2,4,1,True,0.6088149610523519,0.11488931338322317,2,qEHVI,0.66,0.0,0.3,0.04,0.0,0.0,0.0,0.0,0.0,0.0,0.0,0.0,0.0,0.0,0.0
31,2,4,1,True,0.6088149610523519,0.11488931338322317,3,qEHVI,0.0,0.52,0.42,0.02,0.0,0.0,0.0,0.0,0.04,0.0,0.0,0.0,0.0,0.0,0.0
31,2,4,1,True,0.6088149610523519,0.11488931338322317,4,qUCB,0.66,0.18,0.06,0.0,0.0,0.0,0.0,0.0,0.04,0.0,0.0,0.02,0.0,0.0,0.04
31,3,3,2,False,0.5216245347422669,0.034405289011216755,0,qEHVI,0.4,0.1,0.4,0.02,0.04,0.0,0.0,0.0,0.0,0.0,0.0,0.0,0.0,0.04,0.0
31,3,3,2,False,0.5216245347422669,0.034405289011216755,1,qEHVI,0.4,0.08,0.46,0.0,0.0,0.0,0.0,0.0,0.0,0.0,0.0,0.02,0.0,0.04,0.0
31,3,3,2,False,0.5216245347422669,0.034405289011216755,2,qEHVI,0.66,0.0,0.3,0.04,0.0,0.0,0.0,0.0,0.0,0.0,0.0,0.0,0.0,0.0,0.0
31,3,3,2,False,0.5216245347422669,0.034405289011216755,3,qUCB,0.66,0.18,0.06,0.0,0.0,0.0,0.0,0.0,0.04,0.0,0.0,0.02,0.0,0.0,0.04
31,3,3,2,False,0.5216245347422669,0.034405289011216755,4,qUCB,0.0,0.14,0.78,0.0,0.0,0.0,0.0,0.0,0.04,0.0,0.0,0.0,0.0,0.0,0.04
31,4,2,3,False,0.4450599315065137,0.03779269734307214,0,qEHVI,0.4,0.1,0.4,0.02,0.04,0.0,0.0,0.0,0.0,0.0,0.0,0.0,0.0,0.04,0.0
31,4,2,3,False,0.4450599315065137,0.03779269734307214,1,qEHVI,0.4,0.08,0.46,0.0,0.0,0.0,0.0,0.0,0.0,0.0,0.0,0.02,0.0,0.04,0.0
31,4,2,3,False,0.4450599315065137,0.03779269734307214,2,qUCB,0.66,0.0,0.26,0.04,0.0,0.0,0.0,0.0,0.0,0.0,0.0,0.0,0.0,0.0,0.04
31,4,2,3,False,0.4450599315065137,0.03779269734307214,3,qUCB,0.46,0.44,0.0,0.04,0.0,0.0,0.0,0.0,0.0,0.0,0.0,0.02,0.0,0.0,0.04
31,4,2,3,False,0.4450599315065137,0.03779269734307214,4,qUCB,0.3,0.4,0.2,0.04,0.0,0.0,0.0,0.0,0.02,0.0,0.0,0.0,0.0,0.0,0.04
31,5,1,4,False,0.2583770519486088,0.08709979795698886,0,qEHVI,0.4,0.1,0.4,0.02,0.04,0.0,0.0,0.0,0.0,0.0,0.0,0.0,0.0,0.04,0.0
31,5,1,4,False,0.2583770519486088,0.08709979795698886,1,qUCB,0.66,0.18,0.06,0.0,0.0,0.0,0.0,0.0,0.04,0.0,0.0,0.02,0.0,0.0,0.04
31,5,1,4,False,0.2583770519486088,0.08709979795698886,2,qUCB,0.0,0.14,0.78,0.0,0.0,0.0,0.0,0.0,0.04,0.0,0.0,0.0,0.0,0.0,0.04
31,5,1,4,False,0.2583770519486088,0.08709979795698886,3,qUCB,0.66,0.0,0.26,0.04,0.0,0.0,0.0,0.0,0.0,0.0,0.0,0.0,0.0,0.0,0.04
31,5,1,4,False,0.2583770519486088,0.08709979795698886,4,qUCB,0.02,0.72,0.18,0.04,0.0,0.0,0.0,0.0,0.0,0.0,0.0,0.0,0.0,0.0,0.04
31,6,0,5,False,0.3840152100941712,0.041303337625083536,0,qUCB,0.4,0.14,0.42,0.0,0.0,0.0,0.0,0.0,0.0,0.0,0.0,0.0,0.0,0.04,0.0
31,6,0,5,False,0.3840152100941712,0.041303337625083536,1,qUCB,0.66,0.0,0.26,0.04,0.0,0.0,0.0,0.0,0.0,0.0,0.0,0.0,0.0,0.0,0.04
31,6,0,5,False,0.3840152100941712,0.041303337625083536,2,qUCB,0.4,0.02,0.56,0.0,0.0,0.0,0.0,0.0,0.0,0.0,0.0,0.02,0.0,0.0,0.0
31,6,0,5,False,0.3840152100941712,0.041303337625083536,3,qUCB,0.0,0.66,0.24,0.04,0.04,0.0,0.0,0.0,0.0,0.0,0.0,0.0,0.0,0.02,0.0
31,6,0,5,False,0.3840152100941712,0.041303337625083536,4,qUCB,0.14,0.04,0.8200000000000001,0.0,0.0,0.0,0.0,0.0,0.0,0.0,0.0,0.0,0.0,0.0,0.0
32,1,5,0,False,0.6443069494554899,0.19003010229486073,0,qEHVI,0.42,0.16,0.32,0.04,0.04,0.0,0.0,0.0,0.0,0.0,0.0,0.02,0.0,0.0,0.0
32,1,5,0,False,0.6443069494554899,0.19003010229486073,1,qEHVI,0.38,0.16,0.4,0.0,0.0,0.0,0.0,0.0,0.02,0.0,0.0,0.0,0.0,0.04,0.0
32,1,5,0,False,0.6443069494554899,0.19003010229486073,2,qEHVI,0.46,0.08,0.36,0.0,0.04,0.0,0.0,0.0,0.04,0.0,0.0,0.02,0.0,0.0,0.0
32,1,5,0,False,0.6443069494554899,0.19003010229486073,3,qEHVI,0.0,0.54,0.44,0.0,0.0,0.0,0.0,0.0,0.0,0.0,0.0,0.0,0.0,0.02,0.0
32,1,5,0,False,0.6443069494554899,0.19003010229486073,4,qEHVI,0.6,0.3,0.04,0.0,0.0,0.0,0.0,0.0,0.0,0.0,0.0,0.0,0.0,0.04,0.02
32,2,4,1,False,0.6026029152436111,0.08503264916496178,0,qEHVI,0.42,0.16,0.32,0.04,0.04,0.0,0.0,0.0,0.0,0.0,0.0,0.02,0.0,0.0,0.0
32,2,4,1,False,0.6026029152436111,0.08503264916496178,1,qEHVI,0.46,0.08,0.36,0.0,0.04,0.0,0.0,0.0,0.04,0.0,0.0,0.02,0.0,0.0,0.0
32,2,4,1,False,0.6026029152436111,0.08503264916496178,2,qEHVI,0.38,0.16,0.4,0.0,0.0,0.0,0.0,0.0,0.02,0.0,0.0,0.0,0.0,0.04,0.0
32,2,4,1,False,0.6026029152436111,0.08503264916496178,3,qEHVI,0.0,0.54,0.44,0.0,0.0,0.0,0.0,0.0,0.0,0.0,0.0,0.0,0.0,0.02,0.0
32,2,4,1,False,0.6026029152436111,0.08503264916496178,4,qUCB,0.66,0.22,0.06,0.0,0.02,0.0,0.0,0.0,0.0,0.0,0.0,0.0,0.0,0.0,0.04
32,3,3,2,True,0.5431932096998145,0.3748242399893549,0,qEHVI,0.42,0.16,0.32,0.04,0.04,0.0,0.0,0.0,0.0,0.0,0.0,0.02,0.0,0.0,0.0
32,3,3,2,True,0.5431932096998145,0.3748242399893549,1,qEHVI,0.46,0.08,0.36,0.0,0.04,0.0,0.0,0.0,0.04,0.0,0.0,0.02,0.0,0.0,0.0
32,3,3,2,True,0.5431932096998145,0.3748242399893549,2,qEHVI,0.38,0.16,0.4,0.0,0.0,0.0,0.0,0.0,0.02,0.0,0.0,0.0,0.0,0.04,0.0
32,3,3,2,True,0.5431932096998145,0.3748242399893549,3,qUCB,0.56,0.14,0.22,0.0,0.0,0.0,0.0,0.0,0.0,0.0,0.0,0.04,0.0,0.0,0.04
32,3,3,2,True,0.5431932096998145,0.3748242399893549,4,qUCB,0.54,0.04,0.34,0.0,0.0,0.0,0.0,0.0,0.0,0.0,0.0,0.04,0.0,0.0,0.04
32,4,2,3,False,0.4839360577465504,0.08901222390950814,0,qEHVI,0.42,0.16,0.32,0.04,0.04,0.0,0.0,0.0,0.0,0.0,0.0,0.02,0.0,0.0,0.0
32,4,2,3,False,0.4839360577465504,0.08901222390950814,1,qEHVI,0.46,0.08,0.36,0.0,0.04,0.0,0.0,0.0,0.04,0.0,0.0,0.02,0.0,0.0,0.0
32,4,2,3,False,0.4839360577465504,0.08901222390950814,2,qUCB,0.64,0.2,0.06,0.0,0.0,0.0,0.0,0.0,0.0,0.0,0.0,0.02,0.0,0.04,0.04
32,4,2,3,False,0.4839360577465504,0.08901222390950814,3,qUCB,0.46,0.06,0.4,0.0,0.0,0.0,0.0,0.0,0.0,0.0,0.0,0.0,0.0,0.04,0.04
32,4,2,3,False,0.4839360577465504,0.08901222390950814,4,qUCB,0.66,0.16,0.1,0.0,0.0,0.0,0.0,0.0,0.0,0.0,0.0,0.0,0.0,0.04,0.04
32,5,1,4,False,0.4041030484725999,0.05613072072597802,0,qEHVI,0.42,0.16,0.32,0.04,0.04,0.0,0.0,0.0,0.0,0.0,0.0,0.02,0.0,0.0,0.0
32,5,1,4,False,0.4041030484725999,0.05613072072597802,1,qUCB,0.4,0.08,0.42,0.0,0.0,0.0,0.0,0.0,0.02,0.0,0.0,0.0,0.0,0.04,0.04
32,5,1,4,False,0.4041030484725999,0.05613072072597802,2,qUCB,0.48,0.0,0.42,0.0,0.0,0.0,0.0,0.0,0.04,0.0,0.0,0.0,0.0,0.02,0.04
32,5,1,4,False,0.4041030484725999,0.05613072072597802,3,qUCB,0.64,0.2,0.06,0.0,0.0,0.0,0.0,0.0,0.0,0.0,0.0,0.02,0.0,0.04,0.04
32,5,1,4,False,0.4041030484725999,0.05613072072597802,4,qUCB,0.0,0.16,0.78,0.0,0.0,0.0,0.0,0.0,0.02,0.0,0.0,0.0,0.0,0.0,0.04
32,6,0,5,False,0.24044743475660685,0.08239809378767449,0,qUCB,0.64,0.2,0.06,0.0,0.0,0.0,0.0,0.0,0.0,0.0,0.0,0.02,0.0,0.04,0.04
32,6,0,5,False,0.24044743475660685,0.08239809378767449,1,qUCB,0.42,0.06,0.42,0.04,0.0,0.0,0.0,0.0,0.0,0.0,0.0,0.0,0.0,0.02,0.04
32,6,0,5,False,0.24044743475660685,0.08239809378767449,2,qUCB,0.14,0.0,0.84,0.02,0.0,0.0,0.0,0.0,0.0,0.0,0.0,0.0,0.0,0.0,0.0
32,6,0,5,False,0.24044743475660685,0.08239809378767449,3,qUCB,0.0,0.68,0.24,0.04,0.02,0.0,0.0,0.0,0.0,0.0,0.0,0.0,0.0,0.0,0.02
32,6,0,5,False,0.24044743475660685,0.08239809378767449,4,qUCB,0.26,0.42,0.22,0.04,0.04,0.0,0.0,0.0,0.0,0.0,0.0,0.0,0.0,0.02,0.0
33,1,5,0,False,0.6432464484118091,0.040840092185991494,0,qEHVI,0.44,0.0,0.54,0.0,0.0,0.0,0.0,0.0,0.0,0.0,0.0,0.02,0.0,0.0,0.0
33,1,5,0,False,0.6432464484118091,0.040840092185991494,1,qEHVI,0.38,0.16,0.4,0.04,0.02,0.0,0.0,0.0,0.0,0.0,0.0,0.0,0.0,0.0,0.0
33,1,5,0,False,0.6432464484118091,0.040840092185991494,2,qEHVI,0.42,0.18,0.3,0.04,0.0,0.0,0.0,0.0,0.02,0.0,0.0,0.0,0.0,0.04,0.0
33,1,5,0,False,0.6432464484118091,0.040840092185991494,3,qEHVI,0.44,0.12,0.34,0.04,0.04,0.0,0.0,0.0,0.02,0.0,0.0,0.0,0.0,0.0,0.0
33,1,5,0,False,0.6432464484118091,0.040840092185991494,4,qEHVI,0.62,0.3,0.02,0.0,0.02,0.0,0.0,0.0,0.0,0.0,0.0,0.0,0.0,0.02,0.02
33,2,4,1,False,0.5846549188168446,0.010678104322733972,0,qEHVI,0.44,0.0,0.54,0.0,0.0,0.0,0.0,0.0,0.0,0.0,0.0,0.02,0.0,0.0,0.0
33,2,4,1,False,0.5846549188168446,0.010678104322733972,1,qEHVI,0.38,0.16,0.4,0.04,0.02,0.0,0.0,0.0,0.0,0.0,0.0,0.0,0.0,0.0,0.0
33,2,4,1,False,0.5846549188168446,0.010678104322733972,2,qEHVI,0.42,0.18,0.3,0.04,0.0,0.0,0.0,0.0,0.02,0.0,0.0,0.0,0.0,0.04,0.0
33,2,4,1,False,0.5846549188168446,0.010678104322733972,3,qEHVI,0.44,0.12,0.34,0.04,0.04,0.0,0.0,0.0,0.02,0.0,0.0,0.0,0.0,0.0,0.0
33,2,4,1,False,0.5846549188168446,0.010678104322733972,4,qUCB,0.72,0.12,0.06,0.0,0.02,0.0,0.0,0.0,0.0,0.0,0.0,0.0,0.0,0.04,0.04
33,3,3,2,False,0.5584342565329123,0.1255900677021451,0,qEHVI,0.44,0.0,0.54,0.0,0.0,0.0,0.0,0.0,0.0,0.0,0.0,0.02,0.0,0.0,0.0
33,3,3,2,False,0.5584342565329123,0.1255900677021451,1,qEHVI,0.38,0.16,0.4,0.04,0.02,0.0,0.0,0.0,0.0,0.0,0.0,0.0,0.0,0.0,0.0
33,3,3,2,False,0.5584342565329123,0.1255900677021451,2,qEHVI,0.42,0.18,0.3,0.04,0.0,0.0,0.0,0.0,0.02,0.0,0.0,0.0,0.0,0.04,0.0
33,3,3,2,False,0.5584342565329123,0.1255900677021451,3,qUCB,0.7000000000000001,0.16,0.04,0.0,0.04,0.0,0.0,0.0,0.02,0.0,0.0,0.0,0.0,0.0,0.04
33,3,3,2,False,0.5584342565329123,0.1255900677021451,4,qUCB,0.4,0.08,0.42,0.0,0.04,0.0,0.0,0.0,0.0,0.0,0.0,0.0,0.0,0.02,0.04
33,4,2,3,False,0.42060064509266365,0.08699552204817751,0,qEHVI,0.44,0.0,0.54,0.0,0.0,0.0,0.0,0.0,0.0,0.0,0.0,0.02,0.0,0.0,0.0
33,4,2,3,False,0.42060064509266365,0.08699552204817751,1,qEHVI,0.38,0.16,0.4,0.04,0.02,0.0,0.0,0.0,0.0,0.0,0.0,0.0,0.0,0.0,0.0
33,4,2,3,False,0.42060064509266365,0.08699552204817751,2,qUCB,0.72,0.12,0.06,0.0,0.02,0.0,0.0,0.0,0.0,0.0,0.0,0.0,0.0,0.04,0.04
33,4,2,3,False,0.42060064509266365,0.08699552204817751,3,qUCB,0.42,0.4,0.08,0.0,0.02,0.0,0.0,0.0,0.04,0.0,0.0,0.0,0.0,0.04,0.0
33,4,2,3,False,0.42060064509266365,0.08699552204817751,4,qUCB,0.04,0.2,0.66,0.0,0.02,0.0,0.0,0.0,0.04,0.0,0.0,0.0,0.0,0.04,0.0
33,5,1,4,True,0.3729005971314356,0.18736250824670453,0,qEHVI,0.44,0.0,0.54,0.0,0.0,0.0,0.0,0.0,0.0,0.0,0.0,0.02,0.0,0.0,0.0
33,5,1,4,True,0.3729005971314356,0.18736250824670453,1,qUCB,0.7000000000000001,0.16,0.04,0.0,0.04,0.0,0.0,0.0,0.02,0.0,0.0,0.0,0.0,0.0,0.04
33,5,1,4,True,0.3729005971314356,0.18736250824670453,2,qUCB,0.0,0.72,0.18,0.04,0.0,0.0,0.0,0.0,0.02,0.0,0.0,0.0,0.0,0.0,0.04
33,5,1,4,True,0.3729005971314356,0.18736250824670453,3,qUCB,0.46,0.44,0.0,0.04,0.0,0.0,0.0,0.0,0.0,0.0,0.0,0.0,0.0,0.02,0.04
33,5,1,4,True,0.3729005971314356,0.18736250824670453,4,qUCB,0.06,0.6,0.24,0.04,0.0,0.0,0.0,0.0,0.0,0.0,0.0,0.0,0.0,0.04,0.02
33,6,0,5,False,0.4822328644112071,0.15011681561813273,0,qUCB,0.44,0.0,0.54,0.0,0.0,0.0,0.0,0.0,0.0,0.0,0.0,0.02,0.0,0.0,0.0
33,6,0,5,False,0.4822328644112071,0.15011681561813273,1,qUCB,0.38,0.1,0.42,0.04,0.0,0.0,0.0,0.0,0.0,0.0,0.0,0.02,0.0,0.0,0.04
33,6,0,5,False,0.4822328644112071,0.15011681561813273,2,qUCB,0.44,0.06,0.42,0.0,0.02,0.0,0.0,0.0,0.0,0.0,0.0,0.0,0.0,0.02,0.04
33,6,0,5,False,0.4822328644112071,0.15011681561813273,3,qUCB,0.0,0.66,0.26,0.04,0.0,0.0,0.0,0.0,0.0,0.0,0.0,0.04,0.0,0.0,0.0
33,6,0,5,False,0.4822328644112071,0.15011681561813273,4,qUCB,0.2,0.0,0.72,0.04,0.0,0.0,0.0,0.0,0.0,0.0,0.0,0.0,0.0,0.0,0.04
34,1,5,0,False,0.6029166239365628,0.06785673700741945,0,qEHVI,0.44,0.18,0.3,0.04,0.0,0.0,0.0,0.0,0.0,0.0,0.0,0.04,0.0,0.0,0.0
34,1,5,0,False,0.6029166239365628,0.06785673700741945,1,qEHVI,0.42,0.16,0.32,0.04,0.0,0.0,0.0,0.0,0.0,0.0,0.0,0.02,0.0,0.04,0.0
34,1,5,0,False,0.6029166239365628,0.06785673700741945,2,qEHVI,0.62,0.0,0.34,0.0,0.0,0.0,0.0,0.0,0.0,0.0,0.0,0.0,0.0,0.02,0.02
34,1,5,0,False,0.6029166239365628,0.06785673700741945,3,qEHVI,0.44,0.1,0.36,0.04,0.02,0.0,0.0,0.0,0.04,0.0,0.0,0.0,0.0,0.0,0.0
34,1,5,0,False,0.6029166239365628,0.06785673700741945,4,qEHVI,0.38,0.12,0.4,0.04,0.04,0.0,0.0,0.0,0.02,0.0,0.0,0.0,0.0,0.0,0.0
34,2,4,1,False,0.5450590143348624,0.00697255748389658,0,qEHVI,0.44,0.18,0.3,0.04,0.0,0.0,0.0,0.0,0.0,0.0,0.0,0.04,0.0,0.0,0.0
34,2,4,1,False,0.5450590143348624,0.00697255748389658,1,qEHVI,0.42,0.16,0.32,0.04,0.0,0.0,0.0,0.0,0.0,0.0,0.0,0.02,0.0,0.04,0.0
34,2,4,1,False,0.5450590143348624,0.00697255748389658,2,qEHVI,0.62,0.0,0.34,0.0,0.0,0.0,0.0,0.0,0.0,0.0,0.0,0.0,0.0,0.02,0.02
34,2,4,1,False,0.5450590143348624,0.00697255748389658,3,qEHVI,0.44,0.1,0.36,0.04,0.02,0.0,0.0,0.0,0.04,0.0,0.0,0.0,0.0,0.0,0.0
34,2,4,1,False,0.5450590143348624,0.00697255748389658,4,qUCB,0.44,0.06,0.4,0.0,0.04,0.0,0.0,0.0,0.02,0.0,0.0,0.04,0.0,0.0,0.0
34,3,3,2,False,0.41193006194107373,0.06977098692175954,0,qEHVI,0.44,0.18,0.3,0.04,0.0,0.0,0.0,0.0,0.0,0.0,0.0,0.04,0.0,0.0,0.0
34,3,3,2,False,0.41193006194107373,0.06977098692175954,1,qEHVI,0.42,0.16,0.32,0.04,0.0,0.0,0.0,0.0,0.0,0.0,0.0,0.02,0.0,0.04,0.0
34,3,3,2,False,0.41193006194107373,0.06977098692175954,2,qEHVI,0.62,0.0,0.34,0.0,0.0,0.0,0.0,0.0,0.0,0.0,0.0,0.0,0.0,0.02,0.02
34,3,3,2,False,0.41193006194107373,0.06977098692175954,3,qUCB,0.36,0.56,0.0,0.0,0.04,0.0,0.0,0.0,0.04,0.0,0.0,0.0,0.0,0.0,0.0
34,3,3,2,False,0.41193006194107373,0.06977098692175954,4,qUCB,0.42,0.4,0.1,0.0,0.04,0.0,0.0,0.0,0.04,0.0,0.0,0.0,0.0,0.0,0.0
34,4,2,3,True,0.3654049226019518,0.3436888928600448,0,qEHVI,0.44,0.18,0.3,0.04,0.0,0.0,0.0,0.0,0.0,0.0,0.0,0.04,0.0,0.0,0.0
34,4,2,3,True,0.3654049226019518,0.3436888928600448,1,qEHVI,0.42,0.16,0.32,0.04,0.0,0.0,0.0,0.0,0.0,0.0,0.0,0.02,0.0,0.04,0.0
34,4,2,3,True,0.3654049226019518,0.3436888928600448,2,qUCB,0.42,0.08,0.42,0.0,0.04,0.0,0.0,0.0,0.0,0.0,0.0,0.0,0.0,0.0,0.04
34,4,2,3,True,0.3654049226019518,0.3436888928600448,3,qUCB,0.42,0.4,0.1,0.0,0.04,0.0,0.0,0.0,0.04,0.0,0.0,0.0,0.0,0.0,0.0
34,4,2,3,True,0.3654049226019518,0.3436888928600448,4,qUCB,0.14,0.0,0.84,0.0,0.0,0.0,0.0,0.0,0.0,0.0,0.0,0.0,0.0,0.0,0.02
34,5,1,4,False,0.2601681121508738,0.048365587351406836,0,qEHVI,0.44,0.18,0.3,0.04,0.0,0.0,0.0,0.0,0.0,0.0,0.0,0.04,0.0,0.0,0.0
34,5,1,4,False,0.2601681121508738,0.048365587351406836,1,qUCB,0.48,0.02,0.4,0.0,0.02,0.0,0.0,0.0,0.0,0.0,0.0,0.0,0.0,0.04,0.04
34,5,1,4,False,0.2601681121508738,0.048365587351406836,2,qUCB,0.46,0.34,0.1,0.0,0.04,0.0,0.0,0.0,0.04,0.0,0.0,0.0,0.0,0.02,0.0
34,5,1,4,False,0.2601681121508738,0.048365587351406836,3,qUCB,0.14,0.0,0.84,0.0,0.0,0.0,0.0,0.0,0.0,0.0,0.0,0.0,0.0,0.0,0.02
34,5,1,4,False,0.2601681121508738,0.048365587351406836,4,qUCB,0.0,0.16,0.76,0.0,0.02,0.0,0.0,0.0,0.02,0.0,0.0,0.0,0.0,0.04,0.0
34,6,0,5,False,0.15747616300643777,0.00693342219805082,0,qUCB,0.4,0.1,0.42,0.04,0.0,0.0,0.0,0.0,0.0,0.0,0.0,0.04,0.0,0.0,0.0
34,6,0,5,False,0.15747616300643777,0.00693342219805082,1,qUCB,0.14,0.0,0.84,0.0,0.0,0.0,0.0,0.0,0.0,0.0,0.0,0.0,0.0,0.0,0.02
34,6,0,5,False,0.15747616300643777,0.00693342219805082,2,qUCB,0.0,0.16,0.74,0.04,0.0,0.0,0.0,0.0,0.0,0.0,0.0,0.04,0.0,0.02,0.0
34,6,0,5,False,0.15747616300643777,0.00693342219805082,3,qUCB,0.34,0.12,0.44,0.04,0.0,0.0,0.0,0.0,0.02,0.0,0.0,0.0,0.0,0.0,0.04
34,6,0,5,False,0.15747616300643777,0.00693342219805082,4,qUCB,0.2,0.0,0.72,0.04,0.0,0.0,0.0,0.0,0.0,0.0,0.0,0.02,0.0,0.0,0.02
35,1,5,0,False,0.922596510834211,0.030547039300194534,0,qEHVI,0.6,0.08,0.22,0.04,0.04,0.0,0.0,0.0,0.0,0.0,0.0,0.02,0.0,0.0,0.0
35,1,5,0,False,0.922596510834211,0.030547039300194534,1,qEHVI,0.64,0.0,0.32,0.0,0.0,0.0,0.0,0.0,0.0,0.0,0.0,0.02,0.0,0.0,0.02
35,1,5,0,False,0.922596510834211,0.030547039300194534,2,qEHVI,0.38,0.14,0.4,0.04,0.0,0.0,0.0,0.0,0.02,0.0,0.0,0.0,0.0,0.02,0.0
35,1,5,0,False,0.922596510834211,0.030547039300194534,3,qEHVI,0.5,0.0,0.42,0.0,0.0,0.0,0.0,0.0,0.0,0.0,0.0,0.02,0.0,0.02,0.04
35,1,5,0,False,0.922596510834211,0.030547039300194534,4,qEHVI,0.46,0.14,0.3,0.0,0.04,0.0,0.0,0.0,0.02,0.0,0.0,0.04,0.0,0.0,0.0
35,2,4,1,True,0.847823390758322,0.09373004773728422,0,qEHVI,0.6,0.08,0.22,0.04,0.04,0.0,0.0,0.0,0.0,0.0,0.0,0.02,0.0,0.0,0.0
35,2,4,1,True,0.847823390758322,0.09373004773728422,1,qEHVI,0.64,0.0,0.32,0.0,0.0,0.0,0.0,0.0,0.0,0.0,0.0,0.02,0.0,0.0,0.02
35,2,4,1,True,0.847823390758322,0.09373004773728422,2,qEHVI,0.38,0.14,0.4,0.04,0.0,0.0,0.0,0.0,0.02,0.0,0.0,0.0,0.0,0.02,0.0
35,2,4,1,True,0.847823390758322,0.09373004773728422,3,qEHVI,0.5,0.0,0.42,0.0,0.0,0.0,0.0,0.0,0.0,0.0,0.0,0.02,0.0,0.02,0.04
35,2,4,1,True,0.847823390758322,0.09373004773728422,4,qUCB,0.34,0.16,0.42,0.0,0.04,0.0,0.0,0.0,0.0,0.0,0.0,0.0,0.0,0.04,0.0
35,3,3,2,False,0.8187250484669503,0.1422336216895541,0,qEHVI,0.6,0.08,0.22,0.04,0.04,0.0,0.0,0.0,0.0,0.0,0.0,0.02,0.0,0.0,0.0
35,3,3,2,False,0.8187250484669503,0.1422336216895541,1,qEHVI,0.64,0.0,0.32,0.0,0.0,0.0,0.0,0.0,0.0,0.0,0.0,0.02,0.0,0.0,0.02
35,3,3,2,False,0.8187250484669503,0.1422336216895541,2,qEHVI,0.38,0.14,0.4,0.04,0.0,0.0,0.0,0.0,0.02,0.0,0.0,0.0,0.0,0.02,0.0
35,3,3,2,False,0.8187250484669503,0.1422336216895541,3,qUCB,0.34,0.16,0.42,0.0,0.04,0.0,0.0,0.0,0.0,0.0,0.0,0.0,0.0,0.04,0.0
35,3,3,2,False,0.8187250484669503,0.1422336216895541,4,qUCB,0.66,0.0,0.24,0.0,0.02,0.0,0.0,0.0,0.04,0.0,0.0,0.0,0.0,0.04,0.0
35,4,2,3,False,0.6741866332527646,0.07406094171748845,0,qEHVI,0.6,0.08,0.22,0.04,0.04,0.0,0.0,0.0,0.0,0.0,0.0,0.02,0.0,0.0,0.0
35,4,2,3,False,0.6741866332527646,0.07406094171748845,1,qEHVI,0.64,0.0,0.32,0.0,0.0,0.0,0.0,0.0,0.0,0.0,0.0,0.02,0.0,0.0,0.02
35,4,2,3,False,0.6741866332527646,0.07406094171748845,2,qUCB,0.44,0.08,0.38,0.02,0.0,0.0,0.0,0.0,0.04,0.0,0.0,0.0,0.0,0.04,0.0
35,4,2,3,False,0.6741866332527646,0.07406094171748845,3,qUCB,0.66,0.0,0.24,0.0,0.02,0.0,0.0,0.0,0.04,0.0,0.0,0.0,0.0,0.04,0.0
35,4,2,3,False,0.6741866332527646,0.07406094171748845,4,qUCB,0.02,0.24,0.66,0.0,0.0,0.0,0.0,0.0,0.04,0.0,0.0,0.0,0.0,0.04,0.0
35,5,1,4,False,0.5160425832794872,0.17169484888665743,0,qEHVI,0.6,0.08,0.22,0.04,0.04,0.0,0.0,0.0,0.0,0.0,0.0,0.02,0.0,0.0,0.0
35,5,1,4,False,0.5160425832794872,0.17169484888665743,1,qUCB,0.46,0.02,0.42,0.0,0.0,0.0,0.0,0.0,0.04,0.0,0.0,0.0,0.0,0.02,0.04
35,5,1,4,False,0.5160425832794872,0.17169484888665743,2,qUCB,0.02,0.24,0.66,0.0,0.0,0.0,0.0,0.0,0.04,0.0,0.0,0.0,0.0,0.04,0.0
35,5,1,4,False,0.5160425832794872,0.17169484888665743,3,qUCB,0.66,0.02,0.24,0.0,0.0,0.0,0.0,0.0,0.04,0.0,0.0,0.0,0.0,0.0,0.04
35,5,1,4,False,0.5160425832794872,0.17169484888665743,4,qUCB,0.42,0.5,0.0,0.0,0.0,0.0,0.0,0.0,0.04,0.0,0.0,0.0,0.0,0.04,0.0
35,6,0,5,False,0.5656203752248111,0.32583862385109774,0,qUCB,0.68,0.16,0.06,0.0,0.0,0.0,0.0,0.0,0.0,0.0,0.0,0.04,0.0,0.02,0.04
35,6,0,5,False,0.5656203752248111,0.32583862385109774,1,qUCB,0.7000000000000001,0.0,0.24,0.04,0.02,0.0,0.0,0.0,0.0,0.0,0.0,0.0,0.0,0.0,0.0
35,6,0,5,False,0.5656203752248111,0.32583862385109774,2,qUCB,0.0,0.24,0.66,0.0,0.0,0.0,0.0,0.0,0.04,0.0,0.0,0.04,0.0,0.02,0.0
35,6,0,5,False,0.5656203752248111,0.32583862385109774,3,qUCB,0.7000000000000001,0.06,0.24,0.0,0.0,0.0,0.0,0.0,0.0,0.0,0.0,0.0,0.0,0.0,0.0
35,6,0,5,False,0.5656203752248111,0.32583862385109774,4,qUCB,0.62,0.04,0.24,0.04,0.04,0.0,0.0,0.0,0.0,0.0,0.0,0.02,0.0,0.0,0.0
36,1,5,0,False,0.669218773583103,0.3383231987481805,0,qEHVI,0.4,0.0,0.58,0.0,0.0,0.0,0.0,0.0,0.02,0.0,0.0,0.0,0.0,0.0,0.0
36,1,5,0,False,0.669218773583103,0.3383231987481805,1,qEHVI,0.46,0.1,0.34,0.0,0.04,0.0,0.0,0.0,0.04,0.0,0.0,0.02,0.0,0.0,0.0
36,1,5,0,False,0.669218773583103,0.3383231987481805,2,qEHVI,0.64,0.26,0.02,0.0,0.02,0.0,0.0,0.0,0.0,0.0,0.0,0.0,0.0,0.04,0.02
36,1,5,0,False,0.669218773583103,0.3383231987481805,3,qEHVI,0.54,0.4,0.0,0.0,0.02,0.0,0.0,0.0,0.0,0.0,0.0,0.02,0.0,0.02,0.0
36,1,5,0,False,0.669218773583103,0.3383231987481805,4,qEHVI,0.44,0.18,0.3,0.02,0.04,0.0,0.0,0.0,0.0,0.0,0.0,0.0,0.0,0.02,0.0
36,2,4,1,True,0.6230338819221886,0.17091764241570484,0,qEHVI,0.4,0.0,0.58,0.0,0.0,0.0,0.0,0.0,0.02,0.0,0.0,0.0,0.0,0.0,0.0
36,2,4,1,True,0.6230338819221886,0.17091764241570484,1,qEHVI,0.46,0.1,0.34,0.0,0.04,0.0,0.0,0.0,0.04,0.0,0.0,0.02,0.0,0.0,0.0
36,2,4,1,True,0.6230338819221886,0.17091764241570484,2,qEHVI,0.32,0.0,0.6,0.04,0.0,0.0,0.0,0.0,0.0,0.0,0.0,0.02,0.0,0.02,0.0
36,2,4,1,True,0.6230338819221886,0.17091764241570484,3,qEHVI,0.64,0.26,0.02,0.0,0.02,0.0,0.0,0.0,0.0,0.0,0.0,0.0,0.0,0.04,0.02
36,2,4,1,True,0.6230338819221886,0.17091764241570484,4,qUCB,0.68,0.16,0.06,0.02,0.0,0.0,0.0,0.0,0.0,0.0,0.0,0.04,0.0,0.0,0.04
36,3,3,2,False,0.621254078816133,0.02646392816550014,0,qEHVI,0.4,0.0,0.58,0.0,0.0,0.0,0.0,0.0,0.02,0.0,0.0,0.0,0.0,0.0,0.0
36,3,3,2,False,0.621254078816133,0.02646392816550014,1,qEHVI,0.46,0.1,0.34,0.0,0.04,0.0,0.0,0.0,0.04,0.0,0.0,0.02,0.0,0.0,0.0
36,3,3,2,False,0.621254078816133,0.02646392816550014,2,qEHVI,0.64,0.26,0.02,0.0,0.02,0.0,0.0,0.0,0.0,0.0,0.0,0.0,0.0,0.04,0.02
36,3,3,2,False,0.621254078816133,0.02646392816550014,3,qUCB,0.68,0.16,0.06,0.02,0.0,0.0,0.0,0.0,0.0,0.0,0.0,0.04,0.0,0.0,0.04
36,3,3,2,False,0.621254078816133,0.02646392816550014,4,qUCB,0.0,0.24,0.66,0.0,0.02,0.0,0.0,0.0,0.0,0.0,0.0,0.04,0.0,0.04,0.0
36,4,2,3,False,0.5340677157134386,0.04513352695483808,0,qEHVI,0.4,0.0,0.58,0.0,0.0,0.0,0.0,0.0,0.02,0.0,0.0,0.0,0.0,0.0,0.0
36,4,2,3,False,0.5340677157134386,0.04513352695483808,1,qEHVI,0.46,0.1,0.34,0.0,0.04,0.0,0.0,0.0,0.04,0.0,0.0,0.02,0.0,0.0,0.0
36,4,2,3,False,0.5340677157134386,0.04513352695483808,2,qUCB,0.68,0.16,0.06,0.0,0.02,0.0,0.0,0.0,0.0,0.0,0.0,0.0,0.0,0.04,0.04
36,4,2,3,False,0.5340677157134386,0.04513352695483808,3,qUCB,0.0,0.24,0.66,0.0,0.02,0.0,0.0,0.0,0.0,0.0,0.0,0.04,0.0,0.04,0.0
36,4,2,3,False,0.5340677157134386,0.04513352695483808,4,qUCB,0.34,0.34,0.22,0.04,0.0,0.0,0.0,0.0,0.0,0.0,0.0,0.02,0.0,0.04,0.0
36,5,1,4,False,0.4161724206440997,0.026843551269583266,0,qEHVI,0.4,0.0,0.58,0.0,0.0,0.0,0.0,0.0,0.02,0.0,0.0,0.0,0.0,0.0,0.0
36,5,1,4,False,0.4161724206440997,0.026843551269583266,1,qUCB,0.68,0.16,0.06,0.0,0.02,0.0,0.0,0.0,0.0,0.0,0.0,0.0,0.0,0.04,0.04
36,5,1,4,False,0.4161724206440997,0.026843551269583266,2,qUCB,0.0,0.24,0.66,0.0,0.02,0.0,0.0,0.0,0.0,0.0,0.0,0.04,0.0,0.04,0.0
36,5,1,4,False,0.4161724206440997,0.026843551269583266,3,qUCB,0.32,0.58,0.0,0.0,0.02,0.0,0.0,0.0,0.0,0.0,0.0,0.04,0.0,0.04,0.0
36,5,1,4,False,0.4161724206440997,0.026843551269583266,4,qUCB,0.34,0.34,0.22,0.04,0.0,0.0,0.0,0.0,0.0,0.0,0.0,0.02,0.0,0.04,0.0
36,6,0,5,False,0.3628530140549246,0.0320145511739911,0,qUCB,0.68,0.18,0.06,0.0,0.0,0.0,0.0,0.0,0.0,0.0,0.0,0.02,0.0,0.02,0.04
36,6,0,5,False,0.3628530140549246,0.0320145511739911,1,qUCB,0.68,0.02,0.24,0.0,0.02,0.0,0.0,0.0,0.0,0.0,0.0,0.0,0.0,0.0,0.04
36,6,0,5,False,0.3628530140549246,0.0320145511739911,2,qUCB,0.22,0.0,0.72,0.04,0.0,0.0,0.0,0.0,0.0,0.0,0.0,0.0,0.0,0.02,0.0
36,6,0,5,False,0.3628530140549246,0.0320145511739911,3,qUCB,0.4,0.1,0.42,0.04,0.0,0.0,0.0,0.0,0.0,0.0,0.0,0.0,0.0,0.0,0.04
36,6,0,5,False,0.3628530140549246,0.0320145511739911,4,qUCB,0.0,0.24,0.66,0.0,0.02,0.0,0.0,0.0,0.0,0.0,0.0,0.04,0.0,0.04,0.0
37,1,5,0,False,0.8090346491333137,0.29341255233245267,0,qEHVI,0.56,0.38,0.02,0.0,0.0,0.0,0.0,0.0,0.02,0.0,0.0,0.02,0.0,0.0,0.0
37,1,5,0,False,0.8090346491333137,0.29341255233245267,1,qEHVI,0.42,0.28,0.2,0.0,0.02,0.0,0.0,0.0,0.04,0.0,0.0,0.04,0.0,0.0,0.0
37,1,5,0,False,0.8090346491333137,0.29341255233245267,2,qEHVI,0.46,0.02,0.44,0.02,0.0,0.0,0.0,0.0,0.02,0.0,0.0,0.04,0.0,0.0,0.0
37,1,5,0,False,0.8090346491333137,0.29341255233245267,3,qEHVI,0.0,0.26,0.66,0.0,0.02,0.0,0.0,0.0,0.04,0.0,0.0,0.0,0.0,0.02,0.0
37,1,5,0,False,0.8090346491333137,0.29341255233245267,4,qEHVI,0.4,0.12,0.4,0.04,0.0,0.0,0.0,0.0,0.0,0.0,0.0,0.0,0.0,0.04,0.0
37,2,4,1,True,0.7671783524943866,0.3215188615258975,0,qEHVI,0.56,0.38,0.02,0.0,0.0,0.0,0.0,0.0,0.02,0.0,0.0,0.02,0.0,0.0,0.0
37,2,4,1,True,0.7671783524943866,0.3215188615258975,1,qEHVI,0.42,0.28,0.2,0.0,0.02,0.0,0.0,0.0,0.04,0.0,0.0,0.04,0.0,0.0,0.0
37,2,4,1,True,0.7671783524943866,0.3215188615258975,2,qEHVI,0.46,0.02,0.44,0.02,0.0,0.0,0.0,0.0,0.02,0.0,0.0,0.04,0.0,0.0,0.0
37,2,4,1,True,0.7671783524943866,0.3215188615258975,3,qEHVI,0.0,0.26,0.66,0.0,0.02,0.0,0.0,0.0,0.04,0.0,0.0,0.0,0.0,0.02,0.0
37,2,4,1,True,0.7671783524943866,0.3215188615258975,4,qUCB,0.48,0.06,0.36,0.02,0.0,0.0,0.0,0.0,0.0,0.0,0.0,0.0,0.0,0.04,0.04
37,3,3,2,False,0.5906021607172929,0.12487823554135247,0,qEHVI,0.56,0.38,0.02,0.0,0.0,0.0,0.0,0.0,0.02,0.0,0.0,0.02,0.0,0.0,0.0
37,3,3,2,False,0.5906021607172929,0.12487823554135247,1,qEHVI,0.42,0.28,0.2,0.0,0.02,0.0,0.0,0.0,0.04,0.0,0.0,0.04,0.0,0.0,0.0
37,3,3,2,False,0.5906021607172929,0.12487823554135247,2,qEHVI,0.46,0.02,0.44,0.02,0.0,0.0,0.0,0.0,0.02,0.0,0.0,0.04,0.0,0.0,0.0
37,3,3,2,False,0.5906021607172929,0.12487823554135247,3,qUCB,0.44,0.08,0.38,0.02,0.04,0.0,0.0,0.0,0.0,0.0,0.0,0.0,0.0,0.04,0.0
37,3,3,2,False,0.5906021607172929,0.12487823554135247,4,qUCB,0.66,0.0,0.24,0.02,0.04,0.0,0.0,0.0,0.0,0.0,0.0,0.0,0.0,0.04,0.0
37,4,2,3,False,0.49897471155865375,0.01453142027543386,0,qEHVI,0.56,0.38,0.02,0.0,0.0,0.0,0.0,0.0,0.02,0.0,0.0,0.02,0.0,0.0,0.0
37,4,2,3,False,0.49897471155865375,0.01453142027543386,1,qEHVI,0.42,0.28,0.2,0.0,0.02,0.0,0.0,0.0,0.04,0.0,0.0,0.04,0.0,0.0,0.0
37,4,2,3,False,0.49897471155865375,0.01453142027543386,2,qUCB,0.4,0.08,0.42,0.04,0.0,0.0,0.0,0.0,0.0,0.0,0.0,0.0,0.0,0.04,0.02
37,4,2,3,False,0.49897471155865375,0.01453142027543386,3,qUCB,0.0,0.02,0.9,0.04,0.02,0.0,0.0,0.0,0.0,0.0,0.0,0.0,0.0,0.0,0.02
37,4,2,3,False,0.49897471155865375,0.01453142027543386,4,qUCB,0.14,0.04,0.72,0.04,0.0,0.0,0.0,0.0,0.0,0.0,0.0,0.0,0.0,0.04,0.02
37,5,1,4,False,0.37778045202260224,0.18368418271230524,0,qEHVI,0.56,0.38,0.02,0.0,0.0,0.0,0.0,0.0,0.02,0.0,0.0,0.02,0.0,0.0,0.0
37,5,1,4,False,0.37778045202260224,0.18368418271230524,1,qUCB,0.4,0.08,0.42,0.04,0.0,0.0,0.0,0.0,0.0,0.0,0.0,0.0,0.0,0.04,0.02
37,5,1,4,False,0.37778045202260224,0.18368418271230524,2,qUCB,0.0,0.02,0.9,0.04,0.02,0.0,0.0,0.0,0.0,0.0,0.0,0.0,0.0,0.0,0.02
37,5,1,4,False,0.37778045202260224,0.18368418271230524,3,qUCB,0.14,0.02,0.74,0.04,0.04,0.0,0.0,0.0,0.0,0.0,0.0,0.0,0.0,0.02,0.0
37,5,1,4,False,0.37778045202260224,0.18368418271230524,4,qUCB,0.22,0.24,0.44,0.04,0.04,0.0,0.0,0.0,0.0,0.0,0.0,0.0,0.0,0.0,0.02
37,6,0,5,False,0.4082461594905273,0.5518252789564169,0,qUCB,0.42,0.06,0.42,0.02,0.0,0.0,0.0,0.0,0.04,0.0,0.0,0.0,0.0,0.04,0.0
37,6,0,5,False,0.4082461594905273,0.5518252789564169,1,qUCB,0.7000000000000001,0.02,0.26,0.0,0.0,0.0,0.0,0.0,0.0,0.0,0.0,0.02,0.0,0.0,0.0
37,6,0,5,False,0.4082461594905273,0.5518252789564169,2,qUCB,0.4,0.52,0.0,0.0,0.0,0.0,0.0,0.0,0.04,0.0,0.0,0.04,0.0,0.0,0.0
37,6,0,5,False,0.4082461594905273,0.5518252789564169,3,qUCB,0.4,0.34,0.18,0.0,0.02,0.0,0.0,0.0,0.0,0.0,0.0,0.04,0.0,0.02,0.0
37,6,0,5,False,0.4082461594905273,0.5518252789564169,4,qUCB,0.22,0.28,0.46,0.04,0.0,0.0,0.0,0.0,0.0,0.0,0.0,0.0,0.0,0.0,0.0
38,1,5,0,False,0.5966898969361852,0.3522143628957277,0,qEHVI,0.68,0.26,0.02,0.0,0.0,0.0,0.0,0.0,0.04,0.0,0.0,0.0,0.0,0.0,0.0
38,1,5,0,False,0.5966898969361852,0.3522143628957277,1,qEHVI,0.4,0.14,0.4,0.0,0.02,0.0,0.0,0.0,0.04,0.0,0.0,0.0,0.0,0.0,0.0
38,1,5,0,False,0.5966898969361852,0.3522143628957277,2,qEHVI,0.58,0.02,0.36,0.02,0.0,0.0,0.0,0.0,0.0,0.0,0.0,0.02,0.0,0.0,0.0
38,1,5,0,False,0.5966898969361852,0.3522143628957277,3,qEHVI,0.58,0.1,0.22,0.02,0.0,0.0,0.0,0.0,0.0,0.0,0.0,0.04,0.0,0.04,0.0
38,1,5,0,False,0.5966898969361852,0.3522143628957277,4,qEHVI,0.62,0.28,0.0,0.0,0.04,0.0,0.0,0.0,0.02,0.0,0.0,0.0,0.0,0.02,0.02
38,2,4,1,True,0.4851222421822097,0.12980105565701905,0,qEHVI,0.68,0.26,0.02,0.0,0.0,0.0,0.0,0.0,0.04,0.0,0.0,0.0,0.0,0.0,0.0
38,2,4,1,True,0.4851222421822097,0.12980105565701905,1,qEHVI,0.4,0.14,0.4,0.0,0.02,0.0,0.0,0.0,0.04,0.0,0.0,0.0,0.0,0.0,0.0
38,2,4,1,True,0.4851222421822097,0.12980105565701905,2,qEHVI,0.58,0.02,0.36,0.02,0.0,0.0,0.0,0.0,0.0,0.0,0.0,0.02,0.0,0.0,0.0
38,2,4,1,True,0.4851222421822097,0.12980105565701905,3,qEHVI,0.58,0.1,0.22,0.02,0.0,0.0,0.0,0.0,0.0,0.0,0.0,0.04,0.0,0.04,0.0
38,2,4,1,True,0.4851222421822097,0.12980105565701905,4,qUCB,0.66,0.18,0.06,0.0,0.02,0.0,0.0,0.0,0.0,0.0,0.0,0.0,0.0,0.04,0.04
38,3,3,2,False,0.43567477867042154,0.07376019684400603,0,qEHVI,0.68,0.26,0.02,0.0,0.0,0.0,0.0,0.0,0.04,0.0,0.0,0.0,0.0,0.0,0.0
38,3,3,2,False,0.43567477867042154,0.07376019684400603,1,qEHVI,0.4,0.14,0.4,0.0,0.02,0.0,0.0,0.0,0.04,0.0,0.0,0.0,0.0,0.0,0.0
38,3,3,2,False,0.43567477867042154,0.07376019684400603,2,qEHVI,0.58,0.02,0.36,0.02,0.0,0.0,0.0,0.0,0.0,0.0,0.0,0.02,0.0,0.0,0.0
38,3,3,2,False,0.43567477867042154,0.07376019684400603,3,qUCB,0.66,0.18,0.06,0.0,0.02,0.0,0.0,0.0,0.0,0.0,0.0,0.0,0.0,0.04,0.04
38,3,3,2,False,0.43567477867042154,0.07376019684400603,4,qUCB,0.0,0.12,0.78,0.0,0.04,0.0,0.0,0.0,0.0,0.0,0.0,0.0,0.0,0.02,0.04
38,4,2,3,False,0.31476736687307816,0.03155809039944257,0,qEHVI,0.68,0.26,0.02,0.0,0.0,0.0,0.0,0.0,0.04,0.0,0.0,0.0,0.0,0.0,0.0
38,4,2,3,False,0.31476736687307816,0.03155809039944257,1,qEHVI,0.4,0.14,0.4,0.0,0.02,0.0,0.0,0.0,0.04,0.0,0.0,0.0,0.0,0.0,0.0
38,4,2,3,False,0.31476736687307816,0.03155809039944257,2,qUCB,0.36,0.1,0.44,0.04,0.0,0.0,0.0,0.0,0.0,0.0,0.0,0.04,0.0,0.02,0.0
38,4,2,3,False,0.31476736687307816,0.03155809039944257,3,qUCB,0.44,0.42,0.04,0.04,0.0,0.0,0.0,0.0,0.0,0.0,0.0,0.04,0.0,0.02,0.0
38,4,2,3,False,0.31476736687307816,0.03155809039944257,4,qUCB,0.0,0.02,0.9,0.04,0.0,0.0,0.0,0.0,0.0,0.0,0.0,0.0,0.0,0.0,0.04
38,5,1,4,False,0.28715238562267265,0.018064255243821492,0,qEHVI,0.68,0.26,0.02,0.0,0.0,0.0,0.0,0.0,0.04,0.0,0.0,0.0,0.0,0.0,0.0
38,5,1,4,False,0.28715238562267265,0.018064255243821492,1,qUCB,0.36,0.1,0.44,0.04,0.0,0.0,0.0,0.0,0.0,0.0,0.0,0.04,0.0,0.02,0.0
38,5,1,4,False,0.28715238562267265,0.018064255243821492,2,qUCB,0.18,0.0,0.72,0.04,0.04,0.0,0.0,0.0,0.0,0.0,0.0,0.02,0.0,0.0,0.0
38,5,1,4,False,0.28715238562267265,0.018064255243821492,3,qUCB,0.0,0.12,0.78,0.0,0.04,0.0,0.0,0.0,0.0,0.0,0.0,0.0,0.0,0.02,0.04
38,5,1,4,False,0.28715238562267265,0.018064255243821492,4,qUCB,0.0,0.02,0.9,0.04,0.0,0.0,0.0,0.0,0.0,0.0,0.0,0.0,0.0,0.0,0.04
38,6,0,5,False,0.13268803228002263,0.10082055197595263,0,qUCB,0.66,0.18,0.06,0.0,0.04,0.0,0.0,0.0,0.0,0.0,0.0,0.02,0.0,0.0,0.04
38,6,0,5,False,0.13268803228002263,0.10082055197595263,1,qUCB,0.26,0.02,0.72,0.0,0.0,0.0,0.0,0.0,0.0,0.0,0.0,0.0,0.0,0.0,0.0
38,6,0,5,False,0.13268803228002263,0.10082055197595263,2,qUCB,0.0,0.12,0.78,0.0,0.04,0.0,0.0,0.0,0.0,0.0,0.0,0.0,0.0,0.02,0.04
38,6,0,5,False,0.13268803228002263,0.10082055197595263,3,qUCB,0.36,0.54,0.0,0.0,0.04,0.0,0.0,0.0,0.02,0.0,0.0,0.04,0.0,0.0,0.0
38,6,0,5,False,0.13268803228002263,0.10082055197595263,4,qUCB,0.72,0.0,0.24,0.04,0.0,0.0,0.0,0.0,0.0,0.0,0.0,0.0,0.0,0.0,0.0
39,1,5,0,False,0.8440404841708627,0.15876460717946017,0,qEHVI,0.48,0.12,0.3,0.0,0.02,0.0,0.0,0.0,0.0,0.0,0.0,0.04,0.0,0.04,0.0
39,1,5,0,False,0.8440404841708627,0.15876460717946017,1,qEHVI,0.46,0.48,0.0,0.0,0.0,0.0,0.0,0.0,0.0,0.0,0.0,0.04,0.0,0.02,0.0
39,1,5,0,False,0.8440404841708627,0.15876460717946017,2,qEHVI,0.62,0.32,0.0,0.0,0.02,0.0,0.0,0.0,0.0,0.0,0.0,0.0,0.0,0.02,0.02
39,1,5,0,False,0.8440404841708627,0.15876460717946017,3,qEHVI,0.42,0.04,0.44,0.0,0.04,0.0,0.0,0.0,0.04,0.0,0.0,0.0,0.0,0.02,0.0
39,1,5,0,False,0.8440404841708627,0.15876460717946017,4,qEHVI,0.46,0.14,0.3,0.04,0.04,0.0,0.0,0.0,0.0,0.0,0.0,0.02,0.0,0.0,0.0
39,2,4,1,False,0.7491389254915134,0.16896904548878622,0,qEHVI,0.48,0.12,0.3,0.0,0.02,0.0,0.0,0.0,0.0,0.0,0.0,0.04,0.0,0.04,0.0
39,2,4,1,False,0.7491389254915134,0.16896904548878622,1,qEHVI,0.46,0.48,0.0,0.0,0.0,0.0,0.0,0.0,0.0,0.0,0.0,0.04,0.0,0.02,0.0
39,2,4,1,False,0.7491389254915134,0.16896904548878622,2,qEHVI,0.62,0.32,0.0,0.0,0.02,0.0,0.0,0.0,0.0,0.0,0.0,0.0,0.0,0.02,0.02
39,2,4,1,False,0.7491389254915134,0.16896904548878622,3,qEHVI,0.42,0.04,0.44,0.0,0.04,0.0,0.0,0.0,0.04,0.0,0.0,0.0,0.0,0.02,0.0
39,2,4,1,False,0.7491389254915134,0.16896904548878622,4,qUCB,0.72,0.0,0.18,0.04,0.0,0.0,0.0,0.0,0.04,0.0,0.0,0.0,0.0,0.0,0.02
39,3,3,2,True,0.688951849562745,0.26964956782244864,0,qEHVI,0.48,0.12,0.3,0.0,0.02,0.0,0.0,0.0,0.0,0.0,0.0,0.04,0.0,0.04,0.0
39,3,3,2,True,0.688951849562745,0.26964956782244864,1,qEHVI,0.46,0.48,0.0,0.0,0.0,0.0,0.0,0.0,0.0,0.0,0.0,0.04,0.0,0.02,0.0
39,3,3,2,True,0.688951849562745,0.26964956782244864,2,qEHVI,0.62,0.32,0.0,0.0,0.02,0.0,0.0,0.0,0.0,0.0,0.0,0.0,0.0,0.02,0.02
39,3,3,2,True,0.688951849562745,0.26964956782244864,3,qUCB,0.42,0.06,0.42,0.04,0.0,0.0,0.0,0.0,0.04,0.0,0.0,0.0,0.0,0.02,0.0
39,3,3,2,True,0.688951849562745,0.26964956782244864,4,qUCB,0.0,0.22,0.74,0.0,0.0,0.0,0.0,0.0,0.04,0.0,0.0,0.0,0.0,0.0,0.0
39,4,2,3,False,0.5259696453719523,0.08707832068247345,0,qEHVI,0.48,0.12,0.3,0.0,0.02,0.0,0.0,0.0,0.0,0.0,0.0,0.04,0.0,0.04,0.0
39,4,2,3,False,0.5259696453719523,0.08707832068247345,1,qEHVI,0.46,0.48,0.0,0.0,0.0,0.0,0.0,0.0,0.0,0.0,0.0,0.04,0.0,0.02,0.0
39,4,2,3,False,0.5259696453719523,0.08707832068247345,2,qUCB,0.46,0.02,0.42,0.04,0.0,0.0,0.0,0.0,0.02,0.0,0.0,0.0,0.0,0.0,0.04
39,4,2,3,False,0.5259696453719523,0.08707832068247345,3,qUCB,0.02,0.0,0.88,0.04,0.02,0.0,0.0,0.0,0.0,0.0,0.0,0.0,0.0,0.0,0.04
39,4,2,3,False,0.5259696453719523,0.08707832068247345,4,qUCB,0.0,0.16,0.74,0.04,0.04,0.0,0.0,0.0,0.02,0.0,0.0,0.0,0.0,0.0,0.0
39,5,1,4,False,0.31897569641371337,0.012531568829109219,0,qEHVI,0.48,0.12,0.3,0.0,0.02,0.0,0.0,0.0,0.0,0.0,0.0,0.04,0.0,0.04,0.0
39,5,1,4,False,0.31897569641371337,0.012531568829109219,1,qUCB,0.46,0.02,0.42,0.04,0.0,0.0,0.0,0.0,0.02,0.0,0.0,0.0,0.0,0.0,0.04
39,5,1,4,False,0.31897569641371337,0.012531568829109219,2,qUCB,0.02,0.0,0.88,0.04,0.02,0.0,0.0,0.0,0.0,0.0,0.0,0.0,0.0,0.0,0.04
39,5,1,4,False,0.31897569641371337,0.012531568829109219,3,qUCB,0.0,0.22,0.74,0.0,0.0,0.0,0.0,0.0,0.04,0.0,0.0,0.0,0.0,0.0,0.0
39,5,1,4,False,0.31897569641371337,0.012531568829109219,4,qUCB,0.04,0.12,0.76,0.04,0.0,0.0,0.0,0.0,0.0,0.0,0.0,0.0,0.0,0.0,0.04
39,6,0,5,False,0.292649232288455,0.0030586937636680744,0,qUCB,0.46,0.48,0.0,0.0,0.0,0.0,0.0,0.0,0.0,0.0,0.0,0.04,0.0,0.02,0.0
39,6,0,5,False,0.292649232288455,0.0030586937636680744,1,qUCB,0.0,0.18,0.78,0.0,0.02,0.0,0.0,0.0,0.0,0.0,0.0,0.0,0.0,0.0,0.02
39,6,0,5,False,0.292649232288455,0.0030586937636680744,2,qUCB,0.16,0.0,0.74,0.04,0.04,0.0,0.0,0.0,0.0,0.0,0.0,0.02,0.0,0.0,0.0
39,6,0,5,False,0.292649232288455,0.0030586937636680744,3,qUCB,0.0,0.18,0.74,0.04,0.0,0.0,0.0,0.0,0.0,0.0,0.0,0.0,0.0,0.04,0.0
39,6,0,5,False,0.292649232288455,0.0030586937636680744,4,qUCB,0.0,0.02,0.9,0.04,0.0,0.0,0.0,0.0,0.02,0.0,0.0,0.0,0.0,0.02,0.0
40,1,5,0,False,0.5397639896065968,0.19531941909253092,0,qEHVI,0.38,0.52,0.0,0.0,0.0,0.0,0.0,0.0,0.02,0.0,0.0,0.04,0.0,0.04,0.0
40,1,5,0,False,0.5397639896065968,0.19531941909253092,1,qEHVI,0.44,0.1,0.44,0.0,0.0,0.0,0.0,0.0,0.02,0.0,0.0,0.0,0.0,0.0,0.0
40,1,5,0,False,0.5397639896065968,0.19531941909253092,2,qEHVI,0.4,0.2,0.3,0.04,0.0,0.0,0.0,0.0,0.04,0.0,0.0,0.02,0.0,0.0,0.0
40,1,5,0,False,0.5397639896065968,0.19531941909253092,3,qEHVI,0.38,0.14,0.4,0.0,0.0,0.0,0.0,0.0,0.04,0.0,0.0,0.0,0.0,0.04,0.0
40,1,5,0,False,0.5397639896065968,0.19531941909253092,4,qEHVI,0.62,0.34,0.0,0.0,0.02,0.0,0.0,0.0,0.0,0.0,0.0,0.0,0.0,0.0,0.02
40,2,4,1,True,0.49325642853364826,0.1054646624858826,0,qEHVI,0.38,0.52,0.0,0.0,0.0,0.0,0.0,0.0,0.02,0.0,0.0,0.04,0.0,0.04,0.0
40,2,4,1,True,0.49325642853364826,0.1054646624858826,1,qEHVI,0.44,0.1,0.44,0.0,0.0,0.0,0.0,0.0,0.02,0.0,0.0,0.0,0.0,0.0,0.0
40,2,4,1,True,0.49325642853364826,0.1054646624858826,2,qEHVI,0.4,0.2,0.3,0.04,0.0,0.0,0.0,0.0,0.04,0.0,0.0,0.02,0.0,0.0,0.0
40,2,4,1,True,0.49325642853364826,0.1054646624858826,3,qEHVI,0.38,0.14,0.4,0.0,0.0,0.0,0.0,0.0,0.04,0.0,0.0,0.0,0.0,0.04,0.0
40,2,4,1,True,0.49325642853364826,0.1054646624858826,4,qUCB,0.72,0.16,0.04,0.0,0.0,0.0,0.0,0.0,0.0,0.0,0.0,0.04,0.0,0.0,0.04
40,3,3,2,False,0.4225996724736893,0.030077218043590648,0,qEHVI,0.38,0.52,0.0,0.0,0.0,0.0,0.0,0.0,0.02,0.0,0.0,0.04,0.0,0.04,0.0
40,3,3,2,False,0.4225996724736893,0.030077218043590648,1,qEHVI,0.44,0.1,0.44,0.0,0.0,0.0,0.0,0.0,0.02,0.0,0.0,0.0,0.0,0.0,0.0
40,3,3,2,False,0.4225996724736893,0.030077218043590648,2,qEHVI,0.4,0.2,0.3,0.04,0.0,0.0,0.0,0.0,0.04,0.0,0.0,0.02,0.0,0.0,0.0
40,3,3,2,False,0.4225996724736893,0.030077218043590648,3,qUCB,0.72,0.16,0.04,0.0,0.0,0.0,0.0,0.0,0.0,0.0,0.0,0.04,0.0,0.0,0.04
40,3,3,2,False,0.4225996724736893,0.030077218043590648,4,qUCB,0.34,0.58,0.0,0.0,0.04,0.0,0.0,0.0,0.0,0.0,0.0,0.04,0.0,0.0,0.0
40,4,2,3,False,0.34854098597568595,0.3383782810128828,0,qEHVI,0.38,0.52,0.0,0.0,0.0,0.0,0.0,0.0,0.02,0.0,0.0,0.04,0.0,0.04,0.0
40,4,2,3,False,0.34854098597568595,0.3383782810128828,1,qEHVI,0.44,0.1,0.44,0.0,0.0,0.0,0.0,0.0,0.02,0.0,0.0,0.0,0.0,0.0,0.0
40,4,2,3,False,0.34854098597568595,0.3383782810128828,2,qUCB,0.72,0.16,0.04,0.0,0.0,0.0,0.0,0.0,0.0,0.0,0.0,0.04,0.0,0.0,0.04
40,4,2,3,False,0.34854098597568595,0.3383782810128828,3,qUCB,0.34,0.58,0.0,0.0,0.04,0.0,0.0,0.0,0.0,0.0,0.0,0.04,0.0,0.0,0.0
40,4,2,3,False,0.34854098597568595,0.3383782810128828,4,qUCB,0.58,0.26,0.06,0.04,0.04,0.0,0.0,0.0,0.0,0.0,0.0,0.02,0.0,0.0,0.0
40,5,1,4,False,0.2824268443008685,0.1044187065646538,0,qEHVI,0.38,0.52,0.0,0.0,0.0,0.0,0.0,0.0,0.02,0.0,0.0,0.04,0.0,0.04,0.0
40,5,1,4,False,0.2824268443008685,0.1044187065646538,1,qUCB,0.42,0.12,0.36,0.04,0.02,0.0,0.0,0.0,0.0,0.0,0.0,0.0,0.0,0.0,0.04
40,5,1,4,False,0.2824268443008685,0.1044187065646538,2,qUCB,0.44,0.02,0.44,0.04,0.04,0.0,0.0,0.0,0.0,0.0,0.0,0.0,0.0,0.0,0.02
40,5,1,4,False,0.2824268443008685,0.1044187065646538,3,qUCB,0.48,0.02,0.42,0.0,0.04,0.0,0.0,0.0,0.0,0.0,0.0,0.0,0.0,0.0,0.04
40,5,1,4,False,0.2824268443008685,0.1044187065646538,4,qUCB,0.24,0.22,0.44,0.04,0.0,0.0,0.0,0.0,0.02,0.0,0.0,0.0,0.0,0.0,0.04
40,6,0,5,False,0.24288399833078494,0.3138364623367471,0,qUCB,0.44,0.5,0.0,0.0,0.02,0.0,0.0,0.0,0.0,0.0,0.0,0.04,0.0,0.0,0.0
40,6,0,5,False,0.24288399833078494,0.3138364623367471,1,qUCB,0.38,0.52,0.0,0.0,0.0,0.0,0.0,0.0,0.02,0.0,0.0,0.04,0.0,0.04,0.0
40,6,0,5,False,0.24288399833078494,0.3138364623367471,2,qUCB,0.76,0.0,0.18,0.04,0.0,0.0,0.0,0.0,0.0,0.0,0.0,0.02,0.0,0.0,0.0
40,6,0,5,False,0.24288399833078494,0.3138364623367471,3,qUCB,0.4,0.48,0.04,0.04,0.0,0.0,0.0,0.0,0.0,0.0,0.0,0.04,0.0,0.0,0.0
40,6,0,5,False,0.24288399833078494,0.3138364623367471,4,qUCB,0.24,0.24,0.44,0.04,0.0,0.0,0.0,0.0,0.04,0.0,0.0,0.0,0.0,0.0,0.0
41,1,5,0,False,0.45523452346513754,0.22965306130994456,0,qEHVI,0.1,0.36,0.46,0.04,0.04,0.0,0.0,0.0,0.0,0.0,0.0,0.0,0.0,0.0,0.0
41,1,5,0,False,0.45523452346513754,0.22965306130994456,1,qEHVI,0.44,0.18,0.3,0.04,0.0,0.0,0.0,0.0,0.02,0.0,0.0,0.02,0.0,0.0,0.0
41,1,5,0,False,0.45523452346513754,0.22965306130994456,2,qEHVI,0.42,0.16,0.32,0.04,0.02,0.0,0.0,0.0,0.02,0.0,0.0,0.02,0.0,0.0,0.0
41,1,5,0,False,0.45523452346513754,0.22965306130994456,3,qEHVI,0.44,0.14,0.36,0.04,0.02,0.0,0.0,0.0,0.0,0.0,0.0,0.0,0.0,0.0,0.0
41,1,5,0,False,0.45523452346513754,0.22965306130994456,4,qEHVI,0.64,0.28,0.0,0.0,0.02,0.0,0.0,0.0,0.0,0.0,0.0,0.0,0.0,0.02,0.04
41,2,4,1,False,0.4083526901989858,0.027011582317499006,0,qEHVI,0.1,0.36,0.46,0.04,0.04,0.0,0.0,0.0,0.0,0.0,0.0,0.0,0.0,0.0,0.0
41,2,4,1,False,0.4083526901989858,0.027011582317499006,1,qEHVI,0.44,0.18,0.3,0.04,0.0,0.0,0.0,0.0,0.02,0.0,0.0,0.02,0.0,0.0,0.0
41,2,4,1,False,0.4083526901989858,0.027011582317499006,2,qEHVI,0.42,0.16,0.32,0.04,0.02,0.0,0.0,0.0,0.02,0.0,0.0,0.02,0.0,0.0,0.0
41,2,4,1,False,0.4083526901989858,0.027011582317499006,3,qEHVI,0.44,0.14,0.36,0.04,0.02,0.0,0.0,0.0,0.0,0.0,0.0,0.0,0.0,0.0,0.0
41,2,4,1,False,0.4083526901989858,0.027011582317499006,4,qUCB,0.8,0.06,0.06,0.0,0.0,0.0,0.0,0.0,0.0,0.0,0.0,0.0,0.0,0.04,0.04
41,3,3,2,True,0.34839957698335555,0.2445405687209501,0,qEHVI,0.1,0.36,0.46,0.04,0.04,0.0,0.0,0.0,0.0,0.0,0.0,0.0,0.0,0.0,0.0
41,3,3,2,True,0.34839957698335555,0.2445405687209501,1,qEHVI,0.44,0.18,0.3,0.04,0.0,0.0,0.0,0.0,0.02,0.0,0.0,0.02,0.0,0.0,0.0
41,3,3,2,True,0.34839957698335555,0.2445405687209501,2,qEHVI,0.42,0.16,0.32,0.04,0.02,0.0,0.0,0.0,0.02,0.0,0.0,0.02,0.0,0.0,0.0
41,3,3,2,True,0.34839957698335555,0.2445405687209501,3,qUCB,0.46,0.06,0.4,0.0,0.0,0.0,0.0,0.0,0.0,0.0,0.0,0.0,0.0,0.04,0.04
41,3,3,2,True,0.34839957698335555,0.2445405687209501,4,qUCB,0.8,0.06,0.06,0.0,0.0,0.0,0.0,0.0,0.0,0.0,0.0,0.0,0.0,0.04,0.04
41,4,2,3,False,0.28474070100513765,0.11138436429483978,0,qEHVI,0.1,0.36,0.46,0.04,0.04,0.0,0.0,0.0,0.0,0.0,0.0,0.0,0.0,0.0,0.0
41,4,2,3,False,0.28474070100513765,0.11138436429483978,1,qEHVI,0.44,0.18,0.3,0.04,0.0,0.0,0.0,0.0,0.02,0.0,0.0,0.02,0.0,0.0,0.0
41,4,2,3,False,0.28474070100513765,0.11138436429483978,2,qUCB,0.46,0.06,0.4,0.0,0.0,0.0,0.0,0.0,0.0,0.0,0.0,0.0,0.0,0.04,0.04
41,4,2,3,False,0.28474070100513765,0.11138436429483978,3,qUCB,0.8,0.06,0.06,0.0,0.0,0.0,0.0,0.0,0.0,0.0,0.0,0.0,0.0,0.04,0.04
41,4,2,3,False,0.28474070100513765,0.11138436429483978,4,qUCB,0.0,0.1,0.8,0.0,0.0,0.0,0.0,0.0,0.0,0.0,0.0,0.04,0.0,0.02,0.04
41,5,1,4,False,0.19842805498092886,0.18116393237768547,0,qEHVI,0.1,0.36,0.46,0.04,0.04,0.0,0.0,0.0,0.0,0.0,0.0,0.0,0.0,0.0,0.0
41,5,1,4,False,0.19842805498092886,0.18116393237768547,1,qUCB,0.64,0.18,0.08,0.0,0.0,0.0,0.0,0.0,0.04,0.0,0.0,0.02,0.0,0.0,0.04
41,5,1,4,False,0.19842805498092886,0.18116393237768547,2,qUCB,0.8,0.06,0.06,0.0,0.0,0.0,0.0,0.0,0.0,0.0,0.0,0.0,0.0,0.04,0.04
41,5,1,4,False,0.19842805498092886,0.18116393237768547,3,qUCB,0.2,0.0,0.7000000000000001,0.0,0.0,0.0,0.0,0.0,0.04,0.0,0.0,0.02,0.0,0.0,0.04
41,5,1,4,False,0.19842805498092886,0.18116393237768547,4,qUCB,0.0,0.1,0.8,0.0,0.0,0.0,0.0,0.0,0.0,0.0,0.0,0.04,0.0,0.02,0.04
41,6,0,5,False,0.14823140007851554,0.04031645992555699,0,qUCB,0.74,0.12,0.04,0.0,0.02,0.0,0.0,0.0,0.0,0.0,0.0,0.04,0.0,0.0,0.04
41,6,0,5,False,0.14823140007851554,0.04031645992555699,1,qUCB,0.32,0.36,0.24,0.04,0.0,0.0,0.0,0.0,0.0,0.0,0.0,0.0,0.0,0.04,0.0
41,6,0,5,False,0.14823140007851554,0.04031645992555699,2,qUCB,0.2,0.26,0.46,0.04,0.02,0.0,0.0,0.0,0.0,0.0,0.0,0.02,0.0,0.0,0.0
41,6,0,5,False,0.14823140007851554,0.04031645992555699,3,qUCB,0.28,0.46,0.18,0.04,0.0,0.0,0.0,0.0,0.0,0.0,0.0,0.0,0.0,0.0,0.04
41,6,0,5,False,0.14823140007851554,0.04031645992555699,4,qUCB,0.5,0.34,0.06,0.04,0.0,0.0,0.0,0.0,0.0,0.0,0.0,0.02,0.0,0.04,0.0
42,1,5,0,False,0.6252823081897916,0.06238428207529356,0,qEHVI,0.36,0.18,0.38,0.04,0.0,0.0,0.0,0.0,0.0,0.0,0.0,0.0,0.0,0.04,0.0
42,1,5,0,False,0.6252823081897916,0.06238428207529356,1,qEHVI,0.0,0.36,0.54,0.02,0.04,0.0,0.0,0.0,0.04,0.0,0.0,0.0,0.0,0.0,0.0
42,1,5,0,False,0.6252823081897916,0.06238428207529356,2,qEHVI,0.64,0.0,0.34,0.0,0.02,0.0,0.0,0.0,0.0,0.0,0.0,0.0,0.0,0.0,0.0
42,1,5,0,False,0.6252823081897916,0.06238428207529356,3,qEHVI,0.38,0.2,0.4,0.0,0.0,0.0,0.0,0.0,0.02,0.0,0.0,0.0,0.0,0.0,0.0
42,1,5,0,False,0.6252823081897916,0.06238428207529356,4,qEHVI,0.54,0.32,0.06,0.04,0.02,0.0,0.0,0.0,0.02,0.0,0.0,0.0,0.0,0.0,0.0
42,2,4,1,False,0.5501418658736819,0.056521873775496445,0,qEHVI,0.36,0.18,0.38,0.04,0.0,0.0,0.0,0.0,0.0,0.0,0.0,0.0,0.0,0.04,0.0
42,2,4,1,False,0.5501418658736819,0.056521873775496445,1,qEHVI,0.0,0.36,0.54,0.02,0.04,0.0,0.0,0.0,0.04,0.0,0.0,0.0,0.0,0.0,0.0
42,2,4,1,False,0.5501418658736819,0.056521873775496445,2,qEHVI,0.64,0.0,0.34,0.0,0.02,0.0,0.0,0.0,0.0,0.0,0.0,0.0,0.0,0.0,0.0
42,2,4,1,False,0.5501418658736819,0.056521873775496445,3,qEHVI,0.38,0.2,0.4,0.0,0.0,0.0,0.0,0.0,0.02,0.0,0.0,0.0,0.0,0.0,0.0
42,2,4,1,False,0.5501418658736819,0.056521873775496445,4,qUCB,0.68,0.18,0.04,0.0,0.0,0.0,0.0,0.0,0.0,0.0,0.0,0.02,0.0,0.04,0.04
42,3,3,2,False,0.49868039509023204,0.02887467230567431,0,qEHVI,0.36,0.18,0.38,0.04,0.0,0.0,0.0,0.0,0.0,0.0,0.0,0.0,0.0,0.04,0.0
42,3,3,2,False,0.49868039509023204,0.02887467230567431,1,qEHVI,0.0,0.36,0.54,0.02,0.04,0.0,0.0,0.0,0.04,0.0,0.0,0.0,0.0,0.0,0.0
42,3,3,2,False,0.49868039509023204,0.02887467230567431,2,qEHVI,0.64,0.0,0.34,0.0,0.02,0.0,0.0,0.0,0.0,0.0,0.0,0.0,0.0,0.0,0.0
42,3,3,2,False,0.49868039509023204,0.02887467230567431,3,qUCB,0.52,0.32,0.06,0.0,0.0,0.0,0.0,0.0,0.04,0.0,0.0,0.04,0.0,0.02,0.0
42,3,3,2,False,0.49868039509023204,0.02887467230567431,4,qUCB,0.3,0.36,0.24,0.04,0.02,0.0,0.0,0.0,0.0,0.0,0.0,0.0,0.0,0.0,0.04
42,4,2,3,True,0.3400347381693403,0.06536669825719643,0,qEHVI,0.36,0.18,0.38,0.04,0.0,0.0,0.0,0.0,0.0,0.0,0.0,0.0,0.0,0.04,0.0
42,4,2,3,True,0.3400347381693403,0.06536669825719643,1,qEHVI,0.0,0.36,0.54,0.02,0.04,0.0,0.0,0.0,0.04,0.0,0.0,0.0,0.0,0.0,0.0
42,4,2,3,True,0.3400347381693403,0.06536669825719643,2,qUCB,0.64,0.18,0.08,0.0,0.0,0.0,0.0,0.0,0.02,0.0,0.0,0.04,0.0,0.0,0.04
42,4,2,3,True,0.3400347381693403,0.06536669825719643,3,qUCB,0.14,0.12,0.64,0.0,0.02,0.0,0.0,0.0,0.0,0.0,0.0,0.04,0.0,0.0,0.04
42,4,2,3,True,0.3400347381693403,0.06536669825719643,4,qUCB,0.36,0.4,0.16,0.0,0.0,0.0,0.0,0.0,0.0,0.0,0.0,0.04,0.0,0.0,0.04
42,5,1,4,False,0.3233097221366159,0.06172554989026713,0,qEHVI,0.36,0.18,0.38,0.04,0.0,0.0,0.0,0.0,0.0,0.0,0.0,0.0,0.0,0.04,0.0
42,5,1,4,False,0.3233097221366159,0.06172554989026713,1,qUCB,0.4,0.08,0.42,0.0,0.04,0.0,0.0,0.0,0.04,0.0,0.0,0.02,0.0,0.0,0.0
42,5,1,4,False,0.3233097221366159,0.06172554989026713,2,qUCB,0.64,0.02,0.24,0.0,0.04,0.0,0.0,0.0,0.04,0.0,0.0,0.02,0.0,0.0,0.0
42,5,1,4,False,0.3233097221366159,0.06172554989026713,3,qUCB,0.18,0.02,0.7000000000000001,0.0,0.04,0.0,0.0,0.0,0.02,0.0,0.0,0.04,0.0,0.0,0.0
42,5,1,4,False,0.3233097221366159,0.06172554989026713,4,qUCB,0.14,0.12,0.64,0.0,0.02,0.0,0.0,0.0,0.0,0.0,0.0,0.04,0.0,0.0,0.04
42,6,0,5,False,0.2595018476377611,0.3661048934141835,0,qUCB,0.54,0.32,0.06,0.04,0.02,0.0,0.0,0.0,0.02,0.0,0.0,0.0,0.0,0.0,0.0
42,6,0,5,False,0.2595018476377611,0.3661048934141835,1,qUCB,0.28,0.42,0.24,0.04,0.0,0.0,0.0,0.0,0.0,0.0,0.0,0.0,0.0,0.02,0.0
42,6,0,5,False,0.2595018476377611,0.3661048934141835,2,qUCB,0.72,0.02,0.24,0.0,0.0,0.0,0.0,0.0,0.0,0.0,0.0,0.02,0.0,0.0,0.0
42,6,0,5,False,0.2595018476377611,0.3661048934141835,3,qUCB,0.26,0.0,0.72,0.02,0.0,0.0,0.0,0.0,0.0,0.0,0.0,0.0,0.0,0.0,0.0
42,6,0,5,False,0.2595018476377611,0.3661048934141835,4,qUCB,0.02,0.0,0.92,0.04,0.0,0.0,0.0,0.0,0.0,0.0,0.0,0.0,0.0,0.0,0.02
43,1,5,0,False,0.46522760987900247,0.27012173113487137,0,qEHVI,0.38,0.14,0.4,0.02,0.0,0.0,0.0,0.0,0.02,0.0,0.0,0.0,0.0,0.04,0.0
43,1,5,0,False,0.46522760987900247,0.27012173113487137,1,qEHVI,0.6,0.3,0.0,0.0,0.04,0.0,0.0,0.0,0.0,0.0,0.0,0.0,0.0,0.02,0.04
43,1,5,0,False,0.46522760987900247,0.27012173113487137,2,qEHVI,0.72,0.12,0.06,0.0,0.02,0.0,0.0,0.0,0.02,0.0,0.0,0.02,0.0,0.0,0.04
43,1,5,0,False,0.46522760987900247,0.27012173113487137,3,qEHVI,0.5,0.38,0.06,0.04,0.02,0.0,0.0,0.0,0.0,0.0,0.0,0.0,0.0,0.0,0.0
43,1,5,0,False,0.46522760987900247,0.27012173113487137,4,qEHVI,0.42,0.04,0.44,0.02,0.0,0.0,0.0,0.0,0.04,0.0,0.0,0.0,0.0,0.0,0.04
43,2,4,1,False,0.4905616281164529,0.1253326209337029,0,qEHVI,0.38,0.14,0.4,0.02,0.0,0.0,0.0,0.0,0.02,0.0,0.0,0.0,0.0,0.04,0.0
43,2,4,1,False,0.4905616281164529,0.1253326209337029,1,qEHVI,0.6,0.3,0.0,0.0,0.04,0.0,0.0,0.0,0.0,0.0,0.0,0.0,0.0,0.02,0.04
43,2,4,1,False,0.4905616281164529,0.1253326209337029,2,qEHVI,0.72,0.12,0.06,0.0,0.02,0.0,0.0,0.0,0.02,0.0,0.0,0.02,0.0,0.0,0.04
43,2,4,1,False,0.4905616281164529,0.1253326209337029,3,qEHVI,0.58,0.3,0.06,0.04,0.0,0.0,0.0,0.0,0.0,0.0,0.0,0.0,0.0,0.02,0.0
43,2,4,1,False,0.4905616281164529,0.1253326209337029,4,qUCB,0.42,0.06,0.42,0.0,0.04,0.0,0.0,0.0,0.0,0.0,0.0,0.04,0.0,0.02,0.0
43,3,3,2,True,0.4297969742814621,0.16460385824897195,0,qEHVI,0.38,0.14,0.4,0.02,0.0,0.0,0.0,0.0,0.02,0.0,0.0,0.0,0.0,0.04,0.0
43,3,3,2,True,0.4297969742814621,0.16460385824897195,1,qEHVI,0.6,0.3,0.0,0.0,0.04,0.0,0.0,0.0,0.0,0.0,0.0,0.0,0.0,0.02,0.04
43,3,3,2,True,0.4297969742814621,0.16460385824897195,2,qEHVI,0.72,0.12,0.06,0.0,0.02,0.0,0.0,0.0,0.02,0.0,0.0,0.02,0.0,0.0,0.04
43,3,3,2,True,0.4297969742814621,0.16460385824897195,3,qUCB,0.58,0.26,0.08,0.04,0.0,0.0,0.0,0.0,0.0,0.0,0.0,0.04,0.0,0.0,0.0
43,3,3,2,True,0.4297969742814621,0.16460385824897195,4,qUCB,0.0,0.0,0.9,0.04,0.04,0.0,0.0,0.0,0.0,0.0,0.0,0.02,0.0,0.0,0.0
43,4,2,3,False,0.34367310727825284,0.11292403019958,0,qEHVI,0.38,0.14,0.4,0.02,0.0,0.0,0.0,0.0,0.02,0.0,0.0,0.0,0.0,0.04,0.0
43,4,2,3,False,0.34367310727825284,0.11292403019958,1,qEHVI,0.6,0.3,0.0,0.0,0.04,0.0,0.0,0.0,0.0,0.0,0.0,0.0,0.0,0.02,0.04
43,4,2,3,False,0.34367310727825284,0.11292403019958,2,qUCB,0.58,0.26,0.08,0.04,0.0,0.0,0.0,0.0,0.0,0.0,0.0,0.04,0.0,0.0,0.0
43,4,2,3,False,0.34367310727825284,0.11292403019958,3,qUCB,0.22,0.0,0.7000000000000001,0.0,0.0,0.0,0.0,0.0,0.0,0.0,0.0,0.04,0.0,0.0,0.04
43,4,2,3,False,0.34367310727825284,0.11292403019958,4,qUCB,0.26,0.4,0.24,0.04,0.0,0.0,0.0,0.0,0.0,0.0,0.0,0.02,0.0,0.0,0.04
43,5,1,4,False,0.23384781977459632,0.07995719950966018,0,qEHVI,0.38,0.14,0.4,0.02,0.0,0.0,0.0,0.0,0.02,0.0,0.0,0.0,0.0,0.04,0.0
43,5,1,4,False,0.23384781977459632,0.07995719950966018,1,qUCB,0.74,0.08,0.08,0.0,0.04,0.0,0.0,0.0,0.0,0.0,0.0,0.02,0.0,0.0,0.04
43,5,1,4,False,0.23384781977459632,0.07995719950966018,2,qUCB,0.22,0.0,0.7000000000000001,0.0,0.0,0.0,0.0,0.0,0.0,0.0,0.0,0.04,0.0,0.0,0.04
43,5,1,4,False,0.23384781977459632,0.07995719950966018,3,qUCB,0.24,0.44,0.22,0.04,0.02,0.0,0.0,0.0,0.0,0.0,0.0,0.0,0.0,0.0,0.04
43,5,1,4,False,0.23384781977459632,0.07995719950966018,4,qUCB,0.0,0.1,0.8,0.0,0.04,0.0,0.0,0.0,0.0,0.0,0.0,0.0,0.0,0.02,0.04
43,6,0,5,False,0.24447006453693487,0.24769096541468372,0,qUCB,0.5,0.38,0.06,0.04,0.02,0.0,0.0,0.0,0.0,0.0,0.0,0.0,0.0,0.0,0.0
43,6,0,5,False,0.24447006453693487,0.24769096541468372,1,qUCB,0.26,0.0,0.72,0.0,0.0,0.0,0.0,0.0,0.0,0.0,0.0,0.0,0.0,0.02,0.0
43,6,0,5,False,0.24447006453693487,0.24769096541468372,2,qUCB,0.3,0.4,0.22,0.04,0.0,0.0,0.0,0.0,0.02,0.0,0.0,0.0,0.0,0.0,0.02
43,6,0,5,False,0.24447006453693487,0.24769096541468372,3,qUCB,0.0,0.1,0.8,0.0,0.04,0.0,0.0,0.0,0.0,0.0,0.0,0.0,0.0,0.02,0.04
43,6,0,5,False,0.24447006453693487,0.24769096541468372,4,qUCB,0.16,0.06,0.72,0.04,0.0,0.0,0.0,0.0,0.0,0.0,0.0,0.02,0.0,0.0,0.0
44,1,5,0,False,0.5646309703130437,0.012293015236881644,0,qEHVI,0.62,0.0,0.38,0.0,0.0,0.0,0.0,0.0,0.0,0.0,0.0,0.0,0.0,0.0,0.0
44,1,5,0,False,0.5646309703130437,0.012293015236881644,1,qEHVI,0.36,0.2,0.38,0.04,0.0,0.0,0.0,0.0,0.0,0.0,0.0,0.0,0.0,0.02,0.0
44,1,5,0,False,0.5646309703130437,0.012293015236881644,2,qEHVI,0.44,0.12,0.34,0.04,0.02,0.0,0.0,0.0,0.02,0.0,0.0,0.02,0.0,0.0,0.0
44,1,5,0,False,0.5646309703130437,0.012293015236881644,3,qEHVI,0.38,0.14,0.42,0.0,0.0,0.0,0.0,0.0,0.0,0.0,0.0,0.02,0.0,0.04,0.0
44,1,5,0,False,0.5646309703130437,0.012293015236881644,4,qEHVI,0.42,0.18,0.3,0.04,0.02,0.0,0.0,0.0,0.02,0.0,0.0,0.02,0.0,0.0,0.0
44,2,4,1,False,0.4844349664671295,0.03492312409337117,0,qEHVI,0.62,0.0,0.38,0.0,0.0,0.0,0.0,0.0,0.0,0.0,0.0,0.0,0.0,0.0,0.0
44,2,4,1,False,0.4844349664671295,0.03492312409337117,1,qEHVI,0.36,0.2,0.38,0.04,0.0,0.0,0.0,0.0,0.0,0.0,0.0,0.0,0.0,0.02,0.0
44,2,4,1,False,0.4844349664671295,0.03492312409337117,2,qEHVI,0.44,0.12,0.34,0.04,0.02,0.0,0.0,0.0,0.02,0.0,0.0,0.02,0.0,0.0,0.0
44,2,4,1,False,0.4844349664671295,0.03492312409337117,3,qEHVI,0.42,0.18,0.3,0.04,0.02,0.0,0.0,0.0,0.02,0.0,0.0,0.02,0.0,0.0,0.0
44,2,4,1,False,0.4844349664671295,0.03492312409337117,4,qUCB,0.42,0.48,0.0,0.0,0.0,0.0,0.0,0.0,0.02,0.0,0.0,0.04,0.0,0.04,0.0
44,3,3,2,True,0.43297308920545524,0.09339624335791896,0,qEHVI,0.62,0.0,0.38,0.0,0.0,0.0,0.0,0.0,0.0,0.0,0.0,0.0,0.0,0.0,0.0
44,3,3,2,True,0.43297308920545524,0.09339624335791896,1,qEHVI,0.36,0.2,0.38,0.04,0.0,0.0,0.0,0.0,0.0,0.0,0.0,0.0,0.0,0.02,0.0
44,3,3,2,True,0.43297308920545524,0.09339624335791896,2,qEHVI,0.44,0.12,0.34,0.04,0.02,0.0,0.0,0.0,0.02,0.0,0.0,0.02,0.0,0.0,0.0
44,3,3,2,True,0.43297308920545524,0.09339624335791896,3,qUCB,0.42,0.48,0.0,0.0,0.0,0.0,0.0,0.0,0.02,0.0,0.0,0.04,0.0,0.04,0.0
44,3,3,2,True,0.43297308920545524,0.09339624335791896,4,qUCB,0.0,0.1,0.8,0.0,0.02,0.0,0.0,0.0,0.0,0.0,0.0,0.04,0.0,0.04,0.0
44,4,2,3,False,0.37801915783253814,0.005485073352992309,0,qEHVI,0.62,0.0,0.38,0.0,0.0,0.0,0.0,0.0,0.0,0.0,0.0,0.0,0.0,0.0,0.0
44,4,2,3,False,0.37801915783253814,0.005485073352992309,1,qEHVI,0.36,0.2,0.38,0.04,0.0,0.0,0.0,0.0,0.0,0.0,0.0,0.0,0.0,0.02,0.0
44,4,2,3,False,0.37801915783253814,0.005485073352992309,2,qUCB,0.46,0.44,0.0,0.02,0.04,0.0,0.0,0.0,0.0,0.0,0.0,0.04,0.0,0.0,0.0
44,4,2,3,False,0.37801915783253814,0.005485073352992309,3,qUCB,0.0,0.1,0.8,0.0,0.02,0.0,0.0,0.0,0.0,0.0,0.0,0.04,0.0,0.04,0.0
44,4,2,3,False,0.37801915783253814,0.005485073352992309,4,qUCB,0.18,0.0,0.72,0.0,0.0,0.0,0.0,0.0,0.04,0.0,0.0,0.0,0.0,0.02,0.04
44,5,1,4,False,0.3772617798197882,0.16261171920231376,0,qEHVI,0.62,0.0,0.38,0.0,0.0,0.0,0.0,0.0,0.0,0.0,0.0,0.0,0.0,0.0,0.0
44,5,1,4,False,0.3772617798197882,0.16261171920231376,1,qUCB,0.46,0.44,0.0,0.02,0.04,0.0,0.0,0.0,0.0,0.0,0.0,0.04,0.0,0.0,0.0
44,5,1,4,False,0.3772617798197882,0.16261171920231376,2,qUCB,0.28,0.42,0.2,0.04,0.02,0.0,0.0,0.0,0.0,0.0,0.0,0.0,0.0,0.0,0.04
44,5,1,4,False,0.3772617798197882,0.16261171920231376,3,qUCB,0.0,0.84,0.08,0.04,0.0,0.0,0.0,0.0,0.0,0.0,0.0,0.0,0.0,0.0,0.04
44,5,1,4,False,0.3772617798197882,0.16261171920231376,4,qUCB,0.0,0.14,0.76,0.04,0.0,0.0,0.0,0.0,0.02,0.0,0.0,0.0,0.0,0.04,0.0
44,6,0,5,False,0.18981915469248722,0.04195336412187167,0,qUCB,0.28,0.4,0.24,0.04,0.0,0.0,0.0,0.0,0.02,0.0,0.0,0.02,0.0,0.0,0.0
44,6,0,5,False,0.18981915469248722,0.04195336412187167,1,qUCB,0.76,0.0,0.24,0.0,0.0,0.0,0.0,0.0,0.0,0.0,0.0,0.0,0.0,0.0,0.0
44,6,0,5,False,0.18981915469248722,0.04195336412187167,2,qUCB,0.24,0.0,0.72,0.02,0.0,0.0,0.0,0.0,0.0,0.0,0.0,0.02,0.0,0.0,0.0
44,6,0,5,False,0.18981915469248722,0.04195336412187167,3,qUCB,0.28,0.42,0.2,0.04,0.02,0.0,0.0,0.0,0.0,0.0,0.0,0.0,0.0,0.0,0.04
44,6,0,5,False,0.18981915469248722,0.04195336412187167,4,qUCB,0.0,0.12,0.78,0.0,0.0,0.0,0.0,0.0,0.02,0.0,0.0,0.02,0.0,0.02,0.04
45,1,5,0,False,0.8840990232744547,0.08897025245101808,0,qEHVI,0.46,0.52,0.0,0.0,0.02,0.0,0.0,0.0,0.0,0.0,0.0,0.0,0.0,0.0,0.0
45,1,5,0,False,0.8840990232744547,0.08897025245101808,1,qEHVI,0.0,0.4,0.58,0.0,0.0,0.0,0.0,0.0,0.0,0.0,0.0,0.0,0.0,0.02,0.0
45,1,5,0,False,0.8840990232744547,0.08897025245101808,2,qEHVI,0.42,0.22,0.34,0.0,0.0,0.0,0.0,0.0,0.02,0.0,0.0,0.0,0.0,0.0,0.0
45,1,5,0,False,0.8840990232744547,0.08897025245101808,3,qEHVI,0.46,0.12,0.42,0.0,0.0,0.0,0.0,0.0,0.0,0.0,0.0,0.0,0.0,0.0,0.0
45,1,5,0,False,0.8840990232744547,0.08897025245101808,4,qEHVI,0.7000000000000001,0.26,0.04,0.0,0.0,0.0,0.0,0.0,0.0,0.0,0.0,0.0,0.0,0.0,0.0
45,2,4,1,True,0.7486742987500092,0.11311198041471915,0,qEHVI,0.46,0.52,0.0,0.0,0.02,0.0,0.0,0.0,0.0,0.0,0.0,0.0,0.0,0.0,0.0
45,2,4,1,True,0.7486742987500092,0.11311198041471915,1,qEHVI,0.0,0.4,0.58,0.0,0.0,0.0,0.0,0.0,0.0,0.0,0.0,0.0,0.0,0.02,0.0
45,2,4,1,True,0.7486742987500092,0.11311198041471915,2,qEHVI,0.42,0.22,0.34,0.0,0.0,0.0,0.0,0.0,0.02,0.0,0.0,0.0,0.0,0.0,0.0
45,2,4,1,True,0.7486742987500092,0.11311198041471915,3,qEHVI,0.46,0.12,0.42,0.0,0.0,0.0,0.0,0.0,0.0,0.0,0.0,0.0,0.0,0.0,0.0
45,2,4,1,True,0.7486742987500092,0.11311198041471915,4,qUCB,0.76,0.1,0.04,0.0,0.0,0.0,0.0,0.0,0.0,0.0,0.0,0.04,0.0,0.04,0.02
45,3,3,2,False,0.6332566326374695,0.027746839408936852,0,qEHVI,0.46,0.52,0.0,0.0,0.02,0.0,0.0,0.0,0.0,0.0,0.0,0.0,0.0,0.0,0.0
45,3,3,2,False,0.6332566326374695,0.027746839408936852,1,qEHVI,0.0,0.4,0.58,0.0,0.0,0.0,0.0,0.0,0.0,0.0,0.0,0.0,0.0,0.02,0.0
45,3,3,2,False,0.6332566326374695,0.027746839408936852,2,qEHVI,0.42,0.22,0.34,0.0,0.0,0.0,0.0,0.0,0.02,0.0,0.0,0.0,0.0,0.0,0.0
45,3,3,2,False,0.6332566326374695,0.027746839408936852,3,qUCB,0.76,0.1,0.04,0.0,0.0,0.0,0.0,0.0,0.0,0.0,0.0,0.04,0.0,0.04,0.02
45,3,3,2,False,0.6332566326374695,0.027746839408936852,4,qUCB,0.26,0.4,0.24,0.04,0.0,0.0,0.0,0.0,0.0,0.0,0.0,0.04,0.0,0.02,0.0
45,4,2,3,False,0.5110426016377212,0.33753383691143135,0,qEHVI,0.46,0.52,0.0,0.0,0.02,0.0,0.0,0.0,0.0,0.0,0.0,0.0,0.0,0.0,0.0
45,4,2,3,False,0.5110426016377212,0.33753383691143135,1,qEHVI,0.42,0.22,0.34,0.0,0.0,0.0,0.0,0.0,0.02,0.0,0.0,0.0,0.0,0.0,0.0
45,4,2,3,False,0.5110426016377212,0.33753383691143135,2,qUCB,0.26,0.4,0.24,0.04,0.0,0.0,0.0,0.0,0.0,0.0,0.0,0.04,0.0,0.02,0.0
45,4,2,3,False,0.5110426016377212,0.33753383691143135,3,qUCB,0.16,0.02,0.72,0.04,0.02,0.0,0.0,0.0,0.0,0.0,0.0,0.0,0.0,0.0,0.04
45,4,2,3,False,0.5110426016377212,0.33753383691143135,4,qUCB,0.3,0.4,0.2,0.04,0.0,0.0,0.0,0.0,0.0,0.0,0.0,0.0,0.0,0.04,0.02
45,5,1,4,False,0.37549073101859676,0.10115594130978778,0,qEHVI,0.46,0.52,0.0,0.0,0.02,0.0,0.0,0.0,0.0,0.0,0.0,0.0,0.0,0.0,0.0
45,5,1,4,False,0.37549073101859676,0.10115594130978778,1,qUCB,0.72,0.0,0.18,0.04,0.0,0.0,0.0,0.0,0.04,0.0,0.0,0.02,0.0,0.0,0.0
45,5,1,4,False,0.37549073101859676,0.10115594130978778,2,qUCB,0.0,0.14,0.76,0.04,0.0,0.0,0.0,0.0,0.02,0.0,0.0,0.0,0.0,0.04,0.0
45,5,1,4,False,0.37549073101859676,0.10115594130978778,3,qUCB,0.16,0.02,0.72,0.04,0.02,0.0,0.0,0.0,0.0,0.0,0.0,0.0,0.0,0.0,0.04
45,5,1,4,False,0.37549073101859676,0.10115594130978778,4,qUCB,0.22,0.0,0.7000000000000001,0.0,0.0,0.0,0.0,0.0,0.0,0.0,0.0,0.0,0.0,0.04,0.04
45,6,0,5,False,0.5521703213684488,0.0023936871142957727,0,qUCB,0.46,0.52,0.0,0.0,0.02,0.0,0.0,0.0,0.0,0.0,0.0,0.0,0.0,0.0,0.0
45,6,0,5,False,0.5521703213684488,0.0023936871142957727,1,qUCB,0.0,0.4,0.58,0.0,0.0,0.0,0.0,0.0,0.0,0.0,0.0,0.0,0.0,0.02,0.0
45,6,0,5,False,0.5521703213684488,0.0023936871142957727,2,qUCB,0.28,0.38,0.24,0.04,0.02,0.0,0.0,0.0,0.04,0.0,0.0,0.0,0.0,0.0,0.0
45,6,0,5,False,0.5521703213684488,0.0023936871142957727,3,qUCB,0.0,0.8200000000000001,0.14,0.04,0.0,0.0,0.0,0.0,0.0,0.0,0.0,0.0,0.0,0.0,0.0
45,6,0,5,False,0.5521703213684488,0.0023936871142957727,4,qUCB,0.16,0.02,0.72,0.04,0.02,0.0,0.0,0.0,0.0,0.0,0.0,0.0,0.0,0.0,0.04
46,1,5,0,False,0.4865878762909164,0.14914989441802362,0,qEHVI,0.38,0.12,0.42,0.0,0.0,0.0,0.0,0.0,0.02,0.0,0.0,0.04,0.0,0.02,0.0
46,1,5,0,False,0.4865878762909164,0.14914989441802362,1,qEHVI,0.8,0.06,0.04,0.0,0.04,0.0,0.0,0.0,0.0,0.0,0.0,0.02,0.0,0.0,0.04
46,1,5,0,False,0.4865878762909164,0.14914989441802362,2,qEHVI,0.44,0.04,0.44,0.02,0.0,0.0,0.0,0.0,0.0,0.0,0.0,0.02,0.0,0.0,0.04
46,1,5,0,False,0.4865878762909164,0.14914989441802362,3,qEHVI,0.4,0.16,0.4,0.02,0.0,0.0,0.0,0.0,0.02,0.0,0.0,0.0,0.0,0.0,0.0
46,1,5,0,False,0.4865878762909164,0.14914989441802362,4,qEHVI,0.44,0.16,0.3,0.04,0.04,0.0,0.0,0.0,0.0,0.0,0.0,0.0,0.0,0.02,0.0
46,2,4,1,True,0.4544535140183641,0.2539763137563309,0,qEHVI,0.4,0.12,0.4,0.02,0.0,0.0,0.0,0.0,0.02,0.0,0.0,0.04,0.0,0.0,0.0
46,2,4,1,True,0.4544535140183641,0.2539763137563309,1,qEHVI,0.8,0.06,0.04,0.0,0.04,0.0,0.0,0.0,0.0,0.0,0.0,0.02,0.0,0.0,0.04
46,2,4,1,True,0.4544535140183641,0.2539763137563309,2,qEHVI,0.44,0.04,0.44,0.02,0.0,0.0,0.0,0.0,0.0,0.0,0.0,0.02,0.0,0.0,0.04
46,2,4,1,True,0.4544535140183641,0.2539763137563309,3,qEHVI,0.38,0.12,0.42,0.0,0.0,0.0,0.0,0.0,0.02,0.0,0.0,0.04,0.0,0.02,0.0
46,2,4,1,True,0.4544535140183641,0.2539763137563309,4,qUCB,0.4,0.1,0.42,0.0,0.04,0.0,0.0,0.0,0.04,0.0,0.0,0.0,0.0,0.0,0.0
46,3,3,2,False,0.3818243295045246,0.597162861412599,0,qEHVI,0.38,0.12,0.42,0.0,0.0,0.0,0.0,0.0,0.02,0.0,0.0,0.04,0.0,0.02,0.0
46,3,3,2,False,0.3818243295045246,0.597162861412599,1,qEHVI,0.8,0.06,0.04,0.0,0.04,0.0,0.0,0.0,0.0,0.0,0.0,0.02,0.0,0.0,0.04
46,3,3,2,False,0.3818243295045246,0.597162861412599,2,qEHVI,0.44,0.04,0.44,0.02,0.0,0.0,0.0,0.0,0.0,0.0,0.0,0.02,0.0,0.0,0.04
46,3,3,2,False,0.3818243295045246,0.597162861412599,3,qUCB,0.38,0.1,0.42,0.02,0.04,0.0,0.0,0.0,0.04,0.0,0.0,0.0,0.0,0.0,0.0
46,3,3,2,False,0.3818243295045246,0.597162861412599,4,qUCB,0.32,0.34,0.24,0.04,0.02,0.0,0.0,0.0,0.0,0.0,0.0,0.0,0.0,0.04,0.0
46,4,2,3,False,0.2959306107984121,0.07745287355880581,0,qEHVI,0.38,0.12,0.42,0.0,0.0,0.0,0.0,0.0,0.02,0.0,0.0,0.04,0.0,0.02,0.0
46,4,2,3,False,0.2959306107984121,0.07745287355880581,1,qEHVI,0.8,0.06,0.04,0.0,0.04,0.0,0.0,0.0,0.0,0.0,0.0,0.02,0.0,0.0,0.04
46,4,2,3,False,0.2959306107984121,0.07745287355880581,2,qUCB,0.38,0.1,0.42,0.02,0.04,0.0,0.0,0.0,0.04,0.0,0.0,0.0,0.0,0.0,0.0
46,4,2,3,False,0.2959306107984121,0.07745287355880581,3,qUCB,0.32,0.34,0.24,0.04,0.02,0.0,0.0,0.0,0.0,0.0,0.0,0.0,0.0,0.04,0.0
46,4,2,3,False,0.2959306107984121,0.07745287355880581,4,qUCB,0.3,0.4,0.2,0.04,0.04,0.0,0.0,0.0,0.02,0.0,0.0,0.0,0.0,0.0,0.0
46,5,1,4,False,0.2613033538505581,0.03440136225869894,0,qEHVI,0.38,0.12,0.42,0.0,0.0,0.0,0.0,0.0,0.02,0.0,0.0,0.04,0.0,0.02,0.0
46,5,1,4,False,0.2613033538505581,0.03440136225869894,1,qUCB,0.78,0.1,0.04,0.0,0.04,0.0,0.0,0.0,0.0,0.0,0.0,0.0,0.0,0.0,0.04
46,5,1,4,False,0.2613033538505581,0.03440136225869894,2,qUCB,0.32,0.4,0.2,0.04,0.0,0.0,0.0,0.0,0.0,0.0,0.0,0.0,0.0,0.0,0.04
46,5,1,4,False,0.2613033538505581,0.03440136225869894,3,qUCB,0.24,0.0,0.72,0.04,0.0,0.0,0.0,0.0,0.0,0.0,0.0,0.0,0.0,0.0,0.0
46,5,1,4,False,0.2613033538505581,0.03440136225869894,4,qUCB,0.28,0.36,0.26,0.04,0.04,0.0,0.0,0.0,0.0,0.0,0.0,0.0,0.0,0.0,0.02
46,6,0,5,False,0.2639971259056425,0.013449800640664034,0,qUCB,0.78,0.1,0.04,0.0,0.04,0.0,0.0,0.0,0.0,0.0,0.0,0.0,0.0,0.0,0.04
46,6,0,5,False,0.2639971259056425,0.013449800640664034,1,qUCB,0.32,0.34,0.24,0.04,0.02,0.0,0.0,0.0,0.0,0.0,0.0,0.0,0.0,0.04,0.0
46,6,0,5,False,0.2639971259056425,0.013449800640664034,2,qUCB,0.24,0.0,0.72,0.04,0.0,0.0,0.0,0.0,0.0,0.0,0.0,0.0,0.0,0.0,0.0
46,6,0,5,False,0.2639971259056425,0.013449800640664034,3,qUCB,0.38,0.12,0.42,0.0,0.0,0.0,0.0,0.0,0.02,0.0,0.0,0.04,0.0,0.02,0.0
46,6,0,5,False,0.2639971259056425,0.013449800640664034,4,qUCB,0.22,0.04,0.72,0.0,0.02,0.0,0.0,0.0,0.0,0.0,0.0,0.0,0.0,0.0,0.0
47,1,5,0,True,0.6728632336663712,0.12209215220695313,0,qEHVI,0.78,0.12,0.04,0.0,0.0,0.0,0.0,0.0,0.0,0.0,0.0,0.02,0.0,0.0,0.04
47,1,5,0,True,0.6728632336663712,0.12209215220695313,1,qEHVI,0.62,0.0,0.34,0.0,0.0,0.0,0.0,0.0,0.0,0.0,0.0,0.0,0.0,0.0,0.04
47,1,5,0,True,0.6728632336663712,0.12209215220695313,2,qEHVI,0.36,0.14,0.4,0.04,0.0,0.0,0.0,0.0,0.02,0.0,0.0,0.04,0.0,0.0,0.0
47,1,5,0,True,0.6728632336663712,0.12209215220695313,3,qEHVI,0.0,0.48,0.44,0.0,0.0,0.0,0.0,0.0,0.0,0.0,0.0,0.04,0.0,0.04,0.0
47,1,5,0,True,0.6728632336663712,0.12209215220695313,4,qEHVI,0.76,0.1,0.04,0.0,0.04,0.0,0.0,0.0,0.0,0.0,0.0,0.0,0.0,0.02,0.04
47,2,4,1,False,0.6032853318758367,0.044707774647884335,0,qEHVI,0.78,0.12,0.04,0.0,0.0,0.0,0.0,0.0,0.0,0.0,0.0,0.02,0.0,0.0,0.04
47,2,4,1,False,0.6032853318758367,0.044707774647884335,1,qEHVI,0.62,0.0,0.34,0.0,0.0,0.0,0.0,0.0,0.0,0.0,0.0,0.0,0.0,0.0,0.04
47,2,4,1,False,0.6032853318758367,0.044707774647884335,2,qEHVI,0.36,0.14,0.4,0.04,0.0,0.0,0.0,0.0,0.02,0.0,0.0,0.04,0.0,0.0,0.0
47,2,4,1,False,0.6032853318758367,0.044707774647884335,3,qEHVI,0.0,0.48,0.44,0.0,0.0,0.0,0.0,0.0,0.0,0.0,0.0,0.04,0.0,0.04,0.0
47,2,4,1,False,0.6032853318758367,0.044707774647884335,4,qUCB,0.42,0.06,0.42,0.0,0.04,0.0,0.0,0.0,0.04,0.0,0.0,0.0,0.0,0.02,0.0
47,3,3,2,False,0.5199916033551416,0.04778836940669784,0,qEHVI,0.78,0.12,0.04,0.0,0.0,0.0,0.0,0.0,0.0,0.0,0.0,0.02,0.0,0.0,0.04
47,3,3,2,False,0.5199916033551416,0.04778836940669784,1,qEHVI,0.62,0.0,0.34,0.0,0.0,0.0,0.0,0.0,0.0,0.0,0.0,0.0,0.0,0.0,0.04
47,3,3,2,False,0.5199916033551416,0.04778836940669784,2,qEHVI,0.36,0.14,0.4,0.04,0.0,0.0,0.0,0.0,0.02,0.0,0.0,0.04,0.0,0.0,0.0
47,3,3,2,False,0.5199916033551416,0.04778836940669784,3,qUCB,0.42,0.06,0.42,0.0,0.04,0.0,0.0,0.0,0.04,0.0,0.0,0.0,0.0,0.02,0.0
47,3,3,2,False,0.5199916033551416,0.04778836940669784,4,qUCB,0.26,0.4,0.24,0.04,0.04,0.0,0.0,0.0,0.0,0.0,0.0,0.0,0.0,0.0,0.02
47,4,2,3,False,0.4139176114138409,0.09393259539239818,0,qEHVI,0.78,0.12,0.04,0.0,0.0,0.0,0.0,0.0,0.0,0.0,0.0,0.02,0.0,0.0,0.04
47,4,2,3,False,0.4139176114138409,0.09393259539239818,1,qEHVI,0.62,0.0,0.34,0.0,0.0,0.0,0.0,0.0,0.0,0.0,0.0,0.0,0.0,0.0,0.04
47,4,2,3,False,0.4139176114138409,0.09393259539239818,2,qUCB,0.34,0.3,0.26,0.04,0.02,0.0,0.0,0.0,0.0,0.0,0.0,0.0,0.0,0.04,0.0
47,4,2,3,False,0.4139176114138409,0.09393259539239818,3,qUCB,0.28,0.42,0.2,0.04,0.04,0.0,0.0,0.0,0.02,0.0,0.0,0.0,0.0,0.0,0.0
47,4,2,3,False,0.4139176114138409,0.09393259539239818,4,qUCB,0.42,0.1,0.38,0.04,0.04,0.0,0.0,0.0,0.0,0.0,0.0,0.0,0.0,0.02,0.0
47,5,1,4,False,0.29068180779141684,0.01958156222373475,0,qEHVI,0.78,0.12,0.04,0.0,0.0,0.0,0.0,0.0,0.0,0.0,0.0,0.02,0.0,0.0,0.04
47,5,1,4,False,0.29068180779141684,0.01958156222373475,1,qUCB,0.42,0.06,0.42,0.0,0.04,0.0,0.0,0.0,0.04,0.0,0.0,0.0,0.0,0.02,0.0
47,5,1,4,False,0.29068180779141684,0.01958156222373475,2,qUCB,0.28,0.42,0.2,0.04,0.04,0.0,0.0,0.0,0.02,0.0,0.0,0.0,0.0,0.0,0.0
47,5,1,4,False,0.29068180779141684,0.01958156222373475,3,qUCB,0.34,0.3,0.26,0.04,0.02,0.0,0.0,0.0,0.0,0.0,0.0,0.0,0.0,0.04,0.0
47,5,1,4,False,0.29068180779141684,0.01958156222373475,4,qUCB,0.16,0.02,0.72,0.04,0.02,0.0,0.0,0.0,0.0,0.0,0.0,0.0,0.0,0.04,0.0
47,6,0,5,False,0.27368992732737185,0.025818640872523613,0,qUCB,0.76,0.1,0.04,0.0,0.04,0.0,0.0,0.0,0.0,0.0,0.0,0.0,0.0,0.02,0.04
47,6,0,5,False,0.27368992732737185,0.025818640872523613,1,qUCB,0.28,0.4,0.22,0.04,0.0,0.0,0.0,0.0,0.02,0.0,0.0,0.0,0.0,0.0,0.04
47,6,0,5,False,0.27368992732737185,0.025818640872523613,2,qUCB,0.32,0.34,0.26,0.04,0.0,0.0,0.0,0.0,0.0,0.0,0.0,0.04,0.0,0.0,0.0
47,6,0,5,False,0.27368992732737185,0.025818640872523613,3,qUCB,0.28,0.42,0.2,0.04,0.04,0.0,0.0,0.0,0.02,0.0,0.0,0.0,0.0,0.0,0.0
47,6,0,5,False,0.27368992732737185,0.025818640872523613,4,qUCB,0.26,0.0,0.7000000000000001,0.0,0.0,0.0,0.0,0.0,0.0,0.0,0.0,0.0,0.0,0.0,0.04
48,1,5,0,False,0.5145073904244307,0.18174527354476666,0,qEHVI,0.74,0.12,0.04,0.0,0.0,0.0,0.0,0.0,0.04,0.0,0.0,0.02,0.0,0.0,0.04
48,1,5,0,False,0.5145073904244307,0.18174527354476666,1,qEHVI,0.64,0.0,0.34,0.0,0.0,0.0,0.0,0.0,0.0,0.0,0.0,0.0,0.0,0.02,0.0
48,1,5,0,False,0.5145073904244307,0.18174527354476666,2,qEHVI,0.38,0.04,0.5,0.0,0.0,0.0,0.0,0.0,0.0,0.0,0.0,0.04,0.0,0.02,0.02
48,1,5,0,False,0.5145073904244307,0.18174527354476666,3,qEHVI,0.36,0.14,0.4,0.04,0.0,0.0,0.0,0.0,0.0,0.0,0.0,0.02,0.0,0.0,0.04
48,1,5,0,False,0.5145073904244307,0.18174527354476666,4,qEHVI,0.36,0.2,0.38,0.04,0.02,0.0,0.0,0.0,0.0,0.0,0.0,0.0,0.0,0.0,0.0
48,2,4,1,True,0.514127919804821,0.27454375679401055,0,qEHVI,0.74,0.12,0.04,0.0,0.0,0.0,0.0,0.0,0.04,0.0,0.0,0.02,0.0,0.0,0.04
48,2,4,1,True,0.514127919804821,0.27454375679401055,1,qEHVI,0.64,0.0,0.34,0.0,0.0,0.0,0.0,0.0,0.0,0.0,0.0,0.0,0.0,0.02,0.0
48,2,4,1,True,0.514127919804821,0.27454375679401055,2,qEHVI,0.36,0.14,0.4,0.04,0.0,0.0,0.0,0.0,0.0,0.0,0.0,0.02,0.0,0.0,0.04
48,2,4,1,True,0.514127919804821,0.27454375679401055,3,qEHVI,0.38,0.04,0.5,0.0,0.0,0.0,0.0,0.0,0.0,0.0,0.0,0.04,0.0,0.02,0.02
48,2,4,1,True,0.514127919804821,0.27454375679401055,4,qUCB,0.3,0.38,0.22,0.04,0.02,0.0,0.0,0.0,0.04,0.0,0.0,0.0,0.0,0.0,0.0
48,3,3,2,False,0.43316991447372144,0.008168928700755806,0,qEHVI,0.74,0.12,0.04,0.0,0.0,0.0,0.0,0.0,0.04,0.0,0.0,0.02,0.0,0.0,0.04
48,3,3,2,False,0.43316991447372144,0.008168928700755806,1,qEHVI,0.64,0.0,0.34,0.0,0.0,0.0,0.0,0.0,0.0,0.0,0.0,0.0,0.0,0.02,0.0
48,3,3,2,False,0.43316991447372144,0.008168928700755806,2,qEHVI,0.36,0.14,0.4,0.04,0.0,0.0,0.0,0.0,0.0,0.0,0.0,0.02,0.0,0.0,0.04
48,3,3,2,False,0.43316991447372144,0.008168928700755806,3,qUCB,0.3,0.38,0.22,0.04,0.02,0.0,0.0,0.0,0.04,0.0,0.0,0.0,0.0,0.0,0.0
48,3,3,2,False,0.43316991447372144,0.008168928700755806,4,qUCB,0.34,0.16,0.4,0.0,0.04,0.0,0.0,0.0,0.02,0.0,0.0,0.04,0.0,0.0,0.0
48,4,2,3,False,0.43066276535285797,0.07297635887634524,0,qEHVI,0.74,0.12,0.04,0.0,0.0,0.0,0.0,0.0,0.04,0.0,0.0,0.02,0.0,0.0,0.04
48,4,2,3,False,0.43066276535285797,0.07297635887634524,1,qEHVI,0.64,0.0,0.34,0.0,0.0,0.0,0.0,0.0,0.0,0.0,0.0,0.0,0.0,0.02,0.0
48,4,2,3,False,0.43066276535285797,0.07297635887634524,2,qUCB,0.3,0.38,0.22,0.04,0.02,0.0,0.0,0.0,0.04,0.0,0.0,0.0,0.0,0.0,0.0
48,4,2,3,False,0.43066276535285797,0.07297635887634524,3,qUCB,0.36,0.18,0.36,0.04,0.02,0.0,0.0,0.0,0.0,0.0,0.0,0.04,0.0,0.0,0.0
48,4,2,3,False,0.43066276535285797,0.07297635887634524,4,qUCB,0.3,0.38,0.24,0.04,0.0,0.0,0.0,0.0,0.0,0.0,0.0,0.0,0.0,0.0,0.04
48,5,1,4,False,0.33734491719742804,0.28305606140136286,0,qEHVI,0.74,0.12,0.04,0.0,0.0,0.0,0.0,0.0,0.04,0.0,0.0,0.02,0.0,0.0,0.04
48,5,1,4,False,0.33734491719742804,0.28305606140136286,1,qUCB,0.34,0.34,0.24,0.04,0.04,0.0,0.0,0.0,0.0,0.0,0.0,0.0,0.0,0.0,0.0
48,5,1,4,False,0.33734491719742804,0.28305606140136286,2,qUCB,0.28,0.4,0.22,0.04,0.02,0.0,0.0,0.0,0.0,0.0,0.0,0.0,0.0,0.04,0.0
48,5,1,4,False,0.33734491719742804,0.28305606140136286,3,qUCB,0.22,0.0,0.72,0.04,0.02,0.0,0.0,0.0,0.0,0.0,0.0,0.0,0.0,0.0,0.0
48,5,1,4,False,0.33734491719742804,0.28305606140136286,4,qUCB,0.4,0.08,0.42,0.0,0.04,0.0,0.0,0.0,0.0,0.0,0.0,0.02,0.0,0.04,0.0
48,6,0,5,False,0.30104584049740224,0.035288439988486076,0,qUCB,0.74,0.12,0.04,0.0,0.0,0.0,0.0,0.0,0.04,0.0,0.0,0.02,0.0,0.0,0.04
48,6,0,5,False,0.30104584049740224,0.035288439988486076,1,qUCB,0.3,0.36,0.24,0.04,0.0,0.0,0.0,0.0,0.02,0.0,0.0,0.0,0.0,0.04,0.0
48,6,0,5,False,0.30104584049740224,0.035288439988486076,2,qUCB,0.22,0.0,0.72,0.04,0.02,0.0,0.0,0.0,0.0,0.0,0.0,0.0,0.0,0.0,0.0
48,6,0,5,False,0.30104584049740224,0.035288439988486076,3,qUCB,0.3,0.38,0.24,0.04,0.0,0.0,0.0,0.0,0.0,0.0,0.0,0.0,0.0,0.0,0.04
48,6,0,5,False,0.30104584049740224,0.035288439988486076,4,qUCB,0.28,0.44,0.18,0.04,0.0,0.0,0.0,0.0,0.02,0.0,0.0,0.0,0.0,0.0,0.04
49,1,5,0,True,0.5260022377737691,0.03206151329951901,0,qEHVI,0.72,0.14,0.04,0.0,0.02,0.0,0.0,0.0,0.0,0.0,0.0,0.04,0.0,0.0,0.04
49,1,5,0,True,0.5260022377737691,0.03206151329951901,1,qEHVI,0.64,0.0,0.34,0.0,0.0,0.0,0.0,0.0,0.0,0.0,0.0,0.0,0.0,0.0,0.02
49,1,5,0,True,0.5260022377737691,0.03206151329951901,2,qEHVI,0.38,0.22,0.38,0.0,0.02,0.0,0.0,0.0,0.0,0.0,0.0,0.0,0.0,0.0,0.0
49,1,5,0,True,0.5260022377737691,0.03206151329951901,3,qEHVI,0.5,0.02,0.44,0.02,0.02,0.0,0.0,0.0,0.0,0.0,0.0,0.0,0.0,0.0,0.0
49,1,5,0,True,0.5260022377737691,0.03206151329951901,4,qEHVI,0.4,0.2,0.3,0.04,0.0,0.0,0.0,0.0,0.02,0.0,0.0,0.0,0.0,0.0,0.04
49,2,4,1,False,0.490496286798327,0.05636436396781974,0,qEHVI,0.72,0.14,0.04,0.0,0.02,0.0,0.0,0.0,0.0,0.0,0.0,0.04,0.0,0.0,0.04
49,2,4,1,False,0.490496286798327,0.05636436396781974,1,qEHVI,0.64,0.0,0.34,0.0,0.0,0.0,0.0,0.0,0.0,0.0,0.0,0.0,0.0,0.0,0.02
49,2,4,1,False,0.490496286798327,0.05636436396781974,2,qEHVI,0.38,0.22,0.38,0.0,0.02,0.0,0.0,0.0,0.0,0.0,0.0,0.0,0.0,0.0,0.0
49,2,4,1,False,0.490496286798327,0.05636436396781974,3,qEHVI,0.5,0.02,0.44,0.02,0.02,0.0,0.0,0.0,0.0,0.0,0.0,0.0,0.0,0.0,0.0
49,2,4,1,False,0.490496286798327,0.05636436396781974,4,qUCB,0.46,0.04,0.4,0.0,0.0,0.0,0.0,0.0,0.02,0.0,0.0,0.04,0.0,0.04,0.0
49,3,3,2,False,0.4415037989743279,0.14168688039378452,0,qEHVI,0.72,0.14,0.04,0.0,0.02,0.0,0.0,0.0,0.0,0.0,0.0,0.04,0.0,0.0,0.04
49,3,3,2,False,0.4415037989743279,0.14168688039378452,1,qEHVI,0.64,0.0,0.34,0.0,0.0,0.0,0.0,0.0,0.0,0.0,0.0,0.0,0.0,0.0,0.02
49,3,3,2,False,0.4415037989743279,0.14168688039378452,2,qEHVI,0.38,0.22,0.38,0.0,0.02,0.0,0.0,0.0,0.0,0.0,0.0,0.0,0.0,0.0,0.0
49,3,3,2,False,0.4415037989743279,0.14168688039378452,3,qUCB,0.4,0.08,0.42,0.02,0.0,0.0,0.0,0.0,0.04,0.0,0.0,0.0,0.0,0.04,0.0
49,3,3,2,False,0.4415037989743279,0.14168688039378452,4,qUCB,0.34,0.3,0.26,0.04,0.0,0.0,0.0,0.0,0.04,0.0,0.0,0.02,0.0,0.0,0.0
49,4,2,3,False,0.34371985906810465,0.03630437780177753,0,qEHVI,0.72,0.14,0.04,0.0,0.02,0.0,0.0,0.0,0.0,0.0,0.0,0.04,0.0,0.0,0.04
49,4,2,3,False,0.34371985906810465,0.03630437780177753,1,qEHVI,0.64,0.0,0.34,0.0,0.0,0.0,0.0,0.0,0.0,0.0,0.0,0.0,0.0,0.0,0.02
49,4,2,3,False,0.34371985906810465,0.03630437780177753,2,qUCB,0.34,0.3,0.26,0.04,0.0,0.0,0.0,0.0,0.04,0.0,0.0,0.02,0.0,0.0,0.0
49,4,2,3,False,0.34371985906810465,0.03630437780177753,3,qUCB,0.0,0.8,0.1,0.04,0.02,0.0,0.0,0.0,0.04,0.0,0.0,0.0,0.0,0.0,0.0
49,4,2,3,False,0.34371985906810465,0.03630437780177753,4,qUCB,0.18,0.0,0.72,0.04,0.02,0.0,0.0,0.0,0.0,0.0,0.0,0.04,0.0,0.0,0.0
49,5,1,4,False,0.2149146347635087,0.0613962643816528,0,qEHVI,0.72,0.14,0.04,0.0,0.02,0.0,0.0,0.0,0.0,0.0,0.0,0.04,0.0,0.0,0.04
49,5,1,4,False,0.2149146347635087,0.0613962643816528,1,qUCB,0.4,0.08,0.42,0.02,0.0,0.0,0.0,0.0,0.04,0.0,0.0,0.0,0.0,0.04,0.0
49,5,1,4,False,0.2149146347635087,0.0613962643816528,2,qUCB,0.32,0.34,0.26,0.04,0.0,0.0,0.0,0.0,0.04,0.0,0.0,0.0,0.0,0.0,0.0
49,5,1,4,False,0.2149146347635087,0.0613962643816528,3,qUCB,0.18,0.04,0.7000000000000001,0.04,0.0,0.0,0.0,0.0,0.04,0.0,0.0,0.0,0.0,0.0,0.0
49,5,1,4,False,0.2149146347635087,0.0613962643816528,4,qUCB,0.0,0.8,0.1,0.04,0.02,0.0,0.0,0.0,0.04,0.0,0.0,0.0,0.0,0.0,0.0
49,6,0,5,False,0.10262089586323322,0.04620575993424403,0,qUCB,0.8,0.06,0.04,0.0,0.04,0.0,0.0,0.0,0.0,0.0,0.0,0.0,0.0,0.02,0.04
49,6,0,5,False,0.10262089586323322,0.04620575993424403,1,qUCB,0.32,0.32,0.26,0.04,0.0,0.0,0.0,0.0,0.02,0.0,0.0,0.0,0.0,0.0,0.04
49,6,0,5,False,0.10262089586323322,0.04620575993424403,2,qUCB,0.74,0.0,0.24,0.0,0.0,0.0,0.0,0.0,0.0,0.0,0.0,0.02,0.0,0.0,0.0
49,6,0,5,False,0.10262089586323322,0.04620575993424403,3,qUCB,0.22,0.0,0.72,0.0,0.02,0.0,0.0,0.0,0.0,0.0,0.0,0.0,0.0,0.02,0.02
49,6,0,5,False,0.10262089586323322,0.04620575993424403,4,qUCB,0.5,0.38,0.04,0.04,0.0,0.0,0.0,0.0,0.0,0.0,0.0,0.04,0.0,0.0,0.0
50,1,5,0,True,0.5876137661870539,0.21552131729689883,0,qEHVI,0.74,0.12,0.04,0.0,0.04,0.0,0.0,0.0,0.0,0.0,0.0,0.04,0.0,0.0,0.02
50,1,5,0,True,0.5876137661870539,0.21552131729689883,1,qEHVI,0.4,0.16,0.4,0.02,0.02,0.0,0.0,0.0,0.0,0.0,0.0,0.0,0.0,0.0,0.0
50,1,5,0,True,0.5876137661870539,0.21552131729689883,2,qEHVI,0.42,0.2,0.34,0.04,0.0,0.0,0.0,0.0,0.0,0.0,0.0,0.0,0.0,0.0,0.0
50,1,5,0,True,0.5876137661870539,0.21552131729689883,3,qEHVI,0.7000000000000001,0.22,0.06,0.0,0.02,0.0,0.0,0.0,0.0,0.0,0.0,0.0,0.0,0.0,0.0
50,1,5,0,True,0.5876137661870539,0.21552131729689883,4,qEHVI,0.38,0.18,0.36,0.0,0.02,0.0,0.0,0.0,0.0,0.0,0.0,0.0,0.0,0.04,0.02
50,2,4,1,False,0.6001465977840205,0.02959097672086841,0,qEHVI,0.74,0.12,0.04,0.0,0.04,0.0,0.0,0.0,0.0,0.0,0.0,0.04,0.0,0.0,0.02
50,2,4,1,False,0.6001465977840205,0.02959097672086841,1,qEHVI,0.4,0.16,0.4,0.02,0.02,0.0,0.0,0.0,0.0,0.0,0.0,0.0,0.0,0.0,0.0
50,2,4,1,False,0.6001465977840205,0.02959097672086841,2,qEHVI,0.42,0.2,0.34,0.04,0.0,0.0,0.0,0.0,0.0,0.0,0.0,0.0,0.0,0.0,0.0
50,2,4,1,False,0.6001465977840205,0.02959097672086841,3,qEHVI,0.7000000000000001,0.22,0.06,0.0,0.02,0.0,0.0,0.0,0.0,0.0,0.0,0.0,0.0,0.0,0.0
50,2,4,1,False,0.6001465977840205,0.02959097672086841,4,qUCB,0.72,0.14,0.04,0.0,0.0,0.0,0.0,0.0,0.02,0.0,0.0,0.0,0.0,0.04,0.04
50,3,3,2,False,0.5218179524424643,0.014356978986475255,0,qEHVI,0.74,0.12,0.04,0.0,0.04,0.0,0.0,0.0,0.0,0.0,0.0,0.04,0.0,0.0,0.02
50,3,3,2,False,0.5218179524424643,0.014356978986475255,1,qEHVI,0.4,0.16,0.4,0.02,0.02,0.0,0.0,0.0,0.0,0.0,0.0,0.0,0.0,0.0,0.0
50,3,3,2,False,0.5218179524424643,0.014356978986475255,2,qEHVI,0.42,0.2,0.34,0.04,0.0,0.0,0.0,0.0,0.0,0.0,0.0,0.0,0.0,0.0,0.0
50,3,3,2,False,0.5218179524424643,0.014356978986475255,3,qUCB,0.72,0.14,0.04,0.0,0.0,0.0,0.0,0.0,0.02,0.0,0.0,0.0,0.0,0.04,0.04
50,3,3,2,False,0.5218179524424643,0.014356978986475255,4,qUCB,0.8,0.08,0.02,0.0,0.0,0.0,0.0,0.0,0.04,0.0,0.0,0.0,0.0,0.04,0.02
50,4,2,3,False,0.41771230129646186,0.26061418346714227,0,qEHVI,0.74,0.12,0.04,0.0,0.04,0.0,0.0,0.0,0.0,0.0,0.0,0.04,0.0,0.0,0.02
50,4,2,3,False,0.41771230129646186,0.26061418346714227,1,qEHVI,0.4,0.16,0.4,0.02,0.02,0.0,0.0,0.0,0.0,0.0,0.0,0.0,0.0,0.0,0.0
50,4,2,3,False,0.41771230129646186,0.26061418346714227,2,qUCB,0.72,0.14,0.04,0.0,0.0,0.0,0.0,0.0,0.02,0.0,0.0,0.0,0.0,0.04,0.04
50,4,2,3,False,0.41771230129646186,0.26061418346714227,3,qUCB,0.8,0.08,0.02,0.0,0.0,0.0,0.0,0.0,0.04,0.0,0.0,0.0,0.0,0.04,0.02
50,4,2,3,False,0.41771230129646186,0.26061418346714227,4,qUCB,0.32,0.34,0.24,0.0,0.0,0.0,0.0,0.0,0.04,0.0,0.0,0.04,0.0,0.02,0.0
50,5,1,4,False,0.3837936940942759,0.027294642891854792,0,qEHVI,0.74,0.12,0.04,0.0,0.04,0.0,0.0,0.0,0.0,0.0,0.0,0.04,0.0,0.0,0.02
50,5,1,4,False,0.3837936940942759,0.027294642891854792,1,qUCB,0.36,0.18,0.36,0.04,0.0,0.0,0.0,0.0,0.04,0.0,0.0,0.0,0.0,0.02,0.0
50,5,1,4,False,0.3837936940942759,0.027294642891854792,2,qUCB,0.32,0.44,0.14,0.04,0.0,0.0,0.0,0.0,0.02,0.0,0.0,0.0,0.0,0.02,0.02
50,5,1,4,False,0.3837936940942759,0.027294642891854792,3,qUCB,0.16,0.72,0.06,0.04,0.0,0.0,0.0,0.0,0.0,0.0,0.0,0.0,0.0,0.02,0.0
50,5,1,4,False,0.3837936940942759,0.027294642891854792,4,qUCB,0.36,0.32,0.24,0.04,0.0,0.0,0.0,0.0,0.0,0.0,0.0,0.0,0.0,0.04,0.0
50,6,0,5,False,0.2423884297837712,0.11001761352222372,0,qUCB,0.76,0.1,0.04,0.0,0.02,0.0,0.0,0.0,0.0,0.0,0.0,0.04,0.0,0.02,0.02
50,6,0,5,False,0.2423884297837712,0.11001761352222372,1,qUCB,0.3,0.46,0.16,0.04,0.0,0.0,0.0,0.0,0.0,0.0,0.0,0.0,0.0,0.02,0.02
50,6,0,5,False,0.2423884297837712,0.11001761352222372,2,qUCB,0.38,0.34,0.26,0.02,0.0,0.0,0.0,0.0,0.0,0.0,0.0,0.0,0.0,0.0,0.0
50,6,0,5,False,0.2423884297837712,0.11001761352222372,3,qUCB,0.16,0.72,0.06,0.04,0.0,0.0,0.0,0.0,0.0,0.0,0.0,0.0,0.0,0.02,0.0
50,6,0,5,False,0.2423884297837712,0.11001761352222372,4,qUCB,0.32,0.34,0.24,0.0,0.0,0.0,0.0,0.0,0.04,0.0,0.0,0.04,0.0,0.02,0.0
