iteration,option,n_opt,n_exp,selected,full_qehvi,full_entropy,point_idx,source,x_0,x_1,x_2,x_3,x_4,x_5,x_6
1,1,5,0,True,1.7332791636028637,0.7327649975221471,0,qEHVI,0.0,0.5,0.2,0.0,0.0,0.2,0.1
1,1,5,0,True,1.7332791636028637,0.7327649975221471,1,qEHVI,0.0,0.30000000000000004,0.7000000000000001,0.0,0.0,0.0,0.0
1,1,5,0,True,1.7332791636028637,0.7327649975221471,2,qEHVI,0.25,0.0,0.2,0.1,0.0,0.45,0.0
1,1,5,0,True,1.7332791636028637,0.7327649975221471,3,qEHVI,0.0,0.0,0.5,0.05,0.0,0.45,0.0
1,1,5,0,True,1.7332791636028637,0.7327649975221471,4,qEHVI,0.0,0.0,0.7000000000000001,0.1,0.1,0.0,0.1
1,2,4,1,False,1.7266647708317528,0.9263122583964805,0,qEHVI,0.0,0.5,0.2,0.0,0.0,0.2,0.1
1,2,4,1,False,1.7266647708317528,0.9263122583964805,1,qEHVI,0.0,0.30000000000000004,0.7000000000000001,0.0,0.0,0.0,0.0
1,2,4,1,False,1.7266647708317528,0.9263122583964805,2,qEHVI,0.25,0.0,0.2,0.1,0.0,0.45,0.0
1,2,4,1,False,1.7266647708317528,0.9263122583964805,3,qEHVI,0.0,0.0,0.5,0.05,0.0,0.45,0.0
1,2,4,1,False,1.7266647708317528,0.9263122583964805,4,qUCB,0.0,0.0,0.7000000000000001,0.1,0.1,0.0,0.1
1,3,3,2,False,1.6996710347555228,0.914689962275629,0,qEHVI,0.0,0.5,0.2,0.0,0.0,0.2,0.1
1,3,3,2,False,1.6996710347555228,0.914689962275629,1,qEHVI,0.0,0.30000000000000004,0.7000000000000001,0.0,0.0,0.0,0.0
1,3,3,2,False,1.6996710347555228,0.914689962275629,2,qEHVI,0.25,0.0,0.2,0.1,0.0,0.45,0.0
1,3,3,2,False,1.6996710347555228,0.914689962275629,3,qUCB,0.0,0.0,0.7000000000000001,0.1,0.1,0.0,0.1
1,3,3,2,False,1.6996710347555228,0.914689962275629,4,qUCB,0.35000000000000003,0.35000000000000003,0.2,0.0,0.1,0.0,0.0
1,4,2,3,False,1.6265739983902707,0.6880580380319783,0,qEHVI,0.0,0.5,0.2,0.0,0.0,0.2,0.1
1,4,2,3,False,1.6265739983902707,0.6880580380319783,1,qEHVI,0.0,0.30000000000000004,0.7000000000000001,0.0,0.0,0.0,0.0
1,4,2,3,False,1.6265739983902707,0.6880580380319783,2,qUCB,0.25,0.0,0.2,0.1,0.1,0.35000000000000003,0.0
1,4,2,3,False,1.6265739983902707,0.6880580380319783,3,qUCB,0.0,0.0,0.7000000000000001,0.1,0.1,0.0,0.1
1,4,2,3,False,1.6265739983902707,0.6880580380319783,4,qUCB,0.35000000000000003,0.2,0.2,0.1,0.1,0.05,0.0
1,5,1,4,False,1.5685553013128284,0.7821574876474164,0,qEHVI,0.0,0.5,0.2,0.0,0.0,0.2,0.1
1,5,1,4,False,1.5685553013128284,0.7821574876474164,1,qUCB,0.0,0.0,0.7000000000000001,0.1,0.1,0.1,0.0
1,5,1,4,False,1.5685553013128284,0.7821574876474164,2,qUCB,0.25,0.0,0.7000000000000001,0.05,0.0,0.0,0.0
1,5,1,4,False,1.5685553013128284,0.7821574876474164,3,qUCB,0.25,0.0,0.2,0.1,0.1,0.35000000000000003,0.0
1,5,1,4,False,1.5685553013128284,0.7821574876474164,4,qUCB,0.30000000000000004,0.0,0.6000000000000001,0.0,0.1,0.0,0.0
1,6,0,5,False,1.6347266415276376,0.910420396814053,0,qUCB,0.0,0.30000000000000004,0.7000000000000001,0.0,0.0,0.0,0.0
1,6,0,5,False,1.6347266415276376,0.910420396814053,1,qUCB,0.0,0.0,0.7000000000000001,0.1,0.1,0.0,0.1
1,6,0,5,False,1.6347266415276376,0.910420396814053,2,qUCB,0.05,0.0,0.2,0.1,0.1,0.45,0.1
1,6,0,5,False,1.6347266415276376,0.910420396814053,3,qUCB,0.05,0.5,0.2,0.05,0.1,0.0,0.1
1,6,0,5,False,1.6347266415276376,0.910420396814053,4,qUCB,0.0,0.0,0.7000000000000001,0.0,0.05,0.25,0.0
2,1,5,0,True,1.7724133875132722,0.7340317311973621,0,qEHVI,0.0,0.15000000000000002,0.65,0.1,0.0,0.1,0.0
2,1,5,0,True,1.7724133875132722,0.7340317311973621,1,qEHVI,0.0,0.0,0.7000000000000001,0.05,0.0,0.25,0.0
2,1,5,0,True,1.7724133875132722,0.7340317311973621,2,qEHVI,0.0,0.35000000000000003,0.55,0.1,0.0,0.0,0.0
2,1,5,0,True,1.7724133875132722,0.7340317311973621,3,qEHVI,0.0,0.0,0.7000000000000001,0.0,0.0,0.2,0.1
2,1,5,0,True,1.7724133875132722,0.7340317311973621,4,qEHVI,0.0,0.25,0.6000000000000001,0.0,0.0,0.15000000000000002,0.0
2,2,4,1,False,1.653869072524126,0.7992066296138534,0,qEHVI,0.0,0.15000000000000002,0.65,0.1,0.0,0.1,0.0
2,2,4,1,False,1.653869072524126,0.7992066296138534,1,qEHVI,0.0,0.0,0.7000000000000001,0.05,0.0,0.25,0.0
2,2,4,1,False,1.653869072524126,0.7992066296138534,2,qEHVI,0.0,0.35000000000000003,0.55,0.1,0.0,0.0,0.0
2,2,4,1,False,1.653869072524126,0.7992066296138534,3,qEHVI,0.0,0.0,0.7000000000000001,0.0,0.0,0.2,0.1
2,2,4,1,False,1.653869072524126,0.7992066296138534,4,qUCB,0.35000000000000003,0.0,0.55,0.0,0.1,0.0,0.0
2,3,3,2,False,1.4468589815616422,0.962881027268299,0,qEHVI,0.0,0.15000000000000002,0.65,0.1,0.0,0.1,0.0
2,3,3,2,False,1.4468589815616422,0.962881027268299,1,qEHVI,0.0,0.0,0.7000000000000001,0.05,0.0,0.25,0.0
2,3,3,2,False,1.4468589815616422,0.962881027268299,2,qEHVI,0.0,0.35000000000000003,0.55,0.1,0.0,0.0,0.0
2,3,3,2,False,1.4468589815616422,0.962881027268299,3,qUCB,0.30000000000000004,0.0,0.5,0.0,0.1,0.0,0.1
2,3,3,2,False,1.4468589815616422,0.962881027268299,4,qUCB,0.35000000000000003,0.0,0.2,0.0,0.1,0.25,0.1
2,4,2,3,False,1.2110195811987876,0.4825655300084568,0,qEHVI,0.0,0.15000000000000002,0.65,0.1,0.0,0.1,0.0
2,4,2,3,False,1.2110195811987876,0.4825655300084568,1,qEHVI,0.0,0.0,0.7000000000000001,0.05,0.0,0.25,0.0
2,4,2,3,False,1.2110195811987876,0.4825655300084568,2,qUCB,0.35000000000000003,0.35000000000000003,0.2,0.0,0.1,0.0,0.0
2,4,2,3,False,1.2110195811987876,0.4825655300084568,3,qUCB,0.35000000000000003,0.0,0.2,0.0,0.1,0.25,0.1
2,4,2,3,False,1.2110195811987876,0.4825655300084568,4,qUCB,0.35000000000000003,0.0,0.5,0.0,0.05,0.0,0.1
2,5,1,4,False,0.9668625853582142,0.412838172393041,0,qEHVI,0.0,0.15000000000000002,0.65,0.1,0.0,0.1,0.0
2,5,1,4,False,0.9668625853582142,0.412838172393041,1,qUCB,0.0,0.0,0.65,0.0,0.1,0.15000000000000002,0.1
2,5,1,4,False,0.9668625853582142,0.412838172393041,2,qUCB,0.35000000000000003,0.0,0.2,0.0,0.1,0.25,0.1
2,5,1,4,False,0.9668625853582142,0.412838172393041,3,qUCB,0.35000000000000003,0.35000000000000003,0.2,0.0,0.1,0.0,0.0
2,5,1,4,False,0.9668625853582142,0.412838172393041,4,qUCB,0.0,0.15000000000000002,0.2,0.0,0.1,0.45,0.1
2,6,0,5,False,1.4718718726505922,0.6838041168799522,0,qUCB,0.0,0.0,0.7000000000000001,0.0,0.0,0.30000000000000004,0.0
2,6,0,5,False,1.4718718726505922,0.6838041168799522,1,qUCB,0.0,0.0,0.7000000000000001,0.0,0.0,0.2,0.1
2,6,0,5,False,1.4718718726505922,0.6838041168799522,2,qUCB,0.30000000000000004,0.0,0.7000000000000001,0.0,0.0,0.0,0.0
2,6,0,5,False,1.4718718726505922,0.6838041168799522,3,qUCB,0.0,0.0,0.7000000000000001,0.0,0.1,0.2,0.0
2,6,0,5,False,1.4718718726505922,0.6838041168799522,4,qUCB,0.0,0.25,0.55,0.0,0.0,0.2,0.0
3,1,5,0,True,1.7639573902615893,0.5827400981290234,0,qEHVI,0.05,0.15000000000000002,0.7000000000000001,0.1,0.0,0.0,0.0
3,1,5,0,True,1.7639573902615893,0.5827400981290234,1,qEHVI,0.0,0.0,0.7000000000000001,0.1,0.0,0.1,0.1
3,1,5,0,True,1.7639573902615893,0.5827400981290234,2,qEHVI,0.2,0.5,0.30000000000000004,0.0,0.0,0.0,0.0
3,1,5,0,True,1.7639573902615893,0.5827400981290234,3,qEHVI,0.05,0.0,0.7000000000000001,0.1,0.0,0.05,0.1
3,1,5,0,True,1.7639573902615893,0.5827400981290234,4,qEHVI,0.05,0.05,0.7000000000000001,0.1,0.0,0.0,0.1
3,2,4,1,False,1.6808840527653597,0.7265060553031737,0,qEHVI,0.05,0.15000000000000002,0.7000000000000001,0.1,0.0,0.0,0.0
3,2,4,1,False,1.6808840527653597,0.7265060553031737,1,qEHVI,0.0,0.0,0.7000000000000001,0.1,0.0,0.1,0.1
3,2,4,1,False,1.6808840527653597,0.7265060553031737,2,qEHVI,0.2,0.5,0.30000000000000004,0.0,0.0,0.0,0.0
3,2,4,1,False,1.6808840527653597,0.7265060553031737,3,qEHVI,0.05,0.0,0.7000000000000001,0.1,0.0,0.05,0.1
3,2,4,1,False,1.6808840527653597,0.7265060553031737,4,qUCB,0.0,0.0,0.35000000000000003,0.0,0.1,0.45,0.1
3,3,3,2,False,1.4597956906848641,0.36267208385899785,0,qEHVI,0.05,0.15000000000000002,0.7000000000000001,0.1,0.0,0.0,0.0
3,3,3,2,False,1.4597956906848641,0.36267208385899785,1,qEHVI,0.0,0.0,0.7000000000000001,0.1,0.0,0.1,0.1
3,3,3,2,False,1.4597956906848641,0.36267208385899785,2,qEHVI,0.2,0.5,0.30000000000000004,0.0,0.0,0.0,0.0
3,3,3,2,False,1.4597956906848641,0.36267208385899785,3,qUCB,0.0,0.0,0.35000000000000003,0.0,0.1,0.45,0.1
3,3,3,2,False,1.4597956906848641,0.36267208385899785,4,qUCB,0.35000000000000003,0.0,0.2,0.1,0.1,0.15000000000000002,0.1
3,4,2,3,False,1.4469754358654803,0.5161241130864154,0,qEHVI,0.05,0.15000000000000002,0.7000000000000001,0.1,0.0,0.0,0.0
3,4,2,3,False,1.4469754358654803,0.5161241130864154,1,qEHVI,0.0,0.0,0.7000000000000001,0.1,0.0,0.1,0.1
3,4,2,3,False,1.4469754358654803,0.5161241130864154,2,qUCB,0.25,0.5,0.2,0.0,0.0,0.0,0.05
3,4,2,3,False,1.4469754358654803,0.5161241130864154,3,qUCB,0.35000000000000003,0.35000000000000003,0.2,0.0,0.0,0.0,0.1
3,4,2,3,False,1.4469754358654803,0.5161241130864154,4,qUCB,0.0,0.05,0.2,0.1,0.1,0.45,0.1
3,5,1,4,False,0.9724407538686278,0.48157732258295205,0,qEHVI,0.05,0.15000000000000002,0.7000000000000001,0.1,0.0,0.0,0.0
3,5,1,4,False,0.9724407538686278,0.48157732258295205,1,qUCB,0.0,0.0,0.35000000000000003,0.0,0.1,0.45,0.1
3,5,1,4,False,0.9724407538686278,0.48157732258295205,2,qUCB,0.25,0.5,0.2,0.0,0.0,0.0,0.05
3,5,1,4,False,0.9724407538686278,0.48157732258295205,3,qUCB,0.35000000000000003,0.35000000000000003,0.2,0.0,0.0,0.0,0.1
3,5,1,4,False,0.9724407538686278,0.48157732258295205,4,qUCB,0.35000000000000003,0.0,0.2,0.1,0.1,0.15000000000000002,0.1
3,6,0,5,False,1.1720560103643305,0.4566234400766582,0,qUCB,0.0,0.0,0.7000000000000001,0.1,0.0,0.1,0.1
3,6,0,5,False,1.1720560103643305,0.4566234400766582,1,qUCB,0.30000000000000004,0.45,0.2,0.05,0.0,0.0,0.0
3,6,0,5,False,1.1720560103643305,0.4566234400766582,2,qUCB,0.35000000000000003,0.0,0.55,0.0,0.0,0.0,0.1
3,6,0,5,False,1.1720560103643305,0.4566234400766582,3,qUCB,0.0,0.0,0.35000000000000003,0.1,0.1,0.35000000000000003,0.1
3,6,0,5,False,1.1720560103643305,0.4566234400766582,4,qUCB,0.25,0.5,0.2,0.0,0.0,0.0,0.05
4,1,5,0,True,1.0866138380891721,0.4641751349500236,0,qEHVI,0.1,0.0,0.7000000000000001,0.1,0.0,0.05,0.05
4,1,5,0,True,1.0866138380891721,0.4641751349500236,1,qEHVI,0.15000000000000002,0.0,0.7000000000000001,0.1,0.0,0.05,0.0
4,1,5,0,True,1.0866138380891721,0.4641751349500236,2,qEHVI,0.05,0.0,0.7000000000000001,0.1,0.0,0.1,0.05
4,1,5,0,True,1.0866138380891721,0.4641751349500236,3,qEHVI,0.2,0.05,0.65,0.1,0.0,0.0,0.0
4,1,5,0,True,1.0866138380891721,0.4641751349500236,4,qEHVI,0.0,0.0,0.6000000000000001,0.1,0.0,0.2,0.1
4,2,4,1,False,1.0462141892432402,0.7747599719839053,0,qEHVI,0.1,0.0,0.7000000000000001,0.1,0.0,0.05,0.05
4,2,4,1,False,1.0462141892432402,0.7747599719839053,1,qEHVI,0.15000000000000002,0.0,0.7000000000000001,0.1,0.0,0.05,0.0
4,2,4,1,False,1.0462141892432402,0.7747599719839053,2,qEHVI,0.05,0.0,0.7000000000000001,0.1,0.0,0.1,0.05
4,2,4,1,False,1.0462141892432402,0.7747599719839053,3,qEHVI,0.2,0.05,0.65,0.1,0.0,0.0,0.0
4,2,4,1,False,1.0462141892432402,0.7747599719839053,4,qUCB,0.05,0.5,0.35000000000000003,0.0,0.1,0.0,0.0
4,3,3,2,False,0.9273326715572018,0.8183298265781151,0,qEHVI,0.1,0.0,0.7000000000000001,0.1,0.0,0.05,0.05
4,3,3,2,False,0.9273326715572018,0.8183298265781151,1,qEHVI,0.15000000000000002,0.0,0.7000000000000001,0.1,0.0,0.05,0.0
4,3,3,2,False,0.9273326715572018,0.8183298265781151,2,qEHVI,0.05,0.0,0.7000000000000001,0.1,0.0,0.1,0.05
4,3,3,2,False,0.9273326715572018,0.8183298265781151,3,qUCB,0.2,0.5,0.2,0.0,0.1,0.0,0.0
4,3,3,2,False,0.9273326715572018,0.8183298265781151,4,qUCB,0.05,0.0,0.2,0.1,0.1,0.45,0.1
4,4,2,3,False,0.7766531496919004,0.8297397589533606,0,qEHVI,0.1,0.0,0.7000000000000001,0.1,0.0,0.05,0.05
4,4,2,3,False,0.7766531496919004,0.8297397589533606,1,qEHVI,0.15000000000000002,0.0,0.7000000000000001,0.1,0.0,0.05,0.0
4,4,2,3,False,0.7766531496919004,0.8297397589533606,2,qUCB,0.2,0.5,0.2,0.0,0.1,0.0,0.0
4,4,2,3,False,0.7766531496919004,0.8297397589533606,3,qUCB,0.05,0.0,0.2,0.1,0.1,0.45,0.1
4,4,2,3,False,0.7766531496919004,0.8297397589533606,4,qUCB,0.35000000000000003,0.30000000000000004,0.2,0.0,0.05,0.0,0.1
4,5,1,4,False,0.5904059537602278,0.26763450652959797,0,qEHVI,0.1,0.0,0.7000000000000001,0.1,0.0,0.05,0.05
4,5,1,4,False,0.5904059537602278,0.26763450652959797,1,qUCB,0.2,0.5,0.2,0.0,0.1,0.0,0.0
4,5,1,4,False,0.5904059537602278,0.26763450652959797,2,qUCB,0.05,0.0,0.2,0.1,0.1,0.45,0.1
4,5,1,4,False,0.5904059537602278,0.26763450652959797,3,qUCB,0.35000000000000003,0.30000000000000004,0.2,0.0,0.05,0.0,0.1
4,5,1,4,False,0.5904059537602278,0.26763450652959797,4,qUCB,0.35000000000000003,0.0,0.55,0.0,0.1,0.0,0.0
4,6,0,5,False,0.6029116419587425,0.6371856666885751,0,qUCB,0.15000000000000002,0.0,0.7000000000000001,0.1,0.0,0.05,0.0
4,6,0,5,False,0.6029116419587425,0.6371856666885751,1,qUCB,0.35000000000000003,0.0,0.65,0.0,0.0,0.0,0.0
4,6,0,5,False,0.6029116419587425,0.6371856666885751,2,qUCB,0.0,0.0,0.30000000000000004,0.1,0.1,0.4,0.1
4,6,0,5,False,0.6029116419587425,0.6371856666885751,3,qUCB,0.35000000000000003,0.0,0.4,0.1,0.0,0.05,0.1
4,6,0,5,False,0.6029116419587425,0.6371856666885751,4,qUCB,0.0,0.5,0.30000000000000004,0.1,0.1,0.0,0.0
5,1,5,0,False,0.585885318098619,0.2176265473498482,0,qEHVI,0.0,0.0,0.65,0.1,0.0,0.15000000000000002,0.1
5,1,5,0,False,0.585885318098619,0.2176265473498482,1,qEHVI,0.1,0.0,0.65,0.1,0.0,0.05,0.1
5,1,5,0,False,0.585885318098619,0.2176265473498482,2,qEHVI,0.05,0.0,0.65,0.1,0.0,0.1,0.1
5,1,5,0,False,0.585885318098619,0.2176265473498482,3,qEHVI,0.1,0.2,0.6000000000000001,0.1,0.0,0.0,0.0
5,1,5,0,False,0.585885318098619,0.2176265473498482,4,qEHVI,0.1,0.0,0.7000000000000001,0.1,0.0,0.1,0.0
5,2,4,1,True,0.5400003936260752,0.29832701730678046,0,qEHVI,0.0,0.0,0.65,0.1,0.0,0.15000000000000002,0.1
5,2,4,1,True,0.5400003936260752,0.29832701730678046,1,qEHVI,0.1,0.0,0.65,0.1,0.0,0.05,0.1
5,2,4,1,True,0.5400003936260752,0.29832701730678046,2,qEHVI,0.05,0.0,0.65,0.1,0.0,0.1,0.1
5,2,4,1,True,0.5400003936260752,0.29832701730678046,3,qEHVI,0.1,0.2,0.6000000000000001,0.1,0.0,0.0,0.0
5,2,4,1,True,0.5400003936260752,0.29832701730678046,4,qUCB,0.35000000000000003,0.30000000000000004,0.2,0.0,0.05,0.0,0.1
5,3,3,2,False,0.4834978187900151,0.2445762702981047,0,qEHVI,0.0,0.0,0.65,0.1,0.0,0.15000000000000002,0.1
5,3,3,2,False,0.4834978187900151,0.2445762702981047,1,qEHVI,0.1,0.0,0.65,0.1,0.0,0.05,0.1
5,3,3,2,False,0.4834978187900151,0.2445762702981047,2,qEHVI,0.05,0.0,0.65,0.1,0.0,0.1,0.1
5,3,3,2,False,0.4834978187900151,0.2445762702981047,3,qUCB,0.1,0.5,0.2,0.1,0.1,0.0,0.0
5,3,3,2,False,0.4834978187900151,0.2445762702981047,4,qUCB,0.35000000000000003,0.4,0.2,0.0,0.05,0.0,0.0
5,4,2,3,False,0.4093112505854946,0.11083347193051596,0,qEHVI,0.0,0.0,0.65,0.1,0.0,0.15000000000000002,0.1
5,4,2,3,False,0.4093112505854946,0.11083347193051596,1,qEHVI,0.1,0.0,0.65,0.1,0.0,0.05,0.1
5,4,2,3,False,0.4093112505854946,0.11083347193051596,2,qUCB,0.1,0.5,0.2,0.1,0.1,0.0,0.0
5,4,2,3,False,0.4093112505854946,0.11083347193051596,3,qUCB,0.35000000000000003,0.4,0.2,0.0,0.05,0.0,0.0
5,4,2,3,False,0.4093112505854946,0.11083347193051596,4,qUCB,0.35000000000000003,0.05,0.2,0.0,0.1,0.2,0.1
5,5,1,4,False,0.28415589539224323,0.07819941360567917,0,qEHVI,0.0,0.0,0.65,0.1,0.0,0.15000000000000002,0.1
5,5,1,4,False,0.28415589539224323,0.07819941360567917,1,qUCB,0.35000000000000003,0.4,0.2,0.0,0.05,0.0,0.0
5,5,1,4,False,0.28415589539224323,0.07819941360567917,2,qUCB,0.1,0.5,0.2,0.1,0.1,0.0,0.0
5,5,1,4,False,0.28415589539224323,0.07819941360567917,3,qUCB,0.35000000000000003,0.05,0.2,0.0,0.1,0.2,0.1
5,5,1,4,False,0.28415589539224323,0.07819941360567917,4,qUCB,0.35000000000000003,0.0,0.55,0.0,0.1,0.0,0.0
5,6,0,5,False,0.19039529648594192,0.43684488127509447,0,qUCB,0.35000000000000003,0.0,0.55,0.0,0.0,0.0,0.1
5,6,0,5,False,0.19039529648594192,0.43684488127509447,1,qUCB,0.0,0.0,0.30000000000000004,0.05,0.1,0.45,0.1
5,6,0,5,False,0.19039529648594192,0.43684488127509447,2,qUCB,0.35000000000000003,0.0,0.2,0.1,0.1,0.15000000000000002,0.1
5,6,0,5,False,0.19039529648594192,0.43684488127509447,3,qUCB,0.35000000000000003,0.4,0.2,0.05,0.0,0.0,0.0
5,6,0,5,False,0.19039529648594192,0.43684488127509447,4,qUCB,0.35000000000000003,0.0,0.55,0.0,0.1,0.0,0.0
6,1,5,0,False,0.3257457801312371,0.42632574914439836,0,qEHVI,0.05,0.05,0.7000000000000001,0.1,0.0,0.05,0.05
6,1,5,0,False,0.3257457801312371,0.42632574914439836,1,qEHVI,0.1,0.1,0.7000000000000001,0.1,0.0,0.0,0.0
6,1,5,0,False,0.3257457801312371,0.42632574914439836,2,qEHVI,0.1,0.05,0.7000000000000001,0.1,0.0,0.05,0.0
6,1,5,0,False,0.3257457801312371,0.42632574914439836,3,qEHVI,0.1,0.0,0.7000000000000001,0.1,0.0,0.1,0.0
6,1,5,0,False,0.3257457801312371,0.42632574914439836,4,qEHVI,0.15000000000000002,0.1,0.65,0.1,0.0,0.0,0.0
6,2,4,1,True,0.30759843451773433,1.139702655534931,0,qEHVI,0.05,0.05,0.7000000000000001,0.1,0.0,0.05,0.05
6,2,4,1,True,0.30759843451773433,1.139702655534931,1,qEHVI,0.1,0.1,0.7000000000000001,0.1,0.0,0.0,0.0
6,2,4,1,True,0.30759843451773433,1.139702655534931,2,qEHVI,0.1,0.05,0.7000000000000001,0.1,0.0,0.05,0.0
6,2,4,1,True,0.30759843451773433,1.139702655534931,3,qEHVI,0.1,0.0,0.7000000000000001,0.1,0.0,0.1,0.0
6,2,4,1,True,0.30759843451773433,1.139702655534931,4,qUCB,0.0,0.0,0.35000000000000003,0.0,0.1,0.45,0.1
6,3,3,2,False,0.2577582496470236,0.44641672946546773,0,qEHVI,0.05,0.05,0.7000000000000001,0.1,0.0,0.05,0.05
6,3,3,2,False,0.2577582496470236,0.44641672946546773,1,qEHVI,0.1,0.1,0.7000000000000001,0.1,0.0,0.0,0.0
6,3,3,2,False,0.2577582496470236,0.44641672946546773,2,qEHVI,0.1,0.05,0.7000000000000001,0.1,0.0,0.05,0.0
6,3,3,2,False,0.2577582496470236,0.44641672946546773,3,qUCB,0.0,0.0,0.35000000000000003,0.0,0.1,0.45,0.1
6,3,3,2,False,0.2577582496470236,0.44641672946546773,4,qUCB,0.35000000000000003,0.0,0.2,0.0,0.1,0.25,0.1
6,4,2,3,False,0.20037055277420435,0.48672810571672986,0,qEHVI,0.05,0.05,0.7000000000000001,0.1,0.0,0.05,0.05
6,4,2,3,False,0.20037055277420435,0.48672810571672986,1,qEHVI,0.1,0.1,0.7000000000000001,0.1,0.0,0.0,0.0
6,4,2,3,False,0.20037055277420435,0.48672810571672986,2,qUCB,0.0,0.0,0.35000000000000003,0.0,0.1,0.45,0.1
6,4,2,3,False,0.20037055277420435,0.48672810571672986,3,qUCB,0.35000000000000003,0.0,0.2,0.0,0.1,0.25,0.1
6,4,2,3,False,0.20037055277420435,0.48672810571672986,4,qUCB,0.15000000000000002,0.0,0.2,0.0,0.1,0.45,0.1
6,5,1,4,False,0.12969946918582184,0.1287630559654218,0,qEHVI,0.05,0.05,0.7000000000000001,0.1,0.0,0.05,0.05
6,5,1,4,False,0.12969946918582184,0.1287630559654218,1,qUCB,0.0,0.0,0.35000000000000003,0.0,0.1,0.45,0.1
6,5,1,4,False,0.12969946918582184,0.1287630559654218,2,qUCB,0.35000000000000003,0.0,0.2,0.0,0.1,0.25,0.1
6,5,1,4,False,0.12969946918582184,0.1287630559654218,3,qUCB,0.15000000000000002,0.0,0.2,0.0,0.1,0.45,0.1
6,5,1,4,False,0.12969946918582184,0.1287630559654218,4,qUCB,0.05,0.2,0.2,0.0,0.1,0.45,0.0
6,6,0,5,False,0.10027616996999138,0.1374710730088502,0,qUCB,0.0,0.0,0.35000000000000003,0.0,0.1,0.45,0.1
6,6,0,5,False,0.10027616996999138,0.1374710730088502,1,qUCB,0.35000000000000003,0.0,0.55,0.0,0.0,0.0,0.1
6,6,0,5,False,0.10027616996999138,0.1374710730088502,2,qUCB,0.35000000000000003,0.0,0.2,0.0,0.1,0.25,0.1
6,6,0,5,False,0.10027616996999138,0.1374710730088502,3,qUCB,0.0,0.5,0.30000000000000004,0.1,0.1,0.0,0.0
6,6,0,5,False,0.10027616996999138,0.1374710730088502,4,qUCB,0.35000000000000003,0.0,0.55,0.0,0.1,0.0,0.0
7,1,5,0,False,0.2139007264372464,0.4239684201216054,0,qEHVI,0.15000000000000002,0.0,0.7000000000000001,0.1,0.0,0.0,0.05
7,1,5,0,False,0.2139007264372464,0.4239684201216054,1,qEHVI,0.15000000000000002,0.1,0.65,0.1,0.0,0.0,0.0
7,1,5,0,False,0.2139007264372464,0.4239684201216054,2,qEHVI,0.0,0.05,0.7000000000000001,0.1,0.0,0.05,0.1
7,1,5,0,False,0.2139007264372464,0.4239684201216054,3,qEHVI,0.0,0.1,0.7000000000000001,0.1,0.0,0.05,0.05
7,1,5,0,False,0.2139007264372464,0.4239684201216054,4,qEHVI,0.05,0.1,0.7000000000000001,0.05,0.0,0.05,0.05
7,2,4,1,False,0.19434044141899046,0.23602055546774814,0,qEHVI,0.15000000000000002,0.0,0.7000000000000001,0.1,0.0,0.0,0.05
7,2,4,1,False,0.19434044141899046,0.23602055546774814,1,qEHVI,0.15000000000000002,0.1,0.65,0.1,0.0,0.0,0.0
7,2,4,1,False,0.19434044141899046,0.23602055546774814,2,qEHVI,0.0,0.05,0.7000000000000001,0.1,0.0,0.05,0.1
7,2,4,1,False,0.19434044141899046,0.23602055546774814,3,qEHVI,0.0,0.1,0.7000000000000001,0.1,0.0,0.05,0.05
7,2,4,1,False,0.19434044141899046,0.23602055546774814,4,qUCB,0.0,0.25,0.2,0.0,0.1,0.45,0.0
7,3,3,2,True,0.17228845456911215,0.14989966093236154,0,qEHVI,0.15000000000000002,0.0,0.7000000000000001,0.1,0.0,0.0,0.05
7,3,3,2,True,0.17228845456911215,0.14989966093236154,1,qEHVI,0.15000000000000002,0.1,0.65,0.1,0.0,0.0,0.0
7,3,3,2,True,0.17228845456911215,0.14989966093236154,2,qEHVI,0.0,0.05,0.7000000000000001,0.1,0.0,0.05,0.1
7,3,3,2,True,0.17228845456911215,0.14989966093236154,3,qUCB,0.0,0.25,0.2,0.0,0.1,0.45,0.0
7,3,3,2,True,0.17228845456911215,0.14989966093236154,4,qUCB,0.35000000000000003,0.0,0.2,0.0,0.1,0.25,0.1
7,4,2,3,False,0.1222760943893042,0.16134226391924722,0,qEHVI,0.15000000000000002,0.0,0.7000000000000001,0.1,0.0,0.0,0.05
7,4,2,3,False,0.1222760943893042,0.16134226391924722,1,qEHVI,0.15000000000000002,0.1,0.65,0.1,0.0,0.0,0.0
7,4,2,3,False,0.1222760943893042,0.16134226391924722,2,qUCB,0.05,0.1,0.2,0.0,0.1,0.45,0.1
7,4,2,3,False,0.1222760943893042,0.16134226391924722,3,qUCB,0.35000000000000003,0.0,0.2,0.0,0.1,0.25,0.1
7,4,2,3,False,0.1222760943893042,0.16134226391924722,4,qUCB,0.0,0.25,0.2,0.0,0.1,0.45,0.0
7,5,1,4,False,0.08012658886631963,0.0903362691613907,0,qEHVI,0.15000000000000002,0.0,0.7000000000000001,0.1,0.0,0.0,0.05
7,5,1,4,False,0.08012658886631963,0.0903362691613907,1,qUCB,0.0,0.25,0.2,0.0,0.1,0.45,0.0
7,5,1,4,False,0.08012658886631963,0.0903362691613907,2,qUCB,0.35000000000000003,0.0,0.2,0.0,0.1,0.25,0.1
7,5,1,4,False,0.08012658886631963,0.0903362691613907,3,qUCB,0.0,0.25,0.2,0.0,0.0,0.45,0.1
7,5,1,4,False,0.08012658886631963,0.0903362691613907,4,qUCB,0.1,0.5,0.2,0.1,0.1,0.0,0.0
7,6,0,5,False,0.05170118515152987,0.1434627974129956,0,qUCB,0.0,0.0,0.7000000000000001,0.1,0.0,0.15000000000000002,0.05
7,6,0,5,False,0.05170118515152987,0.1434627974129956,1,qUCB,0.35000000000000003,0.0,0.55,0.0,0.0,0.0,0.1
7,6,0,5,False,0.05170118515152987,0.1434627974129956,2,qUCB,0.35000000000000003,0.0,0.2,0.05,0.0,0.30000000000000004,0.1
7,6,0,5,False,0.05170118515152987,0.1434627974129956,3,qUCB,0.0,0.25,0.2,0.0,0.1,0.45,0.0
7,6,0,5,False,0.05170118515152987,0.1434627974129956,4,qUCB,0.0,0.0,0.4,0.1,0.1,0.30000000000000004,0.1
8,1,5,0,False,0.16755133185318352,0.21150580009149067,0,qEHVI,0.1,0.15000000000000002,0.65,0.1,0.0,0.0,0.0
8,1,5,0,False,0.16755133185318352,0.21150580009149067,1,qEHVI,0.1,0.0,0.7000000000000001,0.1,0.0,0.0,0.1
8,1,5,0,False,0.16755133185318352,0.21150580009149067,2,qEHVI,0.05,0.15000000000000002,0.65,0.1,0.0,0.0,0.05
8,1,5,0,False,0.16755133185318352,0.21150580009149067,3,qEHVI,0.0,0.0,0.65,0.1,0.0,0.2,0.05
8,1,5,0,False,0.16755133185318352,0.21150580009149067,4,qEHVI,0.0,0.15000000000000002,0.7000000000000001,0.1,0.0,0.0,0.05
8,2,4,1,True,0.14885373010226657,0.3219225225945994,0,qEHVI,0.1,0.15000000000000002,0.65,0.1,0.0,0.0,0.0
8,2,4,1,True,0.14885373010226657,0.3219225225945994,1,qEHVI,0.1,0.0,0.7000000000000001,0.1,0.0,0.0,0.1
8,2,4,1,True,0.14885373010226657,0.3219225225945994,2,qEHVI,0.05,0.15000000000000002,0.65,0.1,0.0,0.0,0.05
8,2,4,1,True,0.14885373010226657,0.3219225225945994,3,qEHVI,0.0,0.0,0.65,0.1,0.0,0.2,0.05
8,2,4,1,True,0.14885373010226657,0.3219225225945994,4,qUCB,0.15000000000000002,0.0,0.2,0.0,0.1,0.45,0.1
8,3,3,2,False,0.13359681159174422,0.28287254857580946,0,qEHVI,0.1,0.15000000000000002,0.65,0.1,0.0,0.0,0.0
8,3,3,2,False,0.13359681159174422,0.28287254857580946,1,qEHVI,0.1,0.0,0.7000000000000001,0.1,0.0,0.0,0.1
8,3,3,2,False,0.13359681159174422,0.28287254857580946,2,qEHVI,0.05,0.15000000000000002,0.65,0.1,0.0,0.0,0.05
8,3,3,2,False,0.13359681159174422,0.28287254857580946,3,qUCB,0.15000000000000002,0.0,0.2,0.0,0.1,0.45,0.1
8,3,3,2,False,0.13359681159174422,0.28287254857580946,4,qUCB,0.35000000000000003,0.0,0.55,0.0,0.1,0.0,0.0
8,4,2,3,False,0.10457830271849092,0.25293640786347454,0,qEHVI,0.1,0.15000000000000002,0.65,0.1,0.0,0.0,0.0
8,4,2,3,False,0.10457830271849092,0.25293640786347454,1,qEHVI,0.1,0.0,0.7000000000000001,0.1,0.0,0.0,0.1
8,4,2,3,False,0.10457830271849092,0.25293640786347454,2,qUCB,0.15000000000000002,0.0,0.2,0.0,0.1,0.45,0.1
8,4,2,3,False,0.10457830271849092,0.25293640786347454,3,qUCB,0.35000000000000003,0.0,0.55,0.0,0.1,0.0,0.0
8,4,2,3,False,0.10457830271849092,0.25293640786347454,4,qUCB,0.2,0.5,0.2,0.0,0.0,0.0,0.1
8,5,1,4,False,0.07140021937246036,0.1131209617029425,0,qEHVI,0.1,0.15000000000000002,0.65,0.1,0.0,0.0,0.0
8,5,1,4,False,0.07140021937246036,0.1131209617029425,1,qUCB,0.15000000000000002,0.0,0.2,0.0,0.1,0.45,0.1
8,5,1,4,False,0.07140021937246036,0.1131209617029425,2,qUCB,0.05,0.0,0.4,0.0,0.0,0.45,0.1
8,5,1,4,False,0.07140021937246036,0.1131209617029425,3,qUCB,0.35000000000000003,0.0,0.55,0.0,0.1,0.0,0.0
8,5,1,4,False,0.07140021937246036,0.1131209617029425,4,qUCB,0.0,0.05,0.2,0.1,0.1,0.45,0.1
8,6,0,5,False,0.05669752745331506,0.4532967068471052,0,qUCB,0.0,0.0,0.35000000000000003,0.1,0.0,0.45,0.1
8,6,0,5,False,0.05669752745331506,0.4532967068471052,1,qUCB,0.35000000000000003,0.0,0.6000000000000001,0.05,0.0,0.0,0.0
8,6,0,5,False,0.05669752745331506,0.4532967068471052,2,qUCB,0.0,0.0,0.7000000000000001,0.1,0.1,0.1,0.0
8,6,0,5,False,0.05669752745331506,0.4532967068471052,3,qUCB,0.1,0.0,0.35000000000000003,0.0,0.0,0.45,0.1
8,6,0,5,False,0.05669752745331506,0.4532967068471052,4,qUCB,0.1,0.5,0.2,0.1,0.1,0.0,0.0
9,1,5,0,False,0.11677040642793604,0.17743439635133917,0,qEHVI,0.15000000000000002,0.15000000000000002,0.65,0.05,0.0,0.0,0.0
9,1,5,0,False,0.11677040642793604,0.17743439635133917,1,qEHVI,0.0,0.0,0.35000000000000003,0.1,0.0,0.45,0.1
9,1,5,0,False,0.11677040642793604,0.17743439635133917,2,qEHVI,0.1,0.05,0.7000000000000001,0.1,0.0,0.0,0.05
9,1,5,0,False,0.11677040642793604,0.17743439635133917,3,qEHVI,0.0,0.0,0.7000000000000001,0.1,0.0,0.15000000000000002,0.05
9,1,5,0,False,0.11677040642793604,0.17743439635133917,4,qEHVI,0.0,0.0,0.5,0.0,0.0,0.4,0.1
9,2,4,1,True,0.10424492898081587,0.9531536165538084,0,qEHVI,0.0,0.0,0.35000000000000003,0.1,0.0,0.45,0.1
9,2,4,1,True,0.10424492898081587,0.9531536165538084,1,qEHVI,0.15000000000000002,0.15000000000000002,0.65,0.05,0.0,0.0,0.0
9,2,4,1,True,0.10424492898081587,0.9531536165538084,2,qEHVI,0.1,0.05,0.7000000000000001,0.1,0.0,0.0,0.05
9,2,4,1,True,0.10424492898081587,0.9531536165538084,3,qEHVI,0.0,0.0,0.7000000000000001,0.1,0.0,0.15000000000000002,0.05
9,2,4,1,True,0.10424492898081587,0.9531536165538084,4,qUCB,0.0,0.5,0.30000000000000004,0.1,0.1,0.0,0.0
9,3,3,2,False,0.08873907418942811,0.21713047552922804,0,qEHVI,0.15000000000000002,0.15000000000000002,0.65,0.05,0.0,0.0,0.0
9,3,3,2,False,0.08873907418942811,0.21713047552922804,1,qEHVI,0.0,0.0,0.35000000000000003,0.1,0.0,0.45,0.1
9,3,3,2,False,0.08873907418942811,0.21713047552922804,2,qEHVI,0.1,0.05,0.7000000000000001,0.1,0.0,0.0,0.05
9,3,3,2,False,0.08873907418942811,0.21713047552922804,3,qUCB,0.0,0.5,0.30000000000000004,0.1,0.1,0.0,0.0
9,3,3,2,False,0.08873907418942811,0.21713047552922804,4,qUCB,0.35000000000000003,0.25,0.2,0.1,0.1,0.0,0.0
9,4,2,3,False,0.07051107246186722,0.2431232207552423,0,qEHVI,0.0,0.0,0.35000000000000003,0.1,0.0,0.45,0.1
9,4,2,3,False,0.07051107246186722,0.2431232207552423,1,qEHVI,0.15000000000000002,0.15000000000000002,0.65,0.05,0.0,0.0,0.0
9,4,2,3,False,0.07051107246186722,0.2431232207552423,2,qUCB,0.0,0.0,0.65,0.0,0.1,0.15000000000000002,0.1
9,4,2,3,False,0.07051107246186722,0.2431232207552423,3,qUCB,0.35000000000000003,0.25,0.2,0.1,0.1,0.0,0.0
9,4,2,3,False,0.07051107246186722,0.2431232207552423,4,qUCB,0.0,0.5,0.30000000000000004,0.1,0.1,0.0,0.0
9,5,1,4,False,0.06367307964263809,0.11235018298963029,0,qEHVI,0.15000000000000002,0.15000000000000002,0.65,0.05,0.0,0.0,0.0
9,5,1,4,False,0.06367307964263809,0.11235018298963029,1,qUCB,0.0,0.0,0.35000000000000003,0.1,0.0,0.45,0.1
9,5,1,4,False,0.06367307964263809,0.11235018298963029,2,qUCB,0.0,0.0,0.35000000000000003,0.1,0.1,0.35000000000000003,0.1
9,5,1,4,False,0.06367307964263809,0.11235018298963029,3,qUCB,0.0,0.15000000000000002,0.2,0.1,0.0,0.45,0.1
9,5,1,4,False,0.06367307964263809,0.11235018298963029,4,qUCB,0.35000000000000003,0.25,0.2,0.1,0.1,0.0,0.0
9,6,0,5,False,0.08086010429295899,0.06723764305259561,0,qUCB,0.0,0.0,0.5,0.0,0.0,0.4,0.1
9,6,0,5,False,0.08086010429295899,0.06723764305259561,1,qUCB,0.35000000000000003,0.0,0.65,0.0,0.0,0.0,0.0
9,6,0,5,False,0.08086010429295899,0.06723764305259561,2,qUCB,0.0,0.0,0.35000000000000003,0.1,0.0,0.45,0.1
9,6,0,5,False,0.08086010429295899,0.06723764305259561,3,qUCB,0.35000000000000003,0.35000000000000003,0.2,0.1,0.0,0.0,0.0
9,6,0,5,False,0.08086010429295899,0.06723764305259561,4,qUCB,0.35000000000000003,0.0,0.5,0.05,0.0,0.0,0.1
10,1,5,0,False,0.12828661051224277,0.227975318981958,0,qEHVI,0.0,0.0,0.7000000000000001,0.05,0.0,0.15000000000000002,0.1
10,1,5,0,False,0.12828661051224277,0.227975318981958,1,qEHVI,0.15000000000000002,0.15000000000000002,0.55,0.1,0.0,0.0,0.05
10,1,5,0,False,0.12828661051224277,0.227975318981958,2,qEHVI,0.0,0.1,0.7000000000000001,0.1,0.0,0.05,0.05
10,1,5,0,False,0.12828661051224277,0.227975318981958,3,qEHVI,0.05,0.1,0.7000000000000001,0.05,0.0,0.05,0.05
10,1,5,0,False,0.12828661051224277,0.227975318981958,4,qEHVI,0.35000000000000003,0.0,0.6000000000000001,0.05,0.0,0.0,0.0
10,2,4,1,True,0.11040791052523038,0.5271805514447818,0,qEHVI,0.0,0.0,0.7000000000000001,0.05,0.0,0.15000000000000002,0.1
10,2,4,1,True,0.11040791052523038,0.5271805514447818,1,qEHVI,0.15000000000000002,0.15000000000000002,0.55,0.1,0.0,0.0,0.05
10,2,4,1,True,0.11040791052523038,0.5271805514447818,2,qEHVI,0.0,0.1,0.7000000000000001,0.1,0.0,0.05,0.05
10,2,4,1,True,0.11040791052523038,0.5271805514447818,3,qEHVI,0.05,0.1,0.7000000000000001,0.05,0.0,0.05,0.05
10,2,4,1,True,0.11040791052523038,0.5271805514447818,4,qUCB,0.0,0.05,0.2,0.1,0.1,0.45,0.1
10,3,3,2,False,0.09827023934549083,0.24361616338728886,0,qEHVI,0.0,0.0,0.7000000000000001,0.05,0.0,0.15000000000000002,0.1
10,3,3,2,False,0.09827023934549083,0.24361616338728886,1,qEHVI,0.15000000000000002,0.15000000000000002,0.55,0.1,0.0,0.0,0.05
10,3,3,2,False,0.09827023934549083,0.24361616338728886,2,qEHVI,0.0,0.1,0.7000000000000001,0.1,0.0,0.05,0.05
10,3,3,2,False,0.09827023934549083,0.24361616338728886,3,qUCB,0.0,0.05,0.2,0.1,0.1,0.45,0.1
10,3,3,2,False,0.09827023934549083,0.24361616338728886,4,qUCB,0.35000000000000003,0.0,0.55,0.0,0.1,0.0,0.0
10,4,2,3,False,0.07694349897311448,0.1983982252386538,0,qEHVI,0.0,0.0,0.7000000000000001,0.05,0.0,0.15000000000000002,0.1
10,4,2,3,False,0.07694349897311448,0.1983982252386538,1,qEHVI,0.15000000000000002,0.15000000000000002,0.55,0.1,0.0,0.0,0.05
10,4,2,3,False,0.07694349897311448,0.1983982252386538,2,qUCB,0.0,0.05,0.2,0.1,0.1,0.45,0.1
10,4,2,3,False,0.07694349897311448,0.1983982252386538,3,qUCB,0.35000000000000003,0.0,0.55,0.0,0.1,0.0,0.0
10,4,2,3,False,0.07694349897311448,0.1983982252386538,4,qUCB,0.30000000000000004,0.4,0.2,0.0,0.1,0.0,0.0
10,5,1,4,False,0.060474551336243264,0.0445374636159952,0,qEHVI,0.0,0.0,0.7000000000000001,0.05,0.0,0.15000000000000002,0.1
10,5,1,4,False,0.060474551336243264,0.0445374636159952,1,qUCB,0.35000000000000003,0.4,0.2,0.05,0.0,0.0,0.0
10,5,1,4,False,0.060474551336243264,0.0445374636159952,2,qUCB,0.30000000000000004,0.30000000000000004,0.2,0.1,0.1,0.0,0.0
10,5,1,4,False,0.060474551336243264,0.0445374636159952,3,qUCB,0.35000000000000003,0.0,0.55,0.0,0.1,0.0,0.0
10,5,1,4,False,0.060474551336243264,0.0445374636159952,4,qUCB,0.30000000000000004,0.4,0.2,0.0,0.1,0.0,0.0
10,6,0,5,False,0.0473584020171972,0.06762664711875743,0,qUCB,0.0,0.0,0.55,0.0,0.0,0.35000000000000003,0.1
10,6,0,5,False,0.0473584020171972,0.06762664711875743,1,qUCB,0.35000000000000003,0.0,0.55,0.0,0.0,0.0,0.1
10,6,0,5,False,0.0473584020171972,0.06762664711875743,2,qUCB,0.35000000000000003,0.0,0.55,0.0,0.1,0.0,0.0
10,6,0,5,False,0.0473584020171972,0.06762664711875743,3,qUCB,0.0,0.0,0.4,0.1,0.1,0.30000000000000004,0.1
10,6,0,5,False,0.0473584020171972,0.06762664711875743,4,qUCB,0.35000000000000003,0.25,0.30000000000000004,0.1,0.0,0.0,0.0
11,1,5,0,False,0.11326750577222294,0.16627041490496786,0,qEHVI,0.15000000000000002,0.1,0.6000000000000001,0.1,0.0,0.0,0.05
11,1,5,0,False,0.11326750577222294,0.16627041490496786,1,qEHVI,0.35000000000000003,0.0,0.65,0.0,0.0,0.0,0.0
11,1,5,0,False,0.11326750577222294,0.16627041490496786,2,qEHVI,0.0,0.15000000000000002,0.7000000000000001,0.1,0.0,0.0,0.05
11,1,5,0,False,0.11326750577222294,0.16627041490496786,3,qEHVI,0.0,0.0,0.6000000000000001,0.1,0.05,0.15000000000000002,0.1
11,1,5,0,False,0.11326750577222294,0.16627041490496786,4,qEHVI,0.35000000000000003,0.0,0.5,0.05,0.0,0.0,0.1
11,2,4,1,False,0.09878694822318689,0.097956853618129,0,qEHVI,0.35000000000000003,0.0,0.65,0.0,0.0,0.0,0.0
11,2,4,1,False,0.09878694822318689,0.097956853618129,1,qEHVI,0.15000000000000002,0.1,0.6000000000000001,0.1,0.0,0.0,0.05
11,2,4,1,False,0.09878694822318689,0.097956853618129,2,qEHVI,0.0,0.15000000000000002,0.7000000000000001,0.1,0.0,0.0,0.05
11,2,4,1,False,0.09878694822318689,0.097956853618129,3,qEHVI,0.0,0.0,0.6000000000000001,0.1,0.05,0.15000000000000002,0.1
11,2,4,1,False,0.09878694822318689,0.097956853618129,4,qUCB,0.2,0.5,0.2,0.0,0.0,0.0,0.1
11,3,3,2,False,0.08069612895914215,0.07626567924576755,0,qEHVI,0.35000000000000003,0.0,0.65,0.0,0.0,0.0,0.0
11,3,3,2,False,0.08069612895914215,0.07626567924576755,1,qEHVI,0.15000000000000002,0.1,0.6000000000000001,0.1,0.0,0.0,0.05
11,3,3,2,False,0.08069612895914215,0.07626567924576755,2,qEHVI,0.0,0.15000000000000002,0.7000000000000001,0.1,0.0,0.0,0.05
11,3,3,2,False,0.08069612895914215,0.07626567924576755,3,qUCB,0.0,0.0,0.4,0.0,0.1,0.4,0.1
11,3,3,2,False,0.08069612895914215,0.07626567924576755,4,qUCB,0.2,0.5,0.2,0.0,0.0,0.0,0.1
11,4,2,3,True,0.06938176716857908,0.28632316882562814,0,qEHVI,0.15000000000000002,0.1,0.6000000000000001,0.1,0.0,0.0,0.05
11,4,2,3,True,0.06938176716857908,0.28632316882562814,1,qEHVI,0.0,0.15000000000000002,0.7000000000000001,0.1,0.0,0.0,0.05
11,4,2,3,True,0.06938176716857908,0.28632316882562814,2,qUCB,0.0,0.0,0.4,0.0,0.1,0.4,0.1
11,4,2,3,True,0.06938176716857908,0.28632316882562814,3,qUCB,0.35000000000000003,0.0,0.55,0.0,0.1,0.0,0.0
11,4,2,3,True,0.06938176716857908,0.28632316882562814,4,qUCB,0.35000000000000003,0.4,0.2,0.0,0.05,0.0,0.0
11,5,1,4,False,0.038524073510725856,0.10783660256113237,0,qEHVI,0.35000000000000003,0.0,0.65,0.0,0.0,0.0,0.0
11,5,1,4,False,0.038524073510725856,0.10783660256113237,1,qUCB,0.0,0.05,0.35000000000000003,0.1,0.1,0.30000000000000004,0.1
11,5,1,4,False,0.038524073510725856,0.10783660256113237,2,qUCB,0.0,0.0,0.30000000000000004,0.1,0.1,0.45,0.05
11,5,1,4,False,0.038524073510725856,0.10783660256113237,3,qUCB,0.0,0.5,0.30000000000000004,0.1,0.0,0.0,0.1
11,5,1,4,False,0.038524073510725856,0.10783660256113237,4,qUCB,0.15000000000000002,0.45,0.2,0.1,0.0,0.0,0.1
11,6,0,5,False,0.05988065497933429,0.14074644958275861,0,qUCB,0.35000000000000003,0.0,0.65,0.0,0.0,0.0,0.0
11,6,0,5,False,0.05988065497933429,0.14074644958275861,1,qUCB,0.0,0.0,0.7000000000000001,0.1,0.1,0.1,0.0
11,6,0,5,False,0.05988065497933429,0.14074644958275861,2,qUCB,0.35000000000000003,0.0,0.5,0.05,0.0,0.0,0.1
11,6,0,5,False,0.05988065497933429,0.14074644958275861,3,qUCB,0.35000000000000003,0.35000000000000003,0.2,0.1,0.0,0.0,0.0
11,6,0,5,False,0.05988065497933429,0.14074644958275861,4,qUCB,0.35000000000000003,0.0,0.55,0.0,0.1,0.0,0.0
12,1,5,0,False,0.10893831310353647,0.05115790183987534,0,qEHVI,0.15000000000000002,0.1,0.65,0.05,0.0,0.0,0.05
12,1,5,0,False,0.10893831310353647,0.05115790183987534,1,qEHVI,0.05,0.0,0.7000000000000001,0.1,0.1,0.05,0.0
12,1,5,0,False,0.10893831310353647,0.05115790183987534,2,qEHVI,0.0,0.0,0.7000000000000001,0.05,0.0,0.2,0.05
12,1,5,0,False,0.10893831310353647,0.05115790183987534,3,qEHVI,0.0,0.0,0.7000000000000001,0.1,0.1,0.1,0.0
12,1,5,0,False,0.10893831310353647,0.05115790183987534,4,qEHVI,0.30000000000000004,0.0,0.6000000000000001,0.0,0.0,0.0,0.1
12,2,4,1,True,0.09199281948519773,0.4842123741163764,0,qEHVI,0.15000000000000002,0.1,0.65,0.05,0.0,0.0,0.05
12,2,4,1,True,0.09199281948519773,0.4842123741163764,1,qEHVI,0.0,0.0,0.7000000000000001,0.05,0.0,0.2,0.05
12,2,4,1,True,0.09199281948519773,0.4842123741163764,2,qEHVI,0.05,0.0,0.7000000000000001,0.1,0.1,0.05,0.0
12,2,4,1,True,0.09199281948519773,0.4842123741163764,3,qEHVI,0.0,0.0,0.7000000000000001,0.1,0.1,0.1,0.0
12,2,4,1,True,0.09199281948519773,0.4842123741163764,4,qUCB,0.2,0.5,0.2,0.0,0.1,0.0,0.0
12,3,3,2,False,0.0776699884013406,0.13479741904553644,0,qEHVI,0.15000000000000002,0.1,0.65,0.05,0.0,0.0,0.05
12,3,3,2,False,0.0776699884013406,0.13479741904553644,1,qEHVI,0.05,0.0,0.7000000000000001,0.1,0.1,0.05,0.0
12,3,3,2,False,0.0776699884013406,0.13479741904553644,2,qEHVI,0.0,0.0,0.7000000000000001,0.05,0.0,0.2,0.05
12,3,3,2,False,0.0776699884013406,0.13479741904553644,3,qUCB,0.2,0.5,0.2,0.0,0.1,0.0,0.0
12,3,3,2,False,0.0776699884013406,0.13479741904553644,4,qUCB,0.0,0.5,0.2,0.1,0.1,0.0,0.1
12,4,2,3,False,0.05650366373163716,0.0840434552665612,0,qEHVI,0.15000000000000002,0.1,0.65,0.05,0.0,0.0,0.05
12,4,2,3,False,0.05650366373163716,0.0840434552665612,1,qEHVI,0.05,0.0,0.7000000000000001,0.1,0.1,0.05,0.0
12,4,2,3,False,0.05650366373163716,0.0840434552665612,2,qUCB,0.0,0.15000000000000002,0.2,0.0,0.1,0.45,0.1
12,4,2,3,False,0.05650366373163716,0.0840434552665612,3,qUCB,0.0,0.5,0.2,0.1,0.1,0.0,0.1
12,4,2,3,False,0.05650366373163716,0.0840434552665612,4,qUCB,0.35000000000000003,0.05,0.2,0.0,0.1,0.30000000000000004,0.0
12,5,1,4,False,0.03702731791494746,0.28898909439154963,0,qEHVI,0.15000000000000002,0.1,0.65,0.05,0.0,0.0,0.05
12,5,1,4,False,0.03702731791494746,0.28898909439154963,1,qUCB,0.05,0.0,0.2,0.1,0.1,0.45,0.1
12,5,1,4,False,0.03702731791494746,0.28898909439154963,2,qUCB,0.0,0.5,0.2,0.1,0.1,0.0,0.1
12,5,1,4,False,0.03702731791494746,0.28898909439154963,3,qUCB,0.0,0.25,0.2,0.0,0.0,0.45,0.1
12,5,1,4,False,0.03702731791494746,0.28898909439154963,4,qUCB,0.35000000000000003,0.05,0.2,0.0,0.1,0.30000000000000004,0.0
12,6,0,5,False,0.06263340242125819,0.36317125952442364,0,qUCB,0.0,0.0,0.7000000000000001,0.1,0.1,0.1,0.0
12,6,0,5,False,0.06263340242125819,0.36317125952442364,1,qUCB,0.30000000000000004,0.0,0.6000000000000001,0.0,0.0,0.0,0.1
12,6,0,5,False,0.06263340242125819,0.36317125952442364,2,qUCB,0.15000000000000002,0.5,0.2,0.05,0.0,0.0,0.1
12,6,0,5,False,0.06263340242125819,0.36317125952442364,3,qUCB,0.0,0.0,0.5,0.1,0.1,0.2,0.1
12,6,0,5,False,0.06263340242125819,0.36317125952442364,4,qUCB,0.35000000000000003,0.0,0.4,0.0,0.0,0.25,0.0
13,1,5,0,False,0.10201238213402876,0.1767390619567557,0,qEHVI,0.1,0.2,0.65,0.05,0.0,0.0,0.0
13,1,5,0,False,0.10201238213402876,0.1767390619567557,1,qEHVI,0.1,0.05,0.65,0.1,0.0,0.05,0.05
13,1,5,0,False,0.10201238213402876,0.1767390619567557,2,qEHVI,0.1,0.0,0.65,0.1,0.0,0.1,0.05
13,1,5,0,False,0.10201238213402876,0.1767390619567557,3,qEHVI,0.0,0.05,0.7000000000000001,0.1,0.0,0.1,0.05
13,1,5,0,False,0.10201238213402876,0.1767390619567557,4,qEHVI,0.25,0.0,0.65,0.0,0.0,0.0,0.1
13,2,4,1,True,0.08941671670868016,0.08761861619682065,0,qEHVI,0.1,0.2,0.65,0.05,0.0,0.0,0.0
13,2,4,1,True,0.08941671670868016,0.08761861619682065,1,qEHVI,0.1,0.05,0.65,0.1,0.0,0.05,0.05
13,2,4,1,True,0.08941671670868016,0.08761861619682065,2,qEHVI,0.1,0.0,0.65,0.1,0.0,0.1,0.05
13,2,4,1,True,0.08941671670868016,0.08761861619682065,3,qEHVI,0.0,0.05,0.7000000000000001,0.1,0.0,0.1,0.05
13,2,4,1,True,0.08941671670868016,0.08761861619682065,4,qUCB,0.0,0.25,0.2,0.0,0.0,0.45,0.1
13,3,3,2,False,0.07558838367036258,0.04274678017851441,0,qEHVI,0.1,0.2,0.65,0.05,0.0,0.0,0.0
13,3,3,2,False,0.07558838367036258,0.04274678017851441,1,qEHVI,0.1,0.05,0.65,0.1,0.0,0.05,0.05
13,3,3,2,False,0.07558838367036258,0.04274678017851441,2,qEHVI,0.1,0.0,0.65,0.1,0.0,0.1,0.05
13,3,3,2,False,0.07558838367036258,0.04274678017851441,3,qUCB,0.0,0.25,0.2,0.0,0.0,0.45,0.1
13,3,3,2,False,0.07558838367036258,0.04274678017851441,4,qUCB,0.35000000000000003,0.0,0.2,0.0,0.1,0.35000000000000003,0.0
13,4,2,3,False,0.05759510464619369,0.07155452452743927,0,qEHVI,0.1,0.2,0.65,0.05,0.0,0.0,0.0
13,4,2,3,False,0.05759510464619369,0.07155452452743927,1,qEHVI,0.1,0.05,0.65,0.1,0.0,0.05,0.05
13,4,2,3,False,0.05759510464619369,0.07155452452743927,2,qUCB,0.0,0.25,0.2,0.0,0.0,0.45,0.1
13,4,2,3,False,0.05759510464619369,0.07155452452743927,3,qUCB,0.35000000000000003,0.0,0.2,0.0,0.1,0.35000000000000003,0.0
13,4,2,3,False,0.05759510464619369,0.07155452452743927,4,qUCB,0.1,0.5,0.2,0.1,0.0,0.0,0.1
13,5,1,4,False,0.04010219257737898,0.057194223192919225,0,qEHVI,0.1,0.2,0.65,0.05,0.0,0.0,0.0
13,5,1,4,False,0.04010219257737898,0.057194223192919225,1,qUCB,0.0,0.0,0.35000000000000003,0.1,0.1,0.35000000000000003,0.1
13,5,1,4,False,0.04010219257737898,0.057194223192919225,2,qUCB,0.0,0.25,0.2,0.0,0.0,0.45,0.1
13,5,1,4,False,0.04010219257737898,0.057194223192919225,3,qUCB,0.35000000000000003,0.0,0.35000000000000003,0.1,0.1,0.0,0.1
13,5,1,4,False,0.04010219257737898,0.057194223192919225,4,qUCB,0.35000000000000003,0.0,0.2,0.0,0.1,0.35000000000000003,0.0
13,6,0,5,False,0.03528196706773231,0.02484018186303949,0,qUCB,0.0,0.0,0.5,0.1,0.0,0.30000000000000004,0.1
13,6,0,5,False,0.03528196706773231,0.02484018186303949,1,qUCB,0.35000000000000003,0.0,0.5,0.0,0.0,0.05,0.1
13,6,0,5,False,0.03528196706773231,0.02484018186303949,2,qUCB,0.1,0.5,0.2,0.1,0.0,0.0,0.1
13,6,0,5,False,0.03528196706773231,0.02484018186303949,3,qUCB,0.1,0.0,0.5,0.0,0.0,0.30000000000000004,0.1
13,6,0,5,False,0.03528196706773231,0.02484018186303949,4,qUCB,0.15000000000000002,0.0,0.55,0.0,0.0,0.30000000000000004,0.0
14,1,5,0,True,0.09364302923093962,0.365629650495106,0,qEHVI,0.1,0.15000000000000002,0.6000000000000001,0.1,0.0,0.0,0.05
14,1,5,0,True,0.09364302923093962,0.365629650495106,1,qEHVI,0.1,0.05,0.7000000000000001,0.0,0.0,0.05,0.1
14,1,5,0,True,0.09364302923093962,0.365629650495106,2,qEHVI,0.0,0.0,0.6000000000000001,0.1,0.05,0.15000000000000002,0.1
14,1,5,0,True,0.09364302923093962,0.365629650495106,3,qEHVI,0.15000000000000002,0.15000000000000002,0.6000000000000001,0.05,0.0,0.0,0.05
14,1,5,0,True,0.09364302923093962,0.365629650495106,4,qEHVI,0.35000000000000003,0.0,0.5,0.05,0.0,0.0,0.1
14,2,4,1,False,0.07988712987483003,0.5034092098396501,0,qEHVI,0.1,0.15000000000000002,0.6000000000000001,0.1,0.0,0.0,0.05
14,2,4,1,False,0.07988712987483003,0.5034092098396501,1,qEHVI,0.1,0.05,0.7000000000000001,0.0,0.0,0.05,0.1
14,2,4,1,False,0.07988712987483003,0.5034092098396501,2,qEHVI,0.0,0.0,0.6000000000000001,0.1,0.05,0.15000000000000002,0.1
14,2,4,1,False,0.07988712987483003,0.5034092098396501,3,qEHVI,0.15000000000000002,0.15000000000000002,0.6000000000000001,0.05,0.0,0.0,0.05
14,2,4,1,False,0.07988712987483003,0.5034092098396501,4,qUCB,0.05,0.0,0.4,0.0,0.1,0.45,0.0
14,3,3,2,False,0.062268012990807635,0.04548395226073104,0,qEHVI,0.1,0.15000000000000002,0.6000000000000001,0.1,0.0,0.0,0.05
14,3,3,2,False,0.062268012990807635,0.04548395226073104,1,qEHVI,0.1,0.05,0.7000000000000001,0.0,0.0,0.05,0.1
14,3,3,2,False,0.062268012990807635,0.04548395226073104,2,qEHVI,0.0,0.0,0.6000000000000001,0.1,0.05,0.15000000000000002,0.1
14,3,3,2,False,0.062268012990807635,0.04548395226073104,3,qUCB,0.35000000000000003,0.05,0.2,0.0,0.1,0.30000000000000004,0.0
14,3,3,2,False,0.062268012990807635,0.04548395226073104,4,qUCB,0.1,0.5,0.2,0.0,0.1,0.0,0.1
14,4,2,3,False,0.04637511886633417,0.18110974439925642,0,qEHVI,0.1,0.15000000000000002,0.6000000000000001,0.1,0.0,0.0,0.05
14,4,2,3,False,0.04637511886633417,0.18110974439925642,1,qEHVI,0.1,0.05,0.7000000000000001,0.0,0.0,0.05,0.1
14,4,2,3,False,0.04637511886633417,0.18110974439925642,2,qUCB,0.05,0.0,0.2,0.1,0.1,0.45,0.1
14,4,2,3,False,0.04637511886633417,0.18110974439925642,3,qUCB,0.35000000000000003,0.05,0.2,0.0,0.1,0.30000000000000004,0.0
14,4,2,3,False,0.04637511886633417,0.18110974439925642,4,qUCB,0.0,0.0,0.30000000000000004,0.1,0.1,0.45,0.05
14,5,1,4,False,0.02904292268807069,0.1375078691876599,0,qEHVI,0.1,0.15000000000000002,0.6000000000000001,0.1,0.0,0.0,0.05
14,5,1,4,False,0.02904292268807069,0.1375078691876599,1,qUCB,0.05,0.0,0.30000000000000004,0.0,0.1,0.45,0.1
14,5,1,4,False,0.02904292268807069,0.1375078691876599,2,qUCB,0.35000000000000003,0.05,0.2,0.0,0.1,0.30000000000000004,0.0
14,5,1,4,False,0.02904292268807069,0.1375078691876599,3,qUCB,0.35000000000000003,0.0,0.4,0.0,0.1,0.05,0.1
14,5,1,4,False,0.02904292268807069,0.1375078691876599,4,qUCB,0.05,0.0,0.4,0.0,0.1,0.45,0.0
14,6,0,5,False,0.04374608024561846,0.08585124228894792,0,qUCB,0.05,0.0,0.7000000000000001,0.05,0.0,0.1,0.1
14,6,0,5,False,0.04374608024561846,0.08585124228894792,1,qUCB,0.35000000000000003,0.0,0.5,0.05,0.0,0.0,0.1
14,6,0,5,False,0.04374608024561846,0.08585124228894792,2,qUCB,0.35000000000000003,0.0,0.5,0.0,0.0,0.15000000000000002,0.0
14,6,0,5,False,0.04374608024561846,0.08585124228894792,3,qUCB,0.1,0.5,0.30000000000000004,0.0,0.0,0.0,0.1
14,6,0,5,False,0.04374608024561846,0.08585124228894792,4,qUCB,0.0,0.0,0.4,0.1,0.1,0.30000000000000004,0.1
15,1,5,0,True,0.07653972950496261,0.11686086467097212,0,qEHVI,0.25,0.0,0.7000000000000001,0.0,0.0,0.0,0.05
15,1,5,0,True,0.07653972950496261,0.11686086467097212,1,qEHVI,0.05,0.1,0.65,0.1,0.0,0.05,0.05
15,1,5,0,True,0.07653972950496261,0.11686086467097212,2,qEHVI,0.05,0.0,0.65,0.0,0.0,0.2,0.1
15,1,5,0,True,0.07653972950496261,0.11686086467097212,3,qEHVI,0.1,0.05,0.7000000000000001,0.05,0.0,0.0,0.1
15,1,5,0,True,0.07653972950496261,0.11686086467097212,4,qEHVI,0.15000000000000002,0.05,0.65,0.1,0.0,0.0,0.05
15,2,4,1,False,0.06319282286125313,0.4612177394224215,0,qEHVI,0.25,0.0,0.7000000000000001,0.0,0.0,0.0,0.05
15,2,4,1,False,0.06319282286125313,0.4612177394224215,1,qEHVI,0.05,0.1,0.65,0.1,0.0,0.05,0.05
15,2,4,1,False,0.06319282286125313,0.4612177394224215,2,qEHVI,0.05,0.0,0.65,0.0,0.0,0.2,0.1
15,2,4,1,False,0.06319282286125313,0.4612177394224215,3,qEHVI,0.1,0.05,0.7000000000000001,0.05,0.0,0.0,0.1
15,2,4,1,False,0.06319282286125313,0.4612177394224215,4,qUCB,0.05,0.0,0.2,0.1,0.1,0.45,0.1
15,3,3,2,False,0.057665927640043545,0.3745071335055412,0,qEHVI,0.25,0.0,0.7000000000000001,0.0,0.0,0.0,0.05
15,3,3,2,False,0.057665927640043545,0.3745071335055412,1,qEHVI,0.05,0.1,0.65,0.1,0.0,0.05,0.05
15,3,3,2,False,0.057665927640043545,0.3745071335055412,2,qEHVI,0.05,0.0,0.65,0.0,0.0,0.2,0.1
15,3,3,2,False,0.057665927640043545,0.3745071335055412,3,qUCB,0.05,0.0,0.2,0.1,0.1,0.45,0.1
15,3,3,2,False,0.057665927640043545,0.3745071335055412,4,qUCB,0.1,0.5,0.2,0.1,0.0,0.0,0.1
15,4,2,3,False,0.03989926453297982,0.058507498792015666,0,qEHVI,0.25,0.0,0.7000000000000001,0.0,0.0,0.0,0.05
15,4,2,3,False,0.03989926453297982,0.058507498792015666,1,qEHVI,0.05,0.1,0.65,0.1,0.0,0.05,0.05
15,4,2,3,False,0.03989926453297982,0.058507498792015666,2,qUCB,0.05,0.0,0.30000000000000004,0.0,0.1,0.45,0.1
15,4,2,3,False,0.03989926453297982,0.058507498792015666,3,qUCB,0.15000000000000002,0.5,0.2,0.0,0.0,0.05,0.1
15,4,2,3,False,0.03989926453297982,0.058507498792015666,4,qUCB,0.35000000000000003,0.0,0.2,0.05,0.1,0.30000000000000004,0.0
15,5,1,4,False,0.029265596227715643,0.052039940108117744,0,qEHVI,0.25,0.0,0.7000000000000001,0.0,0.0,0.0,0.05
15,5,1,4,False,0.029265596227715643,0.052039940108117744,1,qUCB,0.0,0.0,0.30000000000000004,0.1,0.1,0.45,0.05
15,5,1,4,False,0.029265596227715643,0.052039940108117744,2,qUCB,0.1,0.5,0.2,0.1,0.0,0.0,0.1
15,5,1,4,False,0.029265596227715643,0.052039940108117744,3,qUCB,0.05,0.0,0.2,0.1,0.1,0.45,0.1
15,5,1,4,False,0.029265596227715643,0.052039940108117744,4,qUCB,0.1,0.0,0.35000000000000003,0.1,0.1,0.35000000000000003,0.0
15,6,0,5,False,0.025262092824068303,1.166312589067692,0,qUCB,0.0,0.05,0.7000000000000001,0.05,0.0,0.1,0.1
15,6,0,5,False,0.025262092824068303,1.166312589067692,1,qUCB,0.1,0.5,0.2,0.1,0.0,0.0,0.1
15,6,0,5,False,0.025262092824068303,1.166312589067692,2,qUCB,0.35000000000000003,0.0,0.5,0.0,0.0,0.15000000000000002,0.0
15,6,0,5,False,0.025262092824068303,1.166312589067692,3,qUCB,0.1,0.0,0.4,0.1,0.0,0.30000000000000004,0.1
15,6,0,5,False,0.025262092824068303,1.166312589067692,4,qUCB,0.25,0.0,0.6000000000000001,0.0,0.0,0.05,0.1
16,1,5,0,True,0.06152613182839945,0.3213499984305024,0,qEHVI,0.15000000000000002,0.0,0.7000000000000001,0.0,0.0,0.05,0.1
16,1,5,0,True,0.06152613182839945,0.3213499984305024,1,qEHVI,0.1,0.05,0.65,0.05,0.0,0.1,0.05
16,1,5,0,True,0.06152613182839945,0.3213499984305024,2,qEHVI,0.15000000000000002,0.15000000000000002,0.65,0.0,0.0,0.0,0.05
16,1,5,0,True,0.06152613182839945,0.3213499984305024,3,qEHVI,0.1,0.0,0.7000000000000001,0.05,0.0,0.05,0.1
16,1,5,0,True,0.06152613182839945,0.3213499984305024,4,qEHVI,0.05,0.0,0.65,0.05,0.0,0.15000000000000002,0.1
16,2,4,1,False,0.053312014002909414,0.2926101749646097,0,qEHVI,0.15000000000000002,0.0,0.7000000000000001,0.0,0.0,0.05,0.1
16,2,4,1,False,0.053312014002909414,0.2926101749646097,1,qEHVI,0.1,0.05,0.65,0.05,0.0,0.1,0.05
16,2,4,1,False,0.053312014002909414,0.2926101749646097,2,qEHVI,0.1,0.0,0.7000000000000001,0.05,0.0,0.05,0.1
16,2,4,1,False,0.053312014002909414,0.2926101749646097,3,qEHVI,0.15000000000000002,0.15000000000000002,0.65,0.0,0.0,0.0,0.05
16,2,4,1,False,0.053312014002909414,0.2926101749646097,4,qUCB,0.0,0.0,0.30000000000000004,0.1,0.1,0.45,0.05
16,3,3,2,False,0.0479202736316063,0.07640427089027568,0,qEHVI,0.15000000000000002,0.0,0.7000000000000001,0.0,0.0,0.05,0.1
16,3,3,2,False,0.0479202736316063,0.07640427089027568,1,qEHVI,0.1,0.05,0.65,0.05,0.0,0.1,0.05
16,3,3,2,False,0.0479202736316063,0.07640427089027568,2,qEHVI,0.15000000000000002,0.15000000000000002,0.65,0.0,0.0,0.0,0.05
16,3,3,2,False,0.0479202736316063,0.07640427089027568,3,qUCB,0.0,0.0,0.30000000000000004,0.1,0.1,0.45,0.05
16,3,3,2,False,0.0479202736316063,0.07640427089027568,4,qUCB,0.1,0.5,0.2,0.1,0.0,0.0,0.1
16,4,2,3,False,0.03796494683642793,0.18325095962303883,0,qEHVI,0.15000000000000002,0.0,0.7000000000000001,0.0,0.0,0.05,0.1
16,4,2,3,False,0.03796494683642793,0.18325095962303883,1,qEHVI,0.1,0.05,0.65,0.05,0.0,0.1,0.05
16,4,2,3,False,0.03796494683642793,0.18325095962303883,2,qUCB,0.0,0.0,0.30000000000000004,0.1,0.1,0.45,0.05
16,4,2,3,False,0.03796494683642793,0.18325095962303883,3,qUCB,0.1,0.5,0.2,0.1,0.0,0.0,0.1
16,4,2,3,False,0.03796494683642793,0.18325095962303883,4,qUCB,0.35000000000000003,0.0,0.2,0.1,0.1,0.25,0.0
16,5,1,4,False,0.022248082782006292,0.05798873470396604,0,qEHVI,0.15000000000000002,0.0,0.7000000000000001,0.0,0.0,0.05,0.1
16,5,1,4,False,0.022248082782006292,0.05798873470396604,1,qUCB,0.0,0.0,0.30000000000000004,0.1,0.1,0.45,0.05
16,5,1,4,False,0.022248082782006292,0.05798873470396604,2,qUCB,0.1,0.5,0.2,0.1,0.0,0.0,0.1
16,5,1,4,False,0.022248082782006292,0.05798873470396604,3,qUCB,0.35000000000000003,0.0,0.2,0.1,0.1,0.25,0.0
16,5,1,4,False,0.022248082782006292,0.05798873470396604,4,qUCB,0.1,0.05,0.2,0.1,0.1,0.45,0.0
16,6,0,5,False,0.03248414614834279,0.059915059879608545,0,qUCB,0.05,0.0,0.7000000000000001,0.05,0.0,0.1,0.1
16,6,0,5,False,0.03248414614834279,0.059915059879608545,1,qUCB,0.1,0.0,0.4,0.1,0.0,0.30000000000000004,0.1
16,6,0,5,False,0.03248414614834279,0.059915059879608545,2,qUCB,0.1,0.5,0.2,0.1,0.0,0.0,0.1
16,6,0,5,False,0.03248414614834279,0.059915059879608545,3,qUCB,0.35000000000000003,0.0,0.5,0.0,0.0,0.15000000000000002,0.0
16,6,0,5,False,0.03248414614834279,0.059915059879608545,4,qUCB,0.25,0.0,0.55,0.0,0.0,0.1,0.1
17,1,5,0,True,0.04941632625352777,0.22887045843923914,0,qEHVI,0.2,0.0,0.65,0.1,0.0,0.0,0.05
17,1,5,0,True,0.04941632625352777,0.22887045843923914,1,qEHVI,0.1,0.1,0.7000000000000001,0.0,0.0,0.0,0.1
17,1,5,0,True,0.04941632625352777,0.22887045843923914,2,qEHVI,0.0,0.0,0.5,0.05,0.0,0.35000000000000003,0.1
17,1,5,0,True,0.04941632625352777,0.22887045843923914,3,qEHVI,0.0,0.1,0.7000000000000001,0.05,0.0,0.05,0.1
17,1,5,0,True,0.04941632625352777,0.22887045843923914,4,qEHVI,0.15000000000000002,0.15000000000000002,0.6000000000000001,0.1,0.0,0.0,0.0
17,2,4,1,False,0.04074398097282946,0.3077949958355912,0,qEHVI,0.2,0.0,0.65,0.1,0.0,0.0,0.05
17,2,4,1,False,0.04074398097282946,0.3077949958355912,1,qEHVI,0.1,0.1,0.7000000000000001,0.0,0.0,0.0,0.1
17,2,4,1,False,0.04074398097282946,0.3077949958355912,2,qEHVI,0.0,0.0,0.5,0.05,0.0,0.35000000000000003,0.1
17,2,4,1,False,0.04074398097282946,0.3077949958355912,3,qEHVI,0.0,0.1,0.7000000000000001,0.05,0.0,0.05,0.1
17,2,4,1,False,0.04074398097282946,0.3077949958355912,4,qUCB,0.25,0.5,0.2,0.0,0.0,0.05,0.0
17,3,3,2,False,0.03305709923363014,0.08194383894703172,0,qEHVI,0.2,0.0,0.65,0.1,0.0,0.0,0.05
17,3,3,2,False,0.03305709923363014,0.08194383894703172,1,qEHVI,0.1,0.1,0.7000000000000001,0.0,0.0,0.0,0.1
17,3,3,2,False,0.03305709923363014,0.08194383894703172,2,qEHVI,0.0,0.0,0.5,0.05,0.0,0.35000000000000003,0.1
17,3,3,2,False,0.03305709923363014,0.08194383894703172,3,qUCB,0.25,0.5,0.2,0.0,0.0,0.05,0.0
17,3,3,2,False,0.03305709923363014,0.08194383894703172,4,qUCB,0.0,0.5,0.2,0.1,0.1,0.0,0.1
17,4,2,3,False,0.024227231128962017,0.06837585471053109,0,qEHVI,0.2,0.0,0.65,0.1,0.0,0.0,0.05
17,4,2,3,False,0.024227231128962017,0.06837585471053109,1,qEHVI,0.1,0.1,0.7000000000000001,0.0,0.0,0.0,0.1
17,4,2,3,False,0.024227231128962017,0.06837585471053109,2,qUCB,0.05,0.0,0.2,0.1,0.1,0.45,0.1
17,4,2,3,False,0.024227231128962017,0.06837585471053109,3,qUCB,0.0,0.5,0.2,0.1,0.1,0.0,0.1
17,4,2,3,False,0.024227231128962017,0.06837585471053109,4,qUCB,0.35000000000000003,0.0,0.2,0.0,0.1,0.35000000000000003,0.0
17,5,1,4,False,0.013953891681431123,0.094739272914802,0,qEHVI,0.2,0.0,0.65,0.1,0.0,0.0,0.05
17,5,1,4,False,0.013953891681431123,0.094739272914802,1,qUCB,0.0,0.0,0.30000000000000004,0.05,0.1,0.45,0.1
17,5,1,4,False,0.013953891681431123,0.094739272914802,2,qUCB,0.2,0.5,0.2,0.0,0.0,0.0,0.1
17,5,1,4,False,0.013953891681431123,0.094739272914802,3,qUCB,0.0,0.5,0.2,0.1,0.1,0.0,0.1
17,5,1,4,False,0.013953891681431123,0.094739272914802,4,qUCB,0.35000000000000003,0.0,0.2,0.0,0.1,0.35000000000000003,0.0
17,6,0,5,False,0.019601999202162657,0.19200652079413416,0,qUCB,0.0,0.0,0.5,0.1,0.0,0.30000000000000004,0.1
17,6,0,5,False,0.019601999202162657,0.19200652079413416,1,qUCB,0.15000000000000002,0.0,0.5,0.0,0.0,0.35000000000000003,0.0
17,6,0,5,False,0.019601999202162657,0.19200652079413416,2,qUCB,0.35000000000000003,0.0,0.4,0.0,0.0,0.25,0.0
17,6,0,5,False,0.019601999202162657,0.19200652079413416,3,qUCB,0.0,0.0,0.6000000000000001,0.0,0.0,0.35000000000000003,0.05
17,6,0,5,False,0.019601999202162657,0.19200652079413416,4,qUCB,0.15000000000000002,0.0,0.4,0.1,0.0,0.25,0.1
18,1,5,0,True,0.044820820477506094,0.13733935649679552,0,qEHVI,0.2,0.05,0.6000000000000001,0.1,0.0,0.0,0.05
18,1,5,0,True,0.044820820477506094,0.13733935649679552,1,qEHVI,0.1,0.05,0.65,0.1,0.0,0.0,0.1
18,1,5,0,True,0.044820820477506094,0.13733935649679552,2,qEHVI,0.05,0.0,0.7000000000000001,0.0,0.0,0.15000000000000002,0.1
18,1,5,0,True,0.044820820477506094,0.13733935649679552,3,qEHVI,0.1,0.2,0.6000000000000001,0.05,0.0,0.0,0.05
18,1,5,0,True,0.044820820477506094,0.13733935649679552,4,qEHVI,0.0,0.15000000000000002,0.65,0.1,0.0,0.05,0.05
18,2,4,1,False,0.03737009966150358,0.1872997044606297,0,qEHVI,0.2,0.05,0.6000000000000001,0.1,0.0,0.0,0.05
18,2,4,1,False,0.03737009966150358,0.1872997044606297,1,qEHVI,0.1,0.05,0.65,0.1,0.0,0.0,0.1
18,2,4,1,False,0.03737009966150358,0.1872997044606297,2,qEHVI,0.05,0.0,0.7000000000000001,0.0,0.0,0.15000000000000002,0.1
18,2,4,1,False,0.03737009966150358,0.1872997044606297,3,qEHVI,0.1,0.2,0.6000000000000001,0.05,0.0,0.0,0.05
18,2,4,1,False,0.03737009966150358,0.1872997044606297,4,qUCB,0.05,0.0,0.2,0.1,0.1,0.45,0.1
18,3,3,2,False,0.030561720928651212,0.10132582647855592,0,qEHVI,0.2,0.05,0.6000000000000001,0.1,0.0,0.0,0.05
18,3,3,2,False,0.030561720928651212,0.10132582647855592,1,qEHVI,0.1,0.05,0.65,0.1,0.0,0.0,0.1
18,3,3,2,False,0.030561720928651212,0.10132582647855592,2,qEHVI,0.05,0.0,0.7000000000000001,0.0,0.0,0.15000000000000002,0.1
18,3,3,2,False,0.030561720928651212,0.10132582647855592,3,qUCB,0.05,0.0,0.2,0.1,0.1,0.45,0.1
18,3,3,2,False,0.030561720928651212,0.10132582647855592,4,qUCB,0.35000000000000003,0.0,0.2,0.0,0.1,0.35000000000000003,0.0
18,4,2,3,False,0.023464551917762436,0.12102692829414474,0,qEHVI,0.2,0.05,0.6000000000000001,0.1,0.0,0.0,0.05
18,4,2,3,False,0.023464551917762436,0.12102692829414474,1,qEHVI,0.1,0.05,0.65,0.1,0.0,0.0,0.1
18,4,2,3,False,0.023464551917762436,0.12102692829414474,2,qUCB,0.0,0.0,0.4,0.0,0.1,0.45,0.05
18,4,2,3,False,0.023464551917762436,0.12102692829414474,3,qUCB,0.35000000000000003,0.0,0.2,0.0,0.1,0.35000000000000003,0.0
18,4,2,3,False,0.023464551917762436,0.12102692829414474,4,qUCB,0.0,0.0,0.55,0.0,0.1,0.35000000000000003,0.0
18,5,1,4,False,0.013575095807394246,0.0563332312689484,0,qEHVI,0.2,0.05,0.6000000000000001,0.1,0.0,0.0,0.05
18,5,1,4,False,0.013575095807394246,0.0563332312689484,1,qUCB,0.0,0.0,0.4,0.0,0.1,0.45,0.05
18,5,1,4,False,0.013575095807394246,0.0563332312689484,2,qUCB,0.35000000000000003,0.0,0.2,0.0,0.1,0.35000000000000003,0.0
18,5,1,4,False,0.013575095807394246,0.0563332312689484,3,qUCB,0.0,0.5,0.30000000000000004,0.0,0.1,0.0,0.1
18,5,1,4,False,0.013575095807394246,0.0563332312689484,4,qUCB,0.0,0.0,0.55,0.0,0.1,0.35000000000000003,0.0
18,6,0,5,False,0.017409282408711965,0.2946529124518529,0,qUCB,0.0,0.05,0.7000000000000001,0.05,0.0,0.1,0.1
18,6,0,5,False,0.017409282408711965,0.2946529124518529,1,qUCB,0.2,0.0,0.5,0.0,0.0,0.30000000000000004,0.0
18,6,0,5,False,0.017409282408711965,0.2946529124518529,2,qUCB,0.1,0.0,0.4,0.1,0.0,0.30000000000000004,0.1
18,6,0,5,False,0.017409282408711965,0.2946529124518529,3,qUCB,0.1,0.0,0.4,0.1,0.1,0.30000000000000004,0.0
18,6,0,5,False,0.017409282408711965,0.2946529124518529,4,qUCB,0.35000000000000003,0.0,0.4,0.05,0.0,0.2,0.0
19,1,5,0,False,0.03533393355085393,0.2616361261141904,0,qEHVI,0.0,0.0,0.65,0.05,0.0,0.2,0.1
19,1,5,0,False,0.03533393355085393,0.2616361261141904,1,qEHVI,0.05,0.15000000000000002,0.7000000000000001,0.0,0.0,0.05,0.05
19,1,5,0,False,0.03533393355085393,0.2616361261141904,2,qEHVI,0.15000000000000002,0.1,0.6000000000000001,0.1,0.0,0.05,0.0
19,1,5,0,False,0.03533393355085393,0.2616361261141904,3,qEHVI,0.0,0.1,0.65,0.1,0.0,0.05,0.1
19,1,5,0,False,0.03533393355085393,0.2616361261141904,4,qEHVI,0.0,0.30000000000000004,0.6000000000000001,0.0,0.0,0.0,0.1
19,2,4,1,True,0.03130284464145894,0.19768627849640374,0,qEHVI,0.0,0.0,0.65,0.05,0.0,0.2,0.1
19,2,4,1,True,0.03130284464145894,0.19768627849640374,1,qEHVI,0.05,0.15000000000000002,0.7000000000000001,0.0,0.0,0.05,0.05
19,2,4,1,True,0.03130284464145894,0.19768627849640374,2,qEHVI,0.15000000000000002,0.1,0.6000000000000001,0.1,0.0,0.05,0.0
19,2,4,1,True,0.03130284464145894,0.19768627849640374,3,qEHVI,0.1,0.0,0.55,0.0,0.0,0.30000000000000004,0.05
19,2,4,1,True,0.03130284464145894,0.19768627849640374,4,qUCB,0.0,0.5,0.2,0.1,0.1,0.0,0.1
19,3,3,2,False,0.022963838951870413,0.05087646073116581,0,qEHVI,0.0,0.0,0.65,0.05,0.0,0.2,0.1
19,3,3,2,False,0.022963838951870413,0.05087646073116581,1,qEHVI,0.05,0.15000000000000002,0.7000000000000001,0.0,0.0,0.05,0.05
19,3,3,2,False,0.022963838951870413,0.05087646073116581,2,qEHVI,0.2,0.0,0.5,0.0,0.0,0.30000000000000004,0.0
19,3,3,2,False,0.022963838951870413,0.05087646073116581,3,qUCB,0.0,0.5,0.2,0.1,0.1,0.0,0.1
19,3,3,2,False,0.022963838951870413,0.05087646073116581,4,qUCB,0.35000000000000003,0.0,0.35000000000000003,0.1,0.1,0.0,0.1
19,4,2,3,False,0.02158588892604587,0.05431063421112603,0,qEHVI,0.0,0.0,0.65,0.05,0.0,0.2,0.1
19,4,2,3,False,0.02158588892604587,0.05431063421112603,1,qEHVI,0.05,0.15000000000000002,0.7000000000000001,0.0,0.0,0.05,0.05
19,4,2,3,False,0.02158588892604587,0.05431063421112603,2,qUCB,0.35000000000000003,0.0,0.2,0.1,0.1,0.25,0.0
19,4,2,3,False,0.02158588892604587,0.05431063421112603,3,qUCB,0.0,0.5,0.2,0.1,0.1,0.0,0.1
19,4,2,3,False,0.02158588892604587,0.05431063421112603,4,qUCB,0.15000000000000002,0.0,0.30000000000000004,0.1,0.1,0.35000000000000003,0.0
19,5,1,4,False,0.009669481600212975,0.057595896690478376,0,qEHVI,0.0,0.0,0.65,0.05,0.0,0.2,0.1
19,5,1,4,False,0.009669481600212975,0.057595896690478376,1,qUCB,0.2,0.5,0.2,0.1,0.0,0.0,0.0
19,5,1,4,False,0.009669481600212975,0.057595896690478376,2,qUCB,0.35000000000000003,0.0,0.2,0.1,0.1,0.25,0.0
19,5,1,4,False,0.009669481600212975,0.057595896690478376,3,qUCB,0.0,0.5,0.2,0.1,0.1,0.0,0.1
19,5,1,4,False,0.009669481600212975,0.057595896690478376,4,qUCB,0.35000000000000003,0.35000000000000003,0.2,0.0,0.0,0.1,0.0
19,6,0,5,False,0.011646561197065228,0.41481662903208516,0,qUCB,0.0,0.05,0.65,0.1,0.0,0.1,0.1
19,6,0,5,False,0.011646561197065228,0.41481662903208516,1,qUCB,0.2,0.0,0.5,0.0,0.0,0.30000000000000004,0.0
19,6,0,5,False,0.011646561197065228,0.41481662903208516,2,qUCB,0.15000000000000002,0.0,0.35000000000000003,0.1,0.0,0.30000000000000004,0.1
19,6,0,5,False,0.011646561197065228,0.41481662903208516,3,qUCB,0.35000000000000003,0.0,0.4,0.0,0.0,0.25,0.0
19,6,0,5,False,0.011646561197065228,0.41481662903208516,4,qUCB,0.1,0.0,0.4,0.1,0.1,0.30000000000000004,0.0
20,1,5,0,False,0.0341155345724399,0.16544249400789646,0,qEHVI,0.1,0.05,0.6000000000000001,0.1,0.0,0.1,0.05
20,1,5,0,False,0.0341155345724399,0.16544249400789646,1,qEHVI,0.2,0.05,0.65,0.05,0.0,0.0,0.05
20,1,5,0,False,0.0341155345724399,0.16544249400789646,2,qEHVI,0.0,0.30000000000000004,0.6000000000000001,0.0,0.0,0.0,0.1
20,1,5,0,False,0.0341155345724399,0.16544249400789646,3,qEHVI,0.05,0.0,0.6000000000000001,0.1,0.0,0.15000000000000002,0.1
20,1,5,0,False,0.0341155345724399,0.16544249400789646,4,qEHVI,0.15000000000000002,0.0,0.7000000000000001,0.05,0.0,0.0,0.1
20,2,4,1,True,0.029959676698246805,0.2691226933654258,0,qEHVI,0.1,0.05,0.6000000000000001,0.1,0.0,0.1,0.05
20,2,4,1,True,0.029959676698246805,0.2691226933654258,1,qEHVI,0.0,0.30000000000000004,0.6000000000000001,0.0,0.0,0.0,0.1
20,2,4,1,True,0.029959676698246805,0.2691226933654258,2,qEHVI,0.2,0.05,0.65,0.05,0.0,0.0,0.05
20,2,4,1,True,0.029959676698246805,0.2691226933654258,3,qEHVI,0.05,0.0,0.6000000000000001,0.1,0.0,0.15000000000000002,0.1
20,2,4,1,True,0.029959676698246805,0.2691226933654258,4,qUCB,0.0,0.0,0.55,0.0,0.1,0.35000000000000003,0.0
20,3,3,2,False,0.021741066613820827,0.16103608482948717,0,qEHVI,0.1,0.05,0.6000000000000001,0.1,0.0,0.1,0.05
20,3,3,2,False,0.021741066613820827,0.16103608482948717,1,qEHVI,0.2,0.05,0.65,0.05,0.0,0.0,0.05
20,3,3,2,False,0.021741066613820827,0.16103608482948717,2,qEHVI,0.0,0.30000000000000004,0.6000000000000001,0.0,0.0,0.0,0.1
20,3,3,2,False,0.021741066613820827,0.16103608482948717,3,qUCB,0.0,0.0,0.4,0.0,0.1,0.45,0.05
20,3,3,2,False,0.021741066613820827,0.16103608482948717,4,qUCB,0.35000000000000003,0.0,0.2,0.05,0.1,0.30000000000000004,0.0
20,4,2,3,False,0.01562589432159775,0.07929832656755775,0,qEHVI,0.1,0.05,0.6000000000000001,0.1,0.0,0.1,0.05
20,4,2,3,False,0.01562589432159775,0.07929832656755775,1,qEHVI,0.0,0.30000000000000004,0.6000000000000001,0.0,0.0,0.0,0.1
20,4,2,3,False,0.01562589432159775,0.07929832656755775,2,qUCB,0.0,0.0,0.4,0.0,0.1,0.45,0.05
20,4,2,3,False,0.01562589432159775,0.07929832656755775,3,qUCB,0.35000000000000003,0.1,0.2,0.0,0.1,0.25,0.0
20,4,2,3,False,0.01562589432159775,0.07929832656755775,4,qUCB,0.2,0.2,0.2,0.0,0.1,0.30000000000000004,0.0
20,5,1,4,False,0.012430530710948334,0.13008411647686957,0,qEHVI,0.1,0.05,0.6000000000000001,0.1,0.0,0.1,0.05
20,5,1,4,False,0.012430530710948334,0.13008411647686957,1,qUCB,0.0,0.0,0.4,0.0,0.1,0.45,0.05
20,5,1,4,False,0.012430530710948334,0.13008411647686957,2,qUCB,0.35000000000000003,0.1,0.2,0.0,0.1,0.25,0.0
20,5,1,4,False,0.012430530710948334,0.13008411647686957,3,qUCB,0.2,0.45,0.2,0.0,0.0,0.05,0.1
20,5,1,4,False,0.012430530710948334,0.13008411647686957,4,qUCB,0.0,0.0,0.55,0.0,0.1,0.35000000000000003,0.0
20,6,0,5,False,0.010035779521945603,0.051051310831470076,0,qUCB,0.0,0.15000000000000002,0.7000000000000001,0.05,0.0,0.0,0.1
20,6,0,5,False,0.010035779521945603,0.051051310831470076,1,qUCB,0.35000000000000003,0.0,0.4,0.05,0.0,0.2,0.0
20,6,0,5,False,0.010035779521945603,0.051051310831470076,2,qUCB,0.0,0.0,0.5,0.1,0.1,0.30000000000000004,0.0
20,6,0,5,False,0.010035779521945603,0.051051310831470076,3,qUCB,0.1,0.0,0.30000000000000004,0.1,0.1,0.30000000000000004,0.1
20,6,0,5,False,0.010035779521945603,0.051051310831470076,4,qUCB,0.30000000000000004,0.2,0.2,0.0,0.0,0.30000000000000004,0.0
21,1,5,0,False,0.037234288864872817,1.618831161259191,0,qEHVI,0.1,0.15000000000000002,0.6000000000000001,0.1,0.0,0.05,0.0
21,1,5,0,False,0.037234288864872817,1.618831161259191,1,qEHVI,0.1,0.1,0.65,0.1,0.0,0.05,0.0
21,1,5,0,False,0.037234288864872817,1.618831161259191,2,qEHVI,0.1,0.1,0.7000000000000001,0.05,0.0,0.0,0.05
21,1,5,0,False,0.037234288864872817,1.618831161259191,3,qEHVI,0.1,0.05,0.7000000000000001,0.05,0.0,0.05,0.05
21,1,5,0,False,0.037234288864872817,1.618831161259191,4,qEHVI,0.25,0.0,0.55,0.1,0.0,0.05,0.05
21,2,4,1,False,0.031874882020964175,0.1330922322594983,0,qEHVI,0.1,0.15000000000000002,0.6000000000000001,0.1,0.0,0.05,0.0
21,2,4,1,False,0.031874882020964175,0.1330922322594983,1,qEHVI,0.1,0.1,0.65,0.1,0.0,0.05,0.0
21,2,4,1,False,0.031874882020964175,0.1330922322594983,2,qEHVI,0.1,0.1,0.7000000000000001,0.05,0.0,0.0,0.05
21,2,4,1,False,0.031874882020964175,0.1330922322594983,3,qEHVI,0.25,0.0,0.55,0.1,0.0,0.05,0.05
21,2,4,1,False,0.031874882020964175,0.1330922322594983,4,qUCB,0.0,0.0,0.30000000000000004,0.05,0.1,0.45,0.1
21,3,3,2,True,0.0312620666179015,0.07824904998226323,0,qEHVI,0.1,0.15000000000000002,0.6000000000000001,0.1,0.0,0.05,0.0
21,3,3,2,True,0.0312620666179015,0.07824904998226323,1,qEHVI,0.1,0.1,0.65,0.1,0.0,0.05,0.0
21,3,3,2,True,0.0312620666179015,0.07824904998226323,2,qEHVI,0.1,0.1,0.7000000000000001,0.05,0.0,0.0,0.05
21,3,3,2,True,0.0312620666179015,0.07824904998226323,3,qUCB,0.0,0.0,0.30000000000000004,0.05,0.1,0.45,0.1
21,3,3,2,True,0.0312620666179015,0.07824904998226323,4,qUCB,0.35000000000000003,0.15000000000000002,0.2,0.0,0.0,0.30000000000000004,0.0
21,4,2,3,False,0.021932150861164006,0.03419707629849711,0,qEHVI,0.1,0.15000000000000002,0.6000000000000001,0.1,0.0,0.05,0.0
21,4,2,3,False,0.021932150861164006,0.03419707629849711,1,qEHVI,0.1,0.1,0.65,0.1,0.0,0.05,0.0
21,4,2,3,False,0.021932150861164006,0.03419707629849711,2,qUCB,0.05,0.0,0.30000000000000004,0.0,0.1,0.45,0.1
21,4,2,3,False,0.021932150861164006,0.03419707629849711,3,qUCB,0.15000000000000002,0.15000000000000002,0.2,0.0,0.1,0.30000000000000004,0.1
21,4,2,3,False,0.021932150861164006,0.03419707629849711,4,qUCB,0.35000000000000003,0.15000000000000002,0.2,0.0,0.0,0.30000000000000004,0.0
21,5,1,4,False,0.01641105582591072,0.040615218695820854,0,qEHVI,0.1,0.15000000000000002,0.6000000000000001,0.1,0.0,0.05,0.0
21,5,1,4,False,0.01641105582591072,0.040615218695820854,1,qUCB,0.05,0.0,0.30000000000000004,0.0,0.1,0.45,0.1
21,5,1,4,False,0.01641105582591072,0.040615218695820854,2,qUCB,0.15000000000000002,0.15000000000000002,0.2,0.0,0.1,0.30000000000000004,0.1
21,5,1,4,False,0.01641105582591072,0.040615218695820854,3,qUCB,0.35000000000000003,0.15000000000000002,0.2,0.0,0.0,0.30000000000000004,0.0
21,5,1,4,False,0.01641105582591072,0.040615218695820854,4,qUCB,0.15000000000000002,0.5,0.2,0.0,0.0,0.05,0.1
21,6,0,5,False,0.013490503365276152,0.037329908006895174,0,qUCB,0.0,0.1,0.7000000000000001,0.1,0.0,0.0,0.1
21,6,0,5,False,0.013490503365276152,0.037329908006895174,1,qUCB,0.35000000000000003,0.0,0.5,0.0,0.0,0.15000000000000002,0.0
21,6,0,5,False,0.013490503365276152,0.037329908006895174,2,qUCB,0.25,0.25,0.2,0.0,0.0,0.30000000000000004,0.0
21,6,0,5,False,0.013490503365276152,0.037329908006895174,3,qUCB,0.15000000000000002,0.2,0.2,0.1,0.0,0.25,0.1
21,6,0,5,False,0.013490503365276152,0.037329908006895174,4,qUCB,0.15000000000000002,0.45,0.30000000000000004,0.0,0.0,0.0,0.1
22,1,5,0,False,0.029467064267886395,0.10873567933632344,0,qEHVI,0.25,0.0,0.6000000000000001,0.1,0.0,0.0,0.05
22,1,5,0,False,0.029467064267886395,0.10873567933632344,1,qEHVI,0.15000000000000002,0.05,0.65,0.1,0.0,0.05,0.0
22,1,5,0,False,0.029467064267886395,0.10873567933632344,2,qEHVI,0.0,0.15000000000000002,0.7000000000000001,0.1,0.0,0.05,0.0
22,1,5,0,False,0.029467064267886395,0.10873567933632344,3,qEHVI,0.05,0.0,0.5,0.1,0.0,0.25,0.1
22,1,5,0,False,0.029467064267886395,0.10873567933632344,4,qEHVI,0.1,0.05,0.7000000000000001,0.05,0.0,0.05,0.05
22,2,4,1,False,0.02898269891704739,0.09963282602667611,0,qEHVI,0.25,0.0,0.6000000000000001,0.1,0.0,0.0,0.05
22,2,4,1,False,0.02898269891704739,0.09963282602667611,1,qEHVI,0.15000000000000002,0.05,0.65,0.1,0.0,0.05,0.0
22,2,4,1,False,0.02898269891704739,0.09963282602667611,2,qEHVI,0.0,0.15000000000000002,0.7000000000000001,0.1,0.0,0.05,0.0
22,2,4,1,False,0.02898269891704739,0.09963282602667611,3,qEHVI,0.05,0.0,0.5,0.1,0.0,0.25,0.1
22,2,4,1,False,0.02898269891704739,0.09963282602667611,4,qUCB,0.2,0.5,0.2,0.0,0.0,0.0,0.1
22,3,3,2,True,0.022530049159223436,0.041539527845667834,0,qEHVI,0.25,0.0,0.6000000000000001,0.1,0.0,0.0,0.05
22,3,3,2,True,0.022530049159223436,0.041539527845667834,1,qEHVI,0.15000000000000002,0.05,0.65,0.1,0.0,0.05,0.0
22,3,3,2,True,0.022530049159223436,0.041539527845667834,2,qEHVI,0.0,0.15000000000000002,0.7000000000000001,0.1,0.0,0.05,0.0
22,3,3,2,True,0.022530049159223436,0.041539527845667834,3,qUCB,0.05,0.0,0.30000000000000004,0.0,0.1,0.45,0.1
22,3,3,2,True,0.022530049159223436,0.041539527845667834,4,qUCB,0.2,0.5,0.2,0.0,0.0,0.0,0.1
22,4,2,3,False,0.018488502071756827,0.025809777055060712,0,qEHVI,0.25,0.0,0.6000000000000001,0.1,0.0,0.0,0.05
22,4,2,3,False,0.018488502071756827,0.025809777055060712,1,qEHVI,0.15000000000000002,0.05,0.65,0.1,0.0,0.05,0.0
22,4,2,3,False,0.018488502071756827,0.025809777055060712,2,qUCB,0.05,0.0,0.30000000000000004,0.0,0.1,0.45,0.1
22,4,2,3,False,0.018488502071756827,0.025809777055060712,3,qUCB,0.2,0.5,0.2,0.0,0.0,0.0,0.1
22,4,2,3,False,0.018488502071756827,0.025809777055060712,4,qUCB,0.15000000000000002,0.2,0.2,0.0,0.1,0.25,0.1
22,5,1,4,False,0.012796606407970784,0.06531066815246334,0,qEHVI,0.25,0.0,0.6000000000000001,0.1,0.0,0.0,0.05
22,5,1,4,False,0.012796606407970784,0.06531066815246334,1,qUCB,0.0,0.0,0.4,0.0,0.1,0.45,0.05
22,5,1,4,False,0.012796606407970784,0.06531066815246334,2,qUCB,0.2,0.5,0.2,0.0,0.0,0.0,0.1
22,5,1,4,False,0.012796606407970784,0.06531066815246334,3,qUCB,0.15000000000000002,0.2,0.2,0.0,0.1,0.25,0.1
22,5,1,4,False,0.012796606407970784,0.06531066815246334,4,qUCB,0.05,0.0,0.30000000000000004,0.1,0.1,0.45,0.0
22,6,0,5,False,0.01524516289594761,0.34781244545973644,0,qUCB,0.0,0.05,0.7000000000000001,0.05,0.0,0.1,0.1
22,6,0,5,False,0.01524516289594761,0.34781244545973644,1,qUCB,0.35000000000000003,0.0,0.5,0.0,0.0,0.15000000000000002,0.0
22,6,0,5,False,0.01524516289594761,0.34781244545973644,2,qUCB,0.2,0.5,0.2,0.0,0.0,0.0,0.1
22,6,0,5,False,0.01524516289594761,0.34781244545973644,3,qUCB,0.15000000000000002,0.15000000000000002,0.2,0.1,0.0,0.30000000000000004,0.1
22,6,0,5,False,0.01524516289594761,0.34781244545973644,4,qUCB,0.1,0.0,0.35000000000000003,0.1,0.1,0.25,0.1
23,1,5,0,False,0.028084199139840026,0.40180788319186433,0,qEHVI,0.2,0.0,0.6000000000000001,0.1,0.0,0.05,0.05
23,1,5,0,False,0.028084199139840026,0.40180788319186433,1,qEHVI,0.0,0.05,0.7000000000000001,0.0,0.0,0.15000000000000002,0.1
23,1,5,0,False,0.028084199139840026,0.40180788319186433,2,qEHVI,0.25,0.05,0.6000000000000001,0.1,0.0,0.0,0.0
23,1,5,0,False,0.028084199139840026,0.40180788319186433,3,qEHVI,0.05,0.0,0.55,0.1,0.0,0.2,0.1
23,1,5,0,False,0.028084199139840026,0.40180788319186433,4,qEHVI,0.1,0.5,0.4,0.0,0.0,0.0,0.0
23,2,4,1,False,0.02437191051846968,0.17567013771027362,0,qEHVI,0.2,0.0,0.6000000000000001,0.1,0.0,0.05,0.05
23,2,4,1,False,0.02437191051846968,0.17567013771027362,1,qEHVI,0.0,0.05,0.7000000000000001,0.0,0.0,0.15000000000000002,0.1
23,2,4,1,False,0.02437191051846968,0.17567013771027362,2,qEHVI,0.2,0.05,0.6000000000000001,0.1,0.0,0.05,0.0
23,2,4,1,False,0.02437191051846968,0.17567013771027362,3,qEHVI,0.1,0.0,0.4,0.1,0.0,0.30000000000000004,0.1
23,2,4,1,False,0.02437191051846968,0.17567013771027362,4,qUCB,0.1,0.5,0.2,0.0,0.1,0.0,0.1
23,3,3,2,False,0.021164673420981318,0.1304851523091637,0,qEHVI,0.2,0.0,0.6000000000000001,0.1,0.0,0.05,0.05
23,3,3,2,False,0.021164673420981318,0.1304851523091637,1,qEHVI,0.0,0.05,0.7000000000000001,0.0,0.0,0.15000000000000002,0.1
23,3,3,2,False,0.021164673420981318,0.1304851523091637,2,qEHVI,0.2,0.05,0.6000000000000001,0.1,0.0,0.05,0.0
23,3,3,2,False,0.021164673420981318,0.1304851523091637,3,qUCB,0.05,0.0,0.2,0.1,0.1,0.45,0.1
23,3,3,2,False,0.021164673420981318,0.1304851523091637,4,qUCB,0.1,0.1,0.2,0.1,0.1,0.30000000000000004,0.1
23,4,2,3,True,0.017080692323249533,0.23613516511174404,0,qEHVI,0.2,0.0,0.6000000000000001,0.1,0.0,0.05,0.05
23,4,2,3,True,0.017080692323249533,0.23613516511174404,1,qEHVI,0.0,0.05,0.7000000000000001,0.0,0.0,0.15000000000000002,0.1
23,4,2,3,True,0.017080692323249533,0.23613516511174404,2,qUCB,0.05,0.0,0.2,0.1,0.1,0.45,0.1
23,4,2,3,True,0.017080692323249533,0.23613516511174404,3,qUCB,0.2,0.5,0.2,0.0,0.0,0.1,0.0
23,4,2,3,True,0.017080692323249533,0.23613516511174404,4,qUCB,0.1,0.1,0.2,0.1,0.1,0.30000000000000004,0.1
23,5,1,4,False,0.012426183003541185,0.20639841035838113,0,qEHVI,0.2,0.0,0.6000000000000001,0.1,0.0,0.05,0.05
23,5,1,4,False,0.012426183003541185,0.20639841035838113,1,qUCB,0.1,0.5,0.30000000000000004,0.0,0.0,0.0,0.1
23,5,1,4,False,0.012426183003541185,0.20639841035838113,2,qUCB,0.2,0.5,0.2,0.0,0.0,0.1,0.0
23,5,1,4,False,0.012426183003541185,0.20639841035838113,3,qUCB,0.15000000000000002,0.2,0.2,0.0,0.1,0.25,0.1
23,5,1,4,False,0.012426183003541185,0.20639841035838113,4,qUCB,0.25,0.30000000000000004,0.2,0.0,0.0,0.15000000000000002,0.1
23,6,0,5,False,0.012632039047095882,0.22619489633942358,0,qUCB,0.0,0.05,0.7000000000000001,0.05,0.0,0.1,0.1
23,6,0,5,False,0.012632039047095882,0.22619489633942358,1,qUCB,0.35000000000000003,0.0,0.5,0.0,0.0,0.15000000000000002,0.0
23,6,0,5,False,0.012632039047095882,0.22619489633942358,2,qUCB,0.15000000000000002,0.15000000000000002,0.2,0.1,0.0,0.30000000000000004,0.1
23,6,0,5,False,0.012632039047095882,0.22619489633942358,3,qUCB,0.15000000000000002,0.0,0.35000000000000003,0.1,0.1,0.30000000000000004,0.0
23,6,0,5,False,0.012632039047095882,0.22619489633942358,4,qUCB,0.30000000000000004,0.0,0.4,0.1,0.0,0.1,0.1
24,1,5,0,False,0.021765132815203467,0.066345421829622,0,qEHVI,0.05,0.0,0.55,0.1,0.0,0.2,0.1
24,1,5,0,False,0.021765132815203467,0.066345421829622,1,qEHVI,0.15000000000000002,0.05,0.7000000000000001,0.1,0.0,0.0,0.0
24,1,5,0,False,0.021765132815203467,0.066345421829622,2,qEHVI,0.25,0.0,0.55,0.1,0.0,0.0,0.1
24,1,5,0,False,0.021765132815203467,0.066345421829622,3,qEHVI,0.1,0.0,0.7000000000000001,0.05,0.0,0.1,0.05
24,1,5,0,False,0.021765132815203467,0.066345421829622,4,qEHVI,0.05,0.0,0.7000000000000001,0.05,0.0,0.1,0.1
24,2,4,1,True,0.019713400428647717,0.21952286649596697,0,qEHVI,0.05,0.0,0.55,0.1,0.0,0.2,0.1
24,2,4,1,True,0.019713400428647717,0.21952286649596697,1,qEHVI,0.15000000000000002,0.05,0.7000000000000001,0.1,0.0,0.0,0.0
24,2,4,1,True,0.019713400428647717,0.21952286649596697,2,qEHVI,0.25,0.0,0.55,0.1,0.0,0.0,0.1
24,2,4,1,True,0.019713400428647717,0.21952286649596697,3,qEHVI,0.1,0.0,0.7000000000000001,0.05,0.0,0.1,0.05
24,2,4,1,True,0.019713400428647717,0.21952286649596697,4,qUCB,0.1,0.5,0.30000000000000004,0.0,0.0,0.0,0.1
24,3,3,2,False,0.015914829754979886,0.2097219578280578,0,qEHVI,0.05,0.0,0.55,0.1,0.0,0.2,0.1
24,3,3,2,False,0.015914829754979886,0.2097219578280578,1,qEHVI,0.15000000000000002,0.05,0.7000000000000001,0.1,0.0,0.0,0.0
24,3,3,2,False,0.015914829754979886,0.2097219578280578,2,qEHVI,0.25,0.0,0.55,0.1,0.0,0.0,0.1
24,3,3,2,False,0.015914829754979886,0.2097219578280578,3,qUCB,0.1,0.5,0.30000000000000004,0.0,0.0,0.0,0.1
24,3,3,2,False,0.015914829754979886,0.2097219578280578,4,qUCB,0.1,0.0,0.4,0.0,0.1,0.4,0.0
24,4,2,3,False,0.010185868710132216,0.04462462917516685,0,qEHVI,0.05,0.0,0.55,0.1,0.0,0.2,0.1
24,4,2,3,False,0.010185868710132216,0.04462462917516685,1,qEHVI,0.15000000000000002,0.05,0.7000000000000001,0.1,0.0,0.0,0.0
24,4,2,3,False,0.010185868710132216,0.04462462917516685,2,qUCB,0.25,0.5,0.2,0.0,0.0,0.0,0.05
24,4,2,3,False,0.010185868710132216,0.04462462917516685,3,qUCB,0.35000000000000003,0.0,0.2,0.0,0.1,0.35000000000000003,0.0
24,4,2,3,False,0.010185868710132216,0.04462462917516685,4,qUCB,0.15000000000000002,0.0,0.30000000000000004,0.0,0.1,0.45,0.0
24,5,1,4,False,0.007592867592709563,0.03744423050182899,0,qEHVI,0.05,0.0,0.55,0.1,0.0,0.2,0.1
24,5,1,4,False,0.007592867592709563,0.03744423050182899,1,qUCB,0.0,0.5,0.5,0.0,0.0,0.0,0.0
24,5,1,4,False,0.007592867592709563,0.03744423050182899,2,qUCB,0.35000000000000003,0.0,0.5,0.0,0.0,0.15000000000000002,0.0
24,5,1,4,False,0.007592867592709563,0.03744423050182899,3,qUCB,0.35000000000000003,0.25,0.4,0.0,0.0,0.0,0.0
24,5,1,4,False,0.007592867592709563,0.03744423050182899,4,qUCB,0.35000000000000003,0.0,0.2,0.0,0.1,0.35000000000000003,0.0
24,6,0,5,False,0.011501846637640971,0.0991830469925632,0,qUCB,0.0,0.05,0.65,0.1,0.0,0.1,0.1
24,6,0,5,False,0.011501846637640971,0.0991830469925632,1,qUCB,0.35000000000000003,0.0,0.5,0.0,0.0,0.15000000000000002,0.0
24,6,0,5,False,0.011501846637640971,0.0991830469925632,2,qUCB,0.15000000000000002,0.0,0.35000000000000003,0.1,0.1,0.30000000000000004,0.0
24,6,0,5,False,0.011501846637640971,0.0991830469925632,3,qUCB,0.25,0.25,0.2,0.0,0.0,0.2,0.1
24,6,0,5,False,0.011501846637640971,0.0991830469925632,4,qUCB,0.35000000000000003,0.15000000000000002,0.4,0.1,0.0,0.0,0.0
25,1,5,0,False,0.018698133377369336,0.061468594101352636,0,qEHVI,0.25,0.05,0.6000000000000001,0.1,0.0,0.0,0.0
25,1,5,0,False,0.018698133377369336,0.061468594101352636,1,qEHVI,0.05,0.05,0.7000000000000001,0.1,0.0,0.1,0.0
25,1,5,0,False,0.018698133377369336,0.061468594101352636,2,qEHVI,0.15000000000000002,0.0,0.7000000000000001,0.05,0.0,0.0,0.1
25,1,5,0,False,0.018698133377369336,0.061468594101352636,3,qEHVI,0.0,0.1,0.7000000000000001,0.1,0.0,0.0,0.1
25,1,5,0,False,0.018698133377369336,0.061468594101352636,4,qEHVI,0.0,0.05,0.65,0.1,0.0,0.15000000000000002,0.05
25,2,4,1,False,0.01690583104636578,0.10727995099361642,0,qEHVI,0.25,0.05,0.6000000000000001,0.1,0.0,0.0,0.0
25,2,4,1,False,0.01690583104636578,0.10727995099361642,1,qEHVI,0.05,0.05,0.7000000000000001,0.1,0.0,0.1,0.0
25,2,4,1,False,0.01690583104636578,0.10727995099361642,2,qEHVI,0.0,0.1,0.7000000000000001,0.1,0.0,0.0,0.1
25,2,4,1,False,0.01690583104636578,0.10727995099361642,3,qEHVI,0.15000000000000002,0.0,0.7000000000000001,0.05,0.0,0.0,0.1
25,2,4,1,False,0.01690583104636578,0.10727995099361642,4,qUCB,0.0,0.0,0.30000000000000004,0.1,0.1,0.45,0.05
25,3,3,2,False,0.012186114057426404,0.06472298224205453,0,qEHVI,0.25,0.05,0.6000000000000001,0.1,0.0,0.0,0.0
25,3,3,2,False,0.012186114057426404,0.06472298224205453,1,qEHVI,0.05,0.05,0.7000000000000001,0.1,0.0,0.1,0.0
25,3,3,2,False,0.012186114057426404,0.06472298224205453,2,qEHVI,0.30000000000000004,0.0,0.55,0.1,0.0,0.05,0.0
25,3,3,2,False,0.012186114057426404,0.06472298224205453,3,qUCB,0.05,0.0,0.4,0.0,0.1,0.35000000000000003,0.1
25,3,3,2,False,0.012186114057426404,0.06472298224205453,4,qUCB,0.25,0.30000000000000004,0.2,0.0,0.0,0.15000000000000002,0.1
25,4,2,3,True,0.009487695328669112,0.29275361687714874,0,qEHVI,0.25,0.05,0.6000000000000001,0.1,0.0,0.0,0.0
25,4,2,3,True,0.009487695328669112,0.29275361687714874,1,qEHVI,0.05,0.05,0.7000000000000001,0.1,0.0,0.1,0.0
25,4,2,3,True,0.009487695328669112,0.29275361687714874,2,qUCB,0.05,0.0,0.4,0.0,0.1,0.35000000000000003,0.1
25,4,2,3,True,0.009487695328669112,0.29275361687714874,3,qUCB,0.25,0.30000000000000004,0.2,0.0,0.0,0.15000000000000002,0.1
25,4,2,3,True,0.009487695328669112,0.29275361687714874,4,qUCB,0.0,0.5,0.30000000000000004,0.0,0.1,0.0,0.1
25,5,1,4,False,0.008265079504962445,0.17141600807487434,0,qEHVI,0.25,0.05,0.6000000000000001,0.1,0.0,0.0,0.0
25,5,1,4,False,0.008265079504962445,0.17141600807487434,1,qUCB,0.0,0.0,0.5,0.0,0.1,0.30000000000000004,0.1
25,5,1,4,False,0.008265079504962445,0.17141600807487434,2,qUCB,0.0,0.0,0.30000000000000004,0.1,0.1,0.45,0.05
25,5,1,4,False,0.008265079504962445,0.17141600807487434,3,qUCB,0.25,0.30000000000000004,0.2,0.0,0.0,0.15000000000000002,0.1
25,5,1,4,False,0.008265079504962445,0.17141600807487434,4,qUCB,0.0,0.0,0.35000000000000003,0.1,0.1,0.35000000000000003,0.1
25,6,0,5,False,0.010797395934583424,0.1243706436640295,0,qUCB,0.0,0.1,0.7000000000000001,0.1,0.0,0.0,0.1
25,6,0,5,False,0.010797395934583424,0.1243706436640295,1,qUCB,0.35000000000000003,0.0,0.55,0.0,0.0,0.1,0.0
25,6,0,5,False,0.010797395934583424,0.1243706436640295,2,qUCB,0.25,0.30000000000000004,0.2,0.0,0.0,0.15000000000000002,0.1
25,6,0,5,False,0.010797395934583424,0.1243706436640295,3,qUCB,0.15000000000000002,0.0,0.35000000000000003,0.1,0.1,0.30000000000000004,0.0
25,6,0,5,False,0.010797395934583424,0.1243706436640295,4,qUCB,0.35000000000000003,0.15000000000000002,0.5,0.0,0.0,0.0,0.0
26,1,5,0,False,0.03122716381532231,0.45246288160737613,0,qEHVI,0.25,0.0,0.65,0.1,0.0,0.0,0.0
26,1,5,0,False,0.03122716381532231,0.45246288160737613,1,qEHVI,0.2,0.0,0.7000000000000001,0.1,0.0,0.0,0.0
26,1,5,0,False,0.03122716381532231,0.45246288160737613,2,qEHVI,0.30000000000000004,0.0,0.6000000000000001,0.1,0.0,0.0,0.0
26,1,5,0,False,0.03122716381532231,0.45246288160737613,3,qEHVI,0.05,0.0,0.7000000000000001,0.05,0.0,0.1,0.1
26,1,5,0,False,0.03122716381532231,0.45246288160737613,4,qEHVI,0.35000000000000003,0.0,0.5,0.05,0.0,0.1,0.0
26,2,4,1,False,0.029079384040615202,0.08434050209545596,0,qEHVI,0.25,0.0,0.65,0.1,0.0,0.0,0.0
26,2,4,1,False,0.029079384040615202,0.08434050209545596,1,qEHVI,0.2,0.0,0.7000000000000001,0.1,0.0,0.0,0.0
26,2,4,1,False,0.029079384040615202,0.08434050209545596,2,qEHVI,0.30000000000000004,0.0,0.6000000000000001,0.1,0.0,0.0,0.0
26,2,4,1,False,0.029079384040615202,0.08434050209545596,3,qEHVI,0.35000000000000003,0.0,0.5,0.05,0.0,0.1,0.0
26,2,4,1,False,0.029079384040615202,0.08434050209545596,4,qUCB,0.0,0.0,0.35000000000000003,0.1,0.1,0.35000000000000003,0.1
26,3,3,2,True,0.023018129239279674,0.024628710617301763,0,qEHVI,0.25,0.0,0.65,0.1,0.0,0.0,0.0
26,3,3,2,True,0.023018129239279674,0.024628710617301763,1,qEHVI,0.30000000000000004,0.0,0.6000000000000001,0.1,0.0,0.0,0.0
26,3,3,2,True,0.023018129239279674,0.024628710617301763,2,qEHVI,0.2,0.0,0.7000000000000001,0.1,0.0,0.0,0.0
26,3,3,2,True,0.023018129239279674,0.024628710617301763,3,qUCB,0.0,0.05,0.30000000000000004,0.0,0.1,0.45,0.1
26,3,3,2,True,0.023018129239279674,0.024628710617301763,4,qUCB,0.0,0.0,0.30000000000000004,0.1,0.1,0.45,0.05
26,4,2,3,False,0.01937133461859626,0.012280378190403063,0,qEHVI,0.25,0.0,0.65,0.1,0.0,0.0,0.0
26,4,2,3,False,0.01937133461859626,0.012280378190403063,1,qEHVI,0.2,0.0,0.7000000000000001,0.1,0.0,0.0,0.0
26,4,2,3,False,0.01937133461859626,0.012280378190403063,2,qUCB,0.0,0.05,0.30000000000000004,0.0,0.1,0.45,0.1
26,4,2,3,False,0.01937133461859626,0.012280378190403063,3,qUCB,0.1,0.0,0.35000000000000003,0.0,0.1,0.45,0.0
26,4,2,3,False,0.01937133461859626,0.012280378190403063,4,qUCB,0.0,0.0,0.30000000000000004,0.1,0.1,0.45,0.05
26,5,1,4,False,0.0142016578864639,0.025444482726856066,0,qEHVI,0.25,0.0,0.65,0.1,0.0,0.0,0.0
26,5,1,4,False,0.0142016578864639,0.025444482726856066,1,qUCB,0.0,0.05,0.30000000000000004,0.0,0.1,0.45,0.1
26,5,1,4,False,0.0142016578864639,0.025444482726856066,2,qUCB,0.0,0.0,0.30000000000000004,0.1,0.1,0.45,0.05
26,5,1,4,False,0.0142016578864639,0.025444482726856066,3,qUCB,0.1,0.0,0.35000000000000003,0.0,0.1,0.45,0.0
26,5,1,4,False,0.0142016578864639,0.025444482726856066,4,qUCB,0.0,0.0,0.35000000000000003,0.1,0.1,0.35000000000000003,0.1
26,6,0,5,False,0.012459206249683896,0.07278643150106012,0,qUCB,0.0,0.05,0.65,0.1,0.0,0.1,0.1
26,6,0,5,False,0.012459206249683896,0.07278643150106012,1,qUCB,0.35000000000000003,0.0,0.5,0.05,0.0,0.1,0.0
26,6,0,5,False,0.012459206249683896,0.07278643150106012,2,qUCB,0.1,0.0,0.35000000000000003,0.1,0.1,0.35000000000000003,0.0
26,6,0,5,False,0.012459206249683896,0.07278643150106012,3,qUCB,0.35000000000000003,0.0,0.55,0.1,0.0,0.0,0.0
26,6,0,5,False,0.012459206249683896,0.07278643150106012,4,qUCB,0.35000000000000003,0.0,0.4,0.1,0.0,0.1,0.05
27,1,5,0,False,0.025699813948273184,0.1465651643121859,0,qEHVI,0.30000000000000004,0.0,0.55,0.1,0.0,0.05,0.0
27,1,5,0,False,0.025699813948273184,0.1465651643121859,1,qEHVI,0.15000000000000002,0.1,0.55,0.1,0.0,0.05,0.05
27,1,5,0,False,0.025699813948273184,0.1465651643121859,2,qEHVI,0.30000000000000004,0.0,0.5,0.1,0.0,0.1,0.0
27,1,5,0,False,0.025699813948273184,0.1465651643121859,3,qEHVI,0.05,0.15000000000000002,0.7000000000000001,0.0,0.0,0.0,0.1
27,1,5,0,False,0.025699813948273184,0.1465651643121859,4,qEHVI,0.0,0.1,0.65,0.1,0.0,0.05,0.1
27,2,4,1,True,0.02344943688999232,0.16312099419605008,0,qEHVI,0.30000000000000004,0.0,0.55,0.1,0.0,0.05,0.0
27,2,4,1,True,0.02344943688999232,0.16312099419605008,1,qEHVI,0.15000000000000002,0.1,0.55,0.1,0.0,0.05,0.05
27,2,4,1,True,0.02344943688999232,0.16312099419605008,2,qEHVI,0.05,0.15000000000000002,0.7000000000000001,0.0,0.0,0.0,0.1
27,2,4,1,True,0.02344943688999232,0.16312099419605008,3,qEHVI,0.35000000000000003,0.0,0.55,0.0,0.0,0.1,0.0
27,2,4,1,True,0.02344943688999232,0.16312099419605008,4,qUCB,0.0,0.0,0.4,0.0,0.1,0.45,0.05
27,3,3,2,False,0.01725311390303264,0.05317498575047175,0,qEHVI,0.30000000000000004,0.0,0.55,0.1,0.0,0.05,0.0
27,3,3,2,False,0.01725311390303264,0.05317498575047175,1,qEHVI,0.15000000000000002,0.1,0.55,0.1,0.0,0.05,0.05
27,3,3,2,False,0.01725311390303264,0.05317498575047175,2,qEHVI,0.35000000000000003,0.0,0.55,0.0,0.0,0.1,0.0
27,3,3,2,False,0.01725311390303264,0.05317498575047175,3,qUCB,0.0,0.0,0.4,0.0,0.1,0.45,0.05
27,3,3,2,False,0.01725311390303264,0.05317498575047175,4,qUCB,0.1,0.05,0.2,0.1,0.1,0.45,0.0
27,4,2,3,False,0.012780424707550642,0.0692029579250577,0,qEHVI,0.30000000000000004,0.0,0.55,0.1,0.0,0.05,0.0
27,4,2,3,False,0.012780424707550642,0.0692029579250577,1,qEHVI,0.15000000000000002,0.1,0.55,0.1,0.0,0.05,0.05
27,4,2,3,False,0.012780424707550642,0.0692029579250577,2,qUCB,0.0,0.0,0.4,0.0,0.1,0.45,0.05
27,4,2,3,False,0.012780424707550642,0.0692029579250577,3,qUCB,0.15000000000000002,0.1,0.2,0.0,0.1,0.45,0.0
27,4,2,3,False,0.012780424707550642,0.0692029579250577,4,qUCB,0.30000000000000004,0.0,0.2,0.0,0.0,0.4,0.1
27,5,1,4,False,0.008083723187988192,0.08520555639369687,0,qEHVI,0.30000000000000004,0.0,0.55,0.1,0.0,0.05,0.0
27,5,1,4,False,0.008083723187988192,0.08520555639369687,1,qUCB,0.0,0.0,0.5,0.0,0.1,0.30000000000000004,0.1
27,5,1,4,False,0.008083723187988192,0.08520555639369687,2,qUCB,0.0,0.1,0.7000000000000001,0.0,0.1,0.0,0.1
27,5,1,4,False,0.008083723187988192,0.08520555639369687,3,qUCB,0.15000000000000002,0.1,0.2,0.0,0.1,0.45,0.0
27,5,1,4,False,0.008083723187988192,0.08520555639369687,4,qUCB,0.0,0.0,0.35000000000000003,0.1,0.1,0.35000000000000003,0.1
27,6,0,5,False,0.008118508200090026,0.05936874042822815,0,qUCB,0.0,0.1,0.7000000000000001,0.1,0.0,0.0,0.1
27,6,0,5,False,0.008118508200090026,0.05936874042822815,1,qUCB,0.35000000000000003,0.0,0.5,0.0,0.0,0.15000000000000002,0.0
27,6,0,5,False,0.008118508200090026,0.05936874042822815,2,qUCB,0.2,0.0,0.35000000000000003,0.1,0.0,0.25,0.1
27,6,0,5,False,0.008118508200090026,0.05936874042822815,3,qUCB,0.35000000000000003,0.05,0.30000000000000004,0.1,0.0,0.1,0.1
27,6,0,5,False,0.008118508200090026,0.05936874042822815,4,qUCB,0.2,0.0,0.35000000000000003,0.1,0.1,0.25,0.0
28,1,5,0,False,0.025077451367413905,0.06316122414525971,0,qEHVI,0.25,0.0,0.6000000000000001,0.1,0.0,0.05,0.0
28,1,5,0,False,0.025077451367413905,0.06316122414525971,1,qEHVI,0.25,0.0,0.65,0.05,0.0,0.0,0.05
28,1,5,0,False,0.025077451367413905,0.06316122414525971,2,qEHVI,0.05,0.05,0.7000000000000001,0.05,0.0,0.05,0.1
28,1,5,0,False,0.025077451367413905,0.06316122414525971,3,qEHVI,0.05,0.0,0.7000000000000001,0.05,0.0,0.1,0.1
28,1,5,0,False,0.025077451367413905,0.06316122414525971,4,qEHVI,0.05,0.0,0.6000000000000001,0.05,0.0,0.2,0.1
28,2,4,1,False,0.021331134975095808,0.02684779075298316,0,qEHVI,0.25,0.0,0.6000000000000001,0.1,0.0,0.05,0.0
28,2,4,1,False,0.021331134975095808,0.02684779075298316,1,qEHVI,0.25,0.0,0.65,0.05,0.0,0.0,0.05
28,2,4,1,False,0.021331134975095808,0.02684779075298316,2,qEHVI,0.05,0.05,0.7000000000000001,0.05,0.0,0.05,0.1
28,2,4,1,False,0.021331134975095808,0.02684779075298316,3,qEHVI,0.05,0.0,0.7000000000000001,0.05,0.0,0.1,0.1
28,2,4,1,False,0.021331134975095808,0.02684779075298316,4,qUCB,0.05,0.0,0.4,0.0,0.1,0.45,0.0
28,3,3,2,False,0.017439596522379443,0.04501052952870843,0,qEHVI,0.25,0.0,0.6000000000000001,0.1,0.0,0.05,0.0
28,3,3,2,False,0.017439596522379443,0.04501052952870843,1,qEHVI,0.25,0.0,0.65,0.05,0.0,0.0,0.05
28,3,3,2,False,0.017439596522379443,0.04501052952870843,2,qEHVI,0.05,0.05,0.7000000000000001,0.05,0.0,0.05,0.1
28,3,3,2,False,0.017439596522379443,0.04501052952870843,3,qUCB,0.05,0.0,0.4,0.0,0.1,0.45,0.0
28,3,3,2,False,0.017439596522379443,0.04501052952870843,4,qUCB,0.15000000000000002,0.1,0.2,0.0,0.1,0.45,0.0
28,4,2,3,True,0.013474639725091239,0.061740450416762016,0,qEHVI,0.25,0.0,0.6000000000000001,0.1,0.0,0.05,0.0
28,4,2,3,True,0.013474639725091239,0.061740450416762016,1,qEHVI,0.25,0.0,0.65,0.05,0.0,0.0,0.05
28,4,2,3,True,0.013474639725091239,0.061740450416762016,2,qUCB,0.0,0.1,0.2,0.1,0.1,0.4,0.1
28,4,2,3,True,0.013474639725091239,0.061740450416762016,3,qUCB,0.15000000000000002,0.1,0.2,0.0,0.1,0.45,0.0
28,4,2,3,True,0.013474639725091239,0.061740450416762016,4,qUCB,0.05,0.0,0.4,0.0,0.1,0.45,0.0
28,5,1,4,False,0.009187237669071511,0.05986847015012842,0,qEHVI,0.25,0.0,0.6000000000000001,0.1,0.0,0.05,0.0
28,5,1,4,False,0.009187237669071511,0.05986847015012842,1,qUCB,0.05,0.0,0.35000000000000003,0.0,0.1,0.4,0.1
28,5,1,4,False,0.009187237669071511,0.05986847015012842,2,qUCB,0.15000000000000002,0.1,0.2,0.0,0.1,0.45,0.0
28,5,1,4,False,0.009187237669071511,0.05986847015012842,3,qUCB,0.0,0.0,0.5,0.0,0.1,0.30000000000000004,0.1
28,5,1,4,False,0.009187237669071511,0.05986847015012842,4,qUCB,0.0,0.5,0.2,0.0,0.1,0.2,0.0
28,6,0,5,False,0.00686752811452579,0.14995472910799357,0,qUCB,0.0,0.05,0.7000000000000001,0.05,0.0,0.1,0.1
28,6,0,5,False,0.00686752811452579,0.14995472910799357,1,qUCB,0.35000000000000003,0.15000000000000002,0.5,0.0,0.0,0.0,0.0
28,6,0,5,False,0.00686752811452579,0.14995472910799357,2,qUCB,0.2,0.0,0.35000000000000003,0.1,0.0,0.25,0.1
28,6,0,5,False,0.00686752811452579,0.14995472910799357,3,qUCB,0.1,0.0,0.35000000000000003,0.1,0.1,0.35000000000000003,0.0
28,6,0,5,False,0.00686752811452579,0.14995472910799357,4,qUCB,0.35000000000000003,0.15000000000000002,0.2,0.1,0.0,0.1,0.1
29,1,5,0,False,0.021121327838219073,0.0526523011931026,0,qEHVI,0.2,0.0,0.65,0.1,0.0,0.05,0.0
29,1,5,0,False,0.021121327838219073,0.0526523011931026,1,qEHVI,0.0,0.1,0.65,0.1,0.0,0.05,0.1
29,1,5,0,False,0.021121327838219073,0.0526523011931026,2,qEHVI,0.0,0.2,0.7000000000000001,0.05,0.0,0.0,0.05
29,1,5,0,False,0.021121327838219073,0.0526523011931026,3,qEHVI,0.30000000000000004,0.0,0.65,0.05,0.0,0.0,0.0
29,1,5,0,False,0.021121327838219073,0.0526523011931026,4,qEHVI,0.35000000000000003,0.0,0.55,0.1,0.0,0.0,0.0
29,2,4,1,False,0.01732896830076354,0.0726761170585295,0,qEHVI,0.2,0.0,0.65,0.1,0.0,0.05,0.0
29,2,4,1,False,0.01732896830076354,0.0726761170585295,1,qEHVI,0.0,0.1,0.65,0.1,0.0,0.05,0.1
29,2,4,1,False,0.01732896830076354,0.0726761170585295,2,qEHVI,0.0,0.2,0.7000000000000001,0.05,0.0,0.0,0.05
29,2,4,1,False,0.01732896830076354,0.0726761170585295,3,qEHVI,0.30000000000000004,0.0,0.65,0.05,0.0,0.0,0.0
29,2,4,1,False,0.01732896830076354,0.0726761170585295,4,qUCB,0.05,0.1,0.2,0.0,0.1,0.45,0.1
29,3,3,2,True,0.013601482838832913,0.15938812043235462,0,qEHVI,0.2,0.0,0.65,0.1,0.0,0.05,0.0
29,3,3,2,True,0.013601482838832913,0.15938812043235462,1,qEHVI,0.0,0.1,0.65,0.1,0.0,0.05,0.1
29,3,3,2,True,0.013601482838832913,0.15938812043235462,2,qEHVI,0.0,0.2,0.7000000000000001,0.05,0.0,0.0,0.05
29,3,3,2,True,0.013601482838832913,0.15938812043235462,3,qUCB,0.05,0.1,0.2,0.0,0.1,0.45,0.1
29,3,3,2,True,0.013601482838832913,0.15938812043235462,4,qUCB,0.35000000000000003,0.0,0.2,0.0,0.0,0.35000000000000003,0.1
29,4,2,3,False,0.009272478311489753,0.053238639054193904,0,qEHVI,0.2,0.0,0.65,0.1,0.0,0.05,0.0
29,4,2,3,False,0.009272478311489753,0.053238639054193904,1,qEHVI,0.0,0.1,0.65,0.1,0.0,0.05,0.1
29,4,2,3,False,0.009272478311489753,0.053238639054193904,2,qUCB,0.2,0.5,0.2,0.0,0.0,0.05,0.05
29,4,2,3,False,0.009272478311489753,0.053238639054193904,3,qUCB,0.35000000000000003,0.0,0.2,0.0,0.0,0.35000000000000003,0.1
29,4,2,3,False,0.009272478311489753,0.053238639054193904,4,qUCB,0.35000000000000003,0.2,0.2,0.0,0.0,0.15000000000000002,0.1
29,5,1,4,False,0.005082770610425021,0.026578926985715068,0,qEHVI,0.2,0.0,0.65,0.1,0.0,0.05,0.0
29,5,1,4,False,0.005082770610425021,0.026578926985715068,1,qUCB,0.05,0.1,0.2,0.0,0.1,0.45,0.1
29,5,1,4,False,0.005082770610425021,0.026578926985715068,2,qUCB,0.15000000000000002,0.5,0.2,0.0,0.0,0.05,0.1
29,5,1,4,False,0.005082770610425021,0.026578926985715068,3,qUCB,0.0,0.0,0.55,0.0,0.1,0.25,0.1
29,5,1,4,False,0.005082770610425021,0.026578926985715068,4,qUCB,0.35000000000000003,0.0,0.2,0.0,0.0,0.35000000000000003,0.1
29,6,0,5,False,0.005814894464860474,0.05127864817464867,0,qUCB,0.0,0.05,0.7000000000000001,0.05,0.0,0.1,0.1
29,6,0,5,False,0.005814894464860474,0.05127864817464867,1,qUCB,0.2,0.0,0.4,0.1,0.0,0.2,0.1
29,6,0,5,False,0.005814894464860474,0.05127864817464867,2,qUCB,0.35000000000000003,0.05,0.30000000000000004,0.1,0.0,0.1,0.1
29,6,0,5,False,0.005814894464860474,0.05127864817464867,3,qUCB,0.25,0.0,0.5,0.0,0.0,0.25,0.0
29,6,0,5,False,0.005814894464860474,0.05127864817464867,4,qUCB,0.35000000000000003,0.1,0.5,0.05,0.0,0.0,0.0
30,1,5,0,False,0.02074076724094309,0.08213148331463316,0,qEHVI,0.2,0.05,0.6000000000000001,0.1,0.0,0.05,0.0
30,1,5,0,False,0.02074076724094309,0.08213148331463316,1,qEHVI,0.05,0.15000000000000002,0.6000000000000001,0.1,0.0,0.0,0.1
30,1,5,0,False,0.02074076724094309,0.08213148331463316,2,qEHVI,0.30000000000000004,0.0,0.65,0.05,0.0,0.0,0.0
30,1,5,0,False,0.02074076724094309,0.08213148331463316,3,qEHVI,0.05,0.0,0.6000000000000001,0.05,0.0,0.2,0.1
30,1,5,0,False,0.02074076724094309,0.08213148331463316,4,qEHVI,0.1,0.05,0.6000000000000001,0.1,0.0,0.05,0.1
30,2,4,1,False,0.017675729567876764,0.0728493516140798,0,qEHVI,0.2,0.05,0.6000000000000001,0.1,0.0,0.05,0.0
30,2,4,1,False,0.017675729567876764,0.0728493516140798,1,qEHVI,0.1,0.05,0.6000000000000001,0.1,0.0,0.05,0.1
30,2,4,1,False,0.017675729567876764,0.0728493516140798,2,qEHVI,0.30000000000000004,0.0,0.65,0.05,0.0,0.0,0.0
30,2,4,1,False,0.017675729567876764,0.0728493516140798,3,qEHVI,0.05,0.15000000000000002,0.6000000000000001,0.1,0.0,0.0,0.1
30,2,4,1,False,0.017675729567876764,0.0728493516140798,4,qUCB,0.05,0.0,0.35000000000000003,0.0,0.1,0.45,0.05
30,3,3,2,True,0.015487014299274397,0.029839775721377748,0,qEHVI,0.2,0.05,0.6000000000000001,0.1,0.0,0.05,0.0
30,3,3,2,True,0.015487014299274397,0.029839775721377748,1,qEHVI,0.1,0.05,0.6000000000000001,0.1,0.0,0.05,0.1
30,3,3,2,True,0.015487014299274397,0.029839775721377748,2,qEHVI,0.30000000000000004,0.0,0.65,0.05,0.0,0.0,0.0
30,3,3,2,True,0.015487014299274397,0.029839775721377748,3,qUCB,0.05,0.0,0.35000000000000003,0.0,0.1,0.45,0.05
30,3,3,2,True,0.015487014299274397,0.029839775721377748,4,qUCB,0.15000000000000002,0.5,0.2,0.1,0.0,0.0,0.05
30,4,2,3,False,0.012065786986935906,0.025393419799298655,0,qEHVI,0.2,0.05,0.6000000000000001,0.1,0.0,0.05,0.0
30,4,2,3,False,0.012065786986935906,0.025393419799298655,1,qEHVI,0.1,0.05,0.6000000000000001,0.1,0.0,0.05,0.1
30,4,2,3,False,0.012065786986935906,0.025393419799298655,2,qUCB,0.05,0.0,0.35000000000000003,0.0,0.1,0.45,0.05
30,4,2,3,False,0.012065786986935906,0.025393419799298655,3,qUCB,0.15000000000000002,0.5,0.2,0.1,0.0,0.0,0.05
30,4,2,3,False,0.012065786986935906,0.025393419799298655,4,qUCB,0.0,0.5,0.2,0.0,0.1,0.2,0.0
30,5,1,4,False,0.008031170163857574,0.10955389759655532,0,qEHVI,0.2,0.05,0.6000000000000001,0.1,0.0,0.05,0.0
30,5,1,4,False,0.008031170163857574,0.10955389759655532,1,qUCB,0.0,0.0,0.5,0.0,0.1,0.30000000000000004,0.1
30,5,1,4,False,0.008031170163857574,0.10955389759655532,2,qUCB,0.0,0.0,0.35000000000000003,0.1,0.1,0.35000000000000003,0.1
30,5,1,4,False,0.008031170163857574,0.10955389759655532,3,qUCB,0.15000000000000002,0.5,0.2,0.0,0.0,0.05,0.1
30,5,1,4,False,0.008031170163857574,0.10955389759655532,4,qUCB,0.35000000000000003,0.05,0.2,0.1,0.1,0.1,0.1
30,6,0,5,False,0.006687180148532245,1.7379832857861137,0,qUCB,0.0,0.05,0.7000000000000001,0.05,0.0,0.1,0.1
30,6,0,5,False,0.006687180148532245,1.7379832857861137,1,qUCB,0.35000000000000003,0.15000000000000002,0.5,0.0,0.0,0.0,0.0
30,6,0,5,False,0.006687180148532245,1.7379832857861137,2,qUCB,0.35000000000000003,0.05,0.30000000000000004,0.1,0.0,0.1,0.1
30,6,0,5,False,0.006687180148532245,1.7379832857861137,3,qUCB,0.2,0.0,0.5,0.1,0.0,0.2,0.0
30,6,0,5,False,0.006687180148532245,1.7379832857861137,4,qUCB,0.0,0.0,0.55,0.1,0.0,0.30000000000000004,0.05
31,1,5,0,True,0.01686679588167833,0.2988506316715487,0,qEHVI,0.25,0.05,0.65,0.05,0.0,0.0,0.0
31,1,5,0,True,0.01686679588167833,0.2988506316715487,1,qEHVI,0.1,0.1,0.65,0.0,0.0,0.05,0.1
31,1,5,0,True,0.01686679588167833,0.2988506316715487,2,qEHVI,0.05,0.0,0.7000000000000001,0.05,0.0,0.1,0.1
31,1,5,0,True,0.01686679588167833,0.2988506316715487,3,qEHVI,0.05,0.0,0.6000000000000001,0.05,0.0,0.2,0.1
31,1,5,0,True,0.01686679588167833,0.2988506316715487,4,qEHVI,0.25,0.1,0.6000000000000001,0.05,0.0,0.0,0.0
31,2,4,1,False,0.013718238613461968,0.21456799447984132,0,qEHVI,0.25,0.05,0.65,0.05,0.0,0.0,0.0
31,2,4,1,False,0.013718238613461968,0.21456799447984132,1,qEHVI,0.1,0.1,0.65,0.0,0.0,0.05,0.1
31,2,4,1,False,0.013718238613461968,0.21456799447984132,2,qEHVI,0.05,0.0,0.7000000000000001,0.05,0.0,0.1,0.1
31,2,4,1,False,0.013718238613461968,0.21456799447984132,3,qEHVI,0.25,0.1,0.6000000000000001,0.05,0.0,0.0,0.0
31,2,4,1,False,0.013718238613461968,0.21456799447984132,4,qUCB,0.05,0.05,0.2,0.1,0.1,0.45,0.05
31,3,3,2,False,0.010734470862017249,0.045245031505300126,0,qEHVI,0.25,0.05,0.65,0.05,0.0,0.0,0.0
31,3,3,2,False,0.010734470862017249,0.045245031505300126,1,qEHVI,0.1,0.1,0.65,0.0,0.0,0.05,0.1
31,3,3,2,False,0.010734470862017249,0.045245031505300126,2,qEHVI,0.05,0.0,0.7000000000000001,0.05,0.0,0.1,0.1
31,3,3,2,False,0.010734470862017249,0.045245031505300126,3,qUCB,0.05,0.05,0.2,0.1,0.1,0.45,0.05
31,3,3,2,False,0.010734470862017249,0.045245031505300126,4,qUCB,0.0,0.5,0.2,0.1,0.1,0.1,0.0
31,4,2,3,False,0.007315579344021425,0.02383842601670949,0,qEHVI,0.25,0.05,0.65,0.05,0.0,0.0,0.0
31,4,2,3,False,0.007315579344021425,0.02383842601670949,1,qEHVI,0.05,0.15000000000000002,0.65,0.05,0.0,0.0,0.1
31,4,2,3,False,0.007315579344021425,0.02383842601670949,2,qUCB,0.05,0.05,0.2,0.1,0.1,0.45,0.05
31,4,2,3,False,0.007315579344021425,0.02383842601670949,3,qUCB,0.0,0.0,0.35000000000000003,0.1,0.1,0.4,0.05
31,4,2,3,False,0.007315579344021425,0.02383842601670949,4,qUCB,0.0,0.5,0.2,0.1,0.1,0.1,0.0
31,5,1,4,False,0.003948244797550244,0.012354517840392099,0,qEHVI,0.25,0.05,0.65,0.05,0.0,0.0,0.0
31,5,1,4,False,0.003948244797550244,0.012354517840392099,1,qUCB,0.0,0.0,0.30000000000000004,0.1,0.1,0.4,0.1
31,5,1,4,False,0.003948244797550244,0.012354517840392099,2,qUCB,0.0,0.0,0.4,0.1,0.1,0.30000000000000004,0.1
31,5,1,4,False,0.003948244797550244,0.012354517840392099,3,qUCB,0.1,0.0,0.2,0.1,0.1,0.4,0.1
31,5,1,4,False,0.003948244797550244,0.012354517840392099,4,qUCB,0.1,0.05,0.2,0.1,0.0,0.45,0.1
31,6,0,5,False,0.0057302041341177464,0.1231628215618068,0,qUCB,0.0,0.05,0.65,0.1,0.0,0.1,0.1
31,6,0,5,False,0.0057302041341177464,0.1231628215618068,1,qUCB,0.35000000000000003,0.15000000000000002,0.4,0.1,0.0,0.0,0.0
31,6,0,5,False,0.0057302041341177464,0.1231628215618068,2,qUCB,0.0,0.0,0.55,0.1,0.0,0.30000000000000004,0.05
31,6,0,5,False,0.0057302041341177464,0.1231628215618068,3,qUCB,0.35000000000000003,0.05,0.30000000000000004,0.1,0.0,0.1,0.1
31,6,0,5,False,0.0057302041341177464,0.1231628215618068,4,qUCB,0.2,0.0,0.5,0.0,0.0,0.2,0.1
32,1,5,0,True,0.019269038167511226,0.08647085575373126,0,qEHVI,0.2,0.1,0.65,0.05,0.0,0.0,0.0
32,1,5,0,True,0.019269038167511226,0.08647085575373126,1,qEHVI,0.05,0.05,0.7000000000000001,0.05,0.0,0.05,0.1
32,1,5,0,True,0.019269038167511226,0.08647085575373126,2,qEHVI,0.05,0.15000000000000002,0.65,0.05,0.0,0.0,0.1
32,1,5,0,True,0.019269038167511226,0.08647085575373126,3,qEHVI,0.0,0.05,0.65,0.05,0.0,0.15000000000000002,0.1
32,1,5,0,True,0.019269038167511226,0.08647085575373126,4,qEHVI,0.0,0.15000000000000002,0.7000000000000001,0.05,0.0,0.05,0.05
32,2,4,1,False,0.016531279461872467,0.05247346998310576,0,qEHVI,0.2,0.1,0.65,0.05,0.0,0.0,0.0
32,2,4,1,False,0.016531279461872467,0.05247346998310576,1,qEHVI,0.05,0.05,0.7000000000000001,0.05,0.0,0.05,0.1
32,2,4,1,False,0.016531279461872467,0.05247346998310576,2,qEHVI,0.05,0.15000000000000002,0.65,0.05,0.0,0.0,0.1
32,2,4,1,False,0.016531279461872467,0.05247346998310576,3,qEHVI,0.0,0.05,0.65,0.05,0.0,0.15000000000000002,0.1
32,2,4,1,False,0.016531279461872467,0.05247346998310576,4,qUCB,0.05,0.05,0.2,0.1,0.1,0.45,0.05
32,3,3,2,False,0.013962739487771225,0.04614509211858753,0,qEHVI,0.2,0.1,0.65,0.05,0.0,0.0,0.0
32,3,3,2,False,0.013962739487771225,0.04614509211858753,1,qEHVI,0.05,0.05,0.7000000000000001,0.05,0.0,0.05,0.1
32,3,3,2,False,0.013962739487771225,0.04614509211858753,2,qEHVI,0.05,0.15000000000000002,0.65,0.05,0.0,0.0,0.1
32,3,3,2,False,0.013962739487771225,0.04614509211858753,3,qUCB,0.05,0.05,0.2,0.1,0.1,0.45,0.05
32,3,3,2,False,0.013962739487771225,0.04614509211858753,4,qUCB,0.35000000000000003,0.05,0.2,0.1,0.1,0.1,0.1
32,4,2,3,False,0.010645366845929621,0.06085978259735203,0,qEHVI,0.2,0.1,0.65,0.05,0.0,0.0,0.0
32,4,2,3,False,0.010645366845929621,0.06085978259735203,1,qEHVI,0.05,0.05,0.7000000000000001,0.05,0.0,0.05,0.1
32,4,2,3,False,0.010645366845929621,0.06085978259735203,2,qUCB,0.05,0.05,0.2,0.1,0.1,0.45,0.05
32,4,2,3,False,0.010645366845929621,0.06085978259735203,3,qUCB,0.35000000000000003,0.05,0.2,0.1,0.1,0.1,0.1
32,4,2,3,False,0.010645366845929621,0.06085978259735203,4,qUCB,0.0,0.0,0.30000000000000004,0.1,0.1,0.4,0.1
32,5,1,4,False,0.006673358212706858,0.010323664965773638,0,qEHVI,0.2,0.1,0.65,0.05,0.0,0.0,0.0
32,5,1,4,False,0.006673358212706858,0.010323664965773638,1,qUCB,0.0,0.0,0.30000000000000004,0.1,0.1,0.4,0.1
32,5,1,4,False,0.006673358212706858,0.010323664965773638,2,qUCB,0.1,0.0,0.2,0.1,0.1,0.4,0.1
32,5,1,4,False,0.006673358212706858,0.010323664965773638,3,qUCB,0.35000000000000003,0.05,0.2,0.1,0.1,0.1,0.1
32,5,1,4,False,0.006673358212706858,0.010323664965773638,4,qUCB,0.0,0.0,0.35000000000000003,0.1,0.1,0.35000000000000003,0.1
32,6,0,5,False,0.007135866642889116,0.06919132826681018,0,qUCB,0.0,0.05,0.7000000000000001,0.05,0.0,0.1,0.1
32,6,0,5,False,0.007135866642889116,0.06919132826681018,1,qUCB,0.0,0.1,0.7000000000000001,0.1,0.0,0.0,0.1
32,6,0,5,False,0.007135866642889116,0.06919132826681018,2,qUCB,0.25,0.0,0.5,0.0,0.0,0.15000000000000002,0.1
32,6,0,5,False,0.007135866642889116,0.06919132826681018,3,qUCB,0.0,0.0,0.55,0.1,0.0,0.30000000000000004,0.05
32,6,0,5,False,0.007135866642889116,0.06919132826681018,4,qUCB,0.1,0.0,0.4,0.1,0.0,0.30000000000000004,0.1
33,1,5,0,False,0.01562987852303668,0.195494930353469,0,qEHVI,0.25,0.0,0.6000000000000001,0.05,0.0,0.05,0.05
33,1,5,0,False,0.01562987852303668,0.195494930353469,1,qEHVI,0.05,0.15000000000000002,0.6000000000000001,0.1,0.0,0.0,0.1
33,1,5,0,False,0.01562987852303668,0.195494930353469,2,qEHVI,0.05,0.05,0.65,0.1,0.0,0.05,0.1
33,1,5,0,False,0.01562987852303668,0.195494930353469,3,qEHVI,0.25,0.0,0.55,0.1,0.0,0.05,0.05
33,1,5,0,False,0.01562987852303668,0.195494930353469,4,qEHVI,0.05,0.1,0.65,0.1,0.0,0.0,0.1
33,2,4,1,False,0.013403614992384976,0.10757370919357712,0,qEHVI,0.25,0.0,0.6000000000000001,0.05,0.0,0.05,0.05
33,2,4,1,False,0.013403614992384976,0.10757370919357712,1,qEHVI,0.05,0.15000000000000002,0.6000000000000001,0.1,0.0,0.0,0.1
33,2,4,1,False,0.013403614992384976,0.10757370919357712,2,qEHVI,0.05,0.05,0.65,0.1,0.0,0.05,0.1
33,2,4,1,False,0.013403614992384976,0.10757370919357712,3,qEHVI,0.05,0.1,0.65,0.1,0.0,0.0,0.1
33,2,4,1,False,0.013403614992384976,0.10757370919357712,4,qUCB,0.0,0.05,0.30000000000000004,0.1,0.1,0.45,0.0
33,3,3,2,True,0.010606309869489806,0.0567278434567573,0,qEHVI,0.25,0.0,0.6000000000000001,0.05,0.0,0.05,0.05
33,3,3,2,True,0.010606309869489806,0.0567278434567573,1,qEHVI,0.05,0.15000000000000002,0.6000000000000001,0.1,0.0,0.0,0.1
33,3,3,2,True,0.010606309869489806,0.0567278434567573,2,qEHVI,0.05,0.05,0.65,0.1,0.0,0.05,0.1
33,3,3,2,True,0.010606309869489806,0.0567278434567573,3,qUCB,0.0,0.05,0.30000000000000004,0.1,0.1,0.45,0.0
33,3,3,2,True,0.010606309869489806,0.0567278434567573,4,qUCB,0.0,0.5,0.2,0.0,0.1,0.2,0.0
33,4,2,3,False,0.007817896940515646,0.05432275745217385,0,qEHVI,0.25,0.0,0.6000000000000001,0.05,0.0,0.05,0.05
33,4,2,3,False,0.007817896940515646,0.05432275745217385,1,qEHVI,0.05,0.15000000000000002,0.6000000000000001,0.1,0.0,0.0,0.1
33,4,2,3,False,0.007817896940515646,0.05432275745217385,2,qUCB,0.0,0.05,0.30000000000000004,0.1,0.1,0.45,0.0
33,4,2,3,False,0.007817896940515646,0.05432275745217385,3,qUCB,0.0,0.5,0.2,0.0,0.1,0.2,0.0
33,4,2,3,False,0.007817896940515646,0.05432275745217385,4,qUCB,0.0,0.0,0.30000000000000004,0.1,0.1,0.4,0.1
33,5,1,4,False,0.005097260713625547,0.023838935078960954,0,qEHVI,0.25,0.0,0.6000000000000001,0.05,0.0,0.05,0.05
33,5,1,4,False,0.005097260713625547,0.023838935078960954,1,qUCB,0.0,0.0,0.30000000000000004,0.1,0.1,0.4,0.1
33,5,1,4,False,0.005097260713625547,0.023838935078960954,2,qUCB,0.0,0.5,0.2,0.1,0.1,0.1,0.0
33,5,1,4,False,0.005097260713625547,0.023838935078960954,3,qUCB,0.0,0.5,0.4,0.1,0.0,0.0,0.0
33,5,1,4,False,0.005097260713625547,0.023838935078960954,4,qUCB,0.0,0.45,0.2,0.0,0.0,0.35000000000000003,0.0
33,6,0,5,False,0.005227363071371868,0.08762802114673329,0,qUCB,0.0,0.05,0.65,0.1,0.0,0.1,0.1
33,6,0,5,False,0.005227363071371868,0.08762802114673329,1,qUCB,0.35000000000000003,0.15000000000000002,0.4,0.1,0.0,0.0,0.0
33,6,0,5,False,0.005227363071371868,0.08762802114673329,2,qUCB,0.35000000000000003,0.0,0.35000000000000003,0.1,0.0,0.1,0.1
33,6,0,5,False,0.005227363071371868,0.08762802114673329,3,qUCB,0.2,0.0,0.35000000000000003,0.1,0.0,0.25,0.1
33,6,0,5,False,0.005227363071371868,0.08762802114673329,4,qUCB,0.0,0.0,0.5,0.1,0.0,0.35000000000000003,0.05
34,1,5,0,False,0.013210277743063678,0.8013502666483134,0,qEHVI,0.05,0.25,0.55,0.1,0.0,0.0,0.05
34,1,5,0,False,0.013210277743063678,0.8013502666483134,1,qEHVI,0.05,0.15000000000000002,0.55,0.1,0.0,0.05,0.1
34,1,5,0,False,0.013210277743063678,0.8013502666483134,2,qEHVI,0.05,0.1,0.7000000000000001,0.05,0.0,0.0,0.1
34,1,5,0,False,0.013210277743063678,0.8013502666483134,3,qEHVI,0.15000000000000002,0.0,0.65,0.1,0.0,0.05,0.05
34,1,5,0,False,0.013210277743063678,0.8013502666483134,4,qEHVI,0.15000000000000002,0.0,0.7000000000000001,0.0,0.0,0.1,0.05
34,2,4,1,False,0.010953427794808825,0.17975743910957398,0,qEHVI,0.05,0.25,0.55,0.1,0.0,0.0,0.05
34,2,4,1,False,0.010953427794808825,0.17975743910957398,1,qEHVI,0.05,0.15000000000000002,0.55,0.1,0.0,0.05,0.1
34,2,4,1,False,0.010953427794808825,0.17975743910957398,2,qEHVI,0.05,0.1,0.7000000000000001,0.05,0.0,0.0,0.1
34,2,4,1,False,0.010953427794808825,0.17975743910957398,3,qEHVI,0.15000000000000002,0.0,0.65,0.1,0.0,0.05,0.05
34,2,4,1,False,0.010953427794808825,0.17975743910957398,4,qUCB,0.05,0.0,0.4,0.0,0.1,0.4,0.05
34,3,3,2,False,0.008805333028548912,0.1610123585593186,0,qEHVI,0.05,0.25,0.55,0.1,0.0,0.0,0.05
34,3,3,2,False,0.008805333028548912,0.1610123585593186,1,qEHVI,0.05,0.1,0.7000000000000001,0.05,0.0,0.0,0.1
34,3,3,2,False,0.008805333028548912,0.1610123585593186,2,qEHVI,0.05,0.15000000000000002,0.55,0.1,0.0,0.05,0.1
34,3,3,2,False,0.008805333028548912,0.1610123585593186,3,qUCB,0.05,0.0,0.4,0.0,0.1,0.4,0.05
34,3,3,2,False,0.008805333028548912,0.1610123585593186,4,qUCB,0.35000000000000003,0.0,0.2,0.0,0.0,0.45,0.0
34,4,2,3,True,0.006012304447524765,0.06428956115916495,0,qEHVI,0.05,0.25,0.55,0.1,0.0,0.0,0.05
34,4,2,3,True,0.006012304447524765,0.06428956115916495,1,qEHVI,0.05,0.1,0.7000000000000001,0.05,0.0,0.0,0.1
34,4,2,3,True,0.006012304447524765,0.06428956115916495,2,qUCB,0.0,0.0,0.30000000000000004,0.1,0.1,0.4,0.1
34,4,2,3,True,0.006012304447524765,0.06428956115916495,3,qUCB,0.35000000000000003,0.0,0.2,0.0,0.0,0.45,0.0
34,4,2,3,True,0.006012304447524765,0.06428956115916495,4,qUCB,0.25,0.0,0.35000000000000003,0.0,0.1,0.30000000000000004,0.0
34,5,1,4,False,0.0033941783592548003,0.01729179642501444,0,qEHVI,0.05,0.25,0.55,0.1,0.0,0.0,0.05
34,5,1,4,False,0.0033941783592548003,0.01729179642501444,1,qUCB,0.0,0.0,0.30000000000000004,0.1,0.1,0.4,0.1
34,5,1,4,False,0.0033941783592548003,0.01729179642501444,2,qUCB,0.35000000000000003,0.0,0.2,0.0,0.0,0.45,0.0
34,5,1,4,False,0.0033941783592548003,0.01729179642501444,3,qUCB,0.25,0.0,0.35000000000000003,0.0,0.1,0.30000000000000004,0.0
34,5,1,4,False,0.0033941783592548003,0.01729179642501444,4,qUCB,0.35000000000000003,0.0,0.35000000000000003,0.0,0.1,0.1,0.1
34,6,0,5,False,0.004567641960202004,0.16428244829954708,0,qUCB,0.0,0.05,0.65,0.1,0.0,0.1,0.1
34,6,0,5,False,0.004567641960202004,0.16428244829954708,1,qUCB,0.2,0.0,0.5,0.0,0.0,0.2,0.1
34,6,0,5,False,0.004567641960202004,0.16428244829954708,2,qUCB,0.35000000000000003,0.15000000000000002,0.4,0.1,0.0,0.0,0.0
34,6,0,5,False,0.004567641960202004,0.16428244829954708,3,qUCB,0.35000000000000003,0.0,0.35000000000000003,0.1,0.0,0.1,0.1
34,6,0,5,False,0.004567641960202004,0.16428244829954708,4,qUCB,0.25,0.0,0.5,0.0,0.0,0.25,0.0
35,1,5,0,False,0.012642827996747937,0.35255670341163636,0,qEHVI,0.0,0.05,0.6000000000000001,0.1,0.0,0.15000000000000002,0.1
35,1,5,0,False,0.012642827996747937,0.35255670341163636,1,qEHVI,0.35000000000000003,0.0,0.6000000000000001,0.05,0.0,0.0,0.0
35,1,5,0,False,0.012642827996747937,0.35255670341163636,2,qEHVI,0.15000000000000002,0.0,0.65,0.1,0.0,0.05,0.05
35,1,5,0,False,0.012642827996747937,0.35255670341163636,3,qEHVI,0.1,0.05,0.65,0.05,0.0,0.05,0.1
35,1,5,0,False,0.012642827996747937,0.35255670341163636,4,qEHVI,0.25,0.05,0.6000000000000001,0.05,0.0,0.05,0.0
35,2,4,1,False,0.010370123013818696,0.10144777962063856,0,qEHVI,0.0,0.05,0.6000000000000001,0.1,0.0,0.15000000000000002,0.1
35,2,4,1,False,0.010370123013818696,0.10144777962063856,1,qEHVI,0.35000000000000003,0.0,0.6000000000000001,0.05,0.0,0.0,0.0
35,2,4,1,False,0.010370123013818696,0.10144777962063856,2,qEHVI,0.15000000000000002,0.0,0.65,0.1,0.0,0.05,0.05
35,2,4,1,False,0.010370123013818696,0.10144777962063856,3,qEHVI,0.25,0.05,0.6000000000000001,0.05,0.0,0.05,0.0
35,2,4,1,False,0.010370123013818696,0.10144777962063856,4,qUCB,0.15000000000000002,0.5,0.2,0.0,0.0,0.05,0.1
35,3,3,2,True,0.008171485728893384,0.2232073609814167,0,qEHVI,0.0,0.05,0.6000000000000001,0.1,0.0,0.15000000000000002,0.1
35,3,3,2,True,0.008171485728893384,0.2232073609814167,1,qEHVI,0.35000000000000003,0.0,0.6000000000000001,0.05,0.0,0.0,0.0
35,3,3,2,True,0.008171485728893384,0.2232073609814167,2,qEHVI,0.15000000000000002,0.0,0.65,0.1,0.0,0.05,0.05
35,3,3,2,True,0.008171485728893384,0.2232073609814167,3,qUCB,0.15000000000000002,0.5,0.2,0.0,0.0,0.05,0.1
35,3,3,2,True,0.008171485728893384,0.2232073609814167,4,qUCB,0.2,0.5,0.2,0.1,0.0,0.0,0.0
35,4,2,3,False,0.007618464955087202,0.09215412644486065,0,qEHVI,0.0,0.05,0.6000000000000001,0.1,0.0,0.15000000000000002,0.1
35,4,2,3,False,0.007618464955087202,0.09215412644486065,1,qEHVI,0.35000000000000003,0.0,0.6000000000000001,0.05,0.0,0.0,0.0
35,4,2,3,False,0.007618464955087202,0.09215412644486065,2,qUCB,0.05,0.5,0.35000000000000003,0.1,0.0,0.0,0.0
35,4,2,3,False,0.007618464955087202,0.09215412644486065,3,qUCB,0.15000000000000002,0.5,0.2,0.1,0.0,0.05,0.0
35,4,2,3,False,0.007618464955087202,0.09215412644486065,4,qUCB,0.15000000000000002,0.5,0.2,0.0,0.0,0.05,0.1
35,5,1,4,False,0.00431773470683874,0.09830697657756104,0,qEHVI,0.0,0.05,0.6000000000000001,0.1,0.0,0.15000000000000002,0.1
35,5,1,4,False,0.00431773470683874,0.09830697657756104,1,qUCB,0.30000000000000004,0.45,0.2,0.0,0.0,0.05,0.0
35,5,1,4,False,0.00431773470683874,0.09830697657756104,2,qUCB,0.35000000000000003,0.0,0.65,0.0,0.0,0.0,0.0
35,5,1,4,False,0.00431773470683874,0.09830697657756104,3,qUCB,0.35000000000000003,0.30000000000000004,0.2,0.0,0.0,0.15000000000000002,0.0
35,5,1,4,False,0.00431773470683874,0.09830697657756104,4,qUCB,0.35000000000000003,0.30000000000000004,0.35000000000000003,0.0,0.0,0.0,0.0
35,6,0,5,False,0.004548045863960021,0.13802944283634577,0,qUCB,0.0,0.05,0.65,0.1,0.0,0.1,0.1
35,6,0,5,False,0.004548045863960021,0.13802944283634577,1,qUCB,0.0,0.0,0.55,0.1,0.0,0.30000000000000004,0.05
35,6,0,5,False,0.004548045863960021,0.13802944283634577,2,qUCB,0.0,0.0,0.6000000000000001,0.0,0.0,0.30000000000000004,0.1
35,6,0,5,False,0.004548045863960021,0.13802944283634577,3,qUCB,0.35000000000000003,0.0,0.35000000000000003,0.1,0.0,0.1,0.1
35,6,0,5,False,0.004548045863960021,0.13802944283634577,4,qUCB,0.2,0.0,0.4,0.1,0.0,0.2,0.1
36,1,5,0,True,0.011961097044441904,0.1469224435902987,0,qEHVI,0.35000000000000003,0.0,0.55,0.1,0.0,0.0,0.0
36,1,5,0,True,0.011961097044441904,0.1469224435902987,1,qEHVI,0.30000000000000004,0.1,0.6000000000000001,0.0,0.0,0.0,0.0
36,1,5,0,True,0.011961097044441904,0.1469224435902987,2,qEHVI,0.05,0.15000000000000002,0.55,0.1,0.0,0.05,0.1
36,1,5,0,True,0.011961097044441904,0.1469224435902987,3,qEHVI,0.05,0.1,0.6000000000000001,0.1,0.0,0.05,0.1
36,1,5,0,True,0.011961097044441904,0.1469224435902987,4,qEHVI,0.0,0.05,0.65,0.1,0.0,0.1,0.1
36,2,4,1,False,0.009959001398873166,0.011146792597306998,0,qEHVI,0.35000000000000003,0.0,0.55,0.1,0.0,0.0,0.0
36,2,4,1,False,0.009959001398873166,0.011146792597306998,1,qEHVI,0.35000000000000003,0.05,0.6000000000000001,0.0,0.0,0.0,0.0
36,2,4,1,False,0.009959001398873166,0.011146792597306998,2,qEHVI,0.05,0.15000000000000002,0.55,0.1,0.0,0.05,0.1
36,2,4,1,False,0.009959001398873166,0.011146792597306998,3,qEHVI,0.0,0.05,0.65,0.1,0.0,0.1,0.1
36,2,4,1,False,0.009959001398873166,0.011146792597306998,4,qUCB,0.0,0.05,0.4,0.0,0.1,0.45,0.0
36,3,3,2,False,0.008086319272647325,1.0983820237454598,0,qEHVI,0.35000000000000003,0.0,0.55,0.1,0.0,0.0,0.0
36,3,3,2,False,0.008086319272647325,1.0983820237454598,1,qEHVI,0.30000000000000004,0.1,0.6000000000000001,0.0,0.0,0.0,0.0
36,3,3,2,False,0.008086319272647325,1.0983820237454598,2,qEHVI,0.05,0.15000000000000002,0.55,0.1,0.0,0.05,0.1
36,3,3,2,False,0.008086319272647325,1.0983820237454598,3,qUCB,0.0,0.0,0.35000000000000003,0.05,0.1,0.45,0.05
36,3,3,2,False,0.008086319272647325,1.0983820237454598,4,qUCB,0.0,0.0,0.65,0.0,0.1,0.2,0.05
36,4,2,3,False,0.0058955688057089305,0.007969957080361745,0,qEHVI,0.35000000000000003,0.0,0.55,0.1,0.0,0.0,0.0
36,4,2,3,False,0.0058955688057089305,0.007969957080361745,1,qEHVI,0.35000000000000003,0.05,0.6000000000000001,0.0,0.0,0.0,0.0
36,4,2,3,False,0.0058955688057089305,0.007969957080361745,2,qUCB,0.0,0.0,0.35000000000000003,0.05,0.1,0.4,0.1
36,4,2,3,False,0.0058955688057089305,0.007969957080361745,3,qUCB,0.0,0.1,0.2,0.05,0.1,0.45,0.1
36,4,2,3,False,0.0058955688057089305,0.007969957080361745,4,qUCB,0.0,0.0,0.5,0.05,0.1,0.25,0.1
36,5,1,4,False,0.0034927890479946578,0.09305744282675121,0,qEHVI,0.35000000000000003,0.0,0.55,0.1,0.0,0.0,0.0
36,5,1,4,False,0.0034927890479946578,0.09305744282675121,1,qUCB,0.0,0.0,0.5,0.0,0.0,0.4,0.1
36,5,1,4,False,0.0034927890479946578,0.09305744282675121,2,qUCB,0.0,0.0,0.6000000000000001,0.0,0.1,0.2,0.1
36,5,1,4,False,0.0034927890479946578,0.09305744282675121,3,qUCB,0.0,0.0,0.35000000000000003,0.05,0.1,0.4,0.1
36,5,1,4,False,0.0034927890479946578,0.09305744282675121,4,qUCB,0.05,0.0,0.4,0.0,0.0,0.45,0.1
36,6,0,5,False,0.005847641977451286,0.17612706694350244,0,qUCB,0.0,0.05,0.7000000000000001,0.05,0.0,0.1,0.1
36,6,0,5,False,0.005847641977451286,0.17612706694350244,1,qUCB,0.0,0.1,0.7000000000000001,0.1,0.0,0.0,0.1
36,6,0,5,False,0.005847641977451286,0.17612706694350244,2,qUCB,0.35000000000000003,0.15000000000000002,0.4,0.1,0.0,0.0,0.0
36,6,0,5,False,0.005847641977451286,0.17612706694350244,3,qUCB,0.2,0.0,0.4,0.1,0.0,0.2,0.1
36,6,0,5,False,0.005847641977451286,0.17612706694350244,4,qUCB,0.0,0.0,0.5,0.1,0.0,0.30000000000000004,0.1
37,1,5,0,True,0.012777564081069224,0.17744762080329757,0,qEHVI,0.35000000000000003,0.0,0.65,0.0,0.0,0.0,0.0
37,1,5,0,True,0.012777564081069224,0.17744762080329757,1,qEHVI,0.30000000000000004,0.05,0.65,0.0,0.0,0.0,0.0
37,1,5,0,True,0.012777564081069224,0.17744762080329757,2,qEHVI,0.05,0.1,0.65,0.05,0.0,0.05,0.1
37,1,5,0,True,0.012777564081069224,0.17744762080329757,3,qEHVI,0.05,0.5,0.35000000000000003,0.1,0.0,0.0,0.0
37,1,5,0,True,0.012777564081069224,0.17744762080329757,4,qEHVI,0.25,0.05,0.6000000000000001,0.05,0.0,0.05,0.0
37,2,4,1,False,0.011029636358535327,0.06449227058516094,0,qEHVI,0.35000000000000003,0.0,0.65,0.0,0.0,0.0,0.0
37,2,4,1,False,0.011029636358535327,0.06449227058516094,1,qEHVI,0.30000000000000004,0.05,0.65,0.0,0.0,0.0,0.0
37,2,4,1,False,0.011029636358535327,0.06449227058516094,2,qEHVI,0.05,0.1,0.65,0.05,0.0,0.05,0.1
37,2,4,1,False,0.011029636358535327,0.06449227058516094,3,qEHVI,0.05,0.5,0.35000000000000003,0.1,0.0,0.0,0.0
37,2,4,1,False,0.011029636358535327,0.06449227058516094,4,qUCB,0.05,0.05,0.2,0.1,0.1,0.45,0.05
37,3,3,2,False,0.009126193274282567,0.023927960866357623,0,qEHVI,0.35000000000000003,0.0,0.65,0.0,0.0,0.0,0.0
37,3,3,2,False,0.009126193274282567,0.023927960866357623,1,qEHVI,0.05,0.5,0.35000000000000003,0.1,0.0,0.0,0.0
37,3,3,2,False,0.009126193274282567,0.023927960866357623,2,qEHVI,0.30000000000000004,0.05,0.65,0.0,0.0,0.0,0.0
37,3,3,2,False,0.009126193274282567,0.023927960866357623,3,qUCB,0.0,0.0,0.35000000000000003,0.05,0.1,0.4,0.1
37,3,3,2,False,0.009126193274282567,0.023927960866357623,4,qUCB,0.05,0.0,0.30000000000000004,0.1,0.0,0.45,0.1
37,4,2,3,False,0.0062955507406867945,0.1173767870212501,0,qEHVI,0.35000000000000003,0.0,0.65,0.0,0.0,0.0,0.0
37,4,2,3,False,0.0062955507406867945,0.1173767870212501,1,qEHVI,0.05,0.1,0.65,0.05,0.0,0.05,0.1
37,4,2,3,False,0.0062955507406867945,0.1173767870212501,2,qUCB,0.15000000000000002,0.5,0.2,0.1,0.0,0.05,0.0
37,4,2,3,False,0.0062955507406867945,0.1173767870212501,3,qUCB,0.25,0.4,0.2,0.1,0.0,0.05,0.0
37,4,2,3,False,0.0062955507406867945,0.1173767870212501,4,qUCB,0.35000000000000003,0.05,0.2,0.1,0.1,0.1,0.1
37,5,1,4,False,0.004122788002976922,0.021044685864202606,0,qEHVI,0.35000000000000003,0.0,0.65,0.0,0.0,0.0,0.0
37,5,1,4,False,0.004122788002976922,0.021044685864202606,1,qUCB,0.05,0.0,0.30000000000000004,0.1,0.0,0.45,0.1
37,5,1,4,False,0.004122788002976922,0.021044685864202606,2,qUCB,0.05,0.0,0.30000000000000004,0.1,0.1,0.35000000000000003,0.1
37,5,1,4,False,0.004122788002976922,0.021044685864202606,3,qUCB,0.0,0.1,0.2,0.1,0.05,0.45,0.1
37,5,1,4,False,0.004122788002976922,0.021044685864202606,4,qUCB,0.0,0.0,0.35000000000000003,0.1,0.1,0.4,0.05
37,6,0,5,False,0.005153256251482587,0.7426027812989355,0,qUCB,0.0,0.05,0.7000000000000001,0.05,0.0,0.1,0.1
37,6,0,5,False,0.005153256251482587,0.7426027812989355,1,qUCB,0.2,0.0,0.5,0.0,0.0,0.2,0.1
37,6,0,5,False,0.005153256251482587,0.7426027812989355,2,qUCB,0.0,0.0,0.65,0.0,0.0,0.25,0.1
37,6,0,5,False,0.005153256251482587,0.7426027812989355,3,qUCB,0.35000000000000003,0.15000000000000002,0.4,0.1,0.0,0.0,0.0
37,6,0,5,False,0.005153256251482587,0.7426027812989355,4,qUCB,0.0,0.0,0.5,0.1,0.0,0.35000000000000003,0.05
38,1,5,0,False,0.011934142545654945,0.06062353339305915,0,qEHVI,0.15000000000000002,0.1,0.65,0.05,0.0,0.05,0.0
38,1,5,0,False,0.011934142545654945,0.06062353339305915,1,qEHVI,0.05,0.1,0.65,0.1,0.0,0.0,0.1
38,1,5,0,False,0.011934142545654945,0.06062353339305915,2,qEHVI,0.15000000000000002,0.0,0.7000000000000001,0.0,0.0,0.1,0.05
38,1,5,0,False,0.011934142545654945,0.06062353339305915,3,qEHVI,0.30000000000000004,0.0,0.6000000000000001,0.05,0.0,0.0,0.05
38,1,5,0,False,0.011934142545654945,0.06062353339305915,4,qEHVI,0.30000000000000004,0.0,0.65,0.0,0.0,0.0,0.05
38,2,4,1,False,0.010296194953731089,0.056294568894148966,0,qEHVI,0.15000000000000002,0.1,0.65,0.05,0.0,0.05,0.0
38,2,4,1,False,0.010296194953731089,0.056294568894148966,1,qEHVI,0.05,0.1,0.65,0.1,0.0,0.0,0.1
38,2,4,1,False,0.010296194953731089,0.056294568894148966,2,qEHVI,0.15000000000000002,0.0,0.7000000000000001,0.0,0.0,0.1,0.05
38,2,4,1,False,0.010296194953731089,0.056294568894148966,3,qEHVI,0.30000000000000004,0.0,0.6000000000000001,0.05,0.0,0.0,0.05
38,2,4,1,False,0.010296194953731089,0.056294568894148966,4,qUCB,0.1,0.0,0.2,0.1,0.1,0.45,0.05
38,3,3,2,True,0.00825362641663246,0.04706722657923379,0,qEHVI,0.15000000000000002,0.1,0.65,0.05,0.0,0.05,0.0
38,3,3,2,True,0.00825362641663246,0.04706722657923379,1,qEHVI,0.05,0.1,0.65,0.1,0.0,0.0,0.1
38,3,3,2,True,0.00825362641663246,0.04706722657923379,2,qEHVI,0.15000000000000002,0.0,0.7000000000000001,0.0,0.0,0.1,0.05
38,3,3,2,True,0.00825362641663246,0.04706722657923379,3,qUCB,0.1,0.0,0.2,0.1,0.1,0.45,0.05
38,3,3,2,True,0.00825362641663246,0.04706722657923379,4,qUCB,0.35000000000000003,0.05,0.2,0.1,0.1,0.1,0.1
38,4,2,3,False,0.005948271301002471,0.02305561851163951,0,qEHVI,0.15000000000000002,0.1,0.65,0.05,0.0,0.05,0.0
38,4,2,3,False,0.005948271301002471,0.02305561851163951,1,qEHVI,0.05,0.1,0.65,0.1,0.0,0.0,0.1
38,4,2,3,False,0.005948271301002471,0.02305561851163951,2,qUCB,0.05,0.0,0.35000000000000003,0.0,0.1,0.4,0.1
38,4,2,3,False,0.005948271301002471,0.02305561851163951,3,qUCB,0.35000000000000003,0.05,0.2,0.1,0.1,0.1,0.1
38,4,2,3,False,0.005948271301002471,0.02305561851163951,4,qUCB,0.1,0.0,0.35000000000000003,0.0,0.0,0.45,0.1
38,5,1,4,False,0.003020944034773834,0.020268826103607473,0,qEHVI,0.15000000000000002,0.1,0.65,0.05,0.0,0.05,0.0
38,5,1,4,False,0.003020944034773834,0.020268826103607473,1,qUCB,0.0,0.0,0.35000000000000003,0.1,0.1,0.35000000000000003,0.1
38,5,1,4,False,0.003020944034773834,0.020268826103607473,2,qUCB,0.1,0.0,0.2,0.1,0.1,0.4,0.1
38,5,1,4,False,0.003020944034773834,0.020268826103607473,3,qUCB,0.35000000000000003,0.05,0.2,0.1,0.1,0.1,0.1
38,5,1,4,False,0.003020944034773834,0.020268826103607473,4,qUCB,0.05,0.05,0.2,0.1,0.05,0.45,0.1
38,6,0,5,False,0.0029825981965808258,0.18114962681425784,0,qUCB,0.0,0.05,0.7000000000000001,0.05,0.0,0.1,0.1
38,6,0,5,False,0.0029825981965808258,0.18114962681425784,1,qUCB,0.2,0.0,0.5,0.0,0.0,0.2,0.1
38,6,0,5,False,0.0029825981965808258,0.18114962681425784,2,qUCB,0.35000000000000003,0.0,0.35000000000000003,0.1,0.0,0.1,0.1
38,6,0,5,False,0.0029825981965808258,0.18114962681425784,3,qUCB,0.0,0.0,0.55,0.1,0.0,0.30000000000000004,0.05
38,6,0,5,False,0.0029825981965808258,0.18114962681425784,4,qUCB,0.35000000000000003,0.15000000000000002,0.4,0.1,0.0,0.0,0.0
39,1,5,0,False,0.00992986462287792,0.07477403915922842,0,qEHVI,0.1,0.1,0.65,0.05,0.0,0.0,0.1
39,1,5,0,False,0.00992986462287792,0.07477403915922842,1,qEHVI,0.1,0.1,0.65,0.1,0.0,0.0,0.05
39,1,5,0,False,0.00992986462287792,0.07477403915922842,2,qEHVI,0.2,0.1,0.6000000000000001,0.1,0.0,0.0,0.0
39,1,5,0,False,0.00992986462287792,0.07477403915922842,3,qEHVI,0.0,0.0,0.65,0.0,0.0,0.25,0.1
39,1,5,0,False,0.00992986462287792,0.07477403915922842,4,qEHVI,0.30000000000000004,0.0,0.6000000000000001,0.05,0.0,0.05,0.0
39,2,4,1,False,0.008209900125624043,0.032143008047157196,0,qEHVI,0.1,0.1,0.65,0.05,0.0,0.0,0.1
39,2,4,1,False,0.008209900125624043,0.032143008047157196,1,qEHVI,0.1,0.1,0.65,0.1,0.0,0.0,0.05
39,2,4,1,False,0.008209900125624043,0.032143008047157196,2,qEHVI,0.2,0.1,0.6000000000000001,0.1,0.0,0.0,0.0
39,2,4,1,False,0.008209900125624043,0.032143008047157196,3,qEHVI,0.0,0.0,0.65,0.0,0.0,0.25,0.1
39,2,4,1,False,0.008209900125624043,0.032143008047157196,4,qUCB,0.05,0.05,0.2,0.1,0.1,0.45,0.05
39,3,3,2,True,0.006501183664795677,0.1156955765844696,0,qEHVI,0.1,0.1,0.65,0.05,0.0,0.0,0.1
39,3,3,2,True,0.006501183664795677,0.1156955765844696,1,qEHVI,0.1,0.1,0.65,0.1,0.0,0.0,0.05
39,3,3,2,True,0.006501183664795677,0.1156955765844696,2,qEHVI,0.2,0.1,0.6000000000000001,0.1,0.0,0.0,0.0
39,3,3,2,True,0.006501183664795677,0.1156955765844696,3,qUCB,0.05,0.05,0.2,0.1,0.1,0.4,0.1
39,3,3,2,True,0.006501183664795677,0.1156955765844696,4,qUCB,0.35000000000000003,0.35000000000000003,0.2,0.0,0.0,0.1,0.0
39,4,2,3,False,0.00438935252500148,0.0429771292388299,0,qEHVI,0.1,0.1,0.65,0.05,0.0,0.0,0.1
39,4,2,3,False,0.00438935252500148,0.0429771292388299,1,qEHVI,0.1,0.1,0.65,0.1,0.0,0.0,0.05
39,4,2,3,False,0.00438935252500148,0.0429771292388299,2,qUCB,0.25,0.5,0.2,0.0,0.0,0.05,0.0
39,4,2,3,False,0.00438935252500148,0.0429771292388299,3,qUCB,0.35000000000000003,0.35000000000000003,0.2,0.0,0.0,0.1,0.0
39,4,2,3,False,0.00438935252500148,0.0429771292388299,4,qUCB,0.1,0.0,0.2,0.1,0.1,0.4,0.1
39,5,1,4,False,0.0022411275138675543,0.022470943866831128,0,qEHVI,0.1,0.1,0.65,0.05,0.0,0.0,0.1
39,5,1,4,False,0.0022411275138675543,0.022470943866831128,1,qUCB,0.05,0.05,0.2,0.1,0.1,0.45,0.05
39,5,1,4,False,0.0022411275138675543,0.022470943866831128,2,qUCB,0.35000000000000003,0.15000000000000002,0.2,0.1,0.1,0.1,0.0
39,5,1,4,False,0.0022411275138675543,0.022470943866831128,3,qUCB,0.35000000000000003,0.35000000000000003,0.2,0.0,0.0,0.1,0.0
39,5,1,4,False,0.0022411275138675543,0.022470943866831128,4,qUCB,0.05,0.0,0.35000000000000003,0.1,0.1,0.4,0.0
39,6,0,5,False,0.0035254084335823517,0.0736249950542458,0,qUCB,0.0,0.0,0.65,0.0,0.0,0.25,0.1
39,6,0,5,False,0.0035254084335823517,0.0736249950542458,1,qUCB,0.25,0.0,0.35000000000000003,0.1,0.0,0.2,0.1
39,6,0,5,False,0.0035254084335823517,0.0736249950542458,2,qUCB,0.35000000000000003,0.15000000000000002,0.4,0.1,0.0,0.0,0.0
39,6,0,5,False,0.0035254084335823517,0.0736249950542458,3,qUCB,0.0,0.0,0.5,0.1,0.0,0.35000000000000003,0.05
39,6,0,5,False,0.0035254084335823517,0.0736249950542458,4,qUCB,0.1,0.0,0.35000000000000003,0.1,0.0,0.35000000000000003,0.1
40,1,5,0,True,0.09216397946209377,0.13730802304506273,0,qEHVI,0.0,0.0,0.6000000000000001,0.0,0.0,0.35000000000000003,0.05
40,1,5,0,True,0.09216397946209377,0.13730802304506273,1,qEHVI,0.35000000000000003,0.0,0.35000000000000003,0.1,0.0,0.1,0.1
40,1,5,0,True,0.09216397946209377,0.13730802304506273,2,qEHVI,0.35000000000000003,0.1,0.35000000000000003,0.1,0.0,0.0,0.1
40,1,5,0,True,0.09216397946209377,0.13730802304506273,3,qEHVI,0.25,0.0,0.4,0.1,0.0,0.15000000000000002,0.1
40,1,5,0,True,0.09216397946209377,0.13730802304506273,4,qEHVI,0.35000000000000003,0.0,0.35000000000000003,0.05,0.0,0.15000000000000002,0.1
40,2,4,1,False,0.08896287266960991,0.03766069215518009,0,qEHVI,0.35000000000000003,0.0,0.35000000000000003,0.1,0.0,0.1,0.1
40,2,4,1,False,0.08896287266960991,0.03766069215518009,1,qEHVI,0.0,0.0,0.6000000000000001,0.0,0.0,0.35000000000000003,0.05
40,2,4,1,False,0.08896287266960991,0.03766069215518009,2,qEHVI,0.0,0.0,0.65,0.0,0.0,0.35000000000000003,0.0
40,2,4,1,False,0.08896287266960991,0.03766069215518009,3,qEHVI,0.35000000000000003,0.1,0.35000000000000003,0.1,0.0,0.0,0.1
40,2,4,1,False,0.08896287266960991,0.03766069215518009,4,qUCB,0.0,0.5,0.4,0.0,0.1,0.0,0.0
40,3,3,2,False,0.07566283006525129,0.12154567569626273,0,qEHVI,0.0,0.0,0.6000000000000001,0.0,0.0,0.35000000000000003,0.05
40,3,3,2,False,0.07566283006525129,0.12154567569626273,1,qEHVI,0.35000000000000003,0.0,0.35000000000000003,0.1,0.0,0.1,0.1
40,3,3,2,False,0.07566283006525129,0.12154567569626273,2,qEHVI,0.0,0.0,0.65,0.0,0.0,0.35000000000000003,0.0
40,3,3,2,False,0.07566283006525129,0.12154567569626273,3,qUCB,0.0,0.45,0.35000000000000003,0.1,0.1,0.0,0.0
40,3,3,2,False,0.07566283006525129,0.12154567569626273,4,qUCB,0.0,0.30000000000000004,0.5,0.1,0.1,0.0,0.0
40,4,2,3,False,0.06179138395289011,0.049198758690076616,0,qEHVI,0.0,0.0,0.6000000000000001,0.0,0.0,0.35000000000000003,0.05
40,4,2,3,False,0.06179138395289011,0.049198758690076616,1,qEHVI,0.35000000000000003,0.0,0.35000000000000003,0.1,0.0,0.1,0.1
40,4,2,3,False,0.06179138395289011,0.049198758690076616,2,qUCB,0.0,0.5,0.4,0.0,0.1,0.0,0.0
40,4,2,3,False,0.06179138395289011,0.049198758690076616,3,qUCB,0.0,0.30000000000000004,0.5,0.1,0.1,0.0,0.0
40,4,2,3,False,0.06179138395289011,0.049198758690076616,4,qUCB,0.35000000000000003,0.0,0.35000000000000003,0.0,0.1,0.1,0.1
40,5,1,4,False,0.07628092169376295,0.13375775077437346,0,qEHVI,0.0,0.0,0.6000000000000001,0.0,0.0,0.35000000000000003,0.05
40,5,1,4,False,0.07628092169376295,0.13375775077437346,1,qUCB,0.35000000000000003,0.0,0.35000000000000003,0.1,0.1,0.0,0.1
40,5,1,4,False,0.07628092169376295,0.13375775077437346,2,qUCB,0.35000000000000003,0.1,0.30000000000000004,0.1,0.1,0.05,0.0
40,5,1,4,False,0.07628092169376295,0.13375775077437346,3,qUCB,0.35000000000000003,0.0,0.30000000000000004,0.1,0.0,0.15000000000000002,0.1
40,5,1,4,False,0.07628092169376295,0.13375775077437346,4,qUCB,0.35000000000000003,0.15000000000000002,0.4,0.1,0.0,0.0,0.0
40,6,0,5,False,0.0822158518907906,0.12888437960981491,0,qUCB,0.0,0.0,0.6000000000000001,0.0,0.0,0.35000000000000003,0.05
40,6,0,5,False,0.0822158518907906,0.12888437960981491,1,qUCB,0.35000000000000003,0.0,0.35000000000000003,0.1,0.0,0.1,0.1
40,6,0,5,False,0.0822158518907906,0.12888437960981491,2,qUCB,0.0,0.15000000000000002,0.4,0.1,0.0,0.25,0.1
40,6,0,5,False,0.0822158518907906,0.12888437960981491,3,qUCB,0.0,0.2,0.4,0.1,0.0,0.30000000000000004,0.0
40,6,0,5,False,0.0822158518907906,0.12888437960981491,4,qUCB,0.35000000000000003,0.0,0.35000000000000003,0.1,0.1,0.0,0.1
41,1,5,0,False,0.008684289859286319,0.02329973629159987,0,qEHVI,0.35000000000000003,0.2,0.35000000000000003,0.1,0.0,0.0,0.0
41,1,5,0,False,0.008684289859286319,0.02329973629159987,1,qEHVI,0.30000000000000004,0.0,0.6000000000000001,0.05,0.0,0.05,0.0
41,1,5,0,False,0.008684289859286319,0.02329973629159987,2,qEHVI,0.30000000000000004,0.0,0.65,0.0,0.0,0.0,0.05
41,1,5,0,False,0.008684289859286319,0.02329973629159987,3,qEHVI,0.35000000000000003,0.15000000000000002,0.4,0.1,0.0,0.0,0.0
41,1,5,0,False,0.008684289859286319,0.02329973629159987,4,qEHVI,0.35000000000000003,0.2,0.30000000000000004,0.1,0.0,0.05,0.0
41,2,4,1,False,0.008283407401043944,0.014026479632569533,0,qEHVI,0.35000000000000003,0.2,0.35000000000000003,0.1,0.0,0.0,0.0
41,2,4,1,False,0.008283407401043944,0.014026479632569533,1,qEHVI,0.30000000000000004,0.0,0.6000000000000001,0.05,0.0,0.05,0.0
41,2,4,1,False,0.008283407401043944,0.014026479632569533,2,qEHVI,0.30000000000000004,0.0,0.65,0.0,0.0,0.0,0.05
41,2,4,1,False,0.008283407401043944,0.014026479632569533,3,qEHVI,0.05,0.05,0.65,0.05,0.0,0.1,0.1
41,2,4,1,False,0.008283407401043944,0.014026479632569533,4,qUCB,0.0,0.5,0.4,0.0,0.1,0.0,0.0
41,3,3,2,False,0.006806061067182324,0.07005275363795782,0,qEHVI,0.35000000000000003,0.2,0.35000000000000003,0.1,0.0,0.0,0.0
41,3,3,2,False,0.006806061067182324,0.07005275363795782,1,qEHVI,0.30000000000000004,0.0,0.6000000000000001,0.05,0.0,0.05,0.0
41,3,3,2,False,0.006806061067182324,0.07005275363795782,2,qEHVI,0.05,0.05,0.65,0.05,0.0,0.1,0.1
41,3,3,2,False,0.006806061067182324,0.07005275363795782,3,qUCB,0.0,0.5,0.4,0.0,0.1,0.0,0.0
41,3,3,2,False,0.006806061067182324,0.07005275363795782,4,qUCB,0.0,0.2,0.6000000000000001,0.1,0.1,0.0,0.0
41,4,2,3,False,0.005448262834743421,0.010502348841545661,0,qEHVI,0.35000000000000003,0.2,0.35000000000000003,0.1,0.0,0.0,0.0
41,4,2,3,False,0.005448262834743421,0.010502348841545661,1,qEHVI,0.30000000000000004,0.0,0.6000000000000001,0.05,0.0,0.05,0.0
41,4,2,3,False,0.005448262834743421,0.010502348841545661,2,qUCB,0.0,0.0,0.35000000000000003,0.1,0.1,0.35000000000000003,0.1
41,4,2,3,False,0.005448262834743421,0.010502348841545661,3,qUCB,0.0,0.0,0.55,0.0,0.1,0.25,0.1
41,4,2,3,False,0.005448262834743421,0.010502348841545661,4,qUCB,0.1,0.0,0.35000000000000003,0.0,0.0,0.45,0.1
41,5,1,4,True,0.003802719457578502,0.10804234554296421,0,qEHVI,0.35000000000000003,0.2,0.35000000000000003,0.1,0.0,0.0,0.0
41,5,1,4,True,0.003802719457578502,0.10804234554296421,1,qUCB,0.0,0.0,0.55,0.0,0.0,0.35000000000000003,0.1
41,5,1,4,True,0.003802719457578502,0.10804234554296421,2,qUCB,0.0,0.0,0.55,0.0,0.1,0.25,0.1
41,5,1,4,True,0.003802719457578502,0.10804234554296421,3,qUCB,0.0,0.0,0.65,0.0,0.1,0.15000000000000002,0.1
41,5,1,4,True,0.003802719457578502,0.10804234554296421,4,qUCB,0.0,0.1,0.65,0.0,0.1,0.05,0.1
41,6,0,5,False,0.004889573757999533,0.118436511571546,0,qUCB,0.0,0.0,0.6000000000000001,0.05,0.0,0.25,0.1
41,6,0,5,False,0.004889573757999533,0.118436511571546,1,qUCB,0.35000000000000003,0.2,0.35000000000000003,0.1,0.0,0.0,0.0
41,6,0,5,False,0.004889573757999533,0.118436511571546,2,qUCB,0.0,0.2,0.6000000000000001,0.1,0.1,0.0,0.0
41,6,0,5,False,0.004889573757999533,0.118436511571546,3,qUCB,0.0,0.0,0.55,0.1,0.0,0.30000000000000004,0.05
41,6,0,5,False,0.004889573757999533,0.118436511571546,4,qUCB,0.1,0.0,0.35000000000000003,0.1,0.0,0.35000000000000003,0.1
42,1,5,0,False,0.008947801946057307,0.7558752613609148,0,qEHVI,0.0,0.0,0.65,0.0,0.0,0.25,0.1
42,1,5,0,False,0.008947801946057307,0.7558752613609148,1,qEHVI,0.30000000000000004,0.0,0.6000000000000001,0.05,0.0,0.05,0.0
42,1,5,0,False,0.008947801946057307,0.7558752613609148,2,qEHVI,0.0,0.05,0.7000000000000001,0.05,0.0,0.1,0.1
42,1,5,0,False,0.008947801946057307,0.7558752613609148,3,qEHVI,0.1,0.1,0.65,0.05,0.0,0.05,0.05
42,1,5,0,False,0.008947801946057307,0.7558752613609148,4,qEHVI,0.15000000000000002,0.0,0.7000000000000001,0.05,0.0,0.0,0.1
42,2,4,1,False,0.0074724100535765664,0.2023048815205879,0,qEHVI,0.0,0.0,0.65,0.0,0.0,0.25,0.1
42,2,4,1,False,0.0074724100535765664,0.2023048815205879,1,qEHVI,0.30000000000000004,0.0,0.6000000000000001,0.05,0.0,0.05,0.0
42,2,4,1,False,0.0074724100535765664,0.2023048815205879,2,qEHVI,0.1,0.1,0.65,0.05,0.0,0.05,0.05
42,2,4,1,False,0.0074724100535765664,0.2023048815205879,3,qEHVI,0.0,0.05,0.7000000000000001,0.05,0.0,0.1,0.1
42,2,4,1,False,0.0074724100535765664,0.2023048815205879,4,qUCB,0.05,0.05,0.2,0.1,0.1,0.45,0.05
42,3,3,2,True,0.005845809140042564,0.1407988442881276,0,qEHVI,0.0,0.0,0.65,0.0,0.0,0.25,0.1
42,3,3,2,True,0.005845809140042564,0.1407988442881276,1,qEHVI,0.30000000000000004,0.0,0.6000000000000001,0.05,0.0,0.05,0.0
42,3,3,2,True,0.005845809140042564,0.1407988442881276,2,qEHVI,0.1,0.1,0.65,0.05,0.0,0.05,0.05
42,3,3,2,True,0.005845809140042564,0.1407988442881276,3,qUCB,0.05,0.05,0.2,0.1,0.1,0.45,0.05
42,3,3,2,True,0.005845809140042564,0.1407988442881276,4,qUCB,0.1,0.05,0.2,0.1,0.0,0.45,0.1
42,4,2,3,False,0.003988744113016526,0.02919975572377309,0,qEHVI,0.0,0.0,0.65,0.0,0.0,0.25,0.1
42,4,2,3,False,0.003988744113016526,0.02919975572377309,1,qEHVI,0.2,0.30000000000000004,0.30000000000000004,0.1,0.0,0.0,0.1
42,4,2,3,False,0.003988744113016526,0.02919975572377309,2,qUCB,0.0,0.15000000000000002,0.65,0.1,0.1,0.0,0.0
42,4,2,3,False,0.003988744113016526,0.02919975572377309,3,qUCB,0.05,0.0,0.5,0.1,0.1,0.25,0.0
42,4,2,3,False,0.003988744113016526,0.02919975572377309,4,qUCB,0.1,0.0,0.65,0.1,0.1,0.05,0.0
42,5,1,4,False,0.0037281684835741243,0.014193641122679956,0,qEHVI,0.0,0.0,0.65,0.0,0.0,0.25,0.1
42,5,1,4,False,0.0037281684835741243,0.014193641122679956,1,qUCB,0.30000000000000004,0.4,0.2,0.1,0.0,0.0,0.0
42,5,1,4,False,0.0037281684835741243,0.014193641122679956,2,qUCB,0.35000000000000003,0.1,0.2,0.1,0.1,0.15000000000000002,0.0
42,5,1,4,False,0.0037281684835741243,0.014193641122679956,3,qUCB,0.35000000000000003,0.25,0.2,0.1,0.1,0.0,0.0
42,5,1,4,False,0.0037281684835741243,0.014193641122679956,4,qUCB,0.25,0.35000000000000003,0.30000000000000004,0.1,0.0,0.0,0.0
42,6,0,5,False,0.0038894412597189833,0.05478999557205988,0,qUCB,0.0,0.0,0.65,0.0,0.0,0.25,0.1
42,6,0,5,False,0.0038894412597189833,0.05478999557205988,1,qUCB,0.0,0.0,0.55,0.1,0.0,0.30000000000000004,0.05
42,6,0,5,False,0.0038894412597189833,0.05478999557205988,2,qUCB,0.2,0.30000000000000004,0.30000000000000004,0.1,0.0,0.0,0.1
42,6,0,5,False,0.0038894412597189833,0.05478999557205988,3,qUCB,0.1,0.0,0.4,0.0,0.0,0.4,0.1
42,6,0,5,False,0.0038894412597189833,0.05478999557205988,4,qUCB,0.0,0.15000000000000002,0.5,0.0,0.0,0.25,0.1
43,1,5,0,False,0.008089505949540637,0.038948184025139554,0,qEHVI,0.30000000000000004,0.0,0.65,0.0,0.0,0.0,0.05
43,1,5,0,False,0.008089505949540637,0.038948184025139554,1,qEHVI,0.35000000000000003,0.0,0.6000000000000001,0.0,0.0,0.0,0.05
43,1,5,0,False,0.008089505949540637,0.038948184025139554,2,qEHVI,0.05,0.1,0.7000000000000001,0.1,0.0,0.0,0.05
43,1,5,0,False,0.008089505949540637,0.038948184025139554,3,qEHVI,0.05,0.05,0.65,0.1,0.0,0.1,0.05
43,1,5,0,False,0.008089505949540637,0.038948184025139554,4,qEHVI,0.1,0.05,0.65,0.05,0.0,0.05,0.1
43,2,4,1,False,0.006574538767017661,0.03177547185727292,0,qEHVI,0.35000000000000003,0.0,0.6000000000000001,0.0,0.0,0.0,0.05
43,2,4,1,False,0.006574538767017661,0.03177547185727292,1,qEHVI,0.05,0.1,0.7000000000000001,0.1,0.0,0.0,0.05
43,2,4,1,False,0.006574538767017661,0.03177547185727292,2,qEHVI,0.30000000000000004,0.0,0.65,0.0,0.0,0.0,0.05
43,2,4,1,False,0.006574538767017661,0.03177547185727292,3,qEHVI,0.05,0.05,0.65,0.1,0.0,0.1,0.05
43,2,4,1,False,0.006574538767017661,0.03177547185727292,4,qUCB,0.05,0.0,0.35000000000000003,0.0,0.1,0.4,0.1
43,3,3,2,True,0.005057424149586627,0.10698067033056446,0,qEHVI,0.35000000000000003,0.0,0.6000000000000001,0.0,0.0,0.0,0.05
43,3,3,2,True,0.005057424149586627,0.10698067033056446,1,qEHVI,0.05,0.1,0.7000000000000001,0.1,0.0,0.0,0.05
43,3,3,2,True,0.005057424149586627,0.10698067033056446,2,qEHVI,0.30000000000000004,0.0,0.65,0.0,0.0,0.0,0.05
43,3,3,2,True,0.005057424149586627,0.10698067033056446,3,qUCB,0.1,0.0,0.2,0.05,0.1,0.45,0.1
43,3,3,2,True,0.005057424149586627,0.10698067033056446,4,qUCB,0.35000000000000003,0.15000000000000002,0.2,0.1,0.1,0.1,0.0
43,4,2,3,False,0.0036967507595634594,0.024461052220389412,0,qEHVI,0.35000000000000003,0.0,0.6000000000000001,0.0,0.0,0.0,0.05
43,4,2,3,False,0.0036967507595634594,0.024461052220389412,1,qEHVI,0.05,0.1,0.7000000000000001,0.1,0.0,0.0,0.05
43,4,2,3,False,0.0036967507595634594,0.024461052220389412,2,qUCB,0.0,0.05,0.35000000000000003,0.0,0.1,0.4,0.1
43,4,2,3,False,0.0036967507595634594,0.024461052220389412,3,qUCB,0.35000000000000003,0.15000000000000002,0.2,0.1,0.1,0.1,0.0
43,4,2,3,False,0.0036967507595634594,0.024461052220389412,4,qUCB,0.0,0.0,0.4,0.0,0.05,0.45,0.1
43,5,1,4,False,0.0021323729232128447,0.03159232960022784,0,qEHVI,0.35000000000000003,0.0,0.6000000000000001,0.0,0.0,0.0,0.05
43,5,1,4,False,0.0021323729232128447,0.03159232960022784,1,qUCB,0.0,0.0,0.30000000000000004,0.1,0.05,0.45,0.1
43,5,1,4,False,0.0021323729232128447,0.03159232960022784,2,qUCB,0.0,0.5,0.30000000000000004,0.1,0.0,0.0,0.1
43,5,1,4,False,0.0021323729232128447,0.03159232960022784,3,qUCB,0.0,0.0,0.35000000000000003,0.1,0.1,0.4,0.05
43,5,1,4,False,0.0021323729232128447,0.03159232960022784,4,qUCB,0.0,0.0,0.4,0.1,0.1,0.30000000000000004,0.1
43,6,0,5,False,0.0029310867823047195,0.044958779586064423,0,qUCB,0.0,0.0,0.6000000000000001,0.1,0.0,0.25,0.05
43,6,0,5,False,0.0029310867823047195,0.044958779586064423,1,qUCB,0.2,0.35000000000000003,0.30000000000000004,0.1,0.0,0.0,0.05
43,6,0,5,False,0.0029310867823047195,0.044958779586064423,2,qUCB,0.0,0.1,0.5,0.0,0.0,0.30000000000000004,0.1
43,6,0,5,False,0.0029310867823047195,0.044958779586064423,3,qUCB,0.0,0.0,0.55,0.1,0.0,0.25,0.1
43,6,0,5,False,0.0029310867823047195,0.044958779586064423,4,qUCB,0.0,0.2,0.6000000000000001,0.1,0.1,0.0,0.0
44,1,5,0,False,0.009958968937576987,0.09182717883740388,0,qEHVI,0.0,0.05,0.65,0.1,0.0,0.15000000000000002,0.05
44,1,5,0,False,0.009958968937576987,0.09182717883740388,1,qEHVI,0.1,0.1,0.6000000000000001,0.05,0.0,0.05,0.1
44,1,5,0,False,0.009958968937576987,0.09182717883740388,2,qEHVI,0.30000000000000004,0.0,0.6000000000000001,0.05,0.0,0.0,0.05
44,1,5,0,False,0.009958968937576987,0.09182717883740388,3,qEHVI,0.1,0.05,0.65,0.05,0.0,0.05,0.1
44,1,5,0,False,0.009958968937576987,0.09182717883740388,4,qEHVI,0.15000000000000002,0.0,0.7000000000000001,0.05,0.0,0.0,0.1
44,2,4,1,False,0.008398479528834829,0.047798189185421336,0,qEHVI,0.0,0.05,0.65,0.1,0.0,0.15000000000000002,0.05
44,2,4,1,False,0.008398479528834829,0.047798189185421336,1,qEHVI,0.1,0.1,0.6000000000000001,0.05,0.0,0.05,0.1
44,2,4,1,False,0.008398479528834829,0.047798189185421336,2,qEHVI,0.1,0.05,0.65,0.05,0.0,0.05,0.1
44,2,4,1,False,0.008398479528834829,0.047798189185421336,3,qEHVI,0.30000000000000004,0.0,0.6000000000000001,0.05,0.0,0.0,0.05
44,2,4,1,False,0.008398479528834829,0.047798189185421336,4,qUCB,0.15000000000000002,0.5,0.2,0.1,0.0,0.05,0.0
44,3,3,2,True,0.006828314703261428,0.1338297369744854,0,qEHVI,0.0,0.05,0.65,0.1,0.0,0.15000000000000002,0.05
44,3,3,2,True,0.006828314703261428,0.1338297369744854,1,qEHVI,0.1,0.1,0.6000000000000001,0.05,0.0,0.05,0.1
44,3,3,2,True,0.006828314703261428,0.1338297369744854,2,qEHVI,0.1,0.05,0.65,0.05,0.0,0.05,0.1
44,3,3,2,True,0.006828314703261428,0.1338297369744854,3,qUCB,0.35000000000000003,0.35000000000000003,0.2,0.1,0.0,0.0,0.0
44,3,3,2,True,0.006828314703261428,0.1338297369744854,4,qUCB,0.1,0.5,0.2,0.1,0.1,0.0,0.0
44,4,2,3,False,0.0065283324370274416,0.019774533203997358,0,qEHVI,0.0,0.05,0.65,0.1,0.0,0.15000000000000002,0.05
44,4,2,3,False,0.0065283324370274416,0.019774533203997358,1,qEHVI,0.1,0.1,0.6000000000000001,0.05,0.0,0.05,0.1
44,4,2,3,False,0.0065283324370274416,0.019774533203997358,2,qUCB,0.35000000000000003,0.35000000000000003,0.2,0.1,0.0,0.0,0.0
44,4,2,3,False,0.0065283324370274416,0.019774533203997358,3,qUCB,0.1,0.5,0.2,0.1,0.1,0.0,0.0
44,4,2,3,False,0.0065283324370274416,0.019774533203997358,4,qUCB,0.25,0.35000000000000003,0.30000000000000004,0.1,0.0,0.0,0.0
44,5,1,4,False,0.003305934877908329,0.033668646976309446,0,qEHVI,0.0,0.05,0.65,0.1,0.0,0.15000000000000002,0.05
44,5,1,4,False,0.003305934877908329,0.033668646976309446,1,qUCB,0.35000000000000003,0.30000000000000004,0.35000000000000003,0.0,0.0,0.0,0.0
44,5,1,4,False,0.003305934877908329,0.033668646976309446,2,qUCB,0.30000000000000004,0.45,0.2,0.0,0.0,0.05,0.0
44,5,1,4,False,0.003305934877908329,0.033668646976309446,3,qUCB,0.35000000000000003,0.1,0.35000000000000003,0.0,0.1,0.0,0.1
44,5,1,4,False,0.003305934877908329,0.033668646976309446,4,qUCB,0.35000000000000003,0.25,0.2,0.0,0.0,0.1,0.1
44,6,0,5,False,0.0019287772898734605,0.05796185780878127,0,qUCB,0.0,0.0,0.6000000000000001,0.1,0.0,0.25,0.05
44,6,0,5,False,0.0019287772898734605,0.05796185780878127,1,qUCB,0.2,0.30000000000000004,0.30000000000000004,0.1,0.0,0.0,0.1
44,6,0,5,False,0.0019287772898734605,0.05796185780878127,2,qUCB,0.0,0.1,0.55,0.0,0.0,0.25,0.1
44,6,0,5,False,0.0019287772898734605,0.05796185780878127,3,qUCB,0.1,0.0,0.4,0.0,0.0,0.4,0.1
44,6,0,5,False,0.0019287772898734605,0.05796185780878127,4,qUCB,0.0,0.2,0.6000000000000001,0.1,0.1,0.0,0.0
45,1,5,0,False,0.008047549515293038,0.05422921033915351,0,qEHVI,0.25,0.30000000000000004,0.30000000000000004,0.1,0.0,0.0,0.05
45,1,5,0,False,0.008047549515293038,0.05422921033915351,1,qEHVI,0.05,0.05,0.65,0.1,0.0,0.1,0.05
45,1,5,0,False,0.008047549515293038,0.05422921033915351,2,qEHVI,0.15000000000000002,0.0,0.7000000000000001,0.05,0.0,0.0,0.1
45,1,5,0,False,0.008047549515293038,0.05422921033915351,3,qEHVI,0.30000000000000004,0.0,0.6000000000000001,0.05,0.0,0.0,0.05
45,1,5,0,False,0.008047549515293038,0.05422921033915351,4,qEHVI,0.25,0.35000000000000003,0.2,0.1,0.0,0.05,0.05
45,2,4,1,False,0.0067855423005348066,0.053811380722022406,0,qEHVI,0.25,0.30000000000000004,0.30000000000000004,0.1,0.0,0.0,0.05
45,2,4,1,False,0.0067855423005348066,0.053811380722022406,1,qEHVI,0.05,0.05,0.65,0.1,0.0,0.1,0.05
45,2,4,1,False,0.0067855423005348066,0.053811380722022406,2,qEHVI,0.25,0.35000000000000003,0.2,0.1,0.0,0.05,0.05
45,2,4,1,False,0.0067855423005348066,0.053811380722022406,3,qEHVI,0.30000000000000004,0.0,0.6000000000000001,0.05,0.0,0.0,0.05
45,2,4,1,False,0.0067855423005348066,0.053811380722022406,4,qUCB,0.05,0.0,0.35000000000000003,0.0,0.1,0.4,0.1
45,3,3,2,False,0.004667753569274845,0.03061426779501808,0,qEHVI,0.05,0.05,0.65,0.1,0.0,0.1,0.05
45,3,3,2,False,0.004667753569274845,0.03061426779501808,1,qEHVI,0.25,0.30000000000000004,0.30000000000000004,0.1,0.0,0.0,0.05
45,3,3,2,False,0.004667753569274845,0.03061426779501808,2,qEHVI,0.25,0.35000000000000003,0.2,0.1,0.0,0.05,0.05
45,3,3,2,False,0.004667753569274845,0.03061426779501808,3,qUCB,0.05,0.0,0.35000000000000003,0.0,0.1,0.4,0.1
45,3,3,2,False,0.004667753569274845,0.03061426779501808,4,qUCB,0.0,0.4,0.5,0.0,0.1,0.0,0.0
45,4,2,3,True,0.0037203321289549195,0.11761549436996077,0,qEHVI,0.05,0.05,0.65,0.1,0.0,0.1,0.05
45,4,2,3,True,0.0037203321289549195,0.11761549436996077,1,qEHVI,0.25,0.30000000000000004,0.30000000000000004,0.1,0.0,0.0,0.05
45,4,2,3,True,0.0037203321289549195,0.11761549436996077,2,qUCB,0.05,0.0,0.35000000000000003,0.0,0.1,0.4,0.1
45,4,2,3,True,0.0037203321289549195,0.11761549436996077,3,qUCB,0.0,0.4,0.5,0.0,0.1,0.0,0.0
45,4,2,3,True,0.0037203321289549195,0.11761549436996077,4,qUCB,0.2,0.0,0.35000000000000003,0.0,0.0,0.45,0.0
45,5,1,4,False,0.0020835053453186034,0.01616302241301515,0,qEHVI,0.05,0.05,0.65,0.1,0.0,0.1,0.05
45,5,1,4,False,0.0020835053453186034,0.01616302241301515,1,qUCB,0.25,0.5,0.2,0.0,0.0,0.0,0.05
45,5,1,4,False,0.0020835053453186034,0.01616302241301515,2,qUCB,0.35000000000000003,0.35000000000000003,0.30000000000000004,0.0,0.0,0.0,0.0
45,5,1,4,False,0.0020835053453186034,0.01616302241301515,3,qUCB,0.25,0.35000000000000003,0.30000000000000004,0.0,0.0,0.0,0.1
45,5,1,4,False,0.0020835053453186034,0.01616302241301515,4,qUCB,0.0,0.5,0.4,0.0,0.1,0.0,0.0
45,6,0,5,False,0.00488410292008592,0.11197049113593405,0,qUCB,0.0,0.05,0.7000000000000001,0.05,0.0,0.1,0.1
45,6,0,5,False,0.00488410292008592,0.11197049113593405,1,qUCB,0.25,0.30000000000000004,0.30000000000000004,0.1,0.0,0.0,0.05
45,6,0,5,False,0.00488410292008592,0.11197049113593405,2,qUCB,0.0,0.0,0.55,0.1,0.0,0.30000000000000004,0.05
45,6,0,5,False,0.00488410292008592,0.11197049113593405,3,qUCB,0.0,0.1,0.55,0.0,0.0,0.25,0.1
45,6,0,5,False,0.00488410292008592,0.11197049113593405,4,qUCB,0.0,0.2,0.6000000000000001,0.1,0.1,0.0,0.0
46,1,5,0,False,0.007130859456176423,0.03629938957108081,0,qEHVI,0.30000000000000004,0.0,0.6000000000000001,0.05,0.0,0.0,0.05
46,1,5,0,False,0.007130859456176423,0.03629938957108081,1,qEHVI,0.30000000000000004,0.0,0.55,0.1,0.0,0.0,0.05
46,1,5,0,False,0.007130859456176423,0.03629938957108081,2,qEHVI,0.05,0.2,0.65,0.0,0.0,0.0,0.1
46,1,5,0,False,0.007130859456176423,0.03629938957108081,3,qEHVI,0.0,0.1,0.65,0.05,0.0,0.1,0.1
46,1,5,0,False,0.007130859456176423,0.03629938957108081,4,qEHVI,0.05,0.25,0.6000000000000001,0.1,0.0,0.0,0.0
46,2,4,1,False,0.005837725308538679,0.15188719447483123,0,qEHVI,0.30000000000000004,0.0,0.6000000000000001,0.05,0.0,0.0,0.05
46,2,4,1,False,0.005837725308538679,0.15188719447483123,1,qEHVI,0.30000000000000004,0.0,0.55,0.1,0.0,0.0,0.05
46,2,4,1,False,0.005837725308538679,0.15188719447483123,2,qEHVI,0.05,0.2,0.65,0.0,0.0,0.0,0.1
46,2,4,1,False,0.005837725308538679,0.15188719447483123,3,qEHVI,0.0,0.1,0.65,0.05,0.0,0.1,0.1
46,2,4,1,False,0.005837725308538679,0.15188719447483123,4,qUCB,0.05,0.0,0.30000000000000004,0.1,0.1,0.4,0.05
46,3,3,2,False,0.004579840224665804,0.025248940941223097,0,qEHVI,0.30000000000000004,0.0,0.6000000000000001,0.05,0.0,0.0,0.05
46,3,3,2,False,0.004579840224665804,0.025248940941223097,1,qEHVI,0.30000000000000004,0.0,0.55,0.1,0.0,0.0,0.05
46,3,3,2,False,0.004579840224665804,0.025248940941223097,2,qEHVI,0.05,0.2,0.65,0.0,0.0,0.0,0.1
46,3,3,2,False,0.004579840224665804,0.025248940941223097,3,qUCB,0.0,0.0,0.35000000000000003,0.1,0.1,0.4,0.05
46,3,3,2,False,0.004579840224665804,0.025248940941223097,4,qUCB,0.05,0.05,0.2,0.05,0.1,0.45,0.1
46,4,2,3,True,0.003705841091999928,0.05254308563913668,0,qEHVI,0.30000000000000004,0.0,0.6000000000000001,0.05,0.0,0.0,0.05
46,4,2,3,True,0.003705841091999928,0.05254308563913668,1,qEHVI,0.30000000000000004,0.0,0.55,0.1,0.0,0.0,0.05
46,4,2,3,True,0.003705841091999928,0.05254308563913668,2,qUCB,0.05,0.05,0.2,0.05,0.1,0.45,0.1
46,4,2,3,True,0.003705841091999928,0.05254308563913668,3,qUCB,0.0,0.5,0.30000000000000004,0.1,0.0,0.0,0.1
46,4,2,3,True,0.003705841091999928,0.05254308563913668,4,qUCB,0.0,0.0,0.4,0.1,0.1,0.35000000000000003,0.05
46,5,1,4,False,0.001733755895076136,0.009902767533198631,0,qEHVI,0.30000000000000004,0.0,0.6000000000000001,0.05,0.0,0.0,0.05
46,5,1,4,False,0.001733755895076136,0.009902767533198631,1,qUCB,0.0,0.0,0.35000000000000003,0.1,0.1,0.4,0.05
46,5,1,4,False,0.001733755895076136,0.009902767533198631,2,qUCB,0.0,0.5,0.30000000000000004,0.1,0.0,0.0,0.1
46,5,1,4,False,0.001733755895076136,0.009902767533198631,3,qUCB,0.0,0.1,0.35000000000000003,0.1,0.1,0.25,0.1
46,5,1,4,False,0.001733755895076136,0.009902767533198631,4,qUCB,0.0,0.1,0.4,0.1,0.1,0.30000000000000004,0.0
46,6,0,5,False,0.0025490535048558255,0.06535417689844003,0,qUCB,0.0,0.0,0.6000000000000001,0.05,0.0,0.25,0.1
46,6,0,5,False,0.0025490535048558255,0.06535417689844003,1,qUCB,0.0,0.0,0.55,0.1,0.0,0.30000000000000004,0.05
46,6,0,5,False,0.0025490535048558255,0.06535417689844003,2,qUCB,0.0,0.1,0.5,0.0,0.0,0.30000000000000004,0.1
46,6,0,5,False,0.0025490535048558255,0.06535417689844003,3,qUCB,0.35000000000000003,0.0,0.35000000000000003,0.1,0.1,0.0,0.1
46,6,0,5,False,0.0025490535048558255,0.06535417689844003,4,qUCB,0.0,0.4,0.4,0.1,0.0,0.0,0.1
47,1,5,0,False,0.007381029207063534,0.14859045309435004,0,qEHVI,0.05,0.0,0.65,0.1,0.0,0.15000000000000002,0.05
47,1,5,0,False,0.007381029207063534,0.14859045309435004,1,qEHVI,0.05,0.0,0.6000000000000001,0.1,0.0,0.2,0.05
47,1,5,0,False,0.007381029207063534,0.14859045309435004,2,qEHVI,0.2,0.05,0.65,0.05,0.0,0.05,0.0
47,1,5,0,False,0.007381029207063534,0.14859045309435004,3,qEHVI,0.0,0.0,0.6000000000000001,0.1,0.0,0.25,0.05
47,1,5,0,False,0.007381029207063534,0.14859045309435004,4,qEHVI,0.05,0.05,0.65,0.05,0.0,0.1,0.1
47,2,4,1,False,0.005955929023662864,0.2867472160866562,0,qEHVI,0.05,0.0,0.65,0.1,0.0,0.15000000000000002,0.05
47,2,4,1,False,0.005955929023662864,0.2867472160866562,1,qEHVI,0.2,0.05,0.65,0.05,0.0,0.05,0.0
47,2,4,1,False,0.005955929023662864,0.2867472160866562,2,qEHVI,0.05,0.0,0.6000000000000001,0.1,0.0,0.2,0.05
47,2,4,1,False,0.005955929023662864,0.2867472160866562,3,qEHVI,0.0,0.0,0.6000000000000001,0.1,0.0,0.25,0.05
47,2,4,1,False,0.005955929023662864,0.2867472160866562,4,qUCB,0.1,0.5,0.2,0.0,0.1,0.0,0.1
47,3,3,2,True,0.004986625994962185,0.11182365725219157,0,qEHVI,0.05,0.0,0.65,0.1,0.0,0.15000000000000002,0.05
47,3,3,2,True,0.004986625994962185,0.11182365725219157,1,qEHVI,0.05,0.0,0.6000000000000001,0.1,0.0,0.2,0.05
47,3,3,2,True,0.004986625994962185,0.11182365725219157,2,qEHVI,0.2,0.05,0.65,0.05,0.0,0.05,0.0
47,3,3,2,True,0.004986625994962185,0.11182365725219157,3,qUCB,0.1,0.5,0.2,0.0,0.1,0.0,0.1
47,3,3,2,True,0.004986625994962185,0.11182365725219157,4,qUCB,0.2,0.4,0.2,0.1,0.0,0.0,0.1
47,4,2,3,False,0.0034267708547715053,0.057213962911662364,0,qEHVI,0.05,0.0,0.65,0.1,0.0,0.15000000000000002,0.05
47,4,2,3,False,0.0034267708547715053,0.057213962911662364,1,qEHVI,0.05,0.0,0.6000000000000001,0.1,0.0,0.2,0.05
47,4,2,3,False,0.0034267708547715053,0.057213962911662364,2,qUCB,0.25,0.5,0.2,0.0,0.0,0.05,0.0
47,4,2,3,False,0.0034267708547715053,0.057213962911662364,3,qUCB,0.35000000000000003,0.35000000000000003,0.30000000000000004,0.0,0.0,0.0,0.0
47,4,2,3,False,0.0034267708547715053,0.057213962911662364,4,qUCB,0.35000000000000003,0.4,0.2,0.0,0.0,0.0,0.05
47,5,1,4,False,0.0021270702948298697,0.01401909102703236,0,qEHVI,0.05,0.0,0.65,0.1,0.0,0.15000000000000002,0.05
47,5,1,4,False,0.0021270702948298697,0.01401909102703236,1,qUCB,0.25,0.5,0.2,0.0,0.0,0.05,0.0
47,5,1,4,False,0.0021270702948298697,0.01401909102703236,2,qUCB,0.35000000000000003,0.35000000000000003,0.30000000000000004,0.0,0.0,0.0,0.0
47,5,1,4,False,0.0021270702948298697,0.01401909102703236,3,qUCB,0.35000000000000003,0.4,0.2,0.0,0.0,0.0,0.05
47,5,1,4,False,0.0021270702948298697,0.01401909102703236,4,qUCB,0.1,0.5,0.2,0.0,0.1,0.0,0.1
47,6,0,5,False,0.003049377812149435,0.08092661942973578,0,qUCB,0.0,0.0,0.6000000000000001,0.1,0.0,0.25,0.05
47,6,0,5,False,0.003049377812149435,0.08092661942973578,1,qUCB,0.0,0.1,0.7000000000000001,0.0,0.0,0.1,0.1
47,6,0,5,False,0.003049377812149435,0.08092661942973578,2,qUCB,0.0,0.1,0.5,0.0,0.0,0.30000000000000004,0.1
47,6,0,5,False,0.003049377812149435,0.08092661942973578,3,qUCB,0.15000000000000002,0.0,0.65,0.0,0.1,0.0,0.1
47,6,0,5,False,0.003049377812149435,0.08092661942973578,4,qUCB,0.0,0.2,0.4,0.1,0.0,0.2,0.1
48,1,5,0,False,0.006802445357234684,0.13898691417234588,0,qEHVI,0.0,0.0,0.6000000000000001,0.1,0.0,0.25,0.05
48,1,5,0,False,0.006802445357234684,0.13898691417234588,1,qEHVI,0.15000000000000002,0.0,0.7000000000000001,0.05,0.0,0.0,0.1
48,1,5,0,False,0.006802445357234684,0.13898691417234588,2,qEHVI,0.05,0.05,0.65,0.05,0.0,0.1,0.1
48,1,5,0,False,0.006802445357234684,0.13898691417234588,3,qEHVI,0.2,0.05,0.6000000000000001,0.05,0.0,0.05,0.05
48,1,5,0,False,0.006802445357234684,0.13898691417234588,4,qEHVI,0.05,0.0,0.65,0.05,0.0,0.2,0.05
48,2,4,1,False,0.005885577555622426,0.8958767808080434,0,qEHVI,0.0,0.0,0.6000000000000001,0.1,0.0,0.25,0.05
48,2,4,1,False,0.005885577555622426,0.8958767808080434,1,qEHVI,0.05,0.05,0.65,0.05,0.0,0.1,0.1
48,2,4,1,False,0.005885577555622426,0.8958767808080434,2,qEHVI,0.15000000000000002,0.0,0.7000000000000001,0.05,0.0,0.0,0.1
48,2,4,1,False,0.005885577555622426,0.8958767808080434,3,qEHVI,0.2,0.05,0.6000000000000001,0.05,0.0,0.05,0.05
48,2,4,1,False,0.005885577555622426,0.8958767808080434,4,qUCB,0.30000000000000004,0.4,0.2,0.1,0.0,0.0,0.0
48,3,3,2,False,0.004576539007090605,0.0851057046013537,0,qEHVI,0.0,0.0,0.6000000000000001,0.1,0.0,0.25,0.05
48,3,3,2,False,0.004576539007090605,0.0851057046013537,1,qEHVI,0.15000000000000002,0.0,0.7000000000000001,0.05,0.0,0.0,0.1
48,3,3,2,False,0.004576539007090605,0.0851057046013537,2,qEHVI,0.05,0.05,0.65,0.05,0.0,0.1,0.1
48,3,3,2,False,0.004576539007090605,0.0851057046013537,3,qUCB,0.30000000000000004,0.4,0.2,0.1,0.0,0.0,0.0
48,3,3,2,False,0.004576539007090605,0.0851057046013537,4,qUCB,0.25,0.5,0.2,0.05,0.0,0.0,0.0
48,4,2,3,True,0.0032424215543479795,0.17825703884775734,0,qEHVI,0.0,0.0,0.6000000000000001,0.1,0.0,0.25,0.05
48,4,2,3,True,0.0032424215543479795,0.17825703884775734,1,qEHVI,0.15000000000000002,0.0,0.7000000000000001,0.05,0.0,0.0,0.1
48,4,2,3,True,0.0032424215543479795,0.17825703884775734,2,qUCB,0.25,0.5,0.2,0.05,0.0,0.0,0.0
48,4,2,3,True,0.0032424215543479795,0.17825703884775734,3,qUCB,0.30000000000000004,0.4,0.2,0.1,0.0,0.0,0.0
48,4,2,3,True,0.0032424215543479795,0.17825703884775734,4,qUCB,0.30000000000000004,0.45,0.2,0.0,0.0,0.05,0.0
48,5,1,4,False,0.0018643271416925171,0.017672924303349546,0,qEHVI,0.0,0.0,0.6000000000000001,0.1,0.0,0.25,0.05
48,5,1,4,False,0.0018643271416925171,0.017672924303349546,1,qUCB,0.30000000000000004,0.45,0.2,0.0,0.0,0.05,0.0
48,5,1,4,False,0.0018643271416925171,0.017672924303349546,2,qUCB,0.35000000000000003,0.4,0.2,0.0,0.0,0.0,0.05
48,5,1,4,False,0.0018643271416925171,0.017672924303349546,3,qUCB,0.25,0.45,0.30000000000000004,0.0,0.0,0.0,0.0
48,5,1,4,False,0.0018643271416925171,0.017672924303349546,4,qUCB,0.25,0.5,0.2,0.05,0.0,0.0,0.0
48,6,0,5,False,0.003493290653127557,0.029412764866338037,0,qUCB,0.0,0.0,0.6000000000000001,0.1,0.0,0.25,0.05
48,6,0,5,False,0.003493290653127557,0.029412764866338037,1,qUCB,0.0,0.0,0.6000000000000001,0.05,0.0,0.25,0.1
48,6,0,5,False,0.003493290653127557,0.029412764866338037,2,qUCB,0.0,0.1,0.55,0.0,0.0,0.25,0.1
48,6,0,5,False,0.003493290653127557,0.029412764866338037,3,qUCB,0.05,0.0,0.5,0.1,0.0,0.30000000000000004,0.05
48,6,0,5,False,0.003493290653127557,0.029412764866338037,4,qUCB,0.15000000000000002,0.0,0.65,0.0,0.1,0.0,0.1
49,1,5,0,False,0.006116195855039802,0.060765132528352694,0,qEHVI,0.05,0.05,0.65,0.05,0.0,0.1,0.1
49,1,5,0,False,0.006116195855039802,0.060765132528352694,1,qEHVI,0.05,0.1,0.65,0.1,0.0,0.1,0.0
49,1,5,0,False,0.006116195855039802,0.060765132528352694,2,qEHVI,0.0,0.1,0.7000000000000001,0.1,0.0,0.0,0.1
49,1,5,0,False,0.006116195855039802,0.060765132528352694,3,qEHVI,0.2,0.05,0.6000000000000001,0.05,0.0,0.05,0.05
49,1,5,0,False,0.006116195855039802,0.060765132528352694,4,qEHVI,0.0,0.05,0.7000000000000001,0.05,0.0,0.1,0.1
49,2,4,1,False,0.005016570335043893,0.10579370914308939,0,qEHVI,0.05,0.05,0.65,0.05,0.0,0.1,0.1
49,2,4,1,False,0.005016570335043893,0.10579370914308939,1,qEHVI,0.05,0.1,0.65,0.1,0.0,0.1,0.0
49,2,4,1,False,0.005016570335043893,0.10579370914308939,2,qEHVI,0.2,0.05,0.6000000000000001,0.05,0.0,0.05,0.05
49,2,4,1,False,0.005016570335043893,0.10579370914308939,3,qEHVI,0.0,0.05,0.7000000000000001,0.05,0.0,0.1,0.1
49,2,4,1,False,0.005016570335043893,0.10579370914308939,4,qUCB,0.1,0.5,0.2,0.1,0.0,0.0,0.1
49,3,3,2,True,0.0037939744564348386,0.7679715250918733,0,qEHVI,0.05,0.05,0.65,0.05,0.0,0.1,0.1
49,3,3,2,True,0.0037939744564348386,0.7679715250918733,1,qEHVI,0.05,0.1,0.65,0.1,0.0,0.1,0.0
49,3,3,2,True,0.0037939744564348386,0.7679715250918733,2,qEHVI,0.2,0.05,0.6000000000000001,0.05,0.0,0.05,0.05
49,3,3,2,True,0.0037939744564348386,0.7679715250918733,3,qUCB,0.1,0.5,0.2,0.1,0.0,0.0,0.1
49,3,3,2,True,0.0037939744564348386,0.7679715250918733,4,qUCB,0.05,0.0,0.30000000000000004,0.1,0.1,0.4,0.05
49,4,2,3,False,0.0026678692844024797,0.01786521726445578,0,qEHVI,0.05,0.05,0.65,0.05,0.0,0.1,0.1
49,4,2,3,False,0.0026678692844024797,0.01786521726445578,1,qEHVI,0.05,0.1,0.65,0.1,0.0,0.1,0.0
49,4,2,3,False,0.0026678692844024797,0.01786521726445578,2,qUCB,0.25,0.5,0.2,0.0,0.0,0.05,0.0
49,4,2,3,False,0.0026678692844024797,0.01786521726445578,3,qUCB,0.35000000000000003,0.35000000000000003,0.30000000000000004,0.0,0.0,0.0,0.0
49,4,2,3,False,0.0026678692844024797,0.01786521726445578,4,qUCB,0.35000000000000003,0.0,0.35000000000000003,0.1,0.1,0.0,0.1
49,5,1,4,False,0.0014998679215379599,0.11625116814825276,0,qEHVI,0.05,0.05,0.65,0.05,0.0,0.1,0.1
49,5,1,4,False,0.0014998679215379599,0.11625116814825276,1,qUCB,0.25,0.4,0.2,0.1,0.0,0.05,0.0
49,5,1,4,False,0.0014998679215379599,0.11625116814825276,2,qUCB,0.35000000000000003,0.30000000000000004,0.2,0.1,0.0,0.05,0.0
49,5,1,4,False,0.0014998679215379599,0.11625116814825276,3,qUCB,0.35000000000000003,0.35000000000000003,0.30000000000000004,0.0,0.0,0.0,0.0
49,5,1,4,False,0.0014998679215379599,0.11625116814825276,4,qUCB,0.35000000000000003,0.0,0.35000000000000003,0.1,0.1,0.0,0.1
49,6,0,5,False,0.0031508111040060493,0.10390497136809174,0,qUCB,0.0,0.05,0.7000000000000001,0.05,0.0,0.1,0.1
49,6,0,5,False,0.0031508111040060493,0.10390497136809174,1,qUCB,0.0,0.1,0.7000000000000001,0.1,0.0,0.0,0.1
49,6,0,5,False,0.0031508111040060493,0.10390497136809174,2,qUCB,0.0,0.1,0.5,0.0,0.0,0.30000000000000004,0.1
49,6,0,5,False,0.0031508111040060493,0.10390497136809174,3,qUCB,0.1,0.0,0.5,0.1,0.1,0.2,0.0
49,6,0,5,False,0.0031508111040060493,0.10390497136809174,4,qUCB,0.0,0.0,0.55,0.1,0.0,0.30000000000000004,0.05
50,1,5,0,True,0.004941157924333344,0.10235823735337846,0,qEHVI,0.15000000000000002,0.2,0.65,0.0,0.0,0.0,0.0
50,1,5,0,True,0.004941157924333344,0.10235823735337846,1,qEHVI,0.0,0.2,0.65,0.05,0.0,0.05,0.05
50,1,5,0,True,0.004941157924333344,0.10235823735337846,2,qEHVI,0.0,0.05,0.7000000000000001,0.05,0.0,0.1,0.1
50,1,5,0,True,0.004941157924333344,0.10235823735337846,3,qEHVI,0.05,0.25,0.6000000000000001,0.1,0.0,0.0,0.0
50,1,5,0,True,0.004941157924333344,0.10235823735337846,4,qEHVI,0.0,0.0,0.6000000000000001,0.05,0.0,0.25,0.1
50,2,4,1,False,0.003952832626562899,0.8076647568549138,0,qEHVI,0.15000000000000002,0.2,0.65,0.0,0.0,0.0,0.0
50,2,4,1,False,0.003952832626562899,0.8076647568549138,1,qEHVI,0.05,0.25,0.6000000000000001,0.1,0.0,0.0,0.0
50,2,4,1,False,0.003952832626562899,0.8076647568549138,2,qEHVI,0.0,0.2,0.65,0.05,0.0,0.05,0.05
50,2,4,1,False,0.003952832626562899,0.8076647568549138,3,qEHVI,0.0,0.05,0.7000000000000001,0.05,0.0,0.1,0.1
50,2,4,1,False,0.003952832626562899,0.8076647568549138,4,qUCB,0.05,0.0,0.30000000000000004,0.05,0.1,0.45,0.05
50,3,3,2,False,0.002944407413761629,0.013642469802100265,0,qEHVI,0.15000000000000002,0.2,0.65,0.0,0.0,0.0,0.0
50,3,3,2,False,0.002944407413761629,0.013642469802100265,1,qEHVI,0.0,0.2,0.65,0.05,0.0,0.05,0.05
50,3,3,2,False,0.002944407413761629,0.013642469802100265,2,qEHVI,0.05,0.25,0.6000000000000001,0.1,0.0,0.0,0.0
50,3,3,2,False,0.002944407413761629,0.013642469802100265,3,qUCB,0.35000000000000003,0.0,0.35000000000000003,0.1,0.1,0.0,0.1
50,3,3,2,False,0.002944407413761629,0.013642469802100265,4,qUCB,0.0,0.0,0.35000000000000003,0.1,0.1,0.35000000000000003,0.1
50,4,2,3,False,0.001988272793497602,0.04810886006999304,0,qEHVI,0.15000000000000002,0.2,0.65,0.0,0.0,0.0,0.0
50,4,2,3,False,0.001988272793497602,0.04810886006999304,1,qEHVI,0.0,0.2,0.65,0.05,0.0,0.05,0.05
50,4,2,3,False,0.001988272793497602,0.04810886006999304,2,qUCB,0.35000000000000003,0.25,0.2,0.1,0.0,0.0,0.1
50,4,2,3,False,0.001988272793497602,0.04810886006999304,3,qUCB,0.35000000000000003,0.0,0.35000000000000003,0.1,0.1,0.0,0.1
50,4,2,3,False,0.001988272793497602,0.04810886006999304,4,qUCB,0.0,0.0,0.35000000000000003,0.1,0.1,0.35000000000000003,0.1
50,5,1,4,False,0.0010639402511384958,0.015132203424829349,0,qEHVI,0.15000000000000002,0.2,0.65,0.0,0.0,0.0,0.0
50,5,1,4,False,0.0010639402511384958,0.015132203424829349,1,qUCB,0.0,0.0,0.35000000000000003,0.1,0.1,0.35000000000000003,0.1
50,5,1,4,False,0.0010639402511384958,0.015132203424829349,2,qUCB,0.0,0.05,0.30000000000000004,0.1,0.0,0.45,0.1
50,5,1,4,False,0.0010639402511384958,0.015132203424829349,3,qUCB,0.35000000000000003,0.0,0.35000000000000003,0.1,0.1,0.0,0.1
50,5,1,4,False,0.0010639402511384958,0.015132203424829349,4,qUCB,0.0,0.0,0.35000000000000003,0.1,0.05,0.4,0.1
50,6,0,5,False,0.0017003629868307137,1.587563199923066,0,qUCB,0.0,0.05,0.7000000000000001,0.05,0.0,0.1,0.1
50,6,0,5,False,0.0017003629868307137,1.587563199923066,1,qUCB,0.0,0.0,0.55,0.1,0.0,0.30000000000000004,0.05
50,6,0,5,False,0.0017003629868307137,1.587563199923066,2,qUCB,0.0,0.1,0.55,0.0,0.0,0.25,0.1
50,6,0,5,False,0.0017003629868307137,1.587563199923066,3,qUCB,0.2,0.0,0.7000000000000001,0.0,0.1,0.0,0.0
50,6,0,5,False,0.0017003629868307137,1.587563199923066,4,qUCB,0.0,0.15000000000000002,0.4,0.1,0.0,0.25,0.1
51,1,5,0,True,0.004057778898299386,0.0264848300234668,0,qEHVI,0.05,0.05,0.6000000000000001,0.1,0.0,0.1,0.1
51,1,5,0,True,0.004057778898299386,0.0264848300234668,1,qEHVI,0.25,0.0,0.65,0.05,0.0,0.05,0.0
51,1,5,0,True,0.004057778898299386,0.0264848300234668,2,qEHVI,0.25,0.35000000000000003,0.30000000000000004,0.1,0.0,0.0,0.0
51,1,5,0,True,0.004057778898299386,0.0264848300234668,3,qEHVI,0.05,0.0,0.7000000000000001,0.1,0.05,0.05,0.05
51,1,5,0,True,0.004057778898299386,0.0264848300234668,4,qEHVI,0.1,0.05,0.7000000000000001,0.05,0.0,0.05,0.05
51,2,4,1,False,0.0035843363919562787,0.02906377486932321,0,qEHVI,0.25,0.30000000000000004,0.35000000000000003,0.1,0.0,0.0,0.0
51,2,4,1,False,0.0035843363919562787,0.02906377486932321,1,qEHVI,0.05,0.05,0.6000000000000001,0.1,0.0,0.1,0.1
51,2,4,1,False,0.0035843363919562787,0.02906377486932321,2,qEHVI,0.25,0.0,0.65,0.05,0.0,0.05,0.0
51,2,4,1,False,0.0035843363919562787,0.02906377486932321,3,qEHVI,0.05,0.0,0.7000000000000001,0.1,0.05,0.05,0.05
51,2,4,1,False,0.0035843363919562787,0.02906377486932321,4,qUCB,0.0,0.05,0.35000000000000003,0.0,0.1,0.45,0.05
51,3,3,2,False,0.0025247435896766945,0.01767632638914307,0,qEHVI,0.05,0.05,0.6000000000000001,0.1,0.0,0.1,0.1
51,3,3,2,False,0.0025247435896766945,0.01767632638914307,1,qEHVI,0.25,0.0,0.65,0.05,0.0,0.05,0.0
51,3,3,2,False,0.0025247435896766945,0.01767632638914307,2,qEHVI,0.05,0.0,0.7000000000000001,0.1,0.05,0.05,0.05
51,3,3,2,False,0.0025247435896766945,0.01767632638914307,3,qUCB,0.25,0.5,0.2,0.0,0.0,0.0,0.05
51,3,3,2,False,0.0025247435896766945,0.01767632638914307,4,qUCB,0.15000000000000002,0.5,0.2,0.1,0.0,0.05,0.0
51,4,2,3,False,0.0017965293647222529,0.0411241167600398,0,qEHVI,0.05,0.05,0.6000000000000001,0.1,0.0,0.1,0.1
51,4,2,3,False,0.0017965293647222529,0.0411241167600398,1,qEHVI,0.25,0.0,0.65,0.05,0.0,0.05,0.0
51,4,2,3,False,0.0017965293647222529,0.0411241167600398,2,qUCB,0.25,0.5,0.2,0.0,0.0,0.0,0.05
51,4,2,3,False,0.0017965293647222529,0.0411241167600398,3,qUCB,0.15000000000000002,0.5,0.2,0.1,0.0,0.05,0.0
51,4,2,3,False,0.0017965293647222529,0.0411241167600398,4,qUCB,0.0,0.05,0.35000000000000003,0.0,0.1,0.45,0.05
51,5,1,4,False,0.001910860745347304,0.07178676614725266,0,qEHVI,0.05,0.05,0.6000000000000001,0.1,0.0,0.1,0.1
51,5,1,4,False,0.001910860745347304,0.07178676614725266,1,qUCB,0.25,0.5,0.2,0.0,0.0,0.05,0.0
51,5,1,4,False,0.001910860745347304,0.07178676614725266,2,qUCB,0.35000000000000003,0.30000000000000004,0.35000000000000003,0.0,0.0,0.0,0.0
51,5,1,4,False,0.001910860745347304,0.07178676614725266,3,qUCB,0.2,0.0,0.7000000000000001,0.0,0.1,0.0,0.0
51,5,1,4,False,0.001910860745347304,0.07178676614725266,4,qUCB,0.25,0.4,0.35000000000000003,0.0,0.0,0.0,0.0
51,6,0,5,False,0.000689164277035351,0.31525055810831404,0,qUCB,0.05,0.05,0.7000000000000001,0.05,0.0,0.1,0.05
51,6,0,5,False,0.000689164277035351,0.31525055810831404,1,qUCB,0.0,0.1,0.55,0.0,0.0,0.25,0.1
51,6,0,5,False,0.000689164277035351,0.31525055810831404,2,qUCB,0.0,0.0,0.5,0.1,0.0,0.35000000000000003,0.05
51,6,0,5,False,0.000689164277035351,0.31525055810831404,3,qUCB,0.2,0.0,0.7000000000000001,0.0,0.1,0.0,0.0
51,6,0,5,False,0.000689164277035351,0.31525055810831404,4,qUCB,0.15000000000000002,0.0,0.65,0.0,0.1,0.0,0.1
52,1,5,0,True,0.005221408427961186,0.038936932191832696,0,qEHVI,0.0,0.1,0.7000000000000001,0.1,0.0,0.0,0.1
52,1,5,0,True,0.005221408427961186,0.038936932191832696,1,qEHVI,0.0,0.2,0.6000000000000001,0.1,0.0,0.0,0.1
52,1,5,0,True,0.005221408427961186,0.038936932191832696,2,qEHVI,0.1,0.15000000000000002,0.55,0.1,0.0,0.05,0.05
52,1,5,0,True,0.005221408427961186,0.038936932191832696,3,qEHVI,0.05,0.0,0.65,0.05,0.0,0.2,0.05
52,1,5,0,True,0.005221408427961186,0.038936932191832696,4,qEHVI,0.30000000000000004,0.0,0.6000000000000001,0.0,0.0,0.05,0.05
52,2,4,1,False,0.004530957350832564,0.19388411564321117,0,qEHVI,0.0,0.1,0.7000000000000001,0.1,0.0,0.0,0.1
52,2,4,1,False,0.004530957350832564,0.19388411564321117,1,qEHVI,0.0,0.2,0.6000000000000001,0.1,0.0,0.0,0.1
52,2,4,1,False,0.004530957350832564,0.19388411564321117,2,qEHVI,0.05,0.0,0.65,0.05,0.0,0.2,0.05
52,2,4,1,False,0.004530957350832564,0.19388411564321117,3,qEHVI,0.1,0.15000000000000002,0.55,0.1,0.0,0.05,0.05
52,2,4,1,False,0.004530957350832564,0.19388411564321117,4,qUCB,0.25,0.5,0.2,0.0,0.0,0.05,0.0
52,3,3,2,False,0.0037740846484413063,0.07599333648201245,0,qEHVI,0.0,0.1,0.7000000000000001,0.1,0.0,0.0,0.1
52,3,3,2,False,0.0037740846484413063,0.07599333648201245,1,qEHVI,0.0,0.2,0.6000000000000001,0.1,0.0,0.0,0.1
52,3,3,2,False,0.0037740846484413063,0.07599333648201245,2,qEHVI,0.1,0.15000000000000002,0.55,0.1,0.0,0.05,0.05
52,3,3,2,False,0.0037740846484413063,0.07599333648201245,3,qUCB,0.0,0.0,0.5,0.0,0.1,0.30000000000000004,0.1
52,3,3,2,False,0.0037740846484413063,0.07599333648201245,4,qUCB,0.2,0.0,0.7000000000000001,0.0,0.1,0.0,0.0
52,4,2,3,False,0.0029589423543800947,0.01671141030120271,0,qEHVI,0.0,0.1,0.7000000000000001,0.1,0.0,0.0,0.1
52,4,2,3,False,0.0029589423543800947,0.01671141030120271,1,qEHVI,0.0,0.2,0.6000000000000001,0.1,0.0,0.0,0.1
52,4,2,3,False,0.0029589423543800947,0.01671141030120271,2,qUCB,0.35000000000000003,0.35000000000000003,0.30000000000000004,0.0,0.0,0.0,0.0
52,4,2,3,False,0.0029589423543800947,0.01671141030120271,3,qUCB,0.2,0.0,0.7000000000000001,0.0,0.1,0.0,0.0
52,4,2,3,False,0.0029589423543800947,0.01671141030120271,4,qUCB,0.35000000000000003,0.1,0.55,0.0,0.0,0.0,0.0
52,5,1,4,False,0.0018451360538835797,0.009893154093278511,0,qEHVI,0.0,0.1,0.7000000000000001,0.1,0.0,0.0,0.1
52,5,1,4,False,0.0018451360538835797,0.009893154093278511,1,qUCB,0.25,0.5,0.2,0.0,0.0,0.05,0.0
52,5,1,4,False,0.0018451360538835797,0.009893154093278511,2,qUCB,0.35000000000000003,0.35000000000000003,0.30000000000000004,0.0,0.0,0.0,0.0
52,5,1,4,False,0.0018451360538835797,0.009893154093278511,3,qUCB,0.35000000000000003,0.4,0.2,0.0,0.0,0.0,0.05
52,5,1,4,False,0.0018451360538835797,0.009893154093278511,4,qUCB,0.35000000000000003,0.0,0.2,0.1,0.1,0.25,0.0
52,6,0,5,False,0.00277101900170069,0.2496877347469013,0,qUCB,0.0,0.1,0.7000000000000001,0.1,0.0,0.0,0.1
52,6,0,5,False,0.00277101900170069,0.2496877347469013,1,qUCB,0.0,0.0,0.55,0.1,0.0,0.30000000000000004,0.05
52,6,0,5,False,0.00277101900170069,0.2496877347469013,2,qUCB,0.0,0.1,0.5,0.0,0.0,0.30000000000000004,0.1
52,6,0,5,False,0.00277101900170069,0.2496877347469013,3,qUCB,0.1,0.0,0.5,0.1,0.1,0.2,0.0
52,6,0,5,False,0.00277101900170069,0.2496877347469013,4,qUCB,0.2,0.0,0.7000000000000001,0.0,0.1,0.0,0.0
53,1,5,0,True,0.0046387837115119375,0.02779638798751627,0,qEHVI,0.05,0.2,0.65,0.0,0.0,0.0,0.1
53,1,5,0,True,0.0046387837115119375,0.02779638798751627,1,qEHVI,0.0,0.15000000000000002,0.65,0.1,0.0,0.0,0.1
53,1,5,0,True,0.0046387837115119375,0.02779638798751627,2,qEHVI,0.0,0.1,0.7000000000000001,0.0,0.0,0.1,0.1
53,1,5,0,True,0.0046387837115119375,0.02779638798751627,3,qEHVI,0.0,0.0,0.55,0.1,0.0,0.25,0.1
53,1,5,0,True,0.0046387837115119375,0.02779638798751627,4,qEHVI,0.2,0.0,0.65,0.1,0.05,0.0,0.0
53,2,4,1,False,0.0038066380449697642,0.13852624841521433,0,qEHVI,0.05,0.2,0.65,0.0,0.0,0.0,0.1
53,2,4,1,False,0.0038066380449697642,0.13852624841521433,1,qEHVI,0.0,0.15000000000000002,0.65,0.1,0.0,0.0,0.1
53,2,4,1,False,0.0038066380449697642,0.13852624841521433,2,qEHVI,0.0,0.1,0.7000000000000001,0.0,0.0,0.1,0.1
53,2,4,1,False,0.0038066380449697642,0.13852624841521433,3,qEHVI,0.0,0.0,0.55,0.1,0.0,0.25,0.1
53,2,4,1,False,0.0038066380449697642,0.13852624841521433,4,qUCB,0.35000000000000003,0.30000000000000004,0.2,0.1,0.0,0.05,0.0
53,3,3,2,False,0.0029206648574529913,0.008391999669196792,0,qEHVI,0.05,0.2,0.65,0.0,0.0,0.0,0.1
53,3,3,2,False,0.0029206648574529913,0.008391999669196792,1,qEHVI,0.0,0.15000000000000002,0.65,0.1,0.0,0.0,0.1
53,3,3,2,False,0.0029206648574529913,0.008391999669196792,2,qEHVI,0.2,0.0,0.65,0.1,0.05,0.0,0.0
53,3,3,2,False,0.0029206648574529913,0.008391999669196792,3,qUCB,0.0,0.0,0.35000000000000003,0.05,0.1,0.45,0.05
53,3,3,2,False,0.0029206648574529913,0.008391999669196792,4,qUCB,0.35000000000000003,0.35000000000000003,0.30000000000000004,0.0,0.0,0.0,0.0
53,4,2,3,False,0.002553469723786405,0.034130652684483564,0,qEHVI,0.05,0.2,0.65,0.0,0.0,0.0,0.1
53,4,2,3,False,0.002553469723786405,0.034130652684483564,1,qEHVI,0.0,0.15000000000000002,0.65,0.1,0.0,0.0,0.1
53,4,2,3,False,0.002553469723786405,0.034130652684483564,2,qUCB,0.35000000000000003,0.30000000000000004,0.2,0.1,0.0,0.05,0.0
53,4,2,3,False,0.002553469723786405,0.034130652684483564,3,qUCB,0.35000000000000003,0.0,0.35000000000000003,0.1,0.1,0.1,0.0
53,4,2,3,False,0.002553469723786405,0.034130652684483564,4,qUCB,0.25,0.4,0.2,0.1,0.0,0.05,0.0
53,5,1,4,False,0.0014021695292453424,0.03142045302077001,0,qEHVI,0.05,0.2,0.65,0.0,0.0,0.0,0.1
53,5,1,4,False,0.0014021695292453424,0.03142045302077001,1,qUCB,0.05,0.0,0.30000000000000004,0.1,0.1,0.45,0.0
53,5,1,4,False,0.0014021695292453424,0.03142045302077001,2,qUCB,0.35000000000000003,0.30000000000000004,0.2,0.1,0.0,0.05,0.0
53,5,1,4,False,0.0014021695292453424,0.03142045302077001,3,qUCB,0.05,0.0,0.5,0.1,0.1,0.25,0.0
53,5,1,4,False,0.0014021695292453424,0.03142045302077001,4,qUCB,0.35000000000000003,0.0,0.35000000000000003,0.1,0.1,0.1,0.0
53,6,0,5,False,0.0018122683569676218,0.3095114654297211,0,qUCB,0.0,0.0,0.55,0.1,0.0,0.25,0.1
53,6,0,5,False,0.0018122683569676218,0.3095114654297211,1,qUCB,0.05,0.0,0.5,0.1,0.0,0.30000000000000004,0.05
53,6,0,5,False,0.0018122683569676218,0.3095114654297211,2,qUCB,0.0,0.1,0.5,0.0,0.0,0.30000000000000004,0.1
53,6,0,5,False,0.0018122683569676218,0.3095114654297211,3,qUCB,0.1,0.0,0.5,0.1,0.1,0.2,0.0
53,6,0,5,False,0.0018122683569676218,0.3095114654297211,4,qUCB,0.0,0.1,0.7000000000000001,0.0,0.0,0.1,0.1
54,1,5,0,True,0.003856386680901638,0.20757316553850735,0,qEHVI,0.0,0.1,0.65,0.0,0.0,0.15000000000000002,0.1
54,1,5,0,True,0.003856386680901638,0.20757316553850735,1,qEHVI,0.05,0.2,0.65,0.1,0.0,0.0,0.0
54,1,5,0,True,0.003856386680901638,0.20757316553850735,2,qEHVI,0.25,0.05,0.65,0.0,0.0,0.0,0.05
54,1,5,0,True,0.003856386680901638,0.20757316553850735,3,qEHVI,0.05,0.05,0.7000000000000001,0.0,0.0,0.1,0.1
54,1,5,0,True,0.003856386680901638,0.20757316553850735,4,qEHVI,0.1,0.05,0.7000000000000001,0.0,0.0,0.1,0.05
54,2,4,1,False,0.003069256410849596,0.2511861494707244,0,qEHVI,0.0,0.1,0.65,0.0,0.0,0.15000000000000002,0.1
54,2,4,1,False,0.003069256410849596,0.2511861494707244,1,qEHVI,0.05,0.2,0.65,0.1,0.0,0.0,0.0
54,2,4,1,False,0.003069256410849596,0.2511861494707244,2,qEHVI,0.25,0.05,0.65,0.0,0.0,0.0,0.05
54,2,4,1,False,0.003069256410849596,0.2511861494707244,3,qEHVI,0.25,0.1,0.55,0.0,0.0,0.0,0.1
54,2,4,1,False,0.003069256410849596,0.2511861494707244,4,qUCB,0.0,0.1,0.2,0.1,0.1,0.45,0.05
54,3,3,2,False,0.0025648698806885976,0.12451692150943039,0,qEHVI,0.0,0.1,0.65,0.0,0.0,0.15000000000000002,0.1
54,3,3,2,False,0.0025648698806885976,0.12451692150943039,1,qEHVI,0.05,0.2,0.65,0.1,0.0,0.0,0.0
54,3,3,2,False,0.0025648698806885976,0.12451692150943039,2,qEHVI,0.25,0.05,0.65,0.0,0.0,0.0,0.05
54,3,3,2,False,0.0025648698806885976,0.12451692150943039,3,qUCB,0.0,0.1,0.2,0.1,0.1,0.45,0.05
54,3,3,2,False,0.0025648698806885976,0.12451692150943039,4,qUCB,0.35000000000000003,0.15000000000000002,0.2,0.1,0.0,0.1,0.1
54,4,2,3,False,0.0019114598434448447,0.004909278058448763,0,qEHVI,0.0,0.1,0.65,0.0,0.0,0.15000000000000002,0.1
54,4,2,3,False,0.0019114598434448447,0.004909278058448763,1,qEHVI,0.05,0.2,0.65,0.1,0.0,0.0,0.0
54,4,2,3,False,0.0019114598434448447,0.004909278058448763,2,qUCB,0.35000000000000003,0.15000000000000002,0.2,0.1,0.0,0.1,0.1
54,4,2,3,False,0.0019114598434448447,0.004909278058448763,3,qUCB,0.35000000000000003,0.05,0.30000000000000004,0.1,0.1,0.0,0.1
54,4,2,3,False,0.0019114598434448447,0.004909278058448763,4,qUCB,0.0,0.1,0.2,0.1,0.1,0.45,0.05
54,5,1,4,False,0.001377398294645305,0.019995140735789008,0,qEHVI,0.0,0.1,0.65,0.0,0.0,0.15000000000000002,0.1
54,5,1,4,False,0.001377398294645305,0.019995140735789008,1,qUCB,0.25,0.45,0.2,0.1,0.0,0.0,0.0
54,5,1,4,False,0.001377398294645305,0.019995140735789008,2,qUCB,0.35000000000000003,0.30000000000000004,0.2,0.1,0.0,0.05,0.0
54,5,1,4,False,0.001377398294645305,0.019995140735789008,3,qUCB,0.25,0.4,0.2,0.1,0.0,0.05,0.0
54,5,1,4,False,0.001377398294645305,0.019995140735789008,4,qUCB,0.35000000000000003,0.25,0.2,0.1,0.0,0.05,0.05
54,6,0,5,False,0.001833779067342658,0.8940285129504524,0,qUCB,0.05,0.1,0.7000000000000001,0.0,0.0,0.05,0.1
54,6,0,5,False,0.001833779067342658,0.8940285129504524,1,qUCB,0.0,0.0,0.55,0.1,0.0,0.30000000000000004,0.05
54,6,0,5,False,0.001833779067342658,0.8940285129504524,2,qUCB,0.05,0.0,0.6000000000000001,0.0,0.0,0.25,0.1
54,6,0,5,False,0.001833779067342658,0.8940285129504524,3,qUCB,0.0,0.1,0.55,0.0,0.0,0.25,0.1
54,6,0,5,False,0.001833779067342658,0.8940285129504524,4,qUCB,0.05,0.0,0.4,0.1,0.0,0.35000000000000003,0.1
55,1,5,0,True,0.0019640781979723887,0.04079555605187224,0,qEHVI,0.1,0.15000000000000002,0.65,0.0,0.0,0.0,0.1
55,1,5,0,True,0.0019640781979723887,0.04079555605187224,1,qEHVI,0.35000000000000003,0.0,0.6000000000000001,0.0,0.0,0.05,0.0
55,1,5,0,True,0.0019640781979723887,0.04079555605187224,2,qEHVI,0.2,0.2,0.5,0.0,0.0,0.0,0.1
55,1,5,0,True,0.0019640781979723887,0.04079555605187224,3,qEHVI,0.0,0.0,0.6000000000000001,0.0,0.0,0.30000000000000004,0.1
55,1,5,0,True,0.0019640781979723887,0.04079555605187224,4,qEHVI,0.25,0.15000000000000002,0.5,0.0,0.0,0.0,0.1
55,2,4,1,False,0.0021543536523644683,0.09111999997415587,0,qEHVI,0.1,0.15000000000000002,0.65,0.0,0.0,0.0,0.1
55,2,4,1,False,0.0021543536523644683,0.09111999997415587,1,qEHVI,0.35000000000000003,0.0,0.6000000000000001,0.0,0.0,0.05,0.0
55,2,4,1,False,0.0021543536523644683,0.09111999997415587,2,qEHVI,0.2,0.2,0.5,0.0,0.0,0.0,0.1
55,2,4,1,False,0.0021543536523644683,0.09111999997415587,3,qEHVI,0.0,0.0,0.6000000000000001,0.0,0.0,0.30000000000000004,0.1
55,2,4,1,False,0.0021543536523644683,0.09111999997415587,4,qUCB,0.0,0.1,0.7000000000000001,0.1,0.1,0.0,0.0
55,3,3,2,False,0.0016139217855577939,0.08091474734379034,0,qEHVI,0.1,0.15000000000000002,0.65,0.0,0.0,0.0,0.1
55,3,3,2,False,0.0016139217855577939,0.08091474734379034,1,qEHVI,0.35000000000000003,0.0,0.6000000000000001,0.0,0.0,0.05,0.0
55,3,3,2,False,0.0016139217855577939,0.08091474734379034,2,qEHVI,0.0,0.0,0.6000000000000001,0.0,0.0,0.30000000000000004,0.1
55,3,3,2,False,0.0016139217855577939,0.08091474734379034,3,qUCB,0.2,0.45,0.2,0.1,0.0,0.05,0.0
55,3,3,2,False,0.0016139217855577939,0.08091474734379034,4,qUCB,0.35000000000000003,0.2,0.2,0.1,0.0,0.05,0.1
55,4,2,3,False,0.0011254603514170905,0.019183943010434135,0,qEHVI,0.1,0.15000000000000002,0.65,0.0,0.0,0.0,0.1
55,4,2,3,False,0.0011254603514170905,0.019183943010434135,1,qEHVI,0.35000000000000003,0.0,0.6000000000000001,0.0,0.0,0.05,0.0
55,4,2,3,False,0.0011254603514170905,0.019183943010434135,2,qUCB,0.0,0.0,0.35000000000000003,0.1,0.1,0.4,0.05
55,4,2,3,False,0.0011254603514170905,0.019183943010434135,3,qUCB,0.0,0.1,0.2,0.1,0.1,0.45,0.05
55,4,2,3,False,0.0011254603514170905,0.019183943010434135,4,qUCB,0.05,0.0,0.5,0.1,0.1,0.25,0.0
55,5,1,4,False,0.0006123789098728538,0.31898034930519703,0,qEHVI,0.2,0.2,0.5,0.0,0.0,0.0,0.1
55,5,1,4,False,0.0006123789098728538,0.31898034930519703,1,qUCB,0.0,0.0,0.35000000000000003,0.1,0.1,0.4,0.05
55,5,1,4,False,0.0006123789098728538,0.31898034930519703,2,qUCB,0.05,0.0,0.5,0.1,0.1,0.25,0.0
55,5,1,4,False,0.0006123789098728538,0.31898034930519703,3,qUCB,0.0,0.1,0.7000000000000001,0.1,0.1,0.0,0.0
55,5,1,4,False,0.0006123789098728538,0.31898034930519703,4,qUCB,0.0,0.0,0.6000000000000001,0.1,0.1,0.2,0.0
55,6,0,5,False,0.0011462001891527592,0.08841139424015498,0,qUCB,0.0,0.1,0.65,0.05,0.0,0.1,0.1
55,6,0,5,False,0.0011462001891527592,0.08841139424015498,1,qUCB,0.05,0.0,0.5,0.1,0.0,0.30000000000000004,0.05
55,6,0,5,False,0.0011462001891527592,0.08841139424015498,2,qUCB,0.0,0.1,0.5,0.0,0.0,0.30000000000000004,0.1
55,6,0,5,False,0.0011462001891527592,0.08841139424015498,3,qUCB,0.05,0.0,0.55,0.1,0.1,0.2,0.0
55,6,0,5,False,0.0011462001891527592,0.08841139424015498,4,qUCB,0.1,0.1,0.4,0.1,0.0,0.30000000000000004,0.0
