iteration,option,n_opt,n_exp,selected,full_qehvi,full_entropy,point_idx,source,x_0,x_1,x_2,x_3,x_4,x_5,x_6,x_7,x_8,x_9,x_10,x_11,x_12,x_13,x_14
1,1,5,0,False,6.733823049652432,0.12948910468707098,0,qEHVI,0.02,0.02,0.88,0.0,0.04,0.0,0.0,0.0,0.0,0.0,0.0,0.02,0.0,0.02,0.0
1,1,5,0,False,6.733823049652432,0.12948910468707098,1,qEHVI,0.76,0.14,0.0,0.0,0.0,0.0,0.0,0.0,0.04,0.0,0.0,0.04,0.0,0.02,0.0
1,1,5,0,False,6.733823049652432,0.12948910468707098,2,qEHVI,0.04,0.02,0.9,0.04,0.0,0.0,0.0,0.0,0.0,0.0,0.0,0.0,0.0,0.0,0.0
1,1,5,0,False,6.733823049652432,0.12948910468707098,3,qEHVI,0.04,0.88,0.0,0.04,0.0,0.0,0.0,0.0,0.0,0.0,0.0,0.0,0.0,0.02,0.02
1,1,5,0,False,6.733823049652432,0.12948910468707098,4,qEHVI,0.46,0.04,0.4,0.04,0.0,0.0,0.0,0.0,0.02,0.0,0.0,0.0,0.0,0.04,0.0
1,2,4,1,False,6.530709277029647,0.23961609433260733,0,qEHVI,0.02,0.02,0.88,0.0,0.04,0.0,0.0,0.0,0.0,0.0,0.0,0.02,0.0,0.02,0.0
1,2,4,1,False,6.530709277029647,0.23961609433260733,1,qEHVI,0.76,0.14,0.0,0.0,0.0,0.0,0.0,0.0,0.04,0.0,0.0,0.04,0.0,0.02,0.0
1,2,4,1,False,6.530709277029647,0.23961609433260733,2,qEHVI,0.04,0.02,0.9,0.04,0.0,0.0,0.0,0.0,0.0,0.0,0.0,0.0,0.0,0.0,0.0
1,2,4,1,False,6.530709277029647,0.23961609433260733,3,qEHVI,0.04,0.88,0.0,0.04,0.0,0.0,0.0,0.0,0.0,0.0,0.0,0.0,0.0,0.02,0.02
1,2,4,1,False,6.530709277029647,0.23961609433260733,4,qUCB,0.8,0.1,0.02,0.0,0.04,0.0,0.0,0.0,0.0,0.0,0.0,0.0,0.0,0.0,0.04
1,3,3,2,False,6.2227456948787365,0.1106245938733359,0,qEHVI,0.02,0.02,0.88,0.0,0.04,0.0,0.0,0.0,0.0,0.0,0.0,0.02,0.0,0.02,0.0
1,3,3,2,False,6.2227456948787365,0.1106245938733359,1,qEHVI,0.76,0.14,0.0,0.0,0.0,0.0,0.0,0.0,0.04,0.0,0.0,0.04,0.0,0.02,0.0
1,3,3,2,False,6.2227456948787365,0.1106245938733359,2,qEHVI,0.06,0.0,0.86,0.04,0.0,0.0,0.0,0.0,0.04,0.0,0.0,0.0,0.0,0.0,0.0
1,3,3,2,False,6.2227456948787365,0.1106245938733359,3,qUCB,0.0,0.9,0.02,0.0,0.0,0.0,0.0,0.0,0.0,0.0,0.0,0.0,0.0,0.04,0.04
1,3,3,2,False,6.2227456948787365,0.1106245938733359,4,qUCB,0.18,0.74,0.04,0.0,0.0,0.0,0.0,0.0,0.0,0.0,0.0,0.0,0.0,0.0,0.04
1,4,2,3,False,6.074275820651329,0.09157745916922977,0,qEHVI,0.02,0.02,0.88,0.0,0.04,0.0,0.0,0.0,0.0,0.0,0.0,0.02,0.0,0.02,0.0
1,4,2,3,False,6.074275820651329,0.09157745916922977,1,qEHVI,0.76,0.14,0.0,0.0,0.0,0.0,0.0,0.0,0.04,0.0,0.0,0.04,0.0,0.02,0.0
1,4,2,3,False,6.074275820651329,0.09157745916922977,2,qUCB,0.06,0.8200000000000001,0.04,0.04,0.0,0.0,0.0,0.0,0.0,0.0,0.0,0.0,0.0,0.0,0.04
1,4,2,3,False,6.074275820651329,0.09157745916922977,3,qUCB,0.0,0.9,0.02,0.0,0.0,0.0,0.0,0.0,0.0,0.0,0.0,0.0,0.0,0.04,0.04
1,4,2,3,False,6.074275820651329,0.09157745916922977,4,qUCB,0.04,0.88,0.0,0.04,0.0,0.0,0.0,0.0,0.0,0.0,0.0,0.0,0.0,0.02,0.02
1,5,1,4,False,5.8545362404671435,0.268649406518751,0,qEHVI,0.02,0.02,0.88,0.0,0.04,0.0,0.0,0.0,0.0,0.0,0.0,0.02,0.0,0.02,0.0
1,5,1,4,False,5.8545362404671435,0.268649406518751,1,qUCB,0.88,0.02,0.0,0.02,0.0,0.0,0.0,0.0,0.04,0.0,0.0,0.0,0.0,0.0,0.04
1,5,1,4,False,5.8545362404671435,0.268649406518751,2,qUCB,0.02,0.86,0.02,0.04,0.0,0.0,0.0,0.0,0.02,0.0,0.0,0.0,0.0,0.0,0.04
1,5,1,4,False,5.8545362404671435,0.268649406518751,3,qUCB,0.8200000000000001,0.06,0.02,0.0,0.0,0.0,0.0,0.0,0.04,0.0,0.0,0.0,0.0,0.02,0.04
1,5,1,4,False,5.8545362404671435,0.268649406518751,4,qUCB,0.06,0.84,0.0,0.0,0.0,0.0,0.0,0.0,0.04,0.0,0.0,0.0,0.0,0.02,0.04
1,6,0,5,True,6.302381674751252,0.2745215295065542,0,qUCB,0.0,0.84,0.06,0.0,0.0,0.0,0.0,0.0,0.02,0.0,0.0,0.04,0.0,0.04,0.0
1,6,0,5,True,6.302381674751252,0.2745215295065542,1,qUCB,0.8,0.0,0.1,0.0,0.04,0.0,0.0,0.0,0.0,0.0,0.0,0.0,0.0,0.04,0.02
1,6,0,5,True,6.302381674751252,0.2745215295065542,2,qUCB,0.04,0.88,0.0,0.04,0.0,0.0,0.0,0.0,0.0,0.0,0.0,0.0,0.0,0.02,0.02
1,6,0,5,True,6.302381674751252,0.2745215295065542,3,qUCB,0.46,0.04,0.4,0.04,0.0,0.0,0.0,0.0,0.02,0.0,0.0,0.0,0.0,0.04,0.0
1,6,0,5,True,6.302381674751252,0.2745215295065542,4,qUCB,0.76,0.14,0.0,0.0,0.0,0.0,0.0,0.0,0.04,0.0,0.0,0.04,0.0,0.02,0.0
2,1,5,0,False,5.427505090117473,1.1077224857489085,0,qEHVI,0.7000000000000001,0.02,0.18,0.02,0.0,0.0,0.0,0.0,0.04,0.0,0.0,0.02,0.0,0.02,0.0
2,1,5,0,False,5.427505090117473,1.1077224857489085,1,qEHVI,0.58,0.0,0.34,0.04,0.0,0.0,0.0,0.0,0.02,0.0,0.0,0.02,0.0,0.0,0.0
2,1,5,0,False,5.427505090117473,1.1077224857489085,2,qEHVI,0.78,0.06,0.06,0.04,0.0,0.0,0.0,0.0,0.04,0.0,0.0,0.0,0.0,0.02,0.0
2,1,5,0,False,5.427505090117473,1.1077224857489085,3,qEHVI,0.62,0.0,0.28,0.04,0.0,0.0,0.0,0.0,0.0,0.0,0.0,0.02,0.0,0.04,0.0
2,1,5,0,False,5.427505090117473,1.1077224857489085,4,qEHVI,0.48,0.0,0.42,0.0,0.0,0.0,0.0,0.0,0.02,0.0,0.0,0.04,0.0,0.04,0.0
2,2,4,1,False,5.177731630401402,1.0498151250818566,0,qEHVI,0.7000000000000001,0.02,0.18,0.02,0.0,0.0,0.0,0.0,0.04,0.0,0.0,0.02,0.0,0.02,0.0
2,2,4,1,False,5.177731630401402,1.0498151250818566,1,qEHVI,0.58,0.0,0.34,0.04,0.0,0.0,0.0,0.0,0.02,0.0,0.0,0.02,0.0,0.0,0.0
2,2,4,1,False,5.177731630401402,1.0498151250818566,2,qEHVI,0.78,0.06,0.06,0.04,0.0,0.0,0.0,0.0,0.04,0.0,0.0,0.0,0.0,0.02,0.0
2,2,4,1,False,5.177731630401402,1.0498151250818566,3,qEHVI,0.62,0.0,0.28,0.04,0.0,0.0,0.0,0.0,0.0,0.0,0.0,0.02,0.0,0.04,0.0
2,2,4,1,False,5.177731630401402,1.0498151250818566,4,qUCB,0.72,0.0,0.2,0.0,0.04,0.0,0.0,0.0,0.0,0.0,0.0,0.04,0.0,0.0,0.0
2,3,3,2,False,4.8223428676749975,0.8338742494118954,0,qEHVI,0.7000000000000001,0.02,0.18,0.02,0.0,0.0,0.0,0.0,0.04,0.0,0.0,0.02,0.0,0.02,0.0
2,3,3,2,False,4.8223428676749975,0.8338742494118954,1,qEHVI,0.58,0.0,0.34,0.04,0.0,0.0,0.0,0.0,0.02,0.0,0.0,0.02,0.0,0.0,0.0
2,3,3,2,False,4.8223428676749975,0.8338742494118954,2,qEHVI,0.78,0.06,0.06,0.04,0.0,0.0,0.0,0.0,0.04,0.0,0.0,0.0,0.0,0.02,0.0
2,3,3,2,False,4.8223428676749975,0.8338742494118954,3,qUCB,0.72,0.0,0.2,0.0,0.04,0.0,0.0,0.0,0.0,0.0,0.0,0.04,0.0,0.0,0.0
2,3,3,2,False,4.8223428676749975,0.8338742494118954,4,qUCB,0.74,0.12,0.06,0.0,0.04,0.0,0.0,0.0,0.0,0.0,0.0,0.0,0.0,0.0,0.04
2,4,2,3,False,4.167936705128908,0.7821518577788567,0,qEHVI,0.7000000000000001,0.02,0.18,0.02,0.0,0.0,0.0,0.0,0.04,0.0,0.0,0.02,0.0,0.02,0.0
2,4,2,3,False,4.167936705128908,0.7821518577788567,1,qEHVI,0.58,0.0,0.34,0.04,0.0,0.0,0.0,0.0,0.02,0.0,0.0,0.02,0.0,0.0,0.0
2,4,2,3,False,4.167936705128908,0.7821518577788567,2,qUCB,0.72,0.0,0.2,0.0,0.04,0.0,0.0,0.0,0.0,0.0,0.0,0.04,0.0,0.0,0.0
2,4,2,3,False,4.167936705128908,0.7821518577788567,3,qUCB,0.74,0.12,0.06,0.0,0.04,0.0,0.0,0.0,0.0,0.0,0.0,0.0,0.0,0.0,0.04
2,4,2,3,False,4.167936705128908,0.7821518577788567,4,qUCB,0.5,0.4,0.0,0.0,0.04,0.0,0.0,0.0,0.0,0.0,0.0,0.0,0.0,0.02,0.04
2,5,1,4,False,3.7986264453398206,1.094486331629966,0,qEHVI,0.7000000000000001,0.02,0.18,0.02,0.0,0.0,0.0,0.0,0.04,0.0,0.0,0.02,0.0,0.02,0.0
2,5,1,4,False,3.7986264453398206,1.094486331629966,1,qUCB,0.72,0.0,0.2,0.0,0.04,0.0,0.0,0.0,0.0,0.0,0.0,0.04,0.0,0.0,0.0
2,5,1,4,False,3.7986264453398206,1.094486331629966,2,qUCB,0.8200000000000001,0.0,0.1,0.04,0.0,0.0,0.0,0.0,0.0,0.0,0.0,0.0,0.0,0.0,0.04
2,5,1,4,False,3.7986264453398206,1.094486331629966,3,qUCB,0.46,0.42,0.04,0.0,0.04,0.0,0.0,0.0,0.0,0.0,0.0,0.0,0.0,0.0,0.04
2,5,1,4,False,3.7986264453398206,1.094486331629966,4,qUCB,0.7000000000000001,0.12,0.1,0.04,0.04,0.0,0.0,0.0,0.0,0.0,0.0,0.0,0.0,0.0,0.0
2,6,0,5,True,4.806154654911338,1.0159210007264363,0,qUCB,0.66,0.02,0.22,0.04,0.0,0.0,0.0,0.0,0.02,0.0,0.0,0.04,0.0,0.0,0.0
2,6,0,5,True,4.806154654911338,1.0159210007264363,1,qUCB,0.66,0.0,0.26,0.0,0.0,0.0,0.0,0.0,0.04,0.0,0.0,0.04,0.0,0.0,0.0
2,6,0,5,True,4.806154654911338,1.0159210007264363,2,qUCB,0.76,0.02,0.12,0.04,0.02,0.0,0.0,0.0,0.04,0.0,0.0,0.0,0.0,0.0,0.0
2,6,0,5,True,4.806154654911338,1.0159210007264363,3,qUCB,0.86,0.02,0.02,0.04,0.0,0.0,0.0,0.0,0.02,0.0,0.0,0.0,0.0,0.0,0.04
2,6,0,5,True,4.806154654911338,1.0159210007264363,4,qUCB,0.9,0.04,0.0,0.04,0.0,0.0,0.0,0.0,0.0,0.0,0.0,0.0,0.0,0.02,0.0
3,1,5,0,False,10.643524702097254,1.2943242570124136,0,qEHVI,0.5,0.12,0.28,0.04,0.0,0.0,0.0,0.0,0.02,0.0,0.0,0.0,0.0,0.04,0.0
3,1,5,0,False,10.643524702097254,1.2943242570124136,1,qEHVI,0.56,0.02,0.34,0.04,0.0,0.0,0.0,0.0,0.0,0.0,0.0,0.0,0.0,0.02,0.02
3,1,5,0,False,10.643524702097254,1.2943242570124136,2,qEHVI,0.0,0.02,0.96,0.0,0.0,0.0,0.0,0.0,0.02,0.0,0.0,0.0,0.0,0.0,0.0
3,1,5,0,False,10.643524702097254,1.2943242570124136,3,qEHVI,0.58,0.0,0.32,0.04,0.0,0.0,0.0,0.0,0.0,0.0,0.0,0.04,0.0,0.02,0.0
3,1,5,0,False,10.643524702097254,1.2943242570124136,4,qEHVI,0.5,0.16,0.24,0.04,0.0,0.0,0.0,0.0,0.0,0.0,0.0,0.0,0.0,0.04,0.02
3,2,4,1,False,10.210142449745286,1.3707325614519341,0,qEHVI,0.5,0.12,0.28,0.04,0.0,0.0,0.0,0.0,0.02,0.0,0.0,0.0,0.0,0.04,0.0
3,2,4,1,False,10.210142449745286,1.3707325614519341,1,qEHVI,0.56,0.02,0.34,0.04,0.0,0.0,0.0,0.0,0.0,0.0,0.0,0.0,0.0,0.02,0.02
3,2,4,1,False,10.210142449745286,1.3707325614519341,2,qEHVI,0.58,0.0,0.32,0.04,0.0,0.0,0.0,0.0,0.0,0.0,0.0,0.04,0.0,0.02,0.0
3,2,4,1,False,10.210142449745286,1.3707325614519341,3,qEHVI,0.0,0.02,0.96,0.0,0.0,0.0,0.0,0.0,0.02,0.0,0.0,0.0,0.0,0.0,0.0
3,2,4,1,False,10.210142449745286,1.3707325614519341,4,qUCB,0.44,0.3,0.16,0.0,0.04,0.0,0.0,0.0,0.0,0.0,0.0,0.0,0.0,0.04,0.02
3,3,3,2,False,10.51421469008227,1.1796141770770827,0,qEHVI,0.5,0.12,0.28,0.04,0.0,0.0,0.0,0.0,0.02,0.0,0.0,0.0,0.0,0.04,0.0
3,3,3,2,False,10.51421469008227,1.1796141770770827,1,qEHVI,0.56,0.02,0.34,0.04,0.0,0.0,0.0,0.0,0.0,0.0,0.0,0.0,0.0,0.02,0.02
3,3,3,2,False,10.51421469008227,1.1796141770770827,2,qEHVI,0.58,0.0,0.32,0.04,0.0,0.0,0.0,0.0,0.0,0.0,0.0,0.04,0.0,0.02,0.0
3,3,3,2,False,10.51421469008227,1.1796141770770827,3,qUCB,0.44,0.34,0.14,0.0,0.04,0.0,0.0,0.0,0.04,0.0,0.0,0.0,0.0,0.0,0.0
3,3,3,2,False,10.51421469008227,1.1796141770770827,4,qUCB,0.0,0.02,0.96,0.0,0.0,0.0,0.0,0.0,0.02,0.0,0.0,0.0,0.0,0.0,0.0
3,4,2,3,False,9.40440617803188,0.5543718255791212,0,qEHVI,0.5,0.12,0.28,0.04,0.0,0.0,0.0,0.0,0.02,0.0,0.0,0.0,0.0,0.04,0.0
3,4,2,3,False,9.40440617803188,0.5543718255791212,1,qEHVI,0.56,0.02,0.34,0.04,0.0,0.0,0.0,0.0,0.0,0.0,0.0,0.0,0.0,0.02,0.02
3,4,2,3,False,9.40440617803188,0.5543718255791212,2,qUCB,0.04,0.0,0.86,0.0,0.04,0.0,0.0,0.0,0.02,0.0,0.0,0.04,0.0,0.0,0.0
3,4,2,3,False,9.40440617803188,0.5543718255791212,3,qUCB,0.36,0.38,0.16,0.0,0.04,0.0,0.0,0.0,0.0,0.0,0.0,0.04,0.0,0.0,0.02
3,4,2,3,False,9.40440617803188,0.5543718255791212,4,qUCB,0.0,0.02,0.96,0.0,0.0,0.0,0.0,0.0,0.02,0.0,0.0,0.0,0.0,0.0,0.0
3,5,1,4,False,7.70635358561226,0.7622630383969984,0,qEHVI,0.5,0.12,0.28,0.04,0.0,0.0,0.0,0.0,0.02,0.0,0.0,0.0,0.0,0.04,0.0
3,5,1,4,False,7.70635358561226,0.7622630383969984,1,qUCB,0.36,0.38,0.16,0.0,0.04,0.0,0.0,0.0,0.0,0.0,0.0,0.04,0.0,0.0,0.02
3,5,1,4,False,7.70635358561226,0.7622630383969984,2,qUCB,0.0,0.02,0.88,0.0,0.04,0.0,0.0,0.0,0.02,0.0,0.0,0.0,0.0,0.0,0.04
3,5,1,4,False,7.70635358561226,0.7622630383969984,3,qUCB,0.0,0.04,0.96,0.0,0.0,0.0,0.0,0.0,0.0,0.0,0.0,0.0,0.0,0.0,0.0
3,5,1,4,False,7.70635358561226,0.7622630383969984,4,qUCB,0.0,0.04,0.86,0.04,0.0,0.0,0.0,0.0,0.0,0.0,0.0,0.02,0.0,0.0,0.04
3,6,0,5,True,8.916307875923374,0.5389477838688261,0,qUCB,0.5,0.12,0.28,0.04,0.0,0.0,0.0,0.0,0.02,0.0,0.0,0.0,0.0,0.04,0.0
3,6,0,5,True,8.916307875923374,0.5389477838688261,1,qUCB,0.0,0.02,0.96,0.0,0.0,0.0,0.0,0.0,0.02,0.0,0.0,0.0,0.0,0.0,0.0
3,6,0,5,True,8.916307875923374,0.5389477838688261,2,qUCB,0.56,0.04,0.3,0.04,0.04,0.0,0.0,0.0,0.0,0.0,0.0,0.0,0.0,0.0,0.02
3,6,0,5,True,8.916307875923374,0.5389477838688261,3,qUCB,0.0,0.0,0.9,0.04,0.0,0.0,0.0,0.0,0.02,0.0,0.0,0.02,0.0,0.0,0.02
3,6,0,5,True,8.916307875923374,0.5389477838688261,4,qUCB,0.06,0.54,0.32,0.04,0.0,0.0,0.0,0.0,0.0,0.0,0.0,0.04,0.0,0.0,0.0
4,1,5,0,False,1.6895598875031108,2.599158814620054,0,qEHVI,0.66,0.2,0.04,0.0,0.0,0.0,0.0,0.0,0.02,0.0,0.0,0.04,0.0,0.04,0.0
4,1,5,0,False,1.6895598875031108,2.599158814620054,1,qEHVI,0.6,0.0,0.32,0.0,0.0,0.0,0.0,0.0,0.0,0.0,0.0,0.02,0.0,0.04,0.02
4,1,5,0,False,1.6895598875031108,2.599158814620054,2,qEHVI,0.72,0.0,0.18,0.0,0.0,0.0,0.0,0.0,0.0,0.0,0.0,0.02,0.0,0.04,0.04
4,1,5,0,False,1.6895598875031108,2.599158814620054,3,qEHVI,0.52,0.0,0.38,0.0,0.02,0.0,0.0,0.0,0.04,0.0,0.0,0.0,0.0,0.04,0.0
4,1,5,0,False,1.6895598875031108,2.599158814620054,4,qEHVI,0.68,0.1,0.12,0.0,0.0,0.0,0.0,0.0,0.02,0.0,0.0,0.0,0.0,0.04,0.04
4,2,4,1,False,1.5789158955193587,2.131041954705042,0,qEHVI,0.66,0.2,0.04,0.0,0.0,0.0,0.0,0.0,0.02,0.0,0.0,0.04,0.0,0.04,0.0
4,2,4,1,False,1.5789158955193587,2.131041954705042,1,qEHVI,0.6,0.0,0.32,0.0,0.0,0.0,0.0,0.0,0.0,0.0,0.0,0.02,0.0,0.04,0.02
4,2,4,1,False,1.5789158955193587,2.131041954705042,2,qEHVI,0.72,0.0,0.18,0.0,0.0,0.0,0.0,0.0,0.0,0.0,0.0,0.02,0.0,0.04,0.04
4,2,4,1,False,1.5789158955193587,2.131041954705042,3,qEHVI,0.52,0.0,0.38,0.0,0.02,0.0,0.0,0.0,0.04,0.0,0.0,0.0,0.0,0.04,0.0
4,2,4,1,False,1.5789158955193587,2.131041954705042,4,qUCB,0.6,0.3,0.0,0.04,0.04,0.0,0.0,0.0,0.0,0.0,0.0,0.0,0.0,0.0,0.02
4,3,3,2,False,1.452346846410112,2.1515224697626145,0,qEHVI,0.66,0.2,0.04,0.0,0.0,0.0,0.0,0.0,0.02,0.0,0.0,0.04,0.0,0.04,0.0
4,3,3,2,False,1.452346846410112,2.1515224697626145,1,qEHVI,0.6,0.0,0.32,0.0,0.0,0.0,0.0,0.0,0.0,0.0,0.0,0.02,0.0,0.04,0.02
4,3,3,2,False,1.452346846410112,2.1515224697626145,2,qEHVI,0.72,0.0,0.18,0.0,0.0,0.0,0.0,0.0,0.0,0.0,0.0,0.02,0.0,0.04,0.04
4,3,3,2,False,1.452346846410112,2.1515224697626145,3,qUCB,0.72,0.0,0.2,0.0,0.04,0.0,0.0,0.0,0.04,0.0,0.0,0.0,0.0,0.0,0.0
4,3,3,2,False,1.452346846410112,2.1515224697626145,4,qUCB,0.0,0.9,0.0,0.04,0.04,0.0,0.0,0.0,0.02,0.0,0.0,0.0,0.0,0.0,0.0
4,4,2,3,False,1.2706092155068152,1.579257028041301,0,qEHVI,0.66,0.2,0.04,0.0,0.0,0.0,0.0,0.0,0.02,0.0,0.0,0.04,0.0,0.04,0.0
4,4,2,3,False,1.2706092155068152,1.579257028041301,1,qEHVI,0.6,0.0,0.32,0.0,0.0,0.0,0.0,0.0,0.0,0.0,0.0,0.02,0.0,0.04,0.02
4,4,2,3,False,1.2706092155068152,1.579257028041301,2,qUCB,0.72,0.0,0.2,0.0,0.04,0.0,0.0,0.0,0.04,0.0,0.0,0.0,0.0,0.0,0.0
4,4,2,3,False,1.2706092155068152,1.579257028041301,3,qUCB,0.48,0.42,0.0,0.0,0.04,0.0,0.0,0.0,0.02,0.0,0.0,0.0,0.0,0.0,0.04
4,4,2,3,False,1.2706092155068152,1.579257028041301,4,qUCB,0.0,0.9,0.0,0.04,0.04,0.0,0.0,0.0,0.02,0.0,0.0,0.0,0.0,0.0,0.0
4,5,1,4,False,0.8025021409376039,1.5825703620403289,0,qEHVI,0.66,0.2,0.04,0.0,0.0,0.0,0.0,0.0,0.02,0.0,0.0,0.04,0.0,0.04,0.0
4,5,1,4,False,0.8025021409376039,1.5825703620403289,1,qUCB,0.62,0.28,0.02,0.0,0.04,0.0,0.0,0.0,0.0,0.0,0.0,0.0,0.0,0.0,0.04
4,5,1,4,False,0.8025021409376039,1.5825703620403289,2,qUCB,0.64,0.02,0.24,0.0,0.04,0.0,0.0,0.0,0.02,0.0,0.0,0.0,0.0,0.0,0.04
4,5,1,4,False,0.8025021409376039,1.5825703620403289,3,qUCB,0.44,0.46,0.0,0.04,0.02,0.0,0.0,0.0,0.0,0.0,0.0,0.0,0.0,0.0,0.04
4,5,1,4,False,0.8025021409376039,1.5825703620403289,4,qUCB,0.48,0.04,0.4,0.0,0.04,0.0,0.0,0.0,0.0,0.0,0.0,0.0,0.0,0.0,0.04
4,6,0,5,True,1.3684395577779347,1.181295305556084,0,qUCB,0.72,0.0,0.18,0.0,0.0,0.0,0.0,0.0,0.0,0.0,0.0,0.02,0.0,0.04,0.04
4,6,0,5,True,1.3684395577779347,1.181295305556084,1,qUCB,0.66,0.24,0.0,0.0,0.0,0.0,0.0,0.0,0.0,0.0,0.0,0.04,0.0,0.04,0.02
4,6,0,5,True,1.3684395577779347,1.181295305556084,2,qUCB,0.66,0.0,0.24,0.0,0.0,0.0,0.0,0.0,0.04,0.0,0.0,0.0,0.0,0.04,0.02
4,6,0,5,True,1.3684395577779347,1.181295305556084,3,qUCB,0.86,0.0,0.04,0.0,0.0,0.0,0.0,0.0,0.02,0.0,0.0,0.04,0.0,0.04,0.0
4,6,0,5,True,1.3684395577779347,1.181295305556084,4,qUCB,0.62,0.28,0.0,0.0,0.0,0.0,0.0,0.0,0.0,0.0,0.0,0.04,0.0,0.02,0.04
5,1,5,0,False,0.3654452932056002,2.632485417707983,0,qEHVI,0.7000000000000001,0.18,0.02,0.0,0.0,0.0,0.0,0.0,0.0,0.0,0.0,0.04,0.0,0.04,0.02
5,1,5,0,False,0.3654452932056002,2.632485417707983,1,qEHVI,0.52,0.06,0.34,0.0,0.0,0.0,0.0,0.0,0.0,0.0,0.0,0.0,0.0,0.04,0.04
5,1,5,0,False,0.3654452932056002,2.632485417707983,2,qEHVI,0.6,0.26,0.06,0.0,0.0,0.0,0.0,0.0,0.0,0.0,0.0,0.0,0.0,0.04,0.04
5,1,5,0,False,0.3654452932056002,2.632485417707983,3,qEHVI,0.5,0.04,0.38,0.0,0.0,0.0,0.0,0.0,0.0,0.0,0.0,0.04,0.0,0.04,0.0
5,1,5,0,False,0.3654452932056002,2.632485417707983,4,qEHVI,0.62,0.12,0.16,0.0,0.0,0.0,0.0,0.0,0.0,0.0,0.0,0.02,0.0,0.04,0.04
5,2,4,1,False,0.3451157819325777,1.7646434115117664,0,qEHVI,0.7000000000000001,0.18,0.02,0.0,0.0,0.0,0.0,0.0,0.0,0.0,0.0,0.04,0.0,0.04,0.02
5,2,4,1,False,0.3451157819325777,1.7646434115117664,1,qEHVI,0.52,0.06,0.34,0.0,0.0,0.0,0.0,0.0,0.0,0.0,0.0,0.0,0.0,0.04,0.04
5,2,4,1,False,0.3451157819325777,1.7646434115117664,2,qEHVI,0.6,0.26,0.06,0.0,0.0,0.0,0.0,0.0,0.0,0.0,0.0,0.0,0.0,0.04,0.04
5,2,4,1,False,0.3451157819325777,1.7646434115117664,3,qEHVI,0.5,0.04,0.38,0.0,0.0,0.0,0.0,0.0,0.0,0.0,0.0,0.04,0.0,0.04,0.0
5,2,4,1,False,0.3451157819325777,1.7646434115117664,4,qUCB,0.68,0.2,0.04,0.0,0.04,0.0,0.0,0.0,0.04,0.0,0.0,0.0,0.0,0.0,0.0
5,3,3,2,False,0.32095107847815735,2.3496300215331285,0,qEHVI,0.7000000000000001,0.18,0.02,0.0,0.0,0.0,0.0,0.0,0.0,0.0,0.0,0.04,0.0,0.04,0.02
5,3,3,2,False,0.32095107847815735,2.3496300215331285,1,qEHVI,0.52,0.06,0.34,0.0,0.0,0.0,0.0,0.0,0.0,0.0,0.0,0.0,0.0,0.04,0.04
5,3,3,2,False,0.32095107847815735,2.3496300215331285,2,qEHVI,0.6,0.26,0.06,0.0,0.0,0.0,0.0,0.0,0.0,0.0,0.0,0.0,0.0,0.04,0.04
5,3,3,2,False,0.32095107847815735,2.3496300215331285,3,qUCB,0.68,0.2,0.04,0.0,0.04,0.0,0.0,0.0,0.04,0.0,0.0,0.0,0.0,0.0,0.0
5,3,3,2,False,0.32095107847815735,2.3496300215331285,4,qUCB,0.32,0.6,0.0,0.0,0.04,0.0,0.0,0.0,0.04,0.0,0.0,0.0,0.0,0.0,0.0
5,4,2,3,False,0.27277368524874235,1.6711350542955987,0,qEHVI,0.7000000000000001,0.18,0.02,0.0,0.0,0.0,0.0,0.0,0.0,0.0,0.0,0.04,0.0,0.04,0.02
5,4,2,3,False,0.27277368524874235,1.6711350542955987,1,qEHVI,0.52,0.06,0.34,0.0,0.0,0.0,0.0,0.0,0.0,0.0,0.0,0.0,0.0,0.04,0.04
5,4,2,3,False,0.27277368524874235,1.6711350542955987,2,qUCB,0.68,0.2,0.04,0.0,0.04,0.0,0.0,0.0,0.04,0.0,0.0,0.0,0.0,0.0,0.0
5,4,2,3,False,0.27277368524874235,1.6711350542955987,3,qUCB,0.32,0.6,0.0,0.0,0.04,0.0,0.0,0.0,0.04,0.0,0.0,0.0,0.0,0.0,0.0
5,4,2,3,False,0.27277368524874235,1.6711350542955987,4,qUCB,0.32,0.54,0.04,0.04,0.04,0.0,0.0,0.0,0.02,0.0,0.0,0.0,0.0,0.0,0.0
5,5,1,4,False,0.17404008956007122,1.6358359071564248,0,qEHVI,0.7000000000000001,0.18,0.02,0.0,0.0,0.0,0.0,0.0,0.0,0.0,0.0,0.04,0.0,0.04,0.02
5,5,1,4,False,0.17404008956007122,1.6358359071564248,1,qUCB,0.48,0.42,0.0,0.0,0.04,0.0,0.0,0.0,0.04,0.0,0.0,0.0,0.0,0.0,0.02
5,5,1,4,False,0.17404008956007122,1.6358359071564248,2,qUCB,0.68,0.2,0.04,0.0,0.04,0.0,0.0,0.0,0.04,0.0,0.0,0.0,0.0,0.0,0.0
5,5,1,4,False,0.17404008956007122,1.6358359071564248,3,qUCB,0.3,0.0,0.62,0.0,0.04,0.0,0.0,0.0,0.04,0.0,0.0,0.0,0.0,0.0,0.0
5,5,1,4,False,0.17404008956007122,1.6358359071564248,4,qUCB,0.4,0.48,0.02,0.04,0.04,0.0,0.0,0.0,0.0,0.0,0.0,0.0,0.0,0.0,0.02
5,6,0,5,True,0.2849846605015675,1.1686981417860771,0,qUCB,0.6,0.26,0.06,0.0,0.0,0.0,0.0,0.0,0.0,0.0,0.0,0.0,0.0,0.04,0.04
5,6,0,5,True,0.2849846605015675,1.1686981417860771,1,qUCB,0.56,0.34,0.0,0.0,0.04,0.0,0.0,0.0,0.0,0.0,0.0,0.02,0.0,0.04,0.0
5,6,0,5,True,0.2849846605015675,1.1686981417860771,2,qUCB,0.6,0.34,0.0,0.0,0.0,0.0,0.0,0.0,0.0,0.0,0.0,0.04,0.0,0.0,0.02
5,6,0,5,True,0.2849846605015675,1.1686981417860771,3,qUCB,0.52,0.14,0.24,0.0,0.0,0.0,0.0,0.0,0.0,0.0,0.0,0.04,0.0,0.04,0.02
5,6,0,5,True,0.2849846605015675,1.1686981417860771,4,qUCB,0.44,0.02,0.46,0.0,0.0,0.0,0.0,0.0,0.0,0.0,0.0,0.0,0.0,0.04,0.04
6,1,5,0,False,4.22697302645746,0.6005278522291055,0,qEHVI,0.46,0.0,0.5,0.0,0.02,0.0,0.0,0.0,0.0,0.0,0.0,0.02,0.0,0.0,0.0
6,1,5,0,False,4.22697302645746,0.6005278522291055,1,qEHVI,0.58,0.0,0.36,0.0,0.0,0.0,0.0,0.0,0.0,0.0,0.0,0.0,0.0,0.04,0.02
6,1,5,0,False,4.22697302645746,0.6005278522291055,2,qEHVI,0.48,0.0,0.46,0.0,0.0,0.0,0.0,0.0,0.0,0.0,0.0,0.0,0.0,0.02,0.04
6,1,5,0,False,4.22697302645746,0.6005278522291055,3,qEHVI,0.56,0.0,0.4,0.0,0.0,0.0,0.0,0.0,0.0,0.0,0.0,0.04,0.0,0.0,0.0
6,1,5,0,False,4.22697302645746,0.6005278522291055,4,qEHVI,0.42,0.0,0.48,0.0,0.04,0.0,0.0,0.0,0.02,0.0,0.0,0.0,0.0,0.04,0.0
6,2,4,1,False,3.991066505178556,1.0838863415652265,0,qEHVI,0.46,0.0,0.5,0.0,0.02,0.0,0.0,0.0,0.0,0.0,0.0,0.02,0.0,0.0,0.0
6,2,4,1,False,3.991066505178556,1.0838863415652265,1,qEHVI,0.58,0.0,0.36,0.0,0.0,0.0,0.0,0.0,0.0,0.0,0.0,0.0,0.0,0.04,0.02
6,2,4,1,False,3.991066505178556,1.0838863415652265,2,qEHVI,0.48,0.0,0.46,0.0,0.0,0.0,0.0,0.0,0.0,0.0,0.0,0.0,0.0,0.02,0.04
6,2,4,1,False,3.991066505178556,1.0838863415652265,3,qEHVI,0.56,0.0,0.4,0.0,0.0,0.0,0.0,0.0,0.0,0.0,0.0,0.04,0.0,0.0,0.0
6,2,4,1,False,3.991066505178556,1.0838863415652265,4,qUCB,0.44,0.06,0.42,0.04,0.0,0.0,0.0,0.0,0.04,0.0,0.0,0.0,0.0,0.0,0.0
6,3,3,2,False,3.72812430033313,0.997493480221656,0,qEHVI,0.46,0.0,0.5,0.0,0.02,0.0,0.0,0.0,0.0,0.0,0.0,0.02,0.0,0.0,0.0
6,3,3,2,False,3.72812430033313,0.997493480221656,1,qEHVI,0.58,0.0,0.36,0.0,0.0,0.0,0.0,0.0,0.0,0.0,0.0,0.0,0.0,0.04,0.02
6,3,3,2,False,3.72812430033313,0.997493480221656,2,qEHVI,0.48,0.0,0.46,0.0,0.0,0.0,0.0,0.0,0.0,0.0,0.0,0.0,0.0,0.02,0.04
6,3,3,2,False,3.72812430033313,0.997493480221656,3,qUCB,0.44,0.06,0.42,0.04,0.0,0.0,0.0,0.0,0.04,0.0,0.0,0.0,0.0,0.0,0.0
6,3,3,2,False,3.72812430033313,0.997493480221656,4,qUCB,0.26,0.02,0.62,0.04,0.0,0.0,0.0,0.0,0.04,0.0,0.0,0.0,0.0,0.02,0.0
6,4,2,3,False,3.2934490824690723,0.6829941060325173,0,qEHVI,0.46,0.0,0.5,0.0,0.02,0.0,0.0,0.0,0.0,0.0,0.0,0.02,0.0,0.0,0.0
6,4,2,3,False,3.2934490824690723,0.6829941060325173,1,qEHVI,0.58,0.0,0.36,0.0,0.0,0.0,0.0,0.0,0.0,0.0,0.0,0.0,0.0,0.04,0.02
6,4,2,3,False,3.2934490824690723,0.6829941060325173,2,qUCB,0.42,0.04,0.44,0.04,0.0,0.0,0.0,0.0,0.02,0.0,0.0,0.0,0.0,0.0,0.04
6,4,2,3,False,3.2934490824690723,0.6829941060325173,3,qUCB,0.26,0.02,0.62,0.04,0.0,0.0,0.0,0.0,0.04,0.0,0.0,0.0,0.0,0.02,0.0
6,4,2,3,False,3.2934490824690723,0.6829941060325173,4,qUCB,0.42,0.0,0.5,0.0,0.0,0.0,0.0,0.0,0.04,0.0,0.0,0.04,0.0,0.0,0.0
6,5,1,4,False,2.832476835238298,0.9421425064737569,0,qEHVI,0.46,0.0,0.5,0.0,0.02,0.0,0.0,0.0,0.0,0.0,0.0,0.02,0.0,0.0,0.0
6,5,1,4,False,2.832476835238298,0.9421425064737569,1,qUCB,0.68,0.16,0.06,0.02,0.0,0.0,0.0,0.0,0.0,0.0,0.0,0.0,0.0,0.04,0.04
6,5,1,4,False,2.832476835238298,0.9421425064737569,2,qUCB,0.32,0.0,0.58,0.04,0.0,0.0,0.0,0.0,0.02,0.0,0.0,0.0,0.0,0.04,0.0
6,5,1,4,False,2.832476835238298,0.9421425064737569,3,qUCB,0.42,0.0,0.48,0.02,0.0,0.0,0.0,0.0,0.04,0.0,0.0,0.0,0.0,0.04,0.0
6,5,1,4,False,2.832476835238298,0.9421425064737569,4,qUCB,0.3,0.02,0.58,0.04,0.0,0.0,0.0,0.0,0.02,0.0,0.0,0.0,0.0,0.0,0.04
6,6,0,5,True,3.8341895082716984,0.9448996393979632,0,qUCB,0.46,0.0,0.5,0.0,0.02,0.0,0.0,0.0,0.0,0.0,0.0,0.02,0.0,0.0,0.0
6,6,0,5,True,3.8341895082716984,0.9448996393979632,1,qUCB,0.56,0.0,0.4,0.0,0.0,0.0,0.0,0.0,0.0,0.0,0.0,0.04,0.0,0.0,0.0
6,6,0,5,True,3.8341895082716984,0.9448996393979632,2,qUCB,0.36,0.0,0.62,0.0,0.0,0.0,0.0,0.0,0.0,0.0,0.0,0.0,0.0,0.02,0.0
6,6,0,5,True,3.8341895082716984,0.9448996393979632,3,qUCB,0.58,0.0,0.36,0.0,0.0,0.0,0.0,0.0,0.0,0.0,0.0,0.0,0.0,0.04,0.02
6,6,0,5,True,3.8341895082716984,0.9448996393979632,4,qUCB,0.32,0.0,0.58,0.04,0.0,0.0,0.0,0.0,0.02,0.0,0.0,0.0,0.0,0.04,0.0
7,1,5,0,False,2.5323634691530326,0.43800920583541636,0,qEHVI,0.42,0.0,0.52,0.0,0.0,0.0,0.0,0.0,0.02,0.0,0.0,0.0,0.0,0.04,0.0
7,1,5,0,False,2.5323634691530326,0.43800920583541636,1,qEHVI,0.64,0.0,0.3,0.0,0.0,0.0,0.0,0.0,0.0,0.0,0.0,0.02,0.0,0.04,0.0
7,1,5,0,False,2.5323634691530326,0.43800920583541636,2,qEHVI,0.52,0.0,0.4,0.0,0.0,0.0,0.0,0.0,0.02,0.0,0.0,0.0,0.0,0.04,0.02
7,1,5,0,False,2.5323634691530326,0.43800920583541636,3,qEHVI,0.44,0.0,0.48,0.02,0.0,0.0,0.0,0.0,0.0,0.0,0.0,0.0,0.0,0.04,0.02
7,1,5,0,False,2.5323634691530326,0.43800920583541636,4,qEHVI,0.7000000000000001,0.2,0.0,0.02,0.0,0.0,0.0,0.0,0.0,0.0,0.0,0.0,0.0,0.04,0.04
7,2,4,1,False,2.323890017749815,0.4732434778304704,0,qEHVI,0.42,0.0,0.52,0.0,0.0,0.0,0.0,0.0,0.02,0.0,0.0,0.0,0.0,0.04,0.0
7,2,4,1,False,2.323890017749815,0.4732434778304704,1,qEHVI,0.64,0.0,0.3,0.0,0.0,0.0,0.0,0.0,0.0,0.0,0.0,0.02,0.0,0.04,0.0
7,2,4,1,False,2.323890017749815,0.4732434778304704,2,qEHVI,0.52,0.0,0.4,0.0,0.0,0.0,0.0,0.0,0.02,0.0,0.0,0.0,0.0,0.04,0.02
7,2,4,1,False,2.323890017749815,0.4732434778304704,3,qEHVI,0.44,0.0,0.48,0.02,0.0,0.0,0.0,0.0,0.0,0.0,0.0,0.0,0.0,0.04,0.02
7,2,4,1,False,2.323890017749815,0.4732434778304704,4,qUCB,0.5,0.0,0.42,0.0,0.04,0.0,0.0,0.0,0.0,0.0,0.0,0.0,0.0,0.0,0.04
7,3,3,2,False,2.136726693955586,0.77578210674546,0,qEHVI,0.42,0.0,0.52,0.0,0.0,0.0,0.0,0.0,0.02,0.0,0.0,0.0,0.0,0.04,0.0
7,3,3,2,False,2.136726693955586,0.77578210674546,1,qEHVI,0.64,0.0,0.3,0.0,0.0,0.0,0.0,0.0,0.0,0.0,0.0,0.02,0.0,0.04,0.0
7,3,3,2,False,2.136726693955586,0.77578210674546,2,qEHVI,0.52,0.0,0.4,0.0,0.0,0.0,0.0,0.0,0.02,0.0,0.0,0.0,0.0,0.04,0.02
7,3,3,2,False,2.136726693955586,0.77578210674546,3,qUCB,0.54,0.0,0.36,0.02,0.0,0.0,0.0,0.0,0.0,0.0,0.0,0.04,0.0,0.0,0.04
7,3,3,2,False,2.136726693955586,0.77578210674546,4,qUCB,0.0,0.76,0.14,0.0,0.04,0.0,0.0,0.0,0.0,0.0,0.0,0.02,0.0,0.0,0.04
7,4,2,3,False,1.6588608955487896,0.33714090647453343,0,qEHVI,0.42,0.0,0.52,0.0,0.0,0.0,0.0,0.0,0.02,0.0,0.0,0.0,0.0,0.04,0.0
7,4,2,3,False,1.6588608955487896,0.33714090647453343,1,qEHVI,0.64,0.0,0.3,0.0,0.0,0.0,0.0,0.0,0.0,0.0,0.0,0.02,0.0,0.04,0.0
7,4,2,3,False,1.6588608955487896,0.33714090647453343,2,qUCB,0.5,0.0,0.42,0.0,0.04,0.0,0.0,0.0,0.0,0.0,0.0,0.0,0.0,0.0,0.04
7,4,2,3,False,1.6588608955487896,0.33714090647453343,3,qUCB,0.02,0.76,0.12,0.02,0.04,0.0,0.0,0.0,0.0,0.0,0.0,0.0,0.0,0.0,0.04
7,4,2,3,False,1.6588608955487896,0.33714090647453343,4,qUCB,0.0,0.92,0.0,0.0,0.04,0.0,0.0,0.0,0.0,0.0,0.0,0.0,0.0,0.0,0.04
7,5,1,4,False,1.1184949819198748,0.3789872639924585,0,qEHVI,0.42,0.0,0.52,0.0,0.0,0.0,0.0,0.0,0.02,0.0,0.0,0.0,0.0,0.04,0.0
7,5,1,4,False,1.1184949819198748,0.3789872639924585,1,qUCB,0.66,0.12,0.12,0.0,0.02,0.0,0.0,0.0,0.0,0.0,0.0,0.04,0.0,0.0,0.04
7,5,1,4,False,1.1184949819198748,0.3789872639924585,2,qUCB,0.0,0.76,0.14,0.0,0.04,0.0,0.0,0.0,0.0,0.0,0.0,0.02,0.0,0.0,0.04
7,5,1,4,False,1.1184949819198748,0.3789872639924585,3,qUCB,0.3,0.48,0.12,0.0,0.04,0.0,0.0,0.0,0.0,0.0,0.0,0.02,0.0,0.0,0.04
7,5,1,4,False,1.1184949819198748,0.3789872639924585,4,qUCB,0.0,0.92,0.0,0.0,0.04,0.0,0.0,0.0,0.0,0.0,0.0,0.0,0.0,0.0,0.04
7,6,0,5,True,0.8291183070433369,0.4888643967912514,0,qUCB,0.72,0.1,0.08,0.0,0.0,0.0,0.0,0.0,0.0,0.0,0.0,0.02,0.0,0.04,0.04
7,6,0,5,True,0.8291183070433369,0.4888643967912514,1,qUCB,0.56,0.0,0.38,0.0,0.0,0.0,0.0,0.0,0.0,0.0,0.0,0.02,0.0,0.04,0.0
7,6,0,5,True,0.8291183070433369,0.4888643967912514,2,qUCB,0.64,0.22,0.1,0.0,0.0,0.0,0.0,0.0,0.0,0.0,0.0,0.0,0.0,0.04,0.0
7,6,0,5,True,0.8291183070433369,0.4888643967912514,3,qUCB,0.22,0.58,0.12,0.0,0.04,0.0,0.0,0.0,0.0,0.0,0.0,0.0,0.0,0.0,0.04
7,6,0,5,True,0.8291183070433369,0.4888643967912514,4,qUCB,0.44,0.4,0.1,0.0,0.02,0.0,0.0,0.0,0.0,0.0,0.0,0.0,0.0,0.04,0.0
8,1,5,0,False,2.2233786319802626,0.6131711432028011,0,qEHVI,0.48,0.0,0.48,0.02,0.0,0.0,0.0,0.0,0.0,0.0,0.0,0.0,0.0,0.02,0.0
8,1,5,0,False,2.2233786319802626,0.6131711432028011,1,qEHVI,0.62,0.02,0.28,0.0,0.0,0.0,0.0,0.0,0.0,0.0,0.0,0.0,0.0,0.04,0.04
8,1,5,0,False,2.2233786319802626,0.6131711432028011,2,qEHVI,0.56,0.34,0.0,0.0,0.0,0.0,0.0,0.0,0.02,0.0,0.0,0.02,0.0,0.02,0.04
8,1,5,0,False,2.2233786319802626,0.6131711432028011,3,qEHVI,0.46,0.02,0.42,0.0,0.0,0.0,0.0,0.0,0.0,0.0,0.0,0.04,0.0,0.04,0.02
8,1,5,0,False,2.2233786319802626,0.6131711432028011,4,qEHVI,0.54,0.26,0.1,0.0,0.02,0.0,0.0,0.0,0.0,0.0,0.0,0.0,0.0,0.04,0.04
8,2,4,1,False,2.074233468401337,0.9093894759265861,0,qEHVI,0.48,0.0,0.48,0.02,0.0,0.0,0.0,0.0,0.0,0.0,0.0,0.0,0.0,0.02,0.0
8,2,4,1,False,2.074233468401337,0.9093894759265861,1,qEHVI,0.62,0.02,0.28,0.0,0.0,0.0,0.0,0.0,0.0,0.0,0.0,0.0,0.0,0.04,0.04
8,2,4,1,False,2.074233468401337,0.9093894759265861,2,qEHVI,0.56,0.34,0.0,0.0,0.0,0.0,0.0,0.0,0.02,0.0,0.0,0.02,0.0,0.02,0.04
8,2,4,1,False,2.074233468401337,0.9093894759265861,3,qEHVI,0.46,0.02,0.42,0.0,0.0,0.0,0.0,0.0,0.0,0.0,0.0,0.04,0.0,0.04,0.02
8,2,4,1,False,2.074233468401337,0.9093894759265861,4,qUCB,0.54,0.0,0.36,0.0,0.04,0.0,0.0,0.0,0.04,0.0,0.0,0.02,0.0,0.0,0.0
8,3,3,2,False,1.8566654908455573,0.8267158957852256,0,qEHVI,0.48,0.0,0.48,0.02,0.0,0.0,0.0,0.0,0.0,0.0,0.0,0.0,0.0,0.02,0.0
8,3,3,2,False,1.8566654908455573,0.8267158957852256,1,qEHVI,0.62,0.02,0.28,0.0,0.0,0.0,0.0,0.0,0.0,0.0,0.0,0.0,0.0,0.04,0.04
8,3,3,2,False,1.8566654908455573,0.8267158957852256,2,qEHVI,0.56,0.34,0.0,0.0,0.0,0.0,0.0,0.0,0.02,0.0,0.0,0.02,0.0,0.02,0.04
8,3,3,2,False,1.8566654908455573,0.8267158957852256,3,qUCB,0.54,0.0,0.36,0.0,0.04,0.0,0.0,0.0,0.04,0.0,0.0,0.02,0.0,0.0,0.0
8,3,3,2,False,1.8566654908455573,0.8267158957852256,4,qUCB,0.5,0.0,0.4,0.0,0.04,0.0,0.0,0.0,0.02,0.0,0.0,0.04,0.0,0.0,0.0
8,4,2,3,False,1.8593215400063623,0.687427195430752,0,qEHVI,0.48,0.0,0.48,0.02,0.0,0.0,0.0,0.0,0.0,0.0,0.0,0.0,0.0,0.02,0.0
8,4,2,3,False,1.8593215400063623,0.687427195430752,1,qEHVI,0.62,0.02,0.28,0.0,0.0,0.0,0.0,0.0,0.0,0.0,0.0,0.0,0.0,0.04,0.04
8,4,2,3,False,1.8593215400063623,0.687427195430752,2,qUCB,0.5,0.0,0.4,0.0,0.0,0.0,0.0,0.0,0.04,0.0,0.0,0.04,0.0,0.0,0.02
8,4,2,3,False,1.8593215400063623,0.687427195430752,3,qUCB,0.5,0.38,0.02,0.0,0.0,0.0,0.0,0.0,0.04,0.0,0.0,0.02,0.0,0.0,0.04
8,4,2,3,False,1.8593215400063623,0.687427195430752,4,qUCB,0.0,0.76,0.14,0.0,0.02,0.0,0.0,0.0,0.0,0.0,0.0,0.04,0.0,0.0,0.04
8,5,1,4,False,1.2185801335179627,0.380321676347819,0,qEHVI,0.48,0.0,0.48,0.02,0.0,0.0,0.0,0.0,0.0,0.0,0.0,0.0,0.0,0.02,0.0
8,5,1,4,False,1.2185801335179627,0.380321676347819,1,qUCB,0.5,0.38,0.02,0.0,0.0,0.0,0.0,0.0,0.04,0.0,0.0,0.02,0.0,0.0,0.04
8,5,1,4,False,1.2185801335179627,0.380321676347819,2,qUCB,0.58,0.18,0.14,0.0,0.0,0.0,0.0,0.0,0.02,0.0,0.0,0.04,0.0,0.0,0.04
8,5,1,4,False,1.2185801335179627,0.380321676347819,3,qUCB,0.2,0.7000000000000001,0.0,0.0,0.02,0.0,0.0,0.0,0.04,0.0,0.0,0.0,0.0,0.0,0.04
8,5,1,4,False,1.2185801335179627,0.380321676347819,4,qUCB,0.0,0.76,0.14,0.0,0.02,0.0,0.0,0.0,0.0,0.0,0.0,0.04,0.0,0.0,0.04
8,6,0,5,True,0.8486694082165667,0.5872426284658845,0,qUCB,0.6,0.3,0.0,0.0,0.02,0.0,0.0,0.0,0.0,0.0,0.0,0.0,0.0,0.04,0.04
8,6,0,5,True,0.8486694082165667,0.5872426284658845,1,qUCB,0.6,0.24,0.08,0.0,0.0,0.0,0.0,0.0,0.0,0.0,0.0,0.0,0.0,0.04,0.04
8,6,0,5,True,0.8486694082165667,0.5872426284658845,2,qUCB,0.46,0.34,0.1,0.0,0.0,0.0,0.0,0.0,0.04,0.0,0.0,0.0,0.0,0.02,0.04
8,6,0,5,True,0.8486694082165667,0.5872426284658845,3,qUCB,0.38,0.52,0.0,0.0,0.0,0.0,0.0,0.0,0.04,0.0,0.0,0.0,0.0,0.02,0.04
8,6,0,5,True,0.8486694082165667,0.5872426284658845,4,qUCB,0.46,0.0,0.44,0.02,0.0,0.0,0.0,0.0,0.04,0.0,0.0,0.0,0.0,0.0,0.04
9,1,5,0,False,2.1693340995874792,0.6750227836554394,0,qEHVI,0.48,0.0,0.52,0.0,0.0,0.0,0.0,0.0,0.0,0.0,0.0,0.0,0.0,0.0,0.0
9,1,5,0,False,2.1693340995874792,0.6750227836554394,1,qEHVI,0.46,0.0,0.46,0.0,0.04,0.0,0.0,0.0,0.0,0.0,0.0,0.0,0.0,0.04,0.0
9,1,5,0,False,2.1693340995874792,0.6750227836554394,2,qEHVI,0.54,0.0,0.36,0.0,0.0,0.0,0.0,0.0,0.0,0.0,0.0,0.02,0.0,0.04,0.04
9,1,5,0,False,2.1693340995874792,0.6750227836554394,3,qEHVI,0.6,0.1,0.2,0.0,0.0,0.0,0.0,0.0,0.0,0.0,0.0,0.02,0.0,0.04,0.04
9,1,5,0,False,2.1693340995874792,0.6750227836554394,4,qEHVI,0.48,0.0,0.44,0.02,0.0,0.0,0.0,0.0,0.0,0.0,0.0,0.0,0.0,0.02,0.04
9,2,4,1,False,2.0900765780814243,0.24386873818285437,0,qEHVI,0.48,0.0,0.52,0.0,0.0,0.0,0.0,0.0,0.0,0.0,0.0,0.0,0.0,0.0,0.0
9,2,4,1,False,2.0900765780814243,0.24386873818285437,1,qEHVI,0.46,0.0,0.46,0.0,0.04,0.0,0.0,0.0,0.0,0.0,0.0,0.0,0.0,0.04,0.0
9,2,4,1,False,2.0900765780814243,0.24386873818285437,2,qEHVI,0.54,0.0,0.36,0.0,0.0,0.0,0.0,0.0,0.0,0.0,0.0,0.02,0.0,0.04,0.04
9,2,4,1,False,2.0900765780814243,0.24386873818285437,3,qEHVI,0.6,0.1,0.2,0.0,0.0,0.0,0.0,0.0,0.0,0.0,0.0,0.02,0.0,0.04,0.04
9,2,4,1,False,2.0900765780814243,0.24386873818285437,4,qUCB,0.56,0.0,0.34,0.0,0.0,0.0,0.0,0.0,0.04,0.0,0.0,0.04,0.0,0.0,0.02
9,3,3,2,False,1.906917559127143,0.5774289066600886,0,qEHVI,0.48,0.0,0.52,0.0,0.0,0.0,0.0,0.0,0.0,0.0,0.0,0.0,0.0,0.0,0.0
9,3,3,2,False,1.906917559127143,0.5774289066600886,1,qEHVI,0.46,0.0,0.46,0.0,0.04,0.0,0.0,0.0,0.0,0.0,0.0,0.0,0.0,0.04,0.0
9,3,3,2,False,1.906917559127143,0.5774289066600886,2,qEHVI,0.54,0.0,0.36,0.0,0.0,0.0,0.0,0.0,0.0,0.0,0.0,0.02,0.0,0.04,0.04
9,3,3,2,False,1.906917559127143,0.5774289066600886,3,qUCB,0.56,0.0,0.34,0.0,0.0,0.0,0.0,0.0,0.04,0.0,0.0,0.04,0.0,0.0,0.02
9,3,3,2,False,1.906917559127143,0.5774289066600886,4,qUCB,0.0,0.76,0.14,0.0,0.04,0.0,0.0,0.0,0.02,0.0,0.0,0.0,0.0,0.0,0.04
9,4,2,3,False,1.8117529013255795,0.3842637544959393,0,qEHVI,0.48,0.0,0.52,0.0,0.0,0.0,0.0,0.0,0.0,0.0,0.0,0.0,0.0,0.0,0.0
9,4,2,3,False,1.8117529013255795,0.3842637544959393,1,qEHVI,0.46,0.0,0.46,0.0,0.04,0.0,0.0,0.0,0.0,0.0,0.0,0.0,0.0,0.04,0.0
9,4,2,3,False,1.8117529013255795,0.3842637544959393,2,qUCB,0.7000000000000001,0.12,0.08,0.0,0.0,0.0,0.0,0.0,0.02,0.0,0.0,0.0,0.0,0.04,0.04
9,4,2,3,False,1.8117529013255795,0.3842637544959393,3,qUCB,0.54,0.0,0.36,0.0,0.0,0.0,0.0,0.0,0.0,0.0,0.0,0.02,0.0,0.04,0.04
9,4,2,3,False,1.8117529013255795,0.3842637544959393,4,qUCB,0.0,0.72,0.18,0.04,0.0,0.0,0.0,0.0,0.0,0.0,0.0,0.02,0.0,0.0,0.04
9,5,1,4,False,1.4713868103849999,0.3729237919128776,0,qEHVI,0.48,0.0,0.52,0.0,0.0,0.0,0.0,0.0,0.0,0.0,0.0,0.0,0.0,0.0,0.0
9,5,1,4,False,1.4713868103849999,0.3729237919128776,1,qUCB,0.7000000000000001,0.12,0.08,0.0,0.0,0.0,0.0,0.0,0.02,0.0,0.0,0.0,0.0,0.04,0.04
9,5,1,4,False,1.4713868103849999,0.3729237919128776,2,qUCB,0.54,0.0,0.36,0.0,0.0,0.0,0.0,0.0,0.0,0.0,0.0,0.02,0.0,0.04,0.04
9,5,1,4,False,1.4713868103849999,0.3729237919128776,3,qUCB,0.74,0.02,0.14,0.0,0.0,0.0,0.0,0.0,0.0,0.0,0.0,0.04,0.0,0.04,0.02
9,5,1,4,False,1.4713868103849999,0.3729237919128776,4,qUCB,0.0,0.76,0.14,0.0,0.04,0.0,0.0,0.0,0.02,0.0,0.0,0.0,0.0,0.0,0.04
9,6,0,5,True,0.9259684141950075,0.5296896254168448,0,qUCB,0.54,0.0,0.36,0.0,0.0,0.0,0.0,0.0,0.0,0.0,0.0,0.02,0.0,0.04,0.04
9,6,0,5,True,0.9259684141950075,0.5296896254168448,1,qUCB,0.64,0.1,0.16,0.0,0.02,0.0,0.0,0.0,0.0,0.0,0.0,0.0,0.0,0.04,0.04
9,6,0,5,True,0.9259684141950075,0.5296896254168448,2,qUCB,0.56,0.0,0.42,0.0,0.0,0.0,0.0,0.0,0.02,0.0,0.0,0.0,0.0,0.0,0.0
9,6,0,5,True,0.9259684141950075,0.5296896254168448,3,qUCB,0.74,0.02,0.14,0.0,0.0,0.0,0.0,0.0,0.0,0.0,0.0,0.04,0.0,0.04,0.02
9,6,0,5,True,0.9259684141950075,0.5296896254168448,4,qUCB,0.62,0.0,0.28,0.0,0.02,0.0,0.0,0.0,0.0,0.0,0.0,0.04,0.0,0.04,0.0
10,1,5,0,False,1.9189127933764942,0.36866235118607626,0,qEHVI,0.44,0.0,0.46,0.0,0.0,0.0,0.0,0.0,0.0,0.0,0.0,0.02,0.0,0.04,0.04
10,1,5,0,False,1.9189127933764942,0.36866235118607626,1,qEHVI,0.64,0.0,0.3,0.0,0.0,0.0,0.0,0.0,0.02,0.0,0.0,0.0,0.0,0.0,0.04
10,1,5,0,False,1.9189127933764942,0.36866235118607626,2,qEHVI,0.48,0.02,0.48,0.0,0.0,0.0,0.0,0.0,0.0,0.0,0.0,0.0,0.0,0.02,0.0
10,1,5,0,False,1.9189127933764942,0.36866235118607626,3,qEHVI,0.56,0.0,0.34,0.0,0.0,0.0,0.0,0.0,0.04,0.0,0.0,0.0,0.0,0.04,0.02
10,1,5,0,False,1.9189127933764942,0.36866235118607626,4,qEHVI,0.72,0.18,0.0,0.0,0.0,0.0,0.0,0.0,0.04,0.0,0.0,0.0,0.0,0.04,0.02
10,2,4,1,False,1.708396431054655,0.13831828723057704,0,qEHVI,0.44,0.0,0.46,0.0,0.0,0.0,0.0,0.0,0.0,0.0,0.0,0.02,0.0,0.04,0.04
10,2,4,1,False,1.708396431054655,0.13831828723057704,1,qEHVI,0.64,0.0,0.3,0.0,0.0,0.0,0.0,0.0,0.02,0.0,0.0,0.0,0.0,0.0,0.04
10,2,4,1,False,1.708396431054655,0.13831828723057704,2,qEHVI,0.48,0.02,0.48,0.0,0.0,0.0,0.0,0.0,0.0,0.0,0.0,0.0,0.0,0.02,0.0
10,2,4,1,False,1.708396431054655,0.13831828723057704,3,qEHVI,0.72,0.18,0.0,0.0,0.0,0.0,0.0,0.0,0.04,0.0,0.0,0.0,0.0,0.04,0.02
10,2,4,1,False,1.708396431054655,0.13831828723057704,4,qUCB,0.46,0.02,0.42,0.04,0.0,0.0,0.0,0.0,0.02,0.0,0.0,0.04,0.0,0.0,0.0
10,3,3,2,False,1.6006675566154829,0.8066621181479166,0,qEHVI,0.44,0.0,0.46,0.0,0.0,0.0,0.0,0.0,0.0,0.0,0.0,0.02,0.0,0.04,0.04
10,3,3,2,False,1.6006675566154829,0.8066621181479166,1,qEHVI,0.64,0.0,0.3,0.0,0.0,0.0,0.0,0.0,0.02,0.0,0.0,0.0,0.0,0.0,0.04
10,3,3,2,False,1.6006675566154829,0.8066621181479166,2,qEHVI,0.48,0.02,0.48,0.0,0.0,0.0,0.0,0.0,0.0,0.0,0.0,0.0,0.0,0.02,0.0
10,3,3,2,False,1.6006675566154829,0.8066621181479166,3,qUCB,0.46,0.02,0.42,0.04,0.0,0.0,0.0,0.0,0.02,0.0,0.0,0.04,0.0,0.0,0.0
10,3,3,2,False,1.6006675566154829,0.8066621181479166,4,qUCB,0.0,0.76,0.14,0.02,0.04,0.0,0.0,0.0,0.0,0.0,0.0,0.04,0.0,0.0,0.0
10,4,2,3,False,1.3022328890581372,0.2799537930213172,0,qEHVI,0.44,0.0,0.46,0.0,0.0,0.0,0.0,0.0,0.0,0.0,0.0,0.02,0.0,0.04,0.04
10,4,2,3,False,1.3022328890581372,0.2799537930213172,1,qEHVI,0.64,0.0,0.3,0.0,0.0,0.0,0.0,0.0,0.02,0.0,0.0,0.0,0.0,0.0,0.04
10,4,2,3,False,1.3022328890581372,0.2799537930213172,2,qUCB,0.0,0.76,0.14,0.02,0.04,0.0,0.0,0.0,0.0,0.0,0.0,0.04,0.0,0.0,0.0
10,4,2,3,False,1.3022328890581372,0.2799537930213172,3,qUCB,0.46,0.02,0.42,0.04,0.0,0.0,0.0,0.0,0.02,0.0,0.0,0.04,0.0,0.0,0.0
10,4,2,3,False,1.3022328890581372,0.2799537930213172,4,qUCB,0.26,0.5,0.16,0.04,0.0,0.0,0.0,0.0,0.0,0.0,0.0,0.04,0.0,0.0,0.0
10,5,1,4,False,1.0806514799732834,0.2327205662042089,0,qEHVI,0.44,0.0,0.46,0.0,0.0,0.0,0.0,0.0,0.0,0.0,0.0,0.02,0.0,0.04,0.04
10,5,1,4,False,1.0806514799732834,0.2327205662042089,1,qUCB,0.52,0.02,0.36,0.04,0.04,0.0,0.0,0.0,0.02,0.0,0.0,0.0,0.0,0.0,0.0
10,5,1,4,False,1.0806514799732834,0.2327205662042089,2,qUCB,0.08,0.68,0.14,0.02,0.04,0.0,0.0,0.0,0.04,0.0,0.0,0.0,0.0,0.0,0.0
10,5,1,4,False,1.0806514799732834,0.2327205662042089,3,qUCB,0.48,0.0,0.46,0.02,0.0,0.0,0.0,0.0,0.04,0.0,0.0,0.0,0.0,0.0,0.0
10,5,1,4,False,1.0806514799732834,0.2327205662042089,4,qUCB,0.0,0.72,0.18,0.04,0.0,0.0,0.0,0.0,0.04,0.0,0.0,0.0,0.0,0.0,0.02
10,6,0,5,True,1.580672125759103,0.6324982563176942,0,qUCB,0.74,0.0,0.16,0.0,0.0,0.0,0.0,0.0,0.0,0.0,0.0,0.02,0.0,0.04,0.04
10,6,0,5,True,1.580672125759103,0.6324982563176942,1,qUCB,0.48,0.0,0.44,0.0,0.04,0.0,0.0,0.0,0.0,0.0,0.0,0.0,0.0,0.04,0.0
10,6,0,5,True,1.580672125759103,0.6324982563176942,2,qUCB,0.54,0.02,0.34,0.0,0.0,0.0,0.0,0.0,0.04,0.0,0.0,0.0,0.0,0.02,0.04
10,6,0,5,True,1.580672125759103,0.6324982563176942,3,qUCB,0.44,0.0,0.46,0.0,0.0,0.0,0.0,0.0,0.0,0.0,0.0,0.02,0.0,0.04,0.04
10,6,0,5,True,1.580672125759103,0.6324982563176942,4,qUCB,0.42,0.0,0.54,0.0,0.0,0.0,0.0,0.0,0.0,0.0,0.0,0.0,0.0,0.0,0.04
11,1,5,0,False,1.720612689176308,0.4012846239443988,0,qEHVI,0.52,0.0,0.42,0.0,0.0,0.0,0.0,0.0,0.0,0.0,0.0,0.0,0.0,0.04,0.02
11,1,5,0,False,1.720612689176308,0.4012846239443988,1,qEHVI,0.58,0.02,0.3,0.0,0.0,0.0,0.0,0.0,0.0,0.0,0.0,0.04,0.0,0.02,0.04
11,1,5,0,False,1.720612689176308,0.4012846239443988,2,qEHVI,0.68,0.2,0.02,0.0,0.0,0.0,0.0,0.0,0.04,0.0,0.0,0.0,0.0,0.04,0.02
11,1,5,0,False,1.720612689176308,0.4012846239443988,3,qEHVI,0.48,0.0,0.42,0.0,0.0,0.0,0.0,0.0,0.04,0.0,0.0,0.0,0.0,0.02,0.04
11,1,5,0,False,1.720612689176308,0.4012846239443988,4,qEHVI,0.2,0.0,0.78,0.0,0.0,0.0,0.0,0.0,0.0,0.0,0.0,0.0,0.0,0.0,0.02
11,2,4,1,False,1.7005726661442804,0.3372457076400739,0,qEHVI,0.52,0.0,0.42,0.0,0.0,0.0,0.0,0.0,0.0,0.0,0.0,0.0,0.0,0.04,0.02
11,2,4,1,False,1.7005726661442804,0.3372457076400739,1,qEHVI,0.58,0.02,0.3,0.0,0.0,0.0,0.0,0.0,0.0,0.0,0.0,0.04,0.0,0.02,0.04
11,2,4,1,False,1.7005726661442804,0.3372457076400739,2,qEHVI,0.48,0.0,0.42,0.0,0.0,0.0,0.0,0.0,0.04,0.0,0.0,0.0,0.0,0.02,0.04
11,2,4,1,False,1.7005726661442804,0.3372457076400739,3,qEHVI,0.68,0.2,0.02,0.0,0.0,0.0,0.0,0.0,0.04,0.0,0.0,0.0,0.0,0.04,0.02
11,2,4,1,False,1.7005726661442804,0.3372457076400739,4,qUCB,0.54,0.0,0.36,0.04,0.02,0.0,0.0,0.0,0.0,0.0,0.0,0.0,0.0,0.0,0.04
11,3,3,2,False,1.4996978876912253,0.4890368430732197,0,qEHVI,0.52,0.0,0.42,0.0,0.0,0.0,0.0,0.0,0.0,0.0,0.0,0.0,0.0,0.04,0.02
11,3,3,2,False,1.4996978876912253,0.4890368430732197,1,qEHVI,0.58,0.02,0.3,0.0,0.0,0.0,0.0,0.0,0.0,0.0,0.0,0.04,0.0,0.02,0.04
11,3,3,2,False,1.4996978876912253,0.4890368430732197,2,qEHVI,0.68,0.2,0.02,0.0,0.0,0.0,0.0,0.0,0.04,0.0,0.0,0.0,0.0,0.04,0.02
11,3,3,2,False,1.4996978876912253,0.4890368430732197,3,qUCB,0.54,0.0,0.36,0.04,0.02,0.0,0.0,0.0,0.0,0.0,0.0,0.0,0.0,0.0,0.04
11,3,3,2,False,1.4996978876912253,0.4890368430732197,4,qUCB,0.06,0.7000000000000001,0.14,0.04,0.04,0.0,0.0,0.0,0.02,0.0,0.0,0.0,0.0,0.0,0.0
11,4,2,3,False,1.2421327559239097,0.594040359610644,0,qEHVI,0.52,0.0,0.42,0.0,0.0,0.0,0.0,0.0,0.0,0.0,0.0,0.0,0.0,0.04,0.02
11,4,2,3,False,1.2421327559239097,0.594040359610644,1,qEHVI,0.58,0.02,0.3,0.0,0.0,0.0,0.0,0.0,0.0,0.0,0.0,0.04,0.0,0.02,0.04
11,4,2,3,False,1.2421327559239097,0.594040359610644,2,qUCB,0.44,0.02,0.44,0.04,0.02,0.0,0.0,0.0,0.04,0.0,0.0,0.0,0.0,0.0,0.0
11,4,2,3,False,1.2421327559239097,0.594040359610644,3,qUCB,0.06,0.7000000000000001,0.14,0.04,0.04,0.0,0.0,0.0,0.02,0.0,0.0,0.0,0.0,0.0,0.0
11,4,2,3,False,1.2421327559239097,0.594040359610644,4,qUCB,0.1,0.6,0.2,0.0,0.04,0.0,0.0,0.0,0.04,0.0,0.0,0.02,0.0,0.0,0.0
11,5,1,4,False,1.0507095697882964,0.5220555115738361,0,qEHVI,0.52,0.0,0.42,0.0,0.0,0.0,0.0,0.0,0.0,0.0,0.0,0.0,0.0,0.04,0.02
11,5,1,4,False,1.0507095697882964,0.5220555115738361,1,qUCB,0.52,0.0,0.38,0.04,0.02,0.0,0.0,0.0,0.0,0.0,0.0,0.04,0.0,0.0,0.0
11,5,1,4,False,1.0507095697882964,0.5220555115738361,2,qUCB,0.06,0.7000000000000001,0.14,0.04,0.04,0.0,0.0,0.0,0.02,0.0,0.0,0.0,0.0,0.0,0.0
11,5,1,4,False,1.0507095697882964,0.5220555115738361,3,qUCB,0.2,0.52,0.2,0.0,0.0,0.0,0.0,0.0,0.04,0.0,0.0,0.04,0.0,0.0,0.0
11,5,1,4,False,1.0507095697882964,0.5220555115738361,4,qUCB,0.46,0.06,0.38,0.0,0.02,0.0,0.0,0.0,0.04,0.0,0.0,0.04,0.0,0.0,0.0
11,6,0,5,True,1.4276540893064196,0.32404505025202024,0,qUCB,0.52,0.0,0.42,0.0,0.0,0.0,0.0,0.0,0.0,0.0,0.0,0.0,0.0,0.04,0.02
11,6,0,5,True,1.4276540893064196,0.32404505025202024,1,qUCB,0.56,0.02,0.36,0.02,0.0,0.0,0.0,0.0,0.0,0.0,0.0,0.0,0.0,0.0,0.04
11,6,0,5,True,1.4276540893064196,0.32404505025202024,2,qUCB,0.68,0.16,0.06,0.0,0.0,0.0,0.0,0.0,0.0,0.0,0.0,0.02,0.0,0.04,0.04
11,6,0,5,True,1.4276540893064196,0.32404505025202024,3,qUCB,0.48,0.0,0.42,0.0,0.0,0.0,0.0,0.0,0.04,0.0,0.0,0.0,0.0,0.02,0.04
11,6,0,5,True,1.4276540893064196,0.32404505025202024,4,qUCB,0.22,0.02,0.72,0.0,0.0,0.0,0.0,0.0,0.0,0.0,0.0,0.0,0.0,0.04,0.0
12,1,5,0,False,1.1006090174790204,0.1663405123386159,0,qEHVI,0.54,0.0,0.38,0.0,0.0,0.0,0.0,0.0,0.0,0.0,0.0,0.02,0.0,0.02,0.04
12,1,5,0,False,1.1006090174790204,0.1663405123386159,1,qEHVI,0.44,0.0,0.48,0.04,0.0,0.0,0.0,0.0,0.0,0.0,0.0,0.0,0.0,0.04,0.0
12,1,5,0,False,1.1006090174790204,0.1663405123386159,2,qEHVI,0.62,0.02,0.28,0.0,0.0,0.0,0.0,0.0,0.02,0.0,0.0,0.0,0.0,0.02,0.04
12,1,5,0,False,1.1006090174790204,0.1663405123386159,3,qEHVI,0.6,0.0,0.38,0.02,0.0,0.0,0.0,0.0,0.0,0.0,0.0,0.0,0.0,0.0,0.0
12,1,5,0,False,1.1006090174790204,0.1663405123386159,4,qEHVI,0.62,0.18,0.1,0.0,0.0,0.0,0.0,0.0,0.0,0.0,0.0,0.02,0.0,0.04,0.04
12,2,4,1,False,1.009778531781073,0.29889750520552383,0,qEHVI,0.54,0.0,0.38,0.0,0.0,0.0,0.0,0.0,0.0,0.0,0.0,0.02,0.0,0.02,0.04
12,2,4,1,False,1.009778531781073,0.29889750520552383,1,qEHVI,0.44,0.0,0.48,0.04,0.0,0.0,0.0,0.0,0.0,0.0,0.0,0.0,0.0,0.04,0.0
12,2,4,1,False,1.009778531781073,0.29889750520552383,2,qEHVI,0.62,0.02,0.28,0.0,0.0,0.0,0.0,0.0,0.02,0.0,0.0,0.0,0.0,0.02,0.04
12,2,4,1,False,1.009778531781073,0.29889750520552383,3,qEHVI,0.6,0.0,0.38,0.02,0.0,0.0,0.0,0.0,0.0,0.0,0.0,0.0,0.0,0.0,0.0
12,2,4,1,False,1.009778531781073,0.29889750520552383,4,qUCB,0.52,0.0,0.38,0.0,0.0,0.0,0.0,0.0,0.04,0.0,0.0,0.04,0.0,0.02,0.0
12,3,3,2,False,0.9238706137066678,0.11769329090125957,0,qEHVI,0.54,0.0,0.38,0.0,0.0,0.0,0.0,0.0,0.0,0.0,0.0,0.02,0.0,0.02,0.04
12,3,3,2,False,0.9238706137066678,0.11769329090125957,1,qEHVI,0.44,0.0,0.48,0.04,0.0,0.0,0.0,0.0,0.0,0.0,0.0,0.0,0.0,0.04,0.0
12,3,3,2,False,0.9238706137066678,0.11769329090125957,2,qEHVI,0.62,0.02,0.28,0.0,0.0,0.0,0.0,0.0,0.02,0.0,0.0,0.0,0.0,0.02,0.04
12,3,3,2,False,0.9238706137066678,0.11769329090125957,3,qUCB,0.48,0.0,0.42,0.02,0.0,0.0,0.0,0.0,0.04,0.0,0.0,0.04,0.0,0.0,0.0
12,3,3,2,False,0.9238706137066678,0.11769329090125957,4,qUCB,0.0,0.76,0.14,0.02,0.0,0.0,0.0,0.0,0.04,0.0,0.0,0.04,0.0,0.0,0.0
12,4,2,3,False,0.6914992904131617,0.23964433224662196,0,qEHVI,0.54,0.0,0.38,0.0,0.0,0.0,0.0,0.0,0.0,0.0,0.0,0.02,0.0,0.02,0.04
12,4,2,3,False,0.6914992904131617,0.23964433224662196,1,qEHVI,0.44,0.0,0.48,0.04,0.0,0.0,0.0,0.0,0.0,0.0,0.0,0.0,0.0,0.04,0.0
12,4,2,3,False,0.6914992904131617,0.23964433224662196,2,qUCB,0.48,0.0,0.42,0.02,0.0,0.0,0.0,0.0,0.04,0.0,0.0,0.04,0.0,0.0,0.0
12,4,2,3,False,0.6914992904131617,0.23964433224662196,3,qUCB,0.16,0.58,0.18,0.0,0.04,0.0,0.0,0.0,0.04,0.0,0.0,0.0,0.0,0.0,0.0
12,4,2,3,False,0.6914992904131617,0.23964433224662196,4,qUCB,0.0,0.76,0.14,0.02,0.0,0.0,0.0,0.0,0.04,0.0,0.0,0.04,0.0,0.0,0.0
12,5,1,4,False,0.630995661628731,0.27310405111608693,0,qEHVI,0.54,0.0,0.38,0.0,0.0,0.0,0.0,0.0,0.0,0.0,0.0,0.02,0.0,0.02,0.04
12,5,1,4,False,0.630995661628731,0.27310405111608693,1,qUCB,0.56,0.0,0.36,0.04,0.0,0.0,0.0,0.0,0.04,0.0,0.0,0.0,0.0,0.0,0.0
12,5,1,4,False,0.630995661628731,0.27310405111608693,2,qUCB,0.08,0.62,0.2,0.04,0.02,0.0,0.0,0.0,0.04,0.0,0.0,0.0,0.0,0.0,0.0
12,5,1,4,False,0.630995661628731,0.27310405111608693,3,qUCB,0.44,0.0,0.48,0.04,0.0,0.0,0.0,0.0,0.04,0.0,0.0,0.0,0.0,0.0,0.0
12,5,1,4,False,0.630995661628731,0.27310405111608693,4,qUCB,0.06,0.74,0.12,0.04,0.04,0.0,0.0,0.0,0.0,0.0,0.0,0.0,0.0,0.0,0.0
12,6,0,5,True,0.8399017477782478,0.38958090109323074,0,qUCB,0.54,0.0,0.38,0.0,0.0,0.0,0.0,0.0,0.0,0.0,0.0,0.02,0.0,0.02,0.04
12,6,0,5,True,0.8399017477782478,0.38958090109323074,1,qUCB,0.62,0.18,0.1,0.0,0.0,0.0,0.0,0.0,0.0,0.0,0.0,0.02,0.0,0.04,0.04
12,6,0,5,True,0.8399017477782478,0.38958090109323074,2,qUCB,0.5,0.0,0.4,0.04,0.02,0.0,0.0,0.0,0.0,0.0,0.0,0.0,0.0,0.0,0.04
12,6,0,5,True,0.8399017477782478,0.38958090109323074,3,qUCB,0.58,0.0,0.34,0.0,0.0,0.0,0.0,0.0,0.04,0.0,0.0,0.0,0.0,0.0,0.04
12,6,0,5,True,0.8399017477782478,0.38958090109323074,4,qUCB,0.32,0.34,0.3,0.0,0.0,0.0,0.0,0.0,0.0,0.0,0.0,0.0,0.0,0.0,0.04
13,1,5,0,False,1.1836134712194668,0.3223508563762181,0,qEHVI,0.46,0.02,0.44,0.0,0.0,0.0,0.0,0.0,0.0,0.0,0.0,0.0,0.0,0.04,0.04
13,1,5,0,False,1.1836134712194668,0.3223508563762181,1,qEHVI,0.42,0.0,0.52,0.0,0.0,0.0,0.0,0.0,0.0,0.0,0.0,0.02,0.0,0.04,0.0
13,1,5,0,False,1.1836134712194668,0.3223508563762181,2,qEHVI,0.6,0.04,0.32,0.0,0.0,0.0,0.0,0.0,0.0,0.0,0.0,0.0,0.0,0.0,0.04
13,1,5,0,False,1.1836134712194668,0.3223508563762181,3,qEHVI,0.6,0.28,0.02,0.0,0.0,0.0,0.0,0.0,0.04,0.0,0.0,0.0,0.0,0.04,0.02
13,1,5,0,False,1.1836134712194668,0.3223508563762181,4,qEHVI,0.54,0.0,0.44,0.0,0.0,0.0,0.0,0.0,0.0,0.0,0.0,0.0,0.0,0.0,0.02
13,2,4,1,False,1.070646697455436,0.37807312238071944,0,qEHVI,0.46,0.02,0.44,0.0,0.0,0.0,0.0,0.0,0.0,0.0,0.0,0.0,0.0,0.04,0.04
13,2,4,1,False,1.070646697455436,0.37807312238071944,1,qEHVI,0.42,0.0,0.52,0.0,0.0,0.0,0.0,0.0,0.0,0.0,0.0,0.02,0.0,0.04,0.0
13,2,4,1,False,1.070646697455436,0.37807312238071944,2,qEHVI,0.6,0.04,0.32,0.0,0.0,0.0,0.0,0.0,0.0,0.0,0.0,0.0,0.0,0.0,0.04
13,2,4,1,False,1.070646697455436,0.37807312238071944,3,qEHVI,0.6,0.28,0.02,0.0,0.0,0.0,0.0,0.0,0.04,0.0,0.0,0.0,0.0,0.04,0.02
13,2,4,1,False,1.070646697455436,0.37807312238071944,4,qUCB,0.5,0.0,0.4,0.0,0.04,0.0,0.0,0.0,0.04,0.0,0.0,0.02,0.0,0.0,0.0
13,3,3,2,False,0.8820075504001266,0.2535925234804326,0,qEHVI,0.46,0.02,0.44,0.0,0.0,0.0,0.0,0.0,0.0,0.0,0.0,0.0,0.0,0.04,0.04
13,3,3,2,False,0.8820075504001266,0.2535925234804326,1,qEHVI,0.42,0.0,0.52,0.0,0.0,0.0,0.0,0.0,0.0,0.0,0.0,0.02,0.0,0.04,0.0
13,3,3,2,False,0.8820075504001266,0.2535925234804326,2,qEHVI,0.6,0.04,0.32,0.0,0.0,0.0,0.0,0.0,0.0,0.0,0.0,0.0,0.0,0.0,0.04
13,3,3,2,False,0.8820075504001266,0.2535925234804326,3,qUCB,0.5,0.0,0.42,0.04,0.0,0.0,0.0,0.0,0.04,0.0,0.0,0.0,0.0,0.0,0.0
13,3,3,2,False,0.8820075504001266,0.2535925234804326,4,qUCB,0.26,0.42,0.22,0.04,0.02,0.0,0.0,0.0,0.04,0.0,0.0,0.0,0.0,0.0,0.0
13,4,2,3,False,0.753360324650705,0.5691259913533644,0,qEHVI,0.46,0.02,0.44,0.0,0.0,0.0,0.0,0.0,0.0,0.0,0.0,0.0,0.0,0.04,0.04
13,4,2,3,False,0.753360324650705,0.5691259913533644,1,qEHVI,0.42,0.0,0.52,0.0,0.0,0.0,0.0,0.0,0.0,0.0,0.0,0.02,0.0,0.04,0.0
13,4,2,3,False,0.753360324650705,0.5691259913533644,2,qUCB,0.5,0.0,0.42,0.04,0.0,0.0,0.0,0.0,0.04,0.0,0.0,0.0,0.0,0.0,0.0
13,4,2,3,False,0.753360324650705,0.5691259913533644,3,qUCB,0.26,0.42,0.22,0.04,0.02,0.0,0.0,0.0,0.04,0.0,0.0,0.0,0.0,0.0,0.0
13,4,2,3,False,0.753360324650705,0.5691259913533644,4,qUCB,0.46,0.06,0.38,0.0,0.04,0.0,0.0,0.0,0.04,0.0,0.0,0.0,0.0,0.0,0.02
13,5,1,4,False,0.5541987765423446,0.4492810410645709,0,qEHVI,0.46,0.02,0.44,0.0,0.0,0.0,0.0,0.0,0.0,0.0,0.0,0.0,0.0,0.04,0.04
13,5,1,4,False,0.5541987765423446,0.4492810410645709,1,qUCB,0.5,0.0,0.4,0.0,0.04,0.0,0.0,0.0,0.04,0.0,0.0,0.02,0.0,0.0,0.0
13,5,1,4,False,0.5541987765423446,0.4492810410645709,2,qUCB,0.22,0.48,0.2,0.02,0.0,0.0,0.0,0.0,0.04,0.0,0.0,0.04,0.0,0.0,0.0
13,5,1,4,False,0.5541987765423446,0.4492810410645709,3,qUCB,0.5,0.0,0.42,0.04,0.0,0.0,0.0,0.0,0.04,0.0,0.0,0.0,0.0,0.0,0.0
13,5,1,4,False,0.5541987765423446,0.4492810410645709,4,qUCB,0.02,0.7000000000000001,0.18,0.04,0.0,0.0,0.0,0.0,0.02,0.0,0.0,0.04,0.0,0.0,0.0
13,6,0,5,True,0.48828781017590833,0.218811714481439,0,qUCB,0.6,0.0,0.38,0.0,0.0,0.0,0.0,0.0,0.0,0.0,0.0,0.0,0.0,0.0,0.02
13,6,0,5,True,0.48828781017590833,0.218811714481439,1,qUCB,0.24,0.48,0.2,0.04,0.0,0.0,0.0,0.0,0.0,0.0,0.0,0.0,0.0,0.04,0.0
13,6,0,5,True,0.48828781017590833,0.218811714481439,2,qUCB,0.26,0.46,0.2,0.0,0.0,0.0,0.0,0.0,0.04,0.0,0.0,0.04,0.0,0.0,0.0
13,6,0,5,True,0.48828781017590833,0.218811714481439,3,qUCB,0.54,0.0,0.44,0.0,0.0,0.0,0.0,0.0,0.0,0.0,0.0,0.0,0.0,0.0,0.02
13,6,0,5,True,0.48828781017590833,0.218811714481439,4,qUCB,0.68,0.0,0.24,0.0,0.0,0.0,0.0,0.0,0.0,0.0,0.0,0.02,0.0,0.02,0.04
14,1,5,0,False,1.0546154959053942,0.2702841826782514,0,qEHVI,0.46,0.14,0.32,0.0,0.0,0.0,0.0,0.0,0.0,0.0,0.0,0.04,0.0,0.0,0.04
14,1,5,0,False,1.0546154959053942,0.2702841826782514,1,qEHVI,0.52,0.0,0.4,0.02,0.0,0.0,0.0,0.0,0.0,0.0,0.0,0.0,0.0,0.02,0.04
14,1,5,0,False,1.0546154959053942,0.2702841826782514,2,qEHVI,0.66,0.0,0.32,0.0,0.0,0.0,0.0,0.0,0.0,0.0,0.0,0.0,0.0,0.0,0.02
14,1,5,0,False,1.0546154959053942,0.2702841826782514,3,qEHVI,0.4,0.04,0.48,0.0,0.0,0.0,0.0,0.0,0.0,0.0,0.0,0.04,0.0,0.04,0.0
14,1,5,0,False,1.0546154959053942,0.2702841826782514,4,qEHVI,0.4,0.0,0.6,0.0,0.0,0.0,0.0,0.0,0.0,0.0,0.0,0.0,0.0,0.0,0.0
14,2,4,1,False,0.9623508665779938,0.4503839940311498,0,qEHVI,0.46,0.14,0.32,0.0,0.0,0.0,0.0,0.0,0.0,0.0,0.0,0.04,0.0,0.0,0.04
14,2,4,1,False,0.9623508665779938,0.4503839940311498,1,qEHVI,0.52,0.0,0.4,0.02,0.0,0.0,0.0,0.0,0.0,0.0,0.0,0.0,0.0,0.02,0.04
14,2,4,1,False,0.9623508665779938,0.4503839940311498,2,qEHVI,0.66,0.0,0.32,0.0,0.0,0.0,0.0,0.0,0.0,0.0,0.0,0.0,0.0,0.0,0.02
14,2,4,1,False,0.9623508665779938,0.4503839940311498,3,qEHVI,0.4,0.04,0.48,0.0,0.0,0.0,0.0,0.0,0.0,0.0,0.0,0.04,0.0,0.04,0.0
14,2,4,1,False,0.9623508665779938,0.4503839940311498,4,qUCB,0.0,0.74,0.16,0.04,0.02,0.0,0.0,0.0,0.04,0.0,0.0,0.0,0.0,0.0,0.0
14,3,3,2,True,0.8877673301756193,0.3330087575750973,0,qEHVI,0.46,0.14,0.32,0.0,0.0,0.0,0.0,0.0,0.0,0.0,0.0,0.04,0.0,0.0,0.04
14,3,3,2,True,0.8877673301756193,0.3330087575750973,1,qEHVI,0.52,0.0,0.4,0.02,0.0,0.0,0.0,0.0,0.0,0.0,0.0,0.0,0.0,0.02,0.04
14,3,3,2,True,0.8877673301756193,0.3330087575750973,2,qEHVI,0.66,0.0,0.32,0.0,0.0,0.0,0.0,0.0,0.0,0.0,0.0,0.0,0.0,0.0,0.02
14,3,3,2,True,0.8877673301756193,0.3330087575750973,3,qUCB,0.68,0.16,0.06,0.0,0.0,0.0,0.0,0.0,0.04,0.0,0.0,0.02,0.0,0.04,0.0
14,3,3,2,True,0.8877673301756193,0.3330087575750973,4,qUCB,0.0,0.74,0.16,0.04,0.02,0.0,0.0,0.0,0.04,0.0,0.0,0.0,0.0,0.0,0.0
14,4,2,3,False,0.7126982466427451,0.6726811817959746,0,qEHVI,0.46,0.14,0.32,0.0,0.0,0.0,0.0,0.0,0.0,0.0,0.0,0.04,0.0,0.0,0.04
14,4,2,3,False,0.7126982466427451,0.6726811817959746,1,qEHVI,0.52,0.0,0.4,0.02,0.0,0.0,0.0,0.0,0.0,0.0,0.0,0.0,0.0,0.02,0.04
14,4,2,3,False,0.7126982466427451,0.6726811817959746,2,qUCB,0.68,0.16,0.06,0.0,0.0,0.0,0.0,0.0,0.04,0.0,0.0,0.02,0.0,0.04,0.0
14,4,2,3,False,0.7126982466427451,0.6726811817959746,3,qUCB,0.0,0.74,0.16,0.04,0.02,0.0,0.0,0.0,0.04,0.0,0.0,0.0,0.0,0.0,0.0
14,4,2,3,False,0.7126982466427451,0.6726811817959746,4,qUCB,0.38,0.28,0.26,0.0,0.04,0.0,0.0,0.0,0.04,0.0,0.0,0.0,0.0,0.0,0.0
14,5,1,4,False,0.6665482377372867,0.5864064032438314,0,qEHVI,0.46,0.14,0.32,0.0,0.0,0.0,0.0,0.0,0.0,0.0,0.0,0.04,0.0,0.0,0.04
14,5,1,4,False,0.6665482377372867,0.5864064032438314,1,qUCB,0.48,0.0,0.44,0.04,0.0,0.0,0.0,0.0,0.0,0.0,0.0,0.0,0.0,0.04,0.0
14,5,1,4,False,0.6665482377372867,0.5864064032438314,2,qUCB,0.0,0.74,0.16,0.04,0.02,0.0,0.0,0.0,0.04,0.0,0.0,0.0,0.0,0.0,0.0
14,5,1,4,False,0.6665482377372867,0.5864064032438314,3,qUCB,0.42,0.06,0.42,0.0,0.04,0.0,0.0,0.0,0.02,0.0,0.0,0.0,0.0,0.04,0.0
14,5,1,4,False,0.6665482377372867,0.5864064032438314,4,qUCB,0.48,0.02,0.4,0.04,0.0,0.0,0.0,0.0,0.04,0.0,0.0,0.0,0.0,0.02,0.0
14,6,0,5,False,0.5999023457377183,0.3402609414726827,0,qUCB,0.52,0.0,0.4,0.02,0.0,0.0,0.0,0.0,0.0,0.0,0.0,0.0,0.0,0.02,0.04
14,6,0,5,False,0.5999023457377183,0.3402609414726827,1,qUCB,0.44,0.08,0.4,0.0,0.0,0.0,0.0,0.0,0.0,0.0,0.0,0.04,0.0,0.0,0.04
14,6,0,5,False,0.5999023457377183,0.3402609414726827,2,qUCB,0.48,0.0,0.44,0.04,0.0,0.0,0.0,0.0,0.0,0.0,0.0,0.0,0.0,0.04,0.0
14,6,0,5,False,0.5999023457377183,0.3402609414726827,3,qUCB,0.0,0.76,0.16,0.04,0.0,0.0,0.0,0.0,0.0,0.0,0.0,0.0,0.0,0.0,0.04
14,6,0,5,False,0.5999023457377183,0.3402609414726827,4,qUCB,0.42,0.28,0.2,0.0,0.02,0.0,0.0,0.0,0.0,0.0,0.0,0.04,0.0,0.0,0.04
15,1,5,0,False,5.639779590485051,0.33153692451634953,0,qEHVI,0.38,0.14,0.38,0.0,0.0,0.0,0.0,0.0,0.02,0.0,0.0,0.04,0.0,0.0,0.04
15,1,5,0,False,5.639779590485051,0.33153692451634953,1,qEHVI,0.56,0.32,0.06,0.0,0.02,0.0,0.0,0.0,0.0,0.0,0.0,0.04,0.0,0.0,0.0
15,1,5,0,False,5.639779590485051,0.33153692451634953,2,qEHVI,0.6,0.28,0.04,0.0,0.02,0.0,0.0,0.0,0.0,0.0,0.0,0.04,0.0,0.02,0.0
15,1,5,0,False,5.639779590485051,0.33153692451634953,3,qEHVI,0.4,0.18,0.32,0.0,0.04,0.0,0.0,0.0,0.0,0.0,0.0,0.02,0.0,0.0,0.04
15,1,5,0,False,5.639779590485051,0.33153692451634953,4,qEHVI,0.4,0.04,0.46,0.02,0.0,0.0,0.0,0.0,0.02,0.0,0.0,0.02,0.0,0.04,0.0
15,2,4,1,False,5.169824748070414,0.25825865991197094,0,qEHVI,0.38,0.14,0.38,0.0,0.0,0.0,0.0,0.0,0.02,0.0,0.0,0.04,0.0,0.0,0.04
15,2,4,1,False,5.169824748070414,0.25825865991197094,1,qEHVI,0.56,0.32,0.06,0.0,0.02,0.0,0.0,0.0,0.0,0.0,0.0,0.04,0.0,0.0,0.0
15,2,4,1,False,5.169824748070414,0.25825865991197094,2,qEHVI,0.6,0.28,0.04,0.0,0.02,0.0,0.0,0.0,0.0,0.0,0.0,0.04,0.0,0.02,0.0
15,2,4,1,False,5.169824748070414,0.25825865991197094,3,qEHVI,0.44,0.06,0.4,0.0,0.04,0.0,0.0,0.0,0.02,0.0,0.0,0.0,0.0,0.0,0.04
15,2,4,1,False,5.169824748070414,0.25825865991197094,4,qUCB,0.44,0.0,0.48,0.04,0.0,0.0,0.0,0.0,0.04,0.0,0.0,0.0,0.0,0.0,0.0
15,3,3,2,True,5.0258828742653545,0.9130901993000275,0,qEHVI,0.38,0.14,0.38,0.0,0.0,0.0,0.0,0.0,0.02,0.0,0.0,0.04,0.0,0.0,0.04
15,3,3,2,True,5.0258828742653545,0.9130901993000275,1,qEHVI,0.56,0.32,0.06,0.0,0.02,0.0,0.0,0.0,0.0,0.0,0.0,0.04,0.0,0.0,0.0
15,3,3,2,True,5.0258828742653545,0.9130901993000275,2,qEHVI,0.4,0.18,0.32,0.0,0.04,0.0,0.0,0.0,0.0,0.0,0.0,0.02,0.0,0.0,0.04
15,3,3,2,True,5.0258828742653545,0.9130901993000275,3,qUCB,0.4,0.06,0.44,0.04,0.02,0.0,0.0,0.0,0.0,0.0,0.0,0.0,0.0,0.04,0.0
15,3,3,2,True,5.0258828742653545,0.9130901993000275,4,qUCB,0.02,0.28,0.66,0.04,0.0,0.0,0.0,0.0,0.0,0.0,0.0,0.0,0.0,0.0,0.0
15,4,2,3,False,5.0850477663398586,0.5109720584535662,0,qEHVI,0.38,0.14,0.38,0.0,0.0,0.0,0.0,0.0,0.02,0.0,0.0,0.04,0.0,0.0,0.04
15,4,2,3,False,5.0850477663398586,0.5109720584535662,1,qEHVI,0.56,0.32,0.06,0.0,0.02,0.0,0.0,0.0,0.0,0.0,0.0,0.04,0.0,0.0,0.0
15,4,2,3,False,5.0850477663398586,0.5109720584535662,2,qUCB,0.4,0.06,0.44,0.04,0.02,0.0,0.0,0.0,0.0,0.0,0.0,0.0,0.0,0.04,0.0
15,4,2,3,False,5.0850477663398586,0.5109720584535662,3,qUCB,0.02,0.28,0.66,0.04,0.0,0.0,0.0,0.0,0.0,0.0,0.0,0.0,0.0,0.0,0.0
15,4,2,3,False,5.0850477663398586,0.5109720584535662,4,qUCB,0.36,0.32,0.22,0.0,0.04,0.0,0.0,0.0,0.0,0.0,0.0,0.0,0.0,0.02,0.04
15,5,1,4,False,3.4148142111954094,0.4664019651568072,0,qEHVI,0.38,0.14,0.38,0.0,0.0,0.0,0.0,0.0,0.02,0.0,0.0,0.04,0.0,0.0,0.04
15,5,1,4,False,3.4148142111954094,0.4664019651568072,1,qUCB,0.58,0.26,0.06,0.02,0.04,0.0,0.0,0.0,0.0,0.0,0.0,0.0,0.0,0.04,0.0
15,5,1,4,False,3.4148142111954094,0.4664019651568072,2,qUCB,0.34,0.36,0.22,0.0,0.04,0.0,0.0,0.0,0.0,0.0,0.0,0.0,0.0,0.04,0.0
15,5,1,4,False,3.4148142111954094,0.4664019651568072,3,qUCB,0.0,0.32,0.64,0.0,0.04,0.0,0.0,0.0,0.0,0.0,0.0,0.0,0.0,0.0,0.0
15,5,1,4,False,3.4148142111954094,0.4664019651568072,4,qUCB,0.1,0.18,0.64,0.04,0.0,0.0,0.0,0.0,0.0,0.0,0.0,0.0,0.0,0.04,0.0
15,6,0,5,False,3.425836480947266,0.21048949960344032,0,qUCB,0.52,0.36,0.02,0.0,0.04,0.0,0.0,0.0,0.0,0.0,0.0,0.04,0.0,0.0,0.02
15,6,0,5,False,3.425836480947266,0.21048949960344032,1,qUCB,0.36,0.32,0.22,0.0,0.04,0.0,0.0,0.0,0.0,0.0,0.0,0.0,0.0,0.02,0.04
15,6,0,5,False,3.425836480947266,0.21048949960344032,2,qUCB,0.0,0.32,0.64,0.0,0.04,0.0,0.0,0.0,0.0,0.0,0.0,0.0,0.0,0.0,0.0
15,6,0,5,False,3.425836480947266,0.21048949960344032,3,qUCB,0.02,0.28,0.66,0.04,0.0,0.0,0.0,0.0,0.0,0.0,0.0,0.0,0.0,0.0,0.0
15,6,0,5,False,3.425836480947266,0.21048949960344032,4,qUCB,0.0,0.14,0.84,0.0,0.0,0.0,0.0,0.0,0.0,0.0,0.0,0.0,0.0,0.0,0.02
16,1,5,0,False,3.0061218431249834,0.35045008352049933,0,qEHVI,0.4,0.3,0.2,0.0,0.02,0.0,0.0,0.0,0.02,0.0,0.0,0.02,0.0,0.0,0.04
16,1,5,0,False,3.0061218431249834,0.35045008352049933,1,qEHVI,0.42,0.14,0.4,0.0,0.0,0.0,0.0,0.0,0.0,0.0,0.0,0.04,0.0,0.0,0.0
16,1,5,0,False,3.0061218431249834,0.35045008352049933,2,qEHVI,0.44,0.12,0.36,0.0,0.04,0.0,0.0,0.0,0.0,0.0,0.0,0.0,0.0,0.0,0.04
16,1,5,0,False,3.0061218431249834,0.35045008352049933,3,qEHVI,0.38,0.28,0.24,0.0,0.02,0.0,0.0,0.0,0.0,0.0,0.0,0.02,0.0,0.02,0.04
16,1,5,0,False,3.0061218431249834,0.35045008352049933,4,qEHVI,0.36,0.24,0.38,0.0,0.0,0.0,0.0,0.0,0.0,0.0,0.0,0.02,0.0,0.0,0.0
16,2,4,1,False,2.8526231580850157,0.7056055084909296,0,qEHVI,0.4,0.3,0.22,0.0,0.02,0.0,0.0,0.0,0.02,0.0,0.0,0.0,0.0,0.0,0.04
16,2,4,1,False,2.8526231580850157,0.7056055084909296,1,qEHVI,0.42,0.14,0.4,0.0,0.0,0.0,0.0,0.0,0.0,0.0,0.0,0.04,0.0,0.0,0.0
16,2,4,1,False,2.8526231580850157,0.7056055084909296,2,qEHVI,0.44,0.12,0.36,0.0,0.04,0.0,0.0,0.0,0.0,0.0,0.0,0.0,0.0,0.0,0.04
16,2,4,1,False,2.8526231580850157,0.7056055084909296,3,qEHVI,0.4,0.32,0.18,0.0,0.04,0.0,0.0,0.0,0.0,0.0,0.0,0.02,0.0,0.0,0.04
16,2,4,1,False,2.8526231580850157,0.7056055084909296,4,qUCB,0.38,0.38,0.16,0.0,0.0,0.0,0.0,0.0,0.04,0.0,0.0,0.0,0.0,0.04,0.0
16,3,3,2,True,2.6070133915472233,0.6985886428619326,0,qEHVI,0.4,0.3,0.22,0.0,0.02,0.0,0.0,0.0,0.02,0.0,0.0,0.0,0.0,0.0,0.04
16,3,3,2,True,2.6070133915472233,0.6985886428619326,1,qEHVI,0.42,0.14,0.4,0.0,0.0,0.0,0.0,0.0,0.0,0.0,0.0,0.04,0.0,0.0,0.0
16,3,3,2,True,2.6070133915472233,0.6985886428619326,2,qEHVI,0.44,0.12,0.36,0.0,0.04,0.0,0.0,0.0,0.0,0.0,0.0,0.0,0.0,0.0,0.04
16,3,3,2,True,2.6070133915472233,0.6985886428619326,3,qUCB,0.38,0.38,0.16,0.0,0.0,0.0,0.0,0.0,0.04,0.0,0.0,0.0,0.0,0.04,0.0
16,3,3,2,True,2.6070133915472233,0.6985886428619326,4,qUCB,0.48,0.26,0.16,0.04,0.0,0.0,0.0,0.0,0.02,0.0,0.0,0.0,0.0,0.04,0.0
16,4,2,3,False,2.4327624901856972,0.4698000718194244,0,qEHVI,0.4,0.3,0.2,0.0,0.02,0.0,0.0,0.0,0.02,0.0,0.0,0.02,0.0,0.0,0.04
16,4,2,3,False,2.4327624901856972,0.4698000718194244,1,qEHVI,0.42,0.14,0.4,0.0,0.0,0.0,0.0,0.0,0.0,0.0,0.0,0.04,0.0,0.0,0.0
16,4,2,3,False,2.4327624901856972,0.4698000718194244,2,qUCB,0.42,0.08,0.4,0.0,0.04,0.0,0.0,0.0,0.02,0.0,0.0,0.0,0.0,0.04,0.0
16,4,2,3,False,2.4327624901856972,0.4698000718194244,3,qUCB,0.42,0.28,0.22,0.0,0.04,0.0,0.0,0.0,0.0,0.0,0.0,0.0,0.0,0.04,0.0
16,4,2,3,False,2.4327624901856972,0.4698000718194244,4,qUCB,0.48,0.26,0.16,0.04,0.0,0.0,0.0,0.0,0.02,0.0,0.0,0.0,0.0,0.04,0.0
16,5,1,4,False,2.0454838120182646,0.29943305676822973,0,qEHVI,0.4,0.3,0.22,0.0,0.02,0.0,0.0,0.0,0.02,0.0,0.0,0.0,0.0,0.0,0.04
16,5,1,4,False,2.0454838120182646,0.29943305676822973,1,qUCB,0.4,0.3,0.22,0.0,0.0,0.0,0.0,0.0,0.0,0.0,0.0,0.04,0.0,0.04,0.0
16,5,1,4,False,2.0454838120182646,0.29943305676822973,2,qUCB,0.4,0.34,0.16,0.02,0.0,0.0,0.0,0.0,0.0,0.0,0.0,0.04,0.0,0.04,0.0
16,5,1,4,False,2.0454838120182646,0.29943305676822973,3,qUCB,0.08,0.0,0.8200000000000001,0.0,0.0,0.0,0.0,0.0,0.02,0.0,0.0,0.04,0.0,0.04,0.0
16,5,1,4,False,2.0454838120182646,0.29943305676822973,4,qUCB,0.42,0.1,0.38,0.0,0.02,0.0,0.0,0.0,0.0,0.0,0.0,0.04,0.0,0.04,0.0
16,6,0,5,False,2.577179627134539,0.43359089606587276,0,qUCB,0.4,0.3,0.2,0.0,0.02,0.0,0.0,0.0,0.02,0.0,0.0,0.02,0.0,0.0,0.04
16,6,0,5,False,2.577179627134539,0.43359089606587276,1,qUCB,0.44,0.14,0.42,0.0,0.0,0.0,0.0,0.0,0.0,0.0,0.0,0.0,0.0,0.0,0.0
16,6,0,5,False,2.577179627134539,0.43359089606587276,2,qUCB,0.44,0.36,0.18,0.02,0.0,0.0,0.0,0.0,0.0,0.0,0.0,0.0,0.0,0.0,0.0
16,6,0,5,False,2.577179627134539,0.43359089606587276,3,qUCB,0.4,0.16,0.38,0.0,0.04,0.0,0.0,0.0,0.0,0.0,0.0,0.0,0.0,0.02,0.0
16,6,0,5,False,2.577179627134539,0.43359089606587276,4,qUCB,0.0,0.14,0.8200000000000001,0.0,0.0,0.0,0.0,0.0,0.0,0.0,0.0,0.02,0.0,0.02,0.0
17,1,5,0,False,1.551487924768518,0.1776792592803762,0,qEHVI,0.0,0.8,0.2,0.0,0.0,0.0,0.0,0.0,0.0,0.0,0.0,0.0,0.0,0.0,0.0
17,1,5,0,False,1.551487924768518,0.1776792592803762,1,qEHVI,0.4,0.12,0.38,0.0,0.0,0.0,0.0,0.0,0.02,0.0,0.0,0.04,0.0,0.04,0.0
17,1,5,0,False,1.551487924768518,0.1776792592803762,2,qEHVI,0.36,0.14,0.4,0.04,0.0,0.0,0.0,0.0,0.02,0.0,0.0,0.0,0.0,0.0,0.04
17,1,5,0,False,1.551487924768518,0.1776792592803762,3,qEHVI,0.6,0.32,0.02,0.0,0.02,0.0,0.0,0.0,0.0,0.0,0.0,0.0,0.0,0.0,0.04
17,1,5,0,False,1.551487924768518,0.1776792592803762,4,qEHVI,0.36,0.26,0.28,0.0,0.0,0.0,0.0,0.0,0.0,0.0,0.0,0.04,0.0,0.02,0.04
17,2,4,1,False,1.3738408805084281,0.29989245746934,0,qEHVI,0.4,0.12,0.38,0.0,0.0,0.0,0.0,0.0,0.02,0.0,0.0,0.04,0.0,0.04,0.0
17,2,4,1,False,1.3738408805084281,0.29989245746934,1,qEHVI,0.0,0.8,0.2,0.0,0.0,0.0,0.0,0.0,0.0,0.0,0.0,0.0,0.0,0.0,0.0
17,2,4,1,False,1.3738408805084281,0.29989245746934,2,qEHVI,0.36,0.14,0.4,0.04,0.0,0.0,0.0,0.0,0.02,0.0,0.0,0.0,0.0,0.0,0.04
17,2,4,1,False,1.3738408805084281,0.29989245746934,3,qEHVI,0.36,0.26,0.28,0.0,0.0,0.0,0.0,0.0,0.0,0.0,0.0,0.04,0.0,0.02,0.04
17,2,4,1,False,1.3738408805084281,0.29989245746934,4,qUCB,0.42,0.1,0.4,0.02,0.04,0.0,0.0,0.0,0.0,0.0,0.0,0.0,0.0,0.02,0.0
17,3,3,2,True,1.2783991493016342,0.5315300077369596,0,qEHVI,0.4,0.12,0.38,0.0,0.0,0.0,0.0,0.0,0.02,0.0,0.0,0.04,0.0,0.04,0.0
17,3,3,2,True,1.2783991493016342,0.5315300077369596,1,qEHVI,0.0,0.8,0.2,0.0,0.0,0.0,0.0,0.0,0.0,0.0,0.0,0.0,0.0,0.0,0.0
17,3,3,2,True,1.2783991493016342,0.5315300077369596,2,qEHVI,0.36,0.14,0.4,0.04,0.0,0.0,0.0,0.0,0.02,0.0,0.0,0.0,0.0,0.0,0.04
17,3,3,2,True,1.2783991493016342,0.5315300077369596,3,qUCB,0.42,0.08,0.42,0.0,0.04,0.0,0.0,0.0,0.0,0.0,0.0,0.02,0.0,0.0,0.02
17,3,3,2,True,1.2783991493016342,0.5315300077369596,4,qUCB,0.0,0.08,0.8200000000000001,0.0,0.02,0.0,0.0,0.0,0.0,0.0,0.0,0.04,0.0,0.0,0.04
17,4,2,3,False,1.0382477802952288,0.39701055565600907,0,qEHVI,0.0,0.8,0.2,0.0,0.0,0.0,0.0,0.0,0.0,0.0,0.0,0.0,0.0,0.0,0.0
17,4,2,3,False,1.0382477802952288,0.39701055565600907,1,qEHVI,0.4,0.12,0.38,0.0,0.0,0.0,0.0,0.0,0.02,0.0,0.0,0.04,0.0,0.04,0.0
17,4,2,3,False,1.0382477802952288,0.39701055565600907,2,qUCB,0.44,0.06,0.4,0.0,0.04,0.0,0.0,0.0,0.0,0.0,0.0,0.0,0.0,0.02,0.04
17,4,2,3,False,1.0382477802952288,0.39701055565600907,3,qUCB,0.06,0.02,0.8200000000000001,0.0,0.04,0.0,0.0,0.0,0.0,0.0,0.0,0.02,0.0,0.0,0.04
17,4,2,3,False,1.0382477802952288,0.39701055565600907,4,qUCB,0.1,0.0,0.8,0.04,0.02,0.0,0.0,0.0,0.04,0.0,0.0,0.0,0.0,0.0,0.0
17,5,1,4,False,1.213492958329388,0.16192471671577913,0,qEHVI,0.0,0.8,0.2,0.0,0.0,0.0,0.0,0.0,0.0,0.0,0.0,0.0,0.0,0.0,0.0
17,5,1,4,False,1.213492958329388,0.16192471671577913,1,qUCB,0.42,0.08,0.4,0.0,0.0,0.0,0.0,0.0,0.0,0.0,0.0,0.02,0.0,0.04,0.04
17,5,1,4,False,1.213492958329388,0.16192471671577913,2,qUCB,0.0,0.08,0.8200000000000001,0.0,0.02,0.0,0.0,0.0,0.0,0.0,0.0,0.04,0.0,0.0,0.04
17,5,1,4,False,1.213492958329388,0.16192471671577913,3,qUCB,0.36,0.14,0.4,0.04,0.0,0.0,0.0,0.0,0.02,0.0,0.0,0.0,0.0,0.0,0.04
17,5,1,4,False,1.213492958329388,0.16192471671577913,4,qUCB,0.26,0.26,0.38,0.04,0.0,0.0,0.0,0.0,0.0,0.0,0.0,0.02,0.0,0.04,0.0
17,6,0,5,False,1.2250490437451889,0.19531732238457877,0,qUCB,0.4,0.12,0.38,0.0,0.0,0.0,0.0,0.0,0.02,0.0,0.0,0.04,0.0,0.04,0.0
17,6,0,5,False,1.2250490437451889,0.19531732238457877,1,qUCB,0.0,0.8,0.2,0.0,0.0,0.0,0.0,0.0,0.0,0.0,0.0,0.0,0.0,0.0,0.0
17,6,0,5,False,1.2250490437451889,0.19531732238457877,2,qUCB,0.0,0.12,0.8200000000000001,0.0,0.0,0.0,0.0,0.0,0.0,0.0,0.0,0.04,0.0,0.02,0.0
17,6,0,5,False,1.2250490437451889,0.19531732238457877,3,qUCB,0.36,0.14,0.4,0.04,0.0,0.0,0.0,0.0,0.02,0.0,0.0,0.0,0.0,0.0,0.04
17,6,0,5,False,1.2250490437451889,0.19531732238457877,4,qUCB,0.0,0.58,0.4,0.0,0.0,0.0,0.0,0.0,0.0,0.0,0.0,0.0,0.0,0.02,0.0
18,1,5,0,False,2.0321871913257046,0.3349396296750031,0,qEHVI,0.56,0.42,0.0,0.0,0.02,0.0,0.0,0.0,0.0,0.0,0.0,0.0,0.0,0.0,0.0
18,1,5,0,False,2.0321871913257046,0.3349396296750031,1,qEHVI,0.36,0.16,0.38,0.02,0.0,0.0,0.0,0.0,0.04,0.0,0.0,0.04,0.0,0.0,0.0
18,1,5,0,False,2.0321871913257046,0.3349396296750031,2,qEHVI,0.36,0.26,0.36,0.0,0.0,0.0,0.0,0.0,0.0,0.0,0.0,0.0,0.0,0.02,0.0
18,1,5,0,False,2.0321871913257046,0.3349396296750031,3,qEHVI,0.56,0.34,0.0,0.0,0.04,0.0,0.0,0.0,0.02,0.0,0.0,0.0,0.0,0.0,0.04
18,1,5,0,False,2.0321871913257046,0.3349396296750031,4,qEHVI,0.42,0.08,0.4,0.0,0.0,0.0,0.0,0.0,0.0,0.0,0.0,0.04,0.0,0.02,0.04
18,2,4,1,False,1.8872780406089145,0.11601182909228669,0,qEHVI,0.56,0.42,0.0,0.0,0.02,0.0,0.0,0.0,0.0,0.0,0.0,0.0,0.0,0.0,0.0
18,2,4,1,False,1.8872780406089145,0.11601182909228669,1,qEHVI,0.36,0.16,0.38,0.02,0.0,0.0,0.0,0.0,0.04,0.0,0.0,0.04,0.0,0.0,0.0
18,2,4,1,False,1.8872780406089145,0.11601182909228669,2,qEHVI,0.36,0.26,0.36,0.0,0.0,0.0,0.0,0.0,0.0,0.0,0.0,0.0,0.0,0.02,0.0
18,2,4,1,False,1.8872780406089145,0.11601182909228669,3,qEHVI,0.56,0.34,0.0,0.0,0.04,0.0,0.0,0.0,0.02,0.0,0.0,0.0,0.0,0.0,0.04
18,2,4,1,False,1.8872780406089145,0.11601182909228669,4,qUCB,0.44,0.04,0.42,0.04,0.0,0.0,0.0,0.0,0.02,0.0,0.0,0.0,0.0,0.0,0.04
18,3,3,2,True,1.6846627893068415,0.23888795766614523,0,qEHVI,0.56,0.42,0.0,0.0,0.02,0.0,0.0,0.0,0.0,0.0,0.0,0.0,0.0,0.0,0.0
18,3,3,2,True,1.6846627893068415,0.23888795766614523,1,qEHVI,0.36,0.16,0.38,0.02,0.0,0.0,0.0,0.0,0.04,0.0,0.0,0.04,0.0,0.0,0.0
18,3,3,2,True,1.6846627893068415,0.23888795766614523,2,qEHVI,0.36,0.26,0.36,0.0,0.0,0.0,0.0,0.0,0.0,0.0,0.0,0.0,0.0,0.02,0.0
18,3,3,2,True,1.6846627893068415,0.23888795766614523,3,qUCB,0.44,0.04,0.42,0.04,0.0,0.0,0.0,0.0,0.02,0.0,0.0,0.0,0.0,0.0,0.04
18,3,3,2,True,1.6846627893068415,0.23888795766614523,4,qUCB,0.18,0.1,0.62,0.0,0.02,0.0,0.0,0.0,0.04,0.0,0.0,0.0,0.0,0.0,0.04
18,4,2,3,False,1.4336928871106562,0.2489926594830263,0,qEHVI,0.56,0.42,0.0,0.0,0.02,0.0,0.0,0.0,0.0,0.0,0.0,0.0,0.0,0.0,0.0
18,4,2,3,False,1.4336928871106562,0.2489926594830263,1,qEHVI,0.36,0.16,0.38,0.02,0.0,0.0,0.0,0.0,0.04,0.0,0.0,0.04,0.0,0.0,0.0
18,4,2,3,False,1.4336928871106562,0.2489926594830263,2,qUCB,0.38,0.1,0.42,0.04,0.0,0.0,0.0,0.0,0.0,0.0,0.0,0.0,0.0,0.04,0.02
18,4,2,3,False,1.4336928871106562,0.2489926594830263,3,qUCB,0.2,0.08,0.62,0.0,0.0,0.0,0.0,0.0,0.0,0.0,0.0,0.02,0.0,0.04,0.04
18,4,2,3,False,1.4336928871106562,0.2489926594830263,4,qUCB,0.12,0.0,0.78,0.04,0.02,0.0,0.0,0.0,0.0,0.0,0.0,0.0,0.0,0.0,0.04
18,5,1,4,False,1.1530551490047936,0.1550466613544037,0,qEHVI,0.56,0.42,0.0,0.0,0.02,0.0,0.0,0.0,0.0,0.0,0.0,0.0,0.0,0.0,0.0
18,5,1,4,False,1.1530551490047936,0.1550466613544037,1,qUCB,0.42,0.08,0.4,0.0,0.0,0.0,0.0,0.0,0.0,0.0,0.0,0.04,0.0,0.02,0.04
18,5,1,4,False,1.1530551490047936,0.1550466613544037,2,qUCB,0.2,0.08,0.62,0.0,0.0,0.0,0.0,0.0,0.0,0.0,0.0,0.02,0.0,0.04,0.04
18,5,1,4,False,1.1530551490047936,0.1550466613544037,3,qUCB,0.1,0.0,0.8,0.04,0.0,0.0,0.0,0.0,0.04,0.0,0.0,0.0,0.0,0.02,0.0
18,5,1,4,False,1.1530551490047936,0.1550466613544037,4,qUCB,0.0,0.28,0.64,0.0,0.0,0.0,0.0,0.0,0.0,0.0,0.0,0.04,0.0,0.0,0.04
18,6,0,5,False,1.1489777031992605,0.2515709052836552,0,qUCB,0.56,0.42,0.0,0.0,0.02,0.0,0.0,0.0,0.0,0.0,0.0,0.0,0.0,0.0,0.0
18,6,0,5,False,1.1489777031992605,0.2515709052836552,1,qUCB,0.28,0.26,0.36,0.04,0.02,0.0,0.0,0.0,0.0,0.0,0.0,0.04,0.0,0.0,0.0
18,6,0,5,False,1.1489777031992605,0.2515709052836552,2,qUCB,0.18,0.1,0.62,0.0,0.02,0.0,0.0,0.0,0.04,0.0,0.0,0.0,0.0,0.0,0.04
18,6,0,5,False,1.1489777031992605,0.2515709052836552,3,qUCB,0.12,0.0,0.88,0.0,0.0,0.0,0.0,0.0,0.0,0.0,0.0,0.0,0.0,0.0,0.0
18,6,0,5,False,1.1489777031992605,0.2515709052836552,4,qUCB,0.24,0.04,0.64,0.04,0.0,0.0,0.0,0.0,0.0,0.0,0.0,0.0,0.0,0.0,0.04
19,1,5,0,False,0.8580122575422665,0.03369806873668857,0,qEHVI,0.6,0.32,0.02,0.0,0.02,0.0,0.0,0.0,0.0,0.0,0.0,0.0,0.0,0.0,0.04
19,1,5,0,False,0.8580122575422665,0.03369806873668857,1,qEHVI,0.46,0.04,0.4,0.0,0.02,0.0,0.0,0.0,0.02,0.0,0.0,0.0,0.0,0.02,0.04
19,1,5,0,False,0.8580122575422665,0.03369806873668857,2,qEHVI,0.42,0.14,0.36,0.0,0.0,0.0,0.0,0.0,0.0,0.0,0.0,0.04,0.0,0.0,0.04
19,1,5,0,False,0.8580122575422665,0.03369806873668857,3,qEHVI,0.58,0.32,0.04,0.0,0.0,0.0,0.0,0.0,0.0,0.0,0.0,0.04,0.0,0.0,0.02
19,1,5,0,False,0.8580122575422665,0.03369806873668857,4,qEHVI,0.42,0.0,0.52,0.04,0.0,0.0,0.0,0.0,0.02,0.0,0.0,0.0,0.0,0.0,0.0
19,2,4,1,False,0.7539180293826162,0.2039724838132546,0,qEHVI,0.6,0.32,0.02,0.0,0.02,0.0,0.0,0.0,0.0,0.0,0.0,0.0,0.0,0.0,0.04
19,2,4,1,False,0.7539180293826162,0.2039724838132546,1,qEHVI,0.46,0.04,0.4,0.0,0.02,0.0,0.0,0.0,0.02,0.0,0.0,0.0,0.0,0.02,0.04
19,2,4,1,False,0.7539180293826162,0.2039724838132546,2,qEHVI,0.42,0.14,0.36,0.0,0.0,0.0,0.0,0.0,0.0,0.0,0.0,0.04,0.0,0.0,0.04
19,2,4,1,False,0.7539180293826162,0.2039724838132546,3,qEHVI,0.58,0.32,0.04,0.0,0.0,0.0,0.0,0.0,0.0,0.0,0.0,0.04,0.0,0.0,0.02
19,2,4,1,False,0.7539180293826162,0.2039724838132546,4,qUCB,0.34,0.12,0.44,0.04,0.0,0.0,0.0,0.0,0.0,0.0,0.0,0.02,0.0,0.04,0.0
19,3,3,2,True,0.6579701934461197,0.24212024748478633,0,qEHVI,0.6,0.32,0.02,0.0,0.02,0.0,0.0,0.0,0.0,0.0,0.0,0.0,0.0,0.0,0.04
19,3,3,2,True,0.6579701934461197,0.24212024748478633,1,qEHVI,0.46,0.04,0.4,0.0,0.02,0.0,0.0,0.0,0.02,0.0,0.0,0.0,0.0,0.02,0.04
19,3,3,2,True,0.6579701934461197,0.24212024748478633,2,qEHVI,0.42,0.14,0.36,0.0,0.0,0.0,0.0,0.0,0.0,0.0,0.0,0.04,0.0,0.0,0.04
19,3,3,2,True,0.6579701934461197,0.24212024748478633,3,qUCB,0.34,0.12,0.44,0.04,0.0,0.0,0.0,0.0,0.0,0.0,0.0,0.02,0.0,0.04,0.0
19,3,3,2,True,0.6579701934461197,0.24212024748478633,4,qUCB,0.42,0.14,0.4,0.04,0.0,0.0,0.0,0.0,0.0,0.0,0.0,0.0,0.0,0.0,0.0
19,4,2,3,False,0.580247995376656,0.10643846603187068,0,qEHVI,0.6,0.32,0.02,0.0,0.02,0.0,0.0,0.0,0.0,0.0,0.0,0.0,0.0,0.0,0.04
19,4,2,3,False,0.580247995376656,0.10643846603187068,1,qEHVI,0.46,0.04,0.4,0.0,0.02,0.0,0.0,0.0,0.02,0.0,0.0,0.0,0.0,0.02,0.04
19,4,2,3,False,0.580247995376656,0.10643846603187068,2,qUCB,0.42,0.06,0.42,0.04,0.02,0.0,0.0,0.0,0.0,0.0,0.0,0.04,0.0,0.0,0.0
19,4,2,3,False,0.580247995376656,0.10643846603187068,3,qUCB,0.3,0.18,0.42,0.04,0.0,0.0,0.0,0.0,0.02,0.0,0.0,0.04,0.0,0.0,0.0
19,4,2,3,False,0.580247995376656,0.10643846603187068,4,qUCB,0.1,0.0,0.84,0.04,0.0,0.0,0.0,0.0,0.0,0.0,0.0,0.02,0.0,0.0,0.0
19,5,1,4,False,0.46707178573188607,0.18904812944657046,0,qEHVI,0.6,0.32,0.02,0.0,0.02,0.0,0.0,0.0,0.0,0.0,0.0,0.0,0.0,0.0,0.04
19,5,1,4,False,0.46707178573188607,0.18904812944657046,1,qUCB,0.42,0.1,0.38,0.0,0.0,0.0,0.0,0.0,0.04,0.0,0.0,0.02,0.0,0.04,0.0
19,5,1,4,False,0.46707178573188607,0.18904812944657046,2,qUCB,0.4,0.08,0.42,0.02,0.0,0.0,0.0,0.0,0.0,0.0,0.0,0.04,0.0,0.04,0.0
19,5,1,4,False,0.46707178573188607,0.18904812944657046,3,qUCB,0.08,0.0,0.8200000000000001,0.04,0.0,0.0,0.0,0.0,0.0,0.0,0.0,0.02,0.0,0.04,0.0
19,5,1,4,False,0.46707178573188607,0.18904812944657046,4,qUCB,0.0,0.22,0.68,0.0,0.0,0.0,0.0,0.0,0.02,0.0,0.0,0.04,0.0,0.04,0.0
19,6,0,5,False,0.3408314838215752,0.18853840447045522,0,qUCB,0.38,0.12,0.4,0.02,0.0,0.0,0.0,0.0,0.0,0.0,0.0,0.04,0.0,0.0,0.04
19,6,0,5,False,0.3408314838215752,0.18853840447045522,1,qUCB,0.92,0.0,0.08,0.0,0.0,0.0,0.0,0.0,0.0,0.0,0.0,0.0,0.0,0.0,0.0
19,6,0,5,False,0.3408314838215752,0.18853840447045522,2,qUCB,0.46,0.1,0.38,0.0,0.02,0.0,0.0,0.0,0.02,0.0,0.0,0.02,0.0,0.0,0.0
19,6,0,5,False,0.3408314838215752,0.18853840447045522,3,qUCB,0.42,0.06,0.42,0.04,0.02,0.0,0.0,0.0,0.0,0.0,0.0,0.04,0.0,0.0,0.0
19,6,0,5,False,0.3408314838215752,0.18853840447045522,4,qUCB,0.96,0.0,0.02,0.0,0.0,0.0,0.0,0.0,0.0,0.0,0.0,0.0,0.0,0.02,0.0
20,1,5,0,False,1.5192371811664722,0.1002908348071001,0,qEHVI,0.38,0.26,0.28,0.0,0.0,0.0,0.0,0.0,0.02,0.0,0.0,0.04,0.0,0.0,0.02
20,1,5,0,False,1.5192371811664722,0.1002908348071001,1,qEHVI,0.7000000000000001,0.0,0.22,0.04,0.0,0.0,0.0,0.0,0.0,0.0,0.0,0.0,0.0,0.0,0.04
20,1,5,0,False,1.5192371811664722,0.1002908348071001,2,qEHVI,0.34,0.16,0.4,0.02,0.02,0.0,0.0,0.0,0.04,0.0,0.0,0.0,0.0,0.02,0.0
20,1,5,0,False,1.5192371811664722,0.1002908348071001,3,qEHVI,0.36,0.28,0.26,0.0,0.0,0.0,0.0,0.0,0.0,0.0,0.0,0.04,0.0,0.02,0.04
20,1,5,0,False,1.5192371811664722,0.1002908348071001,4,qEHVI,0.36,0.14,0.4,0.04,0.02,0.0,0.0,0.0,0.0,0.0,0.0,0.04,0.0,0.0,0.0
20,2,4,1,False,1.389493944835242,0.20611067457159127,0,qEHVI,0.38,0.26,0.28,0.0,0.0,0.0,0.0,0.0,0.02,0.0,0.0,0.04,0.0,0.0,0.02
20,2,4,1,False,1.389493944835242,0.20611067457159127,1,qEHVI,0.7000000000000001,0.0,0.22,0.04,0.0,0.0,0.0,0.0,0.0,0.0,0.0,0.0,0.0,0.0,0.04
20,2,4,1,False,1.389493944835242,0.20611067457159127,2,qEHVI,0.34,0.16,0.4,0.02,0.02,0.0,0.0,0.0,0.04,0.0,0.0,0.0,0.0,0.02,0.0
20,2,4,1,False,1.389493944835242,0.20611067457159127,3,qEHVI,0.36,0.14,0.4,0.04,0.02,0.0,0.0,0.0,0.0,0.0,0.0,0.04,0.0,0.0,0.0
20,2,4,1,False,1.389493944835242,0.20611067457159127,4,qUCB,0.32,0.26,0.32,0.0,0.02,0.0,0.0,0.0,0.0,0.0,0.0,0.0,0.0,0.04,0.04
20,3,3,2,True,1.2324293615594055,0.024907499140137457,0,qEHVI,0.38,0.26,0.28,0.0,0.0,0.0,0.0,0.0,0.02,0.0,0.0,0.04,0.0,0.0,0.02
20,3,3,2,True,1.2324293615594055,0.024907499140137457,1,qEHVI,0.7000000000000001,0.0,0.22,0.04,0.0,0.0,0.0,0.0,0.0,0.0,0.0,0.0,0.0,0.0,0.04
20,3,3,2,True,1.2324293615594055,0.024907499140137457,2,qEHVI,0.34,0.16,0.4,0.02,0.02,0.0,0.0,0.0,0.04,0.0,0.0,0.0,0.0,0.02,0.0
20,3,3,2,True,1.2324293615594055,0.024907499140137457,3,qUCB,0.32,0.26,0.32,0.0,0.02,0.0,0.0,0.0,0.0,0.0,0.0,0.0,0.0,0.04,0.04
20,3,3,2,True,1.2324293615594055,0.024907499140137457,4,qUCB,0.22,0.7000000000000001,0.0,0.0,0.04,0.0,0.0,0.0,0.0,0.0,0.0,0.0,0.0,0.0,0.04
20,4,2,3,False,1.1421575221514226,0.014637609311750843,0,qEHVI,0.38,0.26,0.28,0.0,0.0,0.0,0.0,0.0,0.02,0.0,0.0,0.04,0.0,0.0,0.02
20,4,2,3,False,1.1421575221514226,0.014637609311750843,1,qEHVI,0.7000000000000001,0.0,0.22,0.04,0.0,0.0,0.0,0.0,0.0,0.0,0.0,0.0,0.0,0.0,0.04
20,4,2,3,False,1.1421575221514226,0.014637609311750843,2,qUCB,0.34,0.16,0.42,0.0,0.04,0.0,0.0,0.0,0.0,0.0,0.0,0.0,0.0,0.04,0.0
20,4,2,3,False,1.1421575221514226,0.014637609311750843,3,qUCB,0.18,0.7000000000000001,0.02,0.04,0.02,0.0,0.0,0.0,0.0,0.0,0.0,0.0,0.0,0.04,0.0
20,4,2,3,False,1.1421575221514226,0.014637609311750843,4,qUCB,0.38,0.28,0.26,0.0,0.04,0.0,0.0,0.0,0.0,0.0,0.0,0.0,0.0,0.04,0.0
20,5,1,4,False,0.9036726680010847,0.2134841711085418,0,qEHVI,0.38,0.26,0.28,0.0,0.0,0.0,0.0,0.0,0.02,0.0,0.0,0.04,0.0,0.0,0.02
20,5,1,4,False,0.9036726680010847,0.2134841711085418,1,qUCB,0.32,0.16,0.42,0.04,0.04,0.0,0.0,0.0,0.0,0.0,0.0,0.0,0.0,0.02,0.0
20,5,1,4,False,0.9036726680010847,0.2134841711085418,2,qUCB,0.18,0.7000000000000001,0.02,0.04,0.02,0.0,0.0,0.0,0.0,0.0,0.0,0.0,0.0,0.04,0.0
20,5,1,4,False,0.9036726680010847,0.2134841711085418,3,qUCB,0.38,0.28,0.26,0.0,0.04,0.0,0.0,0.0,0.0,0.0,0.0,0.0,0.0,0.04,0.0
20,5,1,4,False,0.9036726680010847,0.2134841711085418,4,qUCB,0.02,0.56,0.42,0.0,0.0,0.0,0.0,0.0,0.0,0.0,0.0,0.0,0.0,0.0,0.0
20,6,0,5,False,0.8277598912092201,0.13389688303142755,0,qUCB,0.38,0.14,0.42,0.0,0.0,0.0,0.0,0.0,0.02,0.0,0.0,0.0,0.0,0.04,0.0
20,6,0,5,False,0.8277598912092201,0.13389688303142755,1,qUCB,0.02,0.56,0.42,0.0,0.0,0.0,0.0,0.0,0.0,0.0,0.0,0.0,0.0,0.0,0.0
20,6,0,5,False,0.8277598912092201,0.13389688303142755,2,qUCB,0.42,0.26,0.26,0.0,0.0,0.0,0.0,0.0,0.02,0.0,0.0,0.04,0.0,0.0,0.0
20,6,0,5,False,0.8277598912092201,0.13389688303142755,3,qUCB,0.22,0.68,0.0,0.04,0.0,0.0,0.0,0.0,0.02,0.0,0.0,0.04,0.0,0.0,0.0
20,6,0,5,False,0.8277598912092201,0.13389688303142755,4,qUCB,0.0,0.36,0.6,0.0,0.0,0.0,0.0,0.0,0.0,0.0,0.0,0.02,0.0,0.02,0.0
21,1,5,0,False,0.7831195761156039,0.14749677833437858,0,qEHVI,0.4,0.14,0.38,0.0,0.0,0.0,0.0,0.0,0.0,0.0,0.0,0.0,0.0,0.04,0.04
21,1,5,0,False,0.7831195761156039,0.14749677833437858,1,qEHVI,0.38,0.22,0.32,0.0,0.0,0.0,0.0,0.0,0.04,0.0,0.0,0.02,0.0,0.02,0.0
21,1,5,0,False,0.7831195761156039,0.14749677833437858,2,qEHVI,0.72,0.2,0.0,0.0,0.04,0.0,0.0,0.0,0.0,0.0,0.0,0.0,0.0,0.0,0.04
21,1,5,0,False,0.7831195761156039,0.14749677833437858,3,qEHVI,0.48,0.04,0.4,0.0,0.0,0.0,0.0,0.0,0.0,0.0,0.0,0.02,0.0,0.02,0.04
21,1,5,0,False,0.7831195761156039,0.14749677833437858,4,qEHVI,0.62,0.28,0.0,0.0,0.0,0.0,0.0,0.0,0.04,0.0,0.0,0.0,0.0,0.04,0.02
21,2,4,1,False,0.6820543961202519,0.5119164004636652,0,qEHVI,0.4,0.14,0.38,0.0,0.0,0.0,0.0,0.0,0.0,0.0,0.0,0.0,0.0,0.04,0.04
21,2,4,1,False,0.6820543961202519,0.5119164004636652,1,qEHVI,0.38,0.22,0.32,0.0,0.0,0.0,0.0,0.0,0.04,0.0,0.0,0.02,0.0,0.02,0.0
21,2,4,1,False,0.6820543961202519,0.5119164004636652,2,qEHVI,0.72,0.2,0.0,0.0,0.04,0.0,0.0,0.0,0.0,0.0,0.0,0.0,0.0,0.0,0.04
21,2,4,1,False,0.6820543961202519,0.5119164004636652,3,qEHVI,0.48,0.04,0.4,0.0,0.0,0.0,0.0,0.0,0.0,0.0,0.0,0.02,0.0,0.02,0.04
21,2,4,1,False,0.6820543961202519,0.5119164004636652,4,qUCB,0.36,0.16,0.38,0.04,0.04,0.0,0.0,0.0,0.0,0.0,0.0,0.0,0.0,0.02,0.0
21,3,3,2,True,0.5968099824419787,0.46971272279667353,0,qEHVI,0.4,0.14,0.38,0.0,0.0,0.0,0.0,0.0,0.0,0.0,0.0,0.0,0.0,0.04,0.04
21,3,3,2,True,0.5968099824419787,0.46971272279667353,1,qEHVI,0.38,0.22,0.32,0.0,0.0,0.0,0.0,0.0,0.04,0.0,0.0,0.02,0.0,0.02,0.0
21,3,3,2,True,0.5968099824419787,0.46971272279667353,2,qEHVI,0.72,0.2,0.0,0.0,0.04,0.0,0.0,0.0,0.0,0.0,0.0,0.0,0.0,0.0,0.04
21,3,3,2,True,0.5968099824419787,0.46971272279667353,3,qUCB,0.46,0.0,0.44,0.04,0.02,0.0,0.0,0.0,0.0,0.0,0.0,0.04,0.0,0.0,0.0
21,3,3,2,True,0.5968099824419787,0.46971272279667353,4,qUCB,0.36,0.16,0.38,0.04,0.04,0.0,0.0,0.0,0.0,0.0,0.0,0.0,0.0,0.02,0.0
21,4,2,3,False,0.4762687916125348,0.27560638122610737,0,qEHVI,0.4,0.14,0.38,0.0,0.0,0.0,0.0,0.0,0.0,0.0,0.0,0.0,0.0,0.04,0.04
21,4,2,3,False,0.4762687916125348,0.27560638122610737,1,qEHVI,0.38,0.22,0.32,0.0,0.0,0.0,0.0,0.0,0.04,0.0,0.0,0.02,0.0,0.02,0.0
21,4,2,3,False,0.4762687916125348,0.27560638122610737,2,qUCB,0.36,0.16,0.38,0.04,0.04,0.0,0.0,0.0,0.0,0.0,0.0,0.0,0.0,0.02,0.0
21,4,2,3,False,0.4762687916125348,0.27560638122610737,3,qUCB,0.6,0.26,0.04,0.04,0.04,0.0,0.0,0.0,0.0,0.0,0.0,0.0,0.0,0.02,0.0
21,4,2,3,False,0.4762687916125348,0.27560638122610737,4,qUCB,0.4,0.32,0.18,0.0,0.04,0.0,0.0,0.0,0.0,0.0,0.0,0.04,0.0,0.0,0.02
21,5,1,4,False,0.4228542037691458,0.45667303642566504,0,qEHVI,0.4,0.14,0.38,0.0,0.0,0.0,0.0,0.0,0.0,0.0,0.0,0.0,0.0,0.04,0.04
21,5,1,4,False,0.4228542037691458,0.45667303642566504,1,qUCB,0.5,0.02,0.38,0.0,0.02,0.0,0.0,0.0,0.04,0.0,0.0,0.04,0.0,0.0,0.0
21,5,1,4,False,0.4228542037691458,0.45667303642566504,2,qUCB,0.3,0.34,0.26,0.0,0.04,0.0,0.0,0.0,0.04,0.0,0.0,0.02,0.0,0.0,0.0
21,5,1,4,False,0.4228542037691458,0.45667303642566504,3,qUCB,0.68,0.14,0.08,0.0,0.04,0.0,0.0,0.0,0.02,0.0,0.0,0.04,0.0,0.0,0.0
21,5,1,4,False,0.4228542037691458,0.45667303642566504,4,qUCB,0.32,0.24,0.34,0.04,0.02,0.0,0.0,0.0,0.0,0.0,0.0,0.04,0.0,0.0,0.0
21,6,0,5,False,0.4589737553712877,0.5509187074245192,0,qUCB,0.38,0.12,0.4,0.0,0.0,0.0,0.0,0.0,0.04,0.0,0.0,0.0,0.0,0.02,0.04
21,6,0,5,False,0.4589737553712877,0.5509187074245192,1,qUCB,0.4,0.14,0.38,0.0,0.0,0.0,0.0,0.0,0.0,0.0,0.0,0.0,0.0,0.04,0.04
21,6,0,5,False,0.4589737553712877,0.5509187074245192,2,qUCB,0.3,0.34,0.26,0.0,0.04,0.0,0.0,0.0,0.04,0.0,0.0,0.02,0.0,0.0,0.0
21,6,0,5,False,0.4589737553712877,0.5509187074245192,3,qUCB,0.4,0.1,0.4,0.0,0.0,0.0,0.0,0.0,0.0,0.0,0.0,0.04,0.0,0.04,0.02
21,6,0,5,False,0.4589737553712877,0.5509187074245192,4,qUCB,0.4,0.32,0.18,0.0,0.04,0.0,0.0,0.0,0.0,0.0,0.0,0.04,0.0,0.0,0.02
22,1,5,0,False,1.047306447044066,0.2324053167261333,0,qEHVI,0.36,0.14,0.4,0.02,0.0,0.0,0.0,0.0,0.0,0.0,0.0,0.04,0.0,0.04,0.0
22,1,5,0,False,1.047306447044066,0.2324053167261333,1,qEHVI,0.68,0.02,0.2,0.0,0.02,0.0,0.0,0.0,0.04,0.0,0.0,0.04,0.0,0.0,0.0
22,1,5,0,False,1.047306447044066,0.2324053167261333,2,qEHVI,0.68,0.16,0.06,0.0,0.0,0.0,0.0,0.0,0.0,0.0,0.0,0.04,0.0,0.02,0.04
22,1,5,0,False,1.047306447044066,0.2324053167261333,3,qEHVI,0.0,0.84,0.14,0.0,0.0,0.0,0.0,0.0,0.02,0.0,0.0,0.0,0.0,0.0,0.0
22,1,5,0,False,1.047306447044066,0.2324053167261333,4,qEHVI,0.66,0.22,0.02,0.0,0.02,0.0,0.0,0.0,0.0,0.0,0.0,0.0,0.0,0.04,0.04
22,2,4,1,False,1.0013585205674833,0.0813811321102671,0,qEHVI,0.36,0.14,0.4,0.02,0.0,0.0,0.0,0.0,0.0,0.0,0.0,0.04,0.0,0.04,0.0
22,2,4,1,False,1.0013585205674833,0.0813811321102671,1,qEHVI,0.68,0.02,0.2,0.0,0.02,0.0,0.0,0.0,0.04,0.0,0.0,0.04,0.0,0.0,0.0
22,2,4,1,False,1.0013585205674833,0.0813811321102671,2,qEHVI,0.68,0.16,0.06,0.0,0.0,0.0,0.0,0.0,0.0,0.0,0.0,0.04,0.0,0.02,0.04
22,2,4,1,False,1.0013585205674833,0.0813811321102671,3,qEHVI,0.0,0.84,0.14,0.0,0.0,0.0,0.0,0.0,0.02,0.0,0.0,0.0,0.0,0.0,0.0
22,2,4,1,False,1.0013585205674833,0.0813811321102671,4,qUCB,0.38,0.1,0.42,0.02,0.04,0.0,0.0,0.0,0.0,0.0,0.0,0.0,0.0,0.0,0.04
22,3,3,2,True,0.814940642996483,0.041671235284854724,0,qEHVI,0.36,0.14,0.4,0.02,0.0,0.0,0.0,0.0,0.0,0.0,0.0,0.04,0.0,0.04,0.0
22,3,3,2,True,0.814940642996483,0.041671235284854724,1,qEHVI,0.68,0.02,0.2,0.0,0.02,0.0,0.0,0.0,0.04,0.0,0.0,0.04,0.0,0.0,0.0
22,3,3,2,True,0.814940642996483,0.041671235284854724,2,qEHVI,0.0,0.84,0.14,0.0,0.0,0.0,0.0,0.0,0.02,0.0,0.0,0.0,0.0,0.0,0.0
22,3,3,2,True,0.814940642996483,0.041671235284854724,3,qUCB,0.38,0.1,0.42,0.02,0.04,0.0,0.0,0.0,0.0,0.0,0.0,0.0,0.0,0.0,0.04
22,3,3,2,True,0.814940642996483,0.041671235284854724,4,qUCB,0.0,0.52,0.4,0.04,0.0,0.0,0.0,0.0,0.0,0.0,0.0,0.0,0.0,0.0,0.04
22,4,2,3,False,0.8214748382646508,0.008900379194788144,0,qEHVI,0.36,0.14,0.4,0.02,0.0,0.0,0.0,0.0,0.0,0.0,0.0,0.04,0.0,0.04,0.0
22,4,2,3,False,0.8214748382646508,0.008900379194788144,1,qEHVI,0.68,0.02,0.2,0.0,0.02,0.0,0.0,0.0,0.04,0.0,0.0,0.04,0.0,0.0,0.0
22,4,2,3,False,0.8214748382646508,0.008900379194788144,2,qUCB,0.38,0.1,0.42,0.02,0.04,0.0,0.0,0.0,0.0,0.0,0.0,0.0,0.0,0.0,0.04
22,4,2,3,False,0.8214748382646508,0.008900379194788144,3,qUCB,0.02,0.78,0.12,0.0,0.04,0.0,0.0,0.0,0.0,0.0,0.0,0.0,0.0,0.0,0.04
22,4,2,3,False,0.8214748382646508,0.008900379194788144,4,qUCB,0.0,0.54,0.46,0.0,0.0,0.0,0.0,0.0,0.0,0.0,0.0,0.0,0.0,0.0,0.0
22,5,1,4,False,0.6041774543434439,0.12692919645455625,0,qEHVI,0.36,0.14,0.4,0.02,0.0,0.0,0.0,0.0,0.0,0.0,0.0,0.04,0.0,0.04,0.0
22,5,1,4,False,0.6041774543434439,0.12692919645455625,1,qUCB,0.32,0.22,0.36,0.0,0.02,0.0,0.0,0.0,0.04,0.0,0.0,0.0,0.0,0.0,0.04
22,5,1,4,False,0.6041774543434439,0.12692919645455625,2,qUCB,0.02,0.78,0.12,0.0,0.04,0.0,0.0,0.0,0.0,0.0,0.0,0.0,0.0,0.0,0.04
22,5,1,4,False,0.6041774543434439,0.12692919645455625,3,qUCB,0.0,0.54,0.46,0.0,0.0,0.0,0.0,0.0,0.0,0.0,0.0,0.0,0.0,0.0,0.0
22,5,1,4,False,0.6041774543434439,0.12692919645455625,4,qUCB,0.0,0.52,0.4,0.04,0.0,0.0,0.0,0.0,0.0,0.0,0.0,0.0,0.0,0.0,0.04
22,6,0,5,False,0.6641715680159965,0.04024402814451733,0,qUCB,0.36,0.14,0.4,0.02,0.0,0.0,0.0,0.0,0.0,0.0,0.0,0.04,0.0,0.04,0.0
22,6,0,5,False,0.6641715680159965,0.04024402814451733,1,qUCB,0.0,0.54,0.46,0.0,0.0,0.0,0.0,0.0,0.0,0.0,0.0,0.0,0.0,0.0,0.0
22,6,0,5,False,0.6641715680159965,0.04024402814451733,2,qUCB,0.0,0.36,0.6,0.02,0.0,0.0,0.0,0.0,0.0,0.0,0.0,0.02,0.0,0.0,0.0
22,6,0,5,False,0.6641715680159965,0.04024402814451733,3,qUCB,0.0,0.56,0.4,0.0,0.0,0.0,0.0,0.0,0.0,0.0,0.0,0.02,0.0,0.0,0.02
22,6,0,5,False,0.6641715680159965,0.04024402814451733,4,qUCB,0.0,0.48,0.48,0.0,0.0,0.0,0.0,0.0,0.0,0.0,0.0,0.04,0.0,0.0,0.0
23,1,5,0,False,1.5935375766745021,0.022611913209392487,0,qEHVI,0.52,0.38,0.02,0.0,0.04,0.0,0.0,0.0,0.0,0.0,0.0,0.04,0.0,0.0,0.0
23,1,5,0,False,1.5935375766745021,0.022611913209392487,1,qEHVI,0.68,0.18,0.04,0.0,0.0,0.0,0.0,0.0,0.02,0.0,0.0,0.0,0.0,0.04,0.04
23,1,5,0,False,1.5935375766745021,0.022611913209392487,2,qEHVI,0.0,0.6,0.38,0.0,0.02,0.0,0.0,0.0,0.0,0.0,0.0,0.0,0.0,0.0,0.0
23,1,5,0,False,1.5935375766745021,0.022611913209392487,3,qEHVI,0.58,0.32,0.0,0.0,0.02,0.0,0.0,0.0,0.0,0.0,0.0,0.04,0.0,0.04,0.0
23,1,5,0,False,1.5935375766745021,0.022611913209392487,4,qEHVI,0.4,0.12,0.38,0.02,0.04,0.0,0.0,0.0,0.0,0.0,0.0,0.04,0.0,0.0,0.0
23,2,4,1,False,1.419265549737379,0.2370148147272717,0,qEHVI,0.52,0.38,0.02,0.0,0.04,0.0,0.0,0.0,0.0,0.0,0.0,0.04,0.0,0.0,0.0
23,2,4,1,False,1.419265549737379,0.2370148147272717,1,qEHVI,0.68,0.18,0.04,0.0,0.0,0.0,0.0,0.0,0.02,0.0,0.0,0.0,0.0,0.04,0.04
23,2,4,1,False,1.419265549737379,0.2370148147272717,2,qEHVI,0.0,0.6,0.38,0.0,0.02,0.0,0.0,0.0,0.0,0.0,0.0,0.0,0.0,0.0,0.0
23,2,4,1,False,1.419265549737379,0.2370148147272717,3,qEHVI,0.58,0.32,0.0,0.0,0.02,0.0,0.0,0.0,0.0,0.0,0.0,0.04,0.0,0.04,0.0
23,2,4,1,False,1.419265549737379,0.2370148147272717,4,qUCB,0.54,0.0,0.36,0.04,0.0,0.0,0.0,0.0,0.04,0.0,0.0,0.02,0.0,0.0,0.0
23,3,3,2,True,1.3456043438121006,0.12080618981340963,0,qEHVI,0.52,0.38,0.02,0.0,0.04,0.0,0.0,0.0,0.0,0.0,0.0,0.04,0.0,0.0,0.0
23,3,3,2,True,1.3456043438121006,0.12080618981340963,1,qEHVI,0.68,0.18,0.04,0.0,0.0,0.0,0.0,0.0,0.02,0.0,0.0,0.0,0.0,0.04,0.04
23,3,3,2,True,1.3456043438121006,0.12080618981340963,2,qEHVI,0.0,0.6,0.38,0.0,0.02,0.0,0.0,0.0,0.0,0.0,0.0,0.0,0.0,0.0,0.0
23,3,3,2,True,1.3456043438121006,0.12080618981340963,3,qUCB,0.4,0.1,0.4,0.04,0.0,0.0,0.0,0.0,0.0,0.0,0.0,0.02,0.0,0.04,0.0
23,3,3,2,True,1.3456043438121006,0.12080618981340963,4,qUCB,0.54,0.0,0.36,0.04,0.0,0.0,0.0,0.0,0.04,0.0,0.0,0.02,0.0,0.0,0.0
23,4,2,3,False,1.1154984451166443,0.12695047012656202,0,qEHVI,0.52,0.38,0.02,0.0,0.04,0.0,0.0,0.0,0.0,0.0,0.0,0.04,0.0,0.0,0.0
23,4,2,3,False,1.1154984451166443,0.12695047012656202,1,qEHVI,0.68,0.18,0.04,0.0,0.0,0.0,0.0,0.0,0.02,0.0,0.0,0.0,0.0,0.04,0.04
23,4,2,3,False,1.1154984451166443,0.12695047012656202,2,qUCB,0.38,0.14,0.38,0.04,0.02,0.0,0.0,0.0,0.04,0.0,0.0,0.0,0.0,0.0,0.0
23,4,2,3,False,1.1154984451166443,0.12695047012656202,3,qUCB,0.02,0.38,0.6,0.0,0.0,0.0,0.0,0.0,0.0,0.0,0.0,0.0,0.0,0.0,0.0
23,4,2,3,False,1.1154984451166443,0.12695047012656202,4,qUCB,0.02,0.46,0.48,0.04,0.0,0.0,0.0,0.0,0.0,0.0,0.0,0.0,0.0,0.0,0.0
23,5,1,4,False,0.7853950814445051,0.184377388478425,0,qEHVI,0.52,0.38,0.02,0.0,0.04,0.0,0.0,0.0,0.0,0.0,0.0,0.04,0.0,0.0,0.0
23,5,1,4,False,0.7853950814445051,0.184377388478425,1,qUCB,0.38,0.1,0.42,0.04,0.0,0.0,0.0,0.0,0.0,0.0,0.0,0.0,0.0,0.02,0.04
23,5,1,4,False,0.7853950814445051,0.184377388478425,2,qUCB,0.0,0.54,0.36,0.0,0.0,0.0,0.0,0.0,0.04,0.0,0.0,0.0,0.0,0.02,0.04
23,5,1,4,False,0.7853950814445051,0.184377388478425,3,qUCB,0.18,0.36,0.36,0.04,0.0,0.0,0.0,0.0,0.0,0.0,0.0,0.0,0.0,0.04,0.02
23,5,1,4,False,0.7853950814445051,0.184377388478425,4,qUCB,0.08,0.02,0.8,0.04,0.0,0.0,0.0,0.0,0.04,0.0,0.0,0.0,0.0,0.0,0.02
23,6,0,5,False,1.159917251948819,0.009576774171968339,0,qUCB,0.46,0.42,0.02,0.0,0.02,0.0,0.0,0.0,0.0,0.0,0.0,0.04,0.0,0.04,0.0
23,6,0,5,False,1.159917251948819,0.009576774171968339,1,qUCB,0.0,0.6,0.38,0.0,0.02,0.0,0.0,0.0,0.0,0.0,0.0,0.0,0.0,0.0,0.0
23,6,0,5,False,1.159917251948819,0.009576774171968339,2,qUCB,0.02,0.38,0.6,0.0,0.0,0.0,0.0,0.0,0.0,0.0,0.0,0.0,0.0,0.0,0.0
23,6,0,5,False,1.159917251948819,0.009576774171968339,3,qUCB,0.0,0.48,0.5,0.02,0.0,0.0,0.0,0.0,0.0,0.0,0.0,0.0,0.0,0.0,0.0
23,6,0,5,False,1.159917251948819,0.009576774171968339,4,qUCB,0.24,0.32,0.34,0.04,0.0,0.0,0.0,0.0,0.0,0.0,0.0,0.04,0.0,0.02,0.0
24,1,5,0,False,0.9111135461425868,0.06669090634701647,0,qEHVI,0.42,0.16,0.38,0.0,0.0,0.0,0.0,0.0,0.0,0.0,0.0,0.02,0.0,0.02,0.0
24,1,5,0,False,0.9111135461425868,0.06669090634701647,1,qEHVI,0.54,0.32,0.04,0.0,0.0,0.0,0.0,0.0,0.0,0.0,0.0,0.04,0.0,0.04,0.02
24,1,5,0,False,0.9111135461425868,0.06669090634701647,2,qEHVI,0.42,0.0,0.48,0.02,0.04,0.0,0.0,0.0,0.0,0.0,0.0,0.0,0.0,0.04,0.0
24,1,5,0,False,0.9111135461425868,0.06669090634701647,3,qEHVI,0.64,0.0,0.3,0.0,0.04,0.0,0.0,0.0,0.0,0.0,0.0,0.0,0.0,0.0,0.02
24,1,5,0,False,0.9111135461425868,0.06669090634701647,4,qEHVI,0.44,0.1,0.36,0.04,0.02,0.0,0.0,0.0,0.0,0.0,0.0,0.04,0.0,0.0,0.0
24,2,4,1,False,0.8430417430134278,0.06812414913643039,0,qEHVI,0.42,0.16,0.38,0.0,0.0,0.0,0.0,0.0,0.0,0.0,0.0,0.02,0.0,0.02,0.0
24,2,4,1,False,0.8430417430134278,0.06812414913643039,1,qEHVI,0.54,0.32,0.04,0.0,0.0,0.0,0.0,0.0,0.0,0.0,0.0,0.04,0.0,0.04,0.02
24,2,4,1,False,0.8430417430134278,0.06812414913643039,2,qEHVI,0.42,0.0,0.48,0.02,0.04,0.0,0.0,0.0,0.0,0.0,0.0,0.0,0.0,0.04,0.0
24,2,4,1,False,0.8430417430134278,0.06812414913643039,3,qEHVI,0.64,0.0,0.3,0.0,0.04,0.0,0.0,0.0,0.0,0.0,0.0,0.0,0.0,0.0,0.02
24,2,4,1,False,0.8430417430134278,0.06812414913643039,4,qUCB,0.5,0.4,0.0,0.0,0.02,0.0,0.0,0.0,0.04,0.0,0.0,0.04,0.0,0.0,0.0
24,3,3,2,True,0.7655473128787192,0.16595697769116757,0,qEHVI,0.42,0.16,0.38,0.0,0.0,0.0,0.0,0.0,0.0,0.0,0.0,0.02,0.0,0.02,0.0
24,3,3,2,True,0.7655473128787192,0.16595697769116757,1,qEHVI,0.54,0.32,0.04,0.0,0.0,0.0,0.0,0.0,0.0,0.0,0.0,0.04,0.0,0.04,0.02
24,3,3,2,True,0.7655473128787192,0.16595697769116757,2,qEHVI,0.42,0.0,0.48,0.02,0.04,0.0,0.0,0.0,0.0,0.0,0.0,0.0,0.0,0.04,0.0
24,3,3,2,True,0.7655473128787192,0.16595697769116757,3,qUCB,0.66,0.18,0.06,0.0,0.04,0.0,0.0,0.0,0.02,0.0,0.0,0.0,0.0,0.0,0.04
24,3,3,2,True,0.7655473128787192,0.16595697769116757,4,qUCB,0.26,0.28,0.36,0.04,0.02,0.0,0.0,0.0,0.04,0.0,0.0,0.0,0.0,0.0,0.0
24,4,2,3,False,0.6625779240245917,0.12373611779361936,0,qEHVI,0.42,0.16,0.38,0.0,0.0,0.0,0.0,0.0,0.0,0.0,0.0,0.02,0.0,0.02,0.0
24,4,2,3,False,0.6625779240245917,0.12373611779361936,1,qEHVI,0.54,0.32,0.04,0.0,0.0,0.0,0.0,0.0,0.0,0.0,0.0,0.04,0.0,0.04,0.02
24,4,2,3,False,0.6625779240245917,0.12373611779361936,2,qUCB,0.66,0.18,0.06,0.0,0.04,0.0,0.0,0.0,0.02,0.0,0.0,0.0,0.0,0.0,0.04
24,4,2,3,False,0.6625779240245917,0.12373611779361936,3,qUCB,0.22,0.36,0.32,0.04,0.04,0.0,0.0,0.0,0.02,0.0,0.0,0.0,0.0,0.0,0.0
24,4,2,3,False,0.6625779240245917,0.12373611779361936,4,qUCB,0.7000000000000001,0.18,0.04,0.04,0.0,0.0,0.0,0.0,0.0,0.0,0.0,0.0,0.0,0.0,0.04
24,5,1,4,False,0.42164180747677554,0.06043652858527082,0,qEHVI,0.42,0.16,0.38,0.0,0.0,0.0,0.0,0.0,0.0,0.0,0.0,0.02,0.0,0.02,0.0
24,5,1,4,False,0.42164180747677554,0.06043652858527082,1,qUCB,0.66,0.18,0.06,0.0,0.04,0.0,0.0,0.0,0.02,0.0,0.0,0.0,0.0,0.0,0.04
24,5,1,4,False,0.42164180747677554,0.06043652858527082,2,qUCB,0.26,0.28,0.36,0.04,0.02,0.0,0.0,0.0,0.04,0.0,0.0,0.0,0.0,0.0,0.0
24,5,1,4,False,0.42164180747677554,0.06043652858527082,3,qUCB,0.0,0.74,0.16,0.0,0.0,0.0,0.0,0.0,0.02,0.0,0.0,0.04,0.0,0.0,0.04
24,5,1,4,False,0.42164180747677554,0.06043652858527082,4,qUCB,0.2,0.62,0.08,0.04,0.02,0.0,0.0,0.0,0.0,0.0,0.0,0.04,0.0,0.0,0.0
24,6,0,5,False,0.3395970985310689,0.45613345343268463,0,qUCB,0.48,0.4,0.04,0.0,0.0,0.0,0.0,0.0,0.0,0.0,0.0,0.04,0.0,0.04,0.0
24,6,0,5,False,0.3395970985310689,0.45613345343268463,1,qUCB,0.36,0.46,0.1,0.0,0.0,0.0,0.0,0.0,0.04,0.0,0.0,0.04,0.0,0.0,0.0
24,6,0,5,False,0.3395970985310689,0.45613345343268463,2,qUCB,0.22,0.32,0.36,0.04,0.0,0.0,0.0,0.0,0.0,0.0,0.0,0.04,0.0,0.0,0.02
24,6,0,5,False,0.3395970985310689,0.45613345343268463,3,qUCB,0.0,0.38,0.58,0.0,0.0,0.0,0.0,0.0,0.02,0.0,0.0,0.0,0.0,0.02,0.0
24,6,0,5,False,0.3395970985310689,0.45613345343268463,4,qUCB,0.26,0.54,0.1,0.04,0.02,0.0,0.0,0.0,0.0,0.0,0.0,0.04,0.0,0.0,0.0
25,1,5,0,False,0.830955218513392,0.2623269784844169,0,qEHVI,0.68,0.14,0.08,0.0,0.02,0.0,0.0,0.0,0.0,0.0,0.0,0.0,0.0,0.04,0.04
25,1,5,0,False,0.830955218513392,0.2623269784844169,1,qEHVI,0.36,0.16,0.38,0.0,0.04,0.0,0.0,0.0,0.0,0.0,0.0,0.04,0.0,0.02,0.0
25,1,5,0,False,0.830955218513392,0.2623269784844169,2,qEHVI,0.4,0.02,0.48,0.0,0.0,0.0,0.0,0.0,0.02,0.0,0.0,0.02,0.0,0.04,0.02
25,1,5,0,False,0.830955218513392,0.2623269784844169,3,qEHVI,0.66,0.22,0.02,0.02,0.0,0.0,0.0,0.0,0.0,0.0,0.0,0.02,0.0,0.02,0.04
25,1,5,0,False,0.830955218513392,0.2623269784844169,4,qEHVI,0.4,0.12,0.38,0.0,0.02,0.0,0.0,0.0,0.0,0.0,0.0,0.02,0.0,0.04,0.02
25,2,4,1,False,0.7447424133411041,0.11279738592854649,0,qEHVI,0.68,0.14,0.08,0.0,0.02,0.0,0.0,0.0,0.0,0.0,0.0,0.0,0.0,0.04,0.04
25,2,4,1,False,0.7447424133411041,0.11279738592854649,1,qEHVI,0.36,0.16,0.38,0.0,0.04,0.0,0.0,0.0,0.0,0.0,0.0,0.04,0.0,0.02,0.0
25,2,4,1,False,0.7447424133411041,0.11279738592854649,2,qEHVI,0.4,0.02,0.48,0.0,0.0,0.0,0.0,0.0,0.02,0.0,0.0,0.02,0.0,0.04,0.02
25,2,4,1,False,0.7447424133411041,0.11279738592854649,3,qEHVI,0.66,0.22,0.02,0.02,0.0,0.0,0.0,0.0,0.0,0.0,0.0,0.02,0.0,0.02,0.04
25,2,4,1,False,0.7447424133411041,0.11279738592854649,4,qUCB,0.48,0.06,0.38,0.04,0.0,0.0,0.0,0.0,0.04,0.0,0.0,0.0,0.0,0.0,0.0
25,3,3,2,True,0.6930589262521093,0.0504654854625457,0,qEHVI,0.68,0.14,0.08,0.0,0.02,0.0,0.0,0.0,0.0,0.0,0.0,0.0,0.0,0.04,0.04
25,3,3,2,True,0.6930589262521093,0.0504654854625457,1,qEHVI,0.36,0.16,0.38,0.0,0.04,0.0,0.0,0.0,0.0,0.0,0.0,0.04,0.0,0.02,0.0
25,3,3,2,True,0.6930589262521093,0.0504654854625457,2,qEHVI,0.4,0.02,0.48,0.0,0.0,0.0,0.0,0.0,0.02,0.0,0.0,0.02,0.0,0.04,0.02
25,3,3,2,True,0.6930589262521093,0.0504654854625457,3,qUCB,0.44,0.1,0.38,0.04,0.02,0.0,0.0,0.0,0.02,0.0,0.0,0.0,0.0,0.0,0.0
25,3,3,2,True,0.6930589262521093,0.0504654854625457,4,qUCB,0.0,0.98,0.0,0.0,0.0,0.0,0.0,0.0,0.02,0.0,0.0,0.0,0.0,0.0,0.0
25,4,2,3,False,0.4618669586056592,0.0474348113767885,0,qEHVI,0.68,0.14,0.08,0.0,0.02,0.0,0.0,0.0,0.0,0.0,0.0,0.0,0.0,0.04,0.04
25,4,2,3,False,0.4618669586056592,0.0474348113767885,1,qEHVI,0.36,0.16,0.38,0.0,0.04,0.0,0.0,0.0,0.0,0.0,0.0,0.04,0.0,0.02,0.0
25,4,2,3,False,0.4618669586056592,0.0474348113767885,2,qUCB,0.48,0.06,0.38,0.04,0.0,0.0,0.0,0.0,0.04,0.0,0.0,0.0,0.0,0.0,0.0
25,4,2,3,False,0.4618669586056592,0.0474348113767885,3,qUCB,0.0,0.98,0.0,0.0,0.0,0.0,0.0,0.0,0.02,0.0,0.0,0.0,0.0,0.0,0.0
25,4,2,3,False,0.4618669586056592,0.0474348113767885,4,qUCB,0.1,0.72,0.08,0.04,0.0,0.0,0.0,0.0,0.04,0.0,0.0,0.02,0.0,0.0,0.0
25,5,1,4,False,0.5506795821598844,0.1827409076771147,0,qEHVI,0.68,0.14,0.08,0.0,0.02,0.0,0.0,0.0,0.0,0.0,0.0,0.0,0.0,0.04,0.04
25,5,1,4,False,0.5506795821598844,0.1827409076771147,1,qUCB,0.42,0.42,0.08,0.0,0.0,0.0,0.0,0.0,0.04,0.0,0.0,0.04,0.0,0.0,0.0
25,5,1,4,False,0.5506795821598844,0.1827409076771147,2,qUCB,0.0,0.98,0.0,0.0,0.0,0.0,0.0,0.0,0.02,0.0,0.0,0.0,0.0,0.0,0.0
25,5,1,4,False,0.5506795821598844,0.1827409076771147,3,qUCB,0.0,0.5,0.46,0.0,0.0,0.0,0.0,0.0,0.0,0.0,0.0,0.04,0.0,0.0,0.0
25,5,1,4,False,0.5506795821598844,0.1827409076771147,4,qUCB,0.08,0.66,0.16,0.04,0.0,0.0,0.0,0.0,0.02,0.0,0.0,0.04,0.0,0.0,0.0
25,6,0,5,False,0.4813327501578706,0.0030367897569743008,0,qUCB,0.48,0.42,0.0,0.0,0.0,0.0,0.0,0.0,0.02,0.0,0.0,0.04,0.0,0.04,0.0
25,6,0,5,False,0.4813327501578706,0.0030367897569743008,1,qUCB,0.0,0.98,0.0,0.0,0.0,0.0,0.0,0.0,0.02,0.0,0.0,0.0,0.0,0.0,0.0
25,6,0,5,False,0.4813327501578706,0.0030367897569743008,2,qUCB,0.0,0.42,0.56,0.0,0.02,0.0,0.0,0.0,0.0,0.0,0.0,0.0,0.0,0.0,0.0
25,6,0,5,False,0.4813327501578706,0.0030367897569743008,3,qUCB,0.38,0.46,0.08,0.0,0.04,0.0,0.0,0.0,0.0,0.0,0.0,0.04,0.0,0.0,0.0
25,6,0,5,False,0.4813327501578706,0.0030367897569743008,4,qUCB,0.0,0.5,0.46,0.0,0.0,0.0,0.0,0.0,0.0,0.0,0.0,0.04,0.0,0.0,0.0
26,1,5,0,False,0.7812155406127533,0.1487286730637951,0,qEHVI,0.42,0.1,0.38,0.04,0.02,0.0,0.0,0.0,0.0,0.0,0.0,0.04,0.0,0.0,0.0
26,1,5,0,False,0.7812155406127533,0.1487286730637951,1,qEHVI,0.38,0.22,0.3,0.0,0.02,0.0,0.0,0.0,0.0,0.0,0.0,0.04,0.0,0.0,0.04
26,1,5,0,False,0.7812155406127533,0.1487286730637951,2,qEHVI,0.4,0.12,0.38,0.0,0.0,0.0,0.0,0.0,0.04,0.0,0.0,0.02,0.0,0.04,0.0
26,1,5,0,False,0.7812155406127533,0.1487286730637951,3,qEHVI,0.4,0.0,0.5,0.0,0.04,0.0,0.0,0.0,0.02,0.0,0.0,0.0,0.0,0.04,0.0
26,1,5,0,False,0.7812155406127533,0.1487286730637951,4,qEHVI,0.64,0.22,0.04,0.02,0.0,0.0,0.0,0.0,0.0,0.0,0.0,0.04,0.0,0.0,0.04
26,2,4,1,False,0.6730988860758184,0.08983330307586179,0,qEHVI,0.42,0.1,0.38,0.04,0.02,0.0,0.0,0.0,0.0,0.0,0.0,0.04,0.0,0.0,0.0
26,2,4,1,False,0.6730988860758184,0.08983330307586179,1,qEHVI,0.38,0.22,0.3,0.0,0.02,0.0,0.0,0.0,0.0,0.0,0.0,0.04,0.0,0.0,0.04
26,2,4,1,False,0.6730988860758184,0.08983330307586179,2,qEHVI,0.4,0.12,0.38,0.0,0.0,0.0,0.0,0.0,0.04,0.0,0.0,0.02,0.0,0.04,0.0
26,2,4,1,False,0.6730988860758184,0.08983330307586179,3,qEHVI,0.4,0.0,0.5,0.0,0.04,0.0,0.0,0.0,0.02,0.0,0.0,0.0,0.0,0.04,0.0
26,2,4,1,False,0.6730988860758184,0.08983330307586179,4,qUCB,0.32,0.18,0.4,0.04,0.0,0.0,0.0,0.0,0.04,0.0,0.0,0.0,0.0,0.0,0.02
26,3,3,2,True,0.5906016311706961,0.15614715942576218,0,qEHVI,0.42,0.1,0.38,0.04,0.02,0.0,0.0,0.0,0.0,0.0,0.0,0.04,0.0,0.0,0.0
26,3,3,2,True,0.5906016311706961,0.15614715942576218,1,qEHVI,0.38,0.22,0.3,0.0,0.02,0.0,0.0,0.0,0.0,0.0,0.0,0.04,0.0,0.0,0.04
26,3,3,2,True,0.5906016311706961,0.15614715942576218,2,qEHVI,0.4,0.12,0.38,0.0,0.0,0.0,0.0,0.0,0.04,0.0,0.0,0.02,0.0,0.04,0.0
26,3,3,2,True,0.5906016311706961,0.15614715942576218,3,qUCB,0.36,0.16,0.38,0.0,0.04,0.0,0.0,0.0,0.0,0.0,0.0,0.0,0.0,0.04,0.02
26,3,3,2,True,0.5906016311706961,0.15614715942576218,4,qUCB,0.0,0.42,0.56,0.0,0.0,0.0,0.0,0.0,0.0,0.0,0.0,0.0,0.0,0.02,0.0
26,4,2,3,False,0.5604377231100807,0.012708688363339993,0,qEHVI,0.42,0.1,0.38,0.04,0.02,0.0,0.0,0.0,0.0,0.0,0.0,0.04,0.0,0.0,0.0
26,4,2,3,False,0.5604377231100807,0.012708688363339993,1,qEHVI,0.38,0.22,0.3,0.0,0.02,0.0,0.0,0.0,0.0,0.0,0.0,0.04,0.0,0.0,0.04
26,4,2,3,False,0.5604377231100807,0.012708688363339993,2,qUCB,0.36,0.18,0.38,0.0,0.0,0.0,0.0,0.0,0.04,0.0,0.0,0.0,0.0,0.04,0.0
26,4,2,3,False,0.5604377231100807,0.012708688363339993,3,qUCB,0.0,0.42,0.56,0.0,0.0,0.0,0.0,0.0,0.0,0.0,0.0,0.0,0.0,0.02,0.0
26,4,2,3,False,0.5604377231100807,0.012708688363339993,4,qUCB,0.22,0.42,0.26,0.0,0.02,0.0,0.0,0.0,0.04,0.0,0.0,0.0,0.0,0.04,0.0
26,5,1,4,False,0.4546563934463018,0.39046788357177464,0,qEHVI,0.42,0.1,0.38,0.04,0.02,0.0,0.0,0.0,0.0,0.0,0.0,0.04,0.0,0.0,0.0
26,5,1,4,False,0.4546563934463018,0.39046788357177464,1,qUCB,0.36,0.14,0.4,0.0,0.0,0.0,0.0,0.0,0.02,0.0,0.0,0.0,0.0,0.04,0.04
26,5,1,4,False,0.4546563934463018,0.39046788357177464,2,qUCB,0.0,0.42,0.56,0.0,0.0,0.0,0.0,0.0,0.0,0.0,0.0,0.0,0.0,0.02,0.0
26,5,1,4,False,0.4546563934463018,0.39046788357177464,3,qUCB,0.08,0.48,0.34,0.0,0.0,0.0,0.0,0.0,0.02,0.0,0.0,0.0,0.0,0.04,0.04
26,5,1,4,False,0.4546563934463018,0.39046788357177464,4,qUCB,0.44,0.08,0.38,0.0,0.0,0.0,0.0,0.0,0.04,0.0,0.0,0.0,0.0,0.04,0.02
26,6,0,5,False,0.49458849657835613,0.03015990599119167,0,qUCB,0.42,0.1,0.38,0.04,0.02,0.0,0.0,0.0,0.0,0.0,0.0,0.04,0.0,0.0,0.0
26,6,0,5,False,0.49458849657835613,0.03015990599119167,1,qUCB,0.0,0.42,0.56,0.0,0.0,0.0,0.0,0.0,0.0,0.0,0.0,0.0,0.0,0.02,0.0
26,6,0,5,False,0.49458849657835613,0.03015990599119167,2,qUCB,0.4,0.44,0.08,0.0,0.02,0.0,0.0,0.0,0.02,0.0,0.0,0.04,0.0,0.0,0.0
26,6,0,5,False,0.49458849657835613,0.03015990599119167,3,qUCB,0.38,0.34,0.18,0.0,0.02,0.0,0.0,0.0,0.0,0.0,0.0,0.04,0.0,0.0,0.04
26,6,0,5,False,0.49458849657835613,0.03015990599119167,4,qUCB,0.0,0.32,0.62,0.0,0.02,0.0,0.0,0.0,0.0,0.0,0.0,0.04,0.0,0.0,0.0
27,1,5,0,False,0.7428319737091367,0.24642700115206528,0,qEHVI,0.38,0.12,0.4,0.04,0.02,0.0,0.0,0.0,0.0,0.0,0.0,0.02,0.0,0.0,0.02
27,1,5,0,False,0.7428319737091367,0.24642700115206528,1,qEHVI,0.68,0.2,0.02,0.0,0.0,0.0,0.0,0.0,0.0,0.0,0.0,0.02,0.0,0.04,0.04
27,1,5,0,False,0.7428319737091367,0.24642700115206528,2,qEHVI,0.44,0.04,0.42,0.04,0.0,0.0,0.0,0.0,0.0,0.0,0.0,0.04,0.0,0.0,0.02
27,1,5,0,False,0.7428319737091367,0.24642700115206528,3,qEHVI,0.0,0.54,0.44,0.0,0.02,0.0,0.0,0.0,0.0,0.0,0.0,0.0,0.0,0.0,0.0
27,1,5,0,False,0.7428319737091367,0.24642700115206528,4,qEHVI,0.0,0.34,0.64,0.0,0.0,0.0,0.0,0.0,0.02,0.0,0.0,0.0,0.0,0.0,0.0
27,2,4,1,False,0.5719859595020584,0.26254674571317516,0,qEHVI,0.38,0.12,0.4,0.04,0.02,0.0,0.0,0.0,0.0,0.0,0.0,0.02,0.0,0.0,0.02
27,2,4,1,False,0.5719859595020584,0.26254674571317516,1,qEHVI,0.68,0.2,0.02,0.0,0.0,0.0,0.0,0.0,0.0,0.0,0.0,0.02,0.0,0.04,0.04
27,2,4,1,False,0.5719859595020584,0.26254674571317516,2,qEHVI,0.44,0.04,0.42,0.04,0.0,0.0,0.0,0.0,0.0,0.0,0.0,0.04,0.0,0.0,0.02
27,2,4,1,False,0.5719859595020584,0.26254674571317516,3,qEHVI,0.0,0.34,0.64,0.0,0.0,0.0,0.0,0.0,0.02,0.0,0.0,0.0,0.0,0.0,0.0
27,2,4,1,False,0.5719859595020584,0.26254674571317516,4,qUCB,0.42,0.42,0.06,0.0,0.0,0.0,0.0,0.0,0.04,0.0,0.0,0.04,0.0,0.02,0.0
27,3,3,2,True,0.5178209751185492,0.011912802857951377,0,qEHVI,0.38,0.12,0.4,0.04,0.02,0.0,0.0,0.0,0.0,0.0,0.0,0.02,0.0,0.0,0.02
27,3,3,2,True,0.5178209751185492,0.011912802857951377,1,qEHVI,0.68,0.2,0.02,0.0,0.0,0.0,0.0,0.0,0.0,0.0,0.0,0.02,0.0,0.04,0.04
27,3,3,2,True,0.5178209751185492,0.011912802857951377,2,qEHVI,0.44,0.04,0.42,0.04,0.0,0.0,0.0,0.0,0.0,0.0,0.0,0.04,0.0,0.0,0.02
27,3,3,2,True,0.5178209751185492,0.011912802857951377,3,qUCB,0.4,0.1,0.4,0.02,0.0,0.0,0.0,0.0,0.04,0.0,0.0,0.0,0.0,0.04,0.0
27,3,3,2,True,0.5178209751185492,0.011912802857951377,4,qUCB,0.04,0.74,0.12,0.0,0.0,0.0,0.0,0.0,0.04,0.0,0.0,0.04,0.0,0.02,0.0
27,4,2,3,False,0.4380401380255117,0.06941465494623156,0,qEHVI,0.38,0.12,0.4,0.04,0.02,0.0,0.0,0.0,0.0,0.0,0.0,0.02,0.0,0.0,0.02
27,4,2,3,False,0.4380401380255117,0.06941465494623156,1,qEHVI,0.68,0.2,0.02,0.0,0.0,0.0,0.0,0.0,0.0,0.0,0.0,0.02,0.0,0.04,0.04
27,4,2,3,False,0.4380401380255117,0.06941465494623156,2,qUCB,0.4,0.1,0.4,0.02,0.0,0.0,0.0,0.0,0.04,0.0,0.0,0.0,0.0,0.04,0.0
27,4,2,3,False,0.4380401380255117,0.06941465494623156,3,qUCB,0.36,0.44,0.12,0.0,0.0,0.0,0.0,0.0,0.04,0.0,0.0,0.04,0.0,0.0,0.0
27,4,2,3,False,0.4380401380255117,0.06941465494623156,4,qUCB,0.04,0.74,0.12,0.0,0.0,0.0,0.0,0.0,0.04,0.0,0.0,0.04,0.0,0.02,0.0
27,5,1,4,False,0.2842276513220049,0.6101493376276208,0,qEHVI,0.38,0.12,0.4,0.04,0.02,0.0,0.0,0.0,0.0,0.0,0.0,0.02,0.0,0.0,0.02
27,5,1,4,False,0.2842276513220049,0.6101493376276208,1,qUCB,0.42,0.42,0.06,0.0,0.0,0.0,0.0,0.0,0.04,0.0,0.0,0.04,0.0,0.02,0.0
27,5,1,4,False,0.2842276513220049,0.6101493376276208,2,qUCB,0.04,0.74,0.12,0.0,0.0,0.0,0.0,0.0,0.04,0.0,0.0,0.04,0.0,0.02,0.0
27,5,1,4,False,0.2842276513220049,0.6101493376276208,3,qUCB,0.46,0.06,0.38,0.0,0.02,0.0,0.0,0.0,0.04,0.0,0.0,0.0,0.0,0.04,0.0
27,5,1,4,False,0.2842276513220049,0.6101493376276208,4,qUCB,0.14,0.42,0.34,0.0,0.0,0.0,0.0,0.0,0.04,0.0,0.0,0.02,0.0,0.04,0.0
27,6,0,5,False,0.3717600878186719,0.028362521705826538,0,qUCB,0.44,0.06,0.4,0.02,0.0,0.0,0.0,0.0,0.04,0.0,0.0,0.04,0.0,0.0,0.0
27,6,0,5,False,0.3717600878186719,0.028362521705826538,1,qUCB,0.36,0.46,0.08,0.0,0.0,0.0,0.0,0.0,0.02,0.0,0.0,0.04,0.0,0.04,0.0
27,6,0,5,False,0.3717600878186719,0.028362521705826538,2,qUCB,0.28,0.5,0.12,0.04,0.02,0.0,0.0,0.0,0.0,0.0,0.0,0.04,0.0,0.0,0.0
27,6,0,5,False,0.3717600878186719,0.028362521705826538,3,qUCB,0.0,0.32,0.62,0.0,0.0,0.0,0.0,0.0,0.02,0.0,0.0,0.04,0.0,0.0,0.0
27,6,0,5,False,0.3717600878186719,0.028362521705826538,4,qUCB,0.2,0.64,0.06,0.04,0.0,0.0,0.0,0.0,0.02,0.0,0.0,0.04,0.0,0.0,0.0
28,1,5,0,False,0.5375146861948449,0.17338127359626831,0,qEHVI,0.42,0.14,0.38,0.0,0.0,0.0,0.0,0.0,0.0,0.0,0.0,0.02,0.0,0.04,0.0
28,1,5,0,False,0.5375146861948449,0.17338127359626831,1,qEHVI,0.0,0.34,0.62,0.0,0.0,0.0,0.0,0.0,0.0,0.0,0.0,0.0,0.0,0.04,0.0
28,1,5,0,False,0.5375146861948449,0.17338127359626831,2,qEHVI,0.38,0.02,0.5,0.0,0.04,0.0,0.0,0.0,0.0,0.0,0.0,0.0,0.0,0.04,0.02
28,1,5,0,False,0.5375146861948449,0.17338127359626831,3,qEHVI,0.62,0.24,0.04,0.0,0.0,0.0,0.0,0.0,0.02,0.0,0.0,0.04,0.0,0.0,0.04
28,1,5,0,False,0.5375146861948449,0.17338127359626831,4,qEHVI,0.02,0.52,0.44,0.0,0.0,0.0,0.0,0.0,0.0,0.0,0.0,0.02,0.0,0.0,0.0
28,2,4,1,False,0.44946520686912733,0.02753027036544964,0,qEHVI,0.42,0.14,0.38,0.0,0.0,0.0,0.0,0.0,0.0,0.0,0.0,0.02,0.0,0.04,0.0
28,2,4,1,False,0.44946520686912733,0.02753027036544964,1,qEHVI,0.0,0.34,0.62,0.0,0.0,0.0,0.0,0.0,0.0,0.0,0.0,0.0,0.0,0.04,0.0
28,2,4,1,False,0.44946520686912733,0.02753027036544964,2,qEHVI,0.38,0.02,0.5,0.0,0.04,0.0,0.0,0.0,0.0,0.0,0.0,0.0,0.0,0.04,0.02
28,2,4,1,False,0.44946520686912733,0.02753027036544964,3,qEHVI,0.62,0.24,0.04,0.0,0.0,0.0,0.0,0.0,0.02,0.0,0.0,0.04,0.0,0.0,0.04
28,2,4,1,False,0.44946520686912733,0.02753027036544964,4,qUCB,0.38,0.08,0.46,0.04,0.0,0.0,0.0,0.0,0.04,0.0,0.0,0.0,0.0,0.0,0.0
28,3,3,2,True,0.37429636810694394,0.08817986902248998,0,qEHVI,0.42,0.14,0.38,0.0,0.0,0.0,0.0,0.0,0.0,0.0,0.0,0.02,0.0,0.04,0.0
28,3,3,2,True,0.37429636810694394,0.08817986902248998,1,qEHVI,0.38,0.02,0.5,0.0,0.04,0.0,0.0,0.0,0.0,0.0,0.0,0.0,0.0,0.04,0.02
28,3,3,2,True,0.37429636810694394,0.08817986902248998,2,qEHVI,0.66,0.22,0.04,0.04,0.0,0.0,0.0,0.0,0.0,0.0,0.0,0.0,0.0,0.0,0.04
28,3,3,2,True,0.37429636810694394,0.08817986902248998,3,qUCB,0.46,0.42,0.02,0.0,0.02,0.0,0.0,0.0,0.04,0.0,0.0,0.04,0.0,0.0,0.0
28,3,3,2,True,0.37429636810694394,0.08817986902248998,4,qUCB,0.12,0.0,0.78,0.04,0.02,0.0,0.0,0.0,0.04,0.0,0.0,0.0,0.0,0.0,0.0
28,4,2,3,False,0.3069903227720617,0.5300251055417042,0,qEHVI,0.42,0.14,0.38,0.0,0.0,0.0,0.0,0.0,0.0,0.0,0.0,0.02,0.0,0.04,0.0
28,4,2,3,False,0.3069903227720617,0.5300251055417042,1,qEHVI,0.66,0.22,0.04,0.04,0.0,0.0,0.0,0.0,0.0,0.0,0.0,0.0,0.0,0.0,0.04
28,4,2,3,False,0.3069903227720617,0.5300251055417042,2,qUCB,0.46,0.42,0.02,0.0,0.02,0.0,0.0,0.0,0.04,0.0,0.0,0.04,0.0,0.0,0.0
28,4,2,3,False,0.3069903227720617,0.5300251055417042,3,qUCB,0.12,0.0,0.78,0.04,0.02,0.0,0.0,0.0,0.04,0.0,0.0,0.0,0.0,0.0,0.0
28,4,2,3,False,0.3069903227720617,0.5300251055417042,4,qUCB,0.32,0.46,0.12,0.0,0.02,0.0,0.0,0.0,0.04,0.0,0.0,0.04,0.0,0.0,0.0
28,5,1,4,False,0.21535615819823176,0.11399885646694541,0,qEHVI,0.42,0.14,0.38,0.0,0.0,0.0,0.0,0.0,0.0,0.0,0.0,0.02,0.0,0.04,0.0
28,5,1,4,False,0.21535615819823176,0.11399885646694541,1,qUCB,0.4,0.12,0.38,0.0,0.02,0.0,0.0,0.0,0.04,0.0,0.0,0.0,0.0,0.0,0.04
28,5,1,4,False,0.21535615819823176,0.11399885646694541,2,qUCB,0.12,0.0,0.78,0.04,0.02,0.0,0.0,0.0,0.04,0.0,0.0,0.0,0.0,0.0,0.0
28,5,1,4,False,0.21535615819823176,0.11399885646694541,3,qUCB,0.14,0.7000000000000001,0.06,0.04,0.04,0.0,0.0,0.0,0.02,0.0,0.0,0.0,0.0,0.0,0.0
28,5,1,4,False,0.21535615819823176,0.11399885646694541,4,qUCB,0.32,0.4,0.18,0.0,0.04,0.0,0.0,0.0,0.02,0.0,0.0,0.0,0.0,0.0,0.04
28,6,0,5,False,0.2047830374835891,0.19640511553689866,0,qUCB,0.46,0.42,0.02,0.0,0.02,0.0,0.0,0.0,0.04,0.0,0.0,0.04,0.0,0.0,0.0
28,6,0,5,False,0.2047830374835891,0.19640511553689866,1,qUCB,0.32,0.46,0.12,0.0,0.02,0.0,0.0,0.0,0.04,0.0,0.0,0.04,0.0,0.0,0.0
28,6,0,5,False,0.2047830374835891,0.19640511553689866,2,qUCB,0.02,0.5,0.44,0.0,0.0,0.0,0.0,0.0,0.0,0.0,0.0,0.04,0.0,0.0,0.0
28,6,0,5,False,0.2047830374835891,0.19640511553689866,3,qUCB,0.38,0.38,0.16,0.0,0.0,0.0,0.0,0.0,0.0,0.0,0.0,0.04,0.0,0.0,0.04
28,6,0,5,False,0.2047830374835891,0.19640511553689866,4,qUCB,0.32,0.52,0.08,0.04,0.0,0.0,0.0,0.0,0.0,0.0,0.0,0.04,0.0,0.0,0.0
29,1,5,0,False,0.5535573511141614,0.104443943844716,0,qEHVI,0.54,0.32,0.04,0.0,0.02,0.0,0.0,0.0,0.0,0.0,0.0,0.04,0.0,0.04,0.0
29,1,5,0,False,0.5535573511141614,0.104443943844716,1,qEHVI,0.24,0.0,0.66,0.04,0.02,0.0,0.0,0.0,0.02,0.0,0.0,0.02,0.0,0.0,0.0
29,1,5,0,False,0.5535573511141614,0.104443943844716,2,qEHVI,0.66,0.18,0.06,0.0,0.02,0.0,0.0,0.0,0.0,0.0,0.0,0.0,0.0,0.04,0.04
29,1,5,0,False,0.5535573511141614,0.104443943844716,3,qEHVI,0.4,0.14,0.38,0.0,0.0,0.0,0.0,0.0,0.04,0.0,0.0,0.04,0.0,0.0,0.0
29,1,5,0,False,0.5535573511141614,0.104443943844716,4,qEHVI,0.44,0.02,0.44,0.02,0.02,0.0,0.0,0.0,0.0,0.0,0.0,0.02,0.0,0.02,0.02
29,2,4,1,False,0.515275758111198,0.10559340135821138,0,qEHVI,0.54,0.32,0.04,0.0,0.02,0.0,0.0,0.0,0.0,0.0,0.0,0.04,0.0,0.04,0.0
29,2,4,1,False,0.515275758111198,0.10559340135821138,1,qEHVI,0.24,0.0,0.66,0.04,0.02,0.0,0.0,0.0,0.02,0.0,0.0,0.02,0.0,0.0,0.0
29,2,4,1,False,0.515275758111198,0.10559340135821138,2,qEHVI,0.66,0.18,0.06,0.0,0.02,0.0,0.0,0.0,0.0,0.0,0.0,0.0,0.0,0.04,0.04
29,2,4,1,False,0.515275758111198,0.10559340135821138,3,qEHVI,0.4,0.14,0.38,0.0,0.0,0.0,0.0,0.0,0.04,0.0,0.0,0.04,0.0,0.0,0.0
29,2,4,1,False,0.515275758111198,0.10559340135821138,4,qUCB,0.42,0.1,0.38,0.0,0.02,0.0,0.0,0.0,0.0,0.0,0.0,0.04,0.0,0.0,0.04
29,3,3,2,True,0.5132686370691921,0.29588849420938423,0,qEHVI,0.54,0.32,0.04,0.0,0.02,0.0,0.0,0.0,0.0,0.0,0.0,0.04,0.0,0.04,0.0
29,3,3,2,True,0.5132686370691921,0.29588849420938423,1,qEHVI,0.24,0.0,0.66,0.04,0.02,0.0,0.0,0.0,0.02,0.0,0.0,0.02,0.0,0.0,0.0
29,3,3,2,True,0.5132686370691921,0.29588849420938423,2,qEHVI,0.66,0.18,0.06,0.0,0.02,0.0,0.0,0.0,0.0,0.0,0.0,0.0,0.0,0.04,0.04
29,3,3,2,True,0.5132686370691921,0.29588849420938423,3,qUCB,0.4,0.14,0.36,0.0,0.0,0.0,0.0,0.0,0.04,0.0,0.0,0.02,0.0,0.0,0.04
29,3,3,2,True,0.5132686370691921,0.29588849420938423,4,qUCB,0.02,0.5,0.4,0.0,0.0,0.0,0.0,0.0,0.0,0.0,0.0,0.04,0.0,0.0,0.04
29,4,2,3,False,0.3330549121577694,0.07349379027146608,0,qEHVI,0.54,0.32,0.04,0.0,0.02,0.0,0.0,0.0,0.0,0.0,0.0,0.04,0.0,0.04,0.0
29,4,2,3,False,0.3330549121577694,0.07349379027146608,1,qEHVI,0.24,0.0,0.66,0.04,0.02,0.0,0.0,0.0,0.02,0.0,0.0,0.02,0.0,0.0,0.0
29,4,2,3,False,0.3330549121577694,0.07349379027146608,2,qUCB,0.64,0.22,0.06,0.0,0.0,0.0,0.0,0.0,0.04,0.0,0.0,0.0,0.0,0.0,0.04
29,4,2,3,False,0.3330549121577694,0.07349379027146608,3,qUCB,0.26,0.46,0.2,0.0,0.0,0.0,0.0,0.0,0.04,0.0,0.0,0.0,0.0,0.0,0.04
29,4,2,3,False,0.3330549121577694,0.07349379027146608,4,qUCB,0.0,0.5,0.5,0.0,0.0,0.0,0.0,0.0,0.0,0.0,0.0,0.0,0.0,0.0,0.0
29,5,1,4,False,0.25441859675441125,0.0683386479876007,0,qEHVI,0.54,0.32,0.04,0.0,0.02,0.0,0.0,0.0,0.0,0.0,0.0,0.04,0.0,0.04,0.0
29,5,1,4,False,0.25441859675441125,0.0683386479876007,1,qUCB,0.4,0.1,0.4,0.04,0.02,0.0,0.0,0.0,0.04,0.0,0.0,0.0,0.0,0.0,0.0
29,5,1,4,False,0.25441859675441125,0.0683386479876007,2,qUCB,0.0,0.44,0.48,0.04,0.0,0.0,0.0,0.0,0.0,0.0,0.0,0.0,0.0,0.0,0.04
29,5,1,4,False,0.25441859675441125,0.0683386479876007,3,qUCB,0.0,0.8,0.1,0.04,0.0,0.0,0.0,0.0,0.04,0.0,0.0,0.0,0.0,0.0,0.02
29,5,1,4,False,0.25441859675441125,0.0683386479876007,4,qUCB,0.18,0.66,0.06,0.04,0.0,0.0,0.0,0.0,0.02,0.0,0.0,0.0,0.0,0.0,0.04
29,6,0,5,False,0.3320580585464017,0.08666496103532495,0,qUCB,0.5,0.38,0.02,0.0,0.02,0.0,0.0,0.0,0.0,0.0,0.0,0.04,0.0,0.04,0.0
29,6,0,5,False,0.3320580585464017,0.08666496103532495,1,qUCB,0.0,0.5,0.48,0.0,0.0,0.0,0.0,0.0,0.0,0.0,0.0,0.02,0.0,0.0,0.0
29,6,0,5,False,0.3320580585464017,0.08666496103532495,2,qUCB,0.22,0.0,0.68,0.04,0.0,0.0,0.0,0.0,0.0,0.0,0.0,0.04,0.0,0.0,0.02
29,6,0,5,False,0.3320580585464017,0.08666496103532495,3,qUCB,0.24,0.58,0.08,0.04,0.0,0.0,0.0,0.0,0.0,0.0,0.0,0.04,0.0,0.02,0.0
29,6,0,5,False,0.3320580585464017,0.08666496103532495,4,qUCB,0.3,0.48,0.14,0.04,0.0,0.0,0.0,0.0,0.0,0.0,0.0,0.04,0.0,0.0,0.0
30,1,5,0,False,0.6439081873087794,0.2300821992113793,0,qEHVI,0.0,0.52,0.46,0.0,0.0,0.0,0.0,0.0,0.0,0.0,0.0,0.02,0.0,0.0,0.0
30,1,5,0,False,0.6439081873087794,0.2300821992113793,1,qEHVI,0.0,0.34,0.62,0.0,0.0,0.0,0.0,0.0,0.0,0.0,0.0,0.04,0.0,0.0,0.0
30,1,5,0,False,0.6439081873087794,0.2300821992113793,2,qEHVI,0.42,0.12,0.4,0.0,0.0,0.0,0.0,0.0,0.02,0.0,0.0,0.0,0.0,0.04,0.0
30,1,5,0,False,0.6439081873087794,0.2300821992113793,3,qEHVI,0.44,0.02,0.44,0.02,0.0,0.0,0.0,0.0,0.0,0.0,0.0,0.0,0.0,0.04,0.04
30,1,5,0,False,0.6439081873087794,0.2300821992113793,4,qEHVI,0.4,0.1,0.4,0.02,0.02,0.0,0.0,0.0,0.02,0.0,0.0,0.04,0.0,0.0,0.0
30,2,4,1,False,0.5605507026798086,0.04097509242742614,0,qEHVI,0.0,0.52,0.46,0.0,0.0,0.0,0.0,0.0,0.0,0.0,0.0,0.02,0.0,0.0,0.0
30,2,4,1,False,0.5605507026798086,0.04097509242742614,1,qEHVI,0.42,0.12,0.4,0.0,0.0,0.0,0.0,0.0,0.02,0.0,0.0,0.0,0.0,0.04,0.0
30,2,4,1,False,0.5605507026798086,0.04097509242742614,2,qEHVI,0.0,0.34,0.62,0.0,0.0,0.0,0.0,0.0,0.0,0.0,0.0,0.04,0.0,0.0,0.0
30,2,4,1,False,0.5605507026798086,0.04097509242742614,3,qEHVI,0.44,0.02,0.44,0.02,0.0,0.0,0.0,0.0,0.0,0.0,0.0,0.0,0.0,0.04,0.04
30,2,4,1,False,0.5605507026798086,0.04097509242742614,4,qUCB,0.38,0.1,0.42,0.04,0.04,0.0,0.0,0.0,0.0,0.0,0.0,0.02,0.0,0.0,0.0
30,3,3,2,True,0.456482739110088,0.011497273235090422,0,qEHVI,0.0,0.52,0.46,0.0,0.0,0.0,0.0,0.0,0.0,0.0,0.0,0.02,0.0,0.0,0.0
30,3,3,2,True,0.456482739110088,0.011497273235090422,1,qEHVI,0.0,0.34,0.62,0.0,0.0,0.0,0.0,0.0,0.0,0.0,0.0,0.04,0.0,0.0,0.0
30,3,3,2,True,0.456482739110088,0.011497273235090422,2,qEHVI,0.42,0.12,0.4,0.0,0.0,0.0,0.0,0.0,0.02,0.0,0.0,0.0,0.0,0.04,0.0
30,3,3,2,True,0.456482739110088,0.011497273235090422,3,qUCB,0.44,0.06,0.4,0.0,0.04,0.0,0.0,0.0,0.02,0.0,0.0,0.0,0.0,0.0,0.04
30,3,3,2,True,0.456482739110088,0.011497273235090422,4,qUCB,0.26,0.54,0.1,0.04,0.02,0.0,0.0,0.0,0.04,0.0,0.0,0.0,0.0,0.0,0.0
30,4,2,3,False,0.3251539737518094,0.006742259133121209,0,qEHVI,0.0,0.52,0.46,0.0,0.0,0.0,0.0,0.0,0.0,0.0,0.0,0.02,0.0,0.0,0.0
30,4,2,3,False,0.3251539737518094,0.006742259133121209,1,qEHVI,0.0,0.34,0.62,0.0,0.0,0.0,0.0,0.0,0.0,0.0,0.0,0.04,0.0,0.0,0.0
30,4,2,3,False,0.3251539737518094,0.006742259133121209,2,qUCB,0.72,0.1,0.08,0.0,0.0,0.0,0.0,0.0,0.04,0.0,0.0,0.0,0.0,0.02,0.04
30,4,2,3,False,0.3251539737518094,0.006742259133121209,3,qUCB,0.26,0.54,0.1,0.04,0.02,0.0,0.0,0.0,0.04,0.0,0.0,0.0,0.0,0.0,0.0
30,4,2,3,False,0.3251539737518094,0.006742259133121209,4,qUCB,0.9,0.0,0.02,0.0,0.0,0.0,0.0,0.0,0.04,0.0,0.0,0.0,0.0,0.0,0.04
30,5,1,4,False,0.20983569950770628,0.05693429105350578,0,qEHVI,0.0,0.52,0.46,0.0,0.0,0.0,0.0,0.0,0.0,0.0,0.0,0.02,0.0,0.0,0.0
30,5,1,4,False,0.20983569950770628,0.05693429105350578,1,qUCB,0.72,0.1,0.08,0.0,0.0,0.0,0.0,0.0,0.04,0.0,0.0,0.0,0.0,0.02,0.04
30,5,1,4,False,0.20983569950770628,0.05693429105350578,2,qUCB,0.8,0.02,0.08,0.0,0.0,0.0,0.0,0.0,0.02,0.0,0.0,0.0,0.0,0.04,0.04
30,5,1,4,False,0.20983569950770628,0.05693429105350578,3,qUCB,0.26,0.54,0.1,0.04,0.02,0.0,0.0,0.0,0.04,0.0,0.0,0.0,0.0,0.0,0.0
30,5,1,4,False,0.20983569950770628,0.05693429105350578,4,qUCB,0.66,0.16,0.08,0.0,0.02,0.0,0.0,0.0,0.04,0.0,0.0,0.0,0.0,0.0,0.04
30,6,0,5,False,0.4077079277173971,0.018108859534567756,0,qUCB,0.52,0.38,0.0,0.0,0.0,0.0,0.0,0.0,0.02,0.0,0.0,0.04,0.0,0.04,0.0
30,6,0,5,False,0.4077079277173971,0.018108859534567756,1,qUCB,0.0,0.34,0.62,0.0,0.0,0.0,0.0,0.0,0.0,0.0,0.0,0.04,0.0,0.0,0.0
30,6,0,5,False,0.4077079277173971,0.018108859534567756,2,qUCB,0.3,0.5,0.1,0.04,0.0,0.0,0.0,0.0,0.02,0.0,0.0,0.04,0.0,0.0,0.0
30,6,0,5,False,0.4077079277173971,0.018108859534567756,3,qUCB,0.0,0.52,0.46,0.0,0.0,0.0,0.0,0.0,0.0,0.0,0.0,0.02,0.0,0.0,0.0
30,6,0,5,False,0.4077079277173971,0.018108859534567756,4,qUCB,0.34,0.56,0.0,0.04,0.0,0.0,0.0,0.0,0.02,0.0,0.0,0.04,0.0,0.0,0.0
31,1,5,0,False,0.5418112171800546,0.09448024351531892,0,qEHVI,0.34,0.16,0.4,0.04,0.0,0.0,0.0,0.0,0.0,0.0,0.0,0.04,0.0,0.02,0.0
31,1,5,0,False,0.5418112171800546,0.09448024351531892,1,qEHVI,0.0,0.5,0.44,0.04,0.02,0.0,0.0,0.0,0.0,0.0,0.0,0.0,0.0,0.0,0.0
31,1,5,0,False,0.5418112171800546,0.09448024351531892,2,qEHVI,0.62,0.26,0.02,0.0,0.0,0.0,0.0,0.0,0.04,0.0,0.0,0.02,0.0,0.0,0.04
31,1,5,0,False,0.5418112171800546,0.09448024351531892,3,qEHVI,0.42,0.1,0.4,0.02,0.04,0.0,0.0,0.0,0.0,0.0,0.0,0.02,0.0,0.0,0.0
31,1,5,0,False,0.5418112171800546,0.09448024351531892,4,qEHVI,0.42,0.04,0.44,0.02,0.0,0.0,0.0,0.0,0.02,0.0,0.0,0.02,0.0,0.04,0.0
31,2,4,1,False,0.491500523872157,0.06899165921928407,0,qEHVI,0.34,0.16,0.4,0.04,0.0,0.0,0.0,0.0,0.0,0.0,0.0,0.04,0.0,0.02,0.0
31,2,4,1,False,0.491500523872157,0.06899165921928407,1,qEHVI,0.0,0.5,0.44,0.04,0.02,0.0,0.0,0.0,0.0,0.0,0.0,0.0,0.0,0.0,0.0
31,2,4,1,False,0.491500523872157,0.06899165921928407,2,qEHVI,0.42,0.1,0.4,0.02,0.04,0.0,0.0,0.0,0.0,0.0,0.0,0.02,0.0,0.0,0.0
31,2,4,1,False,0.491500523872157,0.06899165921928407,3,qEHVI,0.62,0.26,0.02,0.0,0.0,0.0,0.0,0.0,0.04,0.0,0.0,0.02,0.0,0.0,0.04
31,2,4,1,False,0.491500523872157,0.06899165921928407,4,qUCB,0.4,0.14,0.36,0.0,0.02,0.0,0.0,0.0,0.0,0.0,0.0,0.0,0.0,0.04,0.04
31,3,3,2,True,0.4214908401127568,0.2692562123589646,0,qEHVI,0.34,0.16,0.4,0.04,0.0,0.0,0.0,0.0,0.0,0.0,0.0,0.04,0.0,0.02,0.0
31,3,3,2,True,0.4214908401127568,0.2692562123589646,1,qEHVI,0.0,0.5,0.44,0.04,0.02,0.0,0.0,0.0,0.0,0.0,0.0,0.0,0.0,0.0,0.0
31,3,3,2,True,0.4214908401127568,0.2692562123589646,2,qEHVI,0.42,0.1,0.4,0.02,0.04,0.0,0.0,0.0,0.0,0.0,0.0,0.02,0.0,0.0,0.0
31,3,3,2,True,0.4214908401127568,0.2692562123589646,3,qUCB,0.72,0.08,0.1,0.0,0.0,0.0,0.0,0.0,0.02,0.0,0.0,0.0,0.0,0.04,0.04
31,3,3,2,True,0.4214908401127568,0.2692562123589646,4,qUCB,0.26,0.42,0.22,0.0,0.0,0.0,0.0,0.0,0.02,0.0,0.0,0.0,0.0,0.04,0.04
31,4,2,3,False,0.353891113211121,0.03104593544288914,0,qEHVI,0.34,0.16,0.4,0.04,0.0,0.0,0.0,0.0,0.0,0.0,0.0,0.04,0.0,0.02,0.0
31,4,2,3,False,0.353891113211121,0.03104593544288914,1,qEHVI,0.0,0.5,0.44,0.04,0.02,0.0,0.0,0.0,0.0,0.0,0.0,0.0,0.0,0.0,0.0
31,4,2,3,False,0.353891113211121,0.03104593544288914,2,qUCB,0.72,0.08,0.1,0.0,0.0,0.0,0.0,0.0,0.02,0.0,0.0,0.0,0.0,0.04,0.04
31,4,2,3,False,0.353891113211121,0.03104593544288914,3,qUCB,0.26,0.42,0.22,0.0,0.0,0.0,0.0,0.0,0.02,0.0,0.0,0.0,0.0,0.04,0.04
31,4,2,3,False,0.353891113211121,0.03104593544288914,4,qUCB,0.76,0.08,0.1,0.0,0.0,0.0,0.0,0.0,0.02,0.0,0.0,0.0,0.0,0.0,0.04
31,5,1,4,False,0.226160329499603,0.19088592678382454,0,qEHVI,0.34,0.16,0.4,0.04,0.0,0.0,0.0,0.0,0.0,0.0,0.0,0.04,0.0,0.02,0.0
31,5,1,4,False,0.226160329499603,0.19088592678382454,1,qUCB,0.4,0.14,0.38,0.0,0.04,0.0,0.0,0.0,0.0,0.0,0.0,0.0,0.0,0.0,0.04
31,5,1,4,False,0.226160329499603,0.19088592678382454,2,qUCB,0.26,0.44,0.2,0.0,0.02,0.0,0.0,0.0,0.04,0.0,0.0,0.0,0.0,0.0,0.04
31,5,1,4,False,0.226160329499603,0.19088592678382454,3,qUCB,0.1,0.48,0.34,0.0,0.04,0.0,0.0,0.0,0.04,0.0,0.0,0.0,0.0,0.0,0.0
31,5,1,4,False,0.226160329499603,0.19088592678382454,4,qUCB,0.18,0.44,0.28,0.0,0.02,0.0,0.0,0.0,0.04,0.0,0.0,0.0,0.0,0.0,0.04
31,6,0,5,False,0.2495977842834106,0.1284049888769081,0,qUCB,0.52,0.38,0.0,0.0,0.0,0.0,0.0,0.0,0.04,0.0,0.0,0.04,0.0,0.02,0.0
31,6,0,5,False,0.2495977842834106,0.1284049888769081,1,qUCB,0.12,0.72,0.06,0.04,0.02,0.0,0.0,0.0,0.0,0.0,0.0,0.04,0.0,0.0,0.0
31,6,0,5,False,0.2495977842834106,0.1284049888769081,2,qUCB,0.18,0.56,0.16,0.04,0.02,0.0,0.0,0.0,0.0,0.0,0.0,0.04,0.0,0.0,0.0
31,6,0,5,False,0.2495977842834106,0.1284049888769081,3,qUCB,0.0,0.24,0.76,0.0,0.0,0.0,0.0,0.0,0.0,0.0,0.0,0.0,0.0,0.0,0.0
31,6,0,5,False,0.2495977842834106,0.1284049888769081,4,qUCB,0.34,0.48,0.1,0.0,0.04,0.0,0.0,0.0,0.0,0.0,0.0,0.04,0.0,0.0,0.0
32,1,5,0,False,0.7493552925459314,0.07212602297965631,0,qEHVI,0.44,0.12,0.34,0.0,0.0,0.0,0.0,0.0,0.0,0.0,0.0,0.04,0.0,0.04,0.02
32,1,5,0,False,0.7493552925459314,0.07212602297965631,1,qEHVI,0.0,0.48,0.42,0.0,0.0,0.0,0.0,0.0,0.0,0.0,0.0,0.04,0.0,0.04,0.02
32,1,5,0,False,0.7493552925459314,0.07212602297965631,2,qEHVI,0.42,0.12,0.38,0.0,0.0,0.0,0.0,0.0,0.0,0.0,0.0,0.04,0.0,0.04,0.0
32,1,5,0,False,0.7493552925459314,0.07212602297965631,3,qEHVI,0.58,0.26,0.06,0.0,0.04,0.0,0.0,0.0,0.0,0.0,0.0,0.02,0.0,0.0,0.04
32,1,5,0,False,0.7493552925459314,0.07212602297965631,4,qEHVI,0.42,0.02,0.46,0.0,0.04,0.0,0.0,0.0,0.0,0.0,0.0,0.02,0.0,0.0,0.04
32,2,4,1,False,0.6456841356321505,0.01178751688770241,0,qEHVI,0.44,0.12,0.34,0.0,0.0,0.0,0.0,0.0,0.0,0.0,0.0,0.04,0.0,0.04,0.02
32,2,4,1,False,0.6456841356321505,0.01178751688770241,1,qEHVI,0.0,0.48,0.42,0.0,0.0,0.0,0.0,0.0,0.0,0.0,0.0,0.04,0.0,0.04,0.02
32,2,4,1,False,0.6456841356321505,0.01178751688770241,2,qEHVI,0.42,0.12,0.38,0.0,0.0,0.0,0.0,0.0,0.0,0.0,0.0,0.04,0.0,0.04,0.0
32,2,4,1,False,0.6456841356321505,0.01178751688770241,3,qEHVI,0.58,0.26,0.06,0.0,0.04,0.0,0.0,0.0,0.0,0.0,0.0,0.02,0.0,0.0,0.04
32,2,4,1,False,0.6456841356321505,0.01178751688770241,4,qUCB,0.44,0.1,0.38,0.04,0.0,0.0,0.0,0.0,0.04,0.0,0.0,0.0,0.0,0.0,0.0
32,3,3,2,True,0.5708014084525999,0.15134970869435893,0,qEHVI,0.44,0.12,0.34,0.0,0.0,0.0,0.0,0.0,0.0,0.0,0.0,0.04,0.0,0.04,0.02
32,3,3,2,True,0.5708014084525999,0.15134970869435893,1,qEHVI,0.0,0.48,0.42,0.0,0.0,0.0,0.0,0.0,0.0,0.0,0.0,0.04,0.0,0.04,0.02
32,3,3,2,True,0.5708014084525999,0.15134970869435893,2,qEHVI,0.42,0.12,0.38,0.0,0.0,0.0,0.0,0.0,0.0,0.0,0.0,0.04,0.0,0.04,0.0
32,3,3,2,True,0.5708014084525999,0.15134970869435893,3,qUCB,0.4,0.4,0.1,0.02,0.04,0.0,0.0,0.0,0.04,0.0,0.0,0.0,0.0,0.0,0.0
32,3,3,2,True,0.5708014084525999,0.15134970869435893,4,qUCB,0.36,0.5,0.08,0.0,0.0,0.0,0.0,0.0,0.04,0.0,0.0,0.0,0.0,0.0,0.02
32,4,2,3,False,0.4897509945010494,0.21863408688224878,0,qEHVI,0.44,0.12,0.34,0.0,0.0,0.0,0.0,0.0,0.0,0.0,0.0,0.04,0.0,0.04,0.02
32,4,2,3,False,0.4897509945010494,0.21863408688224878,1,qEHVI,0.0,0.48,0.42,0.0,0.0,0.0,0.0,0.0,0.0,0.0,0.0,0.04,0.0,0.04,0.02
32,4,2,3,False,0.4897509945010494,0.21863408688224878,2,qUCB,0.4,0.14,0.36,0.04,0.02,0.0,0.0,0.0,0.04,0.0,0.0,0.0,0.0,0.0,0.0
32,4,2,3,False,0.4897509945010494,0.21863408688224878,3,qUCB,0.36,0.5,0.06,0.02,0.02,0.0,0.0,0.0,0.04,0.0,0.0,0.0,0.0,0.0,0.0
32,4,2,3,False,0.4897509945010494,0.21863408688224878,4,qUCB,0.38,0.4,0.12,0.04,0.02,0.0,0.0,0.0,0.04,0.0,0.0,0.0,0.0,0.0,0.0
32,5,1,4,False,0.24877994541858695,0.06718957290440963,0,qEHVI,0.44,0.12,0.34,0.0,0.0,0.0,0.0,0.0,0.0,0.0,0.0,0.04,0.0,0.04,0.02
32,5,1,4,False,0.24877994541858695,0.06718957290440963,1,qUCB,0.4,0.14,0.36,0.04,0.02,0.0,0.0,0.0,0.04,0.0,0.0,0.0,0.0,0.0,0.0
32,5,1,4,False,0.24877994541858695,0.06718957290440963,2,qUCB,0.36,0.5,0.06,0.02,0.02,0.0,0.0,0.0,0.04,0.0,0.0,0.0,0.0,0.0,0.0
32,5,1,4,False,0.24877994541858695,0.06718957290440963,3,qUCB,0.38,0.4,0.12,0.04,0.02,0.0,0.0,0.0,0.04,0.0,0.0,0.0,0.0,0.0,0.0
32,5,1,4,False,0.24877994541858695,0.06718957290440963,4,qUCB,0.2,0.44,0.26,0.02,0.04,0.0,0.0,0.0,0.04,0.0,0.0,0.0,0.0,0.0,0.0
32,6,0,5,False,0.2639571316713478,0.4010362756266286,0,qUCB,0.38,0.42,0.1,0.0,0.04,0.0,0.0,0.0,0.0,0.0,0.0,0.04,0.0,0.0,0.02
32,6,0,5,False,0.2639571316713478,0.4010362756266286,1,qUCB,0.34,0.48,0.08,0.0,0.0,0.0,0.0,0.0,0.0,0.0,0.0,0.02,0.0,0.04,0.04
32,6,0,5,False,0.2639571316713478,0.4010362756266286,2,qUCB,0.12,0.0,0.84,0.0,0.02,0.0,0.0,0.0,0.0,0.0,0.0,0.0,0.0,0.0,0.02
32,6,0,5,False,0.2639571316713478,0.4010362756266286,3,qUCB,0.32,0.52,0.08,0.0,0.02,0.0,0.0,0.0,0.02,0.0,0.0,0.04,0.0,0.0,0.0
32,6,0,5,False,0.2639571316713478,0.4010362756266286,4,qUCB,0.16,0.5,0.26,0.0,0.02,0.0,0.0,0.0,0.02,0.0,0.0,0.04,0.0,0.0,0.0
33,1,5,0,False,0.703316886593517,0.19145823489290814,0,qEHVI,0.92,0.0,0.06,0.0,0.0,0.0,0.0,0.0,0.0,0.0,0.0,0.02,0.0,0.0,0.0
33,1,5,0,False,0.703316886593517,0.19145823489290814,1,qEHVI,0.34,0.44,0.12,0.02,0.04,0.0,0.0,0.0,0.0,0.0,0.0,0.04,0.0,0.0,0.0
33,1,5,0,False,0.703316886593517,0.19145823489290814,2,qEHVI,0.6,0.08,0.22,0.0,0.02,0.0,0.0,0.0,0.0,0.0,0.0,0.04,0.0,0.0,0.04
33,1,5,0,False,0.703316886593517,0.19145823489290814,3,qEHVI,0.0,0.46,0.44,0.0,0.0,0.0,0.0,0.0,0.04,0.0,0.0,0.04,0.0,0.0,0.02
33,1,5,0,False,0.703316886593517,0.19145823489290814,4,qEHVI,0.42,0.0,0.48,0.04,0.02,0.0,0.0,0.0,0.0,0.0,0.0,0.0,0.0,0.0,0.04
33,2,4,1,False,0.6057347520833837,0.016225747792111278,0,qEHVI,0.34,0.44,0.12,0.02,0.04,0.0,0.0,0.0,0.0,0.0,0.0,0.04,0.0,0.0,0.0
33,2,4,1,False,0.6057347520833837,0.016225747792111278,1,qEHVI,0.92,0.0,0.06,0.0,0.0,0.0,0.0,0.0,0.0,0.0,0.0,0.02,0.0,0.0,0.0
33,2,4,1,False,0.6057347520833837,0.016225747792111278,2,qEHVI,0.12,0.02,0.86,0.0,0.0,0.0,0.0,0.0,0.0,0.0,0.0,0.0,0.0,0.0,0.0
33,2,4,1,False,0.6057347520833837,0.016225747792111278,3,qEHVI,0.6,0.08,0.22,0.0,0.02,0.0,0.0,0.0,0.0,0.0,0.0,0.04,0.0,0.0,0.04
33,2,4,1,False,0.6057347520833837,0.016225747792111278,4,qUCB,0.46,0.08,0.36,0.0,0.0,0.0,0.0,0.0,0.04,0.0,0.0,0.0,0.0,0.04,0.02
33,3,3,2,True,0.527397198144356,0.08771753585597875,0,qEHVI,0.34,0.44,0.12,0.02,0.04,0.0,0.0,0.0,0.0,0.0,0.0,0.04,0.0,0.0,0.0
33,3,3,2,True,0.527397198144356,0.08771753585597875,1,qEHVI,0.92,0.0,0.06,0.0,0.0,0.0,0.0,0.0,0.0,0.0,0.0,0.02,0.0,0.0,0.0
33,3,3,2,True,0.527397198144356,0.08771753585597875,2,qEHVI,0.6,0.08,0.22,0.0,0.02,0.0,0.0,0.0,0.0,0.0,0.0,0.04,0.0,0.0,0.04
33,3,3,2,True,0.527397198144356,0.08771753585597875,3,qUCB,0.36,0.12,0.42,0.0,0.0,0.0,0.0,0.0,0.04,0.0,0.0,0.0,0.0,0.04,0.02
33,3,3,2,True,0.527397198144356,0.08771753585597875,4,qUCB,0.12,0.02,0.86,0.0,0.0,0.0,0.0,0.0,0.0,0.0,0.0,0.0,0.0,0.0,0.0
33,4,2,3,False,0.42321943949766794,0.5156866919200391,0,qEHVI,0.34,0.44,0.12,0.02,0.04,0.0,0.0,0.0,0.0,0.0,0.0,0.04,0.0,0.0,0.0
33,4,2,3,False,0.42321943949766794,0.5156866919200391,1,qEHVI,0.92,0.0,0.06,0.0,0.0,0.0,0.0,0.0,0.0,0.0,0.0,0.02,0.0,0.0,0.0
33,4,2,3,False,0.42321943949766794,0.5156866919200391,2,qUCB,0.36,0.12,0.42,0.0,0.0,0.0,0.0,0.0,0.04,0.0,0.0,0.0,0.0,0.04,0.02
33,4,2,3,False,0.42321943949766794,0.5156866919200391,3,qUCB,0.18,0.44,0.28,0.0,0.02,0.0,0.0,0.0,0.04,0.0,0.0,0.0,0.0,0.04,0.0
33,4,2,3,False,0.42321943949766794,0.5156866919200391,4,qUCB,0.12,0.02,0.86,0.0,0.0,0.0,0.0,0.0,0.0,0.0,0.0,0.0,0.0,0.0,0.0
33,5,1,4,False,0.3389830680127441,0.02003455100078444,0,qEHVI,0.34,0.44,0.12,0.02,0.04,0.0,0.0,0.0,0.0,0.0,0.0,0.04,0.0,0.0,0.0
33,5,1,4,False,0.3389830680127441,0.02003455100078444,1,qUCB,0.46,0.08,0.36,0.0,0.0,0.0,0.0,0.0,0.04,0.0,0.0,0.0,0.0,0.04,0.02
33,5,1,4,False,0.3389830680127441,0.02003455100078444,2,qUCB,0.12,0.02,0.86,0.0,0.0,0.0,0.0,0.0,0.0,0.0,0.0,0.0,0.0,0.0,0.0
33,5,1,4,False,0.3389830680127441,0.02003455100078444,3,qUCB,0.16,0.5,0.26,0.0,0.0,0.0,0.0,0.0,0.04,0.0,0.0,0.0,0.0,0.0,0.04
33,5,1,4,False,0.3389830680127441,0.02003455100078444,4,qUCB,0.06,0.02,0.86,0.0,0.0,0.0,0.0,0.0,0.0,0.0,0.0,0.0,0.0,0.04,0.02
33,6,0,5,False,0.5368215315818161,0.12358262860910241,0,qUCB,0.52,0.32,0.06,0.0,0.04,0.0,0.0,0.0,0.02,0.0,0.0,0.04,0.0,0.0,0.0
33,6,0,5,False,0.5368215315818161,0.12358262860910241,1,qUCB,0.12,0.02,0.86,0.0,0.0,0.0,0.0,0.0,0.0,0.0,0.0,0.0,0.0,0.0,0.0
33,6,0,5,False,0.5368215315818161,0.12358262860910241,2,qUCB,0.92,0.0,0.06,0.0,0.0,0.0,0.0,0.0,0.0,0.0,0.0,0.02,0.0,0.0,0.0
33,6,0,5,False,0.5368215315818161,0.12358262860910241,3,qUCB,0.32,0.44,0.16,0.0,0.0,0.0,0.0,0.0,0.0,0.0,0.0,0.04,0.0,0.0,0.04
33,6,0,5,False,0.5368215315818161,0.12358262860910241,4,qUCB,0.6,0.08,0.22,0.0,0.02,0.0,0.0,0.0,0.0,0.0,0.0,0.04,0.0,0.0,0.04
34,1,5,0,False,0.6262926065829804,0.04082091845196434,0,qEHVI,0.0,0.48,0.42,0.0,0.02,0.0,0.0,0.0,0.02,0.0,0.0,0.04,0.0,0.0,0.02
34,1,5,0,False,0.6262926065829804,0.04082091845196434,1,qEHVI,0.3,0.46,0.14,0.04,0.04,0.0,0.0,0.0,0.02,0.0,0.0,0.0,0.0,0.0,0.0
34,1,5,0,False,0.6262926065829804,0.04082091845196434,2,qEHVI,0.48,0.0,0.46,0.02,0.0,0.0,0.0,0.0,0.0,0.0,0.0,0.0,0.0,0.04,0.0
34,1,5,0,False,0.6262926065829804,0.04082091845196434,3,qEHVI,0.56,0.32,0.02,0.0,0.02,0.0,0.0,0.0,0.04,0.0,0.0,0.0,0.0,0.0,0.04
34,1,5,0,False,0.6262926065829804,0.04082091845196434,4,qEHVI,0.0,0.44,0.46,0.04,0.0,0.0,0.0,0.0,0.0,0.0,0.0,0.04,0.0,0.0,0.02
34,2,4,1,False,0.510214319396061,0.14846697625482808,0,qEHVI,0.0,0.48,0.42,0.0,0.02,0.0,0.0,0.0,0.02,0.0,0.0,0.04,0.0,0.0,0.02
34,2,4,1,False,0.510214319396061,0.14846697625482808,1,qEHVI,0.3,0.46,0.14,0.04,0.04,0.0,0.0,0.0,0.02,0.0,0.0,0.0,0.0,0.0,0.0
34,2,4,1,False,0.510214319396061,0.14846697625482808,2,qEHVI,0.48,0.0,0.46,0.02,0.0,0.0,0.0,0.0,0.0,0.0,0.0,0.0,0.0,0.04,0.0
34,2,4,1,False,0.510214319396061,0.14846697625482808,3,qEHVI,0.0,0.44,0.46,0.04,0.0,0.0,0.0,0.0,0.0,0.0,0.0,0.04,0.0,0.0,0.02
34,2,4,1,False,0.510214319396061,0.14846697625482808,4,qUCB,0.42,0.08,0.4,0.0,0.0,0.0,0.0,0.0,0.04,0.0,0.0,0.0,0.0,0.02,0.04
34,3,3,2,True,0.40326417404014747,0.058811111909656155,0,qEHVI,0.0,0.48,0.42,0.0,0.02,0.0,0.0,0.0,0.02,0.0,0.0,0.04,0.0,0.0,0.02
34,3,3,2,True,0.40326417404014747,0.058811111909656155,1,qEHVI,0.3,0.46,0.14,0.04,0.04,0.0,0.0,0.0,0.02,0.0,0.0,0.0,0.0,0.0,0.0
34,3,3,2,True,0.40326417404014747,0.058811111909656155,2,qEHVI,0.48,0.0,0.46,0.02,0.0,0.0,0.0,0.0,0.0,0.0,0.0,0.0,0.0,0.04,0.0
34,3,3,2,True,0.40326417404014747,0.058811111909656155,3,qUCB,0.42,0.08,0.4,0.0,0.0,0.0,0.0,0.0,0.04,0.0,0.0,0.0,0.0,0.02,0.04
34,3,3,2,True,0.40326417404014747,0.058811111909656155,4,qUCB,0.2,0.44,0.28,0.04,0.0,0.0,0.0,0.0,0.0,0.0,0.0,0.0,0.0,0.0,0.04
34,4,2,3,False,0.4056942682184125,0.12498013508946859,0,qEHVI,0.0,0.48,0.42,0.0,0.02,0.0,0.0,0.0,0.02,0.0,0.0,0.04,0.0,0.0,0.02
34,4,2,3,False,0.4056942682184125,0.12498013508946859,1,qEHVI,0.48,0.0,0.46,0.02,0.0,0.0,0.0,0.0,0.0,0.0,0.0,0.0,0.0,0.04,0.0
34,4,2,3,False,0.4056942682184125,0.12498013508946859,2,qUCB,0.52,0.0,0.38,0.02,0.04,0.0,0.0,0.0,0.04,0.0,0.0,0.0,0.0,0.0,0.0
34,4,2,3,False,0.4056942682184125,0.12498013508946859,3,qUCB,0.28,0.5,0.14,0.04,0.0,0.0,0.0,0.0,0.0,0.0,0.0,0.0,0.0,0.0,0.04
34,4,2,3,False,0.4056942682184125,0.12498013508946859,4,qUCB,0.2,0.44,0.28,0.04,0.0,0.0,0.0,0.0,0.0,0.0,0.0,0.0,0.0,0.0,0.04
34,5,1,4,False,0.33984775216089547,0.05432838565513465,0,qEHVI,0.0,0.48,0.42,0.0,0.02,0.0,0.0,0.0,0.02,0.0,0.0,0.04,0.0,0.0,0.02
34,5,1,4,False,0.33984775216089547,0.05432838565513465,1,qUCB,0.4,0.12,0.38,0.02,0.0,0.0,0.0,0.0,0.0,0.0,0.0,0.0,0.0,0.04,0.04
34,5,1,4,False,0.33984775216089547,0.05432838565513465,2,qUCB,0.36,0.44,0.1,0.04,0.02,0.0,0.0,0.0,0.0,0.0,0.0,0.0,0.0,0.04,0.0
34,5,1,4,False,0.33984775216089547,0.05432838565513465,3,qUCB,0.16,0.48,0.26,0.04,0.0,0.0,0.0,0.0,0.02,0.0,0.0,0.0,0.0,0.04,0.0
34,5,1,4,False,0.33984775216089547,0.05432838565513465,4,qUCB,0.98,0.0,0.0,0.0,0.0,0.0,0.0,0.0,0.0,0.0,0.0,0.0,0.0,0.0,0.02
34,6,0,5,False,0.24896767766859165,0.07255187874917235,0,qUCB,0.48,0.4,0.06,0.0,0.02,0.0,0.0,0.0,0.0,0.0,0.0,0.04,0.0,0.0,0.0
34,6,0,5,False,0.24896767766859165,0.07255187874917235,1,qUCB,0.18,0.46,0.26,0.0,0.0,0.0,0.0,0.0,0.04,0.0,0.0,0.04,0.0,0.02,0.0
34,6,0,5,False,0.24896767766859165,0.07255187874917235,2,qUCB,0.48,0.04,0.38,0.0,0.0,0.0,0.0,0.0,0.04,0.0,0.0,0.04,0.0,0.02,0.0
34,6,0,5,False,0.24896767766859165,0.07255187874917235,3,qUCB,0.14,0.42,0.34,0.0,0.02,0.0,0.0,0.0,0.0,0.0,0.0,0.0,0.0,0.04,0.04
34,6,0,5,False,0.24896767766859165,0.07255187874917235,4,qUCB,0.98,0.0,0.0,0.0,0.0,0.0,0.0,0.0,0.0,0.0,0.0,0.0,0.0,0.0,0.02
35,1,5,0,False,0.549501997585811,0.07749982851921189,0,qEHVI,0.44,0.4,0.08,0.0,0.02,0.0,0.0,0.0,0.02,0.0,0.0,0.04,0.0,0.0,0.0
35,1,5,0,False,0.549501997585811,0.07749982851921189,1,qEHVI,0.0,0.4,0.5,0.04,0.02,0.0,0.0,0.0,0.02,0.0,0.0,0.0,0.0,0.02,0.0
35,1,5,0,False,0.549501997585811,0.07749982851921189,2,qEHVI,0.4,0.12,0.4,0.0,0.0,0.0,0.0,0.0,0.0,0.0,0.0,0.04,0.0,0.04,0.0
35,1,5,0,False,0.549501997585811,0.07749982851921189,3,qEHVI,0.42,0.02,0.48,0.04,0.0,0.0,0.0,0.0,0.0,0.0,0.0,0.0,0.0,0.0,0.04
35,1,5,0,False,0.549501997585811,0.07749982851921189,4,qEHVI,0.58,0.32,0.02,0.0,0.04,0.0,0.0,0.0,0.0,0.0,0.0,0.0,0.0,0.0,0.04
35,2,4,1,False,0.5154194764554239,0.30299672060844607,0,qEHVI,0.0,0.4,0.5,0.04,0.02,0.0,0.0,0.0,0.02,0.0,0.0,0.0,0.0,0.02,0.0
35,2,4,1,False,0.5154194764554239,0.30299672060844607,1,qEHVI,0.44,0.4,0.08,0.0,0.02,0.0,0.0,0.0,0.02,0.0,0.0,0.04,0.0,0.0,0.0
35,2,4,1,False,0.5154194764554239,0.30299672060844607,2,qEHVI,0.4,0.12,0.4,0.0,0.0,0.0,0.0,0.0,0.0,0.0,0.0,0.04,0.0,0.04,0.0
35,2,4,1,False,0.5154194764554239,0.30299672060844607,3,qEHVI,0.42,0.02,0.48,0.04,0.0,0.0,0.0,0.0,0.0,0.0,0.0,0.0,0.0,0.0,0.04
35,2,4,1,False,0.5154194764554239,0.30299672060844607,4,qUCB,0.42,0.1,0.38,0.0,0.0,0.0,0.0,0.0,0.04,0.0,0.0,0.0,0.0,0.04,0.02
35,3,3,2,True,0.43558446425824615,0.08521475361821373,0,qEHVI,0.0,0.4,0.5,0.04,0.02,0.0,0.0,0.0,0.02,0.0,0.0,0.0,0.0,0.02,0.0
35,3,3,2,True,0.43558446425824615,0.08521475361821373,1,qEHVI,0.44,0.4,0.08,0.0,0.02,0.0,0.0,0.0,0.02,0.0,0.0,0.04,0.0,0.0,0.0
35,3,3,2,True,0.43558446425824615,0.08521475361821373,2,qEHVI,0.4,0.12,0.4,0.0,0.0,0.0,0.0,0.0,0.0,0.0,0.0,0.04,0.0,0.04,0.0
35,3,3,2,True,0.43558446425824615,0.08521475361821373,3,qUCB,0.46,0.1,0.34,0.0,0.0,0.0,0.0,0.0,0.04,0.0,0.0,0.0,0.0,0.02,0.04
35,3,3,2,True,0.43558446425824615,0.08521475361821373,4,qUCB,0.42,0.08,0.42,0.0,0.0,0.0,0.0,0.0,0.04,0.0,0.0,0.0,0.0,0.0,0.04
35,4,2,3,False,0.3168475188834318,0.10969123183989149,0,qEHVI,0.0,0.4,0.5,0.04,0.02,0.0,0.0,0.0,0.02,0.0,0.0,0.0,0.0,0.02,0.0
35,4,2,3,False,0.3168475188834318,0.10969123183989149,1,qEHVI,0.44,0.4,0.08,0.0,0.02,0.0,0.0,0.0,0.02,0.0,0.0,0.04,0.0,0.0,0.0
35,4,2,3,False,0.3168475188834318,0.10969123183989149,2,qUCB,0.66,0.2,0.06,0.0,0.0,0.0,0.0,0.0,0.0,0.0,0.0,0.0,0.0,0.04,0.04
35,4,2,3,False,0.3168475188834318,0.10969123183989149,3,qUCB,0.14,0.4,0.36,0.0,0.0,0.0,0.0,0.0,0.0,0.0,0.0,0.02,0.0,0.04,0.04
35,4,2,3,False,0.3168475188834318,0.10969123183989149,4,qUCB,0.36,0.04,0.5,0.04,0.0,0.0,0.0,0.0,0.0,0.0,0.0,0.02,0.0,0.0,0.04
35,5,1,4,False,0.24295615751771907,0.08016428732848713,0,qEHVI,0.0,0.4,0.5,0.04,0.02,0.0,0.0,0.0,0.02,0.0,0.0,0.0,0.0,0.02,0.0
35,5,1,4,False,0.24295615751771907,0.08016428732848713,1,qUCB,0.7000000000000001,0.12,0.08,0.0,0.02,0.0,0.0,0.0,0.0,0.0,0.0,0.04,0.0,0.0,0.04
35,5,1,4,False,0.24295615751771907,0.08016428732848713,2,qUCB,0.48,0.38,0.06,0.0,0.0,0.0,0.0,0.0,0.0,0.0,0.0,0.04,0.0,0.0,0.04
35,5,1,4,False,0.24295615751771907,0.08016428732848713,3,qUCB,0.76,0.06,0.08,0.0,0.02,0.0,0.0,0.0,0.0,0.0,0.0,0.04,0.0,0.0,0.04
35,5,1,4,False,0.24295615751771907,0.08016428732848713,4,qUCB,0.7000000000000001,0.1,0.1,0.0,0.0,0.0,0.0,0.0,0.02,0.0,0.0,0.04,0.0,0.0,0.04
35,6,0,5,False,0.2946426732958917,0.3796850245781964,0,qUCB,0.48,0.36,0.06,0.0,0.04,0.0,0.0,0.0,0.0,0.0,0.0,0.04,0.0,0.0,0.02
35,6,0,5,False,0.2946426732958917,0.3796850245781964,1,qUCB,0.48,0.08,0.38,0.0,0.0,0.0,0.0,0.0,0.04,0.0,0.0,0.02,0.0,0.0,0.0
35,6,0,5,False,0.2946426732958917,0.3796850245781964,2,qUCB,0.2,0.34,0.36,0.0,0.0,0.0,0.0,0.0,0.02,0.0,0.0,0.0,0.0,0.04,0.04
35,6,0,5,False,0.2946426732958917,0.3796850245781964,3,qUCB,0.34,0.48,0.08,0.04,0.0,0.0,0.0,0.0,0.0,0.0,0.0,0.04,0.0,0.02,0.0
35,6,0,5,False,0.2946426732958917,0.3796850245781964,4,qUCB,0.36,0.04,0.5,0.04,0.0,0.0,0.0,0.0,0.0,0.0,0.0,0.02,0.0,0.0,0.04
36,1,5,0,False,0.5530373076956077,0.20256339528896383,0,qEHVI,0.36,0.44,0.1,0.04,0.02,0.0,0.0,0.0,0.0,0.0,0.0,0.04,0.0,0.0,0.0
36,1,5,0,False,0.5530373076956077,0.20256339528896383,1,qEHVI,0.42,0.16,0.38,0.0,0.0,0.0,0.0,0.0,0.04,0.0,0.0,0.0,0.0,0.0,0.0
36,1,5,0,False,0.5530373076956077,0.20256339528896383,2,qEHVI,0.02,0.5,0.4,0.0,0.0,0.0,0.0,0.0,0.0,0.0,0.0,0.0,0.0,0.04,0.04
36,1,5,0,False,0.5530373076956077,0.20256339528896383,3,qEHVI,0.66,0.22,0.02,0.0,0.04,0.0,0.0,0.0,0.0,0.0,0.0,0.02,0.0,0.0,0.04
36,1,5,0,False,0.5530373076956077,0.20256339528896383,4,qEHVI,0.46,0.0,0.44,0.02,0.0,0.0,0.0,0.0,0.0,0.0,0.0,0.04,0.0,0.04,0.0
36,2,4,1,False,0.4978007558812602,0.042291452049379785,0,qEHVI,0.36,0.44,0.1,0.04,0.02,0.0,0.0,0.0,0.0,0.0,0.0,0.04,0.0,0.0,0.0
36,2,4,1,False,0.4978007558812602,0.042291452049379785,1,qEHVI,0.42,0.16,0.38,0.0,0.0,0.0,0.0,0.0,0.04,0.0,0.0,0.0,0.0,0.0,0.0
36,2,4,1,False,0.4978007558812602,0.042291452049379785,2,qEHVI,0.02,0.5,0.4,0.0,0.0,0.0,0.0,0.0,0.0,0.0,0.0,0.0,0.0,0.04,0.04
36,2,4,1,False,0.4978007558812602,0.042291452049379785,3,qEHVI,0.46,0.0,0.44,0.02,0.0,0.0,0.0,0.0,0.0,0.0,0.0,0.04,0.0,0.04,0.0
36,2,4,1,False,0.4978007558812602,0.042291452049379785,4,qUCB,0.42,0.12,0.36,0.0,0.04,0.0,0.0,0.0,0.0,0.0,0.0,0.02,0.0,0.0,0.04
36,3,3,2,True,0.4092271710618387,0.13211047580947444,0,qEHVI,0.36,0.44,0.1,0.04,0.02,0.0,0.0,0.0,0.0,0.0,0.0,0.04,0.0,0.0,0.0
36,3,3,2,True,0.4092271710618387,0.13211047580947444,1,qEHVI,0.42,0.16,0.38,0.0,0.0,0.0,0.0,0.0,0.04,0.0,0.0,0.0,0.0,0.0,0.0
36,3,3,2,True,0.4092271710618387,0.13211047580947444,2,qEHVI,0.02,0.5,0.4,0.0,0.0,0.0,0.0,0.0,0.0,0.0,0.0,0.0,0.0,0.04,0.04
36,3,3,2,True,0.4092271710618387,0.13211047580947444,3,qUCB,0.46,0.04,0.4,0.0,0.04,0.0,0.0,0.0,0.0,0.0,0.0,0.02,0.0,0.04,0.0
36,3,3,2,True,0.4092271710618387,0.13211047580947444,4,qUCB,0.44,0.1,0.36,0.0,0.04,0.0,0.0,0.0,0.0,0.0,0.0,0.02,0.0,0.04,0.0
36,4,2,3,False,0.394367414510966,0.26043172226803746,0,qEHVI,0.36,0.44,0.1,0.04,0.02,0.0,0.0,0.0,0.0,0.0,0.0,0.04,0.0,0.0,0.0
36,4,2,3,False,0.394367414510966,0.26043172226803746,1,qEHVI,0.42,0.16,0.38,0.0,0.0,0.0,0.0,0.0,0.04,0.0,0.0,0.0,0.0,0.0,0.0
36,4,2,3,False,0.394367414510966,0.26043172226803746,2,qUCB,0.36,0.16,0.38,0.02,0.0,0.0,0.0,0.0,0.0,0.0,0.0,0.0,0.0,0.04,0.04
36,4,2,3,False,0.394367414510966,0.26043172226803746,3,qUCB,0.18,0.42,0.32,0.0,0.04,0.0,0.0,0.0,0.0,0.0,0.0,0.0,0.0,0.04,0.0
36,4,2,3,False,0.394367414510966,0.26043172226803746,4,qUCB,0.06,0.46,0.38,0.0,0.02,0.0,0.0,0.0,0.0,0.0,0.0,0.0,0.0,0.04,0.04
36,5,1,4,False,0.23157013886141958,0.10200478891769649,0,qEHVI,0.36,0.44,0.1,0.04,0.02,0.0,0.0,0.0,0.0,0.0,0.0,0.04,0.0,0.0,0.0
36,5,1,4,False,0.23157013886141958,0.10200478891769649,1,qUCB,0.48,0.02,0.4,0.0,0.0,0.0,0.0,0.0,0.04,0.0,0.0,0.0,0.0,0.02,0.04
36,5,1,4,False,0.23157013886141958,0.10200478891769649,2,qUCB,0.38,0.14,0.4,0.0,0.0,0.0,0.0,0.0,0.04,0.0,0.0,0.0,0.0,0.0,0.04
36,5,1,4,False,0.23157013886141958,0.10200478891769649,3,qUCB,0.54,0.12,0.26,0.0,0.0,0.0,0.0,0.0,0.04,0.0,0.0,0.0,0.0,0.0,0.04
36,5,1,4,False,0.23157013886141958,0.10200478891769649,4,qUCB,0.7000000000000001,0.1,0.1,0.0,0.0,0.0,0.0,0.0,0.02,0.0,0.0,0.0,0.0,0.04,0.04
36,6,0,5,False,0.19863275601589803,0.054755473279884725,0,qUCB,0.56,0.36,0.0,0.0,0.0,0.0,0.0,0.0,0.04,0.0,0.0,0.04,0.0,0.0,0.0
36,6,0,5,False,0.19863275601589803,0.054755473279884725,1,qUCB,0.46,0.46,0.0,0.04,0.0,0.0,0.0,0.0,0.0,0.0,0.0,0.04,0.0,0.0,0.0
36,6,0,5,False,0.19863275601589803,0.054755473279884725,2,qUCB,0.28,0.6,0.02,0.04,0.02,0.0,0.0,0.0,0.0,0.0,0.0,0.04,0.0,0.0,0.0
36,6,0,5,False,0.19863275601589803,0.054755473279884725,3,qUCB,0.48,0.22,0.3,0.0,0.0,0.0,0.0,0.0,0.0,0.0,0.0,0.0,0.0,0.0,0.0
36,6,0,5,False,0.19863275601589803,0.054755473279884725,4,qUCB,0.24,0.12,0.54,0.04,0.0,0.0,0.0,0.0,0.0,0.0,0.0,0.04,0.0,0.0,0.02
37,1,5,0,False,0.5722385971619416,0.2711559079408321,0,qEHVI,0.0,0.52,0.42,0.0,0.02,0.0,0.0,0.0,0.0,0.0,0.0,0.0,0.0,0.0,0.04
37,1,5,0,False,0.5722385971619416,0.2711559079408321,1,qEHVI,0.36,0.14,0.4,0.04,0.0,0.0,0.0,0.0,0.02,0.0,0.0,0.02,0.0,0.02,0.0
37,1,5,0,False,0.5722385971619416,0.2711559079408321,2,qEHVI,0.44,0.04,0.46,0.0,0.0,0.0,0.0,0.0,0.0,0.0,0.0,0.0,0.0,0.02,0.04
37,1,5,0,False,0.5722385971619416,0.2711559079408321,3,qEHVI,0.6,0.02,0.3,0.0,0.0,0.0,0.0,0.0,0.0,0.0,0.0,0.0,0.0,0.04,0.04
37,1,5,0,False,0.5722385971619416,0.2711559079408321,4,qEHVI,0.6,0.3,0.02,0.0,0.02,0.0,0.0,0.0,0.02,0.0,0.0,0.04,0.0,0.0,0.0
37,2,4,1,False,0.535144372397465,0.007338328521436566,0,qEHVI,0.0,0.52,0.42,0.0,0.02,0.0,0.0,0.0,0.0,0.0,0.0,0.0,0.0,0.0,0.04
37,2,4,1,False,0.535144372397465,0.007338328521436566,1,qEHVI,0.36,0.14,0.4,0.04,0.0,0.0,0.0,0.0,0.02,0.0,0.0,0.02,0.0,0.02,0.0
37,2,4,1,False,0.535144372397465,0.007338328521436566,2,qEHVI,0.44,0.04,0.46,0.0,0.0,0.0,0.0,0.0,0.0,0.0,0.0,0.0,0.0,0.02,0.04
37,2,4,1,False,0.535144372397465,0.007338328521436566,3,qEHVI,0.6,0.02,0.3,0.0,0.0,0.0,0.0,0.0,0.0,0.0,0.0,0.0,0.0,0.04,0.04
37,2,4,1,False,0.535144372397465,0.007338328521436566,4,qUCB,0.56,0.34,0.0,0.0,0.02,0.0,0.0,0.0,0.04,0.0,0.0,0.04,0.0,0.0,0.0
37,3,3,2,True,0.45589160516541677,0.015576984351293177,0,qEHVI,0.0,0.52,0.42,0.0,0.02,0.0,0.0,0.0,0.0,0.0,0.0,0.0,0.0,0.0,0.04
37,3,3,2,True,0.45589160516541677,0.015576984351293177,1,qEHVI,0.36,0.14,0.4,0.04,0.0,0.0,0.0,0.0,0.02,0.0,0.0,0.02,0.0,0.02,0.0
37,3,3,2,True,0.45589160516541677,0.015576984351293177,2,qEHVI,0.44,0.04,0.46,0.0,0.0,0.0,0.0,0.0,0.0,0.0,0.0,0.0,0.0,0.02,0.04
37,3,3,2,True,0.45589160516541677,0.015576984351293177,3,qUCB,0.56,0.34,0.0,0.0,0.02,0.0,0.0,0.0,0.04,0.0,0.0,0.04,0.0,0.0,0.0
37,3,3,2,True,0.45589160516541677,0.015576984351293177,4,qUCB,0.36,0.36,0.2,0.0,0.04,0.0,0.0,0.0,0.0,0.0,0.0,0.04,0.0,0.0,0.0
37,4,2,3,False,0.3493210178824498,0.23026775102320762,0,qEHVI,0.0,0.52,0.42,0.0,0.02,0.0,0.0,0.0,0.0,0.0,0.0,0.0,0.0,0.0,0.04
37,4,2,3,False,0.3493210178824498,0.23026775102320762,1,qEHVI,0.36,0.14,0.4,0.04,0.0,0.0,0.0,0.0,0.02,0.0,0.0,0.02,0.0,0.02,0.0
37,4,2,3,False,0.3493210178824498,0.23026775102320762,2,qUCB,0.56,0.34,0.0,0.0,0.02,0.0,0.0,0.0,0.04,0.0,0.0,0.04,0.0,0.0,0.0
37,4,2,3,False,0.3493210178824498,0.23026775102320762,3,qUCB,0.36,0.36,0.2,0.0,0.04,0.0,0.0,0.0,0.0,0.0,0.0,0.04,0.0,0.0,0.0
37,4,2,3,False,0.3493210178824498,0.23026775102320762,4,qUCB,0.54,0.3,0.06,0.0,0.04,0.0,0.0,0.0,0.0,0.0,0.0,0.04,0.0,0.02,0.0
37,5,1,4,False,0.33375142199857283,0.017593545116040277,0,qEHVI,0.0,0.52,0.42,0.0,0.02,0.0,0.0,0.0,0.0,0.0,0.0,0.0,0.0,0.0,0.04
37,5,1,4,False,0.33375142199857283,0.017593545116040277,1,qUCB,0.56,0.34,0.0,0.0,0.02,0.0,0.0,0.0,0.04,0.0,0.0,0.04,0.0,0.0,0.0
37,5,1,4,False,0.33375142199857283,0.017593545116040277,2,qUCB,0.32,0.58,0.0,0.04,0.0,0.0,0.0,0.0,0.0,0.0,0.0,0.04,0.0,0.02,0.0
37,5,1,4,False,0.33375142199857283,0.017593545116040277,3,qUCB,0.5,0.0,0.4,0.02,0.0,0.0,0.0,0.0,0.0,0.0,0.0,0.04,0.0,0.04,0.0
37,5,1,4,False,0.33375142199857283,0.017593545116040277,4,qUCB,0.28,0.08,0.54,0.04,0.0,0.0,0.0,0.0,0.02,0.0,0.0,0.04,0.0,0.0,0.0
37,6,0,5,False,0.153520946425296,0.021880408955713193,0,qUCB,0.56,0.34,0.0,0.0,0.02,0.0,0.0,0.0,0.04,0.0,0.0,0.04,0.0,0.0,0.0
37,6,0,5,False,0.153520946425296,0.021880408955713193,1,qUCB,0.32,0.58,0.0,0.04,0.0,0.0,0.0,0.0,0.0,0.0,0.0,0.04,0.0,0.02,0.0
37,6,0,5,False,0.153520946425296,0.021880408955713193,2,qUCB,0.34,0.38,0.18,0.02,0.0,0.0,0.0,0.0,0.0,0.0,0.0,0.04,0.0,0.0,0.04
37,6,0,5,False,0.153520946425296,0.021880408955713193,3,qUCB,0.2,0.38,0.32,0.0,0.0,0.0,0.0,0.0,0.04,0.0,0.0,0.04,0.0,0.02,0.0
37,6,0,5,False,0.153520946425296,0.021880408955713193,4,qUCB,0.4,0.52,0.02,0.02,0.0,0.0,0.0,0.0,0.0,0.0,0.0,0.04,0.0,0.0,0.0
38,1,5,0,True,0.5336248899354421,0.04980867137503431,0,qEHVI,0.62,0.0,0.3,0.0,0.04,0.0,0.0,0.0,0.0,0.0,0.0,0.0,0.0,0.0,0.04
38,1,5,0,True,0.5336248899354421,0.04980867137503431,1,qEHVI,0.46,0.02,0.44,0.02,0.0,0.0,0.0,0.0,0.0,0.0,0.0,0.0,0.0,0.04,0.02
38,1,5,0,True,0.5336248899354421,0.04980867137503431,2,qEHVI,0.56,0.3,0.04,0.0,0.02,0.0,0.0,0.0,0.0,0.0,0.0,0.04,0.0,0.0,0.04
38,1,5,0,True,0.5336248899354421,0.04980867137503431,3,qEHVI,0.42,0.02,0.5,0.02,0.0,0.0,0.0,0.0,0.0,0.0,0.0,0.0,0.0,0.04,0.0
38,1,5,0,True,0.5336248899354421,0.04980867137503431,4,qEHVI,0.0,0.54,0.4,0.0,0.0,0.0,0.0,0.0,0.0,0.0,0.0,0.02,0.0,0.04,0.0
38,2,4,1,False,0.48172002746026144,0.19365265147376576,0,qEHVI,0.62,0.0,0.3,0.0,0.04,0.0,0.0,0.0,0.0,0.0,0.0,0.0,0.0,0.0,0.04
38,2,4,1,False,0.48172002746026144,0.19365265147376576,1,qEHVI,0.46,0.02,0.44,0.02,0.0,0.0,0.0,0.0,0.0,0.0,0.0,0.0,0.0,0.04,0.02
38,2,4,1,False,0.48172002746026144,0.19365265147376576,2,qEHVI,0.56,0.3,0.04,0.0,0.02,0.0,0.0,0.0,0.0,0.0,0.0,0.04,0.0,0.0,0.04
38,2,4,1,False,0.48172002746026144,0.19365265147376576,3,qEHVI,0.44,0.0,0.48,0.04,0.0,0.0,0.0,0.0,0.0,0.0,0.0,0.0,0.0,0.04,0.0
38,2,4,1,False,0.48172002746026144,0.19365265147376576,4,qUCB,0.52,0.0,0.38,0.02,0.0,0.0,0.0,0.0,0.04,0.0,0.0,0.04,0.0,0.0,0.0
38,3,3,2,False,0.3908669970755922,0.03216624877665275,0,qEHVI,0.62,0.0,0.3,0.0,0.04,0.0,0.0,0.0,0.0,0.0,0.0,0.0,0.0,0.0,0.04
38,3,3,2,False,0.3908669970755922,0.03216624877665275,1,qEHVI,0.46,0.02,0.44,0.02,0.0,0.0,0.0,0.0,0.0,0.0,0.0,0.0,0.0,0.04,0.02
38,3,3,2,False,0.3908669970755922,0.03216624877665275,2,qEHVI,0.56,0.3,0.04,0.0,0.02,0.0,0.0,0.0,0.0,0.0,0.0,0.04,0.0,0.0,0.04
38,3,3,2,False,0.3908669970755922,0.03216624877665275,3,qUCB,0.42,0.06,0.42,0.04,0.0,0.0,0.0,0.0,0.04,0.0,0.0,0.02,0.0,0.0,0.0
38,3,3,2,False,0.3908669970755922,0.03216624877665275,4,qUCB,0.02,0.8,0.08,0.04,0.02,0.0,0.0,0.0,0.04,0.0,0.0,0.0,0.0,0.0,0.0
38,4,2,3,False,0.28881548667505513,0.08347092197405104,0,qEHVI,0.62,0.0,0.3,0.0,0.04,0.0,0.0,0.0,0.0,0.0,0.0,0.0,0.0,0.0,0.04
38,4,2,3,False,0.28881548667505513,0.08347092197405104,1,qEHVI,0.46,0.02,0.44,0.02,0.0,0.0,0.0,0.0,0.0,0.0,0.0,0.0,0.0,0.04,0.02
38,4,2,3,False,0.28881548667505513,0.08347092197405104,2,qUCB,0.44,0.42,0.04,0.0,0.02,0.0,0.0,0.0,0.04,0.0,0.0,0.04,0.0,0.0,0.0
38,4,2,3,False,0.28881548667505513,0.08347092197405104,3,qUCB,0.38,0.52,0.0,0.04,0.02,0.0,0.0,0.0,0.0,0.0,0.0,0.04,0.0,0.0,0.0
38,4,2,3,False,0.28881548667505513,0.08347092197405104,4,qUCB,0.12,0.72,0.06,0.04,0.02,0.0,0.0,0.0,0.0,0.0,0.0,0.04,0.0,0.0,0.0
38,5,1,4,False,0.23849012567322003,0.019012373406105176,0,qEHVI,0.62,0.0,0.3,0.0,0.04,0.0,0.0,0.0,0.0,0.0,0.0,0.0,0.0,0.0,0.04
38,5,1,4,False,0.23849012567322003,0.019012373406105176,1,qUCB,0.52,0.38,0.0,0.0,0.0,0.0,0.0,0.0,0.02,0.0,0.0,0.04,0.0,0.04,0.0
38,5,1,4,False,0.23849012567322003,0.019012373406105176,2,qUCB,0.3,0.6,0.0,0.04,0.0,0.0,0.0,0.0,0.0,0.0,0.0,0.04,0.0,0.02,0.0
38,5,1,4,False,0.23849012567322003,0.019012373406105176,3,qUCB,0.22,0.36,0.34,0.0,0.0,0.0,0.0,0.0,0.0,0.0,0.0,0.04,0.0,0.04,0.0
38,5,1,4,False,0.23849012567322003,0.019012373406105176,4,qUCB,0.0,0.68,0.24,0.04,0.0,0.0,0.0,0.0,0.0,0.0,0.0,0.04,0.0,0.0,0.0
38,6,0,5,False,0.23856610850166418,0.13787297187751468,0,qUCB,0.4,0.1,0.4,0.02,0.0,0.0,0.0,0.0,0.02,0.0,0.0,0.04,0.0,0.02,0.0
38,6,0,5,False,0.23856610850166418,0.13787297187751468,1,qUCB,0.38,0.52,0.0,0.04,0.02,0.0,0.0,0.0,0.0,0.0,0.0,0.04,0.0,0.0,0.0
38,6,0,5,False,0.23856610850166418,0.13787297187751468,2,qUCB,0.6,0.14,0.26,0.0,0.0,0.0,0.0,0.0,0.0,0.0,0.0,0.0,0.0,0.0,0.0
38,6,0,5,False,0.23856610850166418,0.13787297187751468,3,qUCB,0.22,0.36,0.34,0.0,0.0,0.0,0.0,0.0,0.0,0.0,0.0,0.04,0.0,0.04,0.0
38,6,0,5,False,0.23856610850166418,0.13787297187751468,4,qUCB,0.28,0.1,0.52,0.04,0.02,0.0,0.0,0.0,0.0,0.0,0.0,0.04,0.0,0.0,0.0
39,1,5,0,True,0.47680854816282864,0.02890267285978254,0,qEHVI,0.58,0.32,0.0,0.0,0.0,0.0,0.0,0.0,0.04,0.0,0.0,0.0,0.0,0.02,0.04
39,1,5,0,True,0.47680854816282864,0.02890267285978254,1,qEHVI,0.38,0.18,0.4,0.02,0.0,0.0,0.0,0.0,0.02,0.0,0.0,0.0,0.0,0.0,0.0
39,1,5,0,True,0.47680854816282864,0.02890267285978254,2,qEHVI,0.44,0.02,0.46,0.0,0.04,0.0,0.0,0.0,0.02,0.0,0.0,0.02,0.0,0.0,0.0
39,1,5,0,True,0.47680854816282864,0.02890267285978254,3,qEHVI,0.62,0.0,0.36,0.0,0.0,0.0,0.0,0.0,0.0,0.0,0.0,0.0,0.0,0.0,0.02
39,1,5,0,True,0.47680854816282864,0.02890267285978254,4,qEHVI,0.0,0.54,0.42,0.0,0.0,0.0,0.0,0.0,0.0,0.0,0.0,0.04,0.0,0.0,0.0
39,2,4,1,False,0.4455899230285734,0.1258974210637227,0,qEHVI,0.58,0.32,0.0,0.0,0.0,0.0,0.0,0.0,0.04,0.0,0.0,0.0,0.0,0.02,0.04
39,2,4,1,False,0.4455899230285734,0.1258974210637227,1,qEHVI,0.38,0.18,0.4,0.02,0.0,0.0,0.0,0.0,0.02,0.0,0.0,0.0,0.0,0.0,0.0
39,2,4,1,False,0.4455899230285734,0.1258974210637227,2,qEHVI,0.44,0.02,0.46,0.0,0.04,0.0,0.0,0.0,0.02,0.0,0.0,0.02,0.0,0.0,0.0
39,2,4,1,False,0.4455899230285734,0.1258974210637227,3,qEHVI,0.62,0.0,0.36,0.0,0.0,0.0,0.0,0.0,0.0,0.0,0.0,0.0,0.0,0.0,0.02
39,2,4,1,False,0.4455899230285734,0.1258974210637227,4,qUCB,0.42,0.12,0.36,0.0,0.0,0.0,0.0,0.0,0.02,0.0,0.0,0.04,0.0,0.04,0.0
39,3,3,2,False,0.3600375847104607,0.035859384647759285,0,qEHVI,0.58,0.32,0.0,0.0,0.0,0.0,0.0,0.0,0.04,0.0,0.0,0.0,0.0,0.02,0.04
39,3,3,2,False,0.3600375847104607,0.035859384647759285,1,qEHVI,0.38,0.18,0.4,0.02,0.0,0.0,0.0,0.0,0.02,0.0,0.0,0.0,0.0,0.0,0.0
39,3,3,2,False,0.3600375847104607,0.035859384647759285,2,qEHVI,0.44,0.02,0.46,0.0,0.04,0.0,0.0,0.0,0.02,0.0,0.0,0.02,0.0,0.0,0.0
39,3,3,2,False,0.3600375847104607,0.035859384647759285,3,qUCB,0.42,0.06,0.42,0.0,0.0,0.0,0.0,0.0,0.0,0.0,0.0,0.04,0.0,0.04,0.02
39,3,3,2,False,0.3600375847104607,0.035859384647759285,4,qUCB,0.18,0.42,0.32,0.0,0.0,0.0,0.0,0.0,0.0,0.0,0.0,0.04,0.0,0.0,0.04
39,4,2,3,False,0.32629525580302216,0.08150331580605297,0,qEHVI,0.58,0.32,0.0,0.0,0.0,0.0,0.0,0.0,0.04,0.0,0.0,0.0,0.0,0.02,0.04
39,4,2,3,False,0.32629525580302216,0.08150331580605297,1,qEHVI,0.38,0.18,0.4,0.02,0.0,0.0,0.0,0.0,0.02,0.0,0.0,0.0,0.0,0.0,0.0
39,4,2,3,False,0.32629525580302216,0.08150331580605297,2,qUCB,0.62,0.24,0.04,0.0,0.04,0.0,0.0,0.0,0.0,0.0,0.0,0.04,0.0,0.0,0.02
39,4,2,3,False,0.32629525580302216,0.08150331580605297,3,qUCB,0.56,0.32,0.02,0.0,0.04,0.0,0.0,0.0,0.0,0.0,0.0,0.02,0.0,0.04,0.0
39,4,2,3,False,0.32629525580302216,0.08150331580605297,4,qUCB,0.62,0.2,0.08,0.0,0.04,0.0,0.0,0.0,0.0,0.0,0.0,0.04,0.0,0.0,0.02
39,5,1,4,False,0.2105296948028636,0.06253082336837057,0,qEHVI,0.58,0.32,0.0,0.0,0.0,0.0,0.0,0.0,0.04,0.0,0.0,0.0,0.0,0.02,0.04
39,5,1,4,False,0.2105296948028636,0.06253082336837057,1,qUCB,0.48,0.04,0.38,0.04,0.02,0.0,0.0,0.0,0.0,0.0,0.0,0.04,0.0,0.0,0.0
39,5,1,4,False,0.2105296948028636,0.06253082336837057,2,qUCB,0.38,0.2,0.34,0.04,0.0,0.0,0.0,0.0,0.0,0.0,0.0,0.04,0.0,0.0,0.0
39,5,1,4,False,0.2105296948028636,0.06253082336837057,3,qUCB,0.32,0.1,0.48,0.04,0.02,0.0,0.0,0.0,0.0,0.0,0.0,0.04,0.0,0.0,0.0
39,5,1,4,False,0.2105296948028636,0.06253082336837057,4,qUCB,0.06,0.76,0.08,0.04,0.04,0.0,0.0,0.0,0.0,0.0,0.0,0.02,0.0,0.0,0.0
39,6,0,5,False,0.20217413682282512,0.3979535718369682,0,qUCB,0.42,0.1,0.38,0.02,0.0,0.0,0.0,0.0,0.0,0.0,0.0,0.0,0.0,0.04,0.04
39,6,0,5,False,0.20217413682282512,0.3979535718369682,1,qUCB,0.38,0.2,0.34,0.04,0.0,0.0,0.0,0.0,0.0,0.0,0.0,0.04,0.0,0.0,0.0
39,6,0,5,False,0.20217413682282512,0.3979535718369682,2,qUCB,0.44,0.18,0.38,0.0,0.0,0.0,0.0,0.0,0.0,0.0,0.0,0.0,0.0,0.0,0.0
39,6,0,5,False,0.20217413682282512,0.3979535718369682,3,qUCB,0.3,0.1,0.52,0.04,0.0,0.0,0.0,0.0,0.0,0.0,0.0,0.0,0.0,0.0,0.04
39,6,0,5,False,0.20217413682282512,0.3979535718369682,4,qUCB,0.52,0.34,0.04,0.0,0.04,0.0,0.0,0.0,0.04,0.0,0.0,0.0,0.0,0.02,0.0
40,1,5,0,True,0.4750969578619201,0.022102485757482526,0,qEHVI,0.58,0.28,0.04,0.0,0.04,0.0,0.0,0.0,0.0,0.0,0.0,0.04,0.0,0.02,0.0
40,1,5,0,True,0.4750969578619201,0.022102485757482526,1,qEHVI,0.44,0.06,0.46,0.0,0.04,0.0,0.0,0.0,0.0,0.0,0.0,0.0,0.0,0.0,0.0
40,1,5,0,True,0.4750969578619201,0.022102485757482526,2,qEHVI,0.38,0.16,0.38,0.04,0.0,0.0,0.0,0.0,0.0,0.0,0.0,0.04,0.0,0.0,0.0
40,1,5,0,True,0.4750969578619201,0.022102485757482526,3,qEHVI,0.42,0.4,0.08,0.0,0.04,0.0,0.0,0.0,0.02,0.0,0.0,0.04,0.0,0.0,0.0
40,1,5,0,True,0.4750969578619201,0.022102485757482526,4,qEHVI,0.44,0.14,0.4,0.0,0.0,0.0,0.0,0.0,0.0,0.0,0.0,0.0,0.0,0.02,0.0
40,2,4,1,False,0.4587867619848401,0.29691053556955005,0,qEHVI,0.58,0.28,0.04,0.0,0.04,0.0,0.0,0.0,0.0,0.0,0.0,0.04,0.0,0.02,0.0
40,2,4,1,False,0.4587867619848401,0.29691053556955005,1,qEHVI,0.44,0.06,0.46,0.0,0.04,0.0,0.0,0.0,0.0,0.0,0.0,0.0,0.0,0.0,0.0
40,2,4,1,False,0.4587867619848401,0.29691053556955005,2,qEHVI,0.38,0.16,0.38,0.04,0.0,0.0,0.0,0.0,0.0,0.0,0.0,0.04,0.0,0.0,0.0
40,2,4,1,False,0.4587867619848401,0.29691053556955005,3,qEHVI,0.42,0.4,0.08,0.0,0.04,0.0,0.0,0.0,0.02,0.0,0.0,0.04,0.0,0.0,0.0
40,2,4,1,False,0.4587867619848401,0.29691053556955005,4,qUCB,0.38,0.14,0.38,0.02,0.0,0.0,0.0,0.0,0.04,0.0,0.0,0.0,0.0,0.0,0.04
40,3,3,2,False,0.40190032393639624,0.020348396047690898,0,qEHVI,0.58,0.28,0.04,0.0,0.04,0.0,0.0,0.0,0.0,0.0,0.0,0.04,0.0,0.02,0.0
40,3,3,2,False,0.40190032393639624,0.020348396047690898,1,qEHVI,0.44,0.06,0.46,0.0,0.04,0.0,0.0,0.0,0.0,0.0,0.0,0.0,0.0,0.0,0.0
40,3,3,2,False,0.40190032393639624,0.020348396047690898,2,qEHVI,0.38,0.16,0.38,0.04,0.0,0.0,0.0,0.0,0.0,0.0,0.0,0.04,0.0,0.0,0.0
40,3,3,2,False,0.40190032393639624,0.020348396047690898,3,qUCB,0.38,0.14,0.38,0.02,0.0,0.0,0.0,0.0,0.04,0.0,0.0,0.0,0.0,0.0,0.04
40,3,3,2,False,0.40190032393639624,0.020348396047690898,4,qUCB,0.36,0.18,0.36,0.0,0.0,0.0,0.0,0.0,0.04,0.0,0.0,0.0,0.0,0.04,0.02
40,4,2,3,False,0.32149144878261654,0.04471067831884312,0,qEHVI,0.58,0.28,0.04,0.0,0.04,0.0,0.0,0.0,0.0,0.0,0.0,0.04,0.0,0.02,0.0
40,4,2,3,False,0.32149144878261654,0.04471067831884312,1,qEHVI,0.44,0.06,0.46,0.0,0.04,0.0,0.0,0.0,0.0,0.0,0.0,0.0,0.0,0.0,0.0
40,4,2,3,False,0.32149144878261654,0.04471067831884312,2,qUCB,0.38,0.14,0.38,0.02,0.0,0.0,0.0,0.0,0.04,0.0,0.0,0.0,0.0,0.0,0.04
40,4,2,3,False,0.32149144878261654,0.04471067831884312,3,qUCB,0.08,0.74,0.08,0.04,0.0,0.0,0.0,0.0,0.0,0.0,0.0,0.0,0.0,0.02,0.04
40,4,2,3,False,0.32149144878261654,0.04471067831884312,4,qUCB,0.34,0.46,0.1,0.04,0.0,0.0,0.0,0.0,0.0,0.0,0.0,0.0,0.0,0.02,0.04
40,5,1,4,False,0.267402353887454,0.05654949788000252,0,qEHVI,0.58,0.28,0.04,0.0,0.04,0.0,0.0,0.0,0.0,0.0,0.0,0.04,0.0,0.02,0.0
40,5,1,4,False,0.267402353887454,0.05654949788000252,1,qUCB,0.38,0.14,0.38,0.02,0.0,0.0,0.0,0.0,0.04,0.0,0.0,0.0,0.0,0.0,0.04
40,5,1,4,False,0.267402353887454,0.05654949788000252,2,qUCB,0.06,0.78,0.08,0.04,0.0,0.0,0.0,0.0,0.0,0.0,0.0,0.0,0.0,0.0,0.04
40,5,1,4,False,0.267402353887454,0.05654949788000252,3,qUCB,0.0,0.16,0.8,0.04,0.0,0.0,0.0,0.0,0.0,0.0,0.0,0.0,0.0,0.0,0.0
40,5,1,4,False,0.267402353887454,0.05654949788000252,4,qUCB,0.36,0.14,0.4,0.04,0.0,0.0,0.0,0.0,0.04,0.0,0.0,0.0,0.0,0.0,0.02
40,6,0,5,False,0.24555301192004245,0.022739828400607287,0,qUCB,0.44,0.08,0.4,0.04,0.0,0.0,0.0,0.0,0.0,0.0,0.0,0.04,0.0,0.0,0.0
40,6,0,5,False,0.24555301192004245,0.022739828400607287,1,qUCB,0.58,0.28,0.04,0.0,0.04,0.0,0.0,0.0,0.0,0.0,0.0,0.04,0.0,0.02,0.0
40,6,0,5,False,0.24555301192004245,0.022739828400607287,2,qUCB,0.0,0.22,0.78,0.0,0.0,0.0,0.0,0.0,0.0,0.0,0.0,0.0,0.0,0.0,0.0
40,6,0,5,False,0.24555301192004245,0.022739828400607287,3,qUCB,0.48,0.14,0.36,0.0,0.0,0.0,0.0,0.0,0.0,0.0,0.0,0.02,0.0,0.0,0.0
40,6,0,5,False,0.24555301192004245,0.022739828400607287,4,qUCB,0.12,0.76,0.08,0.04,0.0,0.0,0.0,0.0,0.0,0.0,0.0,0.0,0.0,0.0,0.0
41,1,5,0,True,0.42910989576736674,0.06770646278945947,0,qEHVI,0.42,0.08,0.46,0.02,0.02,0.0,0.0,0.0,0.0,0.0,0.0,0.0,0.0,0.0,0.0
41,1,5,0,True,0.42910989576736674,0.06770646278945947,1,qEHVI,0.38,0.12,0.4,0.04,0.0,0.0,0.0,0.0,0.02,0.0,0.0,0.0,0.0,0.04,0.0
41,1,5,0,True,0.42910989576736674,0.06770646278945947,2,qEHVI,0.0,0.5,0.44,0.04,0.0,0.0,0.0,0.0,0.0,0.0,0.0,0.0,0.0,0.0,0.02
41,1,5,0,True,0.42910989576736674,0.06770646278945947,3,qEHVI,0.32,0.5,0.1,0.04,0.0,0.0,0.0,0.0,0.0,0.0,0.0,0.04,0.0,0.0,0.0
41,1,5,0,True,0.42910989576736674,0.06770646278945947,4,qEHVI,0.44,0.04,0.44,0.0,0.02,0.0,0.0,0.0,0.02,0.0,0.0,0.0,0.0,0.02,0.02
41,2,4,1,False,0.3871460228691278,0.04335385259013336,0,qEHVI,0.42,0.08,0.46,0.02,0.02,0.0,0.0,0.0,0.0,0.0,0.0,0.0,0.0,0.0,0.0
41,2,4,1,False,0.3871460228691278,0.04335385259013336,1,qEHVI,0.38,0.12,0.4,0.04,0.0,0.0,0.0,0.0,0.02,0.0,0.0,0.0,0.0,0.04,0.0
41,2,4,1,False,0.3871460228691278,0.04335385259013336,2,qEHVI,0.0,0.5,0.44,0.04,0.0,0.0,0.0,0.0,0.0,0.0,0.0,0.0,0.0,0.0,0.02
41,2,4,1,False,0.3871460228691278,0.04335385259013336,3,qEHVI,0.44,0.04,0.44,0.0,0.02,0.0,0.0,0.0,0.02,0.0,0.0,0.0,0.0,0.02,0.02
41,2,4,1,False,0.3871460228691278,0.04335385259013336,4,qUCB,0.54,0.34,0.04,0.0,0.0,0.0,0.0,0.0,0.0,0.0,0.0,0.04,0.0,0.0,0.04
41,3,3,2,False,0.38197014538410407,0.07125972501713385,0,qEHVI,0.42,0.08,0.46,0.02,0.02,0.0,0.0,0.0,0.0,0.0,0.0,0.0,0.0,0.0,0.0
41,3,3,2,False,0.38197014538410407,0.07125972501713385,1,qEHVI,0.38,0.12,0.4,0.04,0.0,0.0,0.0,0.0,0.02,0.0,0.0,0.0,0.0,0.04,0.0
41,3,3,2,False,0.38197014538410407,0.07125972501713385,2,qEHVI,0.0,0.5,0.44,0.04,0.0,0.0,0.0,0.0,0.0,0.0,0.0,0.0,0.0,0.0,0.02
41,3,3,2,False,0.38197014538410407,0.07125972501713385,3,qUCB,0.44,0.08,0.38,0.0,0.0,0.0,0.0,0.0,0.02,0.0,0.0,0.04,0.0,0.0,0.04
41,3,3,2,False,0.38197014538410407,0.07125972501713385,4,qUCB,0.32,0.22,0.36,0.0,0.0,0.0,0.0,0.0,0.0,0.0,0.0,0.04,0.0,0.02,0.04
41,4,2,3,False,0.34107845557727573,0.011923545944558356,0,qEHVI,0.42,0.08,0.46,0.02,0.02,0.0,0.0,0.0,0.0,0.0,0.0,0.0,0.0,0.0,0.0
41,4,2,3,False,0.34107845557727573,0.011923545944558356,1,qEHVI,0.38,0.12,0.4,0.04,0.0,0.0,0.0,0.0,0.02,0.0,0.0,0.0,0.0,0.04,0.0
41,4,2,3,False,0.34107845557727573,0.011923545944558356,2,qUCB,0.44,0.08,0.38,0.0,0.0,0.0,0.0,0.0,0.02,0.0,0.0,0.04,0.0,0.0,0.04
41,4,2,3,False,0.34107845557727573,0.011923545944558356,3,qUCB,0.28,0.28,0.34,0.0,0.0,0.0,0.0,0.0,0.02,0.0,0.0,0.04,0.0,0.0,0.04
41,4,2,3,False,0.34107845557727573,0.011923545944558356,4,qUCB,0.04,0.76,0.1,0.04,0.0,0.0,0.0,0.0,0.02,0.0,0.0,0.0,0.0,0.0,0.04
41,5,1,4,False,0.3518438982840796,0.038086875858265756,0,qEHVI,0.42,0.08,0.46,0.02,0.02,0.0,0.0,0.0,0.0,0.0,0.0,0.0,0.0,0.0,0.0
41,5,1,4,False,0.3518438982840796,0.038086875858265756,1,qUCB,0.4,0.14,0.36,0.0,0.0,0.0,0.0,0.0,0.04,0.0,0.0,0.04,0.0,0.02,0.0
41,5,1,4,False,0.3518438982840796,0.038086875858265756,2,qUCB,0.44,0.08,0.38,0.0,0.0,0.0,0.0,0.0,0.02,0.0,0.0,0.04,0.0,0.0,0.04
41,5,1,4,False,0.3518438982840796,0.038086875858265756,3,qUCB,0.28,0.28,0.34,0.0,0.0,0.0,0.0,0.0,0.02,0.0,0.0,0.04,0.0,0.0,0.04
41,5,1,4,False,0.3518438982840796,0.038086875858265756,4,qUCB,0.18,0.36,0.36,0.0,0.0,0.0,0.0,0.0,0.02,0.0,0.0,0.04,0.0,0.04,0.0
41,6,0,5,False,0.1794248786722673,0.011394506274095662,0,qUCB,0.42,0.1,0.38,0.02,0.0,0.0,0.0,0.0,0.02,0.0,0.0,0.04,0.0,0.02,0.0
41,6,0,5,False,0.1794248786722673,0.011394506274095662,1,qUCB,0.4,0.12,0.38,0.02,0.0,0.0,0.0,0.0,0.0,0.0,0.0,0.0,0.0,0.04,0.04
41,6,0,5,False,0.1794248786722673,0.011394506274095662,2,qUCB,0.36,0.5,0.04,0.04,0.0,0.0,0.0,0.0,0.02,0.0,0.0,0.04,0.0,0.0,0.0
41,6,0,5,False,0.1794248786722673,0.011394506274095662,3,qUCB,0.08,0.76,0.08,0.04,0.04,0.0,0.0,0.0,0.0,0.0,0.0,0.0,0.0,0.0,0.0
41,6,0,5,False,0.1794248786722673,0.011394506274095662,4,qUCB,0.02,0.8200000000000001,0.08,0.04,0.0,0.0,0.0,0.0,0.02,0.0,0.0,0.0,0.0,0.0,0.02
42,1,5,0,True,0.4296568552653324,0.05640159040548198,0,qEHVI,0.46,0.06,0.44,0.0,0.02,0.0,0.0,0.0,0.0,0.0,0.0,0.02,0.0,0.0,0.0
42,1,5,0,True,0.4296568552653324,0.05640159040548198,1,qEHVI,0.38,0.14,0.38,0.0,0.0,0.0,0.0,0.0,0.04,0.0,0.0,0.04,0.0,0.0,0.02
42,1,5,0,True,0.4296568552653324,0.05640159040548198,2,qEHVI,0.64,0.22,0.04,0.0,0.04,0.0,0.0,0.0,0.0,0.0,0.0,0.04,0.0,0.0,0.02
42,1,5,0,True,0.4296568552653324,0.05640159040548198,3,qEHVI,0.0,0.54,0.42,0.0,0.02,0.0,0.0,0.0,0.0,0.0,0.0,0.0,0.0,0.02,0.0
42,1,5,0,True,0.4296568552653324,0.05640159040548198,4,qEHVI,0.28,0.3,0.32,0.0,0.04,0.0,0.0,0.0,0.0,0.0,0.0,0.04,0.0,0.0,0.02
42,2,4,1,False,0.3823662456388963,0.11285138715915011,0,qEHVI,0.46,0.06,0.44,0.0,0.02,0.0,0.0,0.0,0.0,0.0,0.0,0.02,0.0,0.0,0.0
42,2,4,1,False,0.3823662456388963,0.11285138715915011,1,qEHVI,0.38,0.14,0.38,0.0,0.0,0.0,0.0,0.0,0.04,0.0,0.0,0.04,0.0,0.0,0.02
42,2,4,1,False,0.3823662456388963,0.11285138715915011,2,qEHVI,0.64,0.22,0.04,0.0,0.04,0.0,0.0,0.0,0.0,0.0,0.0,0.04,0.0,0.0,0.02
42,2,4,1,False,0.3823662456388963,0.11285138715915011,3,qEHVI,0.0,0.54,0.42,0.0,0.02,0.0,0.0,0.0,0.0,0.0,0.0,0.0,0.0,0.02,0.0
42,2,4,1,False,0.3823662456388963,0.11285138715915011,4,qUCB,0.42,0.08,0.4,0.04,0.0,0.0,0.0,0.0,0.0,0.0,0.0,0.0,0.0,0.02,0.04
42,3,3,2,False,0.31116263662635135,0.12623736634361116,0,qEHVI,0.46,0.06,0.44,0.0,0.02,0.0,0.0,0.0,0.0,0.0,0.0,0.02,0.0,0.0,0.0
42,3,3,2,False,0.31116263662635135,0.12623736634361116,1,qEHVI,0.38,0.14,0.38,0.0,0.0,0.0,0.0,0.0,0.04,0.0,0.0,0.04,0.0,0.0,0.02
42,3,3,2,False,0.31116263662635135,0.12623736634361116,2,qEHVI,0.64,0.22,0.04,0.0,0.04,0.0,0.0,0.0,0.0,0.0,0.0,0.04,0.0,0.0,0.02
42,3,3,2,False,0.31116263662635135,0.12623736634361116,3,qUCB,0.42,0.08,0.4,0.04,0.0,0.0,0.0,0.0,0.0,0.0,0.0,0.0,0.0,0.02,0.04
42,3,3,2,False,0.31116263662635135,0.12623736634361116,4,qUCB,0.0,0.8200000000000001,0.08,0.04,0.0,0.0,0.0,0.0,0.0,0.0,0.0,0.0,0.0,0.04,0.02
42,4,2,3,False,0.26943538272885204,0.025192940706075362,0,qEHVI,0.46,0.06,0.44,0.0,0.02,0.0,0.0,0.0,0.0,0.0,0.0,0.02,0.0,0.0,0.0
42,4,2,3,False,0.26943538272885204,0.025192940706075362,1,qEHVI,0.38,0.14,0.38,0.0,0.0,0.0,0.0,0.0,0.04,0.0,0.0,0.04,0.0,0.0,0.02
42,4,2,3,False,0.26943538272885204,0.025192940706075362,2,qUCB,0.42,0.08,0.4,0.04,0.0,0.0,0.0,0.0,0.0,0.0,0.0,0.0,0.0,0.02,0.04
42,4,2,3,False,0.26943538272885204,0.025192940706075362,3,qUCB,0.0,0.8200000000000001,0.08,0.04,0.0,0.0,0.0,0.0,0.0,0.0,0.0,0.0,0.0,0.04,0.02
42,4,2,3,False,0.26943538272885204,0.025192940706075362,4,qUCB,0.08,0.74,0.08,0.04,0.0,0.0,0.0,0.0,0.0,0.0,0.0,0.0,0.0,0.02,0.04
42,5,1,4,False,0.1995738940339445,0.03456857220760723,0,qEHVI,0.46,0.06,0.44,0.0,0.02,0.0,0.0,0.0,0.0,0.0,0.0,0.02,0.0,0.0,0.0
42,5,1,4,False,0.1995738940339445,0.03456857220760723,1,qUCB,0.42,0.1,0.38,0.04,0.0,0.0,0.0,0.0,0.02,0.0,0.0,0.0,0.0,0.0,0.04
42,5,1,4,False,0.1995738940339445,0.03456857220760723,2,qUCB,0.0,0.8200000000000001,0.08,0.04,0.0,0.0,0.0,0.0,0.0,0.0,0.0,0.0,0.0,0.04,0.02
42,5,1,4,False,0.1995738940339445,0.03456857220760723,3,qUCB,0.34,0.42,0.14,0.0,0.0,0.0,0.0,0.0,0.02,0.0,0.0,0.0,0.0,0.04,0.04
42,5,1,4,False,0.1995738940339445,0.03456857220760723,4,qUCB,0.08,0.74,0.08,0.04,0.0,0.0,0.0,0.0,0.0,0.0,0.0,0.0,0.0,0.02,0.04
42,6,0,5,False,0.18585718809755603,0.13274885838670092,0,qUCB,0.42,0.1,0.38,0.0,0.0,0.0,0.0,0.0,0.02,0.0,0.0,0.04,0.0,0.04,0.0
42,6,0,5,False,0.18585718809755603,0.13274885838670092,1,qUCB,0.22,0.36,0.32,0.0,0.02,0.0,0.0,0.0,0.0,0.0,0.0,0.04,0.0,0.02,0.02
42,6,0,5,False,0.18585718809755603,0.13274885838670092,2,qUCB,0.38,0.48,0.04,0.04,0.02,0.0,0.0,0.0,0.0,0.0,0.0,0.04,0.0,0.0,0.0
42,6,0,5,False,0.18585718809755603,0.13274885838670092,3,qUCB,0.08,0.74,0.08,0.04,0.0,0.0,0.0,0.0,0.0,0.0,0.0,0.0,0.0,0.02,0.04
42,6,0,5,False,0.18585718809755603,0.13274885838670092,4,qUCB,0.24,0.36,0.34,0.0,0.02,0.0,0.0,0.0,0.0,0.0,0.0,0.04,0.0,0.0,0.0
43,1,5,0,True,0.3893253439018007,0.05319505616486353,0,qEHVI,0.44,0.02,0.44,0.0,0.04,0.0,0.0,0.0,0.02,0.0,0.0,0.0,0.0,0.02,0.02
43,1,5,0,True,0.3893253439018007,0.05319505616486353,1,qEHVI,0.38,0.16,0.4,0.0,0.0,0.0,0.0,0.0,0.02,0.0,0.0,0.04,0.0,0.0,0.0
43,1,5,0,True,0.3893253439018007,0.05319505616486353,2,qEHVI,0.36,0.16,0.4,0.04,0.0,0.0,0.0,0.0,0.0,0.0,0.0,0.0,0.0,0.04,0.0
43,1,5,0,True,0.3893253439018007,0.05319505616486353,3,qEHVI,0.62,0.26,0.04,0.0,0.0,0.0,0.0,0.0,0.0,0.0,0.0,0.0,0.0,0.04,0.04
43,1,5,0,True,0.3893253439018007,0.05319505616486353,4,qEHVI,0.42,0.02,0.46,0.02,0.04,0.0,0.0,0.0,0.04,0.0,0.0,0.0,0.0,0.0,0.0
43,2,4,1,False,0.34799971302296584,0.06881727128360282,0,qEHVI,0.44,0.02,0.44,0.0,0.04,0.0,0.0,0.0,0.02,0.0,0.0,0.0,0.0,0.02,0.02
43,2,4,1,False,0.34799971302296584,0.06881727128360282,1,qEHVI,0.38,0.16,0.4,0.0,0.0,0.0,0.0,0.0,0.02,0.0,0.0,0.04,0.0,0.0,0.0
43,2,4,1,False,0.34799971302296584,0.06881727128360282,2,qEHVI,0.36,0.16,0.4,0.04,0.0,0.0,0.0,0.0,0.0,0.0,0.0,0.0,0.0,0.04,0.0
43,2,4,1,False,0.34799971302296584,0.06881727128360282,3,qEHVI,0.42,0.02,0.46,0.02,0.04,0.0,0.0,0.0,0.04,0.0,0.0,0.0,0.0,0.0,0.0
43,2,4,1,False,0.34799971302296584,0.06881727128360282,4,qUCB,0.38,0.1,0.42,0.04,0.0,0.0,0.0,0.0,0.0,0.0,0.0,0.02,0.0,0.0,0.04
43,3,3,2,False,0.300784693337014,0.024381628201782135,0,qEHVI,0.44,0.02,0.44,0.0,0.04,0.0,0.0,0.0,0.02,0.0,0.0,0.0,0.0,0.02,0.02
43,3,3,2,False,0.300784693337014,0.024381628201782135,1,qEHVI,0.38,0.16,0.4,0.0,0.0,0.0,0.0,0.0,0.02,0.0,0.0,0.04,0.0,0.0,0.0
43,3,3,2,False,0.300784693337014,0.024381628201782135,2,qEHVI,0.36,0.16,0.4,0.04,0.0,0.0,0.0,0.0,0.0,0.0,0.0,0.0,0.0,0.04,0.0
43,3,3,2,False,0.300784693337014,0.024381628201782135,3,qUCB,0.38,0.1,0.42,0.04,0.0,0.0,0.0,0.0,0.0,0.0,0.0,0.02,0.0,0.0,0.04
43,3,3,2,False,0.300784693337014,0.024381628201782135,4,qUCB,0.2,0.34,0.36,0.0,0.0,0.0,0.0,0.0,0.0,0.0,0.0,0.02,0.0,0.04,0.04
43,4,2,3,False,0.3198220921813268,0.005583690633102378,0,qEHVI,0.44,0.02,0.44,0.0,0.04,0.0,0.0,0.0,0.02,0.0,0.0,0.0,0.0,0.02,0.02
43,4,2,3,False,0.3198220921813268,0.005583690633102378,1,qEHVI,0.38,0.16,0.4,0.0,0.0,0.0,0.0,0.0,0.02,0.0,0.0,0.04,0.0,0.0,0.0
43,4,2,3,False,0.3198220921813268,0.005583690633102378,2,qUCB,0.36,0.16,0.4,0.04,0.0,0.0,0.0,0.0,0.0,0.0,0.0,0.0,0.0,0.04,0.0
43,4,2,3,False,0.3198220921813268,0.005583690633102378,3,qUCB,0.0,0.8200000000000001,0.1,0.04,0.0,0.0,0.0,0.0,0.0,0.0,0.0,0.0,0.0,0.04,0.0
43,4,2,3,False,0.3198220921813268,0.005583690633102378,4,qUCB,0.38,0.2,0.34,0.04,0.0,0.0,0.0,0.0,0.0,0.0,0.0,0.0,0.0,0.0,0.04
43,5,1,4,False,0.15873398151595935,0.15129351173812022,0,qEHVI,0.44,0.02,0.44,0.0,0.04,0.0,0.0,0.0,0.02,0.0,0.0,0.0,0.0,0.02,0.02
43,5,1,4,False,0.15873398151595935,0.15129351173812022,1,qUCB,0.42,0.12,0.36,0.04,0.0,0.0,0.0,0.0,0.02,0.0,0.0,0.04,0.0,0.0,0.0
43,5,1,4,False,0.15873398151595935,0.15129351173812022,2,qUCB,0.14,0.7000000000000001,0.06,0.04,0.0,0.0,0.0,0.0,0.0,0.0,0.0,0.04,0.0,0.0,0.02
43,5,1,4,False,0.15873398151595935,0.15129351173812022,3,qUCB,0.4,0.44,0.06,0.04,0.0,0.0,0.0,0.0,0.0,0.0,0.0,0.04,0.0,0.0,0.02
43,5,1,4,False,0.15873398151595935,0.15129351173812022,4,qUCB,0.3,0.46,0.16,0.04,0.0,0.0,0.0,0.0,0.0,0.0,0.0,0.04,0.0,0.0,0.0
43,6,0,5,False,0.15481344869068406,0.2120971456651537,0,qUCB,0.4,0.1,0.4,0.0,0.0,0.0,0.0,0.0,0.0,0.0,0.0,0.04,0.0,0.04,0.02
43,6,0,5,False,0.15481344869068406,0.2120971456651537,1,qUCB,0.48,0.38,0.06,0.0,0.04,0.0,0.0,0.0,0.0,0.0,0.0,0.0,0.0,0.0,0.04
43,6,0,5,False,0.15481344869068406,0.2120971456651537,2,qUCB,0.2,0.34,0.36,0.0,0.0,0.0,0.0,0.0,0.0,0.0,0.0,0.02,0.0,0.04,0.04
43,6,0,5,False,0.15481344869068406,0.2120971456651537,3,qUCB,0.44,0.1,0.36,0.04,0.0,0.0,0.0,0.0,0.0,0.0,0.0,0.0,0.0,0.02,0.04
43,6,0,5,False,0.15481344869068406,0.2120971456651537,4,qUCB,0.84,0.0,0.14,0.0,0.02,0.0,0.0,0.0,0.0,0.0,0.0,0.0,0.0,0.0,0.0
44,1,5,0,True,0.4111583169727671,0.12102510566361957,0,qEHVI,0.4,0.04,0.46,0.02,0.04,0.0,0.0,0.0,0.0,0.0,0.0,0.02,0.0,0.0,0.02
44,1,5,0,True,0.4111583169727671,0.12102510566361957,1,qEHVI,0.52,0.36,0.04,0.0,0.04,0.0,0.0,0.0,0.0,0.0,0.0,0.0,0.0,0.0,0.04
44,1,5,0,True,0.4111583169727671,0.12102510566361957,2,qEHVI,0.36,0.16,0.4,0.04,0.0,0.0,0.0,0.0,0.0,0.0,0.0,0.04,0.0,0.0,0.0
44,1,5,0,True,0.4111583169727671,0.12102510566361957,3,qEHVI,0.48,0.06,0.36,0.0,0.0,0.0,0.0,0.0,0.04,0.0,0.0,0.02,0.0,0.0,0.04
44,1,5,0,True,0.4111583169727671,0.12102510566361957,4,qEHVI,0.44,0.02,0.44,0.02,0.04,0.0,0.0,0.0,0.0,0.0,0.0,0.0,0.0,0.04,0.0
44,2,4,1,False,0.35189376259894356,0.04118659464985441,0,qEHVI,0.4,0.04,0.46,0.02,0.04,0.0,0.0,0.0,0.0,0.0,0.0,0.02,0.0,0.0,0.02
44,2,4,1,False,0.35189376259894356,0.04118659464985441,1,qEHVI,0.52,0.36,0.04,0.0,0.04,0.0,0.0,0.0,0.0,0.0,0.0,0.0,0.0,0.0,0.04
44,2,4,1,False,0.35189376259894356,0.04118659464985441,2,qEHVI,0.36,0.16,0.4,0.04,0.0,0.0,0.0,0.0,0.0,0.0,0.0,0.04,0.0,0.0,0.0
44,2,4,1,False,0.35189376259894356,0.04118659464985441,3,qEHVI,0.48,0.06,0.36,0.0,0.0,0.0,0.0,0.0,0.04,0.0,0.0,0.02,0.0,0.0,0.04
44,2,4,1,False,0.35189376259894356,0.04118659464985441,4,qUCB,0.4,0.14,0.42,0.0,0.0,0.0,0.0,0.0,0.0,0.0,0.0,0.0,0.0,0.04,0.0
44,3,3,2,False,0.2912383182320056,0.418516169507285,0,qEHVI,0.4,0.04,0.46,0.02,0.04,0.0,0.0,0.0,0.0,0.0,0.0,0.02,0.0,0.0,0.02
44,3,3,2,False,0.2912383182320056,0.418516169507285,1,qEHVI,0.52,0.36,0.04,0.0,0.04,0.0,0.0,0.0,0.0,0.0,0.0,0.0,0.0,0.0,0.04
44,3,3,2,False,0.2912383182320056,0.418516169507285,2,qEHVI,0.36,0.16,0.4,0.04,0.0,0.0,0.0,0.0,0.0,0.0,0.0,0.04,0.0,0.0,0.0
44,3,3,2,False,0.2912383182320056,0.418516169507285,3,qUCB,0.42,0.08,0.42,0.0,0.0,0.0,0.0,0.0,0.04,0.0,0.0,0.0,0.0,0.04,0.0
44,3,3,2,False,0.2912383182320056,0.418516169507285,4,qUCB,0.5,0.02,0.4,0.0,0.0,0.0,0.0,0.0,0.04,0.0,0.0,0.0,0.0,0.04,0.0
44,4,2,3,False,0.27068861244033243,0.19833595803430626,0,qEHVI,0.4,0.04,0.46,0.02,0.04,0.0,0.0,0.0,0.0,0.0,0.0,0.02,0.0,0.0,0.02
44,4,2,3,False,0.27068861244033243,0.19833595803430626,1,qEHVI,0.52,0.36,0.04,0.0,0.04,0.0,0.0,0.0,0.0,0.0,0.0,0.0,0.0,0.0,0.04
44,4,2,3,False,0.27068861244033243,0.19833595803430626,2,qUCB,0.42,0.1,0.38,0.0,0.0,0.0,0.0,0.0,0.04,0.0,0.0,0.02,0.0,0.04,0.0
44,4,2,3,False,0.27068861244033243,0.19833595803430626,3,qUCB,0.42,0.08,0.42,0.0,0.0,0.0,0.0,0.0,0.04,0.0,0.0,0.0,0.0,0.04,0.0
44,4,2,3,False,0.27068861244033243,0.19833595803430626,4,qUCB,0.1,0.6,0.2,0.0,0.0,0.0,0.0,0.0,0.04,0.0,0.0,0.02,0.0,0.04,0.0
44,5,1,4,False,0.19091863896053549,0.16753382577146958,0,qEHVI,0.4,0.04,0.46,0.02,0.04,0.0,0.0,0.0,0.0,0.0,0.0,0.02,0.0,0.0,0.02
44,5,1,4,False,0.19091863896053549,0.16753382577146958,1,qUCB,0.42,0.1,0.38,0.0,0.0,0.0,0.0,0.0,0.04,0.0,0.0,0.02,0.0,0.04,0.0
44,5,1,4,False,0.19091863896053549,0.16753382577146958,2,qUCB,0.42,0.08,0.42,0.0,0.0,0.0,0.0,0.0,0.04,0.0,0.0,0.0,0.0,0.04,0.0
44,5,1,4,False,0.19091863896053549,0.16753382577146958,3,qUCB,0.1,0.6,0.2,0.0,0.0,0.0,0.0,0.0,0.04,0.0,0.0,0.02,0.0,0.04,0.0
44,5,1,4,False,0.19091863896053549,0.16753382577146958,4,qUCB,0.14,0.38,0.38,0.0,0.0,0.0,0.0,0.0,0.04,0.0,0.0,0.0,0.0,0.04,0.02
44,6,0,5,False,0.1782909677113346,0.26474215261747247,0,qUCB,0.42,0.1,0.38,0.0,0.0,0.0,0.0,0.0,0.04,0.0,0.0,0.02,0.0,0.04,0.0
44,6,0,5,False,0.1782909677113346,0.26474215261747247,1,qUCB,0.18,0.36,0.36,0.0,0.0,0.0,0.0,0.0,0.0,0.0,0.0,0.04,0.0,0.02,0.04
44,6,0,5,False,0.1782909677113346,0.26474215261747247,2,qUCB,0.7000000000000001,0.14,0.08,0.0,0.0,0.0,0.0,0.0,0.0,0.0,0.0,0.04,0.0,0.0,0.04
44,6,0,5,False,0.1782909677113346,0.26474215261747247,3,qUCB,0.46,0.06,0.38,0.02,0.0,0.0,0.0,0.0,0.04,0.0,0.0,0.04,0.0,0.0,0.0
44,6,0,5,False,0.1782909677113346,0.26474215261747247,4,qUCB,0.48,0.4,0.06,0.0,0.02,0.0,0.0,0.0,0.0,0.0,0.0,0.0,0.0,0.0,0.04
45,1,5,0,True,0.3902509582109936,0.12327982167743023,0,qEHVI,0.4,0.04,0.46,0.02,0.04,0.0,0.0,0.0,0.02,0.0,0.0,0.0,0.0,0.02,0.0
45,1,5,0,True,0.3902509582109936,0.12327982167743023,1,qEHVI,0.38,0.2,0.38,0.0,0.0,0.0,0.0,0.0,0.0,0.0,0.0,0.04,0.0,0.0,0.0
45,1,5,0,True,0.3902509582109936,0.12327982167743023,2,qEHVI,0.56,0.3,0.04,0.0,0.04,0.0,0.0,0.0,0.04,0.0,0.0,0.0,0.0,0.02,0.0
45,1,5,0,True,0.3902509582109936,0.12327982167743023,3,qEHVI,0.46,0.0,0.44,0.0,0.02,0.0,0.0,0.0,0.04,0.0,0.0,0.04,0.0,0.0,0.0
45,1,5,0,True,0.3902509582109936,0.12327982167743023,4,qEHVI,0.32,0.44,0.14,0.0,0.04,0.0,0.0,0.0,0.0,0.0,0.0,0.02,0.0,0.04,0.0
45,2,4,1,False,0.34751868068220654,0.12643337505581442,0,qEHVI,0.4,0.04,0.46,0.02,0.04,0.0,0.0,0.0,0.02,0.0,0.0,0.0,0.0,0.02,0.0
45,2,4,1,False,0.34751868068220654,0.12643337505581442,1,qEHVI,0.38,0.2,0.38,0.0,0.0,0.0,0.0,0.0,0.0,0.0,0.0,0.04,0.0,0.0,0.0
45,2,4,1,False,0.34751868068220654,0.12643337505581442,2,qEHVI,0.56,0.3,0.04,0.0,0.04,0.0,0.0,0.0,0.04,0.0,0.0,0.0,0.0,0.02,0.0
45,2,4,1,False,0.34751868068220654,0.12643337505581442,3,qEHVI,0.46,0.0,0.44,0.0,0.02,0.0,0.0,0.0,0.04,0.0,0.0,0.04,0.0,0.0,0.0
45,2,4,1,False,0.34751868068220654,0.12643337505581442,4,qUCB,0.56,0.3,0.06,0.0,0.0,0.0,0.0,0.0,0.0,0.0,0.0,0.0,0.0,0.04,0.04
45,3,3,2,False,0.2886723498478795,0.18847208124061332,0,qEHVI,0.4,0.04,0.46,0.02,0.04,0.0,0.0,0.0,0.02,0.0,0.0,0.0,0.0,0.02,0.0
45,3,3,2,False,0.2886723498478795,0.18847208124061332,1,qEHVI,0.38,0.2,0.38,0.0,0.0,0.0,0.0,0.0,0.0,0.0,0.0,0.04,0.0,0.0,0.0
45,3,3,2,False,0.2886723498478795,0.18847208124061332,2,qEHVI,0.56,0.3,0.04,0.0,0.04,0.0,0.0,0.0,0.04,0.0,0.0,0.0,0.0,0.02,0.0
45,3,3,2,False,0.2886723498478795,0.18847208124061332,3,qUCB,0.56,0.3,0.06,0.0,0.0,0.0,0.0,0.0,0.0,0.0,0.0,0.0,0.0,0.04,0.04
45,3,3,2,False,0.2886723498478795,0.18847208124061332,4,qUCB,0.22,0.32,0.38,0.0,0.0,0.0,0.0,0.0,0.0,0.0,0.0,0.0,0.0,0.04,0.04
45,4,2,3,False,0.20364077796900198,0.03925283025214377,0,qEHVI,0.4,0.04,0.46,0.02,0.04,0.0,0.0,0.0,0.02,0.0,0.0,0.0,0.0,0.02,0.0
45,4,2,3,False,0.20364077796900198,0.03925283025214377,1,qEHVI,0.38,0.2,0.38,0.0,0.0,0.0,0.0,0.0,0.0,0.0,0.0,0.04,0.0,0.0,0.0
45,4,2,3,False,0.20364077796900198,0.03925283025214377,2,qUCB,0.56,0.3,0.06,0.0,0.0,0.0,0.0,0.0,0.0,0.0,0.0,0.0,0.0,0.04,0.04
45,4,2,3,False,0.20364077796900198,0.03925283025214377,3,qUCB,0.22,0.32,0.38,0.0,0.0,0.0,0.0,0.0,0.0,0.0,0.0,0.0,0.0,0.04,0.04
45,4,2,3,False,0.20364077796900198,0.03925283025214377,4,qUCB,0.02,0.8200000000000001,0.08,0.04,0.0,0.0,0.0,0.0,0.0,0.0,0.0,0.0,0.0,0.0,0.04
45,5,1,4,False,0.14288811244826172,0.07622092673198377,0,qEHVI,0.4,0.04,0.46,0.02,0.04,0.0,0.0,0.0,0.02,0.0,0.0,0.0,0.0,0.02,0.0
45,5,1,4,False,0.14288811244826172,0.07622092673198377,1,qUCB,0.54,0.34,0.04,0.0,0.0,0.0,0.0,0.0,0.0,0.0,0.0,0.04,0.0,0.0,0.04
45,5,1,4,False,0.14288811244826172,0.07622092673198377,2,qUCB,0.1,0.62,0.2,0.0,0.0,0.0,0.0,0.0,0.0,0.0,0.0,0.04,0.0,0.0,0.04
45,5,1,4,False,0.14288811244826172,0.07622092673198377,3,qUCB,0.14,0.44,0.34,0.0,0.0,0.0,0.0,0.0,0.0,0.0,0.0,0.04,0.0,0.0,0.04
45,5,1,4,False,0.14288811244826172,0.07622092673198377,4,qUCB,0.12,0.42,0.38,0.0,0.0,0.0,0.0,0.0,0.0,0.0,0.0,0.04,0.0,0.0,0.04
45,6,0,5,False,0.1693333392094091,0.055054915691586714,0,qUCB,0.4,0.1,0.4,0.0,0.0,0.0,0.0,0.0,0.0,0.0,0.0,0.04,0.0,0.04,0.02
45,6,0,5,False,0.1693333392094091,0.055054915691586714,1,qUCB,0.38,0.14,0.38,0.04,0.0,0.0,0.0,0.0,0.0,0.0,0.0,0.02,0.0,0.0,0.04
45,6,0,5,False,0.1693333392094091,0.055054915691586714,2,qUCB,0.2,0.4,0.36,0.0,0.0,0.0,0.0,0.0,0.0,0.0,0.0,0.0,0.0,0.0,0.04
45,6,0,5,False,0.1693333392094091,0.055054915691586714,3,qUCB,0.42,0.1,0.38,0.04,0.0,0.0,0.0,0.0,0.0,0.0,0.0,0.04,0.0,0.02,0.0
45,6,0,5,False,0.1693333392094091,0.055054915691586714,4,qUCB,0.36,0.5,0.04,0.04,0.04,0.0,0.0,0.0,0.0,0.0,0.0,0.02,0.0,0.0,0.0
46,1,5,0,True,0.41917562548601967,0.35454893577291635,0,qEHVI,0.4,0.12,0.46,0.0,0.0,0.0,0.0,0.0,0.02,0.0,0.0,0.0,0.0,0.0,0.0
46,1,5,0,True,0.41917562548601967,0.35454893577291635,1,qEHVI,0.38,0.16,0.38,0.0,0.0,0.0,0.0,0.0,0.0,0.0,0.0,0.0,0.0,0.04,0.04
46,1,5,0,True,0.41917562548601967,0.35454893577291635,2,qEHVI,0.64,0.2,0.06,0.0,0.02,0.0,0.0,0.0,0.0,0.0,0.0,0.0,0.0,0.04,0.04
46,1,5,0,True,0.41917562548601967,0.35454893577291635,3,qEHVI,0.32,0.3,0.28,0.0,0.04,0.0,0.0,0.0,0.0,0.0,0.0,0.04,0.0,0.02,0.0
46,1,5,0,True,0.41917562548601967,0.35454893577291635,4,qEHVI,0.56,0.28,0.06,0.0,0.04,0.0,0.0,0.0,0.02,0.0,0.0,0.0,0.0,0.02,0.02
46,2,4,1,False,0.4198327305149023,0.0953158194001702,0,qEHVI,0.4,0.12,0.46,0.0,0.0,0.0,0.0,0.0,0.02,0.0,0.0,0.0,0.0,0.0,0.0
46,2,4,1,False,0.4198327305149023,0.0953158194001702,1,qEHVI,0.38,0.16,0.38,0.0,0.0,0.0,0.0,0.0,0.0,0.0,0.0,0.0,0.0,0.04,0.04
46,2,4,1,False,0.4198327305149023,0.0953158194001702,2,qEHVI,0.64,0.2,0.06,0.0,0.02,0.0,0.0,0.0,0.0,0.0,0.0,0.0,0.0,0.04,0.04
46,2,4,1,False,0.4198327305149023,0.0953158194001702,3,qEHVI,0.32,0.3,0.28,0.0,0.04,0.0,0.0,0.0,0.0,0.0,0.0,0.04,0.0,0.02,0.0
46,2,4,1,False,0.4198327305149023,0.0953158194001702,4,qUCB,0.36,0.22,0.32,0.04,0.0,0.0,0.0,0.0,0.0,0.0,0.0,0.04,0.0,0.0,0.02
46,3,3,2,False,0.38931930321452046,0.1362885390372508,0,qEHVI,0.4,0.12,0.46,0.0,0.0,0.0,0.0,0.0,0.02,0.0,0.0,0.0,0.0,0.0,0.0
46,3,3,2,False,0.38931930321452046,0.1362885390372508,1,qEHVI,0.38,0.16,0.38,0.0,0.0,0.0,0.0,0.0,0.0,0.0,0.0,0.0,0.0,0.04,0.04
46,3,3,2,False,0.38931930321452046,0.1362885390372508,2,qEHVI,0.32,0.3,0.28,0.0,0.04,0.0,0.0,0.0,0.0,0.0,0.0,0.04,0.0,0.02,0.0
46,3,3,2,False,0.38931930321452046,0.1362885390372508,3,qUCB,0.36,0.22,0.32,0.04,0.0,0.0,0.0,0.0,0.0,0.0,0.0,0.04,0.0,0.0,0.02
46,3,3,2,False,0.38931930321452046,0.1362885390372508,4,qUCB,0.4,0.14,0.38,0.04,0.04,0.0,0.0,0.0,0.0,0.0,0.0,0.0,0.0,0.0,0.0
46,4,2,3,False,0.27838674588159235,0.18511929962276596,0,qEHVI,0.4,0.12,0.46,0.0,0.0,0.0,0.0,0.0,0.02,0.0,0.0,0.0,0.0,0.0,0.0
46,4,2,3,False,0.27838674588159235,0.18511929962276596,1,qEHVI,0.38,0.16,0.38,0.0,0.0,0.0,0.0,0.0,0.0,0.0,0.0,0.0,0.0,0.04,0.04
46,4,2,3,False,0.27838674588159235,0.18511929962276596,2,qUCB,0.4,0.14,0.36,0.04,0.02,0.0,0.0,0.0,0.0,0.0,0.0,0.04,0.0,0.0,0.0
46,4,2,3,False,0.27838674588159235,0.18511929962276596,3,qUCB,0.22,0.62,0.06,0.02,0.04,0.0,0.0,0.0,0.0,0.0,0.0,0.04,0.0,0.0,0.0
46,4,2,3,False,0.27838674588159235,0.18511929962276596,4,qUCB,0.74,0.06,0.1,0.0,0.04,0.0,0.0,0.0,0.0,0.0,0.0,0.04,0.0,0.02,0.0
46,5,1,4,False,0.209909477058739,0.0726240496896775,0,qEHVI,0.4,0.12,0.46,0.0,0.0,0.0,0.0,0.0,0.02,0.0,0.0,0.0,0.0,0.0,0.0
46,5,1,4,False,0.209909477058739,0.0726240496896775,1,qUCB,0.66,0.16,0.08,0.0,0.04,0.0,0.0,0.0,0.0,0.0,0.0,0.0,0.0,0.02,0.04
46,5,1,4,False,0.209909477058739,0.0726240496896775,2,qUCB,0.68,0.14,0.08,0.0,0.0,0.0,0.0,0.0,0.0,0.0,0.0,0.04,0.0,0.02,0.04
46,5,1,4,False,0.209909477058739,0.0726240496896775,3,qUCB,0.14,0.72,0.04,0.04,0.02,0.0,0.0,0.0,0.0,0.0,0.0,0.0,0.0,0.04,0.0
46,5,1,4,False,0.209909477058739,0.0726240496896775,4,qUCB,0.36,0.5,0.04,0.04,0.02,0.0,0.0,0.0,0.0,0.0,0.0,0.04,0.0,0.0,0.0
46,6,0,5,False,0.11418184134368808,0.0825805592719564,0,qUCB,0.66,0.16,0.08,0.0,0.04,0.0,0.0,0.0,0.0,0.0,0.0,0.0,0.0,0.02,0.04
46,6,0,5,False,0.11418184134368808,0.0825805592719564,1,qUCB,0.62,0.14,0.24,0.0,0.0,0.0,0.0,0.0,0.0,0.0,0.0,0.0,0.0,0.0,0.0
46,6,0,5,False,0.11418184134368808,0.0825805592719564,2,qUCB,0.8200000000000001,0.0,0.18,0.0,0.0,0.0,0.0,0.0,0.0,0.0,0.0,0.0,0.0,0.0,0.0
46,6,0,5,False,0.11418184134368808,0.0825805592719564,3,qUCB,0.46,0.54,0.0,0.0,0.0,0.0,0.0,0.0,0.0,0.0,0.0,0.0,0.0,0.0,0.0
46,6,0,5,False,0.11418184134368808,0.0825805592719564,4,qUCB,0.26,0.18,0.54,0.0,0.0,0.0,0.0,0.0,0.0,0.0,0.0,0.0,0.0,0.0,0.02
47,1,5,0,True,0.41883265224945737,0.011317317994441467,0,qEHVI,0.0,0.52,0.48,0.0,0.0,0.0,0.0,0.0,0.0,0.0,0.0,0.0,0.0,0.0,0.0
47,1,5,0,True,0.41883265224945737,0.011317317994441467,1,qEHVI,0.44,0.06,0.44,0.02,0.04,0.0,0.0,0.0,0.0,0.0,0.0,0.0,0.0,0.0,0.0
47,1,5,0,True,0.41883265224945737,0.011317317994441467,2,qEHVI,0.36,0.16,0.38,0.0,0.0,0.0,0.0,0.0,0.04,0.0,0.0,0.02,0.0,0.04,0.0
47,1,5,0,True,0.41883265224945737,0.011317317994441467,3,qEHVI,0.42,0.2,0.36,0.0,0.0,0.0,0.0,0.0,0.0,0.0,0.0,0.0,0.0,0.0,0.02
47,1,5,0,True,0.41883265224945737,0.011317317994441467,4,qEHVI,0.32,0.48,0.1,0.04,0.0,0.0,0.0,0.0,0.0,0.0,0.0,0.04,0.0,0.0,0.02
47,2,4,1,False,0.3792203925886528,0.011108482255203,0,qEHVI,0.0,0.52,0.48,0.0,0.0,0.0,0.0,0.0,0.0,0.0,0.0,0.0,0.0,0.0,0.0
47,2,4,1,False,0.3792203925886528,0.011108482255203,1,qEHVI,0.44,0.06,0.44,0.02,0.04,0.0,0.0,0.0,0.0,0.0,0.0,0.0,0.0,0.0,0.0
47,2,4,1,False,0.3792203925886528,0.011108482255203,2,qEHVI,0.36,0.16,0.38,0.0,0.0,0.0,0.0,0.0,0.04,0.0,0.0,0.02,0.0,0.04,0.0
47,2,4,1,False,0.3792203925886528,0.011108482255203,3,qEHVI,0.42,0.2,0.36,0.0,0.0,0.0,0.0,0.0,0.0,0.0,0.0,0.0,0.0,0.0,0.02
47,2,4,1,False,0.3792203925886528,0.011108482255203,4,qUCB,0.48,0.02,0.4,0.04,0.0,0.0,0.0,0.0,0.0,0.0,0.0,0.04,0.0,0.02,0.0
47,3,3,2,False,0.35055807755993734,0.018911023168342922,0,qEHVI,0.0,0.52,0.48,0.0,0.0,0.0,0.0,0.0,0.0,0.0,0.0,0.0,0.0,0.0,0.0
47,3,3,2,False,0.35055807755993734,0.018911023168342922,1,qEHVI,0.44,0.06,0.44,0.02,0.04,0.0,0.0,0.0,0.0,0.0,0.0,0.0,0.0,0.0,0.0
47,3,3,2,False,0.35055807755993734,0.018911023168342922,2,qEHVI,0.36,0.16,0.38,0.0,0.0,0.0,0.0,0.0,0.04,0.0,0.0,0.02,0.0,0.04,0.0
47,3,3,2,False,0.35055807755993734,0.018911023168342922,3,qUCB,0.64,0.18,0.08,0.0,0.0,0.0,0.0,0.0,0.02,0.0,0.0,0.04,0.0,0.0,0.04
47,3,3,2,False,0.35055807755993734,0.018911023168342922,4,qUCB,0.6,0.22,0.08,0.0,0.02,0.0,0.0,0.0,0.0,0.0,0.0,0.04,0.0,0.0,0.04
47,4,2,3,False,0.291187345550163,0.03266562222373892,0,qEHVI,0.0,0.52,0.48,0.0,0.0,0.0,0.0,0.0,0.0,0.0,0.0,0.0,0.0,0.0,0.0
47,4,2,3,False,0.291187345550163,0.03266562222373892,1,qEHVI,0.44,0.06,0.44,0.02,0.04,0.0,0.0,0.0,0.0,0.0,0.0,0.0,0.0,0.0,0.0
47,4,2,3,False,0.291187345550163,0.03266562222373892,2,qUCB,0.64,0.18,0.08,0.0,0.0,0.0,0.0,0.0,0.02,0.0,0.0,0.04,0.0,0.0,0.04
47,4,2,3,False,0.291187345550163,0.03266562222373892,3,qUCB,0.7000000000000001,0.1,0.1,0.0,0.0,0.0,0.0,0.0,0.02,0.0,0.0,0.0,0.0,0.04,0.04
47,4,2,3,False,0.291187345550163,0.03266562222373892,4,qUCB,0.18,0.66,0.06,0.04,0.0,0.0,0.0,0.0,0.0,0.0,0.0,0.02,0.0,0.04,0.0
47,5,1,4,False,0.1938088784897052,0.08422607725902687,0,qEHVI,0.0,0.52,0.48,0.0,0.0,0.0,0.0,0.0,0.0,0.0,0.0,0.0,0.0,0.0,0.0
47,5,1,4,False,0.1938088784897052,0.08422607725902687,1,qUCB,0.68,0.16,0.06,0.0,0.04,0.0,0.0,0.0,0.0,0.0,0.0,0.02,0.0,0.0,0.04
47,5,1,4,False,0.1938088784897052,0.08422607725902687,2,qUCB,0.64,0.18,0.08,0.0,0.0,0.0,0.0,0.0,0.02,0.0,0.0,0.04,0.0,0.0,0.04
47,5,1,4,False,0.1938088784897052,0.08422607725902687,3,qUCB,0.14,0.7000000000000001,0.06,0.04,0.04,0.0,0.0,0.0,0.0,0.0,0.0,0.02,0.0,0.0,0.0
47,5,1,4,False,0.1938088784897052,0.08422607725902687,4,qUCB,0.72,0.12,0.08,0.0,0.04,0.0,0.0,0.0,0.0,0.0,0.0,0.0,0.0,0.0,0.04
47,6,0,5,False,0.10855883447952219,0.319943650475466,0,qUCB,0.44,0.1,0.38,0.0,0.0,0.0,0.0,0.0,0.04,0.0,0.0,0.04,0.0,0.0,0.0
47,6,0,5,False,0.10855883447952219,0.319943650475466,1,qUCB,0.1,0.78,0.08,0.04,0.0,0.0,0.0,0.0,0.0,0.0,0.0,0.0,0.0,0.0,0.0
47,6,0,5,False,0.10855883447952219,0.319943650475466,2,qUCB,0.54,0.14,0.32,0.0,0.0,0.0,0.0,0.0,0.0,0.0,0.0,0.0,0.0,0.0,0.0
47,6,0,5,False,0.10855883447952219,0.319943650475466,3,qUCB,0.78,0.06,0.16,0.0,0.0,0.0,0.0,0.0,0.0,0.0,0.0,0.0,0.0,0.0,0.0
47,6,0,5,False,0.10855883447952219,0.319943650475466,4,qUCB,0.5,0.44,0.02,0.0,0.0,0.0,0.0,0.0,0.0,0.0,0.0,0.04,0.0,0.0,0.0
48,1,5,0,True,0.3856926002638296,0.05569547621215065,0,qEHVI,0.38,0.12,0.4,0.04,0.02,0.0,0.0,0.0,0.0,0.0,0.0,0.04,0.0,0.0,0.0
48,1,5,0,True,0.3856926002638296,0.05569547621215065,1,qEHVI,0.44,0.04,0.44,0.0,0.02,0.0,0.0,0.0,0.0,0.0,0.0,0.0,0.0,0.04,0.02
48,1,5,0,True,0.3856926002638296,0.05569547621215065,2,qEHVI,0.38,0.16,0.38,0.0,0.0,0.0,0.0,0.0,0.0,0.0,0.0,0.04,0.0,0.04,0.0
48,1,5,0,True,0.3856926002638296,0.05569547621215065,3,qEHVI,0.0,0.26,0.74,0.0,0.0,0.0,0.0,0.0,0.0,0.0,0.0,0.0,0.0,0.0,0.0
48,1,5,0,True,0.3856926002638296,0.05569547621215065,4,qEHVI,0.16,0.42,0.36,0.0,0.0,0.0,0.0,0.0,0.04,0.0,0.0,0.0,0.0,0.02,0.0
48,2,4,1,False,0.2910014789365065,0.0012490684586694556,0,qEHVI,0.38,0.12,0.4,0.04,0.02,0.0,0.0,0.0,0.0,0.0,0.0,0.04,0.0,0.0,0.0
48,2,4,1,False,0.2910014789365065,0.0012490684586694556,1,qEHVI,0.44,0.04,0.44,0.0,0.02,0.0,0.0,0.0,0.0,0.0,0.0,0.0,0.0,0.04,0.02
48,2,4,1,False,0.2910014789365065,0.0012490684586694556,2,qEHVI,0.38,0.16,0.38,0.0,0.0,0.0,0.0,0.0,0.0,0.0,0.0,0.04,0.0,0.04,0.0
48,2,4,1,False,0.2910014789365065,0.0012490684586694556,3,qEHVI,0.12,0.42,0.36,0.0,0.0,0.0,0.0,0.0,0.0,0.0,0.0,0.04,0.0,0.02,0.04
48,2,4,1,False,0.2910014789365065,0.0012490684586694556,4,qUCB,0.4,0.1,0.4,0.0,0.04,0.0,0.0,0.0,0.04,0.0,0.0,0.02,0.0,0.0,0.0
48,3,3,2,False,0.2368706962047015,0.1857574679703866,0,qEHVI,0.38,0.12,0.4,0.04,0.02,0.0,0.0,0.0,0.0,0.0,0.0,0.04,0.0,0.0,0.0
48,3,3,2,False,0.2368706962047015,0.1857574679703866,1,qEHVI,0.44,0.04,0.44,0.0,0.02,0.0,0.0,0.0,0.0,0.0,0.0,0.0,0.0,0.04,0.02
48,3,3,2,False,0.2368706962047015,0.1857574679703866,2,qEHVI,0.38,0.16,0.38,0.0,0.0,0.0,0.0,0.0,0.0,0.0,0.0,0.04,0.0,0.04,0.0
48,3,3,2,False,0.2368706962047015,0.1857574679703866,3,qUCB,0.62,0.2,0.08,0.0,0.0,0.0,0.0,0.0,0.04,0.0,0.0,0.02,0.0,0.0,0.04
48,3,3,2,False,0.2368706962047015,0.1857574679703866,4,qUCB,0.08,0.64,0.18,0.0,0.0,0.0,0.0,0.0,0.04,0.0,0.0,0.02,0.0,0.0,0.04
48,4,2,3,False,0.1759909442092118,0.0374158181229145,0,qEHVI,0.38,0.12,0.4,0.04,0.02,0.0,0.0,0.0,0.0,0.0,0.0,0.04,0.0,0.0,0.0
48,4,2,3,False,0.1759909442092118,0.0374158181229145,1,qEHVI,0.44,0.04,0.44,0.0,0.02,0.0,0.0,0.0,0.0,0.0,0.0,0.0,0.0,0.04,0.02
48,4,2,3,False,0.1759909442092118,0.0374158181229145,2,qUCB,0.62,0.2,0.08,0.0,0.0,0.0,0.0,0.0,0.04,0.0,0.0,0.02,0.0,0.0,0.04
48,4,2,3,False,0.1759909442092118,0.0374158181229145,3,qUCB,0.08,0.64,0.18,0.0,0.0,0.0,0.0,0.0,0.04,0.0,0.0,0.02,0.0,0.0,0.04
48,4,2,3,False,0.1759909442092118,0.0374158181229145,4,qUCB,0.12,0.74,0.06,0.04,0.0,0.0,0.0,0.0,0.0,0.0,0.0,0.0,0.0,0.0,0.04
48,5,1,4,False,0.12329895467932264,0.058234344245276404,0,qEHVI,0.38,0.12,0.4,0.04,0.02,0.0,0.0,0.0,0.0,0.0,0.0,0.04,0.0,0.0,0.0
48,5,1,4,False,0.12329895467932264,0.058234344245276404,1,qUCB,0.44,0.1,0.36,0.0,0.0,0.0,0.0,0.0,0.04,0.0,0.0,0.0,0.0,0.02,0.04
48,5,1,4,False,0.12329895467932264,0.058234344245276404,2,qUCB,0.72,0.12,0.08,0.0,0.0,0.0,0.0,0.0,0.04,0.0,0.0,0.0,0.0,0.0,0.04
48,5,1,4,False,0.12329895467932264,0.058234344245276404,3,qUCB,0.4,0.08,0.42,0.0,0.0,0.0,0.0,0.0,0.04,0.0,0.0,0.0,0.0,0.02,0.04
48,5,1,4,False,0.12329895467932264,0.058234344245276404,4,qUCB,0.14,0.58,0.2,0.0,0.0,0.0,0.0,0.0,0.0,0.0,0.0,0.0,0.0,0.04,0.04
48,6,0,5,False,0.1815005504847642,0.09241272675193102,0,qUCB,0.44,0.08,0.4,0.02,0.02,0.0,0.0,0.0,0.0,0.0,0.0,0.04,0.0,0.0,0.0
48,6,0,5,False,0.1815005504847642,0.09241272675193102,1,qUCB,0.64,0.14,0.22,0.0,0.0,0.0,0.0,0.0,0.0,0.0,0.0,0.0,0.0,0.0,0.0
48,6,0,5,False,0.1815005504847642,0.09241272675193102,2,qUCB,0.0,0.26,0.74,0.0,0.0,0.0,0.0,0.0,0.0,0.0,0.0,0.0,0.0,0.0,0.0
48,6,0,5,False,0.1815005504847642,0.09241272675193102,3,qUCB,0.14,0.7000000000000001,0.06,0.04,0.0,0.0,0.0,0.0,0.0,0.0,0.0,0.04,0.0,0.02,0.0
48,6,0,5,False,0.1815005504847642,0.09241272675193102,4,qUCB,0.72,0.2,0.08,0.0,0.0,0.0,0.0,0.0,0.0,0.0,0.0,0.0,0.0,0.0,0.0
49,1,5,0,True,0.5358550559783367,0.059972672189008924,0,qEHVI,0.36,0.18,0.36,0.04,0.0,0.0,0.0,0.0,0.02,0.0,0.0,0.0,0.0,0.04,0.0
49,1,5,0,True,0.5358550559783367,0.059972672189008924,1,qEHVI,0.0,0.3,0.68,0.0,0.0,0.0,0.0,0.0,0.0,0.0,0.0,0.02,0.0,0.0,0.0
49,1,5,0,True,0.5358550559783367,0.059972672189008924,2,qEHVI,0.02,0.66,0.28,0.0,0.02,0.0,0.0,0.0,0.0,0.0,0.0,0.02,0.0,0.0,0.0
49,1,5,0,True,0.5358550559783367,0.059972672189008924,3,qEHVI,0.38,0.18,0.34,0.0,0.04,0.0,0.0,0.0,0.0,0.0,0.0,0.04,0.0,0.0,0.02
49,1,5,0,True,0.5358550559783367,0.059972672189008924,4,qEHVI,0.0,0.48,0.48,0.02,0.0,0.0,0.0,0.0,0.02,0.0,0.0,0.0,0.0,0.0,0.0
49,2,4,1,False,0.4945846161892444,0.01947758281862999,0,qEHVI,0.36,0.18,0.36,0.04,0.0,0.0,0.0,0.0,0.02,0.0,0.0,0.0,0.0,0.04,0.0
49,2,4,1,False,0.4945846161892444,0.01947758281862999,1,qEHVI,0.0,0.3,0.68,0.0,0.0,0.0,0.0,0.0,0.0,0.0,0.0,0.02,0.0,0.0,0.0
49,2,4,1,False,0.4945846161892444,0.01947758281862999,2,qEHVI,0.02,0.66,0.28,0.0,0.02,0.0,0.0,0.0,0.0,0.0,0.0,0.02,0.0,0.0,0.0
49,2,4,1,False,0.4945846161892444,0.01947758281862999,3,qEHVI,0.38,0.18,0.34,0.0,0.04,0.0,0.0,0.0,0.0,0.0,0.0,0.04,0.0,0.0,0.02
49,2,4,1,False,0.4945846161892444,0.01947758281862999,4,qUCB,0.6,0.24,0.06,0.0,0.0,0.0,0.0,0.0,0.0,0.0,0.0,0.02,0.0,0.04,0.04
49,3,3,2,False,0.44150349922352083,0.03551062659079429,0,qEHVI,0.36,0.18,0.36,0.04,0.0,0.0,0.0,0.0,0.02,0.0,0.0,0.0,0.0,0.04,0.0
49,3,3,2,False,0.44150349922352083,0.03551062659079429,1,qEHVI,0.0,0.3,0.68,0.0,0.0,0.0,0.0,0.0,0.0,0.0,0.0,0.02,0.0,0.0,0.0
49,3,3,2,False,0.44150349922352083,0.03551062659079429,2,qEHVI,0.02,0.66,0.28,0.0,0.02,0.0,0.0,0.0,0.0,0.0,0.0,0.02,0.0,0.0,0.0
49,3,3,2,False,0.44150349922352083,0.03551062659079429,3,qUCB,0.6,0.24,0.06,0.0,0.0,0.0,0.0,0.0,0.0,0.0,0.0,0.02,0.0,0.04,0.04
49,3,3,2,False,0.44150349922352083,0.03551062659079429,4,qUCB,0.22,0.14,0.54,0.04,0.02,0.0,0.0,0.0,0.0,0.0,0.0,0.0,0.0,0.0,0.04
49,4,2,3,False,0.3130423072853267,0.05765976440884546,0,qEHVI,0.36,0.18,0.36,0.04,0.0,0.0,0.0,0.0,0.02,0.0,0.0,0.0,0.0,0.04,0.0
49,4,2,3,False,0.3130423072853267,0.05765976440884546,1,qEHVI,0.0,0.3,0.68,0.0,0.0,0.0,0.0,0.0,0.0,0.0,0.0,0.02,0.0,0.0,0.0
49,4,2,3,False,0.3130423072853267,0.05765976440884546,2,qUCB,0.68,0.16,0.08,0.0,0.02,0.0,0.0,0.0,0.0,0.0,0.0,0.0,0.0,0.02,0.04
49,4,2,3,False,0.3130423072853267,0.05765976440884546,3,qUCB,0.16,0.68,0.06,0.04,0.04,0.0,0.0,0.0,0.0,0.0,0.0,0.0,0.0,0.0,0.02
49,4,2,3,False,0.3130423072853267,0.05765976440884546,4,qUCB,0.72,0.06,0.12,0.0,0.04,0.0,0.0,0.0,0.0,0.0,0.0,0.02,0.0,0.0,0.04
49,5,1,4,False,0.28906469508374494,0.07745773219559071,0,qEHVI,0.36,0.18,0.36,0.04,0.0,0.0,0.0,0.0,0.02,0.0,0.0,0.0,0.0,0.04,0.0
49,5,1,4,False,0.28906469508374494,0.07745773219559071,1,qUCB,0.7000000000000001,0.14,0.08,0.0,0.0,0.0,0.0,0.0,0.0,0.0,0.0,0.04,0.0,0.0,0.04
49,5,1,4,False,0.28906469508374494,0.07745773219559071,2,qUCB,0.0,0.62,0.28,0.0,0.04,0.0,0.0,0.0,0.02,0.0,0.0,0.0,0.0,0.0,0.04
49,5,1,4,False,0.28906469508374494,0.07745773219559071,3,qUCB,0.6,0.22,0.08,0.0,0.04,0.0,0.0,0.0,0.0,0.0,0.0,0.04,0.0,0.0,0.02
49,5,1,4,False,0.28906469508374494,0.07745773219559071,4,qUCB,0.12,0.72,0.06,0.02,0.04,0.0,0.0,0.0,0.0,0.0,0.0,0.0,0.0,0.0,0.04
49,6,0,5,False,0.277069563082844,0.07403681429257958,0,qUCB,0.42,0.1,0.4,0.0,0.0,0.0,0.0,0.0,0.0,0.0,0.0,0.02,0.0,0.04,0.02
49,6,0,5,False,0.277069563082844,0.07403681429257958,1,qUCB,0.0,0.64,0.3,0.0,0.04,0.0,0.0,0.0,0.0,0.0,0.0,0.0,0.0,0.02,0.0
49,6,0,5,False,0.277069563082844,0.07403681429257958,2,qUCB,0.16,0.7000000000000001,0.06,0.04,0.0,0.0,0.0,0.0,0.0,0.0,0.0,0.04,0.0,0.0,0.0
49,6,0,5,False,0.277069563082844,0.07403681429257958,3,qUCB,0.26,0.12,0.54,0.04,0.0,0.0,0.0,0.0,0.02,0.0,0.0,0.0,0.0,0.0,0.02
49,6,0,5,False,0.277069563082844,0.07403681429257958,4,qUCB,0.0,0.18,0.78,0.0,0.0,0.0,0.0,0.0,0.04,0.0,0.0,0.0,0.0,0.0,0.0
50,1,5,0,True,0.3476867406938469,0.10368442425109414,0,qEHVI,0.46,0.44,0.0,0.0,0.04,0.0,0.0,0.0,0.0,0.0,0.0,0.04,0.0,0.02,0.0
50,1,5,0,True,0.3476867406938469,0.10368442425109414,1,qEHVI,0.0,0.54,0.42,0.0,0.0,0.0,0.0,0.0,0.0,0.0,0.0,0.0,0.0,0.0,0.04
50,1,5,0,True,0.3476867406938469,0.10368442425109414,2,qEHVI,0.44,0.04,0.44,0.02,0.02,0.0,0.0,0.0,0.04,0.0,0.0,0.0,0.0,0.0,0.0
50,1,5,0,True,0.3476867406938469,0.10368442425109414,3,qEHVI,0.38,0.14,0.38,0.0,0.04,0.0,0.0,0.0,0.0,0.0,0.0,0.04,0.0,0.02,0.0
50,1,5,0,True,0.3476867406938469,0.10368442425109414,4,qEHVI,0.52,0.42,0.0,0.0,0.0,0.0,0.0,0.0,0.0,0.0,0.0,0.04,0.0,0.0,0.02
50,2,4,1,False,0.322702412390024,0.03226897040902443,0,qEHVI,0.46,0.44,0.0,0.0,0.04,0.0,0.0,0.0,0.0,0.0,0.0,0.04,0.0,0.02,0.0
50,2,4,1,False,0.322702412390024,0.03226897040902443,1,qEHVI,0.0,0.54,0.42,0.0,0.0,0.0,0.0,0.0,0.0,0.0,0.0,0.0,0.0,0.0,0.04
50,2,4,1,False,0.322702412390024,0.03226897040902443,2,qEHVI,0.44,0.04,0.44,0.02,0.02,0.0,0.0,0.0,0.04,0.0,0.0,0.0,0.0,0.0,0.0
50,2,4,1,False,0.322702412390024,0.03226897040902443,3,qEHVI,0.38,0.14,0.38,0.0,0.04,0.0,0.0,0.0,0.0,0.0,0.0,0.04,0.0,0.02,0.0
50,2,4,1,False,0.322702412390024,0.03226897040902443,4,qUCB,0.4,0.1,0.4,0.04,0.0,0.0,0.0,0.0,0.0,0.0,0.0,0.04,0.0,0.0,0.02
50,3,3,2,False,0.26669951986433604,0.05871290551171615,0,qEHVI,0.46,0.44,0.0,0.0,0.04,0.0,0.0,0.0,0.0,0.0,0.0,0.04,0.0,0.02,0.0
50,3,3,2,False,0.26669951986433604,0.05871290551171615,1,qEHVI,0.0,0.54,0.42,0.0,0.0,0.0,0.0,0.0,0.0,0.0,0.0,0.0,0.0,0.0,0.04
50,3,3,2,False,0.26669951986433604,0.05871290551171615,2,qEHVI,0.52,0.42,0.0,0.0,0.0,0.0,0.0,0.0,0.0,0.0,0.0,0.04,0.0,0.0,0.02
50,3,3,2,False,0.26669951986433604,0.05871290551171615,3,qUCB,0.44,0.08,0.38,0.02,0.0,0.0,0.0,0.0,0.04,0.0,0.0,0.0,0.0,0.04,0.0
50,3,3,2,False,0.26669951986433604,0.05871290551171615,4,qUCB,0.24,0.14,0.52,0.04,0.0,0.0,0.0,0.0,0.04,0.0,0.0,0.0,0.0,0.02,0.0
50,4,2,3,False,0.21668526352824224,0.008962368258249143,0,qEHVI,0.46,0.44,0.0,0.0,0.04,0.0,0.0,0.0,0.0,0.0,0.0,0.04,0.0,0.02,0.0
50,4,2,3,False,0.21668526352824224,0.008962368258249143,1,qEHVI,0.0,0.54,0.42,0.0,0.0,0.0,0.0,0.0,0.0,0.0,0.0,0.0,0.0,0.0,0.04
50,4,2,3,False,0.21668526352824224,0.008962368258249143,2,qUCB,0.44,0.08,0.38,0.02,0.0,0.0,0.0,0.0,0.04,0.0,0.0,0.0,0.0,0.04,0.0
50,4,2,3,False,0.21668526352824224,0.008962368258249143,3,qUCB,0.24,0.14,0.52,0.04,0.0,0.0,0.0,0.0,0.04,0.0,0.0,0.0,0.0,0.02,0.0
50,4,2,3,False,0.21668526352824224,0.008962368258249143,4,qUCB,0.46,0.04,0.4,0.04,0.0,0.0,0.0,0.0,0.04,0.0,0.0,0.02,0.0,0.0,0.0
50,5,1,4,False,0.14486833111557057,0.08703832110148024,0,qEHVI,0.46,0.44,0.0,0.0,0.04,0.0,0.0,0.0,0.0,0.0,0.0,0.04,0.0,0.02,0.0
50,5,1,4,False,0.14486833111557057,0.08703832110148024,1,qUCB,0.48,0.04,0.38,0.04,0.0,0.0,0.0,0.0,0.02,0.0,0.0,0.0,0.0,0.0,0.04
50,5,1,4,False,0.14486833111557057,0.08703832110148024,2,qUCB,0.24,0.14,0.52,0.04,0.0,0.0,0.0,0.0,0.04,0.0,0.0,0.0,0.0,0.02,0.0
50,5,1,4,False,0.14486833111557057,0.08703832110148024,3,qUCB,0.38,0.12,0.42,0.0,0.0,0.0,0.0,0.0,0.04,0.0,0.0,0.0,0.0,0.0,0.04
50,5,1,4,False,0.14486833111557057,0.08703832110148024,4,qUCB,0.14,0.72,0.06,0.02,0.0,0.0,0.0,0.0,0.04,0.0,0.0,0.0,0.0,0.0,0.02
50,6,0,5,False,0.17793268837383175,0.048610467895158216,0,qUCB,0.52,0.42,0.0,0.0,0.0,0.0,0.0,0.0,0.0,0.0,0.0,0.04,0.0,0.0,0.02
50,6,0,5,False,0.17793268837383175,0.048610467895158216,1,qUCB,0.52,0.16,0.32,0.0,0.0,0.0,0.0,0.0,0.0,0.0,0.0,0.0,0.0,0.0,0.0
50,6,0,5,False,0.17793268837383175,0.048610467895158216,2,qUCB,0.24,0.14,0.54,0.04,0.0,0.0,0.0,0.0,0.0,0.0,0.0,0.04,0.0,0.0,0.0
50,6,0,5,False,0.17793268837383175,0.048610467895158216,3,qUCB,0.16,0.68,0.06,0.04,0.02,0.0,0.0,0.0,0.0,0.0,0.0,0.02,0.0,0.02,0.0
50,6,0,5,False,0.17793268837383175,0.048610467895158216,4,qUCB,0.12,0.68,0.2,0.0,0.0,0.0,0.0,0.0,0.0,0.0,0.0,0.0,0.0,0.0,0.0
