iteration,option,n_opt,n_exp,selected,full_qehvi,full_entropy,point_idx,source,x_0,x_1,x_2,x_3,x_4,x_5,x_6,x_7,x_8,x_9,x_10,x_11,x_12,x_13,x_14
1,1,5,0,True,6.750547246707686,0.12401890993167441,0,qEHVI,0.02,0.02,0.88,0.0,0.04,0.0,0.0,0.0,0.0,0.0,0.0,0.02,0.0,0.02,0.0
1,1,5,0,True,6.750547246707686,0.12401890993167441,1,qEHVI,0.76,0.14,0.0,0.0,0.0,0.0,0.0,0.0,0.04,0.0,0.0,0.04,0.0,0.02,0.0
1,1,5,0,True,6.750547246707686,0.12401890993167441,2,qEHVI,0.04,0.02,0.9,0.04,0.0,0.0,0.0,0.0,0.0,0.0,0.0,0.0,0.0,0.0,0.0
1,1,5,0,True,6.750547246707686,0.12401890993167441,3,qEHVI,0.04,0.88,0.0,0.04,0.0,0.0,0.0,0.0,0.0,0.0,0.0,0.0,0.0,0.02,0.02
1,1,5,0,True,6.750547246707686,0.12401890993167441,4,qEHVI,0.46,0.04,0.4,0.04,0.0,0.0,0.0,0.0,0.02,0.0,0.0,0.0,0.0,0.04,0.0
1,2,4,1,False,6.3611042328455305,0.17606840787335543,0,qEHVI,0.02,0.02,0.88,0.0,0.04,0.0,0.0,0.0,0.0,0.0,0.0,0.02,0.0,0.02,0.0
1,2,4,1,False,6.3611042328455305,0.17606840787335543,1,qEHVI,0.9,0.0,0.0,0.02,0.02,0.0,0.0,0.0,0.0,0.0,0.0,0.04,0.0,0.02,0.0
1,2,4,1,False,6.3611042328455305,0.17606840787335543,2,qEHVI,0.04,0.02,0.9,0.04,0.0,0.0,0.0,0.0,0.0,0.0,0.0,0.0,0.0,0.0,0.0
1,2,4,1,False,6.3611042328455305,0.17606840787335543,3,qEHVI,0.06,0.84,0.0,0.0,0.0,0.0,0.0,0.0,0.04,0.0,0.0,0.0,0.0,0.02,0.04
1,2,4,1,False,6.3611042328455305,0.17606840787335543,4,qUCB,0.02,0.78,0.1,0.04,0.02,0.0,0.0,0.0,0.0,0.0,0.0,0.0,0.0,0.04,0.0
1,3,3,2,False,6.238638248027863,0.0681398062975731,0,qEHVI,0.02,0.02,0.88,0.0,0.04,0.0,0.0,0.0,0.0,0.0,0.0,0.02,0.0,0.02,0.0
1,3,3,2,False,6.238638248027863,0.0681398062975731,1,qEHVI,0.76,0.14,0.0,0.0,0.0,0.0,0.0,0.0,0.04,0.0,0.0,0.04,0.0,0.02,0.0
1,3,3,2,False,6.238638248027863,0.0681398062975731,2,qEHVI,0.06,0.0,0.86,0.04,0.0,0.0,0.0,0.0,0.04,0.0,0.0,0.0,0.0,0.0,0.0
1,3,3,2,False,6.238638248027863,0.0681398062975731,3,qUCB,0.0,0.9,0.02,0.0,0.0,0.0,0.0,0.0,0.0,0.0,0.0,0.0,0.0,0.04,0.04
1,3,3,2,False,6.238638248027863,0.0681398062975731,4,qUCB,0.18,0.74,0.04,0.0,0.0,0.0,0.0,0.0,0.0,0.0,0.0,0.0,0.0,0.0,0.04
1,4,2,3,False,6.089996058086929,0.21126448170562995,0,qEHVI,0.02,0.02,0.88,0.0,0.04,0.0,0.0,0.0,0.0,0.0,0.0,0.02,0.0,0.02,0.0
1,4,2,3,False,6.089996058086929,0.21126448170562995,1,qEHVI,0.76,0.14,0.0,0.0,0.0,0.0,0.0,0.0,0.04,0.0,0.0,0.04,0.0,0.02,0.0
1,4,2,3,False,6.089996058086929,0.21126448170562995,2,qUCB,0.06,0.8200000000000001,0.04,0.04,0.0,0.0,0.0,0.0,0.0,0.0,0.0,0.0,0.0,0.0,0.04
1,4,2,3,False,6.089996058086929,0.21126448170562995,3,qUCB,0.0,0.9,0.02,0.0,0.0,0.0,0.0,0.0,0.0,0.0,0.0,0.0,0.0,0.04,0.04
1,4,2,3,False,6.089996058086929,0.21126448170562995,4,qUCB,0.04,0.88,0.0,0.04,0.0,0.0,0.0,0.0,0.0,0.0,0.0,0.0,0.0,0.02,0.02
1,5,1,4,False,5.871460860927616,0.26649065339524114,0,qEHVI,0.02,0.02,0.88,0.0,0.04,0.0,0.0,0.0,0.0,0.0,0.0,0.02,0.0,0.02,0.0
1,5,1,4,False,5.871460860927616,0.26649065339524114,1,qUCB,0.88,0.02,0.0,0.02,0.0,0.0,0.0,0.0,0.04,0.0,0.0,0.0,0.0,0.0,0.04
1,5,1,4,False,5.871460860927616,0.26649065339524114,2,qUCB,0.02,0.86,0.02,0.04,0.0,0.0,0.0,0.0,0.02,0.0,0.0,0.0,0.0,0.0,0.04
1,5,1,4,False,5.871460860927616,0.26649065339524114,3,qUCB,0.8200000000000001,0.06,0.02,0.0,0.0,0.0,0.0,0.0,0.04,0.0,0.0,0.0,0.0,0.02,0.04
1,5,1,4,False,5.871460860927616,0.26649065339524114,4,qUCB,0.06,0.84,0.0,0.0,0.0,0.0,0.0,0.0,0.04,0.0,0.0,0.0,0.0,0.02,0.04
1,6,0,5,False,6.317390049563572,0.20913629543278134,0,qUCB,0.0,0.84,0.06,0.0,0.0,0.0,0.0,0.0,0.02,0.0,0.0,0.04,0.0,0.04,0.0
1,6,0,5,False,6.317390049563572,0.20913629543278134,1,qUCB,0.8,0.0,0.1,0.0,0.04,0.0,0.0,0.0,0.0,0.0,0.0,0.0,0.0,0.04,0.02
1,6,0,5,False,6.317390049563572,0.20913629543278134,2,qUCB,0.04,0.88,0.0,0.04,0.0,0.0,0.0,0.0,0.0,0.0,0.0,0.0,0.0,0.02,0.02
1,6,0,5,False,6.317390049563572,0.20913629543278134,3,qUCB,0.46,0.04,0.4,0.04,0.0,0.0,0.0,0.0,0.02,0.0,0.0,0.0,0.0,0.04,0.0
1,6,0,5,False,6.317390049563572,0.20913629543278134,4,qUCB,0.76,0.14,0.0,0.0,0.0,0.0,0.0,0.0,0.04,0.0,0.0,0.04,0.0,0.02,0.0
2,1,5,0,True,10.87262730864105,2.1805608663170846,0,qEHVI,0.7000000000000001,0.02,0.2,0.0,0.0,0.0,0.0,0.0,0.04,0.0,0.0,0.0,0.0,0.04,0.0
2,1,5,0,True,10.87262730864105,2.1805608663170846,1,qEHVI,0.38,0.0,0.52,0.0,0.0,0.0,0.0,0.0,0.04,0.0,0.0,0.02,0.0,0.04,0.0
2,1,5,0,True,10.87262730864105,2.1805608663170846,2,qEHVI,0.6,0.0,0.3,0.0,0.02,0.0,0.0,0.0,0.0,0.0,0.0,0.04,0.0,0.04,0.0
2,1,5,0,True,10.87262730864105,2.1805608663170846,3,qEHVI,0.88,0.0,0.02,0.04,0.0,0.0,0.0,0.0,0.0,0.0,0.0,0.02,0.0,0.04,0.0
2,1,5,0,True,10.87262730864105,2.1805608663170846,4,qEHVI,0.8200000000000001,0.0,0.1,0.04,0.0,0.0,0.0,0.0,0.0,0.0,0.0,0.0,0.0,0.0,0.04
2,2,4,1,False,10.76506658990748,2.063385256192814,0,qEHVI,0.7000000000000001,0.02,0.2,0.0,0.0,0.0,0.0,0.0,0.04,0.0,0.0,0.0,0.0,0.04,0.0
2,2,4,1,False,10.76506658990748,2.063385256192814,1,qEHVI,0.38,0.0,0.52,0.0,0.0,0.0,0.0,0.0,0.04,0.0,0.0,0.02,0.0,0.04,0.0
2,2,4,1,False,10.76506658990748,2.063385256192814,2,qEHVI,0.6,0.0,0.3,0.0,0.02,0.0,0.0,0.0,0.0,0.0,0.0,0.04,0.0,0.04,0.0
2,2,4,1,False,10.76506658990748,2.063385256192814,3,qEHVI,0.88,0.0,0.02,0.04,0.0,0.0,0.0,0.0,0.0,0.0,0.0,0.02,0.0,0.04,0.0
2,2,4,1,False,10.76506658990748,2.063385256192814,4,qUCB,0.74,0.0,0.16,0.02,0.04,0.0,0.0,0.0,0.0,0.0,0.0,0.0,0.0,0.0,0.04
2,3,3,2,False,10.185977650572282,1.925028901551204,0,qEHVI,0.7000000000000001,0.02,0.2,0.0,0.0,0.0,0.0,0.0,0.04,0.0,0.0,0.0,0.0,0.04,0.0
2,3,3,2,False,10.185977650572282,1.925028901551204,1,qEHVI,0.38,0.0,0.52,0.0,0.0,0.0,0.0,0.0,0.04,0.0,0.0,0.02,0.0,0.04,0.0
2,3,3,2,False,10.185977650572282,1.925028901551204,2,qEHVI,0.6,0.0,0.3,0.0,0.02,0.0,0.0,0.0,0.0,0.0,0.0,0.04,0.0,0.04,0.0
2,3,3,2,False,10.185977650572282,1.925028901551204,3,qUCB,0.8200000000000001,0.0,0.1,0.04,0.0,0.0,0.0,0.0,0.0,0.0,0.0,0.0,0.0,0.0,0.04
2,3,3,2,False,10.185977650572282,1.925028901551204,4,qUCB,0.66,0.0,0.3,0.04,0.0,0.0,0.0,0.0,0.0,0.0,0.0,0.0,0.0,0.0,0.0
2,4,2,3,False,9.730120673453694,2.064940469923622,0,qEHVI,0.7000000000000001,0.02,0.2,0.0,0.0,0.0,0.0,0.0,0.04,0.0,0.0,0.0,0.0,0.04,0.0
2,4,2,3,False,9.730120673453694,2.064940469923622,1,qEHVI,0.38,0.0,0.52,0.0,0.0,0.0,0.0,0.0,0.04,0.0,0.0,0.02,0.0,0.04,0.0
2,4,2,3,False,9.730120673453694,2.064940469923622,2,qUCB,0.76,0.0,0.14,0.04,0.02,0.0,0.0,0.0,0.0,0.0,0.0,0.0,0.0,0.0,0.04
2,4,2,3,False,9.730120673453694,2.064940469923622,3,qUCB,0.78,0.04,0.08,0.04,0.04,0.0,0.0,0.0,0.0,0.0,0.0,0.02,0.0,0.0,0.0
2,4,2,3,False,9.730120673453694,2.064940469923622,4,qUCB,0.72,0.0,0.2,0.0,0.04,0.0,0.0,0.0,0.0,0.0,0.0,0.04,0.0,0.0,0.0
2,5,1,4,False,7.688477117723999,2.2093678747638195,0,qEHVI,0.7000000000000001,0.02,0.2,0.0,0.0,0.0,0.0,0.0,0.04,0.0,0.0,0.0,0.0,0.04,0.0
2,5,1,4,False,7.688477117723999,2.2093678747638195,1,qUCB,0.76,0.0,0.14,0.04,0.02,0.0,0.0,0.0,0.0,0.0,0.0,0.0,0.0,0.0,0.04
2,5,1,4,False,7.688477117723999,2.2093678747638195,2,qUCB,0.74,0.02,0.14,0.04,0.02,0.0,0.0,0.0,0.0,0.0,0.0,0.04,0.0,0.0,0.0
2,5,1,4,False,7.688477117723999,2.2093678747638195,3,qUCB,0.56,0.0,0.36,0.0,0.04,0.0,0.0,0.0,0.0,0.0,0.0,0.04,0.0,0.0,0.0
2,5,1,4,False,7.688477117723999,2.2093678747638195,4,qUCB,0.8200000000000001,0.02,0.06,0.0,0.02,0.0,0.0,0.0,0.0,0.0,0.0,0.04,0.0,0.0,0.04
2,6,0,5,False,8.425381773488345,1.5982516785398526,0,qUCB,0.6,0.0,0.3,0.0,0.02,0.0,0.0,0.0,0.0,0.0,0.0,0.04,0.0,0.04,0.0
2,6,0,5,False,8.425381773488345,1.5982516785398526,1,qUCB,0.88,0.0,0.04,0.0,0.02,0.0,0.0,0.0,0.0,0.0,0.0,0.0,0.0,0.02,0.04
2,6,0,5,False,8.425381773488345,1.5982516785398526,2,qUCB,0.98,0.0,0.02,0.0,0.0,0.0,0.0,0.0,0.0,0.0,0.0,0.0,0.0,0.0,0.0
2,6,0,5,False,8.425381773488345,1.5982516785398526,3,qUCB,0.56,0.0,0.34,0.02,0.0,0.0,0.0,0.0,0.04,0.0,0.0,0.04,0.0,0.0,0.0
2,6,0,5,False,8.425381773488345,1.5982516785398526,4,qUCB,0.6,0.0,0.3,0.02,0.0,0.0,0.0,0.0,0.0,0.0,0.0,0.0,0.0,0.04,0.04
3,1,5,0,True,4.339337528436439,0.9772630590639331,0,qEHVI,0.74,0.16,0.0,0.02,0.0,0.0,0.0,0.0,0.04,0.0,0.0,0.04,0.0,0.0,0.0
3,1,5,0,True,4.339337528436439,0.9772630590639331,1,qEHVI,0.44,0.02,0.54,0.0,0.0,0.0,0.0,0.0,0.0,0.0,0.0,0.0,0.0,0.0,0.0
3,1,5,0,True,4.339337528436439,0.9772630590639331,2,qEHVI,0.52,0.02,0.36,0.04,0.0,0.0,0.0,0.0,0.04,0.0,0.0,0.02,0.0,0.0,0.0
3,1,5,0,True,4.339337528436439,0.9772630590639331,3,qEHVI,0.54,0.12,0.24,0.04,0.0,0.0,0.0,0.0,0.04,0.0,0.0,0.02,0.0,0.0,0.0
3,1,5,0,True,4.339337528436439,0.9772630590639331,4,qEHVI,0.38,0.0,0.52,0.04,0.0,0.0,0.0,0.0,0.0,0.0,0.0,0.02,0.0,0.04,0.0
3,2,4,1,False,4.141627959698504,0.8397743105714,0,qEHVI,0.74,0.16,0.0,0.02,0.0,0.0,0.0,0.0,0.04,0.0,0.0,0.04,0.0,0.0,0.0
3,2,4,1,False,4.141627959698504,0.8397743105714,1,qEHVI,0.44,0.02,0.54,0.0,0.0,0.0,0.0,0.0,0.0,0.0,0.0,0.0,0.0,0.0,0.0
3,2,4,1,False,4.141627959698504,0.8397743105714,2,qEHVI,0.52,0.02,0.36,0.04,0.0,0.0,0.0,0.0,0.04,0.0,0.0,0.02,0.0,0.0,0.0
3,2,4,1,False,4.141627959698504,0.8397743105714,3,qEHVI,0.54,0.12,0.24,0.04,0.0,0.0,0.0,0.0,0.04,0.0,0.0,0.02,0.0,0.0,0.0
3,2,4,1,False,4.141627959698504,0.8397743105714,4,qUCB,0.72,0.18,0.0,0.0,0.04,0.0,0.0,0.0,0.0,0.0,0.0,0.02,0.0,0.0,0.04
3,3,3,2,False,3.8130482616510575,0.8960608905582959,0,qEHVI,0.74,0.16,0.0,0.02,0.0,0.0,0.0,0.0,0.04,0.0,0.0,0.04,0.0,0.0,0.0
3,3,3,2,False,3.8130482616510575,0.8960608905582959,1,qEHVI,0.44,0.02,0.54,0.0,0.0,0.0,0.0,0.0,0.0,0.0,0.0,0.0,0.0,0.0,0.0
3,3,3,2,False,3.8130482616510575,0.8960608905582959,2,qEHVI,0.52,0.02,0.36,0.04,0.0,0.0,0.0,0.0,0.04,0.0,0.0,0.02,0.0,0.0,0.0
3,3,3,2,False,3.8130482616510575,0.8960608905582959,3,qUCB,0.72,0.18,0.0,0.0,0.04,0.0,0.0,0.0,0.0,0.0,0.0,0.02,0.0,0.0,0.04
3,3,3,2,False,3.8130482616510575,0.8960608905582959,4,qUCB,0.46,0.0,0.44,0.02,0.0,0.0,0.0,0.0,0.0,0.0,0.0,0.04,0.0,0.0,0.04
3,4,2,3,False,3.5706723508618556,0.7734915386382326,0,qEHVI,0.74,0.16,0.0,0.02,0.0,0.0,0.0,0.0,0.04,0.0,0.0,0.04,0.0,0.0,0.0
3,4,2,3,False,3.5706723508618556,0.7734915386382326,1,qEHVI,0.44,0.02,0.54,0.0,0.0,0.0,0.0,0.0,0.0,0.0,0.0,0.0,0.0,0.0,0.0
3,4,2,3,False,3.5706723508618556,0.7734915386382326,2,qUCB,0.72,0.18,0.0,0.0,0.04,0.0,0.0,0.0,0.0,0.0,0.0,0.02,0.0,0.0,0.04
3,4,2,3,False,3.5706723508618556,0.7734915386382326,3,qUCB,0.48,0.2,0.22,0.0,0.02,0.0,0.0,0.0,0.04,0.0,0.0,0.0,0.0,0.0,0.04
3,4,2,3,False,3.5706723508618556,0.7734915386382326,4,qUCB,0.46,0.0,0.44,0.02,0.0,0.0,0.0,0.0,0.0,0.0,0.0,0.04,0.0,0.0,0.04
3,5,1,4,False,2.459202418825383,0.5817183697152579,0,qEHVI,0.74,0.16,0.0,0.02,0.0,0.0,0.0,0.0,0.04,0.0,0.0,0.04,0.0,0.0,0.0
3,5,1,4,False,2.459202418825383,0.5817183697152579,1,qUCB,0.48,0.0,0.44,0.0,0.0,0.0,0.0,0.0,0.0,0.0,0.0,0.0,0.0,0.04,0.04
3,5,1,4,False,2.459202418825383,0.5817183697152579,2,qUCB,0.68,0.22,0.0,0.0,0.04,0.0,0.0,0.0,0.0,0.0,0.0,0.0,0.0,0.02,0.04
3,5,1,4,False,2.459202418825383,0.5817183697152579,3,qUCB,0.44,0.02,0.44,0.0,0.02,0.0,0.0,0.0,0.0,0.0,0.0,0.0,0.0,0.04,0.04
3,5,1,4,False,2.459202418825383,0.5817183697152579,4,qUCB,0.32,0.0,0.58,0.0,0.02,0.0,0.0,0.0,0.0,0.0,0.0,0.0,0.0,0.04,0.04
3,6,0,5,False,3.3190692737194647,0.858582175599711,0,qUCB,0.48,0.0,0.42,0.02,0.0,0.0,0.0,0.0,0.04,0.0,0.0,0.04,0.0,0.0,0.0
3,6,0,5,False,3.3190692737194647,0.858582175599711,1,qUCB,0.5,0.02,0.46,0.02,0.0,0.0,0.0,0.0,0.0,0.0,0.0,0.0,0.0,0.0,0.0
3,6,0,5,False,3.3190692737194647,0.858582175599711,2,qUCB,0.48,0.1,0.32,0.0,0.0,0.0,0.0,0.0,0.04,0.0,0.0,0.02,0.0,0.0,0.04
3,6,0,5,False,3.3190692737194647,0.858582175599711,3,qUCB,0.5,0.02,0.4,0.0,0.04,0.0,0.0,0.0,0.04,0.0,0.0,0.0,0.0,0.0,0.0
3,6,0,5,False,3.3190692737194647,0.858582175599711,4,qUCB,0.64,0.28,0.0,0.0,0.04,0.0,0.0,0.0,0.0,0.0,0.0,0.04,0.0,0.0,0.0
4,1,5,0,False,7.946465364796441,0.5912823802676108,0,qEHVI,0.5,0.0,0.44,0.0,0.0,0.0,0.0,0.0,0.04,0.0,0.0,0.02,0.0,0.0,0.0
4,1,5,0,False,7.946465364796441,0.5912823802676108,1,qEHVI,0.72,0.2,0.0,0.0,0.02,0.0,0.0,0.0,0.0,0.0,0.0,0.0,0.0,0.04,0.02
4,1,5,0,False,7.946465364796441,0.5912823802676108,2,qEHVI,0.56,0.0,0.4,0.0,0.0,0.0,0.0,0.0,0.0,0.0,0.0,0.0,0.0,0.0,0.04
4,1,5,0,False,7.946465364796441,0.5912823802676108,3,qEHVI,0.5,0.02,0.42,0.04,0.0,0.0,0.0,0.0,0.0,0.0,0.0,0.02,0.0,0.0,0.0
4,1,5,0,False,7.946465364796441,0.5912823802676108,4,qEHVI,0.62,0.04,0.3,0.0,0.0,0.0,0.0,0.0,0.0,0.0,0.0,0.0,0.0,0.0,0.04
4,2,4,1,False,7.6001192511720435,0.7707945136096583,0,qEHVI,0.5,0.0,0.44,0.0,0.0,0.0,0.0,0.0,0.04,0.0,0.0,0.02,0.0,0.0,0.0
4,2,4,1,False,7.6001192511720435,0.7707945136096583,1,qEHVI,0.72,0.2,0.0,0.0,0.02,0.0,0.0,0.0,0.0,0.0,0.0,0.0,0.0,0.04,0.02
4,2,4,1,False,7.6001192511720435,0.7707945136096583,2,qEHVI,0.56,0.0,0.4,0.0,0.0,0.0,0.0,0.0,0.0,0.0,0.0,0.0,0.0,0.0,0.04
4,2,4,1,False,7.6001192511720435,0.7707945136096583,3,qEHVI,0.5,0.02,0.42,0.04,0.0,0.0,0.0,0.0,0.0,0.0,0.0,0.02,0.0,0.0,0.0
4,2,4,1,False,7.6001192511720435,0.7707945136096583,4,qUCB,0.46,0.02,0.46,0.0,0.04,0.0,0.0,0.0,0.0,0.0,0.0,0.02,0.0,0.0,0.0
4,3,3,2,False,7.462296647026706,0.775118354100897,0,qEHVI,0.5,0.0,0.44,0.0,0.0,0.0,0.0,0.0,0.04,0.0,0.0,0.02,0.0,0.0,0.0
4,3,3,2,False,7.462296647026706,0.775118354100897,1,qEHVI,0.72,0.2,0.0,0.0,0.02,0.0,0.0,0.0,0.0,0.0,0.0,0.0,0.0,0.04,0.02
4,3,3,2,False,7.462296647026706,0.775118354100897,2,qEHVI,0.56,0.0,0.4,0.0,0.0,0.0,0.0,0.0,0.0,0.0,0.0,0.0,0.0,0.0,0.04
4,3,3,2,False,7.462296647026706,0.775118354100897,3,qUCB,0.56,0.0,0.36,0.04,0.04,0.0,0.0,0.0,0.0,0.0,0.0,0.0,0.0,0.0,0.0
4,3,3,2,False,7.462296647026706,0.775118354100897,4,qUCB,0.18,0.7000000000000001,0.04,0.0,0.04,0.0,0.0,0.0,0.0,0.0,0.0,0.04,0.0,0.0,0.0
4,4,2,3,True,7.511443858092544,0.8488208467781213,0,qEHVI,0.5,0.0,0.44,0.0,0.0,0.0,0.0,0.0,0.04,0.0,0.0,0.02,0.0,0.0,0.0
4,4,2,3,True,7.511443858092544,0.8488208467781213,1,qEHVI,0.72,0.2,0.0,0.0,0.02,0.0,0.0,0.0,0.0,0.0,0.0,0.0,0.0,0.04,0.02
4,4,2,3,True,7.511443858092544,0.8488208467781213,2,qUCB,0.56,0.0,0.36,0.04,0.04,0.0,0.0,0.0,0.0,0.0,0.0,0.0,0.0,0.0,0.0
4,4,2,3,True,7.511443858092544,0.8488208467781213,3,qUCB,0.56,0.0,0.4,0.0,0.0,0.0,0.0,0.0,0.0,0.0,0.0,0.0,0.0,0.0,0.04
4,4,2,3,True,7.511443858092544,0.8488208467781213,4,qUCB,0.18,0.7000000000000001,0.04,0.0,0.04,0.0,0.0,0.0,0.0,0.0,0.0,0.04,0.0,0.0,0.0
4,5,1,4,False,6.899585131300793,0.6011419188563742,0,qEHVI,0.5,0.0,0.44,0.0,0.0,0.0,0.0,0.0,0.04,0.0,0.0,0.02,0.0,0.0,0.0
4,5,1,4,False,6.899585131300793,0.6011419188563742,1,qUCB,0.84,0.06,0.0,0.0,0.04,0.0,0.0,0.0,0.0,0.0,0.0,0.0,0.0,0.02,0.04
4,5,1,4,False,6.899585131300793,0.6011419188563742,2,qUCB,0.56,0.34,0.0,0.0,0.04,0.0,0.0,0.0,0.0,0.0,0.0,0.0,0.0,0.02,0.04
4,5,1,4,False,6.899585131300793,0.6011419188563742,3,qUCB,0.2,0.7000000000000001,0.0,0.0,0.02,0.0,0.0,0.0,0.0,0.0,0.0,0.0,0.0,0.04,0.04
4,5,1,4,False,6.899585131300793,0.6011419188563742,4,qUCB,0.48,0.04,0.4,0.0,0.04,0.0,0.0,0.0,0.0,0.0,0.0,0.0,0.0,0.0,0.04
4,6,0,5,False,7.206152189197562,0.869395744207182,0,qUCB,0.56,0.0,0.4,0.0,0.0,0.0,0.0,0.0,0.0,0.0,0.0,0.0,0.0,0.0,0.04
4,6,0,5,False,7.206152189197562,0.869395744207182,1,qUCB,0.84,0.06,0.0,0.0,0.04,0.0,0.0,0.0,0.0,0.0,0.0,0.0,0.0,0.02,0.04
4,6,0,5,False,7.206152189197562,0.869395744207182,2,qUCB,0.56,0.34,0.0,0.0,0.04,0.0,0.0,0.0,0.0,0.0,0.0,0.0,0.0,0.02,0.04
4,6,0,5,False,7.206152189197562,0.869395744207182,3,qUCB,0.5,0.0,0.44,0.0,0.0,0.0,0.0,0.0,0.04,0.0,0.0,0.02,0.0,0.0,0.0
4,6,0,5,False,7.206152189197562,0.869395744207182,4,qUCB,0.1,0.76,0.04,0.0,0.04,0.0,0.0,0.0,0.02,0.0,0.0,0.04,0.0,0.0,0.0
5,1,5,0,False,6.339973097984855,0.6450401188470423,0,qEHVI,0.46,0.0,0.44,0.04,0.0,0.0,0.0,0.0,0.04,0.0,0.0,0.02,0.0,0.0,0.0
5,1,5,0,False,6.339973097984855,0.6450401188470423,1,qEHVI,0.72,0.18,0.0,0.0,0.02,0.0,0.0,0.0,0.0,0.0,0.0,0.0,0.0,0.04,0.04
5,1,5,0,False,6.339973097984855,0.6450401188470423,2,qEHVI,0.92,0.0,0.0,0.0,0.04,0.0,0.0,0.0,0.0,0.0,0.0,0.0,0.0,0.04,0.0
5,1,5,0,False,6.339973097984855,0.6450401188470423,3,qEHVI,0.68,0.2,0.04,0.0,0.0,0.0,0.0,0.0,0.02,0.0,0.0,0.0,0.0,0.04,0.02
5,1,5,0,False,6.339973097984855,0.6450401188470423,4,qEHVI,0.52,0.0,0.44,0.02,0.0,0.0,0.0,0.0,0.0,0.0,0.0,0.02,0.0,0.0,0.0
5,2,4,1,False,6.07023311923094,0.29542748573274125,0,qEHVI,0.46,0.0,0.44,0.04,0.0,0.0,0.0,0.0,0.04,0.0,0.0,0.02,0.0,0.0,0.0
5,2,4,1,False,6.07023311923094,0.29542748573274125,1,qEHVI,0.72,0.18,0.0,0.0,0.02,0.0,0.0,0.0,0.0,0.0,0.0,0.0,0.0,0.04,0.04
5,2,4,1,False,6.07023311923094,0.29542748573274125,2,qEHVI,0.92,0.0,0.0,0.0,0.04,0.0,0.0,0.0,0.0,0.0,0.0,0.0,0.0,0.04,0.0
5,2,4,1,False,6.07023311923094,0.29542748573274125,3,qEHVI,0.52,0.0,0.44,0.02,0.0,0.0,0.0,0.0,0.0,0.0,0.0,0.02,0.0,0.0,0.0
5,2,4,1,False,6.07023311923094,0.29542748573274125,4,qUCB,0.48,0.42,0.0,0.0,0.04,0.0,0.0,0.0,0.04,0.0,0.0,0.0,0.0,0.0,0.02
5,3,3,2,True,5.874413171873367,0.5544589492851593,0,qEHVI,0.46,0.0,0.44,0.04,0.0,0.0,0.0,0.0,0.04,0.0,0.0,0.02,0.0,0.0,0.0
5,3,3,2,True,5.874413171873367,0.5544589492851593,1,qEHVI,0.72,0.18,0.0,0.0,0.02,0.0,0.0,0.0,0.0,0.0,0.0,0.0,0.0,0.04,0.04
5,3,3,2,True,5.874413171873367,0.5544589492851593,2,qEHVI,0.92,0.0,0.0,0.0,0.04,0.0,0.0,0.0,0.0,0.0,0.0,0.0,0.0,0.04,0.0
5,3,3,2,True,5.874413171873367,0.5544589492851593,3,qUCB,0.46,0.0,0.48,0.0,0.0,0.0,0.0,0.0,0.0,0.0,0.0,0.04,0.0,0.0,0.02
5,3,3,2,True,5.874413171873367,0.5544589492851593,4,qUCB,0.9,0.06,0.0,0.0,0.0,0.0,0.0,0.0,0.0,0.0,0.0,0.04,0.0,0.0,0.0
5,4,2,3,False,5.78793411200116,0.42015997154824447,0,qEHVI,0.46,0.0,0.44,0.04,0.0,0.0,0.0,0.0,0.04,0.0,0.0,0.02,0.0,0.0,0.0
5,4,2,3,False,5.78793411200116,0.42015997154824447,1,qEHVI,0.72,0.18,0.0,0.0,0.02,0.0,0.0,0.0,0.0,0.0,0.0,0.0,0.0,0.04,0.04
5,4,2,3,False,5.78793411200116,0.42015997154824447,2,qUCB,0.44,0.0,0.46,0.0,0.04,0.0,0.0,0.0,0.0,0.0,0.0,0.04,0.0,0.02,0.0
5,4,2,3,False,5.78793411200116,0.42015997154824447,3,qUCB,0.92,0.04,0.0,0.0,0.04,0.0,0.0,0.0,0.0,0.0,0.0,0.0,0.0,0.0,0.0
5,4,2,3,False,5.78793411200116,0.42015997154824447,4,qUCB,0.36,0.0,0.56,0.0,0.04,0.0,0.0,0.0,0.0,0.0,0.0,0.04,0.0,0.0,0.0
5,5,1,4,False,5.932908972281445,0.6103441638048466,0,qEHVI,0.46,0.0,0.44,0.04,0.0,0.0,0.0,0.0,0.04,0.0,0.0,0.02,0.0,0.0,0.0
5,5,1,4,False,5.932908972281445,0.6103441638048466,1,qUCB,0.72,0.18,0.0,0.0,0.02,0.0,0.0,0.0,0.0,0.0,0.0,0.0,0.0,0.04,0.04
5,5,1,4,False,5.932908972281445,0.6103441638048466,2,qUCB,0.92,0.0,0.0,0.0,0.04,0.0,0.0,0.0,0.0,0.0,0.0,0.0,0.0,0.04,0.0
5,5,1,4,False,5.932908972281445,0.6103441638048466,3,qUCB,0.0,0.9,0.0,0.0,0.02,0.0,0.0,0.0,0.0,0.0,0.0,0.0,0.0,0.04,0.04
5,5,1,4,False,5.932908972281445,0.6103441638048466,4,qUCB,0.66,0.24,0.0,0.0,0.04,0.0,0.0,0.0,0.0,0.0,0.0,0.0,0.0,0.04,0.02
5,6,0,5,False,3.3112733329359854,0.377517525635799,0,qUCB,0.72,0.18,0.0,0.0,0.02,0.0,0.0,0.0,0.0,0.0,0.0,0.0,0.0,0.04,0.04
5,6,0,5,False,3.3112733329359854,0.377517525635799,1,qUCB,0.92,0.0,0.0,0.0,0.04,0.0,0.0,0.0,0.0,0.0,0.0,0.0,0.0,0.04,0.0
5,6,0,5,False,3.3112733329359854,0.377517525635799,2,qUCB,0.86,0.1,0.0,0.0,0.0,0.0,0.0,0.0,0.0,0.0,0.0,0.0,0.0,0.0,0.04
5,6,0,5,False,3.3112733329359854,0.377517525635799,3,qUCB,0.58,0.38,0.0,0.0,0.0,0.0,0.0,0.0,0.0,0.0,0.0,0.0,0.0,0.0,0.04
5,6,0,5,False,3.3112733329359854,0.377517525635799,4,qUCB,0.84,0.06,0.0,0.0,0.0,0.0,0.0,0.0,0.04,0.0,0.0,0.0,0.0,0.02,0.04
6,1,5,0,True,2.779020039950015,0.46883493036301616,0,qEHVI,0.7000000000000001,0.24,0.0,0.0,0.0,0.0,0.0,0.0,0.0,0.0,0.0,0.0,0.0,0.02,0.04
6,1,5,0,True,2.779020039950015,0.46883493036301616,1,qEHVI,0.46,0.0,0.5,0.0,0.02,0.0,0.0,0.0,0.0,0.0,0.0,0.02,0.0,0.0,0.0
6,1,5,0,True,2.779020039950015,0.46883493036301616,2,qEHVI,0.58,0.0,0.36,0.0,0.0,0.0,0.0,0.0,0.0,0.0,0.0,0.0,0.0,0.04,0.02
6,1,5,0,True,2.779020039950015,0.46883493036301616,3,qEHVI,0.48,0.0,0.42,0.04,0.0,0.0,0.0,0.0,0.0,0.0,0.0,0.02,0.0,0.04,0.0
6,1,5,0,True,2.779020039950015,0.46883493036301616,4,qEHVI,0.8,0.12,0.0,0.0,0.0,0.0,0.0,0.0,0.0,0.0,0.0,0.0,0.0,0.04,0.04
6,2,4,1,False,2.5988029613825376,0.8073149438628633,0,qEHVI,0.7000000000000001,0.24,0.0,0.0,0.0,0.0,0.0,0.0,0.0,0.0,0.0,0.0,0.0,0.02,0.04
6,2,4,1,False,2.5988029613825376,0.8073149438628633,1,qEHVI,0.46,0.0,0.5,0.0,0.02,0.0,0.0,0.0,0.0,0.0,0.0,0.02,0.0,0.0,0.0
6,2,4,1,False,2.5988029613825376,0.8073149438628633,2,qEHVI,0.8,0.12,0.0,0.0,0.0,0.0,0.0,0.0,0.0,0.0,0.0,0.0,0.0,0.04,0.04
6,2,4,1,False,2.5988029613825376,0.8073149438628633,3,qEHVI,0.58,0.0,0.36,0.0,0.0,0.0,0.0,0.0,0.0,0.0,0.0,0.0,0.0,0.04,0.02
6,2,4,1,False,2.5988029613825376,0.8073149438628633,4,qUCB,0.44,0.06,0.42,0.04,0.0,0.0,0.0,0.0,0.04,0.0,0.0,0.0,0.0,0.0,0.0
6,3,3,2,False,2.3869374160725423,0.40181530995768,0,qEHVI,0.7000000000000001,0.24,0.0,0.0,0.0,0.0,0.0,0.0,0.0,0.0,0.0,0.0,0.0,0.02,0.04
6,3,3,2,False,2.3869374160725423,0.40181530995768,1,qEHVI,0.46,0.0,0.5,0.0,0.02,0.0,0.0,0.0,0.0,0.0,0.0,0.02,0.0,0.0,0.0
6,3,3,2,False,2.3869374160725423,0.40181530995768,2,qEHVI,0.58,0.0,0.36,0.0,0.0,0.0,0.0,0.0,0.0,0.0,0.0,0.0,0.0,0.04,0.02
6,3,3,2,False,2.3869374160725423,0.40181530995768,3,qUCB,0.44,0.06,0.42,0.04,0.0,0.0,0.0,0.0,0.04,0.0,0.0,0.0,0.0,0.0,0.0
6,3,3,2,False,2.3869374160725423,0.40181530995768,4,qUCB,0.0,0.8,0.12,0.04,0.0,0.0,0.0,0.0,0.04,0.0,0.0,0.0,0.0,0.0,0.0
6,4,2,3,False,2.441312608775825,0.5261563740732385,0,qEHVI,0.7000000000000001,0.24,0.0,0.0,0.0,0.0,0.0,0.0,0.0,0.0,0.0,0.0,0.0,0.02,0.04
6,4,2,3,False,2.441312608775825,0.5261563740732385,1,qEHVI,0.46,0.0,0.5,0.0,0.02,0.0,0.0,0.0,0.0,0.0,0.0,0.02,0.0,0.0,0.0
6,4,2,3,False,2.441312608775825,0.5261563740732385,2,qUCB,0.42,0.0,0.48,0.02,0.0,0.0,0.0,0.0,0.04,0.0,0.0,0.0,0.0,0.04,0.0
6,4,2,3,False,2.441312608775825,0.5261563740732385,3,qUCB,0.48,0.0,0.42,0.04,0.0,0.0,0.0,0.0,0.0,0.0,0.0,0.02,0.0,0.04,0.0
6,4,2,3,False,2.441312608775825,0.5261563740732385,4,qUCB,0.9,0.02,0.0,0.0,0.0,0.0,0.0,0.0,0.04,0.0,0.0,0.0,0.0,0.04,0.0
6,5,1,4,False,2.1114999704772432,0.1673095436605152,0,qEHVI,0.7000000000000001,0.24,0.0,0.0,0.0,0.0,0.0,0.0,0.0,0.0,0.0,0.0,0.0,0.02,0.04
6,5,1,4,False,2.1114999704772432,0.1673095436605152,1,qUCB,0.48,0.0,0.42,0.02,0.0,0.0,0.0,0.0,0.04,0.0,0.0,0.04,0.0,0.0,0.0
6,5,1,4,False,2.1114999704772432,0.1673095436605152,2,qUCB,0.4,0.02,0.48,0.04,0.02,0.0,0.0,0.0,0.0,0.0,0.0,0.04,0.0,0.0,0.0
6,5,1,4,False,2.1114999704772432,0.1673095436605152,3,qUCB,0.34,0.0,0.56,0.0,0.04,0.0,0.0,0.0,0.04,0.0,0.0,0.02,0.0,0.0,0.0
6,5,1,4,False,2.1114999704772432,0.1673095436605152,4,qUCB,0.28,0.0,0.64,0.0,0.0,0.0,0.0,0.0,0.04,0.0,0.0,0.04,0.0,0.0,0.0
6,6,0,5,False,2.2157759697870225,0.5775761788148159,0,qUCB,0.7000000000000001,0.24,0.0,0.0,0.0,0.0,0.0,0.0,0.0,0.0,0.0,0.0,0.0,0.02,0.04
6,6,0,5,False,2.2157759697870225,0.5775761788148159,1,qUCB,0.8,0.12,0.0,0.0,0.0,0.0,0.0,0.0,0.0,0.0,0.0,0.0,0.0,0.04,0.04
6,6,0,5,False,2.2157759697870225,0.5775761788148159,2,qUCB,0.56,0.34,0.0,0.0,0.0,0.0,0.0,0.0,0.02,0.0,0.0,0.0,0.0,0.04,0.04
6,6,0,5,False,2.2157759697870225,0.5775761788148159,3,qUCB,0.6,0.3,0.02,0.0,0.04,0.0,0.0,0.0,0.0,0.0,0.0,0.0,0.0,0.0,0.04
6,6,0,5,False,2.2157759697870225,0.5775761788148159,4,qUCB,0.44,0.0,0.46,0.0,0.04,0.0,0.0,0.0,0.04,0.0,0.0,0.0,0.0,0.0,0.02
7,1,5,0,False,4.372997832910288,0.7970422821903882,0,qEHVI,0.58,0.02,0.3,0.04,0.0,0.0,0.0,0.0,0.0,0.0,0.0,0.0,0.0,0.04,0.02
7,1,5,0,False,4.372997832910288,0.7970422821903882,1,qEHVI,0.52,0.0,0.42,0.04,0.0,0.0,0.0,0.0,0.02,0.0,0.0,0.0,0.0,0.0,0.0
7,1,5,0,False,4.372997832910288,0.7970422821903882,2,qEHVI,0.44,0.18,0.28,0.04,0.0,0.0,0.0,0.0,0.02,0.0,0.0,0.0,0.0,0.04,0.0
7,1,5,0,False,4.372997832910288,0.7970422821903882,3,qEHVI,0.58,0.34,0.06,0.0,0.0,0.0,0.0,0.0,0.0,0.0,0.0,0.0,0.0,0.02,0.0
7,1,5,0,False,4.372997832910288,0.7970422821903882,4,qEHVI,0.56,0.0,0.34,0.04,0.02,0.0,0.0,0.0,0.04,0.0,0.0,0.0,0.0,0.0,0.0
7,2,4,1,True,4.194575888520767,1.374682876186693,0,qEHVI,0.58,0.02,0.3,0.04,0.0,0.0,0.0,0.0,0.0,0.0,0.0,0.0,0.0,0.04,0.02
7,2,4,1,True,4.194575888520767,1.374682876186693,1,qEHVI,0.52,0.0,0.42,0.04,0.0,0.0,0.0,0.0,0.02,0.0,0.0,0.0,0.0,0.0,0.0
7,2,4,1,True,4.194575888520767,1.374682876186693,2,qEHVI,0.44,0.18,0.28,0.04,0.0,0.0,0.0,0.0,0.02,0.0,0.0,0.0,0.0,0.04,0.0
7,2,4,1,True,4.194575888520767,1.374682876186693,3,qEHVI,0.58,0.34,0.06,0.0,0.0,0.0,0.0,0.0,0.0,0.0,0.0,0.0,0.0,0.02,0.0
7,2,4,1,True,4.194575888520767,1.374682876186693,4,qUCB,0.54,0.0,0.36,0.02,0.0,0.0,0.0,0.0,0.0,0.0,0.0,0.04,0.0,0.0,0.04
7,3,3,2,False,3.7105236510074624,1.203353446791044,0,qEHVI,0.58,0.02,0.3,0.04,0.0,0.0,0.0,0.0,0.0,0.0,0.0,0.0,0.0,0.04,0.02
7,3,3,2,False,3.7105236510074624,1.203353446791044,1,qEHVI,0.52,0.0,0.42,0.04,0.0,0.0,0.0,0.0,0.02,0.0,0.0,0.0,0.0,0.0,0.0
7,3,3,2,False,3.7105236510074624,1.203353446791044,2,qEHVI,0.44,0.18,0.28,0.04,0.0,0.0,0.0,0.0,0.02,0.0,0.0,0.0,0.0,0.04,0.0
7,3,3,2,False,3.7105236510074624,1.203353446791044,3,qUCB,0.38,0.3,0.22,0.0,0.04,0.0,0.0,0.0,0.0,0.0,0.0,0.02,0.0,0.0,0.04
7,3,3,2,False,3.7105236510074624,1.203353446791044,4,qUCB,0.0,0.66,0.24,0.04,0.02,0.0,0.0,0.0,0.0,0.0,0.0,0.04,0.0,0.0,0.0
7,4,2,3,False,3.159405841009541,0.8656263017519983,0,qEHVI,0.58,0.02,0.3,0.04,0.0,0.0,0.0,0.0,0.0,0.0,0.0,0.0,0.0,0.04,0.02
7,4,2,3,False,3.159405841009541,0.8656263017519983,1,qEHVI,0.52,0.0,0.42,0.04,0.0,0.0,0.0,0.0,0.02,0.0,0.0,0.0,0.0,0.0,0.0
7,4,2,3,False,3.159405841009541,0.8656263017519983,2,qUCB,0.38,0.3,0.22,0.0,0.04,0.0,0.0,0.0,0.0,0.0,0.0,0.02,0.0,0.0,0.04
7,4,2,3,False,3.159405841009541,0.8656263017519983,3,qUCB,0.0,0.66,0.24,0.04,0.02,0.0,0.0,0.0,0.0,0.0,0.0,0.04,0.0,0.0,0.0
7,4,2,3,False,3.159405841009541,0.8656263017519983,4,qUCB,0.0,0.92,0.0,0.0,0.04,0.0,0.0,0.0,0.0,0.0,0.0,0.0,0.0,0.0,0.04
7,5,1,4,False,2.5259745333812527,0.6731077115824178,0,qEHVI,0.58,0.02,0.3,0.04,0.0,0.0,0.0,0.0,0.0,0.0,0.0,0.0,0.0,0.04,0.02
7,5,1,4,False,2.5259745333812527,0.6731077115824178,1,qUCB,0.54,0.04,0.34,0.0,0.04,0.0,0.0,0.0,0.04,0.0,0.0,0.0,0.0,0.0,0.0
7,5,1,4,False,2.5259745333812527,0.6731077115824178,2,qUCB,0.0,0.66,0.24,0.04,0.02,0.0,0.0,0.0,0.0,0.0,0.0,0.04,0.0,0.0,0.0
7,5,1,4,False,2.5259745333812527,0.6731077115824178,3,qUCB,0.38,0.34,0.2,0.0,0.0,0.0,0.0,0.0,0.04,0.0,0.0,0.04,0.0,0.0,0.0
7,5,1,4,False,2.5259745333812527,0.6731077115824178,4,qUCB,0.0,0.66,0.26,0.04,0.0,0.0,0.0,0.0,0.04,0.0,0.0,0.0,0.0,0.0,0.0
7,6,0,5,False,2.5843885086750067,0.6164409531027406,0,qUCB,0.6,0.0,0.32,0.04,0.0,0.0,0.0,0.0,0.0,0.0,0.0,0.0,0.0,0.02,0.02
7,6,0,5,False,2.5843885086750067,0.6164409531027406,1,qUCB,0.0,0.66,0.26,0.04,0.0,0.0,0.0,0.0,0.04,0.0,0.0,0.0,0.0,0.0,0.0
7,6,0,5,False,2.5843885086750067,0.6164409531027406,2,qUCB,0.36,0.36,0.18,0.04,0.02,0.0,0.0,0.0,0.0,0.0,0.0,0.0,0.0,0.0,0.04
7,6,0,5,False,2.5843885086750067,0.6164409531027406,3,qUCB,0.38,0.34,0.18,0.0,0.0,0.0,0.0,0.0,0.04,0.0,0.0,0.0,0.0,0.02,0.04
7,6,0,5,False,2.5843885086750067,0.6164409531027406,4,qUCB,0.3,0.34,0.26,0.04,0.0,0.0,0.0,0.0,0.0,0.0,0.0,0.0,0.0,0.02,0.04
8,1,5,0,False,15.223561218886756,1.1465767133383142,0,qEHVI,0.48,0.1,0.34,0.0,0.02,0.0,0.0,0.0,0.04,0.0,0.0,0.0,0.0,0.0,0.02
8,1,5,0,False,15.223561218886756,1.1465767133383142,1,qEHVI,0.66,0.24,0.02,0.04,0.04,0.0,0.0,0.0,0.0,0.0,0.0,0.0,0.0,0.0,0.0
8,1,5,0,False,15.223561218886756,1.1465767133383142,2,qEHVI,0.46,0.0,0.44,0.02,0.0,0.0,0.0,0.0,0.04,0.0,0.0,0.0,0.0,0.0,0.04
8,1,5,0,False,15.223561218886756,1.1465767133383142,3,qEHVI,0.54,0.24,0.12,0.0,0.04,0.0,0.0,0.0,0.0,0.0,0.0,0.0,0.0,0.02,0.04
8,1,5,0,False,15.223561218886756,1.1465767133383142,4,qEHVI,0.46,0.08,0.36,0.02,0.04,0.0,0.0,0.0,0.02,0.0,0.0,0.0,0.0,0.0,0.02
8,2,4,1,False,14.47145912371857,1.1057753598186153,0,qEHVI,0.48,0.1,0.34,0.0,0.02,0.0,0.0,0.0,0.04,0.0,0.0,0.0,0.0,0.0,0.02
8,2,4,1,False,14.47145912371857,1.1057753598186153,1,qEHVI,0.66,0.24,0.02,0.04,0.04,0.0,0.0,0.0,0.0,0.0,0.0,0.0,0.0,0.0,0.0
8,2,4,1,False,14.47145912371857,1.1057753598186153,2,qEHVI,0.46,0.0,0.44,0.02,0.0,0.0,0.0,0.0,0.04,0.0,0.0,0.0,0.0,0.0,0.04
8,2,4,1,False,14.47145912371857,1.1057753598186153,3,qEHVI,0.54,0.24,0.12,0.0,0.04,0.0,0.0,0.0,0.0,0.0,0.0,0.0,0.0,0.02,0.04
8,2,4,1,False,14.47145912371857,1.1057753598186153,4,qUCB,0.54,0.2,0.16,0.02,0.0,0.0,0.0,0.0,0.0,0.0,0.0,0.04,0.0,0.04,0.0
8,3,3,2,False,13.056308599140504,0.5874277138167816,0,qEHVI,0.48,0.1,0.34,0.0,0.02,0.0,0.0,0.0,0.04,0.0,0.0,0.0,0.0,0.0,0.02
8,3,3,2,False,13.056308599140504,0.5874277138167816,1,qEHVI,0.66,0.24,0.02,0.04,0.04,0.0,0.0,0.0,0.0,0.0,0.0,0.0,0.0,0.0,0.0
8,3,3,2,False,13.056308599140504,0.5874277138167816,2,qEHVI,0.46,0.0,0.44,0.02,0.0,0.0,0.0,0.0,0.04,0.0,0.0,0.0,0.0,0.0,0.04
8,3,3,2,False,13.056308599140504,0.5874277138167816,3,qUCB,0.54,0.2,0.16,0.02,0.0,0.0,0.0,0.0,0.0,0.0,0.0,0.04,0.0,0.04,0.0
8,3,3,2,False,13.056308599140504,0.5874277138167816,4,qUCB,0.02,0.58,0.3,0.04,0.0,0.0,0.0,0.0,0.0,0.0,0.0,0.04,0.0,0.0,0.02
8,4,2,3,True,12.134237458056749,1.4624974293867758,0,qEHVI,0.48,0.1,0.34,0.0,0.02,0.0,0.0,0.0,0.04,0.0,0.0,0.0,0.0,0.0,0.02
8,4,2,3,True,12.134237458056749,1.4624974293867758,1,qEHVI,0.66,0.24,0.02,0.04,0.04,0.0,0.0,0.0,0.0,0.0,0.0,0.0,0.0,0.0,0.0
8,4,2,3,True,12.134237458056749,1.4624974293867758,2,qUCB,0.54,0.2,0.16,0.02,0.0,0.0,0.0,0.0,0.0,0.0,0.0,0.04,0.0,0.04,0.0
8,4,2,3,True,12.134237458056749,1.4624974293867758,3,qUCB,0.02,0.58,0.3,0.04,0.0,0.0,0.0,0.0,0.0,0.0,0.0,0.04,0.0,0.0,0.02
8,4,2,3,True,12.134237458056749,1.4624974293867758,4,qUCB,0.52,0.28,0.1,0.04,0.0,0.0,0.0,0.0,0.0,0.0,0.0,0.02,0.0,0.0,0.04
8,5,1,4,False,9.818900632296293,0.5727754624540857,0,qEHVI,0.48,0.1,0.34,0.0,0.02,0.0,0.0,0.0,0.04,0.0,0.0,0.0,0.0,0.0,0.02
8,5,1,4,False,9.818900632296293,0.5727754624540857,1,qUCB,0.54,0.24,0.12,0.04,0.0,0.0,0.0,0.0,0.0,0.0,0.0,0.02,0.0,0.04,0.0
8,5,1,4,False,9.818900632296293,0.5727754624540857,2,qUCB,0.04,0.54,0.32,0.04,0.0,0.0,0.0,0.0,0.0,0.0,0.0,0.04,0.0,0.02,0.0
8,5,1,4,False,9.818900632296293,0.5727754624540857,3,qUCB,0.04,0.68,0.18,0.04,0.02,0.0,0.0,0.0,0.0,0.0,0.0,0.04,0.0,0.0,0.0
8,5,1,4,False,9.818900632296293,0.5727754624540857,4,qUCB,0.22,0.48,0.22,0.04,0.0,0.0,0.0,0.0,0.0,0.0,0.0,0.04,0.0,0.0,0.0
8,6,0,5,False,9.019970875202025,1.2687180873466417,0,qUCB,0.58,0.24,0.08,0.04,0.0,0.0,0.0,0.0,0.04,0.0,0.0,0.0,0.0,0.02,0.0
8,6,0,5,False,9.019970875202025,1.2687180873466417,1,qUCB,0.0,0.58,0.34,0.04,0.0,0.0,0.0,0.0,0.0,0.0,0.0,0.0,0.0,0.0,0.04
8,6,0,5,False,9.019970875202025,1.2687180873466417,2,qUCB,0.48,0.18,0.26,0.0,0.04,0.0,0.0,0.0,0.02,0.0,0.0,0.0,0.0,0.0,0.02
8,6,0,5,False,9.019970875202025,1.2687180873466417,3,qUCB,0.04,0.7000000000000001,0.18,0.04,0.04,0.0,0.0,0.0,0.0,0.0,0.0,0.0,0.0,0.0,0.0
8,6,0,5,False,9.019970875202025,1.2687180873466417,4,qUCB,0.0,0.9400000000000001,0.0,0.0,0.02,0.0,0.0,0.0,0.0,0.0,0.0,0.0,0.0,0.0,0.04
9,1,5,0,False,4.186801001887654,0.9006813798369224,0,qEHVI,0.4,0.2,0.3,0.02,0.0,0.0,0.0,0.0,0.02,0.0,0.0,0.04,0.0,0.02,0.0
9,1,5,0,False,4.186801001887654,0.9006813798369224,1,qEHVI,0.5,0.0,0.44,0.02,0.04,0.0,0.0,0.0,0.0,0.0,0.0,0.0,0.0,0.0,0.0
9,1,5,0,False,4.186801001887654,0.9006813798369224,2,qEHVI,0.5,0.22,0.2,0.0,0.0,0.0,0.0,0.0,0.04,0.0,0.0,0.0,0.0,0.0,0.04
9,1,5,0,False,4.186801001887654,0.9006813798369224,3,qEHVI,0.62,0.04,0.32,0.02,0.0,0.0,0.0,0.0,0.0,0.0,0.0,0.0,0.0,0.0,0.0
9,1,5,0,False,4.186801001887654,0.9006813798369224,4,qEHVI,0.4,0.26,0.26,0.02,0.0,0.0,0.0,0.0,0.04,0.0,0.0,0.02,0.0,0.0,0.0
9,2,4,1,False,3.9844774814342694,0.7331632205703484,0,qEHVI,0.4,0.2,0.3,0.02,0.0,0.0,0.0,0.0,0.02,0.0,0.0,0.04,0.0,0.02,0.0
9,2,4,1,False,3.9844774814342694,0.7331632205703484,1,qEHVI,0.5,0.0,0.44,0.02,0.04,0.0,0.0,0.0,0.0,0.0,0.0,0.0,0.0,0.0,0.0
9,2,4,1,False,3.9844774814342694,0.7331632205703484,2,qEHVI,0.54,0.12,0.3,0.0,0.0,0.0,0.0,0.0,0.04,0.0,0.0,0.0,0.0,0.0,0.0
9,2,4,1,False,3.9844774814342694,0.7331632205703484,3,qEHVI,0.4,0.26,0.26,0.02,0.0,0.0,0.0,0.0,0.04,0.0,0.0,0.02,0.0,0.0,0.0
9,2,4,1,False,3.9844774814342694,0.7331632205703484,4,qUCB,0.36,0.36,0.18,0.0,0.02,0.0,0.0,0.0,0.0,0.0,0.0,0.0,0.0,0.04,0.04
9,3,3,2,False,3.6334479968515625,0.6697808905399195,0,qEHVI,0.4,0.2,0.3,0.02,0.0,0.0,0.0,0.0,0.02,0.0,0.0,0.04,0.0,0.02,0.0
9,3,3,2,False,3.6334479968515625,0.6697808905399195,1,qEHVI,0.5,0.0,0.44,0.02,0.04,0.0,0.0,0.0,0.0,0.0,0.0,0.0,0.0,0.0,0.0
9,3,3,2,False,3.6334479968515625,0.6697808905399195,2,qEHVI,0.54,0.12,0.3,0.0,0.0,0.0,0.0,0.0,0.04,0.0,0.0,0.0,0.0,0.0,0.0
9,3,3,2,False,3.6334479968515625,0.6697808905399195,3,qUCB,0.36,0.36,0.18,0.0,0.02,0.0,0.0,0.0,0.0,0.0,0.0,0.0,0.0,0.04,0.04
9,3,3,2,False,3.6334479968515625,0.6697808905399195,4,qUCB,0.2,0.52,0.2,0.04,0.0,0.0,0.0,0.0,0.0,0.0,0.0,0.0,0.0,0.0,0.04
9,4,2,3,True,3.451197917527583,0.9166050103945085,0,qEHVI,0.4,0.2,0.3,0.02,0.0,0.0,0.0,0.0,0.02,0.0,0.0,0.04,0.0,0.02,0.0
9,4,2,3,True,3.451197917527583,0.9166050103945085,1,qEHVI,0.5,0.0,0.44,0.02,0.04,0.0,0.0,0.0,0.0,0.0,0.0,0.0,0.0,0.0,0.0
9,4,2,3,True,3.451197917527583,0.9166050103945085,2,qUCB,0.36,0.36,0.18,0.0,0.02,0.0,0.0,0.0,0.04,0.0,0.0,0.0,0.0,0.0,0.04
9,4,2,3,True,3.451197917527583,0.9166050103945085,3,qUCB,0.2,0.52,0.2,0.04,0.0,0.0,0.0,0.0,0.0,0.0,0.0,0.0,0.0,0.0,0.04
9,4,2,3,True,3.451197917527583,0.9166050103945085,4,qUCB,0.4,0.28,0.24,0.0,0.0,0.0,0.0,0.0,0.0,0.0,0.0,0.0,0.0,0.04,0.04
9,5,1,4,False,2.488470881117638,0.5027322643039653,0,qEHVI,0.4,0.2,0.3,0.02,0.0,0.0,0.0,0.0,0.02,0.0,0.0,0.04,0.0,0.02,0.0
9,5,1,4,False,2.488470881117638,0.5027322643039653,1,qUCB,0.46,0.3,0.16,0.0,0.04,0.0,0.0,0.0,0.0,0.0,0.0,0.0,0.0,0.0,0.04
9,5,1,4,False,2.488470881117638,0.5027322643039653,2,qUCB,0.56,0.04,0.3,0.0,0.04,0.0,0.0,0.0,0.02,0.0,0.0,0.0,0.0,0.0,0.04
9,5,1,4,False,2.488470881117638,0.5027322643039653,3,qUCB,0.04,0.76,0.12,0.04,0.04,0.0,0.0,0.0,0.0,0.0,0.0,0.0,0.0,0.0,0.0
9,5,1,4,False,2.488470881117638,0.5027322643039653,4,qUCB,0.0,0.8200000000000001,0.08,0.0,0.04,0.0,0.0,0.0,0.02,0.0,0.0,0.0,0.0,0.0,0.04
9,6,0,5,False,3.0614821305860707,0.8109777624699757,0,qUCB,0.4,0.38,0.18,0.0,0.0,0.0,0.0,0.0,0.0,0.0,0.0,0.0,0.0,0.0,0.04
9,6,0,5,False,3.0614821305860707,0.8109777624699757,1,qUCB,0.32,0.42,0.18,0.04,0.0,0.0,0.0,0.0,0.0,0.0,0.0,0.0,0.0,0.04,0.0
9,6,0,5,False,3.0614821305860707,0.8109777624699757,2,qUCB,0.42,0.2,0.3,0.0,0.0,0.0,0.0,0.0,0.04,0.0,0.0,0.04,0.0,0.0,0.0
9,6,0,5,False,3.0614821305860707,0.8109777624699757,3,qUCB,0.46,0.3,0.16,0.0,0.04,0.0,0.0,0.0,0.0,0.0,0.0,0.0,0.0,0.0,0.04
9,6,0,5,False,3.0614821305860707,0.8109777624699757,4,qUCB,0.56,0.0,0.42,0.0,0.0,0.0,0.0,0.0,0.02,0.0,0.0,0.0,0.0,0.0,0.0
10,1,5,0,False,3.172829883433474,0.36024959599930906,0,qEHVI,0.4,0.18,0.32,0.02,0.02,0.0,0.0,0.0,0.04,0.0,0.0,0.0,0.0,0.0,0.02
10,1,5,0,False,3.172829883433474,0.36024959599930906,1,qEHVI,0.54,0.0,0.38,0.02,0.04,0.0,0.0,0.0,0.0,0.0,0.0,0.0,0.0,0.0,0.02
10,1,5,0,False,3.172829883433474,0.36024959599930906,2,qEHVI,0.62,0.28,0.04,0.0,0.0,0.0,0.0,0.0,0.02,0.0,0.0,0.0,0.0,0.04,0.0
10,1,5,0,False,3.172829883433474,0.36024959599930906,3,qEHVI,0.48,0.18,0.28,0.0,0.02,0.0,0.0,0.0,0.0,0.0,0.0,0.0,0.0,0.0,0.04
10,1,5,0,False,3.172829883433474,0.36024959599930906,4,qEHVI,0.34,0.2,0.36,0.04,0.0,0.0,0.0,0.0,0.02,0.0,0.0,0.04,0.0,0.0,0.0
10,2,4,1,False,2.9871799333695974,0.35686814724416704,0,qEHVI,0.4,0.18,0.32,0.02,0.02,0.0,0.0,0.0,0.04,0.0,0.0,0.0,0.0,0.0,0.02
10,2,4,1,False,2.9871799333695974,0.35686814724416704,1,qEHVI,0.54,0.0,0.38,0.02,0.04,0.0,0.0,0.0,0.0,0.0,0.0,0.0,0.0,0.0,0.02
10,2,4,1,False,2.9871799333695974,0.35686814724416704,2,qEHVI,0.62,0.28,0.04,0.0,0.0,0.0,0.0,0.0,0.02,0.0,0.0,0.0,0.0,0.04,0.0
10,2,4,1,False,2.9871799333695974,0.35686814724416704,3,qEHVI,0.46,0.2,0.28,0.0,0.04,0.0,0.0,0.0,0.02,0.0,0.0,0.0,0.0,0.0,0.0
10,2,4,1,False,2.9871799333695974,0.35686814724416704,4,qUCB,0.48,0.02,0.4,0.04,0.0,0.0,0.0,0.0,0.0,0.0,0.0,0.04,0.0,0.02,0.0
10,3,3,2,False,2.595258812516782,0.2658303528183318,0,qEHVI,0.4,0.18,0.32,0.02,0.02,0.0,0.0,0.0,0.04,0.0,0.0,0.0,0.0,0.0,0.02
10,3,3,2,False,2.595258812516782,0.2658303528183318,1,qEHVI,0.54,0.0,0.38,0.02,0.04,0.0,0.0,0.0,0.0,0.0,0.0,0.0,0.0,0.0,0.02
10,3,3,2,False,2.595258812516782,0.2658303528183318,2,qEHVI,0.62,0.28,0.04,0.0,0.0,0.0,0.0,0.0,0.02,0.0,0.0,0.0,0.0,0.04,0.0
10,3,3,2,False,2.595258812516782,0.2658303528183318,3,qUCB,0.48,0.02,0.4,0.04,0.0,0.0,0.0,0.0,0.0,0.0,0.0,0.04,0.0,0.02,0.0
10,3,3,2,False,2.595258812516782,0.2658303528183318,4,qUCB,0.02,0.78,0.12,0.04,0.0,0.0,0.0,0.0,0.0,0.0,0.0,0.04,0.0,0.0,0.0
10,4,2,3,True,2.1800471096322043,0.4020719363598113,0,qEHVI,0.4,0.18,0.32,0.02,0.02,0.0,0.0,0.0,0.04,0.0,0.0,0.0,0.0,0.0,0.02
10,4,2,3,True,2.1800471096322043,0.4020719363598113,1,qEHVI,0.54,0.0,0.38,0.02,0.04,0.0,0.0,0.0,0.0,0.0,0.0,0.0,0.0,0.0,0.02
10,4,2,3,True,2.1800471096322043,0.4020719363598113,2,qUCB,0.48,0.06,0.38,0.0,0.0,0.0,0.0,0.0,0.0,0.0,0.0,0.04,0.0,0.04,0.0
10,4,2,3,True,2.1800471096322043,0.4020719363598113,3,qUCB,0.02,0.78,0.12,0.04,0.0,0.0,0.0,0.0,0.0,0.0,0.0,0.04,0.0,0.0,0.0
10,4,2,3,True,2.1800471096322043,0.4020719363598113,4,qUCB,0.24,0.04,0.62,0.0,0.0,0.0,0.0,0.0,0.0,0.0,0.0,0.04,0.0,0.04,0.02
10,5,1,4,False,1.70665559542289,0.24455771552275785,0,qEHVI,0.4,0.18,0.32,0.02,0.02,0.0,0.0,0.0,0.04,0.0,0.0,0.0,0.0,0.0,0.02
10,5,1,4,False,1.70665559542289,0.24455771552275785,1,qUCB,0.48,0.06,0.38,0.0,0.0,0.0,0.0,0.0,0.0,0.0,0.0,0.04,0.0,0.04,0.0
10,5,1,4,False,1.70665559542289,0.24455771552275785,2,qUCB,0.24,0.04,0.62,0.0,0.0,0.0,0.0,0.0,0.0,0.0,0.0,0.04,0.0,0.04,0.02
10,5,1,4,False,1.70665559542289,0.24455771552275785,3,qUCB,0.02,0.78,0.12,0.04,0.0,0.0,0.0,0.0,0.0,0.0,0.0,0.04,0.0,0.0,0.0
10,5,1,4,False,1.70665559542289,0.24455771552275785,4,qUCB,0.28,0.0,0.62,0.04,0.0,0.0,0.0,0.0,0.0,0.0,0.0,0.0,0.0,0.04,0.02
10,6,0,5,False,1.4442871851240733,0.1801188924967505,0,qUCB,0.54,0.0,0.38,0.02,0.04,0.0,0.0,0.0,0.0,0.0,0.0,0.0,0.0,0.0,0.02
10,6,0,5,False,1.4442871851240733,0.1801188924967505,1,qUCB,0.28,0.0,0.62,0.04,0.0,0.0,0.0,0.0,0.0,0.0,0.0,0.0,0.0,0.04,0.02
10,6,0,5,False,1.4442871851240733,0.1801188924967505,2,qUCB,0.3,0.0,0.64,0.0,0.0,0.0,0.0,0.0,0.02,0.0,0.0,0.04,0.0,0.0,0.0
10,6,0,5,False,1.4442871851240733,0.1801188924967505,3,qUCB,0.02,0.78,0.12,0.04,0.0,0.0,0.0,0.0,0.0,0.0,0.0,0.04,0.0,0.0,0.0
10,6,0,5,False,1.4442871851240733,0.1801188924967505,4,qUCB,0.0,0.52,0.4,0.04,0.0,0.0,0.0,0.0,0.02,0.0,0.0,0.0,0.0,0.02,0.0
11,1,5,0,False,3.135596686968511,0.16493340471947038,0,qEHVI,0.42,0.22,0.28,0.0,0.04,0.0,0.0,0.0,0.04,0.0,0.0,0.0,0.0,0.0,0.0
11,1,5,0,False,3.135596686968511,0.16493340471947038,1,qEHVI,0.52,0.0,0.4,0.02,0.0,0.0,0.0,0.0,0.02,0.0,0.0,0.04,0.0,0.0,0.0
11,1,5,0,False,3.135596686968511,0.16493340471947038,2,qEHVI,0.62,0.26,0.04,0.0,0.0,0.0,0.0,0.0,0.0,0.0,0.0,0.02,0.0,0.04,0.02
11,1,5,0,False,3.135596686968511,0.16493340471947038,3,qEHVI,0.3,0.24,0.36,0.04,0.0,0.0,0.0,0.0,0.02,0.0,0.0,0.04,0.0,0.0,0.0
11,1,5,0,False,3.135596686968511,0.16493340471947038,4,qEHVI,0.52,0.14,0.3,0.0,0.0,0.0,0.0,0.0,0.04,0.0,0.0,0.0,0.0,0.0,0.0
11,2,4,1,False,2.9146180657344343,0.4988035163176072,0,qEHVI,0.42,0.22,0.28,0.0,0.04,0.0,0.0,0.0,0.04,0.0,0.0,0.0,0.0,0.0,0.0
11,2,4,1,False,2.9146180657344343,0.4988035163176072,1,qEHVI,0.52,0.0,0.4,0.02,0.0,0.0,0.0,0.0,0.02,0.0,0.0,0.04,0.0,0.0,0.0
11,2,4,1,False,2.9146180657344343,0.4988035163176072,2,qEHVI,0.62,0.26,0.04,0.0,0.0,0.0,0.0,0.0,0.0,0.0,0.0,0.02,0.0,0.04,0.02
11,2,4,1,False,2.9146180657344343,0.4988035163176072,3,qEHVI,0.3,0.24,0.36,0.04,0.0,0.0,0.0,0.0,0.02,0.0,0.0,0.04,0.0,0.0,0.0
11,2,4,1,False,2.9146180657344343,0.4988035163176072,4,qUCB,0.54,0.0,0.36,0.04,0.02,0.0,0.0,0.0,0.0,0.0,0.0,0.0,0.0,0.0,0.04
11,3,3,2,True,2.5958468953844194,0.5365769181414973,0,qEHVI,0.42,0.22,0.28,0.0,0.04,0.0,0.0,0.0,0.04,0.0,0.0,0.0,0.0,0.0,0.0
11,3,3,2,True,2.5958468953844194,0.5365769181414973,1,qEHVI,0.52,0.0,0.4,0.02,0.0,0.0,0.0,0.0,0.02,0.0,0.0,0.04,0.0,0.0,0.0
11,3,3,2,True,2.5958468953844194,0.5365769181414973,2,qEHVI,0.62,0.26,0.04,0.0,0.0,0.0,0.0,0.0,0.0,0.0,0.0,0.02,0.0,0.04,0.02
11,3,3,2,True,2.5958468953844194,0.5365769181414973,3,qUCB,0.54,0.0,0.36,0.04,0.02,0.0,0.0,0.0,0.0,0.0,0.0,0.0,0.0,0.0,0.04
11,3,3,2,True,2.5958468953844194,0.5365769181414973,4,qUCB,0.08,0.48,0.36,0.04,0.0,0.0,0.0,0.0,0.0,0.0,0.0,0.0,0.0,0.0,0.04
11,4,2,3,False,2.3883436211578633,0.4983586056038525,0,qEHVI,0.42,0.22,0.28,0.0,0.04,0.0,0.0,0.0,0.04,0.0,0.0,0.0,0.0,0.0,0.0
11,4,2,3,False,2.3883436211578633,0.4983586056038525,1,qEHVI,0.52,0.0,0.4,0.02,0.0,0.0,0.0,0.0,0.02,0.0,0.0,0.04,0.0,0.0,0.0
11,4,2,3,False,2.3883436211578633,0.4983586056038525,2,qUCB,0.38,0.2,0.34,0.0,0.0,0.0,0.0,0.0,0.0,0.0,0.0,0.0,0.0,0.04,0.04
11,4,2,3,False,2.3883436211578633,0.4983586056038525,3,qUCB,0.24,0.56,0.12,0.0,0.0,0.0,0.0,0.0,0.0,0.0,0.0,0.0,0.0,0.04,0.04
11,4,2,3,False,2.3883436211578633,0.4983586056038525,4,qUCB,0.36,0.56,0.0,0.0,0.0,0.0,0.0,0.0,0.0,0.0,0.0,0.0,0.0,0.04,0.04
11,5,1,4,False,1.6027075800593038,0.385639573235677,0,qEHVI,0.42,0.22,0.28,0.0,0.04,0.0,0.0,0.0,0.04,0.0,0.0,0.0,0.0,0.0,0.0
11,5,1,4,False,1.6027075800593038,0.385639573235677,1,qUCB,0.42,0.08,0.4,0.04,0.0,0.0,0.0,0.0,0.0,0.0,0.0,0.04,0.0,0.02,0.0
11,5,1,4,False,1.6027075800593038,0.385639573235677,2,qUCB,0.76,0.0,0.14,0.0,0.0,0.0,0.0,0.0,0.0,0.0,0.0,0.04,0.0,0.02,0.04
11,5,1,4,False,1.6027075800593038,0.385639573235677,3,qUCB,0.2,0.36,0.34,0.0,0.0,0.0,0.0,0.0,0.0,0.0,0.0,0.02,0.0,0.04,0.04
11,5,1,4,False,1.6027075800593038,0.385639573235677,4,qUCB,0.06,0.02,0.8200000000000001,0.04,0.0,0.0,0.0,0.0,0.0,0.0,0.0,0.02,0.0,0.04,0.0
11,6,0,5,False,1.5327888875069704,0.8427434468542865,0,qUCB,0.52,0.0,0.38,0.04,0.02,0.0,0.0,0.0,0.0,0.0,0.0,0.04,0.0,0.0,0.0
11,6,0,5,False,1.5327888875069704,0.8427434468542865,1,qUCB,0.42,0.26,0.32,0.0,0.0,0.0,0.0,0.0,0.0,0.0,0.0,0.0,0.0,0.0,0.0
11,6,0,5,False,1.5327888875069704,0.8427434468542865,2,qUCB,0.5,0.18,0.22,0.0,0.04,0.0,0.0,0.0,0.0,0.0,0.0,0.04,0.0,0.0,0.02
11,6,0,5,False,1.5327888875069704,0.8427434468542865,3,qUCB,0.76,0.02,0.14,0.0,0.0,0.0,0.0,0.0,0.0,0.0,0.0,0.04,0.0,0.0,0.04
11,6,0,5,False,1.5327888875069704,0.8427434468542865,4,qUCB,0.3,0.0,0.62,0.04,0.0,0.0,0.0,0.0,0.02,0.0,0.0,0.02,0.0,0.0,0.0
12,1,5,0,False,1.637968046875811,0.6705769401158648,0,qEHVI,0.54,0.0,0.42,0.02,0.0,0.0,0.0,0.0,0.0,0.0,0.0,0.0,0.0,0.0,0.02
12,1,5,0,False,1.637968046875811,0.6705769401158648,1,qEHVI,0.58,0.08,0.34,0.0,0.0,0.0,0.0,0.0,0.0,0.0,0.0,0.0,0.0,0.0,0.0
12,1,5,0,False,1.637968046875811,0.6705769401158648,2,qEHVI,0.44,0.16,0.3,0.0,0.0,0.0,0.0,0.0,0.04,0.0,0.0,0.04,0.0,0.02,0.0
12,1,5,0,False,1.637968046875811,0.6705769401158648,3,qEHVI,0.52,0.0,0.4,0.0,0.04,0.0,0.0,0.0,0.02,0.0,0.0,0.0,0.0,0.0,0.02
12,1,5,0,False,1.637968046875811,0.6705769401158648,4,qEHVI,0.7000000000000001,0.22,0.02,0.0,0.0,0.0,0.0,0.0,0.0,0.0,0.0,0.0,0.0,0.04,0.02
12,2,4,1,False,1.6110287085772852,0.5751035677353933,0,qEHVI,0.54,0.0,0.42,0.02,0.0,0.0,0.0,0.0,0.0,0.0,0.0,0.0,0.0,0.0,0.02
12,2,4,1,False,1.6110287085772852,0.5751035677353933,1,qEHVI,0.58,0.08,0.34,0.0,0.0,0.0,0.0,0.0,0.0,0.0,0.0,0.0,0.0,0.0,0.0
12,2,4,1,False,1.6110287085772852,0.5751035677353933,2,qEHVI,0.44,0.16,0.3,0.0,0.0,0.0,0.0,0.0,0.04,0.0,0.0,0.04,0.0,0.02,0.0
12,2,4,1,False,1.6110287085772852,0.5751035677353933,3,qEHVI,0.52,0.0,0.4,0.0,0.04,0.0,0.0,0.0,0.02,0.0,0.0,0.0,0.0,0.0,0.02
12,2,4,1,False,1.6110287085772852,0.5751035677353933,4,qUCB,0.42,0.36,0.12,0.0,0.0,0.0,0.0,0.0,0.02,0.0,0.0,0.0,0.0,0.04,0.04
12,3,3,2,True,1.342636751126868,0.19507961687330644,0,qEHVI,0.54,0.0,0.42,0.02,0.0,0.0,0.0,0.0,0.0,0.0,0.0,0.0,0.0,0.0,0.02
12,3,3,2,True,1.342636751126868,0.19507961687330644,1,qEHVI,0.58,0.08,0.34,0.0,0.0,0.0,0.0,0.0,0.0,0.0,0.0,0.0,0.0,0.0,0.0
12,3,3,2,True,1.342636751126868,0.19507961687330644,2,qEHVI,0.44,0.16,0.3,0.0,0.0,0.0,0.0,0.0,0.04,0.0,0.0,0.04,0.0,0.02,0.0
12,3,3,2,True,1.342636751126868,0.19507961687330644,3,qUCB,0.34,0.34,0.22,0.0,0.04,0.0,0.0,0.0,0.0,0.0,0.0,0.02,0.0,0.04,0.0
12,3,3,2,True,1.342636751126868,0.19507961687330644,4,qUCB,0.3,0.48,0.12,0.0,0.04,0.0,0.0,0.0,0.0,0.0,0.0,0.0,0.0,0.04,0.02
12,4,2,3,False,1.1295437528228107,0.3211382087229062,0,qEHVI,0.54,0.0,0.42,0.02,0.0,0.0,0.0,0.0,0.0,0.0,0.0,0.0,0.0,0.0,0.02
12,4,2,3,False,1.1295437528228107,0.3211382087229062,1,qEHVI,0.58,0.08,0.34,0.0,0.0,0.0,0.0,0.0,0.0,0.0,0.0,0.0,0.0,0.0,0.0
12,4,2,3,False,1.1295437528228107,0.3211382087229062,2,qUCB,0.44,0.3,0.16,0.0,0.02,0.0,0.0,0.0,0.04,0.0,0.0,0.0,0.0,0.04,0.0
12,4,2,3,False,1.1295437528228107,0.3211382087229062,3,qUCB,0.36,0.46,0.08,0.0,0.0,0.0,0.0,0.0,0.04,0.0,0.0,0.0,0.0,0.04,0.02
12,4,2,3,False,1.1295437528228107,0.3211382087229062,4,qUCB,0.6,0.18,0.12,0.0,0.04,0.0,0.0,0.0,0.0,0.0,0.0,0.04,0.0,0.0,0.02
12,5,1,4,False,0.7712958525934313,0.26463672937403127,0,qEHVI,0.54,0.0,0.42,0.02,0.0,0.0,0.0,0.0,0.0,0.0,0.0,0.0,0.0,0.0,0.02
12,5,1,4,False,0.7712958525934313,0.26463672937403127,1,qUCB,0.44,0.3,0.16,0.0,0.02,0.0,0.0,0.0,0.04,0.0,0.0,0.0,0.0,0.04,0.0
12,5,1,4,False,0.7712958525934313,0.26463672937403127,2,qUCB,0.52,0.0,0.38,0.0,0.0,0.0,0.0,0.0,0.04,0.0,0.0,0.04,0.0,0.02,0.0
12,5,1,4,False,0.7712958525934313,0.26463672937403127,3,qUCB,0.3,0.44,0.16,0.0,0.0,0.0,0.0,0.0,0.02,0.0,0.0,0.04,0.0,0.04,0.0
12,5,1,4,False,0.7712958525934313,0.26463672937403127,4,qUCB,0.34,0.34,0.22,0.0,0.04,0.0,0.0,0.0,0.0,0.0,0.0,0.02,0.0,0.04,0.0
12,6,0,5,False,0.6444204166688308,0.6665276233831512,0,qUCB,0.6,0.0,0.38,0.02,0.0,0.0,0.0,0.0,0.0,0.0,0.0,0.0,0.0,0.0,0.0
12,6,0,5,False,0.6444204166688308,0.6665276233831512,1,qUCB,0.42,0.36,0.12,0.0,0.0,0.0,0.0,0.0,0.02,0.0,0.0,0.0,0.0,0.04,0.04
12,6,0,5,False,0.6444204166688308,0.6665276233831512,2,qUCB,0.42,0.34,0.2,0.0,0.04,0.0,0.0,0.0,0.0,0.0,0.0,0.0,0.0,0.0,0.0
12,6,0,5,False,0.6444204166688308,0.6665276233831512,3,qUCB,0.66,0.12,0.18,0.0,0.0,0.0,0.0,0.0,0.0,0.0,0.0,0.0,0.0,0.0,0.04
12,6,0,5,False,0.6444204166688308,0.6665276233831512,4,qUCB,0.0,0.02,0.96,0.0,0.0,0.0,0.0,0.0,0.0,0.0,0.0,0.0,0.0,0.02,0.0
13,1,5,0,False,1.3716022047605676,0.2608462119733721,0,qEHVI,0.52,0.0,0.42,0.0,0.0,0.0,0.0,0.0,0.02,0.0,0.0,0.04,0.0,0.0,0.0
13,1,5,0,False,1.3716022047605676,0.2608462119733721,1,qEHVI,0.42,0.16,0.32,0.02,0.04,0.0,0.0,0.0,0.0,0.0,0.0,0.04,0.0,0.0,0.0
13,1,5,0,False,1.3716022047605676,0.2608462119733721,2,qEHVI,0.56,0.0,0.34,0.02,0.04,0.0,0.0,0.0,0.0,0.0,0.0,0.0,0.0,0.04,0.0
13,1,5,0,False,1.3716022047605676,0.2608462119733721,3,qEHVI,0.6,0.28,0.02,0.0,0.0,0.0,0.0,0.0,0.04,0.0,0.0,0.0,0.0,0.04,0.02
13,1,5,0,False,1.3716022047605676,0.2608462119733721,4,qEHVI,0.54,0.0,0.44,0.0,0.0,0.0,0.0,0.0,0.0,0.0,0.0,0.0,0.0,0.0,0.02
13,2,4,1,True,1.207459674818644,0.4038490814159701,0,qEHVI,0.52,0.0,0.42,0.0,0.0,0.0,0.0,0.0,0.02,0.0,0.0,0.04,0.0,0.0,0.0
13,2,4,1,True,1.207459674818644,0.4038490814159701,1,qEHVI,0.42,0.16,0.32,0.02,0.04,0.0,0.0,0.0,0.0,0.0,0.0,0.04,0.0,0.0,0.0
13,2,4,1,True,1.207459674818644,0.4038490814159701,2,qEHVI,0.56,0.0,0.34,0.02,0.04,0.0,0.0,0.0,0.0,0.0,0.0,0.0,0.0,0.04,0.0
13,2,4,1,True,1.207459674818644,0.4038490814159701,3,qEHVI,0.6,0.28,0.02,0.0,0.0,0.0,0.0,0.0,0.04,0.0,0.0,0.0,0.0,0.04,0.02
13,2,4,1,True,1.207459674818644,0.4038490814159701,4,qUCB,0.5,0.08,0.34,0.04,0.0,0.0,0.0,0.0,0.0,0.0,0.0,0.0,0.0,0.0,0.04
13,3,3,2,False,0.972205320493182,0.24633762795876812,0,qEHVI,0.52,0.0,0.42,0.0,0.0,0.0,0.0,0.0,0.02,0.0,0.0,0.04,0.0,0.0,0.0
13,3,3,2,False,0.972205320493182,0.24633762795876812,1,qEHVI,0.42,0.16,0.32,0.02,0.04,0.0,0.0,0.0,0.0,0.0,0.0,0.04,0.0,0.0,0.0
13,3,3,2,False,0.972205320493182,0.24633762795876812,2,qEHVI,0.56,0.0,0.34,0.02,0.04,0.0,0.0,0.0,0.0,0.0,0.0,0.0,0.0,0.04,0.0
13,3,3,2,False,0.972205320493182,0.24633762795876812,3,qUCB,0.5,0.08,0.34,0.04,0.0,0.0,0.0,0.0,0.0,0.0,0.0,0.0,0.0,0.0,0.04
13,3,3,2,False,0.972205320493182,0.24633762795876812,4,qUCB,0.36,0.46,0.1,0.04,0.0,0.0,0.0,0.0,0.0,0.0,0.0,0.0,0.0,0.0,0.04
13,4,2,3,False,0.8402380894395088,0.24725872378312008,0,qEHVI,0.52,0.0,0.42,0.0,0.0,0.0,0.0,0.0,0.02,0.0,0.0,0.04,0.0,0.0,0.0
13,4,2,3,False,0.8402380894395088,0.24725872378312008,1,qEHVI,0.42,0.16,0.32,0.02,0.04,0.0,0.0,0.0,0.0,0.0,0.0,0.04,0.0,0.0,0.0
13,4,2,3,False,0.8402380894395088,0.24725872378312008,2,qUCB,0.48,0.06,0.36,0.0,0.02,0.0,0.0,0.0,0.0,0.0,0.0,0.0,0.0,0.04,0.04
13,4,2,3,False,0.8402380894395088,0.24725872378312008,3,qUCB,0.3,0.62,0.0,0.0,0.0,0.0,0.0,0.0,0.0,0.0,0.0,0.0,0.0,0.04,0.04
13,4,2,3,False,0.8402380894395088,0.24725872378312008,4,qUCB,0.56,0.12,0.22,0.0,0.02,0.0,0.0,0.0,0.0,0.0,0.0,0.0,0.0,0.04,0.04
13,5,1,4,False,0.5082139343042898,0.34261783609225094,0,qEHVI,0.52,0.0,0.42,0.0,0.0,0.0,0.0,0.0,0.02,0.0,0.0,0.04,0.0,0.0,0.0
13,5,1,4,False,0.5082139343042898,0.34261783609225094,1,qUCB,0.44,0.34,0.12,0.0,0.04,0.0,0.0,0.0,0.0,0.0,0.0,0.0,0.0,0.02,0.04
13,5,1,4,False,0.5082139343042898,0.34261783609225094,2,qUCB,0.4,0.34,0.16,0.04,0.02,0.0,0.0,0.0,0.0,0.0,0.0,0.0,0.0,0.04,0.0
13,5,1,4,False,0.5082139343042898,0.34261783609225094,3,qUCB,0.7000000000000001,0.08,0.12,0.0,0.04,0.0,0.0,0.0,0.0,0.0,0.0,0.0,0.0,0.02,0.04
13,5,1,4,False,0.5082139343042898,0.34261783609225094,4,qUCB,0.3,0.62,0.0,0.0,0.0,0.0,0.0,0.0,0.0,0.0,0.0,0.0,0.0,0.04,0.04
13,6,0,5,False,0.40415044577142256,0.8721496899939625,0,qUCB,0.6,0.02,0.38,0.0,0.0,0.0,0.0,0.0,0.0,0.0,0.0,0.0,0.0,0.0,0.0
13,6,0,5,False,0.40415044577142256,0.8721496899939625,1,qUCB,0.56,0.28,0.14,0.0,0.02,0.0,0.0,0.0,0.0,0.0,0.0,0.0,0.0,0.0,0.0
13,6,0,5,False,0.40415044577142256,0.8721496899939625,2,qUCB,0.7000000000000001,0.08,0.12,0.0,0.04,0.0,0.0,0.0,0.0,0.0,0.0,0.0,0.0,0.02,0.04
13,6,0,5,False,0.40415044577142256,0.8721496899939625,3,qUCB,0.4,0.34,0.16,0.04,0.02,0.0,0.0,0.0,0.0,0.0,0.0,0.0,0.0,0.04,0.0
13,6,0,5,False,0.40415044577142256,0.8721496899939625,4,qUCB,0.5,0.3,0.12,0.0,0.0,0.0,0.0,0.0,0.04,0.0,0.0,0.0,0.0,0.04,0.0
14,1,5,0,False,1.7518067235146488,0.08852358192970655,0,qEHVI,0.28,0.32,0.3,0.0,0.04,0.0,0.0,0.0,0.04,0.0,0.0,0.0,0.0,0.0,0.02
14,1,5,0,False,1.7518067235146488,0.08852358192970655,1,qEHVI,0.46,0.0,0.48,0.02,0.02,0.0,0.0,0.0,0.0,0.0,0.0,0.02,0.0,0.0,0.0
14,1,5,0,False,1.7518067235146488,0.08852358192970655,2,qEHVI,0.0,0.0,0.98,0.0,0.0,0.0,0.0,0.0,0.0,0.0,0.0,0.0,0.0,0.02,0.0
14,1,5,0,False,1.7518067235146488,0.08852358192970655,3,qEHVI,0.12,0.0,0.8,0.04,0.02,0.0,0.0,0.0,0.02,0.0,0.0,0.0,0.0,0.0,0.0
14,1,5,0,False,1.7518067235146488,0.08852358192970655,4,qEHVI,0.46,0.08,0.36,0.02,0.04,0.0,0.0,0.0,0.02,0.0,0.0,0.0,0.0,0.02,0.0
14,2,4,1,False,1.3944020537544923,0.2142840795187979,0,qEHVI,0.28,0.32,0.3,0.0,0.04,0.0,0.0,0.0,0.04,0.0,0.0,0.0,0.0,0.0,0.02
14,2,4,1,False,1.3944020537544923,0.2142840795187979,1,qEHVI,0.0,0.0,0.98,0.0,0.0,0.0,0.0,0.0,0.0,0.0,0.0,0.0,0.0,0.02,0.0
14,2,4,1,False,1.3944020537544923,0.2142840795187979,2,qEHVI,0.46,0.0,0.48,0.02,0.02,0.0,0.0,0.0,0.0,0.0,0.0,0.02,0.0,0.0,0.0
14,2,4,1,False,1.3944020537544923,0.2142840795187979,3,qEHVI,0.12,0.0,0.8,0.04,0.02,0.0,0.0,0.0,0.02,0.0,0.0,0.0,0.0,0.0,0.0
14,2,4,1,False,1.3944020537544923,0.2142840795187979,4,qUCB,0.5,0.32,0.1,0.0,0.0,0.0,0.0,0.0,0.0,0.0,0.0,0.0,0.0,0.04,0.04
14,3,3,2,True,1.586438756695677,0.21865879628369367,0,qEHVI,0.28,0.32,0.3,0.0,0.04,0.0,0.0,0.0,0.04,0.0,0.0,0.0,0.0,0.0,0.02
14,3,3,2,True,1.586438756695677,0.21865879628369367,1,qEHVI,0.46,0.0,0.48,0.02,0.02,0.0,0.0,0.0,0.0,0.0,0.0,0.02,0.0,0.0,0.0
14,3,3,2,True,1.586438756695677,0.21865879628369367,2,qEHVI,0.0,0.0,0.98,0.0,0.0,0.0,0.0,0.0,0.0,0.0,0.0,0.0,0.0,0.02,0.0
14,3,3,2,True,1.586438756695677,0.21865879628369367,3,qUCB,0.5,0.32,0.1,0.0,0.0,0.0,0.0,0.0,0.0,0.0,0.0,0.0,0.0,0.04,0.04
14,3,3,2,True,1.586438756695677,0.21865879628369367,4,qUCB,0.04,0.06,0.8,0.04,0.0,0.0,0.0,0.0,0.04,0.0,0.0,0.0,0.0,0.02,0.0
14,4,2,3,False,1.112565468546643,0.22963789380141364,0,qEHVI,0.28,0.32,0.3,0.0,0.04,0.0,0.0,0.0,0.04,0.0,0.0,0.0,0.0,0.0,0.02
14,4,2,3,False,1.112565468546643,0.22963789380141364,1,qEHVI,0.0,0.0,0.98,0.0,0.0,0.0,0.0,0.0,0.0,0.0,0.0,0.0,0.0,0.02,0.0
14,4,2,3,False,1.112565468546643,0.22963789380141364,2,qUCB,0.8,0.0,0.1,0.0,0.0,0.0,0.0,0.0,0.0,0.0,0.0,0.04,0.0,0.02,0.04
14,4,2,3,False,1.112565468546643,0.22963789380141364,3,qUCB,0.0,0.1,0.8,0.04,0.04,0.0,0.0,0.0,0.0,0.0,0.0,0.0,0.0,0.0,0.02
14,4,2,3,False,1.112565468546643,0.22963789380141364,4,qUCB,0.6,0.24,0.08,0.04,0.0,0.0,0.0,0.0,0.0,0.0,0.0,0.04,0.0,0.0,0.0
14,5,1,4,False,1.1304408414490503,0.42779615274702465,0,qEHVI,0.28,0.32,0.3,0.0,0.04,0.0,0.0,0.0,0.04,0.0,0.0,0.0,0.0,0.0,0.02
14,5,1,4,False,1.1304408414490503,0.42779615274702465,1,qUCB,0.48,0.0,0.44,0.04,0.0,0.0,0.0,0.0,0.0,0.0,0.0,0.0,0.0,0.04,0.0
14,5,1,4,False,1.1304408414490503,0.42779615274702465,2,qUCB,0.0,0.0,0.98,0.0,0.0,0.0,0.0,0.0,0.0,0.0,0.0,0.0,0.0,0.02,0.0
14,5,1,4,False,1.1304408414490503,0.42779615274702465,3,qUCB,0.0,0.12,0.78,0.04,0.0,0.0,0.0,0.0,0.0,0.0,0.0,0.02,0.0,0.04,0.0
14,5,1,4,False,1.1304408414490503,0.42779615274702465,4,qUCB,0.04,0.08,0.78,0.0,0.0,0.0,0.0,0.0,0.0,0.0,0.0,0.04,0.0,0.02,0.04
14,6,0,5,False,1.115007243854399,0.4102899563676914,0,qUCB,0.52,0.04,0.36,0.0,0.04,0.0,0.0,0.0,0.0,0.0,0.0,0.0,0.0,0.04,0.0
14,6,0,5,False,1.115007243854399,0.4102899563676914,1,qUCB,0.0,0.0,0.98,0.0,0.0,0.0,0.0,0.0,0.0,0.0,0.0,0.0,0.0,0.02,0.0
14,6,0,5,False,1.115007243854399,0.4102899563676914,2,qUCB,0.12,0.0,0.8,0.04,0.02,0.0,0.0,0.0,0.02,0.0,0.0,0.0,0.0,0.0,0.0
14,6,0,5,False,1.115007243854399,0.4102899563676914,3,qUCB,0.8,0.02,0.12,0.0,0.04,0.0,0.0,0.0,0.0,0.0,0.0,0.02,0.0,0.0,0.0
14,6,0,5,False,1.115007243854399,0.4102899563676914,4,qUCB,0.16,0.0,0.8,0.0,0.0,0.0,0.0,0.0,0.02,0.0,0.0,0.02,0.0,0.0,0.0
15,1,5,0,True,1.89991670794959,0.15012461812821876,0,qEHVI,0.46,0.18,0.32,0.04,0.0,0.0,0.0,0.0,0.0,0.0,0.0,0.0,0.0,0.0,0.0
15,1,5,0,True,1.89991670794959,0.15012461812821876,1,qEHVI,0.46,0.06,0.38,0.02,0.04,0.0,0.0,0.0,0.0,0.0,0.0,0.0,0.0,0.0,0.04
15,1,5,0,True,1.89991670794959,0.15012461812821876,2,qEHVI,0.42,0.2,0.28,0.02,0.04,0.0,0.0,0.0,0.0,0.0,0.0,0.04,0.0,0.0,0.0
15,1,5,0,True,1.89991670794959,0.15012461812821876,3,qEHVI,0.46,0.16,0.32,0.02,0.0,0.0,0.0,0.0,0.0,0.0,0.0,0.04,0.0,0.0,0.0
15,1,5,0,True,1.89991670794959,0.15012461812821876,4,qEHVI,0.52,0.02,0.42,0.02,0.02,0.0,0.0,0.0,0.0,0.0,0.0,0.0,0.0,0.0,0.0
15,2,4,1,False,1.771450837380331,0.4114205713078709,0,qEHVI,0.46,0.18,0.32,0.04,0.0,0.0,0.0,0.0,0.0,0.0,0.0,0.0,0.0,0.0,0.0
15,2,4,1,False,1.771450837380331,0.4114205713078709,1,qEHVI,0.46,0.06,0.38,0.02,0.04,0.0,0.0,0.0,0.0,0.0,0.0,0.0,0.0,0.0,0.04
15,2,4,1,False,1.771450837380331,0.4114205713078709,2,qEHVI,0.42,0.2,0.28,0.02,0.04,0.0,0.0,0.0,0.0,0.0,0.0,0.04,0.0,0.0,0.0
15,2,4,1,False,1.771450837380331,0.4114205713078709,3,qEHVI,0.46,0.16,0.32,0.02,0.0,0.0,0.0,0.0,0.0,0.0,0.0,0.04,0.0,0.0,0.0
15,2,4,1,False,1.771450837380331,0.4114205713078709,4,qUCB,0.52,0.26,0.12,0.0,0.02,0.0,0.0,0.0,0.04,0.0,0.0,0.0,0.0,0.04,0.0
15,3,3,2,False,1.5603688867475791,0.3316986753488784,0,qEHVI,0.46,0.18,0.32,0.04,0.0,0.0,0.0,0.0,0.0,0.0,0.0,0.0,0.0,0.0,0.0
15,3,3,2,False,1.5603688867475791,0.3316986753488784,1,qEHVI,0.46,0.06,0.38,0.02,0.04,0.0,0.0,0.0,0.0,0.0,0.0,0.0,0.0,0.0,0.04
15,3,3,2,False,1.5603688867475791,0.3316986753488784,2,qEHVI,0.42,0.2,0.28,0.02,0.04,0.0,0.0,0.0,0.0,0.0,0.0,0.04,0.0,0.0,0.0
15,3,3,2,False,1.5603688867475791,0.3316986753488784,3,qUCB,0.52,0.26,0.12,0.0,0.02,0.0,0.0,0.0,0.04,0.0,0.0,0.0,0.0,0.04,0.0
15,3,3,2,False,1.5603688867475791,0.3316986753488784,4,qUCB,0.46,0.26,0.18,0.0,0.02,0.0,0.0,0.0,0.04,0.0,0.0,0.0,0.0,0.04,0.0
15,4,2,3,False,1.3854944801411557,0.6819663315765032,0,qEHVI,0.46,0.18,0.32,0.04,0.0,0.0,0.0,0.0,0.0,0.0,0.0,0.0,0.0,0.0,0.0
15,4,2,3,False,1.3854944801411557,0.6819663315765032,1,qEHVI,0.46,0.06,0.38,0.02,0.04,0.0,0.0,0.0,0.0,0.0,0.0,0.0,0.0,0.0,0.04
15,4,2,3,False,1.3854944801411557,0.6819663315765032,2,qUCB,0.52,0.26,0.12,0.0,0.02,0.0,0.0,0.0,0.04,0.0,0.0,0.0,0.0,0.04,0.0
15,4,2,3,False,1.3854944801411557,0.6819663315765032,3,qUCB,0.46,0.24,0.2,0.0,0.02,0.0,0.0,0.0,0.04,0.0,0.0,0.04,0.0,0.0,0.0
15,4,2,3,False,1.3854944801411557,0.6819663315765032,4,qUCB,0.56,0.34,0.0,0.0,0.0,0.0,0.0,0.0,0.04,0.0,0.0,0.04,0.0,0.0,0.02
15,5,1,4,False,0.9522807155288242,0.45492273977912623,0,qEHVI,0.46,0.18,0.32,0.04,0.0,0.0,0.0,0.0,0.0,0.0,0.0,0.0,0.0,0.0,0.0
15,5,1,4,False,0.9522807155288242,0.45492273977912623,1,qUCB,0.48,0.26,0.16,0.0,0.04,0.0,0.0,0.0,0.02,0.0,0.0,0.04,0.0,0.0,0.0
15,5,1,4,False,0.9522807155288242,0.45492273977912623,2,qUCB,0.5,0.4,0.0,0.0,0.02,0.0,0.0,0.0,0.0,0.0,0.0,0.04,0.0,0.0,0.04
15,5,1,4,False,0.9522807155288242,0.45492273977912623,3,qUCB,0.48,0.02,0.4,0.0,0.04,0.0,0.0,0.0,0.02,0.0,0.0,0.0,0.0,0.04,0.0
15,5,1,4,False,0.9522807155288242,0.45492273977912623,4,qUCB,0.0,0.9,0.0,0.0,0.0,0.0,0.0,0.0,0.02,0.0,0.0,0.0,0.0,0.04,0.04
15,6,0,5,False,0.7187166337278059,0.4153547410865306,0,qUCB,0.54,0.24,0.22,0.0,0.0,0.0,0.0,0.0,0.0,0.0,0.0,0.0,0.0,0.0,0.0
15,6,0,5,False,0.7187166337278059,0.4153547410865306,1,qUCB,0.42,0.28,0.2,0.04,0.04,0.0,0.0,0.0,0.0,0.0,0.0,0.02,0.0,0.0,0.0
15,6,0,5,False,0.7187166337278059,0.4153547410865306,2,qUCB,0.0,0.86,0.14,0.0,0.0,0.0,0.0,0.0,0.0,0.0,0.0,0.0,0.0,0.0,0.0
15,6,0,5,False,0.7187166337278059,0.4153547410865306,3,qUCB,0.42,0.1,0.4,0.04,0.04,0.0,0.0,0.0,0.0,0.0,0.0,0.0,0.0,0.0,0.0
15,6,0,5,False,0.7187166337278059,0.4153547410865306,4,qUCB,0.5,0.4,0.0,0.0,0.02,0.0,0.0,0.0,0.0,0.0,0.0,0.04,0.0,0.0,0.04
16,1,5,0,True,2.4831359462303144,0.33276969399994183,0,qEHVI,0.42,0.14,0.36,0.02,0.0,0.0,0.0,0.0,0.02,0.0,0.0,0.04,0.0,0.0,0.0
16,1,5,0,True,2.4831359462303144,0.33276969399994183,1,qEHVI,0.38,0.2,0.32,0.04,0.02,0.0,0.0,0.0,0.0,0.0,0.0,0.02,0.0,0.02,0.0
16,1,5,0,True,2.4831359462303144,0.33276969399994183,2,qEHVI,0.4,0.22,0.3,0.02,0.02,0.0,0.0,0.0,0.0,0.0,0.0,0.04,0.0,0.0,0.0
16,1,5,0,True,2.4831359462303144,0.33276969399994183,3,qEHVI,0.46,0.1,0.36,0.04,0.0,0.0,0.0,0.0,0.04,0.0,0.0,0.0,0.0,0.0,0.0
16,1,5,0,True,2.4831359462303144,0.33276969399994183,4,qEHVI,0.5,0.24,0.18,0.04,0.02,0.0,0.0,0.0,0.02,0.0,0.0,0.0,0.0,0.0,0.0
16,2,4,1,False,2.2751120300473393,0.3616749479314878,0,qEHVI,0.42,0.14,0.36,0.02,0.0,0.0,0.0,0.0,0.02,0.0,0.0,0.04,0.0,0.0,0.0
16,2,4,1,False,2.2751120300473393,0.3616749479314878,1,qEHVI,0.38,0.2,0.32,0.04,0.02,0.0,0.0,0.0,0.0,0.0,0.0,0.02,0.0,0.02,0.0
16,2,4,1,False,2.2751120300473393,0.3616749479314878,2,qEHVI,0.42,0.22,0.3,0.02,0.0,0.0,0.0,0.0,0.04,0.0,0.0,0.0,0.0,0.0,0.0
16,2,4,1,False,2.2751120300473393,0.3616749479314878,3,qEHVI,0.46,0.1,0.36,0.04,0.0,0.0,0.0,0.0,0.04,0.0,0.0,0.0,0.0,0.0,0.0
16,2,4,1,False,2.2751120300473393,0.3616749479314878,4,qUCB,0.42,0.14,0.36,0.0,0.0,0.0,0.0,0.0,0.0,0.0,0.0,0.0,0.0,0.04,0.04
16,3,3,2,False,2.0880672201071864,0.38072525306646243,0,qEHVI,0.42,0.14,0.36,0.02,0.0,0.0,0.0,0.0,0.02,0.0,0.0,0.04,0.0,0.0,0.0
16,3,3,2,False,2.0880672201071864,0.38072525306646243,1,qEHVI,0.38,0.2,0.32,0.04,0.02,0.0,0.0,0.0,0.0,0.0,0.0,0.02,0.0,0.02,0.0
16,3,3,2,False,2.0880672201071864,0.38072525306646243,2,qEHVI,0.42,0.22,0.3,0.02,0.0,0.0,0.0,0.0,0.04,0.0,0.0,0.0,0.0,0.0,0.0
16,3,3,2,False,2.0880672201071864,0.38072525306646243,3,qUCB,0.42,0.14,0.36,0.0,0.0,0.0,0.0,0.0,0.0,0.0,0.0,0.0,0.0,0.04,0.04
16,3,3,2,False,2.0880672201071864,0.38072525306646243,4,qUCB,0.68,0.12,0.12,0.0,0.0,0.0,0.0,0.0,0.0,0.0,0.0,0.0,0.0,0.04,0.04
16,4,2,3,False,1.7546754520496963,0.07991281025802488,0,qEHVI,0.42,0.14,0.36,0.02,0.0,0.0,0.0,0.0,0.02,0.0,0.0,0.04,0.0,0.0,0.0
16,4,2,3,False,1.7546754520496963,0.07991281025802488,1,qEHVI,0.38,0.2,0.32,0.04,0.02,0.0,0.0,0.0,0.0,0.0,0.0,0.02,0.0,0.02,0.0
16,4,2,3,False,1.7546754520496963,0.07991281025802488,2,qUCB,0.42,0.14,0.36,0.0,0.0,0.0,0.0,0.0,0.0,0.0,0.0,0.0,0.0,0.04,0.04
16,4,2,3,False,1.7546754520496963,0.07991281025802488,3,qUCB,0.0,0.78,0.12,0.0,0.04,0.0,0.0,0.0,0.04,0.0,0.0,0.0,0.0,0.0,0.02
16,4,2,3,False,1.7546754520496963,0.07991281025802488,4,qUCB,0.56,0.24,0.1,0.0,0.04,0.0,0.0,0.0,0.02,0.0,0.0,0.0,0.0,0.0,0.04
16,5,1,4,False,1.1449721846850616,0.387724568683554,0,qEHVI,0.42,0.14,0.36,0.02,0.0,0.0,0.0,0.0,0.02,0.0,0.0,0.04,0.0,0.0,0.0
16,5,1,4,False,1.1449721846850616,0.387724568683554,1,qUCB,0.52,0.0,0.38,0.0,0.04,0.0,0.0,0.0,0.0,0.0,0.0,0.0,0.0,0.04,0.02
16,5,1,4,False,1.1449721846850616,0.387724568683554,2,qUCB,0.66,0.12,0.12,0.0,0.02,0.0,0.0,0.0,0.0,0.0,0.0,0.0,0.0,0.04,0.04
16,5,1,4,False,1.1449721846850616,0.387724568683554,3,qUCB,0.0,0.28,0.64,0.0,0.04,0.0,0.0,0.0,0.0,0.0,0.0,0.0,0.0,0.0,0.04
16,5,1,4,False,1.1449721846850616,0.387724568683554,4,qUCB,0.06,0.68,0.16,0.0,0.04,0.0,0.0,0.0,0.0,0.0,0.0,0.0,0.0,0.02,0.04
16,6,0,5,False,1.6134199450830995,0.3945953091107164,0,qUCB,0.44,0.14,0.36,0.04,0.0,0.0,0.0,0.0,0.0,0.0,0.0,0.0,0.0,0.02,0.0
16,6,0,5,False,1.6134199450830995,0.3945953091107164,1,qUCB,0.02,0.34,0.64,0.0,0.0,0.0,0.0,0.0,0.0,0.0,0.0,0.0,0.0,0.0,0.0
16,6,0,5,False,1.6134199450830995,0.3945953091107164,2,qUCB,0.5,0.24,0.18,0.04,0.02,0.0,0.0,0.0,0.02,0.0,0.0,0.0,0.0,0.0,0.0
16,6,0,5,False,1.6134199450830995,0.3945953091107164,3,qUCB,0.0,0.28,0.64,0.04,0.0,0.0,0.0,0.0,0.0,0.0,0.0,0.0,0.0,0.02,0.02
16,6,0,5,False,1.6134199450830995,0.3945953091107164,4,qUCB,0.0,0.8,0.16,0.0,0.0,0.0,0.0,0.0,0.0,0.0,0.0,0.02,0.0,0.0,0.02
17,1,5,0,False,1.6842224171530689,0.2703428828434262,0,qEHVI,0.4,0.22,0.3,0.04,0.02,0.0,0.0,0.0,0.0,0.0,0.0,0.02,0.0,0.0,0.0
17,1,5,0,False,1.6842224171530689,0.2703428828434262,1,qEHVI,0.34,0.26,0.32,0.02,0.0,0.0,0.0,0.0,0.0,0.0,0.0,0.04,0.0,0.02,0.0
17,1,5,0,False,1.6842224171530689,0.2703428828434262,2,qEHVI,0.5,0.06,0.36,0.02,0.02,0.0,0.0,0.0,0.0,0.0,0.0,0.0,0.0,0.04,0.0
17,1,5,0,False,1.6842224171530689,0.2703428828434262,3,qEHVI,0.42,0.24,0.32,0.02,0.0,0.0,0.0,0.0,0.0,0.0,0.0,0.0,0.0,0.0,0.0
17,1,5,0,False,1.6842224171530689,0.2703428828434262,4,qEHVI,0.34,0.28,0.3,0.04,0.0,0.0,0.0,0.0,0.0,0.0,0.0,0.02,0.0,0.02,0.0
17,2,4,1,True,1.5622151994404363,0.5844670515970449,0,qEHVI,0.4,0.22,0.3,0.04,0.02,0.0,0.0,0.0,0.0,0.0,0.0,0.02,0.0,0.0,0.0
17,2,4,1,True,1.5622151994404363,0.5844670515970449,1,qEHVI,0.34,0.26,0.32,0.02,0.0,0.0,0.0,0.0,0.0,0.0,0.0,0.04,0.0,0.02,0.0
17,2,4,1,True,1.5622151994404363,0.5844670515970449,2,qEHVI,0.5,0.06,0.36,0.02,0.02,0.0,0.0,0.0,0.0,0.0,0.0,0.0,0.0,0.04,0.0
17,2,4,1,True,1.5622151994404363,0.5844670515970449,3,qEHVI,0.42,0.24,0.32,0.02,0.0,0.0,0.0,0.0,0.0,0.0,0.0,0.0,0.0,0.0,0.0
17,2,4,1,True,1.5622151994404363,0.5844670515970449,4,qUCB,0.46,0.08,0.36,0.0,0.0,0.0,0.0,0.0,0.04,0.0,0.0,0.02,0.0,0.0,0.04
17,3,3,2,False,1.4355644901613145,0.28193064980699933,0,qEHVI,0.4,0.22,0.3,0.04,0.02,0.0,0.0,0.0,0.0,0.0,0.0,0.02,0.0,0.0,0.0
17,3,3,2,False,1.4355644901613145,0.28193064980699933,1,qEHVI,0.34,0.26,0.32,0.02,0.0,0.0,0.0,0.0,0.0,0.0,0.0,0.04,0.0,0.02,0.0
17,3,3,2,False,1.4355644901613145,0.28193064980699933,2,qEHVI,0.5,0.06,0.36,0.02,0.02,0.0,0.0,0.0,0.0,0.0,0.0,0.0,0.0,0.04,0.0
17,3,3,2,False,1.4355644901613145,0.28193064980699933,3,qUCB,0.7000000000000001,0.14,0.08,0.0,0.0,0.0,0.0,0.0,0.04,0.0,0.0,0.0,0.0,0.0,0.04
17,3,3,2,False,1.4355644901613145,0.28193064980699933,4,qUCB,0.08,0.68,0.16,0.0,0.0,0.0,0.0,0.0,0.04,0.0,0.0,0.0,0.0,0.0,0.04
17,4,2,3,False,1.2736717316179547,0.2818250353605558,0,qEHVI,0.4,0.22,0.3,0.04,0.02,0.0,0.0,0.0,0.0,0.0,0.0,0.02,0.0,0.0,0.0
17,4,2,3,False,1.2736717316179547,0.2818250353605558,1,qEHVI,0.34,0.26,0.32,0.02,0.0,0.0,0.0,0.0,0.0,0.0,0.0,0.04,0.0,0.02,0.0
17,4,2,3,False,1.2736717316179547,0.2818250353605558,2,qUCB,0.7000000000000001,0.14,0.08,0.0,0.0,0.0,0.0,0.0,0.04,0.0,0.0,0.0,0.0,0.0,0.04
17,4,2,3,False,1.2736717316179547,0.2818250353605558,3,qUCB,0.08,0.68,0.16,0.0,0.0,0.0,0.0,0.0,0.04,0.0,0.0,0.0,0.0,0.0,0.04
17,4,2,3,False,1.2736717316179547,0.2818250353605558,4,qUCB,0.16,0.0,0.76,0.0,0.0,0.0,0.0,0.0,0.04,0.0,0.0,0.0,0.0,0.0,0.04
17,5,1,4,False,0.9154210722614644,0.2353953728233087,0,qEHVI,0.4,0.22,0.3,0.04,0.02,0.0,0.0,0.0,0.0,0.0,0.0,0.02,0.0,0.0,0.0
17,5,1,4,False,0.9154210722614644,0.2353953728233087,1,qUCB,0.56,0.26,0.08,0.0,0.0,0.0,0.0,0.0,0.04,0.0,0.0,0.0,0.0,0.02,0.04
17,5,1,4,False,0.9154210722614644,0.2353953728233087,2,qUCB,0.78,0.02,0.1,0.0,0.0,0.0,0.0,0.0,0.02,0.0,0.0,0.0,0.0,0.04,0.04
17,5,1,4,False,0.9154210722614644,0.2353953728233087,3,qUCB,0.08,0.68,0.16,0.0,0.0,0.0,0.0,0.0,0.04,0.0,0.0,0.0,0.0,0.0,0.04
17,5,1,4,False,0.9154210722614644,0.2353953728233087,4,qUCB,0.0,0.28,0.64,0.0,0.0,0.0,0.0,0.0,0.04,0.0,0.0,0.0,0.0,0.0,0.04
17,6,0,5,False,0.3241439335862292,0.32209484415487744,0,qUCB,0.46,0.12,0.36,0.0,0.04,0.0,0.0,0.0,0.0,0.0,0.0,0.0,0.0,0.02,0.0
17,6,0,5,False,0.3241439335862292,0.32209484415487744,1,qUCB,0.0,0.28,0.62,0.04,0.0,0.0,0.0,0.0,0.0,0.0,0.0,0.0,0.0,0.02,0.04
17,6,0,5,False,0.3241439335862292,0.32209484415487744,2,qUCB,0.8200000000000001,0.0,0.08,0.0,0.02,0.0,0.0,0.0,0.04,0.0,0.0,0.0,0.0,0.04,0.0
17,6,0,5,False,0.3241439335862292,0.32209484415487744,3,qUCB,0.02,0.8,0.16,0.0,0.0,0.0,0.0,0.0,0.0,0.0,0.0,0.02,0.0,0.0,0.0
17,6,0,5,False,0.3241439335862292,0.32209484415487744,4,qUCB,0.0,0.34,0.64,0.0,0.02,0.0,0.0,0.0,0.0,0.0,0.0,0.0,0.0,0.0,0.0
18,1,5,0,False,1.7378516677415698,0.14132347182369998,0,qEHVI,0.32,0.26,0.32,0.04,0.0,0.0,0.0,0.0,0.02,0.0,0.0,0.0,0.0,0.04,0.0
18,1,5,0,False,1.7378516677415698,0.14132347182369998,1,qEHVI,0.38,0.24,0.3,0.02,0.02,0.0,0.0,0.0,0.0,0.0,0.0,0.02,0.0,0.02,0.0
18,1,5,0,False,1.7378516677415698,0.14132347182369998,2,qEHVI,0.46,0.0,0.46,0.02,0.04,0.0,0.0,0.0,0.0,0.0,0.0,0.0,0.0,0.0,0.02
18,1,5,0,False,1.7378516677415698,0.14132347182369998,3,qEHVI,0.38,0.2,0.32,0.02,0.02,0.0,0.0,0.0,0.0,0.0,0.0,0.04,0.0,0.0,0.02
18,1,5,0,False,1.7378516677415698,0.14132347182369998,4,qEHVI,0.46,0.08,0.36,0.04,0.02,0.0,0.0,0.0,0.0,0.0,0.0,0.0,0.0,0.04,0.0
18,2,4,1,False,1.6331540264637254,0.09052584371197625,0,qEHVI,0.32,0.26,0.32,0.04,0.0,0.0,0.0,0.0,0.02,0.0,0.0,0.0,0.0,0.04,0.0
18,2,4,1,False,1.6331540264637254,0.09052584371197625,1,qEHVI,0.38,0.24,0.3,0.02,0.02,0.0,0.0,0.0,0.0,0.0,0.0,0.02,0.0,0.02,0.0
18,2,4,1,False,1.6331540264637254,0.09052584371197625,2,qEHVI,0.46,0.0,0.46,0.02,0.04,0.0,0.0,0.0,0.0,0.0,0.0,0.0,0.0,0.0,0.02
18,2,4,1,False,1.6331540264637254,0.09052584371197625,3,qEHVI,0.38,0.2,0.32,0.02,0.02,0.0,0.0,0.0,0.0,0.0,0.0,0.04,0.0,0.0,0.02
18,2,4,1,False,1.6331540264637254,0.09052584371197625,4,qUCB,0.58,0.24,0.08,0.0,0.0,0.0,0.0,0.0,0.04,0.0,0.0,0.0,0.0,0.02,0.04
18,3,3,2,True,1.4779825220596914,0.3101550302617324,0,qEHVI,0.32,0.26,0.32,0.04,0.0,0.0,0.0,0.0,0.02,0.0,0.0,0.0,0.0,0.04,0.0
18,3,3,2,True,1.4779825220596914,0.3101550302617324,1,qEHVI,0.38,0.24,0.3,0.02,0.02,0.0,0.0,0.0,0.0,0.0,0.0,0.02,0.0,0.02,0.0
18,3,3,2,True,1.4779825220596914,0.3101550302617324,2,qEHVI,0.46,0.0,0.46,0.02,0.04,0.0,0.0,0.0,0.0,0.0,0.0,0.0,0.0,0.0,0.02
18,3,3,2,True,1.4779825220596914,0.3101550302617324,3,qUCB,0.64,0.16,0.1,0.0,0.0,0.0,0.0,0.0,0.04,0.0,0.0,0.02,0.0,0.0,0.04
18,3,3,2,True,1.4779825220596914,0.3101550302617324,4,qUCB,0.0,0.8200000000000001,0.14,0.0,0.0,0.0,0.0,0.0,0.04,0.0,0.0,0.0,0.0,0.0,0.0
18,4,2,3,False,1.2671747720403241,0.29156309690521165,0,qEHVI,0.32,0.26,0.32,0.04,0.0,0.0,0.0,0.0,0.02,0.0,0.0,0.0,0.0,0.04,0.0
18,4,2,3,False,1.2671747720403241,0.29156309690521165,1,qEHVI,0.38,0.24,0.3,0.02,0.02,0.0,0.0,0.0,0.0,0.0,0.0,0.02,0.0,0.02,0.0
18,4,2,3,False,1.2671747720403241,0.29156309690521165,2,qUCB,0.46,0.24,0.22,0.0,0.0,0.0,0.0,0.0,0.04,0.0,0.0,0.0,0.0,0.0,0.04
18,4,2,3,False,1.2671747720403241,0.29156309690521165,3,qUCB,0.7000000000000001,0.08,0.14,0.0,0.0,0.0,0.0,0.0,0.04,0.0,0.0,0.0,0.0,0.0,0.04
18,4,2,3,False,1.2671747720403241,0.29156309690521165,4,qUCB,0.0,0.76,0.16,0.0,0.02,0.0,0.0,0.0,0.02,0.0,0.0,0.0,0.0,0.0,0.04
18,5,1,4,False,0.8988555702851448,0.40799048191369813,0,qEHVI,0.32,0.26,0.32,0.04,0.0,0.0,0.0,0.0,0.02,0.0,0.0,0.0,0.0,0.04,0.0
18,5,1,4,False,0.8988555702851448,0.40799048191369813,1,qUCB,0.4,0.14,0.36,0.0,0.04,0.0,0.0,0.0,0.0,0.0,0.0,0.02,0.0,0.0,0.04
18,5,1,4,False,0.8988555702851448,0.40799048191369813,2,qUCB,0.76,0.06,0.08,0.0,0.04,0.0,0.0,0.0,0.0,0.0,0.0,0.02,0.0,0.0,0.04
18,5,1,4,False,0.8988555702851448,0.40799048191369813,3,qUCB,0.0,0.78,0.16,0.0,0.02,0.0,0.0,0.0,0.0,0.0,0.0,0.04,0.0,0.0,0.0
18,5,1,4,False,0.8988555702851448,0.40799048191369813,4,qUCB,0.76,0.0,0.14,0.0,0.02,0.0,0.0,0.0,0.0,0.0,0.0,0.04,0.0,0.0,0.04
18,6,0,5,False,0.4689141103539108,0.4334997015697688,0,qUCB,0.48,0.16,0.36,0.0,0.0,0.0,0.0,0.0,0.0,0.0,0.0,0.0,0.0,0.0,0.0
18,6,0,5,False,0.4689141103539108,0.4334997015697688,1,qUCB,0.0,0.3,0.62,0.04,0.0,0.0,0.0,0.0,0.02,0.0,0.0,0.0,0.0,0.0,0.02
18,6,0,5,False,0.4689141103539108,0.4334997015697688,2,qUCB,0.0,0.8,0.16,0.0,0.0,0.0,0.0,0.0,0.02,0.0,0.0,0.0,0.0,0.0,0.02
18,6,0,5,False,0.4689141103539108,0.4334997015697688,3,qUCB,0.88,0.0,0.06,0.0,0.02,0.0,0.0,0.0,0.04,0.0,0.0,0.0,0.0,0.0,0.0
18,6,0,5,False,0.4689141103539108,0.4334997015697688,4,qUCB,0.24,0.0,0.68,0.04,0.02,0.0,0.0,0.0,0.02,0.0,0.0,0.0,0.0,0.0,0.0
19,1,5,0,True,3.1610904007944436,0.8912130361427466,0,qEHVI,0.36,0.2,0.34,0.04,0.02,0.0,0.0,0.0,0.0,0.0,0.0,0.0,0.0,0.04,0.0
19,1,5,0,True,3.1610904007944436,0.8912130361427466,1,qEHVI,0.62,0.2,0.08,0.0,0.04,0.0,0.0,0.0,0.02,0.0,0.0,0.0,0.0,0.02,0.02
19,1,5,0,True,3.1610904007944436,0.8912130361427466,2,qEHVI,0.38,0.22,0.34,0.0,0.02,0.0,0.0,0.0,0.0,0.0,0.0,0.0,0.0,0.04,0.0
19,1,5,0,True,3.1610904007944436,0.8912130361427466,3,qEHVI,0.5,0.16,0.24,0.0,0.02,0.0,0.0,0.0,0.04,0.0,0.0,0.0,0.0,0.04,0.0
19,1,5,0,True,3.1610904007944436,0.8912130361427466,4,qEHVI,0.74,0.12,0.06,0.0,0.0,0.0,0.0,0.0,0.0,0.0,0.0,0.04,0.0,0.0,0.04
19,2,4,1,False,3.101003325845641,0.6832480289906724,0,qEHVI,0.36,0.2,0.34,0.04,0.02,0.0,0.0,0.0,0.0,0.0,0.0,0.0,0.0,0.04,0.0
19,2,4,1,False,3.101003325845641,0.6832480289906724,1,qEHVI,0.62,0.2,0.08,0.0,0.04,0.0,0.0,0.0,0.02,0.0,0.0,0.0,0.0,0.02,0.02
19,2,4,1,False,3.101003325845641,0.6832480289906724,2,qEHVI,0.38,0.22,0.34,0.0,0.02,0.0,0.0,0.0,0.0,0.0,0.0,0.0,0.0,0.04,0.0
19,2,4,1,False,3.101003325845641,0.6832480289906724,3,qEHVI,0.5,0.16,0.24,0.0,0.02,0.0,0.0,0.0,0.04,0.0,0.0,0.0,0.0,0.04,0.0
19,2,4,1,False,3.101003325845641,0.6832480289906724,4,qUCB,0.74,0.12,0.06,0.0,0.0,0.0,0.0,0.0,0.0,0.0,0.0,0.04,0.0,0.0,0.04
19,3,3,2,False,2.734622256274203,0.15124991926503784,0,qEHVI,0.36,0.2,0.34,0.04,0.02,0.0,0.0,0.0,0.0,0.0,0.0,0.0,0.0,0.04,0.0
19,3,3,2,False,2.734622256274203,0.15124991926503784,1,qEHVI,0.62,0.2,0.08,0.0,0.04,0.0,0.0,0.0,0.02,0.0,0.0,0.0,0.0,0.02,0.02
19,3,3,2,False,2.734622256274203,0.15124991926503784,2,qEHVI,0.38,0.22,0.34,0.0,0.02,0.0,0.0,0.0,0.0,0.0,0.0,0.0,0.0,0.04,0.0
19,3,3,2,False,2.734622256274203,0.15124991926503784,3,qUCB,0.68,0.16,0.08,0.0,0.0,0.0,0.0,0.0,0.04,0.0,0.0,0.04,0.0,0.0,0.0
19,3,3,2,False,2.734622256274203,0.15124991926503784,4,qUCB,0.0,0.32,0.6,0.02,0.0,0.0,0.0,0.0,0.0,0.0,0.0,0.04,0.0,0.0,0.02
19,4,2,3,False,2.66384753561587,0.7486428178137121,0,qEHVI,0.36,0.2,0.34,0.04,0.02,0.0,0.0,0.0,0.0,0.0,0.0,0.0,0.0,0.04,0.0
19,4,2,3,False,2.66384753561587,0.7486428178137121,1,qEHVI,0.62,0.2,0.08,0.0,0.04,0.0,0.0,0.0,0.02,0.0,0.0,0.0,0.0,0.02,0.02
19,4,2,3,False,2.66384753561587,0.7486428178137121,2,qUCB,0.74,0.12,0.06,0.0,0.0,0.0,0.0,0.0,0.0,0.0,0.0,0.04,0.0,0.0,0.04
19,4,2,3,False,2.66384753561587,0.7486428178137121,3,qUCB,0.0,0.32,0.6,0.02,0.0,0.0,0.0,0.0,0.0,0.0,0.0,0.04,0.0,0.0,0.02
19,4,2,3,False,2.66384753561587,0.7486428178137121,4,qUCB,0.02,0.72,0.18,0.0,0.0,0.0,0.0,0.0,0.0,0.0,0.0,0.04,0.0,0.0,0.04
19,5,1,4,False,2.481166832515225,0.3825973787388417,0,qEHVI,0.36,0.2,0.34,0.04,0.02,0.0,0.0,0.0,0.0,0.0,0.0,0.0,0.0,0.04,0.0
19,5,1,4,False,2.481166832515225,0.3825973787388417,1,qUCB,0.74,0.12,0.06,0.0,0.0,0.0,0.0,0.0,0.0,0.0,0.0,0.04,0.0,0.0,0.04
19,5,1,4,False,2.481166832515225,0.3825973787388417,2,qUCB,0.58,0.24,0.08,0.0,0.0,0.0,0.0,0.0,0.04,0.0,0.0,0.02,0.0,0.0,0.04
19,5,1,4,False,2.481166832515225,0.3825973787388417,3,qUCB,0.0,0.3,0.64,0.0,0.0,0.0,0.0,0.0,0.02,0.0,0.0,0.0,0.0,0.0,0.04
19,5,1,4,False,2.481166832515225,0.3825973787388417,4,qUCB,0.02,0.72,0.18,0.0,0.0,0.0,0.0,0.0,0.0,0.0,0.0,0.04,0.0,0.0,0.04
19,6,0,5,False,1.7521417582243721,0.21521005780663316,0,qUCB,0.7000000000000001,0.16,0.06,0.0,0.04,0.0,0.0,0.0,0.04,0.0,0.0,0.0,0.0,0.0,0.0
19,6,0,5,False,1.7521417582243721,0.21521005780663316,1,qUCB,0.0,0.34,0.62,0.02,0.0,0.0,0.0,0.0,0.0,0.0,0.0,0.0,0.0,0.0,0.02
19,6,0,5,False,1.7521417582243721,0.21521005780663316,2,qUCB,0.86,0.0,0.06,0.0,0.0,0.0,0.0,0.0,0.02,0.0,0.0,0.04,0.0,0.0,0.02
19,6,0,5,False,1.7521417582243721,0.21521005780663316,3,qUCB,0.78,0.0,0.14,0.0,0.02,0.0,0.0,0.0,0.02,0.0,0.0,0.02,0.0,0.02,0.0
19,6,0,5,False,1.7521417582243721,0.21521005780663316,4,qUCB,0.0,0.74,0.2,0.04,0.0,0.0,0.0,0.0,0.0,0.0,0.0,0.0,0.0,0.02,0.0
20,1,5,0,False,1.721890683493199,0.5553291362401112,0,qEHVI,0.32,0.28,0.32,0.04,0.0,0.0,0.0,0.0,0.0,0.0,0.0,0.04,0.0,0.0,0.0
20,1,5,0,False,1.721890683493199,0.5553291362401112,1,qEHVI,0.34,0.26,0.3,0.04,0.0,0.0,0.0,0.0,0.0,0.0,0.0,0.02,0.0,0.0,0.04
20,1,5,0,False,1.721890683493199,0.5553291362401112,2,qEHVI,0.48,0.0,0.46,0.02,0.0,0.0,0.0,0.0,0.0,0.0,0.0,0.04,0.0,0.0,0.0
20,1,5,0,False,1.721890683493199,0.5553291362401112,3,qEHVI,0.64,0.28,0.04,0.0,0.0,0.0,0.0,0.0,0.04,0.0,0.0,0.0,0.0,0.0,0.0
20,1,5,0,False,1.721890683493199,0.5553291362401112,4,qEHVI,0.36,0.22,0.32,0.02,0.0,0.0,0.0,0.0,0.0,0.0,0.0,0.04,0.0,0.04,0.0
20,2,4,1,False,1.551086311405729,0.1850979380441391,0,qEHVI,0.32,0.28,0.32,0.04,0.0,0.0,0.0,0.0,0.0,0.0,0.0,0.04,0.0,0.0,0.0
20,2,4,1,False,1.551086311405729,0.1850979380441391,1,qEHVI,0.34,0.26,0.3,0.04,0.0,0.0,0.0,0.0,0.0,0.0,0.0,0.02,0.0,0.0,0.04
20,2,4,1,False,1.551086311405729,0.1850979380441391,2,qEHVI,0.48,0.0,0.46,0.02,0.0,0.0,0.0,0.0,0.0,0.0,0.0,0.04,0.0,0.0,0.0
20,2,4,1,False,1.551086311405729,0.1850979380441391,3,qEHVI,0.64,0.28,0.04,0.0,0.0,0.0,0.0,0.0,0.04,0.0,0.0,0.0,0.0,0.0,0.0
20,2,4,1,False,1.551086311405729,0.1850979380441391,4,qUCB,0.42,0.14,0.34,0.0,0.04,0.0,0.0,0.0,0.0,0.0,0.0,0.0,0.0,0.04,0.02
20,3,3,2,False,1.4261698969592247,0.2021903888428236,0,qEHVI,0.32,0.28,0.32,0.04,0.0,0.0,0.0,0.0,0.0,0.0,0.0,0.04,0.0,0.0,0.0
20,3,3,2,False,1.4261698969592247,0.2021903888428236,1,qEHVI,0.34,0.26,0.3,0.04,0.0,0.0,0.0,0.0,0.0,0.0,0.0,0.02,0.0,0.0,0.04
20,3,3,2,False,1.4261698969592247,0.2021903888428236,2,qEHVI,0.48,0.0,0.46,0.02,0.0,0.0,0.0,0.0,0.0,0.0,0.0,0.04,0.0,0.0,0.0
20,3,3,2,False,1.4261698969592247,0.2021903888428236,3,qUCB,0.62,0.22,0.06,0.0,0.04,0.0,0.0,0.0,0.04,0.0,0.0,0.0,0.0,0.02,0.0
20,3,3,2,False,1.4261698969592247,0.2021903888428236,4,qUCB,0.68,0.08,0.14,0.0,0.04,0.0,0.0,0.0,0.04,0.0,0.0,0.0,0.0,0.02,0.0
20,4,2,3,True,1.3342154396550976,0.33084942548594465,0,qEHVI,0.32,0.28,0.32,0.04,0.0,0.0,0.0,0.0,0.0,0.0,0.0,0.04,0.0,0.0,0.0
20,4,2,3,True,1.3342154396550976,0.33084942548594465,1,qEHVI,0.34,0.26,0.3,0.04,0.0,0.0,0.0,0.0,0.0,0.0,0.0,0.02,0.0,0.0,0.04
20,4,2,3,True,1.3342154396550976,0.33084942548594465,2,qUCB,0.62,0.22,0.06,0.0,0.04,0.0,0.0,0.0,0.04,0.0,0.0,0.0,0.0,0.02,0.0
20,4,2,3,True,1.3342154396550976,0.33084942548594465,3,qUCB,0.68,0.08,0.14,0.0,0.04,0.0,0.0,0.0,0.04,0.0,0.0,0.0,0.0,0.02,0.0
20,4,2,3,True,1.3342154396550976,0.33084942548594465,4,qUCB,0.02,0.12,0.78,0.0,0.0,0.0,0.0,0.0,0.04,0.0,0.0,0.0,0.0,0.04,0.0
20,5,1,4,False,0.9062171980673778,0.363448767743459,0,qEHVI,0.32,0.28,0.32,0.04,0.0,0.0,0.0,0.0,0.0,0.0,0.0,0.04,0.0,0.0,0.0
20,5,1,4,False,0.9062171980673778,0.363448767743459,1,qUCB,0.8200000000000001,0.0,0.08,0.0,0.02,0.0,0.0,0.0,0.0,0.0,0.0,0.0,0.0,0.04,0.04
20,5,1,4,False,0.9062171980673778,0.363448767743459,2,qUCB,0.68,0.08,0.14,0.0,0.04,0.0,0.0,0.0,0.04,0.0,0.0,0.0,0.0,0.02,0.0
20,5,1,4,False,0.9062171980673778,0.363448767743459,3,qUCB,0.0,0.32,0.58,0.0,0.02,0.0,0.0,0.0,0.0,0.0,0.0,0.0,0.0,0.04,0.04
20,5,1,4,False,0.9062171980673778,0.363448767743459,4,qUCB,0.38,0.52,0.0,0.0,0.04,0.0,0.0,0.0,0.02,0.0,0.0,0.0,0.0,0.0,0.04
20,6,0,5,False,0.5427569503084252,0.3455618707063959,0,qUCB,0.58,0.24,0.08,0.0,0.0,0.0,0.0,0.0,0.04,0.0,0.0,0.04,0.0,0.02,0.0
20,6,0,5,False,0.5427569503084252,0.3455618707063959,1,qUCB,0.0,0.28,0.62,0.04,0.0,0.0,0.0,0.0,0.02,0.0,0.0,0.0,0.0,0.0,0.04
20,6,0,5,False,0.5427569503084252,0.3455618707063959,2,qUCB,0.76,0.0,0.14,0.0,0.02,0.0,0.0,0.0,0.02,0.0,0.0,0.0,0.0,0.04,0.02
20,6,0,5,False,0.5427569503084252,0.3455618707063959,3,qUCB,0.24,0.0,0.68,0.04,0.04,0.0,0.0,0.0,0.0,0.0,0.0,0.0,0.0,0.0,0.0
20,6,0,5,False,0.5427569503084252,0.3455618707063959,4,qUCB,0.18,0.0,0.78,0.0,0.04,0.0,0.0,0.0,0.0,0.0,0.0,0.0,0.0,0.0,0.0
21,1,5,0,False,1.459585312210517,0.3844919869969612,0,qEHVI,0.28,0.3,0.32,0.04,0.02,0.0,0.0,0.0,0.0,0.0,0.0,0.04,0.0,0.0,0.0
21,1,5,0,False,1.459585312210517,0.3844919869969612,1,qEHVI,0.4,0.24,0.3,0.02,0.0,0.0,0.0,0.0,0.02,0.0,0.0,0.02,0.0,0.0,0.0
21,1,5,0,False,1.459585312210517,0.3844919869969612,2,qEHVI,0.64,0.32,0.04,0.0,0.0,0.0,0.0,0.0,0.0,0.0,0.0,0.0,0.0,0.0,0.0
21,1,5,0,False,1.459585312210517,0.3844919869969612,3,qEHVI,0.34,0.24,0.32,0.0,0.0,0.0,0.0,0.0,0.02,0.0,0.0,0.04,0.0,0.04,0.0
21,1,5,0,False,1.459585312210517,0.3844919869969612,4,qEHVI,0.48,0.0,0.46,0.02,0.0,0.0,0.0,0.0,0.02,0.0,0.0,0.0,0.0,0.02,0.0
21,2,4,1,True,1.3693030753986284,0.42050328236127577,0,qEHVI,0.28,0.3,0.32,0.04,0.02,0.0,0.0,0.0,0.0,0.0,0.0,0.04,0.0,0.0,0.0
21,2,4,1,True,1.3693030753986284,0.42050328236127577,1,qEHVI,0.4,0.24,0.3,0.02,0.0,0.0,0.0,0.0,0.02,0.0,0.0,0.02,0.0,0.0,0.0
21,2,4,1,True,1.3693030753986284,0.42050328236127577,2,qEHVI,0.64,0.32,0.04,0.0,0.0,0.0,0.0,0.0,0.0,0.0,0.0,0.0,0.0,0.0,0.0
21,2,4,1,True,1.3693030753986284,0.42050328236127577,3,qEHVI,0.34,0.24,0.32,0.0,0.0,0.0,0.0,0.0,0.02,0.0,0.0,0.04,0.0,0.04,0.0
21,2,4,1,True,1.3693030753986284,0.42050328236127577,4,qUCB,0.44,0.1,0.36,0.02,0.04,0.0,0.0,0.0,0.0,0.0,0.0,0.0,0.0,0.04,0.0
21,3,3,2,False,1.1029431149566993,0.16705911648187843,0,qEHVI,0.28,0.3,0.32,0.04,0.02,0.0,0.0,0.0,0.0,0.0,0.0,0.04,0.0,0.0,0.0
21,3,3,2,False,1.1029431149566993,0.16705911648187843,1,qEHVI,0.38,0.22,0.3,0.02,0.02,0.0,0.0,0.0,0.0,0.0,0.0,0.02,0.0,0.04,0.0
21,3,3,2,False,1.1029431149566993,0.16705911648187843,2,qEHVI,0.64,0.32,0.04,0.0,0.0,0.0,0.0,0.0,0.0,0.0,0.0,0.0,0.0,0.0,0.0
21,3,3,2,False,1.1029431149566993,0.16705911648187843,3,qUCB,0.5,0.0,0.4,0.04,0.0,0.0,0.0,0.0,0.02,0.0,0.0,0.0,0.0,0.0,0.04
21,3,3,2,False,1.1029431149566993,0.16705911648187843,4,qUCB,0.0,0.24,0.66,0.0,0.04,0.0,0.0,0.0,0.04,0.0,0.0,0.0,0.0,0.0,0.02
21,4,2,3,False,0.902431414926709,0.3211275168265455,0,qEHVI,0.28,0.3,0.32,0.04,0.02,0.0,0.0,0.0,0.0,0.0,0.0,0.04,0.0,0.0,0.0
21,4,2,3,False,0.902431414926709,0.3211275168265455,1,qEHVI,0.38,0.22,0.3,0.02,0.02,0.0,0.0,0.0,0.0,0.0,0.0,0.02,0.0,0.04,0.0
21,4,2,3,False,0.902431414926709,0.3211275168265455,2,qUCB,0.72,0.14,0.06,0.0,0.0,0.0,0.0,0.0,0.04,0.0,0.0,0.0,0.0,0.0,0.04
21,4,2,3,False,0.902431414926709,0.3211275168265455,3,qUCB,0.02,0.28,0.6,0.04,0.0,0.0,0.0,0.0,0.0,0.0,0.0,0.0,0.0,0.02,0.04
21,4,2,3,False,0.902431414926709,0.3211275168265455,4,qUCB,0.02,0.28,0.64,0.0,0.0,0.0,0.0,0.0,0.02,0.0,0.0,0.0,0.0,0.0,0.04
21,5,1,4,False,0.7609616483472565,0.43347027674969363,0,qEHVI,0.28,0.3,0.32,0.04,0.02,0.0,0.0,0.0,0.0,0.0,0.0,0.04,0.0,0.0,0.0
21,5,1,4,False,0.7609616483472565,0.43347027674969363,1,qUCB,0.72,0.14,0.06,0.0,0.0,0.0,0.0,0.0,0.04,0.0,0.0,0.0,0.0,0.0,0.04
21,5,1,4,False,0.7609616483472565,0.43347027674969363,2,qUCB,0.0,0.36,0.6,0.0,0.0,0.0,0.0,0.0,0.0,0.0,0.0,0.0,0.0,0.04,0.0
21,5,1,4,False,0.7609616483472565,0.43347027674969363,3,qUCB,0.44,0.08,0.38,0.0,0.0,0.0,0.0,0.0,0.04,0.0,0.0,0.0,0.0,0.02,0.04
21,5,1,4,False,0.7609616483472565,0.43347027674969363,4,qUCB,0.88,0.0,0.06,0.0,0.0,0.0,0.0,0.0,0.0,0.0,0.0,0.0,0.0,0.04,0.02
21,6,0,5,False,0.3879508149355752,0.08886357184585236,0,qUCB,0.48,0.04,0.38,0.04,0.0,0.0,0.0,0.0,0.02,0.0,0.0,0.04,0.0,0.0,0.0
21,6,0,5,False,0.3879508149355752,0.08886357184585236,1,qUCB,0.0,0.3,0.64,0.04,0.0,0.0,0.0,0.0,0.0,0.0,0.0,0.02,0.0,0.0,0.0
21,6,0,5,False,0.3879508149355752,0.08886357184585236,2,qUCB,0.92,0.0,0.06,0.0,0.0,0.0,0.0,0.0,0.0,0.0,0.0,0.02,0.0,0.0,0.0
21,6,0,5,False,0.3879508149355752,0.08886357184585236,3,qUCB,0.0,0.36,0.6,0.0,0.0,0.0,0.0,0.0,0.0,0.0,0.0,0.0,0.0,0.04,0.0
21,6,0,5,False,0.3879508149355752,0.08886357184585236,4,qUCB,0.3,0.0,0.68,0.0,0.02,0.0,0.0,0.0,0.0,0.0,0.0,0.0,0.0,0.0,0.0
22,1,5,0,False,1.1963904996234451,0.3051961421666416,0,qEHVI,0.32,0.26,0.32,0.02,0.02,0.0,0.0,0.0,0.02,0.0,0.0,0.02,0.0,0.0,0.02
22,1,5,0,False,1.1963904996234451,0.3051961421666416,1,qEHVI,0.38,0.22,0.3,0.02,0.0,0.0,0.0,0.0,0.04,0.0,0.0,0.02,0.0,0.02,0.0
22,1,5,0,False,1.1963904996234451,0.3051961421666416,2,qEHVI,0.46,0.0,0.46,0.04,0.0,0.0,0.0,0.0,0.0,0.0,0.0,0.0,0.0,0.04,0.0
22,1,5,0,False,1.1963904996234451,0.3051961421666416,3,qEHVI,0.42,0.14,0.34,0.04,0.0,0.0,0.0,0.0,0.0,0.0,0.0,0.04,0.0,0.0,0.02
22,1,5,0,False,1.1963904996234451,0.3051961421666416,4,qEHVI,0.6,0.02,0.32,0.0,0.0,0.0,0.0,0.0,0.04,0.0,0.0,0.0,0.0,0.02,0.0
22,2,4,1,False,1.1351474248657485,0.22301672314094922,0,qEHVI,0.32,0.26,0.32,0.02,0.02,0.0,0.0,0.0,0.02,0.0,0.0,0.02,0.0,0.0,0.02
22,2,4,1,False,1.1351474248657485,0.22301672314094922,1,qEHVI,0.38,0.22,0.3,0.02,0.0,0.0,0.0,0.0,0.04,0.0,0.0,0.02,0.0,0.02,0.0
22,2,4,1,False,1.1351474248657485,0.22301672314094922,2,qEHVI,0.46,0.0,0.46,0.04,0.0,0.0,0.0,0.0,0.0,0.0,0.0,0.0,0.0,0.04,0.0
22,2,4,1,False,1.1351474248657485,0.22301672314094922,3,qEHVI,0.42,0.14,0.34,0.04,0.0,0.0,0.0,0.0,0.0,0.0,0.0,0.04,0.0,0.0,0.02
22,2,4,1,False,1.1351474248657485,0.22301672314094922,4,qUCB,0.8,0.04,0.06,0.0,0.02,0.0,0.0,0.0,0.0,0.0,0.0,0.0,0.0,0.04,0.04
22,3,3,2,True,0.9963901665677294,0.06797289321625843,0,qEHVI,0.32,0.26,0.32,0.02,0.02,0.0,0.0,0.0,0.02,0.0,0.0,0.02,0.0,0.0,0.02
22,3,3,2,True,0.9963901665677294,0.06797289321625843,1,qEHVI,0.38,0.22,0.3,0.02,0.0,0.0,0.0,0.0,0.04,0.0,0.0,0.02,0.0,0.02,0.0
22,3,3,2,True,0.9963901665677294,0.06797289321625843,2,qEHVI,0.46,0.0,0.46,0.04,0.0,0.0,0.0,0.0,0.0,0.0,0.0,0.0,0.0,0.04,0.0
22,3,3,2,True,0.9963901665677294,0.06797289321625843,3,qUCB,0.8,0.04,0.06,0.0,0.02,0.0,0.0,0.0,0.0,0.0,0.0,0.0,0.0,0.04,0.04
22,3,3,2,True,0.9963901665677294,0.06797289321625843,4,qUCB,0.32,0.58,0.0,0.0,0.04,0.0,0.0,0.0,0.02,0.0,0.0,0.0,0.0,0.04,0.0
22,4,2,3,False,0.8200483890517207,0.19884377117099417,0,qEHVI,0.32,0.26,0.32,0.02,0.02,0.0,0.0,0.0,0.02,0.0,0.0,0.02,0.0,0.0,0.02
22,4,2,3,False,0.8200483890517207,0.19884377117099417,1,qEHVI,0.38,0.22,0.3,0.02,0.0,0.0,0.0,0.0,0.04,0.0,0.0,0.02,0.0,0.02,0.0
22,4,2,3,False,0.8200483890517207,0.19884377117099417,2,qUCB,0.76,0.1,0.06,0.0,0.04,0.0,0.0,0.0,0.0,0.0,0.0,0.0,0.0,0.04,0.0
22,4,2,3,False,0.8200483890517207,0.19884377117099417,3,qUCB,0.02,0.3,0.62,0.04,0.0,0.0,0.0,0.0,0.0,0.0,0.0,0.0,0.0,0.02,0.0
22,4,2,3,False,0.8200483890517207,0.19884377117099417,4,qUCB,0.32,0.58,0.0,0.0,0.04,0.0,0.0,0.0,0.02,0.0,0.0,0.0,0.0,0.04,0.0
22,5,1,4,False,0.5788825248059961,0.16239294189891496,0,qEHVI,0.32,0.26,0.32,0.02,0.02,0.0,0.0,0.0,0.02,0.0,0.0,0.02,0.0,0.0,0.02
22,5,1,4,False,0.5788825248059961,0.16239294189891496,1,qUCB,0.76,0.1,0.06,0.0,0.04,0.0,0.0,0.0,0.0,0.0,0.0,0.0,0.0,0.04,0.0
22,5,1,4,False,0.5788825248059961,0.16239294189891496,2,qUCB,0.02,0.3,0.62,0.04,0.0,0.0,0.0,0.0,0.0,0.0,0.0,0.0,0.0,0.02,0.0
22,5,1,4,False,0.5788825248059961,0.16239294189891496,3,qUCB,0.0,0.28,0.66,0.02,0.0,0.0,0.0,0.0,0.0,0.0,0.0,0.0,0.0,0.04,0.0
22,5,1,4,False,0.5788825248059961,0.16239294189891496,4,qUCB,0.02,0.28,0.6,0.0,0.0,0.0,0.0,0.0,0.0,0.0,0.0,0.04,0.0,0.04,0.02
22,6,0,5,False,0.39707485638022555,0.004604373946088813,0,qUCB,0.4,0.14,0.36,0.04,0.02,0.0,0.0,0.0,0.0,0.0,0.0,0.04,0.0,0.0,0.0
22,6,0,5,False,0.39707485638022555,0.004604373946088813,1,qUCB,0.0,0.3,0.62,0.04,0.0,0.0,0.0,0.0,0.02,0.0,0.0,0.0,0.0,0.02,0.0
22,6,0,5,False,0.39707485638022555,0.004604373946088813,2,qUCB,0.0,0.36,0.58,0.0,0.0,0.0,0.0,0.0,0.02,0.0,0.0,0.02,0.0,0.02,0.0
22,6,0,5,False,0.39707485638022555,0.004604373946088813,3,qUCB,0.0,0.26,0.66,0.04,0.0,0.0,0.0,0.0,0.0,0.0,0.0,0.02,0.0,0.0,0.02
22,6,0,5,False,0.39707485638022555,0.004604373946088813,4,qUCB,0.32,0.0,0.58,0.04,0.0,0.0,0.0,0.0,0.04,0.0,0.0,0.0,0.0,0.0,0.02
23,1,5,0,False,1.0488906925246821,0.08025354430529283,0,qEHVI,0.36,0.22,0.32,0.04,0.0,0.0,0.0,0.0,0.04,0.0,0.0,0.02,0.0,0.0,0.0
23,1,5,0,False,1.0488906925246821,0.08025354430529283,1,qEHVI,0.38,0.22,0.3,0.02,0.02,0.0,0.0,0.0,0.02,0.0,0.0,0.02,0.0,0.02,0.0
23,1,5,0,False,1.0488906925246821,0.08025354430529283,2,qEHVI,0.4,0.14,0.38,0.04,0.04,0.0,0.0,0.0,0.0,0.0,0.0,0.0,0.0,0.0,0.0
23,1,5,0,False,1.0488906925246821,0.08025354430529283,3,qEHVI,0.02,0.38,0.6,0.0,0.0,0.0,0.0,0.0,0.0,0.0,0.0,0.0,0.0,0.0,0.0
23,1,5,0,False,1.0488906925246821,0.08025354430529283,4,qEHVI,0.0,0.34,0.62,0.04,0.0,0.0,0.0,0.0,0.0,0.0,0.0,0.0,0.0,0.0,0.0
23,2,4,1,False,1.0001121174546281,0.05192835183602762,0,qEHVI,0.36,0.22,0.32,0.04,0.0,0.0,0.0,0.0,0.04,0.0,0.0,0.02,0.0,0.0,0.0
23,2,4,1,False,1.0001121174546281,0.05192835183602762,1,qEHVI,0.42,0.2,0.3,0.02,0.02,0.0,0.0,0.0,0.04,0.0,0.0,0.0,0.0,0.0,0.0
23,2,4,1,False,1.0001121174546281,0.05192835183602762,2,qEHVI,0.4,0.14,0.38,0.04,0.04,0.0,0.0,0.0,0.0,0.0,0.0,0.0,0.0,0.0,0.0
23,2,4,1,False,1.0001121174546281,0.05192835183602762,3,qEHVI,0.02,0.38,0.6,0.0,0.0,0.0,0.0,0.0,0.0,0.0,0.0,0.0,0.0,0.0,0.0
23,2,4,1,False,1.0001121174546281,0.05192835183602762,4,qUCB,0.84,0.0,0.06,0.0,0.0,0.0,0.0,0.0,0.0,0.0,0.0,0.02,0.0,0.04,0.04
23,3,3,2,True,0.8807896137747163,0.2576216485558027,0,qEHVI,0.36,0.22,0.32,0.04,0.0,0.0,0.0,0.0,0.04,0.0,0.0,0.02,0.0,0.0,0.0
23,3,3,2,True,0.8807896137747163,0.2576216485558027,1,qEHVI,0.02,0.38,0.6,0.0,0.0,0.0,0.0,0.0,0.0,0.0,0.0,0.0,0.0,0.0,0.0
23,3,3,2,True,0.8807896137747163,0.2576216485558027,2,qEHVI,0.38,0.22,0.3,0.02,0.02,0.0,0.0,0.0,0.02,0.0,0.0,0.02,0.0,0.02,0.0
23,3,3,2,True,0.8807896137747163,0.2576216485558027,3,qUCB,0.38,0.3,0.24,0.04,0.0,0.0,0.0,0.0,0.0,0.0,0.0,0.0,0.0,0.0,0.04
23,3,3,2,True,0.8807896137747163,0.2576216485558027,4,qUCB,0.0,0.3,0.6,0.0,0.0,0.0,0.0,0.0,0.0,0.0,0.0,0.02,0.0,0.04,0.04
23,4,2,3,False,0.9550808157318015,0.014146866188942675,0,qEHVI,0.36,0.22,0.32,0.04,0.0,0.0,0.0,0.0,0.04,0.0,0.0,0.02,0.0,0.0,0.0
23,4,2,3,False,0.9550808157318015,0.014146866188942675,1,qEHVI,0.38,0.22,0.3,0.02,0.02,0.0,0.0,0.0,0.02,0.0,0.0,0.02,0.0,0.02,0.0
23,4,2,3,False,0.9550808157318015,0.014146866188942675,2,qUCB,0.7000000000000001,0.16,0.1,0.0,0.0,0.0,0.0,0.0,0.0,0.0,0.0,0.0,0.0,0.0,0.04
23,4,2,3,False,0.9550808157318015,0.014146866188942675,3,qUCB,0.02,0.28,0.62,0.04,0.0,0.0,0.0,0.0,0.0,0.0,0.0,0.0,0.0,0.0,0.04
23,4,2,3,False,0.9550808157318015,0.014146866188942675,4,qUCB,0.0,0.88,0.08,0.0,0.0,0.0,0.0,0.0,0.0,0.0,0.0,0.0,0.0,0.02,0.02
23,5,1,4,False,0.6425472139685553,0.025423408542843973,0,qEHVI,0.36,0.22,0.32,0.04,0.0,0.0,0.0,0.0,0.04,0.0,0.0,0.02,0.0,0.0,0.0
23,5,1,4,False,0.6425472139685553,0.025423408542843973,1,qUCB,0.46,0.3,0.14,0.0,0.02,0.0,0.0,0.0,0.0,0.0,0.0,0.0,0.0,0.04,0.04
23,5,1,4,False,0.6425472139685553,0.025423408542843973,2,qUCB,0.02,0.28,0.6,0.0,0.04,0.0,0.0,0.0,0.0,0.0,0.0,0.0,0.0,0.02,0.04
23,5,1,4,False,0.6425472139685553,0.025423408542843973,3,qUCB,0.02,0.8,0.08,0.0,0.02,0.0,0.0,0.0,0.0,0.0,0.0,0.0,0.0,0.04,0.04
23,5,1,4,False,0.6425472139685553,0.025423408542843973,4,qUCB,0.0,0.28,0.64,0.0,0.0,0.0,0.0,0.0,0.0,0.0,0.0,0.04,0.0,0.04,0.0
23,6,0,5,False,0.631637624673745,0.053432936576436774,0,qUCB,0.3,0.36,0.24,0.04,0.0,0.0,0.0,0.0,0.04,0.0,0.0,0.02,0.0,0.0,0.0
23,6,0,5,False,0.631637624673745,0.053432936576436774,1,qUCB,0.02,0.38,0.6,0.0,0.0,0.0,0.0,0.0,0.0,0.0,0.0,0.0,0.0,0.0,0.0
23,6,0,5,False,0.631637624673745,0.053432936576436774,2,qUCB,0.0,0.34,0.62,0.04,0.0,0.0,0.0,0.0,0.0,0.0,0.0,0.0,0.0,0.0,0.0
23,6,0,5,False,0.631637624673745,0.053432936576436774,3,qUCB,0.0,0.28,0.66,0.0,0.0,0.0,0.0,0.0,0.02,0.0,0.0,0.0,0.0,0.04,0.0
23,6,0,5,False,0.631637624673745,0.053432936576436774,4,qUCB,0.0,0.78,0.18,0.04,0.0,0.0,0.0,0.0,0.0,0.0,0.0,0.0,0.0,0.0,0.0
24,1,5,0,False,1.1993257060899118,0.13237392048147356,0,qEHVI,0.38,0.2,0.32,0.04,0.0,0.0,0.0,0.0,0.0,0.0,0.0,0.04,0.0,0.02,0.0
24,1,5,0,False,1.1993257060899118,0.13237392048147356,1,qEHVI,0.42,0.18,0.3,0.02,0.0,0.0,0.0,0.0,0.04,0.0,0.0,0.04,0.0,0.0,0.0
24,1,5,0,False,1.1993257060899118,0.13237392048147356,2,qEHVI,0.36,0.16,0.38,0.04,0.02,0.0,0.0,0.0,0.02,0.0,0.0,0.0,0.0,0.0,0.02
24,1,5,0,False,1.1993257060899118,0.13237392048147356,3,qEHVI,0.02,0.28,0.66,0.0,0.02,0.0,0.0,0.0,0.02,0.0,0.0,0.0,0.0,0.0,0.0
24,1,5,0,False,1.1993257060899118,0.13237392048147356,4,qEHVI,0.36,0.16,0.38,0.0,0.02,0.0,0.0,0.0,0.04,0.0,0.0,0.04,0.0,0.0,0.0
24,2,4,1,False,1.1474240635676005,0.08649784352943057,0,qEHVI,0.38,0.2,0.32,0.04,0.0,0.0,0.0,0.0,0.0,0.0,0.0,0.04,0.0,0.02,0.0
24,2,4,1,False,1.1474240635676005,0.08649784352943057,1,qEHVI,0.36,0.16,0.38,0.0,0.02,0.0,0.0,0.0,0.04,0.0,0.0,0.04,0.0,0.0,0.0
24,2,4,1,False,1.1474240635676005,0.08649784352943057,2,qEHVI,0.42,0.18,0.3,0.02,0.0,0.0,0.0,0.0,0.04,0.0,0.0,0.04,0.0,0.0,0.0
24,2,4,1,False,1.1474240635676005,0.08649784352943057,3,qEHVI,0.02,0.28,0.66,0.0,0.02,0.0,0.0,0.0,0.02,0.0,0.0,0.0,0.0,0.0,0.0
24,2,4,1,False,1.1474240635676005,0.08649784352943057,4,qUCB,0.52,0.24,0.14,0.0,0.02,0.0,0.0,0.0,0.0,0.0,0.0,0.0,0.0,0.04,0.04
24,3,3,2,True,1.1510391282321426,0.10421597608015265,0,qEHVI,0.38,0.2,0.32,0.04,0.0,0.0,0.0,0.0,0.0,0.0,0.0,0.04,0.0,0.02,0.0
24,3,3,2,True,1.1510391282321426,0.10421597608015265,1,qEHVI,0.36,0.16,0.38,0.0,0.02,0.0,0.0,0.0,0.04,0.0,0.0,0.04,0.0,0.0,0.0
24,3,3,2,True,1.1510391282321426,0.10421597608015265,2,qEHVI,0.42,0.18,0.3,0.02,0.0,0.0,0.0,0.0,0.04,0.0,0.0,0.04,0.0,0.0,0.0
24,3,3,2,True,1.1510391282321426,0.10421597608015265,3,qUCB,0.52,0.24,0.14,0.0,0.02,0.0,0.0,0.0,0.0,0.0,0.0,0.0,0.0,0.04,0.04
24,3,3,2,True,1.1510391282321426,0.10421597608015265,4,qUCB,0.02,0.22,0.66,0.0,0.04,0.0,0.0,0.0,0.0,0.0,0.0,0.0,0.0,0.02,0.04
24,4,2,3,False,0.9529618573572023,0.040725882525059376,0,qEHVI,0.38,0.2,0.32,0.04,0.0,0.0,0.0,0.0,0.0,0.0,0.0,0.04,0.0,0.02,0.0
24,4,2,3,False,0.9529618573572023,0.040725882525059376,1,qEHVI,0.36,0.16,0.38,0.0,0.02,0.0,0.0,0.0,0.04,0.0,0.0,0.04,0.0,0.0,0.0
24,4,2,3,False,0.9529618573572023,0.040725882525059376,2,qUCB,0.52,0.24,0.14,0.0,0.02,0.0,0.0,0.0,0.0,0.0,0.0,0.0,0.0,0.04,0.04
24,4,2,3,False,0.9529618573572023,0.040725882525059376,3,qUCB,0.02,0.22,0.66,0.0,0.04,0.0,0.0,0.0,0.0,0.0,0.0,0.0,0.0,0.02,0.04
24,4,2,3,False,0.9529618573572023,0.040725882525059376,4,qUCB,0.02,0.7000000000000001,0.18,0.02,0.04,0.0,0.0,0.0,0.0,0.0,0.0,0.0,0.0,0.0,0.04
24,5,1,4,False,0.6408932468187827,0.1735167974906746,0,qEHVI,0.38,0.2,0.32,0.04,0.0,0.0,0.0,0.0,0.0,0.0,0.0,0.04,0.0,0.02,0.0
24,5,1,4,False,0.6408932468187827,0.1735167974906746,1,qUCB,0.46,0.06,0.38,0.0,0.04,0.0,0.0,0.0,0.04,0.0,0.0,0.0,0.0,0.0,0.02
24,5,1,4,False,0.6408932468187827,0.1735167974906746,2,qUCB,0.0,0.8,0.1,0.0,0.04,0.0,0.0,0.0,0.04,0.0,0.0,0.0,0.0,0.0,0.02
24,5,1,4,False,0.6408932468187827,0.1735167974906746,3,qUCB,0.02,0.26,0.66,0.0,0.04,0.0,0.0,0.0,0.0,0.0,0.0,0.0,0.0,0.0,0.02
24,5,1,4,False,0.6408932468187827,0.1735167974906746,4,qUCB,0.0,0.72,0.18,0.0,0.04,0.0,0.0,0.0,0.04,0.0,0.0,0.0,0.0,0.02,0.0
24,6,0,5,False,0.6975494557453463,0.07298197565616071,0,qUCB,0.74,0.1,0.06,0.04,0.0,0.0,0.0,0.0,0.02,0.0,0.0,0.0,0.0,0.04,0.0
24,6,0,5,False,0.6975494557453463,0.07298197565616071,1,qUCB,0.0,0.24,0.66,0.04,0.0,0.0,0.0,0.0,0.0,0.0,0.0,0.02,0.0,0.02,0.02
24,6,0,5,False,0.6975494557453463,0.07298197565616071,2,qUCB,0.3,0.04,0.58,0.04,0.04,0.0,0.0,0.0,0.0,0.0,0.0,0.0,0.0,0.0,0.0
24,6,0,5,False,0.6975494557453463,0.07298197565616071,3,qUCB,0.26,0.0,0.68,0.02,0.0,0.0,0.0,0.0,0.0,0.0,0.0,0.0,0.0,0.04,0.0
24,6,0,5,False,0.6975494557453463,0.07298197565616071,4,qUCB,0.0,0.86,0.08,0.0,0.02,0.0,0.0,0.0,0.02,0.0,0.0,0.02,0.0,0.0,0.0
25,1,5,0,True,0.8284622056616736,0.19237294295232354,0,qEHVI,0.36,0.18,0.38,0.04,0.0,0.0,0.0,0.0,0.02,0.0,0.0,0.0,0.0,0.02,0.0
25,1,5,0,True,0.8284622056616736,0.19237294295232354,1,qEHVI,0.02,0.26,0.64,0.04,0.02,0.0,0.0,0.0,0.0,0.0,0.0,0.0,0.0,0.02,0.0
25,1,5,0,True,0.8284622056616736,0.19237294295232354,2,qEHVI,0.44,0.0,0.46,0.04,0.0,0.0,0.0,0.0,0.04,0.0,0.0,0.02,0.0,0.0,0.0
25,1,5,0,True,0.8284622056616736,0.19237294295232354,3,qEHVI,0.4,0.2,0.3,0.02,0.02,0.0,0.0,0.0,0.02,0.0,0.0,0.02,0.0,0.0,0.02
25,1,5,0,True,0.8284622056616736,0.19237294295232354,4,qEHVI,0.76,0.16,0.06,0.02,0.0,0.0,0.0,0.0,0.0,0.0,0.0,0.0,0.0,0.0,0.0
25,2,4,1,False,0.8025899569117776,0.1148585260633137,0,qEHVI,0.36,0.18,0.38,0.04,0.0,0.0,0.0,0.0,0.02,0.0,0.0,0.0,0.0,0.02,0.0
25,2,4,1,False,0.8025899569117776,0.1148585260633137,1,qEHVI,0.02,0.26,0.64,0.04,0.02,0.0,0.0,0.0,0.0,0.0,0.0,0.0,0.0,0.02,0.0
25,2,4,1,False,0.8025899569117776,0.1148585260633137,2,qEHVI,0.22,0.0,0.68,0.04,0.04,0.0,0.0,0.0,0.0,0.0,0.0,0.0,0.0,0.0,0.02
25,2,4,1,False,0.8025899569117776,0.1148585260633137,3,qEHVI,0.32,0.0,0.58,0.04,0.02,0.0,0.0,0.0,0.04,0.0,0.0,0.0,0.0,0.0,0.0
25,2,4,1,False,0.8025899569117776,0.1148585260633137,4,qUCB,0.4,0.14,0.36,0.0,0.0,0.0,0.0,0.0,0.02,0.0,0.0,0.04,0.0,0.0,0.04
25,3,3,2,False,0.6852842488733805,0.2854134347295796,0,qEHVI,0.36,0.18,0.38,0.04,0.0,0.0,0.0,0.0,0.02,0.0,0.0,0.0,0.0,0.02,0.0
25,3,3,2,False,0.6852842488733805,0.2854134347295796,1,qEHVI,0.02,0.26,0.64,0.04,0.02,0.0,0.0,0.0,0.0,0.0,0.0,0.0,0.0,0.02,0.0
25,3,3,2,False,0.6852842488733805,0.2854134347295796,2,qEHVI,0.44,0.0,0.46,0.04,0.0,0.0,0.0,0.0,0.04,0.0,0.0,0.02,0.0,0.0,0.0
25,3,3,2,False,0.6852842488733805,0.2854134347295796,3,qUCB,0.8200000000000001,0.04,0.06,0.0,0.04,0.0,0.0,0.0,0.0,0.0,0.0,0.0,0.0,0.0,0.04
25,3,3,2,False,0.6852842488733805,0.2854134347295796,4,qUCB,0.02,0.8,0.08,0.0,0.0,0.0,0.0,0.0,0.0,0.0,0.0,0.04,0.0,0.02,0.04
25,4,2,3,False,0.5190834331713917,0.2313378277232072,0,qEHVI,0.36,0.18,0.38,0.04,0.0,0.0,0.0,0.0,0.02,0.0,0.0,0.0,0.0,0.02,0.0
25,4,2,3,False,0.5190834331713917,0.2313378277232072,1,qEHVI,0.02,0.26,0.64,0.04,0.02,0.0,0.0,0.0,0.0,0.0,0.0,0.0,0.0,0.02,0.0
25,4,2,3,False,0.5190834331713917,0.2313378277232072,2,qUCB,0.8200000000000001,0.0,0.08,0.0,0.04,0.0,0.0,0.0,0.0,0.0,0.0,0.04,0.0,0.0,0.02
25,4,2,3,False,0.5190834331713917,0.2313378277232072,3,qUCB,0.02,0.8,0.08,0.0,0.0,0.0,0.0,0.0,0.0,0.0,0.0,0.04,0.0,0.02,0.04
25,4,2,3,False,0.5190834331713917,0.2313378277232072,4,qUCB,0.22,0.42,0.28,0.0,0.0,0.0,0.0,0.0,0.0,0.0,0.0,0.04,0.0,0.0,0.04
25,5,1,4,False,0.5854313624548368,0.13409979170078312,0,qEHVI,0.36,0.18,0.38,0.04,0.0,0.0,0.0,0.0,0.02,0.0,0.0,0.0,0.0,0.02,0.0
25,5,1,4,False,0.5854313624548368,0.13409979170078312,1,qUCB,0.38,0.14,0.38,0.0,0.04,0.0,0.0,0.0,0.0,0.0,0.0,0.02,0.0,0.0,0.04
25,5,1,4,False,0.5854313624548368,0.13409979170078312,2,qUCB,0.02,0.8,0.08,0.0,0.0,0.0,0.0,0.0,0.0,0.0,0.0,0.04,0.0,0.02,0.04
25,5,1,4,False,0.5854313624548368,0.13409979170078312,3,qUCB,0.1,0.64,0.18,0.0,0.04,0.0,0.0,0.0,0.0,0.0,0.0,0.0,0.0,0.0,0.04
25,5,1,4,False,0.5854313624548368,0.13409979170078312,4,qUCB,0.8200000000000001,0.0,0.08,0.0,0.04,0.0,0.0,0.0,0.0,0.0,0.0,0.04,0.0,0.0,0.02
25,6,0,5,False,0.8545551707964406,0.5991805330193749,0,qUCB,0.74,0.14,0.06,0.04,0.0,0.0,0.0,0.0,0.0,0.0,0.0,0.0,0.0,0.0,0.02
25,6,0,5,False,0.8545551707964406,0.5991805330193749,1,qUCB,0.28,0.4,0.26,0.0,0.0,0.0,0.0,0.0,0.04,0.0,0.0,0.0,0.0,0.0,0.02
25,6,0,5,False,0.8545551707964406,0.5991805330193749,2,qUCB,0.32,0.0,0.58,0.04,0.02,0.0,0.0,0.0,0.04,0.0,0.0,0.0,0.0,0.0,0.0
25,6,0,5,False,0.8545551707964406,0.5991805330193749,3,qUCB,0.3,0.46,0.14,0.04,0.0,0.0,0.0,0.0,0.02,0.0,0.0,0.0,0.0,0.02,0.02
25,6,0,5,False,0.8545551707964406,0.5991805330193749,4,qUCB,0.22,0.0,0.68,0.04,0.04,0.0,0.0,0.0,0.0,0.0,0.0,0.0,0.0,0.0,0.02
26,1,5,0,True,1.4939225471952584,0.03440755376179716,0,qEHVI,0.5,0.32,0.1,0.0,0.02,0.0,0.0,0.0,0.0,0.0,0.0,0.04,0.0,0.02,0.0
26,1,5,0,True,1.4939225471952584,0.03440755376179716,1,qEHVI,0.42,0.14,0.34,0.04,0.0,0.0,0.0,0.0,0.0,0.0,0.0,0.04,0.0,0.02,0.0
26,1,5,0,True,1.4939225471952584,0.03440755376179716,2,qEHVI,0.68,0.14,0.08,0.0,0.0,0.0,0.0,0.0,0.02,0.0,0.0,0.04,0.0,0.04,0.0
26,1,5,0,True,1.4939225471952584,0.03440755376179716,3,qEHVI,0.4,0.2,0.38,0.0,0.0,0.0,0.0,0.0,0.0,0.0,0.0,0.02,0.0,0.0,0.0
26,1,5,0,True,1.4939225471952584,0.03440755376179716,4,qEHVI,0.44,0.34,0.12,0.0,0.0,0.0,0.0,0.0,0.04,0.0,0.0,0.04,0.0,0.02,0.0
26,2,4,1,False,1.364087885355531,0.2642346885789433,0,qEHVI,0.5,0.32,0.1,0.0,0.02,0.0,0.0,0.0,0.0,0.0,0.0,0.04,0.0,0.02,0.0
26,2,4,1,False,1.364087885355531,0.2642346885789433,1,qEHVI,0.42,0.14,0.34,0.04,0.0,0.0,0.0,0.0,0.0,0.0,0.0,0.04,0.0,0.02,0.0
26,2,4,1,False,1.364087885355531,0.2642346885789433,2,qEHVI,0.68,0.14,0.08,0.0,0.0,0.0,0.0,0.0,0.02,0.0,0.0,0.04,0.0,0.04,0.0
26,2,4,1,False,1.364087885355531,0.2642346885789433,3,qEHVI,0.4,0.2,0.38,0.0,0.0,0.0,0.0,0.0,0.0,0.0,0.0,0.02,0.0,0.0,0.0
26,2,4,1,False,1.364087885355531,0.2642346885789433,4,qUCB,0.48,0.06,0.36,0.02,0.04,0.0,0.0,0.0,0.04,0.0,0.0,0.0,0.0,0.0,0.0
26,3,3,2,False,1.2028406805886023,0.08733852140951859,0,qEHVI,0.5,0.32,0.1,0.0,0.02,0.0,0.0,0.0,0.0,0.0,0.0,0.04,0.0,0.02,0.0
26,3,3,2,False,1.2028406805886023,0.08733852140951859,1,qEHVI,0.42,0.14,0.34,0.04,0.0,0.0,0.0,0.0,0.0,0.0,0.0,0.04,0.0,0.02,0.0
26,3,3,2,False,1.2028406805886023,0.08733852140951859,2,qEHVI,0.68,0.14,0.08,0.0,0.0,0.0,0.0,0.0,0.02,0.0,0.0,0.04,0.0,0.04,0.0
26,3,3,2,False,1.2028406805886023,0.08733852140951859,3,qUCB,0.48,0.06,0.36,0.02,0.04,0.0,0.0,0.0,0.04,0.0,0.0,0.0,0.0,0.0,0.0
26,3,3,2,False,1.2028406805886023,0.08733852140951859,4,qUCB,0.0,0.84,0.08,0.04,0.0,0.0,0.0,0.0,0.04,0.0,0.0,0.0,0.0,0.0,0.0
26,4,2,3,False,1.0556845252211284,0.11558128093593645,0,qEHVI,0.5,0.32,0.1,0.0,0.02,0.0,0.0,0.0,0.0,0.0,0.0,0.04,0.0,0.02,0.0
26,4,2,3,False,1.0556845252211284,0.11558128093593645,1,qEHVI,0.42,0.14,0.34,0.04,0.0,0.0,0.0,0.0,0.0,0.0,0.0,0.04,0.0,0.02,0.0
26,4,2,3,False,1.0556845252211284,0.11558128093593645,2,qUCB,0.44,0.08,0.38,0.0,0.0,0.0,0.0,0.0,0.04,0.0,0.0,0.0,0.0,0.04,0.02
26,4,2,3,False,1.0556845252211284,0.11558128093593645,3,qUCB,0.38,0.12,0.42,0.0,0.0,0.0,0.0,0.0,0.04,0.0,0.0,0.0,0.0,0.0,0.04
26,4,2,3,False,1.0556845252211284,0.11558128093593645,4,qUCB,0.0,0.84,0.08,0.04,0.0,0.0,0.0,0.0,0.04,0.0,0.0,0.0,0.0,0.0,0.0
26,5,1,4,False,0.729793430277194,0.058952469659090845,0,qEHVI,0.5,0.32,0.1,0.0,0.02,0.0,0.0,0.0,0.0,0.0,0.0,0.04,0.0,0.02,0.0
26,5,1,4,False,0.729793430277194,0.058952469659090845,1,qUCB,0.42,0.12,0.38,0.04,0.0,0.0,0.0,0.0,0.0,0.0,0.0,0.0,0.0,0.0,0.04
26,5,1,4,False,0.729793430277194,0.058952469659090845,2,qUCB,0.0,0.84,0.08,0.04,0.0,0.0,0.0,0.0,0.04,0.0,0.0,0.0,0.0,0.0,0.0
26,5,1,4,False,0.729793430277194,0.058952469659090845,3,qUCB,0.14,0.5,0.26,0.04,0.0,0.0,0.0,0.0,0.04,0.0,0.0,0.0,0.0,0.0,0.02
26,5,1,4,False,0.729793430277194,0.058952469659090845,4,qUCB,0.26,0.0,0.66,0.04,0.0,0.0,0.0,0.0,0.0,0.0,0.0,0.0,0.0,0.0,0.04
26,6,0,5,False,1.078062365707863,0.0145867867573104,0,qUCB,0.5,0.32,0.1,0.0,0.02,0.0,0.0,0.0,0.0,0.0,0.0,0.04,0.0,0.02,0.0
26,6,0,5,False,1.078062365707863,0.0145867867573104,1,qUCB,0.68,0.14,0.08,0.0,0.0,0.0,0.0,0.0,0.02,0.0,0.0,0.04,0.0,0.04,0.0
26,6,0,5,False,1.078062365707863,0.0145867867573104,2,qUCB,0.26,0.02,0.68,0.04,0.0,0.0,0.0,0.0,0.0,0.0,0.0,0.0,0.0,0.0,0.0
26,6,0,5,False,1.078062365707863,0.0145867867573104,3,qUCB,0.56,0.28,0.12,0.0,0.0,0.0,0.0,0.0,0.0,0.0,0.0,0.04,0.0,0.0,0.0
26,6,0,5,False,1.078062365707863,0.0145867867573104,4,qUCB,0.24,0.0,0.7000000000000001,0.0,0.0,0.0,0.0,0.0,0.02,0.0,0.0,0.04,0.0,0.0,0.0
27,1,5,0,True,1.0311943816620033,0.4057586938905267,0,qEHVI,0.32,0.2,0.4,0.04,0.0,0.0,0.0,0.0,0.0,0.0,0.0,0.04,0.0,0.0,0.0
27,1,5,0,True,1.0311943816620033,0.4057586938905267,1,qEHVI,0.28,0.22,0.4,0.0,0.04,0.0,0.0,0.0,0.02,0.0,0.0,0.0,0.0,0.0,0.04
27,1,5,0,True,1.0311943816620033,0.4057586938905267,2,qEHVI,0.38,0.4,0.14,0.04,0.02,0.0,0.0,0.0,0.0,0.0,0.0,0.0,0.0,0.0,0.02
27,1,5,0,True,1.0311943816620033,0.4057586938905267,3,qEHVI,0.34,0.18,0.38,0.04,0.04,0.0,0.0,0.0,0.0,0.0,0.0,0.02,0.0,0.0,0.0
27,1,5,0,True,1.0311943816620033,0.4057586938905267,4,qEHVI,0.42,0.14,0.4,0.02,0.02,0.0,0.0,0.0,0.0,0.0,0.0,0.0,0.0,0.0,0.0
27,2,4,1,False,0.9609038434906823,0.42724046452824993,0,qEHVI,0.32,0.2,0.4,0.04,0.0,0.0,0.0,0.0,0.0,0.0,0.0,0.04,0.0,0.0,0.0
27,2,4,1,False,0.9609038434906823,0.42724046452824993,1,qEHVI,0.28,0.22,0.4,0.0,0.04,0.0,0.0,0.0,0.02,0.0,0.0,0.0,0.0,0.0,0.04
27,2,4,1,False,0.9609038434906823,0.42724046452824993,2,qEHVI,0.38,0.42,0.14,0.04,0.0,0.0,0.0,0.0,0.0,0.0,0.0,0.0,0.0,0.0,0.02
27,2,4,1,False,0.9609038434906823,0.42724046452824993,3,qEHVI,0.32,0.0,0.58,0.04,0.02,0.0,0.0,0.0,0.0,0.0,0.0,0.0,0.0,0.04,0.0
27,2,4,1,False,0.9609038434906823,0.42724046452824993,4,qUCB,0.28,0.22,0.4,0.0,0.0,0.0,0.0,0.0,0.04,0.0,0.0,0.02,0.0,0.04,0.0
27,3,3,2,False,0.8438020631648451,0.031416483106655235,0,qEHVI,0.32,0.2,0.4,0.04,0.0,0.0,0.0,0.0,0.0,0.0,0.0,0.04,0.0,0.0,0.0
27,3,3,2,False,0.8438020631648451,0.031416483106655235,1,qEHVI,0.28,0.22,0.4,0.0,0.04,0.0,0.0,0.0,0.02,0.0,0.0,0.0,0.0,0.0,0.04
27,3,3,2,False,0.8438020631648451,0.031416483106655235,2,qEHVI,0.38,0.4,0.14,0.04,0.02,0.0,0.0,0.0,0.0,0.0,0.0,0.0,0.0,0.0,0.02
27,3,3,2,False,0.8438020631648451,0.031416483106655235,3,qUCB,0.28,0.22,0.4,0.0,0.0,0.0,0.0,0.0,0.04,0.0,0.0,0.02,0.0,0.04,0.0
27,3,3,2,False,0.8438020631648451,0.031416483106655235,4,qUCB,0.0,0.8,0.1,0.0,0.0,0.0,0.0,0.0,0.02,0.0,0.0,0.02,0.0,0.04,0.02
27,4,2,3,False,0.9561264245084783,0.0029771318667308755,0,qEHVI,0.32,0.2,0.4,0.04,0.0,0.0,0.0,0.0,0.0,0.0,0.0,0.04,0.0,0.0,0.0
27,4,2,3,False,0.9561264245084783,0.0029771318667308755,1,qEHVI,0.28,0.22,0.4,0.0,0.04,0.0,0.0,0.0,0.02,0.0,0.0,0.0,0.0,0.0,0.04
27,4,2,3,False,0.9561264245084783,0.0029771318667308755,2,qUCB,0.4,0.1,0.4,0.02,0.0,0.0,0.0,0.0,0.04,0.0,0.0,0.0,0.0,0.04,0.0
27,4,2,3,False,0.9561264245084783,0.0029771318667308755,3,qUCB,0.04,0.8200000000000001,0.08,0.0,0.02,0.0,0.0,0.0,0.0,0.0,0.0,0.0,0.0,0.04,0.0
27,4,2,3,False,0.9561264245084783,0.0029771318667308755,4,qUCB,0.28,0.22,0.4,0.0,0.0,0.0,0.0,0.0,0.04,0.0,0.0,0.02,0.0,0.04,0.0
27,5,1,4,False,0.7813380321716451,0.010957601830687835,0,qEHVI,0.32,0.2,0.4,0.04,0.0,0.0,0.0,0.0,0.0,0.0,0.0,0.04,0.0,0.0,0.0
27,5,1,4,False,0.7813380321716451,0.010957601830687835,1,qUCB,0.28,0.22,0.4,0.0,0.04,0.0,0.0,0.0,0.02,0.0,0.0,0.0,0.0,0.0,0.04
27,5,1,4,False,0.7813380321716451,0.010957601830687835,2,qUCB,0.04,0.78,0.08,0.0,0.02,0.0,0.0,0.0,0.0,0.0,0.0,0.0,0.0,0.04,0.04
27,5,1,4,False,0.7813380321716451,0.010957601830687835,3,qUCB,0.06,0.66,0.18,0.0,0.04,0.0,0.0,0.0,0.0,0.0,0.0,0.0,0.0,0.02,0.04
27,5,1,4,False,0.7813380321716451,0.010957601830687835,4,qUCB,0.16,0.58,0.16,0.0,0.04,0.0,0.0,0.0,0.04,0.0,0.0,0.0,0.0,0.02,0.0
27,6,0,5,False,0.875485746447971,0.04279241972489345,0,qUCB,0.34,0.16,0.4,0.02,0.02,0.0,0.0,0.0,0.02,0.0,0.0,0.0,0.0,0.0,0.04
27,6,0,5,False,0.875485746447971,0.04279241972489345,1,qUCB,0.32,0.0,0.58,0.04,0.02,0.0,0.0,0.0,0.0,0.0,0.0,0.0,0.0,0.04,0.0
27,6,0,5,False,0.875485746447971,0.04279241972489345,2,qUCB,0.0,0.86,0.08,0.0,0.02,0.0,0.0,0.0,0.0,0.0,0.0,0.04,0.0,0.0,0.0
27,6,0,5,False,0.875485746447971,0.04279241972489345,3,qUCB,0.3,0.46,0.14,0.04,0.0,0.0,0.0,0.0,0.04,0.0,0.0,0.0,0.0,0.02,0.0
27,6,0,5,False,0.875485746447971,0.04279241972489345,4,qUCB,0.0,0.5,0.42,0.04,0.0,0.0,0.0,0.0,0.0,0.0,0.0,0.02,0.0,0.02,0.0
28,1,5,0,False,0.6638830381825707,0.10037645067152923,0,qEHVI,0.62,0.0,0.32,0.0,0.0,0.0,0.0,0.0,0.0,0.0,0.0,0.0,0.0,0.02,0.04
28,1,5,0,False,0.6638830381825707,0.10037645067152923,1,qEHVI,0.42,0.18,0.38,0.0,0.0,0.0,0.0,0.0,0.0,0.0,0.0,0.0,0.0,0.0,0.02
28,1,5,0,False,0.6638830381825707,0.10037645067152923,2,qEHVI,0.66,0.28,0.02,0.0,0.0,0.0,0.0,0.0,0.04,0.0,0.0,0.0,0.0,0.0,0.0
28,1,5,0,False,0.6638830381825707,0.10037645067152923,3,qEHVI,0.3,0.2,0.4,0.04,0.0,0.0,0.0,0.0,0.02,0.0,0.0,0.04,0.0,0.0,0.0
28,1,5,0,False,0.6638830381825707,0.10037645067152923,4,qEHVI,0.44,0.2,0.3,0.02,0.02,0.0,0.0,0.0,0.02,0.0,0.0,0.0,0.0,0.0,0.0
28,2,4,1,False,0.6543259319582874,0.2859067254936942,0,qEHVI,0.62,0.0,0.32,0.0,0.0,0.0,0.0,0.0,0.0,0.0,0.0,0.0,0.0,0.02,0.04
28,2,4,1,False,0.6543259319582874,0.2859067254936942,1,qEHVI,0.42,0.18,0.38,0.0,0.0,0.0,0.0,0.0,0.0,0.0,0.0,0.0,0.0,0.0,0.02
28,2,4,1,False,0.6543259319582874,0.2859067254936942,2,qEHVI,0.66,0.28,0.02,0.0,0.0,0.0,0.0,0.0,0.04,0.0,0.0,0.0,0.0,0.0,0.0
28,2,4,1,False,0.6543259319582874,0.2859067254936942,3,qEHVI,0.44,0.2,0.3,0.02,0.02,0.0,0.0,0.0,0.02,0.0,0.0,0.0,0.0,0.0,0.0
28,2,4,1,False,0.6543259319582874,0.2859067254936942,4,qUCB,0.16,0.48,0.26,0.0,0.02,0.0,0.0,0.0,0.0,0.0,0.0,0.04,0.0,0.04,0.0
28,3,3,2,True,0.5303629695201422,0.3838974618530946,0,qEHVI,0.62,0.0,0.32,0.0,0.0,0.0,0.0,0.0,0.0,0.0,0.0,0.0,0.0,0.02,0.04
28,3,3,2,True,0.5303629695201422,0.3838974618530946,1,qEHVI,0.42,0.18,0.38,0.0,0.0,0.0,0.0,0.0,0.0,0.0,0.0,0.0,0.0,0.0,0.02
28,3,3,2,True,0.5303629695201422,0.3838974618530946,2,qEHVI,0.28,0.0,0.68,0.04,0.0,0.0,0.0,0.0,0.0,0.0,0.0,0.0,0.0,0.0,0.0
28,3,3,2,True,0.5303629695201422,0.3838974618530946,3,qUCB,0.18,0.46,0.26,0.0,0.02,0.0,0.0,0.0,0.04,0.0,0.0,0.04,0.0,0.0,0.0
28,3,3,2,True,0.5303629695201422,0.3838974618530946,4,qUCB,0.02,0.8,0.08,0.0,0.04,0.0,0.0,0.0,0.02,0.0,0.0,0.0,0.0,0.04,0.0
28,4,2,3,False,0.5848062168122671,0.08824560484044053,0,qEHVI,0.62,0.0,0.32,0.0,0.0,0.0,0.0,0.0,0.0,0.0,0.0,0.0,0.0,0.02,0.04
28,4,2,3,False,0.5848062168122671,0.08824560484044053,1,qEHVI,0.42,0.18,0.38,0.0,0.0,0.0,0.0,0.0,0.0,0.0,0.0,0.0,0.0,0.0,0.02
28,4,2,3,False,0.5848062168122671,0.08824560484044053,2,qUCB,0.18,0.46,0.26,0.0,0.02,0.0,0.0,0.0,0.04,0.0,0.0,0.04,0.0,0.0,0.0
28,4,2,3,False,0.5848062168122671,0.08824560484044053,3,qUCB,0.02,0.8,0.08,0.0,0.04,0.0,0.0,0.0,0.02,0.0,0.0,0.0,0.0,0.04,0.0
28,4,2,3,False,0.5848062168122671,0.08824560484044053,4,qUCB,0.22,0.0,0.68,0.04,0.0,0.0,0.0,0.0,0.02,0.0,0.0,0.0,0.0,0.04,0.0
28,5,1,4,False,0.4756041156679511,0.14083438988653363,0,qEHVI,0.62,0.0,0.32,0.0,0.0,0.0,0.0,0.0,0.0,0.0,0.0,0.0,0.0,0.02,0.04
28,5,1,4,False,0.4756041156679511,0.14083438988653363,1,qUCB,0.18,0.46,0.26,0.0,0.02,0.0,0.0,0.0,0.04,0.0,0.0,0.04,0.0,0.0,0.0
28,5,1,4,False,0.4756041156679511,0.14083438988653363,2,qUCB,0.02,0.8,0.08,0.04,0.0,0.0,0.0,0.0,0.02,0.0,0.0,0.04,0.0,0.0,0.0
28,5,1,4,False,0.4756041156679511,0.14083438988653363,3,qUCB,0.0,0.88,0.08,0.0,0.04,0.0,0.0,0.0,0.0,0.0,0.0,0.0,0.0,0.0,0.0
28,5,1,4,False,0.4756041156679511,0.14083438988653363,4,qUCB,0.22,0.0,0.68,0.02,0.04,0.0,0.0,0.0,0.0,0.0,0.0,0.04,0.0,0.0,0.0
28,6,0,5,False,0.6102843586020531,0.015002280816515778,0,qUCB,0.38,0.12,0.4,0.0,0.0,0.0,0.0,0.0,0.04,0.0,0.0,0.04,0.0,0.0,0.02
28,6,0,5,False,0.6102843586020531,0.015002280816515778,1,qUCB,0.28,0.0,0.68,0.04,0.0,0.0,0.0,0.0,0.0,0.0,0.0,0.0,0.0,0.0,0.0
28,6,0,5,False,0.6102843586020531,0.015002280816515778,2,qUCB,0.0,0.88,0.08,0.0,0.04,0.0,0.0,0.0,0.0,0.0,0.0,0.0,0.0,0.0,0.0
28,6,0,5,False,0.6102843586020531,0.015002280816515778,3,qUCB,0.34,0.0,0.58,0.04,0.0,0.0,0.0,0.0,0.0,0.0,0.0,0.0,0.0,0.0,0.04
28,6,0,5,False,0.6102843586020531,0.015002280816515778,4,qUCB,0.2,0.62,0.08,0.04,0.0,0.0,0.0,0.0,0.04,0.0,0.0,0.02,0.0,0.0,0.0
29,1,5,0,False,5.062883821350224,0.07134298846844533,0,qEHVI,0.6,0.32,0.0,0.04,0.0,0.0,0.0,0.0,0.0,0.0,0.0,0.0,0.0,0.0,0.04
29,1,5,0,False,5.062883821350224,0.07134298846844533,1,qEHVI,0.6,0.32,0.0,0.02,0.0,0.0,0.0,0.0,0.0,0.0,0.0,0.02,0.0,0.0,0.04
29,1,5,0,False,5.062883821350224,0.07134298846844533,2,qEHVI,0.36,0.18,0.4,0.02,0.0,0.0,0.0,0.0,0.0,0.0,0.0,0.0,0.0,0.04,0.0
29,1,5,0,False,5.062883821350224,0.07134298846844533,3,qEHVI,0.32,0.0,0.58,0.04,0.02,0.0,0.0,0.0,0.02,0.0,0.0,0.0,0.0,0.02,0.0
29,1,5,0,False,5.062883821350224,0.07134298846844533,4,qEHVI,0.56,0.34,0.0,0.0,0.0,0.0,0.0,0.0,0.02,0.0,0.0,0.0,0.0,0.04,0.04
29,2,4,1,True,4.947985635009057,0.1699205298246742,0,qEHVI,0.6,0.32,0.0,0.04,0.0,0.0,0.0,0.0,0.0,0.0,0.0,0.0,0.0,0.0,0.04
29,2,4,1,True,4.947985635009057,0.1699205298246742,1,qEHVI,0.6,0.32,0.0,0.02,0.0,0.0,0.0,0.0,0.0,0.0,0.0,0.02,0.0,0.0,0.04
29,2,4,1,True,4.947985635009057,0.1699205298246742,2,qEHVI,0.36,0.18,0.4,0.02,0.0,0.0,0.0,0.0,0.0,0.0,0.0,0.0,0.0,0.04,0.0
29,2,4,1,True,4.947985635009057,0.1699205298246742,3,qEHVI,0.56,0.34,0.0,0.0,0.0,0.0,0.0,0.0,0.02,0.0,0.0,0.0,0.0,0.04,0.04
29,2,4,1,True,4.947985635009057,0.1699205298246742,4,qUCB,0.04,0.66,0.2,0.0,0.04,0.0,0.0,0.0,0.02,0.0,0.0,0.04,0.0,0.0,0.0
29,3,3,2,False,4.879455077284929,0.0697021854002342,0,qEHVI,0.6,0.32,0.0,0.04,0.0,0.0,0.0,0.0,0.0,0.0,0.0,0.0,0.0,0.0,0.04
29,3,3,2,False,4.879455077284929,0.0697021854002342,1,qEHVI,0.6,0.32,0.0,0.02,0.0,0.0,0.0,0.0,0.0,0.0,0.0,0.02,0.0,0.0,0.04
29,3,3,2,False,4.879455077284929,0.0697021854002342,2,qEHVI,0.36,0.18,0.4,0.02,0.0,0.0,0.0,0.0,0.0,0.0,0.0,0.0,0.0,0.04,0.0
29,3,3,2,False,4.879455077284929,0.0697021854002342,3,qUCB,0.04,0.66,0.2,0.0,0.04,0.0,0.0,0.0,0.02,0.0,0.0,0.04,0.0,0.0,0.0
29,3,3,2,False,4.879455077284929,0.0697021854002342,4,qUCB,0.02,0.04,0.84,0.0,0.04,0.0,0.0,0.0,0.02,0.0,0.0,0.04,0.0,0.0,0.0
29,4,2,3,False,4.473642789907803,0.019686448495813025,0,qEHVI,0.6,0.32,0.0,0.04,0.0,0.0,0.0,0.0,0.0,0.0,0.0,0.0,0.0,0.0,0.04
29,4,2,3,False,4.473642789907803,0.019686448495813025,1,qEHVI,0.6,0.32,0.0,0.02,0.0,0.0,0.0,0.0,0.0,0.0,0.0,0.02,0.0,0.0,0.04
29,4,2,3,False,4.473642789907803,0.019686448495813025,2,qUCB,0.62,0.28,0.0,0.04,0.02,0.0,0.0,0.0,0.0,0.0,0.0,0.0,0.0,0.04,0.0
29,4,2,3,False,4.473642789907803,0.019686448495813025,3,qUCB,0.06,0.0,0.84,0.0,0.02,0.0,0.0,0.0,0.04,0.0,0.0,0.0,0.0,0.04,0.0
29,4,2,3,False,4.473642789907803,0.019686448495813025,4,qUCB,0.04,0.7000000000000001,0.2,0.0,0.04,0.0,0.0,0.0,0.02,0.0,0.0,0.0,0.0,0.0,0.0
29,5,1,4,False,3.4882801473676985,0.10368256811234744,0,qEHVI,0.6,0.32,0.0,0.04,0.0,0.0,0.0,0.0,0.0,0.0,0.0,0.0,0.0,0.0,0.04
29,5,1,4,False,3.4882801473676985,0.10368256811234744,1,qUCB,0.04,0.66,0.2,0.0,0.04,0.0,0.0,0.0,0.02,0.0,0.0,0.04,0.0,0.0,0.0
29,5,1,4,False,3.4882801473676985,0.10368256811234744,2,qUCB,0.04,0.02,0.84,0.0,0.0,0.0,0.0,0.0,0.04,0.0,0.0,0.04,0.0,0.02,0.0
29,5,1,4,False,3.4882801473676985,0.10368256811234744,3,qUCB,0.32,0.02,0.58,0.0,0.04,0.0,0.0,0.0,0.0,0.0,0.0,0.04,0.0,0.0,0.0
29,5,1,4,False,3.4882801473676985,0.10368256811234744,4,qUCB,0.22,0.1,0.58,0.04,0.02,0.0,0.0,0.0,0.0,0.0,0.0,0.0,0.0,0.04,0.0
29,6,0,5,False,3.734305090644624,0.43084719106654745,0,qUCB,0.6,0.32,0.0,0.04,0.0,0.0,0.0,0.0,0.0,0.0,0.0,0.0,0.0,0.0,0.04
29,6,0,5,False,3.734305090644624,0.43084719106654745,1,qUCB,0.32,0.0,0.58,0.04,0.02,0.0,0.0,0.0,0.02,0.0,0.0,0.0,0.0,0.02,0.0
29,6,0,5,False,3.734305090644624,0.43084719106654745,2,qUCB,0.0,0.76,0.18,0.0,0.0,0.0,0.0,0.0,0.0,0.0,0.0,0.0,0.0,0.04,0.02
29,6,0,5,False,3.734305090644624,0.43084719106654745,3,qUCB,0.08,0.24,0.58,0.04,0.0,0.0,0.0,0.0,0.0,0.0,0.0,0.04,0.0,0.0,0.02
29,6,0,5,False,3.734305090644624,0.43084719106654745,4,qUCB,0.0,0.56,0.42,0.0,0.0,0.0,0.0,0.0,0.02,0.0,0.0,0.0,0.0,0.0,0.0
30,1,5,0,False,0.720666082323841,0.13740063200413388,0,qEHVI,0.42,0.18,0.3,0.04,0.02,0.0,0.0,0.0,0.0,0.0,0.0,0.04,0.0,0.0,0.0
30,1,5,0,False,0.720666082323841,0.13740063200413388,1,qEHVI,0.44,0.18,0.38,0.0,0.0,0.0,0.0,0.0,0.0,0.0,0.0,0.0,0.0,0.0,0.0
30,1,5,0,False,0.720666082323841,0.13740063200413388,2,qEHVI,0.66,0.28,0.04,0.0,0.0,0.0,0.0,0.0,0.0,0.0,0.0,0.0,0.0,0.02,0.0
30,1,5,0,False,0.720666082323841,0.13740063200413388,3,qEHVI,0.42,0.12,0.36,0.0,0.02,0.0,0.0,0.0,0.0,0.0,0.0,0.04,0.0,0.02,0.02
30,1,5,0,False,0.720666082323841,0.13740063200413388,4,qEHVI,0.54,0.28,0.08,0.0,0.0,0.0,0.0,0.0,0.02,0.0,0.0,0.04,0.0,0.0,0.04
30,2,4,1,True,0.6957094469720365,0.20170262844542464,0,qEHVI,0.42,0.18,0.3,0.04,0.02,0.0,0.0,0.0,0.0,0.0,0.0,0.04,0.0,0.0,0.0
30,2,4,1,True,0.6957094469720365,0.20170262844542464,1,qEHVI,0.44,0.18,0.38,0.0,0.0,0.0,0.0,0.0,0.0,0.0,0.0,0.0,0.0,0.0,0.0
30,2,4,1,True,0.6957094469720365,0.20170262844542464,2,qEHVI,0.66,0.28,0.04,0.0,0.0,0.0,0.0,0.0,0.0,0.0,0.0,0.0,0.0,0.02,0.0
30,2,4,1,True,0.6957094469720365,0.20170262844542464,3,qEHVI,0.38,0.16,0.36,0.02,0.0,0.0,0.0,0.0,0.02,0.0,0.0,0.04,0.0,0.0,0.02
30,2,4,1,True,0.6957094469720365,0.20170262844542464,4,qUCB,0.44,0.06,0.4,0.0,0.04,0.0,0.0,0.0,0.02,0.0,0.0,0.0,0.0,0.0,0.04
30,3,3,2,False,0.6318541246313178,0.04415996584510751,0,qEHVI,0.42,0.18,0.3,0.04,0.02,0.0,0.0,0.0,0.0,0.0,0.0,0.04,0.0,0.0,0.0
30,3,3,2,False,0.6318541246313178,0.04415996584510751,1,qEHVI,0.44,0.18,0.38,0.0,0.0,0.0,0.0,0.0,0.0,0.0,0.0,0.0,0.0,0.0,0.0
30,3,3,2,False,0.6318541246313178,0.04415996584510751,2,qEHVI,0.66,0.28,0.04,0.0,0.0,0.0,0.0,0.0,0.0,0.0,0.0,0.0,0.0,0.02,0.0
30,3,3,2,False,0.6318541246313178,0.04415996584510751,3,qUCB,0.38,0.14,0.38,0.0,0.0,0.0,0.0,0.0,0.02,0.0,0.0,0.04,0.0,0.0,0.04
30,3,3,2,False,0.6318541246313178,0.04415996584510751,4,qUCB,0.26,0.56,0.08,0.04,0.0,0.0,0.0,0.0,0.02,0.0,0.0,0.0,0.0,0.0,0.04
30,4,2,3,False,0.5217582464792312,0.19125327800526204,0,qEHVI,0.42,0.18,0.3,0.04,0.02,0.0,0.0,0.0,0.0,0.0,0.0,0.04,0.0,0.0,0.0
30,4,2,3,False,0.5217582464792312,0.19125327800526204,1,qEHVI,0.44,0.18,0.38,0.0,0.0,0.0,0.0,0.0,0.0,0.0,0.0,0.0,0.0,0.0,0.0
30,4,2,3,False,0.5217582464792312,0.19125327800526204,2,qUCB,0.38,0.14,0.38,0.0,0.0,0.0,0.0,0.0,0.02,0.0,0.0,0.04,0.0,0.0,0.04
30,4,2,3,False,0.5217582464792312,0.19125327800526204,3,qUCB,0.26,0.56,0.08,0.04,0.0,0.0,0.0,0.0,0.02,0.0,0.0,0.0,0.0,0.0,0.04
30,4,2,3,False,0.5217582464792312,0.19125327800526204,4,qUCB,0.66,0.0,0.24,0.0,0.0,0.0,0.0,0.0,0.02,0.0,0.0,0.04,0.0,0.0,0.04
30,5,1,4,False,0.42209156180402296,0.414267788080549,0,qEHVI,0.42,0.18,0.3,0.04,0.02,0.0,0.0,0.0,0.0,0.0,0.0,0.04,0.0,0.0,0.0
30,5,1,4,False,0.42209156180402296,0.414267788080549,1,qUCB,0.44,0.1,0.36,0.0,0.0,0.0,0.0,0.0,0.04,0.0,0.0,0.0,0.0,0.02,0.04
30,5,1,4,False,0.42209156180402296,0.414267788080549,2,qUCB,0.38,0.1,0.42,0.0,0.0,0.0,0.0,0.0,0.04,0.0,0.0,0.0,0.0,0.02,0.04
30,5,1,4,False,0.42209156180402296,0.414267788080549,3,qUCB,0.16,0.02,0.74,0.0,0.0,0.0,0.0,0.0,0.0,0.0,0.0,0.0,0.0,0.04,0.04
30,5,1,4,False,0.42209156180402296,0.414267788080549,4,qUCB,0.44,0.1,0.38,0.0,0.0,0.0,0.0,0.0,0.04,0.0,0.0,0.0,0.0,0.04,0.0
30,6,0,5,False,0.2701390790101476,0.0747293596408376,0,qUCB,0.44,0.18,0.38,0.0,0.0,0.0,0.0,0.0,0.0,0.0,0.0,0.0,0.0,0.0,0.0
30,6,0,5,False,0.2701390790101476,0.0747293596408376,1,qUCB,0.7000000000000001,0.02,0.22,0.0,0.02,0.0,0.0,0.0,0.0,0.0,0.0,0.04,0.0,0.0,0.0
30,6,0,5,False,0.2701390790101476,0.0747293596408376,2,qUCB,0.18,0.0,0.74,0.0,0.0,0.0,0.0,0.0,0.02,0.0,0.0,0.04,0.0,0.02,0.0
30,6,0,5,False,0.2701390790101476,0.0747293596408376,3,qUCB,0.34,0.04,0.58,0.04,0.0,0.0,0.0,0.0,0.0,0.0,0.0,0.0,0.0,0.0,0.0
30,6,0,5,False,0.2701390790101476,0.0747293596408376,4,qUCB,0.48,0.22,0.2,0.0,0.0,0.0,0.0,0.0,0.04,0.0,0.0,0.04,0.0,0.02,0.0
31,1,5,0,False,0.6465250610381228,0.07085092999858489,0,qEHVI,0.36,0.24,0.3,0.04,0.02,0.0,0.0,0.0,0.0,0.0,0.0,0.04,0.0,0.0,0.0
31,1,5,0,False,0.6465250610381228,0.07085092999858489,1,qEHVI,0.36,0.14,0.4,0.0,0.04,0.0,0.0,0.0,0.0,0.0,0.0,0.04,0.0,0.0,0.02
31,1,5,0,False,0.6465250610381228,0.07085092999858489,2,qEHVI,0.44,0.12,0.36,0.02,0.0,0.0,0.0,0.0,0.0,0.0,0.0,0.04,0.0,0.0,0.02
31,1,5,0,False,0.6465250610381228,0.07085092999858489,3,qEHVI,0.4,0.2,0.3,0.0,0.0,0.0,0.0,0.0,0.0,0.0,0.0,0.04,0.0,0.02,0.04
31,1,5,0,False,0.6465250610381228,0.07085092999858489,4,qEHVI,0.46,0.0,0.44,0.04,0.0,0.0,0.0,0.0,0.0,0.0,0.0,0.0,0.0,0.02,0.04
31,2,4,1,True,0.5831257484828332,0.09676694884978154,0,qEHVI,0.36,0.24,0.3,0.04,0.02,0.0,0.0,0.0,0.0,0.0,0.0,0.04,0.0,0.0,0.0
31,2,4,1,True,0.5831257484828332,0.09676694884978154,1,qEHVI,0.36,0.14,0.4,0.0,0.04,0.0,0.0,0.0,0.0,0.0,0.0,0.04,0.0,0.0,0.02
31,2,4,1,True,0.5831257484828332,0.09676694884978154,2,qEHVI,0.44,0.12,0.36,0.02,0.0,0.0,0.0,0.0,0.0,0.0,0.0,0.04,0.0,0.0,0.02
31,2,4,1,True,0.5831257484828332,0.09676694884978154,3,qEHVI,0.34,0.18,0.4,0.04,0.0,0.0,0.0,0.0,0.0,0.0,0.0,0.04,0.0,0.0,0.0
31,2,4,1,True,0.5831257484828332,0.09676694884978154,4,qUCB,0.42,0.1,0.38,0.02,0.0,0.0,0.0,0.0,0.04,0.0,0.0,0.0,0.0,0.04,0.0
31,3,3,2,False,0.5496294889560541,0.05113596523044173,0,qEHVI,0.36,0.24,0.3,0.04,0.02,0.0,0.0,0.0,0.0,0.0,0.0,0.04,0.0,0.0,0.0
31,3,3,2,False,0.5496294889560541,0.05113596523044173,1,qEHVI,0.34,0.16,0.4,0.04,0.0,0.0,0.0,0.0,0.0,0.0,0.0,0.04,0.0,0.02,0.0
31,3,3,2,False,0.5496294889560541,0.05113596523044173,2,qEHVI,0.44,0.16,0.38,0.0,0.0,0.0,0.0,0.0,0.02,0.0,0.0,0.0,0.0,0.0,0.0
31,3,3,2,False,0.5496294889560541,0.05113596523044173,3,qUCB,0.44,0.08,0.38,0.0,0.0,0.0,0.0,0.0,0.0,0.0,0.0,0.02,0.0,0.04,0.04
31,3,3,2,False,0.5496294889560541,0.05113596523044173,4,qUCB,0.62,0.1,0.2,0.0,0.0,0.0,0.0,0.0,0.0,0.0,0.0,0.04,0.0,0.0,0.04
31,4,2,3,False,0.4326632180564846,0.09023979805026228,0,qEHVI,0.36,0.24,0.3,0.04,0.02,0.0,0.0,0.0,0.0,0.0,0.0,0.04,0.0,0.0,0.0
31,4,2,3,False,0.4326632180564846,0.09023979805026228,1,qEHVI,0.36,0.14,0.4,0.0,0.04,0.0,0.0,0.0,0.0,0.0,0.0,0.04,0.0,0.0,0.02
31,4,2,3,False,0.4326632180564846,0.09023979805026228,2,qUCB,0.42,0.1,0.38,0.02,0.0,0.0,0.0,0.0,0.04,0.0,0.0,0.0,0.0,0.04,0.0
31,4,2,3,False,0.4326632180564846,0.09023979805026228,3,qUCB,0.22,0.0,0.74,0.0,0.0,0.0,0.0,0.0,0.04,0.0,0.0,0.0,0.0,0.0,0.0
31,4,2,3,False,0.4326632180564846,0.09023979805026228,4,qUCB,0.4,0.44,0.06,0.0,0.0,0.0,0.0,0.0,0.04,0.0,0.0,0.0,0.0,0.04,0.02
31,5,1,4,False,0.31058482397548876,0.08974258551692564,0,qEHVI,0.36,0.24,0.3,0.04,0.02,0.0,0.0,0.0,0.0,0.0,0.0,0.04,0.0,0.0,0.0
31,5,1,4,False,0.31058482397548876,0.08974258551692564,1,qUCB,0.46,0.04,0.4,0.0,0.0,0.0,0.0,0.0,0.02,0.0,0.0,0.0,0.0,0.04,0.04
31,5,1,4,False,0.31058482397548876,0.08974258551692564,2,qUCB,0.22,0.0,0.74,0.0,0.0,0.0,0.0,0.0,0.04,0.0,0.0,0.0,0.0,0.0,0.0
31,5,1,4,False,0.31058482397548876,0.08974258551692564,3,qUCB,0.7000000000000001,0.0,0.24,0.0,0.0,0.0,0.0,0.0,0.02,0.0,0.0,0.0,0.0,0.0,0.04
31,5,1,4,False,0.31058482397548876,0.08974258551692564,4,qUCB,0.4,0.44,0.06,0.0,0.0,0.0,0.0,0.0,0.04,0.0,0.0,0.0,0.0,0.04,0.02
31,6,0,5,False,0.30981914701592117,0.014391545798433825,0,qUCB,0.38,0.14,0.38,0.0,0.04,0.0,0.0,0.0,0.02,0.0,0.0,0.04,0.0,0.0,0.0
31,6,0,5,False,0.30981914701592117,0.014391545798433825,1,qUCB,0.7000000000000001,0.0,0.22,0.0,0.02,0.0,0.0,0.0,0.0,0.0,0.0,0.04,0.0,0.0,0.02
31,6,0,5,False,0.30981914701592117,0.014391545798433825,2,qUCB,0.48,0.24,0.2,0.0,0.0,0.0,0.0,0.0,0.0,0.0,0.0,0.04,0.0,0.02,0.02
31,6,0,5,False,0.30981914701592117,0.014391545798433825,3,qUCB,0.22,0.0,0.74,0.0,0.0,0.0,0.0,0.0,0.04,0.0,0.0,0.0,0.0,0.0,0.0
31,6,0,5,False,0.30981914701592117,0.014391545798433825,4,qUCB,0.34,0.42,0.16,0.0,0.0,0.0,0.0,0.0,0.0,0.0,0.0,0.04,0.0,0.04,0.0
32,1,5,0,False,0.5526787397516767,0.22269624303515556,0,qEHVI,0.36,0.22,0.38,0.0,0.0,0.0,0.0,0.0,0.0,0.0,0.0,0.0,0.0,0.04,0.0
32,1,5,0,False,0.5526787397516767,0.22269624303515556,1,qEHVI,0.44,0.2,0.3,0.0,0.0,0.0,0.0,0.0,0.0,0.0,0.0,0.04,0.0,0.02,0.0
32,1,5,0,False,0.5526787397516767,0.22269624303515556,2,qEHVI,0.4,0.1,0.4,0.0,0.0,0.0,0.0,0.0,0.0,0.0,0.0,0.04,0.0,0.02,0.04
32,1,5,0,False,0.5526787397516767,0.22269624303515556,3,qEHVI,0.8,0.06,0.04,0.0,0.0,0.0,0.0,0.0,0.04,0.0,0.0,0.04,0.0,0.02,0.0
32,1,5,0,False,0.5526787397516767,0.22269624303515556,4,qEHVI,0.54,0.28,0.08,0.0,0.0,0.0,0.0,0.0,0.02,0.0,0.0,0.04,0.0,0.02,0.02
32,2,4,1,False,0.49606616025139566,0.02495830200289184,0,qEHVI,0.36,0.22,0.38,0.0,0.0,0.0,0.0,0.0,0.0,0.0,0.0,0.0,0.0,0.04,0.0
32,2,4,1,False,0.49606616025139566,0.02495830200289184,1,qEHVI,0.44,0.2,0.3,0.0,0.0,0.0,0.0,0.0,0.0,0.0,0.0,0.04,0.0,0.02,0.0
32,2,4,1,False,0.49606616025139566,0.02495830200289184,2,qEHVI,0.8,0.06,0.04,0.0,0.0,0.0,0.0,0.0,0.04,0.0,0.0,0.04,0.0,0.02,0.0
32,2,4,1,False,0.49606616025139566,0.02495830200289184,3,qEHVI,0.46,0.16,0.34,0.0,0.0,0.0,0.0,0.0,0.0,0.0,0.0,0.04,0.0,0.0,0.0
32,2,4,1,False,0.49606616025139566,0.02495830200289184,4,qUCB,0.46,0.04,0.4,0.02,0.0,0.0,0.0,0.0,0.04,0.0,0.0,0.0,0.0,0.0,0.04
32,3,3,2,True,0.47951333931943124,0.20029529816231673,0,qEHVI,0.36,0.22,0.38,0.0,0.0,0.0,0.0,0.0,0.0,0.0,0.0,0.0,0.0,0.04,0.0
32,3,3,2,True,0.47951333931943124,0.20029529816231673,1,qEHVI,0.44,0.2,0.3,0.0,0.0,0.0,0.0,0.0,0.0,0.0,0.0,0.04,0.0,0.02,0.0
32,3,3,2,True,0.47951333931943124,0.20029529816231673,2,qEHVI,0.46,0.16,0.34,0.0,0.0,0.0,0.0,0.0,0.0,0.0,0.0,0.04,0.0,0.0,0.0
32,3,3,2,True,0.47951333931943124,0.20029529816231673,3,qUCB,0.46,0.04,0.4,0.02,0.0,0.0,0.0,0.0,0.04,0.0,0.0,0.0,0.0,0.0,0.04
32,3,3,2,True,0.47951333931943124,0.20029529816231673,4,qUCB,0.32,0.0,0.58,0.04,0.0,0.0,0.0,0.0,0.02,0.0,0.0,0.0,0.0,0.0,0.04
32,4,2,3,False,0.40573437213081154,0.33986266931746556,0,qEHVI,0.36,0.22,0.38,0.0,0.0,0.0,0.0,0.0,0.0,0.0,0.0,0.0,0.0,0.04,0.0
32,4,2,3,False,0.40573437213081154,0.33986266931746556,1,qEHVI,0.44,0.2,0.3,0.0,0.0,0.0,0.0,0.0,0.0,0.0,0.0,0.04,0.0,0.02,0.0
32,4,2,3,False,0.40573437213081154,0.33986266931746556,2,qUCB,0.46,0.04,0.4,0.02,0.0,0.0,0.0,0.0,0.04,0.0,0.0,0.0,0.0,0.0,0.04
32,4,2,3,False,0.40573437213081154,0.33986266931746556,3,qUCB,0.32,0.0,0.58,0.04,0.0,0.0,0.0,0.0,0.02,0.0,0.0,0.0,0.0,0.0,0.04
32,4,2,3,False,0.40573437213081154,0.33986266931746556,4,qUCB,0.86,0.0,0.04,0.0,0.04,0.0,0.0,0.0,0.02,0.0,0.0,0.0,0.0,0.0,0.04
32,5,1,4,False,0.2684923902704661,0.3044094047129562,0,qEHVI,0.36,0.22,0.38,0.0,0.0,0.0,0.0,0.0,0.0,0.0,0.0,0.0,0.0,0.04,0.0
32,5,1,4,False,0.2684923902704661,0.3044094047129562,1,qUCB,0.86,0.0,0.04,0.0,0.0,0.0,0.0,0.0,0.02,0.0,0.0,0.04,0.0,0.0,0.04
32,5,1,4,False,0.2684923902704661,0.3044094047129562,2,qUCB,0.32,0.0,0.58,0.04,0.0,0.0,0.0,0.0,0.02,0.0,0.0,0.0,0.0,0.0,0.04
32,5,1,4,False,0.2684923902704661,0.3044094047129562,3,qUCB,0.7000000000000001,0.0,0.2,0.04,0.0,0.0,0.0,0.0,0.0,0.0,0.0,0.04,0.0,0.0,0.02
32,5,1,4,False,0.2684923902704661,0.3044094047129562,4,qUCB,0.3,0.52,0.08,0.04,0.02,0.0,0.0,0.0,0.0,0.0,0.0,0.04,0.0,0.0,0.0
32,6,0,5,False,0.2712581367767003,0.08296838851237887,0,qUCB,0.4,0.1,0.4,0.0,0.0,0.0,0.0,0.0,0.0,0.0,0.0,0.04,0.0,0.02,0.04
32,6,0,5,False,0.2712581367767003,0.08296838851237887,1,qUCB,0.32,0.0,0.58,0.04,0.0,0.0,0.0,0.0,0.02,0.0,0.0,0.0,0.0,0.0,0.04
32,6,0,5,False,0.2712581367767003,0.08296838851237887,2,qUCB,0.72,0.02,0.24,0.0,0.0,0.0,0.0,0.0,0.02,0.0,0.0,0.0,0.0,0.0,0.0
32,6,0,5,False,0.2712581367767003,0.08296838851237887,3,qUCB,0.02,0.32,0.56,0.04,0.02,0.0,0.0,0.0,0.0,0.0,0.0,0.04,0.0,0.0,0.0
32,6,0,5,False,0.2712581367767003,0.08296838851237887,4,qUCB,0.3,0.52,0.08,0.04,0.02,0.0,0.0,0.0,0.0,0.0,0.0,0.04,0.0,0.0,0.0
33,1,5,0,False,4.027145058153225,0.26945098494832287,0,qEHVI,0.56,0.28,0.06,0.0,0.02,0.0,0.0,0.0,0.0,0.0,0.0,0.04,0.0,0.0,0.04
33,1,5,0,False,4.027145058153225,0.26945098494832287,1,qEHVI,0.6,0.28,0.04,0.02,0.0,0.0,0.0,0.0,0.0,0.0,0.0,0.04,0.0,0.0,0.02
33,1,5,0,False,4.027145058153225,0.26945098494832287,2,qEHVI,0.36,0.14,0.4,0.02,0.0,0.0,0.0,0.0,0.02,0.0,0.0,0.04,0.0,0.0,0.02
33,1,5,0,False,4.027145058153225,0.26945098494832287,3,qEHVI,0.46,0.38,0.06,0.0,0.0,0.0,0.0,0.0,0.02,0.0,0.0,0.04,0.0,0.0,0.04
33,1,5,0,False,4.027145058153225,0.26945098494832287,4,qEHVI,0.48,0.0,0.44,0.02,0.02,0.0,0.0,0.0,0.0,0.0,0.0,0.04,0.0,0.0,0.0
33,2,4,1,False,3.9085590113962843,0.23352144311291956,0,qEHVI,0.56,0.28,0.06,0.0,0.02,0.0,0.0,0.0,0.0,0.0,0.0,0.04,0.0,0.0,0.04
33,2,4,1,False,3.9085590113962843,0.23352144311291956,1,qEHVI,0.6,0.28,0.04,0.02,0.0,0.0,0.0,0.0,0.0,0.0,0.0,0.04,0.0,0.0,0.02
33,2,4,1,False,3.9085590113962843,0.23352144311291956,2,qEHVI,0.36,0.14,0.4,0.02,0.0,0.0,0.0,0.0,0.02,0.0,0.0,0.04,0.0,0.0,0.02
33,2,4,1,False,3.9085590113962843,0.23352144311291956,3,qEHVI,0.46,0.38,0.06,0.0,0.0,0.0,0.0,0.0,0.02,0.0,0.0,0.04,0.0,0.0,0.04
33,2,4,1,False,3.9085590113962843,0.23352144311291956,4,qUCB,0.3,0.5,0.1,0.04,0.0,0.0,0.0,0.0,0.02,0.0,0.0,0.0,0.0,0.04,0.0
33,3,3,2,True,3.6554730669549462,0.23679335306585036,0,qEHVI,0.56,0.28,0.06,0.0,0.02,0.0,0.0,0.0,0.0,0.0,0.0,0.04,0.0,0.0,0.04
33,3,3,2,True,3.6554730669549462,0.23679335306585036,1,qEHVI,0.6,0.28,0.04,0.02,0.0,0.0,0.0,0.0,0.0,0.0,0.0,0.04,0.0,0.0,0.02
33,3,3,2,True,3.6554730669549462,0.23679335306585036,2,qEHVI,0.36,0.14,0.4,0.02,0.0,0.0,0.0,0.0,0.02,0.0,0.0,0.04,0.0,0.0,0.02
33,3,3,2,True,3.6554730669549462,0.23679335306585036,3,qUCB,0.3,0.5,0.1,0.04,0.0,0.0,0.0,0.0,0.02,0.0,0.0,0.0,0.0,0.04,0.0
33,3,3,2,True,3.6554730669549462,0.23679335306585036,4,qUCB,0.0,0.92,0.0,0.0,0.02,0.0,0.0,0.0,0.04,0.0,0.0,0.0,0.0,0.02,0.0
33,4,2,3,False,3.3710163375269753,0.08722232169761313,0,qEHVI,0.56,0.28,0.06,0.0,0.02,0.0,0.0,0.0,0.0,0.0,0.0,0.04,0.0,0.0,0.04
33,4,2,3,False,3.3710163375269753,0.08722232169761313,1,qEHVI,0.6,0.28,0.04,0.02,0.0,0.0,0.0,0.0,0.0,0.0,0.0,0.04,0.0,0.0,0.02
33,4,2,3,False,3.3710163375269753,0.08722232169761313,2,qUCB,0.3,0.5,0.1,0.04,0.0,0.0,0.0,0.0,0.02,0.0,0.0,0.0,0.0,0.04,0.0
33,4,2,3,False,3.3710163375269753,0.08722232169761313,3,qUCB,0.0,0.92,0.0,0.0,0.02,0.0,0.0,0.0,0.04,0.0,0.0,0.0,0.0,0.02,0.0
33,4,2,3,False,3.3710163375269753,0.08722232169761313,4,qUCB,0.18,0.02,0.72,0.0,0.0,0.0,0.0,0.0,0.04,0.0,0.0,0.0,0.0,0.04,0.0
33,5,1,4,False,2.7132094011443266,0.18587283739856275,0,qEHVI,0.56,0.28,0.06,0.0,0.02,0.0,0.0,0.0,0.0,0.0,0.0,0.04,0.0,0.0,0.04
33,5,1,4,False,2.7132094011443266,0.18587283739856275,1,qUCB,0.3,0.5,0.1,0.04,0.0,0.0,0.0,0.0,0.02,0.0,0.0,0.0,0.0,0.04,0.0
33,5,1,4,False,2.7132094011443266,0.18587283739856275,2,qUCB,0.0,0.92,0.0,0.0,0.02,0.0,0.0,0.0,0.04,0.0,0.0,0.0,0.0,0.02,0.0
33,5,1,4,False,2.7132094011443266,0.18587283739856275,3,qUCB,0.08,0.24,0.58,0.04,0.02,0.0,0.0,0.0,0.04,0.0,0.0,0.0,0.0,0.0,0.0
33,5,1,4,False,2.7132094011443266,0.18587283739856275,4,qUCB,0.0,0.62,0.34,0.0,0.0,0.0,0.0,0.0,0.0,0.0,0.0,0.0,0.0,0.04,0.0
33,6,0,5,False,1.1312665277723268,0.03974526229421116,0,qUCB,0.38,0.42,0.1,0.02,0.0,0.0,0.0,0.0,0.02,0.0,0.0,0.04,0.0,0.0,0.02
33,6,0,5,False,1.1312665277723268,0.03974526229421116,1,qUCB,0.0,0.92,0.0,0.0,0.02,0.0,0.0,0.0,0.04,0.0,0.0,0.0,0.0,0.02,0.0
33,6,0,5,False,1.1312665277723268,0.03974526229421116,2,qUCB,0.02,0.32,0.58,0.04,0.02,0.0,0.0,0.0,0.0,0.0,0.0,0.0,0.0,0.0,0.02
33,6,0,5,False,1.1312665277723268,0.03974526229421116,3,qUCB,0.0,0.64,0.32,0.0,0.04,0.0,0.0,0.0,0.0,0.0,0.0,0.0,0.0,0.0,0.0
33,6,0,5,False,1.1312665277723268,0.03974526229421116,4,qUCB,0.22,0.0,0.72,0.0,0.0,0.0,0.0,0.0,0.0,0.0,0.0,0.04,0.0,0.02,0.0
34,1,5,0,False,1.6934807422683393,0.014937669713035007,0,qEHVI,0.54,0.26,0.12,0.02,0.0,0.0,0.0,0.0,0.02,0.0,0.0,0.02,0.0,0.0,0.02
34,1,5,0,False,1.6934807422683393,0.014937669713035007,1,qEHVI,0.0,0.7000000000000001,0.24,0.04,0.0,0.0,0.0,0.0,0.0,0.0,0.0,0.0,0.0,0.02,0.0
34,1,5,0,False,1.6934807422683393,0.014937669713035007,2,qEHVI,0.72,0.0,0.2,0.04,0.0,0.0,0.0,0.0,0.02,0.0,0.0,0.0,0.0,0.02,0.0
34,1,5,0,False,1.6934807422683393,0.014937669713035007,3,qEHVI,0.3,0.16,0.44,0.04,0.0,0.0,0.0,0.0,0.02,0.0,0.0,0.0,0.0,0.02,0.02
34,1,5,0,False,1.6934807422683393,0.014937669713035007,4,qEHVI,0.0,0.34,0.58,0.04,0.0,0.0,0.0,0.0,0.0,0.0,0.0,0.0,0.0,0.0,0.04
34,2,4,1,False,1.519750776438146,0.056991296307730366,0,qEHVI,0.54,0.26,0.12,0.02,0.0,0.0,0.0,0.0,0.02,0.0,0.0,0.02,0.0,0.0,0.02
34,2,4,1,False,1.519750776438146,0.056991296307730366,1,qEHVI,0.0,0.7000000000000001,0.24,0.04,0.0,0.0,0.0,0.0,0.0,0.0,0.0,0.0,0.0,0.02,0.0
34,2,4,1,False,1.519750776438146,0.056991296307730366,2,qEHVI,0.72,0.0,0.2,0.04,0.0,0.0,0.0,0.0,0.02,0.0,0.0,0.0,0.0,0.02,0.0
34,2,4,1,False,1.519750776438146,0.056991296307730366,3,qEHVI,0.0,0.64,0.34,0.0,0.0,0.0,0.0,0.0,0.0,0.0,0.0,0.0,0.0,0.02,0.0
34,2,4,1,False,1.519750776438146,0.056991296307730366,4,qUCB,0.46,0.34,0.12,0.02,0.04,0.0,0.0,0.0,0.0,0.0,0.0,0.0,0.0,0.02,0.0
34,3,3,2,False,1.4395194716566235,0.010232882235076346,0,qEHVI,0.54,0.26,0.12,0.02,0.0,0.0,0.0,0.0,0.02,0.0,0.0,0.02,0.0,0.0,0.02
34,3,3,2,False,1.4395194716566235,0.010232882235076346,1,qEHVI,0.72,0.0,0.2,0.04,0.0,0.0,0.0,0.0,0.02,0.0,0.0,0.0,0.0,0.02,0.0
34,3,3,2,False,1.4395194716566235,0.010232882235076346,2,qEHVI,0.0,0.7000000000000001,0.24,0.04,0.0,0.0,0.0,0.0,0.0,0.0,0.0,0.0,0.0,0.02,0.0
34,3,3,2,False,1.4395194716566235,0.010232882235076346,3,qUCB,0.46,0.34,0.12,0.02,0.04,0.0,0.0,0.0,0.0,0.0,0.0,0.0,0.0,0.02,0.0
34,3,3,2,False,1.4395194716566235,0.010232882235076346,4,qUCB,0.0,0.58,0.32,0.0,0.04,0.0,0.0,0.0,0.0,0.0,0.0,0.04,0.0,0.02,0.0
34,4,2,3,False,1.5296310291924753,0.06312458750128158,0,qEHVI,0.54,0.26,0.12,0.02,0.0,0.0,0.0,0.0,0.02,0.0,0.0,0.02,0.0,0.0,0.02
34,4,2,3,False,1.5296310291924753,0.06312458750128158,1,qEHVI,0.72,0.0,0.2,0.04,0.0,0.0,0.0,0.0,0.02,0.0,0.0,0.0,0.0,0.02,0.0
34,4,2,3,False,1.5296310291924753,0.06312458750128158,2,qUCB,0.02,0.56,0.34,0.0,0.04,0.0,0.0,0.0,0.0,0.0,0.0,0.0,0.0,0.04,0.0
34,4,2,3,False,1.5296310291924753,0.06312458750128158,3,qUCB,0.0,0.32,0.58,0.04,0.04,0.0,0.0,0.0,0.0,0.0,0.0,0.0,0.0,0.0,0.02
34,4,2,3,False,1.5296310291924753,0.06312458750128158,4,qUCB,0.0,0.7000000000000001,0.24,0.04,0.0,0.0,0.0,0.0,0.0,0.0,0.0,0.0,0.0,0.02,0.0
34,5,1,4,True,1.5539521727933343,0.2115503670602621,0,qEHVI,0.54,0.26,0.12,0.02,0.0,0.0,0.0,0.0,0.02,0.0,0.0,0.02,0.0,0.0,0.02
34,5,1,4,True,1.5539521727933343,0.2115503670602621,1,qUCB,0.02,0.56,0.34,0.0,0.04,0.0,0.0,0.0,0.0,0.0,0.0,0.0,0.0,0.04,0.0
34,5,1,4,True,1.5539521727933343,0.2115503670602621,2,qUCB,0.0,0.7000000000000001,0.24,0.04,0.0,0.0,0.0,0.0,0.0,0.0,0.0,0.0,0.0,0.02,0.0
34,5,1,4,True,1.5539521727933343,0.2115503670602621,3,qUCB,0.0,0.32,0.58,0.04,0.04,0.0,0.0,0.0,0.0,0.0,0.0,0.0,0.0,0.0,0.02
34,5,1,4,True,1.5539521727933343,0.2115503670602621,4,qUCB,0.18,0.02,0.7000000000000001,0.0,0.02,0.0,0.0,0.0,0.0,0.0,0.0,0.04,0.0,0.04,0.0
34,6,0,5,False,1.5295814038730204,0.4654329390374592,0,qUCB,0.42,0.36,0.12,0.02,0.0,0.0,0.0,0.0,0.0,0.0,0.0,0.04,0.0,0.02,0.02
34,6,0,5,False,1.5295814038730204,0.4654329390374592,1,qUCB,0.0,0.64,0.34,0.0,0.0,0.0,0.0,0.0,0.0,0.0,0.0,0.0,0.0,0.02,0.0
34,6,0,5,False,1.5295814038730204,0.4654329390374592,2,qUCB,0.0,0.7000000000000001,0.24,0.04,0.0,0.0,0.0,0.0,0.0,0.0,0.0,0.0,0.0,0.02,0.0
34,6,0,5,False,1.5295814038730204,0.4654329390374592,3,qUCB,0.72,0.0,0.2,0.04,0.0,0.0,0.0,0.0,0.02,0.0,0.0,0.0,0.0,0.02,0.0
34,6,0,5,False,1.5295814038730204,0.4654329390374592,4,qUCB,0.0,0.34,0.58,0.04,0.0,0.0,0.0,0.0,0.0,0.0,0.0,0.0,0.0,0.0,0.04
35,1,5,0,False,0.8169961730169327,0.18744566103862592,0,qEHVI,0.48,0.24,0.2,0.0,0.0,0.0,0.0,0.0,0.02,0.0,0.0,0.04,0.0,0.0,0.02
35,1,5,0,False,0.8169961730169327,0.18744566103862592,1,qEHVI,0.44,0.18,0.3,0.02,0.0,0.0,0.0,0.0,0.0,0.0,0.0,0.04,0.0,0.0,0.02
35,1,5,0,False,0.8169961730169327,0.18744566103862592,2,qEHVI,0.04,0.66,0.3,0.0,0.0,0.0,0.0,0.0,0.0,0.0,0.0,0.0,0.0,0.0,0.0
35,1,5,0,False,0.8169961730169327,0.18744566103862592,3,qEHVI,0.3,0.22,0.38,0.0,0.0,0.0,0.0,0.0,0.0,0.0,0.0,0.04,0.0,0.04,0.02
35,1,5,0,False,0.8169961730169327,0.18744566103862592,4,qEHVI,0.6,0.24,0.06,0.0,0.0,0.0,0.0,0.0,0.02,0.0,0.0,0.04,0.0,0.0,0.04
35,2,4,1,True,0.7822902116451578,0.19393517825871642,0,qEHVI,0.48,0.24,0.2,0.0,0.0,0.0,0.0,0.0,0.02,0.0,0.0,0.04,0.0,0.0,0.02
35,2,4,1,True,0.7822902116451578,0.19393517825871642,1,qEHVI,0.04,0.66,0.3,0.0,0.0,0.0,0.0,0.0,0.0,0.0,0.0,0.0,0.0,0.0,0.0
35,2,4,1,True,0.7822902116451578,0.19393517825871642,2,qEHVI,0.44,0.18,0.3,0.02,0.0,0.0,0.0,0.0,0.0,0.0,0.0,0.04,0.0,0.0,0.02
35,2,4,1,True,0.7822902116451578,0.19393517825871642,3,qEHVI,0.3,0.22,0.38,0.0,0.0,0.0,0.0,0.0,0.0,0.0,0.0,0.04,0.0,0.04,0.02
35,2,4,1,True,0.7822902116451578,0.19393517825871642,4,qUCB,0.34,0.14,0.42,0.04,0.04,0.0,0.0,0.0,0.0,0.0,0.0,0.0,0.0,0.02,0.0
35,3,3,2,False,0.7436574074332158,0.17059570042662298,0,qEHVI,0.48,0.24,0.2,0.0,0.0,0.0,0.0,0.0,0.02,0.0,0.0,0.04,0.0,0.0,0.02
35,3,3,2,False,0.7436574074332158,0.17059570042662298,1,qEHVI,0.44,0.18,0.3,0.02,0.0,0.0,0.0,0.0,0.0,0.0,0.0,0.04,0.0,0.0,0.02
35,3,3,2,False,0.7436574074332158,0.17059570042662298,2,qEHVI,0.04,0.66,0.3,0.0,0.0,0.0,0.0,0.0,0.0,0.0,0.0,0.0,0.0,0.0,0.0
35,3,3,2,False,0.7436574074332158,0.17059570042662298,3,qUCB,0.4,0.08,0.42,0.0,0.04,0.0,0.0,0.0,0.02,0.0,0.0,0.0,0.0,0.04,0.0
35,3,3,2,False,0.7436574074332158,0.17059570042662298,4,qUCB,0.44,0.1,0.36,0.0,0.02,0.0,0.0,0.0,0.04,0.0,0.0,0.0,0.0,0.04,0.0
35,4,2,3,False,0.45654384855903,0.03969953429256412,0,qEHVI,0.48,0.24,0.2,0.0,0.0,0.0,0.0,0.0,0.02,0.0,0.0,0.04,0.0,0.0,0.02
35,4,2,3,False,0.45654384855903,0.03969953429256412,1,qEHVI,0.04,0.66,0.3,0.0,0.0,0.0,0.0,0.0,0.0,0.0,0.0,0.0,0.0,0.0,0.0
35,4,2,3,False,0.45654384855903,0.03969953429256412,2,qUCB,0.46,0.06,0.38,0.04,0.0,0.0,0.0,0.0,0.02,0.0,0.0,0.0,0.0,0.04,0.0
35,4,2,3,False,0.45654384855903,0.03969953429256412,3,qUCB,0.88,0.0,0.04,0.04,0.02,0.0,0.0,0.0,0.0,0.0,0.0,0.0,0.0,0.02,0.0
35,4,2,3,False,0.45654384855903,0.03969953429256412,4,qUCB,0.72,0.0,0.18,0.04,0.02,0.0,0.0,0.0,0.0,0.0,0.0,0.0,0.0,0.04,0.0
35,5,1,4,False,0.34405846686363933,0.09296900239201628,0,qEHVI,0.48,0.24,0.2,0.0,0.0,0.0,0.0,0.0,0.02,0.0,0.0,0.04,0.0,0.0,0.02
35,5,1,4,False,0.34405846686363933,0.09296900239201628,1,qUCB,0.34,0.14,0.42,0.04,0.04,0.0,0.0,0.0,0.0,0.0,0.0,0.0,0.0,0.02,0.0
35,5,1,4,False,0.34405846686363933,0.09296900239201628,2,qUCB,0.42,0.14,0.36,0.04,0.0,0.0,0.0,0.0,0.0,0.0,0.0,0.0,0.0,0.04,0.0
35,5,1,4,False,0.34405846686363933,0.09296900239201628,3,qUCB,0.18,0.44,0.28,0.04,0.04,0.0,0.0,0.0,0.0,0.0,0.0,0.0,0.0,0.02,0.0
35,5,1,4,False,0.34405846686363933,0.09296900239201628,4,qUCB,0.72,0.0,0.18,0.04,0.02,0.0,0.0,0.0,0.0,0.0,0.0,0.0,0.0,0.04,0.0
35,6,0,5,False,0.6062062174568088,0.22503690115159092,0,qUCB,0.48,0.24,0.2,0.0,0.0,0.0,0.0,0.0,0.02,0.0,0.0,0.04,0.0,0.0,0.02
35,6,0,5,False,0.6062062174568088,0.22503690115159092,1,qUCB,0.7000000000000001,0.0,0.2,0.04,0.0,0.0,0.0,0.0,0.0,0.0,0.0,0.04,0.0,0.02,0.0
35,6,0,5,False,0.6062062174568088,0.22503690115159092,2,qUCB,0.24,0.52,0.14,0.04,0.0,0.0,0.0,0.0,0.02,0.0,0.0,0.04,0.0,0.0,0.0
35,6,0,5,False,0.6062062174568088,0.22503690115159092,3,qUCB,0.04,0.66,0.3,0.0,0.0,0.0,0.0,0.0,0.0,0.0,0.0,0.0,0.0,0.0,0.0
35,6,0,5,False,0.6062062174568088,0.22503690115159092,4,qUCB,0.66,0.0,0.24,0.0,0.02,0.0,0.0,0.0,0.0,0.0,0.0,0.04,0.0,0.04,0.0
36,1,5,0,False,0.5869337221324915,0.09286697289677193,0,qEHVI,0.42,0.18,0.3,0.02,0.02,0.0,0.0,0.0,0.02,0.0,0.0,0.04,0.0,0.0,0.0
36,1,5,0,False,0.5869337221324915,0.09286697289677193,1,qEHVI,0.46,0.0,0.44,0.02,0.0,0.0,0.0,0.0,0.0,0.0,0.0,0.04,0.0,0.04,0.0
36,1,5,0,False,0.5869337221324915,0.09286697289677193,2,qEHVI,0.32,0.2,0.4,0.0,0.0,0.0,0.0,0.0,0.04,0.0,0.0,0.04,0.0,0.0,0.0
36,1,5,0,False,0.5869337221324915,0.09286697289677193,3,qEHVI,0.5,0.32,0.08,0.0,0.0,0.0,0.0,0.0,0.02,0.0,0.0,0.04,0.0,0.02,0.02
36,1,5,0,False,0.5869337221324915,0.09286697289677193,4,qEHVI,0.32,0.2,0.38,0.0,0.04,0.0,0.0,0.0,0.02,0.0,0.0,0.0,0.0,0.0,0.04
36,2,4,1,False,0.5575676246851217,0.11371097966578958,0,qEHVI,0.42,0.18,0.3,0.02,0.02,0.0,0.0,0.0,0.02,0.0,0.0,0.04,0.0,0.0,0.0
36,2,4,1,False,0.5575676246851217,0.11371097966578958,1,qEHVI,0.46,0.0,0.44,0.02,0.0,0.0,0.0,0.0,0.0,0.0,0.0,0.04,0.0,0.04,0.0
36,2,4,1,False,0.5575676246851217,0.11371097966578958,2,qEHVI,0.32,0.2,0.4,0.0,0.0,0.0,0.0,0.0,0.04,0.0,0.0,0.04,0.0,0.0,0.0
36,2,4,1,False,0.5575676246851217,0.11371097966578958,3,qEHVI,0.5,0.32,0.08,0.0,0.0,0.0,0.0,0.0,0.02,0.0,0.0,0.04,0.0,0.02,0.02
36,2,4,1,False,0.5575676246851217,0.11371097966578958,4,qUCB,0.42,0.14,0.36,0.0,0.04,0.0,0.0,0.0,0.0,0.0,0.0,0.0,0.0,0.0,0.04
36,3,3,2,False,0.45118559368472266,0.017654340734864604,0,qEHVI,0.42,0.18,0.3,0.02,0.02,0.0,0.0,0.0,0.02,0.0,0.0,0.04,0.0,0.0,0.0
36,3,3,2,False,0.45118559368472266,0.017654340734864604,1,qEHVI,0.32,0.2,0.4,0.0,0.0,0.0,0.0,0.0,0.04,0.0,0.0,0.04,0.0,0.0,0.0
36,3,3,2,False,0.45118559368472266,0.017654340734864604,2,qEHVI,0.46,0.0,0.44,0.02,0.0,0.0,0.0,0.0,0.0,0.0,0.0,0.04,0.0,0.04,0.0
36,3,3,2,False,0.45118559368472266,0.017654340734864604,3,qUCB,0.32,0.22,0.36,0.0,0.04,0.0,0.0,0.0,0.0,0.0,0.0,0.0,0.0,0.02,0.04
36,3,3,2,False,0.45118559368472266,0.017654340734864604,4,qUCB,0.02,0.7000000000000001,0.18,0.04,0.0,0.0,0.0,0.0,0.0,0.0,0.0,0.0,0.0,0.02,0.04
36,4,2,3,True,0.37536334847317065,0.14333429429871902,0,qEHVI,0.42,0.18,0.3,0.02,0.02,0.0,0.0,0.0,0.02,0.0,0.0,0.04,0.0,0.0,0.0
36,4,2,3,True,0.37536334847317065,0.14333429429871902,1,qEHVI,0.46,0.0,0.44,0.02,0.0,0.0,0.0,0.0,0.0,0.0,0.0,0.04,0.0,0.04,0.0
36,4,2,3,True,0.37536334847317065,0.14333429429871902,2,qUCB,0.48,0.02,0.4,0.0,0.0,0.0,0.0,0.0,0.04,0.0,0.0,0.0,0.0,0.02,0.04
36,4,2,3,True,0.37536334847317065,0.14333429429871902,3,qUCB,0.32,0.22,0.36,0.0,0.04,0.0,0.0,0.0,0.0,0.0,0.0,0.0,0.0,0.02,0.04
36,4,2,3,True,0.37536334847317065,0.14333429429871902,4,qUCB,0.02,0.7000000000000001,0.18,0.04,0.0,0.0,0.0,0.0,0.0,0.0,0.0,0.0,0.0,0.02,0.04
36,5,1,4,False,0.25013449056706843,0.09140238553834124,0,qEHVI,0.42,0.18,0.3,0.02,0.02,0.0,0.0,0.0,0.02,0.0,0.0,0.04,0.0,0.0,0.0
36,5,1,4,False,0.25013449056706843,0.09140238553834124,1,qUCB,0.36,0.16,0.38,0.02,0.0,0.0,0.0,0.0,0.0,0.0,0.0,0.0,0.0,0.04,0.04
36,5,1,4,False,0.25013449056706843,0.09140238553834124,2,qUCB,0.5,0.34,0.08,0.0,0.0,0.0,0.0,0.0,0.0,0.0,0.0,0.0,0.0,0.04,0.04
36,5,1,4,False,0.25013449056706843,0.09140238553834124,3,qUCB,0.6,0.06,0.26,0.0,0.0,0.0,0.0,0.0,0.0,0.0,0.0,0.0,0.0,0.04,0.04
36,5,1,4,False,0.25013449056706843,0.09140238553834124,4,qUCB,0.34,0.5,0.06,0.0,0.02,0.0,0.0,0.0,0.0,0.0,0.0,0.0,0.0,0.04,0.04
36,6,0,5,False,0.19835604387604178,0.03747836051247688,0,qUCB,0.4,0.1,0.4,0.0,0.0,0.0,0.0,0.0,0.04,0.0,0.0,0.04,0.0,0.02,0.0
36,6,0,5,False,0.19835604387604178,0.03747836051247688,1,qUCB,0.66,0.0,0.24,0.0,0.0,0.0,0.0,0.0,0.02,0.0,0.0,0.04,0.0,0.02,0.02
36,6,0,5,False,0.19835604387604178,0.03747836051247688,2,qUCB,0.7000000000000001,0.0,0.2,0.04,0.0,0.0,0.0,0.0,0.0,0.0,0.0,0.04,0.0,0.02,0.0
36,6,0,5,False,0.19835604387604178,0.03747836051247688,3,qUCB,0.2,0.0,0.78,0.0,0.0,0.0,0.0,0.0,0.0,0.0,0.0,0.02,0.0,0.0,0.0
36,6,0,5,False,0.19835604387604178,0.03747836051247688,4,qUCB,0.28,0.52,0.16,0.0,0.0,0.0,0.0,0.0,0.0,0.0,0.0,0.04,0.0,0.0,0.0
37,1,5,0,False,0.5791054827902223,0.2217596929770913,0,qEHVI,0.32,0.24,0.4,0.0,0.0,0.0,0.0,0.0,0.0,0.0,0.0,0.04,0.0,0.0,0.0
37,1,5,0,False,0.5791054827902223,0.2217596929770913,1,qEHVI,0.54,0.3,0.06,0.0,0.0,0.0,0.0,0.0,0.04,0.0,0.0,0.04,0.0,0.0,0.02
37,1,5,0,False,0.5791054827902223,0.2217596929770913,2,qEHVI,0.32,0.28,0.3,0.04,0.0,0.0,0.0,0.0,0.0,0.0,0.0,0.04,0.0,0.02,0.0
37,1,5,0,False,0.5791054827902223,0.2217596929770913,3,qEHVI,0.46,0.0,0.44,0.02,0.02,0.0,0.0,0.0,0.04,0.0,0.0,0.0,0.0,0.02,0.0
37,1,5,0,False,0.5791054827902223,0.2217596929770913,4,qEHVI,0.52,0.28,0.1,0.0,0.04,0.0,0.0,0.0,0.02,0.0,0.0,0.04,0.0,0.0,0.0
37,2,4,1,False,0.5274060578149272,0.1570142515352817,0,qEHVI,0.32,0.24,0.4,0.0,0.0,0.0,0.0,0.0,0.0,0.0,0.0,0.04,0.0,0.0,0.0
37,2,4,1,False,0.5274060578149272,0.1570142515352817,1,qEHVI,0.54,0.3,0.06,0.0,0.0,0.0,0.0,0.0,0.04,0.0,0.0,0.04,0.0,0.0,0.02
37,2,4,1,False,0.5274060578149272,0.1570142515352817,2,qEHVI,0.32,0.28,0.3,0.04,0.0,0.0,0.0,0.0,0.0,0.0,0.0,0.04,0.0,0.02,0.0
37,2,4,1,False,0.5274060578149272,0.1570142515352817,3,qEHVI,0.46,0.0,0.44,0.02,0.02,0.0,0.0,0.0,0.04,0.0,0.0,0.0,0.0,0.02,0.0
37,2,4,1,False,0.5274060578149272,0.1570142515352817,4,qUCB,0.4,0.18,0.34,0.0,0.0,0.0,0.0,0.0,0.0,0.0,0.0,0.0,0.0,0.04,0.04
37,3,3,2,True,0.42192548590469514,0.4738468545035399,0,qEHVI,0.32,0.24,0.4,0.0,0.0,0.0,0.0,0.0,0.0,0.0,0.0,0.04,0.0,0.0,0.0
37,3,3,2,True,0.42192548590469514,0.4738468545035399,1,qEHVI,0.36,0.24,0.3,0.02,0.0,0.0,0.0,0.0,0.04,0.0,0.0,0.02,0.0,0.0,0.02
37,3,3,2,True,0.42192548590469514,0.4738468545035399,2,qEHVI,0.54,0.3,0.06,0.0,0.0,0.0,0.0,0.0,0.04,0.0,0.0,0.04,0.0,0.0,0.02
37,3,3,2,True,0.42192548590469514,0.4738468545035399,3,qUCB,0.46,0.08,0.38,0.0,0.04,0.0,0.0,0.0,0.0,0.0,0.0,0.0,0.0,0.04,0.0
37,3,3,2,True,0.42192548590469514,0.4738468545035399,4,qUCB,0.8200000000000001,0.04,0.04,0.0,0.04,0.0,0.0,0.0,0.0,0.0,0.0,0.0,0.0,0.04,0.02
37,4,2,3,False,0.3737907934848199,0.43339071567896603,0,qEHVI,0.32,0.24,0.4,0.0,0.0,0.0,0.0,0.0,0.0,0.0,0.0,0.04,0.0,0.0,0.0
37,4,2,3,False,0.3737907934848199,0.43339071567896603,1,qEHVI,0.54,0.3,0.06,0.0,0.0,0.0,0.0,0.0,0.04,0.0,0.0,0.04,0.0,0.0,0.02
37,4,2,3,False,0.3737907934848199,0.43339071567896603,2,qUCB,0.42,0.08,0.4,0.04,0.0,0.0,0.0,0.0,0.02,0.0,0.0,0.0,0.0,0.04,0.0
37,4,2,3,False,0.3737907934848199,0.43339071567896603,3,qUCB,0.68,0.0,0.24,0.04,0.04,0.0,0.0,0.0,0.0,0.0,0.0,0.0,0.0,0.0,0.0
37,4,2,3,False,0.3737907934848199,0.43339071567896603,4,qUCB,0.4,0.08,0.42,0.02,0.0,0.0,0.0,0.0,0.0,0.0,0.0,0.0,0.0,0.04,0.04
37,5,1,4,False,0.24625277985038344,0.023694095300555773,0,qEHVI,0.32,0.24,0.4,0.0,0.0,0.0,0.0,0.0,0.0,0.0,0.0,0.04,0.0,0.0,0.0
37,5,1,4,False,0.24625277985038344,0.023694095300555773,1,qUCB,0.42,0.08,0.4,0.04,0.0,0.0,0.0,0.0,0.02,0.0,0.0,0.0,0.0,0.04,0.0
37,5,1,4,False,0.24625277985038344,0.023694095300555773,2,qUCB,0.86,0.0,0.04,0.0,0.04,0.0,0.0,0.0,0.04,0.0,0.0,0.0,0.0,0.0,0.02
37,5,1,4,False,0.24625277985038344,0.023694095300555773,3,qUCB,0.42,0.06,0.42,0.0,0.04,0.0,0.0,0.0,0.04,0.0,0.0,0.0,0.0,0.0,0.02
37,5,1,4,False,0.24625277985038344,0.023694095300555773,4,qUCB,0.68,0.0,0.24,0.04,0.04,0.0,0.0,0.0,0.0,0.0,0.0,0.0,0.0,0.0,0.0
37,6,0,5,False,0.28121850069196147,0.4837949191857136,0,qUCB,0.4,0.12,0.4,0.02,0.02,0.0,0.0,0.0,0.0,0.0,0.0,0.04,0.0,0.0,0.0
37,6,0,5,False,0.28121850069196147,0.4837949191857136,1,qUCB,0.68,0.0,0.24,0.0,0.0,0.0,0.0,0.0,0.0,0.0,0.0,0.04,0.0,0.0,0.04
37,6,0,5,False,0.28121850069196147,0.4837949191857136,2,qUCB,0.28,0.48,0.14,0.04,0.02,0.0,0.0,0.0,0.0,0.0,0.0,0.04,0.0,0.0,0.0
37,6,0,5,False,0.28121850069196147,0.4837949191857136,3,qUCB,0.72,0.0,0.18,0.0,0.0,0.0,0.0,0.0,0.0,0.0,0.0,0.04,0.0,0.02,0.04
37,6,0,5,False,0.28121850069196147,0.4837949191857136,4,qUCB,0.66,0.02,0.22,0.0,0.04,0.0,0.0,0.0,0.0,0.0,0.0,0.04,0.0,0.02,0.0
38,1,5,0,False,1.3263338825657383,0.041208091562612015,0,qEHVI,0.58,0.3,0.02,0.02,0.0,0.0,0.0,0.0,0.0,0.0,0.0,0.04,0.0,0.02,0.02
38,1,5,0,False,1.3263338825657383,0.041208091562612015,1,qEHVI,0.86,0.02,0.02,0.02,0.04,0.0,0.0,0.0,0.02,0.0,0.0,0.02,0.0,0.0,0.0
38,1,5,0,False,1.3263338825657383,0.041208091562612015,2,qEHVI,0.44,0.16,0.3,0.02,0.04,0.0,0.0,0.0,0.0,0.0,0.0,0.02,0.0,0.0,0.02
38,1,5,0,False,1.3263338825657383,0.041208091562612015,3,qEHVI,0.74,0.0,0.16,0.04,0.0,0.0,0.0,0.0,0.0,0.0,0.0,0.04,0.0,0.02,0.0
38,1,5,0,False,1.3263338825657383,0.041208091562612015,4,qEHVI,0.72,0.0,0.2,0.02,0.0,0.0,0.0,0.0,0.0,0.0,0.0,0.04,0.0,0.0,0.02
38,2,4,1,False,1.3180174135552565,0.0433891104869808,0,qEHVI,0.58,0.3,0.02,0.02,0.0,0.0,0.0,0.0,0.0,0.0,0.0,0.04,0.0,0.02,0.02
38,2,4,1,False,1.3180174135552565,0.0433891104869808,1,qEHVI,0.86,0.02,0.02,0.02,0.04,0.0,0.0,0.0,0.02,0.0,0.0,0.02,0.0,0.0,0.0
38,2,4,1,False,1.3180174135552565,0.0433891104869808,2,qEHVI,0.74,0.0,0.16,0.04,0.0,0.0,0.0,0.0,0.0,0.0,0.0,0.04,0.0,0.02,0.0
38,2,4,1,False,1.3180174135552565,0.0433891104869808,3,qEHVI,0.44,0.16,0.3,0.02,0.04,0.0,0.0,0.0,0.0,0.0,0.0,0.02,0.0,0.0,0.02
38,2,4,1,False,1.3180174135552565,0.0433891104869808,4,qUCB,0.3,0.2,0.4,0.02,0.0,0.0,0.0,0.0,0.04,0.0,0.0,0.0,0.0,0.04,0.0
38,3,3,2,False,1.2641243851976278,0.1328761396652256,0,qEHVI,0.58,0.3,0.02,0.02,0.0,0.0,0.0,0.0,0.0,0.0,0.0,0.04,0.0,0.02,0.02
38,3,3,2,False,1.2641243851976278,0.1328761396652256,1,qEHVI,0.86,0.02,0.02,0.02,0.04,0.0,0.0,0.0,0.02,0.0,0.0,0.02,0.0,0.0,0.0
38,3,3,2,False,1.2641243851976278,0.1328761396652256,2,qEHVI,0.74,0.0,0.16,0.04,0.0,0.0,0.0,0.0,0.0,0.0,0.0,0.04,0.0,0.02,0.0
38,3,3,2,False,1.2641243851976278,0.1328761396652256,3,qUCB,0.3,0.2,0.4,0.02,0.0,0.0,0.0,0.0,0.04,0.0,0.0,0.0,0.0,0.04,0.0
38,3,3,2,False,1.2641243851976278,0.1328761396652256,4,qUCB,0.14,0.0,0.8200000000000001,0.0,0.0,0.0,0.0,0.0,0.04,0.0,0.0,0.0,0.0,0.0,0.0
38,4,2,3,True,1.0288055927553594,0.3849863847362456,0,qEHVI,0.58,0.3,0.02,0.02,0.0,0.0,0.0,0.0,0.0,0.0,0.0,0.04,0.0,0.02,0.02
38,4,2,3,True,1.0288055927553594,0.3849863847362456,1,qEHVI,0.86,0.02,0.02,0.02,0.04,0.0,0.0,0.0,0.02,0.0,0.0,0.02,0.0,0.0,0.0
38,4,2,3,True,1.0288055927553594,0.3849863847362456,2,qUCB,0.3,0.2,0.4,0.02,0.0,0.0,0.0,0.0,0.04,0.0,0.0,0.0,0.0,0.04,0.0
38,4,2,3,True,1.0288055927553594,0.3849863847362456,3,qUCB,0.14,0.0,0.8200000000000001,0.0,0.0,0.0,0.0,0.0,0.04,0.0,0.0,0.0,0.0,0.0,0.0
38,4,2,3,True,1.0288055927553594,0.3849863847362456,4,qUCB,0.06,0.02,0.84,0.04,0.0,0.0,0.0,0.0,0.0,0.0,0.0,0.0,0.0,0.0,0.04
38,5,1,4,False,0.7434408988268224,0.02765336174893207,0,qEHVI,0.58,0.3,0.02,0.02,0.0,0.0,0.0,0.0,0.0,0.0,0.0,0.04,0.0,0.02,0.02
38,5,1,4,False,0.7434408988268224,0.02765336174893207,1,qUCB,0.5,0.04,0.38,0.0,0.04,0.0,0.0,0.0,0.04,0.0,0.0,0.0,0.0,0.0,0.0
38,5,1,4,False,0.7434408988268224,0.02765336174893207,2,qUCB,0.04,0.04,0.84,0.04,0.04,0.0,0.0,0.0,0.0,0.0,0.0,0.0,0.0,0.0,0.0
38,5,1,4,False,0.7434408988268224,0.02765336174893207,3,qUCB,0.14,0.0,0.8200000000000001,0.0,0.0,0.0,0.0,0.0,0.04,0.0,0.0,0.0,0.0,0.0,0.0
38,5,1,4,False,0.7434408988268224,0.02765336174893207,4,qUCB,0.02,0.84,0.06,0.04,0.04,0.0,0.0,0.0,0.0,0.0,0.0,0.0,0.0,0.0,0.0
38,6,0,5,False,0.9550057779058556,0.03505227068800032,0,qUCB,0.74,0.0,0.16,0.04,0.0,0.0,0.0,0.0,0.0,0.0,0.0,0.04,0.0,0.02,0.0
38,6,0,5,False,0.9550057779058556,0.03505227068800032,1,qUCB,0.86,0.02,0.02,0.02,0.04,0.0,0.0,0.0,0.02,0.0,0.0,0.02,0.0,0.0,0.0
38,6,0,5,False,0.9550057779058556,0.03505227068800032,2,qUCB,0.06,0.0,0.84,0.04,0.0,0.0,0.0,0.0,0.0,0.0,0.0,0.04,0.0,0.0,0.02
38,6,0,5,False,0.9550057779058556,0.03505227068800032,3,qUCB,0.0,0.84,0.06,0.04,0.02,0.0,0.0,0.0,0.0,0.0,0.0,0.04,0.0,0.0,0.0
38,6,0,5,False,0.9550057779058556,0.03505227068800032,4,qUCB,0.0,0.48,0.46,0.04,0.0,0.0,0.0,0.0,0.0,0.0,0.0,0.02,0.0,0.0,0.0
39,1,5,0,False,1.9993545243702986,0.10837999712377488,0,qEHVI,0.7000000000000001,0.2,0.0,0.02,0.04,0.0,0.0,0.0,0.02,0.0,0.0,0.0,0.0,0.02,0.0
39,1,5,0,False,1.9993545243702986,0.10837999712377488,1,qEHVI,0.72,0.0,0.18,0.04,0.0,0.0,0.0,0.0,0.02,0.0,0.0,0.04,0.0,0.0,0.0
39,1,5,0,False,1.9993545243702986,0.10837999712377488,2,qEHVI,0.7000000000000001,0.18,0.02,0.02,0.02,0.0,0.0,0.0,0.0,0.0,0.0,0.0,0.0,0.04,0.02
39,1,5,0,False,1.9993545243702986,0.10837999712377488,3,qEHVI,0.0,0.26,0.7000000000000001,0.0,0.0,0.0,0.0,0.0,0.02,0.0,0.0,0.0,0.0,0.0,0.02
39,1,5,0,False,1.9993545243702986,0.10837999712377488,4,qEHVI,0.52,0.2,0.22,0.02,0.0,0.0,0.0,0.0,0.0,0.0,0.0,0.02,0.0,0.02,0.0
39,2,4,1,True,1.8642126856010193,0.11600908809510546,0,qEHVI,0.7000000000000001,0.2,0.0,0.02,0.04,0.0,0.0,0.0,0.02,0.0,0.0,0.0,0.0,0.02,0.0
39,2,4,1,True,1.8642126856010193,0.11600908809510546,1,qEHVI,0.72,0.0,0.18,0.04,0.0,0.0,0.0,0.0,0.02,0.0,0.0,0.04,0.0,0.0,0.0
39,2,4,1,True,1.8642126856010193,0.11600908809510546,2,qEHVI,0.68,0.0,0.22,0.04,0.0,0.0,0.0,0.0,0.0,0.0,0.0,0.02,0.0,0.02,0.02
39,2,4,1,True,1.8642126856010193,0.11600908809510546,3,qEHVI,0.7000000000000001,0.18,0.02,0.02,0.02,0.0,0.0,0.0,0.0,0.0,0.0,0.0,0.0,0.04,0.02
39,2,4,1,True,1.8642126856010193,0.11600908809510546,4,qUCB,0.34,0.34,0.22,0.02,0.0,0.0,0.0,0.0,0.04,0.0,0.0,0.0,0.0,0.0,0.04
39,3,3,2,False,1.8411922559337692,0.38926469885047243,0,qEHVI,0.7000000000000001,0.2,0.0,0.02,0.04,0.0,0.0,0.0,0.02,0.0,0.0,0.0,0.0,0.02,0.0
39,3,3,2,False,1.8411922559337692,0.38926469885047243,1,qEHVI,0.72,0.0,0.18,0.04,0.0,0.0,0.0,0.0,0.02,0.0,0.0,0.04,0.0,0.0,0.0
39,3,3,2,False,1.8411922559337692,0.38926469885047243,2,qEHVI,0.7000000000000001,0.18,0.02,0.02,0.02,0.0,0.0,0.0,0.0,0.0,0.0,0.0,0.0,0.04,0.02
39,3,3,2,False,1.8411922559337692,0.38926469885047243,3,qUCB,0.34,0.34,0.22,0.02,0.0,0.0,0.0,0.0,0.04,0.0,0.0,0.0,0.0,0.0,0.04
39,3,3,2,False,1.8411922559337692,0.38926469885047243,4,qUCB,0.0,0.46,0.44,0.04,0.0,0.0,0.0,0.0,0.02,0.0,0.0,0.0,0.0,0.0,0.04
39,4,2,3,False,1.6384202799238983,0.5452463686639994,0,qEHVI,0.7000000000000001,0.2,0.0,0.02,0.04,0.0,0.0,0.0,0.02,0.0,0.0,0.0,0.0,0.02,0.0
39,4,2,3,False,1.6384202799238983,0.5452463686639994,1,qEHVI,0.72,0.0,0.18,0.04,0.0,0.0,0.0,0.0,0.02,0.0,0.0,0.04,0.0,0.0,0.0
39,4,2,3,False,1.6384202799238983,0.5452463686639994,2,qUCB,0.34,0.14,0.42,0.04,0.0,0.0,0.0,0.0,0.0,0.0,0.0,0.0,0.0,0.02,0.04
39,4,2,3,False,1.6384202799238983,0.5452463686639994,3,qUCB,0.0,0.46,0.44,0.04,0.0,0.0,0.0,0.0,0.02,0.0,0.0,0.0,0.0,0.0,0.04
39,4,2,3,False,1.6384202799238983,0.5452463686639994,4,qUCB,0.76,0.02,0.16,0.02,0.0,0.0,0.0,0.0,0.0,0.0,0.0,0.0,0.0,0.0,0.04
39,5,1,4,False,1.6962703072560072,0.05582877735738023,0,qEHVI,0.7000000000000001,0.2,0.0,0.02,0.04,0.0,0.0,0.0,0.02,0.0,0.0,0.0,0.0,0.02,0.0
39,5,1,4,False,1.6962703072560072,0.05582877735738023,1,qUCB,0.4,0.08,0.42,0.02,0.0,0.0,0.0,0.0,0.0,0.0,0.0,0.04,0.0,0.0,0.04
39,5,1,4,False,1.6962703072560072,0.05582877735738023,2,qUCB,0.72,0.0,0.18,0.04,0.0,0.0,0.0,0.0,0.02,0.0,0.0,0.04,0.0,0.0,0.0
39,5,1,4,False,1.6962703072560072,0.05582877735738023,3,qUCB,0.0,0.46,0.44,0.04,0.0,0.0,0.0,0.0,0.02,0.0,0.0,0.0,0.0,0.0,0.04
39,5,1,4,False,1.6962703072560072,0.05582877735738023,4,qUCB,0.02,0.84,0.06,0.04,0.0,0.0,0.0,0.0,0.0,0.0,0.0,0.02,0.0,0.0,0.02
39,6,0,5,False,1.5704265535138042,0.0012872521187770047,0,qUCB,0.72,0.0,0.18,0.04,0.0,0.0,0.0,0.0,0.02,0.0,0.0,0.04,0.0,0.0,0.0
39,6,0,5,False,1.5704265535138042,0.0012872521187770047,1,qUCB,0.52,0.2,0.22,0.02,0.0,0.0,0.0,0.0,0.0,0.0,0.0,0.02,0.0,0.02,0.0
39,6,0,5,False,1.5704265535138042,0.0012872521187770047,2,qUCB,0.0,0.46,0.44,0.04,0.0,0.0,0.0,0.0,0.02,0.0,0.0,0.0,0.0,0.0,0.04
39,6,0,5,False,1.5704265535138042,0.0012872521187770047,3,qUCB,0.7000000000000001,0.0,0.2,0.02,0.04,0.0,0.0,0.0,0.0,0.0,0.0,0.02,0.0,0.0,0.02
39,6,0,5,False,1.5704265535138042,0.0012872521187770047,4,qUCB,0.74,0.0,0.16,0.04,0.04,0.0,0.0,0.0,0.0,0.0,0.0,0.0,0.0,0.0,0.02
40,1,5,0,False,1.25191088823066,0.018985637624790275,0,qEHVI,0.0,0.3,0.66,0.02,0.02,0.0,0.0,0.0,0.0,0.0,0.0,0.0,0.0,0.0,0.0
40,1,5,0,False,1.25191088823066,0.018985637624790275,1,qEHVI,0.66,0.2,0.04,0.02,0.04,0.0,0.0,0.0,0.0,0.0,0.0,0.04,0.0,0.0,0.0
40,1,5,0,False,1.25191088823066,0.018985637624790275,2,qEHVI,0.0,0.28,0.7000000000000001,0.0,0.0,0.0,0.0,0.0,0.0,0.0,0.0,0.0,0.0,0.02,0.0
40,1,5,0,False,1.25191088823066,0.018985637624790275,3,qEHVI,0.42,0.18,0.3,0.02,0.04,0.0,0.0,0.0,0.0,0.0,0.0,0.02,0.0,0.02,0.0
40,1,5,0,False,1.25191088823066,0.018985637624790275,4,qEHVI,0.46,0.3,0.14,0.04,0.02,0.0,0.0,0.0,0.0,0.0,0.0,0.04,0.0,0.0,0.0
40,2,4,1,False,0.9917614217831379,0.05676373372687227,0,qEHVI,0.0,0.3,0.66,0.02,0.02,0.0,0.0,0.0,0.0,0.0,0.0,0.0,0.0,0.0,0.0
40,2,4,1,False,0.9917614217831379,0.05676373372687227,1,qEHVI,0.66,0.2,0.04,0.02,0.04,0.0,0.0,0.0,0.0,0.0,0.0,0.04,0.0,0.0,0.0
40,2,4,1,False,0.9917614217831379,0.05676373372687227,2,qEHVI,0.0,0.28,0.7000000000000001,0.0,0.0,0.0,0.0,0.0,0.0,0.0,0.0,0.0,0.0,0.02,0.0
40,2,4,1,False,0.9917614217831379,0.05676373372687227,3,qEHVI,0.42,0.18,0.3,0.02,0.04,0.0,0.0,0.0,0.0,0.0,0.0,0.02,0.0,0.02,0.0
40,2,4,1,False,0.9917614217831379,0.05676373372687227,4,qUCB,0.46,0.34,0.1,0.0,0.0,0.0,0.0,0.0,0.04,0.0,0.0,0.02,0.0,0.0,0.04
40,3,3,2,False,0.890791522226964,0.017648281125278942,0,qEHVI,0.0,0.3,0.66,0.02,0.02,0.0,0.0,0.0,0.0,0.0,0.0,0.0,0.0,0.0,0.0
40,3,3,2,False,0.890791522226964,0.017648281125278942,1,qEHVI,0.0,0.28,0.7000000000000001,0.0,0.0,0.0,0.0,0.0,0.0,0.0,0.0,0.0,0.0,0.02,0.0
40,3,3,2,False,0.890791522226964,0.017648281125278942,2,qEHVI,0.66,0.2,0.04,0.02,0.04,0.0,0.0,0.0,0.0,0.0,0.0,0.04,0.0,0.0,0.0
40,3,3,2,False,0.890791522226964,0.017648281125278942,3,qUCB,0.84,0.02,0.04,0.02,0.0,0.0,0.0,0.0,0.0,0.0,0.0,0.0,0.0,0.04,0.04
40,3,3,2,False,0.890791522226964,0.017648281125278942,4,qUCB,0.0,0.86,0.06,0.04,0.0,0.0,0.0,0.0,0.0,0.0,0.0,0.0,0.0,0.04,0.0
40,4,2,3,True,0.89083867191518,0.031185077591123544,0,qEHVI,0.0,0.3,0.66,0.02,0.02,0.0,0.0,0.0,0.0,0.0,0.0,0.0,0.0,0.0,0.0
40,4,2,3,True,0.89083867191518,0.031185077591123544,1,qEHVI,0.0,0.28,0.7000000000000001,0.0,0.0,0.0,0.0,0.0,0.0,0.0,0.0,0.0,0.0,0.02,0.0
40,4,2,3,True,0.89083867191518,0.031185077591123544,2,qUCB,0.8200000000000001,0.02,0.06,0.0,0.02,0.0,0.0,0.0,0.0,0.0,0.0,0.04,0.0,0.0,0.04
40,4,2,3,True,0.89083867191518,0.031185077591123544,3,qUCB,0.0,0.86,0.06,0.04,0.0,0.0,0.0,0.0,0.0,0.0,0.0,0.0,0.0,0.04,0.0
40,4,2,3,True,0.89083867191518,0.031185077591123544,4,qUCB,0.64,0.04,0.22,0.02,0.0,0.0,0.0,0.0,0.04,0.0,0.0,0.04,0.0,0.0,0.0
40,5,1,4,False,0.6661250440336155,0.089892682591036,0,qEHVI,0.0,0.3,0.66,0.02,0.02,0.0,0.0,0.0,0.0,0.0,0.0,0.0,0.0,0.0,0.0
40,5,1,4,False,0.6661250440336155,0.089892682591036,1,qUCB,0.8200000000000001,0.02,0.06,0.0,0.02,0.0,0.0,0.0,0.0,0.0,0.0,0.04,0.0,0.0,0.04
40,5,1,4,False,0.6661250440336155,0.089892682591036,2,qUCB,0.0,0.86,0.06,0.04,0.0,0.0,0.0,0.0,0.0,0.0,0.0,0.0,0.0,0.04,0.0
40,5,1,4,False,0.6661250440336155,0.089892682591036,3,qUCB,0.78,0.0,0.12,0.0,0.0,0.0,0.0,0.0,0.0,0.0,0.0,0.04,0.0,0.04,0.02
40,5,1,4,False,0.6661250440336155,0.089892682591036,4,qUCB,0.64,0.04,0.22,0.02,0.0,0.0,0.0,0.0,0.04,0.0,0.0,0.04,0.0,0.0,0.0
40,6,0,5,False,0.6274236964469677,0.02601394832340098,0,qUCB,0.86,0.0,0.04,0.02,0.02,0.0,0.0,0.0,0.0,0.0,0.0,0.04,0.0,0.02,0.0
40,6,0,5,False,0.6274236964469677,0.02601394832340098,1,qUCB,0.0,0.88,0.06,0.04,0.0,0.0,0.0,0.0,0.0,0.0,0.0,0.0,0.0,0.0,0.02
40,6,0,5,False,0.6274236964469677,0.02601394832340098,2,qUCB,0.04,0.42,0.44,0.04,0.0,0.0,0.0,0.0,0.0,0.0,0.0,0.04,0.0,0.0,0.02
40,6,0,5,False,0.6274236964469677,0.02601394832340098,3,qUCB,0.16,0.0,0.74,0.04,0.02,0.0,0.0,0.0,0.0,0.0,0.0,0.0,0.0,0.04,0.0
40,6,0,5,False,0.6274236964469677,0.02601394832340098,4,qUCB,0.0,0.54,0.4,0.0,0.0,0.0,0.0,0.0,0.0,0.0,0.0,0.02,0.0,0.04,0.0
41,1,5,0,False,1.1238653532983087,0.26988476194814304,0,qEHVI,0.46,0.32,0.12,0.04,0.02,0.0,0.0,0.0,0.0,0.0,0.0,0.04,0.0,0.0,0.0
41,1,5,0,False,1.1238653532983087,0.26988476194814304,1,qEHVI,0.0,0.36,0.64,0.0,0.0,0.0,0.0,0.0,0.0,0.0,0.0,0.0,0.0,0.0,0.0
41,1,5,0,False,1.1238653532983087,0.26988476194814304,2,qEHVI,0.4,0.2,0.3,0.02,0.04,0.0,0.0,0.0,0.02,0.0,0.0,0.0,0.0,0.02,0.0
41,1,5,0,False,1.1238653532983087,0.26988476194814304,3,qEHVI,0.38,0.12,0.4,0.02,0.04,0.0,0.0,0.0,0.0,0.0,0.0,0.04,0.0,0.0,0.0
41,1,5,0,False,1.1238653532983087,0.26988476194814304,4,qEHVI,0.7000000000000001,0.18,0.02,0.02,0.02,0.0,0.0,0.0,0.0,0.0,0.0,0.04,0.0,0.02,0.0
41,2,4,1,False,0.9716308748646385,0.027316935250609298,0,qEHVI,0.46,0.32,0.12,0.04,0.02,0.0,0.0,0.0,0.0,0.0,0.0,0.04,0.0,0.0,0.0
41,2,4,1,False,0.9716308748646385,0.027316935250609298,1,qEHVI,0.0,0.36,0.64,0.0,0.0,0.0,0.0,0.0,0.0,0.0,0.0,0.0,0.0,0.0,0.0
41,2,4,1,False,0.9716308748646385,0.027316935250609298,2,qEHVI,0.4,0.2,0.3,0.02,0.04,0.0,0.0,0.0,0.02,0.0,0.0,0.0,0.0,0.02,0.0
41,2,4,1,False,0.9716308748646385,0.027316935250609298,3,qEHVI,0.38,0.12,0.4,0.02,0.04,0.0,0.0,0.0,0.0,0.0,0.0,0.04,0.0,0.0,0.0
41,2,4,1,False,0.9716308748646385,0.027316935250609298,4,qUCB,0.86,0.02,0.04,0.0,0.0,0.0,0.0,0.0,0.0,0.0,0.0,0.0,0.0,0.04,0.04
41,3,3,2,True,0.854010278117226,0.23506914876802965,0,qEHVI,0.46,0.32,0.12,0.04,0.02,0.0,0.0,0.0,0.0,0.0,0.0,0.04,0.0,0.0,0.0
41,3,3,2,True,0.854010278117226,0.23506914876802965,1,qEHVI,0.0,0.36,0.64,0.0,0.0,0.0,0.0,0.0,0.0,0.0,0.0,0.0,0.0,0.0,0.0
41,3,3,2,True,0.854010278117226,0.23506914876802965,2,qEHVI,0.4,0.2,0.3,0.02,0.04,0.0,0.0,0.0,0.02,0.0,0.0,0.0,0.0,0.02,0.0
41,3,3,2,True,0.854010278117226,0.23506914876802965,3,qUCB,0.86,0.02,0.04,0.0,0.0,0.0,0.0,0.0,0.0,0.0,0.0,0.0,0.0,0.04,0.04
41,3,3,2,True,0.854010278117226,0.23506914876802965,4,qUCB,0.0,0.5,0.44,0.04,0.0,0.0,0.0,0.0,0.0,0.0,0.0,0.0,0.0,0.0,0.02
41,4,2,3,False,0.7298649411227178,0.1748658257880944,0,qEHVI,0.46,0.32,0.12,0.04,0.02,0.0,0.0,0.0,0.0,0.0,0.0,0.04,0.0,0.0,0.0
41,4,2,3,False,0.7298649411227178,0.1748658257880944,1,qEHVI,0.0,0.36,0.64,0.0,0.0,0.0,0.0,0.0,0.0,0.0,0.0,0.0,0.0,0.0,0.0
41,4,2,3,False,0.7298649411227178,0.1748658257880944,2,qUCB,0.86,0.02,0.04,0.0,0.0,0.0,0.0,0.0,0.0,0.0,0.0,0.0,0.0,0.04,0.04
41,4,2,3,False,0.7298649411227178,0.1748658257880944,3,qUCB,0.0,0.44,0.46,0.04,0.04,0.0,0.0,0.0,0.0,0.0,0.0,0.0,0.0,0.0,0.02
41,4,2,3,False,0.7298649411227178,0.1748658257880944,4,qUCB,0.0,0.34,0.56,0.0,0.0,0.0,0.0,0.0,0.0,0.0,0.0,0.04,0.0,0.04,0.02
41,5,1,4,False,0.496744115553188,0.07855568097398091,0,qEHVI,0.46,0.32,0.12,0.04,0.02,0.0,0.0,0.0,0.0,0.0,0.0,0.04,0.0,0.0,0.0
41,5,1,4,False,0.496744115553188,0.07855568097398091,1,qUCB,0.36,0.16,0.38,0.0,0.02,0.0,0.0,0.0,0.04,0.0,0.0,0.0,0.0,0.0,0.04
41,5,1,4,False,0.496744115553188,0.07855568097398091,2,qUCB,0.0,0.5,0.4,0.0,0.0,0.0,0.0,0.0,0.04,0.0,0.0,0.0,0.0,0.02,0.04
41,5,1,4,False,0.496744115553188,0.07855568097398091,3,qUCB,0.0,0.5,0.44,0.04,0.0,0.0,0.0,0.0,0.0,0.0,0.0,0.0,0.0,0.0,0.02
41,5,1,4,False,0.496744115553188,0.07855568097398091,4,qUCB,0.04,0.0,0.9400000000000001,0.0,0.0,0.0,0.0,0.0,0.0,0.0,0.0,0.0,0.0,0.02,0.0
41,6,0,5,False,0.5766502648832963,0.011987489330774537,0,qUCB,0.46,0.32,0.12,0.04,0.02,0.0,0.0,0.0,0.0,0.0,0.0,0.04,0.0,0.0,0.0
41,6,0,5,False,0.5766502648832963,0.011987489330774537,1,qUCB,0.0,0.5,0.44,0.04,0.0,0.0,0.0,0.0,0.0,0.0,0.0,0.0,0.0,0.0,0.02
41,6,0,5,False,0.5766502648832963,0.011987489330774537,2,qUCB,0.0,0.56,0.4,0.0,0.0,0.0,0.0,0.0,0.02,0.0,0.0,0.0,0.0,0.0,0.02
41,6,0,5,False,0.5766502648832963,0.011987489330774537,3,qUCB,0.26,0.38,0.26,0.04,0.0,0.0,0.0,0.0,0.0,0.0,0.0,0.04,0.0,0.02,0.0
41,6,0,5,False,0.5766502648832963,0.011987489330774537,4,qUCB,0.12,0.04,0.74,0.04,0.02,0.0,0.0,0.0,0.0,0.0,0.0,0.04,0.0,0.0,0.0
42,1,5,0,True,1.0945609912294418,0.023216130693315185,0,qEHVI,0.22,0.32,0.42,0.04,0.0,0.0,0.0,0.0,0.0,0.0,0.0,0.0,0.0,0.0,0.0
42,1,5,0,True,1.0945609912294418,0.023216130693315185,1,qEHVI,0.08,0.36,0.46,0.04,0.0,0.0,0.0,0.0,0.0,0.0,0.0,0.04,0.0,0.0,0.02
42,1,5,0,True,1.0945609912294418,0.023216130693315185,2,qEHVI,0.38,0.22,0.3,0.04,0.0,0.0,0.0,0.0,0.0,0.0,0.0,0.04,0.0,0.0,0.02
42,1,5,0,True,1.0945609912294418,0.023216130693315185,3,qEHVI,0.02,0.28,0.6,0.04,0.0,0.0,0.0,0.0,0.02,0.0,0.0,0.04,0.0,0.0,0.0
42,1,5,0,True,1.0945609912294418,0.023216130693315185,4,qEHVI,0.5,0.0,0.44,0.02,0.0,0.0,0.0,0.0,0.0,0.0,0.0,0.04,0.0,0.0,0.0
42,2,4,1,False,0.9365024230112798,0.005512692183185841,0,qEHVI,0.22,0.32,0.42,0.04,0.0,0.0,0.0,0.0,0.0,0.0,0.0,0.0,0.0,0.0,0.0
42,2,4,1,False,0.9365024230112798,0.005512692183185841,1,qEHVI,0.08,0.36,0.46,0.04,0.0,0.0,0.0,0.0,0.0,0.0,0.0,0.04,0.0,0.0,0.02
42,2,4,1,False,0.9365024230112798,0.005512692183185841,2,qEHVI,0.38,0.22,0.3,0.04,0.0,0.0,0.0,0.0,0.0,0.0,0.0,0.04,0.0,0.0,0.02
42,2,4,1,False,0.9365024230112798,0.005512692183185841,3,qEHVI,0.5,0.0,0.44,0.02,0.0,0.0,0.0,0.0,0.0,0.0,0.0,0.04,0.0,0.0,0.0
42,2,4,1,False,0.9365024230112798,0.005512692183185841,4,qUCB,0.44,0.08,0.38,0.0,0.02,0.0,0.0,0.0,0.04,0.0,0.0,0.0,0.0,0.04,0.0
42,3,3,2,False,0.8605857234583241,0.28550941462471346,0,qEHVI,0.22,0.32,0.42,0.04,0.0,0.0,0.0,0.0,0.0,0.0,0.0,0.0,0.0,0.0,0.0
42,3,3,2,False,0.8605857234583241,0.28550941462471346,1,qEHVI,0.08,0.36,0.46,0.04,0.0,0.0,0.0,0.0,0.0,0.0,0.0,0.04,0.0,0.0,0.02
42,3,3,2,False,0.8605857234583241,0.28550941462471346,2,qEHVI,0.38,0.22,0.3,0.04,0.0,0.0,0.0,0.0,0.0,0.0,0.0,0.04,0.0,0.0,0.02
42,3,3,2,False,0.8605857234583241,0.28550941462471346,3,qUCB,0.38,0.14,0.38,0.0,0.04,0.0,0.0,0.0,0.0,0.0,0.0,0.02,0.0,0.04,0.0
42,3,3,2,False,0.8605857234583241,0.28550941462471346,4,qUCB,0.02,0.5,0.4,0.0,0.04,0.0,0.0,0.0,0.04,0.0,0.0,0.0,0.0,0.0,0.0
42,4,2,3,False,0.7519000883648285,0.06642565131139921,0,qEHVI,0.22,0.32,0.42,0.04,0.0,0.0,0.0,0.0,0.0,0.0,0.0,0.0,0.0,0.0,0.0
42,4,2,3,False,0.7519000883648285,0.06642565131139921,1,qEHVI,0.08,0.36,0.46,0.04,0.0,0.0,0.0,0.0,0.0,0.0,0.0,0.04,0.0,0.0,0.02
42,4,2,3,False,0.7519000883648285,0.06642565131139921,2,qUCB,0.38,0.14,0.38,0.0,0.04,0.0,0.0,0.0,0.0,0.0,0.0,0.02,0.0,0.04,0.0
42,4,2,3,False,0.7519000883648285,0.06642565131139921,3,qUCB,0.0,0.5,0.4,0.0,0.02,0.0,0.0,0.0,0.02,0.0,0.0,0.02,0.0,0.04,0.0
42,4,2,3,False,0.7519000883648285,0.06642565131139921,4,qUCB,0.74,0.0,0.16,0.0,0.0,0.0,0.0,0.0,0.04,0.0,0.0,0.02,0.0,0.04,0.0
42,5,1,4,False,0.5125315544438741,0.07569607829920699,0,qEHVI,0.22,0.32,0.42,0.04,0.0,0.0,0.0,0.0,0.0,0.0,0.0,0.0,0.0,0.0,0.0
42,5,1,4,False,0.5125315544438741,0.07569607829920699,1,qUCB,0.46,0.08,0.36,0.0,0.02,0.0,0.0,0.0,0.04,0.0,0.0,0.04,0.0,0.0,0.0
42,5,1,4,False,0.5125315544438741,0.07569607829920699,2,qUCB,0.64,0.22,0.04,0.0,0.04,0.0,0.0,0.0,0.0,0.0,0.0,0.04,0.0,0.0,0.02
42,5,1,4,False,0.5125315544438741,0.07569607829920699,3,qUCB,0.0,0.48,0.42,0.0,0.0,0.0,0.0,0.0,0.04,0.0,0.0,0.04,0.0,0.0,0.02
42,5,1,4,False,0.5125315544438741,0.07569607829920699,4,qUCB,0.74,0.0,0.18,0.0,0.0,0.0,0.0,0.0,0.02,0.0,0.0,0.04,0.0,0.0,0.02
42,6,0,5,False,0.5590024250074797,0.318397225668245,0,qUCB,0.4,0.1,0.42,0.04,0.0,0.0,0.0,0.0,0.0,0.0,0.0,0.04,0.0,0.0,0.0
42,6,0,5,False,0.5590024250074797,0.318397225668245,1,qUCB,0.36,0.44,0.1,0.02,0.0,0.0,0.0,0.0,0.0,0.0,0.0,0.04,0.0,0.02,0.02
42,6,0,5,False,0.5590024250074797,0.318397225668245,2,qUCB,0.0,0.54,0.4,0.0,0.02,0.0,0.0,0.0,0.0,0.0,0.0,0.0,0.0,0.02,0.02
42,6,0,5,False,0.5590024250074797,0.318397225668245,3,qUCB,0.0,0.42,0.48,0.04,0.0,0.0,0.0,0.0,0.02,0.0,0.0,0.04,0.0,0.0,0.0
42,6,0,5,False,0.5590024250074797,0.318397225668245,4,qUCB,0.74,0.0,0.18,0.02,0.0,0.0,0.0,0.0,0.02,0.0,0.0,0.04,0.0,0.0,0.0
43,1,5,0,False,2.2988380798897126,0.008647080919040873,0,qEHVI,0.0,0.54,0.42,0.0,0.0,0.0,0.0,0.0,0.0,0.0,0.0,0.02,0.0,0.0,0.02
43,1,5,0,False,2.2988380798897126,0.008647080919040873,1,qEHVI,0.0,0.54,0.44,0.0,0.0,0.0,0.0,0.0,0.0,0.0,0.0,0.0,0.0,0.02,0.0
43,1,5,0,False,2.2988380798897126,0.008647080919040873,2,qEHVI,0.38,0.12,0.4,0.04,0.02,0.0,0.0,0.0,0.0,0.0,0.0,0.0,0.0,0.0,0.04
43,1,5,0,False,2.2988380798897126,0.008647080919040873,3,qEHVI,0.42,0.12,0.36,0.04,0.0,0.0,0.0,0.0,0.02,0.0,0.0,0.04,0.0,0.0,0.0
43,1,5,0,False,2.2988380798897126,0.008647080919040873,4,qEHVI,0.02,0.58,0.38,0.0,0.0,0.0,0.0,0.0,0.0,0.0,0.0,0.02,0.0,0.0,0.0
43,2,4,1,False,1.9475534453580712,0.035334120982474126,0,qEHVI,0.0,0.54,0.42,0.0,0.0,0.0,0.0,0.0,0.0,0.0,0.0,0.02,0.0,0.0,0.02
43,2,4,1,False,1.9475534453580712,0.035334120982474126,1,qEHVI,0.38,0.12,0.4,0.04,0.02,0.0,0.0,0.0,0.0,0.0,0.0,0.0,0.0,0.0,0.04
43,2,4,1,False,1.9475534453580712,0.035334120982474126,2,qEHVI,0.0,0.54,0.44,0.0,0.0,0.0,0.0,0.0,0.0,0.0,0.0,0.0,0.0,0.02,0.0
43,2,4,1,False,1.9475534453580712,0.035334120982474126,3,qEHVI,0.42,0.12,0.36,0.04,0.0,0.0,0.0,0.0,0.02,0.0,0.0,0.04,0.0,0.0,0.0
43,2,4,1,False,1.9475534453580712,0.035334120982474126,4,qUCB,0.4,0.38,0.12,0.02,0.04,0.0,0.0,0.0,0.04,0.0,0.0,0.0,0.0,0.0,0.0
43,3,3,2,True,1.8668498438058125,0.2524305476862798,0,qEHVI,0.0,0.54,0.42,0.0,0.0,0.0,0.0,0.0,0.0,0.0,0.0,0.02,0.0,0.0,0.02
43,3,3,2,True,1.8668498438058125,0.2524305476862798,1,qEHVI,0.38,0.12,0.4,0.04,0.02,0.0,0.0,0.0,0.0,0.0,0.0,0.0,0.0,0.0,0.04
43,3,3,2,True,1.8668498438058125,0.2524305476862798,2,qEHVI,0.0,0.54,0.44,0.0,0.0,0.0,0.0,0.0,0.0,0.0,0.0,0.0,0.0,0.02,0.0
43,3,3,2,True,1.8668498438058125,0.2524305476862798,3,qUCB,0.42,0.08,0.4,0.04,0.0,0.0,0.0,0.0,0.04,0.0,0.0,0.02,0.0,0.0,0.0
43,3,3,2,True,1.8668498438058125,0.2524305476862798,4,qUCB,0.0,0.5,0.4,0.0,0.04,0.0,0.0,0.0,0.04,0.0,0.0,0.02,0.0,0.0,0.0
43,4,2,3,False,1.7716516918409078,0.00510352205206166,0,qEHVI,0.0,0.54,0.42,0.0,0.0,0.0,0.0,0.0,0.0,0.0,0.0,0.02,0.0,0.0,0.02
43,4,2,3,False,1.7716516918409078,0.00510352205206166,1,qEHVI,0.0,0.54,0.44,0.0,0.0,0.0,0.0,0.0,0.0,0.0,0.0,0.0,0.0,0.02,0.0
43,4,2,3,False,1.7716516918409078,0.00510352205206166,2,qUCB,0.42,0.08,0.4,0.04,0.0,0.0,0.0,0.0,0.04,0.0,0.0,0.02,0.0,0.0,0.0
43,4,2,3,False,1.7716516918409078,0.00510352205206166,3,qUCB,0.0,0.5,0.4,0.0,0.04,0.0,0.0,0.0,0.04,0.0,0.0,0.02,0.0,0.0,0.0
43,4,2,3,False,1.7716516918409078,0.00510352205206166,4,qUCB,0.84,0.06,0.0,0.04,0.02,0.0,0.0,0.0,0.0,0.0,0.0,0.0,0.0,0.02,0.02
43,5,1,4,False,1.2273153570995374,0.008946022870683024,0,qEHVI,0.0,0.54,0.42,0.0,0.0,0.0,0.0,0.0,0.0,0.0,0.0,0.02,0.0,0.0,0.02
43,5,1,4,False,1.2273153570995374,0.008946022870683024,1,qUCB,0.68,0.02,0.2,0.02,0.04,0.0,0.0,0.0,0.0,0.0,0.0,0.0,0.0,0.04,0.0
43,5,1,4,False,1.2273153570995374,0.008946022870683024,2,qUCB,0.0,0.5,0.42,0.0,0.04,0.0,0.0,0.0,0.0,0.0,0.0,0.0,0.0,0.04,0.0
43,5,1,4,False,1.2273153570995374,0.008946022870683024,3,qUCB,0.84,0.06,0.0,0.04,0.02,0.0,0.0,0.0,0.0,0.0,0.0,0.0,0.0,0.02,0.02
43,5,1,4,False,1.2273153570995374,0.008946022870683024,4,qUCB,0.24,0.62,0.04,0.04,0.02,0.0,0.0,0.0,0.04,0.0,0.0,0.0,0.0,0.0,0.0
43,6,0,5,False,1.8816670035740788,0.030335484058406692,0,qUCB,0.0,0.54,0.42,0.0,0.0,0.0,0.0,0.0,0.0,0.0,0.0,0.02,0.0,0.0,0.02
43,6,0,5,False,1.8816670035740788,0.030335484058406692,1,qUCB,0.42,0.4,0.1,0.02,0.02,0.0,0.0,0.0,0.0,0.0,0.0,0.04,0.0,0.0,0.0
43,6,0,5,False,1.8816670035740788,0.030335484058406692,2,qUCB,0.0,0.54,0.44,0.0,0.0,0.0,0.0,0.0,0.0,0.0,0.0,0.0,0.0,0.02,0.0
43,6,0,5,False,1.8816670035740788,0.030335484058406692,3,qUCB,0.0,0.5,0.48,0.02,0.0,0.0,0.0,0.0,0.0,0.0,0.0,0.0,0.0,0.0,0.0
43,6,0,5,False,1.8816670035740788,0.030335484058406692,4,qUCB,0.0,0.54,0.4,0.0,0.0,0.0,0.0,0.0,0.02,0.0,0.0,0.04,0.0,0.0,0.0
44,1,5,0,False,1.3017140839271157,0.009972308724309542,0,qEHVI,0.38,0.14,0.38,0.04,0.02,0.0,0.0,0.0,0.0,0.0,0.0,0.02,0.0,0.0,0.02
44,1,5,0,False,1.3017140839271157,0.009972308724309542,1,qEHVI,0.0,0.6,0.36,0.0,0.0,0.0,0.0,0.0,0.0,0.0,0.0,0.04,0.0,0.0,0.0
44,1,5,0,False,1.3017140839271157,0.009972308724309542,2,qEHVI,0.9,0.0,0.0,0.04,0.04,0.0,0.0,0.0,0.0,0.0,0.0,0.0,0.0,0.02,0.0
44,1,5,0,False,1.3017140839271157,0.009972308724309542,3,qEHVI,0.48,0.4,0.04,0.0,0.02,0.0,0.0,0.0,0.04,0.0,0.0,0.02,0.0,0.0,0.0
44,1,5,0,False,1.3017140839271157,0.009972308724309542,4,qEHVI,0.38,0.16,0.36,0.04,0.0,0.0,0.0,0.0,0.02,0.0,0.0,0.04,0.0,0.0,0.0
44,2,4,1,False,1.1621277407825807,0.129982914128008,0,qEHVI,0.38,0.14,0.38,0.04,0.02,0.0,0.0,0.0,0.0,0.0,0.0,0.02,0.0,0.0,0.02
44,2,4,1,False,1.1621277407825807,0.129982914128008,1,qEHVI,0.0,0.6,0.36,0.0,0.0,0.0,0.0,0.0,0.0,0.0,0.0,0.04,0.0,0.0,0.0
44,2,4,1,False,1.1621277407825807,0.129982914128008,2,qEHVI,0.9,0.0,0.0,0.04,0.04,0.0,0.0,0.0,0.0,0.0,0.0,0.0,0.0,0.02,0.0
44,2,4,1,False,1.1621277407825807,0.129982914128008,3,qEHVI,0.48,0.4,0.04,0.0,0.02,0.0,0.0,0.0,0.04,0.0,0.0,0.02,0.0,0.0,0.0
44,2,4,1,False,1.1621277407825807,0.129982914128008,4,qUCB,0.36,0.16,0.38,0.0,0.0,0.0,0.0,0.0,0.02,0.0,0.0,0.0,0.0,0.04,0.04
44,3,3,2,False,0.9824984364837498,0.015580674074733403,0,qEHVI,0.38,0.14,0.38,0.04,0.02,0.0,0.0,0.0,0.0,0.0,0.0,0.02,0.0,0.0,0.02
44,3,3,2,False,0.9824984364837498,0.015580674074733403,1,qEHVI,0.0,0.6,0.36,0.0,0.0,0.0,0.0,0.0,0.0,0.0,0.0,0.04,0.0,0.0,0.0
44,3,3,2,False,0.9824984364837498,0.015580674074733403,2,qEHVI,0.9,0.0,0.0,0.04,0.04,0.0,0.0,0.0,0.0,0.0,0.0,0.0,0.0,0.02,0.0
44,3,3,2,False,0.9824984364837498,0.015580674074733403,3,qUCB,0.42,0.08,0.42,0.0,0.0,0.0,0.0,0.0,0.04,0.0,0.0,0.0,0.0,0.04,0.0
44,3,3,2,False,0.9824984364837498,0.015580674074733403,4,qUCB,0.18,0.58,0.14,0.02,0.0,0.0,0.0,0.0,0.04,0.0,0.0,0.0,0.0,0.04,0.0
44,4,2,3,False,0.8089031124052325,0.0309881302180246,0,qEHVI,0.38,0.14,0.38,0.04,0.02,0.0,0.0,0.0,0.0,0.0,0.0,0.02,0.0,0.0,0.02
44,4,2,3,False,0.8089031124052325,0.0309881302180246,1,qEHVI,0.0,0.6,0.36,0.0,0.0,0.0,0.0,0.0,0.0,0.0,0.0,0.04,0.0,0.0,0.0
44,4,2,3,False,0.8089031124052325,0.0309881302180246,2,qUCB,0.42,0.08,0.42,0.0,0.0,0.0,0.0,0.0,0.04,0.0,0.0,0.0,0.0,0.04,0.0
44,4,2,3,False,0.8089031124052325,0.0309881302180246,3,qUCB,0.18,0.58,0.14,0.02,0.0,0.0,0.0,0.0,0.04,0.0,0.0,0.0,0.0,0.04,0.0
44,4,2,3,False,0.8089031124052325,0.0309881302180246,4,qUCB,0.18,0.7000000000000001,0.02,0.04,0.0,0.0,0.0,0.0,0.04,0.0,0.0,0.0,0.0,0.02,0.0
44,5,1,4,True,0.7153400664334584,0.19418353617444284,0,qEHVI,0.38,0.14,0.38,0.04,0.02,0.0,0.0,0.0,0.0,0.0,0.0,0.02,0.0,0.0,0.02
44,5,1,4,True,0.7153400664334584,0.19418353617444284,1,qUCB,0.42,0.08,0.42,0.0,0.0,0.0,0.0,0.0,0.04,0.0,0.0,0.0,0.0,0.04,0.0
44,5,1,4,True,0.7153400664334584,0.19418353617444284,2,qUCB,0.0,0.92,0.06,0.0,0.0,0.0,0.0,0.0,0.02,0.0,0.0,0.0,0.0,0.0,0.0
44,5,1,4,True,0.7153400664334584,0.19418353617444284,3,qUCB,0.14,0.0,0.76,0.0,0.0,0.0,0.0,0.0,0.04,0.0,0.0,0.02,0.0,0.04,0.0
44,5,1,4,True,0.7153400664334584,0.19418353617444284,4,qUCB,0.02,0.42,0.54,0.0,0.0,0.0,0.0,0.0,0.0,0.0,0.0,0.0,0.0,0.02,0.0
44,6,0,5,False,0.9312845574973523,0.02590682328736671,0,qUCB,0.38,0.14,0.38,0.04,0.02,0.0,0.0,0.0,0.0,0.0,0.0,0.02,0.0,0.0,0.02
44,6,0,5,False,0.9312845574973523,0.02590682328736671,1,qUCB,0.9,0.0,0.0,0.04,0.04,0.0,0.0,0.0,0.0,0.0,0.0,0.0,0.0,0.02,0.0
44,6,0,5,False,0.9312845574973523,0.02590682328736671,2,qUCB,0.42,0.4,0.1,0.02,0.0,0.0,0.0,0.0,0.0,0.0,0.0,0.04,0.0,0.0,0.02
44,6,0,5,False,0.9312845574973523,0.02590682328736671,3,qUCB,0.0,0.42,0.54,0.0,0.02,0.0,0.0,0.0,0.02,0.0,0.0,0.0,0.0,0.0,0.0
44,6,0,5,False,0.9312845574973523,0.02590682328736671,4,qUCB,0.18,0.68,0.04,0.04,0.0,0.0,0.0,0.0,0.02,0.0,0.0,0.04,0.0,0.0,0.0
45,1,5,0,True,1.4444021938642027,0.03922904266117566,0,qEHVI,0.42,0.1,0.38,0.04,0.0,0.0,0.0,0.0,0.0,0.0,0.0,0.04,0.0,0.02,0.0
45,1,5,0,True,1.4444021938642027,0.03922904266117566,1,qEHVI,0.0,0.56,0.4,0.0,0.0,0.0,0.0,0.0,0.04,0.0,0.0,0.0,0.0,0.0,0.0
45,1,5,0,True,1.4444021938642027,0.03922904266117566,2,qEHVI,0.52,0.38,0.04,0.0,0.0,0.0,0.0,0.0,0.04,0.0,0.0,0.0,0.0,0.0,0.02
45,1,5,0,True,1.4444021938642027,0.03922904266117566,3,qEHVI,0.46,0.34,0.1,0.02,0.0,0.0,0.0,0.0,0.02,0.0,0.0,0.04,0.0,0.0,0.02
45,1,5,0,True,1.4444021938642027,0.03922904266117566,4,qEHVI,0.38,0.12,0.4,0.02,0.0,0.0,0.0,0.0,0.04,0.0,0.0,0.02,0.0,0.02,0.0
45,2,4,1,False,1.4495121316412296,0.46667944998390176,0,qEHVI,0.42,0.1,0.38,0.04,0.0,0.0,0.0,0.0,0.0,0.0,0.0,0.04,0.0,0.02,0.0
45,2,4,1,False,1.4495121316412296,0.46667944998390176,1,qEHVI,0.0,0.56,0.4,0.0,0.0,0.0,0.0,0.0,0.04,0.0,0.0,0.0,0.0,0.0,0.0
45,2,4,1,False,1.4495121316412296,0.46667944998390176,2,qEHVI,0.52,0.38,0.04,0.0,0.0,0.0,0.0,0.0,0.04,0.0,0.0,0.0,0.0,0.0,0.02
45,2,4,1,False,1.4495121316412296,0.46667944998390176,3,qEHVI,0.46,0.34,0.1,0.02,0.0,0.0,0.0,0.0,0.02,0.0,0.0,0.04,0.0,0.0,0.02
45,2,4,1,False,1.4495121316412296,0.46667944998390176,4,qUCB,0.4,0.14,0.36,0.04,0.04,0.0,0.0,0.0,0.02,0.0,0.0,0.0,0.0,0.0,0.0
45,3,3,2,False,1.2367906990113313,0.1877347893540362,0,qEHVI,0.42,0.1,0.38,0.04,0.0,0.0,0.0,0.0,0.0,0.0,0.0,0.04,0.0,0.02,0.0
45,3,3,2,False,1.2367906990113313,0.1877347893540362,1,qEHVI,0.0,0.56,0.4,0.0,0.0,0.0,0.0,0.0,0.04,0.0,0.0,0.0,0.0,0.0,0.0
45,3,3,2,False,1.2367906990113313,0.1877347893540362,2,qEHVI,0.52,0.38,0.04,0.0,0.0,0.0,0.0,0.0,0.04,0.0,0.0,0.0,0.0,0.0,0.02
45,3,3,2,False,1.2367906990113313,0.1877347893540362,3,qUCB,0.4,0.14,0.36,0.04,0.04,0.0,0.0,0.0,0.02,0.0,0.0,0.0,0.0,0.0,0.0
45,3,3,2,False,1.2367906990113313,0.1877347893540362,4,qUCB,0.24,0.66,0.0,0.04,0.0,0.0,0.0,0.0,0.0,0.0,0.0,0.0,0.0,0.02,0.04
45,4,2,3,False,0.9024885871607367,0.08954588351728465,0,qEHVI,0.42,0.1,0.38,0.04,0.0,0.0,0.0,0.0,0.0,0.0,0.0,0.04,0.0,0.02,0.0
45,4,2,3,False,0.9024885871607367,0.08954588351728465,1,qEHVI,0.0,0.56,0.4,0.0,0.0,0.0,0.0,0.0,0.04,0.0,0.0,0.0,0.0,0.0,0.0
45,4,2,3,False,0.9024885871607367,0.08954588351728465,2,qUCB,0.7000000000000001,0.14,0.06,0.0,0.04,0.0,0.0,0.0,0.0,0.0,0.0,0.0,0.0,0.02,0.04
45,4,2,3,False,0.9024885871607367,0.08954588351728465,3,qUCB,0.72,0.0,0.18,0.02,0.04,0.0,0.0,0.0,0.0,0.0,0.0,0.0,0.0,0.0,0.04
45,4,2,3,False,0.9024885871607367,0.08954588351728465,4,qUCB,0.24,0.66,0.0,0.04,0.0,0.0,0.0,0.0,0.0,0.0,0.0,0.0,0.0,0.02,0.04
45,5,1,4,False,0.52298714802503,0.05864656465168627,0,qEHVI,0.42,0.1,0.38,0.04,0.0,0.0,0.0,0.0,0.0,0.0,0.0,0.04,0.0,0.02,0.0
45,5,1,4,False,0.52298714802503,0.05864656465168627,1,qUCB,0.44,0.06,0.4,0.0,0.02,0.0,0.0,0.0,0.04,0.0,0.0,0.0,0.0,0.0,0.04
45,5,1,4,False,0.52298714802503,0.05864656465168627,2,qUCB,0.22,0.68,0.0,0.04,0.0,0.0,0.0,0.0,0.02,0.0,0.0,0.0,0.0,0.0,0.04
45,5,1,4,False,0.52298714802503,0.05864656465168627,3,qUCB,0.26,0.56,0.08,0.0,0.04,0.0,0.0,0.0,0.04,0.0,0.0,0.0,0.0,0.0,0.02
45,5,1,4,False,0.52298714802503,0.05864656465168627,4,qUCB,0.34,0.46,0.1,0.0,0.04,0.0,0.0,0.0,0.04,0.0,0.0,0.0,0.0,0.0,0.02
45,6,0,5,False,0.8859259188791075,0.0836109192029344,0,qUCB,0.42,0.1,0.38,0.04,0.0,0.0,0.0,0.0,0.0,0.0,0.0,0.04,0.0,0.02,0.0
45,6,0,5,False,0.8859259188791075,0.0836109192029344,1,qUCB,0.36,0.42,0.12,0.02,0.0,0.0,0.0,0.0,0.02,0.0,0.0,0.04,0.0,0.02,0.0
45,6,0,5,False,0.8859259188791075,0.0836109192029344,2,qUCB,0.24,0.66,0.0,0.04,0.0,0.0,0.0,0.0,0.0,0.0,0.0,0.0,0.0,0.02,0.04
45,6,0,5,False,0.8859259188791075,0.0836109192029344,3,qUCB,0.0,0.78,0.2,0.0,0.0,0.0,0.0,0.0,0.0,0.0,0.0,0.0,0.0,0.02,0.0
45,6,0,5,False,0.8859259188791075,0.0836109192029344,4,qUCB,0.9,0.0,0.0,0.04,0.02,0.0,0.0,0.0,0.02,0.0,0.0,0.02,0.0,0.0,0.0
46,1,5,0,True,1.2929122228983503,0.054086243031317593,0,qEHVI,0.38,0.12,0.4,0.04,0.0,0.0,0.0,0.0,0.0,0.0,0.0,0.04,0.0,0.02,0.0
46,1,5,0,True,1.2929122228983503,0.054086243031317593,1,qEHVI,0.9,0.0,0.0,0.04,0.0,0.0,0.0,0.0,0.04,0.0,0.0,0.0,0.0,0.02,0.0
46,1,5,0,True,1.2929122228983503,0.054086243031317593,2,qEHVI,0.4,0.14,0.36,0.04,0.02,0.0,0.0,0.0,0.0,0.0,0.0,0.04,0.0,0.0,0.0
46,1,5,0,True,1.2929122228983503,0.054086243031317593,3,qEHVI,0.56,0.14,0.22,0.02,0.0,0.0,0.0,0.0,0.0,0.0,0.0,0.04,0.0,0.0,0.02
46,1,5,0,True,1.2929122228983503,0.054086243031317593,4,qEHVI,0.46,0.04,0.44,0.02,0.0,0.0,0.0,0.0,0.04,0.0,0.0,0.0,0.0,0.0,0.0
46,2,4,1,False,1.14866592927893,0.17791007541353032,0,qEHVI,0.38,0.12,0.4,0.04,0.0,0.0,0.0,0.0,0.0,0.0,0.0,0.04,0.0,0.02,0.0
46,2,4,1,False,1.14866592927893,0.17791007541353032,1,qEHVI,0.56,0.14,0.22,0.02,0.0,0.0,0.0,0.0,0.0,0.0,0.0,0.04,0.0,0.0,0.02
46,2,4,1,False,1.14866592927893,0.17791007541353032,2,qEHVI,0.4,0.14,0.36,0.04,0.02,0.0,0.0,0.0,0.0,0.0,0.0,0.04,0.0,0.0,0.0
46,2,4,1,False,1.14866592927893,0.17791007541353032,3,qEHVI,0.46,0.04,0.44,0.02,0.0,0.0,0.0,0.0,0.04,0.0,0.0,0.0,0.0,0.0,0.0
46,2,4,1,False,1.14866592927893,0.17791007541353032,4,qUCB,0.48,0.04,0.38,0.0,0.04,0.0,0.0,0.0,0.0,0.0,0.0,0.0,0.0,0.04,0.02
46,3,3,2,False,1.0310062212389797,0.0023113747502341297,0,qEHVI,0.38,0.12,0.4,0.04,0.0,0.0,0.0,0.0,0.0,0.0,0.0,0.04,0.0,0.02,0.0
46,3,3,2,False,1.0310062212389797,0.0023113747502341297,1,qEHVI,0.56,0.14,0.22,0.02,0.0,0.0,0.0,0.0,0.0,0.0,0.0,0.04,0.0,0.0,0.02
46,3,3,2,False,1.0310062212389797,0.0023113747502341297,2,qEHVI,0.4,0.14,0.36,0.04,0.02,0.0,0.0,0.0,0.0,0.0,0.0,0.04,0.0,0.0,0.0
46,3,3,2,False,1.0310062212389797,0.0023113747502341297,3,qUCB,0.4,0.08,0.42,0.0,0.02,0.0,0.0,0.0,0.04,0.0,0.0,0.0,0.0,0.04,0.0
46,3,3,2,False,1.0310062212389797,0.0023113747502341297,4,qUCB,0.18,0.7000000000000001,0.02,0.04,0.0,0.0,0.0,0.0,0.04,0.0,0.0,0.0,0.0,0.0,0.02
46,4,2,3,False,1.0272265808962597,0.07956214282736251,0,qEHVI,0.38,0.12,0.4,0.04,0.0,0.0,0.0,0.0,0.0,0.0,0.0,0.04,0.0,0.02,0.0
46,4,2,3,False,1.0272265808962597,0.07956214282736251,1,qEHVI,0.56,0.14,0.22,0.02,0.0,0.0,0.0,0.0,0.0,0.0,0.0,0.04,0.0,0.0,0.02
46,4,2,3,False,1.0272265808962597,0.07956214282736251,2,qUCB,0.4,0.08,0.42,0.0,0.02,0.0,0.0,0.0,0.04,0.0,0.0,0.0,0.0,0.04,0.0
46,4,2,3,False,1.0272265808962597,0.07956214282736251,3,qUCB,0.18,0.7000000000000001,0.02,0.04,0.0,0.0,0.0,0.0,0.04,0.0,0.0,0.0,0.0,0.0,0.02
46,4,2,3,False,1.0272265808962597,0.07956214282736251,4,qUCB,0.9,0.0,0.0,0.04,0.0,0.0,0.0,0.0,0.04,0.0,0.0,0.0,0.0,0.02,0.0
46,5,1,4,False,0.8471008856865654,0.3456020736566281,0,qEHVI,0.38,0.12,0.4,0.04,0.0,0.0,0.0,0.0,0.0,0.0,0.0,0.04,0.0,0.02,0.0
46,5,1,4,False,0.8471008856865654,0.3456020736566281,1,qUCB,0.36,0.18,0.36,0.0,0.02,0.0,0.0,0.0,0.04,0.0,0.0,0.0,0.0,0.0,0.04
46,5,1,4,False,0.8471008856865654,0.3456020736566281,2,qUCB,0.18,0.7000000000000001,0.02,0.04,0.0,0.0,0.0,0.0,0.04,0.0,0.0,0.0,0.0,0.0,0.02
46,5,1,4,False,0.8471008856865654,0.3456020736566281,3,qUCB,0.58,0.12,0.2,0.02,0.04,0.0,0.0,0.0,0.0,0.0,0.0,0.0,0.0,0.0,0.04
46,5,1,4,False,0.8471008856865654,0.3456020736566281,4,qUCB,0.3,0.6,0.0,0.04,0.0,0.0,0.0,0.0,0.04,0.0,0.0,0.0,0.0,0.0,0.02
46,6,0,5,False,0.8368006625563359,0.12748362902350863,0,qUCB,0.38,0.12,0.4,0.04,0.0,0.0,0.0,0.0,0.0,0.0,0.0,0.04,0.0,0.02,0.0
46,6,0,5,False,0.8368006625563359,0.12748362902350863,1,qUCB,0.26,0.66,0.0,0.04,0.0,0.0,0.0,0.0,0.02,0.0,0.0,0.02,0.0,0.0,0.0
46,6,0,5,False,0.8368006625563359,0.12748362902350863,2,qUCB,0.9,0.0,0.0,0.04,0.0,0.0,0.0,0.0,0.04,0.0,0.0,0.0,0.0,0.02,0.0
46,6,0,5,False,0.8368006625563359,0.12748362902350863,3,qUCB,0.18,0.68,0.04,0.04,0.0,0.0,0.0,0.0,0.0,0.0,0.0,0.04,0.0,0.0,0.02
46,6,0,5,False,0.8368006625563359,0.12748362902350863,4,qUCB,0.36,0.54,0.02,0.04,0.0,0.0,0.0,0.0,0.0,0.0,0.0,0.02,0.0,0.02,0.0
47,1,5,0,True,2.110675540579979,0.02588257118421744,0,qEHVI,0.7000000000000001,0.18,0.02,0.02,0.04,0.0,0.0,0.0,0.0,0.0,0.0,0.04,0.0,0.0,0.0
47,1,5,0,True,2.110675540579979,0.02588257118421744,1,qEHVI,0.4,0.1,0.4,0.04,0.02,0.0,0.0,0.0,0.02,0.0,0.0,0.02,0.0,0.0,0.0
47,1,5,0,True,2.110675540579979,0.02588257118421744,2,qEHVI,0.36,0.26,0.3,0.04,0.02,0.0,0.0,0.0,0.0,0.0,0.0,0.0,0.0,0.0,0.02
47,1,5,0,True,2.110675540579979,0.02588257118421744,3,qEHVI,0.44,0.14,0.36,0.04,0.02,0.0,0.0,0.0,0.0,0.0,0.0,0.0,0.0,0.0,0.0
47,1,5,0,True,2.110675540579979,0.02588257118421744,4,qEHVI,0.6,0.32,0.0,0.02,0.0,0.0,0.0,0.0,0.02,0.0,0.0,0.04,0.0,0.0,0.0
47,2,4,1,False,1.9643876626074956,0.26401244513631994,0,qEHVI,0.7000000000000001,0.18,0.02,0.02,0.04,0.0,0.0,0.0,0.0,0.0,0.0,0.04,0.0,0.0,0.0
47,2,4,1,False,1.9643876626074956,0.26401244513631994,1,qEHVI,0.4,0.1,0.4,0.04,0.02,0.0,0.0,0.0,0.02,0.0,0.0,0.02,0.0,0.0,0.0
47,2,4,1,False,1.9643876626074956,0.26401244513631994,2,qEHVI,0.36,0.26,0.3,0.04,0.02,0.0,0.0,0.0,0.0,0.0,0.0,0.0,0.0,0.0,0.02
47,2,4,1,False,1.9643876626074956,0.26401244513631994,3,qEHVI,0.44,0.14,0.36,0.04,0.02,0.0,0.0,0.0,0.0,0.0,0.0,0.0,0.0,0.0,0.0
47,2,4,1,False,1.9643876626074956,0.26401244513631994,4,qUCB,0.16,0.56,0.18,0.0,0.0,0.0,0.0,0.0,0.04,0.0,0.0,0.0,0.0,0.04,0.02
47,3,3,2,False,1.8062620977766897,0.031645434004604844,0,qEHVI,0.7000000000000001,0.18,0.02,0.02,0.04,0.0,0.0,0.0,0.0,0.0,0.0,0.04,0.0,0.0,0.0
47,3,3,2,False,1.8062620977766897,0.031645434004604844,1,qEHVI,0.4,0.1,0.4,0.04,0.02,0.0,0.0,0.0,0.02,0.0,0.0,0.02,0.0,0.0,0.0
47,3,3,2,False,1.8062620977766897,0.031645434004604844,2,qEHVI,0.36,0.26,0.3,0.04,0.02,0.0,0.0,0.0,0.0,0.0,0.0,0.0,0.0,0.0,0.02
47,3,3,2,False,1.8062620977766897,0.031645434004604844,3,qUCB,0.16,0.56,0.18,0.0,0.0,0.0,0.0,0.0,0.04,0.0,0.0,0.0,0.0,0.04,0.02
47,3,3,2,False,1.8062620977766897,0.031645434004604844,4,qUCB,0.22,0.52,0.16,0.0,0.0,0.0,0.0,0.0,0.02,0.0,0.0,0.04,0.0,0.04,0.0
47,4,2,3,False,1.6766855289071132,0.014312935302353225,0,qEHVI,0.7000000000000001,0.18,0.02,0.02,0.04,0.0,0.0,0.0,0.0,0.0,0.0,0.04,0.0,0.0,0.0
47,4,2,3,False,1.6766855289071132,0.014312935302353225,1,qEHVI,0.4,0.1,0.4,0.04,0.02,0.0,0.0,0.0,0.02,0.0,0.0,0.02,0.0,0.0,0.0
47,4,2,3,False,1.6766855289071132,0.014312935302353225,2,qUCB,0.4,0.14,0.38,0.0,0.0,0.0,0.0,0.0,0.0,0.0,0.0,0.0,0.0,0.04,0.04
47,4,2,3,False,1.6766855289071132,0.014312935302353225,3,qUCB,0.18,0.52,0.2,0.0,0.0,0.0,0.0,0.0,0.02,0.0,0.0,0.0,0.0,0.04,0.04
47,4,2,3,False,1.6766855289071132,0.014312935302353225,4,qUCB,0.22,0.52,0.16,0.0,0.0,0.0,0.0,0.0,0.02,0.0,0.0,0.04,0.0,0.04,0.0
47,5,1,4,False,1.369473674969251,0.031491067033068976,0,qEHVI,0.7000000000000001,0.18,0.02,0.02,0.04,0.0,0.0,0.0,0.0,0.0,0.0,0.04,0.0,0.0,0.0
47,5,1,4,False,1.369473674969251,0.031491067033068976,1,qUCB,0.44,0.04,0.42,0.0,0.0,0.0,0.0,0.0,0.02,0.0,0.0,0.0,0.0,0.04,0.04
47,5,1,4,False,1.369473674969251,0.031491067033068976,2,qUCB,0.16,0.56,0.18,0.0,0.0,0.0,0.0,0.0,0.04,0.0,0.0,0.0,0.0,0.04,0.02
47,5,1,4,False,1.369473674969251,0.031491067033068976,3,qUCB,0.28,0.06,0.56,0.0,0.0,0.0,0.0,0.0,0.02,0.0,0.0,0.0,0.0,0.04,0.04
47,5,1,4,False,1.369473674969251,0.031491067033068976,4,qUCB,0.16,0.18,0.56,0.0,0.0,0.0,0.0,0.0,0.04,0.0,0.0,0.04,0.0,0.02,0.0
47,6,0,5,False,1.3135699468979207,0.07340849720285636,0,qUCB,0.7000000000000001,0.18,0.02,0.02,0.04,0.0,0.0,0.0,0.0,0.0,0.0,0.04,0.0,0.0,0.0
47,6,0,5,False,1.3135699468979207,0.07340849720285636,1,qUCB,0.78,0.02,0.16,0.0,0.0,0.0,0.0,0.0,0.0,0.0,0.0,0.04,0.0,0.0,0.0
47,6,0,5,False,1.3135699468979207,0.07340849720285636,2,qUCB,0.22,0.68,0.0,0.04,0.02,0.0,0.0,0.0,0.0,0.0,0.0,0.04,0.0,0.0,0.0
47,6,0,5,False,1.3135699468979207,0.07340849720285636,3,qUCB,0.22,0.52,0.16,0.0,0.0,0.0,0.0,0.0,0.02,0.0,0.0,0.04,0.0,0.04,0.0
47,6,0,5,False,1.3135699468979207,0.07340849720285636,4,qUCB,0.34,0.44,0.16,0.02,0.0,0.0,0.0,0.0,0.0,0.0,0.0,0.04,0.0,0.0,0.0
48,1,5,0,True,1.1019995617719731,0.0043771104670415895,0,qEHVI,0.38,0.12,0.4,0.04,0.02,0.0,0.0,0.0,0.0,0.0,0.0,0.04,0.0,0.0,0.0
48,1,5,0,True,1.1019995617719731,0.0043771104670415895,1,qEHVI,0.66,0.22,0.02,0.02,0.0,0.0,0.0,0.0,0.0,0.0,0.0,0.04,0.0,0.04,0.0
48,1,5,0,True,1.1019995617719731,0.0043771104670415895,2,qEHVI,0.02,0.54,0.36,0.0,0.04,0.0,0.0,0.0,0.0,0.0,0.0,0.04,0.0,0.0,0.0
48,1,5,0,True,1.1019995617719731,0.0043771104670415895,3,qEHVI,0.88,0.0,0.04,0.04,0.0,0.0,0.0,0.0,0.0,0.0,0.0,0.04,0.0,0.0,0.0
48,1,5,0,True,1.1019995617719731,0.0043771104670415895,4,qEHVI,0.0,0.24,0.7000000000000001,0.04,0.0,0.0,0.0,0.0,0.02,0.0,0.0,0.0,0.0,0.0,0.0
48,2,4,1,False,0.9526940698721507,0.13062641800656394,0,qEHVI,0.38,0.12,0.4,0.04,0.02,0.0,0.0,0.0,0.0,0.0,0.0,0.04,0.0,0.0,0.0
48,2,4,1,False,0.9526940698721507,0.13062641800656394,1,qEHVI,0.66,0.22,0.02,0.02,0.0,0.0,0.0,0.0,0.0,0.0,0.0,0.04,0.0,0.04,0.0
48,2,4,1,False,0.9526940698721507,0.13062641800656394,2,qEHVI,0.02,0.54,0.36,0.0,0.04,0.0,0.0,0.0,0.0,0.0,0.0,0.04,0.0,0.0,0.0
48,2,4,1,False,0.9526940698721507,0.13062641800656394,3,qEHVI,0.46,0.16,0.3,0.02,0.02,0.0,0.0,0.0,0.0,0.0,0.0,0.04,0.0,0.0,0.0
48,2,4,1,False,0.9526940698721507,0.13062641800656394,4,qUCB,0.4,0.08,0.42,0.0,0.0,0.0,0.0,0.0,0.04,0.0,0.0,0.0,0.0,0.02,0.04
48,3,3,2,False,0.830251092358079,0.20134664576522354,0,qEHVI,0.38,0.12,0.4,0.04,0.02,0.0,0.0,0.0,0.0,0.0,0.0,0.04,0.0,0.0,0.0
48,3,3,2,False,0.830251092358079,0.20134664576522354,1,qEHVI,0.66,0.22,0.02,0.02,0.0,0.0,0.0,0.0,0.0,0.0,0.0,0.04,0.0,0.04,0.0
48,3,3,2,False,0.830251092358079,0.20134664576522354,2,qEHVI,0.02,0.54,0.36,0.0,0.04,0.0,0.0,0.0,0.0,0.0,0.0,0.04,0.0,0.0,0.0
48,3,3,2,False,0.830251092358079,0.20134664576522354,3,qUCB,0.42,0.12,0.38,0.0,0.0,0.0,0.0,0.0,0.04,0.0,0.0,0.0,0.0,0.0,0.04
48,3,3,2,False,0.830251092358079,0.20134664576522354,4,qUCB,0.24,0.68,0.0,0.04,0.0,0.0,0.0,0.0,0.0,0.0,0.0,0.0,0.0,0.0,0.04
48,4,2,3,False,0.6857133527062771,0.12074099993151854,0,qEHVI,0.38,0.12,0.4,0.04,0.02,0.0,0.0,0.0,0.0,0.0,0.0,0.04,0.0,0.0,0.0
48,4,2,3,False,0.6857133527062771,0.12074099993151854,1,qEHVI,0.66,0.22,0.02,0.02,0.0,0.0,0.0,0.0,0.0,0.0,0.0,0.04,0.0,0.04,0.0
48,4,2,3,False,0.6857133527062771,0.12074099993151854,2,qUCB,0.42,0.12,0.38,0.0,0.0,0.0,0.0,0.0,0.04,0.0,0.0,0.0,0.0,0.0,0.04
48,4,2,3,False,0.6857133527062771,0.12074099993151854,3,qUCB,0.1,0.68,0.14,0.0,0.0,0.0,0.0,0.0,0.04,0.0,0.0,0.0,0.0,0.0,0.04
48,4,2,3,False,0.6857133527062771,0.12074099993151854,4,qUCB,0.24,0.68,0.0,0.04,0.0,0.0,0.0,0.0,0.0,0.0,0.0,0.0,0.0,0.0,0.04
48,5,1,4,False,0.440054810471765,0.08686717407665653,0,qEHVI,0.38,0.12,0.4,0.04,0.02,0.0,0.0,0.0,0.0,0.0,0.0,0.04,0.0,0.0,0.0
48,5,1,4,False,0.440054810471765,0.08686717407665653,1,qUCB,0.4,0.08,0.42,0.0,0.0,0.0,0.0,0.0,0.04,0.0,0.0,0.0,0.0,0.02,0.04
48,5,1,4,False,0.440054810471765,0.08686717407665653,2,qUCB,0.2,0.54,0.16,0.0,0.0,0.0,0.0,0.0,0.04,0.0,0.0,0.0,0.0,0.04,0.02
48,5,1,4,False,0.440054810471765,0.08686717407665653,3,qUCB,0.24,0.68,0.0,0.04,0.0,0.0,0.0,0.0,0.0,0.0,0.0,0.0,0.0,0.0,0.04
48,5,1,4,False,0.440054810471765,0.08686717407665653,4,qUCB,0.12,0.66,0.12,0.0,0.0,0.0,0.0,0.0,0.02,0.0,0.0,0.0,0.0,0.04,0.04
48,6,0,5,False,0.5302644551155181,0.007325924790478666,0,qUCB,0.38,0.12,0.4,0.04,0.02,0.0,0.0,0.0,0.0,0.0,0.0,0.04,0.0,0.0,0.0
48,6,0,5,False,0.5302644551155181,0.007325924790478666,1,qUCB,0.26,0.64,0.0,0.04,0.0,0.0,0.0,0.0,0.0,0.0,0.0,0.02,0.0,0.02,0.02
48,6,0,5,False,0.5302644551155181,0.007325924790478666,2,qUCB,0.0,0.14,0.84,0.0,0.02,0.0,0.0,0.0,0.0,0.0,0.0,0.0,0.0,0.0,0.0
48,6,0,5,False,0.5302644551155181,0.007325924790478666,3,qUCB,0.18,0.58,0.14,0.02,0.0,0.0,0.0,0.0,0.04,0.0,0.0,0.04,0.0,0.0,0.0
48,6,0,5,False,0.5302644551155181,0.007325924790478666,4,qUCB,0.28,0.58,0.04,0.04,0.0,0.0,0.0,0.0,0.0,0.0,0.0,0.04,0.0,0.0,0.02
49,1,5,0,True,0.8549307659953745,0.0618863608657243,0,qEHVI,0.0,0.48,0.48,0.02,0.0,0.0,0.0,0.0,0.02,0.0,0.0,0.0,0.0,0.0,0.0
49,1,5,0,True,0.8549307659953745,0.0618863608657243,1,qEHVI,0.42,0.18,0.3,0.02,0.0,0.0,0.0,0.0,0.02,0.0,0.0,0.04,0.0,0.0,0.02
49,1,5,0,True,0.8549307659953745,0.0618863608657243,2,qEHVI,0.42,0.04,0.44,0.04,0.04,0.0,0.0,0.0,0.0,0.0,0.0,0.0,0.0,0.0,0.02
49,1,5,0,True,0.8549307659953745,0.0618863608657243,3,qEHVI,0.34,0.16,0.4,0.0,0.0,0.0,0.0,0.0,0.04,0.0,0.0,0.04,0.0,0.02,0.0
49,1,5,0,True,0.8549307659953745,0.0618863608657243,4,qEHVI,0.52,0.28,0.1,0.0,0.0,0.0,0.0,0.0,0.0,0.0,0.0,0.04,0.0,0.02,0.04
49,2,4,1,False,0.772610210076106,0.054120774420907125,0,qEHVI,0.0,0.48,0.48,0.02,0.0,0.0,0.0,0.0,0.02,0.0,0.0,0.0,0.0,0.0,0.0
49,2,4,1,False,0.772610210076106,0.054120774420907125,1,qEHVI,0.42,0.18,0.3,0.02,0.0,0.0,0.0,0.0,0.02,0.0,0.0,0.04,0.0,0.0,0.02
49,2,4,1,False,0.772610210076106,0.054120774420907125,2,qEHVI,0.42,0.04,0.44,0.04,0.04,0.0,0.0,0.0,0.0,0.0,0.0,0.0,0.0,0.0,0.02
49,2,4,1,False,0.772610210076106,0.054120774420907125,3,qEHVI,0.34,0.16,0.4,0.0,0.0,0.0,0.0,0.0,0.04,0.0,0.0,0.04,0.0,0.02,0.0
49,2,4,1,False,0.772610210076106,0.054120774420907125,4,qUCB,0.56,0.0,0.34,0.0,0.04,0.0,0.0,0.0,0.02,0.0,0.0,0.0,0.0,0.04,0.0
49,3,3,2,False,0.6663479485809195,0.012044067865386143,0,qEHVI,0.0,0.48,0.48,0.02,0.0,0.0,0.0,0.0,0.02,0.0,0.0,0.0,0.0,0.0,0.0
49,3,3,2,False,0.6663479485809195,0.012044067865386143,1,qEHVI,0.42,0.18,0.3,0.02,0.0,0.0,0.0,0.0,0.02,0.0,0.0,0.04,0.0,0.0,0.02
49,3,3,2,False,0.6663479485809195,0.012044067865386143,2,qEHVI,0.42,0.04,0.44,0.04,0.04,0.0,0.0,0.0,0.0,0.0,0.0,0.0,0.0,0.0,0.02
49,3,3,2,False,0.6663479485809195,0.012044067865386143,3,qUCB,0.56,0.0,0.34,0.0,0.04,0.0,0.0,0.0,0.02,0.0,0.0,0.0,0.0,0.04,0.0
49,3,3,2,False,0.6663479485809195,0.012044067865386143,4,qUCB,0.26,0.64,0.0,0.04,0.0,0.0,0.0,0.0,0.02,0.0,0.0,0.0,0.0,0.04,0.0
49,4,2,3,False,0.41183251069839266,0.10985889244158376,0,qEHVI,0.0,0.48,0.48,0.02,0.0,0.0,0.0,0.0,0.02,0.0,0.0,0.0,0.0,0.0,0.0
49,4,2,3,False,0.41183251069839266,0.10985889244158376,1,qEHVI,0.42,0.18,0.3,0.02,0.0,0.0,0.0,0.0,0.02,0.0,0.0,0.04,0.0,0.0,0.02
49,4,2,3,False,0.41183251069839266,0.10985889244158376,2,qUCB,0.74,0.14,0.04,0.0,0.04,0.0,0.0,0.0,0.0,0.0,0.0,0.0,0.0,0.04,0.0
49,4,2,3,False,0.41183251069839266,0.10985889244158376,3,qUCB,0.24,0.64,0.02,0.04,0.04,0.0,0.0,0.0,0.0,0.0,0.0,0.0,0.0,0.0,0.02
49,4,2,3,False,0.41183251069839266,0.10985889244158376,4,qUCB,0.56,0.16,0.18,0.0,0.04,0.0,0.0,0.0,0.0,0.0,0.0,0.0,0.0,0.04,0.02
49,5,1,4,False,0.42906650333124535,0.005844404528808411,0,qEHVI,0.0,0.48,0.48,0.02,0.0,0.0,0.0,0.0,0.02,0.0,0.0,0.0,0.0,0.0,0.0
49,5,1,4,False,0.42906650333124535,0.005844404528808411,1,qUCB,0.66,0.04,0.2,0.02,0.04,0.0,0.0,0.0,0.0,0.0,0.0,0.04,0.0,0.0,0.0
49,5,1,4,False,0.42906650333124535,0.005844404528808411,2,qUCB,0.84,0.02,0.04,0.04,0.04,0.0,0.0,0.0,0.0,0.0,0.0,0.0,0.0,0.0,0.02
49,5,1,4,False,0.42906650333124535,0.005844404528808411,3,qUCB,0.24,0.64,0.02,0.04,0.04,0.0,0.0,0.0,0.0,0.0,0.0,0.0,0.0,0.0,0.02
49,5,1,4,False,0.42906650333124535,0.005844404528808411,4,qUCB,0.66,0.0,0.24,0.0,0.02,0.0,0.0,0.0,0.0,0.0,0.0,0.04,0.0,0.0,0.04
49,6,0,5,False,0.20801589302808488,0.006438212637355445,0,qUCB,0.38,0.12,0.4,0.02,0.02,0.0,0.0,0.0,0.0,0.0,0.0,0.02,0.0,0.04,0.0
49,6,0,5,False,0.20801589302808488,0.006438212637355445,1,qUCB,0.24,0.68,0.0,0.04,0.0,0.0,0.0,0.0,0.04,0.0,0.0,0.0,0.0,0.0,0.0
49,6,0,5,False,0.20801589302808488,0.006438212637355445,2,qUCB,0.16,0.68,0.06,0.04,0.04,0.0,0.0,0.0,0.0,0.0,0.0,0.0,0.0,0.0,0.02
49,6,0,5,False,0.20801589302808488,0.006438212637355445,3,qUCB,0.24,0.52,0.14,0.02,0.0,0.0,0.0,0.0,0.02,0.0,0.0,0.04,0.0,0.02,0.0
49,6,0,5,False,0.20801589302808488,0.006438212637355445,4,qUCB,0.26,0.6,0.04,0.04,0.0,0.0,0.0,0.0,0.02,0.0,0.0,0.02,0.0,0.0,0.02
50,1,5,0,True,1.1244228146014876,0.038996630695161016,0,qEHVI,0.0,0.52,0.48,0.0,0.0,0.0,0.0,0.0,0.0,0.0,0.0,0.0,0.0,0.0,0.0
50,1,5,0,True,1.1244228146014876,0.038996630695161016,1,qEHVI,0.62,0.26,0.02,0.02,0.04,0.0,0.0,0.0,0.0,0.0,0.0,0.04,0.0,0.0,0.0
50,1,5,0,True,1.1244228146014876,0.038996630695161016,2,qEHVI,0.0,0.4,0.54,0.04,0.0,0.0,0.0,0.0,0.0,0.0,0.0,0.0,0.0,0.02,0.0
50,1,5,0,True,1.1244228146014876,0.038996630695161016,3,qEHVI,0.4,0.1,0.4,0.04,0.0,0.0,0.0,0.0,0.0,0.0,0.0,0.04,0.0,0.0,0.02
50,1,5,0,True,1.1244228146014876,0.038996630695161016,4,qEHVI,0.42,0.04,0.44,0.02,0.04,0.0,0.0,0.0,0.0,0.0,0.0,0.04,0.0,0.0,0.0
50,2,4,1,False,0.9764172001746456,0.00665295767629015,0,qEHVI,0.0,0.52,0.48,0.0,0.0,0.0,0.0,0.0,0.0,0.0,0.0,0.0,0.0,0.0,0.0
50,2,4,1,False,0.9764172001746456,0.00665295767629015,1,qEHVI,0.62,0.26,0.02,0.02,0.04,0.0,0.0,0.0,0.0,0.0,0.0,0.04,0.0,0.0,0.0
50,2,4,1,False,0.9764172001746456,0.00665295767629015,2,qEHVI,0.0,0.4,0.54,0.04,0.0,0.0,0.0,0.0,0.0,0.0,0.0,0.0,0.0,0.02,0.0
50,2,4,1,False,0.9764172001746456,0.00665295767629015,3,qEHVI,0.4,0.1,0.4,0.04,0.0,0.0,0.0,0.0,0.0,0.0,0.0,0.04,0.0,0.0,0.02
50,2,4,1,False,0.9764172001746456,0.00665295767629015,4,qUCB,0.68,0.16,0.06,0.0,0.0,0.0,0.0,0.0,0.04,0.0,0.0,0.0,0.0,0.04,0.02
50,3,3,2,False,0.8317007826766218,0.07167998762566619,0,qEHVI,0.0,0.52,0.48,0.0,0.0,0.0,0.0,0.0,0.0,0.0,0.0,0.0,0.0,0.0,0.0
50,3,3,2,False,0.8317007826766218,0.07167998762566619,1,qEHVI,0.62,0.26,0.02,0.02,0.04,0.0,0.0,0.0,0.0,0.0,0.0,0.04,0.0,0.0,0.0
50,3,3,2,False,0.8317007826766218,0.07167998762566619,2,qEHVI,0.4,0.1,0.4,0.04,0.0,0.0,0.0,0.0,0.0,0.0,0.0,0.04,0.0,0.0,0.02
50,3,3,2,False,0.8317007826766218,0.07167998762566619,3,qUCB,0.68,0.16,0.06,0.0,0.0,0.0,0.0,0.0,0.04,0.0,0.0,0.0,0.0,0.04,0.02
50,3,3,2,False,0.8317007826766218,0.07167998762566619,4,qUCB,0.22,0.68,0.0,0.04,0.0,0.0,0.0,0.0,0.04,0.0,0.0,0.02,0.0,0.0,0.0
50,4,2,3,False,0.6963684155094652,0.0455649674521319,0,qEHVI,0.0,0.52,0.48,0.0,0.0,0.0,0.0,0.0,0.0,0.0,0.0,0.0,0.0,0.0,0.0
50,4,2,3,False,0.6963684155094652,0.0455649674521319,1,qEHVI,0.62,0.26,0.02,0.02,0.04,0.0,0.0,0.0,0.0,0.0,0.0,0.04,0.0,0.0,0.0
50,4,2,3,False,0.6963684155094652,0.0455649674521319,2,qUCB,0.86,0.0,0.04,0.02,0.0,0.0,0.0,0.0,0.02,0.0,0.0,0.0,0.0,0.02,0.04
50,4,2,3,False,0.6963684155094652,0.0455649674521319,3,qUCB,0.26,0.64,0.0,0.04,0.0,0.0,0.0,0.0,0.04,0.0,0.0,0.02,0.0,0.0,0.0
50,4,2,3,False,0.6963684155094652,0.0455649674521319,4,qUCB,0.72,0.02,0.16,0.02,0.0,0.0,0.0,0.0,0.0,0.0,0.0,0.0,0.0,0.04,0.04
50,5,1,4,False,0.6657321964965214,0.02795655742708414,0,qEHVI,0.0,0.52,0.48,0.0,0.0,0.0,0.0,0.0,0.0,0.0,0.0,0.0,0.0,0.0,0.0
50,5,1,4,False,0.6657321964965214,0.02795655742708414,1,qUCB,0.78,0.08,0.04,0.02,0.04,0.0,0.0,0.0,0.0,0.0,0.0,0.04,0.0,0.0,0.0
50,5,1,4,False,0.6657321964965214,0.02795655742708414,2,qUCB,0.26,0.64,0.0,0.04,0.0,0.0,0.0,0.0,0.04,0.0,0.0,0.02,0.0,0.0,0.0
50,5,1,4,False,0.6657321964965214,0.02795655742708414,3,qUCB,0.74,0.0,0.16,0.02,0.04,0.0,0.0,0.0,0.0,0.0,0.0,0.04,0.0,0.0,0.0
50,5,1,4,False,0.6657321964965214,0.02795655742708414,4,qUCB,0.86,0.0,0.04,0.02,0.0,0.0,0.0,0.0,0.02,0.0,0.0,0.0,0.0,0.02,0.04
50,6,0,5,False,0.5570900126841042,0.37687680794108314,0,qUCB,0.4,0.1,0.4,0.04,0.0,0.0,0.0,0.0,0.0,0.0,0.0,0.04,0.0,0.0,0.02
50,6,0,5,False,0.5570900126841042,0.37687680794108314,1,qUCB,0.28,0.66,0.0,0.04,0.0,0.0,0.0,0.0,0.0,0.0,0.0,0.02,0.0,0.0,0.0
50,6,0,5,False,0.5570900126841042,0.37687680794108314,2,qUCB,0.18,0.46,0.26,0.04,0.04,0.0,0.0,0.0,0.0,0.0,0.0,0.0,0.0,0.02,0.0
50,6,0,5,False,0.5570900126841042,0.37687680794108314,3,qUCB,0.26,0.52,0.14,0.02,0.0,0.0,0.0,0.0,0.02,0.0,0.0,0.04,0.0,0.0,0.0
50,6,0,5,False,0.5570900126841042,0.37687680794108314,4,qUCB,0.0,0.4,0.54,0.04,0.0,0.0,0.0,0.0,0.0,0.0,0.0,0.0,0.0,0.02,0.0
