iteration,option,n_opt,n_exp,selected,full_qehvi,full_entropy,point_idx,source,x_0,x_1,x_2,x_3,x_4,x_5,x_6,x_7,x_8,x_9,x_10,x_11,x_12,x_13,x_14
1,1,5,0,False,1.2747718755557207,0.7789341147841959,0,qEHVI,0.5,0.02,0.4,0.04,0.0,0.0,0.0,0.0,0.0,0.0,0.0,0.0,0.0,0.04,0.0
1,1,5,0,False,1.2747718755557207,0.7789341147841959,1,qEHVI,0.7000000000000001,0.1,0.12,0.0,0.04,0.0,0.0,0.0,0.0,0.0,0.0,0.0,0.0,0.04,0.0
1,1,5,0,False,1.2747718755557207,0.7789341147841959,2,qEHVI,0.4,0.22,0.28,0.04,0.0,0.0,0.0,0.0,0.0,0.0,0.0,0.0,0.0,0.04,0.02
1,1,5,0,False,1.2747718755557207,0.7789341147841959,3,qEHVI,0.7000000000000001,0.1,0.1,0.0,0.04,0.0,0.0,0.0,0.0,0.0,0.0,0.0,0.0,0.04,0.02
1,1,5,0,False,1.2747718755557207,0.7789341147841959,4,qEHVI,0.7000000000000001,0.0,0.24,0.0,0.0,0.0,0.0,0.0,0.02,0.0,0.0,0.0,0.0,0.04,0.0
1,2,4,1,False,1.3014941248921534,0.48215988842669155,0,qEHVI,0.5,0.02,0.4,0.04,0.0,0.0,0.0,0.0,0.0,0.0,0.0,0.0,0.0,0.04,0.0
1,2,4,1,False,1.3014941248921534,0.48215988842669155,1,qEHVI,0.7000000000000001,0.1,0.12,0.0,0.04,0.0,0.0,0.0,0.0,0.0,0.0,0.0,0.0,0.04,0.0
1,2,4,1,False,1.3014941248921534,0.48215988842669155,2,qEHVI,0.4,0.22,0.28,0.04,0.0,0.0,0.0,0.0,0.0,0.0,0.0,0.0,0.0,0.04,0.02
1,2,4,1,False,1.3014941248921534,0.48215988842669155,3,qEHVI,0.24,0.02,0.64,0.0,0.04,0.0,0.0,0.0,0.0,0.0,0.0,0.04,0.0,0.0,0.02
1,2,4,1,False,1.3014941248921534,0.48215988842669155,4,qUCB,0.08,0.78,0.06,0.0,0.02,0.0,0.0,0.0,0.04,0.0,0.0,0.0,0.0,0.0,0.02
1,3,3,2,True,1.335011982867183,0.42050021717576413,0,qEHVI,0.5,0.02,0.4,0.04,0.0,0.0,0.0,0.0,0.0,0.0,0.0,0.0,0.0,0.04,0.0
1,3,3,2,True,1.335011982867183,0.42050021717576413,1,qEHVI,0.7000000000000001,0.1,0.12,0.0,0.04,0.0,0.0,0.0,0.0,0.0,0.0,0.0,0.0,0.04,0.0
1,3,3,2,True,1.335011982867183,0.42050021717576413,2,qEHVI,0.7000000000000001,0.0,0.24,0.0,0.0,0.0,0.0,0.0,0.02,0.0,0.0,0.0,0.0,0.04,0.0
1,3,3,2,True,1.335011982867183,0.42050021717576413,3,qUCB,0.0,0.88,0.02,0.0,0.0,0.0,0.0,0.0,0.02,0.0,0.0,0.04,0.0,0.0,0.04
1,3,3,2,True,1.335011982867183,0.42050021717576413,4,qUCB,0.0,0.88,0.06,0.0,0.0,0.0,0.0,0.0,0.0,0.0,0.0,0.04,0.0,0.0,0.02
1,4,2,3,False,1.3304379366816232,0.4983651638538671,0,qEHVI,0.5,0.02,0.4,0.04,0.0,0.0,0.0,0.0,0.0,0.0,0.0,0.0,0.0,0.04,0.0
1,4,2,3,False,1.3304379366816232,0.4983651638538671,1,qEHVI,0.7000000000000001,0.1,0.12,0.0,0.04,0.0,0.0,0.0,0.0,0.0,0.0,0.0,0.0,0.04,0.0
1,4,2,3,False,1.3304379366816232,0.4983651638538671,2,qUCB,0.0,0.74,0.16,0.0,0.0,0.0,0.0,0.0,0.04,0.0,0.0,0.04,0.0,0.0,0.02
1,4,2,3,False,1.3304379366816232,0.4983651638538671,3,qUCB,0.0,0.88,0.02,0.0,0.0,0.0,0.0,0.0,0.02,0.0,0.0,0.04,0.0,0.0,0.04
1,4,2,3,False,1.3304379366816232,0.4983651638538671,4,qUCB,0.02,0.08,0.8,0.0,0.0,0.0,0.0,0.0,0.04,0.0,0.0,0.02,0.0,0.0,0.04
1,5,1,4,False,1.1731404627313256,0.23429820712148164,0,qEHVI,0.5,0.02,0.4,0.04,0.0,0.0,0.0,0.0,0.0,0.0,0.0,0.0,0.0,0.04,0.0
1,5,1,4,False,1.1731404627313256,0.23429820712148164,1,qUCB,0.04,0.8200000000000001,0.04,0.0,0.04,0.0,0.0,0.0,0.0,0.0,0.0,0.04,0.0,0.0,0.02
1,5,1,4,False,1.1731404627313256,0.23429820712148164,2,qUCB,0.0,0.88,0.02,0.0,0.0,0.0,0.0,0.0,0.02,0.0,0.0,0.04,0.0,0.0,0.04
1,5,1,4,False,1.1731404627313256,0.23429820712148164,3,qUCB,0.0,0.74,0.16,0.0,0.0,0.0,0.0,0.0,0.04,0.0,0.0,0.04,0.0,0.0,0.02
1,5,1,4,False,1.1731404627313256,0.23429820712148164,4,qUCB,0.08,0.78,0.04,0.0,0.04,0.0,0.0,0.0,0.04,0.0,0.0,0.0,0.0,0.0,0.02
1,6,0,5,False,1.1637432856149326,0.40295822968856676,0,qUCB,0.54,0.1,0.28,0.02,0.0,0.0,0.0,0.0,0.0,0.0,0.0,0.0,0.0,0.04,0.02
1,6,0,5,False,1.1637432856149326,0.40295822968856676,1,qUCB,0.62,0.22,0.06,0.0,0.04,0.0,0.0,0.0,0.0,0.0,0.0,0.04,0.0,0.0,0.02
1,6,0,5,False,1.1637432856149326,0.40295822968856676,2,qUCB,0.0,0.32,0.58,0.04,0.0,0.0,0.0,0.0,0.04,0.0,0.0,0.0,0.0,0.0,0.02
1,6,0,5,False,1.1637432856149326,0.40295822968856676,3,qUCB,0.08,0.74,0.08,0.04,0.0,0.0,0.0,0.0,0.04,0.0,0.0,0.0,0.0,0.0,0.02
1,6,0,5,False,1.1637432856149326,0.40295822968856676,4,qUCB,0.32,0.02,0.56,0.0,0.0,0.0,0.0,0.0,0.0,0.0,0.0,0.04,0.0,0.04,0.02
2,1,5,0,False,1.420708241543086,1.1967074913126758,0,qEHVI,0.36,0.38,0.22,0.0,0.02,0.0,0.0,0.0,0.0,0.0,0.0,0.0,0.0,0.02,0.0
2,1,5,0,False,1.420708241543086,1.1967074913126758,1,qEHVI,0.14,0.56,0.22,0.0,0.0,0.0,0.0,0.0,0.0,0.0,0.0,0.0,0.0,0.04,0.04
2,1,5,0,False,1.420708241543086,1.1967074913126758,2,qEHVI,0.54,0.26,0.18,0.0,0.0,0.0,0.0,0.0,0.0,0.0,0.0,0.0,0.0,0.0,0.02
2,1,5,0,False,1.420708241543086,1.1967074913126758,3,qEHVI,0.2,0.52,0.28,0.0,0.0,0.0,0.0,0.0,0.0,0.0,0.0,0.0,0.0,0.0,0.0
2,1,5,0,False,1.420708241543086,1.1967074913126758,4,qEHVI,0.44,0.36,0.14,0.0,0.02,0.0,0.0,0.0,0.0,0.0,0.0,0.0,0.0,0.04,0.0
2,2,4,1,True,1.3539861653444667,1.680638526983035,0,qEHVI,0.36,0.38,0.22,0.0,0.02,0.0,0.0,0.0,0.0,0.0,0.0,0.0,0.0,0.02,0.0
2,2,4,1,True,1.3539861653444667,1.680638526983035,1,qEHVI,0.14,0.56,0.22,0.0,0.0,0.0,0.0,0.0,0.0,0.0,0.0,0.0,0.0,0.04,0.04
2,2,4,1,True,1.3539861653444667,1.680638526983035,2,qEHVI,0.54,0.26,0.18,0.0,0.0,0.0,0.0,0.0,0.0,0.0,0.0,0.0,0.0,0.0,0.02
2,2,4,1,True,1.3539861653444667,1.680638526983035,3,qEHVI,0.2,0.52,0.28,0.0,0.0,0.0,0.0,0.0,0.0,0.0,0.0,0.0,0.0,0.0,0.0
2,2,4,1,True,1.3539861653444667,1.680638526983035,4,qUCB,0.0,0.66,0.24,0.04,0.0,0.0,0.0,0.0,0.04,0.0,0.0,0.0,0.0,0.02,0.0
2,3,3,2,False,1.2739542860306705,1.1468287771749104,0,qEHVI,0.36,0.38,0.22,0.0,0.02,0.0,0.0,0.0,0.0,0.0,0.0,0.0,0.0,0.02,0.0
2,3,3,2,False,1.2739542860306705,1.1468287771749104,1,qEHVI,0.14,0.56,0.22,0.0,0.0,0.0,0.0,0.0,0.0,0.0,0.0,0.0,0.0,0.04,0.04
2,3,3,2,False,1.2739542860306705,1.1468287771749104,2,qEHVI,0.54,0.26,0.18,0.0,0.0,0.0,0.0,0.0,0.0,0.0,0.0,0.0,0.0,0.0,0.02
2,3,3,2,False,1.2739542860306705,1.1468287771749104,3,qUCB,0.0,0.66,0.24,0.04,0.0,0.0,0.0,0.0,0.04,0.0,0.0,0.0,0.0,0.02,0.0
2,3,3,2,False,1.2739542860306705,1.1468287771749104,4,qUCB,0.04,0.8200000000000001,0.06,0.04,0.0,0.0,0.0,0.0,0.04,0.0,0.0,0.0,0.0,0.0,0.0
2,4,2,3,False,1.1250127483879178,1.2924997475209352,0,qEHVI,0.36,0.38,0.22,0.0,0.02,0.0,0.0,0.0,0.0,0.0,0.0,0.0,0.0,0.02,0.0
2,4,2,3,False,1.1250127483879178,1.2924997475209352,1,qEHVI,0.14,0.56,0.22,0.0,0.0,0.0,0.0,0.0,0.0,0.0,0.0,0.0,0.0,0.04,0.04
2,4,2,3,False,1.1250127483879178,1.2924997475209352,2,qUCB,0.22,0.46,0.22,0.04,0.0,0.0,0.0,0.0,0.04,0.0,0.0,0.0,0.0,0.0,0.02
2,4,2,3,False,1.1250127483879178,1.2924997475209352,3,qUCB,0.02,0.8200000000000001,0.06,0.04,0.0,0.0,0.0,0.0,0.04,0.0,0.0,0.0,0.0,0.0,0.02
2,4,2,3,False,1.1250127483879178,1.2924997475209352,4,qUCB,0.86,0.06,0.0,0.0,0.0,0.0,0.0,0.0,0.0,0.0,0.0,0.04,0.0,0.0,0.04
2,5,1,4,False,1.005846817248057,0.5108228109164159,0,qEHVI,0.36,0.38,0.22,0.0,0.02,0.0,0.0,0.0,0.0,0.0,0.0,0.0,0.0,0.02,0.0
2,5,1,4,False,1.005846817248057,0.5108228109164159,1,qUCB,0.04,0.68,0.2,0.0,0.0,0.0,0.0,0.0,0.04,0.0,0.0,0.0,0.0,0.0,0.04
2,5,1,4,False,1.005846817248057,0.5108228109164159,2,qUCB,0.86,0.06,0.0,0.0,0.0,0.0,0.0,0.0,0.0,0.0,0.0,0.04,0.0,0.0,0.04
2,5,1,4,False,1.005846817248057,0.5108228109164159,3,qUCB,0.0,0.92,0.0,0.04,0.0,0.0,0.0,0.0,0.0,0.0,0.0,0.0,0.0,0.0,0.04
2,5,1,4,False,1.005846817248057,0.5108228109164159,4,qUCB,0.8200000000000001,0.08,0.0,0.04,0.0,0.0,0.0,0.0,0.02,0.0,0.0,0.0,0.0,0.0,0.04
2,6,0,5,False,0.9830478201998998,0.9056108673570762,0,qUCB,0.24,0.5,0.18,0.0,0.0,0.0,0.0,0.0,0.0,0.0,0.0,0.0,0.0,0.04,0.04
2,6,0,5,False,0.9830478201998998,0.9056108673570762,1,qUCB,0.08,0.66,0.18,0.0,0.04,0.0,0.0,0.0,0.0,0.0,0.0,0.0,0.0,0.04,0.0
2,6,0,5,False,0.9830478201998998,0.9056108673570762,2,qUCB,0.04,0.7000000000000001,0.18,0.0,0.04,0.0,0.0,0.0,0.0,0.0,0.0,0.0,0.0,0.0,0.04
2,6,0,5,False,0.9830478201998998,0.9056108673570762,3,qUCB,0.0,0.96,0.0,0.0,0.0,0.0,0.0,0.0,0.0,0.0,0.0,0.0,0.0,0.04,0.0
2,6,0,5,False,0.9830478201998998,0.9056108673570762,4,qUCB,0.86,0.06,0.0,0.0,0.0,0.0,0.0,0.0,0.0,0.0,0.0,0.04,0.0,0.0,0.04
3,1,5,0,False,2.4676021214771784,0.4373474965457742,0,qEHVI,0.34,0.54,0.04,0.0,0.02,0.0,0.0,0.0,0.0,0.0,0.0,0.02,0.0,0.0,0.04
3,1,5,0,False,2.4676021214771784,0.4373474965457742,1,qEHVI,0.5,0.26,0.16,0.02,0.0,0.0,0.0,0.0,0.0,0.0,0.0,0.02,0.0,0.0,0.04
3,1,5,0,False,2.4676021214771784,0.4373474965457742,2,qEHVI,0.56,0.08,0.26,0.04,0.02,0.0,0.0,0.0,0.0,0.0,0.0,0.0,0.0,0.04,0.0
3,1,5,0,False,2.4676021214771784,0.4373474965457742,3,qEHVI,0.36,0.0,0.54,0.0,0.04,0.0,0.0,0.0,0.0,0.0,0.0,0.04,0.0,0.02,0.0
3,1,5,0,False,2.4676021214771784,0.4373474965457742,4,qEHVI,0.42,0.36,0.14,0.04,0.0,0.0,0.0,0.0,0.0,0.0,0.0,0.0,0.0,0.04,0.0
3,2,4,1,False,2.55137814772104,0.296796459409423,0,qEHVI,0.34,0.54,0.04,0.0,0.02,0.0,0.0,0.0,0.0,0.0,0.0,0.02,0.0,0.0,0.04
3,2,4,1,False,2.55137814772104,0.296796459409423,1,qEHVI,0.5,0.26,0.16,0.02,0.0,0.0,0.0,0.0,0.0,0.0,0.0,0.02,0.0,0.0,0.04
3,2,4,1,False,2.55137814772104,0.296796459409423,2,qEHVI,0.56,0.08,0.26,0.04,0.02,0.0,0.0,0.0,0.0,0.0,0.0,0.0,0.0,0.04,0.0
3,2,4,1,False,2.55137814772104,0.296796459409423,3,qEHVI,0.42,0.36,0.14,0.04,0.0,0.0,0.0,0.0,0.0,0.0,0.0,0.0,0.0,0.04,0.0
3,2,4,1,False,2.55137814772104,0.296796459409423,4,qUCB,0.4,0.0,0.52,0.0,0.04,0.0,0.0,0.0,0.04,0.0,0.0,0.0,0.0,0.0,0.0
3,3,3,2,False,2.502406564073039,0.22461477579142652,0,qEHVI,0.36,0.32,0.24,0.0,0.0,0.0,0.0,0.0,0.02,0.0,0.0,0.04,0.0,0.0,0.02
3,3,3,2,False,2.502406564073039,0.22461477579142652,1,qEHVI,0.5,0.26,0.16,0.02,0.0,0.0,0.0,0.0,0.0,0.0,0.0,0.02,0.0,0.0,0.04
3,3,3,2,False,2.502406564073039,0.22461477579142652,2,qEHVI,0.56,0.08,0.26,0.04,0.02,0.0,0.0,0.0,0.0,0.0,0.0,0.0,0.0,0.04,0.0
3,3,3,2,False,2.502406564073039,0.22461477579142652,3,qUCB,0.88,0.0,0.04,0.0,0.04,0.0,0.0,0.0,0.04,0.0,0.0,0.0,0.0,0.0,0.0
3,3,3,2,False,2.502406564073039,0.22461477579142652,4,qUCB,0.44,0.46,0.02,0.0,0.04,0.0,0.0,0.0,0.04,0.0,0.0,0.0,0.0,0.0,0.0
3,4,2,3,True,2.4576019215856655,0.35350434977399026,0,qEHVI,0.36,0.32,0.24,0.0,0.0,0.0,0.0,0.0,0.02,0.0,0.0,0.04,0.0,0.0,0.02
3,4,2,3,True,2.4576019215856655,0.35350434977399026,1,qEHVI,0.5,0.26,0.16,0.02,0.0,0.0,0.0,0.0,0.0,0.0,0.0,0.02,0.0,0.0,0.04
3,4,2,3,True,2.4576019215856655,0.35350434977399026,2,qUCB,0.56,0.06,0.3,0.0,0.04,0.0,0.0,0.0,0.0,0.0,0.0,0.0,0.0,0.04,0.0
3,4,2,3,True,2.4576019215856655,0.35350434977399026,3,qUCB,0.44,0.22,0.26,0.0,0.04,0.0,0.0,0.0,0.0,0.0,0.0,0.0,0.0,0.04,0.0
3,4,2,3,True,2.4576019215856655,0.35350434977399026,4,qUCB,0.9,0.02,0.0,0.0,0.04,0.0,0.0,0.0,0.0,0.0,0.0,0.0,0.0,0.04,0.0
3,5,1,4,False,2.2653239816197663,0.13243212729114262,0,qEHVI,0.34,0.54,0.04,0.0,0.02,0.0,0.0,0.0,0.0,0.0,0.0,0.02,0.0,0.0,0.04
3,5,1,4,False,2.2653239816197663,0.13243212729114262,1,qUCB,0.44,0.06,0.42,0.04,0.0,0.0,0.0,0.0,0.0,0.0,0.0,0.0,0.0,0.04,0.0
3,5,1,4,False,2.2653239816197663,0.13243212729114262,2,qUCB,0.86,0.04,0.0,0.02,0.0,0.0,0.0,0.0,0.04,0.0,0.0,0.0,0.0,0.04,0.0
3,5,1,4,False,2.2653239816197663,0.13243212729114262,3,qUCB,0.62,0.04,0.24,0.04,0.0,0.0,0.0,0.0,0.04,0.0,0.0,0.0,0.0,0.02,0.0
3,5,1,4,False,2.2653239816197663,0.13243212729114262,4,qUCB,0.56,0.02,0.32,0.04,0.0,0.0,0.0,0.0,0.0,0.0,0.0,0.02,0.0,0.04,0.0
3,6,0,5,False,2.4466040219060767,0.1401850003242462,0,qUCB,0.48,0.4,0.1,0.0,0.02,0.0,0.0,0.0,0.0,0.0,0.0,0.0,0.0,0.0,0.0
3,6,0,5,False,2.4466040219060767,0.1401850003242462,1,qUCB,0.52,0.0,0.38,0.02,0.0,0.0,0.0,0.0,0.0,0.0,0.0,0.04,0.0,0.02,0.02
3,6,0,5,False,2.4466040219060767,0.1401850003242462,2,qUCB,0.36,0.18,0.38,0.0,0.0,0.0,0.0,0.0,0.0,0.0,0.0,0.04,0.0,0.0,0.04
3,6,0,5,False,2.4466040219060767,0.1401850003242462,3,qUCB,0.44,0.32,0.16,0.0,0.0,0.0,0.0,0.0,0.0,0.0,0.0,0.0,0.0,0.04,0.04
3,6,0,5,False,2.4466040219060767,0.1401850003242462,4,qUCB,0.46,0.46,0.02,0.02,0.0,0.0,0.0,0.0,0.0,0.0,0.0,0.04,0.0,0.0,0.0
4,1,5,0,False,3.360050064924376,0.7694532987096725,0,qEHVI,0.54,0.06,0.32,0.04,0.0,0.0,0.0,0.0,0.0,0.0,0.0,0.04,0.0,0.0,0.0
4,1,5,0,False,3.360050064924376,0.7694532987096725,1,qEHVI,0.48,0.16,0.26,0.04,0.02,0.0,0.0,0.0,0.0,0.0,0.0,0.04,0.0,0.0,0.0
4,1,5,0,False,3.360050064924376,0.7694532987096725,2,qEHVI,0.38,0.0,0.52,0.04,0.0,0.0,0.0,0.0,0.0,0.0,0.0,0.04,0.0,0.0,0.02
4,1,5,0,False,3.360050064924376,0.7694532987096725,3,qEHVI,0.48,0.2,0.22,0.0,0.02,0.0,0.0,0.0,0.04,0.0,0.0,0.04,0.0,0.0,0.0
4,1,5,0,False,3.360050064924376,0.7694532987096725,4,qEHVI,0.58,0.0,0.34,0.04,0.0,0.0,0.0,0.0,0.0,0.0,0.0,0.0,0.0,0.0,0.04
4,2,4,1,True,3.1500456742553267,0.9834068296650953,0,qEHVI,0.54,0.06,0.32,0.04,0.0,0.0,0.0,0.0,0.0,0.0,0.0,0.04,0.0,0.0,0.0
4,2,4,1,True,3.1500456742553267,0.9834068296650953,1,qEHVI,0.48,0.16,0.26,0.04,0.02,0.0,0.0,0.0,0.0,0.0,0.0,0.04,0.0,0.0,0.0
4,2,4,1,True,3.1500456742553267,0.9834068296650953,2,qEHVI,0.38,0.0,0.52,0.04,0.0,0.0,0.0,0.0,0.0,0.0,0.0,0.04,0.0,0.0,0.02
4,2,4,1,True,3.1500456742553267,0.9834068296650953,3,qEHVI,0.48,0.2,0.22,0.0,0.02,0.0,0.0,0.0,0.04,0.0,0.0,0.04,0.0,0.0,0.0
4,2,4,1,True,3.1500456742553267,0.9834068296650953,4,qUCB,0.18,0.2,0.52,0.0,0.02,0.0,0.0,0.0,0.0,0.0,0.0,0.0,0.0,0.04,0.04
4,3,3,2,False,2.9799646648583265,0.5631006884258838,0,qEHVI,0.54,0.06,0.32,0.04,0.0,0.0,0.0,0.0,0.0,0.0,0.0,0.04,0.0,0.0,0.0
4,3,3,2,False,2.9799646648583265,0.5631006884258838,1,qEHVI,0.48,0.16,0.26,0.04,0.02,0.0,0.0,0.0,0.0,0.0,0.0,0.04,0.0,0.0,0.0
4,3,3,2,False,2.9799646648583265,0.5631006884258838,2,qEHVI,0.38,0.0,0.52,0.04,0.0,0.0,0.0,0.0,0.0,0.0,0.0,0.04,0.0,0.0,0.02
4,3,3,2,False,2.9799646648583265,0.5631006884258838,3,qUCB,0.36,0.0,0.54,0.0,0.02,0.0,0.0,0.0,0.04,0.0,0.0,0.0,0.0,0.04,0.0
4,3,3,2,False,2.9799646648583265,0.5631006884258838,4,qUCB,0.0,0.0,0.96,0.0,0.04,0.0,0.0,0.0,0.0,0.0,0.0,0.0,0.0,0.0,0.0
4,4,2,3,False,2.755128066522708,0.5101034733378853,0,qEHVI,0.54,0.06,0.32,0.04,0.0,0.0,0.0,0.0,0.0,0.0,0.0,0.04,0.0,0.0,0.0
4,4,2,3,False,2.755128066522708,0.5101034733378853,1,qEHVI,0.48,0.16,0.26,0.04,0.02,0.0,0.0,0.0,0.0,0.0,0.0,0.04,0.0,0.0,0.0
4,4,2,3,False,2.755128066522708,0.5101034733378853,2,qUCB,0.4,0.0,0.52,0.0,0.0,0.0,0.0,0.0,0.04,0.0,0.0,0.0,0.0,0.0,0.04
4,4,2,3,False,2.755128066522708,0.5101034733378853,3,qUCB,0.0,0.36,0.56,0.0,0.0,0.0,0.0,0.0,0.0,0.0,0.0,0.0,0.0,0.04,0.04
4,4,2,3,False,2.755128066522708,0.5101034733378853,4,qUCB,0.0,0.0,0.96,0.0,0.04,0.0,0.0,0.0,0.0,0.0,0.0,0.0,0.0,0.0,0.0
4,5,1,4,False,2.19412108210083,1.077431373306986,0,qEHVI,0.54,0.06,0.32,0.04,0.0,0.0,0.0,0.0,0.0,0.0,0.0,0.04,0.0,0.0,0.0
4,5,1,4,False,2.19412108210083,1.077431373306986,1,qUCB,0.28,0.1,0.52,0.0,0.04,0.0,0.0,0.0,0.04,0.0,0.0,0.0,0.0,0.0,0.02
4,5,1,4,False,2.19412108210083,1.077431373306986,2,qUCB,0.0,0.0,0.96,0.0,0.04,0.0,0.0,0.0,0.0,0.0,0.0,0.0,0.0,0.0,0.0
4,5,1,4,False,2.19412108210083,1.077431373306986,3,qUCB,0.0,0.36,0.56,0.0,0.0,0.0,0.0,0.0,0.0,0.0,0.0,0.0,0.0,0.04,0.04
4,5,1,4,False,2.19412108210083,1.077431373306986,4,qUCB,0.36,0.0,0.54,0.0,0.02,0.0,0.0,0.0,0.04,0.0,0.0,0.0,0.0,0.04,0.0
4,6,0,5,False,1.729793122446931,0.35874481636534306,0,qUCB,0.38,0.0,0.52,0.04,0.0,0.0,0.0,0.0,0.0,0.0,0.0,0.04,0.0,0.0,0.02
4,6,0,5,False,1.729793122446931,0.35874481636534306,1,qUCB,0.0,0.0,0.96,0.0,0.04,0.0,0.0,0.0,0.0,0.0,0.0,0.0,0.0,0.0,0.0
4,6,0,5,False,1.729793122446931,0.35874481636534306,2,qUCB,0.4,0.0,0.52,0.0,0.0,0.0,0.0,0.0,0.04,0.0,0.0,0.0,0.0,0.0,0.04
4,6,0,5,False,1.729793122446931,0.35874481636534306,3,qUCB,0.0,0.36,0.54,0.04,0.0,0.0,0.0,0.0,0.0,0.0,0.0,0.02,0.0,0.0,0.04
4,6,0,5,False,1.729793122446931,0.35874481636534306,4,qUCB,0.0,0.0,0.9,0.04,0.0,0.0,0.0,0.0,0.0,0.0,0.0,0.04,0.0,0.0,0.02
5,1,5,0,False,4.662895181887489,1.0304254575078495,0,qEHVI,0.54,0.0,0.4,0.0,0.0,0.0,0.0,0.0,0.0,0.0,0.0,0.04,0.0,0.0,0.02
5,1,5,0,False,4.662895181887489,1.0304254575078495,1,qEHVI,0.54,0.42,0.0,0.0,0.04,0.0,0.0,0.0,0.0,0.0,0.0,0.0,0.0,0.0,0.0
5,1,5,0,False,4.662895181887489,1.0304254575078495,2,qEHVI,0.0,0.0,0.9400000000000001,0.0,0.02,0.0,0.0,0.0,0.02,0.0,0.0,0.02,0.0,0.0,0.0
5,1,5,0,False,4.662895181887489,1.0304254575078495,3,qEHVI,0.66,0.22,0.02,0.04,0.0,0.0,0.0,0.0,0.0,0.0,0.0,0.0,0.0,0.02,0.04
5,1,5,0,False,4.662895181887489,1.0304254575078495,4,qEHVI,0.3,0.24,0.38,0.04,0.0,0.0,0.0,0.0,0.0,0.0,0.0,0.0,0.0,0.0,0.04
5,2,4,1,False,4.365328486874555,0.7296484551695208,0,qEHVI,0.54,0.0,0.4,0.0,0.0,0.0,0.0,0.0,0.0,0.0,0.0,0.04,0.0,0.0,0.02
5,2,4,1,False,4.365328486874555,0.7296484551695208,1,qEHVI,0.52,0.38,0.02,0.0,0.0,0.0,0.0,0.0,0.02,0.0,0.0,0.02,0.0,0.0,0.04
5,2,4,1,False,4.365328486874555,0.7296484551695208,2,qEHVI,0.0,0.0,0.9400000000000001,0.0,0.02,0.0,0.0,0.0,0.02,0.0,0.0,0.02,0.0,0.0,0.0
5,2,4,1,False,4.365328486874555,0.7296484551695208,3,qEHVI,0.8200000000000001,0.02,0.06,0.04,0.0,0.0,0.0,0.0,0.0,0.0,0.0,0.04,0.0,0.0,0.02
5,2,4,1,False,4.365328486874555,0.7296484551695208,4,qUCB,0.34,0.4,0.18,0.04,0.04,0.0,0.0,0.0,0.0,0.0,0.0,0.0,0.0,0.0,0.0
5,3,3,2,False,4.574903824272563,0.1827891899592018,0,qEHVI,0.54,0.0,0.4,0.0,0.0,0.0,0.0,0.0,0.0,0.0,0.0,0.04,0.0,0.0,0.02
5,3,3,2,False,4.574903824272563,0.1827891899592018,1,qEHVI,0.54,0.42,0.0,0.0,0.04,0.0,0.0,0.0,0.0,0.0,0.0,0.0,0.0,0.0,0.0
5,3,3,2,False,4.574903824272563,0.1827891899592018,2,qEHVI,0.0,0.0,0.9400000000000001,0.0,0.02,0.0,0.0,0.0,0.02,0.0,0.0,0.02,0.0,0.0,0.0
5,3,3,2,False,4.574903824272563,0.1827891899592018,3,qUCB,0.22,0.28,0.4,0.04,0.0,0.0,0.0,0.0,0.02,0.0,0.0,0.0,0.0,0.0,0.04
5,3,3,2,False,4.574903824272563,0.1827891899592018,4,qUCB,0.0,0.04,0.86,0.02,0.0,0.0,0.0,0.0,0.0,0.0,0.0,0.0,0.0,0.04,0.04
5,4,2,3,True,4.821761712821365,0.46191326120515086,0,qEHVI,0.54,0.0,0.4,0.0,0.0,0.0,0.0,0.0,0.0,0.0,0.0,0.04,0.0,0.0,0.02
5,4,2,3,True,4.821761712821365,0.46191326120515086,1,qEHVI,0.52,0.38,0.02,0.0,0.0,0.0,0.0,0.0,0.02,0.0,0.0,0.02,0.0,0.0,0.04
5,4,2,3,True,4.821761712821365,0.46191326120515086,2,qUCB,0.3,0.18,0.42,0.04,0.04,0.0,0.0,0.0,0.02,0.0,0.0,0.0,0.0,0.0,0.0
5,4,2,3,True,4.821761712821365,0.46191326120515086,3,qUCB,0.0,0.0,0.9,0.04,0.02,0.0,0.0,0.0,0.02,0.0,0.0,0.0,0.0,0.02,0.0
5,4,2,3,True,4.821761712821365,0.46191326120515086,4,qUCB,0.0,0.28,0.62,0.04,0.0,0.0,0.0,0.0,0.04,0.0,0.0,0.0,0.0,0.02,0.0
5,5,1,4,False,4.253193072414923,0.5207483116399878,0,qEHVI,0.54,0.0,0.4,0.0,0.0,0.0,0.0,0.0,0.0,0.0,0.0,0.04,0.0,0.0,0.02
5,5,1,4,False,4.253193072414923,0.5207483116399878,1,qUCB,0.18,0.3,0.42,0.04,0.02,0.0,0.0,0.0,0.04,0.0,0.0,0.0,0.0,0.0,0.0
5,5,1,4,False,4.253193072414923,0.5207483116399878,2,qUCB,0.0,0.0,0.9,0.04,0.02,0.0,0.0,0.0,0.02,0.0,0.0,0.0,0.0,0.02,0.0
5,5,1,4,False,4.253193072414923,0.5207483116399878,3,qUCB,0.56,0.34,0.0,0.04,0.04,0.0,0.0,0.0,0.02,0.0,0.0,0.0,0.0,0.0,0.0
5,5,1,4,False,4.253193072414923,0.5207483116399878,4,qUCB,0.0,0.28,0.62,0.04,0.0,0.0,0.0,0.0,0.04,0.0,0.0,0.0,0.0,0.02,0.0
5,6,0,5,False,4.640796432821157,0.4536017273684152,0,qUCB,0.54,0.0,0.4,0.0,0.0,0.0,0.0,0.0,0.0,0.0,0.0,0.04,0.0,0.0,0.02
5,6,0,5,False,4.640796432821157,0.4536017273684152,1,qUCB,0.0,0.0,0.9400000000000001,0.0,0.02,0.0,0.0,0.0,0.02,0.0,0.0,0.02,0.0,0.0,0.0
5,6,0,5,False,4.640796432821157,0.4536017273684152,2,qUCB,0.02,0.0,0.88,0.04,0.0,0.0,0.0,0.0,0.02,0.0,0.0,0.02,0.0,0.0,0.02
5,6,0,5,False,4.640796432821157,0.4536017273684152,3,qUCB,0.48,0.46,0.0,0.0,0.0,0.0,0.0,0.0,0.04,0.0,0.0,0.02,0.0,0.0,0.0
5,6,0,5,False,4.640796432821157,0.4536017273684152,4,qUCB,0.3,0.02,0.64,0.04,0.0,0.0,0.0,0.0,0.0,0.0,0.0,0.0,0.0,0.0,0.0
6,1,5,0,False,3.153666345300376,0.6580958230180194,0,qEHVI,0.5,0.0,0.44,0.04,0.0,0.0,0.0,0.0,0.0,0.0,0.0,0.0,0.0,0.0,0.02
6,1,5,0,False,3.153666345300376,0.6580958230180194,1,qEHVI,0.74,0.22,0.0,0.0,0.0,0.0,0.0,0.0,0.0,0.0,0.0,0.02,0.0,0.0,0.02
6,1,5,0,False,3.153666345300376,0.6580958230180194,2,qEHVI,0.5,0.0,0.42,0.0,0.0,0.0,0.0,0.0,0.04,0.0,0.0,0.02,0.0,0.02,0.0
6,1,5,0,False,3.153666345300376,0.6580958230180194,3,qEHVI,0.66,0.28,0.0,0.0,0.0,0.0,0.0,0.0,0.0,0.0,0.0,0.0,0.0,0.04,0.02
6,1,5,0,False,3.153666345300376,0.6580958230180194,4,qEHVI,0.92,0.0,0.0,0.0,0.0,0.0,0.0,0.0,0.0,0.0,0.0,0.04,0.0,0.0,0.04
6,2,4,1,True,3.008893559215445,0.9326634094048885,0,qEHVI,0.5,0.0,0.44,0.04,0.0,0.0,0.0,0.0,0.0,0.0,0.0,0.0,0.0,0.0,0.02
6,2,4,1,True,3.008893559215445,0.9326634094048885,1,qEHVI,0.74,0.22,0.0,0.0,0.0,0.0,0.0,0.0,0.0,0.0,0.0,0.02,0.0,0.0,0.02
6,2,4,1,True,3.008893559215445,0.9326634094048885,2,qEHVI,0.5,0.0,0.42,0.0,0.0,0.0,0.0,0.0,0.04,0.0,0.0,0.02,0.0,0.02,0.0
6,2,4,1,True,3.008893559215445,0.9326634094048885,3,qEHVI,0.66,0.28,0.0,0.0,0.0,0.0,0.0,0.0,0.0,0.0,0.0,0.0,0.0,0.04,0.02
6,2,4,1,True,3.008893559215445,0.9326634094048885,4,qUCB,0.44,0.02,0.44,0.0,0.04,0.0,0.0,0.0,0.02,0.0,0.0,0.0,0.0,0.0,0.04
6,3,3,2,False,2.7591672632270186,0.39773785788473504,0,qEHVI,0.5,0.0,0.44,0.04,0.0,0.0,0.0,0.0,0.0,0.0,0.0,0.0,0.0,0.0,0.02
6,3,3,2,False,2.7591672632270186,0.39773785788473504,1,qEHVI,0.74,0.22,0.0,0.0,0.0,0.0,0.0,0.0,0.0,0.0,0.0,0.02,0.0,0.0,0.02
6,3,3,2,False,2.7591672632270186,0.39773785788473504,2,qEHVI,0.5,0.0,0.42,0.0,0.0,0.0,0.0,0.0,0.04,0.0,0.0,0.02,0.0,0.02,0.0
6,3,3,2,False,2.7591672632270186,0.39773785788473504,3,qUCB,0.48,0.0,0.44,0.0,0.04,0.0,0.0,0.0,0.0,0.0,0.0,0.0,0.0,0.04,0.0
6,3,3,2,False,2.7591672632270186,0.39773785788473504,4,qUCB,0.44,0.02,0.44,0.0,0.04,0.0,0.0,0.0,0.02,0.0,0.0,0.0,0.0,0.0,0.04
6,4,2,3,False,2.661456236464257,0.7752784926958398,0,qEHVI,0.5,0.0,0.44,0.04,0.0,0.0,0.0,0.0,0.0,0.0,0.0,0.0,0.0,0.0,0.02
6,4,2,3,False,2.661456236464257,0.7752784926958398,1,qEHVI,0.74,0.22,0.0,0.0,0.0,0.0,0.0,0.0,0.0,0.0,0.0,0.02,0.0,0.0,0.02
6,4,2,3,False,2.661456236464257,0.7752784926958398,2,qUCB,0.44,0.04,0.44,0.0,0.04,0.0,0.0,0.0,0.04,0.0,0.0,0.0,0.0,0.0,0.0
6,4,2,3,False,2.661456236464257,0.7752784926958398,3,qUCB,0.52,0.0,0.38,0.0,0.02,0.0,0.0,0.0,0.04,0.0,0.0,0.0,0.0,0.04,0.0
6,4,2,3,False,2.661456236464257,0.7752784926958398,4,qUCB,0.48,0.0,0.44,0.0,0.04,0.0,0.0,0.0,0.0,0.0,0.0,0.0,0.0,0.04,0.0
6,5,1,4,False,2.877722755128542,0.885227299121425,0,qEHVI,0.5,0.0,0.44,0.04,0.0,0.0,0.0,0.0,0.0,0.0,0.0,0.0,0.0,0.0,0.02
6,5,1,4,False,2.877722755128542,0.885227299121425,1,qUCB,0.44,0.04,0.44,0.0,0.04,0.0,0.0,0.0,0.04,0.0,0.0,0.0,0.0,0.0,0.0
6,5,1,4,False,2.877722755128542,0.885227299121425,2,qUCB,0.76,0.14,0.0,0.0,0.04,0.0,0.0,0.0,0.04,0.0,0.0,0.02,0.0,0.0,0.0
6,5,1,4,False,2.877722755128542,0.885227299121425,3,qUCB,0.5,0.4,0.0,0.0,0.02,0.0,0.0,0.0,0.04,0.0,0.0,0.0,0.0,0.04,0.0
6,5,1,4,False,2.877722755128542,0.885227299121425,4,qUCB,0.86,0.0,0.04,0.0,0.0,0.0,0.0,0.0,0.04,0.0,0.0,0.04,0.0,0.02,0.0
6,6,0,5,False,2.539790759139169,0.48107585618102533,0,qUCB,0.52,0.0,0.42,0.0,0.02,0.0,0.0,0.0,0.0,0.0,0.0,0.0,0.0,0.0,0.04
6,6,0,5,False,2.539790759139169,0.48107585618102533,1,qUCB,0.48,0.02,0.44,0.0,0.0,0.0,0.0,0.0,0.04,0.0,0.0,0.02,0.0,0.0,0.0
6,6,0,5,False,2.539790759139169,0.48107585618102533,2,qUCB,0.5,0.0,0.44,0.04,0.0,0.0,0.0,0.0,0.0,0.0,0.0,0.0,0.0,0.0,0.02
6,6,0,5,False,2.539790759139169,0.48107585618102533,3,qUCB,0.5,0.0,0.4,0.04,0.0,0.0,0.0,0.0,0.04,0.0,0.0,0.0,0.0,0.0,0.02
6,6,0,5,False,2.539790759139169,0.48107585618102533,4,qUCB,0.88,0.0,0.04,0.0,0.0,0.0,0.0,0.0,0.04,0.0,0.0,0.04,0.0,0.0,0.0
7,1,5,0,False,2.2913842244960696,0.5682869438047904,0,qEHVI,0.48,0.0,0.42,0.04,0.0,0.0,0.0,0.0,0.04,0.0,0.0,0.02,0.0,0.0,0.0
7,1,5,0,False,2.2913842244960696,0.5682869438047904,1,qEHVI,0.5,0.16,0.32,0.0,0.0,0.0,0.0,0.0,0.0,0.0,0.0,0.0,0.0,0.02,0.0
7,1,5,0,False,2.2913842244960696,0.5682869438047904,2,qEHVI,0.62,0.3,0.0,0.04,0.0,0.0,0.0,0.0,0.0,0.0,0.0,0.0,0.0,0.0,0.04
7,1,5,0,False,2.2913842244960696,0.5682869438047904,3,qEHVI,0.34,0.24,0.34,0.04,0.0,0.0,0.0,0.0,0.02,0.0,0.0,0.02,0.0,0.0,0.0
7,1,5,0,False,2.2913842244960696,0.5682869438047904,4,qEHVI,0.5,0.02,0.4,0.0,0.0,0.0,0.0,0.0,0.0,0.0,0.0,0.04,0.0,0.04,0.0
7,2,4,1,False,2.194759690036353,0.5544194967575322,0,qEHVI,0.48,0.0,0.42,0.04,0.0,0.0,0.0,0.0,0.04,0.0,0.0,0.02,0.0,0.0,0.0
7,2,4,1,False,2.194759690036353,0.5544194967575322,1,qEHVI,0.5,0.16,0.32,0.0,0.0,0.0,0.0,0.0,0.0,0.0,0.0,0.0,0.0,0.02,0.0
7,2,4,1,False,2.194759690036353,0.5544194967575322,2,qEHVI,0.62,0.3,0.0,0.04,0.0,0.0,0.0,0.0,0.0,0.0,0.0,0.0,0.0,0.0,0.04
7,2,4,1,False,2.194759690036353,0.5544194967575322,3,qEHVI,0.3,0.24,0.36,0.04,0.02,0.0,0.0,0.0,0.02,0.0,0.0,0.0,0.0,0.0,0.02
7,2,4,1,False,2.194759690036353,0.5544194967575322,4,qUCB,0.4,0.12,0.38,0.0,0.04,0.0,0.0,0.0,0.02,0.0,0.0,0.04,0.0,0.0,0.0
7,3,3,2,True,2.0650039499521506,0.9119855017340406,0,qEHVI,0.48,0.0,0.42,0.04,0.0,0.0,0.0,0.0,0.04,0.0,0.0,0.02,0.0,0.0,0.0
7,3,3,2,True,2.0650039499521506,0.9119855017340406,1,qEHVI,0.5,0.16,0.32,0.0,0.0,0.0,0.0,0.0,0.0,0.0,0.0,0.0,0.0,0.02,0.0
7,3,3,2,True,2.0650039499521506,0.9119855017340406,2,qEHVI,0.62,0.3,0.0,0.04,0.0,0.0,0.0,0.0,0.0,0.0,0.0,0.0,0.0,0.0,0.04
7,3,3,2,True,2.0650039499521506,0.9119855017340406,3,qUCB,0.5,0.0,0.4,0.0,0.02,0.0,0.0,0.0,0.04,0.0,0.0,0.0,0.0,0.0,0.04
7,3,3,2,True,2.0650039499521506,0.9119855017340406,4,qUCB,0.4,0.12,0.38,0.0,0.04,0.0,0.0,0.0,0.02,0.0,0.0,0.04,0.0,0.0,0.0
7,4,2,3,False,1.6723944577387915,0.966443831204324,0,qEHVI,0.48,0.0,0.42,0.04,0.0,0.0,0.0,0.0,0.04,0.0,0.0,0.02,0.0,0.0,0.0
7,4,2,3,False,1.6723944577387915,0.966443831204324,1,qEHVI,0.5,0.16,0.32,0.0,0.0,0.0,0.0,0.0,0.0,0.0,0.0,0.0,0.0,0.02,0.0
7,4,2,3,False,1.6723944577387915,0.966443831204324,2,qUCB,0.5,0.0,0.4,0.0,0.02,0.0,0.0,0.0,0.04,0.0,0.0,0.0,0.0,0.0,0.04
7,4,2,3,False,1.6723944577387915,0.966443831204324,3,qUCB,0.34,0.16,0.4,0.02,0.0,0.0,0.0,0.0,0.0,0.0,0.0,0.04,0.0,0.0,0.04
7,4,2,3,False,1.6723944577387915,0.966443831204324,4,qUCB,0.26,0.0,0.64,0.0,0.02,0.0,0.0,0.0,0.0,0.0,0.0,0.04,0.0,0.0,0.04
7,5,1,4,False,1.4631394278468297,0.4954514807246222,0,qEHVI,0.48,0.0,0.42,0.04,0.0,0.0,0.0,0.0,0.04,0.0,0.0,0.02,0.0,0.0,0.0
7,5,1,4,False,1.4631394278468297,0.4954514807246222,1,qUCB,0.42,0.12,0.36,0.0,0.04,0.0,0.0,0.0,0.0,0.0,0.0,0.0,0.0,0.04,0.02
7,5,1,4,False,1.4631394278468297,0.4954514807246222,2,qUCB,0.38,0.52,0.0,0.0,0.04,0.0,0.0,0.0,0.0,0.0,0.0,0.02,0.0,0.04,0.0
7,5,1,4,False,1.4631394278468297,0.4954514807246222,3,qUCB,0.52,0.04,0.34,0.0,0.04,0.0,0.0,0.0,0.0,0.0,0.0,0.0,0.0,0.02,0.04
7,5,1,4,False,1.4631394278468297,0.4954514807246222,4,qUCB,0.5,0.32,0.08,0.0,0.04,0.0,0.0,0.0,0.0,0.0,0.0,0.0,0.0,0.04,0.02
7,6,0,5,False,1.398945855886026,0.29827533688965846,0,qUCB,0.6,0.0,0.38,0.0,0.02,0.0,0.0,0.0,0.0,0.0,0.0,0.0,0.0,0.0,0.0
7,6,0,5,False,1.398945855886026,0.29827533688965846,1,qUCB,0.48,0.02,0.4,0.02,0.02,0.0,0.0,0.0,0.0,0.0,0.0,0.04,0.0,0.0,0.02
7,6,0,5,False,1.398945855886026,0.29827533688965846,2,qUCB,0.44,0.52,0.0,0.04,0.0,0.0,0.0,0.0,0.0,0.0,0.0,0.0,0.0,0.0,0.0
7,6,0,5,False,1.398945855886026,0.29827533688965846,3,qUCB,0.28,0.0,0.64,0.0,0.0,0.0,0.0,0.0,0.0,0.0,0.0,0.04,0.0,0.0,0.04
7,6,0,5,False,1.398945855886026,0.29827533688965846,4,qUCB,0.4,0.12,0.4,0.04,0.0,0.0,0.0,0.0,0.0,0.0,0.0,0.0,0.0,0.0,0.04
8,1,5,0,False,4.4459014139986435,0.5408298005644738,0,qEHVI,0.42,0.38,0.12,0.0,0.0,0.0,0.0,0.0,0.04,0.0,0.0,0.0,0.0,0.02,0.02
8,1,5,0,False,4.4459014139986435,0.5408298005644738,1,qEHVI,0.38,0.14,0.4,0.02,0.0,0.0,0.0,0.0,0.02,0.0,0.0,0.0,0.0,0.0,0.04
8,1,5,0,False,4.4459014139986435,0.5408298005644738,2,qEHVI,0.44,0.18,0.3,0.04,0.0,0.0,0.0,0.0,0.0,0.0,0.0,0.0,0.0,0.04,0.0
8,1,5,0,False,4.4459014139986435,0.5408298005644738,3,qEHVI,0.38,0.54,0.0,0.0,0.04,0.0,0.0,0.0,0.02,0.0,0.0,0.0,0.0,0.02,0.0
8,1,5,0,False,4.4459014139986435,0.5408298005644738,4,qEHVI,0.38,0.16,0.36,0.04,0.04,0.0,0.0,0.0,0.0,0.0,0.0,0.0,0.0,0.0,0.02
8,2,4,1,False,4.229319668593117,0.35585463961878006,0,qEHVI,0.42,0.38,0.12,0.0,0.0,0.0,0.0,0.0,0.04,0.0,0.0,0.0,0.0,0.02,0.02
8,2,4,1,False,4.229319668593117,0.35585463961878006,1,qEHVI,0.38,0.14,0.4,0.02,0.0,0.0,0.0,0.0,0.02,0.0,0.0,0.0,0.0,0.0,0.04
8,2,4,1,False,4.229319668593117,0.35585463961878006,2,qEHVI,0.44,0.18,0.3,0.04,0.0,0.0,0.0,0.0,0.0,0.0,0.0,0.0,0.0,0.04,0.0
8,2,4,1,False,4.229319668593117,0.35585463961878006,3,qEHVI,0.38,0.54,0.0,0.0,0.04,0.0,0.0,0.0,0.02,0.0,0.0,0.0,0.0,0.02,0.0
8,2,4,1,False,4.229319668593117,0.35585463961878006,4,qUCB,0.38,0.48,0.1,0.0,0.0,0.0,0.0,0.0,0.0,0.0,0.0,0.04,0.0,0.0,0.0
8,3,3,2,True,4.05047140687244,0.737174358737894,0,qEHVI,0.42,0.38,0.12,0.0,0.0,0.0,0.0,0.0,0.04,0.0,0.0,0.0,0.0,0.02,0.02
8,3,3,2,True,4.05047140687244,0.737174358737894,1,qEHVI,0.38,0.14,0.4,0.02,0.0,0.0,0.0,0.0,0.02,0.0,0.0,0.0,0.0,0.0,0.04
8,3,3,2,True,4.05047140687244,0.737174358737894,2,qEHVI,0.44,0.18,0.3,0.04,0.0,0.0,0.0,0.0,0.0,0.0,0.0,0.0,0.0,0.04,0.0
8,3,3,2,True,4.05047140687244,0.737174358737894,3,qUCB,0.56,0.3,0.06,0.0,0.04,0.0,0.0,0.0,0.0,0.0,0.0,0.04,0.0,0.0,0.0
8,3,3,2,True,4.05047140687244,0.737174358737894,4,qUCB,0.24,0.66,0.0,0.02,0.04,0.0,0.0,0.0,0.0,0.0,0.0,0.04,0.0,0.0,0.0
8,4,2,3,False,3.4922893031142848,0.39662897857187573,0,qEHVI,0.42,0.38,0.12,0.0,0.0,0.0,0.0,0.0,0.04,0.0,0.0,0.0,0.0,0.02,0.02
8,4,2,3,False,3.4922893031142848,0.39662897857187573,1,qEHVI,0.36,0.14,0.4,0.0,0.0,0.0,0.0,0.0,0.0,0.0,0.0,0.04,0.0,0.02,0.04
8,4,2,3,False,3.4922893031142848,0.39662897857187573,2,qUCB,0.42,0.06,0.44,0.04,0.04,0.0,0.0,0.0,0.0,0.0,0.0,0.0,0.0,0.0,0.0
8,4,2,3,False,3.4922893031142848,0.39662897857187573,3,qUCB,0.26,0.0,0.64,0.04,0.04,0.0,0.0,0.0,0.0,0.0,0.0,0.0,0.0,0.02,0.0
8,4,2,3,False,3.4922893031142848,0.39662897857187573,4,qUCB,0.02,0.0,0.98,0.0,0.0,0.0,0.0,0.0,0.0,0.0,0.0,0.0,0.0,0.0,0.0
8,5,1,4,False,3.121021669577885,0.24574576037447926,0,qEHVI,0.42,0.38,0.12,0.0,0.0,0.0,0.0,0.0,0.04,0.0,0.0,0.0,0.0,0.02,0.02
8,5,1,4,False,3.121021669577885,0.24574576037447926,1,qUCB,0.42,0.06,0.44,0.04,0.04,0.0,0.0,0.0,0.0,0.0,0.0,0.0,0.0,0.0,0.0
8,5,1,4,False,3.121021669577885,0.24574576037447926,2,qUCB,0.26,0.0,0.66,0.04,0.02,0.0,0.0,0.0,0.0,0.0,0.0,0.02,0.0,0.0,0.0
8,5,1,4,False,3.121021669577885,0.24574576037447926,3,qUCB,0.02,0.0,0.98,0.0,0.0,0.0,0.0,0.0,0.0,0.0,0.0,0.0,0.0,0.0,0.0
8,5,1,4,False,3.121021669577885,0.24574576037447926,4,qUCB,0.24,0.66,0.0,0.02,0.04,0.0,0.0,0.0,0.0,0.0,0.0,0.04,0.0,0.0,0.0
8,6,0,5,False,3.0970914303957287,0.1978559363430854,0,qUCB,0.38,0.42,0.12,0.0,0.0,0.0,0.0,0.0,0.02,0.0,0.0,0.02,0.0,0.04,0.0
8,6,0,5,False,3.0970914303957287,0.1978559363430854,1,qUCB,0.36,0.56,0.0,0.0,0.04,0.0,0.0,0.0,0.0,0.0,0.0,0.02,0.0,0.0,0.02
8,6,0,5,False,3.0970914303957287,0.1978559363430854,2,qUCB,0.02,0.0,0.98,0.0,0.0,0.0,0.0,0.0,0.0,0.0,0.0,0.0,0.0,0.0,0.0
8,6,0,5,False,3.0970914303957287,0.1978559363430854,3,qUCB,0.32,0.02,0.64,0.0,0.0,0.0,0.0,0.0,0.02,0.0,0.0,0.0,0.0,0.0,0.0
8,6,0,5,False,3.0970914303957287,0.1978559363430854,4,qUCB,0.78,0.0,0.16,0.04,0.0,0.0,0.0,0.0,0.02,0.0,0.0,0.0,0.0,0.0,0.0
9,1,5,0,False,2.4924767603111375,0.2572540042008695,0,qEHVI,0.24,0.3,0.36,0.04,0.02,0.0,0.0,0.0,0.02,0.0,0.0,0.02,0.0,0.0,0.0
9,1,5,0,False,2.4924767603111375,0.2572540042008695,1,qEHVI,0.52,0.0,0.38,0.02,0.04,0.0,0.0,0.0,0.0,0.0,0.0,0.0,0.0,0.0,0.04
9,1,5,0,False,2.4924767603111375,0.2572540042008695,2,qEHVI,0.42,0.1,0.4,0.02,0.02,0.0,0.0,0.0,0.0,0.0,0.0,0.04,0.0,0.0,0.0
9,1,5,0,False,2.4924767603111375,0.2572540042008695,3,qEHVI,0.64,0.24,0.04,0.0,0.02,0.0,0.0,0.0,0.0,0.0,0.0,0.02,0.0,0.04,0.0
9,1,5,0,False,2.4924767603111375,0.2572540042008695,4,qEHVI,0.42,0.18,0.3,0.04,0.0,0.0,0.0,0.0,0.0,0.0,0.0,0.04,0.0,0.0,0.02
9,2,4,1,True,2.2118208832486728,0.5037560388756446,0,qEHVI,0.24,0.3,0.36,0.04,0.02,0.0,0.0,0.0,0.02,0.0,0.0,0.02,0.0,0.0,0.0
9,2,4,1,True,2.2118208832486728,0.5037560388756446,1,qEHVI,0.52,0.0,0.38,0.02,0.04,0.0,0.0,0.0,0.0,0.0,0.0,0.0,0.0,0.0,0.04
9,2,4,1,True,2.2118208832486728,0.5037560388756446,2,qEHVI,0.42,0.1,0.4,0.02,0.02,0.0,0.0,0.0,0.0,0.0,0.0,0.04,0.0,0.0,0.0
9,2,4,1,True,2.2118208832486728,0.5037560388756446,3,qEHVI,0.64,0.24,0.04,0.0,0.02,0.0,0.0,0.0,0.0,0.0,0.0,0.02,0.0,0.04,0.0
9,2,4,1,True,2.2118208832486728,0.5037560388756446,4,qUCB,0.4,0.12,0.38,0.0,0.0,0.0,0.0,0.0,0.04,0.0,0.0,0.0,0.0,0.02,0.04
9,3,3,2,False,2.041566015670789,0.5809830878088377,0,qEHVI,0.24,0.3,0.36,0.04,0.02,0.0,0.0,0.0,0.02,0.0,0.0,0.02,0.0,0.0,0.0
9,3,3,2,False,2.041566015670789,0.5809830878088377,1,qEHVI,0.52,0.0,0.38,0.02,0.04,0.0,0.0,0.0,0.0,0.0,0.0,0.0,0.0,0.0,0.04
9,3,3,2,False,2.041566015670789,0.5809830878088377,2,qEHVI,0.42,0.1,0.4,0.02,0.02,0.0,0.0,0.0,0.0,0.0,0.0,0.04,0.0,0.0,0.0
9,3,3,2,False,2.041566015670789,0.5809830878088377,3,qUCB,0.46,0.06,0.4,0.0,0.0,0.0,0.0,0.0,0.02,0.0,0.0,0.0,0.0,0.04,0.02
9,3,3,2,False,2.041566015670789,0.5809830878088377,4,qUCB,0.3,0.02,0.64,0.0,0.0,0.0,0.0,0.0,0.02,0.0,0.0,0.0,0.0,0.0,0.02
9,4,2,3,False,1.98863118132817,0.2218135317516139,0,qEHVI,0.24,0.3,0.36,0.04,0.02,0.0,0.0,0.0,0.02,0.0,0.0,0.02,0.0,0.0,0.0
9,4,2,3,False,1.98863118132817,0.2218135317516139,1,qEHVI,0.52,0.0,0.38,0.02,0.04,0.0,0.0,0.0,0.0,0.0,0.0,0.0,0.0,0.0,0.04
9,4,2,3,False,1.98863118132817,0.2218135317516139,2,qUCB,0.44,0.06,0.4,0.0,0.02,0.0,0.0,0.0,0.0,0.0,0.0,0.04,0.0,0.04,0.0
9,4,2,3,False,1.98863118132817,0.2218135317516139,3,qUCB,0.26,0.0,0.66,0.0,0.0,0.0,0.0,0.0,0.0,0.0,0.0,0.04,0.0,0.0,0.04
9,4,2,3,False,1.98863118132817,0.2218135317516139,4,qUCB,0.52,0.32,0.06,0.0,0.0,0.0,0.0,0.0,0.0,0.0,0.0,0.04,0.0,0.04,0.02
9,5,1,4,False,1.1391946879018489,0.402718363980072,0,qEHVI,0.24,0.3,0.36,0.04,0.02,0.0,0.0,0.0,0.02,0.0,0.0,0.02,0.0,0.0,0.0
9,5,1,4,False,1.1391946879018489,0.402718363980072,1,qUCB,0.38,0.14,0.4,0.0,0.0,0.0,0.0,0.0,0.0,0.0,0.0,0.0,0.0,0.04,0.04
9,5,1,4,False,1.1391946879018489,0.402718363980072,2,qUCB,0.3,0.0,0.62,0.0,0.0,0.0,0.0,0.0,0.0,0.0,0.0,0.0,0.0,0.04,0.04
9,5,1,4,False,1.1391946879018489,0.402718363980072,3,qUCB,0.4,0.48,0.04,0.0,0.0,0.0,0.0,0.0,0.0,0.0,0.0,0.0,0.0,0.04,0.04
9,5,1,4,False,1.1391946879018489,0.402718363980072,4,qUCB,0.26,0.0,0.66,0.0,0.0,0.0,0.0,0.0,0.0,0.0,0.0,0.04,0.0,0.0,0.04
9,6,0,5,False,1.1914425268664055,0.08281064324263454,0,qUCB,0.38,0.16,0.38,0.04,0.04,0.0,0.0,0.0,0.0,0.0,0.0,0.0,0.0,0.0,0.0
9,6,0,5,False,1.1914425268664055,0.08281064324263454,1,qUCB,0.3,0.02,0.64,0.0,0.0,0.0,0.0,0.0,0.02,0.0,0.0,0.0,0.0,0.0,0.02
9,6,0,5,False,1.1914425268664055,0.08281064324263454,2,qUCB,0.24,0.0,0.68,0.04,0.02,0.0,0.0,0.0,0.02,0.0,0.0,0.0,0.0,0.0,0.0
9,6,0,5,False,1.1914425268664055,0.08281064324263454,3,qUCB,0.36,0.38,0.2,0.04,0.0,0.0,0.0,0.0,0.0,0.0,0.0,0.02,0.0,0.0,0.0
9,6,0,5,False,1.1914425268664055,0.08281064324263454,4,qUCB,0.18,0.0,0.8200000000000001,0.0,0.0,0.0,0.0,0.0,0.0,0.0,0.0,0.0,0.0,0.0,0.0
10,1,5,0,False,6.566663842671459,0.46795248400597433,0,qEHVI,0.3,0.24,0.42,0.0,0.0,0.0,0.0,0.0,0.0,0.0,0.0,0.0,0.0,0.04,0.0
10,1,5,0,False,6.566663842671459,0.46795248400597433,1,qEHVI,0.38,0.06,0.46,0.04,0.02,0.0,0.0,0.0,0.0,0.0,0.0,0.0,0.0,0.02,0.02
10,1,5,0,False,6.566663842671459,0.46795248400597433,2,qEHVI,0.22,0.52,0.16,0.04,0.0,0.0,0.0,0.0,0.0,0.0,0.0,0.02,0.0,0.0,0.04
10,1,5,0,False,6.566663842671459,0.46795248400597433,3,qEHVI,0.22,0.3,0.42,0.0,0.02,0.0,0.0,0.0,0.0,0.0,0.0,0.02,0.0,0.0,0.02
10,1,5,0,False,6.566663842671459,0.46795248400597433,4,qEHVI,0.56,0.02,0.36,0.02,0.0,0.0,0.0,0.0,0.0,0.0,0.0,0.04,0.0,0.0,0.0
10,2,4,1,True,6.186994216633462,0.766548649323699,0,qEHVI,0.3,0.24,0.42,0.0,0.0,0.0,0.0,0.0,0.0,0.0,0.0,0.0,0.0,0.04,0.0
10,2,4,1,True,6.186994216633462,0.766548649323699,1,qEHVI,0.38,0.06,0.46,0.04,0.02,0.0,0.0,0.0,0.0,0.0,0.0,0.0,0.0,0.02,0.02
10,2,4,1,True,6.186994216633462,0.766548649323699,2,qEHVI,0.22,0.52,0.16,0.04,0.0,0.0,0.0,0.0,0.0,0.0,0.0,0.02,0.0,0.0,0.04
10,2,4,1,True,6.186994216633462,0.766548649323699,3,qEHVI,0.22,0.3,0.42,0.0,0.02,0.0,0.0,0.0,0.0,0.0,0.0,0.02,0.0,0.0,0.02
10,2,4,1,True,6.186994216633462,0.766548649323699,4,qUCB,0.36,0.38,0.18,0.04,0.0,0.0,0.0,0.0,0.04,0.0,0.0,0.0,0.0,0.0,0.0
10,3,3,2,False,6.216612836257994,0.1790082035785172,0,qEHVI,0.3,0.24,0.42,0.0,0.0,0.0,0.0,0.0,0.0,0.0,0.0,0.0,0.0,0.04,0.0
10,3,3,2,False,6.216612836257994,0.1790082035785172,1,qEHVI,0.38,0.06,0.46,0.04,0.02,0.0,0.0,0.0,0.0,0.0,0.0,0.0,0.0,0.02,0.02
10,3,3,2,False,6.216612836257994,0.1790082035785172,2,qEHVI,0.22,0.52,0.16,0.04,0.0,0.0,0.0,0.0,0.0,0.0,0.0,0.02,0.0,0.0,0.04
10,3,3,2,False,6.216612836257994,0.1790082035785172,3,qUCB,0.2,0.28,0.42,0.0,0.02,0.0,0.0,0.0,0.04,0.0,0.0,0.04,0.0,0.0,0.0
10,3,3,2,False,6.216612836257994,0.1790082035785172,4,qUCB,0.08,0.0,0.8200000000000001,0.0,0.0,0.0,0.0,0.0,0.04,0.0,0.0,0.04,0.0,0.0,0.02
10,4,2,3,False,5.701264281715185,0.5855049346954644,0,qEHVI,0.3,0.24,0.42,0.0,0.0,0.0,0.0,0.0,0.0,0.0,0.0,0.0,0.0,0.04,0.0
10,4,2,3,False,5.701264281715185,0.5855049346954644,1,qEHVI,0.38,0.06,0.46,0.04,0.02,0.0,0.0,0.0,0.0,0.0,0.0,0.0,0.0,0.02,0.02
10,4,2,3,False,5.701264281715185,0.5855049346954644,2,qUCB,0.26,0.2,0.44,0.0,0.0,0.0,0.0,0.0,0.04,0.0,0.0,0.04,0.0,0.0,0.02
10,4,2,3,False,5.701264281715185,0.5855049346954644,3,qUCB,0.08,0.0,0.8200000000000001,0.0,0.0,0.0,0.0,0.0,0.04,0.0,0.0,0.04,0.0,0.0,0.02
10,4,2,3,False,5.701264281715185,0.5855049346954644,4,qUCB,0.1,0.66,0.14,0.04,0.0,0.0,0.0,0.0,0.04,0.0,0.0,0.02,0.0,0.0,0.0
10,5,1,4,False,4.959932284317861,0.5343587976307091,0,qEHVI,0.3,0.24,0.42,0.0,0.0,0.0,0.0,0.0,0.0,0.0,0.0,0.0,0.0,0.04,0.0
10,5,1,4,False,4.959932284317861,0.5343587976307091,1,qUCB,0.26,0.44,0.2,0.04,0.02,0.0,0.0,0.0,0.0,0.0,0.0,0.0,0.0,0.0,0.04
10,5,1,4,False,4.959932284317861,0.5343587976307091,2,qUCB,0.0,0.76,0.14,0.04,0.0,0.0,0.0,0.0,0.02,0.0,0.0,0.0,0.0,0.0,0.04
10,5,1,4,False,4.959932284317861,0.5343587976307091,3,qUCB,0.72,0.0,0.18,0.04,0.0,0.0,0.0,0.0,0.02,0.0,0.0,0.0,0.0,0.0,0.04
10,5,1,4,False,4.959932284317861,0.5343587976307091,4,qUCB,0.24,0.0,0.66,0.04,0.02,0.0,0.0,0.0,0.0,0.0,0.0,0.04,0.0,0.0,0.0
10,6,0,5,False,3.93468673238288,0.4516964134147159,0,qUCB,0.3,0.44,0.2,0.04,0.0,0.0,0.0,0.0,0.02,0.0,0.0,0.0,0.0,0.0,0.0
10,6,0,5,False,3.93468673238288,0.4516964134147159,1,qUCB,0.24,0.24,0.42,0.0,0.0,0.0,0.0,0.0,0.02,0.0,0.0,0.04,0.0,0.04,0.0
10,6,0,5,False,3.93468673238288,0.4516964134147159,2,qUCB,0.3,0.02,0.64,0.0,0.0,0.0,0.0,0.0,0.0,0.0,0.0,0.0,0.0,0.0,0.04
10,6,0,5,False,3.93468673238288,0.4516964134147159,3,qUCB,0.0,0.74,0.16,0.04,0.0,0.0,0.0,0.0,0.0,0.0,0.0,0.0,0.0,0.04,0.02
10,6,0,5,False,3.93468673238288,0.4516964134147159,4,qUCB,0.26,0.0,0.66,0.04,0.0,0.0,0.0,0.0,0.02,0.0,0.0,0.02,0.0,0.0,0.0
11,1,5,0,False,3.9681039953768793,0.3571775814150344,0,qEHVI,0.36,0.08,0.46,0.0,0.04,0.0,0.0,0.0,0.04,0.0,0.0,0.0,0.0,0.02,0.0
11,1,5,0,False,3.9681039953768793,0.3571775814150344,1,qEHVI,0.36,0.24,0.36,0.0,0.0,0.0,0.0,0.0,0.0,0.0,0.0,0.02,0.0,0.0,0.02
11,1,5,0,False,3.9681039953768793,0.3571775814150344,2,qEHVI,0.36,0.26,0.32,0.0,0.0,0.0,0.0,0.0,0.02,0.0,0.0,0.0,0.0,0.0,0.04
11,1,5,0,False,3.9681039953768793,0.3571775814150344,3,qEHVI,0.36,0.14,0.42,0.0,0.04,0.0,0.0,0.0,0.0,0.0,0.0,0.02,0.0,0.02,0.0
11,1,5,0,False,3.9681039953768793,0.3571775814150344,4,qEHVI,0.6,0.28,0.08,0.0,0.0,0.0,0.0,0.0,0.0,0.0,0.0,0.04,0.0,0.0,0.0
11,2,4,1,True,3.8729154885164556,0.37864981064683034,0,qEHVI,0.36,0.08,0.46,0.0,0.04,0.0,0.0,0.0,0.04,0.0,0.0,0.0,0.0,0.02,0.0
11,2,4,1,True,3.8729154885164556,0.37864981064683034,1,qEHVI,0.36,0.24,0.36,0.0,0.0,0.0,0.0,0.0,0.0,0.0,0.0,0.02,0.0,0.0,0.02
11,2,4,1,True,3.8729154885164556,0.37864981064683034,2,qEHVI,0.32,0.02,0.6,0.0,0.04,0.0,0.0,0.0,0.0,0.0,0.0,0.0,0.0,0.0,0.02
11,2,4,1,True,3.8729154885164556,0.37864981064683034,3,qEHVI,0.36,0.14,0.42,0.0,0.04,0.0,0.0,0.0,0.0,0.0,0.0,0.02,0.0,0.02,0.0
11,2,4,1,True,3.8729154885164556,0.37864981064683034,4,qUCB,0.38,0.54,0.0,0.04,0.0,0.0,0.0,0.0,0.0,0.0,0.0,0.0,0.0,0.04,0.0
11,3,3,2,False,3.643562643917995,0.03812885919729103,0,qEHVI,0.36,0.08,0.46,0.0,0.04,0.0,0.0,0.0,0.04,0.0,0.0,0.0,0.0,0.02,0.0
11,3,3,2,False,3.643562643917995,0.03812885919729103,1,qEHVI,0.36,0.24,0.36,0.0,0.0,0.0,0.0,0.0,0.0,0.0,0.0,0.02,0.0,0.0,0.02
11,3,3,2,False,3.643562643917995,0.03812885919729103,2,qEHVI,0.36,0.26,0.32,0.0,0.0,0.0,0.0,0.0,0.02,0.0,0.0,0.0,0.0,0.0,0.04
11,3,3,2,False,3.643562643917995,0.03812885919729103,3,qUCB,0.38,0.54,0.0,0.04,0.0,0.0,0.0,0.0,0.0,0.0,0.0,0.0,0.0,0.04,0.0
11,3,3,2,False,3.643562643917995,0.03812885919729103,4,qUCB,0.2,0.0,0.72,0.04,0.0,0.0,0.0,0.0,0.04,0.0,0.0,0.0,0.0,0.0,0.0
11,4,2,3,False,3.655113337974321,0.29063070142840974,0,qEHVI,0.36,0.08,0.46,0.0,0.04,0.0,0.0,0.0,0.04,0.0,0.0,0.0,0.0,0.02,0.0
11,4,2,3,False,3.655113337974321,0.29063070142840974,1,qEHVI,0.36,0.24,0.36,0.0,0.0,0.0,0.0,0.0,0.0,0.0,0.0,0.02,0.0,0.0,0.02
11,4,2,3,False,3.655113337974321,0.29063070142840974,2,qUCB,0.38,0.54,0.0,0.04,0.0,0.0,0.0,0.0,0.0,0.0,0.0,0.0,0.0,0.04,0.0
11,4,2,3,False,3.655113337974321,0.29063070142840974,3,qUCB,0.32,0.02,0.56,0.0,0.04,0.0,0.0,0.0,0.0,0.0,0.0,0.0,0.0,0.02,0.04
11,4,2,3,False,3.655113337974321,0.29063070142840974,4,qUCB,0.2,0.0,0.72,0.04,0.0,0.0,0.0,0.0,0.04,0.0,0.0,0.0,0.0,0.0,0.0
11,5,1,4,False,2.515206765591,0.10945936949954316,0,qEHVI,0.36,0.08,0.46,0.0,0.04,0.0,0.0,0.0,0.04,0.0,0.0,0.0,0.0,0.02,0.0
11,5,1,4,False,2.515206765591,0.10945936949954316,1,qUCB,0.38,0.08,0.44,0.0,0.0,0.0,0.0,0.0,0.0,0.0,0.0,0.04,0.0,0.02,0.04
11,5,1,4,False,2.515206765591,0.10945936949954316,2,qUCB,0.18,0.0,0.74,0.04,0.0,0.0,0.0,0.0,0.0,0.0,0.0,0.02,0.0,0.0,0.02
11,5,1,4,False,2.515206765591,0.10945936949954316,3,qUCB,0.4,0.5,0.0,0.04,0.0,0.0,0.0,0.0,0.02,0.0,0.0,0.0,0.0,0.0,0.04
11,5,1,4,False,2.515206765591,0.10945936949954316,4,qUCB,0.24,0.0,0.7000000000000001,0.0,0.0,0.0,0.0,0.0,0.0,0.0,0.0,0.02,0.0,0.0,0.04
11,6,0,5,False,2.9916807908382106,0.32249284017039415,0,qUCB,0.36,0.08,0.46,0.0,0.04,0.0,0.0,0.0,0.04,0.0,0.0,0.0,0.0,0.02,0.0
11,6,0,5,False,2.9916807908382106,0.32249284017039415,1,qUCB,0.24,0.0,0.72,0.0,0.0,0.0,0.0,0.0,0.02,0.0,0.0,0.0,0.0,0.02,0.0
11,6,0,5,False,2.9916807908382106,0.32249284017039415,2,qUCB,0.32,0.02,0.6,0.0,0.04,0.0,0.0,0.0,0.0,0.0,0.0,0.0,0.0,0.0,0.02
11,6,0,5,False,2.9916807908382106,0.32249284017039415,3,qUCB,0.38,0.54,0.0,0.04,0.0,0.0,0.0,0.0,0.0,0.0,0.0,0.0,0.0,0.04,0.0
11,6,0,5,False,2.9916807908382106,0.32249284017039415,4,qUCB,0.18,0.0,0.74,0.04,0.0,0.0,0.0,0.0,0.0,0.0,0.0,0.02,0.0,0.0,0.02
12,1,5,0,False,2.4322482699800716,0.36891892554774586,0,qEHVI,0.4,0.18,0.32,0.04,0.02,0.0,0.0,0.0,0.0,0.0,0.0,0.0,0.0,0.0,0.04
12,1,5,0,False,2.4322482699800716,0.36891892554774586,1,qEHVI,0.4,0.16,0.34,0.0,0.04,0.0,0.0,0.0,0.04,0.0,0.0,0.02,0.0,0.0,0.0
12,1,5,0,False,2.4322482699800716,0.36891892554774586,2,qEHVI,0.4,0.1,0.46,0.0,0.04,0.0,0.0,0.0,0.0,0.0,0.0,0.0,0.0,0.0,0.0
12,1,5,0,False,2.4322482699800716,0.36891892554774586,3,qEHVI,0.4,0.16,0.36,0.0,0.04,0.0,0.0,0.0,0.04,0.0,0.0,0.0,0.0,0.0,0.0
12,1,5,0,False,2.4322482699800716,0.36891892554774586,4,qEHVI,0.4,0.24,0.28,0.04,0.0,0.0,0.0,0.0,0.02,0.0,0.0,0.0,0.0,0.0,0.02
12,2,4,1,False,2.350845462775159,0.2887896068436948,0,qEHVI,0.4,0.18,0.32,0.04,0.02,0.0,0.0,0.0,0.0,0.0,0.0,0.0,0.0,0.0,0.04
12,2,4,1,False,2.350845462775159,0.2887896068436948,1,qEHVI,0.4,0.16,0.34,0.0,0.04,0.0,0.0,0.0,0.04,0.0,0.0,0.02,0.0,0.0,0.0
12,2,4,1,False,2.350845462775159,0.2887896068436948,2,qEHVI,0.4,0.1,0.46,0.0,0.04,0.0,0.0,0.0,0.0,0.0,0.0,0.0,0.0,0.0,0.0
12,2,4,1,False,2.350845462775159,0.2887896068436948,3,qEHVI,0.4,0.16,0.36,0.0,0.04,0.0,0.0,0.0,0.04,0.0,0.0,0.0,0.0,0.0,0.0
12,2,4,1,False,2.350845462775159,0.2887896068436948,4,qUCB,0.54,0.32,0.06,0.0,0.0,0.0,0.0,0.0,0.0,0.0,0.0,0.04,0.0,0.04,0.0
12,3,3,2,True,2.099772599955891,0.33631105821497886,0,qEHVI,0.4,0.18,0.32,0.04,0.02,0.0,0.0,0.0,0.0,0.0,0.0,0.0,0.0,0.0,0.04
12,3,3,2,True,2.099772599955891,0.33631105821497886,1,qEHVI,0.4,0.16,0.34,0.0,0.04,0.0,0.0,0.0,0.04,0.0,0.0,0.02,0.0,0.0,0.0
12,3,3,2,True,2.099772599955891,0.33631105821497886,2,qEHVI,0.4,0.1,0.46,0.0,0.04,0.0,0.0,0.0,0.0,0.0,0.0,0.0,0.0,0.0,0.0
12,3,3,2,True,2.099772599955891,0.33631105821497886,3,qUCB,0.54,0.32,0.06,0.0,0.0,0.0,0.0,0.0,0.0,0.0,0.0,0.04,0.0,0.04,0.0
12,3,3,2,True,2.099772599955891,0.33631105821497886,4,qUCB,0.08,0.8200000000000001,0.0,0.04,0.0,0.0,0.0,0.0,0.0,0.0,0.0,0.02,0.0,0.04,0.0
12,4,2,3,False,1.8698267221097378,0.28660541979265697,0,qEHVI,0.38,0.2,0.34,0.02,0.04,0.0,0.0,0.0,0.02,0.0,0.0,0.0,0.0,0.0,0.0
12,4,2,3,False,1.8698267221097378,0.28660541979265697,1,qEHVI,0.4,0.18,0.32,0.04,0.02,0.0,0.0,0.0,0.0,0.0,0.0,0.0,0.0,0.0,0.04
12,4,2,3,False,1.8698267221097378,0.28660541979265697,2,qUCB,0.54,0.32,0.06,0.0,0.0,0.0,0.0,0.0,0.0,0.0,0.0,0.04,0.0,0.04,0.0
12,4,2,3,False,1.8698267221097378,0.28660541979265697,3,qUCB,0.6,0.06,0.24,0.0,0.0,0.0,0.0,0.0,0.0,0.0,0.0,0.04,0.0,0.04,0.02
12,4,2,3,False,1.8698267221097378,0.28660541979265697,4,qUCB,0.18,0.0,0.8200000000000001,0.0,0.0,0.0,0.0,0.0,0.0,0.0,0.0,0.0,0.0,0.0,0.0
12,5,1,4,False,1.2401031439523547,0.4368000852399134,0,qEHVI,0.38,0.2,0.34,0.02,0.04,0.0,0.0,0.0,0.02,0.0,0.0,0.0,0.0,0.0,0.0
12,5,1,4,False,1.2401031439523547,0.4368000852399134,1,qUCB,0.42,0.1,0.38,0.0,0.0,0.0,0.0,0.0,0.0,0.0,0.0,0.04,0.0,0.02,0.04
12,5,1,4,False,1.2401031439523547,0.4368000852399134,2,qUCB,0.18,0.0,0.8200000000000001,0.0,0.0,0.0,0.0,0.0,0.0,0.0,0.0,0.0,0.0,0.0,0.0
12,5,1,4,False,1.2401031439523547,0.4368000852399134,3,qUCB,0.52,0.36,0.02,0.0,0.0,0.0,0.0,0.0,0.0,0.0,0.0,0.04,0.0,0.02,0.04
12,5,1,4,False,1.2401031439523547,0.4368000852399134,4,qUCB,0.18,0.0,0.74,0.04,0.0,0.0,0.0,0.0,0.0,0.0,0.0,0.0,0.0,0.0,0.04
12,6,0,5,False,0.523264860665268,0.0715357168611579,0,qUCB,0.4,0.1,0.4,0.02,0.04,0.0,0.0,0.0,0.04,0.0,0.0,0.0,0.0,0.0,0.0
12,6,0,5,False,0.523264860665268,0.0715357168611579,1,qUCB,0.18,0.0,0.8200000000000001,0.0,0.0,0.0,0.0,0.0,0.0,0.0,0.0,0.0,0.0,0.0,0.0
12,6,0,5,False,0.523264860665268,0.0715357168611579,2,qUCB,0.2,0.0,0.74,0.04,0.02,0.0,0.0,0.0,0.0,0.0,0.0,0.0,0.0,0.0,0.0
12,6,0,5,False,0.523264860665268,0.0715357168611579,3,qUCB,0.84,0.02,0.12,0.0,0.0,0.0,0.0,0.0,0.02,0.0,0.0,0.0,0.0,0.0,0.0
12,6,0,5,False,0.523264860665268,0.0715357168611579,4,qUCB,0.48,0.42,0.0,0.0,0.04,0.0,0.0,0.0,0.04,0.0,0.0,0.0,0.0,0.02,0.0
13,1,5,0,False,2.337889215344516,0.6374964945015155,0,qEHVI,0.4,0.14,0.38,0.0,0.04,0.0,0.0,0.0,0.0,0.0,0.0,0.0,0.0,0.04,0.0
13,1,5,0,False,2.337889215344516,0.6374964945015155,1,qEHVI,0.0,0.58,0.32,0.0,0.04,0.0,0.0,0.0,0.02,0.0,0.0,0.02,0.0,0.02,0.0
13,1,5,0,False,2.337889215344516,0.6374964945015155,2,qEHVI,0.64,0.0,0.34,0.0,0.0,0.0,0.0,0.0,0.0,0.0,0.0,0.0,0.0,0.02,0.0
13,1,5,0,False,2.337889215344516,0.6374964945015155,3,qEHVI,0.42,0.08,0.4,0.04,0.02,0.0,0.0,0.0,0.0,0.0,0.0,0.04,0.0,0.0,0.0
13,1,5,0,False,2.337889215344516,0.6374964945015155,4,qEHVI,0.46,0.44,0.06,0.0,0.02,0.0,0.0,0.0,0.0,0.0,0.0,0.02,0.0,0.0,0.0
13,2,4,1,False,2.064859948104181,0.158112215495243,0,qEHVI,0.4,0.14,0.38,0.0,0.04,0.0,0.0,0.0,0.0,0.0,0.0,0.0,0.0,0.04,0.0
13,2,4,1,False,2.064859948104181,0.158112215495243,1,qEHVI,0.0,0.58,0.32,0.0,0.04,0.0,0.0,0.0,0.02,0.0,0.0,0.02,0.0,0.02,0.0
13,2,4,1,False,2.064859948104181,0.158112215495243,2,qEHVI,0.42,0.08,0.4,0.04,0.02,0.0,0.0,0.0,0.0,0.0,0.0,0.04,0.0,0.0,0.0
13,2,4,1,False,2.064859948104181,0.158112215495243,3,qEHVI,0.64,0.0,0.34,0.0,0.0,0.0,0.0,0.0,0.0,0.0,0.0,0.0,0.0,0.02,0.0
13,2,4,1,False,2.064859948104181,0.158112215495243,4,qUCB,0.4,0.12,0.38,0.02,0.0,0.0,0.0,0.0,0.04,0.0,0.0,0.0,0.0,0.0,0.04
13,3,3,2,False,1.753448882814998,0.1741050629615517,0,qEHVI,0.4,0.14,0.38,0.0,0.04,0.0,0.0,0.0,0.0,0.0,0.0,0.0,0.0,0.04,0.0
13,3,3,2,False,1.753448882814998,0.1741050629615517,1,qEHVI,0.0,0.58,0.32,0.0,0.04,0.0,0.0,0.0,0.02,0.0,0.0,0.02,0.0,0.02,0.0
13,3,3,2,False,1.753448882814998,0.1741050629615517,2,qEHVI,0.42,0.08,0.4,0.04,0.02,0.0,0.0,0.0,0.0,0.0,0.0,0.04,0.0,0.0,0.0
13,3,3,2,False,1.753448882814998,0.1741050629615517,3,qUCB,0.4,0.12,0.38,0.02,0.0,0.0,0.0,0.0,0.04,0.0,0.0,0.0,0.0,0.0,0.04
13,3,3,2,False,1.753448882814998,0.1741050629615517,4,qUCB,0.2,0.02,0.74,0.0,0.0,0.0,0.0,0.0,0.0,0.0,0.0,0.0,0.0,0.0,0.04
13,4,2,3,True,1.6529859039952148,0.5425675031625605,0,qEHVI,0.4,0.14,0.38,0.0,0.04,0.0,0.0,0.0,0.0,0.0,0.0,0.0,0.0,0.04,0.0
13,4,2,3,True,1.6529859039952148,0.5425675031625605,1,qEHVI,0.0,0.58,0.32,0.0,0.04,0.0,0.0,0.0,0.02,0.0,0.0,0.02,0.0,0.02,0.0
13,4,2,3,True,1.6529859039952148,0.5425675031625605,2,qUCB,0.46,0.04,0.4,0.04,0.0,0.0,0.0,0.0,0.0,0.0,0.0,0.04,0.0,0.0,0.02
13,4,2,3,True,1.6529859039952148,0.5425675031625605,3,qUCB,0.24,0.02,0.7000000000000001,0.04,0.0,0.0,0.0,0.0,0.0,0.0,0.0,0.0,0.0,0.0,0.0
13,4,2,3,True,1.6529859039952148,0.5425675031625605,4,qUCB,0.66,0.04,0.2,0.04,0.0,0.0,0.0,0.0,0.02,0.0,0.0,0.0,0.0,0.0,0.04
13,5,1,4,False,1.594046232830591,0.3920221706795486,0,qEHVI,0.4,0.14,0.38,0.0,0.04,0.0,0.0,0.0,0.0,0.0,0.0,0.0,0.0,0.04,0.0
13,5,1,4,False,1.594046232830591,0.3920221706795486,1,qUCB,0.48,0.36,0.06,0.0,0.0,0.0,0.0,0.0,0.04,0.0,0.0,0.04,0.0,0.0,0.02
13,5,1,4,False,1.594046232830591,0.3920221706795486,2,qUCB,0.42,0.4,0.08,0.04,0.0,0.0,0.0,0.0,0.02,0.0,0.0,0.04,0.0,0.0,0.0
13,5,1,4,False,1.594046232830591,0.3920221706795486,3,qUCB,0.0,0.42,0.48,0.02,0.0,0.0,0.0,0.0,0.02,0.0,0.0,0.04,0.0,0.0,0.02
13,5,1,4,False,1.594046232830591,0.3920221706795486,4,qUCB,0.24,0.02,0.7000000000000001,0.04,0.0,0.0,0.0,0.0,0.0,0.0,0.0,0.0,0.0,0.0,0.0
13,6,0,5,False,1.1269982465634416,0.4021379337838269,0,qUCB,0.4,0.12,0.38,0.04,0.0,0.0,0.0,0.0,0.0,0.0,0.0,0.02,0.0,0.04,0.0
13,6,0,5,False,1.1269982465634416,0.4021379337838269,1,qUCB,0.24,0.02,0.7000000000000001,0.04,0.0,0.0,0.0,0.0,0.0,0.0,0.0,0.0,0.0,0.0,0.0
13,6,0,5,False,1.1269982465634416,0.4021379337838269,2,qUCB,0.16,0.0,0.8200000000000001,0.0,0.0,0.0,0.0,0.0,0.0,0.0,0.0,0.0,0.0,0.02,0.0
13,6,0,5,False,1.1269982465634416,0.4021379337838269,3,qUCB,0.0,0.42,0.48,0.04,0.02,0.0,0.0,0.0,0.0,0.0,0.0,0.0,0.0,0.02,0.02
13,6,0,5,False,1.1269982465634416,0.4021379337838269,4,qUCB,0.88,0.0,0.08,0.02,0.0,0.0,0.0,0.0,0.0,0.0,0.0,0.02,0.0,0.0,0.0
14,1,5,0,False,1.7916214299459916,0.5274425697886254,0,qEHVI,0.36,0.22,0.34,0.0,0.0,0.0,0.0,0.0,0.0,0.0,0.0,0.04,0.0,0.04,0.0
14,1,5,0,False,1.7916214299459916,0.5274425697886254,1,qEHVI,0.46,0.38,0.08,0.0,0.04,0.0,0.0,0.0,0.04,0.0,0.0,0.0,0.0,0.0,0.0
14,1,5,0,False,1.7916214299459916,0.5274425697886254,2,qEHVI,0.4,0.1,0.4,0.02,0.02,0.0,0.0,0.0,0.04,0.0,0.0,0.02,0.0,0.0,0.0
14,1,5,0,False,1.7916214299459916,0.5274425697886254,3,qEHVI,0.68,0.0,0.3,0.0,0.0,0.0,0.0,0.0,0.0,0.0,0.0,0.0,0.0,0.02,0.0
14,1,5,0,False,1.7916214299459916,0.5274425697886254,4,qEHVI,0.72,0.18,0.0,0.0,0.02,0.0,0.0,0.0,0.02,0.0,0.0,0.0,0.0,0.04,0.02
14,2,4,1,False,1.6558051675491419,0.26848311402947145,0,qEHVI,0.36,0.22,0.34,0.0,0.0,0.0,0.0,0.0,0.0,0.0,0.0,0.04,0.0,0.04,0.0
14,2,4,1,False,1.6558051675491419,0.26848311402947145,1,qEHVI,0.46,0.38,0.08,0.0,0.04,0.0,0.0,0.0,0.04,0.0,0.0,0.0,0.0,0.0,0.0
14,2,4,1,False,1.6558051675491419,0.26848311402947145,2,qEHVI,0.4,0.1,0.4,0.02,0.02,0.0,0.0,0.0,0.04,0.0,0.0,0.02,0.0,0.0,0.0
14,2,4,1,False,1.6558051675491419,0.26848311402947145,3,qEHVI,0.68,0.0,0.3,0.0,0.0,0.0,0.0,0.0,0.0,0.0,0.0,0.0,0.0,0.02,0.0
14,2,4,1,False,1.6558051675491419,0.26848311402947145,4,qUCB,0.46,0.34,0.1,0.04,0.0,0.0,0.0,0.0,0.0,0.0,0.0,0.02,0.0,0.0,0.04
14,3,3,2,True,1.5416364538513168,0.2185864401776496,0,qEHVI,0.68,0.0,0.3,0.0,0.0,0.0,0.0,0.0,0.0,0.0,0.0,0.0,0.0,0.02,0.0
14,3,3,2,True,1.5416364538513168,0.2185864401776496,1,qEHVI,0.46,0.38,0.08,0.0,0.04,0.0,0.0,0.0,0.04,0.0,0.0,0.0,0.0,0.0,0.0
14,3,3,2,True,1.5416364538513168,0.2185864401776496,2,qEHVI,0.4,0.1,0.4,0.02,0.02,0.0,0.0,0.0,0.04,0.0,0.0,0.02,0.0,0.0,0.0
14,3,3,2,True,1.5416364538513168,0.2185864401776496,3,qUCB,0.42,0.46,0.04,0.0,0.0,0.0,0.0,0.0,0.0,0.0,0.0,0.04,0.0,0.0,0.04
14,3,3,2,True,1.5416364538513168,0.2185864401776496,4,qUCB,0.0,0.44,0.46,0.02,0.0,0.0,0.0,0.0,0.0,0.0,0.0,0.04,0.0,0.04,0.0
14,4,2,3,False,1.0839551211066911,0.1734572608757894,0,qEHVI,0.68,0.0,0.3,0.0,0.0,0.0,0.0,0.0,0.0,0.0,0.0,0.0,0.0,0.02,0.0
14,4,2,3,False,1.0839551211066911,0.1734572608757894,1,qEHVI,0.46,0.38,0.08,0.0,0.04,0.0,0.0,0.0,0.04,0.0,0.0,0.0,0.0,0.0,0.0
14,4,2,3,False,1.0839551211066911,0.1734572608757894,2,qUCB,0.38,0.48,0.04,0.0,0.0,0.0,0.0,0.0,0.02,0.0,0.0,0.04,0.0,0.0,0.04
14,4,2,3,False,1.0839551211066911,0.1734572608757894,3,qUCB,0.0,0.42,0.48,0.04,0.0,0.0,0.0,0.0,0.02,0.0,0.0,0.04,0.0,0.0,0.0
14,4,2,3,False,1.0839551211066911,0.1734572608757894,4,qUCB,0.0,0.74,0.16,0.0,0.0,0.0,0.0,0.0,0.04,0.0,0.0,0.02,0.0,0.0,0.04
14,5,1,4,False,0.9352379452369844,0.039987466137882066,0,qEHVI,0.68,0.0,0.3,0.0,0.0,0.0,0.0,0.0,0.0,0.0,0.0,0.0,0.0,0.02,0.0
14,5,1,4,False,0.9352379452369844,0.039987466137882066,1,qUCB,0.4,0.42,0.08,0.0,0.04,0.0,0.0,0.0,0.02,0.0,0.0,0.04,0.0,0.0,0.0
14,5,1,4,False,0.9352379452369844,0.039987466137882066,2,qUCB,0.0,0.42,0.48,0.04,0.0,0.0,0.0,0.0,0.02,0.0,0.0,0.04,0.0,0.0,0.0
14,5,1,4,False,0.9352379452369844,0.039987466137882066,3,qUCB,0.0,0.74,0.16,0.0,0.0,0.0,0.0,0.0,0.04,0.0,0.0,0.02,0.0,0.0,0.04
14,5,1,4,False,0.9352379452369844,0.039987466137882066,4,qUCB,0.08,0.0,0.8200000000000001,0.04,0.02,0.0,0.0,0.0,0.0,0.0,0.0,0.04,0.0,0.0,0.0
14,6,0,5,False,0.9460684982665788,0.5458386684034675,0,qUCB,0.46,0.38,0.08,0.0,0.04,0.0,0.0,0.0,0.04,0.0,0.0,0.0,0.0,0.0,0.0
14,6,0,5,False,0.9460684982665788,0.5458386684034675,1,qUCB,0.86,0.02,0.1,0.0,0.0,0.0,0.0,0.0,0.0,0.0,0.0,0.02,0.0,0.0,0.0
14,6,0,5,False,0.9460684982665788,0.5458386684034675,2,qUCB,0.0,0.42,0.48,0.04,0.0,0.0,0.0,0.0,0.02,0.0,0.0,0.04,0.0,0.0,0.0
14,6,0,5,False,0.9460684982665788,0.5458386684034675,3,qUCB,0.14,0.0,0.8200000000000001,0.02,0.0,0.0,0.0,0.0,0.02,0.0,0.0,0.0,0.0,0.0,0.0
14,6,0,5,False,0.9460684982665788,0.5458386684034675,4,qUCB,0.0,0.8,0.16,0.0,0.0,0.0,0.0,0.0,0.02,0.0,0.0,0.0,0.0,0.0,0.02
15,1,5,0,False,2.005563385247669,0.23129230871284712,0,qEHVI,0.4,0.04,0.46,0.04,0.0,0.0,0.0,0.0,0.02,0.0,0.0,0.0,0.0,0.04,0.0
15,1,5,0,False,2.005563385247669,0.23129230871284712,1,qEHVI,0.4,0.2,0.3,0.04,0.02,0.0,0.0,0.0,0.02,0.0,0.0,0.0,0.0,0.0,0.02
15,1,5,0,False,2.005563385247669,0.23129230871284712,2,qEHVI,0.56,0.0,0.36,0.04,0.02,0.0,0.0,0.0,0.0,0.0,0.0,0.0,0.0,0.0,0.02
15,1,5,0,False,2.005563385247669,0.23129230871284712,3,qEHVI,0.4,0.1,0.4,0.0,0.0,0.0,0.0,0.0,0.0,0.0,0.0,0.02,0.0,0.04,0.04
15,1,5,0,False,2.005563385247669,0.23129230871284712,4,qEHVI,0.7000000000000001,0.2,0.0,0.0,0.0,0.0,0.0,0.0,0.0,0.0,0.0,0.04,0.0,0.04,0.02
15,2,4,1,True,1.953042910277917,0.3936211042077222,0,qEHVI,0.4,0.04,0.46,0.04,0.0,0.0,0.0,0.0,0.02,0.0,0.0,0.0,0.0,0.04,0.0
15,2,4,1,True,1.953042910277917,0.3936211042077222,1,qEHVI,0.4,0.2,0.3,0.04,0.02,0.0,0.0,0.0,0.02,0.0,0.0,0.0,0.0,0.0,0.02
15,2,4,1,True,1.953042910277917,0.3936211042077222,2,qEHVI,0.56,0.0,0.36,0.04,0.02,0.0,0.0,0.0,0.0,0.0,0.0,0.0,0.0,0.0,0.02
15,2,4,1,True,1.953042910277917,0.3936211042077222,3,qEHVI,0.4,0.1,0.4,0.0,0.0,0.0,0.0,0.0,0.0,0.0,0.0,0.02,0.0,0.04,0.04
15,2,4,1,True,1.953042910277917,0.3936211042077222,4,qUCB,0.88,0.0,0.08,0.0,0.0,0.0,0.0,0.0,0.0,0.0,0.0,0.04,0.0,0.0,0.0
15,3,3,2,False,1.5432317835261056,0.21510230945556863,0,qEHVI,0.4,0.04,0.46,0.04,0.0,0.0,0.0,0.0,0.02,0.0,0.0,0.0,0.0,0.04,0.0
15,3,3,2,False,1.5432317835261056,0.21510230945556863,1,qEHVI,0.4,0.2,0.3,0.04,0.02,0.0,0.0,0.0,0.02,0.0,0.0,0.0,0.0,0.0,0.02
15,3,3,2,False,1.5432317835261056,0.21510230945556863,2,qEHVI,0.88,0.0,0.08,0.0,0.0,0.0,0.0,0.0,0.0,0.0,0.0,0.04,0.0,0.0,0.0
15,3,3,2,False,1.5432317835261056,0.21510230945556863,3,qUCB,0.0,0.74,0.16,0.0,0.02,0.0,0.0,0.0,0.0,0.0,0.0,0.02,0.0,0.04,0.02
15,3,3,2,False,1.5432317835261056,0.21510230945556863,4,qUCB,0.0,0.0,0.96,0.0,0.0,0.0,0.0,0.0,0.02,0.0,0.0,0.02,0.0,0.0,0.0
15,4,2,3,False,1.7168852931564642,0.12292779809185284,0,qEHVI,0.4,0.04,0.46,0.04,0.0,0.0,0.0,0.0,0.02,0.0,0.0,0.0,0.0,0.04,0.0
15,4,2,3,False,1.7168852931564642,0.12292779809185284,1,qEHVI,0.4,0.2,0.3,0.04,0.02,0.0,0.0,0.0,0.02,0.0,0.0,0.0,0.0,0.0,0.02
15,4,2,3,False,1.7168852931564642,0.12292779809185284,2,qUCB,0.88,0.0,0.08,0.0,0.0,0.0,0.0,0.0,0.0,0.0,0.0,0.04,0.0,0.0,0.0
15,4,2,3,False,1.7168852931564642,0.12292779809185284,3,qUCB,0.0,0.74,0.16,0.0,0.02,0.0,0.0,0.0,0.0,0.0,0.0,0.02,0.0,0.04,0.02
15,4,2,3,False,1.7168852931564642,0.12292779809185284,4,qUCB,0.16,0.04,0.8,0.0,0.0,0.0,0.0,0.0,0.0,0.0,0.0,0.0,0.0,0.0,0.0
15,5,1,4,False,1.4174591303261728,0.37875128603165464,0,qEHVI,0.4,0.04,0.46,0.04,0.0,0.0,0.0,0.0,0.02,0.0,0.0,0.0,0.0,0.04,0.0
15,5,1,4,False,1.4174591303261728,0.37875128603165464,1,qUCB,0.0,0.74,0.18,0.0,0.0,0.0,0.0,0.0,0.0,0.0,0.0,0.04,0.0,0.0,0.04
15,5,1,4,False,1.4174591303261728,0.37875128603165464,2,qUCB,0.88,0.0,0.08,0.0,0.0,0.0,0.0,0.0,0.0,0.0,0.0,0.04,0.0,0.0,0.0
15,5,1,4,False,1.4174591303261728,0.37875128603165464,3,qUCB,0.02,0.06,0.8200000000000001,0.0,0.04,0.0,0.0,0.0,0.02,0.0,0.0,0.0,0.0,0.0,0.04
15,5,1,4,False,1.4174591303261728,0.37875128603165464,4,qUCB,0.0,0.0,0.96,0.0,0.0,0.0,0.0,0.0,0.02,0.0,0.0,0.02,0.0,0.0,0.0
15,6,0,5,False,1.0106497263248835,0.014393360748528039,0,qUCB,0.88,0.0,0.1,0.0,0.0,0.0,0.0,0.0,0.0,0.0,0.0,0.0,0.0,0.0,0.02
15,6,0,5,False,1.0106497263248835,0.014393360748528039,1,qUCB,0.16,0.04,0.8,0.0,0.0,0.0,0.0,0.0,0.0,0.0,0.0,0.0,0.0,0.0,0.0
15,6,0,5,False,1.0106497263248835,0.014393360748528039,2,qUCB,0.0,0.0,0.96,0.0,0.0,0.0,0.0,0.0,0.02,0.0,0.0,0.02,0.0,0.0,0.0
15,6,0,5,False,1.0106497263248835,0.014393360748528039,3,qUCB,0.0,0.74,0.16,0.0,0.02,0.0,0.0,0.0,0.0,0.0,0.0,0.02,0.0,0.04,0.02
15,6,0,5,False,1.0106497263248835,0.014393360748528039,4,qUCB,0.0,0.36,0.54,0.04,0.0,0.0,0.0,0.0,0.04,0.0,0.0,0.02,0.0,0.0,0.0
16,1,5,0,False,2.513005101948912,0.26059519283328036,0,qEHVI,0.36,0.14,0.4,0.02,0.0,0.0,0.0,0.0,0.02,0.0,0.0,0.0,0.0,0.04,0.02
16,1,5,0,False,2.513005101948912,0.26059519283328036,1,qEHVI,0.38,0.5,0.04,0.0,0.0,0.0,0.0,0.0,0.0,0.0,0.0,0.02,0.0,0.04,0.02
16,1,5,0,False,2.513005101948912,0.26059519283328036,2,qEHVI,0.0,0.76,0.16,0.04,0.02,0.0,0.0,0.0,0.0,0.0,0.0,0.0,0.0,0.0,0.02
16,1,5,0,False,2.513005101948912,0.26059519283328036,3,qEHVI,0.14,0.04,0.8200000000000001,0.0,0.0,0.0,0.0,0.0,0.0,0.0,0.0,0.0,0.0,0.0,0.0
16,1,5,0,False,2.513005101948912,0.26059519283328036,4,qEHVI,0.62,0.0,0.36,0.0,0.0,0.0,0.0,0.0,0.0,0.0,0.0,0.0,0.0,0.0,0.02
16,2,4,1,False,2.411727649180163,0.06123870009755095,0,qEHVI,0.36,0.14,0.4,0.02,0.0,0.0,0.0,0.0,0.02,0.0,0.0,0.0,0.0,0.04,0.02
16,2,4,1,False,2.411727649180163,0.06123870009755095,1,qEHVI,0.38,0.5,0.04,0.0,0.0,0.0,0.0,0.0,0.0,0.0,0.0,0.02,0.0,0.04,0.02
16,2,4,1,False,2.411727649180163,0.06123870009755095,2,qEHVI,0.0,0.76,0.16,0.04,0.02,0.0,0.0,0.0,0.0,0.0,0.0,0.0,0.0,0.0,0.02
16,2,4,1,False,2.411727649180163,0.06123870009755095,3,qEHVI,0.14,0.04,0.8200000000000001,0.0,0.0,0.0,0.0,0.0,0.0,0.0,0.0,0.0,0.0,0.0,0.0
16,2,4,1,False,2.411727649180163,0.06123870009755095,4,qUCB,0.44,0.28,0.18,0.0,0.04,0.0,0.0,0.0,0.02,0.0,0.0,0.04,0.0,0.0,0.0
16,3,3,2,False,2.21500736216707,0.17969390849777245,0,qEHVI,0.36,0.14,0.4,0.02,0.0,0.0,0.0,0.0,0.02,0.0,0.0,0.0,0.0,0.04,0.02
16,3,3,2,False,2.21500736216707,0.17969390849777245,1,qEHVI,0.38,0.5,0.04,0.0,0.0,0.0,0.0,0.0,0.0,0.0,0.0,0.02,0.0,0.04,0.02
16,3,3,2,False,2.21500736216707,0.17969390849777245,2,qEHVI,0.0,0.76,0.16,0.04,0.02,0.0,0.0,0.0,0.0,0.0,0.0,0.0,0.0,0.0,0.02
16,3,3,2,False,2.21500736216707,0.17969390849777245,3,qUCB,0.44,0.28,0.18,0.0,0.04,0.0,0.0,0.0,0.02,0.0,0.0,0.04,0.0,0.0,0.0
16,3,3,2,False,2.21500736216707,0.17969390849777245,4,qUCB,0.1,0.02,0.8200000000000001,0.0,0.0,0.0,0.0,0.0,0.02,0.0,0.0,0.04,0.0,0.0,0.0
16,4,2,3,True,2.19269516433967,0.5455327776997256,0,qEHVI,0.36,0.14,0.4,0.02,0.0,0.0,0.0,0.0,0.02,0.0,0.0,0.0,0.0,0.04,0.02
16,4,2,3,True,2.19269516433967,0.5455327776997256,1,qEHVI,0.38,0.5,0.04,0.0,0.0,0.0,0.0,0.0,0.0,0.0,0.0,0.02,0.0,0.04,0.02
16,4,2,3,True,2.19269516433967,0.5455327776997256,2,qUCB,0.0,0.78,0.14,0.04,0.04,0.0,0.0,0.0,0.0,0.0,0.0,0.0,0.0,0.0,0.0
16,4,2,3,True,2.19269516433967,0.5455327776997256,3,qUCB,0.06,0.04,0.8200000000000001,0.0,0.04,0.0,0.0,0.0,0.0,0.0,0.0,0.02,0.0,0.0,0.02
16,4,2,3,True,2.19269516433967,0.5455327776997256,4,qUCB,0.42,0.44,0.04,0.04,0.04,0.0,0.0,0.0,0.0,0.0,0.0,0.02,0.0,0.0,0.0
16,5,1,4,False,1.6607544851131548,0.3318579385957854,0,qEHVI,0.36,0.14,0.4,0.02,0.0,0.0,0.0,0.0,0.02,0.0,0.0,0.0,0.0,0.04,0.02
16,5,1,4,False,1.6607544851131548,0.3318579385957854,1,qUCB,0.42,0.32,0.16,0.0,0.04,0.0,0.0,0.0,0.0,0.0,0.0,0.04,0.0,0.0,0.02
16,5,1,4,False,1.6607544851131548,0.3318579385957854,2,qUCB,0.0,0.78,0.14,0.04,0.04,0.0,0.0,0.0,0.0,0.0,0.0,0.0,0.0,0.0,0.0
16,5,1,4,False,1.6607544851131548,0.3318579385957854,3,qUCB,0.06,0.04,0.8200000000000001,0.0,0.04,0.0,0.0,0.0,0.0,0.0,0.0,0.02,0.0,0.0,0.02
16,5,1,4,False,1.6607544851131548,0.3318579385957854,4,qUCB,0.02,0.76,0.16,0.0,0.02,0.0,0.0,0.0,0.0,0.0,0.0,0.04,0.0,0.0,0.0
16,6,0,5,False,2.177293277015162,0.06530905398191145,0,qUCB,0.38,0.5,0.04,0.0,0.0,0.0,0.0,0.0,0.0,0.0,0.0,0.02,0.0,0.04,0.02
16,6,0,5,False,2.177293277015162,0.06530905398191145,1,qUCB,0.14,0.04,0.8200000000000001,0.0,0.0,0.0,0.0,0.0,0.0,0.0,0.0,0.0,0.0,0.0,0.0
16,6,0,5,False,2.177293277015162,0.06530905398191145,2,qUCB,0.0,0.76,0.16,0.0,0.0,0.0,0.0,0.0,0.02,0.0,0.0,0.02,0.0,0.04,0.0
16,6,0,5,False,2.177293277015162,0.06530905398191145,3,qUCB,0.0,0.1,0.8200000000000001,0.02,0.0,0.0,0.0,0.0,0.0,0.0,0.0,0.02,0.0,0.0,0.04
16,6,0,5,False,2.177293277015162,0.06530905398191145,4,qUCB,0.2,0.0,0.78,0.0,0.0,0.0,0.0,0.0,0.0,0.0,0.0,0.0,0.0,0.02,0.0
17,1,5,0,False,2.1345145949183,0.12038639477074653,0,qEHVI,0.42,0.18,0.3,0.02,0.04,0.0,0.0,0.0,0.0,0.0,0.0,0.04,0.0,0.0,0.0
17,1,5,0,False,2.1345145949183,0.12038639477074653,1,qEHVI,0.5,0.0,0.48,0.0,0.0,0.0,0.0,0.0,0.0,0.0,0.0,0.0,0.0,0.02,0.0
17,1,5,0,False,2.1345145949183,0.12038639477074653,2,qEHVI,0.36,0.16,0.4,0.0,0.02,0.0,0.0,0.0,0.02,0.0,0.0,0.0,0.0,0.04,0.0
17,1,5,0,False,2.1345145949183,0.12038639477074653,3,qEHVI,0.72,0.18,0.02,0.0,0.02,0.0,0.0,0.0,0.02,0.0,0.0,0.0,0.0,0.04,0.0
17,1,5,0,False,2.1345145949183,0.12038639477074653,4,qEHVI,0.44,0.0,0.56,0.0,0.0,0.0,0.0,0.0,0.0,0.0,0.0,0.0,0.0,0.0,0.0
17,2,4,1,True,1.8901466404086829,0.25466040662173883,0,qEHVI,0.42,0.18,0.3,0.02,0.04,0.0,0.0,0.0,0.0,0.0,0.0,0.04,0.0,0.0,0.0
17,2,4,1,True,1.8901466404086829,0.25466040662173883,1,qEHVI,0.5,0.0,0.48,0.0,0.0,0.0,0.0,0.0,0.0,0.0,0.0,0.0,0.0,0.02,0.0
17,2,4,1,True,1.8901466404086829,0.25466040662173883,2,qEHVI,0.36,0.16,0.4,0.0,0.02,0.0,0.0,0.0,0.02,0.0,0.0,0.0,0.0,0.04,0.0
17,2,4,1,True,1.8901466404086829,0.25466040662173883,3,qEHVI,0.72,0.18,0.02,0.0,0.02,0.0,0.0,0.0,0.02,0.0,0.0,0.0,0.0,0.04,0.0
17,2,4,1,True,1.8901466404086829,0.25466040662173883,4,qUCB,0.36,0.3,0.24,0.04,0.0,0.0,0.0,0.0,0.04,0.0,0.0,0.02,0.0,0.0,0.0
17,3,3,2,False,1.7200608319798874,0.3942433742963686,0,qEHVI,0.42,0.18,0.3,0.02,0.04,0.0,0.0,0.0,0.0,0.0,0.0,0.04,0.0,0.0,0.0
17,3,3,2,False,1.7200608319798874,0.3942433742963686,1,qEHVI,0.5,0.0,0.48,0.0,0.0,0.0,0.0,0.0,0.0,0.0,0.0,0.0,0.0,0.02,0.0
17,3,3,2,False,1.7200608319798874,0.3942433742963686,2,qEHVI,0.36,0.16,0.4,0.0,0.02,0.0,0.0,0.0,0.02,0.0,0.0,0.0,0.0,0.04,0.0
17,3,3,2,False,1.7200608319798874,0.3942433742963686,3,qUCB,0.36,0.3,0.24,0.04,0.0,0.0,0.0,0.0,0.04,0.0,0.0,0.02,0.0,0.0,0.0
17,3,3,2,False,1.7200608319798874,0.3942433742963686,4,qUCB,0.0,0.24,0.68,0.0,0.0,0.0,0.0,0.0,0.0,0.0,0.0,0.04,0.0,0.0,0.04
17,4,2,3,False,1.4924630762386923,0.1719199281317909,0,qEHVI,0.42,0.18,0.3,0.02,0.04,0.0,0.0,0.0,0.0,0.0,0.0,0.04,0.0,0.0,0.0
17,4,2,3,False,1.4924630762386923,0.1719199281317909,1,qEHVI,0.5,0.0,0.48,0.0,0.0,0.0,0.0,0.0,0.0,0.0,0.0,0.0,0.0,0.02,0.0
17,4,2,3,False,1.4924630762386923,0.1719199281317909,2,qUCB,0.36,0.3,0.24,0.04,0.0,0.0,0.0,0.0,0.04,0.0,0.0,0.02,0.0,0.0,0.0
17,4,2,3,False,1.4924630762386923,0.1719199281317909,3,qUCB,0.0,0.36,0.54,0.04,0.0,0.0,0.0,0.0,0.04,0.0,0.0,0.0,0.0,0.02,0.0
17,4,2,3,False,1.4924630762386923,0.1719199281317909,4,qUCB,0.0,0.24,0.68,0.0,0.0,0.0,0.0,0.0,0.0,0.0,0.0,0.04,0.0,0.0,0.04
17,5,1,4,False,1.4357224428702815,0.008242550204828447,0,qEHVI,0.42,0.18,0.3,0.02,0.04,0.0,0.0,0.0,0.0,0.0,0.0,0.04,0.0,0.0,0.0
17,5,1,4,False,1.4357224428702815,0.008242550204828447,1,qUCB,0.0,0.0,0.96,0.0,0.0,0.0,0.0,0.0,0.02,0.0,0.0,0.0,0.0,0.02,0.0
17,5,1,4,False,1.4357224428702815,0.008242550204828447,2,qUCB,0.0,0.38,0.54,0.0,0.0,0.0,0.0,0.0,0.04,0.0,0.0,0.0,0.0,0.0,0.04
17,5,1,4,False,1.4357224428702815,0.008242550204828447,3,qUCB,0.12,0.14,0.66,0.0,0.0,0.0,0.0,0.0,0.04,0.0,0.0,0.0,0.0,0.04,0.0
17,5,1,4,False,1.4357224428702815,0.008242550204828447,4,qUCB,0.0,0.26,0.68,0.0,0.0,0.0,0.0,0.0,0.02,0.0,0.0,0.0,0.0,0.0,0.04
17,6,0,5,False,1.3372654737544531,0.01966401733545453,0,qUCB,0.0,0.0,0.96,0.0,0.0,0.0,0.0,0.0,0.02,0.0,0.0,0.0,0.0,0.02,0.0
17,6,0,5,False,1.3372654737544531,0.01966401733545453,1,qUCB,0.0,0.36,0.54,0.04,0.0,0.0,0.0,0.0,0.04,0.0,0.0,0.0,0.0,0.02,0.0
17,6,0,5,False,1.3372654737544531,0.01966401733545453,2,qUCB,0.22,0.0,0.76,0.0,0.0,0.0,0.0,0.0,0.02,0.0,0.0,0.0,0.0,0.0,0.0
17,6,0,5,False,1.3372654737544531,0.01966401733545453,3,qUCB,0.44,0.0,0.56,0.0,0.0,0.0,0.0,0.0,0.0,0.0,0.0,0.0,0.0,0.0,0.0
17,6,0,5,False,1.3372654737544531,0.01966401733545453,4,qUCB,0.86,0.0,0.14,0.0,0.0,0.0,0.0,0.0,0.0,0.0,0.0,0.0,0.0,0.0,0.0
18,1,5,0,False,1.3521434065515294,0.2874445673648509,0,qEHVI,0.42,0.14,0.34,0.04,0.0,0.0,0.0,0.0,0.0,0.0,0.0,0.02,0.0,0.04,0.0
18,1,5,0,False,1.3521434065515294,0.2874445673648509,1,qEHVI,0.42,0.14,0.4,0.02,0.0,0.0,0.0,0.0,0.0,0.0,0.0,0.0,0.0,0.0,0.02
18,1,5,0,False,1.3521434065515294,0.2874445673648509,2,qEHVI,0.4,0.2,0.32,0.0,0.02,0.0,0.0,0.0,0.0,0.0,0.0,0.02,0.0,0.04,0.0
18,1,5,0,False,1.3521434065515294,0.2874445673648509,3,qEHVI,0.54,0.36,0.0,0.0,0.02,0.0,0.0,0.0,0.0,0.0,0.0,0.04,0.0,0.02,0.02
18,1,5,0,False,1.3521434065515294,0.2874445673648509,4,qEHVI,0.42,0.18,0.3,0.04,0.02,0.0,0.0,0.0,0.0,0.0,0.0,0.02,0.0,0.0,0.02
18,2,4,1,False,1.1740196410841943,0.0959201376222909,0,qEHVI,0.42,0.14,0.34,0.04,0.0,0.0,0.0,0.0,0.0,0.0,0.0,0.02,0.0,0.04,0.0
18,2,4,1,False,1.1740196410841943,0.0959201376222909,1,qEHVI,0.42,0.14,0.4,0.02,0.0,0.0,0.0,0.0,0.0,0.0,0.0,0.0,0.0,0.0,0.02
18,2,4,1,False,1.1740196410841943,0.0959201376222909,2,qEHVI,0.4,0.2,0.32,0.0,0.02,0.0,0.0,0.0,0.0,0.0,0.0,0.02,0.0,0.04,0.0
18,2,4,1,False,1.1740196410841943,0.0959201376222909,3,qEHVI,0.54,0.36,0.0,0.0,0.02,0.0,0.0,0.0,0.0,0.0,0.0,0.04,0.0,0.02,0.02
18,2,4,1,False,1.1740196410841943,0.0959201376222909,4,qUCB,0.42,0.48,0.02,0.0,0.04,0.0,0.0,0.0,0.04,0.0,0.0,0.0,0.0,0.0,0.0
18,3,3,2,True,1.1368606998775583,0.46366497619423264,0,qEHVI,0.42,0.14,0.34,0.04,0.0,0.0,0.0,0.0,0.0,0.0,0.0,0.02,0.0,0.04,0.0
18,3,3,2,True,1.1368606998775583,0.46366497619423264,1,qEHVI,0.42,0.14,0.4,0.02,0.0,0.0,0.0,0.0,0.0,0.0,0.0,0.0,0.0,0.0,0.02
18,3,3,2,True,1.1368606998775583,0.46366497619423264,2,qEHVI,0.4,0.2,0.32,0.0,0.02,0.0,0.0,0.0,0.0,0.0,0.0,0.02,0.0,0.04,0.0
18,3,3,2,True,1.1368606998775583,0.46366497619423264,3,qUCB,0.48,0.4,0.04,0.0,0.0,0.0,0.0,0.0,0.04,0.0,0.0,0.04,0.0,0.0,0.0
18,3,3,2,True,1.1368606998775583,0.46366497619423264,4,qUCB,0.0,0.0,0.98,0.0,0.0,0.0,0.0,0.0,0.0,0.0,0.0,0.0,0.0,0.0,0.02
18,4,2,3,False,0.9201267146234119,0.16810380729981558,0,qEHVI,0.42,0.14,0.34,0.04,0.0,0.0,0.0,0.0,0.0,0.0,0.0,0.02,0.0,0.04,0.0
18,4,2,3,False,0.9201267146234119,0.16810380729981558,1,qEHVI,0.42,0.14,0.4,0.02,0.0,0.0,0.0,0.0,0.0,0.0,0.0,0.0,0.0,0.0,0.02
18,4,2,3,False,0.9201267146234119,0.16810380729981558,2,qUCB,0.5,0.4,0.0,0.0,0.04,0.0,0.0,0.0,0.02,0.0,0.0,0.04,0.0,0.0,0.0
18,4,2,3,False,0.9201267146234119,0.16810380729981558,3,qUCB,0.0,0.0,0.98,0.0,0.0,0.0,0.0,0.0,0.0,0.0,0.0,0.0,0.0,0.0,0.02
18,4,2,3,False,0.9201267146234119,0.16810380729981558,4,qUCB,0.4,0.5,0.0,0.0,0.04,0.0,0.0,0.0,0.04,0.0,0.0,0.0,0.0,0.02,0.0
18,5,1,4,False,0.693847199517863,0.3594054969603062,0,qEHVI,0.42,0.14,0.34,0.04,0.0,0.0,0.0,0.0,0.0,0.0,0.0,0.02,0.0,0.04,0.0
18,5,1,4,False,0.693847199517863,0.3594054969603062,1,qUCB,0.46,0.44,0.0,0.0,0.04,0.0,0.0,0.0,0.04,0.0,0.0,0.0,0.0,0.0,0.02
18,5,1,4,False,0.693847199517863,0.3594054969603062,2,qUCB,0.0,0.0,0.98,0.0,0.0,0.0,0.0,0.0,0.0,0.0,0.0,0.0,0.0,0.0,0.02
18,5,1,4,False,0.693847199517863,0.3594054969603062,3,qUCB,0.0,0.72,0.2,0.0,0.04,0.0,0.0,0.0,0.0,0.0,0.0,0.0,0.0,0.0,0.04
18,5,1,4,False,0.693847199517863,0.3594054969603062,4,qUCB,0.38,0.14,0.38,0.0,0.04,0.0,0.0,0.0,0.02,0.0,0.0,0.0,0.0,0.0,0.04
18,6,0,5,False,0.4593388295607461,0.02581677593426157,0,qUCB,0.48,0.42,0.0,0.0,0.02,0.0,0.0,0.0,0.0,0.0,0.0,0.04,0.0,0.02,0.02
18,6,0,5,False,0.4593388295607461,0.02581677593426157,1,qUCB,0.0,0.0,0.98,0.0,0.0,0.0,0.0,0.0,0.0,0.0,0.0,0.0,0.0,0.0,0.02
18,6,0,5,False,0.4593388295607461,0.02581677593426157,2,qUCB,0.18,0.0,0.8,0.0,0.0,0.0,0.0,0.0,0.02,0.0,0.0,0.0,0.0,0.0,0.0
18,6,0,5,False,0.4593388295607461,0.02581677593426157,3,qUCB,0.42,0.42,0.06,0.0,0.02,0.0,0.0,0.0,0.0,0.0,0.0,0.04,0.0,0.04,0.0
18,6,0,5,False,0.4593388295607461,0.02581677593426157,4,qUCB,0.98,0.0,0.02,0.0,0.0,0.0,0.0,0.0,0.0,0.0,0.0,0.0,0.0,0.0,0.0
19,1,5,0,False,1.1774167210843094,0.04947951447131338,0,qEHVI,0.46,0.16,0.3,0.04,0.0,0.0,0.0,0.0,0.0,0.0,0.0,0.04,0.0,0.0,0.0
19,1,5,0,False,1.1774167210843094,0.04947951447131338,1,qEHVI,0.48,0.06,0.36,0.02,0.0,0.0,0.0,0.0,0.0,0.0,0.0,0.04,0.0,0.02,0.02
19,1,5,0,False,1.1774167210843094,0.04947951447131338,2,qEHVI,0.42,0.12,0.4,0.0,0.02,0.0,0.0,0.0,0.04,0.0,0.0,0.0,0.0,0.0,0.0
19,1,5,0,False,1.1774167210843094,0.04947951447131338,3,qEHVI,0.44,0.0,0.48,0.02,0.02,0.0,0.0,0.0,0.04,0.0,0.0,0.0,0.0,0.0,0.0
19,1,5,0,False,1.1774167210843094,0.04947951447131338,4,qEHVI,0.6,0.02,0.3,0.0,0.0,0.0,0.0,0.0,0.02,0.0,0.0,0.0,0.0,0.04,0.02
19,2,4,1,False,1.046942503110466,0.4306695579751114,0,qEHVI,0.46,0.16,0.3,0.04,0.0,0.0,0.0,0.0,0.0,0.0,0.0,0.04,0.0,0.0,0.0
19,2,4,1,False,1.046942503110466,0.4306695579751114,1,qEHVI,0.48,0.06,0.36,0.02,0.0,0.0,0.0,0.0,0.0,0.0,0.0,0.04,0.0,0.02,0.02
19,2,4,1,False,1.046942503110466,0.4306695579751114,2,qEHVI,0.42,0.12,0.4,0.0,0.02,0.0,0.0,0.0,0.04,0.0,0.0,0.0,0.0,0.0,0.0
19,2,4,1,False,1.046942503110466,0.4306695579751114,3,qEHVI,0.44,0.0,0.48,0.02,0.02,0.0,0.0,0.0,0.04,0.0,0.0,0.0,0.0,0.0,0.0
19,2,4,1,False,1.046942503110466,0.4306695579751114,4,qUCB,0.38,0.48,0.04,0.0,0.04,0.0,0.0,0.0,0.0,0.0,0.0,0.0,0.0,0.02,0.04
19,3,3,2,True,1.03075883804333,0.33814254231050533,0,qEHVI,0.46,0.16,0.3,0.04,0.0,0.0,0.0,0.0,0.0,0.0,0.0,0.04,0.0,0.0,0.0
19,3,3,2,True,1.03075883804333,0.33814254231050533,1,qEHVI,0.48,0.06,0.36,0.02,0.0,0.0,0.0,0.0,0.0,0.0,0.0,0.04,0.0,0.02,0.02
19,3,3,2,True,1.03075883804333,0.33814254231050533,2,qEHVI,0.42,0.12,0.4,0.0,0.02,0.0,0.0,0.0,0.04,0.0,0.0,0.0,0.0,0.0,0.0
19,3,3,2,True,1.03075883804333,0.33814254231050533,3,qUCB,0.38,0.48,0.04,0.0,0.04,0.0,0.0,0.0,0.0,0.0,0.0,0.0,0.0,0.02,0.04
19,3,3,2,True,1.03075883804333,0.33814254231050533,4,qUCB,0.0,0.22,0.68,0.0,0.0,0.0,0.0,0.0,0.02,0.0,0.0,0.0,0.0,0.04,0.04
19,4,2,3,False,0.8622161148699377,0.12606739657837812,0,qEHVI,0.46,0.16,0.3,0.04,0.0,0.0,0.0,0.0,0.0,0.0,0.0,0.04,0.0,0.0,0.0
19,4,2,3,False,0.8622161148699377,0.12606739657837812,1,qEHVI,0.48,0.06,0.36,0.02,0.0,0.0,0.0,0.0,0.0,0.0,0.0,0.04,0.0,0.02,0.02
19,4,2,3,False,0.8622161148699377,0.12606739657837812,2,qUCB,0.44,0.44,0.04,0.0,0.04,0.0,0.0,0.0,0.04,0.0,0.0,0.0,0.0,0.0,0.0
19,4,2,3,False,0.8622161148699377,0.12606739657837812,3,qUCB,0.0,0.24,0.68,0.0,0.04,0.0,0.0,0.0,0.02,0.0,0.0,0.0,0.0,0.02,0.0
19,4,2,3,False,0.8622161148699377,0.12606739657837812,4,qUCB,0.0,0.36,0.54,0.02,0.04,0.0,0.0,0.0,0.02,0.0,0.0,0.0,0.0,0.0,0.02
19,5,1,4,False,0.6481890910386867,0.37259817538536977,0,qEHVI,0.46,0.16,0.3,0.04,0.0,0.0,0.0,0.0,0.0,0.0,0.0,0.04,0.0,0.0,0.0
19,5,1,4,False,0.6481890910386867,0.37259817538536977,1,qUCB,0.44,0.42,0.04,0.0,0.04,0.0,0.0,0.0,0.02,0.0,0.0,0.0,0.0,0.04,0.0
19,5,1,4,False,0.6481890910386867,0.37259817538536977,2,qUCB,0.0,0.22,0.68,0.0,0.0,0.0,0.0,0.0,0.02,0.0,0.0,0.0,0.0,0.04,0.04
19,5,1,4,False,0.6481890910386867,0.37259817538536977,3,qUCB,0.0,0.32,0.58,0.0,0.04,0.0,0.0,0.0,0.04,0.0,0.0,0.0,0.0,0.0,0.02
19,5,1,4,False,0.6481890910386867,0.37259817538536977,4,qUCB,0.12,0.14,0.66,0.0,0.0,0.0,0.0,0.0,0.0,0.0,0.0,0.0,0.0,0.04,0.04
19,6,0,5,False,0.5523452116925979,0.0901694264733166,0,qUCB,0.42,0.14,0.38,0.0,0.02,0.0,0.0,0.0,0.04,0.0,0.0,0.0,0.0,0.0,0.0
19,6,0,5,False,0.5523452116925979,0.0901694264733166,1,qUCB,0.0,0.38,0.54,0.04,0.02,0.0,0.0,0.0,0.0,0.0,0.0,0.02,0.0,0.0,0.0
19,6,0,5,False,0.5523452116925979,0.0901694264733166,2,qUCB,0.0,0.28,0.68,0.0,0.0,0.0,0.0,0.0,0.02,0.0,0.0,0.0,0.0,0.0,0.02
19,6,0,5,False,0.5523452116925979,0.0901694264733166,3,qUCB,0.78,0.0,0.18,0.0,0.0,0.0,0.0,0.0,0.04,0.0,0.0,0.0,0.0,0.0,0.0
19,6,0,5,False,0.5523452116925979,0.0901694264733166,4,qUCB,0.12,0.14,0.66,0.0,0.0,0.0,0.0,0.0,0.0,0.0,0.0,0.0,0.0,0.04,0.04
20,1,5,0,False,1.086522671862049,0.2507444891089552,0,qEHVI,0.44,0.16,0.3,0.04,0.0,0.0,0.0,0.0,0.0,0.0,0.0,0.04,0.0,0.0,0.02
20,1,5,0,False,1.086522671862049,0.2507444891089552,1,qEHVI,0.62,0.0,0.36,0.0,0.02,0.0,0.0,0.0,0.0,0.0,0.0,0.0,0.0,0.0,0.0
20,1,5,0,False,1.086522671862049,0.2507444891089552,2,qEHVI,0.46,0.12,0.36,0.0,0.0,0.0,0.0,0.0,0.04,0.0,0.0,0.0,0.0,0.02,0.0
20,1,5,0,False,1.086522671862049,0.2507444891089552,3,qEHVI,0.38,0.12,0.4,0.0,0.04,0.0,0.0,0.0,0.02,0.0,0.0,0.0,0.0,0.04,0.0
20,1,5,0,False,1.086522671862049,0.2507444891089552,4,qEHVI,0.42,0.02,0.46,0.04,0.0,0.0,0.0,0.0,0.04,0.0,0.0,0.0,0.0,0.02,0.0
20,2,4,1,True,1.0169382107308782,0.36128471208024937,0,qEHVI,0.44,0.16,0.3,0.04,0.0,0.0,0.0,0.0,0.0,0.0,0.0,0.04,0.0,0.0,0.02
20,2,4,1,True,1.0169382107308782,0.36128471208024937,1,qEHVI,0.62,0.0,0.36,0.0,0.02,0.0,0.0,0.0,0.0,0.0,0.0,0.0,0.0,0.0,0.0
20,2,4,1,True,1.0169382107308782,0.36128471208024937,2,qEHVI,0.46,0.12,0.36,0.0,0.0,0.0,0.0,0.0,0.04,0.0,0.0,0.0,0.0,0.02,0.0
20,2,4,1,True,1.0169382107308782,0.36128471208024937,3,qEHVI,0.38,0.12,0.4,0.0,0.04,0.0,0.0,0.0,0.02,0.0,0.0,0.0,0.0,0.04,0.0
20,2,4,1,True,1.0169382107308782,0.36128471208024937,4,qUCB,0.44,0.46,0.0,0.0,0.0,0.0,0.0,0.0,0.0,0.0,0.0,0.02,0.0,0.04,0.04
20,3,3,2,False,0.868682100886533,0.19729326122368773,0,qEHVI,0.44,0.16,0.3,0.04,0.0,0.0,0.0,0.0,0.0,0.0,0.0,0.04,0.0,0.0,0.02
20,3,3,2,False,0.868682100886533,0.19729326122368773,1,qEHVI,0.62,0.0,0.36,0.0,0.02,0.0,0.0,0.0,0.0,0.0,0.0,0.0,0.0,0.0,0.0
20,3,3,2,False,0.868682100886533,0.19729326122368773,2,qEHVI,0.46,0.12,0.36,0.0,0.0,0.0,0.0,0.0,0.04,0.0,0.0,0.0,0.0,0.02,0.0
20,3,3,2,False,0.868682100886533,0.19729326122368773,3,qUCB,0.44,0.46,0.0,0.0,0.0,0.0,0.0,0.0,0.0,0.0,0.0,0.02,0.0,0.04,0.04
20,3,3,2,False,0.868682100886533,0.19729326122368773,4,qUCB,0.0,0.38,0.54,0.02,0.02,0.0,0.0,0.0,0.0,0.0,0.0,0.0,0.0,0.04,0.0
20,4,2,3,False,0.6555574475295877,0.07433427455276753,0,qEHVI,0.44,0.16,0.3,0.04,0.0,0.0,0.0,0.0,0.0,0.0,0.0,0.04,0.0,0.0,0.02
20,4,2,3,False,0.6555574475295877,0.07433427455276753,1,qEHVI,0.62,0.0,0.36,0.0,0.02,0.0,0.0,0.0,0.0,0.0,0.0,0.0,0.0,0.0,0.0
20,4,2,3,False,0.6555574475295877,0.07433427455276753,2,qUCB,0.42,0.32,0.16,0.0,0.0,0.0,0.0,0.0,0.04,0.0,0.0,0.0,0.0,0.04,0.02
20,4,2,3,False,0.6555574475295877,0.07433427455276753,3,qUCB,0.0,0.38,0.54,0.0,0.0,0.0,0.0,0.0,0.04,0.0,0.0,0.04,0.0,0.0,0.0
20,4,2,3,False,0.6555574475295877,0.07433427455276753,4,qUCB,0.0,0.72,0.18,0.0,0.0,0.0,0.0,0.0,0.02,0.0,0.0,0.04,0.0,0.04,0.0
20,5,1,4,False,0.4815836940407932,0.35079179057436605,0,qEHVI,0.44,0.16,0.3,0.04,0.0,0.0,0.0,0.0,0.0,0.0,0.0,0.04,0.0,0.0,0.02
20,5,1,4,False,0.4815836940407932,0.35079179057436605,1,qUCB,0.4,0.34,0.16,0.0,0.02,0.0,0.0,0.0,0.04,0.0,0.0,0.0,0.0,0.04,0.0
20,5,1,4,False,0.4815836940407932,0.35079179057436605,2,qUCB,0.14,0.1,0.66,0.0,0.04,0.0,0.0,0.0,0.04,0.0,0.0,0.0,0.0,0.02,0.0
20,5,1,4,False,0.4815836940407932,0.35079179057436605,3,qUCB,0.0,0.36,0.56,0.0,0.0,0.0,0.0,0.0,0.02,0.0,0.0,0.0,0.0,0.04,0.02
20,5,1,4,False,0.4815836940407932,0.35079179057436605,4,qUCB,0.02,0.7000000000000001,0.18,0.0,0.04,0.0,0.0,0.0,0.04,0.0,0.0,0.0,0.0,0.02,0.0
20,6,0,5,False,0.21206846284424435,0.03680229316949912,0,qUCB,0.4,0.34,0.18,0.0,0.02,0.0,0.0,0.0,0.0,0.0,0.0,0.0,0.0,0.02,0.04
20,6,0,5,False,0.21206846284424435,0.03680229316949912,1,qUCB,0.0,0.38,0.54,0.0,0.0,0.0,0.0,0.0,0.04,0.0,0.0,0.04,0.0,0.0,0.0
20,6,0,5,False,0.21206846284424435,0.03680229316949912,2,qUCB,0.16,0.1,0.64,0.0,0.04,0.0,0.0,0.0,0.0,0.0,0.0,0.02,0.0,0.04,0.0
20,6,0,5,False,0.21206846284424435,0.03680229316949912,3,qUCB,0.78,0.02,0.16,0.0,0.02,0.0,0.0,0.0,0.02,0.0,0.0,0.0,0.0,0.0,0.0
20,6,0,5,False,0.21206846284424435,0.03680229316949912,4,qUCB,0.0,0.72,0.18,0.0,0.0,0.0,0.0,0.0,0.02,0.0,0.0,0.04,0.0,0.04,0.0
21,1,5,0,False,1.0607735880528724,0.27876228990922947,0,qEHVI,0.42,0.08,0.44,0.02,0.0,0.0,0.0,0.0,0.02,0.0,0.0,0.0,0.0,0.02,0.0
21,1,5,0,False,1.0607735880528724,0.27876228990922947,1,qEHVI,0.46,0.14,0.3,0.04,0.04,0.0,0.0,0.0,0.0,0.0,0.0,0.0,0.0,0.02,0.0
21,1,5,0,False,1.0607735880528724,0.27876228990922947,2,qEHVI,0.6,0.0,0.3,0.0,0.0,0.0,0.0,0.0,0.04,0.0,0.0,0.0,0.0,0.04,0.02
21,1,5,0,False,1.0607735880528724,0.27876228990922947,3,qEHVI,0.38,0.14,0.42,0.04,0.0,0.0,0.0,0.0,0.0,0.0,0.0,0.02,0.0,0.0,0.0
21,1,5,0,False,1.0607735880528724,0.27876228990922947,4,qEHVI,0.62,0.3,0.0,0.0,0.04,0.0,0.0,0.0,0.0,0.0,0.0,0.0,0.0,0.04,0.0
21,2,4,1,False,0.9612958245063077,0.19878742565565855,0,qEHVI,0.42,0.08,0.44,0.02,0.0,0.0,0.0,0.0,0.02,0.0,0.0,0.0,0.0,0.02,0.0
21,2,4,1,False,0.9612958245063077,0.19878742565565855,1,qEHVI,0.46,0.14,0.3,0.04,0.04,0.0,0.0,0.0,0.0,0.0,0.0,0.0,0.0,0.02,0.0
21,2,4,1,False,0.9612958245063077,0.19878742565565855,2,qEHVI,0.6,0.0,0.3,0.0,0.0,0.0,0.0,0.0,0.04,0.0,0.0,0.0,0.0,0.04,0.02
21,2,4,1,False,0.9612958245063077,0.19878742565565855,3,qEHVI,0.62,0.3,0.0,0.0,0.04,0.0,0.0,0.0,0.0,0.0,0.0,0.0,0.0,0.04,0.0
21,2,4,1,False,0.9612958245063077,0.19878742565565855,4,qUCB,0.4,0.32,0.18,0.0,0.0,0.0,0.0,0.0,0.0,0.0,0.0,0.04,0.0,0.02,0.04
21,3,3,2,False,0.8648300439047607,0.20908753262987378,0,qEHVI,0.42,0.08,0.44,0.02,0.0,0.0,0.0,0.0,0.02,0.0,0.0,0.0,0.0,0.02,0.0
21,3,3,2,False,0.8648300439047607,0.20908753262987378,1,qEHVI,0.46,0.14,0.3,0.04,0.04,0.0,0.0,0.0,0.0,0.0,0.0,0.0,0.0,0.02,0.0
21,3,3,2,False,0.8648300439047607,0.20908753262987378,2,qEHVI,0.6,0.0,0.3,0.0,0.0,0.0,0.0,0.0,0.04,0.0,0.0,0.0,0.0,0.04,0.02
21,3,3,2,False,0.8648300439047607,0.20908753262987378,3,qUCB,0.4,0.32,0.18,0.0,0.0,0.0,0.0,0.0,0.0,0.0,0.0,0.04,0.0,0.02,0.04
21,3,3,2,False,0.8648300439047607,0.20908753262987378,4,qUCB,0.0,0.4,0.52,0.0,0.0,0.0,0.0,0.0,0.0,0.0,0.0,0.04,0.0,0.0,0.04
21,4,2,3,True,0.7120658742595024,0.4435967076701285,0,qEHVI,0.42,0.08,0.44,0.02,0.0,0.0,0.0,0.0,0.02,0.0,0.0,0.0,0.0,0.02,0.0
21,4,2,3,True,0.7120658742595024,0.4435967076701285,1,qEHVI,0.46,0.14,0.3,0.04,0.04,0.0,0.0,0.0,0.0,0.0,0.0,0.0,0.0,0.02,0.0
21,4,2,3,True,0.7120658742595024,0.4435967076701285,2,qUCB,0.4,0.32,0.18,0.0,0.0,0.0,0.0,0.0,0.0,0.0,0.0,0.04,0.0,0.02,0.04
21,4,2,3,True,0.7120658742595024,0.4435967076701285,3,qUCB,0.0,0.4,0.52,0.0,0.0,0.0,0.0,0.0,0.0,0.0,0.0,0.04,0.0,0.0,0.04
21,4,2,3,True,0.7120658742595024,0.4435967076701285,4,qUCB,0.02,0.7000000000000001,0.18,0.0,0.04,0.0,0.0,0.0,0.0,0.0,0.0,0.04,0.0,0.0,0.02
21,5,1,4,False,0.4553631239420181,0.1447283509066244,0,qEHVI,0.42,0.08,0.44,0.02,0.0,0.0,0.0,0.0,0.02,0.0,0.0,0.0,0.0,0.02,0.0
21,5,1,4,False,0.4553631239420181,0.1447283509066244,1,qUCB,0.42,0.46,0.02,0.0,0.04,0.0,0.0,0.0,0.0,0.0,0.0,0.04,0.0,0.02,0.0
21,5,1,4,False,0.4553631239420181,0.1447283509066244,2,qUCB,0.02,0.7000000000000001,0.18,0.0,0.04,0.0,0.0,0.0,0.0,0.0,0.0,0.04,0.0,0.0,0.02
21,5,1,4,False,0.4553631239420181,0.1447283509066244,3,qUCB,0.0,0.4,0.52,0.0,0.0,0.0,0.0,0.0,0.0,0.0,0.0,0.04,0.0,0.0,0.04
21,5,1,4,False,0.4553631239420181,0.1447283509066244,4,qUCB,0.2,0.06,0.64,0.0,0.04,0.0,0.0,0.0,0.0,0.0,0.0,0.04,0.0,0.0,0.02
21,6,0,5,False,0.3809867875984339,0.26555108650759074,0,qUCB,0.44,0.46,0.0,0.0,0.04,0.0,0.0,0.0,0.02,0.0,0.0,0.02,0.0,0.02,0.0
21,6,0,5,False,0.3809867875984339,0.26555108650759074,1,qUCB,0.0,0.38,0.52,0.04,0.04,0.0,0.0,0.0,0.0,0.0,0.0,0.02,0.0,0.0,0.0
21,6,0,5,False,0.3809867875984339,0.26555108650759074,2,qUCB,0.0,0.38,0.56,0.0,0.0,0.0,0.0,0.0,0.0,0.0,0.0,0.02,0.0,0.0,0.04
21,6,0,5,False,0.3809867875984339,0.26555108650759074,3,qUCB,0.78,0.0,0.18,0.0,0.0,0.0,0.0,0.0,0.02,0.0,0.0,0.0,0.0,0.02,0.0
21,6,0,5,False,0.3809867875984339,0.26555108650759074,4,qUCB,0.16,0.1,0.64,0.0,0.0,0.0,0.0,0.0,0.04,0.0,0.0,0.0,0.0,0.02,0.04
22,1,5,0,False,0.8533915545259564,0.15686655265362148,0,qEHVI,0.46,0.14,0.3,0.04,0.02,0.0,0.0,0.0,0.0,0.0,0.0,0.02,0.0,0.0,0.02
22,1,5,0,False,0.8533915545259564,0.15686655265362148,1,qEHVI,0.4,0.16,0.4,0.0,0.0,0.0,0.0,0.0,0.0,0.0,0.0,0.0,0.0,0.04,0.0
22,1,5,0,False,0.8533915545259564,0.15686655265362148,2,qEHVI,0.6,0.02,0.38,0.0,0.0,0.0,0.0,0.0,0.0,0.0,0.0,0.0,0.0,0.0,0.0
22,1,5,0,False,0.8533915545259564,0.15686655265362148,3,qEHVI,0.46,0.02,0.48,0.0,0.0,0.0,0.0,0.0,0.02,0.0,0.0,0.0,0.0,0.0,0.02
22,1,5,0,False,0.8533915545259564,0.15686655265362148,4,qEHVI,0.4,0.06,0.44,0.04,0.04,0.0,0.0,0.0,0.0,0.0,0.0,0.0,0.0,0.02,0.0
22,2,4,1,True,0.7724004775523017,0.18496374608450594,0,qEHVI,0.46,0.14,0.3,0.04,0.02,0.0,0.0,0.0,0.0,0.0,0.0,0.02,0.0,0.0,0.02
22,2,4,1,True,0.7724004775523017,0.18496374608450594,1,qEHVI,0.4,0.16,0.4,0.0,0.0,0.0,0.0,0.0,0.0,0.0,0.0,0.0,0.0,0.04,0.0
22,2,4,1,True,0.7724004775523017,0.18496374608450594,2,qEHVI,0.6,0.02,0.38,0.0,0.0,0.0,0.0,0.0,0.0,0.0,0.0,0.0,0.0,0.0,0.0
22,2,4,1,True,0.7724004775523017,0.18496374608450594,3,qEHVI,0.46,0.02,0.48,0.0,0.0,0.0,0.0,0.0,0.02,0.0,0.0,0.0,0.0,0.0,0.02
22,2,4,1,True,0.7724004775523017,0.18496374608450594,4,qUCB,0.46,0.42,0.02,0.0,0.02,0.0,0.0,0.0,0.02,0.0,0.0,0.04,0.0,0.02,0.0
22,3,3,2,False,0.6355919497124334,0.39478603374446397,0,qEHVI,0.46,0.14,0.3,0.04,0.02,0.0,0.0,0.0,0.0,0.0,0.0,0.02,0.0,0.0,0.02
22,3,3,2,False,0.6355919497124334,0.39478603374446397,1,qEHVI,0.4,0.16,0.4,0.0,0.0,0.0,0.0,0.0,0.0,0.0,0.0,0.0,0.0,0.04,0.0
22,3,3,2,False,0.6355919497124334,0.39478603374446397,2,qEHVI,0.6,0.02,0.38,0.0,0.0,0.0,0.0,0.0,0.0,0.0,0.0,0.0,0.0,0.0,0.0
22,3,3,2,False,0.6355919497124334,0.39478603374446397,3,qUCB,0.42,0.46,0.02,0.0,0.02,0.0,0.0,0.0,0.04,0.0,0.0,0.0,0.0,0.0,0.04
22,3,3,2,False,0.6355919497124334,0.39478603374446397,4,qUCB,0.18,0.06,0.66,0.0,0.0,0.0,0.0,0.0,0.02,0.0,0.0,0.04,0.0,0.0,0.04
22,4,2,3,False,0.5421975736119107,0.31468883760003274,0,qEHVI,0.46,0.14,0.3,0.04,0.02,0.0,0.0,0.0,0.0,0.0,0.0,0.02,0.0,0.0,0.02
22,4,2,3,False,0.5421975736119107,0.31468883760003274,1,qEHVI,0.4,0.16,0.4,0.0,0.0,0.0,0.0,0.0,0.0,0.0,0.0,0.0,0.0,0.04,0.0
22,4,2,3,False,0.5421975736119107,0.31468883760003274,2,qUCB,0.42,0.52,0.0,0.0,0.0,0.0,0.0,0.0,0.04,0.0,0.0,0.0,0.0,0.0,0.02
22,4,2,3,False,0.5421975736119107,0.31468883760003274,3,qUCB,0.18,0.08,0.64,0.0,0.02,0.0,0.0,0.0,0.04,0.0,0.0,0.02,0.0,0.0,0.02
22,4,2,3,False,0.5421975736119107,0.31468883760003274,4,qUCB,0.8,0.02,0.16,0.0,0.0,0.0,0.0,0.0,0.0,0.0,0.0,0.02,0.0,0.0,0.0
22,5,1,4,False,0.39687978923582123,0.05182464169540624,0,qEHVI,0.46,0.14,0.3,0.04,0.02,0.0,0.0,0.0,0.0,0.0,0.0,0.02,0.0,0.0,0.02
22,5,1,4,False,0.39687978923582123,0.05182464169540624,1,qUCB,0.42,0.08,0.42,0.0,0.0,0.0,0.0,0.0,0.04,0.0,0.0,0.0,0.0,0.04,0.0
22,5,1,4,False,0.39687978923582123,0.05182464169540624,2,qUCB,0.24,0.02,0.66,0.0,0.0,0.0,0.0,0.0,0.04,0.0,0.0,0.0,0.0,0.04,0.0
22,5,1,4,False,0.39687978923582123,0.05182464169540624,3,qUCB,0.8,0.0,0.16,0.0,0.0,0.0,0.0,0.0,0.02,0.0,0.0,0.0,0.0,0.02,0.0
22,5,1,4,False,0.39687978923582123,0.05182464169540624,4,qUCB,0.18,0.02,0.76,0.0,0.0,0.0,0.0,0.0,0.02,0.0,0.0,0.0,0.0,0.02,0.0
22,6,0,5,False,0.19701294193054228,0.060176322852004915,0,qUCB,0.44,0.52,0.0,0.0,0.0,0.0,0.0,0.0,0.0,0.0,0.0,0.02,0.0,0.02,0.0
22,6,0,5,False,0.19701294193054228,0.060176322852004915,1,qUCB,0.8,0.02,0.16,0.0,0.0,0.0,0.0,0.0,0.0,0.0,0.0,0.02,0.0,0.0,0.0
22,6,0,5,False,0.19701294193054228,0.060176322852004915,2,qUCB,0.16,0.12,0.64,0.0,0.0,0.0,0.0,0.0,0.02,0.0,0.0,0.04,0.0,0.02,0.0
22,6,0,5,False,0.19701294193054228,0.060176322852004915,3,qUCB,0.18,0.02,0.76,0.0,0.0,0.0,0.0,0.0,0.02,0.0,0.0,0.0,0.0,0.02,0.0
22,6,0,5,False,0.19701294193054228,0.060176322852004915,4,qUCB,0.6,0.2,0.1,0.04,0.0,0.0,0.0,0.0,0.02,0.0,0.0,0.0,0.0,0.0,0.04
23,1,5,0,False,0.867946418883777,0.03479684004334871,0,qEHVI,0.42,0.04,0.44,0.02,0.0,0.0,0.0,0.0,0.02,0.0,0.0,0.02,0.0,0.04,0.0
23,1,5,0,False,0.867946418883777,0.03479684004334871,1,qEHVI,0.46,0.14,0.3,0.04,0.0,0.0,0.0,0.0,0.0,0.0,0.0,0.02,0.0,0.04,0.0
23,1,5,0,False,0.867946418883777,0.03479684004334871,2,qEHVI,0.6,0.0,0.3,0.0,0.02,0.0,0.0,0.0,0.02,0.0,0.0,0.0,0.0,0.02,0.04
23,1,5,0,False,0.867946418883777,0.03479684004334871,3,qEHVI,0.42,0.12,0.36,0.0,0.04,0.0,0.0,0.0,0.0,0.0,0.0,0.0,0.0,0.02,0.04
23,1,5,0,False,0.867946418883777,0.03479684004334871,4,qEHVI,0.42,0.16,0.32,0.04,0.0,0.0,0.0,0.0,0.02,0.0,0.0,0.04,0.0,0.0,0.0
23,2,4,1,False,0.7991740632341862,0.19912735794265402,0,qEHVI,0.42,0.04,0.44,0.02,0.0,0.0,0.0,0.0,0.02,0.0,0.0,0.02,0.0,0.04,0.0
23,2,4,1,False,0.7991740632341862,0.19912735794265402,1,qEHVI,0.46,0.14,0.3,0.04,0.0,0.0,0.0,0.0,0.0,0.0,0.0,0.02,0.0,0.04,0.0
23,2,4,1,False,0.7991740632341862,0.19912735794265402,2,qEHVI,0.6,0.0,0.3,0.0,0.02,0.0,0.0,0.0,0.02,0.0,0.0,0.0,0.0,0.02,0.04
23,2,4,1,False,0.7991740632341862,0.19912735794265402,3,qEHVI,0.42,0.12,0.36,0.0,0.04,0.0,0.0,0.0,0.0,0.0,0.0,0.0,0.0,0.02,0.04
23,2,4,1,False,0.7991740632341862,0.19912735794265402,4,qUCB,0.46,0.46,0.0,0.0,0.04,0.0,0.0,0.0,0.0,0.0,0.0,0.04,0.0,0.0,0.0
23,3,3,2,False,0.6911266696380041,0.0956977031063726,0,qEHVI,0.42,0.04,0.44,0.02,0.0,0.0,0.0,0.0,0.02,0.0,0.0,0.02,0.0,0.04,0.0
23,3,3,2,False,0.6911266696380041,0.0956977031063726,1,qEHVI,0.46,0.14,0.3,0.04,0.0,0.0,0.0,0.0,0.0,0.0,0.0,0.02,0.0,0.04,0.0
23,3,3,2,False,0.6911266696380041,0.0956977031063726,2,qEHVI,0.6,0.0,0.3,0.0,0.02,0.0,0.0,0.0,0.02,0.0,0.0,0.0,0.0,0.02,0.04
23,3,3,2,False,0.6911266696380041,0.0956977031063726,3,qUCB,0.46,0.46,0.0,0.0,0.04,0.0,0.0,0.0,0.0,0.0,0.0,0.04,0.0,0.0,0.0
23,3,3,2,False,0.6911266696380041,0.0956977031063726,4,qUCB,0.14,0.16,0.62,0.0,0.04,0.0,0.0,0.0,0.0,0.0,0.0,0.04,0.0,0.0,0.0
23,4,2,3,True,0.5567569250213168,0.2743754578762019,0,qEHVI,0.42,0.04,0.44,0.02,0.0,0.0,0.0,0.0,0.02,0.0,0.0,0.02,0.0,0.04,0.0
23,4,2,3,True,0.5567569250213168,0.2743754578762019,1,qEHVI,0.46,0.14,0.3,0.04,0.0,0.0,0.0,0.0,0.0,0.0,0.0,0.02,0.0,0.04,0.0
23,4,2,3,True,0.5567569250213168,0.2743754578762019,2,qUCB,0.42,0.48,0.0,0.0,0.04,0.0,0.0,0.0,0.02,0.0,0.0,0.0,0.0,0.0,0.04
23,4,2,3,True,0.5567569250213168,0.2743754578762019,3,qUCB,0.12,0.14,0.66,0.0,0.04,0.0,0.0,0.0,0.0,0.0,0.0,0.0,0.0,0.0,0.04
23,4,2,3,True,0.5567569250213168,0.2743754578762019,4,qUCB,0.22,0.04,0.64,0.04,0.02,0.0,0.0,0.0,0.0,0.0,0.0,0.0,0.0,0.0,0.04
23,5,1,4,False,0.4116461224742177,0.4120626717349227,0,qEHVI,0.42,0.04,0.44,0.02,0.0,0.0,0.0,0.0,0.02,0.0,0.0,0.02,0.0,0.04,0.0
23,5,1,4,False,0.4116461224742177,0.4120626717349227,1,qUCB,0.42,0.48,0.0,0.0,0.04,0.0,0.0,0.0,0.02,0.0,0.0,0.0,0.0,0.0,0.04
23,5,1,4,False,0.4116461224742177,0.4120626717349227,2,qUCB,0.12,0.14,0.66,0.0,0.04,0.0,0.0,0.0,0.0,0.0,0.0,0.0,0.0,0.0,0.04
23,5,1,4,False,0.4116461224742177,0.4120626717349227,3,qUCB,0.2,0.58,0.12,0.0,0.04,0.0,0.0,0.0,0.02,0.0,0.0,0.0,0.0,0.0,0.04
23,5,1,4,False,0.4116461224742177,0.4120626717349227,4,qUCB,0.04,0.74,0.12,0.0,0.04,0.0,0.0,0.0,0.02,0.0,0.0,0.0,0.0,0.0,0.04
23,6,0,5,False,0.3729188347266869,0.23600132660758,0,qUCB,0.4,0.1,0.42,0.02,0.0,0.0,0.0,0.0,0.0,0.0,0.0,0.0,0.0,0.02,0.04
23,6,0,5,False,0.3729188347266869,0.23600132660758,1,qUCB,0.8,0.0,0.16,0.0,0.0,0.0,0.0,0.0,0.0,0.0,0.0,0.02,0.0,0.02,0.0
23,6,0,5,False,0.3729188347266869,0.23600132660758,2,qUCB,0.58,0.22,0.1,0.04,0.0,0.0,0.0,0.0,0.0,0.0,0.0,0.02,0.0,0.04,0.0
23,6,0,5,False,0.3729188347266869,0.23600132660758,3,qUCB,0.16,0.12,0.64,0.0,0.0,0.0,0.0,0.0,0.0,0.0,0.0,0.02,0.0,0.02,0.04
23,6,0,5,False,0.3729188347266869,0.23600132660758,4,qUCB,0.18,0.0,0.76,0.04,0.02,0.0,0.0,0.0,0.0,0.0,0.0,0.0,0.0,0.0,0.0
24,1,5,0,False,0.9357055254588885,0.11397425199838374,0,qEHVI,0.42,0.18,0.3,0.02,0.0,0.0,0.0,0.0,0.0,0.0,0.0,0.04,0.0,0.04,0.0
24,1,5,0,False,0.9357055254588885,0.11397425199838374,1,qEHVI,0.46,0.08,0.36,0.02,0.02,0.0,0.0,0.0,0.02,0.0,0.0,0.0,0.0,0.0,0.04
24,1,5,0,False,0.9357055254588885,0.11397425199838374,2,qEHVI,0.62,0.0,0.3,0.0,0.04,0.0,0.0,0.0,0.0,0.0,0.0,0.0,0.0,0.0,0.04
24,1,5,0,False,0.9357055254588885,0.11397425199838374,3,qEHVI,0.6,0.3,0.0,0.0,0.02,0.0,0.0,0.0,0.02,0.0,0.0,0.04,0.0,0.02,0.0
24,1,5,0,False,0.9357055254588885,0.11397425199838374,4,qEHVI,0.38,0.14,0.4,0.0,0.0,0.0,0.0,0.0,0.04,0.0,0.0,0.0,0.0,0.02,0.02
24,2,4,1,False,0.8956301587885731,0.08934019150786376,0,qEHVI,0.42,0.18,0.3,0.02,0.0,0.0,0.0,0.0,0.0,0.0,0.0,0.04,0.0,0.04,0.0
24,2,4,1,False,0.8956301587885731,0.08934019150786376,1,qEHVI,0.46,0.08,0.36,0.02,0.02,0.0,0.0,0.0,0.02,0.0,0.0,0.0,0.0,0.0,0.04
24,2,4,1,False,0.8956301587885731,0.08934019150786376,2,qEHVI,0.62,0.0,0.3,0.0,0.04,0.0,0.0,0.0,0.0,0.0,0.0,0.0,0.0,0.0,0.04
24,2,4,1,False,0.8956301587885731,0.08934019150786376,3,qEHVI,0.6,0.3,0.0,0.0,0.02,0.0,0.0,0.0,0.02,0.0,0.0,0.04,0.0,0.02,0.0
24,2,4,1,False,0.8956301587885731,0.08934019150786376,4,qUCB,0.42,0.06,0.42,0.02,0.04,0.0,0.0,0.0,0.0,0.0,0.0,0.0,0.0,0.04,0.0
24,3,3,2,False,0.791577938444463,0.08155695292392373,0,qEHVI,0.42,0.18,0.3,0.02,0.0,0.0,0.0,0.0,0.0,0.0,0.0,0.04,0.0,0.04,0.0
24,3,3,2,False,0.791577938444463,0.08155695292392373,1,qEHVI,0.46,0.08,0.36,0.02,0.02,0.0,0.0,0.0,0.02,0.0,0.0,0.0,0.0,0.0,0.04
24,3,3,2,False,0.791577938444463,0.08155695292392373,2,qEHVI,0.62,0.0,0.3,0.0,0.04,0.0,0.0,0.0,0.0,0.0,0.0,0.0,0.0,0.0,0.04
24,3,3,2,False,0.791577938444463,0.08155695292392373,3,qUCB,0.42,0.12,0.36,0.0,0.02,0.0,0.0,0.0,0.04,0.0,0.0,0.04,0.0,0.0,0.0
24,3,3,2,False,0.791577938444463,0.08155695292392373,4,qUCB,0.74,0.0,0.18,0.0,0.0,0.0,0.0,0.0,0.04,0.0,0.0,0.0,0.0,0.04,0.0
24,4,2,3,True,0.5897651548340082,0.24143576005370004,0,qEHVI,0.42,0.18,0.3,0.02,0.0,0.0,0.0,0.0,0.0,0.0,0.0,0.04,0.0,0.04,0.0
24,4,2,3,True,0.5897651548340082,0.24143576005370004,1,qEHVI,0.46,0.08,0.36,0.02,0.02,0.0,0.0,0.0,0.02,0.0,0.0,0.0,0.0,0.0,0.04
24,4,2,3,True,0.5897651548340082,0.24143576005370004,2,qUCB,0.42,0.12,0.36,0.0,0.02,0.0,0.0,0.0,0.04,0.0,0.0,0.04,0.0,0.0,0.0
24,4,2,3,True,0.5897651548340082,0.24143576005370004,3,qUCB,0.74,0.0,0.16,0.0,0.04,0.0,0.0,0.0,0.02,0.0,0.0,0.04,0.0,0.0,0.0
24,4,2,3,True,0.5897651548340082,0.24143576005370004,4,qUCB,0.6,0.2,0.1,0.04,0.04,0.0,0.0,0.0,0.0,0.0,0.0,0.0,0.0,0.02,0.0
24,5,1,4,False,0.4450444920776548,0.03140688542149683,0,qEHVI,0.42,0.18,0.3,0.02,0.0,0.0,0.0,0.0,0.0,0.0,0.0,0.04,0.0,0.04,0.0
24,5,1,4,False,0.4450444920776548,0.03140688542149683,1,qUCB,0.38,0.12,0.4,0.0,0.02,0.0,0.0,0.0,0.04,0.0,0.0,0.0,0.0,0.0,0.04
24,5,1,4,False,0.4450444920776548,0.03140688542149683,2,qUCB,0.76,0.0,0.18,0.0,0.02,0.0,0.0,0.0,0.04,0.0,0.0,0.0,0.0,0.0,0.0
24,5,1,4,False,0.4450444920776548,0.03140688542149683,3,qUCB,0.08,0.7000000000000001,0.12,0.0,0.04,0.0,0.0,0.0,0.02,0.0,0.0,0.0,0.0,0.0,0.04
24,5,1,4,False,0.4450444920776548,0.03140688542149683,4,qUCB,0.56,0.24,0.1,0.04,0.02,0.0,0.0,0.0,0.0,0.0,0.0,0.0,0.0,0.0,0.04
24,6,0,5,False,0.3443908429250191,0.08239186775171436,0,qUCB,0.42,0.06,0.42,0.02,0.04,0.0,0.0,0.0,0.0,0.0,0.0,0.0,0.0,0.04,0.0
24,6,0,5,False,0.3443908429250191,0.08239186775171436,1,qUCB,0.62,0.18,0.1,0.04,0.0,0.0,0.0,0.0,0.0,0.0,0.0,0.04,0.0,0.02,0.0
24,6,0,5,False,0.3443908429250191,0.08239186775171436,2,qUCB,0.42,0.38,0.1,0.04,0.0,0.0,0.0,0.0,0.02,0.0,0.0,0.04,0.0,0.0,0.0
24,6,0,5,False,0.3443908429250191,0.08239186775171436,3,qUCB,0.8200000000000001,0.02,0.14,0.02,0.0,0.0,0.0,0.0,0.0,0.0,0.0,0.0,0.0,0.0,0.0
24,6,0,5,False,0.3443908429250191,0.08239186775171436,4,qUCB,0.18,0.0,0.76,0.04,0.0,0.0,0.0,0.0,0.02,0.0,0.0,0.0,0.0,0.0,0.0
25,1,5,0,False,0.877098471586619,0.6927177069344275,0,qEHVI,0.44,0.16,0.3,0.02,0.02,0.0,0.0,0.0,0.02,0.0,0.0,0.02,0.0,0.0,0.02
25,1,5,0,False,0.877098471586619,0.6927177069344275,1,qEHVI,0.6,0.0,0.3,0.0,0.02,0.0,0.0,0.0,0.04,0.0,0.0,0.0,0.0,0.02,0.02
25,1,5,0,False,0.877098471586619,0.6927177069344275,2,qEHVI,0.62,0.32,0.0,0.0,0.0,0.0,0.0,0.0,0.0,0.0,0.0,0.04,0.0,0.02,0.0
25,1,5,0,False,0.877098471586619,0.6927177069344275,3,qEHVI,0.42,0.04,0.44,0.04,0.02,0.0,0.0,0.0,0.02,0.0,0.0,0.0,0.0,0.0,0.02
25,1,5,0,False,0.877098471586619,0.6927177069344275,4,qEHVI,0.42,0.0,0.56,0.0,0.0,0.0,0.0,0.0,0.0,0.0,0.0,0.0,0.0,0.02,0.0
25,2,4,1,True,0.7645663168800709,0.22453764685412025,0,qEHVI,0.44,0.16,0.3,0.02,0.02,0.0,0.0,0.0,0.02,0.0,0.0,0.02,0.0,0.0,0.02
25,2,4,1,True,0.7645663168800709,0.22453764685412025,1,qEHVI,0.6,0.0,0.3,0.0,0.02,0.0,0.0,0.0,0.04,0.0,0.0,0.0,0.0,0.02,0.02
25,2,4,1,True,0.7645663168800709,0.22453764685412025,2,qEHVI,0.62,0.32,0.0,0.0,0.0,0.0,0.0,0.0,0.0,0.0,0.0,0.04,0.0,0.02,0.0
25,2,4,1,True,0.7645663168800709,0.22453764685412025,3,qEHVI,0.42,0.04,0.44,0.04,0.02,0.0,0.0,0.0,0.02,0.0,0.0,0.0,0.0,0.0,0.02
25,2,4,1,True,0.7645663168800709,0.22453764685412025,4,qUCB,0.46,0.06,0.38,0.02,0.0,0.0,0.0,0.0,0.0,0.0,0.0,0.0,0.0,0.04,0.04
25,3,3,2,False,0.5542479977296564,0.30376797485967355,0,qEHVI,0.44,0.16,0.3,0.02,0.02,0.0,0.0,0.0,0.02,0.0,0.0,0.02,0.0,0.0,0.02
25,3,3,2,False,0.5542479977296564,0.30376797485967355,1,qEHVI,0.42,0.0,0.56,0.0,0.0,0.0,0.0,0.0,0.0,0.0,0.0,0.0,0.0,0.02,0.0
25,3,3,2,False,0.5542479977296564,0.30376797485967355,2,qEHVI,0.6,0.0,0.3,0.0,0.02,0.0,0.0,0.0,0.04,0.0,0.0,0.0,0.0,0.02,0.02
25,3,3,2,False,0.5542479977296564,0.30376797485967355,3,qUCB,0.46,0.4,0.04,0.0,0.0,0.0,0.0,0.0,0.02,0.0,0.0,0.04,0.0,0.04,0.0
25,3,3,2,False,0.5542479977296564,0.30376797485967355,4,qUCB,0.0,0.84,0.06,0.04,0.02,0.0,0.0,0.0,0.0,0.0,0.0,0.0,0.0,0.04,0.0
25,4,2,3,False,0.4936080776984797,0.3011044950739237,0,qEHVI,0.44,0.16,0.3,0.02,0.02,0.0,0.0,0.0,0.02,0.0,0.0,0.02,0.0,0.0,0.02
25,4,2,3,False,0.4936080776984797,0.3011044950739237,1,qEHVI,0.6,0.0,0.3,0.0,0.02,0.0,0.0,0.0,0.04,0.0,0.0,0.0,0.0,0.02,0.02
25,4,2,3,False,0.4936080776984797,0.3011044950739237,2,qUCB,0.46,0.4,0.04,0.0,0.0,0.0,0.0,0.0,0.02,0.0,0.0,0.04,0.0,0.04,0.0
25,4,2,3,False,0.4936080776984797,0.3011044950739237,3,qUCB,0.22,0.0,0.76,0.0,0.0,0.0,0.0,0.0,0.0,0.0,0.0,0.0,0.0,0.0,0.02
25,4,2,3,False,0.4936080776984797,0.3011044950739237,4,qUCB,0.0,0.52,0.38,0.04,0.0,0.0,0.0,0.0,0.0,0.0,0.0,0.0,0.0,0.04,0.02
25,5,1,4,False,0.3458563383220463,0.3805471748090369,0,qEHVI,0.44,0.16,0.3,0.02,0.02,0.0,0.0,0.0,0.02,0.0,0.0,0.02,0.0,0.0,0.02
25,5,1,4,False,0.3458563383220463,0.3805471748090369,1,qUCB,0.46,0.4,0.04,0.0,0.0,0.0,0.0,0.0,0.02,0.0,0.0,0.04,0.0,0.04,0.0
25,5,1,4,False,0.3458563383220463,0.3805471748090369,2,qUCB,0.22,0.0,0.76,0.0,0.0,0.0,0.0,0.0,0.0,0.0,0.0,0.0,0.0,0.0,0.02
25,5,1,4,False,0.3458563383220463,0.3805471748090369,3,qUCB,0.0,0.52,0.38,0.04,0.0,0.0,0.0,0.0,0.0,0.0,0.0,0.0,0.0,0.04,0.02
25,5,1,4,False,0.3458563383220463,0.3805471748090369,4,qUCB,0.0,0.84,0.06,0.04,0.02,0.0,0.0,0.0,0.0,0.0,0.0,0.0,0.0,0.04,0.0
25,6,0,5,False,0.4283290143833052,0.036554067974478244,0,qUCB,0.4,0.08,0.42,0.04,0.0,0.0,0.0,0.0,0.0,0.0,0.0,0.0,0.0,0.02,0.04
25,6,0,5,False,0.4283290143833052,0.036554067974478244,1,qUCB,0.22,0.0,0.76,0.0,0.0,0.0,0.0,0.0,0.0,0.0,0.0,0.0,0.0,0.0,0.02
25,6,0,5,False,0.4283290143833052,0.036554067974478244,2,qUCB,0.42,0.0,0.56,0.0,0.0,0.0,0.0,0.0,0.0,0.0,0.0,0.0,0.0,0.02,0.0
25,6,0,5,False,0.4283290143833052,0.036554067974478244,3,qUCB,0.14,0.0,0.8,0.04,0.02,0.0,0.0,0.0,0.0,0.0,0.0,0.0,0.0,0.0,0.0
25,6,0,5,False,0.4283290143833052,0.036554067974478244,4,qUCB,0.8,0.0,0.12,0.04,0.02,0.0,0.0,0.0,0.0,0.0,0.0,0.0,0.0,0.02,0.0
26,1,5,0,False,0.7613307643244511,0.0336983768054786,0,qEHVI,0.4,0.2,0.3,0.0,0.04,0.0,0.0,0.0,0.02,0.0,0.0,0.04,0.0,0.0,0.0
26,1,5,0,False,0.7613307643244511,0.0336983768054786,1,qEHVI,0.42,0.08,0.44,0.02,0.02,0.0,0.0,0.0,0.0,0.0,0.0,0.0,0.0,0.0,0.02
26,1,5,0,False,0.7613307643244511,0.0336983768054786,2,qEHVI,0.38,0.16,0.4,0.02,0.04,0.0,0.0,0.0,0.0,0.0,0.0,0.0,0.0,0.0,0.0
26,1,5,0,False,0.7613307643244511,0.0336983768054786,3,qEHVI,0.64,0.28,0.0,0.0,0.04,0.0,0.0,0.0,0.0,0.0,0.0,0.0,0.0,0.0,0.04
26,1,5,0,False,0.7613307643244511,0.0336983768054786,4,qEHVI,0.46,0.02,0.46,0.0,0.0,0.0,0.0,0.0,0.0,0.0,0.0,0.04,0.0,0.0,0.02
26,2,4,1,True,0.6319314593824814,0.17101029438971338,0,qEHVI,0.4,0.2,0.3,0.0,0.04,0.0,0.0,0.0,0.02,0.0,0.0,0.04,0.0,0.0,0.0
26,2,4,1,True,0.6319314593824814,0.17101029438971338,1,qEHVI,0.42,0.08,0.44,0.02,0.02,0.0,0.0,0.0,0.0,0.0,0.0,0.0,0.0,0.0,0.02
26,2,4,1,True,0.6319314593824814,0.17101029438971338,2,qEHVI,0.38,0.16,0.4,0.02,0.04,0.0,0.0,0.0,0.0,0.0,0.0,0.0,0.0,0.0,0.0
26,2,4,1,True,0.6319314593824814,0.17101029438971338,3,qEHVI,0.64,0.28,0.0,0.0,0.04,0.0,0.0,0.0,0.0,0.0,0.0,0.0,0.0,0.0,0.04
26,2,4,1,True,0.6319314593824814,0.17101029438971338,4,qUCB,0.42,0.46,0.04,0.0,0.0,0.0,0.0,0.0,0.04,0.0,0.0,0.0,0.0,0.04,0.0
26,3,3,2,False,0.5036313023267852,0.033975973658813885,0,qEHVI,0.4,0.2,0.3,0.0,0.04,0.0,0.0,0.0,0.02,0.0,0.0,0.04,0.0,0.0,0.0
26,3,3,2,False,0.5036313023267852,0.033975973658813885,1,qEHVI,0.42,0.08,0.44,0.02,0.02,0.0,0.0,0.0,0.0,0.0,0.0,0.0,0.0,0.0,0.02
26,3,3,2,False,0.5036313023267852,0.033975973658813885,2,qEHVI,0.38,0.16,0.4,0.02,0.04,0.0,0.0,0.0,0.0,0.0,0.0,0.0,0.0,0.0,0.0
26,3,3,2,False,0.5036313023267852,0.033975973658813885,3,qUCB,0.42,0.46,0.04,0.0,0.0,0.0,0.0,0.0,0.04,0.0,0.0,0.0,0.0,0.04,0.0
26,3,3,2,False,0.5036313023267852,0.033975973658813885,4,qUCB,0.1,0.7000000000000001,0.1,0.0,0.0,0.0,0.0,0.0,0.04,0.0,0.0,0.0,0.0,0.04,0.02
26,4,2,3,False,0.4158440780058072,0.20251895166106237,0,qEHVI,0.4,0.2,0.3,0.0,0.04,0.0,0.0,0.0,0.02,0.0,0.0,0.04,0.0,0.0,0.0
26,4,2,3,False,0.4158440780058072,0.20251895166106237,1,qEHVI,0.42,0.08,0.44,0.02,0.02,0.0,0.0,0.0,0.0,0.0,0.0,0.0,0.0,0.0,0.02
26,4,2,3,False,0.4158440780058072,0.20251895166106237,2,qUCB,0.42,0.46,0.04,0.0,0.0,0.0,0.0,0.0,0.04,0.0,0.0,0.0,0.0,0.04,0.0
26,4,2,3,False,0.4158440780058072,0.20251895166106237,3,qUCB,0.1,0.7000000000000001,0.1,0.0,0.0,0.0,0.0,0.0,0.04,0.0,0.0,0.0,0.0,0.04,0.02
26,4,2,3,False,0.4158440780058072,0.20251895166106237,4,qUCB,0.16,0.0,0.76,0.04,0.0,0.0,0.0,0.0,0.0,0.0,0.0,0.04,0.0,0.0,0.0
26,5,1,4,False,0.24411358975947553,0.12447337312738327,0,qEHVI,0.4,0.2,0.3,0.0,0.04,0.0,0.0,0.0,0.02,0.0,0.0,0.04,0.0,0.0,0.0
26,5,1,4,False,0.24411358975947553,0.12447337312738327,1,qUCB,0.42,0.36,0.14,0.04,0.0,0.0,0.0,0.0,0.0,0.0,0.0,0.0,0.0,0.0,0.04
26,5,1,4,False,0.24411358975947553,0.12447337312738327,2,qUCB,0.0,0.14,0.76,0.04,0.0,0.0,0.0,0.0,0.0,0.0,0.0,0.0,0.0,0.04,0.02
26,5,1,4,False,0.24411358975947553,0.12447337312738327,3,qUCB,0.1,0.72,0.1,0.0,0.0,0.0,0.0,0.0,0.0,0.0,0.0,0.0,0.0,0.04,0.04
26,5,1,4,False,0.24411358975947553,0.12447337312738327,4,qUCB,0.18,0.0,0.78,0.0,0.0,0.0,0.0,0.0,0.02,0.0,0.0,0.0,0.0,0.0,0.02
26,6,0,5,False,0.33287127575051684,0.37256799852776723,0,qUCB,0.42,0.08,0.4,0.02,0.04,0.0,0.0,0.0,0.0,0.0,0.0,0.0,0.0,0.0,0.04
26,6,0,5,False,0.33287127575051684,0.37256799852776723,1,qUCB,0.18,0.0,0.78,0.0,0.0,0.0,0.0,0.0,0.02,0.0,0.0,0.0,0.0,0.0,0.02
26,6,0,5,False,0.33287127575051684,0.37256799852776723,2,qUCB,0.4,0.4,0.1,0.04,0.02,0.0,0.0,0.0,0.0,0.0,0.0,0.04,0.0,0.0,0.0
26,6,0,5,False,0.33287127575051684,0.37256799852776723,3,qUCB,0.16,0.0,0.76,0.04,0.0,0.0,0.0,0.0,0.0,0.0,0.0,0.04,0.0,0.0,0.0
26,6,0,5,False,0.33287127575051684,0.37256799852776723,4,qUCB,0.0,0.36,0.56,0.04,0.02,0.0,0.0,0.0,0.0,0.0,0.0,0.0,0.0,0.0,0.02
27,1,5,0,False,0.7870057717847027,0.09625799807028912,0,qEHVI,0.4,0.16,0.4,0.0,0.04,0.0,0.0,0.0,0.0,0.0,0.0,0.0,0.0,0.0,0.0
27,1,5,0,False,0.7870057717847027,0.09625799807028912,1,qEHVI,0.52,0.04,0.36,0.04,0.02,0.0,0.0,0.0,0.0,0.0,0.0,0.02,0.0,0.0,0.0
27,1,5,0,False,0.7870057717847027,0.09625799807028912,2,qEHVI,0.66,0.26,0.0,0.0,0.02,0.0,0.0,0.0,0.02,0.0,0.0,0.04,0.0,0.0,0.0
27,1,5,0,False,0.7870057717847027,0.09625799807028912,3,qEHVI,0.42,0.16,0.32,0.04,0.0,0.0,0.0,0.0,0.02,0.0,0.0,0.02,0.0,0.0,0.02
27,1,5,0,False,0.7870057717847027,0.09625799807028912,4,qEHVI,0.46,0.16,0.3,0.04,0.0,0.0,0.0,0.0,0.02,0.0,0.0,0.0,0.0,0.02,0.0
27,2,4,1,False,0.6657114118909623,0.03638363979891501,0,qEHVI,0.4,0.16,0.4,0.0,0.04,0.0,0.0,0.0,0.0,0.0,0.0,0.0,0.0,0.0,0.0
27,2,4,1,False,0.6657114118909623,0.03638363979891501,1,qEHVI,0.52,0.04,0.36,0.04,0.02,0.0,0.0,0.0,0.0,0.0,0.0,0.02,0.0,0.0,0.0
27,2,4,1,False,0.6657114118909623,0.03638363979891501,2,qEHVI,0.66,0.26,0.0,0.0,0.02,0.0,0.0,0.0,0.02,0.0,0.0,0.04,0.0,0.0,0.0
27,2,4,1,False,0.6657114118909623,0.03638363979891501,3,qEHVI,0.42,0.16,0.32,0.04,0.0,0.0,0.0,0.0,0.02,0.0,0.0,0.02,0.0,0.0,0.02
27,2,4,1,False,0.6657114118909623,0.03638363979891501,4,qUCB,0.42,0.32,0.18,0.0,0.0,0.0,0.0,0.0,0.0,0.0,0.0,0.0,0.0,0.04,0.04
27,3,3,2,True,0.6337181758023089,0.2801956924685367,0,qEHVI,0.4,0.16,0.4,0.0,0.04,0.0,0.0,0.0,0.0,0.0,0.0,0.0,0.0,0.0,0.0
27,3,3,2,True,0.6337181758023089,0.2801956924685367,1,qEHVI,0.52,0.04,0.36,0.04,0.02,0.0,0.0,0.0,0.0,0.0,0.0,0.02,0.0,0.0,0.0
27,3,3,2,True,0.6337181758023089,0.2801956924685367,2,qEHVI,0.66,0.26,0.0,0.0,0.02,0.0,0.0,0.0,0.02,0.0,0.0,0.04,0.0,0.0,0.0
27,3,3,2,True,0.6337181758023089,0.2801956924685367,3,qUCB,0.42,0.1,0.38,0.0,0.0,0.0,0.0,0.0,0.02,0.0,0.0,0.0,0.0,0.04,0.04
27,3,3,2,True,0.6337181758023089,0.2801956924685367,4,qUCB,0.0,0.34,0.58,0.0,0.0,0.0,0.0,0.0,0.04,0.0,0.0,0.0,0.0,0.0,0.04
27,4,2,3,False,0.4491141166716606,0.036162045197411175,0,qEHVI,0.4,0.16,0.4,0.0,0.04,0.0,0.0,0.0,0.0,0.0,0.0,0.0,0.0,0.0,0.0
27,4,2,3,False,0.4491141166716606,0.036162045197411175,1,qEHVI,0.52,0.04,0.36,0.04,0.02,0.0,0.0,0.0,0.0,0.0,0.0,0.02,0.0,0.0,0.0
27,4,2,3,False,0.4491141166716606,0.036162045197411175,2,qUCB,0.42,0.1,0.38,0.0,0.0,0.0,0.0,0.0,0.02,0.0,0.0,0.0,0.0,0.04,0.04
27,4,2,3,False,0.4491141166716606,0.036162045197411175,3,qUCB,0.2,0.58,0.12,0.0,0.0,0.0,0.0,0.0,0.04,0.0,0.0,0.0,0.0,0.04,0.02
27,4,2,3,False,0.4491141166716606,0.036162045197411175,4,qUCB,0.0,0.34,0.58,0.0,0.0,0.0,0.0,0.0,0.04,0.0,0.0,0.0,0.0,0.0,0.04
27,5,1,4,False,0.3452593020694963,0.028406971356458754,0,qEHVI,0.4,0.16,0.4,0.0,0.04,0.0,0.0,0.0,0.0,0.0,0.0,0.0,0.0,0.0,0.0
27,5,1,4,False,0.3452593020694963,0.028406971356458754,1,qUCB,0.54,0.24,0.12,0.0,0.0,0.0,0.0,0.0,0.0,0.0,0.0,0.04,0.0,0.02,0.04
27,5,1,4,False,0.3452593020694963,0.028406971356458754,2,qUCB,0.38,0.4,0.12,0.04,0.0,0.0,0.0,0.0,0.04,0.0,0.0,0.02,0.0,0.0,0.0
27,5,1,4,False,0.3452593020694963,0.028406971356458754,3,qUCB,0.0,0.36,0.54,0.04,0.0,0.0,0.0,0.0,0.0,0.0,0.0,0.0,0.0,0.04,0.02
27,5,1,4,False,0.3452593020694963,0.028406971356458754,4,qUCB,0.0,0.8200000000000001,0.08,0.04,0.0,0.0,0.0,0.0,0.04,0.0,0.0,0.0,0.0,0.02,0.0
27,6,0,5,False,0.21356066004385046,0.3012883601565015,0,qUCB,0.5,0.28,0.12,0.0,0.02,0.0,0.0,0.0,0.0,0.0,0.0,0.04,0.0,0.0,0.04
27,6,0,5,False,0.21356066004385046,0.3012883601565015,1,qUCB,0.36,0.42,0.12,0.04,0.02,0.0,0.0,0.0,0.0,0.0,0.0,0.04,0.0,0.0,0.0
27,6,0,5,False,0.21356066004385046,0.3012883601565015,2,qUCB,0.18,0.0,0.78,0.0,0.0,0.0,0.0,0.0,0.0,0.0,0.0,0.0,0.0,0.02,0.02
27,6,0,5,False,0.21356066004385046,0.3012883601565015,3,qUCB,0.32,0.0,0.66,0.0,0.02,0.0,0.0,0.0,0.0,0.0,0.0,0.0,0.0,0.0,0.0
27,6,0,5,False,0.21356066004385046,0.3012883601565015,4,qUCB,0.86,0.0,0.1,0.04,0.0,0.0,0.0,0.0,0.0,0.0,0.0,0.0,0.0,0.0,0.0
28,1,5,0,False,0.7367283164880544,0.12452871229526252,0,qEHVI,0.4,0.12,0.4,0.0,0.0,0.0,0.0,0.0,0.04,0.0,0.0,0.0,0.0,0.04,0.0
28,1,5,0,False,0.7367283164880544,0.12452871229526252,1,qEHVI,0.46,0.0,0.46,0.02,0.02,0.0,0.0,0.0,0.0,0.0,0.0,0.04,0.0,0.0,0.0
28,1,5,0,False,0.7367283164880544,0.12452871229526252,2,qEHVI,0.36,0.22,0.32,0.02,0.0,0.0,0.0,0.0,0.04,0.0,0.0,0.04,0.0,0.0,0.0
28,1,5,0,False,0.7367283164880544,0.12452871229526252,3,qEHVI,0.42,0.2,0.3,0.02,0.0,0.0,0.0,0.0,0.0,0.0,0.0,0.02,0.0,0.02,0.02
28,1,5,0,False,0.7367283164880544,0.12452871229526252,4,qEHVI,0.36,0.48,0.06,0.04,0.0,0.0,0.0,0.0,0.0,0.0,0.0,0.04,0.0,0.02,0.0
28,2,4,1,True,0.6137937892373352,0.19215840235312065,0,qEHVI,0.4,0.12,0.4,0.0,0.0,0.0,0.0,0.0,0.04,0.0,0.0,0.0,0.0,0.04,0.0
28,2,4,1,True,0.6137937892373352,0.19215840235312065,1,qEHVI,0.46,0.0,0.46,0.02,0.02,0.0,0.0,0.0,0.0,0.0,0.0,0.04,0.0,0.0,0.0
28,2,4,1,True,0.6137937892373352,0.19215840235312065,2,qEHVI,0.36,0.22,0.32,0.02,0.0,0.0,0.0,0.0,0.04,0.0,0.0,0.04,0.0,0.0,0.0
28,2,4,1,True,0.6137937892373352,0.19215840235312065,3,qEHVI,0.36,0.48,0.06,0.04,0.0,0.0,0.0,0.0,0.0,0.0,0.0,0.04,0.0,0.02,0.0
28,2,4,1,True,0.6137937892373352,0.19215840235312065,4,qUCB,0.42,0.4,0.14,0.0,0.0,0.0,0.0,0.0,0.0,0.0,0.0,0.0,0.0,0.0,0.04
28,3,3,2,False,0.5181563068041679,0.06424947382978186,0,qEHVI,0.4,0.12,0.4,0.0,0.0,0.0,0.0,0.0,0.04,0.0,0.0,0.0,0.0,0.04,0.0
28,3,3,2,False,0.5181563068041679,0.06424947382978186,1,qEHVI,0.46,0.0,0.46,0.02,0.02,0.0,0.0,0.0,0.0,0.0,0.0,0.04,0.0,0.0,0.0
28,3,3,2,False,0.5181563068041679,0.06424947382978186,2,qEHVI,0.36,0.22,0.32,0.02,0.0,0.0,0.0,0.0,0.04,0.0,0.0,0.04,0.0,0.0,0.0
28,3,3,2,False,0.5181563068041679,0.06424947382978186,3,qUCB,0.42,0.4,0.14,0.0,0.0,0.0,0.0,0.0,0.0,0.0,0.0,0.0,0.0,0.0,0.04
28,3,3,2,False,0.5181563068041679,0.06424947382978186,4,qUCB,0.02,0.8,0.08,0.04,0.0,0.0,0.0,0.0,0.0,0.0,0.0,0.0,0.0,0.02,0.04
28,4,2,3,False,0.4206037738052478,0.018078799673060808,0,qEHVI,0.4,0.12,0.4,0.0,0.0,0.0,0.0,0.0,0.04,0.0,0.0,0.0,0.0,0.04,0.0
28,4,2,3,False,0.4206037738052478,0.018078799673060808,1,qEHVI,0.46,0.0,0.46,0.02,0.02,0.0,0.0,0.0,0.0,0.0,0.0,0.04,0.0,0.0,0.0
28,4,2,3,False,0.4206037738052478,0.018078799673060808,2,qUCB,0.42,0.4,0.14,0.0,0.0,0.0,0.0,0.0,0.0,0.0,0.0,0.0,0.0,0.0,0.04
28,4,2,3,False,0.4206037738052478,0.018078799673060808,3,qUCB,0.0,0.52,0.38,0.04,0.0,0.0,0.0,0.0,0.02,0.0,0.0,0.0,0.0,0.0,0.04
28,4,2,3,False,0.4206037738052478,0.018078799673060808,4,qUCB,0.02,0.8,0.08,0.04,0.0,0.0,0.0,0.0,0.0,0.0,0.0,0.0,0.0,0.02,0.04
28,5,1,4,False,0.3637075964632041,0.07999474403993734,0,qEHVI,0.4,0.12,0.4,0.0,0.0,0.0,0.0,0.0,0.04,0.0,0.0,0.0,0.0,0.04,0.0
28,5,1,4,False,0.3637075964632041,0.07999474403993734,1,qUCB,0.44,0.34,0.12,0.04,0.02,0.0,0.0,0.0,0.0,0.0,0.0,0.04,0.0,0.0,0.0
28,5,1,4,False,0.3637075964632041,0.07999474403993734,2,qUCB,0.54,0.24,0.12,0.0,0.04,0.0,0.0,0.0,0.0,0.0,0.0,0.04,0.0,0.0,0.02
28,5,1,4,False,0.3637075964632041,0.07999474403993734,3,qUCB,0.12,0.0,0.78,0.04,0.0,0.0,0.0,0.0,0.0,0.0,0.0,0.02,0.0,0.0,0.04
28,5,1,4,False,0.3637075964632041,0.07999474403993734,4,qUCB,0.02,0.34,0.54,0.04,0.04,0.0,0.0,0.0,0.0,0.0,0.0,0.0,0.0,0.0,0.02
28,6,0,5,False,0.3780060284591489,0.2479302753346806,0,qUCB,0.48,0.42,0.02,0.0,0.04,0.0,0.0,0.0,0.0,0.0,0.0,0.04,0.0,0.0,0.0
28,6,0,5,False,0.3780060284591489,0.2479302753346806,1,qUCB,0.44,0.34,0.12,0.04,0.02,0.0,0.0,0.0,0.0,0.0,0.0,0.04,0.0,0.0,0.0
28,6,0,5,False,0.3780060284591489,0.2479302753346806,2,qUCB,0.2,0.0,0.76,0.02,0.02,0.0,0.0,0.0,0.0,0.0,0.0,0.0,0.0,0.0,0.0
28,6,0,5,False,0.3780060284591489,0.2479302753346806,3,qUCB,0.42,0.0,0.56,0.0,0.0,0.0,0.0,0.0,0.02,0.0,0.0,0.0,0.0,0.0,0.0
28,6,0,5,False,0.3780060284591489,0.2479302753346806,4,qUCB,0.14,0.0,0.8,0.04,0.02,0.0,0.0,0.0,0.0,0.0,0.0,0.0,0.0,0.0,0.0
29,1,5,0,False,0.654172268484722,0.17724182913484832,0,qEHVI,0.44,0.16,0.3,0.02,0.0,0.0,0.0,0.0,0.04,0.0,0.0,0.04,0.0,0.0,0.0
29,1,5,0,False,0.654172268484722,0.17724182913484832,1,qEHVI,0.56,0.36,0.02,0.0,0.02,0.0,0.0,0.0,0.0,0.0,0.0,0.04,0.0,0.0,0.0
29,1,5,0,False,0.654172268484722,0.17724182913484832,2,qEHVI,0.38,0.16,0.4,0.0,0.02,0.0,0.0,0.0,0.0,0.0,0.0,0.0,0.0,0.02,0.02
29,1,5,0,False,0.654172268484722,0.17724182913484832,3,qEHVI,0.62,0.0,0.3,0.0,0.04,0.0,0.0,0.0,0.04,0.0,0.0,0.0,0.0,0.0,0.0
29,1,5,0,False,0.654172268484722,0.17724182913484832,4,qEHVI,0.0,0.38,0.52,0.04,0.02,0.0,0.0,0.0,0.02,0.0,0.0,0.0,0.0,0.0,0.02
29,2,4,1,False,0.6126541865660786,0.17628894171173926,0,qEHVI,0.44,0.16,0.3,0.02,0.0,0.0,0.0,0.0,0.04,0.0,0.0,0.04,0.0,0.0,0.0
29,2,4,1,False,0.6126541865660786,0.17628894171173926,1,qEHVI,0.56,0.36,0.02,0.0,0.02,0.0,0.0,0.0,0.0,0.0,0.0,0.04,0.0,0.0,0.0
29,2,4,1,False,0.6126541865660786,0.17628894171173926,2,qEHVI,0.38,0.16,0.4,0.0,0.02,0.0,0.0,0.0,0.0,0.0,0.0,0.0,0.0,0.02,0.02
29,2,4,1,False,0.6126541865660786,0.17628894171173926,3,qEHVI,0.62,0.0,0.3,0.0,0.04,0.0,0.0,0.0,0.04,0.0,0.0,0.0,0.0,0.0,0.0
29,2,4,1,False,0.6126541865660786,0.17628894171173926,4,qUCB,0.4,0.1,0.4,0.04,0.0,0.0,0.0,0.0,0.02,0.0,0.0,0.0,0.0,0.0,0.04
29,3,3,2,False,0.5298267934383276,0.07630263666141879,0,qEHVI,0.44,0.16,0.3,0.02,0.0,0.0,0.0,0.0,0.04,0.0,0.0,0.04,0.0,0.0,0.0
29,3,3,2,False,0.5298267934383276,0.07630263666141879,1,qEHVI,0.56,0.36,0.02,0.0,0.02,0.0,0.0,0.0,0.0,0.0,0.0,0.04,0.0,0.0,0.0
29,3,3,2,False,0.5298267934383276,0.07630263666141879,2,qEHVI,0.38,0.16,0.4,0.0,0.02,0.0,0.0,0.0,0.0,0.0,0.0,0.0,0.0,0.02,0.02
29,3,3,2,False,0.5298267934383276,0.07630263666141879,3,qUCB,0.4,0.1,0.4,0.04,0.0,0.0,0.0,0.0,0.02,0.0,0.0,0.0,0.0,0.0,0.04
29,3,3,2,False,0.5298267934383276,0.07630263666141879,4,qUCB,0.14,0.02,0.78,0.04,0.0,0.0,0.0,0.0,0.0,0.0,0.0,0.0,0.0,0.02,0.0
29,4,2,3,True,0.46284128685971715,0.9018138897824244,0,qEHVI,0.44,0.16,0.3,0.02,0.0,0.0,0.0,0.0,0.04,0.0,0.0,0.04,0.0,0.0,0.0
29,4,2,3,True,0.46284128685971715,0.9018138897824244,1,qEHVI,0.56,0.36,0.02,0.0,0.02,0.0,0.0,0.0,0.0,0.0,0.0,0.04,0.0,0.0,0.0
29,4,2,3,True,0.46284128685971715,0.9018138897824244,2,qUCB,0.38,0.12,0.4,0.04,0.0,0.0,0.0,0.0,0.0,0.0,0.0,0.0,0.0,0.04,0.02
29,4,2,3,True,0.46284128685971715,0.9018138897824244,3,qUCB,0.18,0.02,0.76,0.0,0.0,0.0,0.0,0.0,0.0,0.0,0.0,0.0,0.0,0.0,0.04
29,4,2,3,True,0.46284128685971715,0.9018138897824244,4,qUCB,0.42,0.36,0.12,0.04,0.0,0.0,0.0,0.0,0.0,0.0,0.0,0.0,0.0,0.04,0.02
29,5,1,4,False,0.2883881254256205,0.24758076995218437,0,qEHVI,0.44,0.16,0.3,0.02,0.0,0.0,0.0,0.0,0.04,0.0,0.0,0.04,0.0,0.0,0.0
29,5,1,4,False,0.2883881254256205,0.24758076995218437,1,qUCB,0.54,0.32,0.04,0.0,0.02,0.0,0.0,0.0,0.0,0.0,0.0,0.0,0.0,0.04,0.04
29,5,1,4,False,0.2883881254256205,0.24758076995218437,2,qUCB,0.18,0.02,0.76,0.0,0.0,0.0,0.0,0.0,0.0,0.0,0.0,0.0,0.0,0.0,0.04
29,5,1,4,False,0.2883881254256205,0.24758076995218437,3,qUCB,0.14,0.64,0.12,0.0,0.04,0.0,0.0,0.0,0.0,0.0,0.0,0.0,0.0,0.04,0.02
29,5,1,4,False,0.2883881254256205,0.24758076995218437,4,qUCB,0.1,0.02,0.78,0.04,0.02,0.0,0.0,0.0,0.0,0.0,0.0,0.0,0.0,0.04,0.0
29,6,0,5,False,0.24793846143999365,0.008346152306033083,0,qUCB,0.48,0.42,0.04,0.0,0.0,0.0,0.0,0.0,0.0,0.0,0.0,0.04,0.0,0.02,0.0
29,6,0,5,False,0.24793846143999365,0.008346152306033083,1,qUCB,0.14,0.02,0.78,0.04,0.0,0.0,0.0,0.0,0.0,0.0,0.0,0.0,0.0,0.02,0.0
29,6,0,5,False,0.24793846143999365,0.008346152306033083,2,qUCB,0.18,0.0,0.76,0.0,0.0,0.0,0.0,0.0,0.0,0.0,0.0,0.02,0.0,0.0,0.04
29,6,0,5,False,0.24793846143999365,0.008346152306033083,3,qUCB,0.0,0.5,0.4,0.04,0.0,0.0,0.0,0.0,0.04,0.0,0.0,0.0,0.0,0.0,0.02
29,6,0,5,False,0.24793846143999365,0.008346152306033083,4,qUCB,0.0,0.14,0.78,0.04,0.0,0.0,0.0,0.0,0.0,0.0,0.0,0.02,0.0,0.0,0.02
30,1,5,0,False,0.9082674040884975,0.05497303725885061,0,qEHVI,0.48,0.42,0.02,0.0,0.0,0.0,0.0,0.0,0.0,0.0,0.0,0.04,0.0,0.04,0.0
30,1,5,0,False,0.9082674040884975,0.05497303725885061,1,qEHVI,0.4,0.1,0.42,0.04,0.0,0.0,0.0,0.0,0.0,0.0,0.0,0.0,0.0,0.02,0.02
30,1,5,0,False,0.9082674040884975,0.05497303725885061,2,qEHVI,0.44,0.16,0.3,0.02,0.02,0.0,0.0,0.0,0.0,0.0,0.0,0.04,0.0,0.02,0.0
30,1,5,0,False,0.9082674040884975,0.05497303725885061,3,qEHVI,0.4,0.0,0.56,0.0,0.02,0.0,0.0,0.0,0.0,0.0,0.0,0.0,0.0,0.02,0.0
30,1,5,0,False,0.9082674040884975,0.05497303725885061,4,qEHVI,0.42,0.06,0.44,0.02,0.02,0.0,0.0,0.0,0.04,0.0,0.0,0.0,0.0,0.0,0.0
30,2,4,1,True,0.7733494891445827,0.21159827265062248,0,qEHVI,0.48,0.42,0.02,0.0,0.0,0.0,0.0,0.0,0.0,0.0,0.0,0.04,0.0,0.04,0.0
30,2,4,1,True,0.7733494891445827,0.21159827265062248,1,qEHVI,0.4,0.1,0.42,0.04,0.0,0.0,0.0,0.0,0.0,0.0,0.0,0.0,0.0,0.02,0.02
30,2,4,1,True,0.7733494891445827,0.21159827265062248,2,qEHVI,0.4,0.0,0.56,0.0,0.02,0.0,0.0,0.0,0.0,0.0,0.0,0.0,0.0,0.02,0.0
30,2,4,1,True,0.7733494891445827,0.21159827265062248,3,qEHVI,0.44,0.16,0.3,0.02,0.02,0.0,0.0,0.0,0.0,0.0,0.0,0.04,0.0,0.02,0.0
30,2,4,1,True,0.7733494891445827,0.21159827265062248,4,qUCB,0.44,0.3,0.16,0.0,0.02,0.0,0.0,0.0,0.04,0.0,0.0,0.0,0.0,0.0,0.04
30,3,3,2,False,0.6681137585024626,0.07570464995054493,0,qEHVI,0.48,0.42,0.02,0.0,0.0,0.0,0.0,0.0,0.0,0.0,0.0,0.04,0.0,0.04,0.0
30,3,3,2,False,0.6681137585024626,0.07570464995054493,1,qEHVI,0.4,0.1,0.42,0.04,0.0,0.0,0.0,0.0,0.0,0.0,0.0,0.0,0.0,0.02,0.02
30,3,3,2,False,0.6681137585024626,0.07570464995054493,2,qEHVI,0.44,0.16,0.3,0.02,0.02,0.0,0.0,0.0,0.0,0.0,0.0,0.04,0.0,0.02,0.0
30,3,3,2,False,0.6681137585024626,0.07570464995054493,3,qUCB,0.44,0.3,0.16,0.0,0.02,0.0,0.0,0.0,0.04,0.0,0.0,0.0,0.0,0.0,0.04
30,3,3,2,False,0.6681137585024626,0.07570464995054493,4,qUCB,0.0,0.8,0.12,0.0,0.02,0.0,0.0,0.0,0.04,0.0,0.0,0.0,0.0,0.0,0.02
30,4,2,3,False,0.4935962449994237,0.08378840007310817,0,qEHVI,0.48,0.42,0.02,0.0,0.0,0.0,0.0,0.0,0.0,0.0,0.0,0.04,0.0,0.04,0.0
30,4,2,3,False,0.4935962449994237,0.08378840007310817,1,qEHVI,0.4,0.1,0.42,0.04,0.0,0.0,0.0,0.0,0.0,0.0,0.0,0.0,0.0,0.02,0.02
30,4,2,3,False,0.4935962449994237,0.08378840007310817,2,qUCB,0.52,0.02,0.36,0.0,0.04,0.0,0.0,0.0,0.04,0.0,0.0,0.02,0.0,0.0,0.0
30,4,2,3,False,0.4935962449994237,0.08378840007310817,3,qUCB,0.0,0.78,0.14,0.0,0.04,0.0,0.0,0.0,0.04,0.0,0.0,0.0,0.0,0.0,0.0
30,4,2,3,False,0.4935962449994237,0.08378840007310817,4,qUCB,0.6,0.16,0.14,0.0,0.04,0.0,0.0,0.0,0.04,0.0,0.0,0.0,0.0,0.0,0.02
30,5,1,4,False,0.5948793793131852,0.06488580677363043,0,qEHVI,0.48,0.42,0.02,0.0,0.0,0.0,0.0,0.0,0.0,0.0,0.0,0.04,0.0,0.04,0.0
30,5,1,4,False,0.5948793793131852,0.06488580677363043,1,qUCB,0.38,0.1,0.42,0.04,0.02,0.0,0.0,0.0,0.0,0.0,0.0,0.0,0.0,0.0,0.04
30,5,1,4,False,0.5948793793131852,0.06488580677363043,2,qUCB,0.0,0.16,0.74,0.04,0.0,0.0,0.0,0.0,0.04,0.0,0.0,0.0,0.0,0.0,0.02
30,5,1,4,False,0.5948793793131852,0.06488580677363043,3,qUCB,0.78,0.0,0.12,0.04,0.0,0.0,0.0,0.0,0.04,0.0,0.0,0.0,0.0,0.0,0.02
30,5,1,4,False,0.5948793793131852,0.06488580677363043,4,qUCB,0.38,0.0,0.56,0.04,0.0,0.0,0.0,0.0,0.0,0.0,0.0,0.0,0.0,0.0,0.02
30,6,0,5,False,0.5696158487314391,0.01374910145129249,0,qUCB,0.48,0.42,0.02,0.0,0.0,0.0,0.0,0.0,0.0,0.0,0.0,0.04,0.0,0.04,0.0
30,6,0,5,False,0.5696158487314391,0.01374910145129249,1,qUCB,0.4,0.0,0.56,0.0,0.02,0.0,0.0,0.0,0.0,0.0,0.0,0.0,0.0,0.02,0.0
30,6,0,5,False,0.5696158487314391,0.01374910145129249,2,qUCB,0.16,0.16,0.58,0.04,0.0,0.0,0.0,0.0,0.0,0.0,0.0,0.04,0.0,0.0,0.02
30,6,0,5,False,0.5696158487314391,0.01374910145129249,3,qUCB,0.38,0.0,0.56,0.04,0.0,0.0,0.0,0.0,0.0,0.0,0.0,0.0,0.0,0.0,0.02
30,6,0,5,False,0.5696158487314391,0.01374910145129249,4,qUCB,0.0,0.12,0.78,0.04,0.02,0.0,0.0,0.0,0.02,0.0,0.0,0.0,0.0,0.0,0.02
31,1,5,0,False,0.7276798407881591,0.1353582849084276,0,qEHVI,0.0,0.6,0.36,0.0,0.02,0.0,0.0,0.0,0.02,0.0,0.0,0.0,0.0,0.0,0.0
31,1,5,0,False,0.7276798407881591,0.1353582849084276,1,qEHVI,0.4,0.1,0.42,0.02,0.02,0.0,0.0,0.0,0.0,0.0,0.0,0.0,0.0,0.04,0.0
31,1,5,0,False,0.7276798407881591,0.1353582849084276,2,qEHVI,0.48,0.44,0.02,0.0,0.0,0.0,0.0,0.0,0.0,0.0,0.0,0.04,0.0,0.02,0.0
31,1,5,0,False,0.7276798407881591,0.1353582849084276,3,qEHVI,0.46,0.16,0.3,0.02,0.0,0.0,0.0,0.0,0.0,0.0,0.0,0.04,0.0,0.02,0.0
31,1,5,0,False,0.7276798407881591,0.1353582849084276,4,qEHVI,0.46,0.14,0.34,0.0,0.02,0.0,0.0,0.0,0.0,0.0,0.0,0.0,0.0,0.02,0.02
31,2,4,1,True,0.6307766966061664,0.1587694495759795,0,qEHVI,0.0,0.6,0.36,0.0,0.02,0.0,0.0,0.0,0.02,0.0,0.0,0.0,0.0,0.0,0.0
31,2,4,1,True,0.6307766966061664,0.1587694495759795,1,qEHVI,0.4,0.1,0.42,0.02,0.02,0.0,0.0,0.0,0.0,0.0,0.0,0.0,0.0,0.04,0.0
31,2,4,1,True,0.6307766966061664,0.1587694495759795,2,qEHVI,0.48,0.44,0.02,0.0,0.0,0.0,0.0,0.0,0.0,0.0,0.0,0.04,0.0,0.02,0.0
31,2,4,1,True,0.6307766966061664,0.1587694495759795,3,qEHVI,0.46,0.16,0.3,0.02,0.0,0.0,0.0,0.0,0.0,0.0,0.0,0.04,0.0,0.02,0.0
31,2,4,1,True,0.6307766966061664,0.1587694495759795,4,qUCB,0.44,0.04,0.42,0.04,0.0,0.0,0.0,0.0,0.02,0.0,0.0,0.0,0.0,0.0,0.04
31,3,3,2,False,0.5095316958081151,0.02630248311691208,0,qEHVI,0.4,0.1,0.42,0.02,0.02,0.0,0.0,0.0,0.0,0.0,0.0,0.0,0.0,0.04,0.0
31,3,3,2,False,0.5095316958081151,0.02630248311691208,1,qEHVI,0.0,0.6,0.36,0.0,0.02,0.0,0.0,0.0,0.02,0.0,0.0,0.0,0.0,0.0,0.0
31,3,3,2,False,0.5095316958081151,0.02630248311691208,2,qEHVI,0.48,0.44,0.02,0.0,0.0,0.0,0.0,0.0,0.0,0.0,0.0,0.04,0.0,0.02,0.0
31,3,3,2,False,0.5095316958081151,0.02630248311691208,3,qUCB,0.44,0.04,0.42,0.04,0.0,0.0,0.0,0.0,0.02,0.0,0.0,0.0,0.0,0.0,0.04
31,3,3,2,False,0.5095316958081151,0.02630248311691208,4,qUCB,0.8,0.0,0.14,0.02,0.0,0.0,0.0,0.0,0.0,0.0,0.0,0.0,0.0,0.0,0.04
31,4,2,3,False,0.5482462734434472,0.2638053277541381,0,qEHVI,0.4,0.1,0.42,0.02,0.02,0.0,0.0,0.0,0.0,0.0,0.0,0.0,0.0,0.04,0.0
31,4,2,3,False,0.5482462734434472,0.2638053277541381,1,qEHVI,0.0,0.6,0.36,0.0,0.02,0.0,0.0,0.0,0.02,0.0,0.0,0.0,0.0,0.0,0.0
31,4,2,3,False,0.5482462734434472,0.2638053277541381,2,qUCB,0.46,0.44,0.04,0.0,0.0,0.0,0.0,0.0,0.0,0.0,0.0,0.04,0.0,0.0,0.02
31,4,2,3,False,0.5482462734434472,0.2638053277541381,3,qUCB,0.32,0.38,0.22,0.04,0.0,0.0,0.0,0.0,0.0,0.0,0.0,0.04,0.0,0.0,0.0
31,4,2,3,False,0.5482462734434472,0.2638053277541381,4,qUCB,0.78,0.0,0.12,0.0,0.0,0.0,0.0,0.0,0.02,0.0,0.0,0.04,0.0,0.0,0.04
31,5,1,4,False,0.4040277779360212,0.19799804529499454,0,qEHVI,0.0,0.6,0.36,0.0,0.02,0.0,0.0,0.0,0.02,0.0,0.0,0.0,0.0,0.0,0.0
31,5,1,4,False,0.4040277779360212,0.19799804529499454,1,qUCB,0.48,0.38,0.04,0.0,0.0,0.0,0.0,0.0,0.0,0.0,0.0,0.04,0.0,0.04,0.02
31,5,1,4,False,0.4040277779360212,0.19799804529499454,2,qUCB,0.78,0.0,0.12,0.04,0.0,0.0,0.0,0.0,0.0,0.0,0.0,0.04,0.0,0.02,0.0
31,5,1,4,False,0.4040277779360212,0.19799804529499454,3,qUCB,0.0,0.14,0.78,0.04,0.0,0.0,0.0,0.0,0.0,0.0,0.0,0.02,0.0,0.0,0.02
31,5,1,4,False,0.4040277779360212,0.19799804529499454,4,qUCB,0.58,0.18,0.14,0.0,0.02,0.0,0.0,0.0,0.0,0.0,0.0,0.04,0.0,0.04,0.0
31,6,0,5,False,0.24274921871160715,0.19248191155661942,0,qUCB,0.48,0.38,0.04,0.0,0.0,0.0,0.0,0.0,0.0,0.0,0.0,0.04,0.0,0.04,0.02
31,6,0,5,False,0.24274921871160715,0.19248191155661942,1,qUCB,0.0,0.14,0.78,0.04,0.0,0.0,0.0,0.0,0.0,0.0,0.0,0.02,0.0,0.0,0.02
31,6,0,5,False,0.24274921871160715,0.19248191155661942,2,qUCB,0.84,0.0,0.12,0.0,0.02,0.0,0.0,0.0,0.02,0.0,0.0,0.0,0.0,0.0,0.0
31,6,0,5,False,0.24274921871160715,0.19248191155661942,3,qUCB,0.16,0.16,0.58,0.04,0.0,0.0,0.0,0.0,0.0,0.0,0.0,0.02,0.0,0.02,0.02
31,6,0,5,False,0.24274921871160715,0.19248191155661942,4,qUCB,0.08,0.0,0.88,0.0,0.0,0.0,0.0,0.0,0.0,0.0,0.0,0.04,0.0,0.0,0.0
32,1,5,0,False,0.730617921374838,0.08457956827181645,0,qEHVI,0.42,0.14,0.34,0.0,0.04,0.0,0.0,0.0,0.0,0.0,0.0,0.0,0.0,0.02,0.04
32,1,5,0,False,0.730617921374838,0.08457956827181645,1,qEHVI,0.0,0.4,0.5,0.04,0.0,0.0,0.0,0.0,0.04,0.0,0.0,0.0,0.0,0.02,0.0
32,1,5,0,False,0.730617921374838,0.08457956827181645,2,qEHVI,0.58,0.3,0.04,0.0,0.0,0.0,0.0,0.0,0.0,0.0,0.0,0.04,0.0,0.02,0.02
32,1,5,0,False,0.730617921374838,0.08457956827181645,3,qEHVI,0.86,0.0,0.14,0.0,0.0,0.0,0.0,0.0,0.0,0.0,0.0,0.0,0.0,0.0,0.0
32,1,5,0,False,0.730617921374838,0.08457956827181645,4,qEHVI,0.38,0.12,0.4,0.0,0.0,0.0,0.0,0.0,0.04,0.0,0.0,0.02,0.0,0.0,0.04
32,2,4,1,False,0.5724657929739095,0.056911990387651545,0,qEHVI,0.42,0.14,0.34,0.0,0.04,0.0,0.0,0.0,0.0,0.0,0.0,0.0,0.0,0.02,0.04
32,2,4,1,False,0.5724657929739095,0.056911990387651545,1,qEHVI,0.86,0.0,0.14,0.0,0.0,0.0,0.0,0.0,0.0,0.0,0.0,0.0,0.0,0.0,0.0
32,2,4,1,False,0.5724657929739095,0.056911990387651545,2,qEHVI,0.0,0.4,0.5,0.04,0.0,0.0,0.0,0.0,0.04,0.0,0.0,0.0,0.0,0.02,0.0
32,2,4,1,False,0.5724657929739095,0.056911990387651545,3,qEHVI,0.58,0.3,0.04,0.0,0.0,0.0,0.0,0.0,0.0,0.0,0.0,0.04,0.0,0.02,0.02
32,2,4,1,False,0.5724657929739095,0.056911990387651545,4,qUCB,0.44,0.3,0.16,0.04,0.04,0.0,0.0,0.0,0.0,0.0,0.0,0.02,0.0,0.0,0.0
32,3,3,2,False,0.5914712488476367,0.03177236705193348,0,qEHVI,0.42,0.14,0.34,0.0,0.04,0.0,0.0,0.0,0.0,0.0,0.0,0.0,0.0,0.02,0.04
32,3,3,2,False,0.5914712488476367,0.03177236705193348,1,qEHVI,0.0,0.4,0.5,0.04,0.0,0.0,0.0,0.0,0.04,0.0,0.0,0.0,0.0,0.02,0.0
32,3,3,2,False,0.5914712488476367,0.03177236705193348,2,qEHVI,0.58,0.3,0.04,0.0,0.0,0.0,0.0,0.0,0.0,0.0,0.0,0.04,0.0,0.02,0.02
32,3,3,2,False,0.5914712488476367,0.03177236705193348,3,qUCB,0.44,0.3,0.16,0.04,0.04,0.0,0.0,0.0,0.0,0.0,0.0,0.02,0.0,0.0,0.0
32,3,3,2,False,0.5914712488476367,0.03177236705193348,4,qUCB,0.86,0.0,0.14,0.0,0.0,0.0,0.0,0.0,0.0,0.0,0.0,0.0,0.0,0.0,0.0
32,4,2,3,False,0.3988497910168062,0.041909168140245256,0,qEHVI,0.42,0.14,0.34,0.0,0.04,0.0,0.0,0.0,0.0,0.0,0.0,0.0,0.0,0.02,0.04
32,4,2,3,False,0.3988497910168062,0.041909168140245256,1,qEHVI,0.86,0.0,0.14,0.0,0.0,0.0,0.0,0.0,0.0,0.0,0.0,0.0,0.0,0.0,0.0
32,4,2,3,False,0.3988497910168062,0.041909168140245256,2,qUCB,0.0,0.72,0.18,0.04,0.0,0.0,0.0,0.0,0.04,0.0,0.0,0.0,0.0,0.0,0.02
32,4,2,3,False,0.3988497910168062,0.041909168140245256,3,qUCB,0.06,0.72,0.12,0.0,0.0,0.0,0.0,0.0,0.04,0.0,0.0,0.04,0.0,0.0,0.02
32,4,2,3,False,0.3988497910168062,0.041909168140245256,4,qUCB,0.02,0.1,0.78,0.04,0.0,0.0,0.0,0.0,0.04,0.0,0.0,0.02,0.0,0.0,0.0
32,5,1,4,True,0.4193882130473247,0.27411208683227173,0,qEHVI,0.42,0.14,0.34,0.0,0.04,0.0,0.0,0.0,0.0,0.0,0.0,0.0,0.0,0.02,0.04
32,5,1,4,True,0.4193882130473247,0.27411208683227173,1,qUCB,0.42,0.08,0.42,0.0,0.0,0.0,0.0,0.0,0.04,0.0,0.0,0.04,0.0,0.0,0.0
32,5,1,4,True,0.4193882130473247,0.27411208683227173,2,qUCB,0.2,0.12,0.58,0.04,0.0,0.0,0.0,0.0,0.02,0.0,0.0,0.04,0.0,0.0,0.0
32,5,1,4,True,0.4193882130473247,0.27411208683227173,3,qUCB,0.02,0.1,0.78,0.04,0.0,0.0,0.0,0.0,0.04,0.0,0.0,0.02,0.0,0.0,0.0
32,5,1,4,True,0.4193882130473247,0.27411208683227173,4,qUCB,0.86,0.0,0.14,0.0,0.0,0.0,0.0,0.0,0.0,0.0,0.0,0.0,0.0,0.0,0.0
32,6,0,5,False,0.2801816931645979,0.18126046885056368,0,qUCB,0.86,0.0,0.14,0.0,0.0,0.0,0.0,0.0,0.0,0.0,0.0,0.0,0.0,0.0,0.0
32,6,0,5,False,0.2801816931645979,0.18126046885056368,1,qUCB,0.48,0.46,0.02,0.0,0.0,0.0,0.0,0.0,0.0,0.0,0.0,0.04,0.0,0.0,0.0
32,6,0,5,False,0.2801816931645979,0.18126046885056368,2,qUCB,0.12,0.0,0.86,0.02,0.0,0.0,0.0,0.0,0.0,0.0,0.0,0.0,0.0,0.0,0.0
32,6,0,5,False,0.2801816931645979,0.18126046885056368,3,qUCB,0.2,0.12,0.58,0.04,0.0,0.0,0.0,0.0,0.02,0.0,0.0,0.04,0.0,0.0,0.0
32,6,0,5,False,0.2801816931645979,0.18126046885056368,4,qUCB,0.02,0.1,0.78,0.04,0.0,0.0,0.0,0.0,0.04,0.0,0.0,0.02,0.0,0.0,0.0
33,1,5,0,False,0.634890080923541,0.30181921855883154,0,qEHVI,0.38,0.14,0.4,0.0,0.0,0.0,0.0,0.0,0.0,0.0,0.0,0.0,0.0,0.04,0.04
33,1,5,0,False,0.634890080923541,0.30181921855883154,1,qEHVI,0.44,0.18,0.3,0.02,0.04,0.0,0.0,0.0,0.0,0.0,0.0,0.02,0.0,0.0,0.0
33,1,5,0,False,0.634890080923541,0.30181921855883154,2,qEHVI,0.0,0.4,0.52,0.04,0.02,0.0,0.0,0.0,0.0,0.0,0.0,0.02,0.0,0.0,0.0
33,1,5,0,False,0.634890080923541,0.30181921855883154,3,qEHVI,0.58,0.32,0.0,0.0,0.02,0.0,0.0,0.0,0.0,0.0,0.0,0.04,0.0,0.04,0.0
33,1,5,0,False,0.634890080923541,0.30181921855883154,4,qEHVI,0.4,0.06,0.44,0.04,0.02,0.0,0.0,0.0,0.04,0.0,0.0,0.0,0.0,0.0,0.0
33,2,4,1,False,0.5578494914254458,0.05072065003977855,0,qEHVI,0.38,0.14,0.4,0.0,0.0,0.0,0.0,0.0,0.0,0.0,0.0,0.0,0.0,0.04,0.04
33,2,4,1,False,0.5578494914254458,0.05072065003977855,1,qEHVI,0.44,0.18,0.3,0.02,0.04,0.0,0.0,0.0,0.0,0.0,0.0,0.02,0.0,0.0,0.0
33,2,4,1,False,0.5578494914254458,0.05072065003977855,2,qEHVI,0.0,0.4,0.52,0.04,0.02,0.0,0.0,0.0,0.0,0.0,0.0,0.02,0.0,0.0,0.0
33,2,4,1,False,0.5578494914254458,0.05072065003977855,3,qEHVI,0.58,0.32,0.0,0.0,0.02,0.0,0.0,0.0,0.0,0.0,0.0,0.04,0.0,0.04,0.0
33,2,4,1,False,0.5578494914254458,0.05072065003977855,4,qUCB,0.4,0.14,0.42,0.0,0.0,0.0,0.0,0.0,0.04,0.0,0.0,0.0,0.0,0.0,0.0
33,3,3,2,True,0.4865974904879077,0.13634440016866822,0,qEHVI,0.38,0.14,0.4,0.0,0.0,0.0,0.0,0.0,0.0,0.0,0.0,0.0,0.0,0.04,0.04
33,3,3,2,True,0.4865974904879077,0.13634440016866822,1,qEHVI,0.44,0.18,0.3,0.02,0.04,0.0,0.0,0.0,0.0,0.0,0.0,0.02,0.0,0.0,0.0
33,3,3,2,True,0.4865974904879077,0.13634440016866822,2,qEHVI,0.0,0.4,0.52,0.04,0.02,0.0,0.0,0.0,0.0,0.0,0.0,0.02,0.0,0.0,0.0
33,3,3,2,True,0.4865974904879077,0.13634440016866822,3,qUCB,0.44,0.48,0.0,0.0,0.0,0.0,0.0,0.0,0.0,0.0,0.0,0.04,0.0,0.0,0.04
33,3,3,2,True,0.4865974904879077,0.13634440016866822,4,qUCB,0.04,0.76,0.12,0.0,0.0,0.0,0.0,0.0,0.04,0.0,0.0,0.0,0.0,0.0,0.04
33,4,2,3,False,0.38842281211808094,0.00477656147746508,0,qEHVI,0.38,0.14,0.4,0.0,0.0,0.0,0.0,0.0,0.0,0.0,0.0,0.0,0.0,0.04,0.04
33,4,2,3,False,0.38842281211808094,0.00477656147746508,1,qEHVI,0.44,0.18,0.3,0.02,0.04,0.0,0.0,0.0,0.0,0.0,0.0,0.02,0.0,0.0,0.0
33,4,2,3,False,0.38842281211808094,0.00477656147746508,2,qUCB,0.44,0.06,0.4,0.04,0.0,0.0,0.0,0.0,0.04,0.0,0.0,0.0,0.0,0.02,0.0
33,4,2,3,False,0.38842281211808094,0.00477656147746508,3,qUCB,0.0,0.8200000000000001,0.14,0.0,0.0,0.0,0.0,0.0,0.04,0.0,0.0,0.0,0.0,0.0,0.0
33,4,2,3,False,0.38842281211808094,0.00477656147746508,4,qUCB,0.16,0.68,0.12,0.0,0.0,0.0,0.0,0.0,0.04,0.0,0.0,0.0,0.0,0.0,0.0
33,5,1,4,False,0.3255354560078894,0.1352723305622563,0,qEHVI,0.38,0.14,0.4,0.0,0.0,0.0,0.0,0.0,0.0,0.0,0.0,0.0,0.0,0.04,0.04
33,5,1,4,False,0.3255354560078894,0.1352723305622563,1,qUCB,0.5,0.36,0.06,0.0,0.04,0.0,0.0,0.0,0.0,0.0,0.0,0.04,0.0,0.0,0.0
33,5,1,4,False,0.3255354560078894,0.1352723305622563,2,qUCB,0.26,0.4,0.24,0.04,0.02,0.0,0.0,0.0,0.0,0.0,0.0,0.04,0.0,0.0,0.0
33,5,1,4,False,0.3255354560078894,0.1352723305622563,3,qUCB,0.0,0.78,0.14,0.0,0.0,0.0,0.0,0.0,0.04,0.0,0.0,0.04,0.0,0.0,0.0
33,5,1,4,False,0.3255354560078894,0.1352723305622563,4,qUCB,0.02,0.18,0.7000000000000001,0.04,0.04,0.0,0.0,0.0,0.02,0.0,0.0,0.0,0.0,0.0,0.0
33,6,0,5,False,0.25745398900782956,0.0345847692104293,0,qUCB,0.48,0.46,0.0,0.0,0.0,0.0,0.0,0.0,0.0,0.0,0.0,0.04,0.0,0.02,0.0
33,6,0,5,False,0.25745398900782956,0.0345847692104293,1,qUCB,0.0,0.4,0.52,0.04,0.02,0.0,0.0,0.0,0.0,0.0,0.0,0.02,0.0,0.0,0.0
33,6,0,5,False,0.25745398900782956,0.0345847692104293,2,qUCB,0.0,0.22,0.68,0.04,0.0,0.0,0.0,0.0,0.0,0.0,0.0,0.04,0.0,0.0,0.02
33,6,0,5,False,0.25745398900782956,0.0345847692104293,3,qUCB,0.3,0.5,0.1,0.0,0.0,0.0,0.0,0.0,0.0,0.0,0.0,0.04,0.0,0.02,0.04
33,6,0,5,False,0.25745398900782956,0.0345847692104293,4,qUCB,0.16,0.68,0.12,0.0,0.0,0.0,0.0,0.0,0.04,0.0,0.0,0.0,0.0,0.0,0.0
34,1,5,0,False,0.6848998581529517,0.015062741776688426,0,qEHVI,0.48,0.14,0.3,0.04,0.0,0.0,0.0,0.0,0.0,0.0,0.0,0.04,0.0,0.0,0.0
34,1,5,0,False,0.6848998581529517,0.015062741776688426,1,qEHVI,0.64,0.0,0.36,0.0,0.0,0.0,0.0,0.0,0.0,0.0,0.0,0.0,0.0,0.0,0.0
34,1,5,0,False,0.6848998581529517,0.015062741776688426,2,qEHVI,0.58,0.34,0.02,0.0,0.0,0.0,0.0,0.0,0.0,0.0,0.0,0.04,0.0,0.0,0.02
34,1,5,0,False,0.6848998581529517,0.015062741776688426,3,qEHVI,0.38,0.14,0.4,0.0,0.0,0.0,0.0,0.0,0.04,0.0,0.0,0.02,0.0,0.02,0.0
34,1,5,0,False,0.6848998581529517,0.015062741776688426,4,qEHVI,0.46,0.42,0.02,0.02,0.02,0.0,0.0,0.0,0.0,0.0,0.0,0.04,0.0,0.0,0.02
34,2,4,1,True,0.5938714592205095,0.056824302141023963,0,qEHVI,0.48,0.14,0.3,0.04,0.0,0.0,0.0,0.0,0.0,0.0,0.0,0.04,0.0,0.0,0.0
34,2,4,1,True,0.5938714592205095,0.056824302141023963,1,qEHVI,0.64,0.0,0.36,0.0,0.0,0.0,0.0,0.0,0.0,0.0,0.0,0.0,0.0,0.0,0.0
34,2,4,1,True,0.5938714592205095,0.056824302141023963,2,qEHVI,0.58,0.34,0.02,0.0,0.0,0.0,0.0,0.0,0.0,0.0,0.0,0.04,0.0,0.0,0.02
34,2,4,1,True,0.5938714592205095,0.056824302141023963,3,qEHVI,0.38,0.14,0.4,0.0,0.0,0.0,0.0,0.0,0.04,0.0,0.0,0.02,0.0,0.02,0.0
34,2,4,1,True,0.5938714592205095,0.056824302141023963,4,qUCB,0.52,0.36,0.02,0.0,0.04,0.0,0.0,0.0,0.0,0.0,0.0,0.02,0.0,0.04,0.0
34,3,3,2,False,0.6038504026802598,0.054485587117456546,0,qEHVI,0.48,0.14,0.3,0.04,0.0,0.0,0.0,0.0,0.0,0.0,0.0,0.04,0.0,0.0,0.0
34,3,3,2,False,0.6038504026802598,0.054485587117456546,1,qEHVI,0.64,0.0,0.36,0.0,0.0,0.0,0.0,0.0,0.0,0.0,0.0,0.0,0.0,0.0,0.0
34,3,3,2,False,0.6038504026802598,0.054485587117456546,2,qEHVI,0.58,0.34,0.02,0.0,0.0,0.0,0.0,0.0,0.0,0.0,0.0,0.04,0.0,0.0,0.02
34,3,3,2,False,0.6038504026802598,0.054485587117456546,3,qUCB,0.52,0.36,0.02,0.0,0.04,0.0,0.0,0.0,0.0,0.0,0.0,0.02,0.0,0.04,0.0
34,3,3,2,False,0.6038504026802598,0.054485587117456546,4,qUCB,0.0,0.48,0.42,0.04,0.0,0.0,0.0,0.0,0.02,0.0,0.0,0.0,0.0,0.04,0.0
34,4,2,3,False,0.4914796975151485,0.01281386451571187,0,qEHVI,0.48,0.14,0.3,0.04,0.0,0.0,0.0,0.0,0.0,0.0,0.0,0.04,0.0,0.0,0.0
34,4,2,3,False,0.4914796975151485,0.01281386451571187,1,qEHVI,0.64,0.0,0.36,0.0,0.0,0.0,0.0,0.0,0.0,0.0,0.0,0.0,0.0,0.0,0.0
34,4,2,3,False,0.4914796975151485,0.01281386451571187,2,qUCB,0.44,0.44,0.02,0.0,0.02,0.0,0.0,0.0,0.0,0.0,0.0,0.04,0.0,0.04,0.0
34,4,2,3,False,0.4914796975151485,0.01281386451571187,3,qUCB,0.0,0.48,0.42,0.04,0.0,0.0,0.0,0.0,0.02,0.0,0.0,0.0,0.0,0.04,0.0
34,4,2,3,False,0.4914796975151485,0.01281386451571187,4,qUCB,0.0,0.9,0.0,0.0,0.02,0.0,0.0,0.0,0.04,0.0,0.0,0.0,0.0,0.04,0.0
34,5,1,4,False,0.2834262868932989,0.10560465027065136,0,qEHVI,0.48,0.14,0.3,0.04,0.0,0.0,0.0,0.0,0.0,0.0,0.0,0.04,0.0,0.0,0.0
34,5,1,4,False,0.2834262868932989,0.10560465027065136,1,qUCB,0.42,0.06,0.42,0.0,0.0,0.0,0.0,0.0,0.04,0.0,0.0,0.0,0.0,0.02,0.04
34,5,1,4,False,0.2834262868932989,0.10560465027065136,2,qUCB,0.14,0.0,0.86,0.0,0.0,0.0,0.0,0.0,0.0,0.0,0.0,0.0,0.0,0.0,0.0
34,5,1,4,False,0.2834262868932989,0.10560465027065136,3,qUCB,0.0,0.9,0.0,0.0,0.02,0.0,0.0,0.0,0.04,0.0,0.0,0.0,0.0,0.04,0.0
34,5,1,4,False,0.2834262868932989,0.10560465027065136,4,qUCB,0.0,0.5,0.42,0.0,0.04,0.0,0.0,0.0,0.04,0.0,0.0,0.0,0.0,0.0,0.0
34,6,0,5,False,0.31490315293878235,0.463259720872375,0,qUCB,0.46,0.46,0.04,0.0,0.0,0.0,0.0,0.0,0.0,0.0,0.0,0.04,0.0,0.0,0.0
34,6,0,5,False,0.31490315293878235,0.463259720872375,1,qUCB,0.14,0.0,0.86,0.0,0.0,0.0,0.0,0.0,0.0,0.0,0.0,0.0,0.0,0.0,0.0
34,6,0,5,False,0.31490315293878235,0.463259720872375,2,qUCB,0.0,0.2,0.7000000000000001,0.04,0.04,0.0,0.0,0.0,0.0,0.0,0.0,0.02,0.0,0.0,0.0
34,6,0,5,False,0.31490315293878235,0.463259720872375,3,qUCB,0.0,0.48,0.42,0.04,0.0,0.0,0.0,0.0,0.02,0.0,0.0,0.0,0.0,0.04,0.0
34,6,0,5,False,0.31490315293878235,0.463259720872375,4,qUCB,0.32,0.48,0.1,0.0,0.0,0.0,0.0,0.0,0.0,0.0,0.0,0.04,0.0,0.04,0.02
35,1,5,0,False,0.820167036979432,0.029082879254471727,0,qEHVI,0.46,0.42,0.04,0.02,0.0,0.0,0.0,0.0,0.0,0.0,0.0,0.04,0.0,0.0,0.02
35,1,5,0,False,0.820167036979432,0.029082879254471727,1,qEHVI,0.54,0.04,0.34,0.04,0.0,0.0,0.0,0.0,0.0,0.0,0.0,0.0,0.0,0.0,0.04
35,1,5,0,False,0.820167036979432,0.029082879254471727,2,qEHVI,0.0,0.42,0.48,0.04,0.02,0.0,0.0,0.0,0.04,0.0,0.0,0.0,0.0,0.0,0.0
35,1,5,0,False,0.820167036979432,0.029082879254471727,3,qEHVI,0.38,0.18,0.42,0.0,0.0,0.0,0.0,0.0,0.0,0.0,0.0,0.0,0.0,0.02,0.0
35,1,5,0,False,0.820167036979432,0.029082879254471727,4,qEHVI,0.72,0.16,0.06,0.0,0.02,0.0,0.0,0.0,0.0,0.0,0.0,0.04,0.0,0.0,0.0
35,2,4,1,True,0.7023781952899072,0.0807455788368685,0,qEHVI,0.46,0.42,0.04,0.02,0.0,0.0,0.0,0.0,0.0,0.0,0.0,0.04,0.0,0.0,0.02
35,2,4,1,True,0.7023781952899072,0.0807455788368685,1,qEHVI,0.54,0.04,0.34,0.04,0.0,0.0,0.0,0.0,0.0,0.0,0.0,0.0,0.0,0.0,0.04
35,2,4,1,True,0.7023781952899072,0.0807455788368685,2,qEHVI,0.0,0.42,0.48,0.04,0.02,0.0,0.0,0.0,0.04,0.0,0.0,0.0,0.0,0.0,0.0
35,2,4,1,True,0.7023781952899072,0.0807455788368685,3,qEHVI,0.38,0.18,0.42,0.0,0.0,0.0,0.0,0.0,0.0,0.0,0.0,0.0,0.0,0.02,0.0
35,2,4,1,True,0.7023781952899072,0.0807455788368685,4,qUCB,0.56,0.2,0.14,0.0,0.04,0.0,0.0,0.0,0.04,0.0,0.0,0.0,0.0,0.0,0.02
35,3,3,2,False,0.59792749305364,0.05679199382681155,0,qEHVI,0.46,0.42,0.04,0.02,0.0,0.0,0.0,0.0,0.0,0.0,0.0,0.04,0.0,0.0,0.02
35,3,3,2,False,0.59792749305364,0.05679199382681155,1,qEHVI,0.54,0.04,0.34,0.04,0.0,0.0,0.0,0.0,0.0,0.0,0.0,0.0,0.0,0.0,0.04
35,3,3,2,False,0.59792749305364,0.05679199382681155,2,qEHVI,0.0,0.42,0.48,0.04,0.02,0.0,0.0,0.0,0.04,0.0,0.0,0.0,0.0,0.0,0.0
35,3,3,2,False,0.59792749305364,0.05679199382681155,3,qUCB,0.36,0.46,0.1,0.0,0.04,0.0,0.0,0.0,0.0,0.0,0.0,0.0,0.0,0.04,0.0
35,3,3,2,False,0.59792749305364,0.05679199382681155,4,qUCB,0.12,0.0,0.88,0.0,0.0,0.0,0.0,0.0,0.0,0.0,0.0,0.0,0.0,0.0,0.0
35,4,2,3,False,0.5392465798818326,0.014115030848905752,0,qEHVI,0.46,0.42,0.04,0.02,0.0,0.0,0.0,0.0,0.0,0.0,0.0,0.04,0.0,0.0,0.02
35,4,2,3,False,0.5392465798818326,0.014115030848905752,1,qEHVI,0.54,0.04,0.34,0.04,0.0,0.0,0.0,0.0,0.0,0.0,0.0,0.0,0.0,0.0,0.04
35,4,2,3,False,0.5392465798818326,0.014115030848905752,2,qUCB,0.46,0.02,0.42,0.0,0.04,0.0,0.0,0.0,0.04,0.0,0.0,0.0,0.0,0.02,0.0
35,4,2,3,False,0.5392465798818326,0.014115030848905752,3,qUCB,0.12,0.0,0.88,0.0,0.0,0.0,0.0,0.0,0.0,0.0,0.0,0.0,0.0,0.0,0.0
35,4,2,3,False,0.5392465798818326,0.014115030848905752,4,qUCB,0.0,0.5,0.42,0.04,0.0,0.0,0.0,0.0,0.04,0.0,0.0,0.0,0.0,0.0,0.0
35,5,1,4,False,0.35912948489120755,0.17484633807194827,0,qEHVI,0.46,0.42,0.04,0.02,0.0,0.0,0.0,0.0,0.0,0.0,0.0,0.04,0.0,0.0,0.02
35,5,1,4,False,0.35912948489120755,0.17484633807194827,1,qUCB,0.46,0.02,0.42,0.0,0.04,0.0,0.0,0.0,0.04,0.0,0.0,0.0,0.0,0.02,0.0
35,5,1,4,False,0.35912948489120755,0.17484633807194827,2,qUCB,0.12,0.0,0.88,0.0,0.0,0.0,0.0,0.0,0.0,0.0,0.0,0.0,0.0,0.0,0.0
35,5,1,4,False,0.35912948489120755,0.17484633807194827,3,qUCB,0.0,0.5,0.42,0.04,0.0,0.0,0.0,0.0,0.04,0.0,0.0,0.0,0.0,0.0,0.0
35,5,1,4,False,0.35912948489120755,0.17484633807194827,4,qUCB,0.0,0.1,0.86,0.0,0.0,0.0,0.0,0.0,0.04,0.0,0.0,0.0,0.0,0.0,0.0
35,6,0,5,False,0.36060885523316477,0.13107564108362801,0,qUCB,0.48,0.38,0.04,0.0,0.0,0.0,0.0,0.0,0.0,0.0,0.0,0.04,0.0,0.02,0.04
35,6,0,5,False,0.36060885523316477,0.13107564108362801,1,qUCB,0.12,0.0,0.88,0.0,0.0,0.0,0.0,0.0,0.0,0.0,0.0,0.0,0.0,0.0,0.0
35,6,0,5,False,0.36060885523316477,0.13107564108362801,2,qUCB,0.0,0.5,0.42,0.04,0.0,0.0,0.0,0.0,0.04,0.0,0.0,0.0,0.0,0.0,0.0
35,6,0,5,False,0.36060885523316477,0.13107564108362801,3,qUCB,0.9400000000000001,0.0,0.04,0.0,0.02,0.0,0.0,0.0,0.0,0.0,0.0,0.0,0.0,0.0,0.0
35,6,0,5,False,0.36060885523316477,0.13107564108362801,4,qUCB,0.32,0.52,0.1,0.0,0.0,0.0,0.0,0.0,0.0,0.0,0.0,0.04,0.0,0.02,0.0
36,1,5,0,False,0.5614820870463536,0.1503130485366757,0,qEHVI,0.48,0.42,0.0,0.0,0.0,0.0,0.0,0.0,0.0,0.0,0.0,0.04,0.0,0.04,0.02
36,1,5,0,False,0.5614820870463536,0.1503130485366757,1,qEHVI,0.44,0.14,0.32,0.04,0.0,0.0,0.0,0.0,0.02,0.0,0.0,0.04,0.0,0.0,0.0
36,1,5,0,False,0.5614820870463536,0.1503130485366757,2,qEHVI,0.56,0.02,0.36,0.04,0.0,0.0,0.0,0.0,0.0,0.0,0.0,0.02,0.0,0.0,0.0
36,1,5,0,False,0.5614820870463536,0.1503130485366757,3,qEHVI,0.36,0.14,0.4,0.0,0.02,0.0,0.0,0.0,0.04,0.0,0.0,0.0,0.0,0.04,0.0
36,1,5,0,False,0.5614820870463536,0.1503130485366757,4,qEHVI,0.4,0.2,0.3,0.02,0.0,0.0,0.0,0.0,0.04,0.0,0.0,0.04,0.0,0.0,0.0
36,2,4,1,False,0.48156144929625305,0.01903149362207124,0,qEHVI,0.48,0.42,0.0,0.0,0.0,0.0,0.0,0.0,0.0,0.0,0.0,0.04,0.0,0.04,0.02
36,2,4,1,False,0.48156144929625305,0.01903149362207124,1,qEHVI,0.44,0.14,0.32,0.04,0.0,0.0,0.0,0.0,0.02,0.0,0.0,0.04,0.0,0.0,0.0
36,2,4,1,False,0.48156144929625305,0.01903149362207124,2,qEHVI,0.56,0.02,0.36,0.04,0.0,0.0,0.0,0.0,0.0,0.0,0.0,0.02,0.0,0.0,0.0
36,2,4,1,False,0.48156144929625305,0.01903149362207124,3,qEHVI,0.36,0.14,0.4,0.0,0.02,0.0,0.0,0.0,0.04,0.0,0.0,0.0,0.0,0.04,0.0
36,2,4,1,False,0.48156144929625305,0.01903149362207124,4,qUCB,0.48,0.44,0.02,0.0,0.04,0.0,0.0,0.0,0.0,0.0,0.0,0.0,0.0,0.0,0.02
36,3,3,2,True,0.4129360993712926,0.09852782945112182,0,qEHVI,0.48,0.42,0.0,0.0,0.0,0.0,0.0,0.0,0.0,0.0,0.0,0.04,0.0,0.04,0.02
36,3,3,2,True,0.4129360993712926,0.09852782945112182,1,qEHVI,0.44,0.14,0.32,0.04,0.0,0.0,0.0,0.0,0.02,0.0,0.0,0.04,0.0,0.0,0.0
36,3,3,2,True,0.4129360993712926,0.09852782945112182,2,qEHVI,0.56,0.02,0.36,0.04,0.0,0.0,0.0,0.0,0.0,0.0,0.0,0.02,0.0,0.0,0.0
36,3,3,2,True,0.4129360993712926,0.09852782945112182,3,qUCB,0.44,0.08,0.38,0.0,0.04,0.0,0.0,0.0,0.02,0.0,0.0,0.0,0.0,0.0,0.04
36,3,3,2,True,0.4129360993712926,0.09852782945112182,4,qUCB,0.0,0.68,0.24,0.0,0.04,0.0,0.0,0.0,0.04,0.0,0.0,0.0,0.0,0.0,0.0
36,4,2,3,False,0.30672315053499527,0.013198606259990697,0,qEHVI,0.48,0.42,0.0,0.0,0.0,0.0,0.0,0.0,0.0,0.0,0.0,0.04,0.0,0.04,0.02
36,4,2,3,False,0.30672315053499527,0.013198606259990697,1,qEHVI,0.44,0.14,0.32,0.04,0.0,0.0,0.0,0.0,0.02,0.0,0.0,0.04,0.0,0.0,0.0
36,4,2,3,False,0.30672315053499527,0.013198606259990697,2,qUCB,0.44,0.08,0.38,0.0,0.04,0.0,0.0,0.0,0.02,0.0,0.0,0.0,0.0,0.0,0.04
36,4,2,3,False,0.30672315053499527,0.013198606259990697,3,qUCB,0.0,0.68,0.24,0.0,0.04,0.0,0.0,0.0,0.04,0.0,0.0,0.0,0.0,0.0,0.0
36,4,2,3,False,0.30672315053499527,0.013198606259990697,4,qUCB,0.26,0.48,0.16,0.0,0.04,0.0,0.0,0.0,0.04,0.0,0.0,0.0,0.0,0.0,0.02
36,5,1,4,False,0.4017064134988201,0.02096421347497035,0,qEHVI,0.48,0.42,0.0,0.0,0.0,0.0,0.0,0.0,0.0,0.0,0.0,0.04,0.0,0.04,0.02
36,5,1,4,False,0.4017064134988201,0.02096421347497035,1,qUCB,0.4,0.12,0.38,0.02,0.04,0.0,0.0,0.0,0.04,0.0,0.0,0.0,0.0,0.0,0.0
36,5,1,4,False,0.4017064134988201,0.02096421347497035,2,qUCB,0.02,0.18,0.7000000000000001,0.04,0.02,0.0,0.0,0.0,0.04,0.0,0.0,0.0,0.0,0.0,0.0
36,5,1,4,False,0.4017064134988201,0.02096421347497035,3,qUCB,0.0,0.5,0.4,0.04,0.0,0.0,0.0,0.0,0.04,0.0,0.0,0.0,0.0,0.0,0.02
36,5,1,4,False,0.4017064134988201,0.02096421347497035,4,qUCB,0.12,0.0,0.86,0.02,0.0,0.0,0.0,0.0,0.0,0.0,0.0,0.0,0.0,0.0,0.0
36,6,0,5,False,0.32548197961532527,0.20480054486262844,0,qUCB,0.48,0.42,0.0,0.0,0.0,0.0,0.0,0.0,0.0,0.0,0.0,0.04,0.0,0.04,0.02
36,6,0,5,False,0.32548197961532527,0.20480054486262844,1,qUCB,0.0,0.22,0.7000000000000001,0.04,0.0,0.0,0.0,0.0,0.0,0.0,0.0,0.04,0.0,0.0,0.0
36,6,0,5,False,0.32548197961532527,0.20480054486262844,2,qUCB,0.12,0.0,0.86,0.02,0.0,0.0,0.0,0.0,0.0,0.0,0.0,0.0,0.0,0.0,0.0
36,6,0,5,False,0.32548197961532527,0.20480054486262844,3,qUCB,0.0,0.5,0.4,0.04,0.0,0.0,0.0,0.0,0.04,0.0,0.0,0.0,0.0,0.0,0.02
36,6,0,5,False,0.32548197961532527,0.20480054486262844,4,qUCB,0.32,0.48,0.1,0.0,0.02,0.0,0.0,0.0,0.0,0.0,0.0,0.04,0.0,0.04,0.0
37,1,5,0,False,0.6335294724417017,0.15181486330170557,0,qEHVI,0.48,0.4,0.02,0.0,0.0,0.0,0.0,0.0,0.0,0.0,0.0,0.04,0.0,0.02,0.04
37,1,5,0,False,0.6335294724417017,0.15181486330170557,1,qEHVI,0.54,0.04,0.34,0.04,0.0,0.0,0.0,0.0,0.0,0.0,0.0,0.02,0.0,0.0,0.02
37,1,5,0,False,0.6335294724417017,0.15181486330170557,2,qEHVI,0.7000000000000001,0.16,0.04,0.0,0.02,0.0,0.0,0.0,0.0,0.0,0.0,0.04,0.0,0.04,0.0
37,1,5,0,False,0.6335294724417017,0.15181486330170557,3,qEHVI,0.42,0.0,0.48,0.04,0.0,0.0,0.0,0.0,0.0,0.0,0.0,0.04,0.0,0.02,0.0
37,1,5,0,False,0.6335294724417017,0.15181486330170557,4,qEHVI,0.34,0.34,0.22,0.04,0.02,0.0,0.0,0.0,0.0,0.0,0.0,0.04,0.0,0.0,0.0
37,2,4,1,True,0.5888174926329478,0.1795773288849727,0,qEHVI,0.48,0.4,0.02,0.0,0.0,0.0,0.0,0.0,0.0,0.0,0.0,0.04,0.0,0.02,0.04
37,2,4,1,True,0.5888174926329478,0.1795773288849727,1,qEHVI,0.54,0.04,0.34,0.04,0.0,0.0,0.0,0.0,0.0,0.0,0.0,0.02,0.0,0.0,0.02
37,2,4,1,True,0.5888174926329478,0.1795773288849727,2,qEHVI,0.7000000000000001,0.16,0.04,0.0,0.02,0.0,0.0,0.0,0.0,0.0,0.0,0.04,0.0,0.04,0.0
37,2,4,1,True,0.5888174926329478,0.1795773288849727,3,qEHVI,0.42,0.0,0.48,0.04,0.0,0.0,0.0,0.0,0.0,0.0,0.0,0.04,0.0,0.02,0.0
37,2,4,1,True,0.5888174926329478,0.1795773288849727,4,qUCB,0.34,0.18,0.4,0.0,0.04,0.0,0.0,0.0,0.04,0.0,0.0,0.0,0.0,0.0,0.0
37,3,3,2,False,0.5051499611079485,0.062069415914998594,0,qEHVI,0.48,0.4,0.02,0.0,0.0,0.0,0.0,0.0,0.0,0.0,0.0,0.04,0.0,0.02,0.04
37,3,3,2,False,0.5051499611079485,0.062069415914998594,1,qEHVI,0.54,0.04,0.34,0.04,0.0,0.0,0.0,0.0,0.0,0.0,0.0,0.02,0.0,0.0,0.02
37,3,3,2,False,0.5051499611079485,0.062069415914998594,2,qEHVI,0.7000000000000001,0.16,0.04,0.0,0.02,0.0,0.0,0.0,0.0,0.0,0.0,0.04,0.0,0.04,0.0
37,3,3,2,False,0.5051499611079485,0.062069415914998594,3,qUCB,0.34,0.18,0.4,0.0,0.04,0.0,0.0,0.0,0.04,0.0,0.0,0.0,0.0,0.0,0.0
37,3,3,2,False,0.5051499611079485,0.062069415914998594,4,qUCB,0.12,0.0,0.86,0.0,0.02,0.0,0.0,0.0,0.0,0.0,0.0,0.0,0.0,0.0,0.0
37,4,2,3,False,0.4201604274710249,0.008992232553205248,0,qEHVI,0.48,0.4,0.02,0.0,0.0,0.0,0.0,0.0,0.0,0.0,0.0,0.04,0.0,0.02,0.04
37,4,2,3,False,0.4201604274710249,0.008992232553205248,1,qEHVI,0.54,0.04,0.34,0.04,0.0,0.0,0.0,0.0,0.0,0.0,0.0,0.02,0.0,0.0,0.02
37,4,2,3,False,0.4201604274710249,0.008992232553205248,2,qUCB,0.44,0.04,0.42,0.0,0.04,0.0,0.0,0.0,0.02,0.0,0.0,0.0,0.0,0.04,0.0
37,4,2,3,False,0.4201604274710249,0.008992232553205248,3,qUCB,0.0,0.04,0.86,0.0,0.04,0.0,0.0,0.0,0.02,0.0,0.0,0.0,0.0,0.04,0.0
37,4,2,3,False,0.4201604274710249,0.008992232553205248,4,qUCB,0.0,0.52,0.4,0.0,0.0,0.0,0.0,0.0,0.04,0.0,0.0,0.0,0.0,0.04,0.0
37,5,1,4,False,0.28794757452605413,0.07813103761869267,0,qEHVI,0.48,0.4,0.02,0.0,0.0,0.0,0.0,0.0,0.0,0.0,0.0,0.04,0.0,0.02,0.04
37,5,1,4,False,0.28794757452605413,0.07813103761869267,1,qUCB,0.34,0.14,0.42,0.04,0.04,0.0,0.0,0.0,0.02,0.0,0.0,0.0,0.0,0.0,0.0
37,5,1,4,False,0.28794757452605413,0.07813103761869267,2,qUCB,0.04,0.02,0.86,0.04,0.0,0.0,0.0,0.0,0.04,0.0,0.0,0.0,0.0,0.0,0.0
37,5,1,4,False,0.28794757452605413,0.07813103761869267,3,qUCB,0.12,0.0,0.86,0.0,0.02,0.0,0.0,0.0,0.0,0.0,0.0,0.0,0.0,0.0,0.0
37,5,1,4,False,0.28794757452605413,0.07813103761869267,4,qUCB,0.0,0.62,0.28,0.04,0.0,0.0,0.0,0.0,0.04,0.0,0.0,0.0,0.0,0.02,0.0
37,6,0,5,False,0.402857426616706,0.3153167796019716,0,qUCB,0.48,0.4,0.02,0.0,0.0,0.0,0.0,0.0,0.0,0.0,0.0,0.04,0.0,0.02,0.04
37,6,0,5,False,0.402857426616706,0.3153167796019716,1,qUCB,0.12,0.0,0.86,0.0,0.02,0.0,0.0,0.0,0.0,0.0,0.0,0.0,0.0,0.0,0.0
37,6,0,5,False,0.402857426616706,0.3153167796019716,2,qUCB,0.78,0.0,0.2,0.0,0.0,0.0,0.0,0.0,0.0,0.0,0.0,0.02,0.0,0.0,0.0
37,6,0,5,False,0.402857426616706,0.3153167796019716,3,qUCB,0.0,0.5,0.4,0.04,0.02,0.0,0.0,0.0,0.0,0.0,0.0,0.0,0.0,0.0,0.04
37,6,0,5,False,0.402857426616706,0.3153167796019716,4,qUCB,0.32,0.0,0.64,0.0,0.0,0.0,0.0,0.0,0.04,0.0,0.0,0.0,0.0,0.0,0.0
38,1,5,0,False,0.5154368733278539,0.09534844864109226,0,qEHVI,0.34,0.0,0.66,0.0,0.0,0.0,0.0,0.0,0.0,0.0,0.0,0.0,0.0,0.0,0.0
38,1,5,0,False,0.5154368733278539,0.09534844864109226,1,qEHVI,0.5,0.06,0.34,0.04,0.0,0.0,0.0,0.0,0.0,0.0,0.0,0.04,0.0,0.02,0.0
38,1,5,0,False,0.5154368733278539,0.09534844864109226,2,qEHVI,0.4,0.3,0.22,0.04,0.0,0.0,0.0,0.0,0.0,0.0,0.0,0.02,0.0,0.0,0.02
38,1,5,0,False,0.5154368733278539,0.09534844864109226,3,qEHVI,0.68,0.16,0.06,0.0,0.0,0.0,0.0,0.0,0.04,0.0,0.0,0.04,0.0,0.02,0.0
38,1,5,0,False,0.5154368733278539,0.09534844864109226,4,qEHVI,0.0,0.48,0.42,0.04,0.0,0.0,0.0,0.0,0.02,0.0,0.0,0.04,0.0,0.0,0.0
38,2,4,1,True,0.46035590593452624,0.19506565562187916,0,qEHVI,0.34,0.0,0.66,0.0,0.0,0.0,0.0,0.0,0.0,0.0,0.0,0.0,0.0,0.0,0.0
38,2,4,1,True,0.46035590593452624,0.19506565562187916,1,qEHVI,0.5,0.06,0.34,0.04,0.0,0.0,0.0,0.0,0.0,0.0,0.0,0.04,0.0,0.02,0.0
38,2,4,1,True,0.46035590593452624,0.19506565562187916,2,qEHVI,0.4,0.3,0.22,0.04,0.0,0.0,0.0,0.0,0.0,0.0,0.0,0.02,0.0,0.0,0.02
38,2,4,1,True,0.46035590593452624,0.19506565562187916,3,qEHVI,0.68,0.16,0.06,0.0,0.0,0.0,0.0,0.0,0.04,0.0,0.0,0.04,0.0,0.02,0.0
38,2,4,1,True,0.46035590593452624,0.19506565562187916,4,qUCB,0.38,0.44,0.08,0.0,0.04,0.0,0.0,0.0,0.0,0.0,0.0,0.04,0.0,0.02,0.0
38,3,3,2,False,0.390653982916954,0.1515622884997847,0,qEHVI,0.34,0.0,0.66,0.0,0.0,0.0,0.0,0.0,0.0,0.0,0.0,0.0,0.0,0.0,0.0
38,3,3,2,False,0.390653982916954,0.1515622884997847,1,qEHVI,0.5,0.06,0.34,0.04,0.0,0.0,0.0,0.0,0.0,0.0,0.0,0.04,0.0,0.02,0.0
38,3,3,2,False,0.390653982916954,0.1515622884997847,2,qEHVI,0.4,0.3,0.22,0.04,0.0,0.0,0.0,0.0,0.0,0.0,0.0,0.02,0.0,0.0,0.02
38,3,3,2,False,0.390653982916954,0.1515622884997847,3,qUCB,0.38,0.44,0.08,0.0,0.04,0.0,0.0,0.0,0.0,0.0,0.0,0.04,0.0,0.02,0.0
38,3,3,2,False,0.390653982916954,0.1515622884997847,4,qUCB,0.26,0.52,0.12,0.0,0.04,0.0,0.0,0.0,0.0,0.0,0.0,0.0,0.0,0.04,0.02
38,4,2,3,False,0.31134273644636995,0.010976704594272801,0,qEHVI,0.34,0.0,0.66,0.0,0.0,0.0,0.0,0.0,0.0,0.0,0.0,0.0,0.0,0.0,0.0
38,4,2,3,False,0.31134273644636995,0.010976704594272801,1,qEHVI,0.5,0.06,0.34,0.04,0.0,0.0,0.0,0.0,0.0,0.0,0.0,0.04,0.0,0.02,0.0
38,4,2,3,False,0.31134273644636995,0.010976704594272801,2,qUCB,0.52,0.38,0.02,0.0,0.0,0.0,0.0,0.0,0.0,0.0,0.0,0.04,0.0,0.0,0.04
38,4,2,3,False,0.31134273644636995,0.010976704594272801,3,qUCB,0.3,0.5,0.1,0.0,0.02,0.0,0.0,0.0,0.0,0.0,0.0,0.0,0.0,0.04,0.04
38,4,2,3,False,0.31134273644636995,0.010976704594272801,4,qUCB,0.02,0.84,0.04,0.04,0.04,0.0,0.0,0.0,0.0,0.0,0.0,0.0,0.0,0.0,0.02
38,5,1,4,False,0.27480434262233067,0.09158952519294417,0,qEHVI,0.34,0.0,0.66,0.0,0.0,0.0,0.0,0.0,0.0,0.0,0.0,0.0,0.0,0.0,0.0
38,5,1,4,False,0.27480434262233067,0.09158952519294417,1,qUCB,0.38,0.44,0.08,0.0,0.04,0.0,0.0,0.0,0.0,0.0,0.0,0.04,0.0,0.02,0.0
38,5,1,4,False,0.27480434262233067,0.09158952519294417,2,qUCB,0.0,0.48,0.42,0.04,0.0,0.0,0.0,0.0,0.02,0.0,0.0,0.04,0.0,0.0,0.0
38,5,1,4,False,0.27480434262233067,0.09158952519294417,3,qUCB,0.06,0.8,0.04,0.04,0.0,0.0,0.0,0.0,0.04,0.0,0.0,0.0,0.0,0.0,0.02
38,5,1,4,False,0.27480434262233067,0.09158952519294417,4,qUCB,0.0,0.84,0.06,0.04,0.0,0.0,0.0,0.0,0.0,0.0,0.0,0.0,0.0,0.04,0.02
38,6,0,5,False,0.35566823082320825,0.0018076091871783717,0,qUCB,0.5,0.44,0.0,0.0,0.02,0.0,0.0,0.0,0.0,0.0,0.0,0.04,0.0,0.0,0.0
38,6,0,5,False,0.35566823082320825,0.0018076091871783717,1,qUCB,0.34,0.0,0.66,0.0,0.0,0.0,0.0,0.0,0.0,0.0,0.0,0.0,0.0,0.0,0.0
38,6,0,5,False,0.35566823082320825,0.0018076091871783717,2,qUCB,0.0,0.48,0.42,0.04,0.0,0.0,0.0,0.0,0.02,0.0,0.0,0.04,0.0,0.0,0.0
38,6,0,5,False,0.35566823082320825,0.0018076091871783717,3,qUCB,0.1,0.0,0.86,0.0,0.0,0.0,0.0,0.0,0.0,0.0,0.0,0.0,0.0,0.04,0.0
38,6,0,5,False,0.35566823082320825,0.0018076091871783717,4,qUCB,0.0,0.48,0.42,0.02,0.02,0.0,0.0,0.0,0.04,0.0,0.0,0.0,0.0,0.02,0.0
39,1,5,0,False,0.5734431501512954,0.21669254522856107,0,qEHVI,0.42,0.16,0.32,0.02,0.0,0.0,0.0,0.0,0.0,0.0,0.0,0.02,0.0,0.02,0.04
39,1,5,0,False,0.5734431501512954,0.21669254522856107,1,qEHVI,0.48,0.12,0.3,0.04,0.0,0.0,0.0,0.0,0.02,0.0,0.0,0.04,0.0,0.0,0.0
39,1,5,0,False,0.5734431501512954,0.21669254522856107,2,qEHVI,0.64,0.0,0.3,0.0,0.0,0.0,0.0,0.0,0.04,0.0,0.0,0.0,0.0,0.02,0.0
39,1,5,0,False,0.5734431501512954,0.21669254522856107,3,qEHVI,0.54,0.0,0.36,0.04,0.0,0.0,0.0,0.0,0.04,0.0,0.0,0.02,0.0,0.0,0.0
39,1,5,0,False,0.5734431501512954,0.21669254522856107,4,qEHVI,0.0,0.26,0.68,0.04,0.0,0.0,0.0,0.0,0.0,0.0,0.0,0.0,0.0,0.02,0.0
39,2,4,1,True,0.4902824182350624,0.11583243633665852,0,qEHVI,0.42,0.16,0.32,0.02,0.0,0.0,0.0,0.0,0.0,0.0,0.0,0.02,0.0,0.02,0.04
39,2,4,1,True,0.4902824182350624,0.11583243633665852,1,qEHVI,0.48,0.12,0.3,0.04,0.0,0.0,0.0,0.0,0.02,0.0,0.0,0.04,0.0,0.0,0.0
39,2,4,1,True,0.4902824182350624,0.11583243633665852,2,qEHVI,0.54,0.0,0.36,0.04,0.0,0.0,0.0,0.0,0.04,0.0,0.0,0.02,0.0,0.0,0.0
39,2,4,1,True,0.4902824182350624,0.11583243633665852,3,qEHVI,0.64,0.0,0.3,0.0,0.0,0.0,0.0,0.0,0.04,0.0,0.0,0.0,0.0,0.02,0.0
39,2,4,1,True,0.4902824182350624,0.11583243633665852,4,qUCB,0.44,0.44,0.04,0.0,0.04,0.0,0.0,0.0,0.0,0.0,0.0,0.04,0.0,0.0,0.0
39,3,3,2,False,0.4030637483974785,0.10420910597297706,0,qEHVI,0.42,0.16,0.32,0.02,0.0,0.0,0.0,0.0,0.0,0.0,0.0,0.02,0.0,0.02,0.04
39,3,3,2,False,0.4030637483974785,0.10420910597297706,1,qEHVI,0.48,0.12,0.3,0.04,0.0,0.0,0.0,0.0,0.02,0.0,0.0,0.04,0.0,0.0,0.0
39,3,3,2,False,0.4030637483974785,0.10420910597297706,2,qEHVI,0.54,0.0,0.36,0.04,0.0,0.0,0.0,0.0,0.04,0.0,0.0,0.02,0.0,0.0,0.0
39,3,3,2,False,0.4030637483974785,0.10420910597297706,3,qUCB,0.44,0.44,0.04,0.0,0.04,0.0,0.0,0.0,0.0,0.0,0.0,0.04,0.0,0.0,0.0
39,3,3,2,False,0.4030637483974785,0.10420910597297706,4,qUCB,0.8,0.04,0.06,0.04,0.04,0.0,0.0,0.0,0.0,0.0,0.0,0.0,0.0,0.02,0.0
39,4,2,3,False,0.3372878005588655,0.2172101722175377,0,qEHVI,0.42,0.16,0.32,0.02,0.0,0.0,0.0,0.0,0.0,0.0,0.0,0.02,0.0,0.02,0.04
39,4,2,3,False,0.3372878005588655,0.2172101722175377,1,qEHVI,0.48,0.12,0.3,0.04,0.0,0.0,0.0,0.0,0.02,0.0,0.0,0.04,0.0,0.0,0.0
39,4,2,3,False,0.3372878005588655,0.2172101722175377,2,qUCB,0.36,0.14,0.4,0.0,0.04,0.0,0.0,0.0,0.04,0.0,0.0,0.0,0.0,0.02,0.0
39,4,2,3,False,0.3372878005588655,0.2172101722175377,3,qUCB,0.0,0.0,0.9,0.0,0.04,0.0,0.0,0.0,0.04,0.0,0.0,0.0,0.0,0.02,0.0
39,4,2,3,False,0.3372878005588655,0.2172101722175377,4,qUCB,0.8,0.04,0.06,0.04,0.04,0.0,0.0,0.0,0.0,0.0,0.0,0.0,0.0,0.02,0.0
39,5,1,4,False,0.29234985071481284,0.029603238392581055,0,qEHVI,0.42,0.16,0.32,0.02,0.0,0.0,0.0,0.0,0.0,0.0,0.0,0.02,0.0,0.02,0.04
39,5,1,4,False,0.29234985071481284,0.029603238392581055,1,qUCB,0.38,0.12,0.42,0.0,0.04,0.0,0.0,0.0,0.04,0.0,0.0,0.0,0.0,0.0,0.0
39,5,1,4,False,0.29234985071481284,0.029603238392581055,2,qUCB,0.8200000000000001,0.0,0.08,0.04,0.04,0.0,0.0,0.0,0.0,0.0,0.0,0.02,0.0,0.0,0.0
39,5,1,4,False,0.29234985071481284,0.029603238392581055,3,qUCB,0.02,0.18,0.7000000000000001,0.04,0.0,0.0,0.0,0.0,0.02,0.0,0.0,0.04,0.0,0.0,0.0
39,5,1,4,False,0.29234985071481284,0.029603238392581055,4,qUCB,0.76,0.04,0.1,0.04,0.02,0.0,0.0,0.0,0.04,0.0,0.0,0.0,0.0,0.0,0.0
39,6,0,5,False,0.33966803200435725,0.02941938226279245,0,qUCB,0.5,0.44,0.0,0.0,0.0,0.0,0.0,0.0,0.0,0.0,0.0,0.04,0.0,0.0,0.02
39,6,0,5,False,0.33966803200435725,0.02941938226279245,1,qUCB,0.02,0.18,0.7000000000000001,0.04,0.0,0.0,0.0,0.0,0.02,0.0,0.0,0.04,0.0,0.0,0.0
39,6,0,5,False,0.33966803200435725,0.02941938226279245,2,qUCB,0.88,0.0,0.04,0.04,0.02,0.0,0.0,0.0,0.0,0.0,0.0,0.0,0.0,0.0,0.02
39,6,0,5,False,0.33966803200435725,0.02941938226279245,3,qUCB,0.48,0.42,0.02,0.0,0.0,0.0,0.0,0.0,0.0,0.0,0.0,0.04,0.0,0.0,0.04
39,6,0,5,False,0.33966803200435725,0.02941938226279245,4,qUCB,0.36,0.02,0.58,0.04,0.0,0.0,0.0,0.0,0.0,0.0,0.0,0.0,0.0,0.0,0.0
40,1,5,0,False,0.553612551633605,0.2920686576829823,0,qEHVI,0.54,0.02,0.34,0.04,0.0,0.0,0.0,0.0,0.0,0.0,0.0,0.04,0.0,0.0,0.02
40,1,5,0,False,0.553612551633605,0.2920686576829823,1,qEHVI,0.0,0.2,0.7000000000000001,0.04,0.0,0.0,0.0,0.0,0.04,0.0,0.0,0.02,0.0,0.0,0.0
40,1,5,0,False,0.553612551633605,0.2920686576829823,2,qEHVI,0.44,0.0,0.48,0.02,0.02,0.0,0.0,0.0,0.0,0.0,0.0,0.02,0.0,0.0,0.02
40,1,5,0,False,0.553612551633605,0.2920686576829823,3,qEHVI,0.38,0.1,0.42,0.04,0.0,0.0,0.0,0.0,0.04,0.0,0.0,0.0,0.0,0.02,0.0
40,1,5,0,False,0.553612551633605,0.2920686576829823,4,qEHVI,0.0,0.5,0.4,0.04,0.04,0.0,0.0,0.0,0.02,0.0,0.0,0.0,0.0,0.0,0.0
40,2,4,1,False,0.49457836710067443,0.06527324311213212,0,qEHVI,0.0,0.2,0.7000000000000001,0.04,0.0,0.0,0.0,0.0,0.04,0.0,0.0,0.02,0.0,0.0,0.0
40,2,4,1,False,0.49457836710067443,0.06527324311213212,1,qEHVI,0.54,0.02,0.34,0.04,0.0,0.0,0.0,0.0,0.0,0.0,0.0,0.04,0.0,0.0,0.02
40,2,4,1,False,0.49457836710067443,0.06527324311213212,2,qEHVI,0.0,0.5,0.4,0.04,0.04,0.0,0.0,0.0,0.02,0.0,0.0,0.0,0.0,0.0,0.0
40,2,4,1,False,0.49457836710067443,0.06527324311213212,3,qEHVI,0.38,0.1,0.42,0.04,0.0,0.0,0.0,0.0,0.04,0.0,0.0,0.0,0.0,0.02,0.0
40,2,4,1,False,0.49457836710067443,0.06527324311213212,4,qUCB,0.48,0.38,0.04,0.0,0.02,0.0,0.0,0.0,0.0,0.0,0.0,0.0,0.0,0.04,0.04
40,3,3,2,True,0.4371298966235233,0.30669458756653345,0,qEHVI,0.0,0.2,0.7000000000000001,0.04,0.0,0.0,0.0,0.0,0.04,0.0,0.0,0.02,0.0,0.0,0.0
40,3,3,2,True,0.4371298966235233,0.30669458756653345,1,qEHVI,0.38,0.1,0.42,0.04,0.0,0.0,0.0,0.0,0.04,0.0,0.0,0.0,0.0,0.02,0.0
40,3,3,2,True,0.4371298966235233,0.30669458756653345,2,qEHVI,0.0,0.5,0.4,0.04,0.04,0.0,0.0,0.0,0.02,0.0,0.0,0.0,0.0,0.0,0.0
40,3,3,2,True,0.4371298966235233,0.30669458756653345,3,qUCB,0.52,0.36,0.04,0.0,0.0,0.0,0.0,0.0,0.0,0.0,0.0,0.04,0.0,0.0,0.04
40,3,3,2,True,0.4371298966235233,0.30669458756653345,4,qUCB,0.78,0.0,0.2,0.0,0.02,0.0,0.0,0.0,0.0,0.0,0.0,0.0,0.0,0.0,0.0
40,4,2,3,False,0.22990785580834358,0.08698087018310408,0,qEHVI,0.0,0.2,0.7000000000000001,0.04,0.0,0.0,0.0,0.0,0.04,0.0,0.0,0.02,0.0,0.0,0.0
40,4,2,3,False,0.22990785580834358,0.08698087018310408,1,qEHVI,0.54,0.02,0.34,0.04,0.0,0.0,0.0,0.0,0.0,0.0,0.0,0.04,0.0,0.0,0.02
40,4,2,3,False,0.22990785580834358,0.08698087018310408,2,qUCB,0.5,0.06,0.36,0.0,0.04,0.0,0.0,0.0,0.0,0.0,0.0,0.0,0.0,0.04,0.0
40,4,2,3,False,0.22990785580834358,0.08698087018310408,3,qUCB,0.04,0.0,0.86,0.0,0.04,0.0,0.0,0.0,0.0,0.0,0.0,0.02,0.0,0.04,0.0
40,4,2,3,False,0.22990785580834358,0.08698087018310408,4,qUCB,0.26,0.52,0.12,0.0,0.04,0.0,0.0,0.0,0.0,0.0,0.0,0.02,0.0,0.04,0.0
40,5,1,4,False,0.2707434167377762,0.11052075046050724,0,qEHVI,0.54,0.02,0.34,0.04,0.0,0.0,0.0,0.0,0.0,0.0,0.0,0.04,0.0,0.0,0.02
40,5,1,4,False,0.2707434167377762,0.11052075046050724,1,qUCB,0.36,0.22,0.34,0.0,0.0,0.0,0.0,0.0,0.04,0.0,0.0,0.0,0.0,0.04,0.0
40,5,1,4,False,0.2707434167377762,0.11052075046050724,2,qUCB,0.0,0.62,0.28,0.0,0.02,0.0,0.0,0.0,0.04,0.0,0.0,0.0,0.0,0.04,0.0
40,5,1,4,False,0.2707434167377762,0.11052075046050724,3,qUCB,0.08,0.0,0.88,0.0,0.0,0.0,0.0,0.0,0.04,0.0,0.0,0.0,0.0,0.0,0.0
40,5,1,4,False,0.2707434167377762,0.11052075046050724,4,qUCB,0.0,0.5,0.4,0.04,0.04,0.0,0.0,0.0,0.02,0.0,0.0,0.0,0.0,0.0,0.0
40,6,0,5,False,0.35792166707587286,0.2763334763846492,0,qUCB,0.44,0.48,0.02,0.0,0.0,0.0,0.0,0.0,0.0,0.0,0.0,0.04,0.0,0.0,0.02
40,6,0,5,False,0.35792166707587286,0.2763334763846492,1,qUCB,0.78,0.0,0.2,0.0,0.02,0.0,0.0,0.0,0.0,0.0,0.0,0.0,0.0,0.0,0.0
40,6,0,5,False,0.35792166707587286,0.2763334763846492,2,qUCB,0.0,0.5,0.4,0.04,0.04,0.0,0.0,0.0,0.02,0.0,0.0,0.0,0.0,0.0,0.0
40,6,0,5,False,0.35792166707587286,0.2763334763846492,3,qUCB,0.0,0.2,0.7000000000000001,0.04,0.0,0.0,0.0,0.0,0.04,0.0,0.0,0.02,0.0,0.0,0.0
40,6,0,5,False,0.35792166707587286,0.2763334763846492,4,qUCB,0.08,0.0,0.88,0.0,0.0,0.0,0.0,0.0,0.04,0.0,0.0,0.0,0.0,0.0,0.0
41,1,5,0,False,0.4847684075989097,0.2048475801453673,0,qEHVI,0.46,0.0,0.5,0.0,0.0,0.0,0.0,0.0,0.0,0.0,0.0,0.0,0.0,0.0,0.04
41,1,5,0,False,0.4847684075989097,0.2048475801453673,1,qEHVI,0.46,0.1,0.34,0.02,0.04,0.0,0.0,0.0,0.0,0.0,0.0,0.0,0.0,0.0,0.04
41,1,5,0,False,0.4847684075989097,0.2048475801453673,2,qEHVI,0.38,0.14,0.38,0.0,0.0,0.0,0.0,0.0,0.04,0.0,0.0,0.02,0.0,0.04,0.0
41,1,5,0,False,0.4847684075989097,0.2048475801453673,3,qEHVI,0.58,0.3,0.04,0.0,0.04,0.0,0.0,0.0,0.0,0.0,0.0,0.04,0.0,0.0,0.0
41,1,5,0,False,0.4847684075989097,0.2048475801453673,4,qEHVI,0.44,0.0,0.48,0.04,0.0,0.0,0.0,0.0,0.02,0.0,0.0,0.0,0.0,0.0,0.02
41,2,4,1,True,0.4165426997938356,0.21680403532247183,0,qEHVI,0.46,0.0,0.5,0.0,0.0,0.0,0.0,0.0,0.0,0.0,0.0,0.0,0.0,0.0,0.04
41,2,4,1,True,0.4165426997938356,0.21680403532247183,1,qEHVI,0.46,0.1,0.34,0.02,0.04,0.0,0.0,0.0,0.0,0.0,0.0,0.0,0.0,0.0,0.04
41,2,4,1,True,0.4165426997938356,0.21680403532247183,2,qEHVI,0.38,0.14,0.38,0.0,0.0,0.0,0.0,0.0,0.04,0.0,0.0,0.02,0.0,0.04,0.0
41,2,4,1,True,0.4165426997938356,0.21680403532247183,3,qEHVI,0.78,0.1,0.04,0.0,0.02,0.0,0.0,0.0,0.0,0.0,0.0,0.02,0.0,0.0,0.04
41,2,4,1,True,0.4165426997938356,0.21680403532247183,4,qUCB,0.44,0.1,0.38,0.04,0.0,0.0,0.0,0.0,0.0,0.0,0.0,0.04,0.0,0.0,0.0
41,3,3,2,False,0.35614194415872114,0.06720349731351583,0,qEHVI,0.46,0.0,0.5,0.0,0.0,0.0,0.0,0.0,0.0,0.0,0.0,0.0,0.0,0.0,0.04
41,3,3,2,False,0.35614194415872114,0.06720349731351583,1,qEHVI,0.38,0.14,0.38,0.0,0.0,0.0,0.0,0.0,0.04,0.0,0.0,0.02,0.0,0.04,0.0
41,3,3,2,False,0.35614194415872114,0.06720349731351583,2,qEHVI,0.46,0.1,0.34,0.02,0.04,0.0,0.0,0.0,0.0,0.0,0.0,0.0,0.0,0.0,0.04
41,3,3,2,False,0.35614194415872114,0.06720349731351583,3,qUCB,0.4,0.48,0.02,0.0,0.04,0.0,0.0,0.0,0.0,0.0,0.0,0.04,0.0,0.02,0.0
41,3,3,2,False,0.35614194415872114,0.06720349731351583,4,qUCB,0.86,0.04,0.04,0.04,0.0,0.0,0.0,0.0,0.0,0.0,0.0,0.0,0.0,0.02,0.0
41,4,2,3,False,0.3567319128160898,0.027398875200965733,0,qEHVI,0.46,0.0,0.5,0.0,0.0,0.0,0.0,0.0,0.0,0.0,0.0,0.0,0.0,0.0,0.04
41,4,2,3,False,0.3567319128160898,0.027398875200965733,1,qEHVI,0.38,0.14,0.38,0.0,0.0,0.0,0.0,0.0,0.04,0.0,0.0,0.02,0.0,0.04,0.0
41,4,2,3,False,0.3567319128160898,0.027398875200965733,2,qUCB,0.58,0.3,0.04,0.0,0.04,0.0,0.0,0.0,0.0,0.0,0.0,0.04,0.0,0.0,0.0
41,4,2,3,False,0.3567319128160898,0.027398875200965733,3,qUCB,0.86,0.0,0.04,0.04,0.04,0.0,0.0,0.0,0.0,0.0,0.0,0.02,0.0,0.0,0.0
41,4,2,3,False,0.3567319128160898,0.027398875200965733,4,qUCB,0.0,0.6,0.3,0.04,0.04,0.0,0.0,0.0,0.0,0.0,0.0,0.0,0.0,0.02,0.0
41,5,1,4,False,0.21911542003415224,0.5110879220559141,0,qEHVI,0.46,0.0,0.5,0.0,0.0,0.0,0.0,0.0,0.0,0.0,0.0,0.0,0.0,0.0,0.04
41,5,1,4,False,0.21911542003415224,0.5110879220559141,1,qUCB,0.4,0.48,0.02,0.0,0.04,0.0,0.0,0.0,0.0,0.0,0.0,0.04,0.0,0.02,0.0
41,5,1,4,False,0.21911542003415224,0.5110879220559141,2,qUCB,0.0,0.04,0.86,0.04,0.0,0.0,0.0,0.0,0.04,0.0,0.0,0.02,0.0,0.0,0.0
41,5,1,4,False,0.21911542003415224,0.5110879220559141,3,qUCB,0.0,0.84,0.06,0.04,0.0,0.0,0.0,0.0,0.0,0.0,0.0,0.02,0.0,0.04,0.0
41,5,1,4,False,0.21911542003415224,0.5110879220559141,4,qUCB,0.86,0.0,0.04,0.04,0.04,0.0,0.0,0.0,0.0,0.0,0.0,0.02,0.0,0.0,0.0
41,6,0,5,False,0.1808647740065858,0.08641667131132102,0,qUCB,0.46,0.46,0.0,0.0,0.02,0.0,0.0,0.0,0.0,0.0,0.0,0.04,0.0,0.02,0.0
41,6,0,5,False,0.1808647740065858,0.08641667131132102,1,qUCB,0.08,0.02,0.88,0.0,0.0,0.0,0.0,0.0,0.0,0.0,0.0,0.02,0.0,0.0,0.0
41,6,0,5,False,0.1808647740065858,0.08641667131132102,2,qUCB,0.0,0.62,0.28,0.04,0.02,0.0,0.0,0.0,0.02,0.0,0.0,0.0,0.0,0.0,0.02
41,6,0,5,False,0.1808647740065858,0.08641667131132102,3,qUCB,0.0,0.06,0.84,0.04,0.0,0.0,0.0,0.0,0.02,0.0,0.0,0.0,0.0,0.04,0.0
41,6,0,5,False,0.1808647740065858,0.08641667131132102,4,qUCB,0.86,0.0,0.04,0.04,0.04,0.0,0.0,0.0,0.0,0.0,0.0,0.02,0.0,0.0,0.0
42,1,5,0,False,0.9013538709251552,0.1510757769800506,0,qEHVI,0.92,0.0,0.04,0.02,0.0,0.0,0.0,0.0,0.02,0.0,0.0,0.0,0.0,0.0,0.0
42,1,5,0,False,0.9013538709251552,0.1510757769800506,1,qEHVI,0.88,0.0,0.04,0.04,0.0,0.0,0.0,0.0,0.0,0.0,0.0,0.02,0.0,0.0,0.02
42,1,5,0,False,0.9013538709251552,0.1510757769800506,2,qEHVI,0.76,0.12,0.06,0.0,0.04,0.0,0.0,0.0,0.0,0.0,0.0,0.0,0.0,0.02,0.0
42,1,5,0,False,0.9013538709251552,0.1510757769800506,3,qEHVI,0.86,0.0,0.04,0.0,0.02,0.0,0.0,0.0,0.02,0.0,0.0,0.04,0.0,0.0,0.02
42,1,5,0,False,0.9013538709251552,0.1510757769800506,4,qEHVI,0.38,0.0,0.6,0.02,0.0,0.0,0.0,0.0,0.0,0.0,0.0,0.0,0.0,0.0,0.0
42,2,4,1,False,0.9200646867335206,0.023260087735556656,0,qEHVI,0.92,0.0,0.04,0.02,0.0,0.0,0.0,0.0,0.02,0.0,0.0,0.0,0.0,0.0,0.0
42,2,4,1,False,0.9200646867335206,0.023260087735556656,1,qEHVI,0.76,0.12,0.06,0.0,0.04,0.0,0.0,0.0,0.0,0.0,0.0,0.0,0.0,0.02,0.0
42,2,4,1,False,0.9200646867335206,0.023260087735556656,2,qEHVI,0.86,0.0,0.04,0.04,0.02,0.0,0.0,0.0,0.0,0.0,0.0,0.04,0.0,0.0,0.0
42,2,4,1,False,0.9200646867335206,0.023260087735556656,3,qEHVI,0.54,0.0,0.44,0.0,0.0,0.0,0.0,0.0,0.0,0.0,0.0,0.0,0.0,0.0,0.02
42,2,4,1,False,0.9200646867335206,0.023260087735556656,4,qUCB,0.84,0.04,0.04,0.0,0.0,0.0,0.0,0.0,0.0,0.0,0.0,0.04,0.0,0.04,0.0
42,3,3,2,False,0.7908668378938023,0.0043175681679095135,0,qEHVI,0.92,0.0,0.04,0.02,0.0,0.0,0.0,0.0,0.02,0.0,0.0,0.0,0.0,0.0,0.0
42,3,3,2,False,0.7908668378938023,0.0043175681679095135,1,qEHVI,0.86,0.0,0.04,0.04,0.02,0.0,0.0,0.0,0.0,0.0,0.0,0.04,0.0,0.0,0.0
42,3,3,2,False,0.7908668378938023,0.0043175681679095135,2,qEHVI,0.76,0.12,0.06,0.0,0.04,0.0,0.0,0.0,0.0,0.0,0.0,0.0,0.0,0.02,0.0
42,3,3,2,False,0.7908668378938023,0.0043175681679095135,3,qUCB,0.0,0.62,0.28,0.0,0.0,0.0,0.0,0.0,0.02,0.0,0.0,0.0,0.0,0.04,0.04
42,3,3,2,False,0.7908668378938023,0.0043175681679095135,4,qUCB,0.0,0.04,0.86,0.0,0.0,0.0,0.0,0.0,0.02,0.0,0.0,0.04,0.0,0.02,0.02
42,4,2,3,True,0.6571003526380018,0.5149592551648627,0,qEHVI,0.92,0.0,0.04,0.02,0.0,0.0,0.0,0.0,0.02,0.0,0.0,0.0,0.0,0.0,0.0
42,4,2,3,True,0.6571003526380018,0.5149592551648627,1,qEHVI,0.88,0.0,0.04,0.04,0.0,0.0,0.0,0.0,0.0,0.0,0.0,0.02,0.0,0.0,0.02
42,4,2,3,True,0.6571003526380018,0.5149592551648627,2,qUCB,0.0,0.62,0.28,0.0,0.0,0.0,0.0,0.0,0.02,0.0,0.0,0.0,0.0,0.04,0.04
42,4,2,3,True,0.6571003526380018,0.5149592551648627,3,qUCB,0.04,0.0,0.86,0.0,0.04,0.0,0.0,0.0,0.0,0.0,0.0,0.0,0.0,0.02,0.04
42,4,2,3,True,0.6571003526380018,0.5149592551648627,4,qUCB,0.16,0.7000000000000001,0.04,0.0,0.02,0.0,0.0,0.0,0.0,0.0,0.0,0.02,0.0,0.04,0.02
42,5,1,4,False,0.48696098757976547,0.0782331474618676,0,qEHVI,0.92,0.0,0.04,0.02,0.0,0.0,0.0,0.0,0.02,0.0,0.0,0.0,0.0,0.0,0.0
42,5,1,4,False,0.48696098757976547,0.0782331474618676,1,qUCB,0.0,0.62,0.28,0.0,0.0,0.0,0.0,0.0,0.02,0.0,0.0,0.0,0.0,0.04,0.04
42,5,1,4,False,0.48696098757976547,0.0782331474618676,2,qUCB,0.04,0.0,0.86,0.0,0.04,0.0,0.0,0.0,0.0,0.0,0.0,0.0,0.0,0.02,0.04
42,5,1,4,False,0.48696098757976547,0.0782331474618676,3,qUCB,0.2,0.66,0.04,0.0,0.0,0.0,0.0,0.0,0.0,0.0,0.0,0.04,0.0,0.02,0.04
42,5,1,4,False,0.48696098757976547,0.0782331474618676,4,qUCB,0.0,0.0,0.9400000000000001,0.02,0.0,0.0,0.0,0.0,0.0,0.0,0.0,0.0,0.0,0.0,0.04
42,6,0,5,False,0.8178007241558348,0.22728230956911588,0,qUCB,0.92,0.0,0.04,0.02,0.0,0.0,0.0,0.0,0.02,0.0,0.0,0.0,0.0,0.0,0.0
42,6,0,5,False,0.8178007241558348,0.22728230956911588,1,qUCB,0.1,0.02,0.86,0.0,0.02,0.0,0.0,0.0,0.0,0.0,0.0,0.0,0.0,0.0,0.0
42,6,0,5,False,0.8178007241558348,0.22728230956911588,2,qUCB,0.8,0.04,0.06,0.04,0.0,0.0,0.0,0.0,0.0,0.0,0.0,0.0,0.0,0.02,0.04
42,6,0,5,False,0.8178007241558348,0.22728230956911588,3,qUCB,0.0,0.62,0.28,0.04,0.02,0.0,0.0,0.0,0.0,0.0,0.0,0.02,0.0,0.02,0.0
42,6,0,5,False,0.8178007241558348,0.22728230956911588,4,qUCB,0.86,0.0,0.04,0.04,0.02,0.0,0.0,0.0,0.0,0.0,0.0,0.04,0.0,0.0,0.0
43,1,5,0,False,0.5368810010802316,0.12488408561033637,0,qEHVI,0.48,0.0,0.48,0.04,0.0,0.0,0.0,0.0,0.0,0.0,0.0,0.0,0.0,0.0,0.0
43,1,5,0,False,0.5368810010802316,0.12488408561033637,1,qEHVI,0.76,0.12,0.06,0.0,0.04,0.0,0.0,0.0,0.0,0.0,0.0,0.0,0.0,0.0,0.02
43,1,5,0,False,0.5368810010802316,0.12488408561033637,2,qEHVI,0.74,0.18,0.0,0.0,0.04,0.0,0.0,0.0,0.0,0.0,0.0,0.04,0.0,0.0,0.0
43,1,5,0,False,0.5368810010802316,0.12488408561033637,3,qEHVI,0.58,0.0,0.34,0.04,0.0,0.0,0.0,0.0,0.0,0.0,0.0,0.02,0.0,0.02,0.0
43,1,5,0,False,0.5368810010802316,0.12488408561033637,4,qEHVI,0.46,0.42,0.04,0.02,0.0,0.0,0.0,0.0,0.0,0.0,0.0,0.04,0.0,0.02,0.0
43,2,4,1,False,0.47646997863648133,0.05802190717987887,0,qEHVI,0.48,0.0,0.48,0.04,0.0,0.0,0.0,0.0,0.0,0.0,0.0,0.0,0.0,0.0,0.0
43,2,4,1,False,0.47646997863648133,0.05802190717987887,1,qEHVI,0.76,0.12,0.06,0.0,0.04,0.0,0.0,0.0,0.0,0.0,0.0,0.0,0.0,0.0,0.02
43,2,4,1,False,0.47646997863648133,0.05802190717987887,2,qEHVI,0.74,0.18,0.0,0.0,0.04,0.0,0.0,0.0,0.0,0.0,0.0,0.04,0.0,0.0,0.0
43,2,4,1,False,0.47646997863648133,0.05802190717987887,3,qEHVI,0.58,0.0,0.34,0.04,0.0,0.0,0.0,0.0,0.0,0.0,0.0,0.02,0.0,0.02,0.0
43,2,4,1,False,0.47646997863648133,0.05802190717987887,4,qUCB,0.78,0.06,0.06,0.0,0.0,0.0,0.0,0.0,0.04,0.0,0.0,0.0,0.0,0.04,0.02
43,3,3,2,False,0.4013373607912986,0.04773779791436339,0,qEHVI,0.48,0.0,0.48,0.04,0.0,0.0,0.0,0.0,0.0,0.0,0.0,0.0,0.0,0.0,0.0
43,3,3,2,False,0.4013373607912986,0.04773779791436339,1,qEHVI,0.76,0.12,0.06,0.0,0.04,0.0,0.0,0.0,0.0,0.0,0.0,0.0,0.0,0.0,0.02
43,3,3,2,False,0.4013373607912986,0.04773779791436339,2,qEHVI,0.58,0.0,0.34,0.04,0.0,0.0,0.0,0.0,0.0,0.0,0.0,0.02,0.0,0.02,0.0
43,3,3,2,False,0.4013373607912986,0.04773779791436339,3,qUCB,0.78,0.06,0.06,0.0,0.0,0.0,0.0,0.0,0.04,0.0,0.0,0.0,0.0,0.04,0.02
43,3,3,2,False,0.4013373607912986,0.04773779791436339,4,qUCB,0.0,0.84,0.06,0.04,0.02,0.0,0.0,0.0,0.04,0.0,0.0,0.0,0.0,0.0,0.0
43,4,2,3,True,0.355823687816504,0.07076456797393398,0,qEHVI,0.48,0.0,0.48,0.04,0.0,0.0,0.0,0.0,0.0,0.0,0.0,0.0,0.0,0.0,0.0
43,4,2,3,True,0.355823687816504,0.07076456797393398,1,qEHVI,0.76,0.12,0.06,0.0,0.04,0.0,0.0,0.0,0.0,0.0,0.0,0.0,0.0,0.0,0.02
43,4,2,3,True,0.355823687816504,0.07076456797393398,2,qUCB,0.46,0.44,0.0,0.0,0.0,0.0,0.0,0.0,0.0,0.0,0.0,0.04,0.0,0.04,0.02
43,4,2,3,True,0.355823687816504,0.07076456797393398,3,qUCB,0.2,0.52,0.18,0.0,0.0,0.0,0.0,0.0,0.04,0.0,0.0,0.04,0.0,0.02,0.0
43,4,2,3,True,0.355823687816504,0.07076456797393398,4,qUCB,0.0,0.0,0.92,0.0,0.02,0.0,0.0,0.0,0.0,0.0,0.0,0.04,0.0,0.02,0.0
43,5,1,4,False,0.2449248866073385,0.04621902138463696,0,qEHVI,0.48,0.0,0.48,0.04,0.0,0.0,0.0,0.0,0.0,0.0,0.0,0.0,0.0,0.0,0.0
43,5,1,4,False,0.2449248866073385,0.04621902138463696,1,qUCB,0.46,0.44,0.0,0.0,0.0,0.0,0.0,0.0,0.0,0.0,0.0,0.04,0.0,0.04,0.02
43,5,1,4,False,0.2449248866073385,0.04621902138463696,2,qUCB,0.22,0.56,0.12,0.0,0.04,0.0,0.0,0.0,0.02,0.0,0.0,0.0,0.0,0.0,0.04
43,5,1,4,False,0.2449248866073385,0.04621902138463696,3,qUCB,0.0,0.0,0.92,0.0,0.02,0.0,0.0,0.0,0.0,0.0,0.0,0.04,0.0,0.02,0.0
43,5,1,4,False,0.2449248866073385,0.04621902138463696,4,qUCB,0.2,0.52,0.18,0.0,0.0,0.0,0.0,0.0,0.04,0.0,0.0,0.04,0.0,0.02,0.0
43,6,0,5,False,0.1560878415665569,0.06098292570853214,0,qUCB,0.76,0.12,0.06,0.0,0.04,0.0,0.0,0.0,0.0,0.0,0.0,0.0,0.0,0.0,0.02
43,6,0,5,False,0.1560878415665569,0.06098292570853214,1,qUCB,0.66,0.0,0.26,0.04,0.0,0.0,0.0,0.0,0.0,0.0,0.0,0.04,0.0,0.0,0.0
43,6,0,5,False,0.1560878415665569,0.06098292570853214,2,qUCB,0.02,0.02,0.9400000000000001,0.0,0.0,0.0,0.0,0.0,0.02,0.0,0.0,0.0,0.0,0.0,0.0
43,6,0,5,False,0.1560878415665569,0.06098292570853214,3,qUCB,0.08,0.0,0.9,0.0,0.02,0.0,0.0,0.0,0.0,0.0,0.0,0.0,0.0,0.0,0.0
43,6,0,5,False,0.1560878415665569,0.06098292570853214,4,qUCB,0.8200000000000001,0.02,0.06,0.04,0.02,0.0,0.0,0.0,0.04,0.0,0.0,0.0,0.0,0.0,0.0
44,1,5,0,False,0.5067878468410233,0.040966029515558944,0,qEHVI,0.48,0.42,0.02,0.0,0.0,0.0,0.0,0.0,0.0,0.0,0.0,0.04,0.0,0.02,0.02
44,1,5,0,False,0.5067878468410233,0.040966029515558944,1,qEHVI,0.76,0.16,0.0,0.0,0.0,0.0,0.0,0.0,0.0,0.0,0.0,0.04,0.0,0.0,0.04
44,1,5,0,False,0.5067878468410233,0.040966029515558944,2,qEHVI,0.52,0.04,0.34,0.04,0.0,0.0,0.0,0.0,0.0,0.0,0.0,0.04,0.0,0.02,0.0
44,1,5,0,False,0.5067878468410233,0.040966029515558944,3,qEHVI,0.0,0.5,0.4,0.0,0.04,0.0,0.0,0.0,0.04,0.0,0.0,0.0,0.0,0.02,0.0
44,1,5,0,False,0.5067878468410233,0.040966029515558944,4,qEHVI,0.38,0.16,0.38,0.0,0.02,0.0,0.0,0.0,0.0,0.0,0.0,0.0,0.0,0.04,0.02
44,2,4,1,False,0.4839622214826741,0.012916710352241623,0,qEHVI,0.48,0.42,0.02,0.0,0.0,0.0,0.0,0.0,0.0,0.0,0.0,0.04,0.0,0.02,0.02
44,2,4,1,False,0.4839622214826741,0.012916710352241623,1,qEHVI,0.76,0.16,0.0,0.0,0.0,0.0,0.0,0.0,0.0,0.0,0.0,0.04,0.0,0.0,0.04
44,2,4,1,False,0.4839622214826741,0.012916710352241623,2,qEHVI,0.52,0.04,0.34,0.04,0.0,0.0,0.0,0.0,0.0,0.0,0.0,0.04,0.0,0.02,0.0
44,2,4,1,False,0.4839622214826741,0.012916710352241623,3,qEHVI,0.0,0.5,0.4,0.0,0.04,0.0,0.0,0.0,0.04,0.0,0.0,0.0,0.0,0.02,0.0
44,2,4,1,False,0.4839622214826741,0.012916710352241623,4,qUCB,0.8,0.04,0.06,0.04,0.04,0.0,0.0,0.0,0.02,0.0,0.0,0.0,0.0,0.0,0.0
44,3,3,2,True,0.4110572459935865,0.13166314124223177,0,qEHVI,0.48,0.42,0.02,0.0,0.0,0.0,0.0,0.0,0.0,0.0,0.0,0.04,0.0,0.02,0.02
44,3,3,2,True,0.4110572459935865,0.13166314124223177,1,qEHVI,0.76,0.16,0.0,0.0,0.0,0.0,0.0,0.0,0.0,0.0,0.0,0.04,0.0,0.0,0.04
44,3,3,2,True,0.4110572459935865,0.13166314124223177,2,qEHVI,0.52,0.04,0.34,0.04,0.0,0.0,0.0,0.0,0.0,0.0,0.0,0.04,0.0,0.02,0.0
44,3,3,2,True,0.4110572459935865,0.13166314124223177,3,qUCB,0.84,0.02,0.06,0.0,0.04,0.0,0.0,0.0,0.04,0.0,0.0,0.0,0.0,0.0,0.0
44,3,3,2,True,0.4110572459935865,0.13166314124223177,4,qUCB,0.2,0.02,0.7000000000000001,0.0,0.04,0.0,0.0,0.0,0.04,0.0,0.0,0.0,0.0,0.0,0.0
44,4,2,3,False,0.32096240678893034,0.059657612563733586,0,qEHVI,0.48,0.42,0.02,0.0,0.0,0.0,0.0,0.0,0.0,0.0,0.0,0.04,0.0,0.02,0.02
44,4,2,3,False,0.32096240678893034,0.059657612563733586,1,qEHVI,0.76,0.16,0.0,0.0,0.0,0.0,0.0,0.0,0.0,0.0,0.0,0.04,0.0,0.0,0.04
44,4,2,3,False,0.32096240678893034,0.059657612563733586,2,qUCB,0.38,0.1,0.42,0.02,0.04,0.0,0.0,0.0,0.04,0.0,0.0,0.0,0.0,0.0,0.0
44,4,2,3,False,0.32096240678893034,0.059657612563733586,3,qUCB,0.0,0.06,0.84,0.04,0.0,0.0,0.0,0.0,0.04,0.0,0.0,0.0,0.0,0.02,0.0
44,4,2,3,False,0.32096240678893034,0.059657612563733586,4,qUCB,0.64,0.0,0.26,0.04,0.02,0.0,0.0,0.0,0.04,0.0,0.0,0.0,0.0,0.0,0.0
44,5,1,4,False,0.23281870492857532,0.04191668989474273,0,qEHVI,0.48,0.42,0.02,0.0,0.0,0.0,0.0,0.0,0.0,0.0,0.0,0.04,0.0,0.02,0.02
44,5,1,4,False,0.23281870492857532,0.04191668989474273,1,qUCB,0.38,0.1,0.42,0.02,0.04,0.0,0.0,0.0,0.04,0.0,0.0,0.0,0.0,0.0,0.0
44,5,1,4,False,0.23281870492857532,0.04191668989474273,2,qUCB,0.0,0.06,0.84,0.04,0.0,0.0,0.0,0.0,0.04,0.0,0.0,0.0,0.0,0.02,0.0
44,5,1,4,False,0.23281870492857532,0.04191668989474273,3,qUCB,0.64,0.0,0.26,0.04,0.02,0.0,0.0,0.0,0.04,0.0,0.0,0.0,0.0,0.0,0.0
44,5,1,4,False,0.23281870492857532,0.04191668989474273,4,qUCB,0.8,0.04,0.06,0.04,0.04,0.0,0.0,0.0,0.02,0.0,0.0,0.0,0.0,0.0,0.0
44,6,0,5,False,0.20789454625067286,0.006027491194182888,0,qUCB,0.48,0.42,0.02,0.0,0.0,0.0,0.0,0.0,0.0,0.0,0.0,0.04,0.0,0.02,0.02
44,6,0,5,False,0.20789454625067286,0.006027491194182888,1,qUCB,0.78,0.06,0.06,0.04,0.0,0.0,0.0,0.0,0.0,0.0,0.0,0.04,0.0,0.0,0.02
44,6,0,5,False,0.20789454625067286,0.006027491194182888,2,qUCB,0.66,0.0,0.26,0.04,0.02,0.0,0.0,0.0,0.02,0.0,0.0,0.0,0.0,0.0,0.0
44,6,0,5,False,0.20789454625067286,0.006027491194182888,3,qUCB,0.24,0.54,0.12,0.0,0.0,0.0,0.0,0.0,0.04,0.0,0.0,0.04,0.0,0.02,0.0
44,6,0,5,False,0.20789454625067286,0.006027491194182888,4,qUCB,0.0,0.06,0.84,0.04,0.0,0.0,0.0,0.0,0.04,0.0,0.0,0.0,0.0,0.02,0.0
45,1,5,0,False,0.598503946759118,0.011168783245058655,0,qEHVI,0.54,0.0,0.44,0.02,0.0,0.0,0.0,0.0,0.0,0.0,0.0,0.0,0.0,0.0,0.0
45,1,5,0,False,0.598503946759118,0.011168783245058655,1,qEHVI,0.68,0.24,0.06,0.0,0.0,0.0,0.0,0.0,0.0,0.0,0.0,0.02,0.0,0.0,0.0
45,1,5,0,False,0.598503946759118,0.011168783245058655,2,qEHVI,0.0,0.34,0.56,0.04,0.02,0.0,0.0,0.0,0.0,0.0,0.0,0.04,0.0,0.0,0.0
45,1,5,0,False,0.598503946759118,0.011168783245058655,3,qEHVI,0.38,0.12,0.4,0.02,0.0,0.0,0.0,0.0,0.04,0.0,0.0,0.0,0.0,0.04,0.0
45,1,5,0,False,0.598503946759118,0.011168783245058655,4,qEHVI,0.62,0.0,0.3,0.0,0.02,0.0,0.0,0.0,0.0,0.0,0.0,0.02,0.0,0.04,0.0
45,2,4,1,True,0.5172578678793652,0.065500008282112,0,qEHVI,0.54,0.0,0.44,0.02,0.0,0.0,0.0,0.0,0.0,0.0,0.0,0.0,0.0,0.0,0.0
45,2,4,1,True,0.5172578678793652,0.065500008282112,1,qEHVI,0.0,0.34,0.56,0.04,0.02,0.0,0.0,0.0,0.0,0.0,0.0,0.04,0.0,0.0,0.0
45,2,4,1,True,0.5172578678793652,0.065500008282112,2,qEHVI,0.68,0.24,0.06,0.0,0.0,0.0,0.0,0.0,0.0,0.0,0.0,0.02,0.0,0.0,0.0
45,2,4,1,True,0.5172578678793652,0.065500008282112,3,qEHVI,0.38,0.12,0.4,0.02,0.0,0.0,0.0,0.0,0.04,0.0,0.0,0.0,0.0,0.04,0.0
45,2,4,1,True,0.5172578678793652,0.065500008282112,4,qUCB,0.4,0.08,0.42,0.0,0.04,0.0,0.0,0.0,0.0,0.0,0.0,0.02,0.0,0.0,0.04
45,3,3,2,False,0.4885573850545487,0.0673556589732176,0,qEHVI,0.54,0.0,0.44,0.02,0.0,0.0,0.0,0.0,0.0,0.0,0.0,0.0,0.0,0.0,0.0
45,3,3,2,False,0.4885573850545487,0.0673556589732176,1,qEHVI,0.0,0.34,0.56,0.04,0.02,0.0,0.0,0.0,0.0,0.0,0.0,0.04,0.0,0.0,0.0
45,3,3,2,False,0.4885573850545487,0.0673556589732176,2,qEHVI,0.68,0.24,0.06,0.0,0.0,0.0,0.0,0.0,0.0,0.0,0.0,0.02,0.0,0.0,0.0
45,3,3,2,False,0.4885573850545487,0.0673556589732176,3,qUCB,0.4,0.16,0.34,0.0,0.0,0.0,0.0,0.0,0.04,0.0,0.0,0.0,0.0,0.04,0.02
45,3,3,2,False,0.4885573850545487,0.0673556589732176,4,qUCB,0.02,0.84,0.04,0.04,0.0,0.0,0.0,0.0,0.02,0.0,0.0,0.0,0.0,0.04,0.0
45,4,2,3,False,0.382926979253867,0.09704855784852295,0,qEHVI,0.54,0.0,0.44,0.02,0.0,0.0,0.0,0.0,0.0,0.0,0.0,0.0,0.0,0.0,0.0
45,4,2,3,False,0.382926979253867,0.09704855784852295,1,qEHVI,0.0,0.34,0.56,0.04,0.02,0.0,0.0,0.0,0.0,0.0,0.0,0.04,0.0,0.0,0.0
45,4,2,3,False,0.382926979253867,0.09704855784852295,2,qUCB,0.52,0.38,0.0,0.0,0.02,0.0,0.0,0.0,0.0,0.0,0.0,0.04,0.0,0.0,0.04
45,4,2,3,False,0.382926979253867,0.09704855784852295,3,qUCB,0.0,0.9,0.0,0.0,0.04,0.0,0.0,0.0,0.04,0.0,0.0,0.0,0.0,0.02,0.0
45,4,2,3,False,0.382926979253867,0.09704855784852295,4,qUCB,0.0,0.8,0.1,0.04,0.0,0.0,0.0,0.0,0.0,0.0,0.0,0.0,0.0,0.02,0.04
45,5,1,4,False,0.2939057045827499,0.02997292672172014,0,qEHVI,0.54,0.0,0.44,0.02,0.0,0.0,0.0,0.0,0.0,0.0,0.0,0.0,0.0,0.0,0.0
45,5,1,4,False,0.2939057045827499,0.02997292672172014,1,qUCB,0.52,0.38,0.0,0.0,0.02,0.0,0.0,0.0,0.0,0.0,0.0,0.04,0.0,0.0,0.04
45,5,1,4,False,0.2939057045827499,0.02997292672172014,2,qUCB,0.0,0.9,0.0,0.0,0.04,0.0,0.0,0.0,0.04,0.0,0.0,0.0,0.0,0.02,0.0
45,5,1,4,False,0.2939057045827499,0.02997292672172014,3,qUCB,0.22,0.56,0.12,0.0,0.0,0.0,0.0,0.0,0.0,0.0,0.0,0.04,0.0,0.04,0.02
45,5,1,4,False,0.2939057045827499,0.02997292672172014,4,qUCB,0.02,0.8200000000000001,0.06,0.04,0.0,0.0,0.0,0.0,0.02,0.0,0.0,0.0,0.0,0.0,0.04
45,6,0,5,False,0.23502030736851412,0.06689946459417051,0,qUCB,0.52,0.38,0.0,0.0,0.02,0.0,0.0,0.0,0.0,0.0,0.0,0.04,0.0,0.0,0.04
45,6,0,5,False,0.23502030736851412,0.06689946459417051,1,qUCB,0.66,0.0,0.26,0.04,0.0,0.0,0.0,0.0,0.0,0.0,0.0,0.04,0.0,0.0,0.0
45,6,0,5,False,0.23502030736851412,0.06689946459417051,2,qUCB,0.78,0.06,0.06,0.04,0.02,0.0,0.0,0.0,0.0,0.0,0.0,0.0,0.0,0.0,0.04
45,6,0,5,False,0.23502030736851412,0.06689946459417051,3,qUCB,0.74,0.04,0.14,0.04,0.0,0.0,0.0,0.0,0.0,0.0,0.0,0.02,0.0,0.02,0.0
45,6,0,5,False,0.23502030736851412,0.06689946459417051,4,qUCB,0.0,0.84,0.08,0.04,0.0,0.0,0.0,0.0,0.02,0.0,0.0,0.02,0.0,0.0,0.0
46,1,5,0,True,1.7840844886616665,0.26081499788071927,0,qEHVI,0.0,0.52,0.44,0.02,0.0,0.0,0.0,0.0,0.0,0.0,0.0,0.0,0.0,0.02,0.0
46,1,5,0,True,1.7840844886616665,0.26081499788071927,1,qEHVI,0.36,0.16,0.38,0.0,0.02,0.0,0.0,0.0,0.0,0.0,0.0,0.04,0.0,0.0,0.04
46,1,5,0,True,1.7840844886616665,0.26081499788071927,2,qEHVI,0.42,0.16,0.36,0.02,0.0,0.0,0.0,0.0,0.02,0.0,0.0,0.0,0.0,0.0,0.02
46,1,5,0,True,1.7840844886616665,0.26081499788071927,3,qEHVI,0.0,0.52,0.42,0.04,0.02,0.0,0.0,0.0,0.0,0.0,0.0,0.0,0.0,0.0,0.0
46,1,5,0,True,1.7840844886616665,0.26081499788071927,4,qEHVI,0.4,0.24,0.3,0.0,0.0,0.0,0.0,0.0,0.04,0.0,0.0,0.02,0.0,0.0,0.0
46,2,4,1,False,1.6616509544174678,0.14370410152171287,0,qEHVI,0.0,0.52,0.44,0.02,0.0,0.0,0.0,0.0,0.0,0.0,0.0,0.0,0.0,0.02,0.0
46,2,4,1,False,1.6616509544174678,0.14370410152171287,1,qEHVI,0.36,0.16,0.38,0.0,0.02,0.0,0.0,0.0,0.0,0.0,0.0,0.04,0.0,0.0,0.04
46,2,4,1,False,1.6616509544174678,0.14370410152171287,2,qEHVI,0.42,0.16,0.36,0.02,0.0,0.0,0.0,0.0,0.02,0.0,0.0,0.0,0.0,0.0,0.02
46,2,4,1,False,1.6616509544174678,0.14370410152171287,3,qEHVI,0.0,0.52,0.42,0.04,0.02,0.0,0.0,0.0,0.0,0.0,0.0,0.0,0.0,0.0,0.0
46,2,4,1,False,1.6616509544174678,0.14370410152171287,4,qUCB,0.76,0.08,0.06,0.02,0.0,0.0,0.0,0.0,0.0,0.0,0.0,0.04,0.0,0.04,0.0
46,3,3,2,False,1.5487498327126161,0.4386864648699147,0,qEHVI,0.0,0.52,0.44,0.02,0.0,0.0,0.0,0.0,0.0,0.0,0.0,0.0,0.0,0.02,0.0
46,3,3,2,False,1.5487498327126161,0.4386864648699147,1,qEHVI,0.36,0.16,0.38,0.0,0.02,0.0,0.0,0.0,0.0,0.0,0.0,0.04,0.0,0.0,0.04
46,3,3,2,False,1.5487498327126161,0.4386864648699147,2,qEHVI,0.42,0.16,0.36,0.02,0.0,0.0,0.0,0.0,0.02,0.0,0.0,0.0,0.0,0.0,0.02
46,3,3,2,False,1.5487498327126161,0.4386864648699147,3,qUCB,0.76,0.08,0.06,0.02,0.0,0.0,0.0,0.0,0.0,0.0,0.0,0.04,0.0,0.04,0.0
46,3,3,2,False,1.5487498327126161,0.4386864648699147,4,qUCB,0.78,0.1,0.04,0.04,0.04,0.0,0.0,0.0,0.0,0.0,0.0,0.0,0.0,0.0,0.0
46,4,2,3,False,1.3869595199139173,0.05753615556379099,0,qEHVI,0.0,0.52,0.44,0.02,0.0,0.0,0.0,0.0,0.0,0.0,0.0,0.0,0.0,0.02,0.0
46,4,2,3,False,1.3869595199139173,0.05753615556379099,1,qEHVI,0.36,0.16,0.38,0.0,0.02,0.0,0.0,0.0,0.0,0.0,0.0,0.04,0.0,0.0,0.04
46,4,2,3,False,1.3869595199139173,0.05753615556379099,2,qUCB,0.76,0.1,0.06,0.04,0.04,0.0,0.0,0.0,0.0,0.0,0.0,0.0,0.0,0.0,0.0
46,4,2,3,False,1.3869595199139173,0.05753615556379099,3,qUCB,0.42,0.08,0.42,0.0,0.04,0.0,0.0,0.0,0.04,0.0,0.0,0.0,0.0,0.0,0.0
46,4,2,3,False,1.3869595199139173,0.05753615556379099,4,qUCB,0.78,0.1,0.04,0.04,0.04,0.0,0.0,0.0,0.0,0.0,0.0,0.0,0.0,0.0,0.0
46,5,1,4,False,1.194802015893619,0.11592772046412403,0,qEHVI,0.0,0.52,0.44,0.02,0.0,0.0,0.0,0.0,0.0,0.0,0.0,0.0,0.0,0.02,0.0
46,5,1,4,False,1.194802015893619,0.11592772046412403,1,qUCB,0.44,0.42,0.04,0.0,0.04,0.0,0.0,0.0,0.0,0.0,0.0,0.04,0.0,0.0,0.02
46,5,1,4,False,1.194802015893619,0.11592772046412403,2,qUCB,0.76,0.08,0.06,0.04,0.02,0.0,0.0,0.0,0.0,0.0,0.0,0.04,0.0,0.0,0.0
46,5,1,4,False,1.194802015893619,0.11592772046412403,3,qUCB,0.64,0.08,0.18,0.0,0.04,0.0,0.0,0.0,0.0,0.0,0.0,0.04,0.0,0.0,0.02
46,5,1,4,False,1.194802015893619,0.11592772046412403,4,qUCB,0.78,0.1,0.04,0.04,0.04,0.0,0.0,0.0,0.0,0.0,0.0,0.0,0.0,0.0,0.0
46,6,0,5,False,1.3326920745234472,0.5381708007711845,0,qUCB,0.44,0.42,0.04,0.0,0.04,0.0,0.0,0.0,0.0,0.0,0.0,0.04,0.0,0.0,0.02
46,6,0,5,False,1.3326920745234472,0.5381708007711845,1,qUCB,0.0,0.52,0.44,0.02,0.0,0.0,0.0,0.0,0.0,0.0,0.0,0.0,0.0,0.02,0.0
46,6,0,5,False,1.3326920745234472,0.5381708007711845,2,qUCB,0.76,0.08,0.06,0.04,0.02,0.0,0.0,0.0,0.0,0.0,0.0,0.04,0.0,0.0,0.0
46,6,0,5,False,1.3326920745234472,0.5381708007711845,3,qUCB,0.2,0.44,0.26,0.04,0.02,0.0,0.0,0.0,0.0,0.0,0.0,0.0,0.0,0.02,0.02
46,6,0,5,False,1.3326920745234472,0.5381708007711845,4,qUCB,0.0,0.8,0.18,0.0,0.0,0.0,0.0,0.0,0.0,0.0,0.0,0.0,0.0,0.02,0.0
47,1,5,0,False,1.1951111422871308,0.07960114409640195,0,qEHVI,0.0,0.48,0.5,0.0,0.0,0.0,0.0,0.0,0.0,0.0,0.0,0.02,0.0,0.0,0.0
47,1,5,0,False,1.1951111422871308,0.07960114409640195,1,qEHVI,0.0,0.56,0.38,0.04,0.0,0.0,0.0,0.0,0.0,0.0,0.0,0.0,0.0,0.02,0.0
47,1,5,0,False,1.1951111422871308,0.07960114409640195,2,qEHVI,0.42,0.2,0.34,0.0,0.0,0.0,0.0,0.0,0.0,0.0,0.0,0.02,0.0,0.0,0.02
47,1,5,0,False,1.1951111422871308,0.07960114409640195,3,qEHVI,0.42,0.0,0.48,0.02,0.04,0.0,0.0,0.0,0.0,0.0,0.0,0.02,0.0,0.0,0.02
47,1,5,0,False,1.1951111422871308,0.07960114409640195,4,qEHVI,0.0,0.56,0.42,0.0,0.02,0.0,0.0,0.0,0.0,0.0,0.0,0.0,0.0,0.0,0.0
47,2,4,1,False,1.0808842988990954,0.03327142044552733,0,qEHVI,0.0,0.48,0.5,0.0,0.0,0.0,0.0,0.0,0.0,0.0,0.0,0.02,0.0,0.0,0.0
47,2,4,1,False,1.0808842988990954,0.03327142044552733,1,qEHVI,0.0,0.56,0.38,0.04,0.0,0.0,0.0,0.0,0.0,0.0,0.0,0.0,0.0,0.02,0.0
47,2,4,1,False,1.0808842988990954,0.03327142044552733,2,qEHVI,0.42,0.2,0.34,0.0,0.0,0.0,0.0,0.0,0.0,0.0,0.0,0.02,0.0,0.0,0.02
47,2,4,1,False,1.0808842988990954,0.03327142044552733,3,qEHVI,0.42,0.0,0.48,0.02,0.04,0.0,0.0,0.0,0.0,0.0,0.0,0.02,0.0,0.0,0.02
47,2,4,1,False,1.0808842988990954,0.03327142044552733,4,qUCB,0.42,0.44,0.04,0.0,0.02,0.0,0.0,0.0,0.0,0.0,0.0,0.04,0.0,0.04,0.0
47,3,3,2,False,0.875116859856063,0.06613673463601266,0,qEHVI,0.0,0.48,0.5,0.0,0.0,0.0,0.0,0.0,0.0,0.0,0.0,0.02,0.0,0.0,0.0
47,3,3,2,False,0.875116859856063,0.06613673463601266,1,qEHVI,0.0,0.56,0.38,0.04,0.0,0.0,0.0,0.0,0.0,0.0,0.0,0.0,0.0,0.02,0.0
47,3,3,2,False,0.875116859856063,0.06613673463601266,2,qEHVI,0.42,0.2,0.34,0.0,0.0,0.0,0.0,0.0,0.0,0.0,0.0,0.02,0.0,0.0,0.02
47,3,3,2,False,0.875116859856063,0.06613673463601266,3,qUCB,0.76,0.08,0.06,0.04,0.04,0.0,0.0,0.0,0.02,0.0,0.0,0.0,0.0,0.0,0.0
47,3,3,2,False,0.875116859856063,0.06613673463601266,4,qUCB,0.18,0.62,0.12,0.0,0.04,0.0,0.0,0.0,0.0,0.0,0.0,0.0,0.0,0.04,0.0
47,4,2,3,True,0.7149324660517351,0.20885804590489876,0,qEHVI,0.0,0.48,0.5,0.0,0.0,0.0,0.0,0.0,0.0,0.0,0.0,0.02,0.0,0.0,0.0
47,4,2,3,True,0.7149324660517351,0.20885804590489876,1,qEHVI,0.0,0.56,0.38,0.04,0.0,0.0,0.0,0.0,0.0,0.0,0.0,0.0,0.0,0.02,0.0
47,4,2,3,True,0.7149324660517351,0.20885804590489876,2,qUCB,0.8200000000000001,0.04,0.04,0.0,0.04,0.0,0.0,0.0,0.0,0.0,0.0,0.02,0.0,0.0,0.04
47,4,2,3,True,0.7149324660517351,0.20885804590489876,3,qUCB,0.72,0.12,0.06,0.04,0.02,0.0,0.0,0.0,0.0,0.0,0.0,0.04,0.0,0.0,0.0
47,4,2,3,True,0.7149324660517351,0.20885804590489876,4,qUCB,0.58,0.14,0.18,0.0,0.04,0.0,0.0,0.0,0.02,0.0,0.0,0.0,0.0,0.0,0.04
47,5,1,4,False,0.47087928623305697,0.04542081203678272,0,qEHVI,0.0,0.48,0.5,0.0,0.0,0.0,0.0,0.0,0.0,0.0,0.0,0.02,0.0,0.0,0.0
47,5,1,4,False,0.47087928623305697,0.04542081203678272,1,qUCB,0.74,0.1,0.06,0.04,0.0,0.0,0.0,0.0,0.0,0.0,0.0,0.0,0.0,0.04,0.02
47,5,1,4,False,0.47087928623305697,0.04542081203678272,2,qUCB,0.7000000000000001,0.06,0.14,0.04,0.02,0.0,0.0,0.0,0.0,0.0,0.0,0.0,0.0,0.0,0.04
47,5,1,4,False,0.47087928623305697,0.04542081203678272,3,qUCB,0.26,0.38,0.26,0.04,0.04,0.0,0.0,0.0,0.0,0.0,0.0,0.0,0.0,0.02,0.0
47,5,1,4,False,0.47087928623305697,0.04542081203678272,4,qUCB,0.1,0.48,0.32,0.04,0.0,0.0,0.0,0.0,0.04,0.0,0.0,0.0,0.0,0.02,0.0
47,6,0,5,False,0.3997459800879863,0.03645298154052412,0,qUCB,0.46,0.42,0.02,0.0,0.02,0.0,0.0,0.0,0.0,0.0,0.0,0.04,0.0,0.0,0.04
47,6,0,5,False,0.3997459800879863,0.03645298154052412,1,qUCB,0.18,0.44,0.28,0.04,0.0,0.0,0.0,0.0,0.0,0.0,0.0,0.04,0.0,0.02,0.0
47,6,0,5,False,0.3997459800879863,0.03645298154052412,2,qUCB,0.0,0.62,0.32,0.04,0.02,0.0,0.0,0.0,0.0,0.0,0.0,0.0,0.0,0.0,0.0
47,6,0,5,False,0.3997459800879863,0.03645298154052412,3,qUCB,0.0,0.86,0.08,0.04,0.0,0.0,0.0,0.0,0.02,0.0,0.0,0.0,0.0,0.0,0.0
47,6,0,5,False,0.3997459800879863,0.03645298154052412,4,qUCB,0.04,0.9400000000000001,0.0,0.0,0.02,0.0,0.0,0.0,0.0,0.0,0.0,0.0,0.0,0.0,0.0
48,1,5,0,True,0.7043659201027573,0.10455889042613165,0,qEHVI,0.0,0.98,0.0,0.0,0.0,0.0,0.0,0.0,0.0,0.0,0.0,0.02,0.0,0.0,0.0
48,1,5,0,True,0.7043659201027573,0.10455889042613165,1,qEHVI,0.22,0.0,0.68,0.0,0.02,0.0,0.0,0.0,0.02,0.0,0.0,0.04,0.0,0.02,0.0
48,1,5,0,True,0.7043659201027573,0.10455889042613165,2,qEHVI,0.38,0.2,0.34,0.0,0.0,0.0,0.0,0.0,0.0,0.0,0.0,0.04,0.0,0.02,0.02
48,1,5,0,True,0.7043659201027573,0.10455889042613165,3,qEHVI,0.64,0.2,0.06,0.0,0.02,0.0,0.0,0.0,0.0,0.0,0.0,0.04,0.0,0.0,0.04
48,1,5,0,True,0.7043659201027573,0.10455889042613165,4,qEHVI,0.0,0.5,0.5,0.0,0.0,0.0,0.0,0.0,0.0,0.0,0.0,0.0,0.0,0.0,0.0
48,2,4,1,False,0.5986488073459059,0.029534127634287533,0,qEHVI,0.0,0.98,0.0,0.0,0.0,0.0,0.0,0.0,0.0,0.0,0.0,0.02,0.0,0.0,0.0
48,2,4,1,False,0.5986488073459059,0.029534127634287533,1,qEHVI,0.24,0.0,0.68,0.0,0.04,0.0,0.0,0.0,0.02,0.0,0.0,0.0,0.0,0.02,0.0
48,2,4,1,False,0.5986488073459059,0.029534127634287533,2,qEHVI,0.38,0.2,0.34,0.0,0.0,0.0,0.0,0.0,0.0,0.0,0.0,0.04,0.0,0.02,0.02
48,2,4,1,False,0.5986488073459059,0.029534127634287533,3,qEHVI,0.64,0.2,0.06,0.0,0.02,0.0,0.0,0.0,0.0,0.0,0.0,0.04,0.0,0.0,0.04
48,2,4,1,False,0.5986488073459059,0.029534127634287533,4,qUCB,0.42,0.1,0.38,0.04,0.0,0.0,0.0,0.0,0.04,0.0,0.0,0.0,0.0,0.0,0.02
48,3,3,2,False,0.563939718235139,0.04146881141233205,0,qEHVI,0.0,0.98,0.0,0.0,0.0,0.0,0.0,0.0,0.0,0.0,0.0,0.02,0.0,0.0,0.0
48,3,3,2,False,0.563939718235139,0.04146881141233205,1,qEHVI,0.24,0.0,0.68,0.0,0.04,0.0,0.0,0.0,0.02,0.0,0.0,0.0,0.0,0.02,0.0
48,3,3,2,False,0.563939718235139,0.04146881141233205,2,qEHVI,0.36,0.14,0.44,0.02,0.0,0.0,0.0,0.0,0.0,0.0,0.0,0.0,0.0,0.02,0.02
48,3,3,2,False,0.563939718235139,0.04146881141233205,3,qUCB,0.48,0.4,0.02,0.0,0.04,0.0,0.0,0.0,0.0,0.0,0.0,0.04,0.0,0.0,0.02
48,3,3,2,False,0.563939718235139,0.04146881141233205,4,qUCB,0.18,0.44,0.28,0.04,0.0,0.0,0.0,0.0,0.02,0.0,0.0,0.04,0.0,0.0,0.0
48,4,2,3,False,0.47871767415876626,0.2567203099201805,0,qEHVI,0.0,0.98,0.0,0.0,0.0,0.0,0.0,0.0,0.0,0.0,0.0,0.02,0.0,0.0,0.0
48,4,2,3,False,0.47871767415876626,0.2567203099201805,1,qEHVI,0.24,0.0,0.68,0.0,0.04,0.0,0.0,0.0,0.02,0.0,0.0,0.0,0.0,0.02,0.0
48,4,2,3,False,0.47871767415876626,0.2567203099201805,2,qUCB,0.78,0.08,0.06,0.04,0.0,0.0,0.0,0.0,0.0,0.0,0.0,0.0,0.0,0.0,0.04
48,4,2,3,False,0.47871767415876626,0.2567203099201805,3,qUCB,0.36,0.12,0.42,0.04,0.0,0.0,0.0,0.0,0.0,0.0,0.0,0.02,0.0,0.0,0.04
48,4,2,3,False,0.47871767415876626,0.2567203099201805,4,qUCB,0.28,0.34,0.28,0.04,0.0,0.0,0.0,0.0,0.0,0.0,0.0,0.0,0.0,0.02,0.04
48,5,1,4,False,0.34097084163102387,0.03891695092179681,0,qEHVI,0.0,0.98,0.0,0.0,0.0,0.0,0.0,0.0,0.0,0.0,0.0,0.02,0.0,0.0,0.0
48,5,1,4,False,0.34097084163102387,0.03891695092179681,1,qUCB,0.48,0.0,0.42,0.0,0.02,0.0,0.0,0.0,0.0,0.0,0.0,0.0,0.0,0.04,0.04
48,5,1,4,False,0.34097084163102387,0.03891695092179681,2,qUCB,0.76,0.08,0.06,0.04,0.02,0.0,0.0,0.0,0.0,0.0,0.0,0.0,0.0,0.04,0.0
48,5,1,4,False,0.34097084163102387,0.03891695092179681,3,qUCB,0.62,0.02,0.26,0.04,0.02,0.0,0.0,0.0,0.0,0.0,0.0,0.0,0.0,0.0,0.04
48,5,1,4,False,0.34097084163102387,0.03891695092179681,4,qUCB,0.74,0.04,0.12,0.04,0.0,0.0,0.0,0.0,0.04,0.0,0.0,0.0,0.0,0.02,0.0
48,6,0,5,False,0.3815428371147279,0.021574752512163897,0,qUCB,0.54,0.4,0.0,0.0,0.02,0.0,0.0,0.0,0.0,0.0,0.0,0.04,0.0,0.0,0.0
48,6,0,5,False,0.3815428371147279,0.021574752512163897,1,qUCB,0.0,0.98,0.0,0.0,0.0,0.0,0.0,0.0,0.0,0.0,0.0,0.02,0.0,0.0,0.0
48,6,0,5,False,0.3815428371147279,0.021574752512163897,2,qUCB,0.26,0.44,0.24,0.04,0.0,0.0,0.0,0.0,0.0,0.0,0.0,0.02,0.0,0.0,0.0
48,6,0,5,False,0.3815428371147279,0.021574752512163897,3,qUCB,0.18,0.44,0.28,0.04,0.0,0.0,0.0,0.0,0.02,0.0,0.0,0.04,0.0,0.0,0.0
48,6,0,5,False,0.3815428371147279,0.021574752512163897,4,qUCB,0.16,0.48,0.26,0.04,0.04,0.0,0.0,0.0,0.0,0.0,0.0,0.0,0.0,0.0,0.02
49,1,5,0,True,0.6427840143681326,0.0488463239959529,0,qEHVI,0.5,0.44,0.0,0.0,0.02,0.0,0.0,0.0,0.0,0.0,0.0,0.04,0.0,0.0,0.0
49,1,5,0,True,0.6427840143681326,0.0488463239959529,1,qEHVI,0.78,0.08,0.06,0.04,0.02,0.0,0.0,0.0,0.0,0.0,0.0,0.02,0.0,0.0,0.0
49,1,5,0,True,0.6427840143681326,0.0488463239959529,2,qEHVI,0.74,0.1,0.06,0.0,0.02,0.0,0.0,0.0,0.0,0.0,0.0,0.04,0.0,0.0,0.04
49,1,5,0,True,0.6427840143681326,0.0488463239959529,3,qEHVI,0.42,0.16,0.32,0.02,0.02,0.0,0.0,0.0,0.0,0.0,0.0,0.02,0.0,0.04,0.0
49,1,5,0,True,0.6427840143681326,0.0488463239959529,4,qEHVI,0.44,0.0,0.46,0.02,0.0,0.0,0.0,0.0,0.04,0.0,0.0,0.0,0.0,0.02,0.02
49,2,4,1,False,0.6300467427829355,0.03368753471711905,0,qEHVI,0.5,0.44,0.0,0.0,0.02,0.0,0.0,0.0,0.0,0.0,0.0,0.04,0.0,0.0,0.0
49,2,4,1,False,0.6300467427829355,0.03368753471711905,1,qEHVI,0.78,0.08,0.06,0.04,0.02,0.0,0.0,0.0,0.0,0.0,0.0,0.02,0.0,0.0,0.0
49,2,4,1,False,0.6300467427829355,0.03368753471711905,2,qEHVI,0.74,0.1,0.06,0.0,0.02,0.0,0.0,0.0,0.0,0.0,0.0,0.04,0.0,0.0,0.04
49,2,4,1,False,0.6300467427829355,0.03368753471711905,3,qEHVI,0.42,0.16,0.32,0.02,0.02,0.0,0.0,0.0,0.0,0.0,0.0,0.02,0.0,0.04,0.0
49,2,4,1,False,0.6300467427829355,0.03368753471711905,4,qUCB,0.38,0.14,0.38,0.0,0.0,0.0,0.0,0.0,0.04,0.0,0.0,0.0,0.0,0.02,0.04
49,3,3,2,False,0.5104571419769187,0.024214832745980353,0,qEHVI,0.5,0.44,0.0,0.0,0.02,0.0,0.0,0.0,0.0,0.0,0.0,0.04,0.0,0.0,0.0
49,3,3,2,False,0.5104571419769187,0.024214832745980353,1,qEHVI,0.78,0.08,0.06,0.04,0.02,0.0,0.0,0.0,0.0,0.0,0.0,0.02,0.0,0.0,0.0
49,3,3,2,False,0.5104571419769187,0.024214832745980353,2,qEHVI,0.74,0.1,0.06,0.0,0.02,0.0,0.0,0.0,0.0,0.0,0.0,0.04,0.0,0.0,0.04
49,3,3,2,False,0.5104571419769187,0.024214832745980353,3,qUCB,0.42,0.06,0.42,0.0,0.0,0.0,0.0,0.0,0.04,0.0,0.0,0.0,0.0,0.04,0.02
49,3,3,2,False,0.5104571419769187,0.024214832745980353,4,qUCB,0.04,0.78,0.08,0.04,0.0,0.0,0.0,0.0,0.04,0.0,0.0,0.0,0.0,0.0,0.02
49,4,2,3,False,0.4906399587427656,0.012485685623332188,0,qEHVI,0.5,0.44,0.0,0.0,0.02,0.0,0.0,0.0,0.0,0.0,0.0,0.04,0.0,0.0,0.0
49,4,2,3,False,0.4906399587427656,0.012485685623332188,1,qEHVI,0.78,0.08,0.06,0.04,0.02,0.0,0.0,0.0,0.0,0.0,0.0,0.02,0.0,0.0,0.0
49,4,2,3,False,0.4906399587427656,0.012485685623332188,2,qUCB,0.38,0.14,0.38,0.0,0.0,0.0,0.0,0.0,0.04,0.0,0.0,0.0,0.0,0.02,0.04
49,4,2,3,False,0.4906399587427656,0.012485685623332188,3,qUCB,0.42,0.06,0.42,0.0,0.0,0.0,0.0,0.0,0.04,0.0,0.0,0.0,0.0,0.04,0.02
49,4,2,3,False,0.4906399587427656,0.012485685623332188,4,qUCB,0.04,0.78,0.08,0.04,0.0,0.0,0.0,0.0,0.04,0.0,0.0,0.0,0.0,0.0,0.02
49,5,1,4,False,0.5004507095067421,0.13039124310458328,0,qEHVI,0.5,0.44,0.0,0.0,0.02,0.0,0.0,0.0,0.0,0.0,0.0,0.04,0.0,0.0,0.0
49,5,1,4,False,0.5004507095067421,0.13039124310458328,1,qUCB,0.38,0.14,0.38,0.0,0.0,0.0,0.0,0.0,0.04,0.0,0.0,0.0,0.0,0.02,0.04
49,5,1,4,False,0.5004507095067421,0.13039124310458328,2,qUCB,0.8200000000000001,0.0,0.08,0.04,0.0,0.0,0.0,0.0,0.0,0.0,0.0,0.0,0.0,0.02,0.04
49,5,1,4,False,0.5004507095067421,0.13039124310458328,3,qUCB,0.04,0.78,0.08,0.04,0.0,0.0,0.0,0.0,0.04,0.0,0.0,0.0,0.0,0.0,0.02
49,5,1,4,False,0.5004507095067421,0.13039124310458328,4,qUCB,0.14,0.04,0.72,0.04,0.0,0.0,0.0,0.0,0.04,0.0,0.0,0.0,0.0,0.0,0.02
49,6,0,5,False,0.37571831362118285,0.012824000919295031,0,qUCB,0.5,0.44,0.0,0.0,0.02,0.0,0.0,0.0,0.0,0.0,0.0,0.04,0.0,0.0,0.0
49,6,0,5,False,0.37571831362118285,0.012824000919295031,1,qUCB,0.8,0.0,0.1,0.04,0.0,0.0,0.0,0.0,0.0,0.0,0.0,0.02,0.0,0.0,0.04
49,6,0,5,False,0.37571831362118285,0.012824000919295031,2,qUCB,0.34,0.0,0.6,0.04,0.0,0.0,0.0,0.0,0.0,0.0,0.0,0.0,0.0,0.0,0.02
49,6,0,5,False,0.37571831362118285,0.012824000919295031,3,qUCB,0.0,0.8200000000000001,0.08,0.04,0.02,0.0,0.0,0.0,0.02,0.0,0.0,0.02,0.0,0.0,0.0
49,6,0,5,False,0.37571831362118285,0.012824000919295031,4,qUCB,0.0,0.86,0.04,0.04,0.0,0.0,0.0,0.0,0.02,0.0,0.0,0.02,0.0,0.02,0.0
50,1,5,0,True,0.5949194529212881,0.03464263428345937,0,qEHVI,0.0,0.48,0.42,0.0,0.04,0.0,0.0,0.0,0.04,0.0,0.0,0.0,0.0,0.0,0.02
50,1,5,0,True,0.5949194529212881,0.03464263428345937,1,qEHVI,0.26,0.0,0.7000000000000001,0.0,0.02,0.0,0.0,0.0,0.0,0.0,0.0,0.0,0.0,0.0,0.02
50,1,5,0,True,0.5949194529212881,0.03464263428345937,2,qEHVI,0.0,0.84,0.06,0.04,0.02,0.0,0.0,0.0,0.04,0.0,0.0,0.0,0.0,0.0,0.0
50,1,5,0,True,0.5949194529212881,0.03464263428345937,3,qEHVI,0.5,0.4,0.0,0.0,0.0,0.0,0.0,0.0,0.0,0.0,0.0,0.04,0.0,0.02,0.04
50,1,5,0,True,0.5949194529212881,0.03464263428345937,4,qEHVI,0.62,0.3,0.0,0.0,0.0,0.0,0.0,0.0,0.0,0.0,0.0,0.0,0.0,0.04,0.04
50,2,4,1,False,0.5440561468922842,0.0050994558966701575,0,qEHVI,0.0,0.48,0.42,0.0,0.04,0.0,0.0,0.0,0.04,0.0,0.0,0.0,0.0,0.0,0.02
50,2,4,1,False,0.5440561468922842,0.0050994558966701575,1,qEHVI,0.26,0.0,0.7000000000000001,0.0,0.02,0.0,0.0,0.0,0.0,0.0,0.0,0.0,0.0,0.0,0.02
50,2,4,1,False,0.5440561468922842,0.0050994558966701575,2,qEHVI,0.0,0.84,0.06,0.04,0.02,0.0,0.0,0.0,0.04,0.0,0.0,0.0,0.0,0.0,0.0
50,2,4,1,False,0.5440561468922842,0.0050994558966701575,3,qEHVI,0.5,0.4,0.0,0.0,0.0,0.0,0.0,0.0,0.0,0.0,0.0,0.04,0.0,0.02,0.04
50,2,4,1,False,0.5440561468922842,0.0050994558966701575,4,qUCB,0.4,0.14,0.38,0.0,0.0,0.0,0.0,0.0,0.04,0.0,0.0,0.0,0.0,0.04,0.0
50,3,3,2,False,0.42394996736355894,0.028282750259075895,0,qEHVI,0.0,0.48,0.42,0.0,0.04,0.0,0.0,0.0,0.04,0.0,0.0,0.0,0.0,0.0,0.02
50,3,3,2,False,0.42394996736355894,0.028282750259075895,1,qEHVI,0.26,0.0,0.7000000000000001,0.0,0.02,0.0,0.0,0.0,0.0,0.0,0.0,0.0,0.0,0.0,0.02
50,3,3,2,False,0.42394996736355894,0.028282750259075895,2,qEHVI,0.5,0.4,0.0,0.0,0.0,0.0,0.0,0.0,0.0,0.0,0.0,0.04,0.0,0.02,0.04
50,3,3,2,False,0.42394996736355894,0.028282750259075895,3,qUCB,0.38,0.12,0.4,0.04,0.0,0.0,0.0,0.0,0.04,0.0,0.0,0.0,0.0,0.02,0.0
50,3,3,2,False,0.42394996736355894,0.028282750259075895,4,qUCB,0.74,0.02,0.14,0.04,0.0,0.0,0.0,0.0,0.04,0.0,0.0,0.0,0.0,0.02,0.0
50,4,2,3,False,0.36628266794359,0.0034073347854572944,0,qEHVI,0.0,0.48,0.42,0.0,0.04,0.0,0.0,0.0,0.04,0.0,0.0,0.0,0.0,0.0,0.02
50,4,2,3,False,0.36628266794359,0.0034073347854572944,1,qEHVI,0.26,0.0,0.7000000000000001,0.0,0.02,0.0,0.0,0.0,0.0,0.0,0.0,0.0,0.0,0.0,0.02
50,4,2,3,False,0.36628266794359,0.0034073347854572944,2,qUCB,0.5,0.44,0.0,0.0,0.0,0.0,0.0,0.0,0.0,0.0,0.0,0.04,0.0,0.02,0.0
50,4,2,3,False,0.36628266794359,0.0034073347854572944,3,qUCB,0.74,0.02,0.14,0.04,0.0,0.0,0.0,0.0,0.04,0.0,0.0,0.0,0.0,0.02,0.0
50,4,2,3,False,0.36628266794359,0.0034073347854572944,4,qUCB,0.02,0.8200000000000001,0.08,0.04,0.0,0.0,0.0,0.0,0.0,0.0,0.0,0.02,0.0,0.02,0.0
50,5,1,4,False,0.25032037868409085,0.263610844001096,0,qEHVI,0.0,0.48,0.42,0.0,0.04,0.0,0.0,0.0,0.04,0.0,0.0,0.0,0.0,0.0,0.02
50,5,1,4,False,0.25032037868409085,0.263610844001096,1,qUCB,0.5,0.4,0.0,0.0,0.0,0.0,0.0,0.0,0.0,0.0,0.0,0.04,0.0,0.02,0.04
50,5,1,4,False,0.25032037868409085,0.263610844001096,2,qUCB,0.7000000000000001,0.08,0.14,0.04,0.0,0.0,0.0,0.0,0.0,0.0,0.0,0.0,0.0,0.04,0.0
50,5,1,4,False,0.25032037868409085,0.263610844001096,3,qUCB,0.3,0.36,0.26,0.04,0.0,0.0,0.0,0.0,0.0,0.0,0.0,0.04,0.0,0.0,0.0
50,5,1,4,False,0.25032037868409085,0.263610844001096,4,qUCB,0.8,0.04,0.06,0.0,0.0,0.0,0.0,0.0,0.0,0.0,0.0,0.04,0.0,0.04,0.02
50,6,0,5,False,0.29027122476951317,0.03177575860132209,0,qUCB,0.5,0.4,0.0,0.0,0.0,0.0,0.0,0.0,0.0,0.0,0.0,0.04,0.0,0.02,0.04
50,6,0,5,False,0.29027122476951317,0.03177575860132209,1,qUCB,0.0,0.84,0.06,0.04,0.02,0.0,0.0,0.0,0.04,0.0,0.0,0.0,0.0,0.0,0.0
50,6,0,5,False,0.29027122476951317,0.03177575860132209,2,qUCB,0.3,0.36,0.26,0.04,0.0,0.0,0.0,0.0,0.0,0.0,0.0,0.04,0.0,0.0,0.0
50,6,0,5,False,0.29027122476951317,0.03177575860132209,3,qUCB,0.0,0.86,0.04,0.04,0.04,0.0,0.0,0.0,0.0,0.0,0.0,0.0,0.0,0.0,0.02
50,6,0,5,False,0.29027122476951317,0.03177575860132209,4,qUCB,0.04,0.8200000000000001,0.06,0.04,0.04,0.0,0.0,0.0,0.0,0.0,0.0,0.0,0.0,0.0,0.0
