iteration,option,n_opt,n_exp,selected,full_qehvi,full_entropy,point_idx,source,x_0,x_1,x_2,x_3,x_4,x_5,x_6
1,1,5,0,False,1.7645818089922314,0.8088446725163205,0,qEHVI,0.1,0.0,0.7000000000000001,0.1,0.05,0.0,0.05
1,1,5,0,False,1.7645818089922314,0.8088446725163205,1,qEHVI,0.05,0.0,0.2,0.1,0.1,0.45,0.1
1,1,5,0,False,1.7645818089922314,0.8088446725163205,2,qEHVI,0.0,0.30000000000000004,0.2,0.05,0.0,0.45,0.0
1,1,5,0,False,1.7645818089922314,0.8088446725163205,3,qEHVI,0.1,0.0,0.7000000000000001,0.1,0.1,0.0,0.0
1,1,5,0,False,1.7645818089922314,0.8088446725163205,4,qEHVI,0.0,0.0,0.7000000000000001,0.1,0.0,0.2,0.0
1,2,4,1,False,1.6858911637449738,1.313256897454524,0,qEHVI,0.1,0.0,0.7000000000000001,0.1,0.05,0.0,0.05
1,2,4,1,False,1.6858911637449738,1.313256897454524,1,qEHVI,0.05,0.0,0.2,0.1,0.1,0.45,0.1
1,2,4,1,False,1.6858911637449738,1.313256897454524,2,qEHVI,0.0,0.30000000000000004,0.2,0.05,0.0,0.45,0.0
1,2,4,1,False,1.6858911637449738,1.313256897454524,3,qEHVI,0.1,0.0,0.7000000000000001,0.1,0.1,0.0,0.0
1,2,4,1,False,1.6858911637449738,1.313256897454524,4,qUCB,0.35000000000000003,0.35000000000000003,0.2,0.0,0.0,0.0,0.1
1,3,3,2,False,1.6739228907007109,0.8911397147513842,0,qEHVI,0.1,0.0,0.7000000000000001,0.1,0.05,0.0,0.05
1,3,3,2,False,1.6739228907007109,0.8911397147513842,1,qEHVI,0.05,0.0,0.2,0.1,0.1,0.45,0.1
1,3,3,2,False,1.6739228907007109,0.8911397147513842,2,qEHVI,0.0,0.30000000000000004,0.2,0.05,0.0,0.45,0.0
1,3,3,2,False,1.6739228907007109,0.8911397147513842,3,qUCB,0.35000000000000003,0.35000000000000003,0.2,0.0,0.0,0.0,0.1
1,3,3,2,False,1.6739228907007109,0.8911397147513842,4,qUCB,0.25,0.0,0.2,0.0,0.1,0.45,0.0
1,4,2,3,False,1.6730241281528193,0.7324019566208602,0,qEHVI,0.1,0.0,0.7000000000000001,0.1,0.05,0.0,0.05
1,4,2,3,False,1.6730241281528193,0.7324019566208602,1,qEHVI,0.05,0.0,0.2,0.1,0.1,0.45,0.1
1,4,2,3,False,1.6730241281528193,0.7324019566208602,2,qUCB,0.35000000000000003,0.0,0.2,0.0,0.0,0.45,0.0
1,4,2,3,False,1.6730241281528193,0.7324019566208602,3,qUCB,0.35000000000000003,0.35000000000000003,0.2,0.0,0.0,0.0,0.1
1,4,2,3,False,1.6730241281528193,0.7324019566208602,4,qUCB,0.0,0.45,0.2,0.0,0.0,0.35000000000000003,0.0
1,5,1,4,False,1.6327939722954077,1.3403645251156107,0,qEHVI,0.1,0.0,0.7000000000000001,0.1,0.05,0.0,0.05
1,5,1,4,False,1.6327939722954077,1.3403645251156107,1,qUCB,0.35000000000000003,0.0,0.2,0.0,0.0,0.45,0.0
1,5,1,4,False,1.6327939722954077,1.3403645251156107,2,qUCB,0.05,0.2,0.2,0.0,0.0,0.45,0.1
1,5,1,4,False,1.6327939722954077,1.3403645251156107,3,qUCB,0.0,0.45,0.2,0.0,0.0,0.35000000000000003,0.0
1,5,1,4,False,1.6327939722954077,1.3403645251156107,4,qUCB,0.0,0.30000000000000004,0.2,0.0,0.05,0.45,0.0
1,6,0,5,True,1.8209097450127156,1.0308531895244517,0,qUCB,0.1,0.0,0.7000000000000001,0.1,0.1,0.0,0.0
1,6,0,5,True,1.8209097450127156,1.0308531895244517,1,qUCB,0.1,0.0,0.7000000000000001,0.1,0.0,0.0,0.1
1,6,0,5,True,1.8209097450127156,1.0308531895244517,2,qUCB,0.05,0.0,0.2,0.1,0.1,0.45,0.1
1,6,0,5,True,1.8209097450127156,1.0308531895244517,3,qUCB,0.0,0.30000000000000004,0.2,0.05,0.0,0.45,0.0
1,6,0,5,True,1.8209097450127156,1.0308531895244517,4,qUCB,0.25,0.0,0.2,0.0,0.1,0.45,0.0
2,1,5,0,False,1.300612621980374,0.6587724039506115,0,qEHVI,0.0,0.0,0.5,0.1,0.05,0.25,0.1
2,1,5,0,False,1.300612621980374,0.6587724039506115,1,qEHVI,0.1,0.05,0.7000000000000001,0.1,0.0,0.0,0.05
2,1,5,0,False,1.300612621980374,0.6587724039506115,2,qEHVI,0.0,0.0,0.4,0.1,0.05,0.35000000000000003,0.1
2,1,5,0,False,1.300612621980374,0.6587724039506115,3,qEHVI,0.0,0.0,0.65,0.1,0.0,0.15000000000000002,0.1
2,1,5,0,False,1.300612621980374,0.6587724039506115,4,qEHVI,0.1,0.1,0.7000000000000001,0.1,0.0,0.0,0.0
2,2,4,1,False,1.2536697736650473,0.5755552001155952,0,qEHVI,0.0,0.0,0.5,0.1,0.05,0.25,0.1
2,2,4,1,False,1.2536697736650473,0.5755552001155952,1,qEHVI,0.1,0.05,0.7000000000000001,0.1,0.0,0.0,0.05
2,2,4,1,False,1.2536697736650473,0.5755552001155952,2,qEHVI,0.0,0.0,0.4,0.1,0.05,0.35000000000000003,0.1
2,2,4,1,False,1.2536697736650473,0.5755552001155952,3,qEHVI,0.0,0.0,0.65,0.1,0.0,0.15000000000000002,0.1
2,2,4,1,False,1.2536697736650473,0.5755552001155952,4,qUCB,0.35000000000000003,0.05,0.4,0.0,0.1,0.0,0.1
2,3,3,2,False,1.1279616923551927,0.9780206868832874,0,qEHVI,0.0,0.0,0.5,0.1,0.05,0.25,0.1
2,3,3,2,False,1.1279616923551927,0.9780206868832874,1,qEHVI,0.1,0.05,0.7000000000000001,0.1,0.0,0.0,0.05
2,3,3,2,False,1.1279616923551927,0.9780206868832874,2,qEHVI,0.0,0.0,0.4,0.1,0.05,0.35000000000000003,0.1
2,3,3,2,False,1.1279616923551927,0.9780206868832874,3,qUCB,0.35000000000000003,0.05,0.4,0.0,0.1,0.0,0.1
2,3,3,2,False,1.1279616923551927,0.9780206868832874,4,qUCB,0.35000000000000003,0.25,0.2,0.1,0.0,0.0,0.1
2,4,2,3,False,1.0241323850046309,1.998689880541938,0,qEHVI,0.0,0.0,0.5,0.1,0.05,0.25,0.1
2,4,2,3,False,1.0241323850046309,1.998689880541938,1,qEHVI,0.1,0.05,0.7000000000000001,0.1,0.0,0.0,0.05
2,4,2,3,False,1.0241323850046309,1.998689880541938,2,qUCB,0.35000000000000003,0.05,0.4,0.0,0.1,0.0,0.1
2,4,2,3,False,1.0241323850046309,1.998689880541938,3,qUCB,0.35000000000000003,0.25,0.2,0.1,0.0,0.0,0.1
2,4,2,3,False,1.0241323850046309,1.998689880541938,4,qUCB,0.35000000000000003,0.0,0.2,0.0,0.1,0.25,0.1
2,5,1,4,False,0.9437683220129927,0.8328771391993555,0,qEHVI,0.0,0.0,0.5,0.1,0.05,0.25,0.1
2,5,1,4,False,0.9437683220129927,0.8328771391993555,1,qUCB,0.35000000000000003,0.0,0.65,0.0,0.0,0.0,0.0
2,5,1,4,False,0.9437683220129927,0.8328771391993555,2,qUCB,0.35000000000000003,0.05,0.4,0.0,0.1,0.0,0.1
2,5,1,4,False,0.9437683220129927,0.8328771391993555,3,qUCB,0.35000000000000003,0.25,0.2,0.1,0.0,0.0,0.1
2,5,1,4,False,0.9437683220129927,0.8328771391993555,4,qUCB,0.35000000000000003,0.0,0.2,0.0,0.1,0.25,0.1
2,6,0,5,True,0.6895419769435749,0.5096652009002103,0,qUCB,0.0,0.0,0.7000000000000001,0.1,0.1,0.0,0.1
2,6,0,5,True,0.6895419769435749,0.5096652009002103,1,qUCB,0.35000000000000003,0.0,0.55,0.0,0.0,0.0,0.1
2,6,0,5,True,0.6895419769435749,0.5096652009002103,2,qUCB,0.35000000000000003,0.0,0.35000000000000003,0.1,0.1,0.0,0.1
2,6,0,5,True,0.6895419769435749,0.5096652009002103,3,qUCB,0.0,0.0,0.7000000000000001,0.0,0.1,0.1,0.1
2,6,0,5,True,0.6895419769435749,0.5096652009002103,4,qUCB,0.35000000000000003,0.0,0.65,0.0,0.0,0.0,0.0
3,1,5,0,False,1.04871948410145,0.7241682285801359,0,qEHVI,0.0,0.0,0.7000000000000001,0.1,0.0,0.1,0.1
3,1,5,0,False,1.04871948410145,0.7241682285801359,1,qEHVI,0.05,0.0,0.7000000000000001,0.1,0.0,0.05,0.1
3,1,5,0,False,1.04871948410145,0.7241682285801359,2,qEHVI,0.2,0.0,0.65,0.05,0.0,0.0,0.1
3,1,5,0,False,1.04871948410145,0.7241682285801359,3,qEHVI,0.0,0.0,0.6000000000000001,0.05,0.0,0.25,0.1
3,1,5,0,False,1.04871948410145,0.7241682285801359,4,qEHVI,0.2,0.0,0.7000000000000001,0.1,0.0,0.0,0.0
3,2,4,1,False,0.9749732484824525,0.7483257029176631,0,qEHVI,0.0,0.0,0.7000000000000001,0.1,0.0,0.1,0.1
3,2,4,1,False,0.9749732484824525,0.7483257029176631,1,qEHVI,0.05,0.0,0.7000000000000001,0.1,0.0,0.05,0.1
3,2,4,1,False,0.9749732484824525,0.7483257029176631,2,qEHVI,0.2,0.0,0.65,0.05,0.0,0.0,0.1
3,2,4,1,False,0.9749732484824525,0.7483257029176631,3,qEHVI,0.0,0.0,0.6000000000000001,0.05,0.0,0.25,0.1
3,2,4,1,False,0.9749732484824525,0.7483257029176631,4,qUCB,0.0,0.5,0.30000000000000004,0.1,0.1,0.0,0.0
3,3,3,2,False,0.8522277146953401,0.528161848988149,0,qEHVI,0.0,0.0,0.7000000000000001,0.1,0.0,0.1,0.1
3,3,3,2,False,0.8522277146953401,0.528161848988149,1,qEHVI,0.05,0.0,0.7000000000000001,0.1,0.0,0.05,0.1
3,3,3,2,False,0.8522277146953401,0.528161848988149,2,qEHVI,0.2,0.0,0.65,0.05,0.0,0.0,0.1
3,3,3,2,False,0.8522277146953401,0.528161848988149,3,qUCB,0.0,0.5,0.30000000000000004,0.1,0.1,0.0,0.0
3,3,3,2,False,0.8522277146953401,0.528161848988149,4,qUCB,0.0,0.5,0.2,0.1,0.1,0.0,0.1
3,4,2,3,False,0.6867095297181508,0.5631932927104071,0,qEHVI,0.0,0.0,0.7000000000000001,0.1,0.0,0.1,0.1
3,4,2,3,False,0.6867095297181508,0.5631932927104071,1,qEHVI,0.05,0.0,0.7000000000000001,0.1,0.0,0.05,0.1
3,4,2,3,False,0.6867095297181508,0.5631932927104071,2,qUCB,0.25,0.0,0.2,0.0,0.0,0.45,0.1
3,4,2,3,False,0.6867095297181508,0.5631932927104071,3,qUCB,0.0,0.5,0.4,0.0,0.1,0.0,0.0
3,4,2,3,False,0.6867095297181508,0.5631932927104071,4,qUCB,0.0,0.5,0.30000000000000004,0.0,0.1,0.0,0.1
3,5,1,4,False,0.5048802965967935,0.7291108963227373,0,qEHVI,0.0,0.0,0.7000000000000001,0.1,0.0,0.1,0.1
3,5,1,4,False,0.5048802965967935,0.7291108963227373,1,qUCB,0.35000000000000003,0.0,0.2,0.0,0.0,0.35000000000000003,0.1
3,5,1,4,False,0.5048802965967935,0.7291108963227373,2,qUCB,0.0,0.5,0.4,0.0,0.1,0.0,0.0
3,5,1,4,False,0.5048802965967935,0.7291108963227373,3,qUCB,0.30000000000000004,0.4,0.2,0.0,0.0,0.0,0.1
3,5,1,4,False,0.5048802965967935,0.7291108963227373,4,qUCB,0.0,0.5,0.30000000000000004,0.0,0.1,0.0,0.1
3,6,0,5,True,0.6727508362679248,0.9846478562772107,0,qUCB,0.0,0.0,0.65,0.1,0.0,0.15000000000000002,0.1
3,6,0,5,True,0.6727508362679248,0.9846478562772107,1,qUCB,0.35000000000000003,0.0,0.2,0.0,0.0,0.35000000000000003,0.1
3,6,0,5,True,0.6727508362679248,0.9846478562772107,2,qUCB,0.0,0.5,0.30000000000000004,0.1,0.0,0.0,0.1
3,6,0,5,True,0.6727508362679248,0.9846478562772107,3,qUCB,0.0,0.0,0.4,0.05,0.0,0.45,0.1
3,6,0,5,True,0.6727508362679248,0.9846478562772107,4,qUCB,0.1,0.05,0.7000000000000001,0.1,0.0,0.0,0.05
4,1,5,0,False,1.0618011599930581,0.7535324597206001,0,qEHVI,0.05,0.0,0.65,0.1,0.0,0.1,0.1
4,1,5,0,False,1.0618011599930581,0.7535324597206001,1,qEHVI,0.05,0.05,0.7000000000000001,0.05,0.0,0.05,0.1
4,1,5,0,False,1.0618011599930581,0.7535324597206001,2,qEHVI,0.1,0.0,0.7000000000000001,0.1,0.0,0.05,0.05
4,1,5,0,False,1.0618011599930581,0.7535324597206001,3,qEHVI,0.0,0.2,0.6000000000000001,0.1,0.0,0.0,0.1
4,1,5,0,False,1.0618011599930581,0.7535324597206001,4,qEHVI,0.2,0.0,0.7000000000000001,0.05,0.0,0.0,0.05
4,2,4,1,False,0.9610140276197164,0.5928173342404017,0,qEHVI,0.05,0.0,0.65,0.1,0.0,0.1,0.1
4,2,4,1,False,0.9610140276197164,0.5928173342404017,1,qEHVI,0.05,0.05,0.7000000000000001,0.05,0.0,0.05,0.1
4,2,4,1,False,0.9610140276197164,0.5928173342404017,2,qEHVI,0.1,0.0,0.7000000000000001,0.1,0.0,0.05,0.05
4,2,4,1,False,0.9610140276197164,0.5928173342404017,3,qEHVI,0.0,0.2,0.6000000000000001,0.1,0.0,0.0,0.1
4,2,4,1,False,0.9610140276197164,0.5928173342404017,4,qUCB,0.35000000000000003,0.2,0.35000000000000003,0.0,0.1,0.0,0.0
4,3,3,2,False,0.8703301302372086,0.6025031130824918,0,qEHVI,0.05,0.0,0.65,0.1,0.0,0.1,0.1
4,3,3,2,False,0.8703301302372086,0.6025031130824918,1,qEHVI,0.05,0.05,0.7000000000000001,0.05,0.0,0.05,0.1
4,3,3,2,False,0.8703301302372086,0.6025031130824918,2,qEHVI,0.1,0.0,0.7000000000000001,0.1,0.0,0.05,0.05
4,3,3,2,False,0.8703301302372086,0.6025031130824918,3,qUCB,0.0,0.5,0.35000000000000003,0.05,0.1,0.0,0.0
4,3,3,2,False,0.8703301302372086,0.6025031130824918,4,qUCB,0.35000000000000003,0.30000000000000004,0.2,0.0,0.05,0.0,0.1
4,4,2,3,False,0.7065910240291862,0.3443661845083592,0,qEHVI,0.05,0.0,0.65,0.1,0.0,0.1,0.1
4,4,2,3,False,0.7065910240291862,0.3443661845083592,1,qEHVI,0.05,0.05,0.7000000000000001,0.05,0.0,0.05,0.1
4,4,2,3,False,0.7065910240291862,0.3443661845083592,2,qUCB,0.1,0.5,0.2,0.1,0.1,0.0,0.0
4,4,2,3,False,0.7065910240291862,0.3443661845083592,3,qUCB,0.35000000000000003,0.30000000000000004,0.2,0.0,0.05,0.0,0.1
4,4,2,3,False,0.7065910240291862,0.3443661845083592,4,qUCB,0.0,0.5,0.35000000000000003,0.05,0.1,0.0,0.0
4,5,1,4,False,0.5116411409209713,0.34946785811853864,0,qEHVI,0.05,0.0,0.65,0.1,0.0,0.1,0.1
4,5,1,4,False,0.5116411409209713,0.34946785811853864,1,qUCB,0.0,0.5,0.35000000000000003,0.05,0.1,0.0,0.0
4,5,1,4,False,0.5116411409209713,0.34946785811853864,2,qUCB,0.35000000000000003,0.30000000000000004,0.2,0.0,0.05,0.0,0.1
4,5,1,4,False,0.5116411409209713,0.34946785811853864,3,qUCB,0.25,0.5,0.2,0.0,0.05,0.0,0.0
4,5,1,4,False,0.5116411409209713,0.34946785811853864,4,qUCB,0.0,0.0,0.55,0.0,0.1,0.35000000000000003,0.0
4,6,0,5,True,0.49969485888029497,0.46992861153057586,0,qUCB,0.0,0.2,0.6000000000000001,0.1,0.0,0.0,0.1
4,6,0,5,True,0.49969485888029497,0.46992861153057586,1,qUCB,0.0,0.0,0.7000000000000001,0.1,0.0,0.2,0.0
4,6,0,5,True,0.49969485888029497,0.46992861153057586,2,qUCB,0.35000000000000003,0.30000000000000004,0.2,0.05,0.0,0.0,0.1
4,6,0,5,True,0.49969485888029497,0.46992861153057586,3,qUCB,0.0,0.5,0.4,0.1,0.0,0.0,0.0
4,6,0,5,True,0.49969485888029497,0.46992861153057586,4,qUCB,0.0,0.0,0.55,0.0,0.0,0.45,0.0
5,1,5,0,False,0.9657738346083532,0.8819509660182288,0,qEHVI,0.05,0.05,0.6000000000000001,0.1,0.0,0.1,0.1
5,1,5,0,False,0.9657738346083532,0.8819509660182288,1,qEHVI,0.15000000000000002,0.1,0.7000000000000001,0.0,0.0,0.0,0.05
5,1,5,0,False,0.9657738346083532,0.8819509660182288,2,qEHVI,0.05,0.0,0.65,0.05,0.0,0.15000000000000002,0.1
5,1,5,0,False,0.9657738346083532,0.8819509660182288,3,qEHVI,0.1,0.0,0.65,0.1,0.0,0.05,0.1
5,1,5,0,False,0.9657738346083532,0.8819509660182288,4,qEHVI,0.15000000000000002,0.1,0.65,0.0,0.0,0.0,0.1
5,2,4,1,False,0.8924405278702874,0.8619164421238672,0,qEHVI,0.05,0.05,0.6000000000000001,0.1,0.0,0.1,0.1
5,2,4,1,False,0.8924405278702874,0.8619164421238672,1,qEHVI,0.05,0.0,0.65,0.05,0.0,0.15000000000000002,0.1
5,2,4,1,False,0.8924405278702874,0.8619164421238672,2,qEHVI,0.15000000000000002,0.1,0.7000000000000001,0.0,0.0,0.0,0.05
5,2,4,1,False,0.8924405278702874,0.8619164421238672,3,qEHVI,0.1,0.0,0.65,0.1,0.0,0.05,0.1
5,2,4,1,False,0.8924405278702874,0.8619164421238672,4,qUCB,0.35000000000000003,0.2,0.2,0.1,0.1,0.05,0.0
5,3,3,2,False,0.7771339167876449,0.8516817952765141,0,qEHVI,0.05,0.05,0.6000000000000001,0.1,0.0,0.1,0.1
5,3,3,2,False,0.7771339167876449,0.8516817952765141,1,qEHVI,0.05,0.0,0.65,0.05,0.0,0.15000000000000002,0.1
5,3,3,2,False,0.7771339167876449,0.8516817952765141,2,qEHVI,0.15000000000000002,0.1,0.7000000000000001,0.0,0.0,0.0,0.05
5,3,3,2,False,0.7771339167876449,0.8516817952765141,3,qUCB,0.35000000000000003,0.2,0.2,0.1,0.1,0.05,0.0
5,3,3,2,False,0.7771339167876449,0.8516817952765141,4,qUCB,0.0,0.5,0.30000000000000004,0.1,0.1,0.0,0.0
5,4,2,3,False,0.6539684007061662,0.6448490197408544,0,qEHVI,0.05,0.05,0.6000000000000001,0.1,0.0,0.1,0.1
5,4,2,3,False,0.6539684007061662,0.6448490197408544,1,qEHVI,0.05,0.0,0.65,0.05,0.0,0.15000000000000002,0.1
5,4,2,3,False,0.6539684007061662,0.6448490197408544,2,qUCB,0.35000000000000003,0.35000000000000003,0.2,0.0,0.1,0.0,0.0
5,4,2,3,False,0.6539684007061662,0.6448490197408544,3,qUCB,0.25,0.5,0.2,0.0,0.05,0.0,0.0
5,4,2,3,False,0.6539684007061662,0.6448490197408544,4,qUCB,0.30000000000000004,0.2,0.4,0.0,0.1,0.0,0.0
5,5,1,4,False,0.4948884115017336,0.4188484454114869,0,qEHVI,0.05,0.05,0.6000000000000001,0.1,0.0,0.1,0.1
5,5,1,4,False,0.4948884115017336,0.4188484454114869,1,qUCB,0.35000000000000003,0.35000000000000003,0.2,0.0,0.1,0.0,0.0
5,5,1,4,False,0.4948884115017336,0.4188484454114869,2,qUCB,0.25,0.5,0.2,0.0,0.05,0.0,0.0
5,5,1,4,False,0.4948884115017336,0.4188484454114869,3,qUCB,0.30000000000000004,0.2,0.4,0.0,0.1,0.0,0.0
5,5,1,4,False,0.4948884115017336,0.4188484454114869,4,qUCB,0.0,0.5,0.2,0.0,0.1,0.2,0.0
5,6,0,5,True,0.2825373440930936,0.17579152213899896,0,qUCB,0.25,0.1,0.65,0.0,0.0,0.0,0.0
5,6,0,5,True,0.2825373440930936,0.17579152213899896,1,qUCB,0.15000000000000002,0.15000000000000002,0.5,0.1,0.0,0.0,0.1
5,6,0,5,True,0.2825373440930936,0.17579152213899896,2,qUCB,0.2,0.0,0.7000000000000001,0.0,0.0,0.0,0.1
5,6,0,5,True,0.2825373440930936,0.17579152213899896,3,qUCB,0.25,0.5,0.2,0.0,0.0,0.0,0.05
5,6,0,5,True,0.2825373440930936,0.17579152213899896,4,qUCB,0.35000000000000003,0.2,0.4,0.05,0.0,0.0,0.0
6,1,5,0,False,0.9697906350876736,0.5013389245891986,0,qEHVI,0.05,0.0,0.7000000000000001,0.1,0.0,0.05,0.1
6,1,5,0,False,0.9697906350876736,0.5013389245891986,1,qEHVI,0.05,0.0,0.7000000000000001,0.05,0.0,0.1,0.1
6,1,5,0,False,0.9697906350876736,0.5013389245891986,2,qEHVI,0.0,0.1,0.7000000000000001,0.1,0.0,0.0,0.1
6,1,5,0,False,0.9697906350876736,0.5013389245891986,3,qEHVI,0.0,0.0,0.7000000000000001,0.1,0.0,0.1,0.1
6,1,5,0,False,0.9697906350876736,0.5013389245891986,4,qEHVI,0.25,0.0,0.7000000000000001,0.05,0.0,0.0,0.0
6,2,4,1,False,0.8816572416030788,0.5592395205213432,0,qEHVI,0.05,0.0,0.7000000000000001,0.1,0.0,0.05,0.1
6,2,4,1,False,0.8816572416030788,0.5592395205213432,1,qEHVI,0.05,0.0,0.7000000000000001,0.05,0.0,0.1,0.1
6,2,4,1,False,0.8816572416030788,0.5592395205213432,2,qEHVI,0.0,0.1,0.7000000000000001,0.1,0.0,0.0,0.1
6,2,4,1,False,0.8816572416030788,0.5592395205213432,3,qEHVI,0.0,0.0,0.7000000000000001,0.1,0.0,0.1,0.1
6,2,4,1,False,0.8816572416030788,0.5592395205213432,4,qUCB,0.35000000000000003,0.4,0.2,0.0,0.05,0.0,0.0
6,3,3,2,False,0.8283031083901461,0.5142020498065953,0,qEHVI,0.05,0.0,0.7000000000000001,0.1,0.0,0.05,0.1
6,3,3,2,False,0.8283031083901461,0.5142020498065953,1,qEHVI,0.05,0.0,0.7000000000000001,0.05,0.0,0.1,0.1
6,3,3,2,False,0.8283031083901461,0.5142020498065953,2,qEHVI,0.0,0.1,0.7000000000000001,0.1,0.0,0.0,0.1
6,3,3,2,False,0.8283031083901461,0.5142020498065953,3,qUCB,0.35000000000000003,0.4,0.2,0.0,0.05,0.0,0.0
6,3,3,2,False,0.8283031083901461,0.5142020498065953,4,qUCB,0.0,0.0,0.35000000000000003,0.0,0.1,0.45,0.1
6,4,2,3,False,0.7065810638481219,0.36997905452177315,0,qEHVI,0.05,0.0,0.7000000000000001,0.1,0.0,0.05,0.1
6,4,2,3,False,0.7065810638481219,0.36997905452177315,1,qEHVI,0.05,0.0,0.7000000000000001,0.05,0.0,0.1,0.1
6,4,2,3,False,0.7065810638481219,0.36997905452177315,2,qUCB,0.35000000000000003,0.4,0.2,0.0,0.05,0.0,0.0
6,4,2,3,False,0.7065810638481219,0.36997905452177315,3,qUCB,0.0,0.0,0.35000000000000003,0.0,0.1,0.45,0.1
6,4,2,3,False,0.7065810638481219,0.36997905452177315,4,qUCB,0.0,0.0,0.35000000000000003,0.1,0.1,0.45,0.0
6,5,1,4,False,0.5529524855731384,0.1114179092634322,0,qEHVI,0.05,0.0,0.7000000000000001,0.1,0.0,0.05,0.1
6,5,1,4,False,0.5529524855731384,0.1114179092634322,1,qUCB,0.35000000000000003,0.4,0.2,0.0,0.05,0.0,0.0
6,5,1,4,False,0.5529524855731384,0.1114179092634322,2,qUCB,0.0,0.0,0.35000000000000003,0.0,0.1,0.45,0.1
6,5,1,4,False,0.5529524855731384,0.1114179092634322,3,qUCB,0.35000000000000003,0.25,0.2,0.0,0.1,0.0,0.1
6,5,1,4,False,0.5529524855731384,0.1114179092634322,4,qUCB,0.0,0.5,0.30000000000000004,0.0,0.1,0.0,0.1
6,6,0,5,True,0.24690235990683118,0.5375840150858873,0,qUCB,0.0,0.0,0.7000000000000001,0.0,0.0,0.2,0.1
6,6,0,5,True,0.24690235990683118,0.5375840150858873,1,qUCB,0.0,0.0,0.35000000000000003,0.0,0.1,0.45,0.1
6,6,0,5,True,0.24690235990683118,0.5375840150858873,2,qUCB,0.25,0.0,0.6000000000000001,0.1,0.0,0.05,0.0
6,6,0,5,True,0.24690235990683118,0.5375840150858873,3,qUCB,0.05,0.15000000000000002,0.7000000000000001,0.0,0.0,0.0,0.1
6,6,0,5,True,0.24690235990683118,0.5375840150858873,4,qUCB,0.0,0.0,0.35000000000000003,0.1,0.1,0.45,0.0
7,1,5,0,False,0.7487651428860872,0.3459367479883859,0,qEHVI,0.0,0.05,0.7000000000000001,0.1,0.0,0.05,0.1
7,1,5,0,False,0.7487651428860872,0.3459367479883859,1,qEHVI,0.0,0.05,0.7000000000000001,0.05,0.0,0.1,0.1
7,1,5,0,False,0.7487651428860872,0.3459367479883859,2,qEHVI,0.0,0.1,0.65,0.1,0.0,0.05,0.1
7,1,5,0,False,0.7487651428860872,0.3459367479883859,3,qEHVI,0.1,0.0,0.7000000000000001,0.1,0.0,0.05,0.05
7,1,5,0,False,0.7487651428860872,0.3459367479883859,4,qEHVI,0.2,0.0,0.65,0.1,0.0,0.0,0.05
7,2,4,1,False,0.6903677588978154,0.9756706341768027,0,qEHVI,0.0,0.05,0.7000000000000001,0.1,0.0,0.05,0.1
7,2,4,1,False,0.6903677588978154,0.9756706341768027,1,qEHVI,0.0,0.05,0.7000000000000001,0.05,0.0,0.1,0.1
7,2,4,1,False,0.6903677588978154,0.9756706341768027,2,qEHVI,0.0,0.1,0.65,0.1,0.0,0.05,0.1
7,2,4,1,False,0.6903677588978154,0.9756706341768027,3,qEHVI,0.1,0.0,0.7000000000000001,0.1,0.0,0.05,0.05
7,2,4,1,False,0.6903677588978154,0.9756706341768027,4,qUCB,0.35000000000000003,0.35000000000000003,0.2,0.0,0.1,0.0,0.0
7,3,3,2,False,0.6310306921946847,0.9244025825257722,0,qEHVI,0.0,0.05,0.7000000000000001,0.1,0.0,0.05,0.1
7,3,3,2,False,0.6310306921946847,0.9244025825257722,1,qEHVI,0.0,0.05,0.7000000000000001,0.05,0.0,0.1,0.1
7,3,3,2,False,0.6310306921946847,0.9244025825257722,2,qEHVI,0.0,0.1,0.65,0.1,0.0,0.05,0.1
7,3,3,2,False,0.6310306921946847,0.9244025825257722,3,qUCB,0.35000000000000003,0.35000000000000003,0.2,0.0,0.1,0.0,0.0
7,3,3,2,False,0.6310306921946847,0.9244025825257722,4,qUCB,0.35000000000000003,0.4,0.2,0.0,0.0,0.05,0.0
7,4,2,3,False,0.5210846122712585,0.15071562970469277,0,qEHVI,0.0,0.05,0.7000000000000001,0.1,0.0,0.05,0.1
7,4,2,3,False,0.5210846122712585,0.15071562970469277,1,qEHVI,0.0,0.05,0.7000000000000001,0.05,0.0,0.1,0.1
7,4,2,3,False,0.5210846122712585,0.15071562970469277,2,qUCB,0.35000000000000003,0.4,0.2,0.05,0.0,0.0,0.0
7,4,2,3,False,0.5210846122712585,0.15071562970469277,3,qUCB,0.35000000000000003,0.35000000000000003,0.2,0.0,0.1,0.0,0.0
7,4,2,3,False,0.5210846122712585,0.15071562970469277,4,qUCB,0.35000000000000003,0.4,0.2,0.0,0.0,0.05,0.0
7,5,1,4,False,0.39833750175426696,0.11606570661586327,0,qEHVI,0.0,0.05,0.7000000000000001,0.1,0.0,0.05,0.1
7,5,1,4,False,0.39833750175426696,0.11606570661586327,1,qUCB,0.35000000000000003,0.35000000000000003,0.2,0.0,0.1,0.0,0.0
7,5,1,4,False,0.39833750175426696,0.11606570661586327,2,qUCB,0.35000000000000003,0.4,0.2,0.0,0.0,0.05,0.0
7,5,1,4,False,0.39833750175426696,0.11606570661586327,3,qUCB,0.0,0.5,0.30000000000000004,0.0,0.1,0.0,0.1
7,5,1,4,False,0.39833750175426696,0.11606570661586327,4,qUCB,0.35000000000000003,0.35000000000000003,0.2,0.1,0.0,0.0,0.0
7,6,0,5,True,0.24271878299784178,0.14556776736650012,0,qUCB,0.0,0.1,0.7000000000000001,0.1,0.0,0.0,0.1
7,6,0,5,True,0.24271878299784178,0.14556776736650012,1,qUCB,0.0,0.2,0.7000000000000001,0.0,0.1,0.0,0.0
7,6,0,5,True,0.24271878299784178,0.14556776736650012,2,qUCB,0.0,0.5,0.30000000000000004,0.0,0.1,0.0,0.1
7,6,0,5,True,0.24271878299784178,0.14556776736650012,3,qUCB,0.25,0.45,0.2,0.1,0.0,0.0,0.0
7,6,0,5,True,0.24271878299784178,0.14556776736650012,4,qUCB,0.2,0.0,0.7000000000000001,0.1,0.0,0.0,0.0
8,1,5,0,False,0.40008951975326124,0.4196302670354317,0,qEHVI,0.0,0.05,0.7000000000000001,0.1,0.0,0.05,0.1
8,1,5,0,False,0.40008951975326124,0.4196302670354317,1,qEHVI,0.0,0.05,0.7000000000000001,0.05,0.0,0.1,0.1
8,1,5,0,False,0.40008951975326124,0.4196302670354317,2,qEHVI,0.05,0.1,0.7000000000000001,0.1,0.0,0.0,0.05
8,1,5,0,False,0.40008951975326124,0.4196302670354317,3,qEHVI,0.0,0.15000000000000002,0.7000000000000001,0.05,0.0,0.0,0.1
8,1,5,0,False,0.40008951975326124,0.4196302670354317,4,qEHVI,0.15000000000000002,0.05,0.7000000000000001,0.1,0.0,0.0,0.0
8,2,4,1,False,0.3569075105219947,0.1913107697155212,0,qEHVI,0.0,0.05,0.7000000000000001,0.1,0.0,0.05,0.1
8,2,4,1,False,0.3569075105219947,0.1913107697155212,1,qEHVI,0.0,0.05,0.7000000000000001,0.05,0.0,0.1,0.1
8,2,4,1,False,0.3569075105219947,0.1913107697155212,2,qEHVI,0.05,0.1,0.7000000000000001,0.1,0.0,0.0,0.05
8,2,4,1,False,0.3569075105219947,0.1913107697155212,3,qEHVI,0.0,0.15000000000000002,0.7000000000000001,0.05,0.0,0.0,0.1
8,2,4,1,False,0.3569075105219947,0.1913107697155212,4,qUCB,0.35000000000000003,0.4,0.2,0.0,0.05,0.0,0.0
8,3,3,2,False,0.306165811772358,0.31268745826120803,0,qEHVI,0.0,0.05,0.7000000000000001,0.1,0.0,0.05,0.1
8,3,3,2,False,0.306165811772358,0.31268745826120803,1,qEHVI,0.0,0.05,0.7000000000000001,0.05,0.0,0.1,0.1
8,3,3,2,False,0.306165811772358,0.31268745826120803,2,qEHVI,0.05,0.1,0.7000000000000001,0.1,0.0,0.0,0.05
8,3,3,2,False,0.306165811772358,0.31268745826120803,3,qUCB,0.35000000000000003,0.4,0.2,0.0,0.05,0.0,0.0
8,3,3,2,False,0.306165811772358,0.31268745826120803,4,qUCB,0.2,0.5,0.2,0.0,0.1,0.0,0.0
8,4,2,3,False,0.2570777772108214,0.03920330067208244,0,qEHVI,0.0,0.05,0.7000000000000001,0.1,0.0,0.05,0.1
8,4,2,3,False,0.2570777772108214,0.03920330067208244,1,qEHVI,0.0,0.05,0.7000000000000001,0.05,0.0,0.1,0.1
8,4,2,3,False,0.2570777772108214,0.03920330067208244,2,qUCB,0.35000000000000003,0.4,0.2,0.05,0.0,0.0,0.0
8,4,2,3,False,0.2570777772108214,0.03920330067208244,3,qUCB,0.2,0.5,0.2,0.0,0.1,0.0,0.0
8,4,2,3,False,0.2570777772108214,0.03920330067208244,4,qUCB,0.35000000000000003,0.4,0.2,0.0,0.05,0.0,0.0
8,5,1,4,False,0.1664104794658021,0.08027534050602281,0,qEHVI,0.0,0.05,0.7000000000000001,0.1,0.0,0.05,0.1
8,5,1,4,False,0.1664104794658021,0.08027534050602281,1,qUCB,0.35000000000000003,0.4,0.2,0.0,0.05,0.0,0.0
8,5,1,4,False,0.1664104794658021,0.08027534050602281,2,qUCB,0.2,0.5,0.2,0.0,0.1,0.0,0.0
8,5,1,4,False,0.1664104794658021,0.08027534050602281,3,qUCB,0.35000000000000003,0.4,0.2,0.05,0.0,0.0,0.0
8,5,1,4,False,0.1664104794658021,0.08027534050602281,4,qUCB,0.35000000000000003,0.4,0.2,0.0,0.0,0.05,0.0
8,6,0,5,True,0.2231028844304323,0.4035475069897547,0,qUCB,0.0,0.0,0.7000000000000001,0.1,0.0,0.1,0.1
8,6,0,5,True,0.2231028844304323,0.4035475069897547,1,qUCB,0.15000000000000002,0.0,0.7000000000000001,0.0,0.0,0.15000000000000002,0.0
8,6,0,5,True,0.2231028844304323,0.4035475069897547,2,qUCB,0.05,0.0,0.55,0.1,0.0,0.2,0.1
8,6,0,5,True,0.2231028844304323,0.4035475069897547,3,qUCB,0.35000000000000003,0.0,0.55,0.1,0.0,0.0,0.0
8,6,0,5,True,0.2231028844304323,0.4035475069897547,4,qUCB,0.0,0.0,0.4,0.1,0.1,0.30000000000000004,0.1
9,1,5,0,False,0.3743117476873482,0.34966105036148853,0,qEHVI,0.1,0.0,0.7000000000000001,0.1,0.0,0.05,0.05
9,1,5,0,False,0.3743117476873482,0.34966105036148853,1,qEHVI,0.05,0.0,0.65,0.1,0.0,0.1,0.1
9,1,5,0,False,0.3743117476873482,0.34966105036148853,2,qEHVI,0.05,0.0,0.7000000000000001,0.1,0.0,0.05,0.1
9,1,5,0,False,0.3743117476873482,0.34966105036148853,3,qEHVI,0.0,0.1,0.7000000000000001,0.1,0.0,0.05,0.05
9,1,5,0,False,0.3743117476873482,0.34966105036148853,4,qEHVI,0.2,0.0,0.65,0.1,0.0,0.0,0.05
9,2,4,1,False,0.3285138686338355,0.9332824008285563,0,qEHVI,0.1,0.0,0.7000000000000001,0.1,0.0,0.05,0.05
9,2,4,1,False,0.3285138686338355,0.9332824008285563,1,qEHVI,0.05,0.0,0.65,0.1,0.0,0.1,0.1
9,2,4,1,False,0.3285138686338355,0.9332824008285563,2,qEHVI,0.05,0.0,0.7000000000000001,0.1,0.0,0.05,0.1
9,2,4,1,False,0.3285138686338355,0.9332824008285563,3,qEHVI,0.0,0.1,0.7000000000000001,0.1,0.0,0.05,0.05
9,2,4,1,False,0.3285138686338355,0.9332824008285563,4,qUCB,0.35000000000000003,0.35000000000000003,0.2,0.0,0.1,0.0,0.0
9,3,3,2,False,0.27195125800011793,0.5608778975946485,0,qEHVI,0.1,0.0,0.7000000000000001,0.1,0.0,0.05,0.05
9,3,3,2,False,0.27195125800011793,0.5608778975946485,1,qEHVI,0.05,0.0,0.65,0.1,0.0,0.1,0.1
9,3,3,2,False,0.27195125800011793,0.5608778975946485,2,qEHVI,0.05,0.0,0.7000000000000001,0.1,0.0,0.05,0.1
9,3,3,2,False,0.27195125800011793,0.5608778975946485,3,qUCB,0.35000000000000003,0.35000000000000003,0.2,0.0,0.1,0.0,0.0
9,3,3,2,False,0.27195125800011793,0.5608778975946485,4,qUCB,0.0,0.45,0.2,0.0,0.1,0.25,0.0
9,4,2,3,False,0.20644013769817365,0.34676952945024064,0,qEHVI,0.1,0.0,0.7000000000000001,0.1,0.0,0.05,0.05
9,4,2,3,False,0.20644013769817365,0.34676952945024064,1,qEHVI,0.05,0.0,0.65,0.1,0.0,0.1,0.1
9,4,2,3,False,0.20644013769817365,0.34676952945024064,2,qUCB,0.35000000000000003,0.35000000000000003,0.2,0.0,0.1,0.0,0.0
9,4,2,3,False,0.20644013769817365,0.34676952945024064,3,qUCB,0.0,0.45,0.2,0.0,0.1,0.25,0.0
9,4,2,3,False,0.20644013769817365,0.34676952945024064,4,qUCB,0.0,0.45,0.2,0.0,0.0,0.25,0.1
9,5,1,4,False,0.10837339017939164,0.2702977874021011,0,qEHVI,0.1,0.0,0.7000000000000001,0.1,0.0,0.05,0.05
9,5,1,4,False,0.10837339017939164,0.2702977874021011,1,qUCB,0.35000000000000003,0.35000000000000003,0.2,0.0,0.1,0.0,0.0
9,5,1,4,False,0.10837339017939164,0.2702977874021011,2,qUCB,0.0,0.45,0.2,0.0,0.0,0.25,0.1
9,5,1,4,False,0.10837339017939164,0.2702977874021011,3,qUCB,0.35000000000000003,0.05,0.2,0.0,0.1,0.2,0.1
9,5,1,4,False,0.10837339017939164,0.2702977874021011,4,qUCB,0.0,0.5,0.2,0.0,0.1,0.2,0.0
9,6,0,5,True,0.10900527684964029,0.3113640318237181,0,qUCB,0.0,0.05,0.7000000000000001,0.1,0.0,0.1,0.05
9,6,0,5,True,0.10900527684964029,0.3113640318237181,1,qUCB,0.0,0.0,0.6000000000000001,0.0,0.0,0.35000000000000003,0.05
9,6,0,5,True,0.10900527684964029,0.3113640318237181,2,qUCB,0.35000000000000003,0.0,0.30000000000000004,0.1,0.0,0.15000000000000002,0.1
9,6,0,5,True,0.10900527684964029,0.3113640318237181,3,qUCB,0.0,0.45,0.2,0.0,0.0,0.25,0.1
9,6,0,5,True,0.10900527684964029,0.3113640318237181,4,qUCB,0.0,0.0,0.6000000000000001,0.0,0.1,0.30000000000000004,0.0
10,1,5,0,False,0.20244386631310404,0.38697402985458673,0,qEHVI,0.0,0.15000000000000002,0.7000000000000001,0.1,0.0,0.0,0.05
10,1,5,0,False,0.20244386631310404,0.38697402985458673,1,qEHVI,0.15000000000000002,0.05,0.7000000000000001,0.1,0.0,0.0,0.0
10,1,5,0,False,0.20244386631310404,0.38697402985458673,2,qEHVI,0.0,0.2,0.65,0.1,0.0,0.0,0.05
10,1,5,0,False,0.20244386631310404,0.38697402985458673,3,qEHVI,0.05,0.0,0.7000000000000001,0.1,0.0,0.05,0.1
10,1,5,0,False,0.20244386631310404,0.38697402985458673,4,qEHVI,0.0,0.0,0.7000000000000001,0.05,0.0,0.15000000000000002,0.1
10,2,4,1,False,0.17416242803036194,0.35076806812812933,0,qEHVI,0.0,0.15000000000000002,0.7000000000000001,0.1,0.0,0.0,0.05
10,2,4,1,False,0.17416242803036194,0.35076806812812933,1,qEHVI,0.15000000000000002,0.05,0.7000000000000001,0.1,0.0,0.0,0.0
10,2,4,1,False,0.17416242803036194,0.35076806812812933,2,qEHVI,0.0,0.2,0.65,0.1,0.0,0.0,0.05
10,2,4,1,False,0.17416242803036194,0.35076806812812933,3,qEHVI,0.05,0.0,0.7000000000000001,0.1,0.0,0.05,0.1
10,2,4,1,False,0.17416242803036194,0.35076806812812933,4,qUCB,0.0,0.0,0.4,0.0,0.1,0.45,0.05
10,3,3,2,False,0.14462008850918567,0.31500903933030244,0,qEHVI,0.0,0.15000000000000002,0.7000000000000001,0.1,0.0,0.0,0.05
10,3,3,2,False,0.14462008850918567,0.31500903933030244,1,qEHVI,0.15000000000000002,0.05,0.7000000000000001,0.1,0.0,0.0,0.0
10,3,3,2,False,0.14462008850918567,0.31500903933030244,2,qEHVI,0.0,0.2,0.65,0.1,0.0,0.0,0.05
10,3,3,2,False,0.14462008850918567,0.31500903933030244,3,qUCB,0.0,0.0,0.30000000000000004,0.05,0.1,0.45,0.1
10,3,3,2,False,0.14462008850918567,0.31500903933030244,4,qUCB,0.35000000000000003,0.35000000000000003,0.2,0.0,0.1,0.0,0.0
10,4,2,3,False,0.10593888183126413,0.37135319275279954,0,qEHVI,0.0,0.15000000000000002,0.7000000000000001,0.1,0.0,0.0,0.05
10,4,2,3,False,0.10593888183126413,0.37135319275279954,1,qEHVI,0.15000000000000002,0.05,0.7000000000000001,0.1,0.0,0.0,0.0
10,4,2,3,False,0.10593888183126413,0.37135319275279954,2,qUCB,0.0,0.0,0.30000000000000004,0.05,0.1,0.45,0.1
10,4,2,3,False,0.10593888183126413,0.37135319275279954,3,qUCB,0.2,0.5,0.2,0.0,0.1,0.0,0.0
10,4,2,3,False,0.10593888183126413,0.37135319275279954,4,qUCB,0.2,0.5,0.2,0.0,0.0,0.0,0.1
10,5,1,4,False,0.06358196361995112,0.17032507289545196,0,qEHVI,0.0,0.15000000000000002,0.7000000000000001,0.1,0.0,0.0,0.05
10,5,1,4,False,0.06358196361995112,0.17032507289545196,1,qUCB,0.35000000000000003,0.35000000000000003,0.2,0.0,0.1,0.0,0.0
10,5,1,4,False,0.06358196361995112,0.17032507289545196,2,qUCB,0.0,0.0,0.30000000000000004,0.05,0.1,0.45,0.1
10,5,1,4,False,0.06358196361995112,0.17032507289545196,3,qUCB,0.2,0.5,0.2,0.0,0.1,0.0,0.0
10,5,1,4,False,0.06358196361995112,0.17032507289545196,4,qUCB,0.35000000000000003,0.0,0.55,0.0,0.1,0.0,0.0
10,6,0,5,True,0.11745707707394913,0.3855100483808167,0,qUCB,0.0,0.0,0.7000000000000001,0.05,0.0,0.15000000000000002,0.1
10,6,0,5,True,0.11745707707394913,0.3855100483808167,1,qUCB,0.0,0.15000000000000002,0.7000000000000001,0.1,0.0,0.0,0.05
10,6,0,5,True,0.11745707707394913,0.3855100483808167,2,qUCB,0.0,0.0,0.6000000000000001,0.1,0.0,0.2,0.1
10,6,0,5,True,0.11745707707394913,0.3855100483808167,3,qUCB,0.0,0.0,0.65,0.0,0.0,0.25,0.1
10,6,0,5,True,0.11745707707394913,0.3855100483808167,4,qUCB,0.15000000000000002,0.25,0.5,0.1,0.0,0.0,0.0
11,1,5,0,False,0.20978613077139455,0.36488532953136854,0,qEHVI,0.05,0.1,0.7000000000000001,0.1,0.0,0.0,0.05
11,1,5,0,False,0.20978613077139455,0.36488532953136854,1,qEHVI,0.05,0.05,0.65,0.1,0.0,0.05,0.1
11,1,5,0,False,0.20978613077139455,0.36488532953136854,2,qEHVI,0.15000000000000002,0.0,0.65,0.1,0.0,0.05,0.05
11,1,5,0,False,0.20978613077139455,0.36488532953136854,3,qEHVI,0.15000000000000002,0.1,0.65,0.1,0.0,0.0,0.0
11,1,5,0,False,0.20978613077139455,0.36488532953136854,4,qEHVI,0.05,0.0,0.7000000000000001,0.1,0.0,0.05,0.1
11,2,4,1,False,0.1832330842738622,1.3217427149397718,0,qEHVI,0.05,0.1,0.7000000000000001,0.1,0.0,0.0,0.05
11,2,4,1,False,0.1832330842738622,1.3217427149397718,1,qEHVI,0.05,0.05,0.65,0.1,0.0,0.05,0.1
11,2,4,1,False,0.1832330842738622,1.3217427149397718,2,qEHVI,0.15000000000000002,0.0,0.65,0.1,0.0,0.05,0.05
11,2,4,1,False,0.1832330842738622,1.3217427149397718,3,qEHVI,0.15000000000000002,0.1,0.65,0.1,0.0,0.0,0.0
11,2,4,1,False,0.1832330842738622,1.3217427149397718,4,qUCB,0.0,0.0,0.4,0.0,0.1,0.4,0.1
11,3,3,2,False,0.14709064134954836,0.49511107664196885,0,qEHVI,0.05,0.1,0.7000000000000001,0.1,0.0,0.0,0.05
11,3,3,2,False,0.14709064134954836,0.49511107664196885,1,qEHVI,0.05,0.05,0.65,0.1,0.0,0.05,0.1
11,3,3,2,False,0.14709064134954836,0.49511107664196885,2,qEHVI,0.15000000000000002,0.0,0.65,0.1,0.0,0.05,0.05
11,3,3,2,False,0.14709064134954836,0.49511107664196885,3,qUCB,0.2,0.5,0.2,0.0,0.1,0.0,0.0
11,3,3,2,False,0.14709064134954836,0.49511107664196885,4,qUCB,0.35000000000000003,0.35000000000000003,0.2,0.0,0.1,0.0,0.0
11,4,2,3,False,0.10965869459499633,0.2400527905137615,0,qEHVI,0.05,0.1,0.7000000000000001,0.1,0.0,0.0,0.05
11,4,2,3,False,0.10965869459499633,0.2400527905137615,1,qEHVI,0.05,0.05,0.65,0.1,0.0,0.05,0.1
11,4,2,3,False,0.10965869459499633,0.2400527905137615,2,qUCB,0.35000000000000003,0.35000000000000003,0.2,0.0,0.1,0.0,0.0
11,4,2,3,False,0.10965869459499633,0.2400527905137615,3,qUCB,0.2,0.5,0.2,0.0,0.1,0.0,0.0
11,4,2,3,False,0.10965869459499633,0.2400527905137615,4,qUCB,0.35000000000000003,0.4,0.2,0.0,0.0,0.05,0.0
11,5,1,4,False,0.06765984811765595,0.07465438858057816,0,qEHVI,0.05,0.1,0.7000000000000001,0.1,0.0,0.0,0.05
11,5,1,4,False,0.06765984811765595,0.07465438858057816,1,qUCB,0.0,0.0,0.4,0.0,0.1,0.4,0.1
11,5,1,4,False,0.06765984811765595,0.07465438858057816,2,qUCB,0.35000000000000003,0.35000000000000003,0.2,0.0,0.1,0.0,0.0
11,5,1,4,False,0.06765984811765595,0.07465438858057816,3,qUCB,0.2,0.5,0.2,0.0,0.1,0.0,0.0
11,5,1,4,False,0.06765984811765595,0.07465438858057816,4,qUCB,0.1,0.05,0.2,0.0,0.1,0.45,0.1
11,6,0,5,True,0.09314725005979355,0.34741595627931243,0,qUCB,0.05,0.0,0.7000000000000001,0.1,0.0,0.05,0.1
11,6,0,5,True,0.09314725005979355,0.34741595627931243,1,qUCB,0.0,0.2,0.7000000000000001,0.0,0.0,0.0,0.1
11,6,0,5,True,0.09314725005979355,0.34741595627931243,2,qUCB,0.0,0.15000000000000002,0.65,0.1,0.0,0.0,0.1
11,6,0,5,True,0.09314725005979355,0.34741595627931243,3,qUCB,0.05,0.15000000000000002,0.7000000000000001,0.1,0.0,0.0,0.0
11,6,0,5,True,0.09314725005979355,0.34741595627931243,4,qUCB,0.0,0.05,0.7000000000000001,0.0,0.0,0.15000000000000002,0.1
12,1,5,0,False,0.19248915289270288,0.2939373840655666,0,qEHVI,0.05,0.1,0.7000000000000001,0.1,0.0,0.0,0.05
12,1,5,0,False,0.19248915289270288,0.2939373840655666,1,qEHVI,0.15000000000000002,0.05,0.7000000000000001,0.1,0.0,0.0,0.0
12,1,5,0,False,0.19248915289270288,0.2939373840655666,2,qEHVI,0.1,0.1,0.7000000000000001,0.05,0.0,0.0,0.05
12,1,5,0,False,0.19248915289270288,0.2939373840655666,3,qEHVI,0.25,0.0,0.65,0.1,0.0,0.0,0.0
12,1,5,0,False,0.19248915289270288,0.2939373840655666,4,qEHVI,0.05,0.05,0.7000000000000001,0.1,0.0,0.0,0.1
12,2,4,1,False,0.16828906484606776,0.3724384467185189,0,qEHVI,0.05,0.1,0.7000000000000001,0.1,0.0,0.0,0.05
12,2,4,1,False,0.16828906484606776,0.3724384467185189,1,qEHVI,0.15000000000000002,0.05,0.7000000000000001,0.1,0.0,0.0,0.0
12,2,4,1,False,0.16828906484606776,0.3724384467185189,2,qEHVI,0.1,0.1,0.7000000000000001,0.05,0.0,0.0,0.05
12,2,4,1,False,0.16828906484606776,0.3724384467185189,3,qEHVI,0.25,0.0,0.65,0.1,0.0,0.0,0.0
12,2,4,1,False,0.16828906484606776,0.3724384467185189,4,qUCB,0.0,0.0,0.30000000000000004,0.05,0.1,0.45,0.1
12,3,3,2,False,0.14428777845020815,0.4911855870391335,0,qEHVI,0.05,0.1,0.7000000000000001,0.1,0.0,0.0,0.05
12,3,3,2,False,0.14428777845020815,0.4911855870391335,1,qEHVI,0.15000000000000002,0.05,0.7000000000000001,0.1,0.0,0.0,0.0
12,3,3,2,False,0.14428777845020815,0.4911855870391335,2,qEHVI,0.1,0.1,0.7000000000000001,0.05,0.0,0.0,0.05
12,3,3,2,False,0.14428777845020815,0.4911855870391335,3,qUCB,0.0,0.0,0.30000000000000004,0.05,0.1,0.45,0.1
12,3,3,2,False,0.14428777845020815,0.4911855870391335,4,qUCB,0.35000000000000003,0.35000000000000003,0.2,0.0,0.1,0.0,0.0
12,4,2,3,False,0.10874071722828103,0.11082703689261297,0,qEHVI,0.05,0.1,0.7000000000000001,0.1,0.0,0.0,0.05
12,4,2,3,False,0.10874071722828103,0.11082703689261297,1,qEHVI,0.15000000000000002,0.05,0.7000000000000001,0.1,0.0,0.0,0.0
12,4,2,3,False,0.10874071722828103,0.11082703689261297,2,qUCB,0.05,0.0,0.30000000000000004,0.0,0.1,0.45,0.1
12,4,2,3,False,0.10874071722828103,0.11082703689261297,3,qUCB,0.35000000000000003,0.35000000000000003,0.2,0.0,0.0,0.0,0.1
12,4,2,3,False,0.10874071722828103,0.11082703689261297,4,qUCB,0.35000000000000003,0.35000000000000003,0.2,0.0,0.1,0.0,0.0
12,5,1,4,False,0.06943029114125807,0.07860026114100416,0,qEHVI,0.05,0.1,0.7000000000000001,0.1,0.0,0.0,0.05
12,5,1,4,False,0.06943029114125807,0.07860026114100416,1,qUCB,0.05,0.0,0.30000000000000004,0.0,0.1,0.45,0.1
12,5,1,4,False,0.06943029114125807,0.07860026114100416,2,qUCB,0.35000000000000003,0.35000000000000003,0.2,0.0,0.1,0.0,0.0
12,5,1,4,False,0.06943029114125807,0.07860026114100416,3,qUCB,0.15000000000000002,0.0,0.2,0.0,0.1,0.45,0.1
12,5,1,4,False,0.06943029114125807,0.07860026114100416,4,qUCB,0.2,0.5,0.2,0.0,0.0,0.0,0.1
12,6,0,5,True,0.07796460776561372,0.6293739092474322,0,qUCB,0.0,0.05,0.7000000000000001,0.1,0.0,0.05,0.1
12,6,0,5,True,0.07796460776561372,0.6293739092474322,1,qUCB,0.0,0.0,0.55,0.1,0.0,0.25,0.1
12,6,0,5,True,0.07796460776561372,0.6293739092474322,2,qUCB,0.05,0.0,0.65,0.1,0.0,0.1,0.1
12,6,0,5,True,0.07796460776561372,0.6293739092474322,3,qUCB,0.0,0.0,0.7000000000000001,0.1,0.0,0.15000000000000002,0.05
12,6,0,5,True,0.07796460776561372,0.6293739092474322,4,qUCB,0.15000000000000002,0.0,0.65,0.1,0.0,0.0,0.1
13,1,5,0,False,0.1671603813403796,1.341227369052696,0,qEHVI,0.1,0.0,0.7000000000000001,0.1,0.0,0.05,0.05
13,1,5,0,False,0.1671603813403796,1.341227369052696,1,qEHVI,0.1,0.1,0.7000000000000001,0.05,0.0,0.0,0.05
13,1,5,0,False,0.1671603813403796,1.341227369052696,2,qEHVI,0.15000000000000002,0.05,0.7000000000000001,0.1,0.0,0.0,0.0
13,1,5,0,False,0.1671603813403796,1.341227369052696,3,qEHVI,0.25,0.0,0.65,0.1,0.0,0.0,0.0
13,1,5,0,False,0.1671603813403796,1.341227369052696,4,qEHVI,0.05,0.05,0.7000000000000001,0.1,0.0,0.0,0.1
13,2,4,1,False,0.14655029012218393,1.4973138338457392,0,qEHVI,0.1,0.0,0.7000000000000001,0.1,0.0,0.05,0.05
13,2,4,1,False,0.14655029012218393,1.4973138338457392,1,qEHVI,0.1,0.1,0.7000000000000001,0.05,0.0,0.0,0.05
13,2,4,1,False,0.14655029012218393,1.4973138338457392,2,qEHVI,0.15000000000000002,0.05,0.7000000000000001,0.1,0.0,0.0,0.0
13,2,4,1,False,0.14655029012218393,1.4973138338457392,3,qEHVI,0.25,0.0,0.65,0.1,0.0,0.0,0.0
13,2,4,1,False,0.14655029012218393,1.4973138338457392,4,qUCB,0.0,0.0,0.30000000000000004,0.05,0.1,0.45,0.1
13,3,3,2,False,0.12389693298791642,1.1699044784206745,0,qEHVI,0.1,0.0,0.7000000000000001,0.1,0.0,0.05,0.05
13,3,3,2,False,0.12389693298791642,1.1699044784206745,1,qEHVI,0.1,0.1,0.7000000000000001,0.05,0.0,0.0,0.05
13,3,3,2,False,0.12389693298791642,1.1699044784206745,2,qEHVI,0.15000000000000002,0.05,0.7000000000000001,0.1,0.0,0.0,0.0
13,3,3,2,False,0.12389693298791642,1.1699044784206745,3,qUCB,0.0,0.0,0.30000000000000004,0.05,0.1,0.45,0.1
13,3,3,2,False,0.12389693298791642,1.1699044784206745,4,qUCB,0.15000000000000002,0.0,0.2,0.0,0.1,0.45,0.1
13,4,2,3,False,0.0875604333693924,0.27940682437083897,0,qEHVI,0.1,0.0,0.7000000000000001,0.1,0.0,0.05,0.05
13,4,2,3,False,0.0875604333693924,0.27940682437083897,1,qEHVI,0.1,0.1,0.7000000000000001,0.05,0.0,0.0,0.05
13,4,2,3,False,0.0875604333693924,0.27940682437083897,2,qUCB,0.0,0.0,0.30000000000000004,0.05,0.1,0.45,0.1
13,4,2,3,False,0.0875604333693924,0.27940682437083897,3,qUCB,0.15000000000000002,0.0,0.2,0.0,0.1,0.45,0.1
13,4,2,3,False,0.0875604333693924,0.27940682437083897,4,qUCB,0.30000000000000004,0.4,0.2,0.0,0.1,0.0,0.0
13,5,1,4,False,0.04879739871733448,0.08177083596323742,0,qEHVI,0.1,0.0,0.7000000000000001,0.1,0.0,0.05,0.05
13,5,1,4,False,0.04879739871733448,0.08177083596323742,1,qUCB,0.05,0.0,0.30000000000000004,0.0,0.1,0.45,0.1
13,5,1,4,False,0.04879739871733448,0.08177083596323742,2,qUCB,0.25,0.45,0.2,0.0,0.1,0.0,0.0
13,5,1,4,False,0.04879739871733448,0.08177083596323742,3,qUCB,0.25,0.45,0.2,0.0,0.0,0.0,0.1
13,5,1,4,False,0.04879739871733448,0.08177083596323742,4,qUCB,0.35000000000000003,0.4,0.2,0.0,0.0,0.05,0.0
13,6,0,5,True,0.05174849910333554,0.4028782464083456,0,qUCB,0.05,0.05,0.7000000000000001,0.1,0.0,0.0,0.1
13,6,0,5,True,0.05174849910333554,0.4028782464083456,1,qUCB,0.0,0.05,0.65,0.1,0.0,0.1,0.1
13,6,0,5,True,0.05174849910333554,0.4028782464083456,2,qUCB,0.05,0.0,0.7000000000000001,0.0,0.0,0.15000000000000002,0.1
13,6,0,5,True,0.05174849910333554,0.4028782464083456,3,qUCB,0.0,0.0,0.5,0.1,0.0,0.30000000000000004,0.1
13,6,0,5,True,0.05174849910333554,0.4028782464083456,4,qUCB,0.0,0.2,0.7000000000000001,0.1,0.0,0.0,0.0
14,1,5,0,False,0.17042137707128915,0.8087947810678564,0,qEHVI,0.05,0.15000000000000002,0.65,0.1,0.0,0.0,0.05
14,1,5,0,False,0.17042137707128915,0.8087947810678564,1,qEHVI,0.1,0.0,0.7000000000000001,0.1,0.0,0.05,0.05
14,1,5,0,False,0.17042137707128915,0.8087947810678564,2,qEHVI,0.15000000000000002,0.05,0.7000000000000001,0.1,0.0,0.0,0.0
14,1,5,0,False,0.17042137707128915,0.8087947810678564,3,qEHVI,0.25,0.0,0.65,0.1,0.0,0.0,0.0
14,1,5,0,False,0.17042137707128915,0.8087947810678564,4,qEHVI,0.0,0.0,0.65,0.05,0.0,0.2,0.1
14,2,4,1,False,0.15123136755674343,0.40927555692707784,0,qEHVI,0.05,0.15000000000000002,0.65,0.1,0.0,0.0,0.05
14,2,4,1,False,0.15123136755674343,0.40927555692707784,1,qEHVI,0.1,0.0,0.7000000000000001,0.1,0.0,0.05,0.05
14,2,4,1,False,0.15123136755674343,0.40927555692707784,2,qEHVI,0.15000000000000002,0.05,0.7000000000000001,0.1,0.0,0.0,0.0
14,2,4,1,False,0.15123136755674343,0.40927555692707784,3,qEHVI,0.25,0.0,0.65,0.1,0.0,0.0,0.0
14,2,4,1,False,0.15123136755674343,0.40927555692707784,4,qUCB,0.05,0.0,0.35000000000000003,0.0,0.1,0.4,0.1
14,3,3,2,False,0.12909366491089402,0.46297426396196784,0,qEHVI,0.05,0.15000000000000002,0.65,0.1,0.0,0.0,0.05
14,3,3,2,False,0.12909366491089402,0.46297426396196784,1,qEHVI,0.1,0.0,0.7000000000000001,0.1,0.0,0.05,0.05
14,3,3,2,False,0.12909366491089402,0.46297426396196784,2,qEHVI,0.15000000000000002,0.05,0.7000000000000001,0.1,0.0,0.0,0.0
14,3,3,2,False,0.12909366491089402,0.46297426396196784,3,qUCB,0.05,0.0,0.35000000000000003,0.0,0.1,0.4,0.1
14,3,3,2,False,0.12909366491089402,0.46297426396196784,4,qUCB,0.35000000000000003,0.4,0.2,0.0,0.05,0.0,0.0
14,4,2,3,False,0.09273710830234573,0.24652288114670906,0,qEHVI,0.05,0.15000000000000002,0.65,0.1,0.0,0.0,0.05
14,4,2,3,False,0.09273710830234573,0.24652288114670906,1,qEHVI,0.1,0.0,0.7000000000000001,0.1,0.0,0.05,0.05
14,4,2,3,False,0.09273710830234573,0.24652288114670906,2,qUCB,0.05,0.0,0.35000000000000003,0.0,0.1,0.4,0.1
14,4,2,3,False,0.09273710830234573,0.24652288114670906,3,qUCB,0.35000000000000003,0.4,0.2,0.0,0.05,0.0,0.0
14,4,2,3,False,0.09273710830234573,0.24652288114670906,4,qUCB,0.35000000000000003,0.35000000000000003,0.2,0.0,0.0,0.0,0.1
14,5,1,4,False,0.048201303822032936,0.088604812235765,0,qEHVI,0.05,0.15000000000000002,0.65,0.1,0.0,0.0,0.05
14,5,1,4,False,0.048201303822032936,0.088604812235765,1,qUCB,0.0,0.0,0.4,0.0,0.05,0.45,0.1
14,5,1,4,False,0.048201303822032936,0.088604812235765,2,qUCB,0.35000000000000003,0.4,0.2,0.0,0.05,0.0,0.0
14,5,1,4,False,0.048201303822032936,0.088604812235765,3,qUCB,0.1,0.05,0.2,0.0,0.1,0.45,0.1
14,5,1,4,False,0.048201303822032936,0.088604812235765,4,qUCB,0.2,0.5,0.2,0.0,0.0,0.0,0.1
14,6,0,5,True,0.1028263115243527,0.47289277734532753,0,qUCB,0.0,0.0,0.65,0.05,0.0,0.2,0.1
14,6,0,5,True,0.1028263115243527,0.47289277734532753,1,qUCB,0.1,0.0,0.7000000000000001,0.1,0.0,0.05,0.05
14,6,0,5,True,0.1028263115243527,0.47289277734532753,2,qUCB,0.0,0.05,0.7000000000000001,0.05,0.0,0.1,0.1
14,6,0,5,True,0.1028263115243527,0.47289277734532753,3,qUCB,0.15000000000000002,0.05,0.7000000000000001,0.1,0.0,0.0,0.0
14,6,0,5,True,0.1028263115243527,0.47289277734532753,4,qUCB,0.0,0.0,0.35000000000000003,0.1,0.0,0.45,0.1
15,1,5,0,False,0.09749066811327123,1.3538254967954941,0,qEHVI,0.05,0.15000000000000002,0.6000000000000001,0.1,0.0,0.0,0.1
15,1,5,0,False,0.09749066811327123,1.3538254967954941,1,qEHVI,0.25,0.0,0.7000000000000001,0.05,0.0,0.0,0.0
15,1,5,0,False,0.09749066811327123,1.3538254967954941,2,qEHVI,0.15000000000000002,0.0,0.7000000000000001,0.1,0.0,0.0,0.05
15,1,5,0,False,0.09749066811327123,1.3538254967954941,3,qEHVI,0.1,0.05,0.7000000000000001,0.05,0.0,0.05,0.05
15,1,5,0,False,0.09749066811327123,1.3538254967954941,4,qEHVI,0.30000000000000004,0.0,0.6000000000000001,0.1,0.0,0.0,0.0
15,2,4,1,False,0.08726440042848603,0.4564818357871374,0,qEHVI,0.05,0.15000000000000002,0.6000000000000001,0.1,0.0,0.0,0.1
15,2,4,1,False,0.08726440042848603,0.4564818357871374,1,qEHVI,0.25,0.0,0.7000000000000001,0.05,0.0,0.0,0.0
15,2,4,1,False,0.08726440042848603,0.4564818357871374,2,qEHVI,0.15000000000000002,0.0,0.7000000000000001,0.1,0.0,0.0,0.05
15,2,4,1,False,0.08726440042848603,0.4564818357871374,3,qEHVI,0.1,0.05,0.7000000000000001,0.05,0.0,0.05,0.05
15,2,4,1,False,0.08726440042848603,0.4564818357871374,4,qUCB,0.05,0.0,0.30000000000000004,0.0,0.1,0.45,0.1
15,3,3,2,True,0.07378197204736456,0.1913577330266758,0,qEHVI,0.05,0.15000000000000002,0.6000000000000001,0.1,0.0,0.0,0.1
15,3,3,2,True,0.07378197204736456,0.1913577330266758,1,qEHVI,0.25,0.0,0.7000000000000001,0.05,0.0,0.0,0.0
15,3,3,2,True,0.07378197204736456,0.1913577330266758,2,qEHVI,0.15000000000000002,0.0,0.7000000000000001,0.1,0.0,0.0,0.05
15,3,3,2,True,0.07378197204736456,0.1913577330266758,3,qUCB,0.05,0.0,0.30000000000000004,0.0,0.1,0.45,0.1
15,3,3,2,True,0.07378197204736456,0.1913577330266758,4,qUCB,0.15000000000000002,0.0,0.2,0.0,0.1,0.45,0.1
15,4,2,3,False,0.05760931172636725,0.12183387016632885,0,qEHVI,0.05,0.15000000000000002,0.6000000000000001,0.1,0.0,0.0,0.1
15,4,2,3,False,0.05760931172636725,0.12183387016632885,1,qEHVI,0.25,0.0,0.7000000000000001,0.05,0.0,0.0,0.0
15,4,2,3,False,0.05760931172636725,0.12183387016632885,2,qUCB,0.05,0.0,0.30000000000000004,0.0,0.1,0.45,0.1
15,4,2,3,False,0.05760931172636725,0.12183387016632885,3,qUCB,0.15000000000000002,0.0,0.2,0.0,0.1,0.45,0.1
15,4,2,3,False,0.05760931172636725,0.12183387016632885,4,qUCB,0.25,0.45,0.2,0.0,0.1,0.0,0.0
15,5,1,4,False,0.03709984868550557,0.11485368416920583,0,qEHVI,0.05,0.15000000000000002,0.6000000000000001,0.1,0.0,0.0,0.1
15,5,1,4,False,0.03709984868550557,0.11485368416920583,1,qUCB,0.35000000000000003,0.35000000000000003,0.2,0.0,0.1,0.0,0.0
15,5,1,4,False,0.03709984868550557,0.11485368416920583,2,qUCB,0.05,0.0,0.30000000000000004,0.0,0.1,0.45,0.1
15,5,1,4,False,0.03709984868550557,0.11485368416920583,3,qUCB,0.35000000000000003,0.0,0.55,0.0,0.1,0.0,0.0
15,5,1,4,False,0.03709984868550557,0.11485368416920583,4,qUCB,0.15000000000000002,0.0,0.2,0.0,0.1,0.45,0.1
15,6,0,5,False,0.01741888388336259,0.3377761830632924,0,qUCB,0.05,0.0,0.7000000000000001,0.1,0.0,0.1,0.05
15,6,0,5,False,0.01741888388336259,0.3377761830632924,1,qUCB,0.05,0.0,0.7000000000000001,0.05,0.0,0.1,0.1
15,6,0,5,False,0.01741888388336259,0.3377761830632924,2,qUCB,0.0,0.0,0.6000000000000001,0.0,0.0,0.30000000000000004,0.1
15,6,0,5,False,0.01741888388336259,0.3377761830632924,3,qUCB,0.35000000000000003,0.0,0.55,0.0,0.1,0.0,0.0
15,6,0,5,False,0.01741888388336259,0.3377761830632924,4,qUCB,0.0,0.1,0.7000000000000001,0.1,0.0,0.05,0.05
16,1,5,0,False,0.12953585121321948,0.6152297273480727,0,qEHVI,0.05,0.05,0.7000000000000001,0.1,0.0,0.05,0.05
16,1,5,0,False,0.12953585121321948,0.6152297273480727,1,qEHVI,0.2,0.05,0.65,0.1,0.0,0.0,0.0
16,1,5,0,False,0.12953585121321948,0.6152297273480727,2,qEHVI,0.0,0.1,0.65,0.1,0.0,0.05,0.1
16,1,5,0,False,0.12953585121321948,0.6152297273480727,3,qEHVI,0.15000000000000002,0.0,0.65,0.1,0.0,0.05,0.05
16,1,5,0,False,0.12953585121321948,0.6152297273480727,4,qEHVI,0.0,0.1,0.7000000000000001,0.1,0.0,0.05,0.05
16,2,4,1,False,0.11304524966803865,0.2969374333624337,0,qEHVI,0.05,0.05,0.7000000000000001,0.1,0.0,0.05,0.05
16,2,4,1,False,0.11304524966803865,0.2969374333624337,1,qEHVI,0.2,0.05,0.65,0.1,0.0,0.0,0.0
16,2,4,1,False,0.11304524966803865,0.2969374333624337,2,qEHVI,0.0,0.1,0.65,0.1,0.0,0.05,0.1
16,2,4,1,False,0.11304524966803865,0.2969374333624337,3,qEHVI,0.15000000000000002,0.0,0.65,0.1,0.0,0.05,0.05
16,2,4,1,False,0.11304524966803865,0.2969374333624337,4,qUCB,0.0,0.0,0.4,0.0,0.1,0.4,0.1
16,3,3,2,True,0.09257324892578005,0.33549008260865776,0,qEHVI,0.05,0.05,0.7000000000000001,0.1,0.0,0.05,0.05
16,3,3,2,True,0.09257324892578005,0.33549008260865776,1,qEHVI,0.2,0.05,0.65,0.1,0.0,0.0,0.0
16,3,3,2,True,0.09257324892578005,0.33549008260865776,2,qEHVI,0.0,0.1,0.65,0.1,0.0,0.05,0.1
16,3,3,2,True,0.09257324892578005,0.33549008260865776,3,qUCB,0.30000000000000004,0.4,0.2,0.0,0.0,0.0,0.1
16,3,3,2,True,0.09257324892578005,0.33549008260865776,4,qUCB,0.35000000000000003,0.25,0.2,0.0,0.1,0.0,0.1
16,4,2,3,False,0.07259007418302074,0.17264284760821802,0,qEHVI,0.05,0.05,0.7000000000000001,0.1,0.0,0.05,0.05
16,4,2,3,False,0.07259007418302074,0.17264284760821802,1,qEHVI,0.2,0.05,0.65,0.1,0.0,0.0,0.0
16,4,2,3,False,0.07259007418302074,0.17264284760821802,2,qUCB,0.2,0.5,0.2,0.0,0.0,0.0,0.1
16,4,2,3,False,0.07259007418302074,0.17264284760821802,3,qUCB,0.2,0.4,0.2,0.0,0.1,0.0,0.1
16,4,2,3,False,0.07259007418302074,0.17264284760821802,4,qUCB,0.0,0.0,0.4,0.0,0.1,0.4,0.1
16,5,1,4,False,0.047668108386966584,0.12981932661647733,0,qEHVI,0.05,0.05,0.7000000000000001,0.1,0.0,0.05,0.05
16,5,1,4,False,0.047668108386966584,0.12981932661647733,1,qUCB,0.35000000000000003,0.4,0.2,0.0,0.05,0.0,0.0
16,5,1,4,False,0.047668108386966584,0.12981932661647733,2,qUCB,0.35000000000000003,0.0,0.30000000000000004,0.0,0.1,0.25,0.0
16,5,1,4,False,0.047668108386966584,0.12981932661647733,3,qUCB,0.15000000000000002,0.5,0.2,0.05,0.1,0.0,0.0
16,5,1,4,False,0.047668108386966584,0.12981932661647733,4,qUCB,0.2,0.5,0.2,0.0,0.0,0.0,0.1
16,6,0,5,False,0.036721630032979256,0.27763979628542224,0,qUCB,0.0,0.1,0.65,0.1,0.0,0.05,0.1
16,6,0,5,False,0.036721630032979256,0.27763979628542224,1,qUCB,0.35000000000000003,0.0,0.2,0.1,0.1,0.25,0.0
16,6,0,5,False,0.036721630032979256,0.27763979628542224,2,qUCB,0.0,0.1,0.55,0.1,0.0,0.15000000000000002,0.1
16,6,0,5,False,0.036721630032979256,0.27763979628542224,3,qUCB,0.05,0.0,0.7000000000000001,0.1,0.0,0.1,0.05
16,6,0,5,False,0.036721630032979256,0.27763979628542224,4,qUCB,0.35000000000000003,0.0,0.4,0.05,0.0,0.2,0.0
17,1,5,0,False,0.08870934641063885,0.5165975963394853,0,qEHVI,0.25,0.0,0.65,0.1,0.0,0.0,0.0
17,1,5,0,False,0.08870934641063885,0.5165975963394853,1,qEHVI,0.0,0.1,0.7000000000000001,0.1,0.0,0.05,0.05
17,1,5,0,False,0.08870934641063885,0.5165975963394853,2,qEHVI,0.05,0.15000000000000002,0.65,0.1,0.0,0.0,0.05
17,1,5,0,False,0.08870934641063885,0.5165975963394853,3,qEHVI,0.0,0.15000000000000002,0.65,0.1,0.0,0.05,0.05
17,1,5,0,False,0.08870934641063885,0.5165975963394853,4,qEHVI,0.1,0.05,0.6000000000000001,0.1,0.0,0.1,0.05
17,2,4,1,False,0.07931520072586581,1.0923980519136638,0,qEHVI,0.25,0.0,0.65,0.1,0.0,0.0,0.0
17,2,4,1,False,0.07931520072586581,1.0923980519136638,1,qEHVI,0.0,0.1,0.7000000000000001,0.1,0.0,0.05,0.05
17,2,4,1,False,0.07931520072586581,1.0923980519136638,2,qEHVI,0.05,0.15000000000000002,0.65,0.1,0.0,0.0,0.05
17,2,4,1,False,0.07931520072586581,1.0923980519136638,3,qEHVI,0.0,0.15000000000000002,0.65,0.1,0.0,0.05,0.05
17,2,4,1,False,0.07931520072586581,1.0923980519136638,4,qUCB,0.0,0.0,0.4,0.0,0.1,0.4,0.1
17,3,3,2,True,0.06392018937069044,0.21174764967972237,0,qEHVI,0.25,0.0,0.65,0.1,0.0,0.0,0.0
17,3,3,2,True,0.06392018937069044,0.21174764967972237,1,qEHVI,0.0,0.1,0.7000000000000001,0.1,0.0,0.05,0.05
17,3,3,2,True,0.06392018937069044,0.21174764967972237,2,qEHVI,0.05,0.15000000000000002,0.65,0.1,0.0,0.0,0.05
17,3,3,2,True,0.06392018937069044,0.21174764967972237,3,qUCB,0.0,0.0,0.4,0.0,0.1,0.4,0.1
17,3,3,2,True,0.06392018937069044,0.21174764967972237,4,qUCB,0.0,0.05,0.30000000000000004,0.0,0.1,0.45,0.1
17,4,2,3,False,0.047390270837793375,0.2188783030690482,0,qEHVI,0.25,0.0,0.65,0.1,0.0,0.0,0.0
17,4,2,3,False,0.047390270837793375,0.2188783030690482,1,qEHVI,0.0,0.1,0.7000000000000001,0.1,0.0,0.05,0.05
17,4,2,3,False,0.047390270837793375,0.2188783030690482,2,qUCB,0.0,0.0,0.4,0.0,0.1,0.4,0.1
17,4,2,3,False,0.047390270837793375,0.2188783030690482,3,qUCB,0.0,0.05,0.30000000000000004,0.0,0.1,0.45,0.1
17,4,2,3,False,0.047390270837793375,0.2188783030690482,4,qUCB,0.15000000000000002,0.5,0.2,0.05,0.1,0.0,0.0
17,5,1,4,False,0.027049196478456192,0.1408861909653103,0,qEHVI,0.25,0.0,0.65,0.1,0.0,0.0,0.0
17,5,1,4,False,0.027049196478456192,0.1408861909653103,1,qUCB,0.0,0.0,0.4,0.0,0.1,0.4,0.1
17,5,1,4,False,0.027049196478456192,0.1408861909653103,2,qUCB,0.0,0.05,0.30000000000000004,0.0,0.1,0.45,0.1
17,5,1,4,False,0.027049196478456192,0.1408861909653103,3,qUCB,0.0,0.0,0.5,0.0,0.1,0.30000000000000004,0.1
17,5,1,4,False,0.027049196478456192,0.1408861909653103,4,qUCB,0.0,0.1,0.2,0.05,0.1,0.45,0.1
17,6,0,5,False,0.03544810662309141,0.2578081295368042,0,qUCB,0.0,0.1,0.6000000000000001,0.1,0.0,0.1,0.1
17,6,0,5,False,0.03544810662309141,0.2578081295368042,1,qUCB,0.0,0.1,0.7000000000000001,0.1,0.0,0.05,0.05
17,6,0,5,False,0.03544810662309141,0.2578081295368042,2,qUCB,0.35000000000000003,0.0,0.2,0.1,0.1,0.25,0.0
17,6,0,5,False,0.03544810662309141,0.2578081295368042,3,qUCB,0.0,0.0,0.55,0.0,0.0,0.35000000000000003,0.1
17,6,0,5,False,0.03544810662309141,0.2578081295368042,4,qUCB,0.35000000000000003,0.0,0.4,0.1,0.0,0.15000000000000002,0.0
18,1,5,0,False,0.09692510749390638,0.4125982988378638,0,qEHVI,0.05,0.1,0.65,0.1,0.0,0.05,0.05
18,1,5,0,False,0.09692510749390638,0.4125982988378638,1,qEHVI,0.2,0.0,0.65,0.1,0.0,0.05,0.0
18,1,5,0,False,0.09692510749390638,0.4125982988378638,2,qEHVI,0.1,0.05,0.65,0.1,0.0,0.05,0.05
18,1,5,0,False,0.09692510749390638,0.4125982988378638,3,qEHVI,0.1,0.0,0.65,0.1,0.0,0.1,0.05
18,1,5,0,False,0.09692510749390638,0.4125982988378638,4,qEHVI,0.05,0.1,0.6000000000000001,0.1,0.0,0.05,0.1
18,2,4,1,False,0.08404615654485248,0.4219678780467149,0,qEHVI,0.05,0.1,0.65,0.1,0.0,0.05,0.05
18,2,4,1,False,0.08404615654485248,0.4219678780467149,1,qEHVI,0.2,0.0,0.65,0.1,0.0,0.05,0.0
18,2,4,1,False,0.08404615654485248,0.4219678780467149,2,qEHVI,0.1,0.05,0.65,0.1,0.0,0.05,0.05
18,2,4,1,False,0.08404615654485248,0.4219678780467149,3,qEHVI,0.1,0.0,0.65,0.1,0.0,0.1,0.05
18,2,4,1,False,0.08404615654485248,0.4219678780467149,4,qUCB,0.2,0.5,0.2,0.0,0.0,0.0,0.1
18,3,3,2,True,0.06951235493919625,0.3628232992675411,0,qEHVI,0.05,0.1,0.65,0.1,0.0,0.05,0.05
18,3,3,2,True,0.06951235493919625,0.3628232992675411,1,qEHVI,0.2,0.0,0.65,0.1,0.0,0.05,0.0
18,3,3,2,True,0.06951235493919625,0.3628232992675411,2,qEHVI,0.1,0.05,0.65,0.1,0.0,0.05,0.05
18,3,3,2,True,0.06951235493919625,0.3628232992675411,3,qUCB,0.0,0.0,0.30000000000000004,0.05,0.1,0.45,0.1
18,3,3,2,True,0.06951235493919625,0.3628232992675411,4,qUCB,0.15000000000000002,0.5,0.2,0.05,0.1,0.0,0.0
18,4,2,3,False,0.054564322721083004,0.26289029284235,0,qEHVI,0.05,0.1,0.65,0.1,0.0,0.05,0.05
18,4,2,3,False,0.054564322721083004,0.26289029284235,1,qEHVI,0.2,0.0,0.65,0.1,0.0,0.05,0.0
18,4,2,3,False,0.054564322721083004,0.26289029284235,2,qUCB,0.0,0.0,0.30000000000000004,0.05,0.1,0.45,0.1
18,4,2,3,False,0.054564322721083004,0.26289029284235,3,qUCB,0.15000000000000002,0.5,0.2,0.05,0.1,0.0,0.0
18,4,2,3,False,0.054564322721083004,0.26289029284235,4,qUCB,0.35000000000000003,0.1,0.2,0.0,0.1,0.25,0.0
18,5,1,4,False,0.032789971233683386,0.07833247167662716,0,qEHVI,0.05,0.1,0.65,0.1,0.0,0.05,0.05
18,5,1,4,False,0.032789971233683386,0.07833247167662716,1,qUCB,0.35000000000000003,0.4,0.2,0.0,0.05,0.0,0.0
18,5,1,4,False,0.032789971233683386,0.07833247167662716,2,qUCB,0.35000000000000003,0.0,0.35000000000000003,0.0,0.1,0.2,0.0
18,5,1,4,False,0.032789971233683386,0.07833247167662716,3,qUCB,0.15000000000000002,0.5,0.2,0.05,0.1,0.0,0.0
18,5,1,4,False,0.032789971233683386,0.07833247167662716,4,qUCB,0.35000000000000003,0.1,0.2,0.0,0.1,0.25,0.0
18,6,0,5,False,0.025561810879719225,0.13228931232455546,0,qUCB,0.0,0.1,0.6000000000000001,0.1,0.0,0.1,0.1
18,6,0,5,False,0.025561810879719225,0.13228931232455546,1,qUCB,0.35000000000000003,0.0,0.5,0.0,0.0,0.15000000000000002,0.0
18,6,0,5,False,0.025561810879719225,0.13228931232455546,2,qUCB,0.35000000000000003,0.0,0.2,0.1,0.1,0.25,0.0
18,6,0,5,False,0.025561810879719225,0.13228931232455546,3,qUCB,0.05,0.0,0.7000000000000001,0.1,0.0,0.1,0.05
18,6,0,5,False,0.025561810879719225,0.13228931232455546,4,qUCB,0.35000000000000003,0.2,0.2,0.0,0.0,0.25,0.0
19,1,5,0,False,0.08270029065005571,0.6343370296530377,0,qEHVI,0.15000000000000002,0.1,0.65,0.1,0.0,0.0,0.0
19,1,5,0,False,0.08270029065005571,0.6343370296530377,1,qEHVI,0.1,0.05,0.6000000000000001,0.1,0.0,0.05,0.1
19,1,5,0,False,0.08270029065005571,0.6343370296530377,2,qEHVI,0.0,0.15000000000000002,0.65,0.1,0.0,0.05,0.05
19,1,5,0,False,0.08270029065005571,0.6343370296530377,3,qEHVI,0.25,0.0,0.6000000000000001,0.1,0.0,0.0,0.05
19,1,5,0,False,0.08270029065005571,0.6343370296530377,4,qEHVI,0.05,0.05,0.65,0.1,0.0,0.1,0.05
19,2,4,1,False,0.07081126185017984,1.1439773770366521,0,qEHVI,0.15000000000000002,0.1,0.65,0.1,0.0,0.0,0.0
19,2,4,1,False,0.07081126185017984,1.1439773770366521,1,qEHVI,0.1,0.05,0.6000000000000001,0.1,0.0,0.05,0.1
19,2,4,1,False,0.07081126185017984,1.1439773770366521,2,qEHVI,0.0,0.15000000000000002,0.65,0.1,0.0,0.05,0.05
19,2,4,1,False,0.07081126185017984,1.1439773770366521,3,qEHVI,0.25,0.0,0.6000000000000001,0.1,0.0,0.0,0.05
19,2,4,1,False,0.07081126185017984,1.1439773770366521,4,qUCB,0.0,0.0,0.4,0.0,0.1,0.45,0.05
19,3,3,2,True,0.06020705295725238,0.49063569975372623,0,qEHVI,0.15000000000000002,0.1,0.65,0.1,0.0,0.0,0.0
19,3,3,2,True,0.06020705295725238,0.49063569975372623,1,qEHVI,0.1,0.05,0.6000000000000001,0.1,0.0,0.05,0.1
19,3,3,2,True,0.06020705295725238,0.49063569975372623,2,qEHVI,0.0,0.15000000000000002,0.65,0.1,0.0,0.05,0.05
19,3,3,2,True,0.06020705295725238,0.49063569975372623,3,qUCB,0.35000000000000003,0.4,0.2,0.0,0.0,0.0,0.05
19,3,3,2,True,0.06020705295725238,0.49063569975372623,4,qUCB,0.35000000000000003,0.05,0.2,0.0,0.1,0.30000000000000004,0.0
19,4,2,3,False,0.047300832361995296,0.1475516440025153,0,qEHVI,0.15000000000000002,0.1,0.65,0.1,0.0,0.0,0.0
19,4,2,3,False,0.047300832361995296,0.1475516440025153,1,qEHVI,0.1,0.05,0.6000000000000001,0.1,0.0,0.05,0.1
19,4,2,3,False,0.047300832361995296,0.1475516440025153,2,qUCB,0.35000000000000003,0.4,0.2,0.0,0.0,0.0,0.05
19,4,2,3,False,0.047300832361995296,0.1475516440025153,3,qUCB,0.35000000000000003,0.05,0.2,0.0,0.1,0.30000000000000004,0.0
19,4,2,3,False,0.047300832361995296,0.1475516440025153,4,qUCB,0.0,0.0,0.4,0.0,0.1,0.45,0.05
19,5,1,4,False,0.024065489350992276,0.019321306687705153,0,qEHVI,0.15000000000000002,0.1,0.65,0.1,0.0,0.0,0.0
19,5,1,4,False,0.024065489350992276,0.019321306687705153,1,qUCB,0.0,0.05,0.35000000000000003,0.0,0.1,0.4,0.1
19,5,1,4,False,0.024065489350992276,0.019321306687705153,2,qUCB,0.05,0.0,0.4,0.0,0.0,0.45,0.1
19,5,1,4,False,0.024065489350992276,0.019321306687705153,3,qUCB,0.35000000000000003,0.05,0.2,0.0,0.1,0.30000000000000004,0.0
19,5,1,4,False,0.024065489350992276,0.019321306687705153,4,qUCB,0.35000000000000003,0.0,0.35000000000000003,0.0,0.1,0.2,0.0
19,6,0,5,False,0.012532733819442123,0.19778504726046053,0,qUCB,0.05,0.0,0.7000000000000001,0.05,0.0,0.1,0.1
19,6,0,5,False,0.012532733819442123,0.19778504726046053,1,qUCB,0.35000000000000003,0.0,0.4,0.1,0.0,0.15000000000000002,0.0
19,6,0,5,False,0.012532733819442123,0.19778504726046053,2,qUCB,0.0,0.15000000000000002,0.55,0.1,0.0,0.1,0.1
19,6,0,5,False,0.012532733819442123,0.19778504726046053,3,qUCB,0.35000000000000003,0.0,0.2,0.1,0.1,0.25,0.0
19,6,0,5,False,0.012532733819442123,0.19778504726046053,4,qUCB,0.0,0.0,0.55,0.1,0.1,0.15000000000000002,0.1
20,1,5,0,False,0.06293421867741708,0.18351187014550518,0,qEHVI,0.15000000000000002,0.1,0.6000000000000001,0.1,0.0,0.0,0.05
20,1,5,0,False,0.06293421867741708,0.18351187014550518,1,qEHVI,0.1,0.0,0.7000000000000001,0.05,0.0,0.1,0.05
20,1,5,0,False,0.06293421867741708,0.18351187014550518,2,qEHVI,0.30000000000000004,0.0,0.6000000000000001,0.1,0.0,0.0,0.0
20,1,5,0,False,0.06293421867741708,0.18351187014550518,3,qEHVI,0.25,0.05,0.55,0.1,0.0,0.0,0.05
20,1,5,0,False,0.06293421867741708,0.18351187014550518,4,qEHVI,0.1,0.1,0.65,0.1,0.0,0.0,0.05
20,2,4,1,False,0.05499824501508086,0.21391662404919565,0,qEHVI,0.15000000000000002,0.1,0.6000000000000001,0.1,0.0,0.0,0.05
20,2,4,1,False,0.05499824501508086,0.21391662404919565,1,qEHVI,0.1,0.0,0.7000000000000001,0.05,0.0,0.1,0.05
20,2,4,1,False,0.05499824501508086,0.21391662404919565,2,qEHVI,0.25,0.05,0.55,0.1,0.0,0.0,0.05
20,2,4,1,False,0.05499824501508086,0.21391662404919565,3,qEHVI,0.30000000000000004,0.0,0.6000000000000001,0.1,0.0,0.0,0.0
20,2,4,1,False,0.05499824501508086,0.21391662404919565,4,qUCB,0.0,0.0,0.30000000000000004,0.1,0.1,0.4,0.1
20,3,3,2,True,0.04694935480717746,0.35931056764921365,0,qEHVI,0.15000000000000002,0.1,0.6000000000000001,0.1,0.0,0.0,0.05
20,3,3,2,True,0.04694935480717746,0.35931056764921365,1,qEHVI,0.1,0.0,0.7000000000000001,0.05,0.0,0.1,0.05
20,3,3,2,True,0.04694935480717746,0.35931056764921365,2,qEHVI,0.25,0.05,0.55,0.1,0.0,0.0,0.05
20,3,3,2,True,0.04694935480717746,0.35931056764921365,3,qUCB,0.0,0.0,0.30000000000000004,0.1,0.1,0.4,0.1
20,3,3,2,True,0.04694935480717746,0.35931056764921365,4,qUCB,0.2,0.5,0.2,0.0,0.0,0.0,0.1
20,4,2,3,False,0.03732255170798691,0.0845248768013338,0,qEHVI,0.15000000000000002,0.1,0.6000000000000001,0.1,0.0,0.0,0.05
20,4,2,3,False,0.03732255170798691,0.0845248768013338,1,qEHVI,0.1,0.0,0.7000000000000001,0.05,0.0,0.1,0.05
20,4,2,3,False,0.03732255170798691,0.0845248768013338,2,qUCB,0.0,0.0,0.30000000000000004,0.1,0.1,0.4,0.1
20,4,2,3,False,0.03732255170798691,0.0845248768013338,3,qUCB,0.2,0.5,0.2,0.0,0.0,0.0,0.1
20,4,2,3,False,0.03732255170798691,0.0845248768013338,4,qUCB,0.0,0.1,0.2,0.1,0.1,0.4,0.1
20,5,1,4,False,0.02446238940957663,0.06252709367689047,0,qEHVI,0.15000000000000002,0.1,0.6000000000000001,0.1,0.0,0.0,0.05
20,5,1,4,False,0.02446238940957663,0.06252709367689047,1,qUCB,0.0,0.0,0.4,0.0,0.05,0.45,0.1
20,5,1,4,False,0.02446238940957663,0.06252709367689047,2,qUCB,0.05,0.0,0.35000000000000003,0.0,0.1,0.45,0.05
20,5,1,4,False,0.02446238940957663,0.06252709367689047,3,qUCB,0.05,0.0,0.4,0.0,0.1,0.35000000000000003,0.1
20,5,1,4,False,0.02446238940957663,0.06252709367689047,4,qUCB,0.0,0.1,0.30000000000000004,0.0,0.1,0.4,0.1
20,6,0,5,False,0.013586883503508075,0.19943336318484794,0,qUCB,0.05,0.05,0.65,0.1,0.0,0.1,0.05
20,6,0,5,False,0.013586883503508075,0.19943336318484794,1,qUCB,0.0,0.15000000000000002,0.55,0.1,0.0,0.1,0.1
20,6,0,5,False,0.013586883503508075,0.19943336318484794,2,qUCB,0.0,0.0,0.6000000000000001,0.1,0.1,0.15000000000000002,0.05
20,6,0,5,False,0.013586883503508075,0.19943336318484794,3,qUCB,0.35000000000000003,0.05,0.5,0.0,0.0,0.1,0.0
20,6,0,5,False,0.013586883503508075,0.19943336318484794,4,qUCB,0.1,0.0,0.55,0.0,0.0,0.35000000000000003,0.0
21,1,5,0,False,0.07110725121053034,2.0946419533746994,0,qEHVI,0.05,0.1,0.7000000000000001,0.05,0.0,0.05,0.05
21,1,5,0,False,0.07110725121053034,2.0946419533746994,1,qEHVI,0.30000000000000004,0.0,0.6000000000000001,0.1,0.0,0.0,0.0
21,1,5,0,False,0.07110725121053034,2.0946419533746994,2,qEHVI,0.1,0.0,0.65,0.1,0.0,0.1,0.05
21,1,5,0,False,0.07110725121053034,2.0946419533746994,3,qEHVI,0.05,0.0,0.7000000000000001,0.1,0.0,0.1,0.05
21,1,5,0,False,0.07110725121053034,2.0946419533746994,4,qEHVI,0.2,0.0,0.65,0.1,0.0,0.0,0.05
21,2,4,1,False,0.0634684243290236,0.25101581766703696,0,qEHVI,0.05,0.1,0.7000000000000001,0.05,0.0,0.05,0.05
21,2,4,1,False,0.0634684243290236,0.25101581766703696,1,qEHVI,0.30000000000000004,0.0,0.6000000000000001,0.1,0.0,0.0,0.0
21,2,4,1,False,0.0634684243290236,0.25101581766703696,2,qEHVI,0.1,0.0,0.65,0.1,0.0,0.1,0.05
21,2,4,1,False,0.0634684243290236,0.25101581766703696,3,qEHVI,0.05,0.0,0.7000000000000001,0.1,0.0,0.1,0.05
21,2,4,1,False,0.0634684243290236,0.25101581766703696,4,qUCB,0.0,0.1,0.2,0.05,0.1,0.45,0.1
21,3,3,2,True,0.05280164053759195,0.14824233734598913,0,qEHVI,0.05,0.1,0.7000000000000001,0.05,0.0,0.05,0.05
21,3,3,2,True,0.05280164053759195,0.14824233734598913,1,qEHVI,0.30000000000000004,0.0,0.6000000000000001,0.1,0.0,0.0,0.0
21,3,3,2,True,0.05280164053759195,0.14824233734598913,2,qEHVI,0.1,0.0,0.65,0.1,0.0,0.1,0.05
21,3,3,2,True,0.05280164053759195,0.14824233734598913,3,qUCB,0.0,0.1,0.2,0.05,0.1,0.45,0.1
21,3,3,2,True,0.05280164053759195,0.14824233734598913,4,qUCB,0.0,0.0,0.4,0.0,0.1,0.45,0.05
21,4,2,3,False,0.039825295706938206,0.03154098449980225,0,qEHVI,0.05,0.1,0.7000000000000001,0.05,0.0,0.05,0.05
21,4,2,3,False,0.039825295706938206,0.03154098449980225,1,qEHVI,0.30000000000000004,0.0,0.6000000000000001,0.1,0.0,0.0,0.0
21,4,2,3,False,0.039825295706938206,0.03154098449980225,2,qUCB,0.0,0.0,0.30000000000000004,0.1,0.1,0.45,0.05
21,4,2,3,False,0.039825295706938206,0.03154098449980225,3,qUCB,0.0,0.1,0.2,0.05,0.1,0.45,0.1
21,4,2,3,False,0.039825295706938206,0.03154098449980225,4,qUCB,0.15000000000000002,0.0,0.2,0.1,0.1,0.35000000000000003,0.1
21,5,1,4,False,0.021369453729280438,0.1501552920748952,0,qEHVI,0.05,0.1,0.7000000000000001,0.05,0.0,0.05,0.05
21,5,1,4,False,0.021369453729280438,0.1501552920748952,1,qUCB,0.35000000000000003,0.35000000000000003,0.2,0.1,0.0,0.0,0.0
21,5,1,4,False,0.021369453729280438,0.1501552920748952,2,qUCB,0.35000000000000003,0.0,0.35000000000000003,0.1,0.1,0.1,0.0
21,5,1,4,False,0.021369453729280438,0.1501552920748952,3,qUCB,0.0,0.1,0.2,0.05,0.1,0.45,0.1
21,5,1,4,False,0.021369453729280438,0.1501552920748952,4,qUCB,0.25,0.0,0.2,0.1,0.1,0.25,0.1
21,6,0,5,False,0.02239919647591851,0.2642595482194068,0,qUCB,0.05,0.0,0.7000000000000001,0.1,0.0,0.1,0.05
21,6,0,5,False,0.02239919647591851,0.2642595482194068,1,qUCB,0.35000000000000003,0.0,0.55,0.0,0.0,0.1,0.0
21,6,0,5,False,0.02239919647591851,0.2642595482194068,2,qUCB,0.0,0.0,0.6000000000000001,0.1,0.1,0.15000000000000002,0.05
21,6,0,5,False,0.02239919647591851,0.2642595482194068,3,qUCB,0.0,0.15000000000000002,0.55,0.1,0.0,0.1,0.1
21,6,0,5,False,0.02239919647591851,0.2642595482194068,4,qUCB,0.05,0.0,0.7000000000000001,0.05,0.0,0.1,0.1
22,1,5,0,False,0.05425997660646724,0.7292134319831209,0,qEHVI,0.2,0.05,0.6000000000000001,0.1,0.0,0.05,0.0
22,1,5,0,False,0.05425997660646724,0.7292134319831209,1,qEHVI,0.1,0.0,0.65,0.1,0.0,0.05,0.1
22,1,5,0,False,0.05425997660646724,0.7292134319831209,2,qEHVI,0.25,0.0,0.6000000000000001,0.1,0.0,0.0,0.05
22,1,5,0,False,0.05425997660646724,0.7292134319831209,3,qEHVI,0.0,0.0,0.6000000000000001,0.1,0.05,0.15000000000000002,0.1
22,1,5,0,False,0.05425997660646724,0.7292134319831209,4,qEHVI,0.0,0.2,0.6000000000000001,0.1,0.0,0.05,0.05
22,2,4,1,False,0.046132376794201194,0.27306835280538166,0,qEHVI,0.2,0.05,0.6000000000000001,0.1,0.0,0.05,0.0
22,2,4,1,False,0.046132376794201194,0.27306835280538166,1,qEHVI,0.1,0.0,0.65,0.1,0.0,0.05,0.1
22,2,4,1,False,0.046132376794201194,0.27306835280538166,2,qEHVI,0.25,0.0,0.6000000000000001,0.1,0.0,0.0,0.05
22,2,4,1,False,0.046132376794201194,0.27306835280538166,3,qEHVI,0.0,0.0,0.6000000000000001,0.1,0.05,0.15000000000000002,0.1
22,2,4,1,False,0.046132376794201194,0.27306835280538166,4,qUCB,0.30000000000000004,0.45,0.2,0.0,0.0,0.0,0.05
22,3,3,2,True,0.03784758410520908,0.132030818239933,0,qEHVI,0.2,0.05,0.6000000000000001,0.1,0.0,0.05,0.0
22,3,3,2,True,0.03784758410520908,0.132030818239933,1,qEHVI,0.1,0.0,0.65,0.1,0.0,0.05,0.1
22,3,3,2,True,0.03784758410520908,0.132030818239933,2,qEHVI,0.25,0.0,0.6000000000000001,0.1,0.0,0.0,0.05
22,3,3,2,True,0.03784758410520908,0.132030818239933,3,qUCB,0.05,0.0,0.35000000000000003,0.0,0.1,0.45,0.05
22,3,3,2,True,0.03784758410520908,0.132030818239933,4,qUCB,0.0,0.0,0.5,0.0,0.1,0.35000000000000003,0.05
22,4,2,3,False,0.027258708368301982,0.2657295243900748,0,qEHVI,0.2,0.05,0.6000000000000001,0.1,0.0,0.05,0.0
22,4,2,3,False,0.027258708368301982,0.2657295243900748,1,qEHVI,0.1,0.0,0.65,0.1,0.0,0.05,0.1
22,4,2,3,False,0.027258708368301982,0.2657295243900748,2,qUCB,0.05,0.0,0.35000000000000003,0.0,0.1,0.45,0.05
22,4,2,3,False,0.027258708368301982,0.2657295243900748,3,qUCB,0.0,0.0,0.5,0.0,0.1,0.35000000000000003,0.05
22,4,2,3,False,0.027258708368301982,0.2657295243900748,4,qUCB,0.35000000000000003,0.35000000000000003,0.2,0.0,0.0,0.0,0.1
22,5,1,4,False,0.01890721033284578,0.04855092683440532,0,qEHVI,0.2,0.05,0.6000000000000001,0.1,0.0,0.05,0.0
22,5,1,4,False,0.01890721033284578,0.04855092683440532,1,qUCB,0.0,0.0,0.5,0.0,0.1,0.30000000000000004,0.1
22,5,1,4,False,0.01890721033284578,0.04855092683440532,2,qUCB,0.0,0.0,0.5,0.0,0.0,0.4,0.1
22,5,1,4,False,0.01890721033284578,0.04855092683440532,3,qUCB,0.0,0.0,0.6000000000000001,0.0,0.1,0.2,0.1
22,5,1,4,False,0.01890721033284578,0.04855092683440532,4,qUCB,0.0,0.05,0.35000000000000003,0.0,0.1,0.4,0.1
22,6,0,5,False,0.017428782704842584,0.45338396698464045,0,qUCB,0.05,0.0,0.7000000000000001,0.05,0.0,0.1,0.1
22,6,0,5,False,0.017428782704842584,0.45338396698464045,1,qUCB,0.0,0.0,0.7000000000000001,0.1,0.05,0.1,0.05
22,6,0,5,False,0.017428782704842584,0.45338396698464045,2,qUCB,0.0,0.0,0.55,0.1,0.1,0.15000000000000002,0.1
22,6,0,5,False,0.017428782704842584,0.45338396698464045,3,qUCB,0.0,0.05,0.6000000000000001,0.1,0.0,0.15000000000000002,0.1
22,6,0,5,False,0.017428782704842584,0.45338396698464045,4,qUCB,0.35000000000000003,0.0,0.5,0.0,0.0,0.15000000000000002,0.0
23,1,5,0,False,0.056100859343521596,0.5008372812167448,0,qEHVI,0.2,0.05,0.55,0.1,0.0,0.05,0.05
23,1,5,0,False,0.056100859343521596,0.5008372812167448,1,qEHVI,0.05,0.0,0.7000000000000001,0.1,0.0,0.1,0.05
23,1,5,0,False,0.056100859343521596,0.5008372812167448,2,qEHVI,0.2,0.05,0.6000000000000001,0.1,0.0,0.0,0.05
23,1,5,0,False,0.056100859343521596,0.5008372812167448,3,qEHVI,0.0,0.0,0.6000000000000001,0.1,0.05,0.15000000000000002,0.1
23,1,5,0,False,0.056100859343521596,0.5008372812167448,4,qEHVI,0.0,0.2,0.6000000000000001,0.1,0.0,0.05,0.05
23,2,4,1,False,0.048144661996096835,0.35848891796732296,0,qEHVI,0.2,0.05,0.55,0.1,0.0,0.05,0.05
23,2,4,1,False,0.048144661996096835,0.35848891796732296,1,qEHVI,0.05,0.0,0.7000000000000001,0.1,0.0,0.1,0.05
23,2,4,1,False,0.048144661996096835,0.35848891796732296,2,qEHVI,0.2,0.05,0.6000000000000001,0.1,0.0,0.0,0.05
23,2,4,1,False,0.048144661996096835,0.35848891796732296,3,qEHVI,0.0,0.0,0.6000000000000001,0.1,0.05,0.15000000000000002,0.1
23,2,4,1,False,0.048144661996096835,0.35848891796732296,4,qUCB,0.0,0.5,0.4,0.0,0.0,0.0,0.1
23,3,3,2,True,0.038687652358239795,0.8492779485882433,0,qEHVI,0.2,0.05,0.55,0.1,0.0,0.05,0.05
23,3,3,2,True,0.038687652358239795,0.8492779485882433,1,qEHVI,0.05,0.0,0.7000000000000001,0.1,0.0,0.1,0.05
23,3,3,2,True,0.038687652358239795,0.8492779485882433,2,qEHVI,0.2,0.05,0.6000000000000001,0.1,0.0,0.0,0.05
23,3,3,2,True,0.038687652358239795,0.8492779485882433,3,qUCB,0.0,0.05,0.2,0.1,0.1,0.45,0.1
23,3,3,2,True,0.038687652358239795,0.8492779485882433,4,qUCB,0.0,0.15000000000000002,0.2,0.0,0.1,0.45,0.1
23,4,2,3,False,0.028810084297788304,0.19407045784744437,0,qEHVI,0.2,0.05,0.55,0.1,0.0,0.05,0.05
23,4,2,3,False,0.028810084297788304,0.19407045784744437,1,qEHVI,0.05,0.0,0.7000000000000001,0.1,0.0,0.1,0.05
23,4,2,3,False,0.028810084297788304,0.19407045784744437,2,qUCB,0.0,0.05,0.2,0.1,0.1,0.45,0.1
23,4,2,3,False,0.028810084297788304,0.19407045784744437,3,qUCB,0.0,0.15000000000000002,0.2,0.0,0.1,0.45,0.1
23,4,2,3,False,0.028810084297788304,0.19407045784744437,4,qUCB,0.0,0.5,0.2,0.0,0.1,0.2,0.0
23,5,1,4,False,0.019963248777950724,0.10157128322377762,0,qEHVI,0.2,0.05,0.55,0.1,0.0,0.05,0.05
23,5,1,4,False,0.019963248777950724,0.10157128322377762,1,qUCB,0.0,0.0,0.5,0.0,0.1,0.30000000000000004,0.1
23,5,1,4,False,0.019963248777950724,0.10157128322377762,2,qUCB,0.0,0.0,0.5,0.0,0.1,0.4,0.0
23,5,1,4,False,0.019963248777950724,0.10157128322377762,3,qUCB,0.0,0.0,0.5,0.0,0.0,0.4,0.1
23,5,1,4,False,0.019963248777950724,0.10157128322377762,4,qUCB,0.0,0.15000000000000002,0.2,0.0,0.1,0.45,0.1
23,6,0,5,False,0.019079373871220873,0.33435094788742514,0,qUCB,0.05,0.0,0.7000000000000001,0.1,0.0,0.1,0.05
23,6,0,5,False,0.019079373871220873,0.33435094788742514,1,qUCB,0.0,0.0,0.6000000000000001,0.1,0.1,0.15000000000000002,0.05
23,6,0,5,False,0.019079373871220873,0.33435094788742514,2,qUCB,0.0,0.15000000000000002,0.55,0.1,0.0,0.1,0.1
23,6,0,5,False,0.019079373871220873,0.33435094788742514,3,qUCB,0.0,0.0,0.55,0.0,0.0,0.35000000000000003,0.1
23,6,0,5,False,0.019079373871220873,0.33435094788742514,4,qUCB,0.35000000000000003,0.0,0.5,0.0,0.0,0.15000000000000002,0.0
24,1,5,0,False,0.054289948696753035,0.3385238628596401,0,qEHVI,0.2,0.0,0.65,0.1,0.0,0.0,0.05
24,1,5,0,False,0.054289948696753035,0.3385238628596401,1,qEHVI,0.1,0.05,0.6000000000000001,0.1,0.0,0.1,0.05
24,1,5,0,False,0.054289948696753035,0.3385238628596401,2,qEHVI,0.0,0.0,0.6000000000000001,0.1,0.05,0.15000000000000002,0.1
24,1,5,0,False,0.054289948696753035,0.3385238628596401,3,qEHVI,0.1,0.2,0.55,0.1,0.0,0.0,0.05
24,1,5,0,False,0.054289948696753035,0.3385238628596401,4,qEHVI,0.05,0.0,0.6000000000000001,0.1,0.0,0.15000000000000002,0.1
24,2,4,1,False,0.046883825840370506,0.2939630127633226,0,qEHVI,0.2,0.0,0.65,0.1,0.0,0.0,0.05
24,2,4,1,False,0.046883825840370506,0.2939630127633226,1,qEHVI,0.1,0.05,0.6000000000000001,0.1,0.0,0.1,0.05
24,2,4,1,False,0.046883825840370506,0.2939630127633226,2,qEHVI,0.0,0.0,0.6000000000000001,0.1,0.05,0.15000000000000002,0.1
24,2,4,1,False,0.046883825840370506,0.2939630127633226,3,qEHVI,0.1,0.2,0.55,0.1,0.0,0.0,0.05
24,2,4,1,False,0.046883825840370506,0.2939630127633226,4,qUCB,0.35000000000000003,0.4,0.2,0.0,0.05,0.0,0.0
24,3,3,2,True,0.03807207408595168,0.24563664884573022,0,qEHVI,0.2,0.0,0.65,0.1,0.0,0.0,0.05
24,3,3,2,True,0.03807207408595168,0.24563664884573022,1,qEHVI,0.1,0.05,0.6000000000000001,0.1,0.0,0.1,0.05
24,3,3,2,True,0.03807207408595168,0.24563664884573022,2,qEHVI,0.0,0.0,0.6000000000000001,0.1,0.05,0.15000000000000002,0.1
24,3,3,2,True,0.03807207408595168,0.24563664884573022,3,qUCB,0.30000000000000004,0.45,0.2,0.0,0.0,0.0,0.05
24,3,3,2,True,0.03807207408595168,0.24563664884573022,4,qUCB,0.35000000000000003,0.4,0.2,0.0,0.05,0.0,0.0
24,4,2,3,False,0.028775298603312113,0.12459569840230511,0,qEHVI,0.2,0.0,0.65,0.1,0.0,0.0,0.05
24,4,2,3,False,0.028775298603312113,0.12459569840230511,1,qEHVI,0.1,0.05,0.6000000000000001,0.1,0.0,0.1,0.05
24,4,2,3,False,0.028775298603312113,0.12459569840230511,2,qUCB,0.30000000000000004,0.45,0.2,0.0,0.0,0.0,0.05
24,4,2,3,False,0.028775298603312113,0.12459569840230511,3,qUCB,0.35000000000000003,0.4,0.2,0.0,0.05,0.0,0.0
24,4,2,3,False,0.028775298603312113,0.12459569840230511,4,qUCB,0.30000000000000004,0.45,0.2,0.0,0.0,0.05,0.0
24,5,1,4,False,0.019615891829363297,0.1185076455044447,0,qEHVI,0.2,0.0,0.65,0.1,0.0,0.0,0.05
24,5,1,4,False,0.019615891829363297,0.1185076455044447,1,qUCB,0.0,0.0,0.30000000000000004,0.1,0.1,0.45,0.05
24,5,1,4,False,0.019615891829363297,0.1185076455044447,2,qUCB,0.0,0.5,0.2,0.0,0.1,0.2,0.0
24,5,1,4,False,0.019615891829363297,0.1185076455044447,3,qUCB,0.0,0.0,0.6000000000000001,0.0,0.1,0.2,0.1
24,5,1,4,False,0.019615891829363297,0.1185076455044447,4,qUCB,0.05,0.0,0.4,0.0,0.0,0.45,0.1
24,6,0,5,False,0.016949290324111,0.34985991016190443,0,qUCB,0.0,0.1,0.6000000000000001,0.1,0.0,0.1,0.1
24,6,0,5,False,0.016949290324111,0.34985991016190443,1,qUCB,0.0,0.0,0.7000000000000001,0.1,0.05,0.1,0.05
24,6,0,5,False,0.016949290324111,0.34985991016190443,2,qUCB,0.0,0.0,0.6000000000000001,0.1,0.0,0.25,0.05
24,6,0,5,False,0.016949290324111,0.34985991016190443,3,qUCB,0.0,0.0,0.55,0.1,0.1,0.2,0.05
24,6,0,5,False,0.016949290324111,0.34985991016190443,4,qUCB,0.35000000000000003,0.0,0.55,0.0,0.0,0.1,0.0
25,1,5,0,False,0.0399854680254381,0.278147023759022,0,qEHVI,0.2,0.1,0.65,0.05,0.0,0.0,0.0
25,1,5,0,False,0.0399854680254381,0.278147023759022,1,qEHVI,0.05,0.1,0.65,0.1,0.0,0.0,0.1
25,1,5,0,False,0.0399854680254381,0.278147023759022,2,qEHVI,0.35000000000000003,0.0,0.6000000000000001,0.05,0.0,0.0,0.0
25,1,5,0,False,0.0399854680254381,0.278147023759022,3,qEHVI,0.15000000000000002,0.05,0.65,0.1,0.0,0.0,0.05
25,1,5,0,False,0.0399854680254381,0.278147023759022,4,qEHVI,0.1,0.15000000000000002,0.65,0.1,0.0,0.0,0.0
25,2,4,1,False,0.03546812121660691,0.2227998575352128,0,qEHVI,0.2,0.1,0.65,0.05,0.0,0.0,0.0
25,2,4,1,False,0.03546812121660691,0.2227998575352128,1,qEHVI,0.05,0.1,0.65,0.1,0.0,0.0,0.1
25,2,4,1,False,0.03546812121660691,0.2227998575352128,2,qEHVI,0.35000000000000003,0.0,0.6000000000000001,0.05,0.0,0.0,0.0
25,2,4,1,False,0.03546812121660691,0.2227998575352128,3,qEHVI,0.15000000000000002,0.05,0.65,0.1,0.0,0.0,0.05
25,2,4,1,False,0.03546812121660691,0.2227998575352128,4,qUCB,0.0,0.0,0.4,0.0,0.05,0.45,0.1
25,3,3,2,True,0.0296456017361333,0.1210682603795199,0,qEHVI,0.2,0.1,0.65,0.05,0.0,0.0,0.0
25,3,3,2,True,0.0296456017361333,0.1210682603795199,1,qEHVI,0.05,0.1,0.65,0.1,0.0,0.0,0.1
25,3,3,2,True,0.0296456017361333,0.1210682603795199,2,qEHVI,0.25,0.0,0.55,0.1,0.0,0.05,0.05
25,3,3,2,True,0.0296456017361333,0.1210682603795199,3,qUCB,0.0,0.0,0.4,0.0,0.05,0.45,0.1
25,3,3,2,True,0.0296456017361333,0.1210682603795199,4,qUCB,0.0,0.05,0.35000000000000003,0.0,0.1,0.45,0.05
25,4,2,3,False,0.02300230133272466,0.10178757348876921,0,qEHVI,0.2,0.1,0.65,0.05,0.0,0.0,0.0
25,4,2,3,False,0.02300230133272466,0.10178757348876921,1,qEHVI,0.05,0.1,0.65,0.1,0.0,0.0,0.1
25,4,2,3,False,0.02300230133272466,0.10178757348876921,2,qUCB,0.0,0.0,0.4,0.0,0.05,0.45,0.1
25,4,2,3,False,0.02300230133272466,0.10178757348876921,3,qUCB,0.1,0.0,0.30000000000000004,0.0,0.1,0.4,0.1
25,4,2,3,False,0.02300230133272466,0.10178757348876921,4,qUCB,0.1,0.0,0.2,0.1,0.1,0.45,0.05
25,5,1,4,False,0.013956809967879883,0.03269016108713796,0,qEHVI,0.2,0.1,0.65,0.05,0.0,0.0,0.0
25,5,1,4,False,0.013956809967879883,0.03269016108713796,1,qUCB,0.0,0.0,0.35000000000000003,0.05,0.1,0.4,0.1
25,5,1,4,False,0.013956809967879883,0.03269016108713796,2,qUCB,0.0,0.0,0.4,0.0,0.05,0.45,0.1
25,5,1,4,False,0.013956809967879883,0.03269016108713796,3,qUCB,0.05,0.0,0.30000000000000004,0.1,0.0,0.45,0.1
25,5,1,4,False,0.013956809967879883,0.03269016108713796,4,qUCB,0.0,0.5,0.2,0.1,0.1,0.0,0.1
25,6,0,5,False,0.013516801605105558,0.38281474384235015,0,qUCB,0.05,0.0,0.7000000000000001,0.05,0.0,0.1,0.1
25,6,0,5,False,0.013516801605105558,0.38281474384235015,1,qUCB,0.0,0.1,0.7000000000000001,0.0,0.0,0.1,0.1
25,6,0,5,False,0.013516801605105558,0.38281474384235015,2,qUCB,0.35000000000000003,0.0,0.55,0.0,0.0,0.1,0.0
25,6,0,5,False,0.013516801605105558,0.38281474384235015,3,qUCB,0.0,0.0,0.55,0.0,0.0,0.35000000000000003,0.1
25,6,0,5,False,0.013516801605105558,0.38281474384235015,4,qUCB,0.0,0.0,0.7000000000000001,0.1,0.1,0.1,0.0
26,1,5,0,False,0.045831091810418674,0.3872950565392994,0,qEHVI,0.1,0.2,0.55,0.1,0.0,0.0,0.05
26,1,5,0,False,0.045831091810418674,0.3872950565392994,1,qEHVI,0.0,0.0,0.65,0.1,0.0,0.2,0.05
26,1,5,0,False,0.045831091810418674,0.3872950565392994,2,qEHVI,0.25,0.05,0.65,0.05,0.0,0.0,0.0
26,1,5,0,False,0.045831091810418674,0.3872950565392994,3,qEHVI,0.1,0.05,0.7000000000000001,0.05,0.0,0.0,0.1
26,1,5,0,False,0.045831091810418674,0.3872950565392994,4,qEHVI,0.1,0.15000000000000002,0.6000000000000001,0.1,0.0,0.0,0.05
26,2,4,1,False,0.03975677653550203,0.3955199060227308,0,qEHVI,0.1,0.2,0.55,0.1,0.0,0.0,0.05
26,2,4,1,False,0.03975677653550203,0.3955199060227308,1,qEHVI,0.0,0.0,0.65,0.1,0.0,0.2,0.05
26,2,4,1,False,0.03975677653550203,0.3955199060227308,2,qEHVI,0.25,0.05,0.65,0.05,0.0,0.0,0.0
26,2,4,1,False,0.03975677653550203,0.3955199060227308,3,qEHVI,0.1,0.05,0.7000000000000001,0.05,0.0,0.0,0.1
26,2,4,1,False,0.03975677653550203,0.3955199060227308,4,qUCB,0.1,0.05,0.2,0.0,0.1,0.45,0.1
26,3,3,2,True,0.03244366568567672,0.08408695107680053,0,qEHVI,0.1,0.2,0.55,0.1,0.0,0.0,0.05
26,3,3,2,True,0.03244366568567672,0.08408695107680053,1,qEHVI,0.0,0.0,0.65,0.1,0.0,0.2,0.05
26,3,3,2,True,0.03244366568567672,0.08408695107680053,2,qEHVI,0.25,0.05,0.65,0.05,0.0,0.0,0.0
26,3,3,2,True,0.03244366568567672,0.08408695107680053,3,qUCB,0.1,0.05,0.2,0.0,0.1,0.45,0.1
26,3,3,2,True,0.03244366568567672,0.08408695107680053,4,qUCB,0.1,0.0,0.35000000000000003,0.0,0.1,0.35000000000000003,0.1
26,4,2,3,False,0.028492053940844413,0.07147781626872973,0,qEHVI,0.1,0.2,0.55,0.1,0.0,0.0,0.05
26,4,2,3,False,0.028492053940844413,0.07147781626872973,1,qEHVI,0.0,0.0,0.65,0.1,0.0,0.2,0.05
26,4,2,3,False,0.028492053940844413,0.07147781626872973,2,qUCB,0.35000000000000003,0.0,0.55,0.0,0.1,0.0,0.0
26,4,2,3,False,0.028492053940844413,0.07147781626872973,3,qUCB,0.35000000000000003,0.0,0.6000000000000001,0.0,0.0,0.05,0.0
26,4,2,3,False,0.028492053940844413,0.07147781626872973,4,qUCB,0.35000000000000003,0.0,0.2,0.0,0.0,0.45,0.0
26,5,1,4,False,0.017343462262593964,0.15703826318882275,0,qEHVI,0.1,0.2,0.55,0.1,0.0,0.0,0.05
26,5,1,4,False,0.017343462262593964,0.15703826318882275,1,qUCB,0.0,0.0,0.5,0.0,0.1,0.4,0.0
26,5,1,4,False,0.017343462262593964,0.15703826318882275,2,qUCB,0.0,0.0,0.5,0.0,0.0,0.4,0.1
26,5,1,4,False,0.017343462262593964,0.15703826318882275,3,qUCB,0.35000000000000003,0.0,0.55,0.0,0.1,0.0,0.0
26,5,1,4,False,0.017343462262593964,0.15703826318882275,4,qUCB,0.0,0.0,0.55,0.0,0.1,0.25,0.1
26,6,0,5,False,0.0155572114456488,0.4054075537398081,0,qUCB,0.05,0.05,0.65,0.1,0.0,0.05,0.1
26,6,0,5,False,0.0155572114456488,0.4054075537398081,1,qUCB,0.0,0.0,0.65,0.1,0.0,0.2,0.05
26,6,0,5,False,0.0155572114456488,0.4054075537398081,2,qUCB,0.0,0.1,0.7000000000000001,0.0,0.0,0.1,0.1
26,6,0,5,False,0.0155572114456488,0.4054075537398081,3,qUCB,0.0,0.0,0.7000000000000001,0.1,0.1,0.1,0.0
26,6,0,5,False,0.0155572114456488,0.4054075537398081,4,qUCB,0.35000000000000003,0.0,0.55,0.0,0.0,0.1,0.0
27,1,5,0,False,0.03523191729514044,0.25441313679129074,0,qEHVI,0.15000000000000002,0.1,0.6000000000000001,0.1,0.0,0.05,0.0
27,1,5,0,False,0.03523191729514044,0.25441313679129074,1,qEHVI,0.25,0.0,0.65,0.05,0.0,0.0,0.05
27,1,5,0,False,0.03523191729514044,0.25441313679129074,2,qEHVI,0.1,0.05,0.7000000000000001,0.05,0.0,0.0,0.1
27,1,5,0,False,0.03523191729514044,0.25441313679129074,3,qEHVI,0.05,0.0,0.7000000000000001,0.05,0.0,0.1,0.1
27,1,5,0,False,0.03523191729514044,0.25441313679129074,4,qEHVI,0.35000000000000003,0.0,0.6000000000000001,0.05,0.0,0.0,0.0
27,2,4,1,False,0.0304527642159535,0.07312463263506253,0,qEHVI,0.15000000000000002,0.1,0.6000000000000001,0.1,0.0,0.05,0.0
27,2,4,1,False,0.0304527642159535,0.07312463263506253,1,qEHVI,0.25,0.0,0.65,0.05,0.0,0.0,0.05
27,2,4,1,False,0.0304527642159535,0.07312463263506253,2,qEHVI,0.1,0.05,0.7000000000000001,0.05,0.0,0.0,0.1
27,2,4,1,False,0.0304527642159535,0.07312463263506253,3,qEHVI,0.05,0.0,0.7000000000000001,0.05,0.0,0.1,0.1
27,2,4,1,False,0.0304527642159535,0.07312463263506253,4,qUCB,0.0,0.0,0.5,0.0,0.1,0.4,0.0
27,3,3,2,True,0.025522902938231354,0.07271547962058378,0,qEHVI,0.15000000000000002,0.1,0.6000000000000001,0.1,0.0,0.05,0.0
27,3,3,2,True,0.025522902938231354,0.07271547962058378,1,qEHVI,0.25,0.0,0.65,0.05,0.0,0.0,0.05
27,3,3,2,True,0.025522902938231354,0.07271547962058378,2,qEHVI,0.1,0.05,0.7000000000000001,0.05,0.0,0.0,0.1
27,3,3,2,True,0.025522902938231354,0.07271547962058378,3,qUCB,0.0,0.0,0.35000000000000003,0.1,0.1,0.35000000000000003,0.1
27,3,3,2,True,0.025522902938231354,0.07271547962058378,4,qUCB,0.0,0.0,0.5,0.0,0.1,0.4,0.0
27,4,2,3,False,0.018086919746860684,0.09931861179868129,0,qEHVI,0.15000000000000002,0.1,0.6000000000000001,0.1,0.0,0.05,0.0
27,4,2,3,False,0.018086919746860684,0.09931861179868129,1,qEHVI,0.25,0.0,0.65,0.05,0.0,0.0,0.05
27,4,2,3,False,0.018086919746860684,0.09931861179868129,2,qUCB,0.0,0.0,0.35000000000000003,0.05,0.05,0.45,0.1
27,4,2,3,False,0.018086919746860684,0.09931861179868129,3,qUCB,0.0,0.05,0.35000000000000003,0.0,0.1,0.4,0.1
27,4,2,3,False,0.018086919746860684,0.09931861179868129,4,qUCB,0.0,0.0,0.35000000000000003,0.1,0.1,0.35000000000000003,0.1
27,5,1,4,False,0.012925457245377418,0.32334731270969197,0,qEHVI,0.15000000000000002,0.1,0.6000000000000001,0.1,0.0,0.05,0.0
27,5,1,4,False,0.012925457245377418,0.32334731270969197,1,qUCB,0.0,0.05,0.35000000000000003,0.0,0.1,0.4,0.1
27,5,1,4,False,0.012925457245377418,0.32334731270969197,2,qUCB,0.05,0.0,0.4,0.0,0.0,0.45,0.1
27,5,1,4,False,0.012925457245377418,0.32334731270969197,3,qUCB,0.0,0.0,0.55,0.0,0.0,0.35000000000000003,0.1
27,5,1,4,False,0.012925457245377418,0.32334731270969197,4,qUCB,0.35000000000000003,0.25,0.2,0.0,0.0,0.1,0.1
27,6,0,5,False,0.011102584283824669,0.4103367472521544,0,qUCB,0.05,0.0,0.7000000000000001,0.05,0.0,0.1,0.1
27,6,0,5,False,0.011102584283824669,0.4103367472521544,1,qUCB,0.0,0.0,0.7000000000000001,0.1,0.1,0.1,0.0
27,6,0,5,False,0.011102584283824669,0.4103367472521544,2,qUCB,0.0,0.1,0.65,0.05,0.0,0.1,0.1
27,6,0,5,False,0.011102584283824669,0.4103367472521544,3,qUCB,0.0,0.0,0.55,0.1,0.0,0.30000000000000004,0.05
27,6,0,5,False,0.011102584283824669,0.4103367472521544,4,qUCB,0.0,0.15000000000000002,0.65,0.1,0.0,0.1,0.0
28,1,5,0,False,0.04770136350224903,0.17514606962234502,0,qEHVI,0.25,0.05,0.6000000000000001,0.1,0.0,0.0,0.0
28,1,5,0,False,0.04770136350224903,0.17514606962234502,1,qEHVI,0.15000000000000002,0.05,0.65,0.1,0.0,0.05,0.0
28,1,5,0,False,0.04770136350224903,0.17514606962234502,2,qEHVI,0.0,0.0,0.7000000000000001,0.05,0.0,0.2,0.05
28,1,5,0,False,0.04770136350224903,0.17514606962234502,3,qEHVI,0.15000000000000002,0.0,0.7000000000000001,0.1,0.0,0.05,0.0
28,1,5,0,False,0.04770136350224903,0.17514606962234502,4,qEHVI,0.1,0.05,0.65,0.05,0.0,0.1,0.05
28,2,4,1,False,0.04160180183180055,0.0551285021250667,0,qEHVI,0.25,0.05,0.6000000000000001,0.1,0.0,0.0,0.0
28,2,4,1,False,0.04160180183180055,0.0551285021250667,1,qEHVI,0.15000000000000002,0.05,0.65,0.1,0.0,0.05,0.0
28,2,4,1,False,0.04160180183180055,0.0551285021250667,2,qEHVI,0.0,0.0,0.7000000000000001,0.05,0.0,0.2,0.05
28,2,4,1,False,0.04160180183180055,0.0551285021250667,3,qEHVI,0.15000000000000002,0.0,0.7000000000000001,0.1,0.0,0.05,0.0
28,2,4,1,False,0.04160180183180055,0.0551285021250667,4,qUCB,0.25,0.45,0.2,0.0,0.0,0.0,0.1
28,3,3,2,True,0.034865952069703846,0.1063932958891538,0,qEHVI,0.25,0.05,0.6000000000000001,0.1,0.0,0.0,0.0
28,3,3,2,True,0.034865952069703846,0.1063932958891538,1,qEHVI,0.15000000000000002,0.05,0.65,0.1,0.0,0.05,0.0
28,3,3,2,True,0.034865952069703846,0.1063932958891538,2,qEHVI,0.0,0.0,0.7000000000000001,0.05,0.0,0.2,0.05
28,3,3,2,True,0.034865952069703846,0.1063932958891538,3,qUCB,0.25,0.45,0.2,0.0,0.0,0.0,0.1
28,3,3,2,True,0.034865952069703846,0.1063932958891538,4,qUCB,0.35000000000000003,0.25,0.2,0.0,0.0,0.1,0.1
28,4,2,3,False,0.025817835561566176,0.11000287713324575,0,qEHVI,0.25,0.05,0.6000000000000001,0.1,0.0,0.0,0.0
28,4,2,3,False,0.025817835561566176,0.11000287713324575,1,qEHVI,0.15000000000000002,0.05,0.65,0.1,0.0,0.05,0.0
28,4,2,3,False,0.025817835561566176,0.11000287713324575,2,qUCB,0.05,0.0,0.35000000000000003,0.0,0.1,0.4,0.1
28,4,2,3,False,0.025817835561566176,0.11000287713324575,3,qUCB,0.0,0.0,0.55,0.0,0.1,0.25,0.1
28,4,2,3,False,0.025817835561566176,0.11000287713324575,4,qUCB,0.1,0.0,0.35000000000000003,0.0,0.0,0.45,0.1
28,5,1,4,False,0.016421944790860576,0.17028161744680936,0,qEHVI,0.25,0.05,0.6000000000000001,0.1,0.0,0.0,0.0
28,5,1,4,False,0.016421944790860576,0.17028161744680936,1,qUCB,0.0,0.0,0.35000000000000003,0.05,0.1,0.4,0.1
28,5,1,4,False,0.016421944790860576,0.17028161744680936,2,qUCB,0.0,0.0,0.55,0.0,0.1,0.25,0.1
28,5,1,4,False,0.016421944790860576,0.17028161744680936,3,qUCB,0.0,0.0,0.55,0.0,0.0,0.35000000000000003,0.1
28,5,1,4,False,0.016421944790860576,0.17028161744680936,4,qUCB,0.1,0.0,0.35000000000000003,0.0,0.0,0.45,0.1
28,6,0,5,False,0.019563812309995095,0.2888726845804275,0,qUCB,0.05,0.0,0.7000000000000001,0.05,0.0,0.1,0.1
28,6,0,5,False,0.019563812309995095,0.2888726845804275,1,qUCB,0.0,0.1,0.6000000000000001,0.1,0.0,0.1,0.1
28,6,0,5,False,0.019563812309995095,0.2888726845804275,2,qUCB,0.35000000000000003,0.0,0.55,0.0,0.0,0.1,0.0
28,6,0,5,False,0.019563812309995095,0.2888726845804275,3,qUCB,0.0,0.1,0.7000000000000001,0.05,0.0,0.05,0.1
28,6,0,5,False,0.019563812309995095,0.2888726845804275,4,qUCB,0.0,0.1,0.7000000000000001,0.1,0.0,0.1,0.0
29,1,5,0,False,0.0340904642471285,1.661542782090498,0,qEHVI,0.1,0.15000000000000002,0.65,0.1,0.0,0.0,0.0
29,1,5,0,False,0.0340904642471285,1.661542782090498,1,qEHVI,0.30000000000000004,0.05,0.6000000000000001,0.05,0.0,0.0,0.0
29,1,5,0,False,0.0340904642471285,1.661542782090498,2,qEHVI,0.0,0.15000000000000002,0.7000000000000001,0.05,0.0,0.05,0.05
29,1,5,0,False,0.0340904642471285,1.661542782090498,3,qEHVI,0.15000000000000002,0.0,0.7000000000000001,0.0,0.0,0.05,0.1
29,1,5,0,False,0.0340904642471285,1.661542782090498,4,qEHVI,0.15000000000000002,0.0,0.65,0.1,0.0,0.05,0.05
29,2,4,1,False,0.02931387137219629,0.1568107117730353,0,qEHVI,0.1,0.15000000000000002,0.65,0.1,0.0,0.0,0.0
29,2,4,1,False,0.02931387137219629,0.1568107117730353,1,qEHVI,0.30000000000000004,0.05,0.6000000000000001,0.05,0.0,0.0,0.0
29,2,4,1,False,0.02931387137219629,0.1568107117730353,2,qEHVI,0.0,0.15000000000000002,0.7000000000000001,0.05,0.0,0.05,0.05
29,2,4,1,False,0.02931387137219629,0.1568107117730353,3,qEHVI,0.15000000000000002,0.0,0.7000000000000001,0.0,0.0,0.05,0.1
29,2,4,1,False,0.02931387137219629,0.1568107117730353,4,qUCB,0.1,0.0,0.2,0.1,0.05,0.45,0.1
29,3,3,2,True,0.02400558730974672,0.08043824722582116,0,qEHVI,0.1,0.15000000000000002,0.65,0.1,0.0,0.0,0.0
29,3,3,2,True,0.02400558730974672,0.08043824722582116,1,qEHVI,0.30000000000000004,0.05,0.6000000000000001,0.05,0.0,0.0,0.0
29,3,3,2,True,0.02400558730974672,0.08043824722582116,2,qEHVI,0.0,0.15000000000000002,0.7000000000000001,0.05,0.0,0.05,0.05
29,3,3,2,True,0.02400558730974672,0.08043824722582116,3,qUCB,0.1,0.0,0.2,0.05,0.1,0.45,0.1
29,3,3,2,True,0.02400558730974672,0.08043824722582116,4,qUCB,0.1,0.0,0.2,0.1,0.05,0.45,0.1
29,4,2,3,False,0.018192698821595583,0.017985374338174154,0,qEHVI,0.1,0.15000000000000002,0.65,0.1,0.0,0.0,0.0
29,4,2,3,False,0.018192698821595583,0.017985374338174154,1,qEHVI,0.30000000000000004,0.05,0.6000000000000001,0.05,0.0,0.0,0.0
29,4,2,3,False,0.018192698821595583,0.017985374338174154,2,qUCB,0.0,0.0,0.35000000000000003,0.05,0.1,0.4,0.1
29,4,2,3,False,0.018192698821595583,0.017985374338174154,3,qUCB,0.0,0.0,0.5,0.0,0.1,0.30000000000000004,0.1
29,4,2,3,False,0.018192698821595583,0.017985374338174154,4,qUCB,0.1,0.0,0.35000000000000003,0.0,0.0,0.45,0.1
29,5,1,4,False,0.011456834982107048,0.10534117346168426,0,qEHVI,0.1,0.15000000000000002,0.65,0.1,0.0,0.0,0.0
29,5,1,4,False,0.011456834982107048,0.10534117346168426,1,qUCB,0.0,0.0,0.35000000000000003,0.05,0.1,0.4,0.1
29,5,1,4,False,0.011456834982107048,0.10534117346168426,2,qUCB,0.0,0.0,0.5,0.0,0.1,0.30000000000000004,0.1
29,5,1,4,False,0.011456834982107048,0.10534117346168426,3,qUCB,0.1,0.0,0.35000000000000003,0.0,0.0,0.45,0.1
29,5,1,4,False,0.011456834982107048,0.10534117346168426,4,qUCB,0.35000000000000003,0.0,0.2,0.0,0.0,0.45,0.0
29,6,0,5,False,0.006558942666976187,0.2598918435988402,0,qUCB,0.05,0.05,0.7000000000000001,0.05,0.0,0.05,0.1
29,6,0,5,False,0.006558942666976187,0.2598918435988402,1,qUCB,0.0,0.1,0.7000000000000001,0.05,0.0,0.1,0.05
29,6,0,5,False,0.006558942666976187,0.2598918435988402,2,qUCB,0.35000000000000003,0.0,0.55,0.0,0.0,0.1,0.0
29,6,0,5,False,0.006558942666976187,0.2598918435988402,3,qUCB,0.0,0.0,0.65,0.1,0.1,0.15000000000000002,0.0
29,6,0,5,False,0.006558942666976187,0.2598918435988402,4,qUCB,0.0,0.15000000000000002,0.55,0.1,0.0,0.1,0.1
30,1,5,0,False,0.032870070562675456,0.21360263034000404,0,qEHVI,0.35000000000000003,0.0,0.6000000000000001,0.05,0.0,0.0,0.0
30,1,5,0,False,0.032870070562675456,0.21360263034000404,1,qEHVI,0.15000000000000002,0.15000000000000002,0.65,0.05,0.0,0.0,0.0
30,1,5,0,False,0.032870070562675456,0.21360263034000404,2,qEHVI,0.05,0.05,0.7000000000000001,0.1,0.0,0.1,0.0
30,1,5,0,False,0.032870070562675456,0.21360263034000404,3,qEHVI,0.15000000000000002,0.0,0.7000000000000001,0.1,0.0,0.05,0.0
30,1,5,0,False,0.032870070562675456,0.21360263034000404,4,qEHVI,0.15000000000000002,0.0,0.7000000000000001,0.0,0.0,0.05,0.1
30,2,4,1,False,0.027910857583003823,0.10427186541082278,0,qEHVI,0.35000000000000003,0.0,0.6000000000000001,0.05,0.0,0.0,0.0
30,2,4,1,False,0.027910857583003823,0.10427186541082278,1,qEHVI,0.15000000000000002,0.15000000000000002,0.65,0.05,0.0,0.0,0.0
30,2,4,1,False,0.027910857583003823,0.10427186541082278,2,qEHVI,0.05,0.05,0.7000000000000001,0.1,0.0,0.1,0.0
30,2,4,1,False,0.027910857583003823,0.10427186541082278,3,qEHVI,0.15000000000000002,0.0,0.7000000000000001,0.1,0.0,0.05,0.0
30,2,4,1,False,0.027910857583003823,0.10427186541082278,4,qUCB,0.0,0.0,0.35000000000000003,0.05,0.1,0.4,0.1
30,3,3,2,True,0.022529867780243844,0.10246478327009889,0,qEHVI,0.35000000000000003,0.0,0.6000000000000001,0.05,0.0,0.0,0.0
30,3,3,2,True,0.022529867780243844,0.10246478327009889,1,qEHVI,0.15000000000000002,0.15000000000000002,0.65,0.05,0.0,0.0,0.0
30,3,3,2,True,0.022529867780243844,0.10246478327009889,2,qEHVI,0.05,0.05,0.7000000000000001,0.1,0.0,0.1,0.0
30,3,3,2,True,0.022529867780243844,0.10246478327009889,3,qUCB,0.0,0.0,0.35000000000000003,0.05,0.1,0.4,0.1
30,3,3,2,True,0.022529867780243844,0.10246478327009889,4,qUCB,0.0,0.0,0.5,0.0,0.1,0.30000000000000004,0.1
30,4,2,3,False,0.016696336533411058,0.21505490813585482,0,qEHVI,0.35000000000000003,0.0,0.6000000000000001,0.05,0.0,0.0,0.0
30,4,2,3,False,0.016696336533411058,0.21505490813585482,1,qEHVI,0.15000000000000002,0.15000000000000002,0.65,0.05,0.0,0.0,0.0
30,4,2,3,False,0.016696336533411058,0.21505490813585482,2,qUCB,0.0,0.0,0.30000000000000004,0.1,0.1,0.45,0.05
30,4,2,3,False,0.016696336533411058,0.21505490813585482,3,qUCB,0.0,0.0,0.35000000000000003,0.05,0.1,0.4,0.1
30,4,2,3,False,0.016696336533411058,0.21505490813585482,4,qUCB,0.05,0.05,0.2,0.1,0.1,0.4,0.1
30,5,1,4,False,0.010781990428780574,0.01665862743225688,0,qEHVI,0.35000000000000003,0.0,0.6000000000000001,0.05,0.0,0.0,0.0
30,5,1,4,False,0.010781990428780574,0.01665862743225688,1,qUCB,0.0,0.0,0.30000000000000004,0.1,0.1,0.45,0.05
30,5,1,4,False,0.010781990428780574,0.01665862743225688,2,qUCB,0.0,0.0,0.35000000000000003,0.05,0.1,0.4,0.1
30,5,1,4,False,0.010781990428780574,0.01665862743225688,3,qUCB,0.0,0.5,0.2,0.1,0.1,0.1,0.0
30,5,1,4,False,0.010781990428780574,0.01665862743225688,4,qUCB,0.0,0.0,0.4,0.1,0.0,0.4,0.1
30,6,0,5,False,0.011896691578721409,0.18841224170759663,0,qUCB,0.05,0.0,0.7000000000000001,0.05,0.0,0.1,0.1
30,6,0,5,False,0.011896691578721409,0.18841224170759663,1,qUCB,0.0,0.0,0.7000000000000001,0.1,0.1,0.1,0.0
30,6,0,5,False,0.011896691578721409,0.18841224170759663,2,qUCB,0.0,0.1,0.7000000000000001,0.0,0.0,0.1,0.1
30,6,0,5,False,0.011896691578721409,0.18841224170759663,3,qUCB,0.35000000000000003,0.0,0.55,0.0,0.0,0.1,0.0
30,6,0,5,False,0.011896691578721409,0.18841224170759663,4,qUCB,0.0,0.15000000000000002,0.65,0.1,0.0,0.1,0.0
31,1,5,0,False,0.039708688066961845,0.36923917824569585,0,qEHVI,0.2,0.05,0.65,0.05,0.0,0.05,0.0
31,1,5,0,False,0.039708688066961845,0.36923917824569585,1,qEHVI,0.1,0.05,0.65,0.05,0.0,0.1,0.05
31,1,5,0,False,0.039708688066961845,0.36923917824569585,2,qEHVI,0.05,0.1,0.6000000000000001,0.1,0.0,0.05,0.1
31,1,5,0,False,0.039708688066961845,0.36923917824569585,3,qEHVI,0.30000000000000004,0.0,0.65,0.05,0.0,0.0,0.0
31,1,5,0,False,0.039708688066961845,0.36923917824569585,4,qEHVI,0.0,0.05,0.65,0.05,0.0,0.15000000000000002,0.1
31,2,4,1,False,0.03349801709969248,0.49352431180892253,0,qEHVI,0.2,0.05,0.65,0.05,0.0,0.05,0.0
31,2,4,1,False,0.03349801709969248,0.49352431180892253,1,qEHVI,0.1,0.05,0.65,0.05,0.0,0.1,0.05
31,2,4,1,False,0.03349801709969248,0.49352431180892253,2,qEHVI,0.05,0.1,0.6000000000000001,0.1,0.0,0.05,0.1
31,2,4,1,False,0.03349801709969248,0.49352431180892253,3,qEHVI,0.30000000000000004,0.0,0.65,0.05,0.0,0.0,0.0
31,2,4,1,False,0.03349801709969248,0.49352431180892253,4,qUCB,0.0,0.0,0.30000000000000004,0.1,0.1,0.45,0.05
31,3,3,2,True,0.026633062836719654,0.23512356284603975,0,qEHVI,0.2,0.05,0.65,0.05,0.0,0.05,0.0
31,3,3,2,True,0.026633062836719654,0.23512356284603975,1,qEHVI,0.1,0.05,0.65,0.05,0.0,0.1,0.05
31,3,3,2,True,0.026633062836719654,0.23512356284603975,2,qEHVI,0.05,0.1,0.6000000000000001,0.1,0.0,0.05,0.1
31,3,3,2,True,0.026633062836719654,0.23512356284603975,3,qUCB,0.0,0.0,0.30000000000000004,0.1,0.1,0.45,0.05
31,3,3,2,True,0.026633062836719654,0.23512356284603975,4,qUCB,0.0,0.5,0.2,0.1,0.1,0.1,0.0
31,4,2,3,False,0.01983991806805268,0.07116393838558732,0,qEHVI,0.2,0.05,0.65,0.05,0.0,0.05,0.0
31,4,2,3,False,0.01983991806805268,0.07116393838558732,1,qEHVI,0.1,0.05,0.65,0.05,0.0,0.1,0.05
31,4,2,3,False,0.01983991806805268,0.07116393838558732,2,qUCB,0.0,0.0,0.30000000000000004,0.1,0.1,0.45,0.05
31,4,2,3,False,0.01983991806805268,0.07116393838558732,3,qUCB,0.0,0.5,0.2,0.1,0.1,0.1,0.0
31,4,2,3,False,0.01983991806805268,0.07116393838558732,4,qUCB,0.2,0.5,0.2,0.0,0.0,0.1,0.0
31,5,1,4,False,0.012003255291957213,0.043870426717823374,0,qEHVI,0.2,0.05,0.65,0.05,0.0,0.05,0.0
31,5,1,4,False,0.012003255291957213,0.043870426717823374,1,qUCB,0.0,0.0,0.30000000000000004,0.1,0.05,0.45,0.1
31,5,1,4,False,0.012003255291957213,0.043870426717823374,2,qUCB,0.0,0.5,0.2,0.1,0.1,0.1,0.0
31,5,1,4,False,0.012003255291957213,0.043870426717823374,3,qUCB,0.0,0.15000000000000002,0.30000000000000004,0.1,0.1,0.25,0.1
31,5,1,4,False,0.012003255291957213,0.043870426717823374,4,qUCB,0.15000000000000002,0.15000000000000002,0.2,0.1,0.1,0.2,0.1
31,6,0,5,False,0.017029176541326383,0.26088026075934145,0,qUCB,0.0,0.1,0.6000000000000001,0.1,0.0,0.1,0.1
31,6,0,5,False,0.017029176541326383,0.26088026075934145,1,qUCB,0.35000000000000003,0.0,0.55,0.0,0.0,0.1,0.0
31,6,0,5,False,0.017029176541326383,0.26088026075934145,2,qUCB,0.0,0.2,0.5,0.1,0.0,0.2,0.0
31,6,0,5,False,0.017029176541326383,0.26088026075934145,3,qUCB,0.05,0.05,0.7000000000000001,0.05,0.0,0.05,0.1
31,6,0,5,False,0.017029176541326383,0.26088026075934145,4,qUCB,0.35000000000000003,0.0,0.4,0.1,0.1,0.05,0.0
32,1,5,0,False,0.03134128038771836,0.16028280954138374,0,qEHVI,0.30000000000000004,0.0,0.6000000000000001,0.05,0.0,0.05,0.0
32,1,5,0,False,0.03134128038771836,0.16028280954138374,1,qEHVI,0.25,0.0,0.65,0.05,0.0,0.05,0.0
32,1,5,0,False,0.03134128038771836,0.16028280954138374,2,qEHVI,0.2,0.1,0.6000000000000001,0.1,0.0,0.0,0.0
32,1,5,0,False,0.03134128038771836,0.16028280954138374,3,qEHVI,0.0,0.2,0.6000000000000001,0.1,0.0,0.05,0.05
32,1,5,0,False,0.03134128038771836,0.16028280954138374,4,qEHVI,0.05,0.0,0.65,0.05,0.0,0.15000000000000002,0.1
32,2,4,1,False,0.026113767690294665,0.06717531611741023,0,qEHVI,0.30000000000000004,0.0,0.6000000000000001,0.05,0.0,0.05,0.0
32,2,4,1,False,0.026113767690294665,0.06717531611741023,1,qEHVI,0.25,0.0,0.65,0.05,0.0,0.05,0.0
32,2,4,1,False,0.026113767690294665,0.06717531611741023,2,qEHVI,0.2,0.1,0.6000000000000001,0.1,0.0,0.0,0.0
32,2,4,1,False,0.026113767690294665,0.06717531611741023,3,qEHVI,0.0,0.2,0.6000000000000001,0.1,0.0,0.05,0.05
32,2,4,1,False,0.026113767690294665,0.06717531611741023,4,qUCB,0.05,0.0,0.35000000000000003,0.0,0.1,0.4,0.1
32,3,3,2,True,0.02069181756228073,0.16019697695076296,0,qEHVI,0.30000000000000004,0.0,0.6000000000000001,0.05,0.0,0.05,0.0
32,3,3,2,True,0.02069181756228073,0.16019697695076296,1,qEHVI,0.25,0.0,0.65,0.05,0.0,0.05,0.0
32,3,3,2,True,0.02069181756228073,0.16019697695076296,2,qEHVI,0.2,0.1,0.6000000000000001,0.1,0.0,0.0,0.0
32,3,3,2,True,0.02069181756228073,0.16019697695076296,3,qUCB,0.0,0.0,0.35000000000000003,0.05,0.05,0.45,0.1
32,3,3,2,True,0.02069181756228073,0.16019697695076296,4,qUCB,0.0,0.05,0.35000000000000003,0.0,0.1,0.4,0.1
32,4,2,3,False,0.014986459488581233,0.03281753549295896,0,qEHVI,0.30000000000000004,0.0,0.6000000000000001,0.05,0.0,0.05,0.0
32,4,2,3,False,0.014986459488581233,0.03281753549295896,1,qEHVI,0.25,0.0,0.65,0.05,0.0,0.05,0.0
32,4,2,3,False,0.014986459488581233,0.03281753549295896,2,qUCB,0.0,0.0,0.35000000000000003,0.1,0.05,0.4,0.1
32,4,2,3,False,0.014986459488581233,0.03281753549295896,3,qUCB,0.0,0.45,0.2,0.1,0.1,0.05,0.1
32,4,2,3,False,0.014986459488581233,0.03281753549295896,4,qUCB,0.05,0.5,0.2,0.1,0.0,0.05,0.1
32,5,1,4,False,0.008823171243756416,0.06449485252280507,0,qEHVI,0.30000000000000004,0.0,0.6000000000000001,0.05,0.0,0.05,0.0
32,5,1,4,False,0.008823171243756416,0.06449485252280507,1,qUCB,0.0,0.0,0.35000000000000003,0.1,0.05,0.4,0.1
32,5,1,4,False,0.008823171243756416,0.06449485252280507,2,qUCB,0.0,0.45,0.2,0.1,0.1,0.05,0.1
32,5,1,4,False,0.008823171243756416,0.06449485252280507,3,qUCB,0.05,0.5,0.2,0.1,0.0,0.05,0.1
32,5,1,4,False,0.008823171243756416,0.06449485252280507,4,qUCB,0.0,0.05,0.30000000000000004,0.1,0.0,0.45,0.1
32,6,0,5,False,0.011353214640825364,0.17189959846081138,0,qUCB,0.0,0.1,0.7000000000000001,0.05,0.0,0.05,0.1
32,6,0,5,False,0.011353214640825364,0.17189959846081138,1,qUCB,0.35000000000000003,0.0,0.55,0.0,0.0,0.1,0.0
32,6,0,5,False,0.011353214640825364,0.17189959846081138,2,qUCB,0.0,0.1,0.6000000000000001,0.1,0.0,0.1,0.1
32,6,0,5,False,0.011353214640825364,0.17189959846081138,3,qUCB,0.1,0.0,0.7000000000000001,0.0,0.0,0.1,0.1
32,6,0,5,False,0.011353214640825364,0.17189959846081138,4,qUCB,0.35000000000000003,0.0,0.4,0.1,0.0,0.15000000000000002,0.0
33,1,5,0,False,0.03688145900544811,0.14312459716673587,0,qEHVI,0.35000000000000003,0.0,0.6000000000000001,0.0,0.0,0.05,0.0
33,1,5,0,False,0.03688145900544811,0.14312459716673587,1,qEHVI,0.0,0.05,0.6000000000000001,0.1,0.0,0.15000000000000002,0.1
33,1,5,0,False,0.03688145900544811,0.14312459716673587,2,qEHVI,0.1,0.15000000000000002,0.6000000000000001,0.1,0.0,0.0,0.05
33,1,5,0,False,0.03688145900544811,0.14312459716673587,3,qEHVI,0.1,0.1,0.65,0.0,0.0,0.05,0.1
33,1,5,0,False,0.03688145900544811,0.14312459716673587,4,qEHVI,0.05,0.0,0.65,0.05,0.0,0.15000000000000002,0.1
33,2,4,1,False,0.031223402409838924,0.10996476931664034,0,qEHVI,0.35000000000000003,0.0,0.6000000000000001,0.0,0.0,0.05,0.0
33,2,4,1,False,0.031223402409838924,0.10996476931664034,1,qEHVI,0.0,0.05,0.6000000000000001,0.1,0.0,0.15000000000000002,0.1
33,2,4,1,False,0.031223402409838924,0.10996476931664034,2,qEHVI,0.1,0.15000000000000002,0.6000000000000001,0.1,0.0,0.0,0.05
33,2,4,1,False,0.031223402409838924,0.10996476931664034,3,qEHVI,0.1,0.1,0.65,0.0,0.0,0.05,0.1
33,2,4,1,False,0.031223402409838924,0.10996476931664034,4,qUCB,0.05,0.0,0.4,0.0,0.1,0.45,0.0
33,3,3,2,True,0.025094562929394236,0.08529738291229272,0,qEHVI,0.35000000000000003,0.0,0.6000000000000001,0.0,0.0,0.05,0.0
33,3,3,2,True,0.025094562929394236,0.08529738291229272,1,qEHVI,0.0,0.05,0.6000000000000001,0.1,0.0,0.15000000000000002,0.1
33,3,3,2,True,0.025094562929394236,0.08529738291229272,2,qEHVI,0.1,0.15000000000000002,0.6000000000000001,0.1,0.0,0.0,0.05
33,3,3,2,True,0.025094562929394236,0.08529738291229272,3,qUCB,0.1,0.0,0.30000000000000004,0.0,0.1,0.45,0.05
33,3,3,2,True,0.025094562929394236,0.08529738291229272,4,qUCB,0.0,0.25,0.4,0.0,0.1,0.25,0.0
33,4,2,3,False,0.01941543199893341,0.14334479171690484,0,qEHVI,0.35000000000000003,0.0,0.6000000000000001,0.0,0.0,0.05,0.0
33,4,2,3,False,0.01941543199893341,0.14334479171690484,1,qEHVI,0.0,0.05,0.6000000000000001,0.1,0.0,0.15000000000000002,0.1
33,4,2,3,False,0.01941543199893341,0.14334479171690484,2,qUCB,0.2,0.5,0.2,0.1,0.0,0.0,0.0
33,4,2,3,False,0.01941543199893341,0.14334479171690484,3,qUCB,0.0,0.25,0.4,0.0,0.1,0.25,0.0
33,4,2,3,False,0.01941543199893341,0.14334479171690484,4,qUCB,0.15000000000000002,0.5,0.2,0.05,0.0,0.1,0.0
33,5,1,4,False,0.010960052782947928,0.03454339731932854,0,qEHVI,0.35000000000000003,0.0,0.6000000000000001,0.0,0.0,0.05,0.0
33,5,1,4,False,0.010960052782947928,0.03454339731932854,1,qUCB,0.0,0.0,0.4,0.1,0.0,0.4,0.1
33,5,1,4,False,0.010960052782947928,0.03454339731932854,2,qUCB,0.0,0.30000000000000004,0.4,0.1,0.1,0.0,0.1
33,5,1,4,False,0.010960052782947928,0.03454339731932854,3,qUCB,0.0,0.15000000000000002,0.30000000000000004,0.1,0.1,0.25,0.1
33,5,1,4,False,0.010960052782947928,0.03454339731932854,4,qUCB,0.0,0.45,0.2,0.1,0.1,0.05,0.1
33,6,0,5,False,0.008489577430069561,0.09140920369505579,0,qUCB,0.0,0.1,0.65,0.05,0.0,0.1,0.1
33,6,0,5,False,0.008489577430069561,0.09140920369505579,1,qUCB,0.0,0.2,0.5,0.1,0.0,0.2,0.0
33,6,0,5,False,0.008489577430069561,0.09140920369505579,2,qUCB,0.35000000000000003,0.0,0.55,0.0,0.1,0.0,0.0
33,6,0,5,False,0.008489577430069561,0.09140920369505579,3,qUCB,0.35000000000000003,0.0,0.5,0.0,0.0,0.15000000000000002,0.0
33,6,0,5,False,0.008489577430069561,0.09140920369505579,4,qUCB,0.1,0.0,0.7000000000000001,0.0,0.0,0.1,0.1
34,1,5,0,False,0.028164540467909168,0.21527230283688326,0,qEHVI,0.30000000000000004,0.0,0.65,0.05,0.0,0.0,0.0
34,1,5,0,False,0.028164540467909168,0.21527230283688326,1,qEHVI,0.05,0.0,0.65,0.05,0.0,0.15000000000000002,0.1
34,1,5,0,False,0.028164540467909168,0.21527230283688326,2,qEHVI,0.2,0.05,0.65,0.05,0.0,0.0,0.05
34,1,5,0,False,0.028164540467909168,0.21527230283688326,3,qEHVI,0.05,0.05,0.7000000000000001,0.05,0.0,0.05,0.1
34,1,5,0,False,0.028164540467909168,0.21527230283688326,4,qEHVI,0.15000000000000002,0.0,0.7000000000000001,0.0,0.0,0.05,0.1
34,2,4,1,False,0.024071614208623672,0.16486655872931877,0,qEHVI,0.30000000000000004,0.0,0.65,0.05,0.0,0.0,0.0
34,2,4,1,False,0.024071614208623672,0.16486655872931877,1,qEHVI,0.05,0.0,0.65,0.05,0.0,0.15000000000000002,0.1
34,2,4,1,False,0.024071614208623672,0.16486655872931877,2,qEHVI,0.2,0.05,0.65,0.05,0.0,0.0,0.05
34,2,4,1,False,0.024071614208623672,0.16486655872931877,3,qEHVI,0.05,0.05,0.7000000000000001,0.05,0.0,0.05,0.1
34,2,4,1,False,0.024071614208623672,0.16486655872931877,4,qUCB,0.2,0.5,0.2,0.1,0.0,0.0,0.0
34,3,3,2,True,0.019787476876322083,0.07814507992279651,0,qEHVI,0.30000000000000004,0.0,0.65,0.05,0.0,0.0,0.0
34,3,3,2,True,0.019787476876322083,0.07814507992279651,1,qEHVI,0.05,0.0,0.65,0.05,0.0,0.15000000000000002,0.1
34,3,3,2,True,0.019787476876322083,0.07814507992279651,2,qEHVI,0.2,0.05,0.65,0.05,0.0,0.0,0.05
34,3,3,2,True,0.019787476876322083,0.07814507992279651,3,qUCB,0.2,0.5,0.2,0.1,0.0,0.0,0.0
34,3,3,2,True,0.019787476876322083,0.07814507992279651,4,qUCB,0.1,0.5,0.2,0.1,0.0,0.0,0.1
34,4,2,3,False,0.015178506511053623,0.02516684851521589,0,qEHVI,0.30000000000000004,0.0,0.65,0.05,0.0,0.0,0.0
34,4,2,3,False,0.015178506511053623,0.02516684851521589,1,qEHVI,0.05,0.0,0.65,0.05,0.0,0.15000000000000002,0.1
34,4,2,3,False,0.015178506511053623,0.02516684851521589,2,qUCB,0.15000000000000002,0.5,0.2,0.1,0.0,0.0,0.05
34,4,2,3,False,0.015178506511053623,0.02516684851521589,3,qUCB,0.2,0.5,0.2,0.0,0.0,0.1,0.0
34,4,2,3,False,0.015178506511053623,0.02516684851521589,4,qUCB,0.0,0.45,0.35000000000000003,0.1,0.1,0.0,0.0
34,5,1,4,False,0.010035477015287685,0.009819675678874873,0,qEHVI,0.30000000000000004,0.0,0.65,0.05,0.0,0.0,0.0
34,5,1,4,False,0.010035477015287685,0.009819675678874873,1,qUCB,0.0,0.0,0.30000000000000004,0.1,0.05,0.45,0.1
34,5,1,4,False,0.010035477015287685,0.009819675678874873,2,qUCB,0.0,0.45,0.2,0.1,0.1,0.05,0.1
34,5,1,4,False,0.010035477015287685,0.009819675678874873,3,qUCB,0.1,0.5,0.2,0.1,0.0,0.0,0.1
34,5,1,4,False,0.010035477015287685,0.009819675678874873,4,qUCB,0.0,0.30000000000000004,0.4,0.1,0.1,0.0,0.1
34,6,0,5,False,0.00870097185485037,0.10069275768890051,0,qUCB,0.05,0.05,0.7000000000000001,0.05,0.0,0.05,0.1
34,6,0,5,False,0.00870097185485037,0.10069275768890051,1,qUCB,0.35000000000000003,0.0,0.5,0.05,0.1,0.0,0.0
34,6,0,5,False,0.00870097185485037,0.10069275768890051,2,qUCB,0.35000000000000003,0.0,0.35000000000000003,0.1,0.1,0.1,0.0
34,6,0,5,False,0.00870097185485037,0.10069275768890051,3,qUCB,0.0,0.0,0.55,0.1,0.0,0.30000000000000004,0.05
34,6,0,5,False,0.00870097185485037,0.10069275768890051,4,qUCB,0.35000000000000003,0.1,0.35000000000000003,0.1,0.0,0.1,0.0
35,1,5,0,False,0.02471195600507785,0.45145752661935035,0,qEHVI,0.1,0.1,0.65,0.0,0.0,0.05,0.1
35,1,5,0,False,0.02471195600507785,0.45145752661935035,1,qEHVI,0.35000000000000003,0.0,0.6000000000000001,0.0,0.0,0.0,0.05
35,1,5,0,False,0.02471195600507785,0.45145752661935035,2,qEHVI,0.05,0.0,0.7000000000000001,0.05,0.0,0.1,0.1
35,1,5,0,False,0.02471195600507785,0.45145752661935035,3,qEHVI,0.15000000000000002,0.05,0.7000000000000001,0.05,0.0,0.0,0.05
35,1,5,0,False,0.02471195600507785,0.45145752661935035,4,qEHVI,0.1,0.2,0.6000000000000001,0.1,0.0,0.0,0.0
35,2,4,1,False,0.020848147853171073,0.1256708433921805,0,qEHVI,0.1,0.1,0.65,0.0,0.0,0.05,0.1
35,2,4,1,False,0.020848147853171073,0.1256708433921805,1,qEHVI,0.35000000000000003,0.0,0.6000000000000001,0.0,0.0,0.0,0.05
35,2,4,1,False,0.020848147853171073,0.1256708433921805,2,qEHVI,0.05,0.0,0.7000000000000001,0.05,0.0,0.1,0.1
35,2,4,1,False,0.020848147853171073,0.1256708433921805,3,qEHVI,0.15000000000000002,0.05,0.7000000000000001,0.05,0.0,0.0,0.05
35,2,4,1,False,0.020848147853171073,0.1256708433921805,4,qUCB,0.0,0.5,0.2,0.1,0.1,0.0,0.1
35,3,3,2,True,0.016610709447988693,0.12325282077605326,0,qEHVI,0.1,0.1,0.65,0.0,0.0,0.05,0.1
35,3,3,2,True,0.016610709447988693,0.12325282077605326,1,qEHVI,0.35000000000000003,0.0,0.6000000000000001,0.0,0.0,0.0,0.05
35,3,3,2,True,0.016610709447988693,0.12325282077605326,2,qEHVI,0.05,0.0,0.7000000000000001,0.05,0.0,0.1,0.1
35,3,3,2,True,0.016610709447988693,0.12325282077605326,3,qUCB,0.1,0.5,0.30000000000000004,0.1,0.0,0.0,0.0
35,3,3,2,True,0.016610709447988693,0.12325282077605326,4,qUCB,0.15000000000000002,0.45,0.2,0.1,0.0,0.1,0.0
35,4,2,3,False,0.012273209665329705,0.1813993019908242,0,qEHVI,0.1,0.1,0.65,0.0,0.0,0.05,0.1
35,4,2,3,False,0.012273209665329705,0.1813993019908242,1,qEHVI,0.35000000000000003,0.0,0.6000000000000001,0.0,0.0,0.0,0.05
35,4,2,3,False,0.012273209665329705,0.1813993019908242,2,qUCB,0.1,0.5,0.30000000000000004,0.1,0.0,0.0,0.0
35,4,2,3,False,0.012273209665329705,0.1813993019908242,3,qUCB,0.1,0.05,0.2,0.1,0.1,0.45,0.0
35,4,2,3,False,0.012273209665329705,0.1813993019908242,4,qUCB,0.15000000000000002,0.45,0.2,0.1,0.0,0.1,0.0
35,5,1,4,False,0.006656369727220673,0.1504218652072189,0,qEHVI,0.1,0.1,0.65,0.0,0.0,0.05,0.1
35,5,1,4,False,0.006656369727220673,0.1504218652072189,1,qUCB,0.30000000000000004,0.4,0.2,0.1,0.0,0.0,0.0
35,5,1,4,False,0.006656369727220673,0.1504218652072189,2,qUCB,0.35000000000000003,0.05,0.30000000000000004,0.1,0.1,0.1,0.0
35,5,1,4,False,0.006656369727220673,0.1504218652072189,3,qUCB,0.35000000000000003,0.2,0.2,0.1,0.0,0.15000000000000002,0.0
35,5,1,4,False,0.006656369727220673,0.1504218652072189,4,qUCB,0.15000000000000002,0.45,0.2,0.1,0.0,0.1,0.0
35,6,0,5,False,0.009659148782220999,0.2962184513575945,0,qUCB,0.05,0.0,0.7000000000000001,0.05,0.0,0.1,0.1
35,6,0,5,False,0.009659148782220999,0.2962184513575945,1,qUCB,0.35000000000000003,0.0,0.55,0.0,0.1,0.0,0.0
35,6,0,5,False,0.009659148782220999,0.2962184513575945,2,qUCB,0.35000000000000003,0.2,0.2,0.1,0.0,0.15000000000000002,0.0
35,6,0,5,False,0.009659148782220999,0.2962184513575945,3,qUCB,0.0,0.1,0.65,0.05,0.0,0.1,0.1
35,6,0,5,False,0.009659148782220999,0.2962184513575945,4,qUCB,0.1,0.0,0.5,0.1,0.0,0.30000000000000004,0.0
36,1,5,0,False,0.02278186084744041,0.21701569846871394,0,qEHVI,0.15000000000000002,0.1,0.55,0.1,0.0,0.05,0.05
36,1,5,0,False,0.02278186084744041,0.21701569846871394,1,qEHVI,0.05,0.15000000000000002,0.7000000000000001,0.0,0.0,0.05,0.05
36,1,5,0,False,0.02278186084744041,0.21701569846871394,2,qEHVI,0.1,0.1,0.65,0.1,0.0,0.0,0.05
36,1,5,0,False,0.02278186084744041,0.21701569846871394,3,qEHVI,0.2,0.1,0.6000000000000001,0.05,0.0,0.05,0.0
36,1,5,0,False,0.02278186084744041,0.21701569846871394,4,qEHVI,0.0,0.05,0.65,0.05,0.0,0.15000000000000002,0.1
36,2,4,1,False,0.01919967731236297,0.20688387351478887,0,qEHVI,0.15000000000000002,0.1,0.55,0.1,0.0,0.05,0.05
36,2,4,1,False,0.01919967731236297,0.20688387351478887,1,qEHVI,0.05,0.15000000000000002,0.7000000000000001,0.0,0.0,0.05,0.05
36,2,4,1,False,0.01919967731236297,0.20688387351478887,2,qEHVI,0.1,0.1,0.65,0.1,0.0,0.0,0.05
36,2,4,1,False,0.01919967731236297,0.20688387351478887,3,qEHVI,0.2,0.1,0.6000000000000001,0.05,0.0,0.05,0.0
36,2,4,1,False,0.01919967731236297,0.20688387351478887,4,qUCB,0.05,0.05,0.2,0.05,0.1,0.45,0.1
36,3,3,2,True,0.017896882832717603,0.15322039076405325,0,qEHVI,0.05,0.15000000000000002,0.7000000000000001,0.0,0.0,0.05,0.05
36,3,3,2,True,0.017896882832717603,0.15322039076405325,1,qEHVI,0.15000000000000002,0.1,0.55,0.1,0.0,0.05,0.05
36,3,3,2,True,0.017896882832717603,0.15322039076405325,2,qEHVI,0.1,0.1,0.65,0.1,0.0,0.0,0.05
36,3,3,2,True,0.017896882832717603,0.15322039076405325,3,qUCB,0.35000000000000003,0.0,0.55,0.0,0.1,0.0,0.0
36,3,3,2,True,0.017896882832717603,0.15322039076405325,4,qUCB,0.05,0.05,0.2,0.05,0.1,0.45,0.1
36,4,2,3,False,0.01194603204632036,0.06875503298511809,0,qEHVI,0.15000000000000002,0.1,0.55,0.1,0.0,0.05,0.05
36,4,2,3,False,0.01194603204632036,0.06875503298511809,1,qEHVI,0.05,0.15000000000000002,0.7000000000000001,0.0,0.0,0.05,0.05
36,4,2,3,False,0.01194603204632036,0.06875503298511809,2,qUCB,0.35000000000000003,0.0,0.55,0.0,0.1,0.0,0.0
36,4,2,3,False,0.01194603204632036,0.06875503298511809,3,qUCB,0.05,0.05,0.2,0.05,0.1,0.45,0.1
36,4,2,3,False,0.01194603204632036,0.06875503298511809,4,qUCB,0.35000000000000003,0.30000000000000004,0.2,0.0,0.0,0.15000000000000002,0.0
36,5,1,4,False,0.007232553989873655,0.04560451601459725,0,qEHVI,0.15000000000000002,0.1,0.55,0.1,0.0,0.05,0.05
36,5,1,4,False,0.007232553989873655,0.04560451601459725,1,qUCB,0.35000000000000003,0.0,0.55,0.0,0.1,0.0,0.0
36,5,1,4,False,0.007232553989873655,0.04560451601459725,2,qUCB,0.0,0.0,0.5,0.0,0.0,0.45,0.05
36,5,1,4,False,0.007232553989873655,0.04560451601459725,3,qUCB,0.35000000000000003,0.30000000000000004,0.2,0.0,0.0,0.15000000000000002,0.0
36,5,1,4,False,0.007232553989873655,0.04560451601459725,4,qUCB,0.35000000000000003,0.0,0.2,0.0,0.0,0.45,0.0
36,6,0,5,False,0.007236641473031488,0.2675782870427925,0,qUCB,0.0,0.1,0.65,0.05,0.0,0.1,0.1
36,6,0,5,False,0.007236641473031488,0.2675782870427925,1,qUCB,0.35000000000000003,0.0,0.55,0.0,0.1,0.0,0.0
36,6,0,5,False,0.007236641473031488,0.2675782870427925,2,qUCB,0.0,0.0,0.55,0.1,0.0,0.30000000000000004,0.05
36,6,0,5,False,0.007236641473031488,0.2675782870427925,3,qUCB,0.35000000000000003,0.0,0.4,0.1,0.0,0.15000000000000002,0.0
36,6,0,5,False,0.007236641473031488,0.2675782870427925,4,qUCB,0.0,0.1,0.65,0.1,0.0,0.1,0.05
37,1,5,0,False,0.020595144515232054,1.2696063040362624,0,qEHVI,0.1,0.1,0.7000000000000001,0.0,0.0,0.0,0.1
37,1,5,0,False,0.020595144515232054,1.2696063040362624,1,qEHVI,0.30000000000000004,0.05,0.6000000000000001,0.0,0.0,0.05,0.0
37,1,5,0,False,0.020595144515232054,1.2696063040362624,2,qEHVI,0.15000000000000002,0.0,0.65,0.1,0.0,0.05,0.05
37,1,5,0,False,0.020595144515232054,1.2696063040362624,3,qEHVI,0.0,0.05,0.65,0.05,0.0,0.15000000000000002,0.1
37,1,5,0,False,0.020595144515232054,1.2696063040362624,4,qEHVI,0.05,0.05,0.7000000000000001,0.05,0.0,0.05,0.1
37,2,4,1,False,0.016895717966912527,0.22672668319924938,0,qEHVI,0.1,0.1,0.7000000000000001,0.0,0.0,0.0,0.1
37,2,4,1,False,0.016895717966912527,0.22672668319924938,1,qEHVI,0.30000000000000004,0.05,0.6000000000000001,0.0,0.0,0.05,0.0
37,2,4,1,False,0.016895717966912527,0.22672668319924938,2,qEHVI,0.15000000000000002,0.0,0.65,0.1,0.0,0.05,0.05
37,2,4,1,False,0.016895717966912527,0.22672668319924938,3,qEHVI,0.0,0.05,0.65,0.05,0.0,0.15000000000000002,0.1
37,2,4,1,False,0.016895717966912527,0.22672668319924938,4,qUCB,0.0,0.5,0.2,0.1,0.1,0.0,0.1
37,3,3,2,True,0.013351770700749525,0.8194791037582565,0,qEHVI,0.1,0.1,0.7000000000000001,0.0,0.0,0.0,0.1
37,3,3,2,True,0.013351770700749525,0.8194791037582565,1,qEHVI,0.30000000000000004,0.05,0.6000000000000001,0.0,0.0,0.05,0.0
37,3,3,2,True,0.013351770700749525,0.8194791037582565,2,qEHVI,0.15000000000000002,0.0,0.65,0.1,0.0,0.05,0.05
37,3,3,2,True,0.013351770700749525,0.8194791037582565,3,qUCB,0.0,0.5,0.2,0.1,0.1,0.0,0.1
37,3,3,2,True,0.013351770700749525,0.8194791037582565,4,qUCB,0.0,0.0,0.35000000000000003,0.05,0.1,0.45,0.05
37,4,2,3,False,0.009413973967226716,0.8390977896946747,0,qEHVI,0.1,0.1,0.7000000000000001,0.0,0.0,0.0,0.1
37,4,2,3,False,0.009413973967226716,0.8390977896946747,1,qEHVI,0.30000000000000004,0.05,0.6000000000000001,0.0,0.0,0.05,0.0
37,4,2,3,False,0.009413973967226716,0.8390977896946747,2,qUCB,0.05,0.05,0.2,0.1,0.1,0.45,0.05
37,4,2,3,False,0.009413973967226716,0.8390977896946747,3,qUCB,0.0,0.0,0.30000000000000004,0.1,0.05,0.45,0.1
37,4,2,3,False,0.009413973967226716,0.8390977896946747,4,qUCB,0.05,0.0,0.30000000000000004,0.1,0.1,0.4,0.05
37,5,1,4,False,0.006233708433774938,0.029247202565410912,0,qEHVI,0.1,0.1,0.7000000000000001,0.0,0.0,0.0,0.1
37,5,1,4,False,0.006233708433774938,0.029247202565410912,1,qUCB,0.05,0.05,0.2,0.1,0.1,0.45,0.05
37,5,1,4,False,0.006233708433774938,0.029247202565410912,2,qUCB,0.35000000000000003,0.2,0.2,0.1,0.0,0.15000000000000002,0.0
37,5,1,4,False,0.006233708433774938,0.029247202565410912,3,qUCB,0.35000000000000003,0.35000000000000003,0.2,0.1,0.0,0.0,0.0
37,5,1,4,False,0.006233708433774938,0.029247202565410912,4,qUCB,0.35000000000000003,0.0,0.2,0.0,0.0,0.45,0.0
37,6,0,5,False,0.007752660950116776,0.15921266434298254,0,qUCB,0.05,0.05,0.7000000000000001,0.05,0.0,0.05,0.1
37,6,0,5,False,0.007752660950116776,0.15921266434298254,1,qUCB,0.0,0.1,0.7000000000000001,0.0,0.0,0.1,0.1
37,6,0,5,False,0.007752660950116776,0.15921266434298254,2,qUCB,0.35000000000000003,0.0,0.4,0.1,0.0,0.15000000000000002,0.0
37,6,0,5,False,0.007752660950116776,0.15921266434298254,3,qUCB,0.1,0.0,0.5,0.1,0.0,0.30000000000000004,0.0
37,6,0,5,False,0.007752660950116776,0.15921266434298254,4,qUCB,0.0,0.1,0.6000000000000001,0.1,0.0,0.1,0.1
38,1,5,0,False,0.026199264291599213,0.17223773936724385,0,qEHVI,0.0,0.1,0.7000000000000001,0.05,0.0,0.05,0.1
38,1,5,0,False,0.026199264291599213,0.17223773936724385,1,qEHVI,0.15000000000000002,0.05,0.65,0.1,0.0,0.0,0.05
38,1,5,0,False,0.026199264291599213,0.17223773936724385,2,qEHVI,0.1,0.2,0.6000000000000001,0.1,0.0,0.0,0.0
38,1,5,0,False,0.026199264291599213,0.17223773936724385,3,qEHVI,0.0,0.05,0.65,0.0,0.0,0.2,0.1
38,1,5,0,False,0.026199264291599213,0.17223773936724385,4,qEHVI,0.0,0.05,0.65,0.05,0.0,0.15000000000000002,0.1
38,2,4,1,False,0.021891639180556213,0.1633584046987604,0,qEHVI,0.0,0.1,0.7000000000000001,0.05,0.0,0.05,0.1
38,2,4,1,False,0.021891639180556213,0.1633584046987604,1,qEHVI,0.15000000000000002,0.05,0.65,0.1,0.0,0.0,0.05
38,2,4,1,False,0.021891639180556213,0.1633584046987604,2,qEHVI,0.1,0.2,0.6000000000000001,0.1,0.0,0.0,0.0
38,2,4,1,False,0.021891639180556213,0.1633584046987604,3,qEHVI,0.0,0.05,0.65,0.0,0.0,0.2,0.1
38,2,4,1,False,0.021891639180556213,0.1633584046987604,4,qUCB,0.05,0.05,0.2,0.1,0.1,0.45,0.05
38,3,3,2,True,0.017427813697001707,0.1125669624969241,0,qEHVI,0.0,0.1,0.7000000000000001,0.05,0.0,0.05,0.1
38,3,3,2,True,0.017427813697001707,0.1125669624969241,1,qEHVI,0.15000000000000002,0.05,0.65,0.1,0.0,0.0,0.05
38,3,3,2,True,0.017427813697001707,0.1125669624969241,2,qEHVI,0.1,0.2,0.6000000000000001,0.1,0.0,0.0,0.0
38,3,3,2,True,0.017427813697001707,0.1125669624969241,3,qUCB,0.05,0.05,0.2,0.1,0.1,0.45,0.05
38,3,3,2,True,0.017427813697001707,0.1125669624969241,4,qUCB,0.35000000000000003,0.0,0.2,0.0,0.0,0.45,0.0
38,4,2,3,False,0.012778617873355887,0.10117033680327037,0,qEHVI,0.0,0.1,0.7000000000000001,0.05,0.0,0.05,0.1
38,4,2,3,False,0.012778617873355887,0.10117033680327037,1,qEHVI,0.15000000000000002,0.05,0.65,0.1,0.0,0.0,0.05
38,4,2,3,False,0.012778617873355887,0.10117033680327037,2,qUCB,0.05,0.05,0.2,0.1,0.1,0.45,0.05
38,4,2,3,False,0.012778617873355887,0.10117033680327037,3,qUCB,0.35000000000000003,0.30000000000000004,0.2,0.0,0.0,0.15000000000000002,0.0
38,4,2,3,False,0.012778617873355887,0.10117033680327037,4,qUCB,0.35000000000000003,0.0,0.2,0.0,0.0,0.45,0.0
38,5,1,4,False,0.0070076239290242474,0.02502547782601483,0,qEHVI,0.0,0.1,0.7000000000000001,0.05,0.0,0.05,0.1
38,5,1,4,False,0.0070076239290242474,0.02502547782601483,1,qUCB,0.25,0.5,0.2,0.05,0.0,0.0,0.0
38,5,1,4,False,0.0070076239290242474,0.02502547782601483,2,qUCB,0.35000000000000003,0.30000000000000004,0.2,0.0,0.0,0.15000000000000002,0.0
38,5,1,4,False,0.0070076239290242474,0.02502547782601483,3,qUCB,0.35000000000000003,0.0,0.2,0.0,0.0,0.45,0.0
38,5,1,4,False,0.0070076239290242474,0.02502547782601483,4,qUCB,0.35000000000000003,0.1,0.2,0.1,0.1,0.15000000000000002,0.0
38,6,0,5,False,0.009897244361855845,0.056118606851359054,0,qUCB,0.0,0.1,0.7000000000000001,0.05,0.0,0.05,0.1
38,6,0,5,False,0.009897244361855845,0.056118606851359054,1,qUCB,0.1,0.0,0.5,0.1,0.0,0.30000000000000004,0.0
38,6,0,5,False,0.009897244361855845,0.056118606851359054,2,qUCB,0.0,0.1,0.6000000000000001,0.1,0.0,0.1,0.1
38,6,0,5,False,0.009897244361855845,0.056118606851359054,3,qUCB,0.35000000000000003,0.1,0.35000000000000003,0.1,0.0,0.1,0.0
38,6,0,5,False,0.009897244361855845,0.056118606851359054,4,qUCB,0.0,0.0,0.55,0.1,0.0,0.30000000000000004,0.05
39,1,5,0,False,0.023519511006818507,0.2947837626133687,0,qEHVI,0.1,0.15000000000000002,0.6000000000000001,0.1,0.0,0.05,0.0
39,1,5,0,False,0.023519511006818507,0.2947837626133687,1,qEHVI,0.05,0.15000000000000002,0.65,0.05,0.0,0.0,0.1
39,1,5,0,False,0.023519511006818507,0.2947837626133687,2,qEHVI,0.05,0.05,0.7000000000000001,0.05,0.0,0.05,0.1
39,1,5,0,False,0.023519511006818507,0.2947837626133687,3,qEHVI,0.05,0.0,0.6000000000000001,0.1,0.0,0.15000000000000002,0.1
39,1,5,0,False,0.023519511006818507,0.2947837626133687,4,qEHVI,0.15000000000000002,0.15000000000000002,0.6000000000000001,0.05,0.0,0.0,0.05
39,2,4,1,False,0.020440652737137608,0.0481141668191043,0,qEHVI,0.1,0.15000000000000002,0.6000000000000001,0.1,0.0,0.05,0.0
39,2,4,1,False,0.020440652737137608,0.0481141668191043,1,qEHVI,0.05,0.15000000000000002,0.65,0.05,0.0,0.0,0.1
39,2,4,1,False,0.020440652737137608,0.0481141668191043,2,qEHVI,0.05,0.05,0.7000000000000001,0.05,0.0,0.05,0.1
39,2,4,1,False,0.020440652737137608,0.0481141668191043,3,qEHVI,0.05,0.0,0.6000000000000001,0.1,0.0,0.15000000000000002,0.1
39,2,4,1,False,0.020440652737137608,0.0481141668191043,4,qUCB,0.05,0.05,0.30000000000000004,0.0,0.1,0.45,0.05
39,3,3,2,True,0.01687052083461871,0.020450493114545054,0,qEHVI,0.1,0.15000000000000002,0.6000000000000001,0.1,0.0,0.05,0.0
39,3,3,2,True,0.01687052083461871,0.020450493114545054,1,qEHVI,0.05,0.15000000000000002,0.65,0.05,0.0,0.0,0.1
39,3,3,2,True,0.01687052083461871,0.020450493114545054,2,qEHVI,0.05,0.05,0.7000000000000001,0.05,0.0,0.05,0.1
39,3,3,2,True,0.01687052083461871,0.020450493114545054,3,qUCB,0.05,0.05,0.2,0.1,0.1,0.4,0.1
39,3,3,2,True,0.01687052083461871,0.020450493114545054,4,qUCB,0.35000000000000003,0.30000000000000004,0.2,0.0,0.0,0.15000000000000002,0.0
39,4,2,3,False,0.013555813960588099,0.08102061738907906,0,qEHVI,0.1,0.15000000000000002,0.6000000000000001,0.1,0.0,0.05,0.0
39,4,2,3,False,0.013555813960588099,0.08102061738907906,1,qEHVI,0.05,0.15000000000000002,0.65,0.05,0.0,0.0,0.1
39,4,2,3,False,0.013555813960588099,0.08102061738907906,2,qUCB,0.05,0.05,0.2,0.1,0.1,0.4,0.1
39,4,2,3,False,0.013555813960588099,0.08102061738907906,3,qUCB,0.35000000000000003,0.30000000000000004,0.2,0.0,0.0,0.15000000000000002,0.0
39,4,2,3,False,0.013555813960588099,0.08102061738907906,4,qUCB,0.30000000000000004,0.0,0.2,0.1,0.1,0.2,0.1
39,5,1,4,False,0.009129419183564016,0.03928866304056644,0,qEHVI,0.1,0.15000000000000002,0.6000000000000001,0.1,0.0,0.05,0.0
39,5,1,4,False,0.009129419183564016,0.03928866304056644,1,qUCB,0.05,0.0,0.35000000000000003,0.0,0.05,0.45,0.1
39,5,1,4,False,0.009129419183564016,0.03928866304056644,2,qUCB,0.0,0.0,0.55,0.0,0.0,0.35000000000000003,0.1
39,5,1,4,False,0.009129419183564016,0.03928866304056644,3,qUCB,0.35000000000000003,0.05,0.2,0.0,0.1,0.2,0.1
39,5,1,4,False,0.009129419183564016,0.03928866304056644,4,qUCB,0.35000000000000003,0.30000000000000004,0.2,0.0,0.0,0.15000000000000002,0.0
39,6,0,5,False,0.00944550961076505,0.13189097639858716,0,qUCB,0.05,0.05,0.7000000000000001,0.05,0.0,0.05,0.1
39,6,0,5,False,0.00944550961076505,0.13189097639858716,1,qUCB,0.0,0.0,0.55,0.1,0.0,0.30000000000000004,0.05
39,6,0,5,False,0.00944550961076505,0.13189097639858716,2,qUCB,0.35000000000000003,0.2,0.2,0.1,0.0,0.15000000000000002,0.0
39,6,0,5,False,0.00944550961076505,0.13189097639858716,3,qUCB,0.35000000000000003,0.0,0.5,0.0,0.0,0.15000000000000002,0.0
39,6,0,5,False,0.00944550961076505,0.13189097639858716,4,qUCB,0.0,0.0,0.7000000000000001,0.0,0.0,0.25,0.05
40,1,5,0,False,0.019915252610335468,0.15492751375241554,0,qEHVI,0.15000000000000002,0.15000000000000002,0.6000000000000001,0.05,0.0,0.0,0.05
40,1,5,0,False,0.019915252610335468,0.15492751375241554,1,qEHVI,0.0,0.05,0.65,0.0,0.0,0.2,0.1
40,1,5,0,False,0.019915252610335468,0.15492751375241554,2,qEHVI,0.05,0.0,0.6000000000000001,0.1,0.0,0.15000000000000002,0.1
40,1,5,0,False,0.019915252610335468,0.15492751375241554,3,qEHVI,0.1,0.05,0.65,0.1,0.0,0.0,0.1
40,1,5,0,False,0.019915252610335468,0.15492751375241554,4,qEHVI,0.1,0.1,0.65,0.1,0.0,0.05,0.0
40,2,4,1,False,0.016171628985556463,0.10097342815788579,0,qEHVI,0.15000000000000002,0.15000000000000002,0.6000000000000001,0.05,0.0,0.0,0.05
40,2,4,1,False,0.016171628985556463,0.10097342815788579,1,qEHVI,0.0,0.05,0.65,0.0,0.0,0.2,0.1
40,2,4,1,False,0.016171628985556463,0.10097342815788579,2,qEHVI,0.0,0.05,0.65,0.05,0.0,0.15000000000000002,0.1
40,2,4,1,False,0.016171628985556463,0.10097342815788579,3,qEHVI,0.1,0.1,0.65,0.1,0.0,0.05,0.0
40,2,4,1,False,0.016171628985556463,0.10097342815788579,4,qUCB,0.1,0.0,0.2,0.1,0.1,0.45,0.05
40,3,3,2,True,0.012571862123931325,0.13574402957660858,0,qEHVI,0.15000000000000002,0.15000000000000002,0.6000000000000001,0.05,0.0,0.0,0.05
40,3,3,2,True,0.012571862123931325,0.13574402957660858,1,qEHVI,0.0,0.05,0.65,0.0,0.0,0.2,0.1
40,3,3,2,True,0.012571862123931325,0.13574402957660858,2,qEHVI,0.05,0.0,0.6000000000000001,0.1,0.0,0.15000000000000002,0.1
40,3,3,2,True,0.012571862123931325,0.13574402957660858,3,qUCB,0.1,0.05,0.2,0.1,0.1,0.45,0.0
40,3,3,2,True,0.012571862123931325,0.13574402957660858,4,qUCB,0.1,0.0,0.2,0.1,0.1,0.45,0.05
40,4,2,3,False,0.0089329862257581,0.09723650128392691,0,qEHVI,0.15000000000000002,0.15000000000000002,0.6000000000000001,0.05,0.0,0.0,0.05
40,4,2,3,False,0.0089329862257581,0.09723650128392691,1,qEHVI,0.0,0.05,0.65,0.0,0.0,0.2,0.1
40,4,2,3,False,0.0089329862257581,0.09723650128392691,2,qUCB,0.1,0.0,0.2,0.1,0.1,0.45,0.05
40,4,2,3,False,0.0089329862257581,0.09723650128392691,3,qUCB,0.05,0.0,0.30000000000000004,0.1,0.1,0.4,0.05
40,4,2,3,False,0.0089329862257581,0.09723650128392691,4,qUCB,0.0,0.1,0.2,0.1,0.1,0.45,0.05
40,5,1,4,False,0.004859952357622339,0.02012088065156714,0,qEHVI,0.15000000000000002,0.15000000000000002,0.6000000000000001,0.05,0.0,0.0,0.05
40,5,1,4,False,0.004859952357622339,0.02012088065156714,1,qUCB,0.0,0.0,0.30000000000000004,0.1,0.05,0.45,0.1
40,5,1,4,False,0.004859952357622339,0.02012088065156714,2,qUCB,0.1,0.0,0.2,0.1,0.1,0.45,0.05
40,5,1,4,False,0.004859952357622339,0.02012088065156714,3,qUCB,0.15000000000000002,0.1,0.2,0.1,0.1,0.25,0.1
40,5,1,4,False,0.004859952357622339,0.02012088065156714,4,qUCB,0.0,0.1,0.2,0.1,0.1,0.4,0.1
40,6,0,5,False,0.008316761787852664,0.17700645420354988,0,qUCB,0.05,0.05,0.65,0.1,0.0,0.1,0.05
40,6,0,5,False,0.008316761787852664,0.17700645420354988,1,qUCB,0.0,0.0,0.55,0.1,0.0,0.30000000000000004,0.05
40,6,0,5,False,0.008316761787852664,0.17700645420354988,2,qUCB,0.0,0.0,0.7000000000000001,0.0,0.0,0.25,0.05
40,6,0,5,False,0.008316761787852664,0.17700645420354988,3,qUCB,0.0,0.2,0.5,0.1,0.0,0.1,0.1
40,6,0,5,False,0.008316761787852664,0.17700645420354988,4,qUCB,0.35000000000000003,0.0,0.4,0.1,0.0,0.15000000000000002,0.0
41,1,5,0,False,0.019205890427981712,1.0660279670017871,0,qEHVI,0.15000000000000002,0.1,0.65,0.05,0.0,0.05,0.0
41,1,5,0,False,0.019205890427981712,1.0660279670017871,1,qEHVI,0.0,0.05,0.65,0.05,0.0,0.15000000000000002,0.1
41,1,5,0,False,0.019205890427981712,1.0660279670017871,2,qEHVI,0.05,0.25,0.6000000000000001,0.1,0.0,0.0,0.0
41,1,5,0,False,0.019205890427981712,1.0660279670017871,3,qEHVI,0.0,0.05,0.65,0.05,0.0,0.2,0.05
41,1,5,0,False,0.019205890427981712,1.0660279670017871,4,qEHVI,0.0,0.05,0.65,0.1,0.0,0.15000000000000002,0.05
41,2,4,1,False,0.016752396434978167,0.09200423343147612,0,qEHVI,0.15000000000000002,0.1,0.65,0.05,0.0,0.05,0.0
41,2,4,1,False,0.016752396434978167,0.09200423343147612,1,qEHVI,0.0,0.05,0.65,0.05,0.0,0.15000000000000002,0.1
41,2,4,1,False,0.016752396434978167,0.09200423343147612,2,qEHVI,0.05,0.25,0.6000000000000001,0.1,0.0,0.0,0.0
41,2,4,1,False,0.016752396434978167,0.09200423343147612,3,qEHVI,0.0,0.05,0.65,0.05,0.0,0.2,0.05
41,2,4,1,False,0.016752396434978167,0.09200423343147612,4,qUCB,0.35000000000000003,0.35000000000000003,0.2,0.0,0.0,0.0,0.1
41,3,3,2,True,0.014058260589678583,0.12575499318719707,0,qEHVI,0.15000000000000002,0.1,0.65,0.05,0.0,0.05,0.0
41,3,3,2,True,0.014058260589678583,0.12575499318719707,1,qEHVI,0.0,0.05,0.65,0.05,0.0,0.15000000000000002,0.1
41,3,3,2,True,0.014058260589678583,0.12575499318719707,2,qEHVI,0.05,0.25,0.6000000000000001,0.1,0.0,0.0,0.0
41,3,3,2,True,0.014058260589678583,0.12575499318719707,3,qUCB,0.35000000000000003,0.35000000000000003,0.2,0.0,0.0,0.0,0.1
41,3,3,2,True,0.014058260589678583,0.12575499318719707,4,qUCB,0.35000000000000003,0.0,0.2,0.1,0.1,0.15000000000000002,0.1
41,4,2,3,False,0.011346117612963157,0.06377738871963423,0,qEHVI,0.15000000000000002,0.1,0.65,0.05,0.0,0.05,0.0
41,4,2,3,False,0.011346117612963157,0.06377738871963423,1,qEHVI,0.0,0.05,0.65,0.05,0.0,0.15000000000000002,0.1
41,4,2,3,False,0.011346117612963157,0.06377738871963423,2,qUCB,0.15000000000000002,0.5,0.2,0.1,0.0,0.0,0.05
41,4,2,3,False,0.011346117612963157,0.06377738871963423,3,qUCB,0.35000000000000003,0.35000000000000003,0.2,0.0,0.0,0.0,0.1
41,4,2,3,False,0.011346117612963157,0.06377738871963423,4,qUCB,0.35000000000000003,0.0,0.2,0.1,0.1,0.15000000000000002,0.1
41,5,1,4,False,0.0072437275281942055,0.03588595618270318,0,qEHVI,0.15000000000000002,0.1,0.65,0.05,0.0,0.05,0.0
41,5,1,4,False,0.0072437275281942055,0.03588595618270318,1,qUCB,0.0,0.0,0.30000000000000004,0.1,0.05,0.45,0.1
41,5,1,4,False,0.0072437275281942055,0.03588595618270318,2,qUCB,0.15000000000000002,0.1,0.2,0.1,0.1,0.25,0.1
41,5,1,4,False,0.0072437275281942055,0.03588595618270318,3,qUCB,0.0,0.30000000000000004,0.4,0.1,0.1,0.0,0.1
41,5,1,4,False,0.0072437275281942055,0.03588595618270318,4,qUCB,0.0,0.15000000000000002,0.2,0.1,0.1,0.35000000000000003,0.1
41,6,0,5,False,0.006233896521065784,0.955950522355316,0,qUCB,0.05,0.05,0.65,0.1,0.0,0.05,0.1
41,6,0,5,False,0.006233896521065784,0.955950522355316,1,qUCB,0.0,0.1,0.6000000000000001,0.1,0.0,0.1,0.1
41,6,0,5,False,0.006233896521065784,0.955950522355316,2,qUCB,0.0,0.0,0.7000000000000001,0.1,0.1,0.1,0.0
41,6,0,5,False,0.006233896521065784,0.955950522355316,3,qUCB,0.0,0.0,0.55,0.1,0.0,0.30000000000000004,0.05
41,6,0,5,False,0.006233896521065784,0.955950522355316,4,qUCB,0.35000000000000003,0.0,0.4,0.1,0.0,0.15000000000000002,0.0
42,1,5,0,True,0.015391092819470837,0.12695151127261006,0,qEHVI,0.30000000000000004,0.0,0.65,0.0,0.0,0.0,0.05
42,1,5,0,True,0.015391092819470837,0.12695151127261006,1,qEHVI,0.0,0.05,0.7000000000000001,0.0,0.0,0.2,0.05
42,1,5,0,True,0.015391092819470837,0.12695151127261006,2,qEHVI,0.30000000000000004,0.0,0.6000000000000001,0.05,0.0,0.0,0.05
42,1,5,0,True,0.015391092819470837,0.12695151127261006,3,qEHVI,0.05,0.05,0.65,0.1,0.0,0.05,0.1
42,1,5,0,True,0.015391092819470837,0.12695151127261006,4,qEHVI,0.1,0.1,0.7000000000000001,0.1,0.0,0.0,0.0
42,2,4,1,False,0.012946541426007927,0.20077499651166875,0,qEHVI,0.30000000000000004,0.0,0.65,0.0,0.0,0.0,0.05
42,2,4,1,False,0.012946541426007927,0.20077499651166875,1,qEHVI,0.0,0.05,0.7000000000000001,0.0,0.0,0.2,0.05
42,2,4,1,False,0.012946541426007927,0.20077499651166875,2,qEHVI,0.30000000000000004,0.0,0.6000000000000001,0.05,0.0,0.0,0.05
42,2,4,1,False,0.012946541426007927,0.20077499651166875,3,qEHVI,0.05,0.05,0.65,0.1,0.0,0.05,0.1
42,2,4,1,False,0.012946541426007927,0.20077499651166875,4,qUCB,0.15000000000000002,0.5,0.2,0.1,0.0,0.0,0.05
42,3,3,2,False,0.010003203974138784,0.006854025375403694,0,qEHVI,0.30000000000000004,0.0,0.65,0.0,0.0,0.0,0.05
42,3,3,2,False,0.010003203974138784,0.006854025375403694,1,qEHVI,0.0,0.05,0.7000000000000001,0.0,0.0,0.2,0.05
42,3,3,2,False,0.010003203974138784,0.006854025375403694,2,qEHVI,0.30000000000000004,0.0,0.6000000000000001,0.05,0.0,0.0,0.05
42,3,3,2,False,0.010003203974138784,0.006854025375403694,3,qUCB,0.1,0.0,0.2,0.1,0.1,0.4,0.1
42,3,3,2,False,0.010003203974138784,0.006854025375403694,4,qUCB,0.0,0.5,0.30000000000000004,0.1,0.1,0.0,0.0
42,4,2,3,False,0.0072796426432940485,0.14372116453505868,0,qEHVI,0.30000000000000004,0.0,0.65,0.0,0.0,0.0,0.05
42,4,2,3,False,0.0072796426432940485,0.14372116453505868,1,qEHVI,0.0,0.05,0.7000000000000001,0.0,0.0,0.2,0.05
42,4,2,3,False,0.0072796426432940485,0.14372116453505868,2,qUCB,0.15000000000000002,0.5,0.2,0.1,0.0,0.0,0.05
42,4,2,3,False,0.0072796426432940485,0.14372116453505868,3,qUCB,0.15000000000000002,0.1,0.2,0.1,0.1,0.25,0.1
42,4,2,3,False,0.0072796426432940485,0.14372116453505868,4,qUCB,0.0,0.5,0.30000000000000004,0.1,0.1,0.0,0.0
42,5,1,4,False,0.004360330296675032,0.009015650581681633,0,qEHVI,0.30000000000000004,0.0,0.65,0.0,0.0,0.0,0.05
42,5,1,4,False,0.004360330296675032,0.009015650581681633,1,qUCB,0.0,0.0,0.30000000000000004,0.1,0.05,0.45,0.1
42,5,1,4,False,0.004360330296675032,0.009015650581681633,2,qUCB,0.0,0.5,0.30000000000000004,0.1,0.1,0.0,0.0
42,5,1,4,False,0.004360330296675032,0.009015650581681633,3,qUCB,0.1,0.15000000000000002,0.2,0.1,0.1,0.25,0.1
42,5,1,4,False,0.004360330296675032,0.009015650581681633,4,qUCB,0.0,0.30000000000000004,0.4,0.1,0.1,0.0,0.1
42,6,0,5,False,0.006407231078866824,0.18888908193076048,0,qUCB,0.05,0.05,0.65,0.1,0.0,0.05,0.1
42,6,0,5,False,0.006407231078866824,0.18888908193076048,1,qUCB,0.0,0.1,0.7000000000000001,0.0,0.0,0.1,0.1
42,6,0,5,False,0.006407231078866824,0.18888908193076048,2,qUCB,0.05,0.0,0.5,0.1,0.0,0.30000000000000004,0.05
42,6,0,5,False,0.006407231078866824,0.18888908193076048,3,qUCB,0.1,0.0,0.55,0.0,0.0,0.35000000000000003,0.0
42,6,0,5,False,0.006407231078866824,0.18888908193076048,4,qUCB,0.1,0.0,0.5,0.1,0.1,0.2,0.0
43,1,5,0,True,0.0192186708499722,0.1275635510788078,0,qEHVI,0.1,0.2,0.65,0.05,0.0,0.0,0.0
43,1,5,0,True,0.0192186708499722,0.1275635510788078,1,qEHVI,0.05,0.25,0.55,0.1,0.0,0.0,0.05
43,1,5,0,True,0.0192186708499722,0.1275635510788078,2,qEHVI,0.0,0.05,0.6000000000000001,0.1,0.0,0.2,0.05
43,1,5,0,True,0.0192186708499722,0.1275635510788078,3,qEHVI,0.1,0.05,0.65,0.1,0.0,0.0,0.1
43,1,5,0,True,0.0192186708499722,0.1275635510788078,4,qEHVI,0.05,0.1,0.7000000000000001,0.05,0.0,0.0,0.1
43,2,4,1,False,0.016797660085372795,0.18786821266976084,0,qEHVI,0.1,0.2,0.65,0.05,0.0,0.0,0.0
43,2,4,1,False,0.016797660085372795,0.18786821266976084,1,qEHVI,0.05,0.25,0.55,0.1,0.0,0.0,0.05
43,2,4,1,False,0.016797660085372795,0.18786821266976084,2,qEHVI,0.1,0.05,0.65,0.1,0.0,0.0,0.1
43,2,4,1,False,0.016797660085372795,0.18786821266976084,3,qEHVI,0.0,0.05,0.6000000000000001,0.1,0.0,0.2,0.05
43,2,4,1,False,0.016797660085372795,0.18786821266976084,4,qUCB,0.05,0.0,0.35000000000000003,0.0,0.1,0.4,0.1
43,3,3,2,False,0.013290583646588921,0.03327552270822309,0,qEHVI,0.1,0.2,0.65,0.05,0.0,0.0,0.0
43,3,3,2,False,0.013290583646588921,0.03327552270822309,1,qEHVI,0.05,0.25,0.55,0.1,0.0,0.0,0.05
43,3,3,2,False,0.013290583646588921,0.03327552270822309,2,qEHVI,0.1,0.05,0.65,0.1,0.0,0.0,0.1
43,3,3,2,False,0.013290583646588921,0.03327552270822309,3,qUCB,0.05,0.0,0.35000000000000003,0.0,0.1,0.4,0.1
43,3,3,2,False,0.013290583646588921,0.03327552270822309,4,qUCB,0.2,0.15000000000000002,0.2,0.0,0.1,0.25,0.1
43,4,2,3,False,0.010691340124480796,0.06844695615956553,0,qEHVI,0.1,0.2,0.65,0.05,0.0,0.0,0.0
43,4,2,3,False,0.010691340124480796,0.06844695615956553,1,qEHVI,0.05,0.25,0.55,0.1,0.0,0.0,0.05
43,4,2,3,False,0.010691340124480796,0.06844695615956553,2,qUCB,0.05,0.0,0.35000000000000003,0.0,0.1,0.4,0.1
43,4,2,3,False,0.010691340124480796,0.06844695615956553,3,qUCB,0.0,0.0,0.5,0.0,0.0,0.4,0.1
43,4,2,3,False,0.010691340124480796,0.06844695615956553,4,qUCB,0.05,0.0,0.4,0.0,0.0,0.45,0.1
43,5,1,4,False,0.006128889447930285,0.025148737613095662,0,qEHVI,0.1,0.2,0.65,0.05,0.0,0.0,0.0
43,5,1,4,False,0.006128889447930285,0.025148737613095662,1,qUCB,0.0,0.0,0.30000000000000004,0.1,0.05,0.45,0.1
43,5,1,4,False,0.006128889447930285,0.025148737613095662,2,qUCB,0.15000000000000002,0.1,0.2,0.1,0.1,0.25,0.1
43,5,1,4,False,0.006128889447930285,0.025148737613095662,3,qUCB,0.1,0.0,0.2,0.1,0.1,0.4,0.1
43,5,1,4,False,0.006128889447930285,0.025148737613095662,4,qUCB,0.2,0.0,0.2,0.1,0.1,0.30000000000000004,0.1
43,6,0,5,False,0.004233173197927816,0.3026708262433857,0,qUCB,0.0,0.1,0.6000000000000001,0.1,0.0,0.1,0.1
43,6,0,5,False,0.004233173197927816,0.3026708262433857,1,qUCB,0.05,0.05,0.7000000000000001,0.0,0.0,0.1,0.1
43,6,0,5,False,0.004233173197927816,0.3026708262433857,2,qUCB,0.0,0.0,0.5,0.1,0.0,0.35000000000000003,0.05
43,6,0,5,False,0.004233173197927816,0.3026708262433857,3,qUCB,0.0,0.0,0.7000000000000001,0.1,0.1,0.1,0.0
43,6,0,5,False,0.004233173197927816,0.3026708262433857,4,qUCB,0.1,0.0,0.5,0.1,0.0,0.30000000000000004,0.0
44,1,5,0,True,0.018196846313624067,0.13615151623883825,0,qEHVI,0.0,0.05,0.65,0.1,0.0,0.15000000000000002,0.05
44,1,5,0,True,0.018196846313624067,0.13615151623883825,1,qEHVI,0.30000000000000004,0.1,0.6000000000000001,0.0,0.0,0.0,0.0
44,1,5,0,True,0.018196846313624067,0.13615151623883825,2,qEHVI,0.05,0.0,0.65,0.0,0.0,0.2,0.1
44,1,5,0,True,0.018196846313624067,0.13615151623883825,3,qEHVI,0.1,0.1,0.65,0.1,0.0,0.05,0.0
44,1,5,0,True,0.018196846313624067,0.13615151623883825,4,qEHVI,0.1,0.1,0.7000000000000001,0.05,0.0,0.0,0.05
44,2,4,1,False,0.016373049599375387,0.07308392481462533,0,qEHVI,0.0,0.05,0.65,0.1,0.0,0.15000000000000002,0.05
44,2,4,1,False,0.016373049599375387,0.07308392481462533,1,qEHVI,0.30000000000000004,0.1,0.6000000000000001,0.0,0.0,0.0,0.0
44,2,4,1,False,0.016373049599375387,0.07308392481462533,2,qEHVI,0.05,0.0,0.65,0.0,0.0,0.2,0.1
44,2,4,1,False,0.016373049599375387,0.07308392481462533,3,qEHVI,0.1,0.1,0.65,0.1,0.0,0.05,0.0
44,2,4,1,False,0.016373049599375387,0.07308392481462533,4,qUCB,0.25,0.35000000000000003,0.2,0.1,0.0,0.0,0.1
44,3,3,2,False,0.01361374906770352,0.05012236991870367,0,qEHVI,0.0,0.05,0.65,0.1,0.0,0.15000000000000002,0.05
44,3,3,2,False,0.01361374906770352,0.05012236991870367,1,qEHVI,0.30000000000000004,0.1,0.6000000000000001,0.0,0.0,0.0,0.0
44,3,3,2,False,0.01361374906770352,0.05012236991870367,2,qEHVI,0.05,0.0,0.65,0.0,0.0,0.2,0.1
44,3,3,2,False,0.01361374906770352,0.05012236991870367,3,qUCB,0.2,0.45,0.2,0.1,0.0,0.0,0.05
44,3,3,2,False,0.01361374906770352,0.05012236991870367,4,qUCB,0.25,0.35000000000000003,0.2,0.1,0.0,0.0,0.1
44,4,2,3,False,0.009958300369926334,0.03221416319855486,0,qEHVI,0.0,0.05,0.65,0.1,0.0,0.15000000000000002,0.05
44,4,2,3,False,0.009958300369926334,0.03221416319855486,1,qEHVI,0.30000000000000004,0.1,0.6000000000000001,0.0,0.0,0.0,0.0
44,4,2,3,False,0.009958300369926334,0.03221416319855486,2,qUCB,0.2,0.45,0.2,0.1,0.0,0.0,0.05
44,4,2,3,False,0.009958300369926334,0.03221416319855486,3,qUCB,0.30000000000000004,0.30000000000000004,0.2,0.1,0.0,0.0,0.1
44,4,2,3,False,0.009958300369926334,0.03221416319855486,4,qUCB,0.2,0.1,0.2,0.1,0.1,0.2,0.1
44,5,1,4,False,0.006207415433614016,0.04422918819216903,0,qEHVI,0.0,0.05,0.65,0.1,0.0,0.15000000000000002,0.05
44,5,1,4,False,0.006207415433614016,0.04422918819216903,1,qUCB,0.30000000000000004,0.45,0.2,0.0,0.0,0.05,0.0
44,5,1,4,False,0.006207415433614016,0.04422918819216903,2,qUCB,0.35000000000000003,0.35000000000000003,0.2,0.1,0.0,0.0,0.0
44,5,1,4,False,0.006207415433614016,0.04422918819216903,3,qUCB,0.35000000000000003,0.35000000000000003,0.2,0.0,0.0,0.05,0.05
44,5,1,4,False,0.006207415433614016,0.04422918819216903,4,qUCB,0.25,0.15000000000000002,0.2,0.0,0.1,0.2,0.1
44,6,0,5,False,0.005245549294115092,0.22286714017881515,0,qUCB,0.05,0.05,0.65,0.1,0.0,0.1,0.05
44,6,0,5,False,0.005245549294115092,0.22286714017881515,1,qUCB,0.0,0.0,0.55,0.1,0.0,0.30000000000000004,0.05
44,6,0,5,False,0.005245549294115092,0.22286714017881515,2,qUCB,0.0,0.1,0.6000000000000001,0.1,0.0,0.1,0.1
44,6,0,5,False,0.005245549294115092,0.22286714017881515,3,qUCB,0.1,0.0,0.5,0.1,0.0,0.30000000000000004,0.0
44,6,0,5,False,0.005245549294115092,0.22286714017881515,4,qUCB,0.35000000000000003,0.0,0.4,0.1,0.0,0.15000000000000002,0.0
45,1,5,0,True,0.013006805553222887,0.27989388941185034,0,qEHVI,0.25,0.05,0.65,0.0,0.0,0.0,0.05
45,1,5,0,True,0.013006805553222887,0.27989388941185034,1,qEHVI,0.15000000000000002,0.0,0.7000000000000001,0.0,0.0,0.1,0.05
45,1,5,0,True,0.013006805553222887,0.27989388941185034,2,qEHVI,0.1,0.2,0.6000000000000001,0.05,0.0,0.05,0.0
45,1,5,0,True,0.013006805553222887,0.27989388941185034,3,qEHVI,0.0,0.05,0.6000000000000001,0.05,0.0,0.2,0.1
45,1,5,0,True,0.013006805553222887,0.27989388941185034,4,qEHVI,0.15000000000000002,0.1,0.65,0.05,0.0,0.0,0.05
45,2,4,1,False,0.011335328215885171,0.1858049341231478,0,qEHVI,0.25,0.05,0.65,0.0,0.0,0.0,0.05
45,2,4,1,False,0.011335328215885171,0.1858049341231478,1,qEHVI,0.15000000000000002,0.0,0.7000000000000001,0.0,0.0,0.1,0.05
45,2,4,1,False,0.011335328215885171,0.1858049341231478,2,qEHVI,0.1,0.2,0.6000000000000001,0.05,0.0,0.05,0.0
45,2,4,1,False,0.011335328215885171,0.1858049341231478,3,qEHVI,0.0,0.05,0.6000000000000001,0.05,0.0,0.2,0.1
45,2,4,1,False,0.011335328215885171,0.1858049341231478,4,qUCB,0.35000000000000003,0.25,0.2,0.1,0.0,0.0,0.1
45,3,3,2,False,0.00891976110573149,0.0888864211384508,0,qEHVI,0.25,0.05,0.65,0.0,0.0,0.0,0.05
45,3,3,2,False,0.00891976110573149,0.0888864211384508,1,qEHVI,0.15000000000000002,0.0,0.7000000000000001,0.0,0.0,0.1,0.05
45,3,3,2,False,0.00891976110573149,0.0888864211384508,2,qEHVI,0.1,0.2,0.6000000000000001,0.05,0.0,0.05,0.0
45,3,3,2,False,0.00891976110573149,0.0888864211384508,3,qUCB,0.0,0.0,0.30000000000000004,0.1,0.05,0.45,0.1
45,3,3,2,False,0.00891976110573149,0.0888864211384508,4,qUCB,0.15000000000000002,0.15000000000000002,0.2,0.1,0.1,0.2,0.1
45,4,2,3,False,0.006546589976105055,0.03774103350461555,0,qEHVI,0.25,0.05,0.65,0.0,0.0,0.0,0.05
45,4,2,3,False,0.006546589976105055,0.03774103350461555,1,qEHVI,0.15000000000000002,0.0,0.7000000000000001,0.0,0.0,0.1,0.05
45,4,2,3,False,0.006546589976105055,0.03774103350461555,2,qUCB,0.0,0.0,0.30000000000000004,0.1,0.05,0.45,0.1
45,4,2,3,False,0.006546589976105055,0.03774103350461555,3,qUCB,0.15000000000000002,0.15000000000000002,0.2,0.1,0.1,0.2,0.1
45,4,2,3,False,0.006546589976105055,0.03774103350461555,4,qUCB,0.0,0.5,0.30000000000000004,0.1,0.1,0.0,0.0
45,5,1,4,False,0.003608183309391659,0.01477256076592326,0,qEHVI,0.25,0.05,0.65,0.0,0.0,0.0,0.05
45,5,1,4,False,0.003608183309391659,0.01477256076592326,1,qUCB,0.0,0.0,0.30000000000000004,0.1,0.05,0.45,0.1
45,5,1,4,False,0.003608183309391659,0.01477256076592326,2,qUCB,0.15000000000000002,0.15000000000000002,0.2,0.1,0.1,0.2,0.1
45,5,1,4,False,0.003608183309391659,0.01477256076592326,3,qUCB,0.0,0.15000000000000002,0.2,0.1,0.1,0.35000000000000003,0.1
45,5,1,4,False,0.003608183309391659,0.01477256076592326,4,qUCB,0.0,0.5,0.2,0.1,0.0,0.1,0.1
45,6,0,5,False,0.004751869634445102,0.9934811983793548,0,qUCB,0.0,0.1,0.65,0.1,0.0,0.1,0.05
45,6,0,5,False,0.004751869634445102,0.9934811983793548,1,qUCB,0.0,0.0,0.55,0.1,0.0,0.30000000000000004,0.05
45,6,0,5,False,0.004751869634445102,0.9934811983793548,2,qUCB,0.0,0.1,0.7000000000000001,0.0,0.0,0.1,0.1
45,6,0,5,False,0.004751869634445102,0.9934811983793548,3,qUCB,0.0,0.0,0.7000000000000001,0.1,0.1,0.1,0.0
45,6,0,5,False,0.004751869634445102,0.9934811983793548,4,qUCB,0.1,0.0,0.5,0.1,0.0,0.30000000000000004,0.0
46,1,5,0,True,0.0121400075999192,0.1813554003088349,0,qEHVI,0.0,0.2,0.65,0.05,0.0,0.05,0.05
46,1,5,0,True,0.0121400075999192,0.1813554003088349,1,qEHVI,0.05,0.05,0.65,0.1,0.0,0.1,0.05
46,1,5,0,True,0.0121400075999192,0.1813554003088349,2,qEHVI,0.05,0.1,0.6000000000000001,0.1,0.0,0.1,0.05
46,1,5,0,True,0.0121400075999192,0.1813554003088349,3,qEHVI,0.05,0.0,0.6000000000000001,0.05,0.0,0.25,0.05
46,1,5,0,True,0.0121400075999192,0.1813554003088349,4,qEHVI,0.30000000000000004,0.0,0.6000000000000001,0.0,0.0,0.05,0.05
46,2,4,1,False,0.010266515817438353,0.25245824142795925,0,qEHVI,0.0,0.2,0.65,0.05,0.0,0.05,0.05
46,2,4,1,False,0.010266515817438353,0.25245824142795925,1,qEHVI,0.05,0.05,0.65,0.1,0.0,0.1,0.05
46,2,4,1,False,0.010266515817438353,0.25245824142795925,2,qEHVI,0.05,0.1,0.6000000000000001,0.1,0.0,0.1,0.05
46,2,4,1,False,0.010266515817438353,0.25245824142795925,3,qEHVI,0.30000000000000004,0.0,0.6000000000000001,0.0,0.0,0.05,0.05
46,2,4,1,False,0.010266515817438353,0.25245824142795925,4,qUCB,0.25,0.5,0.2,0.05,0.0,0.0,0.0
46,3,3,2,False,0.00872624470111885,0.10903733887444744,0,qEHVI,0.0,0.2,0.65,0.05,0.0,0.05,0.05
46,3,3,2,False,0.00872624470111885,0.10903733887444744,1,qEHVI,0.05,0.05,0.65,0.1,0.0,0.1,0.05
46,3,3,2,False,0.00872624470111885,0.10903733887444744,2,qEHVI,0.05,0.1,0.6000000000000001,0.1,0.0,0.1,0.05
46,3,3,2,False,0.00872624470111885,0.10903733887444744,3,qUCB,0.25,0.5,0.2,0.05,0.0,0.0,0.0
46,3,3,2,False,0.00872624470111885,0.10903733887444744,4,qUCB,0.35000000000000003,0.2,0.35000000000000003,0.0,0.0,0.0,0.1
46,4,2,3,False,0.006611773423127673,0.07295668531407529,0,qEHVI,0.0,0.2,0.65,0.05,0.0,0.05,0.05
46,4,2,3,False,0.006611773423127673,0.07295668531407529,1,qEHVI,0.05,0.05,0.65,0.1,0.0,0.1,0.05
46,4,2,3,False,0.006611773423127673,0.07295668531407529,2,qUCB,0.35000000000000003,0.30000000000000004,0.2,0.1,0.0,0.0,0.05
46,4,2,3,False,0.006611773423127673,0.07295668531407529,3,qUCB,0.35000000000000003,0.2,0.35000000000000003,0.0,0.0,0.0,0.1
46,4,2,3,False,0.006611773423127673,0.07295668531407529,4,qUCB,0.2,0.1,0.2,0.1,0.1,0.2,0.1
46,5,1,4,False,0.003534667754891596,0.011844284802581484,0,qEHVI,0.0,0.2,0.65,0.05,0.0,0.05,0.05
46,5,1,4,False,0.003534667754891596,0.011844284802581484,1,qUCB,0.35000000000000003,0.30000000000000004,0.2,0.1,0.0,0.0,0.05
46,5,1,4,False,0.003534667754891596,0.011844284802581484,2,qUCB,0.35000000000000003,0.0,0.30000000000000004,0.1,0.1,0.15000000000000002,0.0
46,5,1,4,False,0.003534667754891596,0.011844284802581484,3,qUCB,0.2,0.1,0.2,0.1,0.1,0.2,0.1
46,5,1,4,False,0.003534667754891596,0.011844284802581484,4,qUCB,0.35000000000000003,0.2,0.2,0.1,0.0,0.05,0.1
46,6,0,5,False,0.006791882958331677,0.937826155805082,0,qUCB,0.0,0.1,0.65,0.1,0.0,0.1,0.05
46,6,0,5,False,0.006791882958331677,0.937826155805082,1,qUCB,0.1,0.0,0.5,0.1,0.0,0.30000000000000004,0.0
46,6,0,5,False,0.006791882958331677,0.937826155805082,2,qUCB,0.0,0.0,0.6000000000000001,0.0,0.0,0.30000000000000004,0.1
46,6,0,5,False,0.006791882958331677,0.937826155805082,3,qUCB,0.35000000000000003,0.0,0.5,0.0,0.0,0.15000000000000002,0.0
46,6,0,5,False,0.006791882958331677,0.937826155805082,4,qUCB,0.0,0.0,0.55,0.1,0.0,0.30000000000000004,0.05
47,1,5,0,True,0.015435491364619617,0.09851756221957331,0,qEHVI,0.25,0.0,0.55,0.1,0.0,0.1,0.0
47,1,5,0,True,0.015435491364619617,0.09851756221957331,1,qEHVI,0.05,0.0,0.6000000000000001,0.05,0.0,0.2,0.1
47,1,5,0,True,0.015435491364619617,0.09851756221957331,2,qEHVI,0.05,0.0,0.6000000000000001,0.1,0.0,0.2,0.05
47,1,5,0,True,0.015435491364619617,0.09851756221957331,3,qEHVI,0.0,0.1,0.65,0.0,0.0,0.15000000000000002,0.1
47,1,5,0,True,0.015435491364619617,0.09851756221957331,4,qEHVI,0.05,0.0,0.65,0.1,0.0,0.15000000000000002,0.05
47,2,4,1,False,0.013455853338669672,0.061944914369897575,0,qEHVI,0.25,0.0,0.55,0.1,0.0,0.1,0.0
47,2,4,1,False,0.013455853338669672,0.061944914369897575,1,qEHVI,0.05,0.0,0.6000000000000001,0.05,0.0,0.2,0.1
47,2,4,1,False,0.013455853338669672,0.061944914369897575,2,qEHVI,0.05,0.0,0.6000000000000001,0.1,0.0,0.2,0.05
47,2,4,1,False,0.013455853338669672,0.061944914369897575,3,qEHVI,0.05,0.0,0.65,0.1,0.0,0.15000000000000002,0.05
47,2,4,1,False,0.013455853338669672,0.061944914369897575,4,qUCB,0.2,0.5,0.30000000000000004,0.0,0.0,0.0,0.0
47,3,3,2,False,0.009562540030803975,0.22144717587815332,0,qEHVI,0.25,0.0,0.55,0.1,0.0,0.1,0.0
47,3,3,2,False,0.009562540030803975,0.22144717587815332,1,qEHVI,0.05,0.0,0.6000000000000001,0.1,0.0,0.2,0.05
47,3,3,2,False,0.009562540030803975,0.22144717587815332,2,qEHVI,0.05,0.0,0.55,0.1,0.0,0.25,0.05
47,3,3,2,False,0.009562540030803975,0.22144717587815332,3,qUCB,0.1,0.5,0.30000000000000004,0.0,0.0,0.0,0.1
47,3,3,2,False,0.009562540030803975,0.22144717587815332,4,qUCB,0.0,0.5,0.4,0.0,0.1,0.0,0.0
47,4,2,3,False,0.007996481319199,0.012648144448328402,0,qEHVI,0.25,0.0,0.55,0.1,0.0,0.1,0.0
47,4,2,3,False,0.007996481319199,0.012648144448328402,1,qEHVI,0.05,0.0,0.6000000000000001,0.05,0.0,0.2,0.1
47,4,2,3,False,0.007996481319199,0.012648144448328402,2,qUCB,0.2,0.5,0.30000000000000004,0.0,0.0,0.0,0.0
47,4,2,3,False,0.007996481319199,0.012648144448328402,3,qUCB,0.0,0.5,0.4,0.0,0.1,0.0,0.0
47,4,2,3,False,0.007996481319199,0.012648144448328402,4,qUCB,0.2,0.5,0.2,0.0,0.0,0.05,0.05
47,5,1,4,False,0.0044315788803613995,0.019854636944405257,0,qEHVI,0.25,0.0,0.55,0.1,0.0,0.1,0.0
47,5,1,4,False,0.0044315788803613995,0.019854636944405257,1,qUCB,0.0,0.1,0.7000000000000001,0.0,0.1,0.0,0.1
47,5,1,4,False,0.0044315788803613995,0.019854636944405257,2,qUCB,0.0,0.0,0.5,0.0,0.0,0.4,0.1
47,5,1,4,False,0.0044315788803613995,0.019854636944405257,3,qUCB,0.0,0.25,0.55,0.0,0.1,0.0,0.1
47,5,1,4,False,0.0044315788803613995,0.019854636944405257,4,qUCB,0.0,0.5,0.4,0.0,0.0,0.0,0.1
47,6,0,5,False,0.009178868937564946,0.03919136487884245,0,qUCB,0.05,0.0,0.65,0.1,0.0,0.15000000000000002,0.05
47,6,0,5,False,0.009178868937564946,0.03919136487884245,1,qUCB,0.1,0.0,0.5,0.1,0.0,0.30000000000000004,0.0
47,6,0,5,False,0.009178868937564946,0.03919136487884245,2,qUCB,0.35000000000000003,0.0,0.4,0.1,0.0,0.15000000000000002,0.0
47,6,0,5,False,0.009178868937564946,0.03919136487884245,3,qUCB,0.2,0.4,0.4,0.0,0.0,0.0,0.0
47,6,0,5,False,0.009178868937564946,0.03919136487884245,4,qUCB,0.05,0.0,0.55,0.0,0.0,0.35000000000000003,0.05
48,1,5,0,True,0.011329005430288246,0.22253239102273792,0,qEHVI,0.15000000000000002,0.2,0.65,0.0,0.0,0.0,0.0
48,1,5,0,True,0.011329005430288246,0.22253239102273792,1,qEHVI,0.25,0.35000000000000003,0.4,0.0,0.0,0.0,0.0
48,1,5,0,True,0.011329005430288246,0.22253239102273792,2,qEHVI,0.35000000000000003,0.15000000000000002,0.4,0.0,0.0,0.0,0.1
48,1,5,0,True,0.011329005430288246,0.22253239102273792,3,qEHVI,0.05,0.1,0.65,0.05,0.0,0.05,0.1
48,1,5,0,True,0.011329005430288246,0.22253239102273792,4,qEHVI,0.2,0.30000000000000004,0.5,0.0,0.0,0.0,0.0
48,2,4,1,False,0.011029889774262298,0.25618296650305616,0,qEHVI,0.15000000000000002,0.2,0.65,0.0,0.0,0.0,0.0
48,2,4,1,False,0.011029889774262298,0.25618296650305616,1,qEHVI,0.25,0.35000000000000003,0.4,0.0,0.0,0.0,0.0
48,2,4,1,False,0.011029889774262298,0.25618296650305616,2,qEHVI,0.35000000000000003,0.15000000000000002,0.4,0.0,0.0,0.0,0.1
48,2,4,1,False,0.011029889774262298,0.25618296650305616,3,qEHVI,0.05,0.1,0.65,0.05,0.0,0.05,0.1
48,2,4,1,False,0.011029889774262298,0.25618296650305616,4,qUCB,0.0,0.1,0.2,0.1,0.1,0.45,0.05
48,3,3,2,False,0.0076115022525635595,0.2211194430792851,0,qEHVI,0.15000000000000002,0.2,0.65,0.0,0.0,0.0,0.0
48,3,3,2,False,0.0076115022525635595,0.2211194430792851,1,qEHVI,0.25,0.35000000000000003,0.4,0.0,0.0,0.0,0.0
48,3,3,2,False,0.0076115022525635595,0.2211194430792851,2,qEHVI,0.35000000000000003,0.15000000000000002,0.4,0.0,0.0,0.0,0.1
48,3,3,2,False,0.0076115022525635595,0.2211194430792851,3,qUCB,0.05,0.0,0.30000000000000004,0.1,0.1,0.4,0.05
48,3,3,2,False,0.0076115022525635595,0.2211194430792851,4,qUCB,0.0,0.0,0.4,0.1,0.0,0.45,0.05
48,4,2,3,False,0.006211184721046595,0.052341633712303715,0,qEHVI,0.15000000000000002,0.2,0.65,0.0,0.0,0.0,0.0
48,4,2,3,False,0.006211184721046595,0.052341633712303715,1,qEHVI,0.25,0.35000000000000003,0.4,0.0,0.0,0.0,0.0
48,4,2,3,False,0.006211184721046595,0.052341633712303715,2,qUCB,0.0,0.05,0.30000000000000004,0.1,0.0,0.45,0.1
48,4,2,3,False,0.006211184721046595,0.052341633712303715,3,qUCB,0.0,0.1,0.2,0.1,0.1,0.4,0.1
48,4,2,3,False,0.006211184721046595,0.052341633712303715,4,qUCB,0.15000000000000002,0.1,0.2,0.1,0.1,0.25,0.1
48,5,1,4,False,0.0032391328296898212,0.04372366550745088,0,qEHVI,0.15000000000000002,0.2,0.65,0.0,0.0,0.0,0.0
48,5,1,4,False,0.0032391328296898212,0.04372366550745088,1,qUCB,0.0,0.1,0.2,0.1,0.1,0.4,0.1
48,5,1,4,False,0.0032391328296898212,0.04372366550745088,2,qUCB,0.15000000000000002,0.1,0.2,0.1,0.1,0.25,0.1
48,5,1,4,False,0.0032391328296898212,0.04372366550745088,3,qUCB,0.0,0.05,0.30000000000000004,0.1,0.0,0.45,0.1
48,5,1,4,False,0.0032391328296898212,0.04372366550745088,4,qUCB,0.1,0.0,0.2,0.1,0.1,0.4,0.1
48,6,0,5,False,0.0074642589698618225,0.1049493274990625,0,qUCB,0.0,0.1,0.65,0.1,0.0,0.1,0.05
48,6,0,5,False,0.0074642589698618225,0.1049493274990625,1,qUCB,0.05,0.0,0.55,0.0,0.0,0.30000000000000004,0.1
48,6,0,5,False,0.0074642589698618225,0.1049493274990625,2,qUCB,0.25,0.35000000000000003,0.4,0.0,0.0,0.0,0.0
48,6,0,5,False,0.0074642589698618225,0.1049493274990625,3,qUCB,0.1,0.0,0.5,0.0,0.0,0.4,0.0
48,6,0,5,False,0.0074642589698618225,0.1049493274990625,4,qUCB,0.35000000000000003,0.15000000000000002,0.4,0.0,0.0,0.0,0.1
49,1,5,0,True,0.011765054876908104,0.14381793687129374,0,qEHVI,0.1,0.2,0.6000000000000001,0.05,0.0,0.0,0.05
49,1,5,0,True,0.011765054876908104,0.14381793687129374,1,qEHVI,0.1,0.1,0.65,0.05,0.0,0.0,0.1
49,1,5,0,True,0.011765054876908104,0.14381793687129374,2,qEHVI,0.0,0.0,0.65,0.1,0.05,0.15000000000000002,0.05
49,1,5,0,True,0.011765054876908104,0.14381793687129374,3,qEHVI,0.05,0.2,0.6000000000000001,0.1,0.0,0.05,0.0
49,1,5,0,True,0.011765054876908104,0.14381793687129374,4,qEHVI,0.05,0.05,0.7000000000000001,0.1,0.05,0.0,0.05
49,2,4,1,False,0.010308867632821813,0.17137331334359196,0,qEHVI,0.1,0.2,0.6000000000000001,0.05,0.0,0.0,0.05
49,2,4,1,False,0.010308867632821813,0.17137331334359196,1,qEHVI,0.1,0.1,0.65,0.05,0.0,0.0,0.1
49,2,4,1,False,0.010308867632821813,0.17137331334359196,2,qEHVI,0.0,0.0,0.65,0.1,0.05,0.15000000000000002,0.05
49,2,4,1,False,0.010308867632821813,0.17137331334359196,3,qEHVI,0.05,0.2,0.6000000000000001,0.1,0.0,0.05,0.0
49,2,4,1,False,0.010308867632821813,0.17137331334359196,4,qUCB,0.05,0.0,0.35000000000000003,0.0,0.05,0.45,0.1
49,3,3,2,False,0.008980034464865628,0.20894655259352035,0,qEHVI,0.1,0.2,0.6000000000000001,0.05,0.0,0.0,0.05
49,3,3,2,False,0.008980034464865628,0.20894655259352035,1,qEHVI,0.1,0.1,0.65,0.05,0.0,0.0,0.1
49,3,3,2,False,0.008980034464865628,0.20894655259352035,2,qEHVI,0.0,0.0,0.65,0.1,0.05,0.15000000000000002,0.05
49,3,3,2,False,0.008980034464865628,0.20894655259352035,3,qUCB,0.05,0.0,0.35000000000000003,0.0,0.05,0.45,0.1
49,3,3,2,False,0.008980034464865628,0.20894655259352035,4,qUCB,0.2,0.1,0.2,0.1,0.1,0.2,0.1
49,4,2,3,False,0.007477421546429596,0.07844440014854648,0,qEHVI,0.1,0.2,0.6000000000000001,0.05,0.0,0.0,0.05
49,4,2,3,False,0.007477421546429596,0.07844440014854648,1,qEHVI,0.1,0.1,0.65,0.05,0.0,0.0,0.1
49,4,2,3,False,0.007477421546429596,0.07844440014854648,2,qUCB,0.0,0.0,0.30000000000000004,0.1,0.05,0.45,0.1
49,4,2,3,False,0.007477421546429596,0.07844440014854648,3,qUCB,0.15000000000000002,0.1,0.2,0.1,0.1,0.25,0.1
49,4,2,3,False,0.007477421546429596,0.07844440014854648,4,qUCB,0.0,0.1,0.2,0.1,0.1,0.4,0.1
49,5,1,4,False,0.005188120147856462,0.02536969110330123,0,qEHVI,0.1,0.2,0.6000000000000001,0.05,0.0,0.0,0.05
49,5,1,4,False,0.005188120147856462,0.02536969110330123,1,qUCB,0.0,0.0,0.30000000000000004,0.1,0.05,0.45,0.1
49,5,1,4,False,0.005188120147856462,0.02536969110330123,2,qUCB,0.15000000000000002,0.1,0.2,0.1,0.1,0.25,0.1
49,5,1,4,False,0.005188120147856462,0.02536969110330123,3,qUCB,0.0,0.1,0.2,0.1,0.1,0.4,0.1
49,5,1,4,False,0.005188120147856462,0.02536969110330123,4,qUCB,0.35000000000000003,0.0,0.30000000000000004,0.1,0.1,0.15000000000000002,0.0
49,6,0,5,False,0.0021110953618694384,0.03723339038659734,0,qUCB,0.0,0.1,0.65,0.1,0.0,0.1,0.05
49,6,0,5,False,0.0021110953618694384,0.03723339038659734,1,qUCB,0.05,0.0,0.55,0.0,0.0,0.30000000000000004,0.1
49,6,0,5,False,0.0021110953618694384,0.03723339038659734,2,qUCB,0.1,0.0,0.55,0.0,0.0,0.35000000000000003,0.0
49,6,0,5,False,0.0021110953618694384,0.03723339038659734,3,qUCB,0.0,0.0,0.5,0.1,0.0,0.35000000000000003,0.05
49,6,0,5,False,0.0021110953618694384,0.03723339038659734,4,qUCB,0.0,0.0,0.7000000000000001,0.1,0.1,0.1,0.0
50,1,5,0,True,0.009247877882887091,0.2129109231198143,0,qEHVI,0.05,0.0,0.65,0.05,0.0,0.2,0.05
50,1,5,0,True,0.009247877882887091,0.2129109231198143,1,qEHVI,0.05,0.2,0.65,0.1,0.0,0.0,0.0
50,1,5,0,True,0.009247877882887091,0.2129109231198143,2,qEHVI,0.1,0.1,0.65,0.0,0.0,0.1,0.05
50,1,5,0,True,0.009247877882887091,0.2129109231198143,3,qEHVI,0.05,0.2,0.65,0.0,0.0,0.0,0.1
50,1,5,0,True,0.009247877882887091,0.2129109231198143,4,qEHVI,0.1,0.05,0.65,0.05,0.0,0.05,0.1
50,2,4,1,False,0.0075980590270568115,0.16929634591524056,0,qEHVI,0.05,0.0,0.65,0.05,0.0,0.2,0.05
50,2,4,1,False,0.0075980590270568115,0.16929634591524056,1,qEHVI,0.05,0.2,0.65,0.1,0.0,0.0,0.0
50,2,4,1,False,0.0075980590270568115,0.16929634591524056,2,qEHVI,0.1,0.1,0.65,0.0,0.0,0.1,0.05
50,2,4,1,False,0.0075980590270568115,0.16929634591524056,3,qEHVI,0.05,0.2,0.65,0.0,0.0,0.0,0.1
50,2,4,1,False,0.0075980590270568115,0.16929634591524056,4,qUCB,0.35000000000000003,0.25,0.2,0.1,0.0,0.0,0.1
50,3,3,2,False,0.006917579239856518,0.0565148046268682,0,qEHVI,0.05,0.0,0.65,0.05,0.0,0.2,0.05
50,3,3,2,False,0.006917579239856518,0.0565148046268682,1,qEHVI,0.05,0.2,0.65,0.1,0.0,0.0,0.0
50,3,3,2,False,0.006917579239856518,0.0565148046268682,2,qEHVI,0.1,0.1,0.65,0.0,0.0,0.1,0.05
50,3,3,2,False,0.006917579239856518,0.0565148046268682,3,qUCB,0.35000000000000003,0.25,0.2,0.1,0.0,0.0,0.1
50,3,3,2,False,0.006917579239856518,0.0565148046268682,4,qUCB,0.25,0.35000000000000003,0.2,0.1,0.0,0.0,0.1
50,4,2,3,False,0.004731437607715898,0.048070039844385626,0,qEHVI,0.05,0.0,0.65,0.05,0.0,0.2,0.05
50,4,2,3,False,0.004731437607715898,0.048070039844385626,1,qEHVI,0.05,0.2,0.65,0.1,0.0,0.0,0.0
50,4,2,3,False,0.004731437607715898,0.048070039844385626,2,qUCB,0.35000000000000003,0.25,0.2,0.1,0.0,0.0,0.1
50,4,2,3,False,0.004731437607715898,0.048070039844385626,3,qUCB,0.25,0.35000000000000003,0.2,0.1,0.0,0.0,0.1
50,4,2,3,False,0.004731437607715898,0.048070039844385626,4,qUCB,0.1,0.15000000000000002,0.2,0.1,0.1,0.25,0.1
50,5,1,4,False,0.003415621820181341,0.0461423324540009,0,qEHVI,0.05,0.0,0.65,0.05,0.0,0.2,0.05
50,5,1,4,False,0.003415621820181341,0.0461423324540009,1,qUCB,0.35000000000000003,0.30000000000000004,0.2,0.1,0.0,0.0,0.05
50,5,1,4,False,0.003415621820181341,0.0461423324540009,2,qUCB,0.25,0.35000000000000003,0.2,0.1,0.0,0.0,0.1
50,5,1,4,False,0.003415621820181341,0.0461423324540009,3,qUCB,0.30000000000000004,0.45,0.2,0.0,0.0,0.05,0.0
50,5,1,4,False,0.003415621820181341,0.0461423324540009,4,qUCB,0.0,0.5,0.30000000000000004,0.1,0.1,0.0,0.0
50,6,0,5,False,0.003966639198564473,0.9852863715334941,0,qUCB,0.0,0.0,0.6000000000000001,0.1,0.0,0.25,0.05
50,6,0,5,False,0.003966639198564473,0.9852863715334941,1,qUCB,0.1,0.0,0.55,0.0,0.0,0.35000000000000003,0.0
50,6,0,5,False,0.003966639198564473,0.9852863715334941,2,qUCB,0.05,0.0,0.55,0.0,0.0,0.30000000000000004,0.1
50,6,0,5,False,0.003966639198564473,0.9852863715334941,3,qUCB,0.0,0.1,0.55,0.0,0.0,0.30000000000000004,0.05
50,6,0,5,False,0.003966639198564473,0.9852863715334941,4,qUCB,0.1,0.0,0.5,0.1,0.0,0.30000000000000004,0.0
51,1,5,0,True,0.058581210192888485,0.021394300655756204,0,qEHVI,0.30000000000000004,0.25,0.30000000000000004,0.1,0.0,0.0,0.05
51,1,5,0,True,0.058581210192888485,0.021394300655756204,1,qEHVI,0.2,0.30000000000000004,0.30000000000000004,0.1,0.0,0.0,0.1
51,1,5,0,True,0.058581210192888485,0.021394300655756204,2,qEHVI,0.05,0.0,0.55,0.0,0.0,0.30000000000000004,0.1
51,1,5,0,True,0.058581210192888485,0.021394300655756204,3,qEHVI,0.0,0.30000000000000004,0.4,0.1,0.0,0.1,0.1
51,1,5,0,True,0.058581210192888485,0.021394300655756204,4,qEHVI,0.35000000000000003,0.25,0.30000000000000004,0.1,0.0,0.0,0.0
51,2,4,1,False,0.05037323812851039,0.03472414113925881,0,qEHVI,0.30000000000000004,0.25,0.30000000000000004,0.1,0.0,0.0,0.05
51,2,4,1,False,0.05037323812851039,0.03472414113925881,1,qEHVI,0.05,0.0,0.55,0.0,0.0,0.30000000000000004,0.1
51,2,4,1,False,0.05037323812851039,0.03472414113925881,2,qEHVI,0.2,0.30000000000000004,0.30000000000000004,0.1,0.0,0.0,0.1
51,2,4,1,False,0.05037323812851039,0.03472414113925881,3,qEHVI,0.1,0.0,0.5,0.0,0.0,0.30000000000000004,0.1
51,2,4,1,False,0.05037323812851039,0.03472414113925881,4,qUCB,0.05,0.0,0.7000000000000001,0.1,0.1,0.05,0.0
51,3,3,2,False,0.04594514017906125,0.1729639902252471,0,qEHVI,0.30000000000000004,0.25,0.30000000000000004,0.1,0.0,0.0,0.05
51,3,3,2,False,0.04594514017906125,0.1729639902252471,1,qEHVI,0.05,0.0,0.55,0.0,0.0,0.30000000000000004,0.1
51,3,3,2,False,0.04594514017906125,0.1729639902252471,2,qEHVI,0.2,0.30000000000000004,0.30000000000000004,0.1,0.0,0.0,0.1
51,3,3,2,False,0.04594514017906125,0.1729639902252471,3,qUCB,0.05,0.0,0.7000000000000001,0.1,0.1,0.05,0.0
51,3,3,2,False,0.04594514017906125,0.1729639902252471,4,qUCB,0.05,0.35000000000000003,0.5,0.0,0.1,0.0,0.0
51,4,2,3,False,0.04892687101429435,0.2402047078805687,0,qEHVI,0.30000000000000004,0.25,0.30000000000000004,0.1,0.0,0.0,0.05
51,4,2,3,False,0.04892687101429435,0.2402047078805687,1,qEHVI,0.05,0.0,0.55,0.0,0.0,0.30000000000000004,0.1
51,4,2,3,False,0.04892687101429435,0.2402047078805687,2,qUCB,0.0,0.5,0.5,0.0,0.0,0.0,0.0
51,4,2,3,False,0.04892687101429435,0.2402047078805687,3,qUCB,0.0,0.30000000000000004,0.4,0.1,0.1,0.0,0.1
51,4,2,3,False,0.04892687101429435,0.2402047078805687,4,qUCB,0.0,0.5,0.4,0.0,0.0,0.0,0.1
51,5,1,4,False,0.0387673424944798,0.10720947650283641,0,qEHVI,0.30000000000000004,0.25,0.30000000000000004,0.1,0.0,0.0,0.05
51,5,1,4,False,0.0387673424944798,0.10720947650283641,1,qUCB,0.0,0.0,0.6000000000000001,0.0,0.0,0.30000000000000004,0.1
51,5,1,4,False,0.0387673424944798,0.10720947650283641,2,qUCB,0.0,0.0,0.65,0.0,0.0,0.35000000000000003,0.0
51,5,1,4,False,0.0387673424944798,0.10720947650283641,3,qUCB,0.15000000000000002,0.0,0.5,0.0,0.0,0.35000000000000003,0.0
51,5,1,4,False,0.0387673424944798,0.10720947650283641,4,qUCB,0.0,0.25,0.5,0.0,0.1,0.05,0.1
51,6,0,5,False,0.047254946388077805,0.011154606549411916,0,qUCB,0.05,0.0,0.55,0.0,0.0,0.30000000000000004,0.1
51,6,0,5,False,0.047254946388077805,0.011154606549411916,1,qUCB,0.30000000000000004,0.25,0.30000000000000004,0.1,0.0,0.0,0.05
51,6,0,5,False,0.047254946388077805,0.011154606549411916,2,qUCB,0.15000000000000002,0.0,0.5,0.0,0.0,0.35000000000000003,0.0
51,6,0,5,False,0.047254946388077805,0.011154606549411916,3,qUCB,0.0,0.30000000000000004,0.4,0.1,0.1,0.0,0.1
51,6,0,5,False,0.047254946388077805,0.011154606549411916,4,qUCB,0.35000000000000003,0.0,0.4,0.1,0.0,0.15000000000000002,0.0
52,1,5,0,True,0.02375487546790692,0.025668279938928507,0,qEHVI,0.0,0.4,0.5,0.0,0.0,0.0,0.1
52,1,5,0,True,0.02375487546790692,0.025668279938928507,1,qEHVI,0.35000000000000003,0.0,0.4,0.1,0.0,0.15000000000000002,0.0
52,1,5,0,True,0.02375487546790692,0.025668279938928507,2,qEHVI,0.0,0.5,0.4,0.0,0.0,0.0,0.1
52,1,5,0,True,0.02375487546790692,0.025668279938928507,3,qEHVI,0.05,0.35000000000000003,0.4,0.1,0.0,0.0,0.1
52,1,5,0,True,0.02375487546790692,0.025668279938928507,4,qEHVI,0.35000000000000003,0.1,0.35000000000000003,0.1,0.0,0.1,0.0
52,2,4,1,False,0.0242181584519998,0.13919134023287927,0,qEHVI,0.0,0.4,0.5,0.0,0.0,0.0,0.1
52,2,4,1,False,0.0242181584519998,0.13919134023287927,1,qEHVI,0.0,0.5,0.4,0.0,0.0,0.0,0.1
52,2,4,1,False,0.0242181584519998,0.13919134023287927,2,qEHVI,0.05,0.35000000000000003,0.4,0.1,0.0,0.0,0.1
52,2,4,1,False,0.0242181584519998,0.13919134023287927,3,qEHVI,0.0,0.15000000000000002,0.5,0.0,0.0,0.25,0.1
52,2,4,1,False,0.0242181584519998,0.13919134023287927,4,qUCB,0.30000000000000004,0.0,0.7000000000000001,0.0,0.0,0.0,0.0
52,3,3,2,False,0.022858716840215093,0.037127976256970285,0,qEHVI,0.0,0.4,0.5,0.0,0.0,0.0,0.1
52,3,3,2,False,0.022858716840215093,0.037127976256970285,1,qEHVI,0.1,0.4,0.4,0.0,0.0,0.0,0.1
52,3,3,2,False,0.022858716840215093,0.037127976256970285,2,qEHVI,0.0,0.15000000000000002,0.5,0.0,0.0,0.25,0.1
52,3,3,2,False,0.022858716840215093,0.037127976256970285,3,qUCB,0.35000000000000003,0.05,0.4,0.1,0.1,0.0,0.0
52,3,3,2,False,0.022858716840215093,0.037127976256970285,4,qUCB,0.35000000000000003,0.0,0.4,0.1,0.0,0.15000000000000002,0.0
52,4,2,3,False,0.020795248928200796,0.07932671797169544,0,qEHVI,0.0,0.4,0.5,0.0,0.0,0.0,0.1
52,4,2,3,False,0.020795248928200796,0.07932671797169544,1,qEHVI,0.0,0.5,0.4,0.0,0.0,0.0,0.1
52,4,2,3,False,0.020795248928200796,0.07932671797169544,2,qUCB,0.35000000000000003,0.05,0.4,0.1,0.1,0.0,0.0
52,4,2,3,False,0.020795248928200796,0.07932671797169544,3,qUCB,0.35000000000000003,0.0,0.4,0.1,0.0,0.15000000000000002,0.0
52,4,2,3,False,0.020795248928200796,0.07932671797169544,4,qUCB,0.30000000000000004,0.0,0.35000000000000003,0.1,0.1,0.15000000000000002,0.0
52,5,1,4,False,0.01598239380222033,0.05539683271910789,0,qEHVI,0.0,0.4,0.5,0.0,0.0,0.0,0.1
52,5,1,4,False,0.01598239380222033,0.05539683271910789,1,qUCB,0.35000000000000003,0.05,0.4,0.1,0.1,0.0,0.0
52,5,1,4,False,0.01598239380222033,0.05539683271910789,2,qUCB,0.35000000000000003,0.0,0.4,0.1,0.0,0.15000000000000002,0.0
52,5,1,4,False,0.01598239380222033,0.05539683271910789,3,qUCB,0.30000000000000004,0.0,0.35000000000000003,0.1,0.1,0.15000000000000002,0.0
52,5,1,4,False,0.01598239380222033,0.05539683271910789,4,qUCB,0.15000000000000002,0.0,0.4,0.0,0.0,0.45,0.0
52,6,0,5,False,0.022177421911904516,0.11540664701744241,0,qUCB,0.0,0.0,0.6000000000000001,0.05,0.0,0.25,0.1
52,6,0,5,False,0.022177421911904516,0.11540664701744241,1,qUCB,0.0,0.4,0.5,0.0,0.0,0.0,0.1
52,6,0,5,False,0.022177421911904516,0.11540664701744241,2,qUCB,0.15000000000000002,0.0,0.55,0.0,0.0,0.30000000000000004,0.0
52,6,0,5,False,0.022177421911904516,0.11540664701744241,3,qUCB,0.35000000000000003,0.0,0.4,0.1,0.0,0.15000000000000002,0.0
52,6,0,5,False,0.022177421911904516,0.11540664701744241,4,qUCB,0.0,0.15000000000000002,0.5,0.0,0.0,0.25,0.1
53,1,5,0,True,0.013168016691162953,0.07521980157950026,0,qEHVI,0.0,0.0,0.65,0.0,0.0,0.35000000000000003,0.0
53,1,5,0,True,0.013168016691162953,0.07521980157950026,1,qEHVI,0.15000000000000002,0.0,0.55,0.0,0.0,0.30000000000000004,0.0
53,1,5,0,True,0.013168016691162953,0.07521980157950026,2,qEHVI,0.1,0.0,0.55,0.0,0.0,0.35000000000000003,0.0
53,1,5,0,True,0.013168016691162953,0.07521980157950026,3,qEHVI,0.15000000000000002,0.0,0.5,0.0,0.0,0.35000000000000003,0.0
53,1,5,0,True,0.013168016691162953,0.07521980157950026,4,qEHVI,0.05,0.0,0.55,0.1,0.0,0.30000000000000004,0.0
53,2,4,1,False,0.01577756025869828,0.23709521730226024,0,qEHVI,0.0,0.0,0.65,0.0,0.0,0.35000000000000003,0.0
53,2,4,1,False,0.01577756025869828,0.23709521730226024,1,qEHVI,0.15000000000000002,0.1,0.7000000000000001,0.05,0.0,0.0,0.0
53,2,4,1,False,0.01577756025869828,0.23709521730226024,2,qEHVI,0.15000000000000002,0.0,0.5,0.0,0.0,0.35000000000000003,0.0
53,2,4,1,False,0.01577756025869828,0.23709521730226024,3,qEHVI,0.0,0.15000000000000002,0.5,0.0,0.0,0.25,0.1
53,2,4,1,False,0.01577756025869828,0.23709521730226024,4,qUCB,0.15000000000000002,0.5,0.2,0.1,0.0,0.0,0.05
53,3,3,2,False,0.010255106132042512,0.06840016795387993,0,qEHVI,0.0,0.0,0.65,0.0,0.0,0.35000000000000003,0.0
53,3,3,2,False,0.010255106132042512,0.06840016795387993,1,qEHVI,0.15000000000000002,0.1,0.7000000000000001,0.05,0.0,0.0,0.0
53,3,3,2,False,0.010255106132042512,0.06840016795387993,2,qEHVI,0.15000000000000002,0.0,0.55,0.0,0.0,0.30000000000000004,0.0
53,3,3,2,False,0.010255106132042512,0.06840016795387993,3,qUCB,0.2,0.4,0.2,0.1,0.0,0.0,0.1
53,3,3,2,False,0.010255106132042512,0.06840016795387993,4,qUCB,0.15000000000000002,0.0,0.4,0.1,0.1,0.15000000000000002,0.1
53,4,2,3,False,0.008587940419772412,0.019988178187639205,0,qEHVI,0.0,0.0,0.65,0.0,0.0,0.35000000000000003,0.0
53,4,2,3,False,0.008587940419772412,0.019988178187639205,1,qEHVI,0.1,0.0,0.55,0.0,0.0,0.35000000000000003,0.0
53,4,2,3,False,0.008587940419772412,0.019988178187639205,2,qUCB,0.2,0.4,0.2,0.1,0.0,0.0,0.1
53,4,2,3,False,0.008587940419772412,0.019988178187639205,3,qUCB,0.1,0.2,0.4,0.1,0.1,0.0,0.1
53,4,2,3,False,0.008587940419772412,0.019988178187639205,4,qUCB,0.0,0.15000000000000002,0.55,0.1,0.1,0.0,0.1
53,5,1,4,False,0.008199238530673987,0.0026069874676715177,0,qEHVI,0.0,0.0,0.65,0.0,0.0,0.35000000000000003,0.0
53,5,1,4,False,0.008199238530673987,0.0026069874676715177,1,qUCB,0.30000000000000004,0.30000000000000004,0.2,0.1,0.0,0.0,0.1
53,5,1,4,False,0.008199238530673987,0.0026069874676715177,2,qUCB,0.35000000000000003,0.15000000000000002,0.30000000000000004,0.1,0.0,0.0,0.1
53,5,1,4,False,0.008199238530673987,0.0026069874676715177,3,qUCB,0.15000000000000002,0.5,0.2,0.1,0.0,0.0,0.05
53,5,1,4,False,0.008199238530673987,0.0026069874676715177,4,qUCB,0.35000000000000003,0.1,0.35000000000000003,0.1,0.1,0.0,0.0
53,6,0,5,False,0.0121446434379587,0.2503703540638774,0,qUCB,0.0,0.0,0.6000000000000001,0.1,0.0,0.25,0.05
53,6,0,5,False,0.0121446434379587,0.2503703540638774,1,qUCB,0.15000000000000002,0.0,0.5,0.0,0.0,0.35000000000000003,0.0
53,6,0,5,False,0.0121446434379587,0.2503703540638774,2,qUCB,0.0,0.15000000000000002,0.5,0.0,0.0,0.25,0.1
53,6,0,5,False,0.0121446434379587,0.2503703540638774,3,qUCB,0.0,0.0,0.65,0.0,0.0,0.35000000000000003,0.0
53,6,0,5,False,0.0121446434379587,0.2503703540638774,4,qUCB,0.15000000000000002,0.0,0.4,0.0,0.0,0.45,0.0
54,1,5,0,True,0.01070512004626117,0.32285656271778507,0,qEHVI,0.15000000000000002,0.0,0.65,0.05,0.0,0.1,0.05
54,1,5,0,True,0.01070512004626117,0.32285656271778507,1,qEHVI,0.0,0.15000000000000002,0.5,0.0,0.0,0.25,0.1
54,1,5,0,True,0.01070512004626117,0.32285656271778507,2,qEHVI,0.0,0.30000000000000004,0.5,0.1,0.1,0.0,0.0
54,1,5,0,True,0.01070512004626117,0.32285656271778507,3,qEHVI,0.15000000000000002,0.15000000000000002,0.7000000000000001,0.0,0.0,0.0,0.0
54,1,5,0,True,0.01070512004626117,0.32285656271778507,4,qEHVI,0.0,0.2,0.5,0.0,0.0,0.2,0.1
54,2,4,1,False,0.009146415027914308,0.05377187969891395,0,qEHVI,0.0,0.15000000000000002,0.5,0.0,0.0,0.25,0.1
54,2,4,1,False,0.009146415027914308,0.05377187969891395,1,qEHVI,0.15000000000000002,0.0,0.65,0.05,0.0,0.1,0.05
54,2,4,1,False,0.009146415027914308,0.05377187969891395,2,qEHVI,0.2,0.0,0.6000000000000001,0.1,0.0,0.05,0.05
54,2,4,1,False,0.009146415027914308,0.05377187969891395,3,qEHVI,0.0,0.30000000000000004,0.5,0.1,0.1,0.0,0.0
54,2,4,1,False,0.009146415027914308,0.05377187969891395,4,qUCB,0.2,0.5,0.30000000000000004,0.0,0.0,0.0,0.0
54,3,3,2,False,0.007211017064397305,0.09678116288457872,0,qEHVI,0.15000000000000002,0.0,0.65,0.05,0.0,0.1,0.05
54,3,3,2,False,0.007211017064397305,0.09678116288457872,1,qEHVI,0.0,0.15000000000000002,0.5,0.0,0.0,0.25,0.1
54,3,3,2,False,0.007211017064397305,0.09678116288457872,2,qEHVI,0.0,0.30000000000000004,0.5,0.1,0.1,0.0,0.0
54,3,3,2,False,0.007211017064397305,0.09678116288457872,3,qUCB,0.2,0.4,0.2,0.1,0.0,0.0,0.1
54,3,3,2,False,0.007211017064397305,0.09678116288457872,4,qUCB,0.2,0.5,0.30000000000000004,0.0,0.0,0.0,0.0
54,4,2,3,False,0.010364446452352164,0.05412923841639339,0,qEHVI,0.15000000000000002,0.0,0.65,0.05,0.0,0.1,0.05
54,4,2,3,False,0.010364446452352164,0.05412923841639339,1,qEHVI,0.0,0.15000000000000002,0.5,0.0,0.0,0.25,0.1
54,4,2,3,False,0.010364446452352164,0.05412923841639339,2,qUCB,0.0,0.5,0.30000000000000004,0.1,0.1,0.0,0.0
54,4,2,3,False,0.010364446452352164,0.05412923841639339,3,qUCB,0.25,0.4,0.2,0.1,0.0,0.0,0.05
54,4,2,3,False,0.010364446452352164,0.05412923841639339,4,qUCB,0.0,0.30000000000000004,0.5,0.1,0.1,0.0,0.0
54,5,1,4,False,0.007630311723131305,0.008459457234972767,0,qEHVI,0.15000000000000002,0.0,0.65,0.05,0.0,0.1,0.05
54,5,1,4,False,0.007630311723131305,0.008459457234972767,1,qUCB,0.0,0.5,0.30000000000000004,0.1,0.1,0.0,0.0
54,5,1,4,False,0.007630311723131305,0.008459457234972767,2,qUCB,0.25,0.4,0.2,0.1,0.0,0.0,0.05
54,5,1,4,False,0.007630311723131305,0.008459457234972767,3,qUCB,0.0,0.30000000000000004,0.5,0.1,0.1,0.0,0.0
54,5,1,4,False,0.007630311723131305,0.008459457234972767,4,qUCB,0.05,0.35000000000000003,0.4,0.1,0.1,0.0,0.0
54,6,0,5,False,0.008035484636262698,0.06677620339926693,0,qUCB,0.0,0.0,0.6000000000000001,0.05,0.0,0.30000000000000004,0.05
54,6,0,5,False,0.008035484636262698,0.06677620339926693,1,qUCB,0.0,0.15000000000000002,0.5,0.0,0.0,0.25,0.1
54,6,0,5,False,0.008035484636262698,0.06677620339926693,2,qUCB,0.2,0.0,0.5,0.0,0.0,0.2,0.1
54,6,0,5,False,0.008035484636262698,0.06677620339926693,3,qUCB,0.0,0.30000000000000004,0.5,0.1,0.1,0.0,0.0
54,6,0,5,False,0.008035484636262698,0.06677620339926693,4,qUCB,0.15000000000000002,0.05,0.4,0.1,0.1,0.1,0.1
55,1,5,0,True,0.005867465482864476,0.07748646492048472,0,qEHVI,0.1,0.0,0.7000000000000001,0.05,0.0,0.05,0.1
55,1,5,0,True,0.005867465482864476,0.07748646492048472,1,qEHVI,0.1,0.1,0.6000000000000001,0.05,0.0,0.05,0.1
55,1,5,0,True,0.005867465482864476,0.07748646492048472,2,qEHVI,0.1,0.15000000000000002,0.65,0.05,0.0,0.05,0.0
55,1,5,0,True,0.005867465482864476,0.07748646492048472,3,qEHVI,0.15000000000000002,0.15000000000000002,0.6000000000000001,0.1,0.0,0.0,0.0
55,1,5,0,True,0.005867465482864476,0.07748646492048472,4,qEHVI,0.15000000000000002,0.0,0.65,0.05,0.0,0.05,0.1
55,2,4,1,False,0.0048430171097709265,0.8556931846620337,0,qEHVI,0.1,0.0,0.7000000000000001,0.05,0.0,0.05,0.1
55,2,4,1,False,0.0048430171097709265,0.8556931846620337,1,qEHVI,0.1,0.1,0.6000000000000001,0.05,0.0,0.05,0.1
55,2,4,1,False,0.0048430171097709265,0.8556931846620337,2,qEHVI,0.1,0.15000000000000002,0.65,0.05,0.0,0.05,0.0
55,2,4,1,False,0.0048430171097709265,0.8556931846620337,3,qEHVI,0.15000000000000002,0.15000000000000002,0.6000000000000001,0.1,0.0,0.0,0.0
55,2,4,1,False,0.0048430171097709265,0.8556931846620337,4,qUCB,0.0,0.0,0.35000000000000003,0.1,0.1,0.4,0.05
55,3,3,2,False,0.0037351397981483367,0.1144900999394185,0,qEHVI,0.1,0.0,0.7000000000000001,0.05,0.0,0.05,0.1
55,3,3,2,False,0.0037351397981483367,0.1144900999394185,1,qEHVI,0.1,0.1,0.6000000000000001,0.05,0.0,0.05,0.1
55,3,3,2,False,0.0037351397981483367,0.1144900999394185,2,qEHVI,0.1,0.15000000000000002,0.65,0.05,0.0,0.05,0.0
55,3,3,2,False,0.0037351397981483367,0.1144900999394185,3,qUCB,0.0,0.0,0.35000000000000003,0.1,0.1,0.4,0.05
55,3,3,2,False,0.0037351397981483367,0.1144900999394185,4,qUCB,0.15000000000000002,0.1,0.2,0.1,0.1,0.25,0.1
55,4,2,3,False,0.002578142866523164,0.3116499650476623,0,qEHVI,0.1,0.0,0.7000000000000001,0.05,0.0,0.05,0.1
55,4,2,3,False,0.002578142866523164,0.3116499650476623,1,qEHVI,0.1,0.1,0.6000000000000001,0.05,0.0,0.05,0.1
55,4,2,3,False,0.002578142866523164,0.3116499650476623,2,qUCB,0.35000000000000003,0.35000000000000003,0.2,0.1,0.0,0.0,0.0
55,4,2,3,False,0.002578142866523164,0.3116499650476623,3,qUCB,0.0,0.0,0.35000000000000003,0.1,0.1,0.4,0.05
55,4,2,3,False,0.002578142866523164,0.3116499650476623,4,qUCB,0.15000000000000002,0.15000000000000002,0.2,0.1,0.1,0.30000000000000004,0.0
55,5,1,4,False,0.0013855380072212617,0.005506069549714887,0,qEHVI,0.1,0.0,0.7000000000000001,0.05,0.0,0.05,0.1
55,5,1,4,False,0.0013855380072212617,0.005506069549714887,1,qUCB,0.35000000000000003,0.35000000000000003,0.2,0.1,0.0,0.0,0.0
55,5,1,4,False,0.0013855380072212617,0.005506069549714887,2,qUCB,0.25,0.5,0.2,0.05,0.0,0.0,0.0
55,5,1,4,False,0.0013855380072212617,0.005506069549714887,3,qUCB,0.15000000000000002,0.15000000000000002,0.2,0.1,0.1,0.30000000000000004,0.0
55,5,1,4,False,0.0013855380072212617,0.005506069549714887,4,qUCB,0.15000000000000002,0.1,0.2,0.1,0.1,0.25,0.1
55,6,0,5,False,0.0017364197196920274,0.2110907725320299,0,qUCB,0.0,0.0,0.6000000000000001,0.1,0.0,0.25,0.05
55,6,0,5,False,0.0017364197196920274,0.2110907725320299,1,qUCB,0.0,0.1,0.65,0.1,0.0,0.1,0.05
55,6,0,5,False,0.0017364197196920274,0.2110907725320299,2,qUCB,0.2,0.25,0.2,0.1,0.0,0.15000000000000002,0.1
55,6,0,5,False,0.0017364197196920274,0.2110907725320299,3,qUCB,0.0,0.0,0.65,0.0,0.0,0.30000000000000004,0.05
55,6,0,5,False,0.0017364197196920274,0.2110907725320299,4,qUCB,0.15000000000000002,0.1,0.2,0.1,0.1,0.25,0.1
