iteration,option,n_opt,n_exp,selected,full_qehvi,full_entropy,point_idx,source,x_0,x_1,x_2,x_3,x_4,x_5,x_6,x_7,x_8,x_9,x_10,x_11,x_12,x_13,x_14
1,1,5,0,True,4.965194470045908,0.35515082566656986,0,qEHVI,0.76,0.0,0.14,0.02,0.04,0.0,0.0,0.0,0.0,0.0,0.0,0.0,0.0,0.0,0.04
1,1,5,0,True,4.965194470045908,0.35515082566656986,1,qEHVI,0.0,0.9400000000000001,0.02,0.0,0.04,0.0,0.0,0.0,0.0,0.0,0.0,0.0,0.0,0.0,0.0
1,1,5,0,True,4.965194470045908,0.35515082566656986,2,qEHVI,0.04,0.84,0.02,0.04,0.0,0.0,0.0,0.0,0.0,0.0,0.0,0.02,0.0,0.0,0.04
1,1,5,0,True,4.965194470045908,0.35515082566656986,3,qEHVI,0.32,0.56,0.02,0.04,0.04,0.0,0.0,0.0,0.0,0.0,0.0,0.0,0.0,0.02,0.0
1,1,5,0,True,4.965194470045908,0.35515082566656986,4,qEHVI,0.42,0.4,0.08,0.04,0.0,0.0,0.0,0.0,0.02,0.0,0.0,0.0,0.0,0.0,0.04
1,2,4,1,False,4.792082812082563,0.5028116205933237,0,qEHVI,0.76,0.0,0.14,0.02,0.04,0.0,0.0,0.0,0.0,0.0,0.0,0.0,0.0,0.0,0.04
1,2,4,1,False,4.792082812082563,0.5028116205933237,1,qEHVI,0.0,0.9400000000000001,0.02,0.0,0.04,0.0,0.0,0.0,0.0,0.0,0.0,0.0,0.0,0.0,0.0
1,2,4,1,False,4.792082812082563,0.5028116205933237,2,qEHVI,0.04,0.84,0.02,0.04,0.0,0.0,0.0,0.0,0.0,0.0,0.0,0.02,0.0,0.0,0.04
1,2,4,1,False,4.792082812082563,0.5028116205933237,3,qEHVI,0.32,0.56,0.02,0.04,0.04,0.0,0.0,0.0,0.0,0.0,0.0,0.0,0.0,0.02,0.0
1,2,4,1,False,4.792082812082563,0.5028116205933237,4,qUCB,0.0,0.04,0.88,0.0,0.0,0.0,0.0,0.0,0.04,0.0,0.0,0.04,0.0,0.0,0.0
1,3,3,2,False,4.51161917497665,0.30468147727411576,0,qEHVI,0.76,0.0,0.14,0.02,0.04,0.0,0.0,0.0,0.0,0.0,0.0,0.0,0.0,0.0,0.04
1,3,3,2,False,4.51161917497665,0.30468147727411576,1,qEHVI,0.0,0.9400000000000001,0.02,0.0,0.04,0.0,0.0,0.0,0.0,0.0,0.0,0.0,0.0,0.0,0.0
1,3,3,2,False,4.51161917497665,0.30468147727411576,2,qEHVI,0.04,0.84,0.02,0.04,0.0,0.0,0.0,0.0,0.0,0.0,0.0,0.02,0.0,0.0,0.04
1,3,3,2,False,4.51161917497665,0.30468147727411576,3,qUCB,0.04,0.0,0.86,0.0,0.0,0.0,0.0,0.0,0.04,0.0,0.0,0.02,0.0,0.04,0.0
1,3,3,2,False,4.51161917497665,0.30468147727411576,4,qUCB,0.0,0.04,0.88,0.0,0.0,0.0,0.0,0.0,0.04,0.0,0.0,0.04,0.0,0.0,0.0
1,4,2,3,False,4.12774656339376,0.41970270538244137,0,qEHVI,0.0,0.9400000000000001,0.02,0.0,0.04,0.0,0.0,0.0,0.0,0.0,0.0,0.0,0.0,0.0,0.0
1,4,2,3,False,4.12774656339376,0.41970270538244137,1,qEHVI,0.76,0.0,0.14,0.02,0.04,0.0,0.0,0.0,0.0,0.0,0.0,0.0,0.0,0.0,0.04
1,4,2,3,False,4.12774656339376,0.41970270538244137,2,qUCB,0.0,0.1,0.8,0.04,0.0,0.0,0.0,0.0,0.04,0.0,0.0,0.02,0.0,0.0,0.0
1,4,2,3,False,4.12774656339376,0.41970270538244137,3,qUCB,0.04,0.0,0.86,0.0,0.0,0.0,0.0,0.0,0.04,0.0,0.0,0.02,0.0,0.04,0.0
1,4,2,3,False,4.12774656339376,0.41970270538244137,4,qUCB,0.0,0.14,0.78,0.04,0.0,0.0,0.0,0.0,0.0,0.0,0.0,0.0,0.0,0.04,0.0
1,5,1,4,False,4.086509419729612,0.21171207557662264,0,qEHVI,0.0,0.9400000000000001,0.02,0.0,0.04,0.0,0.0,0.0,0.0,0.0,0.0,0.0,0.0,0.0,0.0
1,5,1,4,False,4.086509419729612,0.21171207557662264,1,qUCB,0.78,0.02,0.1,0.04,0.0,0.0,0.0,0.0,0.02,0.0,0.0,0.04,0.0,0.0,0.0
1,5,1,4,False,4.086509419729612,0.21171207557662264,2,qUCB,0.08,0.06,0.76,0.04,0.0,0.0,0.0,0.0,0.04,0.0,0.0,0.02,0.0,0.0,0.0
1,5,1,4,False,4.086509419729612,0.21171207557662264,3,qUCB,0.04,0.0,0.86,0.0,0.0,0.0,0.0,0.0,0.04,0.0,0.0,0.02,0.0,0.04,0.0
1,5,1,4,False,4.086509419729612,0.21171207557662264,4,qUCB,0.08,0.04,0.78,0.04,0.0,0.0,0.0,0.0,0.0,0.0,0.0,0.02,0.0,0.0,0.04
1,6,0,5,False,4.675895894975969,0.4813224201628614,0,qUCB,0.7000000000000001,0.14,0.06,0.04,0.04,0.0,0.0,0.0,0.0,0.0,0.0,0.02,0.0,0.0,0.0
1,6,0,5,False,4.675895894975969,0.4813224201628614,1,qUCB,0.0,0.9400000000000001,0.02,0.0,0.04,0.0,0.0,0.0,0.0,0.0,0.0,0.0,0.0,0.0,0.0
1,6,0,5,False,4.675895894975969,0.4813224201628614,2,qUCB,0.18,0.72,0.0,0.04,0.0,0.0,0.0,0.0,0.0,0.0,0.0,0.02,0.0,0.0,0.04
1,6,0,5,False,4.675895894975969,0.4813224201628614,3,qUCB,0.02,0.84,0.04,0.02,0.0,0.0,0.0,0.0,0.0,0.0,0.0,0.0,0.0,0.04,0.04
1,6,0,5,False,4.675895894975969,0.4813224201628614,4,qUCB,0.14,0.72,0.04,0.04,0.0,0.0,0.0,0.0,0.02,0.0,0.0,0.0,0.0,0.04,0.0
2,1,5,0,True,3.825486321207603,0.8322113986016202,0,qEHVI,0.88,0.02,0.0,0.0,0.0,0.0,0.0,0.0,0.04,0.0,0.0,0.02,0.0,0.0,0.04
2,1,5,0,True,3.825486321207603,0.8322113986016202,1,qEHVI,0.2,0.04,0.66,0.04,0.0,0.0,0.0,0.0,0.04,0.0,0.0,0.0,0.0,0.0,0.02
2,1,5,0,True,3.825486321207603,0.8322113986016202,2,qEHVI,0.92,0.0,0.0,0.02,0.0,0.0,0.0,0.0,0.04,0.0,0.0,0.0,0.0,0.02,0.0
2,1,5,0,True,3.825486321207603,0.8322113986016202,3,qEHVI,0.04,0.04,0.8200000000000001,0.04,0.0,0.0,0.0,0.0,0.0,0.0,0.0,0.0,0.0,0.04,0.02
2,1,5,0,True,3.825486321207603,0.8322113986016202,4,qEHVI,0.42,0.0,0.48,0.0,0.02,0.0,0.0,0.0,0.04,0.0,0.0,0.0,0.0,0.04,0.0
2,2,4,1,False,3.5859922390153063,0.8862199872478023,0,qEHVI,0.88,0.02,0.0,0.0,0.0,0.0,0.0,0.0,0.04,0.0,0.0,0.02,0.0,0.0,0.04
2,2,4,1,False,3.5859922390153063,0.8862199872478023,1,qEHVI,0.2,0.04,0.66,0.04,0.0,0.0,0.0,0.0,0.04,0.0,0.0,0.0,0.0,0.0,0.02
2,2,4,1,False,3.5859922390153063,0.8862199872478023,2,qEHVI,0.92,0.0,0.0,0.02,0.0,0.0,0.0,0.0,0.04,0.0,0.0,0.0,0.0,0.02,0.0
2,2,4,1,False,3.5859922390153063,0.8862199872478023,3,qEHVI,0.0,0.02,0.88,0.0,0.04,0.0,0.0,0.0,0.0,0.0,0.0,0.02,0.0,0.04,0.0
2,2,4,1,False,3.5859922390153063,0.8862199872478023,4,qUCB,0.5,0.08,0.32,0.04,0.04,0.0,0.0,0.0,0.0,0.0,0.0,0.02,0.0,0.0,0.0
2,3,3,2,False,3.578183058327374,0.4649689033094049,0,qEHVI,0.88,0.02,0.0,0.0,0.0,0.0,0.0,0.0,0.04,0.0,0.0,0.02,0.0,0.0,0.04
2,3,3,2,False,3.578183058327374,0.4649689033094049,1,qEHVI,0.2,0.04,0.66,0.04,0.0,0.0,0.0,0.0,0.04,0.0,0.0,0.0,0.0,0.0,0.02
2,3,3,2,False,3.578183058327374,0.4649689033094049,2,qEHVI,0.92,0.0,0.0,0.02,0.0,0.0,0.0,0.0,0.04,0.0,0.0,0.0,0.0,0.02,0.0
2,3,3,2,False,3.578183058327374,0.4649689033094049,3,qUCB,0.0,0.02,0.88,0.0,0.04,0.0,0.0,0.0,0.0,0.0,0.0,0.02,0.0,0.04,0.0
2,3,3,2,False,3.578183058327374,0.4649689033094049,4,qUCB,0.5,0.08,0.32,0.04,0.04,0.0,0.0,0.0,0.0,0.0,0.0,0.02,0.0,0.0,0.0
2,4,2,3,False,3.156174666331373,0.5833465817861629,0,qEHVI,0.88,0.02,0.0,0.0,0.0,0.0,0.0,0.0,0.04,0.0,0.0,0.02,0.0,0.0,0.04
2,4,2,3,False,3.156174666331373,0.5833465817861629,1,qEHVI,0.2,0.04,0.66,0.04,0.0,0.0,0.0,0.0,0.04,0.0,0.0,0.0,0.0,0.0,0.02
2,4,2,3,False,3.156174666331373,0.5833465817861629,2,qUCB,0.8,0.0,0.1,0.04,0.04,0.0,0.0,0.0,0.0,0.0,0.0,0.02,0.0,0.0,0.0
2,4,2,3,False,3.156174666331373,0.5833465817861629,3,qUCB,0.0,0.02,0.88,0.0,0.04,0.0,0.0,0.0,0.0,0.0,0.0,0.02,0.0,0.04,0.0
2,4,2,3,False,3.156174666331373,0.5833465817861629,4,qUCB,0.86,0.04,0.02,0.04,0.0,0.0,0.0,0.0,0.0,0.0,0.0,0.0,0.0,0.04,0.0
2,5,1,4,False,3.26478899521667,1.2171847365478712,0,qEHVI,0.88,0.02,0.0,0.0,0.0,0.0,0.0,0.0,0.04,0.0,0.0,0.02,0.0,0.0,0.04
2,5,1,4,False,3.26478899521667,1.2171847365478712,1,qUCB,0.08,0.04,0.78,0.04,0.04,0.0,0.0,0.0,0.0,0.0,0.0,0.0,0.0,0.02,0.0
2,5,1,4,False,3.26478899521667,1.2171847365478712,2,qUCB,0.0,0.02,0.88,0.0,0.04,0.0,0.0,0.0,0.0,0.0,0.0,0.02,0.0,0.04,0.0
2,5,1,4,False,3.26478899521667,1.2171847365478712,3,qUCB,0.06,0.48,0.38,0.04,0.0,0.0,0.0,0.0,0.0,0.0,0.0,0.0,0.0,0.04,0.0
2,5,1,4,False,3.26478899521667,1.2171847365478712,4,qUCB,0.32,0.22,0.38,0.04,0.04,0.0,0.0,0.0,0.0,0.0,0.0,0.0,0.0,0.0,0.0
2,6,0,5,False,3.0130206915235345,0.274421851068853,0,qUCB,0.84,0.04,0.02,0.04,0.0,0.0,0.0,0.0,0.04,0.0,0.0,0.0,0.0,0.02,0.0
2,6,0,5,False,3.0130206915235345,0.274421851068853,1,qUCB,0.54,0.0,0.4,0.04,0.02,0.0,0.0,0.0,0.0,0.0,0.0,0.0,0.0,0.0,0.0
2,6,0,5,False,3.0130206915235345,0.274421851068853,2,qUCB,0.04,0.04,0.8200000000000001,0.04,0.0,0.0,0.0,0.0,0.0,0.0,0.0,0.0,0.0,0.04,0.02
2,6,0,5,False,3.0130206915235345,0.274421851068853,3,qUCB,0.04,0.0,0.86,0.04,0.02,0.0,0.0,0.0,0.04,0.0,0.0,0.0,0.0,0.0,0.0
2,6,0,5,False,3.0130206915235345,0.274421851068853,4,qUCB,0.24,0.0,0.68,0.04,0.0,0.0,0.0,0.0,0.0,0.0,0.0,0.04,0.0,0.0,0.0
3,1,5,0,True,7.8826902251259074,0.7264919688466733,0,qEHVI,0.54,0.0,0.36,0.02,0.04,0.0,0.0,0.0,0.0,0.0,0.0,0.0,0.0,0.04,0.0
3,1,5,0,True,7.8826902251259074,0.7264919688466733,1,qEHVI,0.28,0.02,0.6,0.0,0.04,0.0,0.0,0.0,0.0,0.0,0.0,0.0,0.0,0.04,0.02
3,1,5,0,True,7.8826902251259074,0.7264919688466733,2,qEHVI,0.54,0.0,0.38,0.04,0.02,0.0,0.0,0.0,0.0,0.0,0.0,0.0,0.0,0.0,0.02
3,1,5,0,True,7.8826902251259074,0.7264919688466733,3,qEHVI,0.5,0.0,0.4,0.04,0.0,0.0,0.0,0.0,0.02,0.0,0.0,0.0,0.0,0.04,0.0
3,1,5,0,True,7.8826902251259074,0.7264919688466733,4,qEHVI,0.58,0.0,0.34,0.0,0.04,0.0,0.0,0.0,0.0,0.0,0.0,0.0,0.0,0.04,0.0
3,2,4,1,False,7.604655632639021,0.7200195780224679,0,qEHVI,0.54,0.0,0.36,0.02,0.04,0.0,0.0,0.0,0.0,0.0,0.0,0.0,0.0,0.04,0.0
3,2,4,1,False,7.604655632639021,0.7200195780224679,1,qEHVI,0.28,0.02,0.6,0.0,0.04,0.0,0.0,0.0,0.0,0.0,0.0,0.0,0.0,0.04,0.02
3,2,4,1,False,7.604655632639021,0.7200195780224679,2,qEHVI,0.54,0.0,0.38,0.04,0.02,0.0,0.0,0.0,0.0,0.0,0.0,0.0,0.0,0.0,0.02
3,2,4,1,False,7.604655632639021,0.7200195780224679,3,qEHVI,0.5,0.0,0.4,0.04,0.0,0.0,0.0,0.0,0.02,0.0,0.0,0.0,0.0,0.04,0.0
3,2,4,1,False,7.604655632639021,0.7200195780224679,4,qUCB,0.04,0.02,0.84,0.0,0.0,0.0,0.0,0.0,0.04,0.0,0.0,0.04,0.0,0.0,0.02
3,3,3,2,False,7.142491681566732,0.6017445136786481,0,qEHVI,0.54,0.0,0.36,0.02,0.04,0.0,0.0,0.0,0.0,0.0,0.0,0.0,0.0,0.04,0.0
3,3,3,2,False,7.142491681566732,0.6017445136786481,1,qEHVI,0.28,0.02,0.6,0.0,0.04,0.0,0.0,0.0,0.0,0.0,0.0,0.0,0.0,0.04,0.02
3,3,3,2,False,7.142491681566732,0.6017445136786481,2,qEHVI,0.54,0.0,0.38,0.04,0.02,0.0,0.0,0.0,0.0,0.0,0.0,0.0,0.0,0.0,0.02
3,3,3,2,False,7.142491681566732,0.6017445136786481,3,qUCB,0.0,0.02,0.9400000000000001,0.0,0.0,0.0,0.0,0.0,0.04,0.0,0.0,0.0,0.0,0.0,0.0
3,3,3,2,False,7.142491681566732,0.6017445136786481,4,qUCB,0.02,0.86,0.02,0.0,0.0,0.0,0.0,0.0,0.04,0.0,0.0,0.02,0.0,0.04,0.0
3,4,2,3,False,7.05491434651658,0.2573851690765352,0,qEHVI,0.54,0.0,0.36,0.02,0.04,0.0,0.0,0.0,0.0,0.0,0.0,0.0,0.0,0.04,0.0
3,4,2,3,False,7.05491434651658,0.2573851690765352,1,qEHVI,0.28,0.02,0.6,0.0,0.04,0.0,0.0,0.0,0.0,0.0,0.0,0.0,0.0,0.04,0.02
3,4,2,3,False,7.05491434651658,0.2573851690765352,2,qUCB,0.9,0.0,0.0,0.04,0.0,0.0,0.0,0.0,0.04,0.0,0.0,0.0,0.0,0.0,0.02
3,4,2,3,False,7.05491434651658,0.2573851690765352,3,qUCB,0.0,0.02,0.9400000000000001,0.0,0.0,0.0,0.0,0.0,0.04,0.0,0.0,0.0,0.0,0.0,0.0
3,4,2,3,False,7.05491434651658,0.2573851690765352,4,qUCB,0.6,0.02,0.28,0.04,0.0,0.0,0.0,0.0,0.0,0.0,0.0,0.02,0.0,0.0,0.04
3,5,1,4,False,5.573339886234234,0.2153325866341831,0,qEHVI,0.54,0.0,0.36,0.02,0.04,0.0,0.0,0.0,0.0,0.0,0.0,0.0,0.0,0.04,0.0
3,5,1,4,False,5.573339886234234,0.2153325866341831,1,qUCB,0.9,0.0,0.0,0.04,0.0,0.0,0.0,0.0,0.04,0.0,0.0,0.0,0.0,0.0,0.02
3,5,1,4,False,5.573339886234234,0.2153325866341831,2,qUCB,0.0,0.02,0.9400000000000001,0.0,0.0,0.0,0.0,0.0,0.04,0.0,0.0,0.0,0.0,0.0,0.0
3,5,1,4,False,5.573339886234234,0.2153325866341831,3,qUCB,0.6,0.02,0.28,0.04,0.0,0.0,0.0,0.0,0.0,0.0,0.0,0.02,0.0,0.0,0.04
3,5,1,4,False,5.573339886234234,0.2153325866341831,4,qUCB,0.0,0.02,0.92,0.0,0.0,0.0,0.0,0.0,0.0,0.0,0.0,0.04,0.0,0.0,0.02
3,6,0,5,False,4.276788432026348,1.145426346768529,0,qUCB,0.72,0.0,0.18,0.04,0.04,0.0,0.0,0.0,0.0,0.0,0.0,0.0,0.0,0.02,0.0
3,6,0,5,False,4.276788432026348,1.145426346768529,1,qUCB,0.0,0.02,0.9400000000000001,0.0,0.0,0.0,0.0,0.0,0.04,0.0,0.0,0.0,0.0,0.0,0.0
3,6,0,5,False,4.276788432026348,1.145426346768529,2,qUCB,0.9,0.0,0.04,0.04,0.02,0.0,0.0,0.0,0.0,0.0,0.0,0.0,0.0,0.0,0.0
3,6,0,5,False,4.276788432026348,1.145426346768529,3,qUCB,0.8200000000000001,0.02,0.06,0.04,0.02,0.0,0.0,0.0,0.0,0.0,0.0,0.0,0.0,0.04,0.0
3,6,0,5,False,4.276788432026348,1.145426346768529,4,qUCB,0.02,0.04,0.88,0.0,0.0,0.0,0.0,0.0,0.02,0.0,0.0,0.0,0.0,0.04,0.0
4,1,5,0,True,6.092746736794822,1.2455229041198521,0,qEHVI,0.44,0.0,0.46,0.0,0.04,0.0,0.0,0.0,0.0,0.0,0.0,0.0,0.0,0.04,0.02
4,1,5,0,True,6.092746736794822,1.2455229041198521,1,qEHVI,0.92,0.0,0.0,0.0,0.0,0.0,0.0,0.0,0.02,0.0,0.0,0.0,0.0,0.02,0.04
4,1,5,0,True,6.092746736794822,1.2455229041198521,2,qEHVI,0.54,0.0,0.38,0.0,0.02,0.0,0.0,0.0,0.04,0.0,0.0,0.0,0.0,0.0,0.02
4,1,5,0,True,6.092746736794822,1.2455229041198521,3,qEHVI,0.4,0.04,0.48,0.0,0.04,0.0,0.0,0.0,0.0,0.0,0.0,0.0,0.0,0.04,0.0
4,1,5,0,True,6.092746736794822,1.2455229041198521,4,qEHVI,0.84,0.02,0.04,0.02,0.0,0.0,0.0,0.0,0.04,0.0,0.0,0.0,0.0,0.0,0.04
4,2,4,1,False,5.801924988412444,0.7502709400579839,0,qEHVI,0.44,0.0,0.46,0.0,0.04,0.0,0.0,0.0,0.0,0.0,0.0,0.0,0.0,0.04,0.02
4,2,4,1,False,5.801924988412444,0.7502709400579839,1,qEHVI,0.92,0.0,0.0,0.0,0.0,0.0,0.0,0.0,0.02,0.0,0.0,0.0,0.0,0.02,0.04
4,2,4,1,False,5.801924988412444,0.7502709400579839,2,qEHVI,0.54,0.0,0.38,0.0,0.02,0.0,0.0,0.0,0.04,0.0,0.0,0.0,0.0,0.0,0.02
4,2,4,1,False,5.801924988412444,0.7502709400579839,3,qEHVI,0.4,0.04,0.48,0.0,0.04,0.0,0.0,0.0,0.0,0.0,0.0,0.0,0.0,0.04,0.0
4,2,4,1,False,5.801924988412444,0.7502709400579839,4,qUCB,0.52,0.06,0.34,0.04,0.0,0.0,0.0,0.0,0.0,0.0,0.0,0.04,0.0,0.0,0.0
4,3,3,2,False,5.349198869506675,0.9736327029335712,0,qEHVI,0.44,0.0,0.46,0.0,0.04,0.0,0.0,0.0,0.0,0.0,0.0,0.0,0.0,0.04,0.02
4,3,3,2,False,5.349198869506675,0.9736327029335712,1,qEHVI,0.92,0.0,0.0,0.0,0.0,0.0,0.0,0.0,0.02,0.0,0.0,0.0,0.0,0.02,0.04
4,3,3,2,False,5.349198869506675,0.9736327029335712,2,qEHVI,0.54,0.0,0.38,0.0,0.02,0.0,0.0,0.0,0.04,0.0,0.0,0.0,0.0,0.0,0.02
4,3,3,2,False,5.349198869506675,0.9736327029335712,3,qUCB,0.44,0.04,0.42,0.04,0.0,0.0,0.0,0.0,0.0,0.0,0.0,0.04,0.0,0.02,0.0
4,3,3,2,False,5.349198869506675,0.9736327029335712,4,qUCB,0.02,0.68,0.22,0.04,0.0,0.0,0.0,0.0,0.0,0.0,0.0,0.04,0.0,0.0,0.0
4,4,2,3,False,5.206552446283679,1.0406866386390448,0,qEHVI,0.44,0.0,0.46,0.0,0.04,0.0,0.0,0.0,0.0,0.0,0.0,0.0,0.0,0.04,0.02
4,4,2,3,False,5.206552446283679,1.0406866386390448,1,qEHVI,0.92,0.0,0.0,0.0,0.0,0.0,0.0,0.0,0.02,0.0,0.0,0.0,0.0,0.02,0.04
4,4,2,3,False,5.206552446283679,1.0406866386390448,2,qUCB,0.42,0.0,0.48,0.0,0.02,0.0,0.0,0.0,0.04,0.0,0.0,0.04,0.0,0.0,0.0
4,4,2,3,False,5.206552446283679,1.0406866386390448,3,qUCB,0.52,0.06,0.34,0.04,0.0,0.0,0.0,0.0,0.0,0.0,0.0,0.04,0.0,0.0,0.0
4,4,2,3,False,5.206552446283679,1.0406866386390448,4,qUCB,0.46,0.0,0.44,0.02,0.04,0.0,0.0,0.0,0.04,0.0,0.0,0.0,0.0,0.0,0.0
4,5,1,4,False,4.530551082530411,1.4175637506782373,0,qEHVI,0.44,0.0,0.46,0.0,0.04,0.0,0.0,0.0,0.0,0.0,0.0,0.0,0.0,0.04,0.02
4,5,1,4,False,4.530551082530411,1.4175637506782373,1,qUCB,0.6,0.0,0.3,0.04,0.0,0.0,0.0,0.0,0.02,0.0,0.0,0.04,0.0,0.0,0.0
4,5,1,4,False,4.530551082530411,1.4175637506782373,2,qUCB,0.54,0.0,0.42,0.0,0.0,0.0,0.0,0.0,0.0,0.0,0.0,0.04,0.0,0.0,0.0
4,5,1,4,False,4.530551082530411,1.4175637506782373,3,qUCB,0.5,0.0,0.4,0.02,0.0,0.0,0.0,0.0,0.04,0.0,0.0,0.0,0.0,0.0,0.04
4,5,1,4,False,4.530551082530411,1.4175637506782373,4,qUCB,0.42,0.0,0.48,0.0,0.02,0.0,0.0,0.0,0.04,0.0,0.0,0.04,0.0,0.0,0.0
4,6,0,5,False,3.845351094805052,0.4970125033731101,0,qUCB,0.44,0.0,0.46,0.0,0.04,0.0,0.0,0.0,0.0,0.0,0.0,0.0,0.0,0.04,0.02
4,6,0,5,False,3.845351094805052,0.4970125033731101,1,qUCB,0.5,0.0,0.4,0.0,0.02,0.0,0.0,0.0,0.0,0.0,0.0,0.04,0.0,0.02,0.02
4,6,0,5,False,3.845351094805052,0.4970125033731101,2,qUCB,0.46,0.0,0.44,0.0,0.04,0.0,0.0,0.0,0.04,0.0,0.0,0.0,0.0,0.0,0.02
4,6,0,5,False,3.845351094805052,0.4970125033731101,3,qUCB,0.44,0.02,0.44,0.0,0.04,0.0,0.0,0.0,0.0,0.0,0.0,0.0,0.0,0.02,0.04
4,6,0,5,False,3.845351094805052,0.4970125033731101,4,qUCB,0.54,0.0,0.42,0.0,0.0,0.0,0.0,0.0,0.0,0.0,0.0,0.04,0.0,0.0,0.0
5,1,5,0,False,6.7806387988679075,0.7421537987903841,0,qEHVI,0.62,0.02,0.28,0.04,0.04,0.0,0.0,0.0,0.0,0.0,0.0,0.0,0.0,0.0,0.0
5,1,5,0,False,6.7806387988679075,0.7421537987903841,1,qEHVI,0.3,0.1,0.5,0.04,0.04,0.0,0.0,0.0,0.02,0.0,0.0,0.0,0.0,0.0,0.0
5,1,5,0,False,6.7806387988679075,0.7421537987903841,2,qEHVI,0.72,0.0,0.2,0.04,0.02,0.0,0.0,0.0,0.0,0.0,0.0,0.02,0.0,0.0,0.0
5,1,5,0,False,6.7806387988679075,0.7421537987903841,3,qEHVI,0.46,0.0,0.48,0.02,0.04,0.0,0.0,0.0,0.0,0.0,0.0,0.0,0.0,0.0,0.0
5,1,5,0,False,6.7806387988679075,0.7421537987903841,4,qEHVI,0.1,0.3,0.52,0.04,0.02,0.0,0.0,0.0,0.0,0.0,0.0,0.02,0.0,0.0,0.0
5,2,4,1,True,6.315989911272981,0.7840610068124896,0,qEHVI,0.62,0.02,0.28,0.04,0.04,0.0,0.0,0.0,0.0,0.0,0.0,0.0,0.0,0.0,0.0
5,2,4,1,True,6.315989911272981,0.7840610068124896,1,qEHVI,0.3,0.1,0.5,0.04,0.04,0.0,0.0,0.0,0.02,0.0,0.0,0.0,0.0,0.0,0.0
5,2,4,1,True,6.315989911272981,0.7840610068124896,2,qEHVI,0.46,0.0,0.48,0.02,0.04,0.0,0.0,0.0,0.0,0.0,0.0,0.0,0.0,0.0,0.0
5,2,4,1,True,6.315989911272981,0.7840610068124896,3,qEHVI,0.72,0.0,0.2,0.04,0.02,0.0,0.0,0.0,0.0,0.0,0.0,0.02,0.0,0.0,0.0
5,2,4,1,True,6.315989911272981,0.7840610068124896,4,qUCB,0.02,0.66,0.22,0.0,0.0,0.0,0.0,0.0,0.02,0.0,0.0,0.0,0.0,0.04,0.04
5,3,3,2,False,6.146491372593488,0.5991824870511042,0,qEHVI,0.62,0.02,0.28,0.04,0.04,0.0,0.0,0.0,0.0,0.0,0.0,0.0,0.0,0.0,0.0
5,3,3,2,False,6.146491372593488,0.5991824870511042,1,qEHVI,0.3,0.1,0.5,0.04,0.04,0.0,0.0,0.0,0.02,0.0,0.0,0.0,0.0,0.0,0.0
5,3,3,2,False,6.146491372593488,0.5991824870511042,2,qEHVI,0.72,0.0,0.2,0.04,0.02,0.0,0.0,0.0,0.0,0.0,0.0,0.02,0.0,0.0,0.0
5,3,3,2,False,6.146491372593488,0.5991824870511042,3,qUCB,0.02,0.66,0.22,0.0,0.0,0.0,0.0,0.0,0.02,0.0,0.0,0.0,0.0,0.04,0.04
5,3,3,2,False,6.146491372593488,0.5991824870511042,4,qUCB,0.36,0.5,0.04,0.0,0.0,0.0,0.0,0.0,0.02,0.0,0.0,0.0,0.0,0.04,0.04
5,4,2,3,False,5.596521592266297,0.7178059526513572,0,qEHVI,0.62,0.02,0.28,0.04,0.04,0.0,0.0,0.0,0.0,0.0,0.0,0.0,0.0,0.0,0.0
5,4,2,3,False,5.596521592266297,0.7178059526513572,1,qEHVI,0.3,0.1,0.5,0.04,0.04,0.0,0.0,0.0,0.02,0.0,0.0,0.0,0.0,0.0,0.0
5,4,2,3,False,5.596521592266297,0.7178059526513572,2,qUCB,0.0,0.66,0.26,0.0,0.0,0.0,0.0,0.0,0.0,0.0,0.0,0.04,0.0,0.04,0.0
5,4,2,3,False,5.596521592266297,0.7178059526513572,3,qUCB,0.34,0.56,0.0,0.0,0.0,0.0,0.0,0.0,0.02,0.0,0.0,0.04,0.0,0.0,0.04
5,4,2,3,False,5.596521592266297,0.7178059526513572,4,qUCB,0.0,0.02,0.96,0.0,0.0,0.0,0.0,0.0,0.0,0.0,0.0,0.0,0.0,0.0,0.02
5,5,1,4,False,3.797251731904125,0.25609934953918057,0,qEHVI,0.62,0.02,0.28,0.04,0.04,0.0,0.0,0.0,0.0,0.0,0.0,0.0,0.0,0.0,0.0
5,5,1,4,False,3.797251731904125,0.25609934953918057,1,qUCB,0.02,0.66,0.22,0.0,0.0,0.0,0.0,0.0,0.02,0.0,0.0,0.0,0.0,0.04,0.04
5,5,1,4,False,3.797251731904125,0.25609934953918057,2,qUCB,0.34,0.56,0.0,0.0,0.0,0.0,0.0,0.0,0.02,0.0,0.0,0.04,0.0,0.0,0.04
5,5,1,4,False,3.797251731904125,0.25609934953918057,3,qUCB,0.0,0.02,0.92,0.0,0.0,0.0,0.0,0.0,0.02,0.0,0.0,0.04,0.0,0.0,0.0
5,5,1,4,False,3.797251731904125,0.25609934953918057,4,qUCB,0.06,0.02,0.8200000000000001,0.0,0.0,0.0,0.0,0.0,0.02,0.0,0.0,0.04,0.0,0.0,0.04
5,6,0,5,False,3.9968591035509564,0.5476507385042915,0,qUCB,0.76,0.0,0.18,0.04,0.0,0.0,0.0,0.0,0.02,0.0,0.0,0.0,0.0,0.0,0.0
5,6,0,5,False,3.9968591035509564,0.5476507385042915,1,qUCB,0.0,0.54,0.38,0.04,0.04,0.0,0.0,0.0,0.0,0.0,0.0,0.0,0.0,0.0,0.0
5,6,0,5,False,3.9968591035509564,0.5476507385042915,2,qUCB,0.0,0.0,0.96,0.0,0.04,0.0,0.0,0.0,0.0,0.0,0.0,0.0,0.0,0.0,0.0
5,6,0,5,False,3.9968591035509564,0.5476507385042915,3,qUCB,0.0,0.68,0.26,0.0,0.04,0.0,0.0,0.0,0.0,0.0,0.0,0.0,0.0,0.02,0.0
5,6,0,5,False,3.9968591035509564,0.5476507385042915,4,qUCB,0.44,0.48,0.0,0.0,0.0,0.0,0.0,0.0,0.0,0.0,0.0,0.02,0.0,0.04,0.02
6,1,5,0,False,11.700461604831167,1.09133234834737,0,qEHVI,0.44,0.1,0.36,0.02,0.0,0.0,0.0,0.0,0.0,0.0,0.0,0.04,0.0,0.04,0.0
6,1,5,0,False,11.700461604831167,1.09133234834737,1,qEHVI,0.66,0.06,0.18,0.04,0.0,0.0,0.0,0.0,0.02,0.0,0.0,0.04,0.0,0.0,0.0
6,1,5,0,False,11.700461604831167,1.09133234834737,2,qEHVI,0.7000000000000001,0.0,0.2,0.0,0.02,0.0,0.0,0.0,0.0,0.0,0.0,0.04,0.0,0.02,0.02
6,1,5,0,False,11.700461604831167,1.09133234834737,3,qEHVI,0.06,0.44,0.4,0.04,0.02,0.0,0.0,0.0,0.0,0.0,0.0,0.0,0.0,0.0,0.04
6,1,5,0,False,11.700461604831167,1.09133234834737,4,qEHVI,0.46,0.04,0.4,0.02,0.04,0.0,0.0,0.0,0.0,0.0,0.0,0.04,0.0,0.0,0.0
6,2,4,1,False,11.339165070878215,0.4433235276190679,0,qEHVI,0.44,0.1,0.36,0.02,0.0,0.0,0.0,0.0,0.0,0.0,0.0,0.04,0.0,0.04,0.0
6,2,4,1,False,11.339165070878215,0.4433235276190679,1,qEHVI,0.66,0.06,0.18,0.04,0.0,0.0,0.0,0.0,0.02,0.0,0.0,0.04,0.0,0.0,0.0
6,2,4,1,False,11.339165070878215,0.4433235276190679,2,qEHVI,0.7000000000000001,0.0,0.2,0.0,0.02,0.0,0.0,0.0,0.0,0.0,0.0,0.04,0.0,0.02,0.02
6,2,4,1,False,11.339165070878215,0.4433235276190679,3,qEHVI,0.06,0.44,0.4,0.04,0.02,0.0,0.0,0.0,0.0,0.0,0.0,0.0,0.0,0.0,0.04
6,2,4,1,False,11.339165070878215,0.4433235276190679,4,qUCB,0.02,0.5,0.38,0.0,0.04,0.0,0.0,0.0,0.04,0.0,0.0,0.0,0.0,0.02,0.0
6,3,3,2,False,10.16488029265116,0.5071184750520779,0,qEHVI,0.44,0.1,0.36,0.02,0.0,0.0,0.0,0.0,0.0,0.0,0.0,0.04,0.0,0.04,0.0
6,3,3,2,False,10.16488029265116,0.5071184750520779,1,qEHVI,0.66,0.06,0.18,0.04,0.0,0.0,0.0,0.0,0.02,0.0,0.0,0.04,0.0,0.0,0.0
6,3,3,2,False,10.16488029265116,0.5071184750520779,2,qEHVI,0.06,0.44,0.4,0.04,0.02,0.0,0.0,0.0,0.0,0.0,0.0,0.0,0.0,0.0,0.04
6,3,3,2,False,10.16488029265116,0.5071184750520779,3,qUCB,0.02,0.5,0.38,0.0,0.04,0.0,0.0,0.0,0.04,0.0,0.0,0.0,0.0,0.02,0.0
6,3,3,2,False,10.16488029265116,0.5071184750520779,4,qUCB,0.0,0.0,0.9400000000000001,0.0,0.04,0.0,0.0,0.0,0.0,0.0,0.0,0.02,0.0,0.0,0.0
6,4,2,3,True,10.362482247503726,0.6881634530389178,0,qEHVI,0.44,0.1,0.36,0.02,0.0,0.0,0.0,0.0,0.0,0.0,0.0,0.04,0.0,0.04,0.0
6,4,2,3,True,10.362482247503726,0.6881634530389178,1,qEHVI,0.66,0.06,0.18,0.04,0.0,0.0,0.0,0.0,0.02,0.0,0.0,0.04,0.0,0.0,0.0
6,4,2,3,True,10.362482247503726,0.6881634530389178,2,qUCB,0.0,0.52,0.38,0.0,0.02,0.0,0.0,0.0,0.04,0.0,0.0,0.0,0.0,0.0,0.04
6,4,2,3,True,10.362482247503726,0.6881634530389178,3,qUCB,0.02,0.0,0.96,0.0,0.0,0.0,0.0,0.0,0.0,0.0,0.0,0.0,0.0,0.0,0.02
6,4,2,3,True,10.362482247503726,0.6881634530389178,4,qUCB,0.06,0.44,0.4,0.04,0.02,0.0,0.0,0.0,0.0,0.0,0.0,0.0,0.0,0.0,0.04
6,5,1,4,False,8.568936540056828,0.8941948842484599,0,qEHVI,0.44,0.1,0.36,0.02,0.0,0.0,0.0,0.0,0.0,0.0,0.0,0.04,0.0,0.04,0.0
6,5,1,4,False,8.568936540056828,0.8941948842484599,1,qUCB,0.0,0.52,0.38,0.0,0.02,0.0,0.0,0.0,0.04,0.0,0.0,0.0,0.0,0.0,0.04
6,5,1,4,False,8.568936540056828,0.8941948842484599,2,qUCB,0.06,0.44,0.4,0.04,0.02,0.0,0.0,0.0,0.0,0.0,0.0,0.0,0.0,0.0,0.04
6,5,1,4,False,8.568936540056828,0.8941948842484599,3,qUCB,0.02,0.0,0.96,0.0,0.0,0.0,0.0,0.0,0.0,0.0,0.0,0.0,0.0,0.0,0.02
6,5,1,4,False,8.568936540056828,0.8941948842484599,4,qUCB,0.0,0.02,0.88,0.0,0.04,0.0,0.0,0.0,0.04,0.0,0.0,0.0,0.0,0.0,0.02
6,6,0,5,False,8.229046088903301,0.33419120664230206,0,qUCB,0.26,0.26,0.38,0.04,0.02,0.0,0.0,0.0,0.0,0.0,0.0,0.04,0.0,0.0,0.0
6,6,0,5,False,8.229046088903301,0.33419120664230206,1,qUCB,0.0,0.0,0.96,0.0,0.0,0.0,0.0,0.0,0.0,0.0,0.0,0.04,0.0,0.0,0.0
6,6,0,5,False,8.229046088903301,0.33419120664230206,2,qUCB,0.0,0.56,0.36,0.0,0.0,0.0,0.0,0.0,0.0,0.0,0.0,0.04,0.0,0.02,0.02
6,6,0,5,False,8.229046088903301,0.33419120664230206,3,qUCB,0.06,0.48,0.4,0.04,0.0,0.0,0.0,0.0,0.0,0.0,0.0,0.0,0.0,0.0,0.02
6,6,0,5,False,8.229046088903301,0.33419120664230206,4,qUCB,0.0,0.0,0.96,0.0,0.02,0.0,0.0,0.0,0.0,0.0,0.0,0.0,0.0,0.02,0.0
7,1,5,0,False,10.12041529144564,0.44417384365716206,0,qEHVI,0.62,0.02,0.26,0.02,0.02,0.0,0.0,0.0,0.0,0.0,0.0,0.04,0.0,0.02,0.0
7,1,5,0,False,10.12041529144564,0.44417384365716206,1,qEHVI,0.42,0.02,0.46,0.04,0.02,0.0,0.0,0.0,0.0,0.0,0.0,0.0,0.0,0.04,0.0
7,1,5,0,False,10.12041529144564,0.44417384365716206,2,qEHVI,0.48,0.04,0.38,0.02,0.02,0.0,0.0,0.0,0.0,0.0,0.0,0.04,0.0,0.02,0.0
7,1,5,0,False,10.12041529144564,0.44417384365716206,3,qEHVI,0.66,0.0,0.28,0.02,0.0,0.0,0.0,0.0,0.0,0.0,0.0,0.02,0.0,0.02,0.0
7,1,5,0,False,10.12041529144564,0.44417384365716206,4,qEHVI,0.64,0.26,0.0,0.04,0.02,0.0,0.0,0.0,0.0,0.0,0.0,0.0,0.0,0.0,0.04
7,2,4,1,False,10.045148613730195,0.31312705535986485,0,qEHVI,0.62,0.02,0.26,0.02,0.02,0.0,0.0,0.0,0.0,0.0,0.0,0.04,0.0,0.02,0.0
7,2,4,1,False,10.045148613730195,0.31312705535986485,1,qEHVI,0.42,0.02,0.46,0.04,0.02,0.0,0.0,0.0,0.0,0.0,0.0,0.0,0.0,0.04,0.0
7,2,4,1,False,10.045148613730195,0.31312705535986485,2,qEHVI,0.48,0.04,0.38,0.02,0.02,0.0,0.0,0.0,0.0,0.0,0.0,0.04,0.0,0.02,0.0
7,2,4,1,False,10.045148613730195,0.31312705535986485,3,qEHVI,0.66,0.0,0.28,0.02,0.0,0.0,0.0,0.0,0.0,0.0,0.0,0.02,0.0,0.02,0.0
7,2,4,1,False,10.045148613730195,0.31312705535986485,4,qUCB,0.84,0.06,0.0,0.02,0.04,0.0,0.0,0.0,0.04,0.0,0.0,0.0,0.0,0.0,0.0
7,3,3,2,True,9.673459314669286,0.660168058633614,0,qEHVI,0.62,0.02,0.26,0.02,0.02,0.0,0.0,0.0,0.0,0.0,0.0,0.04,0.0,0.02,0.0
7,3,3,2,True,9.673459314669286,0.660168058633614,1,qEHVI,0.42,0.02,0.46,0.04,0.02,0.0,0.0,0.0,0.0,0.0,0.0,0.0,0.0,0.04,0.0
7,3,3,2,True,9.673459314669286,0.660168058633614,2,qEHVI,0.48,0.04,0.38,0.02,0.02,0.0,0.0,0.0,0.0,0.0,0.0,0.04,0.0,0.02,0.0
7,3,3,2,True,9.673459314669286,0.660168058633614,3,qUCB,0.8200000000000001,0.06,0.02,0.04,0.02,0.0,0.0,0.0,0.0,0.0,0.0,0.0,0.0,0.0,0.04
7,3,3,2,True,9.673459314669286,0.660168058633614,4,qUCB,0.9,0.02,0.0,0.0,0.04,0.0,0.0,0.0,0.04,0.0,0.0,0.0,0.0,0.0,0.0
7,4,2,3,False,7.844279981431685,0.28145159023393695,0,qEHVI,0.62,0.02,0.26,0.02,0.02,0.0,0.0,0.0,0.0,0.0,0.0,0.04,0.0,0.02,0.0
7,4,2,3,False,7.844279981431685,0.28145159023393695,1,qEHVI,0.42,0.02,0.46,0.04,0.02,0.0,0.0,0.0,0.0,0.0,0.0,0.0,0.0,0.04,0.0
7,4,2,3,False,7.844279981431685,0.28145159023393695,2,qUCB,0.8200000000000001,0.06,0.02,0.04,0.02,0.0,0.0,0.0,0.0,0.0,0.0,0.0,0.0,0.0,0.04
7,4,2,3,False,7.844279981431685,0.28145159023393695,3,qUCB,0.9,0.02,0.0,0.0,0.04,0.0,0.0,0.0,0.04,0.0,0.0,0.0,0.0,0.0,0.0
7,4,2,3,False,7.844279981431685,0.28145159023393695,4,qUCB,0.0,0.88,0.02,0.0,0.0,0.0,0.0,0.0,0.04,0.0,0.0,0.02,0.0,0.0,0.04
7,5,1,4,False,5.363248320913603,0.46507377209537815,0,qEHVI,0.62,0.02,0.26,0.02,0.02,0.0,0.0,0.0,0.0,0.0,0.0,0.04,0.0,0.02,0.0
7,5,1,4,False,5.363248320913603,0.46507377209537815,1,qUCB,0.8200000000000001,0.06,0.02,0.04,0.02,0.0,0.0,0.0,0.0,0.0,0.0,0.0,0.0,0.0,0.04
7,5,1,4,False,5.363248320913603,0.46507377209537815,2,qUCB,0.9,0.02,0.0,0.0,0.04,0.0,0.0,0.0,0.04,0.0,0.0,0.0,0.0,0.0,0.0
7,5,1,4,False,5.363248320913603,0.46507377209537815,3,qUCB,0.0,0.88,0.02,0.0,0.0,0.0,0.0,0.0,0.04,0.0,0.0,0.02,0.0,0.0,0.04
7,5,1,4,False,5.363248320913603,0.46507377209537815,4,qUCB,0.5,0.3,0.1,0.0,0.02,0.0,0.0,0.0,0.04,0.0,0.0,0.0,0.0,0.0,0.04
7,6,0,5,False,5.826388417018035,0.35661441743018507,0,qUCB,0.54,0.0,0.36,0.0,0.02,0.0,0.0,0.0,0.0,0.0,0.0,0.04,0.0,0.02,0.02
7,6,0,5,False,5.826388417018035,0.35661441743018507,1,qUCB,0.8,0.12,0.0,0.04,0.02,0.0,0.0,0.0,0.0,0.0,0.0,0.0,0.0,0.0,0.02
7,6,0,5,False,5.826388417018035,0.35661441743018507,2,qUCB,0.9,0.02,0.0,0.0,0.04,0.0,0.0,0.0,0.04,0.0,0.0,0.0,0.0,0.0,0.0
7,6,0,5,False,5.826388417018035,0.35661441743018507,3,qUCB,0.02,0.02,0.86,0.04,0.04,0.0,0.0,0.0,0.0,0.0,0.0,0.02,0.0,0.0,0.0
7,6,0,5,False,5.826388417018035,0.35661441743018507,4,qUCB,0.8200000000000001,0.06,0.02,0.0,0.04,0.0,0.0,0.0,0.0,0.0,0.0,0.0,0.0,0.04,0.02
8,1,5,0,False,7.061417516285408,1.0523960102517873,0,qEHVI,0.58,0.04,0.3,0.0,0.0,0.0,0.0,0.0,0.0,0.0,0.0,0.04,0.0,0.0,0.04
8,1,5,0,False,7.061417516285408,1.0523960102517873,1,qEHVI,0.24,0.26,0.4,0.0,0.02,0.0,0.0,0.0,0.04,0.0,0.0,0.04,0.0,0.0,0.0
8,1,5,0,False,7.061417516285408,1.0523960102517873,2,qEHVI,0.48,0.04,0.4,0.0,0.02,0.0,0.0,0.0,0.0,0.0,0.0,0.0,0.0,0.04,0.02
8,1,5,0,False,7.061417516285408,1.0523960102517873,3,qEHVI,0.44,0.14,0.34,0.0,0.0,0.0,0.0,0.0,0.0,0.0,0.0,0.04,0.0,0.0,0.04
8,1,5,0,False,7.061417516285408,1.0523960102517873,4,qEHVI,0.62,0.04,0.26,0.0,0.0,0.0,0.0,0.0,0.0,0.0,0.0,0.04,0.0,0.02,0.02
8,2,4,1,False,6.431812603539327,0.6134020798139401,0,qEHVI,0.58,0.04,0.3,0.0,0.0,0.0,0.0,0.0,0.0,0.0,0.0,0.04,0.0,0.0,0.04
8,2,4,1,False,6.431812603539327,0.6134020798139401,1,qEHVI,0.24,0.26,0.4,0.0,0.02,0.0,0.0,0.0,0.04,0.0,0.0,0.04,0.0,0.0,0.0
8,2,4,1,False,6.431812603539327,0.6134020798139401,2,qEHVI,0.42,0.1,0.4,0.0,0.04,0.0,0.0,0.0,0.0,0.0,0.0,0.0,0.0,0.0,0.04
8,2,4,1,False,6.431812603539327,0.6134020798139401,3,qEHVI,0.48,0.1,0.32,0.0,0.0,0.0,0.0,0.0,0.0,0.0,0.0,0.04,0.0,0.02,0.04
8,2,4,1,False,6.431812603539327,0.6134020798139401,4,qUCB,0.44,0.46,0.0,0.04,0.0,0.0,0.0,0.0,0.02,0.0,0.0,0.0,0.0,0.04,0.0
8,3,3,2,True,6.451325783459208,1.054434141610054,0,qEHVI,0.58,0.04,0.3,0.0,0.0,0.0,0.0,0.0,0.0,0.0,0.0,0.04,0.0,0.0,0.04
8,3,3,2,True,6.451325783459208,1.054434141610054,1,qEHVI,0.24,0.26,0.4,0.0,0.02,0.0,0.0,0.0,0.04,0.0,0.0,0.04,0.0,0.0,0.0
8,3,3,2,True,6.451325783459208,1.054434141610054,2,qEHVI,0.48,0.04,0.4,0.0,0.02,0.0,0.0,0.0,0.0,0.0,0.0,0.0,0.0,0.04,0.02
8,3,3,2,True,6.451325783459208,1.054434141610054,3,qUCB,0.0,0.78,0.12,0.04,0.04,0.0,0.0,0.0,0.0,0.0,0.0,0.0,0.0,0.0,0.02
8,3,3,2,True,6.451325783459208,1.054434141610054,4,qUCB,0.34,0.54,0.02,0.0,0.0,0.0,0.0,0.0,0.04,0.0,0.0,0.0,0.0,0.02,0.04
8,4,2,3,False,5.493123322007462,0.34171155315430823,0,qEHVI,0.58,0.04,0.3,0.0,0.0,0.0,0.0,0.0,0.0,0.0,0.0,0.04,0.0,0.0,0.04
8,4,2,3,False,5.493123322007462,0.34171155315430823,1,qEHVI,0.42,0.1,0.4,0.0,0.04,0.0,0.0,0.0,0.0,0.0,0.0,0.0,0.0,0.0,0.04
8,4,2,3,False,5.493123322007462,0.34171155315430823,2,qUCB,0.48,0.4,0.02,0.02,0.0,0.0,0.0,0.0,0.04,0.0,0.0,0.0,0.0,0.04,0.0
8,4,2,3,False,5.493123322007462,0.34171155315430823,3,qUCB,0.0,0.74,0.16,0.04,0.0,0.0,0.0,0.0,0.0,0.0,0.0,0.02,0.0,0.04,0.0
8,4,2,3,False,5.493123322007462,0.34171155315430823,4,qUCB,0.04,0.16,0.72,0.0,0.0,0.0,0.0,0.0,0.04,0.0,0.0,0.0,0.0,0.04,0.0
8,5,1,4,False,4.3668871970279195,0.2227036573808583,0,qEHVI,0.58,0.04,0.3,0.0,0.0,0.0,0.0,0.0,0.0,0.0,0.0,0.04,0.0,0.0,0.04
8,5,1,4,False,4.3668871970279195,0.2227036573808583,1,qUCB,0.48,0.4,0.02,0.02,0.0,0.0,0.0,0.0,0.04,0.0,0.0,0.0,0.0,0.04,0.0
8,5,1,4,False,4.3668871970279195,0.2227036573808583,2,qUCB,0.08,0.68,0.14,0.04,0.04,0.0,0.0,0.0,0.0,0.0,0.0,0.0,0.0,0.02,0.0
8,5,1,4,False,4.3668871970279195,0.2227036573808583,3,qUCB,0.04,0.1,0.76,0.0,0.04,0.0,0.0,0.0,0.04,0.0,0.0,0.0,0.0,0.02,0.0
8,5,1,4,False,4.3668871970279195,0.2227036573808583,4,qUCB,0.16,0.64,0.1,0.0,0.02,0.0,0.0,0.0,0.04,0.0,0.0,0.0,0.0,0.04,0.0
8,6,0,5,False,3.162362847353037,0.0980646168589665,0,qUCB,0.4,0.5,0.0,0.02,0.0,0.0,0.0,0.0,0.04,0.0,0.0,0.04,0.0,0.0,0.0
8,6,0,5,False,3.162362847353037,0.0980646168589665,1,qUCB,0.3,0.52,0.08,0.0,0.04,0.0,0.0,0.0,0.0,0.0,0.0,0.04,0.0,0.02,0.0
8,6,0,5,False,3.162362847353037,0.0980646168589665,2,qUCB,0.0,0.24,0.74,0.0,0.02,0.0,0.0,0.0,0.0,0.0,0.0,0.0,0.0,0.0,0.0
8,6,0,5,False,3.162362847353037,0.0980646168589665,3,qUCB,0.04,0.7000000000000001,0.18,0.04,0.0,0.0,0.0,0.0,0.0,0.0,0.0,0.04,0.0,0.0,0.0
8,6,0,5,False,3.162362847353037,0.0980646168589665,4,qUCB,0.0,0.78,0.12,0.04,0.04,0.0,0.0,0.0,0.0,0.0,0.0,0.0,0.0,0.0,0.02
9,1,5,0,False,6.363150492371959,0.49317453133757283,0,qEHVI,0.0,0.6,0.32,0.0,0.02,0.0,0.0,0.0,0.02,0.0,0.0,0.0,0.0,0.0,0.04
9,1,5,0,False,6.363150492371959,0.49317453133757283,1,qEHVI,0.64,0.0,0.26,0.0,0.02,0.0,0.0,0.0,0.0,0.0,0.0,0.04,0.0,0.02,0.02
9,1,5,0,False,6.363150492371959,0.49317453133757283,2,qEHVI,0.38,0.16,0.36,0.04,0.0,0.0,0.0,0.0,0.0,0.0,0.0,0.04,0.0,0.02,0.0
9,1,5,0,False,6.363150492371959,0.49317453133757283,3,qEHVI,0.72,0.0,0.22,0.0,0.02,0.0,0.0,0.0,0.0,0.0,0.0,0.04,0.0,0.0,0.0
9,1,5,0,False,6.363150492371959,0.49317453133757283,4,qEHVI,0.0,0.64,0.32,0.02,0.0,0.0,0.0,0.0,0.0,0.0,0.0,0.02,0.0,0.0,0.0
9,2,4,1,False,6.115150071533729,0.46776650207518244,0,qEHVI,0.0,0.6,0.32,0.0,0.02,0.0,0.0,0.0,0.02,0.0,0.0,0.0,0.0,0.0,0.04
9,2,4,1,False,6.115150071533729,0.46776650207518244,1,qEHVI,0.64,0.0,0.26,0.0,0.02,0.0,0.0,0.0,0.0,0.0,0.0,0.04,0.0,0.02,0.02
9,2,4,1,False,6.115150071533729,0.46776650207518244,2,qEHVI,0.38,0.16,0.36,0.04,0.0,0.0,0.0,0.0,0.0,0.0,0.0,0.04,0.0,0.02,0.0
9,2,4,1,False,6.115150071533729,0.46776650207518244,3,qEHVI,0.72,0.0,0.22,0.0,0.02,0.0,0.0,0.0,0.0,0.0,0.0,0.04,0.0,0.0,0.0
9,2,4,1,False,6.115150071533729,0.46776650207518244,4,qUCB,0.68,0.02,0.22,0.0,0.0,0.0,0.0,0.0,0.04,0.0,0.0,0.0,0.0,0.04,0.0
9,3,3,2,True,5.989359133878999,0.9529305078260215,0,qEHVI,0.0,0.6,0.32,0.0,0.02,0.0,0.0,0.0,0.02,0.0,0.0,0.0,0.0,0.0,0.04
9,3,3,2,True,5.989359133878999,0.9529305078260215,1,qEHVI,0.64,0.0,0.26,0.0,0.02,0.0,0.0,0.0,0.0,0.0,0.0,0.04,0.0,0.02,0.02
9,3,3,2,True,5.989359133878999,0.9529305078260215,2,qEHVI,0.38,0.16,0.36,0.04,0.0,0.0,0.0,0.0,0.0,0.0,0.0,0.04,0.0,0.02,0.0
9,3,3,2,True,5.989359133878999,0.9529305078260215,3,qUCB,0.68,0.02,0.22,0.0,0.0,0.0,0.0,0.0,0.04,0.0,0.0,0.0,0.0,0.04,0.0
9,3,3,2,True,5.989359133878999,0.9529305078260215,4,qUCB,0.0,0.2,0.72,0.0,0.0,0.0,0.0,0.0,0.04,0.0,0.0,0.0,0.0,0.04,0.0
9,4,2,3,False,6.082383712447387,0.06344801466673822,0,qEHVI,0.0,0.6,0.32,0.0,0.02,0.0,0.0,0.0,0.02,0.0,0.0,0.0,0.0,0.0,0.04
9,4,2,3,False,6.082383712447387,0.06344801466673822,1,qEHVI,0.64,0.0,0.26,0.0,0.02,0.0,0.0,0.0,0.0,0.0,0.0,0.04,0.0,0.02,0.02
9,4,2,3,False,6.082383712447387,0.06344801466673822,2,qUCB,0.68,0.02,0.22,0.0,0.0,0.0,0.0,0.0,0.04,0.0,0.0,0.0,0.0,0.04,0.0
9,4,2,3,False,6.082383712447387,0.06344801466673822,3,qUCB,0.02,0.56,0.32,0.04,0.0,0.0,0.0,0.0,0.02,0.0,0.0,0.0,0.0,0.04,0.0
9,4,2,3,False,6.082383712447387,0.06344801466673822,4,qUCB,0.0,0.2,0.72,0.0,0.0,0.0,0.0,0.0,0.04,0.0,0.0,0.0,0.0,0.04,0.0
9,5,1,4,False,5.435280994663659,0.4584274329487794,0,qEHVI,0.0,0.6,0.32,0.0,0.02,0.0,0.0,0.0,0.02,0.0,0.0,0.0,0.0,0.0,0.04
9,5,1,4,False,5.435280994663659,0.4584274329487794,1,qUCB,0.68,0.0,0.22,0.0,0.0,0.0,0.0,0.0,0.04,0.0,0.0,0.02,0.0,0.04,0.0
9,5,1,4,False,5.435280994663659,0.4584274329487794,2,qUCB,0.1,0.06,0.74,0.0,0.0,0.0,0.0,0.0,0.02,0.0,0.0,0.04,0.0,0.04,0.0
9,5,1,4,False,5.435280994663659,0.4584274329487794,3,qUCB,0.02,0.56,0.32,0.04,0.0,0.0,0.0,0.0,0.02,0.0,0.0,0.0,0.0,0.04,0.0
9,5,1,4,False,5.435280994663659,0.4584274329487794,4,qUCB,0.02,0.56,0.32,0.0,0.0,0.0,0.0,0.0,0.02,0.0,0.0,0.04,0.0,0.04,0.0
9,6,0,5,False,5.527042257334829,0.32417774955535705,0,qUCB,0.72,0.0,0.22,0.0,0.02,0.0,0.0,0.0,0.0,0.0,0.0,0.04,0.0,0.0,0.0
9,6,0,5,False,5.527042257334829,0.32417774955535705,1,qUCB,0.0,0.64,0.32,0.02,0.0,0.0,0.0,0.0,0.0,0.0,0.0,0.02,0.0,0.0,0.0
9,6,0,5,False,5.527042257334829,0.32417774955535705,2,qUCB,0.04,0.22,0.74,0.0,0.0,0.0,0.0,0.0,0.0,0.0,0.0,0.0,0.0,0.0,0.0
9,6,0,5,False,5.527042257334829,0.32417774955535705,3,qUCB,0.0,0.62,0.28,0.04,0.0,0.0,0.0,0.0,0.04,0.0,0.0,0.0,0.0,0.0,0.02
9,6,0,5,False,5.527042257334829,0.32417774955535705,4,qUCB,0.0,0.64,0.3,0.0,0.02,0.0,0.0,0.0,0.0,0.0,0.0,0.04,0.0,0.0,0.0
10,1,5,0,False,10.92674271143123,0.13799614600638876,0,qEHVI,0.56,0.02,0.32,0.04,0.0,0.0,0.0,0.0,0.02,0.0,0.0,0.04,0.0,0.0,0.0
10,1,5,0,False,10.92674271143123,0.13799614600638876,1,qEHVI,0.5,0.04,0.36,0.04,0.0,0.0,0.0,0.0,0.0,0.0,0.0,0.04,0.0,0.02,0.0
10,1,5,0,False,10.92674271143123,0.13799614600638876,2,qEHVI,0.52,0.0,0.4,0.04,0.0,0.0,0.0,0.0,0.0,0.0,0.0,0.02,0.0,0.0,0.02
10,1,5,0,False,10.92674271143123,0.13799614600638876,3,qEHVI,0.6,0.0,0.3,0.02,0.0,0.0,0.0,0.0,0.04,0.0,0.0,0.02,0.0,0.0,0.02
10,1,5,0,False,10.92674271143123,0.13799614600638876,4,qEHVI,0.5,0.0,0.42,0.04,0.0,0.0,0.0,0.0,0.0,0.0,0.0,0.04,0.0,0.0,0.0
10,2,4,1,True,10.649612274636473,0.1930136835853915,0,qEHVI,0.56,0.02,0.32,0.04,0.0,0.0,0.0,0.0,0.02,0.0,0.0,0.04,0.0,0.0,0.0
10,2,4,1,True,10.649612274636473,0.1930136835853915,1,qEHVI,0.5,0.04,0.36,0.04,0.0,0.0,0.0,0.0,0.0,0.0,0.0,0.04,0.0,0.02,0.0
10,2,4,1,True,10.649612274636473,0.1930136835853915,2,qEHVI,0.52,0.0,0.4,0.04,0.0,0.0,0.0,0.0,0.0,0.0,0.0,0.02,0.0,0.0,0.02
10,2,4,1,True,10.649612274636473,0.1930136835853915,3,qEHVI,0.6,0.0,0.3,0.02,0.0,0.0,0.0,0.0,0.04,0.0,0.0,0.02,0.0,0.0,0.02
10,2,4,1,True,10.649612274636473,0.1930136835853915,4,qUCB,0.0,0.78,0.14,0.0,0.04,0.0,0.0,0.0,0.0,0.0,0.0,0.04,0.0,0.0,0.0
10,3,3,2,False,9.730724054074358,0.16090244562087186,0,qEHVI,0.56,0.02,0.32,0.04,0.0,0.0,0.0,0.0,0.02,0.0,0.0,0.04,0.0,0.0,0.0
10,3,3,2,False,9.730724054074358,0.16090244562087186,1,qEHVI,0.5,0.04,0.36,0.04,0.0,0.0,0.0,0.0,0.0,0.0,0.0,0.04,0.0,0.02,0.0
10,3,3,2,False,9.730724054074358,0.16090244562087186,2,qEHVI,0.52,0.0,0.4,0.04,0.0,0.0,0.0,0.0,0.0,0.0,0.0,0.02,0.0,0.0,0.02
10,3,3,2,False,9.730724054074358,0.16090244562087186,3,qUCB,0.0,0.78,0.14,0.0,0.04,0.0,0.0,0.0,0.0,0.0,0.0,0.04,0.0,0.0,0.0
10,3,3,2,False,9.730724054074358,0.16090244562087186,4,qUCB,0.12,0.78,0.0,0.0,0.04,0.0,0.0,0.0,0.0,0.0,0.0,0.04,0.0,0.0,0.02
10,4,2,3,False,8.352622855168011,0.04411214587516277,0,qEHVI,0.56,0.02,0.32,0.04,0.0,0.0,0.0,0.0,0.02,0.0,0.0,0.04,0.0,0.0,0.0
10,4,2,3,False,8.352622855168011,0.04411214587516277,1,qEHVI,0.5,0.04,0.36,0.04,0.0,0.0,0.0,0.0,0.0,0.0,0.0,0.04,0.0,0.02,0.0
10,4,2,3,False,8.352622855168011,0.04411214587516277,2,qUCB,0.4,0.12,0.4,0.0,0.04,0.0,0.0,0.0,0.0,0.0,0.0,0.0,0.0,0.0,0.04
10,4,2,3,False,8.352622855168011,0.04411214587516277,3,qUCB,0.0,0.78,0.14,0.0,0.04,0.0,0.0,0.0,0.0,0.0,0.0,0.04,0.0,0.0,0.0
10,4,2,3,False,8.352622855168011,0.04411214587516277,4,qUCB,0.02,0.06,0.8200000000000001,0.0,0.02,0.0,0.0,0.0,0.0,0.0,0.0,0.04,0.0,0.0,0.04
10,5,1,4,False,6.696964089197274,0.4263515594006613,0,qEHVI,0.56,0.02,0.32,0.04,0.0,0.0,0.0,0.0,0.02,0.0,0.0,0.04,0.0,0.0,0.0
10,5,1,4,False,6.696964089197274,0.4263515594006613,1,qUCB,0.54,0.0,0.38,0.0,0.0,0.0,0.0,0.0,0.0,0.0,0.0,0.0,0.0,0.04,0.04
10,5,1,4,False,6.696964089197274,0.4263515594006613,2,qUCB,0.0,0.78,0.12,0.0,0.0,0.0,0.0,0.0,0.0,0.0,0.0,0.04,0.0,0.02,0.04
10,5,1,4,False,6.696964089197274,0.4263515594006613,3,qUCB,0.02,0.06,0.8200000000000001,0.0,0.02,0.0,0.0,0.0,0.0,0.0,0.0,0.04,0.0,0.0,0.04
10,5,1,4,False,6.696964089197274,0.4263515594006613,4,qUCB,0.0,0.2,0.7000000000000001,0.0,0.0,0.0,0.0,0.0,0.0,0.0,0.0,0.04,0.0,0.02,0.04
10,6,0,5,False,7.472575739000793,0.3039485641224253,0,qUCB,0.56,0.02,0.32,0.04,0.0,0.0,0.0,0.0,0.02,0.0,0.0,0.04,0.0,0.0,0.0
10,6,0,5,False,7.472575739000793,0.3039485641224253,1,qUCB,0.28,0.5,0.14,0.04,0.0,0.0,0.0,0.0,0.0,0.0,0.0,0.04,0.0,0.0,0.0
10,6,0,5,False,7.472575739000793,0.3039485641224253,2,qUCB,0.0,0.28,0.62,0.04,0.0,0.0,0.0,0.0,0.0,0.0,0.0,0.04,0.0,0.0,0.02
10,6,0,5,False,7.472575739000793,0.3039485641224253,3,qUCB,0.3,0.52,0.08,0.02,0.04,0.0,0.0,0.0,0.0,0.0,0.0,0.04,0.0,0.0,0.0
10,6,0,5,False,7.472575739000793,0.3039485641224253,4,qUCB,0.18,0.0,0.78,0.0,0.0,0.0,0.0,0.0,0.0,0.0,0.0,0.04,0.0,0.0,0.0
11,1,5,0,False,2.530517752963136,0.20702771930699715,0,qEHVI,0.46,0.0,0.48,0.02,0.02,0.0,0.0,0.0,0.0,0.0,0.0,0.02,0.0,0.0,0.0
11,1,5,0,False,2.530517752963136,0.20702771930699715,1,qEHVI,0.44,0.2,0.26,0.04,0.0,0.0,0.0,0.0,0.0,0.0,0.0,0.02,0.0,0.04,0.0
11,1,5,0,False,2.530517752963136,0.20702771930699715,2,qEHVI,0.6,0.02,0.3,0.02,0.0,0.0,0.0,0.0,0.0,0.0,0.0,0.04,0.0,0.0,0.02
11,1,5,0,False,2.530517752963136,0.20702771930699715,3,qEHVI,0.48,0.0,0.44,0.04,0.0,0.0,0.0,0.0,0.0,0.0,0.0,0.02,0.0,0.02,0.0
11,1,5,0,False,2.530517752963136,0.20702771930699715,4,qEHVI,0.54,0.18,0.2,0.04,0.0,0.0,0.0,0.0,0.0,0.0,0.0,0.04,0.0,0.0,0.0
11,2,4,1,False,2.2487508105661385,0.2526170237002905,0,qEHVI,0.46,0.0,0.48,0.02,0.02,0.0,0.0,0.0,0.0,0.0,0.0,0.02,0.0,0.0,0.0
11,2,4,1,False,2.2487508105661385,0.2526170237002905,1,qEHVI,0.44,0.2,0.26,0.04,0.0,0.0,0.0,0.0,0.0,0.0,0.0,0.02,0.0,0.04,0.0
11,2,4,1,False,2.2487508105661385,0.2526170237002905,2,qEHVI,0.6,0.02,0.3,0.02,0.0,0.0,0.0,0.0,0.0,0.0,0.0,0.04,0.0,0.0,0.02
11,2,4,1,False,2.2487508105661385,0.2526170237002905,3,qEHVI,0.48,0.0,0.44,0.04,0.0,0.0,0.0,0.0,0.0,0.0,0.0,0.02,0.0,0.02,0.0
11,2,4,1,False,2.2487508105661385,0.2526170237002905,4,qUCB,0.48,0.0,0.42,0.0,0.02,0.0,0.0,0.0,0.04,0.0,0.0,0.0,0.0,0.0,0.04
11,3,3,2,False,1.9846101088535109,0.21681000103709386,0,qEHVI,0.46,0.0,0.48,0.02,0.02,0.0,0.0,0.0,0.0,0.0,0.0,0.02,0.0,0.0,0.0
11,3,3,2,False,1.9846101088535109,0.21681000103709386,1,qEHVI,0.44,0.2,0.26,0.04,0.0,0.0,0.0,0.0,0.0,0.0,0.0,0.02,0.0,0.04,0.0
11,3,3,2,False,1.9846101088535109,0.21681000103709386,2,qEHVI,0.6,0.02,0.3,0.02,0.0,0.0,0.0,0.0,0.0,0.0,0.0,0.04,0.0,0.0,0.02
11,3,3,2,False,1.9846101088535109,0.21681000103709386,3,qUCB,0.48,0.42,0.0,0.04,0.0,0.0,0.0,0.0,0.04,0.0,0.0,0.0,0.0,0.0,0.02
11,3,3,2,False,1.9846101088535109,0.21681000103709386,4,qUCB,0.26,0.44,0.2,0.04,0.0,0.0,0.0,0.0,0.04,0.0,0.0,0.0,0.0,0.0,0.02
11,4,2,3,True,1.8142296389085764,0.31087135186053216,0,qEHVI,0.46,0.0,0.48,0.02,0.02,0.0,0.0,0.0,0.0,0.0,0.0,0.02,0.0,0.0,0.0
11,4,2,3,True,1.8142296389085764,0.31087135186053216,1,qEHVI,0.44,0.2,0.26,0.04,0.0,0.0,0.0,0.0,0.0,0.0,0.0,0.02,0.0,0.04,0.0
11,4,2,3,True,1.8142296389085764,0.31087135186053216,2,qUCB,0.4,0.34,0.16,0.04,0.0,0.0,0.0,0.0,0.02,0.0,0.0,0.0,0.0,0.0,0.04
11,4,2,3,True,1.8142296389085764,0.31087135186053216,3,qUCB,0.48,0.42,0.0,0.04,0.0,0.0,0.0,0.0,0.04,0.0,0.0,0.0,0.0,0.0,0.02
11,4,2,3,True,1.8142296389085764,0.31087135186053216,4,qUCB,0.62,0.2,0.08,0.0,0.0,0.0,0.0,0.0,0.04,0.0,0.0,0.0,0.0,0.02,0.04
11,5,1,4,False,1.3768074846851637,0.662236952520721,0,qEHVI,0.46,0.0,0.48,0.02,0.02,0.0,0.0,0.0,0.0,0.0,0.0,0.02,0.0,0.0,0.0
11,5,1,4,False,1.3768074846851637,0.662236952520721,1,qUCB,0.34,0.34,0.22,0.04,0.0,0.0,0.0,0.0,0.02,0.0,0.0,0.0,0.0,0.04,0.0
11,5,1,4,False,1.3768074846851637,0.662236952520721,2,qUCB,0.64,0.28,0.0,0.0,0.0,0.0,0.0,0.0,0.0,0.0,0.0,0.0,0.0,0.04,0.04
11,5,1,4,False,1.3768074846851637,0.662236952520721,3,qUCB,0.38,0.32,0.2,0.0,0.0,0.0,0.0,0.0,0.04,0.0,0.0,0.0,0.0,0.04,0.02
11,5,1,4,False,1.3768074846851637,0.662236952520721,4,qUCB,0.48,0.42,0.0,0.04,0.0,0.0,0.0,0.0,0.04,0.0,0.0,0.0,0.0,0.0,0.02
11,6,0,5,False,1.527408314147909,0.8524873381814633,0,qUCB,0.52,0.0,0.42,0.0,0.0,0.0,0.0,0.0,0.0,0.0,0.0,0.04,0.0,0.02,0.0
11,6,0,5,False,1.527408314147909,0.8524873381814633,1,qUCB,0.4,0.36,0.14,0.04,0.0,0.0,0.0,0.0,0.0,0.0,0.0,0.04,0.0,0.02,0.0
11,6,0,5,False,1.527408314147909,0.8524873381814633,2,qUCB,0.56,0.36,0.0,0.0,0.02,0.0,0.0,0.0,0.02,0.0,0.0,0.04,0.0,0.0,0.0
11,6,0,5,False,1.527408314147909,0.8524873381814633,3,qUCB,0.36,0.28,0.26,0.04,0.04,0.0,0.0,0.0,0.02,0.0,0.0,0.0,0.0,0.0,0.0
11,6,0,5,False,1.527408314147909,0.8524873381814633,4,qUCB,0.4,0.34,0.18,0.0,0.0,0.0,0.0,0.0,0.0,0.0,0.0,0.04,0.0,0.04,0.0
12,1,5,0,False,1.868073918478537,0.32883456264063327,0,qEHVI,0.46,0.0,0.44,0.02,0.02,0.0,0.0,0.0,0.0,0.0,0.0,0.02,0.0,0.02,0.02
12,1,5,0,False,1.868073918478537,0.32883456264063327,1,qEHVI,0.58,0.0,0.32,0.04,0.0,0.0,0.0,0.0,0.02,0.0,0.0,0.04,0.0,0.0,0.0
12,1,5,0,False,1.868073918478537,0.32883456264063327,2,qEHVI,0.54,0.24,0.14,0.0,0.0,0.0,0.0,0.0,0.0,0.0,0.0,0.04,0.0,0.04,0.0
12,1,5,0,False,1.868073918478537,0.32883456264063327,3,qEHVI,0.56,0.06,0.28,0.04,0.0,0.0,0.0,0.0,0.02,0.0,0.0,0.04,0.0,0.0,0.0
12,1,5,0,False,1.868073918478537,0.32883456264063327,4,qEHVI,0.5,0.0,0.4,0.04,0.02,0.0,0.0,0.0,0.0,0.0,0.0,0.02,0.0,0.02,0.0
12,2,4,1,True,1.680268860956438,0.43909359060143816,0,qEHVI,0.46,0.0,0.44,0.02,0.02,0.0,0.0,0.0,0.0,0.0,0.0,0.02,0.0,0.02,0.02
12,2,4,1,True,1.680268860956438,0.43909359060143816,1,qEHVI,0.58,0.0,0.32,0.04,0.0,0.0,0.0,0.0,0.02,0.0,0.0,0.04,0.0,0.0,0.0
12,2,4,1,True,1.680268860956438,0.43909359060143816,2,qEHVI,0.54,0.24,0.14,0.0,0.0,0.0,0.0,0.0,0.0,0.0,0.0,0.04,0.0,0.04,0.0
12,2,4,1,True,1.680268860956438,0.43909359060143816,3,qEHVI,0.56,0.06,0.28,0.04,0.0,0.0,0.0,0.0,0.02,0.0,0.0,0.04,0.0,0.0,0.0
12,2,4,1,True,1.680268860956438,0.43909359060143816,4,qUCB,0.4,0.38,0.14,0.0,0.04,0.0,0.0,0.0,0.04,0.0,0.0,0.0,0.0,0.0,0.0
12,3,3,2,False,1.4259888945032269,0.6628776706318646,0,qEHVI,0.46,0.0,0.44,0.02,0.02,0.0,0.0,0.0,0.0,0.0,0.0,0.02,0.0,0.02,0.02
12,3,3,2,False,1.4259888945032269,0.6628776706318646,1,qEHVI,0.58,0.0,0.32,0.04,0.0,0.0,0.0,0.0,0.02,0.0,0.0,0.04,0.0,0.0,0.0
12,3,3,2,False,1.4259888945032269,0.6628776706318646,2,qEHVI,0.54,0.24,0.14,0.0,0.0,0.0,0.0,0.0,0.0,0.0,0.0,0.04,0.0,0.04,0.0
12,3,3,2,False,1.4259888945032269,0.6628776706318646,3,qUCB,0.4,0.38,0.14,0.0,0.04,0.0,0.0,0.0,0.04,0.0,0.0,0.0,0.0,0.0,0.0
12,3,3,2,False,1.4259888945032269,0.6628776706318646,4,qUCB,0.66,0.14,0.12,0.0,0.04,0.0,0.0,0.0,0.04,0.0,0.0,0.0,0.0,0.0,0.0
12,4,2,3,False,1.217524886144581,0.7821883166513404,0,qEHVI,0.46,0.0,0.44,0.02,0.02,0.0,0.0,0.0,0.0,0.0,0.0,0.02,0.0,0.02,0.02
12,4,2,3,False,1.217524886144581,0.7821883166513404,1,qEHVI,0.58,0.0,0.32,0.04,0.0,0.0,0.0,0.0,0.02,0.0,0.0,0.04,0.0,0.0,0.0
12,4,2,3,False,1.217524886144581,0.7821883166513404,2,qUCB,0.4,0.38,0.14,0.0,0.04,0.0,0.0,0.0,0.04,0.0,0.0,0.0,0.0,0.0,0.0
12,4,2,3,False,1.217524886144581,0.7821883166513404,3,qUCB,0.8,0.0,0.12,0.0,0.0,0.0,0.0,0.0,0.04,0.0,0.0,0.0,0.0,0.04,0.0
12,4,2,3,False,1.217524886144581,0.7821883166513404,4,qUCB,0.38,0.36,0.18,0.0,0.0,0.0,0.0,0.0,0.04,0.0,0.0,0.0,0.0,0.04,0.0
12,5,1,4,False,1.1276803864054141,1.0368330603407827,0,qEHVI,0.46,0.0,0.44,0.02,0.02,0.0,0.0,0.0,0.0,0.0,0.0,0.02,0.0,0.02,0.02
12,5,1,4,False,1.1276803864054141,1.0368330603407827,1,qUCB,0.4,0.38,0.14,0.0,0.04,0.0,0.0,0.0,0.04,0.0,0.0,0.0,0.0,0.0,0.0
12,5,1,4,False,1.1276803864054141,1.0368330603407827,2,qUCB,0.58,0.2,0.12,0.0,0.0,0.0,0.0,0.0,0.04,0.0,0.0,0.04,0.0,0.02,0.0
12,5,1,4,False,1.1276803864054141,1.0368330603407827,3,qUCB,0.36,0.36,0.2,0.0,0.0,0.0,0.0,0.0,0.04,0.0,0.0,0.04,0.0,0.0,0.0
12,5,1,4,False,1.1276803864054141,1.0368330603407827,4,qUCB,0.28,0.48,0.16,0.04,0.0,0.0,0.0,0.0,0.04,0.0,0.0,0.0,0.0,0.0,0.0
12,6,0,5,False,1.0580067090479925,0.826702856787934,0,qUCB,0.54,0.0,0.36,0.04,0.0,0.0,0.0,0.0,0.0,0.0,0.0,0.04,0.0,0.0,0.02
12,6,0,5,False,1.0580067090479925,0.826702856787934,1,qUCB,0.52,0.24,0.14,0.0,0.04,0.0,0.0,0.0,0.0,0.0,0.0,0.04,0.0,0.02,0.0
12,6,0,5,False,1.0580067090479925,0.826702856787934,2,qUCB,0.46,0.32,0.14,0.02,0.0,0.0,0.0,0.0,0.0,0.0,0.0,0.04,0.0,0.0,0.02
12,6,0,5,False,1.0580067090479925,0.826702856787934,3,qUCB,0.8,0.02,0.14,0.0,0.0,0.0,0.0,0.0,0.0,0.0,0.0,0.04,0.0,0.0,0.0
12,6,0,5,False,1.0580067090479925,0.826702856787934,4,qUCB,0.32,0.42,0.16,0.04,0.02,0.0,0.0,0.0,0.0,0.0,0.0,0.04,0.0,0.0,0.0
13,1,5,0,False,1.1882242744643359,0.32144058510466333,0,qEHVI,0.5,0.0,0.4,0.02,0.0,0.0,0.0,0.0,0.0,0.0,0.0,0.04,0.0,0.02,0.02
13,1,5,0,False,1.1882242744643359,0.32144058510466333,1,qEHVI,0.56,0.02,0.32,0.04,0.0,0.0,0.0,0.0,0.0,0.0,0.0,0.02,0.0,0.04,0.0
13,1,5,0,False,1.1882242744643359,0.32144058510466333,2,qEHVI,0.5,0.0,0.44,0.02,0.0,0.0,0.0,0.0,0.0,0.0,0.0,0.04,0.0,0.0,0.0
13,1,5,0,False,1.1882242744643359,0.32144058510466333,3,qEHVI,0.46,0.16,0.28,0.04,0.0,0.0,0.0,0.0,0.0,0.0,0.0,0.04,0.0,0.0,0.02
13,1,5,0,False,1.1882242744643359,0.32144058510466333,4,qEHVI,0.54,0.08,0.32,0.02,0.0,0.0,0.0,0.0,0.0,0.0,0.0,0.0,0.0,0.0,0.04
13,2,4,1,False,1.1327727190732064,0.19757138804810292,0,qEHVI,0.5,0.0,0.4,0.02,0.0,0.0,0.0,0.0,0.0,0.0,0.0,0.04,0.0,0.02,0.02
13,2,4,1,False,1.1327727190732064,0.19757138804810292,1,qEHVI,0.56,0.02,0.32,0.04,0.0,0.0,0.0,0.0,0.0,0.0,0.0,0.02,0.0,0.04,0.0
13,2,4,1,False,1.1327727190732064,0.19757138804810292,2,qEHVI,0.5,0.0,0.44,0.02,0.0,0.0,0.0,0.0,0.0,0.0,0.0,0.04,0.0,0.0,0.0
13,2,4,1,False,1.1327727190732064,0.19757138804810292,3,qEHVI,0.46,0.16,0.28,0.04,0.0,0.0,0.0,0.0,0.0,0.0,0.0,0.04,0.0,0.0,0.02
13,2,4,1,False,1.1327727190732064,0.19757138804810292,4,qUCB,0.7000000000000001,0.08,0.12,0.0,0.04,0.0,0.0,0.0,0.04,0.0,0.0,0.0,0.0,0.0,0.02
13,3,3,2,False,1.0098266675934608,0.269490403209832,0,qEHVI,0.5,0.0,0.4,0.02,0.0,0.0,0.0,0.0,0.0,0.0,0.0,0.04,0.0,0.02,0.02
13,3,3,2,False,1.0098266675934608,0.269490403209832,1,qEHVI,0.56,0.02,0.32,0.04,0.0,0.0,0.0,0.0,0.0,0.0,0.0,0.02,0.0,0.04,0.0
13,3,3,2,False,1.0098266675934608,0.269490403209832,2,qEHVI,0.5,0.0,0.44,0.02,0.0,0.0,0.0,0.0,0.0,0.0,0.0,0.04,0.0,0.0,0.0
13,3,3,2,False,1.0098266675934608,0.269490403209832,3,qUCB,0.7000000000000001,0.08,0.12,0.0,0.04,0.0,0.0,0.0,0.04,0.0,0.0,0.0,0.0,0.0,0.02
13,3,3,2,False,1.0098266675934608,0.269490403209832,4,qUCB,0.52,0.02,0.36,0.0,0.04,0.0,0.0,0.0,0.04,0.0,0.0,0.0,0.0,0.0,0.02
13,4,2,3,True,0.8209580434105569,0.6966583860036737,0,qEHVI,0.5,0.0,0.4,0.02,0.0,0.0,0.0,0.0,0.0,0.0,0.0,0.04,0.0,0.02,0.02
13,4,2,3,True,0.8209580434105569,0.6966583860036737,1,qEHVI,0.56,0.02,0.32,0.04,0.0,0.0,0.0,0.0,0.0,0.0,0.0,0.02,0.0,0.04,0.0
13,4,2,3,True,0.8209580434105569,0.6966583860036737,2,qUCB,0.78,0.06,0.08,0.0,0.04,0.0,0.0,0.0,0.04,0.0,0.0,0.0,0.0,0.0,0.0
13,4,2,3,True,0.8209580434105569,0.6966583860036737,3,qUCB,0.46,0.32,0.12,0.02,0.04,0.0,0.0,0.0,0.04,0.0,0.0,0.0,0.0,0.0,0.0
13,4,2,3,True,0.8209580434105569,0.6966583860036737,4,qUCB,0.3,0.36,0.24,0.02,0.04,0.0,0.0,0.0,0.04,0.0,0.0,0.0,0.0,0.0,0.0
13,5,1,4,False,0.6877985142042687,0.46137949570619075,0,qEHVI,0.5,0.0,0.4,0.02,0.0,0.0,0.0,0.0,0.0,0.0,0.0,0.04,0.0,0.02,0.02
13,5,1,4,False,0.6877985142042687,0.46137949570619075,1,qUCB,0.78,0.06,0.08,0.0,0.04,0.0,0.0,0.0,0.04,0.0,0.0,0.0,0.0,0.0,0.0
13,5,1,4,False,0.6877985142042687,0.46137949570619075,2,qUCB,0.46,0.32,0.12,0.02,0.04,0.0,0.0,0.0,0.04,0.0,0.0,0.0,0.0,0.0,0.0
13,5,1,4,False,0.6877985142042687,0.46137949570619075,3,qUCB,0.14,0.54,0.22,0.04,0.02,0.0,0.0,0.0,0.04,0.0,0.0,0.0,0.0,0.0,0.0
13,5,1,4,False,0.6877985142042687,0.46137949570619075,4,qUCB,0.52,0.02,0.36,0.0,0.04,0.0,0.0,0.0,0.04,0.0,0.0,0.0,0.0,0.0,0.02
13,6,0,5,False,0.8562266309433295,0.8445740770580605,0,qUCB,0.5,0.0,0.4,0.02,0.0,0.0,0.0,0.0,0.0,0.0,0.0,0.04,0.0,0.02,0.02
13,6,0,5,False,0.8562266309433295,0.8445740770580605,1,qUCB,0.86,0.0,0.1,0.0,0.0,0.0,0.0,0.0,0.0,0.0,0.0,0.04,0.0,0.0,0.0
13,6,0,5,False,0.8562266309433295,0.8445740770580605,2,qUCB,0.48,0.04,0.38,0.04,0.0,0.0,0.0,0.0,0.0,0.0,0.0,0.0,0.0,0.02,0.04
13,6,0,5,False,0.8562266309433295,0.8445740770580605,3,qUCB,0.0,0.66,0.24,0.04,0.0,0.0,0.0,0.0,0.02,0.0,0.0,0.04,0.0,0.0,0.0
13,6,0,5,False,0.8562266309433295,0.8445740770580605,4,qUCB,0.3,0.4,0.2,0.04,0.0,0.0,0.0,0.0,0.0,0.0,0.0,0.04,0.0,0.02,0.0
14,1,5,0,True,3.1655036448129112,0.36914950449119877,0,qEHVI,0.24,0.36,0.32,0.04,0.0,0.0,0.0,0.0,0.0,0.0,0.0,0.0,0.0,0.0,0.04
14,1,5,0,True,3.1655036448129112,0.36914950449119877,1,qEHVI,0.44,0.26,0.22,0.0,0.0,0.0,0.0,0.0,0.0,0.0,0.0,0.04,0.0,0.0,0.04
14,1,5,0,True,3.1655036448129112,0.36914950449119877,2,qEHVI,0.56,0.26,0.08,0.0,0.0,0.0,0.0,0.0,0.0,0.0,0.0,0.04,0.0,0.04,0.02
14,1,5,0,True,3.1655036448129112,0.36914950449119877,3,qEHVI,0.36,0.22,0.32,0.04,0.02,0.0,0.0,0.0,0.0,0.0,0.0,0.02,0.0,0.02,0.0
14,1,5,0,True,3.1655036448129112,0.36914950449119877,4,qEHVI,0.56,0.0,0.34,0.04,0.0,0.0,0.0,0.0,0.0,0.0,0.0,0.0,0.0,0.02,0.04
14,2,4,1,False,2.9901211288107716,0.1952271656347122,0,qEHVI,0.24,0.36,0.32,0.04,0.0,0.0,0.0,0.0,0.0,0.0,0.0,0.0,0.0,0.0,0.04
14,2,4,1,False,2.9901211288107716,0.1952271656347122,1,qEHVI,0.44,0.26,0.22,0.0,0.0,0.0,0.0,0.0,0.0,0.0,0.0,0.04,0.0,0.0,0.04
14,2,4,1,False,2.9901211288107716,0.1952271656347122,2,qEHVI,0.56,0.26,0.08,0.0,0.0,0.0,0.0,0.0,0.0,0.0,0.0,0.04,0.0,0.04,0.02
14,2,4,1,False,2.9901211288107716,0.1952271656347122,3,qEHVI,0.36,0.22,0.32,0.04,0.02,0.0,0.0,0.0,0.0,0.0,0.0,0.02,0.0,0.02,0.0
14,2,4,1,False,2.9901211288107716,0.1952271656347122,4,qUCB,0.56,0.28,0.06,0.0,0.04,0.0,0.0,0.0,0.04,0.0,0.0,0.0,0.0,0.0,0.02
14,3,3,2,False,2.514515869765369,0.6770236712071558,0,qEHVI,0.24,0.36,0.32,0.04,0.0,0.0,0.0,0.0,0.0,0.0,0.0,0.0,0.0,0.0,0.04
14,3,3,2,False,2.514515869765369,0.6770236712071558,1,qEHVI,0.44,0.26,0.22,0.0,0.0,0.0,0.0,0.0,0.0,0.0,0.0,0.04,0.0,0.0,0.04
14,3,3,2,False,2.514515869765369,0.6770236712071558,2,qEHVI,0.56,0.26,0.08,0.0,0.0,0.0,0.0,0.0,0.0,0.0,0.0,0.04,0.0,0.04,0.02
14,3,3,2,False,2.514515869765369,0.6770236712071558,3,qUCB,0.74,0.1,0.08,0.0,0.04,0.0,0.0,0.0,0.04,0.0,0.0,0.0,0.0,0.0,0.0
14,3,3,2,False,2.514515869765369,0.6770236712071558,4,qUCB,0.46,0.26,0.22,0.0,0.04,0.0,0.0,0.0,0.02,0.0,0.0,0.0,0.0,0.0,0.0
14,4,2,3,False,2.4544491486052227,0.5206781239130507,0,qEHVI,0.24,0.36,0.32,0.04,0.0,0.0,0.0,0.0,0.0,0.0,0.0,0.0,0.0,0.0,0.04
14,4,2,3,False,2.4544491486052227,0.5206781239130507,1,qEHVI,0.44,0.26,0.22,0.0,0.0,0.0,0.0,0.0,0.0,0.0,0.0,0.04,0.0,0.0,0.04
14,4,2,3,False,2.4544491486052227,0.5206781239130507,2,qUCB,0.5,0.32,0.08,0.0,0.04,0.0,0.0,0.0,0.02,0.0,0.0,0.0,0.0,0.04,0.0
14,4,2,3,False,2.4544491486052227,0.5206781239130507,3,qUCB,0.44,0.26,0.2,0.0,0.04,0.0,0.0,0.0,0.02,0.0,0.0,0.0,0.0,0.04,0.0
14,4,2,3,False,2.4544491486052227,0.5206781239130507,4,qUCB,0.12,0.7000000000000001,0.08,0.0,0.04,0.0,0.0,0.0,0.02,0.0,0.0,0.0,0.0,0.04,0.0
14,5,1,4,False,2.3077924054211407,0.12374445673564338,0,qEHVI,0.24,0.36,0.32,0.04,0.0,0.0,0.0,0.0,0.0,0.0,0.0,0.0,0.0,0.0,0.04
14,5,1,4,False,2.3077924054211407,0.12374445673564338,1,qUCB,0.6,0.24,0.06,0.0,0.02,0.0,0.0,0.0,0.0,0.0,0.0,0.04,0.0,0.04,0.0
14,5,1,4,False,2.3077924054211407,0.12374445673564338,2,qUCB,0.44,0.26,0.2,0.0,0.04,0.0,0.0,0.0,0.02,0.0,0.0,0.0,0.0,0.04,0.0
14,5,1,4,False,2.3077924054211407,0.12374445673564338,3,qUCB,0.16,0.66,0.08,0.0,0.04,0.0,0.0,0.0,0.0,0.0,0.0,0.04,0.0,0.02,0.0
14,5,1,4,False,2.3077924054211407,0.12374445673564338,4,qUCB,0.02,0.02,0.86,0.0,0.02,0.0,0.0,0.0,0.04,0.0,0.0,0.0,0.0,0.04,0.0
14,6,0,5,False,2.7235221281149142,0.24460979536104155,0,qUCB,0.52,0.32,0.08,0.0,0.0,0.0,0.0,0.0,0.0,0.0,0.0,0.04,0.0,0.02,0.02
14,6,0,5,False,2.7235221281149142,0.24460979536104155,1,qUCB,0.44,0.26,0.22,0.0,0.0,0.0,0.0,0.0,0.0,0.0,0.0,0.04,0.0,0.0,0.04
14,6,0,5,False,2.7235221281149142,0.24460979536104155,2,qUCB,0.24,0.36,0.32,0.04,0.0,0.0,0.0,0.0,0.0,0.0,0.0,0.0,0.0,0.0,0.04
14,6,0,5,False,2.7235221281149142,0.24460979536104155,3,qUCB,0.02,0.3,0.64,0.0,0.02,0.0,0.0,0.0,0.0,0.0,0.0,0.0,0.0,0.02,0.0
14,6,0,5,False,2.7235221281149142,0.24460979536104155,4,qUCB,0.24,0.36,0.3,0.04,0.04,0.0,0.0,0.0,0.0,0.0,0.0,0.02,0.0,0.0,0.0
15,1,5,0,False,2.151150252465991,0.564778526985545,0,qEHVI,0.56,0.3,0.06,0.0,0.04,0.0,0.0,0.0,0.0,0.0,0.0,0.0,0.0,0.0,0.04
15,1,5,0,False,2.151150252465991,0.564778526985545,1,qEHVI,0.44,0.22,0.24,0.0,0.04,0.0,0.0,0.0,0.0,0.0,0.0,0.04,0.0,0.02,0.0
15,1,5,0,False,2.151150252465991,0.564778526985545,2,qEHVI,0.56,0.0,0.36,0.04,0.0,0.0,0.0,0.0,0.0,0.0,0.0,0.0,0.0,0.04,0.0
15,1,5,0,False,2.151150252465991,0.564778526985545,3,qEHVI,0.16,0.0,0.74,0.04,0.0,0.0,0.0,0.0,0.04,0.0,0.0,0.0,0.0,0.02,0.0
15,1,5,0,False,2.151150252465991,0.564778526985545,4,qEHVI,0.4,0.44,0.08,0.0,0.04,0.0,0.0,0.0,0.0,0.0,0.0,0.0,0.0,0.04,0.0
15,2,4,1,True,2.1495534611088987,0.8130395737499332,0,qEHVI,0.56,0.3,0.06,0.0,0.04,0.0,0.0,0.0,0.0,0.0,0.0,0.0,0.0,0.0,0.04
15,2,4,1,True,2.1495534611088987,0.8130395737499332,1,qEHVI,0.44,0.22,0.24,0.0,0.04,0.0,0.0,0.0,0.0,0.0,0.0,0.04,0.0,0.02,0.0
15,2,4,1,True,2.1495534611088987,0.8130395737499332,2,qEHVI,0.56,0.0,0.36,0.04,0.0,0.0,0.0,0.0,0.0,0.0,0.0,0.0,0.0,0.04,0.0
15,2,4,1,True,2.1495534611088987,0.8130395737499332,3,qEHVI,0.4,0.44,0.08,0.0,0.04,0.0,0.0,0.0,0.0,0.0,0.0,0.0,0.0,0.04,0.0
15,2,4,1,True,2.1495534611088987,0.8130395737499332,4,qUCB,0.58,0.3,0.08,0.0,0.0,0.0,0.0,0.0,0.04,0.0,0.0,0.0,0.0,0.0,0.0
15,3,3,2,False,1.939721463684935,0.24689839924723245,0,qEHVI,0.56,0.36,0.06,0.0,0.0,0.0,0.0,0.0,0.0,0.0,0.0,0.0,0.0,0.02,0.0
15,3,3,2,False,1.939721463684935,0.24689839924723245,1,qEHVI,0.44,0.22,0.24,0.0,0.04,0.0,0.0,0.0,0.0,0.0,0.0,0.04,0.0,0.02,0.0
15,3,3,2,False,1.939721463684935,0.24689839924723245,2,qEHVI,0.56,0.0,0.36,0.04,0.0,0.0,0.0,0.0,0.0,0.0,0.0,0.0,0.0,0.04,0.0
15,3,3,2,False,1.939721463684935,0.24689839924723245,3,qUCB,0.4,0.42,0.08,0.0,0.0,0.0,0.0,0.0,0.02,0.0,0.0,0.04,0.0,0.0,0.04
15,3,3,2,False,1.939721463684935,0.24689839924723245,4,qUCB,0.0,0.3,0.6,0.04,0.0,0.0,0.0,0.0,0.0,0.0,0.0,0.04,0.0,0.0,0.02
15,4,2,3,False,1.7617555211687532,0.33847167621799024,0,qEHVI,0.56,0.3,0.06,0.0,0.04,0.0,0.0,0.0,0.0,0.0,0.0,0.0,0.0,0.0,0.04
15,4,2,3,False,1.7617555211687532,0.33847167621799024,1,qEHVI,0.44,0.22,0.24,0.0,0.04,0.0,0.0,0.0,0.0,0.0,0.0,0.04,0.0,0.02,0.0
15,4,2,3,False,1.7617555211687532,0.33847167621799024,2,qUCB,0.52,0.0,0.38,0.04,0.0,0.0,0.0,0.0,0.04,0.0,0.0,0.0,0.0,0.02,0.0
15,4,2,3,False,1.7617555211687532,0.33847167621799024,3,qUCB,0.16,0.0,0.74,0.04,0.0,0.0,0.0,0.0,0.04,0.0,0.0,0.0,0.0,0.02,0.0
15,4,2,3,False,1.7617555211687532,0.33847167621799024,4,qUCB,0.02,0.3,0.62,0.04,0.0,0.0,0.0,0.0,0.02,0.0,0.0,0.0,0.0,0.0,0.0
15,5,1,4,False,1.6428329420754884,0.3565777889695685,0,qEHVI,0.56,0.3,0.06,0.0,0.04,0.0,0.0,0.0,0.0,0.0,0.0,0.0,0.0,0.0,0.04
15,5,1,4,False,1.6428329420754884,0.3565777889695685,1,qUCB,0.26,0.44,0.2,0.04,0.0,0.0,0.0,0.0,0.0,0.0,0.0,0.04,0.0,0.02,0.0
15,5,1,4,False,1.6428329420754884,0.3565777889695685,2,qUCB,0.16,0.0,0.74,0.04,0.0,0.0,0.0,0.0,0.04,0.0,0.0,0.0,0.0,0.02,0.0
15,5,1,4,False,1.6428329420754884,0.3565777889695685,3,qUCB,0.0,0.26,0.64,0.04,0.0,0.0,0.0,0.0,0.0,0.0,0.0,0.04,0.0,0.02,0.0
15,5,1,4,False,1.6428329420754884,0.3565777889695685,4,qUCB,0.18,0.64,0.08,0.0,0.0,0.0,0.0,0.0,0.04,0.0,0.0,0.04,0.0,0.02,0.0
15,6,0,5,False,1.5002499988474096,0.696190713899238,0,qUCB,0.4,0.44,0.08,0.0,0.04,0.0,0.0,0.0,0.0,0.0,0.0,0.0,0.0,0.04,0.0
15,6,0,5,False,1.5002499988474096,0.696190713899238,1,qUCB,0.02,0.3,0.62,0.04,0.0,0.0,0.0,0.0,0.02,0.0,0.0,0.0,0.0,0.0,0.0
15,6,0,5,False,1.5002499988474096,0.696190713899238,2,qUCB,0.16,0.0,0.74,0.04,0.0,0.0,0.0,0.0,0.04,0.0,0.0,0.0,0.0,0.02,0.0
15,6,0,5,False,1.5002499988474096,0.696190713899238,3,qUCB,0.02,0.3,0.64,0.0,0.02,0.0,0.0,0.0,0.02,0.0,0.0,0.0,0.0,0.0,0.0
15,6,0,5,False,1.5002499988474096,0.696190713899238,4,qUCB,0.0,0.08,0.88,0.0,0.02,0.0,0.0,0.0,0.0,0.0,0.0,0.0,0.0,0.0,0.02
16,1,5,0,True,2.32305256791094,0.09525057827205785,0,qEHVI,0.68,0.14,0.08,0.02,0.0,0.0,0.0,0.0,0.0,0.0,0.0,0.04,0.0,0.02,0.02
16,1,5,0,True,2.32305256791094,0.09525057827205785,1,qEHVI,0.26,0.44,0.2,0.04,0.02,0.0,0.0,0.0,0.0,0.0,0.0,0.04,0.0,0.0,0.0
16,1,5,0,True,2.32305256791094,0.09525057827205785,2,qEHVI,0.04,0.26,0.66,0.04,0.0,0.0,0.0,0.0,0.0,0.0,0.0,0.0,0.0,0.0,0.0
16,1,5,0,True,2.32305256791094,0.09525057827205785,3,qEHVI,0.74,0.08,0.08,0.0,0.0,0.0,0.0,0.0,0.0,0.0,0.0,0.04,0.0,0.02,0.04
16,1,5,0,True,2.32305256791094,0.09525057827205785,4,qEHVI,0.18,0.02,0.72,0.04,0.02,0.0,0.0,0.0,0.0,0.0,0.0,0.0,0.0,0.0,0.02
16,2,4,1,False,1.9142504075346436,0.17712913960386611,0,qEHVI,0.68,0.14,0.08,0.02,0.0,0.0,0.0,0.0,0.0,0.0,0.0,0.04,0.0,0.02,0.02
16,2,4,1,False,1.9142504075346436,0.17712913960386611,1,qEHVI,0.26,0.44,0.2,0.04,0.02,0.0,0.0,0.0,0.0,0.0,0.0,0.04,0.0,0.0,0.0
16,2,4,1,False,1.9142504075346436,0.17712913960386611,2,qEHVI,0.18,0.02,0.72,0.04,0.02,0.0,0.0,0.0,0.0,0.0,0.0,0.0,0.0,0.0,0.02
16,2,4,1,False,1.9142504075346436,0.17712913960386611,3,qEHVI,0.74,0.08,0.08,0.0,0.0,0.0,0.0,0.0,0.0,0.0,0.0,0.04,0.0,0.02,0.04
16,2,4,1,False,1.9142504075346436,0.17712913960386611,4,qUCB,0.72,0.1,0.08,0.0,0.04,0.0,0.0,0.0,0.04,0.0,0.0,0.0,0.0,0.0,0.02
16,3,3,2,False,1.8570448557345451,0.2535260850717469,0,qEHVI,0.68,0.14,0.08,0.02,0.0,0.0,0.0,0.0,0.0,0.0,0.0,0.04,0.0,0.02,0.02
16,3,3,2,False,1.8570448557345451,0.2535260850717469,1,qEHVI,0.26,0.44,0.2,0.04,0.02,0.0,0.0,0.0,0.0,0.0,0.0,0.04,0.0,0.0,0.0
16,3,3,2,False,1.8570448557345451,0.2535260850717469,2,qEHVI,0.18,0.02,0.72,0.04,0.02,0.0,0.0,0.0,0.0,0.0,0.0,0.0,0.0,0.0,0.02
16,3,3,2,False,1.8570448557345451,0.2535260850717469,3,qUCB,0.72,0.1,0.08,0.0,0.04,0.0,0.0,0.0,0.04,0.0,0.0,0.0,0.0,0.0,0.02
16,3,3,2,False,1.8570448557345451,0.2535260850717469,4,qUCB,0.0,0.3,0.64,0.0,0.0,0.0,0.0,0.0,0.02,0.0,0.0,0.0,0.0,0.04,0.0
16,4,2,3,False,1.5644261506589245,0.22116740966590953,0,qEHVI,0.68,0.14,0.08,0.02,0.0,0.0,0.0,0.0,0.0,0.0,0.0,0.04,0.0,0.02,0.02
16,4,2,3,False,1.5644261506589245,0.22116740966590953,1,qEHVI,0.26,0.44,0.2,0.04,0.02,0.0,0.0,0.0,0.0,0.0,0.0,0.04,0.0,0.0,0.0
16,4,2,3,False,1.5644261506589245,0.22116740966590953,2,qUCB,0.5,0.04,0.36,0.0,0.04,0.0,0.0,0.0,0.04,0.0,0.0,0.0,0.0,0.0,0.02
16,4,2,3,False,1.5644261506589245,0.22116740966590953,3,qUCB,0.0,0.3,0.64,0.0,0.0,0.0,0.0,0.0,0.02,0.0,0.0,0.0,0.0,0.04,0.0
16,4,2,3,False,1.5644261506589245,0.22116740966590953,4,qUCB,0.04,0.0,0.86,0.0,0.0,0.0,0.0,0.0,0.04,0.0,0.0,0.0,0.0,0.04,0.02
16,5,1,4,False,1.5909853978889692,0.1997729005988571,0,qEHVI,0.68,0.14,0.08,0.02,0.0,0.0,0.0,0.0,0.0,0.0,0.0,0.04,0.0,0.02,0.02
16,5,1,4,False,1.5909853978889692,0.1997729005988571,1,qUCB,0.44,0.3,0.18,0.0,0.04,0.0,0.0,0.0,0.04,0.0,0.0,0.0,0.0,0.0,0.0
16,5,1,4,False,1.5909853978889692,0.1997729005988571,2,qUCB,0.02,0.24,0.66,0.0,0.04,0.0,0.0,0.0,0.04,0.0,0.0,0.0,0.0,0.0,0.0
16,5,1,4,False,1.5909853978889692,0.1997729005988571,3,qUCB,0.02,0.68,0.2,0.04,0.02,0.0,0.0,0.0,0.04,0.0,0.0,0.0,0.0,0.0,0.0
16,5,1,4,False,1.5909853978889692,0.1997729005988571,4,qUCB,0.06,0.02,0.86,0.0,0.04,0.0,0.0,0.0,0.02,0.0,0.0,0.0,0.0,0.0,0.0
16,6,0,5,False,1.7707631743866574,0.5016432993477622,0,qUCB,0.36,0.34,0.2,0.04,0.0,0.0,0.0,0.0,0.04,0.0,0.0,0.02,0.0,0.0,0.0
16,6,0,5,False,1.7707631743866574,0.5016432993477622,1,qUCB,0.74,0.08,0.08,0.04,0.02,0.0,0.0,0.0,0.0,0.0,0.0,0.04,0.0,0.0,0.0
16,6,0,5,False,1.7707631743866574,0.5016432993477622,2,qUCB,0.0,0.34,0.6,0.04,0.0,0.0,0.0,0.0,0.0,0.0,0.0,0.0,0.0,0.02,0.0
16,6,0,5,False,1.7707631743866574,0.5016432993477622,3,qUCB,0.0,0.3,0.64,0.0,0.0,0.0,0.0,0.0,0.02,0.0,0.0,0.0,0.0,0.04,0.0
16,6,0,5,False,1.7707631743866574,0.5016432993477622,4,qUCB,0.2,0.0,0.74,0.04,0.02,0.0,0.0,0.0,0.0,0.0,0.0,0.0,0.0,0.0,0.0
17,1,5,0,False,1.4455629128339844,0.37648149497963423,0,qEHVI,0.0,0.6,0.36,0.0,0.0,0.0,0.0,0.0,0.0,0.0,0.0,0.04,0.0,0.0,0.0
17,1,5,0,False,1.4455629128339844,0.37648149497963423,1,qEHVI,0.54,0.0,0.36,0.02,0.02,0.0,0.0,0.0,0.02,0.0,0.0,0.04,0.0,0.0,0.0
17,1,5,0,False,1.4455629128339844,0.37648149497963423,2,qEHVI,0.48,0.22,0.2,0.02,0.0,0.0,0.0,0.0,0.0,0.0,0.0,0.0,0.0,0.04,0.04
17,1,5,0,False,1.4455629128339844,0.37648149497963423,3,qEHVI,0.6,0.26,0.06,0.0,0.0,0.0,0.0,0.0,0.0,0.0,0.0,0.04,0.0,0.0,0.04
17,1,5,0,False,1.4455629128339844,0.37648149497963423,4,qEHVI,0.44,0.0,0.46,0.04,0.02,0.0,0.0,0.0,0.0,0.0,0.0,0.0,0.0,0.0,0.04
17,2,4,1,True,1.3552045687462102,0.28272426904266157,0,qEHVI,0.0,0.6,0.36,0.0,0.0,0.0,0.0,0.0,0.0,0.0,0.0,0.04,0.0,0.0,0.0
17,2,4,1,True,1.3552045687462102,0.28272426904266157,1,qEHVI,0.54,0.0,0.36,0.02,0.02,0.0,0.0,0.0,0.02,0.0,0.0,0.04,0.0,0.0,0.0
17,2,4,1,True,1.3552045687462102,0.28272426904266157,2,qEHVI,0.48,0.22,0.2,0.02,0.0,0.0,0.0,0.0,0.0,0.0,0.0,0.0,0.0,0.04,0.04
17,2,4,1,True,1.3552045687462102,0.28272426904266157,3,qEHVI,0.6,0.26,0.06,0.0,0.0,0.0,0.0,0.0,0.0,0.0,0.0,0.04,0.0,0.0,0.04
17,2,4,1,True,1.3552045687462102,0.28272426904266157,4,qUCB,0.36,0.34,0.2,0.04,0.04,0.0,0.0,0.0,0.0,0.0,0.0,0.0,0.0,0.02,0.0
17,3,3,2,False,1.2808107550585703,0.17638358862811776,0,qEHVI,0.0,0.6,0.36,0.0,0.0,0.0,0.0,0.0,0.0,0.0,0.0,0.04,0.0,0.0,0.0
17,3,3,2,False,1.2808107550585703,0.17638358862811776,1,qEHVI,0.54,0.0,0.36,0.02,0.02,0.0,0.0,0.0,0.02,0.0,0.0,0.04,0.0,0.0,0.0
17,3,3,2,False,1.2808107550585703,0.17638358862811776,2,qEHVI,0.48,0.22,0.2,0.02,0.0,0.0,0.0,0.0,0.0,0.0,0.0,0.0,0.0,0.04,0.04
17,3,3,2,False,1.2808107550585703,0.17638358862811776,3,qUCB,0.5,0.0,0.42,0.0,0.0,0.0,0.0,0.0,0.04,0.0,0.0,0.0,0.0,0.0,0.04
17,3,3,2,False,1.2808107550585703,0.17638358862811776,4,qUCB,0.06,0.8,0.06,0.04,0.04,0.0,0.0,0.0,0.0,0.0,0.0,0.0,0.0,0.0,0.0
17,4,2,3,False,1.167401873222701,0.39463332120799954,0,qEHVI,0.0,0.6,0.36,0.0,0.0,0.0,0.0,0.0,0.0,0.0,0.0,0.04,0.0,0.0,0.0
17,4,2,3,False,1.167401873222701,0.39463332120799954,1,qEHVI,0.54,0.0,0.36,0.02,0.02,0.0,0.0,0.0,0.02,0.0,0.0,0.04,0.0,0.0,0.0
17,4,2,3,False,1.167401873222701,0.39463332120799954,2,qUCB,0.48,0.22,0.2,0.02,0.0,0.0,0.0,0.0,0.0,0.0,0.0,0.0,0.0,0.04,0.04
17,4,2,3,False,1.167401873222701,0.39463332120799954,3,qUCB,0.0,0.04,0.86,0.0,0.04,0.0,0.0,0.0,0.0,0.0,0.0,0.0,0.0,0.04,0.02
17,4,2,3,False,1.167401873222701,0.39463332120799954,4,qUCB,0.62,0.12,0.18,0.0,0.0,0.0,0.0,0.0,0.0,0.0,0.0,0.0,0.0,0.04,0.04
17,5,1,4,False,0.73778656346035,0.3048887591875671,0,qEHVI,0.0,0.6,0.36,0.0,0.0,0.0,0.0,0.0,0.0,0.0,0.0,0.04,0.0,0.0,0.0
17,5,1,4,False,0.73778656346035,0.3048887591875671,1,qUCB,0.84,0.0,0.06,0.0,0.0,0.0,0.0,0.0,0.04,0.0,0.0,0.0,0.0,0.02,0.04
17,5,1,4,False,0.73778656346035,0.3048887591875671,2,qUCB,0.48,0.22,0.2,0.04,0.02,0.0,0.0,0.0,0.04,0.0,0.0,0.0,0.0,0.0,0.0
17,5,1,4,False,0.73778656346035,0.3048887591875671,3,qUCB,0.8,0.0,0.1,0.04,0.02,0.0,0.0,0.0,0.04,0.0,0.0,0.0,0.0,0.0,0.0
17,5,1,4,False,0.73778656346035,0.3048887591875671,4,qUCB,0.0,0.04,0.86,0.0,0.04,0.0,0.0,0.0,0.0,0.0,0.0,0.0,0.0,0.04,0.02
17,6,0,5,False,0.9981737404390797,0.27140942391264034,0,qUCB,0.48,0.22,0.2,0.04,0.02,0.0,0.0,0.0,0.04,0.0,0.0,0.0,0.0,0.0,0.0
17,6,0,5,False,0.9981737404390797,0.27140942391264034,1,qUCB,0.26,0.58,0.06,0.04,0.02,0.0,0.0,0.0,0.0,0.0,0.0,0.04,0.0,0.0,0.0
17,6,0,5,False,0.9981737404390797,0.27140942391264034,2,qUCB,0.0,0.34,0.58,0.04,0.0,0.0,0.0,0.0,0.0,0.0,0.0,0.0,0.0,0.0,0.04
17,6,0,5,False,0.9981737404390797,0.27140942391264034,3,qUCB,0.48,0.22,0.2,0.02,0.0,0.0,0.0,0.0,0.0,0.0,0.0,0.0,0.0,0.04,0.04
17,6,0,5,False,0.9981737404390797,0.27140942391264034,4,qUCB,0.0,0.06,0.88,0.0,0.0,0.0,0.0,0.0,0.02,0.0,0.0,0.0,0.0,0.02,0.02
18,1,5,0,False,1.3051661275708146,0.1687360527266235,0,qEHVI,0.58,0.0,0.34,0.04,0.0,0.0,0.0,0.0,0.0,0.0,0.0,0.04,0.0,0.0,0.0
18,1,5,0,False,1.3051661275708146,0.1687360527266235,1,qEHVI,0.58,0.24,0.08,0.02,0.0,0.0,0.0,0.0,0.02,0.0,0.0,0.04,0.0,0.0,0.02
18,1,5,0,False,1.3051661275708146,0.1687360527266235,2,qEHVI,0.02,0.68,0.2,0.04,0.02,0.0,0.0,0.0,0.02,0.0,0.0,0.02,0.0,0.0,0.0
18,1,5,0,False,1.3051661275708146,0.1687360527266235,3,qEHVI,0.46,0.14,0.32,0.0,0.0,0.0,0.0,0.0,0.0,0.0,0.0,0.04,0.0,0.04,0.0
18,1,5,0,False,1.3051661275708146,0.1687360527266235,4,qEHVI,0.22,0.0,0.68,0.0,0.0,0.0,0.0,0.0,0.0,0.0,0.0,0.02,0.0,0.04,0.04
18,2,4,1,True,1.3451423472361477,0.3503524537702103,0,qEHVI,0.58,0.0,0.34,0.04,0.0,0.0,0.0,0.0,0.0,0.0,0.0,0.04,0.0,0.0,0.0
18,2,4,1,True,1.3451423472361477,0.3503524537702103,1,qEHVI,0.58,0.24,0.08,0.02,0.0,0.0,0.0,0.0,0.02,0.0,0.0,0.04,0.0,0.0,0.02
18,2,4,1,True,1.3451423472361477,0.3503524537702103,2,qEHVI,0.02,0.68,0.2,0.04,0.02,0.0,0.0,0.0,0.02,0.0,0.0,0.02,0.0,0.0,0.0
18,2,4,1,True,1.3451423472361477,0.3503524537702103,3,qEHVI,0.46,0.14,0.32,0.0,0.0,0.0,0.0,0.0,0.0,0.0,0.0,0.04,0.0,0.04,0.0
18,2,4,1,True,1.3451423472361477,0.3503524537702103,4,qUCB,0.52,0.0,0.38,0.0,0.04,0.0,0.0,0.0,0.0,0.0,0.0,0.0,0.0,0.02,0.04
18,3,3,2,False,1.2437228183491718,0.186021650784848,0,qEHVI,0.58,0.0,0.34,0.04,0.0,0.0,0.0,0.0,0.0,0.0,0.0,0.04,0.0,0.0,0.0
18,3,3,2,False,1.2437228183491718,0.186021650784848,1,qEHVI,0.58,0.24,0.08,0.02,0.0,0.0,0.0,0.0,0.02,0.0,0.0,0.04,0.0,0.0,0.02
18,3,3,2,False,1.2437228183491718,0.186021650784848,2,qEHVI,0.02,0.68,0.2,0.04,0.02,0.0,0.0,0.0,0.02,0.0,0.0,0.02,0.0,0.0,0.0
18,3,3,2,False,1.2437228183491718,0.186021650784848,3,qUCB,0.52,0.0,0.38,0.0,0.04,0.0,0.0,0.0,0.0,0.0,0.0,0.0,0.0,0.02,0.04
18,3,3,2,False,1.2437228183491718,0.186021650784848,4,qUCB,0.02,0.0,0.88,0.0,0.04,0.0,0.0,0.0,0.0,0.0,0.0,0.0,0.0,0.02,0.04
18,4,2,3,False,1.012801575532636,0.19719400669735743,0,qEHVI,0.58,0.0,0.34,0.04,0.0,0.0,0.0,0.0,0.0,0.0,0.0,0.04,0.0,0.0,0.0
18,4,2,3,False,1.012801575532636,0.19719400669735743,1,qEHVI,0.58,0.24,0.08,0.02,0.0,0.0,0.0,0.0,0.02,0.0,0.0,0.04,0.0,0.0,0.02
18,4,2,3,False,1.012801575532636,0.19719400669735743,2,qUCB,0.5,0.06,0.36,0.0,0.04,0.0,0.0,0.0,0.0,0.0,0.0,0.0,0.0,0.04,0.0
18,4,2,3,False,1.012801575532636,0.19719400669735743,3,qUCB,0.02,0.0,0.88,0.0,0.04,0.0,0.0,0.0,0.0,0.0,0.0,0.0,0.0,0.02,0.04
18,4,2,3,False,1.012801575532636,0.19719400669735743,4,qUCB,0.22,0.02,0.68,0.0,0.04,0.0,0.0,0.0,0.0,0.0,0.0,0.0,0.0,0.04,0.0
18,5,1,4,False,0.8986540670450924,0.24185414000166272,0,qEHVI,0.58,0.0,0.34,0.04,0.0,0.0,0.0,0.0,0.0,0.0,0.0,0.04,0.0,0.0,0.0
18,5,1,4,False,0.8986540670450924,0.24185414000166272,1,qUCB,0.52,0.0,0.38,0.0,0.04,0.0,0.0,0.0,0.0,0.0,0.0,0.0,0.0,0.02,0.04
18,5,1,4,False,0.8986540670450924,0.24185414000166272,2,qUCB,0.02,0.0,0.88,0.0,0.04,0.0,0.0,0.0,0.0,0.0,0.0,0.0,0.0,0.02,0.04
18,5,1,4,False,0.8986540670450924,0.24185414000166272,3,qUCB,0.04,0.8,0.08,0.0,0.04,0.0,0.0,0.0,0.0,0.0,0.0,0.0,0.0,0.0,0.04
18,5,1,4,False,0.8986540670450924,0.24185414000166272,4,qUCB,0.74,0.1,0.06,0.0,0.04,0.0,0.0,0.0,0.02,0.0,0.0,0.0,0.0,0.04,0.0
18,6,0,5,False,0.8648076384495013,0.11096543741668086,0,qUCB,0.52,0.0,0.38,0.0,0.04,0.0,0.0,0.0,0.0,0.0,0.0,0.0,0.0,0.02,0.04
18,6,0,5,False,0.8648076384495013,0.11096543741668086,1,qUCB,0.36,0.0,0.54,0.04,0.0,0.0,0.0,0.0,0.02,0.0,0.0,0.0,0.0,0.0,0.04
18,6,0,5,False,0.8648076384495013,0.11096543741668086,2,qUCB,0.38,0.46,0.08,0.04,0.0,0.0,0.0,0.0,0.0,0.0,0.0,0.04,0.0,0.0,0.0
18,6,0,5,False,0.8648076384495013,0.11096543741668086,3,qUCB,0.02,0.0,0.88,0.0,0.0,0.0,0.0,0.0,0.04,0.0,0.0,0.04,0.0,0.02,0.0
18,6,0,5,False,0.8648076384495013,0.11096543741668086,4,qUCB,0.0,0.48,0.48,0.04,0.0,0.0,0.0,0.0,0.0,0.0,0.0,0.0,0.0,0.0,0.0
19,1,5,0,True,1.1798778787176434,0.28476017292640066,0,qEHVI,0.32,0.32,0.28,0.0,0.0,0.0,0.0,0.0,0.0,0.0,0.0,0.04,0.0,0.04,0.0
19,1,5,0,True,1.1798778787176434,0.28476017292640066,1,qEHVI,0.0,0.34,0.58,0.04,0.0,0.0,0.0,0.0,0.0,0.0,0.0,0.02,0.0,0.02,0.0
19,1,5,0,True,1.1798778787176434,0.28476017292640066,2,qEHVI,0.18,0.04,0.68,0.0,0.02,0.0,0.0,0.0,0.0,0.0,0.0,0.04,0.0,0.0,0.04
19,1,5,0,True,1.1798778787176434,0.28476017292640066,3,qEHVI,0.12,0.7000000000000001,0.08,0.04,0.0,0.0,0.0,0.0,0.0,0.0,0.0,0.04,0.0,0.02,0.0
19,1,5,0,True,1.1798778787176434,0.28476017292640066,4,qEHVI,0.46,0.18,0.3,0.0,0.0,0.0,0.0,0.0,0.0,0.0,0.0,0.04,0.0,0.02,0.0
19,2,4,1,False,1.0976136002926482,0.24072570466572252,0,qEHVI,0.32,0.32,0.28,0.0,0.0,0.0,0.0,0.0,0.0,0.0,0.0,0.04,0.0,0.04,0.0
19,2,4,1,False,1.0976136002926482,0.24072570466572252,1,qEHVI,0.2,0.0,0.7000000000000001,0.0,0.0,0.0,0.0,0.0,0.0,0.0,0.0,0.04,0.0,0.02,0.04
19,2,4,1,False,1.0976136002926482,0.24072570466572252,2,qEHVI,0.0,0.34,0.58,0.04,0.0,0.0,0.0,0.0,0.0,0.0,0.0,0.02,0.0,0.02,0.0
19,2,4,1,False,1.0976136002926482,0.24072570466572252,3,qEHVI,0.46,0.18,0.3,0.0,0.0,0.0,0.0,0.0,0.0,0.0,0.0,0.04,0.0,0.02,0.0
19,2,4,1,False,1.0976136002926482,0.24072570466572252,4,qUCB,0.78,0.02,0.1,0.0,0.04,0.0,0.0,0.0,0.04,0.0,0.0,0.0,0.0,0.0,0.02
19,3,3,2,False,0.9042117352262427,0.032969756246715054,0,qEHVI,0.32,0.32,0.28,0.0,0.0,0.0,0.0,0.0,0.0,0.0,0.0,0.04,0.0,0.04,0.0
19,3,3,2,False,0.9042117352262427,0.032969756246715054,1,qEHVI,0.2,0.0,0.7000000000000001,0.0,0.0,0.0,0.0,0.0,0.0,0.0,0.0,0.04,0.0,0.02,0.04
19,3,3,2,False,0.9042117352262427,0.032969756246715054,2,qEHVI,0.46,0.18,0.3,0.0,0.0,0.0,0.0,0.0,0.0,0.0,0.0,0.04,0.0,0.02,0.0
19,3,3,2,False,0.9042117352262427,0.032969756246715054,3,qUCB,0.2,0.64,0.06,0.04,0.04,0.0,0.0,0.0,0.02,0.0,0.0,0.0,0.0,0.0,0.0
19,3,3,2,False,0.9042117352262427,0.032969756246715054,4,qUCB,0.78,0.02,0.1,0.0,0.04,0.0,0.0,0.0,0.04,0.0,0.0,0.0,0.0,0.0,0.02
19,4,2,3,False,0.7307110920208364,0.1645522033364335,0,qEHVI,0.32,0.32,0.28,0.0,0.0,0.0,0.0,0.0,0.0,0.0,0.0,0.04,0.0,0.04,0.0
19,4,2,3,False,0.7307110920208364,0.1645522033364335,1,qEHVI,0.0,0.34,0.58,0.04,0.0,0.0,0.0,0.0,0.0,0.0,0.0,0.02,0.0,0.02,0.0
19,4,2,3,False,0.7307110920208364,0.1645522033364335,2,qUCB,0.66,0.16,0.08,0.0,0.02,0.0,0.0,0.0,0.04,0.0,0.0,0.0,0.0,0.0,0.04
19,4,2,3,False,0.7307110920208364,0.1645522033364335,3,qUCB,0.78,0.02,0.1,0.0,0.04,0.0,0.0,0.0,0.04,0.0,0.0,0.0,0.0,0.0,0.02
19,4,2,3,False,0.7307110920208364,0.1645522033364335,4,qUCB,0.04,0.0,0.88,0.0,0.04,0.0,0.0,0.0,0.02,0.0,0.0,0.02,0.0,0.0,0.0
19,5,1,4,False,0.6672671239781255,0.09705166761899964,0,qEHVI,0.32,0.32,0.28,0.0,0.0,0.0,0.0,0.0,0.0,0.0,0.0,0.04,0.0,0.04,0.0
19,5,1,4,False,0.6672671239781255,0.09705166761899964,1,qUCB,0.66,0.16,0.08,0.0,0.02,0.0,0.0,0.0,0.04,0.0,0.0,0.0,0.0,0.0,0.04
19,5,1,4,False,0.6672671239781255,0.09705166761899964,2,qUCB,0.2,0.64,0.06,0.04,0.04,0.0,0.0,0.0,0.02,0.0,0.0,0.0,0.0,0.0,0.0
19,5,1,4,False,0.6672671239781255,0.09705166761899964,3,qUCB,0.14,0.18,0.58,0.04,0.02,0.0,0.0,0.0,0.0,0.0,0.0,0.0,0.0,0.0,0.04
19,5,1,4,False,0.6672671239781255,0.09705166761899964,4,qUCB,0.16,0.0,0.76,0.0,0.04,0.0,0.0,0.0,0.0,0.0,0.0,0.0,0.0,0.0,0.04
19,6,0,5,False,0.7013567650737763,0.03232365008577531,0,qUCB,0.8200000000000001,0.02,0.06,0.0,0.02,0.0,0.0,0.0,0.0,0.0,0.0,0.04,0.0,0.04,0.0
19,6,0,5,False,0.7013567650737763,0.03232365008577531,1,qUCB,0.02,0.0,0.88,0.0,0.0,0.0,0.0,0.0,0.04,0.0,0.0,0.04,0.0,0.02,0.0
19,6,0,5,False,0.7013567650737763,0.03232365008577531,2,qUCB,0.34,0.02,0.56,0.04,0.0,0.0,0.0,0.0,0.0,0.0,0.0,0.04,0.0,0.0,0.0
19,6,0,5,False,0.7013567650737763,0.03232365008577531,3,qUCB,0.36,0.46,0.08,0.04,0.0,0.0,0.0,0.0,0.02,0.0,0.0,0.04,0.0,0.0,0.0
19,6,0,5,False,0.7013567650737763,0.03232365008577531,4,qUCB,0.0,0.34,0.58,0.04,0.0,0.0,0.0,0.0,0.0,0.0,0.0,0.02,0.0,0.02,0.0
20,1,5,0,False,1.507123042213265,0.4176680070314127,0,qEHVI,0.0,0.24,0.7000000000000001,0.04,0.0,0.0,0.0,0.0,0.0,0.0,0.0,0.02,0.0,0.0,0.0
20,1,5,0,False,1.507123042213265,0.4176680070314127,1,qEHVI,0.0,0.4,0.5,0.04,0.0,0.0,0.0,0.0,0.0,0.0,0.0,0.02,0.0,0.0,0.04
20,1,5,0,False,1.507123042213265,0.4176680070314127,2,qEHVI,0.54,0.0,0.36,0.0,0.0,0.0,0.0,0.0,0.0,0.0,0.0,0.04,0.0,0.02,0.04
20,1,5,0,False,1.507123042213265,0.4176680070314127,3,qEHVI,0.2,0.54,0.2,0.0,0.02,0.0,0.0,0.0,0.0,0.0,0.0,0.04,0.0,0.0,0.0
20,1,5,0,False,1.507123042213265,0.4176680070314127,4,qEHVI,0.02,0.16,0.78,0.0,0.02,0.0,0.0,0.0,0.02,0.0,0.0,0.0,0.0,0.0,0.0
20,2,4,1,False,1.3962000210679442,0.13324496998847746,0,qEHVI,0.0,0.24,0.7000000000000001,0.04,0.0,0.0,0.0,0.0,0.0,0.0,0.0,0.02,0.0,0.0,0.0
20,2,4,1,False,1.3962000210679442,0.13324496998847746,1,qEHVI,0.54,0.0,0.36,0.0,0.0,0.0,0.0,0.0,0.0,0.0,0.0,0.04,0.0,0.02,0.04
20,2,4,1,False,1.3962000210679442,0.13324496998847746,2,qEHVI,0.0,0.4,0.5,0.04,0.0,0.0,0.0,0.0,0.0,0.0,0.0,0.02,0.0,0.0,0.04
20,2,4,1,False,1.3962000210679442,0.13324496998847746,3,qEHVI,0.2,0.54,0.2,0.0,0.02,0.0,0.0,0.0,0.0,0.0,0.0,0.04,0.0,0.0,0.0
20,2,4,1,False,1.3962000210679442,0.13324496998847746,4,qUCB,0.76,0.02,0.12,0.0,0.02,0.0,0.0,0.0,0.04,0.0,0.0,0.0,0.0,0.04,0.0
20,3,3,2,False,1.1185022081113043,0.10677272035468377,0,qEHVI,0.0,0.24,0.7000000000000001,0.04,0.0,0.0,0.0,0.0,0.0,0.0,0.0,0.02,0.0,0.0,0.0
20,3,3,2,False,1.1185022081113043,0.10677272035468377,1,qEHVI,0.54,0.0,0.36,0.0,0.0,0.0,0.0,0.0,0.0,0.0,0.0,0.04,0.0,0.02,0.04
20,3,3,2,False,1.1185022081113043,0.10677272035468377,2,qEHVI,0.2,0.54,0.2,0.0,0.02,0.0,0.0,0.0,0.0,0.0,0.0,0.04,0.0,0.0,0.0
20,3,3,2,False,1.1185022081113043,0.10677272035468377,3,qUCB,0.76,0.02,0.12,0.0,0.02,0.0,0.0,0.0,0.04,0.0,0.0,0.0,0.0,0.04,0.0
20,3,3,2,False,1.1185022081113043,0.10677272035468377,4,qUCB,0.0,0.04,0.86,0.0,0.0,0.0,0.0,0.0,0.04,0.0,0.0,0.02,0.0,0.04,0.0
20,4,2,3,True,1.0766754944412757,0.7901801250011875,0,qEHVI,0.0,0.4,0.5,0.04,0.0,0.0,0.0,0.0,0.0,0.0,0.0,0.02,0.0,0.0,0.04
20,4,2,3,True,1.0766754944412757,0.7901801250011875,1,qEHVI,0.54,0.0,0.36,0.0,0.0,0.0,0.0,0.0,0.0,0.0,0.0,0.04,0.0,0.02,0.04
20,4,2,3,True,1.0766754944412757,0.7901801250011875,2,qUCB,0.76,0.1,0.06,0.0,0.04,0.0,0.0,0.0,0.04,0.0,0.0,0.0,0.0,0.0,0.0
20,4,2,3,True,1.0766754944412757,0.7901801250011875,3,qUCB,0.04,0.02,0.84,0.0,0.04,0.0,0.0,0.0,0.04,0.0,0.0,0.0,0.0,0.02,0.0
20,4,2,3,True,1.0766754944412757,0.7901801250011875,4,qUCB,0.14,0.0,0.78,0.0,0.04,0.0,0.0,0.0,0.0,0.0,0.0,0.0,0.0,0.04,0.0
20,5,1,4,False,0.877443765126366,0.3559262297014669,0,qEHVI,0.54,0.0,0.36,0.0,0.0,0.0,0.0,0.0,0.0,0.0,0.0,0.04,0.0,0.02,0.04
20,5,1,4,False,0.877443765126366,0.3559262297014669,1,qUCB,0.34,0.46,0.1,0.04,0.04,0.0,0.0,0.0,0.02,0.0,0.0,0.0,0.0,0.0,0.0
20,5,1,4,False,0.877443765126366,0.3559262297014669,2,qUCB,0.02,0.42,0.48,0.04,0.0,0.0,0.0,0.0,0.04,0.0,0.0,0.0,0.0,0.0,0.0
20,5,1,4,False,0.877443765126366,0.3559262297014669,3,qUCB,0.02,0.0,0.88,0.02,0.04,0.0,0.0,0.0,0.04,0.0,0.0,0.0,0.0,0.0,0.0
20,5,1,4,False,0.877443765126366,0.3559262297014669,4,qUCB,0.0,0.1,0.8,0.0,0.04,0.0,0.0,0.0,0.04,0.0,0.0,0.0,0.0,0.0,0.02
20,6,0,5,False,1.041621690050315,0.04120860144036875,0,qUCB,0.7000000000000001,0.16,0.06,0.0,0.0,0.0,0.0,0.0,0.0,0.0,0.0,0.04,0.0,0.04,0.0
20,6,0,5,False,1.041621690050315,0.04120860144036875,1,qUCB,0.0,0.08,0.88,0.0,0.0,0.0,0.0,0.0,0.0,0.0,0.0,0.04,0.0,0.0,0.0
20,6,0,5,False,1.041621690050315,0.04120860144036875,2,qUCB,0.0,0.42,0.48,0.04,0.0,0.0,0.0,0.0,0.04,0.0,0.0,0.0,0.0,0.02,0.0
20,6,0,5,False,1.041621690050315,0.04120860144036875,3,qUCB,0.0,0.16,0.8200000000000001,0.0,0.0,0.0,0.0,0.0,0.0,0.0,0.0,0.0,0.0,0.02,0.0
20,6,0,5,False,1.041621690050315,0.04120860144036875,4,qUCB,0.36,0.0,0.56,0.04,0.0,0.0,0.0,0.0,0.0,0.0,0.0,0.02,0.0,0.02,0.0
21,1,5,0,True,3.948260698437154,0.5739774495554841,0,qEHVI,0.12,0.08,0.76,0.0,0.02,0.0,0.0,0.0,0.02,0.0,0.0,0.0,0.0,0.0,0.0
21,1,5,0,True,3.948260698437154,0.5739774495554841,1,qEHVI,0.0,0.18,0.78,0.0,0.02,0.0,0.0,0.0,0.0,0.0,0.0,0.02,0.0,0.0,0.0
21,1,5,0,True,3.948260698437154,0.5739774495554841,2,qEHVI,0.12,0.02,0.76,0.0,0.0,0.0,0.0,0.0,0.02,0.0,0.0,0.04,0.0,0.02,0.02
21,1,5,0,True,3.948260698437154,0.5739774495554841,3,qEHVI,0.6,0.26,0.04,0.0,0.0,0.0,0.0,0.0,0.0,0.0,0.0,0.02,0.0,0.04,0.04
21,1,5,0,True,3.948260698437154,0.5739774495554841,4,qEHVI,0.48,0.12,0.3,0.04,0.0,0.0,0.0,0.0,0.02,0.0,0.0,0.04,0.0,0.0,0.0
21,2,4,1,False,3.605979576239195,0.6211019602039638,0,qEHVI,0.12,0.08,0.76,0.0,0.02,0.0,0.0,0.0,0.02,0.0,0.0,0.0,0.0,0.0,0.0
21,2,4,1,False,3.605979576239195,0.6211019602039638,1,qEHVI,0.0,0.18,0.78,0.0,0.02,0.0,0.0,0.0,0.0,0.0,0.0,0.02,0.0,0.0,0.0
21,2,4,1,False,3.605979576239195,0.6211019602039638,2,qEHVI,0.16,0.0,0.76,0.0,0.0,0.0,0.0,0.0,0.02,0.0,0.0,0.04,0.0,0.0,0.02
21,2,4,1,False,3.605979576239195,0.6211019602039638,3,qEHVI,0.6,0.26,0.04,0.0,0.0,0.0,0.0,0.0,0.0,0.0,0.0,0.02,0.0,0.04,0.04
21,2,4,1,False,3.605979576239195,0.6211019602039638,4,qUCB,0.5,0.0,0.4,0.04,0.02,0.0,0.0,0.0,0.0,0.0,0.0,0.0,0.0,0.0,0.04
21,3,3,2,False,3.6856872006246597,0.22143881022908118,0,qEHVI,0.12,0.08,0.76,0.0,0.02,0.0,0.0,0.0,0.02,0.0,0.0,0.0,0.0,0.0,0.0
21,3,3,2,False,3.6856872006246597,0.22143881022908118,1,qEHVI,0.0,0.18,0.78,0.0,0.02,0.0,0.0,0.0,0.0,0.0,0.0,0.02,0.0,0.0,0.0
21,3,3,2,False,3.6856872006246597,0.22143881022908118,2,qEHVI,0.22,0.0,0.74,0.0,0.02,0.0,0.0,0.0,0.0,0.0,0.0,0.0,0.0,0.02,0.0
21,3,3,2,False,3.6856872006246597,0.22143881022908118,3,qUCB,0.84,0.0,0.08,0.0,0.0,0.0,0.0,0.0,0.0,0.0,0.0,0.04,0.0,0.0,0.04
21,3,3,2,False,3.6856872006246597,0.22143881022908118,4,qUCB,0.36,0.0,0.54,0.04,0.0,0.0,0.0,0.0,0.02,0.0,0.0,0.0,0.0,0.0,0.04
21,4,2,3,False,2.9486157269902376,0.15646746256421995,0,qEHVI,0.12,0.08,0.76,0.0,0.02,0.0,0.0,0.0,0.02,0.0,0.0,0.0,0.0,0.0,0.0
21,4,2,3,False,2.9486157269902376,0.15646746256421995,1,qEHVI,0.0,0.18,0.78,0.0,0.02,0.0,0.0,0.0,0.0,0.0,0.0,0.02,0.0,0.0,0.0
21,4,2,3,False,2.9486157269902376,0.15646746256421995,2,qUCB,0.76,0.06,0.08,0.02,0.0,0.0,0.0,0.0,0.0,0.0,0.0,0.0,0.0,0.04,0.04
21,4,2,3,False,2.9486157269902376,0.15646746256421995,3,qUCB,0.22,0.52,0.16,0.04,0.0,0.0,0.0,0.0,0.0,0.0,0.0,0.0,0.0,0.04,0.02
21,4,2,3,False,2.9486157269902376,0.15646746256421995,4,qUCB,0.84,0.0,0.08,0.0,0.0,0.0,0.0,0.0,0.0,0.0,0.0,0.04,0.0,0.0,0.04
21,5,1,4,False,2.445445770324584,0.1730569098565944,0,qEHVI,0.12,0.08,0.76,0.0,0.02,0.0,0.0,0.0,0.02,0.0,0.0,0.0,0.0,0.0,0.0
21,5,1,4,False,2.445445770324584,0.1730569098565944,1,qUCB,0.84,0.0,0.08,0.0,0.0,0.0,0.0,0.0,0.0,0.0,0.0,0.04,0.0,0.0,0.04
21,5,1,4,False,2.445445770324584,0.1730569098565944,2,qUCB,0.34,0.0,0.56,0.04,0.0,0.0,0.0,0.0,0.0,0.0,0.0,0.04,0.0,0.0,0.02
21,5,1,4,False,2.445445770324584,0.1730569098565944,3,qUCB,0.74,0.08,0.08,0.04,0.0,0.0,0.0,0.0,0.0,0.0,0.0,0.02,0.0,0.04,0.0
21,5,1,4,False,2.445445770324584,0.1730569098565944,4,qUCB,0.22,0.52,0.16,0.04,0.0,0.0,0.0,0.0,0.0,0.0,0.0,0.0,0.0,0.04,0.02
21,6,0,5,False,2.083772441142269,0.35120947435090955,0,qUCB,0.64,0.2,0.08,0.0,0.0,0.0,0.0,0.0,0.0,0.0,0.0,0.04,0.0,0.04,0.0
21,6,0,5,False,2.083772441142269,0.35120947435090955,1,qUCB,0.0,0.18,0.78,0.0,0.02,0.0,0.0,0.0,0.0,0.0,0.0,0.02,0.0,0.0,0.0
21,6,0,5,False,2.083772441142269,0.35120947435090955,2,qUCB,0.34,0.0,0.56,0.04,0.0,0.0,0.0,0.0,0.0,0.0,0.0,0.04,0.0,0.0,0.02
21,6,0,5,False,2.083772441142269,0.35120947435090955,3,qUCB,0.8,0.0,0.1,0.04,0.02,0.0,0.0,0.0,0.02,0.0,0.0,0.0,0.0,0.02,0.0
21,6,0,5,False,2.083772441142269,0.35120947435090955,4,qUCB,0.28,0.54,0.18,0.0,0.0,0.0,0.0,0.0,0.0,0.0,0.0,0.0,0.0,0.0,0.0
22,1,5,0,False,5.210067687908333,0.11689444470499932,0,qEHVI,0.04,0.52,0.34,0.0,0.04,0.0,0.0,0.0,0.0,0.0,0.0,0.02,0.0,0.04,0.0
22,1,5,0,False,5.210067687908333,0.11689444470499932,1,qEHVI,0.14,0.04,0.72,0.0,0.04,0.0,0.0,0.0,0.0,0.0,0.0,0.0,0.0,0.04,0.02
22,1,5,0,False,5.210067687908333,0.11689444470499932,2,qEHVI,0.44,0.0,0.48,0.02,0.0,0.0,0.0,0.0,0.0,0.0,0.0,0.0,0.0,0.04,0.02
22,1,5,0,False,5.210067687908333,0.11689444470499932,3,qEHVI,0.08,0.04,0.78,0.0,0.04,0.0,0.0,0.0,0.02,0.0,0.0,0.0,0.0,0.04,0.0
22,1,5,0,False,5.210067687908333,0.11689444470499932,4,qEHVI,0.16,0.0,0.74,0.04,0.02,0.0,0.0,0.0,0.0,0.0,0.0,0.0,0.0,0.04,0.0
22,2,4,1,False,4.839053192946579,0.13175686370572492,0,qEHVI,0.04,0.52,0.34,0.0,0.04,0.0,0.0,0.0,0.0,0.0,0.0,0.02,0.0,0.04,0.0
22,2,4,1,False,4.839053192946579,0.13175686370572492,1,qEHVI,0.14,0.04,0.72,0.0,0.04,0.0,0.0,0.0,0.0,0.0,0.0,0.0,0.0,0.04,0.02
22,2,4,1,False,4.839053192946579,0.13175686370572492,2,qEHVI,0.44,0.0,0.48,0.02,0.0,0.0,0.0,0.0,0.0,0.0,0.0,0.0,0.0,0.04,0.02
22,2,4,1,False,4.839053192946579,0.13175686370572492,3,qEHVI,0.08,0.04,0.78,0.0,0.04,0.0,0.0,0.0,0.02,0.0,0.0,0.0,0.0,0.04,0.0
22,2,4,1,False,4.839053192946579,0.13175686370572492,4,qUCB,0.66,0.1,0.16,0.0,0.0,0.0,0.0,0.0,0.04,0.0,0.0,0.04,0.0,0.0,0.0
22,3,3,2,True,4.280262835979927,0.21616815248605725,0,qEHVI,0.04,0.52,0.34,0.0,0.04,0.0,0.0,0.0,0.0,0.0,0.0,0.02,0.0,0.04,0.0
22,3,3,2,True,4.280262835979927,0.21616815248605725,1,qEHVI,0.14,0.04,0.72,0.0,0.04,0.0,0.0,0.0,0.0,0.0,0.0,0.0,0.0,0.04,0.02
22,3,3,2,True,4.280262835979927,0.21616815248605725,2,qEHVI,0.44,0.0,0.48,0.02,0.0,0.0,0.0,0.0,0.0,0.0,0.0,0.0,0.0,0.04,0.02
22,3,3,2,True,4.280262835979927,0.21616815248605725,3,qUCB,0.66,0.1,0.16,0.0,0.0,0.0,0.0,0.0,0.04,0.0,0.0,0.04,0.0,0.0,0.0
22,3,3,2,True,4.280262835979927,0.21616815248605725,4,qUCB,0.46,0.24,0.22,0.0,0.0,0.0,0.0,0.0,0.04,0.0,0.0,0.04,0.0,0.0,0.0
22,4,2,3,False,3.851960825803294,0.040393811202434904,0,qEHVI,0.04,0.52,0.34,0.0,0.04,0.0,0.0,0.0,0.0,0.0,0.0,0.02,0.0,0.04,0.0
22,4,2,3,False,3.851960825803294,0.040393811202434904,1,qEHVI,0.14,0.04,0.72,0.0,0.04,0.0,0.0,0.0,0.0,0.0,0.0,0.0,0.0,0.04,0.02
22,4,2,3,False,3.851960825803294,0.040393811202434904,2,qUCB,0.62,0.12,0.18,0.04,0.0,0.0,0.0,0.0,0.04,0.0,0.0,0.0,0.0,0.0,0.0
22,4,2,3,False,3.851960825803294,0.040393811202434904,3,qUCB,0.32,0.02,0.56,0.04,0.0,0.0,0.0,0.0,0.0,0.0,0.0,0.04,0.0,0.0,0.02
22,4,2,3,False,3.851960825803294,0.040393811202434904,4,qUCB,0.68,0.06,0.16,0.0,0.0,0.0,0.0,0.0,0.02,0.0,0.0,0.04,0.0,0.0,0.04
22,5,1,4,False,2.538072834713698,0.2394480666931127,0,qEHVI,0.04,0.52,0.34,0.0,0.04,0.0,0.0,0.0,0.0,0.0,0.0,0.02,0.0,0.04,0.0
22,5,1,4,False,2.538072834713698,0.2394480666931127,1,qUCB,0.78,0.0,0.12,0.02,0.0,0.0,0.0,0.0,0.04,0.0,0.0,0.0,0.0,0.0,0.04
22,5,1,4,False,2.538072834713698,0.2394480666931127,2,qUCB,0.32,0.02,0.56,0.04,0.0,0.0,0.0,0.0,0.0,0.0,0.0,0.04,0.0,0.0,0.02
22,5,1,4,False,2.538072834713698,0.2394480666931127,3,qUCB,0.84,0.0,0.06,0.0,0.0,0.0,0.0,0.0,0.04,0.0,0.0,0.0,0.0,0.04,0.02
22,5,1,4,False,2.538072834713698,0.2394480666931127,4,qUCB,0.64,0.08,0.2,0.04,0.0,0.0,0.0,0.0,0.04,0.0,0.0,0.0,0.0,0.0,0.0
22,6,0,5,False,3.0580054337695897,0.4522719351288558,0,qUCB,0.74,0.12,0.06,0.0,0.04,0.0,0.0,0.0,0.0,0.0,0.0,0.0,0.0,0.04,0.0
22,6,0,5,False,3.0580054337695897,0.4522719351288558,1,qUCB,0.04,0.52,0.34,0.0,0.04,0.0,0.0,0.0,0.0,0.0,0.0,0.02,0.0,0.04,0.0
22,6,0,5,False,3.0580054337695897,0.4522719351288558,2,qUCB,0.38,0.0,0.56,0.04,0.0,0.0,0.0,0.0,0.0,0.0,0.0,0.02,0.0,0.0,0.0
22,6,0,5,False,3.0580054337695897,0.4522719351288558,3,qUCB,0.86,0.0,0.04,0.0,0.0,0.0,0.0,0.0,0.02,0.0,0.0,0.04,0.0,0.04,0.0
22,6,0,5,False,3.0580054337695897,0.4522719351288558,4,qUCB,0.34,0.04,0.52,0.0,0.0,0.0,0.0,0.0,0.0,0.0,0.0,0.02,0.0,0.04,0.04
23,1,5,0,True,2.2330082013777273,0.23320632976373679,0,qEHVI,0.54,0.0,0.38,0.0,0.0,0.0,0.0,0.0,0.0,0.0,0.0,0.04,0.0,0.04,0.0
23,1,5,0,True,2.2330082013777273,0.23320632976373679,1,qEHVI,0.5,0.0,0.44,0.0,0.0,0.0,0.0,0.0,0.0,0.0,0.0,0.02,0.0,0.04,0.0
23,1,5,0,True,2.2330082013777273,0.23320632976373679,2,qEHVI,0.46,0.0,0.44,0.04,0.04,0.0,0.0,0.0,0.02,0.0,0.0,0.0,0.0,0.0,0.0
23,1,5,0,True,2.2330082013777273,0.23320632976373679,3,qEHVI,0.66,0.16,0.1,0.02,0.02,0.0,0.0,0.0,0.0,0.0,0.0,0.04,0.0,0.0,0.0
23,1,5,0,True,2.2330082013777273,0.23320632976373679,4,qEHVI,0.16,0.02,0.72,0.0,0.04,0.0,0.0,0.0,0.0,0.0,0.0,0.0,0.0,0.04,0.02
23,2,4,1,False,1.9794510699852599,0.20753559715597447,0,qEHVI,0.54,0.0,0.38,0.0,0.0,0.0,0.0,0.0,0.0,0.0,0.0,0.04,0.0,0.04,0.0
23,2,4,1,False,1.9794510699852599,0.20753559715597447,1,qEHVI,0.5,0.0,0.44,0.0,0.0,0.0,0.0,0.0,0.0,0.0,0.0,0.02,0.0,0.04,0.0
23,2,4,1,False,1.9794510699852599,0.20753559715597447,2,qEHVI,0.46,0.0,0.44,0.04,0.04,0.0,0.0,0.0,0.02,0.0,0.0,0.0,0.0,0.0,0.0
23,2,4,1,False,1.9794510699852599,0.20753559715597447,3,qEHVI,0.66,0.16,0.1,0.02,0.02,0.0,0.0,0.0,0.0,0.0,0.0,0.04,0.0,0.0,0.0
23,2,4,1,False,1.9794510699852599,0.20753559715597447,4,qUCB,0.4,0.38,0.14,0.0,0.0,0.0,0.0,0.0,0.04,0.0,0.0,0.0,0.0,0.0,0.04
23,3,3,2,False,1.8664375695182303,0.16121801253325074,0,qEHVI,0.54,0.0,0.38,0.0,0.0,0.0,0.0,0.0,0.0,0.0,0.0,0.04,0.0,0.04,0.0
23,3,3,2,False,1.8664375695182303,0.16121801253325074,1,qEHVI,0.46,0.0,0.44,0.04,0.04,0.0,0.0,0.0,0.02,0.0,0.0,0.0,0.0,0.0,0.0
23,3,3,2,False,1.8664375695182303,0.16121801253325074,2,qEHVI,0.5,0.0,0.44,0.0,0.0,0.0,0.0,0.0,0.0,0.0,0.0,0.02,0.0,0.04,0.0
23,3,3,2,False,1.8664375695182303,0.16121801253325074,3,qUCB,0.6,0.18,0.12,0.0,0.04,0.0,0.0,0.0,0.0,0.0,0.0,0.02,0.0,0.0,0.04
23,3,3,2,False,1.8664375695182303,0.16121801253325074,4,qUCB,0.56,0.2,0.14,0.0,0.0,0.0,0.0,0.0,0.04,0.0,0.0,0.02,0.0,0.0,0.04
23,4,2,3,False,1.486451392954723,0.2491741981717337,0,qEHVI,0.54,0.0,0.38,0.0,0.0,0.0,0.0,0.0,0.0,0.0,0.0,0.04,0.0,0.04,0.0
23,4,2,3,False,1.486451392954723,0.2491741981717337,1,qEHVI,0.5,0.0,0.44,0.0,0.0,0.0,0.0,0.0,0.0,0.0,0.0,0.02,0.0,0.04,0.0
23,4,2,3,False,1.486451392954723,0.2491741981717337,2,qUCB,0.54,0.28,0.08,0.02,0.04,0.0,0.0,0.0,0.0,0.0,0.0,0.0,0.0,0.0,0.04
23,4,2,3,False,1.486451392954723,0.2491741981717337,3,qUCB,0.66,0.12,0.12,0.04,0.04,0.0,0.0,0.0,0.0,0.0,0.0,0.0,0.0,0.0,0.02
23,4,2,3,False,1.486451392954723,0.2491741981717337,4,qUCB,0.78,0.02,0.1,0.0,0.04,0.0,0.0,0.0,0.04,0.0,0.0,0.0,0.0,0.0,0.02
23,5,1,4,False,1.0764740555547991,0.23118514548166624,0,qEHVI,0.54,0.0,0.38,0.0,0.0,0.0,0.0,0.0,0.0,0.0,0.0,0.04,0.0,0.04,0.0
23,5,1,4,False,1.0764740555547991,0.23118514548166624,1,qUCB,0.54,0.28,0.08,0.02,0.04,0.0,0.0,0.0,0.0,0.0,0.0,0.0,0.0,0.0,0.04
23,5,1,4,False,1.0764740555547991,0.23118514548166624,2,qUCB,0.66,0.12,0.12,0.04,0.04,0.0,0.0,0.0,0.0,0.0,0.0,0.0,0.0,0.0,0.02
23,5,1,4,False,1.0764740555547991,0.23118514548166624,3,qUCB,0.78,0.02,0.1,0.0,0.04,0.0,0.0,0.0,0.04,0.0,0.0,0.0,0.0,0.0,0.02
23,5,1,4,False,1.0764740555547991,0.23118514548166624,4,qUCB,0.46,0.28,0.16,0.04,0.04,0.0,0.0,0.0,0.02,0.0,0.0,0.0,0.0,0.0,0.0
23,6,0,5,False,1.4378261848538825,0.6725653971145784,0,qUCB,0.54,0.0,0.38,0.0,0.0,0.0,0.0,0.0,0.0,0.0,0.0,0.04,0.0,0.04,0.0
23,6,0,5,False,1.4378261848538825,0.6725653971145784,1,qUCB,0.66,0.16,0.08,0.0,0.04,0.0,0.0,0.0,0.0,0.0,0.0,0.04,0.0,0.0,0.02
23,6,0,5,False,1.4378261848538825,0.6725653971145784,2,qUCB,0.84,0.0,0.06,0.0,0.02,0.0,0.0,0.0,0.0,0.0,0.0,0.04,0.0,0.04,0.0
23,6,0,5,False,1.4378261848538825,0.6725653971145784,3,qUCB,0.74,0.06,0.1,0.04,0.0,0.0,0.0,0.0,0.02,0.0,0.0,0.0,0.0,0.04,0.0
23,6,0,5,False,1.4378261848538825,0.6725653971145784,4,qUCB,0.62,0.2,0.08,0.0,0.04,0.0,0.0,0.0,0.0,0.0,0.0,0.02,0.0,0.04,0.0
24,1,5,0,False,4.024738005210539,0.08618151150820141,0,qEHVI,0.0,0.14,0.78,0.0,0.04,0.0,0.0,0.0,0.0,0.0,0.0,0.0,0.0,0.04,0.0
24,1,5,0,False,4.024738005210539,0.08618151150820141,1,qEHVI,0.72,0.14,0.06,0.0,0.0,0.0,0.0,0.0,0.0,0.0,0.0,0.04,0.0,0.04,0.0
24,1,5,0,False,4.024738005210539,0.08618151150820141,2,qEHVI,0.64,0.18,0.08,0.02,0.04,0.0,0.0,0.0,0.0,0.0,0.0,0.0,0.0,0.04,0.0
24,1,5,0,False,4.024738005210539,0.08618151150820141,3,qEHVI,0.0,0.18,0.72,0.04,0.02,0.0,0.0,0.0,0.0,0.0,0.0,0.0,0.0,0.04,0.0
24,1,5,0,False,4.024738005210539,0.08618151150820141,4,qEHVI,0.5,0.1,0.3,0.04,0.0,0.0,0.0,0.0,0.0,0.0,0.0,0.02,0.0,0.04,0.0
24,2,4,1,False,3.557701113124072,0.1585409901096808,0,qEHVI,0.0,0.14,0.78,0.0,0.04,0.0,0.0,0.0,0.0,0.0,0.0,0.0,0.0,0.04,0.0
24,2,4,1,False,3.557701113124072,0.1585409901096808,1,qEHVI,0.72,0.14,0.06,0.0,0.0,0.0,0.0,0.0,0.0,0.0,0.0,0.04,0.0,0.04,0.0
24,2,4,1,False,3.557701113124072,0.1585409901096808,2,qEHVI,0.64,0.18,0.08,0.02,0.04,0.0,0.0,0.0,0.0,0.0,0.0,0.0,0.0,0.04,0.0
24,2,4,1,False,3.557701113124072,0.1585409901096808,3,qEHVI,0.0,0.18,0.72,0.04,0.02,0.0,0.0,0.0,0.0,0.0,0.0,0.0,0.0,0.04,0.0
24,2,4,1,False,3.557701113124072,0.1585409901096808,4,qUCB,0.66,0.04,0.2,0.02,0.0,0.0,0.0,0.0,0.04,0.0,0.0,0.0,0.0,0.0,0.04
24,3,3,2,True,3.231560386374359,0.2648478038948392,0,qEHVI,0.0,0.14,0.78,0.0,0.04,0.0,0.0,0.0,0.0,0.0,0.0,0.0,0.0,0.04,0.0
24,3,3,2,True,3.231560386374359,0.2648478038948392,1,qEHVI,0.72,0.14,0.06,0.0,0.0,0.0,0.0,0.0,0.0,0.0,0.0,0.04,0.0,0.04,0.0
24,3,3,2,True,3.231560386374359,0.2648478038948392,2,qEHVI,0.64,0.18,0.08,0.02,0.04,0.0,0.0,0.0,0.0,0.0,0.0,0.0,0.0,0.04,0.0
24,3,3,2,True,3.231560386374359,0.2648478038948392,3,qUCB,0.4,0.06,0.44,0.02,0.0,0.0,0.0,0.0,0.04,0.0,0.0,0.0,0.0,0.0,0.04
24,3,3,2,True,3.231560386374359,0.2648478038948392,4,qUCB,0.36,0.0,0.56,0.04,0.0,0.0,0.0,0.0,0.04,0.0,0.0,0.0,0.0,0.0,0.0
24,4,2,3,False,2.903503743835477,0.19197277962650894,0,qEHVI,0.0,0.14,0.78,0.0,0.04,0.0,0.0,0.0,0.0,0.0,0.0,0.0,0.0,0.04,0.0
24,4,2,3,False,2.903503743835477,0.19197277962650894,1,qEHVI,0.72,0.14,0.06,0.0,0.0,0.0,0.0,0.0,0.0,0.0,0.0,0.04,0.0,0.04,0.0
24,4,2,3,False,2.903503743835477,0.19197277962650894,2,qUCB,0.48,0.02,0.4,0.04,0.0,0.0,0.0,0.0,0.02,0.0,0.0,0.0,0.0,0.0,0.04
24,4,2,3,False,2.903503743835477,0.19197277962650894,3,qUCB,0.36,0.0,0.56,0.04,0.0,0.0,0.0,0.0,0.04,0.0,0.0,0.0,0.0,0.0,0.0
24,4,2,3,False,2.903503743835477,0.19197277962650894,4,qUCB,0.44,0.0,0.46,0.04,0.0,0.0,0.0,0.0,0.04,0.0,0.0,0.0,0.0,0.0,0.02
24,5,1,4,False,2.5121505987272332,0.01092024076423126,0,qEHVI,0.0,0.14,0.78,0.0,0.04,0.0,0.0,0.0,0.0,0.0,0.0,0.0,0.0,0.04,0.0
24,5,1,4,False,2.5121505987272332,0.01092024076423126,1,qUCB,0.74,0.1,0.08,0.0,0.0,0.0,0.0,0.0,0.0,0.0,0.0,0.04,0.0,0.0,0.04
24,5,1,4,False,2.5121505987272332,0.01092024076423126,2,qUCB,0.36,0.0,0.56,0.04,0.0,0.0,0.0,0.0,0.04,0.0,0.0,0.0,0.0,0.0,0.0
24,5,1,4,False,2.5121505987272332,0.01092024076423126,3,qUCB,0.88,0.0,0.04,0.0,0.0,0.0,0.0,0.0,0.0,0.0,0.0,0.04,0.0,0.04,0.0
24,5,1,4,False,2.5121505987272332,0.01092024076423126,4,qUCB,0.38,0.0,0.54,0.0,0.0,0.0,0.0,0.0,0.0,0.0,0.0,0.04,0.0,0.0,0.04
24,6,0,5,False,1.589467869443392,0.09367405382563021,0,qUCB,0.72,0.14,0.06,0.0,0.0,0.0,0.0,0.0,0.0,0.0,0.0,0.04,0.0,0.04,0.0
24,6,0,5,False,1.589467869443392,0.09367405382563021,1,qUCB,0.36,0.0,0.56,0.04,0.0,0.0,0.0,0.0,0.04,0.0,0.0,0.0,0.0,0.0,0.0
24,6,0,5,False,1.589467869443392,0.09367405382563021,2,qUCB,0.0,0.34,0.62,0.0,0.04,0.0,0.0,0.0,0.0,0.0,0.0,0.0,0.0,0.0,0.0
24,6,0,5,False,1.589467869443392,0.09367405382563021,3,qUCB,0.0,0.26,0.64,0.0,0.04,0.0,0.0,0.0,0.0,0.0,0.0,0.02,0.0,0.04,0.0
24,6,0,5,False,1.589467869443392,0.09367405382563021,4,qUCB,0.0,0.36,0.62,0.0,0.0,0.0,0.0,0.0,0.0,0.0,0.0,0.0,0.0,0.02,0.0
25,1,5,0,False,2.9270758826063696,0.10247937315254063,0,qEHVI,0.0,0.52,0.44,0.0,0.0,0.0,0.0,0.0,0.0,0.0,0.0,0.0,0.0,0.04,0.0
25,1,5,0,False,2.9270758826063696,0.10247937315254063,1,qEHVI,0.72,0.18,0.0,0.0,0.0,0.0,0.0,0.0,0.0,0.0,0.0,0.02,0.0,0.04,0.04
25,1,5,0,False,2.9270758826063696,0.10247937315254063,2,qEHVI,0.8200000000000001,0.02,0.1,0.0,0.0,0.0,0.0,0.0,0.02,0.0,0.0,0.0,0.0,0.04,0.0
25,1,5,0,False,2.9270758826063696,0.10247937315254063,3,qEHVI,0.16,0.0,0.76,0.02,0.04,0.0,0.0,0.0,0.0,0.0,0.0,0.0,0.0,0.02,0.0
25,1,5,0,False,2.9270758826063696,0.10247937315254063,4,qEHVI,0.32,0.38,0.2,0.0,0.04,0.0,0.0,0.0,0.0,0.0,0.0,0.04,0.0,0.0,0.02
25,2,4,1,False,2.7686810456427997,0.06680924695115831,0,qEHVI,0.0,0.52,0.44,0.0,0.0,0.0,0.0,0.0,0.0,0.0,0.0,0.0,0.0,0.04,0.0
25,2,4,1,False,2.7686810456427997,0.06680924695115831,1,qEHVI,0.72,0.18,0.0,0.0,0.0,0.0,0.0,0.0,0.0,0.0,0.0,0.02,0.0,0.04,0.04
25,2,4,1,False,2.7686810456427997,0.06680924695115831,2,qEHVI,0.8200000000000001,0.02,0.1,0.0,0.0,0.0,0.0,0.0,0.02,0.0,0.0,0.0,0.0,0.04,0.0
25,2,4,1,False,2.7686810456427997,0.06680924695115831,3,qEHVI,0.16,0.0,0.76,0.02,0.04,0.0,0.0,0.0,0.0,0.0,0.0,0.0,0.0,0.02,0.0
25,2,4,1,False,2.7686810456427997,0.06680924695115831,4,qUCB,0.32,0.42,0.16,0.04,0.0,0.0,0.0,0.0,0.02,0.0,0.0,0.04,0.0,0.0,0.0
25,3,3,2,True,2.7192970704375816,0.056162500377709534,0,qEHVI,0.0,0.52,0.44,0.0,0.0,0.0,0.0,0.0,0.0,0.0,0.0,0.0,0.0,0.04,0.0
25,3,3,2,True,2.7192970704375816,0.056162500377709534,1,qEHVI,0.72,0.18,0.0,0.0,0.0,0.0,0.0,0.0,0.0,0.0,0.0,0.02,0.0,0.04,0.04
25,3,3,2,True,2.7192970704375816,0.056162500377709534,2,qEHVI,0.8200000000000001,0.02,0.1,0.0,0.0,0.0,0.0,0.0,0.02,0.0,0.0,0.0,0.0,0.04,0.0
25,3,3,2,True,2.7192970704375816,0.056162500377709534,3,qUCB,0.32,0.48,0.1,0.04,0.04,0.0,0.0,0.0,0.0,0.0,0.0,0.02,0.0,0.0,0.0
25,3,3,2,True,2.7192970704375816,0.056162500377709534,4,qUCB,0.26,0.46,0.18,0.0,0.04,0.0,0.0,0.0,0.02,0.0,0.0,0.04,0.0,0.0,0.0
25,4,2,3,False,2.5828111556806572,0.7542666121000732,0,qEHVI,0.0,0.52,0.44,0.0,0.0,0.0,0.0,0.0,0.0,0.0,0.0,0.0,0.0,0.04,0.0
25,4,2,3,False,2.5828111556806572,0.7542666121000732,1,qEHVI,0.72,0.18,0.0,0.0,0.0,0.0,0.0,0.0,0.0,0.0,0.0,0.02,0.0,0.04,0.04
25,4,2,3,False,2.5828111556806572,0.7542666121000732,2,qUCB,0.78,0.02,0.12,0.0,0.0,0.0,0.0,0.0,0.04,0.0,0.0,0.04,0.0,0.0,0.0
25,4,2,3,False,2.5828111556806572,0.7542666121000732,3,qUCB,0.2,0.74,0.0,0.0,0.04,0.0,0.0,0.0,0.02,0.0,0.0,0.0,0.0,0.0,0.0
25,4,2,3,False,2.5828111556806572,0.7542666121000732,4,qUCB,0.66,0.24,0.0,0.0,0.04,0.0,0.0,0.0,0.04,0.0,0.0,0.02,0.0,0.0,0.0
25,5,1,4,False,2.278021175894872,0.26972267442024034,0,qEHVI,0.0,0.52,0.44,0.0,0.0,0.0,0.0,0.0,0.0,0.0,0.0,0.0,0.0,0.04,0.0
25,5,1,4,False,2.278021175894872,0.26972267442024034,1,qUCB,0.78,0.02,0.12,0.0,0.0,0.0,0.0,0.0,0.04,0.0,0.0,0.04,0.0,0.0,0.0
25,5,1,4,False,2.278021175894872,0.26972267442024034,2,qUCB,0.2,0.74,0.0,0.0,0.04,0.0,0.0,0.0,0.02,0.0,0.0,0.0,0.0,0.0,0.0
25,5,1,4,False,2.278021175894872,0.26972267442024034,3,qUCB,0.76,0.02,0.12,0.04,0.02,0.0,0.0,0.0,0.0,0.0,0.0,0.04,0.0,0.0,0.0
25,5,1,4,False,2.278021175894872,0.26972267442024034,4,qUCB,0.66,0.24,0.0,0.0,0.04,0.0,0.0,0.0,0.04,0.0,0.0,0.02,0.0,0.0,0.0
25,6,0,5,False,2.209007668999435,0.03974163274193465,0,qUCB,0.78,0.02,0.12,0.0,0.0,0.0,0.0,0.0,0.04,0.0,0.0,0.04,0.0,0.0,0.0
25,6,0,5,False,2.209007668999435,0.03974163274193465,1,qUCB,0.2,0.74,0.0,0.0,0.04,0.0,0.0,0.0,0.02,0.0,0.0,0.0,0.0,0.0,0.0
25,6,0,5,False,2.209007668999435,0.03974163274193465,2,qUCB,0.36,0.44,0.2,0.0,0.0,0.0,0.0,0.0,0.0,0.0,0.0,0.0,0.0,0.0,0.0
25,6,0,5,False,2.209007668999435,0.03974163274193465,3,qUCB,0.22,0.54,0.14,0.04,0.04,0.0,0.0,0.0,0.0,0.0,0.0,0.0,0.0,0.02,0.0
25,6,0,5,False,2.209007668999435,0.03974163274193465,4,qUCB,0.0,0.52,0.44,0.0,0.0,0.0,0.0,0.0,0.0,0.0,0.0,0.0,0.0,0.04,0.0
26,1,5,0,False,1.8408137150126833,0.26467672141847887,0,qEHVI,0.4,0.1,0.4,0.04,0.0,0.0,0.0,0.0,0.0,0.0,0.0,0.0,0.0,0.04,0.02
26,1,5,0,False,1.8408137150126833,0.26467672141847887,1,qEHVI,0.42,0.18,0.3,0.02,0.0,0.0,0.0,0.0,0.0,0.0,0.0,0.04,0.0,0.04,0.0
26,1,5,0,False,1.8408137150126833,0.26467672141847887,2,qEHVI,0.4,0.0,0.5,0.0,0.02,0.0,0.0,0.0,0.04,0.0,0.0,0.0,0.0,0.0,0.04
26,1,5,0,False,1.8408137150126833,0.26467672141847887,3,qEHVI,0.48,0.34,0.08,0.02,0.04,0.0,0.0,0.0,0.0,0.0,0.0,0.04,0.0,0.0,0.0
26,1,5,0,False,1.8408137150126833,0.26467672141847887,4,qEHVI,0.62,0.26,0.02,0.0,0.0,0.0,0.0,0.0,0.0,0.0,0.0,0.02,0.0,0.04,0.04
26,2,4,1,False,1.6197784870463412,0.07636424677496179,0,qEHVI,0.4,0.1,0.4,0.04,0.0,0.0,0.0,0.0,0.0,0.0,0.0,0.0,0.0,0.04,0.02
26,2,4,1,False,1.6197784870463412,0.07636424677496179,1,qEHVI,0.42,0.18,0.3,0.02,0.0,0.0,0.0,0.0,0.0,0.0,0.0,0.04,0.0,0.04,0.0
26,2,4,1,False,1.6197784870463412,0.07636424677496179,2,qEHVI,0.4,0.0,0.5,0.0,0.02,0.0,0.0,0.0,0.04,0.0,0.0,0.0,0.0,0.0,0.04
26,2,4,1,False,1.6197784870463412,0.07636424677496179,3,qEHVI,0.48,0.34,0.08,0.02,0.04,0.0,0.0,0.0,0.0,0.0,0.0,0.04,0.0,0.0,0.0
26,2,4,1,False,1.6197784870463412,0.07636424677496179,4,qUCB,0.78,0.0,0.22,0.0,0.0,0.0,0.0,0.0,0.0,0.0,0.0,0.0,0.0,0.0,0.0
26,3,3,2,True,1.4317926736445878,0.11899599711433484,0,qEHVI,0.4,0.1,0.4,0.04,0.0,0.0,0.0,0.0,0.0,0.0,0.0,0.0,0.0,0.04,0.02
26,3,3,2,True,1.4317926736445878,0.11899599711433484,1,qEHVI,0.42,0.18,0.3,0.02,0.0,0.0,0.0,0.0,0.0,0.0,0.0,0.04,0.0,0.04,0.0
26,3,3,2,True,1.4317926736445878,0.11899599711433484,2,qEHVI,0.4,0.0,0.5,0.0,0.02,0.0,0.0,0.0,0.04,0.0,0.0,0.0,0.0,0.0,0.04
26,3,3,2,True,1.4317926736445878,0.11899599711433484,3,qUCB,0.78,0.0,0.22,0.0,0.0,0.0,0.0,0.0,0.0,0.0,0.0,0.0,0.0,0.0,0.0
26,3,3,2,True,1.4317926736445878,0.11899599711433484,4,qUCB,0.4,0.4,0.1,0.04,0.04,0.0,0.0,0.0,0.02,0.0,0.0,0.0,0.0,0.0,0.0
26,4,2,3,False,0.9929821494921529,0.050927736735679796,0,qEHVI,0.4,0.1,0.4,0.04,0.0,0.0,0.0,0.0,0.0,0.0,0.0,0.0,0.0,0.04,0.02
26,4,2,3,False,0.9929821494921529,0.050927736735679796,1,qEHVI,0.42,0.18,0.3,0.02,0.0,0.0,0.0,0.0,0.0,0.0,0.0,0.04,0.0,0.04,0.0
26,4,2,3,False,0.9929821494921529,0.050927736735679796,2,qUCB,0.44,0.04,0.42,0.0,0.04,0.0,0.0,0.0,0.04,0.0,0.0,0.0,0.0,0.0,0.02
26,4,2,3,False,0.9929821494921529,0.050927736735679796,3,qUCB,0.2,0.7000000000000001,0.0,0.0,0.04,0.0,0.0,0.0,0.04,0.0,0.0,0.0,0.0,0.0,0.02
26,4,2,3,False,0.9929821494921529,0.050927736735679796,4,qUCB,0.62,0.18,0.1,0.0,0.02,0.0,0.0,0.0,0.04,0.0,0.0,0.0,0.0,0.0,0.04
26,5,1,4,False,0.8639388235974196,0.49781974142465146,0,qEHVI,0.4,0.1,0.4,0.04,0.0,0.0,0.0,0.0,0.0,0.0,0.0,0.0,0.0,0.04,0.02
26,5,1,4,False,0.8639388235974196,0.49781974142465146,1,qUCB,0.68,0.18,0.06,0.0,0.04,0.0,0.0,0.0,0.0,0.0,0.0,0.04,0.0,0.0,0.0
26,5,1,4,False,0.8639388235974196,0.49781974142465146,2,qUCB,0.46,0.34,0.1,0.0,0.04,0.0,0.0,0.0,0.02,0.0,0.0,0.04,0.0,0.0,0.0
26,5,1,4,False,0.8639388235974196,0.49781974142465146,3,qUCB,0.6,0.26,0.04,0.0,0.04,0.0,0.0,0.0,0.02,0.0,0.0,0.04,0.0,0.0,0.0
26,5,1,4,False,0.8639388235974196,0.49781974142465146,4,qUCB,0.2,0.7000000000000001,0.0,0.0,0.04,0.0,0.0,0.0,0.04,0.0,0.0,0.0,0.0,0.0,0.02
26,6,0,5,False,0.8230981055219346,0.5041194770766362,0,qUCB,0.4,0.1,0.4,0.04,0.0,0.0,0.0,0.0,0.0,0.0,0.0,0.0,0.0,0.04,0.02
26,6,0,5,False,0.8230981055219346,0.5041194770766362,1,qUCB,0.78,0.0,0.22,0.0,0.0,0.0,0.0,0.0,0.0,0.0,0.0,0.0,0.0,0.0,0.0
26,6,0,5,False,0.8230981055219346,0.5041194770766362,2,qUCB,0.84,0.02,0.1,0.04,0.0,0.0,0.0,0.0,0.0,0.0,0.0,0.0,0.0,0.0,0.0
26,6,0,5,False,0.8230981055219346,0.5041194770766362,3,qUCB,0.2,0.72,0.0,0.04,0.0,0.0,0.0,0.0,0.0,0.0,0.0,0.0,0.0,0.04,0.0
26,6,0,5,False,0.8230981055219346,0.5041194770766362,4,qUCB,0.3,0.46,0.22,0.0,0.0,0.0,0.0,0.0,0.0,0.0,0.0,0.0,0.0,0.02,0.0
27,1,5,0,False,1.53731341718405,0.15343130490134316,0,qEHVI,0.52,0.04,0.4,0.02,0.0,0.0,0.0,0.0,0.0,0.0,0.0,0.0,0.0,0.02,0.0
27,1,5,0,False,1.53731341718405,0.15343130490134316,1,qEHVI,0.66,0.24,0.02,0.0,0.0,0.0,0.0,0.0,0.0,0.0,0.0,0.04,0.0,0.0,0.04
27,1,5,0,False,1.53731341718405,0.15343130490134316,2,qEHVI,0.54,0.26,0.1,0.04,0.0,0.0,0.0,0.0,0.0,0.0,0.0,0.04,0.0,0.0,0.02
27,1,5,0,False,1.53731341718405,0.15343130490134316,3,qEHVI,0.64,0.32,0.02,0.0,0.0,0.0,0.0,0.0,0.0,0.0,0.0,0.0,0.0,0.02,0.0
27,1,5,0,False,1.53731341718405,0.15343130490134316,4,qEHVI,0.4,0.0,0.5,0.02,0.0,0.0,0.0,0.0,0.02,0.0,0.0,0.0,0.0,0.04,0.02
27,2,4,1,False,1.3966300126436035,0.14304815227392675,0,qEHVI,0.52,0.04,0.4,0.02,0.0,0.0,0.0,0.0,0.0,0.0,0.0,0.0,0.0,0.02,0.0
27,2,4,1,False,1.3966300126436035,0.14304815227392675,1,qEHVI,0.66,0.24,0.02,0.0,0.0,0.0,0.0,0.0,0.0,0.0,0.0,0.04,0.0,0.0,0.04
27,2,4,1,False,1.3966300126436035,0.14304815227392675,2,qEHVI,0.54,0.26,0.1,0.04,0.0,0.0,0.0,0.0,0.0,0.0,0.0,0.04,0.0,0.0,0.02
27,2,4,1,False,1.3966300126436035,0.14304815227392675,3,qEHVI,0.64,0.32,0.02,0.0,0.0,0.0,0.0,0.0,0.0,0.0,0.0,0.0,0.0,0.02,0.0
27,2,4,1,False,1.3966300126436035,0.14304815227392675,4,qUCB,0.62,0.22,0.06,0.0,0.02,0.0,0.0,0.0,0.04,0.0,0.0,0.04,0.0,0.0,0.0
27,3,3,2,True,1.179732204036337,0.20202688816984748,0,qEHVI,0.52,0.04,0.4,0.02,0.0,0.0,0.0,0.0,0.0,0.0,0.0,0.0,0.0,0.02,0.0
27,3,3,2,True,1.179732204036337,0.20202688816984748,1,qEHVI,0.66,0.24,0.02,0.0,0.0,0.0,0.0,0.0,0.0,0.0,0.0,0.04,0.0,0.0,0.04
27,3,3,2,True,1.179732204036337,0.20202688816984748,2,qEHVI,0.54,0.26,0.1,0.04,0.0,0.0,0.0,0.0,0.0,0.0,0.0,0.04,0.0,0.0,0.02
27,3,3,2,True,1.179732204036337,0.20202688816984748,3,qUCB,0.56,0.24,0.1,0.0,0.04,0.0,0.0,0.0,0.04,0.0,0.0,0.02,0.0,0.0,0.0
27,3,3,2,True,1.179732204036337,0.20202688816984748,4,qUCB,0.16,0.76,0.0,0.0,0.04,0.0,0.0,0.0,0.02,0.0,0.0,0.0,0.0,0.0,0.02
27,4,2,3,False,0.921047047994387,0.24450145390707556,0,qEHVI,0.52,0.04,0.4,0.02,0.0,0.0,0.0,0.0,0.0,0.0,0.0,0.0,0.0,0.02,0.0
27,4,2,3,False,0.921047047994387,0.24450145390707556,1,qEHVI,0.66,0.24,0.02,0.0,0.0,0.0,0.0,0.0,0.0,0.0,0.0,0.04,0.0,0.0,0.04
27,4,2,3,False,0.921047047994387,0.24450145390707556,2,qUCB,0.56,0.24,0.1,0.0,0.04,0.0,0.0,0.0,0.04,0.0,0.0,0.02,0.0,0.0,0.0
27,4,2,3,False,0.921047047994387,0.24450145390707556,3,qUCB,0.16,0.76,0.0,0.0,0.04,0.0,0.0,0.0,0.02,0.0,0.0,0.0,0.0,0.0,0.02
27,4,2,3,False,0.921047047994387,0.24450145390707556,4,qUCB,0.2,0.48,0.24,0.0,0.04,0.0,0.0,0.0,0.04,0.0,0.0,0.0,0.0,0.0,0.0
27,5,1,4,False,0.6162572846077282,0.040394712147649336,0,qEHVI,0.52,0.04,0.4,0.02,0.0,0.0,0.0,0.0,0.0,0.0,0.0,0.0,0.0,0.02,0.0
27,5,1,4,False,0.6162572846077282,0.040394712147649336,1,qUCB,0.62,0.22,0.06,0.0,0.02,0.0,0.0,0.0,0.04,0.0,0.0,0.04,0.0,0.0,0.0
27,5,1,4,False,0.6162572846077282,0.040394712147649336,2,qUCB,0.14,0.76,0.0,0.0,0.02,0.0,0.0,0.0,0.04,0.0,0.0,0.0,0.0,0.0,0.04
27,5,1,4,False,0.6162572846077282,0.040394712147649336,3,qUCB,0.28,0.62,0.0,0.0,0.04,0.0,0.0,0.0,0.0,0.0,0.0,0.04,0.0,0.0,0.02
27,5,1,4,False,0.6162572846077282,0.040394712147649336,4,qUCB,0.14,0.52,0.24,0.0,0.0,0.0,0.0,0.0,0.04,0.0,0.0,0.04,0.0,0.0,0.02
27,6,0,5,False,0.7871114841803727,0.09517548453996749,0,qUCB,0.42,0.08,0.4,0.04,0.0,0.0,0.0,0.0,0.04,0.0,0.0,0.0,0.0,0.02,0.0
27,6,0,5,False,0.7871114841803727,0.09517548453996749,1,qUCB,0.22,0.74,0.0,0.0,0.02,0.0,0.0,0.0,0.0,0.0,0.0,0.02,0.0,0.0,0.0
27,6,0,5,False,0.7871114841803727,0.09517548453996749,2,qUCB,0.8200000000000001,0.0,0.08,0.04,0.0,0.0,0.0,0.0,0.04,0.0,0.0,0.0,0.0,0.0,0.02
27,6,0,5,False,0.7871114841803727,0.09517548453996749,3,qUCB,0.02,0.36,0.62,0.0,0.0,0.0,0.0,0.0,0.0,0.0,0.0,0.0,0.0,0.0,0.0
27,6,0,5,False,0.7871114841803727,0.09517548453996749,4,qUCB,0.54,0.04,0.4,0.0,0.0,0.0,0.0,0.0,0.0,0.0,0.0,0.0,0.0,0.0,0.02
28,1,5,0,False,1.0575939627826012,0.25302513244860414,0,qEHVI,0.62,0.34,0.02,0.0,0.0,0.0,0.0,0.0,0.0,0.0,0.0,0.02,0.0,0.0,0.0
28,1,5,0,False,1.0575939627826012,0.25302513244860414,1,qEHVI,0.48,0.04,0.38,0.04,0.0,0.0,0.0,0.0,0.0,0.0,0.0,0.04,0.0,0.02,0.0
28,1,5,0,False,1.0575939627826012,0.25302513244860414,2,qEHVI,0.0,0.56,0.4,0.0,0.0,0.0,0.0,0.0,0.0,0.0,0.0,0.0,0.0,0.0,0.04
28,1,5,0,False,1.0575939627826012,0.25302513244860414,3,qEHVI,0.4,0.0,0.5,0.02,0.02,0.0,0.0,0.0,0.02,0.0,0.0,0.0,0.0,0.0,0.04
28,1,5,0,False,1.0575939627826012,0.25302513244860414,4,qEHVI,0.5,0.02,0.38,0.02,0.04,0.0,0.0,0.0,0.0,0.0,0.0,0.0,0.0,0.04,0.0
28,2,4,1,True,1.0747786827681438,0.4090385958455549,0,qEHVI,0.62,0.34,0.02,0.0,0.0,0.0,0.0,0.0,0.0,0.0,0.0,0.02,0.0,0.0,0.0
28,2,4,1,True,1.0747786827681438,0.4090385958455549,1,qEHVI,0.48,0.04,0.38,0.04,0.0,0.0,0.0,0.0,0.0,0.0,0.0,0.04,0.0,0.02,0.0
28,2,4,1,True,1.0747786827681438,0.4090385958455549,2,qEHVI,0.0,0.56,0.4,0.0,0.0,0.0,0.0,0.0,0.0,0.0,0.0,0.0,0.0,0.0,0.04
28,2,4,1,True,1.0747786827681438,0.4090385958455549,3,qEHVI,0.4,0.0,0.5,0.02,0.02,0.0,0.0,0.0,0.02,0.0,0.0,0.0,0.0,0.0,0.04
28,2,4,1,True,1.0747786827681438,0.4090385958455549,4,qUCB,0.5,0.02,0.38,0.02,0.04,0.0,0.0,0.0,0.0,0.0,0.0,0.0,0.0,0.04,0.0
28,3,3,2,False,0.8776614901866235,0.24258368413722464,0,qEHVI,0.62,0.34,0.02,0.0,0.0,0.0,0.0,0.0,0.0,0.0,0.0,0.02,0.0,0.0,0.0
28,3,3,2,False,0.8776614901866235,0.24258368413722464,1,qEHVI,0.0,0.56,0.4,0.0,0.0,0.0,0.0,0.0,0.0,0.0,0.0,0.0,0.0,0.0,0.04
28,3,3,2,False,0.8776614901866235,0.24258368413722464,2,qEHVI,0.48,0.04,0.38,0.04,0.0,0.0,0.0,0.0,0.0,0.0,0.0,0.04,0.0,0.02,0.0
28,3,3,2,False,0.8776614901866235,0.24258368413722464,3,qUCB,0.5,0.0,0.4,0.0,0.04,0.0,0.0,0.0,0.04,0.0,0.0,0.0,0.0,0.02,0.0
28,3,3,2,False,0.8776614901866235,0.24258368413722464,4,qUCB,0.76,0.02,0.12,0.04,0.04,0.0,0.0,0.0,0.02,0.0,0.0,0.0,0.0,0.0,0.0
28,4,2,3,False,0.7071574235660928,0.23899708799374908,0,qEHVI,0.62,0.34,0.02,0.0,0.0,0.0,0.0,0.0,0.0,0.0,0.0,0.02,0.0,0.0,0.0
28,4,2,3,False,0.7071574235660928,0.23899708799374908,1,qEHVI,0.48,0.04,0.38,0.04,0.0,0.0,0.0,0.0,0.0,0.0,0.0,0.04,0.0,0.02,0.0
28,4,2,3,False,0.7071574235660928,0.23899708799374908,2,qUCB,0.48,0.02,0.4,0.0,0.0,0.0,0.0,0.0,0.04,0.0,0.0,0.0,0.0,0.02,0.04
28,4,2,3,False,0.7071574235660928,0.23899708799374908,3,qUCB,0.5,0.0,0.4,0.0,0.04,0.0,0.0,0.0,0.04,0.0,0.0,0.0,0.0,0.02,0.0
28,4,2,3,False,0.7071574235660928,0.23899708799374908,4,qUCB,0.76,0.02,0.12,0.04,0.04,0.0,0.0,0.0,0.02,0.0,0.0,0.0,0.0,0.0,0.0
28,5,1,4,False,0.667472350936314,0.08592160672389149,0,qEHVI,0.62,0.34,0.02,0.0,0.0,0.0,0.0,0.0,0.0,0.0,0.0,0.02,0.0,0.0,0.0
28,5,1,4,False,0.667472350936314,0.08592160672389149,1,qUCB,0.46,0.04,0.4,0.04,0.0,0.0,0.0,0.0,0.02,0.0,0.0,0.0,0.0,0.0,0.04
28,5,1,4,False,0.667472350936314,0.08592160672389149,2,qUCB,0.46,0.02,0.42,0.04,0.0,0.0,0.0,0.0,0.0,0.0,0.0,0.0,0.0,0.04,0.02
28,5,1,4,False,0.667472350936314,0.08592160672389149,3,qUCB,0.76,0.02,0.12,0.04,0.04,0.0,0.0,0.0,0.02,0.0,0.0,0.0,0.0,0.0,0.0
28,5,1,4,False,0.667472350936314,0.08592160672389149,4,qUCB,0.78,0.02,0.1,0.04,0.0,0.0,0.0,0.0,0.04,0.0,0.0,0.02,0.0,0.0,0.0
28,6,0,5,False,0.5253091126258673,0.15361487968904797,0,qUCB,0.46,0.04,0.4,0.04,0.0,0.0,0.0,0.0,0.02,0.0,0.0,0.0,0.0,0.0,0.04
28,6,0,5,False,0.5253091126258673,0.15361487968904797,1,qUCB,0.78,0.02,0.1,0.04,0.0,0.0,0.0,0.0,0.04,0.0,0.0,0.02,0.0,0.0,0.0
28,6,0,5,False,0.5253091126258673,0.15361487968904797,2,qUCB,0.56,0.28,0.06,0.0,0.04,0.0,0.0,0.0,0.0,0.0,0.0,0.04,0.0,0.0,0.02
28,6,0,5,False,0.5253091126258673,0.15361487968904797,3,qUCB,0.46,0.02,0.42,0.04,0.0,0.0,0.0,0.0,0.0,0.0,0.0,0.0,0.0,0.04,0.02
28,6,0,5,False,0.5253091126258673,0.15361487968904797,4,qUCB,0.8200000000000001,0.0,0.08,0.02,0.02,0.0,0.0,0.0,0.0,0.0,0.0,0.04,0.0,0.02,0.0
29,1,5,0,False,2.0327908569947555,0.24159873841723822,0,qEHVI,0.0,0.38,0.62,0.0,0.0,0.0,0.0,0.0,0.0,0.0,0.0,0.0,0.0,0.0,0.0
29,1,5,0,False,2.0327908569947555,0.24159873841723822,1,qEHVI,0.74,0.0,0.16,0.04,0.0,0.0,0.0,0.0,0.04,0.0,0.0,0.0,0.0,0.0,0.02
29,1,5,0,False,2.0327908569947555,0.24159873841723822,2,qEHVI,0.36,0.34,0.2,0.0,0.0,0.0,0.0,0.0,0.04,0.0,0.0,0.04,0.0,0.0,0.02
29,1,5,0,False,2.0327908569947555,0.24159873841723822,3,qEHVI,0.38,0.14,0.38,0.04,0.02,0.0,0.0,0.0,0.04,0.0,0.0,0.0,0.0,0.0,0.0
29,1,5,0,False,2.0327908569947555,0.24159873841723822,4,qEHVI,0.18,0.04,0.78,0.0,0.0,0.0,0.0,0.0,0.0,0.0,0.0,0.0,0.0,0.0,0.0
29,2,4,1,True,1.9934003978330213,0.21355286766029913,0,qEHVI,0.74,0.0,0.16,0.04,0.0,0.0,0.0,0.0,0.04,0.0,0.0,0.0,0.0,0.0,0.02
29,2,4,1,True,1.9934003978330213,0.21355286766029913,1,qEHVI,0.0,0.38,0.62,0.0,0.0,0.0,0.0,0.0,0.0,0.0,0.0,0.0,0.0,0.0,0.0
29,2,4,1,True,1.9934003978330213,0.21355286766029913,2,qEHVI,0.36,0.34,0.2,0.0,0.0,0.0,0.0,0.0,0.04,0.0,0.0,0.04,0.0,0.0,0.02
29,2,4,1,True,1.9934003978330213,0.21355286766029913,3,qEHVI,0.0,0.28,0.68,0.0,0.0,0.0,0.0,0.0,0.0,0.0,0.0,0.0,0.0,0.04,0.0
29,2,4,1,True,1.9934003978330213,0.21355286766029913,4,qUCB,0.4,0.38,0.12,0.04,0.02,0.0,0.0,0.0,0.0,0.0,0.0,0.04,0.0,0.0,0.0
29,3,3,2,False,1.6504412518720046,0.10367895681621597,0,qEHVI,0.74,0.0,0.16,0.04,0.0,0.0,0.0,0.0,0.04,0.0,0.0,0.0,0.0,0.0,0.02
29,3,3,2,False,1.6504412518720046,0.10367895681621597,1,qEHVI,0.0,0.38,0.62,0.0,0.0,0.0,0.0,0.0,0.0,0.0,0.0,0.0,0.0,0.0,0.0
29,3,3,2,False,1.6504412518720046,0.10367895681621597,2,qEHVI,0.36,0.34,0.2,0.0,0.0,0.0,0.0,0.0,0.04,0.0,0.0,0.04,0.0,0.0,0.02
29,3,3,2,False,1.6504412518720046,0.10367895681621597,3,qUCB,0.66,0.18,0.06,0.0,0.02,0.0,0.0,0.0,0.0,0.0,0.0,0.0,0.0,0.04,0.04
29,3,3,2,False,1.6504412518720046,0.10367895681621597,4,qUCB,0.04,0.24,0.62,0.0,0.04,0.0,0.0,0.0,0.0,0.0,0.0,0.0,0.0,0.04,0.02
29,4,2,3,False,1.387792496462567,0.11097443547355468,0,qEHVI,0.74,0.0,0.16,0.04,0.0,0.0,0.0,0.0,0.04,0.0,0.0,0.0,0.0,0.0,0.02
29,4,2,3,False,1.387792496462567,0.11097443547355468,1,qEHVI,0.0,0.38,0.62,0.0,0.0,0.0,0.0,0.0,0.0,0.0,0.0,0.0,0.0,0.0,0.0
29,4,2,3,False,1.387792496462567,0.11097443547355468,2,qUCB,0.56,0.28,0.06,0.0,0.04,0.0,0.0,0.0,0.0,0.0,0.0,0.04,0.0,0.0,0.02
29,4,2,3,False,1.387792496462567,0.11097443547355468,3,qUCB,0.42,0.48,0.0,0.0,0.04,0.0,0.0,0.0,0.0,0.0,0.0,0.04,0.0,0.0,0.02
29,4,2,3,False,1.387792496462567,0.11097443547355468,4,qUCB,0.0,0.26,0.64,0.0,0.04,0.0,0.0,0.0,0.02,0.0,0.0,0.04,0.0,0.0,0.0
29,5,1,4,False,1.5760077659271081,0.05618066141530953,0,qEHVI,0.0,0.38,0.62,0.0,0.0,0.0,0.0,0.0,0.0,0.0,0.0,0.0,0.0,0.0,0.0
29,5,1,4,False,1.5760077659271081,0.05618066141530953,1,qUCB,0.74,0.0,0.16,0.04,0.0,0.0,0.0,0.0,0.04,0.0,0.0,0.0,0.0,0.0,0.02
29,5,1,4,False,1.5760077659271081,0.05618066141530953,2,qUCB,0.8,0.0,0.1,0.02,0.0,0.0,0.0,0.0,0.04,0.0,0.0,0.04,0.0,0.0,0.0
29,5,1,4,False,1.5760077659271081,0.05618066141530953,3,qUCB,0.8,0.0,0.1,0.04,0.0,0.0,0.0,0.0,0.0,0.0,0.0,0.0,0.0,0.04,0.02
29,5,1,4,False,1.5760077659271081,0.05618066141530953,4,qUCB,0.0,0.26,0.64,0.0,0.04,0.0,0.0,0.0,0.02,0.0,0.0,0.04,0.0,0.0,0.0
29,6,0,5,False,1.931569984607255,0.3269049661212158,0,qUCB,0.36,0.34,0.2,0.0,0.0,0.0,0.0,0.0,0.04,0.0,0.0,0.04,0.0,0.0,0.02
29,6,0,5,False,1.931569984607255,0.3269049661212158,1,qUCB,0.0,0.38,0.62,0.0,0.0,0.0,0.0,0.0,0.0,0.0,0.0,0.0,0.0,0.0,0.0
29,6,0,5,False,1.931569984607255,0.3269049661212158,2,qUCB,0.14,0.2,0.6,0.0,0.0,0.0,0.0,0.0,0.04,0.0,0.0,0.02,0.0,0.0,0.0
29,6,0,5,False,1.931569984607255,0.3269049661212158,3,qUCB,0.74,0.0,0.16,0.04,0.0,0.0,0.0,0.0,0.04,0.0,0.0,0.0,0.0,0.0,0.02
29,6,0,5,False,1.931569984607255,0.3269049661212158,4,qUCB,0.0,0.28,0.68,0.0,0.0,0.0,0.0,0.0,0.0,0.0,0.0,0.0,0.0,0.04,0.0
30,1,5,0,False,1.015587915401629,0.05130958349007475,0,qEHVI,0.58,0.26,0.06,0.02,0.04,0.0,0.0,0.0,0.0,0.0,0.0,0.04,0.0,0.0,0.0
30,1,5,0,False,1.015587915401629,0.05130958349007475,1,qEHVI,0.6,0.3,0.02,0.0,0.04,0.0,0.0,0.0,0.02,0.0,0.0,0.0,0.0,0.0,0.02
30,1,5,0,False,1.015587915401629,0.05130958349007475,2,qEHVI,0.52,0.0,0.4,0.04,0.0,0.0,0.0,0.0,0.0,0.0,0.0,0.0,0.0,0.04,0.0
30,1,5,0,False,1.015587915401629,0.05130958349007475,3,qEHVI,0.52,0.08,0.3,0.02,0.0,0.0,0.0,0.0,0.0,0.0,0.0,0.04,0.0,0.04,0.0
30,1,5,0,False,1.015587915401629,0.05130958349007475,4,qEHVI,0.38,0.0,0.52,0.04,0.0,0.0,0.0,0.0,0.0,0.0,0.0,0.02,0.0,0.04,0.0
30,2,4,1,False,0.9101211283367736,0.11131186612963528,0,qEHVI,0.6,0.3,0.02,0.0,0.04,0.0,0.0,0.0,0.02,0.0,0.0,0.0,0.0,0.0,0.02
30,2,4,1,False,0.9101211283367736,0.11131186612963528,1,qEHVI,0.58,0.26,0.06,0.02,0.04,0.0,0.0,0.0,0.0,0.0,0.0,0.04,0.0,0.0,0.0
30,2,4,1,False,0.9101211283367736,0.11131186612963528,2,qEHVI,0.52,0.0,0.4,0.04,0.0,0.0,0.0,0.0,0.0,0.0,0.0,0.0,0.0,0.04,0.0
30,2,4,1,False,0.9101211283367736,0.11131186612963528,3,qEHVI,0.52,0.08,0.3,0.02,0.0,0.0,0.0,0.0,0.0,0.0,0.0,0.04,0.0,0.04,0.0
30,2,4,1,False,0.9101211283367736,0.11131186612963528,4,qUCB,0.46,0.04,0.4,0.0,0.0,0.0,0.0,0.0,0.02,0.0,0.0,0.0,0.0,0.04,0.04
30,3,3,2,False,0.7655738916249709,0.0705669767656989,0,qEHVI,0.6,0.3,0.02,0.0,0.04,0.0,0.0,0.0,0.02,0.0,0.0,0.0,0.0,0.0,0.02
30,3,3,2,False,0.7655738916249709,0.0705669767656989,1,qEHVI,0.58,0.26,0.06,0.02,0.04,0.0,0.0,0.0,0.0,0.0,0.0,0.04,0.0,0.0,0.0
30,3,3,2,False,0.7655738916249709,0.0705669767656989,2,qEHVI,0.52,0.0,0.4,0.04,0.0,0.0,0.0,0.0,0.0,0.0,0.0,0.0,0.0,0.04,0.0
30,3,3,2,False,0.7655738916249709,0.0705669767656989,3,qUCB,0.52,0.02,0.36,0.0,0.0,0.0,0.0,0.0,0.04,0.0,0.0,0.04,0.0,0.02,0.0
30,3,3,2,False,0.7655738916249709,0.0705669767656989,4,qUCB,0.24,0.42,0.24,0.0,0.0,0.0,0.0,0.0,0.04,0.0,0.0,0.04,0.0,0.02,0.0
30,4,2,3,True,0.7209262587058205,0.509427410394234,0,qEHVI,0.6,0.3,0.02,0.0,0.04,0.0,0.0,0.0,0.02,0.0,0.0,0.0,0.0,0.0,0.02
30,4,2,3,True,0.7209262587058205,0.509427410394234,1,qEHVI,0.58,0.26,0.06,0.02,0.04,0.0,0.0,0.0,0.0,0.0,0.0,0.04,0.0,0.0,0.0
30,4,2,3,True,0.7209262587058205,0.509427410394234,2,qUCB,0.52,0.0,0.4,0.04,0.0,0.0,0.0,0.0,0.0,0.0,0.0,0.0,0.0,0.04,0.0
30,4,2,3,True,0.7209262587058205,0.509427410394234,3,qUCB,0.32,0.16,0.44,0.04,0.0,0.0,0.0,0.0,0.0,0.0,0.0,0.0,0.0,0.04,0.0
30,4,2,3,True,0.7209262587058205,0.509427410394234,4,qUCB,0.0,0.62,0.3,0.04,0.0,0.0,0.0,0.0,0.0,0.0,0.0,0.0,0.0,0.04,0.0
30,5,1,4,False,0.42843556567149255,0.13486396859989702,0,qEHVI,0.58,0.26,0.06,0.02,0.04,0.0,0.0,0.0,0.0,0.0,0.0,0.04,0.0,0.0,0.0
30,5,1,4,False,0.42843556567149255,0.13486396859989702,1,qUCB,0.46,0.04,0.4,0.0,0.0,0.0,0.0,0.0,0.02,0.0,0.0,0.0,0.0,0.04,0.04
30,5,1,4,False,0.42843556567149255,0.13486396859989702,2,qUCB,0.28,0.4,0.24,0.0,0.0,0.0,0.0,0.0,0.04,0.0,0.0,0.0,0.0,0.04,0.0
30,5,1,4,False,0.42843556567149255,0.13486396859989702,3,qUCB,0.46,0.0,0.44,0.0,0.0,0.0,0.0,0.0,0.04,0.0,0.0,0.0,0.0,0.04,0.02
30,5,1,4,False,0.42843556567149255,0.13486396859989702,4,qUCB,0.14,0.64,0.12,0.0,0.0,0.0,0.0,0.0,0.04,0.0,0.0,0.0,0.0,0.02,0.04
30,6,0,5,False,0.5241240704026962,0.15463532366369237,0,qUCB,0.52,0.0,0.4,0.04,0.0,0.0,0.0,0.0,0.0,0.0,0.0,0.0,0.0,0.04,0.0
30,6,0,5,False,0.5241240704026962,0.15463532366369237,1,qUCB,0.5,0.0,0.4,0.0,0.0,0.0,0.0,0.0,0.02,0.0,0.0,0.02,0.0,0.02,0.04
30,6,0,5,False,0.5241240704026962,0.15463532366369237,2,qUCB,0.84,0.02,0.06,0.04,0.0,0.0,0.0,0.0,0.0,0.0,0.0,0.04,0.0,0.0,0.0
30,6,0,5,False,0.5241240704026962,0.15463532366369237,3,qUCB,0.58,0.3,0.02,0.0,0.04,0.0,0.0,0.0,0.02,0.0,0.0,0.04,0.0,0.0,0.0
30,6,0,5,False,0.5241240704026962,0.15463532366369237,4,qUCB,0.8,0.0,0.1,0.0,0.02,0.0,0.0,0.0,0.0,0.0,0.0,0.04,0.0,0.0,0.04
31,1,5,0,False,1.0226488442042583,0.07298352896504223,0,qEHVI,0.5,0.32,0.08,0.02,0.04,0.0,0.0,0.0,0.0,0.0,0.0,0.04,0.0,0.0,0.0
31,1,5,0,False,1.0226488442042583,0.07298352896504223,1,qEHVI,0.42,0.0,0.5,0.02,0.02,0.0,0.0,0.0,0.0,0.0,0.0,0.0,0.0,0.04,0.0
31,1,5,0,False,1.0226488442042583,0.07298352896504223,2,qEHVI,0.5,0.0,0.4,0.04,0.0,0.0,0.0,0.0,0.0,0.0,0.0,0.0,0.0,0.04,0.02
31,1,5,0,False,1.0226488442042583,0.07298352896504223,3,qEHVI,0.7000000000000001,0.22,0.04,0.0,0.0,0.0,0.0,0.0,0.0,0.0,0.0,0.0,0.0,0.0,0.04
31,1,5,0,False,1.0226488442042583,0.07298352896504223,4,qEHVI,0.0,0.54,0.44,0.0,0.0,0.0,0.0,0.0,0.0,0.0,0.0,0.0,0.0,0.02,0.0
31,2,4,1,False,1.000279658772746,0.12604206804072327,0,qEHVI,0.5,0.32,0.08,0.02,0.04,0.0,0.0,0.0,0.0,0.0,0.0,0.04,0.0,0.0,0.0
31,2,4,1,False,1.000279658772746,0.12604206804072327,1,qEHVI,0.42,0.0,0.5,0.02,0.02,0.0,0.0,0.0,0.0,0.0,0.0,0.0,0.0,0.04,0.0
31,2,4,1,False,1.000279658772746,0.12604206804072327,2,qEHVI,0.5,0.0,0.4,0.04,0.0,0.0,0.0,0.0,0.0,0.0,0.0,0.0,0.0,0.04,0.02
31,2,4,1,False,1.000279658772746,0.12604206804072327,3,qEHVI,0.7000000000000001,0.22,0.04,0.0,0.0,0.0,0.0,0.0,0.0,0.0,0.0,0.0,0.0,0.0,0.04
31,2,4,1,False,1.000279658772746,0.12604206804072327,4,qUCB,0.54,0.0,0.36,0.0,0.0,0.0,0.0,0.0,0.04,0.0,0.0,0.04,0.0,0.02,0.0
31,3,3,2,False,0.7423489251379358,0.1425581963524838,0,qEHVI,0.5,0.32,0.08,0.02,0.04,0.0,0.0,0.0,0.0,0.0,0.0,0.04,0.0,0.0,0.0
31,3,3,2,False,0.7423489251379358,0.1425581963524838,1,qEHVI,0.42,0.0,0.5,0.02,0.02,0.0,0.0,0.0,0.0,0.0,0.0,0.0,0.0,0.04,0.0
31,3,3,2,False,0.7423489251379358,0.1425581963524838,2,qEHVI,0.5,0.0,0.4,0.04,0.0,0.0,0.0,0.0,0.0,0.0,0.0,0.0,0.0,0.04,0.02
31,3,3,2,False,0.7423489251379358,0.1425581963524838,3,qUCB,0.66,0.18,0.06,0.0,0.0,0.0,0.0,0.0,0.04,0.0,0.0,0.02,0.0,0.0,0.04
31,3,3,2,False,0.7423489251379358,0.1425581963524838,4,qUCB,0.28,0.54,0.1,0.0,0.0,0.0,0.0,0.0,0.04,0.0,0.0,0.0,0.0,0.0,0.04
31,4,2,3,True,0.5502063699096115,0.2145382026086775,0,qEHVI,0.5,0.32,0.08,0.02,0.04,0.0,0.0,0.0,0.0,0.0,0.0,0.04,0.0,0.0,0.0
31,4,2,3,True,0.5502063699096115,0.2145382026086775,1,qEHVI,0.42,0.0,0.5,0.02,0.02,0.0,0.0,0.0,0.0,0.0,0.0,0.0,0.0,0.04,0.0
31,4,2,3,True,0.5502063699096115,0.2145382026086775,2,qUCB,0.66,0.18,0.06,0.0,0.0,0.0,0.0,0.0,0.04,0.0,0.0,0.02,0.0,0.0,0.04
31,4,2,3,True,0.5502063699096115,0.2145382026086775,3,qUCB,0.28,0.54,0.1,0.0,0.0,0.0,0.0,0.0,0.04,0.0,0.0,0.0,0.0,0.0,0.04
31,4,2,3,True,0.5502063699096115,0.2145382026086775,4,qUCB,0.8,0.02,0.1,0.0,0.0,0.0,0.0,0.0,0.04,0.0,0.0,0.0,0.0,0.0,0.04
31,5,1,4,False,0.4625568917739376,0.21105959759291437,0,qEHVI,0.5,0.32,0.08,0.02,0.04,0.0,0.0,0.0,0.0,0.0,0.0,0.04,0.0,0.0,0.0
31,5,1,4,False,0.4625568917739376,0.21105959759291437,1,qUCB,0.5,0.04,0.36,0.0,0.0,0.0,0.0,0.0,0.04,0.0,0.0,0.0,0.0,0.04,0.02
31,5,1,4,False,0.4625568917739376,0.21105959759291437,2,qUCB,0.2,0.6,0.1,0.0,0.0,0.0,0.0,0.0,0.02,0.0,0.0,0.0,0.0,0.04,0.04
31,5,1,4,False,0.4625568917739376,0.21105959759291437,3,qUCB,0.48,0.02,0.42,0.0,0.0,0.0,0.0,0.0,0.02,0.0,0.0,0.0,0.0,0.02,0.04
31,5,1,4,False,0.4625568917739376,0.21105959759291437,4,qUCB,0.0,0.02,0.92,0.04,0.0,0.0,0.0,0.0,0.0,0.0,0.0,0.0,0.0,0.02,0.0
31,6,0,5,False,0.47893071758531697,0.15403074908621628,0,qUCB,0.48,0.02,0.4,0.02,0.0,0.0,0.0,0.0,0.02,0.0,0.0,0.0,0.0,0.02,0.04
31,6,0,5,False,0.47893071758531697,0.15403074908621628,1,qUCB,0.8200000000000001,0.0,0.08,0.02,0.04,0.0,0.0,0.0,0.0,0.0,0.0,0.04,0.0,0.0,0.0
31,6,0,5,False,0.47893071758531697,0.15403074908621628,2,qUCB,0.0,0.66,0.26,0.0,0.04,0.0,0.0,0.0,0.0,0.0,0.0,0.02,0.0,0.02,0.0
31,6,0,5,False,0.47893071758531697,0.15403074908621628,3,qUCB,0.18,0.5,0.26,0.0,0.0,0.0,0.0,0.0,0.0,0.0,0.0,0.04,0.0,0.02,0.0
31,6,0,5,False,0.47893071758531697,0.15403074908621628,4,qUCB,0.36,0.44,0.1,0.0,0.0,0.0,0.0,0.0,0.02,0.0,0.0,0.04,0.0,0.0,0.04
32,1,5,0,False,1.1878712585291493,0.03639967668057853,0,qEHVI,0.42,0.06,0.42,0.04,0.0,0.0,0.0,0.0,0.0,0.0,0.0,0.0,0.0,0.02,0.04
32,1,5,0,False,1.1878712585291493,0.03639967668057853,1,qEHVI,0.52,0.08,0.3,0.02,0.02,0.0,0.0,0.0,0.0,0.0,0.0,0.04,0.0,0.02,0.0
32,1,5,0,False,1.1878712585291493,0.03639967668057853,2,qEHVI,0.52,0.3,0.08,0.02,0.04,0.0,0.0,0.0,0.0,0.0,0.0,0.04,0.0,0.0,0.0
32,1,5,0,False,1.1878712585291493,0.03639967668057853,3,qEHVI,0.56,0.0,0.4,0.02,0.0,0.0,0.0,0.0,0.0,0.0,0.0,0.0,0.0,0.02,0.0
32,1,5,0,False,1.1878712585291493,0.03639967668057853,4,qEHVI,0.78,0.02,0.1,0.0,0.04,0.0,0.0,0.0,0.0,0.0,0.0,0.04,0.0,0.0,0.02
32,2,4,1,True,1.1673476401812222,0.4626973532942378,0,qEHVI,0.42,0.06,0.42,0.04,0.0,0.0,0.0,0.0,0.0,0.0,0.0,0.0,0.0,0.02,0.04
32,2,4,1,True,1.1673476401812222,0.4626973532942378,1,qEHVI,0.52,0.08,0.3,0.02,0.02,0.0,0.0,0.0,0.0,0.0,0.0,0.04,0.0,0.02,0.0
32,2,4,1,True,1.1673476401812222,0.4626973532942378,2,qEHVI,0.44,0.2,0.26,0.02,0.0,0.0,0.0,0.0,0.0,0.0,0.0,0.04,0.0,0.04,0.0
32,2,4,1,True,1.1673476401812222,0.4626973532942378,3,qEHVI,0.5,0.4,0.02,0.0,0.04,0.0,0.0,0.0,0.0,0.0,0.0,0.0,0.0,0.0,0.04
32,2,4,1,True,1.1673476401812222,0.4626973532942378,4,qUCB,0.58,0.0,0.38,0.0,0.0,0.0,0.0,0.0,0.04,0.0,0.0,0.0,0.0,0.0,0.0
32,3,3,2,False,1.053230502161855,0.0408309531662745,0,qEHVI,0.42,0.06,0.42,0.04,0.0,0.0,0.0,0.0,0.0,0.0,0.0,0.0,0.0,0.02,0.04
32,3,3,2,False,1.053230502161855,0.0408309531662745,1,qEHVI,0.52,0.08,0.3,0.02,0.02,0.0,0.0,0.0,0.0,0.0,0.0,0.04,0.0,0.02,0.0
32,3,3,2,False,1.053230502161855,0.0408309531662745,2,qEHVI,0.52,0.3,0.08,0.02,0.04,0.0,0.0,0.0,0.0,0.0,0.0,0.04,0.0,0.0,0.0
32,3,3,2,False,1.053230502161855,0.0408309531662745,3,qUCB,0.58,0.0,0.38,0.0,0.0,0.0,0.0,0.0,0.04,0.0,0.0,0.0,0.0,0.0,0.0
32,3,3,2,False,1.053230502161855,0.0408309531662745,4,qUCB,0.0,0.92,0.0,0.04,0.0,0.0,0.0,0.0,0.04,0.0,0.0,0.0,0.0,0.0,0.0
32,4,2,3,False,0.8781781613454609,0.05573138386520854,0,qEHVI,0.42,0.06,0.42,0.04,0.0,0.0,0.0,0.0,0.0,0.0,0.0,0.0,0.0,0.02,0.04
32,4,2,3,False,0.8781781613454609,0.05573138386520854,1,qEHVI,0.52,0.08,0.3,0.02,0.02,0.0,0.0,0.0,0.0,0.0,0.0,0.04,0.0,0.02,0.0
32,4,2,3,False,0.8781781613454609,0.05573138386520854,2,qUCB,0.58,0.0,0.38,0.0,0.0,0.0,0.0,0.0,0.04,0.0,0.0,0.0,0.0,0.0,0.0
32,4,2,3,False,0.8781781613454609,0.05573138386520854,3,qUCB,0.0,0.92,0.0,0.04,0.0,0.0,0.0,0.0,0.04,0.0,0.0,0.0,0.0,0.0,0.0
32,4,2,3,False,0.8781781613454609,0.05573138386520854,4,qUCB,0.28,0.42,0.22,0.0,0.0,0.0,0.0,0.0,0.04,0.0,0.0,0.0,0.0,0.04,0.0
32,5,1,4,False,0.6044820279873356,0.06263018114408903,0,qEHVI,0.42,0.06,0.42,0.04,0.0,0.0,0.0,0.0,0.0,0.0,0.0,0.0,0.0,0.02,0.04
32,5,1,4,False,0.6044820279873356,0.06263018114408903,1,qUCB,0.8200000000000001,0.0,0.1,0.0,0.04,0.0,0.0,0.0,0.0,0.0,0.0,0.04,0.0,0.0,0.0
32,5,1,4,False,0.6044820279873356,0.06263018114408903,2,qUCB,0.58,0.26,0.06,0.0,0.02,0.0,0.0,0.0,0.04,0.0,0.0,0.04,0.0,0.0,0.0
32,5,1,4,False,0.6044820279873356,0.06263018114408903,3,qUCB,0.46,0.4,0.04,0.0,0.04,0.0,0.0,0.0,0.02,0.0,0.0,0.04,0.0,0.0,0.0
32,5,1,4,False,0.6044820279873356,0.06263018114408903,4,qUCB,0.76,0.08,0.06,0.0,0.04,0.0,0.0,0.0,0.02,0.0,0.0,0.04,0.0,0.0,0.0
32,6,0,5,False,0.7477824222786754,0.5176536545887518,0,qUCB,0.42,0.06,0.42,0.04,0.0,0.0,0.0,0.0,0.0,0.0,0.0,0.0,0.0,0.02,0.04
32,6,0,5,False,0.7477824222786754,0.5176536545887518,1,qUCB,0.8200000000000001,0.0,0.1,0.0,0.04,0.0,0.0,0.0,0.0,0.0,0.0,0.04,0.0,0.0,0.0
32,6,0,5,False,0.7477824222786754,0.5176536545887518,2,qUCB,0.4,0.1,0.42,0.04,0.04,0.0,0.0,0.0,0.0,0.0,0.0,0.0,0.0,0.0,0.0
32,6,0,5,False,0.7477824222786754,0.5176536545887518,3,qUCB,0.28,0.46,0.24,0.0,0.0,0.0,0.0,0.0,0.02,0.0,0.0,0.0,0.0,0.0,0.0
32,6,0,5,False,0.7477824222786754,0.5176536545887518,4,qUCB,0.0,0.0,0.92,0.04,0.02,0.0,0.0,0.0,0.0,0.0,0.0,0.0,0.0,0.0,0.02
33,1,5,0,False,1.7394142230185807,0.1656503015595212,0,qEHVI,0.2,0.5,0.22,0.04,0.0,0.0,0.0,0.0,0.04,0.0,0.0,0.0,0.0,0.0,0.0
33,1,5,0,False,1.7394142230185807,0.1656503015595212,1,qEHVI,0.44,0.16,0.3,0.04,0.0,0.0,0.0,0.0,0.0,0.0,0.0,0.04,0.0,0.0,0.02
33,1,5,0,False,1.7394142230185807,0.1656503015595212,2,qEHVI,0.42,0.08,0.4,0.04,0.0,0.0,0.0,0.0,0.04,0.0,0.0,0.0,0.0,0.0,0.02
33,1,5,0,False,1.7394142230185807,0.1656503015595212,3,qEHVI,0.44,0.18,0.28,0.04,0.0,0.0,0.0,0.0,0.0,0.0,0.0,0.04,0.0,0.0,0.02
33,1,5,0,False,1.7394142230185807,0.1656503015595212,4,qEHVI,0.68,0.28,0.04,0.0,0.0,0.0,0.0,0.0,0.0,0.0,0.0,0.0,0.0,0.0,0.0
33,2,4,1,False,1.5392152405568285,0.03376930818599577,0,qEHVI,0.2,0.5,0.22,0.04,0.0,0.0,0.0,0.0,0.04,0.0,0.0,0.0,0.0,0.0,0.0
33,2,4,1,False,1.5392152405568285,0.03376930818599577,1,qEHVI,0.44,0.16,0.3,0.04,0.0,0.0,0.0,0.0,0.0,0.0,0.0,0.04,0.0,0.0,0.02
33,2,4,1,False,1.5392152405568285,0.03376930818599577,2,qEHVI,0.42,0.08,0.4,0.04,0.0,0.0,0.0,0.0,0.04,0.0,0.0,0.0,0.0,0.0,0.02
33,2,4,1,False,1.5392152405568285,0.03376930818599577,3,qEHVI,0.44,0.18,0.28,0.04,0.0,0.0,0.0,0.0,0.0,0.0,0.0,0.04,0.0,0.0,0.02
33,2,4,1,False,1.5392152405568285,0.03376930818599577,4,qUCB,0.62,0.24,0.06,0.0,0.04,0.0,0.0,0.0,0.0,0.0,0.0,0.0,0.0,0.04,0.0
33,3,3,2,False,1.2654852320383505,0.1380534389452317,0,qEHVI,0.2,0.5,0.22,0.04,0.0,0.0,0.0,0.0,0.04,0.0,0.0,0.0,0.0,0.0,0.0
33,3,3,2,False,1.2654852320383505,0.1380534389452317,1,qEHVI,0.44,0.16,0.3,0.04,0.0,0.0,0.0,0.0,0.0,0.0,0.0,0.04,0.0,0.0,0.02
33,3,3,2,False,1.2654852320383505,0.1380534389452317,2,qEHVI,0.42,0.08,0.4,0.04,0.0,0.0,0.0,0.0,0.04,0.0,0.0,0.0,0.0,0.0,0.02
33,3,3,2,False,1.2654852320383505,0.1380534389452317,3,qUCB,0.62,0.24,0.06,0.0,0.04,0.0,0.0,0.0,0.0,0.0,0.0,0.0,0.0,0.04,0.0
33,3,3,2,False,1.2654852320383505,0.1380534389452317,4,qUCB,0.36,0.14,0.42,0.0,0.04,0.0,0.0,0.0,0.0,0.0,0.0,0.0,0.0,0.04,0.0
33,4,2,3,True,0.9372163370305103,0.3384356639794883,0,qEHVI,0.2,0.5,0.22,0.04,0.0,0.0,0.0,0.0,0.04,0.0,0.0,0.0,0.0,0.0,0.0
33,4,2,3,True,0.9372163370305103,0.3384356639794883,1,qEHVI,0.44,0.16,0.3,0.04,0.0,0.0,0.0,0.0,0.0,0.0,0.0,0.04,0.0,0.0,0.02
33,4,2,3,True,0.9372163370305103,0.3384356639794883,2,qUCB,0.62,0.24,0.06,0.0,0.04,0.0,0.0,0.0,0.0,0.0,0.0,0.0,0.0,0.04,0.0
33,4,2,3,True,0.9372163370305103,0.3384356639794883,3,qUCB,0.36,0.14,0.42,0.0,0.04,0.0,0.0,0.0,0.0,0.0,0.0,0.0,0.0,0.04,0.0
33,4,2,3,True,0.9372163370305103,0.3384356639794883,4,qUCB,0.38,0.5,0.02,0.0,0.04,0.0,0.0,0.0,0.0,0.0,0.0,0.02,0.0,0.04,0.0
33,5,1,4,False,0.9780111895568981,0.17363286141323364,0,qEHVI,0.2,0.5,0.22,0.04,0.0,0.0,0.0,0.0,0.04,0.0,0.0,0.0,0.0,0.0,0.0
33,5,1,4,False,0.9780111895568981,0.17363286141323364,1,qUCB,0.78,0.0,0.12,0.0,0.0,0.0,0.0,0.0,0.0,0.0,0.0,0.04,0.0,0.02,0.04
33,5,1,4,False,0.9780111895568981,0.17363286141323364,2,qUCB,0.46,0.44,0.02,0.0,0.0,0.0,0.0,0.0,0.0,0.0,0.0,0.04,0.0,0.04,0.0
33,5,1,4,False,0.9780111895568981,0.17363286141323364,3,qUCB,0.46,0.38,0.06,0.0,0.0,0.0,0.0,0.0,0.0,0.0,0.0,0.04,0.0,0.02,0.04
33,5,1,4,False,0.9780111895568981,0.17363286141323364,4,qUCB,0.0,0.0,0.92,0.04,0.0,0.0,0.0,0.0,0.0,0.0,0.0,0.02,0.0,0.02,0.0
33,6,0,5,False,1.1522130258643244,0.2005493863920922,0,qUCB,0.42,0.08,0.4,0.04,0.0,0.0,0.0,0.0,0.04,0.0,0.0,0.0,0.0,0.0,0.02
33,6,0,5,False,1.1522130258643244,0.2005493863920922,1,qUCB,0.2,0.5,0.22,0.04,0.0,0.0,0.0,0.0,0.04,0.0,0.0,0.0,0.0,0.0,0.0
33,6,0,5,False,1.1522130258643244,0.2005493863920922,2,qUCB,0.38,0.3,0.22,0.04,0.0,0.0,0.0,0.0,0.02,0.0,0.0,0.04,0.0,0.0,0.0
33,6,0,5,False,1.1522130258643244,0.2005493863920922,3,qUCB,0.0,0.0,0.92,0.04,0.0,0.0,0.0,0.0,0.0,0.0,0.0,0.02,0.0,0.02,0.0
33,6,0,5,False,1.1522130258643244,0.2005493863920922,4,qUCB,0.14,0.16,0.6,0.02,0.0,0.0,0.0,0.0,0.04,0.0,0.0,0.04,0.0,0.0,0.0
34,1,5,0,False,1.810543337778985,0.018632961797132364,0,qEHVI,0.44,0.42,0.04,0.02,0.0,0.0,0.0,0.0,0.0,0.0,0.0,0.04,0.0,0.04,0.0
34,1,5,0,False,1.810543337778985,0.018632961797132364,1,qEHVI,0.48,0.4,0.04,0.0,0.0,0.0,0.0,0.0,0.0,0.0,0.0,0.04,0.0,0.0,0.04
34,1,5,0,False,1.810543337778985,0.018632961797132364,2,qEHVI,0.54,0.0,0.38,0.04,0.0,0.0,0.0,0.0,0.04,0.0,0.0,0.0,0.0,0.0,0.0
34,1,5,0,False,1.810543337778985,0.018632961797132364,3,qEHVI,0.48,0.14,0.28,0.04,0.0,0.0,0.0,0.0,0.0,0.0,0.0,0.04,0.0,0.02,0.0
34,1,5,0,False,1.810543337778985,0.018632961797132364,4,qEHVI,0.4,0.18,0.32,0.04,0.0,0.0,0.0,0.0,0.0,0.0,0.0,0.04,0.0,0.02,0.0
34,2,4,1,False,1.606032987407398,0.04840660037592359,0,qEHVI,0.44,0.42,0.04,0.02,0.0,0.0,0.0,0.0,0.0,0.0,0.0,0.04,0.0,0.04,0.0
34,2,4,1,False,1.606032987407398,0.04840660037592359,1,qEHVI,0.48,0.4,0.04,0.0,0.0,0.0,0.0,0.0,0.0,0.0,0.0,0.04,0.0,0.0,0.04
34,2,4,1,False,1.606032987407398,0.04840660037592359,2,qEHVI,0.54,0.0,0.38,0.04,0.0,0.0,0.0,0.0,0.04,0.0,0.0,0.0,0.0,0.0,0.0
34,2,4,1,False,1.606032987407398,0.04840660037592359,3,qEHVI,0.48,0.14,0.28,0.04,0.0,0.0,0.0,0.0,0.0,0.0,0.0,0.04,0.0,0.02,0.0
34,2,4,1,False,1.606032987407398,0.04840660037592359,4,qUCB,0.44,0.14,0.38,0.0,0.04,0.0,0.0,0.0,0.0,0.0,0.0,0.0,0.0,0.0,0.0
34,3,3,2,True,1.4363780730043247,0.14092002670487602,0,qEHVI,0.44,0.42,0.04,0.02,0.0,0.0,0.0,0.0,0.0,0.0,0.0,0.04,0.0,0.04,0.0
34,3,3,2,True,1.4363780730043247,0.14092002670487602,1,qEHVI,0.48,0.4,0.04,0.0,0.0,0.0,0.0,0.0,0.0,0.0,0.0,0.04,0.0,0.0,0.04
34,3,3,2,True,1.4363780730043247,0.14092002670487602,2,qEHVI,0.54,0.0,0.38,0.04,0.0,0.0,0.0,0.0,0.04,0.0,0.0,0.0,0.0,0.0,0.0
34,3,3,2,True,1.4363780730043247,0.14092002670487602,3,qUCB,0.44,0.14,0.38,0.0,0.04,0.0,0.0,0.0,0.0,0.0,0.0,0.0,0.0,0.0,0.0
34,3,3,2,True,1.4363780730043247,0.14092002670487602,4,qUCB,0.02,0.9400000000000001,0.0,0.04,0.0,0.0,0.0,0.0,0.0,0.0,0.0,0.0,0.0,0.0,0.0
34,4,2,3,False,1.4443463231696965,0.5687587140243036,0,qEHVI,0.44,0.42,0.04,0.02,0.0,0.0,0.0,0.0,0.0,0.0,0.0,0.04,0.0,0.04,0.0
34,4,2,3,False,1.4443463231696965,0.5687587140243036,1,qEHVI,0.48,0.4,0.04,0.0,0.0,0.0,0.0,0.0,0.0,0.0,0.0,0.04,0.0,0.0,0.04
34,4,2,3,False,1.4443463231696965,0.5687587140243036,2,qUCB,0.38,0.12,0.4,0.04,0.04,0.0,0.0,0.0,0.02,0.0,0.0,0.0,0.0,0.0,0.0
34,4,2,3,False,1.4443463231696965,0.5687587140243036,3,qUCB,0.12,0.2,0.58,0.02,0.04,0.0,0.0,0.0,0.04,0.0,0.0,0.0,0.0,0.0,0.0
34,4,2,3,False,1.4443463231696965,0.5687587140243036,4,qUCB,0.0,0.3,0.6,0.04,0.0,0.0,0.0,0.0,0.04,0.0,0.0,0.0,0.0,0.0,0.02
34,5,1,4,False,1.158823977623523,0.16353068201434162,0,qEHVI,0.44,0.42,0.04,0.02,0.0,0.0,0.0,0.0,0.0,0.0,0.0,0.04,0.0,0.04,0.0
34,5,1,4,False,1.158823977623523,0.16353068201434162,1,qUCB,0.42,0.08,0.42,0.0,0.04,0.0,0.0,0.0,0.0,0.0,0.0,0.0,0.0,0.0,0.04
34,5,1,4,False,1.158823977623523,0.16353068201434162,2,qUCB,0.04,0.26,0.6,0.0,0.04,0.0,0.0,0.0,0.04,0.0,0.0,0.0,0.0,0.0,0.02
34,5,1,4,False,1.158823977623523,0.16353068201434162,3,qUCB,0.0,0.86,0.04,0.04,0.0,0.0,0.0,0.0,0.04,0.0,0.0,0.0,0.0,0.0,0.02
34,5,1,4,False,1.158823977623523,0.16353068201434162,4,qUCB,0.0,0.3,0.6,0.04,0.0,0.0,0.0,0.0,0.04,0.0,0.0,0.0,0.0,0.0,0.02
34,6,0,5,False,1.2880257544167126,0.13385406526558707,0,qUCB,0.48,0.4,0.04,0.0,0.0,0.0,0.0,0.0,0.0,0.0,0.0,0.04,0.0,0.0,0.04
34,6,0,5,False,1.2880257544167126,0.13385406526558707,1,qUCB,0.1,0.2,0.6,0.0,0.0,0.0,0.0,0.0,0.04,0.0,0.0,0.0,0.0,0.04,0.02
34,6,0,5,False,1.2880257544167126,0.13385406526558707,2,qUCB,0.44,0.42,0.04,0.02,0.0,0.0,0.0,0.0,0.0,0.0,0.0,0.04,0.0,0.04,0.0
34,6,0,5,False,1.2880257544167126,0.13385406526558707,3,qUCB,0.02,0.9400000000000001,0.0,0.04,0.0,0.0,0.0,0.0,0.0,0.0,0.0,0.0,0.0,0.0,0.0
34,6,0,5,False,1.2880257544167126,0.13385406526558707,4,qUCB,0.14,0.18,0.58,0.02,0.0,0.0,0.0,0.0,0.04,0.0,0.0,0.0,0.0,0.04,0.0
35,1,5,0,True,1.3675377420871921,0.21321384281196032,0,qEHVI,0.38,0.14,0.4,0.02,0.02,0.0,0.0,0.0,0.0,0.0,0.0,0.0,0.0,0.0,0.04
35,1,5,0,True,1.3675377420871921,0.21321384281196032,1,qEHVI,0.0,0.7000000000000001,0.28,0.02,0.0,0.0,0.0,0.0,0.0,0.0,0.0,0.0,0.0,0.0,0.0
35,1,5,0,True,1.3675377420871921,0.21321384281196032,2,qEHVI,0.4,0.1,0.4,0.04,0.04,0.0,0.0,0.0,0.02,0.0,0.0,0.0,0.0,0.0,0.0
35,1,5,0,True,1.3675377420871921,0.21321384281196032,3,qEHVI,0.22,0.02,0.74,0.0,0.0,0.0,0.0,0.0,0.0,0.0,0.0,0.0,0.0,0.0,0.02
35,1,5,0,True,1.3675377420871921,0.21321384281196032,4,qEHVI,0.74,0.0,0.16,0.04,0.0,0.0,0.0,0.0,0.0,0.0,0.0,0.04,0.0,0.02,0.0
35,2,4,1,False,1.1861340067057045,0.07034690134117305,0,qEHVI,0.38,0.14,0.4,0.02,0.02,0.0,0.0,0.0,0.0,0.0,0.0,0.0,0.0,0.0,0.04
35,2,4,1,False,1.1861340067057045,0.07034690134117305,1,qEHVI,0.0,0.7000000000000001,0.28,0.02,0.0,0.0,0.0,0.0,0.0,0.0,0.0,0.0,0.0,0.0,0.0
35,2,4,1,False,1.1861340067057045,0.07034690134117305,2,qEHVI,0.4,0.1,0.4,0.04,0.04,0.0,0.0,0.0,0.02,0.0,0.0,0.0,0.0,0.0,0.0
35,2,4,1,False,1.1861340067057045,0.07034690134117305,3,qEHVI,0.74,0.0,0.16,0.04,0.0,0.0,0.0,0.0,0.0,0.0,0.0,0.04,0.0,0.02,0.0
35,2,4,1,False,1.1861340067057045,0.07034690134117305,4,qUCB,0.5,0.04,0.38,0.0,0.0,0.0,0.0,0.0,0.04,0.0,0.0,0.0,0.0,0.04,0.0
35,3,3,2,False,1.0905168316653535,0.21625053007470663,0,qEHVI,0.38,0.14,0.4,0.02,0.02,0.0,0.0,0.0,0.0,0.0,0.0,0.0,0.0,0.0,0.04
35,3,3,2,False,1.0905168316653535,0.21625053007470663,1,qEHVI,0.0,0.7000000000000001,0.28,0.02,0.0,0.0,0.0,0.0,0.0,0.0,0.0,0.0,0.0,0.0,0.0
35,3,3,2,False,1.0905168316653535,0.21625053007470663,2,qEHVI,0.4,0.1,0.4,0.04,0.04,0.0,0.0,0.0,0.02,0.0,0.0,0.0,0.0,0.0,0.0
35,3,3,2,False,1.0905168316653535,0.21625053007470663,3,qUCB,0.74,0.08,0.08,0.0,0.0,0.0,0.0,0.0,0.04,0.0,0.0,0.04,0.0,0.02,0.0
35,3,3,2,False,1.0905168316653535,0.21625053007470663,4,qUCB,0.42,0.48,0.0,0.0,0.02,0.0,0.0,0.0,0.0,0.0,0.0,0.04,0.0,0.04,0.0
35,4,2,3,False,0.9354159190743874,0.10260233868164281,0,qEHVI,0.38,0.14,0.4,0.02,0.02,0.0,0.0,0.0,0.0,0.0,0.0,0.0,0.0,0.0,0.04
35,4,2,3,False,0.9354159190743874,0.10260233868164281,1,qEHVI,0.0,0.7000000000000001,0.28,0.02,0.0,0.0,0.0,0.0,0.0,0.0,0.0,0.0,0.0,0.0,0.0
35,4,2,3,False,0.9354159190743874,0.10260233868164281,2,qUCB,0.74,0.08,0.08,0.0,0.0,0.0,0.0,0.0,0.04,0.0,0.0,0.04,0.0,0.02,0.0
35,4,2,3,False,0.9354159190743874,0.10260233868164281,3,qUCB,0.12,0.2,0.6,0.0,0.0,0.0,0.0,0.0,0.04,0.0,0.0,0.04,0.0,0.0,0.0
35,4,2,3,False,0.9354159190743874,0.10260233868164281,4,qUCB,0.66,0.0,0.26,0.0,0.0,0.0,0.0,0.0,0.04,0.0,0.0,0.04,0.0,0.0,0.0
35,5,1,4,False,0.804112092223742,0.15187532478668864,0,qEHVI,0.38,0.14,0.4,0.02,0.02,0.0,0.0,0.0,0.0,0.0,0.0,0.0,0.0,0.0,0.04
35,5,1,4,False,0.804112092223742,0.15187532478668864,1,qUCB,0.42,0.48,0.0,0.0,0.02,0.0,0.0,0.0,0.0,0.0,0.0,0.04,0.0,0.04,0.0
35,5,1,4,False,0.804112092223742,0.15187532478668864,2,qUCB,0.74,0.08,0.08,0.0,0.0,0.0,0.0,0.0,0.04,0.0,0.0,0.04,0.0,0.02,0.0
35,5,1,4,False,0.804112092223742,0.15187532478668864,3,qUCB,0.12,0.2,0.6,0.0,0.0,0.0,0.0,0.0,0.04,0.0,0.0,0.04,0.0,0.0,0.0
35,5,1,4,False,0.804112092223742,0.15187532478668864,4,qUCB,0.04,0.24,0.62,0.0,0.02,0.0,0.0,0.0,0.04,0.0,0.0,0.0,0.0,0.04,0.0
35,6,0,5,False,1.0577735621924416,0.06786350819647513,0,qUCB,0.5,0.44,0.0,0.0,0.0,0.0,0.0,0.0,0.0,0.0,0.0,0.04,0.0,0.0,0.02
35,6,0,5,False,1.0577735621924416,0.06786350819647513,1,qUCB,0.4,0.32,0.18,0.04,0.0,0.0,0.0,0.0,0.04,0.0,0.0,0.02,0.0,0.0,0.0
35,6,0,5,False,1.0577735621924416,0.06786350819647513,2,qUCB,0.12,0.2,0.6,0.0,0.0,0.0,0.0,0.0,0.04,0.0,0.0,0.04,0.0,0.0,0.0
35,6,0,5,False,1.0577735621924416,0.06786350819647513,3,qUCB,0.0,0.8200000000000001,0.18,0.0,0.0,0.0,0.0,0.0,0.0,0.0,0.0,0.0,0.0,0.0,0.0
35,6,0,5,False,1.0577735621924416,0.06786350819647513,4,qUCB,0.4,0.1,0.4,0.04,0.04,0.0,0.0,0.0,0.02,0.0,0.0,0.0,0.0,0.0,0.0
36,1,5,0,False,1.4414817370763597,0.11903414250748034,0,qEHVI,0.48,0.06,0.38,0.0,0.04,0.0,0.0,0.0,0.0,0.0,0.0,0.04,0.0,0.0,0.0
36,1,5,0,False,1.4414817370763597,0.11903414250748034,1,qEHVI,0.36,0.14,0.4,0.04,0.02,0.0,0.0,0.0,0.0,0.0,0.0,0.0,0.0,0.0,0.04
36,1,5,0,False,1.4414817370763597,0.11903414250748034,2,qEHVI,0.62,0.0,0.28,0.02,0.0,0.0,0.0,0.0,0.0,0.0,0.0,0.04,0.0,0.04,0.0
36,1,5,0,False,1.4414817370763597,0.11903414250748034,3,qEHVI,0.0,0.58,0.38,0.02,0.0,0.0,0.0,0.0,0.02,0.0,0.0,0.0,0.0,0.0,0.0
36,1,5,0,False,1.4414817370763597,0.11903414250748034,4,qEHVI,0.0,0.5,0.5,0.0,0.0,0.0,0.0,0.0,0.0,0.0,0.0,0.0,0.0,0.0,0.0
36,2,4,1,False,1.2557165049175756,0.00891447387201122,0,qEHVI,0.48,0.06,0.38,0.0,0.04,0.0,0.0,0.0,0.0,0.0,0.0,0.04,0.0,0.0,0.0
36,2,4,1,False,1.2557165049175756,0.00891447387201122,1,qEHVI,0.36,0.14,0.4,0.04,0.02,0.0,0.0,0.0,0.0,0.0,0.0,0.0,0.0,0.0,0.04
36,2,4,1,False,1.2557165049175756,0.00891447387201122,2,qEHVI,0.62,0.0,0.28,0.02,0.0,0.0,0.0,0.0,0.0,0.0,0.0,0.04,0.0,0.04,0.0
36,2,4,1,False,1.2557165049175756,0.00891447387201122,3,qEHVI,0.0,0.58,0.38,0.02,0.0,0.0,0.0,0.0,0.02,0.0,0.0,0.0,0.0,0.0,0.0
36,2,4,1,False,1.2557165049175756,0.00891447387201122,4,qUCB,0.36,0.48,0.06,0.0,0.0,0.0,0.0,0.0,0.02,0.0,0.0,0.04,0.0,0.0,0.04
36,3,3,2,False,1.0402481624763147,0.025220245762923144,0,qEHVI,0.48,0.06,0.38,0.0,0.04,0.0,0.0,0.0,0.0,0.0,0.0,0.04,0.0,0.0,0.0
36,3,3,2,False,1.0402481624763147,0.025220245762923144,1,qEHVI,0.36,0.14,0.4,0.04,0.02,0.0,0.0,0.0,0.0,0.0,0.0,0.0,0.0,0.0,0.04
36,3,3,2,False,1.0402481624763147,0.025220245762923144,2,qEHVI,0.62,0.0,0.28,0.02,0.0,0.0,0.0,0.0,0.0,0.0,0.0,0.04,0.0,0.04,0.0
36,3,3,2,False,1.0402481624763147,0.025220245762923144,3,qUCB,0.36,0.48,0.06,0.0,0.0,0.0,0.0,0.0,0.02,0.0,0.0,0.04,0.0,0.0,0.04
36,3,3,2,False,1.0402481624763147,0.025220245762923144,4,qUCB,0.02,0.84,0.08,0.0,0.0,0.0,0.0,0.0,0.04,0.0,0.0,0.0,0.0,0.02,0.0
36,4,2,3,True,0.9311099126253366,0.5431492002876075,0,qEHVI,0.48,0.06,0.38,0.0,0.04,0.0,0.0,0.0,0.0,0.0,0.0,0.04,0.0,0.0,0.0
36,4,2,3,True,0.9311099126253366,0.5431492002876075,1,qEHVI,0.36,0.14,0.4,0.04,0.02,0.0,0.0,0.0,0.0,0.0,0.0,0.0,0.0,0.0,0.04
36,4,2,3,True,0.9311099126253366,0.5431492002876075,2,qUCB,0.46,0.12,0.34,0.0,0.0,0.0,0.0,0.0,0.04,0.0,0.0,0.0,0.0,0.04,0.0
36,4,2,3,True,0.9311099126253366,0.5431492002876075,3,qUCB,0.02,0.84,0.08,0.0,0.0,0.0,0.0,0.0,0.04,0.0,0.0,0.0,0.0,0.02,0.0
36,4,2,3,True,0.9311099126253366,0.5431492002876075,4,qUCB,0.16,0.14,0.62,0.0,0.0,0.0,0.0,0.0,0.04,0.0,0.0,0.0,0.0,0.04,0.0
36,5,1,4,False,0.9281451889785676,0.06622871697349986,0,qEHVI,0.48,0.06,0.38,0.0,0.04,0.0,0.0,0.0,0.0,0.0,0.0,0.04,0.0,0.0,0.0
36,5,1,4,False,0.9281451889785676,0.06622871697349986,1,qUCB,0.4,0.14,0.36,0.02,0.0,0.0,0.0,0.0,0.04,0.0,0.0,0.0,0.0,0.04,0.0
36,5,1,4,False,0.9281451889785676,0.06622871697349986,2,qUCB,0.16,0.18,0.56,0.0,0.0,0.0,0.0,0.0,0.02,0.0,0.0,0.0,0.0,0.04,0.04
36,5,1,4,False,0.9281451889785676,0.06622871697349986,3,qUCB,0.0,0.88,0.08,0.0,0.0,0.0,0.0,0.0,0.0,0.0,0.0,0.0,0.0,0.02,0.02
36,5,1,4,False,0.9281451889785676,0.06622871697349986,4,qUCB,0.14,0.16,0.6,0.04,0.0,0.0,0.0,0.0,0.02,0.0,0.0,0.0,0.0,0.0,0.04
36,6,0,5,False,0.6445057622566998,0.2514703767952593,0,qUCB,0.52,0.4,0.0,0.0,0.02,0.0,0.0,0.0,0.0,0.0,0.0,0.04,0.0,0.02,0.0
36,6,0,5,False,0.6445057622566998,0.2514703767952593,1,qUCB,0.16,0.18,0.56,0.0,0.0,0.0,0.0,0.0,0.02,0.0,0.0,0.0,0.0,0.04,0.04
36,6,0,5,False,0.6445057622566998,0.2514703767952593,2,qUCB,0.74,0.04,0.12,0.0,0.04,0.0,0.0,0.0,0.0,0.0,0.0,0.04,0.0,0.02,0.0
36,6,0,5,False,0.6445057622566998,0.2514703767952593,3,qUCB,0.0,0.0,0.9,0.04,0.0,0.0,0.0,0.0,0.0,0.0,0.0,0.04,0.0,0.0,0.02
36,6,0,5,False,0.6445057622566998,0.2514703767952593,4,qUCB,0.0,0.88,0.08,0.0,0.0,0.0,0.0,0.0,0.0,0.0,0.0,0.0,0.0,0.02,0.02
37,1,5,0,False,1.8064396411150876,0.031110375515212674,0,qEHVI,0.42,0.46,0.04,0.0,0.04,0.0,0.0,0.0,0.0,0.0,0.0,0.04,0.0,0.0,0.0
37,1,5,0,False,1.8064396411150876,0.031110375515212674,1,qEHVI,0.42,0.1,0.38,0.02,0.04,0.0,0.0,0.0,0.02,0.0,0.0,0.0,0.0,0.02,0.0
37,1,5,0,False,1.8064396411150876,0.031110375515212674,2,qEHVI,0.46,0.04,0.42,0.0,0.04,0.0,0.0,0.0,0.0,0.0,0.0,0.0,0.0,0.04,0.0
37,1,5,0,False,1.8064396411150876,0.031110375515212674,3,qEHVI,0.38,0.14,0.4,0.04,0.04,0.0,0.0,0.0,0.0,0.0,0.0,0.0,0.0,0.0,0.0
37,1,5,0,False,1.8064396411150876,0.031110375515212674,4,qEHVI,0.16,0.02,0.76,0.0,0.04,0.0,0.0,0.0,0.02,0.0,0.0,0.0,0.0,0.0,0.0
37,2,4,1,False,1.7486218877505209,0.06767418275172243,0,qEHVI,0.42,0.46,0.04,0.0,0.04,0.0,0.0,0.0,0.0,0.0,0.0,0.04,0.0,0.0,0.0
37,2,4,1,False,1.7486218877505209,0.06767418275172243,1,qEHVI,0.42,0.1,0.38,0.02,0.04,0.0,0.0,0.0,0.02,0.0,0.0,0.0,0.0,0.02,0.0
37,2,4,1,False,1.7486218877505209,0.06767418275172243,2,qEHVI,0.46,0.04,0.42,0.0,0.04,0.0,0.0,0.0,0.0,0.0,0.0,0.0,0.0,0.04,0.0
37,2,4,1,False,1.7486218877505209,0.06767418275172243,3,qEHVI,0.38,0.14,0.4,0.04,0.04,0.0,0.0,0.0,0.0,0.0,0.0,0.0,0.0,0.0,0.0
37,2,4,1,False,1.7486218877505209,0.06767418275172243,4,qUCB,0.48,0.38,0.04,0.0,0.0,0.0,0.0,0.0,0.02,0.0,0.0,0.04,0.0,0.04,0.0
37,3,3,2,True,1.5416704330965678,0.36299793360820054,0,qEHVI,0.42,0.46,0.04,0.0,0.04,0.0,0.0,0.0,0.0,0.0,0.0,0.04,0.0,0.0,0.0
37,3,3,2,True,1.5416704330965678,0.36299793360820054,1,qEHVI,0.42,0.1,0.38,0.02,0.04,0.0,0.0,0.0,0.02,0.0,0.0,0.0,0.0,0.02,0.0
37,3,3,2,True,1.5416704330965678,0.36299793360820054,2,qEHVI,0.46,0.04,0.42,0.0,0.04,0.0,0.0,0.0,0.0,0.0,0.0,0.0,0.0,0.04,0.0
37,3,3,2,True,1.5416704330965678,0.36299793360820054,3,qUCB,0.48,0.38,0.04,0.0,0.0,0.0,0.0,0.0,0.02,0.0,0.0,0.04,0.0,0.04,0.0
37,3,3,2,True,1.5416704330965678,0.36299793360820054,4,qUCB,0.0,0.8200000000000001,0.14,0.0,0.0,0.0,0.0,0.0,0.0,0.0,0.0,0.0,0.0,0.0,0.04
37,4,2,3,False,1.331429640710634,0.049558221065464814,0,qEHVI,0.42,0.46,0.04,0.0,0.04,0.0,0.0,0.0,0.0,0.0,0.0,0.04,0.0,0.0,0.0
37,4,2,3,False,1.331429640710634,0.049558221065464814,1,qEHVI,0.42,0.1,0.38,0.02,0.04,0.0,0.0,0.0,0.02,0.0,0.0,0.0,0.0,0.02,0.0
37,4,2,3,False,1.331429640710634,0.049558221065464814,2,qUCB,0.48,0.38,0.04,0.0,0.0,0.0,0.0,0.0,0.02,0.0,0.0,0.04,0.0,0.04,0.0
37,4,2,3,False,1.331429640710634,0.049558221065464814,3,qUCB,0.0,0.8200000000000001,0.14,0.0,0.0,0.0,0.0,0.0,0.0,0.0,0.0,0.0,0.0,0.0,0.04
37,4,2,3,False,1.331429640710634,0.049558221065464814,4,qUCB,0.2,0.16,0.56,0.04,0.0,0.0,0.0,0.0,0.0,0.0,0.0,0.0,0.0,0.0,0.04
37,5,1,4,False,0.9600870773887169,0.30176405555388985,0,qEHVI,0.42,0.46,0.04,0.0,0.04,0.0,0.0,0.0,0.0,0.0,0.0,0.04,0.0,0.0,0.0
37,5,1,4,False,0.9600870773887169,0.30176405555388985,1,qUCB,0.38,0.1,0.42,0.0,0.0,0.0,0.0,0.0,0.04,0.0,0.0,0.0,0.0,0.04,0.02
37,5,1,4,False,0.9600870773887169,0.30176405555388985,2,qUCB,0.2,0.16,0.56,0.04,0.0,0.0,0.0,0.0,0.0,0.0,0.0,0.0,0.0,0.0,0.04
37,5,1,4,False,0.9600870773887169,0.30176405555388985,3,qUCB,0.2,0.56,0.14,0.04,0.0,0.0,0.0,0.0,0.0,0.0,0.0,0.0,0.0,0.04,0.02
37,5,1,4,False,0.9600870773887169,0.30176405555388985,4,qUCB,0.0,0.14,0.76,0.04,0.0,0.0,0.0,0.0,0.04,0.0,0.0,0.0,0.0,0.02,0.0
37,6,0,5,False,0.9907792708975754,0.10676514318018704,0,qUCB,0.42,0.46,0.04,0.0,0.04,0.0,0.0,0.0,0.0,0.0,0.0,0.04,0.0,0.0,0.0
37,6,0,5,False,0.9907792708975754,0.10676514318018704,1,qUCB,0.76,0.04,0.12,0.0,0.04,0.0,0.0,0.0,0.0,0.0,0.0,0.04,0.0,0.0,0.0
37,6,0,5,False,0.9907792708975754,0.10676514318018704,2,qUCB,0.16,0.16,0.58,0.04,0.04,0.0,0.0,0.0,0.0,0.0,0.0,0.02,0.0,0.0,0.0
37,6,0,5,False,0.9907792708975754,0.10676514318018704,3,qUCB,0.22,0.68,0.0,0.04,0.0,0.0,0.0,0.0,0.02,0.0,0.0,0.04,0.0,0.0,0.0
37,6,0,5,False,0.9907792708975754,0.10676514318018704,4,qUCB,0.24,0.1,0.56,0.04,0.0,0.0,0.0,0.0,0.0,0.0,0.0,0.04,0.0,0.02,0.0
38,1,5,0,True,1.0295455669770328,0.019702118528430235,0,qEHVI,0.36,0.12,0.42,0.02,0.04,0.0,0.0,0.0,0.0,0.0,0.0,0.0,0.0,0.04,0.0
38,1,5,0,True,1.0295455669770328,0.019702118528430235,1,qEHVI,0.0,0.58,0.38,0.02,0.0,0.0,0.0,0.0,0.02,0.0,0.0,0.0,0.0,0.0,0.0
38,1,5,0,True,1.0295455669770328,0.019702118528430235,2,qEHVI,0.42,0.1,0.38,0.0,0.0,0.0,0.0,0.0,0.0,0.0,0.0,0.04,0.0,0.04,0.02
38,1,5,0,True,1.0295455669770328,0.019702118528430235,3,qEHVI,0.36,0.04,0.5,0.04,0.02,0.0,0.0,0.0,0.0,0.0,0.0,0.02,0.0,0.02,0.0
38,1,5,0,True,1.0295455669770328,0.019702118528430235,4,qEHVI,0.4,0.18,0.32,0.0,0.04,0.0,0.0,0.0,0.0,0.0,0.0,0.0,0.0,0.02,0.04
38,2,4,1,False,0.8365246075306765,0.013346407391004123,0,qEHVI,0.36,0.12,0.42,0.02,0.04,0.0,0.0,0.0,0.0,0.0,0.0,0.0,0.0,0.04,0.0
38,2,4,1,False,0.8365246075306765,0.013346407391004123,1,qEHVI,0.0,0.58,0.38,0.02,0.0,0.0,0.0,0.0,0.02,0.0,0.0,0.0,0.0,0.0,0.0
38,2,4,1,False,0.8365246075306765,0.013346407391004123,2,qEHVI,0.42,0.1,0.38,0.0,0.0,0.0,0.0,0.0,0.0,0.0,0.0,0.04,0.0,0.04,0.02
38,2,4,1,False,0.8365246075306765,0.013346407391004123,3,qEHVI,0.36,0.04,0.5,0.04,0.02,0.0,0.0,0.0,0.0,0.0,0.0,0.02,0.0,0.02,0.0
38,2,4,1,False,0.8365246075306765,0.013346407391004123,4,qUCB,0.36,0.5,0.04,0.0,0.04,0.0,0.0,0.0,0.0,0.0,0.0,0.02,0.0,0.0,0.04
38,3,3,2,False,0.7305880072416764,0.020365571659289823,0,qEHVI,0.36,0.12,0.42,0.02,0.04,0.0,0.0,0.0,0.0,0.0,0.0,0.0,0.0,0.04,0.0
38,3,3,2,False,0.7305880072416764,0.020365571659289823,1,qEHVI,0.0,0.58,0.38,0.02,0.0,0.0,0.0,0.0,0.02,0.0,0.0,0.0,0.0,0.0,0.0
38,3,3,2,False,0.7305880072416764,0.020365571659289823,2,qEHVI,0.42,0.1,0.38,0.0,0.0,0.0,0.0,0.0,0.0,0.0,0.0,0.04,0.0,0.04,0.02
38,3,3,2,False,0.7305880072416764,0.020365571659289823,3,qUCB,0.36,0.5,0.04,0.0,0.04,0.0,0.0,0.0,0.0,0.0,0.0,0.02,0.0,0.0,0.04
38,3,3,2,False,0.7305880072416764,0.020365571659289823,4,qUCB,0.7000000000000001,0.02,0.18,0.0,0.04,0.0,0.0,0.0,0.02,0.0,0.0,0.04,0.0,0.0,0.0
38,4,2,3,False,0.5619917665806116,0.24964887282282422,0,qEHVI,0.36,0.12,0.42,0.02,0.04,0.0,0.0,0.0,0.0,0.0,0.0,0.0,0.0,0.04,0.0
38,4,2,3,False,0.5619917665806116,0.24964887282282422,1,qEHVI,0.0,0.58,0.38,0.02,0.0,0.0,0.0,0.0,0.02,0.0,0.0,0.0,0.0,0.0,0.0
38,4,2,3,False,0.5619917665806116,0.24964887282282422,2,qUCB,0.72,0.04,0.14,0.0,0.0,0.0,0.0,0.0,0.0,0.0,0.0,0.04,0.0,0.02,0.04
38,4,2,3,False,0.5619917665806116,0.24964887282282422,3,qUCB,0.46,0.36,0.08,0.0,0.0,0.0,0.0,0.0,0.0,0.0,0.0,0.04,0.0,0.02,0.04
38,4,2,3,False,0.5619917665806116,0.24964887282282422,4,qUCB,0.8200000000000001,0.02,0.06,0.0,0.02,0.0,0.0,0.0,0.0,0.0,0.0,0.04,0.0,0.0,0.04
38,5,1,4,False,0.5567100850665655,0.08236193205882403,0,qEHVI,0.36,0.12,0.42,0.02,0.04,0.0,0.0,0.0,0.0,0.0,0.0,0.0,0.0,0.04,0.0
38,5,1,4,False,0.5567100850665655,0.08236193205882403,1,qUCB,0.66,0.14,0.1,0.0,0.0,0.0,0.0,0.0,0.02,0.0,0.0,0.04,0.0,0.0,0.04
38,5,1,4,False,0.5567100850665655,0.08236193205882403,2,qUCB,0.36,0.52,0.04,0.0,0.0,0.0,0.0,0.0,0.0,0.0,0.0,0.04,0.0,0.0,0.04
38,5,1,4,False,0.5567100850665655,0.08236193205882403,3,qUCB,0.52,0.44,0.0,0.0,0.0,0.0,0.0,0.0,0.0,0.0,0.0,0.04,0.0,0.0,0.0
38,5,1,4,False,0.5567100850665655,0.08236193205882403,4,qUCB,0.76,0.08,0.06,0.0,0.0,0.0,0.0,0.0,0.04,0.0,0.0,0.04,0.0,0.0,0.02
38,6,0,5,False,0.4092644056557001,0.07943478756165978,0,qUCB,0.42,0.46,0.04,0.0,0.02,0.0,0.0,0.0,0.0,0.0,0.0,0.04,0.0,0.0,0.02
38,6,0,5,False,0.4092644056557001,0.07943478756165978,1,qUCB,0.52,0.44,0.0,0.0,0.0,0.0,0.0,0.0,0.0,0.0,0.0,0.04,0.0,0.0,0.0
38,6,0,5,False,0.4092644056557001,0.07943478756165978,2,qUCB,0.74,0.02,0.14,0.0,0.04,0.0,0.0,0.0,0.0,0.0,0.0,0.04,0.0,0.02,0.0
38,6,0,5,False,0.4092644056557001,0.07943478756165978,3,qUCB,0.4,0.36,0.24,0.0,0.0,0.0,0.0,0.0,0.0,0.0,0.0,0.0,0.0,0.0,0.0
38,6,0,5,False,0.4092644056557001,0.07943478756165978,4,qUCB,0.68,0.08,0.14,0.0,0.04,0.0,0.0,0.0,0.0,0.0,0.0,0.04,0.0,0.02,0.0
39,1,5,0,True,1.2897336298224933,0.044008924641058655,0,qEHVI,0.44,0.12,0.36,0.0,0.02,0.0,0.0,0.0,0.0,0.0,0.0,0.0,0.0,0.04,0.02
39,1,5,0,True,1.2897336298224933,0.044008924641058655,1,qEHVI,0.38,0.16,0.36,0.02,0.04,0.0,0.0,0.0,0.0,0.0,0.0,0.0,0.0,0.04,0.0
39,1,5,0,True,1.2897336298224933,0.044008924641058655,2,qEHVI,0.14,0.0,0.76,0.0,0.02,0.0,0.0,0.0,0.0,0.0,0.0,0.0,0.0,0.04,0.04
39,1,5,0,True,1.2897336298224933,0.044008924641058655,3,qEHVI,0.42,0.0,0.48,0.04,0.0,0.0,0.0,0.0,0.04,0.0,0.0,0.0,0.0,0.02,0.0
39,1,5,0,True,1.2897336298224933,0.044008924641058655,4,qEHVI,0.48,0.4,0.02,0.0,0.02,0.0,0.0,0.0,0.0,0.0,0.0,0.04,0.0,0.0,0.04
39,2,4,1,False,1.2614856198195068,0.09712156284477658,0,qEHVI,0.44,0.12,0.36,0.0,0.02,0.0,0.0,0.0,0.0,0.0,0.0,0.0,0.0,0.04,0.02
39,2,4,1,False,1.2614856198195068,0.09712156284477658,1,qEHVI,0.38,0.16,0.36,0.02,0.04,0.0,0.0,0.0,0.0,0.0,0.0,0.0,0.0,0.04,0.0
39,2,4,1,False,1.2614856198195068,0.09712156284477658,2,qEHVI,0.42,0.0,0.48,0.04,0.0,0.0,0.0,0.0,0.04,0.0,0.0,0.0,0.0,0.02,0.0
39,2,4,1,False,1.2614856198195068,0.09712156284477658,3,qEHVI,0.14,0.0,0.76,0.0,0.02,0.0,0.0,0.0,0.0,0.0,0.0,0.0,0.0,0.04,0.04
39,2,4,1,False,1.2614856198195068,0.09712156284477658,4,qUCB,0.48,0.4,0.02,0.0,0.02,0.0,0.0,0.0,0.0,0.0,0.0,0.04,0.0,0.0,0.04
39,3,3,2,False,0.9853082144265297,0.06367257984258146,0,qEHVI,0.44,0.12,0.36,0.0,0.02,0.0,0.0,0.0,0.0,0.0,0.0,0.0,0.0,0.04,0.02
39,3,3,2,False,0.9853082144265297,0.06367257984258146,1,qEHVI,0.38,0.16,0.36,0.02,0.04,0.0,0.0,0.0,0.0,0.0,0.0,0.0,0.0,0.04,0.0
39,3,3,2,False,0.9853082144265297,0.06367257984258146,2,qEHVI,0.14,0.0,0.76,0.0,0.02,0.0,0.0,0.0,0.0,0.0,0.0,0.0,0.0,0.04,0.04
39,3,3,2,False,0.9853082144265297,0.06367257984258146,3,qUCB,0.4,0.1,0.4,0.04,0.0,0.0,0.0,0.0,0.02,0.0,0.0,0.04,0.0,0.0,0.0
39,3,3,2,False,0.9853082144265297,0.06367257984258146,4,qUCB,0.68,0.0,0.22,0.02,0.0,0.0,0.0,0.0,0.04,0.0,0.0,0.04,0.0,0.0,0.0
39,4,2,3,False,0.8297833941863109,0.03534643749615474,0,qEHVI,0.44,0.12,0.36,0.0,0.02,0.0,0.0,0.0,0.0,0.0,0.0,0.0,0.0,0.04,0.02
39,4,2,3,False,0.8297833941863109,0.03534643749615474,1,qEHVI,0.38,0.16,0.36,0.02,0.04,0.0,0.0,0.0,0.0,0.0,0.0,0.0,0.0,0.04,0.0
39,4,2,3,False,0.8297833941863109,0.03534643749615474,2,qUCB,0.4,0.1,0.4,0.04,0.0,0.0,0.0,0.0,0.02,0.0,0.0,0.04,0.0,0.0,0.0
39,4,2,3,False,0.8297833941863109,0.03534643749615474,3,qUCB,0.68,0.0,0.22,0.02,0.0,0.0,0.0,0.0,0.04,0.0,0.0,0.04,0.0,0.0,0.0
39,4,2,3,False,0.8297833941863109,0.03534643749615474,4,qUCB,0.26,0.52,0.12,0.04,0.0,0.0,0.0,0.0,0.04,0.0,0.0,0.02,0.0,0.0,0.0
39,5,1,4,False,0.6228264455840318,0.13608676155464572,0,qEHVI,0.44,0.12,0.36,0.0,0.02,0.0,0.0,0.0,0.0,0.0,0.0,0.0,0.0,0.04,0.02
39,5,1,4,False,0.6228264455840318,0.13608676155464572,1,qUCB,0.4,0.1,0.4,0.04,0.0,0.0,0.0,0.0,0.02,0.0,0.0,0.04,0.0,0.0,0.0
39,5,1,4,False,0.6228264455840318,0.13608676155464572,2,qUCB,0.4,0.32,0.18,0.04,0.0,0.0,0.0,0.0,0.02,0.0,0.0,0.04,0.0,0.0,0.0
39,5,1,4,False,0.6228264455840318,0.13608676155464572,3,qUCB,0.26,0.52,0.12,0.04,0.0,0.0,0.0,0.0,0.04,0.0,0.0,0.02,0.0,0.0,0.0
39,5,1,4,False,0.6228264455840318,0.13608676155464572,4,qUCB,0.22,0.68,0.0,0.04,0.0,0.0,0.0,0.0,0.0,0.0,0.0,0.04,0.0,0.0,0.02
39,6,0,5,False,0.4801560460469191,0.08197207460804012,0,qUCB,0.48,0.4,0.02,0.0,0.02,0.0,0.0,0.0,0.0,0.0,0.0,0.04,0.0,0.0,0.04
39,6,0,5,False,0.4801560460469191,0.08197207460804012,1,qUCB,0.76,0.0,0.14,0.0,0.04,0.0,0.0,0.0,0.0,0.0,0.0,0.04,0.0,0.0,0.02
39,6,0,5,False,0.4801560460469191,0.08197207460804012,2,qUCB,0.34,0.4,0.24,0.0,0.0,0.0,0.0,0.0,0.0,0.0,0.0,0.0,0.0,0.02,0.0
39,6,0,5,False,0.4801560460469191,0.08197207460804012,3,qUCB,0.46,0.48,0.0,0.0,0.0,0.0,0.0,0.0,0.0,0.0,0.0,0.04,0.0,0.02,0.0
39,6,0,5,False,0.4801560460469191,0.08197207460804012,4,qUCB,0.2,0.14,0.56,0.04,0.0,0.0,0.0,0.0,0.0,0.0,0.0,0.04,0.0,0.0,0.02
40,1,5,0,False,1.265456568288366,0.030941276021087205,0,qEHVI,0.44,0.16,0.3,0.02,0.04,0.0,0.0,0.0,0.0,0.0,0.0,0.04,0.0,0.0,0.0
40,1,5,0,False,1.265456568288366,0.030941276021087205,1,qEHVI,0.46,0.44,0.0,0.0,0.04,0.0,0.0,0.0,0.0,0.0,0.0,0.04,0.0,0.02,0.0
40,1,5,0,False,1.265456568288366,0.030941276021087205,2,qEHVI,0.72,0.24,0.02,0.0,0.0,0.0,0.0,0.0,0.0,0.0,0.0,0.0,0.0,0.0,0.02
40,1,5,0,False,1.265456568288366,0.030941276021087205,3,qEHVI,0.46,0.08,0.36,0.0,0.04,0.0,0.0,0.0,0.0,0.0,0.0,0.0,0.0,0.04,0.02
40,1,5,0,False,1.265456568288366,0.030941276021087205,4,qEHVI,0.38,0.2,0.32,0.02,0.04,0.0,0.0,0.0,0.0,0.0,0.0,0.04,0.0,0.0,0.0
40,2,4,1,False,1.075953846453499,0.2090586940806105,0,qEHVI,0.44,0.16,0.3,0.02,0.04,0.0,0.0,0.0,0.0,0.0,0.0,0.04,0.0,0.0,0.0
40,2,4,1,False,1.075953846453499,0.2090586940806105,1,qEHVI,0.46,0.44,0.0,0.0,0.04,0.0,0.0,0.0,0.0,0.0,0.0,0.04,0.0,0.02,0.0
40,2,4,1,False,1.075953846453499,0.2090586940806105,2,qEHVI,0.72,0.24,0.02,0.0,0.0,0.0,0.0,0.0,0.0,0.0,0.0,0.0,0.0,0.0,0.02
40,2,4,1,False,1.075953846453499,0.2090586940806105,3,qEHVI,0.46,0.08,0.36,0.0,0.04,0.0,0.0,0.0,0.0,0.0,0.0,0.0,0.0,0.04,0.02
40,2,4,1,False,1.075953846453499,0.2090586940806105,4,qUCB,0.3,0.48,0.12,0.04,0.0,0.0,0.0,0.0,0.02,0.0,0.0,0.0,0.0,0.04,0.0
40,3,3,2,False,0.9729382087247965,0.03465200483625064,0,qEHVI,0.44,0.16,0.3,0.02,0.04,0.0,0.0,0.0,0.0,0.0,0.0,0.04,0.0,0.0,0.0
40,3,3,2,False,0.9729382087247965,0.03465200483625064,1,qEHVI,0.46,0.44,0.0,0.0,0.04,0.0,0.0,0.0,0.0,0.0,0.0,0.04,0.0,0.02,0.0
40,3,3,2,False,0.9729382087247965,0.03465200483625064,2,qEHVI,0.72,0.24,0.02,0.0,0.0,0.0,0.0,0.0,0.0,0.0,0.0,0.0,0.0,0.0,0.02
40,3,3,2,False,0.9729382087247965,0.03465200483625064,3,qUCB,0.46,0.08,0.38,0.04,0.0,0.0,0.0,0.0,0.0,0.0,0.0,0.0,0.0,0.04,0.0
40,3,3,2,False,0.9729382087247965,0.03465200483625064,4,qUCB,0.0,0.0,0.9,0.04,0.0,0.0,0.0,0.0,0.02,0.0,0.0,0.02,0.0,0.0,0.02
40,4,2,3,True,0.8505377062534215,0.47913194057262976,0,qEHVI,0.44,0.16,0.3,0.02,0.04,0.0,0.0,0.0,0.0,0.0,0.0,0.04,0.0,0.0,0.0
40,4,2,3,True,0.8505377062534215,0.47913194057262976,1,qEHVI,0.46,0.44,0.0,0.0,0.04,0.0,0.0,0.0,0.0,0.0,0.0,0.04,0.0,0.02,0.0
40,4,2,3,True,0.8505377062534215,0.47913194057262976,2,qUCB,0.44,0.06,0.4,0.0,0.0,0.0,0.0,0.0,0.04,0.0,0.0,0.0,0.0,0.02,0.04
40,4,2,3,True,0.8505377062534215,0.47913194057262976,3,qUCB,0.28,0.48,0.14,0.04,0.0,0.0,0.0,0.0,0.0,0.0,0.0,0.0,0.0,0.02,0.04
40,4,2,3,True,0.8505377062534215,0.47913194057262976,4,qUCB,0.0,0.0,0.9,0.04,0.0,0.0,0.0,0.0,0.02,0.0,0.0,0.02,0.0,0.0,0.02
40,5,1,4,False,0.6012928538675468,0.0769938489393811,0,qEHVI,0.44,0.16,0.3,0.02,0.04,0.0,0.0,0.0,0.0,0.0,0.0,0.04,0.0,0.0,0.0
40,5,1,4,False,0.6012928538675468,0.0769938489393811,1,qUCB,0.44,0.06,0.4,0.0,0.0,0.0,0.0,0.0,0.04,0.0,0.0,0.0,0.0,0.02,0.04
40,5,1,4,False,0.6012928538675468,0.0769938489393811,2,qUCB,0.2,0.48,0.24,0.0,0.0,0.0,0.0,0.0,0.0,0.0,0.0,0.0,0.0,0.04,0.04
40,5,1,4,False,0.6012928538675468,0.0769938489393811,3,qUCB,0.42,0.1,0.38,0.0,0.0,0.0,0.0,0.0,0.04,0.0,0.0,0.0,0.0,0.04,0.02
40,5,1,4,False,0.6012928538675468,0.0769938489393811,4,qUCB,0.0,0.0,0.9,0.04,0.0,0.0,0.0,0.0,0.02,0.0,0.0,0.02,0.0,0.0,0.02
40,6,0,5,False,0.5275866629487633,0.059317642347179955,0,qUCB,0.46,0.44,0.0,0.0,0.04,0.0,0.0,0.0,0.0,0.0,0.0,0.04,0.0,0.02,0.0
40,6,0,5,False,0.5275866629487633,0.059317642347179955,1,qUCB,0.0,0.0,0.9,0.04,0.0,0.0,0.0,0.0,0.02,0.0,0.0,0.02,0.0,0.0,0.02
40,6,0,5,False,0.5275866629487633,0.059317642347179955,2,qUCB,0.38,0.44,0.16,0.02,0.0,0.0,0.0,0.0,0.0,0.0,0.0,0.0,0.0,0.0,0.0
40,6,0,5,False,0.5275866629487633,0.059317642347179955,3,qUCB,0.44,0.5,0.0,0.0,0.02,0.0,0.0,0.0,0.0,0.0,0.0,0.04,0.0,0.0,0.0
40,6,0,5,False,0.5275866629487633,0.059317642347179955,4,qUCB,0.18,0.14,0.58,0.04,0.0,0.0,0.0,0.0,0.0,0.0,0.0,0.04,0.0,0.02,0.0
41,1,5,0,False,1.2557990732351136,0.13364408958940466,0,qEHVI,0.34,0.3,0.26,0.04,0.02,0.0,0.0,0.0,0.0,0.0,0.0,0.04,0.0,0.0,0.0
41,1,5,0,False,1.2557990732351136,0.13364408958940466,1,qEHVI,0.42,0.1,0.4,0.0,0.0,0.0,0.0,0.0,0.0,0.0,0.0,0.04,0.0,0.0,0.04
41,1,5,0,False,1.2557990732351136,0.13364408958940466,2,qEHVI,0.46,0.42,0.02,0.0,0.04,0.0,0.0,0.0,0.0,0.0,0.0,0.04,0.0,0.0,0.02
41,1,5,0,False,1.2557990732351136,0.13364408958940466,3,qEHVI,0.76,0.18,0.06,0.0,0.0,0.0,0.0,0.0,0.0,0.0,0.0,0.0,0.0,0.0,0.0
41,1,5,0,False,1.2557990732351136,0.13364408958940466,4,qEHVI,0.44,0.06,0.4,0.0,0.04,0.0,0.0,0.0,0.0,0.0,0.0,0.0,0.0,0.04,0.02
41,2,4,1,False,1.1184745240839153,0.17202478132947752,0,qEHVI,0.34,0.3,0.26,0.04,0.02,0.0,0.0,0.0,0.0,0.0,0.0,0.04,0.0,0.0,0.0
41,2,4,1,False,1.1184745240839153,0.17202478132947752,1,qEHVI,0.42,0.1,0.4,0.0,0.0,0.0,0.0,0.0,0.0,0.0,0.0,0.04,0.0,0.0,0.04
41,2,4,1,False,1.1184745240839153,0.17202478132947752,2,qEHVI,0.46,0.42,0.02,0.0,0.04,0.0,0.0,0.0,0.0,0.0,0.0,0.04,0.0,0.0,0.02
41,2,4,1,False,1.1184745240839153,0.17202478132947752,3,qEHVI,0.76,0.18,0.06,0.0,0.0,0.0,0.0,0.0,0.0,0.0,0.0,0.0,0.0,0.0,0.0
41,2,4,1,False,1.1184745240839153,0.17202478132947752,4,qUCB,0.38,0.14,0.38,0.04,0.0,0.0,0.0,0.0,0.04,0.0,0.0,0.0,0.0,0.02,0.0
41,3,3,2,True,0.8931984641720333,0.1392304206996604,0,qEHVI,0.34,0.3,0.26,0.04,0.02,0.0,0.0,0.0,0.0,0.0,0.0,0.04,0.0,0.0,0.0
41,3,3,2,True,0.8931984641720333,0.1392304206996604,1,qEHVI,0.42,0.1,0.4,0.0,0.0,0.0,0.0,0.0,0.0,0.0,0.0,0.04,0.0,0.0,0.04
41,3,3,2,True,0.8931984641720333,0.1392304206996604,2,qEHVI,0.46,0.42,0.02,0.0,0.04,0.0,0.0,0.0,0.0,0.0,0.0,0.04,0.0,0.0,0.02
41,3,3,2,True,0.8931984641720333,0.1392304206996604,3,qUCB,0.68,0.16,0.08,0.0,0.0,0.0,0.0,0.0,0.04,0.0,0.0,0.0,0.0,0.04,0.0
41,3,3,2,True,0.8931984641720333,0.1392304206996604,4,qUCB,0.32,0.36,0.24,0.0,0.0,0.0,0.0,0.0,0.04,0.0,0.0,0.0,0.0,0.04,0.0
41,4,2,3,False,0.682695266469878,0.07083257116878383,0,qEHVI,0.34,0.3,0.26,0.04,0.02,0.0,0.0,0.0,0.0,0.0,0.0,0.04,0.0,0.0,0.0
41,4,2,3,False,0.682695266469878,0.07083257116878383,1,qEHVI,0.42,0.1,0.4,0.0,0.0,0.0,0.0,0.0,0.0,0.0,0.0,0.04,0.0,0.0,0.04
41,4,2,3,False,0.682695266469878,0.07083257116878383,2,qUCB,0.68,0.16,0.08,0.0,0.0,0.0,0.0,0.0,0.04,0.0,0.0,0.0,0.0,0.04,0.0
41,4,2,3,False,0.682695266469878,0.07083257116878383,3,qUCB,0.32,0.36,0.24,0.0,0.0,0.0,0.0,0.0,0.04,0.0,0.0,0.0,0.0,0.04,0.0
41,4,2,3,False,0.682695266469878,0.07083257116878383,4,qUCB,0.3,0.14,0.48,0.0,0.0,0.0,0.0,0.0,0.04,0.0,0.0,0.0,0.0,0.04,0.0
41,5,1,4,False,0.5495328972589766,0.20410732127513498,0,qEHVI,0.34,0.3,0.26,0.04,0.02,0.0,0.0,0.0,0.0,0.0,0.0,0.04,0.0,0.0,0.0
41,5,1,4,False,0.5495328972589766,0.20410732127513498,1,qUCB,0.46,0.06,0.4,0.0,0.0,0.0,0.0,0.0,0.0,0.0,0.0,0.0,0.0,0.04,0.04
41,5,1,4,False,0.5495328972589766,0.20410732127513498,2,qUCB,0.22,0.44,0.24,0.0,0.0,0.0,0.0,0.0,0.04,0.0,0.0,0.0,0.0,0.04,0.02
41,5,1,4,False,0.5495328972589766,0.20410732127513498,3,qUCB,0.22,0.2,0.48,0.0,0.0,0.0,0.0,0.0,0.02,0.0,0.0,0.0,0.0,0.04,0.04
41,5,1,4,False,0.5495328972589766,0.20410732127513498,4,qUCB,0.32,0.36,0.24,0.0,0.0,0.0,0.0,0.0,0.04,0.0,0.0,0.0,0.0,0.04,0.0
41,6,0,5,False,0.5194987303662595,0.007748308766859502,0,qUCB,0.46,0.42,0.02,0.0,0.04,0.0,0.0,0.0,0.0,0.0,0.0,0.04,0.0,0.0,0.02
41,6,0,5,False,0.5194987303662595,0.007748308766859502,1,qUCB,0.36,0.4,0.24,0.0,0.0,0.0,0.0,0.0,0.0,0.0,0.0,0.0,0.0,0.0,0.0
41,6,0,5,False,0.5194987303662595,0.007748308766859502,2,qUCB,0.46,0.48,0.0,0.0,0.02,0.0,0.0,0.0,0.0,0.0,0.0,0.04,0.0,0.0,0.0
41,6,0,5,False,0.5194987303662595,0.007748308766859502,3,qUCB,0.78,0.0,0.12,0.0,0.04,0.0,0.0,0.0,0.02,0.0,0.0,0.04,0.0,0.0,0.0
41,6,0,5,False,0.5194987303662595,0.007748308766859502,4,qUCB,0.38,0.46,0.16,0.0,0.0,0.0,0.0,0.0,0.0,0.0,0.0,0.0,0.0,0.0,0.0
42,1,5,0,False,1.1578552062697944,0.09592912318426894,0,qEHVI,0.42,0.16,0.32,0.02,0.02,0.0,0.0,0.0,0.0,0.0,0.0,0.04,0.0,0.0,0.02
42,1,5,0,False,1.1578552062697944,0.09592912318426894,1,qEHVI,0.64,0.0,0.34,0.0,0.02,0.0,0.0,0.0,0.0,0.0,0.0,0.0,0.0,0.0,0.0
42,1,5,0,False,1.1578552062697944,0.09592912318426894,2,qEHVI,0.72,0.26,0.02,0.0,0.0,0.0,0.0,0.0,0.0,0.0,0.0,0.0,0.0,0.0,0.0
42,1,5,0,False,1.1578552062697944,0.09592912318426894,3,qEHVI,0.38,0.46,0.06,0.02,0.04,0.0,0.0,0.0,0.0,0.0,0.0,0.04,0.0,0.0,0.0
42,1,5,0,False,1.1578552062697944,0.09592912318426894,4,qEHVI,0.52,0.38,0.0,0.0,0.02,0.0,0.0,0.0,0.0,0.0,0.0,0.04,0.0,0.0,0.04
42,2,4,1,False,1.0884619995045794,0.039294275247613974,0,qEHVI,0.42,0.16,0.32,0.02,0.02,0.0,0.0,0.0,0.0,0.0,0.0,0.04,0.0,0.0,0.02
42,2,4,1,False,1.0884619995045794,0.039294275247613974,1,qEHVI,0.64,0.0,0.34,0.0,0.02,0.0,0.0,0.0,0.0,0.0,0.0,0.0,0.0,0.0,0.0
42,2,4,1,False,1.0884619995045794,0.039294275247613974,2,qEHVI,0.72,0.26,0.02,0.0,0.0,0.0,0.0,0.0,0.0,0.0,0.0,0.0,0.0,0.0,0.0
42,2,4,1,False,1.0884619995045794,0.039294275247613974,3,qEHVI,0.38,0.46,0.06,0.02,0.04,0.0,0.0,0.0,0.0,0.0,0.0,0.04,0.0,0.0,0.0
42,2,4,1,False,1.0884619995045794,0.039294275247613974,4,qUCB,0.38,0.14,0.38,0.02,0.0,0.0,0.0,0.0,0.0,0.0,0.0,0.0,0.0,0.04,0.04
42,3,3,2,True,0.9164271739773082,0.04163683794041617,0,qEHVI,0.42,0.16,0.32,0.02,0.02,0.0,0.0,0.0,0.0,0.0,0.0,0.04,0.0,0.0,0.02
42,3,3,2,True,0.9164271739773082,0.04163683794041617,1,qEHVI,0.64,0.0,0.34,0.0,0.02,0.0,0.0,0.0,0.0,0.0,0.0,0.0,0.0,0.0,0.0
42,3,3,2,True,0.9164271739773082,0.04163683794041617,2,qEHVI,0.72,0.26,0.02,0.0,0.0,0.0,0.0,0.0,0.0,0.0,0.0,0.0,0.0,0.0,0.0
42,3,3,2,True,0.9164271739773082,0.04163683794041617,3,qUCB,0.38,0.14,0.38,0.02,0.0,0.0,0.0,0.0,0.0,0.0,0.0,0.0,0.0,0.04,0.04
42,3,3,2,True,0.9164271739773082,0.04163683794041617,4,qUCB,0.16,0.2,0.54,0.04,0.0,0.0,0.0,0.0,0.04,0.0,0.0,0.0,0.0,0.0,0.02
42,4,2,3,False,0.6826319565265273,0.035240319668789155,0,qEHVI,0.42,0.16,0.32,0.02,0.02,0.0,0.0,0.0,0.0,0.0,0.0,0.04,0.0,0.0,0.02
42,4,2,3,False,0.6826319565265273,0.035240319668789155,1,qEHVI,0.64,0.0,0.34,0.0,0.02,0.0,0.0,0.0,0.0,0.0,0.0,0.0,0.0,0.0,0.0
42,4,2,3,False,0.6826319565265273,0.035240319668789155,2,qUCB,0.38,0.14,0.38,0.02,0.0,0.0,0.0,0.0,0.0,0.0,0.0,0.0,0.0,0.04,0.04
42,4,2,3,False,0.6826319565265273,0.035240319668789155,3,qUCB,0.16,0.2,0.54,0.04,0.0,0.0,0.0,0.0,0.04,0.0,0.0,0.0,0.0,0.0,0.02
42,4,2,3,False,0.6826319565265273,0.035240319668789155,4,qUCB,0.12,0.66,0.12,0.04,0.0,0.0,0.0,0.0,0.04,0.0,0.0,0.0,0.0,0.02,0.0
42,5,1,4,False,0.5124616258712407,0.10273150722319002,0,qEHVI,0.42,0.16,0.32,0.02,0.02,0.0,0.0,0.0,0.0,0.0,0.0,0.04,0.0,0.0,0.02
42,5,1,4,False,0.5124616258712407,0.10273150722319002,1,qUCB,0.46,0.04,0.4,0.02,0.0,0.0,0.0,0.0,0.04,0.0,0.0,0.0,0.0,0.04,0.0
42,5,1,4,False,0.5124616258712407,0.10273150722319002,2,qUCB,0.48,0.06,0.36,0.0,0.0,0.0,0.0,0.0,0.04,0.0,0.0,0.0,0.0,0.04,0.02
42,5,1,4,False,0.5124616258712407,0.10273150722319002,3,qUCB,0.32,0.16,0.48,0.0,0.0,0.0,0.0,0.0,0.0,0.0,0.0,0.0,0.0,0.04,0.0
42,5,1,4,False,0.5124616258712407,0.10273150722319002,4,qUCB,0.16,0.14,0.6,0.04,0.04,0.0,0.0,0.0,0.0,0.0,0.0,0.0,0.0,0.02,0.0
42,6,0,5,False,0.43353160846236444,0.02118592658423779,0,qUCB,0.48,0.44,0.02,0.0,0.0,0.0,0.0,0.0,0.0,0.0,0.0,0.04,0.0,0.0,0.02
42,6,0,5,False,0.43353160846236444,0.02118592658423779,1,qUCB,0.74,0.04,0.14,0.0,0.04,0.0,0.0,0.0,0.0,0.0,0.0,0.04,0.0,0.0,0.0
42,6,0,5,False,0.43353160846236444,0.02118592658423779,2,qUCB,0.24,0.66,0.0,0.04,0.02,0.0,0.0,0.0,0.0,0.0,0.0,0.04,0.0,0.0,0.0
42,6,0,5,False,0.43353160846236444,0.02118592658423779,3,qUCB,0.16,0.14,0.6,0.04,0.04,0.0,0.0,0.0,0.0,0.0,0.0,0.0,0.0,0.02,0.0
42,6,0,5,False,0.43353160846236444,0.02118592658423779,4,qUCB,0.26,0.18,0.52,0.0,0.0,0.0,0.0,0.0,0.0,0.0,0.0,0.0,0.0,0.02,0.02
43,1,5,0,True,0.9254444508155777,0.13637127544677785,0,qEHVI,0.0,0.48,0.46,0.0,0.04,0.0,0.0,0.0,0.0,0.0,0.0,0.0,0.0,0.0,0.02
43,1,5,0,True,0.9254444508155777,0.13637127544677785,1,qEHVI,0.52,0.32,0.06,0.0,0.0,0.0,0.0,0.0,0.0,0.0,0.0,0.04,0.0,0.02,0.04
43,1,5,0,True,0.9254444508155777,0.13637127544677785,2,qEHVI,0.4,0.46,0.04,0.0,0.04,0.0,0.0,0.0,0.0,0.0,0.0,0.04,0.0,0.02,0.0
43,1,5,0,True,0.9254444508155777,0.13637127544677785,3,qEHVI,0.22,0.02,0.72,0.0,0.04,0.0,0.0,0.0,0.0,0.0,0.0,0.0,0.0,0.0,0.0
43,1,5,0,True,0.9254444508155777,0.13637127544677785,4,qEHVI,0.48,0.1,0.38,0.0,0.0,0.0,0.0,0.0,0.0,0.0,0.0,0.0,0.0,0.04,0.0
43,2,4,1,False,0.8875430332922108,0.037548438080269086,0,qEHVI,0.52,0.32,0.06,0.0,0.0,0.0,0.0,0.0,0.0,0.0,0.0,0.04,0.0,0.02,0.04
43,2,4,1,False,0.8875430332922108,0.037548438080269086,1,qEHVI,0.0,0.48,0.46,0.0,0.04,0.0,0.0,0.0,0.0,0.0,0.0,0.0,0.0,0.0,0.02
43,2,4,1,False,0.8875430332922108,0.037548438080269086,2,qEHVI,0.4,0.46,0.04,0.0,0.04,0.0,0.0,0.0,0.0,0.0,0.0,0.04,0.0,0.02,0.0
43,2,4,1,False,0.8875430332922108,0.037548438080269086,3,qEHVI,0.22,0.02,0.72,0.0,0.04,0.0,0.0,0.0,0.0,0.0,0.0,0.0,0.0,0.0,0.0
43,2,4,1,False,0.8875430332922108,0.037548438080269086,4,qUCB,0.46,0.08,0.38,0.04,0.0,0.0,0.0,0.0,0.04,0.0,0.0,0.0,0.0,0.0,0.0
43,3,3,2,False,0.7324189747372384,0.12853607121084476,0,qEHVI,0.0,0.48,0.46,0.0,0.04,0.0,0.0,0.0,0.0,0.0,0.0,0.0,0.0,0.0,0.02
43,3,3,2,False,0.7324189747372384,0.12853607121084476,1,qEHVI,0.52,0.32,0.06,0.0,0.0,0.0,0.0,0.0,0.0,0.0,0.0,0.04,0.0,0.02,0.04
43,3,3,2,False,0.7324189747372384,0.12853607121084476,2,qEHVI,0.4,0.46,0.04,0.0,0.04,0.0,0.0,0.0,0.0,0.0,0.0,0.04,0.0,0.02,0.0
43,3,3,2,False,0.7324189747372384,0.12853607121084476,3,qUCB,0.46,0.08,0.38,0.04,0.0,0.0,0.0,0.0,0.04,0.0,0.0,0.0,0.0,0.0,0.0
43,3,3,2,False,0.7324189747372384,0.12853607121084476,4,qUCB,0.38,0.1,0.42,0.04,0.0,0.0,0.0,0.0,0.04,0.0,0.0,0.02,0.0,0.0,0.0
43,4,2,3,False,0.5728870754927761,0.02616001060029083,0,qEHVI,0.0,0.48,0.46,0.0,0.04,0.0,0.0,0.0,0.0,0.0,0.0,0.0,0.0,0.0,0.02
43,4,2,3,False,0.5728870754927761,0.02616001060029083,1,qEHVI,0.52,0.32,0.06,0.0,0.0,0.0,0.0,0.0,0.0,0.0,0.0,0.04,0.0,0.02,0.04
43,4,2,3,False,0.5728870754927761,0.02616001060029083,2,qUCB,0.46,0.08,0.38,0.04,0.0,0.0,0.0,0.0,0.04,0.0,0.0,0.0,0.0,0.0,0.0
43,4,2,3,False,0.5728870754927761,0.02616001060029083,3,qUCB,0.38,0.1,0.42,0.04,0.0,0.0,0.0,0.0,0.04,0.0,0.0,0.02,0.0,0.0,0.0
43,4,2,3,False,0.5728870754927761,0.02616001060029083,4,qUCB,0.36,0.42,0.12,0.04,0.0,0.0,0.0,0.0,0.04,0.0,0.0,0.0,0.0,0.02,0.0
43,5,1,4,False,0.42259221682214637,0.04413864097839104,0,qEHVI,0.0,0.48,0.46,0.0,0.04,0.0,0.0,0.0,0.0,0.0,0.0,0.0,0.0,0.0,0.02
43,5,1,4,False,0.42259221682214637,0.04413864097839104,1,qUCB,0.5,0.38,0.04,0.0,0.0,0.0,0.0,0.0,0.0,0.0,0.0,0.04,0.0,0.04,0.0
43,5,1,4,False,0.42259221682214637,0.04413864097839104,2,qUCB,0.76,0.02,0.12,0.0,0.0,0.0,0.0,0.0,0.04,0.0,0.0,0.04,0.0,0.02,0.0
43,5,1,4,False,0.42259221682214637,0.04413864097839104,3,qUCB,0.78,0.02,0.1,0.0,0.0,0.0,0.0,0.0,0.02,0.0,0.0,0.04,0.0,0.04,0.0
43,5,1,4,False,0.42259221682214637,0.04413864097839104,4,qUCB,0.38,0.1,0.42,0.04,0.0,0.0,0.0,0.0,0.04,0.0,0.0,0.02,0.0,0.0,0.0
43,6,0,5,False,0.5407574811857291,0.14487656850059638,0,qUCB,0.5,0.38,0.04,0.0,0.0,0.0,0.0,0.0,0.0,0.0,0.0,0.04,0.0,0.04,0.0
43,6,0,5,False,0.5407574811857291,0.14487656850059638,1,qUCB,0.54,0.4,0.0,0.0,0.0,0.0,0.0,0.0,0.0,0.0,0.0,0.04,0.0,0.0,0.02
43,6,0,5,False,0.5407574811857291,0.14487656850059638,2,qUCB,0.74,0.02,0.16,0.0,0.02,0.0,0.0,0.0,0.0,0.0,0.0,0.04,0.0,0.02,0.0
43,6,0,5,False,0.5407574811857291,0.14487656850059638,3,qUCB,0.4,0.46,0.04,0.0,0.04,0.0,0.0,0.0,0.0,0.0,0.0,0.04,0.0,0.02,0.0
43,6,0,5,False,0.5407574811857291,0.14487656850059638,4,qUCB,0.42,0.58,0.0,0.0,0.0,0.0,0.0,0.0,0.0,0.0,0.0,0.0,0.0,0.0,0.0
44,1,5,0,True,0.987553518603471,0.03545612668775888,0,qEHVI,0.44,0.44,0.04,0.0,0.04,0.0,0.0,0.0,0.0,0.0,0.0,0.04,0.0,0.0,0.0
44,1,5,0,True,0.987553518603471,0.03545612668775888,1,qEHVI,0.4,0.12,0.38,0.04,0.04,0.0,0.0,0.0,0.0,0.0,0.0,0.0,0.0,0.0,0.02
44,1,5,0,True,0.987553518603471,0.03545612668775888,2,qEHVI,0.44,0.0,0.46,0.02,0.04,0.0,0.0,0.0,0.0,0.0,0.0,0.04,0.0,0.0,0.0
44,1,5,0,True,0.987553518603471,0.03545612668775888,3,qEHVI,0.44,0.0,0.48,0.04,0.04,0.0,0.0,0.0,0.0,0.0,0.0,0.0,0.0,0.0,0.0
44,1,5,0,True,0.987553518603471,0.03545612668775888,4,qEHVI,0.0,0.46,0.5,0.0,0.02,0.0,0.0,0.0,0.0,0.0,0.0,0.0,0.0,0.0,0.02
44,2,4,1,False,0.912104685444045,0.23425432169364946,0,qEHVI,0.44,0.44,0.04,0.0,0.04,0.0,0.0,0.0,0.0,0.0,0.0,0.04,0.0,0.0,0.0
44,2,4,1,False,0.912104685444045,0.23425432169364946,1,qEHVI,0.4,0.12,0.38,0.04,0.04,0.0,0.0,0.0,0.0,0.0,0.0,0.0,0.0,0.0,0.02
44,2,4,1,False,0.912104685444045,0.23425432169364946,2,qEHVI,0.44,0.0,0.46,0.02,0.04,0.0,0.0,0.0,0.0,0.0,0.0,0.04,0.0,0.0,0.0
44,2,4,1,False,0.912104685444045,0.23425432169364946,3,qEHVI,0.44,0.0,0.48,0.04,0.04,0.0,0.0,0.0,0.0,0.0,0.0,0.0,0.0,0.0,0.0
44,2,4,1,False,0.912104685444045,0.23425432169364946,4,qUCB,0.46,0.06,0.38,0.0,0.0,0.0,0.0,0.0,0.0,0.0,0.0,0.02,0.0,0.04,0.04
44,3,3,2,False,0.7857067813810146,0.11848393672560675,0,qEHVI,0.44,0.44,0.04,0.0,0.04,0.0,0.0,0.0,0.0,0.0,0.0,0.04,0.0,0.0,0.0
44,3,3,2,False,0.7857067813810146,0.11848393672560675,1,qEHVI,0.4,0.12,0.38,0.04,0.04,0.0,0.0,0.0,0.0,0.0,0.0,0.0,0.0,0.0,0.02
44,3,3,2,False,0.7857067813810146,0.11848393672560675,2,qEHVI,0.44,0.0,0.46,0.02,0.04,0.0,0.0,0.0,0.0,0.0,0.0,0.04,0.0,0.0,0.0
44,3,3,2,False,0.7857067813810146,0.11848393672560675,3,qUCB,0.46,0.06,0.38,0.0,0.0,0.0,0.0,0.0,0.0,0.0,0.0,0.02,0.0,0.04,0.04
44,3,3,2,False,0.7857067813810146,0.11848393672560675,4,qUCB,0.34,0.12,0.46,0.0,0.0,0.0,0.0,0.0,0.04,0.0,0.0,0.0,0.0,0.04,0.0
44,4,2,3,False,0.6357274668716636,0.23500453865731075,0,qEHVI,0.44,0.44,0.04,0.0,0.04,0.0,0.0,0.0,0.0,0.0,0.0,0.04,0.0,0.0,0.0
44,4,2,3,False,0.6357274668716636,0.23500453865731075,1,qEHVI,0.4,0.12,0.38,0.04,0.04,0.0,0.0,0.0,0.0,0.0,0.0,0.0,0.0,0.0,0.02
44,4,2,3,False,0.6357274668716636,0.23500453865731075,2,qUCB,0.46,0.06,0.38,0.0,0.0,0.0,0.0,0.0,0.0,0.0,0.0,0.02,0.0,0.04,0.04
44,4,2,3,False,0.6357274668716636,0.23500453865731075,3,qUCB,0.34,0.12,0.46,0.0,0.0,0.0,0.0,0.0,0.04,0.0,0.0,0.0,0.0,0.04,0.0
44,4,2,3,False,0.6357274668716636,0.23500453865731075,4,qUCB,0.44,0.06,0.4,0.0,0.0,0.0,0.0,0.0,0.04,0.0,0.0,0.02,0.0,0.0,0.04
44,5,1,4,False,0.6225464141230552,0.32298705708720465,0,qEHVI,0.44,0.44,0.04,0.0,0.04,0.0,0.0,0.0,0.0,0.0,0.0,0.04,0.0,0.0,0.0
44,5,1,4,False,0.6225464141230552,0.32298705708720465,1,qUCB,0.4,0.12,0.38,0.04,0.0,0.0,0.0,0.0,0.0,0.0,0.0,0.0,0.0,0.04,0.02
44,5,1,4,False,0.6225464141230552,0.32298705708720465,2,qUCB,0.4,0.1,0.4,0.04,0.0,0.0,0.0,0.0,0.04,0.0,0.0,0.0,0.0,0.0,0.02
44,5,1,4,False,0.6225464141230552,0.32298705708720465,3,qUCB,0.0,0.2,0.74,0.04,0.0,0.0,0.0,0.0,0.0,0.0,0.0,0.0,0.0,0.0,0.02
44,5,1,4,False,0.6225464141230552,0.32298705708720465,4,qUCB,0.38,0.1,0.42,0.0,0.0,0.0,0.0,0.0,0.02,0.0,0.0,0.0,0.0,0.04,0.04
44,6,0,5,False,0.4723632486886177,0.01823543258891025,0,qUCB,0.44,0.44,0.04,0.0,0.04,0.0,0.0,0.0,0.0,0.0,0.0,0.04,0.0,0.0,0.0
44,6,0,5,False,0.4723632486886177,0.01823543258891025,1,qUCB,0.72,0.0,0.18,0.0,0.02,0.0,0.0,0.0,0.0,0.0,0.0,0.04,0.0,0.0,0.04
44,6,0,5,False,0.4723632486886177,0.01823543258891025,2,qUCB,0.68,0.1,0.12,0.0,0.04,0.0,0.0,0.0,0.02,0.0,0.0,0.04,0.0,0.0,0.0
44,6,0,5,False,0.4723632486886177,0.01823543258891025,3,qUCB,0.26,0.4,0.24,0.0,0.04,0.0,0.0,0.0,0.0,0.0,0.0,0.04,0.0,0.02,0.0
44,6,0,5,False,0.4723632486886177,0.01823543258891025,4,qUCB,0.4,0.44,0.08,0.0,0.0,0.0,0.0,0.0,0.0,0.0,0.0,0.04,0.0,0.0,0.04
45,1,5,0,False,0.9662405127762297,0.03885075080214406,0,qEHVI,0.38,0.22,0.3,0.02,0.04,0.0,0.0,0.0,0.0,0.0,0.0,0.04,0.0,0.0,0.0
45,1,5,0,False,0.9662405127762297,0.03885075080214406,1,qEHVI,0.46,0.4,0.04,0.02,0.04,0.0,0.0,0.0,0.0,0.0,0.0,0.04,0.0,0.0,0.0
45,1,5,0,False,0.9662405127762297,0.03885075080214406,2,qEHVI,0.48,0.0,0.42,0.0,0.04,0.0,0.0,0.0,0.02,0.0,0.0,0.04,0.0,0.0,0.0
45,1,5,0,False,0.9662405127762297,0.03885075080214406,3,qEHVI,0.52,0.36,0.02,0.0,0.02,0.0,0.0,0.0,0.0,0.0,0.0,0.04,0.0,0.04,0.0
45,1,5,0,False,0.9662405127762297,0.03885075080214406,4,qEHVI,0.44,0.0,0.48,0.0,0.04,0.0,0.0,0.0,0.0,0.0,0.0,0.04,0.0,0.0,0.0
45,2,4,1,True,0.878729245599424,0.03222751717814809,0,qEHVI,0.38,0.22,0.3,0.02,0.04,0.0,0.0,0.0,0.0,0.0,0.0,0.04,0.0,0.0,0.0
45,2,4,1,True,0.878729245599424,0.03222751717814809,1,qEHVI,0.46,0.4,0.04,0.02,0.04,0.0,0.0,0.0,0.0,0.0,0.0,0.04,0.0,0.0,0.0
45,2,4,1,True,0.878729245599424,0.03222751717814809,2,qEHVI,0.48,0.0,0.42,0.0,0.04,0.0,0.0,0.0,0.02,0.0,0.0,0.04,0.0,0.0,0.0
45,2,4,1,True,0.878729245599424,0.03222751717814809,3,qEHVI,0.52,0.36,0.02,0.0,0.02,0.0,0.0,0.0,0.0,0.0,0.0,0.04,0.0,0.04,0.0
45,2,4,1,True,0.878729245599424,0.03222751717814809,4,qUCB,0.38,0.12,0.4,0.04,0.0,0.0,0.0,0.0,0.04,0.0,0.0,0.0,0.0,0.02,0.0
45,3,3,2,False,0.7509392661107275,0.0912288059128672,0,qEHVI,0.38,0.22,0.3,0.02,0.04,0.0,0.0,0.0,0.0,0.0,0.0,0.04,0.0,0.0,0.0
45,3,3,2,False,0.7509392661107275,0.0912288059128672,1,qEHVI,0.46,0.4,0.04,0.02,0.04,0.0,0.0,0.0,0.0,0.0,0.0,0.04,0.0,0.0,0.0
45,3,3,2,False,0.7509392661107275,0.0912288059128672,2,qEHVI,0.48,0.0,0.42,0.0,0.04,0.0,0.0,0.0,0.02,0.0,0.0,0.04,0.0,0.0,0.0
45,3,3,2,False,0.7509392661107275,0.0912288059128672,3,qUCB,0.38,0.12,0.4,0.04,0.0,0.0,0.0,0.0,0.04,0.0,0.0,0.0,0.0,0.02,0.0
45,3,3,2,False,0.7509392661107275,0.0912288059128672,4,qUCB,0.48,0.08,0.34,0.0,0.0,0.0,0.0,0.0,0.02,0.0,0.0,0.0,0.0,0.04,0.04
45,4,2,3,False,0.55215209045499,0.24141752261905047,0,qEHVI,0.38,0.22,0.3,0.02,0.04,0.0,0.0,0.0,0.0,0.0,0.0,0.04,0.0,0.0,0.0
45,4,2,3,False,0.55215209045499,0.24141752261905047,1,qEHVI,0.46,0.4,0.04,0.02,0.04,0.0,0.0,0.0,0.0,0.0,0.0,0.04,0.0,0.0,0.0
45,4,2,3,False,0.55215209045499,0.24141752261905047,2,qUCB,0.42,0.08,0.4,0.0,0.0,0.0,0.0,0.0,0.04,0.0,0.0,0.0,0.0,0.04,0.02
45,4,2,3,False,0.55215209045499,0.24141752261905047,3,qUCB,0.48,0.06,0.36,0.0,0.0,0.0,0.0,0.0,0.04,0.0,0.0,0.0,0.0,0.04,0.02
45,4,2,3,False,0.55215209045499,0.24141752261905047,4,qUCB,0.34,0.1,0.46,0.0,0.0,0.0,0.0,0.0,0.02,0.0,0.0,0.0,0.0,0.04,0.04
45,5,1,4,False,0.3779669394606118,0.18136571917864686,0,qEHVI,0.38,0.22,0.3,0.02,0.04,0.0,0.0,0.0,0.0,0.0,0.0,0.04,0.0,0.0,0.0
45,5,1,4,False,0.3779669394606118,0.18136571917864686,1,qUCB,0.42,0.08,0.4,0.0,0.0,0.0,0.0,0.0,0.04,0.0,0.0,0.0,0.0,0.04,0.02
45,5,1,4,False,0.3779669394606118,0.18136571917864686,2,qUCB,0.48,0.06,0.36,0.0,0.0,0.0,0.0,0.0,0.04,0.0,0.0,0.0,0.0,0.04,0.02
45,5,1,4,False,0.3779669394606118,0.18136571917864686,3,qUCB,0.34,0.1,0.46,0.0,0.0,0.0,0.0,0.0,0.02,0.0,0.0,0.0,0.0,0.04,0.04
45,5,1,4,False,0.3779669394606118,0.18136571917864686,4,qUCB,0.26,0.2,0.48,0.0,0.0,0.0,0.0,0.0,0.0,0.0,0.0,0.0,0.0,0.02,0.04
45,6,0,5,False,0.5174116355098395,0.2927895265744951,0,qUCB,0.46,0.46,0.0,0.0,0.04,0.0,0.0,0.0,0.0,0.0,0.0,0.04,0.0,0.0,0.0
45,6,0,5,False,0.5174116355098395,0.2927895265744951,1,qUCB,0.74,0.02,0.14,0.0,0.04,0.0,0.0,0.0,0.0,0.0,0.0,0.04,0.0,0.0,0.02
45,6,0,5,False,0.5174116355098395,0.2927895265744951,2,qUCB,0.8200000000000001,0.0,0.08,0.02,0.04,0.0,0.0,0.0,0.0,0.0,0.0,0.04,0.0,0.0,0.0
45,6,0,5,False,0.5174116355098395,0.2927895265744951,3,qUCB,0.44,0.5,0.02,0.0,0.0,0.0,0.0,0.0,0.0,0.0,0.0,0.04,0.0,0.0,0.0
45,6,0,5,False,0.5174116355098395,0.2927895265744951,4,qUCB,0.0,0.16,0.74,0.04,0.04,0.0,0.0,0.0,0.02,0.0,0.0,0.0,0.0,0.0,0.0
46,1,5,0,True,0.789258994662219,0.2518338768569155,0,qEHVI,0.42,0.12,0.36,0.0,0.04,0.0,0.0,0.0,0.0,0.0,0.0,0.0,0.0,0.02,0.04
46,1,5,0,True,0.789258994662219,0.2518338768569155,1,qEHVI,0.66,0.22,0.02,0.0,0.0,0.0,0.0,0.0,0.04,0.0,0.0,0.04,0.0,0.0,0.02
46,1,5,0,True,0.789258994662219,0.2518338768569155,2,qEHVI,0.44,0.02,0.44,0.02,0.04,0.0,0.0,0.0,0.02,0.0,0.0,0.02,0.0,0.0,0.0
46,1,5,0,True,0.789258994662219,0.2518338768569155,3,qEHVI,0.0,0.52,0.42,0.0,0.04,0.0,0.0,0.0,0.0,0.0,0.0,0.0,0.0,0.0,0.02
46,1,5,0,True,0.789258994662219,0.2518338768569155,4,qEHVI,0.54,0.06,0.3,0.02,0.0,0.0,0.0,0.0,0.0,0.0,0.0,0.04,0.0,0.04,0.0
46,2,4,1,False,0.7558343551283287,0.01347799309501152,0,qEHVI,0.42,0.12,0.36,0.0,0.04,0.0,0.0,0.0,0.0,0.0,0.0,0.0,0.0,0.02,0.04
46,2,4,1,False,0.7558343551283287,0.01347799309501152,1,qEHVI,0.66,0.22,0.02,0.0,0.0,0.0,0.0,0.0,0.04,0.0,0.0,0.04,0.0,0.0,0.02
46,2,4,1,False,0.7558343551283287,0.01347799309501152,2,qEHVI,0.44,0.02,0.44,0.02,0.04,0.0,0.0,0.0,0.02,0.0,0.0,0.02,0.0,0.0,0.0
46,2,4,1,False,0.7558343551283287,0.01347799309501152,3,qEHVI,0.0,0.52,0.42,0.0,0.04,0.0,0.0,0.0,0.0,0.0,0.0,0.0,0.0,0.0,0.02
46,2,4,1,False,0.7558343551283287,0.01347799309501152,4,qUCB,0.36,0.14,0.4,0.04,0.0,0.0,0.0,0.0,0.0,0.0,0.0,0.02,0.0,0.0,0.04
46,3,3,2,False,0.6186737479043198,0.03382610741823022,0,qEHVI,0.42,0.12,0.36,0.0,0.04,0.0,0.0,0.0,0.0,0.0,0.0,0.0,0.0,0.02,0.04
46,3,3,2,False,0.6186737479043198,0.03382610741823022,1,qEHVI,0.66,0.22,0.02,0.0,0.0,0.0,0.0,0.0,0.04,0.0,0.0,0.04,0.0,0.0,0.02
46,3,3,2,False,0.6186737479043198,0.03382610741823022,2,qEHVI,0.44,0.02,0.44,0.02,0.04,0.0,0.0,0.0,0.02,0.0,0.0,0.02,0.0,0.0,0.0
46,3,3,2,False,0.6186737479043198,0.03382610741823022,3,qUCB,0.36,0.14,0.4,0.04,0.0,0.0,0.0,0.0,0.0,0.0,0.0,0.02,0.0,0.0,0.04
46,3,3,2,False,0.6186737479043198,0.03382610741823022,4,qUCB,0.26,0.66,0.0,0.04,0.0,0.0,0.0,0.0,0.0,0.0,0.0,0.0,0.0,0.04,0.0
46,4,2,3,False,0.5446546217168634,0.04008013649247044,0,qEHVI,0.42,0.12,0.36,0.0,0.04,0.0,0.0,0.0,0.0,0.0,0.0,0.0,0.0,0.02,0.04
46,4,2,3,False,0.5446546217168634,0.04008013649247044,1,qEHVI,0.66,0.22,0.02,0.0,0.0,0.0,0.0,0.0,0.04,0.0,0.0,0.04,0.0,0.0,0.02
46,4,2,3,False,0.5446546217168634,0.04008013649247044,2,qUCB,0.4,0.08,0.42,0.04,0.0,0.0,0.0,0.0,0.0,0.0,0.0,0.02,0.0,0.04,0.0
46,4,2,3,False,0.5446546217168634,0.04008013649247044,3,qUCB,0.02,0.2,0.74,0.04,0.0,0.0,0.0,0.0,0.0,0.0,0.0,0.0,0.0,0.0,0.0
46,4,2,3,False,0.5446546217168634,0.04008013649247044,4,qUCB,0.18,0.72,0.0,0.04,0.0,0.0,0.0,0.0,0.0,0.0,0.0,0.02,0.0,0.04,0.0
46,5,1,4,False,0.38599425415010413,0.15346472934714495,0,qEHVI,0.42,0.12,0.36,0.0,0.04,0.0,0.0,0.0,0.0,0.0,0.0,0.0,0.0,0.02,0.04
46,5,1,4,False,0.38599425415010413,0.15346472934714495,1,qUCB,0.68,0.16,0.06,0.02,0.0,0.0,0.0,0.0,0.04,0.0,0.0,0.04,0.0,0.0,0.0
46,5,1,4,False,0.38599425415010413,0.15346472934714495,2,qUCB,0.88,0.0,0.04,0.04,0.0,0.0,0.0,0.0,0.0,0.0,0.0,0.04,0.0,0.0,0.0
46,5,1,4,False,0.38599425415010413,0.15346472934714495,3,qUCB,0.02,0.2,0.74,0.04,0.0,0.0,0.0,0.0,0.0,0.0,0.0,0.0,0.0,0.0,0.0
46,5,1,4,False,0.38599425415010413,0.15346472934714495,4,qUCB,0.78,0.0,0.14,0.0,0.0,0.0,0.0,0.0,0.04,0.0,0.0,0.04,0.0,0.0,0.0
46,6,0,5,False,0.31411840646596917,0.15562711242144034,0,qUCB,0.46,0.44,0.02,0.0,0.02,0.0,0.0,0.0,0.0,0.0,0.0,0.04,0.0,0.02,0.0
46,6,0,5,False,0.31411840646596917,0.15562711242144034,1,qUCB,0.02,0.2,0.74,0.04,0.0,0.0,0.0,0.0,0.0,0.0,0.0,0.0,0.0,0.0,0.0
46,6,0,5,False,0.31411840646596917,0.15562711242144034,2,qUCB,0.38,0.44,0.08,0.0,0.0,0.0,0.0,0.0,0.0,0.0,0.0,0.04,0.0,0.02,0.04
46,6,0,5,False,0.31411840646596917,0.15562711242144034,3,qUCB,0.0,0.18,0.72,0.04,0.04,0.0,0.0,0.0,0.0,0.0,0.0,0.0,0.0,0.0,0.02
46,6,0,5,False,0.31411840646596917,0.15562711242144034,4,qUCB,0.34,0.56,0.0,0.0,0.04,0.0,0.0,0.0,0.0,0.0,0.0,0.04,0.0,0.02,0.0
47,1,5,0,True,0.7638296703080795,0.02103663858141047,0,qEHVI,0.56,0.0,0.36,0.04,0.0,0.0,0.0,0.0,0.0,0.0,0.0,0.04,0.0,0.0,0.0
47,1,5,0,True,0.7638296703080795,0.02103663858141047,1,qEHVI,0.36,0.12,0.42,0.04,0.02,0.0,0.0,0.0,0.0,0.0,0.0,0.04,0.0,0.0,0.0
47,1,5,0,True,0.7638296703080795,0.02103663858141047,2,qEHVI,0.52,0.36,0.02,0.0,0.02,0.0,0.0,0.0,0.0,0.0,0.0,0.04,0.0,0.02,0.02
47,1,5,0,True,0.7638296703080795,0.02103663858141047,3,qEHVI,0.38,0.0,0.52,0.02,0.04,0.0,0.0,0.0,0.0,0.0,0.0,0.04,0.0,0.0,0.0
47,1,5,0,True,0.7638296703080795,0.02103663858141047,4,qEHVI,0.42,0.1,0.38,0.0,0.04,0.0,0.0,0.0,0.0,0.0,0.0,0.0,0.0,0.04,0.02
47,2,4,1,False,0.6885680418787609,0.07074571933886631,0,qEHVI,0.56,0.0,0.36,0.04,0.0,0.0,0.0,0.0,0.0,0.0,0.0,0.04,0.0,0.0,0.0
47,2,4,1,False,0.6885680418787609,0.07074571933886631,1,qEHVI,0.36,0.12,0.42,0.04,0.02,0.0,0.0,0.0,0.0,0.0,0.0,0.04,0.0,0.0,0.0
47,2,4,1,False,0.6885680418787609,0.07074571933886631,2,qEHVI,0.52,0.36,0.02,0.0,0.02,0.0,0.0,0.0,0.0,0.0,0.0,0.04,0.0,0.02,0.02
47,2,4,1,False,0.6885680418787609,0.07074571933886631,3,qEHVI,0.38,0.0,0.52,0.02,0.04,0.0,0.0,0.0,0.0,0.0,0.0,0.04,0.0,0.0,0.0
47,2,4,1,False,0.6885680418787609,0.07074571933886631,4,qUCB,0.46,0.06,0.38,0.02,0.0,0.0,0.0,0.0,0.04,0.0,0.0,0.0,0.0,0.04,0.0
47,3,3,2,False,0.5121811143524795,0.060140238216559005,0,qEHVI,0.56,0.0,0.36,0.04,0.0,0.0,0.0,0.0,0.0,0.0,0.0,0.04,0.0,0.0,0.0
47,3,3,2,False,0.5121811143524795,0.060140238216559005,1,qEHVI,0.38,0.0,0.52,0.02,0.04,0.0,0.0,0.0,0.0,0.0,0.0,0.04,0.0,0.0,0.0
47,3,3,2,False,0.5121811143524795,0.060140238216559005,2,qEHVI,0.36,0.12,0.42,0.04,0.02,0.0,0.0,0.0,0.0,0.0,0.0,0.04,0.0,0.0,0.0
47,3,3,2,False,0.5121811143524795,0.060140238216559005,3,qUCB,0.5,0.0,0.4,0.0,0.0,0.0,0.0,0.0,0.04,0.0,0.0,0.0,0.0,0.02,0.04
47,3,3,2,False,0.5121811143524795,0.060140238216559005,4,qUCB,0.36,0.44,0.12,0.0,0.0,0.0,0.0,0.0,0.0,0.0,0.0,0.0,0.0,0.04,0.04
47,4,2,3,False,0.4446903232479124,0.15502263234793645,0,qEHVI,0.56,0.0,0.36,0.04,0.0,0.0,0.0,0.0,0.0,0.0,0.0,0.04,0.0,0.0,0.0
47,4,2,3,False,0.4446903232479124,0.15502263234793645,1,qEHVI,0.36,0.12,0.42,0.04,0.02,0.0,0.0,0.0,0.0,0.0,0.0,0.04,0.0,0.0,0.0
47,4,2,3,False,0.4446903232479124,0.15502263234793645,2,qUCB,0.38,0.14,0.38,0.0,0.02,0.0,0.0,0.0,0.0,0.0,0.0,0.0,0.0,0.04,0.04
47,4,2,3,False,0.4446903232479124,0.15502263234793645,3,qUCB,0.74,0.06,0.1,0.0,0.04,0.0,0.0,0.0,0.0,0.0,0.0,0.0,0.0,0.02,0.04
47,4,2,3,False,0.4446903232479124,0.15502263234793645,4,qUCB,0.08,0.68,0.14,0.0,0.02,0.0,0.0,0.0,0.04,0.0,0.0,0.0,0.0,0.04,0.0
47,5,1,4,False,0.35315905467249237,0.0404759094680216,0,qEHVI,0.56,0.0,0.36,0.04,0.0,0.0,0.0,0.0,0.0,0.0,0.0,0.04,0.0,0.0,0.0
47,5,1,4,False,0.35315905467249237,0.0404759094680216,1,qUCB,0.42,0.1,0.38,0.0,0.04,0.0,0.0,0.0,0.0,0.0,0.0,0.0,0.0,0.04,0.02
47,5,1,4,False,0.35315905467249237,0.0404759094680216,2,qUCB,0.74,0.06,0.1,0.0,0.04,0.0,0.0,0.0,0.0,0.0,0.0,0.0,0.0,0.02,0.04
47,5,1,4,False,0.35315905467249237,0.0404759094680216,3,qUCB,0.08,0.68,0.14,0.0,0.02,0.0,0.0,0.0,0.04,0.0,0.0,0.0,0.0,0.04,0.0
47,5,1,4,False,0.35315905467249237,0.0404759094680216,4,qUCB,0.26,0.38,0.26,0.0,0.04,0.0,0.0,0.0,0.0,0.0,0.0,0.0,0.0,0.04,0.02
47,6,0,5,False,0.2645046058794755,0.018112410663098766,0,qUCB,0.52,0.42,0.0,0.0,0.0,0.0,0.0,0.0,0.0,0.0,0.0,0.04,0.0,0.0,0.02
47,6,0,5,False,0.2645046058794755,0.018112410663098766,1,qUCB,0.76,0.0,0.16,0.0,0.02,0.0,0.0,0.0,0.0,0.0,0.0,0.04,0.0,0.02,0.0
47,6,0,5,False,0.2645046058794755,0.018112410663098766,2,qUCB,0.44,0.4,0.16,0.0,0.0,0.0,0.0,0.0,0.0,0.0,0.0,0.0,0.0,0.0,0.0
47,6,0,5,False,0.2645046058794755,0.018112410663098766,3,qUCB,0.48,0.46,0.0,0.0,0.0,0.0,0.0,0.0,0.0,0.0,0.0,0.04,0.0,0.0,0.02
47,6,0,5,False,0.2645046058794755,0.018112410663098766,4,qUCB,0.5,0.44,0.04,0.0,0.0,0.0,0.0,0.0,0.0,0.0,0.0,0.02,0.0,0.0,0.0
48,1,5,0,True,0.5658869682522254,0.07348642685373807,0,qEHVI,0.46,0.0,0.44,0.0,0.04,0.0,0.0,0.0,0.02,0.0,0.0,0.04,0.0,0.0,0.0
48,1,5,0,True,0.5658869682522254,0.07348642685373807,1,qEHVI,0.42,0.16,0.32,0.02,0.04,0.0,0.0,0.0,0.0,0.0,0.0,0.02,0.0,0.02,0.0
48,1,5,0,True,0.5658869682522254,0.07348642685373807,2,qEHVI,0.22,0.0,0.74,0.0,0.02,0.0,0.0,0.0,0.0,0.0,0.0,0.0,0.0,0.02,0.0
48,1,5,0,True,0.5658869682522254,0.07348642685373807,3,qEHVI,0.44,0.1,0.36,0.0,0.02,0.0,0.0,0.0,0.0,0.0,0.0,0.02,0.0,0.04,0.02
48,1,5,0,True,0.5658869682522254,0.07348642685373807,4,qEHVI,0.0,0.18,0.72,0.04,0.04,0.0,0.0,0.0,0.02,0.0,0.0,0.0,0.0,0.0,0.0
48,2,4,1,False,0.5327391409576875,0.031889794501394064,0,qEHVI,0.46,0.0,0.44,0.0,0.04,0.0,0.0,0.0,0.02,0.0,0.0,0.04,0.0,0.0,0.0
48,2,4,1,False,0.5327391409576875,0.031889794501394064,1,qEHVI,0.42,0.16,0.32,0.02,0.04,0.0,0.0,0.0,0.0,0.0,0.0,0.02,0.0,0.02,0.0
48,2,4,1,False,0.5327391409576875,0.031889794501394064,2,qEHVI,0.22,0.0,0.74,0.0,0.02,0.0,0.0,0.0,0.0,0.0,0.0,0.0,0.0,0.02,0.0
48,2,4,1,False,0.5327391409576875,0.031889794501394064,3,qEHVI,0.44,0.1,0.36,0.0,0.02,0.0,0.0,0.0,0.0,0.0,0.0,0.02,0.0,0.04,0.02
48,2,4,1,False,0.5327391409576875,0.031889794501394064,4,qUCB,0.42,0.1,0.4,0.04,0.0,0.0,0.0,0.0,0.04,0.0,0.0,0.0,0.0,0.0,0.0
48,3,3,2,False,0.4030889734295983,0.021271598159669836,0,qEHVI,0.46,0.0,0.44,0.0,0.04,0.0,0.0,0.0,0.02,0.0,0.0,0.04,0.0,0.0,0.0
48,3,3,2,False,0.4030889734295983,0.021271598159669836,1,qEHVI,0.42,0.16,0.32,0.02,0.04,0.0,0.0,0.0,0.0,0.0,0.0,0.02,0.0,0.02,0.0
48,3,3,2,False,0.4030889734295983,0.021271598159669836,2,qEHVI,0.22,0.0,0.74,0.0,0.02,0.0,0.0,0.0,0.0,0.0,0.0,0.0,0.0,0.02,0.0
48,3,3,2,False,0.4030889734295983,0.021271598159669836,3,qUCB,0.68,0.16,0.06,0.02,0.0,0.0,0.0,0.0,0.04,0.0,0.0,0.0,0.0,0.0,0.04
48,3,3,2,False,0.4030889734295983,0.021271598159669836,4,qUCB,0.44,0.42,0.04,0.0,0.0,0.0,0.0,0.0,0.0,0.0,0.0,0.04,0.0,0.02,0.04
48,4,2,3,False,0.3319599477816491,0.011692367547792237,0,qEHVI,0.46,0.0,0.44,0.0,0.04,0.0,0.0,0.0,0.02,0.0,0.0,0.04,0.0,0.0,0.0
48,4,2,3,False,0.3319599477816491,0.011692367547792237,1,qEHVI,0.42,0.16,0.32,0.02,0.04,0.0,0.0,0.0,0.0,0.0,0.0,0.02,0.0,0.02,0.0
48,4,2,3,False,0.3319599477816491,0.011692367547792237,2,qUCB,0.4,0.14,0.36,0.0,0.0,0.0,0.0,0.0,0.04,0.0,0.0,0.0,0.0,0.02,0.04
48,4,2,3,False,0.3319599477816491,0.011692367547792237,3,qUCB,0.68,0.16,0.06,0.02,0.0,0.0,0.0,0.0,0.04,0.0,0.0,0.0,0.0,0.0,0.04
48,4,2,3,False,0.3319599477816491,0.011692367547792237,4,qUCB,0.0,0.16,0.74,0.04,0.0,0.0,0.0,0.0,0.04,0.0,0.0,0.0,0.0,0.0,0.02
48,5,1,4,False,0.22420104825631576,0.01545832381841894,0,qEHVI,0.46,0.0,0.44,0.0,0.04,0.0,0.0,0.0,0.02,0.0,0.0,0.04,0.0,0.0,0.0
48,5,1,4,False,0.22420104825631576,0.01545832381841894,1,qUCB,0.36,0.16,0.38,0.02,0.0,0.0,0.0,0.0,0.0,0.0,0.0,0.0,0.0,0.04,0.04
48,5,1,4,False,0.22420104825631576,0.01545832381841894,2,qUCB,0.22,0.68,0.0,0.04,0.0,0.0,0.0,0.0,0.02,0.0,0.0,0.0,0.0,0.04,0.0
48,5,1,4,False,0.22420104825631576,0.01545832381841894,3,qUCB,0.32,0.44,0.14,0.02,0.0,0.0,0.0,0.0,0.0,0.0,0.0,0.0,0.0,0.04,0.04
48,5,1,4,False,0.22420104825631576,0.01545832381841894,4,qUCB,0.46,0.08,0.36,0.04,0.0,0.0,0.0,0.0,0.0,0.0,0.0,0.0,0.0,0.02,0.04
48,6,0,5,False,0.35888843977657353,0.2157027570734087,0,qUCB,0.72,0.06,0.12,0.0,0.04,0.0,0.0,0.0,0.0,0.0,0.0,0.04,0.0,0.02,0.0
48,6,0,5,False,0.35888843977657353,0.2157027570734087,1,qUCB,0.26,0.64,0.0,0.04,0.02,0.0,0.0,0.0,0.0,0.0,0.0,0.04,0.0,0.0,0.0
48,6,0,5,False,0.35888843977657353,0.2157027570734087,2,qUCB,0.8,0.02,0.08,0.0,0.04,0.0,0.0,0.0,0.0,0.0,0.0,0.04,0.0,0.0,0.02
48,6,0,5,False,0.35888843977657353,0.2157027570734087,3,qUCB,0.0,0.18,0.72,0.04,0.04,0.0,0.0,0.0,0.02,0.0,0.0,0.0,0.0,0.0,0.0
48,6,0,5,False,0.35888843977657353,0.2157027570734087,4,qUCB,0.02,0.16,0.72,0.04,0.02,0.0,0.0,0.0,0.0,0.0,0.0,0.04,0.0,0.0,0.0
49,1,5,0,True,0.664539124652975,0.11140496596254579,0,qEHVI,0.42,0.18,0.3,0.04,0.02,0.0,0.0,0.0,0.0,0.0,0.0,0.04,0.0,0.0,0.0
49,1,5,0,True,0.664539124652975,0.11140496596254579,1,qEHVI,0.46,0.0,0.44,0.0,0.04,0.0,0.0,0.0,0.02,0.0,0.0,0.0,0.0,0.02,0.02
49,1,5,0,True,0.664539124652975,0.11140496596254579,2,qEHVI,0.38,0.1,0.42,0.0,0.0,0.0,0.0,0.0,0.0,0.0,0.0,0.04,0.0,0.04,0.02
49,1,5,0,True,0.664539124652975,0.11140496596254579,3,qEHVI,0.48,0.36,0.06,0.02,0.04,0.0,0.0,0.0,0.0,0.0,0.0,0.04,0.0,0.0,0.0
49,1,5,0,True,0.664539124652975,0.11140496596254579,4,qEHVI,0.54,0.32,0.04,0.0,0.04,0.0,0.0,0.0,0.0,0.0,0.0,0.04,0.0,0.0,0.02
49,2,4,1,False,0.6248690676332579,0.08993951388995569,0,qEHVI,0.42,0.18,0.3,0.04,0.02,0.0,0.0,0.0,0.0,0.0,0.0,0.04,0.0,0.0,0.0
49,2,4,1,False,0.6248690676332579,0.08993951388995569,1,qEHVI,0.46,0.0,0.44,0.0,0.04,0.0,0.0,0.0,0.02,0.0,0.0,0.0,0.0,0.02,0.02
49,2,4,1,False,0.6248690676332579,0.08993951388995569,2,qEHVI,0.38,0.1,0.42,0.0,0.0,0.0,0.0,0.0,0.0,0.0,0.0,0.04,0.0,0.04,0.02
49,2,4,1,False,0.6248690676332579,0.08993951388995569,3,qEHVI,0.48,0.36,0.06,0.02,0.04,0.0,0.0,0.0,0.0,0.0,0.0,0.04,0.0,0.0,0.0
49,2,4,1,False,0.6248690676332579,0.08993951388995569,4,qUCB,0.48,0.06,0.36,0.04,0.0,0.0,0.0,0.0,0.0,0.0,0.0,0.0,0.0,0.02,0.04
49,3,3,2,False,0.5436599230341036,0.013675960420007627,0,qEHVI,0.42,0.18,0.3,0.04,0.02,0.0,0.0,0.0,0.0,0.0,0.0,0.04,0.0,0.0,0.0
49,3,3,2,False,0.5436599230341036,0.013675960420007627,1,qEHVI,0.46,0.0,0.44,0.0,0.04,0.0,0.0,0.0,0.02,0.0,0.0,0.0,0.0,0.02,0.02
49,3,3,2,False,0.5436599230341036,0.013675960420007627,2,qEHVI,0.38,0.1,0.42,0.0,0.0,0.0,0.0,0.0,0.0,0.0,0.0,0.04,0.0,0.04,0.02
49,3,3,2,False,0.5436599230341036,0.013675960420007627,3,qUCB,0.48,0.06,0.36,0.04,0.0,0.0,0.0,0.0,0.0,0.0,0.0,0.0,0.0,0.02,0.04
49,3,3,2,False,0.5436599230341036,0.013675960420007627,4,qUCB,0.68,0.16,0.08,0.0,0.0,0.0,0.0,0.0,0.04,0.0,0.0,0.04,0.0,0.0,0.0
49,4,2,3,False,0.5378790188138509,0.04478359329394532,0,qEHVI,0.42,0.18,0.3,0.04,0.02,0.0,0.0,0.0,0.0,0.0,0.0,0.04,0.0,0.0,0.0
49,4,2,3,False,0.5378790188138509,0.04478359329394532,1,qEHVI,0.46,0.0,0.44,0.0,0.04,0.0,0.0,0.0,0.02,0.0,0.0,0.0,0.0,0.02,0.02
49,4,2,3,False,0.5378790188138509,0.04478359329394532,2,qUCB,0.38,0.1,0.42,0.0,0.0,0.0,0.0,0.0,0.0,0.0,0.0,0.04,0.0,0.04,0.02
49,4,2,3,False,0.5378790188138509,0.04478359329394532,3,qUCB,0.46,0.44,0.0,0.0,0.02,0.0,0.0,0.0,0.0,0.0,0.0,0.04,0.0,0.04,0.0
49,4,2,3,False,0.5378790188138509,0.04478359329394532,4,qUCB,0.42,0.4,0.08,0.0,0.0,0.0,0.0,0.0,0.02,0.0,0.0,0.04,0.0,0.0,0.04
49,5,1,4,False,0.3941189590984386,0.05999945295761755,0,qEHVI,0.42,0.18,0.3,0.04,0.02,0.0,0.0,0.0,0.0,0.0,0.0,0.04,0.0,0.0,0.0
49,5,1,4,False,0.3941189590984386,0.05999945295761755,1,qUCB,0.4,0.08,0.42,0.0,0.0,0.0,0.0,0.0,0.04,0.0,0.0,0.0,0.0,0.02,0.04
49,5,1,4,False,0.3941189590984386,0.05999945295761755,2,qUCB,0.4,0.12,0.38,0.0,0.02,0.0,0.0,0.0,0.0,0.0,0.0,0.0,0.0,0.04,0.04
49,5,1,4,False,0.3941189590984386,0.05999945295761755,3,qUCB,0.6,0.0,0.32,0.0,0.0,0.0,0.0,0.0,0.04,0.0,0.0,0.0,0.0,0.04,0.0
49,5,1,4,False,0.3941189590984386,0.05999945295761755,4,qUCB,0.74,0.1,0.06,0.0,0.0,0.0,0.0,0.0,0.04,0.0,0.0,0.0,0.0,0.02,0.04
49,6,0,5,False,0.2571480763482741,0.016712011378718472,0,qUCB,0.46,0.44,0.0,0.0,0.02,0.0,0.0,0.0,0.0,0.0,0.0,0.04,0.0,0.04,0.0
49,6,0,5,False,0.2571480763482741,0.016712011378718472,1,qUCB,0.7000000000000001,0.04,0.16,0.0,0.04,0.0,0.0,0.0,0.0,0.0,0.0,0.04,0.0,0.02,0.0
49,6,0,5,False,0.2571480763482741,0.016712011378718472,2,qUCB,0.68,0.1,0.12,0.0,0.04,0.0,0.0,0.0,0.0,0.0,0.0,0.04,0.0,0.0,0.02
49,6,0,5,False,0.2571480763482741,0.016712011378718472,3,qUCB,0.3,0.62,0.0,0.04,0.0,0.0,0.0,0.0,0.0,0.0,0.0,0.04,0.0,0.0,0.0
49,6,0,5,False,0.2571480763482741,0.016712011378718472,4,qUCB,0.18,0.46,0.26,0.0,0.04,0.0,0.0,0.0,0.0,0.0,0.0,0.04,0.0,0.0,0.02
50,1,5,0,True,0.6380904320434154,0.3620366235215382,0,qEHVI,0.46,0.0,0.44,0.02,0.04,0.0,0.0,0.0,0.02,0.0,0.0,0.0,0.0,0.02,0.0
50,1,5,0,True,0.6380904320434154,0.3620366235215382,1,qEHVI,0.76,0.02,0.14,0.0,0.04,0.0,0.0,0.0,0.0,0.0,0.0,0.04,0.0,0.0,0.0
50,1,5,0,True,0.6380904320434154,0.3620366235215382,2,qEHVI,0.62,0.02,0.32,0.0,0.0,0.0,0.0,0.0,0.0,0.0,0.0,0.0,0.0,0.04,0.0
50,1,5,0,True,0.6380904320434154,0.3620366235215382,3,qEHVI,0.16,0.02,0.8,0.0,0.02,0.0,0.0,0.0,0.0,0.0,0.0,0.0,0.0,0.0,0.0
50,1,5,0,True,0.6380904320434154,0.3620366235215382,4,qEHVI,0.42,0.14,0.38,0.04,0.0,0.0,0.0,0.0,0.0,0.0,0.0,0.0,0.0,0.02,0.0
50,2,4,1,False,0.5365219992262438,0.024624336066730645,0,qEHVI,0.46,0.0,0.44,0.02,0.04,0.0,0.0,0.0,0.02,0.0,0.0,0.0,0.0,0.02,0.0
50,2,4,1,False,0.5365219992262438,0.024624336066730645,1,qEHVI,0.76,0.02,0.14,0.0,0.04,0.0,0.0,0.0,0.0,0.0,0.0,0.04,0.0,0.0,0.0
50,2,4,1,False,0.5365219992262438,0.024624336066730645,2,qEHVI,0.62,0.02,0.32,0.0,0.0,0.0,0.0,0.0,0.0,0.0,0.0,0.0,0.0,0.04,0.0
50,2,4,1,False,0.5365219992262438,0.024624336066730645,3,qEHVI,0.16,0.02,0.8,0.0,0.02,0.0,0.0,0.0,0.0,0.0,0.0,0.0,0.0,0.0,0.0
50,2,4,1,False,0.5365219992262438,0.024624336066730645,4,qUCB,0.36,0.52,0.02,0.0,0.0,0.0,0.0,0.0,0.0,0.0,0.0,0.04,0.0,0.02,0.04
50,3,3,2,False,0.43275810719850266,0.09735363105320038,0,qEHVI,0.46,0.0,0.44,0.02,0.04,0.0,0.0,0.0,0.02,0.0,0.0,0.0,0.0,0.02,0.0
50,3,3,2,False,0.43275810719850266,0.09735363105320038,1,qEHVI,0.76,0.02,0.14,0.0,0.04,0.0,0.0,0.0,0.0,0.0,0.0,0.04,0.0,0.0,0.0
50,3,3,2,False,0.43275810719850266,0.09735363105320038,2,qEHVI,0.62,0.02,0.32,0.0,0.0,0.0,0.0,0.0,0.0,0.0,0.0,0.0,0.0,0.04,0.0
50,3,3,2,False,0.43275810719850266,0.09735363105320038,3,qUCB,0.36,0.52,0.02,0.0,0.0,0.0,0.0,0.0,0.0,0.0,0.0,0.04,0.0,0.02,0.04
50,3,3,2,False,0.43275810719850266,0.09735363105320038,4,qUCB,0.28,0.56,0.08,0.04,0.0,0.0,0.0,0.0,0.0,0.0,0.0,0.0,0.0,0.0,0.04
50,4,2,3,False,0.2988967727226983,0.01721633020589941,0,qEHVI,0.46,0.0,0.44,0.02,0.04,0.0,0.0,0.0,0.02,0.0,0.0,0.0,0.0,0.02,0.0
50,4,2,3,False,0.2988967727226983,0.01721633020589941,1,qEHVI,0.76,0.02,0.14,0.0,0.04,0.0,0.0,0.0,0.0,0.0,0.0,0.04,0.0,0.0,0.0
50,4,2,3,False,0.2988967727226983,0.01721633020589941,2,qUCB,0.46,0.4,0.04,0.0,0.0,0.0,0.0,0.0,0.0,0.0,0.0,0.02,0.0,0.04,0.04
50,4,2,3,False,0.2988967727226983,0.01721633020589941,3,qUCB,0.08,0.58,0.26,0.0,0.0,0.0,0.0,0.0,0.0,0.0,0.0,0.04,0.0,0.0,0.04
50,4,2,3,False,0.2988967727226983,0.01721633020589941,4,qUCB,0.2,0.44,0.26,0.0,0.0,0.0,0.0,0.0,0.0,0.0,0.0,0.04,0.0,0.02,0.04
50,5,1,4,False,0.23453008698668137,0.13612835308599225,0,qEHVI,0.46,0.0,0.44,0.02,0.04,0.0,0.0,0.0,0.02,0.0,0.0,0.0,0.0,0.02,0.0
50,5,1,4,False,0.23453008698668137,0.13612835308599225,1,qUCB,0.44,0.4,0.08,0.0,0.0,0.0,0.0,0.0,0.0,0.0,0.0,0.04,0.0,0.0,0.04
50,5,1,4,False,0.23453008698668137,0.13612835308599225,2,qUCB,0.36,0.52,0.02,0.0,0.0,0.0,0.0,0.0,0.0,0.0,0.0,0.04,0.0,0.02,0.04
50,5,1,4,False,0.23453008698668137,0.13612835308599225,3,qUCB,0.08,0.58,0.26,0.0,0.0,0.0,0.0,0.0,0.0,0.0,0.0,0.04,0.0,0.0,0.04
50,5,1,4,False,0.23453008698668137,0.13612835308599225,4,qUCB,0.7000000000000001,0.06,0.14,0.0,0.0,0.0,0.0,0.0,0.0,0.0,0.0,0.04,0.0,0.02,0.04
50,6,0,5,False,0.28587190040663274,0.03754670233400015,0,qUCB,0.76,0.02,0.14,0.0,0.04,0.0,0.0,0.0,0.0,0.0,0.0,0.04,0.0,0.0,0.0
50,6,0,5,False,0.28587190040663274,0.03754670233400015,1,qUCB,0.46,0.42,0.04,0.0,0.04,0.0,0.0,0.0,0.0,0.0,0.0,0.04,0.0,0.0,0.0
50,6,0,5,False,0.28587190040663274,0.03754670233400015,2,qUCB,0.38,0.54,0.0,0.0,0.0,0.0,0.0,0.0,0.0,0.0,0.0,0.04,0.0,0.02,0.02
50,6,0,5,False,0.28587190040663274,0.03754670233400015,3,qUCB,0.28,0.38,0.24,0.0,0.04,0.0,0.0,0.0,0.0,0.0,0.0,0.04,0.0,0.0,0.02
50,6,0,5,False,0.28587190040663274,0.03754670233400015,4,qUCB,0.34,0.6,0.0,0.0,0.0,0.0,0.0,0.0,0.0,0.0,0.0,0.04,0.0,0.0,0.02
