iteration,option,n_opt,n_exp,selected,full_qehvi,full_entropy,point_idx,source,x_0,x_1,x_2,x_3,x_4,x_5,x_6,x_7,x_8,x_9,x_10,x_11,x_12,x_13,x_14
1,1,5,0,True,10.177625932769864,0.40502527362647456,0,qEHVI,0.04,0.8,0.06,0.0,0.04,0.0,0.0,0.0,0.0,0.0,0.0,0.0,0.0,0.04,0.02
1,1,5,0,True,10.177625932769864,0.40502527362647456,1,qEHVI,0.04,0.02,0.84,0.04,0.0,0.0,0.0,0.0,0.0,0.0,0.0,0.02,0.0,0.04,0.0
1,1,5,0,True,10.177625932769864,0.40502527362647456,2,qEHVI,0.08,0.8,0.04,0.04,0.04,0.0,0.0,0.0,0.0,0.0,0.0,0.0,0.0,0.0,0.0
1,1,5,0,True,10.177625932769864,0.40502527362647456,3,qEHVI,0.04,0.08,0.8,0.0,0.0,0.0,0.0,0.0,0.0,0.0,0.0,0.04,0.0,0.04,0.0
1,1,5,0,True,10.177625932769864,0.40502527362647456,4,qEHVI,0.12,0.78,0.0,0.04,0.0,0.0,0.0,0.0,0.0,0.0,0.0,0.02,0.0,0.04,0.0
1,2,4,1,False,9.971706482645788,0.3874564494468906,0,qEHVI,0.04,0.8,0.06,0.0,0.04,0.0,0.0,0.0,0.0,0.0,0.0,0.0,0.0,0.04,0.02
1,2,4,1,False,9.971706482645788,0.3874564494468906,1,qEHVI,0.04,0.06,0.8,0.04,0.0,0.0,0.0,0.0,0.0,0.0,0.0,0.0,0.0,0.04,0.02
1,2,4,1,False,9.971706482645788,0.3874564494468906,2,qEHVI,0.08,0.8,0.04,0.04,0.04,0.0,0.0,0.0,0.0,0.0,0.0,0.0,0.0,0.0,0.0
1,2,4,1,False,9.971706482645788,0.3874564494468906,3,qEHVI,0.0,0.0,0.9,0.0,0.04,0.0,0.0,0.0,0.02,0.0,0.0,0.0,0.0,0.04,0.0
1,2,4,1,False,9.971706482645788,0.3874564494468906,4,qUCB,0.88,0.02,0.0,0.0,0.0,0.0,0.0,0.0,0.04,0.0,0.0,0.04,0.0,0.0,0.02
1,3,3,2,False,9.570890308386943,0.3894693930486106,0,qEHVI,0.04,0.8,0.06,0.0,0.04,0.0,0.0,0.0,0.0,0.0,0.0,0.0,0.0,0.04,0.02
1,3,3,2,False,9.570890308386943,0.3894693930486106,1,qEHVI,0.04,0.02,0.84,0.04,0.0,0.0,0.0,0.0,0.0,0.0,0.0,0.02,0.0,0.04,0.0
1,3,3,2,False,9.570890308386943,0.3894693930486106,2,qEHVI,0.08,0.8,0.04,0.04,0.04,0.0,0.0,0.0,0.0,0.0,0.0,0.0,0.0,0.0,0.0
1,3,3,2,False,9.570890308386943,0.3894693930486106,3,qUCB,0.84,0.06,0.0,0.02,0.0,0.0,0.0,0.0,0.0,0.0,0.0,0.04,0.0,0.0,0.04
1,3,3,2,False,9.570890308386943,0.3894693930486106,4,qUCB,0.88,0.02,0.0,0.0,0.0,0.0,0.0,0.0,0.04,0.0,0.0,0.04,0.0,0.0,0.02
1,4,2,3,False,9.3586258088811,0.7645443465052963,0,qEHVI,0.04,0.8,0.06,0.0,0.04,0.0,0.0,0.0,0.0,0.0,0.0,0.0,0.0,0.04,0.02
1,4,2,3,False,9.3586258088811,0.7645443465052963,1,qEHVI,0.04,0.02,0.84,0.04,0.0,0.0,0.0,0.0,0.0,0.0,0.0,0.02,0.0,0.04,0.0
1,4,2,3,False,9.3586258088811,0.7645443465052963,2,qUCB,0.86,0.04,0.02,0.04,0.0,0.0,0.0,0.0,0.0,0.0,0.0,0.0,0.0,0.0,0.04
1,4,2,3,False,9.3586258088811,0.7645443465052963,3,qUCB,0.06,0.86,0.0,0.04,0.0,0.0,0.0,0.0,0.04,0.0,0.0,0.0,0.0,0.0,0.0
1,4,2,3,False,9.3586258088811,0.7645443465052963,4,qUCB,0.88,0.02,0.0,0.0,0.0,0.0,0.0,0.0,0.04,0.0,0.0,0.04,0.0,0.0,0.02
1,5,1,4,False,8.706330249338443,0.11149971617196286,0,qEHVI,0.04,0.8,0.06,0.0,0.04,0.0,0.0,0.0,0.0,0.0,0.0,0.0,0.0,0.04,0.02
1,5,1,4,False,8.706330249338443,0.11149971617196286,1,qUCB,0.0,0.02,0.88,0.04,0.0,0.0,0.0,0.0,0.04,0.0,0.0,0.0,0.0,0.0,0.02
1,5,1,4,False,8.706330249338443,0.11149971617196286,2,qUCB,0.22,0.02,0.66,0.04,0.0,0.0,0.0,0.0,0.0,0.0,0.0,0.04,0.0,0.02,0.0
1,5,1,4,False,8.706330249338443,0.11149971617196286,3,qUCB,0.84,0.06,0.0,0.02,0.0,0.0,0.0,0.0,0.0,0.0,0.0,0.04,0.0,0.0,0.04
1,5,1,4,False,8.706330249338443,0.11149971617196286,4,qUCB,0.86,0.04,0.02,0.04,0.0,0.0,0.0,0.0,0.0,0.0,0.0,0.0,0.0,0.0,0.04
1,6,0,5,False,9.60047649991497,0.3051596947937121,0,qUCB,0.78,0.04,0.08,0.04,0.04,0.0,0.0,0.0,0.0,0.0,0.0,0.0,0.0,0.0,0.02
1,6,0,5,False,9.60047649991497,0.3051596947937121,1,qUCB,0.14,0.76,0.0,0.04,0.04,0.0,0.0,0.0,0.0,0.0,0.0,0.0,0.0,0.02,0.0
1,6,0,5,False,9.60047649991497,0.3051596947937121,2,qUCB,0.12,0.78,0.0,0.04,0.0,0.0,0.0,0.0,0.0,0.0,0.0,0.02,0.0,0.04,0.0
1,6,0,5,False,9.60047649991497,0.3051596947937121,3,qUCB,0.04,0.86,0.02,0.04,0.0,0.0,0.0,0.0,0.0,0.0,0.0,0.0,0.0,0.0,0.04
1,6,0,5,False,9.60047649991497,0.3051596947937121,4,qUCB,0.0,0.04,0.88,0.04,0.0,0.0,0.0,0.0,0.0,0.0,0.0,0.0,0.0,0.04,0.0
2,1,5,0,False,7.119221057236074,0.7385644740036881,0,qEHVI,0.68,0.0,0.24,0.0,0.0,0.0,0.0,0.0,0.0,0.0,0.0,0.04,0.0,0.0,0.04
2,1,5,0,False,7.119221057236074,0.7385644740036881,1,qEHVI,0.04,0.02,0.9,0.0,0.0,0.0,0.0,0.0,0.0,0.0,0.0,0.0,0.0,0.0,0.04
2,1,5,0,False,7.119221057236074,0.7385644740036881,2,qEHVI,0.86,0.02,0.02,0.02,0.0,0.0,0.0,0.0,0.0,0.0,0.0,0.04,0.0,0.02,0.02
2,1,5,0,False,7.119221057236074,0.7385644740036881,3,qEHVI,0.88,0.0,0.02,0.0,0.04,0.0,0.0,0.0,0.04,0.0,0.0,0.0,0.0,0.0,0.02
2,1,5,0,False,7.119221057236074,0.7385644740036881,4,qEHVI,0.42,0.0,0.5,0.04,0.0,0.0,0.0,0.0,0.0,0.0,0.0,0.04,0.0,0.0,0.0
2,2,4,1,True,7.136319601943429,0.9928482230380489,0,qEHVI,0.7000000000000001,0.08,0.12,0.02,0.0,0.0,0.0,0.0,0.0,0.0,0.0,0.04,0.0,0.0,0.04
2,2,4,1,True,7.136319601943429,0.9928482230380489,1,qEHVI,0.04,0.02,0.9,0.0,0.0,0.0,0.0,0.0,0.0,0.0,0.0,0.0,0.0,0.0,0.04
2,2,4,1,True,7.136319601943429,0.9928482230380489,2,qEHVI,0.78,0.06,0.06,0.0,0.0,0.0,0.0,0.0,0.04,0.0,0.0,0.04,0.0,0.0,0.02
2,2,4,1,True,7.136319601943429,0.9928482230380489,3,qEHVI,0.32,0.0,0.58,0.0,0.02,0.0,0.0,0.0,0.0,0.0,0.0,0.04,0.0,0.0,0.04
2,2,4,1,True,7.136319601943429,0.9928482230380489,4,qUCB,0.84,0.02,0.06,0.0,0.04,0.0,0.0,0.0,0.0,0.0,0.0,0.0,0.0,0.04,0.0
2,3,3,2,False,6.167731919343505,0.7496129072799871,0,qEHVI,0.7000000000000001,0.08,0.12,0.02,0.0,0.0,0.0,0.0,0.0,0.0,0.0,0.04,0.0,0.0,0.04
2,3,3,2,False,6.167731919343505,0.7496129072799871,1,qEHVI,0.04,0.02,0.9,0.0,0.0,0.0,0.0,0.0,0.0,0.0,0.0,0.0,0.0,0.0,0.04
2,3,3,2,False,6.167731919343505,0.7496129072799871,2,qEHVI,0.78,0.06,0.06,0.0,0.0,0.0,0.0,0.0,0.04,0.0,0.0,0.04,0.0,0.0,0.02
2,3,3,2,False,6.167731919343505,0.7496129072799871,3,qUCB,0.84,0.02,0.06,0.0,0.04,0.0,0.0,0.0,0.0,0.0,0.0,0.0,0.0,0.04,0.0
2,3,3,2,False,6.167731919343505,0.7496129072799871,4,qUCB,0.8,0.1,0.0,0.04,0.04,0.0,0.0,0.0,0.02,0.0,0.0,0.0,0.0,0.0,0.0
2,4,2,3,False,5.787311781720222,0.8497003106043284,0,qEHVI,0.7000000000000001,0.08,0.12,0.02,0.0,0.0,0.0,0.0,0.0,0.0,0.0,0.04,0.0,0.0,0.04
2,4,2,3,False,5.787311781720222,0.8497003106043284,1,qEHVI,0.04,0.02,0.9,0.0,0.0,0.0,0.0,0.0,0.0,0.0,0.0,0.0,0.0,0.0,0.04
2,4,2,3,False,5.787311781720222,0.8497003106043284,2,qUCB,0.86,0.06,0.0,0.0,0.04,0.0,0.0,0.0,0.04,0.0,0.0,0.0,0.0,0.0,0.0
2,4,2,3,False,5.787311781720222,0.8497003106043284,3,qUCB,0.9,0.0,0.0,0.0,0.0,0.0,0.0,0.0,0.04,0.0,0.0,0.02,0.0,0.04,0.0
2,4,2,3,False,5.787311781720222,0.8497003106043284,4,qUCB,0.5,0.38,0.02,0.0,0.02,0.0,0.0,0.0,0.04,0.0,0.0,0.0,0.0,0.04,0.0
2,5,1,4,False,5.921123528331001,0.7681657002845483,0,qEHVI,0.7000000000000001,0.08,0.12,0.02,0.0,0.0,0.0,0.0,0.0,0.0,0.0,0.04,0.0,0.0,0.04
2,5,1,4,False,5.921123528331001,0.7681657002845483,1,qUCB,0.86,0.06,0.0,0.0,0.04,0.0,0.0,0.0,0.04,0.0,0.0,0.0,0.0,0.0,0.0
2,5,1,4,False,5.921123528331001,0.7681657002845483,2,qUCB,0.04,0.02,0.84,0.0,0.04,0.0,0.0,0.0,0.02,0.0,0.0,0.0,0.0,0.0,0.04
2,5,1,4,False,5.921123528331001,0.7681657002845483,3,qUCB,0.9,0.0,0.0,0.0,0.0,0.0,0.0,0.0,0.04,0.0,0.0,0.02,0.0,0.04,0.0
2,5,1,4,False,5.921123528331001,0.7681657002845483,4,qUCB,0.52,0.0,0.38,0.0,0.02,0.0,0.0,0.0,0.04,0.0,0.0,0.0,0.0,0.04,0.0
2,6,0,5,False,6.340766470403773,0.4535635041877324,0,qUCB,0.78,0.02,0.1,0.0,0.04,0.0,0.0,0.0,0.0,0.0,0.0,0.04,0.0,0.0,0.02
2,6,0,5,False,6.340766470403773,0.4535635041877324,1,qUCB,0.04,0.02,0.84,0.0,0.04,0.0,0.0,0.0,0.02,0.0,0.0,0.0,0.0,0.0,0.04
2,6,0,5,False,6.340766470403773,0.4535635041877324,2,qUCB,0.48,0.0,0.42,0.02,0.0,0.0,0.0,0.0,0.0,0.0,0.0,0.04,0.0,0.0,0.04
2,6,0,5,False,6.340766470403773,0.4535635041877324,3,qUCB,0.66,0.0,0.24,0.0,0.04,0.0,0.0,0.0,0.0,0.0,0.0,0.04,0.0,0.02,0.0
2,6,0,5,False,6.340766470403773,0.4535635041877324,4,qUCB,0.02,0.44,0.46,0.0,0.0,0.0,0.0,0.0,0.0,0.0,0.0,0.04,0.0,0.0,0.04
3,1,5,0,True,7.305957784285265,0.9350871916007879,0,qEHVI,0.28,0.24,0.4,0.04,0.0,0.0,0.0,0.0,0.0,0.0,0.0,0.04,0.0,0.0,0.0
3,1,5,0,True,7.305957784285265,0.9350871916007879,1,qEHVI,0.88,0.0,0.04,0.02,0.0,0.0,0.0,0.0,0.02,0.0,0.0,0.04,0.0,0.0,0.0
3,1,5,0,True,7.305957784285265,0.9350871916007879,2,qEHVI,0.44,0.0,0.46,0.0,0.02,0.0,0.0,0.0,0.0,0.0,0.0,0.04,0.0,0.0,0.04
3,1,5,0,True,7.305957784285265,0.9350871916007879,3,qEHVI,0.36,0.56,0.0,0.0,0.0,0.0,0.0,0.0,0.0,0.0,0.0,0.04,0.0,0.0,0.04
3,1,5,0,True,7.305957784285265,0.9350871916007879,4,qEHVI,0.24,0.06,0.6,0.02,0.0,0.0,0.0,0.0,0.04,0.0,0.0,0.0,0.0,0.04,0.0
3,2,4,1,False,6.7513380557715825,0.4914383097952193,0,qEHVI,0.28,0.24,0.4,0.04,0.0,0.0,0.0,0.0,0.0,0.0,0.0,0.04,0.0,0.0,0.0
3,2,4,1,False,6.7513380557715825,0.4914383097952193,1,qEHVI,0.88,0.0,0.04,0.02,0.0,0.0,0.0,0.0,0.02,0.0,0.0,0.04,0.0,0.0,0.0
3,2,4,1,False,6.7513380557715825,0.4914383097952193,2,qEHVI,0.36,0.56,0.0,0.0,0.0,0.0,0.0,0.0,0.0,0.0,0.0,0.04,0.0,0.0,0.04
3,2,4,1,False,6.7513380557715825,0.4914383097952193,3,qEHVI,0.24,0.02,0.64,0.0,0.02,0.0,0.0,0.0,0.04,0.0,0.0,0.0,0.0,0.04,0.0
3,2,4,1,False,6.7513380557715825,0.4914383097952193,4,qUCB,0.36,0.54,0.06,0.0,0.04,0.0,0.0,0.0,0.0,0.0,0.0,0.0,0.0,0.0,0.0
3,3,3,2,False,5.947600577399494,0.7318542726092421,0,qEHVI,0.28,0.24,0.4,0.04,0.0,0.0,0.0,0.0,0.0,0.0,0.0,0.04,0.0,0.0,0.0
3,3,3,2,False,5.947600577399494,0.7318542726092421,1,qEHVI,0.88,0.0,0.04,0.02,0.0,0.0,0.0,0.0,0.02,0.0,0.0,0.04,0.0,0.0,0.0
3,3,3,2,False,5.947600577399494,0.7318542726092421,2,qEHVI,0.36,0.56,0.0,0.0,0.0,0.0,0.0,0.0,0.0,0.0,0.0,0.04,0.0,0.0,0.04
3,3,3,2,False,5.947600577399494,0.7318542726092421,3,qUCB,0.36,0.42,0.12,0.0,0.04,0.0,0.0,0.0,0.02,0.0,0.0,0.0,0.0,0.04,0.0
3,3,3,2,False,5.947600577399494,0.7318542726092421,4,qUCB,0.52,0.36,0.04,0.0,0.04,0.0,0.0,0.0,0.0,0.0,0.0,0.0,0.0,0.04,0.0
3,4,2,3,False,6.023348477518278,0.802542066883742,0,qEHVI,0.28,0.24,0.4,0.04,0.0,0.0,0.0,0.0,0.0,0.0,0.0,0.04,0.0,0.0,0.0
3,4,2,3,False,6.023348477518278,0.802542066883742,1,qEHVI,0.88,0.0,0.04,0.02,0.0,0.0,0.0,0.0,0.02,0.0,0.0,0.04,0.0,0.0,0.0
3,4,2,3,False,6.023348477518278,0.802542066883742,2,qUCB,0.34,0.48,0.08,0.0,0.04,0.0,0.0,0.0,0.0,0.0,0.0,0.0,0.0,0.02,0.04
3,4,2,3,False,6.023348477518278,0.802542066883742,3,qUCB,0.54,0.38,0.0,0.0,0.04,0.0,0.0,0.0,0.0,0.0,0.0,0.0,0.0,0.0,0.04
3,4,2,3,False,6.023348477518278,0.802542066883742,4,qUCB,0.24,0.2,0.46,0.0,0.04,0.0,0.0,0.0,0.02,0.0,0.0,0.0,0.0,0.04,0.0
3,5,1,4,False,4.526479694216335,0.696326012850756,0,qEHVI,0.28,0.24,0.4,0.04,0.0,0.0,0.0,0.0,0.0,0.0,0.0,0.04,0.0,0.0,0.0
3,5,1,4,False,4.526479694216335,0.696326012850756,1,qUCB,0.76,0.14,0.0,0.0,0.04,0.0,0.0,0.0,0.04,0.0,0.0,0.0,0.0,0.0,0.02
3,5,1,4,False,4.526479694216335,0.696326012850756,2,qUCB,0.34,0.54,0.02,0.0,0.02,0.0,0.0,0.0,0.04,0.0,0.0,0.0,0.0,0.0,0.04
3,5,1,4,False,4.526479694216335,0.696326012850756,3,qUCB,0.54,0.38,0.0,0.0,0.04,0.0,0.0,0.0,0.0,0.0,0.0,0.0,0.0,0.0,0.04
3,5,1,4,False,4.526479694216335,0.696326012850756,4,qUCB,0.36,0.52,0.02,0.0,0.02,0.0,0.0,0.0,0.04,0.0,0.0,0.0,0.0,0.04,0.0
3,6,0,5,False,4.512310324565754,0.5454672856381286,0,qUCB,0.66,0.0,0.24,0.0,0.0,0.0,0.0,0.0,0.02,0.0,0.0,0.04,0.0,0.04,0.0
3,6,0,5,False,4.512310324565754,0.5454672856381286,1,qUCB,0.36,0.56,0.0,0.0,0.0,0.0,0.0,0.0,0.0,0.0,0.0,0.04,0.0,0.0,0.04
3,6,0,5,False,4.512310324565754,0.5454672856381286,2,qUCB,0.4,0.54,0.0,0.0,0.04,0.0,0.0,0.0,0.02,0.0,0.0,0.0,0.0,0.0,0.0
3,6,0,5,False,4.512310324565754,0.5454672856381286,3,qUCB,0.56,0.02,0.34,0.0,0.04,0.0,0.0,0.0,0.0,0.0,0.0,0.04,0.0,0.0,0.0
3,6,0,5,False,4.512310324565754,0.5454672856381286,4,qUCB,0.74,0.16,0.0,0.0,0.02,0.0,0.0,0.0,0.0,0.0,0.0,0.04,0.0,0.04,0.0
4,1,5,0,True,7.310849290705921,0.34816707778592093,0,qEHVI,0.5,0.04,0.36,0.02,0.04,0.0,0.0,0.0,0.0,0.0,0.0,0.04,0.0,0.0,0.0
4,1,5,0,True,7.310849290705921,0.34816707778592093,1,qEHVI,0.3,0.34,0.26,0.0,0.02,0.0,0.0,0.0,0.0,0.0,0.0,0.04,0.0,0.0,0.04
4,1,5,0,True,7.310849290705921,0.34816707778592093,2,qEHVI,0.64,0.02,0.26,0.04,0.0,0.0,0.0,0.0,0.0,0.0,0.0,0.04,0.0,0.0,0.0
4,1,5,0,True,7.310849290705921,0.34816707778592093,3,qEHVI,0.46,0.14,0.32,0.0,0.0,0.0,0.0,0.0,0.0,0.0,0.0,0.04,0.0,0.04,0.0
4,1,5,0,True,7.310849290705921,0.34816707778592093,4,qEHVI,0.64,0.02,0.24,0.0,0.02,0.0,0.0,0.0,0.04,0.0,0.0,0.04,0.0,0.0,0.0
4,2,4,1,False,6.8267078747692755,0.5912298478321016,0,qEHVI,0.5,0.04,0.36,0.02,0.04,0.0,0.0,0.0,0.0,0.0,0.0,0.04,0.0,0.0,0.0
4,2,4,1,False,6.8267078747692755,0.5912298478321016,1,qEHVI,0.3,0.34,0.26,0.0,0.02,0.0,0.0,0.0,0.0,0.0,0.0,0.04,0.0,0.0,0.04
4,2,4,1,False,6.8267078747692755,0.5912298478321016,2,qEHVI,0.58,0.06,0.28,0.0,0.04,0.0,0.0,0.0,0.0,0.0,0.0,0.04,0.0,0.0,0.0
4,2,4,1,False,6.8267078747692755,0.5912298478321016,3,qEHVI,0.66,0.02,0.22,0.0,0.02,0.0,0.0,0.0,0.04,0.0,0.0,0.04,0.0,0.0,0.0
4,2,4,1,False,6.8267078747692755,0.5912298478321016,4,qUCB,0.04,0.56,0.3,0.04,0.0,0.0,0.0,0.0,0.02,0.0,0.0,0.0,0.0,0.04,0.0
4,3,3,2,False,6.2348530165887,0.7544976890502895,0,qEHVI,0.5,0.04,0.36,0.02,0.04,0.0,0.0,0.0,0.0,0.0,0.0,0.04,0.0,0.0,0.0
4,3,3,2,False,6.2348530165887,0.7544976890502895,1,qEHVI,0.3,0.34,0.26,0.0,0.02,0.0,0.0,0.0,0.0,0.0,0.0,0.04,0.0,0.0,0.04
4,3,3,2,False,6.2348530165887,0.7544976890502895,2,qEHVI,0.64,0.02,0.26,0.04,0.0,0.0,0.0,0.0,0.0,0.0,0.0,0.04,0.0,0.0,0.0
4,3,3,2,False,6.2348530165887,0.7544976890502895,3,qUCB,0.0,0.6,0.3,0.02,0.0,0.0,0.0,0.0,0.04,0.0,0.0,0.0,0.0,0.04,0.0
4,3,3,2,False,6.2348530165887,0.7544976890502895,4,qUCB,0.56,0.4,0.0,0.0,0.0,0.0,0.0,0.0,0.04,0.0,0.0,0.0,0.0,0.0,0.0
4,4,2,3,False,5.678679211821049,0.5367534086825145,0,qEHVI,0.5,0.04,0.36,0.02,0.04,0.0,0.0,0.0,0.0,0.0,0.0,0.04,0.0,0.0,0.0
4,4,2,3,False,5.678679211821049,0.5367534086825145,1,qEHVI,0.3,0.34,0.26,0.0,0.02,0.0,0.0,0.0,0.0,0.0,0.0,0.04,0.0,0.0,0.04
4,4,2,3,False,5.678679211821049,0.5367534086825145,2,qUCB,0.0,0.6,0.3,0.02,0.0,0.0,0.0,0.0,0.04,0.0,0.0,0.0,0.0,0.04,0.0
4,4,2,3,False,5.678679211821049,0.5367534086825145,3,qUCB,0.56,0.4,0.0,0.0,0.0,0.0,0.0,0.0,0.04,0.0,0.0,0.0,0.0,0.0,0.0
4,4,2,3,False,5.678679211821049,0.5367534086825145,4,qUCB,0.3,0.24,0.36,0.04,0.0,0.0,0.0,0.0,0.0,0.0,0.0,0.0,0.0,0.04,0.02
4,5,1,4,False,4.027170381238871,0.8174620651347162,0,qEHVI,0.5,0.04,0.36,0.02,0.04,0.0,0.0,0.0,0.0,0.0,0.0,0.04,0.0,0.0,0.0
4,5,1,4,False,4.027170381238871,0.8174620651347162,1,qUCB,0.46,0.4,0.06,0.0,0.0,0.0,0.0,0.0,0.04,0.0,0.0,0.0,0.0,0.0,0.04
4,5,1,4,False,4.027170381238871,0.8174620651347162,2,qUCB,0.08,0.56,0.28,0.0,0.0,0.0,0.0,0.0,0.04,0.0,0.0,0.0,0.0,0.0,0.04
4,5,1,4,False,4.027170381238871,0.8174620651347162,3,qUCB,0.14,0.5,0.28,0.0,0.0,0.0,0.0,0.0,0.0,0.0,0.0,0.0,0.0,0.04,0.04
4,5,1,4,False,4.027170381238871,0.8174620651347162,4,qUCB,0.1,0.38,0.44,0.0,0.0,0.0,0.0,0.0,0.0,0.0,0.0,0.0,0.0,0.04,0.04
4,6,0,5,False,5.5930617229701935,0.4647767202112085,0,qUCB,0.26,0.44,0.24,0.0,0.0,0.0,0.0,0.0,0.0,0.0,0.0,0.04,0.0,0.0,0.02
4,6,0,5,False,5.5930617229701935,0.4647767202112085,1,qUCB,0.46,0.14,0.32,0.0,0.0,0.0,0.0,0.0,0.0,0.0,0.0,0.04,0.0,0.04,0.0
4,6,0,5,False,5.5930617229701935,0.4647767202112085,2,qUCB,0.18,0.54,0.18,0.0,0.0,0.0,0.0,0.0,0.04,0.0,0.0,0.04,0.0,0.0,0.02
4,6,0,5,False,5.5930617229701935,0.4647767202112085,3,qUCB,0.64,0.02,0.24,0.0,0.02,0.0,0.0,0.0,0.04,0.0,0.0,0.04,0.0,0.0,0.0
4,6,0,5,False,5.5930617229701935,0.4647767202112085,4,qUCB,0.04,0.56,0.3,0.0,0.0,0.0,0.0,0.0,0.0,0.0,0.0,0.04,0.0,0.04,0.02
5,1,5,0,False,8.234537099693219,0.4595638354256,0,qEHVI,0.42,0.3,0.2,0.02,0.0,0.0,0.0,0.0,0.0,0.0,0.0,0.04,0.0,0.02,0.0
5,1,5,0,False,8.234537099693219,0.4595638354256,1,qEHVI,0.44,0.46,0.02,0.04,0.0,0.0,0.0,0.0,0.0,0.0,0.0,0.02,0.0,0.02,0.0
5,1,5,0,False,8.234537099693219,0.4595638354256,2,qEHVI,0.4,0.0,0.5,0.04,0.02,0.0,0.0,0.0,0.0,0.0,0.0,0.04,0.0,0.0,0.0
5,1,5,0,False,8.234537099693219,0.4595638354256,3,qEHVI,0.42,0.22,0.26,0.04,0.0,0.0,0.0,0.0,0.0,0.0,0.0,0.02,0.0,0.04,0.0
5,1,5,0,False,8.234537099693219,0.4595638354256,4,qEHVI,0.54,0.36,0.02,0.0,0.0,0.0,0.0,0.0,0.0,0.0,0.0,0.04,0.0,0.02,0.02
5,2,4,1,True,8.570749013816163,0.44170535304239866,0,qEHVI,0.46,0.36,0.08,0.02,0.0,0.0,0.0,0.0,0.0,0.0,0.0,0.04,0.0,0.04,0.0
5,2,4,1,True,8.570749013816163,0.44170535304239866,1,qEHVI,0.42,0.38,0.14,0.04,0.0,0.0,0.0,0.0,0.0,0.0,0.0,0.02,0.0,0.0,0.0
5,2,4,1,True,8.570749013816163,0.44170535304239866,2,qEHVI,0.4,0.0,0.5,0.04,0.02,0.0,0.0,0.0,0.0,0.0,0.0,0.04,0.0,0.0,0.0
5,2,4,1,True,8.570749013816163,0.44170535304239866,3,qEHVI,0.48,0.2,0.22,0.04,0.0,0.0,0.0,0.0,0.0,0.0,0.0,0.04,0.0,0.02,0.0
5,2,4,1,True,8.570749013816163,0.44170535304239866,4,qUCB,0.38,0.52,0.0,0.0,0.04,0.0,0.0,0.0,0.0,0.0,0.0,0.0,0.0,0.02,0.04
5,3,3,2,False,7.462316851662189,0.4494331141829182,0,qEHVI,0.46,0.36,0.08,0.02,0.0,0.0,0.0,0.0,0.0,0.0,0.0,0.04,0.0,0.04,0.0
5,3,3,2,False,7.462316851662189,0.4494331141829182,1,qEHVI,0.42,0.38,0.14,0.04,0.0,0.0,0.0,0.0,0.0,0.0,0.0,0.02,0.0,0.0,0.0
5,3,3,2,False,7.462316851662189,0.4494331141829182,2,qEHVI,0.48,0.2,0.22,0.04,0.0,0.0,0.0,0.0,0.0,0.0,0.0,0.04,0.0,0.02,0.0
5,3,3,2,False,7.462316851662189,0.4494331141829182,3,qUCB,0.38,0.52,0.0,0.0,0.04,0.0,0.0,0.0,0.0,0.0,0.0,0.0,0.0,0.02,0.04
5,3,3,2,False,7.462316851662189,0.4494331141829182,4,qUCB,0.36,0.52,0.04,0.0,0.04,0.0,0.0,0.0,0.04,0.0,0.0,0.0,0.0,0.0,0.0
5,4,2,3,False,6.757881924319409,0.6985778182400715,0,qEHVI,0.46,0.36,0.08,0.02,0.0,0.0,0.0,0.0,0.0,0.0,0.0,0.04,0.0,0.04,0.0
5,4,2,3,False,6.757881924319409,0.6985778182400715,1,qEHVI,0.42,0.38,0.14,0.04,0.0,0.0,0.0,0.0,0.0,0.0,0.0,0.02,0.0,0.0,0.0
5,4,2,3,False,6.757881924319409,0.6985778182400715,2,qUCB,0.38,0.52,0.0,0.0,0.04,0.0,0.0,0.0,0.0,0.0,0.0,0.0,0.0,0.02,0.04
5,4,2,3,False,6.757881924319409,0.6985778182400715,3,qUCB,0.36,0.52,0.04,0.0,0.04,0.0,0.0,0.0,0.04,0.0,0.0,0.0,0.0,0.0,0.0
5,4,2,3,False,6.757881924319409,0.6985778182400715,4,qUCB,0.48,0.28,0.14,0.0,0.04,0.0,0.0,0.0,0.0,0.0,0.0,0.0,0.0,0.02,0.04
5,5,1,4,False,6.525103488419229,0.556560187133627,0,qEHVI,0.46,0.36,0.08,0.02,0.0,0.0,0.0,0.0,0.0,0.0,0.0,0.04,0.0,0.04,0.0
5,5,1,4,False,6.525103488419229,0.556560187133627,1,qUCB,0.42,0.44,0.06,0.0,0.04,0.0,0.0,0.0,0.0,0.0,0.0,0.0,0.0,0.0,0.04
5,5,1,4,False,6.525103488419229,0.556560187133627,2,qUCB,0.36,0.52,0.04,0.0,0.04,0.0,0.0,0.0,0.04,0.0,0.0,0.0,0.0,0.0,0.0
5,5,1,4,False,6.525103488419229,0.556560187133627,3,qUCB,0.48,0.44,0.0,0.04,0.04,0.0,0.0,0.0,0.0,0.0,0.0,0.0,0.0,0.0,0.0
5,5,1,4,False,6.525103488419229,0.556560187133627,4,qUCB,0.02,0.88,0.0,0.0,0.02,0.0,0.0,0.0,0.04,0.0,0.0,0.04,0.0,0.0,0.0
5,6,0,5,False,5.070174749871244,0.6180083053647465,0,qUCB,0.44,0.46,0.04,0.04,0.0,0.0,0.0,0.0,0.0,0.0,0.0,0.0,0.0,0.02,0.0
5,6,0,5,False,5.070174749871244,0.6180083053647465,1,qUCB,0.36,0.56,0.04,0.0,0.0,0.0,0.0,0.0,0.04,0.0,0.0,0.0,0.0,0.0,0.0
5,6,0,5,False,5.070174749871244,0.6180083053647465,2,qUCB,0.0,0.9,0.0,0.02,0.0,0.0,0.0,0.0,0.04,0.0,0.0,0.04,0.0,0.0,0.0
5,6,0,5,False,5.070174749871244,0.6180083053647465,3,qUCB,0.54,0.4,0.0,0.0,0.0,0.0,0.0,0.0,0.0,0.0,0.0,0.0,0.0,0.04,0.02
5,6,0,5,False,5.070174749871244,0.6180083053647465,4,qUCB,0.32,0.42,0.16,0.02,0.0,0.0,0.0,0.0,0.04,0.0,0.0,0.04,0.0,0.0,0.0
6,1,5,0,False,6.692530131529304,0.3772684482532265,0,qEHVI,0.62,0.3,0.0,0.0,0.0,0.0,0.0,0.0,0.0,0.0,0.0,0.04,0.0,0.0,0.04
6,1,5,0,False,6.692530131529304,0.3772684482532265,1,qEHVI,0.36,0.1,0.44,0.0,0.02,0.0,0.0,0.0,0.0,0.0,0.0,0.04,0.0,0.04,0.0
6,1,5,0,False,6.692530131529304,0.3772684482532265,2,qEHVI,0.34,0.32,0.32,0.0,0.0,0.0,0.0,0.0,0.0,0.0,0.0,0.02,0.0,0.0,0.0
6,1,5,0,False,6.692530131529304,0.3772684482532265,3,qEHVI,0.68,0.22,0.0,0.0,0.02,0.0,0.0,0.0,0.04,0.0,0.0,0.02,0.0,0.0,0.02
6,1,5,0,False,6.692530131529304,0.3772684482532265,4,qEHVI,0.18,0.42,0.36,0.04,0.0,0.0,0.0,0.0,0.0,0.0,0.0,0.0,0.0,0.0,0.0
6,2,4,1,True,6.1788221346474685,0.5109646736183144,0,qEHVI,0.62,0.3,0.0,0.0,0.0,0.0,0.0,0.0,0.0,0.0,0.0,0.04,0.0,0.0,0.04
6,2,4,1,True,6.1788221346474685,0.5109646736183144,1,qEHVI,0.36,0.1,0.44,0.0,0.02,0.0,0.0,0.0,0.0,0.0,0.0,0.04,0.0,0.04,0.0
6,2,4,1,True,6.1788221346474685,0.5109646736183144,2,qEHVI,0.42,0.26,0.3,0.0,0.0,0.0,0.0,0.0,0.0,0.0,0.0,0.02,0.0,0.0,0.0
6,2,4,1,True,6.1788221346474685,0.5109646736183144,3,qEHVI,0.18,0.42,0.36,0.04,0.0,0.0,0.0,0.0,0.0,0.0,0.0,0.0,0.0,0.0,0.0
6,2,4,1,True,6.1788221346474685,0.5109646736183144,4,qUCB,0.54,0.02,0.34,0.0,0.04,0.0,0.0,0.0,0.0,0.0,0.0,0.0,0.0,0.02,0.04
6,3,3,2,False,5.824830711594584,0.35825877527182115,0,qEHVI,0.62,0.3,0.0,0.0,0.0,0.0,0.0,0.0,0.0,0.0,0.0,0.04,0.0,0.0,0.04
6,3,3,2,False,5.824830711594584,0.35825877527182115,1,qEHVI,0.36,0.1,0.44,0.0,0.02,0.0,0.0,0.0,0.0,0.0,0.0,0.04,0.0,0.04,0.0
6,3,3,2,False,5.824830711594584,0.35825877527182115,2,qEHVI,0.34,0.32,0.32,0.0,0.0,0.0,0.0,0.0,0.0,0.0,0.0,0.02,0.0,0.0,0.0
6,3,3,2,False,5.824830711594584,0.35825877527182115,3,qUCB,0.12,0.48,0.3,0.04,0.04,0.0,0.0,0.0,0.0,0.0,0.0,0.0,0.0,0.02,0.0
6,3,3,2,False,5.824830711594584,0.35825877527182115,4,qUCB,0.02,0.64,0.24,0.04,0.0,0.0,0.0,0.0,0.04,0.0,0.0,0.0,0.0,0.0,0.02
6,4,2,3,False,4.8920590737899605,0.259316048123452,0,qEHVI,0.62,0.3,0.0,0.0,0.0,0.0,0.0,0.0,0.0,0.0,0.0,0.04,0.0,0.0,0.04
6,4,2,3,False,4.8920590737899605,0.259316048123452,1,qEHVI,0.36,0.1,0.44,0.0,0.02,0.0,0.0,0.0,0.0,0.0,0.0,0.04,0.0,0.04,0.0
6,4,2,3,False,4.8920590737899605,0.259316048123452,2,qUCB,0.16,0.54,0.22,0.04,0.0,0.0,0.0,0.0,0.04,0.0,0.0,0.0,0.0,0.0,0.0
6,4,2,3,False,4.8920590737899605,0.259316048123452,3,qUCB,0.08,0.48,0.34,0.04,0.04,0.0,0.0,0.0,0.0,0.0,0.0,0.0,0.0,0.0,0.02
6,4,2,3,False,4.8920590737899605,0.259316048123452,4,qUCB,0.36,0.54,0.0,0.04,0.0,0.0,0.0,0.0,0.04,0.0,0.0,0.0,0.0,0.02,0.0
6,5,1,4,False,4.2205476834094835,0.2818884917061055,0,qEHVI,0.62,0.3,0.0,0.0,0.0,0.0,0.0,0.0,0.0,0.0,0.0,0.04,0.0,0.0,0.04
6,5,1,4,False,4.2205476834094835,0.2818884917061055,1,qUCB,0.06,0.5,0.34,0.04,0.04,0.0,0.0,0.0,0.0,0.0,0.0,0.0,0.0,0.02,0.0
6,5,1,4,False,4.2205476834094835,0.2818884917061055,2,qUCB,0.02,0.64,0.24,0.04,0.02,0.0,0.0,0.0,0.04,0.0,0.0,0.0,0.0,0.0,0.0
6,5,1,4,False,4.2205476834094835,0.2818884917061055,3,qUCB,0.52,0.02,0.38,0.0,0.04,0.0,0.0,0.0,0.0,0.0,0.0,0.0,0.0,0.04,0.0
6,5,1,4,False,4.2205476834094835,0.2818884917061055,4,qUCB,0.2,0.52,0.18,0.0,0.02,0.0,0.0,0.0,0.04,0.0,0.0,0.0,0.0,0.04,0.0
6,6,0,5,False,4.143396231328687,0.25496894326009567,0,qUCB,0.62,0.3,0.0,0.0,0.0,0.0,0.0,0.0,0.0,0.0,0.0,0.04,0.0,0.0,0.04
6,6,0,5,False,4.143396231328687,0.25496894326009567,1,qUCB,0.06,0.54,0.32,0.04,0.0,0.0,0.0,0.0,0.0,0.0,0.0,0.0,0.0,0.04,0.0
6,6,0,5,False,4.143396231328687,0.25496894326009567,2,qUCB,0.0,0.62,0.28,0.0,0.0,0.0,0.0,0.0,0.04,0.0,0.0,0.04,0.0,0.02,0.0
6,6,0,5,False,4.143396231328687,0.25496894326009567,3,qUCB,0.04,0.58,0.3,0.04,0.0,0.0,0.0,0.0,0.0,0.0,0.0,0.04,0.0,0.0,0.0
6,6,0,5,False,4.143396231328687,0.25496894326009567,4,qUCB,0.0,0.52,0.38,0.04,0.0,0.0,0.0,0.0,0.0,0.0,0.0,0.0,0.0,0.02,0.04
7,1,5,0,True,5.220143436210403,0.26288245488703854,0,qEHVI,0.32,0.16,0.42,0.0,0.0,0.0,0.0,0.0,0.0,0.0,0.0,0.04,0.0,0.02,0.04
7,1,5,0,True,5.220143436210403,0.26288245488703854,1,qEHVI,0.2,0.28,0.44,0.0,0.0,0.0,0.0,0.0,0.0,0.0,0.0,0.04,0.0,0.02,0.02
7,1,5,0,True,5.220143436210403,0.26288245488703854,2,qEHVI,0.34,0.5,0.06,0.0,0.0,0.0,0.0,0.0,0.04,0.0,0.0,0.04,0.0,0.0,0.02
7,1,5,0,True,5.220143436210403,0.26288245488703854,3,qEHVI,0.56,0.02,0.38,0.0,0.0,0.0,0.0,0.0,0.0,0.0,0.0,0.02,0.0,0.02,0.0
7,1,5,0,True,5.220143436210403,0.26288245488703854,4,qEHVI,0.3,0.18,0.42,0.0,0.0,0.0,0.0,0.0,0.04,0.0,0.0,0.04,0.0,0.0,0.02
7,2,4,1,False,4.877469742744524,0.4004049738284392,0,qEHVI,0.32,0.16,0.42,0.0,0.0,0.0,0.0,0.0,0.0,0.0,0.0,0.04,0.0,0.02,0.04
7,2,4,1,False,4.877469742744524,0.4004049738284392,1,qEHVI,0.2,0.28,0.44,0.0,0.0,0.0,0.0,0.0,0.0,0.0,0.0,0.04,0.0,0.02,0.02
7,2,4,1,False,4.877469742744524,0.4004049738284392,2,qEHVI,0.34,0.5,0.06,0.0,0.0,0.0,0.0,0.0,0.04,0.0,0.0,0.04,0.0,0.0,0.02
7,2,4,1,False,4.877469742744524,0.4004049738284392,3,qEHVI,0.3,0.18,0.42,0.0,0.0,0.0,0.0,0.0,0.04,0.0,0.0,0.04,0.0,0.0,0.02
7,2,4,1,False,4.877469742744524,0.4004049738284392,4,qUCB,0.54,0.0,0.36,0.04,0.04,0.0,0.0,0.0,0.0,0.0,0.0,0.0,0.0,0.02,0.0
7,3,3,2,False,4.173700069430165,0.38538665203610734,0,qEHVI,0.32,0.16,0.42,0.0,0.0,0.0,0.0,0.0,0.0,0.0,0.0,0.04,0.0,0.02,0.04
7,3,3,2,False,4.173700069430165,0.38538665203610734,1,qEHVI,0.2,0.28,0.44,0.0,0.0,0.0,0.0,0.0,0.0,0.0,0.0,0.04,0.0,0.02,0.02
7,3,3,2,False,4.173700069430165,0.38538665203610734,2,qEHVI,0.34,0.5,0.06,0.0,0.0,0.0,0.0,0.0,0.04,0.0,0.0,0.04,0.0,0.0,0.02
7,3,3,2,False,4.173700069430165,0.38538665203610734,3,qUCB,0.54,0.0,0.36,0.04,0.04,0.0,0.0,0.0,0.0,0.0,0.0,0.0,0.0,0.02,0.0
7,3,3,2,False,4.173700069430165,0.38538665203610734,4,qUCB,0.78,0.02,0.1,0.04,0.04,0.0,0.0,0.0,0.02,0.0,0.0,0.0,0.0,0.0,0.0
7,4,2,3,False,3.8851235923517433,0.12980307552865966,0,qEHVI,0.32,0.16,0.42,0.0,0.0,0.0,0.0,0.0,0.0,0.0,0.0,0.04,0.0,0.02,0.04
7,4,2,3,False,3.8851235923517433,0.12980307552865966,1,qEHVI,0.2,0.28,0.44,0.0,0.0,0.0,0.0,0.0,0.0,0.0,0.0,0.04,0.0,0.02,0.02
7,4,2,3,False,3.8851235923517433,0.12980307552865966,2,qUCB,0.46,0.36,0.1,0.0,0.04,0.0,0.0,0.0,0.04,0.0,0.0,0.0,0.0,0.0,0.0
7,4,2,3,False,3.8851235923517433,0.12980307552865966,3,qUCB,0.76,0.06,0.08,0.04,0.02,0.0,0.0,0.0,0.04,0.0,0.0,0.0,0.0,0.0,0.0
7,4,2,3,False,3.8851235923517433,0.12980307552865966,4,qUCB,0.4,0.46,0.04,0.04,0.02,0.0,0.0,0.0,0.04,0.0,0.0,0.0,0.0,0.0,0.0
7,5,1,4,False,2.7653525355729784,0.15970015023081352,0,qEHVI,0.32,0.16,0.42,0.0,0.0,0.0,0.0,0.0,0.0,0.0,0.0,0.04,0.0,0.02,0.04
7,5,1,4,False,2.7653525355729784,0.15970015023081352,1,qUCB,0.46,0.36,0.1,0.0,0.04,0.0,0.0,0.0,0.04,0.0,0.0,0.0,0.0,0.0,0.0
7,5,1,4,False,2.7653525355729784,0.15970015023081352,2,qUCB,0.4,0.46,0.04,0.04,0.02,0.0,0.0,0.0,0.04,0.0,0.0,0.0,0.0,0.0,0.0
7,5,1,4,False,2.7653525355729784,0.15970015023081352,3,qUCB,0.76,0.06,0.08,0.04,0.02,0.0,0.0,0.0,0.04,0.0,0.0,0.0,0.0,0.0,0.0
7,5,1,4,False,2.7653525355729784,0.15970015023081352,4,qUCB,0.24,0.56,0.12,0.04,0.0,0.0,0.0,0.0,0.04,0.0,0.0,0.0,0.0,0.0,0.0
7,6,0,5,False,3.381976766967264,0.23578606152910098,0,qUCB,0.34,0.5,0.06,0.0,0.0,0.0,0.0,0.0,0.04,0.0,0.0,0.04,0.0,0.0,0.02
7,6,0,5,False,3.381976766967264,0.23578606152910098,1,qUCB,0.3,0.18,0.42,0.0,0.0,0.0,0.0,0.0,0.04,0.0,0.0,0.04,0.0,0.0,0.02
7,6,0,5,False,3.381976766967264,0.23578606152910098,2,qUCB,0.48,0.3,0.12,0.0,0.0,0.0,0.0,0.0,0.04,0.0,0.0,0.02,0.0,0.0,0.04
7,6,0,5,False,3.381976766967264,0.23578606152910098,3,qUCB,0.14,0.62,0.16,0.0,0.0,0.0,0.0,0.0,0.04,0.0,0.0,0.04,0.0,0.0,0.0
7,6,0,5,False,3.381976766967264,0.23578606152910098,4,qUCB,0.06,0.7000000000000001,0.16,0.04,0.0,0.0,0.0,0.0,0.0,0.0,0.0,0.04,0.0,0.0,0.0
8,1,5,0,False,9.134022974708007,0.3455064452588914,0,qEHVI,0.38,0.16,0.36,0.02,0.0,0.0,0.0,0.0,0.0,0.0,0.0,0.04,0.0,0.04,0.0
8,1,5,0,False,9.134022974708007,0.3455064452588914,1,qEHVI,0.36,0.3,0.26,0.04,0.0,0.0,0.0,0.0,0.0,0.0,0.0,0.04,0.0,0.0,0.0
8,1,5,0,False,9.134022974708007,0.3455064452588914,2,qEHVI,0.0,0.3,0.64,0.02,0.0,0.0,0.0,0.0,0.04,0.0,0.0,0.0,0.0,0.0,0.0
8,1,5,0,False,9.134022974708007,0.3455064452588914,3,qEHVI,0.46,0.04,0.4,0.0,0.04,0.0,0.0,0.0,0.0,0.0,0.0,0.02,0.0,0.04,0.0
8,1,5,0,False,9.134022974708007,0.3455064452588914,4,qEHVI,0.34,0.18,0.38,0.04,0.04,0.0,0.0,0.0,0.0,0.0,0.0,0.02,0.0,0.0,0.0
8,2,4,1,False,8.5528712852081,0.28074740680840016,0,qEHVI,0.38,0.16,0.36,0.02,0.0,0.0,0.0,0.0,0.0,0.0,0.0,0.04,0.0,0.04,0.0
8,2,4,1,False,8.5528712852081,0.28074740680840016,1,qEHVI,0.36,0.3,0.26,0.04,0.0,0.0,0.0,0.0,0.0,0.0,0.0,0.04,0.0,0.0,0.0
8,2,4,1,False,8.5528712852081,0.28074740680840016,2,qEHVI,0.0,0.3,0.64,0.02,0.0,0.0,0.0,0.0,0.04,0.0,0.0,0.0,0.0,0.0,0.0
8,2,4,1,False,8.5528712852081,0.28074740680840016,3,qEHVI,0.46,0.04,0.4,0.0,0.04,0.0,0.0,0.0,0.0,0.0,0.0,0.02,0.0,0.04,0.0
8,2,4,1,False,8.5528712852081,0.28074740680840016,4,qUCB,0.78,0.14,0.0,0.02,0.02,0.0,0.0,0.0,0.0,0.0,0.0,0.0,0.0,0.0,0.04
8,3,3,2,True,7.604497490713015,0.34230049322973244,0,qEHVI,0.38,0.16,0.36,0.02,0.0,0.0,0.0,0.0,0.0,0.0,0.0,0.04,0.0,0.04,0.0
8,3,3,2,True,7.604497490713015,0.34230049322973244,1,qEHVI,0.36,0.3,0.26,0.04,0.0,0.0,0.0,0.0,0.0,0.0,0.0,0.04,0.0,0.0,0.0
8,3,3,2,True,7.604497490713015,0.34230049322973244,2,qEHVI,0.0,0.3,0.64,0.02,0.0,0.0,0.0,0.0,0.04,0.0,0.0,0.0,0.0,0.0,0.0
8,3,3,2,True,7.604497490713015,0.34230049322973244,3,qUCB,0.74,0.16,0.0,0.0,0.04,0.0,0.0,0.0,0.0,0.0,0.0,0.02,0.0,0.0,0.04
8,3,3,2,True,7.604497490713015,0.34230049322973244,4,qUCB,0.6,0.22,0.1,0.0,0.04,0.0,0.0,0.0,0.0,0.0,0.0,0.0,0.0,0.0,0.04
8,4,2,3,False,6.832470942077496,0.14104725502871673,0,qEHVI,0.38,0.16,0.36,0.02,0.0,0.0,0.0,0.0,0.0,0.0,0.0,0.04,0.0,0.04,0.0
8,4,2,3,False,6.832470942077496,0.14104725502871673,1,qEHVI,0.36,0.3,0.26,0.04,0.0,0.0,0.0,0.0,0.0,0.0,0.0,0.04,0.0,0.0,0.0
8,4,2,3,False,6.832470942077496,0.14104725502871673,2,qUCB,0.84,0.06,0.0,0.0,0.04,0.0,0.0,0.0,0.04,0.0,0.0,0.0,0.0,0.0,0.02
8,4,2,3,False,6.832470942077496,0.14104725502871673,3,qUCB,0.0,0.18,0.72,0.0,0.04,0.0,0.0,0.0,0.02,0.0,0.0,0.0,0.0,0.0,0.04
8,4,2,3,False,6.832470942077496,0.14104725502871673,4,qUCB,0.0,0.62,0.28,0.0,0.04,0.0,0.0,0.0,0.04,0.0,0.0,0.0,0.0,0.02,0.0
8,5,1,4,False,6.406130843227864,0.22944165124261318,0,qEHVI,0.38,0.16,0.36,0.02,0.0,0.0,0.0,0.0,0.0,0.0,0.0,0.04,0.0,0.04,0.0
8,5,1,4,False,6.406130843227864,0.22944165124261318,1,qUCB,0.76,0.12,0.02,0.02,0.04,0.0,0.0,0.0,0.04,0.0,0.0,0.0,0.0,0.0,0.0
8,5,1,4,False,6.406130843227864,0.22944165124261318,2,qUCB,0.0,0.3,0.62,0.04,0.04,0.0,0.0,0.0,0.0,0.0,0.0,0.0,0.0,0.0,0.0
8,5,1,4,False,6.406130843227864,0.22944165124261318,3,qUCB,0.44,0.48,0.0,0.04,0.0,0.0,0.0,0.0,0.04,0.0,0.0,0.0,0.0,0.0,0.0
8,5,1,4,False,6.406130843227864,0.22944165124261318,4,qUCB,0.0,0.72,0.2,0.0,0.04,0.0,0.0,0.0,0.04,0.0,0.0,0.0,0.0,0.0,0.0
8,6,0,5,False,6.462186083200392,0.36255757660169863,0,qUCB,0.38,0.16,0.36,0.04,0.0,0.0,0.0,0.0,0.02,0.0,0.0,0.02,0.0,0.02,0.0
8,6,0,5,False,6.462186083200392,0.36255757660169863,1,qUCB,0.0,0.3,0.62,0.04,0.04,0.0,0.0,0.0,0.0,0.0,0.0,0.0,0.0,0.0,0.0
8,6,0,5,False,6.462186083200392,0.36255757660169863,2,qUCB,0.76,0.18,0.0,0.04,0.0,0.0,0.0,0.0,0.0,0.0,0.0,0.0,0.0,0.0,0.02
8,6,0,5,False,6.462186083200392,0.36255757660169863,3,qUCB,0.44,0.48,0.0,0.04,0.0,0.0,0.0,0.0,0.04,0.0,0.0,0.0,0.0,0.0,0.0
8,6,0,5,False,6.462186083200392,0.36255757660169863,4,qUCB,0.0,0.56,0.34,0.0,0.04,0.0,0.0,0.0,0.04,0.0,0.0,0.02,0.0,0.0,0.0
9,1,5,0,False,8.111324388275122,0.43479666863202526,0,qEHVI,0.38,0.16,0.36,0.02,0.0,0.0,0.0,0.0,0.02,0.0,0.0,0.04,0.0,0.0,0.02
9,1,5,0,False,8.111324388275122,0.43479666863202526,1,qEHVI,0.38,0.12,0.4,0.02,0.04,0.0,0.0,0.0,0.0,0.0,0.0,0.04,0.0,0.0,0.0
9,1,5,0,False,8.111324388275122,0.43479666863202526,2,qEHVI,0.5,0.34,0.06,0.0,0.0,0.0,0.0,0.0,0.02,0.0,0.0,0.04,0.0,0.0,0.04
9,1,5,0,False,8.111324388275122,0.43479666863202526,3,qEHVI,0.46,0.06,0.38,0.0,0.02,0.0,0.0,0.0,0.0,0.0,0.0,0.02,0.0,0.04,0.02
9,1,5,0,False,8.111324388275122,0.43479666863202526,4,qEHVI,0.36,0.18,0.36,0.02,0.04,0.0,0.0,0.0,0.0,0.0,0.0,0.04,0.0,0.0,0.0
9,2,4,1,False,7.686772854520587,0.21972290148400564,0,qEHVI,0.38,0.16,0.36,0.02,0.0,0.0,0.0,0.0,0.02,0.0,0.0,0.04,0.0,0.0,0.02
9,2,4,1,False,7.686772854520587,0.21972290148400564,1,qEHVI,0.38,0.12,0.4,0.02,0.04,0.0,0.0,0.0,0.0,0.0,0.0,0.04,0.0,0.0,0.0
9,2,4,1,False,7.686772854520587,0.21972290148400564,2,qEHVI,0.5,0.34,0.06,0.0,0.0,0.0,0.0,0.0,0.02,0.0,0.0,0.04,0.0,0.0,0.04
9,2,4,1,False,7.686772854520587,0.21972290148400564,3,qEHVI,0.46,0.06,0.38,0.0,0.02,0.0,0.0,0.0,0.0,0.0,0.0,0.02,0.0,0.04,0.02
9,2,4,1,False,7.686772854520587,0.21972290148400564,4,qUCB,0.34,0.1,0.46,0.0,0.04,0.0,0.0,0.0,0.04,0.0,0.0,0.0,0.0,0.0,0.02
9,3,3,2,True,6.897017955450043,0.46752536601011485,0,qEHVI,0.38,0.16,0.36,0.02,0.0,0.0,0.0,0.0,0.02,0.0,0.0,0.04,0.0,0.0,0.02
9,3,3,2,True,6.897017955450043,0.46752536601011485,1,qEHVI,0.38,0.12,0.4,0.02,0.04,0.0,0.0,0.0,0.0,0.0,0.0,0.04,0.0,0.0,0.0
9,3,3,2,True,6.897017955450043,0.46752536601011485,2,qEHVI,0.5,0.34,0.06,0.0,0.0,0.0,0.0,0.0,0.02,0.0,0.0,0.04,0.0,0.0,0.04
9,3,3,2,True,6.897017955450043,0.46752536601011485,3,qUCB,0.54,0.38,0.0,0.0,0.0,0.0,0.0,0.0,0.04,0.0,0.0,0.0,0.0,0.04,0.0
9,3,3,2,True,6.897017955450043,0.46752536601011485,4,qUCB,0.0,0.7000000000000001,0.22,0.0,0.02,0.0,0.0,0.0,0.02,0.0,0.0,0.0,0.0,0.04,0.0
9,4,2,3,False,5.508775156628732,0.5109904646635819,0,qEHVI,0.38,0.16,0.36,0.02,0.0,0.0,0.0,0.0,0.02,0.0,0.0,0.04,0.0,0.0,0.02
9,4,2,3,False,5.508775156628732,0.5109904646635819,1,qEHVI,0.38,0.12,0.4,0.02,0.04,0.0,0.0,0.0,0.0,0.0,0.0,0.04,0.0,0.0,0.0
9,4,2,3,False,5.508775156628732,0.5109904646635819,2,qUCB,0.54,0.38,0.0,0.0,0.0,0.0,0.0,0.0,0.04,0.0,0.0,0.0,0.0,0.04,0.0
9,4,2,3,False,5.508775156628732,0.5109904646635819,3,qUCB,0.0,0.7000000000000001,0.22,0.0,0.02,0.0,0.0,0.0,0.02,0.0,0.0,0.0,0.0,0.04,0.0
9,4,2,3,False,5.508775156628732,0.5109904646635819,4,qUCB,0.2,0.58,0.16,0.02,0.0,0.0,0.0,0.0,0.0,0.0,0.0,0.0,0.0,0.04,0.0
9,5,1,4,False,4.740495490723628,0.11405127583666541,0,qEHVI,0.38,0.16,0.36,0.02,0.0,0.0,0.0,0.0,0.02,0.0,0.0,0.04,0.0,0.0,0.02
9,5,1,4,False,4.740495490723628,0.11405127583666541,1,qUCB,0.6,0.02,0.3,0.0,0.04,0.0,0.0,0.0,0.0,0.0,0.0,0.0,0.0,0.04,0.0
9,5,1,4,False,4.740495490723628,0.11405127583666541,2,qUCB,0.24,0.54,0.14,0.0,0.04,0.0,0.0,0.0,0.0,0.0,0.0,0.0,0.0,0.04,0.0
9,5,1,4,False,4.740495490723628,0.11405127583666541,3,qUCB,0.0,0.7000000000000001,0.22,0.0,0.02,0.0,0.0,0.0,0.02,0.0,0.0,0.0,0.0,0.04,0.0
9,5,1,4,False,4.740495490723628,0.11405127583666541,4,qUCB,0.54,0.38,0.0,0.0,0.0,0.0,0.0,0.0,0.04,0.0,0.0,0.0,0.0,0.04,0.0
9,6,0,5,False,3.2243607975209003,0.31289440442778016,0,qUCB,0.5,0.34,0.06,0.0,0.0,0.0,0.0,0.0,0.02,0.0,0.0,0.04,0.0,0.0,0.04
9,6,0,5,False,3.2243607975209003,0.31289440442778016,1,qUCB,0.0,0.7000000000000001,0.2,0.04,0.0,0.0,0.0,0.0,0.04,0.0,0.0,0.02,0.0,0.0,0.0
9,6,0,5,False,3.2243607975209003,0.31289440442778016,2,qUCB,0.22,0.0,0.76,0.0,0.0,0.0,0.0,0.0,0.0,0.0,0.0,0.0,0.0,0.02,0.0
9,6,0,5,False,3.2243607975209003,0.31289440442778016,3,qUCB,0.16,0.56,0.18,0.04,0.0,0.0,0.0,0.0,0.0,0.0,0.0,0.0,0.0,0.04,0.02
9,6,0,5,False,3.2243607975209003,0.31289440442778016,4,qUCB,0.48,0.42,0.0,0.04,0.0,0.0,0.0,0.0,0.04,0.0,0.0,0.0,0.0,0.0,0.02
10,1,5,0,False,10.631831564067214,0.16565420269612652,0,qEHVI,0.34,0.12,0.44,0.04,0.0,0.0,0.0,0.0,0.04,0.0,0.0,0.0,0.0,0.0,0.02
10,1,5,0,False,10.631831564067214,0.16565420269612652,1,qEHVI,0.44,0.04,0.42,0.0,0.0,0.0,0.0,0.0,0.04,0.0,0.0,0.04,0.0,0.0,0.02
10,1,5,0,False,10.631831564067214,0.16565420269612652,2,qEHVI,0.44,0.08,0.4,0.04,0.0,0.0,0.0,0.0,0.0,0.0,0.0,0.04,0.0,0.0,0.0
10,1,5,0,False,10.631831564067214,0.16565420269612652,3,qEHVI,0.0,0.36,0.6,0.0,0.0,0.0,0.0,0.0,0.0,0.0,0.0,0.0,0.0,0.02,0.02
10,1,5,0,False,10.631831564067214,0.16565420269612652,4,qEHVI,0.42,0.38,0.12,0.0,0.04,0.0,0.0,0.0,0.0,0.0,0.0,0.04,0.0,0.0,0.0
10,2,4,1,False,10.059013027548534,0.07877561600443439,0,qEHVI,0.34,0.12,0.44,0.04,0.0,0.0,0.0,0.0,0.04,0.0,0.0,0.0,0.0,0.0,0.02
10,2,4,1,False,10.059013027548534,0.07877561600443439,1,qEHVI,0.44,0.04,0.42,0.0,0.0,0.0,0.0,0.0,0.04,0.0,0.0,0.04,0.0,0.0,0.02
10,2,4,1,False,10.059013027548534,0.07877561600443439,2,qEHVI,0.44,0.08,0.4,0.04,0.0,0.0,0.0,0.0,0.0,0.0,0.0,0.04,0.0,0.0,0.0
10,2,4,1,False,10.059013027548534,0.07877561600443439,3,qEHVI,0.0,0.36,0.6,0.0,0.0,0.0,0.0,0.0,0.0,0.0,0.0,0.0,0.0,0.02,0.02
10,2,4,1,False,10.059013027548534,0.07877561600443439,4,qUCB,0.42,0.08,0.4,0.04,0.02,0.0,0.0,0.0,0.0,0.0,0.0,0.0,0.0,0.04,0.0
10,3,3,2,False,9.688477326930586,0.08718835694190119,0,qEHVI,0.34,0.12,0.44,0.04,0.0,0.0,0.0,0.0,0.04,0.0,0.0,0.0,0.0,0.0,0.02
10,3,3,2,False,9.688477326930586,0.08718835694190119,1,qEHVI,0.44,0.04,0.42,0.0,0.0,0.0,0.0,0.0,0.04,0.0,0.0,0.04,0.0,0.0,0.02
10,3,3,2,False,9.688477326930586,0.08718835694190119,2,qEHVI,0.44,0.08,0.4,0.04,0.0,0.0,0.0,0.0,0.0,0.0,0.0,0.04,0.0,0.0,0.0
10,3,3,2,False,9.688477326930586,0.08718835694190119,3,qUCB,0.34,0.42,0.16,0.0,0.04,0.0,0.0,0.0,0.0,0.0,0.0,0.0,0.0,0.04,0.0
10,3,3,2,False,9.688477326930586,0.08718835694190119,4,qUCB,0.18,0.0,0.72,0.0,0.02,0.0,0.0,0.0,0.0,0.0,0.0,0.0,0.0,0.04,0.04
10,4,2,3,True,8.724227718474665,0.3773851719892818,0,qEHVI,0.34,0.12,0.44,0.04,0.0,0.0,0.0,0.0,0.04,0.0,0.0,0.0,0.0,0.0,0.02
10,4,2,3,True,8.724227718474665,0.3773851719892818,1,qEHVI,0.44,0.04,0.42,0.0,0.0,0.0,0.0,0.0,0.04,0.0,0.0,0.04,0.0,0.0,0.02
10,4,2,3,True,8.724227718474665,0.3773851719892818,2,qUCB,0.34,0.42,0.16,0.0,0.04,0.0,0.0,0.0,0.0,0.0,0.0,0.0,0.0,0.04,0.0
10,4,2,3,True,8.724227718474665,0.3773851719892818,3,qUCB,0.12,0.64,0.14,0.04,0.02,0.0,0.0,0.0,0.0,0.0,0.0,0.04,0.0,0.0,0.0
10,4,2,3,True,8.724227718474665,0.3773851719892818,4,qUCB,0.18,0.0,0.72,0.0,0.02,0.0,0.0,0.0,0.0,0.0,0.0,0.0,0.0,0.04,0.04
10,5,1,4,False,7.479154816798786,0.34954458050135706,0,qEHVI,0.34,0.12,0.44,0.04,0.0,0.0,0.0,0.0,0.04,0.0,0.0,0.0,0.0,0.0,0.02
10,5,1,4,False,7.479154816798786,0.34954458050135706,1,qUCB,0.34,0.42,0.16,0.0,0.04,0.0,0.0,0.0,0.0,0.0,0.0,0.0,0.0,0.04,0.0
10,5,1,4,False,7.479154816798786,0.34954458050135706,2,qUCB,0.22,0.0,0.68,0.0,0.04,0.0,0.0,0.0,0.0,0.0,0.0,0.04,0.0,0.02,0.0
10,5,1,4,False,7.479154816798786,0.34954458050135706,3,qUCB,0.16,0.62,0.12,0.0,0.04,0.0,0.0,0.0,0.0,0.0,0.0,0.04,0.0,0.02,0.0
10,5,1,4,False,7.479154816798786,0.34954458050135706,4,qUCB,0.42,0.32,0.18,0.0,0.0,0.0,0.0,0.0,0.0,0.0,0.0,0.04,0.0,0.04,0.0
10,6,0,5,False,6.7903751475318455,0.4362376402744186,0,qUCB,0.34,0.12,0.44,0.04,0.0,0.0,0.0,0.0,0.04,0.0,0.0,0.0,0.0,0.0,0.02
10,6,0,5,False,6.7903751475318455,0.4362376402744186,1,qUCB,0.12,0.64,0.14,0.04,0.02,0.0,0.0,0.0,0.0,0.0,0.0,0.04,0.0,0.0,0.0
10,6,0,5,False,6.7903751475318455,0.4362376402744186,2,qUCB,0.22,0.0,0.68,0.0,0.04,0.0,0.0,0.0,0.0,0.0,0.0,0.04,0.0,0.02,0.0
10,6,0,5,False,6.7903751475318455,0.4362376402744186,3,qUCB,0.2,0.0,0.7000000000000001,0.04,0.04,0.0,0.0,0.0,0.0,0.0,0.0,0.0,0.0,0.02,0.0
10,6,0,5,False,6.7903751475318455,0.4362376402744186,4,qUCB,0.2,0.0,0.7000000000000001,0.0,0.02,0.0,0.0,0.0,0.0,0.0,0.0,0.02,0.0,0.04,0.02
11,1,5,0,True,5.384613362542144,0.09204410920521688,0,qEHVI,0.0,0.3,0.62,0.0,0.0,0.0,0.0,0.0,0.0,0.0,0.0,0.04,0.0,0.0,0.04
11,1,5,0,True,5.384613362542144,0.09204410920521688,1,qEHVI,0.42,0.12,0.4,0.04,0.0,0.0,0.0,0.0,0.0,0.0,0.0,0.0,0.0,0.0,0.02
11,1,5,0,True,5.384613362542144,0.09204410920521688,2,qEHVI,0.58,0.22,0.1,0.0,0.02,0.0,0.0,0.0,0.0,0.0,0.0,0.04,0.0,0.0,0.04
11,1,5,0,True,5.384613362542144,0.09204410920521688,3,qEHVI,0.42,0.06,0.42,0.02,0.0,0.0,0.0,0.0,0.0,0.0,0.0,0.04,0.0,0.0,0.04
11,1,5,0,True,5.384613362542144,0.09204410920521688,4,qEHVI,0.0,0.32,0.58,0.0,0.04,0.0,0.0,0.0,0.04,0.0,0.0,0.02,0.0,0.0,0.0
11,2,4,1,False,4.949968034721755,0.1415579485336158,0,qEHVI,0.0,0.3,0.62,0.0,0.0,0.0,0.0,0.0,0.0,0.0,0.0,0.04,0.0,0.0,0.04
11,2,4,1,False,4.949968034721755,0.1415579485336158,1,qEHVI,0.42,0.12,0.4,0.04,0.0,0.0,0.0,0.0,0.0,0.0,0.0,0.0,0.0,0.0,0.02
11,2,4,1,False,4.949968034721755,0.1415579485336158,2,qEHVI,0.58,0.22,0.1,0.0,0.02,0.0,0.0,0.0,0.0,0.0,0.0,0.04,0.0,0.0,0.04
11,2,4,1,False,4.949968034721755,0.1415579485336158,3,qEHVI,0.42,0.06,0.42,0.02,0.0,0.0,0.0,0.0,0.0,0.0,0.0,0.04,0.0,0.0,0.04
11,2,4,1,False,4.949968034721755,0.1415579485336158,4,qUCB,0.4,0.08,0.42,0.0,0.02,0.0,0.0,0.0,0.04,0.0,0.0,0.0,0.0,0.04,0.0
11,3,3,2,False,4.482884969732431,0.1814005774577172,0,qEHVI,0.0,0.3,0.62,0.0,0.0,0.0,0.0,0.0,0.0,0.0,0.0,0.04,0.0,0.0,0.04
11,3,3,2,False,4.482884969732431,0.1814005774577172,1,qEHVI,0.42,0.12,0.4,0.04,0.0,0.0,0.0,0.0,0.0,0.0,0.0,0.0,0.0,0.0,0.02
11,3,3,2,False,4.482884969732431,0.1814005774577172,2,qEHVI,0.58,0.22,0.1,0.0,0.02,0.0,0.0,0.0,0.0,0.0,0.0,0.04,0.0,0.0,0.04
11,3,3,2,False,4.482884969732431,0.1814005774577172,3,qUCB,0.4,0.08,0.42,0.0,0.02,0.0,0.0,0.0,0.04,0.0,0.0,0.0,0.0,0.04,0.0
11,3,3,2,False,4.482884969732431,0.1814005774577172,4,qUCB,0.46,0.3,0.14,0.0,0.0,0.0,0.0,0.0,0.04,0.0,0.0,0.0,0.0,0.04,0.02
11,4,2,3,False,4.174222927938021,0.13413315985951968,0,qEHVI,0.0,0.3,0.62,0.0,0.0,0.0,0.0,0.0,0.0,0.0,0.0,0.04,0.0,0.0,0.04
11,4,2,3,False,4.174222927938021,0.13413315985951968,1,qEHVI,0.42,0.12,0.4,0.04,0.0,0.0,0.0,0.0,0.0,0.0,0.0,0.0,0.0,0.0,0.02
11,4,2,3,False,4.174222927938021,0.13413315985951968,2,qUCB,0.58,0.22,0.1,0.0,0.04,0.0,0.0,0.0,0.02,0.0,0.0,0.04,0.0,0.0,0.0
11,4,2,3,False,4.174222927938021,0.13413315985951968,3,qUCB,0.4,0.08,0.42,0.0,0.02,0.0,0.0,0.0,0.04,0.0,0.0,0.0,0.0,0.04,0.0
11,4,2,3,False,4.174222927938021,0.13413315985951968,4,qUCB,0.02,0.9400000000000001,0.0,0.0,0.02,0.0,0.0,0.0,0.02,0.0,0.0,0.0,0.0,0.0,0.0
11,5,1,4,False,2.294188142013809,0.14805073690317094,0,qEHVI,0.0,0.3,0.62,0.0,0.0,0.0,0.0,0.0,0.0,0.0,0.0,0.04,0.0,0.0,0.04
11,5,1,4,False,2.294188142013809,0.14805073690317094,1,qUCB,0.84,0.0,0.06,0.04,0.0,0.0,0.0,0.0,0.04,0.0,0.0,0.0,0.0,0.02,0.0
11,5,1,4,False,2.294188142013809,0.14805073690317094,2,qUCB,0.18,0.48,0.24,0.04,0.04,0.0,0.0,0.0,0.02,0.0,0.0,0.0,0.0,0.0,0.0
11,5,1,4,False,2.294188142013809,0.14805073690317094,3,qUCB,0.56,0.2,0.14,0.04,0.04,0.0,0.0,0.0,0.02,0.0,0.0,0.0,0.0,0.0,0.0
11,5,1,4,False,2.294188142013809,0.14805073690317094,4,qUCB,0.36,0.44,0.1,0.04,0.04,0.0,0.0,0.0,0.0,0.0,0.0,0.0,0.0,0.02,0.0
11,6,0,5,False,3.0006945248417694,0.15569890859550206,0,qUCB,0.64,0.2,0.12,0.0,0.0,0.0,0.0,0.0,0.0,0.0,0.0,0.04,0.0,0.0,0.0
11,6,0,5,False,3.0006945248417694,0.15569890859550206,1,qUCB,0.18,0.48,0.24,0.04,0.04,0.0,0.0,0.0,0.02,0.0,0.0,0.0,0.0,0.0,0.0
11,6,0,5,False,3.0006945248417694,0.15569890859550206,2,qUCB,0.42,0.32,0.16,0.0,0.0,0.0,0.0,0.0,0.04,0.0,0.0,0.04,0.0,0.0,0.02
11,6,0,5,False,3.0006945248417694,0.15569890859550206,3,qUCB,0.06,0.24,0.6,0.0,0.04,0.0,0.0,0.0,0.0,0.0,0.0,0.04,0.0,0.0,0.02
11,6,0,5,False,3.0006945248417694,0.15569890859550206,4,qUCB,0.8200000000000001,0.02,0.08,0.04,0.0,0.0,0.0,0.0,0.04,0.0,0.0,0.0,0.0,0.0,0.0
12,1,5,0,False,3.7268460799601675,0.2901931249629093,0,qEHVI,0.3,0.16,0.44,0.04,0.0,0.0,0.0,0.0,0.0,0.0,0.0,0.04,0.0,0.0,0.02
12,1,5,0,False,3.7268460799601675,0.2901931249629093,1,qEHVI,0.46,0.1,0.4,0.0,0.04,0.0,0.0,0.0,0.0,0.0,0.0,0.0,0.0,0.0,0.0
12,1,5,0,False,3.7268460799601675,0.2901931249629093,2,qEHVI,0.54,0.24,0.12,0.04,0.02,0.0,0.0,0.0,0.0,0.0,0.0,0.04,0.0,0.0,0.0
12,1,5,0,False,3.7268460799601675,0.2901931249629093,3,qEHVI,0.72,0.18,0.04,0.0,0.0,0.0,0.0,0.0,0.02,0.0,0.0,0.0,0.0,0.0,0.04
12,1,5,0,False,3.7268460799601675,0.2901931249629093,4,qEHVI,0.46,0.18,0.28,0.0,0.04,0.0,0.0,0.0,0.0,0.0,0.0,0.04,0.0,0.0,0.0
12,2,4,1,True,3.1741555655718585,0.1678458637619853,0,qEHVI,0.3,0.16,0.44,0.04,0.0,0.0,0.0,0.0,0.0,0.0,0.0,0.04,0.0,0.0,0.02
12,2,4,1,True,3.1741555655718585,0.1678458637619853,1,qEHVI,0.46,0.1,0.4,0.0,0.04,0.0,0.0,0.0,0.0,0.0,0.0,0.0,0.0,0.0,0.0
12,2,4,1,True,3.1741555655718585,0.1678458637619853,2,qEHVI,0.54,0.24,0.12,0.04,0.02,0.0,0.0,0.0,0.0,0.0,0.0,0.04,0.0,0.0,0.0
12,2,4,1,True,3.1741555655718585,0.1678458637619853,3,qEHVI,0.72,0.18,0.04,0.0,0.0,0.0,0.0,0.0,0.02,0.0,0.0,0.0,0.0,0.0,0.04
12,2,4,1,True,3.1741555655718585,0.1678458637619853,4,qUCB,0.24,0.44,0.22,0.02,0.0,0.0,0.0,0.0,0.04,0.0,0.0,0.0,0.0,0.04,0.0
12,3,3,2,False,3.1006539317167934,0.05028958837152242,0,qEHVI,0.3,0.16,0.44,0.04,0.0,0.0,0.0,0.0,0.0,0.0,0.0,0.04,0.0,0.0,0.02
12,3,3,2,False,3.1006539317167934,0.05028958837152242,1,qEHVI,0.46,0.1,0.4,0.0,0.04,0.0,0.0,0.0,0.0,0.0,0.0,0.0,0.0,0.0,0.0
12,3,3,2,False,3.1006539317167934,0.05028958837152242,2,qEHVI,0.54,0.24,0.12,0.04,0.02,0.0,0.0,0.0,0.0,0.0,0.0,0.04,0.0,0.0,0.0
12,3,3,2,False,3.1006539317167934,0.05028958837152242,3,qUCB,0.4,0.1,0.4,0.0,0.0,0.0,0.0,0.0,0.02,0.0,0.0,0.0,0.0,0.04,0.04
12,3,3,2,False,3.1006539317167934,0.05028958837152242,4,qUCB,0.0,0.9400000000000001,0.0,0.0,0.0,0.0,0.0,0.0,0.04,0.0,0.0,0.0,0.0,0.0,0.02
12,4,2,3,False,2.55319721441138,0.12544013202783333,0,qEHVI,0.3,0.16,0.44,0.04,0.0,0.0,0.0,0.0,0.0,0.0,0.0,0.04,0.0,0.0,0.02
12,4,2,3,False,2.55319721441138,0.12544013202783333,1,qEHVI,0.46,0.1,0.4,0.0,0.04,0.0,0.0,0.0,0.0,0.0,0.0,0.0,0.0,0.0,0.0
12,4,2,3,False,2.55319721441138,0.12544013202783333,2,qUCB,0.4,0.1,0.4,0.0,0.0,0.0,0.0,0.0,0.02,0.0,0.0,0.0,0.0,0.04,0.04
12,4,2,3,False,2.55319721441138,0.12544013202783333,3,qUCB,0.0,0.9400000000000001,0.0,0.0,0.0,0.0,0.0,0.0,0.04,0.0,0.0,0.0,0.0,0.0,0.02
12,4,2,3,False,2.55319721441138,0.12544013202783333,4,qUCB,0.24,0.44,0.22,0.02,0.0,0.0,0.0,0.0,0.04,0.0,0.0,0.0,0.0,0.04,0.0
12,5,1,4,False,2.4480552146982513,0.3051339001136828,0,qEHVI,0.3,0.16,0.44,0.04,0.0,0.0,0.0,0.0,0.0,0.0,0.0,0.04,0.0,0.0,0.02
12,5,1,4,False,2.4480552146982513,0.3051339001136828,1,qUCB,0.36,0.14,0.4,0.0,0.04,0.0,0.0,0.0,0.04,0.0,0.0,0.0,0.0,0.02,0.0
12,5,1,4,False,2.4480552146982513,0.3051339001136828,2,qUCB,0.0,0.9400000000000001,0.0,0.0,0.0,0.0,0.0,0.0,0.04,0.0,0.0,0.0,0.0,0.0,0.02
12,5,1,4,False,2.4480552146982513,0.3051339001136828,3,qUCB,0.5,0.28,0.14,0.0,0.0,0.0,0.0,0.0,0.04,0.0,0.0,0.0,0.0,0.04,0.0
12,5,1,4,False,2.4480552146982513,0.3051339001136828,4,qUCB,0.14,0.52,0.24,0.0,0.0,0.0,0.0,0.0,0.04,0.0,0.0,0.0,0.0,0.04,0.02
12,6,0,5,False,1.180770881352347,0.0789446952986026,0,qUCB,0.48,0.42,0.0,0.04,0.02,0.0,0.0,0.0,0.0,0.0,0.0,0.04,0.0,0.0,0.0
12,6,0,5,False,1.180770881352347,0.0789446952986026,1,qUCB,0.0,0.96,0.0,0.02,0.0,0.0,0.0,0.0,0.0,0.0,0.0,0.0,0.0,0.0,0.02
12,6,0,5,False,1.180770881352347,0.0789446952986026,2,qUCB,0.12,0.54,0.24,0.04,0.04,0.0,0.0,0.0,0.0,0.0,0.0,0.0,0.0,0.02,0.0
12,6,0,5,False,1.180770881352347,0.0789446952986026,3,qUCB,0.0,0.24,0.74,0.0,0.0,0.0,0.0,0.0,0.02,0.0,0.0,0.0,0.0,0.0,0.0
12,6,0,5,False,1.180770881352347,0.0789446952986026,4,qUCB,0.0,0.64,0.32,0.0,0.0,0.0,0.0,0.0,0.0,0.0,0.0,0.02,0.0,0.0,0.02
13,1,5,0,True,7.5817390533364115,0.803276133731714,0,qEHVI,0.34,0.2,0.38,0.04,0.04,0.0,0.0,0.0,0.0,0.0,0.0,0.0,0.0,0.0,0.0
13,1,5,0,True,7.5817390533364115,0.803276133731714,1,qEHVI,0.58,0.26,0.12,0.0,0.0,0.0,0.0,0.0,0.0,0.0,0.0,0.0,0.0,0.02,0.02
13,1,5,0,True,7.5817390533364115,0.803276133731714,2,qEHVI,0.48,0.0,0.42,0.04,0.04,0.0,0.0,0.0,0.0,0.0,0.0,0.0,0.0,0.02,0.0
13,1,5,0,True,7.5817390533364115,0.803276133731714,3,qEHVI,0.46,0.28,0.2,0.0,0.04,0.0,0.0,0.0,0.0,0.0,0.0,0.02,0.0,0.0,0.0
13,1,5,0,True,7.5817390533364115,0.803276133731714,4,qEHVI,0.52,0.0,0.38,0.0,0.04,0.0,0.0,0.0,0.0,0.0,0.0,0.02,0.0,0.04,0.0
13,2,4,1,False,7.035762859478778,0.2220137867555776,0,qEHVI,0.34,0.2,0.38,0.04,0.04,0.0,0.0,0.0,0.0,0.0,0.0,0.0,0.0,0.0,0.0
13,2,4,1,False,7.035762859478778,0.2220137867555776,1,qEHVI,0.58,0.26,0.12,0.0,0.0,0.0,0.0,0.0,0.0,0.0,0.0,0.0,0.0,0.02,0.02
13,2,4,1,False,7.035762859478778,0.2220137867555776,2,qEHVI,0.48,0.0,0.42,0.04,0.04,0.0,0.0,0.0,0.0,0.0,0.0,0.0,0.0,0.02,0.0
13,2,4,1,False,7.035762859478778,0.2220137867555776,3,qEHVI,0.46,0.28,0.2,0.0,0.04,0.0,0.0,0.0,0.0,0.0,0.0,0.02,0.0,0.0,0.0
13,2,4,1,False,7.035762859478778,0.2220137867555776,4,qUCB,0.42,0.3,0.18,0.0,0.02,0.0,0.0,0.0,0.04,0.0,0.0,0.0,0.0,0.04,0.0
13,3,3,2,False,6.980989685140578,0.83635753728346,0,qEHVI,0.34,0.2,0.38,0.04,0.04,0.0,0.0,0.0,0.0,0.0,0.0,0.0,0.0,0.0,0.0
13,3,3,2,False,6.980989685140578,0.83635753728346,1,qEHVI,0.58,0.26,0.12,0.0,0.0,0.0,0.0,0.0,0.0,0.0,0.0,0.0,0.0,0.02,0.02
13,3,3,2,False,6.980989685140578,0.83635753728346,2,qEHVI,0.48,0.0,0.42,0.04,0.04,0.0,0.0,0.0,0.0,0.0,0.0,0.0,0.0,0.02,0.0
13,3,3,2,False,6.980989685140578,0.83635753728346,3,qUCB,0.42,0.28,0.2,0.0,0.04,0.0,0.0,0.0,0.04,0.0,0.0,0.0,0.0,0.02,0.0
13,3,3,2,False,6.980989685140578,0.83635753728346,4,qUCB,0.24,0.66,0.0,0.0,0.04,0.0,0.0,0.0,0.04,0.0,0.0,0.0,0.0,0.02,0.0
13,4,2,3,False,5.973057723165097,0.25300232618440255,0,qEHVI,0.34,0.2,0.38,0.04,0.04,0.0,0.0,0.0,0.0,0.0,0.0,0.0,0.0,0.0,0.0
13,4,2,3,False,5.973057723165097,0.25300232618440255,1,qEHVI,0.58,0.26,0.12,0.0,0.0,0.0,0.0,0.0,0.0,0.0,0.0,0.0,0.0,0.02,0.02
13,4,2,3,False,5.973057723165097,0.25300232618440255,2,qUCB,0.42,0.28,0.2,0.0,0.04,0.0,0.0,0.0,0.04,0.0,0.0,0.0,0.0,0.02,0.0
13,4,2,3,False,5.973057723165097,0.25300232618440255,3,qUCB,0.0,0.9400000000000001,0.04,0.0,0.0,0.0,0.0,0.0,0.0,0.0,0.0,0.02,0.0,0.0,0.0
13,4,2,3,False,5.973057723165097,0.25300232618440255,4,qUCB,0.0,0.62,0.32,0.0,0.02,0.0,0.0,0.0,0.0,0.0,0.0,0.04,0.0,0.0,0.0
13,5,1,4,False,5.129252314684596,0.44210795261305336,0,qEHVI,0.34,0.2,0.38,0.04,0.04,0.0,0.0,0.0,0.0,0.0,0.0,0.0,0.0,0.0,0.0
13,5,1,4,False,5.129252314684596,0.44210795261305336,1,qUCB,0.5,0.26,0.16,0.0,0.0,0.0,0.0,0.0,0.0,0.0,0.0,0.0,0.0,0.04,0.04
13,5,1,4,False,5.129252314684596,0.44210795261305336,2,qUCB,0.0,0.92,0.0,0.0,0.0,0.0,0.0,0.0,0.0,0.0,0.0,0.0,0.0,0.04,0.04
13,5,1,4,False,5.129252314684596,0.44210795261305336,3,qUCB,0.0,0.6,0.3,0.0,0.0,0.0,0.0,0.0,0.02,0.0,0.0,0.04,0.0,0.04,0.0
13,5,1,4,False,5.129252314684596,0.44210795261305336,4,qUCB,0.0,0.58,0.36,0.0,0.0,0.0,0.0,0.0,0.04,0.0,0.0,0.0,0.0,0.02,0.0
13,6,0,5,False,4.6477748572535855,0.33736203953212396,0,qUCB,0.58,0.26,0.12,0.0,0.0,0.0,0.0,0.0,0.0,0.0,0.0,0.0,0.0,0.02,0.02
13,6,0,5,False,4.6477748572535855,0.33736203953212396,1,qUCB,0.38,0.22,0.3,0.04,0.04,0.0,0.0,0.0,0.02,0.0,0.0,0.0,0.0,0.0,0.0
13,6,0,5,False,4.6477748572535855,0.33736203953212396,2,qUCB,0.02,0.9400000000000001,0.02,0.0,0.0,0.0,0.0,0.0,0.0,0.0,0.0,0.0,0.0,0.02,0.0
13,6,0,5,False,4.6477748572535855,0.33736203953212396,3,qUCB,0.42,0.28,0.2,0.0,0.04,0.0,0.0,0.0,0.04,0.0,0.0,0.0,0.0,0.02,0.0
13,6,0,5,False,4.6477748572535855,0.33736203953212396,4,qUCB,0.0,0.62,0.32,0.0,0.02,0.0,0.0,0.0,0.0,0.0,0.0,0.04,0.0,0.0,0.0
14,1,5,0,False,5.7285472342321295,0.2355893403819307,0,qEHVI,0.74,0.1,0.08,0.02,0.0,0.0,0.0,0.0,0.02,0.0,0.0,0.0,0.0,0.0,0.04
14,1,5,0,False,5.7285472342321295,0.2355893403819307,1,qEHVI,0.38,0.12,0.4,0.02,0.0,0.0,0.0,0.0,0.04,0.0,0.0,0.0,0.0,0.04,0.0
14,1,5,0,False,5.7285472342321295,0.2355893403819307,2,qEHVI,0.68,0.16,0.08,0.04,0.0,0.0,0.0,0.0,0.0,0.0,0.0,0.0,0.0,0.0,0.04
14,1,5,0,False,5.7285472342321295,0.2355893403819307,3,qEHVI,0.54,0.08,0.28,0.0,0.04,0.0,0.0,0.0,0.0,0.0,0.0,0.02,0.0,0.0,0.04
14,1,5,0,False,5.7285472342321295,0.2355893403819307,4,qEHVI,0.8,0.08,0.04,0.02,0.0,0.0,0.0,0.0,0.02,0.0,0.0,0.0,0.0,0.0,0.04
14,2,4,1,False,5.337121639704727,0.2614672379526861,0,qEHVI,0.74,0.1,0.08,0.02,0.0,0.0,0.0,0.0,0.02,0.0,0.0,0.0,0.0,0.0,0.04
14,2,4,1,False,5.337121639704727,0.2614672379526861,1,qEHVI,0.38,0.12,0.4,0.02,0.0,0.0,0.0,0.0,0.04,0.0,0.0,0.0,0.0,0.04,0.0
14,2,4,1,False,5.337121639704727,0.2614672379526861,2,qEHVI,0.68,0.16,0.08,0.04,0.0,0.0,0.0,0.0,0.0,0.0,0.0,0.0,0.0,0.0,0.04
14,2,4,1,False,5.337121639704727,0.2614672379526861,3,qEHVI,0.8,0.08,0.04,0.02,0.0,0.0,0.0,0.0,0.02,0.0,0.0,0.0,0.0,0.0,0.04
14,2,4,1,False,5.337121639704727,0.2614672379526861,4,qUCB,0.6,0.0,0.32,0.0,0.04,0.0,0.0,0.0,0.0,0.0,0.0,0.04,0.0,0.0,0.0
14,3,3,2,True,4.915317300639522,0.5611865800815243,0,qEHVI,0.74,0.1,0.08,0.02,0.0,0.0,0.0,0.0,0.02,0.0,0.0,0.0,0.0,0.0,0.04
14,3,3,2,True,4.915317300639522,0.5611865800815243,1,qEHVI,0.38,0.12,0.4,0.02,0.0,0.0,0.0,0.0,0.04,0.0,0.0,0.0,0.0,0.04,0.0
14,3,3,2,True,4.915317300639522,0.5611865800815243,2,qEHVI,0.68,0.16,0.08,0.04,0.0,0.0,0.0,0.0,0.0,0.0,0.0,0.0,0.0,0.0,0.04
14,3,3,2,True,4.915317300639522,0.5611865800815243,3,qUCB,0.6,0.0,0.32,0.0,0.04,0.0,0.0,0.0,0.0,0.0,0.0,0.04,0.0,0.0,0.0
14,3,3,2,True,4.915317300639522,0.5611865800815243,4,qUCB,0.04,0.16,0.72,0.04,0.04,0.0,0.0,0.0,0.0,0.0,0.0,0.0,0.0,0.0,0.0
14,4,2,3,False,4.120532513105067,0.3389369945768763,0,qEHVI,0.74,0.1,0.08,0.02,0.0,0.0,0.0,0.0,0.02,0.0,0.0,0.0,0.0,0.0,0.04
14,4,2,3,False,4.120532513105067,0.3389369945768763,1,qEHVI,0.38,0.12,0.4,0.02,0.0,0.0,0.0,0.0,0.04,0.0,0.0,0.0,0.0,0.04,0.0
14,4,2,3,False,4.120532513105067,0.3389369945768763,2,qUCB,0.6,0.0,0.32,0.0,0.04,0.0,0.0,0.0,0.0,0.0,0.0,0.04,0.0,0.0,0.0
14,4,2,3,False,4.120532513105067,0.3389369945768763,3,qUCB,0.04,0.16,0.72,0.04,0.04,0.0,0.0,0.0,0.0,0.0,0.0,0.0,0.0,0.0,0.0
14,4,2,3,False,4.120532513105067,0.3389369945768763,4,qUCB,0.0,0.96,0.0,0.0,0.0,0.0,0.0,0.0,0.02,0.0,0.0,0.02,0.0,0.0,0.0
14,5,1,4,False,3.769422904020038,0.3789002161530526,0,qEHVI,0.74,0.1,0.08,0.02,0.0,0.0,0.0,0.0,0.02,0.0,0.0,0.0,0.0,0.0,0.04
14,5,1,4,False,3.769422904020038,0.3789002161530526,1,qUCB,0.36,0.14,0.4,0.02,0.0,0.0,0.0,0.0,0.0,0.0,0.0,0.04,0.0,0.04,0.0
14,5,1,4,False,3.769422904020038,0.3789002161530526,2,qUCB,0.04,0.16,0.72,0.04,0.04,0.0,0.0,0.0,0.0,0.0,0.0,0.0,0.0,0.0,0.0
14,5,1,4,False,3.769422904020038,0.3789002161530526,3,qUCB,0.0,0.96,0.0,0.0,0.0,0.0,0.0,0.0,0.02,0.0,0.0,0.02,0.0,0.0,0.0
14,5,1,4,False,3.769422904020038,0.3789002161530526,4,qUCB,0.02,0.3,0.58,0.04,0.0,0.0,0.0,0.0,0.0,0.0,0.0,0.02,0.0,0.04,0.0
14,6,0,5,False,2.204002059443417,0.09135961162311546,0,qUCB,0.74,0.1,0.08,0.04,0.0,0.0,0.0,0.0,0.0,0.0,0.0,0.0,0.0,0.0,0.04
14,6,0,5,False,2.204002059443417,0.09135961162311546,1,qUCB,0.0,0.16,0.74,0.04,0.02,0.0,0.0,0.0,0.0,0.0,0.0,0.0,0.0,0.0,0.04
14,6,0,5,False,2.204002059443417,0.09135961162311546,2,qUCB,0.0,0.96,0.0,0.0,0.0,0.0,0.0,0.0,0.02,0.0,0.0,0.02,0.0,0.0,0.0
14,6,0,5,False,2.204002059443417,0.09135961162311546,3,qUCB,0.0,0.68,0.28,0.04,0.0,0.0,0.0,0.0,0.0,0.0,0.0,0.0,0.0,0.0,0.0
14,6,0,5,False,2.204002059443417,0.09135961162311546,4,qUCB,0.76,0.04,0.1,0.04,0.0,0.0,0.0,0.0,0.04,0.0,0.0,0.02,0.0,0.0,0.0
15,1,5,0,False,2.9715781715838894,0.07673796159413149,0,qEHVI,0.66,0.16,0.1,0.0,0.0,0.0,0.0,0.0,0.04,0.0,0.0,0.04,0.0,0.0,0.0
15,1,5,0,False,2.9715781715838894,0.07673796159413149,1,qEHVI,0.38,0.2,0.34,0.04,0.0,0.0,0.0,0.0,0.0,0.0,0.0,0.04,0.0,0.0,0.0
15,1,5,0,False,2.9715781715838894,0.07673796159413149,2,qEHVI,0.46,0.32,0.14,0.0,0.0,0.0,0.0,0.0,0.0,0.0,0.0,0.04,0.0,0.0,0.04
15,1,5,0,False,2.9715781715838894,0.07673796159413149,3,qEHVI,0.5,0.02,0.4,0.0,0.02,0.0,0.0,0.0,0.0,0.0,0.0,0.04,0.0,0.0,0.02
15,1,5,0,False,2.9715781715838894,0.07673796159413149,4,qEHVI,0.8,0.14,0.0,0.0,0.0,0.0,0.0,0.0,0.04,0.0,0.0,0.02,0.0,0.0,0.0
15,2,4,1,False,2.744501982618606,0.11270719220939451,0,qEHVI,0.66,0.16,0.1,0.0,0.0,0.0,0.0,0.0,0.04,0.0,0.0,0.04,0.0,0.0,0.0
15,2,4,1,False,2.744501982618606,0.11270719220939451,1,qEHVI,0.38,0.2,0.34,0.04,0.0,0.0,0.0,0.0,0.0,0.0,0.0,0.04,0.0,0.0,0.0
15,2,4,1,False,2.744501982618606,0.11270719220939451,2,qEHVI,0.46,0.32,0.14,0.0,0.0,0.0,0.0,0.0,0.0,0.0,0.0,0.04,0.0,0.0,0.04
15,2,4,1,False,2.744501982618606,0.11270719220939451,3,qEHVI,0.5,0.02,0.4,0.0,0.02,0.0,0.0,0.0,0.0,0.0,0.0,0.04,0.0,0.0,0.02
15,2,4,1,False,2.744501982618606,0.11270719220939451,4,qUCB,0.4,0.08,0.42,0.02,0.04,0.0,0.0,0.0,0.0,0.0,0.0,0.0,0.0,0.04,0.0
15,3,3,2,False,2.40831608710061,0.09911174981418358,0,qEHVI,0.66,0.16,0.1,0.0,0.0,0.0,0.0,0.0,0.04,0.0,0.0,0.04,0.0,0.0,0.0
15,3,3,2,False,2.40831608710061,0.09911174981418358,1,qEHVI,0.38,0.2,0.34,0.04,0.0,0.0,0.0,0.0,0.0,0.0,0.0,0.04,0.0,0.0,0.0
15,3,3,2,False,2.40831608710061,0.09911174981418358,2,qEHVI,0.46,0.32,0.14,0.0,0.0,0.0,0.0,0.0,0.0,0.0,0.0,0.04,0.0,0.0,0.04
15,3,3,2,False,2.40831608710061,0.09911174981418358,3,qUCB,0.42,0.08,0.4,0.0,0.04,0.0,0.0,0.0,0.02,0.0,0.0,0.0,0.0,0.04,0.0
15,3,3,2,False,2.40831608710061,0.09911174981418358,4,qUCB,0.02,0.96,0.0,0.0,0.0,0.0,0.0,0.0,0.02,0.0,0.0,0.0,0.0,0.0,0.0
15,4,2,3,True,1.9971315262924845,0.1876321222509123,0,qEHVI,0.66,0.16,0.1,0.0,0.0,0.0,0.0,0.0,0.04,0.0,0.0,0.04,0.0,0.0,0.0
15,4,2,3,True,1.9971315262924845,0.1876321222509123,1,qEHVI,0.38,0.2,0.34,0.04,0.0,0.0,0.0,0.0,0.0,0.0,0.0,0.04,0.0,0.0,0.0
15,4,2,3,True,1.9971315262924845,0.1876321222509123,2,qUCB,0.46,0.1,0.34,0.0,0.04,0.0,0.0,0.0,0.0,0.0,0.0,0.0,0.0,0.02,0.04
15,4,2,3,True,1.9971315262924845,0.1876321222509123,3,qUCB,0.0,0.98,0.0,0.0,0.0,0.0,0.0,0.0,0.0,0.0,0.0,0.0,0.0,0.0,0.02
15,4,2,3,True,1.9971315262924845,0.1876321222509123,4,qUCB,0.28,0.54,0.08,0.0,0.04,0.0,0.0,0.0,0.0,0.0,0.0,0.0,0.0,0.02,0.04
15,5,1,4,False,1.9837394836481148,0.1834605527051245,0,qEHVI,0.66,0.16,0.1,0.0,0.0,0.0,0.0,0.0,0.04,0.0,0.0,0.04,0.0,0.0,0.0
15,5,1,4,False,1.9837394836481148,0.1834605527051245,1,qUCB,0.42,0.1,0.38,0.02,0.04,0.0,0.0,0.0,0.0,0.0,0.0,0.0,0.0,0.0,0.04
15,5,1,4,False,1.9837394836481148,0.1834605527051245,2,qUCB,0.0,0.98,0.0,0.0,0.0,0.0,0.0,0.0,0.0,0.0,0.0,0.0,0.0,0.0,0.02
15,5,1,4,False,1.9837394836481148,0.1834605527051245,3,qUCB,0.32,0.58,0.0,0.04,0.02,0.0,0.0,0.0,0.0,0.0,0.0,0.0,0.0,0.0,0.04
15,5,1,4,False,1.9837394836481148,0.1834605527051245,4,qUCB,0.4,0.16,0.34,0.04,0.0,0.0,0.0,0.0,0.0,0.0,0.0,0.0,0.0,0.04,0.02
15,6,0,5,False,1.4331787602370378,0.25523714667820663,0,qUCB,0.66,0.16,0.1,0.0,0.0,0.0,0.0,0.0,0.04,0.0,0.0,0.04,0.0,0.0,0.0
15,6,0,5,False,1.4331787602370378,0.25523714667820663,1,qUCB,0.0,0.98,0.0,0.0,0.0,0.0,0.0,0.0,0.0,0.0,0.0,0.0,0.0,0.0,0.02
15,6,0,5,False,1.4331787602370378,0.25523714667820663,2,qUCB,0.3,0.6,0.0,0.04,0.0,0.0,0.0,0.0,0.04,0.0,0.0,0.02,0.0,0.0,0.0
15,6,0,5,False,1.4331787602370378,0.25523714667820663,3,qUCB,0.78,0.0,0.2,0.0,0.02,0.0,0.0,0.0,0.0,0.0,0.0,0.0,0.0,0.0,0.0
15,6,0,5,False,1.4331787602370378,0.25523714667820663,4,qUCB,0.3,0.56,0.06,0.04,0.0,0.0,0.0,0.0,0.0,0.0,0.0,0.0,0.0,0.0,0.04
16,1,5,0,False,2.2162423779233524,0.08516033183163696,0,qEHVI,0.44,0.14,0.32,0.04,0.0,0.0,0.0,0.0,0.0,0.0,0.0,0.04,0.0,0.02,0.0
16,1,5,0,False,2.2162423779233524,0.08516033183163696,1,qEHVI,0.46,0.06,0.38,0.0,0.02,0.0,0.0,0.0,0.0,0.0,0.0,0.04,0.0,0.0,0.04
16,1,5,0,False,2.2162423779233524,0.08516033183163696,2,qEHVI,0.44,0.34,0.12,0.0,0.0,0.0,0.0,0.0,0.0,0.0,0.0,0.04,0.0,0.02,0.04
16,1,5,0,False,2.2162423779233524,0.08516033183163696,3,qEHVI,0.38,0.16,0.36,0.04,0.0,0.0,0.0,0.0,0.04,0.0,0.0,0.0,0.0,0.0,0.02
16,1,5,0,False,2.2162423779233524,0.08516033183163696,4,qEHVI,0.4,0.22,0.3,0.04,0.0,0.0,0.0,0.0,0.0,0.0,0.0,0.04,0.0,0.0,0.0
16,2,4,1,False,2.037310347256462,0.21174738667741888,0,qEHVI,0.44,0.14,0.32,0.04,0.0,0.0,0.0,0.0,0.0,0.0,0.0,0.04,0.0,0.02,0.0
16,2,4,1,False,2.037310347256462,0.21174738667741888,1,qEHVI,0.46,0.06,0.38,0.0,0.02,0.0,0.0,0.0,0.0,0.0,0.0,0.04,0.0,0.0,0.04
16,2,4,1,False,2.037310347256462,0.21174738667741888,2,qEHVI,0.44,0.34,0.12,0.0,0.0,0.0,0.0,0.0,0.0,0.0,0.0,0.04,0.0,0.02,0.04
16,2,4,1,False,2.037310347256462,0.21174738667741888,3,qEHVI,0.38,0.16,0.36,0.04,0.0,0.0,0.0,0.0,0.04,0.0,0.0,0.0,0.0,0.0,0.02
16,2,4,1,False,2.037310347256462,0.21174738667741888,4,qUCB,0.46,0.1,0.36,0.0,0.04,0.0,0.0,0.0,0.0,0.0,0.0,0.0,0.0,0.04,0.0
16,3,3,2,False,1.7929836512624764,0.13005937289891145,0,qEHVI,0.44,0.14,0.32,0.04,0.0,0.0,0.0,0.0,0.0,0.0,0.0,0.04,0.0,0.02,0.0
16,3,3,2,False,1.7929836512624764,0.13005937289891145,1,qEHVI,0.46,0.06,0.38,0.0,0.02,0.0,0.0,0.0,0.0,0.0,0.0,0.04,0.0,0.0,0.04
16,3,3,2,False,1.7929836512624764,0.13005937289891145,2,qEHVI,0.44,0.34,0.12,0.0,0.0,0.0,0.0,0.0,0.0,0.0,0.0,0.04,0.0,0.02,0.04
16,3,3,2,False,1.7929836512624764,0.13005937289891145,3,qUCB,0.76,0.0,0.14,0.0,0.02,0.0,0.0,0.0,0.04,0.0,0.0,0.0,0.0,0.04,0.0
16,3,3,2,False,1.7929836512624764,0.13005937289891145,4,qUCB,0.44,0.02,0.44,0.0,0.04,0.0,0.0,0.0,0.04,0.0,0.0,0.0,0.0,0.02,0.0
16,4,2,3,True,1.4047691179449664,0.24394716618021872,0,qEHVI,0.44,0.14,0.32,0.04,0.0,0.0,0.0,0.0,0.0,0.0,0.0,0.04,0.0,0.02,0.0
16,4,2,3,True,1.4047691179449664,0.24394716618021872,1,qEHVI,0.46,0.06,0.38,0.0,0.02,0.0,0.0,0.0,0.0,0.0,0.0,0.04,0.0,0.0,0.04
16,4,2,3,True,1.4047691179449664,0.24394716618021872,2,qUCB,0.8,0.0,0.1,0.0,0.0,0.0,0.0,0.0,0.04,0.0,0.0,0.0,0.0,0.04,0.02
16,4,2,3,True,1.4047691179449664,0.24394716618021872,3,qUCB,0.44,0.02,0.44,0.0,0.04,0.0,0.0,0.0,0.04,0.0,0.0,0.0,0.0,0.02,0.0
16,4,2,3,True,1.4047691179449664,0.24394716618021872,4,qUCB,0.24,0.7000000000000001,0.0,0.0,0.02,0.0,0.0,0.0,0.04,0.0,0.0,0.0,0.0,0.0,0.0
16,5,1,4,False,1.1862014868136268,0.16731605860475174,0,qEHVI,0.44,0.14,0.32,0.04,0.0,0.0,0.0,0.0,0.0,0.0,0.0,0.04,0.0,0.02,0.0
16,5,1,4,False,1.1862014868136268,0.16731605860475174,1,qUCB,0.42,0.04,0.44,0.0,0.04,0.0,0.0,0.0,0.04,0.0,0.0,0.0,0.0,0.0,0.02
16,5,1,4,False,1.1862014868136268,0.16731605860475174,2,qUCB,0.26,0.66,0.0,0.0,0.0,0.0,0.0,0.0,0.04,0.0,0.0,0.0,0.0,0.0,0.04
16,5,1,4,False,1.1862014868136268,0.16731605860475174,3,qUCB,0.4,0.14,0.36,0.0,0.02,0.0,0.0,0.0,0.04,0.0,0.0,0.0,0.0,0.0,0.04
16,5,1,4,False,1.1862014868136268,0.16731605860475174,4,qUCB,0.8200000000000001,0.0,0.1,0.0,0.02,0.0,0.0,0.0,0.04,0.0,0.0,0.0,0.0,0.0,0.02
16,6,0,5,False,0.8318743632095158,0.20824386138572581,0,qUCB,0.44,0.1,0.38,0.04,0.0,0.0,0.0,0.0,0.0,0.0,0.0,0.0,0.0,0.04,0.0
16,6,0,5,False,0.8318743632095158,0.20824386138572581,1,qUCB,0.76,0.0,0.18,0.0,0.02,0.0,0.0,0.0,0.0,0.0,0.0,0.0,0.0,0.0,0.04
16,6,0,5,False,0.8318743632095158,0.20824386138572581,2,qUCB,0.34,0.54,0.02,0.04,0.0,0.0,0.0,0.0,0.0,0.0,0.0,0.04,0.0,0.02,0.0
16,6,0,5,False,0.8318743632095158,0.20824386138572581,3,qUCB,0.28,0.62,0.0,0.04,0.0,0.0,0.0,0.0,0.04,0.0,0.0,0.0,0.0,0.02,0.0
16,6,0,5,False,0.8318743632095158,0.20824386138572581,4,qUCB,0.5,0.46,0.0,0.04,0.0,0.0,0.0,0.0,0.0,0.0,0.0,0.0,0.0,0.0,0.0
17,1,5,0,False,1.9873196715477623,0.2800529106978735,0,qEHVI,0.48,0.36,0.06,0.0,0.02,0.0,0.0,0.0,0.0,0.0,0.0,0.04,0.0,0.0,0.04
17,1,5,0,False,1.9873196715477623,0.2800529106978735,1,qEHVI,0.42,0.1,0.38,0.04,0.0,0.0,0.0,0.0,0.0,0.0,0.0,0.04,0.0,0.02,0.0
17,1,5,0,False,1.9873196715477623,0.2800529106978735,2,qEHVI,0.42,0.14,0.38,0.0,0.02,0.0,0.0,0.0,0.04,0.0,0.0,0.0,0.0,0.0,0.0
17,1,5,0,False,1.9873196715477623,0.2800529106978735,3,qEHVI,0.48,0.36,0.08,0.02,0.0,0.0,0.0,0.0,0.0,0.0,0.0,0.04,0.0,0.0,0.02
17,1,5,0,False,1.9873196715477623,0.2800529106978735,4,qEHVI,0.74,0.0,0.26,0.0,0.0,0.0,0.0,0.0,0.0,0.0,0.0,0.0,0.0,0.0,0.0
17,2,4,1,False,1.978290998889905,0.16392116460036554,0,qEHVI,0.48,0.36,0.06,0.0,0.02,0.0,0.0,0.0,0.0,0.0,0.0,0.04,0.0,0.0,0.04
17,2,4,1,False,1.978290998889905,0.16392116460036554,1,qEHVI,0.42,0.1,0.38,0.04,0.0,0.0,0.0,0.0,0.0,0.0,0.0,0.04,0.0,0.02,0.0
17,2,4,1,False,1.978290998889905,0.16392116460036554,2,qEHVI,0.42,0.14,0.38,0.0,0.02,0.0,0.0,0.0,0.04,0.0,0.0,0.0,0.0,0.0,0.0
17,2,4,1,False,1.978290998889905,0.16392116460036554,3,qEHVI,0.48,0.36,0.08,0.02,0.0,0.0,0.0,0.0,0.0,0.0,0.0,0.04,0.0,0.0,0.02
17,2,4,1,False,1.978290998889905,0.16392116460036554,4,qUCB,0.38,0.1,0.42,0.02,0.0,0.0,0.0,0.0,0.0,0.0,0.0,0.0,0.0,0.04,0.04
17,3,3,2,False,1.8359740776174527,0.18498192308548633,0,qEHVI,0.48,0.36,0.06,0.0,0.02,0.0,0.0,0.0,0.0,0.0,0.0,0.04,0.0,0.0,0.04
17,3,3,2,False,1.8359740776174527,0.18498192308548633,1,qEHVI,0.42,0.1,0.38,0.04,0.0,0.0,0.0,0.0,0.0,0.0,0.0,0.04,0.0,0.02,0.0
17,3,3,2,False,1.8359740776174527,0.18498192308548633,2,qEHVI,0.42,0.14,0.38,0.0,0.02,0.0,0.0,0.0,0.04,0.0,0.0,0.0,0.0,0.0,0.0
17,3,3,2,False,1.8359740776174527,0.18498192308548633,3,qUCB,0.38,0.1,0.42,0.02,0.0,0.0,0.0,0.0,0.0,0.0,0.0,0.0,0.0,0.04,0.04
17,3,3,2,False,1.8359740776174527,0.18498192308548633,4,qUCB,0.68,0.0,0.26,0.0,0.02,0.0,0.0,0.0,0.0,0.0,0.0,0.0,0.0,0.04,0.0
17,4,2,3,True,2.0086587945349716,0.31669024142948105,0,qEHVI,0.48,0.36,0.06,0.0,0.02,0.0,0.0,0.0,0.0,0.0,0.0,0.04,0.0,0.0,0.04
17,4,2,3,True,2.0086587945349716,0.31669024142948105,1,qEHVI,0.42,0.1,0.38,0.04,0.0,0.0,0.0,0.0,0.0,0.0,0.0,0.04,0.0,0.02,0.0
17,4,2,3,True,2.0086587945349716,0.31669024142948105,2,qUCB,0.38,0.14,0.38,0.0,0.02,0.0,0.0,0.0,0.04,0.0,0.0,0.0,0.0,0.04,0.0
17,4,2,3,True,2.0086587945349716,0.31669024142948105,3,qUCB,0.74,0.0,0.26,0.0,0.0,0.0,0.0,0.0,0.0,0.0,0.0,0.0,0.0,0.0,0.0
17,4,2,3,True,2.0086587945349716,0.31669024142948105,4,qUCB,0.58,0.02,0.36,0.0,0.0,0.0,0.0,0.0,0.04,0.0,0.0,0.0,0.0,0.0,0.0
17,5,1,4,False,1.3375546489973364,0.2951308413792635,0,qEHVI,0.48,0.36,0.06,0.0,0.02,0.0,0.0,0.0,0.0,0.0,0.0,0.04,0.0,0.0,0.04
17,5,1,4,False,1.3375546489973364,0.2951308413792635,1,qUCB,0.42,0.06,0.42,0.04,0.0,0.0,0.0,0.0,0.02,0.0,0.0,0.0,0.0,0.04,0.0
17,5,1,4,False,1.3375546489973364,0.2951308413792635,2,qUCB,0.54,0.02,0.34,0.04,0.0,0.0,0.0,0.0,0.04,0.0,0.0,0.0,0.0,0.02,0.0
17,5,1,4,False,1.3375546489973364,0.2951308413792635,3,qUCB,0.0,0.8200000000000001,0.1,0.04,0.0,0.0,0.0,0.0,0.04,0.0,0.0,0.0,0.0,0.0,0.0
17,5,1,4,False,1.3375546489973364,0.2951308413792635,4,qUCB,0.02,0.32,0.58,0.04,0.0,0.0,0.0,0.0,0.0,0.0,0.0,0.0,0.0,0.04,0.0
17,6,0,5,False,1.1647238843507044,0.40748024838247066,0,qUCB,0.74,0.0,0.26,0.0,0.0,0.0,0.0,0.0,0.0,0.0,0.0,0.0,0.0,0.0,0.0
17,6,0,5,False,1.1647238843507044,0.40748024838247066,1,qUCB,0.38,0.42,0.14,0.0,0.02,0.0,0.0,0.0,0.0,0.0,0.0,0.04,0.0,0.0,0.0
17,6,0,5,False,1.1647238843507044,0.40748024838247066,2,qUCB,0.36,0.5,0.06,0.04,0.0,0.0,0.0,0.0,0.0,0.0,0.0,0.04,0.0,0.0,0.0
17,6,0,5,False,1.1647238843507044,0.40748024838247066,3,qUCB,0.0,0.8200000000000001,0.1,0.04,0.0,0.0,0.0,0.0,0.04,0.0,0.0,0.0,0.0,0.0,0.0
17,6,0,5,False,1.1647238843507044,0.40748024838247066,4,qUCB,0.78,0.02,0.16,0.0,0.0,0.0,0.0,0.0,0.0,0.0,0.0,0.04,0.0,0.0,0.0
18,1,5,0,True,1.8158245671707733,0.04502885580882282,0,qEHVI,0.4,0.12,0.38,0.04,0.02,0.0,0.0,0.0,0.0,0.0,0.0,0.0,0.0,0.04,0.0
18,1,5,0,True,1.8158245671707733,0.04502885580882282,1,qEHVI,0.0,0.36,0.6,0.04,0.0,0.0,0.0,0.0,0.0,0.0,0.0,0.0,0.0,0.0,0.0
18,1,5,0,True,1.8158245671707733,0.04502885580882282,2,qEHVI,0.5,0.4,0.0,0.0,0.02,0.0,0.0,0.0,0.02,0.0,0.0,0.04,0.0,0.0,0.02
18,1,5,0,True,1.8158245671707733,0.04502885580882282,3,qEHVI,0.48,0.34,0.12,0.0,0.02,0.0,0.0,0.0,0.0,0.0,0.0,0.04,0.0,0.0,0.0
18,1,5,0,True,1.8158245671707733,0.04502885580882282,4,qEHVI,0.56,0.02,0.32,0.0,0.0,0.0,0.0,0.0,0.04,0.0,0.0,0.02,0.0,0.04,0.0
18,2,4,1,False,1.7350385561867119,0.17696601039344284,0,qEHVI,0.4,0.12,0.38,0.04,0.02,0.0,0.0,0.0,0.0,0.0,0.0,0.0,0.0,0.04,0.0
18,2,4,1,False,1.7350385561867119,0.17696601039344284,1,qEHVI,0.0,0.36,0.6,0.04,0.0,0.0,0.0,0.0,0.0,0.0,0.0,0.0,0.0,0.0,0.0
18,2,4,1,False,1.7350385561867119,0.17696601039344284,2,qEHVI,0.5,0.4,0.0,0.0,0.02,0.0,0.0,0.0,0.02,0.0,0.0,0.04,0.0,0.0,0.02
18,2,4,1,False,1.7350385561867119,0.17696601039344284,3,qEHVI,0.48,0.34,0.12,0.0,0.02,0.0,0.0,0.0,0.0,0.0,0.0,0.04,0.0,0.0,0.0
18,2,4,1,False,1.7350385561867119,0.17696601039344284,4,qUCB,0.46,0.02,0.42,0.0,0.04,0.0,0.0,0.0,0.0,0.0,0.0,0.0,0.0,0.02,0.04
18,3,3,2,False,1.5196590351619563,0.22151822032897406,0,qEHVI,0.4,0.12,0.38,0.04,0.02,0.0,0.0,0.0,0.0,0.0,0.0,0.0,0.0,0.04,0.0
18,3,3,2,False,1.5196590351619563,0.22151822032897406,1,qEHVI,0.0,0.36,0.6,0.04,0.0,0.0,0.0,0.0,0.0,0.0,0.0,0.0,0.0,0.0,0.0
18,3,3,2,False,1.5196590351619563,0.22151822032897406,2,qEHVI,0.5,0.4,0.0,0.0,0.02,0.0,0.0,0.0,0.02,0.0,0.0,0.04,0.0,0.0,0.02
18,3,3,2,False,1.5196590351619563,0.22151822032897406,3,qUCB,0.46,0.02,0.42,0.0,0.04,0.0,0.0,0.0,0.0,0.0,0.0,0.0,0.0,0.02,0.04
18,3,3,2,False,1.5196590351619563,0.22151822032897406,4,qUCB,0.36,0.1,0.44,0.0,0.0,0.0,0.0,0.0,0.04,0.0,0.0,0.0,0.0,0.04,0.02
18,4,2,3,False,1.4213137020705102,0.054348617224919904,0,qEHVI,0.4,0.12,0.38,0.04,0.02,0.0,0.0,0.0,0.0,0.0,0.0,0.0,0.0,0.04,0.0
18,4,2,3,False,1.4213137020705102,0.054348617224919904,1,qEHVI,0.0,0.36,0.6,0.04,0.0,0.0,0.0,0.0,0.0,0.0,0.0,0.0,0.0,0.0,0.0
18,4,2,3,False,1.4213137020705102,0.054348617224919904,2,qUCB,0.8,0.06,0.04,0.0,0.0,0.0,0.0,0.0,0.04,0.0,0.0,0.04,0.0,0.0,0.02
18,4,2,3,False,1.4213137020705102,0.054348617224919904,3,qUCB,0.36,0.4,0.14,0.0,0.0,0.0,0.0,0.0,0.0,0.0,0.0,0.04,0.0,0.02,0.04
18,4,2,3,False,1.4213137020705102,0.054348617224919904,4,qUCB,0.8,0.0,0.1,0.0,0.02,0.0,0.0,0.0,0.04,0.0,0.0,0.04,0.0,0.0,0.0
18,5,1,4,False,1.062804061379377,0.16349467767154557,0,qEHVI,0.4,0.12,0.38,0.04,0.02,0.0,0.0,0.0,0.0,0.0,0.0,0.0,0.0,0.04,0.0
18,5,1,4,False,1.062804061379377,0.16349467767154557,1,qUCB,0.5,0.32,0.08,0.0,0.0,0.0,0.0,0.0,0.02,0.0,0.0,0.04,0.0,0.0,0.04
18,5,1,4,False,1.062804061379377,0.16349467767154557,2,qUCB,0.34,0.42,0.16,0.0,0.0,0.0,0.0,0.0,0.0,0.0,0.0,0.04,0.0,0.0,0.04
18,5,1,4,False,1.062804061379377,0.16349467767154557,3,qUCB,0.02,0.64,0.28,0.0,0.0,0.0,0.0,0.0,0.0,0.0,0.0,0.04,0.0,0.0,0.02
18,5,1,4,False,1.062804061379377,0.16349467767154557,4,qUCB,0.8,0.06,0.04,0.0,0.0,0.0,0.0,0.0,0.04,0.0,0.0,0.04,0.0,0.0,0.02
18,6,0,5,False,1.1852277707707535,0.028900178394902554,0,qUCB,0.4,0.12,0.38,0.04,0.02,0.0,0.0,0.0,0.0,0.0,0.0,0.0,0.0,0.04,0.0
18,6,0,5,False,1.1852277707707535,0.028900178394902554,1,qUCB,0.34,0.42,0.16,0.0,0.0,0.0,0.0,0.0,0.0,0.0,0.0,0.04,0.0,0.0,0.04
18,6,0,5,False,1.1852277707707535,0.028900178394902554,2,qUCB,0.02,0.64,0.28,0.0,0.0,0.0,0.0,0.0,0.0,0.0,0.0,0.04,0.0,0.0,0.02
18,6,0,5,False,1.1852277707707535,0.028900178394902554,3,qUCB,0.38,0.5,0.02,0.04,0.0,0.0,0.0,0.0,0.0,0.0,0.0,0.04,0.0,0.02,0.0
18,6,0,5,False,1.1852277707707535,0.028900178394902554,4,qUCB,0.44,0.4,0.12,0.0,0.0,0.0,0.0,0.0,0.0,0.0,0.0,0.04,0.0,0.0,0.0
19,1,5,0,False,1.748473528432511,0.18152710982004727,0,qEHVI,0.4,0.02,0.48,0.0,0.04,0.0,0.0,0.0,0.0,0.0,0.0,0.02,0.0,0.0,0.04
19,1,5,0,False,1.748473528432511,0.18152710982004727,1,qEHVI,0.42,0.18,0.3,0.04,0.0,0.0,0.0,0.0,0.0,0.0,0.0,0.04,0.0,0.0,0.02
19,1,5,0,False,1.748473528432511,0.18152710982004727,2,qEHVI,0.52,0.08,0.3,0.0,0.0,0.0,0.0,0.0,0.04,0.0,0.0,0.04,0.0,0.0,0.02
19,1,5,0,False,1.748473528432511,0.18152710982004727,3,qEHVI,0.66,0.2,0.04,0.0,0.0,0.0,0.0,0.0,0.0,0.0,0.0,0.02,0.0,0.04,0.04
19,1,5,0,False,1.748473528432511,0.18152710982004727,4,qEHVI,0.4,0.1,0.4,0.04,0.0,0.0,0.0,0.0,0.02,0.0,0.0,0.02,0.0,0.02,0.0
19,2,4,1,True,1.6737049496848557,0.2743205988125821,0,qEHVI,0.4,0.02,0.48,0.0,0.04,0.0,0.0,0.0,0.0,0.0,0.0,0.02,0.0,0.0,0.04
19,2,4,1,True,1.6737049496848557,0.2743205988125821,1,qEHVI,0.42,0.18,0.3,0.04,0.0,0.0,0.0,0.0,0.0,0.0,0.0,0.04,0.0,0.0,0.02
19,2,4,1,True,1.6737049496848557,0.2743205988125821,2,qEHVI,0.52,0.08,0.3,0.0,0.0,0.0,0.0,0.0,0.04,0.0,0.0,0.04,0.0,0.0,0.02
19,2,4,1,True,1.6737049496848557,0.2743205988125821,3,qEHVI,0.66,0.2,0.04,0.0,0.0,0.0,0.0,0.0,0.0,0.0,0.0,0.02,0.0,0.04,0.04
19,2,4,1,True,1.6737049496848557,0.2743205988125821,4,qUCB,0.4,0.1,0.4,0.0,0.04,0.0,0.0,0.0,0.04,0.0,0.0,0.0,0.0,0.02,0.0
19,3,3,2,False,1.4578771381245699,0.16156924533545547,0,qEHVI,0.4,0.02,0.48,0.0,0.04,0.0,0.0,0.0,0.0,0.0,0.0,0.02,0.0,0.0,0.04
19,3,3,2,False,1.4578771381245699,0.16156924533545547,1,qEHVI,0.42,0.18,0.3,0.04,0.0,0.0,0.0,0.0,0.0,0.0,0.0,0.04,0.0,0.0,0.02
19,3,3,2,False,1.4578771381245699,0.16156924533545547,2,qEHVI,0.52,0.08,0.3,0.0,0.0,0.0,0.0,0.0,0.04,0.0,0.0,0.04,0.0,0.0,0.02
19,3,3,2,False,1.4578771381245699,0.16156924533545547,3,qUCB,0.38,0.12,0.42,0.0,0.02,0.0,0.0,0.0,0.02,0.0,0.0,0.0,0.0,0.04,0.0
19,3,3,2,False,1.4578771381245699,0.16156924533545547,4,qUCB,0.0,0.8,0.18,0.0,0.0,0.0,0.0,0.0,0.02,0.0,0.0,0.0,0.0,0.0,0.0
19,4,2,3,False,1.214809891337712,0.16082076544464075,0,qEHVI,0.4,0.02,0.48,0.0,0.04,0.0,0.0,0.0,0.0,0.0,0.0,0.02,0.0,0.0,0.04
19,4,2,3,False,1.214809891337712,0.16082076544464075,1,qEHVI,0.42,0.18,0.3,0.04,0.0,0.0,0.0,0.0,0.0,0.0,0.0,0.04,0.0,0.0,0.02
19,4,2,3,False,1.214809891337712,0.16082076544464075,2,qUCB,0.5,0.08,0.34,0.0,0.0,0.0,0.0,0.0,0.04,0.0,0.0,0.0,0.0,0.04,0.0
19,4,2,3,False,1.214809891337712,0.16082076544464075,3,qUCB,0.0,0.64,0.3,0.0,0.0,0.0,0.0,0.0,0.04,0.0,0.0,0.02,0.0,0.0,0.0
19,4,2,3,False,1.214809891337712,0.16082076544464075,4,qUCB,0.0,0.8,0.18,0.0,0.0,0.0,0.0,0.0,0.02,0.0,0.0,0.0,0.0,0.0,0.0
19,5,1,4,False,0.8742275331199755,0.14910683616672138,0,qEHVI,0.4,0.02,0.48,0.0,0.04,0.0,0.0,0.0,0.0,0.0,0.0,0.02,0.0,0.0,0.04
19,5,1,4,False,0.8742275331199755,0.14910683616672138,1,qUCB,0.4,0.14,0.36,0.04,0.0,0.0,0.0,0.0,0.02,0.0,0.0,0.0,0.0,0.04,0.0
19,5,1,4,False,0.8742275331199755,0.14910683616672138,2,qUCB,0.0,0.8,0.12,0.04,0.0,0.0,0.0,0.0,0.04,0.0,0.0,0.0,0.0,0.0,0.0
19,5,1,4,False,0.8742275331199755,0.14910683616672138,3,qUCB,0.0,0.66,0.28,0.04,0.0,0.0,0.0,0.0,0.02,0.0,0.0,0.0,0.0,0.0,0.0
19,5,1,4,False,0.8742275331199755,0.14910683616672138,4,qUCB,0.0,0.64,0.3,0.0,0.0,0.0,0.0,0.0,0.04,0.0,0.0,0.02,0.0,0.0,0.0
19,6,0,5,False,0.7042212228264508,0.305685577185538,0,qUCB,0.4,0.1,0.4,0.04,0.0,0.0,0.0,0.0,0.02,0.0,0.0,0.02,0.0,0.02,0.0
19,6,0,5,False,0.7042212228264508,0.305685577185538,1,qUCB,0.0,0.64,0.28,0.0,0.02,0.0,0.0,0.0,0.0,0.0,0.0,0.04,0.0,0.0,0.02
19,6,0,5,False,0.7042212228264508,0.305685577185538,2,qUCB,0.0,0.8200000000000001,0.14,0.0,0.02,0.0,0.0,0.0,0.0,0.0,0.0,0.0,0.0,0.0,0.02
19,6,0,5,False,0.7042212228264508,0.305685577185538,3,qUCB,0.44,0.46,0.0,0.04,0.02,0.0,0.0,0.0,0.0,0.0,0.0,0.04,0.0,0.0,0.0
19,6,0,5,False,0.7042212228264508,0.305685577185538,4,qUCB,0.32,0.4,0.18,0.0,0.02,0.0,0.0,0.0,0.0,0.0,0.0,0.04,0.0,0.0,0.04
20,1,5,0,True,1.2340094727561504,0.08428005290963192,0,qEHVI,0.34,0.16,0.4,0.04,0.02,0.0,0.0,0.0,0.0,0.0,0.0,0.04,0.0,0.0,0.0
20,1,5,0,True,1.2340094727561504,0.08428005290963192,1,qEHVI,0.62,0.2,0.08,0.0,0.0,0.0,0.0,0.0,0.0,0.0,0.0,0.04,0.0,0.04,0.02
20,1,5,0,True,1.2340094727561504,0.08428005290963192,2,qEHVI,0.42,0.12,0.36,0.0,0.0,0.0,0.0,0.0,0.0,0.0,0.0,0.04,0.0,0.04,0.02
20,1,5,0,True,1.2340094727561504,0.08428005290963192,3,qEHVI,0.46,0.3,0.14,0.02,0.0,0.0,0.0,0.0,0.0,0.0,0.0,0.04,0.0,0.02,0.02
20,1,5,0,True,1.2340094727561504,0.08428005290963192,4,qEHVI,0.7000000000000001,0.2,0.02,0.0,0.0,0.0,0.0,0.0,0.0,0.0,0.0,0.02,0.0,0.02,0.04
20,2,4,1,False,1.082570649216051,0.11104046004158796,0,qEHVI,0.34,0.16,0.4,0.04,0.02,0.0,0.0,0.0,0.0,0.0,0.0,0.04,0.0,0.0,0.0
20,2,4,1,False,1.082570649216051,0.11104046004158796,1,qEHVI,0.62,0.2,0.08,0.0,0.0,0.0,0.0,0.0,0.0,0.0,0.0,0.04,0.0,0.04,0.02
20,2,4,1,False,1.082570649216051,0.11104046004158796,2,qEHVI,0.42,0.12,0.36,0.0,0.0,0.0,0.0,0.0,0.0,0.0,0.0,0.04,0.0,0.04,0.02
20,2,4,1,False,1.082570649216051,0.11104046004158796,3,qEHVI,0.46,0.3,0.14,0.02,0.0,0.0,0.0,0.0,0.0,0.0,0.0,0.04,0.0,0.02,0.02
20,2,4,1,False,1.082570649216051,0.11104046004158796,4,qUCB,0.44,0.04,0.42,0.0,0.04,0.0,0.0,0.0,0.04,0.0,0.0,0.0,0.0,0.02,0.0
20,3,3,2,False,0.912818905716411,0.21680695716494203,0,qEHVI,0.34,0.16,0.4,0.04,0.02,0.0,0.0,0.0,0.0,0.0,0.0,0.04,0.0,0.0,0.0
20,3,3,2,False,0.912818905716411,0.21680695716494203,1,qEHVI,0.62,0.2,0.08,0.0,0.0,0.0,0.0,0.0,0.0,0.0,0.0,0.04,0.0,0.04,0.02
20,3,3,2,False,0.912818905716411,0.21680695716494203,2,qEHVI,0.42,0.12,0.36,0.0,0.0,0.0,0.0,0.0,0.0,0.0,0.0,0.04,0.0,0.04,0.02
20,3,3,2,False,0.912818905716411,0.21680695716494203,3,qUCB,0.44,0.06,0.4,0.0,0.04,0.0,0.0,0.0,0.02,0.0,0.0,0.0,0.0,0.0,0.04
20,3,3,2,False,0.912818905716411,0.21680695716494203,4,qUCB,0.02,0.66,0.28,0.0,0.0,0.0,0.0,0.0,0.04,0.0,0.0,0.0,0.0,0.0,0.0
20,4,2,3,False,0.802513289728379,0.04090316064997612,0,qEHVI,0.34,0.16,0.4,0.04,0.02,0.0,0.0,0.0,0.0,0.0,0.0,0.04,0.0,0.0,0.0
20,4,2,3,False,0.802513289728379,0.04090316064997612,1,qEHVI,0.62,0.2,0.08,0.0,0.0,0.0,0.0,0.0,0.0,0.0,0.0,0.04,0.0,0.04,0.02
20,4,2,3,False,0.802513289728379,0.04090316064997612,2,qUCB,0.44,0.08,0.38,0.0,0.02,0.0,0.0,0.0,0.04,0.0,0.0,0.0,0.0,0.0,0.04
20,4,2,3,False,0.802513289728379,0.04090316064997612,3,qUCB,0.02,0.66,0.28,0.0,0.0,0.0,0.0,0.0,0.04,0.0,0.0,0.0,0.0,0.0,0.0
20,4,2,3,False,0.802513289728379,0.04090316064997612,4,qUCB,0.0,0.78,0.16,0.0,0.0,0.0,0.0,0.0,0.02,0.0,0.0,0.0,0.0,0.0,0.04
20,5,1,4,False,0.5556395224028123,0.19810090831162946,0,qEHVI,0.34,0.16,0.4,0.04,0.02,0.0,0.0,0.0,0.0,0.0,0.0,0.04,0.0,0.0,0.0
20,5,1,4,False,0.5556395224028123,0.19810090831162946,1,qUCB,0.42,0.04,0.44,0.0,0.0,0.0,0.0,0.0,0.04,0.0,0.0,0.0,0.0,0.04,0.02
20,5,1,4,False,0.5556395224028123,0.19810090831162946,2,qUCB,0.54,0.2,0.16,0.0,0.0,0.0,0.0,0.0,0.04,0.0,0.0,0.0,0.0,0.02,0.04
20,5,1,4,False,0.5556395224028123,0.19810090831162946,3,qUCB,0.4,0.36,0.14,0.0,0.0,0.0,0.0,0.0,0.02,0.0,0.0,0.0,0.0,0.04,0.04
20,5,1,4,False,0.5556395224028123,0.19810090831162946,4,qUCB,0.0,0.64,0.28,0.0,0.0,0.0,0.0,0.0,0.04,0.0,0.0,0.0,0.0,0.04,0.0
20,6,0,5,False,0.6563718871996191,0.029493123903971075,0,qUCB,0.4,0.1,0.4,0.02,0.0,0.0,0.0,0.0,0.02,0.0,0.0,0.02,0.0,0.04,0.0
20,6,0,5,False,0.6563718871996191,0.029493123903971075,1,qUCB,0.52,0.22,0.16,0.0,0.0,0.0,0.0,0.0,0.02,0.0,0.0,0.04,0.0,0.0,0.04
20,6,0,5,False,0.6563718871996191,0.029493123903971075,2,qUCB,0.0,0.7000000000000001,0.3,0.0,0.0,0.0,0.0,0.0,0.0,0.0,0.0,0.0,0.0,0.0,0.0
20,6,0,5,False,0.6563718871996191,0.029493123903971075,3,qUCB,0.0,0.84,0.14,0.0,0.0,0.0,0.0,0.0,0.0,0.0,0.0,0.02,0.0,0.0,0.0
20,6,0,5,False,0.6563718871996191,0.029493123903971075,4,qUCB,0.02,0.62,0.26,0.0,0.0,0.0,0.0,0.0,0.02,0.0,0.0,0.04,0.0,0.0,0.04
21,1,5,0,True,1.0880352245699163,0.050211149725194915,0,qEHVI,0.4,0.1,0.4,0.04,0.02,0.0,0.0,0.0,0.0,0.0,0.0,0.0,0.0,0.04,0.0
21,1,5,0,True,1.0880352245699163,0.050211149725194915,1,qEHVI,0.46,0.0,0.48,0.0,0.0,0.0,0.0,0.0,0.0,0.0,0.0,0.0,0.0,0.04,0.02
21,1,5,0,True,1.0880352245699163,0.050211149725194915,2,qEHVI,0.42,0.18,0.3,0.04,0.0,0.0,0.0,0.0,0.02,0.0,0.0,0.04,0.0,0.0,0.0
21,1,5,0,True,1.0880352245699163,0.050211149725194915,3,qEHVI,0.52,0.28,0.1,0.0,0.02,0.0,0.0,0.0,0.0,0.0,0.0,0.04,0.0,0.0,0.04
21,1,5,0,True,1.0880352245699163,0.050211149725194915,4,qEHVI,0.64,0.26,0.0,0.0,0.0,0.0,0.0,0.0,0.04,0.0,0.0,0.0,0.0,0.02,0.04
21,2,4,1,False,1.0079718487444367,0.045553189509605296,0,qEHVI,0.4,0.1,0.4,0.04,0.02,0.0,0.0,0.0,0.0,0.0,0.0,0.0,0.0,0.04,0.0
21,2,4,1,False,1.0079718487444367,0.045553189509605296,1,qEHVI,0.42,0.18,0.3,0.04,0.0,0.0,0.0,0.0,0.02,0.0,0.0,0.04,0.0,0.0,0.0
21,2,4,1,False,1.0079718487444367,0.045553189509605296,2,qEHVI,0.46,0.0,0.48,0.0,0.0,0.0,0.0,0.0,0.0,0.0,0.0,0.0,0.0,0.04,0.02
21,2,4,1,False,1.0079718487444367,0.045553189509605296,3,qEHVI,0.52,0.28,0.1,0.0,0.02,0.0,0.0,0.0,0.0,0.0,0.0,0.04,0.0,0.0,0.04
21,2,4,1,False,1.0079718487444367,0.045553189509605296,4,qUCB,0.5,0.02,0.4,0.0,0.04,0.0,0.0,0.0,0.04,0.0,0.0,0.0,0.0,0.0,0.0
21,3,3,2,False,0.8395606156007883,0.032429616715720755,0,qEHVI,0.4,0.1,0.4,0.04,0.02,0.0,0.0,0.0,0.0,0.0,0.0,0.0,0.0,0.04,0.0
21,3,3,2,False,0.8395606156007883,0.032429616715720755,1,qEHVI,0.42,0.18,0.3,0.04,0.0,0.0,0.0,0.0,0.02,0.0,0.0,0.04,0.0,0.0,0.0
21,3,3,2,False,0.8395606156007883,0.032429616715720755,2,qEHVI,0.46,0.0,0.48,0.0,0.0,0.0,0.0,0.0,0.0,0.0,0.0,0.0,0.0,0.04,0.02
21,3,3,2,False,0.8395606156007883,0.032429616715720755,3,qUCB,0.5,0.02,0.4,0.0,0.04,0.0,0.0,0.0,0.04,0.0,0.0,0.0,0.0,0.0,0.0
21,3,3,2,False,0.8395606156007883,0.032429616715720755,4,qUCB,0.46,0.32,0.12,0.0,0.04,0.0,0.0,0.0,0.04,0.0,0.0,0.0,0.0,0.0,0.02
21,4,2,3,False,0.7568332910105482,0.032341303953984823,0,qEHVI,0.4,0.1,0.4,0.04,0.02,0.0,0.0,0.0,0.0,0.0,0.0,0.0,0.0,0.04,0.0
21,4,2,3,False,0.7568332910105482,0.032341303953984823,1,qEHVI,0.42,0.18,0.3,0.04,0.0,0.0,0.0,0.0,0.02,0.0,0.0,0.04,0.0,0.0,0.0
21,4,2,3,False,0.7568332910105482,0.032341303953984823,2,qUCB,0.4,0.12,0.38,0.0,0.04,0.0,0.0,0.0,0.02,0.0,0.0,0.0,0.0,0.0,0.04
21,4,2,3,False,0.7568332910105482,0.032341303953984823,3,qUCB,0.44,0.34,0.12,0.0,0.02,0.0,0.0,0.0,0.04,0.0,0.0,0.0,0.0,0.0,0.04
21,4,2,3,False,0.7568332910105482,0.032341303953984823,4,qUCB,0.0,0.66,0.28,0.0,0.0,0.0,0.0,0.0,0.02,0.0,0.0,0.0,0.0,0.0,0.04
21,5,1,4,False,0.605786249417773,0.023186354506369522,0,qEHVI,0.4,0.1,0.4,0.04,0.02,0.0,0.0,0.0,0.0,0.0,0.0,0.0,0.0,0.04,0.0
21,5,1,4,False,0.605786249417773,0.023186354506369522,1,qUCB,0.58,0.24,0.08,0.0,0.0,0.0,0.0,0.0,0.04,0.0,0.0,0.04,0.0,0.0,0.02
21,5,1,4,False,0.605786249417773,0.023186354506369522,2,qUCB,0.02,0.6,0.28,0.0,0.0,0.0,0.0,0.0,0.02,0.0,0.0,0.04,0.0,0.0,0.04
21,5,1,4,False,0.605786249417773,0.023186354506369522,3,qUCB,0.26,0.48,0.18,0.0,0.0,0.0,0.0,0.0,0.0,0.0,0.0,0.04,0.0,0.0,0.04
21,5,1,4,False,0.605786249417773,0.023186354506369522,4,qUCB,0.0,0.66,0.28,0.0,0.0,0.0,0.0,0.0,0.02,0.0,0.0,0.0,0.0,0.0,0.04
21,6,0,5,False,0.6343417506558887,0.037227779160456276,0,qUCB,0.4,0.1,0.4,0.04,0.02,0.0,0.0,0.0,0.0,0.0,0.0,0.0,0.0,0.04,0.0
21,6,0,5,False,0.6343417506558887,0.037227779160456276,1,qUCB,0.44,0.06,0.4,0.0,0.0,0.0,0.0,0.0,0.02,0.0,0.0,0.0,0.0,0.04,0.04
21,6,0,5,False,0.6343417506558887,0.037227779160456276,2,qUCB,0.26,0.48,0.18,0.0,0.0,0.0,0.0,0.0,0.0,0.0,0.0,0.04,0.0,0.0,0.04
21,6,0,5,False,0.6343417506558887,0.037227779160456276,3,qUCB,0.02,0.64,0.3,0.0,0.0,0.0,0.0,0.0,0.0,0.0,0.0,0.04,0.0,0.0,0.0
21,6,0,5,False,0.6343417506558887,0.037227779160456276,4,qUCB,0.02,0.6,0.28,0.0,0.0,0.0,0.0,0.0,0.02,0.0,0.0,0.04,0.0,0.0,0.04
22,1,5,0,True,1.006000308800963,0.09745177617196266,0,qEHVI,0.4,0.12,0.38,0.04,0.0,0.0,0.0,0.0,0.02,0.0,0.0,0.0,0.0,0.02,0.02
22,1,5,0,True,1.006000308800963,0.09745177617196266,1,qEHVI,0.7000000000000001,0.2,0.0,0.0,0.0,0.0,0.0,0.0,0.0,0.0,0.0,0.04,0.0,0.04,0.02
22,1,5,0,True,1.006000308800963,0.09745177617196266,2,qEHVI,0.4,0.2,0.3,0.04,0.0,0.0,0.0,0.0,0.02,0.0,0.0,0.04,0.0,0.0,0.0
22,1,5,0,True,1.006000308800963,0.09745177617196266,3,qEHVI,0.42,0.0,0.5,0.0,0.0,0.0,0.0,0.0,0.04,0.0,0.0,0.04,0.0,0.0,0.0
22,1,5,0,True,1.006000308800963,0.09745177617196266,4,qEHVI,0.42,0.12,0.38,0.04,0.0,0.0,0.0,0.0,0.0,0.0,0.0,0.04,0.0,0.0,0.0
22,2,4,1,False,0.9509653544103235,0.29020196037547574,0,qEHVI,0.4,0.12,0.38,0.04,0.0,0.0,0.0,0.0,0.02,0.0,0.0,0.0,0.0,0.02,0.02
22,2,4,1,False,0.9509653544103235,0.29020196037547574,1,qEHVI,0.7000000000000001,0.2,0.0,0.0,0.0,0.0,0.0,0.0,0.0,0.0,0.0,0.04,0.0,0.04,0.02
22,2,4,1,False,0.9509653544103235,0.29020196037547574,2,qEHVI,0.4,0.2,0.3,0.04,0.0,0.0,0.0,0.0,0.02,0.0,0.0,0.04,0.0,0.0,0.0
22,2,4,1,False,0.9509653544103235,0.29020196037547574,3,qEHVI,0.42,0.0,0.5,0.0,0.0,0.0,0.0,0.0,0.04,0.0,0.0,0.04,0.0,0.0,0.0
22,2,4,1,False,0.9509653544103235,0.29020196037547574,4,qUCB,0.4,0.12,0.38,0.0,0.04,0.0,0.0,0.0,0.02,0.0,0.0,0.0,0.0,0.0,0.04
22,3,3,2,False,0.7688026599333188,0.04298326328792257,0,qEHVI,0.4,0.12,0.38,0.04,0.0,0.0,0.0,0.0,0.02,0.0,0.0,0.0,0.0,0.02,0.02
22,3,3,2,False,0.7688026599333188,0.04298326328792257,1,qEHVI,0.7000000000000001,0.2,0.0,0.0,0.0,0.0,0.0,0.0,0.0,0.0,0.0,0.04,0.0,0.04,0.02
22,3,3,2,False,0.7688026599333188,0.04298326328792257,2,qEHVI,0.4,0.2,0.3,0.04,0.0,0.0,0.0,0.0,0.02,0.0,0.0,0.04,0.0,0.0,0.0
22,3,3,2,False,0.7688026599333188,0.04298326328792257,3,qUCB,0.4,0.12,0.38,0.0,0.04,0.0,0.0,0.0,0.02,0.0,0.0,0.0,0.0,0.0,0.04
22,3,3,2,False,0.7688026599333188,0.04298326328792257,4,qUCB,0.22,0.48,0.2,0.0,0.04,0.0,0.0,0.0,0.0,0.0,0.0,0.02,0.0,0.0,0.04
22,4,2,3,False,0.5688763533213501,0.35886297783982823,0,qEHVI,0.4,0.12,0.38,0.04,0.0,0.0,0.0,0.0,0.02,0.0,0.0,0.0,0.0,0.02,0.02
22,4,2,3,False,0.5688763533213501,0.35886297783982823,1,qEHVI,0.4,0.2,0.3,0.04,0.0,0.0,0.0,0.0,0.02,0.0,0.0,0.04,0.0,0.0,0.0
22,4,2,3,False,0.5688763533213501,0.35886297783982823,2,qUCB,0.6,0.24,0.06,0.0,0.04,0.0,0.0,0.0,0.0,0.0,0.0,0.02,0.0,0.0,0.04
22,4,2,3,False,0.5688763533213501,0.35886297783982823,3,qUCB,0.22,0.48,0.2,0.0,0.04,0.0,0.0,0.0,0.0,0.0,0.0,0.02,0.0,0.0,0.04
22,4,2,3,False,0.5688763533213501,0.35886297783982823,4,qUCB,0.0,0.64,0.3,0.0,0.04,0.0,0.0,0.0,0.0,0.0,0.0,0.0,0.0,0.0,0.02
22,5,1,4,False,0.5396283203601924,0.11950652762609493,0,qEHVI,0.4,0.12,0.38,0.04,0.0,0.0,0.0,0.0,0.02,0.0,0.0,0.0,0.0,0.02,0.02
22,5,1,4,False,0.5396283203601924,0.11950652762609493,1,qUCB,0.44,0.12,0.36,0.0,0.04,0.0,0.0,0.0,0.0,0.0,0.0,0.04,0.0,0.0,0.0
22,5,1,4,False,0.5396283203601924,0.11950652762609493,2,qUCB,0.0,0.66,0.3,0.0,0.0,0.0,0.0,0.0,0.0,0.0,0.0,0.04,0.0,0.0,0.0
22,5,1,4,False,0.5396283203601924,0.11950652762609493,3,qUCB,0.0,0.88,0.1,0.0,0.0,0.0,0.0,0.0,0.0,0.0,0.0,0.02,0.0,0.0,0.0
22,5,1,4,False,0.5396283203601924,0.11950652762609493,4,qUCB,0.4,0.42,0.1,0.0,0.04,0.0,0.0,0.0,0.0,0.0,0.0,0.04,0.0,0.0,0.0
22,6,0,5,False,0.5394226248152574,0.14706654448199163,0,qUCB,0.44,0.1,0.38,0.04,0.0,0.0,0.0,0.0,0.04,0.0,0.0,0.0,0.0,0.0,0.0
22,6,0,5,False,0.5394226248152574,0.14706654448199163,1,qUCB,0.0,0.66,0.3,0.0,0.0,0.0,0.0,0.0,0.0,0.0,0.0,0.04,0.0,0.0,0.0
22,6,0,5,False,0.5394226248152574,0.14706654448199163,2,qUCB,0.0,0.8200000000000001,0.14,0.02,0.0,0.0,0.0,0.0,0.02,0.0,0.0,0.0,0.0,0.0,0.0
22,6,0,5,False,0.5394226248152574,0.14706654448199163,3,qUCB,0.26,0.46,0.18,0.0,0.0,0.0,0.0,0.0,0.02,0.0,0.0,0.04,0.0,0.0,0.04
22,6,0,5,False,0.5394226248152574,0.14706654448199163,4,qUCB,0.0,0.7000000000000001,0.28,0.0,0.0,0.0,0.0,0.0,0.0,0.0,0.0,0.0,0.0,0.0,0.02
23,1,5,0,False,1.0787711289669355,0.17220858737264155,0,qEHVI,0.4,0.12,0.4,0.04,0.0,0.0,0.0,0.0,0.0,0.0,0.0,0.0,0.0,0.04,0.0
23,1,5,0,False,1.0787711289669355,0.17220858737264155,1,qEHVI,0.28,0.0,0.66,0.0,0.02,0.0,0.0,0.0,0.0,0.0,0.0,0.04,0.0,0.0,0.0
23,1,5,0,False,1.0787711289669355,0.17220858737264155,2,qEHVI,0.46,0.08,0.36,0.0,0.02,0.0,0.0,0.0,0.0,0.0,0.0,0.04,0.0,0.04,0.0
23,1,5,0,False,1.0787711289669355,0.17220858737264155,3,qEHVI,0.56,0.28,0.06,0.0,0.02,0.0,0.0,0.0,0.02,0.0,0.0,0.04,0.0,0.0,0.02
23,1,5,0,False,1.0787711289669355,0.17220858737264155,4,qEHVI,0.38,0.14,0.38,0.04,0.04,0.0,0.0,0.0,0.02,0.0,0.0,0.0,0.0,0.0,0.0
23,2,4,1,True,0.9744443074371217,0.15897777161953996,0,qEHVI,0.4,0.12,0.4,0.04,0.0,0.0,0.0,0.0,0.0,0.0,0.0,0.0,0.0,0.04,0.0
23,2,4,1,True,0.9744443074371217,0.15897777161953996,1,qEHVI,0.28,0.0,0.66,0.0,0.02,0.0,0.0,0.0,0.0,0.0,0.0,0.04,0.0,0.0,0.0
23,2,4,1,True,0.9744443074371217,0.15897777161953996,2,qEHVI,0.46,0.08,0.36,0.0,0.02,0.0,0.0,0.0,0.0,0.0,0.0,0.04,0.0,0.04,0.0
23,2,4,1,True,0.9744443074371217,0.15897777161953996,3,qEHVI,0.56,0.28,0.06,0.0,0.02,0.0,0.0,0.0,0.02,0.0,0.0,0.04,0.0,0.0,0.02
23,2,4,1,True,0.9744443074371217,0.15897777161953996,4,qUCB,0.4,0.12,0.38,0.0,0.0,0.0,0.0,0.0,0.02,0.0,0.0,0.0,0.0,0.04,0.04
23,3,3,2,False,0.9519633039943213,0.021786282620232633,0,qEHVI,0.4,0.12,0.4,0.04,0.0,0.0,0.0,0.0,0.0,0.0,0.0,0.0,0.0,0.04,0.0
23,3,3,2,False,0.9519633039943213,0.021786282620232633,1,qEHVI,0.28,0.0,0.66,0.0,0.02,0.0,0.0,0.0,0.0,0.0,0.0,0.04,0.0,0.0,0.0
23,3,3,2,False,0.9519633039943213,0.021786282620232633,2,qEHVI,0.46,0.08,0.36,0.0,0.02,0.0,0.0,0.0,0.0,0.0,0.0,0.04,0.0,0.04,0.0
23,3,3,2,False,0.9519633039943213,0.021786282620232633,3,qUCB,0.34,0.44,0.14,0.0,0.0,0.0,0.0,0.0,0.04,0.0,0.0,0.0,0.0,0.0,0.04
23,3,3,2,False,0.9519633039943213,0.021786282620232633,4,qUCB,0.0,0.8,0.16,0.0,0.02,0.0,0.0,0.0,0.02,0.0,0.0,0.0,0.0,0.0,0.0
23,4,2,3,False,0.7407638204018692,0.15496989018880925,0,qEHVI,0.4,0.12,0.4,0.04,0.0,0.0,0.0,0.0,0.0,0.0,0.0,0.0,0.0,0.04,0.0
23,4,2,3,False,0.7407638204018692,0.15496989018880925,1,qEHVI,0.28,0.0,0.66,0.0,0.02,0.0,0.0,0.0,0.0,0.0,0.0,0.04,0.0,0.0,0.0
23,4,2,3,False,0.7407638204018692,0.15496989018880925,2,qUCB,0.34,0.44,0.14,0.0,0.0,0.0,0.0,0.0,0.04,0.0,0.0,0.0,0.0,0.0,0.04
23,4,2,3,False,0.7407638204018692,0.15496989018880925,3,qUCB,0.54,0.3,0.06,0.0,0.02,0.0,0.0,0.0,0.04,0.0,0.0,0.0,0.0,0.0,0.04
23,4,2,3,False,0.7407638204018692,0.15496989018880925,4,qUCB,0.0,0.8,0.16,0.0,0.02,0.0,0.0,0.0,0.02,0.0,0.0,0.0,0.0,0.0,0.0
23,5,1,4,False,0.6299544085810459,0.0349763512764385,0,qEHVI,0.4,0.12,0.4,0.04,0.0,0.0,0.0,0.0,0.0,0.0,0.0,0.0,0.0,0.04,0.0
23,5,1,4,False,0.6299544085810459,0.0349763512764385,1,qUCB,0.68,0.16,0.06,0.0,0.02,0.0,0.0,0.0,0.0,0.0,0.0,0.04,0.0,0.0,0.04
23,5,1,4,False,0.6299544085810459,0.0349763512764385,2,qUCB,0.06,0.58,0.26,0.0,0.0,0.0,0.0,0.0,0.02,0.0,0.0,0.04,0.0,0.0,0.04
23,5,1,4,False,0.6299544085810459,0.0349763512764385,3,qUCB,0.0,0.8,0.16,0.0,0.02,0.0,0.0,0.0,0.02,0.0,0.0,0.0,0.0,0.0,0.0
23,5,1,4,False,0.6299544085810459,0.0349763512764385,4,qUCB,0.0,0.68,0.3,0.0,0.02,0.0,0.0,0.0,0.0,0.0,0.0,0.0,0.0,0.0,0.0
23,6,0,5,False,0.48656893700552334,0.08913817345034758,0,qUCB,0.44,0.08,0.38,0.0,0.0,0.0,0.0,0.0,0.0,0.0,0.0,0.04,0.0,0.04,0.02
23,6,0,5,False,0.48656893700552334,0.08913817345034758,1,qUCB,0.0,0.68,0.3,0.0,0.02,0.0,0.0,0.0,0.0,0.0,0.0,0.0,0.0,0.0,0.0
23,6,0,5,False,0.48656893700552334,0.08913817345034758,2,qUCB,0.0,0.8,0.16,0.0,0.02,0.0,0.0,0.0,0.02,0.0,0.0,0.0,0.0,0.0,0.0
23,6,0,5,False,0.48656893700552334,0.08913817345034758,3,qUCB,0.02,0.0,0.96,0.0,0.0,0.0,0.0,0.0,0.0,0.0,0.0,0.0,0.0,0.0,0.02
23,6,0,5,False,0.48656893700552334,0.08913817345034758,4,qUCB,0.38,0.48,0.04,0.04,0.0,0.0,0.0,0.0,0.0,0.0,0.0,0.04,0.0,0.0,0.02
24,1,5,0,False,1.0676883041425609,0.3038257597346874,0,qEHVI,0.7000000000000001,0.18,0.02,0.0,0.02,0.0,0.0,0.0,0.04,0.0,0.0,0.04,0.0,0.0,0.0
24,1,5,0,False,1.0676883041425609,0.3038257597346874,1,qEHVI,0.34,0.16,0.4,0.04,0.0,0.0,0.0,0.0,0.0,0.0,0.0,0.0,0.0,0.04,0.02
24,1,5,0,False,1.0676883041425609,0.3038257597346874,2,qEHVI,0.56,0.32,0.04,0.0,0.02,0.0,0.0,0.0,0.0,0.0,0.0,0.04,0.0,0.0,0.02
24,1,5,0,False,1.0676883041425609,0.3038257597346874,3,qEHVI,0.46,0.28,0.16,0.04,0.0,0.0,0.0,0.0,0.0,0.0,0.0,0.04,0.0,0.0,0.02
24,1,5,0,False,1.0676883041425609,0.3038257597346874,4,qEHVI,0.38,0.12,0.4,0.02,0.0,0.0,0.0,0.0,0.04,0.0,0.0,0.04,0.0,0.0,0.0
24,2,4,1,False,0.9858382698516761,0.29443503710022867,0,qEHVI,0.7000000000000001,0.18,0.02,0.0,0.02,0.0,0.0,0.0,0.04,0.0,0.0,0.04,0.0,0.0,0.0
24,2,4,1,False,0.9858382698516761,0.29443503710022867,1,qEHVI,0.34,0.16,0.4,0.04,0.0,0.0,0.0,0.0,0.0,0.0,0.0,0.0,0.0,0.04,0.02
24,2,4,1,False,0.9858382698516761,0.29443503710022867,2,qEHVI,0.56,0.32,0.04,0.0,0.02,0.0,0.0,0.0,0.0,0.0,0.0,0.04,0.0,0.0,0.02
24,2,4,1,False,0.9858382698516761,0.29443503710022867,3,qEHVI,0.38,0.16,0.38,0.04,0.0,0.0,0.0,0.0,0.02,0.0,0.0,0.02,0.0,0.0,0.0
24,2,4,1,False,0.9858382698516761,0.29443503710022867,4,qUCB,0.44,0.08,0.4,0.0,0.0,0.0,0.0,0.0,0.04,0.0,0.0,0.0,0.0,0.0,0.04
24,3,3,2,True,0.9675336367544153,0.18229732566492052,0,qEHVI,0.7000000000000001,0.18,0.02,0.0,0.02,0.0,0.0,0.0,0.04,0.0,0.0,0.04,0.0,0.0,0.0
24,3,3,2,True,0.9675336367544153,0.18229732566492052,1,qEHVI,0.34,0.16,0.4,0.04,0.0,0.0,0.0,0.0,0.0,0.0,0.0,0.0,0.0,0.04,0.02
24,3,3,2,True,0.9675336367544153,0.18229732566492052,2,qEHVI,0.56,0.32,0.04,0.0,0.02,0.0,0.0,0.0,0.0,0.0,0.0,0.04,0.0,0.0,0.02
24,3,3,2,True,0.9675336367544153,0.18229732566492052,3,qUCB,0.44,0.08,0.4,0.0,0.0,0.0,0.0,0.0,0.04,0.0,0.0,0.0,0.0,0.0,0.04
24,3,3,2,True,0.9675336367544153,0.18229732566492052,4,qUCB,0.0,0.64,0.3,0.0,0.0,0.0,0.0,0.0,0.04,0.0,0.0,0.0,0.0,0.0,0.02
24,4,2,3,False,0.7920237488093703,0.021858533198436003,0,qEHVI,0.7000000000000001,0.18,0.02,0.0,0.02,0.0,0.0,0.0,0.04,0.0,0.0,0.04,0.0,0.0,0.0
24,4,2,3,False,0.7920237488093703,0.021858533198436003,1,qEHVI,0.34,0.16,0.4,0.04,0.0,0.0,0.0,0.0,0.0,0.0,0.0,0.0,0.0,0.04,0.02
24,4,2,3,False,0.7920237488093703,0.021858533198436003,2,qUCB,0.36,0.16,0.4,0.0,0.04,0.0,0.0,0.0,0.0,0.0,0.0,0.0,0.0,0.0,0.04
24,4,2,3,False,0.7920237488093703,0.021858533198436003,3,qUCB,0.0,0.8,0.16,0.0,0.04,0.0,0.0,0.0,0.0,0.0,0.0,0.0,0.0,0.0,0.0
24,4,2,3,False,0.7920237488093703,0.021858533198436003,4,qUCB,0.0,0.6,0.3,0.02,0.0,0.0,0.0,0.0,0.0,0.0,0.0,0.04,0.0,0.0,0.04
24,5,1,4,False,0.7683775668584539,0.07398241890112267,0,qEHVI,0.7000000000000001,0.18,0.02,0.0,0.02,0.0,0.0,0.0,0.04,0.0,0.0,0.04,0.0,0.0,0.0
24,5,1,4,False,0.7683775668584539,0.07398241890112267,1,qUCB,0.34,0.16,0.4,0.04,0.0,0.0,0.0,0.0,0.0,0.0,0.0,0.0,0.0,0.04,0.02
24,5,1,4,False,0.7683775668584539,0.07398241890112267,2,qUCB,0.02,0.8,0.14,0.04,0.0,0.0,0.0,0.0,0.0,0.0,0.0,0.0,0.0,0.0,0.0
24,5,1,4,False,0.7683775668584539,0.07398241890112267,3,qUCB,0.02,0.64,0.28,0.0,0.0,0.0,0.0,0.0,0.0,0.0,0.0,0.0,0.0,0.02,0.04
24,5,1,4,False,0.7683775668584539,0.07398241890112267,4,qUCB,0.4,0.5,0.0,0.04,0.0,0.0,0.0,0.0,0.0,0.0,0.0,0.0,0.0,0.02,0.04
24,6,0,5,False,0.6149091427827447,0.042313795346061056,0,qUCB,0.48,0.1,0.4,0.02,0.0,0.0,0.0,0.0,0.0,0.0,0.0,0.0,0.0,0.0,0.0
24,6,0,5,False,0.6149091427827447,0.042313795346061056,1,qUCB,0.0,0.62,0.3,0.0,0.0,0.0,0.0,0.0,0.04,0.0,0.0,0.04,0.0,0.0,0.0
24,6,0,5,False,0.6149091427827447,0.042313795346061056,2,qUCB,0.0,0.8200000000000001,0.14,0.02,0.0,0.0,0.0,0.0,0.02,0.0,0.0,0.0,0.0,0.0,0.0
24,6,0,5,False,0.6149091427827447,0.042313795346061056,3,qUCB,0.32,0.56,0.04,0.04,0.0,0.0,0.0,0.0,0.0,0.0,0.0,0.04,0.0,0.0,0.0
24,6,0,5,False,0.6149091427827447,0.042313795346061056,4,qUCB,0.72,0.0,0.18,0.04,0.0,0.0,0.0,0.0,0.04,0.0,0.0,0.0,0.0,0.02,0.0
25,1,5,0,False,1.0776343687459249,0.02565385896385708,0,qEHVI,0.0,0.0,0.98,0.0,0.0,0.0,0.0,0.0,0.0,0.0,0.0,0.02,0.0,0.0,0.0
25,1,5,0,False,1.0776343687459249,0.02565385896385708,1,qEHVI,0.38,0.12,0.4,0.04,0.0,0.0,0.0,0.0,0.0,0.0,0.0,0.04,0.0,0.02,0.0
25,1,5,0,False,1.0776343687459249,0.02565385896385708,2,qEHVI,0.72,0.0,0.18,0.04,0.04,0.0,0.0,0.0,0.0,0.0,0.0,0.0,0.0,0.0,0.02
25,1,5,0,False,1.0776343687459249,0.02565385896385708,3,qEHVI,0.72,0.0,0.18,0.0,0.0,0.0,0.0,0.0,0.04,0.0,0.0,0.04,0.0,0.02,0.0
25,1,5,0,False,1.0776343687459249,0.02565385896385708,4,qEHVI,0.44,0.14,0.38,0.04,0.0,0.0,0.0,0.0,0.0,0.0,0.0,0.0,0.0,0.0,0.0
25,2,4,1,False,1.0392475007646789,0.1359417924056201,0,qEHVI,0.38,0.12,0.4,0.04,0.0,0.0,0.0,0.0,0.0,0.0,0.0,0.04,0.0,0.02,0.0
25,2,4,1,False,1.0392475007646789,0.1359417924056201,1,qEHVI,0.0,0.0,0.98,0.0,0.0,0.0,0.0,0.0,0.0,0.0,0.0,0.02,0.0,0.0,0.0
25,2,4,1,False,1.0392475007646789,0.1359417924056201,2,qEHVI,0.72,0.0,0.18,0.04,0.04,0.0,0.0,0.0,0.0,0.0,0.0,0.0,0.0,0.0,0.02
25,2,4,1,False,1.0392475007646789,0.1359417924056201,3,qEHVI,0.44,0.0,0.46,0.04,0.0,0.0,0.0,0.0,0.02,0.0,0.0,0.04,0.0,0.0,0.0
25,2,4,1,False,1.0392475007646789,0.1359417924056201,4,qUCB,0.78,0.0,0.14,0.0,0.0,0.0,0.0,0.0,0.04,0.0,0.0,0.0,0.0,0.04,0.0
25,3,3,2,False,0.9772528817118656,0.018389942522253122,0,qEHVI,0.0,0.0,0.98,0.0,0.0,0.0,0.0,0.0,0.0,0.0,0.0,0.02,0.0,0.0,0.0
25,3,3,2,False,0.9772528817118656,0.018389942522253122,1,qEHVI,0.38,0.12,0.4,0.04,0.0,0.0,0.0,0.0,0.0,0.0,0.0,0.04,0.0,0.02,0.0
25,3,3,2,False,0.9772528817118656,0.018389942522253122,2,qEHVI,0.72,0.0,0.18,0.04,0.04,0.0,0.0,0.0,0.0,0.0,0.0,0.0,0.0,0.0,0.02
25,3,3,2,False,0.9772528817118656,0.018389942522253122,3,qUCB,0.78,0.0,0.14,0.0,0.0,0.0,0.0,0.0,0.04,0.0,0.0,0.0,0.0,0.04,0.0
25,3,3,2,False,0.9772528817118656,0.018389942522253122,4,qUCB,0.0,0.8200000000000001,0.14,0.0,0.0,0.0,0.0,0.0,0.0,0.0,0.0,0.0,0.0,0.04,0.0
25,4,2,3,True,0.7271586702198558,0.11630433271986362,0,qEHVI,0.38,0.12,0.4,0.04,0.0,0.0,0.0,0.0,0.0,0.0,0.0,0.04,0.0,0.02,0.0
25,4,2,3,True,0.7271586702198558,0.11630433271986362,1,qEHVI,0.0,0.0,0.98,0.0,0.0,0.0,0.0,0.0,0.0,0.0,0.0,0.02,0.0,0.0,0.0
25,4,2,3,True,0.7271586702198558,0.11630433271986362,2,qUCB,0.7000000000000001,0.02,0.18,0.0,0.02,0.0,0.0,0.0,0.04,0.0,0.0,0.0,0.0,0.0,0.04
25,4,2,3,True,0.7271586702198558,0.11630433271986362,3,qUCB,0.0,0.8200000000000001,0.14,0.0,0.0,0.0,0.0,0.0,0.0,0.0,0.0,0.0,0.0,0.04,0.0
25,4,2,3,True,0.7271586702198558,0.11630433271986362,4,qUCB,0.5,0.32,0.08,0.0,0.02,0.0,0.0,0.0,0.04,0.0,0.0,0.0,0.0,0.0,0.04
25,5,1,4,False,0.6644730862709823,0.043082215225384246,0,qEHVI,0.38,0.12,0.4,0.04,0.0,0.0,0.0,0.0,0.0,0.0,0.0,0.04,0.0,0.02,0.0
25,5,1,4,False,0.6644730862709823,0.043082215225384246,1,qUCB,0.7000000000000001,0.02,0.18,0.0,0.02,0.0,0.0,0.0,0.04,0.0,0.0,0.0,0.0,0.0,0.04
25,5,1,4,False,0.6644730862709823,0.043082215225384246,2,qUCB,0.0,0.0,0.98,0.0,0.0,0.0,0.0,0.0,0.0,0.0,0.0,0.02,0.0,0.0,0.0
25,5,1,4,False,0.6644730862709823,0.043082215225384246,3,qUCB,0.0,0.78,0.14,0.0,0.02,0.0,0.0,0.0,0.02,0.0,0.0,0.0,0.0,0.0,0.04
25,5,1,4,False,0.6644730862709823,0.043082215225384246,4,qUCB,0.5,0.32,0.08,0.0,0.02,0.0,0.0,0.0,0.04,0.0,0.0,0.0,0.0,0.0,0.04
25,6,0,5,False,0.8549786661348611,0.25174357747109255,0,qUCB,0.72,0.0,0.18,0.04,0.04,0.0,0.0,0.0,0.0,0.0,0.0,0.0,0.0,0.0,0.02
25,6,0,5,False,0.8549786661348611,0.25174357747109255,1,qUCB,0.0,0.0,0.98,0.0,0.0,0.0,0.0,0.0,0.0,0.0,0.0,0.02,0.0,0.0,0.0
25,6,0,5,False,0.8549786661348611,0.25174357747109255,2,qUCB,0.3,0.58,0.04,0.04,0.0,0.0,0.0,0.0,0.0,0.0,0.0,0.04,0.0,0.0,0.0
25,6,0,5,False,0.8549786661348611,0.25174357747109255,3,qUCB,0.0,0.8200000000000001,0.14,0.0,0.0,0.0,0.0,0.0,0.0,0.0,0.0,0.0,0.0,0.04,0.0
25,6,0,5,False,0.8549786661348611,0.25174357747109255,4,qUCB,0.72,0.0,0.18,0.0,0.0,0.0,0.0,0.0,0.04,0.0,0.0,0.04,0.0,0.02,0.0
26,1,5,0,False,0.8528888735954483,0.03911063125602787,0,qEHVI,0.38,0.2,0.32,0.04,0.0,0.0,0.0,0.0,0.0,0.0,0.0,0.0,0.0,0.02,0.04
26,1,5,0,False,0.8528888735954483,0.03911063125602787,1,qEHVI,0.46,0.12,0.4,0.0,0.0,0.0,0.0,0.0,0.02,0.0,0.0,0.0,0.0,0.0,0.0
26,1,5,0,False,0.8528888735954483,0.03911063125602787,2,qEHVI,0.52,0.0,0.44,0.02,0.0,0.0,0.0,0.0,0.02,0.0,0.0,0.0,0.0,0.0,0.0
26,1,5,0,False,0.8528888735954483,0.03911063125602787,3,qEHVI,0.36,0.36,0.18,0.04,0.02,0.0,0.0,0.0,0.0,0.0,0.0,0.04,0.0,0.0,0.0
26,1,5,0,False,0.8528888735954483,0.03911063125602787,4,qEHVI,0.4,0.12,0.38,0.04,0.0,0.0,0.0,0.0,0.0,0.0,0.0,0.04,0.0,0.02,0.0
26,2,4,1,False,0.7225176711858473,0.3543238263175752,0,qEHVI,0.38,0.2,0.32,0.04,0.0,0.0,0.0,0.0,0.0,0.0,0.0,0.0,0.0,0.02,0.04
26,2,4,1,False,0.7225176711858473,0.3543238263175752,1,qEHVI,0.46,0.12,0.4,0.0,0.0,0.0,0.0,0.0,0.02,0.0,0.0,0.0,0.0,0.0,0.0
26,2,4,1,False,0.7225176711858473,0.3543238263175752,2,qEHVI,0.5,0.0,0.44,0.02,0.0,0.0,0.0,0.0,0.0,0.0,0.0,0.02,0.0,0.02,0.0
26,2,4,1,False,0.7225176711858473,0.3543238263175752,3,qEHVI,0.36,0.36,0.18,0.04,0.02,0.0,0.0,0.0,0.0,0.0,0.0,0.04,0.0,0.0,0.0
26,2,4,1,False,0.7225176711858473,0.3543238263175752,4,qUCB,0.54,0.26,0.1,0.0,0.04,0.0,0.0,0.0,0.0,0.0,0.0,0.02,0.0,0.0,0.04
26,3,3,2,True,0.657916077182839,0.47685491915711653,0,qEHVI,0.38,0.2,0.32,0.04,0.0,0.0,0.0,0.0,0.0,0.0,0.0,0.0,0.0,0.02,0.04
26,3,3,2,True,0.657916077182839,0.47685491915711653,1,qEHVI,0.46,0.12,0.4,0.0,0.0,0.0,0.0,0.0,0.02,0.0,0.0,0.0,0.0,0.0,0.0
26,3,3,2,True,0.657916077182839,0.47685491915711653,2,qEHVI,0.36,0.36,0.18,0.04,0.02,0.0,0.0,0.0,0.0,0.0,0.0,0.04,0.0,0.0,0.0
26,3,3,2,True,0.657916077182839,0.47685491915711653,3,qUCB,0.34,0.16,0.4,0.0,0.0,0.0,0.0,0.0,0.0,0.0,0.0,0.04,0.0,0.04,0.02
26,3,3,2,True,0.657916077182839,0.47685491915711653,4,qUCB,0.28,0.58,0.04,0.04,0.0,0.0,0.0,0.0,0.04,0.0,0.0,0.0,0.0,0.0,0.02
26,4,2,3,False,0.6733857236567868,0.10468628541435665,0,qEHVI,0.38,0.2,0.32,0.04,0.0,0.0,0.0,0.0,0.0,0.0,0.0,0.0,0.0,0.02,0.04
26,4,2,3,False,0.6733857236567868,0.10468628541435665,1,qEHVI,0.46,0.12,0.4,0.0,0.0,0.0,0.0,0.0,0.02,0.0,0.0,0.0,0.0,0.0,0.0
26,4,2,3,False,0.6733857236567868,0.10468628541435665,2,qUCB,0.36,0.16,0.38,0.04,0.04,0.0,0.0,0.0,0.0,0.0,0.0,0.02,0.0,0.0,0.0
26,4,2,3,False,0.6733857236567868,0.10468628541435665,3,qUCB,0.4,0.5,0.0,0.04,0.0,0.0,0.0,0.0,0.02,0.0,0.0,0.04,0.0,0.0,0.0
26,4,2,3,False,0.6733857236567868,0.10468628541435665,4,qUCB,0.68,0.04,0.18,0.04,0.02,0.0,0.0,0.0,0.0,0.0,0.0,0.04,0.0,0.0,0.0
26,5,1,4,False,0.4881296736769789,0.0323441533500155,0,qEHVI,0.38,0.2,0.32,0.04,0.0,0.0,0.0,0.0,0.0,0.0,0.0,0.0,0.0,0.02,0.04
26,5,1,4,False,0.4881296736769789,0.0323441533500155,1,qUCB,0.62,0.24,0.04,0.0,0.04,0.0,0.0,0.0,0.02,0.0,0.0,0.04,0.0,0.0,0.0
26,5,1,4,False,0.4881296736769789,0.0323441533500155,2,qUCB,0.76,0.02,0.14,0.0,0.04,0.0,0.0,0.0,0.0,0.0,0.0,0.04,0.0,0.0,0.0
26,5,1,4,False,0.4881296736769789,0.0323441533500155,3,qUCB,0.04,0.58,0.28,0.0,0.04,0.0,0.0,0.0,0.02,0.0,0.0,0.04,0.0,0.0,0.0
26,5,1,4,False,0.4881296736769789,0.0323441533500155,4,qUCB,0.6,0.12,0.18,0.0,0.02,0.0,0.0,0.0,0.04,0.0,0.0,0.04,0.0,0.0,0.0
26,6,0,5,False,0.49912385655773944,0.5047052638796945,0,qUCB,0.44,0.14,0.38,0.0,0.0,0.0,0.0,0.0,0.0,0.0,0.0,0.02,0.0,0.0,0.02
26,6,0,5,False,0.49912385655773944,0.5047052638796945,1,qUCB,0.4,0.5,0.0,0.04,0.0,0.0,0.0,0.0,0.02,0.0,0.0,0.04,0.0,0.0,0.0
26,6,0,5,False,0.49912385655773944,0.5047052638796945,2,qUCB,0.8,0.0,0.14,0.04,0.02,0.0,0.0,0.0,0.0,0.0,0.0,0.0,0.0,0.0,0.0
26,6,0,5,False,0.49912385655773944,0.5047052638796945,3,qUCB,0.58,0.02,0.34,0.04,0.0,0.0,0.0,0.0,0.0,0.0,0.0,0.0,0.0,0.02,0.0
26,6,0,5,False,0.49912385655773944,0.5047052638796945,4,qUCB,0.0,0.56,0.42,0.02,0.0,0.0,0.0,0.0,0.0,0.0,0.0,0.0,0.0,0.0,0.0
27,1,5,0,False,1.1356327923525293,0.07089302632110939,0,qEHVI,0.48,0.18,0.24,0.0,0.04,0.0,0.0,0.0,0.02,0.0,0.0,0.0,0.0,0.02,0.02
27,1,5,0,False,1.1356327923525293,0.07089302632110939,1,qEHVI,0.38,0.14,0.4,0.04,0.0,0.0,0.0,0.0,0.02,0.0,0.0,0.02,0.0,0.0,0.0
27,1,5,0,False,1.1356327923525293,0.07089302632110939,2,qEHVI,0.46,0.26,0.18,0.04,0.0,0.0,0.0,0.0,0.02,0.0,0.0,0.04,0.0,0.0,0.0
27,1,5,0,False,1.1356327923525293,0.07089302632110939,3,qEHVI,0.0,0.28,0.72,0.0,0.0,0.0,0.0,0.0,0.0,0.0,0.0,0.0,0.0,0.0,0.0
27,1,5,0,False,1.1356327923525293,0.07089302632110939,4,qEHVI,0.48,0.02,0.44,0.0,0.0,0.0,0.0,0.0,0.0,0.0,0.0,0.04,0.0,0.02,0.0
27,2,4,1,False,0.9876065786630123,0.4555033806229085,0,qEHVI,0.48,0.18,0.24,0.0,0.04,0.0,0.0,0.0,0.02,0.0,0.0,0.0,0.0,0.02,0.02
27,2,4,1,False,0.9876065786630123,0.4555033806229085,1,qEHVI,0.38,0.14,0.4,0.04,0.0,0.0,0.0,0.0,0.02,0.0,0.0,0.02,0.0,0.0,0.0
27,2,4,1,False,0.9876065786630123,0.4555033806229085,2,qEHVI,0.46,0.26,0.18,0.04,0.0,0.0,0.0,0.0,0.02,0.0,0.0,0.04,0.0,0.0,0.0
27,2,4,1,False,0.9876065786630123,0.4555033806229085,3,qEHVI,0.0,0.28,0.72,0.0,0.0,0.0,0.0,0.0,0.0,0.0,0.0,0.0,0.0,0.0,0.0
27,2,4,1,False,0.9876065786630123,0.4555033806229085,4,qUCB,0.58,0.26,0.06,0.0,0.0,0.0,0.0,0.0,0.0,0.0,0.0,0.04,0.0,0.02,0.04
27,3,3,2,True,0.8674312458823078,0.36928688938584636,0,qEHVI,0.48,0.18,0.24,0.0,0.04,0.0,0.0,0.0,0.02,0.0,0.0,0.0,0.0,0.02,0.02
27,3,3,2,True,0.8674312458823078,0.36928688938584636,1,qEHVI,0.0,0.28,0.72,0.0,0.0,0.0,0.0,0.0,0.0,0.0,0.0,0.0,0.0,0.0,0.0
27,3,3,2,True,0.8674312458823078,0.36928688938584636,2,qEHVI,0.38,0.14,0.4,0.04,0.0,0.0,0.0,0.0,0.02,0.0,0.0,0.02,0.0,0.0,0.0
27,3,3,2,True,0.8674312458823078,0.36928688938584636,3,qUCB,0.66,0.2,0.06,0.0,0.0,0.0,0.0,0.0,0.0,0.0,0.0,0.04,0.0,0.0,0.04
27,3,3,2,True,0.8674312458823078,0.36928688938584636,4,qUCB,0.1,0.54,0.26,0.0,0.0,0.0,0.0,0.0,0.0,0.0,0.0,0.04,0.0,0.04,0.02
27,4,2,3,False,0.8587245132169573,0.017076995328303424,0,qEHVI,0.48,0.18,0.24,0.0,0.04,0.0,0.0,0.0,0.02,0.0,0.0,0.0,0.0,0.02,0.02
27,4,2,3,False,0.8587245132169573,0.017076995328303424,1,qEHVI,0.38,0.14,0.4,0.04,0.0,0.0,0.0,0.0,0.02,0.0,0.0,0.02,0.0,0.0,0.0
27,4,2,3,False,0.8587245132169573,0.017076995328303424,2,qUCB,0.66,0.2,0.06,0.0,0.0,0.0,0.0,0.0,0.0,0.0,0.0,0.04,0.0,0.0,0.04
27,4,2,3,False,0.8587245132169573,0.017076995328303424,3,qUCB,0.1,0.54,0.26,0.0,0.0,0.0,0.0,0.0,0.0,0.0,0.0,0.04,0.0,0.04,0.02
27,4,2,3,False,0.8587245132169573,0.017076995328303424,4,qUCB,0.0,0.28,0.72,0.0,0.0,0.0,0.0,0.0,0.0,0.0,0.0,0.0,0.0,0.0,0.0
27,5,1,4,False,0.684610744172111,0.009573812056101971,0,qEHVI,0.48,0.18,0.24,0.0,0.04,0.0,0.0,0.0,0.02,0.0,0.0,0.0,0.0,0.02,0.02
27,5,1,4,False,0.684610744172111,0.009573812056101971,1,qUCB,0.42,0.48,0.0,0.04,0.0,0.0,0.0,0.0,0.02,0.0,0.0,0.04,0.0,0.0,0.0
27,5,1,4,False,0.684610744172111,0.009573812056101971,2,qUCB,0.02,0.62,0.28,0.04,0.0,0.0,0.0,0.0,0.0,0.0,0.0,0.04,0.0,0.0,0.0
27,5,1,4,False,0.684610744172111,0.009573812056101971,3,qUCB,0.22,0.62,0.06,0.04,0.0,0.0,0.0,0.0,0.0,0.0,0.0,0.04,0.0,0.0,0.02
27,5,1,4,False,0.684610744172111,0.009573812056101971,4,qUCB,0.18,0.22,0.52,0.04,0.0,0.0,0.0,0.0,0.0,0.0,0.0,0.04,0.0,0.0,0.0
27,6,0,5,False,0.8138510710032658,0.02188294443280636,0,qUCB,0.46,0.12,0.38,0.04,0.0,0.0,0.0,0.0,0.0,0.0,0.0,0.0,0.0,0.0,0.0
27,6,0,5,False,0.8138510710032658,0.02188294443280636,1,qUCB,0.74,0.0,0.18,0.04,0.0,0.0,0.0,0.0,0.02,0.0,0.0,0.0,0.0,0.0,0.02
27,6,0,5,False,0.8138510710032658,0.02188294443280636,2,qUCB,0.0,0.28,0.72,0.0,0.0,0.0,0.0,0.0,0.0,0.0,0.0,0.0,0.0,0.0,0.0
27,6,0,5,False,0.8138510710032658,0.02188294443280636,3,qUCB,0.42,0.48,0.0,0.04,0.0,0.0,0.0,0.0,0.02,0.0,0.0,0.04,0.0,0.0,0.0
27,6,0,5,False,0.8138510710032658,0.02188294443280636,4,qUCB,0.02,0.62,0.28,0.04,0.0,0.0,0.0,0.0,0.0,0.0,0.0,0.04,0.0,0.0,0.0
28,1,5,0,False,0.8459166065753694,0.0160649265684083,0,qEHVI,0.4,0.14,0.38,0.04,0.0,0.0,0.0,0.0,0.0,0.0,0.0,0.0,0.0,0.0,0.04
28,1,5,0,False,0.8459166065753694,0.0160649265684083,1,qEHVI,0.78,0.0,0.12,0.0,0.0,0.0,0.0,0.0,0.02,0.0,0.0,0.04,0.0,0.0,0.04
28,1,5,0,False,0.8459166065753694,0.0160649265684083,2,qEHVI,0.38,0.5,0.02,0.04,0.02,0.0,0.0,0.0,0.0,0.0,0.0,0.04,0.0,0.0,0.0
28,1,5,0,False,0.8459166065753694,0.0160649265684083,3,qEHVI,0.02,0.72,0.24,0.02,0.0,0.0,0.0,0.0,0.0,0.0,0.0,0.0,0.0,0.0,0.0
28,1,5,0,False,0.8459166065753694,0.0160649265684083,4,qEHVI,0.36,0.14,0.4,0.04,0.0,0.0,0.0,0.0,0.0,0.0,0.0,0.0,0.0,0.04,0.02
28,2,4,1,True,0.7982981054163951,0.18327654018912654,0,qEHVI,0.4,0.14,0.38,0.04,0.0,0.0,0.0,0.0,0.0,0.0,0.0,0.0,0.0,0.0,0.04
28,2,4,1,True,0.7982981054163951,0.18327654018912654,1,qEHVI,0.78,0.0,0.12,0.0,0.0,0.0,0.0,0.0,0.02,0.0,0.0,0.04,0.0,0.0,0.04
28,2,4,1,True,0.7982981054163951,0.18327654018912654,2,qEHVI,0.38,0.5,0.02,0.04,0.02,0.0,0.0,0.0,0.0,0.0,0.0,0.04,0.0,0.0,0.0
28,2,4,1,True,0.7982981054163951,0.18327654018912654,3,qEHVI,0.02,0.72,0.24,0.02,0.0,0.0,0.0,0.0,0.0,0.0,0.0,0.0,0.0,0.0,0.0
28,2,4,1,True,0.7982981054163951,0.18327654018912654,4,qUCB,0.44,0.06,0.4,0.02,0.0,0.0,0.0,0.0,0.04,0.0,0.0,0.0,0.0,0.04,0.0
28,3,3,2,False,0.7186671991997721,0.015854997591265185,0,qEHVI,0.4,0.14,0.38,0.04,0.0,0.0,0.0,0.0,0.0,0.0,0.0,0.0,0.0,0.0,0.04
28,3,3,2,False,0.7186671991997721,0.015854997591265185,1,qEHVI,0.78,0.0,0.12,0.0,0.0,0.0,0.0,0.0,0.02,0.0,0.0,0.04,0.0,0.0,0.04
28,3,3,2,False,0.7186671991997721,0.015854997591265185,2,qEHVI,0.38,0.5,0.02,0.04,0.02,0.0,0.0,0.0,0.0,0.0,0.0,0.04,0.0,0.0,0.0
28,3,3,2,False,0.7186671991997721,0.015854997591265185,3,qUCB,0.4,0.14,0.38,0.0,0.04,0.0,0.0,0.0,0.0,0.0,0.0,0.0,0.0,0.04,0.0
28,3,3,2,False,0.7186671991997721,0.015854997591265185,4,qUCB,0.72,0.0,0.18,0.04,0.02,0.0,0.0,0.0,0.0,0.0,0.0,0.0,0.0,0.04,0.0
28,4,2,3,False,0.6244999683030501,0.08264823243478403,0,qEHVI,0.4,0.14,0.38,0.04,0.0,0.0,0.0,0.0,0.0,0.0,0.0,0.0,0.0,0.0,0.04
28,4,2,3,False,0.6244999683030501,0.08264823243478403,1,qEHVI,0.78,0.0,0.12,0.0,0.0,0.0,0.0,0.0,0.02,0.0,0.0,0.04,0.0,0.0,0.04
28,4,2,3,False,0.6244999683030501,0.08264823243478403,2,qUCB,0.4,0.14,0.38,0.0,0.04,0.0,0.0,0.0,0.0,0.0,0.0,0.0,0.0,0.04,0.0
28,4,2,3,False,0.6244999683030501,0.08264823243478403,3,qUCB,0.72,0.0,0.18,0.04,0.02,0.0,0.0,0.0,0.0,0.0,0.0,0.0,0.0,0.04,0.0
28,4,2,3,False,0.6244999683030501,0.08264823243478403,4,qUCB,0.08,0.62,0.22,0.0,0.04,0.0,0.0,0.0,0.04,0.0,0.0,0.0,0.0,0.0,0.0
28,5,1,4,False,0.4135326599306778,0.047956829653884814,0,qEHVI,0.4,0.14,0.38,0.04,0.0,0.0,0.0,0.0,0.0,0.0,0.0,0.0,0.0,0.0,0.04
28,5,1,4,False,0.4135326599306778,0.047956829653884814,1,qUCB,0.8200000000000001,0.0,0.08,0.0,0.04,0.0,0.0,0.0,0.02,0.0,0.0,0.04,0.0,0.0,0.0
28,5,1,4,False,0.4135326599306778,0.047956829653884814,2,qUCB,0.72,0.0,0.18,0.0,0.0,0.0,0.0,0.0,0.04,0.0,0.0,0.02,0.0,0.04,0.0
28,5,1,4,False,0.4135326599306778,0.047956829653884814,3,qUCB,0.52,0.32,0.06,0.0,0.0,0.0,0.0,0.0,0.02,0.0,0.0,0.04,0.0,0.04,0.0
28,5,1,4,False,0.4135326599306778,0.047956829653884814,4,qUCB,0.76,0.02,0.12,0.0,0.02,0.0,0.0,0.0,0.0,0.0,0.0,0.04,0.0,0.04,0.0
28,6,0,5,False,0.5762665066185909,0.021420395321007035,0,qUCB,0.38,0.5,0.02,0.04,0.02,0.0,0.0,0.0,0.0,0.0,0.0,0.04,0.0,0.0,0.0
28,6,0,5,False,0.5762665066185909,0.021420395321007035,1,qUCB,0.7000000000000001,0.0,0.2,0.04,0.0,0.0,0.0,0.0,0.0,0.0,0.0,0.02,0.0,0.04,0.0
28,6,0,5,False,0.5762665066185909,0.021420395321007035,2,qUCB,0.8,0.0,0.12,0.0,0.02,0.0,0.0,0.0,0.0,0.0,0.0,0.04,0.0,0.0,0.02
28,6,0,5,False,0.5762665066185909,0.021420395321007035,3,qUCB,0.54,0.02,0.34,0.04,0.0,0.0,0.0,0.0,0.0,0.0,0.0,0.0,0.0,0.04,0.02
28,6,0,5,False,0.5762665066185909,0.021420395321007035,4,qUCB,0.0,0.56,0.44,0.0,0.0,0.0,0.0,0.0,0.0,0.0,0.0,0.0,0.0,0.0,0.0
29,1,5,0,True,0.7667057641398479,0.18850934230905914,0,qEHVI,0.36,0.16,0.38,0.04,0.0,0.0,0.0,0.0,0.0,0.0,0.0,0.02,0.0,0.04,0.0
29,1,5,0,True,0.7667057641398479,0.18850934230905914,1,qEHVI,0.44,0.28,0.18,0.04,0.02,0.0,0.0,0.0,0.0,0.0,0.0,0.0,0.0,0.04,0.0
29,1,5,0,True,0.7667057641398479,0.18850934230905914,2,qEHVI,0.44,0.16,0.3,0.04,0.0,0.0,0.0,0.0,0.0,0.0,0.0,0.04,0.0,0.0,0.02
29,1,5,0,True,0.7667057641398479,0.18850934230905914,3,qEHVI,0.54,0.0,0.36,0.02,0.0,0.0,0.0,0.0,0.0,0.0,0.0,0.02,0.0,0.02,0.04
29,1,5,0,True,0.7667057641398479,0.18850934230905914,4,qEHVI,0.72,0.18,0.04,0.0,0.0,0.0,0.0,0.0,0.0,0.0,0.0,0.0,0.0,0.04,0.02
29,2,4,1,False,0.7036093036518272,0.019924230539500876,0,qEHVI,0.36,0.16,0.38,0.04,0.0,0.0,0.0,0.0,0.0,0.0,0.0,0.02,0.0,0.04,0.0
29,2,4,1,False,0.7036093036518272,0.019924230539500876,1,qEHVI,0.44,0.28,0.18,0.04,0.02,0.0,0.0,0.0,0.0,0.0,0.0,0.0,0.0,0.04,0.0
29,2,4,1,False,0.7036093036518272,0.019924230539500876,2,qEHVI,0.44,0.16,0.3,0.04,0.0,0.0,0.0,0.0,0.0,0.0,0.0,0.04,0.0,0.0,0.02
29,2,4,1,False,0.7036093036518272,0.019924230539500876,3,qEHVI,0.54,0.0,0.36,0.02,0.0,0.0,0.0,0.0,0.0,0.0,0.0,0.02,0.0,0.02,0.04
29,2,4,1,False,0.7036093036518272,0.019924230539500876,4,qUCB,0.36,0.18,0.38,0.0,0.04,0.0,0.0,0.0,0.04,0.0,0.0,0.0,0.0,0.0,0.0
29,3,3,2,False,0.6070501305942797,0.020403058103370952,0,qEHVI,0.36,0.16,0.38,0.04,0.0,0.0,0.0,0.0,0.0,0.0,0.0,0.02,0.0,0.04,0.0
29,3,3,2,False,0.6070501305942797,0.020403058103370952,1,qEHVI,0.44,0.28,0.18,0.04,0.02,0.0,0.0,0.0,0.0,0.0,0.0,0.0,0.0,0.04,0.0
29,3,3,2,False,0.6070501305942797,0.020403058103370952,2,qEHVI,0.44,0.16,0.3,0.04,0.0,0.0,0.0,0.0,0.0,0.0,0.0,0.04,0.0,0.0,0.02
29,3,3,2,False,0.6070501305942797,0.020403058103370952,3,qUCB,0.4,0.14,0.38,0.0,0.0,0.0,0.0,0.0,0.04,0.0,0.0,0.0,0.0,0.0,0.04
29,3,3,2,False,0.6070501305942797,0.020403058103370952,4,qUCB,0.18,0.18,0.54,0.0,0.02,0.0,0.0,0.0,0.04,0.0,0.0,0.0,0.0,0.0,0.04
29,4,2,3,False,0.5054105017428183,0.10938399460208359,0,qEHVI,0.36,0.16,0.38,0.04,0.0,0.0,0.0,0.0,0.0,0.0,0.0,0.02,0.0,0.04,0.0
29,4,2,3,False,0.5054105017428183,0.10938399460208359,1,qEHVI,0.42,0.32,0.18,0.04,0.0,0.0,0.0,0.0,0.0,0.0,0.0,0.0,0.0,0.04,0.0
29,4,2,3,False,0.5054105017428183,0.10938399460208359,2,qUCB,0.4,0.14,0.38,0.0,0.0,0.0,0.0,0.0,0.04,0.0,0.0,0.0,0.0,0.0,0.04
29,4,2,3,False,0.5054105017428183,0.10938399460208359,3,qUCB,0.78,0.0,0.12,0.0,0.0,0.0,0.0,0.0,0.04,0.0,0.0,0.02,0.0,0.0,0.04
29,4,2,3,False,0.5054105017428183,0.10938399460208359,4,qUCB,0.4,0.12,0.4,0.0,0.04,0.0,0.0,0.0,0.0,0.0,0.0,0.0,0.0,0.0,0.04
29,5,1,4,False,0.3423619951786433,0.07422787912112838,0,qEHVI,0.36,0.16,0.38,0.04,0.0,0.0,0.0,0.0,0.0,0.0,0.0,0.02,0.0,0.04,0.0
29,5,1,4,False,0.3423619951786433,0.07422787912112838,1,qUCB,0.4,0.14,0.38,0.0,0.0,0.0,0.0,0.0,0.04,0.0,0.0,0.0,0.0,0.0,0.04
29,5,1,4,False,0.3423619951786433,0.07422787912112838,2,qUCB,0.8200000000000001,0.02,0.08,0.0,0.0,0.0,0.0,0.0,0.04,0.0,0.0,0.0,0.0,0.0,0.04
29,5,1,4,False,0.3423619951786433,0.07422787912112838,3,qUCB,0.24,0.48,0.18,0.0,0.04,0.0,0.0,0.0,0.04,0.0,0.0,0.0,0.0,0.0,0.02
29,5,1,4,False,0.3423619951786433,0.07422787912112838,4,qUCB,0.18,0.18,0.54,0.0,0.02,0.0,0.0,0.0,0.04,0.0,0.0,0.0,0.0,0.0,0.04
29,6,0,5,False,0.4238441093603217,0.19179766697928136,0,qUCB,0.42,0.12,0.36,0.04,0.0,0.0,0.0,0.0,0.04,0.0,0.0,0.0,0.0,0.02,0.0
29,6,0,5,False,0.4238441093603217,0.19179766697928136,1,qUCB,0.7000000000000001,0.02,0.18,0.02,0.0,0.0,0.0,0.0,0.0,0.0,0.0,0.04,0.0,0.04,0.0
29,6,0,5,False,0.4238441093603217,0.19179766697928136,2,qUCB,0.74,0.0,0.16,0.04,0.02,0.0,0.0,0.0,0.0,0.0,0.0,0.02,0.0,0.0,0.02
29,6,0,5,False,0.4238441093603217,0.19179766697928136,3,qUCB,0.44,0.28,0.18,0.04,0.02,0.0,0.0,0.0,0.0,0.0,0.0,0.0,0.0,0.04,0.0
29,6,0,5,False,0.4238441093603217,0.19179766697928136,4,qUCB,0.24,0.16,0.52,0.04,0.0,0.0,0.0,0.0,0.0,0.0,0.0,0.0,0.0,0.0,0.04
30,1,5,0,False,2.5871724883412632,0.12658396005527095,0,qEHVI,0.86,0.0,0.14,0.0,0.0,0.0,0.0,0.0,0.0,0.0,0.0,0.0,0.0,0.0,0.0
30,1,5,0,False,2.5871724883412632,0.12658396005527095,1,qEHVI,0.64,0.04,0.32,0.0,0.0,0.0,0.0,0.0,0.0,0.0,0.0,0.0,0.0,0.0,0.0
30,1,5,0,False,2.5871724883412632,0.12658396005527095,2,qEHVI,0.66,0.32,0.0,0.0,0.02,0.0,0.0,0.0,0.0,0.0,0.0,0.0,0.0,0.0,0.0
30,1,5,0,False,2.5871724883412632,0.12658396005527095,3,qEHVI,0.8200000000000001,0.0,0.16,0.02,0.0,0.0,0.0,0.0,0.0,0.0,0.0,0.0,0.0,0.0,0.0
30,1,5,0,False,2.5871724883412632,0.12658396005527095,4,qEHVI,0.5,0.04,0.46,0.0,0.0,0.0,0.0,0.0,0.0,0.0,0.0,0.0,0.0,0.0,0.0
30,2,4,1,True,2.411335437328616,0.26061021796570705,0,qEHVI,0.86,0.0,0.14,0.0,0.0,0.0,0.0,0.0,0.0,0.0,0.0,0.0,0.0,0.0,0.0
30,2,4,1,True,2.411335437328616,0.26061021796570705,1,qEHVI,0.64,0.04,0.32,0.0,0.0,0.0,0.0,0.0,0.0,0.0,0.0,0.0,0.0,0.0,0.0
30,2,4,1,True,2.411335437328616,0.26061021796570705,2,qEHVI,0.66,0.32,0.0,0.0,0.02,0.0,0.0,0.0,0.0,0.0,0.0,0.0,0.0,0.0,0.0
30,2,4,1,True,2.411335437328616,0.26061021796570705,3,qEHVI,0.8200000000000001,0.0,0.16,0.02,0.0,0.0,0.0,0.0,0.0,0.0,0.0,0.0,0.0,0.0,0.0
30,2,4,1,True,2.411335437328616,0.26061021796570705,4,qUCB,0.56,0.28,0.06,0.0,0.0,0.0,0.0,0.0,0.02,0.0,0.0,0.0,0.0,0.04,0.04
30,3,3,2,False,2.12451709875533,0.03695394874057545,0,qEHVI,0.86,0.0,0.14,0.0,0.0,0.0,0.0,0.0,0.0,0.0,0.0,0.0,0.0,0.0,0.0
30,3,3,2,False,2.12451709875533,0.03695394874057545,1,qEHVI,0.64,0.04,0.32,0.0,0.0,0.0,0.0,0.0,0.0,0.0,0.0,0.0,0.0,0.0,0.0
30,3,3,2,False,2.12451709875533,0.03695394874057545,2,qEHVI,0.8200000000000001,0.0,0.16,0.02,0.0,0.0,0.0,0.0,0.0,0.0,0.0,0.0,0.0,0.0,0.0
30,3,3,2,False,2.12451709875533,0.03695394874057545,3,qUCB,0.56,0.28,0.06,0.0,0.0,0.0,0.0,0.0,0.02,0.0,0.0,0.0,0.0,0.04,0.04
30,3,3,2,False,2.12451709875533,0.03695394874057545,4,qUCB,0.02,0.78,0.1,0.04,0.04,0.0,0.0,0.0,0.0,0.0,0.0,0.0,0.0,0.0,0.02
30,4,2,3,False,1.9332093392132876,0.056316190037943414,0,qEHVI,0.86,0.0,0.14,0.0,0.0,0.0,0.0,0.0,0.0,0.0,0.0,0.0,0.0,0.0,0.0
30,4,2,3,False,1.9332093392132876,0.056316190037943414,1,qEHVI,0.64,0.04,0.32,0.0,0.0,0.0,0.0,0.0,0.0,0.0,0.0,0.0,0.0,0.0,0.0
30,4,2,3,False,1.9332093392132876,0.056316190037943414,2,qUCB,0.56,0.28,0.06,0.0,0.0,0.0,0.0,0.0,0.02,0.0,0.0,0.0,0.0,0.04,0.04
30,4,2,3,False,1.9332093392132876,0.056316190037943414,3,qUCB,0.74,0.0,0.16,0.04,0.0,0.0,0.0,0.0,0.02,0.0,0.0,0.04,0.0,0.0,0.0
30,4,2,3,False,1.9332093392132876,0.056316190037943414,4,qUCB,0.02,0.78,0.1,0.04,0.04,0.0,0.0,0.0,0.0,0.0,0.0,0.0,0.0,0.0,0.02
30,5,1,4,False,1.498367997041367,0.13396052999140373,0,qEHVI,0.86,0.0,0.14,0.0,0.0,0.0,0.0,0.0,0.0,0.0,0.0,0.0,0.0,0.0,0.0
30,5,1,4,False,1.498367997041367,0.13396052999140373,1,qUCB,0.38,0.1,0.42,0.02,0.0,0.0,0.0,0.0,0.04,0.0,0.0,0.04,0.0,0.0,0.0
30,5,1,4,False,1.498367997041367,0.13396052999140373,2,qUCB,0.02,0.78,0.1,0.04,0.04,0.0,0.0,0.0,0.0,0.0,0.0,0.0,0.0,0.0,0.02
30,5,1,4,False,1.498367997041367,0.13396052999140373,3,qUCB,0.2,0.18,0.52,0.04,0.0,0.0,0.0,0.0,0.04,0.0,0.0,0.02,0.0,0.0,0.0
30,5,1,4,False,1.498367997041367,0.13396052999140373,4,qUCB,0.0,0.76,0.18,0.04,0.02,0.0,0.0,0.0,0.0,0.0,0.0,0.0,0.0,0.0,0.0
30,6,0,5,False,1.763667918694167,0.09400734079378203,0,qUCB,0.86,0.0,0.14,0.0,0.0,0.0,0.0,0.0,0.0,0.0,0.0,0.0,0.0,0.0,0.0
30,6,0,5,False,1.763667918694167,0.09400734079378203,1,qUCB,0.78,0.0,0.16,0.04,0.0,0.0,0.0,0.0,0.0,0.0,0.0,0.0,0.0,0.0,0.02
30,6,0,5,False,1.763667918694167,0.09400734079378203,2,qUCB,0.64,0.0,0.32,0.04,0.0,0.0,0.0,0.0,0.0,0.0,0.0,0.0,0.0,0.0,0.0
30,6,0,5,False,1.763667918694167,0.09400734079378203,3,qUCB,0.3,0.16,0.54,0.0,0.0,0.0,0.0,0.0,0.0,0.0,0.0,0.0,0.0,0.0,0.0
30,6,0,5,False,1.763667918694167,0.09400734079378203,4,qUCB,0.0,0.6,0.38,0.0,0.0,0.0,0.0,0.0,0.0,0.0,0.0,0.0,0.0,0.02,0.0
31,1,5,0,True,0.7552947622529503,0.14448015137185077,0,qEHVI,0.36,0.14,0.4,0.04,0.0,0.0,0.0,0.0,0.04,0.0,0.0,0.02,0.0,0.0,0.0
31,1,5,0,True,0.7552947622529503,0.14448015137185077,1,qEHVI,0.42,0.18,0.3,0.04,0.0,0.0,0.0,0.0,0.02,0.0,0.0,0.0,0.0,0.04,0.0
31,1,5,0,True,0.7552947622529503,0.14448015137185077,2,qEHVI,0.02,0.38,0.6,0.0,0.0,0.0,0.0,0.0,0.0,0.0,0.0,0.0,0.0,0.0,0.0
31,1,5,0,True,0.7552947622529503,0.14448015137185077,3,qEHVI,0.58,0.38,0.02,0.0,0.0,0.0,0.0,0.0,0.0,0.0,0.0,0.0,0.0,0.0,0.02
31,1,5,0,True,0.7552947622529503,0.14448015137185077,4,qEHVI,0.44,0.0,0.46,0.02,0.0,0.0,0.0,0.0,0.02,0.0,0.0,0.04,0.0,0.02,0.0
31,2,4,1,False,0.7388990082362346,0.1306325313347365,0,qEHVI,0.36,0.14,0.4,0.04,0.0,0.0,0.0,0.0,0.04,0.0,0.0,0.02,0.0,0.0,0.0
31,2,4,1,False,0.7388990082362346,0.1306325313347365,1,qEHVI,0.42,0.18,0.3,0.04,0.0,0.0,0.0,0.0,0.02,0.0,0.0,0.0,0.0,0.04,0.0
31,2,4,1,False,0.7388990082362346,0.1306325313347365,2,qEHVI,0.02,0.38,0.6,0.0,0.0,0.0,0.0,0.0,0.0,0.0,0.0,0.0,0.0,0.0,0.0
31,2,4,1,False,0.7388990082362346,0.1306325313347365,3,qEHVI,0.58,0.38,0.02,0.0,0.0,0.0,0.0,0.0,0.0,0.0,0.0,0.0,0.0,0.0,0.02
31,2,4,1,False,0.7388990082362346,0.1306325313347365,4,qUCB,0.42,0.1,0.38,0.0,0.04,0.0,0.0,0.0,0.0,0.0,0.0,0.04,0.0,0.02,0.0
31,3,3,2,False,0.5911273403868387,0.20186830730850502,0,qEHVI,0.36,0.14,0.4,0.04,0.0,0.0,0.0,0.0,0.04,0.0,0.0,0.02,0.0,0.0,0.0
31,3,3,2,False,0.5911273403868387,0.20186830730850502,1,qEHVI,0.42,0.18,0.3,0.04,0.0,0.0,0.0,0.0,0.02,0.0,0.0,0.0,0.0,0.04,0.0
31,3,3,2,False,0.5911273403868387,0.20186830730850502,2,qEHVI,0.02,0.38,0.6,0.0,0.0,0.0,0.0,0.0,0.0,0.0,0.0,0.0,0.0,0.0,0.0
31,3,3,2,False,0.5911273403868387,0.20186830730850502,3,qUCB,0.66,0.16,0.08,0.0,0.0,0.0,0.0,0.0,0.0,0.0,0.0,0.04,0.0,0.02,0.04
31,3,3,2,False,0.5911273403868387,0.20186830730850502,4,qUCB,0.6,0.24,0.06,0.0,0.04,0.0,0.0,0.0,0.0,0.0,0.0,0.04,0.0,0.0,0.02
31,4,2,3,False,0.5114545509632411,0.04849830145943912,0,qEHVI,0.36,0.14,0.4,0.04,0.0,0.0,0.0,0.0,0.04,0.0,0.0,0.02,0.0,0.0,0.0
31,4,2,3,False,0.5114545509632411,0.04849830145943912,1,qEHVI,0.38,0.22,0.3,0.04,0.02,0.0,0.0,0.0,0.0,0.0,0.0,0.02,0.0,0.02,0.0
31,4,2,3,False,0.5114545509632411,0.04849830145943912,2,qUCB,0.46,0.14,0.36,0.0,0.0,0.0,0.0,0.0,0.0,0.0,0.0,0.0,0.0,0.0,0.04
31,4,2,3,False,0.5114545509632411,0.04849830145943912,3,qUCB,0.54,0.2,0.16,0.0,0.0,0.0,0.0,0.0,0.02,0.0,0.0,0.0,0.0,0.04,0.04
31,4,2,3,False,0.5114545509632411,0.04849830145943912,4,qUCB,0.58,0.32,0.06,0.0,0.0,0.0,0.0,0.0,0.0,0.0,0.0,0.0,0.0,0.0,0.04
31,5,1,4,False,0.30520613691321613,0.07817969798925972,0,qEHVI,0.36,0.14,0.4,0.04,0.0,0.0,0.0,0.0,0.04,0.0,0.0,0.02,0.0,0.0,0.0
31,5,1,4,False,0.30520613691321613,0.07817969798925972,1,qUCB,0.48,0.02,0.4,0.0,0.02,0.0,0.0,0.0,0.0,0.0,0.0,0.0,0.0,0.04,0.04
31,5,1,4,False,0.30520613691321613,0.07817969798925972,2,qUCB,0.6,0.2,0.1,0.0,0.02,0.0,0.0,0.0,0.0,0.0,0.0,0.0,0.0,0.04,0.04
31,5,1,4,False,0.30520613691321613,0.07817969798925972,3,qUCB,0.52,0.2,0.18,0.0,0.02,0.0,0.0,0.0,0.0,0.0,0.0,0.0,0.0,0.04,0.04
31,5,1,4,False,0.30520613691321613,0.07817969798925972,4,qUCB,0.7000000000000001,0.14,0.06,0.0,0.04,0.0,0.0,0.0,0.0,0.0,0.0,0.0,0.0,0.04,0.02
31,6,0,5,False,0.4080867075988406,0.20649322298315775,0,qUCB,0.4,0.12,0.38,0.04,0.0,0.0,0.0,0.0,0.04,0.0,0.0,0.02,0.0,0.0,0.0
31,6,0,5,False,0.4080867075988406,0.20649322298315775,1,qUCB,0.5,0.14,0.36,0.0,0.0,0.0,0.0,0.0,0.0,0.0,0.0,0.0,0.0,0.0,0.0
31,6,0,5,False,0.4080867075988406,0.20649322298315775,2,qUCB,0.44,0.12,0.4,0.0,0.0,0.0,0.0,0.0,0.0,0.0,0.0,0.04,0.0,0.0,0.0
31,6,0,5,False,0.4080867075988406,0.20649322298315775,3,qUCB,0.0,0.5,0.5,0.0,0.0,0.0,0.0,0.0,0.0,0.0,0.0,0.0,0.0,0.0,0.0
31,6,0,5,False,0.4080867075988406,0.20649322298315775,4,qUCB,0.26,0.16,0.52,0.04,0.0,0.0,0.0,0.0,0.0,0.0,0.0,0.0,0.0,0.0,0.02
32,1,5,0,False,0.8661183872170429,0.28223417592882605,0,qEHVI,0.54,0.18,0.18,0.04,0.02,0.0,0.0,0.0,0.0,0.0,0.0,0.0,0.0,0.02,0.02
32,1,5,0,False,0.8661183872170429,0.28223417592882605,1,qEHVI,0.48,0.0,0.44,0.02,0.0,0.0,0.0,0.0,0.0,0.0,0.0,0.02,0.0,0.04,0.0
32,1,5,0,False,0.8661183872170429,0.28223417592882605,2,qEHVI,0.44,0.16,0.4,0.0,0.0,0.0,0.0,0.0,0.0,0.0,0.0,0.0,0.0,0.0,0.0
32,1,5,0,False,0.8661183872170429,0.28223417592882605,3,qEHVI,0.58,0.02,0.34,0.04,0.02,0.0,0.0,0.0,0.0,0.0,0.0,0.0,0.0,0.0,0.0
32,1,5,0,False,0.8661183872170429,0.28223417592882605,4,qEHVI,0.66,0.04,0.3,0.0,0.0,0.0,0.0,0.0,0.0,0.0,0.0,0.0,0.0,0.0,0.0
32,2,4,1,True,0.7424546709738059,0.5162613391836564,0,qEHVI,0.54,0.18,0.18,0.04,0.02,0.0,0.0,0.0,0.0,0.0,0.0,0.0,0.0,0.02,0.02
32,2,4,1,True,0.7424546709738059,0.5162613391836564,1,qEHVI,0.48,0.0,0.44,0.02,0.0,0.0,0.0,0.0,0.0,0.0,0.0,0.02,0.0,0.04,0.0
32,2,4,1,True,0.7424546709738059,0.5162613391836564,2,qEHVI,0.44,0.16,0.4,0.0,0.0,0.0,0.0,0.0,0.0,0.0,0.0,0.0,0.0,0.0,0.0
32,2,4,1,True,0.7424546709738059,0.5162613391836564,3,qEHVI,0.58,0.02,0.34,0.04,0.02,0.0,0.0,0.0,0.0,0.0,0.0,0.0,0.0,0.0,0.0
32,2,4,1,True,0.7424546709738059,0.5162613391836564,4,qUCB,0.64,0.2,0.06,0.0,0.02,0.0,0.0,0.0,0.0,0.0,0.0,0.04,0.0,0.0,0.04
32,3,3,2,False,0.7300034614887748,0.8020127024467163,0,qEHVI,0.54,0.18,0.18,0.04,0.02,0.0,0.0,0.0,0.0,0.0,0.0,0.0,0.0,0.02,0.02
32,3,3,2,False,0.7300034614887748,0.8020127024467163,1,qEHVI,0.48,0.0,0.44,0.02,0.0,0.0,0.0,0.0,0.0,0.0,0.0,0.02,0.0,0.04,0.0
32,3,3,2,False,0.7300034614887748,0.8020127024467163,2,qEHVI,0.44,0.16,0.4,0.0,0.0,0.0,0.0,0.0,0.0,0.0,0.0,0.0,0.0,0.0,0.0
32,3,3,2,False,0.7300034614887748,0.8020127024467163,3,qUCB,0.64,0.2,0.06,0.0,0.02,0.0,0.0,0.0,0.0,0.0,0.0,0.04,0.0,0.0,0.04
32,3,3,2,False,0.7300034614887748,0.8020127024467163,4,qUCB,0.6,0.14,0.16,0.0,0.0,0.0,0.0,0.0,0.04,0.0,0.0,0.0,0.0,0.02,0.04
32,4,2,3,False,0.5858157464892921,0.16077407270622857,0,qEHVI,0.54,0.18,0.18,0.04,0.02,0.0,0.0,0.0,0.0,0.0,0.0,0.0,0.0,0.02,0.02
32,4,2,3,False,0.5858157464892921,0.16077407270622857,1,qEHVI,0.48,0.0,0.44,0.02,0.0,0.0,0.0,0.0,0.0,0.0,0.0,0.02,0.0,0.04,0.0
32,4,2,3,False,0.5858157464892921,0.16077407270622857,2,qUCB,0.34,0.16,0.4,0.0,0.0,0.0,0.0,0.0,0.04,0.0,0.0,0.02,0.0,0.0,0.04
32,4,2,3,False,0.5858157464892921,0.16077407270622857,3,qUCB,0.52,0.2,0.18,0.0,0.0,0.0,0.0,0.0,0.04,0.0,0.0,0.02,0.0,0.0,0.04
32,4,2,3,False,0.5858157464892921,0.16077407270622857,4,qUCB,0.28,0.58,0.04,0.0,0.0,0.0,0.0,0.0,0.02,0.0,0.0,0.04,0.0,0.0,0.04
32,5,1,4,False,0.33351036833190534,0.16209194012562733,0,qEHVI,0.54,0.18,0.18,0.04,0.02,0.0,0.0,0.0,0.0,0.0,0.0,0.0,0.0,0.02,0.02
32,5,1,4,False,0.33351036833190534,0.16209194012562733,1,qUCB,0.66,0.2,0.06,0.0,0.0,0.0,0.0,0.0,0.04,0.0,0.0,0.04,0.0,0.0,0.0
32,5,1,4,False,0.33351036833190534,0.16209194012562733,2,qUCB,0.3,0.58,0.04,0.0,0.0,0.0,0.0,0.0,0.04,0.0,0.0,0.04,0.0,0.0,0.0
32,5,1,4,False,0.33351036833190534,0.16209194012562733,3,qUCB,0.44,0.04,0.42,0.0,0.02,0.0,0.0,0.0,0.04,0.0,0.0,0.04,0.0,0.0,0.0
32,5,1,4,False,0.33351036833190534,0.16209194012562733,4,qUCB,0.58,0.12,0.2,0.0,0.0,0.0,0.0,0.0,0.04,0.0,0.0,0.04,0.0,0.0,0.02
32,6,0,5,False,0.5983353651797176,0.14152459173086074,0,qUCB,0.44,0.14,0.36,0.02,0.0,0.0,0.0,0.0,0.0,0.0,0.0,0.04,0.0,0.0,0.0
32,6,0,5,False,0.5983353651797176,0.14152459173086074,1,qUCB,0.62,0.16,0.18,0.04,0.0,0.0,0.0,0.0,0.0,0.0,0.0,0.0,0.0,0.0,0.0
32,6,0,5,False,0.5983353651797176,0.14152459173086074,2,qUCB,0.56,0.26,0.16,0.0,0.02,0.0,0.0,0.0,0.0,0.0,0.0,0.0,0.0,0.0,0.0
32,6,0,5,False,0.5983353651797176,0.14152459173086074,3,qUCB,0.58,0.02,0.34,0.04,0.02,0.0,0.0,0.0,0.0,0.0,0.0,0.0,0.0,0.0,0.0
32,6,0,5,False,0.5983353651797176,0.14152459173086074,4,qUCB,0.58,0.16,0.16,0.0,0.04,0.0,0.0,0.0,0.02,0.0,0.0,0.02,0.0,0.0,0.02
33,1,5,0,False,0.7269871510494124,0.02249347359242826,0,qEHVI,0.6,0.0,0.3,0.0,0.04,0.0,0.0,0.0,0.02,0.0,0.0,0.0,0.0,0.04,0.0
33,1,5,0,False,0.7269871510494124,0.02249347359242826,1,qEHVI,0.52,0.0,0.46,0.0,0.0,0.0,0.0,0.0,0.0,0.0,0.0,0.0,0.0,0.0,0.02
33,1,5,0,False,0.7269871510494124,0.02249347359242826,2,qEHVI,0.38,0.16,0.4,0.04,0.02,0.0,0.0,0.0,0.0,0.0,0.0,0.0,0.0,0.0,0.0
33,1,5,0,False,0.7269871510494124,0.02249347359242826,3,qEHVI,0.4,0.2,0.3,0.04,0.02,0.0,0.0,0.0,0.0,0.0,0.0,0.0,0.0,0.0,0.04
33,1,5,0,False,0.7269871510494124,0.02249347359242826,4,qEHVI,0.46,0.0,0.44,0.02,0.0,0.0,0.0,0.0,0.0,0.0,0.0,0.04,0.0,0.0,0.04
33,2,4,1,True,0.6874591397477434,0.1427473093762366,0,qEHVI,0.6,0.0,0.3,0.0,0.04,0.0,0.0,0.0,0.02,0.0,0.0,0.0,0.0,0.04,0.0
33,2,4,1,True,0.6874591397477434,0.1427473093762366,1,qEHVI,0.52,0.0,0.46,0.0,0.0,0.0,0.0,0.0,0.0,0.0,0.0,0.0,0.0,0.0,0.02
33,2,4,1,True,0.6874591397477434,0.1427473093762366,2,qEHVI,0.38,0.16,0.4,0.04,0.02,0.0,0.0,0.0,0.0,0.0,0.0,0.0,0.0,0.0,0.0
33,2,4,1,True,0.6874591397477434,0.1427473093762366,3,qEHVI,0.4,0.2,0.3,0.04,0.02,0.0,0.0,0.0,0.0,0.0,0.0,0.0,0.0,0.0,0.04
33,2,4,1,True,0.6874591397477434,0.1427473093762366,4,qUCB,0.4,0.1,0.4,0.0,0.0,0.0,0.0,0.0,0.04,0.0,0.0,0.04,0.0,0.02,0.0
33,3,3,2,False,0.596976029065687,0.0833293294237496,0,qEHVI,0.6,0.0,0.3,0.0,0.04,0.0,0.0,0.0,0.02,0.0,0.0,0.0,0.0,0.04,0.0
33,3,3,2,False,0.596976029065687,0.0833293294237496,1,qEHVI,0.52,0.0,0.46,0.0,0.0,0.0,0.0,0.0,0.0,0.0,0.0,0.0,0.0,0.0,0.02
33,3,3,2,False,0.596976029065687,0.0833293294237496,2,qEHVI,0.38,0.16,0.4,0.04,0.02,0.0,0.0,0.0,0.0,0.0,0.0,0.0,0.0,0.0,0.0
33,3,3,2,False,0.596976029065687,0.0833293294237496,3,qUCB,0.4,0.1,0.4,0.0,0.0,0.0,0.0,0.0,0.04,0.0,0.0,0.04,0.0,0.02,0.0
33,3,3,2,False,0.596976029065687,0.0833293294237496,4,qUCB,0.28,0.1,0.54,0.0,0.0,0.0,0.0,0.0,0.0,0.0,0.0,0.04,0.0,0.04,0.0
33,4,2,3,False,0.47233982198389374,0.06640593970358316,0,qEHVI,0.6,0.0,0.3,0.0,0.04,0.0,0.0,0.0,0.02,0.0,0.0,0.0,0.0,0.04,0.0
33,4,2,3,False,0.47233982198389374,0.06640593970358316,1,qEHVI,0.52,0.0,0.46,0.0,0.0,0.0,0.0,0.0,0.0,0.0,0.0,0.0,0.0,0.0,0.02
33,4,2,3,False,0.47233982198389374,0.06640593970358316,2,qUCB,0.4,0.1,0.4,0.0,0.0,0.0,0.0,0.0,0.04,0.0,0.0,0.04,0.0,0.02,0.0
33,4,2,3,False,0.47233982198389374,0.06640593970358316,3,qUCB,0.2,0.62,0.08,0.04,0.0,0.0,0.0,0.0,0.04,0.0,0.0,0.02,0.0,0.0,0.0
33,4,2,3,False,0.47233982198389374,0.06640593970358316,4,qUCB,0.18,0.2,0.52,0.04,0.0,0.0,0.0,0.0,0.02,0.0,0.0,0.04,0.0,0.0,0.0
33,5,1,4,False,0.30020316529295055,0.3283567295713812,0,qEHVI,0.6,0.0,0.3,0.0,0.04,0.0,0.0,0.0,0.02,0.0,0.0,0.0,0.0,0.04,0.0
33,5,1,4,False,0.30020316529295055,0.3283567295713812,1,qUCB,0.42,0.1,0.38,0.04,0.0,0.0,0.0,0.0,0.0,0.0,0.0,0.02,0.0,0.0,0.04
33,5,1,4,False,0.30020316529295055,0.3283567295713812,2,qUCB,0.24,0.14,0.52,0.02,0.0,0.0,0.0,0.0,0.0,0.0,0.0,0.04,0.0,0.0,0.04
33,5,1,4,False,0.30020316529295055,0.3283567295713812,3,qUCB,0.3,0.5,0.1,0.04,0.0,0.0,0.0,0.0,0.0,0.0,0.0,0.02,0.0,0.0,0.04
33,5,1,4,False,0.30020316529295055,0.3283567295713812,4,qUCB,0.18,0.2,0.52,0.04,0.0,0.0,0.0,0.0,0.02,0.0,0.0,0.04,0.0,0.0,0.0
33,6,0,5,False,0.2859368604153669,0.009284838661876016,0,qUCB,0.42,0.16,0.38,0.02,0.0,0.0,0.0,0.0,0.02,0.0,0.0,0.0,0.0,0.0,0.0
33,6,0,5,False,0.2859368604153669,0.009284838661876016,1,qUCB,0.22,0.16,0.52,0.04,0.04,0.0,0.0,0.0,0.0,0.0,0.0,0.0,0.0,0.0,0.02
33,6,0,5,False,0.2859368604153669,0.009284838661876016,2,qUCB,0.0,0.5,0.5,0.0,0.0,0.0,0.0,0.0,0.0,0.0,0.0,0.0,0.0,0.0,0.0
33,6,0,5,False,0.2859368604153669,0.009284838661876016,3,qUCB,0.26,0.16,0.54,0.0,0.02,0.0,0.0,0.0,0.0,0.0,0.0,0.02,0.0,0.0,0.0
33,6,0,5,False,0.2859368604153669,0.009284838661876016,4,qUCB,0.4,0.54,0.06,0.0,0.0,0.0,0.0,0.0,0.0,0.0,0.0,0.0,0.0,0.0,0.0
34,1,5,0,False,0.8149822111766779,0.1296226783853056,0,qEHVI,0.44,0.0,0.54,0.0,0.0,0.0,0.0,0.0,0.0,0.0,0.0,0.0,0.0,0.02,0.0
34,1,5,0,False,0.8149822111766779,0.1296226783853056,1,qEHVI,0.5,0.12,0.36,0.0,0.0,0.0,0.0,0.0,0.02,0.0,0.0,0.0,0.0,0.0,0.0
34,1,5,0,False,0.8149822111766779,0.1296226783853056,2,qEHVI,0.36,0.24,0.32,0.04,0.0,0.0,0.0,0.0,0.0,0.0,0.0,0.04,0.0,0.0,0.0
34,1,5,0,False,0.8149822111766779,0.1296226783853056,3,qEHVI,0.66,0.24,0.04,0.0,0.0,0.0,0.0,0.0,0.02,0.0,0.0,0.0,0.0,0.02,0.02
34,1,5,0,False,0.8149822111766779,0.1296226783853056,4,qEHVI,0.5,0.12,0.3,0.04,0.0,0.0,0.0,0.0,0.0,0.0,0.0,0.04,0.0,0.0,0.0
34,2,4,1,True,0.7565580969532087,0.38362242616208864,0,qEHVI,0.44,0.0,0.54,0.0,0.0,0.0,0.0,0.0,0.0,0.0,0.0,0.0,0.0,0.02,0.0
34,2,4,1,True,0.7565580969532087,0.38362242616208864,1,qEHVI,0.5,0.12,0.36,0.0,0.0,0.0,0.0,0.0,0.02,0.0,0.0,0.0,0.0,0.0,0.0
34,2,4,1,True,0.7565580969532087,0.38362242616208864,2,qEHVI,0.36,0.24,0.32,0.04,0.0,0.0,0.0,0.0,0.0,0.0,0.0,0.04,0.0,0.0,0.0
34,2,4,1,True,0.7565580969532087,0.38362242616208864,3,qEHVI,0.66,0.24,0.04,0.0,0.0,0.0,0.0,0.0,0.02,0.0,0.0,0.0,0.0,0.02,0.02
34,2,4,1,True,0.7565580969532087,0.38362242616208864,4,qUCB,0.32,0.54,0.04,0.0,0.04,0.0,0.0,0.0,0.0,0.0,0.0,0.04,0.0,0.02,0.0
34,3,3,2,False,0.620254792094189,0.014210712182614937,0,qEHVI,0.44,0.0,0.54,0.0,0.0,0.0,0.0,0.0,0.0,0.0,0.0,0.0,0.0,0.02,0.0
34,3,3,2,False,0.620254792094189,0.014210712182614937,1,qEHVI,0.5,0.12,0.36,0.0,0.0,0.0,0.0,0.0,0.02,0.0,0.0,0.0,0.0,0.0,0.0
34,3,3,2,False,0.620254792094189,0.014210712182614937,2,qEHVI,0.36,0.24,0.32,0.04,0.0,0.0,0.0,0.0,0.0,0.0,0.0,0.04,0.0,0.0,0.0
34,3,3,2,False,0.620254792094189,0.014210712182614937,3,qUCB,0.44,0.1,0.36,0.0,0.04,0.0,0.0,0.0,0.0,0.0,0.0,0.02,0.0,0.0,0.04
34,3,3,2,False,0.620254792094189,0.014210712182614937,4,qUCB,0.2,0.18,0.52,0.04,0.02,0.0,0.0,0.0,0.0,0.0,0.0,0.0,0.0,0.0,0.04
34,4,2,3,False,0.5859141703655616,0.2837879709675102,0,qEHVI,0.44,0.0,0.54,0.0,0.0,0.0,0.0,0.0,0.0,0.0,0.0,0.0,0.0,0.02,0.0
34,4,2,3,False,0.5859141703655616,0.2837879709675102,1,qEHVI,0.5,0.12,0.36,0.0,0.0,0.0,0.0,0.0,0.02,0.0,0.0,0.0,0.0,0.0,0.0
34,4,2,3,False,0.5859141703655616,0.2837879709675102,2,qUCB,0.32,0.54,0.04,0.0,0.04,0.0,0.0,0.0,0.0,0.0,0.0,0.04,0.0,0.02,0.0
34,4,2,3,False,0.5859141703655616,0.2837879709675102,3,qUCB,0.2,0.18,0.52,0.04,0.02,0.0,0.0,0.0,0.0,0.0,0.0,0.0,0.0,0.0,0.04
34,4,2,3,False,0.5859141703655616,0.2837879709675102,4,qUCB,0.3,0.5,0.1,0.04,0.0,0.0,0.0,0.0,0.0,0.0,0.0,0.04,0.0,0.0,0.02
34,5,1,4,False,0.36353784721973925,0.2346007037098623,0,qEHVI,0.44,0.0,0.54,0.0,0.0,0.0,0.0,0.0,0.0,0.0,0.0,0.0,0.0,0.02,0.0
34,5,1,4,False,0.36353784721973925,0.2346007037098623,1,qUCB,0.38,0.5,0.02,0.0,0.02,0.0,0.0,0.0,0.0,0.0,0.0,0.04,0.0,0.0,0.04
34,5,1,4,False,0.36353784721973925,0.2346007037098623,2,qUCB,0.3,0.5,0.1,0.04,0.0,0.0,0.0,0.0,0.0,0.0,0.0,0.04,0.0,0.0,0.02
34,5,1,4,False,0.36353784721973925,0.2346007037098623,3,qUCB,0.2,0.18,0.52,0.04,0.02,0.0,0.0,0.0,0.0,0.0,0.0,0.0,0.0,0.0,0.04
34,5,1,4,False,0.36353784721973925,0.2346007037098623,4,qUCB,0.04,0.76,0.1,0.04,0.04,0.0,0.0,0.0,0.02,0.0,0.0,0.0,0.0,0.0,0.0
34,6,0,5,False,0.3953938043142646,0.03638436871858364,0,qUCB,0.5,0.12,0.36,0.0,0.0,0.0,0.0,0.0,0.02,0.0,0.0,0.0,0.0,0.0,0.0
34,6,0,5,False,0.3953938043142646,0.03638436871858364,1,qUCB,0.0,0.6,0.38,0.0,0.0,0.0,0.0,0.0,0.0,0.0,0.0,0.0,0.0,0.0,0.02
34,6,0,5,False,0.3953938043142646,0.03638436871858364,2,qUCB,0.22,0.16,0.52,0.04,0.04,0.0,0.0,0.0,0.0,0.0,0.0,0.0,0.0,0.02,0.0
34,6,0,5,False,0.3953938043142646,0.03638436871858364,3,qUCB,0.28,0.14,0.54,0.0,0.0,0.0,0.0,0.0,0.04,0.0,0.0,0.0,0.0,0.0,0.0
34,6,0,5,False,0.3953938043142646,0.03638436871858364,4,qUCB,0.46,0.14,0.34,0.04,0.0,0.0,0.0,0.0,0.0,0.0,0.0,0.0,0.0,0.02,0.0
35,1,5,0,False,0.7979067779704713,0.04154602879735769,0,qEHVI,0.64,0.0,0.36,0.0,0.0,0.0,0.0,0.0,0.0,0.0,0.0,0.0,0.0,0.0,0.0
35,1,5,0,False,0.7979067779704713,0.04154602879735769,1,qEHVI,0.34,0.26,0.3,0.04,0.02,0.0,0.0,0.0,0.0,0.0,0.0,0.02,0.0,0.0,0.02
35,1,5,0,False,0.7979067779704713,0.04154602879735769,2,qEHVI,0.36,0.14,0.4,0.04,0.0,0.0,0.0,0.0,0.04,0.0,0.0,0.0,0.0,0.02,0.0
35,1,5,0,False,0.7979067779704713,0.04154602879735769,3,qEHVI,0.46,0.02,0.44,0.0,0.02,0.0,0.0,0.0,0.0,0.0,0.0,0.02,0.0,0.0,0.04
35,1,5,0,False,0.7979067779704713,0.04154602879735769,4,qEHVI,0.26,0.0,0.72,0.0,0.02,0.0,0.0,0.0,0.0,0.0,0.0,0.0,0.0,0.0,0.0
35,2,4,1,True,0.7133933326244906,0.48027561545946895,0,qEHVI,0.64,0.0,0.36,0.0,0.0,0.0,0.0,0.0,0.0,0.0,0.0,0.0,0.0,0.0,0.0
35,2,4,1,True,0.7133933326244906,0.48027561545946895,1,qEHVI,0.34,0.26,0.3,0.04,0.02,0.0,0.0,0.0,0.0,0.0,0.0,0.02,0.0,0.0,0.02
35,2,4,1,True,0.7133933326244906,0.48027561545946895,2,qEHVI,0.36,0.14,0.4,0.04,0.0,0.0,0.0,0.0,0.04,0.0,0.0,0.0,0.0,0.02,0.0
35,2,4,1,True,0.7133933326244906,0.48027561545946895,3,qEHVI,0.46,0.02,0.44,0.0,0.02,0.0,0.0,0.0,0.0,0.0,0.0,0.02,0.0,0.0,0.04
35,2,4,1,True,0.7133933326244906,0.48027561545946895,4,qUCB,0.36,0.12,0.42,0.0,0.0,0.0,0.0,0.0,0.02,0.0,0.0,0.04,0.0,0.04,0.0
35,3,3,2,False,0.6652392454808713,0.01160514138888935,0,qEHVI,0.64,0.0,0.36,0.0,0.0,0.0,0.0,0.0,0.0,0.0,0.0,0.0,0.0,0.0,0.0
35,3,3,2,False,0.6652392454808713,0.01160514138888935,1,qEHVI,0.34,0.26,0.3,0.04,0.02,0.0,0.0,0.0,0.0,0.0,0.0,0.02,0.0,0.0,0.02
35,3,3,2,False,0.6652392454808713,0.01160514138888935,2,qEHVI,0.36,0.14,0.4,0.04,0.0,0.0,0.0,0.0,0.04,0.0,0.0,0.0,0.0,0.02,0.0
35,3,3,2,False,0.6652392454808713,0.01160514138888935,3,qUCB,0.56,0.28,0.06,0.0,0.02,0.0,0.0,0.0,0.0,0.0,0.0,0.0,0.0,0.04,0.04
35,3,3,2,False,0.6652392454808713,0.01160514138888935,4,qUCB,0.2,0.16,0.54,0.0,0.04,0.0,0.0,0.0,0.04,0.0,0.0,0.0,0.0,0.0,0.02
35,4,2,3,False,0.5390707962976715,0.06694044002381894,0,qEHVI,0.64,0.0,0.36,0.0,0.0,0.0,0.0,0.0,0.0,0.0,0.0,0.0,0.0,0.0,0.0
35,4,2,3,False,0.5390707962976715,0.06694044002381894,1,qEHVI,0.34,0.26,0.3,0.04,0.02,0.0,0.0,0.0,0.0,0.0,0.0,0.02,0.0,0.0,0.02
35,4,2,3,False,0.5390707962976715,0.06694044002381894,2,qUCB,0.56,0.28,0.06,0.0,0.02,0.0,0.0,0.0,0.0,0.0,0.0,0.0,0.0,0.04,0.04
35,4,2,3,False,0.5390707962976715,0.06694044002381894,3,qUCB,0.2,0.16,0.54,0.0,0.04,0.0,0.0,0.0,0.04,0.0,0.0,0.0,0.0,0.0,0.02
35,4,2,3,False,0.5390707962976715,0.06694044002381894,4,qUCB,0.0,0.62,0.38,0.0,0.0,0.0,0.0,0.0,0.0,0.0,0.0,0.0,0.0,0.0,0.0
35,5,1,4,False,0.38372087496606827,0.015229550772287936,0,qEHVI,0.64,0.0,0.36,0.0,0.0,0.0,0.0,0.0,0.0,0.0,0.0,0.0,0.0,0.0,0.0
35,5,1,4,False,0.38372087496606827,0.015229550772287936,1,qUCB,0.28,0.54,0.08,0.04,0.0,0.0,0.0,0.0,0.0,0.0,0.0,0.04,0.0,0.02,0.0
35,5,1,4,False,0.38372087496606827,0.015229550772287936,2,qUCB,0.0,0.8200000000000001,0.08,0.04,0.0,0.0,0.0,0.0,0.02,0.0,0.0,0.0,0.0,0.0,0.04
35,5,1,4,False,0.38372087496606827,0.015229550772287936,3,qUCB,0.0,0.72,0.18,0.04,0.0,0.0,0.0,0.0,0.02,0.0,0.0,0.04,0.0,0.0,0.0
35,5,1,4,False,0.38372087496606827,0.015229550772287936,4,qUCB,0.2,0.18,0.52,0.04,0.0,0.0,0.0,0.0,0.0,0.0,0.0,0.02,0.0,0.0,0.04
35,6,0,5,False,0.17978739511762903,0.04260969394220204,0,qUCB,0.42,0.14,0.36,0.04,0.0,0.0,0.0,0.0,0.04,0.0,0.0,0.0,0.0,0.0,0.0
35,6,0,5,False,0.17978739511762903,0.04260969394220204,1,qUCB,0.0,0.62,0.38,0.0,0.0,0.0,0.0,0.0,0.0,0.0,0.0,0.0,0.0,0.0,0.0
35,6,0,5,False,0.17978739511762903,0.04260969394220204,2,qUCB,0.22,0.16,0.52,0.04,0.02,0.0,0.0,0.0,0.0,0.0,0.0,0.0,0.0,0.02,0.02
35,6,0,5,False,0.17978739511762903,0.04260969394220204,3,qUCB,0.02,0.54,0.44,0.0,0.0,0.0,0.0,0.0,0.0,0.0,0.0,0.0,0.0,0.0,0.0
35,6,0,5,False,0.17978739511762903,0.04260969394220204,4,qUCB,0.24,0.16,0.54,0.0,0.0,0.0,0.0,0.0,0.0,0.0,0.0,0.02,0.0,0.02,0.02
36,1,5,0,False,0.5831500428925621,0.013445935916001517,0,qEHVI,0.36,0.14,0.4,0.04,0.02,0.0,0.0,0.0,0.0,0.0,0.0,0.0,0.0,0.0,0.04
36,1,5,0,False,0.5831500428925621,0.013445935916001517,1,qEHVI,0.46,0.0,0.46,0.04,0.02,0.0,0.0,0.0,0.0,0.0,0.0,0.0,0.0,0.02,0.0
36,1,5,0,False,0.5831500428925621,0.013445935916001517,2,qEHVI,0.64,0.0,0.32,0.0,0.0,0.0,0.0,0.0,0.0,0.0,0.0,0.0,0.0,0.04,0.0
36,1,5,0,False,0.5831500428925621,0.013445935916001517,3,qEHVI,0.38,0.22,0.3,0.02,0.02,0.0,0.0,0.0,0.02,0.0,0.0,0.0,0.0,0.04,0.0
36,1,5,0,False,0.5831500428925621,0.013445935916001517,4,qEHVI,0.4,0.16,0.36,0.04,0.0,0.0,0.0,0.0,0.0,0.0,0.0,0.02,0.0,0.0,0.02
36,2,4,1,False,0.49870368171934204,0.10447386938210279,0,qEHVI,0.36,0.14,0.4,0.04,0.02,0.0,0.0,0.0,0.0,0.0,0.0,0.0,0.0,0.0,0.04
36,2,4,1,False,0.49870368171934204,0.10447386938210279,1,qEHVI,0.46,0.0,0.46,0.04,0.02,0.0,0.0,0.0,0.0,0.0,0.0,0.0,0.0,0.02,0.0
36,2,4,1,False,0.49870368171934204,0.10447386938210279,2,qEHVI,0.64,0.0,0.32,0.0,0.0,0.0,0.0,0.0,0.0,0.0,0.0,0.0,0.0,0.04,0.0
36,2,4,1,False,0.49870368171934204,0.10447386938210279,3,qEHVI,0.38,0.22,0.3,0.02,0.02,0.0,0.0,0.0,0.02,0.0,0.0,0.0,0.0,0.04,0.0
36,2,4,1,False,0.49870368171934204,0.10447386938210279,4,qUCB,0.44,0.08,0.4,0.0,0.0,0.0,0.0,0.0,0.02,0.0,0.0,0.04,0.0,0.0,0.02
36,3,3,2,True,0.4550548134602926,0.27900757466519543,0,qEHVI,0.36,0.14,0.4,0.04,0.02,0.0,0.0,0.0,0.0,0.0,0.0,0.0,0.0,0.0,0.04
36,3,3,2,True,0.4550548134602926,0.27900757466519543,1,qEHVI,0.46,0.0,0.46,0.04,0.02,0.0,0.0,0.0,0.0,0.0,0.0,0.0,0.0,0.02,0.0
36,3,3,2,True,0.4550548134602926,0.27900757466519543,2,qEHVI,0.64,0.0,0.32,0.0,0.0,0.0,0.0,0.0,0.0,0.0,0.0,0.0,0.0,0.04,0.0
36,3,3,2,True,0.4550548134602926,0.27900757466519543,3,qUCB,0.42,0.12,0.36,0.0,0.04,0.0,0.0,0.0,0.02,0.0,0.0,0.04,0.0,0.0,0.0
36,3,3,2,True,0.4550548134602926,0.27900757466519543,4,qUCB,0.2,0.18,0.54,0.0,0.0,0.0,0.0,0.0,0.04,0.0,0.0,0.04,0.0,0.0,0.0
36,4,2,3,False,0.30865653553901545,0.07794563277680489,0,qEHVI,0.36,0.14,0.4,0.04,0.02,0.0,0.0,0.0,0.0,0.0,0.0,0.0,0.0,0.0,0.04
36,4,2,3,False,0.30865653553901545,0.07794563277680489,1,qEHVI,0.46,0.0,0.46,0.04,0.02,0.0,0.0,0.0,0.0,0.0,0.0,0.0,0.0,0.02,0.0
36,4,2,3,False,0.30865653553901545,0.07794563277680489,2,qUCB,0.34,0.52,0.06,0.0,0.0,0.0,0.0,0.0,0.04,0.0,0.0,0.04,0.0,0.0,0.0
36,4,2,3,False,0.30865653553901545,0.07794563277680489,3,qUCB,0.2,0.18,0.54,0.0,0.0,0.0,0.0,0.0,0.04,0.0,0.0,0.04,0.0,0.0,0.0
36,4,2,3,False,0.30865653553901545,0.07794563277680489,4,qUCB,0.26,0.52,0.14,0.0,0.0,0.0,0.0,0.0,0.04,0.0,0.0,0.04,0.0,0.0,0.0
36,5,1,4,False,0.2335779770912196,0.027983273807111075,0,qEHVI,0.36,0.14,0.4,0.04,0.02,0.0,0.0,0.0,0.0,0.0,0.0,0.0,0.0,0.0,0.04
36,5,1,4,False,0.2335779770912196,0.027983273807111075,1,qUCB,0.4,0.1,0.4,0.0,0.0,0.0,0.0,0.0,0.04,0.0,0.0,0.02,0.0,0.04,0.0
36,5,1,4,False,0.2335779770912196,0.027983273807111075,2,qUCB,0.2,0.18,0.54,0.0,0.0,0.0,0.0,0.0,0.04,0.0,0.0,0.04,0.0,0.0,0.0
36,5,1,4,False,0.2335779770912196,0.027983273807111075,3,qUCB,0.58,0.24,0.08,0.0,0.0,0.0,0.0,0.0,0.04,0.0,0.0,0.02,0.0,0.04,0.0
36,5,1,4,False,0.2335779770912196,0.027983273807111075,4,qUCB,0.3,0.1,0.5,0.0,0.0,0.0,0.0,0.0,0.04,0.0,0.0,0.02,0.0,0.04,0.0
36,6,0,5,False,0.18635240630492167,0.06602704074771637,0,qUCB,0.4,0.16,0.36,0.04,0.0,0.0,0.0,0.0,0.0,0.0,0.0,0.02,0.0,0.0,0.02
36,6,0,5,False,0.18635240630492167,0.06602704074771637,1,qUCB,0.24,0.14,0.52,0.04,0.02,0.0,0.0,0.0,0.0,0.0,0.0,0.02,0.0,0.02,0.0
36,6,0,5,False,0.18635240630492167,0.06602704074771637,2,qUCB,0.0,0.62,0.36,0.02,0.0,0.0,0.0,0.0,0.0,0.0,0.0,0.0,0.0,0.0,0.0
36,6,0,5,False,0.18635240630492167,0.06602704074771637,3,qUCB,0.24,0.18,0.54,0.0,0.0,0.0,0.0,0.0,0.02,0.0,0.0,0.0,0.0,0.02,0.0
36,6,0,5,False,0.18635240630492167,0.06602704074771637,4,qUCB,0.0,0.56,0.4,0.0,0.02,0.0,0.0,0.0,0.02,0.0,0.0,0.0,0.0,0.0,0.0
37,1,5,0,False,0.6597351438580211,0.13476988783689947,0,qEHVI,0.68,0.32,0.0,0.0,0.0,0.0,0.0,0.0,0.0,0.0,0.0,0.0,0.0,0.0,0.0
37,1,5,0,False,0.6597351438580211,0.13476988783689947,1,qEHVI,0.38,0.14,0.4,0.04,0.0,0.0,0.0,0.0,0.0,0.0,0.0,0.04,0.0,0.0,0.0
37,1,5,0,False,0.6597351438580211,0.13476988783689947,2,qEHVI,0.46,0.0,0.44,0.02,0.02,0.0,0.0,0.0,0.0,0.0,0.0,0.04,0.0,0.0,0.02
37,1,5,0,False,0.6597351438580211,0.13476988783689947,3,qEHVI,0.64,0.22,0.04,0.0,0.02,0.0,0.0,0.0,0.0,0.0,0.0,0.0,0.0,0.04,0.04
37,1,5,0,False,0.6597351438580211,0.13476988783689947,4,qEHVI,0.44,0.16,0.34,0.04,0.0,0.0,0.0,0.0,0.02,0.0,0.0,0.0,0.0,0.0,0.0
37,2,4,1,False,0.6247473091093932,0.07087360293023082,0,qEHVI,0.68,0.32,0.0,0.0,0.0,0.0,0.0,0.0,0.0,0.0,0.0,0.0,0.0,0.0,0.0
37,2,4,1,False,0.6247473091093932,0.07087360293023082,1,qEHVI,0.38,0.14,0.4,0.04,0.0,0.0,0.0,0.0,0.0,0.0,0.0,0.04,0.0,0.0,0.0
37,2,4,1,False,0.6247473091093932,0.07087360293023082,2,qEHVI,0.46,0.0,0.44,0.02,0.02,0.0,0.0,0.0,0.0,0.0,0.0,0.04,0.0,0.0,0.02
37,2,4,1,False,0.6247473091093932,0.07087360293023082,3,qEHVI,0.64,0.22,0.04,0.0,0.02,0.0,0.0,0.0,0.0,0.0,0.0,0.0,0.0,0.04,0.04
37,2,4,1,False,0.6247473091093932,0.07087360293023082,4,qUCB,0.36,0.14,0.4,0.02,0.0,0.0,0.0,0.0,0.04,0.0,0.0,0.0,0.0,0.0,0.04
37,3,3,2,True,0.5420988238474758,0.4433268188441364,0,qEHVI,0.38,0.14,0.4,0.04,0.0,0.0,0.0,0.0,0.0,0.0,0.0,0.04,0.0,0.0,0.0
37,3,3,2,True,0.5420988238474758,0.4433268188441364,1,qEHVI,0.68,0.32,0.0,0.0,0.0,0.0,0.0,0.0,0.0,0.0,0.0,0.0,0.0,0.0,0.0
37,3,3,2,True,0.5420988238474758,0.4433268188441364,2,qEHVI,0.46,0.0,0.44,0.02,0.02,0.0,0.0,0.0,0.0,0.0,0.0,0.04,0.0,0.0,0.02
37,3,3,2,True,0.5420988238474758,0.4433268188441364,3,qUCB,0.36,0.14,0.4,0.02,0.0,0.0,0.0,0.0,0.04,0.0,0.0,0.0,0.0,0.0,0.04
37,3,3,2,True,0.5420988238474758,0.4433268188441364,4,qUCB,0.0,0.72,0.18,0.04,0.04,0.0,0.0,0.0,0.0,0.0,0.0,0.0,0.0,0.0,0.02
37,4,2,3,False,0.44123914969490285,0.08092382063424752,0,qEHVI,0.38,0.14,0.4,0.04,0.0,0.0,0.0,0.0,0.0,0.0,0.0,0.04,0.0,0.0,0.0
37,4,2,3,False,0.44123914969490285,0.08092382063424752,1,qEHVI,0.68,0.32,0.0,0.0,0.0,0.0,0.0,0.0,0.0,0.0,0.0,0.0,0.0,0.0,0.0
37,4,2,3,False,0.44123914969490285,0.08092382063424752,2,qUCB,0.38,0.12,0.4,0.0,0.04,0.0,0.0,0.0,0.0,0.0,0.0,0.02,0.0,0.0,0.04
37,4,2,3,False,0.44123914969490285,0.08092382063424752,3,qUCB,0.0,0.72,0.18,0.04,0.04,0.0,0.0,0.0,0.0,0.0,0.0,0.0,0.0,0.0,0.02
37,4,2,3,False,0.44123914969490285,0.08092382063424752,4,qUCB,0.0,0.52,0.4,0.0,0.04,0.0,0.0,0.0,0.0,0.0,0.0,0.0,0.0,0.0,0.04
37,5,1,4,False,0.2887159279583132,0.025820504012232348,0,qEHVI,0.68,0.32,0.0,0.0,0.0,0.0,0.0,0.0,0.0,0.0,0.0,0.0,0.0,0.0,0.0
37,5,1,4,False,0.2887159279583132,0.025820504012232348,1,qUCB,0.38,0.12,0.4,0.0,0.04,0.0,0.0,0.0,0.0,0.0,0.0,0.02,0.0,0.0,0.04
37,5,1,4,False,0.2887159279583132,0.025820504012232348,2,qUCB,0.12,0.0,0.78,0.04,0.0,0.0,0.0,0.0,0.0,0.0,0.0,0.02,0.0,0.04,0.0
37,5,1,4,False,0.2887159279583132,0.025820504012232348,3,qUCB,0.0,0.72,0.18,0.04,0.04,0.0,0.0,0.0,0.0,0.0,0.0,0.0,0.0,0.0,0.02
37,5,1,4,False,0.2887159279583132,0.025820504012232348,4,qUCB,0.0,0.44,0.46,0.04,0.02,0.0,0.0,0.0,0.0,0.0,0.0,0.0,0.0,0.04,0.0
37,6,0,5,False,0.17319557834667146,0.00799784542778692,0,qUCB,0.42,0.14,0.36,0.04,0.0,0.0,0.0,0.0,0.02,0.0,0.0,0.02,0.0,0.0,0.0
37,6,0,5,False,0.17319557834667146,0.00799784542778692,1,qUCB,0.52,0.32,0.16,0.0,0.0,0.0,0.0,0.0,0.0,0.0,0.0,0.0,0.0,0.0,0.0
37,6,0,5,False,0.17319557834667146,0.00799784542778692,2,qUCB,0.0,0.6,0.38,0.0,0.0,0.0,0.0,0.0,0.0,0.0,0.0,0.0,0.0,0.02,0.0
37,6,0,5,False,0.17319557834667146,0.00799784542778692,3,qUCB,0.0,0.5,0.48,0.0,0.0,0.0,0.0,0.0,0.0,0.0,0.0,0.0,0.0,0.02,0.0
37,6,0,5,False,0.17319557834667146,0.00799784542778692,4,qUCB,0.02,0.44,0.48,0.04,0.0,0.0,0.0,0.0,0.02,0.0,0.0,0.0,0.0,0.0,0.0
38,1,5,0,False,0.6247811095105155,0.07129184651150311,0,qEHVI,0.46,0.08,0.46,0.0,0.0,0.0,0.0,0.0,0.0,0.0,0.0,0.0,0.0,0.0,0.0
38,1,5,0,False,0.6247811095105155,0.07129184651150311,1,qEHVI,0.42,0.18,0.36,0.04,0.0,0.0,0.0,0.0,0.0,0.0,0.0,0.0,0.0,0.0,0.0
38,1,5,0,False,0.6247811095105155,0.07129184651150311,2,qEHVI,0.38,0.22,0.3,0.02,0.0,0.0,0.0,0.0,0.0,0.0,0.0,0.02,0.0,0.04,0.02
38,1,5,0,False,0.6247811095105155,0.07129184651150311,3,qEHVI,0.66,0.2,0.04,0.0,0.04,0.0,0.0,0.0,0.0,0.0,0.0,0.0,0.0,0.02,0.04
38,1,5,0,False,0.6247811095105155,0.07129184651150311,4,qEHVI,0.6,0.06,0.34,0.0,0.0,0.0,0.0,0.0,0.0,0.0,0.0,0.0,0.0,0.0,0.0
38,2,4,1,False,0.5633060677878423,0.06637453462515808,0,qEHVI,0.46,0.08,0.46,0.0,0.0,0.0,0.0,0.0,0.0,0.0,0.0,0.0,0.0,0.0,0.0
38,2,4,1,False,0.5633060677878423,0.06637453462515808,1,qEHVI,0.42,0.18,0.36,0.04,0.0,0.0,0.0,0.0,0.0,0.0,0.0,0.0,0.0,0.0,0.0
38,2,4,1,False,0.5633060677878423,0.06637453462515808,2,qEHVI,0.38,0.22,0.3,0.02,0.0,0.0,0.0,0.0,0.0,0.0,0.0,0.02,0.0,0.04,0.02
38,2,4,1,False,0.5633060677878423,0.06637453462515808,3,qEHVI,0.66,0.2,0.04,0.0,0.04,0.0,0.0,0.0,0.0,0.0,0.0,0.0,0.0,0.02,0.04
38,2,4,1,False,0.5633060677878423,0.06637453462515808,4,qUCB,0.62,0.22,0.06,0.0,0.04,0.0,0.0,0.0,0.04,0.0,0.0,0.02,0.0,0.0,0.0
38,3,3,2,False,0.4827840092051578,0.030945308372453795,0,qEHVI,0.42,0.18,0.36,0.04,0.0,0.0,0.0,0.0,0.0,0.0,0.0,0.0,0.0,0.0,0.0
38,3,3,2,False,0.4827840092051578,0.030945308372453795,1,qEHVI,0.46,0.08,0.46,0.0,0.0,0.0,0.0,0.0,0.0,0.0,0.0,0.0,0.0,0.0,0.0
38,3,3,2,False,0.4827840092051578,0.030945308372453795,2,qEHVI,0.38,0.22,0.3,0.02,0.0,0.0,0.0,0.0,0.0,0.0,0.0,0.02,0.0,0.04,0.02
38,3,3,2,False,0.4827840092051578,0.030945308372453795,3,qUCB,0.6,0.24,0.06,0.0,0.04,0.0,0.0,0.0,0.04,0.0,0.0,0.0,0.0,0.02,0.0
38,3,3,2,False,0.4827840092051578,0.030945308372453795,4,qUCB,0.0,0.56,0.4,0.0,0.0,0.0,0.0,0.0,0.04,0.0,0.0,0.0,0.0,0.0,0.0
38,4,2,3,True,0.3678078316814384,0.2433420694722963,0,qEHVI,0.46,0.08,0.46,0.0,0.0,0.0,0.0,0.0,0.0,0.0,0.0,0.0,0.0,0.0,0.0
38,4,2,3,True,0.3678078316814384,0.2433420694722963,1,qEHVI,0.42,0.18,0.36,0.04,0.0,0.0,0.0,0.0,0.0,0.0,0.0,0.0,0.0,0.0,0.0
38,4,2,3,True,0.3678078316814384,0.2433420694722963,2,qUCB,0.6,0.24,0.06,0.0,0.0,0.0,0.0,0.0,0.02,0.0,0.0,0.0,0.0,0.04,0.04
38,4,2,3,True,0.3678078316814384,0.2433420694722963,3,qUCB,0.0,0.56,0.4,0.0,0.0,0.0,0.0,0.0,0.04,0.0,0.0,0.0,0.0,0.0,0.0
38,4,2,3,True,0.3678078316814384,0.2433420694722963,4,qUCB,0.0,0.58,0.36,0.0,0.04,0.0,0.0,0.0,0.02,0.0,0.0,0.0,0.0,0.0,0.0
38,5,1,4,False,0.30072431533681476,0.04343483443843166,0,qEHVI,0.42,0.18,0.36,0.04,0.0,0.0,0.0,0.0,0.0,0.0,0.0,0.0,0.0,0.0,0.0
38,5,1,4,False,0.30072431533681476,0.04343483443843166,1,qUCB,0.6,0.24,0.06,0.0,0.0,0.0,0.0,0.0,0.02,0.0,0.0,0.0,0.0,0.04,0.04
38,5,1,4,False,0.30072431533681476,0.04343483443843166,2,qUCB,0.0,0.56,0.4,0.0,0.0,0.0,0.0,0.0,0.04,0.0,0.0,0.0,0.0,0.0,0.0
38,5,1,4,False,0.30072431533681476,0.04343483443843166,3,qUCB,0.32,0.24,0.34,0.0,0.04,0.0,0.0,0.0,0.02,0.0,0.0,0.0,0.0,0.04,0.0
38,5,1,4,False,0.30072431533681476,0.04343483443843166,4,qUCB,0.0,0.5,0.46,0.0,0.02,0.0,0.0,0.0,0.0,0.0,0.0,0.0,0.0,0.0,0.02
38,6,0,5,False,0.26254540906830287,0.042875008726753094,0,qUCB,0.42,0.18,0.36,0.04,0.0,0.0,0.0,0.0,0.0,0.0,0.0,0.0,0.0,0.0,0.0
38,6,0,5,False,0.26254540906830287,0.042875008726753094,1,qUCB,0.0,0.62,0.36,0.0,0.0,0.0,0.0,0.0,0.02,0.0,0.0,0.0,0.0,0.0,0.0
38,6,0,5,False,0.26254540906830287,0.042875008726753094,2,qUCB,0.54,0.3,0.16,0.0,0.0,0.0,0.0,0.0,0.0,0.0,0.0,0.0,0.0,0.0,0.0
38,6,0,5,False,0.26254540906830287,0.042875008726753094,3,qUCB,0.18,0.0,0.78,0.04,0.0,0.0,0.0,0.0,0.0,0.0,0.0,0.0,0.0,0.0,0.0
38,6,0,5,False,0.26254540906830287,0.042875008726753094,4,qUCB,0.0,0.56,0.4,0.0,0.0,0.0,0.0,0.0,0.04,0.0,0.0,0.0,0.0,0.0,0.0
39,1,5,0,False,0.5532115058038497,0.23228113681266827,0,qEHVI,0.38,0.22,0.3,0.02,0.0,0.0,0.0,0.0,0.0,0.0,0.0,0.02,0.0,0.02,0.04
39,1,5,0,False,0.5532115058038497,0.23228113681266827,1,qEHVI,0.46,0.02,0.44,0.04,0.0,0.0,0.0,0.0,0.0,0.0,0.0,0.04,0.0,0.0,0.0
39,1,5,0,False,0.5532115058038497,0.23228113681266827,2,qEHVI,0.0,0.3,0.68,0.0,0.0,0.0,0.0,0.0,0.02,0.0,0.0,0.0,0.0,0.0,0.0
39,1,5,0,False,0.5532115058038497,0.23228113681266827,3,qEHVI,0.62,0.08,0.3,0.0,0.0,0.0,0.0,0.0,0.0,0.0,0.0,0.0,0.0,0.0,0.0
39,1,5,0,False,0.5532115058038497,0.23228113681266827,4,qEHVI,0.38,0.12,0.4,0.0,0.0,0.0,0.0,0.0,0.04,0.0,0.0,0.0,0.0,0.02,0.04
39,2,4,1,False,0.4733335913542546,0.11207769460971129,0,qEHVI,0.38,0.22,0.3,0.02,0.0,0.0,0.0,0.0,0.0,0.0,0.0,0.02,0.0,0.02,0.04
39,2,4,1,False,0.4733335913542546,0.11207769460971129,1,qEHVI,0.46,0.02,0.44,0.04,0.0,0.0,0.0,0.0,0.0,0.0,0.0,0.04,0.0,0.0,0.0
39,2,4,1,False,0.4733335913542546,0.11207769460971129,2,qEHVI,0.0,0.3,0.68,0.0,0.0,0.0,0.0,0.0,0.02,0.0,0.0,0.0,0.0,0.0,0.0
39,2,4,1,False,0.4733335913542546,0.11207769460971129,3,qEHVI,0.62,0.08,0.3,0.0,0.0,0.0,0.0,0.0,0.0,0.0,0.0,0.0,0.0,0.0,0.0
39,2,4,1,False,0.4733335913542546,0.11207769460971129,4,qUCB,0.62,0.22,0.06,0.0,0.04,0.0,0.0,0.0,0.0,0.0,0.0,0.02,0.0,0.04,0.0
39,3,3,2,True,0.4141644482605814,0.04942877390548084,0,qEHVI,0.38,0.22,0.3,0.02,0.0,0.0,0.0,0.0,0.0,0.0,0.0,0.02,0.0,0.02,0.04
39,3,3,2,True,0.4141644482605814,0.04942877390548084,1,qEHVI,0.46,0.02,0.44,0.04,0.0,0.0,0.0,0.0,0.0,0.0,0.0,0.04,0.0,0.0,0.0
39,3,3,2,True,0.4141644482605814,0.04942877390548084,2,qEHVI,0.0,0.3,0.68,0.0,0.0,0.0,0.0,0.0,0.02,0.0,0.0,0.0,0.0,0.0,0.0
39,3,3,2,True,0.4141644482605814,0.04942877390548084,3,qUCB,0.56,0.28,0.06,0.0,0.04,0.0,0.0,0.0,0.02,0.0,0.0,0.0,0.0,0.04,0.0
39,3,3,2,True,0.4141644482605814,0.04942877390548084,4,qUCB,0.54,0.2,0.16,0.0,0.04,0.0,0.0,0.0,0.02,0.0,0.0,0.0,0.0,0.04,0.0
39,4,2,3,False,0.3075000152985486,0.021159164066752112,0,qEHVI,0.38,0.22,0.3,0.02,0.0,0.0,0.0,0.0,0.0,0.0,0.0,0.02,0.0,0.02,0.04
39,4,2,3,False,0.3075000152985486,0.021159164066752112,1,qEHVI,0.46,0.02,0.44,0.04,0.0,0.0,0.0,0.0,0.0,0.0,0.0,0.04,0.0,0.0,0.0
39,4,2,3,False,0.3075000152985486,0.021159164066752112,2,qUCB,0.42,0.14,0.36,0.0,0.04,0.0,0.0,0.0,0.04,0.0,0.0,0.0,0.0,0.0,0.0
39,4,2,3,False,0.3075000152985486,0.021159164066752112,3,qUCB,0.3,0.5,0.12,0.0,0.04,0.0,0.0,0.0,0.04,0.0,0.0,0.0,0.0,0.0,0.0
39,4,2,3,False,0.3075000152985486,0.021159164066752112,4,qUCB,0.0,0.14,0.86,0.0,0.0,0.0,0.0,0.0,0.0,0.0,0.0,0.0,0.0,0.0,0.0
39,5,1,4,False,0.2161067930440377,0.1331290550951112,0,qEHVI,0.38,0.22,0.3,0.02,0.0,0.0,0.0,0.0,0.0,0.0,0.0,0.02,0.0,0.02,0.04
39,5,1,4,False,0.2161067930440377,0.1331290550951112,1,qUCB,0.42,0.14,0.36,0.0,0.04,0.0,0.0,0.0,0.04,0.0,0.0,0.0,0.0,0.0,0.0
39,5,1,4,False,0.2161067930440377,0.1331290550951112,2,qUCB,0.0,0.8,0.1,0.04,0.0,0.0,0.0,0.0,0.04,0.0,0.0,0.02,0.0,0.0,0.0
39,5,1,4,False,0.2161067930440377,0.1331290550951112,3,qUCB,0.32,0.22,0.36,0.0,0.04,0.0,0.0,0.0,0.04,0.0,0.0,0.02,0.0,0.0,0.0
39,5,1,4,False,0.2161067930440377,0.1331290550951112,4,qUCB,0.12,0.0,0.78,0.02,0.04,0.0,0.0,0.0,0.04,0.0,0.0,0.0,0.0,0.0,0.0
39,6,0,5,False,0.18598197769667518,0.2000141696795419,0,qUCB,0.42,0.14,0.42,0.02,0.0,0.0,0.0,0.0,0.0,0.0,0.0,0.0,0.0,0.0,0.0
39,6,0,5,False,0.18598197769667518,0.2000141696795419,1,qUCB,0.0,0.48,0.48,0.02,0.0,0.0,0.0,0.0,0.0,0.0,0.0,0.02,0.0,0.0,0.0
39,6,0,5,False,0.18598197769667518,0.2000141696795419,2,qUCB,0.64,0.28,0.06,0.0,0.0,0.0,0.0,0.0,0.0,0.0,0.0,0.02,0.0,0.0,0.0
39,6,0,5,False,0.18598197769667518,0.2000141696795419,3,qUCB,0.0,0.14,0.86,0.0,0.0,0.0,0.0,0.0,0.0,0.0,0.0,0.0,0.0,0.0,0.0
39,6,0,5,False,0.18598197769667518,0.2000141696795419,4,qUCB,0.3,0.5,0.1,0.04,0.0,0.0,0.0,0.0,0.0,0.0,0.0,0.04,0.0,0.02,0.0
40,1,5,0,False,0.7024976932175666,0.14595087420735986,0,qEHVI,0.6,0.0,0.34,0.0,0.02,0.0,0.0,0.0,0.0,0.0,0.0,0.04,0.0,0.0,0.0
40,1,5,0,False,0.7024976932175666,0.14595087420735986,1,qEHVI,0.32,0.46,0.12,0.04,0.0,0.0,0.0,0.0,0.0,0.0,0.0,0.04,0.0,0.0,0.02
40,1,5,0,False,0.7024976932175666,0.14595087420735986,2,qEHVI,0.38,0.22,0.3,0.02,0.0,0.0,0.0,0.0,0.0,0.0,0.0,0.04,0.0,0.0,0.04
40,1,5,0,False,0.7024976932175666,0.14595087420735986,3,qEHVI,0.38,0.12,0.4,0.0,0.02,0.0,0.0,0.0,0.0,0.0,0.0,0.0,0.0,0.04,0.04
40,1,5,0,False,0.7024976932175666,0.14595087420735986,4,qEHVI,0.5,0.0,0.48,0.0,0.0,0.0,0.0,0.0,0.02,0.0,0.0,0.0,0.0,0.0,0.0
40,2,4,1,False,0.6193408879590897,0.07982540404126937,0,qEHVI,0.6,0.0,0.34,0.0,0.02,0.0,0.0,0.0,0.0,0.0,0.0,0.04,0.0,0.0,0.0
40,2,4,1,False,0.6193408879590897,0.07982540404126937,1,qEHVI,0.32,0.46,0.12,0.04,0.0,0.0,0.0,0.0,0.0,0.0,0.0,0.04,0.0,0.0,0.02
40,2,4,1,False,0.6193408879590897,0.07982540404126937,2,qEHVI,0.38,0.22,0.3,0.02,0.0,0.0,0.0,0.0,0.0,0.0,0.0,0.04,0.0,0.0,0.04
40,2,4,1,False,0.6193408879590897,0.07982540404126937,3,qEHVI,0.38,0.12,0.4,0.0,0.02,0.0,0.0,0.0,0.0,0.0,0.0,0.0,0.0,0.04,0.04
40,2,4,1,False,0.6193408879590897,0.07982540404126937,4,qUCB,0.46,0.02,0.42,0.04,0.0,0.0,0.0,0.0,0.04,0.0,0.0,0.0,0.0,0.02,0.0
40,3,3,2,True,0.5221262893708418,0.18024659295622136,0,qEHVI,0.6,0.0,0.34,0.0,0.02,0.0,0.0,0.0,0.0,0.0,0.0,0.04,0.0,0.0,0.0
40,3,3,2,True,0.5221262893708418,0.18024659295622136,1,qEHVI,0.32,0.46,0.12,0.04,0.0,0.0,0.0,0.0,0.0,0.0,0.0,0.04,0.0,0.0,0.02
40,3,3,2,True,0.5221262893708418,0.18024659295622136,2,qEHVI,0.38,0.22,0.3,0.02,0.0,0.0,0.0,0.0,0.0,0.0,0.0,0.04,0.0,0.0,0.04
40,3,3,2,True,0.5221262893708418,0.18024659295622136,3,qUCB,0.4,0.12,0.38,0.02,0.0,0.0,0.0,0.0,0.04,0.0,0.0,0.0,0.0,0.04,0.0
40,3,3,2,True,0.5221262893708418,0.18024659295622136,4,qUCB,0.2,0.54,0.16,0.0,0.02,0.0,0.0,0.0,0.04,0.0,0.0,0.0,0.0,0.04,0.0
40,4,2,3,False,0.44252556411177635,0.4228878881131557,0,qEHVI,0.6,0.0,0.34,0.0,0.02,0.0,0.0,0.0,0.0,0.0,0.0,0.04,0.0,0.0,0.0
40,4,2,3,False,0.44252556411177635,0.4228878881131557,1,qEHVI,0.38,0.22,0.3,0.02,0.0,0.0,0.0,0.0,0.0,0.0,0.0,0.04,0.0,0.0,0.04
40,4,2,3,False,0.44252556411177635,0.4228878881131557,2,qUCB,0.4,0.12,0.38,0.02,0.0,0.0,0.0,0.0,0.04,0.0,0.0,0.0,0.0,0.04,0.0
40,4,2,3,False,0.44252556411177635,0.4228878881131557,3,qUCB,0.32,0.5,0.1,0.04,0.0,0.0,0.0,0.0,0.0,0.0,0.0,0.0,0.0,0.04,0.0
40,4,2,3,False,0.44252556411177635,0.4228878881131557,4,qUCB,0.0,0.44,0.48,0.04,0.02,0.0,0.0,0.0,0.0,0.0,0.0,0.0,0.0,0.0,0.02
40,5,1,4,False,0.312297223616933,0.035332317764055654,0,qEHVI,0.6,0.0,0.34,0.0,0.02,0.0,0.0,0.0,0.0,0.0,0.0,0.04,0.0,0.0,0.0
40,5,1,4,False,0.312297223616933,0.035332317764055654,1,qUCB,0.4,0.1,0.4,0.04,0.0,0.0,0.0,0.0,0.02,0.0,0.0,0.0,0.0,0.0,0.04
40,5,1,4,False,0.312297223616933,0.035332317764055654,2,qUCB,0.32,0.5,0.1,0.04,0.0,0.0,0.0,0.0,0.0,0.0,0.0,0.0,0.0,0.04,0.0
40,5,1,4,False,0.312297223616933,0.035332317764055654,3,qUCB,0.0,0.44,0.48,0.04,0.02,0.0,0.0,0.0,0.0,0.0,0.0,0.0,0.0,0.0,0.02
40,5,1,4,False,0.312297223616933,0.035332317764055654,4,qUCB,0.1,0.72,0.08,0.04,0.0,0.0,0.0,0.0,0.04,0.0,0.0,0.0,0.0,0.0,0.02
40,6,0,5,False,0.3066612834024717,0.09950956671463551,0,qUCB,0.38,0.12,0.4,0.0,0.02,0.0,0.0,0.0,0.0,0.0,0.0,0.0,0.0,0.04,0.04
40,6,0,5,False,0.3066612834024717,0.09950956671463551,1,qUCB,0.3,0.5,0.1,0.04,0.0,0.0,0.0,0.0,0.02,0.0,0.0,0.04,0.0,0.0,0.0
40,6,0,5,False,0.3066612834024717,0.09950956671463551,2,qUCB,0.0,0.44,0.48,0.04,0.02,0.0,0.0,0.0,0.0,0.0,0.0,0.0,0.0,0.0,0.02
40,6,0,5,False,0.3066612834024717,0.09950956671463551,3,qUCB,0.3,0.52,0.14,0.0,0.0,0.0,0.0,0.0,0.0,0.0,0.0,0.04,0.0,0.0,0.0
40,6,0,5,False,0.3066612834024717,0.09950956671463551,4,qUCB,0.2,0.62,0.08,0.04,0.0,0.0,0.0,0.0,0.02,0.0,0.0,0.04,0.0,0.0,0.0
41,1,5,0,False,0.5287794960980714,0.2021514921954921,0,qEHVI,0.36,0.22,0.32,0.02,0.0,0.0,0.0,0.0,0.0,0.0,0.0,0.04,0.0,0.02,0.02
41,1,5,0,False,0.5287794960980714,0.2021514921954921,1,qEHVI,0.48,0.02,0.44,0.02,0.0,0.0,0.0,0.0,0.04,0.0,0.0,0.0,0.0,0.0,0.0
41,1,5,0,False,0.5287794960980714,0.2021514921954921,2,qEHVI,0.38,0.3,0.22,0.04,0.0,0.0,0.0,0.0,0.02,0.0,0.0,0.04,0.0,0.0,0.0
41,1,5,0,False,0.5287794960980714,0.2021514921954921,3,qEHVI,0.44,0.16,0.3,0.02,0.0,0.0,0.0,0.0,0.04,0.0,0.0,0.04,0.0,0.0,0.0
41,1,5,0,False,0.5287794960980714,0.2021514921954921,4,qEHVI,0.38,0.14,0.4,0.04,0.0,0.0,0.0,0.0,0.0,0.0,0.0,0.02,0.0,0.02,0.0
41,2,4,1,False,0.4849061159018479,0.021158612213028505,0,qEHVI,0.36,0.22,0.32,0.02,0.0,0.0,0.0,0.0,0.0,0.0,0.0,0.04,0.0,0.02,0.02
41,2,4,1,False,0.4849061159018479,0.021158612213028505,1,qEHVI,0.48,0.02,0.44,0.02,0.0,0.0,0.0,0.0,0.04,0.0,0.0,0.0,0.0,0.0,0.0
41,2,4,1,False,0.4849061159018479,0.021158612213028505,2,qEHVI,0.38,0.3,0.22,0.04,0.0,0.0,0.0,0.0,0.02,0.0,0.0,0.04,0.0,0.0,0.0
41,2,4,1,False,0.4849061159018479,0.021158612213028505,3,qEHVI,0.44,0.16,0.3,0.02,0.0,0.0,0.0,0.0,0.04,0.0,0.0,0.04,0.0,0.0,0.0
41,2,4,1,False,0.4849061159018479,0.021158612213028505,4,qUCB,0.46,0.12,0.34,0.0,0.04,0.0,0.0,0.0,0.0,0.0,0.0,0.0,0.0,0.04,0.0
41,3,3,2,True,0.4157680801224142,0.006938920239373481,0,qEHVI,0.38,0.24,0.3,0.0,0.0,0.0,0.0,0.0,0.0,0.0,0.0,0.04,0.0,0.04,0.0
41,3,3,2,True,0.4157680801224142,0.006938920239373481,1,qEHVI,0.48,0.02,0.44,0.02,0.0,0.0,0.0,0.0,0.04,0.0,0.0,0.0,0.0,0.0,0.0
41,3,3,2,True,0.4157680801224142,0.006938920239373481,2,qEHVI,0.38,0.3,0.22,0.04,0.0,0.0,0.0,0.0,0.02,0.0,0.0,0.04,0.0,0.0,0.0
41,3,3,2,True,0.4157680801224142,0.006938920239373481,3,qUCB,0.42,0.06,0.42,0.0,0.04,0.0,0.0,0.0,0.0,0.0,0.0,0.0,0.0,0.02,0.04
41,3,3,2,True,0.4157680801224142,0.006938920239373481,4,qUCB,0.0,0.9,0.08,0.0,0.02,0.0,0.0,0.0,0.0,0.0,0.0,0.0,0.0,0.0,0.0
41,4,2,3,False,0.2897678974585852,0.11459723402537847,0,qEHVI,0.36,0.22,0.32,0.02,0.0,0.0,0.0,0.0,0.0,0.0,0.0,0.04,0.0,0.02,0.02
41,4,2,3,False,0.2897678974585852,0.11459723402537847,1,qEHVI,0.48,0.02,0.44,0.02,0.0,0.0,0.0,0.0,0.04,0.0,0.0,0.0,0.0,0.0,0.0
41,4,2,3,False,0.2897678974585852,0.11459723402537847,2,qUCB,0.46,0.12,0.34,0.0,0.04,0.0,0.0,0.0,0.0,0.0,0.0,0.0,0.0,0.04,0.0
41,4,2,3,False,0.2897678974585852,0.11459723402537847,3,qUCB,0.0,0.9,0.08,0.0,0.02,0.0,0.0,0.0,0.0,0.0,0.0,0.0,0.0,0.0,0.0
41,4,2,3,False,0.2897678974585852,0.11459723402537847,4,qUCB,0.14,0.0,0.78,0.0,0.04,0.0,0.0,0.0,0.0,0.0,0.0,0.0,0.0,0.0,0.04
41,5,1,4,False,0.24244956407512014,0.017950454845425234,0,qEHVI,0.36,0.22,0.32,0.02,0.0,0.0,0.0,0.0,0.0,0.0,0.0,0.04,0.0,0.02,0.02
41,5,1,4,False,0.24244956407512014,0.017950454845425234,1,qUCB,0.46,0.02,0.42,0.0,0.04,0.0,0.0,0.0,0.04,0.0,0.0,0.0,0.0,0.02,0.0
41,5,1,4,False,0.24244956407512014,0.017950454845425234,2,qUCB,0.0,0.46,0.48,0.04,0.0,0.0,0.0,0.0,0.02,0.0,0.0,0.0,0.0,0.0,0.0
41,5,1,4,False,0.24244956407512014,0.017950454845425234,3,qUCB,0.0,0.14,0.86,0.0,0.0,0.0,0.0,0.0,0.0,0.0,0.0,0.0,0.0,0.0,0.0
41,5,1,4,False,0.24244956407512014,0.017950454845425234,4,qUCB,0.0,0.9,0.08,0.0,0.02,0.0,0.0,0.0,0.0,0.0,0.0,0.0,0.0,0.0,0.0
41,6,0,5,False,0.245302598299046,0.035514412052673805,0,qUCB,0.72,0.2,0.06,0.0,0.0,0.0,0.0,0.0,0.0,0.0,0.0,0.02,0.0,0.0,0.0
41,6,0,5,False,0.245302598299046,0.035514412052673805,1,qUCB,0.0,0.46,0.48,0.04,0.0,0.0,0.0,0.0,0.02,0.0,0.0,0.0,0.0,0.0,0.0
41,6,0,5,False,0.245302598299046,0.035514412052673805,2,qUCB,0.0,0.14,0.86,0.0,0.0,0.0,0.0,0.0,0.0,0.0,0.0,0.0,0.0,0.0,0.0
41,6,0,5,False,0.245302598299046,0.035514412052673805,3,qUCB,0.68,0.02,0.2,0.04,0.0,0.0,0.0,0.0,0.0,0.0,0.0,0.04,0.0,0.02,0.0
41,6,0,5,False,0.245302598299046,0.035514412052673805,4,qUCB,0.0,0.5,0.46,0.0,0.0,0.0,0.0,0.0,0.02,0.0,0.0,0.0,0.0,0.02,0.0
42,1,5,0,False,0.6179974290555582,0.1511726637265518,0,qEHVI,0.0,0.6,0.38,0.0,0.0,0.0,0.0,0.0,0.0,0.0,0.0,0.0,0.0,0.0,0.02
42,1,5,0,False,0.6179974290555582,0.1511726637265518,1,qEHVI,0.6,0.02,0.34,0.0,0.0,0.0,0.0,0.0,0.0,0.0,0.0,0.04,0.0,0.0,0.0
42,1,5,0,False,0.6179974290555582,0.1511726637265518,2,qEHVI,0.36,0.14,0.4,0.02,0.0,0.0,0.0,0.0,0.04,0.0,0.0,0.04,0.0,0.0,0.0
42,1,5,0,False,0.6179974290555582,0.1511726637265518,3,qEHVI,0.34,0.24,0.32,0.04,0.02,0.0,0.0,0.0,0.0,0.0,0.0,0.04,0.0,0.0,0.0
42,1,5,0,False,0.6179974290555582,0.1511726637265518,4,qEHVI,0.42,0.18,0.3,0.02,0.0,0.0,0.0,0.0,0.0,0.0,0.0,0.02,0.0,0.02,0.04
42,2,4,1,False,0.5755382230608547,0.022381905917310263,0,qEHVI,0.0,0.6,0.38,0.0,0.0,0.0,0.0,0.0,0.0,0.0,0.0,0.0,0.0,0.0,0.02
42,2,4,1,False,0.5755382230608547,0.022381905917310263,1,qEHVI,0.6,0.02,0.34,0.0,0.0,0.0,0.0,0.0,0.0,0.0,0.0,0.04,0.0,0.0,0.0
42,2,4,1,False,0.5755382230608547,0.022381905917310263,2,qEHVI,0.36,0.14,0.4,0.02,0.0,0.0,0.0,0.0,0.04,0.0,0.0,0.04,0.0,0.0,0.0
42,2,4,1,False,0.5755382230608547,0.022381905917310263,3,qEHVI,0.34,0.24,0.32,0.04,0.02,0.0,0.0,0.0,0.0,0.0,0.0,0.04,0.0,0.0,0.0
42,2,4,1,False,0.5755382230608547,0.022381905917310263,4,qUCB,0.4,0.08,0.42,0.0,0.04,0.0,0.0,0.0,0.02,0.0,0.0,0.0,0.0,0.04,0.0
42,3,3,2,True,0.5114115248595718,0.012544614708991375,0,qEHVI,0.0,0.6,0.38,0.0,0.0,0.0,0.0,0.0,0.0,0.0,0.0,0.0,0.0,0.0,0.02
42,3,3,2,True,0.5114115248595718,0.012544614708991375,1,qEHVI,0.6,0.02,0.34,0.0,0.0,0.0,0.0,0.0,0.0,0.0,0.0,0.04,0.0,0.0,0.0
42,3,3,2,True,0.5114115248595718,0.012544614708991375,2,qEHVI,0.36,0.14,0.4,0.02,0.0,0.0,0.0,0.0,0.04,0.0,0.0,0.04,0.0,0.0,0.0
42,3,3,2,True,0.5114115248595718,0.012544614708991375,3,qUCB,0.4,0.08,0.42,0.0,0.04,0.0,0.0,0.0,0.02,0.0,0.0,0.0,0.0,0.04,0.0
42,3,3,2,True,0.5114115248595718,0.012544614708991375,4,qUCB,0.7000000000000001,0.0,0.2,0.04,0.0,0.0,0.0,0.0,0.0,0.0,0.0,0.0,0.0,0.04,0.02
42,4,2,3,False,0.40906648254636563,0.01868940027545629,0,qEHVI,0.0,0.6,0.38,0.0,0.0,0.0,0.0,0.0,0.0,0.0,0.0,0.0,0.0,0.0,0.02
42,4,2,3,False,0.40906648254636563,0.01868940027545629,1,qEHVI,0.6,0.02,0.34,0.0,0.0,0.0,0.0,0.0,0.0,0.0,0.0,0.04,0.0,0.0,0.0
42,4,2,3,False,0.40906648254636563,0.01868940027545629,2,qUCB,0.44,0.08,0.38,0.04,0.02,0.0,0.0,0.0,0.04,0.0,0.0,0.0,0.0,0.0,0.0
42,4,2,3,False,0.40906648254636563,0.01868940027545629,3,qUCB,0.7000000000000001,0.0,0.2,0.04,0.0,0.0,0.0,0.0,0.0,0.0,0.0,0.0,0.0,0.04,0.02
42,4,2,3,False,0.40906648254636563,0.01868940027545629,4,qUCB,0.0,0.46,0.48,0.04,0.02,0.0,0.0,0.0,0.0,0.0,0.0,0.0,0.0,0.0,0.0
42,5,1,4,False,0.2616953345340087,0.08435919439355075,0,qEHVI,0.0,0.6,0.38,0.0,0.0,0.0,0.0,0.0,0.0,0.0,0.0,0.0,0.0,0.0,0.02
42,5,1,4,False,0.2616953345340087,0.08435919439355075,1,qUCB,0.7000000000000001,0.14,0.06,0.0,0.04,0.0,0.0,0.0,0.0,0.0,0.0,0.04,0.0,0.02,0.0
42,5,1,4,False,0.2616953345340087,0.08435919439355075,2,qUCB,0.72,0.0,0.2,0.04,0.0,0.0,0.0,0.0,0.0,0.0,0.0,0.04,0.0,0.0,0.0
42,5,1,4,False,0.2616953345340087,0.08435919439355075,3,qUCB,0.78,0.0,0.12,0.04,0.02,0.0,0.0,0.0,0.0,0.0,0.0,0.04,0.0,0.0,0.0
42,5,1,4,False,0.2616953345340087,0.08435919439355075,4,qUCB,0.66,0.02,0.22,0.04,0.0,0.0,0.0,0.0,0.02,0.0,0.0,0.0,0.0,0.04,0.0
42,6,0,5,False,0.26009614363571654,0.019595750649619603,0,qUCB,0.38,0.12,0.42,0.04,0.0,0.0,0.0,0.0,0.0,0.0,0.0,0.04,0.0,0.0,0.0
42,6,0,5,False,0.26009614363571654,0.019595750649619603,1,qUCB,0.0,0.46,0.48,0.04,0.02,0.0,0.0,0.0,0.0,0.0,0.0,0.0,0.0,0.0,0.0
42,6,0,5,False,0.26009614363571654,0.019595750649619603,2,qUCB,0.72,0.0,0.2,0.04,0.0,0.0,0.0,0.0,0.0,0.0,0.0,0.04,0.0,0.0,0.0
42,6,0,5,False,0.26009614363571654,0.019595750649619603,3,qUCB,0.78,0.16,0.06,0.0,0.0,0.0,0.0,0.0,0.0,0.0,0.0,0.0,0.0,0.0,0.0
42,6,0,5,False,0.26009614363571654,0.019595750649619603,4,qUCB,0.18,0.0,0.8,0.0,0.02,0.0,0.0,0.0,0.0,0.0,0.0,0.0,0.0,0.0,0.0
43,1,5,0,False,0.6037145822211653,0.04324616186498531,0,qEHVI,0.36,0.14,0.4,0.04,0.0,0.0,0.0,0.0,0.0,0.0,0.0,0.04,0.0,0.0,0.02
43,1,5,0,False,0.6037145822211653,0.04324616186498531,1,qEHVI,0.0,0.42,0.54,0.04,0.0,0.0,0.0,0.0,0.0,0.0,0.0,0.0,0.0,0.0,0.0
43,1,5,0,False,0.6037145822211653,0.04324616186498531,2,qEHVI,0.64,0.0,0.32,0.02,0.0,0.0,0.0,0.0,0.0,0.0,0.0,0.0,0.0,0.0,0.02
43,1,5,0,False,0.6037145822211653,0.04324616186498531,3,qEHVI,0.46,0.0,0.44,0.02,0.04,0.0,0.0,0.0,0.0,0.0,0.0,0.0,0.0,0.02,0.02
43,1,5,0,False,0.6037145822211653,0.04324616186498531,4,qEHVI,0.46,0.16,0.3,0.04,0.0,0.0,0.0,0.0,0.0,0.0,0.0,0.02,0.0,0.02,0.0
43,2,4,1,False,0.5200600489115598,0.05929873899652627,0,qEHVI,0.36,0.14,0.4,0.04,0.0,0.0,0.0,0.0,0.0,0.0,0.0,0.04,0.0,0.0,0.02
43,2,4,1,False,0.5200600489115598,0.05929873899652627,1,qEHVI,0.0,0.42,0.54,0.04,0.0,0.0,0.0,0.0,0.0,0.0,0.0,0.0,0.0,0.0,0.0
43,2,4,1,False,0.5200600489115598,0.05929873899652627,2,qEHVI,0.64,0.0,0.32,0.02,0.0,0.0,0.0,0.0,0.0,0.0,0.0,0.0,0.0,0.0,0.02
43,2,4,1,False,0.5200600489115598,0.05929873899652627,3,qEHVI,0.46,0.0,0.44,0.02,0.04,0.0,0.0,0.0,0.0,0.0,0.0,0.0,0.0,0.02,0.02
43,2,4,1,False,0.5200600489115598,0.05929873899652627,4,qUCB,0.42,0.14,0.34,0.0,0.0,0.0,0.0,0.0,0.04,0.0,0.0,0.02,0.0,0.04,0.0
43,3,3,2,True,0.42548453488377114,0.010830154285484284,0,qEHVI,0.36,0.14,0.4,0.04,0.0,0.0,0.0,0.0,0.0,0.0,0.0,0.04,0.0,0.0,0.02
43,3,3,2,True,0.42548453488377114,0.010830154285484284,1,qEHVI,0.0,0.42,0.54,0.04,0.0,0.0,0.0,0.0,0.0,0.0,0.0,0.0,0.0,0.0,0.0
43,3,3,2,True,0.42548453488377114,0.010830154285484284,2,qEHVI,0.64,0.0,0.32,0.02,0.0,0.0,0.0,0.0,0.0,0.0,0.0,0.0,0.0,0.0,0.02
43,3,3,2,True,0.42548453488377114,0.010830154285484284,3,qUCB,0.42,0.14,0.34,0.0,0.0,0.0,0.0,0.0,0.04,0.0,0.0,0.02,0.0,0.04,0.0
43,3,3,2,True,0.42548453488377114,0.010830154285484284,4,qUCB,0.74,0.0,0.16,0.0,0.04,0.0,0.0,0.0,0.02,0.0,0.0,0.04,0.0,0.0,0.0
43,4,2,3,False,0.34202049676833934,0.00897092720220094,0,qEHVI,0.36,0.14,0.4,0.04,0.0,0.0,0.0,0.0,0.0,0.0,0.0,0.04,0.0,0.0,0.02
43,4,2,3,False,0.34202049676833934,0.00897092720220094,1,qEHVI,0.0,0.42,0.54,0.04,0.0,0.0,0.0,0.0,0.0,0.0,0.0,0.0,0.0,0.0,0.0
43,4,2,3,False,0.34202049676833934,0.00897092720220094,2,qUCB,0.44,0.06,0.4,0.0,0.04,0.0,0.0,0.0,0.04,0.0,0.0,0.0,0.0,0.0,0.02
43,4,2,3,False,0.34202049676833934,0.00897092720220094,3,qUCB,0.74,0.04,0.12,0.0,0.04,0.0,0.0,0.0,0.02,0.0,0.0,0.0,0.0,0.04,0.0
43,4,2,3,False,0.34202049676833934,0.00897092720220094,4,qUCB,0.34,0.2,0.36,0.0,0.02,0.0,0.0,0.0,0.04,0.0,0.0,0.0,0.0,0.0,0.04
43,5,1,4,False,0.2605473601845202,0.038113179863657365,0,qEHVI,0.36,0.14,0.4,0.04,0.0,0.0,0.0,0.0,0.0,0.0,0.0,0.04,0.0,0.0,0.02
43,5,1,4,False,0.2605473601845202,0.038113179863657365,1,qUCB,0.5,0.0,0.42,0.0,0.0,0.0,0.0,0.0,0.04,0.0,0.0,0.0,0.0,0.04,0.0
43,5,1,4,False,0.2605473601845202,0.038113179863657365,2,qUCB,0.32,0.22,0.36,0.0,0.04,0.0,0.0,0.0,0.02,0.0,0.0,0.0,0.0,0.04,0.0
43,5,1,4,False,0.2605473601845202,0.038113179863657365,3,qUCB,0.34,0.32,0.24,0.0,0.04,0.0,0.0,0.0,0.04,0.0,0.0,0.0,0.0,0.02,0.0
43,5,1,4,False,0.2605473601845202,0.038113179863657365,4,qUCB,0.4,0.18,0.32,0.0,0.04,0.0,0.0,0.0,0.02,0.0,0.0,0.0,0.0,0.04,0.0
43,6,0,5,False,0.2287575826458437,0.02273159698498617,0,qUCB,0.62,0.26,0.08,0.0,0.0,0.0,0.0,0.0,0.0,0.0,0.0,0.04,0.0,0.0,0.0
43,6,0,5,False,0.2287575826458437,0.02273159698498617,1,qUCB,0.0,0.44,0.5,0.04,0.02,0.0,0.0,0.0,0.0,0.0,0.0,0.0,0.0,0.0,0.0
43,6,0,5,False,0.2287575826458437,0.02273159698498617,2,qUCB,0.28,0.54,0.08,0.04,0.02,0.0,0.0,0.0,0.0,0.0,0.0,0.04,0.0,0.0,0.0
43,6,0,5,False,0.2287575826458437,0.02273159698498617,3,qUCB,0.36,0.5,0.1,0.04,0.0,0.0,0.0,0.0,0.0,0.0,0.0,0.0,0.0,0.0,0.0
43,6,0,5,False,0.2287575826458437,0.02273159698498617,4,qUCB,0.16,0.0,0.8,0.0,0.02,0.0,0.0,0.0,0.0,0.0,0.0,0.02,0.0,0.0,0.0
44,1,5,0,False,0.5282463159574915,0.03445333707001019,0,qEHVI,0.42,0.18,0.3,0.02,0.0,0.0,0.0,0.0,0.02,0.0,0.0,0.04,0.0,0.02,0.0
44,1,5,0,False,0.5282463159574915,0.03445333707001019,1,qEHVI,0.34,0.5,0.06,0.04,0.0,0.0,0.0,0.0,0.0,0.0,0.0,0.04,0.0,0.0,0.02
44,1,5,0,False,0.5282463159574915,0.03445333707001019,2,qEHVI,0.38,0.2,0.32,0.04,0.0,0.0,0.0,0.0,0.04,0.0,0.0,0.02,0.0,0.0,0.0
44,1,5,0,False,0.5282463159574915,0.03445333707001019,3,qEHVI,0.62,0.0,0.34,0.0,0.0,0.0,0.0,0.0,0.0,0.0,0.0,0.02,0.0,0.02,0.0
44,1,5,0,False,0.5282463159574915,0.03445333707001019,4,qEHVI,0.44,0.02,0.44,0.02,0.0,0.0,0.0,0.0,0.04,0.0,0.0,0.0,0.0,0.0,0.04
44,2,4,1,True,0.5028441294171969,0.11745213054045323,0,qEHVI,0.42,0.18,0.3,0.02,0.0,0.0,0.0,0.0,0.02,0.0,0.0,0.04,0.0,0.02,0.0
44,2,4,1,True,0.5028441294171969,0.11745213054045323,1,qEHVI,0.34,0.5,0.06,0.04,0.0,0.0,0.0,0.0,0.0,0.0,0.0,0.04,0.0,0.0,0.02
44,2,4,1,True,0.5028441294171969,0.11745213054045323,2,qEHVI,0.38,0.2,0.32,0.04,0.0,0.0,0.0,0.0,0.04,0.0,0.0,0.02,0.0,0.0,0.0
44,2,4,1,True,0.5028441294171969,0.11745213054045323,3,qEHVI,0.62,0.0,0.34,0.0,0.0,0.0,0.0,0.0,0.0,0.0,0.0,0.02,0.0,0.02,0.0
44,2,4,1,True,0.5028441294171969,0.11745213054045323,4,qUCB,0.36,0.14,0.4,0.02,0.04,0.0,0.0,0.0,0.0,0.0,0.0,0.0,0.0,0.0,0.04
44,3,3,2,False,0.38396920565231024,0.16954171644156624,0,qEHVI,0.42,0.18,0.3,0.02,0.0,0.0,0.0,0.0,0.02,0.0,0.0,0.04,0.0,0.02,0.0
44,3,3,2,False,0.38396920565231024,0.16954171644156624,1,qEHVI,0.34,0.5,0.06,0.04,0.0,0.0,0.0,0.0,0.0,0.0,0.0,0.04,0.0,0.0,0.02
44,3,3,2,False,0.38396920565231024,0.16954171644156624,2,qEHVI,0.38,0.2,0.32,0.04,0.0,0.0,0.0,0.0,0.04,0.0,0.0,0.02,0.0,0.0,0.0
44,3,3,2,False,0.38396920565231024,0.16954171644156624,3,qUCB,0.54,0.02,0.36,0.0,0.04,0.0,0.0,0.0,0.0,0.0,0.0,0.0,0.0,0.0,0.04
44,3,3,2,False,0.38396920565231024,0.16954171644156624,4,qUCB,0.3,0.24,0.36,0.0,0.04,0.0,0.0,0.0,0.0,0.0,0.0,0.0,0.0,0.02,0.04
44,4,2,3,False,0.28530878884029137,0.11629305421542568,0,qEHVI,0.42,0.18,0.3,0.02,0.0,0.0,0.0,0.0,0.02,0.0,0.0,0.04,0.0,0.02,0.0
44,4,2,3,False,0.28530878884029137,0.11629305421542568,1,qEHVI,0.34,0.5,0.06,0.04,0.0,0.0,0.0,0.0,0.0,0.0,0.0,0.04,0.0,0.0,0.02
44,4,2,3,False,0.28530878884029137,0.11629305421542568,2,qUCB,0.54,0.02,0.36,0.0,0.04,0.0,0.0,0.0,0.0,0.0,0.0,0.0,0.0,0.0,0.04
44,4,2,3,False,0.28530878884029137,0.11629305421542568,3,qUCB,0.3,0.24,0.36,0.0,0.04,0.0,0.0,0.0,0.0,0.0,0.0,0.0,0.0,0.02,0.04
44,4,2,3,False,0.28530878884029137,0.11629305421542568,4,qUCB,0.12,0.14,0.66,0.0,0.04,0.0,0.0,0.0,0.0,0.0,0.0,0.0,0.0,0.0,0.04
44,5,1,4,False,0.2640135400994188,0.11764181344180269,0,qEHVI,0.42,0.18,0.3,0.02,0.0,0.0,0.0,0.0,0.02,0.0,0.0,0.04,0.0,0.02,0.0
44,5,1,4,False,0.2640135400994188,0.11764181344180269,1,qUCB,0.36,0.14,0.4,0.02,0.04,0.0,0.0,0.0,0.0,0.0,0.0,0.0,0.0,0.0,0.04
44,5,1,4,False,0.2640135400994188,0.11764181344180269,2,qUCB,0.0,0.44,0.48,0.04,0.0,0.0,0.0,0.0,0.0,0.0,0.0,0.0,0.0,0.0,0.04
44,5,1,4,False,0.2640135400994188,0.11764181344180269,3,qUCB,0.0,0.48,0.44,0.0,0.04,0.0,0.0,0.0,0.0,0.0,0.0,0.0,0.0,0.0,0.04
44,5,1,4,False,0.2640135400994188,0.11764181344180269,4,qUCB,0.3,0.24,0.36,0.0,0.04,0.0,0.0,0.0,0.0,0.0,0.0,0.0,0.0,0.02,0.04
44,6,0,5,False,0.24394862928637426,0.08575579654819121,0,qUCB,0.42,0.12,0.36,0.04,0.04,0.0,0.0,0.0,0.0,0.0,0.0,0.0,0.0,0.0,0.02
44,6,0,5,False,0.24394862928637426,0.08575579654819121,1,qUCB,0.0,0.48,0.46,0.04,0.0,0.0,0.0,0.0,0.0,0.0,0.0,0.0,0.0,0.02,0.0
44,6,0,5,False,0.24394862928637426,0.08575579654819121,2,qUCB,0.3,0.52,0.08,0.04,0.0,0.0,0.0,0.0,0.0,0.0,0.0,0.04,0.0,0.02,0.0
44,6,0,5,False,0.24394862928637426,0.08575579654819121,3,qUCB,0.96,0.0,0.0,0.04,0.0,0.0,0.0,0.0,0.0,0.0,0.0,0.0,0.0,0.0,0.0
44,6,0,5,False,0.24394862928637426,0.08575579654819121,4,qUCB,0.38,0.44,0.18,0.0,0.0,0.0,0.0,0.0,0.0,0.0,0.0,0.0,0.0,0.0,0.0
45,1,5,0,True,0.8028540257698685,0.05798495250833113,0,qEHVI,0.66,0.0,0.32,0.0,0.0,0.0,0.0,0.0,0.0,0.0,0.0,0.02,0.0,0.0,0.0
45,1,5,0,True,0.8028540257698685,0.05798495250833113,1,qEHVI,0.38,0.2,0.32,0.04,0.0,0.0,0.0,0.0,0.0,0.0,0.0,0.04,0.0,0.02,0.0
45,1,5,0,True,0.8028540257698685,0.05798495250833113,2,qEHVI,0.48,0.0,0.48,0.02,0.0,0.0,0.0,0.0,0.0,0.0,0.0,0.0,0.0,0.02,0.0
45,1,5,0,True,0.8028540257698685,0.05798495250833113,3,qEHVI,0.44,0.12,0.34,0.04,0.0,0.0,0.0,0.0,0.04,0.0,0.0,0.0,0.0,0.02,0.0
45,1,5,0,True,0.8028540257698685,0.05798495250833113,4,qEHVI,0.44,0.16,0.3,0.04,0.0,0.0,0.0,0.0,0.02,0.0,0.0,0.04,0.0,0.0,0.0
45,2,4,1,False,0.7275380743277168,0.02783499707599013,0,qEHVI,0.66,0.0,0.32,0.0,0.0,0.0,0.0,0.0,0.0,0.0,0.0,0.02,0.0,0.0,0.0
45,2,4,1,False,0.7275380743277168,0.02783499707599013,1,qEHVI,0.38,0.2,0.32,0.04,0.0,0.0,0.0,0.0,0.0,0.0,0.0,0.04,0.0,0.02,0.0
45,2,4,1,False,0.7275380743277168,0.02783499707599013,2,qEHVI,0.48,0.0,0.48,0.02,0.0,0.0,0.0,0.0,0.0,0.0,0.0,0.0,0.0,0.02,0.0
45,2,4,1,False,0.7275380743277168,0.02783499707599013,3,qEHVI,0.44,0.16,0.3,0.04,0.0,0.0,0.0,0.0,0.02,0.0,0.0,0.04,0.0,0.0,0.0
45,2,4,1,False,0.7275380743277168,0.02783499707599013,4,qUCB,0.44,0.12,0.34,0.0,0.02,0.0,0.0,0.0,0.04,0.0,0.0,0.0,0.0,0.0,0.04
45,3,3,2,False,0.6174393416666336,0.021193647123057602,0,qEHVI,0.66,0.0,0.32,0.0,0.0,0.0,0.0,0.0,0.0,0.0,0.0,0.02,0.0,0.0,0.0
45,3,3,2,False,0.6174393416666336,0.021193647123057602,1,qEHVI,0.38,0.2,0.32,0.04,0.0,0.0,0.0,0.0,0.0,0.0,0.0,0.04,0.0,0.02,0.0
45,3,3,2,False,0.6174393416666336,0.021193647123057602,2,qEHVI,0.48,0.0,0.48,0.02,0.0,0.0,0.0,0.0,0.0,0.0,0.0,0.0,0.0,0.02,0.0
45,3,3,2,False,0.6174393416666336,0.021193647123057602,3,qUCB,0.44,0.12,0.34,0.0,0.02,0.0,0.0,0.0,0.04,0.0,0.0,0.0,0.0,0.0,0.04
45,3,3,2,False,0.6174393416666336,0.021193647123057602,4,qUCB,0.34,0.34,0.22,0.0,0.02,0.0,0.0,0.0,0.04,0.0,0.0,0.0,0.0,0.0,0.04
45,4,2,3,False,0.5042048345397356,0.024149335949681827,0,qEHVI,0.66,0.0,0.32,0.0,0.0,0.0,0.0,0.0,0.0,0.0,0.0,0.02,0.0,0.0,0.0
45,4,2,3,False,0.5042048345397356,0.024149335949681827,1,qEHVI,0.38,0.2,0.32,0.04,0.0,0.0,0.0,0.0,0.0,0.0,0.0,0.04,0.0,0.02,0.0
45,4,2,3,False,0.5042048345397356,0.024149335949681827,2,qUCB,0.4,0.1,0.4,0.0,0.0,0.0,0.0,0.0,0.04,0.0,0.0,0.0,0.0,0.02,0.04
45,4,2,3,False,0.5042048345397356,0.024149335949681827,3,qUCB,0.34,0.34,0.22,0.0,0.02,0.0,0.0,0.0,0.04,0.0,0.0,0.0,0.0,0.0,0.04
45,4,2,3,False,0.5042048345397356,0.024149335949681827,4,qUCB,0.22,0.4,0.28,0.0,0.04,0.0,0.0,0.0,0.04,0.0,0.0,0.0,0.0,0.02,0.0
45,5,1,4,False,0.4577447873174917,0.053852262870332845,0,qEHVI,0.66,0.0,0.32,0.0,0.0,0.0,0.0,0.0,0.0,0.0,0.0,0.02,0.0,0.0,0.0
45,5,1,4,False,0.4577447873174917,0.053852262870332845,1,qUCB,0.44,0.12,0.34,0.04,0.0,0.0,0.0,0.0,0.04,0.0,0.0,0.0,0.0,0.02,0.0
45,5,1,4,False,0.4577447873174917,0.053852262870332845,2,qUCB,0.14,0.68,0.08,0.04,0.04,0.0,0.0,0.0,0.0,0.0,0.0,0.0,0.0,0.02,0.0
45,5,1,4,False,0.4577447873174917,0.053852262870332845,3,qUCB,0.0,0.92,0.02,0.04,0.0,0.0,0.0,0.0,0.0,0.0,0.0,0.0,0.0,0.0,0.02
45,5,1,4,False,0.4577447873174917,0.053852262870332845,4,qUCB,0.0,0.48,0.44,0.04,0.02,0.0,0.0,0.0,0.0,0.0,0.0,0.0,0.0,0.0,0.02
45,6,0,5,False,0.17877517793739373,0.1284614965426547,0,qUCB,0.4,0.14,0.36,0.04,0.0,0.0,0.0,0.0,0.04,0.0,0.0,0.02,0.0,0.0,0.0
45,6,0,5,False,0.17877517793739373,0.1284614965426547,1,qUCB,0.2,0.02,0.78,0.0,0.0,0.0,0.0,0.0,0.0,0.0,0.0,0.0,0.0,0.0,0.0
45,6,0,5,False,0.17877517793739373,0.1284614965426547,2,qUCB,0.38,0.56,0.06,0.0,0.0,0.0,0.0,0.0,0.0,0.0,0.0,0.0,0.0,0.0,0.0
45,6,0,5,False,0.17877517793739373,0.1284614965426547,3,qUCB,0.0,0.46,0.48,0.0,0.0,0.0,0.0,0.0,0.04,0.0,0.0,0.02,0.0,0.0,0.0
45,6,0,5,False,0.17877517793739373,0.1284614965426547,4,qUCB,0.44,0.38,0.18,0.0,0.0,0.0,0.0,0.0,0.0,0.0,0.0,0.0,0.0,0.0,0.0
46,1,5,0,True,0.5163392864083814,0.036667936851823235,0,qEHVI,0.36,0.24,0.3,0.02,0.0,0.0,0.0,0.0,0.02,0.0,0.0,0.04,0.0,0.02,0.0
46,1,5,0,True,0.5163392864083814,0.036667936851823235,1,qEHVI,0.64,0.04,0.3,0.0,0.02,0.0,0.0,0.0,0.0,0.0,0.0,0.0,0.0,0.0,0.0
46,1,5,0,True,0.5163392864083814,0.036667936851823235,2,qEHVI,0.0,0.42,0.56,0.0,0.0,0.0,0.0,0.0,0.0,0.0,0.0,0.0,0.0,0.0,0.02
46,1,5,0,True,0.5163392864083814,0.036667936851823235,3,qEHVI,0.24,0.0,0.74,0.0,0.0,0.0,0.0,0.0,0.0,0.0,0.0,0.0,0.0,0.0,0.02
46,1,5,0,True,0.5163392864083814,0.036667936851823235,4,qEHVI,0.44,0.04,0.46,0.02,0.0,0.0,0.0,0.0,0.0,0.0,0.0,0.04,0.0,0.0,0.0
46,2,4,1,False,0.45053522893664544,0.06017837954351002,0,qEHVI,0.36,0.24,0.3,0.02,0.0,0.0,0.0,0.0,0.02,0.0,0.0,0.04,0.0,0.02,0.0
46,2,4,1,False,0.45053522893664544,0.06017837954351002,1,qEHVI,0.64,0.04,0.3,0.0,0.02,0.0,0.0,0.0,0.0,0.0,0.0,0.0,0.0,0.0,0.0
46,2,4,1,False,0.45053522893664544,0.06017837954351002,2,qEHVI,0.8,0.14,0.06,0.0,0.0,0.0,0.0,0.0,0.0,0.0,0.0,0.0,0.0,0.0,0.0
46,2,4,1,False,0.45053522893664544,0.06017837954351002,3,qEHVI,0.44,0.04,0.46,0.02,0.0,0.0,0.0,0.0,0.0,0.0,0.0,0.04,0.0,0.0,0.0
46,2,4,1,False,0.45053522893664544,0.06017837954351002,4,qUCB,0.38,0.1,0.42,0.0,0.0,0.0,0.0,0.0,0.02,0.0,0.0,0.0,0.0,0.04,0.04
46,3,3,2,False,0.36064982016248026,0.03962732522155399,0,qEHVI,0.36,0.24,0.3,0.02,0.0,0.0,0.0,0.0,0.02,0.0,0.0,0.04,0.0,0.02,0.0
46,3,3,2,False,0.36064982016248026,0.03962732522155399,1,qEHVI,0.64,0.04,0.3,0.0,0.02,0.0,0.0,0.0,0.0,0.0,0.0,0.0,0.0,0.0,0.0
46,3,3,2,False,0.36064982016248026,0.03962732522155399,2,qEHVI,0.0,0.42,0.56,0.0,0.0,0.0,0.0,0.0,0.0,0.0,0.0,0.0,0.0,0.0,0.02
46,3,3,2,False,0.36064982016248026,0.03962732522155399,3,qUCB,0.44,0.06,0.4,0.0,0.02,0.0,0.0,0.0,0.0,0.0,0.0,0.0,0.0,0.04,0.04
46,3,3,2,False,0.36064982016248026,0.03962732522155399,4,qUCB,0.16,0.66,0.08,0.04,0.04,0.0,0.0,0.0,0.0,0.0,0.0,0.0,0.0,0.0,0.02
46,4,2,3,False,0.2886604664596078,0.06620756378873693,0,qEHVI,0.36,0.24,0.3,0.02,0.0,0.0,0.0,0.0,0.02,0.0,0.0,0.04,0.0,0.02,0.0
46,4,2,3,False,0.2886604664596078,0.06620756378873693,1,qEHVI,0.64,0.04,0.3,0.0,0.02,0.0,0.0,0.0,0.0,0.0,0.0,0.0,0.0,0.0,0.0
46,4,2,3,False,0.2886604664596078,0.06620756378873693,2,qUCB,0.38,0.1,0.42,0.0,0.0,0.0,0.0,0.0,0.02,0.0,0.0,0.0,0.0,0.04,0.04
46,4,2,3,False,0.2886604664596078,0.06620756378873693,3,qUCB,0.0,0.8,0.1,0.04,0.02,0.0,0.0,0.0,0.0,0.0,0.0,0.0,0.0,0.0,0.04
46,4,2,3,False,0.2886604664596078,0.06620756378873693,4,qUCB,0.34,0.2,0.36,0.0,0.0,0.0,0.0,0.0,0.02,0.0,0.0,0.0,0.0,0.04,0.04
46,5,1,4,False,0.2019032236944914,0.07599270216454546,0,qEHVI,0.36,0.24,0.3,0.02,0.0,0.0,0.0,0.0,0.02,0.0,0.0,0.04,0.0,0.02,0.0
46,5,1,4,False,0.2019032236944914,0.07599270216454546,1,qUCB,0.42,0.1,0.4,0.0,0.04,0.0,0.0,0.0,0.0,0.0,0.0,0.0,0.0,0.0,0.04
46,5,1,4,False,0.2019032236944914,0.07599270216454546,2,qUCB,0.44,0.14,0.34,0.0,0.04,0.0,0.0,0.0,0.0,0.0,0.0,0.0,0.0,0.0,0.04
46,5,1,4,False,0.2019032236944914,0.07599270216454546,3,qUCB,0.0,0.46,0.48,0.0,0.04,0.0,0.0,0.0,0.02,0.0,0.0,0.0,0.0,0.0,0.0
46,5,1,4,False,0.2019032236944914,0.07599270216454546,4,qUCB,0.36,0.32,0.22,0.0,0.04,0.0,0.0,0.0,0.0,0.0,0.0,0.0,0.0,0.02,0.04
46,6,0,5,False,0.26892263427152785,0.1497946131641088,0,qUCB,0.64,0.24,0.06,0.0,0.02,0.0,0.0,0.0,0.0,0.0,0.0,0.04,0.0,0.0,0.0
46,6,0,5,False,0.26892263427152785,0.1497946131641088,1,qUCB,0.8,0.14,0.06,0.0,0.0,0.0,0.0,0.0,0.0,0.0,0.0,0.0,0.0,0.0,0.0
46,6,0,5,False,0.26892263427152785,0.1497946131641088,2,qUCB,0.4,0.36,0.24,0.0,0.0,0.0,0.0,0.0,0.0,0.0,0.0,0.0,0.0,0.0,0.0
46,6,0,5,False,0.26892263427152785,0.1497946131641088,3,qUCB,0.0,0.46,0.48,0.04,0.0,0.0,0.0,0.0,0.02,0.0,0.0,0.0,0.0,0.0,0.0
46,6,0,5,False,0.26892263427152785,0.1497946131641088,4,qUCB,0.16,0.0,0.8,0.0,0.0,0.0,0.0,0.0,0.02,0.0,0.0,0.0,0.0,0.02,0.0
47,1,5,0,True,0.548008289882081,0.01787899556827277,0,qEHVI,0.36,0.24,0.3,0.04,0.0,0.0,0.0,0.0,0.0,0.0,0.0,0.04,0.0,0.02,0.0
47,1,5,0,True,0.548008289882081,0.01787899556827277,1,qEHVI,0.66,0.2,0.04,0.0,0.02,0.0,0.0,0.0,0.02,0.0,0.0,0.0,0.0,0.04,0.02
47,1,5,0,True,0.548008289882081,0.01787899556827277,2,qEHVI,0.62,0.3,0.04,0.0,0.0,0.0,0.0,0.0,0.0,0.0,0.0,0.04,0.0,0.0,0.0
47,1,5,0,True,0.548008289882081,0.01787899556827277,3,qEHVI,0.38,0.18,0.4,0.0,0.0,0.0,0.0,0.0,0.0,0.0,0.0,0.0,0.0,0.0,0.04
47,1,5,0,True,0.548008289882081,0.01787899556827277,4,qEHVI,0.48,0.02,0.44,0.0,0.04,0.0,0.0,0.0,0.0,0.0,0.0,0.02,0.0,0.0,0.0
47,2,4,1,False,0.4814865038668897,0.10004808634197992,0,qEHVI,0.36,0.24,0.3,0.04,0.0,0.0,0.0,0.0,0.0,0.0,0.0,0.04,0.0,0.02,0.0
47,2,4,1,False,0.4814865038668897,0.10004808634197992,1,qEHVI,0.66,0.2,0.04,0.0,0.02,0.0,0.0,0.0,0.02,0.0,0.0,0.0,0.0,0.04,0.02
47,2,4,1,False,0.4814865038668897,0.10004808634197992,2,qEHVI,0.62,0.3,0.04,0.0,0.0,0.0,0.0,0.0,0.0,0.0,0.0,0.04,0.0,0.0,0.0
47,2,4,1,False,0.4814865038668897,0.10004808634197992,3,qEHVI,0.38,0.18,0.4,0.0,0.0,0.0,0.0,0.0,0.0,0.0,0.0,0.0,0.0,0.0,0.04
47,2,4,1,False,0.4814865038668897,0.10004808634197992,4,qUCB,0.4,0.08,0.42,0.04,0.02,0.0,0.0,0.0,0.04,0.0,0.0,0.0,0.0,0.0,0.0
47,3,3,2,False,0.4681614789198677,0.12114015476196549,0,qEHVI,0.36,0.24,0.3,0.04,0.0,0.0,0.0,0.0,0.0,0.0,0.0,0.04,0.0,0.02,0.0
47,3,3,2,False,0.4681614789198677,0.12114015476196549,1,qEHVI,0.66,0.2,0.04,0.0,0.02,0.0,0.0,0.0,0.02,0.0,0.0,0.0,0.0,0.04,0.02
47,3,3,2,False,0.4681614789198677,0.12114015476196549,2,qEHVI,0.62,0.3,0.04,0.0,0.0,0.0,0.0,0.0,0.0,0.0,0.0,0.04,0.0,0.0,0.0
47,3,3,2,False,0.4681614789198677,0.12114015476196549,3,qUCB,0.4,0.14,0.36,0.04,0.0,0.0,0.0,0.0,0.04,0.0,0.0,0.0,0.0,0.0,0.02
47,3,3,2,False,0.4681614789198677,0.12114015476196549,4,qUCB,0.0,0.44,0.48,0.02,0.04,0.0,0.0,0.0,0.02,0.0,0.0,0.0,0.0,0.0,0.0
47,4,2,3,False,0.3895282153796865,0.04177518345777376,0,qEHVI,0.36,0.24,0.3,0.04,0.0,0.0,0.0,0.0,0.0,0.0,0.0,0.04,0.0,0.02,0.0
47,4,2,3,False,0.3895282153796865,0.04177518345777376,1,qEHVI,0.66,0.2,0.04,0.0,0.02,0.0,0.0,0.0,0.02,0.0,0.0,0.0,0.0,0.04,0.02
47,4,2,3,False,0.3895282153796865,0.04177518345777376,2,qUCB,0.4,0.14,0.36,0.04,0.0,0.0,0.0,0.0,0.04,0.0,0.0,0.0,0.0,0.0,0.02
47,4,2,3,False,0.3895282153796865,0.04177518345777376,3,qUCB,0.0,0.48,0.5,0.0,0.0,0.0,0.0,0.0,0.0,0.0,0.0,0.0,0.0,0.0,0.02
47,4,2,3,False,0.3895282153796865,0.04177518345777376,4,qUCB,0.0,0.8,0.1,0.04,0.02,0.0,0.0,0.0,0.04,0.0,0.0,0.0,0.0,0.0,0.0
47,5,1,4,False,0.281635258992691,0.06857275539381469,0,qEHVI,0.36,0.24,0.3,0.04,0.0,0.0,0.0,0.0,0.0,0.0,0.0,0.04,0.0,0.02,0.0
47,5,1,4,False,0.281635258992691,0.06857275539381469,1,qUCB,0.44,0.06,0.4,0.0,0.04,0.0,0.0,0.0,0.02,0.0,0.0,0.0,0.0,0.0,0.04
47,5,1,4,False,0.281635258992691,0.06857275539381469,2,qUCB,0.36,0.12,0.42,0.0,0.04,0.0,0.0,0.0,0.02,0.0,0.0,0.0,0.0,0.0,0.04
47,5,1,4,False,0.281635258992691,0.06857275539381469,3,qUCB,0.0,0.48,0.46,0.0,0.02,0.0,0.0,0.0,0.0,0.0,0.0,0.0,0.0,0.0,0.04
47,5,1,4,False,0.281635258992691,0.06857275539381469,4,qUCB,0.0,0.42,0.5,0.0,0.0,0.0,0.0,0.0,0.04,0.0,0.0,0.0,0.0,0.0,0.04
47,6,0,5,False,0.2447824659241246,0.3197456173621006,0,qUCB,0.62,0.3,0.04,0.0,0.0,0.0,0.0,0.0,0.0,0.0,0.0,0.04,0.0,0.0,0.0
47,6,0,5,False,0.2447824659241246,0.3197456173621006,1,qUCB,0.4,0.14,0.42,0.0,0.0,0.0,0.0,0.0,0.02,0.0,0.0,0.02,0.0,0.0,0.0
47,6,0,5,False,0.2447824659241246,0.3197456173621006,2,qUCB,0.42,0.4,0.18,0.0,0.0,0.0,0.0,0.0,0.0,0.0,0.0,0.0,0.0,0.0,0.0
47,6,0,5,False,0.2447824659241246,0.3197456173621006,3,qUCB,0.0,0.48,0.5,0.0,0.0,0.0,0.0,0.0,0.0,0.0,0.0,0.0,0.0,0.0,0.02
47,6,0,5,False,0.2447824659241246,0.3197456173621006,4,qUCB,0.84,0.0,0.08,0.04,0.0,0.0,0.0,0.0,0.0,0.0,0.0,0.04,0.0,0.0,0.0
48,1,5,0,True,0.502674766572716,0.09472788266036503,0,qEHVI,0.42,0.18,0.3,0.02,0.02,0.0,0.0,0.0,0.0,0.0,0.0,0.04,0.0,0.02,0.0
48,1,5,0,True,0.502674766572716,0.09472788266036503,1,qEHVI,0.68,0.2,0.02,0.0,0.02,0.0,0.0,0.0,0.04,0.0,0.0,0.0,0.0,0.0,0.04
48,1,5,0,True,0.502674766572716,0.09472788266036503,2,qEHVI,0.4,0.14,0.4,0.04,0.0,0.0,0.0,0.0,0.0,0.0,0.0,0.02,0.0,0.0,0.0
48,1,5,0,True,0.502674766572716,0.09472788266036503,3,qEHVI,0.0,0.6,0.4,0.0,0.0,0.0,0.0,0.0,0.0,0.0,0.0,0.0,0.0,0.0,0.0
48,1,5,0,True,0.502674766572716,0.09472788266036503,4,qEHVI,0.42,0.5,0.0,0.04,0.0,0.0,0.0,0.0,0.0,0.0,0.0,0.04,0.0,0.0,0.0
48,2,4,1,False,0.43942233037447065,0.03286622195357225,0,qEHVI,0.42,0.18,0.3,0.02,0.02,0.0,0.0,0.0,0.0,0.0,0.0,0.04,0.0,0.02,0.0
48,2,4,1,False,0.43942233037447065,0.03286622195357225,1,qEHVI,0.68,0.2,0.02,0.0,0.02,0.0,0.0,0.0,0.04,0.0,0.0,0.0,0.0,0.0,0.04
48,2,4,1,False,0.43942233037447065,0.03286622195357225,2,qEHVI,0.0,0.6,0.4,0.0,0.0,0.0,0.0,0.0,0.0,0.0,0.0,0.0,0.0,0.0,0.0
48,2,4,1,False,0.43942233037447065,0.03286622195357225,3,qEHVI,0.4,0.14,0.4,0.04,0.0,0.0,0.0,0.0,0.0,0.0,0.0,0.02,0.0,0.0,0.0
48,2,4,1,False,0.43942233037447065,0.03286622195357225,4,qUCB,0.38,0.12,0.4,0.02,0.0,0.0,0.0,0.0,0.0,0.0,0.0,0.0,0.0,0.04,0.04
48,3,3,2,False,0.3899672840128513,0.18585551249829635,0,qEHVI,0.42,0.18,0.3,0.02,0.02,0.0,0.0,0.0,0.0,0.0,0.0,0.04,0.0,0.02,0.0
48,3,3,2,False,0.3899672840128513,0.18585551249829635,1,qEHVI,0.68,0.2,0.02,0.0,0.02,0.0,0.0,0.0,0.04,0.0,0.0,0.0,0.0,0.0,0.04
48,3,3,2,False,0.3899672840128513,0.18585551249829635,2,qEHVI,0.4,0.14,0.4,0.04,0.0,0.0,0.0,0.0,0.0,0.0,0.0,0.02,0.0,0.0,0.0
48,3,3,2,False,0.3899672840128513,0.18585551249829635,3,qUCB,0.38,0.12,0.4,0.02,0.0,0.0,0.0,0.0,0.0,0.0,0.0,0.0,0.0,0.04,0.04
48,3,3,2,False,0.3899672840128513,0.18585551249829635,4,qUCB,0.0,0.5,0.46,0.0,0.0,0.0,0.0,0.0,0.02,0.0,0.0,0.0,0.0,0.02,0.0
48,4,2,3,False,0.2724050722105434,0.03727693758844186,0,qEHVI,0.42,0.18,0.3,0.02,0.02,0.0,0.0,0.0,0.0,0.0,0.0,0.04,0.0,0.02,0.0
48,4,2,3,False,0.2724050722105434,0.03727693758844186,1,qEHVI,0.68,0.2,0.02,0.0,0.02,0.0,0.0,0.0,0.04,0.0,0.0,0.0,0.0,0.0,0.04
48,4,2,3,False,0.2724050722105434,0.03727693758844186,2,qUCB,0.38,0.12,0.4,0.02,0.0,0.0,0.0,0.0,0.0,0.0,0.0,0.0,0.0,0.04,0.04
48,4,2,3,False,0.2724050722105434,0.03727693758844186,3,qUCB,0.16,0.66,0.08,0.04,0.0,0.0,0.0,0.0,0.04,0.0,0.0,0.0,0.0,0.02,0.0
48,4,2,3,False,0.2724050722105434,0.03727693758844186,4,qUCB,0.02,0.8,0.1,0.04,0.0,0.0,0.0,0.0,0.0,0.0,0.0,0.0,0.0,0.0,0.04
48,5,1,4,False,0.19855596406029202,0.008752461131713574,0,qEHVI,0.42,0.18,0.3,0.02,0.02,0.0,0.0,0.0,0.0,0.0,0.0,0.04,0.0,0.02,0.0
48,5,1,4,False,0.19855596406029202,0.008752461131713574,1,qUCB,0.38,0.12,0.42,0.0,0.0,0.0,0.0,0.0,0.04,0.0,0.0,0.0,0.0,0.0,0.04
48,5,1,4,False,0.19855596406029202,0.008752461131713574,2,qUCB,0.0,0.42,0.48,0.02,0.0,0.0,0.0,0.0,0.04,0.0,0.0,0.0,0.0,0.0,0.04
48,5,1,4,False,0.19855596406029202,0.008752461131713574,3,qUCB,0.4,0.3,0.22,0.0,0.0,0.0,0.0,0.0,0.04,0.0,0.0,0.0,0.0,0.0,0.04
48,5,1,4,False,0.19855596406029202,0.008752461131713574,4,qUCB,0.44,0.06,0.42,0.0,0.0,0.0,0.0,0.0,0.04,0.0,0.0,0.0,0.0,0.0,0.04
48,6,0,5,False,0.21558171021950506,0.014713813662140751,0,qUCB,0.4,0.14,0.42,0.0,0.0,0.0,0.0,0.0,0.0,0.0,0.0,0.0,0.0,0.0,0.04
48,6,0,5,False,0.21558171021950506,0.014713813662140751,1,qUCB,0.42,0.5,0.0,0.04,0.0,0.0,0.0,0.0,0.0,0.0,0.0,0.04,0.0,0.0,0.0
48,6,0,5,False,0.21558171021950506,0.014713813662140751,2,qUCB,0.0,0.5,0.46,0.0,0.0,0.0,0.0,0.0,0.02,0.0,0.0,0.0,0.0,0.02,0.0
48,6,0,5,False,0.21558171021950506,0.014713813662140751,3,qUCB,0.0,0.42,0.48,0.04,0.0,0.0,0.0,0.0,0.02,0.0,0.0,0.04,0.0,0.0,0.0
48,6,0,5,False,0.21558171021950506,0.014713813662140751,4,qUCB,0.36,0.52,0.12,0.0,0.0,0.0,0.0,0.0,0.0,0.0,0.0,0.0,0.0,0.0,0.0
49,1,5,0,True,0.5560062712963139,0.020322405205797978,0,qEHVI,0.66,0.2,0.04,0.0,0.04,0.0,0.0,0.0,0.02,0.0,0.0,0.0,0.0,0.0,0.04
49,1,5,0,True,0.5560062712963139,0.020322405205797978,1,qEHVI,0.44,0.16,0.3,0.02,0.0,0.0,0.0,0.0,0.02,0.0,0.0,0.04,0.0,0.0,0.02
49,1,5,0,True,0.5560062712963139,0.020322405205797978,2,qEHVI,0.48,0.3,0.12,0.02,0.0,0.0,0.0,0.0,0.02,0.0,0.0,0.04,0.0,0.02,0.0
49,1,5,0,True,0.5560062712963139,0.020322405205797978,3,qEHVI,0.6,0.28,0.06,0.0,0.0,0.0,0.0,0.0,0.0,0.0,0.0,0.04,0.0,0.0,0.02
49,1,5,0,True,0.5560062712963139,0.020322405205797978,4,qEHVI,0.38,0.22,0.4,0.0,0.0,0.0,0.0,0.0,0.0,0.0,0.0,0.0,0.0,0.0,0.0
49,2,4,1,False,0.49003947503877315,0.12179643031880616,0,qEHVI,0.66,0.2,0.04,0.0,0.04,0.0,0.0,0.0,0.02,0.0,0.0,0.0,0.0,0.0,0.04
49,2,4,1,False,0.49003947503877315,0.12179643031880616,1,qEHVI,0.44,0.16,0.3,0.02,0.0,0.0,0.0,0.0,0.02,0.0,0.0,0.04,0.0,0.0,0.02
49,2,4,1,False,0.49003947503877315,0.12179643031880616,2,qEHVI,0.48,0.3,0.12,0.02,0.0,0.0,0.0,0.0,0.02,0.0,0.0,0.04,0.0,0.02,0.0
49,2,4,1,False,0.49003947503877315,0.12179643031880616,3,qEHVI,0.6,0.28,0.06,0.0,0.0,0.0,0.0,0.0,0.0,0.0,0.0,0.04,0.0,0.0,0.02
49,2,4,1,False,0.49003947503877315,0.12179643031880616,4,qUCB,0.44,0.08,0.38,0.02,0.04,0.0,0.0,0.0,0.0,0.0,0.0,0.0,0.0,0.04,0.0
49,3,3,2,False,0.43317307707484165,0.02171304065575086,0,qEHVI,0.66,0.2,0.04,0.0,0.04,0.0,0.0,0.0,0.02,0.0,0.0,0.0,0.0,0.0,0.04
49,3,3,2,False,0.43317307707484165,0.02171304065575086,1,qEHVI,0.44,0.16,0.3,0.02,0.0,0.0,0.0,0.0,0.02,0.0,0.0,0.04,0.0,0.0,0.02
49,3,3,2,False,0.43317307707484165,0.02171304065575086,2,qEHVI,0.48,0.3,0.12,0.02,0.0,0.0,0.0,0.0,0.02,0.0,0.0,0.04,0.0,0.02,0.0
49,3,3,2,False,0.43317307707484165,0.02171304065575086,3,qUCB,0.44,0.08,0.38,0.02,0.04,0.0,0.0,0.0,0.0,0.0,0.0,0.0,0.0,0.04,0.0
49,3,3,2,False,0.43317307707484165,0.02171304065575086,4,qUCB,0.4,0.1,0.42,0.04,0.04,0.0,0.0,0.0,0.0,0.0,0.0,0.0,0.0,0.0,0.0
49,4,2,3,False,0.3541847753159708,0.030602498745595952,0,qEHVI,0.66,0.2,0.04,0.0,0.04,0.0,0.0,0.0,0.02,0.0,0.0,0.0,0.0,0.0,0.04
49,4,2,3,False,0.3541847753159708,0.030602498745595952,1,qEHVI,0.44,0.16,0.3,0.02,0.0,0.0,0.0,0.0,0.02,0.0,0.0,0.04,0.0,0.0,0.02
49,4,2,3,False,0.3541847753159708,0.030602498745595952,2,qUCB,0.42,0.14,0.36,0.04,0.0,0.0,0.0,0.0,0.0,0.0,0.0,0.0,0.0,0.04,0.0
49,4,2,3,False,0.3541847753159708,0.030602498745595952,3,qUCB,0.18,0.66,0.08,0.04,0.02,0.0,0.0,0.0,0.0,0.0,0.0,0.0,0.0,0.02,0.0
49,4,2,3,False,0.3541847753159708,0.030602498745595952,4,qUCB,0.12,0.02,0.78,0.04,0.04,0.0,0.0,0.0,0.0,0.0,0.0,0.0,0.0,0.0,0.0
49,5,1,4,False,0.23403500927600365,0.007842412290286482,0,qEHVI,0.66,0.2,0.04,0.0,0.04,0.0,0.0,0.0,0.02,0.0,0.0,0.0,0.0,0.0,0.04
49,5,1,4,False,0.23403500927600365,0.007842412290286482,1,qUCB,0.38,0.12,0.4,0.02,0.0,0.0,0.0,0.0,0.0,0.0,0.0,0.04,0.0,0.04,0.0
49,5,1,4,False,0.23403500927600365,0.007842412290286482,2,qUCB,0.12,0.0,0.78,0.04,0.0,0.0,0.0,0.0,0.0,0.0,0.0,0.02,0.0,0.04,0.0
49,5,1,4,False,0.23403500927600365,0.007842412290286482,3,qUCB,0.24,0.58,0.1,0.04,0.0,0.0,0.0,0.0,0.0,0.0,0.0,0.04,0.0,0.0,0.0
49,5,1,4,False,0.23403500927600365,0.007842412290286482,4,qUCB,0.28,0.54,0.08,0.04,0.0,0.0,0.0,0.0,0.0,0.0,0.0,0.04,0.0,0.02,0.0
49,6,0,5,False,0.14718081442551148,0.3414768350890194,0,qUCB,0.4,0.14,0.42,0.0,0.0,0.0,0.0,0.0,0.0,0.0,0.0,0.02,0.0,0.02,0.0
49,6,0,5,False,0.14718081442551148,0.3414768350890194,1,qUCB,0.42,0.52,0.04,0.0,0.0,0.0,0.0,0.0,0.0,0.0,0.0,0.0,0.0,0.0,0.02
49,6,0,5,False,0.14718081442551148,0.3414768350890194,2,qUCB,0.0,0.46,0.48,0.02,0.02,0.0,0.0,0.0,0.0,0.0,0.0,0.02,0.0,0.0,0.0
49,6,0,5,False,0.14718081442551148,0.3414768350890194,3,qUCB,0.28,0.6,0.12,0.0,0.0,0.0,0.0,0.0,0.0,0.0,0.0,0.0,0.0,0.0,0.0
49,6,0,5,False,0.14718081442551148,0.3414768350890194,4,qUCB,0.42,0.34,0.22,0.0,0.0,0.0,0.0,0.0,0.0,0.0,0.0,0.02,0.0,0.0,0.0
50,1,5,0,True,1.4541377726003184,0.1322338821177702,0,qEHVI,0.42,0.48,0.02,0.0,0.0,0.0,0.0,0.0,0.0,0.0,0.0,0.04,0.0,0.0,0.04
50,1,5,0,True,1.4541377726003184,0.1322338821177702,1,qEHVI,0.72,0.14,0.04,0.04,0.0,0.0,0.0,0.0,0.0,0.0,0.0,0.0,0.0,0.02,0.04
50,1,5,0,True,1.4541377726003184,0.1322338821177702,2,qEHVI,0.38,0.02,0.58,0.0,0.0,0.0,0.0,0.0,0.02,0.0,0.0,0.0,0.0,0.0,0.0
50,1,5,0,True,1.4541377726003184,0.1322338821177702,3,qEHVI,0.0,0.44,0.5,0.0,0.04,0.0,0.0,0.0,0.0,0.0,0.0,0.0,0.0,0.02,0.0
50,1,5,0,True,1.4541377726003184,0.1322338821177702,4,qEHVI,0.54,0.0,0.38,0.04,0.0,0.0,0.0,0.0,0.0,0.0,0.0,0.0,0.0,0.04,0.0
50,2,4,1,False,1.283446806425598,0.08573147812117865,0,qEHVI,0.42,0.48,0.02,0.0,0.0,0.0,0.0,0.0,0.0,0.0,0.0,0.04,0.0,0.0,0.04
50,2,4,1,False,1.283446806425598,0.08573147812117865,1,qEHVI,0.38,0.02,0.58,0.0,0.0,0.0,0.0,0.0,0.02,0.0,0.0,0.0,0.0,0.0,0.0
50,2,4,1,False,1.283446806425598,0.08573147812117865,2,qEHVI,0.72,0.14,0.04,0.04,0.0,0.0,0.0,0.0,0.0,0.0,0.0,0.0,0.0,0.02,0.04
50,2,4,1,False,1.283446806425598,0.08573147812117865,3,qEHVI,0.0,0.44,0.5,0.0,0.04,0.0,0.0,0.0,0.0,0.0,0.0,0.0,0.0,0.02,0.0
50,2,4,1,False,1.283446806425598,0.08573147812117865,4,qUCB,0.44,0.08,0.38,0.04,0.02,0.0,0.0,0.0,0.0,0.0,0.0,0.04,0.0,0.0,0.0
50,3,3,2,False,1.2212299265809772,0.0034367526065715026,0,qEHVI,0.42,0.48,0.02,0.0,0.0,0.0,0.0,0.0,0.0,0.0,0.0,0.04,0.0,0.0,0.04
50,3,3,2,False,1.2212299265809772,0.0034367526065715026,1,qEHVI,0.72,0.14,0.04,0.04,0.0,0.0,0.0,0.0,0.0,0.0,0.0,0.0,0.0,0.02,0.04
50,3,3,2,False,1.2212299265809772,0.0034367526065715026,2,qEHVI,0.38,0.02,0.58,0.0,0.0,0.0,0.0,0.0,0.02,0.0,0.0,0.0,0.0,0.0,0.0
50,3,3,2,False,1.2212299265809772,0.0034367526065715026,3,qUCB,0.42,0.44,0.04,0.0,0.04,0.0,0.0,0.0,0.0,0.0,0.0,0.02,0.0,0.04,0.0
50,3,3,2,False,1.2212299265809772,0.0034367526065715026,4,qUCB,0.0,0.4,0.5,0.02,0.04,0.0,0.0,0.0,0.0,0.0,0.0,0.0,0.0,0.02,0.02
50,4,2,3,False,0.8495555792926633,0.3187940764992767,0,qEHVI,0.42,0.48,0.02,0.0,0.0,0.0,0.0,0.0,0.0,0.0,0.0,0.04,0.0,0.0,0.04
50,4,2,3,False,0.8495555792926633,0.3187940764992767,1,qEHVI,0.0,0.44,0.5,0.0,0.04,0.0,0.0,0.0,0.0,0.0,0.0,0.0,0.0,0.02,0.0
50,4,2,3,False,0.8495555792926633,0.3187940764992767,2,qUCB,0.72,0.16,0.04,0.04,0.0,0.0,0.0,0.0,0.0,0.0,0.0,0.0,0.0,0.04,0.0
50,4,2,3,False,0.8495555792926633,0.3187940764992767,3,qUCB,0.0,0.42,0.48,0.02,0.0,0.0,0.0,0.0,0.04,0.0,0.0,0.04,0.0,0.0,0.0
50,4,2,3,False,0.8495555792926633,0.3187940764992767,4,qUCB,0.86,0.02,0.02,0.04,0.0,0.0,0.0,0.0,0.02,0.0,0.0,0.0,0.0,0.04,0.0
50,5,1,4,False,0.9841747860211895,0.07357759132124109,0,qEHVI,0.42,0.48,0.02,0.0,0.0,0.0,0.0,0.0,0.0,0.0,0.0,0.04,0.0,0.0,0.04
50,5,1,4,False,0.9841747860211895,0.07357759132124109,1,qUCB,0.76,0.1,0.04,0.04,0.02,0.0,0.0,0.0,0.0,0.0,0.0,0.0,0.0,0.04,0.0
50,5,1,4,False,0.9841747860211895,0.07357759132124109,2,qUCB,0.0,0.14,0.76,0.04,0.02,0.0,0.0,0.0,0.04,0.0,0.0,0.0,0.0,0.0,0.0
50,5,1,4,False,0.9841747860211895,0.07357759132124109,3,qUCB,0.0,0.42,0.5,0.04,0.0,0.0,0.0,0.0,0.02,0.0,0.0,0.0,0.0,0.02,0.0
50,5,1,4,False,0.9841747860211895,0.07357759132124109,4,qUCB,0.14,0.0,0.8,0.04,0.0,0.0,0.0,0.0,0.0,0.0,0.0,0.0,0.0,0.02,0.0
50,6,0,5,False,1.117884047161061,0.42474179049560234,0,qUCB,0.42,0.48,0.02,0.0,0.0,0.0,0.0,0.0,0.0,0.0,0.0,0.04,0.0,0.0,0.04
50,6,0,5,False,1.117884047161061,0.42474179049560234,1,qUCB,0.0,0.42,0.48,0.04,0.0,0.0,0.0,0.0,0.02,0.0,0.0,0.02,0.0,0.02,0.0
50,6,0,5,False,1.117884047161061,0.42474179049560234,2,qUCB,0.16,0.0,0.8,0.0,0.0,0.0,0.0,0.0,0.02,0.0,0.0,0.0,0.0,0.0,0.02
50,6,0,5,False,1.117884047161061,0.42474179049560234,3,qUCB,0.0,0.14,0.76,0.04,0.02,0.0,0.0,0.0,0.04,0.0,0.0,0.0,0.0,0.0,0.0
50,6,0,5,False,1.117884047161061,0.42474179049560234,4,qUCB,0.18,0.62,0.1,0.04,0.0,0.0,0.0,0.0,0.02,0.0,0.0,0.0,0.0,0.0,0.04
